timestamp,asset,instrument_type,strike,trading_symbol,traded_price,traded_qty,aggressor_side,cumulative_vol,open_interest
2026-09-30 15:29:09.693,SENSEX,CE,71900.0,SENSEX26O0171900CE,625.35,80,SELL,405360,47660
2026-09-30 15:29:09.693,SENSEX,PE,71900.0,SENSEX26O0171900PE,76.45,6660,BUY_AGGRESSOR,49786960,774740
2026-09-30 15:29:09.693,SENSEX,CE,72000.0,SENSEX26O0172000CE,545.95,2340,BUY_AGGRESSOR,4256500,215060
2026-09-30 15:29:09.693,SENSEX,PE,72000.0,SENSEX26O0172000PE,97.85,17460,BUY_AGGRESSOR,159206100,2543540
2026-09-30 15:29:09.693,SENSEX,CE,72100.0,SENSEX26O0172100CE,472.25,420,BUY,1499900,63880
2026-09-30 15:29:09.693,SENSEX,PE,72100.0,SENSEX26O0172100PE,123.6,11440,BUY_AGGRESSOR,59905340,782460
2026-09-30 15:29:09.693,SENSEX,CE,72200.0,SENSEX26O0172200CE,401.2,3880,SELL_AGGRESSOR,3958060,162640
2026-09-30 15:29:09.693,SENSEX,PE,72200.0,SENSEX26O0172200PE,155.15,45200,BUY_AGGRESSOR,70147740,960620
2026-09-30 15:29:09.693,SENSEX,CE,72300.0,SENSEX26O0172300CE,338.0,840,SELL_AGGRESSOR,8481820,304480
2026-09-30 15:29:09.693,SENSEX,PE,72300.0,SENSEX26O0172300PE,191.05,11760,BUY_AGGRESSOR,79844240,1142420
2026-09-30 15:29:09.693,SENSEX,CE,72400.0,SENSEX26O0172400CE,279.9,6200,SELL_AGGRESSOR,20751740,710100
2026-09-30 15:29:09.693,SENSEX,PE,72400.0,SENSEX26O0172400PE,233.05,26320,BUY_AGGRESSOR,87800360,1177500
2026-09-30 15:29:09.693,SENSEX,CE,72500.0,SENSEX26O0172500CE,229.55,19840,SELL_AGGRESSOR,59646360,2150860
2026-09-30 15:29:09.693,SENSEX,PE,72500.0,SENSEX26O0172500PE,281.25,12760,BUY_AGGRESSOR,150211540,2027500
2026-09-30 15:29:09.693,SENSEX,CE,72600.0,SENSEX26O0172600CE,184.6,28780,SELL_AGGRESSOR,61543620,1278460
2026-09-30 15:29:09.693,SENSEX,PE,72600.0,SENSEX26O0172600PE,339.0,2000,BUY_AGGRESSOR,94056920,592260
2026-09-30 15:29:09.693,SENSEX,CE,72700.0,SENSEX26O0172700CE,150.05,29040,BUY_AGGRESSOR,92272580,1665700
2026-09-30 15:29:09.693,SENSEX,PE,72700.0,SENSEX26O0172700PE,403.65,1480,BUY_AGGRESSOR,104047120,546220
2026-09-30 15:29:09.693,SENSEX,CE,72800.0,SENSEX26O0172800CE,119.7,10700,SELL_AGGRESSOR,101278780,1701580
2026-09-30 15:29:09.693,SENSEX,PE,72800.0,SENSEX26O0172800PE,472.05,920,BUY_AGGRESSOR,89967320,474440
2026-09-30 15:29:09.693,SENSEX,CE,72900.0,SENSEX26O0172900CE,95.6,13460,BUY_AGGRESSOR,82319000,1310360
2026-09-30 15:29:09.693,SENSEX,PE,72900.0,SENSEX26O0172900PE,551.8,560,BUY_AGGRESSOR,51433320,273460
2026-09-30 15:29:09.693,SENSEX,CE,73000.0,SENSEX26O0173000CE,76.3,38940,BUY,156009960,3552740
2026-09-30 15:29:09.693,SENSEX,PE,73000.0,SENSEX26O0173000PE,626.6,740,SELL,54320420,549260
2026-09-30 15:29:09.693,SENSEX,CE,73100.0,SENSEX26O0173100CE,60.1,8680,BUY,68952740,1209740
2026-09-30 15:29:09.693,SENSEX,PE,73100.0,SENSEX26O0173100PE,711.5,200,SELL_AGGRESSOR,12858100,158700
2026-09-30 15:29:13.718,SENSEX,FUT,0.0,SENSEX26OCTFUT,73036.0,20,BUY_AGGRESSOR,33260,94100
2026-09-30 15:29:13.718,SENSEX,CE,71900.0,SENSEX26O0171900CE,623.3,60,SELL,405420,47660
2026-09-30 15:29:13.718,SENSEX,PE,71900.0,SENSEX26O0171900PE,76.0,8900,SELL_AGGRESSOR,49795860,774740
2026-09-30 15:29:13.718,SENSEX,CE,72000.0,SENSEX26O0172000CE,543.5,240,BUY_AGGRESSOR,4256740,215060
2026-09-30 15:29:13.718,SENSEX,PE,72000.0,SENSEX26O0172000PE,97.5,24540,SELL_AGGRESSOR,159230640,2543540
2026-09-30 15:29:13.718,SENSEX,CE,72100.0,SENSEX26O0172100CE,468.25,280,SELL_AGGRESSOR,1500180,63880
2026-09-30 15:29:13.718,SENSEX,PE,72100.0,SENSEX26O0172100PE,123.45,29040,SELL_AGGRESSOR,59934380,782460
2026-09-30 15:29:13.718,SENSEX,CE,72200.0,SENSEX26O0172200CE,400.75,420,SELL,3958480,162640
2026-09-30 15:29:13.718,SENSEX,PE,72200.0,SENSEX26O0172200PE,155.05,10620,BUY_AGGRESSOR,70158360,960620
2026-09-30 15:29:13.718,SENSEX,CE,72300.0,SENSEX26O0172300CE,337.75,2320,SELL_AGGRESSOR,8484140,304480
2026-09-30 15:29:13.718,SENSEX,PE,72300.0,SENSEX26O0172300PE,192.0,19140,BUY_AGGRESSOR,79863380,1142420
2026-09-30 15:29:13.718,SENSEX,CE,72400.0,SENSEX26O0172400CE,278.95,1500,SELL_AGGRESSOR,20753240,710100
2026-09-30 15:29:13.718,SENSEX,PE,72400.0,SENSEX26O0172400PE,233.15,15540,BUY,87815900,1177500
2026-09-30 15:29:13.718,SENSEX,CE,72500.0,SENSEX26O0172500CE,228.75,9540,SELL_AGGRESSOR,59655900,2150860
2026-09-30 15:29:13.718,SENSEX,PE,72500.0,SENSEX26O0172500PE,280.7,15000,SELL,150226540,2027500
2026-09-30 15:29:13.718,SENSEX,CE,72600.0,SENSEX26O0172600CE,185.25,8240,BUY,61551860,1278460
2026-09-30 15:29:13.718,SENSEX,PE,72600.0,SENSEX26O0172600PE,338.1,5940,SELL_AGGRESSOR,94062860,592260
2026-09-30 15:29:13.718,SENSEX,CE,72700.0,SENSEX26O0172700CE,149.85,43340,SELL_AGGRESSOR,92315920,1665700
2026-09-30 15:29:13.718,SENSEX,PE,72700.0,SENSEX26O0172700PE,404.25,640,BUY_AGGRESSOR,104047760,546220
2026-09-30 15:29:13.718,SENSEX,CE,72800.0,SENSEX26O0172800CE,119.8,9200,BUY,101287980,1701580
2026-09-30 15:29:13.718,SENSEX,PE,72800.0,SENSEX26O0172800PE,472.35,380,BUY,89967700,474440
2026-09-30 15:29:13.718,SENSEX,CE,72900.0,SENSEX26O0172900CE,95.35,7760,SELL_AGGRESSOR,82326760,1310360
2026-09-30 15:29:13.718,SENSEX,PE,72900.0,SENSEX26O0172900PE,548.05,400,SELL,51433720,273460
2026-09-30 15:29:13.718,SENSEX,CE,73000.0,SENSEX26O0173000CE,76.5,14980,BUY,156024940,3552740
2026-09-30 15:29:13.718,SENSEX,PE,73000.0,SENSEX26O0173000PE,628.85,2000,BUY,54322420,549260
2026-09-30 15:29:13.718,SENSEX,CE,73100.0,SENSEX26O0173100CE,60.0,4720,SELL_AGGRESSOR,68957460,1209740
2026-09-30 15:29:13.718,SENSEX,PE,73100.0,SENSEX26O0173100PE,714.5,120,BUY_AGGRESSOR,12858220,158700
2026-09-30 15:29:17.673,SENSEX,FUT,0.0,SENSEX26OCTFUT,73036.35,20,BUY_AGGRESSOR,33280,94100
2026-09-30 15:29:17.673,SENSEX,CE,71900.0,SENSEX26O0171900CE,624.2,140,BUY_AGGRESSOR,405560,47660
2026-09-30 15:29:17.673,SENSEX,PE,71900.0,SENSEX26O0171900PE,76.65,13040,BUY_AGGRESSOR,49808900,774740
2026-09-30 15:29:17.673,SENSEX,CE,72000.0,SENSEX26O0172000CE,544.6,100,BUY_AGGRESSOR,4256840,215060
2026-09-30 15:29:17.673,SENSEX,PE,72000.0,SENSEX26O0172000PE,98.35,19660,BUY_AGGRESSOR,159250300,2543540
2026-09-30 15:29:17.673,SENSEX,CE,72100.0,SENSEX26O0172100CE,470.4,40,BUY_AGGRESSOR,1500220,63880
2026-09-30 15:29:17.673,SENSEX,PE,72100.0,SENSEX26O0172100PE,123.6,36020,BUY,59970400,782460
2026-09-30 15:29:17.673,SENSEX,CE,72200.0,SENSEX26O0172200CE,401.5,320,BUY_AGGRESSOR,3958800,162640
2026-09-30 15:29:17.673,SENSEX,PE,72200.0,SENSEX26O0172200PE,154.65,6800,SELL_AGGRESSOR,70165160,960620
2026-09-30 15:29:17.673,SENSEX,CE,72300.0,SENSEX26O0172300CE,337.75,560,INSIDE,8484700,304480
2026-09-30 15:29:17.673,SENSEX,PE,72300.0,SENSEX26O0172300PE,191.3,8400,SELL_AGGRESSOR,79871780,1142420
2026-09-30 15:29:17.673,SENSEX,CE,72400.0,SENSEX26O0172400CE,279.6,7540,SELL_AGGRESSOR,20760780,710100
2026-09-30 15:29:17.673,SENSEX,PE,72400.0,SENSEX26O0172400PE,231.95,29000,SELL_AGGRESSOR,87844900,1177500
2026-09-30 15:29:17.673,SENSEX,CE,72500.0,SENSEX26O0172500CE,230.5,10660,BUY_AGGRESSOR,59666560,2150860
2026-09-30 15:29:17.673,SENSEX,PE,72500.0,SENSEX26O0172500PE,280.05,11100,SELL_AGGRESSOR,150237640,2027500
2026-09-30 15:29:17.673,SENSEX,CE,72600.0,SENSEX26O0172600CE,187.25,10300,BUY_AGGRESSOR,61562160,1278460
2026-09-30 15:29:17.673,SENSEX,PE,72600.0,SENSEX26O0172600PE,337.8,2820,SELL_AGGRESSOR,94065680,592260
2026-09-30 15:29:17.673,SENSEX,CE,72700.0,SENSEX26O0172700CE,151.0,8100,BUY_AGGRESSOR,92324020,1665700
2026-09-30 15:29:17.673,SENSEX,PE,72700.0,SENSEX26O0172700PE,401.9,800,SELL_AGGRESSOR,104048560,546220
2026-09-30 15:29:17.673,SENSEX,CE,72800.0,SENSEX26O0172800CE,120.9,14720,BUY_AGGRESSOR,101302700,1701580
2026-09-30 15:29:17.673,SENSEX,PE,72800.0,SENSEX26O0172800PE,472.15,520,SELL_AGGRESSOR,89968220,474440
2026-09-30 15:29:17.673,SENSEX,CE,72900.0,SENSEX26O0172900CE,96.25,11240,BUY_AGGRESSOR,82338000,1310360
2026-09-30 15:29:17.673,SENSEX,PE,72900.0,SENSEX26O0172900PE,547.9,60,SELL,51433780,273460
2026-09-30 15:29:17.673,SENSEX,CE,73000.0,SENSEX26O0173000CE,76.65,17120,BUY_AGGRESSOR,156042060,3552740
2026-09-30 15:29:17.673,SENSEX,PE,73000.0,SENSEX26O0173000PE,627.1,700,SELL_AGGRESSOR,54323120,549260
2026-09-30 15:29:17.673,SENSEX,CE,73100.0,SENSEX26O0173100CE,60.85,17260,BUY_AGGRESSOR,68974720,1209740
2026-09-30 15:29:17.673,SENSEX,PE,73100.0,SENSEX26O0173100PE,714.05,20,SELL,12858240,158700
2026-09-30 15:29:21.749,SENSEX,CE,71900.0,SENSEX26O0171900CE,624.8,160,BUY_AGGRESSOR,405720,47660
2026-09-30 15:29:21.749,SENSEX,PE,71900.0,SENSEX26O0171900PE,76.4,6540,SELL_AGGRESSOR,49815440,774740
2026-09-30 15:29:21.749,SENSEX,CE,72000.0,SENSEX26O0172000CE,544.45,11160,SELL,4268000,215060
2026-09-30 15:29:21.749,SENSEX,PE,72000.0,SENSEX26O0172000PE,97.4,27380,SELL_AGGRESSOR,159277680,2543540
2026-09-30 15:29:21.749,SENSEX,CE,72100.0,SENSEX26O0172100CE,471.1,340,BUY,1500560,63880
2026-09-30 15:29:21.749,SENSEX,PE,72100.0,SENSEX26O0172100PE,123.15,23480,SELL_AGGRESSOR,59993880,782460
2026-09-30 15:29:21.749,SENSEX,CE,72200.0,SENSEX26O0172200CE,400.85,2380,SELL_AGGRESSOR,3961180,162640
2026-09-30 15:29:21.749,SENSEX,PE,72200.0,SENSEX26O0172200PE,153.55,13140,SELL_AGGRESSOR,70178300,960620
2026-09-30 15:29:21.749,SENSEX,CE,72300.0,SENSEX26O0172300CE,338.0,740,SELL_AGGRESSOR,8485440,304480
2026-09-30 15:29:21.749,SENSEX,PE,72300.0,SENSEX26O0172300PE,191.1,12240,SELL,79884020,1142420
2026-09-30 15:29:21.749,SENSEX,CE,72400.0,SENSEX26O0172400CE,280.1,20240,BUY_AGGRESSOR,20781020,710100
2026-09-30 15:29:21.749,SENSEX,PE,72400.0,SENSEX26O0172400PE,232.0,53200,BUY,87898100,1177500
2026-09-30 15:29:21.749,SENSEX,CE,72500.0,SENSEX26O0172500CE,229.6,23460,SELL_AGGRESSOR,59690020,2150860
2026-09-30 15:29:21.749,SENSEX,PE,72500.0,SENSEX26O0172500PE,280.3,17740,BUY,150255380,2027500
2026-09-30 15:29:21.749,SENSEX,CE,72600.0,SENSEX26O0172600CE,185.8,10520,SELL_AGGRESSOR,61572680,1278460
2026-09-30 15:29:21.749,SENSEX,PE,72600.0,SENSEX26O0172600PE,337.7,10220,SELL_AGGRESSOR,94075900,592260
2026-09-30 15:29:21.749,SENSEX,CE,72700.0,SENSEX26O0172700CE,149.95,16000,SELL_AGGRESSOR,92340020,1665700
2026-09-30 15:29:21.749,SENSEX,PE,72700.0,SENSEX26O0172700PE,401.35,1960,SELL_AGGRESSOR,104050520,546220
2026-09-30 15:29:21.749,SENSEX,CE,72800.0,SENSEX26O0172800CE,120.15,9380,SELL_AGGRESSOR,101312080,1701580
2026-09-30 15:29:21.749,SENSEX,PE,72800.0,SENSEX26O0172800PE,470.1,460,SELL_AGGRESSOR,89968680,474440
2026-09-30 15:29:21.749,SENSEX,CE,72900.0,SENSEX26O0172900CE,95.75,15040,SELL_AGGRESSOR,82353040,1310360
2026-09-30 15:29:21.749,SENSEX,PE,72900.0,SENSEX26O0172900PE,547.8,460,SELL,51434240,273460
2026-09-30 15:29:21.749,SENSEX,CE,73000.0,SENSEX26O0173000CE,76.3,34360,SELL_AGGRESSOR,156076420,3552740
2026-09-30 15:29:21.749,SENSEX,PE,73000.0,SENSEX26O0173000PE,627.45,1320,BUY,54324440,549260
2026-09-30 15:29:21.749,SENSEX,CE,73100.0,SENSEX26O0173100CE,60.3,8120,SELL_AGGRESSOR,68982840,1209740
2026-09-30 15:29:21.749,SENSEX,PE,73100.0,SENSEX26O0173100PE,712.25,240,SELL_AGGRESSOR,12858480,158700
2026-09-30 15:29:25.717,SENSEX,CE,71900.0,SENSEX26O0171900CE,623.95,80,SELL,405800,47660
2026-09-30 15:29:25.717,SENSEX,PE,71900.0,SENSEX26O0171900PE,75.95,11140,SELL_AGGRESSOR,49826580,774740
2026-09-30 15:29:25.717,SENSEX,CE,72000.0,SENSEX26O0172000CE,543.25,740,SELL,4268740,215060
2026-09-30 15:29:25.717,SENSEX,PE,72000.0,SENSEX26O0172000PE,96.7,35560,SELL_AGGRESSOR,159313240,2543540
2026-09-30 15:29:25.717,SENSEX,CE,72100.0,SENSEX26O0172100CE,468.3,80,SELL_AGGRESSOR,1500640,63880
2026-09-30 15:29:25.717,SENSEX,PE,72100.0,SENSEX26O0172100PE,122.75,22780,SELL_AGGRESSOR,60016660,782460
2026-09-30 15:29:25.717,SENSEX,CE,72200.0,SENSEX26O0172200CE,399.15,560,SELL_AGGRESSOR,3961740,162640
2026-09-30 15:29:25.717,SENSEX,PE,72200.0,SENSEX26O0172200PE,154.2,10480,BUY_AGGRESSOR,70188780,960620
2026-09-30 15:29:25.717,SENSEX,CE,72300.0,SENSEX26O0172300CE,337.7,2280,SELL,8487720,304480
2026-09-30 15:29:25.717,SENSEX,PE,72300.0,SENSEX26O0172300PE,191.3,6360,BUY_AGGRESSOR,79890380,1142420
2026-09-30 15:29:25.717,SENSEX,CE,72400.0,SENSEX26O0172400CE,278.8,4840,SELL_AGGRESSOR,20785860,710100
2026-09-30 15:29:25.717,SENSEX,PE,72400.0,SENSEX26O0172400PE,232.05,18640,BUY,87916740,1177500
2026-09-30 15:29:25.717,SENSEX,CE,72500.0,SENSEX26O0172500CE,228.1,14000,SELL_AGGRESSOR,59704020,2150860
2026-09-30 15:29:25.717,SENSEX,PE,72500.0,SENSEX26O0172500PE,280.55,9220,BUY_AGGRESSOR,150264600,2027500
2026-09-30 15:29:25.717,SENSEX,CE,72600.0,SENSEX26O0172600CE,185.35,9500,SELL,61582180,1278460
2026-09-30 15:29:25.717,SENSEX,PE,72600.0,SENSEX26O0172600PE,337.95,1580,BUY_AGGRESSOR,94077480,592260
2026-09-30 15:29:25.717,SENSEX,CE,72700.0,SENSEX26O0172700CE,150.2,46800,BUY,92386820,1665700
2026-09-30 15:29:25.717,SENSEX,PE,72700.0,SENSEX26O0172700PE,403.4,860,BUY_AGGRESSOR,104051380,546220
2026-09-30 15:29:25.717,SENSEX,CE,72800.0,SENSEX26O0172800CE,120.15,10540,SELL_AGGRESSOR,101322620,1701580
2026-09-30 15:29:25.717,SENSEX,PE,72800.0,SENSEX26O0172800PE,472.35,2440,BUY_AGGRESSOR,89971120,474440
2026-09-30 15:29:25.717,SENSEX,CE,72900.0,SENSEX26O0172900CE,95.35,11200,SELL_AGGRESSOR,82364240,1310360
2026-09-30 15:29:25.717,SENSEX,PE,72900.0,SENSEX26O0172900PE,548.05,180,SELL_AGGRESSOR,51434420,273460
2026-09-30 15:29:25.717,SENSEX,CE,73000.0,SENSEX26O0173000CE,76.55,21960,BUY_AGGRESSOR,156098380,3552740
2026-09-30 15:29:25.717,SENSEX,PE,73000.0,SENSEX26O0173000PE,628.45,1100,BUY,54325540,549260
2026-09-30 15:29:25.717,SENSEX,CE,73100.0,SENSEX26O0173100CE,60.45,8700,BUY_AGGRESSOR,68991540,1209740
2026-09-30 15:29:29.911,SENSEX,FUT,0.0,SENSEX26OCTFUT,73036.6,20,BUY,33300,94100
2026-09-30 15:29:29.911,SENSEX,CE,71900.0,SENSEX26O0171900CE,621.95,120,SELL_AGGRESSOR,405920,47660
2026-09-30 15:29:29.911,SENSEX,PE,71900.0,SENSEX26O0171900PE,75.5,7240,SELL_AGGRESSOR,49833820,774740
2026-09-30 15:29:29.911,SENSEX,CE,72000.0,SENSEX26O0172000CE,540.0,940,SELL_AGGRESSOR,4269680,215060
2026-09-30 15:29:29.911,SENSEX,PE,72000.0,SENSEX26O0172000PE,97.05,26260,BUY_AGGRESSOR,159339500,2543540
2026-09-30 15:29:29.911,SENSEX,CE,72100.0,SENSEX26O0172100CE,468.85,20,SELL_AGGRESSOR,1500660,63880
2026-09-30 15:29:29.911,SENSEX,PE,72100.0,SENSEX26O0172100PE,123.1,13020,BUY_AGGRESSOR,60029680,782460
2026-09-30 15:29:29.911,SENSEX,CE,72200.0,SENSEX26O0172200CE,399.15,60,SELL_AGGRESSOR,3961800,162640
2026-09-30 15:29:29.911,SENSEX,PE,72200.0,SENSEX26O0172200PE,155.9,24240,BUY_AGGRESSOR,70213020,960620
2026-09-30 15:29:29.911,SENSEX,CE,72300.0,SENSEX26O0172300CE,335.45,1020,SELL_AGGRESSOR,8488740,304480
2026-09-30 15:29:29.911,SENSEX,PE,72300.0,SENSEX26O0172300PE,191.75,5060,BUY_AGGRESSOR,79895440,1142420
2026-09-30 15:29:29.911,SENSEX,CE,72400.0,SENSEX26O0172400CE,278.1,10580,SELL_AGGRESSOR,20796440,710100
2026-09-30 15:29:29.911,SENSEX,PE,72400.0,SENSEX26O0172400PE,234.25,23540,BUY_AGGRESSOR,87940280,1177500
2026-09-30 15:29:29.911,SENSEX,CE,72500.0,SENSEX26O0172500CE,228.15,14200,BUY,59718220,2150860
2026-09-30 15:29:29.911,SENSEX,PE,72500.0,SENSEX26O0172500PE,281.05,8920,BUY_AGGRESSOR,150273520,2027500
2026-09-30 15:29:29.911,SENSEX,CE,72600.0,SENSEX26O0172600CE,185.35,10560,SELL_AGGRESSOR,61592740,1278460
2026-09-30 15:29:29.911,SENSEX,PE,72600.0,SENSEX26O0172600PE,338.2,1720,BUY,94079200,592260
2026-09-30 15:29:29.911,SENSEX,CE,72700.0,SENSEX26O0172700CE,149.85,18140,SELL_AGGRESSOR,92404960,1665700
2026-09-30 15:29:29.911,SENSEX,PE,72700.0,SENSEX26O0172700PE,403.0,340,SELL,104051720,546220
2026-09-30 15:29:29.911,SENSEX,CE,72800.0,SENSEX26O0172800CE,119.8,6480,SELL_AGGRESSOR,101329100,1701580
2026-09-30 15:29:29.911,SENSEX,PE,72800.0,SENSEX26O0172800PE,474.35,2000,BUY_AGGRESSOR,89973120,474440
2026-09-30 15:29:29.911,SENSEX,CE,72900.0,SENSEX26O0172900CE,95.5,5200,SELL_AGGRESSOR,82369440,1310360
2026-09-30 15:29:29.911,SENSEX,PE,72900.0,SENSEX26O0172900PE,548.9,300,BUY,51434720,273460
2026-09-30 15:29:29.911,SENSEX,CE,73000.0,SENSEX26O0173000CE,76.25,22720,SELL_AGGRESSOR,156121100,3552740
2026-09-30 15:29:29.911,SENSEX,PE,73000.0,SENSEX26O0173000PE,632.0,1040,BUY_AGGRESSOR,54326580,549260
2026-09-30 15:29:29.911,SENSEX,CE,73100.0,SENSEX26O0173100CE,60.5,4960,BUY_AGGRESSOR,68996500,1209740
2026-09-30 15:29:29.911,SENSEX,PE,73100.0,SENSEX26O0173100PE,717.85,60,BUY_AGGRESSOR,12858540,158700
2026-09-30 15:29:33.939,SENSEX,CE,71900.0,SENSEX26O0171900CE,620.3,500,SELL,406420,47660
2026-09-30 15:29:33.939,SENSEX,PE,71900.0,SENSEX26O0171900PE,76.55,11480,BUY_AGGRESSOR,49845300,774740
2026-09-30 15:29:33.939,SENSEX,CE,72000.0,SENSEX26O0172000CE,541.4,1820,BUY,4271500,215060
2026-09-30 15:29:33.939,SENSEX,PE,72000.0,SENSEX26O0172000PE,98.05,26940,BUY_AGGRESSOR,159366440,2543540
2026-09-30 15:29:33.939,SENSEX,CE,72100.0,SENSEX26O0172100CE,467.6,560,SELL,1501220,63880
2026-09-30 15:29:33.939,SENSEX,PE,72100.0,SENSEX26O0172100PE,123.45,24420,BUY,60054100,782460
2026-09-30 15:29:33.939,SENSEX,CE,72200.0,SENSEX26O0172200CE,401.15,3400,BUY_AGGRESSOR,3965200,162640
2026-09-30 15:29:33.939,SENSEX,PE,72200.0,SENSEX26O0172200PE,154.75,31920,SELL_AGGRESSOR,70244940,960620
2026-09-30 15:29:33.939,SENSEX,CE,72300.0,SENSEX26O0172300CE,339.1,5820,BUY_AGGRESSOR,8494560,304480
2026-09-30 15:29:33.939,SENSEX,PE,72300.0,SENSEX26O0172300PE,190.65,22920,SELL_AGGRESSOR,79918360,1142420
2026-09-30 15:29:33.939,SENSEX,CE,72400.0,SENSEX26O0172400CE,278.3,9620,BUY_AGGRESSOR,20806060,710100
2026-09-30 15:29:33.939,SENSEX,PE,72400.0,SENSEX26O0172400PE,233.15,53660,SELL_AGGRESSOR,87993940,1177500
2026-09-30 15:29:33.939,SENSEX,CE,72500.0,SENSEX26O0172500CE,228.95,10240,BUY_AGGRESSOR,59728460,2150860
2026-09-30 15:29:33.939,SENSEX,PE,72500.0,SENSEX26O0172500PE,280.15,19500,SELL_AGGRESSOR,150293020,2027500
2026-09-30 15:29:33.939,SENSEX,CE,72600.0,SENSEX26O0172600CE,185.3,11680,SELL,61604420,1278460
2026-09-30 15:29:33.939,SENSEX,PE,72600.0,SENSEX26O0172600PE,339.95,5400,BUY_AGGRESSOR,94084600,592260
2026-09-30 15:29:33.939,SENSEX,CE,72700.0,SENSEX26O0172700CE,149.95,19400,BUY_AGGRESSOR,92424360,1665700
2026-09-30 15:29:33.939,SENSEX,PE,72700.0,SENSEX26O0172700PE,401.55,4500,SELL_AGGRESSOR,104056220,546220
2026-09-30 15:29:33.939,SENSEX,CE,72800.0,SENSEX26O0172800CE,120.85,9780,BUY_AGGRESSOR,101338880,1701580
2026-09-30 15:29:33.939,SENSEX,PE,72800.0,SENSEX26O0172800PE,470.4,2740,SELL_AGGRESSOR,89975860,474440
2026-09-30 15:29:33.939,SENSEX,CE,72900.0,SENSEX26O0172900CE,95.6,11100,BUY,82380540,1310360
2026-09-30 15:29:33.939,SENSEX,PE,72900.0,SENSEX26O0172900PE,548.3,2300,SELL_AGGRESSOR,51437020,273460
2026-09-30 15:29:33.939,SENSEX,CE,73000.0,SENSEX26O0173000CE,76.25,21180,SELL_AGGRESSOR,156142280,3552740
2026-09-30 15:29:33.939,SENSEX,PE,73000.0,SENSEX26O0173000PE,629.2,2340,SELL_AGGRESSOR,54328920,549260
2026-09-30 15:29:33.939,SENSEX,CE,73100.0,SENSEX26O0173100CE,60.2,6920,SELL_AGGRESSOR,69003420,1209740
2026-09-30 15:29:33.939,SENSEX,PE,73100.0,SENSEX26O0173100PE,712.8,1020,SELL_AGGRESSOR,12859560,158700
2026-09-30 15:29:38.055,SENSEX,FUT,0.0,SENSEX26OCTFUT,73040.3,20,BUY_AGGRESSOR,33320,94100
2026-09-30 15:29:38.055,SENSEX,CE,71900.0,SENSEX26O0171900CE,625.0,680,BUY_AGGRESSOR,407100,47660
2026-09-30 15:29:38.055,SENSEX,PE,71900.0,SENSEX26O0171900PE,75.25,9960,SELL_AGGRESSOR,49855260,774740
2026-09-30 15:29:38.055,SENSEX,CE,72000.0,SENSEX26O0172000CE,544.5,2300,BUY_AGGRESSOR,4273800,215060
2026-09-30 15:29:38.055,SENSEX,PE,72000.0,SENSEX26O0172000PE,97.9,33440,SELL_AGGRESSOR,159399880,2543540
2026-09-30 15:29:38.055,SENSEX,CE,72100.0,SENSEX26O0172100CE,471.85,1480,BUY_AGGRESSOR,1502700,63880
2026-09-30 15:29:38.055,SENSEX,PE,72100.0,SENSEX26O0172100PE,123.75,14960,BUY_AGGRESSOR,60069060,782460
2026-09-30 15:29:38.055,SENSEX,CE,72200.0,SENSEX26O0172200CE,401.5,3160,BUY,3968360,162640
2026-09-30 15:29:38.055,SENSEX,PE,72200.0,SENSEX26O0172200PE,154.95,10880,BUY_AGGRESSOR,70255820,960620
2026-09-30 15:29:38.055,SENSEX,CE,72300.0,SENSEX26O0172300CE,339.5,2600,BUY_AGGRESSOR,8497160,304480
2026-09-30 15:29:38.055,SENSEX,PE,72300.0,SENSEX26O0172300PE,192.3,8200,BUY_AGGRESSOR,79926560,1142420
2026-09-30 15:29:38.055,SENSEX,CE,72400.0,SENSEX26O0172400CE,281.5,5340,BUY_AGGRESSOR,20811400,710100
2026-09-30 15:29:38.055,SENSEX,PE,72400.0,SENSEX26O0172400PE,233.1,28740,BUY_AGGRESSOR,88022680,1177500
2026-09-30 15:29:38.055,SENSEX,CE,72500.0,SENSEX26O0172500CE,230.0,23880,BUY_AGGRESSOR,59752340,2150860
2026-09-30 15:29:38.055,SENSEX,PE,72500.0,SENSEX26O0172500PE,280.3,16820,SELL_AGGRESSOR,150309840,2027500
2026-09-30 15:29:38.055,SENSEX,CE,72600.0,SENSEX26O0172600CE,187.15,15760,BUY_AGGRESSOR,61620180,1278460
2026-09-30 15:29:38.055,SENSEX,PE,72600.0,SENSEX26O0172600PE,338.5,5240,SELL_AGGRESSOR,94089840,592260
2026-09-30 15:29:38.055,SENSEX,CE,72700.0,SENSEX26O0172700CE,151.25,20380,BUY_AGGRESSOR,92444740,1665700
2026-09-30 15:29:38.055,SENSEX,PE,72700.0,SENSEX26O0172700PE,402.8,3520,BUY,104059740,546220
2026-09-30 15:29:38.055,SENSEX,CE,72800.0,SENSEX26O0172800CE,121.2,24120,BUY_AGGRESSOR,101363000,1701580
2026-09-30 15:29:38.055,SENSEX,PE,72800.0,SENSEX26O0172800PE,470.45,1260,SELL_AGGRESSOR,89977120,474440
2026-09-30 15:29:38.055,SENSEX,CE,72900.0,SENSEX26O0172900CE,96.9,13040,BUY_AGGRESSOR,82393580,1310360
2026-09-30 15:29:38.055,SENSEX,PE,72900.0,SENSEX26O0172900PE,547.3,240,SELL_AGGRESSOR,51437260,273460
2026-09-30 15:29:38.055,SENSEX,CE,73000.0,SENSEX26O0173000CE,76.9,19020,BUY_AGGRESSOR,156161300,3552740
2026-09-30 15:29:38.055,SENSEX,PE,73000.0,SENSEX26O0173000PE,628.55,2500,SELL,54331420,549260
2026-09-30 15:29:38.055,SENSEX,CE,73100.0,SENSEX26O0173100CE,60.4,10320,BUY_AGGRESSOR,69013740,1209740
2026-09-30 15:29:38.055,SENSEX,PE,73100.0,SENSEX26O0173100PE,711.2,320,SELL_AGGRESSOR,12859880,158700
2026-09-30 15:29:42.164,SENSEX,FUT,0.0,SENSEX26OCTFUT,73035.95,40,SELL,33360,94100
2026-09-30 15:29:42.164,SENSEX,CE,71900.0,SENSEX26O0171900CE,622.3,100,SELL_AGGRESSOR,407200,47660
2026-09-30 15:29:42.164,SENSEX,PE,71900.0,SENSEX26O0171900PE,76.85,4800,BUY_AGGRESSOR,49860060,774740
2026-09-30 15:29:42.164,SENSEX,CE,72000.0,SENSEX26O0172000CE,543.7,800,SELL_AGGRESSOR,4274600,215060
2026-09-30 15:29:42.164,SENSEX,PE,72000.0,SENSEX26O0172000PE,98.8,38020,BUY_AGGRESSOR,159437900,2543540
2026-09-30 15:29:42.164,SENSEX,CE,72100.0,SENSEX26O0172100CE,469.5,220,SELL_AGGRESSOR,1502920,63880
2026-09-30 15:29:42.164,SENSEX,PE,72100.0,SENSEX26O0172100PE,124.85,13380,BUY_AGGRESSOR,60082440,782460
2026-09-30 15:29:42.164,SENSEX,CE,72200.0,SENSEX26O0172200CE,400.75,720,SELL_AGGRESSOR,3969080,162640
2026-09-30 15:29:42.164,SENSEX,PE,72200.0,SENSEX26O0172200PE,156.5,3360,BUY_AGGRESSOR,70259180,960620
2026-09-30 15:29:42.164,SENSEX,CE,72300.0,SENSEX26O0172300CE,338.25,1280,SELL,8498440,304480
2026-09-30 15:29:42.164,SENSEX,PE,72300.0,SENSEX26O0172300PE,193.1,11280,BUY_AGGRESSOR,79937840,1142420
2026-09-30 15:29:42.164,SENSEX,CE,72400.0,SENSEX26O0172400CE,280.05,3500,SELL_AGGRESSOR,20814900,710100
2026-09-30 15:29:42.164,SENSEX,PE,72400.0,SENSEX26O0172400PE,234.15,7020,BUY_AGGRESSOR,88029700,1177500
2026-09-30 15:29:42.164,SENSEX,CE,72500.0,SENSEX26O0172500CE,230.2,13980,BUY,59766320,2150860
2026-09-30 15:29:42.164,SENSEX,PE,72500.0,SENSEX26O0172500PE,281.75,10900,BUY_AGGRESSOR,150320740,2027500
2026-09-30 15:29:42.164,SENSEX,CE,72600.0,SENSEX26O0172600CE,187.0,4640,SELL_AGGRESSOR,61624820,1278460
2026-09-30 15:29:42.164,SENSEX,PE,72600.0,SENSEX26O0172600PE,340.0,2000,BUY_AGGRESSOR,94091840,592260
2026-09-30 15:29:42.164,SENSEX,CE,72700.0,SENSEX26O0172700CE,151.1,32680,SELL_AGGRESSOR,92477420,1665700
2026-09-30 15:29:42.164,SENSEX,PE,72700.0,SENSEX26O0172700PE,403.55,1380,BUY_AGGRESSOR,104061120,546220
2026-09-30 15:29:42.164,SENSEX,CE,72800.0,SENSEX26O0172800CE,120.95,17760,SELL_AGGRESSOR,101380760,1701580
2026-09-30 15:29:42.164,SENSEX,PE,72800.0,SENSEX26O0172800PE,475.0,600,BUY_AGGRESSOR,89977720,474440
2026-09-30 15:29:42.164,SENSEX,CE,72900.0,SENSEX26O0172900CE,96.55,6540,SELL_AGGRESSOR,82400120,1310360
2026-09-30 15:29:42.164,SENSEX,PE,72900.0,SENSEX26O0172900PE,551.3,340,BUY_AGGRESSOR,51437600,273460
2026-09-30 15:29:42.164,SENSEX,CE,73000.0,SENSEX26O0173000CE,77.0,21340,BUY,156182640,3552740
2026-09-30 15:29:42.164,SENSEX,PE,73000.0,SENSEX26O0173000PE,630.0,3000,BUY_AGGRESSOR,54334420,549260
2026-09-30 15:29:42.164,SENSEX,CE,73100.0,SENSEX26O0173100CE,60.65,6240,BUY_AGGRESSOR,69019980,1209740
2026-09-30 15:29:42.164,SENSEX,PE,73100.0,SENSEX26O0173100PE,715.15,40,BUY_AGGRESSOR,12859920,158700
2026-09-30 15:29:46.257,SENSEX,CE,71900.0,SENSEX26O0171900CE,620.35,4000,SELL_AGGRESSOR,411200,47660
2026-09-30 15:29:46.257,SENSEX,PE,71900.0,SENSEX26O0171900PE,75.9,25840,SELL_AGGRESSOR,49885900,774740
2026-09-30 15:29:46.257,SENSEX,CE,72000.0,SENSEX26O0172000CE,542.9,300,SELL,4274900,215060
2026-09-30 15:29:46.257,SENSEX,PE,72000.0,SENSEX26O0172000PE,98.0,32900,SELL_AGGRESSOR,159470800,2543540
2026-09-30 15:29:46.257,SENSEX,CE,72100.0,SENSEX26O0172100CE,469.9,40,BUY_AGGRESSOR,1502960,63880
2026-09-30 15:29:46.257,SENSEX,PE,72100.0,SENSEX26O0172100PE,123.05,15980,SELL_AGGRESSOR,60098420,782460
2026-09-30 15:29:46.257,SENSEX,CE,72200.0,SENSEX26O0172200CE,401.4,260,BUY,3969340,162640
2026-09-30 15:29:46.257,SENSEX,PE,72200.0,SENSEX26O0172200PE,155.15,7500,SELL_AGGRESSOR,70266680,960620
2026-09-30 15:29:46.257,SENSEX,CE,72300.0,SENSEX26O0172300CE,338.6,1760,BUY_AGGRESSOR,8500200,304480
2026-09-30 15:29:46.257,SENSEX,PE,72300.0,SENSEX26O0172300PE,192.1,6620,SELL_AGGRESSOR,79944460,1142420
2026-09-30 15:29:46.257,SENSEX,CE,72400.0,SENSEX26O0172400CE,280.0,4720,SELL,20819620,710100
2026-09-30 15:29:46.257,SENSEX,PE,72400.0,SENSEX26O0172400PE,233.3,35600,SELL_AGGRESSOR,88065300,1177500
2026-09-30 15:29:46.257,SENSEX,CE,72500.0,SENSEX26O0172500CE,229.85,7700,SELL_AGGRESSOR,59774020,2150860
2026-09-30 15:29:46.257,SENSEX,PE,72500.0,SENSEX26O0172500PE,280.9,9380,SELL_AGGRESSOR,150330120,2027500
2026-09-30 15:29:46.257,SENSEX,CE,72600.0,SENSEX26O0172600CE,187.2,5620,BUY_AGGRESSOR,61630440,1278460
2026-09-30 15:29:46.257,SENSEX,PE,72600.0,SENSEX26O0172600PE,339.6,3820,SELL_AGGRESSOR,94095660,592260
2026-09-30 15:29:46.257,SENSEX,CE,72700.0,SENSEX26O0172700CE,151.9,14340,BUY_AGGRESSOR,92491760,1665700
2026-09-30 15:29:46.257,SENSEX,PE,72700.0,SENSEX26O0172700PE,401.9,2880,SELL_AGGRESSOR,104064000,546220
2026-09-30 15:29:46.257,SENSEX,CE,72800.0,SENSEX26O0172800CE,121.75,17320,BUY_AGGRESSOR,101398080,1701580
2026-09-30 15:29:46.257,SENSEX,PE,72800.0,SENSEX26O0172800PE,473.4,460,SELL_AGGRESSOR,89978180,474440
2026-09-30 15:29:46.257,SENSEX,CE,72900.0,SENSEX26O0172900CE,96.85,10480,BUY_AGGRESSOR,82410600,1310360
2026-09-30 15:29:46.257,SENSEX,PE,72900.0,SENSEX26O0172900PE,550.15,20,SELL,51437620,273460
2026-09-30 15:29:46.257,SENSEX,CE,73000.0,SENSEX26O0173000CE,77.4,16880,BUY_AGGRESSOR,156199520,3552740
2026-09-30 15:29:46.257,SENSEX,PE,73000.0,SENSEX26O0173000PE,627.8,2540,SELL_AGGRESSOR,54336960,549260
2026-09-30 15:29:46.257,SENSEX,CE,73100.0,SENSEX26O0173100CE,60.6,2240,SELL_AGGRESSOR,69022220,1209740
2026-09-30 15:29:50.318,SENSEX,CE,71900.0,SENSEX26O0171900CE,630.1,1220,BUY_AGGRESSOR,412420,47660
2026-09-30 15:29:50.318,SENSEX,PE,71900.0,SENSEX26O0171900PE,74.45,10460,SELL_AGGRESSOR,49896360,774740
2026-09-30 15:29:50.318,SENSEX,CE,72000.0,SENSEX26O0172000CE,553.5,2960,BUY_AGGRESSOR,4277860,215060
2026-09-30 15:29:50.318,SENSEX,PE,72000.0,SENSEX26O0172000PE,96.05,29860,SELL_AGGRESSOR,159500660,2543540
2026-09-30 15:29:50.318,SENSEX,CE,72100.0,SENSEX26O0172100CE,477.4,1780,BUY_AGGRESSOR,1504740,63880
2026-09-30 15:29:50.318,SENSEX,PE,72100.0,SENSEX26O0172100PE,122.1,22280,SELL_AGGRESSOR,60120700,782460
2026-09-30 15:29:50.318,SENSEX,CE,72200.0,SENSEX26O0172200CE,407.55,4540,BUY_AGGRESSOR,3973880,162640
2026-09-30 15:29:50.318,SENSEX,PE,72200.0,SENSEX26O0172200PE,153.1,24300,SELL_AGGRESSOR,70290980,960620
2026-09-30 15:29:50.318,SENSEX,CE,72300.0,SENSEX26O0172300CE,344.75,7000,BUY_AGGRESSOR,8507200,304480
2026-09-30 15:29:50.318,SENSEX,PE,72300.0,SENSEX26O0172300PE,189.55,22200,SELL_AGGRESSOR,79966660,1142420
2026-09-30 15:29:50.318,SENSEX,CE,72400.0,SENSEX26O0172400CE,284.0,19820,BUY_AGGRESSOR,20839440,710100
2026-09-30 15:29:50.318,SENSEX,PE,72400.0,SENSEX26O0172400PE,229.5,42640,SELL_AGGRESSOR,88107940,1177500
2026-09-30 15:29:50.318,SENSEX,CE,72500.0,SENSEX26O0172500CE,233.95,22060,BUY_AGGRESSOR,59796080,2150860
2026-09-30 15:29:50.318,SENSEX,PE,72500.0,SENSEX26O0172500PE,277.8,26180,SELL_AGGRESSOR,150356300,2027500
2026-09-30 15:29:50.318,SENSEX,CE,72600.0,SENSEX26O0172600CE,190.35,18580,BUY_AGGRESSOR,61649020,1278460
2026-09-30 15:29:50.318,SENSEX,PE,72600.0,SENSEX26O0172600PE,335.05,10840,SELL_AGGRESSOR,94106500,592260
2026-09-30 15:29:50.318,SENSEX,CE,72700.0,SENSEX26O0172700CE,154.2,19120,BUY_AGGRESSOR,92510880,1665700
2026-09-30 15:29:50.318,SENSEX,PE,72700.0,SENSEX26O0172700PE,398.9,6720,SELL_AGGRESSOR,104070720,546220
2026-09-30 15:29:50.318,SENSEX,CE,72800.0,SENSEX26O0172800CE,123.5,24100,BUY_AGGRESSOR,101422180,1701580
2026-09-30 15:29:50.318,SENSEX,PE,72800.0,SENSEX26O0172800PE,467.25,5020,SELL_AGGRESSOR,89983200,474440
2026-09-30 15:29:50.318,SENSEX,CE,72900.0,SENSEX26O0172900CE,98.55,15260,BUY_AGGRESSOR,82425860,1310360
2026-09-30 15:29:50.318,SENSEX,PE,72900.0,SENSEX26O0172900PE,543.3,2620,SELL_AGGRESSOR,51440240,273460
2026-09-30 15:29:50.318,SENSEX,CE,73000.0,SENSEX26O0173000CE,78.5,19500,BUY_AGGRESSOR,156219020,3552740
2026-09-30 15:29:50.318,SENSEX,PE,73000.0,SENSEX26O0173000PE,624.2,3300,SELL_AGGRESSOR,54340260,549260
2026-09-30 15:29:50.318,SENSEX,CE,73100.0,SENSEX26O0173100CE,61.8,10560,BUY_AGGRESSOR,69032780,1209740
2026-09-30 15:29:50.318,SENSEX,PE,73100.0,SENSEX26O0173100PE,706.4,1420,SELL_AGGRESSOR,12861340,158700
2026-09-30 15:29:54.163,SENSEX,CE,71900.0,SENSEX26O0171900CE,630.5,20,BUY_AGGRESSOR,412440,47660
2026-09-30 15:29:54.163,SENSEX,PE,71900.0,SENSEX26O0171900PE,75.15,20820,BUY_AGGRESSOR,49917180,774740
2026-09-30 15:29:54.163,SENSEX,CE,72000.0,SENSEX26O0172000CE,546.45,700,SELL_AGGRESSOR,4278560,215060
2026-09-30 15:29:54.163,SENSEX,PE,72000.0,SENSEX26O0172000PE,95.75,20800,SELL_AGGRESSOR,159521460,2543540
2026-09-30 15:29:54.163,SENSEX,CE,72100.0,SENSEX26O0172100CE,474.15,100,SELL_AGGRESSOR,1504840,63880
2026-09-30 15:29:54.163,SENSEX,PE,72100.0,SENSEX26O0172100PE,121.8,4260,SELL,60124960,782460
2026-09-30 15:29:54.163,SENSEX,CE,72200.0,SENSEX26O0172200CE,405.9,2020,SELL_AGGRESSOR,3975900,162640
2026-09-30 15:29:54.163,SENSEX,PE,72200.0,SENSEX26O0172200PE,152.2,21980,SELL_AGGRESSOR,70312960,960620
2026-09-30 15:29:54.163,SENSEX,CE,72300.0,SENSEX26O0172300CE,340.3,2720,SELL_AGGRESSOR,8509920,304480
2026-09-30 15:29:54.163,SENSEX,PE,72300.0,SENSEX26O0172300PE,188.65,8000,SELL_AGGRESSOR,79974660,1142420
2026-09-30 15:29:54.163,SENSEX,CE,72400.0,SENSEX26O0172400CE,282.55,3080,SELL_AGGRESSOR,20842520,710100
2026-09-30 15:29:54.163,SENSEX,PE,72400.0,SENSEX26O0172400PE,230.0,28220,BUY_AGGRESSOR,88136160,1177500
2026-09-30 15:29:54.163,SENSEX,CE,72500.0,SENSEX26O0172500CE,232.8,15620,SELL_AGGRESSOR,59811700,2150860
2026-09-30 15:29:54.163,SENSEX,PE,72500.0,SENSEX26O0172500PE,277.15,12480,SELL,150368780,2027500
2026-09-30 15:29:54.163,SENSEX,CE,72600.0,SENSEX26O0172600CE,187.85,6680,SELL_AGGRESSOR,61655700,1278460
2026-09-30 15:29:54.163,SENSEX,PE,72600.0,SENSEX26O0172600PE,334.65,1740,SELL,94108240,592260
2026-09-30 15:29:54.163,SENSEX,CE,72700.0,SENSEX26O0172700CE,153.5,17340,SELL_AGGRESSOR,92528220,1665700
2026-09-30 15:29:54.163,SENSEX,PE,72700.0,SENSEX26O0172700PE,398.55,980,SELL,104071700,546220
2026-09-30 15:29:54.163,SENSEX,CE,72800.0,SENSEX26O0172800CE,122.8,12880,SELL_AGGRESSOR,101435060,1701580
2026-09-30 15:29:54.163,SENSEX,PE,72800.0,SENSEX26O0172800PE,467.25,1260,INSIDE,89984460,474440
2026-09-30 15:29:54.163,SENSEX,CE,72900.0,SENSEX26O0172900CE,97.3,2440,SELL_AGGRESSOR,82428300,1310360
2026-09-30 15:29:54.163,SENSEX,PE,72900.0,SENSEX26O0172900PE,543.15,1680,SELL,51441920,273460
2026-09-30 15:29:54.163,SENSEX,CE,73000.0,SENSEX26O0173000CE,77.6,31040,SELL_AGGRESSOR,156250060,3552740
2026-09-30 15:29:54.163,SENSEX,PE,73000.0,SENSEX26O0173000PE,623.9,600,SELL,54340860,549260
2026-09-30 15:29:54.163,SENSEX,CE,73100.0,SENSEX26O0173100CE,61.45,6760,SELL_AGGRESSOR,69039540,1209740
2026-09-30 15:29:54.163,SENSEX,PE,73100.0,SENSEX26O0173100PE,708.5,260,BUY_AGGRESSOR,12861600,158700
2026-09-30 15:29:58.195,SENSEX,CE,71900.0,SENSEX26O0171900CE,629.4,20,BUY_AGGRESSOR,412460,47660
2026-09-30 15:29:58.195,SENSEX,PE,71900.0,SENSEX26O0171900PE,73.2,23640,SELL_AGGRESSOR,49940820,774740
2026-09-30 15:29:58.195,SENSEX,CE,72000.0,SENSEX26O0172000CE,549.8,400,BUY_AGGRESSOR,4278960,215060
2026-09-30 15:29:58.195,SENSEX,PE,72000.0,SENSEX26O0172000PE,93.9,30840,SELL_AGGRESSOR,159552300,2543540
2026-09-30 15:29:58.195,SENSEX,CE,72100.0,SENSEX26O0172100CE,477.4,640,BUY_AGGRESSOR,1505480,63880
2026-09-30 15:29:58.195,SENSEX,PE,72100.0,SENSEX26O0172100PE,119.05,35500,SELL_AGGRESSOR,60160460,782460
2026-09-30 15:29:58.195,SENSEX,CE,72200.0,SENSEX26O0172200CE,407.55,280,BUY_AGGRESSOR,3976180,162640
2026-09-30 15:29:58.195,SENSEX,PE,72200.0,SENSEX26O0172200PE,149.7,19940,SELL_AGGRESSOR,70332900,960620
2026-09-30 15:29:58.195,SENSEX,CE,72300.0,SENSEX26O0172300CE,342.3,800,BUY_AGGRESSOR,8510720,304480
2026-09-30 15:29:58.195,SENSEX,PE,72300.0,SENSEX26O0172300PE,186.15,19560,SELL_AGGRESSOR,79994220,1142420
2026-09-30 15:29:58.195,SENSEX,CE,72400.0,SENSEX26O0172400CE,284.2,2500,BUY_AGGRESSOR,20845020,710100
2026-09-30 15:29:58.195,SENSEX,PE,72400.0,SENSEX26O0172400PE,226.4,22040,SELL_AGGRESSOR,88158200,1177500
2026-09-30 15:29:58.195,SENSEX,CE,72500.0,SENSEX26O0172500CE,233.85,12780,BUY_AGGRESSOR,59824480,2150860
2026-09-30 15:29:58.195,SENSEX,PE,72500.0,SENSEX26O0172500PE,273.75,18360,SELL_AGGRESSOR,150387140,2027500
2026-09-30 15:29:58.195,SENSEX,CE,72600.0,SENSEX26O0172600CE,189.25,6260,BUY_AGGRESSOR,61661960,1278460
2026-09-30 15:29:58.195,SENSEX,PE,72600.0,SENSEX26O0172600PE,331.0,8080,SELL_AGGRESSOR,94116320,592260
2026-09-30 15:29:58.195,SENSEX,CE,72700.0,SENSEX26O0172700CE,154.2,10440,BUY_AGGRESSOR,92538660,1665700
2026-09-30 15:29:58.195,SENSEX,PE,72700.0,SENSEX26O0172700PE,394.0,1220,SELL_AGGRESSOR,104072920,546220
2026-09-30 15:29:58.195,SENSEX,CE,72800.0,SENSEX26O0172800CE,123.85,11360,BUY_AGGRESSOR,101446420,1701580
2026-09-30 15:29:58.195,SENSEX,PE,72800.0,SENSEX26O0172800PE,464.5,800,SELL_AGGRESSOR,89985260,474440
2026-09-30 15:29:58.195,SENSEX,CE,72900.0,SENSEX26O0172900CE,98.0,5700,BUY_AGGRESSOR,82434000,1310360
2026-09-30 15:29:58.195,SENSEX,PE,72900.0,SENSEX26O0172900PE,540.35,100,SELL_AGGRESSOR,51442020,273460
2026-09-30 15:29:58.195,SENSEX,CE,73000.0,SENSEX26O0173000CE,78.35,6920,BUY_AGGRESSOR,156256980,3552740
2026-09-30 15:29:58.195,SENSEX,PE,73000.0,SENSEX26O0173000PE,619.4,2220,SELL_AGGRESSOR,54343080,549260
2026-09-30 15:29:58.195,SENSEX,CE,73100.0,SENSEX26O0173100CE,61.8,2220,BUY_AGGRESSOR,69041760,1209740
2026-09-30 15:29:58.195,SENSEX,PE,73100.0,SENSEX26O0173100PE,705.2,220,SELL_AGGRESSOR,12861820,158700
2026-09-30 15:30:02.443,SENSEX,FUT,0.0,SENSEX26OCTFUT,73040.3,20,BUY,33380,94100
2026-09-30 15:30:02.443,SENSEX,CE,71900.0,SENSEX26O0171900CE,631.35,20,BUY,412480,47660
2026-09-30 15:30:02.443,SENSEX,PE,71900.0,SENSEX26O0171900PE,75.05,23400,BUY_AGGRESSOR,49964220,774740
2026-09-30 15:30:02.443,SENSEX,CE,72000.0,SENSEX26O0172000CE,553.4,340,BUY_AGGRESSOR,4279300,215060
2026-09-30 15:30:02.443,SENSEX,PE,72000.0,SENSEX26O0172000PE,97.45,57480,BUY_AGGRESSOR,159609780,2543540
2026-09-30 15:30:02.443,SENSEX,CE,72100.0,SENSEX26O0172100CE,477.65,1180,SELL_AGGRESSOR,1506660,63880
2026-09-30 15:30:02.443,SENSEX,PE,72100.0,SENSEX26O0172100PE,124.15,24180,BUY_AGGRESSOR,60184640,782460
2026-09-30 15:30:02.443,SENSEX,CE,72200.0,SENSEX26O0172200CE,409.85,820,BUY_AGGRESSOR,3977000,162640
2026-09-30 15:30:02.443,SENSEX,PE,72200.0,SENSEX26O0172200PE,154.9,15400,BUY_AGGRESSOR,70348300,960620
2026-09-30 15:30:02.443,SENSEX,CE,72300.0,SENSEX26O0172300CE,342.8,2800,BUY,8513520,304480
2026-09-30 15:30:02.443,SENSEX,PE,72300.0,SENSEX26O0172300PE,192.5,21840,BUY_AGGRESSOR,80016060,1142420
2026-09-30 15:30:02.443,SENSEX,CE,72400.0,SENSEX26O0172400CE,283.25,6700,SELL_AGGRESSOR,20851720,710100
2026-09-30 15:30:02.443,SENSEX,PE,72400.0,SENSEX26O0172400PE,233.75,35600,BUY_AGGRESSOR,88193800,1177500
2026-09-30 15:30:02.443,SENSEX,CE,72500.0,SENSEX26O0172500CE,232.0,52020,SELL_AGGRESSOR,59876500,2150860
2026-09-30 15:30:02.443,SENSEX,PE,72500.0,SENSEX26O0172500PE,281.8,39680,BUY_AGGRESSOR,150426820,2027500
2026-09-30 15:30:02.443,SENSEX,CE,72600.0,SENSEX26O0172600CE,189.85,13380,BUY_AGGRESSOR,61675340,1278460
2026-09-30 15:30:02.443,SENSEX,PE,72600.0,SENSEX26O0172600PE,339.0,8200,BUY_AGGRESSOR,94124520,592260
2026-09-30 15:30:02.443,SENSEX,CE,72700.0,SENSEX26O0172700CE,154.3,22860,BUY_AGGRESSOR,92561520,1665700
2026-09-30 15:30:02.443,SENSEX,PE,72700.0,SENSEX26O0172700PE,402.0,2720,BUY_AGGRESSOR,104075640,546220
2026-09-30 15:30:02.443,SENSEX,CE,72800.0,SENSEX26O0172800CE,123.35,30220,SELL_AGGRESSOR,101476640,1701580
2026-09-30 15:30:02.443,SENSEX,PE,72800.0,SENSEX26O0172800PE,473.4,5180,BUY_AGGRESSOR,89990440,474440
2026-09-30 15:30:02.443,SENSEX,CE,72900.0,SENSEX26O0172900CE,99.0,16280,BUY_AGGRESSOR,82450280,1310360
2026-09-30 15:30:02.443,SENSEX,PE,72900.0,SENSEX26O0172900PE,547.0,2860,BUY_AGGRESSOR,51444880,273460
2026-09-30 15:30:02.443,SENSEX,CE,73000.0,SENSEX26O0173000CE,79.05,36800,BUY_AGGRESSOR,156293780,3552740
2026-09-30 15:30:02.443,SENSEX,PE,73000.0,SENSEX26O0173000PE,628.6,20100,BUY_AGGRESSOR,54363180,549260
2026-09-30 15:30:02.443,SENSEX,CE,73100.0,SENSEX26O0173100CE,62.8,28120,BUY_AGGRESSOR,69069880,1209740
2026-09-30 15:30:02.443,SENSEX,PE,73100.0,SENSEX26O0173100PE,704.5,100,SELL,12861920,158700
2026-09-30 15:30:06.449,SENSEX,PE,71900.0,SENSEX26O0171900PE,75.5,32100,BUY_AGGRESSOR,49996320,774740
2026-09-30 15:30:06.449,SENSEX,CE,72000.0,SENSEX26O0172000CE,549.15,1700,SELL_AGGRESSOR,4281000,215060
2026-09-30 15:30:06.449,SENSEX,PE,72000.0,SENSEX26O0172000PE,96.7,43320,SELL_AGGRESSOR,159653100,2543540
2026-09-30 15:30:06.449,SENSEX,PE,72100.0,SENSEX26O0172100PE,122.6,14300,SELL_AGGRESSOR,60198940,782460
2026-09-30 15:30:06.449,SENSEX,CE,72200.0,SENSEX26O0172200CE,406.15,420,BUY_AGGRESSOR,3977420,162640
2026-09-30 15:30:06.449,SENSEX,PE,72200.0,SENSEX26O0172200PE,153.45,10420,SELL_AGGRESSOR,70358720,960620
2026-09-30 15:30:06.449,SENSEX,CE,72300.0,SENSEX26O0172300CE,343.8,940,BUY_AGGRESSOR,8514460,304480
2026-09-30 15:30:06.449,SENSEX,PE,72300.0,SENSEX26O0172300PE,190.75,9360,SELL_AGGRESSOR,80025420,1142420
2026-09-30 15:30:06.449,SENSEX,CE,72400.0,SENSEX26O0172400CE,284.2,5020,BUY_AGGRESSOR,20856740,710100
2026-09-30 15:30:06.449,SENSEX,PE,72400.0,SENSEX26O0172400PE,231.55,12660,SELL_AGGRESSOR,88206460,1177500
2026-09-30 15:30:06.449,SENSEX,CE,72500.0,SENSEX26O0172500CE,233.7,10940,BUY_AGGRESSOR,59887440,2150860
2026-09-30 15:30:06.449,SENSEX,PE,72500.0,SENSEX26O0172500PE,279.8,20780,SELL_AGGRESSOR,150447600,2027500
2026-09-30 15:30:06.449,SENSEX,CE,72600.0,SENSEX26O0172600CE,190.85,9160,BUY_AGGRESSOR,61684500,1278460
2026-09-30 15:30:06.449,SENSEX,PE,72600.0,SENSEX26O0172600PE,336.85,3200,SELL_AGGRESSOR,94127720,592260
2026-09-30 15:30:06.449,SENSEX,CE,72700.0,SENSEX26O0172700CE,155.8,6080,BUY_AGGRESSOR,92567600,1665700
2026-09-30 15:30:06.449,SENSEX,PE,72700.0,SENSEX26O0172700PE,401.7,2000,SELL_AGGRESSOR,104077640,546220
2026-09-30 15:30:06.449,SENSEX,CE,72800.0,SENSEX26O0172800CE,124.95,17680,BUY_AGGRESSOR,101494320,1701580
2026-09-30 15:30:06.449,SENSEX,PE,72800.0,SENSEX26O0172800PE,469.9,3720,SELL_AGGRESSOR,89994160,474440
2026-09-30 15:30:06.449,SENSEX,CE,72900.0,SENSEX26O0172900CE,99.65,16020,BUY_AGGRESSOR,82466300,1310360
2026-09-30 15:30:06.449,SENSEX,PE,72900.0,SENSEX26O0172900PE,545.95,800,SELL_AGGRESSOR,51445680,273460
2026-09-30 15:30:06.449,SENSEX,CE,73000.0,SENSEX26O0173000CE,80.0,33620,BUY_AGGRESSOR,156327400,3552740
2026-09-30 15:30:06.449,SENSEX,PE,73000.0,SENSEX26O0173000PE,625.15,380,SELL_AGGRESSOR,54363560,549260
2026-09-30 15:30:06.449,SENSEX,CE,73100.0,SENSEX26O0173100CE,63.5,17700,BUY_AGGRESSOR,69087580,1209740
2026-09-30 15:30:06.449,SENSEX,PE,73100.0,SENSEX26O0173100PE,709.05,280,SELL_AGGRESSOR,12862200,158700
2026-09-30 15:30:10.370,SENSEX,PE,71900.0,SENSEX26O0171900PE,75.95,16940,BUY_AGGRESSOR,50013260,774740
2026-09-30 15:30:10.370,SENSEX,CE,72000.0,SENSEX26O0172000CE,547.1,520,SELL_AGGRESSOR,4281520,215060
2026-09-30 15:30:10.370,SENSEX,PE,72000.0,SENSEX26O0172000PE,97.6,21160,BUY_AGGRESSOR,159674260,2543540
2026-09-30 15:30:10.370,SENSEX,CE,72100.0,SENSEX26O0172100CE,472.5,1100,SELL_AGGRESSOR,1507760,63880
2026-09-30 15:30:10.370,SENSEX,PE,72100.0,SENSEX26O0172100PE,123.85,20300,BUY_AGGRESSOR,60219240,782460
2026-09-30 15:30:10.370,SENSEX,CE,72200.0,SENSEX26O0172200CE,403.75,80,SELL_AGGRESSOR,3977500,162640
2026-09-30 15:30:10.370,SENSEX,PE,72200.0,SENSEX26O0172200PE,155.05,7000,BUY_AGGRESSOR,70365720,960620
2026-09-30 15:30:10.370,SENSEX,CE,72300.0,SENSEX26O0172300CE,340.4,940,SELL_AGGRESSOR,8515400,304480
2026-09-30 15:30:10.370,SENSEX,PE,72300.0,SENSEX26O0172300PE,191.75,8080,BUY_AGGRESSOR,80033500,1142420
2026-09-30 15:30:10.370,SENSEX,CE,72400.0,SENSEX26O0172400CE,282.2,2580,SELL_AGGRESSOR,20859320,710100
2026-09-30 15:30:10.370,SENSEX,PE,72400.0,SENSEX26O0172400PE,233.45,11440,BUY_AGGRESSOR,88217900,1177500
2026-09-30 15:30:10.370,SENSEX,CE,72500.0,SENSEX26O0172500CE,231.85,9740,SELL_AGGRESSOR,59897180,2150860
2026-09-30 15:30:10.370,SENSEX,PE,72500.0,SENSEX26O0172500PE,281.8,7260,BUY_AGGRESSOR,150454860,2027500
2026-09-30 15:30:10.370,SENSEX,CE,72600.0,SENSEX26O0172600CE,189.35,9660,SELL_AGGRESSOR,61694160,1278460
2026-09-30 15:30:10.370,SENSEX,PE,72600.0,SENSEX26O0172600PE,339.85,1840,BUY_AGGRESSOR,94129560,592260
2026-09-30 15:30:10.370,SENSEX,CE,72700.0,SENSEX26O0172700CE,154.0,5980,SELL_AGGRESSOR,92573580,1665700
2026-09-30 15:30:10.370,SENSEX,PE,72700.0,SENSEX26O0172700PE,404.65,2060,BUY_AGGRESSOR,104079700,546220
2026-09-30 15:30:10.370,SENSEX,CE,72800.0,SENSEX26O0172800CE,123.9,9840,SELL_AGGRESSOR,101504160,1701580
2026-09-30 15:30:10.370,SENSEX,PE,72800.0,SENSEX26O0172800PE,472.95,1960,BUY_AGGRESSOR,89996120,474440
2026-09-30 15:30:10.370,SENSEX,CE,72900.0,SENSEX26O0172900CE,99.4,7420,SELL_AGGRESSOR,82473720,1310360
2026-09-30 15:30:10.370,SENSEX,PE,72900.0,SENSEX26O0172900PE,550.15,860,BUY_AGGRESSOR,51446540,273460
2026-09-30 15:30:10.370,SENSEX,CE,73000.0,SENSEX26O0173000CE,79.45,18720,SELL_AGGRESSOR,156346120,3552740
2026-09-30 15:30:10.370,SENSEX,PE,73000.0,SENSEX26O0173000PE,629.0,3540,BUY_AGGRESSOR,54367100,549260
2026-09-30 15:30:10.370,SENSEX,CE,73100.0,SENSEX26O0173100CE,63.05,12960,SELL_AGGRESSOR,69100540,1209740
2026-09-30 15:30:10.370,SENSEX,PE,73100.0,SENSEX26O0173100PE,712.85,20,BUY_AGGRESSOR,12862220,158700
2026-09-30 15:30:14.491,SENSEX,FUT,0.0,SENSEX26OCTFUT,73035.95,40,BUY_AGGRESSOR,33420,94100
2026-09-30 15:30:14.491,SENSEX,CE,71900.0,SENSEX26O0171900CE,626.75,20,BUY_AGGRESSOR,412500,47660
2026-09-30 15:30:14.491,SENSEX,PE,71900.0,SENSEX26O0171900PE,76.5,10180,BUY_AGGRESSOR,50023440,774740
2026-09-30 15:30:14.491,SENSEX,CE,72000.0,SENSEX26O0172000CE,544.7,400,SELL_AGGRESSOR,4281920,215060
2026-09-30 15:30:14.491,SENSEX,PE,72000.0,SENSEX26O0172000PE,98.5,22140,BUY_AGGRESSOR,159696400,2543540
2026-09-30 15:30:14.491,SENSEX,CE,72100.0,SENSEX26O0172100CE,471.0,1160,SELL_AGGRESSOR,1508920,63880
2026-09-30 15:30:14.491,SENSEX,PE,72100.0,SENSEX26O0172100PE,124.35,16900,BUY_AGGRESSOR,60236140,782460
2026-09-30 15:30:14.491,SENSEX,CE,72200.0,SENSEX26O0172200CE,403.8,220,BUY,3977720,162640
2026-09-30 15:30:14.491,SENSEX,PE,72200.0,SENSEX26O0172200PE,155.75,27360,BUY_AGGRESSOR,70393080,960620
2026-09-30 15:30:14.491,SENSEX,CE,72300.0,SENSEX26O0172300CE,339.6,840,SELL_AGGRESSOR,8516240,304480
2026-09-30 15:30:14.491,SENSEX,PE,72300.0,SENSEX26O0172300PE,191.8,10260,BUY_AGGRESSOR,80043760,1142420
2026-09-30 15:30:14.491,SENSEX,CE,72400.0,SENSEX26O0172400CE,282.15,6180,SELL,20865500,710100
2026-09-30 15:30:14.491,SENSEX,PE,72400.0,SENSEX26O0172400PE,234.0,12980,BUY_AGGRESSOR,88230880,1177500
2026-09-30 15:30:14.491,SENSEX,CE,72500.0,SENSEX26O0172500CE,232.15,9080,BUY_AGGRESSOR,59906260,2150860
2026-09-30 15:30:14.491,SENSEX,PE,72500.0,SENSEX26O0172500PE,282.4,16620,BUY_AGGRESSOR,150471480,2027500
2026-09-30 15:30:14.491,SENSEX,CE,72600.0,SENSEX26O0172600CE,189.75,13440,BUY_AGGRESSOR,61707600,1278460
2026-09-30 15:30:14.491,SENSEX,PE,72600.0,SENSEX26O0172600PE,340.1,6420,BUY_AGGRESSOR,94135980,592260
2026-09-30 15:30:14.491,SENSEX,CE,72700.0,SENSEX26O0172700CE,154.9,5400,BUY_AGGRESSOR,92578980,1665700
2026-09-30 15:30:14.491,SENSEX,PE,72700.0,SENSEX26O0172700PE,405.0,1640,BUY_AGGRESSOR,104081340,546220
2026-09-30 15:30:14.491,SENSEX,CE,72800.0,SENSEX26O0172800CE,125.2,32740,BUY_AGGRESSOR,101536900,1701580
2026-09-30 15:30:14.491,SENSEX,PE,72800.0,SENSEX26O0172800PE,474.0,1160,BUY_AGGRESSOR,89997280,474440
2026-09-30 15:30:14.491,SENSEX,CE,72900.0,SENSEX26O0172900CE,99.5,12740,BUY_AGGRESSOR,82486460,1310360
2026-09-30 15:30:14.491,SENSEX,PE,72900.0,SENSEX26O0172900PE,550.3,540,BUY_AGGRESSOR,51447080,273460
2026-09-30 15:30:14.491,SENSEX,CE,73000.0,SENSEX26O0173000CE,80.0,35340,BUY_AGGRESSOR,156381460,3552740
2026-09-30 15:30:14.491,SENSEX,PE,73000.0,SENSEX26O0173000PE,633.75,2860,BUY_AGGRESSOR,54369960,549260
2026-09-30 15:30:14.491,SENSEX,CE,73100.0,SENSEX26O0173100CE,63.7,8360,BUY_AGGRESSOR,69108900,1209740
2026-09-30 15:30:14.491,SENSEX,PE,73100.0,SENSEX26O0173100PE,714.5,240,BUY_AGGRESSOR,12862460,158700
2026-09-30 15:30:18.519,SENSEX,CE,71900.0,SENSEX26O0171900CE,643.8,1980,BUY_AGGRESSOR,414480,47660
2026-09-30 15:30:18.519,SENSEX,PE,71900.0,SENSEX26O0171900PE,74.7,10980,SELL_AGGRESSOR,50034420,774740
2026-09-30 15:30:18.519,SENSEX,CE,72000.0,SENSEX26O0172000CE,554.7,1880,BUY_AGGRESSOR,4283800,215060
2026-09-30 15:30:18.519,SENSEX,PE,72000.0,SENSEX26O0172000PE,95.65,31880,SELL_AGGRESSOR,159728280,2543540
2026-09-30 15:30:18.519,SENSEX,CE,72100.0,SENSEX26O0172100CE,476.15,820,BUY_AGGRESSOR,1509740,63880
2026-09-30 15:30:18.519,SENSEX,PE,72100.0,SENSEX26O0172100PE,121.45,8320,SELL_AGGRESSOR,60244460,782460
2026-09-30 15:30:18.519,SENSEX,CE,72200.0,SENSEX26O0172200CE,411.95,4920,BUY_AGGRESSOR,3982640,162640
2026-09-30 15:30:18.519,SENSEX,PE,72200.0,SENSEX26O0172200PE,151.65,27460,SELL_AGGRESSOR,70420540,960620
2026-09-30 15:30:18.519,SENSEX,CE,72300.0,SENSEX26O0172300CE,345.6,4620,BUY_AGGRESSOR,8520860,304480
2026-09-30 15:30:18.519,SENSEX,PE,72300.0,SENSEX26O0172300PE,187.65,13160,SELL_AGGRESSOR,80056920,1142420
2026-09-30 15:30:18.519,SENSEX,CE,72400.0,SENSEX26O0172400CE,287.95,11380,BUY_AGGRESSOR,20876880,710100
2026-09-30 15:30:18.519,SENSEX,PE,72400.0,SENSEX26O0172400PE,229.7,14580,SELL_AGGRESSOR,88245460,1177500
2026-09-30 15:30:18.519,SENSEX,CE,72500.0,SENSEX26O0172500CE,237.25,23340,BUY_AGGRESSOR,59929600,2150860
2026-09-30 15:30:18.519,SENSEX,PE,72500.0,SENSEX26O0172500PE,276.0,21460,SELL_AGGRESSOR,150492940,2027500
2026-09-30 15:30:18.519,SENSEX,CE,72600.0,SENSEX26O0172600CE,194.0,13600,BUY_AGGRESSOR,61721200,1278460
2026-09-30 15:30:18.519,SENSEX,PE,72600.0,SENSEX26O0172600PE,333.3,14320,SELL_AGGRESSOR,94150300,592260
2026-09-30 15:30:18.519,SENSEX,CE,72700.0,SENSEX26O0172700CE,157.45,16220,BUY_AGGRESSOR,92595200,1665700
2026-09-30 15:30:18.519,SENSEX,PE,72700.0,SENSEX26O0172700PE,397.8,3220,SELL_AGGRESSOR,104084560,546220
2026-09-30 15:30:18.519,SENSEX,CE,72800.0,SENSEX26O0172800CE,126.8,35940,BUY_AGGRESSOR,101572840,1701580
2026-09-30 15:30:18.519,SENSEX,PE,72800.0,SENSEX26O0172800PE,467.35,7340,SELL_AGGRESSOR,90004620,474440
2026-09-30 15:30:18.519,SENSEX,CE,72900.0,SENSEX26O0172900CE,101.7,12380,BUY_AGGRESSOR,82498840,1310360
2026-09-30 15:30:18.519,SENSEX,PE,72900.0,SENSEX26O0172900PE,541.2,2380,SELL_AGGRESSOR,51449460,273460
2026-09-30 15:30:18.519,SENSEX,CE,73000.0,SENSEX26O0173000CE,81.85,62640,BUY_AGGRESSOR,156444100,3552740
2026-09-30 15:30:18.519,SENSEX,PE,73000.0,SENSEX26O0173000PE,624.35,2080,SELL_AGGRESSOR,54372040,549260
2026-09-30 15:30:18.519,SENSEX,CE,73100.0,SENSEX26O0173100CE,64.85,14140,BUY_AGGRESSOR,69123040,1209740
2026-09-30 15:30:18.519,SENSEX,PE,73100.0,SENSEX26O0173100PE,705.8,1860,SELL_AGGRESSOR,12864320,158700
2026-09-30 15:30:22.580,SENSEX,CE,71900.0,SENSEX26O0171900CE,624.35,940,SELL_AGGRESSOR,415420,47660
2026-09-30 15:30:22.580,SENSEX,PE,71900.0,SENSEX26O0171900PE,76.25,13900,BUY_AGGRESSOR,50048320,774740
2026-09-30 15:30:22.580,SENSEX,CE,72000.0,SENSEX26O0172000CE,543.65,2040,SELL_AGGRESSOR,4285840,215060
2026-09-30 15:30:22.580,SENSEX,PE,72000.0,SENSEX26O0172000PE,97.65,37400,BUY_AGGRESSOR,159765680,2543540
2026-09-30 15:30:22.580,SENSEX,CE,72100.0,SENSEX26O0172100CE,470.8,2140,SELL_AGGRESSOR,1511880,63880
2026-09-30 15:30:22.580,SENSEX,PE,72100.0,SENSEX26O0172100PE,122.15,17540,BUY_AGGRESSOR,60262000,782460
2026-09-30 15:30:22.580,SENSEX,CE,72200.0,SENSEX26O0172200CE,402.0,540,SELL_AGGRESSOR,3983180,162640
2026-09-30 15:30:22.580,SENSEX,PE,72200.0,SENSEX26O0172200PE,155.25,26200,BUY_AGGRESSOR,70446740,960620
2026-09-30 15:30:22.580,SENSEX,CE,72300.0,SENSEX26O0172300CE,341.65,2660,SELL_AGGRESSOR,8523520,304480
2026-09-30 15:30:22.580,SENSEX,PE,72300.0,SENSEX26O0172300PE,189.25,12360,BUY_AGGRESSOR,80069280,1142420
2026-09-30 15:30:22.580,SENSEX,CE,72400.0,SENSEX26O0172400CE,282.25,5720,SELL_AGGRESSOR,20882600,710100
2026-09-30 15:30:22.580,SENSEX,PE,72400.0,SENSEX26O0172400PE,231.3,15760,BUY_AGGRESSOR,88261220,1177500
2026-09-30 15:30:22.580,SENSEX,CE,72500.0,SENSEX26O0172500CE,232.7,62380,SELL_AGGRESSOR,59991980,2150860
2026-09-30 15:30:22.580,SENSEX,PE,72500.0,SENSEX26O0172500PE,278.55,11860,BUY_AGGRESSOR,150504800,2027500
2026-09-30 15:30:22.580,SENSEX,CE,72600.0,SENSEX26O0172600CE,190.4,14700,SELL_AGGRESSOR,61735900,1278460
2026-09-30 15:30:22.580,SENSEX,PE,72600.0,SENSEX26O0172600PE,337.8,3120,BUY_AGGRESSOR,94153420,592260
2026-09-30 15:30:22.580,SENSEX,CE,72700.0,SENSEX26O0172700CE,155.3,17320,SELL_AGGRESSOR,92612520,1665700
2026-09-30 15:30:22.580,SENSEX,PE,72700.0,SENSEX26O0172700PE,402.0,3320,BUY_AGGRESSOR,104087880,546220
2026-09-30 15:30:22.580,SENSEX,CE,72800.0,SENSEX26O0172800CE,124.5,23680,SELL_AGGRESSOR,101596520,1701580
2026-09-30 15:30:22.580,SENSEX,PE,72800.0,SENSEX26O0172800PE,471.05,19880,BUY_AGGRESSOR,90024500,474440
2026-09-30 15:30:22.580,SENSEX,CE,72900.0,SENSEX26O0172900CE,99.55,21580,SELL_AGGRESSOR,82520420,1310360
2026-09-30 15:30:22.580,SENSEX,PE,72900.0,SENSEX26O0172900PE,548.2,900,BUY_AGGRESSOR,51450360,273460
2026-09-30 15:30:22.580,SENSEX,CE,73000.0,SENSEX26O0173000CE,80.15,30660,SELL_AGGRESSOR,156474760,3552740
2026-09-30 15:30:22.580,SENSEX,PE,73000.0,SENSEX26O0173000PE,625.5,2700,BUY_AGGRESSOR,54374740,549260
2026-09-30 15:30:22.580,SENSEX,CE,73100.0,SENSEX26O0173100CE,63.95,10320,SELL_AGGRESSOR,69133360,1209740
2026-09-30 15:30:22.580,SENSEX,PE,73100.0,SENSEX26O0173100PE,716.9,720,BUY_AGGRESSOR,12865040,158700
2026-09-30 15:30:26.549,SENSEX,CE,71900.0,SENSEX26O0171900CE,623.95,160,SELL,415580,47660
2026-09-30 15:30:26.549,SENSEX,PE,71900.0,SENSEX26O0171900PE,76.2,6000,SELL_AGGRESSOR,50054320,774740
2026-09-30 15:30:26.549,SENSEX,CE,72000.0,SENSEX26O0172000CE,543.0,200,SELL_AGGRESSOR,4286040,215060
2026-09-30 15:30:26.549,SENSEX,PE,72000.0,SENSEX26O0172000PE,98.0,21300,BUY_AGGRESSOR,159786980,2543540
2026-09-30 15:30:26.549,SENSEX,CE,72100.0,SENSEX26O0172100CE,471.15,40,BUY,1511920,63880
2026-09-30 15:30:26.549,SENSEX,PE,72100.0,SENSEX26O0172100PE,124.2,25960,BUY_AGGRESSOR,60287960,782460
2026-09-30 15:30:26.549,SENSEX,CE,72200.0,SENSEX26O0172200CE,401.65,240,SELL_AGGRESSOR,3983420,162640
2026-09-30 15:30:26.549,SENSEX,PE,72200.0,SENSEX26O0172200PE,155.9,20520,BUY_AGGRESSOR,70467260,960620
2026-09-30 15:30:26.549,SENSEX,CE,72300.0,SENSEX26O0172300CE,339.9,1940,SELL_AGGRESSOR,8525460,304480
2026-09-30 15:30:26.549,SENSEX,PE,72300.0,SENSEX26O0172300PE,192.05,7820,BUY_AGGRESSOR,80077100,1142420
2026-09-30 15:30:26.549,SENSEX,CE,72400.0,SENSEX26O0172400CE,281.55,5880,SELL_AGGRESSOR,20888480,710100
2026-09-30 15:30:26.549,SENSEX,PE,72400.0,SENSEX26O0172400PE,234.6,15960,BUY_AGGRESSOR,88277180,1177500
2026-09-30 15:30:26.549,SENSEX,CE,72500.0,SENSEX26O0172500CE,231.0,52880,SELL_AGGRESSOR,60044860,2150860
2026-09-30 15:30:26.549,SENSEX,PE,72500.0,SENSEX26O0172500PE,282.5,12400,BUY_AGGRESSOR,150517200,2027500
2026-09-30 15:30:26.549,SENSEX,CE,72600.0,SENSEX26O0172600CE,189.0,10460,SELL_AGGRESSOR,61746360,1278460
2026-09-30 15:30:26.549,SENSEX,PE,72600.0,SENSEX26O0172600PE,341.0,1500,BUY_AGGRESSOR,94154920,592260
2026-09-30 15:30:26.549,SENSEX,CE,72700.0,SENSEX26O0172700CE,154.35,13940,SELL_AGGRESSOR,92626460,1665700
2026-09-30 15:30:26.549,SENSEX,PE,72700.0,SENSEX26O0172700PE,404.55,1740,BUY_AGGRESSOR,104089620,546220
2026-09-30 15:30:26.549,SENSEX,CE,72800.0,SENSEX26O0172800CE,123.95,23600,SELL_AGGRESSOR,101620120,1701580
2026-09-30 15:30:26.549,SENSEX,PE,72800.0,SENSEX26O0172800PE,475.25,320,BUY_AGGRESSOR,90024820,474440
2026-09-30 15:30:26.549,SENSEX,CE,72900.0,SENSEX26O0172900CE,99.55,14000,SELL_AGGRESSOR,82534420,1310360
2026-09-30 15:30:26.549,SENSEX,PE,72900.0,SENSEX26O0172900PE,550.95,340,BUY_AGGRESSOR,51450700,273460
2026-09-30 15:30:26.549,SENSEX,CE,73000.0,SENSEX26O0173000CE,80.75,17240,BUY_AGGRESSOR,156492000,3552740
2026-09-30 15:30:26.549,SENSEX,PE,73000.0,SENSEX26O0173000PE,633.0,1860,BUY_AGGRESSOR,54376600,549260
2026-09-30 15:30:26.549,SENSEX,CE,73100.0,SENSEX26O0173100CE,63.25,5300,SELL_AGGRESSOR,69138660,1209740
2026-09-30 15:30:26.549,SENSEX,PE,73100.0,SENSEX26O0173100PE,710.3,100,SELL,12865140,158700
2026-09-30 15:30:30.627,SENSEX,CE,71900.0,SENSEX26O0171900CE,627.5,140,BUY_AGGRESSOR,415720,47660
2026-09-30 15:30:30.627,SENSEX,PE,71900.0,SENSEX26O0171900PE,75.75,5520,SELL_AGGRESSOR,50059840,774740
2026-09-30 15:30:30.627,SENSEX,CE,72000.0,SENSEX26O0172000CE,543.95,140,BUY_AGGRESSOR,4286180,215060
2026-09-30 15:30:30.627,SENSEX,PE,72000.0,SENSEX26O0172000PE,97.6,19060,SELL_AGGRESSOR,159806040,2543540
2026-09-30 15:30:30.627,SENSEX,CE,72100.0,SENSEX26O0172100CE,473.5,80,BUY_AGGRESSOR,1512000,63880
2026-09-30 15:30:30.627,SENSEX,PE,72100.0,SENSEX26O0172100PE,123.9,13360,SELL_AGGRESSOR,60301320,782460
2026-09-30 15:30:30.627,SENSEX,CE,72200.0,SENSEX26O0172200CE,402.45,200,BUY,3983620,162640
2026-09-30 15:30:30.627,SENSEX,PE,72200.0,SENSEX26O0172200PE,156.6,11200,BUY_AGGRESSOR,70478460,960620
2026-09-30 15:30:30.627,SENSEX,CE,72300.0,SENSEX26O0172300CE,337.1,400,SELL_AGGRESSOR,8525860,304480
2026-09-30 15:30:30.627,SENSEX,PE,72300.0,SENSEX26O0172300PE,191.9,8760,SELL_AGGRESSOR,80085860,1142420
2026-09-30 15:30:30.627,SENSEX,CE,72400.0,SENSEX26O0172400CE,280.5,980,SELL_AGGRESSOR,20889460,710100
2026-09-30 15:30:30.627,SENSEX,PE,72400.0,SENSEX26O0172400PE,234.05,8260,SELL_AGGRESSOR,88285440,1177500
2026-09-30 15:30:30.627,SENSEX,CE,72500.0,SENSEX26O0172500CE,229.4,12280,SELL_AGGRESSOR,60057140,2150860
2026-09-30 15:30:30.627,SENSEX,PE,72500.0,SENSEX26O0172500PE,282.85,19200,BUY,150536400,2027500
2026-09-30 15:30:30.627,SENSEX,CE,72600.0,SENSEX26O0172600CE,188.35,8540,SELL_AGGRESSOR,61754900,1278460
2026-09-30 15:30:30.627,SENSEX,PE,72600.0,SENSEX26O0172600PE,340.6,3120,SELL_AGGRESSOR,94158040,592260
2026-09-30 15:30:30.627,SENSEX,CE,72700.0,SENSEX26O0172700CE,153.15,5680,SELL_AGGRESSOR,92632140,1665700
2026-09-30 15:30:30.627,SENSEX,PE,72700.0,SENSEX26O0172700PE,406.0,1820,BUY_AGGRESSOR,104091440,546220
2026-09-30 15:30:30.627,SENSEX,CE,72800.0,SENSEX26O0172800CE,123.5,14680,SELL_AGGRESSOR,101634800,1701580
2026-09-30 15:30:30.627,SENSEX,PE,72800.0,SENSEX26O0172800PE,476.05,2180,BUY_AGGRESSOR,90027000,474440
2026-09-30 15:30:30.627,SENSEX,CE,72900.0,SENSEX26O0172900CE,98.45,6700,SELL_AGGRESSOR,82541120,1310360
2026-09-30 15:30:30.627,SENSEX,PE,72900.0,SENSEX26O0172900PE,552.0,680,BUY,51451380,273460
2026-09-30 15:30:30.627,SENSEX,CE,73000.0,SENSEX26O0173000CE,79.35,18920,SELL_AGGRESSOR,156510920,3552740
2026-09-30 15:30:30.627,SENSEX,PE,73000.0,SENSEX26O0173000PE,633.0,960,BUY_AGGRESSOR,54377560,549260
2026-09-30 15:30:30.627,SENSEX,CE,73100.0,SENSEX26O0173100CE,62.9,5680,SELL_AGGRESSOR,69144340,1209740
2026-09-30 15:30:30.627,SENSEX,PE,73100.0,SENSEX26O0173100PE,711.35,20,SELL_AGGRESSOR,12865160,158700
2026-09-30 15:30:34.657,SENSEX,CE,71900.0,SENSEX26O0171900CE,623.4,60,SELL,415780,47660
2026-09-30 15:30:34.657,SENSEX,PE,71900.0,SENSEX26O0171900PE,75.05,4260,SELL_AGGRESSOR,50064100,774740
2026-09-30 15:30:34.657,SENSEX,CE,72000.0,SENSEX26O0172000CE,544.5,160,BUY,4286340,215060
2026-09-30 15:30:34.657,SENSEX,PE,72000.0,SENSEX26O0172000PE,96.15,12740,SELL_AGGRESSOR,159818780,2543540
2026-09-30 15:30:34.657,SENSEX,PE,72100.0,SENSEX26O0172100PE,122.25,10280,SELL_AGGRESSOR,60311600,782460
2026-09-30 15:30:34.657,SENSEX,CE,72200.0,SENSEX26O0172200CE,401.85,100,SELL,3983720,162640
2026-09-30 15:30:34.657,SENSEX,PE,72200.0,SENSEX26O0172200PE,154.05,5380,SELL_AGGRESSOR,70483840,960620
2026-09-30 15:30:34.657,SENSEX,CE,72300.0,SENSEX26O0172300CE,338.45,3140,BUY_AGGRESSOR,8529000,304480
2026-09-30 15:30:34.657,SENSEX,PE,72300.0,SENSEX26O0172300PE,189.8,10140,SELL_AGGRESSOR,80096000,1142420
2026-09-30 15:30:34.657,SENSEX,CE,72400.0,SENSEX26O0172400CE,280.85,3360,BUY_AGGRESSOR,20892820,710100
2026-09-30 15:30:34.657,SENSEX,PE,72400.0,SENSEX26O0172400PE,232.35,8760,SELL_AGGRESSOR,88294200,1177500
2026-09-30 15:30:34.657,SENSEX,CE,72500.0,SENSEX26O0172500CE,230.65,5520,BUY_AGGRESSOR,60062660,2150860
2026-09-30 15:30:34.657,SENSEX,PE,72500.0,SENSEX26O0172500PE,281.1,16820,SELL_AGGRESSOR,150553220,2027500
2026-09-30 15:30:34.657,SENSEX,CE,72600.0,SENSEX26O0172600CE,188.55,2940,BUY_AGGRESSOR,61757840,1278460
2026-09-30 15:30:34.657,SENSEX,PE,72600.0,SENSEX26O0172600PE,338.9,3100,SELL_AGGRESSOR,94161140,592260
2026-09-30 15:30:34.657,SENSEX,CE,72700.0,SENSEX26O0172700CE,153.75,6600,BUY_AGGRESSOR,92638740,1665700
2026-09-30 15:30:34.657,SENSEX,PE,72700.0,SENSEX26O0172700PE,403.7,2480,SELL_AGGRESSOR,104093920,546220
2026-09-30 15:30:34.657,SENSEX,CE,72800.0,SENSEX26O0172800CE,123.05,7100,SELL_AGGRESSOR,101641900,1701580
2026-09-30 15:30:34.657,SENSEX,PE,72800.0,SENSEX26O0172800PE,474.75,660,SELL_AGGRESSOR,90027660,474440
2026-09-30 15:30:34.657,SENSEX,CE,72900.0,SENSEX26O0172900CE,98.7,3120,BUY_AGGRESSOR,82544240,1310360
2026-09-30 15:30:34.657,SENSEX,PE,72900.0,SENSEX26O0172900PE,548.8,1080,SELL_AGGRESSOR,51452460,273460
2026-09-30 15:30:34.657,SENSEX,CE,73000.0,SENSEX26O0173000CE,79.55,8900,BUY_AGGRESSOR,156519820,3552740
2026-09-30 15:30:34.657,SENSEX,PE,73000.0,SENSEX26O0173000PE,630.1,480,SELL_AGGRESSOR,54378040,549260
2026-09-30 15:30:34.657,SENSEX,CE,73100.0,SENSEX26O0173100CE,63.4,9480,BUY_AGGRESSOR,69153820,1209740
2026-09-30 15:30:34.657,SENSEX,PE,73100.0,SENSEX26O0173100PE,717.5,180,BUY_AGGRESSOR,12865340,158700
2026-09-30 15:30:38.635,SENSEX,CE,71900.0,SENSEX26O0171900CE,625.05,60,BUY,415840,47660
2026-09-30 15:30:38.635,SENSEX,PE,71900.0,SENSEX26O0171900PE,75.3,4560,BUY_AGGRESSOR,50068660,774740
2026-09-30 15:30:38.635,SENSEX,CE,72000.0,SENSEX26O0172000CE,543.05,800,SELL_AGGRESSOR,4287140,215060
2026-09-30 15:30:38.635,SENSEX,PE,72000.0,SENSEX26O0172000PE,96.9,16640,BUY_AGGRESSOR,159835420,2543540
2026-09-30 15:30:38.635,SENSEX,CE,72100.0,SENSEX26O0172100CE,468.3,40,SELL_AGGRESSOR,1512040,63880
2026-09-30 15:30:38.635,SENSEX,PE,72100.0,SENSEX26O0172100PE,122.85,3120,BUY_AGGRESSOR,60314720,782460
2026-09-30 15:30:38.635,SENSEX,CE,72200.0,SENSEX26O0172200CE,401.65,80,SELL_AGGRESSOR,3983800,162640
2026-09-30 15:30:38.635,SENSEX,PE,72200.0,SENSEX26O0172200PE,154.0,2280,SELL,70486120,960620
2026-09-30 15:30:38.635,SENSEX,CE,72300.0,SENSEX26O0172300CE,337.5,2160,SELL_AGGRESSOR,8531160,304480
2026-09-30 15:30:38.635,SENSEX,PE,72300.0,SENSEX26O0172300PE,190.9,5140,BUY_AGGRESSOR,80101140,1142420
2026-09-30 15:30:38.635,SENSEX,CE,72400.0,SENSEX26O0172400CE,279.5,3660,SELL_AGGRESSOR,20896480,710100
2026-09-30 15:30:38.635,SENSEX,PE,72400.0,SENSEX26O0172400PE,232.8,9240,BUY_AGGRESSOR,88303440,1177500
2026-09-30 15:30:38.635,SENSEX,CE,72500.0,SENSEX26O0172500CE,229.15,11140,SELL_AGGRESSOR,60073800,2150860
2026-09-30 15:30:38.635,SENSEX,PE,72500.0,SENSEX26O0172500PE,280.25,5360,SELL_AGGRESSOR,150558580,2027500
2026-09-30 15:30:38.635,SENSEX,CE,72600.0,SENSEX26O0172600CE,187.5,5120,SELL_AGGRESSOR,61762960,1278460
2026-09-30 15:30:38.635,SENSEX,PE,72600.0,SENSEX26O0172600PE,339.5,1400,BUY_AGGRESSOR,94162540,592260
2026-09-30 15:30:38.635,SENSEX,CE,72700.0,SENSEX26O0172700CE,152.2,9780,SELL_AGGRESSOR,92648520,1665700
2026-09-30 15:30:38.635,SENSEX,PE,72700.0,SENSEX26O0172700PE,404.6,1220,BUY_AGGRESSOR,104095140,546220
2026-09-30 15:30:38.635,SENSEX,CE,72800.0,SENSEX26O0172800CE,122.8,4680,SELL_AGGRESSOR,101646580,1701580
2026-09-30 15:30:38.635,SENSEX,PE,72800.0,SENSEX26O0172800PE,474.2,1280,BUY_AGGRESSOR,90028940,474440
2026-09-30 15:30:38.635,SENSEX,CE,72900.0,SENSEX26O0172900CE,98.2,8320,SELL_AGGRESSOR,82552560,1310360
2026-09-30 15:30:38.635,SENSEX,PE,72900.0,SENSEX26O0172900PE,550.65,300,BUY_AGGRESSOR,51452760,273460
2026-09-30 15:30:38.635,SENSEX,CE,73000.0,SENSEX26O0173000CE,78.6,21480,SELL_AGGRESSOR,156541300,3552740
2026-09-30 15:30:38.635,SENSEX,PE,73000.0,SENSEX26O0173000PE,630.4,500,BUY_AGGRESSOR,54378540,549260
2026-09-30 15:30:38.635,SENSEX,CE,73100.0,SENSEX26O0173100CE,62.35,4680,SELL_AGGRESSOR,69158500,1209740
2026-09-30 15:30:42.663,SENSEX,CE,71900.0,SENSEX26O0171900CE,623.2,100,BUY_AGGRESSOR,415940,47660
2026-09-30 15:30:42.663,SENSEX,PE,71900.0,SENSEX26O0171900PE,75.75,1720,BUY_AGGRESSOR,50070380,774740
2026-09-30 15:30:42.663,SENSEX,CE,72000.0,SENSEX26O0172000CE,543.0,960,SELL,4288100,215060
2026-09-30 15:30:42.663,SENSEX,PE,72000.0,SENSEX26O0172000PE,97.0,4340,BUY,159839760,2543540
2026-09-30 15:30:42.663,SENSEX,CE,72100.0,SENSEX26O0172100CE,469.75,100,BUY_AGGRESSOR,1512140,63880
2026-09-30 15:30:42.663,SENSEX,PE,72100.0,SENSEX26O0172100PE,123.3,3580,BUY_AGGRESSOR,60318300,782460
2026-09-30 15:30:42.663,SENSEX,CE,72200.0,SENSEX26O0172200CE,400.3,340,SELL,3984140,162640
2026-09-30 15:30:42.663,SENSEX,PE,72200.0,SENSEX26O0172200PE,154.8,1280,BUY_AGGRESSOR,70487400,960620
2026-09-30 15:30:42.663,SENSEX,CE,72300.0,SENSEX26O0172300CE,335.85,840,SELL_AGGRESSOR,8532000,304480
2026-09-30 15:30:42.663,SENSEX,PE,72300.0,SENSEX26O0172300PE,191.0,10020,BUY_AGGRESSOR,80111160,1142420
2026-09-30 15:30:42.663,SENSEX,CE,72400.0,SENSEX26O0172400CE,277.8,4600,SELL_AGGRESSOR,20901080,710100
2026-09-30 15:30:42.663,SENSEX,PE,72400.0,SENSEX26O0172400PE,233.8,5900,BUY_AGGRESSOR,88309340,1177500
2026-09-30 15:30:42.663,SENSEX,CE,72500.0,SENSEX26O0172500CE,227.65,6600,SELL_AGGRESSOR,60080400,2150860
2026-09-30 15:30:42.663,SENSEX,PE,72500.0,SENSEX26O0172500PE,282.0,6720,BUY_AGGRESSOR,150565300,2027500
2026-09-30 15:30:42.663,SENSEX,CE,72600.0,SENSEX26O0172600CE,186.4,4700,SELL_AGGRESSOR,61767660,1278460
2026-09-30 15:30:42.663,SENSEX,PE,72600.0,SENSEX26O0172600PE,340.95,2540,BUY_AGGRESSOR,94165080,592260
2026-09-30 15:30:42.663,SENSEX,CE,72700.0,SENSEX26O0172700CE,152.15,5480,SELL_AGGRESSOR,92654000,1665700
2026-09-30 15:30:42.663,SENSEX,PE,72700.0,SENSEX26O0172700PE,404.15,1180,SELL,104096320,546220
2026-09-30 15:30:42.663,SENSEX,CE,72800.0,SENSEX26O0172800CE,122.1,6140,SELL_AGGRESSOR,101652720,1701580
2026-09-30 15:30:42.663,SENSEX,PE,72800.0,SENSEX26O0172800PE,475.25,200,BUY_AGGRESSOR,90029140,474440
2026-09-30 15:30:42.663,SENSEX,CE,72900.0,SENSEX26O0172900CE,98.0,2720,SELL_AGGRESSOR,82555280,1310360
2026-09-30 15:30:42.663,SENSEX,PE,72900.0,SENSEX26O0172900PE,552.6,420,BUY_AGGRESSOR,51453180,273460
2026-09-30 15:30:42.663,SENSEX,CE,73000.0,SENSEX26O0173000CE,78.35,10440,SELL_AGGRESSOR,156551740,3552740
2026-09-30 15:30:42.663,SENSEX,PE,73000.0,SENSEX26O0173000PE,633.0,760,BUY_AGGRESSOR,54379300,549260
2026-09-30 15:30:42.663,SENSEX,CE,73100.0,SENSEX26O0173100CE,62.15,4300,SELL_AGGRESSOR,69162800,1209740
2026-09-30 15:30:46.645,SENSEX,CE,71900.0,SENSEX26O0171900CE,622.05,60,SELL,416000,47660
2026-09-30 15:30:46.645,SENSEX,PE,71900.0,SENSEX26O0171900PE,75.0,2720,SELL_AGGRESSOR,50073100,774740
2026-09-30 15:30:46.645,SENSEX,CE,72000.0,SENSEX26O0172000CE,541.0,800,SELL_AGGRESSOR,4288900,215060
2026-09-30 15:30:46.645,SENSEX,PE,72000.0,SENSEX26O0172000PE,96.4,9980,SELL_AGGRESSOR,159849740,2543540
2026-09-30 15:30:46.645,SENSEX,CE,72100.0,SENSEX26O0172100CE,467.55,340,SELL_AGGRESSOR,1512480,63880
2026-09-30 15:30:46.645,SENSEX,PE,72100.0,SENSEX26O0172100PE,122.3,6620,SELL_AGGRESSOR,60324920,782460
2026-09-30 15:30:46.645,SENSEX,CE,72200.0,SENSEX26O0172200CE,399.0,260,SELL_AGGRESSOR,3984400,162640
2026-09-30 15:30:46.645,SENSEX,PE,72200.0,SENSEX26O0172200PE,154.3,2320,SELL_AGGRESSOR,70489720,960620
2026-09-30 15:30:46.645,SENSEX,CE,72300.0,SENSEX26O0172300CE,333.75,1840,SELL_AGGRESSOR,8533840,304480
2026-09-30 15:30:46.645,SENSEX,PE,72300.0,SENSEX26O0172300PE,190.5,10600,SELL_AGGRESSOR,80121760,1142420
2026-09-30 15:30:46.645,SENSEX,CE,72400.0,SENSEX26O0172400CE,276.95,3480,SELL_AGGRESSOR,20904560,710100
2026-09-30 15:30:46.645,SENSEX,PE,72400.0,SENSEX26O0172400PE,232.65,10420,SELL_AGGRESSOR,88319760,1177500
2026-09-30 15:30:46.645,SENSEX,CE,72500.0,SENSEX26O0172500CE,226.35,13060,SELL_AGGRESSOR,60093460,2150860
2026-09-30 15:30:46.645,SENSEX,PE,72500.0,SENSEX26O0172500PE,281.45,9500,SELL_AGGRESSOR,150574800,2027500
2026-09-30 15:30:46.645,SENSEX,CE,72600.0,SENSEX26O0172600CE,185.0,9720,SELL_AGGRESSOR,61777380,1278460
2026-09-30 15:30:46.645,SENSEX,PE,72600.0,SENSEX26O0172600PE,339.5,1520,SELL_AGGRESSOR,94166600,592260
2026-09-30 15:30:46.645,SENSEX,CE,72700.0,SENSEX26O0172700CE,150.2,7240,SELL_AGGRESSOR,92661240,1665700
2026-09-30 15:30:46.645,SENSEX,PE,72700.0,SENSEX26O0172700PE,404.0,1240,SELL_AGGRESSOR,104097560,546220
2026-09-30 15:30:46.645,SENSEX,CE,72800.0,SENSEX26O0172800CE,121.45,8460,SELL_AGGRESSOR,101661180,1701580
2026-09-30 15:30:46.645,SENSEX,PE,72800.0,SENSEX26O0172800PE,475.95,1000,BUY,90030140,474440
2026-09-30 15:30:46.645,SENSEX,CE,72900.0,SENSEX26O0172900CE,96.6,7020,SELL_AGGRESSOR,82562300,1310360
2026-09-30 15:30:46.645,SENSEX,PE,72900.0,SENSEX26O0172900PE,552.7,300,BUY_AGGRESSOR,51453480,273460
2026-09-30 15:30:46.645,SENSEX,CE,73000.0,SENSEX26O0173000CE,77.5,17500,SELL_AGGRESSOR,156569240,3552740
2026-09-30 15:30:46.645,SENSEX,PE,73000.0,SENSEX26O0173000PE,632.6,380,SELL,54379680,549260
2026-09-30 15:30:46.645,SENSEX,CE,73100.0,SENSEX26O0173100CE,61.25,6840,SELL_AGGRESSOR,69169640,1209740
2026-09-30 15:30:46.645,SENSEX,PE,73100.0,SENSEX26O0173100PE,717.5,400,BUY_AGGRESSOR,12865740,158700
2026-09-30 15:30:50.726,SENSEX,CE,71900.0,SENSEX26O0171900CE,621.05,120,BUY_AGGRESSOR,416120,47660
2026-09-30 15:30:50.726,SENSEX,PE,71900.0,SENSEX26O0171900PE,74.65,9800,SELL_AGGRESSOR,50082900,774740
2026-09-30 15:30:50.726,SENSEX,CE,72000.0,SENSEX26O0172000CE,541.5,500,BUY_AGGRESSOR,4289400,215060
2026-09-30 15:30:50.726,SENSEX,PE,72000.0,SENSEX26O0172000PE,96.35,16100,SELL_AGGRESSOR,159865840,2543540
2026-09-30 15:30:50.726,SENSEX,CE,72100.0,SENSEX26O0172100CE,467.35,180,BUY_AGGRESSOR,1512660,63880
2026-09-30 15:30:50.726,SENSEX,PE,72100.0,SENSEX26O0172100PE,121.35,8800,SELL_AGGRESSOR,60333720,782460
2026-09-30 15:30:50.726,SENSEX,CE,72200.0,SENSEX26O0172200CE,400.7,1720,BUY_AGGRESSOR,3986120,162640
2026-09-30 15:30:50.726,SENSEX,PE,72200.0,SENSEX26O0172200PE,152.2,6060,SELL_AGGRESSOR,70495780,960620
2026-09-30 15:30:50.726,SENSEX,CE,72300.0,SENSEX26O0172300CE,337.25,1620,BUY_AGGRESSOR,8535460,304480
2026-09-30 15:30:50.726,SENSEX,PE,72300.0,SENSEX26O0172300PE,187.25,12040,SELL_AGGRESSOR,80133800,1142420
2026-09-30 15:30:50.726,SENSEX,CE,72400.0,SENSEX26O0172400CE,280.5,8140,BUY_AGGRESSOR,20912700,710100
2026-09-30 15:30:50.726,SENSEX,PE,72400.0,SENSEX26O0172400PE,230.0,19720,SELL_AGGRESSOR,88339480,1177500
2026-09-30 15:30:50.726,SENSEX,CE,72500.0,SENSEX26O0172500CE,231.15,18200,BUY_AGGRESSOR,60111660,2150860
2026-09-30 15:30:50.726,SENSEX,PE,72500.0,SENSEX26O0172500PE,280.5,14660,SELL_AGGRESSOR,150589460,2027500
2026-09-30 15:30:50.726,SENSEX,CE,72600.0,SENSEX26O0172600CE,188.85,13060,BUY_AGGRESSOR,61790440,1278460
2026-09-30 15:30:50.726,SENSEX,PE,72600.0,SENSEX26O0172600PE,336.35,4740,SELL_AGGRESSOR,94171340,592260
2026-09-30 15:30:50.726,SENSEX,CE,72700.0,SENSEX26O0172700CE,153.2,11560,BUY_AGGRESSOR,92672800,1665700
2026-09-30 15:30:50.726,SENSEX,PE,72700.0,SENSEX26O0172700PE,401.6,3720,SELL_AGGRESSOR,104101280,546220
2026-09-30 15:30:50.726,SENSEX,CE,72800.0,SENSEX26O0172800CE,122.0,17840,BUY_AGGRESSOR,101679020,1701580
2026-09-30 15:30:50.726,SENSEX,PE,72800.0,SENSEX26O0172800PE,472.75,3040,SELL_AGGRESSOR,90033180,474440
2026-09-30 15:30:50.726,SENSEX,CE,72900.0,SENSEX26O0172900CE,98.4,10160,BUY_AGGRESSOR,82572460,1310360
2026-09-30 15:30:50.726,SENSEX,PE,72900.0,SENSEX26O0172900PE,547.25,1800,SELL_AGGRESSOR,51455280,273460
2026-09-30 15:30:50.726,SENSEX,CE,73000.0,SENSEX26O0173000CE,79.0,28680,BUY_AGGRESSOR,156597920,3552740
2026-09-30 15:30:50.726,SENSEX,PE,73000.0,SENSEX26O0173000PE,628.65,3380,SELL_AGGRESSOR,54383060,549260
2026-09-30 15:30:50.726,SENSEX,CE,73100.0,SENSEX26O0173100CE,63.45,16300,BUY_AGGRESSOR,69185940,1209740
2026-09-30 15:30:50.726,SENSEX,PE,73100.0,SENSEX26O0173100PE,713.6,1380,SELL_AGGRESSOR,12867120,158700
2026-09-30 15:30:54.853,SENSEX,CE,71900.0,SENSEX26O0171900CE,630.0,1560,BUY_AGGRESSOR,417680,47660
2026-09-30 15:30:54.853,SENSEX,PE,71900.0,SENSEX26O0171900PE,73.95,8680,SELL_AGGRESSOR,50091580,774740
2026-09-30 15:30:54.853,SENSEX,CE,72000.0,SENSEX26O0172000CE,545.65,2240,BUY_AGGRESSOR,4291640,215060
2026-09-30 15:30:54.853,SENSEX,PE,72000.0,SENSEX26O0172000PE,95.45,33960,SELL_AGGRESSOR,159899800,2543540
2026-09-30 15:30:54.853,SENSEX,CE,72100.0,SENSEX26O0172100CE,473.95,4400,BUY_AGGRESSOR,1517060,63880
2026-09-30 15:30:54.853,SENSEX,PE,72100.0,SENSEX26O0172100PE,122.55,16920,BUY_AGGRESSOR,60350640,782460
2026-09-30 15:30:54.853,SENSEX,CE,72200.0,SENSEX26O0172200CE,405.25,3600,BUY_AGGRESSOR,3989720,162640
2026-09-30 15:30:54.853,SENSEX,PE,72200.0,SENSEX26O0172200PE,153.05,19580,BUY_AGGRESSOR,70515360,960620
2026-09-30 15:30:54.853,SENSEX,CE,72300.0,SENSEX26O0172300CE,337.95,2460,BUY,8537920,304480
2026-09-30 15:30:54.853,SENSEX,PE,72300.0,SENSEX26O0172300PE,190.05,13260,BUY_AGGRESSOR,80147060,1142420
2026-09-30 15:30:54.853,SENSEX,CE,72400.0,SENSEX26O0172400CE,280.0,9300,SELL,20922000,710100
2026-09-30 15:30:54.853,SENSEX,PE,72400.0,SENSEX26O0172400PE,231.25,13540,BUY_AGGRESSOR,88353020,1177500
2026-09-30 15:30:54.853,SENSEX,CE,72500.0,SENSEX26O0172500CE,230.8,11260,SELL_AGGRESSOR,60122920,2150860
2026-09-30 15:30:54.853,SENSEX,PE,72500.0,SENSEX26O0172500PE,280.05,23380,SELL,150612840,2027500
2026-09-30 15:30:54.853,SENSEX,CE,72600.0,SENSEX26O0172600CE,187.6,8720,SELL_AGGRESSOR,61799160,1278460
2026-09-30 15:30:54.853,SENSEX,PE,72600.0,SENSEX26O0172600PE,338.0,6640,BUY_AGGRESSOR,94177980,592260
2026-09-30 15:30:54.853,SENSEX,CE,72700.0,SENSEX26O0172700CE,152.55,11880,SELL_AGGRESSOR,92684680,1665700
2026-09-30 15:30:54.853,SENSEX,PE,72700.0,SENSEX26O0172700PE,402.8,5600,BUY_AGGRESSOR,104106880,546220
2026-09-30 15:30:54.853,SENSEX,CE,72800.0,SENSEX26O0172800CE,123.55,13900,BUY_AGGRESSOR,101692920,1701580
2026-09-30 15:30:54.853,SENSEX,PE,72800.0,SENSEX26O0172800PE,473.1,5760,BUY_AGGRESSOR,90038940,474440
2026-09-30 15:30:54.853,SENSEX,CE,72900.0,SENSEX26O0172900CE,98.3,6300,SELL_AGGRESSOR,82578760,1310360
2026-09-30 15:30:54.853,SENSEX,PE,72900.0,SENSEX26O0172900PE,550.0,2040,BUY_AGGRESSOR,51457320,273460
2026-09-30 15:30:54.853,SENSEX,CE,73000.0,SENSEX26O0173000CE,78.6,37380,SELL_AGGRESSOR,156635300,3552740
2026-09-30 15:30:54.853,SENSEX,PE,73000.0,SENSEX26O0173000PE,627.8,2940,SELL,54386000,549260
2026-09-30 15:30:54.853,SENSEX,CE,73100.0,SENSEX26O0173100CE,62.0,5520,SELL_AGGRESSOR,69191460,1209740
2026-09-30 15:30:54.853,SENSEX,PE,73100.0,SENSEX26O0173100PE,710.3,1580,SELL_AGGRESSOR,12868700,158700
2026-09-30 15:30:58.955,SENSEX,CE,71900.0,SENSEX26O0171900CE,625.8,120,SELL,417800,47660
2026-09-30 15:30:58.955,SENSEX,PE,71900.0,SENSEX26O0171900PE,75.5,14620,BUY_AGGRESSOR,50106200,774740
2026-09-30 15:30:58.955,SENSEX,CE,72000.0,SENSEX26O0172000CE,547.7,100,BUY_AGGRESSOR,4291740,215060
2026-09-30 15:30:58.955,SENSEX,PE,72000.0,SENSEX26O0172000PE,96.05,9940,BUY_AGGRESSOR,159909740,2543540
2026-09-30 15:30:58.955,SENSEX,CE,72100.0,SENSEX26O0172100CE,473.85,200,BUY_AGGRESSOR,1517260,63880
2026-09-30 15:30:58.955,SENSEX,PE,72100.0,SENSEX26O0172100PE,122.6,7340,BUY_AGGRESSOR,60357980,782460
2026-09-30 15:30:58.955,SENSEX,CE,72200.0,SENSEX26O0172200CE,402.85,140,SELL,3989860,162640
2026-09-30 15:30:58.955,SENSEX,PE,72200.0,SENSEX26O0172200PE,153.5,6560,BUY,70521920,960620
2026-09-30 15:30:58.955,SENSEX,CE,72300.0,SENSEX26O0172300CE,337.65,2400,SELL_AGGRESSOR,8540320,304480
2026-09-30 15:30:58.955,SENSEX,PE,72300.0,SENSEX26O0172300PE,189.0,3820,SELL_AGGRESSOR,80150880,1142420
2026-09-30 15:30:58.955,SENSEX,CE,72400.0,SENSEX26O0172400CE,283.75,6560,BUY_AGGRESSOR,20928560,710100
2026-09-30 15:30:58.955,SENSEX,PE,72400.0,SENSEX26O0172400PE,232.5,5680,BUY_AGGRESSOR,88358700,1177500
2026-09-30 15:30:58.955,SENSEX,CE,72500.0,SENSEX26O0172500CE,230.3,33020,SELL,60155940,2150860
2026-09-30 15:30:58.955,SENSEX,PE,72500.0,SENSEX26O0172500PE,281.0,12060,BUY_AGGRESSOR,150624900,2027500
2026-09-30 15:30:58.955,SENSEX,CE,72600.0,SENSEX26O0172600CE,188.05,5160,BUY,61804320,1278460
2026-09-30 15:30:58.955,SENSEX,PE,72600.0,SENSEX26O0172600PE,339.15,1380,BUY_AGGRESSOR,94179360,592260
2026-09-30 15:30:58.955,SENSEX,CE,72700.0,SENSEX26O0172700CE,152.85,2760,BUY_AGGRESSOR,92687440,1665700
2026-09-30 15:30:58.955,SENSEX,PE,72700.0,SENSEX26O0172700PE,402.9,1500,BUY,104108380,546220
2026-09-30 15:30:58.955,SENSEX,CE,72800.0,SENSEX26O0172800CE,123.0,15840,SELL_AGGRESSOR,101708760,1701580
2026-09-30 15:30:58.955,SENSEX,PE,72800.0,SENSEX26O0172800PE,474.15,340,BUY_AGGRESSOR,90039280,474440
2026-09-30 15:30:58.955,SENSEX,CE,72900.0,SENSEX26O0172900CE,98.4,7860,BUY_AGGRESSOR,82586620,1310360
2026-09-30 15:30:58.955,SENSEX,PE,72900.0,SENSEX26O0172900PE,548.9,80,SELL,51457400,273460
2026-09-30 15:30:58.955,SENSEX,CE,73000.0,SENSEX26O0173000CE,80.0,9720,BUY_AGGRESSOR,156645020,3552740
2026-09-30 15:30:58.955,SENSEX,PE,73000.0,SENSEX26O0173000PE,630.4,1140,BUY_AGGRESSOR,54387140,549260
2026-09-30 15:30:58.955,SENSEX,CE,73100.0,SENSEX26O0173100CE,62.05,1600,BUY,69193060,1209740
2026-09-30 15:30:58.955,SENSEX,PE,73100.0,SENSEX26O0173100PE,712.9,80,BUY,12868780,158700
2026-09-30 15:31:03.006,SENSEX,CE,71900.0,SENSEX26O0171900CE,628.35,220,BUY_AGGRESSOR,418020,47660
2026-09-30 15:31:03.006,SENSEX,PE,71900.0,SENSEX26O0171900PE,75.2,3880,SELL_AGGRESSOR,50110080,774740
2026-09-30 15:31:03.006,SENSEX,CE,72000.0,SENSEX26O0172000CE,548.25,1820,BUY_AGGRESSOR,4293560,215060
2026-09-30 15:31:03.006,SENSEX,PE,72000.0,SENSEX26O0172000PE,96.45,14880,BUY_AGGRESSOR,159924620,2543540
2026-09-30 15:31:03.006,SENSEX,CE,72100.0,SENSEX26O0172100CE,477.0,120,BUY_AGGRESSOR,1517380,63880
2026-09-30 15:31:03.006,SENSEX,PE,72100.0,SENSEX26O0172100PE,123.15,14300,BUY_AGGRESSOR,60372280,782460
2026-09-30 15:31:03.006,SENSEX,CE,72200.0,SENSEX26O0172200CE,402.95,220,BUY_AGGRESSOR,3990080,162640
2026-09-30 15:31:03.006,SENSEX,PE,72200.0,SENSEX26O0172200PE,154.05,14180,BUY_AGGRESSOR,70536100,960620
2026-09-30 15:31:03.006,SENSEX,CE,72300.0,SENSEX26O0172300CE,338.85,1780,BUY,8542100,304480
2026-09-30 15:31:03.006,SENSEX,PE,72300.0,SENSEX26O0172300PE,190.6,11180,BUY_AGGRESSOR,80162060,1142420
2026-09-30 15:31:03.006,SENSEX,CE,72400.0,SENSEX26O0172400CE,280.8,9240,SELL_AGGRESSOR,20937800,710100
2026-09-30 15:31:03.006,SENSEX,PE,72400.0,SENSEX26O0172400PE,232.6,6100,BUY_AGGRESSOR,88364800,1177500
2026-09-30 15:31:03.006,SENSEX,CE,72500.0,SENSEX26O0172500CE,230.5,13200,BUY_AGGRESSOR,60169140,2150860
2026-09-30 15:31:03.006,SENSEX,PE,72500.0,SENSEX26O0172500PE,279.3,10120,SELL_AGGRESSOR,150635020,2027500
2026-09-30 15:31:03.006,SENSEX,CE,72600.0,SENSEX26O0172600CE,188.65,9660,BUY_AGGRESSOR,61813980,1278460
2026-09-30 15:31:03.006,SENSEX,PE,72600.0,SENSEX26O0172600PE,339.0,1740,SELL,94181100,592260
2026-09-30 15:31:03.006,SENSEX,CE,72700.0,SENSEX26O0172700CE,153.6,23940,BUY_AGGRESSOR,92711380,1665700
2026-09-30 15:31:03.006,SENSEX,PE,72700.0,SENSEX26O0172700PE,404.45,3120,BUY_AGGRESSOR,104111500,546220
2026-09-30 15:31:03.006,SENSEX,CE,72800.0,SENSEX26O0172800CE,123.3,21380,BUY_AGGRESSOR,101730140,1701580
2026-09-30 15:31:03.006,SENSEX,PE,72800.0,SENSEX26O0172800PE,472.7,720,BUY_AGGRESSOR,90040000,474440
2026-09-30 15:31:03.006,SENSEX,CE,72900.0,SENSEX26O0172900CE,98.0,12660,SELL_AGGRESSOR,82599280,1310360
2026-09-30 15:31:03.006,SENSEX,PE,72900.0,SENSEX26O0172900PE,548.4,640,BUY_AGGRESSOR,51458040,273460
2026-09-30 15:31:03.006,SENSEX,CE,73000.0,SENSEX26O0173000CE,78.7,10620,SELL_AGGRESSOR,156655640,3552740
2026-09-30 15:31:03.006,SENSEX,PE,73000.0,SENSEX26O0173000PE,629.95,860,SELL,54388000,549260
2026-09-30 15:31:03.006,SENSEX,CE,73100.0,SENSEX26O0173100CE,62.15,12960,BUY,69206020,1209740
2026-09-30 15:31:03.006,SENSEX,PE,73100.0,SENSEX26O0173100PE,711.35,900,SELL_AGGRESSOR,12869680,158700
2026-09-30 15:31:07.024,SENSEX,CE,71900.0,SENSEX26O0171900CE,627.6,260,SELL,418280,47660
2026-09-30 15:31:07.024,SENSEX,PE,71900.0,SENSEX26O0171900PE,75.1,32060,SELL,50142140,774740
2026-09-30 15:31:07.024,SENSEX,CE,72000.0,SENSEX26O0172000CE,544.8,680,SELL_AGGRESSOR,4294240,215060
2026-09-30 15:31:07.024,SENSEX,PE,72000.0,SENSEX26O0172000PE,96.55,8320,BUY,159932940,2543540
2026-09-30 15:31:07.024,SENSEX,PE,72100.0,SENSEX26O0172100PE,122.05,3840,SELL_AGGRESSOR,60376120,782460
2026-09-30 15:31:07.024,SENSEX,CE,72200.0,SENSEX26O0172200CE,404.45,180,BUY_AGGRESSOR,3990260,162640
2026-09-30 15:31:07.024,SENSEX,PE,72200.0,SENSEX26O0172200PE,153.85,1900,SELL_AGGRESSOR,70538000,960620
2026-09-30 15:31:07.024,SENSEX,CE,72300.0,SENSEX26O0172300CE,339.2,860,BUY_AGGRESSOR,8542960,304480
2026-09-30 15:31:07.024,SENSEX,PE,72300.0,SENSEX26O0172300PE,189.85,5560,SELL_AGGRESSOR,80167620,1142420
2026-09-30 15:31:07.024,SENSEX,CE,72400.0,SENSEX26O0172400CE,281.45,2000,BUY,20939800,710100
2026-09-30 15:31:07.024,SENSEX,PE,72400.0,SENSEX26O0172400PE,231.95,6560,SELL_AGGRESSOR,88371360,1177500
2026-09-30 15:31:07.024,SENSEX,CE,72500.0,SENSEX26O0172500CE,231.35,6660,BUY_AGGRESSOR,60175800,2150860
2026-09-30 15:31:07.024,SENSEX,PE,72500.0,SENSEX26O0172500PE,279.85,5060,BUY,150640080,2027500
2026-09-30 15:31:07.024,SENSEX,CE,72600.0,SENSEX26O0172600CE,189.15,2700,BUY_AGGRESSOR,61816680,1278460
2026-09-30 15:31:07.024,SENSEX,PE,72600.0,SENSEX26O0172600PE,338.3,1800,SELL_AGGRESSOR,94182900,592260
2026-09-30 15:31:07.024,SENSEX,CE,72700.0,SENSEX26O0172700CE,153.55,4060,BUY_AGGRESSOR,92715440,1665700
2026-09-30 15:31:07.024,SENSEX,PE,72700.0,SENSEX26O0172700PE,403.15,1980,SELL,104113480,546220
2026-09-30 15:31:07.024,SENSEX,CE,72800.0,SENSEX26O0172800CE,124.2,2360,BUY_AGGRESSOR,101732500,1701580
2026-09-30 15:31:07.024,SENSEX,PE,72800.0,SENSEX26O0172800PE,474.15,340,BUY_AGGRESSOR,90040340,474440
2026-09-30 15:31:07.024,SENSEX,CE,72900.0,SENSEX26O0172900CE,98.55,4780,BUY_AGGRESSOR,82604060,1310360
2026-09-30 15:31:07.024,SENSEX,PE,72900.0,SENSEX26O0172900PE,547.3,140,SELL_AGGRESSOR,51458180,273460
2026-09-30 15:31:07.024,SENSEX,CE,73000.0,SENSEX26O0173000CE,79.15,9940,BUY_AGGRESSOR,156665580,3552740
2026-09-30 15:31:07.024,SENSEX,PE,73000.0,SENSEX26O0173000PE,629.45,440,SELL,54388440,549260
2026-09-30 15:31:07.024,SENSEX,CE,73100.0,SENSEX26O0173100CE,62.55,3320,BUY_AGGRESSOR,69209340,1209740
2026-09-30 15:31:07.024,SENSEX,PE,73100.0,SENSEX26O0173100PE,711.0,220,SELL_AGGRESSOR,12869900,158700
2026-09-30 15:31:11.070,SENSEX,CE,71900.0,SENSEX26O0171900CE,626.9,40,SELL,418320,47660
2026-09-30 15:31:11.070,SENSEX,PE,71900.0,SENSEX26O0171900PE,73.75,32180,SELL_AGGRESSOR,50174320,774740
2026-09-30 15:31:11.070,SENSEX,CE,72000.0,SENSEX26O0172000CE,547.3,680,BUY_AGGRESSOR,4294920,215060
2026-09-30 15:31:11.070,SENSEX,PE,72000.0,SENSEX26O0172000PE,94.85,12300,SELL_AGGRESSOR,159945240,2543540
2026-09-30 15:31:11.070,SENSEX,CE,72100.0,SENSEX26O0172100CE,475.55,40,BUY_AGGRESSOR,1517420,63880
2026-09-30 15:31:11.070,SENSEX,PE,72100.0,SENSEX26O0172100PE,120.5,3880,SELL_AGGRESSOR,60380000,782460
2026-09-30 15:31:11.070,SENSEX,CE,72200.0,SENSEX26O0172200CE,406.4,460,BUY_AGGRESSOR,3990720,162640
2026-09-30 15:31:11.070,SENSEX,PE,72200.0,SENSEX26O0172200PE,151.75,6040,SELL_AGGRESSOR,70544040,960620
2026-09-30 15:31:11.070,SENSEX,CE,72300.0,SENSEX26O0172300CE,340.85,480,BUY_AGGRESSOR,8543440,304480
2026-09-30 15:31:11.070,SENSEX,PE,72300.0,SENSEX26O0172300PE,187.4,6960,SELL_AGGRESSOR,80174580,1142420
2026-09-30 15:31:11.070,SENSEX,CE,72400.0,SENSEX26O0172400CE,282.3,920,BUY_AGGRESSOR,20940720,710100
2026-09-30 15:31:11.070,SENSEX,PE,72400.0,SENSEX26O0172400PE,229.35,6020,SELL_AGGRESSOR,88377380,1177500
2026-09-30 15:31:11.070,SENSEX,CE,72500.0,SENSEX26O0172500CE,231.7,7660,BUY_AGGRESSOR,60183460,2150860
2026-09-30 15:31:11.070,SENSEX,PE,72500.0,SENSEX26O0172500PE,277.2,4340,SELL_AGGRESSOR,150644420,2027500
2026-09-30 15:31:11.070,SENSEX,CE,72600.0,SENSEX26O0172600CE,188.95,6020,SELL_AGGRESSOR,61822700,1278460
2026-09-30 15:31:11.070,SENSEX,PE,72600.0,SENSEX26O0172600PE,335.4,1660,SELL_AGGRESSOR,94184560,592260
2026-09-30 15:31:11.070,SENSEX,CE,72700.0,SENSEX26O0172700CE,154.2,3580,BUY_AGGRESSOR,92719020,1665700
2026-09-30 15:31:11.070,SENSEX,PE,72700.0,SENSEX26O0172700PE,399.15,700,SELL_AGGRESSOR,104114180,546220
2026-09-30 15:31:11.070,SENSEX,CE,72800.0,SENSEX26O0172800CE,124.0,6260,SELL,101738760,1701580
2026-09-30 15:31:11.070,SENSEX,PE,72800.0,SENSEX26O0172800PE,468.55,620,SELL_AGGRESSOR,90040960,474440
2026-09-30 15:31:11.070,SENSEX,CE,72900.0,SENSEX26O0172900CE,99.45,2860,BUY_AGGRESSOR,82606920,1310360
2026-09-30 15:31:11.070,SENSEX,PE,72900.0,SENSEX26O0172900PE,544.25,160,SELL_AGGRESSOR,51458340,273460
2026-09-30 15:31:11.070,SENSEX,CE,73000.0,SENSEX26O0173000CE,79.2,14220,BUY_AGGRESSOR,156679800,3552740
2026-09-30 15:31:11.070,SENSEX,PE,73000.0,SENSEX26O0173000PE,624.8,1000,SELL_AGGRESSOR,54389440,549260
2026-09-30 15:31:11.070,SENSEX,CE,73100.0,SENSEX26O0173100CE,62.75,3240,BUY_AGGRESSOR,69212580,1209740
2026-09-30 15:31:11.070,SENSEX,PE,73100.0,SENSEX26O0173100PE,707.35,240,SELL_AGGRESSOR,12870140,158700
2026-09-30 15:31:15.200,SENSEX,CE,71900.0,SENSEX26O0171900CE,623.25,80,SELL_AGGRESSOR,418400,47660
2026-09-30 15:31:15.200,SENSEX,PE,71900.0,SENSEX26O0171900PE,74.55,3620,BUY_AGGRESSOR,50177940,774740
2026-09-30 15:31:15.200,SENSEX,CE,72000.0,SENSEX26O0172000CE,545.7,80,SELL_AGGRESSOR,4295000,215060
2026-09-30 15:31:15.200,SENSEX,PE,72000.0,SENSEX26O0172000PE,95.65,15040,BUY_AGGRESSOR,159960280,2543540
2026-09-30 15:31:15.200,SENSEX,CE,72100.0,SENSEX26O0172100CE,473.1,160,SELL_AGGRESSOR,1517580,63880
2026-09-30 15:31:15.200,SENSEX,PE,72100.0,SENSEX26O0172100PE,120.65,6260,BUY_AGGRESSOR,60386260,782460
2026-09-30 15:31:15.200,SENSEX,CE,72200.0,SENSEX26O0172200CE,403.9,220,SELL_AGGRESSOR,3990940,162640
2026-09-30 15:31:15.200,SENSEX,PE,72200.0,SENSEX26O0172200PE,151.85,8060,BUY_AGGRESSOR,70552100,960620
2026-09-30 15:31:15.200,SENSEX,CE,72300.0,SENSEX26O0172300CE,338.65,400,SELL_AGGRESSOR,8543840,304480
2026-09-30 15:31:15.200,SENSEX,PE,72300.0,SENSEX26O0172300PE,188.9,6200,BUY_AGGRESSOR,80180780,1142420
2026-09-30 15:31:15.200,SENSEX,CE,72400.0,SENSEX26O0172400CE,282.75,4040,BUY_AGGRESSOR,20944760,710100
2026-09-30 15:31:15.200,SENSEX,PE,72400.0,SENSEX26O0172400PE,229.05,6480,SELL_AGGRESSOR,88383860,1177500
2026-09-30 15:31:15.200,SENSEX,CE,72500.0,SENSEX26O0172500CE,232.05,10480,BUY_AGGRESSOR,60193940,2150860
2026-09-30 15:31:15.200,SENSEX,PE,72500.0,SENSEX26O0172500PE,277.95,10700,BUY_AGGRESSOR,150655120,2027500
2026-09-30 15:31:15.200,SENSEX,CE,72600.0,SENSEX26O0172600CE,189.8,3100,BUY_AGGRESSOR,61825800,1278460
2026-09-30 15:31:15.200,SENSEX,PE,72600.0,SENSEX26O0172600PE,335.85,1460,BUY,94186020,592260
2026-09-30 15:31:15.200,SENSEX,CE,72700.0,SENSEX26O0172700CE,154.7,3200,BUY_AGGRESSOR,92722220,1665700
2026-09-30 15:31:15.200,SENSEX,PE,72700.0,SENSEX26O0172700PE,399.35,1100,BUY,104115280,546220
2026-09-30 15:31:15.200,SENSEX,CE,72800.0,SENSEX26O0172800CE,124.4,2420,BUY_AGGRESSOR,101741180,1701580
2026-09-30 15:31:15.200,SENSEX,PE,72800.0,SENSEX26O0172800PE,470.05,740,BUY_AGGRESSOR,90041700,474440
2026-09-30 15:31:15.200,SENSEX,CE,72900.0,SENSEX26O0172900CE,98.8,1560,SELL_AGGRESSOR,82608480,1310360
2026-09-30 15:31:15.200,SENSEX,PE,72900.0,SENSEX26O0172900PE,548.65,660,BUY_AGGRESSOR,51459000,273460
2026-09-30 15:31:15.200,SENSEX,CE,73000.0,SENSEX26O0173000CE,79.4,8040,BUY_AGGRESSOR,156687840,3552740
2026-09-30 15:31:15.200,SENSEX,PE,73000.0,SENSEX26O0173000PE,626.2,820,BUY_AGGRESSOR,54390260,549260
2026-09-30 15:31:15.200,SENSEX,CE,73100.0,SENSEX26O0173100CE,63.0,1280,BUY_AGGRESSOR,69213860,1209740
2026-09-30 15:31:15.200,SENSEX,PE,73100.0,SENSEX26O0173100PE,706.45,800,SELL,12870940,158700
2026-09-30 15:31:19.421,SENSEX,CE,71900.0,SENSEX26O0171900CE,627.85,80,BUY_AGGRESSOR,418480,47660
2026-09-30 15:31:19.421,SENSEX,PE,71900.0,SENSEX26O0171900PE,74.65,3600,BUY_AGGRESSOR,50181540,774740
2026-09-30 15:31:19.421,SENSEX,CE,72000.0,SENSEX26O0172000CE,546.15,80,SELL_AGGRESSOR,4295080,215060
2026-09-30 15:31:19.421,SENSEX,PE,72000.0,SENSEX26O0172000PE,95.95,12280,BUY_AGGRESSOR,159972560,2543540
2026-09-30 15:31:19.421,SENSEX,CE,72100.0,SENSEX26O0172100CE,474.65,40,BUY_AGGRESSOR,1517620,63880
2026-09-30 15:31:19.421,SENSEX,PE,72100.0,SENSEX26O0172100PE,121.05,6720,BUY_AGGRESSOR,60392980,782460
2026-09-30 15:31:19.421,SENSEX,CE,72200.0,SENSEX26O0172200CE,404.25,180,SELL_AGGRESSOR,3991120,162640
2026-09-30 15:31:19.421,SENSEX,PE,72200.0,SENSEX26O0172200PE,152.55,3560,BUY_AGGRESSOR,70555660,960620
2026-09-30 15:31:19.421,SENSEX,CE,72300.0,SENSEX26O0172300CE,340.2,140,SELL_AGGRESSOR,8543980,304480
2026-09-30 15:31:19.421,SENSEX,PE,72300.0,SENSEX26O0172300PE,188.55,4080,SELL,80184860,1142420
2026-09-30 15:31:19.421,SENSEX,CE,72400.0,SENSEX26O0172400CE,282.85,2160,BUY_AGGRESSOR,20946920,710100
2026-09-30 15:31:19.421,SENSEX,PE,72400.0,SENSEX26O0172400PE,230.0,3360,BUY_AGGRESSOR,88387220,1177500
2026-09-30 15:31:19.421,SENSEX,CE,72500.0,SENSEX26O0172500CE,231.1,9940,SELL_AGGRESSOR,60203880,2150860
2026-09-30 15:31:19.421,SENSEX,PE,72500.0,SENSEX26O0172500PE,277.8,5600,SELL,150660720,2027500
2026-09-30 15:31:19.421,SENSEX,CE,72600.0,SENSEX26O0172600CE,189.4,2940,SELL_AGGRESSOR,61828740,1278460
2026-09-30 15:31:19.421,SENSEX,PE,72600.0,SENSEX26O0172600PE,336.15,2220,BUY_AGGRESSOR,94188240,592260
2026-09-30 15:31:19.421,SENSEX,CE,72700.0,SENSEX26O0172700CE,154.3,6060,SELL_AGGRESSOR,92728280,1665700
2026-09-30 15:31:19.421,SENSEX,PE,72700.0,SENSEX26O0172700PE,399.5,500,BUY,104115780,546220
2026-09-30 15:31:19.421,SENSEX,CE,72800.0,SENSEX26O0172800CE,123.8,3340,SELL_AGGRESSOR,101744520,1701580
2026-09-30 15:31:19.421,SENSEX,PE,72800.0,SENSEX26O0172800PE,470.5,60,BUY_AGGRESSOR,90041760,474440
2026-09-30 15:31:19.421,SENSEX,CE,72900.0,SENSEX26O0172900CE,99.2,7340,SELL_AGGRESSOR,82615820,1310360
2026-09-30 15:31:19.421,SENSEX,PE,72900.0,SENSEX26O0172900PE,546.0,300,SELL,51459300,273460
2026-09-30 15:31:19.421,SENSEX,CE,73000.0,SENSEX26O0173000CE,79.35,13780,SELL,156701620,3552740
2026-09-30 15:31:19.421,SENSEX,PE,73000.0,SENSEX26O0173000PE,625.6,520,SELL,54390780,549260
2026-09-30 15:31:19.421,SENSEX,CE,73100.0,SENSEX26O0173100CE,62.8,5920,SELL,69219780,1209740
2026-09-30 15:31:23.690,SENSEX,CE,71900.0,SENSEX26O0171900CE,629.4,880,BUY_AGGRESSOR,419360,47660
2026-09-30 15:31:23.690,SENSEX,PE,71900.0,SENSEX26O0171900PE,74.45,4960,SELL_AGGRESSOR,50186500,774740
2026-09-30 15:31:23.690,SENSEX,CE,72000.0,SENSEX26O0172000CE,550.0,12520,BUY_AGGRESSOR,4307600,215060
2026-09-30 15:31:23.690,SENSEX,PE,72000.0,SENSEX26O0172000PE,94.85,13620,SELL_AGGRESSOR,159986180,2543540
2026-09-30 15:31:23.690,SENSEX,CE,72100.0,SENSEX26O0172100CE,476.9,960,BUY_AGGRESSOR,1518580,63880
2026-09-30 15:31:23.690,SENSEX,PE,72100.0,SENSEX26O0172100PE,120.4,12340,SELL_AGGRESSOR,60405320,782460
2026-09-30 15:31:23.690,SENSEX,CE,72200.0,SENSEX26O0172200CE,407.05,1480,BUY_AGGRESSOR,3992600,162640
2026-09-30 15:31:23.690,SENSEX,PE,72200.0,SENSEX26O0172200PE,151.4,13640,SELL_AGGRESSOR,70569300,960620
2026-09-30 15:31:23.690,SENSEX,CE,72300.0,SENSEX26O0172300CE,343.75,2800,BUY_AGGRESSOR,8546780,304480
2026-09-30 15:31:23.690,SENSEX,PE,72300.0,SENSEX26O0172300PE,186.4,18600,SELL_AGGRESSOR,80203460,1142420
2026-09-30 15:31:23.690,SENSEX,CE,72400.0,SENSEX26O0172400CE,286.0,8360,BUY_AGGRESSOR,20955280,710100
2026-09-30 15:31:23.690,SENSEX,PE,72400.0,SENSEX26O0172400PE,228.25,15080,SELL_AGGRESSOR,88402300,1177500
2026-09-30 15:31:23.690,SENSEX,CE,72500.0,SENSEX26O0172500CE,233.85,14760,BUY_AGGRESSOR,60218640,2150860
2026-09-30 15:31:23.690,SENSEX,PE,72500.0,SENSEX26O0172500PE,274.4,15760,SELL_AGGRESSOR,150676480,2027500
2026-09-30 15:31:23.690,SENSEX,CE,72600.0,SENSEX26O0172600CE,191.3,12520,BUY_AGGRESSOR,61841260,1278460
2026-09-30 15:31:23.690,SENSEX,PE,72600.0,SENSEX26O0172600PE,330.9,8620,SELL_AGGRESSOR,94196860,592260
2026-09-30 15:31:23.690,SENSEX,CE,72700.0,SENSEX26O0172700CE,155.2,17880,BUY_AGGRESSOR,92746160,1665700
2026-09-30 15:31:23.690,SENSEX,PE,72700.0,SENSEX26O0172700PE,398.5,4200,SELL_AGGRESSOR,104119980,546220
2026-09-30 15:31:23.690,SENSEX,CE,72800.0,SENSEX26O0172800CE,125.05,15480,BUY_AGGRESSOR,101760000,1701580
2026-09-30 15:31:23.690,SENSEX,PE,72800.0,SENSEX26O0172800PE,467.6,3820,SELL_AGGRESSOR,90045580,474440
2026-09-30 15:31:23.690,SENSEX,CE,72900.0,SENSEX26O0172900CE,100.05,18800,BUY_AGGRESSOR,82634620,1310360
2026-09-30 15:31:23.690,SENSEX,PE,72900.0,SENSEX26O0172900PE,542.25,2480,SELL_AGGRESSOR,51461780,273460
2026-09-30 15:31:23.690,SENSEX,CE,73000.0,SENSEX26O0173000CE,80.4,28500,BUY_AGGRESSOR,156730120,3552740
2026-09-30 15:31:23.690,SENSEX,PE,73000.0,SENSEX26O0173000PE,621.0,3280,SELL_AGGRESSOR,54394060,549260
2026-09-30 15:31:23.690,SENSEX,CE,73100.0,SENSEX26O0173100CE,63.2,8980,BUY_AGGRESSOR,69228760,1209740
2026-09-30 15:31:23.690,SENSEX,PE,73100.0,SENSEX26O0173100PE,701.55,2880,SELL_AGGRESSOR,12873820,158700
2026-09-30 15:31:27.833,SENSEX,CE,71900.0,SENSEX26O0171900CE,635.55,2080,BUY_AGGRESSOR,421440,47660
2026-09-30 15:31:27.833,SENSEX,PE,71900.0,SENSEX26O0171900PE,73.3,31480,SELL_AGGRESSOR,50217980,774740
2026-09-30 15:31:27.833,SENSEX,CE,72000.0,SENSEX26O0172000CE,547.85,2000,SELL_AGGRESSOR,4309600,215060
2026-09-30 15:31:27.833,SENSEX,PE,72000.0,SENSEX26O0172000PE,94.15,35100,SELL_AGGRESSOR,160021280,2543540
2026-09-30 15:31:27.833,SENSEX,CE,72100.0,SENSEX26O0172100CE,480.0,2040,BUY_AGGRESSOR,1520620,63880
2026-09-30 15:31:27.833,SENSEX,PE,72100.0,SENSEX26O0172100PE,119.3,9960,SELL_AGGRESSOR,60415280,782460
2026-09-30 15:31:27.833,SENSEX,CE,72200.0,SENSEX26O0172200CE,407.45,1120,SELL_AGGRESSOR,3993720,162640
2026-09-30 15:31:27.833,SENSEX,PE,72200.0,SENSEX26O0172200PE,150.25,14380,SELL_AGGRESSOR,70583680,960620
2026-09-30 15:31:27.833,SENSEX,CE,72300.0,SENSEX26O0172300CE,343.2,1820,SELL,8548600,304480
2026-09-30 15:31:27.833,SENSEX,PE,72300.0,SENSEX26O0172300PE,186.7,17680,BUY_AGGRESSOR,80221140,1142420
2026-09-30 15:31:27.833,SENSEX,CE,72400.0,SENSEX26O0172400CE,284.0,4560,SELL_AGGRESSOR,20959840,710100
2026-09-30 15:31:27.833,SENSEX,PE,72400.0,SENSEX26O0172400PE,227.2,28100,SELL_AGGRESSOR,88430400,1177500
2026-09-30 15:31:27.833,SENSEX,CE,72500.0,SENSEX26O0172500CE,233.05,18320,SELL_AGGRESSOR,60236960,2150860
2026-09-30 15:31:27.833,SENSEX,PE,72500.0,SENSEX26O0172500PE,274.75,34600,BUY,150711080,2027500
2026-09-30 15:31:27.833,SENSEX,CE,72600.0,SENSEX26O0172600CE,189.05,14280,SELL_AGGRESSOR,61855540,1278460
2026-09-30 15:31:27.833,SENSEX,PE,72600.0,SENSEX26O0172600PE,332.3,9980,BUY_AGGRESSOR,94206840,592260
2026-09-30 15:31:27.833,SENSEX,CE,72700.0,SENSEX26O0172700CE,154.15,14440,SELL_AGGRESSOR,92760600,1665700
2026-09-30 15:31:27.833,SENSEX,PE,72700.0,SENSEX26O0172700PE,396.0,3800,SELL_AGGRESSOR,104123780,546220
2026-09-30 15:31:27.833,SENSEX,CE,72800.0,SENSEX26O0172800CE,124.4,11660,SELL_AGGRESSOR,101771660,1701580
2026-09-30 15:31:27.833,SENSEX,PE,72800.0,SENSEX26O0172800PE,465.35,3000,SELL_AGGRESSOR,90048580,474440
2026-09-30 15:31:27.833,SENSEX,CE,72900.0,SENSEX26O0172900CE,98.75,13720,SELL_AGGRESSOR,82648340,1310360
2026-09-30 15:31:27.833,SENSEX,PE,72900.0,SENSEX26O0172900PE,541.55,1740,SELL,51463520,273460
2026-09-30 15:31:27.833,SENSEX,CE,73000.0,SENSEX26O0173000CE,79.3,14920,SELL_AGGRESSOR,156745040,3552740
2026-09-30 15:31:27.833,SENSEX,PE,73000.0,SENSEX26O0173000PE,621.45,2980,BUY,54397040,549260
2026-09-30 15:31:27.833,SENSEX,CE,73100.0,SENSEX26O0173100CE,62.15,14100,SELL_AGGRESSOR,69242860,1209740
2026-09-30 15:31:27.833,SENSEX,PE,73100.0,SENSEX26O0173100PE,702.85,980,BUY,12874800,158700
2026-09-30 15:31:32.148,SENSEX,CE,71900.0,SENSEX26O0171900CE,631.5,60,SELL,421500,47660
2026-09-30 15:31:32.148,SENSEX,PE,71900.0,SENSEX26O0171900PE,73.85,28940,BUY_AGGRESSOR,50246920,774740
2026-09-30 15:31:32.148,SENSEX,CE,72000.0,SENSEX26O0172000CE,550.0,120,BUY,4309720,215060
2026-09-30 15:31:32.148,SENSEX,PE,72000.0,SENSEX26O0172000PE,95.3,19780,BUY_AGGRESSOR,160041060,2543540
2026-09-30 15:31:32.148,SENSEX,CE,72100.0,SENSEX26O0172100CE,477.8,20,BUY_AGGRESSOR,1520640,63880
2026-09-30 15:31:32.148,SENSEX,PE,72100.0,SENSEX26O0172100PE,120.3,6420,BUY_AGGRESSOR,60421700,782460
2026-09-30 15:31:32.148,SENSEX,CE,72200.0,SENSEX26O0172200CE,406.5,60,SELL_AGGRESSOR,3993780,161640
2026-09-30 15:31:32.148,SENSEX,PE,72200.0,SENSEX26O0172200PE,151.3,6760,BUY_AGGRESSOR,70590440,960620
2026-09-30 15:31:32.148,SENSEX,CE,72300.0,SENSEX26O0172300CE,341.9,900,SELL,8549500,304480
2026-09-30 15:31:32.148,SENSEX,PE,72300.0,SENSEX26O0172300PE,187.4,5500,BUY_AGGRESSOR,80226640,1008000
2026-09-30 15:31:32.148,SENSEX,CE,72400.0,SENSEX26O0172400CE,283.3,2140,SELL_AGGRESSOR,20961980,647240
2026-09-30 15:31:32.148,SENSEX,PE,72400.0,SENSEX26O0172400PE,228.5,11620,BUY_AGGRESSOR,88442020,1177500
2026-09-30 15:31:32.148,SENSEX,CE,72500.0,SENSEX26O0172500CE,232.0,13640,SELL_AGGRESSOR,60250600,1950180
2026-09-30 15:31:32.148,SENSEX,PE,72500.0,SENSEX26O0172500PE,277.3,23980,BUY_AGGRESSOR,150735060,2027500
2026-09-30 15:31:32.148,SENSEX,CE,72600.0,SENSEX26O0172600CE,189.75,2940,BUY_AGGRESSOR,61858480,1278460
2026-09-30 15:31:32.148,SENSEX,PE,72600.0,SENSEX26O0172600PE,334.7,2420,BUY_AGGRESSOR,94209260,592260
2026-09-30 15:31:32.148,SENSEX,CE,72700.0,SENSEX26O0172700CE,154.0,4020,SELL_AGGRESSOR,92764620,1447220
2026-09-30 15:31:32.148,SENSEX,PE,72700.0,SENSEX26O0172700PE,399.6,1220,BUY_AGGRESSOR,104125000,546220
2026-09-30 15:31:32.148,SENSEX,CE,72800.0,SENSEX26O0172800CE,123.4,1860,SELL_AGGRESSOR,101773520,1701580
2026-09-30 15:31:32.148,SENSEX,PE,72800.0,SENSEX26O0172800PE,468.9,580,BUY_AGGRESSOR,90049160,474440
2026-09-30 15:31:32.148,SENSEX,CE,72900.0,SENSEX26O0172900CE,98.7,6300,SELL,82654640,1310360
2026-09-30 15:31:32.148,SENSEX,PE,72900.0,SENSEX26O0172900PE,545.15,680,BUY_AGGRESSOR,51464200,273460
2026-09-30 15:31:32.148,SENSEX,CE,73000.0,SENSEX26O0173000CE,78.7,10480,SELL_AGGRESSOR,156755520,3341100
2026-09-30 15:31:32.148,SENSEX,PE,73000.0,SENSEX26O0173000PE,623.4,540,BUY_AGGRESSOR,54397580,549260
2026-09-30 15:31:32.148,SENSEX,CE,73100.0,SENSEX26O0173100CE,61.85,4620,SELL_AGGRESSOR,69247480,1138380
2026-09-30 15:31:32.148,SENSEX,PE,73100.0,SENSEX26O0173100PE,706.05,20,BUY_AGGRESSOR,12874820,158700
2026-09-30 15:31:36.349,SENSEX,CE,71900.0,SENSEX26O0171900CE,629.7,20,BUY_AGGRESSOR,421520,41340
2026-09-30 15:31:36.349,SENSEX,PE,71900.0,SENSEX26O0171900PE,73.55,3320,SELL_AGGRESSOR,50250240,710040
2026-09-30 15:31:36.349,SENSEX,PE,72000.0,SENSEX26O0172000PE,94.4,13200,SELL_AGGRESSOR,160054260,2439700
2026-09-30 15:31:36.349,SENSEX,PE,72100.0,SENSEX26O0172100PE,120.5,3220,BUY,60424920,709460
2026-09-30 15:31:36.349,SENSEX,CE,72200.0,SENSEX26O0172200CE,406.3,220,SELL,3994000,161640
2026-09-30 15:31:36.349,SENSEX,PE,72200.0,SENSEX26O0172200PE,151.55,4560,BUY,70595000,864120
2026-09-30 15:31:36.349,SENSEX,CE,72300.0,SENSEX26O0172300CE,342.2,1080,BUY_AGGRESSOR,8550580,291960
2026-09-30 15:31:36.349,SENSEX,PE,72300.0,SENSEX26O0172300PE,187.45,3600,BUY,80230240,1008000
2026-09-30 15:31:36.349,SENSEX,CE,72400.0,SENSEX26O0172400CE,282.9,1120,SELL,20963100,647240
2026-09-30 15:31:36.349,SENSEX,PE,72400.0,SENSEX26O0172400PE,227.45,4600,SELL_AGGRESSOR,88446620,1000920
2026-09-30 15:31:36.349,SENSEX,CE,72500.0,SENSEX26O0172500CE,232.45,4780,BUY_AGGRESSOR,60255380,1950180
2026-09-30 15:31:36.349,SENSEX,PE,72500.0,SENSEX26O0172500PE,276.35,7280,SELL,150742340,1957740
2026-09-30 15:31:36.349,SENSEX,CE,72600.0,SENSEX26O0172600CE,189.35,3440,SELL_AGGRESSOR,61861920,1179940
2026-09-30 15:31:36.349,SENSEX,PE,72600.0,SENSEX26O0172600PE,334.8,540,BUY,94209800,555520
2026-09-30 15:31:36.349,SENSEX,CE,72700.0,SENSEX26O0172700CE,154.5,3440,BUY_AGGRESSOR,92768060,1447220
2026-09-30 15:31:36.349,SENSEX,PE,72700.0,SENSEX26O0172700PE,399.55,380,BUY_AGGRESSOR,104125380,516180
2026-09-30 15:31:36.349,SENSEX,CE,72800.0,SENSEX26O0172800CE,124.1,4220,BUY_AGGRESSOR,101777740,1567600
2026-09-30 15:31:36.349,SENSEX,PE,72800.0,SENSEX26O0172800PE,466.8,120,SELL_AGGRESSOR,90049280,452660
2026-09-30 15:31:36.349,SENSEX,CE,72900.0,SENSEX26O0172900CE,99.0,5860,BUY_AGGRESSOR,82660500,1227720
2026-09-30 15:31:36.349,SENSEX,PE,72900.0,SENSEX26O0172900PE,545.3,680,BUY_AGGRESSOR,51464880,259100
2026-09-30 15:31:36.349,SENSEX,CE,73000.0,SENSEX26O0173000CE,78.35,5720,SELL_AGGRESSOR,156761240,3341100
2026-09-30 15:31:36.349,SENSEX,PE,73000.0,SENSEX26O0173000PE,624.7,900,BUY_AGGRESSOR,54398480,521000
2026-09-30 15:31:36.349,SENSEX,CE,73100.0,SENSEX26O0173100CE,61.9,6460,BUY_AGGRESSOR,69253940,1138380
2026-09-30 15:31:36.349,SENSEX,PE,73100.0,SENSEX26O0173100PE,707.6,20,BUY,12874840,152920
2026-09-30 15:31:40.633,SENSEX,CE,71900.0,SENSEX26O0171900CE,631.15,40,BUY_AGGRESSOR,421560,41340
2026-09-30 15:31:40.633,SENSEX,PE,71900.0,SENSEX26O0171900PE,73.95,2420,BUY_AGGRESSOR,50252660,710040
2026-09-30 15:31:40.633,SENSEX,CE,72000.0,SENSEX26O0172000CE,550.0,360,BUY_AGGRESSOR,4310080,206800
2026-09-30 15:31:40.633,SENSEX,PE,72000.0,SENSEX26O0172000PE,93.8,16700,SELL_AGGRESSOR,160070960,2439700
2026-09-30 15:31:40.633,SENSEX,CE,72100.0,SENSEX26O0172100CE,477.2,40,BUY_AGGRESSOR,1520680,59680
2026-09-30 15:31:40.633,SENSEX,PE,72100.0,SENSEX26O0172100PE,119.55,8240,SELL_AGGRESSOR,60433160,709460
2026-09-30 15:31:40.633,SENSEX,CE,72200.0,SENSEX26O0172200CE,406.65,240,BUY,3994240,161640
2026-09-30 15:31:40.633,SENSEX,PE,72200.0,SENSEX26O0172200PE,150.45,6440,SELL_AGGRESSOR,70601440,864120
2026-09-30 15:31:40.633,SENSEX,CE,72300.0,SENSEX26O0172300CE,343.25,1440,BUY_AGGRESSOR,8552020,291960
2026-09-30 15:31:40.633,SENSEX,PE,72300.0,SENSEX26O0172300PE,185.75,5240,SELL_AGGRESSOR,80235480,1008000
2026-09-30 15:31:40.633,SENSEX,CE,72400.0,SENSEX26O0172400CE,284.8,1180,BUY_AGGRESSOR,20964280,647240
2026-09-30 15:31:40.633,SENSEX,PE,72400.0,SENSEX26O0172400PE,226.15,4060,SELL_AGGRESSOR,88450680,1000920
2026-09-30 15:31:40.633,SENSEX,CE,72500.0,SENSEX26O0172500CE,234.1,4700,BUY_AGGRESSOR,60260080,1950180
2026-09-30 15:31:40.633,SENSEX,PE,72500.0,SENSEX26O0172500PE,274.6,5520,SELL_AGGRESSOR,150747860,1957740
2026-09-30 15:31:40.633,SENSEX,CE,72600.0,SENSEX26O0172600CE,191.35,5360,BUY_AGGRESSOR,61867280,1179940
2026-09-30 15:31:40.633,SENSEX,PE,72600.0,SENSEX26O0172600PE,333.6,2100,SELL_AGGRESSOR,94211900,555520
2026-09-30 15:31:40.633,SENSEX,CE,72700.0,SENSEX26O0172700CE,155.25,6640,BUY_AGGRESSOR,92774700,1447220
2026-09-30 15:31:40.633,SENSEX,PE,72700.0,SENSEX26O0172700PE,397.25,820,SELL_AGGRESSOR,104126200,516180
2026-09-30 15:31:40.633,SENSEX,CE,72800.0,SENSEX26O0172800CE,125.0,11540,BUY_AGGRESSOR,101789280,1567600
2026-09-30 15:31:40.633,SENSEX,PE,72800.0,SENSEX26O0172800PE,465.0,2180,SELL_AGGRESSOR,90051460,452660
2026-09-30 15:31:40.633,SENSEX,CE,72900.0,SENSEX26O0172900CE,99.4,18120,BUY_AGGRESSOR,82678620,1227720
2026-09-30 15:31:40.633,SENSEX,PE,72900.0,SENSEX26O0172900PE,540.7,960,SELL_AGGRESSOR,51465840,259100
2026-09-30 15:31:40.633,SENSEX,CE,73000.0,SENSEX26O0173000CE,79.2,17420,BUY_AGGRESSOR,156778660,3341100
2026-09-30 15:31:40.633,SENSEX,PE,73000.0,SENSEX26O0173000PE,621.05,1240,SELL_AGGRESSOR,54399720,521000
2026-09-30 15:31:40.633,SENSEX,CE,73100.0,SENSEX26O0173100CE,62.95,2360,BUY_AGGRESSOR,69256300,1138380
2026-09-30 15:31:40.633,SENSEX,PE,73100.0,SENSEX26O0173100PE,706.7,300,SELL,12875140,152920
2026-09-30 15:31:44.975,SENSEX,CE,71900.0,SENSEX26O0171900CE,630.0,400,SELL,421960,41340
2026-09-30 15:31:44.975,SENSEX,PE,71900.0,SENSEX26O0171900PE,73.6,1580,SELL,50254240,710040
2026-09-30 15:31:44.975,SENSEX,CE,72000.0,SENSEX26O0172000CE,548.9,640,SELL_AGGRESSOR,4310720,206800
2026-09-30 15:31:44.975,SENSEX,PE,72000.0,SENSEX26O0172000PE,94.0,12120,BUY,160083080,2439700
2026-09-30 15:31:44.975,SENSEX,CE,72100.0,SENSEX26O0172100CE,476.65,280,SELL_AGGRESSOR,1520960,59680
2026-09-30 15:31:44.975,SENSEX,PE,72100.0,SENSEX26O0172100PE,119.9,6540,BUY_AGGRESSOR,60439700,709460
2026-09-30 15:31:44.975,SENSEX,CE,72200.0,SENSEX26O0172200CE,407.3,180,BUY,3994420,161640
2026-09-30 15:31:44.975,SENSEX,PE,72200.0,SENSEX26O0172200PE,151.4,5280,BUY_AGGRESSOR,70606720,864120
2026-09-30 15:31:44.975,SENSEX,CE,72300.0,SENSEX26O0172300CE,343.0,620,SELL,8552640,291960
2026-09-30 15:31:44.975,SENSEX,PE,72300.0,SENSEX26O0172300PE,187.4,3260,BUY_AGGRESSOR,80238740,1008000
2026-09-30 15:31:44.975,SENSEX,CE,72400.0,SENSEX26O0172400CE,283.85,1720,SELL_AGGRESSOR,20966000,647240
2026-09-30 15:31:44.975,SENSEX,PE,72400.0,SENSEX26O0172400PE,228.7,6760,BUY_AGGRESSOR,88457440,1000920
2026-09-30 15:31:44.975,SENSEX,CE,72500.0,SENSEX26O0172500CE,234.0,7700,SELL_AGGRESSOR,60267780,1950180
2026-09-30 15:31:44.975,SENSEX,PE,72500.0,SENSEX26O0172500PE,275.95,9080,BUY_AGGRESSOR,150756940,1957740
2026-09-30 15:31:44.975,SENSEX,CE,72600.0,SENSEX26O0172600CE,190.4,5640,SELL_AGGRESSOR,61872920,1179940
2026-09-30 15:31:44.975,SENSEX,PE,72600.0,SENSEX26O0172600PE,332.75,1080,SELL,94212980,555520
2026-09-30 15:31:44.975,SENSEX,CE,72700.0,SENSEX26O0172700CE,154.85,5960,SELL_AGGRESSOR,92780660,1447220
2026-09-30 15:31:44.975,SENSEX,PE,72700.0,SENSEX26O0172700PE,397.95,520,BUY_AGGRESSOR,104126720,516180
2026-09-30 15:31:44.975,SENSEX,CE,72800.0,SENSEX26O0172800CE,124.45,4180,SELL_AGGRESSOR,101793460,1567600
2026-09-30 15:31:44.975,SENSEX,PE,72800.0,SENSEX26O0172800PE,467.5,1440,BUY_AGGRESSOR,90052900,452660
2026-09-30 15:31:44.975,SENSEX,CE,72900.0,SENSEX26O0172900CE,99.6,4040,BUY,82682660,1227720
2026-09-30 15:31:44.975,SENSEX,PE,72900.0,SENSEX26O0172900PE,542.85,600,BUY_AGGRESSOR,51466440,259100
2026-09-30 15:31:44.975,SENSEX,CE,73000.0,SENSEX26O0173000CE,78.75,6320,SELL_AGGRESSOR,156784980,3341100
2026-09-30 15:31:44.975,SENSEX,PE,73000.0,SENSEX26O0173000PE,623.7,1240,BUY_AGGRESSOR,54400960,521000
2026-09-30 15:31:44.975,SENSEX,CE,73100.0,SENSEX26O0173100CE,62.6,15020,SELL_AGGRESSOR,69271320,1138380
2026-09-30 15:31:44.975,SENSEX,PE,73100.0,SENSEX26O0173100PE,706.35,380,BUY_AGGRESSOR,12875520,152920
2026-09-30 15:31:49.152,SENSEX,CE,71900.0,SENSEX26O0171900CE,630.15,40,BUY,422000,41340
2026-09-30 15:31:49.152,SENSEX,PE,71900.0,SENSEX26O0171900PE,73.55,1280,SELL,50255520,710040
2026-09-30 15:31:49.152,SENSEX,CE,72000.0,SENSEX26O0172000CE,550.0,240,BUY_AGGRESSOR,4310960,206800
2026-09-30 15:31:49.152,SENSEX,PE,72000.0,SENSEX26O0172000PE,94.6,9860,BUY_AGGRESSOR,160092940,2439700
2026-09-30 15:31:49.152,SENSEX,CE,72100.0,SENSEX26O0172100CE,475.9,80,SELL_AGGRESSOR,1521040,59680
2026-09-30 15:31:49.152,SENSEX,PE,72100.0,SENSEX26O0172100PE,119.9,2200,INSIDE,60441900,709460
2026-09-30 15:31:49.152,SENSEX,CE,72200.0,SENSEX26O0172200CE,407.15,260,SELL,3994680,161640
2026-09-30 15:31:49.152,SENSEX,PE,72200.0,SENSEX26O0172200PE,150.9,4480,SELL,70611200,864120
2026-09-30 15:31:49.152,SENSEX,CE,72300.0,SENSEX26O0172300CE,342.75,1120,SELL_AGGRESSOR,8553760,291960
2026-09-30 15:31:49.152,SENSEX,PE,72300.0,SENSEX26O0172300PE,186.6,980,SELL_AGGRESSOR,80239720,1008000
2026-09-30 15:31:49.152,SENSEX,CE,72400.0,SENSEX26O0172400CE,283.15,1240,SELL_AGGRESSOR,20967240,647240
2026-09-30 15:31:49.152,SENSEX,PE,72400.0,SENSEX26O0172400PE,228.25,4460,SELL,88461900,1000920
2026-09-30 15:31:49.152,SENSEX,CE,72500.0,SENSEX26O0172500CE,232.9,7980,SELL_AGGRESSOR,60275760,1950180
2026-09-30 15:31:49.152,SENSEX,PE,72500.0,SENSEX26O0172500PE,276.55,5480,BUY_AGGRESSOR,150762420,1957740
2026-09-30 15:31:49.152,SENSEX,CE,72600.0,SENSEX26O0172600CE,189.55,3240,SELL_AGGRESSOR,61876160,1179940
2026-09-30 15:31:49.152,SENSEX,PE,72600.0,SENSEX26O0172600PE,334.6,1900,BUY_AGGRESSOR,94214880,555520
2026-09-30 15:31:49.152,SENSEX,CE,72700.0,SENSEX26O0172700CE,153.85,1300,SELL_AGGRESSOR,92781960,1447220
2026-09-30 15:31:49.152,SENSEX,PE,72700.0,SENSEX26O0172700PE,397.55,420,SELL,104127140,516180
2026-09-30 15:31:49.152,SENSEX,CE,72800.0,SENSEX26O0172800CE,124.1,3960,SELL,101797420,1567600
2026-09-30 15:31:49.152,SENSEX,PE,72800.0,SENSEX26O0172800PE,467.25,1560,SELL,90054460,452660
2026-09-30 15:31:49.152,SENSEX,CE,72900.0,SENSEX26O0172900CE,99.1,4640,SELL_AGGRESSOR,82687300,1227720
2026-09-30 15:31:49.152,SENSEX,PE,72900.0,SENSEX26O0172900PE,543.7,340,BUY,51466780,259100
2026-09-30 15:31:49.152,SENSEX,CE,73000.0,SENSEX26O0173000CE,78.85,5780,BUY,156790760,3341100
2026-09-30 15:31:49.152,SENSEX,PE,73000.0,SENSEX26O0173000PE,623.25,520,BUY_AGGRESSOR,54401480,521000
2026-09-30 15:31:49.152,SENSEX,CE,73100.0,SENSEX26O0173100CE,62.05,1260,SELL_AGGRESSOR,69272580,1138380
2026-09-30 15:31:49.152,SENSEX,PE,73100.0,SENSEX26O0173100PE,707.1,20,BUY_AGGRESSOR,12875540,152920
2026-09-30 15:31:53.376,SENSEX,CE,71900.0,SENSEX26O0171900CE,630.85,60,BUY_AGGRESSOR,422060,41340
2026-09-30 15:31:53.376,SENSEX,PE,71900.0,SENSEX26O0171900PE,73.7,3820,BUY_AGGRESSOR,50259340,710040
2026-09-30 15:31:53.376,SENSEX,CE,72000.0,SENSEX26O0172000CE,547.45,340,SELL_AGGRESSOR,4311300,206800
2026-09-30 15:31:53.376,SENSEX,PE,72000.0,SENSEX26O0172000PE,94.3,11100,SELL_AGGRESSOR,160104040,2439700
2026-09-30 15:31:53.376,SENSEX,CE,72100.0,SENSEX26O0172100CE,476.6,40,BUY_AGGRESSOR,1521080,59680
2026-09-30 15:31:53.376,SENSEX,PE,72100.0,SENSEX26O0172100PE,120.35,4460,BUY_AGGRESSOR,60446360,709460
2026-09-30 15:31:53.376,SENSEX,CE,72200.0,SENSEX26O0172200CE,405.1,40,SELL_AGGRESSOR,3994720,161640
2026-09-30 15:31:53.376,SENSEX,PE,72200.0,SENSEX26O0172200PE,151.4,4800,BUY_AGGRESSOR,70616000,864120
2026-09-30 15:31:53.376,SENSEX,CE,72300.0,SENSEX26O0172300CE,341.85,260,SELL_AGGRESSOR,8554020,291960
2026-09-30 15:31:53.376,SENSEX,PE,72300.0,SENSEX26O0172300PE,188.0,3360,BUY_AGGRESSOR,80243080,1008000
2026-09-30 15:31:53.376,SENSEX,CE,72400.0,SENSEX26O0172400CE,283.35,4400,BUY,20971640,647240
2026-09-30 15:31:53.376,SENSEX,PE,72400.0,SENSEX26O0172400PE,229.45,5200,BUY_AGGRESSOR,88467100,1000920
2026-09-30 15:31:53.376,SENSEX,CE,72500.0,SENSEX26O0172500CE,232.1,7740,SELL_AGGRESSOR,60283500,1950180
2026-09-30 15:31:53.376,SENSEX,PE,72500.0,SENSEX26O0172500PE,277.25,5040,BUY_AGGRESSOR,150767460,1957740
2026-09-30 15:31:53.376,SENSEX,CE,72600.0,SENSEX26O0172600CE,189.55,2540,INSIDE,61878700,1179940
2026-09-30 15:31:53.376,SENSEX,PE,72600.0,SENSEX26O0172600PE,334.5,3780,BUY_AGGRESSOR,94218660,555520
2026-09-30 15:31:53.376,SENSEX,CE,72700.0,SENSEX26O0172700CE,154.05,4360,BUY,92786320,1447220
2026-09-30 15:31:53.376,SENSEX,PE,72700.0,SENSEX26O0172700PE,399.0,640,BUY_AGGRESSOR,104127780,516180
2026-09-30 15:31:53.376,SENSEX,CE,72800.0,SENSEX26O0172800CE,123.75,4040,SELL,101801460,1567600
2026-09-30 15:31:53.376,SENSEX,PE,72800.0,SENSEX26O0172800PE,468.15,820,BUY_AGGRESSOR,90055280,452660
2026-09-30 15:31:53.376,SENSEX,CE,72900.0,SENSEX26O0172900CE,98.8,6900,SELL_AGGRESSOR,82694200,1227720
2026-09-30 15:31:53.376,SENSEX,PE,72900.0,SENSEX26O0172900PE,543.8,7560,BUY_AGGRESSOR,51474340,259100
2026-09-30 15:31:53.376,SENSEX,CE,73000.0,SENSEX26O0173000CE,78.75,15280,SELL,156806040,3341100
2026-09-30 15:31:53.376,SENSEX,PE,73000.0,SENSEX26O0173000PE,623.65,1120,BUY_AGGRESSOR,54402600,521000
2026-09-30 15:31:53.376,SENSEX,CE,73100.0,SENSEX26O0173100CE,62.2,4120,SELL_AGGRESSOR,69276700,1138380
2026-09-30 15:31:53.376,SENSEX,PE,73100.0,SENSEX26O0173100PE,705.25,360,SELL,12875900,152920
2026-09-30 15:31:57.513,SENSEX,CE,71900.0,SENSEX26O0171900CE,627.85,80,SELL,422140,41340
2026-09-30 15:31:57.513,SENSEX,PE,71900.0,SENSEX26O0171900PE,74.25,3340,BUY_AGGRESSOR,50262680,710040
2026-09-30 15:31:57.513,SENSEX,CE,72000.0,SENSEX26O0172000CE,546.7,120,SELL_AGGRESSOR,4311420,206800
2026-09-30 15:31:57.513,SENSEX,PE,72000.0,SENSEX26O0172000PE,95.25,6780,BUY_AGGRESSOR,160110820,2439700
2026-09-30 15:31:57.513,SENSEX,CE,72100.0,SENSEX26O0172100CE,474.35,80,SELL_AGGRESSOR,1521160,59680
2026-09-30 15:31:57.513,SENSEX,PE,72100.0,SENSEX26O0172100PE,120.9,4860,BUY_AGGRESSOR,60451220,709460
2026-09-30 15:31:57.513,SENSEX,CE,72200.0,SENSEX26O0172200CE,401.8,220,SELL_AGGRESSOR,3994940,161640
2026-09-30 15:31:57.513,SENSEX,PE,72200.0,SENSEX26O0172200PE,152.65,2720,BUY_AGGRESSOR,70618720,864120
2026-09-30 15:31:57.513,SENSEX,CE,72300.0,SENSEX26O0172300CE,338.65,380,SELL_AGGRESSOR,8554400,291960
2026-09-30 15:31:57.513,SENSEX,PE,72300.0,SENSEX26O0172300PE,189.2,2500,BUY_AGGRESSOR,80245580,1008000
2026-09-30 15:31:57.513,SENSEX,CE,72400.0,SENSEX26O0172400CE,280.0,4620,SELL_AGGRESSOR,20976260,647240
2026-09-30 15:31:57.513,SENSEX,PE,72400.0,SENSEX26O0172400PE,230.6,6720,BUY_AGGRESSOR,88473820,1000920
2026-09-30 15:31:57.513,SENSEX,CE,72500.0,SENSEX26O0172500CE,230.45,17620,SELL_AGGRESSOR,60301120,1950180
2026-09-30 15:31:57.513,SENSEX,PE,72500.0,SENSEX26O0172500PE,278.65,7680,BUY_AGGRESSOR,150775140,1957740
2026-09-30 15:31:57.513,SENSEX,CE,72600.0,SENSEX26O0172600CE,187.05,5400,SELL_AGGRESSOR,61884100,1179940
2026-09-30 15:31:57.513,SENSEX,PE,72600.0,SENSEX26O0172600PE,336.75,3020,BUY_AGGRESSOR,94221680,555520
2026-09-30 15:31:57.513,SENSEX,CE,72700.0,SENSEX26O0172700CE,151.9,3780,SELL_AGGRESSOR,92790100,1447220
2026-09-30 15:31:57.513,SENSEX,PE,72700.0,SENSEX26O0172700PE,400.15,580,BUY_AGGRESSOR,104128360,516180
2026-09-30 15:31:57.513,SENSEX,CE,72800.0,SENSEX26O0172800CE,122.3,7000,SELL_AGGRESSOR,101808460,1567600
2026-09-30 15:31:57.513,SENSEX,PE,72800.0,SENSEX26O0172800PE,470.9,820,BUY_AGGRESSOR,90056100,452660
2026-09-30 15:31:57.513,SENSEX,CE,72900.0,SENSEX26O0172900CE,97.55,4260,SELL_AGGRESSOR,82698460,1227720
2026-09-30 15:31:57.513,SENSEX,PE,72900.0,SENSEX26O0172900PE,544.4,840,BUY,51475180,259100
2026-09-30 15:31:57.513,SENSEX,CE,73000.0,SENSEX26O0173000CE,77.75,16000,SELL_AGGRESSOR,156822040,3341100
2026-09-30 15:31:57.513,SENSEX,PE,73000.0,SENSEX26O0173000PE,627.0,2160,BUY_AGGRESSOR,54404760,521000
2026-09-30 15:31:57.513,SENSEX,CE,73100.0,SENSEX26O0173100CE,61.7,3320,SELL_AGGRESSOR,69280020,1138380
2026-09-30 15:31:57.513,SENSEX,PE,73100.0,SENSEX26O0173100PE,710.0,40,BUY_AGGRESSOR,12875940,152920
