timestamp_minute,asset,instrument_type,strike,trading_symbol,open,high,low,close,volume,tick_count
2026-09-29 22:25:00,CRUDEOIL,FUT,0.0,CRUDEOIL19OCT26FUT,8701.0,8701.0,8701.0,8701.0,0,1
2026-09-29 22:25:00,CRUDEOIL,CE,9350.0,CRUDEOIL15OCT269350CE,203.9,203.9,203.9,203.9,0,1
2026-09-29 22:25:00,CRUDEOIL,PE,9350.0,CRUDEOIL15OCT269350PE,838.0,838.0,838.0,838.0,0,1
2026-09-29 22:25:00,CRUDEOIL,CE,9400.0,CRUDEOIL15OCT269400CE,190.9,190.9,190.9,190.9,0,1
2026-09-29 22:25:00,CRUDEOIL,PE,9400.0,CRUDEOIL15OCT269400PE,887.1,887.1,887.1,887.1,0,1
2026-09-29 22:25:00,CRUDEOIL,CE,9450.0,CRUDEOIL15OCT269450CE,179.9,179.9,179.9,179.9,0,1
2026-09-29 22:25:00,CRUDEOIL,PE,9450.0,CRUDEOIL15OCT269450PE,779.2,779.2,779.2,779.2,0,1
2026-09-29 22:25:00,CRUDEOIL,CE,9500.0,CRUDEOIL15OCT269500CE,167.0,167.0,167.0,167.0,0,1
2026-09-29 22:25:00,CRUDEOIL,PE,9500.0,CRUDEOIL15OCT269500PE,964.4,964.4,964.4,964.4,0,1
2026-09-29 22:25:00,CRUDEOIL,CE,9550.0,CRUDEOIL15OCT269550CE,158.0,158.0,158.0,158.0,0,1
2026-09-29 22:25:00,CRUDEOIL,PE,9550.0,CRUDEOIL15OCT269550PE,990.0,990.0,990.0,990.0,0,1
2026-09-29 22:25:00,CRUDEOIL,CE,9600.0,CRUDEOIL15OCT269600CE,148.0,148.0,148.0,148.0,0,1
2026-09-29 22:25:00,CRUDEOIL,PE,9600.0,CRUDEOIL15OCT269600PE,1028.3,1028.3,1028.3,1028.3,0,1
2026-09-29 22:25:00,CRUDEOIL,CE,9650.0,CRUDEOIL15OCT269650CE,137.8,137.8,137.8,137.8,0,1
2026-09-29 22:25:00,CRUDEOIL,PE,9650.0,CRUDEOIL15OCT269650PE,818.0,818.0,818.0,818.0,0,1
2026-09-29 22:25:00,CRUDEOIL,CE,9700.0,CRUDEOIL15OCT269700CE,130.1,130.1,130.1,130.1,0,1
2026-09-29 22:25:00,CRUDEOIL,PE,9700.0,CRUDEOIL15OCT269700PE,1094.0,1094.0,1094.0,1094.0,0,1
2026-09-29 22:25:00,CRUDEOIL,CE,9750.0,CRUDEOIL15OCT269750CE,123.8,123.8,123.8,123.8,0,1
2026-09-29 22:25:00,CRUDEOIL,PE,9750.0,CRUDEOIL15OCT269750PE,916.3,916.3,916.3,916.3,0,1
2026-09-29 22:25:00,CRUDEOIL,CE,9800.0,CRUDEOIL15OCT269800CE,114.2,114.2,114.2,114.2,0,1
2026-09-29 22:25:00,CRUDEOIL,PE,9800.0,CRUDEOIL15OCT269800PE,1222.6,1222.6,1222.6,1222.6,0,1
2026-09-29 22:25:00,CRUDEOIL,CE,9850.0,CRUDEOIL15OCT269850CE,107.7,107.7,107.7,107.7,0,1
2026-09-29 22:25:00,CRUDEOIL,PE,9850.0,CRUDEOIL15OCT269850PE,970.4,970.4,970.4,970.4,0,1
2026-09-29 22:25:00,CRUDEOIL,CE,9900.0,CRUDEOIL15OCT269900CE,102.9,102.9,102.9,102.9,0,1
2026-09-29 22:25:00,CRUDEOIL,PE,9900.0,CRUDEOIL15OCT269900PE,1293.1,1293.1,1293.1,1293.1,0,1
2026-09-29 22:25:00,CRUDEOIL,CE,9950.0,CRUDEOIL15OCT269950CE,96.2,96.2,96.2,96.2,0,1
2026-09-29 22:25:00,CRUDEOIL,PE,9950.0,CRUDEOIL15OCT269950PE,1038.7,1038.7,1038.7,1038.7,0,1
2026-09-29 22:25:00,CRUDEOILM,FUT,0.0,CRUDEOILM19OCT26FUT,8706.0,8706.0,8706.0,8706.0,0,1
2026-09-29 22:25:00,CRUDEOILM,CE,9350.0,CRUDEOILM15OCT269350CE,209.4,209.4,209.4,209.4,0,1
2026-09-29 22:25:00,CRUDEOILM,PE,9350.0,CRUDEOILM15OCT269350PE,830.9,830.9,830.9,830.9,0,1
2026-09-29 22:25:00,CRUDEOILM,CE,9400.0,CRUDEOILM15OCT269400CE,198.0,198.0,198.0,198.0,0,1
2026-09-29 22:25:00,CRUDEOILM,PE,9400.0,CRUDEOILM15OCT269400PE,899.75,899.75,899.75,899.75,0,1
2026-09-29 22:25:00,CRUDEOILM,CE,9450.0,CRUDEOILM15OCT269450CE,185.8,185.8,185.8,185.8,0,1
2026-09-29 22:25:00,CRUDEOILM,PE,9450.0,CRUDEOILM15OCT269450PE,925.0,925.0,925.0,925.0,0,1
2026-09-29 22:25:00,CRUDEOILM,CE,9500.0,CRUDEOILM15OCT269500CE,173.25,173.25,173.25,173.25,0,1
2026-09-29 22:25:00,CRUDEOILM,PE,9500.0,CRUDEOILM15OCT269500PE,975.0,975.0,975.0,975.0,0,1
2026-09-29 22:25:00,CRUDEOILM,CE,9550.0,CRUDEOILM15OCT269550CE,164.4,164.4,164.4,164.4,0,1
2026-09-29 22:25:00,CRUDEOILM,PE,9550.0,CRUDEOILM15OCT269550PE,960.85,960.85,960.85,960.85,0,1
2026-09-29 22:25:00,CRUDEOILM,CE,9600.0,CRUDEOILM15OCT269600CE,154.3,154.3,154.3,154.3,0,1
2026-09-29 22:25:00,CRUDEOILM,PE,9600.0,CRUDEOILM15OCT269600PE,1004.2,1004.2,1004.2,1004.2,0,1
2026-09-29 22:25:00,CRUDEOILM,CE,9650.0,CRUDEOILM15OCT269650CE,144.8,144.8,144.8,144.8,0,1
2026-09-29 22:25:00,CRUDEOILM,PE,9650.0,CRUDEOILM15OCT269650PE,1015.65,1015.65,1015.65,1015.65,0,1
2026-09-29 22:25:00,CRUDEOILM,CE,9700.0,CRUDEOILM15OCT269700CE,135.35,135.35,135.35,135.35,0,1
2026-09-29 22:25:00,CRUDEOILM,PE,9700.0,CRUDEOILM15OCT269700PE,1112.1,1112.1,1112.1,1112.1,0,1
2026-09-29 22:25:00,CRUDEOILM,CE,9750.0,CRUDEOILM15OCT269750CE,126.55,126.55,126.55,126.55,0,1
2026-09-29 22:25:00,CRUDEOILM,PE,9750.0,CRUDEOILM15OCT269750PE,1004.7,1004.7,1004.7,1004.7,0,1
2026-09-29 22:25:00,CRUDEOILM,CE,9800.0,CRUDEOILM15OCT269800CE,119.2,119.2,119.2,119.2,0,1
2026-09-29 22:25:00,CRUDEOILM,PE,9800.0,CRUDEOILM15OCT269800PE,1124.5,1124.5,1124.5,1124.5,0,1
2026-09-29 22:25:00,CRUDEOILM,CE,9850.0,CRUDEOILM15OCT269850CE,113.0,113.0,113.0,113.0,0,1
2026-09-29 22:25:00,CRUDEOILM,PE,9850.0,CRUDEOILM15OCT269850PE,1089.85,1089.85,1089.85,1089.85,0,1
2026-09-29 22:25:00,CRUDEOILM,CE,9900.0,CRUDEOILM15OCT269900CE,106.2,106.2,106.2,106.2,0,1
2026-09-29 22:25:00,CRUDEOILM,PE,9900.0,CRUDEOILM15OCT269900PE,1235.05,1235.05,1235.05,1235.05,0,1
2026-09-29 22:25:00,CRUDEOILM,CE,9950.0,CRUDEOILM15OCT269950CE,100.6,100.6,100.6,100.6,0,1
2026-09-29 22:25:00,CRUDEOILM,PE,9950.0,CRUDEOILM15OCT269950PE,1022.6,1022.6,1022.6,1022.6,0,1
2026-09-29 22:26:00,CRUDEOIL,FUT,0.0,CRUDEOIL19OCT26FUT,8702.0,8713.0,8701.0,8710.0,3500,14
2026-09-29 22:26:00,CRUDEOIL,CE,9350.0,CRUDEOIL15OCT269350CE,203.9,204.0,203.9,204.0,200,14
2026-09-29 22:26:00,CRUDEOIL,PE,9350.0,CRUDEOIL15OCT269350PE,838.0,838.0,838.0,838.0,0,14
2026-09-29 22:26:00,CRUDEOIL,CE,9400.0,CRUDEOIL15OCT269400CE,190.9,192.6,190.9,192.6,1600,14
2026-09-29 22:26:00,CRUDEOIL,PE,9400.0,CRUDEOIL15OCT269400PE,887.1,887.1,887.1,887.1,0,14
2026-09-29 22:26:00,CRUDEOIL,CE,9450.0,CRUDEOIL15OCT269450CE,179.9,179.9,179.9,179.9,0,14
2026-09-29 22:26:00,CRUDEOIL,PE,9450.0,CRUDEOIL15OCT269450PE,779.2,779.2,779.2,779.2,0,14
2026-09-29 22:26:00,CRUDEOIL,CE,9500.0,CRUDEOIL15OCT269500CE,166.9,168.0,166.9,167.5,2200,14
2026-09-29 22:26:00,CRUDEOIL,PE,9500.0,CRUDEOIL15OCT269500PE,964.4,964.4,964.4,964.4,0,14
2026-09-29 22:26:00,CRUDEOIL,CE,9550.0,CRUDEOIL15OCT269550CE,158.0,158.0,158.0,158.0,100,14
2026-09-29 22:26:00,CRUDEOIL,PE,9550.0,CRUDEOIL15OCT269550PE,990.0,990.0,990.0,990.0,0,14
2026-09-29 22:26:00,CRUDEOIL,CE,9600.0,CRUDEOIL15OCT269600CE,147.8,148.8,147.8,148.8,300,14
2026-09-29 22:26:00,CRUDEOIL,PE,9600.0,CRUDEOIL15OCT269600PE,1028.3,1028.3,1028.3,1028.3,0,14
2026-09-29 22:26:00,CRUDEOIL,CE,9650.0,CRUDEOIL15OCT269650CE,137.8,137.8,137.8,137.8,0,14
2026-09-29 22:26:00,CRUDEOIL,PE,9650.0,CRUDEOIL15OCT269650PE,818.0,818.0,818.0,818.0,0,14
2026-09-29 22:26:00,CRUDEOIL,CE,9700.0,CRUDEOIL15OCT269700CE,130.1,130.1,130.1,130.1,0,14
2026-09-29 22:26:00,CRUDEOIL,PE,9700.0,CRUDEOIL15OCT269700PE,1094.0,1094.0,1094.0,1094.0,0,14
2026-09-29 22:26:00,CRUDEOIL,CE,9750.0,CRUDEOIL15OCT269750CE,123.8,123.8,123.8,123.8,0,14
2026-09-29 22:26:00,CRUDEOIL,PE,9750.0,CRUDEOIL15OCT269750PE,916.3,916.3,916.3,916.3,0,14
2026-09-29 22:26:00,CRUDEOIL,CE,9800.0,CRUDEOIL15OCT269800CE,114.2,115.0,114.2,115.0,500,14
2026-09-29 22:26:00,CRUDEOIL,PE,9800.0,CRUDEOIL15OCT269800PE,1222.6,1222.6,1222.6,1222.6,0,14
2026-09-29 22:26:00,CRUDEOIL,CE,9850.0,CRUDEOIL15OCT269850CE,107.7,108.8,107.7,108.8,100,14
2026-09-29 22:26:00,CRUDEOIL,PE,9850.0,CRUDEOIL15OCT269850PE,970.4,970.4,970.4,970.4,0,14
2026-09-29 22:26:00,CRUDEOIL,CE,9900.0,CRUDEOIL15OCT269900CE,102.9,103.1,102.9,103.1,200,14
2026-09-29 22:26:00,CRUDEOIL,PE,9900.0,CRUDEOIL15OCT269900PE,1293.1,1293.1,1293.1,1293.1,0,14
2026-09-29 22:26:00,CRUDEOIL,CE,9950.0,CRUDEOIL15OCT269950CE,96.2,96.2,96.2,96.2,0,14
2026-09-29 22:26:00,CRUDEOIL,PE,9950.0,CRUDEOIL15OCT269950PE,1038.7,1038.7,1038.7,1038.7,0,14
2026-09-29 22:26:00,CRUDEOILM,FUT,0.0,CRUDEOILM19OCT26FUT,8706.0,8714.0,8706.0,8712.0,1020,14
2026-09-29 22:26:00,CRUDEOILM,CE,9350.0,CRUDEOILM15OCT269350CE,209.4,209.4,209.4,209.4,0,14
2026-09-29 22:26:00,CRUDEOILM,PE,9350.0,CRUDEOILM15OCT269350PE,830.9,830.9,830.9,830.9,0,14
2026-09-29 22:26:00,CRUDEOILM,CE,9400.0,CRUDEOILM15OCT269400CE,198.0,200.1,198.0,200.1,70,14
2026-09-29 22:26:00,CRUDEOILM,PE,9400.0,CRUDEOILM15OCT269400PE,899.75,899.75,899.75,899.75,0,14
2026-09-29 22:26:00,CRUDEOILM,CE,9450.0,CRUDEOILM15OCT269450CE,185.8,187.45,185.8,187.45,540,14
2026-09-29 22:26:00,CRUDEOILM,PE,9450.0,CRUDEOILM15OCT269450PE,925.0,925.0,925.0,925.0,0,14
2026-09-29 22:26:00,CRUDEOILM,CE,9500.0,CRUDEOILM15OCT269500CE,173.25,174.35,173.25,173.95,150,14
2026-09-29 22:26:00,CRUDEOILM,PE,9500.0,CRUDEOILM15OCT269500PE,975.0,975.0,975.0,975.0,0,14
2026-09-29 22:26:00,CRUDEOILM,CE,9550.0,CRUDEOILM15OCT269550CE,164.4,164.4,163.9,163.9,10,14
2026-09-29 22:26:00,CRUDEOILM,PE,9550.0,CRUDEOILM15OCT269550PE,960.85,960.85,960.85,960.85,0,14
2026-09-29 22:26:00,CRUDEOILM,CE,9600.0,CRUDEOILM15OCT269600CE,154.3,155.15,154.15,155.15,20,14
2026-09-29 22:26:00,CRUDEOILM,PE,9600.0,CRUDEOILM15OCT269600PE,1004.2,1004.2,1004.2,1004.2,0,14
2026-09-29 22:26:00,CRUDEOILM,CE,9650.0,CRUDEOILM15OCT269650CE,144.8,145.9,144.8,145.9,10,14
2026-09-29 22:26:00,CRUDEOILM,PE,9650.0,CRUDEOILM15OCT269650PE,1015.65,1015.65,1015.65,1015.65,0,14
2026-09-29 22:26:00,CRUDEOILM,CE,9700.0,CRUDEOILM15OCT269700CE,135.35,136.2,135.35,135.6,60,14
2026-09-29 22:26:00,CRUDEOILM,PE,9700.0,CRUDEOILM15OCT269700PE,1112.1,1112.1,1112.1,1112.1,0,14
2026-09-29 22:26:00,CRUDEOILM,CE,9750.0,CRUDEOILM15OCT269750CE,126.55,126.55,126.55,126.55,0,14
2026-09-29 22:26:00,CRUDEOILM,PE,9750.0,CRUDEOILM15OCT269750PE,1004.7,1004.7,1004.7,1004.7,0,14
2026-09-29 22:26:00,CRUDEOILM,CE,9800.0,CRUDEOILM15OCT269800CE,119.2,120.1,119.2,119.9,420,14
2026-09-29 22:26:00,CRUDEOILM,PE,9800.0,CRUDEOILM15OCT269800PE,1124.5,1124.5,1124.5,1124.5,0,14
2026-09-29 22:26:00,CRUDEOILM,CE,9850.0,CRUDEOILM15OCT269850CE,113.0,113.0,112.4,112.4,10,14
2026-09-29 22:26:00,CRUDEOILM,PE,9850.0,CRUDEOILM15OCT269850PE,1089.85,1089.85,1089.85,1089.85,0,14
2026-09-29 22:26:00,CRUDEOILM,CE,9900.0,CRUDEOILM15OCT269900CE,106.2,106.2,106.2,106.2,0,14
2026-09-29 22:26:00,CRUDEOILM,PE,9900.0,CRUDEOILM15OCT269900PE,1235.05,1235.05,1235.05,1235.05,0,14
2026-09-29 22:26:00,CRUDEOILM,CE,9950.0,CRUDEOILM15OCT269950CE,100.6,100.6,100.6,100.6,0,14
2026-09-29 22:26:00,CRUDEOILM,PE,9950.0,CRUDEOILM15OCT269950PE,1022.6,1022.6,1022.6,1022.6,0,14
2026-09-29 22:27:00,CRUDEOIL,FUT,0.0,CRUDEOIL19OCT26FUT,8710.0,8710.0,8705.0,8705.0,1000,14
2026-09-29 22:27:00,CRUDEOIL,CE,9350.0,CRUDEOIL15OCT269350CE,204.9,205.3,203.3,204.6,600,14
2026-09-29 22:27:00,CRUDEOIL,PE,9350.0,CRUDEOIL15OCT269350PE,838.0,838.0,838.0,838.0,0,14
2026-09-29 22:27:00,CRUDEOIL,CE,9400.0,CRUDEOIL15OCT269400CE,191.1,191.7,190.1,191.7,1400,14
2026-09-29 22:27:00,CRUDEOIL,PE,9400.0,CRUDEOIL15OCT269400PE,887.1,887.1,887.1,887.1,0,14
2026-09-29 22:27:00,CRUDEOIL,CE,9450.0,CRUDEOIL15OCT269450CE,179.9,179.9,178.1,178.1,200,14
2026-09-29 22:27:00,CRUDEOIL,PE,9450.0,CRUDEOIL15OCT269450PE,779.2,779.2,779.2,779.2,0,14
2026-09-29 22:27:00,CRUDEOIL,CE,9500.0,CRUDEOIL15OCT269500CE,167.2,167.2,165.9,167.1,2000,14
2026-09-29 22:27:00,CRUDEOIL,PE,9500.0,CRUDEOIL15OCT269500PE,964.4,964.4,964.4,964.4,0,14
2026-09-29 22:27:00,CRUDEOIL,CE,9550.0,CRUDEOIL15OCT269550CE,158.0,158.1,158.0,158.1,100,14
2026-09-29 22:27:00,CRUDEOIL,PE,9550.0,CRUDEOIL15OCT269550PE,990.0,990.0,990.0,990.0,0,14
2026-09-29 22:27:00,CRUDEOIL,CE,9600.0,CRUDEOIL15OCT269600CE,148.8,148.8,148.3,148.3,200,14
2026-09-29 22:27:00,CRUDEOIL,PE,9600.0,CRUDEOIL15OCT269600PE,1028.3,1028.3,1028.3,1028.3,0,14
2026-09-29 22:27:00,CRUDEOIL,CE,9650.0,CRUDEOIL15OCT269650CE,137.8,139.3,137.8,139.3,100,14
2026-09-29 22:27:00,CRUDEOIL,PE,9650.0,CRUDEOIL15OCT269650PE,818.0,818.0,818.0,818.0,0,14
2026-09-29 22:27:00,CRUDEOIL,CE,9700.0,CRUDEOIL15OCT269700CE,130.1,130.7,130.1,130.7,400,14
2026-09-29 22:27:00,CRUDEOIL,PE,9700.0,CRUDEOIL15OCT269700PE,1094.0,1094.0,1094.0,1094.0,0,14
2026-09-29 22:27:00,CRUDEOIL,CE,9750.0,CRUDEOIL15OCT269750CE,123.8,123.8,122.6,122.6,100,14
2026-09-29 22:27:00,CRUDEOIL,PE,9750.0,CRUDEOIL15OCT269750PE,916.3,916.3,916.3,916.3,0,14
2026-09-29 22:27:00,CRUDEOIL,CE,9800.0,CRUDEOIL15OCT269800CE,115.0,115.1,114.1,114.7,2700,14
2026-09-29 22:27:00,CRUDEOIL,PE,9800.0,CRUDEOIL15OCT269800PE,1222.6,1222.6,1222.6,1222.6,0,14
2026-09-29 22:27:00,CRUDEOIL,CE,9850.0,CRUDEOIL15OCT269850CE,108.8,108.8,108.8,108.8,0,14
2026-09-29 22:27:00,CRUDEOIL,PE,9850.0,CRUDEOIL15OCT269850PE,970.4,970.4,970.4,970.4,0,14
2026-09-29 22:27:00,CRUDEOIL,CE,9900.0,CRUDEOIL15OCT269900CE,103.1,103.1,101.6,102.0,700,14
2026-09-29 22:27:00,CRUDEOIL,PE,9900.0,CRUDEOIL15OCT269900PE,1293.1,1293.1,1293.1,1293.1,0,14
2026-09-29 22:27:00,CRUDEOIL,CE,9950.0,CRUDEOIL15OCT269950CE,96.2,96.2,96.2,96.2,0,14
2026-09-29 22:27:00,CRUDEOIL,PE,9950.0,CRUDEOIL15OCT269950PE,1038.7,1038.7,1038.7,1038.7,0,14
2026-09-29 22:27:00,CRUDEOILM,FUT,0.0,CRUDEOILM19OCT26FUT,8712.0,8713.0,8702.0,8709.0,290,14
2026-09-29 22:27:00,CRUDEOILM,CE,9350.0,CRUDEOILM15OCT269350CE,209.4,211.65,209.0,211.65,620,14
2026-09-29 22:27:00,CRUDEOILM,PE,9350.0,CRUDEOILM15OCT269350PE,830.9,851.15,830.9,851.15,10,14
2026-09-29 22:27:00,CRUDEOILM,CE,9400.0,CRUDEOILM15OCT269400CE,200.1,200.1,196.25,197.65,190,14
2026-09-29 22:27:00,CRUDEOILM,PE,9400.0,CRUDEOILM15OCT269400PE,899.75,899.75,899.75,899.75,0,14
2026-09-29 22:27:00,CRUDEOILM,CE,9450.0,CRUDEOILM15OCT269450CE,187.45,187.45,185.25,186.5,450,14
2026-09-29 22:27:00,CRUDEOILM,PE,9450.0,CRUDEOILM15OCT269450PE,925.0,925.0,925.0,925.0,0,14
2026-09-29 22:27:00,CRUDEOILM,CE,9500.0,CRUDEOILM15OCT269500CE,173.25,173.75,171.9,172.65,390,14
2026-09-29 22:27:00,CRUDEOILM,PE,9500.0,CRUDEOILM15OCT269500PE,975.0,975.0,975.0,975.0,0,14
2026-09-29 22:27:00,CRUDEOILM,CE,9550.0,CRUDEOILM15OCT269550CE,163.9,163.9,163.9,163.9,0,14
2026-09-29 22:27:00,CRUDEOILM,PE,9550.0,CRUDEOILM15OCT269550PE,960.85,960.85,960.85,960.85,0,14
2026-09-29 22:27:00,CRUDEOILM,CE,9600.0,CRUDEOILM15OCT269600CE,155.15,155.15,154.55,154.55,20,14
2026-09-29 22:27:00,CRUDEOILM,PE,9600.0,CRUDEOILM15OCT269600PE,1004.2,1004.2,1004.2,1004.2,0,14
2026-09-29 22:27:00,CRUDEOILM,CE,9650.0,CRUDEOILM15OCT269650CE,145.9,145.9,144.55,144.55,10,14
2026-09-29 22:27:00,CRUDEOILM,PE,9650.0,CRUDEOILM15OCT269650PE,1015.65,1015.65,1015.65,1015.65,0,14
2026-09-29 22:27:00,CRUDEOILM,CE,9700.0,CRUDEOILM15OCT269700CE,135.6,135.6,134.65,134.65,20,14
2026-09-29 22:27:00,CRUDEOILM,PE,9700.0,CRUDEOILM15OCT269700PE,1112.1,1112.1,1112.1,1112.1,0,14
2026-09-29 22:27:00,CRUDEOILM,CE,9750.0,CRUDEOILM15OCT269750CE,126.55,126.55,126.55,126.55,0,14
2026-09-29 22:27:00,CRUDEOILM,PE,9750.0,CRUDEOILM15OCT269750PE,1004.7,1004.7,1004.7,1004.7,0,14
2026-09-29 22:27:00,CRUDEOILM,CE,9800.0,CRUDEOILM15OCT269800CE,119.65,119.65,118.6,119.15,2310,14
2026-09-29 22:27:00,CRUDEOILM,PE,9800.0,CRUDEOILM15OCT269800PE,1124.5,1124.5,1124.5,1124.5,0,14
2026-09-29 22:27:00,CRUDEOILM,CE,9850.0,CRUDEOILM15OCT269850CE,112.4,112.4,112.0,112.0,200,14
2026-09-29 22:27:00,CRUDEOILM,PE,9850.0,CRUDEOILM15OCT269850PE,1089.85,1089.85,1089.85,1089.85,0,14
2026-09-29 22:27:00,CRUDEOILM,CE,9900.0,CRUDEOILM15OCT269900CE,106.2,106.2,105.1,105.1,70,14
2026-09-29 22:27:00,CRUDEOILM,PE,9900.0,CRUDEOILM15OCT269900PE,1235.05,1235.05,1235.05,1235.05,0,14
2026-09-29 22:27:00,CRUDEOILM,CE,9950.0,CRUDEOILM15OCT269950CE,100.6,100.6,99.7,99.7,20,14
2026-09-29 22:27:00,CRUDEOILM,PE,9950.0,CRUDEOILM15OCT269950PE,1022.6,1022.6,1022.6,1022.6,0,14
2026-09-29 22:28:00,CRUDEOIL,FUT,0.0,CRUDEOIL19OCT26FUT,8705.0,8711.0,8705.0,8711.0,800,14
2026-09-29 22:28:00,CRUDEOIL,CE,9350.0,CRUDEOIL15OCT269350CE,204.6,204.6,203.7,203.7,100,14
2026-09-29 22:28:00,CRUDEOIL,PE,9350.0,CRUDEOIL15OCT269350PE,838.0,838.0,838.0,838.0,0,14
2026-09-29 22:28:00,CRUDEOIL,CE,9400.0,CRUDEOIL15OCT269400CE,191.7,191.7,191.7,191.7,1300,14
2026-09-29 22:28:00,CRUDEOIL,PE,9400.0,CRUDEOIL15OCT269400PE,887.1,887.1,887.1,887.1,0,14
2026-09-29 22:28:00,CRUDEOIL,CE,9450.0,CRUDEOIL15OCT269450CE,178.1,179.4,178.1,179.4,100,14
2026-09-29 22:28:00,CRUDEOIL,PE,9450.0,CRUDEOIL15OCT269450PE,779.2,779.2,779.2,779.2,0,14
2026-09-29 22:28:00,CRUDEOIL,CE,9500.0,CRUDEOIL15OCT269500CE,167.4,168.7,166.6,168.4,2800,14
2026-09-29 22:28:00,CRUDEOIL,PE,9500.0,CRUDEOIL15OCT269500PE,964.4,964.4,964.4,964.4,0,14
2026-09-29 22:28:00,CRUDEOIL,CE,9550.0,CRUDEOIL15OCT269550CE,158.1,158.1,158.1,158.1,100,14
2026-09-29 22:28:00,CRUDEOIL,PE,9550.0,CRUDEOIL15OCT269550PE,990.0,990.0,990.0,990.0,0,14
2026-09-29 22:28:00,CRUDEOIL,CE,9600.0,CRUDEOIL15OCT269600CE,148.3,149.0,148.3,149.0,300,14
2026-09-29 22:28:00,CRUDEOIL,PE,9600.0,CRUDEOIL15OCT269600PE,1028.3,1028.3,1028.3,1028.3,0,14
2026-09-29 22:28:00,CRUDEOIL,CE,9650.0,CRUDEOIL15OCT269650CE,139.3,139.3,139.3,139.3,0,14
2026-09-29 22:28:00,CRUDEOIL,PE,9650.0,CRUDEOIL15OCT269650PE,818.0,818.0,818.0,818.0,0,14
2026-09-29 22:28:00,CRUDEOIL,CE,9700.0,CRUDEOIL15OCT269700CE,130.7,130.7,130.6,130.6,100,14
2026-09-29 22:28:00,CRUDEOIL,PE,9700.0,CRUDEOIL15OCT269700PE,1094.0,1094.0,1094.0,1094.0,0,14
2026-09-29 22:28:00,CRUDEOIL,CE,9750.0,CRUDEOIL15OCT269750CE,122.6,122.6,122.6,122.6,0,14
2026-09-29 22:28:00,CRUDEOIL,PE,9750.0,CRUDEOIL15OCT269750PE,916.3,916.3,916.3,916.3,0,14
2026-09-29 22:28:00,CRUDEOIL,CE,9800.0,CRUDEOIL15OCT269800CE,114.7,115.5,114.7,115.5,100,14
2026-09-29 22:28:00,CRUDEOIL,PE,9800.0,CRUDEOIL15OCT269800PE,1222.6,1222.6,1222.6,1222.6,0,14
2026-09-29 22:28:00,CRUDEOIL,CE,9850.0,CRUDEOIL15OCT269850CE,108.8,109.5,108.8,109.5,300,14
2026-09-29 22:28:00,CRUDEOIL,PE,9850.0,CRUDEOIL15OCT269850PE,970.4,970.4,970.4,970.4,0,14
2026-09-29 22:28:00,CRUDEOIL,CE,9900.0,CRUDEOIL15OCT269900CE,102.0,102.0,102.0,102.0,0,14
2026-09-29 22:28:00,CRUDEOIL,PE,9900.0,CRUDEOIL15OCT269900PE,1293.1,1293.1,1293.1,1293.1,0,14
2026-09-29 22:28:00,CRUDEOIL,CE,9950.0,CRUDEOIL15OCT269950CE,96.2,96.8,96.2,96.8,100,14
2026-09-29 22:28:00,CRUDEOIL,PE,9950.0,CRUDEOIL15OCT269950PE,1038.7,1038.7,1038.7,1038.7,0,14
2026-09-29 22:28:00,CRUDEOILM,FUT,0.0,CRUDEOILM19OCT26FUT,8708.0,8715.0,8703.0,8714.0,920,14
2026-09-29 22:28:00,CRUDEOILM,CE,9350.0,CRUDEOILM15OCT269350CE,211.65,213.0,211.25,213.0,50,14
2026-09-29 22:28:00,CRUDEOILM,PE,9350.0,CRUDEOILM15OCT269350PE,851.15,851.15,851.15,851.15,0,14
2026-09-29 22:28:00,CRUDEOILM,CE,9400.0,CRUDEOILM15OCT269400CE,197.65,198.0,197.65,198.0,200,14
2026-09-29 22:28:00,CRUDEOILM,PE,9400.0,CRUDEOILM15OCT269400PE,899.75,899.75,899.75,899.75,0,14
2026-09-29 22:28:00,CRUDEOILM,CE,9450.0,CRUDEOILM15OCT269450CE,186.5,187.3,186.05,187.3,40,14
2026-09-29 22:28:00,CRUDEOILM,PE,9450.0,CRUDEOILM15OCT269450PE,925.0,925.0,925.0,925.0,0,14
2026-09-29 22:28:00,CRUDEOILM,CE,9500.0,CRUDEOILM15OCT269500CE,172.65,175.0,172.65,174.85,860,14
2026-09-29 22:28:00,CRUDEOILM,PE,9500.0,CRUDEOILM15OCT269500PE,975.0,975.0,960.45,960.45,20,14
2026-09-29 22:28:00,CRUDEOILM,CE,9550.0,CRUDEOILM15OCT269550CE,163.9,163.9,163.9,163.9,0,14
2026-09-29 22:28:00,CRUDEOILM,PE,9550.0,CRUDEOILM15OCT269550PE,960.85,960.85,960.85,960.85,0,14
2026-09-29 22:28:00,CRUDEOILM,CE,9600.0,CRUDEOILM15OCT269600CE,154.55,155.25,154.0,154.8,80,14
2026-09-29 22:28:00,CRUDEOILM,PE,9600.0,CRUDEOILM15OCT269600PE,1004.2,1004.2,1004.2,1004.2,0,14
2026-09-29 22:28:00,CRUDEOILM,CE,9650.0,CRUDEOILM15OCT269650CE,144.55,144.95,144.55,144.95,10,14
2026-09-29 22:28:00,CRUDEOILM,PE,9650.0,CRUDEOILM15OCT269650PE,1015.65,1015.65,1015.65,1015.65,0,14
2026-09-29 22:28:00,CRUDEOILM,CE,9700.0,CRUDEOILM15OCT269700CE,134.65,136.35,134.65,136.35,30,14
2026-09-29 22:28:00,CRUDEOILM,PE,9700.0,CRUDEOILM15OCT269700PE,1112.1,1112.1,1112.1,1112.1,0,14
2026-09-29 22:28:00,CRUDEOILM,CE,9750.0,CRUDEOILM15OCT269750CE,126.55,128.55,126.55,128.55,30,14
2026-09-29 22:28:00,CRUDEOILM,PE,9750.0,CRUDEOILM15OCT269750PE,1004.7,1004.7,1004.7,1004.7,0,14
2026-09-29 22:28:00,CRUDEOILM,CE,9800.0,CRUDEOILM15OCT269800CE,119.15,120.5,119.15,120.2,180,14
2026-09-29 22:28:00,CRUDEOILM,PE,9800.0,CRUDEOILM15OCT269800PE,1124.5,1124.5,1124.5,1124.5,0,14
2026-09-29 22:28:00,CRUDEOILM,CE,9850.0,CRUDEOILM15OCT269850CE,112.0,113.5,112.0,113.5,200,14
2026-09-29 22:28:00,CRUDEOILM,PE,9850.0,CRUDEOILM15OCT269850PE,1089.85,1089.85,1089.85,1089.85,0,14
2026-09-29 22:28:00,CRUDEOILM,CE,9900.0,CRUDEOILM15OCT269900CE,105.1,106.0,105.1,106.0,50,14
2026-09-29 22:28:00,CRUDEOILM,PE,9900.0,CRUDEOILM15OCT269900PE,1235.05,1235.05,1235.05,1235.05,0,14
2026-09-29 22:28:00,CRUDEOILM,CE,9950.0,CRUDEOILM15OCT269950CE,99.7,100.5,99.7,100.5,100,14
2026-09-29 22:28:00,CRUDEOILM,PE,9950.0,CRUDEOILM15OCT269950PE,1022.6,1022.6,1022.6,1022.6,0,14
2026-09-29 22:29:00,CRUDEOIL,FUT,0.0,CRUDEOIL19OCT26FUT,8711.0,8717.0,8710.0,8717.0,4300,14
2026-09-29 22:29:00,CRUDEOIL,CE,9350.0,CRUDEOIL15OCT269350CE,203.7,203.7,203.7,203.7,0,14
2026-09-29 22:29:00,CRUDEOIL,PE,9350.0,CRUDEOIL15OCT269350PE,838.0,838.0,838.0,838.0,0,14
2026-09-29 22:29:00,CRUDEOIL,CE,9400.0,CRUDEOIL15OCT269400CE,191.7,193.0,191.7,193.0,200,14
2026-09-29 22:29:00,CRUDEOIL,PE,9400.0,CRUDEOIL15OCT269400PE,887.1,887.1,887.1,887.1,0,14
2026-09-29 22:29:00,CRUDEOIL,CE,9450.0,CRUDEOIL15OCT269450CE,179.4,181.9,179.4,180.9,300,14
2026-09-29 22:29:00,CRUDEOIL,PE,9450.0,CRUDEOIL15OCT269450PE,779.2,779.2,779.2,779.2,0,14
2026-09-29 22:29:00,CRUDEOIL,CE,9500.0,CRUDEOIL15OCT269500CE,168.4,169.0,167.9,169.0,3100,14
2026-09-29 22:29:00,CRUDEOIL,PE,9500.0,CRUDEOIL15OCT269500PE,964.4,964.4,950.0,950.0,400,14
2026-09-29 22:29:00,CRUDEOIL,CE,9550.0,CRUDEOIL15OCT269550CE,158.1,159.1,158.1,159.1,100,14
2026-09-29 22:29:00,CRUDEOIL,PE,9550.0,CRUDEOIL15OCT269550PE,990.0,990.0,990.0,990.0,0,14
2026-09-29 22:29:00,CRUDEOIL,CE,9600.0,CRUDEOIL15OCT269600CE,149.0,149.0,148.2,148.2,200,14
2026-09-29 22:29:00,CRUDEOIL,PE,9600.0,CRUDEOIL15OCT269600PE,1028.3,1028.3,1028.3,1028.3,0,14
2026-09-29 22:29:00,CRUDEOIL,CE,9650.0,CRUDEOIL15OCT269650CE,139.3,139.3,139.3,139.3,0,14
2026-09-29 22:29:00,CRUDEOIL,PE,9650.0,CRUDEOIL15OCT269650PE,818.0,818.0,818.0,818.0,0,14
2026-09-29 22:29:00,CRUDEOIL,CE,9700.0,CRUDEOIL15OCT269700CE,130.6,131.0,130.6,131.0,100,14
2026-09-29 22:29:00,CRUDEOIL,PE,9700.0,CRUDEOIL15OCT269700PE,1094.0,1094.0,1094.0,1094.0,0,14
2026-09-29 22:29:00,CRUDEOIL,CE,9750.0,CRUDEOIL15OCT269750CE,122.6,122.6,122.6,122.6,0,14
2026-09-29 22:29:00,CRUDEOIL,PE,9750.0,CRUDEOIL15OCT269750PE,916.3,916.3,916.3,916.3,0,14
2026-09-29 22:29:00,CRUDEOIL,CE,9800.0,CRUDEOIL15OCT269800CE,115.5,116.1,115.3,116.1,1200,14
2026-09-29 22:29:00,CRUDEOIL,PE,9800.0,CRUDEOIL15OCT269800PE,1222.6,1222.6,1222.6,1222.6,0,14
2026-09-29 22:29:00,CRUDEOIL,CE,9850.0,CRUDEOIL15OCT269850CE,109.5,109.5,109.5,109.5,0,14
2026-09-29 22:29:00,CRUDEOIL,PE,9850.0,CRUDEOIL15OCT269850PE,970.4,970.4,970.4,970.4,0,14
2026-09-29 22:29:00,CRUDEOIL,CE,9900.0,CRUDEOIL15OCT269900CE,102.0,103.4,102.0,103.4,300,14
2026-09-29 22:29:00,CRUDEOIL,PE,9900.0,CRUDEOIL15OCT269900PE,1293.1,1293.1,1293.1,1293.1,0,14
2026-09-29 22:29:00,CRUDEOIL,CE,9950.0,CRUDEOIL15OCT269950CE,96.8,96.8,96.8,96.8,0,14
2026-09-29 22:29:00,CRUDEOIL,PE,9950.0,CRUDEOIL15OCT269950PE,1038.7,1038.7,1038.7,1038.7,0,14
2026-09-29 22:29:00,CRUDEOILM,FUT,0.0,CRUDEOILM19OCT26FUT,8713.0,8723.0,8712.0,8723.0,1000,14
2026-09-29 22:29:00,CRUDEOILM,CE,9350.0,CRUDEOILM15OCT269350CE,212.65,213.25,212.25,213.25,50,14
2026-09-29 22:29:00,CRUDEOILM,PE,9350.0,CRUDEOILM15OCT269350PE,851.15,851.15,851.15,851.15,0,14
2026-09-29 22:29:00,CRUDEOILM,CE,9400.0,CRUDEOILM15OCT269400CE,198.0,198.9,198.0,198.9,100,14
2026-09-29 22:29:00,CRUDEOILM,PE,9400.0,CRUDEOILM15OCT269400PE,899.75,899.75,899.75,899.75,0,14
2026-09-29 22:29:00,CRUDEOILM,CE,9450.0,CRUDEOILM15OCT269450CE,187.3,188.45,187.15,188.45,20,14
2026-09-29 22:29:00,CRUDEOILM,PE,9450.0,CRUDEOILM15OCT269450PE,925.0,925.0,925.0,925.0,0,14
2026-09-29 22:29:00,CRUDEOILM,CE,9500.0,CRUDEOILM15OCT269500CE,174.85,174.95,174.25,174.3,460,14
2026-09-29 22:29:00,CRUDEOILM,PE,9500.0,CRUDEOILM15OCT269500PE,960.45,960.45,960.45,960.45,20,14
2026-09-29 22:29:00,CRUDEOILM,CE,9550.0,CRUDEOILM15OCT269550CE,163.9,163.9,163.9,163.9,0,14
2026-09-29 22:29:00,CRUDEOILM,PE,9550.0,CRUDEOILM15OCT269550PE,960.85,960.85,960.85,960.85,0,14
2026-09-29 22:29:00,CRUDEOILM,CE,9600.0,CRUDEOILM15OCT269600CE,154.5,156.0,154.5,155.5,410,14
2026-09-29 22:29:00,CRUDEOILM,PE,9600.0,CRUDEOILM15OCT269600PE,1004.2,1004.2,1004.2,1004.2,0,14
2026-09-29 22:29:00,CRUDEOILM,CE,9650.0,CRUDEOILM15OCT269650CE,144.95,146.8,144.95,146.8,310,14
2026-09-29 22:29:00,CRUDEOILM,PE,9650.0,CRUDEOILM15OCT269650PE,1015.65,1015.65,1015.65,1015.65,0,14
2026-09-29 22:29:00,CRUDEOILM,CE,9700.0,CRUDEOILM15OCT269700CE,136.35,136.8,136.35,136.8,210,14
2026-09-29 22:29:00,CRUDEOILM,PE,9700.0,CRUDEOILM15OCT269700PE,1112.1,1112.1,1112.1,1112.1,0,14
2026-09-29 22:29:00,CRUDEOILM,CE,9750.0,CRUDEOILM15OCT269750CE,128.55,128.55,128.55,128.55,0,14
2026-09-29 22:29:00,CRUDEOILM,PE,9750.0,CRUDEOILM15OCT269750PE,1004.7,1004.7,1004.7,1004.7,0,14
2026-09-29 22:29:00,CRUDEOILM,CE,9800.0,CRUDEOILM15OCT269800CE,120.2,120.2,120.2,120.2,10,14
2026-09-29 22:29:00,CRUDEOILM,PE,9800.0,CRUDEOILM15OCT269800PE,1124.5,1124.5,1124.5,1124.5,0,14
2026-09-29 22:29:00,CRUDEOILM,CE,9850.0,CRUDEOILM15OCT269850CE,113.5,113.5,113.5,113.5,0,14
2026-09-29 22:29:00,CRUDEOILM,PE,9850.0,CRUDEOILM15OCT269850PE,1089.85,1089.85,1089.85,1089.85,0,14
2026-09-29 22:29:00,CRUDEOILM,CE,9900.0,CRUDEOILM15OCT269900CE,106.0,106.0,106.0,106.0,10,14
2026-09-29 22:29:00,CRUDEOILM,PE,9900.0,CRUDEOILM15OCT269900PE,1235.05,1235.05,1235.05,1235.05,0,14
2026-09-29 22:29:00,CRUDEOILM,CE,9950.0,CRUDEOILM15OCT269950CE,100.5,100.5,99.6,99.6,150,14
2026-09-29 22:29:00,CRUDEOILM,PE,9950.0,CRUDEOILM15OCT269950PE,1022.6,1022.6,1022.6,1022.6,0,14
2026-09-29 22:30:00,CRUDEOIL,FUT,0.0,CRUDEOIL19OCT26FUT,8717.0,8718.0,8716.0,8717.0,2000,14
2026-09-29 22:30:00,CRUDEOIL,CE,9350.0,CRUDEOIL15OCT269350CE,203.7,205.9,203.7,205.9,600,14
2026-09-29 22:30:00,CRUDEOIL,PE,9350.0,CRUDEOIL15OCT269350PE,838.0,838.0,838.0,838.0,0,14
2026-09-29 22:30:00,CRUDEOIL,CE,9400.0,CRUDEOIL15OCT269400CE,193.0,193.0,192.5,192.5,100,14
2026-09-29 22:30:00,CRUDEOIL,PE,9400.0,CRUDEOIL15OCT269400PE,887.1,887.1,887.1,887.1,0,14
2026-09-29 22:30:00,CRUDEOIL,CE,9450.0,CRUDEOIL15OCT269450CE,182.0,182.0,180.6,180.6,400,14
2026-09-29 22:30:00,CRUDEOIL,PE,9450.0,CRUDEOIL15OCT269450PE,779.2,779.2,779.2,779.2,0,14
2026-09-29 22:30:00,CRUDEOIL,CE,9500.0,CRUDEOIL15OCT269500CE,168.8,169.1,168.0,168.7,2700,14
2026-09-29 22:30:00,CRUDEOIL,PE,9500.0,CRUDEOIL15OCT269500PE,945.0,945.0,945.0,945.0,0,14
2026-09-29 22:30:00,CRUDEOIL,CE,9550.0,CRUDEOIL15OCT269550CE,159.1,160.0,159.1,160.0,400,14
2026-09-29 22:30:00,CRUDEOIL,PE,9550.0,CRUDEOIL15OCT269550PE,990.0,990.0,990.0,990.0,0,14
2026-09-29 22:30:00,CRUDEOIL,CE,9600.0,CRUDEOIL15OCT269600CE,150.0,150.0,148.8,149.1,1000,14
2026-09-29 22:30:00,CRUDEOIL,PE,9600.0,CRUDEOIL15OCT269600PE,1028.3,1028.3,1028.3,1028.3,0,14
2026-09-29 22:30:00,CRUDEOIL,CE,9650.0,CRUDEOIL15OCT269650CE,139.3,140.8,139.3,140.8,200,14
2026-09-29 22:30:00,CRUDEOIL,PE,9650.0,CRUDEOIL15OCT269650PE,818.0,818.0,818.0,818.0,0,14
2026-09-29 22:30:00,CRUDEOIL,CE,9700.0,CRUDEOIL15OCT269700CE,131.0,131.9,131.0,131.9,1200,14
2026-09-29 22:30:00,CRUDEOIL,PE,9700.0,CRUDEOIL15OCT269700PE,1094.0,1094.0,1094.0,1094.0,0,14
2026-09-29 22:30:00,CRUDEOIL,CE,9750.0,CRUDEOIL15OCT269750CE,122.6,122.6,122.6,122.6,0,14
2026-09-29 22:30:00,CRUDEOIL,PE,9750.0,CRUDEOIL15OCT269750PE,916.3,916.3,916.3,916.3,0,14
2026-09-29 22:30:00,CRUDEOIL,CE,9800.0,CRUDEOIL15OCT269800CE,116.1,116.1,115.4,116.1,700,14
2026-09-29 22:30:00,CRUDEOIL,PE,9800.0,CRUDEOIL15OCT269800PE,1222.6,1222.6,1222.6,1222.6,0,14
2026-09-29 22:30:00,CRUDEOIL,CE,9850.0,CRUDEOIL15OCT269850CE,109.5,109.9,109.0,109.9,500,14
2026-09-29 22:30:00,CRUDEOIL,PE,9850.0,CRUDEOIL15OCT269850PE,970.4,970.4,970.4,970.4,0,14
2026-09-29 22:30:00,CRUDEOIL,CE,9900.0,CRUDEOIL15OCT269900CE,103.6,103.6,102.7,103.4,500,14
2026-09-29 22:30:00,CRUDEOIL,PE,9900.0,CRUDEOIL15OCT269900PE,1293.1,1293.1,1293.1,1293.1,0,14
2026-09-29 22:30:00,CRUDEOIL,CE,9950.0,CRUDEOIL15OCT269950CE,96.8,96.8,96.5,96.5,300,14
2026-09-29 22:30:00,CRUDEOIL,PE,9950.0,CRUDEOIL15OCT269950PE,1038.7,1038.7,1038.7,1038.7,0,14
2026-09-29 22:30:00,CRUDEOILM,FUT,0.0,CRUDEOILM19OCT26FUT,8723.0,8723.0,8716.0,8718.0,510,14
2026-09-29 22:30:00,CRUDEOILM,CE,9350.0,CRUDEOILM15OCT269350CE,213.65,213.65,212.65,212.65,20,14
2026-09-29 22:30:00,CRUDEOILM,PE,9350.0,CRUDEOILM15OCT269350PE,851.15,851.15,851.15,851.15,0,14
2026-09-29 22:30:00,CRUDEOILM,CE,9400.0,CRUDEOILM15OCT269400CE,198.9,200.3,198.8,200.15,390,14
2026-09-29 22:30:00,CRUDEOILM,PE,9400.0,CRUDEOILM15OCT269400PE,899.75,899.75,899.75,899.75,0,14
2026-09-29 22:30:00,CRUDEOILM,CE,9450.0,CRUDEOILM15OCT269450CE,188.45,188.45,187.2,187.2,150,14
2026-09-29 22:30:00,CRUDEOILM,PE,9450.0,CRUDEOILM15OCT269450PE,925.0,925.0,925.0,925.0,0,14
2026-09-29 22:30:00,CRUDEOILM,CE,9500.0,CRUDEOILM15OCT269500CE,174.3,175.1,174.3,175.0,1340,14
2026-09-29 22:30:00,CRUDEOILM,PE,9500.0,CRUDEOILM15OCT269500PE,960.45,960.45,960.45,960.45,0,14
2026-09-29 22:30:00,CRUDEOILM,CE,9550.0,CRUDEOILM15OCT269550CE,165.65,165.65,164.3,164.3,90,14
2026-09-29 22:30:00,CRUDEOILM,PE,9550.0,CRUDEOILM15OCT269550PE,960.85,960.85,960.85,960.85,0,14
2026-09-29 22:30:00,CRUDEOILM,CE,9600.0,CRUDEOILM15OCT269600CE,155.45,155.75,154.75,155.6,450,14
2026-09-29 22:30:00,CRUDEOILM,PE,9600.0,CRUDEOILM15OCT269600PE,1004.2,1004.2,1004.2,1004.2,0,14
2026-09-29 22:30:00,CRUDEOILM,CE,9650.0,CRUDEOILM15OCT269650CE,146.8,146.8,145.7,145.7,50,14
2026-09-29 22:30:00,CRUDEOILM,PE,9650.0,CRUDEOILM15OCT269650PE,1015.65,1015.65,1015.65,1015.65,0,14
2026-09-29 22:30:00,CRUDEOILM,CE,9700.0,CRUDEOILM15OCT269700CE,136.8,136.8,135.8,135.8,100,14
2026-09-29 22:30:00,CRUDEOILM,PE,9700.0,CRUDEOILM15OCT269700PE,1112.1,1112.1,1112.1,1112.1,0,14
2026-09-29 22:30:00,CRUDEOILM,CE,9750.0,CRUDEOILM15OCT269750CE,128.55,128.55,127.75,127.75,90,14
2026-09-29 22:30:00,CRUDEOILM,PE,9750.0,CRUDEOILM15OCT269750PE,1004.7,1004.7,1004.7,1004.7,0,14
2026-09-29 22:30:00,CRUDEOILM,CE,9800.0,CRUDEOILM15OCT269800CE,120.75,120.75,119.95,120.3,210,14
2026-09-29 22:30:00,CRUDEOILM,PE,9800.0,CRUDEOILM15OCT269800PE,1124.5,1124.5,1124.5,1124.5,0,14
2026-09-29 22:30:00,CRUDEOILM,CE,9850.0,CRUDEOILM15OCT269850CE,113.5,113.9,112.9,113.9,2600,14
2026-09-29 22:30:00,CRUDEOILM,PE,9850.0,CRUDEOILM15OCT269850PE,1089.85,1089.85,1089.85,1089.85,0,14
2026-09-29 22:30:00,CRUDEOILM,CE,9900.0,CRUDEOILM15OCT269900CE,106.2,106.9,106.2,106.9,10,14
2026-09-29 22:30:00,CRUDEOILM,PE,9900.0,CRUDEOILM15OCT269900PE,1235.05,1235.05,1235.05,1235.05,0,14
2026-09-29 22:30:00,CRUDEOILM,CE,9950.0,CRUDEOILM15OCT269950CE,99.6,99.75,99.6,99.75,50,14
2026-09-29 22:30:00,CRUDEOILM,PE,9950.0,CRUDEOILM15OCT269950PE,1022.6,1022.6,1022.6,1022.6,0,14
2026-09-29 22:31:00,CRUDEOIL,FUT,0.0,CRUDEOIL19OCT26FUT,8717.0,8729.0,8717.0,8728.0,10500,14
2026-09-29 22:31:00,CRUDEOIL,CE,9350.0,CRUDEOIL15OCT269350CE,205.9,207.6,205.9,207.6,500,14
2026-09-29 22:31:00,CRUDEOIL,PE,9350.0,CRUDEOIL15OCT269350PE,838.0,838.0,838.0,838.0,0,14
2026-09-29 22:31:00,CRUDEOIL,CE,9400.0,CRUDEOIL15OCT269400CE,192.5,195.3,192.5,195.3,3700,14
2026-09-29 22:31:00,CRUDEOIL,PE,9400.0,CRUDEOIL15OCT269400PE,887.1,887.1,887.1,887.1,0,14
2026-09-29 22:31:00,CRUDEOIL,CE,9450.0,CRUDEOIL15OCT269450CE,180.6,184.0,180.6,183.7,700,14
2026-09-29 22:31:00,CRUDEOIL,PE,9450.0,CRUDEOIL15OCT269450PE,779.2,779.2,779.2,779.2,0,14
2026-09-29 22:31:00,CRUDEOIL,CE,9500.0,CRUDEOIL15OCT269500CE,168.7,171.7,168.7,171.0,15500,14
2026-09-29 22:31:00,CRUDEOIL,PE,9500.0,CRUDEOIL15OCT269500PE,945.0,945.0,940.0,940.0,200,14
2026-09-29 22:31:00,CRUDEOIL,CE,9550.0,CRUDEOIL15OCT269550CE,160.0,161.6,160.0,161.6,500,14
2026-09-29 22:31:00,CRUDEOIL,PE,9550.0,CRUDEOIL15OCT269550PE,990.0,990.0,990.0,990.0,0,14
2026-09-29 22:31:00,CRUDEOIL,CE,9600.0,CRUDEOIL15OCT269600CE,149.1,151.8,149.1,151.8,4600,14
2026-09-29 22:31:00,CRUDEOIL,PE,9600.0,CRUDEOIL15OCT269600PE,1028.3,1028.3,1028.3,1028.3,0,14
2026-09-29 22:31:00,CRUDEOIL,CE,9650.0,CRUDEOIL15OCT269650CE,140.8,141.8,140.8,141.8,500,14
2026-09-29 22:31:00,CRUDEOIL,PE,9650.0,CRUDEOIL15OCT269650PE,818.0,818.0,818.0,818.0,0,14
2026-09-29 22:31:00,CRUDEOIL,CE,9700.0,CRUDEOIL15OCT269700CE,131.9,133.6,131.9,133.6,400,14
2026-09-29 22:31:00,CRUDEOIL,PE,9700.0,CRUDEOIL15OCT269700PE,1094.0,1094.0,1094.0,1094.0,0,14
2026-09-29 22:31:00,CRUDEOIL,CE,9750.0,CRUDEOIL15OCT269750CE,122.6,122.6,122.6,122.6,0,14
2026-09-29 22:31:00,CRUDEOIL,PE,9750.0,CRUDEOIL15OCT269750PE,916.3,916.3,916.3,916.3,0,14
2026-09-29 22:31:00,CRUDEOIL,CE,9800.0,CRUDEOIL15OCT269800CE,116.1,117.1,116.1,117.1,2800,14
2026-09-29 22:31:00,CRUDEOIL,PE,9800.0,CRUDEOIL15OCT269800PE,1222.6,1222.6,1222.6,1222.6,0,14
2026-09-29 22:31:00,CRUDEOIL,CE,9850.0,CRUDEOIL15OCT269850CE,109.9,110.5,109.9,110.5,200,14
2026-09-29 22:31:00,CRUDEOIL,PE,9850.0,CRUDEOIL15OCT269850PE,970.4,970.4,970.4,970.4,0,14
2026-09-29 22:31:00,CRUDEOIL,CE,9900.0,CRUDEOIL15OCT269900CE,103.4,104.5,103.4,104.5,600,14
2026-09-29 22:31:00,CRUDEOIL,PE,9900.0,CRUDEOIL15OCT269900PE,1293.1,1293.1,1293.1,1293.1,0,14
2026-09-29 22:31:00,CRUDEOIL,CE,9950.0,CRUDEOIL15OCT269950CE,96.5,98.2,96.5,98.1,200,14
2026-09-29 22:31:00,CRUDEOIL,PE,9950.0,CRUDEOIL15OCT269950PE,1038.7,1038.7,1038.7,1038.7,0,14
2026-09-29 22:31:00,CRUDEOILM,FUT,0.0,CRUDEOILM19OCT26FUT,8718.0,8729.0,8718.0,8725.0,2280,14
2026-09-29 22:31:00,CRUDEOILM,CE,9350.0,CRUDEOILM15OCT269350CE,212.65,214.9,212.65,214.9,580,14
2026-09-29 22:31:00,CRUDEOILM,PE,9350.0,CRUDEOILM15OCT269350PE,851.15,851.15,851.15,851.15,0,14
2026-09-29 22:31:00,CRUDEOILM,CE,9400.0,CRUDEOILM15OCT269400CE,200.15,202.0,200.15,201.95,140,14
2026-09-29 22:31:00,CRUDEOILM,PE,9400.0,CRUDEOILM15OCT269400PE,899.75,899.75,899.75,899.75,0,14
2026-09-29 22:31:00,CRUDEOILM,CE,9450.0,CRUDEOILM15OCT269450CE,187.2,190.0,187.2,190.0,380,14
2026-09-29 22:31:00,CRUDEOILM,PE,9450.0,CRUDEOILM15OCT269450PE,925.0,925.0,925.0,925.0,0,14
2026-09-29 22:31:00,CRUDEOILM,CE,9500.0,CRUDEOILM15OCT269500CE,175.0,177.4,175.0,176.4,1320,14
2026-09-29 22:31:00,CRUDEOILM,PE,9500.0,CRUDEOILM15OCT269500PE,960.45,960.45,960.45,960.45,0,14
2026-09-29 22:31:00,CRUDEOILM,CE,9550.0,CRUDEOILM15OCT269550CE,164.3,166.55,164.3,166.55,10,14
2026-09-29 22:31:00,CRUDEOILM,PE,9550.0,CRUDEOILM15OCT269550PE,960.85,960.85,960.85,960.85,0,14
2026-09-29 22:31:00,CRUDEOILM,CE,9600.0,CRUDEOILM15OCT269600CE,155.6,156.8,155.6,156.75,80,14
2026-09-29 22:31:00,CRUDEOILM,PE,9600.0,CRUDEOILM15OCT269600PE,1004.2,1004.2,1004.2,1004.2,0,14
2026-09-29 22:31:00,CRUDEOILM,CE,9650.0,CRUDEOILM15OCT269650CE,145.7,148.4,145.7,148.0,170,14
2026-09-29 22:31:00,CRUDEOILM,PE,9650.0,CRUDEOILM15OCT269650PE,1015.65,1015.65,1015.65,1015.65,0,14
2026-09-29 22:31:00,CRUDEOILM,CE,9700.0,CRUDEOILM15OCT269700CE,135.8,138.0,135.8,137.75,240,14
2026-09-29 22:31:00,CRUDEOILM,PE,9700.0,CRUDEOILM15OCT269700PE,1112.1,1112.1,1112.1,1112.1,0,14
2026-09-29 22:31:00,CRUDEOILM,CE,9750.0,CRUDEOILM15OCT269750CE,127.75,130.05,127.75,130.05,110,14
2026-09-29 22:31:00,CRUDEOILM,PE,9750.0,CRUDEOILM15OCT269750PE,1004.7,1004.7,1004.7,1004.7,0,14
2026-09-29 22:31:00,CRUDEOILM,CE,9800.0,CRUDEOILM15OCT269800CE,120.3,122.15,120.3,121.75,400,14
2026-09-29 22:31:00,CRUDEOILM,PE,9800.0,CRUDEOILM15OCT269800PE,1124.5,1124.5,1124.5,1124.5,0,14
2026-09-29 22:31:00,CRUDEOILM,CE,9850.0,CRUDEOILM15OCT269850CE,113.9,114.5,113.9,114.5,100,14
2026-09-29 22:31:00,CRUDEOILM,PE,9850.0,CRUDEOILM15OCT269850PE,1089.85,1089.85,1089.85,1089.85,0,14
2026-09-29 22:31:00,CRUDEOILM,CE,9900.0,CRUDEOILM15OCT269900CE,106.9,107.15,106.9,107.15,120,14
2026-09-29 22:31:00,CRUDEOILM,PE,9900.0,CRUDEOILM15OCT269900PE,1235.05,1235.05,1235.05,1235.05,0,14
2026-09-29 22:31:00,CRUDEOILM,CE,9950.0,CRUDEOILM15OCT269950CE,100.1,100.1,100.1,100.1,0,14
2026-09-29 22:31:00,CRUDEOILM,PE,9950.0,CRUDEOILM15OCT269950PE,1022.6,1022.6,1022.6,1022.6,0,14
2026-09-29 22:32:00,CRUDEOIL,FUT,0.0,CRUDEOIL19OCT26FUT,8728.0,8728.0,8716.0,8719.0,900,14
2026-09-29 22:32:00,CRUDEOIL,CE,9350.0,CRUDEOIL15OCT269350CE,207.6,207.6,206.0,206.0,300,14
2026-09-29 22:32:00,CRUDEOIL,PE,9350.0,CRUDEOIL15OCT269350PE,838.0,838.0,838.0,838.0,0,14
2026-09-29 22:32:00,CRUDEOIL,CE,9400.0,CRUDEOIL15OCT269400CE,195.3,195.7,193.2,193.2,300,14
2026-09-29 22:32:00,CRUDEOIL,PE,9400.0,CRUDEOIL15OCT269400PE,887.1,887.1,887.1,887.1,0,14
2026-09-29 22:32:00,CRUDEOIL,CE,9450.0,CRUDEOIL15OCT269450CE,183.2,183.2,182.1,182.1,100,14
2026-09-29 22:32:00,CRUDEOIL,PE,9450.0,CRUDEOIL15OCT269450PE,779.2,779.2,779.2,779.2,0,14
2026-09-29 22:32:00,CRUDEOIL,CE,9500.0,CRUDEOIL15OCT269500CE,171.3,171.3,168.2,168.7,20600,14
2026-09-29 22:32:00,CRUDEOIL,PE,9500.0,CRUDEOIL15OCT269500PE,940.0,940.0,940.0,940.0,0,14
2026-09-29 22:32:00,CRUDEOIL,CE,9550.0,CRUDEOIL15OCT269550CE,161.6,161.6,161.6,161.6,0,14
2026-09-29 22:32:00,CRUDEOIL,PE,9550.0,CRUDEOIL15OCT269550PE,990.0,990.0,990.0,990.0,0,14
2026-09-29 22:32:00,CRUDEOIL,CE,9600.0,CRUDEOIL15OCT269600CE,151.8,151.8,149.5,149.5,400,14
2026-09-29 22:32:00,CRUDEOIL,PE,9600.0,CRUDEOIL15OCT269600PE,1028.3,1028.3,1028.3,1028.3,0,14
2026-09-29 22:32:00,CRUDEOIL,CE,9650.0,CRUDEOIL15OCT269650CE,142.9,142.9,140.4,140.4,400,14
2026-09-29 22:32:00,CRUDEOIL,PE,9650.0,CRUDEOIL15OCT269650PE,818.0,818.0,818.0,818.0,0,14
2026-09-29 22:32:00,CRUDEOIL,CE,9700.0,CRUDEOIL15OCT269700CE,133.6,133.6,132.0,132.0,400,14
2026-09-29 22:32:00,CRUDEOIL,PE,9700.0,CRUDEOIL15OCT269700PE,1094.0,1094.0,1094.0,1094.0,0,14
2026-09-29 22:32:00,CRUDEOIL,CE,9750.0,CRUDEOIL15OCT269750CE,122.6,125.0,122.6,124.8,300,14
2026-09-29 22:32:00,CRUDEOIL,PE,9750.0,CRUDEOIL15OCT269750PE,916.3,916.3,916.3,916.3,0,14
2026-09-29 22:32:00,CRUDEOIL,CE,9800.0,CRUDEOIL15OCT269800CE,117.1,117.1,116.1,116.1,1200,14
2026-09-29 22:32:00,CRUDEOIL,PE,9800.0,CRUDEOIL15OCT269800PE,1222.6,1222.6,1222.6,1222.6,0,14
2026-09-29 22:32:00,CRUDEOIL,CE,9850.0,CRUDEOIL15OCT269850CE,110.5,110.5,110.5,110.5,0,14
2026-09-29 22:32:00,CRUDEOIL,PE,9850.0,CRUDEOIL15OCT269850PE,970.4,970.4,970.4,970.4,0,14
2026-09-29 22:32:00,CRUDEOIL,CE,9900.0,CRUDEOIL15OCT269900CE,104.9,104.9,103.0,103.0,200,14
2026-09-29 22:32:00,CRUDEOIL,PE,9900.0,CRUDEOIL15OCT269900PE,1293.1,1293.1,1293.1,1293.1,0,14
2026-09-29 22:32:00,CRUDEOIL,CE,9950.0,CRUDEOIL15OCT269950CE,98.1,98.1,98.1,98.1,0,14
2026-09-29 22:32:00,CRUDEOIL,PE,9950.0,CRUDEOIL15OCT269950PE,1038.7,1038.7,1038.7,1038.7,0,14
2026-09-29 22:32:00,CRUDEOILM,FUT,0.0,CRUDEOILM19OCT26FUT,8729.0,8729.0,8716.0,8721.0,1570,14
2026-09-29 22:32:00,CRUDEOILM,CE,9350.0,CRUDEOILM15OCT269350CE,216.0,216.0,213.2,213.7,330,14
2026-09-29 22:32:00,CRUDEOILM,PE,9350.0,CRUDEOILM15OCT269350PE,851.15,851.15,851.15,851.15,0,14
2026-09-29 22:32:00,CRUDEOILM,CE,9400.0,CRUDEOILM15OCT269400CE,201.95,201.95,200.0,200.0,290,14
2026-09-29 22:32:00,CRUDEOILM,PE,9400.0,CRUDEOILM15OCT269400PE,899.75,899.75,899.75,899.75,0,14
2026-09-29 22:32:00,CRUDEOILM,CE,9450.0,CRUDEOILM15OCT269450CE,190.0,190.0,187.9,187.95,160,14
2026-09-29 22:32:00,CRUDEOILM,PE,9450.0,CRUDEOILM15OCT269450PE,925.0,925.0,925.0,925.0,0,14
2026-09-29 22:32:00,CRUDEOILM,CE,9500.0,CRUDEOILM15OCT269500CE,178.05,178.05,175.2,175.45,990,14
2026-09-29 22:32:00,CRUDEOILM,PE,9500.0,CRUDEOILM15OCT269500PE,960.45,960.45,950.0,950.0,10,14
2026-09-29 22:32:00,CRUDEOILM,CE,9550.0,CRUDEOILM15OCT269550CE,166.55,166.55,166.55,166.55,0,14
2026-09-29 22:32:00,CRUDEOILM,PE,9550.0,CRUDEOILM15OCT269550PE,960.85,960.85,960.85,960.85,0,14
2026-09-29 22:32:00,CRUDEOILM,CE,9600.0,CRUDEOILM15OCT269600CE,156.75,156.75,155.5,155.8,130,14
2026-09-29 22:32:00,CRUDEOILM,PE,9600.0,CRUDEOILM15OCT269600PE,1004.2,1004.2,1004.2,1004.2,0,14
2026-09-29 22:32:00,CRUDEOILM,CE,9650.0,CRUDEOILM15OCT269650CE,148.0,148.0,146.6,146.85,40,14
2026-09-29 22:32:00,CRUDEOILM,PE,9650.0,CRUDEOILM15OCT269650PE,1015.65,1015.65,1015.65,1015.65,0,14
2026-09-29 22:32:00,CRUDEOILM,CE,9700.0,CRUDEOILM15OCT269700CE,137.7,138.35,136.7,136.7,70,14
2026-09-29 22:32:00,CRUDEOILM,PE,9700.0,CRUDEOILM15OCT269700PE,1112.1,1112.1,1112.1,1112.1,0,14
2026-09-29 22:32:00,CRUDEOILM,CE,9750.0,CRUDEOILM15OCT269750CE,130.05,130.05,130.05,130.05,0,14
2026-09-29 22:32:00,CRUDEOILM,PE,9750.0,CRUDEOILM15OCT269750PE,1004.7,1004.7,1004.7,1004.7,0,14
2026-09-29 22:32:00,CRUDEOILM,CE,9800.0,CRUDEOILM15OCT269800CE,121.75,121.75,120.6,120.8,250,14
2026-09-29 22:32:00,CRUDEOILM,PE,9800.0,CRUDEOILM15OCT269800PE,1124.5,1124.5,1124.5,1124.5,0,14
2026-09-29 22:32:00,CRUDEOILM,CE,9850.0,CRUDEOILM15OCT269850CE,114.5,114.5,114.3,114.3,20,14
2026-09-29 22:32:00,CRUDEOILM,PE,9850.0,CRUDEOILM15OCT269850PE,1089.85,1089.85,1089.85,1089.85,0,14
2026-09-29 22:32:00,CRUDEOILM,CE,9900.0,CRUDEOILM15OCT269900CE,107.15,107.15,106.6,106.6,60,14
2026-09-29 22:32:00,CRUDEOILM,PE,9900.0,CRUDEOILM15OCT269900PE,1235.05,1235.05,1235.05,1235.05,0,14
2026-09-29 22:32:00,CRUDEOILM,CE,9950.0,CRUDEOILM15OCT269950CE,100.1,101.5,100.1,101.5,190,14
2026-09-29 22:32:00,CRUDEOILM,PE,9950.0,CRUDEOILM15OCT269950PE,1022.6,1022.6,1022.6,1022.6,0,14
2026-09-29 22:33:00,CRUDEOIL,FUT,0.0,CRUDEOIL19OCT26FUT,8719.0,8720.0,8711.0,8716.0,2600,14
2026-09-29 22:33:00,CRUDEOIL,CE,9350.0,CRUDEOIL15OCT269350CE,206.0,206.0,205.1,205.7,900,14
2026-09-29 22:33:00,CRUDEOIL,PE,9350.0,CRUDEOIL15OCT269350PE,838.0,838.0,838.0,838.0,0,14
2026-09-29 22:33:00,CRUDEOIL,CE,9400.0,CRUDEOIL15OCT269400CE,193.2,193.2,193.0,193.0,300,14
2026-09-29 22:33:00,CRUDEOIL,PE,9400.0,CRUDEOIL15OCT269400PE,887.1,887.1,887.1,887.1,0,14
2026-09-29 22:33:00,CRUDEOIL,CE,9450.0,CRUDEOIL15OCT269450CE,182.1,182.1,179.3,180.5,700,14
2026-09-29 22:33:00,CRUDEOIL,PE,9450.0,CRUDEOIL15OCT269450PE,779.2,779.2,779.2,779.2,0,14
2026-09-29 22:33:00,CRUDEOIL,CE,9500.0,CRUDEOIL15OCT269500CE,168.8,169.3,167.4,167.9,3400,14
2026-09-29 22:33:00,CRUDEOIL,PE,9500.0,CRUDEOIL15OCT269500PE,940.0,940.0,940.0,940.0,0,14
2026-09-29 22:33:00,CRUDEOIL,CE,9550.0,CRUDEOIL15OCT269550CE,161.6,161.6,157.5,157.5,200,14
2026-09-29 22:33:00,CRUDEOIL,PE,9550.0,CRUDEOIL15OCT269550PE,990.0,990.0,990.0,990.0,0,14
2026-09-29 22:33:00,CRUDEOIL,CE,9600.0,CRUDEOIL15OCT269600CE,149.5,149.6,148.1,149.4,1200,14
2026-09-29 22:33:00,CRUDEOIL,PE,9600.0,CRUDEOIL15OCT269600PE,1028.3,1028.3,1028.3,1028.3,0,14
2026-09-29 22:33:00,CRUDEOIL,CE,9650.0,CRUDEOIL15OCT269650CE,140.4,140.4,139.6,139.7,300,14
2026-09-29 22:33:00,CRUDEOIL,PE,9650.0,CRUDEOIL15OCT269650PE,818.0,818.0,818.0,818.0,0,14
2026-09-29 22:33:00,CRUDEOIL,CE,9700.0,CRUDEOIL15OCT269700CE,132.0,132.0,130.5,131.4,500,14
2026-09-29 22:33:00,CRUDEOIL,PE,9700.0,CRUDEOIL15OCT269700PE,1094.0,1094.0,1094.0,1094.0,0,14
2026-09-29 22:33:00,CRUDEOIL,CE,9750.0,CRUDEOIL15OCT269750CE,124.8,124.8,124.6,124.6,100,14
2026-09-29 22:33:00,CRUDEOIL,PE,9750.0,CRUDEOIL15OCT269750PE,916.3,916.3,916.3,916.3,0,14
2026-09-29 22:33:00,CRUDEOIL,CE,9800.0,CRUDEOIL15OCT269800CE,116.1,116.3,114.8,114.8,1600,14
2026-09-29 22:33:00,CRUDEOIL,PE,9800.0,CRUDEOIL15OCT269800PE,1222.6,1222.6,1222.6,1222.6,0,14
2026-09-29 22:33:00,CRUDEOIL,CE,9850.0,CRUDEOIL15OCT269850CE,110.5,110.5,108.7,108.7,100,14
2026-09-29 22:33:00,CRUDEOIL,PE,9850.0,CRUDEOIL15OCT269850PE,970.4,970.4,970.4,970.4,0,14
2026-09-29 22:33:00,CRUDEOIL,CE,9900.0,CRUDEOIL15OCT269900CE,103.0,103.0,102.3,102.3,1400,14
2026-09-29 22:33:00,CRUDEOIL,PE,9900.0,CRUDEOIL15OCT269900PE,1293.1,1293.1,1293.1,1293.1,0,14
2026-09-29 22:33:00,CRUDEOIL,CE,9950.0,CRUDEOIL15OCT269950CE,98.1,98.1,98.1,98.1,0,14
2026-09-29 22:33:00,CRUDEOIL,PE,9950.0,CRUDEOIL15OCT269950PE,1038.7,1038.7,1038.7,1038.7,0,14
2026-09-29 22:33:00,CRUDEOILM,FUT,0.0,CRUDEOILM19OCT26FUT,8718.0,8720.0,8710.0,8719.0,700,14
2026-09-29 22:33:00,CRUDEOILM,CE,9350.0,CRUDEOILM15OCT269350CE,213.7,214.05,211.85,211.85,220,14
2026-09-29 22:33:00,CRUDEOILM,PE,9350.0,CRUDEOILM15OCT269350PE,851.15,851.15,851.15,851.15,0,14
2026-09-29 22:33:00,CRUDEOILM,CE,9400.0,CRUDEOILM15OCT269400CE,200.0,200.0,199.05,199.05,50,14
2026-09-29 22:33:00,CRUDEOILM,PE,9400.0,CRUDEOILM15OCT269400PE,899.75,899.75,899.75,899.75,0,14
2026-09-29 22:33:00,CRUDEOILM,CE,9450.0,CRUDEOILM15OCT269450CE,187.95,187.95,186.75,186.75,460,14
2026-09-29 22:33:00,CRUDEOILM,PE,9450.0,CRUDEOILM15OCT269450PE,925.0,925.0,925.0,925.0,0,14
2026-09-29 22:33:00,CRUDEOILM,CE,9500.0,CRUDEOILM15OCT269500CE,175.45,175.5,173.85,174.45,1130,14
2026-09-29 22:33:00,CRUDEOILM,PE,9500.0,CRUDEOILM15OCT269500PE,950.0,950.0,950.0,950.0,0,14
2026-09-29 22:33:00,CRUDEOILM,CE,9550.0,CRUDEOILM15OCT269550CE,166.55,166.55,164.8,164.8,40,14
2026-09-29 22:33:00,CRUDEOILM,PE,9550.0,CRUDEOILM15OCT269550PE,960.85,960.85,960.85,960.85,0,14
2026-09-29 22:33:00,CRUDEOILM,CE,9600.0,CRUDEOILM15OCT269600CE,155.8,155.8,153.95,154.65,240,14
2026-09-29 22:33:00,CRUDEOILM,PE,9600.0,CRUDEOILM15OCT269600PE,1004.2,1004.2,1004.2,1004.2,0,14
2026-09-29 22:33:00,CRUDEOILM,CE,9650.0,CRUDEOILM15OCT269650CE,146.85,146.85,145.8,145.8,10,14
2026-09-29 22:33:00,CRUDEOILM,PE,9650.0,CRUDEOILM15OCT269650PE,1015.65,1015.65,1015.65,1015.65,0,14
2026-09-29 22:33:00,CRUDEOILM,CE,9700.0,CRUDEOILM15OCT269700CE,136.7,136.7,135.8,136.2,40,14
2026-09-29 22:33:00,CRUDEOILM,PE,9700.0,CRUDEOILM15OCT269700PE,1112.1,1112.1,1112.1,1112.1,0,14
2026-09-29 22:33:00,CRUDEOILM,CE,9750.0,CRUDEOILM15OCT269750CE,130.05,130.05,127.7,127.7,40,14
2026-09-29 22:33:00,CRUDEOILM,PE,9750.0,CRUDEOILM15OCT269750PE,1004.7,1004.7,1004.7,1004.7,0,14
2026-09-29 22:33:00,CRUDEOILM,CE,9800.0,CRUDEOILM15OCT269800CE,120.8,120.9,118.8,119.95,1610,14
2026-09-29 22:33:00,CRUDEOILM,PE,9800.0,CRUDEOILM15OCT269800PE,1124.5,1124.5,1124.5,1124.5,0,14
2026-09-29 22:33:00,CRUDEOILM,CE,9850.0,CRUDEOILM15OCT269850CE,114.3,114.3,112.7,112.7,120,14
2026-09-29 22:33:00,CRUDEOILM,PE,9850.0,CRUDEOILM15OCT269850PE,1089.85,1089.85,1089.85,1089.85,0,14
2026-09-29 22:33:00,CRUDEOILM,CE,9900.0,CRUDEOILM15OCT269900CE,106.6,106.6,106.0,106.0,40,14
2026-09-29 22:33:00,CRUDEOILM,PE,9900.0,CRUDEOILM15OCT269900PE,1235.05,1235.05,1235.05,1235.05,0,14
2026-09-29 22:33:00,CRUDEOILM,CE,9950.0,CRUDEOILM15OCT269950CE,101.5,101.5,100.0,100.0,20,14
2026-09-29 22:33:00,CRUDEOILM,PE,9950.0,CRUDEOILM15OCT269950PE,1022.6,1022.6,1022.6,1022.6,0,14
2026-09-29 22:34:00,CRUDEOIL,FUT,0.0,CRUDEOIL19OCT26FUT,8716.0,8720.0,8713.0,8718.0,2800,14
2026-09-29 22:34:00,CRUDEOIL,CE,9350.0,CRUDEOIL15OCT269350CE,205.7,205.7,205.7,205.7,0,14
2026-09-29 22:34:00,CRUDEOIL,PE,9350.0,CRUDEOIL15OCT269350PE,838.0,838.0,838.0,838.0,0,14
2026-09-29 22:34:00,CRUDEOIL,CE,9400.0,CRUDEOIL15OCT269400CE,193.0,193.0,192.1,193.0,400,14
2026-09-29 22:34:00,CRUDEOIL,PE,9400.0,CRUDEOIL15OCT269400PE,887.1,887.1,887.1,887.1,0,14
2026-09-29 22:34:00,CRUDEOIL,CE,9450.0,CRUDEOIL15OCT269450CE,180.5,181.0,180.5,181.0,100,14
2026-09-29 22:34:00,CRUDEOIL,PE,9450.0,CRUDEOIL15OCT269450PE,779.2,779.2,779.2,779.2,0,14
2026-09-29 22:34:00,CRUDEOIL,CE,9500.0,CRUDEOIL15OCT269500CE,167.9,169.0,167.9,169.0,4200,14
2026-09-29 22:34:00,CRUDEOIL,PE,9500.0,CRUDEOIL15OCT269500PE,940.0,940.0,940.0,940.0,0,14
2026-09-29 22:34:00,CRUDEOIL,CE,9550.0,CRUDEOIL15OCT269550CE,157.5,157.5,157.5,157.5,0,14
2026-09-29 22:34:00,CRUDEOIL,PE,9550.0,CRUDEOIL15OCT269550PE,990.0,990.0,990.0,990.0,0,14
2026-09-29 22:34:00,CRUDEOIL,CE,9600.0,CRUDEOIL15OCT269600CE,149.4,149.4,148.2,149.4,300,14
2026-09-29 22:34:00,CRUDEOIL,PE,9600.0,CRUDEOIL15OCT269600PE,1028.3,1028.3,1028.3,1028.3,0,14
2026-09-29 22:34:00,CRUDEOIL,CE,9650.0,CRUDEOIL15OCT269650CE,139.7,139.7,139.7,139.7,0,14
2026-09-29 22:34:00,CRUDEOIL,PE,9650.0,CRUDEOIL15OCT269650PE,818.0,818.0,818.0,818.0,0,14
2026-09-29 22:34:00,CRUDEOIL,CE,9700.0,CRUDEOIL15OCT269700CE,131.4,131.4,131.4,131.4,0,14
2026-09-29 22:34:00,CRUDEOIL,PE,9700.0,CRUDEOIL15OCT269700PE,1094.0,1094.0,1094.0,1094.0,0,14
2026-09-29 22:34:00,CRUDEOIL,CE,9750.0,CRUDEOIL15OCT269750CE,124.6,124.6,124.6,124.6,0,14
2026-09-29 22:34:00,CRUDEOIL,PE,9750.0,CRUDEOIL15OCT269750PE,916.3,916.3,916.3,916.3,0,14
2026-09-29 22:34:00,CRUDEOIL,CE,9800.0,CRUDEOIL15OCT269800CE,114.8,115.8,114.8,115.8,1200,14
2026-09-29 22:34:00,CRUDEOIL,PE,9800.0,CRUDEOIL15OCT269800PE,1222.6,1222.6,1222.6,1222.6,0,14
2026-09-29 22:34:00,CRUDEOIL,CE,9850.0,CRUDEOIL15OCT269850CE,108.7,108.7,108.7,108.7,0,14
2026-09-29 22:34:00,CRUDEOIL,PE,9850.0,CRUDEOIL15OCT269850PE,970.4,970.4,970.4,970.4,0,14
2026-09-29 22:34:00,CRUDEOIL,CE,9900.0,CRUDEOIL15OCT269900CE,102.3,102.5,102.3,102.5,100,14
2026-09-29 22:34:00,CRUDEOIL,PE,9900.0,CRUDEOIL15OCT269900PE,1293.1,1293.1,1293.1,1293.1,0,14
2026-09-29 22:34:00,CRUDEOIL,CE,9950.0,CRUDEOIL15OCT269950CE,98.1,98.1,96.1,96.1,100,14
2026-09-29 22:34:00,CRUDEOIL,PE,9950.0,CRUDEOIL15OCT269950PE,1038.7,1038.7,1038.7,1038.7,0,14
2026-09-29 22:34:00,CRUDEOILM,FUT,0.0,CRUDEOILM19OCT26FUT,8719.0,8721.0,8714.0,8714.0,470,14
2026-09-29 22:34:00,CRUDEOILM,CE,9350.0,CRUDEOILM15OCT269350CE,211.85,212.1,211.85,212.1,20,14
2026-09-29 22:34:00,CRUDEOILM,PE,9350.0,CRUDEOILM15OCT269350PE,851.15,851.15,851.15,851.15,0,14
2026-09-29 22:34:00,CRUDEOILM,CE,9400.0,CRUDEOILM15OCT269400CE,199.05,199.85,199.05,199.85,160,14
2026-09-29 22:34:00,CRUDEOILM,PE,9400.0,CRUDEOILM15OCT269400PE,899.75,899.75,899.75,899.75,0,14
2026-09-29 22:34:00,CRUDEOILM,CE,9450.0,CRUDEOILM15OCT269450CE,186.75,187.1,186.75,187.1,10,14
2026-09-29 22:34:00,CRUDEOILM,PE,9450.0,CRUDEOILM15OCT269450PE,925.0,925.0,925.0,925.0,0,14
2026-09-29 22:34:00,CRUDEOILM,CE,9500.0,CRUDEOILM15OCT269500CE,174.45,174.55,174.0,174.0,70,14
2026-09-29 22:34:00,CRUDEOILM,PE,9500.0,CRUDEOILM15OCT269500PE,950.0,950.0,950.0,950.0,0,14
2026-09-29 22:34:00,CRUDEOILM,CE,9550.0,CRUDEOILM15OCT269550CE,164.8,164.8,164.8,164.8,0,14
2026-09-29 22:34:00,CRUDEOILM,PE,9550.0,CRUDEOILM15OCT269550PE,960.85,960.85,960.85,960.85,0,14
2026-09-29 22:34:00,CRUDEOILM,CE,9600.0,CRUDEOILM15OCT269600CE,154.65,155.15,154.55,155.15,40,14
2026-09-29 22:34:00,CRUDEOILM,PE,9600.0,CRUDEOILM15OCT269600PE,1004.2,1004.2,1004.2,1004.2,0,14
2026-09-29 22:34:00,CRUDEOILM,CE,9650.0,CRUDEOILM15OCT269650CE,145.8,146.15,145.25,146.15,70,14
2026-09-29 22:34:00,CRUDEOILM,PE,9650.0,CRUDEOILM15OCT269650PE,1015.65,1015.65,1015.65,1015.65,0,14
2026-09-29 22:34:00,CRUDEOILM,CE,9700.0,CRUDEOILM15OCT269700CE,136.2,136.2,135.35,135.6,60,14
2026-09-29 22:34:00,CRUDEOILM,PE,9700.0,CRUDEOILM15OCT269700PE,1112.1,1112.1,1112.1,1112.1,0,14
2026-09-29 22:34:00,CRUDEOILM,CE,9750.0,CRUDEOILM15OCT269750CE,127.7,127.7,127.7,127.7,0,14
2026-09-29 22:34:00,CRUDEOILM,PE,9750.0,CRUDEOILM15OCT269750PE,1004.7,1004.7,1004.7,1004.7,0,14
2026-09-29 22:34:00,CRUDEOILM,CE,9800.0,CRUDEOILM15OCT269800CE,119.7,119.7,119.4,119.4,30,14
2026-09-29 22:34:00,CRUDEOILM,PE,9800.0,CRUDEOILM15OCT269800PE,1124.5,1124.5,1124.5,1124.5,0,14
2026-09-29 22:34:00,CRUDEOILM,CE,9850.0,CRUDEOILM15OCT269850CE,112.7,112.7,112.65,112.65,10,14
2026-09-29 22:34:00,CRUDEOILM,PE,9850.0,CRUDEOILM15OCT269850PE,1089.85,1089.85,1089.85,1089.85,0,14
2026-09-29 22:34:00,CRUDEOILM,CE,9900.0,CRUDEOILM15OCT269900CE,105.9,105.9,105.9,105.9,0,14
2026-09-29 22:34:00,CRUDEOILM,PE,9900.0,CRUDEOILM15OCT269900PE,1235.05,1235.05,1235.05,1235.05,0,14
2026-09-29 22:34:00,CRUDEOILM,CE,9950.0,CRUDEOILM15OCT269950CE,99.65,99.65,99.65,99.65,0,14
2026-09-29 22:34:00,CRUDEOILM,PE,9950.0,CRUDEOILM15OCT269950PE,1022.6,1022.6,1022.6,1022.6,0,14
2026-09-29 22:35:00,CRUDEOIL,FUT,0.0,CRUDEOIL19OCT26FUT,8718.0,8719.0,8717.0,8719.0,4400,14
2026-09-29 22:35:00,CRUDEOIL,CE,9350.0,CRUDEOIL15OCT269350CE,205.7,205.7,204.9,204.9,1100,14
2026-09-29 22:35:00,CRUDEOIL,PE,9350.0,CRUDEOIL15OCT269350PE,838.0,838.0,838.0,838.0,0,14
2026-09-29 22:35:00,CRUDEOIL,CE,9400.0,CRUDEOIL15OCT269400CE,192.0,193.1,191.8,191.8,1800,14
2026-09-29 22:35:00,CRUDEOIL,PE,9400.0,CRUDEOIL15OCT269400PE,887.1,887.1,887.1,887.1,0,14
2026-09-29 22:35:00,CRUDEOIL,CE,9450.0,CRUDEOIL15OCT269450CE,181.0,181.0,180.0,180.0,400,14
2026-09-29 22:35:00,CRUDEOIL,PE,9450.0,CRUDEOIL15OCT269450PE,779.2,779.2,779.2,779.2,0,14
2026-09-29 22:35:00,CRUDEOIL,CE,9500.0,CRUDEOIL15OCT269500CE,169.0,169.0,167.4,167.4,5500,14
2026-09-29 22:35:00,CRUDEOIL,PE,9500.0,CRUDEOIL15OCT269500PE,940.0,940.0,940.0,940.0,0,14
2026-09-29 22:35:00,CRUDEOIL,CE,9550.0,CRUDEOIL15OCT269550CE,157.5,157.5,157.5,157.5,0,14
2026-09-29 22:35:00,CRUDEOIL,PE,9550.0,CRUDEOIL15OCT269550PE,990.0,990.0,990.0,990.0,0,14
2026-09-29 22:35:00,CRUDEOIL,CE,9600.0,CRUDEOIL15OCT269600CE,149.4,149.4,148.3,148.6,700,14
2026-09-29 22:35:00,CRUDEOIL,PE,9600.0,CRUDEOIL15OCT269600PE,1028.3,1028.3,1028.3,1028.3,0,14
2026-09-29 22:35:00,CRUDEOIL,CE,9650.0,CRUDEOIL15OCT269650CE,139.7,139.7,139.7,139.7,0,14
2026-09-29 22:35:00,CRUDEOIL,PE,9650.0,CRUDEOIL15OCT269650PE,818.0,818.0,818.0,818.0,0,14
2026-09-29 22:35:00,CRUDEOIL,CE,9700.0,CRUDEOIL15OCT269700CE,131.2,131.2,130.5,130.6,500,14
2026-09-29 22:35:00,CRUDEOIL,PE,9700.0,CRUDEOIL15OCT269700PE,1094.0,1094.0,1094.0,1094.0,0,14
2026-09-29 22:35:00,CRUDEOIL,CE,9750.0,CRUDEOIL15OCT269750CE,124.6,124.6,122.4,122.4,100,14
2026-09-29 22:35:00,CRUDEOIL,PE,9750.0,CRUDEOIL15OCT269750PE,916.3,916.3,916.3,916.3,0,14
2026-09-29 22:35:00,CRUDEOIL,CE,9800.0,CRUDEOIL15OCT269800CE,115.8,115.8,115.1,115.6,1100,14
2026-09-29 22:35:00,CRUDEOIL,PE,9800.0,CRUDEOIL15OCT269800PE,1222.6,1222.6,1222.6,1222.6,0,14
2026-09-29 22:35:00,CRUDEOIL,CE,9850.0,CRUDEOIL15OCT269850CE,108.7,108.7,108.7,108.7,0,14
2026-09-29 22:35:00,CRUDEOIL,PE,9850.0,CRUDEOIL15OCT269850PE,970.4,970.4,970.4,970.4,0,14
2026-09-29 22:35:00,CRUDEOIL,CE,9900.0,CRUDEOIL15OCT269900CE,102.5,102.5,102.2,102.2,1400,14
2026-09-29 22:35:00,CRUDEOIL,PE,9900.0,CRUDEOIL15OCT269900PE,1293.1,1293.1,1293.1,1293.1,0,14
2026-09-29 22:35:00,CRUDEOIL,CE,9950.0,CRUDEOIL15OCT269950CE,96.1,96.1,96.1,96.1,0,14
2026-09-29 22:35:00,CRUDEOIL,PE,9950.0,CRUDEOIL15OCT269950PE,1038.7,1038.7,1038.7,1038.7,0,14
2026-09-29 22:35:00,CRUDEOILM,FUT,0.0,CRUDEOILM19OCT26FUT,8714.0,8720.0,8714.0,8716.0,400,14
2026-09-29 22:35:00,CRUDEOILM,CE,9350.0,CRUDEOILM15OCT269350CE,212.1,212.1,211.5,211.7,120,14
2026-09-29 22:35:00,CRUDEOILM,PE,9350.0,CRUDEOILM15OCT269350PE,851.15,851.15,851.15,851.15,0,14
2026-09-29 22:35:00,CRUDEOILM,CE,9400.0,CRUDEOILM15OCT269400CE,199.85,199.85,198.0,198.0,140,14
2026-09-29 22:35:00,CRUDEOILM,PE,9400.0,CRUDEOILM15OCT269400PE,899.75,899.75,899.75,899.75,0,14
2026-09-29 22:35:00,CRUDEOILM,CE,9450.0,CRUDEOILM15OCT269450CE,187.1,187.1,186.1,186.45,170,14
2026-09-29 22:35:00,CRUDEOILM,PE,9450.0,CRUDEOILM15OCT269450PE,925.0,925.0,925.0,925.0,0,14
2026-09-29 22:35:00,CRUDEOILM,CE,9500.0,CRUDEOILM15OCT269500CE,173.55,174.55,173.45,173.45,1120,14
2026-09-29 22:35:00,CRUDEOILM,PE,9500.0,CRUDEOILM15OCT269500PE,950.0,950.0,950.0,950.0,0,14
2026-09-29 22:35:00,CRUDEOILM,CE,9550.0,CRUDEOILM15OCT269550CE,164.8,164.8,164.8,164.8,0,14
2026-09-29 22:35:00,CRUDEOILM,PE,9550.0,CRUDEOILM15OCT269550PE,960.85,960.85,960.85,960.85,0,14
2026-09-29 22:35:00,CRUDEOILM,CE,9600.0,CRUDEOILM15OCT269600CE,154.05,154.4,154.05,154.05,810,14
2026-09-29 22:35:00,CRUDEOILM,PE,9600.0,CRUDEOILM15OCT269600PE,1004.2,1004.2,1004.2,1004.2,0,14
2026-09-29 22:35:00,CRUDEOILM,CE,9650.0,CRUDEOILM15OCT269650CE,146.15,146.15,144.4,144.4,90,14
2026-09-29 22:35:00,CRUDEOILM,PE,9650.0,CRUDEOILM15OCT269650PE,1015.65,1015.65,1015.65,1015.65,0,14
2026-09-29 22:35:00,CRUDEOILM,CE,9700.0,CRUDEOILM15OCT269700CE,135.6,135.6,134.8,134.8,130,14
2026-09-29 22:35:00,CRUDEOILM,PE,9700.0,CRUDEOILM15OCT269700PE,1112.1,1112.1,1112.1,1112.1,0,14
2026-09-29 22:35:00,CRUDEOILM,CE,9750.0,CRUDEOILM15OCT269750CE,127.7,127.7,127.7,127.7,0,14
2026-09-29 22:35:00,CRUDEOILM,PE,9750.0,CRUDEOILM15OCT269750PE,1004.7,1004.7,1004.7,1004.7,0,14
2026-09-29 22:35:00,CRUDEOILM,CE,9800.0,CRUDEOILM15OCT269800CE,119.4,119.4,118.75,118.75,70,14
2026-09-29 22:35:00,CRUDEOILM,PE,9800.0,CRUDEOILM15OCT269800PE,1124.5,1124.5,1124.5,1124.5,0,14
2026-09-29 22:35:00,CRUDEOILM,CE,9850.0,CRUDEOILM15OCT269850CE,112.65,112.95,112.65,112.8,20,14
2026-09-29 22:35:00,CRUDEOILM,PE,9850.0,CRUDEOILM15OCT269850PE,1089.85,1089.85,1089.85,1089.85,0,14
2026-09-29 22:35:00,CRUDEOILM,CE,9900.0,CRUDEOILM15OCT269900CE,105.9,105.9,105.45,105.45,20,14
2026-09-29 22:35:00,CRUDEOILM,PE,9900.0,CRUDEOILM15OCT269900PE,1235.05,1235.05,1235.05,1235.05,0,14
2026-09-29 22:35:00,CRUDEOILM,CE,9950.0,CRUDEOILM15OCT269950CE,99.65,99.65,99.65,99.65,0,14
2026-09-29 22:35:00,CRUDEOILM,PE,9950.0,CRUDEOILM15OCT269950PE,1022.6,1022.6,1022.6,1022.6,0,14
2026-09-29 22:36:00,CRUDEOIL,FUT,0.0,CRUDEOIL19OCT26FUT,8718.0,8719.0,8715.0,8715.0,1200,14
2026-09-29 22:36:00,CRUDEOIL,CE,9350.0,CRUDEOIL15OCT269350CE,204.9,204.9,204.4,204.4,300,14
2026-09-29 22:36:00,CRUDEOIL,PE,9350.0,CRUDEOIL15OCT269350PE,838.0,838.0,838.0,838.0,0,14
2026-09-29 22:36:00,CRUDEOIL,CE,9400.0,CRUDEOIL15OCT269400CE,191.8,192.6,191.8,192.6,300,14
2026-09-29 22:36:00,CRUDEOIL,PE,9400.0,CRUDEOIL15OCT269400PE,887.1,887.1,887.1,887.1,0,14
2026-09-29 22:36:00,CRUDEOIL,CE,9450.0,CRUDEOIL15OCT269450CE,180.0,180.0,180.0,180.0,0,14
2026-09-29 22:36:00,CRUDEOIL,PE,9450.0,CRUDEOIL15OCT269450PE,779.2,779.2,779.2,779.2,0,14
2026-09-29 22:36:00,CRUDEOIL,CE,9500.0,CRUDEOIL15OCT269500CE,167.2,168.0,166.0,166.3,2600,14
2026-09-29 22:36:00,CRUDEOIL,PE,9500.0,CRUDEOIL15OCT269500PE,940.0,940.0,940.0,940.0,0,14
2026-09-29 22:36:00,CRUDEOIL,CE,9550.0,CRUDEOIL15OCT269550CE,157.5,157.5,156.2,156.2,300,14
2026-09-29 22:36:00,CRUDEOIL,PE,9550.0,CRUDEOIL15OCT269550PE,990.0,990.0,990.0,990.0,0,14
2026-09-29 22:36:00,CRUDEOIL,CE,9600.0,CRUDEOIL15OCT269600CE,148.6,148.6,146.3,146.3,3500,14
2026-09-29 22:36:00,CRUDEOIL,PE,9600.0,CRUDEOIL15OCT269600PE,1028.3,1028.3,1028.3,1028.3,0,14
2026-09-29 22:36:00,CRUDEOIL,CE,9650.0,CRUDEOIL15OCT269650CE,139.7,139.7,139.3,139.3,200,14
2026-09-29 22:36:00,CRUDEOIL,PE,9650.0,CRUDEOIL15OCT269650PE,818.0,818.0,818.0,818.0,0,14
2026-09-29 22:36:00,CRUDEOIL,CE,9700.0,CRUDEOIL15OCT269700CE,130.6,130.6,130.6,130.6,0,14
2026-09-29 22:36:00,CRUDEOIL,PE,9700.0,CRUDEOIL15OCT269700PE,1094.0,1094.0,1094.0,1094.0,0,14
2026-09-29 22:36:00,CRUDEOIL,CE,9750.0,CRUDEOIL15OCT269750CE,122.0,122.2,122.0,122.2,200,14
2026-09-29 22:36:00,CRUDEOIL,PE,9750.0,CRUDEOIL15OCT269750PE,916.3,916.3,916.3,916.3,0,14
2026-09-29 22:36:00,CRUDEOIL,CE,9800.0,CRUDEOIL15OCT269800CE,115.6,115.6,113.3,114.0,900,14
2026-09-29 22:36:00,CRUDEOIL,PE,9800.0,CRUDEOIL15OCT269800PE,1222.6,1222.6,1222.6,1222.6,0,14
2026-09-29 22:36:00,CRUDEOIL,CE,9850.0,CRUDEOIL15OCT269850CE,107.7,107.7,107.7,107.7,0,14
2026-09-29 22:36:00,CRUDEOIL,PE,9850.0,CRUDEOIL15OCT269850PE,970.4,970.4,970.4,970.4,0,14
2026-09-29 22:36:00,CRUDEOIL,CE,9900.0,CRUDEOIL15OCT269900CE,102.0,102.3,101.9,101.9,600,14
2026-09-29 22:36:00,CRUDEOIL,PE,9900.0,CRUDEOIL15OCT269900PE,1293.1,1293.1,1293.1,1293.1,0,14
2026-09-29 22:36:00,CRUDEOIL,CE,9950.0,CRUDEOIL15OCT269950CE,96.1,96.1,96.1,96.1,0,14
2026-09-29 22:36:00,CRUDEOIL,PE,9950.0,CRUDEOIL15OCT269950PE,1038.7,1038.7,1038.7,1038.7,0,14
2026-09-29 22:36:00,CRUDEOILM,FUT,0.0,CRUDEOILM19OCT26FUT,8718.0,8721.0,8711.0,8711.0,510,14
2026-09-29 22:36:00,CRUDEOILM,CE,9350.0,CRUDEOILM15OCT269350CE,211.7,211.7,211.7,211.7,0,14
2026-09-29 22:36:00,CRUDEOILM,PE,9350.0,CRUDEOILM15OCT269350PE,851.15,851.15,851.15,851.15,0,14
2026-09-29 22:36:00,CRUDEOILM,CE,9400.0,CRUDEOILM15OCT269400CE,198.0,198.35,195.3,195.3,140,14
2026-09-29 22:36:00,CRUDEOILM,PE,9400.0,CRUDEOILM15OCT269400PE,899.75,899.75,899.75,899.75,0,14
2026-09-29 22:36:00,CRUDEOILM,CE,9450.0,CRUDEOILM15OCT269450CE,186.15,186.65,186.15,186.65,10,14
2026-09-29 22:36:00,CRUDEOILM,PE,9450.0,CRUDEOILM15OCT269450PE,925.0,925.0,911.9,911.9,40,14
2026-09-29 22:36:00,CRUDEOILM,CE,9500.0,CRUDEOILM15OCT269500CE,173.45,174.1,171.85,172.25,500,14
2026-09-29 22:36:00,CRUDEOILM,PE,9500.0,CRUDEOILM15OCT269500PE,950.0,950.0,950.0,950.0,0,14
2026-09-29 22:36:00,CRUDEOILM,CE,9550.0,CRUDEOILM15OCT269550CE,164.8,164.8,164.8,164.8,0,14
2026-09-29 22:36:00,CRUDEOILM,PE,9550.0,CRUDEOILM15OCT269550PE,960.85,960.85,960.85,960.85,0,14
2026-09-29 22:36:00,CRUDEOILM,CE,9600.0,CRUDEOILM15OCT269600CE,154.05,154.05,152.0,152.0,240,14
2026-09-29 22:36:00,CRUDEOILM,PE,9600.0,CRUDEOILM15OCT269600PE,1004.2,1004.2,1004.2,1004.2,0,14
2026-09-29 22:36:00,CRUDEOILM,CE,9650.0,CRUDEOILM15OCT269650CE,144.4,144.45,142.55,142.55,40,14
2026-09-29 22:36:00,CRUDEOILM,PE,9650.0,CRUDEOILM15OCT269650PE,1015.65,1015.65,1015.65,1015.65,0,14
2026-09-29 22:36:00,CRUDEOILM,CE,9700.0,CRUDEOILM15OCT269700CE,134.8,134.8,134.7,134.7,60,14
2026-09-29 22:36:00,CRUDEOILM,PE,9700.0,CRUDEOILM15OCT269700PE,1112.1,1112.1,1112.1,1112.1,0,14
2026-09-29 22:36:00,CRUDEOILM,CE,9750.0,CRUDEOILM15OCT269750CE,127.0,127.0,127.0,127.0,0,14
2026-09-29 22:36:00,CRUDEOILM,PE,9750.0,CRUDEOILM15OCT269750PE,1004.7,1004.7,1004.7,1004.7,0,14
2026-09-29 22:36:00,CRUDEOILM,CE,9800.0,CRUDEOILM15OCT269800CE,118.75,119.4,117.2,117.2,480,14
2026-09-29 22:36:00,CRUDEOILM,PE,9800.0,CRUDEOILM15OCT269800PE,1124.5,1124.5,1124.5,1124.5,0,14
2026-09-29 22:36:00,CRUDEOILM,CE,9850.0,CRUDEOILM15OCT269850CE,112.8,112.8,112.8,112.8,0,14
2026-09-29 22:36:00,CRUDEOILM,PE,9850.0,CRUDEOILM15OCT269850PE,1089.85,1089.85,1089.85,1089.85,0,14
2026-09-29 22:36:00,CRUDEOILM,CE,9900.0,CRUDEOILM15OCT269900CE,105.45,105.45,104.0,104.0,190,14
2026-09-29 22:36:00,CRUDEOILM,PE,9900.0,CRUDEOILM15OCT269900PE,1235.05,1235.05,1235.05,1235.05,0,14
2026-09-29 22:36:00,CRUDEOILM,CE,9950.0,CRUDEOILM15OCT269950CE,99.65,99.65,99.0,99.0,100,14
2026-09-29 22:36:00,CRUDEOILM,PE,9950.0,CRUDEOILM15OCT269950PE,1022.6,1022.6,1022.6,1022.6,0,14
2026-09-29 22:37:00,CRUDEOIL,FUT,0.0,CRUDEOIL19OCT26FUT,8715.0,8715.0,8714.0,8715.0,1100,14
2026-09-29 22:37:00,CRUDEOIL,CE,9350.0,CRUDEOIL15OCT269350CE,204.4,204.4,202.5,203.0,400,14
2026-09-29 22:37:00,CRUDEOIL,PE,9350.0,CRUDEOIL15OCT269350PE,838.0,838.0,838.0,838.0,0,14
2026-09-29 22:37:00,CRUDEOIL,CE,9400.0,CRUDEOIL15OCT269400CE,190.1,191.1,189.6,190.0,3100,14
2026-09-29 22:37:00,CRUDEOIL,PE,9400.0,CRUDEOIL15OCT269400PE,887.1,887.1,887.1,887.1,0,14
2026-09-29 22:37:00,CRUDEOIL,CE,9450.0,CRUDEOIL15OCT269450CE,180.0,180.0,177.5,177.5,700,14
2026-09-29 22:37:00,CRUDEOIL,PE,9450.0,CRUDEOIL15OCT269450PE,779.2,779.2,779.2,779.2,0,14
2026-09-29 22:37:00,CRUDEOIL,CE,9500.0,CRUDEOIL15OCT269500CE,166.4,166.4,165.4,165.7,3400,14
2026-09-29 22:37:00,CRUDEOIL,PE,9500.0,CRUDEOIL15OCT269500PE,940.0,940.0,940.0,940.0,0,14
2026-09-29 22:37:00,CRUDEOIL,CE,9550.0,CRUDEOIL15OCT269550CE,156.2,156.2,155.6,155.8,400,14
2026-09-29 22:37:00,CRUDEOIL,PE,9550.0,CRUDEOIL15OCT269550PE,990.0,990.0,990.0,990.0,0,14
2026-09-29 22:37:00,CRUDEOIL,CE,9600.0,CRUDEOIL15OCT269600CE,146.3,146.4,145.8,146.4,1500,14
2026-09-29 22:37:00,CRUDEOIL,PE,9600.0,CRUDEOIL15OCT269600PE,1028.3,1028.3,1028.3,1028.3,0,14
2026-09-29 22:37:00,CRUDEOIL,CE,9650.0,CRUDEOIL15OCT269650CE,139.3,139.3,139.3,139.3,0,14
2026-09-29 22:37:00,CRUDEOIL,PE,9650.0,CRUDEOIL15OCT269650PE,818.0,818.0,818.0,818.0,0,14
2026-09-29 22:37:00,CRUDEOIL,CE,9700.0,CRUDEOIL15OCT269700CE,130.6,130.6,128.9,128.9,800,14
2026-09-29 22:37:00,CRUDEOIL,PE,9700.0,CRUDEOIL15OCT269700PE,1094.0,1094.0,1094.0,1094.0,0,14
2026-09-29 22:37:00,CRUDEOIL,CE,9750.0,CRUDEOIL15OCT269750CE,122.2,122.2,120.4,120.4,100,14
2026-09-29 22:37:00,CRUDEOIL,PE,9750.0,CRUDEOIL15OCT269750PE,916.3,916.3,916.3,916.3,0,14
2026-09-29 22:37:00,CRUDEOIL,CE,9800.0,CRUDEOIL15OCT269800CE,114.0,114.0,112.4,113.1,2200,14
2026-09-29 22:37:00,CRUDEOIL,PE,9800.0,CRUDEOIL15OCT269800PE,1222.6,1222.6,1222.6,1222.6,0,14
2026-09-29 22:37:00,CRUDEOIL,CE,9850.0,CRUDEOIL15OCT269850CE,107.7,107.7,106.6,106.6,200,14
2026-09-29 22:37:00,CRUDEOIL,PE,9850.0,CRUDEOIL15OCT269850PE,970.4,970.4,970.4,970.4,0,14
2026-09-29 22:37:00,CRUDEOIL,CE,9900.0,CRUDEOIL15OCT269900CE,101.9,101.9,100.6,101.3,1200,14
2026-09-29 22:37:00,CRUDEOIL,PE,9900.0,CRUDEOIL15OCT269900PE,1293.1,1293.1,1293.1,1293.1,0,14
2026-09-29 22:37:00,CRUDEOIL,CE,9950.0,CRUDEOIL15OCT269950CE,96.1,96.1,93.7,93.9,1000,14
2026-09-29 22:37:00,CRUDEOIL,PE,9950.0,CRUDEOIL15OCT269950PE,1038.7,1038.7,1038.7,1038.7,0,14
2026-09-29 22:37:00,CRUDEOILM,FUT,0.0,CRUDEOILM19OCT26FUT,8714.0,8717.0,8711.0,8717.0,460,14
2026-09-29 22:37:00,CRUDEOILM,CE,9350.0,CRUDEOILM15OCT269350CE,211.7,211.7,209.0,209.5,80,14
2026-09-29 22:37:00,CRUDEOILM,PE,9350.0,CRUDEOILM15OCT269350PE,851.15,851.15,851.15,851.15,0,14
2026-09-29 22:37:00,CRUDEOILM,CE,9400.0,CRUDEOILM15OCT269400CE,196.35,196.8,195.9,195.9,360,14
2026-09-29 22:37:00,CRUDEOILM,PE,9400.0,CRUDEOILM15OCT269400PE,899.75,899.75,899.75,899.75,0,14
2026-09-29 22:37:00,CRUDEOILM,CE,9450.0,CRUDEOILM15OCT269450CE,186.65,186.65,183.65,184.45,40,14
2026-09-29 22:37:00,CRUDEOILM,PE,9450.0,CRUDEOILM15OCT269450PE,911.9,912.5,911.9,912.5,10,14
2026-09-29 22:37:00,CRUDEOILM,CE,9500.0,CRUDEOILM15OCT269500CE,171.55,172.5,171.4,172.05,380,14
2026-09-29 22:37:00,CRUDEOILM,PE,9500.0,CRUDEOILM15OCT269500PE,950.0,950.0,950.0,950.0,0,14
2026-09-29 22:37:00,CRUDEOILM,CE,9550.0,CRUDEOILM15OCT269550CE,164.8,164.8,161.8,161.8,20,14
2026-09-29 22:37:00,CRUDEOILM,PE,9550.0,CRUDEOILM15OCT269550PE,960.85,960.85,960.85,960.85,0,14
2026-09-29 22:37:00,CRUDEOILM,CE,9600.0,CRUDEOILM15OCT269600CE,152.5,152.55,151.25,151.35,230,14
2026-09-29 22:37:00,CRUDEOILM,PE,9600.0,CRUDEOILM15OCT269600PE,1004.2,1004.2,1004.2,1004.2,0,14
2026-09-29 22:37:00,CRUDEOILM,CE,9650.0,CRUDEOILM15OCT269650CE,142.55,143.1,142.55,143.1,60,14
2026-09-29 22:37:00,CRUDEOILM,PE,9650.0,CRUDEOILM15OCT269650PE,1015.65,1015.65,1015.65,1015.65,0,14
2026-09-29 22:37:00,CRUDEOILM,CE,9700.0,CRUDEOILM15OCT269700CE,134.7,134.7,133.05,133.05,180,14
2026-09-29 22:37:00,CRUDEOILM,PE,9700.0,CRUDEOILM15OCT269700PE,1112.1,1112.1,1112.1,1112.1,0,14
2026-09-29 22:37:00,CRUDEOILM,CE,9750.0,CRUDEOILM15OCT269750CE,127.0,127.0,124.9,124.9,110,14
2026-09-29 22:37:00,CRUDEOILM,PE,9750.0,CRUDEOILM15OCT269750PE,1004.7,1004.7,1004.7,1004.7,0,14
2026-09-29 22:37:00,CRUDEOILM,CE,9800.0,CRUDEOILM15OCT269800CE,117.2,117.45,116.75,117.25,290,14
2026-09-29 22:37:00,CRUDEOILM,PE,9800.0,CRUDEOILM15OCT269800PE,1124.5,1124.5,1124.5,1124.5,0,14
2026-09-29 22:37:00,CRUDEOILM,CE,9850.0,CRUDEOILM15OCT269850CE,112.8,112.8,110.55,110.55,10,14
2026-09-29 22:37:00,CRUDEOILM,PE,9850.0,CRUDEOILM15OCT269850PE,1089.85,1089.85,1089.85,1089.85,0,14
2026-09-29 22:37:00,CRUDEOILM,CE,9900.0,CRUDEOILM15OCT269900CE,104.0,104.0,103.55,103.55,70,14
2026-09-29 22:37:00,CRUDEOILM,PE,9900.0,CRUDEOILM15OCT269900PE,1235.05,1235.05,1235.05,1235.05,0,14
2026-09-29 22:37:00,CRUDEOILM,CE,9950.0,CRUDEOILM15OCT269950CE,99.0,99.0,98.0,98.0,20,14
2026-09-29 22:37:00,CRUDEOILM,PE,9950.0,CRUDEOILM15OCT269950PE,1022.6,1022.6,1022.6,1022.6,0,14
2026-09-29 22:38:00,CRUDEOIL,FUT,0.0,CRUDEOIL19OCT26FUT,8715.0,8730.0,8715.0,8725.0,7600,14
2026-09-29 22:38:00,CRUDEOIL,CE,9350.0,CRUDEOIL15OCT269350CE,203.0,205.0,203.0,205.0,200,14
2026-09-29 22:38:00,CRUDEOIL,PE,9350.0,CRUDEOIL15OCT269350PE,838.0,838.0,838.0,838.0,0,14
2026-09-29 22:38:00,CRUDEOIL,CE,9400.0,CRUDEOIL15OCT269400CE,190.9,192.9,190.9,192.9,1400,14
2026-09-29 22:38:00,CRUDEOIL,PE,9400.0,CRUDEOIL15OCT269400PE,887.1,887.1,887.1,887.1,0,14
2026-09-29 22:38:00,CRUDEOIL,CE,9450.0,CRUDEOIL15OCT269450CE,177.5,180.0,177.5,180.0,100,14
2026-09-29 22:38:00,CRUDEOIL,PE,9450.0,CRUDEOIL15OCT269450PE,779.2,779.2,779.2,779.2,0,14
2026-09-29 22:38:00,CRUDEOIL,CE,9500.0,CRUDEOIL15OCT269500CE,165.7,168.5,165.7,168.2,5800,14
2026-09-29 22:38:00,CRUDEOIL,PE,9500.0,CRUDEOIL15OCT269500PE,940.0,943.5,938.7,938.7,300,14
2026-09-29 22:38:00,CRUDEOIL,CE,9550.0,CRUDEOIL15OCT269550CE,155.8,158.0,155.8,158.0,600,14
2026-09-29 22:38:00,CRUDEOIL,PE,9550.0,CRUDEOIL15OCT269550PE,990.0,990.0,990.0,990.0,0,14
2026-09-29 22:38:00,CRUDEOIL,CE,9600.0,CRUDEOIL15OCT269600CE,146.4,148.8,146.3,148.8,2300,14
2026-09-29 22:38:00,CRUDEOIL,PE,9600.0,CRUDEOIL15OCT269600PE,1028.3,1028.3,1028.3,1028.3,0,14
2026-09-29 22:38:00,CRUDEOIL,CE,9650.0,CRUDEOIL15OCT269650CE,139.3,139.3,138.5,139.2,300,14
2026-09-29 22:38:00,CRUDEOIL,PE,9650.0,CRUDEOIL15OCT269650PE,818.0,818.0,818.0,818.0,0,14
2026-09-29 22:38:00,CRUDEOIL,CE,9700.0,CRUDEOIL15OCT269700CE,128.9,131.7,128.9,131.7,1600,14
2026-09-29 22:38:00,CRUDEOIL,PE,9700.0,CRUDEOIL15OCT269700PE,1094.0,1094.0,1094.0,1094.0,0,14
2026-09-29 22:38:00,CRUDEOIL,CE,9750.0,CRUDEOIL15OCT269750CE,120.4,122.0,120.4,122.0,200,14
2026-09-29 22:38:00,CRUDEOIL,PE,9750.0,CRUDEOIL15OCT269750PE,916.3,916.3,916.3,916.3,0,14
2026-09-29 22:38:00,CRUDEOIL,CE,9800.0,CRUDEOIL15OCT269800CE,113.1,116.0,113.1,116.0,1800,14
2026-09-29 22:38:00,CRUDEOIL,PE,9800.0,CRUDEOIL15OCT269800PE,1222.6,1222.6,1222.6,1222.6,0,14
2026-09-29 22:38:00,CRUDEOIL,CE,9850.0,CRUDEOIL15OCT269850CE,106.6,109.4,106.6,109.4,500,14
2026-09-29 22:38:00,CRUDEOIL,PE,9850.0,CRUDEOIL15OCT269850PE,970.4,970.4,970.4,970.4,0,14
2026-09-29 22:38:00,CRUDEOIL,CE,9900.0,CRUDEOIL15OCT269900CE,100.9,102.4,100.9,102.4,2400,14
2026-09-29 22:38:00,CRUDEOIL,PE,9900.0,CRUDEOIL15OCT269900PE,1293.1,1293.1,1293.1,1293.1,0,14
2026-09-29 22:38:00,CRUDEOIL,CE,9950.0,CRUDEOIL15OCT269950CE,93.9,95.5,93.9,95.5,200,14
2026-09-29 22:38:00,CRUDEOIL,PE,9950.0,CRUDEOIL15OCT269950PE,1038.7,1038.7,1038.7,1038.7,0,14
2026-09-29 22:38:00,CRUDEOILM,FUT,0.0,CRUDEOILM19OCT26FUT,8717.0,8730.0,8717.0,8728.0,1490,14
2026-09-29 22:38:00,CRUDEOILM,CE,9350.0,CRUDEOILM15OCT269350CE,210.1,212.15,210.1,212.15,130,14
2026-09-29 22:38:00,CRUDEOILM,PE,9350.0,CRUDEOILM15OCT269350PE,851.15,851.15,851.15,851.15,0,14
2026-09-29 22:38:00,CRUDEOILM,CE,9400.0,CRUDEOILM15OCT269400CE,196.55,198.9,196.55,198.9,370,14
2026-09-29 22:38:00,CRUDEOILM,PE,9400.0,CRUDEOILM15OCT269400PE,899.75,899.75,899.75,899.75,0,14
2026-09-29 22:38:00,CRUDEOILM,CE,9450.0,CRUDEOILM15OCT269450CE,184.45,186.75,184.45,186.75,180,14
2026-09-29 22:38:00,CRUDEOILM,PE,9450.0,CRUDEOILM15OCT269450PE,912.5,912.5,912.5,912.5,0,14
2026-09-29 22:38:00,CRUDEOILM,CE,9500.0,CRUDEOILM15OCT269500CE,172.3,174.6,172.3,174.55,670,14
2026-09-29 22:38:00,CRUDEOILM,PE,9500.0,CRUDEOILM15OCT269500PE,950.0,950.0,950.0,950.0,0,14
2026-09-29 22:38:00,CRUDEOILM,CE,9550.0,CRUDEOILM15OCT269550CE,161.8,163.95,161.8,163.95,20,14
2026-09-29 22:38:00,CRUDEOILM,PE,9550.0,CRUDEOILM15OCT269550PE,960.85,960.85,960.85,960.85,0,14
2026-09-29 22:38:00,CRUDEOILM,CE,9600.0,CRUDEOILM15OCT269600CE,151.35,154.0,151.35,154.0,230,14
2026-09-29 22:38:00,CRUDEOILM,PE,9600.0,CRUDEOILM15OCT269600PE,1004.2,1004.2,1004.2,1004.2,0,14
2026-09-29 22:38:00,CRUDEOILM,CE,9650.0,CRUDEOILM15OCT269650CE,143.1,144.75,143.1,144.75,220,14
2026-09-29 22:38:00,CRUDEOILM,PE,9650.0,CRUDEOILM15OCT269650PE,1015.65,1015.65,1015.65,1015.65,0,14
2026-09-29 22:38:00,CRUDEOILM,CE,9700.0,CRUDEOILM15OCT269700CE,133.05,134.4,133.05,134.4,150,14
2026-09-29 22:38:00,CRUDEOILM,PE,9700.0,CRUDEOILM15OCT269700PE,1112.1,1112.1,1112.1,1112.1,0,14
2026-09-29 22:38:00,CRUDEOILM,CE,9750.0,CRUDEOILM15OCT269750CE,124.9,126.45,124.9,126.35,20,14
2026-09-29 22:38:00,CRUDEOILM,PE,9750.0,CRUDEOILM15OCT269750PE,1004.7,1004.7,1004.7,1004.7,0,14
2026-09-29 22:38:00,CRUDEOILM,CE,9800.0,CRUDEOILM15OCT269800CE,117.25,118.7,117.15,118.5,610,14
2026-09-29 22:38:00,CRUDEOILM,PE,9800.0,CRUDEOILM15OCT269800PE,1124.5,1124.5,1124.5,1124.5,0,14
2026-09-29 22:38:00,CRUDEOILM,CE,9850.0,CRUDEOILM15OCT269850CE,110.55,112.3,110.55,112.1,100,14
2026-09-29 22:38:00,CRUDEOILM,PE,9850.0,CRUDEOILM15OCT269850PE,1089.85,1089.85,1089.85,1089.85,0,14
2026-09-29 22:38:00,CRUDEOILM,CE,9900.0,CRUDEOILM15OCT269900CE,103.95,104.8,103.95,104.8,140,14
2026-09-29 22:38:00,CRUDEOILM,PE,9900.0,CRUDEOILM15OCT269900PE,1235.05,1235.05,1235.05,1235.05,0,14
2026-09-29 22:38:00,CRUDEOILM,CE,9950.0,CRUDEOILM15OCT269950CE,98.0,98.0,97.3,97.6,60,14
2026-09-29 22:38:00,CRUDEOILM,PE,9950.0,CRUDEOILM15OCT269950PE,1022.6,1022.6,1022.6,1022.6,0,14
2026-09-29 22:39:00,CRUDEOIL,FUT,0.0,CRUDEOIL19OCT26FUT,8725.0,8732.0,8725.0,8731.0,3200,14
2026-09-29 22:39:00,CRUDEOIL,CE,9350.0,CRUDEOIL15OCT269350CE,205.0,207.1,205.0,207.0,900,14
2026-09-29 22:39:00,CRUDEOIL,PE,9350.0,CRUDEOIL15OCT269350PE,838.0,838.0,838.0,838.0,0,14
2026-09-29 22:39:00,CRUDEOIL,CE,9400.0,CRUDEOIL15OCT269400CE,192.9,193.9,192.8,192.9,600,14
2026-09-29 22:39:00,CRUDEOIL,PE,9400.0,CRUDEOIL15OCT269400PE,887.1,887.1,887.1,887.1,0,14
2026-09-29 22:39:00,CRUDEOIL,CE,9450.0,CRUDEOIL15OCT269450CE,180.0,182.7,180.0,182.2,200,14
2026-09-29 22:39:00,CRUDEOIL,PE,9450.0,CRUDEOIL15OCT269450PE,779.2,779.2,779.2,779.2,0,14
2026-09-29 22:39:00,CRUDEOIL,CE,9500.0,CRUDEOIL15OCT269500CE,167.5,169.4,167.5,168.8,8800,14
2026-09-29 22:39:00,CRUDEOIL,PE,9500.0,CRUDEOIL15OCT269500PE,938.7,938.7,934.0,934.0,100,14
2026-09-29 22:39:00,CRUDEOIL,CE,9550.0,CRUDEOIL15OCT269550CE,158.0,160.5,158.0,160.5,300,14
2026-09-29 22:39:00,CRUDEOIL,PE,9550.0,CRUDEOIL15OCT269550PE,990.0,990.0,990.0,990.0,0,14
2026-09-29 22:39:00,CRUDEOIL,CE,9600.0,CRUDEOIL15OCT269600CE,148.1,150.0,148.1,150.0,3800,14
2026-09-29 22:39:00,CRUDEOIL,PE,9600.0,CRUDEOIL15OCT269600PE,1028.3,1028.3,1028.3,1028.3,0,14
2026-09-29 22:39:00,CRUDEOIL,CE,9650.0,CRUDEOIL15OCT269650CE,139.2,139.2,139.2,139.2,0,14
2026-09-29 22:39:00,CRUDEOIL,PE,9650.0,CRUDEOIL15OCT269650PE,818.0,818.0,818.0,818.0,0,14
2026-09-29 22:39:00,CRUDEOIL,CE,9700.0,CRUDEOIL15OCT269700CE,131.7,131.9,131.0,131.6,500,14
2026-09-29 22:39:00,CRUDEOIL,PE,9700.0,CRUDEOIL15OCT269700PE,1094.0,1094.0,1094.0,1094.0,100,14
2026-09-29 22:39:00,CRUDEOIL,CE,9750.0,CRUDEOIL15OCT269750CE,122.0,123.8,122.0,123.8,200,14
2026-09-29 22:39:00,CRUDEOIL,PE,9750.0,CRUDEOIL15OCT269750PE,916.3,916.3,916.3,916.3,0,14
2026-09-29 22:39:00,CRUDEOIL,CE,9800.0,CRUDEOIL15OCT269800CE,115.2,116.5,115.2,115.7,1500,14
2026-09-29 22:39:00,CRUDEOIL,PE,9800.0,CRUDEOIL15OCT269800PE,1222.6,1222.6,1222.6,1222.6,0,14
2026-09-29 22:39:00,CRUDEOIL,CE,9850.0,CRUDEOIL15OCT269850CE,109.4,109.4,109.4,109.4,200,14
2026-09-29 22:39:00,CRUDEOIL,PE,9850.0,CRUDEOIL15OCT269850PE,970.4,970.4,970.4,970.4,0,14
2026-09-29 22:39:00,CRUDEOIL,CE,9900.0,CRUDEOIL15OCT269900CE,102.4,103.3,102.4,103.0,500,14
2026-09-29 22:39:00,CRUDEOIL,PE,9900.0,CRUDEOIL15OCT269900PE,1293.1,1293.1,1293.1,1293.1,0,14
2026-09-29 22:39:00,CRUDEOIL,CE,9950.0,CRUDEOIL15OCT269950CE,95.5,97.1,95.5,97.1,600,14
2026-09-29 22:39:00,CRUDEOIL,PE,9950.0,CRUDEOIL15OCT269950PE,1038.7,1038.7,1038.7,1038.7,0,14
2026-09-29 22:39:00,CRUDEOILM,FUT,0.0,CRUDEOILM19OCT26FUT,8725.0,8734.0,8721.0,8730.0,2000,14
2026-09-29 22:39:00,CRUDEOILM,CE,9350.0,CRUDEOILM15OCT269350CE,212.5,214.0,211.5,213.45,90,14
2026-09-29 22:39:00,CRUDEOILM,PE,9350.0,CRUDEOILM15OCT269350PE,851.15,851.15,851.15,851.15,0,14
2026-09-29 22:39:00,CRUDEOILM,CE,9400.0,CRUDEOILM15OCT269400CE,198.6,200.25,198.0,199.2,560,14
2026-09-29 22:39:00,CRUDEOILM,PE,9400.0,CRUDEOILM15OCT269400PE,899.75,899.75,899.75,899.75,0,14
2026-09-29 22:39:00,CRUDEOILM,CE,9450.0,CRUDEOILM15OCT269450CE,186.75,187.85,185.85,187.45,360,14
2026-09-29 22:39:00,CRUDEOILM,PE,9450.0,CRUDEOILM15OCT269450PE,912.5,912.5,912.5,912.5,0,14
2026-09-29 22:39:00,CRUDEOILM,CE,9500.0,CRUDEOILM15OCT269500CE,174.55,175.5,173.95,173.95,820,14
2026-09-29 22:39:00,CRUDEOILM,PE,9500.0,CRUDEOILM15OCT269500PE,950.0,950.0,950.0,950.0,0,14
2026-09-29 22:39:00,CRUDEOILM,CE,9550.0,CRUDEOILM15OCT269550CE,163.95,165.0,163.95,164.7,60,14
2026-09-29 22:39:00,CRUDEOILM,PE,9550.0,CRUDEOILM15OCT269550PE,960.85,960.85,960.85,960.85,0,14
2026-09-29 22:39:00,CRUDEOILM,CE,9600.0,CRUDEOILM15OCT269600CE,154.0,154.85,153.75,154.35,310,14
2026-09-29 22:39:00,CRUDEOILM,PE,9600.0,CRUDEOILM15OCT269600PE,1004.2,1004.2,1004.2,1004.2,0,14
2026-09-29 22:39:00,CRUDEOILM,CE,9650.0,CRUDEOILM15OCT269650CE,144.75,146.2,144.45,145.45,230,14
2026-09-29 22:39:00,CRUDEOILM,PE,9650.0,CRUDEOILM15OCT269650PE,1015.65,1015.65,1015.65,1015.65,0,14
2026-09-29 22:39:00,CRUDEOILM,CE,9700.0,CRUDEOILM15OCT269700CE,134.4,136.35,134.4,135.2,310,14
2026-09-29 22:39:00,CRUDEOILM,PE,9700.0,CRUDEOILM15OCT269700PE,1112.1,1112.1,1112.1,1112.1,0,14
2026-09-29 22:39:00,CRUDEOILM,CE,9750.0,CRUDEOILM15OCT269750CE,126.35,126.35,126.35,126.35,0,14
2026-09-29 22:39:00,CRUDEOILM,PE,9750.0,CRUDEOILM15OCT269750PE,1004.7,1004.7,1004.7,1004.7,0,14
2026-09-29 22:39:00,CRUDEOILM,CE,9800.0,CRUDEOILM15OCT269800CE,118.5,119.85,118.5,119.55,1030,14
2026-09-29 22:39:00,CRUDEOILM,PE,9800.0,CRUDEOILM15OCT269800PE,1124.5,1124.5,1124.5,1124.5,0,14
2026-09-29 22:39:00,CRUDEOILM,CE,9850.0,CRUDEOILM15OCT269850CE,112.1,113.05,112.1,112.6,30,14
2026-09-29 22:39:00,CRUDEOILM,PE,9850.0,CRUDEOILM15OCT269850PE,1089.85,1089.85,1089.85,1089.85,0,14
2026-09-29 22:39:00,CRUDEOILM,CE,9900.0,CRUDEOILM15OCT269900CE,104.8,105.9,104.75,104.75,270,14
2026-09-29 22:39:00,CRUDEOILM,PE,9900.0,CRUDEOILM15OCT269900PE,1235.05,1235.05,1235.05,1235.05,0,14
2026-09-29 22:39:00,CRUDEOILM,CE,9950.0,CRUDEOILM15OCT269950CE,97.6,99.9,97.6,99.9,320,14
2026-09-29 22:39:00,CRUDEOILM,PE,9950.0,CRUDEOILM15OCT269950PE,1022.6,1022.6,1022.6,1022.6,0,14
2026-09-29 22:40:00,CRUDEOIL,FUT,0.0,CRUDEOIL19OCT26FUT,8731.0,8731.0,8715.0,8716.0,2500,10
2026-09-29 22:40:00,CRUDEOIL,CE,9350.0,CRUDEOIL15OCT269350CE,207.0,207.0,203.4,203.4,200,10
2026-09-29 22:40:00,CRUDEOIL,PE,9350.0,CRUDEOIL15OCT269350PE,838.0,838.0,838.0,838.0,0,10
2026-09-29 22:40:00,CRUDEOIL,CE,9400.0,CRUDEOIL15OCT269400CE,192.9,192.9,191.8,191.8,100,10
2026-09-29 22:40:00,CRUDEOIL,PE,9400.0,CRUDEOIL15OCT269400PE,887.1,887.1,887.1,887.1,0,10
2026-09-29 22:40:00,CRUDEOIL,CE,9450.0,CRUDEOIL15OCT269450CE,182.2,182.2,180.0,180.0,100,10
2026-09-29 22:40:00,CRUDEOIL,PE,9450.0,CRUDEOIL15OCT269450PE,779.2,779.2,779.2,779.2,0,10
2026-09-29 22:40:00,CRUDEOIL,CE,9500.0,CRUDEOIL15OCT269500CE,167.8,167.8,165.9,165.9,3100,10
2026-09-29 22:40:00,CRUDEOIL,PE,9500.0,CRUDEOIL15OCT269500PE,934.0,934.0,934.0,934.0,0,10
2026-09-29 22:40:00,CRUDEOIL,CE,9550.0,CRUDEOIL15OCT269550CE,160.5,160.5,157.0,157.0,200,10
2026-09-29 22:40:00,CRUDEOIL,PE,9550.0,CRUDEOIL15OCT269550PE,990.0,990.0,990.0,990.0,0,10
2026-09-29 22:40:00,CRUDEOIL,CE,9600.0,CRUDEOIL15OCT269600CE,150.0,150.0,148.2,148.2,500,10
2026-09-29 22:40:00,CRUDEOIL,PE,9600.0,CRUDEOIL15OCT269600PE,1028.3,1028.3,1028.3,1028.3,0,10
2026-09-29 22:40:00,CRUDEOIL,CE,9650.0,CRUDEOIL15OCT269650CE,139.2,139.2,139.2,139.2,200,10
2026-09-29 22:40:00,CRUDEOIL,PE,9650.0,CRUDEOIL15OCT269650PE,818.0,818.0,818.0,818.0,0,10
2026-09-29 22:40:00,CRUDEOIL,CE,9700.0,CRUDEOIL15OCT269700CE,131.6,131.6,130.5,130.5,100,10
2026-09-29 22:40:00,CRUDEOIL,PE,9700.0,CRUDEOIL15OCT269700PE,1094.0,1094.0,1094.0,1094.0,0,10
2026-09-29 22:40:00,CRUDEOIL,CE,9750.0,CRUDEOIL15OCT269750CE,123.8,123.8,123.8,123.8,0,10
2026-09-29 22:40:00,CRUDEOIL,PE,9750.0,CRUDEOIL15OCT269750PE,916.3,916.3,916.3,916.3,0,10
2026-09-29 22:40:00,CRUDEOIL,CE,9800.0,CRUDEOIL15OCT269800CE,115.7,115.7,114.7,114.7,400,10
2026-09-29 22:40:00,CRUDEOIL,PE,9800.0,CRUDEOIL15OCT269800PE,1222.6,1222.6,1222.6,1222.6,0,10
2026-09-29 22:40:00,CRUDEOIL,CE,9850.0,CRUDEOIL15OCT269850CE,109.4,109.4,109.0,109.0,300,10
2026-09-29 22:40:00,CRUDEOIL,PE,9850.0,CRUDEOIL15OCT269850PE,970.4,970.4,970.4,970.4,0,10
2026-09-29 22:40:00,CRUDEOIL,CE,9900.0,CRUDEOIL15OCT269900CE,103.0,103.0,101.7,101.7,400,10
2026-09-29 22:40:00,CRUDEOIL,PE,9900.0,CRUDEOIL15OCT269900PE,1293.1,1293.1,1293.1,1293.1,0,10
2026-09-29 22:40:00,CRUDEOIL,CE,9950.0,CRUDEOIL15OCT269950CE,97.1,97.1,97.1,97.1,0,10
2026-09-29 22:40:00,CRUDEOIL,PE,9950.0,CRUDEOIL15OCT269950PE,1038.7,1038.7,1038.7,1038.7,0,10
2026-09-29 22:40:00,CRUDEOILM,FUT,0.0,CRUDEOILM19OCT26FUT,8726.0,8728.0,8715.0,8717.0,700,10
2026-09-29 22:40:00,CRUDEOILM,CE,9350.0,CRUDEOILM15OCT269350CE,213.45,213.45,209.75,209.75,20,10
2026-09-29 22:40:00,CRUDEOILM,PE,9350.0,CRUDEOILM15OCT269350PE,851.15,851.15,851.15,851.15,0,10
2026-09-29 22:40:00,CRUDEOILM,CE,9400.0,CRUDEOILM15OCT269400CE,199.2,199.2,197.35,197.35,90,10
2026-09-29 22:40:00,CRUDEOILM,PE,9400.0,CRUDEOILM15OCT269400PE,899.75,899.75,899.75,899.75,0,10
2026-09-29 22:40:00,CRUDEOILM,CE,9450.0,CRUDEOILM15OCT269450CE,186.35,186.35,184.65,184.65,330,10
2026-09-29 22:40:00,CRUDEOILM,PE,9450.0,CRUDEOILM15OCT269450PE,912.5,912.5,912.5,912.5,0,10
2026-09-29 22:40:00,CRUDEOILM,CE,9500.0,CRUDEOILM15OCT269500CE,173.95,173.95,171.15,171.7,340,10
2026-09-29 22:40:00,CRUDEOILM,PE,9500.0,CRUDEOILM15OCT269500PE,950.0,950.0,950.0,950.0,20,10
2026-09-29 22:40:00,CRUDEOILM,CE,9550.0,CRUDEOILM15OCT269550CE,163.1,163.1,163.0,163.0,50,10
2026-09-29 22:40:00,CRUDEOILM,PE,9550.0,CRUDEOILM15OCT269550PE,960.85,960.85,960.85,960.85,0,10
2026-09-29 22:40:00,CRUDEOILM,CE,9600.0,CRUDEOILM15OCT269600CE,154.35,154.35,152.85,152.85,60,10
2026-09-29 22:40:00,CRUDEOILM,PE,9600.0,CRUDEOILM15OCT269600PE,1004.2,1004.2,1004.2,1004.2,0,10
2026-09-29 22:40:00,CRUDEOILM,CE,9650.0,CRUDEOILM15OCT269650CE,145.45,145.45,143.0,143.35,60,10
2026-09-29 22:40:00,CRUDEOILM,PE,9650.0,CRUDEOILM15OCT269650PE,1015.65,1015.65,1015.65,1015.65,0,10
2026-09-29 22:40:00,CRUDEOILM,CE,9700.0,CRUDEOILM15OCT269700CE,135.2,135.2,134.2,134.2,20,10
2026-09-29 22:40:00,CRUDEOILM,PE,9700.0,CRUDEOILM15OCT269700PE,1112.1,1112.1,1112.1,1112.1,0,10
2026-09-29 22:40:00,CRUDEOILM,CE,9750.0,CRUDEOILM15OCT269750CE,126.35,126.35,126.35,126.35,0,10
2026-09-29 22:40:00,CRUDEOILM,PE,9750.0,CRUDEOILM15OCT269750PE,1004.7,1004.7,1004.7,1004.7,0,10
2026-09-29 22:40:00,CRUDEOILM,CE,9800.0,CRUDEOILM15OCT269800CE,119.55,119.55,118.2,118.2,100,10
2026-09-29 22:40:00,CRUDEOILM,PE,9800.0,CRUDEOILM15OCT269800PE,1124.5,1124.5,1124.5,1124.5,0,10
2026-09-29 22:40:00,CRUDEOILM,CE,9850.0,CRUDEOILM15OCT269850CE,112.6,112.6,110.75,110.75,120,10
2026-09-29 22:40:00,CRUDEOILM,PE,9850.0,CRUDEOILM15OCT269850PE,1089.85,1089.85,1089.85,1089.85,0,10
2026-09-29 22:40:00,CRUDEOILM,CE,9900.0,CRUDEOILM15OCT269900CE,104.75,104.75,103.75,103.75,50,10
2026-09-29 22:40:00,CRUDEOILM,PE,9900.0,CRUDEOILM15OCT269900PE,1235.05,1235.05,1235.05,1235.05,0,10
2026-09-29 22:40:00,CRUDEOILM,CE,9950.0,CRUDEOILM15OCT269950CE,99.9,99.9,99.9,99.9,0,10
2026-09-29 22:40:00,CRUDEOILM,PE,9950.0,CRUDEOILM15OCT269950PE,1022.6,1022.6,1022.6,1022.6,0,10
2026-09-29 22:41:00,CRUDEOIL,FUT,0.0,CRUDEOIL19OCT26FUT,8708.0,8708.0,8703.0,8703.0,900,4
2026-09-29 22:41:00,CRUDEOIL,CE,9350.0,CRUDEOIL15OCT269350CE,202.5,202.5,200.0,200.0,1200,4
2026-09-29 22:41:00,CRUDEOIL,PE,9350.0,CRUDEOIL15OCT269350PE,838.0,838.0,838.0,838.0,0,4
2026-09-29 22:41:00,CRUDEOIL,CE,9400.0,CRUDEOIL15OCT269400CE,188.9,188.9,186.8,186.8,1000,4
2026-09-29 22:41:00,CRUDEOIL,PE,9400.0,CRUDEOIL15OCT269400PE,887.1,887.1,887.1,887.1,0,4
2026-09-29 22:41:00,CRUDEOIL,CE,9450.0,CRUDEOIL15OCT269450CE,176.0,176.0,175.0,175.0,1000,4
2026-09-29 22:41:00,CRUDEOIL,PE,9450.0,CRUDEOIL15OCT269450PE,779.2,779.2,779.2,779.2,0,4
2026-09-29 22:41:00,CRUDEOIL,CE,9500.0,CRUDEOIL15OCT269500CE,164.5,164.5,162.9,162.9,6300,4
2026-09-29 22:41:00,CRUDEOIL,PE,9500.0,CRUDEOIL15OCT269500PE,947.0,950.0,947.0,950.0,100,4
2026-09-29 22:41:00,CRUDEOIL,CE,9550.0,CRUDEOIL15OCT269550CE,154.9,154.9,154.5,154.5,100,4
2026-09-29 22:41:00,CRUDEOIL,PE,9550.0,CRUDEOIL15OCT269550PE,990.0,990.0,990.0,990.0,0,4
2026-09-29 22:41:00,CRUDEOIL,CE,9600.0,CRUDEOIL15OCT269600CE,145.9,145.9,143.8,143.8,1900,4
2026-09-29 22:41:00,CRUDEOIL,PE,9600.0,CRUDEOIL15OCT269600PE,1028.3,1028.3,1028.3,1028.3,0,4
2026-09-29 22:41:00,CRUDEOIL,CE,9650.0,CRUDEOIL15OCT269650CE,137.3,137.3,136.0,136.0,100,4
2026-09-29 22:41:00,CRUDEOIL,PE,9650.0,CRUDEOIL15OCT269650PE,818.0,818.0,818.0,818.0,0,4
2026-09-29 22:41:00,CRUDEOIL,CE,9700.0,CRUDEOIL15OCT269700CE,127.8,127.8,127.0,127.0,600,4
2026-09-29 22:41:00,CRUDEOIL,PE,9700.0,CRUDEOIL15OCT269700PE,1094.0,1094.0,1094.0,1094.0,0,4
2026-09-29 22:41:00,CRUDEOIL,CE,9750.0,CRUDEOIL15OCT269750CE,119.6,119.6,119.6,119.6,0,4
2026-09-29 22:41:00,CRUDEOIL,PE,9750.0,CRUDEOIL15OCT269750PE,916.3,916.3,916.3,916.3,0,4
2026-09-29 22:41:00,CRUDEOIL,CE,9800.0,CRUDEOIL15OCT269800CE,112.8,112.8,111.3,111.3,1000,4
2026-09-29 22:41:00,CRUDEOIL,PE,9800.0,CRUDEOIL15OCT269800PE,1222.6,1222.6,1222.6,1222.6,0,4
2026-09-29 22:41:00,CRUDEOIL,CE,9850.0,CRUDEOIL15OCT269850CE,105.9,105.9,105.9,105.9,0,4
2026-09-29 22:41:00,CRUDEOIL,PE,9850.0,CRUDEOIL15OCT269850PE,970.4,970.4,970.4,970.4,0,4
2026-09-29 22:41:00,CRUDEOIL,CE,9900.0,CRUDEOIL15OCT269900CE,100.2,100.2,99.0,99.0,3200,4
2026-09-29 22:41:00,CRUDEOIL,PE,9900.0,CRUDEOIL15OCT269900PE,1293.1,1293.1,1293.1,1293.1,0,4
2026-09-29 22:41:00,CRUDEOIL,CE,9950.0,CRUDEOIL15OCT269950CE,93.5,93.5,93.5,93.5,0,4
2026-09-29 22:41:00,CRUDEOIL,PE,9950.0,CRUDEOIL15OCT269950PE,1038.7,1038.7,1038.7,1038.7,0,4
2026-09-29 22:41:00,CRUDEOILM,FUT,0.0,CRUDEOILM19OCT26FUT,8710.0,8711.0,8705.0,8705.0,410,4
2026-09-29 22:41:00,CRUDEOILM,CE,9350.0,CRUDEOILM15OCT269350CE,207.9,207.9,207.9,207.9,0,4
2026-09-29 22:41:00,CRUDEOILM,PE,9350.0,CRUDEOILM15OCT269350PE,851.15,851.15,851.15,851.15,0,4
2026-09-29 22:41:00,CRUDEOILM,CE,9400.0,CRUDEOILM15OCT269400CE,194.25,194.4,192.0,192.0,320,4
2026-09-29 22:41:00,CRUDEOILM,PE,9400.0,CRUDEOILM15OCT269400PE,899.75,899.75,899.75,899.75,0,4
2026-09-29 22:41:00,CRUDEOILM,CE,9450.0,CRUDEOILM15OCT269450CE,182.9,182.9,180.5,180.5,140,4
2026-09-29 22:41:00,CRUDEOILM,PE,9450.0,CRUDEOILM15OCT269450PE,912.5,912.5,912.5,912.5,0,4
2026-09-29 22:41:00,CRUDEOILM,CE,9500.0,CRUDEOILM15OCT269500CE,170.65,170.65,168.9,168.95,950,4
2026-09-29 22:41:00,CRUDEOILM,PE,9500.0,CRUDEOILM15OCT269500PE,950.0,950.0,950.0,950.0,0,4
2026-09-29 22:41:00,CRUDEOILM,CE,9550.0,CRUDEOILM15OCT269550CE,160.25,160.25,158.5,158.65,910,4
2026-09-29 22:41:00,CRUDEOILM,PE,9550.0,CRUDEOILM15OCT269550PE,960.85,960.85,960.85,960.85,0,4
2026-09-29 22:41:00,CRUDEOILM,CE,9600.0,CRUDEOILM15OCT269600CE,151.0,151.0,149.05,149.05,670,4
2026-09-29 22:41:00,CRUDEOILM,PE,9600.0,CRUDEOILM15OCT269600PE,1004.2,1004.2,1004.2,1004.2,0,4
2026-09-29 22:41:00,CRUDEOILM,CE,9650.0,CRUDEOILM15OCT269650CE,143.35,143.35,138.9,139.35,280,4
2026-09-29 22:41:00,CRUDEOILM,PE,9650.0,CRUDEOILM15OCT269650PE,1015.65,1015.65,1015.65,1015.65,0,4
2026-09-29 22:41:00,CRUDEOILM,CE,9700.0,CRUDEOILM15OCT269700CE,131.55,131.55,129.6,129.6,90,4
2026-09-29 22:41:00,CRUDEOILM,PE,9700.0,CRUDEOILM15OCT269700PE,1112.1,1112.1,1112.1,1112.1,0,4
2026-09-29 22:41:00,CRUDEOILM,CE,9750.0,CRUDEOILM15OCT269750CE,123.9,123.9,123.0,123.0,50,4
2026-09-29 22:41:00,CRUDEOILM,PE,9750.0,CRUDEOILM15OCT269750PE,1004.7,1004.7,1004.7,1004.7,0,4
2026-09-29 22:41:00,CRUDEOILM,CE,9800.0,CRUDEOILM15OCT269800CE,116.25,116.25,114.4,114.4,880,4
2026-09-29 22:41:00,CRUDEOILM,PE,9800.0,CRUDEOILM15OCT269800PE,1124.5,1124.5,1124.5,1124.5,0,4
2026-09-29 22:41:00,CRUDEOILM,CE,9850.0,CRUDEOILM15OCT269850CE,109.5,109.5,108.0,108.0,10,4
2026-09-29 22:41:00,CRUDEOILM,PE,9850.0,CRUDEOILM15OCT269850PE,1089.85,1089.85,1089.85,1089.85,0,4
2026-09-29 22:41:00,CRUDEOILM,CE,9900.0,CRUDEOILM15OCT269900CE,102.7,102.7,101.4,101.4,60,4
2026-09-29 22:41:00,CRUDEOILM,PE,9900.0,CRUDEOILM15OCT269900PE,1235.05,1235.05,1235.05,1235.05,0,4
2026-09-29 22:41:00,CRUDEOILM,CE,9950.0,CRUDEOILM15OCT269950CE,96.0,96.0,95.1,95.1,30,4
2026-09-29 22:41:00,CRUDEOILM,PE,9950.0,CRUDEOILM15OCT269950PE,1022.6,1022.6,1022.6,1022.6,0,4
2026-09-29 22:42:00,CRUDEOIL,FUT,0.0,CRUDEOIL19OCT26FUT,8699.0,8703.0,8698.0,8702.0,5500,14
2026-09-29 22:42:00,CRUDEOIL,CE,9350.0,CRUDEOIL15OCT269350CE,199.7,199.7,197.5,198.0,1300,14
2026-09-29 22:42:00,CRUDEOIL,PE,9350.0,CRUDEOIL15OCT269350PE,838.0,838.0,838.0,838.0,0,14
2026-09-29 22:42:00,CRUDEOIL,CE,9400.0,CRUDEOIL15OCT269400CE,186.3,186.8,185.7,186.8,1500,14
2026-09-29 22:42:00,CRUDEOIL,PE,9400.0,CRUDEOIL15OCT269400PE,887.1,887.1,887.1,887.1,0,14
2026-09-29 22:42:00,CRUDEOIL,CE,9450.0,CRUDEOIL15OCT269450CE,175.0,175.0,173.0,173.9,900,14
2026-09-29 22:42:00,CRUDEOIL,PE,9450.0,CRUDEOIL15OCT269450PE,779.2,779.2,779.2,779.2,0,14
2026-09-29 22:42:00,CRUDEOIL,CE,9500.0,CRUDEOIL15OCT269500CE,162.5,162.5,161.6,162.0,7200,14
2026-09-29 22:42:00,CRUDEOIL,PE,9500.0,CRUDEOIL15OCT269500PE,950.0,955.0,950.0,955.0,200,14
2026-09-29 22:42:00,CRUDEOIL,CE,9550.0,CRUDEOIL15OCT269550CE,153.3,154.0,153.3,154.0,400,14
2026-09-29 22:42:00,CRUDEOIL,PE,9550.0,CRUDEOIL15OCT269550PE,990.0,990.0,990.0,990.0,0,14
2026-09-29 22:42:00,CRUDEOIL,CE,9600.0,CRUDEOIL15OCT269600CE,143.1,144.0,143.0,144.0,1100,14
2026-09-29 22:42:00,CRUDEOIL,PE,9600.0,CRUDEOIL15OCT269600PE,1028.3,1028.3,1028.3,1028.3,0,14
2026-09-29 22:42:00,CRUDEOIL,CE,9650.0,CRUDEOIL15OCT269650CE,136.0,136.0,134.2,135.1,1300,14
2026-09-29 22:42:00,CRUDEOIL,PE,9650.0,CRUDEOIL15OCT269650PE,818.0,818.0,818.0,818.0,0,14
2026-09-29 22:42:00,CRUDEOIL,CE,9700.0,CRUDEOIL15OCT269700CE,126.4,126.4,126.4,126.4,0,14
2026-09-29 22:42:00,CRUDEOIL,PE,9700.0,CRUDEOIL15OCT269700PE,1094.0,1094.0,1094.0,1094.0,0,14
2026-09-29 22:42:00,CRUDEOIL,CE,9750.0,CRUDEOIL15OCT269750CE,119.6,119.6,118.0,118.0,300,14
2026-09-29 22:42:00,CRUDEOIL,PE,9750.0,CRUDEOIL15OCT269750PE,916.3,916.3,916.3,916.3,0,14
2026-09-29 22:42:00,CRUDEOIL,CE,9800.0,CRUDEOIL15OCT269800CE,111.3,111.3,110.8,110.8,600,14
2026-09-29 22:42:00,CRUDEOIL,PE,9800.0,CRUDEOIL15OCT269800PE,1222.6,1222.6,1222.6,1222.6,0,14
2026-09-29 22:42:00,CRUDEOIL,CE,9850.0,CRUDEOIL15OCT269850CE,104.8,104.8,104.5,104.7,200,14
2026-09-29 22:42:00,CRUDEOIL,PE,9850.0,CRUDEOIL15OCT269850PE,970.4,970.4,970.4,970.4,0,14
2026-09-29 22:42:00,CRUDEOIL,CE,9900.0,CRUDEOIL15OCT269900CE,99.0,99.0,98.9,98.9,700,14
2026-09-29 22:42:00,CRUDEOIL,PE,9900.0,CRUDEOIL15OCT269900PE,1293.1,1293.1,1293.1,1293.1,0,14
2026-09-29 22:42:00,CRUDEOIL,CE,9950.0,CRUDEOIL15OCT269950CE,93.5,93.5,92.2,92.2,200,14
2026-09-29 22:42:00,CRUDEOIL,PE,9950.0,CRUDEOIL15OCT269950PE,1038.7,1038.7,1038.7,1038.7,0,14
2026-09-29 22:42:00,CRUDEOILM,FUT,0.0,CRUDEOILM19OCT26FUT,8702.0,8703.0,8701.0,8702.0,1090,14
2026-09-29 22:42:00,CRUDEOILM,CE,9350.0,CRUDEOILM15OCT269350CE,207.9,207.9,205.0,205.0,1030,14
2026-09-29 22:42:00,CRUDEOILM,PE,9350.0,CRUDEOILM15OCT269350PE,851.15,851.15,851.15,851.15,0,14
2026-09-29 22:42:00,CRUDEOILM,CE,9400.0,CRUDEOILM15OCT269400CE,191.5,192.05,191.3,191.5,220,14
2026-09-29 22:42:00,CRUDEOILM,PE,9400.0,CRUDEOILM15OCT269400PE,899.75,899.75,899.75,899.75,0,14
2026-09-29 22:42:00,CRUDEOILM,CE,9450.0,CRUDEOILM15OCT269450CE,180.5,180.5,179.7,179.7,60,14
2026-09-29 22:42:00,CRUDEOILM,PE,9450.0,CRUDEOILM15OCT269450PE,912.5,912.5,912.5,912.5,0,14
2026-09-29 22:42:00,CRUDEOILM,CE,9500.0,CRUDEOILM15OCT269500CE,167.65,168.25,167.0,167.55,1920,14
2026-09-29 22:42:00,CRUDEOILM,PE,9500.0,CRUDEOILM15OCT269500PE,950.0,950.0,950.0,950.0,0,14
2026-09-29 22:42:00,CRUDEOILM,CE,9550.0,CRUDEOILM15OCT269550CE,158.65,158.65,158.65,158.65,0,14
2026-09-29 22:42:00,CRUDEOILM,PE,9550.0,CRUDEOILM15OCT269550PE,960.85,960.85,960.85,960.85,0,14
2026-09-29 22:42:00,CRUDEOILM,CE,9600.0,CRUDEOILM15OCT269600CE,148.5,148.95,147.85,148.4,200,14
2026-09-29 22:42:00,CRUDEOILM,PE,9600.0,CRUDEOILM15OCT269600PE,1004.2,1004.2,1004.2,1004.2,0,14
2026-09-29 22:42:00,CRUDEOILM,CE,9650.0,CRUDEOILM15OCT269650CE,139.35,139.35,138.5,139.0,220,14
2026-09-29 22:42:00,CRUDEOILM,PE,9650.0,CRUDEOILM15OCT269650PE,1015.65,1015.65,1015.65,1015.65,0,14
2026-09-29 22:42:00,CRUDEOILM,CE,9700.0,CRUDEOILM15OCT269700CE,129.6,129.8,129.6,129.6,190,14
2026-09-29 22:42:00,CRUDEOILM,PE,9700.0,CRUDEOILM15OCT269700PE,1112.1,1112.1,1112.1,1112.1,0,14
2026-09-29 22:42:00,CRUDEOILM,CE,9750.0,CRUDEOILM15OCT269750CE,123.0,123.0,121.65,121.85,50,14
2026-09-29 22:42:00,CRUDEOILM,PE,9750.0,CRUDEOILM15OCT269750PE,1004.7,1004.7,1004.7,1004.7,0,14
2026-09-29 22:42:00,CRUDEOILM,CE,9800.0,CRUDEOILM15OCT269800CE,114.85,114.85,113.75,114.1,430,14
2026-09-29 22:42:00,CRUDEOILM,PE,9800.0,CRUDEOILM15OCT269800PE,1124.5,1124.5,1124.5,1124.5,0,14
2026-09-29 22:42:00,CRUDEOILM,CE,9850.0,CRUDEOILM15OCT269850CE,108.0,108.0,106.9,107.15,2740,14
2026-09-29 22:42:00,CRUDEOILM,PE,9850.0,CRUDEOILM15OCT269850PE,1089.85,1089.85,1089.85,1089.85,0,14
2026-09-29 22:42:00,CRUDEOILM,CE,9900.0,CRUDEOILM15OCT269900CE,101.1,101.4,100.8,101.4,410,14
2026-09-29 22:42:00,CRUDEOILM,PE,9900.0,CRUDEOILM15OCT269900PE,1235.05,1235.05,1235.05,1235.05,0,14
2026-09-29 22:42:00,CRUDEOILM,CE,9950.0,CRUDEOILM15OCT269950CE,95.1,95.1,94.4,94.55,310,14
2026-09-29 22:42:00,CRUDEOILM,PE,9950.0,CRUDEOILM15OCT269950PE,1022.6,1022.6,1022.6,1022.6,0,14
2026-09-29 22:43:00,CRUDEOIL,FUT,0.0,CRUDEOIL19OCT26FUT,8702.0,8708.0,8702.0,8703.0,2500,14
2026-09-29 22:43:00,CRUDEOIL,CE,9350.0,CRUDEOIL15OCT269350CE,198.0,200.0,198.0,200.0,300,14
2026-09-29 22:43:00,CRUDEOIL,PE,9350.0,CRUDEOIL15OCT269350PE,838.0,838.0,838.0,838.0,0,14
2026-09-29 22:43:00,CRUDEOIL,CE,9400.0,CRUDEOIL15OCT269400CE,186.8,186.8,186.4,186.4,800,14
2026-09-29 22:43:00,CRUDEOIL,PE,9400.0,CRUDEOIL15OCT269400PE,887.1,887.1,887.1,887.1,0,14
2026-09-29 22:43:00,CRUDEOIL,CE,9450.0,CRUDEOIL15OCT269450CE,175.0,175.0,174.7,174.7,100,14
2026-09-29 22:43:00,CRUDEOIL,PE,9450.0,CRUDEOIL15OCT269450PE,779.2,779.2,779.2,779.2,0,14
2026-09-29 22:43:00,CRUDEOIL,CE,9500.0,CRUDEOIL15OCT269500CE,162.0,162.5,162.0,162.5,9500,14
2026-09-29 22:43:00,CRUDEOIL,PE,9500.0,CRUDEOIL15OCT269500PE,955.0,955.0,955.0,955.0,0,14
2026-09-29 22:43:00,CRUDEOIL,CE,9550.0,CRUDEOIL15OCT269550CE,154.0,154.0,153.0,153.0,200,14
2026-09-29 22:43:00,CRUDEOIL,PE,9550.0,CRUDEOIL15OCT269550PE,990.0,990.0,990.0,990.0,0,14
2026-09-29 22:43:00,CRUDEOIL,CE,9600.0,CRUDEOIL15OCT269600CE,144.0,144.0,142.9,142.9,600,14
2026-09-29 22:43:00,CRUDEOIL,PE,9600.0,CRUDEOIL15OCT269600PE,1028.3,1028.3,1028.3,1028.3,0,14
2026-09-29 22:43:00,CRUDEOIL,CE,9650.0,CRUDEOIL15OCT269650CE,135.1,135.1,134.8,134.8,100,14
2026-09-29 22:43:00,CRUDEOIL,PE,9650.0,CRUDEOIL15OCT269650PE,818.0,818.0,818.0,818.0,0,14
2026-09-29 22:43:00,CRUDEOIL,CE,9700.0,CRUDEOIL15OCT269700CE,126.4,126.9,126.4,126.9,300,14
2026-09-29 22:43:00,CRUDEOIL,PE,9700.0,CRUDEOIL15OCT269700PE,1094.0,1094.0,1094.0,1094.0,0,14
2026-09-29 22:43:00,CRUDEOIL,CE,9750.0,CRUDEOIL15OCT269750CE,118.0,118.6,118.0,118.6,100,14
2026-09-29 22:43:00,CRUDEOIL,PE,9750.0,CRUDEOIL15OCT269750PE,916.3,916.3,916.3,916.3,0,14
2026-09-29 22:43:00,CRUDEOIL,CE,9800.0,CRUDEOIL15OCT269800CE,111.4,111.5,110.7,111.3,1400,14
2026-09-29 22:43:00,CRUDEOIL,PE,9800.0,CRUDEOIL15OCT269800PE,1222.6,1222.6,1222.6,1222.6,0,14
2026-09-29 22:43:00,CRUDEOIL,CE,9850.0,CRUDEOIL15OCT269850CE,104.7,104.7,104.7,104.7,0,14
2026-09-29 22:43:00,CRUDEOIL,PE,9850.0,CRUDEOIL15OCT269850PE,970.4,970.4,970.4,970.4,0,14
2026-09-29 22:43:00,CRUDEOIL,CE,9900.0,CRUDEOIL15OCT269900CE,99.2,99.2,98.7,99.1,700,14
2026-09-29 22:43:00,CRUDEOIL,PE,9900.0,CRUDEOIL15OCT269900PE,1293.1,1293.1,1293.1,1293.1,0,14
2026-09-29 22:43:00,CRUDEOIL,CE,9950.0,CRUDEOIL15OCT269950CE,92.2,92.2,92.2,92.2,0,14
2026-09-29 22:43:00,CRUDEOIL,PE,9950.0,CRUDEOIL15OCT269950PE,1038.7,1038.7,1038.7,1038.7,0,14
2026-09-29 22:43:00,CRUDEOILM,FUT,0.0,CRUDEOILM19OCT26FUT,8705.0,8710.0,8704.0,8706.0,570,14
2026-09-29 22:43:00,CRUDEOILM,CE,9350.0,CRUDEOILM15OCT269350CE,205.9,205.95,205.55,205.8,40,14
2026-09-29 22:43:00,CRUDEOILM,PE,9350.0,CRUDEOILM15OCT269350PE,851.15,851.15,851.15,851.15,0,14
2026-09-29 22:43:00,CRUDEOILM,CE,9400.0,CRUDEOILM15OCT269400CE,192.4,192.4,191.75,191.75,110,14
2026-09-29 22:43:00,CRUDEOILM,PE,9400.0,CRUDEOILM15OCT269400PE,899.75,899.75,899.75,899.75,0,14
2026-09-29 22:43:00,CRUDEOILM,CE,9450.0,CRUDEOILM15OCT269450CE,179.7,181.5,179.7,181.5,350,14
2026-09-29 22:43:00,CRUDEOILM,PE,9450.0,CRUDEOILM15OCT269450PE,912.5,912.5,912.5,912.5,0,14
2026-09-29 22:43:00,CRUDEOILM,CE,9500.0,CRUDEOILM15OCT269500CE,167.55,168.75,167.55,168.3,240,14
2026-09-29 22:43:00,CRUDEOILM,PE,9500.0,CRUDEOILM15OCT269500PE,950.0,950.0,950.0,950.0,0,14
2026-09-29 22:43:00,CRUDEOILM,CE,9550.0,CRUDEOILM15OCT269550CE,158.65,158.65,157.6,157.6,30,14
2026-09-29 22:43:00,CRUDEOILM,PE,9550.0,CRUDEOILM15OCT269550PE,960.85,960.85,960.85,960.85,0,14
2026-09-29 22:43:00,CRUDEOILM,CE,9600.0,CRUDEOILM15OCT269600CE,148.3,149.45,148.1,148.4,390,14
2026-09-29 22:43:00,CRUDEOILM,PE,9600.0,CRUDEOILM15OCT269600PE,1004.2,1004.2,1004.2,1004.2,0,14
2026-09-29 22:43:00,CRUDEOILM,CE,9650.0,CRUDEOILM15OCT269650CE,139.0,139.95,139.0,139.65,220,14
2026-09-29 22:43:00,CRUDEOILM,PE,9650.0,CRUDEOILM15OCT269650PE,1015.65,1015.65,1015.65,1015.65,0,14
2026-09-29 22:43:00,CRUDEOILM,CE,9700.0,CRUDEOILM15OCT269700CE,129.6,130.3,129.6,129.6,70,14
2026-09-29 22:43:00,CRUDEOILM,PE,9700.0,CRUDEOILM15OCT269700PE,1112.1,1112.1,1112.1,1112.1,0,14
2026-09-29 22:43:00,CRUDEOILM,CE,9750.0,CRUDEOILM15OCT269750CE,121.85,121.85,121.85,121.85,0,14
2026-09-29 22:43:00,CRUDEOILM,PE,9750.0,CRUDEOILM15OCT269750PE,1004.7,1004.7,1004.7,1004.7,0,14
2026-09-29 22:43:00,CRUDEOILM,CE,9800.0,CRUDEOILM15OCT269800CE,114.1,114.65,114.1,114.45,750,14
2026-09-29 22:43:00,CRUDEOILM,PE,9800.0,CRUDEOILM15OCT269800PE,1124.5,1124.5,1124.5,1124.5,0,14
2026-09-29 22:43:00,CRUDEOILM,CE,9850.0,CRUDEOILM15OCT269850CE,107.15,107.4,107.15,107.35,620,14
2026-09-29 22:43:00,CRUDEOILM,PE,9850.0,CRUDEOILM15OCT269850PE,1089.85,1089.85,1089.85,1089.85,0,14
2026-09-29 22:43:00,CRUDEOILM,CE,9900.0,CRUDEOILM15OCT269900CE,101.4,101.4,101.0,101.0,60,14
2026-09-29 22:43:00,CRUDEOILM,PE,9900.0,CRUDEOILM15OCT269900PE,1235.05,1235.05,1235.05,1235.05,0,14
2026-09-29 22:43:00,CRUDEOILM,CE,9950.0,CRUDEOILM15OCT269950CE,94.55,94.55,94.55,94.55,0,14
2026-09-29 22:43:00,CRUDEOILM,PE,9950.0,CRUDEOILM15OCT269950PE,1022.6,1022.6,1022.6,1022.6,0,14
2026-09-29 22:44:00,CRUDEOIL,FUT,0.0,CRUDEOIL19OCT26FUT,8703.0,8706.0,8700.0,8705.0,11500,14
2026-09-29 22:44:00,CRUDEOIL,CE,9350.0,CRUDEOIL15OCT269350CE,200.0,200.0,198.5,199.7,1000,14
2026-09-29 22:44:00,CRUDEOIL,PE,9350.0,CRUDEOIL15OCT269350PE,838.0,838.0,838.0,838.0,0,14
2026-09-29 22:44:00,CRUDEOIL,CE,9400.0,CRUDEOIL15OCT269400CE,186.4,187.3,186.0,187.2,2700,14
2026-09-29 22:44:00,CRUDEOIL,PE,9400.0,CRUDEOIL15OCT269400PE,887.1,887.1,887.1,887.1,0,14
2026-09-29 22:44:00,CRUDEOIL,CE,9450.0,CRUDEOIL15OCT269450CE,174.7,174.7,174.7,174.7,0,14
2026-09-29 22:44:00,CRUDEOIL,PE,9450.0,CRUDEOIL15OCT269450PE,779.2,779.2,779.2,779.2,0,14
2026-09-29 22:44:00,CRUDEOIL,CE,9500.0,CRUDEOIL15OCT269500CE,162.5,162.5,161.4,162.5,5400,14
2026-09-29 22:44:00,CRUDEOIL,PE,9500.0,CRUDEOIL15OCT269500PE,955.0,955.0,950.5,950.5,100,14
2026-09-29 22:44:00,CRUDEOIL,CE,9550.0,CRUDEOIL15OCT269550CE,153.0,153.0,153.0,153.0,100,14
2026-09-29 22:44:00,CRUDEOIL,PE,9550.0,CRUDEOIL15OCT269550PE,990.0,990.0,990.0,990.0,0,14
2026-09-29 22:44:00,CRUDEOIL,CE,9600.0,CRUDEOIL15OCT269600CE,142.9,143.3,142.5,143.0,1000,14
2026-09-29 22:44:00,CRUDEOIL,PE,9600.0,CRUDEOIL15OCT269600PE,1028.3,1028.3,1028.3,1028.3,0,14
2026-09-29 22:44:00,CRUDEOIL,CE,9650.0,CRUDEOIL15OCT269650CE,134.8,134.9,134.5,134.9,200,14
2026-09-29 22:44:00,CRUDEOIL,PE,9650.0,CRUDEOIL15OCT269650PE,818.0,818.0,818.0,818.0,0,14
2026-09-29 22:44:00,CRUDEOIL,CE,9700.0,CRUDEOIL15OCT269700CE,125.9,126.0,125.1,126.0,1400,14
2026-09-29 22:44:00,CRUDEOIL,PE,9700.0,CRUDEOIL15OCT269700PE,1094.0,1094.0,1094.0,1094.0,0,14
2026-09-29 22:44:00,CRUDEOIL,CE,9750.0,CRUDEOIL15OCT269750CE,118.6,118.6,117.8,118.6,1200,14
2026-09-29 22:44:00,CRUDEOIL,PE,9750.0,CRUDEOIL15OCT269750PE,916.3,916.3,916.3,916.3,0,14
2026-09-29 22:44:00,CRUDEOIL,CE,9800.0,CRUDEOIL15OCT269800CE,111.3,111.4,110.7,110.7,1400,14
2026-09-29 22:44:00,CRUDEOIL,PE,9800.0,CRUDEOIL15OCT269800PE,1222.6,1222.6,1222.6,1222.6,0,14
2026-09-29 22:44:00,CRUDEOIL,CE,9850.0,CRUDEOIL15OCT269850CE,104.7,104.7,104.7,104.7,0,14
2026-09-29 22:44:00,CRUDEOIL,PE,9850.0,CRUDEOIL15OCT269850PE,970.4,970.4,970.4,970.4,0,14
2026-09-29 22:44:00,CRUDEOIL,CE,9900.0,CRUDEOIL15OCT269900CE,99.1,99.1,99.0,99.0,100,14
2026-09-29 22:44:00,CRUDEOIL,PE,9900.0,CRUDEOIL15OCT269900PE,1293.1,1293.1,1293.1,1293.1,0,14
2026-09-29 22:44:00,CRUDEOIL,CE,9950.0,CRUDEOIL15OCT269950CE,92.2,92.3,92.2,92.3,100,14
2026-09-29 22:44:00,CRUDEOIL,PE,9950.0,CRUDEOIL15OCT269950PE,1038.7,1038.7,1038.7,1038.7,0,14
2026-09-29 22:44:00,CRUDEOILM,FUT,0.0,CRUDEOILM19OCT26FUT,8707.0,8708.0,8702.0,8708.0,1880,14
2026-09-29 22:44:00,CRUDEOILM,CE,9350.0,CRUDEOILM15OCT269350CE,205.8,206.2,205.75,205.75,80,14
2026-09-29 22:44:00,CRUDEOILM,PE,9350.0,CRUDEOILM15OCT269350PE,851.15,851.15,851.15,851.15,0,14
2026-09-29 22:44:00,CRUDEOILM,CE,9400.0,CRUDEOILM15OCT269400CE,192.5,192.5,191.6,192.0,220,14
2026-09-29 22:44:00,CRUDEOILM,PE,9400.0,CRUDEOILM15OCT269400PE,899.75,899.75,899.75,899.75,0,14
2026-09-29 22:44:00,CRUDEOILM,CE,9450.0,CRUDEOILM15OCT269450CE,181.5,181.5,179.6,180.85,150,14
2026-09-29 22:44:00,CRUDEOILM,PE,9450.0,CRUDEOILM15OCT269450PE,912.5,912.5,912.5,912.5,0,14
2026-09-29 22:44:00,CRUDEOILM,CE,9500.0,CRUDEOILM15OCT269500CE,168.3,169.0,167.5,168.15,1120,14
2026-09-29 22:44:00,CRUDEOILM,PE,9500.0,CRUDEOILM15OCT269500PE,950.0,956.85,950.0,956.85,30,14
2026-09-29 22:44:00,CRUDEOILM,CE,9550.0,CRUDEOILM15OCT269550CE,157.6,158.3,157.4,158.3,50,14
2026-09-29 22:44:00,CRUDEOILM,PE,9550.0,CRUDEOILM15OCT269550PE,960.85,960.85,960.85,960.85,0,14
2026-09-29 22:44:00,CRUDEOILM,CE,9600.0,CRUDEOILM15OCT269600CE,148.4,148.85,147.95,148.85,220,14
2026-09-29 22:44:00,CRUDEOILM,PE,9600.0,CRUDEOILM15OCT269600PE,1004.2,1004.2,1004.2,1004.2,0,14
2026-09-29 22:44:00,CRUDEOILM,CE,9650.0,CRUDEOILM15OCT269650CE,139.65,139.75,138.3,139.75,100,14
2026-09-29 22:44:00,CRUDEOILM,PE,9650.0,CRUDEOILM15OCT269650PE,1015.65,1015.65,1015.65,1015.65,0,14
2026-09-29 22:44:00,CRUDEOILM,CE,9700.0,CRUDEOILM15OCT269700CE,129.6,129.9,129.55,129.9,60,14
2026-09-29 22:44:00,CRUDEOILM,PE,9700.0,CRUDEOILM15OCT269700PE,1112.1,1112.1,1112.1,1112.1,0,14
2026-09-29 22:44:00,CRUDEOILM,CE,9750.0,CRUDEOILM15OCT269750CE,121.85,122.4,121.85,122.05,50,14
2026-09-29 22:44:00,CRUDEOILM,PE,9750.0,CRUDEOILM15OCT269750PE,1004.7,1004.7,1004.7,1004.7,0,14
2026-09-29 22:44:00,CRUDEOILM,CE,9800.0,CRUDEOILM15OCT269800CE,114.45,114.55,113.6,114.35,1420,14
2026-09-29 22:44:00,CRUDEOILM,PE,9800.0,CRUDEOILM15OCT269800PE,1124.5,1124.5,1124.5,1124.5,0,14
2026-09-29 22:44:00,CRUDEOILM,CE,9850.0,CRUDEOILM15OCT269850CE,107.35,107.95,106.3,107.95,310,14
2026-09-29 22:44:00,CRUDEOILM,PE,9850.0,CRUDEOILM15OCT269850PE,1089.85,1089.85,1089.85,1089.85,0,14
2026-09-29 22:44:00,CRUDEOILM,CE,9900.0,CRUDEOILM15OCT269900CE,101.0,101.35,100.85,101.35,70,14
2026-09-29 22:44:00,CRUDEOILM,PE,9900.0,CRUDEOILM15OCT269900PE,1235.05,1235.05,1235.05,1235.05,0,14
2026-09-29 22:44:00,CRUDEOILM,CE,9950.0,CRUDEOILM15OCT269950CE,94.55,94.55,94.55,94.55,0,14
2026-09-29 22:44:00,CRUDEOILM,PE,9950.0,CRUDEOILM15OCT269950PE,1022.6,1022.6,1022.6,1022.6,0,14
2026-09-29 22:45:00,CRUDEOIL,FUT,0.0,CRUDEOIL19OCT26FUT,8705.0,8711.0,8702.0,8711.0,2100,14
2026-09-29 22:45:00,CRUDEOIL,CE,9350.0,CRUDEOIL15OCT269350CE,199.7,200.1,199.0,200.1,500,14
2026-09-29 22:45:00,CRUDEOIL,PE,9350.0,CRUDEOIL15OCT269350PE,838.0,838.0,838.0,838.0,0,14
2026-09-29 22:45:00,CRUDEOIL,CE,9400.0,CRUDEOIL15OCT269400CE,186.8,188.0,186.5,188.0,700,14
2026-09-29 22:45:00,CRUDEOIL,PE,9400.0,CRUDEOIL15OCT269400PE,887.1,887.1,887.1,887.1,0,14
2026-09-29 22:45:00,CRUDEOIL,CE,9450.0,CRUDEOIL15OCT269450CE,174.7,174.7,173.6,173.6,100,14
2026-09-29 22:45:00,CRUDEOIL,PE,9450.0,CRUDEOIL15OCT269450PE,779.2,779.2,779.2,779.2,0,14
2026-09-29 22:45:00,CRUDEOIL,CE,9500.0,CRUDEOIL15OCT269500CE,162.0,162.8,161.5,162.6,2900,14
2026-09-29 22:45:00,CRUDEOIL,PE,9500.0,CRUDEOIL15OCT269500PE,950.5,950.5,950.5,950.5,0,14
2026-09-29 22:45:00,CRUDEOIL,CE,9550.0,CRUDEOIL15OCT269550CE,153.0,153.0,153.0,153.0,0,14
2026-09-29 22:45:00,CRUDEOIL,PE,9550.0,CRUDEOIL15OCT269550PE,990.0,990.0,990.0,990.0,0,14
2026-09-29 22:45:00,CRUDEOIL,CE,9600.0,CRUDEOIL15OCT269600CE,143.0,143.9,143.0,143.8,800,14
2026-09-29 22:45:00,CRUDEOIL,PE,9600.0,CRUDEOIL15OCT269600PE,1028.3,1028.3,1028.3,1028.3,0,14
2026-09-29 22:45:00,CRUDEOIL,CE,9650.0,CRUDEOIL15OCT269650CE,134.9,134.9,134.9,134.9,200,14
2026-09-29 22:45:00,CRUDEOIL,PE,9650.0,CRUDEOIL15OCT269650PE,818.0,818.0,818.0,818.0,0,14
2026-09-29 22:45:00,CRUDEOIL,CE,9700.0,CRUDEOIL15OCT269700CE,126.2,127.3,125.9,127.3,1600,14
2026-09-29 22:45:00,CRUDEOIL,PE,9700.0,CRUDEOIL15OCT269700PE,1094.0,1094.0,1094.0,1094.0,0,14
2026-09-29 22:45:00,CRUDEOIL,CE,9750.0,CRUDEOIL15OCT269750CE,118.6,119.3,118.6,119.3,200,14
2026-09-29 22:45:00,CRUDEOIL,PE,9750.0,CRUDEOIL15OCT269750PE,916.3,916.3,916.3,916.3,0,14
2026-09-29 22:45:00,CRUDEOIL,CE,9800.0,CRUDEOIL15OCT269800CE,110.6,111.9,110.1,111.9,5600,14
2026-09-29 22:45:00,CRUDEOIL,PE,9800.0,CRUDEOIL15OCT269800PE,1222.6,1222.6,1222.6,1222.6,0,14
2026-09-29 22:45:00,CRUDEOIL,CE,9850.0,CRUDEOIL15OCT269850CE,104.7,104.7,104.7,104.7,0,14
2026-09-29 22:45:00,CRUDEOIL,PE,9850.0,CRUDEOIL15OCT269850PE,970.4,970.4,970.4,970.4,0,14
2026-09-29 22:45:00,CRUDEOIL,CE,9900.0,CRUDEOIL15OCT269900CE,99.0,99.4,98.6,99.4,400,14
2026-09-29 22:45:00,CRUDEOIL,PE,9900.0,CRUDEOIL15OCT269900PE,1293.1,1293.1,1293.1,1293.1,0,14
2026-09-29 22:45:00,CRUDEOIL,CE,9950.0,CRUDEOIL15OCT269950CE,92.3,92.3,92.3,92.3,0,14
2026-09-29 22:45:00,CRUDEOIL,PE,9950.0,CRUDEOIL15OCT269950PE,1038.7,1038.7,1038.7,1038.7,0,14
2026-09-29 22:45:00,CRUDEOILM,FUT,0.0,CRUDEOILM19OCT26FUT,8705.0,8713.0,8704.0,8713.0,260,14
2026-09-29 22:45:00,CRUDEOILM,CE,9350.0,CRUDEOILM15OCT269350CE,205.75,207.7,205.75,207.7,70,14
2026-09-29 22:45:00,CRUDEOILM,PE,9350.0,CRUDEOILM15OCT269350PE,851.15,851.15,851.15,851.15,0,14
2026-09-29 22:45:00,CRUDEOILM,CE,9400.0,CRUDEOILM15OCT269400CE,192.0,194.3,192.0,194.3,670,14
2026-09-29 22:45:00,CRUDEOILM,PE,9400.0,CRUDEOILM15OCT269400PE,899.75,899.75,899.75,899.75,0,14
2026-09-29 22:45:00,CRUDEOILM,CE,9450.0,CRUDEOILM15OCT269450CE,180.85,182.3,180.7,182.3,100,14
2026-09-29 22:45:00,CRUDEOILM,PE,9450.0,CRUDEOILM15OCT269450PE,912.5,912.5,912.5,912.5,0,14
2026-09-29 22:45:00,CRUDEOILM,CE,9500.0,CRUDEOILM15OCT269500CE,168.15,169.75,167.5,169.75,910,14
2026-09-29 22:45:00,CRUDEOILM,PE,9500.0,CRUDEOILM15OCT269500PE,956.85,956.85,956.85,956.85,0,14
2026-09-29 22:45:00,CRUDEOILM,CE,9550.0,CRUDEOILM15OCT269550CE,158.3,158.3,158.3,158.3,0,14
2026-09-29 22:45:00,CRUDEOILM,PE,9550.0,CRUDEOILM15OCT269550PE,960.85,960.85,960.85,960.85,0,14
2026-09-29 22:45:00,CRUDEOILM,CE,9600.0,CRUDEOILM15OCT269600CE,148.85,150.0,148.25,150.0,120,14
2026-09-29 22:45:00,CRUDEOILM,PE,9600.0,CRUDEOILM15OCT269600PE,1004.2,1004.2,1004.2,1004.2,0,14
2026-09-29 22:45:00,CRUDEOILM,CE,9650.0,CRUDEOILM15OCT269650CE,139.75,140.45,139.75,140.45,10,14
2026-09-29 22:45:00,CRUDEOILM,PE,9650.0,CRUDEOILM15OCT269650PE,1015.65,1015.65,1015.65,1015.65,0,14
2026-09-29 22:45:00,CRUDEOILM,CE,9700.0,CRUDEOILM15OCT269700CE,129.9,131.25,129.55,131.25,320,14
2026-09-29 22:45:00,CRUDEOILM,PE,9700.0,CRUDEOILM15OCT269700PE,1112.1,1112.1,1112.1,1112.1,0,14
2026-09-29 22:45:00,CRUDEOILM,CE,9750.0,CRUDEOILM15OCT269750CE,122.0,122.8,122.0,122.8,10,14
2026-09-29 22:45:00,CRUDEOILM,PE,9750.0,CRUDEOILM15OCT269750PE,1004.7,1004.7,1004.7,1004.7,0,14
2026-09-29 22:45:00,CRUDEOILM,CE,9800.0,CRUDEOILM15OCT269800CE,114.3,115.65,113.7,115.65,340,14
2026-09-29 22:45:00,CRUDEOILM,PE,9800.0,CRUDEOILM15OCT269800PE,1124.5,1124.5,1124.5,1124.5,0,14
2026-09-29 22:45:00,CRUDEOILM,CE,9850.0,CRUDEOILM15OCT269850CE,107.05,108.3,107.0,108.3,100,14
2026-09-29 22:45:00,CRUDEOILM,PE,9850.0,CRUDEOILM15OCT269850PE,1089.85,1089.85,1089.85,1089.85,0,14
2026-09-29 22:45:00,CRUDEOILM,CE,9900.0,CRUDEOILM15OCT269900CE,101.35,102.0,101.35,102.0,90,14
2026-09-29 22:45:00,CRUDEOILM,PE,9900.0,CRUDEOILM15OCT269900PE,1235.05,1235.05,1235.05,1235.05,0,14
2026-09-29 22:45:00,CRUDEOILM,CE,9950.0,CRUDEOILM15OCT269950CE,94.55,94.55,94.55,94.55,0,14
2026-09-29 22:45:00,CRUDEOILM,PE,9950.0,CRUDEOILM15OCT269950PE,1022.6,1022.6,1022.6,1022.6,0,14
2026-09-29 22:46:00,CRUDEOIL,FUT,0.0,CRUDEOIL19OCT26FUT,8711.0,8716.0,8711.0,8715.0,2400,14
2026-09-29 22:46:00,CRUDEOIL,CE,9350.0,CRUDEOIL15OCT269350CE,200.7,200.7,200.7,200.7,0,14
2026-09-29 22:46:00,CRUDEOIL,PE,9350.0,CRUDEOIL15OCT269350PE,838.0,838.0,838.0,838.0,0,14
2026-09-29 22:46:00,CRUDEOIL,CE,9400.0,CRUDEOIL15OCT269400CE,188.6,188.6,186.4,186.4,1700,14
2026-09-29 22:46:00,CRUDEOIL,PE,9400.0,CRUDEOIL15OCT269400PE,887.1,887.1,887.1,887.1,0,14
2026-09-29 22:46:00,CRUDEOIL,CE,9450.0,CRUDEOIL15OCT269450CE,173.6,175.2,173.6,175.2,100,14
2026-09-29 22:46:00,CRUDEOIL,PE,9450.0,CRUDEOIL15OCT269450PE,779.2,779.2,779.2,779.2,0,14
2026-09-29 22:46:00,CRUDEOIL,CE,9500.0,CRUDEOIL15OCT269500CE,163.3,163.3,161.4,161.7,4500,14
2026-09-29 22:46:00,CRUDEOIL,PE,9500.0,CRUDEOIL15OCT269500PE,950.5,950.5,950.5,950.5,0,14
2026-09-29 22:46:00,CRUDEOIL,CE,9550.0,CRUDEOIL15OCT269550CE,154.4,154.4,153.0,153.0,100,14
2026-09-29 22:46:00,CRUDEOIL,PE,9550.0,CRUDEOIL15OCT269550PE,990.0,990.0,990.0,990.0,0,14
2026-09-29 22:46:00,CRUDEOIL,CE,9600.0,CRUDEOIL15OCT269600CE,144.4,144.4,143.0,143.0,1000,14
2026-09-29 22:46:00,CRUDEOIL,PE,9600.0,CRUDEOIL15OCT269600PE,1028.3,1028.3,1028.3,1028.3,0,14
2026-09-29 22:46:00,CRUDEOIL,CE,9650.0,CRUDEOIL15OCT269650CE,134.9,134.9,134.9,134.9,0,14
2026-09-29 22:46:00,CRUDEOIL,PE,9650.0,CRUDEOIL15OCT269650PE,818.0,818.0,818.0,818.0,0,14
2026-09-29 22:46:00,CRUDEOIL,CE,9700.0,CRUDEOIL15OCT269700CE,127.3,127.3,126.3,126.9,300,14
2026-09-29 22:46:00,CRUDEOIL,PE,9700.0,CRUDEOIL15OCT269700PE,1094.0,1094.0,1094.0,1094.0,0,14
2026-09-29 22:46:00,CRUDEOIL,CE,9750.0,CRUDEOIL15OCT269750CE,119.3,119.3,118.2,118.2,300,14
2026-09-29 22:46:00,CRUDEOIL,PE,9750.0,CRUDEOIL15OCT269750PE,916.3,916.3,916.3,916.3,0,14
2026-09-29 22:46:00,CRUDEOIL,CE,9800.0,CRUDEOIL15OCT269800CE,111.9,111.9,110.9,111.1,300,14
2026-09-29 22:46:00,CRUDEOIL,PE,9800.0,CRUDEOIL15OCT269800PE,1222.6,1222.6,1222.6,1222.6,0,14
2026-09-29 22:46:00,CRUDEOIL,CE,9850.0,CRUDEOIL15OCT269850CE,104.7,105.2,104.6,104.6,700,14
2026-09-29 22:46:00,CRUDEOIL,PE,9850.0,CRUDEOIL15OCT269850PE,970.4,970.4,970.4,970.4,0,14
2026-09-29 22:46:00,CRUDEOIL,CE,9900.0,CRUDEOIL15OCT269900CE,99.4,99.4,98.0,98.0,1200,14
2026-09-29 22:46:00,CRUDEOIL,PE,9900.0,CRUDEOIL15OCT269900PE,1293.1,1293.1,1293.1,1293.1,0,14
2026-09-29 22:46:00,CRUDEOIL,CE,9950.0,CRUDEOIL15OCT269950CE,92.3,92.3,91.5,92.3,400,14
2026-09-29 22:46:00,CRUDEOIL,PE,9950.0,CRUDEOIL15OCT269950PE,1038.7,1038.7,1038.7,1038.7,0,14
2026-09-29 22:46:00,CRUDEOILM,FUT,0.0,CRUDEOILM19OCT26FUT,8712.0,8716.0,8708.0,8713.0,830,14
2026-09-29 22:46:00,CRUDEOILM,CE,9350.0,CRUDEOILM15OCT269350CE,207.7,207.7,206.1,206.1,120,14
2026-09-29 22:46:00,CRUDEOILM,PE,9350.0,CRUDEOILM15OCT269350PE,851.15,851.15,851.15,851.15,0,14
2026-09-29 22:46:00,CRUDEOILM,CE,9400.0,CRUDEOILM15OCT269400CE,194.3,194.3,192.7,192.7,70,14
2026-09-29 22:46:00,CRUDEOILM,PE,9400.0,CRUDEOILM15OCT269400PE,899.75,899.75,899.75,899.75,0,14
2026-09-29 22:46:00,CRUDEOILM,CE,9450.0,CRUDEOILM15OCT269450CE,182.3,182.5,180.5,180.5,50,14
2026-09-29 22:46:00,CRUDEOILM,PE,9450.0,CRUDEOILM15OCT269450PE,912.5,912.5,912.5,912.5,0,14
2026-09-29 22:46:00,CRUDEOILM,CE,9500.0,CRUDEOILM15OCT269500CE,169.75,169.75,168.0,168.0,760,14
2026-09-29 22:46:00,CRUDEOILM,PE,9500.0,CRUDEOILM15OCT269500PE,956.85,956.85,956.85,956.85,0,14
2026-09-29 22:46:00,CRUDEOILM,CE,9550.0,CRUDEOILM15OCT269550CE,158.3,158.4,158.3,158.4,10,14
2026-09-29 22:46:00,CRUDEOILM,PE,9550.0,CRUDEOILM15OCT269550PE,960.85,960.85,960.85,960.85,0,14
2026-09-29 22:46:00,CRUDEOILM,CE,9600.0,CRUDEOILM15OCT269600CE,150.0,150.0,148.0,148.0,130,14
2026-09-29 22:46:00,CRUDEOILM,PE,9600.0,CRUDEOILM15OCT269600PE,1004.2,1004.2,1004.2,1004.2,0,14
2026-09-29 22:46:00,CRUDEOILM,CE,9650.0,CRUDEOILM15OCT269650CE,140.45,140.45,140.45,140.45,0,14
2026-09-29 22:46:00,CRUDEOILM,PE,9650.0,CRUDEOILM15OCT269650PE,1015.65,1015.65,1015.65,1015.65,0,14
2026-09-29 22:46:00,CRUDEOILM,CE,9700.0,CRUDEOILM15OCT269700CE,131.25,131.25,129.95,129.95,100,14
2026-09-29 22:46:00,CRUDEOILM,PE,9700.0,CRUDEOILM15OCT269700PE,1112.1,1112.1,1112.1,1112.1,0,14
2026-09-29 22:46:00,CRUDEOILM,CE,9750.0,CRUDEOILM15OCT269750CE,122.8,122.8,122.8,122.8,0,14
2026-09-29 22:46:00,CRUDEOILM,PE,9750.0,CRUDEOILM15OCT269750PE,1004.7,1004.7,1004.7,1004.7,0,14
2026-09-29 22:46:00,CRUDEOILM,CE,9800.0,CRUDEOILM15OCT269800CE,115.65,115.65,113.85,114.15,380,14
2026-09-29 22:46:00,CRUDEOILM,PE,9800.0,CRUDEOILM15OCT269800PE,1124.5,1124.5,1124.5,1124.5,0,14
2026-09-29 22:46:00,CRUDEOILM,CE,9850.0,CRUDEOILM15OCT269850CE,108.3,108.3,106.85,106.85,400,14
2026-09-29 22:46:00,CRUDEOILM,PE,9850.0,CRUDEOILM15OCT269850PE,1089.85,1089.85,1089.85,1089.85,0,14
2026-09-29 22:46:00,CRUDEOILM,CE,9900.0,CRUDEOILM15OCT269900CE,102.0,102.0,101.0,101.0,60,14
2026-09-29 22:46:00,CRUDEOILM,PE,9900.0,CRUDEOILM15OCT269900PE,1235.05,1235.05,1235.05,1235.05,0,14
2026-09-29 22:46:00,CRUDEOILM,CE,9950.0,CRUDEOILM15OCT269950CE,94.55,94.55,94.55,94.55,20,14
2026-09-29 22:46:00,CRUDEOILM,PE,9950.0,CRUDEOILM15OCT269950PE,1022.6,1022.6,1022.6,1022.6,0,14
2026-09-29 22:47:00,CRUDEOIL,FUT,0.0,CRUDEOIL19OCT26FUT,8715.0,8715.0,8704.0,8704.0,1700,15
2026-09-29 22:47:00,CRUDEOIL,CE,9350.0,CRUDEOIL15OCT269350CE,200.7,200.7,200.7,200.7,0,15
2026-09-29 22:47:00,CRUDEOIL,PE,9350.0,CRUDEOIL15OCT269350PE,838.0,838.0,838.0,838.0,0,15
2026-09-29 22:47:00,CRUDEOIL,CE,9400.0,CRUDEOIL15OCT269400CE,186.1,186.2,182.4,182.4,7000,15
2026-09-29 22:47:00,CRUDEOIL,PE,9400.0,CRUDEOIL15OCT269400PE,887.1,887.1,887.1,887.1,0,15
2026-09-29 22:47:00,CRUDEOIL,CE,9450.0,CRUDEOIL15OCT269450CE,175.2,175.2,170.8,170.8,700,15
2026-09-29 22:47:00,CRUDEOIL,PE,9450.0,CRUDEOIL15OCT269450PE,779.2,779.2,779.2,779.2,0,15
2026-09-29 22:47:00,CRUDEOIL,CE,9500.0,CRUDEOIL15OCT269500CE,161.7,161.8,157.8,157.8,27600,15
2026-09-29 22:47:00,CRUDEOIL,PE,9500.0,CRUDEOIL15OCT269500PE,950.5,950.5,945.6,945.6,100,15
2026-09-29 22:47:00,CRUDEOIL,CE,9550.0,CRUDEOIL15OCT269550CE,153.0,153.0,153.0,153.0,0,15
2026-09-29 22:47:00,CRUDEOIL,PE,9550.0,CRUDEOIL15OCT269550PE,990.0,990.0,990.0,990.0,0,15
2026-09-29 22:47:00,CRUDEOIL,CE,9600.0,CRUDEOIL15OCT269600CE,143.0,143.2,139.6,139.6,4000,15
2026-09-29 22:47:00,CRUDEOIL,PE,9600.0,CRUDEOIL15OCT269600PE,1028.3,1028.3,1028.3,1028.3,0,15
2026-09-29 22:47:00,CRUDEOIL,CE,9650.0,CRUDEOIL15OCT269650CE,134.9,134.9,131.5,131.5,1000,15
2026-09-29 22:47:00,CRUDEOIL,PE,9650.0,CRUDEOIL15OCT269650PE,818.0,818.0,818.0,818.0,0,15
2026-09-29 22:47:00,CRUDEOIL,CE,9700.0,CRUDEOIL15OCT269700CE,126.9,126.9,123.0,123.0,2300,15
2026-09-29 22:47:00,CRUDEOIL,PE,9700.0,CRUDEOIL15OCT269700PE,1094.0,1094.0,1094.0,1094.0,0,15
2026-09-29 22:47:00,CRUDEOIL,CE,9750.0,CRUDEOIL15OCT269750CE,118.2,118.2,117.1,117.1,100,15
2026-09-29 22:47:00,CRUDEOIL,PE,9750.0,CRUDEOIL15OCT269750PE,916.3,916.3,916.3,916.3,0,15
2026-09-29 22:47:00,CRUDEOIL,CE,9800.0,CRUDEOIL15OCT269800CE,110.3,110.9,108.1,108.3,1700,15
2026-09-29 22:47:00,CRUDEOIL,PE,9800.0,CRUDEOIL15OCT269800PE,1222.6,1222.6,1222.6,1222.6,0,15
2026-09-29 22:47:00,CRUDEOIL,CE,9850.0,CRUDEOIL15OCT269850CE,104.6,104.6,102.1,102.1,500,15
2026-09-29 22:47:00,CRUDEOIL,PE,9850.0,CRUDEOIL15OCT269850PE,970.4,970.4,970.4,970.4,0,15
2026-09-29 22:47:00,CRUDEOIL,CE,9900.0,CRUDEOIL15OCT269900CE,98.0,98.0,96.0,96.0,1000,15
2026-09-29 22:47:00,CRUDEOIL,PE,9900.0,CRUDEOIL15OCT269900PE,1293.1,1293.1,1293.1,1293.1,0,15
2026-09-29 22:47:00,CRUDEOIL,CE,9950.0,CRUDEOIL15OCT269950CE,92.3,92.3,90.0,90.0,300,15
2026-09-29 22:47:00,CRUDEOIL,PE,9950.0,CRUDEOIL15OCT269950PE,1038.7,1038.7,1038.7,1038.7,0,15
2026-09-29 22:47:00,CRUDEOILM,FUT,0.0,CRUDEOILM19OCT26FUT,8714.0,8716.0,8705.0,8705.0,980,15
2026-09-29 22:47:00,CRUDEOILM,CE,9350.0,CRUDEOILM15OCT269350CE,206.1,206.1,201.95,201.95,390,15
2026-09-29 22:47:00,CRUDEOILM,PE,9350.0,CRUDEOILM15OCT269350PE,851.15,851.15,851.15,851.15,0,15
2026-09-29 22:47:00,CRUDEOILM,CE,9400.0,CRUDEOILM15OCT269400CE,192.7,192.7,188.8,188.8,580,15
2026-09-29 22:47:00,CRUDEOILM,PE,9400.0,CRUDEOILM15OCT269400PE,899.75,899.75,899.75,899.75,0,15
2026-09-29 22:47:00,CRUDEOILM,CE,9450.0,CRUDEOILM15OCT269450CE,180.65,180.65,178.0,178.0,20,15
2026-09-29 22:47:00,CRUDEOILM,PE,9450.0,CRUDEOILM15OCT269450PE,912.5,912.5,912.5,912.5,0,15
2026-09-29 22:47:00,CRUDEOILM,CE,9500.0,CRUDEOILM15OCT269500CE,168.0,168.0,164.0,164.0,1930,15
2026-09-29 22:47:00,CRUDEOILM,PE,9500.0,CRUDEOILM15OCT269500PE,956.85,956.85,956.85,956.85,0,15
2026-09-29 22:47:00,CRUDEOILM,CE,9550.0,CRUDEOILM15OCT269550CE,158.4,158.4,155.4,155.4,360,15
2026-09-29 22:47:00,CRUDEOILM,PE,9550.0,CRUDEOILM15OCT269550PE,960.85,960.85,960.85,960.85,0,15
2026-09-29 22:47:00,CRUDEOILM,CE,9600.0,CRUDEOILM15OCT269600CE,148.0,148.75,146.15,146.15,130,15
2026-09-29 22:47:00,CRUDEOILM,PE,9600.0,CRUDEOILM15OCT269600PE,1004.2,1004.2,1004.2,1004.2,0,15
2026-09-29 22:47:00,CRUDEOILM,CE,9650.0,CRUDEOILM15OCT269650CE,140.45,140.45,139.4,139.4,10,15
2026-09-29 22:47:00,CRUDEOILM,PE,9650.0,CRUDEOILM15OCT269650PE,1015.65,1015.65,1015.65,1015.65,0,15
2026-09-29 22:47:00,CRUDEOILM,CE,9700.0,CRUDEOILM15OCT269700CE,129.95,129.95,126.95,126.95,50,15
2026-09-29 22:47:00,CRUDEOILM,PE,9700.0,CRUDEOILM15OCT269700PE,1112.1,1112.1,1112.1,1112.1,0,15
2026-09-29 22:47:00,CRUDEOILM,CE,9750.0,CRUDEOILM15OCT269750CE,122.8,122.8,119.15,119.15,540,15
2026-09-29 22:47:00,CRUDEOILM,PE,9750.0,CRUDEOILM15OCT269750PE,1004.7,1004.7,1004.7,1004.7,0,15
2026-09-29 22:47:00,CRUDEOILM,CE,9800.0,CRUDEOILM15OCT269800CE,114.15,114.4,111.75,111.75,1160,15
2026-09-29 22:47:00,CRUDEOILM,PE,9800.0,CRUDEOILM15OCT269800PE,1124.5,1124.5,1124.5,1124.5,0,15
2026-09-29 22:47:00,CRUDEOILM,CE,9850.0,CRUDEOILM15OCT269850CE,106.85,106.9,106.55,106.55,60,15
2026-09-29 22:47:00,CRUDEOILM,PE,9850.0,CRUDEOILM15OCT269850PE,1089.85,1089.85,1089.85,1089.85,0,15
2026-09-29 22:47:00,CRUDEOILM,CE,9900.0,CRUDEOILM15OCT269900CE,101.0,101.0,98.25,98.25,270,15
2026-09-29 22:47:00,CRUDEOILM,PE,9900.0,CRUDEOILM15OCT269900PE,1235.05,1235.05,1235.05,1235.05,0,15
2026-09-29 22:47:00,CRUDEOILM,CE,9950.0,CRUDEOILM15OCT269950CE,94.55,94.55,94.55,94.55,0,15
2026-09-29 22:47:00,CRUDEOILM,PE,9950.0,CRUDEOILM15OCT269950PE,1022.6,1022.6,1022.6,1022.6,0,15
2026-09-29 22:48:00,CRUDEOIL,FUT,0.0,CRUDEOIL19OCT26FUT,8704.0,8705.0,8695.0,8695.0,4100,14
2026-09-29 22:48:00,CRUDEOIL,CE,9350.0,CRUDEOIL15OCT269350CE,195.1,195.8,192.0,192.0,900,14
2026-09-29 22:48:00,CRUDEOIL,PE,9350.0,CRUDEOIL15OCT269350PE,838.0,838.0,838.0,838.0,0,14
2026-09-29 22:48:00,CRUDEOIL,CE,9400.0,CRUDEOIL15OCT269400CE,183.6,183.6,179.8,179.8,6400,14
2026-09-29 22:48:00,CRUDEOIL,PE,9400.0,CRUDEOIL15OCT269400PE,887.1,887.1,887.1,887.1,0,14
2026-09-29 22:48:00,CRUDEOIL,CE,9450.0,CRUDEOIL15OCT269450CE,170.8,170.8,170.8,170.8,100,14
2026-09-29 22:48:00,CRUDEOIL,PE,9450.0,CRUDEOIL15OCT269450PE,779.2,779.2,779.2,779.2,0,14
2026-09-29 22:48:00,CRUDEOIL,CE,9500.0,CRUDEOIL15OCT269500CE,158.3,158.9,154.6,154.6,10600,14
2026-09-29 22:48:00,CRUDEOIL,PE,9500.0,CRUDEOIL15OCT269500PE,945.6,954.0,945.6,954.0,500,14
2026-09-29 22:48:00,CRUDEOIL,CE,9550.0,CRUDEOIL15OCT269550CE,153.0,153.0,146.3,146.3,1400,14
2026-09-29 22:48:00,CRUDEOIL,PE,9550.0,CRUDEOIL15OCT269550PE,990.0,990.0,990.0,990.0,0,14
2026-09-29 22:48:00,CRUDEOIL,CE,9600.0,CRUDEOIL15OCT269600CE,140.1,140.1,136.8,136.8,1100,14
2026-09-29 22:48:00,CRUDEOIL,PE,9600.0,CRUDEOIL15OCT269600PE,1028.3,1028.3,1028.3,1028.3,0,14
2026-09-29 22:48:00,CRUDEOIL,CE,9650.0,CRUDEOIL15OCT269650CE,131.5,131.5,129.0,129.0,500,14
2026-09-29 22:48:00,CRUDEOIL,PE,9650.0,CRUDEOIL15OCT269650PE,818.0,818.0,818.0,818.0,0,14
2026-09-29 22:48:00,CRUDEOIL,CE,9700.0,CRUDEOIL15OCT269700CE,122.9,123.4,121.2,121.2,1900,14
2026-09-29 22:48:00,CRUDEOIL,PE,9700.0,CRUDEOIL15OCT269700PE,1094.0,1094.0,1094.0,1094.0,0,14
2026-09-29 22:48:00,CRUDEOIL,CE,9750.0,CRUDEOIL15OCT269750CE,117.1,117.1,114.3,114.3,500,14
2026-09-29 22:48:00,CRUDEOIL,PE,9750.0,CRUDEOIL15OCT269750PE,916.3,916.3,916.3,916.3,0,14
2026-09-29 22:48:00,CRUDEOIL,CE,9800.0,CRUDEOIL15OCT269800CE,108.3,108.3,106.0,106.0,2400,14
2026-09-29 22:48:00,CRUDEOIL,PE,9800.0,CRUDEOIL15OCT269800PE,1222.6,1222.6,1222.6,1222.6,0,14
2026-09-29 22:48:00,CRUDEOIL,CE,9850.0,CRUDEOIL15OCT269850CE,102.1,102.7,98.8,98.8,1300,14
2026-09-29 22:48:00,CRUDEOIL,PE,9850.0,CRUDEOIL15OCT269850PE,970.4,970.4,970.4,970.4,0,14
2026-09-29 22:48:00,CRUDEOIL,CE,9900.0,CRUDEOIL15OCT269900CE,95.7,96.4,94.0,94.0,4200,14
2026-09-29 22:48:00,CRUDEOIL,PE,9900.0,CRUDEOIL15OCT269900PE,1293.1,1293.1,1293.1,1293.1,0,14
2026-09-29 22:48:00,CRUDEOIL,CE,9950.0,CRUDEOIL15OCT269950CE,90.0,90.0,89.0,89.0,200,14
2026-09-29 22:48:00,CRUDEOIL,PE,9950.0,CRUDEOIL15OCT269950PE,1038.7,1038.7,1038.7,1038.7,0,14
2026-09-29 22:48:00,CRUDEOILM,FUT,0.0,CRUDEOILM19OCT26FUT,8708.0,8709.0,8696.0,8696.0,3120,14
2026-09-29 22:48:00,CRUDEOILM,CE,9350.0,CRUDEOILM15OCT269350CE,201.95,202.65,197.8,197.8,410,14
2026-09-29 22:48:00,CRUDEOILM,PE,9350.0,CRUDEOILM15OCT269350PE,851.15,851.15,850.0,850.0,30,14
2026-09-29 22:48:00,CRUDEOILM,CE,9400.0,CRUDEOILM15OCT269400CE,189.2,189.25,186.65,186.65,310,14
2026-09-29 22:48:00,CRUDEOILM,PE,9400.0,CRUDEOILM15OCT269400PE,899.75,899.75,899.75,899.75,0,14
2026-09-29 22:48:00,CRUDEOILM,CE,9450.0,CRUDEOILM15OCT269450CE,177.7,177.7,172.55,172.55,830,14
2026-09-29 22:48:00,CRUDEOILM,PE,9450.0,CRUDEOILM15OCT269450PE,912.5,912.5,912.5,912.5,0,14
2026-09-29 22:48:00,CRUDEOILM,CE,9500.0,CRUDEOILM15OCT269500CE,164.05,165.5,162.15,162.35,3010,14
2026-09-29 22:48:00,CRUDEOILM,PE,9500.0,CRUDEOILM15OCT269500PE,956.85,956.85,956.85,956.85,0,14
2026-09-29 22:48:00,CRUDEOILM,CE,9550.0,CRUDEOILM15OCT269550CE,154.5,154.95,152.15,152.15,80,14
2026-09-29 22:48:00,CRUDEOILM,PE,9550.0,CRUDEOILM15OCT269550PE,960.85,960.85,960.85,960.85,0,14
2026-09-29 22:48:00,CRUDEOILM,CE,9600.0,CRUDEOILM15OCT269600CE,146.15,146.15,142.75,142.75,1330,14
2026-09-29 22:48:00,CRUDEOILM,PE,9600.0,CRUDEOILM15OCT269600PE,1004.2,1004.2,1004.2,1004.2,0,14
2026-09-29 22:48:00,CRUDEOILM,CE,9650.0,CRUDEOILM15OCT269650CE,139.4,139.4,133.7,133.7,150,14
2026-09-29 22:48:00,CRUDEOILM,PE,9650.0,CRUDEOILM15OCT269650PE,1015.65,1015.65,1015.65,1015.65,0,14
2026-09-29 22:48:00,CRUDEOILM,CE,9700.0,CRUDEOILM15OCT269700CE,126.95,126.95,124.4,124.4,500,14
2026-09-29 22:48:00,CRUDEOILM,PE,9700.0,CRUDEOILM15OCT269700PE,1112.1,1112.1,1112.1,1112.1,0,14
2026-09-29 22:48:00,CRUDEOILM,CE,9750.0,CRUDEOILM15OCT269750CE,119.8,119.8,117.55,117.55,750,14
2026-09-29 22:48:00,CRUDEOILM,PE,9750.0,CRUDEOILM15OCT269750PE,1004.7,1004.7,1004.7,1004.7,0,14
2026-09-29 22:48:00,CRUDEOILM,CE,9800.0,CRUDEOILM15OCT269800CE,111.75,112.15,109.55,109.55,270,14
2026-09-29 22:48:00,CRUDEOILM,PE,9800.0,CRUDEOILM15OCT269800PE,1124.5,1124.5,1124.5,1124.5,0,14
2026-09-29 22:48:00,CRUDEOILM,CE,9850.0,CRUDEOILM15OCT269850CE,106.55,106.55,103.4,103.4,140,14
2026-09-29 22:48:00,CRUDEOILM,PE,9850.0,CRUDEOILM15OCT269850PE,1089.85,1089.85,1089.85,1089.85,0,14
2026-09-29 22:48:00,CRUDEOILM,CE,9900.0,CRUDEOILM15OCT269900CE,98.25,98.6,96.25,96.25,100,14
2026-09-29 22:48:00,CRUDEOILM,PE,9900.0,CRUDEOILM15OCT269900PE,1235.05,1235.05,1235.05,1235.05,0,14
2026-09-29 22:48:00,CRUDEOILM,CE,9950.0,CRUDEOILM15OCT269950CE,94.55,94.55,92.45,92.45,30,14
2026-09-29 22:48:00,CRUDEOILM,PE,9950.0,CRUDEOILM15OCT269950PE,1022.6,1022.6,1022.6,1022.6,0,14
2026-09-29 22:49:00,CRUDEOIL,FUT,0.0,CRUDEOIL19OCT26FUT,8694.0,8702.0,8682.0,8702.0,19400,14
2026-09-29 22:49:00,CRUDEOIL,CE,9350.0,CRUDEOIL15OCT269350CE,192.0,192.9,189.3,192.9,3200,14
2026-09-29 22:49:00,CRUDEOIL,PE,9350.0,CRUDEOIL15OCT269350PE,838.0,838.0,838.0,838.0,0,14
2026-09-29 22:49:00,CRUDEOIL,CE,9400.0,CRUDEOIL15OCT269400CE,178.4,181.0,175.7,181.0,4900,14
2026-09-29 22:49:00,CRUDEOIL,PE,9400.0,CRUDEOIL15OCT269400PE,887.1,887.1,887.1,887.1,0,14
2026-09-29 22:49:00,CRUDEOIL,CE,9450.0,CRUDEOIL15OCT269450CE,170.8,170.8,164.0,169.0,900,14
2026-09-29 22:49:00,CRUDEOIL,PE,9450.0,CRUDEOIL15OCT269450PE,779.2,779.2,779.2,779.2,0,14
2026-09-29 22:49:00,CRUDEOIL,CE,9500.0,CRUDEOIL15OCT269500CE,154.8,157.4,152.0,156.2,22000,14
2026-09-29 22:49:00,CRUDEOIL,PE,9500.0,CRUDEOIL15OCT269500PE,954.0,955.0,954.0,955.0,100,14
2026-09-29 22:49:00,CRUDEOIL,CE,9550.0,CRUDEOIL15OCT269550CE,146.3,148.0,143.6,148.0,1100,14
2026-09-29 22:49:00,CRUDEOIL,PE,9550.0,CRUDEOIL15OCT269550PE,990.0,990.0,990.0,990.0,0,14
2026-09-29 22:49:00,CRUDEOIL,CE,9600.0,CRUDEOIL15OCT269600CE,136.8,138.3,135.0,138.3,10200,14
2026-09-29 22:49:00,CRUDEOIL,PE,9600.0,CRUDEOIL15OCT269600PE,1028.3,1028.3,1028.3,1028.3,0,14
2026-09-29 22:49:00,CRUDEOIL,CE,9650.0,CRUDEOIL15OCT269650CE,129.0,130.0,126.5,130.0,800,14
2026-09-29 22:49:00,CRUDEOIL,PE,9650.0,CRUDEOIL15OCT269650PE,818.0,818.0,818.0,818.0,0,14
2026-09-29 22:49:00,CRUDEOIL,CE,9700.0,CRUDEOIL15OCT269700CE,121.2,121.6,117.9,121.6,5200,14
2026-09-29 22:49:00,CRUDEOIL,PE,9700.0,CRUDEOIL15OCT269700PE,1094.0,1094.0,1094.0,1094.0,0,14
2026-09-29 22:49:00,CRUDEOIL,CE,9750.0,CRUDEOIL15OCT269750CE,114.3,114.3,110.3,114.1,2100,14
2026-09-29 22:49:00,CRUDEOIL,PE,9750.0,CRUDEOIL15OCT269750PE,916.3,916.3,916.3,916.3,0,14
2026-09-29 22:49:00,CRUDEOIL,CE,9800.0,CRUDEOIL15OCT269800CE,105.9,106.6,103.8,106.2,7100,14
2026-09-29 22:49:00,CRUDEOIL,PE,9800.0,CRUDEOIL15OCT269800PE,1222.6,1222.6,1222.6,1222.6,0,14
2026-09-29 22:49:00,CRUDEOIL,CE,9850.0,CRUDEOIL15OCT269850CE,98.8,99.8,97.6,99.8,1500,14
2026-09-29 22:49:00,CRUDEOIL,PE,9850.0,CRUDEOIL15OCT269850PE,970.4,970.4,970.4,970.4,0,14
2026-09-29 22:49:00,CRUDEOIL,CE,9900.0,CRUDEOIL15OCT269900CE,94.0,95.0,91.9,95.0,2200,14
2026-09-29 22:49:00,CRUDEOIL,PE,9900.0,CRUDEOIL15OCT269900PE,1293.1,1293.1,1293.1,1293.1,0,14
2026-09-29 22:49:00,CRUDEOIL,CE,9950.0,CRUDEOIL15OCT269950CE,86.5,87.7,85.4,87.7,200,14
2026-09-29 22:49:00,CRUDEOIL,PE,9950.0,CRUDEOIL15OCT269950PE,1038.7,1038.7,1038.7,1038.7,0,14
2026-09-29 22:49:00,CRUDEOILM,FUT,0.0,CRUDEOILM19OCT26FUT,8699.0,8700.0,8683.0,8699.0,6020,14
2026-09-29 22:49:00,CRUDEOILM,CE,9350.0,CRUDEOILM15OCT269350CE,197.8,200.65,194.35,200.25,540,14
2026-09-29 22:49:00,CRUDEOILM,PE,9350.0,CRUDEOILM15OCT269350PE,850.0,850.0,849.95,849.95,10,14
2026-09-29 22:49:00,CRUDEOILM,CE,9400.0,CRUDEOILM15OCT269400CE,186.65,187.1,180.9,187.1,570,14
2026-09-29 22:49:00,CRUDEOILM,PE,9400.0,CRUDEOILM15OCT269400PE,899.75,899.75,899.75,899.75,0,14
2026-09-29 22:49:00,CRUDEOILM,CE,9450.0,CRUDEOILM15OCT269450CE,172.55,175.85,170.0,175.85,730,14
2026-09-29 22:49:00,CRUDEOILM,PE,9450.0,CRUDEOILM15OCT269450PE,912.5,912.5,912.5,912.5,0,14
2026-09-29 22:49:00,CRUDEOILM,CE,9500.0,CRUDEOILM15OCT269500CE,161.35,162.7,158.0,162.7,3430,14
2026-09-29 22:49:00,CRUDEOILM,PE,9500.0,CRUDEOILM15OCT269500PE,956.85,969.1,956.85,969.1,50,14
2026-09-29 22:49:00,CRUDEOILM,CE,9550.0,CRUDEOILM15OCT269550CE,152.15,153.55,148.95,153.55,1630,14
2026-09-29 22:49:00,CRUDEOILM,PE,9550.0,CRUDEOILM15OCT269550PE,960.85,960.85,960.85,960.85,0,14
2026-09-29 22:49:00,CRUDEOILM,CE,9600.0,CRUDEOILM15OCT269600CE,142.8,144.0,139.95,144.0,1490,14
2026-09-29 22:49:00,CRUDEOILM,PE,9600.0,CRUDEOILM15OCT269600PE,1004.2,1004.2,1004.2,1004.2,0,14
2026-09-29 22:49:00,CRUDEOILM,CE,9650.0,CRUDEOILM15OCT269650CE,133.2,135.0,130.9,135.0,270,14
2026-09-29 22:49:00,CRUDEOILM,PE,9650.0,CRUDEOILM15OCT269650PE,1015.65,1015.65,1015.65,1015.65,0,14
2026-09-29 22:49:00,CRUDEOILM,CE,9700.0,CRUDEOILM15OCT269700CE,124.55,125.7,122.0,125.4,1320,14
2026-09-29 22:49:00,CRUDEOILM,PE,9700.0,CRUDEOILM15OCT269700PE,1112.1,1112.1,1112.1,1112.1,0,14
2026-09-29 22:49:00,CRUDEOILM,CE,9750.0,CRUDEOILM15OCT269750CE,117.0,118.0,114.35,118.0,2080,14
2026-09-29 22:49:00,CRUDEOILM,PE,9750.0,CRUDEOILM15OCT269750PE,1004.7,1004.7,1004.7,1004.7,0,14
2026-09-29 22:49:00,CRUDEOILM,CE,9800.0,CRUDEOILM15OCT269800CE,109.55,110.75,107.0,110.75,1060,14
2026-09-29 22:49:00,CRUDEOILM,PE,9800.0,CRUDEOILM15OCT269800PE,1124.5,1124.5,1124.5,1124.5,0,14
2026-09-29 22:49:00,CRUDEOILM,CE,9850.0,CRUDEOILM15OCT269850CE,103.4,103.4,100.45,103.4,290,14
2026-09-29 22:49:00,CRUDEOILM,PE,9850.0,CRUDEOILM15OCT269850PE,1089.85,1089.85,1089.85,1089.85,0,14
2026-09-29 22:49:00,CRUDEOILM,CE,9900.0,CRUDEOILM15OCT269900CE,96.25,97.5,94.2,97.5,950,14
2026-09-29 22:49:00,CRUDEOILM,PE,9900.0,CRUDEOILM15OCT269900PE,1235.05,1235.05,1235.05,1235.05,0,14
2026-09-29 22:49:00,CRUDEOILM,CE,9950.0,CRUDEOILM15OCT269950CE,89.6,90.5,88.8,90.5,310,14
2026-09-29 22:49:00,CRUDEOILM,PE,9950.0,CRUDEOILM15OCT269950PE,1022.6,1022.6,1022.6,1022.6,0,14
2026-09-29 22:50:00,CRUDEOIL,FUT,0.0,CRUDEOIL19OCT26FUT,8702.0,8716.0,8702.0,8716.0,11500,14
2026-09-29 22:50:00,CRUDEOIL,CE,9350.0,CRUDEOIL15OCT269350CE,193.5,197.0,193.5,197.0,3100,14
2026-09-29 22:50:00,CRUDEOIL,PE,9350.0,CRUDEOIL15OCT269350PE,838.0,838.0,838.0,838.0,0,14
2026-09-29 22:50:00,CRUDEOIL,CE,9400.0,CRUDEOIL15OCT269400CE,180.3,183.6,180.3,183.6,5500,14
2026-09-29 22:50:00,CRUDEOIL,PE,9400.0,CRUDEOIL15OCT269400PE,887.1,887.1,887.1,887.1,0,14
2026-09-29 22:50:00,CRUDEOIL,CE,9450.0,CRUDEOIL15OCT269450CE,169.2,172.0,169.2,172.0,2700,14
2026-09-29 22:50:00,CRUDEOIL,PE,9450.0,CRUDEOIL15OCT269450PE,779.2,779.2,779.2,779.2,0,14
2026-09-29 22:50:00,CRUDEOIL,CE,9500.0,CRUDEOIL15OCT269500CE,156.0,159.7,156.0,159.7,18800,14
2026-09-29 22:50:00,CRUDEOIL,PE,9500.0,CRUDEOIL15OCT269500PE,955.0,955.0,955.0,955.0,0,14
2026-09-29 22:50:00,CRUDEOIL,CE,9550.0,CRUDEOIL15OCT269550CE,148.0,149.8,147.8,149.4,2000,14
2026-09-29 22:50:00,CRUDEOIL,PE,9550.0,CRUDEOIL15OCT269550PE,990.0,990.0,990.0,990.0,0,14
2026-09-29 22:50:00,CRUDEOIL,CE,9600.0,CRUDEOIL15OCT269600CE,138.4,140.0,138.4,139.4,2900,14
2026-09-29 22:50:00,CRUDEOIL,PE,9600.0,CRUDEOIL15OCT269600PE,1028.3,1028.3,1028.3,1028.3,0,14
2026-09-29 22:50:00,CRUDEOIL,CE,9650.0,CRUDEOIL15OCT269650CE,128.7,132.0,128.7,131.5,2000,14
2026-09-29 22:50:00,CRUDEOIL,PE,9650.0,CRUDEOIL15OCT269650PE,818.0,818.0,818.0,818.0,0,14
2026-09-29 22:50:00,CRUDEOIL,CE,9700.0,CRUDEOIL15OCT269700CE,121.6,124.0,121.0,124.0,3000,14
2026-09-29 22:50:00,CRUDEOIL,PE,9700.0,CRUDEOIL15OCT269700PE,1094.0,1094.0,1094.0,1094.0,0,14
2026-09-29 22:50:00,CRUDEOIL,CE,9750.0,CRUDEOIL15OCT269750CE,114.1,116.3,114.1,114.7,700,14
2026-09-29 22:50:00,CRUDEOIL,PE,9750.0,CRUDEOIL15OCT269750PE,916.3,916.3,916.3,916.3,0,14
2026-09-29 22:50:00,CRUDEOIL,CE,9800.0,CRUDEOIL15OCT269800CE,105.8,108.0,105.8,108.0,4700,14
2026-09-29 22:50:00,CRUDEOIL,PE,9800.0,CRUDEOIL15OCT269800PE,1222.6,1222.6,1222.6,1222.6,0,14
2026-09-29 22:50:00,CRUDEOIL,CE,9850.0,CRUDEOIL15OCT269850CE,99.8,102.0,99.8,102.0,800,14
2026-09-29 22:50:00,CRUDEOIL,PE,9850.0,CRUDEOIL15OCT269850PE,970.4,970.4,970.4,970.4,0,14
2026-09-29 22:50:00,CRUDEOIL,CE,9900.0,CRUDEOIL15OCT269900CE,94.7,96.4,94.7,96.4,1600,14
2026-09-29 22:50:00,CRUDEOIL,PE,9900.0,CRUDEOIL15OCT269900PE,1293.1,1293.1,1293.1,1293.1,0,14
2026-09-29 22:50:00,CRUDEOIL,CE,9950.0,CRUDEOIL15OCT269950CE,87.7,89.6,87.6,89.5,1200,14
2026-09-29 22:50:00,CRUDEOIL,PE,9950.0,CRUDEOIL15OCT269950PE,1038.7,1038.7,1038.7,1038.7,0,14
2026-09-29 22:50:00,CRUDEOILM,FUT,0.0,CRUDEOILM19OCT26FUT,8699.0,8715.0,8698.0,8715.0,3230,14
2026-09-29 22:50:00,CRUDEOILM,CE,9350.0,CRUDEOILM15OCT269350CE,199.7,204.6,199.7,204.5,430,14
2026-09-29 22:50:00,CRUDEOILM,PE,9350.0,CRUDEOILM15OCT269350PE,849.95,849.95,849.95,849.95,0,14
2026-09-29 22:50:00,CRUDEOILM,CE,9400.0,CRUDEOILM15OCT269400CE,187.1,190.85,186.4,190.85,830,14
2026-09-29 22:50:00,CRUDEOILM,PE,9400.0,CRUDEOILM15OCT269400PE,899.75,899.75,899.75,899.75,0,14
2026-09-29 22:50:00,CRUDEOILM,CE,9450.0,CRUDEOILM15OCT269450CE,175.85,178.45,175.15,176.8,290,14
2026-09-29 22:50:00,CRUDEOILM,PE,9450.0,CRUDEOILM15OCT269450PE,912.5,912.5,912.5,912.5,0,14
2026-09-29 22:50:00,CRUDEOILM,CE,9500.0,CRUDEOILM15OCT269500CE,162.75,165.8,162.55,165.8,1390,14
2026-09-29 22:50:00,CRUDEOILM,PE,9500.0,CRUDEOILM15OCT269500PE,969.1,969.1,950.5,950.5,20,14
2026-09-29 22:50:00,CRUDEOILM,CE,9550.0,CRUDEOILM15OCT269550CE,153.55,155.5,153.55,154.7,830,14
2026-09-29 22:50:00,CRUDEOILM,PE,9550.0,CRUDEOILM15OCT269550PE,960.85,960.85,960.85,960.85,0,14
2026-09-29 22:50:00,CRUDEOILM,CE,9600.0,CRUDEOILM15OCT269600CE,144.0,145.2,144.0,145.2,960,14
2026-09-29 22:50:00,CRUDEOILM,PE,9600.0,CRUDEOILM15OCT269600PE,1004.2,1004.2,1004.2,1004.2,0,14
2026-09-29 22:50:00,CRUDEOILM,CE,9650.0,CRUDEOILM15OCT269650CE,135.0,137.9,134.15,137.9,280,14
2026-09-29 22:50:00,CRUDEOILM,PE,9650.0,CRUDEOILM15OCT269650PE,1015.65,1015.65,1015.65,1015.65,0,14
2026-09-29 22:50:00,CRUDEOILM,CE,9700.0,CRUDEOILM15OCT269700CE,125.35,127.2,125.35,126.35,300,14
2026-09-29 22:50:00,CRUDEOILM,PE,9700.0,CRUDEOILM15OCT269700PE,1112.1,1112.1,1112.1,1112.1,0,14
2026-09-29 22:50:00,CRUDEOILM,CE,9750.0,CRUDEOILM15OCT269750CE,118.0,120.0,118.0,119.6,230,14
2026-09-29 22:50:00,CRUDEOILM,PE,9750.0,CRUDEOILM15OCT269750PE,1004.7,1004.7,1004.7,1004.7,0,14
2026-09-29 22:50:00,CRUDEOILM,CE,9800.0,CRUDEOILM15OCT269800CE,110.75,112.3,110.75,112.0,260,14
2026-09-29 22:50:00,CRUDEOILM,PE,9800.0,CRUDEOILM15OCT269800PE,1124.5,1124.5,1124.5,1124.5,0,14
2026-09-29 22:50:00,CRUDEOILM,CE,9850.0,CRUDEOILM15OCT269850CE,103.4,105.25,103.4,105.25,250,14
2026-09-29 22:50:00,CRUDEOILM,PE,9850.0,CRUDEOILM15OCT269850PE,1089.85,1089.85,1089.85,1089.85,0,14
2026-09-29 22:50:00,CRUDEOILM,CE,9900.0,CRUDEOILM15OCT269900CE,97.5,99.6,97.3,99.6,2400,14
2026-09-29 22:50:00,CRUDEOILM,PE,9900.0,CRUDEOILM15OCT269900PE,1235.05,1235.05,1235.05,1235.05,0,14
2026-09-29 22:50:00,CRUDEOILM,CE,9950.0,CRUDEOILM15OCT269950CE,90.5,93.15,90.5,93.15,40,14
2026-09-29 22:50:00,CRUDEOILM,PE,9950.0,CRUDEOILM15OCT269950PE,1022.6,1022.6,1022.6,1022.6,0,14
2026-09-29 22:51:00,CRUDEOIL,FUT,0.0,CRUDEOIL19OCT26FUT,8716.0,8718.0,8714.0,8717.0,1900,5
2026-09-29 22:51:00,CRUDEOIL,CE,9350.0,CRUDEOIL15OCT269350CE,197.7,197.7,197.0,197.0,100,5
2026-09-29 22:51:00,CRUDEOIL,PE,9350.0,CRUDEOIL15OCT269350PE,838.0,838.0,838.0,838.0,0,5
2026-09-29 22:51:00,CRUDEOIL,CE,9400.0,CRUDEOIL15OCT269400CE,183.6,183.9,183.1,183.9,400,5
2026-09-29 22:51:00,CRUDEOIL,PE,9400.0,CRUDEOIL15OCT269400PE,887.1,887.1,887.1,887.1,0,5
2026-09-29 22:51:00,CRUDEOIL,CE,9450.0,CRUDEOIL15OCT269450CE,172.0,172.0,172.0,172.0,200,5
2026-09-29 22:51:00,CRUDEOIL,PE,9450.0,CRUDEOIL15OCT269450PE,779.2,779.2,779.2,779.2,0,5
2026-09-29 22:51:00,CRUDEOIL,CE,9500.0,CRUDEOIL15OCT269500CE,159.7,159.7,159.2,159.5,800,5
2026-09-29 22:51:00,CRUDEOIL,PE,9500.0,CRUDEOIL15OCT269500PE,939.0,939.0,939.0,939.0,0,5
2026-09-29 22:51:00,CRUDEOIL,CE,9550.0,CRUDEOIL15OCT269550CE,149.4,149.4,149.4,149.4,0,5
2026-09-29 22:51:00,CRUDEOIL,PE,9550.0,CRUDEOIL15OCT269550PE,990.0,990.0,990.0,990.0,0,5
2026-09-29 22:51:00,CRUDEOIL,CE,9600.0,CRUDEOIL15OCT269600CE,141.1,141.1,140.6,141.0,900,5
2026-09-29 22:51:00,CRUDEOIL,PE,9600.0,CRUDEOIL15OCT269600PE,1028.3,1028.3,1028.3,1028.3,0,5
2026-09-29 22:51:00,CRUDEOIL,CE,9650.0,CRUDEOIL15OCT269650CE,131.5,132.7,131.5,132.7,100,5
2026-09-29 22:51:00,CRUDEOIL,PE,9650.0,CRUDEOIL15OCT269650PE,818.0,818.0,818.0,818.0,0,5
2026-09-29 22:51:00,CRUDEOIL,CE,9700.0,CRUDEOIL15OCT269700CE,124.0,124.0,124.0,124.0,0,5
2026-09-29 22:51:00,CRUDEOIL,PE,9700.0,CRUDEOIL15OCT269700PE,1094.0,1094.0,1094.0,1094.0,0,5
2026-09-29 22:51:00,CRUDEOIL,CE,9750.0,CRUDEOIL15OCT269750CE,114.7,114.7,114.7,114.7,0,5
2026-09-29 22:51:00,CRUDEOIL,PE,9750.0,CRUDEOIL15OCT269750PE,916.3,916.3,916.3,916.3,0,5
2026-09-29 22:51:00,CRUDEOIL,CE,9800.0,CRUDEOIL15OCT269800CE,108.2,108.2,108.2,108.2,0,5
2026-09-29 22:51:00,CRUDEOIL,PE,9800.0,CRUDEOIL15OCT269800PE,1222.6,1222.6,1222.6,1222.6,0,5
2026-09-29 22:51:00,CRUDEOIL,CE,9850.0,CRUDEOIL15OCT269850CE,102.0,102.5,102.0,102.5,100,5
2026-09-29 22:51:00,CRUDEOIL,PE,9850.0,CRUDEOIL15OCT269850PE,970.4,970.4,970.4,970.4,0,5
2026-09-29 22:51:00,CRUDEOIL,CE,9900.0,CRUDEOIL15OCT269900CE,96.4,96.4,96.4,96.4,0,5
2026-09-29 22:51:00,CRUDEOIL,PE,9900.0,CRUDEOIL15OCT269900PE,1293.1,1293.1,1293.1,1293.1,0,5
2026-09-29 22:51:00,CRUDEOIL,CE,9950.0,CRUDEOIL15OCT269950CE,89.5,89.5,89.5,89.5,0,5
2026-09-29 22:51:00,CRUDEOIL,PE,9950.0,CRUDEOIL15OCT269950PE,1038.7,1038.7,1038.7,1038.7,0,5
2026-09-29 22:51:00,CRUDEOILM,FUT,0.0,CRUDEOILM19OCT26FUT,8715.0,8717.0,8714.0,8715.0,570,5
2026-09-29 22:51:00,CRUDEOILM,CE,9350.0,CRUDEOILM15OCT269350CE,204.5,204.5,203.45,203.45,140,5
2026-09-29 22:51:00,CRUDEOILM,PE,9350.0,CRUDEOILM15OCT269350PE,849.95,849.95,849.95,849.95,0,5
2026-09-29 22:51:00,CRUDEOILM,CE,9400.0,CRUDEOILM15OCT269400CE,190.5,190.5,190.2,190.2,270,5
2026-09-29 22:51:00,CRUDEOILM,PE,9400.0,CRUDEOILM15OCT269400PE,899.75,899.75,899.75,899.75,0,5
2026-09-29 22:51:00,CRUDEOILM,CE,9450.0,CRUDEOILM15OCT269450CE,176.8,178.7,176.8,178.7,10,5
2026-09-29 22:51:00,CRUDEOILM,PE,9450.0,CRUDEOILM15OCT269450PE,912.5,912.5,912.5,912.5,0,5
2026-09-29 22:51:00,CRUDEOILM,CE,9500.0,CRUDEOILM15OCT269500CE,165.8,165.8,165.0,165.0,500,5
2026-09-29 22:51:00,CRUDEOILM,PE,9500.0,CRUDEOILM15OCT269500PE,950.5,950.5,950.5,950.5,0,5
2026-09-29 22:51:00,CRUDEOILM,CE,9550.0,CRUDEOILM15OCT269550CE,154.7,155.35,154.7,155.35,10,5
2026-09-29 22:51:00,CRUDEOILM,PE,9550.0,CRUDEOILM15OCT269550PE,960.85,960.85,960.85,960.85,0,5
2026-09-29 22:51:00,CRUDEOILM,CE,9600.0,CRUDEOILM15OCT269600CE,145.2,145.65,145.2,145.65,170,5
2026-09-29 22:51:00,CRUDEOILM,PE,9600.0,CRUDEOILM15OCT269600PE,1004.2,1004.2,1004.2,1004.2,0,5
2026-09-29 22:51:00,CRUDEOILM,CE,9650.0,CRUDEOILM15OCT269650CE,137.9,137.9,137.9,137.9,0,5
2026-09-29 22:51:00,CRUDEOILM,PE,9650.0,CRUDEOILM15OCT269650PE,1015.65,1015.65,1015.65,1015.65,0,5
2026-09-29 22:51:00,CRUDEOILM,CE,9700.0,CRUDEOILM15OCT269700CE,126.35,127.8,126.35,127.8,120,5
2026-09-29 22:51:00,CRUDEOILM,PE,9700.0,CRUDEOILM15OCT269700PE,1112.1,1112.1,1112.1,1112.1,0,5
2026-09-29 22:51:00,CRUDEOILM,CE,9750.0,CRUDEOILM15OCT269750CE,119.6,119.85,119.6,119.85,140,5
2026-09-29 22:51:00,CRUDEOILM,PE,9750.0,CRUDEOILM15OCT269750PE,1004.7,1004.7,1004.7,1004.7,0,5
2026-09-29 22:51:00,CRUDEOILM,CE,9800.0,CRUDEOILM15OCT269800CE,112.0,112.55,112.0,112.55,200,5
2026-09-29 22:51:00,CRUDEOILM,PE,9800.0,CRUDEOILM15OCT269800PE,1124.5,1124.5,1124.5,1124.5,0,5
2026-09-29 22:51:00,CRUDEOILM,CE,9850.0,CRUDEOILM15OCT269850CE,105.25,105.25,105.25,105.25,0,5
2026-09-29 22:51:00,CRUDEOILM,PE,9850.0,CRUDEOILM15OCT269850PE,1089.85,1089.85,1089.85,1089.85,0,5
2026-09-29 22:51:00,CRUDEOILM,CE,9900.0,CRUDEOILM15OCT269900CE,99.6,99.6,99.15,99.15,30,5
2026-09-29 22:51:00,CRUDEOILM,PE,9900.0,CRUDEOILM15OCT269900PE,1235.05,1235.05,1235.05,1235.05,0,5
2026-09-29 22:51:00,CRUDEOILM,CE,9950.0,CRUDEOILM15OCT269950CE,93.15,93.15,93.15,93.15,0,5
2026-09-29 22:51:00,CRUDEOILM,PE,9950.0,CRUDEOILM15OCT269950PE,1022.6,1022.6,1022.6,1022.6,0,5
2026-09-29 22:52:00,CRUDEOIL,FUT,0.0,CRUDEOIL19OCT26FUT,8713.0,8713.0,8711.0,8713.0,900,9
2026-09-29 22:52:00,CRUDEOIL,CE,9350.0,CRUDEOIL15OCT269350CE,197.0,197.0,197.0,197.0,0,9
2026-09-29 22:52:00,CRUDEOIL,PE,9350.0,CRUDEOIL15OCT269350PE,838.0,838.0,838.0,838.0,0,9
2026-09-29 22:52:00,CRUDEOIL,CE,9400.0,CRUDEOIL15OCT269400CE,184.2,184.2,182.7,182.7,800,9
2026-09-29 22:52:00,CRUDEOIL,PE,9400.0,CRUDEOIL15OCT269400PE,887.1,887.1,887.1,887.1,0,9
2026-09-29 22:52:00,CRUDEOIL,CE,9450.0,CRUDEOIL15OCT269450CE,171.5,171.5,171.5,171.5,0,9
2026-09-29 22:52:00,CRUDEOIL,PE,9450.0,CRUDEOIL15OCT269450PE,779.2,779.2,779.2,779.2,0,9
2026-09-29 22:52:00,CRUDEOIL,CE,9500.0,CRUDEOIL15OCT269500CE,159.0,159.0,157.5,158.7,2100,9
2026-09-29 22:52:00,CRUDEOIL,PE,9500.0,CRUDEOIL15OCT269500PE,939.0,943.0,939.0,942.0,200,9
2026-09-29 22:52:00,CRUDEOIL,CE,9550.0,CRUDEOIL15OCT269550CE,150.3,150.4,150.3,150.4,100,9
2026-09-29 22:52:00,CRUDEOIL,PE,9550.0,CRUDEOIL15OCT269550PE,990.0,990.0,990.0,990.0,0,9
2026-09-29 22:52:00,CRUDEOIL,CE,9600.0,CRUDEOIL15OCT269600CE,140.6,140.6,140.2,140.2,100,9
2026-09-29 22:52:00,CRUDEOIL,PE,9600.0,CRUDEOIL15OCT269600PE,1028.3,1028.3,1028.3,1028.3,0,9
2026-09-29 22:52:00,CRUDEOIL,CE,9650.0,CRUDEOIL15OCT269650CE,131.8,131.8,131.8,131.8,0,9
2026-09-29 22:52:00,CRUDEOIL,PE,9650.0,CRUDEOIL15OCT269650PE,818.0,818.0,818.0,818.0,0,9
2026-09-29 22:52:00,CRUDEOIL,CE,9700.0,CRUDEOIL15OCT269700CE,123.0,123.0,122.2,122.2,600,9
2026-09-29 22:52:00,CRUDEOIL,PE,9700.0,CRUDEOIL15OCT269700PE,1094.0,1094.0,1094.0,1094.0,0,9
2026-09-29 22:52:00,CRUDEOIL,CE,9750.0,CRUDEOIL15OCT269750CE,114.6,115.2,114.6,115.1,400,9
2026-09-29 22:52:00,CRUDEOIL,PE,9750.0,CRUDEOIL15OCT269750PE,916.3,916.3,916.3,916.3,0,9
2026-09-29 22:52:00,CRUDEOIL,CE,9800.0,CRUDEOIL15OCT269800CE,108.1,108.1,107.6,107.6,500,9
2026-09-29 22:52:00,CRUDEOIL,PE,9800.0,CRUDEOIL15OCT269800PE,1222.6,1222.6,1222.6,1222.6,0,9
2026-09-29 22:52:00,CRUDEOIL,CE,9850.0,CRUDEOIL15OCT269850CE,102.3,102.3,102.3,102.3,0,9
2026-09-29 22:52:00,CRUDEOIL,PE,9850.0,CRUDEOIL15OCT269850PE,970.4,970.4,970.4,970.4,0,9
2026-09-29 22:52:00,CRUDEOIL,CE,9900.0,CRUDEOIL15OCT269900CE,96.1,96.1,95.7,96.1,1600,9
2026-09-29 22:52:00,CRUDEOIL,PE,9900.0,CRUDEOIL15OCT269900PE,1293.1,1293.1,1293.1,1293.1,0,9
2026-09-29 22:52:00,CRUDEOIL,CE,9950.0,CRUDEOIL15OCT269950CE,89.5,89.5,89.5,89.5,100,9
2026-09-29 22:52:00,CRUDEOIL,PE,9950.0,CRUDEOIL15OCT269950PE,1038.7,1038.7,1038.7,1038.7,0,9
2026-09-29 22:52:00,CRUDEOILM,FUT,0.0,CRUDEOILM19OCT26FUT,8713.0,8714.0,8712.0,8712.0,220,9
2026-09-29 22:52:00,CRUDEOILM,CE,9350.0,CRUDEOILM15OCT269350CE,203.0,203.0,202.65,202.65,10,9
2026-09-29 22:52:00,CRUDEOILM,PE,9350.0,CRUDEOILM15OCT269350PE,849.95,849.95,849.95,849.95,0,9
2026-09-29 22:52:00,CRUDEOILM,CE,9400.0,CRUDEOILM15OCT269400CE,189.4,189.4,187.7,187.7,140,9
2026-09-29 22:52:00,CRUDEOILM,PE,9400.0,CRUDEOILM15OCT269400PE,899.75,899.75,899.75,899.75,0,9
2026-09-29 22:52:00,CRUDEOILM,CE,9450.0,CRUDEOILM15OCT269450CE,178.2,178.2,176.6,176.6,340,9
2026-09-29 22:52:00,CRUDEOILM,PE,9450.0,CRUDEOILM15OCT269450PE,912.5,912.5,912.5,912.5,0,9
2026-09-29 22:52:00,CRUDEOILM,CE,9500.0,CRUDEOILM15OCT269500CE,164.8,164.8,163.5,164.4,710,9
2026-09-29 22:52:00,CRUDEOILM,PE,9500.0,CRUDEOILM15OCT269500PE,950.5,950.5,950.5,950.5,0,9
2026-09-29 22:52:00,CRUDEOILM,CE,9550.0,CRUDEOILM15OCT269550CE,155.0,155.0,155.0,155.0,0,9
2026-09-29 22:52:00,CRUDEOILM,PE,9550.0,CRUDEOILM15OCT269550PE,960.85,960.85,960.85,960.85,0,9
2026-09-29 22:52:00,CRUDEOILM,CE,9600.0,CRUDEOILM15OCT269600CE,145.5,145.5,145.0,145.0,750,9
2026-09-29 22:52:00,CRUDEOILM,PE,9600.0,CRUDEOILM15OCT269600PE,1004.2,1004.2,1004.2,1004.2,0,9
2026-09-29 22:52:00,CRUDEOILM,CE,9650.0,CRUDEOILM15OCT269650CE,136.5,136.5,136.5,136.5,0,9
2026-09-29 22:52:00,CRUDEOILM,PE,9650.0,CRUDEOILM15OCT269650PE,1015.65,1015.65,1015.65,1015.65,0,9
2026-09-29 22:52:00,CRUDEOILM,CE,9700.0,CRUDEOILM15OCT269700CE,127.55,127.55,126.5,126.5,110,9
2026-09-29 22:52:00,CRUDEOILM,PE,9700.0,CRUDEOILM15OCT269700PE,1112.1,1112.1,1112.1,1112.1,0,9
2026-09-29 22:52:00,CRUDEOILM,CE,9750.0,CRUDEOILM15OCT269750CE,119.4,119.4,119.4,119.4,0,9
2026-09-29 22:52:00,CRUDEOILM,PE,9750.0,CRUDEOILM15OCT269750PE,1004.7,1004.7,1004.7,1004.7,0,9
2026-09-29 22:52:00,CRUDEOILM,CE,9800.0,CRUDEOILM15OCT269800CE,112.75,112.75,112.0,112.0,200,9
2026-09-29 22:52:00,CRUDEOILM,PE,9800.0,CRUDEOILM15OCT269800PE,1124.5,1124.5,1124.5,1124.5,0,9
2026-09-29 22:52:00,CRUDEOILM,CE,9850.0,CRUDEOILM15OCT269850CE,105.5,105.5,104.95,104.95,10,9
2026-09-29 22:52:00,CRUDEOILM,PE,9850.0,CRUDEOILM15OCT269850PE,1089.85,1089.85,1089.85,1089.85,0,9
2026-09-29 22:52:00,CRUDEOILM,CE,9900.0,CRUDEOILM15OCT269900CE,99.1,99.1,99.1,99.1,0,9
2026-09-29 22:52:00,CRUDEOILM,PE,9900.0,CRUDEOILM15OCT269900PE,1235.05,1235.05,1235.05,1235.05,0,9
2026-09-29 22:52:00,CRUDEOILM,CE,9950.0,CRUDEOILM15OCT269950CE,94.05,94.05,94.05,94.05,0,9
2026-09-29 22:52:00,CRUDEOILM,PE,9950.0,CRUDEOILM15OCT269950PE,1022.6,1022.6,1022.6,1022.6,0,9
2026-09-29 22:53:00,CRUDEOIL,FUT,0.0,CRUDEOIL19OCT26FUT,8711.0,8711.0,8702.0,8702.0,1000,14
2026-09-29 22:53:00,CRUDEOIL,CE,9350.0,CRUDEOIL15OCT269350CE,197.0,197.0,193.8,193.8,400,14
2026-09-29 22:53:00,CRUDEOIL,PE,9350.0,CRUDEOIL15OCT269350PE,838.0,838.0,838.0,838.0,0,14
2026-09-29 22:53:00,CRUDEOIL,CE,9400.0,CRUDEOIL15OCT269400CE,182.0,182.0,179.6,179.7,800,14
2026-09-29 22:53:00,CRUDEOIL,PE,9400.0,CRUDEOIL15OCT269400PE,887.1,887.1,887.1,887.1,0,14
2026-09-29 22:53:00,CRUDEOIL,CE,9450.0,CRUDEOIL15OCT269450CE,171.5,171.5,167.9,167.9,100,14
2026-09-29 22:53:00,CRUDEOIL,PE,9450.0,CRUDEOIL15OCT269450PE,779.2,779.2,779.2,779.2,0,14
2026-09-29 22:53:00,CRUDEOIL,CE,9500.0,CRUDEOIL15OCT269500CE,157.0,157.2,155.8,156.1,6300,14
2026-09-29 22:53:00,CRUDEOIL,PE,9500.0,CRUDEOIL15OCT269500PE,942.0,942.0,942.0,942.0,0,14
2026-09-29 22:53:00,CRUDEOIL,CE,9550.0,CRUDEOIL15OCT269550CE,148.6,148.8,147.4,147.4,200,14
2026-09-29 22:53:00,CRUDEOIL,PE,9550.0,CRUDEOIL15OCT269550PE,990.0,990.0,990.0,990.0,0,14
2026-09-29 22:53:00,CRUDEOIL,CE,9600.0,CRUDEOIL15OCT269600CE,139.6,139.6,138.2,138.2,100,14
2026-09-29 22:53:00,CRUDEOIL,PE,9600.0,CRUDEOIL15OCT269600PE,1028.3,1028.3,1028.3,1028.3,0,14
2026-09-29 22:53:00,CRUDEOIL,CE,9650.0,CRUDEOIL15OCT269650CE,131.8,131.8,131.8,131.8,0,14
2026-09-29 22:53:00,CRUDEOIL,PE,9650.0,CRUDEOIL15OCT269650PE,818.0,818.0,818.0,818.0,0,14
2026-09-29 22:53:00,CRUDEOIL,CE,9700.0,CRUDEOIL15OCT269700CE,122.2,122.2,122.2,122.2,0,14
2026-09-29 22:53:00,CRUDEOIL,PE,9700.0,CRUDEOIL15OCT269700PE,1094.0,1094.0,1094.0,1094.0,0,14
2026-09-29 22:53:00,CRUDEOIL,CE,9750.0,CRUDEOIL15OCT269750CE,115.1,115.1,115.1,115.1,0,14
2026-09-29 22:53:00,CRUDEOIL,PE,9750.0,CRUDEOIL15OCT269750PE,916.3,916.3,916.3,916.3,0,14
2026-09-29 22:53:00,CRUDEOIL,CE,9800.0,CRUDEOIL15OCT269800CE,107.1,107.1,105.0,105.0,2000,14
2026-09-29 22:53:00,CRUDEOIL,PE,9800.0,CRUDEOIL15OCT269800PE,1222.6,1222.6,1222.6,1222.6,0,14
2026-09-29 22:53:00,CRUDEOIL,CE,9850.0,CRUDEOIL15OCT269850CE,102.3,102.3,102.3,102.3,0,14
2026-09-29 22:53:00,CRUDEOIL,PE,9850.0,CRUDEOIL15OCT269850PE,970.4,970.4,970.4,970.4,0,14
2026-09-29 22:53:00,CRUDEOIL,CE,9900.0,CRUDEOIL15OCT269900CE,95.0,95.0,94.3,94.3,200,14
2026-09-29 22:53:00,CRUDEOIL,PE,9900.0,CRUDEOIL15OCT269900PE,1293.1,1293.1,1293.1,1293.1,0,14
2026-09-29 22:53:00,CRUDEOIL,CE,9950.0,CRUDEOIL15OCT269950CE,89.5,89.5,89.5,89.5,0,14
2026-09-29 22:53:00,CRUDEOIL,PE,9950.0,CRUDEOIL15OCT269950PE,1038.7,1038.7,1038.7,1038.7,0,14
2026-09-29 22:53:00,CRUDEOILM,FUT,0.0,CRUDEOILM19OCT26FUT,8710.0,8711.0,8702.0,8702.0,1250,14
2026-09-29 22:53:00,CRUDEOILM,CE,9350.0,CRUDEOILM15OCT269350CE,201.3,201.3,199.55,199.55,40,14
2026-09-29 22:53:00,CRUDEOILM,PE,9350.0,CRUDEOILM15OCT269350PE,849.95,849.95,849.95,849.95,0,14
2026-09-29 22:53:00,CRUDEOILM,CE,9400.0,CRUDEOILM15OCT269400CE,188.95,188.95,186.3,186.65,170,14
2026-09-29 22:53:00,CRUDEOILM,PE,9400.0,CRUDEOILM15OCT269400PE,899.75,899.75,899.75,899.75,0,14
2026-09-29 22:53:00,CRUDEOILM,CE,9450.0,CRUDEOILM15OCT269450CE,176.6,176.6,175.25,175.5,170,14
2026-09-29 22:53:00,CRUDEOILM,PE,9450.0,CRUDEOILM15OCT269450PE,912.5,912.5,912.5,912.5,0,14
2026-09-29 22:53:00,CRUDEOILM,CE,9500.0,CRUDEOILM15OCT269500CE,163.45,163.45,161.45,161.45,1110,14
2026-09-29 22:53:00,CRUDEOILM,PE,9500.0,CRUDEOILM15OCT269500PE,950.5,950.5,950.5,950.5,0,14
2026-09-29 22:53:00,CRUDEOILM,CE,9550.0,CRUDEOILM15OCT269550CE,155.0,155.0,152.5,152.5,30,14
2026-09-29 22:53:00,CRUDEOILM,PE,9550.0,CRUDEOILM15OCT269550PE,960.85,960.85,960.85,960.85,0,14
2026-09-29 22:53:00,CRUDEOILM,CE,9600.0,CRUDEOILM15OCT269600CE,144.05,144.45,143.0,143.65,680,14
2026-09-29 22:53:00,CRUDEOILM,PE,9600.0,CRUDEOILM15OCT269600PE,1004.2,1004.2,1004.2,1004.2,0,14
2026-09-29 22:53:00,CRUDEOILM,CE,9650.0,CRUDEOILM15OCT269650CE,136.5,136.5,134.45,134.45,20,14
2026-09-29 22:53:00,CRUDEOILM,PE,9650.0,CRUDEOILM15OCT269650PE,1015.65,1015.65,1015.65,1015.65,0,14
2026-09-29 22:53:00,CRUDEOILM,CE,9700.0,CRUDEOILM15OCT269700CE,126.5,126.5,125.0,125.0,60,14
2026-09-29 22:53:00,CRUDEOILM,PE,9700.0,CRUDEOILM15OCT269700PE,1112.1,1112.1,1112.1,1112.1,0,14
2026-09-29 22:53:00,CRUDEOILM,CE,9750.0,CRUDEOILM15OCT269750CE,119.4,119.4,119.4,119.4,0,14
2026-09-29 22:53:00,CRUDEOILM,PE,9750.0,CRUDEOILM15OCT269750PE,1004.7,1004.7,1004.7,1004.7,0,14
2026-09-29 22:53:00,CRUDEOILM,CE,9800.0,CRUDEOILM15OCT269800CE,112.0,112.0,110.0,110.0,50,14
2026-09-29 22:53:00,CRUDEOILM,PE,9800.0,CRUDEOILM15OCT269800PE,1124.5,1124.5,1124.5,1124.5,0,14
2026-09-29 22:53:00,CRUDEOILM,CE,9850.0,CRUDEOILM15OCT269850CE,104.1,104.1,103.4,103.4,150,14
2026-09-29 22:53:00,CRUDEOILM,PE,9850.0,CRUDEOILM15OCT269850PE,1089.85,1089.85,1089.85,1089.85,0,14
2026-09-29 22:53:00,CRUDEOILM,CE,9900.0,CRUDEOILM15OCT269900CE,99.1,99.1,97.0,97.6,140,14
2026-09-29 22:53:00,CRUDEOILM,PE,9900.0,CRUDEOILM15OCT269900PE,1235.05,1235.05,1235.05,1235.05,0,14
2026-09-29 22:53:00,CRUDEOILM,CE,9950.0,CRUDEOILM15OCT269950CE,94.05,94.05,92.0,92.5,130,14
2026-09-29 22:53:00,CRUDEOILM,PE,9950.0,CRUDEOILM15OCT269950PE,1022.6,1022.6,1022.6,1022.6,0,14
2026-09-29 22:54:00,CRUDEOIL,FUT,0.0,CRUDEOIL19OCT26FUT,8705.0,8706.0,8703.0,8705.0,1700,14
2026-09-29 22:54:00,CRUDEOIL,CE,9350.0,CRUDEOIL15OCT269350CE,193.8,193.8,193.7,193.8,2600,14
2026-09-29 22:54:00,CRUDEOIL,PE,9350.0,CRUDEOIL15OCT269350PE,838.0,838.0,838.0,838.0,0,14
2026-09-29 22:54:00,CRUDEOIL,CE,9400.0,CRUDEOIL15OCT269400CE,179.7,181.5,179.7,181.0,1300,14
2026-09-29 22:54:00,CRUDEOIL,PE,9400.0,CRUDEOIL15OCT269400PE,887.1,887.1,887.1,887.1,0,14
2026-09-29 22:54:00,CRUDEOIL,CE,9450.0,CRUDEOIL15OCT269450CE,169.3,169.3,168.7,169.3,400,14
2026-09-29 22:54:00,CRUDEOIL,PE,9450.0,CRUDEOIL15OCT269450PE,779.2,779.2,779.2,779.2,0,14
2026-09-29 22:54:00,CRUDEOIL,CE,9500.0,CRUDEOIL15OCT269500CE,156.4,157.7,155.8,156.0,14400,14
2026-09-29 22:54:00,CRUDEOIL,PE,9500.0,CRUDEOIL15OCT269500PE,942.0,942.0,942.0,942.0,0,14
2026-09-29 22:54:00,CRUDEOIL,CE,9550.0,CRUDEOIL15OCT269550CE,147.4,147.6,147.1,147.1,500,14
2026-09-29 22:54:00,CRUDEOIL,PE,9550.0,CRUDEOIL15OCT269550PE,990.0,990.0,990.0,990.0,0,14
2026-09-29 22:54:00,CRUDEOIL,CE,9600.0,CRUDEOIL15OCT269600CE,138.2,139.1,137.2,139.1,500,14
2026-09-29 22:54:00,CRUDEOIL,PE,9600.0,CRUDEOIL15OCT269600PE,1028.3,1028.3,1028.3,1028.3,0,14
2026-09-29 22:54:00,CRUDEOIL,CE,9650.0,CRUDEOIL15OCT269650CE,131.8,131.8,129.4,129.4,100,14
2026-09-29 22:54:00,CRUDEOIL,PE,9650.0,CRUDEOIL15OCT269650PE,818.0,818.0,818.0,818.0,0,14
2026-09-29 22:54:00,CRUDEOIL,CE,9700.0,CRUDEOIL15OCT269700CE,122.2,122.2,120.9,121.3,600,14
2026-09-29 22:54:00,CRUDEOIL,PE,9700.0,CRUDEOIL15OCT269700PE,1094.0,1094.0,1094.0,1094.0,0,14
2026-09-29 22:54:00,CRUDEOIL,CE,9750.0,CRUDEOIL15OCT269750CE,115.1,115.1,112.6,113.0,200,14
2026-09-29 22:54:00,CRUDEOIL,PE,9750.0,CRUDEOIL15OCT269750PE,916.3,916.3,916.3,916.3,0,14
2026-09-29 22:54:00,CRUDEOIL,CE,9800.0,CRUDEOIL15OCT269800CE,105.0,106.5,105.0,106.5,2000,14
2026-09-29 22:54:00,CRUDEOIL,PE,9800.0,CRUDEOIL15OCT269800PE,1222.6,1222.6,1222.6,1222.6,0,14
2026-09-29 22:54:00,CRUDEOIL,CE,9850.0,CRUDEOIL15OCT269850CE,102.3,102.3,100.2,100.2,100,14
2026-09-29 22:54:00,CRUDEOIL,PE,9850.0,CRUDEOIL15OCT269850PE,970.4,970.4,970.4,970.4,0,14
2026-09-29 22:54:00,CRUDEOIL,CE,9900.0,CRUDEOIL15OCT269900CE,94.3,95.0,94.3,94.6,300,14
2026-09-29 22:54:00,CRUDEOIL,PE,9900.0,CRUDEOIL15OCT269900PE,1293.1,1293.1,1293.1,1293.1,0,14
2026-09-29 22:54:00,CRUDEOIL,CE,9950.0,CRUDEOIL15OCT269950CE,89.5,89.5,88.1,88.1,200,14
2026-09-29 22:54:00,CRUDEOIL,PE,9950.0,CRUDEOIL15OCT269950PE,1038.7,1038.7,1038.7,1038.7,0,14
2026-09-29 22:54:00,CRUDEOILM,FUT,0.0,CRUDEOILM19OCT26FUT,8704.0,8707.0,8703.0,8704.0,490,14
2026-09-29 22:54:00,CRUDEOILM,CE,9350.0,CRUDEOILM15OCT269350CE,200.25,202.15,200.0,200.8,2550,14
2026-09-29 22:54:00,CRUDEOILM,PE,9350.0,CRUDEOILM15OCT269350PE,849.95,849.95,849.95,849.95,0,14
2026-09-29 22:54:00,CRUDEOILM,CE,9400.0,CRUDEOILM15OCT269400CE,187.05,188.8,186.85,187.95,3240,14
2026-09-29 22:54:00,CRUDEOILM,PE,9400.0,CRUDEOILM15OCT269400PE,899.75,899.75,899.75,899.75,0,14
2026-09-29 22:54:00,CRUDEOILM,CE,9450.0,CRUDEOILM15OCT269450CE,176.05,176.6,175.7,176.35,750,14
2026-09-29 22:54:00,CRUDEOILM,PE,9450.0,CRUDEOILM15OCT269450PE,912.5,912.5,912.5,912.5,0,14
2026-09-29 22:54:00,CRUDEOILM,CE,9500.0,CRUDEOILM15OCT269500CE,162.65,164.15,162.3,163.1,1880,14
2026-09-29 22:54:00,CRUDEOILM,PE,9500.0,CRUDEOILM15OCT269500PE,950.5,950.5,950.5,950.5,0,14
2026-09-29 22:54:00,CRUDEOILM,CE,9550.0,CRUDEOILM15OCT269550CE,152.5,153.65,152.5,153.65,1030,14
2026-09-29 22:54:00,CRUDEOILM,PE,9550.0,CRUDEOILM15OCT269550PE,960.85,960.85,960.85,960.85,0,14
2026-09-29 22:54:00,CRUDEOILM,CE,9600.0,CRUDEOILM15OCT269600CE,143.55,144.3,143.55,143.9,810,14
2026-09-29 22:54:00,CRUDEOILM,PE,9600.0,CRUDEOILM15OCT269600PE,1004.2,1004.2,1004.2,1004.2,0,14
2026-09-29 22:54:00,CRUDEOILM,CE,9650.0,CRUDEOILM15OCT269650CE,134.45,135.95,134.45,135.15,160,14
2026-09-29 22:54:00,CRUDEOILM,PE,9650.0,CRUDEOILM15OCT269650PE,1015.65,1015.65,1015.65,1015.65,0,14
2026-09-29 22:54:00,CRUDEOILM,CE,9700.0,CRUDEOILM15OCT269700CE,125.35,126.3,125.35,126.3,70,14
2026-09-29 22:54:00,CRUDEOILM,PE,9700.0,CRUDEOILM15OCT269700PE,1112.1,1112.1,1112.1,1112.1,0,14
2026-09-29 22:54:00,CRUDEOILM,CE,9750.0,CRUDEOILM15OCT269750CE,119.4,119.4,117.55,117.55,80,14
2026-09-29 22:54:00,CRUDEOILM,PE,9750.0,CRUDEOILM15OCT269750PE,1004.7,1004.7,1004.7,1004.7,0,14
2026-09-29 22:54:00,CRUDEOILM,CE,9800.0,CRUDEOILM15OCT269800CE,110.65,111.4,110.35,111.0,490,14
2026-09-29 22:54:00,CRUDEOILM,PE,9800.0,CRUDEOILM15OCT269800PE,1124.5,1124.5,1124.5,1124.5,0,14
2026-09-29 22:54:00,CRUDEOILM,CE,9850.0,CRUDEOILM15OCT269850CE,103.7,103.85,103.4,103.85,70,14
2026-09-29 22:54:00,CRUDEOILM,PE,9850.0,CRUDEOILM15OCT269850PE,1089.85,1089.85,1089.85,1089.85,0,14
2026-09-29 22:54:00,CRUDEOILM,CE,9900.0,CRUDEOILM15OCT269900CE,97.25,98.6,97.25,98.6,180,14
2026-09-29 22:54:00,CRUDEOILM,PE,9900.0,CRUDEOILM15OCT269900PE,1235.05,1235.05,1235.05,1235.05,0,14
2026-09-29 22:54:00,CRUDEOILM,CE,9950.0,CRUDEOILM15OCT269950CE,92.5,92.5,92.0,92.0,100,14
2026-09-29 22:54:00,CRUDEOILM,PE,9950.0,CRUDEOILM15OCT269950PE,1022.6,1022.6,1022.6,1022.6,0,14
2026-09-29 22:55:00,CRUDEOIL,FUT,0.0,CRUDEOIL19OCT26FUT,8705.0,8708.0,8703.0,8708.0,2000,14
2026-09-29 22:55:00,CRUDEOIL,CE,9350.0,CRUDEOIL15OCT269350CE,194.0,194.4,193.9,193.9,2300,14
2026-09-29 22:55:00,CRUDEOIL,PE,9350.0,CRUDEOIL15OCT269350PE,838.0,838.0,838.0,838.0,0,14
2026-09-29 22:55:00,CRUDEOIL,CE,9400.0,CRUDEOIL15OCT269400CE,181.0,181.3,180.8,181.0,3900,14
2026-09-29 22:55:00,CRUDEOIL,PE,9400.0,CRUDEOIL15OCT269400PE,887.1,887.1,887.1,887.1,0,14
2026-09-29 22:55:00,CRUDEOIL,CE,9450.0,CRUDEOIL15OCT269450CE,169.3,170.4,169.3,169.4,300,14
2026-09-29 22:55:00,CRUDEOIL,PE,9450.0,CRUDEOIL15OCT269450PE,779.2,779.2,779.2,779.2,0,14
2026-09-29 22:55:00,CRUDEOIL,CE,9500.0,CRUDEOIL15OCT269500CE,156.4,157.2,156.4,157.1,7000,14
2026-09-29 22:55:00,CRUDEOIL,PE,9500.0,CRUDEOIL15OCT269500PE,942.0,947.0,942.0,947.0,100,14
2026-09-29 22:55:00,CRUDEOIL,CE,9550.0,CRUDEOIL15OCT269550CE,147.1,149.0,147.1,148.4,1000,14
2026-09-29 22:55:00,CRUDEOIL,PE,9550.0,CRUDEOIL15OCT269550PE,990.0,990.0,990.0,990.0,0,14
2026-09-29 22:55:00,CRUDEOIL,CE,9600.0,CRUDEOIL15OCT269600CE,139.1,139.4,138.6,139.4,1700,14
2026-09-29 22:55:00,CRUDEOIL,PE,9600.0,CRUDEOIL15OCT269600PE,1028.3,1028.3,1028.3,1028.3,0,14
2026-09-29 22:55:00,CRUDEOIL,CE,9650.0,CRUDEOIL15OCT269650CE,129.4,130.2,129.4,130.2,1000,14
2026-09-29 22:55:00,CRUDEOIL,PE,9650.0,CRUDEOIL15OCT269650PE,818.0,818.0,818.0,818.0,0,14
2026-09-29 22:55:00,CRUDEOIL,CE,9700.0,CRUDEOIL15OCT269700CE,121.3,122.0,120.8,122.0,1300,14
2026-09-29 22:55:00,CRUDEOIL,PE,9700.0,CRUDEOIL15OCT269700PE,1094.0,1094.0,1094.0,1094.0,0,14
2026-09-29 22:55:00,CRUDEOIL,CE,9750.0,CRUDEOIL15OCT269750CE,113.0,113.8,113.0,113.8,400,14
2026-09-29 22:55:00,CRUDEOIL,PE,9750.0,CRUDEOIL15OCT269750PE,916.3,916.3,916.3,916.3,0,14
2026-09-29 22:55:00,CRUDEOIL,CE,9800.0,CRUDEOIL15OCT269800CE,106.1,106.8,105.7,106.8,2600,14
2026-09-29 22:55:00,CRUDEOIL,PE,9800.0,CRUDEOIL15OCT269800PE,1222.6,1222.6,1222.6,1222.6,0,14
2026-09-29 22:55:00,CRUDEOIL,CE,9850.0,CRUDEOIL15OCT269850CE,100.2,100.2,99.9,100.0,500,14
2026-09-29 22:55:00,CRUDEOIL,PE,9850.0,CRUDEOIL15OCT269850PE,970.4,970.4,970.4,970.4,0,14
2026-09-29 22:55:00,CRUDEOIL,CE,9900.0,CRUDEOIL15OCT269900CE,94.6,95.8,94.4,95.8,4100,14
2026-09-29 22:55:00,CRUDEOIL,PE,9900.0,CRUDEOIL15OCT269900PE,1293.1,1293.1,1293.1,1293.1,0,14
2026-09-29 22:55:00,CRUDEOIL,CE,9950.0,CRUDEOIL15OCT269950CE,88.1,88.1,88.1,88.1,200,14
2026-09-29 22:55:00,CRUDEOIL,PE,9950.0,CRUDEOIL15OCT269950PE,1038.7,1038.7,1038.7,1038.7,0,14
2026-09-29 22:55:00,CRUDEOILM,FUT,0.0,CRUDEOILM19OCT26FUT,8704.0,8711.0,8703.0,8709.0,730,14
2026-09-29 22:55:00,CRUDEOILM,CE,9350.0,CRUDEOILM15OCT269350CE,200.8,201.75,200.5,201.75,500,14
2026-09-29 22:55:00,CRUDEOILM,PE,9350.0,CRUDEOILM15OCT269350PE,849.95,849.95,849.95,849.95,0,14
2026-09-29 22:55:00,CRUDEOILM,CE,9400.0,CRUDEOILM15OCT269400CE,188.0,188.4,186.6,188.35,1270,14
2026-09-29 22:55:00,CRUDEOILM,PE,9400.0,CRUDEOILM15OCT269400PE,899.75,899.75,881.65,881.65,10,14
2026-09-29 22:55:00,CRUDEOILM,CE,9450.0,CRUDEOILM15OCT269450CE,176.6,177.1,175.2,175.2,410,14
2026-09-29 22:55:00,CRUDEOILM,PE,9450.0,CRUDEOILM15OCT269450PE,912.5,912.5,912.5,912.5,0,14
2026-09-29 22:55:00,CRUDEOILM,CE,9500.0,CRUDEOILM15OCT269500CE,163.35,164.0,162.5,164.0,550,14
2026-09-29 22:55:00,CRUDEOILM,PE,9500.0,CRUDEOILM15OCT269500PE,950.5,957.65,950.5,957.65,10,14
2026-09-29 22:55:00,CRUDEOILM,CE,9550.0,CRUDEOILM15OCT269550CE,154.2,154.95,153.8,154.2,190,14
2026-09-29 22:55:00,CRUDEOILM,PE,9550.0,CRUDEOILM15OCT269550PE,960.85,960.85,960.85,960.85,0,14
2026-09-29 22:55:00,CRUDEOILM,CE,9600.0,CRUDEOILM15OCT269600CE,143.9,145.15,143.9,145.0,380,14
2026-09-29 22:55:00,CRUDEOILM,PE,9600.0,CRUDEOILM15OCT269600PE,1004.2,1039.8,1004.2,1039.8,10,14
2026-09-29 22:55:00,CRUDEOILM,CE,9650.0,CRUDEOILM15OCT269650CE,135.15,136.1,135.1,135.4,520,14
2026-09-29 22:55:00,CRUDEOILM,PE,9650.0,CRUDEOILM15OCT269650PE,1015.65,1015.65,1015.65,1015.65,0,14
2026-09-29 22:55:00,CRUDEOILM,CE,9700.0,CRUDEOILM15OCT269700CE,126.3,126.65,125.2,125.2,480,14
2026-09-29 22:55:00,CRUDEOILM,PE,9700.0,CRUDEOILM15OCT269700PE,1112.1,1112.1,1112.1,1112.1,0,14
2026-09-29 22:55:00,CRUDEOILM,CE,9750.0,CRUDEOILM15OCT269750CE,117.55,118.7,117.55,118.2,30,14
2026-09-29 22:55:00,CRUDEOILM,PE,9750.0,CRUDEOILM15OCT269750PE,1004.7,1004.7,1004.7,1004.7,0,14
2026-09-29 22:55:00,CRUDEOILM,CE,9800.0,CRUDEOILM15OCT269800CE,111.0,111.65,110.6,111.15,530,14
2026-09-29 22:55:00,CRUDEOILM,PE,9800.0,CRUDEOILM15OCT269800PE,1124.5,1124.5,1124.5,1124.5,0,14
2026-09-29 22:55:00,CRUDEOILM,CE,9850.0,CRUDEOILM15OCT269850CE,104.45,104.65,104.25,104.45,70,14
2026-09-29 22:55:00,CRUDEOILM,PE,9850.0,CRUDEOILM15OCT269850PE,1089.85,1089.85,1089.85,1089.85,0,14
2026-09-29 22:55:00,CRUDEOILM,CE,9900.0,CRUDEOILM15OCT269900CE,98.6,98.75,98.05,98.75,480,14
2026-09-29 22:55:00,CRUDEOILM,PE,9900.0,CRUDEOILM15OCT269900PE,1235.05,1235.05,1235.05,1235.05,0,14
2026-09-29 22:55:00,CRUDEOILM,CE,9950.0,CRUDEOILM15OCT269950CE,92.0,92.0,92.0,92.0,0,14
2026-09-29 22:55:00,CRUDEOILM,PE,9950.0,CRUDEOILM15OCT269950PE,1022.6,1022.6,1022.6,1022.6,0,14
2026-09-29 22:56:00,CRUDEOIL,FUT,0.0,CRUDEOIL19OCT26FUT,8708.0,8709.0,8703.0,8708.0,2500,14
2026-09-29 22:56:00,CRUDEOIL,CE,9350.0,CRUDEOIL15OCT269350CE,193.9,195.1,192.7,193.0,1000,14
2026-09-29 22:56:00,CRUDEOIL,PE,9350.0,CRUDEOIL15OCT269350PE,838.0,838.0,838.0,838.0,0,14
2026-09-29 22:56:00,CRUDEOIL,CE,9400.0,CRUDEOIL15OCT269400CE,181.0,181.0,179.0,179.0,900,14
2026-09-29 22:56:00,CRUDEOIL,PE,9400.0,CRUDEOIL15OCT269400PE,887.1,887.1,887.1,887.1,0,14
2026-09-29 22:56:00,CRUDEOIL,CE,9450.0,CRUDEOIL15OCT269450CE,169.4,169.4,169.3,169.3,200,14
2026-09-29 22:56:00,CRUDEOIL,PE,9450.0,CRUDEOIL15OCT269450PE,779.2,779.2,779.2,779.2,0,14
2026-09-29 22:56:00,CRUDEOIL,CE,9500.0,CRUDEOIL15OCT269500CE,157.3,157.3,154.2,154.2,8400,14
2026-09-29 22:56:00,CRUDEOIL,PE,9500.0,CRUDEOIL15OCT269500PE,947.0,947.0,947.0,947.0,0,14
2026-09-29 22:56:00,CRUDEOIL,CE,9550.0,CRUDEOIL15OCT269550CE,148.2,148.2,147.1,147.2,400,14
2026-09-29 22:56:00,CRUDEOIL,PE,9550.0,CRUDEOIL15OCT269550PE,990.0,990.0,990.0,990.0,0,14
2026-09-29 22:56:00,CRUDEOIL,CE,9600.0,CRUDEOIL15OCT269600CE,139.3,139.3,136.8,136.8,2600,14
2026-09-29 22:56:00,CRUDEOIL,PE,9600.0,CRUDEOIL15OCT269600PE,1028.3,1028.3,1028.3,1028.3,0,14
2026-09-29 22:56:00,CRUDEOIL,CE,9650.0,CRUDEOIL15OCT269650CE,130.2,130.4,129.5,129.5,200,14
2026-09-29 22:56:00,CRUDEOIL,PE,9650.0,CRUDEOIL15OCT269650PE,818.0,818.0,818.0,818.0,0,14
2026-09-29 22:56:00,CRUDEOIL,CE,9700.0,CRUDEOIL15OCT269700CE,122.0,122.1,120.3,120.3,500,14
2026-09-29 22:56:00,CRUDEOIL,PE,9700.0,CRUDEOIL15OCT269700PE,1094.0,1094.0,1094.0,1094.0,0,14
2026-09-29 22:56:00,CRUDEOIL,CE,9750.0,CRUDEOIL15OCT269750CE,113.8,114.2,112.7,112.7,300,14
2026-09-29 22:56:00,CRUDEOIL,PE,9750.0,CRUDEOIL15OCT269750PE,916.3,916.3,916.3,916.3,0,14
2026-09-29 22:56:00,CRUDEOIL,CE,9800.0,CRUDEOIL15OCT269800CE,106.8,106.8,104.5,104.5,3200,14
2026-09-29 22:56:00,CRUDEOIL,PE,9800.0,CRUDEOIL15OCT269800PE,1222.6,1222.6,1222.6,1222.6,0,14
2026-09-29 22:56:00,CRUDEOIL,CE,9850.0,CRUDEOIL15OCT269850CE,100.0,100.0,100.0,100.0,100,14
2026-09-29 22:56:00,CRUDEOIL,PE,9850.0,CRUDEOIL15OCT269850PE,970.4,970.4,970.4,970.4,0,14
2026-09-29 22:56:00,CRUDEOIL,CE,9900.0,CRUDEOIL15OCT269900CE,95.8,95.8,93.9,94.5,900,14
2026-09-29 22:56:00,CRUDEOIL,PE,9900.0,CRUDEOIL15OCT269900PE,1293.1,1293.1,1293.1,1293.1,0,14
2026-09-29 22:56:00,CRUDEOIL,CE,9950.0,CRUDEOIL15OCT269950CE,88.1,88.1,87.7,87.7,100,14
2026-09-29 22:56:00,CRUDEOIL,PE,9950.0,CRUDEOIL15OCT269950PE,1038.7,1038.7,1038.7,1038.7,0,14
2026-09-29 22:56:00,CRUDEOILM,FUT,0.0,CRUDEOILM19OCT26FUT,8712.0,8712.0,8703.0,8704.0,460,14
2026-09-29 22:56:00,CRUDEOILM,CE,9350.0,CRUDEOILM15OCT269350CE,201.75,201.75,198.05,198.05,450,14
2026-09-29 22:56:00,CRUDEOILM,PE,9350.0,CRUDEOILM15OCT269350PE,849.95,849.95,849.95,849.95,0,14
2026-09-29 22:56:00,CRUDEOILM,CE,9400.0,CRUDEOILM15OCT269400CE,188.65,188.9,185.2,185.2,530,14
2026-09-29 22:56:00,CRUDEOILM,PE,9400.0,CRUDEOILM15OCT269400PE,881.65,881.65,881.65,881.65,0,14
2026-09-29 22:56:00,CRUDEOILM,CE,9450.0,CRUDEOILM15OCT269450CE,176.3,176.3,173.75,173.75,480,14
2026-09-29 22:56:00,CRUDEOILM,PE,9450.0,CRUDEOILM15OCT269450PE,912.5,912.5,912.5,912.5,0,14
2026-09-29 22:56:00,CRUDEOILM,CE,9500.0,CRUDEOILM15OCT269500CE,164.2,164.3,161.0,161.0,610,14
2026-09-29 22:56:00,CRUDEOILM,PE,9500.0,CRUDEOILM15OCT269500PE,957.65,957.65,957.65,957.65,0,14
2026-09-29 22:56:00,CRUDEOILM,CE,9550.0,CRUDEOILM15OCT269550CE,154.2,154.7,151.85,151.85,70,14
2026-09-29 22:56:00,CRUDEOILM,PE,9550.0,CRUDEOILM15OCT269550PE,960.85,960.85,960.85,960.85,0,14
2026-09-29 22:56:00,CRUDEOILM,CE,9600.0,CRUDEOILM15OCT269600CE,145.0,145.0,142.15,142.15,180,14
2026-09-29 22:56:00,CRUDEOILM,PE,9600.0,CRUDEOILM15OCT269600PE,1039.8,1039.8,1039.8,1039.8,0,14
2026-09-29 22:56:00,CRUDEOILM,CE,9650.0,CRUDEOILM15OCT269650CE,135.4,135.9,133.55,133.55,60,14
2026-09-29 22:56:00,CRUDEOILM,PE,9650.0,CRUDEOILM15OCT269650PE,1015.65,1015.65,1015.65,1015.65,0,14
2026-09-29 22:56:00,CRUDEOILM,CE,9700.0,CRUDEOILM15OCT269700CE,125.2,126.3,124.1,124.1,330,14
2026-09-29 22:56:00,CRUDEOILM,PE,9700.0,CRUDEOILM15OCT269700PE,1112.1,1112.1,1112.1,1112.1,0,14
2026-09-29 22:56:00,CRUDEOILM,CE,9750.0,CRUDEOILM15OCT269750CE,118.2,118.7,116.55,116.7,660,14
2026-09-29 22:56:00,CRUDEOILM,PE,9750.0,CRUDEOILM15OCT269750PE,1004.7,1004.7,1004.7,1004.7,0,14
2026-09-29 22:56:00,CRUDEOILM,CE,9800.0,CRUDEOILM15OCT269800CE,111.15,111.35,108.7,108.7,600,14
2026-09-29 22:56:00,CRUDEOILM,PE,9800.0,CRUDEOILM15OCT269800PE,1124.5,1124.5,1124.5,1124.5,0,14
2026-09-29 22:56:00,CRUDEOILM,CE,9850.0,CRUDEOILM15OCT269850CE,104.45,104.45,102.7,102.7,660,14
2026-09-29 22:56:00,CRUDEOILM,PE,9850.0,CRUDEOILM15OCT269850PE,1089.85,1089.85,1089.85,1089.85,0,14
2026-09-29 22:56:00,CRUDEOILM,CE,9900.0,CRUDEOILM15OCT269900CE,98.75,98.8,96.3,96.3,360,14
2026-09-29 22:56:00,CRUDEOILM,PE,9900.0,CRUDEOILM15OCT269900PE,1235.05,1235.05,1235.05,1235.05,0,14
2026-09-29 22:56:00,CRUDEOILM,CE,9950.0,CRUDEOILM15OCT269950CE,92.9,92.9,92.9,92.9,0,14
2026-09-29 22:56:00,CRUDEOILM,PE,9950.0,CRUDEOILM15OCT269950PE,1022.6,1022.6,1022.6,1022.6,0,14
2026-09-29 22:57:00,CRUDEOIL,FUT,0.0,CRUDEOIL19OCT26FUT,8708.0,8708.0,8705.0,8705.0,500,13
2026-09-29 22:57:00,CRUDEOIL,CE,9350.0,CRUDEOIL15OCT269350CE,193.0,193.0,193.0,193.0,0,13
2026-09-29 22:57:00,CRUDEOIL,PE,9350.0,CRUDEOIL15OCT269350PE,838.0,838.0,838.0,838.0,0,13
2026-09-29 22:57:00,CRUDEOIL,CE,9400.0,CRUDEOIL15OCT269400CE,179.0,179.0,179.0,179.0,100,13
2026-09-29 22:57:00,CRUDEOIL,PE,9400.0,CRUDEOIL15OCT269400PE,887.1,887.1,887.1,887.1,0,13
2026-09-29 22:57:00,CRUDEOIL,CE,9450.0,CRUDEOIL15OCT269450CE,169.3,169.3,169.3,169.3,0,13
2026-09-29 22:57:00,CRUDEOIL,PE,9450.0,CRUDEOIL15OCT269450PE,779.2,779.2,779.2,779.2,0,13
2026-09-29 22:57:00,CRUDEOIL,CE,9500.0,CRUDEOIL15OCT269500CE,153.9,155.0,153.9,154.9,8100,13
2026-09-29 22:57:00,CRUDEOIL,PE,9500.0,CRUDEOIL15OCT269500PE,947.0,947.0,947.0,947.0,100,13
2026-09-29 22:57:00,CRUDEOIL,CE,9550.0,CRUDEOIL15OCT269550CE,144.9,146.1,144.9,146.1,100,13
2026-09-29 22:57:00,CRUDEOIL,PE,9550.0,CRUDEOIL15OCT269550PE,990.0,990.0,990.0,990.0,0,13
2026-09-29 22:57:00,CRUDEOIL,CE,9600.0,CRUDEOIL15OCT269600CE,136.8,136.8,136.8,136.8,0,13
2026-09-29 22:57:00,CRUDEOIL,PE,9600.0,CRUDEOIL15OCT269600PE,1028.3,1028.3,1028.3,1028.3,0,13
2026-09-29 22:57:00,CRUDEOIL,CE,9650.0,CRUDEOIL15OCT269650CE,129.5,129.5,129.5,129.5,0,13
2026-09-29 22:57:00,CRUDEOIL,PE,9650.0,CRUDEOIL15OCT269650PE,818.0,818.0,818.0,818.0,0,13
2026-09-29 22:57:00,CRUDEOIL,CE,9700.0,CRUDEOIL15OCT269700CE,120.3,120.3,119.3,119.5,300,13
2026-09-29 22:57:00,CRUDEOIL,PE,9700.0,CRUDEOIL15OCT269700PE,1094.0,1094.0,1094.0,1094.0,0,13
2026-09-29 22:57:00,CRUDEOIL,CE,9750.0,CRUDEOIL15OCT269750CE,112.7,112.7,112.7,112.7,0,13
2026-09-29 22:57:00,CRUDEOIL,PE,9750.0,CRUDEOIL15OCT269750PE,916.3,916.3,916.3,916.3,0,13
2026-09-29 22:57:00,CRUDEOIL,CE,9800.0,CRUDEOIL15OCT269800CE,104.5,104.5,104.5,104.5,200,13
2026-09-29 22:57:00,CRUDEOIL,PE,9800.0,CRUDEOIL15OCT269800PE,1222.6,1222.6,1222.6,1222.6,0,13
2026-09-29 22:57:00,CRUDEOIL,CE,9850.0,CRUDEOIL15OCT269850CE,100.0,100.0,100.0,100.0,0,13
2026-09-29 22:57:00,CRUDEOIL,PE,9850.0,CRUDEOIL15OCT269850PE,970.4,970.4,970.4,970.4,0,13
2026-09-29 22:57:00,CRUDEOIL,CE,9900.0,CRUDEOIL15OCT269900CE,94.5,94.5,93.0,93.4,800,13
2026-09-29 22:57:00,CRUDEOIL,PE,9900.0,CRUDEOIL15OCT269900PE,1293.1,1293.1,1293.1,1293.1,0,13
2026-09-29 22:57:00,CRUDEOIL,CE,9950.0,CRUDEOIL15OCT269950CE,87.7,87.7,87.4,87.4,100,13
2026-09-29 22:57:00,CRUDEOIL,PE,9950.0,CRUDEOIL15OCT269950PE,1038.7,1038.7,1038.7,1038.7,0,13
2026-09-29 22:57:00,CRUDEOILM,FUT,0.0,CRUDEOILM19OCT26FUT,8702.0,8707.0,8702.0,8705.0,690,13
2026-09-29 22:57:00,CRUDEOILM,CE,9350.0,CRUDEOILM15OCT269350CE,198.0,198.9,198.0,198.05,330,13
2026-09-29 22:57:00,CRUDEOILM,PE,9350.0,CRUDEOILM15OCT269350PE,849.95,849.95,849.95,849.95,0,13
2026-09-29 22:57:00,CRUDEOILM,CE,9400.0,CRUDEOILM15OCT269400CE,185.2,185.4,184.75,184.85,150,13
2026-09-29 22:57:00,CRUDEOILM,PE,9400.0,CRUDEOILM15OCT269400PE,881.65,882.1,881.65,882.1,10,13
2026-09-29 22:57:00,CRUDEOILM,CE,9450.0,CRUDEOILM15OCT269450CE,173.75,173.75,173.1,173.65,30,13
2026-09-29 22:57:00,CRUDEOILM,PE,9450.0,CRUDEOILM15OCT269450PE,912.5,912.5,912.5,912.5,0,13
2026-09-29 22:57:00,CRUDEOILM,CE,9500.0,CRUDEOILM15OCT269500CE,160.25,161.15,160.25,160.65,80,13
2026-09-29 22:57:00,CRUDEOILM,PE,9500.0,CRUDEOILM15OCT269500PE,957.65,957.65,957.65,957.65,0,13
2026-09-29 22:57:00,CRUDEOILM,CE,9550.0,CRUDEOILM15OCT269550CE,151.85,151.85,151.85,151.85,0,13
2026-09-29 22:57:00,CRUDEOILM,PE,9550.0,CRUDEOILM15OCT269550PE,960.85,960.85,960.85,960.85,0,13
2026-09-29 22:57:00,CRUDEOILM,CE,9600.0,CRUDEOILM15OCT269600CE,142.15,142.15,141.9,141.9,40,13
2026-09-29 22:57:00,CRUDEOILM,PE,9600.0,CRUDEOILM15OCT269600PE,1039.8,1039.8,1039.8,1039.8,0,13
2026-09-29 22:57:00,CRUDEOILM,CE,9650.0,CRUDEOILM15OCT269650CE,133.55,133.55,132.85,132.85,10,13
2026-09-29 22:57:00,CRUDEOILM,PE,9650.0,CRUDEOILM15OCT269650PE,1015.65,1015.65,1015.65,1015.65,0,13
2026-09-29 22:57:00,CRUDEOILM,CE,9700.0,CRUDEOILM15OCT269700CE,124.1,124.1,123.5,123.55,140,13
2026-09-29 22:57:00,CRUDEOILM,PE,9700.0,CRUDEOILM15OCT269700PE,1112.1,1112.1,1112.1,1112.1,0,13
2026-09-29 22:57:00,CRUDEOILM,CE,9750.0,CRUDEOILM15OCT269750CE,116.8,117.1,116.8,117.1,70,13
2026-09-29 22:57:00,CRUDEOILM,PE,9750.0,CRUDEOILM15OCT269750PE,1004.7,1004.7,1004.7,1004.7,0,13
2026-09-29 22:57:00,CRUDEOILM,CE,9800.0,CRUDEOILM15OCT269800CE,108.7,109.6,108.7,109.6,90,13
2026-09-29 22:57:00,CRUDEOILM,PE,9800.0,CRUDEOILM15OCT269800PE,1124.5,1124.5,1124.5,1124.5,0,13
2026-09-29 22:57:00,CRUDEOILM,CE,9850.0,CRUDEOILM15OCT269850CE,102.7,102.7,102.3,102.3,60,13
2026-09-29 22:57:00,CRUDEOILM,PE,9850.0,CRUDEOILM15OCT269850PE,1089.85,1089.85,1089.85,1089.85,0,13
2026-09-29 22:57:00,CRUDEOILM,CE,9900.0,CRUDEOILM15OCT269900CE,96.3,96.75,96.2,96.2,190,13
2026-09-29 22:57:00,CRUDEOILM,PE,9900.0,CRUDEOILM15OCT269900PE,1235.05,1235.05,1235.05,1235.05,0,13
2026-09-29 22:57:00,CRUDEOILM,CE,9950.0,CRUDEOILM15OCT269950CE,92.9,92.9,92.9,92.9,0,13
2026-09-29 22:57:00,CRUDEOILM,PE,9950.0,CRUDEOILM15OCT269950PE,1022.6,1022.6,1022.6,1022.6,0,13
2026-09-29 22:58:00,CRUDEOIL,FUT,0.0,CRUDEOIL19OCT26FUT,8705.0,8708.0,8699.0,8699.0,3300,14
2026-09-29 22:58:00,CRUDEOIL,CE,9350.0,CRUDEOIL15OCT269350CE,193.0,193.0,190.0,190.0,500,14
2026-09-29 22:58:00,CRUDEOIL,PE,9350.0,CRUDEOIL15OCT269350PE,838.0,838.0,838.0,838.0,0,14
2026-09-29 22:58:00,CRUDEOIL,CE,9400.0,CRUDEOIL15OCT269400CE,179.0,179.6,177.0,177.0,2000,14
2026-09-29 22:58:00,CRUDEOIL,PE,9400.0,CRUDEOIL15OCT269400PE,887.1,887.1,887.1,887.1,0,14
2026-09-29 22:58:00,CRUDEOIL,CE,9450.0,CRUDEOIL15OCT269450CE,169.3,169.3,169.3,169.3,0,14
2026-09-29 22:58:00,CRUDEOIL,PE,9450.0,CRUDEOIL15OCT269450PE,779.2,779.2,779.2,779.2,0,14
2026-09-29 22:58:00,CRUDEOIL,CE,9500.0,CRUDEOIL15OCT269500CE,154.4,155.2,153.0,153.0,15400,14
2026-09-29 22:58:00,CRUDEOIL,PE,9500.0,CRUDEOIL15OCT269500PE,947.0,947.0,947.0,947.0,0,14
2026-09-29 22:58:00,CRUDEOIL,CE,9550.0,CRUDEOIL15OCT269550CE,146.1,146.5,144.6,144.6,700,14
2026-09-29 22:58:00,CRUDEOIL,PE,9550.0,CRUDEOIL15OCT269550PE,990.0,990.0,990.0,990.0,0,14
2026-09-29 22:58:00,CRUDEOIL,CE,9600.0,CRUDEOIL15OCT269600CE,136.8,136.8,136.5,136.6,1000,14
2026-09-29 22:58:00,CRUDEOIL,PE,9600.0,CRUDEOIL15OCT269600PE,1028.3,1028.3,1028.3,1028.3,0,14
2026-09-29 22:58:00,CRUDEOIL,CE,9650.0,CRUDEOIL15OCT269650CE,129.5,129.5,129.5,129.5,0,14
2026-09-29 22:58:00,CRUDEOIL,PE,9650.0,CRUDEOIL15OCT269650PE,818.0,818.0,818.0,818.0,0,14
2026-09-29 22:58:00,CRUDEOIL,CE,9700.0,CRUDEOIL15OCT269700CE,120.0,120.0,118.7,118.7,600,14
2026-09-29 22:58:00,CRUDEOIL,PE,9700.0,CRUDEOIL15OCT269700PE,1094.0,1094.0,1094.0,1094.0,0,14
2026-09-29 22:58:00,CRUDEOIL,CE,9750.0,CRUDEOIL15OCT269750CE,112.7,112.7,112.6,112.6,100,14
2026-09-29 22:58:00,CRUDEOIL,PE,9750.0,CRUDEOIL15OCT269750PE,916.3,916.3,916.3,916.3,0,14
2026-09-29 22:58:00,CRUDEOIL,CE,9800.0,CRUDEOIL15OCT269800CE,104.7,105.2,103.9,103.9,800,14
2026-09-29 22:58:00,CRUDEOIL,PE,9800.0,CRUDEOIL15OCT269800PE,1222.6,1222.6,1222.6,1222.6,0,14
2026-09-29 22:58:00,CRUDEOIL,CE,9850.0,CRUDEOIL15OCT269850CE,100.0,100.0,98.9,98.9,100,14
2026-09-29 22:58:00,CRUDEOIL,PE,9850.0,CRUDEOIL15OCT269850PE,970.4,970.4,970.4,970.4,0,14
2026-09-29 22:58:00,CRUDEOIL,CE,9900.0,CRUDEOIL15OCT269900CE,93.8,94.0,93.0,93.0,1100,14
2026-09-29 22:58:00,CRUDEOIL,PE,9900.0,CRUDEOIL15OCT269900PE,1293.1,1293.1,1293.1,1293.1,0,14
2026-09-29 22:58:00,CRUDEOIL,CE,9950.0,CRUDEOIL15OCT269950CE,87.4,87.4,87.4,87.4,0,14
2026-09-29 22:58:00,CRUDEOIL,PE,9950.0,CRUDEOIL15OCT269950PE,1038.7,1038.7,1038.7,1038.7,0,14
2026-09-29 22:58:00,CRUDEOILM,FUT,0.0,CRUDEOILM19OCT26FUT,8705.0,8708.0,8700.0,8700.0,1190,14
2026-09-29 22:58:00,CRUDEOILM,CE,9350.0,CRUDEOILM15OCT269350CE,198.05,198.55,195.95,195.95,140,14
2026-09-29 22:58:00,CRUDEOILM,PE,9350.0,CRUDEOILM15OCT269350PE,849.95,849.95,849.95,849.95,0,14
2026-09-29 22:58:00,CRUDEOILM,CE,9400.0,CRUDEOILM15OCT269400CE,184.85,185.9,183.2,183.2,300,14
2026-09-29 22:58:00,CRUDEOILM,PE,9400.0,CRUDEOILM15OCT269400PE,882.1,882.1,882.1,882.1,0,14
2026-09-29 22:58:00,CRUDEOILM,CE,9450.0,CRUDEOILM15OCT269450CE,173.65,173.9,171.6,171.6,270,14
2026-09-29 22:58:00,CRUDEOILM,PE,9450.0,CRUDEOILM15OCT269450PE,912.5,912.5,912.5,912.5,0,14
2026-09-29 22:58:00,CRUDEOILM,CE,9500.0,CRUDEOILM15OCT269500CE,160.65,161.35,159.55,159.55,450,14
2026-09-29 22:58:00,CRUDEOILM,PE,9500.0,CRUDEOILM15OCT269500PE,957.65,957.65,956.05,956.05,10,14
2026-09-29 22:58:00,CRUDEOILM,CE,9550.0,CRUDEOILM15OCT269550CE,151.85,152.2,150.25,150.25,60,14
2026-09-29 22:58:00,CRUDEOILM,PE,9550.0,CRUDEOILM15OCT269550PE,960.85,960.85,960.85,960.85,0,14
2026-09-29 22:58:00,CRUDEOILM,CE,9600.0,CRUDEOILM15OCT269600CE,141.9,142.65,141.6,141.8,110,14
2026-09-29 22:58:00,CRUDEOILM,PE,9600.0,CRUDEOILM15OCT269600PE,1039.8,1039.8,1039.8,1039.8,0,14
2026-09-29 22:58:00,CRUDEOILM,CE,9650.0,CRUDEOILM15OCT269650CE,132.85,132.85,131.75,131.75,130,14
2026-09-29 22:58:00,CRUDEOILM,PE,9650.0,CRUDEOILM15OCT269650PE,1015.65,1015.65,1015.65,1015.65,0,14
2026-09-29 22:58:00,CRUDEOILM,CE,9700.0,CRUDEOILM15OCT269700CE,123.55,124.1,122.5,122.5,460,14
2026-09-29 22:58:00,CRUDEOILM,PE,9700.0,CRUDEOILM15OCT269700PE,1112.1,1112.1,1112.1,1112.1,0,14
2026-09-29 22:58:00,CRUDEOILM,CE,9750.0,CRUDEOILM15OCT269750CE,117.1,117.1,114.8,114.8,730,14
2026-09-29 22:58:00,CRUDEOILM,PE,9750.0,CRUDEOILM15OCT269750PE,1004.7,1004.7,1004.7,1004.7,0,14
2026-09-29 22:58:00,CRUDEOILM,CE,9800.0,CRUDEOILM15OCT269800CE,108.75,109.3,108.0,108.0,90,14
2026-09-29 22:58:00,CRUDEOILM,PE,9800.0,CRUDEOILM15OCT269800PE,1124.5,1124.5,1124.5,1124.5,0,14
2026-09-29 22:58:00,CRUDEOILM,CE,9850.0,CRUDEOILM15OCT269850CE,102.3,102.4,101.4,101.4,130,14
2026-09-29 22:58:00,CRUDEOILM,PE,9850.0,CRUDEOILM15OCT269850PE,1089.85,1089.85,1089.85,1089.85,0,14
2026-09-29 22:58:00,CRUDEOILM,CE,9900.0,CRUDEOILM15OCT269900CE,96.4,97.2,95.85,95.85,2130,14
2026-09-29 22:58:00,CRUDEOILM,PE,9900.0,CRUDEOILM15OCT269900PE,1235.05,1235.05,1235.05,1235.05,0,14
2026-09-29 22:58:00,CRUDEOILM,CE,9950.0,CRUDEOILM15OCT269950CE,91.0,91.25,90.8,91.25,120,14
2026-09-29 22:58:00,CRUDEOILM,PE,9950.0,CRUDEOILM15OCT269950PE,1022.6,1022.6,1022.6,1022.6,0,14
2026-09-29 22:59:00,CRUDEOIL,FUT,0.0,CRUDEOIL19OCT26FUT,8694.0,8694.0,8685.0,8685.0,10600,14
2026-09-29 22:59:00,CRUDEOIL,CE,9350.0,CRUDEOIL15OCT269350CE,190.0,190.0,187.4,187.4,600,14
2026-09-29 22:59:00,CRUDEOIL,PE,9350.0,CRUDEOIL15OCT269350PE,838.0,838.0,838.0,838.0,0,14
2026-09-29 22:59:00,CRUDEOIL,CE,9400.0,CRUDEOIL15OCT269400CE,175.8,176.0,175.0,176.0,4500,14
2026-09-29 22:59:00,CRUDEOIL,PE,9400.0,CRUDEOIL15OCT269400PE,887.1,887.1,885.0,885.0,100,14
2026-09-29 22:59:00,CRUDEOIL,CE,9450.0,CRUDEOIL15OCT269450CE,169.3,169.3,162.8,163.7,1000,14
2026-09-29 22:59:00,CRUDEOIL,PE,9450.0,CRUDEOIL15OCT269450PE,779.2,779.2,779.2,779.2,0,14
2026-09-29 22:59:00,CRUDEOIL,CE,9500.0,CRUDEOIL15OCT269500CE,152.6,152.7,151.4,152.4,19400,14
2026-09-29 22:59:00,CRUDEOIL,PE,9500.0,CRUDEOIL15OCT269500PE,947.0,958.0,947.0,958.0,300,14
2026-09-29 22:59:00,CRUDEOIL,CE,9550.0,CRUDEOIL15OCT269550CE,144.6,144.6,143.7,143.7,100,14
2026-09-29 22:59:00,CRUDEOIL,PE,9550.0,CRUDEOIL15OCT269550PE,990.0,990.0,990.0,990.0,0,14
2026-09-29 22:59:00,CRUDEOIL,CE,9600.0,CRUDEOIL15OCT269600CE,134.4,134.4,133.4,134.2,900,14
2026-09-29 22:59:00,CRUDEOIL,PE,9600.0,CRUDEOIL15OCT269600PE,1028.3,1028.3,1028.3,1028.3,0,14
2026-09-29 22:59:00,CRUDEOIL,CE,9650.0,CRUDEOIL15OCT269650CE,129.5,129.5,129.5,129.5,0,14
2026-09-29 22:59:00,CRUDEOIL,PE,9650.0,CRUDEOIL15OCT269650PE,818.0,818.0,818.0,818.0,0,14
2026-09-29 22:59:00,CRUDEOIL,CE,9700.0,CRUDEOIL15OCT269700CE,117.9,118.2,117.7,118.2,1300,14
2026-09-29 22:59:00,CRUDEOIL,PE,9700.0,CRUDEOIL15OCT269700PE,1094.0,1094.0,1094.0,1094.0,0,14
2026-09-29 22:59:00,CRUDEOIL,CE,9750.0,CRUDEOIL15OCT269750CE,112.6,112.6,109.8,109.8,200,14
2026-09-29 22:59:00,CRUDEOIL,PE,9750.0,CRUDEOIL15OCT269750PE,916.3,916.3,916.3,916.3,0,14
2026-09-29 22:59:00,CRUDEOIL,CE,9800.0,CRUDEOIL15OCT269800CE,103.1,103.4,102.6,103.2,1600,14
2026-09-29 22:59:00,CRUDEOIL,PE,9800.0,CRUDEOIL15OCT269800PE,1222.6,1222.6,1222.6,1222.6,0,14
2026-09-29 22:59:00,CRUDEOIL,CE,9850.0,CRUDEOIL15OCT269850CE,98.0,98.0,97.5,97.5,100,14
2026-09-29 22:59:00,CRUDEOIL,PE,9850.0,CRUDEOIL15OCT269850PE,970.4,970.4,970.4,970.4,0,14
2026-09-29 22:59:00,CRUDEOIL,CE,9900.0,CRUDEOIL15OCT269900CE,93.0,93.0,91.9,92.4,3800,14
2026-09-29 22:59:00,CRUDEOIL,PE,9900.0,CRUDEOIL15OCT269900PE,1293.1,1293.1,1293.1,1293.1,0,14
2026-09-29 22:59:00,CRUDEOIL,CE,9950.0,CRUDEOIL15OCT269950CE,87.4,87.4,85.7,85.7,500,14
2026-09-29 22:59:00,CRUDEOIL,PE,9950.0,CRUDEOIL15OCT269950PE,1038.7,1038.7,1038.7,1038.7,0,14
2026-09-29 22:59:00,CRUDEOILM,FUT,0.0,CRUDEOILM19OCT26FUT,8699.0,8699.0,8690.0,8690.0,2330,14
2026-09-29 22:59:00,CRUDEOILM,CE,9350.0,CRUDEOILM15OCT269350CE,195.0,195.0,193.8,193.8,90,14
2026-09-29 22:59:00,CRUDEOILM,PE,9350.0,CRUDEOILM15OCT269350PE,849.95,849.95,849.95,849.95,0,14
2026-09-29 22:59:00,CRUDEOILM,CE,9400.0,CRUDEOILM15OCT269400CE,182.65,182.65,181.1,181.9,300,14
2026-09-29 22:59:00,CRUDEOILM,PE,9400.0,CRUDEOILM15OCT269400PE,882.1,882.1,882.1,882.1,0,14
2026-09-29 22:59:00,CRUDEOILM,CE,9450.0,CRUDEOILM15OCT269450CE,171.6,171.6,168.75,170.2,130,14
2026-09-29 22:59:00,CRUDEOILM,PE,9450.0,CRUDEOILM15OCT269450PE,912.5,920.0,912.5,920.0,10,14
2026-09-29 22:59:00,CRUDEOILM,CE,9500.0,CRUDEOILM15OCT269500CE,158.3,158.3,157.2,158.25,1020,14
2026-09-29 22:59:00,CRUDEOILM,PE,9500.0,CRUDEOILM15OCT269500PE,957.65,964.0,957.65,964.0,40,14
2026-09-29 22:59:00,CRUDEOILM,CE,9550.0,CRUDEOILM15OCT269550CE,150.25,150.25,147.95,147.95,20,14
2026-09-29 22:59:00,CRUDEOILM,PE,9550.0,CRUDEOILM15OCT269550PE,960.85,960.85,960.85,960.85,0,14
2026-09-29 22:59:00,CRUDEOILM,CE,9600.0,CRUDEOILM15OCT269600CE,141.8,141.8,138.85,140.0,810,14
2026-09-29 22:59:00,CRUDEOILM,PE,9600.0,CRUDEOILM15OCT269600PE,1039.8,1039.8,1039.8,1039.8,0,14
2026-09-29 22:59:00,CRUDEOILM,CE,9650.0,CRUDEOILM15OCT269650CE,131.75,131.75,128.65,130.1,130,14
2026-09-29 22:59:00,CRUDEOILM,PE,9650.0,CRUDEOILM15OCT269650PE,1015.65,1015.65,1015.65,1015.65,0,14
2026-09-29 22:59:00,CRUDEOILM,CE,9700.0,CRUDEOILM15OCT269700CE,121.75,121.75,121.25,121.75,470,14
2026-09-29 22:59:00,CRUDEOILM,PE,9700.0,CRUDEOILM15OCT269700PE,1112.1,1112.1,1112.1,1112.1,0,14
2026-09-29 22:59:00,CRUDEOILM,CE,9750.0,CRUDEOILM15OCT269750CE,114.45,114.75,114.15,114.5,50,14
2026-09-29 22:59:00,CRUDEOILM,PE,9750.0,CRUDEOILM15OCT269750PE,1004.7,1004.7,1004.7,1004.7,0,14
2026-09-29 22:59:00,CRUDEOILM,CE,9800.0,CRUDEOILM15OCT269800CE,107.8,108.75,106.8,108.75,170,14
2026-09-29 22:59:00,CRUDEOILM,PE,9800.0,CRUDEOILM15OCT269800PE,1124.5,1124.5,1124.5,1124.5,0,14
2026-09-29 22:59:00,CRUDEOILM,CE,9850.0,CRUDEOILM15OCT269850CE,100.85,100.85,100.4,100.4,330,14
2026-09-29 22:59:00,CRUDEOILM,PE,9850.0,CRUDEOILM15OCT269850PE,1089.85,1089.85,1089.85,1089.85,0,14
2026-09-29 22:59:00,CRUDEOILM,CE,9900.0,CRUDEOILM15OCT269900CE,95.55,96.15,95.1,96.15,550,14
2026-09-29 22:59:00,CRUDEOILM,PE,9900.0,CRUDEOILM15OCT269900PE,1235.05,1312.3,1235.05,1312.3,10,14
2026-09-29 22:59:00,CRUDEOILM,CE,9950.0,CRUDEOILM15OCT269950CE,90.3,90.8,89.6,90.8,80,14
2026-09-29 22:59:00,CRUDEOILM,PE,9950.0,CRUDEOILM15OCT269950PE,1022.6,1022.6,1022.6,1022.6,0,14
2026-09-29 23:00:00,CRUDEOIL,FUT,0.0,CRUDEOIL19OCT26FUT,8692.0,8700.0,8686.0,8700.0,10800,14
2026-09-29 23:00:00,CRUDEOIL,CE,9350.0,CRUDEOIL15OCT269350CE,187.4,189.6,187.4,189.5,800,14
2026-09-29 23:00:00,CRUDEOIL,PE,9350.0,CRUDEOIL15OCT269350PE,838.0,838.0,838.0,838.0,0,14
2026-09-29 23:00:00,CRUDEOIL,CE,9400.0,CRUDEOIL15OCT269400CE,177.0,177.9,176.0,177.4,4100,14
2026-09-29 23:00:00,CRUDEOIL,PE,9400.0,CRUDEOIL15OCT269400PE,885.0,885.0,882.8,882.8,100,14
2026-09-29 23:00:00,CRUDEOIL,CE,9450.0,CRUDEOIL15OCT269450CE,165.0,166.2,165.0,166.2,300,14
2026-09-29 23:00:00,CRUDEOIL,PE,9450.0,CRUDEOIL15OCT269450PE,779.2,779.2,779.2,779.2,0,14
2026-09-29 23:00:00,CRUDEOIL,CE,9500.0,CRUDEOIL15OCT269500CE,153.4,153.8,152.4,153.6,15600,14
2026-09-29 23:00:00,CRUDEOIL,PE,9500.0,CRUDEOIL15OCT269500PE,958.0,958.0,957.9,958.0,400,14
2026-09-29 23:00:00,CRUDEOIL,CE,9550.0,CRUDEOIL15OCT269550CE,143.7,144.7,143.7,144.5,700,14
2026-09-29 23:00:00,CRUDEOIL,PE,9550.0,CRUDEOIL15OCT269550PE,902.3,902.3,902.3,902.3,0,14
2026-09-29 23:00:00,CRUDEOIL,CE,9600.0,CRUDEOIL15OCT269600CE,135.0,136.1,134.7,136.1,2200,14
2026-09-29 23:00:00,CRUDEOIL,PE,9600.0,CRUDEOIL15OCT269600PE,1028.3,1028.3,1028.3,1028.3,0,14
2026-09-29 23:00:00,CRUDEOIL,CE,9650.0,CRUDEOIL15OCT269650CE,129.5,129.5,126.6,128.0,3100,14
2026-09-29 23:00:00,CRUDEOIL,PE,9650.0,CRUDEOIL15OCT269650PE,818.0,818.0,818.0,818.0,0,14
2026-09-29 23:00:00,CRUDEOIL,CE,9700.0,CRUDEOIL15OCT269700CE,118.2,119.4,118.0,119.4,1700,14
2026-09-29 23:00:00,CRUDEOIL,PE,9700.0,CRUDEOIL15OCT269700PE,1094.0,1094.0,1094.0,1094.0,0,14
2026-09-29 23:00:00,CRUDEOIL,CE,9750.0,CRUDEOIL15OCT269750CE,109.8,111.9,109.8,111.9,1200,14
2026-09-29 23:00:00,CRUDEOIL,PE,9750.0,CRUDEOIL15OCT269750PE,916.3,916.3,916.3,916.3,0,14
2026-09-29 23:00:00,CRUDEOIL,CE,9800.0,CRUDEOIL15OCT269800CE,103.2,104.7,103.2,104.5,2700,14
2026-09-29 23:00:00,CRUDEOIL,PE,9800.0,CRUDEOIL15OCT269800PE,1222.6,1222.6,1222.6,1222.6,0,14
2026-09-29 23:00:00,CRUDEOIL,CE,9850.0,CRUDEOIL15OCT269850CE,97.5,99.4,97.5,98.6,2100,14
2026-09-29 23:00:00,CRUDEOIL,PE,9850.0,CRUDEOIL15OCT269850PE,970.4,970.4,970.4,970.4,0,14
2026-09-29 23:00:00,CRUDEOIL,CE,9900.0,CRUDEOIL15OCT269900CE,92.4,93.7,92.4,93.5,1800,14
2026-09-29 23:00:00,CRUDEOIL,PE,9900.0,CRUDEOIL15OCT269900PE,1293.1,1293.1,1293.1,1293.1,0,14
2026-09-29 23:00:00,CRUDEOIL,CE,9950.0,CRUDEOIL15OCT269950CE,85.7,86.8,85.7,86.7,200,14
2026-09-29 23:00:00,CRUDEOIL,PE,9950.0,CRUDEOIL15OCT269950PE,1038.7,1038.7,1038.7,1038.7,0,14
2026-09-29 23:00:00,CRUDEOILM,FUT,0.0,CRUDEOILM19OCT26FUT,8692.0,8702.0,8686.0,8702.0,3830,14
2026-09-29 23:00:00,CRUDEOILM,CE,9350.0,CRUDEOILM15OCT269350CE,193.8,197.1,193.8,197.1,60,14
2026-09-29 23:00:00,CRUDEOILM,PE,9350.0,CRUDEOILM15OCT269350PE,849.95,849.95,849.95,849.95,0,14
2026-09-29 23:00:00,CRUDEOILM,CE,9400.0,CRUDEOILM15OCT269400CE,183.95,183.95,182.15,183.65,110,14
2026-09-29 23:00:00,CRUDEOILM,PE,9400.0,CRUDEOILM15OCT269400PE,882.1,882.1,882.1,882.1,0,14
2026-09-29 23:00:00,CRUDEOILM,CE,9450.0,CRUDEOILM15OCT269450CE,172.0,172.6,170.6,172.6,390,14
2026-09-29 23:00:00,CRUDEOILM,PE,9450.0,CRUDEOILM15OCT269450PE,922.65,922.65,922.65,922.65,0,14
2026-09-29 23:00:00,CRUDEOILM,CE,9500.0,CRUDEOILM15OCT269500CE,158.25,160.25,158.2,160.1,1400,14
2026-09-29 23:00:00,CRUDEOILM,PE,9500.0,CRUDEOILM15OCT269500PE,964.0,964.0,964.0,964.0,0,14
2026-09-29 23:00:00,CRUDEOILM,CE,9550.0,CRUDEOILM15OCT269550CE,150.0,150.0,150.0,150.0,0,14
2026-09-29 23:00:00,CRUDEOILM,PE,9550.0,CRUDEOILM15OCT269550PE,1009.75,1009.75,1009.75,1009.75,0,14
2026-09-29 23:00:00,CRUDEOILM,CE,9600.0,CRUDEOILM15OCT269600CE,141.2,142.05,140.55,141.0,870,14
2026-09-29 23:00:00,CRUDEOILM,PE,9600.0,CRUDEOILM15OCT269600PE,1052.35,1052.35,1045.7,1045.7,10,14
2026-09-29 23:00:00,CRUDEOILM,CE,9650.0,CRUDEOILM15OCT269650CE,130.1,133.45,130.1,133.45,100,14
2026-09-29 23:00:00,CRUDEOILM,PE,9650.0,CRUDEOILM15OCT269650PE,1015.65,1015.65,1015.65,1015.65,0,14
2026-09-29 23:00:00,CRUDEOILM,CE,9700.0,CRUDEOILM15OCT269700CE,123.6,124.45,122.75,123.7,160,14
2026-09-29 23:00:00,CRUDEOILM,PE,9700.0,CRUDEOILM15OCT269700PE,1112.1,1112.1,1112.1,1112.1,0,14
2026-09-29 23:00:00,CRUDEOILM,CE,9750.0,CRUDEOILM15OCT269750CE,114.5,114.5,114.5,114.5,0,14
2026-09-29 23:00:00,CRUDEOILM,PE,9750.0,CRUDEOILM15OCT269750PE,1004.7,1004.7,1004.7,1004.7,0,14
2026-09-29 23:00:00,CRUDEOILM,CE,9800.0,CRUDEOILM15OCT269800CE,108.75,109.4,108.4,108.85,410,14
2026-09-29 23:00:00,CRUDEOILM,PE,9800.0,CRUDEOILM15OCT269800PE,1124.5,1124.5,1124.5,1124.5,0,14
2026-09-29 23:00:00,CRUDEOILM,CE,9850.0,CRUDEOILM15OCT269850CE,100.4,102.7,100.4,102.7,20,14
2026-09-29 23:00:00,CRUDEOILM,PE,9850.0,CRUDEOILM15OCT269850PE,1089.85,1089.85,1089.85,1089.85,0,14
2026-09-29 23:00:00,CRUDEOILM,CE,9900.0,CRUDEOILM15OCT269900CE,96.65,97.45,96.35,97.05,720,14
2026-09-29 23:00:00,CRUDEOILM,PE,9900.0,CRUDEOILM15OCT269900PE,1312.3,1312.3,1312.3,1312.3,0,14
2026-09-29 23:00:00,CRUDEOILM,CE,9950.0,CRUDEOILM15OCT269950CE,90.8,91.55,90.45,90.65,1070,14
2026-09-29 23:00:00,CRUDEOILM,PE,9950.0,CRUDEOILM15OCT269950PE,1022.6,1022.6,1022.6,1022.6,0,14
2026-09-29 23:01:00,CRUDEOIL,FUT,0.0,CRUDEOIL19OCT26FUT,8697.0,8697.0,8691.0,8692.0,6600,14
2026-09-29 23:01:00,CRUDEOIL,CE,9350.0,CRUDEOIL15OCT269350CE,189.5,189.5,188.5,188.5,100,14
2026-09-29 23:01:00,CRUDEOIL,PE,9350.0,CRUDEOIL15OCT269350PE,838.0,838.0,838.0,838.0,0,14
2026-09-29 23:01:00,CRUDEOIL,CE,9400.0,CRUDEOIL15OCT269400CE,176.8,176.8,175.4,176.0,2700,14
2026-09-29 23:01:00,CRUDEOIL,PE,9400.0,CRUDEOIL15OCT269400PE,882.8,882.8,882.8,882.8,0,14
2026-09-29 23:01:00,CRUDEOIL,CE,9450.0,CRUDEOIL15OCT269450CE,166.2,166.2,164.0,164.0,300,14
2026-09-29 23:01:00,CRUDEOIL,PE,9450.0,CRUDEOIL15OCT269450PE,779.2,779.2,779.2,779.2,0,14
2026-09-29 23:01:00,CRUDEOIL,CE,9500.0,CRUDEOIL15OCT269500CE,153.2,153.2,151.8,152.1,5500,14
2026-09-29 23:01:00,CRUDEOIL,PE,9500.0,CRUDEOIL15OCT269500PE,958.0,958.0,958.0,958.0,0,14
2026-09-29 23:01:00,CRUDEOIL,CE,9550.0,CRUDEOIL15OCT269550CE,144.5,144.5,144.5,144.5,0,14
2026-09-29 23:01:00,CRUDEOIL,PE,9550.0,CRUDEOIL15OCT269550PE,902.3,902.3,902.3,902.3,0,14
2026-09-29 23:01:00,CRUDEOIL,CE,9600.0,CRUDEOIL15OCT269600CE,135.6,135.6,134.4,134.4,700,14
2026-09-29 23:01:00,CRUDEOIL,PE,9600.0,CRUDEOIL15OCT269600PE,1028.3,1028.3,1028.3,1028.3,0,14
2026-09-29 23:01:00,CRUDEOIL,CE,9650.0,CRUDEOIL15OCT269650CE,128.0,128.0,125.9,125.9,4600,14
2026-09-29 23:01:00,CRUDEOIL,PE,9650.0,CRUDEOIL15OCT269650PE,818.0,818.0,818.0,818.0,0,14
2026-09-29 23:01:00,CRUDEOIL,CE,9700.0,CRUDEOIL15OCT269700CE,119.0,119.3,118.0,118.2,5100,14
2026-09-29 23:01:00,CRUDEOIL,PE,9700.0,CRUDEOIL15OCT269700PE,1094.0,1094.0,1094.0,1094.0,0,14
2026-09-29 23:01:00,CRUDEOIL,CE,9750.0,CRUDEOIL15OCT269750CE,111.8,111.8,111.8,111.8,0,14
2026-09-29 23:01:00,CRUDEOIL,PE,9750.0,CRUDEOIL15OCT269750PE,916.3,916.3,916.3,916.3,0,14
2026-09-29 23:01:00,CRUDEOIL,CE,9800.0,CRUDEOIL15OCT269800CE,104.4,104.4,103.4,103.6,1000,14
2026-09-29 23:01:00,CRUDEOIL,PE,9800.0,CRUDEOIL15OCT269800PE,1222.6,1222.6,1222.6,1222.6,0,14
2026-09-29 23:01:00,CRUDEOIL,CE,9850.0,CRUDEOIL15OCT269850CE,98.6,98.9,98.6,98.9,1000,14
2026-09-29 23:01:00,CRUDEOIL,PE,9850.0,CRUDEOIL15OCT269850PE,970.4,970.4,970.4,970.4,0,14
2026-09-29 23:01:00,CRUDEOIL,CE,9900.0,CRUDEOIL15OCT269900CE,93.4,93.4,92.6,92.7,500,14
2026-09-29 23:01:00,CRUDEOIL,PE,9900.0,CRUDEOIL15OCT269900PE,1293.1,1293.1,1293.1,1293.1,0,14
2026-09-29 23:01:00,CRUDEOIL,CE,9950.0,CRUDEOIL15OCT269950CE,86.3,86.3,86.3,86.3,0,14
2026-09-29 23:01:00,CRUDEOIL,PE,9950.0,CRUDEOIL15OCT269950PE,1038.7,1038.7,1038.7,1038.7,0,14
2026-09-29 23:01:00,CRUDEOILM,FUT,0.0,CRUDEOILM19OCT26FUT,8697.0,8697.0,8690.0,8695.0,700,14
2026-09-29 23:01:00,CRUDEOILM,CE,9350.0,CRUDEOILM15OCT269350CE,195.8,195.95,195.35,195.95,30,14
2026-09-29 23:01:00,CRUDEOILM,PE,9350.0,CRUDEOILM15OCT269350PE,849.95,849.95,849.95,849.95,0,14
2026-09-29 23:01:00,CRUDEOILM,CE,9400.0,CRUDEOILM15OCT269400CE,183.65,183.65,182.25,182.65,190,14
2026-09-29 23:01:00,CRUDEOILM,PE,9400.0,CRUDEOILM15OCT269400PE,882.1,882.1,882.1,882.1,0,14
2026-09-29 23:01:00,CRUDEOILM,CE,9450.0,CRUDEOILM15OCT269450CE,172.6,172.6,170.85,171.0,40,14
2026-09-29 23:01:00,CRUDEOILM,PE,9450.0,CRUDEOILM15OCT269450PE,922.65,922.65,922.65,922.65,0,14
2026-09-29 23:01:00,CRUDEOILM,CE,9500.0,CRUDEOILM15OCT269500CE,159.65,159.65,158.05,158.05,380,14
2026-09-29 23:01:00,CRUDEOILM,PE,9500.0,CRUDEOILM15OCT269500PE,964.0,964.0,964.0,964.0,10,14
2026-09-29 23:01:00,CRUDEOILM,CE,9550.0,CRUDEOILM15OCT269550CE,151.05,151.05,150.15,150.2,230,14
2026-09-29 23:01:00,CRUDEOILM,PE,9550.0,CRUDEOILM15OCT269550PE,1009.75,1009.75,1009.75,1009.75,0,14
2026-09-29 23:01:00,CRUDEOILM,CE,9600.0,CRUDEOILM15OCT269600CE,141.2,141.2,140.1,140.2,510,14
2026-09-29 23:01:00,CRUDEOILM,PE,9600.0,CRUDEOILM15OCT269600PE,1045.7,1045.7,1045.7,1045.7,0,14
2026-09-29 23:01:00,CRUDEOILM,CE,9650.0,CRUDEOILM15OCT269650CE,133.45,133.45,131.15,131.15,60,14
2026-09-29 23:01:00,CRUDEOILM,PE,9650.0,CRUDEOILM15OCT269650PE,1015.65,1015.65,1015.65,1015.65,0,14
2026-09-29 23:01:00,CRUDEOILM,CE,9700.0,CRUDEOILM15OCT269700CE,123.05,123.05,123.05,123.05,0,14
2026-09-29 23:01:00,CRUDEOILM,PE,9700.0,CRUDEOILM15OCT269700PE,1112.1,1112.1,1112.1,1112.1,0,14
2026-09-29 23:01:00,CRUDEOILM,CE,9750.0,CRUDEOILM15OCT269750CE,114.5,114.5,114.5,114.5,0,14
2026-09-29 23:01:00,CRUDEOILM,PE,9750.0,CRUDEOILM15OCT269750PE,1004.7,1004.7,1004.7,1004.7,0,14
2026-09-29 23:01:00,CRUDEOILM,CE,9800.0,CRUDEOILM15OCT269800CE,108.45,108.45,107.85,107.85,70,14
2026-09-29 23:01:00,CRUDEOILM,PE,9800.0,CRUDEOILM15OCT269800PE,1124.5,1124.5,1124.5,1124.5,0,14
2026-09-29 23:01:00,CRUDEOILM,CE,9850.0,CRUDEOILM15OCT269850CE,102.7,102.7,102.7,102.7,0,14
2026-09-29 23:01:00,CRUDEOILM,PE,9850.0,CRUDEOILM15OCT269850PE,1089.85,1089.85,1089.85,1089.85,0,14
2026-09-29 23:01:00,CRUDEOILM,CE,9900.0,CRUDEOILM15OCT269900CE,96.3,96.3,95.75,95.75,20,14
2026-09-29 23:01:00,CRUDEOILM,PE,9900.0,CRUDEOILM15OCT269900PE,1312.3,1312.3,1312.3,1312.3,0,14
2026-09-29 23:01:00,CRUDEOILM,CE,9950.0,CRUDEOILM15OCT269950CE,91.0,91.0,91.0,91.0,0,14
2026-09-29 23:01:00,CRUDEOILM,PE,9950.0,CRUDEOILM15OCT269950PE,1022.6,1022.6,1022.6,1022.6,0,14
2026-09-29 23:02:00,CRUDEOIL,FUT,0.0,CRUDEOIL19OCT26FUT,8692.0,8700.0,8690.0,8696.0,4000,14
2026-09-29 23:02:00,CRUDEOIL,CE,9350.0,CRUDEOIL15OCT269350CE,188.5,190.8,188.5,190.8,1700,14
2026-09-29 23:02:00,CRUDEOIL,PE,9350.0,CRUDEOIL15OCT269350PE,838.0,838.0,838.0,838.0,0,14
2026-09-29 23:02:00,CRUDEOIL,CE,9400.0,CRUDEOIL15OCT269400CE,176.0,178.0,176.0,177.5,4000,14
2026-09-29 23:02:00,CRUDEOIL,PE,9400.0,CRUDEOIL15OCT269400PE,882.8,882.8,876.6,876.6,200,14
2026-09-29 23:02:00,CRUDEOIL,CE,9450.0,CRUDEOIL15OCT269450CE,164.0,166.0,164.0,166.0,500,14
2026-09-29 23:02:00,CRUDEOIL,PE,9450.0,CRUDEOIL15OCT269450PE,779.2,779.2,779.2,779.2,0,14
2026-09-29 23:02:00,CRUDEOIL,CE,9500.0,CRUDEOIL15OCT269500CE,152.6,154.3,152.6,153.4,5500,14
2026-09-29 23:02:00,CRUDEOIL,PE,9500.0,CRUDEOIL15OCT269500PE,958.0,958.0,951.0,951.0,500,14
2026-09-29 23:02:00,CRUDEOIL,CE,9550.0,CRUDEOIL15OCT269550CE,144.5,145.6,144.5,144.5,1200,14
2026-09-29 23:02:00,CRUDEOIL,PE,9550.0,CRUDEOIL15OCT269550PE,902.3,902.3,902.3,902.3,0,14
2026-09-29 23:02:00,CRUDEOIL,CE,9600.0,CRUDEOIL15OCT269600CE,134.4,136.6,134.4,135.7,1700,14
2026-09-29 23:02:00,CRUDEOIL,PE,9600.0,CRUDEOIL15OCT269600PE,1028.3,1028.3,1028.3,1028.3,0,14
2026-09-29 23:02:00,CRUDEOIL,CE,9650.0,CRUDEOIL15OCT269650CE,125.9,128.0,125.9,128.0,2100,14
2026-09-29 23:02:00,CRUDEOIL,PE,9650.0,CRUDEOIL15OCT269650PE,818.0,818.0,818.0,818.0,0,14
2026-09-29 23:02:00,CRUDEOIL,CE,9700.0,CRUDEOIL15OCT269700CE,118.2,119.6,118.2,119.6,1900,14
2026-09-29 23:02:00,CRUDEOIL,PE,9700.0,CRUDEOIL15OCT269700PE,1094.0,1094.0,1094.0,1094.0,0,14
2026-09-29 23:02:00,CRUDEOIL,CE,9750.0,CRUDEOIL15OCT269750CE,111.8,112.0,110.9,112.0,2800,14
2026-09-29 23:02:00,CRUDEOIL,PE,9750.0,CRUDEOIL15OCT269750PE,916.3,916.3,916.3,916.3,0,14
2026-09-29 23:02:00,CRUDEOIL,CE,9800.0,CRUDEOIL15OCT269800CE,103.6,105.0,103.6,104.0,1900,14
2026-09-29 23:02:00,CRUDEOIL,PE,9800.0,CRUDEOIL15OCT269800PE,1222.6,1222.6,1222.6,1222.6,0,14
2026-09-29 23:02:00,CRUDEOIL,CE,9850.0,CRUDEOIL15OCT269850CE,98.9,99.2,98.6,98.9,3100,14
2026-09-29 23:02:00,CRUDEOIL,PE,9850.0,CRUDEOIL15OCT269850PE,970.4,970.4,970.4,970.4,0,14
2026-09-29 23:02:00,CRUDEOIL,CE,9900.0,CRUDEOIL15OCT269900CE,92.7,93.9,92.4,92.4,2500,14
2026-09-29 23:02:00,CRUDEOIL,PE,9900.0,CRUDEOIL15OCT269900PE,1293.1,1293.1,1293.1,1293.1,0,14
2026-09-29 23:02:00,CRUDEOIL,CE,9950.0,CRUDEOIL15OCT269950CE,86.3,87.1,86.3,87.1,200,14
2026-09-29 23:02:00,CRUDEOIL,PE,9950.0,CRUDEOIL15OCT269950PE,1038.7,1038.7,1038.7,1038.7,0,14
2026-09-29 23:02:00,CRUDEOILM,FUT,0.0,CRUDEOILM19OCT26FUT,8695.0,8699.0,8692.0,8695.0,600,14
2026-09-29 23:02:00,CRUDEOILM,CE,9350.0,CRUDEOILM15OCT269350CE,195.95,196.4,195.95,196.4,130,14
2026-09-29 23:02:00,CRUDEOILM,PE,9350.0,CRUDEOILM15OCT269350PE,849.95,849.95,849.95,849.95,0,14
2026-09-29 23:02:00,CRUDEOILM,CE,9400.0,CRUDEOILM15OCT269400CE,182.65,183.6,182.65,183.15,280,14
2026-09-29 23:02:00,CRUDEOILM,PE,9400.0,CRUDEOILM15OCT269400PE,882.1,882.1,882.1,882.1,0,14
2026-09-29 23:02:00,CRUDEOILM,CE,9450.0,CRUDEOILM15OCT269450CE,171.0,172.2,171.0,172.0,230,14
2026-09-29 23:02:00,CRUDEOILM,PE,9450.0,CRUDEOILM15OCT269450PE,922.65,922.65,922.65,922.65,0,14
2026-09-29 23:02:00,CRUDEOILM,CE,9500.0,CRUDEOILM15OCT269500CE,158.05,159.9,158.05,158.15,790,14
2026-09-29 23:02:00,CRUDEOILM,PE,9500.0,CRUDEOILM15OCT269500PE,964.0,964.0,964.0,964.0,0,14
2026-09-29 23:02:00,CRUDEOILM,CE,9550.0,CRUDEOILM15OCT269550CE,150.2,150.9,149.15,149.55,130,14
2026-09-29 23:02:00,CRUDEOILM,PE,9550.0,CRUDEOILM15OCT269550PE,1009.75,1009.75,1009.75,1009.75,0,14
2026-09-29 23:02:00,CRUDEOILM,CE,9600.0,CRUDEOILM15OCT269600CE,140.2,141.85,140.2,140.6,300,14
2026-09-29 23:02:00,CRUDEOILM,PE,9600.0,CRUDEOILM15OCT269600PE,1045.7,1045.7,1045.7,1045.7,0,14
2026-09-29 23:02:00,CRUDEOILM,CE,9650.0,CRUDEOILM15OCT269650CE,131.15,132.0,131.15,132.0,90,14
2026-09-29 23:02:00,CRUDEOILM,PE,9650.0,CRUDEOILM15OCT269650PE,1015.65,1015.65,1015.65,1015.65,0,14
2026-09-29 23:02:00,CRUDEOILM,CE,9700.0,CRUDEOILM15OCT269700CE,123.05,123.2,122.15,122.15,960,14
2026-09-29 23:02:00,CRUDEOILM,PE,9700.0,CRUDEOILM15OCT269700PE,1112.1,1112.1,1112.1,1112.1,0,14
2026-09-29 23:02:00,CRUDEOILM,CE,9750.0,CRUDEOILM15OCT269750CE,114.5,116.1,114.5,115.35,130,14
2026-09-29 23:02:00,CRUDEOILM,PE,9750.0,CRUDEOILM15OCT269750PE,1004.7,1004.7,1004.7,1004.7,0,14
2026-09-29 23:02:00,CRUDEOILM,CE,9800.0,CRUDEOILM15OCT269800CE,107.85,108.95,107.7,107.85,150,14
2026-09-29 23:02:00,CRUDEOILM,PE,9800.0,CRUDEOILM15OCT269800PE,1124.5,1124.5,1124.5,1124.5,0,14
2026-09-29 23:02:00,CRUDEOILM,CE,9850.0,CRUDEOILM15OCT269850CE,102.7,102.7,101.45,101.75,160,14
2026-09-29 23:02:00,CRUDEOILM,PE,9850.0,CRUDEOILM15OCT269850PE,1089.85,1089.85,1089.85,1089.85,0,14
2026-09-29 23:02:00,CRUDEOILM,CE,9900.0,CRUDEOILM15OCT269900CE,95.75,97.05,95.75,96.45,110,14
2026-09-29 23:02:00,CRUDEOILM,PE,9900.0,CRUDEOILM15OCT269900PE,1312.3,1312.3,1312.3,1312.3,0,14
2026-09-29 23:02:00,CRUDEOILM,CE,9950.0,CRUDEOILM15OCT269950CE,91.0,91.2,90.85,91.2,20,14
2026-09-29 23:02:00,CRUDEOILM,PE,9950.0,CRUDEOILM15OCT269950PE,1022.6,1022.6,1022.6,1022.6,0,14
2026-09-29 23:03:00,CRUDEOIL,FUT,0.0,CRUDEOIL19OCT26FUT,8696.0,8703.0,8696.0,8703.0,1600,14
2026-09-29 23:03:00,CRUDEOIL,CE,9350.0,CRUDEOIL15OCT269350CE,190.8,190.8,190.8,190.8,0,14
2026-09-29 23:03:00,CRUDEOIL,PE,9350.0,CRUDEOIL15OCT269350PE,838.0,838.0,838.0,838.0,0,14
2026-09-29 23:03:00,CRUDEOIL,CE,9400.0,CRUDEOIL15OCT269400CE,177.0,177.6,177.0,177.6,300,14
2026-09-29 23:03:00,CRUDEOIL,PE,9400.0,CRUDEOIL15OCT269400PE,876.6,876.6,876.6,876.6,0,14
2026-09-29 23:03:00,CRUDEOIL,CE,9450.0,CRUDEOIL15OCT269450CE,166.0,167.0,166.0,166.7,400,14
2026-09-29 23:03:00,CRUDEOIL,PE,9450.0,CRUDEOIL15OCT269450PE,779.2,779.2,779.2,779.2,0,14
2026-09-29 23:03:00,CRUDEOIL,CE,9500.0,CRUDEOIL15OCT269500CE,153.1,154.4,153.1,154.0,14500,14
2026-09-29 23:03:00,CRUDEOIL,PE,9500.0,CRUDEOIL15OCT269500PE,951.0,951.0,945.0,945.0,200,14
2026-09-29 23:03:00,CRUDEOIL,CE,9550.0,CRUDEOIL15OCT269550CE,144.5,144.5,144.5,144.5,0,14
2026-09-29 23:03:00,CRUDEOIL,PE,9550.0,CRUDEOIL15OCT269550PE,902.3,902.3,902.3,902.3,0,14
2026-09-29 23:03:00,CRUDEOIL,CE,9600.0,CRUDEOIL15OCT269600CE,135.7,135.7,135.6,135.6,200,14
2026-09-29 23:03:00,CRUDEOIL,PE,9600.0,CRUDEOIL15OCT269600PE,1028.3,1028.3,1028.3,1028.3,0,14
2026-09-29 23:03:00,CRUDEOIL,CE,9650.0,CRUDEOIL15OCT269650CE,128.0,128.0,127.0,127.0,200,14
2026-09-29 23:03:00,CRUDEOIL,PE,9650.0,CRUDEOIL15OCT269650PE,818.0,818.0,818.0,818.0,0,14
2026-09-29 23:03:00,CRUDEOIL,CE,9700.0,CRUDEOIL15OCT269700CE,119.0,119.6,119.0,119.1,700,14
2026-09-29 23:03:00,CRUDEOIL,PE,9700.0,CRUDEOIL15OCT269700PE,1094.0,1094.0,1094.0,1094.0,0,14
2026-09-29 23:03:00,CRUDEOIL,CE,9750.0,CRUDEOIL15OCT269750CE,112.0,112.0,112.0,112.0,0,14
2026-09-29 23:03:00,CRUDEOIL,PE,9750.0,CRUDEOIL15OCT269750PE,916.3,916.3,916.3,916.3,0,14
2026-09-29 23:03:00,CRUDEOIL,CE,9800.0,CRUDEOIL15OCT269800CE,104.0,104.9,104.0,104.3,1900,14
2026-09-29 23:03:00,CRUDEOIL,PE,9800.0,CRUDEOIL15OCT269800PE,1222.6,1222.6,1222.6,1222.6,0,14
2026-09-29 23:03:00,CRUDEOIL,CE,9850.0,CRUDEOIL15OCT269850CE,98.9,98.9,98.9,98.9,0,14
2026-09-29 23:03:00,CRUDEOIL,PE,9850.0,CRUDEOIL15OCT269850PE,970.4,970.4,970.4,970.4,0,14
2026-09-29 23:03:00,CRUDEOIL,CE,9900.0,CRUDEOIL15OCT269900CE,92.4,93.4,92.4,93.2,1400,14
2026-09-29 23:03:00,CRUDEOIL,PE,9900.0,CRUDEOIL15OCT269900PE,1293.1,1293.1,1293.1,1293.1,0,14
2026-09-29 23:03:00,CRUDEOIL,CE,9950.0,CRUDEOIL15OCT269950CE,87.1,87.1,87.1,87.1,0,14
2026-09-29 23:03:00,CRUDEOIL,PE,9950.0,CRUDEOIL15OCT269950PE,1038.7,1038.7,1038.7,1038.7,0,14
2026-09-29 23:03:00,CRUDEOILM,FUT,0.0,CRUDEOILM19OCT26FUT,8695.0,8706.0,8695.0,8706.0,1740,14
2026-09-29 23:03:00,CRUDEOILM,CE,9350.0,CRUDEOILM15OCT269350CE,195.25,196.2,195.25,195.8,30,14
2026-09-29 23:03:00,CRUDEOILM,PE,9350.0,CRUDEOILM15OCT269350PE,849.95,849.95,849.95,849.95,0,14
2026-09-29 23:03:00,CRUDEOILM,CE,9400.0,CRUDEOILM15OCT269400CE,183.15,183.15,182.9,182.9,80,14
2026-09-29 23:03:00,CRUDEOILM,PE,9400.0,CRUDEOILM15OCT269400PE,882.1,882.1,877.4,877.4,10,14
2026-09-29 23:03:00,CRUDEOILM,CE,9450.0,CRUDEOILM15OCT269450CE,172.0,172.0,171.05,171.65,580,14
2026-09-29 23:03:00,CRUDEOILM,PE,9450.0,CRUDEOILM15OCT269450PE,922.65,922.65,922.65,922.65,0,14
2026-09-29 23:03:00,CRUDEOILM,CE,9500.0,CRUDEOILM15OCT269500CE,159.0,160.05,158.95,159.4,2540,14
2026-09-29 23:03:00,CRUDEOILM,PE,9500.0,CRUDEOILM15OCT269500PE,964.0,964.0,957.85,957.85,10,14
2026-09-29 23:03:00,CRUDEOILM,CE,9550.0,CRUDEOILM15OCT269550CE,149.55,150.4,149.55,149.55,20,14
2026-09-29 23:03:00,CRUDEOILM,PE,9550.0,CRUDEOILM15OCT269550PE,1009.75,1009.75,1009.75,1009.75,0,14
2026-09-29 23:03:00,CRUDEOILM,CE,9600.0,CRUDEOILM15OCT269600CE,140.6,141.55,140.6,140.9,270,14
2026-09-29 23:03:00,CRUDEOILM,PE,9600.0,CRUDEOILM15OCT269600PE,1045.7,1045.7,1045.7,1045.7,0,14
2026-09-29 23:03:00,CRUDEOILM,CE,9650.0,CRUDEOILM15OCT269650CE,132.0,132.0,132.0,132.0,100,14
2026-09-29 23:03:00,CRUDEOILM,PE,9650.0,CRUDEOILM15OCT269650PE,1015.65,1015.65,1015.65,1015.65,0,14
2026-09-29 23:03:00,CRUDEOILM,CE,9700.0,CRUDEOILM15OCT269700CE,122.15,123.0,122.15,122.55,320,14
2026-09-29 23:03:00,CRUDEOILM,PE,9700.0,CRUDEOILM15OCT269700PE,1112.1,1127.0,1112.1,1127.0,10,14
2026-09-29 23:03:00,CRUDEOILM,CE,9750.0,CRUDEOILM15OCT269750CE,115.35,115.35,115.35,115.35,0,14
2026-09-29 23:03:00,CRUDEOILM,PE,9750.0,CRUDEOILM15OCT269750PE,1004.7,1004.7,1004.7,1004.7,0,14
2026-09-29 23:03:00,CRUDEOILM,CE,9800.0,CRUDEOILM15OCT269800CE,107.85,108.7,107.85,108.45,220,14
2026-09-29 23:03:00,CRUDEOILM,PE,9800.0,CRUDEOILM15OCT269800PE,1124.5,1124.5,1124.5,1124.5,0,14
2026-09-29 23:03:00,CRUDEOILM,CE,9850.0,CRUDEOILM15OCT269850CE,101.75,101.75,101.6,101.6,40,14
2026-09-29 23:03:00,CRUDEOILM,PE,9850.0,CRUDEOILM15OCT269850PE,1089.85,1089.85,1089.85,1089.85,0,14
2026-09-29 23:03:00,CRUDEOILM,CE,9900.0,CRUDEOILM15OCT269900CE,95.9,96.2,95.65,95.65,250,14
2026-09-29 23:03:00,CRUDEOILM,PE,9900.0,CRUDEOILM15OCT269900PE,1312.3,1312.3,1312.3,1312.3,0,14
2026-09-29 23:03:00,CRUDEOILM,CE,9950.0,CRUDEOILM15OCT269950CE,91.2,91.2,89.7,89.7,180,14
2026-09-29 23:03:00,CRUDEOILM,PE,9950.0,CRUDEOILM15OCT269950PE,1022.6,1022.6,1022.6,1022.6,0,14
2026-09-29 23:04:00,CRUDEOIL,FUT,0.0,CRUDEOIL19OCT26FUT,8703.0,8703.0,8696.0,8696.0,1400,14
2026-09-29 23:04:00,CRUDEOIL,CE,9350.0,CRUDEOIL15OCT269350CE,190.0,190.0,189.7,189.7,100,14
2026-09-29 23:04:00,CRUDEOIL,PE,9350.0,CRUDEOIL15OCT269350PE,838.0,838.0,838.0,838.0,0,14
2026-09-29 23:04:00,CRUDEOIL,CE,9400.0,CRUDEOIL15OCT269400CE,177.6,177.6,177.0,177.0,200,14
2026-09-29 23:04:00,CRUDEOIL,PE,9400.0,CRUDEOIL15OCT269400PE,876.6,876.6,876.6,876.6,0,14
2026-09-29 23:04:00,CRUDEOIL,CE,9450.0,CRUDEOIL15OCT269450CE,166.7,166.7,166.7,166.7,0,14
2026-09-29 23:04:00,CRUDEOIL,PE,9450.0,CRUDEOIL15OCT269450PE,779.2,779.2,779.2,779.2,0,14
2026-09-29 23:04:00,CRUDEOIL,CE,9500.0,CRUDEOIL15OCT269500CE,153.4,154.3,153.4,153.7,6000,14
2026-09-29 23:04:00,CRUDEOIL,PE,9500.0,CRUDEOIL15OCT269500PE,945.0,945.0,945.0,945.0,0,14
2026-09-29 23:04:00,CRUDEOIL,CE,9550.0,CRUDEOIL15OCT269550CE,144.5,144.8,144.5,144.8,100,14
2026-09-29 23:04:00,CRUDEOIL,PE,9550.0,CRUDEOIL15OCT269550PE,902.3,902.3,902.3,902.3,0,14
2026-09-29 23:04:00,CRUDEOIL,CE,9600.0,CRUDEOIL15OCT269600CE,135.9,135.9,135.6,135.6,500,14
2026-09-29 23:04:00,CRUDEOIL,PE,9600.0,CRUDEOIL15OCT269600PE,1028.3,1028.3,1028.3,1028.3,0,14
2026-09-29 23:04:00,CRUDEOIL,CE,9650.0,CRUDEOIL15OCT269650CE,127.0,127.7,127.0,127.7,500,14
2026-09-29 23:04:00,CRUDEOIL,PE,9650.0,CRUDEOIL15OCT269650PE,818.0,818.0,818.0,818.0,0,14
2026-09-29 23:04:00,CRUDEOIL,CE,9700.0,CRUDEOIL15OCT269700CE,119.1,120.2,119.1,120.2,3900,14
2026-09-29 23:04:00,CRUDEOIL,PE,9700.0,CRUDEOIL15OCT269700PE,1094.0,1094.0,1094.0,1094.0,0,14
2026-09-29 23:04:00,CRUDEOIL,CE,9750.0,CRUDEOIL15OCT269750CE,112.0,112.4,112.0,112.4,1000,14
2026-09-29 23:04:00,CRUDEOIL,PE,9750.0,CRUDEOIL15OCT269750PE,916.3,916.3,916.3,916.3,0,14
2026-09-29 23:04:00,CRUDEOIL,CE,9800.0,CRUDEOIL15OCT269800CE,104.3,105.0,104.3,105.0,1500,14
2026-09-29 23:04:00,CRUDEOIL,PE,9800.0,CRUDEOIL15OCT269800PE,1222.6,1222.6,1222.6,1222.6,0,14
2026-09-29 23:04:00,CRUDEOIL,CE,9850.0,CRUDEOIL15OCT269850CE,98.9,99.3,98.9,99.3,1000,14
2026-09-29 23:04:00,CRUDEOIL,PE,9850.0,CRUDEOIL15OCT269850PE,970.4,970.4,970.4,970.4,0,14
2026-09-29 23:04:00,CRUDEOIL,CE,9900.0,CRUDEOIL15OCT269900CE,93.2,93.4,93.1,93.1,400,14
2026-09-29 23:04:00,CRUDEOIL,PE,9900.0,CRUDEOIL15OCT269900PE,1293.1,1293.1,1293.1,1293.1,0,14
2026-09-29 23:04:00,CRUDEOIL,CE,9950.0,CRUDEOIL15OCT269950CE,87.1,87.1,86.4,86.4,100,14
2026-09-29 23:04:00,CRUDEOIL,PE,9950.0,CRUDEOIL15OCT269950PE,1038.7,1038.7,1038.7,1038.7,0,14
2026-09-29 23:04:00,CRUDEOILM,FUT,0.0,CRUDEOILM19OCT26FUT,8704.0,8704.0,8700.0,8700.0,1000,14
2026-09-29 23:04:00,CRUDEOILM,CE,9350.0,CRUDEOILM15OCT269350CE,195.15,195.8,194.9,194.9,140,14
2026-09-29 23:04:00,CRUDEOILM,PE,9350.0,CRUDEOILM15OCT269350PE,849.95,849.95,849.95,849.95,0,14
2026-09-29 23:04:00,CRUDEOILM,CE,9400.0,CRUDEOILM15OCT269400CE,182.3,182.35,182.3,182.35,140,14
2026-09-29 23:04:00,CRUDEOILM,PE,9400.0,CRUDEOILM15OCT269400PE,877.4,877.4,877.4,877.4,0,14
2026-09-29 23:04:00,CRUDEOILM,CE,9450.0,CRUDEOILM15OCT269450CE,171.5,171.5,171.25,171.25,20,14
2026-09-29 23:04:00,CRUDEOILM,PE,9450.0,CRUDEOILM15OCT269450PE,922.65,922.65,922.65,922.65,0,14
2026-09-29 23:04:00,CRUDEOILM,CE,9500.0,CRUDEOILM15OCT269500CE,159.3,160.0,158.85,159.4,1960,14
2026-09-29 23:04:00,CRUDEOILM,PE,9500.0,CRUDEOILM15OCT269500PE,957.85,957.85,957.85,957.85,0,14
2026-09-29 23:04:00,CRUDEOILM,CE,9550.0,CRUDEOILM15OCT269550CE,149.55,149.55,149.55,149.55,0,14
2026-09-29 23:04:00,CRUDEOILM,PE,9550.0,CRUDEOILM15OCT269550PE,1009.75,1009.75,1009.75,1009.75,0,14
2026-09-29 23:04:00,CRUDEOILM,CE,9600.0,CRUDEOILM15OCT269600CE,140.3,140.75,140.3,140.75,60,14
2026-09-29 23:04:00,CRUDEOILM,PE,9600.0,CRUDEOILM15OCT269600PE,1045.7,1045.7,1045.7,1045.7,0,14
2026-09-29 23:04:00,CRUDEOILM,CE,9650.0,CRUDEOILM15OCT269650CE,132.0,132.0,132.0,132.0,0,14
2026-09-29 23:04:00,CRUDEOILM,PE,9650.0,CRUDEOILM15OCT269650PE,1015.65,1015.65,1015.65,1015.65,0,14
2026-09-29 23:04:00,CRUDEOILM,CE,9700.0,CRUDEOILM15OCT269700CE,122.2,122.85,122.2,122.85,20,14
2026-09-29 23:04:00,CRUDEOILM,PE,9700.0,CRUDEOILM15OCT269700PE,1127.0,1127.0,1127.0,1127.0,0,14
2026-09-29 23:04:00,CRUDEOILM,CE,9750.0,CRUDEOILM15OCT269750CE,115.35,115.55,115.35,115.55,70,14
2026-09-29 23:04:00,CRUDEOILM,PE,9750.0,CRUDEOILM15OCT269750PE,1004.7,1004.7,1004.7,1004.7,0,14
2026-09-29 23:04:00,CRUDEOILM,CE,9800.0,CRUDEOILM15OCT269800CE,107.75,108.35,107.75,108.35,30,14
2026-09-29 23:04:00,CRUDEOILM,PE,9800.0,CRUDEOILM15OCT269800PE,1124.5,1124.5,1124.5,1124.5,0,14
2026-09-29 23:04:00,CRUDEOILM,CE,9850.0,CRUDEOILM15OCT269850CE,101.6,101.6,101.6,101.6,0,14
2026-09-29 23:04:00,CRUDEOILM,PE,9850.0,CRUDEOILM15OCT269850PE,1089.85,1089.85,1089.85,1089.85,0,14
2026-09-29 23:04:00,CRUDEOILM,CE,9900.0,CRUDEOILM15OCT269900CE,95.75,95.75,95.75,95.75,0,14
2026-09-29 23:04:00,CRUDEOILM,PE,9900.0,CRUDEOILM15OCT269900PE,1312.3,1312.3,1312.3,1312.3,0,14
2026-09-29 23:04:00,CRUDEOILM,CE,9950.0,CRUDEOILM15OCT269950CE,89.7,89.7,89.7,89.7,0,14
2026-09-29 23:04:00,CRUDEOILM,PE,9950.0,CRUDEOILM15OCT269950PE,1022.6,1022.6,1022.6,1022.6,0,14
2026-09-29 23:05:00,CRUDEOIL,FUT,0.0,CRUDEOIL19OCT26FUT,8696.0,8699.0,8696.0,8699.0,1500,14
2026-09-29 23:05:00,CRUDEOIL,CE,9350.0,CRUDEOIL15OCT269350CE,189.7,190.0,189.7,190.0,100,14
2026-09-29 23:05:00,CRUDEOIL,PE,9350.0,CRUDEOIL15OCT269350PE,838.0,838.0,838.0,838.0,0,14
2026-09-29 23:05:00,CRUDEOIL,CE,9400.0,CRUDEOIL15OCT269400CE,177.0,178.0,177.0,177.2,900,14
2026-09-29 23:05:00,CRUDEOIL,PE,9400.0,CRUDEOIL15OCT269400PE,876.6,876.6,876.6,876.6,0,14
2026-09-29 23:05:00,CRUDEOIL,CE,9450.0,CRUDEOIL15OCT269450CE,166.7,166.7,166.7,166.7,0,14
2026-09-29 23:05:00,CRUDEOIL,PE,9450.0,CRUDEOIL15OCT269450PE,779.2,779.2,779.2,779.2,0,14
2026-09-29 23:05:00,CRUDEOIL,CE,9500.0,CRUDEOIL15OCT269500CE,154.0,154.4,153.4,154.0,6100,14
2026-09-29 23:05:00,CRUDEOIL,PE,9500.0,CRUDEOIL15OCT269500PE,945.0,945.0,945.0,945.0,0,14
2026-09-29 23:05:00,CRUDEOIL,CE,9550.0,CRUDEOIL15OCT269550CE,144.8,144.8,144.8,144.8,0,14
2026-09-29 23:05:00,CRUDEOIL,PE,9550.0,CRUDEOIL15OCT269550PE,902.3,902.3,902.3,902.3,0,14
2026-09-29 23:05:00,CRUDEOIL,CE,9600.0,CRUDEOIL15OCT269600CE,135.6,136.4,135.5,135.7,900,14
2026-09-29 23:05:00,CRUDEOIL,PE,9600.0,CRUDEOIL15OCT269600PE,1028.3,1028.3,1028.3,1028.3,0,14
2026-09-29 23:05:00,CRUDEOIL,CE,9650.0,CRUDEOIL15OCT269650CE,127.7,127.7,127.7,127.7,0,14
2026-09-29 23:05:00,CRUDEOIL,PE,9650.0,CRUDEOIL15OCT269650PE,818.0,818.0,818.0,818.0,0,14
2026-09-29 23:05:00,CRUDEOIL,CE,9700.0,CRUDEOIL15OCT269700CE,119.4,119.4,119.4,119.4,200,14
2026-09-29 23:05:00,CRUDEOIL,PE,9700.0,CRUDEOIL15OCT269700PE,1094.0,1094.0,1094.0,1094.0,0,14
2026-09-29 23:05:00,CRUDEOIL,CE,9750.0,CRUDEOIL15OCT269750CE,112.4,112.4,112.0,112.0,100,14
2026-09-29 23:05:00,CRUDEOIL,PE,9750.0,CRUDEOIL15OCT269750PE,916.3,916.3,916.3,916.3,0,14
2026-09-29 23:05:00,CRUDEOIL,CE,9800.0,CRUDEOIL15OCT269800CE,105.0,105.0,104.6,104.6,300,14
2026-09-29 23:05:00,CRUDEOIL,PE,9800.0,CRUDEOIL15OCT269800PE,1222.6,1222.6,1222.6,1222.6,0,14
2026-09-29 23:05:00,CRUDEOIL,CE,9850.0,CRUDEOIL15OCT269850CE,99.3,99.5,99.3,99.5,200,14
2026-09-29 23:05:00,CRUDEOIL,PE,9850.0,CRUDEOIL15OCT269850PE,970.4,970.4,970.4,970.4,0,14
2026-09-29 23:05:00,CRUDEOIL,CE,9900.0,CRUDEOIL15OCT269900CE,93.1,93.3,92.9,93.0,900,14
2026-09-29 23:05:00,CRUDEOIL,PE,9900.0,CRUDEOIL15OCT269900PE,1293.1,1293.1,1293.1,1293.1,0,14
2026-09-29 23:05:00,CRUDEOIL,CE,9950.0,CRUDEOIL15OCT269950CE,86.4,86.4,86.4,86.4,0,14
2026-09-29 23:05:00,CRUDEOIL,PE,9950.0,CRUDEOIL15OCT269950PE,1038.7,1038.7,1038.7,1038.7,0,14
2026-09-29 23:05:00,CRUDEOILM,FUT,0.0,CRUDEOILM19OCT26FUT,8700.0,8702.0,8698.0,8701.0,720,14
2026-09-29 23:05:00,CRUDEOILM,CE,9350.0,CRUDEOILM15OCT269350CE,195.5,195.8,195.0,195.8,290,14
2026-09-29 23:05:00,CRUDEOILM,PE,9350.0,CRUDEOILM15OCT269350PE,849.95,849.95,837.35,837.35,40,14
2026-09-29 23:05:00,CRUDEOILM,CE,9400.0,CRUDEOILM15OCT269400CE,182.35,183.1,182.35,182.9,80,14
2026-09-29 23:05:00,CRUDEOILM,PE,9400.0,CRUDEOILM15OCT269400PE,877.4,877.4,877.4,877.4,0,14
2026-09-29 23:05:00,CRUDEOILM,CE,9450.0,CRUDEOILM15OCT269450CE,171.25,171.25,171.25,171.25,0,14
2026-09-29 23:05:00,CRUDEOILM,PE,9450.0,CRUDEOILM15OCT269450PE,922.65,922.65,922.65,922.65,0,14
2026-09-29 23:05:00,CRUDEOILM,CE,9500.0,CRUDEOILM15OCT269500CE,159.2,160.05,159.2,159.5,2270,14
2026-09-29 23:05:00,CRUDEOILM,PE,9500.0,CRUDEOILM15OCT269500PE,957.85,957.85,957.85,957.85,0,14
2026-09-29 23:05:00,CRUDEOILM,CE,9550.0,CRUDEOILM15OCT269550CE,149.55,149.55,149.55,149.55,0,14
2026-09-29 23:05:00,CRUDEOILM,PE,9550.0,CRUDEOILM15OCT269550PE,1009.75,1009.75,1009.75,1009.75,0,14
2026-09-29 23:05:00,CRUDEOILM,CE,9600.0,CRUDEOILM15OCT269600CE,140.75,141.75,140.75,141.75,100,14
2026-09-29 23:05:00,CRUDEOILM,PE,9600.0,CRUDEOILM15OCT269600PE,1045.7,1045.7,1045.7,1045.7,0,14
2026-09-29 23:05:00,CRUDEOILM,CE,9650.0,CRUDEOILM15OCT269650CE,132.1,132.1,132.1,132.1,0,14
2026-09-29 23:05:00,CRUDEOILM,PE,9650.0,CRUDEOILM15OCT269650PE,1015.65,1015.65,1015.65,1015.65,0,14
2026-09-29 23:05:00,CRUDEOILM,CE,9700.0,CRUDEOILM15OCT269700CE,123.0,123.45,122.85,123.45,100,14
2026-09-29 23:05:00,CRUDEOILM,PE,9700.0,CRUDEOILM15OCT269700PE,1127.0,1127.0,1127.0,1127.0,0,14
2026-09-29 23:05:00,CRUDEOILM,CE,9750.0,CRUDEOILM15OCT269750CE,115.55,116.25,115.55,116.25,110,14
2026-09-29 23:05:00,CRUDEOILM,PE,9750.0,CRUDEOILM15OCT269750PE,1004.7,1004.7,1004.7,1004.7,0,14
2026-09-29 23:05:00,CRUDEOILM,CE,9800.0,CRUDEOILM15OCT269800CE,108.05,108.65,108.05,108.65,630,14
2026-09-29 23:05:00,CRUDEOILM,PE,9800.0,CRUDEOILM15OCT269800PE,1124.5,1124.5,1124.5,1124.5,0,14
2026-09-29 23:05:00,CRUDEOILM,CE,9850.0,CRUDEOILM15OCT269850CE,101.6,101.6,101.55,101.55,100,14
2026-09-29 23:05:00,CRUDEOILM,PE,9850.0,CRUDEOILM15OCT269850PE,1089.85,1089.85,1089.85,1089.85,0,14
2026-09-29 23:05:00,CRUDEOILM,CE,9900.0,CRUDEOILM15OCT269900CE,95.75,96.5,95.75,96.5,190,14
2026-09-29 23:05:00,CRUDEOILM,PE,9900.0,CRUDEOILM15OCT269900PE,1312.3,1312.3,1312.3,1312.3,0,14
2026-09-29 23:05:00,CRUDEOILM,CE,9950.0,CRUDEOILM15OCT269950CE,89.7,91.0,89.7,91.0,30,14
2026-09-29 23:05:00,CRUDEOILM,PE,9950.0,CRUDEOILM15OCT269950PE,1022.6,1022.6,1022.6,1022.6,0,14
2026-09-29 23:06:00,CRUDEOIL,FUT,0.0,CRUDEOIL19OCT26FUT,8699.0,8699.0,8688.0,8691.0,5000,14
2026-09-29 23:06:00,CRUDEOIL,CE,9350.0,CRUDEOIL15OCT269350CE,190.0,190.0,189.0,189.0,100,14
2026-09-29 23:06:00,CRUDEOIL,PE,9350.0,CRUDEOIL15OCT269350PE,838.0,838.0,838.0,838.0,0,14
2026-09-29 23:06:00,CRUDEOIL,CE,9400.0,CRUDEOIL15OCT269400CE,177.2,177.2,174.6,175.4,1100,14
2026-09-29 23:06:00,CRUDEOIL,PE,9400.0,CRUDEOIL15OCT269400PE,876.6,876.6,876.6,876.6,0,14
2026-09-29 23:06:00,CRUDEOIL,CE,9450.0,CRUDEOIL15OCT269450CE,166.7,166.7,163.2,163.4,400,14
2026-09-29 23:06:00,CRUDEOIL,PE,9450.0,CRUDEOIL15OCT269450PE,779.2,779.2,779.2,779.2,0,14
2026-09-29 23:06:00,CRUDEOIL,CE,9500.0,CRUDEOIL15OCT269500CE,153.6,153.7,151.6,152.1,6600,14
2026-09-29 23:06:00,CRUDEOIL,PE,9500.0,CRUDEOIL15OCT269500PE,949.0,954.0,949.0,954.0,200,14
2026-09-29 23:06:00,CRUDEOIL,CE,9550.0,CRUDEOIL15OCT269550CE,144.8,144.8,144.8,144.8,0,14
2026-09-29 23:06:00,CRUDEOIL,PE,9550.0,CRUDEOIL15OCT269550PE,902.3,902.3,902.3,902.3,0,14
2026-09-29 23:06:00,CRUDEOIL,CE,9600.0,CRUDEOIL15OCT269600CE,135.7,135.7,133.7,133.7,800,14
2026-09-29 23:06:00,CRUDEOIL,PE,9600.0,CRUDEOIL15OCT269600PE,1028.3,1028.3,1028.3,1028.3,0,14
2026-09-29 23:06:00,CRUDEOIL,CE,9650.0,CRUDEOIL15OCT269650CE,127.7,127.7,125.7,125.7,100,14
2026-09-29 23:06:00,CRUDEOIL,PE,9650.0,CRUDEOIL15OCT269650PE,818.0,818.0,818.0,818.0,0,14
2026-09-29 23:06:00,CRUDEOIL,CE,9700.0,CRUDEOIL15OCT269700CE,119.4,119.4,117.7,118.2,900,14
2026-09-29 23:06:00,CRUDEOIL,PE,9700.0,CRUDEOIL15OCT269700PE,1094.0,1094.0,1094.0,1094.0,0,14
2026-09-29 23:06:00,CRUDEOIL,CE,9750.0,CRUDEOIL15OCT269750CE,112.0,112.0,109.9,109.9,1200,14
2026-09-29 23:06:00,CRUDEOIL,PE,9750.0,CRUDEOIL15OCT269750PE,916.3,916.3,916.3,916.3,0,14
2026-09-29 23:06:00,CRUDEOIL,CE,9800.0,CRUDEOIL15OCT269800CE,104.6,104.6,103.3,103.7,700,14
2026-09-29 23:06:00,CRUDEOIL,PE,9800.0,CRUDEOIL15OCT269800PE,1222.6,1222.6,1222.6,1222.6,0,14
2026-09-29 23:06:00,CRUDEOIL,CE,9850.0,CRUDEOIL15OCT269850CE,99.5,99.5,97.9,98.4,300,14
2026-09-29 23:06:00,CRUDEOIL,PE,9850.0,CRUDEOIL15OCT269850PE,970.4,970.4,970.4,970.4,0,14
2026-09-29 23:06:00,CRUDEOIL,CE,9900.0,CRUDEOIL15OCT269900CE,93.0,93.0,92.0,92.2,1000,14
2026-09-29 23:06:00,CRUDEOIL,PE,9900.0,CRUDEOIL15OCT269900PE,1293.1,1293.1,1293.1,1293.1,0,14
2026-09-29 23:06:00,CRUDEOIL,CE,9950.0,CRUDEOIL15OCT269950CE,86.4,86.7,86.4,86.7,100,14
2026-09-29 23:06:00,CRUDEOIL,PE,9950.0,CRUDEOIL15OCT269950PE,1038.7,1038.7,1038.7,1038.7,0,14
2026-09-29 23:06:00,CRUDEOILM,FUT,0.0,CRUDEOILM19OCT26FUT,8700.0,8700.0,8690.0,8690.0,1550,14
2026-09-29 23:06:00,CRUDEOILM,CE,9350.0,CRUDEOILM15OCT269350CE,195.8,195.8,193.8,193.8,30,14
2026-09-29 23:06:00,CRUDEOILM,PE,9350.0,CRUDEOILM15OCT269350PE,837.35,849.15,837.35,849.15,20,14
2026-09-29 23:06:00,CRUDEOILM,CE,9400.0,CRUDEOILM15OCT269400CE,182.9,182.9,181.65,181.8,90,14
2026-09-29 23:06:00,CRUDEOILM,PE,9400.0,CRUDEOILM15OCT269400PE,877.4,877.4,877.4,877.4,0,14
2026-09-29 23:06:00,CRUDEOILM,CE,9450.0,CRUDEOILM15OCT269450CE,171.25,171.25,170.4,170.65,310,14
2026-09-29 23:06:00,CRUDEOILM,PE,9450.0,CRUDEOILM15OCT269450PE,922.65,922.65,922.65,922.65,0,14
2026-09-29 23:06:00,CRUDEOILM,CE,9500.0,CRUDEOILM15OCT269500CE,159.5,160.05,158.0,158.75,2700,14
2026-09-29 23:06:00,CRUDEOILM,PE,9500.0,CRUDEOILM15OCT269500PE,957.85,957.85,957.85,957.85,0,14
2026-09-29 23:06:00,CRUDEOILM,CE,9550.0,CRUDEOILM15OCT269550CE,149.55,149.55,149.4,149.4,10,14
2026-09-29 23:06:00,CRUDEOILM,PE,9550.0,CRUDEOILM15OCT269550PE,1009.75,1009.75,1009.75,1009.75,0,14
2026-09-29 23:06:00,CRUDEOILM,CE,9600.0,CRUDEOILM15OCT269600CE,141.15,141.15,140.3,140.3,100,14
2026-09-29 23:06:00,CRUDEOILM,PE,9600.0,CRUDEOILM15OCT269600PE,1045.7,1045.7,1045.7,1045.7,0,14
2026-09-29 23:06:00,CRUDEOILM,CE,9650.0,CRUDEOILM15OCT269650CE,132.1,132.1,130.8,131.25,330,14
2026-09-29 23:06:00,CRUDEOILM,PE,9650.0,CRUDEOILM15OCT269650PE,1015.65,1015.65,1015.65,1015.65,0,14
2026-09-29 23:06:00,CRUDEOILM,CE,9700.0,CRUDEOILM15OCT269700CE,123.45,123.45,122.15,122.55,130,14
2026-09-29 23:06:00,CRUDEOILM,PE,9700.0,CRUDEOILM15OCT269700PE,1127.0,1127.0,1127.0,1127.0,0,14
2026-09-29 23:06:00,CRUDEOILM,CE,9750.0,CRUDEOILM15OCT269750CE,116.25,116.25,115.55,115.7,20,14
2026-09-29 23:06:00,CRUDEOILM,PE,9750.0,CRUDEOILM15OCT269750PE,1004.7,1004.7,1004.7,1004.7,0,14
2026-09-29 23:06:00,CRUDEOILM,CE,9800.0,CRUDEOILM15OCT269800CE,108.65,108.7,107.5,107.95,180,14
2026-09-29 23:06:00,CRUDEOILM,PE,9800.0,CRUDEOILM15OCT269800PE,1124.5,1124.5,1124.5,1124.5,0,14
2026-09-29 23:06:00,CRUDEOILM,CE,9850.0,CRUDEOILM15OCT269850CE,101.55,101.55,101.55,101.55,0,14
2026-09-29 23:06:00,CRUDEOILM,PE,9850.0,CRUDEOILM15OCT269850PE,1089.85,1089.85,1089.85,1089.85,0,14
2026-09-29 23:06:00,CRUDEOILM,CE,9900.0,CRUDEOILM15OCT269900CE,96.5,96.5,95.55,95.55,100,14
2026-09-29 23:06:00,CRUDEOILM,PE,9900.0,CRUDEOILM15OCT269900PE,1312.3,1312.3,1312.3,1312.3,0,14
2026-09-29 23:06:00,CRUDEOILM,CE,9950.0,CRUDEOILM15OCT269950CE,91.0,91.45,89.6,91.0,410,14
2026-09-29 23:06:00,CRUDEOILM,PE,9950.0,CRUDEOILM15OCT269950PE,1022.6,1022.6,1022.6,1022.6,0,14
2026-09-29 23:07:00,CRUDEOIL,FUT,0.0,CRUDEOIL19OCT26FUT,8689.0,8692.0,8686.0,8691.0,6000,14
2026-09-29 23:07:00,CRUDEOIL,CE,9350.0,CRUDEOIL15OCT269350CE,189.0,189.0,187.2,187.2,100,14
2026-09-29 23:07:00,CRUDEOIL,PE,9350.0,CRUDEOIL15OCT269350PE,838.0,838.0,838.0,838.0,0,14
2026-09-29 23:07:00,CRUDEOIL,CE,9400.0,CRUDEOIL15OCT269400CE,175.4,175.4,174.3,175.0,1300,14
2026-09-29 23:07:00,CRUDEOIL,PE,9400.0,CRUDEOIL15OCT269400PE,876.6,876.6,876.6,876.6,0,14
2026-09-29 23:07:00,CRUDEOIL,CE,9450.0,CRUDEOIL15OCT269450CE,164.0,164.0,164.0,164.0,100,14
2026-09-29 23:07:00,CRUDEOIL,PE,9450.0,CRUDEOIL15OCT269450PE,779.2,779.2,779.2,779.2,0,14
2026-09-29 23:07:00,CRUDEOIL,CE,9500.0,CRUDEOIL15OCT269500CE,152.3,152.7,151.4,151.4,3800,14
2026-09-29 23:07:00,CRUDEOIL,PE,9500.0,CRUDEOIL15OCT269500PE,954.0,954.0,953.0,953.0,600,14
2026-09-29 23:07:00,CRUDEOIL,CE,9550.0,CRUDEOIL15OCT269550CE,143.1,143.1,143.0,143.0,100,14
2026-09-29 23:07:00,CRUDEOIL,PE,9550.0,CRUDEOIL15OCT269550PE,902.3,902.3,902.3,902.3,0,14
2026-09-29 23:07:00,CRUDEOIL,CE,9600.0,CRUDEOIL15OCT269600CE,133.7,134.9,133.7,134.9,100,14
2026-09-29 23:07:00,CRUDEOIL,PE,9600.0,CRUDEOIL15OCT269600PE,1028.3,1028.3,1028.3,1028.3,0,14
2026-09-29 23:07:00,CRUDEOIL,CE,9650.0,CRUDEOIL15OCT269650CE,125.7,125.8,125.7,125.8,100,14
2026-09-29 23:07:00,CRUDEOIL,PE,9650.0,CRUDEOIL15OCT269650PE,818.0,818.0,818.0,818.0,0,14
2026-09-29 23:07:00,CRUDEOIL,CE,9700.0,CRUDEOIL15OCT269700CE,118.2,118.4,118.0,118.0,300,14
2026-09-29 23:07:00,CRUDEOIL,PE,9700.0,CRUDEOIL15OCT269700PE,1094.0,1094.0,1094.0,1094.0,0,14
2026-09-29 23:07:00,CRUDEOIL,CE,9750.0,CRUDEOIL15OCT269750CE,109.9,110.8,109.9,110.8,100,14
2026-09-29 23:07:00,CRUDEOIL,PE,9750.0,CRUDEOIL15OCT269750PE,916.3,916.3,916.3,916.3,0,14
2026-09-29 23:07:00,CRUDEOIL,CE,9800.0,CRUDEOIL15OCT269800CE,104.0,104.1,103.4,103.4,4700,14
2026-09-29 23:07:00,CRUDEOIL,PE,9800.0,CRUDEOIL15OCT269800PE,1222.6,1222.6,1222.6,1222.6,0,14
2026-09-29 23:07:00,CRUDEOIL,CE,9850.0,CRUDEOIL15OCT269850CE,98.4,98.4,98.0,98.0,100,14
2026-09-29 23:07:00,CRUDEOIL,PE,9850.0,CRUDEOIL15OCT269850PE,970.4,970.4,970.4,970.4,0,14
2026-09-29 23:07:00,CRUDEOIL,CE,9900.0,CRUDEOIL15OCT269900CE,92.2,92.7,92.0,92.0,700,14
2026-09-29 23:07:00,CRUDEOIL,PE,9900.0,CRUDEOIL15OCT269900PE,1293.1,1293.1,1293.1,1293.1,0,14
2026-09-29 23:07:00,CRUDEOIL,CE,9950.0,CRUDEOIL15OCT269950CE,86.7,86.7,86.7,86.7,0,14
2026-09-29 23:07:00,CRUDEOIL,PE,9950.0,CRUDEOIL15OCT269950PE,1038.7,1038.7,1038.7,1038.7,0,14
2026-09-29 23:07:00,CRUDEOILM,FUT,0.0,CRUDEOILM19OCT26FUT,8690.0,8693.0,8687.0,8693.0,1760,14
2026-09-29 23:07:00,CRUDEOILM,CE,9350.0,CRUDEOILM15OCT269350CE,193.8,194.25,193.8,194.25,20,14
2026-09-29 23:07:00,CRUDEOILM,PE,9350.0,CRUDEOILM15OCT269350PE,849.15,849.15,849.15,849.15,0,14
2026-09-29 23:07:00,CRUDEOILM,CE,9400.0,CRUDEOILM15OCT269400CE,181.8,181.8,181.15,181.15,160,14
2026-09-29 23:07:00,CRUDEOILM,PE,9400.0,CRUDEOILM15OCT269400PE,877.4,877.4,877.4,877.4,0,14
2026-09-29 23:07:00,CRUDEOILM,CE,9450.0,CRUDEOILM15OCT269450CE,170.65,171.25,170.0,170.0,110,14
2026-09-29 23:07:00,CRUDEOILM,PE,9450.0,CRUDEOILM15OCT269450PE,922.65,924.0,922.65,924.0,30,14
2026-09-29 23:07:00,CRUDEOILM,CE,9500.0,CRUDEOILM15OCT269500CE,158.75,158.75,157.95,157.95,680,14
2026-09-29 23:07:00,CRUDEOILM,PE,9500.0,CRUDEOILM15OCT269500PE,957.85,964.95,957.85,964.95,40,14
2026-09-29 23:07:00,CRUDEOILM,CE,9550.0,CRUDEOILM15OCT269550CE,149.4,150.0,148.45,148.45,170,14
2026-09-29 23:07:00,CRUDEOILM,PE,9550.0,CRUDEOILM15OCT269550PE,1009.75,1009.75,1009.75,1009.75,0,14
2026-09-29 23:07:00,CRUDEOILM,CE,9600.0,CRUDEOILM15OCT269600CE,140.3,140.75,139.85,139.85,150,14
2026-09-29 23:07:00,CRUDEOILM,PE,9600.0,CRUDEOILM15OCT269600PE,1045.7,1045.7,1045.7,1045.7,0,14
2026-09-29 23:07:00,CRUDEOILM,CE,9650.0,CRUDEOILM15OCT269650CE,132.0,132.0,130.75,130.75,20,14
2026-09-29 23:07:00,CRUDEOILM,PE,9650.0,CRUDEOILM15OCT269650PE,1015.65,1015.65,1015.65,1015.65,0,14
2026-09-29 23:07:00,CRUDEOILM,CE,9700.0,CRUDEOILM15OCT269700CE,122.55,123.0,122.35,122.35,60,14
2026-09-29 23:07:00,CRUDEOILM,PE,9700.0,CRUDEOILM15OCT269700PE,1127.0,1127.0,1127.0,1127.0,0,14
2026-09-29 23:07:00,CRUDEOILM,CE,9750.0,CRUDEOILM15OCT269750CE,115.7,115.7,115.35,115.35,10,14
2026-09-29 23:07:00,CRUDEOILM,PE,9750.0,CRUDEOILM15OCT269750PE,1004.7,1004.7,1004.7,1004.7,0,14
2026-09-29 23:07:00,CRUDEOILM,CE,9800.0,CRUDEOILM15OCT269800CE,107.95,108.6,107.55,107.55,70,14
2026-09-29 23:07:00,CRUDEOILM,PE,9800.0,CRUDEOILM15OCT269800PE,1124.5,1124.5,1124.5,1124.5,0,14
2026-09-29 23:07:00,CRUDEOILM,CE,9850.0,CRUDEOILM15OCT269850CE,101.55,102.2,101.55,102.2,110,14
2026-09-29 23:07:00,CRUDEOILM,PE,9850.0,CRUDEOILM15OCT269850PE,1089.85,1089.85,1089.85,1089.85,0,14
2026-09-29 23:07:00,CRUDEOILM,CE,9900.0,CRUDEOILM15OCT269900CE,95.55,96.9,95.3,96.9,2040,14
2026-09-29 23:07:00,CRUDEOILM,PE,9900.0,CRUDEOILM15OCT269900PE,1312.3,1312.3,1312.3,1312.3,0,14
2026-09-29 23:07:00,CRUDEOILM,CE,9950.0,CRUDEOILM15OCT269950CE,91.0,91.05,90.95,90.95,40,14
2026-09-29 23:07:00,CRUDEOILM,PE,9950.0,CRUDEOILM15OCT269950PE,1022.6,1022.6,1022.6,1022.6,0,14
2026-09-29 23:08:00,CRUDEOIL,FUT,0.0,CRUDEOIL19OCT26FUT,8691.0,8695.0,8691.0,8692.0,600,14
2026-09-29 23:08:00,CRUDEOIL,CE,9350.0,CRUDEOIL15OCT269350CE,187.2,187.2,187.2,187.2,0,14
2026-09-29 23:08:00,CRUDEOIL,PE,9350.0,CRUDEOIL15OCT269350PE,838.0,838.0,838.0,838.0,0,14
2026-09-29 23:08:00,CRUDEOIL,CE,9400.0,CRUDEOIL15OCT269400CE,175.2,175.6,174.9,174.9,300,14
2026-09-29 23:08:00,CRUDEOIL,PE,9400.0,CRUDEOIL15OCT269400PE,876.6,876.6,876.6,876.6,0,14
2026-09-29 23:08:00,CRUDEOIL,CE,9450.0,CRUDEOIL15OCT269450CE,164.0,164.1,164.0,164.1,100,14
2026-09-29 23:08:00,CRUDEOIL,PE,9450.0,CRUDEOIL15OCT269450PE,779.2,779.2,779.2,779.2,0,14
2026-09-29 23:08:00,CRUDEOIL,CE,9500.0,CRUDEOIL15OCT269500CE,151.7,152.3,151.2,151.2,6300,14
2026-09-29 23:08:00,CRUDEOIL,PE,9500.0,CRUDEOIL15OCT269500PE,953.0,953.0,953.0,953.0,0,14
2026-09-29 23:08:00,CRUDEOIL,CE,9550.0,CRUDEOIL15OCT269550CE,143.0,143.5,143.0,143.5,100,14
2026-09-29 23:08:00,CRUDEOIL,PE,9550.0,CRUDEOIL15OCT269550PE,902.3,902.3,902.3,902.3,0,14
2026-09-29 23:08:00,CRUDEOIL,CE,9600.0,CRUDEOIL15OCT269600CE,134.9,134.9,133.5,133.5,700,14
2026-09-29 23:08:00,CRUDEOIL,PE,9600.0,CRUDEOIL15OCT269600PE,1028.3,1028.3,1028.3,1028.3,0,14
2026-09-29 23:08:00,CRUDEOIL,CE,9650.0,CRUDEOIL15OCT269650CE,125.8,125.8,125.1,125.1,100,14
2026-09-29 23:08:00,CRUDEOIL,PE,9650.0,CRUDEOIL15OCT269650PE,818.0,818.0,818.0,818.0,0,14
2026-09-29 23:08:00,CRUDEOIL,CE,9700.0,CRUDEOIL15OCT269700CE,118.5,118.6,118.0,118.4,2300,14
2026-09-29 23:08:00,CRUDEOIL,PE,9700.0,CRUDEOIL15OCT269700PE,1094.0,1094.0,1094.0,1094.0,0,14
2026-09-29 23:08:00,CRUDEOIL,CE,9750.0,CRUDEOIL15OCT269750CE,110.8,110.8,110.8,110.8,0,14
2026-09-29 23:08:00,CRUDEOIL,PE,9750.0,CRUDEOIL15OCT269750PE,916.3,916.3,916.3,916.3,0,14
2026-09-29 23:08:00,CRUDEOIL,CE,9800.0,CRUDEOIL15OCT269800CE,103.4,103.4,102.6,103.3,3100,14
2026-09-29 23:08:00,CRUDEOIL,PE,9800.0,CRUDEOIL15OCT269800PE,1222.6,1222.6,1222.6,1222.6,0,14
2026-09-29 23:08:00,CRUDEOIL,CE,9850.0,CRUDEOIL15OCT269850CE,98.0,98.0,98.0,98.0,100,14
2026-09-29 23:08:00,CRUDEOIL,PE,9850.0,CRUDEOIL15OCT269850PE,970.4,970.4,970.4,970.4,0,14
2026-09-29 23:08:00,CRUDEOIL,CE,9900.0,CRUDEOIL15OCT269900CE,92.0,92.1,91.8,91.8,400,14
2026-09-29 23:08:00,CRUDEOIL,PE,9900.0,CRUDEOIL15OCT269900PE,1293.1,1293.1,1293.1,1293.1,0,14
2026-09-29 23:08:00,CRUDEOIL,CE,9950.0,CRUDEOIL15OCT269950CE,86.7,86.7,86.7,86.7,0,14
2026-09-29 23:08:00,CRUDEOIL,PE,9950.0,CRUDEOIL15OCT269950PE,1038.7,1038.7,1038.7,1038.7,0,14
2026-09-29 23:08:00,CRUDEOILM,FUT,0.0,CRUDEOILM19OCT26FUT,8692.0,8696.0,8692.0,8693.0,870,14
2026-09-29 23:08:00,CRUDEOILM,CE,9350.0,CRUDEOILM15OCT269350CE,194.25,194.25,193.0,193.0,90,14
2026-09-29 23:08:00,CRUDEOILM,PE,9350.0,CRUDEOILM15OCT269350PE,849.15,849.15,849.15,849.15,0,14
2026-09-29 23:08:00,CRUDEOILM,CE,9400.0,CRUDEOILM15OCT269400CE,181.15,182.3,180.6,180.6,100,14
2026-09-29 23:08:00,CRUDEOILM,PE,9400.0,CRUDEOILM15OCT269400PE,877.4,877.4,877.4,877.4,0,14
2026-09-29 23:08:00,CRUDEOILM,CE,9450.0,CRUDEOILM15OCT269450CE,170.0,170.4,168.75,168.75,60,14
2026-09-29 23:08:00,CRUDEOILM,PE,9450.0,CRUDEOILM15OCT269450PE,924.0,924.0,924.0,924.0,0,14
2026-09-29 23:08:00,CRUDEOILM,CE,9500.0,CRUDEOILM15OCT269500CE,157.95,158.7,157.4,157.4,1020,14
2026-09-29 23:08:00,CRUDEOILM,PE,9500.0,CRUDEOILM15OCT269500PE,964.95,964.95,964.95,964.95,0,14
2026-09-29 23:08:00,CRUDEOILM,CE,9550.0,CRUDEOILM15OCT269550CE,148.45,148.45,147.75,148.0,130,14
2026-09-29 23:08:00,CRUDEOILM,PE,9550.0,CRUDEOILM15OCT269550PE,1009.75,1009.75,1009.75,1009.75,0,14
2026-09-29 23:08:00,CRUDEOILM,CE,9600.0,CRUDEOILM15OCT269600CE,139.85,139.85,138.95,139.0,480,14
2026-09-29 23:08:00,CRUDEOILM,PE,9600.0,CRUDEOILM15OCT269600PE,1045.7,1045.7,1045.7,1045.7,0,14
2026-09-29 23:08:00,CRUDEOILM,CE,9650.0,CRUDEOILM15OCT269650CE,130.75,131.85,130.75,130.75,40,14
2026-09-29 23:08:00,CRUDEOILM,PE,9650.0,CRUDEOILM15OCT269650PE,1015.65,1015.65,1015.65,1015.65,0,14
2026-09-29 23:08:00,CRUDEOILM,CE,9700.0,CRUDEOILM15OCT269700CE,122.35,122.35,122.35,122.35,0,14
2026-09-29 23:08:00,CRUDEOILM,PE,9700.0,CRUDEOILM15OCT269700PE,1127.0,1127.0,1127.0,1127.0,0,14
2026-09-29 23:08:00,CRUDEOILM,CE,9750.0,CRUDEOILM15OCT269750CE,115.35,115.35,114.5,114.5,10,14
2026-09-29 23:08:00,CRUDEOILM,PE,9750.0,CRUDEOILM15OCT269750PE,1004.7,1004.7,1004.7,1004.7,0,14
2026-09-29 23:08:00,CRUDEOILM,CE,9800.0,CRUDEOILM15OCT269800CE,107.55,107.85,107.35,107.8,1130,14
2026-09-29 23:08:00,CRUDEOILM,PE,9800.0,CRUDEOILM15OCT269800PE,1124.5,1124.5,1124.5,1124.5,0,14
2026-09-29 23:08:00,CRUDEOILM,CE,9850.0,CRUDEOILM15OCT269850CE,102.2,102.2,101.75,102.0,560,14
2026-09-29 23:08:00,CRUDEOILM,PE,9850.0,CRUDEOILM15OCT269850PE,1089.85,1089.85,1089.85,1089.85,0,14
2026-09-29 23:08:00,CRUDEOILM,CE,9900.0,CRUDEOILM15OCT269900CE,96.0,96.0,95.2,95.2,60,14
2026-09-29 23:08:00,CRUDEOILM,PE,9900.0,CRUDEOILM15OCT269900PE,1312.3,1312.3,1312.3,1312.3,0,14
2026-09-29 23:08:00,CRUDEOILM,CE,9950.0,CRUDEOILM15OCT269950CE,90.95,90.95,90.95,90.95,0,14
2026-09-29 23:08:00,CRUDEOILM,PE,9950.0,CRUDEOILM15OCT269950PE,1022.6,1022.6,1022.6,1022.6,0,14
2026-09-29 23:09:00,CRUDEOIL,FUT,0.0,CRUDEOIL19OCT26FUT,8692.0,8692.0,8688.0,8689.0,4600,14
2026-09-29 23:09:00,CRUDEOIL,CE,9350.0,CRUDEOIL15OCT269350CE,187.2,187.2,187.1,187.1,100,14
2026-09-29 23:09:00,CRUDEOIL,PE,9350.0,CRUDEOIL15OCT269350PE,838.0,838.0,838.0,838.0,0,14
2026-09-29 23:09:00,CRUDEOIL,CE,9400.0,CRUDEOIL15OCT269400CE,174.9,174.9,173.7,173.7,900,14
2026-09-29 23:09:00,CRUDEOIL,PE,9400.0,CRUDEOIL15OCT269400PE,876.6,876.6,876.6,876.6,0,14
2026-09-29 23:09:00,CRUDEOIL,CE,9450.0,CRUDEOIL15OCT269450CE,164.1,164.1,164.1,164.1,0,14
2026-09-29 23:09:00,CRUDEOIL,PE,9450.0,CRUDEOIL15OCT269450PE,779.2,779.2,779.2,779.2,0,14
2026-09-29 23:09:00,CRUDEOIL,CE,9500.0,CRUDEOIL15OCT269500CE,151.0,151.1,150.6,150.6,6300,14
2026-09-29 23:09:00,CRUDEOIL,PE,9500.0,CRUDEOIL15OCT269500PE,953.0,953.0,953.0,953.0,0,14
2026-09-29 23:09:00,CRUDEOIL,CE,9550.0,CRUDEOIL15OCT269550CE,143.5,143.5,143.5,143.5,0,14
2026-09-29 23:09:00,CRUDEOIL,PE,9550.0,CRUDEOIL15OCT269550PE,902.3,902.3,902.3,902.3,0,14
2026-09-29 23:09:00,CRUDEOIL,CE,9600.0,CRUDEOIL15OCT269600CE,133.5,133.5,133.3,133.3,100,14
2026-09-29 23:09:00,CRUDEOIL,PE,9600.0,CRUDEOIL15OCT269600PE,1028.3,1028.3,1028.3,1028.3,0,14
2026-09-29 23:09:00,CRUDEOIL,CE,9650.0,CRUDEOIL15OCT269650CE,125.1,125.1,124.3,124.3,100,14
2026-09-29 23:09:00,CRUDEOIL,PE,9650.0,CRUDEOIL15OCT269650PE,818.0,818.0,818.0,818.0,0,14
2026-09-29 23:09:00,CRUDEOIL,CE,9700.0,CRUDEOIL15OCT269700CE,118.4,118.4,117.2,117.4,400,14
2026-09-29 23:09:00,CRUDEOIL,PE,9700.0,CRUDEOIL15OCT269700PE,1094.0,1094.0,1094.0,1094.0,0,14
2026-09-29 23:09:00,CRUDEOIL,CE,9750.0,CRUDEOIL15OCT269750CE,110.8,110.8,110.8,110.8,0,14
2026-09-29 23:09:00,CRUDEOIL,PE,9750.0,CRUDEOIL15OCT269750PE,916.3,916.3,916.3,916.3,0,14
2026-09-29 23:09:00,CRUDEOIL,CE,9800.0,CRUDEOIL15OCT269800CE,103.3,103.3,102.3,102.6,4000,14
2026-09-29 23:09:00,CRUDEOIL,PE,9800.0,CRUDEOIL15OCT269800PE,1222.6,1222.6,1222.6,1222.6,0,14
2026-09-29 23:09:00,CRUDEOIL,CE,9850.0,CRUDEOIL15OCT269850CE,98.0,98.0,98.0,98.0,0,14
2026-09-29 23:09:00,CRUDEOIL,PE,9850.0,CRUDEOIL15OCT269850PE,970.4,970.4,970.4,970.4,0,14
2026-09-29 23:09:00,CRUDEOIL,CE,9900.0,CRUDEOIL15OCT269900CE,91.8,91.8,91.1,91.4,900,14
2026-09-29 23:09:00,CRUDEOIL,PE,9900.0,CRUDEOIL15OCT269900PE,1293.1,1293.1,1293.1,1293.1,0,14
2026-09-29 23:09:00,CRUDEOIL,CE,9950.0,CRUDEOIL15OCT269950CE,86.7,86.7,86.7,86.7,0,14
2026-09-29 23:09:00,CRUDEOIL,PE,9950.0,CRUDEOIL15OCT269950PE,1038.7,1038.7,1038.7,1038.7,0,14
2026-09-29 23:09:00,CRUDEOILM,FUT,0.0,CRUDEOILM19OCT26FUT,8693.0,8694.0,8690.0,8690.0,1410,14
2026-09-29 23:09:00,CRUDEOILM,CE,9350.0,CRUDEOILM15OCT269350CE,193.0,193.0,191.75,192.3,180,14
2026-09-29 23:09:00,CRUDEOILM,PE,9350.0,CRUDEOILM15OCT269350PE,849.15,849.15,849.15,849.15,0,14
2026-09-29 23:09:00,CRUDEOILM,CE,9400.0,CRUDEOILM15OCT269400CE,180.5,180.5,180.1,180.1,30,14
2026-09-29 23:09:00,CRUDEOILM,PE,9400.0,CRUDEOILM15OCT269400PE,877.4,877.4,877.4,877.4,0,14
2026-09-29 23:09:00,CRUDEOILM,CE,9450.0,CRUDEOILM15OCT269450CE,168.75,169.9,168.75,169.45,340,14
2026-09-29 23:09:00,CRUDEOILM,PE,9450.0,CRUDEOILM15OCT269450PE,924.0,924.0,924.0,924.0,0,14
2026-09-29 23:09:00,CRUDEOILM,CE,9500.0,CRUDEOILM15OCT269500CE,157.55,157.55,156.55,156.55,380,14
2026-09-29 23:09:00,CRUDEOILM,PE,9500.0,CRUDEOILM15OCT269500PE,964.95,964.95,964.95,964.95,0,14
2026-09-29 23:09:00,CRUDEOILM,CE,9550.0,CRUDEOILM15OCT269550CE,148.0,148.0,147.2,147.2,30,14
2026-09-29 23:09:00,CRUDEOILM,PE,9550.0,CRUDEOILM15OCT269550PE,1009.75,1009.75,1009.75,1009.75,0,14
2026-09-29 23:09:00,CRUDEOILM,CE,9600.0,CRUDEOILM15OCT269600CE,139.0,139.15,139.0,139.15,30,14
2026-09-29 23:09:00,CRUDEOILM,PE,9600.0,CRUDEOILM15OCT269600PE,1045.7,1045.7,1045.7,1045.7,0,14
2026-09-29 23:09:00,CRUDEOILM,CE,9650.0,CRUDEOILM15OCT269650CE,130.75,130.75,129.55,129.55,30,14
2026-09-29 23:09:00,CRUDEOILM,PE,9650.0,CRUDEOILM15OCT269650PE,1015.65,1015.65,1015.65,1015.65,0,14
2026-09-29 23:09:00,CRUDEOILM,CE,9700.0,CRUDEOILM15OCT269700CE,122.35,122.35,121.15,121.25,60,14
2026-09-29 23:09:00,CRUDEOILM,PE,9700.0,CRUDEOILM15OCT269700PE,1127.0,1127.0,1127.0,1127.0,0,14
2026-09-29 23:09:00,CRUDEOILM,CE,9750.0,CRUDEOILM15OCT269750CE,114.5,115.1,114.5,114.65,1380,14
2026-09-29 23:09:00,CRUDEOILM,PE,9750.0,CRUDEOILM15OCT269750PE,1004.7,1004.7,1004.7,1004.7,0,14
2026-09-29 23:09:00,CRUDEOILM,CE,9800.0,CRUDEOILM15OCT269800CE,107.8,107.8,106.65,107.15,180,14
2026-09-29 23:09:00,CRUDEOILM,PE,9800.0,CRUDEOILM15OCT269800PE,1124.5,1124.5,1124.5,1124.5,0,14
2026-09-29 23:09:00,CRUDEOILM,CE,9850.0,CRUDEOILM15OCT269850CE,101.9,101.95,101.15,101.7,2020,14
2026-09-29 23:09:00,CRUDEOILM,PE,9850.0,CRUDEOILM15OCT269850PE,1089.85,1089.85,1089.85,1089.85,0,14
2026-09-29 23:09:00,CRUDEOILM,CE,9900.0,CRUDEOILM15OCT269900CE,95.2,95.2,95.0,95.0,50,14
2026-09-29 23:09:00,CRUDEOILM,PE,9900.0,CRUDEOILM15OCT269900PE,1312.3,1312.3,1312.3,1312.3,0,14
2026-09-29 23:09:00,CRUDEOILM,CE,9950.0,CRUDEOILM15OCT269950CE,90.95,90.95,90.95,90.95,0,14
2026-09-29 23:09:00,CRUDEOILM,PE,9950.0,CRUDEOILM15OCT269950PE,1022.6,1022.6,1022.6,1022.6,0,14
2026-09-29 23:10:00,CRUDEOIL,FUT,0.0,CRUDEOIL19OCT26FUT,8688.0,8695.0,8688.0,8690.0,2400,15
2026-09-29 23:10:00,CRUDEOIL,CE,9350.0,CRUDEOIL15OCT269350CE,187.1,188.2,187.1,187.4,400,15
2026-09-29 23:10:00,CRUDEOIL,PE,9350.0,CRUDEOIL15OCT269350PE,838.0,838.6,838.0,838.6,100,15
2026-09-29 23:10:00,CRUDEOIL,CE,9400.0,CRUDEOIL15OCT269400CE,174.0,175.9,174.0,175.1,2300,15
2026-09-29 23:10:00,CRUDEOIL,PE,9400.0,CRUDEOIL15OCT269400PE,876.6,876.6,876.6,876.6,0,15
2026-09-29 23:10:00,CRUDEOIL,CE,9450.0,CRUDEOIL15OCT269450CE,164.1,164.1,164.0,164.0,100,15
2026-09-29 23:10:00,CRUDEOIL,PE,9450.0,CRUDEOIL15OCT269450PE,779.2,779.2,779.2,779.2,0,15
2026-09-29 23:10:00,CRUDEOIL,CE,9500.0,CRUDEOIL15OCT269500CE,150.9,152.9,150.9,151.6,36700,15
2026-09-29 23:10:00,CRUDEOIL,PE,9500.0,CRUDEOIL15OCT269500PE,953.0,953.0,953.0,953.0,0,15
2026-09-29 23:10:00,CRUDEOIL,CE,9550.0,CRUDEOIL15OCT269550CE,143.5,143.9,143.5,143.9,700,15
2026-09-29 23:10:00,CRUDEOIL,PE,9550.0,CRUDEOIL15OCT269550PE,902.3,902.3,902.3,902.3,0,15
2026-09-29 23:10:00,CRUDEOIL,CE,9600.0,CRUDEOIL15OCT269600CE,132.6,134.8,132.6,133.9,1200,15
2026-09-29 23:10:00,CRUDEOIL,PE,9600.0,CRUDEOIL15OCT269600PE,1026.2,1026.2,1026.2,1026.2,0,15
2026-09-29 23:10:00,CRUDEOIL,CE,9650.0,CRUDEOIL15OCT269650CE,124.3,126.4,124.3,126.4,1200,15
2026-09-29 23:10:00,CRUDEOIL,PE,9650.0,CRUDEOIL15OCT269650PE,818.0,818.0,818.0,818.0,0,15
2026-09-29 23:10:00,CRUDEOIL,CE,9700.0,CRUDEOIL15OCT269700CE,117.4,118.7,117.4,118.7,400,15
2026-09-29 23:10:00,CRUDEOIL,PE,9700.0,CRUDEOIL15OCT269700PE,1094.0,1094.0,1094.0,1094.0,0,15
2026-09-29 23:10:00,CRUDEOIL,CE,9750.0,CRUDEOIL15OCT269750CE,110.8,110.8,110.8,110.8,0,15
2026-09-29 23:10:00,CRUDEOIL,PE,9750.0,CRUDEOIL15OCT269750PE,916.3,916.3,916.3,916.3,0,15
2026-09-29 23:10:00,CRUDEOIL,CE,9800.0,CRUDEOIL15OCT269800CE,103.2,104.2,102.8,102.8,1900,15
2026-09-29 23:10:00,CRUDEOIL,PE,9800.0,CRUDEOIL15OCT269800PE,1222.6,1222.6,1222.6,1222.6,0,15
2026-09-29 23:10:00,CRUDEOIL,CE,9850.0,CRUDEOIL15OCT269850CE,98.0,98.0,98.0,98.0,100,15
2026-09-29 23:10:00,CRUDEOIL,PE,9850.0,CRUDEOIL15OCT269850PE,970.4,970.4,970.4,970.4,0,15
2026-09-29 23:10:00,CRUDEOIL,CE,9900.0,CRUDEOIL15OCT269900CE,91.4,92.9,91.4,92.9,300,15
2026-09-29 23:10:00,CRUDEOIL,PE,9900.0,CRUDEOIL15OCT269900PE,1293.1,1293.1,1293.1,1293.1,0,15
2026-09-29 23:10:00,CRUDEOIL,CE,9950.0,CRUDEOIL15OCT269950CE,86.7,86.7,85.8,85.8,200,15
2026-09-29 23:10:00,CRUDEOIL,PE,9950.0,CRUDEOIL15OCT269950PE,1038.7,1038.7,1038.7,1038.7,0,15
2026-09-29 23:10:00,CRUDEOILM,FUT,0.0,CRUDEOILM19OCT26FUT,8689.0,8695.0,8689.0,8689.0,800,15
2026-09-29 23:10:00,CRUDEOILM,CE,9350.0,CRUDEOILM15OCT269350CE,192.3,194.3,192.3,193.0,90,15
2026-09-29 23:10:00,CRUDEOILM,PE,9350.0,CRUDEOILM15OCT269350PE,849.15,849.75,849.15,849.75,20,15
2026-09-29 23:10:00,CRUDEOILM,CE,9400.0,CRUDEOILM15OCT269400CE,180.55,182.2,180.55,181.8,80,15
2026-09-29 23:10:00,CRUDEOILM,PE,9400.0,CRUDEOILM15OCT269400PE,877.4,883.1,877.4,883.1,30,15
2026-09-29 23:10:00,CRUDEOILM,CE,9450.0,CRUDEOILM15OCT269450CE,169.45,170.6,169.45,169.9,100,15
2026-09-29 23:10:00,CRUDEOILM,PE,9450.0,CRUDEOILM15OCT269450PE,924.0,924.0,924.0,924.0,0,15
2026-09-29 23:10:00,CRUDEOILM,CE,9500.0,CRUDEOILM15OCT269500CE,157.5,158.95,157.05,157.9,840,15
2026-09-29 23:10:00,CRUDEOILM,PE,9500.0,CRUDEOILM15OCT269500PE,964.95,964.95,964.95,964.95,0,15
2026-09-29 23:10:00,CRUDEOILM,CE,9550.0,CRUDEOILM15OCT269550CE,147.2,148.55,147.2,148.55,10,15
2026-09-29 23:10:00,CRUDEOILM,PE,9550.0,CRUDEOILM15OCT269550PE,1009.75,1009.75,1009.75,1009.75,0,15
2026-09-29 23:10:00,CRUDEOILM,CE,9600.0,CRUDEOILM15OCT269600CE,139.15,140.1,139.15,139.5,60,15
2026-09-29 23:10:00,CRUDEOILM,PE,9600.0,CRUDEOILM15OCT269600PE,1045.7,1045.7,1045.7,1045.7,0,15
2026-09-29 23:10:00,CRUDEOILM,CE,9650.0,CRUDEOILM15OCT269650CE,129.55,131.05,129.55,131.05,20,15
2026-09-29 23:10:00,CRUDEOILM,PE,9650.0,CRUDEOILM15OCT269650PE,1015.65,1015.65,1015.65,1015.65,0,15
2026-09-29 23:10:00,CRUDEOILM,CE,9700.0,CRUDEOILM15OCT269700CE,121.25,122.85,121.25,122.6,70,15
2026-09-29 23:10:00,CRUDEOILM,PE,9700.0,CRUDEOILM15OCT269700PE,1127.0,1127.0,1127.0,1127.0,0,15
2026-09-29 23:10:00,CRUDEOILM,CE,9750.0,CRUDEOILM15OCT269750CE,114.65,114.65,114.65,114.65,0,15
2026-09-29 23:10:00,CRUDEOILM,PE,9750.0,CRUDEOILM15OCT269750PE,1004.7,1004.7,1004.7,1004.7,0,15
2026-09-29 23:10:00,CRUDEOILM,CE,9800.0,CRUDEOILM15OCT269800CE,107.15,108.0,107.15,107.25,20,15
2026-09-29 23:10:00,CRUDEOILM,PE,9800.0,CRUDEOILM15OCT269800PE,1124.5,1124.5,1124.5,1124.5,0,15
2026-09-29 23:10:00,CRUDEOILM,CE,9850.0,CRUDEOILM15OCT269850CE,101.7,102.1,101.7,102.1,10,15
2026-09-29 23:10:00,CRUDEOILM,PE,9850.0,CRUDEOILM15OCT269850PE,1089.85,1089.85,1089.85,1089.85,0,15
2026-09-29 23:10:00,CRUDEOILM,CE,9900.0,CRUDEOILM15OCT269900CE,95.2,96.0,95.0,95.0,60,15
2026-09-29 23:10:00,CRUDEOILM,PE,9900.0,CRUDEOILM15OCT269900PE,1312.3,1312.3,1312.3,1312.3,0,15
2026-09-29 23:10:00,CRUDEOILM,CE,9950.0,CRUDEOILM15OCT269950CE,89.85,89.85,89.75,89.75,40,15
2026-09-29 23:10:00,CRUDEOILM,PE,9950.0,CRUDEOILM15OCT269950PE,1022.6,1022.6,1022.6,1022.6,0,15
2026-09-29 23:11:00,CRUDEOIL,FUT,0.0,CRUDEOIL19OCT26FUT,8690.0,8694.0,8690.0,8694.0,1400,14
2026-09-29 23:11:00,CRUDEOIL,CE,9350.0,CRUDEOIL15OCT269350CE,187.4,188.0,187.3,188.0,1600,14
2026-09-29 23:11:00,CRUDEOIL,PE,9350.0,CRUDEOIL15OCT269350PE,838.6,838.6,838.6,838.6,0,14
2026-09-29 23:11:00,CRUDEOIL,CE,9400.0,CRUDEOIL15OCT269400CE,175.1,176.1,175.1,176.0,500,14
2026-09-29 23:11:00,CRUDEOIL,PE,9400.0,CRUDEOIL15OCT269400PE,876.6,876.6,876.6,876.6,0,14
2026-09-29 23:11:00,CRUDEOIL,CE,9450.0,CRUDEOIL15OCT269450CE,164.0,164.0,163.6,163.6,200,14
2026-09-29 23:11:00,CRUDEOIL,PE,9450.0,CRUDEOIL15OCT269450PE,779.2,779.2,779.2,779.2,0,14
2026-09-29 23:11:00,CRUDEOIL,CE,9500.0,CRUDEOIL15OCT269500CE,152.3,152.6,151.6,152.5,5000,14
2026-09-29 23:11:00,CRUDEOIL,PE,9500.0,CRUDEOIL15OCT269500PE,953.0,953.0,953.0,953.0,0,14
2026-09-29 23:11:00,CRUDEOIL,CE,9550.0,CRUDEOIL15OCT269550CE,143.9,143.9,143.9,143.9,0,14
2026-09-29 23:11:00,CRUDEOIL,PE,9550.0,CRUDEOIL15OCT269550PE,902.3,902.3,902.3,902.3,0,14
2026-09-29 23:11:00,CRUDEOIL,CE,9600.0,CRUDEOIL15OCT269600CE,133.9,134.5,133.9,134.5,200,14
2026-09-29 23:11:00,CRUDEOIL,PE,9600.0,CRUDEOIL15OCT269600PE,1026.2,1026.2,1026.2,1026.2,0,14
2026-09-29 23:11:00,CRUDEOIL,CE,9650.0,CRUDEOIL15OCT269650CE,126.4,126.4,126.4,126.4,0,14
2026-09-29 23:11:00,CRUDEOIL,PE,9650.0,CRUDEOIL15OCT269650PE,818.0,818.0,818.0,818.0,0,14
2026-09-29 23:11:00,CRUDEOIL,CE,9700.0,CRUDEOIL15OCT269700CE,118.7,118.7,118.1,118.6,200,14
2026-09-29 23:11:00,CRUDEOIL,PE,9700.0,CRUDEOIL15OCT269700PE,1094.0,1094.0,1094.0,1094.0,0,14
2026-09-29 23:11:00,CRUDEOIL,CE,9750.0,CRUDEOIL15OCT269750CE,110.8,110.8,110.8,110.8,0,14
2026-09-29 23:11:00,CRUDEOIL,PE,9750.0,CRUDEOIL15OCT269750PE,916.3,916.3,916.3,916.3,0,14
2026-09-29 23:11:00,CRUDEOIL,CE,9800.0,CRUDEOIL15OCT269800CE,103.2,103.8,103.2,103.8,700,14
2026-09-29 23:11:00,CRUDEOIL,PE,9800.0,CRUDEOIL15OCT269800PE,1222.6,1222.6,1222.6,1222.6,0,14
2026-09-29 23:11:00,CRUDEOIL,CE,9850.0,CRUDEOIL15OCT269850CE,98.0,98.0,97.7,97.7,100,14
2026-09-29 23:11:00,CRUDEOIL,PE,9850.0,CRUDEOIL15OCT269850PE,970.4,970.4,970.4,970.4,0,14
2026-09-29 23:11:00,CRUDEOIL,CE,9900.0,CRUDEOIL15OCT269900CE,92.9,92.9,92.6,92.6,300,14
2026-09-29 23:11:00,CRUDEOIL,PE,9900.0,CRUDEOIL15OCT269900PE,1293.1,1293.1,1293.1,1293.1,0,14
2026-09-29 23:11:00,CRUDEOIL,CE,9950.0,CRUDEOIL15OCT269950CE,85.8,85.8,85.4,85.4,100,14
2026-09-29 23:11:00,CRUDEOIL,PE,9950.0,CRUDEOIL15OCT269950PE,1038.7,1038.7,1038.7,1038.7,0,14
2026-09-29 23:11:00,CRUDEOILM,FUT,0.0,CRUDEOILM19OCT26FUT,8694.0,8695.0,8691.0,8695.0,540,14
2026-09-29 23:11:00,CRUDEOILM,CE,9350.0,CRUDEOILM15OCT269350CE,193.9,194.25,193.2,194.25,220,14
2026-09-29 23:11:00,CRUDEOILM,PE,9350.0,CRUDEOILM15OCT269350PE,849.75,851.35,848.15,848.15,40,14
2026-09-29 23:11:00,CRUDEOILM,CE,9400.0,CRUDEOILM15OCT269400CE,181.3,181.5,180.85,181.3,110,14
2026-09-29 23:11:00,CRUDEOILM,PE,9400.0,CRUDEOILM15OCT269400PE,883.1,884.1,883.1,883.45,30,14
2026-09-29 23:11:00,CRUDEOILM,CE,9450.0,CRUDEOILM15OCT269450CE,169.9,170.2,169.5,170.1,30,14
2026-09-29 23:11:00,CRUDEOILM,PE,9450.0,CRUDEOILM15OCT269450PE,924.0,924.0,924.0,924.0,0,14
2026-09-29 23:11:00,CRUDEOILM,CE,9500.0,CRUDEOILM15OCT269500CE,158.55,158.7,158.3,158.7,140,14
2026-09-29 23:11:00,CRUDEOILM,PE,9500.0,CRUDEOILM15OCT269500PE,964.95,964.95,964.95,964.95,0,14
2026-09-29 23:11:00,CRUDEOILM,CE,9550.0,CRUDEOILM15OCT269550CE,148.55,148.55,148.55,148.55,0,14
2026-09-29 23:11:00,CRUDEOILM,PE,9550.0,CRUDEOILM15OCT269550PE,1009.75,1009.75,1009.75,1009.75,0,14
2026-09-29 23:11:00,CRUDEOILM,CE,9600.0,CRUDEOILM15OCT269600CE,139.5,140.0,139.5,140.0,50,14
2026-09-29 23:11:00,CRUDEOILM,PE,9600.0,CRUDEOILM15OCT269600PE,1045.7,1045.7,1045.7,1045.7,0,14
2026-09-29 23:11:00,CRUDEOILM,CE,9650.0,CRUDEOILM15OCT269650CE,130.25,130.75,130.25,130.65,80,14
2026-09-29 23:11:00,CRUDEOILM,PE,9650.0,CRUDEOILM15OCT269650PE,1015.65,1015.65,1015.65,1015.65,0,14
2026-09-29 23:11:00,CRUDEOILM,CE,9700.0,CRUDEOILM15OCT269700CE,122.1,122.15,121.8,121.95,80,14
2026-09-29 23:11:00,CRUDEOILM,PE,9700.0,CRUDEOILM15OCT269700PE,1127.0,1127.0,1127.0,1127.0,0,14
2026-09-29 23:11:00,CRUDEOILM,CE,9750.0,CRUDEOILM15OCT269750CE,114.65,114.65,114.65,114.65,0,14
2026-09-29 23:11:00,CRUDEOILM,PE,9750.0,CRUDEOILM15OCT269750PE,1004.7,1004.7,1004.7,1004.7,0,14
2026-09-29 23:11:00,CRUDEOILM,CE,9800.0,CRUDEOILM15OCT269800CE,107.25,107.85,107.25,107.45,100,14
2026-09-29 23:11:00,CRUDEOILM,PE,9800.0,CRUDEOILM15OCT269800PE,1124.5,1124.5,1124.5,1124.5,0,14
2026-09-29 23:11:00,CRUDEOILM,CE,9850.0,CRUDEOILM15OCT269850CE,102.1,102.4,102.1,102.4,10,14
2026-09-29 23:11:00,CRUDEOILM,PE,9850.0,CRUDEOILM15OCT269850PE,1089.85,1089.85,1089.85,1089.85,0,14
2026-09-29 23:11:00,CRUDEOILM,CE,9900.0,CRUDEOILM15OCT269900CE,95.0,95.3,95.0,95.3,10,14
2026-09-29 23:11:00,CRUDEOILM,PE,9900.0,CRUDEOILM15OCT269900PE,1312.3,1312.3,1312.3,1312.3,0,14
2026-09-29 23:11:00,CRUDEOILM,CE,9950.0,CRUDEOILM15OCT269950CE,89.75,89.75,89.75,89.75,0,14
2026-09-29 23:11:00,CRUDEOILM,PE,9950.0,CRUDEOILM15OCT269950PE,1022.6,1022.6,1022.6,1022.6,0,14
2026-09-29 23:12:00,CRUDEOIL,FUT,0.0,CRUDEOIL19OCT26FUT,8691.0,8691.0,8691.0,8691.0,0,1
2026-09-29 23:12:00,CRUDEOIL,CE,9350.0,CRUDEOIL15OCT269350CE,185.9,185.9,185.9,185.9,0,1
2026-09-29 23:12:00,CRUDEOIL,PE,9350.0,CRUDEOIL15OCT269350PE,840.8,840.8,840.8,840.8,0,1
2026-09-29 23:12:00,CRUDEOIL,CE,9400.0,CRUDEOIL15OCT269400CE,174.2,174.2,174.2,174.2,0,1
2026-09-29 23:12:00,CRUDEOIL,PE,9400.0,CRUDEOIL15OCT269400PE,876.6,876.6,876.6,876.6,0,1
2026-09-29 23:12:00,CRUDEOIL,CE,9450.0,CRUDEOIL15OCT269450CE,163.6,163.6,163.6,163.6,0,1
2026-09-29 23:12:00,CRUDEOIL,PE,9450.0,CRUDEOIL15OCT269450PE,779.2,779.2,779.2,779.2,0,1
2026-09-29 23:12:00,CRUDEOIL,CE,9500.0,CRUDEOIL15OCT269500CE,150.8,150.8,150.8,150.8,0,1
2026-09-29 23:12:00,CRUDEOIL,PE,9500.0,CRUDEOIL15OCT269500PE,955.0,955.0,955.0,955.0,0,1
2026-09-29 23:12:00,CRUDEOIL,CE,9550.0,CRUDEOIL15OCT269550CE,143.9,143.9,143.9,143.9,0,1
2026-09-29 23:12:00,CRUDEOIL,PE,9550.0,CRUDEOIL15OCT269550PE,902.3,902.3,902.3,902.3,0,1
2026-09-29 23:12:00,CRUDEOIL,CE,9600.0,CRUDEOIL15OCT269600CE,134.2,134.2,134.2,134.2,0,1
2026-09-29 23:12:00,CRUDEOIL,PE,9600.0,CRUDEOIL15OCT269600PE,1026.2,1026.2,1026.2,1026.2,0,1
2026-09-29 23:12:00,CRUDEOIL,CE,9650.0,CRUDEOIL15OCT269650CE,124.7,124.7,124.7,124.7,0,1
2026-09-29 23:12:00,CRUDEOIL,PE,9650.0,CRUDEOIL15OCT269650PE,818.0,818.0,818.0,818.0,0,1
2026-09-29 23:12:00,CRUDEOIL,CE,9700.0,CRUDEOIL15OCT269700CE,117.6,117.6,117.6,117.6,0,1
2026-09-29 23:12:00,CRUDEOIL,PE,9700.0,CRUDEOIL15OCT269700PE,1094.0,1094.0,1094.0,1094.0,0,1
2026-09-29 23:12:00,CRUDEOIL,CE,9750.0,CRUDEOIL15OCT269750CE,110.9,110.9,110.9,110.9,0,1
2026-09-29 23:12:00,CRUDEOIL,PE,9750.0,CRUDEOIL15OCT269750PE,916.3,916.3,916.3,916.3,0,1
2026-09-29 23:12:00,CRUDEOIL,CE,9800.0,CRUDEOIL15OCT269800CE,103.5,103.5,103.5,103.5,0,1
2026-09-29 23:12:00,CRUDEOIL,PE,9800.0,CRUDEOIL15OCT269800PE,1222.6,1222.6,1222.6,1222.6,0,1
2026-09-29 23:12:00,CRUDEOIL,CE,9850.0,CRUDEOIL15OCT269850CE,97.7,97.7,97.7,97.7,0,1
2026-09-29 23:12:00,CRUDEOIL,PE,9850.0,CRUDEOIL15OCT269850PE,970.4,970.4,970.4,970.4,0,1
2026-09-29 23:12:00,CRUDEOIL,CE,9900.0,CRUDEOIL15OCT269900CE,92.0,92.0,92.0,92.0,0,1
2026-09-29 23:12:00,CRUDEOIL,PE,9900.0,CRUDEOIL15OCT269900PE,1293.1,1293.1,1293.1,1293.1,0,1
2026-09-29 23:12:00,CRUDEOIL,CE,9950.0,CRUDEOIL15OCT269950CE,85.4,85.4,85.4,85.4,0,1
2026-09-29 23:12:00,CRUDEOIL,PE,9950.0,CRUDEOIL15OCT269950PE,1038.7,1038.7,1038.7,1038.7,0,1
2026-09-29 23:12:00,CRUDEOILM,FUT,0.0,CRUDEOILM19OCT26FUT,8691.0,8691.0,8691.0,8691.0,0,1
2026-09-29 23:12:00,CRUDEOILM,CE,9350.0,CRUDEOILM15OCT269350CE,193.15,193.15,193.15,193.15,0,1
2026-09-29 23:12:00,CRUDEOILM,PE,9350.0,CRUDEOILM15OCT269350PE,846.45,846.45,846.45,846.45,0,1
2026-09-29 23:12:00,CRUDEOILM,CE,9400.0,CRUDEOILM15OCT269400CE,180.0,180.0,180.0,180.0,0,1
2026-09-29 23:12:00,CRUDEOILM,PE,9400.0,CRUDEOILM15OCT269400PE,881.0,881.0,881.0,881.0,0,1
2026-09-29 23:12:00,CRUDEOILM,CE,9450.0,CRUDEOILM15OCT269450CE,168.8,168.8,168.8,168.8,0,1
2026-09-29 23:12:00,CRUDEOILM,PE,9450.0,CRUDEOILM15OCT269450PE,924.0,924.0,924.0,924.0,0,1
2026-09-29 23:12:00,CRUDEOILM,CE,9500.0,CRUDEOILM15OCT269500CE,156.85,156.85,156.85,156.85,0,1
2026-09-29 23:12:00,CRUDEOILM,PE,9500.0,CRUDEOILM15OCT269500PE,964.95,964.95,964.95,964.95,0,1
2026-09-29 23:12:00,CRUDEOILM,CE,9550.0,CRUDEOILM15OCT269550CE,147.65,147.65,147.65,147.65,0,1
2026-09-29 23:12:00,CRUDEOILM,PE,9550.0,CRUDEOILM15OCT269550PE,1009.75,1009.75,1009.75,1009.75,0,1
2026-09-29 23:12:00,CRUDEOILM,CE,9600.0,CRUDEOILM15OCT269600CE,138.3,138.3,138.3,138.3,0,1
2026-09-29 23:12:00,CRUDEOILM,PE,9600.0,CRUDEOILM15OCT269600PE,1045.7,1045.7,1045.7,1045.7,0,1
2026-09-29 23:12:00,CRUDEOILM,CE,9650.0,CRUDEOILM15OCT269650CE,129.7,129.7,129.7,129.7,0,1
2026-09-29 23:12:00,CRUDEOILM,PE,9650.0,CRUDEOILM15OCT269650PE,1015.65,1015.65,1015.65,1015.65,0,1
2026-09-29 23:12:00,CRUDEOILM,CE,9700.0,CRUDEOILM15OCT269700CE,121.1,121.1,121.1,121.1,0,1
2026-09-29 23:12:00,CRUDEOILM,PE,9700.0,CRUDEOILM15OCT269700PE,1121.25,1121.25,1121.25,1121.25,0,1
2026-09-29 23:12:00,CRUDEOILM,CE,9750.0,CRUDEOILM15OCT269750CE,114.15,114.15,114.15,114.15,0,1
2026-09-29 23:12:00,CRUDEOILM,PE,9750.0,CRUDEOILM15OCT269750PE,1004.7,1004.7,1004.7,1004.7,0,1
2026-09-29 23:12:00,CRUDEOILM,CE,9800.0,CRUDEOILM15OCT269800CE,106.4,106.4,106.4,106.4,0,1
2026-09-29 23:12:00,CRUDEOILM,PE,9800.0,CRUDEOILM15OCT269800PE,1124.5,1124.5,1124.5,1124.5,0,1
2026-09-29 23:12:00,CRUDEOILM,CE,9850.0,CRUDEOILM15OCT269850CE,100.7,100.7,100.7,100.7,0,1
2026-09-29 23:12:00,CRUDEOILM,PE,9850.0,CRUDEOILM15OCT269850PE,1089.85,1089.85,1089.85,1089.85,0,1
2026-09-29 23:12:00,CRUDEOILM,CE,9900.0,CRUDEOILM15OCT269900CE,95.0,95.0,95.0,95.0,0,1
2026-09-29 23:12:00,CRUDEOILM,PE,9900.0,CRUDEOILM15OCT269900PE,1312.3,1312.3,1312.3,1312.3,0,1
2026-09-29 23:12:00,CRUDEOILM,CE,9950.0,CRUDEOILM15OCT269950CE,89.95,89.95,89.95,89.95,0,1
2026-09-29 23:12:00,CRUDEOILM,PE,9950.0,CRUDEOILM15OCT269950PE,1022.6,1022.6,1022.6,1022.6,0,1
2026-09-29 23:13:00,CRUDEOIL,FUT,0.0,CRUDEOIL19OCT26FUT,8691.0,8691.0,8688.0,8688.0,4000,13
2026-09-29 23:13:00,CRUDEOIL,CE,9350.0,CRUDEOIL15OCT269350CE,185.9,185.9,185.0,185.0,700,13
2026-09-29 23:13:00,CRUDEOIL,PE,9350.0,CRUDEOIL15OCT269350PE,840.8,841.2,840.8,841.2,100,13
2026-09-29 23:13:00,CRUDEOIL,CE,9400.0,CRUDEOIL15OCT269400CE,174.2,174.2,173.4,173.4,600,13
2026-09-29 23:13:00,CRUDEOIL,PE,9400.0,CRUDEOIL15OCT269400PE,876.6,876.6,876.6,876.6,0,13
2026-09-29 23:13:00,CRUDEOIL,CE,9450.0,CRUDEOIL15OCT269450CE,163.6,163.6,162.0,162.0,100,13
2026-09-29 23:13:00,CRUDEOIL,PE,9450.0,CRUDEOIL15OCT269450PE,779.2,779.2,779.2,779.2,0,13
2026-09-29 23:13:00,CRUDEOIL,CE,9500.0,CRUDEOIL15OCT269500CE,151.0,151.0,149.9,149.9,7700,13
2026-09-29 23:13:00,CRUDEOIL,PE,9500.0,CRUDEOIL15OCT269500PE,955.0,955.0,955.0,955.0,0,13
2026-09-29 23:13:00,CRUDEOIL,CE,9550.0,CRUDEOIL15OCT269550CE,143.9,143.9,141.1,141.1,100,13
2026-09-29 23:13:00,CRUDEOIL,PE,9550.0,CRUDEOIL15OCT269550PE,902.3,902.3,902.3,902.3,0,13
2026-09-29 23:13:00,CRUDEOIL,CE,9600.0,CRUDEOIL15OCT269600CE,134.2,134.2,132.8,132.8,400,13
2026-09-29 23:13:00,CRUDEOIL,PE,9600.0,CRUDEOIL15OCT269600PE,1026.2,1026.2,1026.2,1026.2,0,13
2026-09-29 23:13:00,CRUDEOIL,CE,9650.0,CRUDEOIL15OCT269650CE,124.7,124.7,124.0,124.2,500,13
2026-09-29 23:13:00,CRUDEOIL,PE,9650.0,CRUDEOIL15OCT269650PE,818.0,818.0,818.0,818.0,0,13
2026-09-29 23:13:00,CRUDEOIL,CE,9700.0,CRUDEOIL15OCT269700CE,117.8,117.8,116.9,116.9,800,13
2026-09-29 23:13:00,CRUDEOIL,PE,9700.0,CRUDEOIL15OCT269700PE,1094.0,1094.0,1094.0,1094.0,0,13
2026-09-29 23:13:00,CRUDEOIL,CE,9750.0,CRUDEOIL15OCT269750CE,109.6,109.6,109.4,109.4,1200,13
2026-09-29 23:13:00,CRUDEOIL,PE,9750.0,CRUDEOIL15OCT269750PE,916.3,916.3,916.3,916.3,0,13
2026-09-29 23:13:00,CRUDEOIL,CE,9800.0,CRUDEOIL15OCT269800CE,103.0,103.0,102.9,102.9,100,13
2026-09-29 23:13:00,CRUDEOIL,PE,9800.0,CRUDEOIL15OCT269800PE,1222.6,1222.6,1222.6,1222.6,0,13
2026-09-29 23:13:00,CRUDEOIL,CE,9850.0,CRUDEOIL15OCT269850CE,97.7,97.7,97.7,97.7,0,13
2026-09-29 23:13:00,CRUDEOIL,PE,9850.0,CRUDEOIL15OCT269850PE,970.4,970.4,970.4,970.4,0,13
2026-09-29 23:13:00,CRUDEOIL,CE,9900.0,CRUDEOIL15OCT269900CE,92.0,92.0,91.5,91.5,400,13
2026-09-29 23:13:00,CRUDEOIL,PE,9900.0,CRUDEOIL15OCT269900PE,1293.1,1293.1,1293.1,1293.1,0,13
2026-09-29 23:13:00,CRUDEOIL,CE,9950.0,CRUDEOIL15OCT269950CE,85.4,85.4,83.5,83.5,900,13
2026-09-29 23:13:00,CRUDEOIL,PE,9950.0,CRUDEOIL15OCT269950PE,1038.7,1038.7,1038.7,1038.7,0,13
2026-09-29 23:13:00,CRUDEOILM,FUT,0.0,CRUDEOILM19OCT26FUT,8691.0,8693.0,8690.0,8690.0,2140,13
2026-09-29 23:13:00,CRUDEOILM,CE,9350.0,CRUDEOILM15OCT269350CE,193.15,193.15,191.9,191.9,30,13
2026-09-29 23:13:00,CRUDEOILM,PE,9350.0,CRUDEOILM15OCT269350PE,846.45,851.05,846.45,850.7,40,13
2026-09-29 23:13:00,CRUDEOILM,CE,9400.0,CRUDEOILM15OCT269400CE,180.25,180.3,179.0,179.0,120,13
2026-09-29 23:13:00,CRUDEOILM,PE,9400.0,CRUDEOILM15OCT269400PE,881.0,887.0,881.0,887.0,10,13
2026-09-29 23:13:00,CRUDEOILM,CE,9450.0,CRUDEOILM15OCT269450CE,168.8,169.3,167.7,167.7,280,13
2026-09-29 23:13:00,CRUDEOILM,PE,9450.0,CRUDEOILM15OCT269450PE,924.0,924.0,924.0,924.0,0,13
2026-09-29 23:13:00,CRUDEOILM,CE,9500.0,CRUDEOILM15OCT269500CE,157.15,157.15,155.4,155.4,2220,13
2026-09-29 23:13:00,CRUDEOILM,PE,9500.0,CRUDEOILM15OCT269500PE,964.95,964.95,964.95,964.95,0,13
2026-09-29 23:13:00,CRUDEOILM,CE,9550.0,CRUDEOILM15OCT269550CE,147.65,147.65,146.2,146.2,60,13
2026-09-29 23:13:00,CRUDEOILM,PE,9550.0,CRUDEOILM15OCT269550PE,1009.75,1009.75,1009.75,1009.75,0,13
2026-09-29 23:13:00,CRUDEOILM,CE,9600.0,CRUDEOILM15OCT269600CE,138.3,138.55,138.0,138.0,190,13
2026-09-29 23:13:00,CRUDEOILM,PE,9600.0,CRUDEOILM15OCT269600PE,1045.7,1045.7,1045.7,1045.7,0,13
2026-09-29 23:13:00,CRUDEOILM,CE,9650.0,CRUDEOILM15OCT269650CE,129.7,129.7,128.85,128.85,80,13
2026-09-29 23:13:00,CRUDEOILM,PE,9650.0,CRUDEOILM15OCT269650PE,1015.65,1015.65,1015.65,1015.65,0,13
2026-09-29 23:13:00,CRUDEOILM,CE,9700.0,CRUDEOILM15OCT269700CE,121.0,121.0,120.3,120.4,80,13
2026-09-29 23:13:00,CRUDEOILM,PE,9700.0,CRUDEOILM15OCT269700PE,1121.25,1121.25,1121.25,1121.25,0,13
2026-09-29 23:13:00,CRUDEOILM,CE,9750.0,CRUDEOILM15OCT269750CE,114.15,114.15,113.15,113.15,60,13
2026-09-29 23:13:00,CRUDEOILM,PE,9750.0,CRUDEOILM15OCT269750PE,1004.7,1004.7,1004.7,1004.7,0,13
2026-09-29 23:13:00,CRUDEOILM,CE,9800.0,CRUDEOILM15OCT269800CE,106.4,106.7,106.15,106.3,210,13
2026-09-29 23:13:00,CRUDEOILM,PE,9800.0,CRUDEOILM15OCT269800PE,1124.5,1124.5,1124.5,1124.5,0,13
2026-09-29 23:13:00,CRUDEOILM,CE,9850.0,CRUDEOILM15OCT269850CE,100.7,100.95,100.7,100.95,10,13
2026-09-29 23:13:00,CRUDEOILM,PE,9850.0,CRUDEOILM15OCT269850PE,1089.85,1089.85,1089.85,1089.85,0,13
2026-09-29 23:13:00,CRUDEOILM,CE,9900.0,CRUDEOILM15OCT269900CE,95.0,95.0,95.0,95.0,0,13
2026-09-29 23:13:00,CRUDEOILM,PE,9900.0,CRUDEOILM15OCT269900PE,1312.3,1312.3,1312.3,1312.3,0,13
2026-09-29 23:13:00,CRUDEOILM,CE,9950.0,CRUDEOILM15OCT269950CE,89.95,89.95,89.95,89.95,0,13
2026-09-29 23:13:00,CRUDEOILM,PE,9950.0,CRUDEOILM15OCT269950PE,1022.6,1022.6,1022.6,1022.6,0,13
2026-09-29 23:14:00,CRUDEOIL,FUT,0.0,CRUDEOIL19OCT26FUT,8688.0,8688.0,8685.0,8688.0,9100,13
2026-09-29 23:14:00,CRUDEOIL,CE,9350.0,CRUDEOIL15OCT269350CE,184.6,185.0,184.5,184.5,1100,13
2026-09-29 23:14:00,CRUDEOIL,PE,9350.0,CRUDEOIL15OCT269350PE,841.2,844.8,841.2,844.8,200,13
2026-09-29 23:14:00,CRUDEOIL,CE,9400.0,CRUDEOIL15OCT269400CE,172.7,172.7,172.4,172.4,400,13
2026-09-29 23:14:00,CRUDEOIL,PE,9400.0,CRUDEOIL15OCT269400PE,876.6,876.6,876.6,876.6,0,13
2026-09-29 23:14:00,CRUDEOIL,CE,9450.0,CRUDEOIL15OCT269450CE,162.0,162.0,160.8,160.8,800,13
2026-09-29 23:14:00,CRUDEOIL,PE,9450.0,CRUDEOIL15OCT269450PE,779.2,779.2,779.2,779.2,0,13
2026-09-29 23:14:00,CRUDEOIL,CE,9500.0,CRUDEOIL15OCT269500CE,149.4,149.5,149.0,149.0,7700,13
2026-09-29 23:14:00,CRUDEOIL,PE,9500.0,CRUDEOIL15OCT269500PE,955.0,958.0,955.0,958.0,100,13
2026-09-29 23:14:00,CRUDEOIL,CE,9550.0,CRUDEOIL15OCT269550CE,141.1,141.1,140.9,140.9,500,13
2026-09-29 23:14:00,CRUDEOIL,PE,9550.0,CRUDEOIL15OCT269550PE,902.3,902.3,902.3,902.3,0,13
2026-09-29 23:14:00,CRUDEOIL,CE,9600.0,CRUDEOIL15OCT269600CE,132.8,132.8,131.7,132.2,900,13
2026-09-29 23:14:00,CRUDEOIL,PE,9600.0,CRUDEOIL15OCT269600PE,1026.2,1026.2,1026.2,1026.2,0,13
2026-09-29 23:14:00,CRUDEOIL,CE,9650.0,CRUDEOIL15OCT269650CE,124.2,124.2,123.7,124.0,400,13
2026-09-29 23:14:00,CRUDEOIL,PE,9650.0,CRUDEOIL15OCT269650PE,818.0,818.0,818.0,818.0,0,13
2026-09-29 23:14:00,CRUDEOIL,CE,9700.0,CRUDEOIL15OCT269700CE,116.9,116.9,116.0,116.0,800,13
2026-09-29 23:14:00,CRUDEOIL,PE,9700.0,CRUDEOIL15OCT269700PE,1094.0,1094.0,1094.0,1094.0,0,13
2026-09-29 23:14:00,CRUDEOIL,CE,9750.0,CRUDEOIL15OCT269750CE,109.4,109.4,109.4,109.4,0,13
2026-09-29 23:14:00,CRUDEOIL,PE,9750.0,CRUDEOIL15OCT269750PE,916.3,916.3,916.3,916.3,0,13
2026-09-29 23:14:00,CRUDEOIL,CE,9800.0,CRUDEOIL15OCT269800CE,102.9,102.9,101.5,101.5,500,13
2026-09-29 23:14:00,CRUDEOIL,PE,9800.0,CRUDEOIL15OCT269800PE,1222.6,1222.6,1222.6,1222.6,0,13
2026-09-29 23:14:00,CRUDEOIL,CE,9850.0,CRUDEOIL15OCT269850CE,97.7,97.7,97.7,97.7,0,13
2026-09-29 23:14:00,CRUDEOIL,PE,9850.0,CRUDEOIL15OCT269850PE,970.4,970.4,970.4,970.4,0,13
2026-09-29 23:14:00,CRUDEOIL,CE,9900.0,CRUDEOIL15OCT269900CE,91.5,91.5,91.0,91.0,900,13
2026-09-29 23:14:00,CRUDEOIL,PE,9900.0,CRUDEOIL15OCT269900PE,1293.1,1293.1,1293.1,1293.1,0,13
2026-09-29 23:14:00,CRUDEOIL,CE,9950.0,CRUDEOIL15OCT269950CE,83.5,84.4,83.5,84.4,300,13
2026-09-29 23:14:00,CRUDEOIL,PE,9950.0,CRUDEOIL15OCT269950PE,1038.7,1038.7,1038.7,1038.7,0,13
2026-09-29 23:14:00,CRUDEOILM,FUT,0.0,CRUDEOILM19OCT26FUT,8688.0,8690.0,8687.0,8688.0,1660,13
2026-09-29 23:14:00,CRUDEOILM,CE,9350.0,CRUDEOILM15OCT269350CE,191.9,191.9,190.25,191.0,230,13
2026-09-29 23:14:00,CRUDEOILM,PE,9350.0,CRUDEOILM15OCT269350PE,850.7,852.55,850.7,852.55,10,13
2026-09-29 23:14:00,CRUDEOILM,CE,9400.0,CRUDEOILM15OCT269400CE,178.35,178.7,178.05,178.3,110,13
2026-09-29 23:14:00,CRUDEOILM,PE,9400.0,CRUDEOILM15OCT269400PE,887.0,887.0,887.0,887.0,0,13
2026-09-29 23:14:00,CRUDEOILM,CE,9450.0,CRUDEOILM15OCT269450CE,167.7,167.8,166.95,167.1,440,13
2026-09-29 23:14:00,CRUDEOILM,PE,9450.0,CRUDEOILM15OCT269450PE,924.0,924.0,924.0,924.0,0,13
2026-09-29 23:14:00,CRUDEOILM,CE,9500.0,CRUDEOILM15OCT269500CE,155.0,155.6,155.0,155.0,1290,13
2026-09-29 23:14:00,CRUDEOILM,PE,9500.0,CRUDEOILM15OCT269500PE,964.95,964.95,964.95,964.95,0,13
2026-09-29 23:14:00,CRUDEOILM,CE,9550.0,CRUDEOILM15OCT269550CE,146.2,146.2,145.55,145.55,50,13
2026-09-29 23:14:00,CRUDEOILM,PE,9550.0,CRUDEOILM15OCT269550PE,1009.75,1009.75,1009.75,1009.75,0,13
2026-09-29 23:14:00,CRUDEOILM,CE,9600.0,CRUDEOILM15OCT269600CE,138.0,138.0,137.0,137.15,410,13
2026-09-29 23:14:00,CRUDEOILM,PE,9600.0,CRUDEOILM15OCT269600PE,1045.7,1045.7,1045.7,1045.7,0,13
2026-09-29 23:14:00,CRUDEOILM,CE,9650.0,CRUDEOILM15OCT269650CE,128.6,128.6,128.0,128.0,120,13
2026-09-29 23:14:00,CRUDEOILM,PE,9650.0,CRUDEOILM15OCT269650PE,1015.65,1015.65,1015.65,1015.65,0,13
2026-09-29 23:14:00,CRUDEOILM,CE,9700.0,CRUDEOILM15OCT269700CE,120.05,120.05,119.5,119.55,160,13
2026-09-29 23:14:00,CRUDEOILM,PE,9700.0,CRUDEOILM15OCT269700PE,1121.25,1121.25,1121.25,1121.25,0,13
2026-09-29 23:14:00,CRUDEOILM,CE,9750.0,CRUDEOILM15OCT269750CE,113.15,113.15,112.45,112.45,410,13
2026-09-29 23:14:00,CRUDEOILM,PE,9750.0,CRUDEOILM15OCT269750PE,1004.7,1004.7,1004.7,1004.7,0,13
2026-09-29 23:14:00,CRUDEOILM,CE,9800.0,CRUDEOILM15OCT269800CE,106.3,106.3,105.0,105.75,550,13
2026-09-29 23:14:00,CRUDEOILM,PE,9800.0,CRUDEOILM15OCT269800PE,1124.5,1124.5,1124.5,1124.5,0,13
2026-09-29 23:14:00,CRUDEOILM,CE,9850.0,CRUDEOILM15OCT269850CE,100.95,100.95,100.0,100.05,1250,13
2026-09-29 23:14:00,CRUDEOILM,PE,9850.0,CRUDEOILM15OCT269850PE,1089.85,1089.85,1089.85,1089.85,0,13
2026-09-29 23:14:00,CRUDEOILM,CE,9900.0,CRUDEOILM15OCT269900CE,95.0,95.0,94.15,94.2,200,13
2026-09-29 23:14:00,CRUDEOILM,PE,9900.0,CRUDEOILM15OCT269900PE,1312.3,1312.3,1312.3,1312.3,0,13
2026-09-29 23:14:00,CRUDEOILM,CE,9950.0,CRUDEOILM15OCT269950CE,89.95,89.95,89.95,89.95,0,13
2026-09-29 23:14:00,CRUDEOILM,PE,9950.0,CRUDEOILM15OCT269950PE,1022.6,1022.6,1022.6,1022.6,0,13
2026-09-29 23:15:00,CRUDEOIL,FUT,0.0,CRUDEOIL19OCT26FUT,8688.0,8688.0,8680.0,8684.0,22500,14
2026-09-29 23:15:00,CRUDEOIL,CE,9350.0,CRUDEOIL15OCT269350CE,184.5,184.5,182.5,183.0,4400,14
2026-09-29 23:15:00,CRUDEOIL,PE,9350.0,CRUDEOIL15OCT269350PE,844.8,844.8,844.8,844.8,0,14
2026-09-29 23:15:00,CRUDEOIL,CE,9400.0,CRUDEOIL15OCT269400CE,172.6,172.8,170.9,171.9,3700,14
2026-09-29 23:15:00,CRUDEOIL,PE,9400.0,CRUDEOIL15OCT269400PE,876.6,885.1,876.6,885.1,100,14
2026-09-29 23:15:00,CRUDEOIL,CE,9450.0,CRUDEOIL15OCT269450CE,160.8,161.7,160.8,161.7,1200,14
2026-09-29 23:15:00,CRUDEOIL,PE,9450.0,CRUDEOIL15OCT269450PE,779.2,779.2,779.2,779.2,0,14
2026-09-29 23:15:00,CRUDEOIL,CE,9500.0,CRUDEOIL15OCT269500CE,149.5,149.8,148.0,148.9,7300,14
2026-09-29 23:15:00,CRUDEOIL,PE,9500.0,CRUDEOIL15OCT269500PE,955.0,962.2,955.0,962.2,600,14
2026-09-29 23:15:00,CRUDEOIL,CE,9550.0,CRUDEOIL15OCT269550CE,141.4,141.6,140.1,141.1,1200,14
2026-09-29 23:15:00,CRUDEOIL,PE,9550.0,CRUDEOIL15OCT269550PE,902.3,902.3,902.3,902.3,0,14
2026-09-29 23:15:00,CRUDEOIL,CE,9600.0,CRUDEOIL15OCT269600CE,132.9,132.9,131.4,132.0,3000,14
2026-09-29 23:15:00,CRUDEOIL,PE,9600.0,CRUDEOIL15OCT269600PE,1026.2,1026.2,1026.2,1026.2,0,14
2026-09-29 23:15:00,CRUDEOIL,CE,9650.0,CRUDEOIL15OCT269650CE,123.8,124.2,123.0,123.0,500,14
2026-09-29 23:15:00,CRUDEOIL,PE,9650.0,CRUDEOIL15OCT269650PE,818.0,818.0,818.0,818.0,0,14
2026-09-29 23:15:00,CRUDEOIL,CE,9700.0,CRUDEOIL15OCT269700CE,117.0,117.0,115.7,115.7,3100,14
2026-09-29 23:15:00,CRUDEOIL,PE,9700.0,CRUDEOIL15OCT269700PE,1094.0,1094.0,1094.0,1094.0,0,14
2026-09-29 23:15:00,CRUDEOIL,CE,9750.0,CRUDEOIL15OCT269750CE,108.9,109.4,108.6,108.6,400,14
2026-09-29 23:15:00,CRUDEOIL,PE,9750.0,CRUDEOIL15OCT269750PE,916.3,916.3,916.3,916.3,0,14
2026-09-29 23:15:00,CRUDEOIL,CE,9800.0,CRUDEOIL15OCT269800CE,102.1,102.2,101.4,101.7,1300,14
2026-09-29 23:15:00,CRUDEOIL,PE,9800.0,CRUDEOIL15OCT269800PE,1222.6,1222.6,1222.6,1222.6,0,14
2026-09-29 23:15:00,CRUDEOIL,CE,9850.0,CRUDEOIL15OCT269850CE,97.7,97.7,96.3,96.3,100,14
2026-09-29 23:15:00,CRUDEOIL,PE,9850.0,CRUDEOIL15OCT269850PE,970.4,970.4,970.4,970.4,0,14
2026-09-29 23:15:00,CRUDEOIL,CE,9900.0,CRUDEOIL15OCT269900CE,90.8,91.2,90.7,90.9,2600,14
2026-09-29 23:15:00,CRUDEOIL,PE,9900.0,CRUDEOIL15OCT269900PE,1293.1,1293.1,1293.1,1293.1,0,14
2026-09-29 23:15:00,CRUDEOIL,CE,9950.0,CRUDEOIL15OCT269950CE,84.4,84.8,84.4,84.8,200,14
2026-09-29 23:15:00,CRUDEOIL,PE,9950.0,CRUDEOIL15OCT269950PE,1038.7,1038.7,1038.7,1038.7,0,14
2026-09-29 23:15:00,CRUDEOILM,FUT,0.0,CRUDEOILM19OCT26FUT,8687.0,8689.0,8679.0,8684.0,5200,14
2026-09-29 23:15:00,CRUDEOILM,CE,9350.0,CRUDEOILM15OCT269350CE,191.0,191.75,189.0,190.1,330,14
2026-09-29 23:15:00,CRUDEOILM,PE,9350.0,CRUDEOILM15OCT269350PE,852.55,852.55,852.55,852.55,0,14
2026-09-29 23:15:00,CRUDEOILM,CE,9400.0,CRUDEOILM15OCT269400CE,178.25,179.1,177.85,178.1,590,14
2026-09-29 23:15:00,CRUDEOILM,PE,9400.0,CRUDEOILM15OCT269400PE,887.0,890.75,887.0,890.75,10,14
2026-09-29 23:15:00,CRUDEOILM,CE,9450.0,CRUDEOILM15OCT269450CE,167.55,167.9,166.65,167.2,290,14
2026-09-29 23:15:00,CRUDEOILM,PE,9450.0,CRUDEOILM15OCT269450PE,924.0,926.95,924.0,926.95,30,14
2026-09-29 23:15:00,CRUDEOILM,CE,9500.0,CRUDEOILM15OCT269500CE,155.75,156.3,153.9,154.9,2000,14
2026-09-29 23:15:00,CRUDEOILM,PE,9500.0,CRUDEOILM15OCT269500PE,964.95,969.05,964.95,969.0,140,14
2026-09-29 23:15:00,CRUDEOILM,CE,9550.0,CRUDEOILM15OCT269550CE,145.55,146.8,145.5,145.5,40,14
2026-09-29 23:15:00,CRUDEOILM,PE,9550.0,CRUDEOILM15OCT269550PE,1009.75,1009.75,1009.75,1009.75,0,14
2026-09-29 23:15:00,CRUDEOILM,CE,9600.0,CRUDEOILM15OCT269600CE,137.65,137.8,136.05,136.85,880,14
2026-09-29 23:15:00,CRUDEOILM,PE,9600.0,CRUDEOILM15OCT269600PE,1045.7,1045.7,1045.7,1045.7,0,14
2026-09-29 23:15:00,CRUDEOILM,CE,9650.0,CRUDEOILM15OCT269650CE,128.25,128.4,127.45,127.75,1160,14
2026-09-29 23:15:00,CRUDEOILM,PE,9650.0,CRUDEOILM15OCT269650PE,1015.65,1015.65,1015.65,1015.65,0,14
2026-09-29 23:15:00,CRUDEOILM,CE,9700.0,CRUDEOILM15OCT269700CE,120.5,120.5,119.1,119.25,660,14
2026-09-29 23:15:00,CRUDEOILM,PE,9700.0,CRUDEOILM15OCT269700PE,1121.25,1121.25,1121.25,1121.25,0,14
2026-09-29 23:15:00,CRUDEOILM,CE,9750.0,CRUDEOILM15OCT269750CE,113.3,113.3,112.45,112.45,100,14
2026-09-29 23:15:00,CRUDEOILM,PE,9750.0,CRUDEOILM15OCT269750PE,1004.7,1004.7,1004.7,1004.7,0,14
2026-09-29 23:15:00,CRUDEOILM,CE,9800.0,CRUDEOILM15OCT269800CE,106.05,106.4,105.3,105.5,370,14
2026-09-29 23:15:00,CRUDEOILM,PE,9800.0,CRUDEOILM15OCT269800PE,1124.5,1124.5,1124.5,1124.5,0,14
2026-09-29 23:15:00,CRUDEOILM,CE,9850.0,CRUDEOILM15OCT269850CE,100.35,100.9,99.6,99.95,180,14
2026-09-29 23:15:00,CRUDEOILM,PE,9850.0,CRUDEOILM15OCT269850PE,1089.85,1089.85,1089.85,1089.85,0,14
2026-09-29 23:15:00,CRUDEOILM,CE,9900.0,CRUDEOILM15OCT269900CE,94.2,94.2,92.9,93.9,260,14
2026-09-29 23:15:00,CRUDEOILM,PE,9900.0,CRUDEOILM15OCT269900PE,1312.3,1312.3,1312.3,1312.3,0,14
2026-09-29 23:15:00,CRUDEOILM,CE,9950.0,CRUDEOILM15OCT269950CE,88.15,88.25,87.9,87.95,40,14
2026-09-29 23:15:00,CRUDEOILM,PE,9950.0,CRUDEOILM15OCT269950PE,1022.6,1022.6,1022.6,1022.6,0,14
2026-09-29 23:16:00,CRUDEOIL,FUT,0.0,CRUDEOIL19OCT26FUT,8685.0,8685.0,8673.0,8676.0,26300,14
2026-09-29 23:16:00,CRUDEOIL,CE,9350.0,CRUDEOIL15OCT269350CE,183.0,183.7,180.6,182.7,3400,14
2026-09-29 23:16:00,CRUDEOIL,PE,9350.0,CRUDEOIL15OCT269350PE,844.8,848.6,844.8,848.6,100,14
2026-09-29 23:16:00,CRUDEOIL,CE,9400.0,CRUDEOIL15OCT269400CE,171.0,171.5,168.3,169.4,2900,14
2026-09-29 23:16:00,CRUDEOIL,PE,9400.0,CRUDEOIL15OCT269400PE,885.5,886.4,885.1,886.1,300,14
2026-09-29 23:16:00,CRUDEOIL,CE,9450.0,CRUDEOIL15OCT269450CE,161.7,161.7,157.3,159.4,900,14
2026-09-29 23:16:00,CRUDEOIL,PE,9450.0,CRUDEOIL15OCT269450PE,779.2,779.2,779.2,779.2,0,14
2026-09-29 23:16:00,CRUDEOIL,CE,9500.0,CRUDEOIL15OCT269500CE,148.9,148.9,147.1,147.1,16900,14
2026-09-29 23:16:00,CRUDEOIL,PE,9500.0,CRUDEOIL15OCT269500PE,962.2,962.2,960.4,960.4,500,14
2026-09-29 23:16:00,CRUDEOIL,CE,9550.0,CRUDEOIL15OCT269550CE,141.1,141.1,138.8,139.3,1700,14
2026-09-29 23:16:00,CRUDEOIL,PE,9550.0,CRUDEOIL15OCT269550PE,902.3,902.3,902.3,902.3,0,14
2026-09-29 23:16:00,CRUDEOIL,CE,9600.0,CRUDEOIL15OCT269600CE,131.8,131.8,129.9,130.3,5700,14
2026-09-29 23:16:00,CRUDEOIL,PE,9600.0,CRUDEOIL15OCT269600PE,1026.2,1026.2,1026.2,1026.2,0,14
2026-09-29 23:16:00,CRUDEOIL,CE,9650.0,CRUDEOIL15OCT269650CE,123.0,123.0,121.8,122.2,1200,14
2026-09-29 23:16:00,CRUDEOIL,PE,9650.0,CRUDEOIL15OCT269650PE,818.0,818.0,818.0,818.0,0,14
2026-09-29 23:16:00,CRUDEOIL,CE,9700.0,CRUDEOIL15OCT269700CE,115.7,115.9,114.4,115.4,4700,14
2026-09-29 23:16:00,CRUDEOIL,PE,9700.0,CRUDEOIL15OCT269700PE,1094.0,1094.0,1094.0,1094.0,0,14
2026-09-29 23:16:00,CRUDEOIL,CE,9750.0,CRUDEOIL15OCT269750CE,108.6,108.6,106.1,108.0,4000,14
2026-09-29 23:16:00,CRUDEOIL,PE,9750.0,CRUDEOIL15OCT269750PE,916.3,916.3,916.3,916.3,0,14
2026-09-29 23:16:00,CRUDEOIL,CE,9800.0,CRUDEOIL15OCT269800CE,101.7,101.7,99.8,100.9,4700,14
2026-09-29 23:16:00,CRUDEOIL,PE,9800.0,CRUDEOIL15OCT269800PE,1222.6,1222.6,1222.6,1222.6,0,14
2026-09-29 23:16:00,CRUDEOIL,CE,9850.0,CRUDEOIL15OCT269850CE,96.3,96.4,95.2,95.5,800,14
2026-09-29 23:16:00,CRUDEOIL,PE,9850.0,CRUDEOIL15OCT269850PE,970.4,970.4,970.4,970.4,0,14
2026-09-29 23:16:00,CRUDEOIL,CE,9900.0,CRUDEOIL15OCT269900CE,90.8,90.8,89.2,90.0,4100,14
2026-09-29 23:16:00,CRUDEOIL,PE,9900.0,CRUDEOIL15OCT269900PE,1293.1,1303.3,1293.1,1303.3,100,14
2026-09-29 23:16:00,CRUDEOIL,CE,9950.0,CRUDEOIL15OCT269950CE,84.8,84.8,83.0,83.7,300,14
2026-09-29 23:16:00,CRUDEOIL,PE,9950.0,CRUDEOIL15OCT269950PE,1038.7,1038.7,1038.7,1038.7,0,14
2026-09-29 23:16:00,CRUDEOILM,FUT,0.0,CRUDEOILM19OCT26FUT,8686.0,8686.0,8676.0,8676.0,6710,14
2026-09-29 23:16:00,CRUDEOILM,CE,9350.0,CRUDEOILM15OCT269350CE,189.9,190.25,187.0,189.25,770,14
2026-09-29 23:16:00,CRUDEOILM,PE,9350.0,CRUDEOILM15OCT269350PE,852.55,852.55,852.55,852.55,0,14
2026-09-29 23:16:00,CRUDEOILM,CE,9400.0,CRUDEOILM15OCT269400CE,178.75,178.75,175.6,177.3,1360,14
2026-09-29 23:16:00,CRUDEOILM,PE,9400.0,CRUDEOILM15OCT269400PE,890.75,890.75,890.75,890.75,0,14
2026-09-29 23:16:00,CRUDEOILM,CE,9450.0,CRUDEOILM15OCT269450CE,167.2,167.2,163.95,165.9,680,14
2026-09-29 23:16:00,CRUDEOILM,PE,9450.0,CRUDEOILM15OCT269450PE,926.95,934.35,926.95,934.35,160,14
2026-09-29 23:16:00,CRUDEOILM,CE,9500.0,CRUDEOILM15OCT269500CE,155.25,155.25,153.35,154.25,2890,14
2026-09-29 23:16:00,CRUDEOILM,PE,9500.0,CRUDEOILM15OCT269500PE,969.0,970.7,969.0,970.7,50,14
2026-09-29 23:16:00,CRUDEOILM,CE,9550.0,CRUDEOILM15OCT269550CE,145.5,146.0,143.45,143.45,290,14
2026-09-29 23:16:00,CRUDEOILM,PE,9550.0,CRUDEOILM15OCT269550PE,1009.75,1009.75,1009.75,1009.75,0,14
2026-09-29 23:16:00,CRUDEOILM,CE,9600.0,CRUDEOILM15OCT269600CE,136.85,136.85,135.0,136.0,1000,14
2026-09-29 23:16:00,CRUDEOILM,PE,9600.0,CRUDEOILM15OCT269600PE,1045.7,1048.4,1045.7,1048.4,10,14
2026-09-29 23:16:00,CRUDEOILM,CE,9650.0,CRUDEOILM15OCT269650CE,128.05,128.05,125.85,127.3,1090,14
2026-09-29 23:16:00,CRUDEOILM,PE,9650.0,CRUDEOILM15OCT269650PE,1015.65,1015.65,1015.65,1015.65,0,14
2026-09-29 23:16:00,CRUDEOILM,CE,9700.0,CRUDEOILM15OCT269700CE,120.25,120.25,118.25,119.05,620,14
2026-09-29 23:16:00,CRUDEOILM,PE,9700.0,CRUDEOILM15OCT269700PE,1121.25,1121.25,1121.25,1121.25,0,14
2026-09-29 23:16:00,CRUDEOILM,CE,9750.0,CRUDEOILM15OCT269750CE,112.45,112.75,111.3,111.65,330,14
2026-09-29 23:16:00,CRUDEOILM,PE,9750.0,CRUDEOILM15OCT269750PE,1004.7,1004.7,1004.7,1004.7,0,14
2026-09-29 23:16:00,CRUDEOILM,CE,9800.0,CRUDEOILM15OCT269800CE,106.25,106.25,104.25,105.0,890,14
2026-09-29 23:16:00,CRUDEOILM,PE,9800.0,CRUDEOILM15OCT269800PE,1124.5,1124.5,1124.5,1124.5,0,14
2026-09-29 23:16:00,CRUDEOILM,CE,9850.0,CRUDEOILM15OCT269850CE,99.95,100.35,98.25,99.35,320,14
2026-09-29 23:16:00,CRUDEOILM,PE,9850.0,CRUDEOILM15OCT269850PE,1089.85,1089.85,1089.85,1089.85,0,14
2026-09-29 23:16:00,CRUDEOILM,CE,9900.0,CRUDEOILM15OCT269900CE,93.8,94.0,92.4,93.0,390,14
2026-09-29 23:16:00,CRUDEOILM,PE,9900.0,CRUDEOILM15OCT269900PE,1312.3,1312.3,1312.3,1312.3,0,14
2026-09-29 23:16:00,CRUDEOILM,CE,9950.0,CRUDEOILM15OCT269950CE,89.05,89.05,87.9,88.2,90,14
2026-09-29 23:16:00,CRUDEOILM,PE,9950.0,CRUDEOILM15OCT269950PE,1022.6,1022.6,1022.6,1022.6,0,14
2026-09-29 23:17:00,CRUDEOIL,FUT,0.0,CRUDEOIL19OCT26FUT,8680.0,8680.0,8667.0,8677.0,26600,14
2026-09-29 23:17:00,CRUDEOIL,CE,9350.0,CRUDEOIL15OCT269350CE,182.8,183.2,180.7,182.8,2700,14
2026-09-29 23:17:00,CRUDEOIL,PE,9350.0,CRUDEOIL15OCT269350PE,848.6,848.6,848.6,848.6,0,14
2026-09-29 23:17:00,CRUDEOIL,CE,9400.0,CRUDEOIL15OCT269400CE,169.4,171.5,169.4,170.2,2900,14
2026-09-29 23:17:00,CRUDEOIL,PE,9400.0,CRUDEOIL15OCT269400PE,886.1,886.1,886.1,886.1,0,14
2026-09-29 23:17:00,CRUDEOIL,CE,9450.0,CRUDEOIL15OCT269450CE,159.4,160.3,158.9,159.4,3000,14
2026-09-29 23:17:00,CRUDEOIL,PE,9450.0,CRUDEOIL15OCT269450PE,779.2,779.2,779.2,779.2,0,14
2026-09-29 23:17:00,CRUDEOIL,CE,9500.0,CRUDEOIL15OCT269500CE,148.6,148.9,146.7,148.0,8100,14
2026-09-29 23:17:00,CRUDEOIL,PE,9500.0,CRUDEOIL15OCT269500PE,960.4,968.5,960.4,968.5,100,14
2026-09-29 23:17:00,CRUDEOIL,CE,9550.0,CRUDEOIL15OCT269550CE,139.3,140.2,139.3,139.4,2300,14
2026-09-29 23:17:00,CRUDEOIL,PE,9550.0,CRUDEOIL15OCT269550PE,902.3,902.3,902.3,902.3,0,14
2026-09-29 23:17:00,CRUDEOIL,CE,9600.0,CRUDEOIL15OCT269600CE,131.0,131.8,129.5,130.9,3800,14
2026-09-29 23:17:00,CRUDEOIL,PE,9600.0,CRUDEOIL15OCT269600PE,1026.2,1026.2,1026.2,1026.2,0,14
2026-09-29 23:17:00,CRUDEOIL,CE,9650.0,CRUDEOIL15OCT269650CE,122.2,123.2,122.2,122.9,1800,14
2026-09-29 23:17:00,CRUDEOIL,PE,9650.0,CRUDEOIL15OCT269650PE,818.0,818.0,818.0,818.0,0,14
2026-09-29 23:17:00,CRUDEOIL,CE,9700.0,CRUDEOIL15OCT269700CE,115.4,115.7,114.4,115.6,3100,14
2026-09-29 23:17:00,CRUDEOIL,PE,9700.0,CRUDEOIL15OCT269700PE,1094.0,1094.0,1094.0,1094.0,0,14
2026-09-29 23:17:00,CRUDEOIL,CE,9750.0,CRUDEOIL15OCT269750CE,108.0,108.2,106.7,107.8,1200,14
2026-09-29 23:17:00,CRUDEOIL,PE,9750.0,CRUDEOIL15OCT269750PE,916.3,916.3,916.3,916.3,0,14
2026-09-29 23:17:00,CRUDEOIL,CE,9800.0,CRUDEOIL15OCT269800CE,101.0,101.5,100.9,101.2,5000,14
2026-09-29 23:17:00,CRUDEOIL,PE,9800.0,CRUDEOIL15OCT269800PE,1222.6,1222.6,1222.6,1222.6,0,14
2026-09-29 23:17:00,CRUDEOIL,CE,9850.0,CRUDEOIL15OCT269850CE,95.5,96.0,95.5,95.6,1300,14
2026-09-29 23:17:00,CRUDEOIL,PE,9850.0,CRUDEOIL15OCT269850PE,970.4,970.4,970.4,970.4,0,14
2026-09-29 23:17:00,CRUDEOIL,CE,9900.0,CRUDEOIL15OCT269900CE,90.0,90.6,90.0,90.0,1600,14
2026-09-29 23:17:00,CRUDEOIL,PE,9900.0,CRUDEOIL15OCT269900PE,1303.3,1303.3,1303.3,1303.3,0,14
2026-09-29 23:17:00,CRUDEOIL,CE,9950.0,CRUDEOIL15OCT269950CE,83.7,84.0,83.7,84.0,100,14
2026-09-29 23:17:00,CRUDEOIL,PE,9950.0,CRUDEOIL15OCT269950PE,1038.7,1038.7,1038.7,1038.7,0,14
2026-09-29 23:17:00,CRUDEOILM,FUT,0.0,CRUDEOILM19OCT26FUT,8681.0,8681.0,8670.0,8677.0,2520,14
2026-09-29 23:17:00,CRUDEOILM,CE,9350.0,CRUDEOILM15OCT269350CE,189.65,191.0,187.85,190.25,780,14
2026-09-29 23:17:00,CRUDEOILM,PE,9350.0,CRUDEOILM15OCT269350PE,852.55,852.55,852.55,852.55,0,14
2026-09-29 23:17:00,CRUDEOILM,CE,9400.0,CRUDEOILM15OCT269400CE,178.2,178.45,176.0,177.7,570,14
2026-09-29 23:17:00,CRUDEOILM,PE,9400.0,CRUDEOILM15OCT269400PE,890.75,890.75,890.75,890.75,0,14
2026-09-29 23:17:00,CRUDEOILM,CE,9450.0,CRUDEOILM15OCT269450CE,165.9,167.7,165.6,166.85,490,14
2026-09-29 23:17:00,CRUDEOILM,PE,9450.0,CRUDEOILM15OCT269450PE,934.35,934.35,934.35,934.35,0,14
2026-09-29 23:17:00,CRUDEOILM,CE,9500.0,CRUDEOILM15OCT269500CE,155.0,156.25,153.1,154.45,3230,14
2026-09-29 23:17:00,CRUDEOILM,PE,9500.0,CRUDEOILM15OCT269500PE,970.7,970.7,970.7,970.7,0,14
2026-09-29 23:17:00,CRUDEOILM,CE,9550.0,CRUDEOILM15OCT269550CE,143.45,146.0,143.45,145.9,250,14
2026-09-29 23:17:00,CRUDEOILM,PE,9550.0,CRUDEOILM15OCT269550PE,1009.75,1009.75,1009.75,1009.75,0,14
2026-09-29 23:17:00,CRUDEOILM,CE,9600.0,CRUDEOILM15OCT269600CE,136.85,137.0,136.25,136.7,1920,14
2026-09-29 23:17:00,CRUDEOILM,PE,9600.0,CRUDEOILM15OCT269600PE,1048.4,1048.4,1048.4,1048.4,0,14
2026-09-29 23:17:00,CRUDEOILM,CE,9650.0,CRUDEOILM15OCT269650CE,127.4,128.85,126.9,128.4,430,14
2026-09-29 23:17:00,CRUDEOILM,PE,9650.0,CRUDEOILM15OCT269650PE,1015.65,1015.65,1015.65,1015.65,0,14
2026-09-29 23:17:00,CRUDEOILM,CE,9700.0,CRUDEOILM15OCT269700CE,120.0,120.05,118.55,119.75,410,14
2026-09-29 23:17:00,CRUDEOILM,PE,9700.0,CRUDEOILM15OCT269700PE,1121.25,1121.25,1121.25,1121.25,0,14
2026-09-29 23:17:00,CRUDEOILM,CE,9750.0,CRUDEOILM15OCT269750CE,111.65,113.85,111.65,112.6,240,14
2026-09-29 23:17:00,CRUDEOILM,PE,9750.0,CRUDEOILM15OCT269750PE,1004.7,1004.7,1004.7,1004.7,0,14
2026-09-29 23:17:00,CRUDEOILM,CE,9800.0,CRUDEOILM15OCT269800CE,105.15,106.4,105.0,105.7,950,14
2026-09-29 23:17:00,CRUDEOILM,PE,9800.0,CRUDEOILM15OCT269800PE,1124.5,1124.5,1124.5,1124.5,0,14
2026-09-29 23:17:00,CRUDEOILM,CE,9850.0,CRUDEOILM15OCT269850CE,99.35,100.95,99.35,100.0,270,14
2026-09-29 23:17:00,CRUDEOILM,PE,9850.0,CRUDEOILM15OCT269850PE,1089.85,1089.85,1089.85,1089.85,0,14
2026-09-29 23:17:00,CRUDEOILM,CE,9900.0,CRUDEOILM15OCT269900CE,93.0,94.75,93.0,93.4,500,14
2026-09-29 23:17:00,CRUDEOILM,PE,9900.0,CRUDEOILM15OCT269900PE,1312.3,1312.3,1312.3,1312.3,0,14
2026-09-29 23:17:00,CRUDEOILM,CE,9950.0,CRUDEOILM15OCT269950CE,88.2,88.95,88.2,88.3,200,14
2026-09-29 23:17:00,CRUDEOILM,PE,9950.0,CRUDEOILM15OCT269950PE,1022.6,1022.6,1022.6,1022.6,0,14
2026-09-29 23:18:00,CRUDEOIL,FUT,0.0,CRUDEOIL19OCT26FUT,8674.0,8681.0,8671.0,8671.0,11100,14
2026-09-29 23:18:00,CRUDEOIL,CE,9350.0,CRUDEOIL15OCT269350CE,182.1,183.9,182.0,182.0,1200,14
2026-09-29 23:18:00,CRUDEOIL,PE,9350.0,CRUDEOIL15OCT269350PE,848.6,848.6,848.6,848.6,0,14
2026-09-29 23:18:00,CRUDEOIL,CE,9400.0,CRUDEOIL15OCT269400CE,170.2,172.6,170.2,170.3,8000,14
2026-09-29 23:18:00,CRUDEOIL,PE,9400.0,CRUDEOIL15OCT269400PE,886.1,888.2,886.1,888.2,200,14
2026-09-29 23:18:00,CRUDEOIL,CE,9450.0,CRUDEOIL15OCT269450CE,159.4,161.0,159.4,160.7,300,14
2026-09-29 23:18:00,CRUDEOIL,PE,9450.0,CRUDEOIL15OCT269450PE,779.2,779.2,779.2,779.2,0,14
2026-09-29 23:18:00,CRUDEOIL,CE,9500.0,CRUDEOIL15OCT269500CE,148.4,149.7,147.1,147.5,12400,14
2026-09-29 23:18:00,CRUDEOIL,PE,9500.0,CRUDEOIL15OCT269500PE,968.5,968.5,964.0,964.0,300,14
2026-09-29 23:18:00,CRUDEOIL,CE,9550.0,CRUDEOIL15OCT269550CE,139.4,140.9,139.4,140.5,600,14
2026-09-29 23:18:00,CRUDEOIL,PE,9550.0,CRUDEOIL15OCT269550PE,902.3,902.3,902.3,902.3,0,14
2026-09-29 23:18:00,CRUDEOIL,CE,9600.0,CRUDEOIL15OCT269600CE,130.9,131.5,130.9,131.0,1400,14
2026-09-29 23:18:00,CRUDEOIL,PE,9600.0,CRUDEOIL15OCT269600PE,1026.2,1026.2,1026.2,1026.2,0,14
2026-09-29 23:18:00,CRUDEOIL,CE,9650.0,CRUDEOIL15OCT269650CE,122.9,123.8,122.9,123.3,300,14
2026-09-29 23:18:00,CRUDEOIL,PE,9650.0,CRUDEOIL15OCT269650PE,818.0,818.0,818.0,818.0,0,14
2026-09-29 23:18:00,CRUDEOIL,CE,9700.0,CRUDEOIL15OCT269700CE,115.6,116.0,114.5,114.5,2800,14
2026-09-29 23:18:00,CRUDEOIL,PE,9700.0,CRUDEOIL15OCT269700PE,1094.0,1094.0,1094.0,1094.0,0,14
2026-09-29 23:18:00,CRUDEOIL,CE,9750.0,CRUDEOIL15OCT269750CE,107.8,108.7,107.8,108.7,100,14
2026-09-29 23:18:00,CRUDEOIL,PE,9750.0,CRUDEOIL15OCT269750PE,916.3,916.3,916.3,916.3,0,14
2026-09-29 23:18:00,CRUDEOIL,CE,9800.0,CRUDEOIL15OCT269800CE,101.2,102.5,100.8,100.8,4800,14
2026-09-29 23:18:00,CRUDEOIL,PE,9800.0,CRUDEOIL15OCT269800PE,1222.6,1222.6,1222.6,1222.6,0,14
2026-09-29 23:18:00,CRUDEOIL,CE,9850.0,CRUDEOIL15OCT269850CE,95.6,96.7,95.6,95.9,1100,14
2026-09-29 23:18:00,CRUDEOIL,PE,9850.0,CRUDEOIL15OCT269850PE,970.4,970.4,970.4,970.4,0,14
2026-09-29 23:18:00,CRUDEOIL,CE,9900.0,CRUDEOIL15OCT269900CE,90.0,90.7,90.0,90.0,2400,14
2026-09-29 23:18:00,CRUDEOIL,PE,9900.0,CRUDEOIL15OCT269900PE,1303.3,1303.3,1303.3,1303.3,0,14
2026-09-29 23:18:00,CRUDEOIL,CE,9950.0,CRUDEOIL15OCT269950CE,84.0,84.0,84.0,84.0,0,14
2026-09-29 23:18:00,CRUDEOIL,PE,9950.0,CRUDEOIL15OCT269950PE,1038.7,1038.7,1038.7,1038.7,0,14
2026-09-29 23:18:00,CRUDEOILM,FUT,0.0,CRUDEOILM19OCT26FUT,8676.0,8681.0,8671.0,8674.0,1890,14
2026-09-29 23:18:00,CRUDEOILM,CE,9350.0,CRUDEOILM15OCT269350CE,190.1,191.0,188.65,189.65,1240,14
2026-09-29 23:18:00,CRUDEOILM,PE,9350.0,CRUDEOILM15OCT269350PE,852.55,852.55,852.55,852.55,0,14
2026-09-29 23:18:00,CRUDEOILM,CE,9400.0,CRUDEOILM15OCT269400CE,178.3,179.6,176.8,177.3,680,14
2026-09-29 23:18:00,CRUDEOILM,PE,9400.0,CRUDEOILM15OCT269400PE,890.75,890.75,890.75,890.75,0,14
2026-09-29 23:18:00,CRUDEOILM,CE,9450.0,CRUDEOILM15OCT269450CE,167.35,167.5,165.5,166.5,190,14
2026-09-29 23:18:00,CRUDEOILM,PE,9450.0,CRUDEOILM15OCT269450PE,934.35,934.35,934.35,934.35,0,14
2026-09-29 23:18:00,CRUDEOILM,CE,9500.0,CRUDEOILM15OCT269500CE,155.25,156.05,153.45,154.2,3410,14
2026-09-29 23:18:00,CRUDEOILM,PE,9500.0,CRUDEOILM15OCT269500PE,970.7,970.7,970.7,970.7,0,14
2026-09-29 23:18:00,CRUDEOILM,CE,9550.0,CRUDEOILM15OCT269550CE,145.9,146.95,145.9,146.7,160,14
2026-09-29 23:18:00,CRUDEOILM,PE,9550.0,CRUDEOILM15OCT269550PE,1009.75,1009.75,1009.75,1009.75,0,14
2026-09-29 23:18:00,CRUDEOILM,CE,9600.0,CRUDEOILM15OCT269600CE,137.05,137.8,135.95,135.95,480,14
2026-09-29 23:18:00,CRUDEOILM,PE,9600.0,CRUDEOILM15OCT269600PE,1048.4,1048.4,1048.4,1048.4,0,14
2026-09-29 23:18:00,CRUDEOILM,CE,9650.0,CRUDEOILM15OCT269650CE,128.4,129.9,127.3,127.3,350,14
2026-09-29 23:18:00,CRUDEOILM,PE,9650.0,CRUDEOILM15OCT269650PE,1015.65,1015.65,1015.65,1015.65,0,14
2026-09-29 23:18:00,CRUDEOILM,CE,9700.0,CRUDEOILM15OCT269700CE,120.15,120.9,119.5,119.65,490,14
2026-09-29 23:18:00,CRUDEOILM,PE,9700.0,CRUDEOILM15OCT269700PE,1121.25,1121.25,1121.25,1121.25,0,14
2026-09-29 23:18:00,CRUDEOILM,CE,9750.0,CRUDEOILM15OCT269750CE,112.6,114.3,112.6,112.75,170,14
2026-09-29 23:18:00,CRUDEOILM,PE,9750.0,CRUDEOILM15OCT269750PE,1004.7,1004.7,1004.7,1004.7,0,14
2026-09-29 23:18:00,CRUDEOILM,CE,9800.0,CRUDEOILM15OCT269800CE,106.0,106.8,104.8,104.8,2470,14
2026-09-29 23:18:00,CRUDEOILM,PE,9800.0,CRUDEOILM15OCT269800PE,1124.5,1124.5,1124.5,1124.5,0,14
2026-09-29 23:18:00,CRUDEOILM,CE,9850.0,CRUDEOILM15OCT269850CE,99.9,101.55,99.45,99.45,260,14
2026-09-29 23:18:00,CRUDEOILM,PE,9850.0,CRUDEOILM15OCT269850PE,1089.85,1089.85,1089.85,1089.85,0,14
2026-09-29 23:18:00,CRUDEOILM,CE,9900.0,CRUDEOILM15OCT269900CE,93.4,94.9,93.4,94.1,370,14
2026-09-29 23:18:00,CRUDEOILM,PE,9900.0,CRUDEOILM15OCT269900PE,1312.3,1312.3,1312.3,1312.3,0,14
2026-09-29 23:18:00,CRUDEOILM,CE,9950.0,CRUDEOILM15OCT269950CE,88.3,89.95,88.3,88.65,280,14
2026-09-29 23:18:00,CRUDEOILM,PE,9950.0,CRUDEOILM15OCT269950PE,1022.6,1022.6,1022.6,1022.6,0,14
2026-09-29 23:19:00,CRUDEOIL,FUT,0.0,CRUDEOIL19OCT26FUT,8670.0,8672.0,8669.0,8672.0,4300,14
2026-09-29 23:19:00,CRUDEOIL,CE,9350.0,CRUDEOIL15OCT269350CE,182.0,184.1,182.0,182.2,1200,14
2026-09-29 23:19:00,CRUDEOIL,PE,9350.0,CRUDEOIL15OCT269350PE,848.6,848.6,848.6,848.6,0,14
2026-09-29 23:19:00,CRUDEOIL,CE,9400.0,CRUDEOIL15OCT269400CE,170.3,171.0,170.3,171.0,200,14
2026-09-29 23:19:00,CRUDEOIL,PE,9400.0,CRUDEOIL15OCT269400PE,888.2,888.2,888.2,888.2,0,14
2026-09-29 23:19:00,CRUDEOIL,CE,9450.0,CRUDEOIL15OCT269450CE,160.7,160.7,159.3,159.3,300,14
2026-09-29 23:19:00,CRUDEOIL,PE,9450.0,CRUDEOIL15OCT269450PE,779.2,779.2,779.2,779.2,0,14
2026-09-29 23:19:00,CRUDEOIL,CE,9500.0,CRUDEOIL15OCT269500CE,148.0,148.9,148.0,148.5,5000,14
2026-09-29 23:19:00,CRUDEOIL,PE,9500.0,CRUDEOIL15OCT269500PE,964.0,964.0,964.0,964.0,0,14
2026-09-29 23:19:00,CRUDEOIL,CE,9550.0,CRUDEOIL15OCT269550CE,140.5,140.5,139.9,140.0,200,14
2026-09-29 23:19:00,CRUDEOIL,PE,9550.0,CRUDEOIL15OCT269550PE,902.3,902.3,902.3,902.3,0,14
2026-09-29 23:19:00,CRUDEOIL,CE,9600.0,CRUDEOIL15OCT269600CE,131.0,131.8,131.0,131.2,1300,14
2026-09-29 23:19:00,CRUDEOIL,PE,9600.0,CRUDEOIL15OCT269600PE,1026.2,1026.2,1026.2,1026.2,0,14
2026-09-29 23:19:00,CRUDEOIL,CE,9650.0,CRUDEOIL15OCT269650CE,123.3,123.3,123.3,123.3,0,14
2026-09-29 23:19:00,CRUDEOIL,PE,9650.0,CRUDEOIL15OCT269650PE,818.0,818.0,818.0,818.0,0,14
2026-09-29 23:19:00,CRUDEOIL,CE,9700.0,CRUDEOIL15OCT269700CE,114.5,115.4,114.5,115.3,300,14
2026-09-29 23:19:00,CRUDEOIL,PE,9700.0,CRUDEOIL15OCT269700PE,1094.0,1094.0,1094.0,1094.0,0,14
2026-09-29 23:19:00,CRUDEOIL,CE,9750.0,CRUDEOIL15OCT269750CE,108.7,108.7,107.8,107.8,400,14
2026-09-29 23:19:00,CRUDEOIL,PE,9750.0,CRUDEOIL15OCT269750PE,916.3,916.3,916.3,916.3,0,14
2026-09-29 23:19:00,CRUDEOIL,CE,9800.0,CRUDEOIL15OCT269800CE,100.8,101.3,100.8,101.2,1300,14
2026-09-29 23:19:00,CRUDEOIL,PE,9800.0,CRUDEOIL15OCT269800PE,1222.6,1222.6,1222.6,1222.6,0,14
2026-09-29 23:19:00,CRUDEOIL,CE,9850.0,CRUDEOIL15OCT269850CE,95.9,95.9,95.9,95.9,0,14
2026-09-29 23:19:00,CRUDEOIL,PE,9850.0,CRUDEOIL15OCT269850PE,970.4,970.4,970.4,970.4,0,14
2026-09-29 23:19:00,CRUDEOIL,CE,9900.0,CRUDEOIL15OCT269900CE,90.0,90.7,90.0,90.7,1800,14
2026-09-29 23:19:00,CRUDEOIL,PE,9900.0,CRUDEOIL15OCT269900PE,1303.3,1303.3,1303.3,1303.3,0,14
2026-09-29 23:19:00,CRUDEOIL,CE,9950.0,CRUDEOIL15OCT269950CE,84.0,84.0,84.0,84.0,0,14
2026-09-29 23:19:00,CRUDEOIL,PE,9950.0,CRUDEOIL15OCT269950PE,1038.7,1038.7,1038.7,1038.7,0,14
2026-09-29 23:19:00,CRUDEOILM,FUT,0.0,CRUDEOILM19OCT26FUT,8671.0,8675.0,8670.0,8673.0,1020,14
2026-09-29 23:19:00,CRUDEOILM,CE,9350.0,CRUDEOILM15OCT269350CE,189.2,189.8,188.75,189.6,910,14
2026-09-29 23:19:00,CRUDEOILM,PE,9350.0,CRUDEOILM15OCT269350PE,852.55,852.55,852.55,852.55,0,14
2026-09-29 23:19:00,CRUDEOILM,CE,9400.0,CRUDEOILM15OCT269400CE,177.2,178.65,177.2,177.8,480,14
2026-09-29 23:19:00,CRUDEOILM,PE,9400.0,CRUDEOILM15OCT269400PE,890.75,890.75,890.75,890.75,0,14
2026-09-29 23:19:00,CRUDEOILM,CE,9450.0,CRUDEOILM15OCT269450CE,166.5,167.0,166.5,167.0,30,14
2026-09-29 23:19:00,CRUDEOILM,PE,9450.0,CRUDEOILM15OCT269450PE,934.35,934.35,934.35,934.35,0,14
2026-09-29 23:19:00,CRUDEOILM,CE,9500.0,CRUDEOILM15OCT269500CE,154.8,155.7,154.35,155.0,2250,14
2026-09-29 23:19:00,CRUDEOILM,PE,9500.0,CRUDEOILM15OCT269500PE,970.7,980.0,970.7,980.0,20,14
2026-09-29 23:19:00,CRUDEOILM,CE,9550.0,CRUDEOILM15OCT269550CE,146.7,146.7,145.7,146.0,220,14
2026-09-29 23:19:00,CRUDEOILM,PE,9550.0,CRUDEOILM15OCT269550PE,1009.75,1009.75,1009.75,1009.75,0,14
2026-09-29 23:19:00,CRUDEOILM,CE,9600.0,CRUDEOILM15OCT269600CE,136.6,137.3,136.6,137.3,350,14
2026-09-29 23:19:00,CRUDEOILM,PE,9600.0,CRUDEOILM15OCT269600PE,1048.4,1048.4,1048.4,1048.4,0,14
2026-09-29 23:19:00,CRUDEOILM,CE,9650.0,CRUDEOILM15OCT269650CE,127.3,129.25,127.3,128.0,630,14
2026-09-29 23:19:00,CRUDEOILM,PE,9650.0,CRUDEOILM15OCT269650PE,1015.65,1015.65,1015.65,1015.65,0,14
2026-09-29 23:19:00,CRUDEOILM,CE,9700.0,CRUDEOILM15OCT269700CE,120.0,120.65,120.0,120.15,310,14
2026-09-29 23:19:00,CRUDEOILM,PE,9700.0,CRUDEOILM15OCT269700PE,1121.25,1121.25,1121.25,1121.25,0,14
2026-09-29 23:19:00,CRUDEOILM,CE,9750.0,CRUDEOILM15OCT269750CE,112.75,113.8,112.75,113.8,120,14
2026-09-29 23:19:00,CRUDEOILM,PE,9750.0,CRUDEOILM15OCT269750PE,1004.7,1004.7,1004.7,1004.7,0,14
2026-09-29 23:19:00,CRUDEOILM,CE,9800.0,CRUDEOILM15OCT269800CE,105.7,106.25,105.7,106.05,770,14
2026-09-29 23:19:00,CRUDEOILM,PE,9800.0,CRUDEOILM15OCT269800PE,1124.5,1124.5,1124.5,1124.5,0,14
2026-09-29 23:19:00,CRUDEOILM,CE,9850.0,CRUDEOILM15OCT269850CE,99.45,101.05,99.45,100.85,80,14
2026-09-29 23:19:00,CRUDEOILM,PE,9850.0,CRUDEOILM15OCT269850PE,1089.85,1089.85,1089.85,1089.85,0,14
2026-09-29 23:19:00,CRUDEOILM,CE,9900.0,CRUDEOILM15OCT269900CE,94.3,95.05,94.3,94.9,670,14
2026-09-29 23:19:00,CRUDEOILM,PE,9900.0,CRUDEOILM15OCT269900PE,1312.3,1312.3,1312.3,1312.3,0,14
2026-09-29 23:19:00,CRUDEOILM,CE,9950.0,CRUDEOILM15OCT269950CE,88.65,89.8,88.65,89.75,140,14
2026-09-29 23:19:00,CRUDEOILM,PE,9950.0,CRUDEOILM15OCT269950PE,1022.6,1022.6,1022.6,1022.6,0,14
2026-09-29 23:20:00,CRUDEOIL,FUT,0.0,CRUDEOIL19OCT26FUT,8671.0,8672.0,8669.0,8670.0,24200,13
2026-09-29 23:20:00,CRUDEOIL,CE,9350.0,CRUDEOIL15OCT269350CE,181.5,182.4,181.5,182.4,1100,13
2026-09-29 23:20:00,CRUDEOIL,PE,9350.0,CRUDEOIL15OCT269350PE,848.6,848.6,848.6,848.6,0,13
2026-09-29 23:20:00,CRUDEOIL,CE,9400.0,CRUDEOIL15OCT269400CE,170.7,171.7,170.6,171.7,2300,13
2026-09-29 23:20:00,CRUDEOIL,PE,9400.0,CRUDEOIL15OCT269400PE,896.0,896.0,896.0,896.0,0,13
2026-09-29 23:20:00,CRUDEOIL,CE,9450.0,CRUDEOIL15OCT269450CE,159.3,160.1,159.3,160.1,1800,13
2026-09-29 23:20:00,CRUDEOIL,PE,9450.0,CRUDEOIL15OCT269450PE,779.2,779.2,779.2,779.2,0,13
2026-09-29 23:20:00,CRUDEOIL,CE,9500.0,CRUDEOIL15OCT269500CE,147.8,148.4,147.5,148.0,16600,13
2026-09-29 23:20:00,CRUDEOIL,PE,9500.0,CRUDEOIL15OCT269500PE,964.0,973.7,964.0,973.7,500,13
2026-09-29 23:20:00,CRUDEOIL,CE,9550.0,CRUDEOIL15OCT269550CE,140.0,140.3,139.1,140.3,900,13
2026-09-29 23:20:00,CRUDEOIL,PE,9550.0,CRUDEOIL15OCT269550PE,902.3,902.3,902.3,902.3,0,13
2026-09-29 23:20:00,CRUDEOIL,CE,9600.0,CRUDEOIL15OCT269600CE,130.7,131.7,130.6,130.9,2700,13
2026-09-29 23:20:00,CRUDEOIL,PE,9600.0,CRUDEOIL15OCT269600PE,1026.2,1026.2,1026.2,1026.2,0,13
2026-09-29 23:20:00,CRUDEOIL,CE,9650.0,CRUDEOIL15OCT269650CE,122.5,122.9,122.1,122.6,1900,13
2026-09-29 23:20:00,CRUDEOIL,PE,9650.0,CRUDEOIL15OCT269650PE,818.0,818.0,818.0,818.0,0,13
2026-09-29 23:20:00,CRUDEOIL,CE,9700.0,CRUDEOIL15OCT269700CE,115.2,115.9,115.2,115.9,1300,13
2026-09-29 23:20:00,CRUDEOIL,PE,9700.0,CRUDEOIL15OCT269700PE,1094.0,1094.0,1094.0,1094.0,0,13
2026-09-29 23:20:00,CRUDEOIL,CE,9750.0,CRUDEOIL15OCT269750CE,107.8,109.0,107.6,108.4,1600,13
2026-09-29 23:20:00,CRUDEOIL,PE,9750.0,CRUDEOIL15OCT269750PE,916.3,916.3,916.3,916.3,0,13
2026-09-29 23:20:00,CRUDEOIL,CE,9800.0,CRUDEOIL15OCT269800CE,100.9,101.7,100.8,100.8,4300,13
2026-09-29 23:20:00,CRUDEOIL,PE,9800.0,CRUDEOIL15OCT269800PE,1222.6,1222.6,1222.6,1222.6,0,13
2026-09-29 23:20:00,CRUDEOIL,CE,9850.0,CRUDEOIL15OCT269850CE,95.6,95.6,94.4,94.4,300,13
2026-09-29 23:20:00,CRUDEOIL,PE,9850.0,CRUDEOIL15OCT269850PE,970.4,970.4,970.4,970.4,0,13
2026-09-29 23:20:00,CRUDEOIL,CE,9900.0,CRUDEOIL15OCT269900CE,90.7,90.7,89.3,90.2,2000,13
2026-09-29 23:20:00,CRUDEOIL,PE,9900.0,CRUDEOIL15OCT269900PE,1303.3,1303.3,1303.3,1303.3,0,13
2026-09-29 23:20:00,CRUDEOIL,CE,9950.0,CRUDEOIL15OCT269950CE,83.4,83.5,82.4,83.1,2200,13
2026-09-29 23:20:00,CRUDEOIL,PE,9950.0,CRUDEOIL15OCT269950PE,1038.7,1038.7,1038.7,1038.7,0,13
2026-09-29 23:20:00,CRUDEOILM,FUT,0.0,CRUDEOILM19OCT26FUT,8673.0,8677.0,8668.0,8672.0,5080,13
2026-09-29 23:20:00,CRUDEOILM,CE,9350.0,CRUDEOILM15OCT269350CE,188.65,189.6,188.15,189.2,670,13
2026-09-29 23:20:00,CRUDEOILM,PE,9350.0,CRUDEOILM15OCT269350PE,852.55,852.55,852.55,852.55,0,13
2026-09-29 23:20:00,CRUDEOILM,CE,9400.0,CRUDEOILM15OCT269400CE,177.1,178.8,176.9,178.8,880,13
2026-09-29 23:20:00,CRUDEOILM,PE,9400.0,CRUDEOILM15OCT269400PE,890.75,906.95,890.75,906.95,10,13
2026-09-29 23:20:00,CRUDEOILM,CE,9450.0,CRUDEOILM15OCT269450CE,165.85,167.25,165.85,166.4,600,13
2026-09-29 23:20:00,CRUDEOILM,PE,9450.0,CRUDEOILM15OCT269450PE,934.35,940.6,934.35,940.6,10,13
2026-09-29 23:20:00,CRUDEOILM,CE,9500.0,CRUDEOILM15OCT269500CE,155.05,155.3,153.1,154.1,5600,13
2026-09-29 23:20:00,CRUDEOILM,PE,9500.0,CRUDEOILM15OCT269500PE,979.7,982.0,975.05,982.0,40,13
2026-09-29 23:20:00,CRUDEOILM,CE,9550.0,CRUDEOILM15OCT269550CE,145.3,145.85,144.75,145.85,330,13
2026-09-29 23:20:00,CRUDEOILM,PE,9550.0,CRUDEOILM15OCT269550PE,1009.75,1009.75,1009.75,1009.75,0,13
2026-09-29 23:20:00,CRUDEOILM,CE,9600.0,CRUDEOILM15OCT269600CE,136.6,137.85,135.4,137.85,1920,13
2026-09-29 23:20:00,CRUDEOILM,PE,9600.0,CRUDEOILM15OCT269600PE,1048.4,1048.4,1048.4,1048.4,0,13
2026-09-29 23:20:00,CRUDEOILM,CE,9650.0,CRUDEOILM15OCT269650CE,128.0,129.0,128.0,129.0,350,13
2026-09-29 23:20:00,CRUDEOILM,PE,9650.0,CRUDEOILM15OCT269650PE,1015.65,1015.65,1015.65,1015.65,0,13
2026-09-29 23:20:00,CRUDEOILM,CE,9700.0,CRUDEOILM15OCT269700CE,120.1,120.7,119.5,120.55,1160,13
2026-09-29 23:20:00,CRUDEOILM,PE,9700.0,CRUDEOILM15OCT269700PE,1121.25,1121.25,1121.25,1121.25,0,13
2026-09-29 23:20:00,CRUDEOILM,CE,9750.0,CRUDEOILM15OCT269750CE,112.9,113.55,112.7,112.75,660,13
2026-09-29 23:20:00,CRUDEOILM,PE,9750.0,CRUDEOILM15OCT269750PE,1004.7,1004.7,1004.7,1004.7,0,13
2026-09-29 23:20:00,CRUDEOILM,CE,9800.0,CRUDEOILM15OCT269800CE,105.75,106.35,105.3,105.9,2140,13
2026-09-29 23:20:00,CRUDEOILM,PE,9800.0,CRUDEOILM15OCT269800PE,1124.5,1124.5,1124.5,1124.5,0,13
2026-09-29 23:20:00,CRUDEOILM,CE,9850.0,CRUDEOILM15OCT269850CE,99.75,100.9,99.75,100.35,130,13
2026-09-29 23:20:00,CRUDEOILM,PE,9850.0,CRUDEOILM15OCT269850PE,1089.85,1089.85,1089.85,1089.85,0,13
2026-09-29 23:20:00,CRUDEOILM,CE,9900.0,CRUDEOILM15OCT269900CE,94.2,95.05,93.4,93.6,600,13
2026-09-29 23:20:00,CRUDEOILM,PE,9900.0,CRUDEOILM15OCT269900PE,1312.3,1312.3,1312.3,1312.3,0,13
2026-09-29 23:20:00,CRUDEOILM,CE,9950.0,CRUDEOILM15OCT269950CE,89.85,90.0,87.3,89.2,680,13
2026-09-29 23:20:00,CRUDEOILM,PE,9950.0,CRUDEOILM15OCT269950PE,1022.6,1022.6,1022.6,1022.6,0,13
2026-09-29 23:21:00,CRUDEOIL,FUT,0.0,CRUDEOIL19OCT26FUT,8670.0,8670.0,8668.0,8668.0,100,2
2026-09-29 23:21:00,CRUDEOIL,CE,9350.0,CRUDEOIL15OCT269350CE,182.4,182.5,182.4,182.5,100,2
2026-09-29 23:21:00,CRUDEOIL,PE,9350.0,CRUDEOIL15OCT269350PE,848.6,848.6,848.6,848.6,0,2
2026-09-29 23:21:00,CRUDEOIL,CE,9400.0,CRUDEOIL15OCT269400CE,171.7,171.7,171.7,171.7,0,2
2026-09-29 23:21:00,CRUDEOIL,PE,9400.0,CRUDEOIL15OCT269400PE,896.0,896.0,896.0,896.0,0,2
2026-09-29 23:21:00,CRUDEOIL,CE,9450.0,CRUDEOIL15OCT269450CE,160.1,160.1,160.0,160.0,100,2
2026-09-29 23:21:00,CRUDEOIL,PE,9450.0,CRUDEOIL15OCT269450PE,779.2,779.2,779.2,779.2,0,2
2026-09-29 23:21:00,CRUDEOIL,CE,9500.0,CRUDEOIL15OCT269500CE,147.5,147.5,147.5,147.5,300,2
2026-09-29 23:21:00,CRUDEOIL,PE,9500.0,CRUDEOIL15OCT269500PE,973.7,973.7,973.7,973.7,0,2
2026-09-29 23:21:00,CRUDEOIL,CE,9550.0,CRUDEOIL15OCT269550CE,139.9,139.9,139.9,139.9,0,2
2026-09-29 23:21:00,CRUDEOIL,PE,9550.0,CRUDEOIL15OCT269550PE,902.3,902.3,902.3,902.3,0,2
2026-09-29 23:21:00,CRUDEOIL,CE,9600.0,CRUDEOIL15OCT269600CE,130.8,130.8,130.8,130.8,0,2
2026-09-29 23:21:00,CRUDEOIL,PE,9600.0,CRUDEOIL15OCT269600PE,1026.2,1026.2,1026.2,1026.2,0,2
2026-09-29 23:21:00,CRUDEOIL,CE,9650.0,CRUDEOIL15OCT269650CE,122.8,122.8,122.8,122.8,0,2
2026-09-29 23:21:00,CRUDEOIL,PE,9650.0,CRUDEOIL15OCT269650PE,818.0,818.0,818.0,818.0,0,2
2026-09-29 23:21:00,CRUDEOIL,CE,9700.0,CRUDEOIL15OCT269700CE,115.9,115.9,115.9,115.9,0,2
2026-09-29 23:21:00,CRUDEOIL,PE,9700.0,CRUDEOIL15OCT269700PE,1094.0,1094.0,1094.0,1094.0,0,2
2026-09-29 23:21:00,CRUDEOIL,CE,9750.0,CRUDEOIL15OCT269750CE,108.4,108.4,108.4,108.4,0,2
2026-09-29 23:21:00,CRUDEOIL,PE,9750.0,CRUDEOIL15OCT269750PE,916.3,916.3,916.3,916.3,0,2
2026-09-29 23:21:00,CRUDEOIL,CE,9800.0,CRUDEOIL15OCT269800CE,100.8,100.8,100.8,100.8,0,2
2026-09-29 23:21:00,CRUDEOIL,PE,9800.0,CRUDEOIL15OCT269800PE,1222.6,1222.6,1222.6,1222.6,0,2
2026-09-29 23:21:00,CRUDEOIL,CE,9850.0,CRUDEOIL15OCT269850CE,94.4,94.4,94.4,94.4,0,2
2026-09-29 23:21:00,CRUDEOIL,PE,9850.0,CRUDEOIL15OCT269850PE,970.4,970.4,970.4,970.4,0,2
2026-09-29 23:21:00,CRUDEOIL,CE,9900.0,CRUDEOIL15OCT269900CE,90.2,90.2,90.2,90.2,0,2
2026-09-29 23:21:00,CRUDEOIL,PE,9900.0,CRUDEOIL15OCT269900PE,1303.3,1303.3,1303.3,1303.3,0,2
2026-09-29 23:21:00,CRUDEOIL,CE,9950.0,CRUDEOIL15OCT269950CE,83.1,83.1,83.1,83.1,0,2
2026-09-29 23:21:00,CRUDEOIL,PE,9950.0,CRUDEOIL15OCT269950PE,1038.7,1038.7,1038.7,1038.7,0,2
2026-09-29 23:21:00,CRUDEOILM,FUT,0.0,CRUDEOILM19OCT26FUT,8673.0,8673.0,8672.0,8672.0,10,2
2026-09-29 23:21:00,CRUDEOILM,CE,9350.0,CRUDEOILM15OCT269350CE,189.15,189.15,189.15,189.15,40,2
2026-09-29 23:21:00,CRUDEOILM,PE,9350.0,CRUDEOILM15OCT269350PE,852.55,852.55,852.55,852.55,0,2
2026-09-29 23:21:00,CRUDEOILM,CE,9400.0,CRUDEOILM15OCT269400CE,178.8,178.8,177.2,177.2,20,2
2026-09-29 23:21:00,CRUDEOILM,PE,9400.0,CRUDEOILM15OCT269400PE,906.95,906.95,906.95,906.95,0,2
2026-09-29 23:21:00,CRUDEOILM,CE,9450.0,CRUDEOILM15OCT269450CE,165.95,166.35,165.95,166.35,40,2
2026-09-29 23:21:00,CRUDEOILM,PE,9450.0,CRUDEOILM15OCT269450PE,940.6,940.6,940.6,940.6,0,2
2026-09-29 23:21:00,CRUDEOILM,CE,9500.0,CRUDEOILM15OCT269500CE,154.15,154.15,153.95,153.95,10,2
2026-09-29 23:21:00,CRUDEOILM,PE,9500.0,CRUDEOILM15OCT269500PE,982.0,982.0,982.0,982.0,0,2
2026-09-29 23:21:00,CRUDEOILM,CE,9550.0,CRUDEOILM15OCT269550CE,145.95,145.95,145.8,145.8,40,2
2026-09-29 23:21:00,CRUDEOILM,PE,9550.0,CRUDEOILM15OCT269550PE,1009.75,1009.75,1009.75,1009.75,0,2
2026-09-29 23:21:00,CRUDEOILM,CE,9600.0,CRUDEOILM15OCT269600CE,136.8,136.8,136.45,136.45,30,2
2026-09-29 23:21:00,CRUDEOILM,PE,9600.0,CRUDEOILM15OCT269600PE,1048.4,1048.4,1048.4,1048.4,0,2
2026-09-29 23:21:00,CRUDEOILM,CE,9650.0,CRUDEOILM15OCT269650CE,129.0,129.0,129.0,129.0,0,2
2026-09-29 23:21:00,CRUDEOILM,PE,9650.0,CRUDEOILM15OCT269650PE,1015.65,1015.65,1015.65,1015.65,0,2
2026-09-29 23:21:00,CRUDEOILM,CE,9700.0,CRUDEOILM15OCT269700CE,120.55,120.55,120.55,120.55,0,2
2026-09-29 23:21:00,CRUDEOILM,PE,9700.0,CRUDEOILM15OCT269700PE,1121.25,1121.25,1121.25,1121.25,0,2
2026-09-29 23:21:00,CRUDEOILM,CE,9750.0,CRUDEOILM15OCT269750CE,112.75,112.75,112.75,112.75,0,2
2026-09-29 23:21:00,CRUDEOILM,PE,9750.0,CRUDEOILM15OCT269750PE,1004.7,1004.7,1004.7,1004.7,0,2
2026-09-29 23:21:00,CRUDEOILM,CE,9800.0,CRUDEOILM15OCT269800CE,105.9,105.9,105.55,105.55,20,2
2026-09-29 23:21:00,CRUDEOILM,PE,9800.0,CRUDEOILM15OCT269800PE,1124.5,1124.5,1124.5,1124.5,0,2
2026-09-29 23:21:00,CRUDEOILM,CE,9850.0,CRUDEOILM15OCT269850CE,100.35,100.35,100.35,100.35,0,2
2026-09-29 23:21:00,CRUDEOILM,PE,9850.0,CRUDEOILM15OCT269850PE,1089.85,1089.85,1089.85,1089.85,0,2
2026-09-29 23:21:00,CRUDEOILM,CE,9900.0,CRUDEOILM15OCT269900CE,93.6,93.6,93.6,93.6,0,2
2026-09-29 23:21:00,CRUDEOILM,PE,9900.0,CRUDEOILM15OCT269900PE,1312.3,1312.3,1312.3,1312.3,0,2
2026-09-29 23:21:00,CRUDEOILM,CE,9950.0,CRUDEOILM15OCT269950CE,89.2,89.2,89.2,89.2,0,2
2026-09-29 23:21:00,CRUDEOILM,PE,9950.0,CRUDEOILM15OCT269950PE,1022.6,1022.6,1022.6,1022.6,0,2
2026-09-29 23:22:00,CRUDEOIL,FUT,0.0,CRUDEOIL19OCT26FUT,8671.0,8673.0,8670.0,8671.0,1900,14
2026-09-29 23:22:00,CRUDEOIL,CE,9350.0,CRUDEOIL15OCT269350CE,182.5,183.8,182.5,183.2,500,14
2026-09-29 23:22:00,CRUDEOIL,PE,9350.0,CRUDEOIL15OCT269350PE,848.6,848.6,848.6,848.6,0,14
2026-09-29 23:22:00,CRUDEOIL,CE,9400.0,CRUDEOIL15OCT269400CE,170.6,172.0,170.6,172.0,1100,14
2026-09-29 23:22:00,CRUDEOIL,PE,9400.0,CRUDEOIL15OCT269400PE,896.0,896.0,896.0,896.0,0,14
2026-09-29 23:22:00,CRUDEOIL,CE,9450.0,CRUDEOIL15OCT269450CE,160.1,160.3,160.1,160.3,200,14
2026-09-29 23:22:00,CRUDEOIL,PE,9450.0,CRUDEOIL15OCT269450PE,779.2,779.2,779.2,779.2,0,14
2026-09-29 23:22:00,CRUDEOIL,CE,9500.0,CRUDEOIL15OCT269500CE,147.4,148.9,147.4,148.0,1900,14
2026-09-29 23:22:00,CRUDEOIL,PE,9500.0,CRUDEOIL15OCT269500PE,973.7,973.7,973.7,973.7,0,14
2026-09-29 23:22:00,CRUDEOIL,CE,9550.0,CRUDEOIL15OCT269550CE,139.9,141.1,139.9,141.1,100,14
2026-09-29 23:22:00,CRUDEOIL,PE,9550.0,CRUDEOIL15OCT269550PE,902.3,902.3,902.3,902.3,0,14
2026-09-29 23:22:00,CRUDEOIL,CE,9600.0,CRUDEOIL15OCT269600CE,131.3,132.0,130.9,132.0,300,14
2026-09-29 23:22:00,CRUDEOIL,PE,9600.0,CRUDEOIL15OCT269600PE,1026.2,1026.2,1026.2,1026.2,0,14
2026-09-29 23:22:00,CRUDEOIL,CE,9650.0,CRUDEOIL15OCT269650CE,122.8,122.8,122.8,122.8,200,14
2026-09-29 23:22:00,CRUDEOIL,PE,9650.0,CRUDEOIL15OCT269650PE,818.0,818.0,818.0,818.0,0,14
2026-09-29 23:22:00,CRUDEOIL,CE,9700.0,CRUDEOIL15OCT269700CE,115.9,116.0,115.9,116.0,1400,14
2026-09-29 23:22:00,CRUDEOIL,PE,9700.0,CRUDEOIL15OCT269700PE,1094.0,1094.0,1094.0,1094.0,0,14
2026-09-29 23:22:00,CRUDEOIL,CE,9750.0,CRUDEOIL15OCT269750CE,108.4,109.4,108.4,109.0,600,14
2026-09-29 23:22:00,CRUDEOIL,PE,9750.0,CRUDEOIL15OCT269750PE,916.3,916.3,916.3,916.3,0,14
2026-09-29 23:22:00,CRUDEOIL,CE,9800.0,CRUDEOIL15OCT269800CE,101.4,101.9,101.3,101.3,800,14
2026-09-29 23:22:00,CRUDEOIL,PE,9800.0,CRUDEOIL15OCT269800PE,1222.6,1222.6,1222.6,1222.6,0,14
2026-09-29 23:22:00,CRUDEOIL,CE,9850.0,CRUDEOIL15OCT269850CE,94.4,96.5,94.4,96.5,200,14
2026-09-29 23:22:00,CRUDEOIL,PE,9850.0,CRUDEOIL15OCT269850PE,970.4,970.4,970.4,970.4,0,14
2026-09-29 23:22:00,CRUDEOIL,CE,9900.0,CRUDEOIL15OCT269900CE,90.2,91.0,90.2,90.8,300,14
2026-09-29 23:22:00,CRUDEOIL,PE,9900.0,CRUDEOIL15OCT269900PE,1303.3,1303.3,1303.3,1303.3,0,14
2026-09-29 23:22:00,CRUDEOIL,CE,9950.0,CRUDEOIL15OCT269950CE,83.1,83.1,83.1,83.1,0,14
2026-09-29 23:22:00,CRUDEOIL,PE,9950.0,CRUDEOIL15OCT269950PE,1038.7,1038.7,1038.7,1038.7,0,14
2026-09-29 23:22:00,CRUDEOILM,FUT,0.0,CRUDEOILM19OCT26FUT,8673.0,8675.0,8670.0,8675.0,860,14
2026-09-29 23:22:00,CRUDEOILM,CE,9350.0,CRUDEOILM15OCT269350CE,189.3,190.45,189.3,190.45,280,14
2026-09-29 23:22:00,CRUDEOILM,PE,9350.0,CRUDEOILM15OCT269350PE,852.55,852.55,852.55,852.55,0,14
2026-09-29 23:22:00,CRUDEOILM,CE,9400.0,CRUDEOILM15OCT269400CE,177.65,178.85,177.2,177.3,1130,14
2026-09-29 23:22:00,CRUDEOILM,PE,9400.0,CRUDEOILM15OCT269400PE,906.95,906.95,906.95,906.95,0,14
2026-09-29 23:22:00,CRUDEOILM,CE,9450.0,CRUDEOILM15OCT269450CE,166.35,167.6,166.35,167.2,210,14
2026-09-29 23:22:00,CRUDEOILM,PE,9450.0,CRUDEOILM15OCT269450PE,940.6,940.6,940.6,940.6,0,14
2026-09-29 23:22:00,CRUDEOILM,CE,9500.0,CRUDEOILM15OCT269500CE,154.45,155.5,154.15,155.3,560,14
2026-09-29 23:22:00,CRUDEOILM,PE,9500.0,CRUDEOILM15OCT269500PE,982.0,982.0,982.0,982.0,0,14
2026-09-29 23:22:00,CRUDEOILM,CE,9550.0,CRUDEOILM15OCT269550CE,146.35,146.7,145.7,146.7,140,14
2026-09-29 23:22:00,CRUDEOILM,PE,9550.0,CRUDEOILM15OCT269550PE,1009.75,1009.75,1009.75,1009.75,0,14
2026-09-29 23:22:00,CRUDEOILM,CE,9600.0,CRUDEOILM15OCT269600CE,137.55,138.5,137.35,137.9,430,14
2026-09-29 23:22:00,CRUDEOILM,PE,9600.0,CRUDEOILM15OCT269600PE,1048.4,1048.4,1048.4,1048.4,0,14
2026-09-29 23:22:00,CRUDEOILM,CE,9650.0,CRUDEOILM15OCT269650CE,128.85,129.3,128.8,129.0,550,14
2026-09-29 23:22:00,CRUDEOILM,PE,9650.0,CRUDEOILM15OCT269650PE,1015.65,1015.65,1015.65,1015.65,0,14
2026-09-29 23:22:00,CRUDEOILM,CE,9700.0,CRUDEOILM15OCT269700CE,120.95,121.2,120.8,120.8,150,14
2026-09-29 23:22:00,CRUDEOILM,PE,9700.0,CRUDEOILM15OCT269700PE,1121.25,1121.25,1121.25,1121.25,0,14
2026-09-29 23:22:00,CRUDEOILM,CE,9750.0,CRUDEOILM15OCT269750CE,112.95,114.0,112.75,114.0,140,14
2026-09-29 23:22:00,CRUDEOILM,PE,9750.0,CRUDEOILM15OCT269750PE,1004.7,1004.7,1004.7,1004.7,0,14
2026-09-29 23:22:00,CRUDEOILM,CE,9800.0,CRUDEOILM15OCT269800CE,105.8,106.55,105.75,106.15,350,14
2026-09-29 23:22:00,CRUDEOILM,PE,9800.0,CRUDEOILM15OCT269800PE,1124.5,1124.5,1124.5,1124.5,0,14
2026-09-29 23:22:00,CRUDEOILM,CE,9850.0,CRUDEOILM15OCT269850CE,100.95,101.3,100.8,101.3,50,14
2026-09-29 23:22:00,CRUDEOILM,PE,9850.0,CRUDEOILM15OCT269850PE,1089.85,1089.85,1089.85,1089.85,0,14
2026-09-29 23:22:00,CRUDEOILM,CE,9900.0,CRUDEOILM15OCT269900CE,94.8,95.2,94.8,94.9,80,14
2026-09-29 23:22:00,CRUDEOILM,PE,9900.0,CRUDEOILM15OCT269900PE,1312.3,1312.3,1312.3,1312.3,0,14
2026-09-29 23:22:00,CRUDEOILM,CE,9950.0,CRUDEOILM15OCT269950CE,88.75,88.75,88.75,88.75,0,14
2026-09-29 23:22:00,CRUDEOILM,PE,9950.0,CRUDEOILM15OCT269950PE,1022.6,1022.6,1022.6,1022.6,0,14
2026-09-29 23:23:00,CRUDEOIL,FUT,0.0,CRUDEOIL19OCT26FUT,8674.0,8679.0,8674.0,8679.0,21000,14
2026-09-29 23:23:00,CRUDEOIL,CE,9350.0,CRUDEOIL15OCT269350CE,183.2,184.5,183.2,184.5,600,14
2026-09-29 23:23:00,CRUDEOIL,PE,9350.0,CRUDEOIL15OCT269350PE,848.6,848.6,848.6,848.6,0,14
2026-09-29 23:23:00,CRUDEOIL,CE,9400.0,CRUDEOIL15OCT269400CE,171.4,173.3,171.4,173.3,1000,14
2026-09-29 23:23:00,CRUDEOIL,PE,9400.0,CRUDEOIL15OCT269400PE,896.0,896.0,896.0,896.0,0,14
2026-09-29 23:23:00,CRUDEOIL,CE,9450.0,CRUDEOIL15OCT269450CE,160.3,160.3,160.3,160.3,0,14
2026-09-29 23:23:00,CRUDEOIL,PE,9450.0,CRUDEOIL15OCT269450PE,779.2,779.2,779.2,779.2,0,14
2026-09-29 23:23:00,CRUDEOIL,CE,9500.0,CRUDEOIL15OCT269500CE,148.9,150.5,148.9,150.2,2500,14
2026-09-29 23:23:00,CRUDEOIL,PE,9500.0,CRUDEOIL15OCT269500PE,973.7,973.7,963.7,968.0,200,14
2026-09-29 23:23:00,CRUDEOIL,CE,9550.0,CRUDEOIL15OCT269550CE,141.1,141.2,141.1,141.2,200,14
2026-09-29 23:23:00,CRUDEOIL,PE,9550.0,CRUDEOIL15OCT269550PE,902.3,902.3,902.3,902.3,0,14
2026-09-29 23:23:00,CRUDEOIL,CE,9600.0,CRUDEOIL15OCT269600CE,131.8,133.4,131.6,132.9,3500,14
2026-09-29 23:23:00,CRUDEOIL,PE,9600.0,CRUDEOIL15OCT269600PE,1026.2,1026.2,1026.2,1026.2,0,14
2026-09-29 23:23:00,CRUDEOIL,CE,9650.0,CRUDEOIL15OCT269650CE,122.8,123.3,122.8,123.3,100,14
2026-09-29 23:23:00,CRUDEOIL,PE,9650.0,CRUDEOIL15OCT269650PE,818.0,818.0,818.0,818.0,0,14
2026-09-29 23:23:00,CRUDEOIL,CE,9700.0,CRUDEOIL15OCT269700CE,116.0,117.3,115.8,117.3,1600,14
2026-09-29 23:23:00,CRUDEOIL,PE,9700.0,CRUDEOIL15OCT269700PE,1094.0,1094.0,1094.0,1094.0,0,14
2026-09-29 23:23:00,CRUDEOIL,CE,9750.0,CRUDEOIL15OCT269750CE,109.0,109.9,109.0,109.9,400,14
2026-09-29 23:23:00,CRUDEOIL,PE,9750.0,CRUDEOIL15OCT269750PE,916.3,916.3,916.3,916.3,0,14
2026-09-29 23:23:00,CRUDEOIL,CE,9800.0,CRUDEOIL15OCT269800CE,101.6,103.0,101.6,103.0,1400,14
2026-09-29 23:23:00,CRUDEOIL,PE,9800.0,CRUDEOIL15OCT269800PE,1222.6,1222.6,1222.6,1222.6,0,14
2026-09-29 23:23:00,CRUDEOIL,CE,9850.0,CRUDEOIL15OCT269850CE,96.5,96.5,96.4,96.5,300,14
2026-09-29 23:23:00,CRUDEOIL,PE,9850.0,CRUDEOIL15OCT269850PE,970.4,970.4,970.4,970.4,0,14
2026-09-29 23:23:00,CRUDEOIL,CE,9900.0,CRUDEOIL15OCT269900CE,90.9,90.9,90.6,90.9,800,14
2026-09-29 23:23:00,CRUDEOIL,PE,9900.0,CRUDEOIL15OCT269900PE,1303.3,1303.3,1303.3,1303.3,0,14
2026-09-29 23:23:00,CRUDEOIL,CE,9950.0,CRUDEOIL15OCT269950CE,83.1,83.1,83.1,83.1,0,14
2026-09-29 23:23:00,CRUDEOIL,PE,9950.0,CRUDEOIL15OCT269950PE,1038.7,1038.7,1038.7,1038.7,0,14
2026-09-29 23:23:00,CRUDEOILM,FUT,0.0,CRUDEOILM19OCT26FUT,8675.0,8681.0,8674.0,8681.0,2830,14
2026-09-29 23:23:00,CRUDEOILM,CE,9350.0,CRUDEOILM15OCT269350CE,190.45,191.0,189.95,191.0,750,14
2026-09-29 23:23:00,CRUDEOILM,PE,9350.0,CRUDEOILM15OCT269350PE,852.55,852.55,852.55,852.55,0,14
2026-09-29 23:23:00,CRUDEOILM,CE,9400.0,CRUDEOILM15OCT269400CE,179.05,179.05,177.75,177.75,110,14
2026-09-29 23:23:00,CRUDEOILM,PE,9400.0,CRUDEOILM15OCT269400PE,906.95,906.95,906.95,906.95,0,14
2026-09-29 23:23:00,CRUDEOILM,CE,9450.0,CRUDEOILM15OCT269450CE,167.4,167.55,167.3,167.3,20,14
2026-09-29 23:23:00,CRUDEOILM,PE,9450.0,CRUDEOILM15OCT269450PE,940.6,940.6,940.6,940.6,0,14
2026-09-29 23:23:00,CRUDEOILM,CE,9500.0,CRUDEOILM15OCT269500CE,155.75,157.0,154.55,157.0,1180,14
2026-09-29 23:23:00,CRUDEOILM,PE,9500.0,CRUDEOILM15OCT269500PE,982.0,982.0,971.45,971.45,20,14
2026-09-29 23:23:00,CRUDEOILM,CE,9550.0,CRUDEOILM15OCT269550CE,146.7,146.7,146.7,146.7,0,14
2026-09-29 23:23:00,CRUDEOILM,PE,9550.0,CRUDEOILM15OCT269550PE,1009.75,1009.75,1009.75,1009.75,0,14
2026-09-29 23:23:00,CRUDEOILM,CE,9600.0,CRUDEOILM15OCT269600CE,137.55,139.2,137.15,139.2,160,14
2026-09-29 23:23:00,CRUDEOILM,PE,9600.0,CRUDEOILM15OCT269600PE,1048.4,1048.4,1048.4,1048.4,0,14
2026-09-29 23:23:00,CRUDEOILM,CE,9650.0,CRUDEOILM15OCT269650CE,129.35,129.35,128.5,129.0,1430,14
2026-09-29 23:23:00,CRUDEOILM,PE,9650.0,CRUDEOILM15OCT269650PE,1015.65,1015.65,1015.65,1015.65,0,14
2026-09-29 23:23:00,CRUDEOILM,CE,9700.0,CRUDEOILM15OCT269700CE,121.6,122.7,120.3,122.7,510,14
2026-09-29 23:23:00,CRUDEOILM,PE,9700.0,CRUDEOILM15OCT269700PE,1121.25,1121.25,1121.25,1121.25,0,14
2026-09-29 23:23:00,CRUDEOILM,CE,9750.0,CRUDEOILM15OCT269750CE,114.1,114.35,114.1,114.35,10,14
2026-09-29 23:23:00,CRUDEOILM,PE,9750.0,CRUDEOILM15OCT269750PE,1004.7,1004.7,1004.7,1004.7,0,14
2026-09-29 23:23:00,CRUDEOILM,CE,9800.0,CRUDEOILM15OCT269800CE,106.75,107.85,106.0,107.55,2230,14
2026-09-29 23:23:00,CRUDEOILM,PE,9800.0,CRUDEOILM15OCT269800PE,1124.5,1124.5,1124.5,1124.5,0,14
2026-09-29 23:23:00,CRUDEOILM,CE,9850.0,CRUDEOILM15OCT269850CE,101.3,101.3,101.3,101.3,0,14
2026-09-29 23:23:00,CRUDEOILM,PE,9850.0,CRUDEOILM15OCT269850PE,1089.85,1089.85,1089.85,1089.85,0,14
2026-09-29 23:23:00,CRUDEOILM,CE,9900.0,CRUDEOILM15OCT269900CE,95.2,95.6,95.1,95.1,140,14
2026-09-29 23:23:00,CRUDEOILM,PE,9900.0,CRUDEOILM15OCT269900PE,1312.3,1312.3,1312.3,1312.3,0,14
2026-09-29 23:23:00,CRUDEOILM,CE,9950.0,CRUDEOILM15OCT269950CE,90.05,90.45,90.05,90.45,40,14
2026-09-29 23:23:00,CRUDEOILM,PE,9950.0,CRUDEOILM15OCT269950PE,1022.6,1022.6,1022.6,1022.6,0,14
2026-09-29 23:24:00,CRUDEOIL,FUT,0.0,CRUDEOIL19OCT26FUT,8679.0,8679.0,8673.0,8673.0,6700,14
2026-09-29 23:24:00,CRUDEOIL,CE,9350.0,CRUDEOIL15OCT269350CE,184.5,184.5,182.7,182.7,300,14
2026-09-29 23:24:00,CRUDEOIL,PE,9350.0,CRUDEOIL15OCT269350PE,848.6,848.6,848.6,848.6,0,14
2026-09-29 23:24:00,CRUDEOIL,CE,9400.0,CRUDEOIL15OCT269400CE,173.3,173.4,169.7,169.7,4800,14
2026-09-29 23:24:00,CRUDEOIL,PE,9400.0,CRUDEOIL15OCT269400PE,896.0,896.0,896.0,896.0,0,14
2026-09-29 23:24:00,CRUDEOIL,CE,9450.0,CRUDEOIL15OCT269450CE,160.3,160.3,160.3,160.3,0,14
2026-09-29 23:24:00,CRUDEOIL,PE,9450.0,CRUDEOIL15OCT269450PE,779.2,779.2,779.2,779.2,0,14
2026-09-29 23:24:00,CRUDEOIL,CE,9500.0,CRUDEOIL15OCT269500CE,150.1,150.5,148.1,148.1,1700,14
2026-09-29 23:24:00,CRUDEOIL,PE,9500.0,CRUDEOIL15OCT269500PE,968.0,968.0,968.0,968.0,0,14
2026-09-29 23:24:00,CRUDEOIL,CE,9550.0,CRUDEOIL15OCT269550CE,141.2,141.5,141.2,141.5,100,14
2026-09-29 23:24:00,CRUDEOIL,PE,9550.0,CRUDEOIL15OCT269550PE,902.3,902.3,902.3,902.3,0,14
2026-09-29 23:24:00,CRUDEOIL,CE,9600.0,CRUDEOIL15OCT269600CE,132.9,133.4,131.8,131.8,500,14
2026-09-29 23:24:00,CRUDEOIL,PE,9600.0,CRUDEOIL15OCT269600PE,1026.2,1026.2,1026.2,1026.2,0,14
2026-09-29 23:24:00,CRUDEOIL,CE,9650.0,CRUDEOIL15OCT269650CE,123.3,123.3,123.3,123.3,0,14
2026-09-29 23:24:00,CRUDEOIL,PE,9650.0,CRUDEOIL15OCT269650PE,818.0,818.0,818.0,818.0,0,14
2026-09-29 23:24:00,CRUDEOIL,CE,9700.0,CRUDEOIL15OCT269700CE,117.3,117.5,116.0,116.0,1200,14
2026-09-29 23:24:00,CRUDEOIL,PE,9700.0,CRUDEOIL15OCT269700PE,1094.0,1094.0,1094.0,1094.0,0,14
2026-09-29 23:24:00,CRUDEOIL,CE,9750.0,CRUDEOIL15OCT269750CE,109.9,109.9,109.0,109.0,100,14
2026-09-29 23:24:00,CRUDEOIL,PE,9750.0,CRUDEOIL15OCT269750PE,916.3,916.3,916.3,916.3,0,14
2026-09-29 23:24:00,CRUDEOIL,CE,9800.0,CRUDEOIL15OCT269800CE,103.0,103.0,102.2,102.3,2500,14
2026-09-29 23:24:00,CRUDEOIL,PE,9800.0,CRUDEOIL15OCT269800PE,1222.6,1222.6,1222.6,1222.6,0,14
2026-09-29 23:24:00,CRUDEOIL,CE,9850.0,CRUDEOIL15OCT269850CE,96.5,96.5,96.5,96.5,0,14
2026-09-29 23:24:00,CRUDEOIL,PE,9850.0,CRUDEOIL15OCT269850PE,970.4,970.4,970.4,970.4,0,14
2026-09-29 23:24:00,CRUDEOIL,CE,9900.0,CRUDEOIL15OCT269900CE,91.7,92.3,91.0,91.0,1200,14
2026-09-29 23:24:00,CRUDEOIL,PE,9900.0,CRUDEOIL15OCT269900PE,1303.3,1303.3,1303.3,1303.3,0,14
2026-09-29 23:24:00,CRUDEOIL,CE,9950.0,CRUDEOIL15OCT269950CE,83.1,84.8,83.1,84.8,100,14
2026-09-29 23:24:00,CRUDEOIL,PE,9950.0,CRUDEOIL15OCT269950PE,1038.7,1038.7,1038.7,1038.7,0,14
2026-09-29 23:24:00,CRUDEOILM,FUT,0.0,CRUDEOILM19OCT26FUT,8676.0,8680.0,8675.0,8675.0,890,14
2026-09-29 23:24:00,CRUDEOILM,CE,9350.0,CRUDEOILM15OCT269350CE,191.0,191.0,188.95,188.95,20,14
2026-09-29 23:24:00,CRUDEOILM,PE,9350.0,CRUDEOILM15OCT269350PE,852.55,852.55,852.55,852.55,0,14
2026-09-29 23:24:00,CRUDEOILM,CE,9400.0,CRUDEOILM15OCT269400CE,180.0,180.6,177.2,177.2,330,14
2026-09-29 23:24:00,CRUDEOILM,PE,9400.0,CRUDEOILM15OCT269400PE,906.95,906.95,906.95,906.95,0,14
2026-09-29 23:24:00,CRUDEOILM,CE,9450.0,CRUDEOILM15OCT269450CE,167.3,168.1,166.25,166.25,70,14
2026-09-29 23:24:00,CRUDEOILM,PE,9450.0,CRUDEOILM15OCT269450PE,940.6,940.6,940.6,940.6,0,14
2026-09-29 23:24:00,CRUDEOILM,CE,9500.0,CRUDEOILM15OCT269500CE,157.1,157.1,155.0,155.65,3300,14
2026-09-29 23:24:00,CRUDEOILM,PE,9500.0,CRUDEOILM15OCT269500PE,971.45,971.45,971.45,971.45,0,14
2026-09-29 23:24:00,CRUDEOILM,CE,9550.0,CRUDEOILM15OCT269550CE,146.7,147.45,145.85,145.85,60,14
2026-09-29 23:24:00,CRUDEOILM,PE,9550.0,CRUDEOILM15OCT269550PE,1009.75,1009.75,1009.75,1009.75,0,14
2026-09-29 23:24:00,CRUDEOILM,CE,9600.0,CRUDEOILM15OCT269600CE,138.95,139.25,137.75,137.75,700,14
2026-09-29 23:24:00,CRUDEOILM,PE,9600.0,CRUDEOILM15OCT269600PE,1048.4,1048.4,1048.4,1048.4,0,14
2026-09-29 23:24:00,CRUDEOILM,CE,9650.0,CRUDEOILM15OCT269650CE,130.25,130.25,130.25,130.25,0,14
2026-09-29 23:24:00,CRUDEOILM,PE,9650.0,CRUDEOILM15OCT269650PE,1015.65,1015.65,1015.65,1015.65,0,14
2026-09-29 23:24:00,CRUDEOILM,CE,9700.0,CRUDEOILM15OCT269700CE,122.55,122.65,121.15,121.2,170,14
2026-09-29 23:24:00,CRUDEOILM,PE,9700.0,CRUDEOILM15OCT269700PE,1121.25,1121.25,1121.25,1121.25,0,14
2026-09-29 23:24:00,CRUDEOILM,CE,9750.0,CRUDEOILM15OCT269750CE,114.0,114.4,114.0,114.4,10,14
2026-09-29 23:24:00,CRUDEOILM,PE,9750.0,CRUDEOILM15OCT269750PE,1004.7,1004.7,1004.7,1004.7,0,14
2026-09-29 23:24:00,CRUDEOILM,CE,9800.0,CRUDEOILM15OCT269800CE,107.55,107.9,106.9,107.9,1820,14
2026-09-29 23:24:00,CRUDEOILM,PE,9800.0,CRUDEOILM15OCT269800PE,1124.5,1124.5,1124.5,1124.5,0,14
2026-09-29 23:24:00,CRUDEOILM,CE,9850.0,CRUDEOILM15OCT269850CE,101.3,101.3,101.3,101.3,0,14
2026-09-29 23:24:00,CRUDEOILM,PE,9850.0,CRUDEOILM15OCT269850PE,1089.85,1089.85,1089.85,1089.85,0,14
2026-09-29 23:24:00,CRUDEOILM,CE,9900.0,CRUDEOILM15OCT269900CE,95.1,95.45,95.0,95.0,140,14
2026-09-29 23:24:00,CRUDEOILM,PE,9900.0,CRUDEOILM15OCT269900PE,1312.3,1312.3,1312.3,1312.3,0,14
2026-09-29 23:24:00,CRUDEOILM,CE,9950.0,CRUDEOILM15OCT269950CE,90.45,90.9,90.45,90.9,20,14
2026-09-29 23:24:00,CRUDEOILM,PE,9950.0,CRUDEOILM15OCT269950PE,1022.6,1022.6,1022.6,1022.6,0,14
2026-09-29 23:25:00,CRUDEOIL,FUT,0.0,CRUDEOIL19OCT26FUT,8675.0,8675.0,8668.0,8671.0,8300,14
2026-09-29 23:25:00,CRUDEOIL,CE,9350.0,CRUDEOIL15OCT269350CE,184.4,184.4,183.7,183.7,400,14
2026-09-29 23:25:00,CRUDEOIL,PE,9350.0,CRUDEOIL15OCT269350PE,848.6,848.6,848.6,848.6,0,14
2026-09-29 23:25:00,CRUDEOIL,CE,9400.0,CRUDEOIL15OCT269400CE,172.7,172.7,170.9,172.0,5000,14
2026-09-29 23:25:00,CRUDEOIL,PE,9400.0,CRUDEOIL15OCT269400PE,896.0,896.0,896.0,896.0,0,14
2026-09-29 23:25:00,CRUDEOIL,CE,9450.0,CRUDEOIL15OCT269450CE,161.7,161.7,160.0,161.6,200,14
2026-09-29 23:25:00,CRUDEOIL,PE,9450.0,CRUDEOIL15OCT269450PE,779.2,779.2,779.2,779.2,0,14
2026-09-29 23:25:00,CRUDEOIL,CE,9500.0,CRUDEOIL15OCT269500CE,148.8,150.0,148.8,150.0,6500,14
2026-09-29 23:25:00,CRUDEOIL,PE,9500.0,CRUDEOIL15OCT269500PE,968.0,973.0,968.0,973.0,300,14
2026-09-29 23:25:00,CRUDEOIL,CE,9550.0,CRUDEOIL15OCT269550CE,140.9,141.0,140.4,141.0,300,14
2026-09-29 23:25:00,CRUDEOIL,PE,9550.0,CRUDEOIL15OCT269550PE,902.3,902.3,902.3,902.3,0,14
2026-09-29 23:25:00,CRUDEOIL,CE,9600.0,CRUDEOIL15OCT269600CE,131.8,132.6,131.7,132.4,1600,14
2026-09-29 23:25:00,CRUDEOIL,PE,9600.0,CRUDEOIL15OCT269600PE,1026.2,1026.2,1026.2,1026.2,0,14
2026-09-29 23:25:00,CRUDEOIL,CE,9650.0,CRUDEOIL15OCT269650CE,123.3,125.5,123.3,125.4,1000,14
2026-09-29 23:25:00,CRUDEOIL,PE,9650.0,CRUDEOIL15OCT269650PE,818.0,818.0,818.0,818.0,0,14
2026-09-29 23:25:00,CRUDEOIL,CE,9700.0,CRUDEOIL15OCT269700CE,116.0,117.0,116.0,116.8,500,14
2026-09-29 23:25:00,CRUDEOIL,PE,9700.0,CRUDEOIL15OCT269700PE,1094.0,1094.0,1094.0,1094.0,0,14
2026-09-29 23:25:00,CRUDEOIL,CE,9750.0,CRUDEOIL15OCT269750CE,109.4,110.5,109.4,110.5,400,14
2026-09-29 23:25:00,CRUDEOIL,PE,9750.0,CRUDEOIL15OCT269750PE,916.3,916.3,916.3,916.3,0,14
2026-09-29 23:25:00,CRUDEOIL,CE,9800.0,CRUDEOIL15OCT269800CE,102.4,102.9,102.0,102.5,3800,14
2026-09-29 23:25:00,CRUDEOIL,PE,9800.0,CRUDEOIL15OCT269800PE,1222.6,1222.6,1222.6,1222.6,0,14
2026-09-29 23:25:00,CRUDEOIL,CE,9850.0,CRUDEOIL15OCT269850CE,96.5,96.5,95.9,95.9,100,14
2026-09-29 23:25:00,CRUDEOIL,PE,9850.0,CRUDEOIL15OCT269850PE,970.4,970.4,970.4,970.4,0,14
2026-09-29 23:25:00,CRUDEOIL,CE,9900.0,CRUDEOIL15OCT269900CE,90.8,91.3,90.8,91.3,200,14
2026-09-29 23:25:00,CRUDEOIL,PE,9900.0,CRUDEOIL15OCT269900PE,1303.3,1303.3,1303.3,1303.3,0,14
2026-09-29 23:25:00,CRUDEOIL,CE,9950.0,CRUDEOIL15OCT269950CE,84.8,84.8,84.8,84.8,0,14
2026-09-29 23:25:00,CRUDEOIL,PE,9950.0,CRUDEOIL15OCT269950PE,1038.7,1038.7,1038.7,1038.7,0,14
2026-09-29 23:25:00,CRUDEOILM,FUT,0.0,CRUDEOILM19OCT26FUT,8675.0,8676.0,8670.0,8674.0,4190,14
2026-09-29 23:25:00,CRUDEOILM,CE,9350.0,CRUDEOILM15OCT269350CE,188.95,191.0,188.95,191.0,50,14
2026-09-29 23:25:00,CRUDEOILM,PE,9350.0,CRUDEOILM15OCT269350PE,852.55,852.55,852.55,852.55,0,14
2026-09-29 23:25:00,CRUDEOILM,CE,9400.0,CRUDEOILM15OCT269400CE,179.15,179.7,178.5,179.7,420,14
2026-09-29 23:25:00,CRUDEOILM,PE,9400.0,CRUDEOILM15OCT269400PE,906.95,906.95,902.0,902.0,70,14
2026-09-29 23:25:00,CRUDEOILM,CE,9450.0,CRUDEOILM15OCT269450CE,166.85,168.0,166.85,167.8,30,14
2026-09-29 23:25:00,CRUDEOILM,PE,9450.0,CRUDEOILM15OCT269450PE,940.6,940.6,940.6,940.6,0,14
2026-09-29 23:25:00,CRUDEOILM,CE,9500.0,CRUDEOILM15OCT269500CE,156.2,156.4,154.85,155.7,2120,14
2026-09-29 23:25:00,CRUDEOILM,PE,9500.0,CRUDEOILM15OCT269500PE,971.45,971.45,971.45,971.45,0,14
2026-09-29 23:25:00,CRUDEOILM,CE,9550.0,CRUDEOILM15OCT269550CE,145.85,145.85,145.85,145.85,0,14
2026-09-29 23:25:00,CRUDEOILM,PE,9550.0,CRUDEOILM15OCT269550PE,1009.75,1009.75,1009.75,1009.75,0,14
2026-09-29 23:25:00,CRUDEOILM,CE,9600.0,CRUDEOILM15OCT269600CE,138.75,139.15,137.8,138.2,930,14
2026-09-29 23:25:00,CRUDEOILM,PE,9600.0,CRUDEOILM15OCT269600PE,1048.4,1048.4,1048.4,1048.4,0,14
2026-09-29 23:25:00,CRUDEOILM,CE,9650.0,CRUDEOILM15OCT269650CE,129.9,129.9,129.9,129.9,0,14
2026-09-29 23:25:00,CRUDEOILM,PE,9650.0,CRUDEOILM15OCT269650PE,1015.65,1015.65,1015.65,1015.65,0,14
2026-09-29 23:25:00,CRUDEOILM,CE,9700.0,CRUDEOILM15OCT269700CE,122.0,122.0,121.3,121.75,70,14
2026-09-29 23:25:00,CRUDEOILM,PE,9700.0,CRUDEOILM15OCT269700PE,1121.25,1121.25,1121.25,1121.25,0,14
2026-09-29 23:25:00,CRUDEOILM,CE,9750.0,CRUDEOILM15OCT269750CE,114.4,115.0,114.4,115.0,10,14
2026-09-29 23:25:00,CRUDEOILM,PE,9750.0,CRUDEOILM15OCT269750PE,1004.7,1004.7,1004.7,1004.7,0,14
2026-09-29 23:25:00,CRUDEOILM,CE,9800.0,CRUDEOILM15OCT269800CE,106.9,107.2,106.4,107.2,1160,14
2026-09-29 23:25:00,CRUDEOILM,PE,9800.0,CRUDEOILM15OCT269800PE,1124.5,1124.5,1124.5,1124.5,0,14
2026-09-29 23:25:00,CRUDEOILM,CE,9850.0,CRUDEOILM15OCT269850CE,101.3,101.35,101.3,101.35,10,14
2026-09-29 23:25:00,CRUDEOILM,PE,9850.0,CRUDEOILM15OCT269850PE,1089.85,1089.85,1089.85,1089.85,0,14
2026-09-29 23:25:00,CRUDEOILM,CE,9900.0,CRUDEOILM15OCT269900CE,95.0,95.0,94.75,94.8,40,14
2026-09-29 23:25:00,CRUDEOILM,PE,9900.0,CRUDEOILM15OCT269900PE,1312.3,1312.3,1312.3,1312.3,0,14
2026-09-29 23:25:00,CRUDEOILM,CE,9950.0,CRUDEOILM15OCT269950CE,90.9,90.9,90.9,90.9,0,14
2026-09-29 23:25:00,CRUDEOILM,PE,9950.0,CRUDEOILM15OCT269950PE,1022.6,1022.6,1022.6,1022.6,0,14
2026-09-29 23:26:00,CRUDEOIL,FUT,0.0,CRUDEOIL19OCT26FUT,8672.0,8674.0,8670.0,8674.0,17600,14
2026-09-29 23:26:00,CRUDEOIL,CE,9350.0,CRUDEOIL15OCT269350CE,184.4,185.1,184.4,185.1,100,14
2026-09-29 23:26:00,CRUDEOIL,PE,9350.0,CRUDEOIL15OCT269350PE,848.6,848.6,848.6,848.6,0,14
2026-09-29 23:26:00,CRUDEOIL,CE,9400.0,CRUDEOIL15OCT269400CE,172.5,173.8,172.5,173.4,900,14
2026-09-29 23:26:00,CRUDEOIL,PE,9400.0,CRUDEOIL15OCT269400PE,896.0,896.0,896.0,896.0,0,14
2026-09-29 23:26:00,CRUDEOIL,CE,9450.0,CRUDEOIL15OCT269450CE,161.5,161.5,160.8,160.8,100,14
2026-09-29 23:26:00,CRUDEOIL,PE,9450.0,CRUDEOIL15OCT269450PE,779.2,779.2,779.2,779.2,0,14
2026-09-29 23:26:00,CRUDEOIL,CE,9500.0,CRUDEOIL15OCT269500CE,150.2,150.8,149.8,150.0,4600,14
2026-09-29 23:26:00,CRUDEOIL,PE,9500.0,CRUDEOIL15OCT269500PE,973.0,973.0,973.0,973.0,0,14
2026-09-29 23:26:00,CRUDEOIL,CE,9550.0,CRUDEOIL15OCT269550CE,141.8,141.8,141.8,141.8,0,14
2026-09-29 23:26:00,CRUDEOIL,PE,9550.0,CRUDEOIL15OCT269550PE,902.3,902.3,902.3,902.3,0,14
2026-09-29 23:26:00,CRUDEOIL,CE,9600.0,CRUDEOIL15OCT269600CE,133.0,133.8,133.0,133.8,500,14
2026-09-29 23:26:00,CRUDEOIL,PE,9600.0,CRUDEOIL15OCT269600PE,1026.2,1026.2,1026.2,1026.2,0,14
2026-09-29 23:26:00,CRUDEOIL,CE,9650.0,CRUDEOIL15OCT269650CE,125.9,125.9,125.3,125.3,100,14
2026-09-29 23:26:00,CRUDEOIL,PE,9650.0,CRUDEOIL15OCT269650PE,818.0,818.0,818.0,818.0,0,14
2026-09-29 23:26:00,CRUDEOIL,CE,9700.0,CRUDEOIL15OCT269700CE,117.3,118.0,117.3,118.0,600,14
2026-09-29 23:26:00,CRUDEOIL,PE,9700.0,CRUDEOIL15OCT269700PE,1094.0,1094.0,1094.0,1094.0,0,14
2026-09-29 23:26:00,CRUDEOIL,CE,9750.0,CRUDEOIL15OCT269750CE,110.5,110.5,109.9,109.9,500,14
2026-09-29 23:26:00,CRUDEOIL,PE,9750.0,CRUDEOIL15OCT269750PE,916.3,916.3,916.3,916.3,0,14
2026-09-29 23:26:00,CRUDEOIL,CE,9800.0,CRUDEOIL15OCT269800CE,102.9,103.4,102.9,103.4,3000,14
2026-09-29 23:26:00,CRUDEOIL,PE,9800.0,CRUDEOIL15OCT269800PE,1222.6,1222.6,1222.6,1222.6,0,14
2026-09-29 23:26:00,CRUDEOIL,CE,9850.0,CRUDEOIL15OCT269850CE,95.9,95.9,95.9,95.9,0,14
2026-09-29 23:26:00,CRUDEOIL,PE,9850.0,CRUDEOIL15OCT269850PE,970.4,970.4,970.4,970.4,0,14
2026-09-29 23:26:00,CRUDEOIL,CE,9900.0,CRUDEOIL15OCT269900CE,91.3,92.2,91.3,92.1,700,14
2026-09-29 23:26:00,CRUDEOIL,PE,9900.0,CRUDEOIL15OCT269900PE,1303.3,1303.3,1303.3,1303.3,0,14
2026-09-29 23:26:00,CRUDEOIL,CE,9950.0,CRUDEOIL15OCT269950CE,84.8,84.8,84.8,84.8,0,14
2026-09-29 23:26:00,CRUDEOIL,PE,9950.0,CRUDEOIL15OCT269950PE,1038.7,1038.7,1038.7,1038.7,0,14
2026-09-29 23:26:00,CRUDEOILM,FUT,0.0,CRUDEOILM19OCT26FUT,8674.0,8677.0,8674.0,8677.0,760,14
2026-09-29 23:26:00,CRUDEOILM,CE,9350.0,CRUDEOILM15OCT269350CE,191.85,192.75,191.7,192.65,130,14
2026-09-29 23:26:00,CRUDEOILM,PE,9350.0,CRUDEOILM15OCT269350PE,852.55,852.55,852.55,852.55,0,14
2026-09-29 23:26:00,CRUDEOILM,CE,9400.0,CRUDEOILM15OCT269400CE,179.7,179.95,179.6,179.6,170,14
2026-09-29 23:26:00,CRUDEOILM,PE,9400.0,CRUDEOILM15OCT269400PE,902.0,902.0,902.0,902.0,0,14
2026-09-29 23:26:00,CRUDEOILM,CE,9450.0,CRUDEOILM15OCT269450CE,167.8,168.4,167.2,167.2,260,14
2026-09-29 23:26:00,CRUDEOILM,PE,9450.0,CRUDEOILM15OCT269450PE,940.6,940.6,940.6,940.6,0,14
2026-09-29 23:26:00,CRUDEOILM,CE,9500.0,CRUDEOILM15OCT269500CE,156.5,157.45,156.0,156.0,630,14
2026-09-29 23:26:00,CRUDEOILM,PE,9500.0,CRUDEOILM15OCT269500PE,971.45,972.95,971.45,972.95,10,14
2026-09-29 23:26:00,CRUDEOILM,CE,9550.0,CRUDEOILM15OCT269550CE,145.85,148.35,145.85,148.35,10,14
2026-09-29 23:26:00,CRUDEOILM,PE,9550.0,CRUDEOILM15OCT269550PE,1009.75,1009.75,1009.75,1009.75,0,14
2026-09-29 23:26:00,CRUDEOILM,CE,9600.0,CRUDEOILM15OCT269600CE,138.2,139.2,138.2,138.8,300,14
2026-09-29 23:26:00,CRUDEOILM,PE,9600.0,CRUDEOILM15OCT269600PE,1048.4,1048.4,1048.4,1048.4,0,14
2026-09-29 23:26:00,CRUDEOILM,CE,9650.0,CRUDEOILM15OCT269650CE,129.9,131.0,129.9,131.0,10,14
2026-09-29 23:26:00,CRUDEOILM,PE,9650.0,CRUDEOILM15OCT269650PE,1015.65,1015.65,1015.65,1015.65,0,14
2026-09-29 23:26:00,CRUDEOILM,CE,9700.0,CRUDEOILM15OCT269700CE,121.75,122.5,121.75,122.35,90,14
2026-09-29 23:26:00,CRUDEOILM,PE,9700.0,CRUDEOILM15OCT269700PE,1121.25,1121.25,1121.25,1121.25,0,14
2026-09-29 23:26:00,CRUDEOILM,CE,9750.0,CRUDEOILM15OCT269750CE,115.0,115.0,115.0,115.0,0,14
2026-09-29 23:26:00,CRUDEOILM,PE,9750.0,CRUDEOILM15OCT269750PE,1004.7,1004.7,1004.7,1004.7,0,14
2026-09-29 23:26:00,CRUDEOILM,CE,9800.0,CRUDEOILM15OCT269800CE,107.2,108.3,106.9,106.9,230,14
2026-09-29 23:26:00,CRUDEOILM,PE,9800.0,CRUDEOILM15OCT269800PE,1124.5,1124.5,1124.5,1124.5,0,14
2026-09-29 23:26:00,CRUDEOILM,CE,9850.0,CRUDEOILM15OCT269850CE,101.35,101.35,101.35,101.35,0,14
2026-09-29 23:26:00,CRUDEOILM,PE,9850.0,CRUDEOILM15OCT269850PE,1089.85,1089.85,1089.85,1089.85,0,14
2026-09-29 23:26:00,CRUDEOILM,CE,9900.0,CRUDEOILM15OCT269900CE,94.8,96.0,94.8,96.0,70,14
2026-09-29 23:26:00,CRUDEOILM,PE,9900.0,CRUDEOILM15OCT269900PE,1312.3,1312.3,1312.3,1312.3,0,14
2026-09-29 23:26:00,CRUDEOILM,CE,9950.0,CRUDEOILM15OCT269950CE,90.9,90.9,90.2,90.2,40,14
2026-09-29 23:26:00,CRUDEOILM,PE,9950.0,CRUDEOILM15OCT269950PE,1022.6,1022.6,1022.6,1022.6,0,14
2026-09-29 23:27:00,CRUDEOIL,FUT,0.0,CRUDEOIL19OCT26FUT,8674.0,8675.0,8670.0,8674.0,7100,14
2026-09-29 23:27:00,CRUDEOIL,CE,9350.0,CRUDEOIL15OCT269350CE,186.4,186.4,184.3,184.3,200,14
2026-09-29 23:27:00,CRUDEOIL,PE,9350.0,CRUDEOIL15OCT269350PE,848.6,848.6,848.6,848.6,0,14
2026-09-29 23:27:00,CRUDEOIL,CE,9400.0,CRUDEOIL15OCT269400CE,173.4,173.4,171.3,172.2,1200,14
2026-09-29 23:27:00,CRUDEOIL,PE,9400.0,CRUDEOIL15OCT269400PE,896.0,896.0,894.6,894.6,200,14
2026-09-29 23:27:00,CRUDEOIL,CE,9450.0,CRUDEOIL15OCT269450CE,160.8,160.8,160.8,160.8,0,14
2026-09-29 23:27:00,CRUDEOIL,PE,9450.0,CRUDEOIL15OCT269450PE,779.2,779.2,779.2,779.2,0,14
2026-09-29 23:27:00,CRUDEOIL,CE,9500.0,CRUDEOIL15OCT269500CE,150.0,150.0,149.1,149.2,11400,14
2026-09-29 23:27:00,CRUDEOIL,PE,9500.0,CRUDEOIL15OCT269500PE,973.0,973.0,969.0,969.0,200,14
2026-09-29 23:27:00,CRUDEOIL,CE,9550.0,CRUDEOIL15OCT269550CE,141.8,141.8,141.8,141.8,0,14
2026-09-29 23:27:00,CRUDEOIL,PE,9550.0,CRUDEOIL15OCT269550PE,902.3,902.3,902.3,902.3,0,14
2026-09-29 23:27:00,CRUDEOIL,CE,9600.0,CRUDEOIL15OCT269600CE,133.8,133.8,131.8,131.8,500,14
2026-09-29 23:27:00,CRUDEOIL,PE,9600.0,CRUDEOIL15OCT269600PE,1026.2,1026.2,1026.2,1026.2,0,14
2026-09-29 23:27:00,CRUDEOIL,CE,9650.0,CRUDEOIL15OCT269650CE,125.3,125.3,125.3,125.3,100,14
2026-09-29 23:27:00,CRUDEOIL,PE,9650.0,CRUDEOIL15OCT269650PE,818.0,818.0,818.0,818.0,0,14
2026-09-29 23:27:00,CRUDEOIL,CE,9700.0,CRUDEOIL15OCT269700CE,118.0,118.0,116.2,116.2,100,14
2026-09-29 23:27:00,CRUDEOIL,PE,9700.0,CRUDEOIL15OCT269700PE,1094.0,1094.0,1094.0,1094.0,0,14
2026-09-29 23:27:00,CRUDEOIL,CE,9750.0,CRUDEOIL15OCT269750CE,109.9,109.9,109.7,109.7,100,14
2026-09-29 23:27:00,CRUDEOIL,PE,9750.0,CRUDEOIL15OCT269750PE,916.3,916.3,916.3,916.3,0,14
2026-09-29 23:27:00,CRUDEOIL,CE,9800.0,CRUDEOIL15OCT269800CE,102.8,102.8,101.9,102.3,4100,14
2026-09-29 23:27:00,CRUDEOIL,PE,9800.0,CRUDEOIL15OCT269800PE,1222.6,1222.6,1222.6,1222.6,0,14
2026-09-29 23:27:00,CRUDEOIL,CE,9850.0,CRUDEOIL15OCT269850CE,95.9,98.0,95.9,98.0,100,14
2026-09-29 23:27:00,CRUDEOIL,PE,9850.0,CRUDEOIL15OCT269850PE,970.4,970.4,970.4,970.4,0,14
2026-09-29 23:27:00,CRUDEOIL,CE,9900.0,CRUDEOIL15OCT269900CE,91.9,91.9,91.1,91.1,200,14
2026-09-29 23:27:00,CRUDEOIL,PE,9900.0,CRUDEOIL15OCT269900PE,1303.3,1303.3,1303.3,1303.3,0,14
2026-09-29 23:27:00,CRUDEOIL,CE,9950.0,CRUDEOIL15OCT269950CE,84.8,84.8,84.8,84.8,0,14
2026-09-29 23:27:00,CRUDEOIL,PE,9950.0,CRUDEOIL15OCT269950PE,1038.7,1038.7,1038.7,1038.7,0,14
2026-09-29 23:27:00,CRUDEOILM,FUT,0.0,CRUDEOILM19OCT26FUT,8677.0,8678.0,8674.0,8677.0,1830,14
2026-09-29 23:27:00,CRUDEOILM,CE,9350.0,CRUDEOILM15OCT269350CE,191.95,192.15,191.75,191.75,70,14
2026-09-29 23:27:00,CRUDEOILM,PE,9350.0,CRUDEOILM15OCT269350PE,852.55,852.55,852.55,852.55,0,14
2026-09-29 23:27:00,CRUDEOILM,CE,9400.0,CRUDEOILM15OCT269400CE,179.15,180.1,178.65,178.65,60,14
2026-09-29 23:27:00,CRUDEOILM,PE,9400.0,CRUDEOILM15OCT269400PE,902.0,902.0,902.0,902.0,0,14
2026-09-29 23:27:00,CRUDEOILM,CE,9450.0,CRUDEOILM15OCT269450CE,167.2,167.3,166.6,166.6,20,14
2026-09-29 23:27:00,CRUDEOILM,PE,9450.0,CRUDEOILM15OCT269450PE,940.6,940.6,940.6,940.6,0,14
2026-09-29 23:27:00,CRUDEOILM,CE,9500.0,CRUDEOILM15OCT269500CE,156.3,156.3,155.05,156.0,130,14
2026-09-29 23:27:00,CRUDEOILM,PE,9500.0,CRUDEOILM15OCT269500PE,972.95,972.95,972.95,972.95,0,14
2026-09-29 23:27:00,CRUDEOILM,CE,9550.0,CRUDEOILM15OCT269550CE,149.05,149.05,148.0,148.0,10,14
2026-09-29 23:27:00,CRUDEOILM,PE,9550.0,CRUDEOILM15OCT269550PE,1009.75,1009.75,1009.75,1009.75,0,14
2026-09-29 23:27:00,CRUDEOILM,CE,9600.0,CRUDEOILM15OCT269600CE,138.3,138.75,137.9,138.0,100,14
2026-09-29 23:27:00,CRUDEOILM,PE,9600.0,CRUDEOILM15OCT269600PE,1048.4,1048.4,1048.4,1048.4,0,14
2026-09-29 23:27:00,CRUDEOILM,CE,9650.0,CRUDEOILM15OCT269650CE,131.0,131.0,131.0,131.0,0,14
2026-09-29 23:27:00,CRUDEOILM,PE,9650.0,CRUDEOILM15OCT269650PE,1015.65,1015.65,1015.65,1015.65,0,14
2026-09-29 23:27:00,CRUDEOILM,CE,9700.0,CRUDEOILM15OCT269700CE,121.55,121.55,120.75,120.75,50,14
2026-09-29 23:27:00,CRUDEOILM,PE,9700.0,CRUDEOILM15OCT269700PE,1121.25,1121.25,1121.25,1121.25,0,14
2026-09-29 23:27:00,CRUDEOILM,CE,9750.0,CRUDEOILM15OCT269750CE,115.0,115.0,113.65,114.8,110,14
2026-09-29 23:27:00,CRUDEOILM,PE,9750.0,CRUDEOILM15OCT269750PE,1004.7,1004.7,1004.7,1004.7,0,14
2026-09-29 23:27:00,CRUDEOILM,CE,9800.0,CRUDEOILM15OCT269800CE,107.55,107.55,107.0,107.0,270,14
2026-09-29 23:27:00,CRUDEOILM,PE,9800.0,CRUDEOILM15OCT269800PE,1124.5,1124.5,1124.5,1124.5,0,14
2026-09-29 23:27:00,CRUDEOILM,CE,9850.0,CRUDEOILM15OCT269850CE,101.35,102.0,101.35,102.0,20,14
2026-09-29 23:27:00,CRUDEOILM,PE,9850.0,CRUDEOILM15OCT269850PE,1089.85,1089.85,1089.85,1089.85,0,14
2026-09-29 23:27:00,CRUDEOILM,CE,9900.0,CRUDEOILM15OCT269900CE,96.0,96.0,95.65,95.65,10,14
2026-09-29 23:27:00,CRUDEOILM,PE,9900.0,CRUDEOILM15OCT269900PE,1312.3,1312.3,1312.3,1312.3,0,14
2026-09-29 23:27:00,CRUDEOILM,CE,9950.0,CRUDEOILM15OCT269950CE,90.2,90.2,88.7,88.7,70,14
2026-09-29 23:27:00,CRUDEOILM,PE,9950.0,CRUDEOILM15OCT269950PE,1022.6,1022.6,1022.6,1022.6,0,14
2026-09-29 23:28:00,CRUDEOIL,FUT,0.0,CRUDEOIL19OCT26FUT,8673.0,8676.0,8671.0,8676.0,3000,7
2026-09-29 23:28:00,CRUDEOIL,CE,9350.0,CRUDEOIL15OCT269350CE,184.3,184.7,184.3,184.7,200,7
2026-09-29 23:28:00,CRUDEOIL,PE,9350.0,CRUDEOIL15OCT269350PE,848.6,848.6,848.6,848.6,0,7
2026-09-29 23:28:00,CRUDEOIL,CE,9400.0,CRUDEOIL15OCT269400CE,172.4,172.4,172.4,172.4,0,7
2026-09-29 23:28:00,CRUDEOIL,PE,9400.0,CRUDEOIL15OCT269400PE,894.6,894.6,894.6,894.6,0,7
2026-09-29 23:28:00,CRUDEOIL,CE,9450.0,CRUDEOIL15OCT269450CE,160.8,160.8,160.8,160.8,0,7
2026-09-29 23:28:00,CRUDEOIL,PE,9450.0,CRUDEOIL15OCT269450PE,779.2,779.2,779.2,779.2,0,7
2026-09-29 23:28:00,CRUDEOIL,CE,9500.0,CRUDEOIL15OCT269500CE,149.2,149.7,149.2,149.5,4500,7
2026-09-29 23:28:00,CRUDEOIL,PE,9500.0,CRUDEOIL15OCT269500PE,969.0,969.0,968.1,968.1,100,7
2026-09-29 23:28:00,CRUDEOIL,CE,9550.0,CRUDEOIL15OCT269550CE,141.8,141.8,140.5,140.5,100,7
2026-09-29 23:28:00,CRUDEOIL,PE,9550.0,CRUDEOIL15OCT269550PE,902.3,902.3,902.3,902.3,0,7
2026-09-29 23:28:00,CRUDEOIL,CE,9600.0,CRUDEOIL15OCT269600CE,132.8,132.8,132.3,132.3,200,7
2026-09-29 23:28:00,CRUDEOIL,PE,9600.0,CRUDEOIL15OCT269600PE,1026.2,1026.2,1026.2,1026.2,0,7
2026-09-29 23:28:00,CRUDEOIL,CE,9650.0,CRUDEOIL15OCT269650CE,125.3,125.3,123.7,123.7,100,7
2026-09-29 23:28:00,CRUDEOIL,PE,9650.0,CRUDEOIL15OCT269650PE,818.0,818.0,818.0,818.0,0,7
2026-09-29 23:28:00,CRUDEOIL,CE,9700.0,CRUDEOIL15OCT269700CE,116.2,116.9,116.2,116.9,1000,7
2026-09-29 23:28:00,CRUDEOIL,PE,9700.0,CRUDEOIL15OCT269700PE,1094.0,1094.0,1094.0,1094.0,0,7
2026-09-29 23:28:00,CRUDEOIL,CE,9750.0,CRUDEOIL15OCT269750CE,109.7,109.7,106.9,106.9,6500,7
2026-09-29 23:28:00,CRUDEOIL,PE,9750.0,CRUDEOIL15OCT269750PE,916.3,916.3,916.3,916.3,0,7
2026-09-29 23:28:00,CRUDEOIL,CE,9800.0,CRUDEOIL15OCT269800CE,102.5,102.5,101.0,101.0,2900,7
2026-09-29 23:28:00,CRUDEOIL,PE,9800.0,CRUDEOIL15OCT269800PE,1222.6,1222.6,1222.6,1222.6,0,7
2026-09-29 23:28:00,CRUDEOIL,CE,9850.0,CRUDEOIL15OCT269850CE,98.0,98.0,97.9,97.9,2400,7
2026-09-29 23:28:00,CRUDEOIL,PE,9850.0,CRUDEOIL15OCT269850PE,970.4,970.4,970.4,970.4,0,7
2026-09-29 23:28:00,CRUDEOIL,CE,9900.0,CRUDEOIL15OCT269900CE,91.1,92.0,91.1,92.0,2300,7
2026-09-29 23:28:00,CRUDEOIL,PE,9900.0,CRUDEOIL15OCT269900PE,1303.3,1303.3,1303.3,1303.3,0,7
2026-09-29 23:28:00,CRUDEOIL,CE,9950.0,CRUDEOIL15OCT269950CE,84.8,86.5,84.5,86.5,500,7
2026-09-29 23:28:00,CRUDEOIL,PE,9950.0,CRUDEOIL15OCT269950PE,1038.7,1038.7,1038.7,1038.7,0,7
2026-09-29 23:28:00,CRUDEOILM,FUT,0.0,CRUDEOILM19OCT26FUT,8676.0,8678.0,8676.0,8678.0,6420,7
2026-09-29 23:28:00,CRUDEOILM,CE,9350.0,CRUDEOILM15OCT269350CE,191.75,191.75,189.05,189.05,1220,7
2026-09-29 23:28:00,CRUDEOILM,PE,9350.0,CRUDEOILM15OCT269350PE,852.55,852.55,852.55,852.55,0,7
2026-09-29 23:28:00,CRUDEOILM,CE,9400.0,CRUDEOILM15OCT269400CE,178.65,179.5,178.25,178.35,460,7
2026-09-29 23:28:00,CRUDEOILM,PE,9400.0,CRUDEOILM15OCT269400PE,902.0,902.0,892.8,892.8,20,7
2026-09-29 23:28:00,CRUDEOILM,CE,9450.0,CRUDEOILM15OCT269450CE,166.6,166.6,164.85,164.85,200,7
2026-09-29 23:28:00,CRUDEOILM,PE,9450.0,CRUDEOILM15OCT269450PE,940.6,940.6,940.6,940.6,0,7
2026-09-29 23:28:00,CRUDEOILM,CE,9500.0,CRUDEOILM15OCT269500CE,155.4,155.6,154.9,154.95,6510,7
2026-09-29 23:28:00,CRUDEOILM,PE,9500.0,CRUDEOILM15OCT269500PE,972.95,972.95,972.05,972.05,30,7
2026-09-29 23:28:00,CRUDEOILM,CE,9550.0,CRUDEOILM15OCT269550CE,148.0,148.0,147.4,147.4,50,7
2026-09-29 23:28:00,CRUDEOILM,PE,9550.0,CRUDEOILM15OCT269550PE,1009.75,1022.8,1009.75,1022.8,10,7
2026-09-29 23:28:00,CRUDEOILM,CE,9600.0,CRUDEOILM15OCT269600CE,138.0,138.0,136.6,136.6,660,7
2026-09-29 23:28:00,CRUDEOILM,PE,9600.0,CRUDEOILM15OCT269600PE,1048.4,1048.4,1048.4,1048.4,0,7
2026-09-29 23:28:00,CRUDEOILM,CE,9650.0,CRUDEOILM15OCT269650CE,131.0,131.0,128.45,130.0,420,7
2026-09-29 23:28:00,CRUDEOILM,PE,9650.0,CRUDEOILM15OCT269650PE,1015.65,1015.65,1015.65,1015.65,0,7
2026-09-29 23:28:00,CRUDEOILM,CE,9700.0,CRUDEOILM15OCT269700CE,120.75,120.8,120.25,120.25,930,7
2026-09-29 23:28:00,CRUDEOILM,PE,9700.0,CRUDEOILM15OCT269700PE,1121.25,1121.25,1121.25,1121.25,0,7
2026-09-29 23:28:00,CRUDEOILM,CE,9750.0,CRUDEOILM15OCT269750CE,114.8,114.8,111.0,111.0,470,7
2026-09-29 23:28:00,CRUDEOILM,PE,9750.0,CRUDEOILM15OCT269750PE,1004.7,1004.7,1004.7,1004.7,0,7
2026-09-29 23:28:00,CRUDEOILM,CE,9800.0,CRUDEOILM15OCT269800CE,107.0,107.6,106.2,107.6,410,7
2026-09-29 23:28:00,CRUDEOILM,PE,9800.0,CRUDEOILM15OCT269800PE,1124.5,1124.5,1124.5,1124.5,0,7
2026-09-29 23:28:00,CRUDEOILM,CE,9850.0,CRUDEOILM15OCT269850CE,102.0,102.3,102.0,102.3,840,7
2026-09-29 23:28:00,CRUDEOILM,PE,9850.0,CRUDEOILM15OCT269850PE,1089.85,1089.85,1089.85,1089.85,0,7
2026-09-29 23:28:00,CRUDEOILM,CE,9900.0,CRUDEOILM15OCT269900CE,95.65,95.65,92.55,92.55,310,7
2026-09-29 23:28:00,CRUDEOILM,PE,9900.0,CRUDEOILM15OCT269900PE,1312.3,1312.3,1312.3,1312.3,0,7
2026-09-29 23:28:00,CRUDEOILM,CE,9950.0,CRUDEOILM15OCT269950CE,88.7,90.0,88.7,90.0,250,7
2026-09-29 23:28:00,CRUDEOILM,PE,9950.0,CRUDEOILM15OCT269950PE,1022.6,1022.6,1022.6,1022.6,0,7
2026-09-29 23:29:00,CRUDEOIL,FUT,0.0,CRUDEOIL19OCT26FUT,8674.0,8675.0,8673.0,8675.0,6300,7
2026-09-29 23:29:00,CRUDEOIL,CE,9350.0,CRUDEOIL15OCT269350CE,184.5,184.5,184.5,184.5,0,7
2026-09-29 23:29:00,CRUDEOIL,PE,9350.0,CRUDEOIL15OCT269350PE,861.9,861.9,861.9,861.9,0,7
2026-09-29 23:29:00,CRUDEOIL,CE,9400.0,CRUDEOIL15OCT269400CE,171.6,172.9,171.3,171.3,600,7
2026-09-29 23:29:00,CRUDEOIL,PE,9400.0,CRUDEOIL15OCT269400PE,897.9,897.9,875.5,875.5,400,7
2026-09-29 23:29:00,CRUDEOIL,CE,9450.0,CRUDEOIL15OCT269450CE,161.9,162.4,161.9,162.0,200,7
2026-09-29 23:29:00,CRUDEOIL,PE,9450.0,CRUDEOIL15OCT269450PE,779.2,779.2,779.2,779.2,0,7
2026-09-29 23:29:00,CRUDEOIL,CE,9500.0,CRUDEOIL15OCT269500CE,149.8,150.0,149.1,149.1,5200,7
2026-09-29 23:29:00,CRUDEOIL,PE,9500.0,CRUDEOIL15OCT269500PE,968.5,968.5,964.2,965.8,200,7
2026-09-29 23:29:00,CRUDEOIL,CE,9550.0,CRUDEOIL15OCT269550CE,142.9,142.9,139.4,139.4,100,7
2026-09-29 23:29:00,CRUDEOIL,PE,9550.0,CRUDEOIL15OCT269550PE,902.3,902.3,902.3,902.3,0,7
2026-09-29 23:29:00,CRUDEOIL,CE,9600.0,CRUDEOIL15OCT269600CE,132.8,133.2,131.5,133.2,700,7
2026-09-29 23:29:00,CRUDEOIL,PE,9600.0,CRUDEOIL15OCT269600PE,1026.2,1026.2,1026.2,1026.2,0,7
2026-09-29 23:29:00,CRUDEOIL,CE,9650.0,CRUDEOIL15OCT269650CE,123.9,125.3,123.9,125.3,300,7
2026-09-29 23:29:00,CRUDEOIL,PE,9650.0,CRUDEOIL15OCT269650PE,818.0,818.0,818.0,818.0,0,7
2026-09-29 23:29:00,CRUDEOIL,CE,9700.0,CRUDEOIL15OCT269700CE,115.6,117.6,115.6,117.6,1600,7
2026-09-29 23:29:00,CRUDEOIL,PE,9700.0,CRUDEOIL15OCT269700PE,1094.0,1094.0,1094.0,1094.0,0,7
2026-09-29 23:29:00,CRUDEOIL,CE,9750.0,CRUDEOIL15OCT269750CE,106.9,106.9,106.9,106.9,0,7
2026-09-29 23:29:00,CRUDEOIL,PE,9750.0,CRUDEOIL15OCT269750PE,916.3,916.3,916.3,916.3,0,7
2026-09-29 23:29:00,CRUDEOIL,CE,9800.0,CRUDEOIL15OCT269800CE,101.0,102.0,101.0,101.8,1000,7
2026-09-29 23:29:00,CRUDEOIL,PE,9800.0,CRUDEOIL15OCT269800PE,1222.6,1222.6,1222.6,1222.6,0,7
2026-09-29 23:29:00,CRUDEOIL,CE,9850.0,CRUDEOIL15OCT269850CE,97.9,97.9,97.9,97.9,0,7
2026-09-29 23:29:00,CRUDEOIL,PE,9850.0,CRUDEOIL15OCT269850PE,970.4,970.4,970.4,970.4,0,7
2026-09-29 23:29:00,CRUDEOIL,CE,9900.0,CRUDEOIL15OCT269900CE,92.0,92.3,90.1,92.3,1300,7
2026-09-29 23:29:00,CRUDEOIL,PE,9900.0,CRUDEOIL15OCT269900PE,1303.3,1303.3,1303.3,1303.3,0,7
2026-09-29 23:29:00,CRUDEOIL,CE,9950.0,CRUDEOIL15OCT269950CE,86.5,86.5,86.5,86.5,0,7
2026-09-29 23:29:00,CRUDEOIL,PE,9950.0,CRUDEOIL15OCT269950PE,1038.7,1038.7,1038.7,1038.7,0,7
2026-09-29 23:29:00,CRUDEOILM,FUT,0.0,CRUDEOILM19OCT26FUT,8676.0,8679.0,8675.0,8679.0,1210,7
2026-09-29 23:29:00,CRUDEOILM,CE,9350.0,CRUDEOILM15OCT269350CE,188.65,189.35,186.4,186.4,410,7
2026-09-29 23:29:00,CRUDEOILM,PE,9350.0,CRUDEOILM15OCT269350PE,852.55,852.55,852.55,852.55,0,7
2026-09-29 23:29:00,CRUDEOILM,CE,9400.0,CRUDEOILM15OCT269400CE,178.4,178.4,177.45,177.5,140,7
2026-09-29 23:29:00,CRUDEOILM,PE,9400.0,CRUDEOILM15OCT269400PE,892.8,892.8,890.0,890.0,10,7
2026-09-29 23:29:00,CRUDEOILM,CE,9450.0,CRUDEOILM15OCT269450CE,164.85,165.0,164.85,165.0,10,7
2026-09-29 23:29:00,CRUDEOILM,PE,9450.0,CRUDEOILM15OCT269450PE,940.6,940.6,940.6,940.6,0,7
2026-09-29 23:29:00,CRUDEOILM,CE,9500.0,CRUDEOILM15OCT269500CE,155.2,155.2,154.65,154.95,1620,7
2026-09-29 23:29:00,CRUDEOILM,PE,9500.0,CRUDEOILM15OCT269500PE,972.05,972.05,972.0,972.0,40,7
2026-09-29 23:29:00,CRUDEOILM,CE,9550.0,CRUDEOILM15OCT269550CE,147.4,147.4,147.4,147.4,0,7
2026-09-29 23:29:00,CRUDEOILM,PE,9550.0,CRUDEOILM15OCT269550PE,1022.8,1022.8,1006.0,1006.0,10,7
2026-09-29 23:29:00,CRUDEOILM,CE,9600.0,CRUDEOILM15OCT269600CE,136.8,136.8,136.8,136.8,0,7
2026-09-29 23:29:00,CRUDEOILM,PE,9600.0,CRUDEOILM15OCT269600PE,1048.4,1048.4,1048.4,1048.4,0,7
2026-09-29 23:29:00,CRUDEOILM,CE,9650.0,CRUDEOILM15OCT269650CE,126.8,126.8,126.8,126.8,0,7
2026-09-29 23:29:00,CRUDEOILM,PE,9650.0,CRUDEOILM15OCT269650PE,1015.65,1015.65,1015.65,1015.65,0,7
2026-09-29 23:29:00,CRUDEOILM,CE,9700.0,CRUDEOILM15OCT269700CE,121.0,121.0,120.75,120.75,30,7
2026-09-29 23:29:00,CRUDEOILM,PE,9700.0,CRUDEOILM15OCT269700PE,1121.25,1121.25,1121.25,1121.25,0,7
2026-09-29 23:29:00,CRUDEOILM,CE,9750.0,CRUDEOILM15OCT269750CE,111.0,111.0,111.0,111.0,0,7
2026-09-29 23:29:00,CRUDEOILM,PE,9750.0,CRUDEOILM15OCT269750PE,1004.7,1004.7,1004.7,1004.7,0,7
2026-09-29 23:29:00,CRUDEOILM,CE,9800.0,CRUDEOILM15OCT269800CE,107.6,107.6,106.55,107.0,1500,7
2026-09-29 23:29:00,CRUDEOILM,PE,9800.0,CRUDEOILM15OCT269800PE,1124.5,1124.5,1124.5,1124.5,0,7
2026-09-29 23:29:00,CRUDEOILM,CE,9850.0,CRUDEOILM15OCT269850CE,102.3,102.3,102.3,102.3,0,7
2026-09-29 23:29:00,CRUDEOILM,PE,9850.0,CRUDEOILM15OCT269850PE,1089.85,1089.85,1089.85,1089.85,0,7
2026-09-29 23:29:00,CRUDEOILM,CE,9900.0,CRUDEOILM15OCT269900CE,92.55,92.55,92.55,92.55,0,7
2026-09-29 23:29:00,CRUDEOILM,PE,9900.0,CRUDEOILM15OCT269900PE,1312.3,1312.3,1312.3,1312.3,0,7
2026-09-29 23:29:00,CRUDEOILM,CE,9950.0,CRUDEOILM15OCT269950CE,90.0,90.0,90.0,90.0,0,7
2026-09-29 23:29:00,CRUDEOILM,PE,9950.0,CRUDEOILM15OCT269950PE,1022.6,1022.6,1022.6,1022.6,0,7
2026-09-29 23:30:00,CRUDEOIL,FUT,0.0,CRUDEOIL19OCT26FUT,8675.0,8675.0,8675.0,8675.0,0,14
2026-09-29 23:30:00,CRUDEOIL,CE,9350.0,CRUDEOIL15OCT269350CE,184.5,184.5,184.5,184.5,0,14
2026-09-29 23:30:00,CRUDEOIL,PE,9350.0,CRUDEOIL15OCT269350PE,861.9,861.9,861.9,861.9,0,14
2026-09-29 23:30:00,CRUDEOIL,CE,9400.0,CRUDEOIL15OCT269400CE,171.3,171.3,171.3,171.3,0,14
2026-09-29 23:30:00,CRUDEOIL,PE,9400.0,CRUDEOIL15OCT269400PE,875.5,875.5,875.5,875.5,0,14
2026-09-29 23:30:00,CRUDEOIL,CE,9450.0,CRUDEOIL15OCT269450CE,162.0,162.0,162.0,162.0,0,14
2026-09-29 23:30:00,CRUDEOIL,PE,9450.0,CRUDEOIL15OCT269450PE,779.2,779.2,779.2,779.2,0,14
2026-09-29 23:30:00,CRUDEOIL,CE,9500.0,CRUDEOIL15OCT269500CE,149.0,149.0,149.0,149.0,0,14
2026-09-29 23:30:00,CRUDEOIL,PE,9500.0,CRUDEOIL15OCT269500PE,965.8,965.8,965.8,965.8,0,14
2026-09-29 23:30:00,CRUDEOIL,CE,9550.0,CRUDEOIL15OCT269550CE,139.4,139.4,139.4,139.4,0,14
2026-09-29 23:30:00,CRUDEOIL,PE,9550.0,CRUDEOIL15OCT269550PE,902.3,902.3,902.3,902.3,0,14
2026-09-29 23:30:00,CRUDEOIL,CE,9600.0,CRUDEOIL15OCT269600CE,133.2,133.2,133.2,133.2,0,14
2026-09-29 23:30:00,CRUDEOIL,PE,9600.0,CRUDEOIL15OCT269600PE,1026.2,1026.2,1026.2,1026.2,0,14
2026-09-29 23:30:00,CRUDEOIL,CE,9650.0,CRUDEOIL15OCT269650CE,125.3,125.3,125.3,125.3,0,14
2026-09-29 23:30:00,CRUDEOIL,PE,9650.0,CRUDEOIL15OCT269650PE,818.0,818.0,818.0,818.0,0,14
2026-09-29 23:30:00,CRUDEOIL,CE,9700.0,CRUDEOIL15OCT269700CE,117.6,117.6,117.6,117.6,0,14
2026-09-29 23:30:00,CRUDEOIL,PE,9700.0,CRUDEOIL15OCT269700PE,1094.0,1094.0,1094.0,1094.0,0,14
2026-09-29 23:30:00,CRUDEOIL,CE,9750.0,CRUDEOIL15OCT269750CE,106.9,106.9,106.9,106.9,0,14
2026-09-29 23:30:00,CRUDEOIL,PE,9750.0,CRUDEOIL15OCT269750PE,916.3,916.3,916.3,916.3,0,14
2026-09-29 23:30:00,CRUDEOIL,CE,9800.0,CRUDEOIL15OCT269800CE,101.8,101.8,101.8,101.8,0,14
2026-09-29 23:30:00,CRUDEOIL,PE,9800.0,CRUDEOIL15OCT269800PE,1222.6,1222.6,1222.6,1222.6,0,14
2026-09-29 23:30:00,CRUDEOIL,CE,9850.0,CRUDEOIL15OCT269850CE,97.9,97.9,97.9,97.9,0,14
2026-09-29 23:30:00,CRUDEOIL,PE,9850.0,CRUDEOIL15OCT269850PE,970.4,970.4,970.4,970.4,0,14
2026-09-29 23:30:00,CRUDEOIL,CE,9900.0,CRUDEOIL15OCT269900CE,92.3,92.3,92.3,92.3,0,14
2026-09-29 23:30:00,CRUDEOIL,PE,9900.0,CRUDEOIL15OCT269900PE,1303.3,1303.3,1303.3,1303.3,0,14
2026-09-29 23:30:00,CRUDEOIL,CE,9950.0,CRUDEOIL15OCT269950CE,86.5,86.5,86.5,86.5,0,14
2026-09-29 23:30:00,CRUDEOIL,PE,9950.0,CRUDEOIL15OCT269950PE,1038.7,1038.7,1038.7,1038.7,0,14
2026-09-29 23:30:00,CRUDEOILM,FUT,0.0,CRUDEOILM19OCT26FUT,8679.0,8679.0,8679.0,8679.0,0,14
2026-09-29 23:30:00,CRUDEOILM,CE,9350.0,CRUDEOILM15OCT269350CE,186.4,186.4,186.4,186.4,0,14
2026-09-29 23:30:00,CRUDEOILM,PE,9350.0,CRUDEOILM15OCT269350PE,852.55,852.55,852.55,852.55,0,14
2026-09-29 23:30:00,CRUDEOILM,CE,9400.0,CRUDEOILM15OCT269400CE,177.5,177.5,177.5,177.5,0,14
2026-09-29 23:30:00,CRUDEOILM,PE,9400.0,CRUDEOILM15OCT269400PE,890.0,890.0,890.0,890.0,0,14
2026-09-29 23:30:00,CRUDEOILM,CE,9450.0,CRUDEOILM15OCT269450CE,165.0,165.0,165.0,165.0,0,14
2026-09-29 23:30:00,CRUDEOILM,PE,9450.0,CRUDEOILM15OCT269450PE,940.6,940.6,940.6,940.6,0,14
2026-09-29 23:30:00,CRUDEOILM,CE,9500.0,CRUDEOILM15OCT269500CE,154.95,154.95,154.95,154.95,0,14
2026-09-29 23:30:00,CRUDEOILM,PE,9500.0,CRUDEOILM15OCT269500PE,972.0,972.0,972.0,972.0,0,14
2026-09-29 23:30:00,CRUDEOILM,CE,9550.0,CRUDEOILM15OCT269550CE,147.4,147.4,147.4,147.4,0,14
2026-09-29 23:30:00,CRUDEOILM,PE,9550.0,CRUDEOILM15OCT269550PE,1006.0,1006.0,1006.0,1006.0,0,14
2026-09-29 23:30:00,CRUDEOILM,CE,9600.0,CRUDEOILM15OCT269600CE,136.8,136.8,136.8,136.8,0,14
2026-09-29 23:30:00,CRUDEOILM,PE,9600.0,CRUDEOILM15OCT269600PE,1048.4,1048.4,1048.4,1048.4,0,14
2026-09-29 23:30:00,CRUDEOILM,CE,9650.0,CRUDEOILM15OCT269650CE,126.8,126.8,126.8,126.8,0,14
2026-09-29 23:30:00,CRUDEOILM,PE,9650.0,CRUDEOILM15OCT269650PE,1015.65,1015.65,1015.65,1015.65,0,14
2026-09-29 23:30:00,CRUDEOILM,CE,9700.0,CRUDEOILM15OCT269700CE,120.75,120.75,120.75,120.75,0,14
2026-09-29 23:30:00,CRUDEOILM,PE,9700.0,CRUDEOILM15OCT269700PE,1121.25,1121.25,1121.25,1121.25,0,14
2026-09-29 23:30:00,CRUDEOILM,CE,9750.0,CRUDEOILM15OCT269750CE,111.0,111.0,111.0,111.0,0,14
2026-09-29 23:30:00,CRUDEOILM,PE,9750.0,CRUDEOILM15OCT269750PE,1004.7,1004.7,1004.7,1004.7,0,14
2026-09-29 23:30:00,CRUDEOILM,CE,9800.0,CRUDEOILM15OCT269800CE,107.0,107.0,107.0,107.0,0,14
2026-09-29 23:30:00,CRUDEOILM,PE,9800.0,CRUDEOILM15OCT269800PE,1124.5,1124.5,1124.5,1124.5,0,14
2026-09-29 23:30:00,CRUDEOILM,CE,9850.0,CRUDEOILM15OCT269850CE,102.3,102.3,102.3,102.3,0,14
2026-09-29 23:30:00,CRUDEOILM,PE,9850.0,CRUDEOILM15OCT269850PE,1089.85,1089.85,1089.85,1089.85,0,14
2026-09-29 23:30:00,CRUDEOILM,CE,9900.0,CRUDEOILM15OCT269900CE,92.55,92.55,92.55,92.55,0,14
2026-09-29 23:30:00,CRUDEOILM,PE,9900.0,CRUDEOILM15OCT269900PE,1312.3,1312.3,1312.3,1312.3,0,14
2026-09-29 23:30:00,CRUDEOILM,CE,9950.0,CRUDEOILM15OCT269950CE,90.0,90.0,90.0,90.0,0,14
2026-09-29 23:30:00,CRUDEOILM,PE,9950.0,CRUDEOILM15OCT269950PE,1022.6,1022.6,1022.6,1022.6,0,14
2026-09-29 23:31:00,CRUDEOIL,FUT,0.0,CRUDEOIL19OCT26FUT,8675.0,8675.0,8675.0,8675.0,0,14
2026-09-29 23:31:00,CRUDEOIL,CE,9350.0,CRUDEOIL15OCT269350CE,184.5,184.5,184.5,184.5,0,14
2026-09-29 23:31:00,CRUDEOIL,PE,9350.0,CRUDEOIL15OCT269350PE,861.9,861.9,861.9,861.9,0,14
2026-09-29 23:31:00,CRUDEOIL,CE,9400.0,CRUDEOIL15OCT269400CE,171.3,171.3,171.3,171.3,0,14
2026-09-29 23:31:00,CRUDEOIL,PE,9400.0,CRUDEOIL15OCT269400PE,875.5,875.5,875.5,875.5,0,14
2026-09-29 23:31:00,CRUDEOIL,CE,9450.0,CRUDEOIL15OCT269450CE,162.0,162.0,162.0,162.0,0,14
2026-09-29 23:31:00,CRUDEOIL,PE,9450.0,CRUDEOIL15OCT269450PE,779.2,779.2,779.2,779.2,0,14
2026-09-29 23:31:00,CRUDEOIL,CE,9500.0,CRUDEOIL15OCT269500CE,149.0,149.0,149.0,149.0,0,14
2026-09-29 23:31:00,CRUDEOIL,PE,9500.0,CRUDEOIL15OCT269500PE,965.8,965.8,965.8,965.8,0,14
2026-09-29 23:31:00,CRUDEOIL,CE,9550.0,CRUDEOIL15OCT269550CE,139.4,139.4,139.4,139.4,0,14
2026-09-29 23:31:00,CRUDEOIL,PE,9550.0,CRUDEOIL15OCT269550PE,902.3,902.3,902.3,902.3,0,14
2026-09-29 23:31:00,CRUDEOIL,CE,9600.0,CRUDEOIL15OCT269600CE,133.2,133.2,133.2,133.2,0,14
2026-09-29 23:31:00,CRUDEOIL,PE,9600.0,CRUDEOIL15OCT269600PE,1026.2,1026.2,1026.2,1026.2,0,14
2026-09-29 23:31:00,CRUDEOIL,CE,9650.0,CRUDEOIL15OCT269650CE,125.3,125.3,125.3,125.3,0,14
2026-09-29 23:31:00,CRUDEOIL,PE,9650.0,CRUDEOIL15OCT269650PE,818.0,818.0,818.0,818.0,0,14
2026-09-29 23:31:00,CRUDEOIL,CE,9700.0,CRUDEOIL15OCT269700CE,117.6,117.6,117.6,117.6,0,14
2026-09-29 23:31:00,CRUDEOIL,PE,9700.0,CRUDEOIL15OCT269700PE,1094.0,1094.0,1094.0,1094.0,0,14
2026-09-29 23:31:00,CRUDEOIL,CE,9750.0,CRUDEOIL15OCT269750CE,106.9,106.9,106.9,106.9,0,14
2026-09-29 23:31:00,CRUDEOIL,PE,9750.0,CRUDEOIL15OCT269750PE,916.3,916.3,916.3,916.3,0,14
2026-09-29 23:31:00,CRUDEOIL,CE,9800.0,CRUDEOIL15OCT269800CE,101.8,101.8,101.8,101.8,0,14
2026-09-29 23:31:00,CRUDEOIL,PE,9800.0,CRUDEOIL15OCT269800PE,1222.6,1222.6,1222.6,1222.6,0,14
2026-09-29 23:31:00,CRUDEOIL,CE,9850.0,CRUDEOIL15OCT269850CE,97.9,97.9,97.9,97.9,0,14
2026-09-29 23:31:00,CRUDEOIL,PE,9850.0,CRUDEOIL15OCT269850PE,970.4,970.4,970.4,970.4,0,14
2026-09-29 23:31:00,CRUDEOIL,CE,9900.0,CRUDEOIL15OCT269900CE,92.3,92.3,92.3,92.3,0,14
2026-09-29 23:31:00,CRUDEOIL,PE,9900.0,CRUDEOIL15OCT269900PE,1303.3,1303.3,1303.3,1303.3,0,14
2026-09-29 23:31:00,CRUDEOIL,CE,9950.0,CRUDEOIL15OCT269950CE,86.5,86.5,86.5,86.5,0,14
2026-09-29 23:31:00,CRUDEOIL,PE,9950.0,CRUDEOIL15OCT269950PE,1038.7,1038.7,1038.7,1038.7,0,14
2026-09-29 23:31:00,CRUDEOILM,FUT,0.0,CRUDEOILM19OCT26FUT,8679.0,8679.0,8679.0,8679.0,0,14
2026-09-29 23:31:00,CRUDEOILM,CE,9350.0,CRUDEOILM15OCT269350CE,186.4,186.4,186.4,186.4,0,14
2026-09-29 23:31:00,CRUDEOILM,PE,9350.0,CRUDEOILM15OCT269350PE,852.55,852.55,852.55,852.55,0,14
2026-09-29 23:31:00,CRUDEOILM,CE,9400.0,CRUDEOILM15OCT269400CE,177.5,177.5,177.5,177.5,0,14
2026-09-29 23:31:00,CRUDEOILM,PE,9400.0,CRUDEOILM15OCT269400PE,890.0,890.0,890.0,890.0,0,14
2026-09-29 23:31:00,CRUDEOILM,CE,9450.0,CRUDEOILM15OCT269450CE,165.0,165.0,165.0,165.0,0,14
2026-09-29 23:31:00,CRUDEOILM,PE,9450.0,CRUDEOILM15OCT269450PE,940.6,940.6,940.6,940.6,0,14
2026-09-29 23:31:00,CRUDEOILM,CE,9500.0,CRUDEOILM15OCT269500CE,154.95,154.95,154.95,154.95,0,14
2026-09-29 23:31:00,CRUDEOILM,PE,9500.0,CRUDEOILM15OCT269500PE,972.0,972.0,972.0,972.0,0,14
2026-09-29 23:31:00,CRUDEOILM,CE,9550.0,CRUDEOILM15OCT269550CE,147.4,147.4,147.4,147.4,0,14
2026-09-29 23:31:00,CRUDEOILM,PE,9550.0,CRUDEOILM15OCT269550PE,1006.0,1006.0,1006.0,1006.0,0,14
2026-09-29 23:31:00,CRUDEOILM,CE,9600.0,CRUDEOILM15OCT269600CE,136.8,136.8,136.8,136.8,0,14
2026-09-29 23:31:00,CRUDEOILM,PE,9600.0,CRUDEOILM15OCT269600PE,1048.4,1048.4,1048.4,1048.4,0,14
2026-09-29 23:31:00,CRUDEOILM,CE,9650.0,CRUDEOILM15OCT269650CE,126.8,126.8,126.8,126.8,0,14
2026-09-29 23:31:00,CRUDEOILM,PE,9650.0,CRUDEOILM15OCT269650PE,1015.65,1015.65,1015.65,1015.65,0,14
2026-09-29 23:31:00,CRUDEOILM,CE,9700.0,CRUDEOILM15OCT269700CE,120.75,120.75,120.75,120.75,0,14
2026-09-29 23:31:00,CRUDEOILM,PE,9700.0,CRUDEOILM15OCT269700PE,1121.25,1121.25,1121.25,1121.25,0,14
2026-09-29 23:31:00,CRUDEOILM,CE,9750.0,CRUDEOILM15OCT269750CE,111.0,111.0,111.0,111.0,0,14
2026-09-29 23:31:00,CRUDEOILM,PE,9750.0,CRUDEOILM15OCT269750PE,1004.7,1004.7,1004.7,1004.7,0,14
2026-09-29 23:31:00,CRUDEOILM,CE,9800.0,CRUDEOILM15OCT269800CE,107.0,107.0,107.0,107.0,0,14
2026-09-29 23:31:00,CRUDEOILM,PE,9800.0,CRUDEOILM15OCT269800PE,1124.5,1124.5,1124.5,1124.5,0,14
2026-09-29 23:31:00,CRUDEOILM,CE,9850.0,CRUDEOILM15OCT269850CE,102.3,102.3,102.3,102.3,0,14
2026-09-29 23:31:00,CRUDEOILM,PE,9850.0,CRUDEOILM15OCT269850PE,1089.85,1089.85,1089.85,1089.85,0,14
2026-09-29 23:31:00,CRUDEOILM,CE,9900.0,CRUDEOILM15OCT269900CE,92.55,92.55,92.55,92.55,0,14
2026-09-29 23:31:00,CRUDEOILM,PE,9900.0,CRUDEOILM15OCT269900PE,1312.3,1312.3,1312.3,1312.3,0,14
2026-09-29 23:31:00,CRUDEOILM,CE,9950.0,CRUDEOILM15OCT269950CE,90.0,90.0,90.0,90.0,0,14
2026-09-29 23:31:00,CRUDEOILM,PE,9950.0,CRUDEOILM15OCT269950PE,1022.6,1022.6,1022.6,1022.6,0,14
