timestamp_minute,asset,instrument_type,strike,trading_symbol,open,high,low,close,volume,tick_count
2026-09-22 14:17:00,NATURALGAS,FUT,0.0,NATURALGAS25SEP26FUT,270.6,270.6,270.6,270.6,8750,4
2026-09-22 14:17:00,NATURALGAS,CE,240.0,NATURALGAS23SEP26240CE,33.1,33.1,33.1,33.1,0,4
2026-09-22 14:17:00,NATURALGAS,PE,240.0,NATURALGAS23SEP26240PE,0.1,0.1,0.1,0.1,0,4
2026-09-22 14:17:00,NATURALGAS,CE,245.0,NATURALGAS23SEP26245CE,27.55,27.55,27.55,27.55,0,4
2026-09-22 14:17:00,NATURALGAS,PE,245.0,NATURALGAS23SEP26245PE,0.05,0.05,0.05,0.05,0,4
2026-09-22 14:17:00,NATURALGAS,CE,250.0,NATURALGAS23SEP26250CE,20.6,20.6,20.6,20.6,0,4
2026-09-22 14:17:00,NATURALGAS,PE,250.0,NATURALGAS23SEP26250PE,0.1,0.1,0.1,0.1,0,4
2026-09-22 14:17:00,NATURALGAS,CE,255.0,NATURALGAS23SEP26255CE,15.8,15.8,15.8,15.8,0,4
2026-09-22 14:17:00,NATURALGAS,PE,255.0,NATURALGAS23SEP26255PE,0.2,0.2,0.2,0.2,0,4
2026-09-22 14:17:00,NATURALGAS,CE,260.0,NATURALGAS23SEP26260CE,11.05,11.05,11.05,11.05,0,4
2026-09-22 14:17:00,NATURALGAS,PE,260.0,NATURALGAS23SEP26260PE,0.5,0.5,0.5,0.5,123750,4
2026-09-22 14:17:00,NATURALGAS,CE,265.0,NATURALGAS23SEP26265CE,7.0,7.0,7.0,7.0,25000,4
2026-09-22 14:17:00,NATURALGAS,PE,265.0,NATURALGAS23SEP26265PE,1.4,1.45,1.4,1.4,6250,4
2026-09-22 14:17:00,NATURALGAS,CE,270.0,NATURALGAS23SEP26270CE,3.9,3.9,3.9,3.9,62500,4
2026-09-22 14:17:00,NATURALGAS,PE,270.0,NATURALGAS23SEP26270PE,3.35,3.4,3.35,3.4,47500,4
2026-09-22 14:17:00,NATURALGAS,CE,275.0,NATURALGAS23SEP26275CE,2.0,2.05,2.0,2.0,40000,4
2026-09-22 14:17:00,NATURALGAS,PE,275.0,NATURALGAS23SEP26275PE,6.45,6.5,6.45,6.5,18750,4
2026-09-22 14:17:00,NATURALGAS,CE,280.0,NATURALGAS23SEP26280CE,0.95,0.95,0.9,0.9,290000,4
2026-09-22 14:17:00,NATURALGAS,PE,280.0,NATURALGAS23SEP26280PE,10.45,10.45,10.4,10.4,2500,4
2026-09-22 14:17:00,NATURALGAS,CE,285.0,NATURALGAS23SEP26285CE,0.45,0.5,0.45,0.5,80000,4
2026-09-22 14:17:00,NATURALGAS,PE,285.0,NATURALGAS23SEP26285PE,14.9,14.9,14.9,14.9,1250,4
2026-09-22 14:17:00,NATURALGAS,CE,290.0,NATURALGAS23SEP26290CE,0.25,0.25,0.25,0.25,13750,4
2026-09-22 14:17:00,NATURALGAS,PE,290.0,NATURALGAS23SEP26290PE,19.7,19.7,19.65,19.65,1250,4
2026-09-22 14:17:00,NATURALGAS,CE,295.0,NATURALGAS23SEP26295CE,0.1,0.1,0.1,0.1,105000,4
2026-09-22 14:17:00,NATURALGAS,PE,295.0,NATURALGAS23SEP26295PE,24.3,24.55,24.3,24.55,1250,4
2026-09-22 14:17:00,NATURALGAS,CE,300.0,NATURALGAS23SEP26300CE,0.15,0.15,0.1,0.1,73750,4
2026-09-22 14:17:00,NATURALGAS,PE,300.0,NATURALGAS23SEP26300PE,29.6,29.6,29.6,29.6,0,4
2026-09-22 14:17:00,NATGASMINI,FUT,0.0,NATGASMINI25SEP26FUT,270.6,270.8,270.6,270.6,2250,4
2026-09-22 14:17:00,NATGASMINI,CE,240.0,NATGASMINI23SEP26240CE,33.25,33.25,33.25,33.25,0,4
2026-09-22 14:17:00,NATGASMINI,PE,240.0,NATGASMINI23SEP26240PE,0.1,0.1,0.1,0.1,0,4
2026-09-22 14:17:00,NATGASMINI,CE,245.0,NATGASMINI23SEP26245CE,30.4,30.4,30.4,30.4,0,4
2026-09-22 14:17:00,NATGASMINI,PE,245.0,NATGASMINI23SEP26245PE,0.1,0.1,0.1,0.1,0,4
2026-09-22 14:17:00,NATGASMINI,CE,250.0,NATGASMINI23SEP26250CE,20.9,20.9,20.9,20.9,0,4
2026-09-22 14:17:00,NATGASMINI,PE,250.0,NATGASMINI23SEP26250PE,0.1,0.1,0.1,0.1,0,4
2026-09-22 14:17:00,NATGASMINI,CE,255.0,NATGASMINI23SEP26255CE,15.75,15.75,15.75,15.75,0,4
2026-09-22 14:17:00,NATGASMINI,PE,255.0,NATGASMINI23SEP26255PE,0.2,0.2,0.2,0.2,8000,4
2026-09-22 14:17:00,NATGASMINI,CE,260.0,NATGASMINI23SEP26260CE,11.1,11.2,11.1,11.15,750,4
2026-09-22 14:17:00,NATGASMINI,PE,260.0,NATGASMINI23SEP26260PE,0.45,0.45,0.45,0.45,5000,4
2026-09-22 14:17:00,NATGASMINI,CE,265.0,NATGASMINI23SEP26265CE,7.05,7.05,7.0,7.0,2250,4
2026-09-22 14:17:00,NATGASMINI,PE,265.0,NATGASMINI23SEP26265PE,1.4,1.4,1.35,1.35,750,4
2026-09-22 14:17:00,NATGASMINI,CE,270.0,NATGASMINI23SEP26270CE,3.9,4.0,3.9,3.9,31250,4
2026-09-22 14:17:00,NATGASMINI,PE,270.0,NATGASMINI23SEP26270PE,3.35,3.35,3.3,3.3,26750,4
2026-09-22 14:17:00,NATGASMINI,CE,275.0,NATGASMINI23SEP26275CE,2.05,2.1,2.05,2.05,7250,4
2026-09-22 14:17:00,NATGASMINI,PE,275.0,NATGASMINI23SEP26275PE,6.5,6.5,6.45,6.5,1000,4
2026-09-22 14:17:00,NATGASMINI,CE,280.0,NATGASMINI23SEP26280CE,0.95,1.0,0.95,0.95,77250,4
2026-09-22 14:17:00,NATGASMINI,PE,280.0,NATGASMINI23SEP26280PE,10.45,10.45,10.4,10.4,2750,4
2026-09-22 14:17:00,NATGASMINI,CE,285.0,NATGASMINI23SEP26285CE,0.5,0.5,0.5,0.5,0,4
2026-09-22 14:17:00,NATGASMINI,PE,285.0,NATGASMINI23SEP26285PE,14.85,14.85,14.85,14.85,0,4
2026-09-22 14:17:00,NATGASMINI,CE,290.0,NATGASMINI23SEP26290CE,0.25,0.25,0.25,0.25,0,4
2026-09-22 14:17:00,NATGASMINI,PE,290.0,NATGASMINI23SEP26290PE,19.55,19.55,19.5,19.5,10750,4
2026-09-22 14:17:00,NATGASMINI,CE,295.0,NATGASMINI23SEP26295CE,0.15,0.15,0.15,0.15,0,4
2026-09-22 14:17:00,NATGASMINI,PE,295.0,NATGASMINI23SEP26295PE,23.7,23.7,23.7,23.7,0,4
2026-09-22 14:17:00,NATGASMINI,CE,300.0,NATGASMINI23SEP26300CE,0.1,0.1,0.1,0.1,0,4
2026-09-22 14:17:00,NATGASMINI,PE,300.0,NATGASMINI23SEP26300PE,29.0,29.0,29.0,29.0,0,4
2026-09-22 14:18:00,NATURALGAS,FUT,0.0,NATURALGAS25SEP26FUT,270.6,271.0,270.6,270.8,161250,18
2026-09-22 14:18:00,NATURALGAS,CE,240.0,NATURALGAS23SEP26240CE,33.1,33.1,33.1,33.1,0,18
2026-09-22 14:18:00,NATURALGAS,PE,240.0,NATURALGAS23SEP26240PE,0.1,0.1,0.1,0.1,0,18
2026-09-22 14:18:00,NATURALGAS,CE,245.0,NATURALGAS23SEP26245CE,27.55,27.55,27.55,27.55,0,18
2026-09-22 14:18:00,NATURALGAS,PE,245.0,NATURALGAS23SEP26245PE,0.05,0.05,0.05,0.05,0,18
2026-09-22 14:18:00,NATURALGAS,CE,250.0,NATURALGAS23SEP26250CE,20.6,20.8,20.6,20.8,3750,18
2026-09-22 14:18:00,NATURALGAS,PE,250.0,NATURALGAS23SEP26250PE,0.1,0.1,0.1,0.1,0,18
2026-09-22 14:18:00,NATURALGAS,CE,255.0,NATURALGAS23SEP26255CE,15.8,15.85,15.8,15.85,11250,18
2026-09-22 14:18:00,NATURALGAS,PE,255.0,NATURALGAS23SEP26255PE,0.2,0.2,0.15,0.15,8750,18
2026-09-22 14:18:00,NATURALGAS,CE,260.0,NATURALGAS23SEP26260CE,11.05,11.3,11.0,11.25,118750,18
2026-09-22 14:18:00,NATURALGAS,PE,260.0,NATURALGAS23SEP26260PE,0.5,0.5,0.45,0.5,356250,18
2026-09-22 14:18:00,NATURALGAS,CE,265.0,NATURALGAS23SEP26265CE,7.0,7.3,7.0,7.25,95000,18
2026-09-22 14:18:00,NATURALGAS,PE,265.0,NATURALGAS23SEP26265PE,1.4,1.45,1.35,1.4,243750,18
2026-09-22 14:18:00,NATURALGAS,CE,270.0,NATURALGAS23SEP26270CE,3.9,4.1,3.9,4.05,491250,18
2026-09-22 14:18:00,NATURALGAS,PE,270.0,NATURALGAS23SEP26270PE,3.4,3.4,3.2,3.25,663750,18
2026-09-22 14:18:00,NATURALGAS,CE,275.0,NATURALGAS23SEP26275CE,2.05,2.15,2.0,2.15,1570000,18
2026-09-22 14:18:00,NATURALGAS,PE,275.0,NATURALGAS23SEP26275PE,6.5,6.5,6.25,6.3,406250,18
2026-09-22 14:18:00,NATURALGAS,CE,280.0,NATURALGAS23SEP26280CE,0.95,1.0,0.9,1.0,1617500,18
2026-09-22 14:18:00,NATURALGAS,PE,280.0,NATURALGAS23SEP26280PE,10.4,10.4,10.1,10.2,70000,18
2026-09-22 14:18:00,NATURALGAS,CE,285.0,NATURALGAS23SEP26285CE,0.5,0.5,0.45,0.5,46250,18
2026-09-22 14:18:00,NATURALGAS,PE,285.0,NATURALGAS23SEP26285PE,14.8,14.85,14.6,14.6,22500,18
2026-09-22 14:18:00,NATURALGAS,CE,290.0,NATURALGAS23SEP26290CE,0.25,0.25,0.2,0.25,1145000,18
2026-09-22 14:18:00,NATURALGAS,PE,290.0,NATURALGAS23SEP26290PE,19.65,19.65,19.35,19.35,36250,18
2026-09-22 14:18:00,NATURALGAS,CE,295.0,NATURALGAS23SEP26295CE,0.1,0.1,0.1,0.1,0,18
2026-09-22 14:18:00,NATURALGAS,PE,295.0,NATURALGAS23SEP26295PE,24.55,24.55,24.25,24.25,6250,18
2026-09-22 14:18:00,NATURALGAS,CE,300.0,NATURALGAS23SEP26300CE,0.1,0.15,0.1,0.1,560000,18
2026-09-22 14:18:00,NATURALGAS,PE,300.0,NATURALGAS23SEP26300PE,29.6,29.6,29.6,29.6,0,18
2026-09-22 14:18:00,NATGASMINI,FUT,0.0,NATGASMINI25SEP26FUT,270.7,271.1,270.7,270.9,36000,18
2026-09-22 14:18:00,NATGASMINI,CE,240.0,NATGASMINI23SEP26240CE,33.25,33.25,33.25,33.25,0,18
2026-09-22 14:18:00,NATGASMINI,PE,240.0,NATGASMINI23SEP26240PE,0.1,0.1,0.1,0.1,3750,18
2026-09-22 14:18:00,NATGASMINI,CE,245.0,NATGASMINI23SEP26245CE,30.4,30.4,30.4,30.4,0,18
2026-09-22 14:18:00,NATGASMINI,PE,245.0,NATGASMINI23SEP26245PE,0.1,0.1,0.1,0.1,0,18
2026-09-22 14:18:00,NATGASMINI,CE,250.0,NATGASMINI23SEP26250CE,20.7,20.7,20.7,20.7,0,18
2026-09-22 14:18:00,NATGASMINI,PE,250.0,NATGASMINI23SEP26250PE,0.1,0.1,0.1,0.1,1250,18
2026-09-22 14:18:00,NATGASMINI,CE,255.0,NATGASMINI23SEP26255CE,15.85,16.05,15.85,16.05,4000,18
2026-09-22 14:18:00,NATGASMINI,PE,255.0,NATGASMINI23SEP26255PE,0.2,0.2,0.2,0.2,750,18
2026-09-22 14:18:00,NATGASMINI,CE,260.0,NATGASMINI23SEP26260CE,11.1,11.4,11.1,11.4,14750,18
2026-09-22 14:18:00,NATGASMINI,PE,260.0,NATGASMINI23SEP26260PE,0.45,0.45,0.45,0.45,9500,18
2026-09-22 14:18:00,NATGASMINI,CE,265.0,NATGASMINI23SEP26265CE,7.0,7.3,7.0,7.25,21000,18
2026-09-22 14:18:00,NATGASMINI,PE,265.0,NATGASMINI23SEP26265PE,1.4,1.4,1.3,1.3,78250,18
2026-09-22 14:18:00,NATGASMINI,CE,270.0,NATGASMINI23SEP26270CE,3.9,4.15,3.9,4.15,91250,18
2026-09-22 14:18:00,NATGASMINI,PE,270.0,NATGASMINI23SEP26270PE,3.3,3.35,3.15,3.25,188750,18
2026-09-22 14:18:00,NATGASMINI,CE,275.0,NATGASMINI23SEP26275CE,2.05,2.2,2.05,2.15,273000,18
2026-09-22 14:18:00,NATGASMINI,PE,275.0,NATGASMINI23SEP26275PE,6.5,6.5,6.2,6.25,138250,18
2026-09-22 14:18:00,NATGASMINI,CE,280.0,NATGASMINI23SEP26280CE,0.95,1.0,0.95,1.0,388250,18
2026-09-22 14:18:00,NATGASMINI,PE,280.0,NATGASMINI23SEP26280PE,10.4,10.4,10.1,10.15,34500,18
2026-09-22 14:18:00,NATGASMINI,CE,285.0,NATGASMINI23SEP26285CE,0.5,0.55,0.5,0.5,23500,18
2026-09-22 14:18:00,NATGASMINI,PE,285.0,NATGASMINI23SEP26285PE,14.85,14.85,14.55,14.6,5250,18
2026-09-22 14:18:00,NATGASMINI,CE,290.0,NATGASMINI23SEP26290CE,0.25,0.25,0.25,0.25,2250,18
2026-09-22 14:18:00,NATGASMINI,PE,290.0,NATGASMINI23SEP26290PE,19.55,19.55,19.4,19.4,19000,18
2026-09-22 14:18:00,NATGASMINI,CE,295.0,NATGASMINI23SEP26295CE,0.15,0.15,0.15,0.15,5500,18
2026-09-22 14:18:00,NATGASMINI,PE,295.0,NATGASMINI23SEP26295PE,23.7,23.7,23.7,23.7,0,18
2026-09-22 14:18:00,NATGASMINI,CE,300.0,NATGASMINI23SEP26300CE,0.1,0.1,0.1,0.1,500,18
2026-09-22 14:18:00,NATGASMINI,PE,300.0,NATGASMINI23SEP26300PE,29.0,29.0,29.0,29.0,0,18
2026-09-22 14:19:00,NATURALGAS,FUT,0.0,NATURALGAS25SEP26FUT,270.9,270.9,270.8,270.9,95000,18
2026-09-22 14:19:00,NATURALGAS,CE,240.0,NATURALGAS23SEP26240CE,33.1,33.1,33.1,33.1,0,18
2026-09-22 14:19:00,NATURALGAS,PE,240.0,NATURALGAS23SEP26240PE,0.1,0.1,0.1,0.1,0,18
2026-09-22 14:19:00,NATURALGAS,CE,245.0,NATURALGAS23SEP26245CE,27.55,27.55,27.55,27.55,0,18
2026-09-22 14:19:00,NATURALGAS,PE,245.0,NATURALGAS23SEP26245PE,0.05,0.05,0.05,0.05,0,18
2026-09-22 14:19:00,NATURALGAS,CE,250.0,NATURALGAS23SEP26250CE,20.8,20.8,20.8,20.8,2500,18
2026-09-22 14:19:00,NATURALGAS,PE,250.0,NATURALGAS23SEP26250PE,0.1,0.1,0.1,0.1,50000,18
2026-09-22 14:19:00,NATURALGAS,CE,255.0,NATURALGAS23SEP26255CE,15.85,15.95,15.85,15.9,3750,18
2026-09-22 14:19:00,NATURALGAS,PE,255.0,NATURALGAS23SEP26255PE,0.15,0.15,0.15,0.15,6250,18
2026-09-22 14:19:00,NATURALGAS,CE,260.0,NATURALGAS23SEP26260CE,11.25,11.3,11.2,11.25,48750,18
2026-09-22 14:19:00,NATURALGAS,PE,260.0,NATURALGAS23SEP26260PE,0.5,0.5,0.5,0.5,10000,18
2026-09-22 14:19:00,NATURALGAS,CE,265.0,NATURALGAS23SEP26265CE,7.25,7.25,7.2,7.2,70000,18
2026-09-22 14:19:00,NATURALGAS,PE,265.0,NATURALGAS23SEP26265PE,1.4,1.45,1.35,1.4,455000,18
2026-09-22 14:19:00,NATURALGAS,CE,270.0,NATURALGAS23SEP26270CE,4.05,4.1,4.0,4.05,398750,18
2026-09-22 14:19:00,NATURALGAS,PE,270.0,NATURALGAS23SEP26270PE,3.25,3.35,3.25,3.35,105000,18
2026-09-22 14:19:00,NATURALGAS,CE,275.0,NATURALGAS23SEP26275CE,2.15,2.2,2.1,2.15,465000,18
2026-09-22 14:19:00,NATURALGAS,PE,275.0,NATURALGAS23SEP26275PE,6.3,6.45,6.3,6.35,112500,18
2026-09-22 14:19:00,NATURALGAS,CE,280.0,NATURALGAS23SEP26280CE,0.95,1.0,0.95,1.0,533750,18
2026-09-22 14:19:00,NATURALGAS,PE,280.0,NATURALGAS23SEP26280PE,10.25,10.3,10.2,10.25,32500,18
2026-09-22 14:19:00,NATURALGAS,CE,285.0,NATURALGAS23SEP26285CE,0.5,0.5,0.45,0.5,82500,18
2026-09-22 14:19:00,NATURALGAS,PE,285.0,NATURALGAS23SEP26285PE,14.6,14.75,14.6,14.7,23750,18
2026-09-22 14:19:00,NATURALGAS,CE,290.0,NATURALGAS23SEP26290CE,0.25,0.25,0.2,0.25,40000,18
2026-09-22 14:19:00,NATURALGAS,PE,290.0,NATURALGAS23SEP26290PE,19.35,19.45,19.35,19.45,5000,18
2026-09-22 14:19:00,NATURALGAS,CE,295.0,NATURALGAS23SEP26295CE,0.1,0.1,0.1,0.1,1250,18
2026-09-22 14:19:00,NATURALGAS,PE,295.0,NATURALGAS23SEP26295PE,24.25,24.35,24.25,24.3,37500,18
2026-09-22 14:19:00,NATURALGAS,CE,300.0,NATURALGAS23SEP26300CE,0.1,0.1,0.1,0.1,533750,18
2026-09-22 14:19:00,NATURALGAS,PE,300.0,NATURALGAS23SEP26300PE,29.6,29.6,29.25,29.25,2500,18
2026-09-22 14:19:00,NATGASMINI,FUT,0.0,NATGASMINI25SEP26FUT,270.9,270.9,270.8,270.8,30000,18
2026-09-22 14:19:00,NATGASMINI,CE,240.0,NATGASMINI23SEP26240CE,33.25,33.25,33.25,33.25,0,18
2026-09-22 14:19:00,NATGASMINI,PE,240.0,NATGASMINI23SEP26240PE,0.1,0.1,0.1,0.1,3750,18
2026-09-22 14:19:00,NATGASMINI,CE,245.0,NATGASMINI23SEP26245CE,30.4,30.4,30.4,30.4,0,18
2026-09-22 14:19:00,NATGASMINI,PE,245.0,NATGASMINI23SEP26245PE,0.1,0.1,0.1,0.1,0,18
2026-09-22 14:19:00,NATGASMINI,CE,250.0,NATGASMINI23SEP26250CE,20.7,20.7,20.7,20.7,0,18
2026-09-22 14:19:00,NATGASMINI,PE,250.0,NATGASMINI23SEP26250PE,0.1,0.1,0.1,0.1,1250,18
2026-09-22 14:19:00,NATGASMINI,CE,255.0,NATGASMINI23SEP26255CE,16.05,16.05,16.05,16.05,0,18
2026-09-22 14:19:00,NATGASMINI,PE,255.0,NATGASMINI23SEP26255PE,0.2,0.2,0.1,0.15,275000,18
2026-09-22 14:19:00,NATGASMINI,CE,260.0,NATGASMINI23SEP26260CE,11.4,11.4,11.25,11.25,9500,18
2026-09-22 14:19:00,NATGASMINI,PE,260.0,NATGASMINI23SEP26260PE,0.45,0.45,0.45,0.45,0,18
2026-09-22 14:19:00,NATGASMINI,CE,265.0,NATGASMINI23SEP26265CE,7.25,7.3,7.25,7.25,5500,18
2026-09-22 14:19:00,NATGASMINI,PE,265.0,NATGASMINI23SEP26265PE,1.35,1.4,1.3,1.4,43000,18
2026-09-22 14:19:00,NATGASMINI,CE,270.0,NATGASMINI23SEP26270CE,4.1,4.15,4.0,4.05,68250,18
2026-09-22 14:19:00,NATGASMINI,PE,270.0,NATGASMINI23SEP26270PE,3.2,3.3,3.2,3.25,62250,18
2026-09-22 14:19:00,NATGASMINI,CE,275.0,NATGASMINI23SEP26275CE,2.15,2.2,2.15,2.15,184250,18
2026-09-22 14:19:00,NATGASMINI,PE,275.0,NATGASMINI23SEP26275PE,6.3,6.4,6.3,6.35,47500,18
2026-09-22 14:19:00,NATGASMINI,CE,280.0,NATGASMINI23SEP26280CE,1.0,1.0,0.95,1.0,78500,18
2026-09-22 14:19:00,NATGASMINI,PE,280.0,NATGASMINI23SEP26280PE,10.15,10.25,10.15,10.2,2250,18
2026-09-22 14:19:00,NATGASMINI,CE,285.0,NATGASMINI23SEP26285CE,0.55,0.55,0.5,0.55,13250,18
2026-09-22 14:19:00,NATGASMINI,PE,285.0,NATGASMINI23SEP26285PE,14.6,14.7,14.6,14.7,250,18
2026-09-22 14:19:00,NATGASMINI,CE,290.0,NATGASMINI23SEP26290CE,0.25,0.3,0.25,0.25,2500,18
2026-09-22 14:19:00,NATGASMINI,PE,290.0,NATGASMINI23SEP26290PE,19.4,19.5,19.4,19.5,1750,18
2026-09-22 14:19:00,NATGASMINI,CE,295.0,NATGASMINI23SEP26295CE,0.15,0.15,0.15,0.15,250,18
2026-09-22 14:19:00,NATGASMINI,PE,295.0,NATGASMINI23SEP26295PE,23.7,24.3,23.7,24.3,250,18
2026-09-22 14:19:00,NATGASMINI,CE,300.0,NATGASMINI23SEP26300CE,0.1,0.1,0.1,0.1,0,18
2026-09-22 14:19:00,NATGASMINI,PE,300.0,NATGASMINI23SEP26300PE,29.0,29.0,29.0,29.0,0,18
2026-09-22 14:20:00,NATURALGAS,FUT,0.0,NATURALGAS25SEP26FUT,270.8,270.8,270.6,270.6,113750,18
2026-09-22 14:20:00,NATURALGAS,CE,240.0,NATURALGAS23SEP26240CE,33.1,33.1,33.1,33.1,0,18
2026-09-22 14:20:00,NATURALGAS,PE,240.0,NATURALGAS23SEP26240PE,0.1,0.1,0.1,0.1,0,18
2026-09-22 14:20:00,NATURALGAS,CE,245.0,NATURALGAS23SEP26245CE,27.55,27.55,27.55,27.55,0,18
2026-09-22 14:20:00,NATURALGAS,PE,245.0,NATURALGAS23SEP26245PE,0.05,0.05,0.05,0.05,0,18
2026-09-22 14:20:00,NATURALGAS,CE,250.0,NATURALGAS23SEP26250CE,20.8,20.8,20.8,20.8,0,18
2026-09-22 14:20:00,NATURALGAS,PE,250.0,NATURALGAS23SEP26250PE,0.1,0.1,0.1,0.1,1250,18
2026-09-22 14:20:00,NATURALGAS,CE,255.0,NATURALGAS23SEP26255CE,15.9,15.9,15.75,15.75,11250,18
2026-09-22 14:20:00,NATURALGAS,PE,255.0,NATURALGAS23SEP26255PE,0.15,0.15,0.15,0.15,8750,18
2026-09-22 14:20:00,NATURALGAS,CE,260.0,NATURALGAS23SEP26260CE,11.2,11.2,11.1,11.15,55000,18
2026-09-22 14:20:00,NATURALGAS,PE,260.0,NATURALGAS23SEP26260PE,0.5,0.5,0.45,0.5,367500,18
2026-09-22 14:20:00,NATURALGAS,CE,265.0,NATURALGAS23SEP26265CE,7.2,7.2,7.1,7.1,101250,18
2026-09-22 14:20:00,NATURALGAS,PE,265.0,NATURALGAS23SEP26265PE,1.4,1.5,1.4,1.5,315000,18
2026-09-22 14:20:00,NATURALGAS,CE,270.0,NATURALGAS23SEP26270CE,4.0,4.05,3.95,3.95,320000,18
2026-09-22 14:20:00,NATURALGAS,PE,270.0,NATURALGAS23SEP26270PE,3.35,3.45,3.3,3.4,352500,18
2026-09-22 14:20:00,NATURALGAS,CE,275.0,NATURALGAS23SEP26275CE,2.1,2.15,2.1,2.1,258750,18
2026-09-22 14:20:00,NATURALGAS,PE,275.0,NATURALGAS23SEP26275PE,6.4,6.55,6.4,6.55,142500,18
2026-09-22 14:20:00,NATURALGAS,CE,280.0,NATURALGAS23SEP26280CE,1.0,1.0,0.95,0.95,350000,18
2026-09-22 14:20:00,NATURALGAS,PE,280.0,NATURALGAS23SEP26280PE,10.3,10.5,10.3,10.45,120000,18
2026-09-22 14:20:00,NATURALGAS,CE,285.0,NATURALGAS23SEP26285CE,0.5,0.5,0.45,0.45,56250,18
2026-09-22 14:20:00,NATURALGAS,PE,285.0,NATURALGAS23SEP26285PE,14.75,14.8,14.75,14.8,1250,18
2026-09-22 14:20:00,NATURALGAS,CE,290.0,NATURALGAS23SEP26290CE,0.25,0.25,0.2,0.25,125000,18
2026-09-22 14:20:00,NATURALGAS,PE,290.0,NATURALGAS23SEP26290PE,19.45,19.7,19.45,19.65,10000,18
2026-09-22 14:20:00,NATURALGAS,CE,295.0,NATURALGAS23SEP26295CE,0.1,0.1,0.1,0.1,0,18
2026-09-22 14:20:00,NATURALGAS,PE,295.0,NATURALGAS23SEP26295PE,24.3,24.5,24.3,24.5,15000,18
2026-09-22 14:20:00,NATURALGAS,CE,300.0,NATURALGAS23SEP26300CE,0.15,0.15,0.1,0.1,150000,18
2026-09-22 14:20:00,NATURALGAS,PE,300.0,NATURALGAS23SEP26300PE,29.4,29.4,29.4,29.4,2500,18
2026-09-22 14:20:00,NATGASMINI,FUT,0.0,NATGASMINI25SEP26FUT,270.8,270.9,270.7,270.7,27500,18
2026-09-22 14:20:00,NATGASMINI,CE,240.0,NATGASMINI23SEP26240CE,33.25,33.25,33.25,33.25,0,18
2026-09-22 14:20:00,NATGASMINI,PE,240.0,NATGASMINI23SEP26240PE,0.1,0.1,0.1,0.1,3750,18
2026-09-22 14:20:00,NATGASMINI,CE,245.0,NATGASMINI23SEP26245CE,30.4,30.4,30.4,30.4,0,18
2026-09-22 14:20:00,NATGASMINI,PE,245.0,NATGASMINI23SEP26245PE,0.1,0.1,0.1,0.1,0,18
2026-09-22 14:20:00,NATGASMINI,CE,250.0,NATGASMINI23SEP26250CE,20.7,20.75,20.7,20.75,250,18
2026-09-22 14:20:00,NATGASMINI,PE,250.0,NATGASMINI23SEP26250PE,0.1,0.1,0.1,0.1,0,18
2026-09-22 14:20:00,NATGASMINI,CE,255.0,NATGASMINI23SEP26255CE,16.05,16.05,15.8,15.8,500,18
2026-09-22 14:20:00,NATGASMINI,PE,255.0,NATGASMINI23SEP26255PE,0.15,0.15,0.15,0.15,0,18
2026-09-22 14:20:00,NATGASMINI,CE,260.0,NATGASMINI23SEP26260CE,11.25,11.25,11.15,11.2,11750,18
2026-09-22 14:20:00,NATGASMINI,PE,260.0,NATGASMINI23SEP26260PE,0.45,0.5,0.45,0.5,1250,18
2026-09-22 14:20:00,NATGASMINI,CE,265.0,NATGASMINI23SEP26265CE,7.15,7.2,7.05,7.05,21250,18
2026-09-22 14:20:00,NATGASMINI,PE,265.0,NATGASMINI23SEP26265PE,1.4,1.45,1.4,1.45,40500,18
2026-09-22 14:20:00,NATGASMINI,CE,270.0,NATGASMINI23SEP26270CE,4.05,4.05,3.95,3.95,94500,18
2026-09-22 14:20:00,NATGASMINI,PE,270.0,NATGASMINI23SEP26270PE,3.25,3.4,3.25,3.35,64000,18
2026-09-22 14:20:00,NATGASMINI,CE,275.0,NATGASMINI23SEP26275CE,2.15,2.15,2.1,2.1,260750,18
2026-09-22 14:20:00,NATGASMINI,PE,275.0,NATGASMINI23SEP26275PE,6.4,6.55,6.35,6.55,40250,18
2026-09-22 14:20:00,NATGASMINI,CE,280.0,NATGASMINI23SEP26280CE,1.0,1.0,0.95,0.95,14000,18
2026-09-22 14:20:00,NATGASMINI,PE,280.0,NATGASMINI23SEP26280PE,10.25,10.45,10.25,10.45,14000,18
2026-09-22 14:20:00,NATGASMINI,CE,285.0,NATGASMINI23SEP26285CE,0.5,0.55,0.5,0.5,4250,18
2026-09-22 14:20:00,NATGASMINI,PE,285.0,NATGASMINI23SEP26285PE,14.7,14.85,14.7,14.85,2750,18
2026-09-22 14:20:00,NATGASMINI,CE,290.0,NATGASMINI23SEP26290CE,0.25,0.25,0.25,0.25,14000,18
2026-09-22 14:20:00,NATGASMINI,PE,290.0,NATGASMINI23SEP26290PE,19.4,19.5,19.4,19.5,250,18
2026-09-22 14:20:00,NATGASMINI,CE,295.0,NATGASMINI23SEP26295CE,0.15,0.15,0.15,0.15,7250,18
2026-09-22 14:20:00,NATGASMINI,PE,295.0,NATGASMINI23SEP26295PE,24.3,24.3,24.3,24.3,0,18
2026-09-22 14:20:00,NATGASMINI,CE,300.0,NATGASMINI23SEP26300CE,0.1,0.1,0.1,0.1,250,18
2026-09-22 14:20:00,NATGASMINI,PE,300.0,NATGASMINI23SEP26300PE,29.0,29.0,29.0,29.0,0,18
2026-09-22 14:21:00,NATURALGAS,FUT,0.0,NATURALGAS25SEP26FUT,270.6,270.6,270.6,270.6,12500,17
2026-09-22 14:21:00,NATURALGAS,CE,240.0,NATURALGAS23SEP26240CE,33.1,33.1,33.1,33.1,0,17
2026-09-22 14:21:00,NATURALGAS,PE,240.0,NATURALGAS23SEP26240PE,0.1,0.1,0.1,0.1,0,17
2026-09-22 14:21:00,NATURALGAS,CE,245.0,NATURALGAS23SEP26245CE,27.55,27.55,27.55,27.55,0,17
2026-09-22 14:21:00,NATURALGAS,PE,245.0,NATURALGAS23SEP26245PE,0.05,0.05,0.05,0.05,0,17
2026-09-22 14:21:00,NATURALGAS,CE,250.0,NATURALGAS23SEP26250CE,20.8,20.8,20.8,20.8,0,17
2026-09-22 14:21:00,NATURALGAS,PE,250.0,NATURALGAS23SEP26250PE,0.1,0.1,0.1,0.1,0,17
2026-09-22 14:21:00,NATURALGAS,CE,255.0,NATURALGAS23SEP26255CE,15.75,15.75,15.75,15.75,0,17
2026-09-22 14:21:00,NATURALGAS,PE,255.0,NATURALGAS23SEP26255PE,0.15,0.15,0.15,0.15,0,17
2026-09-22 14:21:00,NATURALGAS,CE,260.0,NATURALGAS23SEP26260CE,11.15,11.15,11.05,11.15,15000,17
2026-09-22 14:21:00,NATURALGAS,PE,260.0,NATURALGAS23SEP26260PE,0.5,0.55,0.5,0.55,113750,17
2026-09-22 14:21:00,NATURALGAS,CE,265.0,NATURALGAS23SEP26265CE,7.1,7.15,7.0,7.15,77500,17
2026-09-22 14:21:00,NATURALGAS,PE,265.0,NATURALGAS23SEP26265PE,1.5,1.5,1.45,1.45,156250,17
2026-09-22 14:21:00,NATURALGAS,CE,270.0,NATURALGAS23SEP26270CE,3.95,4.05,3.95,4.05,130000,17
2026-09-22 14:21:00,NATURALGAS,PE,270.0,NATURALGAS23SEP26270PE,3.45,3.5,3.35,3.35,411250,17
2026-09-22 14:21:00,NATURALGAS,CE,275.0,NATURALGAS23SEP26275CE,2.1,2.15,2.1,2.1,236250,17
2026-09-22 14:21:00,NATURALGAS,PE,275.0,NATURALGAS23SEP26275PE,6.55,6.55,6.45,6.45,70000,17
2026-09-22 14:21:00,NATURALGAS,CE,280.0,NATURALGAS23SEP26280CE,0.95,1.0,0.95,0.95,186250,17
2026-09-22 14:21:00,NATURALGAS,PE,280.0,NATURALGAS23SEP26280PE,10.45,10.5,10.3,10.35,101250,17
2026-09-22 14:21:00,NATURALGAS,CE,285.0,NATURALGAS23SEP26285CE,0.45,0.5,0.45,0.45,76250,17
2026-09-22 14:21:00,NATURALGAS,PE,285.0,NATURALGAS23SEP26285PE,14.8,14.85,14.8,14.8,5000,17
2026-09-22 14:21:00,NATURALGAS,CE,290.0,NATURALGAS23SEP26290CE,0.25,0.25,0.2,0.2,80000,17
2026-09-22 14:21:00,NATURALGAS,PE,290.0,NATURALGAS23SEP26290PE,19.65,19.65,19.65,19.65,0,17
2026-09-22 14:21:00,NATURALGAS,CE,295.0,NATURALGAS23SEP26295CE,0.1,0.15,0.1,0.15,3750,17
2026-09-22 14:21:00,NATURALGAS,PE,295.0,NATURALGAS23SEP26295PE,24.5,24.5,24.5,24.5,0,17
2026-09-22 14:21:00,NATURALGAS,CE,300.0,NATURALGAS23SEP26300CE,0.1,0.1,0.1,0.1,62500,17
2026-09-22 14:21:00,NATURALGAS,PE,300.0,NATURALGAS23SEP26300PE,29.4,29.4,29.4,29.4,0,17
2026-09-22 14:21:00,NATGASMINI,FUT,0.0,NATGASMINI25SEP26FUT,270.6,270.8,270.6,270.8,28250,17
2026-09-22 14:21:00,NATGASMINI,CE,240.0,NATGASMINI23SEP26240CE,33.25,33.25,33.25,33.25,0,17
2026-09-22 14:21:00,NATGASMINI,PE,240.0,NATGASMINI23SEP26240PE,0.1,0.1,0.1,0.1,0,17
2026-09-22 14:21:00,NATGASMINI,CE,245.0,NATGASMINI23SEP26245CE,30.4,30.4,30.4,30.4,0,17
2026-09-22 14:21:00,NATGASMINI,PE,245.0,NATGASMINI23SEP26245PE,0.1,0.1,0.1,0.1,0,17
2026-09-22 14:21:00,NATGASMINI,CE,250.0,NATGASMINI23SEP26250CE,20.75,20.75,20.75,20.75,500,17
2026-09-22 14:21:00,NATGASMINI,PE,250.0,NATGASMINI23SEP26250PE,0.1,0.1,0.1,0.1,0,17
2026-09-22 14:21:00,NATGASMINI,CE,255.0,NATGASMINI23SEP26255CE,15.75,15.9,15.75,15.9,1250,17
2026-09-22 14:21:00,NATGASMINI,PE,255.0,NATGASMINI23SEP26255PE,0.15,0.15,0.15,0.15,0,17
2026-09-22 14:21:00,NATGASMINI,CE,260.0,NATGASMINI23SEP26260CE,11.2,11.2,11.05,11.2,7750,17
2026-09-22 14:21:00,NATGASMINI,PE,260.0,NATGASMINI23SEP26260PE,0.5,0.5,0.45,0.5,1500,17
2026-09-22 14:21:00,NATGASMINI,CE,265.0,NATGASMINI23SEP26265CE,7.1,7.15,7.0,7.1,4000,17
2026-09-22 14:21:00,NATGASMINI,PE,265.0,NATGASMINI23SEP26265PE,1.45,1.45,1.4,1.45,38750,17
2026-09-22 14:21:00,NATGASMINI,CE,270.0,NATGASMINI23SEP26270CE,3.95,4.0,3.9,4.0,57250,17
2026-09-22 14:21:00,NATGASMINI,PE,270.0,NATGASMINI23SEP26270PE,3.35,3.4,3.35,3.35,100000,17
2026-09-22 14:21:00,NATGASMINI,CE,275.0,NATGASMINI23SEP26275CE,2.15,2.15,2.1,2.15,96000,17
2026-09-22 14:21:00,NATGASMINI,PE,275.0,NATGASMINI23SEP26275PE,6.5,6.55,6.45,6.45,38000,17
2026-09-22 14:21:00,NATGASMINI,CE,280.0,NATGASMINI23SEP26280CE,0.95,1.0,0.95,1.0,105250,17
2026-09-22 14:21:00,NATGASMINI,PE,280.0,NATGASMINI23SEP26280PE,10.45,10.45,10.3,10.3,15000,17
2026-09-22 14:21:00,NATGASMINI,CE,285.0,NATGASMINI23SEP26285CE,0.5,0.55,0.5,0.5,32750,17
2026-09-22 14:21:00,NATGASMINI,PE,285.0,NATGASMINI23SEP26285PE,14.85,14.9,14.8,14.8,6000,17
2026-09-22 14:21:00,NATGASMINI,CE,290.0,NATGASMINI23SEP26290CE,0.25,0.3,0.25,0.25,387250,17
2026-09-22 14:21:00,NATGASMINI,PE,290.0,NATGASMINI23SEP26290PE,19.5,19.5,19.5,19.5,0,17
2026-09-22 14:21:00,NATGASMINI,CE,295.0,NATGASMINI23SEP26295CE,0.15,0.15,0.1,0.1,250,17
2026-09-22 14:21:00,NATGASMINI,PE,295.0,NATGASMINI23SEP26295PE,24.3,24.35,24.3,24.35,1000,17
2026-09-22 14:21:00,NATGASMINI,CE,300.0,NATGASMINI23SEP26300CE,0.1,0.1,0.1,0.1,250,17
2026-09-22 14:21:00,NATGASMINI,PE,300.0,NATGASMINI23SEP26300PE,29.0,29.0,29.0,29.0,0,17
2026-09-22 14:22:00,NATURALGAS,FUT,0.0,NATURALGAS25SEP26FUT,270.7,270.8,270.7,270.8,21250,18
2026-09-22 14:22:00,NATURALGAS,CE,240.0,NATURALGAS23SEP26240CE,33.1,33.1,33.1,33.1,0,18
2026-09-22 14:22:00,NATURALGAS,PE,240.0,NATURALGAS23SEP26240PE,0.1,0.1,0.1,0.1,0,18
2026-09-22 14:22:00,NATURALGAS,CE,245.0,NATURALGAS23SEP26245CE,27.55,27.55,27.55,27.55,0,18
2026-09-22 14:22:00,NATURALGAS,PE,245.0,NATURALGAS23SEP26245PE,0.05,0.05,0.05,0.05,0,18
2026-09-22 14:22:00,NATURALGAS,CE,250.0,NATURALGAS23SEP26250CE,20.8,20.8,20.7,20.7,1250,18
2026-09-22 14:22:00,NATURALGAS,PE,250.0,NATURALGAS23SEP26250PE,0.1,0.1,0.1,0.1,0,18
2026-09-22 14:22:00,NATURALGAS,CE,255.0,NATURALGAS23SEP26255CE,15.75,15.75,15.75,15.75,0,18
2026-09-22 14:22:00,NATURALGAS,PE,255.0,NATURALGAS23SEP26255PE,0.15,0.15,0.15,0.15,0,18
2026-09-22 14:22:00,NATURALGAS,CE,260.0,NATURALGAS23SEP26260CE,11.3,11.3,11.2,11.3,13750,18
2026-09-22 14:22:00,NATURALGAS,PE,260.0,NATURALGAS23SEP26260PE,0.5,0.55,0.5,0.5,152500,18
2026-09-22 14:22:00,NATURALGAS,CE,265.0,NATURALGAS23SEP26265CE,7.15,7.25,7.15,7.2,37500,18
2026-09-22 14:22:00,NATURALGAS,PE,265.0,NATURALGAS23SEP26265PE,1.45,1.5,1.45,1.45,70000,18
2026-09-22 14:22:00,NATURALGAS,CE,270.0,NATURALGAS23SEP26270CE,4.05,4.1,4.05,4.05,397500,18
2026-09-22 14:22:00,NATURALGAS,PE,270.0,NATURALGAS23SEP26270PE,3.35,3.4,3.35,3.35,511250,18
2026-09-22 14:22:00,NATURALGAS,CE,275.0,NATURALGAS23SEP26275CE,2.15,2.2,2.1,2.2,147500,18
2026-09-22 14:22:00,NATURALGAS,PE,275.0,NATURALGAS23SEP26275PE,6.45,6.5,6.4,6.4,117500,18
2026-09-22 14:22:00,NATURALGAS,CE,280.0,NATURALGAS23SEP26280CE,1.0,1.0,0.95,1.0,236250,18
2026-09-22 14:22:00,NATURALGAS,PE,280.0,NATURALGAS23SEP26280PE,10.3,10.4,10.3,10.3,68750,18
2026-09-22 14:22:00,NATURALGAS,CE,285.0,NATURALGAS23SEP26285CE,0.45,0.5,0.45,0.45,157500,18
2026-09-22 14:22:00,NATURALGAS,PE,285.0,NATURALGAS23SEP26285PE,14.8,14.8,14.7,14.75,5000,18
2026-09-22 14:22:00,NATURALGAS,CE,290.0,NATURALGAS23SEP26290CE,0.2,0.25,0.2,0.25,145000,18
2026-09-22 14:22:00,NATURALGAS,PE,290.0,NATURALGAS23SEP26290PE,19.65,19.65,19.45,19.5,6250,18
2026-09-22 14:22:00,NATURALGAS,CE,295.0,NATURALGAS23SEP26295CE,0.15,0.15,0.15,0.15,5000,18
2026-09-22 14:22:00,NATURALGAS,PE,295.0,NATURALGAS23SEP26295PE,24.5,24.5,24.5,24.5,0,18
2026-09-22 14:22:00,NATURALGAS,CE,300.0,NATURALGAS23SEP26300CE,0.1,0.15,0.1,0.15,62500,18
2026-09-22 14:22:00,NATURALGAS,PE,300.0,NATURALGAS23SEP26300PE,29.4,29.4,29.4,29.4,0,18
2026-09-22 14:22:00,NATGASMINI,FUT,0.0,NATGASMINI25SEP26FUT,270.8,270.9,270.7,270.8,11750,18
2026-09-22 14:22:00,NATGASMINI,CE,240.0,NATGASMINI23SEP26240CE,33.25,33.25,33.25,33.25,0,18
2026-09-22 14:22:00,NATGASMINI,PE,240.0,NATGASMINI23SEP26240PE,0.1,0.1,0.1,0.1,0,18
2026-09-22 14:22:00,NATGASMINI,CE,245.0,NATGASMINI23SEP26245CE,30.4,30.4,30.4,30.4,0,18
2026-09-22 14:22:00,NATGASMINI,PE,245.0,NATGASMINI23SEP26245PE,0.1,0.1,0.1,0.1,0,18
2026-09-22 14:22:00,NATGASMINI,CE,250.0,NATGASMINI23SEP26250CE,20.75,20.75,20.75,20.75,0,18
2026-09-22 14:22:00,NATGASMINI,PE,250.0,NATGASMINI23SEP26250PE,0.1,0.1,0.1,0.1,144000,18
2026-09-22 14:22:00,NATGASMINI,CE,255.0,NATGASMINI23SEP26255CE,15.9,15.9,15.9,15.9,2000,18
2026-09-22 14:22:00,NATGASMINI,PE,255.0,NATGASMINI23SEP26255PE,0.15,0.15,0.15,0.15,0,18
2026-09-22 14:22:00,NATGASMINI,CE,260.0,NATGASMINI23SEP26260CE,11.3,11.3,11.25,11.25,1000,18
2026-09-22 14:22:00,NATGASMINI,PE,260.0,NATGASMINI23SEP26260PE,0.5,0.5,0.45,0.45,12000,18
2026-09-22 14:22:00,NATGASMINI,CE,265.0,NATGASMINI23SEP26265CE,7.15,7.3,7.15,7.25,10500,18
2026-09-22 14:22:00,NATGASMINI,PE,265.0,NATGASMINI23SEP26265PE,1.45,1.45,1.4,1.4,44750,18
2026-09-22 14:22:00,NATGASMINI,CE,270.0,NATGASMINI23SEP26270CE,4.05,4.1,3.95,4.1,40500,18
2026-09-22 14:22:00,NATGASMINI,PE,270.0,NATGASMINI23SEP26270PE,3.3,3.4,3.3,3.3,86500,18
2026-09-22 14:22:00,NATGASMINI,CE,275.0,NATGASMINI23SEP26275CE,2.15,2.25,2.15,2.2,78250,18
2026-09-22 14:22:00,NATGASMINI,PE,275.0,NATGASMINI23SEP26275PE,6.35,6.45,6.35,6.35,26750,18
2026-09-22 14:22:00,NATGASMINI,CE,280.0,NATGASMINI23SEP26280CE,1.0,1.0,0.95,0.95,63750,18
2026-09-22 14:22:00,NATGASMINI,PE,280.0,NATGASMINI23SEP26280PE,10.25,10.35,10.2,10.2,10750,18
2026-09-22 14:22:00,NATGASMINI,CE,285.0,NATGASMINI23SEP26285CE,0.5,0.5,0.5,0.5,40750,18
2026-09-22 14:22:00,NATGASMINI,PE,285.0,NATGASMINI23SEP26285PE,14.8,14.8,14.65,14.65,1500,18
2026-09-22 14:22:00,NATGASMINI,CE,290.0,NATGASMINI23SEP26290CE,0.25,0.25,0.2,0.2,43000,18
2026-09-22 14:22:00,NATGASMINI,PE,290.0,NATGASMINI23SEP26290PE,19.5,19.5,19.45,19.45,1500,18
2026-09-22 14:22:00,NATGASMINI,CE,295.0,NATGASMINI23SEP26295CE,0.1,0.1,0.1,0.1,0,18
2026-09-22 14:22:00,NATGASMINI,PE,295.0,NATGASMINI23SEP26295PE,24.35,24.35,24.35,24.35,0,18
2026-09-22 14:22:00,NATGASMINI,CE,300.0,NATGASMINI23SEP26300CE,0.1,0.1,0.1,0.1,0,18
2026-09-22 14:22:00,NATGASMINI,PE,300.0,NATGASMINI23SEP26300PE,29.0,29.0,29.0,29.0,0,18
2026-09-22 14:23:00,NATURALGAS,FUT,0.0,NATURALGAS25SEP26FUT,270.8,270.9,270.8,270.8,11250,18
2026-09-22 14:23:00,NATURALGAS,CE,240.0,NATURALGAS23SEP26240CE,33.1,33.1,33.1,33.1,0,18
2026-09-22 14:23:00,NATURALGAS,PE,240.0,NATURALGAS23SEP26240PE,0.1,0.1,0.1,0.1,0,18
2026-09-22 14:23:00,NATURALGAS,CE,245.0,NATURALGAS23SEP26245CE,27.55,27.55,27.55,27.55,0,18
2026-09-22 14:23:00,NATURALGAS,PE,245.0,NATURALGAS23SEP26245PE,0.05,0.05,0.05,0.05,0,18
2026-09-22 14:23:00,NATURALGAS,CE,250.0,NATURALGAS23SEP26250CE,20.7,20.9,20.7,20.9,2500,18
2026-09-22 14:23:00,NATURALGAS,PE,250.0,NATURALGAS23SEP26250PE,0.1,0.1,0.1,0.1,0,18
2026-09-22 14:23:00,NATURALGAS,CE,255.0,NATURALGAS23SEP26255CE,15.75,15.8,15.75,15.8,1250,18
2026-09-22 14:23:00,NATURALGAS,PE,255.0,NATURALGAS23SEP26255PE,0.15,0.15,0.15,0.15,0,18
2026-09-22 14:23:00,NATURALGAS,CE,260.0,NATURALGAS23SEP26260CE,11.3,11.35,11.25,11.35,12500,18
2026-09-22 14:23:00,NATURALGAS,PE,260.0,NATURALGAS23SEP26260PE,0.5,0.55,0.5,0.55,61250,18
2026-09-22 14:23:00,NATURALGAS,CE,265.0,NATURALGAS23SEP26265CE,7.25,7.3,7.15,7.3,47500,18
2026-09-22 14:23:00,NATURALGAS,PE,265.0,NATURALGAS23SEP26265PE,1.45,1.45,1.4,1.4,90000,18
2026-09-22 14:23:00,NATURALGAS,CE,270.0,NATURALGAS23SEP26270CE,4.15,4.15,4.1,4.1,342500,18
2026-09-22 14:23:00,NATURALGAS,PE,270.0,NATURALGAS23SEP26270PE,3.35,3.4,3.3,3.3,565000,18
2026-09-22 14:23:00,NATURALGAS,CE,275.0,NATURALGAS23SEP26275CE,2.2,2.25,2.15,2.2,571250,18
2026-09-22 14:23:00,NATURALGAS,PE,275.0,NATURALGAS23SEP26275PE,6.45,6.45,6.35,6.4,100000,18
2026-09-22 14:23:00,NATURALGAS,CE,280.0,NATURALGAS23SEP26280CE,1.0,1.05,0.95,1.05,1680000,18
2026-09-22 14:23:00,NATURALGAS,PE,280.0,NATURALGAS23SEP26280PE,10.3,10.3,10.25,10.3,65000,18
2026-09-22 14:23:00,NATURALGAS,CE,285.0,NATURALGAS23SEP26285CE,0.45,0.5,0.45,0.5,38750,18
2026-09-22 14:23:00,NATURALGAS,PE,285.0,NATURALGAS23SEP26285PE,14.75,14.75,14.65,14.65,2500,18
2026-09-22 14:23:00,NATURALGAS,CE,290.0,NATURALGAS23SEP26290CE,0.25,0.25,0.2,0.2,52500,18
2026-09-22 14:23:00,NATURALGAS,PE,290.0,NATURALGAS23SEP26290PE,19.5,19.5,19.4,19.5,6250,18
2026-09-22 14:23:00,NATURALGAS,CE,295.0,NATURALGAS23SEP26295CE,0.15,0.15,0.1,0.1,65000,18
2026-09-22 14:23:00,NATURALGAS,PE,295.0,NATURALGAS23SEP26295PE,24.5,24.5,24.5,24.5,0,18
2026-09-22 14:23:00,NATURALGAS,CE,300.0,NATURALGAS23SEP26300CE,0.15,0.15,0.1,0.1,25000,18
2026-09-22 14:23:00,NATURALGAS,PE,300.0,NATURALGAS23SEP26300PE,29.4,29.4,29.3,29.3,2500,18
2026-09-22 14:23:00,NATGASMINI,FUT,0.0,NATGASMINI25SEP26FUT,270.8,271.0,270.8,270.8,23250,18
2026-09-22 14:23:00,NATGASMINI,CE,240.0,NATGASMINI23SEP26240CE,33.25,33.25,33.25,33.25,0,18
2026-09-22 14:23:00,NATGASMINI,PE,240.0,NATGASMINI23SEP26240PE,0.1,0.1,0.1,0.1,0,18
2026-09-22 14:23:00,NATGASMINI,CE,245.0,NATGASMINI23SEP26245CE,30.4,30.4,30.4,30.4,0,18
2026-09-22 14:23:00,NATGASMINI,PE,245.0,NATGASMINI23SEP26245PE,0.1,0.1,0.1,0.1,0,18
2026-09-22 14:23:00,NATGASMINI,CE,250.0,NATGASMINI23SEP26250CE,20.75,20.75,20.75,20.75,0,18
2026-09-22 14:23:00,NATGASMINI,PE,250.0,NATGASMINI23SEP26250PE,0.1,0.1,0.1,0.1,32000,18
2026-09-22 14:23:00,NATGASMINI,CE,255.0,NATGASMINI23SEP26255CE,15.9,15.9,15.9,15.9,0,18
2026-09-22 14:23:00,NATGASMINI,PE,255.0,NATGASMINI23SEP26255PE,0.15,0.15,0.15,0.15,0,18
2026-09-22 14:23:00,NATGASMINI,CE,260.0,NATGASMINI23SEP26260CE,11.25,11.35,11.25,11.35,15250,18
2026-09-22 14:23:00,NATGASMINI,PE,260.0,NATGASMINI23SEP26260PE,0.45,0.45,0.45,0.45,3250,18
2026-09-22 14:23:00,NATGASMINI,CE,265.0,NATGASMINI23SEP26265CE,7.25,7.3,7.15,7.3,9250,18
2026-09-22 14:23:00,NATGASMINI,PE,265.0,NATGASMINI23SEP26265PE,1.4,1.4,1.35,1.35,204500,18
2026-09-22 14:23:00,NATGASMINI,CE,270.0,NATGASMINI23SEP26270CE,4.1,4.15,4.05,4.15,42500,18
2026-09-22 14:23:00,NATGASMINI,PE,270.0,NATGASMINI23SEP26270PE,3.3,3.35,3.25,3.25,201500,18
2026-09-22 14:23:00,NATGASMINI,CE,275.0,NATGASMINI23SEP26275CE,2.25,2.25,2.2,2.2,159000,18
2026-09-22 14:23:00,NATGASMINI,PE,275.0,NATGASMINI23SEP26275PE,6.35,6.4,6.3,6.3,142250,18
2026-09-22 14:23:00,NATGASMINI,CE,280.0,NATGASMINI23SEP26280CE,0.95,1.05,0.95,1.05,227000,18
2026-09-22 14:23:00,NATGASMINI,PE,280.0,NATGASMINI23SEP26280PE,10.2,10.25,10.15,10.15,15000,18
2026-09-22 14:23:00,NATGASMINI,CE,285.0,NATGASMINI23SEP26285CE,0.5,0.55,0.5,0.5,149500,18
2026-09-22 14:23:00,NATGASMINI,PE,285.0,NATGASMINI23SEP26285PE,14.65,14.65,14.6,14.6,250,18
2026-09-22 14:23:00,NATGASMINI,CE,290.0,NATGASMINI23SEP26290CE,0.25,0.25,0.25,0.25,44750,18
2026-09-22 14:23:00,NATGASMINI,PE,290.0,NATGASMINI23SEP26290PE,19.45,19.45,19.35,19.35,1500,18
2026-09-22 14:23:00,NATGASMINI,CE,295.0,NATGASMINI23SEP26295CE,0.1,0.15,0.1,0.15,250,18
2026-09-22 14:23:00,NATGASMINI,PE,295.0,NATGASMINI23SEP26295PE,24.35,24.4,24.35,24.4,250,18
2026-09-22 14:23:00,NATGASMINI,CE,300.0,NATGASMINI23SEP26300CE,0.1,0.1,0.1,0.1,0,18
2026-09-22 14:23:00,NATGASMINI,PE,300.0,NATGASMINI23SEP26300PE,29.0,29.0,29.0,29.0,0,18
2026-09-22 14:24:00,NATURALGAS,FUT,0.0,NATURALGAS25SEP26FUT,270.8,271.0,270.8,271.0,65000,18
2026-09-22 14:24:00,NATURALGAS,CE,240.0,NATURALGAS23SEP26240CE,33.1,33.1,33.1,33.1,0,18
2026-09-22 14:24:00,NATURALGAS,PE,240.0,NATURALGAS23SEP26240PE,0.1,0.1,0.1,0.1,0,18
2026-09-22 14:24:00,NATURALGAS,CE,245.0,NATURALGAS23SEP26245CE,27.55,27.55,27.55,27.55,0,18
2026-09-22 14:24:00,NATURALGAS,PE,245.0,NATURALGAS23SEP26245PE,0.05,0.05,0.05,0.05,0,18
2026-09-22 14:24:00,NATURALGAS,CE,250.0,NATURALGAS23SEP26250CE,20.9,21.0,20.9,21.0,1250,18
2026-09-22 14:24:00,NATURALGAS,PE,250.0,NATURALGAS23SEP26250PE,0.1,0.1,0.1,0.1,0,18
2026-09-22 14:24:00,NATURALGAS,CE,255.0,NATURALGAS23SEP26255CE,15.8,15.8,15.8,15.8,0,18
2026-09-22 14:24:00,NATURALGAS,PE,255.0,NATURALGAS23SEP26255PE,0.15,0.2,0.15,0.2,100000,18
2026-09-22 14:24:00,NATURALGAS,CE,260.0,NATURALGAS23SEP26260CE,11.35,11.45,11.35,11.45,6250,18
2026-09-22 14:24:00,NATURALGAS,PE,260.0,NATURALGAS23SEP26260PE,0.5,0.55,0.5,0.5,93750,18
2026-09-22 14:24:00,NATURALGAS,CE,265.0,NATURALGAS23SEP26265CE,7.3,7.4,7.25,7.4,103750,18
2026-09-22 14:24:00,NATURALGAS,PE,265.0,NATURALGAS23SEP26265PE,1.4,1.45,1.4,1.4,425000,18
2026-09-22 14:24:00,NATURALGAS,CE,270.0,NATURALGAS23SEP26270CE,4.1,4.25,4.05,4.25,360000,18
2026-09-22 14:24:00,NATURALGAS,PE,270.0,NATURALGAS23SEP26270PE,3.3,3.4,3.25,3.25,372500,18
2026-09-22 14:24:00,NATURALGAS,CE,275.0,NATURALGAS23SEP26275CE,2.2,2.3,2.15,2.3,472500,18
2026-09-22 14:24:00,NATURALGAS,PE,275.0,NATURALGAS23SEP26275PE,6.4,6.4,6.2,6.25,120000,18
2026-09-22 14:24:00,NATURALGAS,CE,280.0,NATURALGAS23SEP26280CE,1.05,1.05,1.0,1.0,42500,18
2026-09-22 14:24:00,NATURALGAS,PE,280.0,NATURALGAS23SEP26280PE,10.3,10.3,10.0,10.0,50000,18
2026-09-22 14:24:00,NATURALGAS,CE,285.0,NATURALGAS23SEP26285CE,0.5,0.5,0.45,0.5,297500,18
2026-09-22 14:24:00,NATURALGAS,PE,285.0,NATURALGAS23SEP26285PE,14.65,14.7,14.45,14.45,53750,18
2026-09-22 14:24:00,NATURALGAS,CE,290.0,NATURALGAS23SEP26290CE,0.2,0.25,0.2,0.2,20000,18
2026-09-22 14:24:00,NATURALGAS,PE,290.0,NATURALGAS23SEP26290PE,19.5,19.5,19.45,19.45,2500,18
2026-09-22 14:24:00,NATURALGAS,CE,295.0,NATURALGAS23SEP26295CE,0.1,0.1,0.1,0.1,0,18
2026-09-22 14:24:00,NATURALGAS,PE,295.0,NATURALGAS23SEP26295PE,24.5,24.5,24.15,24.15,11250,18
2026-09-22 14:24:00,NATURALGAS,CE,300.0,NATURALGAS23SEP26300CE,0.1,0.1,0.1,0.1,911250,18
2026-09-22 14:24:00,NATURALGAS,PE,300.0,NATURALGAS23SEP26300PE,29.3,29.3,29.3,29.3,0,18
2026-09-22 14:24:00,NATGASMINI,FUT,0.0,NATGASMINI25SEP26FUT,270.8,271.1,270.8,271.1,25000,18
2026-09-22 14:24:00,NATGASMINI,CE,240.0,NATGASMINI23SEP26240CE,33.25,33.25,33.25,33.25,0,18
2026-09-22 14:24:00,NATGASMINI,PE,240.0,NATGASMINI23SEP26240PE,0.1,0.1,0.1,0.1,29500,18
2026-09-22 14:24:00,NATGASMINI,CE,245.0,NATGASMINI23SEP26245CE,30.4,30.4,30.4,30.4,0,18
2026-09-22 14:24:00,NATGASMINI,PE,245.0,NATGASMINI23SEP26245PE,0.1,0.1,0.1,0.1,0,18
2026-09-22 14:24:00,NATGASMINI,CE,250.0,NATGASMINI23SEP26250CE,20.75,20.75,20.75,20.75,0,18
2026-09-22 14:24:00,NATGASMINI,PE,250.0,NATGASMINI23SEP26250PE,0.1,0.1,0.1,0.1,0,18
2026-09-22 14:24:00,NATGASMINI,CE,255.0,NATGASMINI23SEP26255CE,15.9,16.25,15.9,16.25,3500,18
2026-09-22 14:24:00,NATGASMINI,PE,255.0,NATGASMINI23SEP26255PE,0.15,0.15,0.15,0.15,0,18
2026-09-22 14:24:00,NATGASMINI,CE,260.0,NATGASMINI23SEP26260CE,11.35,11.5,11.35,11.5,8000,18
2026-09-22 14:24:00,NATGASMINI,PE,260.0,NATGASMINI23SEP26260PE,0.45,0.5,0.45,0.45,1000,18
2026-09-22 14:24:00,NATGASMINI,CE,265.0,NATGASMINI23SEP26265CE,7.3,7.4,7.2,7.4,750,18
2026-09-22 14:24:00,NATGASMINI,PE,265.0,NATGASMINI23SEP26265PE,1.35,1.4,1.3,1.3,148750,18
2026-09-22 14:24:00,NATGASMINI,CE,270.0,NATGASMINI23SEP26270CE,4.1,4.25,4.1,4.25,67250,18
2026-09-22 14:24:00,NATGASMINI,PE,270.0,NATGASMINI23SEP26270PE,3.25,3.35,3.2,3.2,50750,18
2026-09-22 14:24:00,NATGASMINI,CE,275.0,NATGASMINI23SEP26275CE,2.25,2.35,2.2,2.35,172750,18
2026-09-22 14:24:00,NATGASMINI,PE,275.0,NATGASMINI23SEP26275PE,6.4,6.4,6.25,6.25,29250,18
2026-09-22 14:24:00,NATGASMINI,CE,280.0,NATGASMINI23SEP26280CE,1.05,1.05,1.0,1.05,74500,18
2026-09-22 14:24:00,NATGASMINI,PE,280.0,NATGASMINI23SEP26280PE,10.15,10.25,10.05,10.05,5750,18
2026-09-22 14:24:00,NATGASMINI,CE,285.0,NATGASMINI23SEP26285CE,0.5,0.5,0.5,0.5,0,18
2026-09-22 14:24:00,NATGASMINI,PE,285.0,NATGASMINI23SEP26285PE,14.6,14.6,14.6,14.6,1750,18
2026-09-22 14:24:00,NATGASMINI,CE,290.0,NATGASMINI23SEP26290CE,0.3,0.3,0.3,0.3,5000,18
2026-09-22 14:24:00,NATGASMINI,PE,290.0,NATGASMINI23SEP26290PE,19.35,19.35,19.2,19.2,2000,18
2026-09-22 14:24:00,NATGASMINI,CE,295.0,NATGASMINI23SEP26295CE,0.15,0.15,0.1,0.1,55000,18
2026-09-22 14:24:00,NATGASMINI,PE,295.0,NATGASMINI23SEP26295PE,24.4,24.4,24.05,24.05,500,18
2026-09-22 14:24:00,NATGASMINI,CE,300.0,NATGASMINI23SEP26300CE,0.1,0.1,0.1,0.1,0,18
2026-09-22 14:24:00,NATGASMINI,PE,300.0,NATGASMINI23SEP26300PE,29.0,29.0,29.0,29.0,0,18
2026-09-22 14:25:00,NATURALGAS,FUT,0.0,NATURALGAS25SEP26FUT,271.0,271.5,271.0,271.4,108750,18
2026-09-22 14:25:00,NATURALGAS,CE,240.0,NATURALGAS23SEP26240CE,33.1,33.1,33.1,33.1,0,18
2026-09-22 14:25:00,NATURALGAS,PE,240.0,NATURALGAS23SEP26240PE,0.1,0.1,0.1,0.1,0,18
2026-09-22 14:25:00,NATURALGAS,CE,245.0,NATURALGAS23SEP26245CE,27.55,27.55,27.55,27.55,0,18
2026-09-22 14:25:00,NATURALGAS,PE,245.0,NATURALGAS23SEP26245PE,0.05,0.05,0.05,0.05,0,18
2026-09-22 14:25:00,NATURALGAS,CE,250.0,NATURALGAS23SEP26250CE,21.0,21.5,21.0,21.5,1250,18
2026-09-22 14:25:00,NATURALGAS,PE,250.0,NATURALGAS23SEP26250PE,0.1,0.1,0.1,0.1,0,18
2026-09-22 14:25:00,NATURALGAS,CE,255.0,NATURALGAS23SEP26255CE,15.8,16.5,15.8,16.5,11250,18
2026-09-22 14:25:00,NATURALGAS,PE,255.0,NATURALGAS23SEP26255PE,0.2,0.2,0.15,0.15,7500,18
2026-09-22 14:25:00,NATURALGAS,CE,260.0,NATURALGAS23SEP26260CE,11.6,11.9,11.6,11.9,30000,18
2026-09-22 14:25:00,NATURALGAS,PE,260.0,NATURALGAS23SEP26260PE,0.5,0.5,0.45,0.45,552500,18
2026-09-22 14:25:00,NATURALGAS,CE,265.0,NATURALGAS23SEP26265CE,7.4,7.85,7.4,7.7,86250,18
2026-09-22 14:25:00,NATURALGAS,PE,265.0,NATURALGAS23SEP26265PE,1.4,1.4,1.3,1.3,361250,18
2026-09-22 14:25:00,NATURALGAS,CE,270.0,NATURALGAS23SEP26270CE,4.25,4.5,4.25,4.45,650000,18
2026-09-22 14:25:00,NATURALGAS,PE,270.0,NATURALGAS23SEP26270PE,3.25,3.25,3.05,3.1,408750,18
2026-09-22 14:25:00,NATURALGAS,CE,275.0,NATURALGAS23SEP26275CE,2.25,2.45,2.25,2.4,795000,18
2026-09-22 14:25:00,NATURALGAS,PE,275.0,NATURALGAS23SEP26275PE,6.15,6.15,5.9,6.0,578750,18
2026-09-22 14:25:00,NATURALGAS,CE,280.0,NATURALGAS23SEP26280CE,1.05,1.15,1.05,1.1,1931250,18
2026-09-22 14:25:00,NATURALGAS,PE,280.0,NATURALGAS23SEP26280PE,10.0,10.0,9.7,9.75,163750,18
2026-09-22 14:25:00,NATURALGAS,CE,285.0,NATURALGAS23SEP26285CE,0.5,0.55,0.5,0.55,1236250,18
2026-09-22 14:25:00,NATURALGAS,PE,285.0,NATURALGAS23SEP26285PE,14.4,14.4,14.0,14.0,22500,18
2026-09-22 14:25:00,NATURALGAS,CE,290.0,NATURALGAS23SEP26290CE,0.2,0.25,0.2,0.25,2352500,18
2026-09-22 14:25:00,NATURALGAS,PE,290.0,NATURALGAS23SEP26290PE,19.45,19.45,18.95,18.95,30000,18
2026-09-22 14:25:00,NATURALGAS,CE,295.0,NATURALGAS23SEP26295CE,0.1,0.15,0.1,0.15,56250,18
2026-09-22 14:25:00,NATURALGAS,PE,295.0,NATURALGAS23SEP26295PE,24.15,24.15,24.0,24.0,1250,18
2026-09-22 14:25:00,NATURALGAS,CE,300.0,NATURALGAS23SEP26300CE,0.1,0.1,0.1,0.1,211250,18
2026-09-22 14:25:00,NATURALGAS,PE,300.0,NATURALGAS23SEP26300PE,29.3,29.3,29.3,29.3,0,18
2026-09-22 14:25:00,NATGASMINI,FUT,0.0,NATGASMINI25SEP26FUT,271.1,271.6,271.1,271.6,40000,18
2026-09-22 14:25:00,NATGASMINI,CE,240.0,NATGASMINI23SEP26240CE,33.25,33.25,33.25,33.25,0,18
2026-09-22 14:25:00,NATGASMINI,PE,240.0,NATGASMINI23SEP26240PE,0.1,0.1,0.1,0.1,0,18
2026-09-22 14:25:00,NATGASMINI,CE,245.0,NATGASMINI23SEP26245CE,30.4,30.4,30.4,30.4,0,18
2026-09-22 14:25:00,NATGASMINI,PE,245.0,NATGASMINI23SEP26245PE,0.1,0.1,0.1,0.1,0,18
2026-09-22 14:25:00,NATGASMINI,CE,250.0,NATGASMINI23SEP26250CE,20.75,20.75,20.75,20.75,0,18
2026-09-22 14:25:00,NATGASMINI,PE,250.0,NATGASMINI23SEP26250PE,0.1,0.1,0.1,0.1,0,18
2026-09-22 14:25:00,NATGASMINI,CE,255.0,NATGASMINI23SEP26255CE,16.25,16.3,16.25,16.3,250,18
2026-09-22 14:25:00,NATGASMINI,PE,255.0,NATGASMINI23SEP26255PE,0.15,0.15,0.15,0.15,0,18
2026-09-22 14:25:00,NATGASMINI,CE,260.0,NATGASMINI23SEP26260CE,11.5,12.0,11.5,11.95,6500,18
2026-09-22 14:25:00,NATGASMINI,PE,260.0,NATGASMINI23SEP26260PE,0.45,0.5,0.4,0.4,100250,18
2026-09-22 14:25:00,NATGASMINI,CE,265.0,NATGASMINI23SEP26265CE,7.4,7.9,7.4,7.85,30000,18
2026-09-22 14:25:00,NATGASMINI,PE,265.0,NATGASMINI23SEP26265PE,1.3,1.35,1.25,1.25,7500,18
2026-09-22 14:25:00,NATGASMINI,CE,270.0,NATGASMINI23SEP26270CE,4.25,4.55,4.25,4.5,91500,18
2026-09-22 14:25:00,NATGASMINI,PE,270.0,NATGASMINI23SEP26270PE,3.2,3.2,3.0,3.0,116250,18
2026-09-22 14:25:00,NATGASMINI,CE,275.0,NATGASMINI23SEP26275CE,2.35,2.5,2.35,2.45,317750,18
2026-09-22 14:25:00,NATGASMINI,PE,275.0,NATGASMINI23SEP26275PE,6.2,6.2,5.9,6.0,127750,18
2026-09-22 14:25:00,NATGASMINI,CE,280.0,NATGASMINI23SEP26280CE,1.05,1.15,1.05,1.15,163750,18
2026-09-22 14:25:00,NATGASMINI,PE,280.0,NATGASMINI23SEP26280PE,10.0,10.0,9.65,9.75,21500,18
2026-09-22 14:25:00,NATGASMINI,CE,285.0,NATGASMINI23SEP26285CE,0.55,0.55,0.55,0.55,315000,18
2026-09-22 14:25:00,NATGASMINI,PE,285.0,NATGASMINI23SEP26285PE,14.4,14.4,14.0,14.05,2250,18
2026-09-22 14:25:00,NATGASMINI,CE,290.0,NATGASMINI23SEP26290CE,0.3,0.3,0.3,0.3,0,18
2026-09-22 14:25:00,NATGASMINI,PE,290.0,NATGASMINI23SEP26290PE,19.2,19.2,18.75,18.75,1750,18
2026-09-22 14:25:00,NATGASMINI,CE,295.0,NATGASMINI23SEP26295CE,0.1,0.15,0.1,0.15,1500,18
2026-09-22 14:25:00,NATGASMINI,PE,295.0,NATGASMINI23SEP26295PE,24.05,24.05,23.6,23.6,500,18
2026-09-22 14:25:00,NATGASMINI,CE,300.0,NATGASMINI23SEP26300CE,0.1,0.1,0.1,0.1,0,18
2026-09-22 14:25:00,NATGASMINI,PE,300.0,NATGASMINI23SEP26300PE,29.0,29.0,29.0,29.0,0,18
2026-09-22 14:26:00,NATURALGAS,FUT,0.0,NATURALGAS25SEP26FUT,271.5,271.6,271.4,271.5,63750,18
2026-09-22 14:26:00,NATURALGAS,CE,240.0,NATURALGAS23SEP26240CE,33.1,33.1,33.1,33.1,0,18
2026-09-22 14:26:00,NATURALGAS,PE,240.0,NATURALGAS23SEP26240PE,0.1,0.1,0.1,0.1,0,18
2026-09-22 14:26:00,NATURALGAS,CE,245.0,NATURALGAS23SEP26245CE,27.55,27.55,27.55,27.55,0,18
2026-09-22 14:26:00,NATURALGAS,PE,245.0,NATURALGAS23SEP26245PE,0.05,0.05,0.05,0.05,0,18
2026-09-22 14:26:00,NATURALGAS,CE,250.0,NATURALGAS23SEP26250CE,21.4,21.6,21.4,21.6,2500,18
2026-09-22 14:26:00,NATURALGAS,PE,250.0,NATURALGAS23SEP26250PE,0.1,0.1,0.05,0.05,1250,18
2026-09-22 14:26:00,NATURALGAS,CE,255.0,NATURALGAS23SEP26255CE,16.5,16.6,16.5,16.6,10000,18
2026-09-22 14:26:00,NATURALGAS,PE,255.0,NATURALGAS23SEP26255PE,0.15,0.15,0.15,0.15,568750,18
2026-09-22 14:26:00,NATURALGAS,CE,260.0,NATURALGAS23SEP26260CE,11.9,12.0,11.85,11.85,40000,18
2026-09-22 14:26:00,NATURALGAS,PE,260.0,NATURALGAS23SEP26260PE,0.45,0.45,0.4,0.45,516250,18
2026-09-22 14:26:00,NATURALGAS,CE,265.0,NATURALGAS23SEP26265CE,7.7,7.8,7.7,7.7,71250,18
2026-09-22 14:26:00,NATURALGAS,PE,265.0,NATURALGAS23SEP26265PE,1.3,1.3,1.25,1.25,280000,18
2026-09-22 14:26:00,NATURALGAS,CE,270.0,NATURALGAS23SEP26270CE,4.45,4.55,4.45,4.45,1197500,18
2026-09-22 14:26:00,NATURALGAS,PE,270.0,NATURALGAS23SEP26270PE,3.05,3.1,3.0,3.0,327500,18
2026-09-22 14:26:00,NATURALGAS,CE,275.0,NATURALGAS23SEP26275CE,2.4,2.45,2.35,2.35,327500,18
2026-09-22 14:26:00,NATURALGAS,PE,275.0,NATURALGAS23SEP26275PE,6.0,6.0,5.85,5.95,328750,18
2026-09-22 14:26:00,NATURALGAS,CE,280.0,NATURALGAS23SEP26280CE,1.1,1.15,1.1,1.1,482500,18
2026-09-22 14:26:00,NATURALGAS,PE,280.0,NATURALGAS23SEP26280PE,9.75,9.75,9.65,9.7,67500,18
2026-09-22 14:26:00,NATURALGAS,CE,285.0,NATURALGAS23SEP26285CE,0.55,0.55,0.5,0.5,138750,18
2026-09-22 14:26:00,NATURALGAS,PE,285.0,NATURALGAS23SEP26285PE,14.0,14.1,14.0,14.1,12500,18
2026-09-22 14:26:00,NATURALGAS,CE,290.0,NATURALGAS23SEP26290CE,0.25,0.3,0.25,0.25,12500,18
2026-09-22 14:26:00,NATURALGAS,PE,290.0,NATURALGAS23SEP26290PE,18.95,18.95,18.75,18.75,2500,18
2026-09-22 14:26:00,NATURALGAS,CE,295.0,NATURALGAS23SEP26295CE,0.15,0.15,0.15,0.15,0,18
2026-09-22 14:26:00,NATURALGAS,PE,295.0,NATURALGAS23SEP26295PE,24.0,24.0,24.0,24.0,0,18
2026-09-22 14:26:00,NATURALGAS,CE,300.0,NATURALGAS23SEP26300CE,0.1,0.15,0.1,0.1,5000,18
2026-09-22 14:26:00,NATURALGAS,PE,300.0,NATURALGAS23SEP26300PE,29.3,29.3,28.9,28.9,10000,18
2026-09-22 14:26:00,NATGASMINI,FUT,0.0,NATGASMINI25SEP26FUT,271.6,271.6,271.5,271.6,31500,18
2026-09-22 14:26:00,NATGASMINI,CE,240.0,NATGASMINI23SEP26240CE,33.25,33.25,33.25,33.25,0,18
2026-09-22 14:26:00,NATGASMINI,PE,240.0,NATGASMINI23SEP26240PE,0.1,0.1,0.1,0.1,0,18
2026-09-22 14:26:00,NATGASMINI,CE,245.0,NATGASMINI23SEP26245CE,30.4,30.4,30.4,30.4,0,18
2026-09-22 14:26:00,NATGASMINI,PE,245.0,NATGASMINI23SEP26245PE,0.1,0.1,0.1,0.1,37750,18
2026-09-22 14:26:00,NATGASMINI,CE,250.0,NATGASMINI23SEP26250CE,20.75,20.75,20.75,20.75,0,18
2026-09-22 14:26:00,NATGASMINI,PE,250.0,NATGASMINI23SEP26250PE,0.1,0.1,0.1,0.1,0,18
2026-09-22 14:26:00,NATGASMINI,CE,255.0,NATGASMINI23SEP26255CE,16.3,16.3,16.3,16.3,0,18
2026-09-22 14:26:00,NATGASMINI,PE,255.0,NATGASMINI23SEP26255PE,0.15,0.2,0.15,0.2,88000,18
2026-09-22 14:26:00,NATGASMINI,CE,260.0,NATGASMINI23SEP26260CE,11.95,12.1,11.9,12.0,2500,18
2026-09-22 14:26:00,NATGASMINI,PE,260.0,NATGASMINI23SEP26260PE,0.4,0.45,0.4,0.45,38750,18
2026-09-22 14:26:00,NATGASMINI,CE,265.0,NATGASMINI23SEP26265CE,7.85,7.85,7.75,7.8,13250,18
2026-09-22 14:26:00,NATGASMINI,PE,265.0,NATGASMINI23SEP26265PE,1.25,1.3,1.25,1.25,16750,18
2026-09-22 14:26:00,NATGASMINI,CE,270.0,NATGASMINI23SEP26270CE,4.5,4.55,4.45,4.5,59250,18
2026-09-22 14:26:00,NATGASMINI,PE,270.0,NATGASMINI23SEP26270PE,3.1,3.1,2.95,3.05,62500,18
2026-09-22 14:26:00,NATGASMINI,CE,275.0,NATGASMINI23SEP26275CE,2.45,2.5,2.4,2.4,159250,18
2026-09-22 14:26:00,NATGASMINI,PE,275.0,NATGASMINI23SEP26275PE,6.0,6.0,5.85,5.9,159500,18
2026-09-22 14:26:00,NATGASMINI,CE,280.0,NATGASMINI23SEP26280CE,1.15,1.15,1.1,1.1,43250,18
2026-09-22 14:26:00,NATGASMINI,PE,280.0,NATGASMINI23SEP26280PE,9.75,9.75,9.55,9.7,12000,18
2026-09-22 14:26:00,NATGASMINI,CE,285.0,NATGASMINI23SEP26285CE,0.55,0.55,0.5,0.55,79000,18
2026-09-22 14:26:00,NATGASMINI,PE,285.0,NATGASMINI23SEP26285PE,14.05,14.05,13.95,14.0,2250,18
2026-09-22 14:26:00,NATGASMINI,CE,290.0,NATGASMINI23SEP26290CE,0.3,0.3,0.25,0.3,41000,18
2026-09-22 14:26:00,NATGASMINI,PE,290.0,NATGASMINI23SEP26290PE,18.75,18.75,18.7,18.7,2500,18
2026-09-22 14:26:00,NATGASMINI,CE,295.0,NATGASMINI23SEP26295CE,0.15,0.15,0.1,0.1,1500,18
2026-09-22 14:26:00,NATGASMINI,PE,295.0,NATGASMINI23SEP26295PE,23.6,23.6,23.6,23.6,0,18
2026-09-22 14:26:00,NATGASMINI,CE,300.0,NATGASMINI23SEP26300CE,0.1,0.1,0.1,0.1,0,18
2026-09-22 14:26:00,NATGASMINI,PE,300.0,NATGASMINI23SEP26300PE,29.0,29.0,29.0,29.0,0,18
2026-09-22 14:27:00,NATURALGAS,FUT,0.0,NATURALGAS25SEP26FUT,271.5,271.5,271.3,271.4,101250,18
2026-09-22 14:27:00,NATURALGAS,CE,240.0,NATURALGAS23SEP26240CE,33.1,33.1,33.1,33.1,0,18
2026-09-22 14:27:00,NATURALGAS,PE,240.0,NATURALGAS23SEP26240PE,0.1,0.1,0.1,0.1,0,18
2026-09-22 14:27:00,NATURALGAS,CE,245.0,NATURALGAS23SEP26245CE,27.55,27.55,27.55,27.55,0,18
2026-09-22 14:27:00,NATURALGAS,PE,245.0,NATURALGAS23SEP26245PE,0.05,0.05,0.05,0.05,0,18
2026-09-22 14:27:00,NATURALGAS,CE,250.0,NATURALGAS23SEP26250CE,21.6,21.6,21.35,21.35,3750,18
2026-09-22 14:27:00,NATURALGAS,PE,250.0,NATURALGAS23SEP26250PE,0.05,0.05,0.05,0.05,0,18
2026-09-22 14:27:00,NATURALGAS,CE,255.0,NATURALGAS23SEP26255CE,16.6,16.6,16.45,16.45,6250,18
2026-09-22 14:27:00,NATURALGAS,PE,255.0,NATURALGAS23SEP26255PE,0.15,0.15,0.15,0.15,0,18
2026-09-22 14:27:00,NATURALGAS,CE,260.0,NATURALGAS23SEP26260CE,11.85,11.85,11.75,11.8,73750,18
2026-09-22 14:27:00,NATURALGAS,PE,260.0,NATURALGAS23SEP26260PE,0.45,0.5,0.45,0.5,77500,18
2026-09-22 14:27:00,NATURALGAS,CE,265.0,NATURALGAS23SEP26265CE,7.7,7.7,7.6,7.65,38750,18
2026-09-22 14:27:00,NATURALGAS,PE,265.0,NATURALGAS23SEP26265PE,1.25,1.35,1.25,1.35,127500,18
2026-09-22 14:27:00,NATURALGAS,CE,270.0,NATURALGAS23SEP26270CE,4.4,4.45,4.35,4.4,146250,18
2026-09-22 14:27:00,NATURALGAS,PE,270.0,NATURALGAS23SEP26270PE,3.0,3.1,3.0,3.1,128750,18
2026-09-22 14:27:00,NATURALGAS,CE,275.0,NATURALGAS23SEP26275CE,2.35,2.35,2.3,2.35,291250,18
2026-09-22 14:27:00,NATURALGAS,PE,275.0,NATURALGAS23SEP26275PE,5.95,6.0,5.95,6.0,216250,18
2026-09-22 14:27:00,NATURALGAS,CE,280.0,NATURALGAS23SEP26280CE,1.1,1.1,1.05,1.1,295000,18
2026-09-22 14:27:00,NATURALGAS,PE,280.0,NATURALGAS23SEP26280PE,9.7,9.9,9.7,9.8,107500,18
2026-09-22 14:27:00,NATURALGAS,CE,285.0,NATURALGAS23SEP26285CE,0.5,0.5,0.5,0.5,1505000,18
2026-09-22 14:27:00,NATURALGAS,PE,285.0,NATURALGAS23SEP26285PE,14.1,14.1,14.1,14.1,0,18
2026-09-22 14:27:00,NATURALGAS,CE,290.0,NATURALGAS23SEP26290CE,0.25,0.25,0.25,0.25,1898750,18
2026-09-22 14:27:00,NATURALGAS,PE,290.0,NATURALGAS23SEP26290PE,18.8,18.8,18.8,18.8,0,18
2026-09-22 14:27:00,NATURALGAS,CE,295.0,NATURALGAS23SEP26295CE,0.15,0.15,0.15,0.15,12500,18
2026-09-22 14:27:00,NATURALGAS,PE,295.0,NATURALGAS23SEP26295PE,24.0,24.0,24.0,24.0,0,18
2026-09-22 14:27:00,NATURALGAS,CE,300.0,NATURALGAS23SEP26300CE,0.1,0.1,0.1,0.1,5000,18
2026-09-22 14:27:00,NATURALGAS,PE,300.0,NATURALGAS23SEP26300PE,28.9,28.9,28.9,28.9,0,18
2026-09-22 14:27:00,NATGASMINI,FUT,0.0,NATGASMINI25SEP26FUT,271.6,271.6,271.3,271.3,9000,18
2026-09-22 14:27:00,NATGASMINI,CE,240.0,NATGASMINI23SEP26240CE,33.25,33.25,33.25,33.25,0,18
2026-09-22 14:27:00,NATGASMINI,PE,240.0,NATGASMINI23SEP26240PE,0.1,0.1,0.1,0.1,0,18
2026-09-22 14:27:00,NATGASMINI,CE,245.0,NATGASMINI23SEP26245CE,30.4,30.4,30.4,30.4,0,18
2026-09-22 14:27:00,NATGASMINI,PE,245.0,NATGASMINI23SEP26245PE,0.1,0.1,0.1,0.1,0,18
2026-09-22 14:27:00,NATGASMINI,CE,250.0,NATGASMINI23SEP26250CE,20.75,20.75,20.75,20.75,0,18
2026-09-22 14:27:00,NATGASMINI,PE,250.0,NATGASMINI23SEP26250PE,0.1,0.1,0.1,0.1,0,18
2026-09-22 14:27:00,NATGASMINI,CE,255.0,NATGASMINI23SEP26255CE,16.3,16.5,16.3,16.45,5500,18
2026-09-22 14:27:00,NATGASMINI,PE,255.0,NATGASMINI23SEP26255PE,0.2,0.2,0.2,0.2,0,18
2026-09-22 14:27:00,NATGASMINI,CE,260.0,NATGASMINI23SEP26260CE,11.95,11.95,11.8,11.8,250,18
2026-09-22 14:27:00,NATGASMINI,PE,260.0,NATGASMINI23SEP26260PE,0.45,0.45,0.45,0.45,750,18
2026-09-22 14:27:00,NATGASMINI,CE,265.0,NATGASMINI23SEP26265CE,7.8,7.8,7.6,7.6,8500,18
2026-09-22 14:27:00,NATGASMINI,PE,265.0,NATGASMINI23SEP26265PE,1.3,1.3,1.25,1.25,9750,18
2026-09-22 14:27:00,NATGASMINI,CE,270.0,NATGASMINI23SEP26270CE,4.5,4.5,4.35,4.35,56000,18
2026-09-22 14:27:00,NATGASMINI,PE,270.0,NATGASMINI23SEP26270PE,3.0,3.05,2.95,3.0,31250,18
2026-09-22 14:27:00,NATGASMINI,CE,275.0,NATGASMINI23SEP26275CE,2.4,2.4,2.3,2.35,76000,18
2026-09-22 14:27:00,NATGASMINI,PE,275.0,NATGASMINI23SEP26275PE,5.9,6.0,5.9,5.95,31750,18
2026-09-22 14:27:00,NATGASMINI,CE,280.0,NATGASMINI23SEP26280CE,1.1,1.15,1.1,1.1,262250,18
2026-09-22 14:27:00,NATGASMINI,PE,280.0,NATGASMINI23SEP26280PE,9.7,9.8,9.7,9.75,6750,18
2026-09-22 14:27:00,NATGASMINI,CE,285.0,NATGASMINI23SEP26285CE,0.55,0.55,0.5,0.5,69000,18
2026-09-22 14:27:00,NATGASMINI,PE,285.0,NATGASMINI23SEP26285PE,14.0,14.1,14.0,14.1,500,18
2026-09-22 14:27:00,NATGASMINI,CE,290.0,NATGASMINI23SEP26290CE,0.3,0.3,0.3,0.3,0,18
2026-09-22 14:27:00,NATGASMINI,PE,290.0,NATGASMINI23SEP26290PE,18.7,18.7,18.7,18.7,0,18
2026-09-22 14:27:00,NATGASMINI,CE,295.0,NATGASMINI23SEP26295CE,0.1,0.1,0.1,0.1,0,18
2026-09-22 14:27:00,NATGASMINI,PE,295.0,NATGASMINI23SEP26295PE,23.6,23.6,23.6,23.6,0,18
2026-09-22 14:27:00,NATGASMINI,CE,300.0,NATGASMINI23SEP26300CE,0.1,0.15,0.1,0.15,18250,18
2026-09-22 14:27:00,NATGASMINI,PE,300.0,NATGASMINI23SEP26300PE,29.0,29.0,29.0,29.0,0,18
2026-09-22 14:28:00,NATURALGAS,FUT,0.0,NATURALGAS25SEP26FUT,271.4,271.4,271.3,271.3,48750,17
2026-09-22 14:28:00,NATURALGAS,CE,240.0,NATURALGAS23SEP26240CE,33.1,33.1,33.1,33.1,0,17
2026-09-22 14:28:00,NATURALGAS,PE,240.0,NATURALGAS23SEP26240PE,0.1,0.1,0.1,0.1,0,17
2026-09-22 14:28:00,NATURALGAS,CE,245.0,NATURALGAS23SEP26245CE,27.55,27.55,27.55,27.55,0,17
2026-09-22 14:28:00,NATURALGAS,PE,245.0,NATURALGAS23SEP26245PE,0.05,0.05,0.05,0.05,0,17
2026-09-22 14:28:00,NATURALGAS,CE,250.0,NATURALGAS23SEP26250CE,21.35,21.35,21.2,21.2,17500,17
2026-09-22 14:28:00,NATURALGAS,PE,250.0,NATURALGAS23SEP26250PE,0.05,0.05,0.05,0.05,0,17
2026-09-22 14:28:00,NATURALGAS,CE,255.0,NATURALGAS23SEP26255CE,16.45,16.45,16.3,16.3,5000,17
2026-09-22 14:28:00,NATURALGAS,PE,255.0,NATURALGAS23SEP26255PE,0.15,0.15,0.15,0.15,2500,17
2026-09-22 14:28:00,NATURALGAS,CE,260.0,NATURALGAS23SEP26260CE,11.8,11.8,11.65,11.75,12500,17
2026-09-22 14:28:00,NATURALGAS,PE,260.0,NATURALGAS23SEP26260PE,0.5,0.5,0.45,0.45,2500,17
2026-09-22 14:28:00,NATURALGAS,CE,265.0,NATURALGAS23SEP26265CE,7.65,7.65,7.5,7.5,56250,17
2026-09-22 14:28:00,NATURALGAS,PE,265.0,NATURALGAS23SEP26265PE,1.35,1.35,1.3,1.3,105000,17
2026-09-22 14:28:00,NATURALGAS,CE,270.0,NATURALGAS23SEP26270CE,4.4,4.4,4.3,4.3,395000,17
2026-09-22 14:28:00,NATURALGAS,PE,270.0,NATURALGAS23SEP26270PE,3.1,3.15,3.05,3.15,441250,17
2026-09-22 14:28:00,NATURALGAS,CE,275.0,NATURALGAS23SEP26275CE,2.35,2.35,2.25,2.25,238750,17
2026-09-22 14:28:00,NATURALGAS,PE,275.0,NATURALGAS23SEP26275PE,6.0,6.1,5.95,6.05,232500,17
2026-09-22 14:28:00,NATURALGAS,CE,280.0,NATURALGAS23SEP26280CE,1.05,1.1,1.05,1.1,608750,17
2026-09-22 14:28:00,NATURALGAS,PE,280.0,NATURALGAS23SEP26280PE,9.8,9.95,9.75,9.85,40000,17
2026-09-22 14:28:00,NATURALGAS,CE,285.0,NATURALGAS23SEP26285CE,0.5,0.5,0.5,0.5,613750,17
2026-09-22 14:28:00,NATURALGAS,PE,285.0,NATURALGAS23SEP26285PE,14.1,14.35,14.1,14.35,41250,17
2026-09-22 14:28:00,NATURALGAS,CE,290.0,NATURALGAS23SEP26290CE,0.25,0.25,0.25,0.25,142500,17
2026-09-22 14:28:00,NATURALGAS,PE,290.0,NATURALGAS23SEP26290PE,18.8,19.1,18.8,19.1,6250,17
2026-09-22 14:28:00,NATURALGAS,CE,295.0,NATURALGAS23SEP26295CE,0.15,0.15,0.15,0.15,0,17
2026-09-22 14:28:00,NATURALGAS,PE,295.0,NATURALGAS23SEP26295PE,24.0,24.0,24.0,24.0,0,17
2026-09-22 14:28:00,NATURALGAS,CE,300.0,NATURALGAS23SEP26300CE,0.1,0.15,0.1,0.15,2500,17
2026-09-22 14:28:00,NATURALGAS,PE,300.0,NATURALGAS23SEP26300PE,28.9,28.9,28.85,28.85,2500,17
2026-09-22 14:28:00,NATGASMINI,FUT,0.0,NATGASMINI25SEP26FUT,271.3,271.3,271.3,271.3,29250,17
2026-09-22 14:28:00,NATGASMINI,CE,240.0,NATGASMINI23SEP26240CE,33.25,33.25,33.25,33.25,0,17
2026-09-22 14:28:00,NATGASMINI,PE,240.0,NATGASMINI23SEP26240PE,0.1,0.1,0.1,0.1,0,17
2026-09-22 14:28:00,NATGASMINI,CE,245.0,NATGASMINI23SEP26245CE,30.4,30.4,30.4,30.4,0,17
2026-09-22 14:28:00,NATGASMINI,PE,245.0,NATGASMINI23SEP26245PE,0.1,0.1,0.05,0.1,4250,17
2026-09-22 14:28:00,NATGASMINI,CE,250.0,NATGASMINI23SEP26250CE,20.75,20.75,20.75,20.75,0,17
2026-09-22 14:28:00,NATGASMINI,PE,250.0,NATGASMINI23SEP26250PE,0.1,0.1,0.1,0.1,0,17
2026-09-22 14:28:00,NATGASMINI,CE,255.0,NATGASMINI23SEP26255CE,16.45,16.55,16.45,16.55,250,17
2026-09-22 14:28:00,NATGASMINI,PE,255.0,NATGASMINI23SEP26255PE,0.2,0.2,0.2,0.2,0,17
2026-09-22 14:28:00,NATGASMINI,CE,260.0,NATGASMINI23SEP26260CE,11.8,11.8,11.7,11.7,4750,17
2026-09-22 14:28:00,NATGASMINI,PE,260.0,NATGASMINI23SEP26260PE,0.45,0.5,0.4,0.4,65500,17
2026-09-22 14:28:00,NATGASMINI,CE,265.0,NATGASMINI23SEP26265CE,7.65,7.7,7.55,7.6,9750,17
2026-09-22 14:28:00,NATGASMINI,PE,265.0,NATGASMINI23SEP26265PE,1.25,1.35,1.25,1.3,40000,17
2026-09-22 14:28:00,NATGASMINI,CE,270.0,NATGASMINI23SEP26270CE,4.35,4.4,4.3,4.4,81250,17
2026-09-22 14:28:00,NATGASMINI,PE,270.0,NATGASMINI23SEP26270PE,3.0,3.15,3.0,3.05,67250,17
2026-09-22 14:28:00,NATGASMINI,CE,275.0,NATGASMINI23SEP26275CE,2.3,2.4,2.3,2.3,84250,17
2026-09-22 14:28:00,NATGASMINI,PE,275.0,NATGASMINI23SEP26275PE,5.95,6.1,5.9,6.05,36250,17
2026-09-22 14:28:00,NATGASMINI,CE,280.0,NATGASMINI23SEP26280CE,1.1,1.1,1.05,1.05,33500,17
2026-09-22 14:28:00,NATGASMINI,PE,280.0,NATGASMINI23SEP26280PE,9.75,9.95,9.7,9.9,15250,17
2026-09-22 14:28:00,NATGASMINI,CE,285.0,NATGASMINI23SEP26285CE,0.5,0.55,0.5,0.55,2250,17
2026-09-22 14:28:00,NATGASMINI,PE,285.0,NATGASMINI23SEP26285PE,14.1,14.2,14.1,14.2,1250,17
2026-09-22 14:28:00,NATGASMINI,CE,290.0,NATGASMINI23SEP26290CE,0.3,0.3,0.25,0.3,4000,17
2026-09-22 14:28:00,NATGASMINI,PE,290.0,NATGASMINI23SEP26290PE,18.7,19.05,18.7,19.05,2000,17
2026-09-22 14:28:00,NATGASMINI,CE,295.0,NATGASMINI23SEP26295CE,0.1,0.15,0.1,0.15,12750,17
2026-09-22 14:28:00,NATGASMINI,PE,295.0,NATGASMINI23SEP26295PE,23.6,23.6,23.6,23.6,0,17
2026-09-22 14:28:00,NATGASMINI,CE,300.0,NATGASMINI23SEP26300CE,0.15,0.15,0.15,0.15,250,17
2026-09-22 14:28:00,NATGASMINI,PE,300.0,NATGASMINI23SEP26300PE,29.0,29.0,28.85,28.85,500,17
2026-09-22 14:29:00,NATURALGAS,FUT,0.0,NATURALGAS25SEP26FUT,271.2,271.3,271.2,271.3,30000,18
2026-09-22 14:29:00,NATURALGAS,CE,240.0,NATURALGAS23SEP26240CE,33.1,33.1,33.1,33.1,0,18
2026-09-22 14:29:00,NATURALGAS,PE,240.0,NATURALGAS23SEP26240PE,0.1,0.1,0.1,0.1,0,18
2026-09-22 14:29:00,NATURALGAS,CE,245.0,NATURALGAS23SEP26245CE,27.55,27.55,27.55,27.55,0,18
2026-09-22 14:29:00,NATURALGAS,PE,245.0,NATURALGAS23SEP26245PE,0.05,0.05,0.05,0.05,0,18
2026-09-22 14:29:00,NATURALGAS,CE,250.0,NATURALGAS23SEP26250CE,21.2,21.2,21.2,21.2,0,18
2026-09-22 14:29:00,NATURALGAS,PE,250.0,NATURALGAS23SEP26250PE,0.05,0.05,0.05,0.05,0,18
2026-09-22 14:29:00,NATURALGAS,CE,255.0,NATURALGAS23SEP26255CE,16.3,16.3,16.3,16.3,0,18
2026-09-22 14:29:00,NATURALGAS,PE,255.0,NATURALGAS23SEP26255PE,0.15,0.15,0.1,0.1,1250,18
2026-09-22 14:29:00,NATURALGAS,CE,260.0,NATURALGAS23SEP26260CE,11.75,11.75,11.75,11.75,8750,18
2026-09-22 14:29:00,NATURALGAS,PE,260.0,NATURALGAS23SEP26260PE,0.45,0.45,0.45,0.45,133750,18
2026-09-22 14:29:00,NATURALGAS,CE,265.0,NATURALGAS23SEP26265CE,7.5,7.65,7.5,7.55,80000,18
2026-09-22 14:29:00,NATURALGAS,PE,265.0,NATURALGAS23SEP26265PE,1.35,1.35,1.3,1.35,133750,18
2026-09-22 14:29:00,NATURALGAS,CE,270.0,NATURALGAS23SEP26270CE,4.35,4.4,4.3,4.4,263750,18
2026-09-22 14:29:00,NATURALGAS,PE,270.0,NATURALGAS23SEP26270PE,3.1,3.15,3.05,3.05,335000,18
2026-09-22 14:29:00,NATURALGAS,CE,275.0,NATURALGAS23SEP26275CE,2.25,2.35,2.25,2.3,243750,18
2026-09-22 14:29:00,NATURALGAS,PE,275.0,NATURALGAS23SEP26275PE,6.05,6.1,6.0,6.05,127500,18
2026-09-22 14:29:00,NATURALGAS,CE,280.0,NATURALGAS23SEP26280CE,1.05,1.1,1.05,1.05,8750,18
2026-09-22 14:29:00,NATURALGAS,PE,280.0,NATURALGAS23SEP26280PE,9.85,9.9,9.85,9.9,96250,18
2026-09-22 14:29:00,NATURALGAS,CE,285.0,NATURALGAS23SEP26285CE,0.5,0.5,0.5,0.5,265000,18
2026-09-22 14:29:00,NATURALGAS,PE,285.0,NATURALGAS23SEP26285PE,14.35,14.35,14.15,14.2,22500,18
2026-09-22 14:29:00,NATURALGAS,CE,290.0,NATURALGAS23SEP26290CE,0.25,0.25,0.25,0.25,2500,18
2026-09-22 14:29:00,NATURALGAS,PE,290.0,NATURALGAS23SEP26290PE,19.1,19.1,19.0,19.0,1250,18
2026-09-22 14:29:00,NATURALGAS,CE,295.0,NATURALGAS23SEP26295CE,0.15,0.15,0.15,0.15,0,18
2026-09-22 14:29:00,NATURALGAS,PE,295.0,NATURALGAS23SEP26295PE,24.0,24.0,24.0,24.0,0,18
2026-09-22 14:29:00,NATURALGAS,CE,300.0,NATURALGAS23SEP26300CE,0.15,0.15,0.1,0.1,3750,18
2026-09-22 14:29:00,NATURALGAS,PE,300.0,NATURALGAS23SEP26300PE,28.85,28.85,28.85,28.85,0,18
2026-09-22 14:29:00,NATGASMINI,FUT,0.0,NATGASMINI25SEP26FUT,271.3,271.4,271.2,271.3,8250,18
2026-09-22 14:29:00,NATGASMINI,CE,240.0,NATGASMINI23SEP26240CE,33.25,33.25,33.25,33.25,0,18
2026-09-22 14:29:00,NATGASMINI,PE,240.0,NATGASMINI23SEP26240PE,0.1,0.1,0.1,0.1,0,18
2026-09-22 14:29:00,NATGASMINI,CE,245.0,NATGASMINI23SEP26245CE,30.4,30.4,30.4,30.4,0,18
2026-09-22 14:29:00,NATGASMINI,PE,245.0,NATGASMINI23SEP26245PE,0.05,0.1,0.05,0.1,1000,18
2026-09-22 14:29:00,NATGASMINI,CE,250.0,NATGASMINI23SEP26250CE,20.75,20.75,20.75,20.75,0,18
2026-09-22 14:29:00,NATGASMINI,PE,250.0,NATGASMINI23SEP26250PE,0.1,0.1,0.05,0.05,30250,18
2026-09-22 14:29:00,NATGASMINI,CE,255.0,NATGASMINI23SEP26255CE,16.55,16.55,16.55,16.55,250,18
2026-09-22 14:29:00,NATGASMINI,PE,255.0,NATGASMINI23SEP26255PE,0.2,0.2,0.2,0.2,0,18
2026-09-22 14:29:00,NATGASMINI,CE,260.0,NATGASMINI23SEP26260CE,11.7,11.7,11.7,11.7,0,18
2026-09-22 14:29:00,NATGASMINI,PE,260.0,NATGASMINI23SEP26260PE,0.4,0.4,0.4,0.4,0,18
2026-09-22 14:29:00,NATGASMINI,CE,265.0,NATGASMINI23SEP26265CE,7.6,7.65,7.55,7.65,12750,18
2026-09-22 14:29:00,NATGASMINI,PE,265.0,NATGASMINI23SEP26265PE,1.25,1.3,1.25,1.25,1750,18
2026-09-22 14:29:00,NATGASMINI,CE,270.0,NATGASMINI23SEP26270CE,4.4,4.4,4.35,4.4,32500,18
2026-09-22 14:29:00,NATGASMINI,PE,270.0,NATGASMINI23SEP26270PE,3.1,3.1,3.05,3.1,47250,18
2026-09-22 14:29:00,NATGASMINI,CE,275.0,NATGASMINI23SEP26275CE,2.3,2.35,2.3,2.3,74500,18
2026-09-22 14:29:00,NATGASMINI,PE,275.0,NATGASMINI23SEP26275PE,6.05,6.05,6.0,6.05,24000,18
2026-09-22 14:29:00,NATGASMINI,CE,280.0,NATGASMINI23SEP26280CE,1.05,1.1,1.05,1.05,140750,18
2026-09-22 14:29:00,NATGASMINI,PE,280.0,NATGASMINI23SEP26280PE,9.85,9.85,9.8,9.8,2000,18
2026-09-22 14:29:00,NATGASMINI,CE,285.0,NATGASMINI23SEP26285CE,0.55,0.55,0.5,0.55,9250,18
2026-09-22 14:29:00,NATGASMINI,PE,285.0,NATGASMINI23SEP26285PE,14.2,14.2,14.1,14.1,3500,18
2026-09-22 14:29:00,NATGASMINI,CE,290.0,NATGASMINI23SEP26290CE,0.3,0.3,0.3,0.3,0,18
2026-09-22 14:29:00,NATGASMINI,PE,290.0,NATGASMINI23SEP26290PE,19.05,19.05,19.05,19.05,0,18
2026-09-22 14:29:00,NATGASMINI,CE,295.0,NATGASMINI23SEP26295CE,0.15,0.15,0.15,0.15,25000,18
2026-09-22 14:29:00,NATGASMINI,PE,295.0,NATGASMINI23SEP26295PE,23.6,23.6,23.6,23.6,0,18
2026-09-22 14:29:00,NATGASMINI,CE,300.0,NATGASMINI23SEP26300CE,0.15,0.15,0.15,0.15,0,18
2026-09-22 14:29:00,NATGASMINI,PE,300.0,NATGASMINI23SEP26300PE,28.85,28.85,28.85,28.85,0,18
2026-09-22 14:30:00,NATURALGAS,FUT,0.0,NATURALGAS25SEP26FUT,271.3,271.4,271.1,271.1,136250,11
2026-09-22 14:30:00,NATURALGAS,CE,240.0,NATURALGAS23SEP26240CE,33.1,33.1,33.1,33.1,0,11
2026-09-22 14:30:00,NATURALGAS,PE,240.0,NATURALGAS23SEP26240PE,0.1,0.1,0.1,0.1,0,11
2026-09-22 14:30:00,NATURALGAS,CE,245.0,NATURALGAS23SEP26245CE,27.55,27.55,27.55,27.55,0,11
2026-09-22 14:30:00,NATURALGAS,PE,245.0,NATURALGAS23SEP26245PE,0.05,0.05,0.05,0.05,0,11
2026-09-22 14:30:00,NATURALGAS,CE,250.0,NATURALGAS23SEP26250CE,21.2,21.2,21.15,21.15,37500,11
2026-09-22 14:30:00,NATURALGAS,PE,250.0,NATURALGAS23SEP26250PE,0.05,0.1,0.05,0.1,148750,11
2026-09-22 14:30:00,NATURALGAS,CE,255.0,NATURALGAS23SEP26255CE,16.3,16.3,16.3,16.3,27500,11
2026-09-22 14:30:00,NATURALGAS,PE,255.0,NATURALGAS23SEP26255PE,0.1,0.1,0.1,0.1,0,11
2026-09-22 14:30:00,NATURALGAS,CE,260.0,NATURALGAS23SEP26260CE,11.75,11.85,11.65,11.65,120000,11
2026-09-22 14:30:00,NATURALGAS,PE,260.0,NATURALGAS23SEP26260PE,0.4,0.45,0.4,0.45,153750,11
2026-09-22 14:30:00,NATURALGAS,CE,265.0,NATURALGAS23SEP26265CE,7.65,7.75,7.5,7.5,320000,11
2026-09-22 14:30:00,NATURALGAS,PE,265.0,NATURALGAS23SEP26265PE,1.3,1.3,1.3,1.3,241250,11
2026-09-22 14:30:00,NATURALGAS,CE,270.0,NATURALGAS23SEP26270CE,4.4,4.45,4.3,4.3,838750,11
2026-09-22 14:30:00,NATURALGAS,PE,270.0,NATURALGAS23SEP26270PE,3.05,3.1,3.0,3.1,1213750,11
2026-09-22 14:30:00,NATURALGAS,CE,275.0,NATURALGAS23SEP26275CE,2.3,2.35,2.25,2.25,1617500,11
2026-09-22 14:30:00,NATURALGAS,PE,275.0,NATURALGAS23SEP26275PE,6.0,6.1,5.95,6.1,556250,11
2026-09-22 14:30:00,NATURALGAS,CE,280.0,NATURALGAS23SEP26280CE,1.05,1.15,1.05,1.1,2977500,11
2026-09-22 14:30:00,NATURALGAS,PE,280.0,NATURALGAS23SEP26280PE,9.9,9.95,9.75,9.95,217500,11
2026-09-22 14:30:00,NATURALGAS,CE,285.0,NATURALGAS23SEP26285CE,0.55,0.55,0.5,0.5,521250,11
2026-09-22 14:30:00,NATURALGAS,PE,285.0,NATURALGAS23SEP26285PE,14.2,14.3,14.1,14.3,30000,11
2026-09-22 14:30:00,NATURALGAS,CE,290.0,NATURALGAS23SEP26290CE,0.25,0.25,0.25,0.25,127500,11
2026-09-22 14:30:00,NATURALGAS,PE,290.0,NATURALGAS23SEP26290PE,19.0,19.15,18.8,19.15,17500,11
2026-09-22 14:30:00,NATURALGAS,CE,295.0,NATURALGAS23SEP26295CE,0.15,0.15,0.15,0.15,0,11
2026-09-22 14:30:00,NATURALGAS,PE,295.0,NATURALGAS23SEP26295PE,24.0,24.1,24.0,24.1,33750,11
2026-09-22 14:30:00,NATURALGAS,CE,300.0,NATURALGAS23SEP26300CE,0.1,0.1,0.1,0.1,0,11
2026-09-22 14:30:00,NATURALGAS,PE,300.0,NATURALGAS23SEP26300PE,28.85,28.85,28.85,28.85,0,11
2026-09-22 14:30:00,NATGASMINI,FUT,0.0,NATGASMINI25SEP26FUT,271.4,271.6,271.1,271.1,23500,11
2026-09-22 14:30:00,NATGASMINI,CE,240.0,NATGASMINI23SEP26240CE,33.25,33.25,33.25,33.25,0,11
2026-09-22 14:30:00,NATGASMINI,PE,240.0,NATGASMINI23SEP26240PE,0.1,0.1,0.1,0.1,0,11
2026-09-22 14:30:00,NATGASMINI,CE,245.0,NATGASMINI23SEP26245CE,30.4,30.4,30.4,30.4,0,11
2026-09-22 14:30:00,NATGASMINI,PE,245.0,NATGASMINI23SEP26245PE,0.1,0.1,0.1,0.1,0,11
2026-09-22 14:30:00,NATGASMINI,CE,250.0,NATGASMINI23SEP26250CE,20.75,21.65,20.75,21.65,1500,11
2026-09-22 14:30:00,NATGASMINI,PE,250.0,NATGASMINI23SEP26250PE,0.05,0.1,0.05,0.1,254000,11
2026-09-22 14:30:00,NATGASMINI,CE,255.0,NATGASMINI23SEP26255CE,16.55,16.55,16.3,16.3,12750,11
2026-09-22 14:30:00,NATGASMINI,PE,255.0,NATGASMINI23SEP26255PE,0.2,0.2,0.2,0.2,0,11
2026-09-22 14:30:00,NATGASMINI,CE,260.0,NATGASMINI23SEP26260CE,11.7,11.95,11.6,11.6,15000,11
2026-09-22 14:30:00,NATGASMINI,PE,260.0,NATGASMINI23SEP26260PE,0.4,0.45,0.4,0.45,53000,11
2026-09-22 14:30:00,NATGASMINI,CE,265.0,NATGASMINI23SEP26265CE,7.7,7.75,7.5,7.5,26250,11
2026-09-22 14:30:00,NATGASMINI,PE,265.0,NATGASMINI23SEP26265PE,1.25,1.3,1.25,1.3,115000,11
2026-09-22 14:30:00,NATGASMINI,CE,270.0,NATGASMINI23SEP26270CE,4.45,4.5,4.35,4.35,125000,11
2026-09-22 14:30:00,NATGASMINI,PE,270.0,NATGASMINI23SEP26270PE,3.05,3.15,3.0,3.15,148000,11
2026-09-22 14:30:00,NATGASMINI,CE,275.0,NATGASMINI23SEP26275CE,2.35,2.45,2.3,2.3,101250,11
2026-09-22 14:30:00,NATGASMINI,PE,275.0,NATGASMINI23SEP26275PE,6.0,6.15,5.95,6.15,84250,11
2026-09-22 14:30:00,NATGASMINI,CE,280.0,NATGASMINI23SEP26280CE,1.1,1.15,1.05,1.05,219000,11
2026-09-22 14:30:00,NATGASMINI,PE,280.0,NATGASMINI23SEP26280PE,9.8,10.0,9.7,10.0,17250,11
2026-09-22 14:30:00,NATGASMINI,CE,285.0,NATGASMINI23SEP26285CE,0.55,0.55,0.5,0.5,71500,11
2026-09-22 14:30:00,NATGASMINI,PE,285.0,NATGASMINI23SEP26285PE,14.1,14.45,14.1,14.45,11000,11
2026-09-22 14:30:00,NATGASMINI,CE,290.0,NATGASMINI23SEP26290CE,0.3,0.3,0.3,0.3,15750,11
2026-09-22 14:30:00,NATGASMINI,PE,290.0,NATGASMINI23SEP26290PE,19.05,19.15,19.05,19.15,6000,11
2026-09-22 14:30:00,NATGASMINI,CE,295.0,NATGASMINI23SEP26295CE,0.15,0.15,0.15,0.15,0,11
2026-09-22 14:30:00,NATGASMINI,PE,295.0,NATGASMINI23SEP26295PE,23.6,23.95,23.6,23.95,2250,11
2026-09-22 14:30:00,NATGASMINI,CE,300.0,NATGASMINI23SEP26300CE,0.15,0.15,0.15,0.15,0,11
2026-09-22 14:30:00,NATGASMINI,PE,300.0,NATGASMINI23SEP26300PE,28.85,28.85,28.85,28.85,750,11
2026-09-22 14:31:00,NATURALGAS,FUT,0.0,NATURALGAS25SEP26FUT,271.2,271.2,271.2,271.2,5000,7
2026-09-22 14:31:00,NATURALGAS,CE,240.0,NATURALGAS23SEP26240CE,33.1,33.1,33.1,33.1,0,7
2026-09-22 14:31:00,NATURALGAS,PE,240.0,NATURALGAS23SEP26240PE,0.1,0.1,0.1,0.1,0,7
2026-09-22 14:31:00,NATURALGAS,CE,245.0,NATURALGAS23SEP26245CE,27.55,27.55,27.55,27.55,0,7
2026-09-22 14:31:00,NATURALGAS,PE,245.0,NATURALGAS23SEP26245PE,0.05,0.05,0.05,0.05,0,7
2026-09-22 14:31:00,NATURALGAS,CE,250.0,NATURALGAS23SEP26250CE,21.15,21.15,21.15,21.15,0,7
2026-09-22 14:31:00,NATURALGAS,PE,250.0,NATURALGAS23SEP26250PE,0.1,0.1,0.1,0.1,1250,7
2026-09-22 14:31:00,NATURALGAS,CE,255.0,NATURALGAS23SEP26255CE,16.3,16.3,16.3,16.3,0,7
2026-09-22 14:31:00,NATURALGAS,PE,255.0,NATURALGAS23SEP26255PE,0.1,0.1,0.1,0.1,0,7
2026-09-22 14:31:00,NATURALGAS,CE,260.0,NATURALGAS23SEP26260CE,11.65,11.75,11.65,11.75,16250,7
2026-09-22 14:31:00,NATURALGAS,PE,260.0,NATURALGAS23SEP26260PE,0.45,0.5,0.45,0.5,12500,7
2026-09-22 14:31:00,NATURALGAS,CE,265.0,NATURALGAS23SEP26265CE,7.5,7.55,7.5,7.55,1250,7
2026-09-22 14:31:00,NATURALGAS,PE,265.0,NATURALGAS23SEP26265PE,1.3,1.3,1.3,1.3,3750,7
2026-09-22 14:31:00,NATURALGAS,CE,270.0,NATURALGAS23SEP26270CE,4.3,4.35,4.3,4.35,41250,7
2026-09-22 14:31:00,NATURALGAS,PE,270.0,NATURALGAS23SEP26270PE,3.15,3.15,3.05,3.05,17500,7
2026-09-22 14:31:00,NATURALGAS,CE,275.0,NATURALGAS23SEP26275CE,2.25,2.25,2.25,2.25,16250,7
2026-09-22 14:31:00,NATURALGAS,PE,275.0,NATURALGAS23SEP26275PE,6.15,6.15,6.1,6.1,5000,7
2026-09-22 14:31:00,NATURALGAS,CE,280.0,NATURALGAS23SEP26280CE,1.1,1.1,1.05,1.05,8750,7
2026-09-22 14:31:00,NATURALGAS,PE,280.0,NATURALGAS23SEP26280PE,9.95,9.95,9.85,9.85,5000,7
2026-09-22 14:31:00,NATURALGAS,CE,285.0,NATURALGAS23SEP26285CE,0.45,0.5,0.45,0.5,100000,7
2026-09-22 14:31:00,NATURALGAS,PE,285.0,NATURALGAS23SEP26285PE,14.3,14.3,14.3,14.3,0,7
2026-09-22 14:31:00,NATURALGAS,CE,290.0,NATURALGAS23SEP26290CE,0.25,0.25,0.25,0.25,6250,7
2026-09-22 14:31:00,NATURALGAS,PE,290.0,NATURALGAS23SEP26290PE,19.15,19.15,19.15,19.15,0,7
2026-09-22 14:31:00,NATURALGAS,CE,295.0,NATURALGAS23SEP26295CE,0.15,0.15,0.15,0.15,0,7
2026-09-22 14:31:00,NATURALGAS,PE,295.0,NATURALGAS23SEP26295PE,24.1,24.1,24.1,24.1,0,7
2026-09-22 14:31:00,NATURALGAS,CE,300.0,NATURALGAS23SEP26300CE,0.1,0.1,0.1,0.1,0,7
2026-09-22 14:31:00,NATURALGAS,PE,300.0,NATURALGAS23SEP26300PE,28.85,28.85,28.85,28.85,0,7
2026-09-22 14:31:00,NATGASMINI,FUT,0.0,NATGASMINI25SEP26FUT,271.1,271.3,271.1,271.3,250,7
2026-09-22 14:31:00,NATGASMINI,CE,240.0,NATGASMINI23SEP26240CE,33.25,33.25,33.25,33.25,0,7
2026-09-22 14:31:00,NATGASMINI,PE,240.0,NATGASMINI23SEP26240PE,0.1,0.1,0.1,0.1,0,7
2026-09-22 14:31:00,NATGASMINI,CE,245.0,NATGASMINI23SEP26245CE,30.4,30.4,30.4,30.4,0,7
2026-09-22 14:31:00,NATGASMINI,PE,245.0,NATGASMINI23SEP26245PE,0.1,0.1,0.05,0.05,1000,7
2026-09-22 14:31:00,NATGASMINI,CE,250.0,NATGASMINI23SEP26250CE,21.65,21.65,21.65,21.65,0,7
2026-09-22 14:31:00,NATGASMINI,PE,250.0,NATGASMINI23SEP26250PE,0.1,0.1,0.1,0.1,1250,7
2026-09-22 14:31:00,NATGASMINI,CE,255.0,NATGASMINI23SEP26255CE,16.3,16.3,16.3,16.3,0,7
2026-09-22 14:31:00,NATGASMINI,PE,255.0,NATGASMINI23SEP26255PE,0.2,0.2,0.2,0.2,0,7
2026-09-22 14:31:00,NATGASMINI,CE,260.0,NATGASMINI23SEP26260CE,11.6,11.6,11.6,11.6,0,7
2026-09-22 14:31:00,NATGASMINI,PE,260.0,NATGASMINI23SEP26260PE,0.45,0.45,0.45,0.45,15000,7
2026-09-22 14:31:00,NATGASMINI,CE,265.0,NATGASMINI23SEP26265CE,7.65,7.65,7.65,7.65,500,7
2026-09-22 14:31:00,NATGASMINI,PE,265.0,NATGASMINI23SEP26265PE,1.3,1.3,1.3,1.3,42000,7
2026-09-22 14:31:00,NATGASMINI,CE,270.0,NATGASMINI23SEP26270CE,4.35,4.4,4.35,4.4,1500,7
2026-09-22 14:31:00,NATGASMINI,PE,270.0,NATGASMINI23SEP26270PE,3.1,3.15,3.05,3.05,5500,7
2026-09-22 14:31:00,NATGASMINI,CE,275.0,NATGASMINI23SEP26275CE,2.3,2.35,2.3,2.35,1500,7
2026-09-22 14:31:00,NATGASMINI,PE,275.0,NATGASMINI23SEP26275PE,6.15,6.15,6.05,6.05,2750,7
2026-09-22 14:31:00,NATGASMINI,CE,280.0,NATGASMINI23SEP26280CE,1.05,1.1,1.05,1.1,11750,7
2026-09-22 14:31:00,NATGASMINI,PE,280.0,NATGASMINI23SEP26280PE,9.9,9.9,9.8,9.8,2500,7
2026-09-22 14:31:00,NATGASMINI,CE,285.0,NATGASMINI23SEP26285CE,0.5,0.55,0.5,0.55,250,7
2026-09-22 14:31:00,NATGASMINI,PE,285.0,NATGASMINI23SEP26285PE,14.3,14.3,14.3,14.3,0,7
2026-09-22 14:31:00,NATGASMINI,CE,290.0,NATGASMINI23SEP26290CE,0.3,0.3,0.3,0.3,1250,7
2026-09-22 14:31:00,NATGASMINI,PE,290.0,NATGASMINI23SEP26290PE,19.15,19.15,19.15,19.15,0,7
2026-09-22 14:31:00,NATGASMINI,CE,295.0,NATGASMINI23SEP26295CE,0.15,0.15,0.15,0.15,0,7
2026-09-22 14:31:00,NATGASMINI,PE,295.0,NATGASMINI23SEP26295PE,23.95,23.95,23.95,23.95,0,7
2026-09-22 14:31:00,NATGASMINI,CE,300.0,NATGASMINI23SEP26300CE,0.15,0.15,0.15,0.15,0,7
2026-09-22 14:31:00,NATGASMINI,PE,300.0,NATGASMINI23SEP26300PE,28.85,28.85,28.85,28.85,0,7
2026-09-22 14:32:00,NATURALGAS,FUT,0.0,NATURALGAS25SEP26FUT,271.2,271.3,271.2,271.2,72500,18
2026-09-22 14:32:00,NATURALGAS,CE,240.0,NATURALGAS23SEP26240CE,33.1,33.1,33.1,33.1,0,18
2026-09-22 14:32:00,NATURALGAS,PE,240.0,NATURALGAS23SEP26240PE,0.1,0.1,0.1,0.1,0,18
2026-09-22 14:32:00,NATURALGAS,CE,245.0,NATURALGAS23SEP26245CE,27.55,27.55,27.55,27.55,0,18
2026-09-22 14:32:00,NATURALGAS,PE,245.0,NATURALGAS23SEP26245PE,0.05,0.05,0.05,0.05,0,18
2026-09-22 14:32:00,NATURALGAS,CE,250.0,NATURALGAS23SEP26250CE,21.15,21.15,21.15,21.15,5000,18
2026-09-22 14:32:00,NATURALGAS,PE,250.0,NATURALGAS23SEP26250PE,0.1,0.1,0.1,0.1,0,18
2026-09-22 14:32:00,NATURALGAS,CE,255.0,NATURALGAS23SEP26255CE,16.3,16.3,16.3,16.3,1250,18
2026-09-22 14:32:00,NATURALGAS,PE,255.0,NATURALGAS23SEP26255PE,0.1,0.1,0.1,0.1,0,18
2026-09-22 14:32:00,NATURALGAS,CE,260.0,NATURALGAS23SEP26260CE,11.75,11.75,11.55,11.55,40000,18
2026-09-22 14:32:00,NATURALGAS,PE,260.0,NATURALGAS23SEP26260PE,0.5,0.5,0.45,0.45,297500,18
2026-09-22 14:32:00,NATURALGAS,CE,265.0,NATURALGAS23SEP26265CE,7.55,7.65,7.45,7.6,228750,18
2026-09-22 14:32:00,NATURALGAS,PE,265.0,NATURALGAS23SEP26265PE,1.3,1.35,1.25,1.3,66250,18
2026-09-22 14:32:00,NATURALGAS,CE,270.0,NATURALGAS23SEP26270CE,4.35,4.4,4.3,4.35,296250,18
2026-09-22 14:32:00,NATURALGAS,PE,270.0,NATURALGAS23SEP26270PE,3.1,3.15,3.0,3.05,290000,18
2026-09-22 14:32:00,NATURALGAS,CE,275.0,NATURALGAS23SEP26275CE,2.25,2.35,2.25,2.3,542500,18
2026-09-22 14:32:00,NATURALGAS,PE,275.0,NATURALGAS23SEP26275PE,6.1,6.15,6.0,6.05,77500,18
2026-09-22 14:32:00,NATURALGAS,CE,280.0,NATURALGAS23SEP26280CE,1.05,1.1,1.05,1.05,318750,18
2026-09-22 14:32:00,NATURALGAS,PE,280.0,NATURALGAS23SEP26280PE,9.85,9.95,9.8,9.85,81250,18
2026-09-22 14:32:00,NATURALGAS,CE,285.0,NATURALGAS23SEP26285CE,0.5,0.5,0.45,0.5,462500,18
2026-09-22 14:32:00,NATURALGAS,PE,285.0,NATURALGAS23SEP26285PE,14.3,14.4,14.2,14.2,35000,18
2026-09-22 14:32:00,NATURALGAS,CE,290.0,NATURALGAS23SEP26290CE,0.25,0.25,0.25,0.25,16250,18
2026-09-22 14:32:00,NATURALGAS,PE,290.0,NATURALGAS23SEP26290PE,19.15,19.15,19.0,19.0,3750,18
2026-09-22 14:32:00,NATURALGAS,CE,295.0,NATURALGAS23SEP26295CE,0.15,0.15,0.15,0.15,0,18
2026-09-22 14:32:00,NATURALGAS,PE,295.0,NATURALGAS23SEP26295PE,24.1,24.1,23.95,23.95,13750,18
2026-09-22 14:32:00,NATURALGAS,CE,300.0,NATURALGAS23SEP26300CE,0.1,0.1,0.05,0.1,2667500,18
2026-09-22 14:32:00,NATURALGAS,PE,300.0,NATURALGAS23SEP26300PE,28.85,28.85,28.85,28.85,0,18
2026-09-22 14:32:00,NATGASMINI,FUT,0.0,NATGASMINI25SEP26FUT,271.3,271.4,271.2,271.2,5500,18
2026-09-22 14:32:00,NATGASMINI,CE,240.0,NATGASMINI23SEP26240CE,33.25,33.25,33.25,33.25,0,18
2026-09-22 14:32:00,NATGASMINI,PE,240.0,NATGASMINI23SEP26240PE,0.1,0.1,0.1,0.1,0,18
2026-09-22 14:32:00,NATGASMINI,CE,245.0,NATGASMINI23SEP26245CE,30.4,30.4,30.4,30.4,0,18
2026-09-22 14:32:00,NATGASMINI,PE,245.0,NATGASMINI23SEP26245PE,0.05,0.1,0.05,0.1,1000,18
2026-09-22 14:32:00,NATGASMINI,CE,250.0,NATGASMINI23SEP26250CE,21.65,21.65,21.65,21.65,0,18
2026-09-22 14:32:00,NATGASMINI,PE,250.0,NATGASMINI23SEP26250PE,0.1,0.1,0.1,0.1,4250,18
2026-09-22 14:32:00,NATGASMINI,CE,255.0,NATGASMINI23SEP26255CE,16.3,16.55,16.3,16.4,1750,18
2026-09-22 14:32:00,NATGASMINI,PE,255.0,NATGASMINI23SEP26255PE,0.2,0.2,0.2,0.2,0,18
2026-09-22 14:32:00,NATGASMINI,CE,260.0,NATGASMINI23SEP26260CE,11.6,11.9,11.6,11.9,2500,18
2026-09-22 14:32:00,NATGASMINI,PE,260.0,NATGASMINI23SEP26260PE,0.45,0.45,0.4,0.45,40750,18
2026-09-22 14:32:00,NATGASMINI,CE,265.0,NATGASMINI23SEP26265CE,7.65,7.7,7.5,7.6,15000,18
2026-09-22 14:32:00,NATGASMINI,PE,265.0,NATGASMINI23SEP26265PE,1.3,1.3,1.25,1.25,29250,18
2026-09-22 14:32:00,NATGASMINI,CE,270.0,NATGASMINI23SEP26270CE,4.4,4.4,4.3,4.4,37750,18
2026-09-22 14:32:00,NATGASMINI,PE,270.0,NATGASMINI23SEP26270PE,3.05,3.15,3.05,3.05,59250,18
2026-09-22 14:32:00,NATGASMINI,CE,275.0,NATGASMINI23SEP26275CE,2.35,2.4,2.25,2.3,74250,18
2026-09-22 14:32:00,NATGASMINI,PE,275.0,NATGASMINI23SEP26275PE,6.05,6.15,5.95,6.05,38750,18
2026-09-22 14:32:00,NATGASMINI,CE,280.0,NATGASMINI23SEP26280CE,1.1,1.15,1.05,1.1,45250,18
2026-09-22 14:32:00,NATGASMINI,PE,280.0,NATGASMINI23SEP26280PE,9.8,9.95,9.8,9.8,11750,18
2026-09-22 14:32:00,NATGASMINI,CE,285.0,NATGASMINI23SEP26285CE,0.55,0.55,0.5,0.5,6250,18
2026-09-22 14:32:00,NATGASMINI,PE,285.0,NATGASMINI23SEP26285PE,14.3,14.35,14.2,14.2,6250,18
2026-09-22 14:32:00,NATGASMINI,CE,290.0,NATGASMINI23SEP26290CE,0.3,0.3,0.3,0.3,500,18
2026-09-22 14:32:00,NATGASMINI,PE,290.0,NATGASMINI23SEP26290PE,19.15,19.15,19.0,19.0,7750,18
2026-09-22 14:32:00,NATGASMINI,CE,295.0,NATGASMINI23SEP26295CE,0.15,0.15,0.15,0.15,0,18
2026-09-22 14:32:00,NATGASMINI,PE,295.0,NATGASMINI23SEP26295PE,23.95,24.0,23.95,24.0,250,18
2026-09-22 14:32:00,NATGASMINI,CE,300.0,NATGASMINI23SEP26300CE,0.15,0.15,0.15,0.15,0,18
2026-09-22 14:32:00,NATGASMINI,PE,300.0,NATGASMINI23SEP26300PE,28.85,28.85,28.85,28.85,0,18
2026-09-22 14:33:00,NATURALGAS,FUT,0.0,NATURALGAS25SEP26FUT,271.3,271.5,271.3,271.5,13750,17
2026-09-22 14:33:00,NATURALGAS,CE,240.0,NATURALGAS23SEP26240CE,33.1,33.1,33.1,33.1,0,17
2026-09-22 14:33:00,NATURALGAS,PE,240.0,NATURALGAS23SEP26240PE,0.1,0.1,0.1,0.1,0,17
2026-09-22 14:33:00,NATURALGAS,CE,245.0,NATURALGAS23SEP26245CE,27.55,27.55,27.55,27.55,0,17
2026-09-22 14:33:00,NATURALGAS,PE,245.0,NATURALGAS23SEP26245PE,0.05,0.05,0.05,0.05,0,17
2026-09-22 14:33:00,NATURALGAS,CE,250.0,NATURALGAS23SEP26250CE,21.15,21.15,21.15,21.15,0,17
2026-09-22 14:33:00,NATURALGAS,PE,250.0,NATURALGAS23SEP26250PE,0.1,0.1,0.1,0.1,0,17
2026-09-22 14:33:00,NATURALGAS,CE,255.0,NATURALGAS23SEP26255CE,16.3,16.3,16.3,16.3,0,17
2026-09-22 14:33:00,NATURALGAS,PE,255.0,NATURALGAS23SEP26255PE,0.1,0.1,0.1,0.1,0,17
2026-09-22 14:33:00,NATURALGAS,CE,260.0,NATURALGAS23SEP26260CE,11.55,11.9,11.55,11.9,10000,17
2026-09-22 14:33:00,NATURALGAS,PE,260.0,NATURALGAS23SEP26260PE,0.45,0.5,0.45,0.45,70000,17
2026-09-22 14:33:00,NATURALGAS,CE,265.0,NATURALGAS23SEP26265CE,7.65,7.7,7.6,7.7,52500,17
2026-09-22 14:33:00,NATURALGAS,PE,265.0,NATURALGAS23SEP26265PE,1.3,1.3,1.25,1.3,17500,17
2026-09-22 14:33:00,NATURALGAS,CE,270.0,NATURALGAS23SEP26270CE,4.4,4.5,4.35,4.45,80000,17
2026-09-22 14:33:00,NATURALGAS,PE,270.0,NATURALGAS23SEP26270PE,3.05,3.1,3.0,3.05,83750,17
2026-09-22 14:33:00,NATURALGAS,CE,275.0,NATURALGAS23SEP26275CE,2.3,2.35,2.3,2.35,61250,17
2026-09-22 14:33:00,NATURALGAS,PE,275.0,NATURALGAS23SEP26275PE,6.0,6.0,5.95,5.95,31250,17
2026-09-22 14:33:00,NATURALGAS,CE,280.0,NATURALGAS23SEP26280CE,1.1,1.1,1.05,1.1,207500,17
2026-09-22 14:33:00,NATURALGAS,PE,280.0,NATURALGAS23SEP26280PE,9.8,9.8,9.75,9.75,5000,17
2026-09-22 14:33:00,NATURALGAS,CE,285.0,NATURALGAS23SEP26285CE,0.5,0.5,0.5,0.5,38750,17
2026-09-22 14:33:00,NATURALGAS,PE,285.0,NATURALGAS23SEP26285PE,14.2,14.2,14.05,14.05,3750,17
2026-09-22 14:33:00,NATURALGAS,CE,290.0,NATURALGAS23SEP26290CE,0.25,0.3,0.25,0.25,200000,17
2026-09-22 14:33:00,NATURALGAS,PE,290.0,NATURALGAS23SEP26290PE,19.0,19.0,19.0,19.0,0,17
2026-09-22 14:33:00,NATURALGAS,CE,295.0,NATURALGAS23SEP26295CE,0.15,0.15,0.15,0.15,0,17
2026-09-22 14:33:00,NATURALGAS,PE,295.0,NATURALGAS23SEP26295PE,23.95,23.95,23.95,23.95,0,17
2026-09-22 14:33:00,NATURALGAS,CE,300.0,NATURALGAS23SEP26300CE,0.1,0.1,0.1,0.1,263750,17
2026-09-22 14:33:00,NATURALGAS,PE,300.0,NATURALGAS23SEP26300PE,28.85,28.85,28.75,28.75,1250,17
2026-09-22 14:33:00,NATGASMINI,FUT,0.0,NATGASMINI25SEP26FUT,271.3,271.5,271.3,271.5,15000,17
2026-09-22 14:33:00,NATGASMINI,CE,240.0,NATGASMINI23SEP26240CE,33.25,33.25,33.25,33.25,0,17
2026-09-22 14:33:00,NATGASMINI,PE,240.0,NATGASMINI23SEP26240PE,0.1,0.1,0.1,0.1,0,17
2026-09-22 14:33:00,NATGASMINI,CE,245.0,NATGASMINI23SEP26245CE,30.4,30.4,30.4,30.4,0,17
2026-09-22 14:33:00,NATGASMINI,PE,245.0,NATGASMINI23SEP26245PE,0.1,0.1,0.1,0.1,0,17
2026-09-22 14:33:00,NATGASMINI,CE,250.0,NATGASMINI23SEP26250CE,21.65,21.65,21.65,21.65,0,17
2026-09-22 14:33:00,NATGASMINI,PE,250.0,NATGASMINI23SEP26250PE,0.1,0.1,0.1,0.1,0,17
2026-09-22 14:33:00,NATGASMINI,CE,255.0,NATGASMINI23SEP26255CE,16.4,16.4,16.4,16.4,0,17
2026-09-22 14:33:00,NATGASMINI,PE,255.0,NATGASMINI23SEP26255PE,0.2,0.2,0.15,0.15,54000,17
2026-09-22 14:33:00,NATGASMINI,CE,260.0,NATGASMINI23SEP26260CE,11.85,12.0,11.85,12.0,1750,17
2026-09-22 14:33:00,NATGASMINI,PE,260.0,NATGASMINI23SEP26260PE,0.45,0.45,0.45,0.45,0,17
2026-09-22 14:33:00,NATGASMINI,CE,265.0,NATGASMINI23SEP26265CE,7.6,7.65,7.6,7.65,7000,17
2026-09-22 14:33:00,NATGASMINI,PE,265.0,NATGASMINI23SEP26265PE,1.25,1.3,1.25,1.3,6250,17
2026-09-22 14:33:00,NATGASMINI,CE,270.0,NATGASMINI23SEP26270CE,4.4,4.5,4.3,4.5,117750,17
2026-09-22 14:33:00,NATGASMINI,PE,270.0,NATGASMINI23SEP26270PE,3.1,3.1,3.0,3.0,9250,17
2026-09-22 14:33:00,NATGASMINI,CE,275.0,NATGASMINI23SEP26275CE,2.35,2.4,2.3,2.4,74500,17
2026-09-22 14:33:00,NATGASMINI,PE,275.0,NATGASMINI23SEP26275PE,6.0,6.0,5.9,5.9,3000,17
2026-09-22 14:33:00,NATGASMINI,CE,280.0,NATGASMINI23SEP26280CE,1.1,1.15,1.1,1.15,7250,17
2026-09-22 14:33:00,NATGASMINI,PE,280.0,NATGASMINI23SEP26280PE,9.8,9.8,9.65,9.65,4000,17
2026-09-22 14:33:00,NATGASMINI,CE,285.0,NATGASMINI23SEP26285CE,0.5,0.5,0.5,0.5,40250,17
2026-09-22 14:33:00,NATGASMINI,PE,285.0,NATGASMINI23SEP26285PE,14.2,14.2,14.1,14.1,3500,17
2026-09-22 14:33:00,NATGASMINI,CE,290.0,NATGASMINI23SEP26290CE,0.3,0.3,0.25,0.25,1000,17
2026-09-22 14:33:00,NATGASMINI,PE,290.0,NATGASMINI23SEP26290PE,18.95,18.95,18.95,18.95,0,17
2026-09-22 14:33:00,NATGASMINI,CE,295.0,NATGASMINI23SEP26295CE,0.15,0.15,0.15,0.15,34250,17
2026-09-22 14:33:00,NATGASMINI,PE,295.0,NATGASMINI23SEP26295PE,24.0,24.0,23.7,23.7,250,17
2026-09-22 14:33:00,NATGASMINI,CE,300.0,NATGASMINI23SEP26300CE,0.15,0.15,0.1,0.1,18500,17
2026-09-22 14:33:00,NATGASMINI,PE,300.0,NATGASMINI23SEP26300PE,28.85,28.85,28.85,28.85,0,17
2026-09-22 14:34:00,NATURALGAS,FUT,0.0,NATURALGAS25SEP26FUT,271.5,271.6,271.4,271.5,27500,18
2026-09-22 14:34:00,NATURALGAS,CE,240.0,NATURALGAS23SEP26240CE,33.1,33.1,33.1,33.1,0,18
2026-09-22 14:34:00,NATURALGAS,PE,240.0,NATURALGAS23SEP26240PE,0.1,0.1,0.1,0.1,0,18
2026-09-22 14:34:00,NATURALGAS,CE,245.0,NATURALGAS23SEP26245CE,27.55,27.55,27.55,27.55,0,18
2026-09-22 14:34:00,NATURALGAS,PE,245.0,NATURALGAS23SEP26245PE,0.05,0.05,0.05,0.05,0,18
2026-09-22 14:34:00,NATURALGAS,CE,250.0,NATURALGAS23SEP26250CE,21.15,21.55,21.15,21.55,2500,18
2026-09-22 14:34:00,NATURALGAS,PE,250.0,NATURALGAS23SEP26250PE,0.1,0.1,0.1,0.1,0,18
2026-09-22 14:34:00,NATURALGAS,CE,255.0,NATURALGAS23SEP26255CE,16.3,16.7,16.3,16.7,1250,18
2026-09-22 14:34:00,NATURALGAS,PE,255.0,NATURALGAS23SEP26255PE,0.1,0.1,0.1,0.1,0,18
2026-09-22 14:34:00,NATURALGAS,CE,260.0,NATURALGAS23SEP26260CE,11.9,12.0,11.9,11.95,63750,18
2026-09-22 14:34:00,NATURALGAS,PE,260.0,NATURALGAS23SEP26260PE,0.45,0.45,0.4,0.4,71250,18
2026-09-22 14:34:00,NATURALGAS,CE,265.0,NATURALGAS23SEP26265CE,7.75,7.85,7.75,7.8,92500,18
2026-09-22 14:34:00,NATURALGAS,PE,265.0,NATURALGAS23SEP26265PE,1.25,1.3,1.25,1.25,55000,18
2026-09-22 14:34:00,NATURALGAS,CE,270.0,NATURALGAS23SEP26270CE,4.45,4.55,4.45,4.55,298750,18
2026-09-22 14:34:00,NATURALGAS,PE,270.0,NATURALGAS23SEP26270PE,3.0,3.05,2.95,2.95,261250,18
2026-09-22 14:34:00,NATURALGAS,CE,275.0,NATURALGAS23SEP26275CE,2.35,2.4,2.35,2.4,232500,18
2026-09-22 14:34:00,NATURALGAS,PE,275.0,NATURALGAS23SEP26275PE,5.95,5.95,5.8,5.85,180000,18
2026-09-22 14:34:00,NATURALGAS,CE,280.0,NATURALGAS23SEP26280CE,1.1,1.15,1.1,1.1,83750,18
2026-09-22 14:34:00,NATURALGAS,PE,280.0,NATURALGAS23SEP26280PE,9.75,9.75,9.6,9.6,22500,18
2026-09-22 14:34:00,NATURALGAS,CE,285.0,NATURALGAS23SEP26285CE,0.5,0.55,0.5,0.5,13750,18
2026-09-22 14:34:00,NATURALGAS,PE,285.0,NATURALGAS23SEP26285PE,14.05,14.05,14.0,14.0,2500,18
2026-09-22 14:34:00,NATURALGAS,CE,290.0,NATURALGAS23SEP26290CE,0.25,0.25,0.25,0.25,52500,18
2026-09-22 14:34:00,NATURALGAS,PE,290.0,NATURALGAS23SEP26290PE,19.0,19.0,19.0,19.0,0,18
2026-09-22 14:34:00,NATURALGAS,CE,295.0,NATURALGAS23SEP26295CE,0.15,0.15,0.15,0.15,0,18
2026-09-22 14:34:00,NATURALGAS,PE,295.0,NATURALGAS23SEP26295PE,23.95,23.95,23.95,23.95,0,18
2026-09-22 14:34:00,NATURALGAS,CE,300.0,NATURALGAS23SEP26300CE,0.1,0.1,0.1,0.1,16250,18
2026-09-22 14:34:00,NATURALGAS,PE,300.0,NATURALGAS23SEP26300PE,28.75,28.75,28.75,28.75,0,18
2026-09-22 14:34:00,NATGASMINI,FUT,0.0,NATGASMINI25SEP26FUT,271.5,271.6,271.5,271.6,11500,18
2026-09-22 14:34:00,NATGASMINI,CE,240.0,NATGASMINI23SEP26240CE,33.25,33.25,33.25,33.25,0,18
2026-09-22 14:34:00,NATGASMINI,PE,240.0,NATGASMINI23SEP26240PE,0.1,0.1,0.1,0.1,0,18
2026-09-22 14:34:00,NATGASMINI,CE,245.0,NATGASMINI23SEP26245CE,30.4,30.4,30.4,30.4,0,18
2026-09-22 14:34:00,NATGASMINI,PE,245.0,NATGASMINI23SEP26245PE,0.05,0.05,0.05,0.05,37750,18
2026-09-22 14:34:00,NATGASMINI,CE,250.0,NATGASMINI23SEP26250CE,21.65,21.65,21.65,21.65,0,18
2026-09-22 14:34:00,NATGASMINI,PE,250.0,NATGASMINI23SEP26250PE,0.1,0.1,0.1,0.1,0,18
2026-09-22 14:34:00,NATGASMINI,CE,255.0,NATGASMINI23SEP26255CE,16.4,16.75,16.4,16.75,2500,18
2026-09-22 14:34:00,NATGASMINI,PE,255.0,NATGASMINI23SEP26255PE,0.15,0.15,0.1,0.1,46500,18
2026-09-22 14:34:00,NATGASMINI,CE,260.0,NATGASMINI23SEP26260CE,12.0,12.1,12.0,12.1,2750,18
2026-09-22 14:34:00,NATGASMINI,PE,260.0,NATGASMINI23SEP26260PE,0.45,0.45,0.4,0.4,41750,18
2026-09-22 14:34:00,NATGASMINI,CE,265.0,NATGASMINI23SEP26265CE,7.65,7.9,7.65,7.9,19500,18
2026-09-22 14:34:00,NATGASMINI,PE,265.0,NATGASMINI23SEP26265PE,1.3,1.3,1.2,1.2,70250,18
2026-09-22 14:34:00,NATGASMINI,CE,270.0,NATGASMINI23SEP26270CE,4.5,4.55,4.45,4.55,54000,18
2026-09-22 14:34:00,NATGASMINI,PE,270.0,NATGASMINI23SEP26270PE,3.0,3.0,2.95,2.95,101750,18
2026-09-22 14:34:00,NATGASMINI,CE,275.0,NATGASMINI23SEP26275CE,2.4,2.45,2.4,2.4,34500,18
2026-09-22 14:34:00,NATGASMINI,PE,275.0,NATGASMINI23SEP26275PE,5.9,5.9,5.8,5.8,37000,18
2026-09-22 14:34:00,NATGASMINI,CE,280.0,NATGASMINI23SEP26280CE,1.15,1.15,1.1,1.1,60250,18
2026-09-22 14:34:00,NATGASMINI,PE,280.0,NATGASMINI23SEP26280PE,9.65,9.65,9.6,9.6,1750,18
2026-09-22 14:34:00,NATGASMINI,CE,285.0,NATGASMINI23SEP26285CE,0.55,0.55,0.55,0.55,750,18
2026-09-22 14:34:00,NATGASMINI,PE,285.0,NATGASMINI23SEP26285PE,14.1,14.1,13.95,14.0,26000,18
2026-09-22 14:34:00,NATGASMINI,CE,290.0,NATGASMINI23SEP26290CE,0.25,0.25,0.25,0.25,37750,18
2026-09-22 14:34:00,NATGASMINI,PE,290.0,NATGASMINI23SEP26290PE,18.7,18.85,18.65,18.65,8750,18
2026-09-22 14:34:00,NATGASMINI,CE,295.0,NATGASMINI23SEP26295CE,0.1,0.1,0.1,0.1,0,18
2026-09-22 14:34:00,NATGASMINI,PE,295.0,NATGASMINI23SEP26295PE,23.7,23.7,23.5,23.5,250,18
2026-09-22 14:34:00,NATGASMINI,CE,300.0,NATGASMINI23SEP26300CE,0.1,0.1,0.1,0.1,0,18
2026-09-22 14:34:00,NATGASMINI,PE,300.0,NATGASMINI23SEP26300PE,28.85,28.85,28.85,28.85,0,18
2026-09-22 14:35:00,NATURALGAS,FUT,0.0,NATURALGAS25SEP26FUT,271.5,271.5,271.4,271.4,50000,18
2026-09-22 14:35:00,NATURALGAS,CE,240.0,NATURALGAS23SEP26240CE,33.1,33.1,33.1,33.1,0,18
2026-09-22 14:35:00,NATURALGAS,PE,240.0,NATURALGAS23SEP26240PE,0.1,0.1,0.1,0.1,0,18
2026-09-22 14:35:00,NATURALGAS,CE,245.0,NATURALGAS23SEP26245CE,27.55,27.55,27.55,27.55,0,18
2026-09-22 14:35:00,NATURALGAS,PE,245.0,NATURALGAS23SEP26245PE,0.05,0.05,0.05,0.05,0,18
2026-09-22 14:35:00,NATURALGAS,CE,250.0,NATURALGAS23SEP26250CE,21.55,21.55,21.55,21.55,0,18
2026-09-22 14:35:00,NATURALGAS,PE,250.0,NATURALGAS23SEP26250PE,0.1,0.1,0.1,0.1,0,18
2026-09-22 14:35:00,NATURALGAS,CE,255.0,NATURALGAS23SEP26255CE,16.55,16.6,16.55,16.6,2500,18
2026-09-22 14:35:00,NATURALGAS,PE,255.0,NATURALGAS23SEP26255PE,0.1,0.1,0.1,0.1,7500,18
2026-09-22 14:35:00,NATURALGAS,CE,260.0,NATURALGAS23SEP26260CE,11.85,11.9,11.85,11.9,1250,18
2026-09-22 14:35:00,NATURALGAS,PE,260.0,NATURALGAS23SEP26260PE,0.4,0.45,0.4,0.45,47500,18
2026-09-22 14:35:00,NATURALGAS,CE,265.0,NATURALGAS23SEP26265CE,7.7,7.75,7.7,7.75,25000,18
2026-09-22 14:35:00,NATURALGAS,PE,265.0,NATURALGAS23SEP26265PE,1.25,1.25,1.2,1.2,90000,18
2026-09-22 14:35:00,NATURALGAS,CE,270.0,NATURALGAS23SEP26270CE,4.4,4.5,4.4,4.45,98750,18
2026-09-22 14:35:00,NATURALGAS,PE,270.0,NATURALGAS23SEP26270PE,3.0,3.05,2.95,2.95,115000,18
2026-09-22 14:35:00,NATURALGAS,CE,275.0,NATURALGAS23SEP26275CE,2.35,2.4,2.35,2.35,177500,18
2026-09-22 14:35:00,NATURALGAS,PE,275.0,NATURALGAS23SEP26275PE,5.9,5.95,5.9,5.9,63750,18
2026-09-22 14:35:00,NATURALGAS,CE,280.0,NATURALGAS23SEP26280CE,1.1,1.1,1.1,1.1,207500,18
2026-09-22 14:35:00,NATURALGAS,PE,280.0,NATURALGAS23SEP26280PE,9.7,9.8,9.65,9.65,101250,18
2026-09-22 14:35:00,NATURALGAS,CE,285.0,NATURALGAS23SEP26285CE,0.5,0.55,0.5,0.55,13750,18
2026-09-22 14:35:00,NATURALGAS,PE,285.0,NATURALGAS23SEP26285PE,14.1,14.1,14.0,14.0,6250,18
2026-09-22 14:35:00,NATURALGAS,CE,290.0,NATURALGAS23SEP26290CE,0.25,0.25,0.25,0.25,48750,18
2026-09-22 14:35:00,NATURALGAS,PE,290.0,NATURALGAS23SEP26290PE,18.7,18.7,18.7,18.7,0,18
2026-09-22 14:35:00,NATURALGAS,CE,295.0,NATURALGAS23SEP26295CE,0.15,0.15,0.15,0.15,1250,18
2026-09-22 14:35:00,NATURALGAS,PE,295.0,NATURALGAS23SEP26295PE,23.95,23.95,23.95,23.95,0,18
2026-09-22 14:35:00,NATURALGAS,CE,300.0,NATURALGAS23SEP26300CE,0.1,0.1,0.05,0.1,20000,18
2026-09-22 14:35:00,NATURALGAS,PE,300.0,NATURALGAS23SEP26300PE,28.75,28.75,28.75,28.75,0,18
2026-09-22 14:35:00,NATGASMINI,FUT,0.0,NATGASMINI25SEP26FUT,271.6,271.6,271.5,271.5,1500,18
2026-09-22 14:35:00,NATGASMINI,CE,240.0,NATGASMINI23SEP26240CE,33.25,33.25,33.25,33.25,0,18
2026-09-22 14:35:00,NATGASMINI,PE,240.0,NATGASMINI23SEP26240PE,0.1,0.1,0.1,0.1,0,18
2026-09-22 14:35:00,NATGASMINI,CE,245.0,NATGASMINI23SEP26245CE,30.4,30.4,30.4,30.4,0,18
2026-09-22 14:35:00,NATGASMINI,PE,245.0,NATGASMINI23SEP26245PE,0.05,0.05,0.05,0.05,0,18
2026-09-22 14:35:00,NATGASMINI,CE,250.0,NATGASMINI23SEP26250CE,21.65,21.65,21.65,21.65,0,18
2026-09-22 14:35:00,NATGASMINI,PE,250.0,NATGASMINI23SEP26250PE,0.1,0.1,0.1,0.1,0,18
2026-09-22 14:35:00,NATGASMINI,CE,255.0,NATGASMINI23SEP26255CE,16.75,16.75,16.75,16.75,0,18
2026-09-22 14:35:00,NATGASMINI,PE,255.0,NATGASMINI23SEP26255PE,0.1,0.15,0.1,0.15,5500,18
2026-09-22 14:35:00,NATGASMINI,CE,260.0,NATGASMINI23SEP26260CE,11.95,12.0,11.95,12.0,3000,18
2026-09-22 14:35:00,NATGASMINI,PE,260.0,NATGASMINI23SEP26260PE,0.4,0.4,0.4,0.4,250,18
2026-09-22 14:35:00,NATGASMINI,CE,265.0,NATGASMINI23SEP26265CE,7.75,7.8,7.7,7.75,1500,18
2026-09-22 14:35:00,NATGASMINI,PE,265.0,NATGASMINI23SEP26265PE,1.25,1.25,1.25,1.25,38500,18
2026-09-22 14:35:00,NATGASMINI,CE,270.0,NATGASMINI23SEP26270CE,4.45,4.5,4.4,4.45,15000,18
2026-09-22 14:35:00,NATGASMINI,PE,270.0,NATGASMINI23SEP26270PE,3.0,3.0,2.95,2.95,21250,18
2026-09-22 14:35:00,NATGASMINI,CE,275.0,NATGASMINI23SEP26275CE,2.4,2.4,2.35,2.4,3500,18
2026-09-22 14:35:00,NATGASMINI,PE,275.0,NATGASMINI23SEP26275PE,5.9,5.9,5.85,5.9,10000,18
2026-09-22 14:35:00,NATGASMINI,CE,280.0,NATGASMINI23SEP26280CE,1.1,1.15,1.1,1.1,20500,18
2026-09-22 14:35:00,NATGASMINI,PE,280.0,NATGASMINI23SEP26280PE,9.65,9.7,9.65,9.7,500,18
2026-09-22 14:35:00,NATGASMINI,CE,285.0,NATGASMINI23SEP26285CE,0.55,0.55,0.5,0.5,250,18
2026-09-22 14:35:00,NATGASMINI,PE,285.0,NATGASMINI23SEP26285PE,14.1,14.15,14.1,14.1,6500,18
2026-09-22 14:35:00,NATGASMINI,CE,290.0,NATGASMINI23SEP26290CE,0.25,0.25,0.25,0.25,0,18
2026-09-22 14:35:00,NATGASMINI,PE,290.0,NATGASMINI23SEP26290PE,18.75,18.75,18.75,18.75,0,18
2026-09-22 14:35:00,NATGASMINI,CE,295.0,NATGASMINI23SEP26295CE,0.1,0.15,0.1,0.15,1750,18
2026-09-22 14:35:00,NATGASMINI,PE,295.0,NATGASMINI23SEP26295PE,23.5,23.5,23.5,23.5,0,18
2026-09-22 14:35:00,NATGASMINI,CE,300.0,NATGASMINI23SEP26300CE,0.1,0.1,0.1,0.1,0,18
2026-09-22 14:35:00,NATGASMINI,PE,300.0,NATGASMINI23SEP26300PE,28.85,28.85,28.85,28.85,0,18
2026-09-22 14:36:00,NATURALGAS,FUT,0.0,NATURALGAS25SEP26FUT,271.5,271.6,271.3,271.5,65000,18
2026-09-22 14:36:00,NATURALGAS,CE,240.0,NATURALGAS23SEP26240CE,33.1,33.1,33.1,33.1,0,18
2026-09-22 14:36:00,NATURALGAS,PE,240.0,NATURALGAS23SEP26240PE,0.1,0.1,0.1,0.1,0,18
2026-09-22 14:36:00,NATURALGAS,CE,245.0,NATURALGAS23SEP26245CE,27.55,27.55,27.55,27.55,0,18
2026-09-22 14:36:00,NATURALGAS,PE,245.0,NATURALGAS23SEP26245PE,0.05,0.05,0.05,0.05,1250,18
2026-09-22 14:36:00,NATURALGAS,CE,250.0,NATURALGAS23SEP26250CE,21.55,21.55,21.55,21.55,0,18
2026-09-22 14:36:00,NATURALGAS,PE,250.0,NATURALGAS23SEP26250PE,0.1,0.1,0.1,0.1,0,18
2026-09-22 14:36:00,NATURALGAS,CE,255.0,NATURALGAS23SEP26255CE,16.6,16.6,16.6,16.6,0,18
2026-09-22 14:36:00,NATURALGAS,PE,255.0,NATURALGAS23SEP26255PE,0.1,0.15,0.1,0.1,6250,18
2026-09-22 14:36:00,NATURALGAS,CE,260.0,NATURALGAS23SEP26260CE,11.9,11.9,11.9,11.9,1250,18
2026-09-22 14:36:00,NATURALGAS,PE,260.0,NATURALGAS23SEP26260PE,0.45,0.45,0.45,0.45,1250,18
2026-09-22 14:36:00,NATURALGAS,CE,265.0,NATURALGAS23SEP26265CE,7.7,7.8,7.7,7.8,51250,18
2026-09-22 14:36:00,NATURALGAS,PE,265.0,NATURALGAS23SEP26265PE,1.2,1.25,1.2,1.25,16250,18
2026-09-22 14:36:00,NATURALGAS,CE,270.0,NATURALGAS23SEP26270CE,4.45,4.5,4.45,4.5,102500,18
2026-09-22 14:36:00,NATURALGAS,PE,270.0,NATURALGAS23SEP26270PE,3.0,3.0,2.95,2.95,161250,18
2026-09-22 14:36:00,NATURALGAS,CE,275.0,NATURALGAS23SEP26275CE,2.4,2.4,2.35,2.35,113750,18
2026-09-22 14:36:00,NATURALGAS,PE,275.0,NATURALGAS23SEP26275PE,5.9,5.9,5.8,5.85,105000,18
2026-09-22 14:36:00,NATURALGAS,CE,280.0,NATURALGAS23SEP26280CE,1.1,1.15,1.1,1.15,66250,18
2026-09-22 14:36:00,NATURALGAS,PE,280.0,NATURALGAS23SEP26280PE,9.65,9.7,9.6,9.7,13750,18
2026-09-22 14:36:00,NATURALGAS,CE,285.0,NATURALGAS23SEP26285CE,0.55,0.55,0.5,0.5,48750,18
2026-09-22 14:36:00,NATURALGAS,PE,285.0,NATURALGAS23SEP26285PE,14.0,14.0,14.0,14.0,0,18
2026-09-22 14:36:00,NATURALGAS,CE,290.0,NATURALGAS23SEP26290CE,0.25,0.3,0.25,0.3,1250,18
2026-09-22 14:36:00,NATURALGAS,PE,290.0,NATURALGAS23SEP26290PE,18.7,18.7,18.7,18.7,0,18
2026-09-22 14:36:00,NATURALGAS,CE,295.0,NATURALGAS23SEP26295CE,0.1,0.1,0.1,0.1,0,18
2026-09-22 14:36:00,NATURALGAS,PE,295.0,NATURALGAS23SEP26295PE,23.95,23.95,23.95,23.95,0,18
2026-09-22 14:36:00,NATURALGAS,CE,300.0,NATURALGAS23SEP26300CE,0.1,0.1,0.05,0.05,62500,18
2026-09-22 14:36:00,NATURALGAS,PE,300.0,NATURALGAS23SEP26300PE,28.75,28.75,28.75,28.75,0,18
2026-09-22 14:36:00,NATGASMINI,FUT,0.0,NATGASMINI25SEP26FUT,271.6,271.7,271.5,271.6,2500,18
2026-09-22 14:36:00,NATGASMINI,CE,240.0,NATGASMINI23SEP26240CE,33.25,33.25,33.25,33.25,0,18
2026-09-22 14:36:00,NATGASMINI,PE,240.0,NATGASMINI23SEP26240PE,0.1,0.1,0.1,0.1,0,18
2026-09-22 14:36:00,NATGASMINI,CE,245.0,NATGASMINI23SEP26245CE,30.4,30.4,30.4,30.4,0,18
2026-09-22 14:36:00,NATGASMINI,PE,245.0,NATGASMINI23SEP26245PE,0.05,0.05,0.05,0.05,0,18
2026-09-22 14:36:00,NATGASMINI,CE,250.0,NATGASMINI23SEP26250CE,21.65,21.65,21.65,21.65,0,18
2026-09-22 14:36:00,NATGASMINI,PE,250.0,NATGASMINI23SEP26250PE,0.1,0.1,0.1,0.1,0,18
2026-09-22 14:36:00,NATGASMINI,CE,255.0,NATGASMINI23SEP26255CE,16.75,16.75,16.75,16.75,0,18
2026-09-22 14:36:00,NATGASMINI,PE,255.0,NATGASMINI23SEP26255PE,0.15,0.2,0.15,0.2,180000,18
2026-09-22 14:36:00,NATGASMINI,CE,260.0,NATGASMINI23SEP26260CE,12.0,12.1,12.0,12.05,1500,18
2026-09-22 14:36:00,NATGASMINI,PE,260.0,NATGASMINI23SEP26260PE,0.4,0.4,0.4,0.4,0,18
2026-09-22 14:36:00,NATGASMINI,CE,265.0,NATGASMINI23SEP26265CE,7.75,7.85,7.75,7.75,4500,18
2026-09-22 14:36:00,NATGASMINI,PE,265.0,NATGASMINI23SEP26265PE,1.25,1.25,1.2,1.25,2000,18
2026-09-22 14:36:00,NATGASMINI,CE,270.0,NATGASMINI23SEP26270CE,4.45,4.55,4.45,4.45,49750,18
2026-09-22 14:36:00,NATGASMINI,PE,270.0,NATGASMINI23SEP26270PE,3.0,3.0,2.9,2.95,57000,18
2026-09-22 14:36:00,NATGASMINI,CE,275.0,NATGASMINI23SEP26275CE,2.4,2.45,2.4,2.45,59750,18
2026-09-22 14:36:00,NATGASMINI,PE,275.0,NATGASMINI23SEP26275PE,5.9,5.9,5.8,5.85,24250,18
2026-09-22 14:36:00,NATGASMINI,CE,280.0,NATGASMINI23SEP26280CE,1.1,1.15,1.1,1.15,35250,18
2026-09-22 14:36:00,NATGASMINI,PE,280.0,NATGASMINI23SEP26280PE,9.65,9.7,9.55,9.65,7500,18
2026-09-22 14:36:00,NATGASMINI,CE,285.0,NATGASMINI23SEP26285CE,0.5,0.55,0.5,0.5,2000,18
2026-09-22 14:36:00,NATGASMINI,PE,285.0,NATGASMINI23SEP26285PE,14.1,14.1,13.9,14.05,2500,18
2026-09-22 14:36:00,NATGASMINI,CE,290.0,NATGASMINI23SEP26290CE,0.25,0.25,0.25,0.25,250,18
2026-09-22 14:36:00,NATGASMINI,PE,290.0,NATGASMINI23SEP26290PE,18.75,18.75,18.75,18.75,0,18
2026-09-22 14:36:00,NATGASMINI,CE,295.0,NATGASMINI23SEP26295CE,0.15,0.15,0.15,0.15,0,18
2026-09-22 14:36:00,NATGASMINI,PE,295.0,NATGASMINI23SEP26295PE,23.5,23.5,23.5,23.5,0,18
2026-09-22 14:36:00,NATGASMINI,CE,300.0,NATGASMINI23SEP26300CE,0.1,0.1,0.1,0.1,0,18
2026-09-22 14:36:00,NATGASMINI,PE,300.0,NATGASMINI23SEP26300PE,28.85,28.85,28.85,28.85,0,18
2026-09-22 14:37:00,NATURALGAS,FUT,0.0,NATURALGAS25SEP26FUT,271.5,271.6,271.5,271.5,16250,18
2026-09-22 14:37:00,NATURALGAS,CE,240.0,NATURALGAS23SEP26240CE,33.1,33.1,33.1,33.1,0,18
2026-09-22 14:37:00,NATURALGAS,PE,240.0,NATURALGAS23SEP26240PE,0.1,0.1,0.1,0.1,0,18
2026-09-22 14:37:00,NATURALGAS,CE,245.0,NATURALGAS23SEP26245CE,27.55,27.55,27.55,27.55,0,18
2026-09-22 14:37:00,NATURALGAS,PE,245.0,NATURALGAS23SEP26245PE,0.05,0.05,0.05,0.05,0,18
2026-09-22 14:37:00,NATURALGAS,CE,250.0,NATURALGAS23SEP26250CE,21.55,21.55,21.55,21.55,0,18
2026-09-22 14:37:00,NATURALGAS,PE,250.0,NATURALGAS23SEP26250PE,0.1,0.1,0.1,0.1,1250,18
2026-09-22 14:37:00,NATURALGAS,CE,255.0,NATURALGAS23SEP26255CE,16.6,16.8,16.6,16.7,26250,18
2026-09-22 14:37:00,NATURALGAS,PE,255.0,NATURALGAS23SEP26255PE,0.1,0.15,0.1,0.15,2500,18
2026-09-22 14:37:00,NATURALGAS,CE,260.0,NATURALGAS23SEP26260CE,11.9,12.0,11.9,11.95,5000,18
2026-09-22 14:37:00,NATURALGAS,PE,260.0,NATURALGAS23SEP26260PE,0.45,0.45,0.45,0.45,131250,18
2026-09-22 14:37:00,NATURALGAS,CE,265.0,NATURALGAS23SEP26265CE,7.8,7.8,7.75,7.8,17500,18
2026-09-22 14:37:00,NATURALGAS,PE,265.0,NATURALGAS23SEP26265PE,1.25,1.25,1.2,1.25,17500,18
2026-09-22 14:37:00,NATURALGAS,CE,270.0,NATURALGAS23SEP26270CE,4.5,4.55,4.5,4.5,101250,18
2026-09-22 14:37:00,NATURALGAS,PE,270.0,NATURALGAS23SEP26270PE,2.95,3.0,2.95,2.95,75000,18
2026-09-22 14:37:00,NATURALGAS,CE,275.0,NATURALGAS23SEP26275CE,2.35,2.4,2.35,2.35,58750,18
2026-09-22 14:37:00,NATURALGAS,PE,275.0,NATURALGAS23SEP26275PE,5.85,5.85,5.8,5.85,67500,18
2026-09-22 14:37:00,NATURALGAS,CE,280.0,NATURALGAS23SEP26280CE,1.15,1.15,1.15,1.15,53750,18
2026-09-22 14:37:00,NATURALGAS,PE,280.0,NATURALGAS23SEP26280PE,9.7,9.7,9.6,9.65,15000,18
2026-09-22 14:37:00,NATURALGAS,CE,285.0,NATURALGAS23SEP26285CE,0.5,0.55,0.5,0.55,6250,18
2026-09-22 14:37:00,NATURALGAS,PE,285.0,NATURALGAS23SEP26285PE,14.0,14.0,14.0,14.0,0,18
2026-09-22 14:37:00,NATURALGAS,CE,290.0,NATURALGAS23SEP26290CE,0.3,0.3,0.25,0.25,1250,18
2026-09-22 14:37:00,NATURALGAS,PE,290.0,NATURALGAS23SEP26290PE,18.7,18.75,18.65,18.65,2500,18
2026-09-22 14:37:00,NATURALGAS,CE,295.0,NATURALGAS23SEP26295CE,0.1,0.1,0.1,0.1,0,18
2026-09-22 14:37:00,NATURALGAS,PE,295.0,NATURALGAS23SEP26295PE,23.95,23.95,23.95,23.95,0,18
2026-09-22 14:37:00,NATURALGAS,CE,300.0,NATURALGAS23SEP26300CE,0.05,0.05,0.05,0.05,50000,18
2026-09-22 14:37:00,NATURALGAS,PE,300.0,NATURALGAS23SEP26300PE,28.75,28.75,28.75,28.75,0,18
2026-09-22 14:37:00,NATGASMINI,FUT,0.0,NATGASMINI25SEP26FUT,271.6,271.6,271.5,271.5,8250,18
2026-09-22 14:37:00,NATGASMINI,CE,240.0,NATGASMINI23SEP26240CE,33.25,33.25,33.25,33.25,0,18
2026-09-22 14:37:00,NATGASMINI,PE,240.0,NATGASMINI23SEP26240PE,0.1,0.1,0.1,0.1,0,18
2026-09-22 14:37:00,NATGASMINI,CE,245.0,NATGASMINI23SEP26245CE,30.4,30.4,30.4,30.4,0,18
2026-09-22 14:37:00,NATGASMINI,PE,245.0,NATGASMINI23SEP26245PE,0.05,0.05,0.05,0.05,0,18
2026-09-22 14:37:00,NATGASMINI,CE,250.0,NATGASMINI23SEP26250CE,21.65,21.65,21.65,21.65,0,18
2026-09-22 14:37:00,NATGASMINI,PE,250.0,NATGASMINI23SEP26250PE,0.1,0.1,0.1,0.1,0,18
2026-09-22 14:37:00,NATGASMINI,CE,255.0,NATGASMINI23SEP26255CE,16.75,16.75,16.75,16.75,0,18
2026-09-22 14:37:00,NATGASMINI,PE,255.0,NATGASMINI23SEP26255PE,0.2,0.2,0.1,0.15,181500,18
2026-09-22 14:37:00,NATGASMINI,CE,260.0,NATGASMINI23SEP26260CE,12.05,12.05,12.05,12.05,2250,18
2026-09-22 14:37:00,NATGASMINI,PE,260.0,NATGASMINI23SEP26260PE,0.4,0.45,0.4,0.4,1000,18
2026-09-22 14:37:00,NATGASMINI,CE,265.0,NATGASMINI23SEP26265CE,7.75,7.85,7.75,7.8,2750,18
2026-09-22 14:37:00,NATGASMINI,PE,265.0,NATGASMINI23SEP26265PE,1.25,1.25,1.25,1.25,500,18
2026-09-22 14:37:00,NATGASMINI,CE,270.0,NATGASMINI23SEP26270CE,4.5,4.55,4.5,4.5,41250,18
2026-09-22 14:37:00,NATGASMINI,PE,270.0,NATGASMINI23SEP26270PE,2.9,2.95,2.9,2.95,8000,18
2026-09-22 14:37:00,NATGASMINI,CE,275.0,NATGASMINI23SEP26275CE,2.45,2.45,2.4,2.4,35750,18
2026-09-22 14:37:00,NATGASMINI,PE,275.0,NATGASMINI23SEP26275PE,5.8,5.85,5.8,5.85,22500,18
2026-09-22 14:37:00,NATGASMINI,CE,280.0,NATGASMINI23SEP26280CE,1.15,1.15,1.1,1.15,2750,18
2026-09-22 14:37:00,NATGASMINI,PE,280.0,NATGASMINI23SEP26280PE,9.6,9.6,9.5,9.55,4250,18
2026-09-22 14:37:00,NATGASMINI,CE,285.0,NATGASMINI23SEP26285CE,0.5,0.5,0.5,0.5,6500,18
2026-09-22 14:37:00,NATGASMINI,PE,285.0,NATGASMINI23SEP26285PE,13.95,14.05,13.95,14.05,750,18
2026-09-22 14:37:00,NATGASMINI,CE,290.0,NATGASMINI23SEP26290CE,0.25,0.25,0.25,0.25,3750,18
2026-09-22 14:37:00,NATGASMINI,PE,290.0,NATGASMINI23SEP26290PE,18.75,18.75,18.75,18.75,0,18
2026-09-22 14:37:00,NATGASMINI,CE,295.0,NATGASMINI23SEP26295CE,0.15,0.15,0.15,0.15,0,18
2026-09-22 14:37:00,NATGASMINI,PE,295.0,NATGASMINI23SEP26295PE,23.5,23.5,23.5,23.5,0,18
2026-09-22 14:37:00,NATGASMINI,CE,300.0,NATGASMINI23SEP26300CE,0.1,0.1,0.1,0.1,0,18
2026-09-22 14:37:00,NATGASMINI,PE,300.0,NATGASMINI23SEP26300PE,28.85,28.85,28.85,28.85,0,18
2026-09-22 14:38:00,NATURALGAS,FUT,0.0,NATURALGAS25SEP26FUT,271.5,271.5,271.5,271.5,0,18
2026-09-22 14:38:00,NATURALGAS,CE,240.0,NATURALGAS23SEP26240CE,33.1,33.1,33.1,33.1,0,18
2026-09-22 14:38:00,NATURALGAS,PE,240.0,NATURALGAS23SEP26240PE,0.1,0.1,0.1,0.1,0,18
2026-09-22 14:38:00,NATURALGAS,CE,245.0,NATURALGAS23SEP26245CE,27.55,27.55,27.55,27.55,0,18
2026-09-22 14:38:00,NATURALGAS,PE,245.0,NATURALGAS23SEP26245PE,0.1,0.1,0.1,0.1,0,18
2026-09-22 14:38:00,NATURALGAS,CE,250.0,NATURALGAS23SEP26250CE,21.55,21.55,21.55,21.55,1250,18
2026-09-22 14:38:00,NATURALGAS,PE,250.0,NATURALGAS23SEP26250PE,0.1,0.1,0.1,0.1,7500,18
2026-09-22 14:38:00,NATURALGAS,CE,255.0,NATURALGAS23SEP26255CE,16.7,16.75,16.7,16.75,1250,18
2026-09-22 14:38:00,NATURALGAS,PE,255.0,NATURALGAS23SEP26255PE,0.15,0.15,0.15,0.15,0,18
2026-09-22 14:38:00,NATURALGAS,CE,260.0,NATURALGAS23SEP26260CE,11.95,12.0,11.95,12.0,13750,18
2026-09-22 14:38:00,NATURALGAS,PE,260.0,NATURALGAS23SEP26260PE,0.45,0.45,0.4,0.45,128750,18
2026-09-22 14:38:00,NATURALGAS,CE,265.0,NATURALGAS23SEP26265CE,7.8,7.8,7.8,7.8,3750,18
2026-09-22 14:38:00,NATURALGAS,PE,265.0,NATURALGAS23SEP26265PE,1.25,1.25,1.2,1.25,2500,18
2026-09-22 14:38:00,NATURALGAS,CE,270.0,NATURALGAS23SEP26270CE,4.5,4.5,4.45,4.5,41250,18
2026-09-22 14:38:00,NATURALGAS,PE,270.0,NATURALGAS23SEP26270PE,2.95,3.0,2.95,2.95,81250,18
2026-09-22 14:38:00,NATURALGAS,CE,275.0,NATURALGAS23SEP26275CE,2.35,2.4,2.35,2.35,61250,18
2026-09-22 14:38:00,NATURALGAS,PE,275.0,NATURALGAS23SEP26275PE,5.85,5.9,5.8,5.8,116250,18
2026-09-22 14:38:00,NATURALGAS,CE,280.0,NATURALGAS23SEP26280CE,1.15,1.15,1.1,1.1,28750,18
2026-09-22 14:38:00,NATURALGAS,PE,280.0,NATURALGAS23SEP26280PE,9.65,9.65,9.65,9.65,22500,18
2026-09-22 14:38:00,NATURALGAS,CE,285.0,NATURALGAS23SEP26285CE,0.55,0.55,0.55,0.55,0,18
2026-09-22 14:38:00,NATURALGAS,PE,285.0,NATURALGAS23SEP26285PE,14.0,14.0,14.0,14.0,0,18
2026-09-22 14:38:00,NATURALGAS,CE,290.0,NATURALGAS23SEP26290CE,0.25,0.25,0.25,0.25,60000,18
2026-09-22 14:38:00,NATURALGAS,PE,290.0,NATURALGAS23SEP26290PE,18.65,18.65,18.65,18.65,0,18
2026-09-22 14:38:00,NATURALGAS,CE,295.0,NATURALGAS23SEP26295CE,0.1,0.1,0.1,0.1,0,18
2026-09-22 14:38:00,NATURALGAS,PE,295.0,NATURALGAS23SEP26295PE,23.95,23.95,23.95,23.95,0,18
2026-09-22 14:38:00,NATURALGAS,CE,300.0,NATURALGAS23SEP26300CE,0.05,0.05,0.05,0.05,1250,18
2026-09-22 14:38:00,NATURALGAS,PE,300.0,NATURALGAS23SEP26300PE,28.75,28.75,28.75,28.75,0,18
2026-09-22 14:38:00,NATGASMINI,FUT,0.0,NATGASMINI25SEP26FUT,271.5,271.6,271.5,271.5,9250,18
2026-09-22 14:38:00,NATGASMINI,CE,240.0,NATGASMINI23SEP26240CE,33.25,33.25,33.25,33.25,0,18
2026-09-22 14:38:00,NATGASMINI,PE,240.0,NATGASMINI23SEP26240PE,0.1,0.1,0.1,0.1,0,18
2026-09-22 14:38:00,NATGASMINI,CE,245.0,NATGASMINI23SEP26245CE,30.4,30.4,30.4,30.4,0,18
2026-09-22 14:38:00,NATGASMINI,PE,245.0,NATGASMINI23SEP26245PE,0.05,0.05,0.05,0.05,0,18
2026-09-22 14:38:00,NATGASMINI,CE,250.0,NATGASMINI23SEP26250CE,21.65,21.65,21.65,21.65,0,18
2026-09-22 14:38:00,NATGASMINI,PE,250.0,NATGASMINI23SEP26250PE,0.1,0.15,0.1,0.1,144750,18
2026-09-22 14:38:00,NATGASMINI,CE,255.0,NATGASMINI23SEP26255CE,16.75,16.75,16.75,16.75,0,18
2026-09-22 14:38:00,NATGASMINI,PE,255.0,NATGASMINI23SEP26255PE,0.15,0.15,0.15,0.15,84250,18
2026-09-22 14:38:00,NATGASMINI,CE,260.0,NATGASMINI23SEP26260CE,12.05,12.05,12.05,12.05,0,18
2026-09-22 14:38:00,NATGASMINI,PE,260.0,NATGASMINI23SEP26260PE,0.4,0.45,0.4,0.45,750,18
2026-09-22 14:38:00,NATGASMINI,CE,265.0,NATGASMINI23SEP26265CE,7.8,7.8,7.75,7.75,750,18
2026-09-22 14:38:00,NATGASMINI,PE,265.0,NATGASMINI23SEP26265PE,1.25,1.25,1.25,1.25,0,18
2026-09-22 14:38:00,NATGASMINI,CE,270.0,NATGASMINI23SEP26270CE,4.5,4.55,4.45,4.5,12000,18
2026-09-22 14:38:00,NATGASMINI,PE,270.0,NATGASMINI23SEP26270PE,3.0,3.0,2.9,2.95,8750,18
2026-09-22 14:38:00,NATGASMINI,CE,275.0,NATGASMINI23SEP26275CE,2.4,2.45,2.4,2.4,47000,18
2026-09-22 14:38:00,NATGASMINI,PE,275.0,NATGASMINI23SEP26275PE,5.85,5.9,5.8,5.8,10000,18
2026-09-22 14:38:00,NATGASMINI,CE,280.0,NATGASMINI23SEP26280CE,1.15,1.15,1.1,1.15,2500,18
2026-09-22 14:38:00,NATGASMINI,PE,280.0,NATGASMINI23SEP26280PE,9.55,9.55,9.55,9.55,500,18
2026-09-22 14:38:00,NATGASMINI,CE,285.0,NATGASMINI23SEP26285CE,0.5,0.5,0.5,0.5,1000,18
2026-09-22 14:38:00,NATGASMINI,PE,285.0,NATGASMINI23SEP26285PE,14.05,14.05,14.05,14.05,1750,18
2026-09-22 14:38:00,NATGASMINI,CE,290.0,NATGASMINI23SEP26290CE,0.25,0.3,0.25,0.3,500,18
2026-09-22 14:38:00,NATGASMINI,PE,290.0,NATGASMINI23SEP26290PE,18.75,18.75,18.75,18.75,0,18
2026-09-22 14:38:00,NATGASMINI,CE,295.0,NATGASMINI23SEP26295CE,0.15,0.15,0.15,0.15,0,18
2026-09-22 14:38:00,NATGASMINI,PE,295.0,NATGASMINI23SEP26295PE,23.5,23.5,23.5,23.5,0,18
2026-09-22 14:38:00,NATGASMINI,CE,300.0,NATGASMINI23SEP26300CE,0.1,0.1,0.1,0.1,0,18
2026-09-22 14:38:00,NATGASMINI,PE,300.0,NATGASMINI23SEP26300PE,28.85,28.85,28.85,28.85,0,18
2026-09-22 14:39:00,NATURALGAS,FUT,0.0,NATURALGAS25SEP26FUT,271.6,271.6,271.5,271.6,13750,18
2026-09-22 14:39:00,NATURALGAS,CE,240.0,NATURALGAS23SEP26240CE,33.1,33.1,33.1,33.1,0,18
2026-09-22 14:39:00,NATURALGAS,PE,240.0,NATURALGAS23SEP26240PE,0.1,0.1,0.1,0.1,0,18
2026-09-22 14:39:00,NATURALGAS,CE,245.0,NATURALGAS23SEP26245CE,27.55,27.55,27.55,27.55,0,18
2026-09-22 14:39:00,NATURALGAS,PE,245.0,NATURALGAS23SEP26245PE,0.1,0.1,0.1,0.1,0,18
2026-09-22 14:39:00,NATURALGAS,CE,250.0,NATURALGAS23SEP26250CE,21.55,21.55,21.55,21.55,0,18
2026-09-22 14:39:00,NATURALGAS,PE,250.0,NATURALGAS23SEP26250PE,0.1,0.1,0.1,0.1,0,18
2026-09-22 14:39:00,NATURALGAS,CE,255.0,NATURALGAS23SEP26255CE,16.75,16.75,16.75,16.75,0,18
2026-09-22 14:39:00,NATURALGAS,PE,255.0,NATURALGAS23SEP26255PE,0.15,0.15,0.15,0.15,0,18
2026-09-22 14:39:00,NATURALGAS,CE,260.0,NATURALGAS23SEP26260CE,12.0,12.0,12.0,12.0,2500,18
2026-09-22 14:39:00,NATURALGAS,PE,260.0,NATURALGAS23SEP26260PE,0.45,0.45,0.45,0.45,0,18
2026-09-22 14:39:00,NATURALGAS,CE,265.0,NATURALGAS23SEP26265CE,7.8,7.8,7.8,7.8,20000,18
2026-09-22 14:39:00,NATURALGAS,PE,265.0,NATURALGAS23SEP26265PE,1.25,1.25,1.2,1.2,1250,18
2026-09-22 14:39:00,NATURALGAS,CE,270.0,NATURALGAS23SEP26270CE,4.45,4.5,4.45,4.5,102500,18
2026-09-22 14:39:00,NATURALGAS,PE,270.0,NATURALGAS23SEP26270PE,2.95,3.0,2.95,3.0,275000,18
2026-09-22 14:39:00,NATURALGAS,CE,275.0,NATURALGAS23SEP26275CE,2.35,2.4,2.35,2.35,243750,18
2026-09-22 14:39:00,NATURALGAS,PE,275.0,NATURALGAS23SEP26275PE,5.8,5.85,5.8,5.85,52500,18
2026-09-22 14:39:00,NATURALGAS,CE,280.0,NATURALGAS23SEP26280CE,1.15,1.15,1.1,1.15,20000,18
2026-09-22 14:39:00,NATURALGAS,PE,280.0,NATURALGAS23SEP26280PE,9.65,9.65,9.55,9.55,17500,18
2026-09-22 14:39:00,NATURALGAS,CE,285.0,NATURALGAS23SEP26285CE,0.55,0.55,0.55,0.55,1250,18
2026-09-22 14:39:00,NATURALGAS,PE,285.0,NATURALGAS23SEP26285PE,14.0,14.0,13.9,13.9,1250,18
2026-09-22 14:39:00,NATURALGAS,CE,290.0,NATURALGAS23SEP26290CE,0.25,0.25,0.25,0.25,10000,18
2026-09-22 14:39:00,NATURALGAS,PE,290.0,NATURALGAS23SEP26290PE,18.65,18.7,18.65,18.7,1250,18
2026-09-22 14:39:00,NATURALGAS,CE,295.0,NATURALGAS23SEP26295CE,0.1,0.1,0.1,0.1,0,18
2026-09-22 14:39:00,NATURALGAS,PE,295.0,NATURALGAS23SEP26295PE,23.95,23.95,23.95,23.95,0,18
2026-09-22 14:39:00,NATURALGAS,CE,300.0,NATURALGAS23SEP26300CE,0.05,0.1,0.05,0.1,2500,18
2026-09-22 14:39:00,NATURALGAS,PE,300.0,NATURALGAS23SEP26300PE,28.75,28.75,28.75,28.75,0,18
2026-09-22 14:39:00,NATGASMINI,FUT,0.0,NATGASMINI25SEP26FUT,271.5,271.7,271.5,271.7,7250,18
2026-09-22 14:39:00,NATGASMINI,CE,240.0,NATGASMINI23SEP26240CE,33.25,33.25,33.25,33.25,0,18
2026-09-22 14:39:00,NATGASMINI,PE,240.0,NATGASMINI23SEP26240PE,0.1,0.1,0.1,0.1,0,18
2026-09-22 14:39:00,NATGASMINI,CE,245.0,NATGASMINI23SEP26245CE,30.4,30.4,30.4,30.4,0,18
2026-09-22 14:39:00,NATGASMINI,PE,245.0,NATGASMINI23SEP26245PE,0.05,0.05,0.05,0.05,0,18
2026-09-22 14:39:00,NATGASMINI,CE,250.0,NATGASMINI23SEP26250CE,21.65,21.65,21.65,21.65,0,18
2026-09-22 14:39:00,NATGASMINI,PE,250.0,NATGASMINI23SEP26250PE,0.1,0.1,0.1,0.1,0,18
2026-09-22 14:39:00,NATGASMINI,CE,255.0,NATGASMINI23SEP26255CE,16.75,16.75,16.75,16.75,0,18
2026-09-22 14:39:00,NATGASMINI,PE,255.0,NATGASMINI23SEP26255PE,0.15,0.15,0.1,0.1,250,18
2026-09-22 14:39:00,NATGASMINI,CE,260.0,NATGASMINI23SEP26260CE,12.1,12.15,12.1,12.1,7000,18
2026-09-22 14:39:00,NATGASMINI,PE,260.0,NATGASMINI23SEP26260PE,0.45,0.45,0.4,0.4,19250,18
2026-09-22 14:39:00,NATGASMINI,CE,265.0,NATGASMINI23SEP26265CE,7.75,7.85,7.75,7.8,4500,18
2026-09-22 14:39:00,NATGASMINI,PE,265.0,NATGASMINI23SEP26265PE,1.25,1.25,1.25,1.25,15500,18
2026-09-22 14:39:00,NATGASMINI,CE,270.0,NATGASMINI23SEP26270CE,4.55,4.55,4.45,4.45,25750,18
2026-09-22 14:39:00,NATGASMINI,PE,270.0,NATGASMINI23SEP26270PE,2.95,3.0,2.9,2.95,12250,18
2026-09-22 14:39:00,NATGASMINI,CE,275.0,NATGASMINI23SEP26275CE,2.45,2.45,2.45,2.45,5250,18
2026-09-22 14:39:00,NATGASMINI,PE,275.0,NATGASMINI23SEP26275PE,5.8,5.9,5.8,5.9,7750,18
2026-09-22 14:39:00,NATGASMINI,CE,280.0,NATGASMINI23SEP26280CE,1.15,1.15,1.1,1.1,6000,18
2026-09-22 14:39:00,NATGASMINI,PE,280.0,NATGASMINI23SEP26280PE,9.6,9.6,9.6,9.6,2000,18
2026-09-22 14:39:00,NATGASMINI,CE,285.0,NATGASMINI23SEP26285CE,0.5,0.55,0.5,0.5,68500,18
2026-09-22 14:39:00,NATGASMINI,PE,285.0,NATGASMINI23SEP26285PE,14.05,14.05,13.9,13.95,5500,18
2026-09-22 14:39:00,NATGASMINI,CE,290.0,NATGASMINI23SEP26290CE,0.3,0.3,0.3,0.3,1750,18
2026-09-22 14:39:00,NATGASMINI,PE,290.0,NATGASMINI23SEP26290PE,18.75,18.75,18.7,18.7,1250,18
2026-09-22 14:39:00,NATGASMINI,CE,295.0,NATGASMINI23SEP26295CE,0.15,0.15,0.1,0.1,15000,18
2026-09-22 14:39:00,NATGASMINI,PE,295.0,NATGASMINI23SEP26295PE,23.5,23.5,23.5,23.5,0,18
2026-09-22 14:39:00,NATGASMINI,CE,300.0,NATGASMINI23SEP26300CE,0.1,0.1,0.1,0.1,500,18
2026-09-22 14:39:00,NATGASMINI,PE,300.0,NATGASMINI23SEP26300PE,28.85,28.85,28.85,28.85,0,18
2026-09-22 14:40:00,NATURALGAS,FUT,0.0,NATURALGAS25SEP26FUT,271.6,271.7,271.6,271.7,46250,18
2026-09-22 14:40:00,NATURALGAS,CE,240.0,NATURALGAS23SEP26240CE,33.1,33.1,33.1,33.1,0,18
2026-09-22 14:40:00,NATURALGAS,PE,240.0,NATURALGAS23SEP26240PE,0.1,0.1,0.1,0.1,0,18
2026-09-22 14:40:00,NATURALGAS,CE,245.0,NATURALGAS23SEP26245CE,27.55,27.55,27.55,27.55,0,18
2026-09-22 14:40:00,NATURALGAS,PE,245.0,NATURALGAS23SEP26245PE,0.1,0.1,0.1,0.1,0,18
2026-09-22 14:40:00,NATURALGAS,CE,250.0,NATURALGAS23SEP26250CE,21.55,21.7,21.55,21.7,3750,18
2026-09-22 14:40:00,NATURALGAS,PE,250.0,NATURALGAS23SEP26250PE,0.1,0.1,0.1,0.1,0,18
2026-09-22 14:40:00,NATURALGAS,CE,255.0,NATURALGAS23SEP26255CE,16.75,16.75,16.75,16.75,0,18
2026-09-22 14:40:00,NATURALGAS,PE,255.0,NATURALGAS23SEP26255PE,0.15,0.15,0.15,0.15,0,18
2026-09-22 14:40:00,NATURALGAS,CE,260.0,NATURALGAS23SEP26260CE,12.0,12.1,12.0,12.1,12500,18
2026-09-22 14:40:00,NATURALGAS,PE,260.0,NATURALGAS23SEP26260PE,0.45,0.45,0.4,0.4,91250,18
2026-09-22 14:40:00,NATURALGAS,CE,265.0,NATURALGAS23SEP26265CE,7.8,7.9,7.8,7.9,11250,18
2026-09-22 14:40:00,NATURALGAS,PE,265.0,NATURALGAS23SEP26265PE,1.2,1.2,1.2,1.2,42500,18
2026-09-22 14:40:00,NATURALGAS,CE,270.0,NATURALGAS23SEP26270CE,4.5,4.6,4.5,4.6,180000,18
2026-09-22 14:40:00,NATURALGAS,PE,270.0,NATURALGAS23SEP26270PE,2.95,2.95,2.9,2.9,87500,18
2026-09-22 14:40:00,NATURALGAS,CE,275.0,NATURALGAS23SEP26275CE,2.4,2.45,2.4,2.45,212500,18
2026-09-22 14:40:00,NATURALGAS,PE,275.0,NATURALGAS23SEP26275PE,5.8,5.85,5.7,5.75,65000,18
2026-09-22 14:40:00,NATURALGAS,CE,280.0,NATURALGAS23SEP26280CE,1.15,1.15,1.1,1.15,35000,18
2026-09-22 14:40:00,NATURALGAS,PE,280.0,NATURALGAS23SEP26280PE,9.55,9.55,9.5,9.5,22500,18
2026-09-22 14:40:00,NATURALGAS,CE,285.0,NATURALGAS23SEP26285CE,0.55,0.55,0.55,0.55,0,18
2026-09-22 14:40:00,NATURALGAS,PE,285.0,NATURALGAS23SEP26285PE,13.9,13.9,13.85,13.85,2500,18
2026-09-22 14:40:00,NATURALGAS,CE,290.0,NATURALGAS23SEP26290CE,0.25,0.25,0.25,0.25,21250,18
2026-09-22 14:40:00,NATURALGAS,PE,290.0,NATURALGAS23SEP26290PE,18.7,18.7,18.7,18.7,0,18
2026-09-22 14:40:00,NATURALGAS,CE,295.0,NATURALGAS23SEP26295CE,0.1,0.1,0.1,0.1,7500,18
2026-09-22 14:40:00,NATURALGAS,PE,295.0,NATURALGAS23SEP26295PE,23.95,23.95,23.95,23.95,0,18
2026-09-22 14:40:00,NATURALGAS,CE,300.0,NATURALGAS23SEP26300CE,0.1,0.1,0.05,0.05,1250,18
2026-09-22 14:40:00,NATURALGAS,PE,300.0,NATURALGAS23SEP26300PE,28.75,28.75,28.75,28.75,0,18
2026-09-22 14:40:00,NATGASMINI,FUT,0.0,NATGASMINI25SEP26FUT,271.7,271.8,271.6,271.6,8250,18
2026-09-22 14:40:00,NATGASMINI,CE,240.0,NATGASMINI23SEP26240CE,33.25,33.25,33.25,33.25,0,18
2026-09-22 14:40:00,NATGASMINI,PE,240.0,NATGASMINI23SEP26240PE,0.1,0.1,0.1,0.1,0,18
2026-09-22 14:40:00,NATGASMINI,CE,245.0,NATGASMINI23SEP26245CE,30.4,30.4,30.4,30.4,0,18
2026-09-22 14:40:00,NATGASMINI,PE,245.0,NATGASMINI23SEP26245PE,0.05,0.05,0.05,0.05,0,18
2026-09-22 14:40:00,NATGASMINI,CE,250.0,NATGASMINI23SEP26250CE,21.65,21.75,21.65,21.75,500,18
2026-09-22 14:40:00,NATGASMINI,PE,250.0,NATGASMINI23SEP26250PE,0.1,0.1,0.1,0.1,0,18
2026-09-22 14:40:00,NATGASMINI,CE,255.0,NATGASMINI23SEP26255CE,16.75,16.75,16.75,16.75,0,18
2026-09-22 14:40:00,NATGASMINI,PE,255.0,NATGASMINI23SEP26255PE,0.1,0.1,0.1,0.1,0,18
2026-09-22 14:40:00,NATGASMINI,CE,260.0,NATGASMINI23SEP26260CE,12.1,12.25,12.1,12.25,750,18
2026-09-22 14:40:00,NATGASMINI,PE,260.0,NATGASMINI23SEP26260PE,0.4,0.45,0.4,0.4,17750,18
2026-09-22 14:40:00,NATGASMINI,CE,265.0,NATGASMINI23SEP26265CE,7.8,7.95,7.8,7.95,9500,18
2026-09-22 14:40:00,NATGASMINI,PE,265.0,NATGASMINI23SEP26265PE,1.25,1.25,1.15,1.15,115750,18
2026-09-22 14:40:00,NATGASMINI,CE,270.0,NATGASMINI23SEP26270CE,4.55,4.6,4.55,4.55,100750,18
2026-09-22 14:40:00,NATGASMINI,PE,270.0,NATGASMINI23SEP26270PE,2.95,2.95,2.85,2.85,45250,18
2026-09-22 14:40:00,NATGASMINI,CE,275.0,NATGASMINI23SEP26275CE,2.45,2.5,2.4,2.5,165000,18
2026-09-22 14:40:00,NATGASMINI,PE,275.0,NATGASMINI23SEP26275PE,5.8,5.8,5.8,5.8,12250,18
2026-09-22 14:40:00,NATGASMINI,CE,280.0,NATGASMINI23SEP26280CE,1.1,1.15,1.1,1.1,11000,18
2026-09-22 14:40:00,NATGASMINI,PE,280.0,NATGASMINI23SEP26280PE,9.6,9.6,9.45,9.55,11500,18
2026-09-22 14:40:00,NATGASMINI,CE,285.0,NATGASMINI23SEP26285CE,0.55,0.55,0.5,0.5,2750,18
2026-09-22 14:40:00,NATGASMINI,PE,285.0,NATGASMINI23SEP26285PE,13.95,13.95,13.85,13.9,3000,18
2026-09-22 14:40:00,NATGASMINI,CE,290.0,NATGASMINI23SEP26290CE,0.3,0.3,0.3,0.3,0,18
2026-09-22 14:40:00,NATGASMINI,PE,290.0,NATGASMINI23SEP26290PE,18.7,18.7,18.7,18.7,0,18
2026-09-22 14:40:00,NATGASMINI,CE,295.0,NATGASMINI23SEP26295CE,0.1,0.1,0.1,0.1,0,18
2026-09-22 14:40:00,NATGASMINI,PE,295.0,NATGASMINI23SEP26295PE,23.5,23.5,23.5,23.5,0,18
2026-09-22 14:40:00,NATGASMINI,CE,300.0,NATGASMINI23SEP26300CE,0.1,0.1,0.1,0.1,0,18
2026-09-22 14:40:00,NATGASMINI,PE,300.0,NATGASMINI23SEP26300PE,28.85,28.85,28.85,28.85,0,18
2026-09-22 14:41:00,NATURALGAS,FUT,0.0,NATURALGAS25SEP26FUT,271.8,271.8,271.6,271.6,33750,18
2026-09-22 14:41:00,NATURALGAS,CE,240.0,NATURALGAS23SEP26240CE,33.1,33.1,33.1,33.1,0,18
2026-09-22 14:41:00,NATURALGAS,PE,240.0,NATURALGAS23SEP26240PE,0.1,0.1,0.1,0.1,0,18
2026-09-22 14:41:00,NATURALGAS,CE,245.0,NATURALGAS23SEP26245CE,27.55,27.55,27.55,27.55,0,18
2026-09-22 14:41:00,NATURALGAS,PE,245.0,NATURALGAS23SEP26245PE,0.1,0.1,0.1,0.1,0,18
2026-09-22 14:41:00,NATURALGAS,CE,250.0,NATURALGAS23SEP26250CE,21.85,21.85,21.7,21.7,2500,18
2026-09-22 14:41:00,NATURALGAS,PE,250.0,NATURALGAS23SEP26250PE,0.1,0.1,0.1,0.1,0,18
2026-09-22 14:41:00,NATURALGAS,CE,255.0,NATURALGAS23SEP26255CE,17.0,17.0,16.8,16.8,2500,18
2026-09-22 14:41:00,NATURALGAS,PE,255.0,NATURALGAS23SEP26255PE,0.15,0.15,0.15,0.15,1250,18
2026-09-22 14:41:00,NATURALGAS,CE,260.0,NATURALGAS23SEP26260CE,12.2,12.2,11.95,11.95,52500,18
2026-09-22 14:41:00,NATURALGAS,PE,260.0,NATURALGAS23SEP26260PE,0.4,0.4,0.4,0.4,212500,18
2026-09-22 14:41:00,NATURALGAS,CE,265.0,NATURALGAS23SEP26265CE,8.0,8.0,7.85,7.85,65000,18
2026-09-22 14:41:00,NATURALGAS,PE,265.0,NATURALGAS23SEP26265PE,1.15,1.2,1.15,1.2,98750,18
2026-09-22 14:41:00,NATURALGAS,CE,270.0,NATURALGAS23SEP26270CE,4.65,4.7,4.55,4.6,213750,18
2026-09-22 14:41:00,NATURALGAS,PE,270.0,NATURALGAS23SEP26270PE,2.85,2.9,2.8,2.9,431250,18
2026-09-22 14:41:00,NATURALGAS,CE,275.0,NATURALGAS23SEP26275CE,2.45,2.5,2.4,2.4,211250,18
2026-09-22 14:41:00,NATURALGAS,PE,275.0,NATURALGAS23SEP26275PE,5.65,5.8,5.6,5.8,216250,18
2026-09-22 14:41:00,NATURALGAS,CE,280.0,NATURALGAS23SEP26280CE,1.2,1.2,1.15,1.15,260000,18
2026-09-22 14:41:00,NATURALGAS,PE,280.0,NATURALGAS23SEP26280PE,9.35,9.55,9.35,9.5,76250,18
2026-09-22 14:41:00,NATURALGAS,CE,285.0,NATURALGAS23SEP26285CE,0.55,0.55,0.5,0.5,11250,18
2026-09-22 14:41:00,NATURALGAS,PE,285.0,NATURALGAS23SEP26285PE,13.65,13.9,13.65,13.9,30000,18
2026-09-22 14:41:00,NATURALGAS,CE,290.0,NATURALGAS23SEP26290CE,0.3,0.3,0.25,0.25,7500,18
2026-09-22 14:41:00,NATURALGAS,PE,290.0,NATURALGAS23SEP26290PE,18.45,18.45,18.45,18.45,0,18
2026-09-22 14:41:00,NATURALGAS,CE,295.0,NATURALGAS23SEP26295CE,0.1,0.15,0.1,0.15,3750,18
2026-09-22 14:41:00,NATURALGAS,PE,295.0,NATURALGAS23SEP26295PE,23.25,23.55,23.25,23.55,15000,18
2026-09-22 14:41:00,NATURALGAS,CE,300.0,NATURALGAS23SEP26300CE,0.05,0.1,0.05,0.05,70000,18
2026-09-22 14:41:00,NATURALGAS,PE,300.0,NATURALGAS23SEP26300PE,28.75,28.75,28.5,28.5,11250,18
2026-09-22 14:41:00,NATGASMINI,FUT,0.0,NATGASMINI25SEP26FUT,271.9,271.9,271.6,271.6,2250,18
2026-09-22 14:41:00,NATGASMINI,CE,240.0,NATGASMINI23SEP26240CE,33.25,33.25,33.25,33.25,0,18
2026-09-22 14:41:00,NATGASMINI,PE,240.0,NATGASMINI23SEP26240PE,0.1,0.1,0.1,0.1,0,18
2026-09-22 14:41:00,NATGASMINI,CE,245.0,NATGASMINI23SEP26245CE,30.4,30.4,30.4,30.4,0,18
2026-09-22 14:41:00,NATGASMINI,PE,245.0,NATGASMINI23SEP26245PE,0.05,0.05,0.05,0.05,0,18
2026-09-22 14:41:00,NATGASMINI,CE,250.0,NATGASMINI23SEP26250CE,21.9,21.9,21.9,21.9,0,18
2026-09-22 14:41:00,NATGASMINI,PE,250.0,NATGASMINI23SEP26250PE,0.1,0.1,0.05,0.05,250000,18
2026-09-22 14:41:00,NATGASMINI,CE,255.0,NATGASMINI23SEP26255CE,17.05,17.05,16.85,16.85,250,18
2026-09-22 14:41:00,NATGASMINI,PE,255.0,NATGASMINI23SEP26255PE,0.1,0.1,0.1,0.1,0,18
2026-09-22 14:41:00,NATGASMINI,CE,260.0,NATGASMINI23SEP26260CE,12.3,12.3,12.0,12.0,11500,18
2026-09-22 14:41:00,NATGASMINI,PE,260.0,NATGASMINI23SEP26260PE,0.4,0.4,0.35,0.4,500,18
2026-09-22 14:41:00,NATGASMINI,CE,265.0,NATGASMINI23SEP26265CE,8.05,8.05,7.8,7.95,9250,18
2026-09-22 14:41:00,NATGASMINI,PE,265.0,NATGASMINI23SEP26265PE,1.15,1.2,1.15,1.2,76750,18
2026-09-22 14:41:00,NATGASMINI,CE,270.0,NATGASMINI23SEP26270CE,4.65,4.65,4.5,4.5,72750,18
2026-09-22 14:41:00,NATGASMINI,PE,270.0,NATGASMINI23SEP26270PE,2.85,2.9,2.85,2.9,49250,18
2026-09-22 14:41:00,NATGASMINI,CE,275.0,NATGASMINI23SEP26275CE,2.5,2.55,2.45,2.45,122500,18
2026-09-22 14:41:00,NATGASMINI,PE,275.0,NATGASMINI23SEP26275PE,5.65,5.8,5.6,5.8,68750,18
2026-09-22 14:41:00,NATGASMINI,CE,280.0,NATGASMINI23SEP26280CE,1.2,1.2,1.15,1.15,149250,18
2026-09-22 14:41:00,NATGASMINI,PE,280.0,NATGASMINI23SEP26280PE,9.4,9.6,9.35,9.5,13500,18
2026-09-22 14:41:00,NATGASMINI,CE,285.0,NATGASMINI23SEP26285CE,0.5,0.55,0.5,0.5,55500,18
2026-09-22 14:41:00,NATGASMINI,PE,285.0,NATGASMINI23SEP26285PE,13.7,13.95,13.7,13.95,10250,18
2026-09-22 14:41:00,NATGASMINI,CE,290.0,NATGASMINI23SEP26290CE,0.3,0.3,0.25,0.3,16000,18
2026-09-22 14:41:00,NATGASMINI,PE,290.0,NATGASMINI23SEP26290PE,18.3,18.65,18.3,18.65,2000,18
2026-09-22 14:41:00,NATGASMINI,CE,295.0,NATGASMINI23SEP26295CE,0.1,0.15,0.1,0.15,3250,18
2026-09-22 14:41:00,NATGASMINI,PE,295.0,NATGASMINI23SEP26295PE,23.25,23.25,23.25,23.25,0,18
2026-09-22 14:41:00,NATGASMINI,CE,300.0,NATGASMINI23SEP26300CE,0.1,0.15,0.1,0.15,750,18
2026-09-22 14:41:00,NATGASMINI,PE,300.0,NATGASMINI23SEP26300PE,28.85,28.85,28.85,28.85,0,18
2026-09-22 14:42:00,NATURALGAS,FUT,0.0,NATURALGAS25SEP26FUT,271.6,271.6,271.6,271.6,15000,18
2026-09-22 14:42:00,NATURALGAS,CE,240.0,NATURALGAS23SEP26240CE,33.1,33.1,33.1,33.1,0,18
2026-09-22 14:42:00,NATURALGAS,PE,240.0,NATURALGAS23SEP26240PE,0.1,0.1,0.1,0.1,0,18
2026-09-22 14:42:00,NATURALGAS,CE,245.0,NATURALGAS23SEP26245CE,27.55,27.55,27.55,27.55,0,18
2026-09-22 14:42:00,NATURALGAS,PE,245.0,NATURALGAS23SEP26245PE,0.1,0.1,0.1,0.1,0,18
2026-09-22 14:42:00,NATURALGAS,CE,250.0,NATURALGAS23SEP26250CE,21.7,21.75,21.65,21.75,2500,18
2026-09-22 14:42:00,NATURALGAS,PE,250.0,NATURALGAS23SEP26250PE,0.1,0.1,0.1,0.1,0,18
2026-09-22 14:42:00,NATURALGAS,CE,255.0,NATURALGAS23SEP26255CE,16.8,16.8,16.8,16.8,0,18
2026-09-22 14:42:00,NATURALGAS,PE,255.0,NATURALGAS23SEP26255PE,0.15,0.15,0.15,0.15,0,18
2026-09-22 14:42:00,NATURALGAS,CE,260.0,NATURALGAS23SEP26260CE,11.95,12.05,11.95,12.05,5000,18
2026-09-22 14:42:00,NATURALGAS,PE,260.0,NATURALGAS23SEP26260PE,0.4,0.4,0.4,0.4,25000,18
2026-09-22 14:42:00,NATURALGAS,CE,265.0,NATURALGAS23SEP26265CE,7.85,7.9,7.85,7.9,8750,18
2026-09-22 14:42:00,NATURALGAS,PE,265.0,NATURALGAS23SEP26265PE,1.2,1.25,1.15,1.15,122500,18
2026-09-22 14:42:00,NATURALGAS,CE,270.0,NATURALGAS23SEP26270CE,4.6,4.6,4.55,4.6,58750,18
2026-09-22 14:42:00,NATURALGAS,PE,270.0,NATURALGAS23SEP26270PE,2.9,2.95,2.9,2.9,37500,18
2026-09-22 14:42:00,NATURALGAS,CE,275.0,NATURALGAS23SEP26275CE,2.4,2.45,2.4,2.4,47500,18
2026-09-22 14:42:00,NATURALGAS,PE,275.0,NATURALGAS23SEP26275PE,5.8,5.8,5.7,5.7,41250,18
2026-09-22 14:42:00,NATURALGAS,CE,280.0,NATURALGAS23SEP26280CE,1.15,1.15,1.1,1.1,130000,18
2026-09-22 14:42:00,NATURALGAS,PE,280.0,NATURALGAS23SEP26280PE,9.5,9.5,9.5,9.5,2500,18
2026-09-22 14:42:00,NATURALGAS,CE,285.0,NATURALGAS23SEP26285CE,0.5,0.55,0.5,0.5,3750,18
2026-09-22 14:42:00,NATURALGAS,PE,285.0,NATURALGAS23SEP26285PE,13.9,13.9,13.9,13.9,7500,18
2026-09-22 14:42:00,NATURALGAS,CE,290.0,NATURALGAS23SEP26290CE,0.25,0.25,0.25,0.25,0,18
2026-09-22 14:42:00,NATURALGAS,PE,290.0,NATURALGAS23SEP26290PE,18.45,18.45,18.45,18.45,0,18
2026-09-22 14:42:00,NATURALGAS,CE,295.0,NATURALGAS23SEP26295CE,0.15,0.15,0.1,0.1,86250,18
2026-09-22 14:42:00,NATURALGAS,PE,295.0,NATURALGAS23SEP26295PE,23.55,23.55,23.55,23.55,0,18
2026-09-22 14:42:00,NATURALGAS,CE,300.0,NATURALGAS23SEP26300CE,0.05,0.05,0.05,0.05,0,18
2026-09-22 14:42:00,NATURALGAS,PE,300.0,NATURALGAS23SEP26300PE,28.5,28.5,28.5,28.5,0,18
2026-09-22 14:42:00,NATGASMINI,FUT,0.0,NATGASMINI25SEP26FUT,271.6,271.7,271.6,271.6,8000,18
2026-09-22 14:42:00,NATGASMINI,CE,240.0,NATGASMINI23SEP26240CE,33.25,33.25,33.25,33.25,0,18
2026-09-22 14:42:00,NATGASMINI,PE,240.0,NATGASMINI23SEP26240PE,0.1,0.1,0.1,0.1,0,18
2026-09-22 14:42:00,NATGASMINI,CE,245.0,NATGASMINI23SEP26245CE,30.4,30.4,30.4,30.4,0,18
2026-09-22 14:42:00,NATGASMINI,PE,245.0,NATGASMINI23SEP26245PE,0.05,0.05,0.05,0.05,0,18
2026-09-22 14:42:00,NATGASMINI,CE,250.0,NATGASMINI23SEP26250CE,21.9,21.9,21.6,21.6,250,18
2026-09-22 14:42:00,NATGASMINI,PE,250.0,NATGASMINI23SEP26250PE,0.05,0.1,0.05,0.1,74750,18
2026-09-22 14:42:00,NATGASMINI,CE,255.0,NATGASMINI23SEP26255CE,16.85,16.85,16.85,16.85,250,18
2026-09-22 14:42:00,NATGASMINI,PE,255.0,NATGASMINI23SEP26255PE,0.1,0.1,0.1,0.1,0,18
2026-09-22 14:42:00,NATGASMINI,CE,260.0,NATGASMINI23SEP26260CE,12.0,12.2,12.0,12.1,2250,18
2026-09-22 14:42:00,NATGASMINI,PE,260.0,NATGASMINI23SEP26260PE,0.4,0.4,0.35,0.4,2500,18
2026-09-22 14:42:00,NATGASMINI,CE,265.0,NATGASMINI23SEP26265CE,7.95,7.95,7.9,7.9,500,18
2026-09-22 14:42:00,NATGASMINI,PE,265.0,NATGASMINI23SEP26265PE,1.2,1.2,1.15,1.2,11500,18
2026-09-22 14:42:00,NATGASMINI,CE,270.0,NATGASMINI23SEP26270CE,4.5,4.6,4.5,4.6,32500,18
2026-09-22 14:42:00,NATGASMINI,PE,270.0,NATGASMINI23SEP26270PE,2.9,2.95,2.85,2.9,24250,18
2026-09-22 14:42:00,NATGASMINI,CE,275.0,NATGASMINI23SEP26275CE,2.45,2.5,2.45,2.45,53500,18
2026-09-22 14:42:00,NATGASMINI,PE,275.0,NATGASMINI23SEP26275PE,5.8,5.8,5.8,5.8,10750,18
2026-09-22 14:42:00,NATGASMINI,CE,280.0,NATGASMINI23SEP26280CE,1.1,1.15,1.1,1.1,91000,18
2026-09-22 14:42:00,NATGASMINI,PE,280.0,NATGASMINI23SEP26280PE,9.5,9.55,9.5,9.55,2750,18
2026-09-22 14:42:00,NATGASMINI,CE,285.0,NATGASMINI23SEP26285CE,0.5,0.55,0.5,0.5,20250,18
2026-09-22 14:42:00,NATGASMINI,PE,285.0,NATGASMINI23SEP26285PE,13.95,13.95,13.9,13.9,250,18
2026-09-22 14:42:00,NATGASMINI,CE,290.0,NATGASMINI23SEP26290CE,0.3,0.3,0.3,0.3,1000,18
2026-09-22 14:42:00,NATGASMINI,PE,290.0,NATGASMINI23SEP26290PE,18.65,18.65,18.65,18.65,0,18
2026-09-22 14:42:00,NATGASMINI,CE,295.0,NATGASMINI23SEP26295CE,0.15,0.15,0.15,0.15,0,18
2026-09-22 14:42:00,NATGASMINI,PE,295.0,NATGASMINI23SEP26295PE,23.25,23.25,23.25,23.25,0,18
2026-09-22 14:42:00,NATGASMINI,CE,300.0,NATGASMINI23SEP26300CE,0.15,0.15,0.15,0.15,0,18
2026-09-22 14:42:00,NATGASMINI,PE,300.0,NATGASMINI23SEP26300PE,28.85,28.85,28.85,28.85,0,18
2026-09-22 14:43:00,NATURALGAS,FUT,0.0,NATURALGAS25SEP26FUT,271.6,271.7,271.5,271.7,23750,18
2026-09-22 14:43:00,NATURALGAS,CE,240.0,NATURALGAS23SEP26240CE,33.1,33.1,33.1,33.1,0,18
2026-09-22 14:43:00,NATURALGAS,PE,240.0,NATURALGAS23SEP26240PE,0.1,0.1,0.1,0.1,0,18
2026-09-22 14:43:00,NATURALGAS,CE,245.0,NATURALGAS23SEP26245CE,27.55,27.55,27.55,27.55,0,18
2026-09-22 14:43:00,NATURALGAS,PE,245.0,NATURALGAS23SEP26245PE,0.1,0.1,0.1,0.1,0,18
2026-09-22 14:43:00,NATURALGAS,CE,250.0,NATURALGAS23SEP26250CE,21.75,21.75,21.6,21.6,1250,18
2026-09-22 14:43:00,NATURALGAS,PE,250.0,NATURALGAS23SEP26250PE,0.1,0.1,0.1,0.1,0,18
2026-09-22 14:43:00,NATURALGAS,CE,255.0,NATURALGAS23SEP26255CE,16.8,16.8,16.8,16.8,0,18
2026-09-22 14:43:00,NATURALGAS,PE,255.0,NATURALGAS23SEP26255PE,0.15,0.15,0.1,0.1,25000,18
2026-09-22 14:43:00,NATURALGAS,CE,260.0,NATURALGAS23SEP26260CE,12.05,12.1,12.0,12.1,33750,18
2026-09-22 14:43:00,NATURALGAS,PE,260.0,NATURALGAS23SEP26260PE,0.4,0.45,0.4,0.45,2500,18
2026-09-22 14:43:00,NATURALGAS,CE,265.0,NATURALGAS23SEP26265CE,7.8,7.8,7.8,7.8,52500,18
2026-09-22 14:43:00,NATURALGAS,PE,265.0,NATURALGAS23SEP26265PE,1.2,1.2,1.2,1.2,102500,18
2026-09-22 14:43:00,NATURALGAS,CE,270.0,NATURALGAS23SEP26270CE,4.55,4.55,4.5,4.5,253750,18
2026-09-22 14:43:00,NATURALGAS,PE,270.0,NATURALGAS23SEP26270PE,2.95,2.95,2.9,2.9,168750,18
2026-09-22 14:43:00,NATURALGAS,CE,275.0,NATURALGAS23SEP26275CE,2.4,2.4,2.35,2.4,177500,18
2026-09-22 14:43:00,NATURALGAS,PE,275.0,NATURALGAS23SEP26275PE,5.7,5.8,5.7,5.8,67500,18
2026-09-22 14:43:00,NATURALGAS,CE,280.0,NATURALGAS23SEP26280CE,1.1,1.15,1.1,1.1,40000,18
2026-09-22 14:43:00,NATURALGAS,PE,280.0,NATURALGAS23SEP26280PE,9.5,9.6,9.5,9.6,21250,18
2026-09-22 14:43:00,NATURALGAS,CE,285.0,NATURALGAS23SEP26285CE,0.5,0.55,0.5,0.5,8750,18
2026-09-22 14:43:00,NATURALGAS,PE,285.0,NATURALGAS23SEP26285PE,13.9,13.95,13.85,13.9,6250,18
2026-09-22 14:43:00,NATURALGAS,CE,290.0,NATURALGAS23SEP26290CE,0.25,0.25,0.25,0.25,12500,18
2026-09-22 14:43:00,NATURALGAS,PE,290.0,NATURALGAS23SEP26290PE,18.45,18.7,18.45,18.7,2500,18
2026-09-22 14:43:00,NATURALGAS,CE,295.0,NATURALGAS23SEP26295CE,0.1,0.1,0.1,0.1,0,18
2026-09-22 14:43:00,NATURALGAS,PE,295.0,NATURALGAS23SEP26295PE,23.55,23.55,23.55,23.55,7500,18
2026-09-22 14:43:00,NATURALGAS,CE,300.0,NATURALGAS23SEP26300CE,0.05,0.1,0.05,0.1,43750,18
2026-09-22 14:43:00,NATURALGAS,PE,300.0,NATURALGAS23SEP26300PE,28.5,28.5,28.5,28.5,0,18
2026-09-22 14:43:00,NATGASMINI,FUT,0.0,NATGASMINI25SEP26FUT,271.6,271.6,271.6,271.6,750,18
2026-09-22 14:43:00,NATGASMINI,CE,240.0,NATGASMINI23SEP26240CE,33.25,33.25,33.25,33.25,0,18
2026-09-22 14:43:00,NATGASMINI,PE,240.0,NATGASMINI23SEP26240PE,0.1,0.1,0.1,0.1,0,18
2026-09-22 14:43:00,NATGASMINI,CE,245.0,NATGASMINI23SEP26245CE,30.4,30.4,30.4,30.4,0,18
2026-09-22 14:43:00,NATGASMINI,PE,245.0,NATGASMINI23SEP26245PE,0.05,0.05,0.05,0.05,0,18
2026-09-22 14:43:00,NATGASMINI,CE,250.0,NATGASMINI23SEP26250CE,21.6,21.6,21.6,21.6,0,18
2026-09-22 14:43:00,NATGASMINI,PE,250.0,NATGASMINI23SEP26250PE,0.1,0.1,0.05,0.05,2250,18
2026-09-22 14:43:00,NATGASMINI,CE,255.0,NATGASMINI23SEP26255CE,16.85,16.85,16.7,16.7,250,18
2026-09-22 14:43:00,NATGASMINI,PE,255.0,NATGASMINI23SEP26255PE,0.1,0.15,0.1,0.15,5000,18
2026-09-22 14:43:00,NATGASMINI,CE,260.0,NATGASMINI23SEP26260CE,12.15,12.15,12.15,12.15,2500,18
2026-09-22 14:43:00,NATGASMINI,PE,260.0,NATGASMINI23SEP26260PE,0.4,0.4,0.4,0.4,6750,18
2026-09-22 14:43:00,NATGASMINI,CE,265.0,NATGASMINI23SEP26265CE,7.9,7.9,7.8,7.8,11750,18
2026-09-22 14:43:00,NATGASMINI,PE,265.0,NATGASMINI23SEP26265PE,1.2,1.2,1.2,1.2,2000,18
2026-09-22 14:43:00,NATGASMINI,CE,270.0,NATGASMINI23SEP26270CE,4.6,4.6,4.5,4.55,45500,18
2026-09-22 14:43:00,NATGASMINI,PE,270.0,NATGASMINI23SEP26270PE,2.9,2.95,2.9,2.95,3750,18
2026-09-22 14:43:00,NATGASMINI,CE,275.0,NATGASMINI23SEP26275CE,2.4,2.4,2.4,2.4,48000,18
2026-09-22 14:43:00,NATGASMINI,PE,275.0,NATGASMINI23SEP26275PE,5.8,5.85,5.75,5.8,70250,18
2026-09-22 14:43:00,NATGASMINI,CE,280.0,NATGASMINI23SEP26280CE,1.1,1.15,1.1,1.15,10500,18
2026-09-22 14:43:00,NATGASMINI,PE,280.0,NATGASMINI23SEP26280PE,9.55,9.6,9.5,9.6,10000,18
2026-09-22 14:43:00,NATGASMINI,CE,285.0,NATGASMINI23SEP26285CE,0.5,0.5,0.5,0.5,0,18
2026-09-22 14:43:00,NATGASMINI,PE,285.0,NATGASMINI23SEP26285PE,13.9,13.95,13.9,13.95,4500,18
2026-09-22 14:43:00,NATGASMINI,CE,290.0,NATGASMINI23SEP26290CE,0.3,0.3,0.3,0.3,10000,18
2026-09-22 14:43:00,NATGASMINI,PE,290.0,NATGASMINI23SEP26290PE,18.65,18.65,18.65,18.65,0,18
2026-09-22 14:43:00,NATGASMINI,CE,295.0,NATGASMINI23SEP26295CE,0.15,0.15,0.1,0.1,44250,18
2026-09-22 14:43:00,NATGASMINI,PE,295.0,NATGASMINI23SEP26295PE,23.25,23.25,23.25,23.25,0,18
2026-09-22 14:43:00,NATGASMINI,CE,300.0,NATGASMINI23SEP26300CE,0.15,0.15,0.15,0.15,500,18
2026-09-22 14:43:00,NATGASMINI,PE,300.0,NATGASMINI23SEP26300PE,28.85,28.85,28.85,28.85,0,18
2026-09-22 14:44:00,NATURALGAS,FUT,0.0,NATURALGAS25SEP26FUT,271.7,271.7,271.6,271.6,5000,18
2026-09-22 14:44:00,NATURALGAS,CE,240.0,NATURALGAS23SEP26240CE,33.1,33.1,33.1,33.1,0,18
2026-09-22 14:44:00,NATURALGAS,PE,240.0,NATURALGAS23SEP26240PE,0.1,0.1,0.1,0.1,0,18
2026-09-22 14:44:00,NATURALGAS,CE,245.0,NATURALGAS23SEP26245CE,27.55,27.55,27.55,27.55,0,18
2026-09-22 14:44:00,NATURALGAS,PE,245.0,NATURALGAS23SEP26245PE,0.1,0.1,0.1,0.1,0,18
2026-09-22 14:44:00,NATURALGAS,CE,250.0,NATURALGAS23SEP26250CE,21.6,21.6,21.6,21.6,0,18
2026-09-22 14:44:00,NATURALGAS,PE,250.0,NATURALGAS23SEP26250PE,0.1,0.1,0.1,0.1,0,18
2026-09-22 14:44:00,NATURALGAS,CE,255.0,NATURALGAS23SEP26255CE,16.8,16.85,16.8,16.85,2500,18
2026-09-22 14:44:00,NATURALGAS,PE,255.0,NATURALGAS23SEP26255PE,0.1,0.1,0.1,0.1,0,18
2026-09-22 14:44:00,NATURALGAS,CE,260.0,NATURALGAS23SEP26260CE,12.1,12.1,12.05,12.05,2500,18
2026-09-22 14:44:00,NATURALGAS,PE,260.0,NATURALGAS23SEP26260PE,0.45,0.45,0.45,0.45,2500,18
2026-09-22 14:44:00,NATURALGAS,CE,265.0,NATURALGAS23SEP26265CE,7.8,7.8,7.75,7.75,31250,18
2026-09-22 14:44:00,NATURALGAS,PE,265.0,NATURALGAS23SEP26265PE,1.2,1.2,1.2,1.2,43750,18
2026-09-22 14:44:00,NATURALGAS,CE,270.0,NATURALGAS23SEP26270CE,4.5,4.55,4.5,4.55,51250,18
2026-09-22 14:44:00,NATURALGAS,PE,270.0,NATURALGAS23SEP26270PE,2.9,2.95,2.9,2.95,123750,18
2026-09-22 14:44:00,NATURALGAS,CE,275.0,NATURALGAS23SEP26275CE,2.35,2.4,2.35,2.35,68750,18
2026-09-22 14:44:00,NATURALGAS,PE,275.0,NATURALGAS23SEP26275PE,5.8,5.8,5.7,5.7,20000,18
2026-09-22 14:44:00,NATURALGAS,CE,280.0,NATURALGAS23SEP26280CE,1.15,1.15,1.1,1.15,16250,18
2026-09-22 14:44:00,NATURALGAS,PE,280.0,NATURALGAS23SEP26280PE,9.5,9.5,9.5,9.5,1250,18
2026-09-22 14:44:00,NATURALGAS,CE,285.0,NATURALGAS23SEP26285CE,0.5,0.5,0.5,0.5,33750,18
2026-09-22 14:44:00,NATURALGAS,PE,285.0,NATURALGAS23SEP26285PE,13.9,13.9,13.9,13.9,0,18
2026-09-22 14:44:00,NATURALGAS,CE,290.0,NATURALGAS23SEP26290CE,0.25,0.3,0.25,0.3,3750,18
2026-09-22 14:44:00,NATURALGAS,PE,290.0,NATURALGAS23SEP26290PE,18.7,18.7,18.7,18.7,0,18
2026-09-22 14:44:00,NATURALGAS,CE,295.0,NATURALGAS23SEP26295CE,0.1,0.1,0.1,0.1,0,18
2026-09-22 14:44:00,NATURALGAS,PE,295.0,NATURALGAS23SEP26295PE,23.55,23.55,23.55,23.55,0,18
2026-09-22 14:44:00,NATURALGAS,CE,300.0,NATURALGAS23SEP26300CE,0.1,0.1,0.05,0.1,2500,18
2026-09-22 14:44:00,NATURALGAS,PE,300.0,NATURALGAS23SEP26300PE,28.5,28.55,28.5,28.55,1250,18
2026-09-22 14:44:00,NATGASMINI,FUT,0.0,NATGASMINI25SEP26FUT,271.6,271.7,271.6,271.7,1750,18
2026-09-22 14:44:00,NATGASMINI,CE,240.0,NATGASMINI23SEP26240CE,33.25,33.25,33.25,33.25,0,18
2026-09-22 14:44:00,NATGASMINI,PE,240.0,NATGASMINI23SEP26240PE,0.1,0.1,0.05,0.05,500,18
2026-09-22 14:44:00,NATGASMINI,CE,245.0,NATGASMINI23SEP26245CE,30.4,30.4,30.4,30.4,0,18
2026-09-22 14:44:00,NATGASMINI,PE,245.0,NATGASMINI23SEP26245PE,0.05,0.05,0.05,0.05,0,18
2026-09-22 14:44:00,NATGASMINI,CE,250.0,NATGASMINI23SEP26250CE,21.6,21.6,21.6,21.6,0,18
2026-09-22 14:44:00,NATGASMINI,PE,250.0,NATGASMINI23SEP26250PE,0.05,0.1,0.05,0.1,50000,18
2026-09-22 14:44:00,NATGASMINI,CE,255.0,NATGASMINI23SEP26255CE,16.7,16.8,16.7,16.8,1000,18
2026-09-22 14:44:00,NATGASMINI,PE,255.0,NATGASMINI23SEP26255PE,0.15,0.15,0.15,0.15,0,18
2026-09-22 14:44:00,NATGASMINI,CE,260.0,NATGASMINI23SEP26260CE,12.15,12.15,12.15,12.15,0,18
2026-09-22 14:44:00,NATGASMINI,PE,260.0,NATGASMINI23SEP26260PE,0.4,0.4,0.35,0.35,500,18
2026-09-22 14:44:00,NATGASMINI,CE,265.0,NATGASMINI23SEP26265CE,7.8,7.85,7.8,7.85,3750,18
2026-09-22 14:44:00,NATGASMINI,PE,265.0,NATGASMINI23SEP26265PE,1.2,1.2,1.15,1.2,6500,18
2026-09-22 14:44:00,NATGASMINI,CE,270.0,NATGASMINI23SEP26270CE,4.55,4.6,4.5,4.5,32250,18
2026-09-22 14:44:00,NATGASMINI,PE,270.0,NATGASMINI23SEP26270PE,2.95,2.95,2.9,2.95,7000,18
2026-09-22 14:44:00,NATGASMINI,CE,275.0,NATGASMINI23SEP26275CE,2.4,2.45,2.4,2.4,16500,18
2026-09-22 14:44:00,NATGASMINI,PE,275.0,NATGASMINI23SEP26275PE,5.8,5.8,5.75,5.75,2750,18
2026-09-22 14:44:00,NATGASMINI,CE,280.0,NATGASMINI23SEP26280CE,1.15,1.15,1.1,1.15,3250,18
2026-09-22 14:44:00,NATGASMINI,PE,280.0,NATGASMINI23SEP26280PE,9.6,9.6,9.5,9.5,250,18
2026-09-22 14:44:00,NATGASMINI,CE,285.0,NATGASMINI23SEP26285CE,0.5,0.5,0.5,0.5,16000,18
2026-09-22 14:44:00,NATGASMINI,PE,285.0,NATGASMINI23SEP26285PE,13.95,13.95,13.85,13.95,1000,18
2026-09-22 14:44:00,NATGASMINI,CE,290.0,NATGASMINI23SEP26290CE,0.3,0.3,0.25,0.25,750,18
2026-09-22 14:44:00,NATGASMINI,PE,290.0,NATGASMINI23SEP26290PE,18.65,18.65,18.65,18.65,0,18
2026-09-22 14:44:00,NATGASMINI,CE,295.0,NATGASMINI23SEP26295CE,0.1,0.1,0.1,0.1,0,18
2026-09-22 14:44:00,NATGASMINI,PE,295.0,NATGASMINI23SEP26295PE,23.25,23.25,23.25,23.25,0,18
2026-09-22 14:44:00,NATGASMINI,CE,300.0,NATGASMINI23SEP26300CE,0.15,0.15,0.1,0.1,2000,18
2026-09-22 14:44:00,NATGASMINI,PE,300.0,NATGASMINI23SEP26300PE,28.85,28.85,28.85,28.85,0,18
2026-09-22 14:45:00,NATURALGAS,FUT,0.0,NATURALGAS25SEP26FUT,271.6,271.7,271.5,271.6,26250,18
2026-09-22 14:45:00,NATURALGAS,CE,240.0,NATURALGAS23SEP26240CE,33.1,33.1,33.1,33.1,0,18
2026-09-22 14:45:00,NATURALGAS,PE,240.0,NATURALGAS23SEP26240PE,0.1,0.1,0.1,0.1,0,18
2026-09-22 14:45:00,NATURALGAS,CE,245.0,NATURALGAS23SEP26245CE,27.55,27.55,27.55,27.55,0,18
2026-09-22 14:45:00,NATURALGAS,PE,245.0,NATURALGAS23SEP26245PE,0.1,0.1,0.1,0.1,0,18
2026-09-22 14:45:00,NATURALGAS,CE,250.0,NATURALGAS23SEP26250CE,21.6,21.6,21.6,21.6,0,18
2026-09-22 14:45:00,NATURALGAS,PE,250.0,NATURALGAS23SEP26250PE,0.1,0.1,0.1,0.1,0,18
2026-09-22 14:45:00,NATURALGAS,CE,255.0,NATURALGAS23SEP26255CE,16.85,16.85,16.7,16.7,1250,18
2026-09-22 14:45:00,NATURALGAS,PE,255.0,NATURALGAS23SEP26255PE,0.1,0.1,0.1,0.1,0,18
2026-09-22 14:45:00,NATURALGAS,CE,260.0,NATURALGAS23SEP26260CE,12.05,12.05,12.0,12.0,15000,18
2026-09-22 14:45:00,NATURALGAS,PE,260.0,NATURALGAS23SEP26260PE,0.45,0.45,0.45,0.45,0,18
2026-09-22 14:45:00,NATURALGAS,CE,265.0,NATURALGAS23SEP26265CE,7.8,7.85,7.75,7.8,72500,18
2026-09-22 14:45:00,NATURALGAS,PE,265.0,NATURALGAS23SEP26265PE,1.25,1.25,1.2,1.25,163750,18
2026-09-22 14:45:00,NATURALGAS,CE,270.0,NATURALGAS23SEP26270CE,4.55,4.55,4.45,4.45,125000,18
2026-09-22 14:45:00,NATURALGAS,PE,270.0,NATURALGAS23SEP26270PE,2.95,3.0,2.9,2.9,142500,18
2026-09-22 14:45:00,NATURALGAS,CE,275.0,NATURALGAS23SEP26275CE,2.35,2.4,2.35,2.35,281250,18
2026-09-22 14:45:00,NATURALGAS,PE,275.0,NATURALGAS23SEP26275PE,5.7,5.9,5.7,5.8,47500,18
2026-09-22 14:45:00,NATURALGAS,CE,280.0,NATURALGAS23SEP26280CE,1.15,1.15,1.1,1.1,185000,18
2026-09-22 14:45:00,NATURALGAS,PE,280.0,NATURALGAS23SEP26280PE,9.5,9.65,9.5,9.6,42500,18
2026-09-22 14:45:00,NATURALGAS,CE,285.0,NATURALGAS23SEP26285CE,0.5,0.5,0.5,0.5,2500,18
2026-09-22 14:45:00,NATURALGAS,PE,285.0,NATURALGAS23SEP26285PE,13.9,14.05,13.9,13.95,27500,18
2026-09-22 14:45:00,NATURALGAS,CE,290.0,NATURALGAS23SEP26290CE,0.3,0.3,0.25,0.25,16250,18
2026-09-22 14:45:00,NATURALGAS,PE,290.0,NATURALGAS23SEP26290PE,18.7,18.7,18.7,18.7,0,18
2026-09-22 14:45:00,NATURALGAS,CE,295.0,NATURALGAS23SEP26295CE,0.1,0.1,0.1,0.1,0,18
2026-09-22 14:45:00,NATURALGAS,PE,295.0,NATURALGAS23SEP26295PE,23.55,23.55,23.55,23.55,6250,18
2026-09-22 14:45:00,NATURALGAS,CE,300.0,NATURALGAS23SEP26300CE,0.1,0.1,0.05,0.05,12500,18
2026-09-22 14:45:00,NATURALGAS,PE,300.0,NATURALGAS23SEP26300PE,28.55,28.55,28.55,28.55,0,18
2026-09-22 14:45:00,NATGASMINI,FUT,0.0,NATGASMINI25SEP26FUT,271.7,271.7,271.5,271.6,6750,18
2026-09-22 14:45:00,NATGASMINI,CE,240.0,NATGASMINI23SEP26240CE,33.25,33.25,33.25,33.25,0,18
2026-09-22 14:45:00,NATGASMINI,PE,240.0,NATGASMINI23SEP26240PE,0.05,0.05,0.05,0.05,0,18
2026-09-22 14:45:00,NATGASMINI,CE,245.0,NATGASMINI23SEP26245CE,30.4,30.4,30.4,30.4,0,18
2026-09-22 14:45:00,NATGASMINI,PE,245.0,NATGASMINI23SEP26245PE,0.05,0.05,0.05,0.05,0,18
2026-09-22 14:45:00,NATGASMINI,CE,250.0,NATGASMINI23SEP26250CE,21.6,21.6,21.6,21.6,0,18
2026-09-22 14:45:00,NATGASMINI,PE,250.0,NATGASMINI23SEP26250PE,0.1,0.1,0.1,0.1,20000,18
2026-09-22 14:45:00,NATGASMINI,CE,255.0,NATGASMINI23SEP26255CE,16.8,16.8,16.8,16.8,0,18
2026-09-22 14:45:00,NATGASMINI,PE,255.0,NATGASMINI23SEP26255PE,0.15,0.15,0.15,0.15,0,18
2026-09-22 14:45:00,NATGASMINI,CE,260.0,NATGASMINI23SEP26260CE,12.1,12.1,12.05,12.05,1000,18
2026-09-22 14:45:00,NATGASMINI,PE,260.0,NATGASMINI23SEP26260PE,0.35,0.4,0.35,0.4,8750,18
2026-09-22 14:45:00,NATGASMINI,CE,265.0,NATGASMINI23SEP26265CE,7.85,7.85,7.75,7.75,14250,18
2026-09-22 14:45:00,NATGASMINI,PE,265.0,NATGASMINI23SEP26265PE,1.2,1.2,1.2,1.2,114750,18
2026-09-22 14:45:00,NATGASMINI,CE,270.0,NATGASMINI23SEP26270CE,4.55,4.55,4.45,4.5,26000,18
2026-09-22 14:45:00,NATGASMINI,PE,270.0,NATGASMINI23SEP26270PE,2.9,3.0,2.9,2.9,37750,18
2026-09-22 14:45:00,NATGASMINI,CE,275.0,NATGASMINI23SEP26275CE,2.4,2.45,2.35,2.35,75500,18
2026-09-22 14:45:00,NATGASMINI,PE,275.0,NATGASMINI23SEP26275PE,5.75,5.85,5.75,5.8,10000,18
2026-09-22 14:45:00,NATGASMINI,CE,280.0,NATGASMINI23SEP26280CE,1.15,1.15,1.1,1.1,168750,18
2026-09-22 14:45:00,NATGASMINI,PE,280.0,NATGASMINI23SEP26280PE,9.5,9.65,9.5,9.6,8750,18
2026-09-22 14:45:00,NATGASMINI,CE,285.0,NATGASMINI23SEP26285CE,0.5,0.55,0.5,0.5,4250,18
2026-09-22 14:45:00,NATGASMINI,PE,285.0,NATGASMINI23SEP26285PE,13.95,14.0,13.95,13.95,750,18
2026-09-22 14:45:00,NATGASMINI,CE,290.0,NATGASMINI23SEP26290CE,0.25,0.3,0.25,0.25,4250,18
2026-09-22 14:45:00,NATGASMINI,PE,290.0,NATGASMINI23SEP26290PE,18.65,18.65,18.65,18.65,0,18
2026-09-22 14:45:00,NATGASMINI,CE,295.0,NATGASMINI23SEP26295CE,0.1,0.1,0.1,0.1,0,18
2026-09-22 14:45:00,NATGASMINI,PE,295.0,NATGASMINI23SEP26295PE,23.25,23.25,23.25,23.25,0,18
2026-09-22 14:45:00,NATGASMINI,CE,300.0,NATGASMINI23SEP26300CE,0.1,0.1,0.1,0.1,2250,18
2026-09-22 14:45:00,NATGASMINI,PE,300.0,NATGASMINI23SEP26300PE,28.85,28.85,28.85,28.85,0,18
2026-09-22 14:46:00,NATURALGAS,FUT,0.0,NATURALGAS25SEP26FUT,271.5,271.6,271.5,271.6,11250,18
2026-09-22 14:46:00,NATURALGAS,CE,240.0,NATURALGAS23SEP26240CE,33.1,33.1,33.1,33.1,0,18
2026-09-22 14:46:00,NATURALGAS,PE,240.0,NATURALGAS23SEP26240PE,0.1,0.1,0.1,0.1,0,18
2026-09-22 14:46:00,NATURALGAS,CE,245.0,NATURALGAS23SEP26245CE,27.55,27.55,27.55,27.55,0,18
2026-09-22 14:46:00,NATURALGAS,PE,245.0,NATURALGAS23SEP26245PE,0.1,0.1,0.1,0.1,0,18
2026-09-22 14:46:00,NATURALGAS,CE,250.0,NATURALGAS23SEP26250CE,21.6,21.65,21.6,21.65,2500,18
2026-09-22 14:46:00,NATURALGAS,PE,250.0,NATURALGAS23SEP26250PE,0.1,0.1,0.1,0.1,0,18
2026-09-22 14:46:00,NATURALGAS,CE,255.0,NATURALGAS23SEP26255CE,16.7,16.8,16.7,16.8,5000,18
2026-09-22 14:46:00,NATURALGAS,PE,255.0,NATURALGAS23SEP26255PE,0.1,0.1,0.1,0.1,0,18
2026-09-22 14:46:00,NATURALGAS,CE,260.0,NATURALGAS23SEP26260CE,12.0,12.05,12.0,12.0,8750,18
2026-09-22 14:46:00,NATURALGAS,PE,260.0,NATURALGAS23SEP26260PE,0.45,0.45,0.45,0.45,20000,18
2026-09-22 14:46:00,NATURALGAS,CE,265.0,NATURALGAS23SEP26265CE,7.85,7.85,7.75,7.8,38750,18
2026-09-22 14:46:00,NATURALGAS,PE,265.0,NATURALGAS23SEP26265PE,1.25,1.25,1.2,1.25,7500,18
2026-09-22 14:46:00,NATURALGAS,CE,270.0,NATURALGAS23SEP26270CE,4.5,4.55,4.45,4.5,83750,18
2026-09-22 14:46:00,NATURALGAS,PE,270.0,NATURALGAS23SEP26270PE,3.0,3.0,2.9,2.9,62500,18
2026-09-22 14:46:00,NATURALGAS,CE,275.0,NATURALGAS23SEP26275CE,2.4,2.4,2.35,2.35,22500,18
2026-09-22 14:46:00,NATURALGAS,PE,275.0,NATURALGAS23SEP26275PE,5.8,5.8,5.75,5.8,81250,18
2026-09-22 14:46:00,NATURALGAS,CE,280.0,NATURALGAS23SEP26280CE,1.15,1.15,1.1,1.1,10000,18
2026-09-22 14:46:00,NATURALGAS,PE,280.0,NATURALGAS23SEP26280PE,9.6,9.6,9.55,9.6,13750,18
2026-09-22 14:46:00,NATURALGAS,CE,285.0,NATURALGAS23SEP26285CE,0.5,0.55,0.5,0.55,1250,18
2026-09-22 14:46:00,NATURALGAS,PE,285.0,NATURALGAS23SEP26285PE,13.95,13.95,13.85,13.85,8750,18
2026-09-22 14:46:00,NATURALGAS,CE,290.0,NATURALGAS23SEP26290CE,0.25,0.3,0.25,0.3,1250,18
2026-09-22 14:46:00,NATURALGAS,PE,290.0,NATURALGAS23SEP26290PE,18.7,18.75,18.7,18.7,3750,18
2026-09-22 14:46:00,NATURALGAS,CE,295.0,NATURALGAS23SEP26295CE,0.1,0.1,0.1,0.1,0,18
2026-09-22 14:46:00,NATURALGAS,PE,295.0,NATURALGAS23SEP26295PE,23.55,23.55,23.55,23.55,0,18
2026-09-22 14:46:00,NATURALGAS,CE,300.0,NATURALGAS23SEP26300CE,0.05,0.1,0.05,0.1,1250,18
2026-09-22 14:46:00,NATURALGAS,PE,300.0,NATURALGAS23SEP26300PE,28.55,28.55,28.55,28.55,0,18
2026-09-22 14:46:00,NATGASMINI,FUT,0.0,NATGASMINI25SEP26FUT,271.6,271.6,271.6,271.6,2500,18
2026-09-22 14:46:00,NATGASMINI,CE,240.0,NATGASMINI23SEP26240CE,33.25,33.25,33.25,33.25,0,18
2026-09-22 14:46:00,NATGASMINI,PE,240.0,NATGASMINI23SEP26240PE,0.05,0.05,0.05,0.05,0,18
2026-09-22 14:46:00,NATGASMINI,CE,245.0,NATGASMINI23SEP26245CE,30.4,30.4,30.4,30.4,0,18
2026-09-22 14:46:00,NATGASMINI,PE,245.0,NATGASMINI23SEP26245PE,0.05,0.05,0.05,0.05,0,18
2026-09-22 14:46:00,NATGASMINI,CE,250.0,NATGASMINI23SEP26250CE,21.6,21.6,21.6,21.6,0,18
2026-09-22 14:46:00,NATGASMINI,PE,250.0,NATGASMINI23SEP26250PE,0.1,0.1,0.05,0.05,160000,18
2026-09-22 14:46:00,NATGASMINI,CE,255.0,NATGASMINI23SEP26255CE,16.8,16.8,16.75,16.75,250,18
2026-09-22 14:46:00,NATGASMINI,PE,255.0,NATGASMINI23SEP26255PE,0.15,0.15,0.15,0.15,0,18
2026-09-22 14:46:00,NATGASMINI,CE,260.0,NATGASMINI23SEP26260CE,12.05,12.1,12.05,12.05,750,18
2026-09-22 14:46:00,NATGASMINI,PE,260.0,NATGASMINI23SEP26260PE,0.4,0.4,0.4,0.4,27000,18
2026-09-22 14:46:00,NATGASMINI,CE,265.0,NATGASMINI23SEP26265CE,7.8,7.85,7.8,7.85,4750,18
2026-09-22 14:46:00,NATGASMINI,PE,265.0,NATGASMINI23SEP26265PE,1.2,1.2,1.15,1.15,5500,18
2026-09-22 14:46:00,NATGASMINI,CE,270.0,NATGASMINI23SEP26270CE,4.5,4.55,4.45,4.5,14500,18
2026-09-22 14:46:00,NATGASMINI,PE,270.0,NATGASMINI23SEP26270PE,2.9,2.95,2.9,2.9,12250,18
2026-09-22 14:46:00,NATGASMINI,CE,275.0,NATGASMINI23SEP26275CE,2.35,2.45,2.35,2.4,9000,18
2026-09-22 14:46:00,NATGASMINI,PE,275.0,NATGASMINI23SEP26275PE,5.8,5.85,5.75,5.8,41500,18
2026-09-22 14:46:00,NATGASMINI,CE,280.0,NATGASMINI23SEP26280CE,1.1,1.15,1.1,1.15,18000,18
2026-09-22 14:46:00,NATGASMINI,PE,280.0,NATGASMINI23SEP26280PE,9.6,9.6,9.6,9.6,250,18
2026-09-22 14:46:00,NATGASMINI,CE,285.0,NATGASMINI23SEP26285CE,0.5,0.55,0.5,0.5,26750,18
2026-09-22 14:46:00,NATGASMINI,PE,285.0,NATGASMINI23SEP26285PE,13.95,14.0,13.9,13.9,500,18
2026-09-22 14:46:00,NATGASMINI,CE,290.0,NATGASMINI23SEP26290CE,0.25,0.3,0.25,0.3,7500,18
2026-09-22 14:46:00,NATGASMINI,PE,290.0,NATGASMINI23SEP26290PE,18.65,18.65,18.55,18.55,250,18
2026-09-22 14:46:00,NATGASMINI,CE,295.0,NATGASMINI23SEP26295CE,0.1,0.1,0.1,0.1,0,18
2026-09-22 14:46:00,NATGASMINI,PE,295.0,NATGASMINI23SEP26295PE,23.25,23.45,23.25,23.45,250,18
2026-09-22 14:46:00,NATGASMINI,CE,300.0,NATGASMINI23SEP26300CE,0.1,0.1,0.1,0.1,0,18
2026-09-22 14:46:00,NATGASMINI,PE,300.0,NATGASMINI23SEP26300PE,28.85,28.85,28.85,28.85,0,18
2026-09-22 14:47:00,NATURALGAS,FUT,0.0,NATURALGAS25SEP26FUT,271.6,271.7,271.5,271.7,7500,18
2026-09-22 14:47:00,NATURALGAS,CE,240.0,NATURALGAS23SEP26240CE,33.1,33.1,33.1,33.1,0,18
2026-09-22 14:47:00,NATURALGAS,PE,240.0,NATURALGAS23SEP26240PE,0.1,0.1,0.1,0.1,0,18
2026-09-22 14:47:00,NATURALGAS,CE,245.0,NATURALGAS23SEP26245CE,27.55,27.55,27.55,27.55,0,18
2026-09-22 14:47:00,NATURALGAS,PE,245.0,NATURALGAS23SEP26245PE,0.1,0.1,0.1,0.1,0,18
2026-09-22 14:47:00,NATURALGAS,CE,250.0,NATURALGAS23SEP26250CE,21.65,21.65,21.65,21.65,0,18
2026-09-22 14:47:00,NATURALGAS,PE,250.0,NATURALGAS23SEP26250PE,0.1,0.1,0.1,0.1,0,18
2026-09-22 14:47:00,NATURALGAS,CE,255.0,NATURALGAS23SEP26255CE,16.8,16.8,16.8,16.8,0,18
2026-09-22 14:47:00,NATURALGAS,PE,255.0,NATURALGAS23SEP26255PE,0.1,0.1,0.1,0.1,0,18
2026-09-22 14:47:00,NATURALGAS,CE,260.0,NATURALGAS23SEP26260CE,12.0,12.05,12.0,12.0,7500,18
2026-09-22 14:47:00,NATURALGAS,PE,260.0,NATURALGAS23SEP26260PE,0.45,0.45,0.45,0.45,0,18
2026-09-22 14:47:00,NATURALGAS,CE,265.0,NATURALGAS23SEP26265CE,7.8,7.8,7.75,7.75,23750,18
2026-09-22 14:47:00,NATURALGAS,PE,265.0,NATURALGAS23SEP26265PE,1.25,1.25,1.25,1.25,6250,18
2026-09-22 14:47:00,NATURALGAS,CE,270.0,NATURALGAS23SEP26270CE,4.5,4.55,4.5,4.5,38750,18
2026-09-22 14:47:00,NATURALGAS,PE,270.0,NATURALGAS23SEP26270PE,2.9,2.95,2.9,2.9,203750,18
2026-09-22 14:47:00,NATURALGAS,CE,275.0,NATURALGAS23SEP26275CE,2.35,2.4,2.35,2.35,61250,18
2026-09-22 14:47:00,NATURALGAS,PE,275.0,NATURALGAS23SEP26275PE,5.8,5.85,5.75,5.8,33750,18
2026-09-22 14:47:00,NATURALGAS,CE,280.0,NATURALGAS23SEP26280CE,1.1,1.1,1.1,1.1,132500,18
2026-09-22 14:47:00,NATURALGAS,PE,280.0,NATURALGAS23SEP26280PE,9.6,9.6,9.6,9.6,33750,18
2026-09-22 14:47:00,NATURALGAS,CE,285.0,NATURALGAS23SEP26285CE,0.55,0.55,0.5,0.5,6250,18
2026-09-22 14:47:00,NATURALGAS,PE,285.0,NATURALGAS23SEP26285PE,13.85,14.0,13.85,14.0,11250,18
2026-09-22 14:47:00,NATURALGAS,CE,290.0,NATURALGAS23SEP26290CE,0.3,0.3,0.3,0.3,0,18
2026-09-22 14:47:00,NATURALGAS,PE,290.0,NATURALGAS23SEP26290PE,18.7,18.7,18.65,18.7,5000,18
2026-09-22 14:47:00,NATURALGAS,CE,295.0,NATURALGAS23SEP26295CE,0.1,0.1,0.1,0.1,0,18
2026-09-22 14:47:00,NATURALGAS,PE,295.0,NATURALGAS23SEP26295PE,23.55,23.55,23.55,23.55,0,18
2026-09-22 14:47:00,NATURALGAS,CE,300.0,NATURALGAS23SEP26300CE,0.1,0.1,0.1,0.1,0,18
2026-09-22 14:47:00,NATURALGAS,PE,300.0,NATURALGAS23SEP26300PE,28.55,28.55,28.55,28.55,0,18
2026-09-22 14:47:00,NATGASMINI,FUT,0.0,NATGASMINI25SEP26FUT,271.6,271.7,271.5,271.6,5250,18
2026-09-22 14:47:00,NATGASMINI,CE,240.0,NATGASMINI23SEP26240CE,33.25,33.25,33.25,33.25,0,18
2026-09-22 14:47:00,NATGASMINI,PE,240.0,NATGASMINI23SEP26240PE,0.05,0.05,0.05,0.05,0,18
2026-09-22 14:47:00,NATGASMINI,CE,245.0,NATGASMINI23SEP26245CE,30.4,30.4,30.4,30.4,0,18
2026-09-22 14:47:00,NATGASMINI,PE,245.0,NATGASMINI23SEP26245PE,0.05,0.05,0.05,0.05,0,18
2026-09-22 14:47:00,NATGASMINI,CE,250.0,NATGASMINI23SEP26250CE,21.6,21.6,21.6,21.6,0,18
2026-09-22 14:47:00,NATGASMINI,PE,250.0,NATGASMINI23SEP26250PE,0.05,0.05,0.05,0.05,0,18
2026-09-22 14:47:00,NATGASMINI,CE,255.0,NATGASMINI23SEP26255CE,16.75,16.75,16.75,16.75,0,18
2026-09-22 14:47:00,NATGASMINI,PE,255.0,NATGASMINI23SEP26255PE,0.15,0.15,0.15,0.15,0,18
2026-09-22 14:47:00,NATGASMINI,CE,260.0,NATGASMINI23SEP26260CE,12.05,12.15,12.05,12.15,250,18
2026-09-22 14:47:00,NATGASMINI,PE,260.0,NATGASMINI23SEP26260PE,0.4,0.4,0.4,0.4,3500,18
2026-09-22 14:47:00,NATGASMINI,CE,265.0,NATGASMINI23SEP26265CE,7.85,7.9,7.8,7.85,9250,18
2026-09-22 14:47:00,NATGASMINI,PE,265.0,NATGASMINI23SEP26265PE,1.15,1.2,1.15,1.2,500,18
2026-09-22 14:47:00,NATGASMINI,CE,270.0,NATGASMINI23SEP26270CE,4.5,4.5,4.45,4.5,15250,18
2026-09-22 14:47:00,NATGASMINI,PE,270.0,NATGASMINI23SEP26270PE,2.9,2.95,2.9,2.95,11750,18
2026-09-22 14:47:00,NATGASMINI,CE,275.0,NATGASMINI23SEP26275CE,2.4,2.45,2.4,2.4,73250,18
2026-09-22 14:47:00,NATGASMINI,PE,275.0,NATGASMINI23SEP26275PE,5.8,5.85,5.75,5.8,4500,18
2026-09-22 14:47:00,NATGASMINI,CE,280.0,NATGASMINI23SEP26280CE,1.15,1.15,1.1,1.15,63250,18
2026-09-22 14:47:00,NATGASMINI,PE,280.0,NATGASMINI23SEP26280PE,9.6,9.65,9.6,9.6,5500,18
2026-09-22 14:47:00,NATGASMINI,CE,285.0,NATGASMINI23SEP26285CE,0.5,0.55,0.5,0.55,25250,18
2026-09-22 14:47:00,NATGASMINI,PE,285.0,NATGASMINI23SEP26285PE,13.9,14.0,13.9,14.0,1250,18
2026-09-22 14:47:00,NATGASMINI,CE,290.0,NATGASMINI23SEP26290CE,0.3,0.3,0.3,0.3,0,18
2026-09-22 14:47:00,NATGASMINI,PE,290.0,NATGASMINI23SEP26290PE,18.55,18.55,18.55,18.55,0,18
2026-09-22 14:47:00,NATGASMINI,CE,295.0,NATGASMINI23SEP26295CE,0.1,0.1,0.1,0.1,0,18
2026-09-22 14:47:00,NATGASMINI,PE,295.0,NATGASMINI23SEP26295PE,23.45,23.45,23.45,23.45,0,18
2026-09-22 14:47:00,NATGASMINI,CE,300.0,NATGASMINI23SEP26300CE,0.1,0.1,0.1,0.1,0,18
2026-09-22 14:47:00,NATGASMINI,PE,300.0,NATGASMINI23SEP26300PE,28.85,28.85,28.85,28.85,0,18
2026-09-22 14:48:00,NATURALGAS,FUT,0.0,NATURALGAS25SEP26FUT,271.7,271.7,271.6,271.6,11250,18
2026-09-22 14:48:00,NATURALGAS,CE,240.0,NATURALGAS23SEP26240CE,33.1,33.1,33.1,33.1,0,18
2026-09-22 14:48:00,NATURALGAS,PE,240.0,NATURALGAS23SEP26240PE,0.1,0.1,0.1,0.1,0,18
2026-09-22 14:48:00,NATURALGAS,CE,245.0,NATURALGAS23SEP26245CE,27.55,27.55,27.55,27.55,0,18
2026-09-22 14:48:00,NATURALGAS,PE,245.0,NATURALGAS23SEP26245PE,0.1,0.1,0.1,0.1,0,18
2026-09-22 14:48:00,NATURALGAS,CE,250.0,NATURALGAS23SEP26250CE,21.65,21.65,21.65,21.65,0,18
2026-09-22 14:48:00,NATURALGAS,PE,250.0,NATURALGAS23SEP26250PE,0.1,0.1,0.1,0.1,0,18
2026-09-22 14:48:00,NATURALGAS,CE,255.0,NATURALGAS23SEP26255CE,16.75,16.8,16.75,16.8,11250,18
2026-09-22 14:48:00,NATURALGAS,PE,255.0,NATURALGAS23SEP26255PE,0.1,0.15,0.1,0.15,12500,18
2026-09-22 14:48:00,NATURALGAS,CE,260.0,NATURALGAS23SEP26260CE,12.0,12.05,12.0,12.05,7500,18
2026-09-22 14:48:00,NATURALGAS,PE,260.0,NATURALGAS23SEP26260PE,0.45,0.45,0.45,0.45,0,18
2026-09-22 14:48:00,NATURALGAS,CE,265.0,NATURALGAS23SEP26265CE,7.8,7.85,7.8,7.85,51250,18
2026-09-22 14:48:00,NATURALGAS,PE,265.0,NATURALGAS23SEP26265PE,1.25,1.25,1.2,1.2,5000,18
2026-09-22 14:48:00,NATURALGAS,CE,270.0,NATURALGAS23SEP26270CE,4.5,4.55,4.5,4.55,53750,18
2026-09-22 14:48:00,NATURALGAS,PE,270.0,NATURALGAS23SEP26270PE,2.9,2.95,2.9,2.9,73750,18
2026-09-22 14:48:00,NATURALGAS,CE,275.0,NATURALGAS23SEP26275CE,2.4,2.4,2.35,2.4,87500,18
2026-09-22 14:48:00,NATURALGAS,PE,275.0,NATURALGAS23SEP26275PE,5.8,5.8,5.75,5.75,21250,18
2026-09-22 14:48:00,NATURALGAS,CE,280.0,NATURALGAS23SEP26280CE,1.1,1.15,1.1,1.1,66250,18
2026-09-22 14:48:00,NATURALGAS,PE,280.0,NATURALGAS23SEP26280PE,9.6,9.6,9.5,9.55,28750,18
2026-09-22 14:48:00,NATURALGAS,CE,285.0,NATURALGAS23SEP26285CE,0.5,0.5,0.5,0.5,33750,18
2026-09-22 14:48:00,NATURALGAS,PE,285.0,NATURALGAS23SEP26285PE,14.0,14.0,13.9,13.9,1250,18
2026-09-22 14:48:00,NATURALGAS,CE,290.0,NATURALGAS23SEP26290CE,0.3,0.3,0.25,0.25,1250,18
2026-09-22 14:48:00,NATURALGAS,PE,290.0,NATURALGAS23SEP26290PE,18.7,18.7,18.6,18.6,11250,18
2026-09-22 14:48:00,NATURALGAS,CE,295.0,NATURALGAS23SEP26295CE,0.1,0.1,0.1,0.1,0,18
2026-09-22 14:48:00,NATURALGAS,PE,295.0,NATURALGAS23SEP26295PE,23.55,23.55,23.55,23.55,0,18
2026-09-22 14:48:00,NATURALGAS,CE,300.0,NATURALGAS23SEP26300CE,0.1,0.1,0.1,0.1,0,18
2026-09-22 14:48:00,NATURALGAS,PE,300.0,NATURALGAS23SEP26300PE,28.55,28.55,28.55,28.55,0,18
2026-09-22 14:48:00,NATGASMINI,FUT,0.0,NATGASMINI25SEP26FUT,271.6,271.7,271.6,271.6,17250,18
2026-09-22 14:48:00,NATGASMINI,CE,240.0,NATGASMINI23SEP26240CE,33.25,33.25,33.25,33.25,0,18
2026-09-22 14:48:00,NATGASMINI,PE,240.0,NATGASMINI23SEP26240PE,0.05,0.05,0.05,0.05,0,18
2026-09-22 14:48:00,NATGASMINI,CE,245.0,NATGASMINI23SEP26245CE,30.4,30.4,30.4,30.4,0,18
2026-09-22 14:48:00,NATGASMINI,PE,245.0,NATGASMINI23SEP26245PE,0.05,0.05,0.05,0.05,0,18
2026-09-22 14:48:00,NATGASMINI,CE,250.0,NATGASMINI23SEP26250CE,21.6,21.6,21.6,21.6,0,18
2026-09-22 14:48:00,NATGASMINI,PE,250.0,NATGASMINI23SEP26250PE,0.05,0.05,0.05,0.05,0,18
2026-09-22 14:48:00,NATGASMINI,CE,255.0,NATGASMINI23SEP26255CE,16.75,16.85,16.75,16.85,1500,18
2026-09-22 14:48:00,NATGASMINI,PE,255.0,NATGASMINI23SEP26255PE,0.15,0.15,0.15,0.15,500,18
2026-09-22 14:48:00,NATGASMINI,CE,260.0,NATGASMINI23SEP26260CE,12.15,12.2,12.1,12.2,750,18
2026-09-22 14:48:00,NATGASMINI,PE,260.0,NATGASMINI23SEP26260PE,0.4,0.4,0.4,0.4,1250,18
2026-09-22 14:48:00,NATGASMINI,CE,265.0,NATGASMINI23SEP26265CE,7.85,7.95,7.85,7.95,4500,18
2026-09-22 14:48:00,NATGASMINI,PE,265.0,NATGASMINI23SEP26265PE,1.2,1.2,1.15,1.2,16750,18
2026-09-22 14:48:00,NATGASMINI,CE,270.0,NATGASMINI23SEP26270CE,4.5,4.6,4.5,4.6,42250,18
2026-09-22 14:48:00,NATGASMINI,PE,270.0,NATGASMINI23SEP26270PE,2.95,2.95,2.9,2.9,22250,18
2026-09-22 14:48:00,NATGASMINI,CE,275.0,NATGASMINI23SEP26275CE,2.4,2.45,2.4,2.45,48250,18
2026-09-22 14:48:00,NATGASMINI,PE,275.0,NATGASMINI23SEP26275PE,5.8,5.8,5.75,5.75,20000,18
2026-09-22 14:48:00,NATGASMINI,CE,280.0,NATGASMINI23SEP26280CE,1.15,1.15,1.1,1.15,151500,18
2026-09-22 14:48:00,NATGASMINI,PE,280.0,NATGASMINI23SEP26280PE,9.6,9.6,9.5,9.5,20500,18
2026-09-22 14:48:00,NATGASMINI,CE,285.0,NATGASMINI23SEP26285CE,0.55,0.55,0.5,0.5,2000,18
2026-09-22 14:48:00,NATGASMINI,PE,285.0,NATGASMINI23SEP26285PE,14.0,14.0,13.85,13.85,4500,18
2026-09-22 14:48:00,NATGASMINI,CE,290.0,NATGASMINI23SEP26290CE,0.3,0.3,0.25,0.25,1250,18
2026-09-22 14:48:00,NATGASMINI,PE,290.0,NATGASMINI23SEP26290PE,18.55,18.55,18.55,18.55,250,18
2026-09-22 14:48:00,NATGASMINI,CE,295.0,NATGASMINI23SEP26295CE,0.1,0.1,0.1,0.1,500,18
2026-09-22 14:48:00,NATGASMINI,PE,295.0,NATGASMINI23SEP26295PE,23.45,23.45,23.45,23.45,0,18
2026-09-22 14:48:00,NATGASMINI,CE,300.0,NATGASMINI23SEP26300CE,0.1,0.1,0.1,0.1,0,18
2026-09-22 14:48:00,NATGASMINI,PE,300.0,NATGASMINI23SEP26300PE,28.85,28.85,28.85,28.85,0,18
2026-09-22 14:49:00,NATURALGAS,FUT,0.0,NATURALGAS25SEP26FUT,271.6,271.8,271.6,271.8,80000,18
2026-09-22 14:49:00,NATURALGAS,CE,240.0,NATURALGAS23SEP26240CE,33.1,33.1,33.1,33.1,0,18
2026-09-22 14:49:00,NATURALGAS,PE,240.0,NATURALGAS23SEP26240PE,0.1,0.1,0.1,0.1,0,18
2026-09-22 14:49:00,NATURALGAS,CE,245.0,NATURALGAS23SEP26245CE,27.55,27.55,27.55,27.55,0,18
2026-09-22 14:49:00,NATURALGAS,PE,245.0,NATURALGAS23SEP26245PE,0.1,0.1,0.1,0.1,0,18
2026-09-22 14:49:00,NATURALGAS,CE,250.0,NATURALGAS23SEP26250CE,21.65,21.75,21.65,21.75,1250,18
2026-09-22 14:49:00,NATURALGAS,PE,250.0,NATURALGAS23SEP26250PE,0.1,0.1,0.1,0.1,0,18
2026-09-22 14:49:00,NATURALGAS,CE,255.0,NATURALGAS23SEP26255CE,16.8,16.85,16.8,16.85,1250,18
2026-09-22 14:49:00,NATURALGAS,PE,255.0,NATURALGAS23SEP26255PE,0.15,0.15,0.15,0.15,0,18
2026-09-22 14:49:00,NATURALGAS,CE,260.0,NATURALGAS23SEP26260CE,12.05,12.2,12.05,12.2,15000,18
2026-09-22 14:49:00,NATURALGAS,PE,260.0,NATURALGAS23SEP26260PE,0.45,0.45,0.45,0.45,1250,18
2026-09-22 14:49:00,NATURALGAS,CE,265.0,NATURALGAS23SEP26265CE,7.9,8.0,7.9,8.0,10000,18
2026-09-22 14:49:00,NATURALGAS,PE,265.0,NATURALGAS23SEP26265PE,1.2,1.2,1.2,1.2,40000,18
2026-09-22 14:49:00,NATURALGAS,CE,270.0,NATURALGAS23SEP26270CE,4.6,4.65,4.55,4.65,151250,18
2026-09-22 14:49:00,NATURALGAS,PE,270.0,NATURALGAS23SEP26270PE,2.9,2.9,2.85,2.85,81250,18
2026-09-22 14:49:00,NATURALGAS,CE,275.0,NATURALGAS23SEP26275CE,2.4,2.45,2.4,2.4,108750,18
2026-09-22 14:49:00,NATURALGAS,PE,275.0,NATURALGAS23SEP26275PE,5.7,5.75,5.7,5.7,76250,18
2026-09-22 14:49:00,NATURALGAS,CE,280.0,NATURALGAS23SEP26280CE,1.1,1.15,1.1,1.15,112500,18
2026-09-22 14:49:00,NATURALGAS,PE,280.0,NATURALGAS23SEP26280PE,9.45,9.5,9.4,9.4,45000,18
2026-09-22 14:49:00,NATURALGAS,CE,285.0,NATURALGAS23SEP26285CE,0.55,0.55,0.5,0.5,28750,18
2026-09-22 14:49:00,NATURALGAS,PE,285.0,NATURALGAS23SEP26285PE,13.9,13.9,13.75,13.75,3750,18
2026-09-22 14:49:00,NATURALGAS,CE,290.0,NATURALGAS23SEP26290CE,0.3,0.3,0.3,0.3,0,18
2026-09-22 14:49:00,NATURALGAS,PE,290.0,NATURALGAS23SEP26290PE,18.55,18.55,18.55,18.55,0,18
2026-09-22 14:49:00,NATURALGAS,CE,295.0,NATURALGAS23SEP26295CE,0.1,0.1,0.1,0.1,0,18
2026-09-22 14:49:00,NATURALGAS,PE,295.0,NATURALGAS23SEP26295PE,23.55,23.55,23.55,23.55,0,18
2026-09-22 14:49:00,NATURALGAS,CE,300.0,NATURALGAS23SEP26300CE,0.1,0.1,0.05,0.05,12500,18
2026-09-22 14:49:00,NATURALGAS,PE,300.0,NATURALGAS23SEP26300PE,28.55,28.55,28.55,28.55,0,18
2026-09-22 14:49:00,NATGASMINI,FUT,0.0,NATGASMINI25SEP26FUT,271.7,271.8,271.6,271.7,15000,18
2026-09-22 14:49:00,NATGASMINI,CE,240.0,NATGASMINI23SEP26240CE,33.25,33.25,33.25,33.25,0,18
2026-09-22 14:49:00,NATGASMINI,PE,240.0,NATGASMINI23SEP26240PE,0.05,0.05,0.05,0.05,0,18
2026-09-22 14:49:00,NATGASMINI,CE,245.0,NATGASMINI23SEP26245CE,30.4,30.4,30.4,30.4,0,18
2026-09-22 14:49:00,NATGASMINI,PE,245.0,NATGASMINI23SEP26245PE,0.05,0.05,0.05,0.05,0,18
2026-09-22 14:49:00,NATGASMINI,CE,250.0,NATGASMINI23SEP26250CE,21.6,21.6,21.6,21.6,0,18
2026-09-22 14:49:00,NATGASMINI,PE,250.0,NATGASMINI23SEP26250PE,0.05,0.05,0.05,0.05,0,18
2026-09-22 14:49:00,NATGASMINI,CE,255.0,NATGASMINI23SEP26255CE,16.85,16.85,16.85,16.85,0,18
2026-09-22 14:49:00,NATGASMINI,PE,255.0,NATGASMINI23SEP26255PE,0.15,0.15,0.15,0.15,0,18
2026-09-22 14:49:00,NATGASMINI,CE,260.0,NATGASMINI23SEP26260CE,12.2,12.2,12.2,12.2,250,18
2026-09-22 14:49:00,NATGASMINI,PE,260.0,NATGASMINI23SEP26260PE,0.4,0.4,0.35,0.35,2750,18
2026-09-22 14:49:00,NATGASMINI,CE,265.0,NATGASMINI23SEP26265CE,7.95,8.0,7.9,8.0,6750,18
2026-09-22 14:49:00,NATGASMINI,PE,265.0,NATGASMINI23SEP26265PE,1.2,1.2,1.15,1.15,5750,18
2026-09-22 14:49:00,NATGASMINI,CE,270.0,NATGASMINI23SEP26270CE,4.6,4.6,4.55,4.6,29750,18
2026-09-22 14:49:00,NATGASMINI,PE,270.0,NATGASMINI23SEP26270PE,2.85,2.95,2.85,2.85,49000,18
2026-09-22 14:49:00,NATGASMINI,CE,275.0,NATGASMINI23SEP26275CE,2.45,2.5,2.4,2.45,43250,18
2026-09-22 14:49:00,NATGASMINI,PE,275.0,NATGASMINI23SEP26275PE,5.75,5.75,5.65,5.65,27250,18
2026-09-22 14:49:00,NATGASMINI,CE,280.0,NATGASMINI23SEP26280CE,1.2,1.2,1.15,1.15,14750,18
2026-09-22 14:49:00,NATGASMINI,PE,280.0,NATGASMINI23SEP26280PE,9.4,9.55,9.4,9.4,8500,18
2026-09-22 14:49:00,NATGASMINI,CE,285.0,NATGASMINI23SEP26285CE,0.5,0.55,0.5,0.55,2500,18
2026-09-22 14:49:00,NATGASMINI,PE,285.0,NATGASMINI23SEP26285PE,13.85,13.85,13.8,13.8,500,18
2026-09-22 14:49:00,NATGASMINI,CE,290.0,NATGASMINI23SEP26290CE,0.25,0.3,0.25,0.3,7500,18
2026-09-22 14:49:00,NATGASMINI,PE,290.0,NATGASMINI23SEP26290PE,18.5,18.5,18.5,18.5,250,18
2026-09-22 14:49:00,NATGASMINI,CE,295.0,NATGASMINI23SEP26295CE,0.1,0.1,0.1,0.1,0,18
2026-09-22 14:49:00,NATGASMINI,PE,295.0,NATGASMINI23SEP26295PE,23.45,23.45,23.45,23.45,0,18
2026-09-22 14:49:00,NATGASMINI,CE,300.0,NATGASMINI23SEP26300CE,0.1,0.1,0.1,0.1,0,18
2026-09-22 14:49:00,NATGASMINI,PE,300.0,NATGASMINI23SEP26300PE,28.85,28.85,28.85,28.85,0,18
2026-09-22 14:50:00,NATURALGAS,FUT,0.0,NATURALGAS25SEP26FUT,271.8,271.8,271.6,271.6,48750,18
2026-09-22 14:50:00,NATURALGAS,CE,240.0,NATURALGAS23SEP26240CE,33.1,33.1,33.1,33.1,0,18
2026-09-22 14:50:00,NATURALGAS,PE,240.0,NATURALGAS23SEP26240PE,0.1,0.1,0.1,0.1,0,18
2026-09-22 14:50:00,NATURALGAS,CE,245.0,NATURALGAS23SEP26245CE,27.55,27.55,27.55,27.55,0,18
2026-09-22 14:50:00,NATURALGAS,PE,245.0,NATURALGAS23SEP26245PE,0.1,0.1,0.1,0.1,0,18
2026-09-22 14:50:00,NATURALGAS,CE,250.0,NATURALGAS23SEP26250CE,21.75,21.75,21.75,21.75,1250,18
2026-09-22 14:50:00,NATURALGAS,PE,250.0,NATURALGAS23SEP26250PE,0.1,0.1,0.1,0.1,0,18
2026-09-22 14:50:00,NATURALGAS,CE,255.0,NATURALGAS23SEP26255CE,16.85,16.85,16.75,16.75,3750,18
2026-09-22 14:50:00,NATURALGAS,PE,255.0,NATURALGAS23SEP26255PE,0.15,0.15,0.15,0.15,0,18
2026-09-22 14:50:00,NATURALGAS,CE,260.0,NATURALGAS23SEP26260CE,12.2,12.2,12.0,12.0,17500,18
2026-09-22 14:50:00,NATURALGAS,PE,260.0,NATURALGAS23SEP26260PE,0.45,0.45,0.45,0.45,0,18
2026-09-22 14:50:00,NATURALGAS,CE,265.0,NATURALGAS23SEP26265CE,8.0,8.0,7.85,7.9,25000,18
2026-09-22 14:50:00,NATURALGAS,PE,265.0,NATURALGAS23SEP26265PE,1.2,1.2,1.15,1.2,147500,18
2026-09-22 14:50:00,NATURALGAS,CE,270.0,NATURALGAS23SEP26270CE,4.55,4.65,4.55,4.6,112500,18
2026-09-22 14:50:00,NATURALGAS,PE,270.0,NATURALGAS23SEP26270PE,2.9,2.9,2.85,2.85,138750,18
2026-09-22 14:50:00,NATURALGAS,CE,275.0,NATURALGAS23SEP26275CE,2.45,2.45,2.4,2.4,67500,18
2026-09-22 14:50:00,NATURALGAS,PE,275.0,NATURALGAS23SEP26275PE,5.7,5.75,5.65,5.75,58750,18
2026-09-22 14:50:00,NATURALGAS,CE,280.0,NATURALGAS23SEP26280CE,1.15,1.15,1.1,1.1,15000,18
2026-09-22 14:50:00,NATURALGAS,PE,280.0,NATURALGAS23SEP26280PE,9.4,9.55,9.4,9.55,2500,18
2026-09-22 14:50:00,NATURALGAS,CE,285.0,NATURALGAS23SEP26285CE,0.5,0.55,0.5,0.5,16250,18
2026-09-22 14:50:00,NATURALGAS,PE,285.0,NATURALGAS23SEP26285PE,13.75,13.75,13.75,13.75,0,18
2026-09-22 14:50:00,NATURALGAS,CE,290.0,NATURALGAS23SEP26290CE,0.3,0.3,0.3,0.3,33750,18
2026-09-22 14:50:00,NATURALGAS,PE,290.0,NATURALGAS23SEP26290PE,18.55,18.7,18.55,18.7,1250,18
2026-09-22 14:50:00,NATURALGAS,CE,295.0,NATURALGAS23SEP26295CE,0.1,0.1,0.1,0.1,0,18
2026-09-22 14:50:00,NATURALGAS,PE,295.0,NATURALGAS23SEP26295PE,23.55,23.55,23.55,23.55,0,18
2026-09-22 14:50:00,NATURALGAS,CE,300.0,NATURALGAS23SEP26300CE,0.05,0.05,0.05,0.05,0,18
2026-09-22 14:50:00,NATURALGAS,PE,300.0,NATURALGAS23SEP26300PE,28.55,28.55,28.55,28.55,0,18
2026-09-22 14:50:00,NATGASMINI,FUT,0.0,NATGASMINI25SEP26FUT,271.9,271.9,271.6,271.7,8500,18
2026-09-22 14:50:00,NATGASMINI,CE,240.0,NATGASMINI23SEP26240CE,33.25,33.25,33.25,33.25,0,18
2026-09-22 14:50:00,NATGASMINI,PE,240.0,NATGASMINI23SEP26240PE,0.05,0.05,0.05,0.05,0,18
2026-09-22 14:50:00,NATGASMINI,CE,245.0,NATGASMINI23SEP26245CE,30.4,30.4,30.4,30.4,0,18
2026-09-22 14:50:00,NATGASMINI,PE,245.0,NATGASMINI23SEP26245PE,0.05,0.05,0.05,0.05,0,18
2026-09-22 14:50:00,NATGASMINI,CE,250.0,NATGASMINI23SEP26250CE,21.6,21.6,21.6,21.6,0,18
2026-09-22 14:50:00,NATGASMINI,PE,250.0,NATGASMINI23SEP26250PE,0.05,0.05,0.05,0.05,0,18
2026-09-22 14:50:00,NATGASMINI,CE,255.0,NATGASMINI23SEP26255CE,16.85,17.0,16.85,17.0,250,18
2026-09-22 14:50:00,NATGASMINI,PE,255.0,NATGASMINI23SEP26255PE,0.15,0.15,0.15,0.15,0,18
2026-09-22 14:50:00,NATGASMINI,CE,260.0,NATGASMINI23SEP26260CE,12.2,12.3,12.1,12.1,3500,18
2026-09-22 14:50:00,NATGASMINI,PE,260.0,NATGASMINI23SEP26260PE,0.35,0.4,0.35,0.4,5250,18
2026-09-22 14:50:00,NATGASMINI,CE,265.0,NATGASMINI23SEP26265CE,8.0,8.0,7.85,7.85,3500,18
2026-09-22 14:50:00,NATGASMINI,PE,265.0,NATGASMINI23SEP26265PE,1.15,1.2,1.15,1.2,81250,18
2026-09-22 14:50:00,NATGASMINI,CE,270.0,NATGASMINI23SEP26270CE,4.6,4.65,4.55,4.6,24500,18
2026-09-22 14:50:00,NATGASMINI,PE,270.0,NATGASMINI23SEP26270PE,2.85,2.9,2.8,2.85,56250,18
2026-09-22 14:50:00,NATGASMINI,CE,275.0,NATGASMINI23SEP26275CE,2.45,2.5,2.45,2.45,91750,18
2026-09-22 14:50:00,NATGASMINI,PE,275.0,NATGASMINI23SEP26275PE,5.65,5.75,5.65,5.75,18000,18
2026-09-22 14:50:00,NATGASMINI,CE,280.0,NATGASMINI23SEP26280CE,1.2,1.2,1.15,1.15,47750,18
2026-09-22 14:50:00,NATGASMINI,PE,280.0,NATGASMINI23SEP26280PE,9.4,9.55,9.4,9.55,2750,18
2026-09-22 14:50:00,NATGASMINI,CE,285.0,NATGASMINI23SEP26285CE,0.55,0.55,0.5,0.55,2750,18
2026-09-22 14:50:00,NATGASMINI,PE,285.0,NATGASMINI23SEP26285PE,13.7,13.8,13.7,13.8,6000,18
2026-09-22 14:50:00,NATGASMINI,CE,290.0,NATGASMINI23SEP26290CE,0.3,0.3,0.25,0.25,34000,18
2026-09-22 14:50:00,NATGASMINI,PE,290.0,NATGASMINI23SEP26290PE,18.5,18.5,18.5,18.5,0,18
2026-09-22 14:50:00,NATGASMINI,CE,295.0,NATGASMINI23SEP26295CE,0.1,0.1,0.1,0.1,0,18
2026-09-22 14:50:00,NATGASMINI,PE,295.0,NATGASMINI23SEP26295PE,23.45,23.45,23.45,23.45,0,18
2026-09-22 14:50:00,NATGASMINI,CE,300.0,NATGASMINI23SEP26300CE,0.1,0.1,0.1,0.1,0,18
2026-09-22 14:50:00,NATGASMINI,PE,300.0,NATGASMINI23SEP26300PE,28.85,28.85,28.85,28.85,0,18
2026-09-22 14:51:00,NATURALGAS,FUT,0.0,NATURALGAS25SEP26FUT,271.9,271.9,271.9,271.9,7500,17
2026-09-22 14:51:00,NATURALGAS,CE,240.0,NATURALGAS23SEP26240CE,33.1,33.1,33.1,33.1,0,17
2026-09-22 14:51:00,NATURALGAS,PE,240.0,NATURALGAS23SEP26240PE,0.1,0.1,0.1,0.1,0,17
2026-09-22 14:51:00,NATURALGAS,CE,245.0,NATURALGAS23SEP26245CE,27.55,27.55,27.55,27.55,0,17
2026-09-22 14:51:00,NATURALGAS,PE,245.0,NATURALGAS23SEP26245PE,0.1,0.1,0.1,0.1,0,17
2026-09-22 14:51:00,NATURALGAS,CE,250.0,NATURALGAS23SEP26250CE,21.85,21.85,21.85,21.85,0,17
2026-09-22 14:51:00,NATURALGAS,PE,250.0,NATURALGAS23SEP26250PE,0.1,0.1,0.1,0.1,16250,17
2026-09-22 14:51:00,NATURALGAS,CE,255.0,NATURALGAS23SEP26255CE,17.0,17.0,17.0,17.0,0,17
2026-09-22 14:51:00,NATURALGAS,PE,255.0,NATURALGAS23SEP26255PE,0.15,0.15,0.15,0.15,0,17
2026-09-22 14:51:00,NATURALGAS,CE,260.0,NATURALGAS23SEP26260CE,12.3,12.4,12.3,12.4,16250,17
2026-09-22 14:51:00,NATURALGAS,PE,260.0,NATURALGAS23SEP26260PE,0.4,0.45,0.4,0.45,5000,17
2026-09-22 14:51:00,NATURALGAS,CE,265.0,NATURALGAS23SEP26265CE,8.1,8.15,8.05,8.15,33750,17
2026-09-22 14:51:00,NATURALGAS,PE,265.0,NATURALGAS23SEP26265PE,1.2,1.2,1.15,1.15,85000,17
2026-09-22 14:51:00,NATURALGAS,CE,270.0,NATURALGAS23SEP26270CE,4.7,4.75,4.7,4.75,138750,17
2026-09-22 14:51:00,NATURALGAS,PE,270.0,NATURALGAS23SEP26270PE,2.75,2.8,2.75,2.75,32500,17
2026-09-22 14:51:00,NATURALGAS,CE,275.0,NATURALGAS23SEP26275CE,2.5,2.55,2.5,2.55,72500,17
2026-09-22 14:51:00,NATURALGAS,PE,275.0,NATURALGAS23SEP26275PE,5.55,5.6,5.5,5.55,58750,17
2026-09-22 14:51:00,NATURALGAS,CE,280.0,NATURALGAS23SEP26280CE,1.15,1.2,1.15,1.2,560000,17
2026-09-22 14:51:00,NATURALGAS,PE,280.0,NATURALGAS23SEP26280PE,9.25,9.3,9.25,9.25,37500,17
2026-09-22 14:51:00,NATURALGAS,CE,285.0,NATURALGAS23SEP26285CE,0.55,0.55,0.55,0.55,76250,17
2026-09-22 14:51:00,NATURALGAS,PE,285.0,NATURALGAS23SEP26285PE,13.55,13.55,13.55,13.55,5000,17
2026-09-22 14:51:00,NATURALGAS,CE,290.0,NATURALGAS23SEP26290CE,0.3,0.3,0.3,0.3,1250,17
2026-09-22 14:51:00,NATURALGAS,PE,290.0,NATURALGAS23SEP26290PE,18.7,18.7,18.7,18.7,0,17
2026-09-22 14:51:00,NATURALGAS,CE,295.0,NATURALGAS23SEP26295CE,0.1,0.1,0.1,0.1,42500,17
2026-09-22 14:51:00,NATURALGAS,PE,295.0,NATURALGAS23SEP26295PE,23.3,23.3,23.3,23.3,0,17
2026-09-22 14:51:00,NATURALGAS,CE,300.0,NATURALGAS23SEP26300CE,0.05,0.1,0.05,0.1,3750,17
2026-09-22 14:51:00,NATURALGAS,PE,300.0,NATURALGAS23SEP26300PE,28.2,28.2,28.2,28.2,0,17
2026-09-22 14:51:00,NATGASMINI,FUT,0.0,NATGASMINI25SEP26FUT,271.9,272.0,271.9,272.0,13250,17
2026-09-22 14:51:00,NATGASMINI,CE,240.0,NATGASMINI23SEP26240CE,33.25,33.25,33.25,33.25,0,17
2026-09-22 14:51:00,NATGASMINI,PE,240.0,NATGASMINI23SEP26240PE,0.05,0.05,0.05,0.05,0,17
2026-09-22 14:51:00,NATGASMINI,CE,245.0,NATGASMINI23SEP26245CE,30.4,30.4,30.4,30.4,0,17
2026-09-22 14:51:00,NATGASMINI,PE,245.0,NATGASMINI23SEP26245PE,0.05,0.05,0.05,0.05,0,17
2026-09-22 14:51:00,NATGASMINI,CE,250.0,NATGASMINI23SEP26250CE,21.6,21.6,21.6,21.6,0,17
2026-09-22 14:51:00,NATGASMINI,PE,250.0,NATGASMINI23SEP26250PE,0.05,0.05,0.05,0.05,0,17
2026-09-22 14:51:00,NATGASMINI,CE,255.0,NATGASMINI23SEP26255CE,17.05,17.05,17.05,17.05,0,17
2026-09-22 14:51:00,NATGASMINI,PE,255.0,NATGASMINI23SEP26255PE,0.15,0.15,0.15,0.15,0,17
2026-09-22 14:51:00,NATGASMINI,CE,260.0,NATGASMINI23SEP26260CE,12.4,12.55,12.4,12.55,7750,17
2026-09-22 14:51:00,NATGASMINI,PE,260.0,NATGASMINI23SEP26260PE,0.4,0.4,0.4,0.4,1750,17
2026-09-22 14:51:00,NATGASMINI,CE,265.0,NATGASMINI23SEP26265CE,8.2,8.25,8.15,8.15,1250,17
2026-09-22 14:51:00,NATGASMINI,PE,265.0,NATGASMINI23SEP26265PE,1.15,1.15,1.1,1.1,4750,17
2026-09-22 14:51:00,NATGASMINI,CE,270.0,NATGASMINI23SEP26270CE,4.75,4.75,4.7,4.7,92250,17
2026-09-22 14:51:00,NATGASMINI,PE,270.0,NATGASMINI23SEP26270PE,2.8,2.8,2.75,2.75,23000,17
2026-09-22 14:51:00,NATGASMINI,CE,275.0,NATGASMINI23SEP26275CE,2.55,2.6,2.55,2.55,62250,17
2026-09-22 14:51:00,NATGASMINI,PE,275.0,NATGASMINI23SEP26275PE,5.6,5.6,5.45,5.55,38750,17
2026-09-22 14:51:00,NATGASMINI,CE,280.0,NATGASMINI23SEP26280CE,1.2,1.25,1.2,1.2,37500,17
2026-09-22 14:51:00,NATGASMINI,PE,280.0,NATGASMINI23SEP26280PE,9.3,9.35,9.3,9.35,7000,17
2026-09-22 14:51:00,NATGASMINI,CE,285.0,NATGASMINI23SEP26285CE,0.55,0.55,0.5,0.5,8250,17
2026-09-22 14:51:00,NATGASMINI,PE,285.0,NATGASMINI23SEP26285PE,13.6,13.6,13.6,13.6,500,17
2026-09-22 14:51:00,NATGASMINI,CE,290.0,NATGASMINI23SEP26290CE,0.25,0.3,0.25,0.3,4000,17
2026-09-22 14:51:00,NATGASMINI,PE,290.0,NATGASMINI23SEP26290PE,18.35,18.35,18.2,18.2,250,17
2026-09-22 14:51:00,NATGASMINI,CE,295.0,NATGASMINI23SEP26295CE,0.1,0.1,0.1,0.1,0,17
2026-09-22 14:51:00,NATGASMINI,PE,295.0,NATGASMINI23SEP26295PE,23.2,23.2,23.2,23.2,0,17
2026-09-22 14:51:00,NATGASMINI,CE,300.0,NATGASMINI23SEP26300CE,0.1,0.1,0.1,0.1,0,17
2026-09-22 14:51:00,NATGASMINI,PE,300.0,NATGASMINI23SEP26300PE,28.85,28.85,28.85,28.85,0,17
2026-09-22 14:52:00,NATURALGAS,FUT,0.0,NATURALGAS25SEP26FUT,272.0,272.0,272.0,272.0,65000,18
2026-09-22 14:52:00,NATURALGAS,CE,240.0,NATURALGAS23SEP26240CE,33.1,33.1,33.1,33.1,0,18
2026-09-22 14:52:00,NATURALGAS,PE,240.0,NATURALGAS23SEP26240PE,0.1,0.1,0.1,0.1,0,18
2026-09-22 14:52:00,NATURALGAS,CE,245.0,NATURALGAS23SEP26245CE,27.55,27.55,27.55,27.55,0,18
2026-09-22 14:52:00,NATURALGAS,PE,245.0,NATURALGAS23SEP26245PE,0.1,0.1,0.1,0.1,0,18
2026-09-22 14:52:00,NATURALGAS,CE,250.0,NATURALGAS23SEP26250CE,21.85,21.85,21.85,21.85,0,18
2026-09-22 14:52:00,NATURALGAS,PE,250.0,NATURALGAS23SEP26250PE,0.1,0.1,0.1,0.1,0,18
2026-09-22 14:52:00,NATURALGAS,CE,255.0,NATURALGAS23SEP26255CE,17.0,17.0,17.0,17.0,0,18
2026-09-22 14:52:00,NATURALGAS,PE,255.0,NATURALGAS23SEP26255PE,0.15,0.15,0.1,0.1,1250,18
2026-09-22 14:52:00,NATURALGAS,CE,260.0,NATURALGAS23SEP26260CE,12.4,12.4,12.35,12.35,6250,18
2026-09-22 14:52:00,NATURALGAS,PE,260.0,NATURALGAS23SEP26260PE,0.45,0.45,0.4,0.45,90000,18
2026-09-22 14:52:00,NATURALGAS,CE,265.0,NATURALGAS23SEP26265CE,8.1,8.2,8.1,8.1,41250,18
2026-09-22 14:52:00,NATURALGAS,PE,265.0,NATURALGAS23SEP26265PE,1.15,1.15,1.1,1.1,436250,18
2026-09-22 14:52:00,NATURALGAS,CE,270.0,NATURALGAS23SEP26270CE,4.75,4.8,4.75,4.75,133750,18
2026-09-22 14:52:00,NATURALGAS,PE,270.0,NATURALGAS23SEP26270PE,2.75,2.8,2.7,2.75,317500,18
2026-09-22 14:52:00,NATURALGAS,CE,275.0,NATURALGAS23SEP26275CE,2.5,2.55,2.5,2.55,97500,18
2026-09-22 14:52:00,NATURALGAS,PE,275.0,NATURALGAS23SEP26275PE,5.55,5.55,5.5,5.55,90000,18
2026-09-22 14:52:00,NATURALGAS,CE,280.0,NATURALGAS23SEP26280CE,1.2,1.2,1.15,1.2,31250,18
2026-09-22 14:52:00,NATURALGAS,PE,280.0,NATURALGAS23SEP26280PE,9.3,9.3,9.2,9.2,46250,18
2026-09-22 14:52:00,NATURALGAS,CE,285.0,NATURALGAS23SEP26285CE,0.55,0.55,0.5,0.5,82500,18
2026-09-22 14:52:00,NATURALGAS,PE,285.0,NATURALGAS23SEP26285PE,13.55,13.55,13.5,13.55,11250,18
2026-09-22 14:52:00,NATURALGAS,CE,290.0,NATURALGAS23SEP26290CE,0.3,0.3,0.25,0.25,5000,18
2026-09-22 14:52:00,NATURALGAS,PE,290.0,NATURALGAS23SEP26290PE,18.7,18.7,18.7,18.7,0,18
2026-09-22 14:52:00,NATURALGAS,CE,295.0,NATURALGAS23SEP26295CE,0.1,0.1,0.1,0.1,0,18
2026-09-22 14:52:00,NATURALGAS,PE,295.0,NATURALGAS23SEP26295PE,23.3,23.3,23.3,23.3,0,18
2026-09-22 14:52:00,NATURALGAS,CE,300.0,NATURALGAS23SEP26300CE,0.1,0.1,0.1,0.1,0,18
2026-09-22 14:52:00,NATURALGAS,PE,300.0,NATURALGAS23SEP26300PE,28.2,28.2,28.2,28.2,0,18
2026-09-22 14:52:00,NATGASMINI,FUT,0.0,NATGASMINI25SEP26FUT,272.0,272.1,271.9,272.0,23500,18
2026-09-22 14:52:00,NATGASMINI,CE,240.0,NATGASMINI23SEP26240CE,33.25,33.25,33.25,33.25,0,18
2026-09-22 14:52:00,NATGASMINI,PE,240.0,NATGASMINI23SEP26240PE,0.05,0.05,0.05,0.05,0,18
2026-09-22 14:52:00,NATGASMINI,CE,245.0,NATGASMINI23SEP26245CE,30.4,30.4,30.4,30.4,0,18
2026-09-22 14:52:00,NATGASMINI,PE,245.0,NATGASMINI23SEP26245PE,0.05,0.05,0.05,0.05,0,18
2026-09-22 14:52:00,NATGASMINI,CE,250.0,NATGASMINI23SEP26250CE,21.6,21.6,21.6,21.6,0,18
2026-09-22 14:52:00,NATGASMINI,PE,250.0,NATGASMINI23SEP26250PE,0.05,0.05,0.05,0.05,0,18
2026-09-22 14:52:00,NATGASMINI,CE,255.0,NATGASMINI23SEP26255CE,17.05,17.05,17.05,17.05,0,18
2026-09-22 14:52:00,NATGASMINI,PE,255.0,NATGASMINI23SEP26255PE,0.15,0.15,0.15,0.15,0,18
2026-09-22 14:52:00,NATGASMINI,CE,260.0,NATGASMINI23SEP26260CE,12.55,12.55,12.35,12.35,4750,18
2026-09-22 14:52:00,NATGASMINI,PE,260.0,NATGASMINI23SEP26260PE,0.4,0.4,0.35,0.4,6500,18
2026-09-22 14:52:00,NATGASMINI,CE,265.0,NATGASMINI23SEP26265CE,8.15,8.25,8.1,8.2,12250,18
2026-09-22 14:52:00,NATGASMINI,PE,265.0,NATGASMINI23SEP26265PE,1.1,1.15,1.1,1.1,13500,18
2026-09-22 14:52:00,NATGASMINI,CE,270.0,NATGASMINI23SEP26270CE,4.7,4.75,4.7,4.75,51500,18
2026-09-22 14:52:00,NATGASMINI,PE,270.0,NATGASMINI23SEP26270PE,2.8,2.8,2.75,2.75,124500,18
2026-09-22 14:52:00,NATGASMINI,CE,275.0,NATGASMINI23SEP26275CE,2.55,2.6,2.55,2.55,61000,18
2026-09-22 14:52:00,NATGASMINI,PE,275.0,NATGASMINI23SEP26275PE,5.6,5.6,5.5,5.6,29250,18
2026-09-22 14:52:00,NATGASMINI,CE,280.0,NATGASMINI23SEP26280CE,1.2,1.2,1.15,1.15,40500,18
2026-09-22 14:52:00,NATGASMINI,PE,280.0,NATGASMINI23SEP26280PE,9.35,9.35,9.15,9.25,18250,18
2026-09-22 14:52:00,NATGASMINI,CE,285.0,NATGASMINI23SEP26285CE,0.5,0.55,0.5,0.55,3750,18
2026-09-22 14:52:00,NATGASMINI,PE,285.0,NATGASMINI23SEP26285PE,13.6,13.6,13.5,13.6,9250,18
2026-09-22 14:52:00,NATGASMINI,CE,290.0,NATGASMINI23SEP26290CE,0.3,0.3,0.25,0.25,250,18
2026-09-22 14:52:00,NATGASMINI,PE,290.0,NATGASMINI23SEP26290PE,18.2,18.2,18.2,18.2,0,18
2026-09-22 14:52:00,NATGASMINI,CE,295.0,NATGASMINI23SEP26295CE,0.1,0.1,0.1,0.1,0,18
2026-09-22 14:52:00,NATGASMINI,PE,295.0,NATGASMINI23SEP26295PE,23.2,23.2,23.1,23.1,250,18
2026-09-22 14:52:00,NATGASMINI,CE,300.0,NATGASMINI23SEP26300CE,0.1,0.1,0.1,0.1,0,18
2026-09-22 14:52:00,NATGASMINI,PE,300.0,NATGASMINI23SEP26300PE,28.85,28.85,28.85,28.85,0,18
2026-09-22 14:53:00,NATURALGAS,FUT,0.0,NATURALGAS25SEP26FUT,272.0,272.2,272.0,272.1,58750,18
2026-09-22 14:53:00,NATURALGAS,CE,240.0,NATURALGAS23SEP26240CE,33.1,33.1,33.1,33.1,0,18
2026-09-22 14:53:00,NATURALGAS,PE,240.0,NATURALGAS23SEP26240PE,0.1,0.1,0.1,0.1,0,18
2026-09-22 14:53:00,NATURALGAS,CE,245.0,NATURALGAS23SEP26245CE,27.55,27.55,27.55,27.55,0,18
2026-09-22 14:53:00,NATURALGAS,PE,245.0,NATURALGAS23SEP26245PE,0.1,0.1,0.1,0.1,50000,18
2026-09-22 14:53:00,NATURALGAS,CE,250.0,NATURALGAS23SEP26250CE,21.85,22.25,21.85,22.25,1250,18
2026-09-22 14:53:00,NATURALGAS,PE,250.0,NATURALGAS23SEP26250PE,0.1,0.1,0.05,0.05,2500,18
2026-09-22 14:53:00,NATURALGAS,CE,255.0,NATURALGAS23SEP26255CE,17.0,17.0,17.0,17.0,0,18
2026-09-22 14:53:00,NATURALGAS,PE,255.0,NATURALGAS23SEP26255PE,0.1,0.1,0.1,0.1,6250,18
2026-09-22 14:53:00,NATURALGAS,CE,260.0,NATURALGAS23SEP26260CE,12.45,12.55,12.45,12.55,41250,18
2026-09-22 14:53:00,NATURALGAS,PE,260.0,NATURALGAS23SEP26260PE,0.4,0.4,0.4,0.4,145000,18
2026-09-22 14:53:00,NATURALGAS,CE,265.0,NATURALGAS23SEP26265CE,8.2,8.3,8.2,8.2,32500,18
2026-09-22 14:53:00,NATURALGAS,PE,265.0,NATURALGAS23SEP26265PE,1.1,1.15,1.1,1.1,101250,18
2026-09-22 14:53:00,NATURALGAS,CE,270.0,NATURALGAS23SEP26270CE,4.8,4.85,4.8,4.8,268750,18
2026-09-22 14:53:00,NATURALGAS,PE,270.0,NATURALGAS23SEP26270PE,2.75,2.75,2.65,2.65,503750,18
2026-09-22 14:53:00,NATURALGAS,CE,275.0,NATURALGAS23SEP26275CE,2.6,2.6,2.55,2.6,365000,18
2026-09-22 14:53:00,NATURALGAS,PE,275.0,NATURALGAS23SEP26275PE,5.5,5.5,5.4,5.45,178750,18
2026-09-22 14:53:00,NATURALGAS,CE,280.0,NATURALGAS23SEP26280CE,1.2,1.2,1.2,1.2,96250,18
2026-09-22 14:53:00,NATURALGAS,PE,280.0,NATURALGAS23SEP26280PE,9.2,9.2,9.1,9.1,46250,18
2026-09-22 14:53:00,NATURALGAS,CE,285.0,NATURALGAS23SEP26285CE,0.55,0.55,0.55,0.55,755000,18
2026-09-22 14:53:00,NATURALGAS,PE,285.0,NATURALGAS23SEP26285PE,13.55,13.55,13.35,13.45,20000,18
2026-09-22 14:53:00,NATURALGAS,CE,290.0,NATURALGAS23SEP26290CE,0.25,0.25,0.25,0.25,2500,18
2026-09-22 14:53:00,NATURALGAS,PE,290.0,NATURALGAS23SEP26290PE,18.2,18.2,18.2,18.2,0,18
2026-09-22 14:53:00,NATURALGAS,CE,295.0,NATURALGAS23SEP26295CE,0.1,0.1,0.1,0.1,0,18
2026-09-22 14:53:00,NATURALGAS,PE,295.0,NATURALGAS23SEP26295PE,23.3,23.3,23.3,23.3,0,18
2026-09-22 14:53:00,NATURALGAS,CE,300.0,NATURALGAS23SEP26300CE,0.1,0.1,0.1,0.1,182500,18
2026-09-22 14:53:00,NATURALGAS,PE,300.0,NATURALGAS23SEP26300PE,28.2,28.2,28.2,28.2,0,18
2026-09-22 14:53:00,NATGASMINI,FUT,0.0,NATGASMINI25SEP26FUT,272.0,272.2,272.0,272.1,21750,18
2026-09-22 14:53:00,NATGASMINI,CE,240.0,NATGASMINI23SEP26240CE,33.25,33.25,33.25,33.25,0,18
2026-09-22 14:53:00,NATGASMINI,PE,240.0,NATGASMINI23SEP26240PE,0.05,0.05,0.05,0.05,13000,18
2026-09-22 14:53:00,NATGASMINI,CE,245.0,NATGASMINI23SEP26245CE,30.4,30.4,30.4,30.4,0,18
2026-09-22 14:53:00,NATGASMINI,PE,245.0,NATGASMINI23SEP26245PE,0.05,0.05,0.05,0.05,0,18
2026-09-22 14:53:00,NATGASMINI,CE,250.0,NATGASMINI23SEP26250CE,21.6,22.25,21.6,22.25,750,18
2026-09-22 14:53:00,NATGASMINI,PE,250.0,NATGASMINI23SEP26250PE,0.05,0.1,0.05,0.1,500,18
2026-09-22 14:53:00,NATGASMINI,CE,255.0,NATGASMINI23SEP26255CE,17.05,17.4,17.05,17.4,4000,18
2026-09-22 14:53:00,NATGASMINI,PE,255.0,NATGASMINI23SEP26255PE,0.15,0.15,0.1,0.1,250,18
2026-09-22 14:53:00,NATGASMINI,CE,260.0,NATGASMINI23SEP26260CE,12.5,12.55,12.5,12.55,1750,18
2026-09-22 14:53:00,NATGASMINI,PE,260.0,NATGASMINI23SEP26260PE,0.4,0.4,0.35,0.35,3750,18
2026-09-22 14:53:00,NATGASMINI,CE,265.0,NATGASMINI23SEP26265CE,8.25,8.35,8.25,8.3,9250,18
2026-09-22 14:53:00,NATGASMINI,PE,265.0,NATGASMINI23SEP26265PE,1.1,1.1,1.05,1.05,89000,18
2026-09-22 14:53:00,NATGASMINI,CE,270.0,NATGASMINI23SEP26270CE,4.8,4.85,4.75,4.85,50500,18
2026-09-22 14:53:00,NATGASMINI,PE,270.0,NATGASMINI23SEP26270PE,2.8,2.8,2.65,2.65,66250,18
2026-09-22 14:53:00,NATGASMINI,CE,275.0,NATGASMINI23SEP26275CE,2.55,2.65,2.55,2.65,86000,18
2026-09-22 14:53:00,NATGASMINI,PE,275.0,NATGASMINI23SEP26275PE,5.5,5.55,5.45,5.5,22500,18
2026-09-22 14:53:00,NATGASMINI,CE,280.0,NATGASMINI23SEP26280CE,1.25,1.25,1.2,1.25,13250,18
2026-09-22 14:53:00,NATGASMINI,PE,280.0,NATGASMINI23SEP26280PE,9.2,9.2,9.05,9.15,20750,18
2026-09-22 14:53:00,NATGASMINI,CE,285.0,NATGASMINI23SEP26285CE,0.55,0.55,0.5,0.55,249500,18
2026-09-22 14:53:00,NATGASMINI,PE,285.0,NATGASMINI23SEP26285PE,13.5,13.5,13.35,13.4,13500,18
2026-09-22 14:53:00,NATGASMINI,CE,290.0,NATGASMINI23SEP26290CE,0.25,0.3,0.25,0.3,2500,18
2026-09-22 14:53:00,NATGASMINI,PE,290.0,NATGASMINI23SEP26290PE,18.2,18.2,18.05,18.05,500,18
2026-09-22 14:53:00,NATGASMINI,CE,295.0,NATGASMINI23SEP26295CE,0.1,0.1,0.1,0.1,250,18
2026-09-22 14:53:00,NATGASMINI,PE,295.0,NATGASMINI23SEP26295PE,23.1,23.1,22.9,22.9,250,18
2026-09-22 14:53:00,NATGASMINI,CE,300.0,NATGASMINI23SEP26300CE,0.15,0.15,0.1,0.1,250,18
2026-09-22 14:53:00,NATGASMINI,PE,300.0,NATGASMINI23SEP26300PE,28.85,28.85,27.75,27.75,12500,18
2026-09-22 14:54:00,NATURALGAS,FUT,0.0,NATURALGAS25SEP26FUT,272.1,272.2,272.0,272.0,10000,18
2026-09-22 14:54:00,NATURALGAS,CE,240.0,NATURALGAS23SEP26240CE,33.1,33.1,33.1,33.1,0,18
2026-09-22 14:54:00,NATURALGAS,PE,240.0,NATURALGAS23SEP26240PE,0.1,0.1,0.1,0.1,0,18
2026-09-22 14:54:00,NATURALGAS,CE,245.0,NATURALGAS23SEP26245CE,27.55,27.55,26.3,26.3,1250,18
2026-09-22 14:54:00,NATURALGAS,PE,245.0,NATURALGAS23SEP26245PE,0.1,0.1,0.1,0.1,0,18
2026-09-22 14:54:00,NATURALGAS,CE,250.0,NATURALGAS23SEP26250CE,22.25,22.25,22.2,22.2,1250,18
2026-09-22 14:54:00,NATURALGAS,PE,250.0,NATURALGAS23SEP26250PE,0.05,0.05,0.05,0.05,0,18
2026-09-22 14:54:00,NATURALGAS,CE,255.0,NATURALGAS23SEP26255CE,17.0,17.25,17.0,17.25,1250,18
2026-09-22 14:54:00,NATURALGAS,PE,255.0,NATURALGAS23SEP26255PE,0.1,0.1,0.1,0.1,1250,18
2026-09-22 14:54:00,NATURALGAS,CE,260.0,NATURALGAS23SEP26260CE,12.55,12.55,12.45,12.5,38750,18
2026-09-22 14:54:00,NATURALGAS,PE,260.0,NATURALGAS23SEP26260PE,0.4,0.4,0.4,0.4,0,18
2026-09-22 14:54:00,NATURALGAS,CE,265.0,NATURALGAS23SEP26265CE,8.2,8.3,8.2,8.25,18750,18
2026-09-22 14:54:00,NATURALGAS,PE,265.0,NATURALGAS23SEP26265PE,1.1,1.15,1.05,1.1,116250,18
2026-09-22 14:54:00,NATURALGAS,CE,270.0,NATURALGAS23SEP26270CE,4.8,4.85,4.8,4.8,165000,18
2026-09-22 14:54:00,NATURALGAS,PE,270.0,NATURALGAS23SEP26270PE,2.65,2.7,2.65,2.65,171250,18
2026-09-22 14:54:00,NATURALGAS,CE,275.0,NATURALGAS23SEP26275CE,2.6,2.6,2.55,2.55,165000,18
2026-09-22 14:54:00,NATURALGAS,PE,275.0,NATURALGAS23SEP26275PE,5.4,5.45,5.35,5.4,125000,18
2026-09-22 14:54:00,NATURALGAS,CE,280.0,NATURALGAS23SEP26280CE,1.2,1.25,1.2,1.25,95000,18
2026-09-22 14:54:00,NATURALGAS,PE,280.0,NATURALGAS23SEP26280PE,9.1,9.15,9.05,9.1,36250,18
2026-09-22 14:54:00,NATURALGAS,CE,285.0,NATURALGAS23SEP26285CE,0.55,0.55,0.55,0.55,82500,18
2026-09-22 14:54:00,NATURALGAS,PE,285.0,NATURALGAS23SEP26285PE,13.45,13.45,13.3,13.3,17500,18
2026-09-22 14:54:00,NATURALGAS,CE,290.0,NATURALGAS23SEP26290CE,0.25,0.25,0.25,0.25,3750,18
2026-09-22 14:54:00,NATURALGAS,PE,290.0,NATURALGAS23SEP26290PE,18.2,18.2,18.2,18.2,0,18
2026-09-22 14:54:00,NATURALGAS,CE,295.0,NATURALGAS23SEP26295CE,0.1,0.1,0.1,0.1,0,18
2026-09-22 14:54:00,NATURALGAS,PE,295.0,NATURALGAS23SEP26295PE,23.3,23.3,23.1,23.1,17500,18
2026-09-22 14:54:00,NATURALGAS,CE,300.0,NATURALGAS23SEP26300CE,0.1,0.1,0.1,0.1,0,18
2026-09-22 14:54:00,NATURALGAS,PE,300.0,NATURALGAS23SEP26300PE,28.2,28.2,28.2,28.2,0,18
2026-09-22 14:54:00,NATGASMINI,FUT,0.0,NATGASMINI25SEP26FUT,272.1,272.3,272.1,272.1,17000,18
2026-09-22 14:54:00,NATGASMINI,CE,240.0,NATGASMINI23SEP26240CE,33.25,33.25,33.25,33.25,0,18
2026-09-22 14:54:00,NATGASMINI,PE,240.0,NATGASMINI23SEP26240PE,0.05,0.05,0.05,0.05,0,18
2026-09-22 14:54:00,NATGASMINI,CE,245.0,NATGASMINI23SEP26245CE,30.4,30.4,30.4,30.4,0,18
2026-09-22 14:54:00,NATGASMINI,PE,245.0,NATGASMINI23SEP26245PE,0.05,0.05,0.05,0.05,0,18
2026-09-22 14:54:00,NATGASMINI,CE,250.0,NATGASMINI23SEP26250CE,22.25,22.25,22.25,22.25,0,18
2026-09-22 14:54:00,NATGASMINI,PE,250.0,NATGASMINI23SEP26250PE,0.1,0.1,0.1,0.1,37500,18
2026-09-22 14:54:00,NATGASMINI,CE,255.0,NATGASMINI23SEP26255CE,17.4,17.4,17.25,17.25,6250,18
2026-09-22 14:54:00,NATGASMINI,PE,255.0,NATGASMINI23SEP26255PE,0.1,0.1,0.1,0.1,0,18
2026-09-22 14:54:00,NATGASMINI,CE,260.0,NATGASMINI23SEP26260CE,12.55,12.6,12.55,12.55,2250,18
2026-09-22 14:54:00,NATGASMINI,PE,260.0,NATGASMINI23SEP26260PE,0.35,0.35,0.35,0.35,0,18
2026-09-22 14:54:00,NATGASMINI,CE,265.0,NATGASMINI23SEP26265CE,8.3,8.3,8.2,8.25,14750,18
2026-09-22 14:54:00,NATGASMINI,PE,265.0,NATGASMINI23SEP26265PE,1.05,1.05,1.05,1.05,12250,18
2026-09-22 14:54:00,NATGASMINI,CE,270.0,NATGASMINI23SEP26270CE,4.85,4.85,4.75,4.75,122000,18
2026-09-22 14:54:00,NATGASMINI,PE,270.0,NATGASMINI23SEP26270PE,2.65,2.7,2.65,2.7,53500,18
2026-09-22 14:54:00,NATGASMINI,CE,275.0,NATGASMINI23SEP26275CE,2.6,2.65,2.55,2.55,157250,18
2026-09-22 14:54:00,NATGASMINI,PE,275.0,NATGASMINI23SEP26275PE,5.5,5.5,5.4,5.45,16000,18
2026-09-22 14:54:00,NATGASMINI,CE,280.0,NATGASMINI23SEP26280CE,1.2,1.25,1.2,1.25,13500,18
2026-09-22 14:54:00,NATGASMINI,PE,280.0,NATGASMINI23SEP26280PE,9.15,9.15,9.05,9.1,3000,18
2026-09-22 14:54:00,NATGASMINI,CE,285.0,NATGASMINI23SEP26285CE,0.55,0.55,0.5,0.55,7750,18
2026-09-22 14:54:00,NATGASMINI,PE,285.0,NATGASMINI23SEP26285PE,13.4,13.5,13.4,13.45,4500,18
2026-09-22 14:54:00,NATGASMINI,CE,290.0,NATGASMINI23SEP26290CE,0.3,0.3,0.25,0.25,5250,18
2026-09-22 14:54:00,NATGASMINI,PE,290.0,NATGASMINI23SEP26290PE,18.05,18.15,18.05,18.15,4250,18
2026-09-22 14:54:00,NATGASMINI,CE,295.0,NATGASMINI23SEP26295CE,0.1,0.1,0.1,0.1,0,18
2026-09-22 14:54:00,NATGASMINI,PE,295.0,NATGASMINI23SEP26295PE,22.9,22.9,22.9,22.9,0,18
2026-09-22 14:54:00,NATGASMINI,CE,300.0,NATGASMINI23SEP26300CE,0.1,0.15,0.1,0.15,250,18
2026-09-22 14:54:00,NATGASMINI,PE,300.0,NATGASMINI23SEP26300PE,27.75,27.75,27.75,27.75,0,18
2026-09-22 14:55:00,NATURALGAS,FUT,0.0,NATURALGAS25SEP26FUT,272.1,272.2,272.1,272.1,43750,18
2026-09-22 14:55:00,NATURALGAS,CE,240.0,NATURALGAS23SEP26240CE,33.1,33.1,33.1,33.1,0,18
2026-09-22 14:55:00,NATURALGAS,PE,240.0,NATURALGAS23SEP26240PE,0.1,0.1,0.1,0.1,0,18
2026-09-22 14:55:00,NATURALGAS,CE,245.0,NATURALGAS23SEP26245CE,26.3,26.3,26.3,26.3,0,18
2026-09-22 14:55:00,NATURALGAS,PE,245.0,NATURALGAS23SEP26245PE,0.1,0.1,0.1,0.1,0,18
2026-09-22 14:55:00,NATURALGAS,CE,250.0,NATURALGAS23SEP26250CE,22.2,22.2,22.2,22.2,0,18
2026-09-22 14:55:00,NATURALGAS,PE,250.0,NATURALGAS23SEP26250PE,0.05,0.05,0.05,0.05,0,18
2026-09-22 14:55:00,NATURALGAS,CE,255.0,NATURALGAS23SEP26255CE,17.25,17.25,17.25,17.25,0,18
2026-09-22 14:55:00,NATURALGAS,PE,255.0,NATURALGAS23SEP26255PE,0.1,0.1,0.1,0.1,3750,18
2026-09-22 14:55:00,NATURALGAS,CE,260.0,NATURALGAS23SEP26260CE,12.5,12.6,12.5,12.6,18750,18
2026-09-22 14:55:00,NATURALGAS,PE,260.0,NATURALGAS23SEP26260PE,0.4,0.4,0.35,0.35,17500,18
2026-09-22 14:55:00,NATURALGAS,CE,265.0,NATURALGAS23SEP26265CE,8.25,8.25,8.2,8.25,46250,18
2026-09-22 14:55:00,NATURALGAS,PE,265.0,NATURALGAS23SEP26265PE,1.1,1.1,1.1,1.1,118750,18
2026-09-22 14:55:00,NATURALGAS,CE,270.0,NATURALGAS23SEP26270CE,4.85,4.85,4.8,4.8,265000,18
2026-09-22 14:55:00,NATURALGAS,PE,270.0,NATURALGAS23SEP26270PE,2.65,2.7,2.65,2.65,248750,18
2026-09-22 14:55:00,NATURALGAS,CE,275.0,NATURALGAS23SEP26275CE,2.55,2.6,2.55,2.55,107500,18
2026-09-22 14:55:00,NATURALGAS,PE,275.0,NATURALGAS23SEP26275PE,5.4,5.45,5.4,5.45,118750,18
2026-09-22 14:55:00,NATURALGAS,CE,280.0,NATURALGAS23SEP26280CE,1.2,1.25,1.2,1.25,45000,18
2026-09-22 14:55:00,NATURALGAS,PE,280.0,NATURALGAS23SEP26280PE,9.1,9.2,9.1,9.1,80000,18
2026-09-22 14:55:00,NATURALGAS,CE,285.0,NATURALGAS23SEP26285CE,0.55,0.55,0.5,0.5,11250,18
2026-09-22 14:55:00,NATURALGAS,PE,285.0,NATURALGAS23SEP26285PE,13.3,13.45,13.3,13.4,16250,18
2026-09-22 14:55:00,NATURALGAS,CE,290.0,NATURALGAS23SEP26290CE,0.25,0.3,0.25,0.3,3750,18
2026-09-22 14:55:00,NATURALGAS,PE,290.0,NATURALGAS23SEP26290PE,18.2,18.2,18.15,18.15,10000,18
2026-09-22 14:55:00,NATURALGAS,CE,295.0,NATURALGAS23SEP26295CE,0.1,0.15,0.1,0.15,7500,18
2026-09-22 14:55:00,NATURALGAS,PE,295.0,NATURALGAS23SEP26295PE,23.1,23.1,23.1,23.1,0,18
2026-09-22 14:55:00,NATURALGAS,CE,300.0,NATURALGAS23SEP26300CE,0.1,0.1,0.1,0.1,0,18
2026-09-22 14:55:00,NATURALGAS,PE,300.0,NATURALGAS23SEP26300PE,28.2,28.2,28.2,28.2,0,18
2026-09-22 14:55:00,NATGASMINI,FUT,0.0,NATGASMINI25SEP26FUT,272.2,272.2,272.1,272.2,3500,18
2026-09-22 14:55:00,NATGASMINI,CE,240.0,NATGASMINI23SEP26240CE,33.25,33.25,33.25,33.25,0,18
2026-09-22 14:55:00,NATGASMINI,PE,240.0,NATGASMINI23SEP26240PE,0.05,0.05,0.05,0.05,0,18
2026-09-22 14:55:00,NATGASMINI,CE,245.0,NATGASMINI23SEP26245CE,30.4,30.4,30.4,30.4,0,18
2026-09-22 14:55:00,NATGASMINI,PE,245.0,NATGASMINI23SEP26245PE,0.05,0.05,0.05,0.05,0,18
2026-09-22 14:55:00,NATGASMINI,CE,250.0,NATGASMINI23SEP26250CE,22.25,22.25,22.25,22.25,0,18
2026-09-22 14:55:00,NATGASMINI,PE,250.0,NATGASMINI23SEP26250PE,0.1,0.1,0.1,0.1,0,18
2026-09-22 14:55:00,NATGASMINI,CE,255.0,NATGASMINI23SEP26255CE,17.25,17.25,17.25,17.25,0,18
2026-09-22 14:55:00,NATGASMINI,PE,255.0,NATGASMINI23SEP26255PE,0.1,0.1,0.1,0.1,0,18
2026-09-22 14:55:00,NATGASMINI,CE,260.0,NATGASMINI23SEP26260CE,12.55,12.6,12.55,12.6,500,18
2026-09-22 14:55:00,NATGASMINI,PE,260.0,NATGASMINI23SEP26260PE,0.35,0.35,0.35,0.35,0,18
2026-09-22 14:55:00,NATGASMINI,CE,265.0,NATGASMINI23SEP26265CE,8.3,8.3,8.3,8.3,1250,18
2026-09-22 14:55:00,NATGASMINI,PE,265.0,NATGASMINI23SEP26265PE,1.05,1.05,1.05,1.05,12500,18
2026-09-22 14:55:00,NATGASMINI,CE,270.0,NATGASMINI23SEP26270CE,4.8,4.85,4.75,4.85,31500,18
2026-09-22 14:55:00,NATGASMINI,PE,270.0,NATGASMINI23SEP26270PE,2.7,2.7,2.65,2.65,69250,18
2026-09-22 14:55:00,NATGASMINI,CE,275.0,NATGASMINI23SEP26275CE,2.6,2.6,2.55,2.55,6000,18
2026-09-22 14:55:00,NATGASMINI,PE,275.0,NATGASMINI23SEP26275PE,5.45,5.5,5.45,5.45,16500,18
2026-09-22 14:55:00,NATGASMINI,CE,280.0,NATGASMINI23SEP26280CE,1.2,1.25,1.2,1.25,3000,18
2026-09-22 14:55:00,NATGASMINI,PE,280.0,NATGASMINI23SEP26280PE,9.1,9.15,9.05,9.15,20500,18
2026-09-22 14:55:00,NATGASMINI,CE,285.0,NATGASMINI23SEP26285CE,0.55,0.55,0.5,0.5,3000,18
2026-09-22 14:55:00,NATGASMINI,PE,285.0,NATGASMINI23SEP26285PE,13.45,13.45,13.4,13.45,5000,18
2026-09-22 14:55:00,NATGASMINI,CE,290.0,NATGASMINI23SEP26290CE,0.25,0.3,0.25,0.3,250,18
2026-09-22 14:55:00,NATGASMINI,PE,290.0,NATGASMINI23SEP26290PE,18.15,18.15,18.15,18.15,0,18
2026-09-22 14:55:00,NATGASMINI,CE,295.0,NATGASMINI23SEP26295CE,0.1,0.1,0.1,0.1,0,18
2026-09-22 14:55:00,NATGASMINI,PE,295.0,NATGASMINI23SEP26295PE,22.9,23.0,22.9,23.0,250,18
2026-09-22 14:55:00,NATGASMINI,CE,300.0,NATGASMINI23SEP26300CE,0.15,0.15,0.1,0.1,1000,18
2026-09-22 14:55:00,NATGASMINI,PE,300.0,NATGASMINI23SEP26300PE,27.75,27.75,27.75,27.75,0,18
2026-09-22 14:56:00,NATURALGAS,FUT,0.0,NATURALGAS25SEP26FUT,272.3,272.3,272.1,272.1,7500,17
2026-09-22 14:56:00,NATURALGAS,CE,240.0,NATURALGAS23SEP26240CE,33.1,33.1,33.1,33.1,0,17
2026-09-22 14:56:00,NATURALGAS,PE,240.0,NATURALGAS23SEP26240PE,0.1,0.1,0.1,0.1,0,17
2026-09-22 14:56:00,NATURALGAS,CE,245.0,NATURALGAS23SEP26245CE,26.3,26.3,26.3,26.3,0,17
2026-09-22 14:56:00,NATURALGAS,PE,245.0,NATURALGAS23SEP26245PE,0.1,0.1,0.1,0.1,0,17
2026-09-22 14:56:00,NATURALGAS,CE,250.0,NATURALGAS23SEP26250CE,22.35,22.35,22.35,22.35,0,17
2026-09-22 14:56:00,NATURALGAS,PE,250.0,NATURALGAS23SEP26250PE,0.1,0.1,0.1,0.1,0,17
2026-09-22 14:56:00,NATURALGAS,CE,255.0,NATURALGAS23SEP26255CE,17.25,17.25,17.25,17.25,0,17
2026-09-22 14:56:00,NATURALGAS,PE,255.0,NATURALGAS23SEP26255PE,0.1,0.1,0.1,0.1,0,17
2026-09-22 14:56:00,NATURALGAS,CE,260.0,NATURALGAS23SEP26260CE,12.7,12.7,12.4,12.4,23750,17
2026-09-22 14:56:00,NATURALGAS,PE,260.0,NATURALGAS23SEP26260PE,0.4,0.4,0.35,0.35,5000,17
2026-09-22 14:56:00,NATURALGAS,CE,265.0,NATURALGAS23SEP26265CE,8.3,8.35,8.15,8.15,80000,17
2026-09-22 14:56:00,NATURALGAS,PE,265.0,NATURALGAS23SEP26265PE,1.05,1.15,1.05,1.15,126250,17
2026-09-22 14:56:00,NATURALGAS,CE,270.0,NATURALGAS23SEP26270CE,4.9,4.9,4.75,4.75,121250,17
2026-09-22 14:56:00,NATURALGAS,PE,270.0,NATURALGAS23SEP26270PE,2.65,2.75,2.65,2.75,177500,17
2026-09-22 14:56:00,NATURALGAS,CE,275.0,NATURALGAS23SEP26275CE,2.6,2.6,2.5,2.5,151250,17
2026-09-22 14:56:00,NATURALGAS,PE,275.0,NATURALGAS23SEP26275PE,5.35,5.5,5.35,5.5,115000,17
2026-09-22 14:56:00,NATURALGAS,CE,280.0,NATURALGAS23SEP26280CE,1.25,1.25,1.2,1.2,270000,17
2026-09-22 14:56:00,NATURALGAS,PE,280.0,NATURALGAS23SEP26280PE,9.05,9.2,9.05,9.2,33750,17
2026-09-22 14:56:00,NATURALGAS,CE,285.0,NATURALGAS23SEP26285CE,0.55,0.55,0.5,0.5,528750,17
2026-09-22 14:56:00,NATURALGAS,PE,285.0,NATURALGAS23SEP26285PE,13.3,13.4,13.25,13.4,10000,17
2026-09-22 14:56:00,NATURALGAS,CE,290.0,NATURALGAS23SEP26290CE,0.3,0.3,0.25,0.25,78750,17
2026-09-22 14:56:00,NATURALGAS,PE,290.0,NATURALGAS23SEP26290PE,18.15,18.25,18.1,18.25,7500,17
2026-09-22 14:56:00,NATURALGAS,CE,295.0,NATURALGAS23SEP26295CE,0.15,0.15,0.15,0.15,0,17
2026-09-22 14:56:00,NATURALGAS,PE,295.0,NATURALGAS23SEP26295PE,23.1,23.1,23.1,23.1,0,17
2026-09-22 14:56:00,NATURALGAS,CE,300.0,NATURALGAS23SEP26300CE,0.1,0.1,0.1,0.1,18750,17
2026-09-22 14:56:00,NATURALGAS,PE,300.0,NATURALGAS23SEP26300PE,28.2,28.2,27.95,27.95,1250,17
2026-09-22 14:56:00,NATGASMINI,FUT,0.0,NATGASMINI25SEP26FUT,272.2,272.3,272.1,272.1,16250,17
2026-09-22 14:56:00,NATGASMINI,CE,240.0,NATGASMINI23SEP26240CE,33.25,33.25,33.25,33.25,0,17
2026-09-22 14:56:00,NATGASMINI,PE,240.0,NATGASMINI23SEP26240PE,0.05,0.05,0.05,0.05,0,17
2026-09-22 14:56:00,NATGASMINI,CE,245.0,NATGASMINI23SEP26245CE,30.4,30.4,30.4,30.4,0,17
2026-09-22 14:56:00,NATGASMINI,PE,245.0,NATGASMINI23SEP26245PE,0.05,0.05,0.05,0.05,0,17
2026-09-22 14:56:00,NATGASMINI,CE,250.0,NATGASMINI23SEP26250CE,22.25,22.25,22.25,22.25,0,17
2026-09-22 14:56:00,NATGASMINI,PE,250.0,NATGASMINI23SEP26250PE,0.1,0.1,0.1,0.1,0,17
2026-09-22 14:56:00,NATGASMINI,CE,255.0,NATGASMINI23SEP26255CE,17.25,17.25,17.25,17.25,0,17
2026-09-22 14:56:00,NATGASMINI,PE,255.0,NATGASMINI23SEP26255PE,0.1,0.1,0.1,0.1,0,17
2026-09-22 14:56:00,NATGASMINI,CE,260.0,NATGASMINI23SEP26260CE,12.65,12.65,12.5,12.5,500,17
2026-09-22 14:56:00,NATGASMINI,PE,260.0,NATGASMINI23SEP26260PE,0.35,0.35,0.35,0.35,0,17
2026-09-22 14:56:00,NATGASMINI,CE,265.0,NATGASMINI23SEP26265CE,8.3,8.3,8.2,8.25,7750,17
2026-09-22 14:56:00,NATGASMINI,PE,265.0,NATGASMINI23SEP26265PE,1.05,1.1,1.05,1.1,31500,17
2026-09-22 14:56:00,NATGASMINI,CE,270.0,NATGASMINI23SEP26270CE,4.85,4.85,4.75,4.75,73000,17
2026-09-22 14:56:00,NATGASMINI,PE,270.0,NATGASMINI23SEP26270PE,2.65,2.75,2.65,2.75,89000,17
2026-09-22 14:56:00,NATGASMINI,CE,275.0,NATGASMINI23SEP26275CE,2.6,2.65,2.55,2.55,116000,17
2026-09-22 14:56:00,NATGASMINI,PE,275.0,NATGASMINI23SEP26275PE,5.4,5.5,5.4,5.5,52250,17
2026-09-22 14:56:00,NATGASMINI,CE,280.0,NATGASMINI23SEP26280CE,1.25,1.25,1.2,1.2,124500,17
2026-09-22 14:56:00,NATGASMINI,PE,280.0,NATGASMINI23SEP26280PE,9.0,9.2,9.0,9.2,13500,17
2026-09-22 14:56:00,NATGASMINI,CE,285.0,NATGASMINI23SEP26285CE,0.55,0.55,0.5,0.5,836750,17
2026-09-22 14:56:00,NATGASMINI,PE,285.0,NATGASMINI23SEP26285PE,13.4,13.5,13.3,13.5,2500,17
2026-09-22 14:56:00,NATGASMINI,CE,290.0,NATGASMINI23SEP26290CE,0.3,0.3,0.3,0.3,1000,17
2026-09-22 14:56:00,NATGASMINI,PE,290.0,NATGASMINI23SEP26290PE,18.05,18.05,18.05,18.05,0,17
2026-09-22 14:56:00,NATGASMINI,CE,295.0,NATGASMINI23SEP26295CE,0.1,0.15,0.1,0.15,250,17
2026-09-22 14:56:00,NATGASMINI,PE,295.0,NATGASMINI23SEP26295PE,23.0,23.0,23.0,23.0,0,17
2026-09-22 14:56:00,NATGASMINI,CE,300.0,NATGASMINI23SEP26300CE,0.1,0.15,0.1,0.15,1250,17
2026-09-22 14:56:00,NATGASMINI,PE,300.0,NATGASMINI23SEP26300PE,27.75,27.75,27.75,27.75,0,17
2026-09-22 14:57:00,NATURALGAS,FUT,0.0,NATURALGAS25SEP26FUT,272.1,272.1,271.8,272.0,45000,18
2026-09-22 14:57:00,NATURALGAS,CE,240.0,NATURALGAS23SEP26240CE,33.1,33.1,33.1,33.1,0,18
2026-09-22 14:57:00,NATURALGAS,PE,240.0,NATURALGAS23SEP26240PE,0.1,0.1,0.1,0.1,0,18
2026-09-22 14:57:00,NATURALGAS,CE,245.0,NATURALGAS23SEP26245CE,26.3,27.3,26.3,27.3,2500,18
2026-09-22 14:57:00,NATURALGAS,PE,245.0,NATURALGAS23SEP26245PE,0.1,0.1,0.1,0.1,2500,18
2026-09-22 14:57:00,NATURALGAS,CE,250.0,NATURALGAS23SEP26250CE,22.35,22.35,22.05,22.05,5000,18
2026-09-22 14:57:00,NATURALGAS,PE,250.0,NATURALGAS23SEP26250PE,0.1,0.1,0.1,0.1,0,18
2026-09-22 14:57:00,NATURALGAS,CE,255.0,NATURALGAS23SEP26255CE,17.25,17.25,17.25,17.25,0,18
2026-09-22 14:57:00,NATURALGAS,PE,255.0,NATURALGAS23SEP26255PE,0.1,0.1,0.1,0.1,0,18
2026-09-22 14:57:00,NATURALGAS,CE,260.0,NATURALGAS23SEP26260CE,12.4,12.4,12.3,12.4,31250,18
2026-09-22 14:57:00,NATURALGAS,PE,260.0,NATURALGAS23SEP26260PE,0.35,0.4,0.35,0.4,487500,18
2026-09-22 14:57:00,NATURALGAS,CE,265.0,NATURALGAS23SEP26265CE,8.15,8.15,8.05,8.05,102500,18
2026-09-22 14:57:00,NATURALGAS,PE,265.0,NATURALGAS23SEP26265PE,1.15,1.15,1.15,1.15,81250,18
2026-09-22 14:57:00,NATURALGAS,CE,270.0,NATURALGAS23SEP26270CE,4.7,4.75,4.65,4.7,220000,18
2026-09-22 14:57:00,NATURALGAS,PE,270.0,NATURALGAS23SEP26270PE,2.7,2.8,2.7,2.75,421250,18
2026-09-22 14:57:00,NATURALGAS,CE,275.0,NATURALGAS23SEP26275CE,2.55,2.55,2.45,2.45,667500,18
2026-09-22 14:57:00,NATURALGAS,PE,275.0,NATURALGAS23SEP26275PE,5.5,5.6,5.5,5.55,52500,18
2026-09-22 14:57:00,NATURALGAS,CE,280.0,NATURALGAS23SEP26280CE,1.2,1.2,1.15,1.2,130000,18
2026-09-22 14:57:00,NATURALGAS,PE,280.0,NATURALGAS23SEP26280PE,9.2,9.3,9.2,9.3,33750,18
2026-09-22 14:57:00,NATURALGAS,CE,285.0,NATURALGAS23SEP26285CE,0.5,0.55,0.5,0.55,68750,18
2026-09-22 14:57:00,NATURALGAS,PE,285.0,NATURALGAS23SEP26285PE,13.4,13.65,13.4,13.5,77500,18
2026-09-22 14:57:00,NATURALGAS,CE,290.0,NATURALGAS23SEP26290CE,0.25,0.25,0.25,0.25,1250,18
2026-09-22 14:57:00,NATURALGAS,PE,290.0,NATURALGAS23SEP26290PE,18.25,18.25,18.25,18.25,0,18
2026-09-22 14:57:00,NATURALGAS,CE,295.0,NATURALGAS23SEP26295CE,0.15,0.15,0.15,0.15,0,18
2026-09-22 14:57:00,NATURALGAS,PE,295.0,NATURALGAS23SEP26295PE,23.1,23.2,23.1,23.2,8750,18
2026-09-22 14:57:00,NATURALGAS,CE,300.0,NATURALGAS23SEP26300CE,0.1,0.1,0.1,0.1,2500,18
2026-09-22 14:57:00,NATURALGAS,PE,300.0,NATURALGAS23SEP26300PE,27.95,28.15,27.95,28.15,1250,18
2026-09-22 14:57:00,NATGASMINI,FUT,0.0,NATGASMINI25SEP26FUT,272.1,272.1,271.9,271.9,16500,18
2026-09-22 14:57:00,NATGASMINI,CE,240.0,NATGASMINI23SEP26240CE,33.25,33.25,33.25,33.25,0,18
2026-09-22 14:57:00,NATGASMINI,PE,240.0,NATGASMINI23SEP26240PE,0.05,0.05,0.05,0.05,0,18
2026-09-22 14:57:00,NATGASMINI,CE,245.0,NATGASMINI23SEP26245CE,30.4,30.4,30.4,30.4,0,18
2026-09-22 14:57:00,NATGASMINI,PE,245.0,NATGASMINI23SEP26245PE,0.05,0.05,0.05,0.05,0,18
2026-09-22 14:57:00,NATGASMINI,CE,250.0,NATGASMINI23SEP26250CE,22.25,22.25,22.25,22.25,0,18
2026-09-22 14:57:00,NATGASMINI,PE,250.0,NATGASMINI23SEP26250PE,0.1,0.1,0.1,0.1,0,18
2026-09-22 14:57:00,NATGASMINI,CE,255.0,NATGASMINI23SEP26255CE,17.25,17.25,17.25,17.25,0,18
2026-09-22 14:57:00,NATGASMINI,PE,255.0,NATGASMINI23SEP26255PE,0.1,0.1,0.1,0.1,0,18
2026-09-22 14:57:00,NATGASMINI,CE,260.0,NATGASMINI23SEP26260CE,12.5,12.5,12.35,12.35,5000,18
2026-09-22 14:57:00,NATGASMINI,PE,260.0,NATGASMINI23SEP26260PE,0.35,0.4,0.35,0.4,1000,18
2026-09-22 14:57:00,NATGASMINI,CE,265.0,NATGASMINI23SEP26265CE,8.25,8.25,8.05,8.05,38250,18
2026-09-22 14:57:00,NATGASMINI,PE,265.0,NATGASMINI23SEP26265PE,1.1,1.15,1.05,1.1,95250,18
2026-09-22 14:57:00,NATGASMINI,CE,270.0,NATGASMINI23SEP26270CE,4.75,4.75,4.7,4.7,22000,18
2026-09-22 14:57:00,NATGASMINI,PE,270.0,NATGASMINI23SEP26270PE,2.75,2.8,2.75,2.8,26750,18
2026-09-22 14:57:00,NATGASMINI,CE,275.0,NATGASMINI23SEP26275CE,2.55,2.55,2.5,2.55,110750,18
2026-09-22 14:57:00,NATGASMINI,PE,275.0,NATGASMINI23SEP26275PE,5.5,5.6,5.5,5.55,36500,18
2026-09-22 14:57:00,NATGASMINI,CE,280.0,NATGASMINI23SEP26280CE,1.2,1.2,1.15,1.2,27750,18
2026-09-22 14:57:00,NATGASMINI,PE,280.0,NATGASMINI23SEP26280PE,9.2,9.3,9.2,9.3,18000,18
2026-09-22 14:57:00,NATGASMINI,CE,285.0,NATGASMINI23SEP26285CE,0.5,0.55,0.5,0.55,18000,18
2026-09-22 14:57:00,NATGASMINI,PE,285.0,NATGASMINI23SEP26285PE,13.5,13.65,13.5,13.6,13000,18
2026-09-22 14:57:00,NATGASMINI,CE,290.0,NATGASMINI23SEP26290CE,0.3,0.3,0.25,0.3,7250,18
2026-09-22 14:57:00,NATGASMINI,PE,290.0,NATGASMINI23SEP26290PE,18.05,18.05,18.05,18.05,0,18
2026-09-22 14:57:00,NATGASMINI,CE,295.0,NATGASMINI23SEP26295CE,0.15,0.15,0.15,0.15,0,18
2026-09-22 14:57:00,NATGASMINI,PE,295.0,NATGASMINI23SEP26295PE,23.0,23.0,23.0,23.0,0,18
2026-09-22 14:57:00,NATGASMINI,CE,300.0,NATGASMINI23SEP26300CE,0.15,0.15,0.15,0.15,0,18
2026-09-22 14:57:00,NATGASMINI,PE,300.0,NATGASMINI23SEP26300PE,27.75,27.75,27.75,27.75,0,18
2026-09-22 14:58:00,NATURALGAS,FUT,0.0,NATURALGAS25SEP26FUT,272.0,272.2,272.0,272.0,22500,18
2026-09-22 14:58:00,NATURALGAS,CE,240.0,NATURALGAS23SEP26240CE,33.1,33.1,33.1,33.1,0,18
2026-09-22 14:58:00,NATURALGAS,PE,240.0,NATURALGAS23SEP26240PE,0.1,0.1,0.05,0.05,2500,18
2026-09-22 14:58:00,NATURALGAS,CE,245.0,NATURALGAS23SEP26245CE,27.3,27.3,27.3,27.3,0,18
2026-09-22 14:58:00,NATURALGAS,PE,245.0,NATURALGAS23SEP26245PE,0.1,0.1,0.1,0.1,0,18
2026-09-22 14:58:00,NATURALGAS,CE,250.0,NATURALGAS23SEP26250CE,22.05,22.1,22.05,22.1,1250,18
2026-09-22 14:58:00,NATURALGAS,PE,250.0,NATURALGAS23SEP26250PE,0.1,0.1,0.1,0.1,0,18
2026-09-22 14:58:00,NATURALGAS,CE,255.0,NATURALGAS23SEP26255CE,17.25,17.25,17.25,17.25,0,18
2026-09-22 14:58:00,NATURALGAS,PE,255.0,NATURALGAS23SEP26255PE,0.1,0.1,0.1,0.1,0,18
2026-09-22 14:58:00,NATURALGAS,CE,260.0,NATURALGAS23SEP26260CE,12.45,12.55,12.45,12.55,13750,18
2026-09-22 14:58:00,NATURALGAS,PE,260.0,NATURALGAS23SEP26260PE,0.4,0.4,0.35,0.4,67500,18
2026-09-22 14:58:00,NATURALGAS,CE,265.0,NATURALGAS23SEP26265CE,8.25,8.25,8.15,8.2,8750,18
2026-09-22 14:58:00,NATURALGAS,PE,265.0,NATURALGAS23SEP26265PE,1.1,1.1,1.1,1.1,266250,18
2026-09-22 14:58:00,NATURALGAS,CE,270.0,NATURALGAS23SEP26270CE,4.8,4.85,4.8,4.8,75000,18
2026-09-22 14:58:00,NATURALGAS,PE,270.0,NATURALGAS23SEP26270PE,2.75,2.75,2.7,2.75,135000,18
2026-09-22 14:58:00,NATURALGAS,CE,275.0,NATURALGAS23SEP26275CE,2.55,2.55,2.5,2.55,127500,18
2026-09-22 14:58:00,NATURALGAS,PE,275.0,NATURALGAS23SEP26275PE,5.5,5.5,5.5,5.5,70000,18
2026-09-22 14:58:00,NATURALGAS,CE,280.0,NATURALGAS23SEP26280CE,1.2,1.25,1.2,1.2,285000,18
2026-09-22 14:58:00,NATURALGAS,PE,280.0,NATURALGAS23SEP26280PE,9.1,9.25,9.1,9.25,25000,18
2026-09-22 14:58:00,NATURALGAS,CE,285.0,NATURALGAS23SEP26285CE,0.55,0.55,0.55,0.55,0,18
2026-09-22 14:58:00,NATURALGAS,PE,285.0,NATURALGAS23SEP26285PE,13.5,13.5,13.4,13.4,5000,18
2026-09-22 14:58:00,NATURALGAS,CE,290.0,NATURALGAS23SEP26290CE,0.25,0.3,0.25,0.3,3750,18
2026-09-22 14:58:00,NATURALGAS,PE,290.0,NATURALGAS23SEP26290PE,18.15,18.25,18.15,18.25,1250,18
2026-09-22 14:58:00,NATURALGAS,CE,295.0,NATURALGAS23SEP26295CE,0.15,0.15,0.15,0.15,1250,18
2026-09-22 14:58:00,NATURALGAS,PE,295.0,NATURALGAS23SEP26295PE,23.2,23.2,23.2,23.2,0,18
2026-09-22 14:58:00,NATURALGAS,CE,300.0,NATURALGAS23SEP26300CE,0.1,0.1,0.1,0.1,0,18
2026-09-22 14:58:00,NATURALGAS,PE,300.0,NATURALGAS23SEP26300PE,28.15,28.15,28.15,28.15,0,18
2026-09-22 14:58:00,NATGASMINI,FUT,0.0,NATGASMINI25SEP26FUT,272.0,272.1,272.0,272.0,2500,18
2026-09-22 14:58:00,NATGASMINI,CE,240.0,NATGASMINI23SEP26240CE,33.25,33.25,33.25,33.25,0,18
2026-09-22 14:58:00,NATGASMINI,PE,240.0,NATGASMINI23SEP26240PE,0.05,0.05,0.05,0.05,0,18
2026-09-22 14:58:00,NATGASMINI,CE,245.0,NATGASMINI23SEP26245CE,30.4,30.4,30.4,30.4,0,18
2026-09-22 14:58:00,NATGASMINI,PE,245.0,NATGASMINI23SEP26245PE,0.05,0.05,0.05,0.05,0,18
2026-09-22 14:58:00,NATGASMINI,CE,250.0,NATGASMINI23SEP26250CE,22.25,22.25,22.25,22.25,0,18
2026-09-22 14:58:00,NATGASMINI,PE,250.0,NATGASMINI23SEP26250PE,0.1,0.1,0.1,0.1,0,18
2026-09-22 14:58:00,NATGASMINI,CE,255.0,NATGASMINI23SEP26255CE,17.25,17.3,17.25,17.3,2250,18
2026-09-22 14:58:00,NATGASMINI,PE,255.0,NATGASMINI23SEP26255PE,0.1,0.1,0.1,0.1,0,18
2026-09-22 14:58:00,NATGASMINI,CE,260.0,NATGASMINI23SEP26260CE,12.35,12.35,12.35,12.35,0,18
2026-09-22 14:58:00,NATGASMINI,PE,260.0,NATGASMINI23SEP26260PE,0.4,0.4,0.4,0.4,500,18
2026-09-22 14:58:00,NATGASMINI,CE,265.0,NATGASMINI23SEP26265CE,8.05,8.2,8.05,8.1,1250,18
2026-09-22 14:58:00,NATGASMINI,PE,265.0,NATGASMINI23SEP26265PE,1.1,1.1,1.1,1.1,30750,18
2026-09-22 14:58:00,NATGASMINI,CE,270.0,NATGASMINI23SEP26270CE,4.85,4.9,4.8,4.8,6750,18
2026-09-22 14:58:00,NATGASMINI,PE,270.0,NATGASMINI23SEP26270PE,2.7,2.8,2.7,2.75,65500,18
2026-09-22 14:58:00,NATGASMINI,CE,275.0,NATGASMINI23SEP26275CE,2.6,2.6,2.5,2.5,48000,18
2026-09-22 14:58:00,NATGASMINI,PE,275.0,NATGASMINI23SEP26275PE,5.5,5.55,5.45,5.5,29500,18
2026-09-22 14:58:00,NATGASMINI,CE,280.0,NATGASMINI23SEP26280CE,1.2,1.25,1.2,1.25,8000,18
2026-09-22 14:58:00,NATGASMINI,PE,280.0,NATGASMINI23SEP26280PE,9.15,9.2,9.1,9.2,2500,18
2026-09-22 14:58:00,NATGASMINI,CE,285.0,NATGASMINI23SEP26285CE,0.55,0.55,0.5,0.55,4500,18
2026-09-22 14:58:00,NATGASMINI,PE,285.0,NATGASMINI23SEP26285PE,13.45,13.5,13.4,13.5,1500,18
2026-09-22 14:58:00,NATGASMINI,CE,290.0,NATGASMINI23SEP26290CE,0.3,0.3,0.3,0.3,250,18
2026-09-22 14:58:00,NATGASMINI,PE,290.0,NATGASMINI23SEP26290PE,18.15,18.15,18.15,18.15,250,18
2026-09-22 14:58:00,NATGASMINI,CE,295.0,NATGASMINI23SEP26295CE,0.1,0.1,0.1,0.1,0,18
2026-09-22 14:58:00,NATGASMINI,PE,295.0,NATGASMINI23SEP26295PE,23.05,23.05,23.05,23.05,0,18
2026-09-22 14:58:00,NATGASMINI,CE,300.0,NATGASMINI23SEP26300CE,0.1,0.15,0.1,0.15,61250,18
2026-09-22 14:58:00,NATGASMINI,PE,300.0,NATGASMINI23SEP26300PE,27.9,27.9,27.9,27.9,0,18
2026-09-22 14:59:00,NATURALGAS,FUT,0.0,NATURALGAS25SEP26FUT,272.0,272.0,271.8,271.8,12500,18
2026-09-22 14:59:00,NATURALGAS,CE,240.0,NATURALGAS23SEP26240CE,33.1,33.1,33.1,33.1,0,18
2026-09-22 14:59:00,NATURALGAS,PE,240.0,NATURALGAS23SEP26240PE,0.05,0.1,0.05,0.1,1250,18
2026-09-22 14:59:00,NATURALGAS,CE,245.0,NATURALGAS23SEP26245CE,27.3,27.3,27.3,27.3,0,18
2026-09-22 14:59:00,NATURALGAS,PE,245.0,NATURALGAS23SEP26245PE,0.1,0.1,0.1,0.1,0,18
2026-09-22 14:59:00,NATURALGAS,CE,250.0,NATURALGAS23SEP26250CE,22.1,22.1,21.75,21.95,3750,18
2026-09-22 14:59:00,NATURALGAS,PE,250.0,NATURALGAS23SEP26250PE,0.1,0.1,0.1,0.1,0,18
2026-09-22 14:59:00,NATURALGAS,CE,255.0,NATURALGAS23SEP26255CE,17.25,17.25,17.25,17.25,0,18
2026-09-22 14:59:00,NATURALGAS,PE,255.0,NATURALGAS23SEP26255PE,0.1,0.1,0.1,0.1,0,18
2026-09-22 14:59:00,NATURALGAS,CE,260.0,NATURALGAS23SEP26260CE,12.55,12.55,12.2,12.2,46250,18
2026-09-22 14:59:00,NATURALGAS,PE,260.0,NATURALGAS23SEP26260PE,0.4,0.4,0.4,0.4,41250,18
2026-09-22 14:59:00,NATURALGAS,CE,265.0,NATURALGAS23SEP26265CE,8.2,8.2,7.95,7.95,32500,18
2026-09-22 14:59:00,NATURALGAS,PE,265.0,NATURALGAS23SEP26265PE,1.1,1.2,1.1,1.2,22500,18
2026-09-22 14:59:00,NATURALGAS,CE,270.0,NATURALGAS23SEP26270CE,4.8,4.8,4.55,4.6,337500,18
2026-09-22 14:59:00,NATURALGAS,PE,270.0,NATURALGAS23SEP26270PE,2.75,2.85,2.75,2.8,130000,18
2026-09-22 14:59:00,NATURALGAS,CE,275.0,NATURALGAS23SEP26275CE,2.55,2.55,2.4,2.4,203750,18
2026-09-22 14:59:00,NATURALGAS,PE,275.0,NATURALGAS23SEP26275PE,5.5,5.65,5.5,5.65,111250,18
2026-09-22 14:59:00,NATURALGAS,CE,280.0,NATURALGAS23SEP26280CE,1.15,1.2,1.15,1.2,342500,18
2026-09-22 14:59:00,NATURALGAS,PE,280.0,NATURALGAS23SEP26280PE,9.25,9.4,9.25,9.4,22500,18
2026-09-22 14:59:00,NATURALGAS,CE,285.0,NATURALGAS23SEP26285CE,0.55,0.55,0.5,0.5,1250,18
2026-09-22 14:59:00,NATURALGAS,PE,285.0,NATURALGAS23SEP26285PE,13.4,13.65,13.4,13.65,2500,18
2026-09-22 14:59:00,NATURALGAS,CE,290.0,NATURALGAS23SEP26290CE,0.3,0.3,0.25,0.25,22500,18
2026-09-22 14:59:00,NATURALGAS,PE,290.0,NATURALGAS23SEP26290PE,18.25,18.25,18.25,18.25,0,18
2026-09-22 14:59:00,NATURALGAS,CE,295.0,NATURALGAS23SEP26295CE,0.15,0.15,0.15,0.15,0,18
2026-09-22 14:59:00,NATURALGAS,PE,295.0,NATURALGAS23SEP26295PE,23.2,23.2,23.2,23.2,0,18
2026-09-22 14:59:00,NATURALGAS,CE,300.0,NATURALGAS23SEP26300CE,0.1,0.1,0.05,0.05,1250,18
2026-09-22 14:59:00,NATURALGAS,PE,300.0,NATURALGAS23SEP26300PE,28.15,28.15,28.15,28.15,0,18
2026-09-22 14:59:00,NATGASMINI,FUT,0.0,NATGASMINI25SEP26FUT,271.9,271.9,271.7,271.7,13000,18
2026-09-22 14:59:00,NATGASMINI,CE,240.0,NATGASMINI23SEP26240CE,33.25,33.25,33.25,33.25,0,18
2026-09-22 14:59:00,NATGASMINI,PE,240.0,NATGASMINI23SEP26240PE,0.05,0.05,0.05,0.05,0,18
2026-09-22 14:59:00,NATGASMINI,CE,245.0,NATGASMINI23SEP26245CE,30.4,30.4,30.4,30.4,0,18
2026-09-22 14:59:00,NATGASMINI,PE,245.0,NATGASMINI23SEP26245PE,0.05,0.05,0.05,0.05,0,18
2026-09-22 14:59:00,NATGASMINI,CE,250.0,NATGASMINI23SEP26250CE,22.05,22.05,22.05,22.05,0,18
2026-09-22 14:59:00,NATGASMINI,PE,250.0,NATGASMINI23SEP26250PE,0.1,0.1,0.1,0.1,0,18
2026-09-22 14:59:00,NATGASMINI,CE,255.0,NATGASMINI23SEP26255CE,17.3,17.3,17.0,17.0,1750,18
2026-09-22 14:59:00,NATGASMINI,PE,255.0,NATGASMINI23SEP26255PE,0.1,0.1,0.1,0.1,0,18
2026-09-22 14:59:00,NATGASMINI,CE,260.0,NATGASMINI23SEP26260CE,12.35,12.35,12.25,12.25,2500,18
2026-09-22 14:59:00,NATGASMINI,PE,260.0,NATGASMINI23SEP26260PE,0.4,0.4,0.4,0.4,750,18
2026-09-22 14:59:00,NATGASMINI,CE,265.0,NATGASMINI23SEP26265CE,8.1,8.1,7.95,7.95,5750,18
2026-09-22 14:59:00,NATGASMINI,PE,265.0,NATGASMINI23SEP26265PE,1.1,1.15,1.1,1.15,1750,18
2026-09-22 14:59:00,NATGASMINI,CE,270.0,NATGASMINI23SEP26270CE,4.75,4.75,4.6,4.65,41750,18
2026-09-22 14:59:00,NATGASMINI,PE,270.0,NATGASMINI23SEP26270PE,2.75,2.85,2.75,2.8,13250,18
2026-09-22 14:59:00,NATGASMINI,CE,275.0,NATGASMINI23SEP26275CE,2.5,2.5,2.4,2.4,220250,18
2026-09-22 14:59:00,NATGASMINI,PE,275.0,NATGASMINI23SEP26275PE,5.55,5.7,5.55,5.7,14250,18
2026-09-22 14:59:00,NATGASMINI,CE,280.0,NATGASMINI23SEP26280CE,1.25,1.25,1.15,1.15,146250,18
2026-09-22 14:59:00,NATGASMINI,PE,280.0,NATGASMINI23SEP26280PE,9.2,9.45,9.2,9.45,7250,18
2026-09-22 14:59:00,NATGASMINI,CE,285.0,NATGASMINI23SEP26285CE,0.55,0.55,0.55,0.55,1250,18
2026-09-22 14:59:00,NATGASMINI,PE,285.0,NATGASMINI23SEP26285PE,13.5,13.75,13.5,13.75,3000,18
2026-09-22 14:59:00,NATGASMINI,CE,290.0,NATGASMINI23SEP26290CE,0.3,0.3,0.3,0.3,0,18
2026-09-22 14:59:00,NATGASMINI,PE,290.0,NATGASMINI23SEP26290PE,18.15,18.45,18.15,18.45,500,18
2026-09-22 14:59:00,NATGASMINI,CE,295.0,NATGASMINI23SEP26295CE,0.1,0.15,0.1,0.15,50000,18
2026-09-22 14:59:00,NATGASMINI,PE,295.0,NATGASMINI23SEP26295PE,23.05,23.05,23.05,23.05,0,18
2026-09-22 14:59:00,NATGASMINI,CE,300.0,NATGASMINI23SEP26300CE,0.15,0.15,0.15,0.15,0,18
2026-09-22 14:59:00,NATGASMINI,PE,300.0,NATGASMINI23SEP26300PE,27.9,27.9,27.9,27.9,0,18
2026-09-22 15:00:00,NATURALGAS,FUT,0.0,NATURALGAS25SEP26FUT,271.7,271.8,271.6,271.6,30000,17
2026-09-22 15:00:00,NATURALGAS,CE,240.0,NATURALGAS23SEP26240CE,33.1,33.1,33.1,33.1,0,17
2026-09-22 15:00:00,NATURALGAS,PE,240.0,NATURALGAS23SEP26240PE,0.1,0.1,0.1,0.1,0,17
2026-09-22 15:00:00,NATURALGAS,CE,245.0,NATURALGAS23SEP26245CE,27.3,27.3,27.3,27.3,0,17
2026-09-22 15:00:00,NATURALGAS,PE,245.0,NATURALGAS23SEP26245PE,0.1,0.1,0.1,0.1,0,17
2026-09-22 15:00:00,NATURALGAS,CE,250.0,NATURALGAS23SEP26250CE,21.95,21.95,21.95,21.95,0,17
2026-09-22 15:00:00,NATURALGAS,PE,250.0,NATURALGAS23SEP26250PE,0.1,0.1,0.1,0.1,1250,17
2026-09-22 15:00:00,NATURALGAS,CE,255.0,NATURALGAS23SEP26255CE,17.25,17.25,17.25,17.25,0,17
2026-09-22 15:00:00,NATURALGAS,PE,255.0,NATURALGAS23SEP26255PE,0.1,0.1,0.1,0.1,0,17
2026-09-22 15:00:00,NATURALGAS,CE,260.0,NATURALGAS23SEP26260CE,12.25,12.25,11.95,11.95,28750,17
2026-09-22 15:00:00,NATURALGAS,PE,260.0,NATURALGAS23SEP26260PE,0.4,0.45,0.4,0.45,16250,17
2026-09-22 15:00:00,NATURALGAS,CE,265.0,NATURALGAS23SEP26265CE,7.9,7.9,7.75,7.8,26250,17
2026-09-22 15:00:00,NATURALGAS,PE,265.0,NATURALGAS23SEP26265PE,1.2,1.25,1.2,1.25,53750,17
2026-09-22 15:00:00,NATURALGAS,CE,270.0,NATURALGAS23SEP26270CE,4.55,4.6,4.5,4.5,126250,17
2026-09-22 15:00:00,NATURALGAS,PE,270.0,NATURALGAS23SEP26270PE,2.85,2.95,2.85,2.95,168750,17
2026-09-22 15:00:00,NATURALGAS,CE,275.0,NATURALGAS23SEP26275CE,2.45,2.45,2.35,2.35,227500,17
2026-09-22 15:00:00,NATURALGAS,PE,275.0,NATURALGAS23SEP26275PE,5.75,5.85,5.75,5.8,31250,17
2026-09-22 15:00:00,NATURALGAS,CE,280.0,NATURALGAS23SEP26280CE,1.2,1.2,1.1,1.15,42500,17
2026-09-22 15:00:00,NATURALGAS,PE,280.0,NATURALGAS23SEP26280PE,9.45,9.6,9.45,9.6,23750,17
2026-09-22 15:00:00,NATURALGAS,CE,285.0,NATURALGAS23SEP26285CE,0.5,0.55,0.5,0.5,97500,17
2026-09-22 15:00:00,NATURALGAS,PE,285.0,NATURALGAS23SEP26285PE,13.8,13.9,13.8,13.9,5000,17
2026-09-22 15:00:00,NATURALGAS,CE,290.0,NATURALGAS23SEP26290CE,0.25,0.25,0.25,0.25,655000,17
2026-09-22 15:00:00,NATURALGAS,PE,290.0,NATURALGAS23SEP26290PE,18.25,18.65,18.25,18.65,2500,17
2026-09-22 15:00:00,NATURALGAS,CE,295.0,NATURALGAS23SEP26295CE,0.15,0.15,0.1,0.1,18750,17
2026-09-22 15:00:00,NATURALGAS,PE,295.0,NATURALGAS23SEP26295PE,23.2,23.55,23.2,23.55,13750,17
2026-09-22 15:00:00,NATURALGAS,CE,300.0,NATURALGAS23SEP26300CE,0.05,0.1,0.05,0.1,46250,17
2026-09-22 15:00:00,NATURALGAS,PE,300.0,NATURALGAS23SEP26300PE,28.15,28.15,28.15,28.15,0,17
2026-09-22 15:00:00,NATGASMINI,FUT,0.0,NATGASMINI25SEP26FUT,271.7,271.7,271.6,271.6,15750,17
2026-09-22 15:00:00,NATGASMINI,CE,240.0,NATGASMINI23SEP26240CE,33.25,33.25,33.25,33.25,0,17
2026-09-22 15:00:00,NATGASMINI,PE,240.0,NATGASMINI23SEP26240PE,0.05,0.05,0.05,0.05,0,17
2026-09-22 15:00:00,NATGASMINI,CE,245.0,NATGASMINI23SEP26245CE,30.4,30.4,30.4,30.4,0,17
2026-09-22 15:00:00,NATGASMINI,PE,245.0,NATGASMINI23SEP26245PE,0.05,0.05,0.05,0.05,0,17
2026-09-22 15:00:00,NATGASMINI,CE,250.0,NATGASMINI23SEP26250CE,22.05,22.05,22.05,22.05,0,17
2026-09-22 15:00:00,NATGASMINI,PE,250.0,NATGASMINI23SEP26250PE,0.1,0.1,0.1,0.1,0,17
2026-09-22 15:00:00,NATGASMINI,CE,255.0,NATGASMINI23SEP26255CE,17.0,17.0,17.0,17.0,0,17
2026-09-22 15:00:00,NATGASMINI,PE,255.0,NATGASMINI23SEP26255PE,0.1,0.1,0.1,0.1,0,17
2026-09-22 15:00:00,NATGASMINI,CE,260.0,NATGASMINI23SEP26260CE,12.25,12.25,12.15,12.15,2500,17
2026-09-22 15:00:00,NATGASMINI,PE,260.0,NATGASMINI23SEP26260PE,0.4,0.4,0.35,0.4,2500,17
2026-09-22 15:00:00,NATGASMINI,CE,265.0,NATGASMINI23SEP26265CE,7.95,7.95,7.85,7.85,10000,17
2026-09-22 15:00:00,NATGASMINI,PE,265.0,NATGASMINI23SEP26265PE,1.15,1.2,1.15,1.2,35000,17
2026-09-22 15:00:00,NATGASMINI,CE,270.0,NATGASMINI23SEP26270CE,4.6,4.6,4.45,4.45,74000,17
2026-09-22 15:00:00,NATGASMINI,PE,270.0,NATGASMINI23SEP26270PE,2.85,2.95,2.85,2.95,42250,17
2026-09-22 15:00:00,NATGASMINI,CE,275.0,NATGASMINI23SEP26275CE,2.45,2.45,2.35,2.35,43250,17
2026-09-22 15:00:00,NATGASMINI,PE,275.0,NATGASMINI23SEP26275PE,5.75,5.85,5.7,5.75,20250,17
2026-09-22 15:00:00,NATGASMINI,CE,280.0,NATGASMINI23SEP26280CE,1.2,1.2,1.1,1.15,3000,17
2026-09-22 15:00:00,NATGASMINI,PE,280.0,NATGASMINI23SEP26280PE,9.45,9.6,9.45,9.6,11750,17
2026-09-22 15:00:00,NATGASMINI,CE,285.0,NATGASMINI23SEP26285CE,0.55,0.55,0.5,0.5,1250,17
2026-09-22 15:00:00,NATGASMINI,PE,285.0,NATGASMINI23SEP26285PE,13.8,13.95,13.8,13.95,2250,17
2026-09-22 15:00:00,NATGASMINI,CE,290.0,NATGASMINI23SEP26290CE,0.3,0.3,0.25,0.3,3000,17
2026-09-22 15:00:00,NATGASMINI,PE,290.0,NATGASMINI23SEP26290PE,18.45,18.45,18.45,18.45,0,17
2026-09-22 15:00:00,NATGASMINI,CE,295.0,NATGASMINI23SEP26295CE,0.15,0.15,0.1,0.1,250,17
2026-09-22 15:00:00,NATGASMINI,PE,295.0,NATGASMINI23SEP26295PE,23.05,23.45,23.05,23.45,250,17
2026-09-22 15:00:00,NATGASMINI,CE,300.0,NATGASMINI23SEP26300CE,0.15,0.15,0.15,0.15,0,17
2026-09-22 15:00:00,NATGASMINI,PE,300.0,NATGASMINI23SEP26300PE,27.9,27.9,27.9,27.9,0,17
2026-09-22 15:01:00,NATURALGAS,FUT,0.0,NATURALGAS25SEP26FUT,271.6,271.6,271.4,271.5,42500,18
2026-09-22 15:01:00,NATURALGAS,CE,240.0,NATURALGAS23SEP26240CE,33.1,33.1,33.1,33.1,0,18
2026-09-22 15:01:00,NATURALGAS,PE,240.0,NATURALGAS23SEP26240PE,0.1,0.1,0.1,0.1,0,18
2026-09-22 15:01:00,NATURALGAS,CE,245.0,NATURALGAS23SEP26245CE,27.3,27.3,27.3,27.3,0,18
2026-09-22 15:01:00,NATURALGAS,PE,245.0,NATURALGAS23SEP26245PE,0.1,0.1,0.1,0.1,0,18
2026-09-22 15:01:00,NATURALGAS,CE,250.0,NATURALGAS23SEP26250CE,21.95,21.95,21.95,21.95,0,18
2026-09-22 15:01:00,NATURALGAS,PE,250.0,NATURALGAS23SEP26250PE,0.1,0.1,0.1,0.1,0,18
2026-09-22 15:01:00,NATURALGAS,CE,255.0,NATURALGAS23SEP26255CE,17.25,17.25,16.65,16.65,18750,18
2026-09-22 15:01:00,NATURALGAS,PE,255.0,NATURALGAS23SEP26255PE,0.1,0.15,0.1,0.15,102500,18
2026-09-22 15:01:00,NATURALGAS,CE,260.0,NATURALGAS23SEP26260CE,11.95,12.0,11.95,11.95,17500,18
2026-09-22 15:01:00,NATURALGAS,PE,260.0,NATURALGAS23SEP26260PE,0.45,0.45,0.45,0.45,22500,18
2026-09-22 15:01:00,NATURALGAS,CE,265.0,NATURALGAS23SEP26265CE,7.8,7.8,7.7,7.7,105000,18
2026-09-22 15:01:00,NATURALGAS,PE,265.0,NATURALGAS23SEP26265PE,1.25,1.25,1.25,1.25,15000,18
2026-09-22 15:01:00,NATURALGAS,CE,270.0,NATURALGAS23SEP26270CE,4.5,4.55,4.4,4.4,205000,18
2026-09-22 15:01:00,NATURALGAS,PE,270.0,NATURALGAS23SEP26270PE,2.9,3.0,2.9,3.0,488750,18
2026-09-22 15:01:00,NATURALGAS,CE,275.0,NATURALGAS23SEP26275CE,2.35,2.4,2.3,2.3,137500,18
2026-09-22 15:01:00,NATURALGAS,PE,275.0,NATURALGAS23SEP26275PE,5.8,5.9,5.8,5.9,60000,18
2026-09-22 15:01:00,NATURALGAS,CE,280.0,NATURALGAS23SEP26280CE,1.15,1.15,1.05,1.1,383750,18
2026-09-22 15:01:00,NATURALGAS,PE,280.0,NATURALGAS23SEP26280PE,9.6,9.65,9.6,9.65,27500,18
2026-09-22 15:01:00,NATURALGAS,CE,285.0,NATURALGAS23SEP26285CE,0.5,0.5,0.5,0.5,110000,18
2026-09-22 15:01:00,NATURALGAS,PE,285.0,NATURALGAS23SEP26285PE,13.95,14.0,13.95,14.0,21250,18
2026-09-22 15:01:00,NATURALGAS,CE,290.0,NATURALGAS23SEP26290CE,0.25,0.25,0.2,0.2,148750,18
2026-09-22 15:01:00,NATURALGAS,PE,290.0,NATURALGAS23SEP26290PE,18.65,18.8,18.65,18.8,1250,18
2026-09-22 15:01:00,NATURALGAS,CE,295.0,NATURALGAS23SEP26295CE,0.1,0.1,0.1,0.1,0,18
2026-09-22 15:01:00,NATURALGAS,PE,295.0,NATURALGAS23SEP26295PE,23.55,23.65,23.55,23.65,7500,18
2026-09-22 15:01:00,NATURALGAS,CE,300.0,NATURALGAS23SEP26300CE,0.1,0.1,0.1,0.1,0,18
2026-09-22 15:01:00,NATURALGAS,PE,300.0,NATURALGAS23SEP26300PE,28.15,28.5,28.15,28.5,1250,18
2026-09-22 15:01:00,NATGASMINI,FUT,0.0,NATGASMINI25SEP26FUT,271.6,271.6,271.4,271.4,29250,18
2026-09-22 15:01:00,NATGASMINI,CE,240.0,NATGASMINI23SEP26240CE,33.25,33.25,33.25,33.25,0,18
2026-09-22 15:01:00,NATGASMINI,PE,240.0,NATGASMINI23SEP26240PE,0.05,0.05,0.05,0.05,0,18
2026-09-22 15:01:00,NATGASMINI,CE,245.0,NATGASMINI23SEP26245CE,30.4,30.4,30.4,30.4,0,18
2026-09-22 15:01:00,NATGASMINI,PE,245.0,NATGASMINI23SEP26245PE,0.05,0.05,0.05,0.05,0,18
2026-09-22 15:01:00,NATGASMINI,CE,250.0,NATGASMINI23SEP26250CE,22.05,22.05,22.05,22.05,0,18
2026-09-22 15:01:00,NATGASMINI,PE,250.0,NATGASMINI23SEP26250PE,0.1,0.1,0.1,0.1,0,18
2026-09-22 15:01:00,NATGASMINI,CE,255.0,NATGASMINI23SEP26255CE,17.0,17.0,17.0,17.0,0,18
2026-09-22 15:01:00,NATGASMINI,PE,255.0,NATGASMINI23SEP26255PE,0.1,0.15,0.1,0.15,3000,18
2026-09-22 15:01:00,NATGASMINI,CE,260.0,NATGASMINI23SEP26260CE,12.15,12.15,11.9,11.9,4500,18
2026-09-22 15:01:00,NATGASMINI,PE,260.0,NATGASMINI23SEP26260PE,0.4,0.4,0.4,0.4,10250,18
2026-09-22 15:01:00,NATGASMINI,CE,265.0,NATGASMINI23SEP26265CE,7.85,7.85,7.75,7.75,3250,18
2026-09-22 15:01:00,NATGASMINI,PE,265.0,NATGASMINI23SEP26265PE,1.2,1.25,1.2,1.2,92250,18
2026-09-22 15:01:00,NATGASMINI,CE,270.0,NATGASMINI23SEP26270CE,4.45,4.55,4.4,4.4,48500,18
2026-09-22 15:01:00,NATGASMINI,PE,270.0,NATGASMINI23SEP26270PE,2.9,3.0,2.9,3.0,52250,18
2026-09-22 15:01:00,NATGASMINI,CE,275.0,NATGASMINI23SEP26275CE,2.35,2.4,2.35,2.35,71500,18
2026-09-22 15:01:00,NATGASMINI,PE,275.0,NATGASMINI23SEP26275PE,5.85,5.9,5.8,5.9,62750,18
2026-09-22 15:01:00,NATGASMINI,CE,280.0,NATGASMINI23SEP26280CE,1.15,1.15,1.1,1.1,100250,18
2026-09-22 15:01:00,NATGASMINI,PE,280.0,NATGASMINI23SEP26280PE,9.6,9.75,9.6,9.75,10500,18
2026-09-22 15:01:00,NATGASMINI,CE,285.0,NATGASMINI23SEP26285CE,0.5,0.5,0.5,0.5,74000,18
2026-09-22 15:01:00,NATGASMINI,PE,285.0,NATGASMINI23SEP26285PE,13.95,14.1,13.95,14.1,3250,18
2026-09-22 15:01:00,NATGASMINI,CE,290.0,NATGASMINI23SEP26290CE,0.3,0.3,0.25,0.25,750,18
2026-09-22 15:01:00,NATGASMINI,PE,290.0,NATGASMINI23SEP26290PE,18.45,18.9,18.45,18.9,2250,18
2026-09-22 15:01:00,NATGASMINI,CE,295.0,NATGASMINI23SEP26295CE,0.1,0.1,0.1,0.1,750,18
2026-09-22 15:01:00,NATGASMINI,PE,295.0,NATGASMINI23SEP26295PE,23.45,23.55,23.45,23.55,750,18
2026-09-22 15:01:00,NATGASMINI,CE,300.0,NATGASMINI23SEP26300CE,0.15,0.15,0.1,0.1,61250,18
2026-09-22 15:01:00,NATGASMINI,PE,300.0,NATGASMINI23SEP26300PE,27.9,27.9,27.9,27.9,0,18
2026-09-22 15:02:00,NATURALGAS,FUT,0.0,NATURALGAS25SEP26FUT,271.5,271.5,271.4,271.5,27500,18
2026-09-22 15:02:00,NATURALGAS,CE,240.0,NATURALGAS23SEP26240CE,33.1,33.1,33.1,33.1,0,18
2026-09-22 15:02:00,NATURALGAS,PE,240.0,NATURALGAS23SEP26240PE,0.1,0.1,0.1,0.1,0,18
2026-09-22 15:02:00,NATURALGAS,CE,245.0,NATURALGAS23SEP26245CE,27.3,27.3,27.3,27.3,0,18
2026-09-22 15:02:00,NATURALGAS,PE,245.0,NATURALGAS23SEP26245PE,0.1,0.1,0.1,0.1,0,18
2026-09-22 15:02:00,NATURALGAS,CE,250.0,NATURALGAS23SEP26250CE,21.95,21.95,21.6,21.6,1250,18
2026-09-22 15:02:00,NATURALGAS,PE,250.0,NATURALGAS23SEP26250PE,0.1,0.1,0.1,0.1,0,18
2026-09-22 15:02:00,NATURALGAS,CE,255.0,NATURALGAS23SEP26255CE,16.65,16.65,16.65,16.65,17500,18
2026-09-22 15:02:00,NATURALGAS,PE,255.0,NATURALGAS23SEP26255PE,0.15,0.15,0.15,0.15,0,18
2026-09-22 15:02:00,NATURALGAS,CE,260.0,NATURALGAS23SEP26260CE,11.95,12.0,11.95,12.0,7500,18
2026-09-22 15:02:00,NATURALGAS,PE,260.0,NATURALGAS23SEP26260PE,0.45,0.45,0.45,0.45,133750,18
2026-09-22 15:02:00,NATURALGAS,CE,265.0,NATURALGAS23SEP26265CE,7.7,7.8,7.7,7.8,31250,18
2026-09-22 15:02:00,NATURALGAS,PE,265.0,NATURALGAS23SEP26265PE,1.25,1.25,1.2,1.25,70000,18
2026-09-22 15:02:00,NATURALGAS,CE,270.0,NATURALGAS23SEP26270CE,4.4,4.5,4.4,4.5,23750,18
2026-09-22 15:02:00,NATURALGAS,PE,270.0,NATURALGAS23SEP26270PE,2.95,3.0,2.9,2.9,141250,18
2026-09-22 15:02:00,NATURALGAS,CE,275.0,NATURALGAS23SEP26275CE,2.3,2.4,2.3,2.35,87500,18
2026-09-22 15:02:00,NATURALGAS,PE,275.0,NATURALGAS23SEP26275PE,5.9,5.9,5.85,5.85,82500,18
2026-09-22 15:02:00,NATURALGAS,CE,280.0,NATURALGAS23SEP26280CE,1.1,1.15,1.1,1.15,15000,18
2026-09-22 15:02:00,NATURALGAS,PE,280.0,NATURALGAS23SEP26280PE,9.75,9.75,9.65,9.65,17500,18
2026-09-22 15:02:00,NATURALGAS,CE,285.0,NATURALGAS23SEP26285CE,0.5,0.5,0.5,0.5,17500,18
2026-09-22 15:02:00,NATURALGAS,PE,285.0,NATURALGAS23SEP26285PE,14.0,14.0,14.0,14.0,0,18
2026-09-22 15:02:00,NATURALGAS,CE,290.0,NATURALGAS23SEP26290CE,0.2,0.25,0.2,0.25,8750,18
2026-09-22 15:02:00,NATURALGAS,PE,290.0,NATURALGAS23SEP26290PE,18.8,18.8,18.7,18.7,2500,18
2026-09-22 15:02:00,NATURALGAS,CE,295.0,NATURALGAS23SEP26295CE,0.1,0.1,0.1,0.1,0,18
2026-09-22 15:02:00,NATURALGAS,PE,295.0,NATURALGAS23SEP26295PE,23.65,23.65,23.65,23.65,0,18
2026-09-22 15:02:00,NATURALGAS,CE,300.0,NATURALGAS23SEP26300CE,0.1,0.1,0.1,0.1,0,18
2026-09-22 15:02:00,NATURALGAS,PE,300.0,NATURALGAS23SEP26300PE,28.5,28.5,28.5,28.5,0,18
2026-09-22 15:02:00,NATGASMINI,FUT,0.0,NATGASMINI25SEP26FUT,271.5,271.5,271.4,271.5,18750,18
2026-09-22 15:02:00,NATGASMINI,CE,240.0,NATGASMINI23SEP26240CE,33.25,33.25,33.25,33.25,0,18
2026-09-22 15:02:00,NATGASMINI,PE,240.0,NATGASMINI23SEP26240PE,0.05,0.05,0.05,0.05,0,18
2026-09-22 15:02:00,NATGASMINI,CE,245.0,NATGASMINI23SEP26245CE,30.4,30.4,30.4,30.4,0,18
2026-09-22 15:02:00,NATGASMINI,PE,245.0,NATGASMINI23SEP26245PE,0.05,0.05,0.05,0.05,0,18
2026-09-22 15:02:00,NATGASMINI,CE,250.0,NATGASMINI23SEP26250CE,22.05,22.05,22.05,22.05,0,18
2026-09-22 15:02:00,NATGASMINI,PE,250.0,NATGASMINI23SEP26250PE,0.1,0.1,0.1,0.1,0,18
2026-09-22 15:02:00,NATGASMINI,CE,255.0,NATGASMINI23SEP26255CE,17.0,17.0,17.0,17.0,0,18
2026-09-22 15:02:00,NATGASMINI,PE,255.0,NATGASMINI23SEP26255PE,0.15,0.15,0.15,0.15,250,18
2026-09-22 15:02:00,NATGASMINI,CE,260.0,NATGASMINI23SEP26260CE,11.9,11.95,11.9,11.95,250,18
2026-09-22 15:02:00,NATGASMINI,PE,260.0,NATGASMINI23SEP26260PE,0.4,0.45,0.4,0.45,750,18
2026-09-22 15:02:00,NATGASMINI,CE,265.0,NATGASMINI23SEP26265CE,7.75,7.8,7.7,7.75,4500,18
2026-09-22 15:02:00,NATGASMINI,PE,265.0,NATGASMINI23SEP26265PE,1.2,1.2,1.2,1.2,17000,18
2026-09-22 15:02:00,NATGASMINI,CE,270.0,NATGASMINI23SEP26270CE,4.4,4.5,4.4,4.45,46250,18
2026-09-22 15:02:00,NATGASMINI,PE,270.0,NATGASMINI23SEP26270PE,3.0,3.0,2.9,2.9,28500,18
2026-09-22 15:02:00,NATGASMINI,CE,275.0,NATGASMINI23SEP26275CE,2.4,2.4,2.35,2.4,64000,18
2026-09-22 15:02:00,NATGASMINI,PE,275.0,NATGASMINI23SEP26275PE,5.85,5.9,5.85,5.85,7500,18
2026-09-22 15:02:00,NATGASMINI,CE,280.0,NATGASMINI23SEP26280CE,1.1,1.15,1.1,1.1,17750,18
2026-09-22 15:02:00,NATGASMINI,PE,280.0,NATGASMINI23SEP26280PE,9.75,9.75,9.6,9.65,2000,18
2026-09-22 15:02:00,NATGASMINI,CE,285.0,NATGASMINI23SEP26285CE,0.5,0.55,0.5,0.5,1750,18
2026-09-22 15:02:00,NATGASMINI,PE,285.0,NATGASMINI23SEP26285PE,14.1,14.1,13.95,14.0,4250,18
2026-09-22 15:02:00,NATGASMINI,CE,290.0,NATGASMINI23SEP26290CE,0.25,0.3,0.25,0.25,4250,18
2026-09-22 15:02:00,NATGASMINI,PE,290.0,NATGASMINI23SEP26290PE,18.9,18.9,18.9,18.9,0,18
2026-09-22 15:02:00,NATGASMINI,CE,295.0,NATGASMINI23SEP26295CE,0.1,0.1,0.1,0.1,0,18
2026-09-22 15:02:00,NATGASMINI,PE,295.0,NATGASMINI23SEP26295PE,23.55,23.55,23.55,23.55,0,18
2026-09-22 15:02:00,NATGASMINI,CE,300.0,NATGASMINI23SEP26300CE,0.1,0.1,0.1,0.1,0,18
2026-09-22 15:02:00,NATGASMINI,PE,300.0,NATGASMINI23SEP26300PE,27.9,27.9,27.9,27.9,0,18
2026-09-22 15:03:00,NATURALGAS,FUT,0.0,NATURALGAS25SEP26FUT,271.5,271.6,271.5,271.5,22500,17
2026-09-22 15:03:00,NATURALGAS,CE,240.0,NATURALGAS23SEP26240CE,33.1,33.1,33.1,33.1,0,17
2026-09-22 15:03:00,NATURALGAS,PE,240.0,NATURALGAS23SEP26240PE,0.1,0.1,0.1,0.1,0,17
2026-09-22 15:03:00,NATURALGAS,CE,245.0,NATURALGAS23SEP26245CE,27.3,27.3,27.3,27.3,0,17
2026-09-22 15:03:00,NATURALGAS,PE,245.0,NATURALGAS23SEP26245PE,0.1,0.1,0.1,0.1,0,17
2026-09-22 15:03:00,NATURALGAS,CE,250.0,NATURALGAS23SEP26250CE,21.6,21.6,21.6,21.6,0,17
2026-09-22 15:03:00,NATURALGAS,PE,250.0,NATURALGAS23SEP26250PE,0.1,0.1,0.1,0.1,0,17
2026-09-22 15:03:00,NATURALGAS,CE,255.0,NATURALGAS23SEP26255CE,16.65,16.65,16.65,16.65,0,17
2026-09-22 15:03:00,NATURALGAS,PE,255.0,NATURALGAS23SEP26255PE,0.15,0.15,0.15,0.15,0,17
2026-09-22 15:03:00,NATURALGAS,CE,260.0,NATURALGAS23SEP26260CE,12.0,12.0,11.95,11.95,10000,17
2026-09-22 15:03:00,NATURALGAS,PE,260.0,NATURALGAS23SEP26260PE,0.45,0.45,0.45,0.45,1250,17
2026-09-22 15:03:00,NATURALGAS,CE,265.0,NATURALGAS23SEP26265CE,7.8,7.8,7.75,7.75,35000,17
2026-09-22 15:03:00,NATURALGAS,PE,265.0,NATURALGAS23SEP26265PE,1.25,1.25,1.2,1.2,18750,17
2026-09-22 15:03:00,NATURALGAS,CE,270.0,NATURALGAS23SEP26270CE,4.5,4.55,4.5,4.5,91250,17
2026-09-22 15:03:00,NATURALGAS,PE,270.0,NATURALGAS23SEP26270PE,2.95,3.0,2.9,2.95,97500,17
2026-09-22 15:03:00,NATURALGAS,CE,275.0,NATURALGAS23SEP26275CE,2.35,2.4,2.35,2.35,128750,17
2026-09-22 15:03:00,NATURALGAS,PE,275.0,NATURALGAS23SEP26275PE,5.85,5.85,5.8,5.85,111250,17
2026-09-22 15:03:00,NATURALGAS,CE,280.0,NATURALGAS23SEP26280CE,1.15,1.15,1.1,1.15,55000,17
2026-09-22 15:03:00,NATURALGAS,PE,280.0,NATURALGAS23SEP26280PE,9.65,9.65,9.6,9.65,17500,17
2026-09-22 15:03:00,NATURALGAS,CE,285.0,NATURALGAS23SEP26285CE,0.5,0.55,0.5,0.5,5000,17
2026-09-22 15:03:00,NATURALGAS,PE,285.0,NATURALGAS23SEP26285PE,14.0,14.05,14.0,14.05,2500,17
2026-09-22 15:03:00,NATURALGAS,CE,290.0,NATURALGAS23SEP26290CE,0.25,0.25,0.25,0.25,30000,17
2026-09-22 15:03:00,NATURALGAS,PE,290.0,NATURALGAS23SEP26290PE,18.7,18.7,18.7,18.7,0,17
2026-09-22 15:03:00,NATURALGAS,CE,295.0,NATURALGAS23SEP26295CE,0.1,0.1,0.1,0.1,12500,17
2026-09-22 15:03:00,NATURALGAS,PE,295.0,NATURALGAS23SEP26295PE,23.65,23.65,23.65,23.65,0,17
2026-09-22 15:03:00,NATURALGAS,CE,300.0,NATURALGAS23SEP26300CE,0.1,0.1,0.1,0.1,37500,17
2026-09-22 15:03:00,NATURALGAS,PE,300.0,NATURALGAS23SEP26300PE,28.5,28.5,28.5,28.5,0,17
2026-09-22 15:03:00,NATGASMINI,FUT,0.0,NATGASMINI25SEP26FUT,271.5,271.6,271.4,271.4,18500,17
2026-09-22 15:03:00,NATGASMINI,CE,240.0,NATGASMINI23SEP26240CE,33.25,33.25,33.25,33.25,0,17
2026-09-22 15:03:00,NATGASMINI,PE,240.0,NATGASMINI23SEP26240PE,0.05,0.05,0.05,0.05,8000,17
2026-09-22 15:03:00,NATGASMINI,CE,245.0,NATGASMINI23SEP26245CE,30.4,30.4,30.4,30.4,0,17
2026-09-22 15:03:00,NATGASMINI,PE,245.0,NATGASMINI23SEP26245PE,0.05,0.05,0.05,0.05,0,17
2026-09-22 15:03:00,NATGASMINI,CE,250.0,NATGASMINI23SEP26250CE,22.05,22.05,22.05,22.05,0,17
2026-09-22 15:03:00,NATGASMINI,PE,250.0,NATGASMINI23SEP26250PE,0.1,0.1,0.1,0.1,500,17
2026-09-22 15:03:00,NATGASMINI,CE,255.0,NATGASMINI23SEP26255CE,17.0,17.0,17.0,17.0,0,17
2026-09-22 15:03:00,NATGASMINI,PE,255.0,NATGASMINI23SEP26255PE,0.15,0.15,0.15,0.15,0,17
2026-09-22 15:03:00,NATGASMINI,CE,260.0,NATGASMINI23SEP26260CE,11.95,12.0,11.95,12.0,2500,17
2026-09-22 15:03:00,NATGASMINI,PE,260.0,NATGASMINI23SEP26260PE,0.45,0.45,0.45,0.45,0,17
2026-09-22 15:03:00,NATGASMINI,CE,265.0,NATGASMINI23SEP26265CE,7.75,7.8,7.7,7.75,13250,17
2026-09-22 15:03:00,NATGASMINI,PE,265.0,NATGASMINI23SEP26265PE,1.2,1.2,1.15,1.2,5250,17
2026-09-22 15:03:00,NATGASMINI,CE,270.0,NATGASMINI23SEP26270CE,4.45,4.5,4.45,4.5,46250,17
2026-09-22 15:03:00,NATGASMINI,PE,270.0,NATGASMINI23SEP26270PE,2.9,3.0,2.9,2.95,110250,17
2026-09-22 15:03:00,NATGASMINI,CE,275.0,NATGASMINI23SEP26275CE,2.35,2.45,2.35,2.45,54000,17
2026-09-22 15:03:00,NATGASMINI,PE,275.0,NATGASMINI23SEP26275PE,5.85,5.85,5.8,5.8,27250,17
2026-09-22 15:03:00,NATGASMINI,CE,280.0,NATGASMINI23SEP26280CE,1.1,1.15,1.1,1.1,62750,17
2026-09-22 15:03:00,NATGASMINI,PE,280.0,NATGASMINI23SEP26280PE,9.6,9.65,9.6,9.65,2250,17
2026-09-22 15:03:00,NATGASMINI,CE,285.0,NATGASMINI23SEP26285CE,0.5,0.55,0.5,0.5,2750,17
2026-09-22 15:03:00,NATGASMINI,PE,285.0,NATGASMINI23SEP26285PE,14.0,14.05,13.95,14.05,750,17
2026-09-22 15:03:00,NATGASMINI,CE,290.0,NATGASMINI23SEP26290CE,0.25,0.3,0.25,0.25,50750,17
2026-09-22 15:03:00,NATGASMINI,PE,290.0,NATGASMINI23SEP26290PE,18.9,18.9,18.6,18.8,2750,17
2026-09-22 15:03:00,NATGASMINI,CE,295.0,NATGASMINI23SEP26295CE,0.1,0.1,0.1,0.1,250,17
2026-09-22 15:03:00,NATGASMINI,PE,295.0,NATGASMINI23SEP26295PE,23.55,23.55,23.55,23.55,0,17
2026-09-22 15:03:00,NATGASMINI,CE,300.0,NATGASMINI23SEP26300CE,0.1,0.1,0.1,0.1,0,17
2026-09-22 15:03:00,NATGASMINI,PE,300.0,NATGASMINI23SEP26300PE,27.9,27.9,27.9,27.9,0,17
2026-09-22 15:04:00,NATURALGAS,FUT,0.0,NATURALGAS25SEP26FUT,271.5,271.5,271.4,271.5,27500,18
2026-09-22 15:04:00,NATURALGAS,CE,240.0,NATURALGAS23SEP26240CE,33.1,33.1,33.1,33.1,0,18
2026-09-22 15:04:00,NATURALGAS,PE,240.0,NATURALGAS23SEP26240PE,0.05,0.05,0.05,0.05,0,18
2026-09-22 15:04:00,NATURALGAS,CE,245.0,NATURALGAS23SEP26245CE,27.3,27.3,27.3,27.3,0,18
2026-09-22 15:04:00,NATURALGAS,PE,245.0,NATURALGAS23SEP26245PE,0.1,0.1,0.1,0.1,0,18
2026-09-22 15:04:00,NATURALGAS,CE,250.0,NATURALGAS23SEP26250CE,21.6,21.6,21.6,21.6,0,18
2026-09-22 15:04:00,NATURALGAS,PE,250.0,NATURALGAS23SEP26250PE,0.1,0.1,0.1,0.1,0,18
2026-09-22 15:04:00,NATURALGAS,CE,255.0,NATURALGAS23SEP26255CE,16.65,16.65,16.65,16.65,0,18
2026-09-22 15:04:00,NATURALGAS,PE,255.0,NATURALGAS23SEP26255PE,0.15,0.15,0.15,0.15,63750,18
2026-09-22 15:04:00,NATURALGAS,CE,260.0,NATURALGAS23SEP26260CE,11.95,11.95,11.9,11.9,1250,18
2026-09-22 15:04:00,NATURALGAS,PE,260.0,NATURALGAS23SEP26260PE,0.45,0.45,0.45,0.45,2500,18
2026-09-22 15:04:00,NATURALGAS,CE,265.0,NATURALGAS23SEP26265CE,7.75,7.8,7.75,7.75,10000,18
2026-09-22 15:04:00,NATURALGAS,PE,265.0,NATURALGAS23SEP26265PE,1.2,1.2,1.2,1.2,0,18
2026-09-22 15:04:00,NATURALGAS,CE,270.0,NATURALGAS23SEP26270CE,4.5,4.55,4.45,4.45,50000,18
2026-09-22 15:04:00,NATURALGAS,PE,270.0,NATURALGAS23SEP26270PE,2.9,3.0,2.9,2.95,122500,18
2026-09-22 15:04:00,NATURALGAS,CE,275.0,NATURALGAS23SEP26275CE,2.4,2.4,2.3,2.3,112500,18
2026-09-22 15:04:00,NATURALGAS,PE,275.0,NATURALGAS23SEP26275PE,5.8,5.85,5.8,5.85,71250,18
2026-09-22 15:04:00,NATURALGAS,CE,280.0,NATURALGAS23SEP26280CE,1.15,1.15,1.1,1.1,1832500,18
2026-09-22 15:04:00,NATURALGAS,PE,280.0,NATURALGAS23SEP26280PE,9.65,9.65,9.6,9.6,22500,18
2026-09-22 15:04:00,NATURALGAS,CE,285.0,NATURALGAS23SEP26285CE,0.5,0.55,0.5,0.55,3750,18
2026-09-22 15:04:00,NATURALGAS,PE,285.0,NATURALGAS23SEP26285PE,14.05,14.05,13.9,13.95,5000,18
2026-09-22 15:04:00,NATURALGAS,CE,290.0,NATURALGAS23SEP26290CE,0.25,0.25,0.2,0.2,32500,18
2026-09-22 15:04:00,NATURALGAS,PE,290.0,NATURALGAS23SEP26290PE,18.7,18.7,18.7,18.7,0,18
2026-09-22 15:04:00,NATURALGAS,CE,295.0,NATURALGAS23SEP26295CE,0.1,0.1,0.1,0.1,61250,18
2026-09-22 15:04:00,NATURALGAS,PE,295.0,NATURALGAS23SEP26295PE,23.65,23.65,23.6,23.6,3750,18
2026-09-22 15:04:00,NATURALGAS,CE,300.0,NATURALGAS23SEP26300CE,0.1,0.1,0.05,0.1,305000,18
2026-09-22 15:04:00,NATURALGAS,PE,300.0,NATURALGAS23SEP26300PE,28.5,28.6,28.5,28.6,1250,18
2026-09-22 15:04:00,NATGASMINI,FUT,0.0,NATGASMINI25SEP26FUT,271.4,271.5,271.4,271.5,3250,18
2026-09-22 15:04:00,NATGASMINI,CE,240.0,NATGASMINI23SEP26240CE,33.25,33.25,33.25,33.25,0,18
2026-09-22 15:04:00,NATGASMINI,PE,240.0,NATGASMINI23SEP26240PE,0.05,0.05,0.05,0.05,0,18
2026-09-22 15:04:00,NATGASMINI,CE,245.0,NATGASMINI23SEP26245CE,30.4,30.4,30.4,30.4,0,18
2026-09-22 15:04:00,NATGASMINI,PE,245.0,NATGASMINI23SEP26245PE,0.05,0.05,0.05,0.05,0,18
2026-09-22 15:04:00,NATGASMINI,CE,250.0,NATGASMINI23SEP26250CE,22.05,22.05,22.05,22.05,0,18
2026-09-22 15:04:00,NATGASMINI,PE,250.0,NATGASMINI23SEP26250PE,0.1,0.1,0.1,0.1,0,18
2026-09-22 15:04:00,NATGASMINI,CE,255.0,NATGASMINI23SEP26255CE,17.0,17.0,16.75,16.75,250,18
2026-09-22 15:04:00,NATGASMINI,PE,255.0,NATGASMINI23SEP26255PE,0.15,0.15,0.15,0.15,1000,18
2026-09-22 15:04:00,NATGASMINI,CE,260.0,NATGASMINI23SEP26260CE,12.0,12.0,11.95,11.95,250,18
2026-09-22 15:04:00,NATGASMINI,PE,260.0,NATGASMINI23SEP26260PE,0.45,0.45,0.4,0.45,5750,18
2026-09-22 15:04:00,NATGASMINI,CE,265.0,NATGASMINI23SEP26265CE,7.75,7.8,7.75,7.8,6750,18
2026-09-22 15:04:00,NATGASMINI,PE,265.0,NATGASMINI23SEP26265PE,1.2,1.2,1.2,1.2,40750,18
2026-09-22 15:04:00,NATGASMINI,CE,270.0,NATGASMINI23SEP26270CE,4.5,4.5,4.45,4.5,13250,18
2026-09-22 15:04:00,NATGASMINI,PE,270.0,NATGASMINI23SEP26270PE,2.9,3.0,2.9,2.9,28000,18
2026-09-22 15:04:00,NATGASMINI,CE,275.0,NATGASMINI23SEP26275CE,2.45,2.45,2.35,2.4,66750,18
2026-09-22 15:04:00,NATGASMINI,PE,275.0,NATGASMINI23SEP26275PE,5.8,5.9,5.8,5.85,18250,18
2026-09-22 15:04:00,NATGASMINI,CE,280.0,NATGASMINI23SEP26280CE,1.1,1.15,1.1,1.1,1000,18
2026-09-22 15:04:00,NATGASMINI,PE,280.0,NATGASMINI23SEP26280PE,9.65,9.65,9.6,9.65,11500,18
2026-09-22 15:04:00,NATGASMINI,CE,285.0,NATGASMINI23SEP26285CE,0.5,0.5,0.5,0.5,0,18
2026-09-22 15:04:00,NATGASMINI,PE,285.0,NATGASMINI23SEP26285PE,14.05,14.05,13.9,13.95,2250,18
2026-09-22 15:04:00,NATGASMINI,CE,290.0,NATGASMINI23SEP26290CE,0.3,0.3,0.3,0.3,0,18
2026-09-22 15:04:00,NATGASMINI,PE,290.0,NATGASMINI23SEP26290PE,18.8,18.8,18.8,18.8,0,18
2026-09-22 15:04:00,NATGASMINI,CE,295.0,NATGASMINI23SEP26295CE,0.1,0.1,0.1,0.1,0,18
2026-09-22 15:04:00,NATGASMINI,PE,295.0,NATGASMINI23SEP26295PE,23.55,23.55,23.55,23.55,0,18
2026-09-22 15:04:00,NATGASMINI,CE,300.0,NATGASMINI23SEP26300CE,0.1,0.1,0.1,0.1,0,18
2026-09-22 15:04:00,NATGASMINI,PE,300.0,NATGASMINI23SEP26300PE,27.9,27.9,27.9,27.9,0,18
2026-09-22 15:05:00,NATURALGAS,FUT,0.0,NATURALGAS25SEP26FUT,271.5,271.5,271.5,271.5,2500,18
2026-09-22 15:05:00,NATURALGAS,CE,240.0,NATURALGAS23SEP26240CE,33.1,33.1,33.1,33.1,0,18
2026-09-22 15:05:00,NATURALGAS,PE,240.0,NATURALGAS23SEP26240PE,0.05,0.05,0.05,0.05,0,18
2026-09-22 15:05:00,NATURALGAS,CE,245.0,NATURALGAS23SEP26245CE,27.3,27.3,27.3,27.3,0,18
2026-09-22 15:05:00,NATURALGAS,PE,245.0,NATURALGAS23SEP26245PE,0.1,0.1,0.1,0.1,0,18
2026-09-22 15:05:00,NATURALGAS,CE,250.0,NATURALGAS23SEP26250CE,21.6,21.6,21.6,21.6,0,18
2026-09-22 15:05:00,NATURALGAS,PE,250.0,NATURALGAS23SEP26250PE,0.1,0.1,0.1,0.1,0,18
2026-09-22 15:05:00,NATURALGAS,CE,255.0,NATURALGAS23SEP26255CE,16.65,16.65,16.65,16.65,0,18
2026-09-22 15:05:00,NATURALGAS,PE,255.0,NATURALGAS23SEP26255PE,0.15,0.2,0.15,0.2,375000,18
2026-09-22 15:05:00,NATURALGAS,CE,260.0,NATURALGAS23SEP26260CE,11.9,12.0,11.9,12.0,3750,18
2026-09-22 15:05:00,NATURALGAS,PE,260.0,NATURALGAS23SEP26260PE,0.45,0.45,0.4,0.4,3750,18
2026-09-22 15:05:00,NATURALGAS,CE,265.0,NATURALGAS23SEP26265CE,7.75,7.75,7.75,7.75,5000,18
2026-09-22 15:05:00,NATURALGAS,PE,265.0,NATURALGAS23SEP26265PE,1.2,1.25,1.2,1.25,11250,18
2026-09-22 15:05:00,NATURALGAS,CE,270.0,NATURALGAS23SEP26270CE,4.45,4.5,4.45,4.45,51250,18
2026-09-22 15:05:00,NATURALGAS,PE,270.0,NATURALGAS23SEP26270PE,2.9,2.95,2.9,2.95,96250,18
2026-09-22 15:05:00,NATURALGAS,CE,275.0,NATURALGAS23SEP26275CE,2.35,2.4,2.3,2.35,120000,18
2026-09-22 15:05:00,NATURALGAS,PE,275.0,NATURALGAS23SEP26275PE,5.8,5.85,5.75,5.85,67500,18
2026-09-22 15:05:00,NATURALGAS,CE,280.0,NATURALGAS23SEP26280CE,1.1,1.1,1.05,1.1,283750,18
2026-09-22 15:05:00,NATURALGAS,PE,280.0,NATURALGAS23SEP26280PE,9.6,9.65,9.6,9.6,25000,18
2026-09-22 15:05:00,NATURALGAS,CE,285.0,NATURALGAS23SEP26285CE,0.55,0.55,0.55,0.55,1250,18
2026-09-22 15:05:00,NATURALGAS,PE,285.0,NATURALGAS23SEP26285PE,13.95,14.0,13.95,14.0,21250,18
2026-09-22 15:05:00,NATURALGAS,CE,290.0,NATURALGAS23SEP26290CE,0.2,0.25,0.2,0.2,52500,18
2026-09-22 15:05:00,NATURALGAS,PE,290.0,NATURALGAS23SEP26290PE,18.7,18.7,18.7,18.7,0,18
2026-09-22 15:05:00,NATURALGAS,CE,295.0,NATURALGAS23SEP26295CE,0.1,0.1,0.1,0.1,0,18
2026-09-22 15:05:00,NATURALGAS,PE,295.0,NATURALGAS23SEP26295PE,23.6,23.6,23.6,23.6,0,18
2026-09-22 15:05:00,NATURALGAS,CE,300.0,NATURALGAS23SEP26300CE,0.1,0.1,0.05,0.05,1250,18
2026-09-22 15:05:00,NATURALGAS,PE,300.0,NATURALGAS23SEP26300PE,28.6,28.6,28.45,28.45,1250,18
2026-09-22 15:05:00,NATGASMINI,FUT,0.0,NATGASMINI25SEP26FUT,271.5,271.6,271.5,271.6,1000,18
2026-09-22 15:05:00,NATGASMINI,CE,240.0,NATGASMINI23SEP26240CE,33.25,33.25,33.25,33.25,0,18
2026-09-22 15:05:00,NATGASMINI,PE,240.0,NATGASMINI23SEP26240PE,0.05,0.05,0.05,0.05,0,18
2026-09-22 15:05:00,NATGASMINI,CE,245.0,NATGASMINI23SEP26245CE,30.4,30.4,30.4,30.4,0,18
2026-09-22 15:05:00,NATGASMINI,PE,245.0,NATGASMINI23SEP26245PE,0.05,0.05,0.05,0.05,3000,18
2026-09-22 15:05:00,NATGASMINI,CE,250.0,NATGASMINI23SEP26250CE,22.05,22.05,22.05,22.05,0,18
2026-09-22 15:05:00,NATGASMINI,PE,250.0,NATGASMINI23SEP26250PE,0.1,0.1,0.1,0.1,0,18
2026-09-22 15:05:00,NATGASMINI,CE,255.0,NATGASMINI23SEP26255CE,16.75,16.75,16.75,16.75,0,18
2026-09-22 15:05:00,NATGASMINI,PE,255.0,NATGASMINI23SEP26255PE,0.15,0.15,0.15,0.15,32250,18
2026-09-22 15:05:00,NATGASMINI,CE,260.0,NATGASMINI23SEP26260CE,11.95,11.95,11.95,11.95,1000,18
2026-09-22 15:05:00,NATGASMINI,PE,260.0,NATGASMINI23SEP26260PE,0.45,0.45,0.4,0.4,1000,18
2026-09-22 15:05:00,NATGASMINI,CE,265.0,NATGASMINI23SEP26265CE,7.8,7.8,7.7,7.7,500,18
2026-09-22 15:05:00,NATGASMINI,PE,265.0,NATGASMINI23SEP26265PE,1.2,1.2,1.2,1.2,250,18
2026-09-22 15:05:00,NATGASMINI,CE,270.0,NATGASMINI23SEP26270CE,4.5,4.5,4.45,4.5,7750,18
2026-09-22 15:05:00,NATGASMINI,PE,270.0,NATGASMINI23SEP26270PE,2.9,2.95,2.9,2.9,18500,18
2026-09-22 15:05:00,NATGASMINI,CE,275.0,NATGASMINI23SEP26275CE,2.4,2.45,2.35,2.45,93250,18
2026-09-22 15:05:00,NATGASMINI,PE,275.0,NATGASMINI23SEP26275PE,5.85,5.85,5.75,5.85,22750,18
2026-09-22 15:05:00,NATGASMINI,CE,280.0,NATGASMINI23SEP26280CE,1.1,1.1,1.1,1.1,7250,18
2026-09-22 15:05:00,NATGASMINI,PE,280.0,NATGASMINI23SEP26280PE,9.65,9.65,9.55,9.6,3750,18
2026-09-22 15:05:00,NATGASMINI,CE,285.0,NATGASMINI23SEP26285CE,0.5,0.55,0.5,0.5,750,18
2026-09-22 15:05:00,NATGASMINI,PE,285.0,NATGASMINI23SEP26285PE,13.95,13.95,13.9,13.9,250,18
2026-09-22 15:05:00,NATGASMINI,CE,290.0,NATGASMINI23SEP26290CE,0.3,0.3,0.3,0.3,0,18
2026-09-22 15:05:00,NATGASMINI,PE,290.0,NATGASMINI23SEP26290PE,18.8,18.8,18.6,18.6,250,18
2026-09-22 15:05:00,NATGASMINI,CE,295.0,NATGASMINI23SEP26295CE,0.1,0.1,0.1,0.1,0,18
2026-09-22 15:05:00,NATGASMINI,PE,295.0,NATGASMINI23SEP26295PE,23.55,23.55,23.55,23.55,0,18
2026-09-22 15:05:00,NATGASMINI,CE,300.0,NATGASMINI23SEP26300CE,0.1,0.1,0.1,0.1,0,18
2026-09-22 15:05:00,NATGASMINI,PE,300.0,NATGASMINI23SEP26300PE,27.9,27.9,27.9,27.9,0,18
2026-09-22 15:06:00,NATURALGAS,FUT,0.0,NATURALGAS25SEP26FUT,271.5,271.6,271.5,271.6,2500,17
2026-09-22 15:06:00,NATURALGAS,CE,240.0,NATURALGAS23SEP26240CE,33.1,33.1,33.1,33.1,0,17
2026-09-22 15:06:00,NATURALGAS,PE,240.0,NATURALGAS23SEP26240PE,0.05,0.05,0.05,0.05,0,17
2026-09-22 15:06:00,NATURALGAS,CE,245.0,NATURALGAS23SEP26245CE,27.3,27.3,27.3,27.3,0,17
2026-09-22 15:06:00,NATURALGAS,PE,245.0,NATURALGAS23SEP26245PE,0.1,0.1,0.1,0.1,0,17
2026-09-22 15:06:00,NATURALGAS,CE,250.0,NATURALGAS23SEP26250CE,21.6,21.6,21.6,21.6,1250,17
2026-09-22 15:06:00,NATURALGAS,PE,250.0,NATURALGAS23SEP26250PE,0.1,0.1,0.1,0.1,0,17
2026-09-22 15:06:00,NATURALGAS,CE,255.0,NATURALGAS23SEP26255CE,16.65,16.65,16.65,16.65,0,17
2026-09-22 15:06:00,NATURALGAS,PE,255.0,NATURALGAS23SEP26255PE,0.2,0.2,0.15,0.15,5000,17
2026-09-22 15:06:00,NATURALGAS,CE,260.0,NATURALGAS23SEP26260CE,12.0,12.05,11.95,11.95,3750,17
2026-09-22 15:06:00,NATURALGAS,PE,260.0,NATURALGAS23SEP26260PE,0.4,0.4,0.4,0.4,0,17
2026-09-22 15:06:00,NATURALGAS,CE,265.0,NATURALGAS23SEP26265CE,7.75,7.85,7.75,7.85,35000,17
2026-09-22 15:06:00,NATURALGAS,PE,265.0,NATURALGAS23SEP26265PE,1.25,1.25,1.25,1.25,10000,17
2026-09-22 15:06:00,NATURALGAS,CE,270.0,NATURALGAS23SEP26270CE,4.45,4.55,4.45,4.45,96250,17
2026-09-22 15:06:00,NATURALGAS,PE,270.0,NATURALGAS23SEP26270PE,2.9,2.95,2.9,2.95,41250,17
2026-09-22 15:06:00,NATURALGAS,CE,275.0,NATURALGAS23SEP26275CE,2.35,2.4,2.35,2.35,23750,17
2026-09-22 15:06:00,NATURALGAS,PE,275.0,NATURALGAS23SEP26275PE,5.85,5.85,5.75,5.8,12500,17
2026-09-22 15:06:00,NATURALGAS,CE,280.0,NATURALGAS23SEP26280CE,1.1,1.15,1.1,1.1,120000,17
2026-09-22 15:06:00,NATURALGAS,PE,280.0,NATURALGAS23SEP26280PE,9.6,9.6,9.55,9.6,16250,17
2026-09-22 15:06:00,NATURALGAS,CE,285.0,NATURALGAS23SEP26285CE,0.55,0.55,0.5,0.5,22500,17
2026-09-22 15:06:00,NATURALGAS,PE,285.0,NATURALGAS23SEP26285PE,14.0,14.0,14.0,14.0,1250,17
2026-09-22 15:06:00,NATURALGAS,CE,290.0,NATURALGAS23SEP26290CE,0.2,0.2,0.2,0.2,0,17
2026-09-22 15:06:00,NATURALGAS,PE,290.0,NATURALGAS23SEP26290PE,18.7,18.7,18.7,18.7,1250,17
2026-09-22 15:06:00,NATURALGAS,CE,295.0,NATURALGAS23SEP26295CE,0.1,0.1,0.1,0.1,47500,17
2026-09-22 15:06:00,NATURALGAS,PE,295.0,NATURALGAS23SEP26295PE,23.6,23.6,23.6,23.6,0,17
2026-09-22 15:06:00,NATURALGAS,CE,300.0,NATURALGAS23SEP26300CE,0.05,0.1,0.05,0.05,108750,17
2026-09-22 15:06:00,NATURALGAS,PE,300.0,NATURALGAS23SEP26300PE,28.45,28.45,28.45,28.45,0,17
2026-09-22 15:06:00,NATGASMINI,FUT,0.0,NATGASMINI25SEP26FUT,271.6,271.7,271.5,271.6,12250,17
2026-09-22 15:06:00,NATGASMINI,CE,240.0,NATGASMINI23SEP26240CE,33.25,33.25,33.25,33.25,0,17
2026-09-22 15:06:00,NATGASMINI,PE,240.0,NATGASMINI23SEP26240PE,0.05,0.05,0.05,0.05,0,17
2026-09-22 15:06:00,NATGASMINI,CE,245.0,NATGASMINI23SEP26245CE,30.4,30.4,30.4,30.4,0,17
2026-09-22 15:06:00,NATGASMINI,PE,245.0,NATGASMINI23SEP26245PE,0.05,0.05,0.05,0.05,0,17
2026-09-22 15:06:00,NATGASMINI,CE,250.0,NATGASMINI23SEP26250CE,22.05,22.05,22.05,22.05,0,17
2026-09-22 15:06:00,NATGASMINI,PE,250.0,NATGASMINI23SEP26250PE,0.1,0.1,0.1,0.1,0,17
2026-09-22 15:06:00,NATGASMINI,CE,255.0,NATGASMINI23SEP26255CE,16.75,16.85,16.7,16.7,500,17
2026-09-22 15:06:00,NATGASMINI,PE,255.0,NATGASMINI23SEP26255PE,0.15,0.15,0.15,0.15,5750,17
2026-09-22 15:06:00,NATGASMINI,CE,260.0,NATGASMINI23SEP26260CE,11.95,12.0,11.95,12.0,500,17
2026-09-22 15:06:00,NATGASMINI,PE,260.0,NATGASMINI23SEP26260PE,0.4,0.45,0.4,0.45,750,17
2026-09-22 15:06:00,NATGASMINI,CE,265.0,NATGASMINI23SEP26265CE,7.7,7.75,7.7,7.75,250,17
2026-09-22 15:06:00,NATGASMINI,PE,265.0,NATGASMINI23SEP26265PE,1.2,1.2,1.15,1.15,1500,17
2026-09-22 15:06:00,NATGASMINI,CE,270.0,NATGASMINI23SEP26270CE,4.5,4.55,4.5,4.55,27250,17
2026-09-22 15:06:00,NATGASMINI,PE,270.0,NATGASMINI23SEP26270PE,2.95,2.95,2.9,2.9,30000,17
2026-09-22 15:06:00,NATGASMINI,CE,275.0,NATGASMINI23SEP26275CE,2.45,2.45,2.4,2.45,7500,17
2026-09-22 15:06:00,NATGASMINI,PE,275.0,NATGASMINI23SEP26275PE,5.85,5.85,5.8,5.8,25750,17
2026-09-22 15:06:00,NATGASMINI,CE,280.0,NATGASMINI23SEP26280CE,1.1,1.1,1.1,1.1,15250,17
2026-09-22 15:06:00,NATGASMINI,PE,280.0,NATGASMINI23SEP26280PE,9.6,9.6,9.55,9.6,1750,17
2026-09-22 15:06:00,NATGASMINI,CE,285.0,NATGASMINI23SEP26285CE,0.5,0.55,0.5,0.55,24250,17
2026-09-22 15:06:00,NATGASMINI,PE,285.0,NATGASMINI23SEP26285PE,13.9,13.9,13.9,13.9,0,17
2026-09-22 15:06:00,NATGASMINI,CE,290.0,NATGASMINI23SEP26290CE,0.3,0.3,0.25,0.25,13000,17
2026-09-22 15:06:00,NATGASMINI,PE,290.0,NATGASMINI23SEP26290PE,18.6,18.7,18.55,18.55,500,17
2026-09-22 15:06:00,NATGASMINI,CE,295.0,NATGASMINI23SEP26295CE,0.1,0.1,0.1,0.1,0,17
2026-09-22 15:06:00,NATGASMINI,PE,295.0,NATGASMINI23SEP26295PE,23.55,23.55,23.55,23.55,0,17
2026-09-22 15:06:00,NATGASMINI,CE,300.0,NATGASMINI23SEP26300CE,0.1,0.1,0.1,0.1,0,17
2026-09-22 15:06:00,NATGASMINI,PE,300.0,NATGASMINI23SEP26300PE,27.9,27.9,27.9,27.9,0,17
2026-09-22 15:07:00,NATURALGAS,FUT,0.0,NATURALGAS25SEP26FUT,271.6,271.6,271.5,271.5,2500,18
2026-09-22 15:07:00,NATURALGAS,CE,240.0,NATURALGAS23SEP26240CE,33.1,33.1,33.1,33.1,0,18
2026-09-22 15:07:00,NATURALGAS,PE,240.0,NATURALGAS23SEP26240PE,0.05,0.05,0.05,0.05,0,18
2026-09-22 15:07:00,NATURALGAS,CE,245.0,NATURALGAS23SEP26245CE,27.3,27.3,27.3,27.3,0,18
2026-09-22 15:07:00,NATURALGAS,PE,245.0,NATURALGAS23SEP26245PE,0.1,0.1,0.1,0.1,0,18
2026-09-22 15:07:00,NATURALGAS,CE,250.0,NATURALGAS23SEP26250CE,21.6,21.6,21.6,21.6,0,18
2026-09-22 15:07:00,NATURALGAS,PE,250.0,NATURALGAS23SEP26250PE,0.1,0.1,0.1,0.1,0,18
2026-09-22 15:07:00,NATURALGAS,CE,255.0,NATURALGAS23SEP26255CE,16.65,16.7,16.65,16.7,2500,18
2026-09-22 15:07:00,NATURALGAS,PE,255.0,NATURALGAS23SEP26255PE,0.15,0.15,0.15,0.15,0,18
2026-09-22 15:07:00,NATURALGAS,CE,260.0,NATURALGAS23SEP26260CE,11.95,12.0,11.95,12.0,12500,18
2026-09-22 15:07:00,NATURALGAS,PE,260.0,NATURALGAS23SEP26260PE,0.4,0.45,0.4,0.4,6250,18
2026-09-22 15:07:00,NATURALGAS,CE,265.0,NATURALGAS23SEP26265CE,7.85,7.85,7.75,7.8,10000,18
2026-09-22 15:07:00,NATURALGAS,PE,265.0,NATURALGAS23SEP26265PE,1.25,1.25,1.2,1.25,65000,18
2026-09-22 15:07:00,NATURALGAS,CE,270.0,NATURALGAS23SEP26270CE,4.45,4.55,4.45,4.55,77500,18
2026-09-22 15:07:00,NATURALGAS,PE,270.0,NATURALGAS23SEP26270PE,2.95,2.95,2.9,2.9,75000,18
2026-09-22 15:07:00,NATURALGAS,CE,275.0,NATURALGAS23SEP26275CE,2.35,2.4,2.35,2.4,116250,18
2026-09-22 15:07:00,NATURALGAS,PE,275.0,NATURALGAS23SEP26275PE,5.8,5.85,5.75,5.85,18750,18
2026-09-22 15:07:00,NATURALGAS,CE,280.0,NATURALGAS23SEP26280CE,1.1,1.1,1.05,1.1,115000,18
2026-09-22 15:07:00,NATURALGAS,PE,280.0,NATURALGAS23SEP26280PE,9.6,9.6,9.6,9.6,18750,18
2026-09-22 15:07:00,NATURALGAS,CE,285.0,NATURALGAS23SEP26285CE,0.55,0.55,0.5,0.5,10000,18
2026-09-22 15:07:00,NATURALGAS,PE,285.0,NATURALGAS23SEP26285PE,14.0,14.0,14.0,14.0,1250,18
2026-09-22 15:07:00,NATURALGAS,CE,290.0,NATURALGAS23SEP26290CE,0.2,0.2,0.2,0.2,0,18
2026-09-22 15:07:00,NATURALGAS,PE,290.0,NATURALGAS23SEP26290PE,18.7,18.7,18.7,18.7,1250,18
2026-09-22 15:07:00,NATURALGAS,CE,295.0,NATURALGAS23SEP26295CE,0.1,0.1,0.1,0.1,0,18
2026-09-22 15:07:00,NATURALGAS,PE,295.0,NATURALGAS23SEP26295PE,23.6,23.6,23.6,23.6,0,18
2026-09-22 15:07:00,NATURALGAS,CE,300.0,NATURALGAS23SEP26300CE,0.05,0.05,0.05,0.05,0,18
2026-09-22 15:07:00,NATURALGAS,PE,300.0,NATURALGAS23SEP26300PE,28.45,28.45,28.45,28.45,0,18
2026-09-22 15:07:00,NATGASMINI,FUT,0.0,NATGASMINI25SEP26FUT,271.5,271.7,271.5,271.6,3000,18
2026-09-22 15:07:00,NATGASMINI,CE,240.0,NATGASMINI23SEP26240CE,33.25,33.25,33.25,33.25,0,18
2026-09-22 15:07:00,NATGASMINI,PE,240.0,NATGASMINI23SEP26240PE,0.05,0.05,0.05,0.05,0,18
2026-09-22 15:07:00,NATGASMINI,CE,245.0,NATGASMINI23SEP26245CE,30.4,30.4,30.4,30.4,0,18
2026-09-22 15:07:00,NATGASMINI,PE,245.0,NATGASMINI23SEP26245PE,0.05,0.05,0.05,0.05,0,18
2026-09-22 15:07:00,NATGASMINI,CE,250.0,NATGASMINI23SEP26250CE,22.05,22.05,22.05,22.05,0,18
2026-09-22 15:07:00,NATGASMINI,PE,250.0,NATGASMINI23SEP26250PE,0.1,0.1,0.1,0.1,0,18
2026-09-22 15:07:00,NATGASMINI,CE,255.0,NATGASMINI23SEP26255CE,16.7,16.7,16.7,16.7,0,18
2026-09-22 15:07:00,NATGASMINI,PE,255.0,NATGASMINI23SEP26255PE,0.15,0.15,0.15,0.15,250,18
2026-09-22 15:07:00,NATGASMINI,CE,260.0,NATGASMINI23SEP26260CE,12.0,12.0,12.0,12.0,0,18
2026-09-22 15:07:00,NATGASMINI,PE,260.0,NATGASMINI23SEP26260PE,0.45,0.45,0.4,0.4,55750,18
2026-09-22 15:07:00,NATGASMINI,CE,265.0,NATGASMINI23SEP26265CE,7.75,7.85,7.75,7.85,4000,18
2026-09-22 15:07:00,NATGASMINI,PE,265.0,NATGASMINI23SEP26265PE,1.15,1.2,1.15,1.2,8750,18
2026-09-22 15:07:00,NATGASMINI,CE,270.0,NATGASMINI23SEP26270CE,4.55,4.55,4.45,4.55,7750,18
2026-09-22 15:07:00,NATGASMINI,PE,270.0,NATGASMINI23SEP26270PE,2.95,2.95,2.9,2.9,25500,18
2026-09-22 15:07:00,NATGASMINI,CE,275.0,NATGASMINI23SEP26275CE,2.45,2.45,2.4,2.4,70000,18
2026-09-22 15:07:00,NATGASMINI,PE,275.0,NATGASMINI23SEP26275PE,5.8,5.85,5.75,5.8,18500,18
2026-09-22 15:07:00,NATGASMINI,CE,280.0,NATGASMINI23SEP26280CE,1.1,1.1,1.1,1.1,4250,18
2026-09-22 15:07:00,NATGASMINI,PE,280.0,NATGASMINI23SEP26280PE,9.6,9.6,9.55,9.6,1250,18
2026-09-22 15:07:00,NATGASMINI,CE,285.0,NATGASMINI23SEP26285CE,0.55,0.55,0.55,0.55,63000,18
2026-09-22 15:07:00,NATGASMINI,PE,285.0,NATGASMINI23SEP26285PE,13.9,13.9,13.85,13.85,250,18
2026-09-22 15:07:00,NATGASMINI,CE,290.0,NATGASMINI23SEP26290CE,0.25,0.25,0.25,0.25,4500,18
2026-09-22 15:07:00,NATGASMINI,PE,290.0,NATGASMINI23SEP26290PE,18.55,18.55,18.55,18.55,0,18
2026-09-22 15:07:00,NATGASMINI,CE,295.0,NATGASMINI23SEP26295CE,0.1,0.1,0.1,0.1,150000,18
2026-09-22 15:07:00,NATGASMINI,PE,295.0,NATGASMINI23SEP26295PE,23.55,23.55,23.55,23.55,0,18
2026-09-22 15:07:00,NATGASMINI,CE,300.0,NATGASMINI23SEP26300CE,0.1,0.1,0.1,0.1,0,18
2026-09-22 15:07:00,NATGASMINI,PE,300.0,NATGASMINI23SEP26300PE,27.9,27.9,27.9,27.9,0,18
2026-09-22 15:08:00,NATURALGAS,FUT,0.0,NATURALGAS25SEP26FUT,271.5,271.7,271.5,271.7,23750,18
2026-09-22 15:08:00,NATURALGAS,CE,240.0,NATURALGAS23SEP26240CE,33.1,33.1,33.1,33.1,0,18
2026-09-22 15:08:00,NATURALGAS,PE,240.0,NATURALGAS23SEP26240PE,0.05,0.05,0.05,0.05,0,18
2026-09-22 15:08:00,NATURALGAS,CE,245.0,NATURALGAS23SEP26245CE,27.3,27.3,27.3,27.3,0,18
2026-09-22 15:08:00,NATURALGAS,PE,245.0,NATURALGAS23SEP26245PE,0.1,0.1,0.1,0.1,0,18
2026-09-22 15:08:00,NATURALGAS,CE,250.0,NATURALGAS23SEP26250CE,21.6,21.6,21.6,21.6,0,18
2026-09-22 15:08:00,NATURALGAS,PE,250.0,NATURALGAS23SEP26250PE,0.1,0.1,0.1,0.1,0,18
2026-09-22 15:08:00,NATURALGAS,CE,255.0,NATURALGAS23SEP26255CE,16.7,16.7,16.7,16.7,0,18
2026-09-22 15:08:00,NATURALGAS,PE,255.0,NATURALGAS23SEP26255PE,0.15,0.15,0.15,0.15,0,18
2026-09-22 15:08:00,NATURALGAS,CE,260.0,NATURALGAS23SEP26260CE,12.0,12.05,11.95,12.05,7500,18
2026-09-22 15:08:00,NATURALGAS,PE,260.0,NATURALGAS23SEP26260PE,0.4,0.4,0.4,0.4,2500,18
2026-09-22 15:08:00,NATURALGAS,CE,265.0,NATURALGAS23SEP26265CE,7.8,7.85,7.8,7.85,65000,18
2026-09-22 15:08:00,NATURALGAS,PE,265.0,NATURALGAS23SEP26265PE,1.25,1.25,1.2,1.2,20000,18
2026-09-22 15:08:00,NATURALGAS,CE,270.0,NATURALGAS23SEP26270CE,4.55,4.55,4.5,4.55,32500,18
2026-09-22 15:08:00,NATURALGAS,PE,270.0,NATURALGAS23SEP26270PE,2.9,2.95,2.9,2.9,148750,18
2026-09-22 15:08:00,NATURALGAS,CE,275.0,NATURALGAS23SEP26275CE,2.35,2.4,2.35,2.35,41250,18
2026-09-22 15:08:00,NATURALGAS,PE,275.0,NATURALGAS23SEP26275PE,5.8,5.85,5.75,5.85,30000,18
2026-09-22 15:08:00,NATURALGAS,CE,280.0,NATURALGAS23SEP26280CE,1.1,1.15,1.1,1.1,30000,18
2026-09-22 15:08:00,NATURALGAS,PE,280.0,NATURALGAS23SEP26280PE,9.6,9.6,9.55,9.55,7500,18
2026-09-22 15:08:00,NATURALGAS,CE,285.0,NATURALGAS23SEP26285CE,0.5,0.5,0.5,0.5,5000,18
2026-09-22 15:08:00,NATURALGAS,PE,285.0,NATURALGAS23SEP26285PE,14.0,14.0,14.0,14.0,0,18
2026-09-22 15:08:00,NATURALGAS,CE,290.0,NATURALGAS23SEP26290CE,0.2,0.25,0.2,0.25,1250,18
2026-09-22 15:08:00,NATURALGAS,PE,290.0,NATURALGAS23SEP26290PE,18.7,18.7,18.7,18.7,0,18
2026-09-22 15:08:00,NATURALGAS,CE,295.0,NATURALGAS23SEP26295CE,0.1,0.1,0.1,0.1,0,18
2026-09-22 15:08:00,NATURALGAS,PE,295.0,NATURALGAS23SEP26295PE,23.6,23.6,23.6,23.6,0,18
2026-09-22 15:08:00,NATURALGAS,CE,300.0,NATURALGAS23SEP26300CE,0.05,0.05,0.05,0.05,0,18
2026-09-22 15:08:00,NATURALGAS,PE,300.0,NATURALGAS23SEP26300PE,28.45,28.45,28.45,28.45,0,18
2026-09-22 15:08:00,NATGASMINI,FUT,0.0,NATGASMINI25SEP26FUT,271.6,271.7,271.6,271.7,9500,18
2026-09-22 15:08:00,NATGASMINI,CE,240.0,NATGASMINI23SEP26240CE,33.25,33.25,33.25,33.25,0,18
2026-09-22 15:08:00,NATGASMINI,PE,240.0,NATGASMINI23SEP26240PE,0.05,0.05,0.05,0.05,0,18
2026-09-22 15:08:00,NATGASMINI,CE,245.0,NATGASMINI23SEP26245CE,30.4,30.4,30.4,30.4,0,18
2026-09-22 15:08:00,NATGASMINI,PE,245.0,NATGASMINI23SEP26245PE,0.05,0.05,0.05,0.05,0,18
2026-09-22 15:08:00,NATGASMINI,CE,250.0,NATGASMINI23SEP26250CE,22.05,22.05,22.05,22.05,0,18
2026-09-22 15:08:00,NATGASMINI,PE,250.0,NATGASMINI23SEP26250PE,0.1,0.1,0.1,0.1,0,18
2026-09-22 15:08:00,NATGASMINI,CE,255.0,NATGASMINI23SEP26255CE,16.7,16.7,16.7,16.7,0,18
2026-09-22 15:08:00,NATGASMINI,PE,255.0,NATGASMINI23SEP26255PE,0.15,0.15,0.15,0.15,0,18
2026-09-22 15:08:00,NATGASMINI,CE,260.0,NATGASMINI23SEP26260CE,12.0,12.15,12.0,12.15,1000,18
2026-09-22 15:08:00,NATGASMINI,PE,260.0,NATGASMINI23SEP26260PE,0.4,0.4,0.35,0.35,25000,18
2026-09-22 15:08:00,NATGASMINI,CE,265.0,NATGASMINI23SEP26265CE,7.85,7.85,7.8,7.8,3250,18
2026-09-22 15:08:00,NATGASMINI,PE,265.0,NATGASMINI23SEP26265PE,1.2,1.2,1.15,1.2,13250,18
2026-09-22 15:08:00,NATGASMINI,CE,270.0,NATGASMINI23SEP26270CE,4.55,4.55,4.5,4.55,16250,18
2026-09-22 15:08:00,NATGASMINI,PE,270.0,NATGASMINI23SEP26270PE,2.9,2.95,2.9,2.95,5750,18
2026-09-22 15:08:00,NATGASMINI,CE,275.0,NATGASMINI23SEP26275CE,2.4,2.45,2.4,2.4,65500,18
2026-09-22 15:08:00,NATGASMINI,PE,275.0,NATGASMINI23SEP26275PE,5.8,5.85,5.75,5.85,17750,18
2026-09-22 15:08:00,NATGASMINI,CE,280.0,NATGASMINI23SEP26280CE,1.1,1.1,1.1,1.1,31000,18
2026-09-22 15:08:00,NATGASMINI,PE,280.0,NATGASMINI23SEP26280PE,9.6,9.6,9.5,9.5,4500,18
2026-09-22 15:08:00,NATGASMINI,CE,285.0,NATGASMINI23SEP26285CE,0.55,0.55,0.55,0.55,61500,18
2026-09-22 15:08:00,NATGASMINI,PE,285.0,NATGASMINI23SEP26285PE,13.85,13.85,13.85,13.85,0,18
2026-09-22 15:08:00,NATGASMINI,CE,290.0,NATGASMINI23SEP26290CE,0.25,0.25,0.25,0.25,30500,18
2026-09-22 15:08:00,NATGASMINI,PE,290.0,NATGASMINI23SEP26290PE,18.55,18.55,18.55,18.55,0,18
2026-09-22 15:08:00,NATGASMINI,CE,295.0,NATGASMINI23SEP26295CE,0.1,0.1,0.1,0.1,0,18
2026-09-22 15:08:00,NATGASMINI,PE,295.0,NATGASMINI23SEP26295PE,23.55,23.55,23.55,23.55,0,18
2026-09-22 15:08:00,NATGASMINI,CE,300.0,NATGASMINI23SEP26300CE,0.1,0.1,0.1,0.1,0,18
2026-09-22 15:08:00,NATGASMINI,PE,300.0,NATGASMINI23SEP26300PE,27.9,27.9,27.9,27.9,0,18
2026-09-22 15:09:00,NATURALGAS,FUT,0.0,NATURALGAS25SEP26FUT,271.7,271.7,271.7,271.7,0,18
2026-09-22 15:09:00,NATURALGAS,CE,240.0,NATURALGAS23SEP26240CE,33.1,33.1,33.1,33.1,0,18
2026-09-22 15:09:00,NATURALGAS,PE,240.0,NATURALGAS23SEP26240PE,0.05,0.05,0.05,0.05,0,18
2026-09-22 15:09:00,NATURALGAS,CE,245.0,NATURALGAS23SEP26245CE,27.3,27.3,27.3,27.3,0,18
2026-09-22 15:09:00,NATURALGAS,PE,245.0,NATURALGAS23SEP26245PE,0.1,0.1,0.1,0.1,0,18
2026-09-22 15:09:00,NATURALGAS,CE,250.0,NATURALGAS23SEP26250CE,21.6,21.7,21.6,21.7,1250,18
2026-09-22 15:09:00,NATURALGAS,PE,250.0,NATURALGAS23SEP26250PE,0.1,0.1,0.1,0.1,0,18
2026-09-22 15:09:00,NATURALGAS,CE,255.0,NATURALGAS23SEP26255CE,16.7,16.75,16.7,16.75,5000,18
2026-09-22 15:09:00,NATURALGAS,PE,255.0,NATURALGAS23SEP26255PE,0.15,0.15,0.1,0.1,86250,18
2026-09-22 15:09:00,NATURALGAS,CE,260.0,NATURALGAS23SEP26260CE,12.05,12.05,12.0,12.0,22500,18
2026-09-22 15:09:00,NATURALGAS,PE,260.0,NATURALGAS23SEP26260PE,0.4,0.4,0.4,0.4,0,18
2026-09-22 15:09:00,NATURALGAS,CE,265.0,NATURALGAS23SEP26265CE,7.85,7.85,7.8,7.8,30000,18
2026-09-22 15:09:00,NATURALGAS,PE,265.0,NATURALGAS23SEP26265PE,1.2,1.25,1.2,1.2,20000,18
2026-09-22 15:09:00,NATURALGAS,CE,270.0,NATURALGAS23SEP26270CE,4.55,4.55,4.45,4.45,151250,18
2026-09-22 15:09:00,NATURALGAS,PE,270.0,NATURALGAS23SEP26270PE,2.95,2.95,2.9,2.9,151250,18
2026-09-22 15:09:00,NATURALGAS,CE,275.0,NATURALGAS23SEP26275CE,2.4,2.4,2.35,2.35,131250,18
2026-09-22 15:09:00,NATURALGAS,PE,275.0,NATURALGAS23SEP26275PE,5.8,5.85,5.8,5.8,48750,18
2026-09-22 15:09:00,NATURALGAS,CE,280.0,NATURALGAS23SEP26280CE,1.1,1.15,1.1,1.15,346250,18
2026-09-22 15:09:00,NATURALGAS,PE,280.0,NATURALGAS23SEP26280PE,9.6,9.65,9.55,9.6,56250,18
2026-09-22 15:09:00,NATURALGAS,CE,285.0,NATURALGAS23SEP26285CE,0.5,0.55,0.5,0.55,12500,18
2026-09-22 15:09:00,NATURALGAS,PE,285.0,NATURALGAS23SEP26285PE,14.0,14.0,13.95,13.95,3750,18
2026-09-22 15:09:00,NATURALGAS,CE,290.0,NATURALGAS23SEP26290CE,0.25,0.25,0.25,0.25,0,18
2026-09-22 15:09:00,NATURALGAS,PE,290.0,NATURALGAS23SEP26290PE,18.7,18.7,18.7,18.7,5000,18
2026-09-22 15:09:00,NATURALGAS,CE,295.0,NATURALGAS23SEP26295CE,0.1,0.1,0.1,0.1,0,18
2026-09-22 15:09:00,NATURALGAS,PE,295.0,NATURALGAS23SEP26295PE,23.6,23.6,23.6,23.6,0,18
2026-09-22 15:09:00,NATURALGAS,CE,300.0,NATURALGAS23SEP26300CE,0.05,0.05,0.05,0.05,0,18
2026-09-22 15:09:00,NATURALGAS,PE,300.0,NATURALGAS23SEP26300PE,28.45,28.45,28.45,28.45,0,18
2026-09-22 15:09:00,NATGASMINI,FUT,0.0,NATGASMINI25SEP26FUT,271.6,271.6,271.6,271.6,4750,18
2026-09-22 15:09:00,NATGASMINI,CE,240.0,NATGASMINI23SEP26240CE,33.25,33.25,33.25,33.25,0,18
2026-09-22 15:09:00,NATGASMINI,PE,240.0,NATGASMINI23SEP26240PE,0.05,0.05,0.05,0.05,0,18
2026-09-22 15:09:00,NATGASMINI,CE,245.0,NATGASMINI23SEP26245CE,30.4,30.4,30.4,30.4,0,18
2026-09-22 15:09:00,NATGASMINI,PE,245.0,NATGASMINI23SEP26245PE,0.05,0.05,0.05,0.05,0,18
2026-09-22 15:09:00,NATGASMINI,CE,250.0,NATGASMINI23SEP26250CE,22.05,22.05,22.05,22.05,0,18
2026-09-22 15:09:00,NATGASMINI,PE,250.0,NATGASMINI23SEP26250PE,0.1,0.1,0.1,0.1,0,18
2026-09-22 15:09:00,NATGASMINI,CE,255.0,NATGASMINI23SEP26255CE,16.7,16.8,16.7,16.8,250,18
2026-09-22 15:09:00,NATGASMINI,PE,255.0,NATGASMINI23SEP26255PE,0.15,0.15,0.15,0.15,5000,18
2026-09-22 15:09:00,NATGASMINI,CE,260.0,NATGASMINI23SEP26260CE,12.15,12.15,12.1,12.1,500,18
2026-09-22 15:09:00,NATGASMINI,PE,260.0,NATGASMINI23SEP26260PE,0.35,0.4,0.35,0.4,1750,18
2026-09-22 15:09:00,NATGASMINI,CE,265.0,NATGASMINI23SEP26265CE,7.8,7.9,7.8,7.9,9000,18
2026-09-22 15:09:00,NATGASMINI,PE,265.0,NATGASMINI23SEP26265PE,1.2,1.2,1.15,1.15,8500,18
2026-09-22 15:09:00,NATGASMINI,CE,270.0,NATGASMINI23SEP26270CE,4.55,4.55,4.45,4.5,60500,18
2026-09-22 15:09:00,NATGASMINI,PE,270.0,NATGASMINI23SEP26270PE,2.95,3.0,2.9,3.0,17750,18
2026-09-22 15:09:00,NATGASMINI,CE,275.0,NATGASMINI23SEP26275CE,2.4,2.45,2.4,2.45,116750,18
2026-09-22 15:09:00,NATGASMINI,PE,275.0,NATGASMINI23SEP26275PE,5.85,5.85,5.75,5.75,21000,18
2026-09-22 15:09:00,NATGASMINI,CE,280.0,NATGASMINI23SEP26280CE,1.1,1.15,1.1,1.15,3500,18
2026-09-22 15:09:00,NATGASMINI,PE,280.0,NATGASMINI23SEP26280PE,9.5,9.6,9.5,9.6,6500,18
2026-09-22 15:09:00,NATGASMINI,CE,285.0,NATGASMINI23SEP26285CE,0.55,0.55,0.5,0.5,25000,18
2026-09-22 15:09:00,NATGASMINI,PE,285.0,NATGASMINI23SEP26285PE,13.85,14.0,13.85,14.0,2500,18
2026-09-22 15:09:00,NATGASMINI,CE,290.0,NATGASMINI23SEP26290CE,0.25,0.25,0.25,0.25,250,18
2026-09-22 15:09:00,NATGASMINI,PE,290.0,NATGASMINI23SEP26290PE,18.55,18.6,18.55,18.6,500,18
2026-09-22 15:09:00,NATGASMINI,CE,295.0,NATGASMINI23SEP26295CE,0.1,0.1,0.1,0.1,750,18
2026-09-22 15:09:00,NATGASMINI,PE,295.0,NATGASMINI23SEP26295PE,23.55,23.55,23.55,23.55,0,18
2026-09-22 15:09:00,NATGASMINI,CE,300.0,NATGASMINI23SEP26300CE,0.1,0.1,0.1,0.1,0,18
2026-09-22 15:09:00,NATGASMINI,PE,300.0,NATGASMINI23SEP26300PE,27.9,27.9,27.9,27.9,0,18
2026-09-22 15:10:00,NATURALGAS,FUT,0.0,NATURALGAS25SEP26FUT,271.7,271.7,271.5,271.6,13750,18
2026-09-22 15:10:00,NATURALGAS,CE,240.0,NATURALGAS23SEP26240CE,33.1,33.1,33.1,33.1,0,18
2026-09-22 15:10:00,NATURALGAS,PE,240.0,NATURALGAS23SEP26240PE,0.05,0.05,0.05,0.05,0,18
2026-09-22 15:10:00,NATURALGAS,CE,245.0,NATURALGAS23SEP26245CE,27.3,27.3,27.3,27.3,0,18
2026-09-22 15:10:00,NATURALGAS,PE,245.0,NATURALGAS23SEP26245PE,0.1,0.1,0.1,0.1,0,18
2026-09-22 15:10:00,NATURALGAS,CE,250.0,NATURALGAS23SEP26250CE,21.7,21.7,21.7,21.7,0,18
2026-09-22 15:10:00,NATURALGAS,PE,250.0,NATURALGAS23SEP26250PE,0.1,0.1,0.1,0.1,0,18
2026-09-22 15:10:00,NATURALGAS,CE,255.0,NATURALGAS23SEP26255CE,16.75,16.75,16.75,16.75,0,18
2026-09-22 15:10:00,NATURALGAS,PE,255.0,NATURALGAS23SEP26255PE,0.1,0.1,0.1,0.1,0,18
2026-09-22 15:10:00,NATURALGAS,CE,260.0,NATURALGAS23SEP26260CE,12.0,12.0,11.95,12.0,16250,18
2026-09-22 15:10:00,NATURALGAS,PE,260.0,NATURALGAS23SEP26260PE,0.4,0.45,0.4,0.45,3750,18
2026-09-22 15:10:00,NATURALGAS,CE,265.0,NATURALGAS23SEP26265CE,7.8,7.8,7.75,7.75,37500,18
2026-09-22 15:10:00,NATURALGAS,PE,265.0,NATURALGAS23SEP26265PE,1.2,1.25,1.2,1.25,3750,18
2026-09-22 15:10:00,NATURALGAS,CE,270.0,NATURALGAS23SEP26270CE,4.5,4.5,4.45,4.5,37500,18
2026-09-22 15:10:00,NATURALGAS,PE,270.0,NATURALGAS23SEP26270PE,2.9,3.0,2.9,2.95,118750,18
2026-09-22 15:10:00,NATURALGAS,CE,275.0,NATURALGAS23SEP26275CE,2.4,2.4,2.35,2.35,151250,18
2026-09-22 15:10:00,NATURALGAS,PE,275.0,NATURALGAS23SEP26275PE,5.8,5.85,5.8,5.85,441250,18
2026-09-22 15:10:00,NATURALGAS,CE,280.0,NATURALGAS23SEP26280CE,1.15,1.15,1.1,1.1,128750,18
2026-09-22 15:10:00,NATURALGAS,PE,280.0,NATURALGAS23SEP26280PE,9.6,9.65,9.6,9.65,35000,18
2026-09-22 15:10:00,NATURALGAS,CE,285.0,NATURALGAS23SEP26285CE,0.55,0.55,0.45,0.5,335000,18
2026-09-22 15:10:00,NATURALGAS,PE,285.0,NATURALGAS23SEP26285PE,13.95,13.95,13.95,13.95,6250,18
2026-09-22 15:10:00,NATURALGAS,CE,290.0,NATURALGAS23SEP26290CE,0.25,0.25,0.2,0.2,63750,18
2026-09-22 15:10:00,NATURALGAS,PE,290.0,NATURALGAS23SEP26290PE,18.7,18.7,18.7,18.7,0,18
2026-09-22 15:10:00,NATURALGAS,CE,295.0,NATURALGAS23SEP26295CE,0.1,0.15,0.1,0.1,2500,18
2026-09-22 15:10:00,NATURALGAS,PE,295.0,NATURALGAS23SEP26295PE,23.6,23.6,23.6,23.6,0,18
2026-09-22 15:10:00,NATURALGAS,CE,300.0,NATURALGAS23SEP26300CE,0.05,0.05,0.05,0.05,0,18
2026-09-22 15:10:00,NATURALGAS,PE,300.0,NATURALGAS23SEP26300PE,28.45,28.45,28.45,28.45,0,18
2026-09-22 15:10:00,NATGASMINI,FUT,0.0,NATGASMINI25SEP26FUT,271.6,271.6,271.5,271.6,2500,18
2026-09-22 15:10:00,NATGASMINI,CE,240.0,NATGASMINI23SEP26240CE,33.25,33.25,33.25,33.25,0,18
2026-09-22 15:10:00,NATGASMINI,PE,240.0,NATGASMINI23SEP26240PE,0.05,0.05,0.05,0.05,0,18
2026-09-22 15:10:00,NATGASMINI,CE,245.0,NATGASMINI23SEP26245CE,30.4,30.4,30.4,30.4,0,18
2026-09-22 15:10:00,NATGASMINI,PE,245.0,NATGASMINI23SEP26245PE,0.05,0.05,0.05,0.05,0,18
2026-09-22 15:10:00,NATGASMINI,CE,250.0,NATGASMINI23SEP26250CE,22.05,22.05,22.05,22.05,0,18
2026-09-22 15:10:00,NATGASMINI,PE,250.0,NATGASMINI23SEP26250PE,0.1,0.1,0.1,0.1,0,18
2026-09-22 15:10:00,NATGASMINI,CE,255.0,NATGASMINI23SEP26255CE,16.8,16.8,16.8,16.8,0,18
2026-09-22 15:10:00,NATGASMINI,PE,255.0,NATGASMINI23SEP26255PE,0.15,0.15,0.15,0.15,0,18
2026-09-22 15:10:00,NATGASMINI,CE,260.0,NATGASMINI23SEP26260CE,12.1,12.1,12.0,12.0,1000,18
2026-09-22 15:10:00,NATGASMINI,PE,260.0,NATGASMINI23SEP26260PE,0.4,0.4,0.4,0.4,0,18
2026-09-22 15:10:00,NATGASMINI,CE,265.0,NATGASMINI23SEP26265CE,7.9,7.9,7.75,7.75,1500,18
2026-09-22 15:10:00,NATGASMINI,PE,265.0,NATGASMINI23SEP26265PE,1.15,1.2,1.15,1.2,11500,18
2026-09-22 15:10:00,NATGASMINI,CE,270.0,NATGASMINI23SEP26270CE,4.5,4.5,4.45,4.5,16750,18
2026-09-22 15:10:00,NATGASMINI,PE,270.0,NATGASMINI23SEP26270PE,2.95,2.95,2.9,2.9,52500,18
2026-09-22 15:10:00,NATGASMINI,CE,275.0,NATGASMINI23SEP26275CE,2.45,2.45,2.35,2.4,60750,18
2026-09-22 15:10:00,NATGASMINI,PE,275.0,NATGASMINI23SEP26275PE,5.75,5.9,5.75,5.9,6250,18
2026-09-22 15:10:00,NATGASMINI,CE,280.0,NATGASMINI23SEP26280CE,1.15,1.15,1.1,1.1,9250,18
2026-09-22 15:10:00,NATGASMINI,PE,280.0,NATGASMINI23SEP26280PE,9.6,9.65,9.6,9.6,3000,18
2026-09-22 15:10:00,NATGASMINI,CE,285.0,NATGASMINI23SEP26285CE,0.5,0.5,0.5,0.5,242250,18
2026-09-22 15:10:00,NATGASMINI,PE,285.0,NATGASMINI23SEP26285PE,14.0,14.0,14.0,14.0,0,18
2026-09-22 15:10:00,NATGASMINI,CE,290.0,NATGASMINI23SEP26290CE,0.25,0.3,0.25,0.3,250,18
2026-09-22 15:10:00,NATGASMINI,PE,290.0,NATGASMINI23SEP26290PE,18.6,18.6,18.6,18.6,0,18
2026-09-22 15:10:00,NATGASMINI,CE,295.0,NATGASMINI23SEP26295CE,0.1,0.1,0.1,0.1,0,18
2026-09-22 15:10:00,NATGASMINI,PE,295.0,NATGASMINI23SEP26295PE,23.55,23.55,23.55,23.55,0,18
2026-09-22 15:10:00,NATGASMINI,CE,300.0,NATGASMINI23SEP26300CE,0.1,0.1,0.1,0.1,0,18
2026-09-22 15:10:00,NATGASMINI,PE,300.0,NATGASMINI23SEP26300PE,27.9,27.9,27.9,27.9,0,18
2026-09-22 15:11:00,NATURALGAS,FUT,0.0,NATURALGAS25SEP26FUT,271.6,271.6,271.4,271.5,17500,18
2026-09-22 15:11:00,NATURALGAS,CE,240.0,NATURALGAS23SEP26240CE,33.1,33.1,33.1,33.1,0,18
2026-09-22 15:11:00,NATURALGAS,PE,240.0,NATURALGAS23SEP26240PE,0.05,0.05,0.05,0.05,0,18
2026-09-22 15:11:00,NATURALGAS,CE,245.0,NATURALGAS23SEP26245CE,27.3,27.3,27.3,27.3,0,18
2026-09-22 15:11:00,NATURALGAS,PE,245.0,NATURALGAS23SEP26245PE,0.1,0.1,0.1,0.1,0,18
2026-09-22 15:11:00,NATURALGAS,CE,250.0,NATURALGAS23SEP26250CE,21.7,21.7,21.7,21.7,0,18
2026-09-22 15:11:00,NATURALGAS,PE,250.0,NATURALGAS23SEP26250PE,0.1,0.1,0.1,0.1,0,18
2026-09-22 15:11:00,NATURALGAS,CE,255.0,NATURALGAS23SEP26255CE,16.75,16.75,16.55,16.55,1250,18
2026-09-22 15:11:00,NATURALGAS,PE,255.0,NATURALGAS23SEP26255PE,0.1,0.1,0.1,0.1,0,18
2026-09-22 15:11:00,NATURALGAS,CE,260.0,NATURALGAS23SEP26260CE,12.0,12.0,11.85,11.85,22500,18
2026-09-22 15:11:00,NATURALGAS,PE,260.0,NATURALGAS23SEP26260PE,0.45,0.45,0.45,0.45,11250,18
2026-09-22 15:11:00,NATURALGAS,CE,265.0,NATURALGAS23SEP26265CE,7.75,7.75,7.7,7.7,117500,18
2026-09-22 15:11:00,NATURALGAS,PE,265.0,NATURALGAS23SEP26265PE,1.25,1.25,1.2,1.25,116250,18
2026-09-22 15:11:00,NATURALGAS,CE,270.0,NATURALGAS23SEP26270CE,4.5,4.5,4.45,4.45,78750,18
2026-09-22 15:11:00,NATURALGAS,PE,270.0,NATURALGAS23SEP26270PE,2.95,3.0,2.95,2.95,437500,18
2026-09-22 15:11:00,NATURALGAS,CE,275.0,NATURALGAS23SEP26275CE,2.35,2.4,2.3,2.35,152500,18
2026-09-22 15:11:00,NATURALGAS,PE,275.0,NATURALGAS23SEP26275PE,5.85,5.95,5.85,5.85,76250,18
2026-09-22 15:11:00,NATURALGAS,CE,280.0,NATURALGAS23SEP26280CE,1.1,1.15,1.1,1.1,393750,18
2026-09-22 15:11:00,NATURALGAS,PE,280.0,NATURALGAS23SEP26280PE,9.65,9.75,9.65,9.7,40000,18
2026-09-22 15:11:00,NATURALGAS,CE,285.0,NATURALGAS23SEP26285CE,0.5,0.5,0.45,0.5,136250,18
2026-09-22 15:11:00,NATURALGAS,PE,285.0,NATURALGAS23SEP26285PE,13.95,14.05,13.95,14.05,2500,18
2026-09-22 15:11:00,NATURALGAS,CE,290.0,NATURALGAS23SEP26290CE,0.2,0.25,0.2,0.25,190000,18
2026-09-22 15:11:00,NATURALGAS,PE,290.0,NATURALGAS23SEP26290PE,18.7,18.7,18.7,18.7,0,18
2026-09-22 15:11:00,NATURALGAS,CE,295.0,NATURALGAS23SEP26295CE,0.1,0.1,0.1,0.1,0,18
2026-09-22 15:11:00,NATURALGAS,PE,295.0,NATURALGAS23SEP26295PE,23.6,23.7,23.6,23.7,12500,18
2026-09-22 15:11:00,NATURALGAS,CE,300.0,NATURALGAS23SEP26300CE,0.05,0.1,0.05,0.1,1250,18
2026-09-22 15:11:00,NATURALGAS,PE,300.0,NATURALGAS23SEP26300PE,28.45,28.65,28.45,28.65,1250,18
2026-09-22 15:11:00,NATGASMINI,FUT,0.0,NATGASMINI25SEP26FUT,271.6,271.6,271.4,271.4,14250,18
2026-09-22 15:11:00,NATGASMINI,CE,240.0,NATGASMINI23SEP26240CE,33.25,33.25,33.25,33.25,0,18
2026-09-22 15:11:00,NATGASMINI,PE,240.0,NATGASMINI23SEP26240PE,0.05,0.05,0.05,0.05,0,18
2026-09-22 15:11:00,NATGASMINI,CE,245.0,NATGASMINI23SEP26245CE,30.4,30.4,30.4,30.4,0,18
2026-09-22 15:11:00,NATGASMINI,PE,245.0,NATGASMINI23SEP26245PE,0.05,0.05,0.05,0.05,0,18
2026-09-22 15:11:00,NATGASMINI,CE,250.0,NATGASMINI23SEP26250CE,22.05,22.05,22.05,22.05,0,18
2026-09-22 15:11:00,NATGASMINI,PE,250.0,NATGASMINI23SEP26250PE,0.1,0.1,0.1,0.1,250,18
2026-09-22 15:11:00,NATGASMINI,CE,255.0,NATGASMINI23SEP26255CE,16.8,16.8,16.55,16.55,250,18
2026-09-22 15:11:00,NATGASMINI,PE,255.0,NATGASMINI23SEP26255PE,0.15,0.15,0.15,0.15,0,18
2026-09-22 15:11:00,NATGASMINI,CE,260.0,NATGASMINI23SEP26260CE,12.0,12.0,11.9,11.9,1750,18
2026-09-22 15:11:00,NATGASMINI,PE,260.0,NATGASMINI23SEP26260PE,0.4,0.4,0.4,0.4,12000,18
2026-09-22 15:11:00,NATGASMINI,CE,265.0,NATGASMINI23SEP26265CE,7.75,7.8,7.65,7.65,14250,18
2026-09-22 15:11:00,NATGASMINI,PE,265.0,NATGASMINI23SEP26265PE,1.2,1.25,1.2,1.25,46500,18
2026-09-22 15:11:00,NATGASMINI,CE,270.0,NATGASMINI23SEP26270CE,4.5,4.5,4.4,4.45,69500,18
2026-09-22 15:11:00,NATGASMINI,PE,270.0,NATGASMINI23SEP26270PE,2.95,3.0,2.95,2.95,92250,18
2026-09-22 15:11:00,NATGASMINI,CE,275.0,NATGASMINI23SEP26275CE,2.4,2.4,2.35,2.4,22750,18
2026-09-22 15:11:00,NATGASMINI,PE,275.0,NATGASMINI23SEP26275PE,5.9,5.95,5.8,5.95,39750,18
2026-09-22 15:11:00,NATGASMINI,CE,280.0,NATGASMINI23SEP26280CE,1.1,1.15,1.1,1.15,4250,18
2026-09-22 15:11:00,NATGASMINI,PE,280.0,NATGASMINI23SEP26280PE,9.6,9.75,9.6,9.75,14000,18
2026-09-22 15:11:00,NATGASMINI,CE,285.0,NATGASMINI23SEP26285CE,0.5,0.5,0.45,0.45,62500,18
2026-09-22 15:11:00,NATGASMINI,PE,285.0,NATGASMINI23SEP26285PE,14.0,14.05,14.0,14.05,5000,18
2026-09-22 15:11:00,NATGASMINI,CE,290.0,NATGASMINI23SEP26290CE,0.3,0.3,0.25,0.25,1250,18
2026-09-22 15:11:00,NATGASMINI,PE,290.0,NATGASMINI23SEP26290PE,18.6,18.7,18.6,18.7,250,18
2026-09-22 15:11:00,NATGASMINI,CE,295.0,NATGASMINI23SEP26295CE,0.1,0.1,0.1,0.1,0,18
2026-09-22 15:11:00,NATGASMINI,PE,295.0,NATGASMINI23SEP26295PE,23.55,23.55,23.55,23.55,0,18
2026-09-22 15:11:00,NATGASMINI,CE,300.0,NATGASMINI23SEP26300CE,0.1,0.1,0.1,0.1,0,18
2026-09-22 15:11:00,NATGASMINI,PE,300.0,NATGASMINI23SEP26300PE,27.9,27.9,27.9,27.9,0,18
2026-09-22 15:12:00,NATURALGAS,FUT,0.0,NATURALGAS25SEP26FUT,271.5,271.5,271.5,271.5,10000,4
2026-09-22 15:12:00,NATURALGAS,CE,240.0,NATURALGAS23SEP26240CE,33.1,33.1,33.1,33.1,0,4
2026-09-22 15:12:00,NATURALGAS,PE,240.0,NATURALGAS23SEP26240PE,0.05,0.05,0.05,0.05,0,4
2026-09-22 15:12:00,NATURALGAS,CE,245.0,NATURALGAS23SEP26245CE,27.3,27.3,27.3,27.3,0,4
2026-09-22 15:12:00,NATURALGAS,PE,245.0,NATURALGAS23SEP26245PE,0.1,0.1,0.1,0.1,0,4
2026-09-22 15:12:00,NATURALGAS,CE,250.0,NATURALGAS23SEP26250CE,21.7,21.7,21.65,21.65,1250,4
2026-09-22 15:12:00,NATURALGAS,PE,250.0,NATURALGAS23SEP26250PE,0.1,0.1,0.1,0.1,120000,4
2026-09-22 15:12:00,NATURALGAS,CE,255.0,NATURALGAS23SEP26255CE,16.55,16.55,16.55,16.55,0,4
2026-09-22 15:12:00,NATURALGAS,PE,255.0,NATURALGAS23SEP26255PE,0.1,0.15,0.1,0.15,40000,4
2026-09-22 15:12:00,NATURALGAS,CE,260.0,NATURALGAS23SEP26260CE,11.85,11.9,11.85,11.9,3750,4
2026-09-22 15:12:00,NATURALGAS,PE,260.0,NATURALGAS23SEP26260PE,0.45,0.45,0.45,0.45,12500,4
2026-09-22 15:12:00,NATURALGAS,CE,265.0,NATURALGAS23SEP26265CE,7.75,7.75,7.7,7.7,28750,4
2026-09-22 15:12:00,NATURALGAS,PE,265.0,NATURALGAS23SEP26265PE,1.25,1.25,1.25,1.25,37500,4
2026-09-22 15:12:00,NATURALGAS,CE,270.0,NATURALGAS23SEP26270CE,4.5,4.5,4.4,4.4,237500,4
2026-09-22 15:12:00,NATURALGAS,PE,270.0,NATURALGAS23SEP26270PE,2.95,2.95,2.95,2.95,166250,4
2026-09-22 15:12:00,NATURALGAS,CE,275.0,NATURALGAS23SEP26275CE,2.35,2.35,2.3,2.3,163750,4
2026-09-22 15:12:00,NATURALGAS,PE,275.0,NATURALGAS23SEP26275PE,5.8,5.9,5.8,5.9,163750,4
2026-09-22 15:12:00,NATURALGAS,CE,280.0,NATURALGAS23SEP26280CE,1.15,1.15,1.1,1.1,66250,4
2026-09-22 15:12:00,NATURALGAS,PE,280.0,NATURALGAS23SEP26280PE,9.6,9.8,9.6,9.8,15000,4
2026-09-22 15:12:00,NATURALGAS,CE,285.0,NATURALGAS23SEP26285CE,0.5,0.5,0.45,0.45,87500,4
2026-09-22 15:12:00,NATURALGAS,PE,285.0,NATURALGAS23SEP26285PE,14.0,14.0,13.95,13.95,46250,4
2026-09-22 15:12:00,NATURALGAS,CE,290.0,NATURALGAS23SEP26290CE,0.2,0.2,0.2,0.2,25000,4
2026-09-22 15:12:00,NATURALGAS,PE,290.0,NATURALGAS23SEP26290PE,18.7,18.7,18.7,18.7,0,4
2026-09-22 15:12:00,NATURALGAS,CE,295.0,NATURALGAS23SEP26295CE,0.1,0.1,0.1,0.1,1250,4
2026-09-22 15:12:00,NATURALGAS,PE,295.0,NATURALGAS23SEP26295PE,23.7,23.7,23.7,23.7,0,4
2026-09-22 15:12:00,NATURALGAS,CE,300.0,NATURALGAS23SEP26300CE,0.1,0.1,0.1,0.1,0,4
2026-09-22 15:12:00,NATURALGAS,PE,300.0,NATURALGAS23SEP26300PE,28.65,28.65,28.65,28.65,0,4
2026-09-22 15:12:00,NATGASMINI,FUT,0.0,NATGASMINI25SEP26FUT,271.5,271.6,271.5,271.5,5500,4
2026-09-22 15:12:00,NATGASMINI,CE,240.0,NATGASMINI23SEP26240CE,33.25,33.25,33.25,33.25,0,4
2026-09-22 15:12:00,NATGASMINI,PE,240.0,NATGASMINI23SEP26240PE,0.05,0.05,0.05,0.05,0,4
2026-09-22 15:12:00,NATGASMINI,CE,245.0,NATGASMINI23SEP26245CE,30.4,30.4,30.4,30.4,0,4
2026-09-22 15:12:00,NATGASMINI,PE,245.0,NATGASMINI23SEP26245PE,0.05,0.05,0.05,0.05,0,4
2026-09-22 15:12:00,NATGASMINI,CE,250.0,NATGASMINI23SEP26250CE,22.05,22.05,22.05,22.05,0,4
2026-09-22 15:12:00,NATGASMINI,PE,250.0,NATGASMINI23SEP26250PE,0.1,0.1,0.1,0.1,0,4
2026-09-22 15:12:00,NATGASMINI,CE,255.0,NATGASMINI23SEP26255CE,16.55,16.55,16.55,16.55,0,4
2026-09-22 15:12:00,NATGASMINI,PE,255.0,NATGASMINI23SEP26255PE,0.15,0.15,0.15,0.15,0,4
2026-09-22 15:12:00,NATGASMINI,CE,260.0,NATGASMINI23SEP26260CE,12.05,12.05,11.9,11.9,3000,4
2026-09-22 15:12:00,NATGASMINI,PE,260.0,NATGASMINI23SEP26260PE,0.4,0.4,0.4,0.4,8250,4
2026-09-22 15:12:00,NATGASMINI,CE,265.0,NATGASMINI23SEP26265CE,7.65,7.7,7.65,7.7,7000,4
2026-09-22 15:12:00,NATGASMINI,PE,265.0,NATGASMINI23SEP26265PE,1.2,1.25,1.15,1.25,31750,4
2026-09-22 15:12:00,NATGASMINI,CE,270.0,NATGASMINI23SEP26270CE,4.5,4.5,4.45,4.45,12750,4
2026-09-22 15:12:00,NATGASMINI,PE,270.0,NATGASMINI23SEP26270PE,2.95,3.0,2.9,3.0,122500,4
2026-09-22 15:12:00,NATGASMINI,CE,275.0,NATGASMINI23SEP26275CE,2.4,2.45,2.35,2.35,37000,4
2026-09-22 15:12:00,NATGASMINI,PE,275.0,NATGASMINI23SEP26275PE,5.9,5.95,5.85,5.95,22250,4
2026-09-22 15:12:00,NATGASMINI,CE,280.0,NATGASMINI23SEP26280CE,1.15,1.15,1.1,1.15,8250,4
2026-09-22 15:12:00,NATGASMINI,PE,280.0,NATGASMINI23SEP26280PE,9.7,9.7,9.7,9.7,3750,4
2026-09-22 15:12:00,NATGASMINI,CE,285.0,NATGASMINI23SEP26285CE,0.5,0.5,0.45,0.45,3250,4
2026-09-22 15:12:00,NATGASMINI,PE,285.0,NATGASMINI23SEP26285PE,14.05,14.05,13.9,13.9,500,4
2026-09-22 15:12:00,NATGASMINI,CE,290.0,NATGASMINI23SEP26290CE,0.25,0.25,0.25,0.25,250,4
2026-09-22 15:12:00,NATGASMINI,PE,290.0,NATGASMINI23SEP26290PE,18.7,18.7,18.7,18.7,0,4
2026-09-22 15:12:00,NATGASMINI,CE,295.0,NATGASMINI23SEP26295CE,0.1,0.1,0.1,0.1,500,4
2026-09-22 15:12:00,NATGASMINI,PE,295.0,NATGASMINI23SEP26295PE,23.55,23.55,23.55,23.55,0,4
2026-09-22 15:12:00,NATGASMINI,CE,300.0,NATGASMINI23SEP26300CE,0.1,0.1,0.1,0.1,0,4
2026-09-22 15:12:00,NATGASMINI,PE,300.0,NATGASMINI23SEP26300PE,27.9,27.9,27.9,27.9,0,4
2026-09-22 15:13:00,NATURALGAS,FUT,0.0,NATURALGAS25SEP26FUT,271.5,271.5,271.3,271.5,23750,14
2026-09-22 15:13:00,NATURALGAS,CE,240.0,NATURALGAS23SEP26240CE,33.1,33.1,33.1,33.1,0,14
2026-09-22 15:13:00,NATURALGAS,PE,240.0,NATURALGAS23SEP26240PE,0.05,0.05,0.05,0.05,0,14
2026-09-22 15:13:00,NATURALGAS,CE,245.0,NATURALGAS23SEP26245CE,27.3,27.3,27.3,27.3,0,14
2026-09-22 15:13:00,NATURALGAS,PE,245.0,NATURALGAS23SEP26245PE,0.1,0.1,0.1,0.1,0,14
2026-09-22 15:13:00,NATURALGAS,CE,250.0,NATURALGAS23SEP26250CE,21.65,21.65,21.65,21.65,0,14
2026-09-22 15:13:00,NATURALGAS,PE,250.0,NATURALGAS23SEP26250PE,0.1,0.1,0.1,0.1,0,14
2026-09-22 15:13:00,NATURALGAS,CE,255.0,NATURALGAS23SEP26255CE,16.55,16.55,16.55,16.55,0,14
2026-09-22 15:13:00,NATURALGAS,PE,255.0,NATURALGAS23SEP26255PE,0.15,0.15,0.15,0.15,147500,14
2026-09-22 15:13:00,NATURALGAS,CE,260.0,NATURALGAS23SEP26260CE,11.9,11.9,11.9,11.9,0,14
2026-09-22 15:13:00,NATURALGAS,PE,260.0,NATURALGAS23SEP26260PE,0.4,0.45,0.4,0.4,22500,14
2026-09-22 15:13:00,NATURALGAS,CE,265.0,NATURALGAS23SEP26265CE,7.7,7.7,7.7,7.7,0,14
2026-09-22 15:13:00,NATURALGAS,PE,265.0,NATURALGAS23SEP26265PE,1.25,1.25,1.2,1.25,18750,14
2026-09-22 15:13:00,NATURALGAS,CE,270.0,NATURALGAS23SEP26270CE,4.4,4.45,4.4,4.4,152500,14
2026-09-22 15:13:00,NATURALGAS,PE,270.0,NATURALGAS23SEP26270PE,3.0,3.05,3.0,3.0,122500,14
2026-09-22 15:13:00,NATURALGAS,CE,275.0,NATURALGAS23SEP26275CE,2.35,2.35,2.3,2.3,65000,14
2026-09-22 15:13:00,NATURALGAS,PE,275.0,NATURALGAS23SEP26275PE,5.9,6.0,5.9,5.95,70000,14
2026-09-22 15:13:00,NATURALGAS,CE,280.0,NATURALGAS23SEP26280CE,1.1,1.1,1.1,1.1,7500,14
2026-09-22 15:13:00,NATURALGAS,PE,280.0,NATURALGAS23SEP26280PE,9.8,9.8,9.8,9.8,0,14
2026-09-22 15:13:00,NATURALGAS,CE,285.0,NATURALGAS23SEP26285CE,0.45,0.5,0.45,0.5,1276250,14
2026-09-22 15:13:00,NATURALGAS,PE,285.0,NATURALGAS23SEP26285PE,13.95,14.1,13.95,14.1,11250,14
2026-09-22 15:13:00,NATURALGAS,CE,290.0,NATURALGAS23SEP26290CE,0.2,0.2,0.2,0.2,0,14
2026-09-22 15:13:00,NATURALGAS,PE,290.0,NATURALGAS23SEP26290PE,18.7,18.9,18.7,18.9,5000,14
2026-09-22 15:13:00,NATURALGAS,CE,295.0,NATURALGAS23SEP26295CE,0.1,0.1,0.1,0.1,0,14
2026-09-22 15:13:00,NATURALGAS,PE,295.0,NATURALGAS23SEP26295PE,23.7,23.7,23.7,23.7,0,14
2026-09-22 15:13:00,NATURALGAS,CE,300.0,NATURALGAS23SEP26300CE,0.1,0.1,0.1,0.1,0,14
2026-09-22 15:13:00,NATURALGAS,PE,300.0,NATURALGAS23SEP26300PE,28.65,28.65,28.65,28.65,0,14
2026-09-22 15:13:00,NATGASMINI,FUT,0.0,NATGASMINI25SEP26FUT,271.5,271.5,271.3,271.3,5750,14
2026-09-22 15:13:00,NATGASMINI,CE,240.0,NATGASMINI23SEP26240CE,33.25,33.25,33.25,33.25,0,14
2026-09-22 15:13:00,NATGASMINI,PE,240.0,NATGASMINI23SEP26240PE,0.05,0.05,0.05,0.05,0,14
2026-09-22 15:13:00,NATGASMINI,CE,245.0,NATGASMINI23SEP26245CE,30.4,30.4,30.4,30.4,0,14
2026-09-22 15:13:00,NATGASMINI,PE,245.0,NATGASMINI23SEP26245PE,0.05,0.05,0.05,0.05,0,14
2026-09-22 15:13:00,NATGASMINI,CE,250.0,NATGASMINI23SEP26250CE,22.05,22.05,21.4,21.4,250,14
2026-09-22 15:13:00,NATGASMINI,PE,250.0,NATGASMINI23SEP26250PE,0.1,0.1,0.1,0.1,0,14
2026-09-22 15:13:00,NATGASMINI,CE,255.0,NATGASMINI23SEP26255CE,16.55,16.55,16.55,16.55,0,14
2026-09-22 15:13:00,NATGASMINI,PE,255.0,NATGASMINI23SEP26255PE,0.15,0.15,0.15,0.15,0,14
2026-09-22 15:13:00,NATGASMINI,CE,260.0,NATGASMINI23SEP26260CE,11.9,11.9,11.9,11.9,1000,14
2026-09-22 15:13:00,NATGASMINI,PE,260.0,NATGASMINI23SEP26260PE,0.4,0.4,0.35,0.35,5000,14
2026-09-22 15:13:00,NATGASMINI,CE,265.0,NATGASMINI23SEP26265CE,7.7,7.7,7.65,7.65,4750,14
2026-09-22 15:13:00,NATGASMINI,PE,265.0,NATGASMINI23SEP26265PE,1.25,1.25,1.25,1.25,8750,14
2026-09-22 15:13:00,NATGASMINI,CE,270.0,NATGASMINI23SEP26270CE,4.45,4.45,4.4,4.45,13000,14
2026-09-22 15:13:00,NATGASMINI,PE,270.0,NATGASMINI23SEP26270PE,3.0,3.05,3.0,3.0,16500,14
2026-09-22 15:13:00,NATGASMINI,CE,275.0,NATGASMINI23SEP26275CE,2.35,2.4,2.35,2.35,26500,14
2026-09-22 15:13:00,NATGASMINI,PE,275.0,NATGASMINI23SEP26275PE,5.95,6.0,5.95,6.0,22250,14
2026-09-22 15:13:00,NATGASMINI,CE,280.0,NATGASMINI23SEP26280CE,1.15,1.15,1.1,1.1,3000,14
2026-09-22 15:13:00,NATGASMINI,PE,280.0,NATGASMINI23SEP26280PE,9.7,9.7,9.7,9.7,750,14
2026-09-22 15:13:00,NATGASMINI,CE,285.0,NATGASMINI23SEP26285CE,0.45,0.5,0.45,0.5,402250,14
2026-09-22 15:13:00,NATGASMINI,PE,285.0,NATGASMINI23SEP26285PE,13.9,14.15,13.9,14.15,1750,14
2026-09-22 15:13:00,NATGASMINI,CE,290.0,NATGASMINI23SEP26290CE,0.25,0.25,0.25,0.25,0,14
2026-09-22 15:13:00,NATGASMINI,PE,290.0,NATGASMINI23SEP26290PE,18.7,18.7,18.7,18.7,0,14
2026-09-22 15:13:00,NATGASMINI,CE,295.0,NATGASMINI23SEP26295CE,0.1,0.1,0.1,0.1,0,14
2026-09-22 15:13:00,NATGASMINI,PE,295.0,NATGASMINI23SEP26295PE,23.55,23.55,23.55,23.55,0,14
2026-09-22 15:13:00,NATGASMINI,CE,300.0,NATGASMINI23SEP26300CE,0.1,0.1,0.1,0.1,0,14
2026-09-22 15:13:00,NATGASMINI,PE,300.0,NATGASMINI23SEP26300PE,27.9,28.75,27.9,28.75,250,14
2026-09-22 15:14:00,NATURALGAS,FUT,0.0,NATURALGAS25SEP26FUT,271.5,271.5,271.4,271.5,7500,18
2026-09-22 15:14:00,NATURALGAS,CE,240.0,NATURALGAS23SEP26240CE,33.1,33.1,33.1,33.1,0,18
2026-09-22 15:14:00,NATURALGAS,PE,240.0,NATURALGAS23SEP26240PE,0.05,0.05,0.05,0.05,0,18
2026-09-22 15:14:00,NATURALGAS,CE,245.0,NATURALGAS23SEP26245CE,27.3,27.3,27.3,27.3,0,18
2026-09-22 15:14:00,NATURALGAS,PE,245.0,NATURALGAS23SEP26245PE,0.1,0.1,0.1,0.1,0,18
2026-09-22 15:14:00,NATURALGAS,CE,250.0,NATURALGAS23SEP26250CE,21.65,21.65,21.65,21.65,0,18
2026-09-22 15:14:00,NATURALGAS,PE,250.0,NATURALGAS23SEP26250PE,0.1,0.1,0.1,0.1,0,18
2026-09-22 15:14:00,NATURALGAS,CE,255.0,NATURALGAS23SEP26255CE,16.55,16.55,16.55,16.55,0,18
2026-09-22 15:14:00,NATURALGAS,PE,255.0,NATURALGAS23SEP26255PE,0.15,0.15,0.15,0.15,27500,18
2026-09-22 15:14:00,NATURALGAS,CE,260.0,NATURALGAS23SEP26260CE,11.9,11.9,11.9,11.9,5000,18
2026-09-22 15:14:00,NATURALGAS,PE,260.0,NATURALGAS23SEP26260PE,0.4,0.4,0.4,0.4,1250,18
2026-09-22 15:14:00,NATURALGAS,CE,265.0,NATURALGAS23SEP26265CE,7.7,7.75,7.7,7.7,6250,18
2026-09-22 15:14:00,NATURALGAS,PE,265.0,NATURALGAS23SEP26265PE,1.25,1.25,1.2,1.2,37500,18
2026-09-22 15:14:00,NATURALGAS,CE,270.0,NATURALGAS23SEP26270CE,4.4,4.5,4.4,4.45,102500,18
2026-09-22 15:14:00,NATURALGAS,PE,270.0,NATURALGAS23SEP26270PE,2.95,3.0,2.95,2.95,55000,18
2026-09-22 15:14:00,NATURALGAS,CE,275.0,NATURALGAS23SEP26275CE,2.4,2.4,2.35,2.35,68750,18
2026-09-22 15:14:00,NATURALGAS,PE,275.0,NATURALGAS23SEP26275PE,5.9,5.9,5.85,5.9,57500,18
2026-09-22 15:14:00,NATURALGAS,CE,280.0,NATURALGAS23SEP26280CE,1.15,1.15,1.1,1.1,11250,18
2026-09-22 15:14:00,NATURALGAS,PE,280.0,NATURALGAS23SEP26280PE,9.7,9.7,9.65,9.65,10000,18
2026-09-22 15:14:00,NATURALGAS,CE,285.0,NATURALGAS23SEP26285CE,0.5,0.5,0.5,0.5,1250,18
2026-09-22 15:14:00,NATURALGAS,PE,285.0,NATURALGAS23SEP26285PE,14.1,14.1,14.1,14.1,0,18
2026-09-22 15:14:00,NATURALGAS,CE,290.0,NATURALGAS23SEP26290CE,0.2,0.2,0.2,0.2,1250,18
2026-09-22 15:14:00,NATURALGAS,PE,290.0,NATURALGAS23SEP26290PE,18.75,18.75,18.75,18.75,0,18
2026-09-22 15:14:00,NATURALGAS,CE,295.0,NATURALGAS23SEP26295CE,0.1,0.15,0.1,0.1,26250,18
2026-09-22 15:14:00,NATURALGAS,PE,295.0,NATURALGAS23SEP26295PE,23.7,23.7,23.7,23.7,0,18
2026-09-22 15:14:00,NATURALGAS,CE,300.0,NATURALGAS23SEP26300CE,0.1,0.1,0.1,0.1,0,18
2026-09-22 15:14:00,NATURALGAS,PE,300.0,NATURALGAS23SEP26300PE,28.65,28.65,28.65,28.65,0,18
2026-09-22 15:14:00,NATGASMINI,FUT,0.0,NATGASMINI25SEP26FUT,271.3,271.5,271.3,271.5,2250,18
2026-09-22 15:14:00,NATGASMINI,CE,240.0,NATGASMINI23SEP26240CE,33.25,33.25,33.25,33.25,0,18
2026-09-22 15:14:00,NATGASMINI,PE,240.0,NATGASMINI23SEP26240PE,0.05,0.05,0.05,0.05,0,18
2026-09-22 15:14:00,NATGASMINI,CE,245.0,NATGASMINI23SEP26245CE,30.4,30.4,30.4,30.4,0,18
2026-09-22 15:14:00,NATGASMINI,PE,245.0,NATGASMINI23SEP26245PE,0.05,0.05,0.05,0.05,0,18
2026-09-22 15:14:00,NATGASMINI,CE,250.0,NATGASMINI23SEP26250CE,21.4,21.4,21.4,21.4,0,18
2026-09-22 15:14:00,NATGASMINI,PE,250.0,NATGASMINI23SEP26250PE,0.1,0.1,0.1,0.1,250,18
2026-09-22 15:14:00,NATGASMINI,CE,255.0,NATGASMINI23SEP26255CE,16.55,16.55,16.55,16.55,0,18
2026-09-22 15:14:00,NATGASMINI,PE,255.0,NATGASMINI23SEP26255PE,0.15,0.15,0.15,0.15,3750,18
2026-09-22 15:14:00,NATGASMINI,CE,260.0,NATGASMINI23SEP26260CE,11.9,12.1,11.9,12.1,2750,18
2026-09-22 15:14:00,NATGASMINI,PE,260.0,NATGASMINI23SEP26260PE,0.35,0.4,0.35,0.4,26250,18
2026-09-22 15:14:00,NATGASMINI,CE,265.0,NATGASMINI23SEP26265CE,7.65,7.8,7.65,7.8,3750,18
2026-09-22 15:14:00,NATGASMINI,PE,265.0,NATGASMINI23SEP26265PE,1.25,1.25,1.2,1.25,27250,18
2026-09-22 15:14:00,NATGASMINI,CE,270.0,NATGASMINI23SEP26270CE,4.45,4.55,4.45,4.5,25750,18
2026-09-22 15:14:00,NATGASMINI,PE,270.0,NATGASMINI23SEP26270PE,3.05,3.05,2.95,3.0,61750,18
2026-09-22 15:14:00,NATGASMINI,CE,275.0,NATGASMINI23SEP26275CE,2.35,2.45,2.35,2.4,49000,18
2026-09-22 15:14:00,NATGASMINI,PE,275.0,NATGASMINI23SEP26275PE,5.95,5.95,5.85,5.9,6750,18
2026-09-22 15:14:00,NATGASMINI,CE,280.0,NATGASMINI23SEP26280CE,1.1,1.15,1.1,1.1,52750,18
2026-09-22 15:14:00,NATGASMINI,PE,280.0,NATGASMINI23SEP26280PE,9.7,9.7,9.7,9.7,250,18
2026-09-22 15:14:00,NATGASMINI,CE,285.0,NATGASMINI23SEP26285CE,0.5,0.55,0.5,0.55,26500,18
2026-09-22 15:14:00,NATGASMINI,PE,285.0,NATGASMINI23SEP26285PE,14.15,14.15,14.0,14.0,500,18
2026-09-22 15:14:00,NATGASMINI,CE,290.0,NATGASMINI23SEP26290CE,0.25,0.25,0.25,0.25,0,18
2026-09-22 15:14:00,NATGASMINI,PE,290.0,NATGASMINI23SEP26290PE,18.7,18.7,18.7,18.7,750,18
2026-09-22 15:14:00,NATGASMINI,CE,295.0,NATGASMINI23SEP26295CE,0.1,0.1,0.1,0.1,250,18
2026-09-22 15:14:00,NATGASMINI,PE,295.0,NATGASMINI23SEP26295PE,23.55,23.55,23.55,23.55,0,18
2026-09-22 15:14:00,NATGASMINI,CE,300.0,NATGASMINI23SEP26300CE,0.1,0.1,0.1,0.1,0,18
2026-09-22 15:14:00,NATGASMINI,PE,300.0,NATGASMINI23SEP26300PE,28.75,28.75,28.75,28.75,0,18
2026-09-22 15:15:00,NATURALGAS,FUT,0.0,NATURALGAS25SEP26FUT,271.5,271.5,271.5,271.5,17500,17
2026-09-22 15:15:00,NATURALGAS,CE,240.0,NATURALGAS23SEP26240CE,33.1,33.1,33.1,33.1,0,17
2026-09-22 15:15:00,NATURALGAS,PE,240.0,NATURALGAS23SEP26240PE,0.05,0.05,0.05,0.05,0,17
2026-09-22 15:15:00,NATURALGAS,CE,245.0,NATURALGAS23SEP26245CE,27.3,27.3,27.3,27.3,0,17
2026-09-22 15:15:00,NATURALGAS,PE,245.0,NATURALGAS23SEP26245PE,0.1,0.1,0.1,0.1,0,17
2026-09-22 15:15:00,NATURALGAS,CE,250.0,NATURALGAS23SEP26250CE,21.65,21.65,21.65,21.65,0,17
2026-09-22 15:15:00,NATURALGAS,PE,250.0,NATURALGAS23SEP26250PE,0.1,0.1,0.1,0.1,0,17
2026-09-22 15:15:00,NATURALGAS,CE,255.0,NATURALGAS23SEP26255CE,16.55,16.55,16.55,16.55,0,17
2026-09-22 15:15:00,NATURALGAS,PE,255.0,NATURALGAS23SEP26255PE,0.15,0.15,0.15,0.15,67500,17
2026-09-22 15:15:00,NATURALGAS,CE,260.0,NATURALGAS23SEP26260CE,11.9,11.95,11.9,11.95,11250,17
2026-09-22 15:15:00,NATURALGAS,PE,260.0,NATURALGAS23SEP26260PE,0.4,0.45,0.4,0.45,3750,17
2026-09-22 15:15:00,NATURALGAS,CE,265.0,NATURALGAS23SEP26265CE,7.7,7.8,7.7,7.7,28750,17
2026-09-22 15:15:00,NATURALGAS,PE,265.0,NATURALGAS23SEP26265PE,1.2,1.25,1.2,1.25,7500,17
2026-09-22 15:15:00,NATURALGAS,CE,270.0,NATURALGAS23SEP26270CE,4.45,4.5,4.45,4.45,178750,17
2026-09-22 15:15:00,NATURALGAS,PE,270.0,NATURALGAS23SEP26270PE,2.95,3.0,2.95,2.95,241250,17
2026-09-22 15:15:00,NATURALGAS,CE,275.0,NATURALGAS23SEP26275CE,2.35,2.4,2.3,2.35,88750,17
2026-09-22 15:15:00,NATURALGAS,PE,275.0,NATURALGAS23SEP26275PE,5.9,5.9,5.85,5.9,76250,17
2026-09-22 15:15:00,NATURALGAS,CE,280.0,NATURALGAS23SEP26280CE,1.1,1.15,1.1,1.1,23750,17
2026-09-22 15:15:00,NATURALGAS,PE,280.0,NATURALGAS23SEP26280PE,9.65,9.7,9.65,9.7,96250,17
2026-09-22 15:15:00,NATURALGAS,CE,285.0,NATURALGAS23SEP26285CE,0.55,0.55,0.5,0.5,22500,17
2026-09-22 15:15:00,NATURALGAS,PE,285.0,NATURALGAS23SEP26285PE,14.1,14.1,13.95,13.95,7500,17
2026-09-22 15:15:00,NATURALGAS,CE,290.0,NATURALGAS23SEP26290CE,0.2,0.25,0.2,0.2,37500,17
2026-09-22 15:15:00,NATURALGAS,PE,290.0,NATURALGAS23SEP26290PE,18.75,18.8,18.7,18.7,3750,17
2026-09-22 15:15:00,NATURALGAS,CE,295.0,NATURALGAS23SEP26295CE,0.1,0.1,0.1,0.1,0,17
2026-09-22 15:15:00,NATURALGAS,PE,295.0,NATURALGAS23SEP26295PE,23.7,23.7,23.7,23.7,0,17
2026-09-22 15:15:00,NATURALGAS,CE,300.0,NATURALGAS23SEP26300CE,0.1,0.1,0.1,0.1,0,17
2026-09-22 15:15:00,NATURALGAS,PE,300.0,NATURALGAS23SEP26300PE,28.65,28.65,28.6,28.6,1250,17
2026-09-22 15:15:00,NATGASMINI,FUT,0.0,NATGASMINI25SEP26FUT,271.5,271.6,271.4,271.6,3250,17
2026-09-22 15:15:00,NATGASMINI,CE,240.0,NATGASMINI23SEP26240CE,33.25,33.25,33.25,33.25,0,17
2026-09-22 15:15:00,NATGASMINI,PE,240.0,NATGASMINI23SEP26240PE,0.05,0.05,0.05,0.05,0,17
2026-09-22 15:15:00,NATGASMINI,CE,245.0,NATGASMINI23SEP26245CE,30.4,30.4,30.4,30.4,0,17
2026-09-22 15:15:00,NATGASMINI,PE,245.0,NATGASMINI23SEP26245PE,0.05,0.05,0.05,0.05,0,17
2026-09-22 15:15:00,NATGASMINI,CE,250.0,NATGASMINI23SEP26250CE,21.4,21.4,21.4,21.4,0,17
2026-09-22 15:15:00,NATGASMINI,PE,250.0,NATGASMINI23SEP26250PE,0.1,0.1,0.1,0.1,0,17
2026-09-22 15:15:00,NATGASMINI,CE,255.0,NATGASMINI23SEP26255CE,16.55,16.55,16.55,16.55,0,17
2026-09-22 15:15:00,NATGASMINI,PE,255.0,NATGASMINI23SEP26255PE,0.15,0.15,0.15,0.15,67500,17
2026-09-22 15:15:00,NATGASMINI,CE,260.0,NATGASMINI23SEP26260CE,12.1,12.1,12.1,12.1,0,17
2026-09-22 15:15:00,NATGASMINI,PE,260.0,NATGASMINI23SEP26260PE,0.4,0.45,0.4,0.45,39000,17
2026-09-22 15:15:00,NATGASMINI,CE,265.0,NATGASMINI23SEP26265CE,7.8,7.8,7.75,7.8,7000,17
2026-09-22 15:15:00,NATGASMINI,PE,265.0,NATGASMINI23SEP26265PE,1.25,1.25,1.2,1.25,13250,17
2026-09-22 15:15:00,NATGASMINI,CE,270.0,NATGASMINI23SEP26270CE,4.45,4.5,4.45,4.5,15750,17
2026-09-22 15:15:00,NATGASMINI,PE,270.0,NATGASMINI23SEP26270PE,3.05,3.05,2.95,3.0,12000,17
2026-09-22 15:15:00,NATGASMINI,CE,275.0,NATGASMINI23SEP26275CE,2.45,2.45,2.35,2.4,117250,17
2026-09-22 15:15:00,NATGASMINI,PE,275.0,NATGASMINI23SEP26275PE,5.9,5.95,5.9,5.95,18250,17
2026-09-22 15:15:00,NATGASMINI,CE,280.0,NATGASMINI23SEP26280CE,1.1,1.1,1.1,1.1,250,17
2026-09-22 15:15:00,NATGASMINI,PE,280.0,NATGASMINI23SEP26280PE,9.7,9.7,9.65,9.7,2250,17
2026-09-22 15:15:00,NATGASMINI,CE,285.0,NATGASMINI23SEP26285CE,0.55,0.55,0.5,0.55,18000,17
2026-09-22 15:15:00,NATGASMINI,PE,285.0,NATGASMINI23SEP26285PE,14.0,14.05,14.0,14.05,2000,17
2026-09-22 15:15:00,NATGASMINI,CE,290.0,NATGASMINI23SEP26290CE,0.25,0.25,0.25,0.25,0,17
2026-09-22 15:15:00,NATGASMINI,PE,290.0,NATGASMINI23SEP26290PE,18.7,18.7,18.7,18.7,0,17
2026-09-22 15:15:00,NATGASMINI,CE,295.0,NATGASMINI23SEP26295CE,0.1,0.1,0.1,0.1,250,17
2026-09-22 15:15:00,NATGASMINI,PE,295.0,NATGASMINI23SEP26295PE,23.55,23.55,23.55,23.55,0,17
2026-09-22 15:15:00,NATGASMINI,CE,300.0,NATGASMINI23SEP26300CE,0.1,0.1,0.1,0.1,250,17
2026-09-22 15:15:00,NATGASMINI,PE,300.0,NATGASMINI23SEP26300PE,28.75,28.75,28.75,28.75,0,17
2026-09-22 15:16:00,NATURALGAS,FUT,0.0,NATURALGAS25SEP26FUT,271.5,271.6,271.5,271.6,11250,18
2026-09-22 15:16:00,NATURALGAS,CE,240.0,NATURALGAS23SEP26240CE,33.1,33.1,33.1,33.1,0,18
2026-09-22 15:16:00,NATURALGAS,PE,240.0,NATURALGAS23SEP26240PE,0.05,0.05,0.05,0.05,1250,18
2026-09-22 15:16:00,NATURALGAS,CE,245.0,NATURALGAS23SEP26245CE,27.3,27.3,27.3,27.3,0,18
2026-09-22 15:16:00,NATURALGAS,PE,245.0,NATURALGAS23SEP26245PE,0.1,0.1,0.1,0.1,0,18
2026-09-22 15:16:00,NATURALGAS,CE,250.0,NATURALGAS23SEP26250CE,21.65,21.65,21.65,21.65,0,18
2026-09-22 15:16:00,NATURALGAS,PE,250.0,NATURALGAS23SEP26250PE,0.1,0.1,0.1,0.1,0,18
2026-09-22 15:16:00,NATURALGAS,CE,255.0,NATURALGAS23SEP26255CE,16.55,16.55,16.55,16.55,0,18
2026-09-22 15:16:00,NATURALGAS,PE,255.0,NATURALGAS23SEP26255PE,0.15,0.15,0.15,0.15,56250,18
2026-09-22 15:16:00,NATURALGAS,CE,260.0,NATURALGAS23SEP26260CE,12.0,12.0,11.9,11.9,21250,18
2026-09-22 15:16:00,NATURALGAS,PE,260.0,NATURALGAS23SEP26260PE,0.4,0.45,0.4,0.45,31250,18
2026-09-22 15:16:00,NATURALGAS,CE,265.0,NATURALGAS23SEP26265CE,7.7,7.75,7.7,7.75,28750,18
2026-09-22 15:16:00,NATURALGAS,PE,265.0,NATURALGAS23SEP26265PE,1.25,1.25,1.25,1.25,23750,18
2026-09-22 15:16:00,NATURALGAS,CE,270.0,NATURALGAS23SEP26270CE,4.45,4.5,4.45,4.45,16250,18
2026-09-22 15:16:00,NATURALGAS,PE,270.0,NATURALGAS23SEP26270PE,2.95,3.0,2.95,3.0,67500,18
2026-09-22 15:16:00,NATURALGAS,CE,275.0,NATURALGAS23SEP26275CE,2.35,2.4,2.35,2.4,88750,18
2026-09-22 15:16:00,NATURALGAS,PE,275.0,NATURALGAS23SEP26275PE,5.9,5.9,5.85,5.9,28750,18
2026-09-22 15:16:00,NATURALGAS,CE,280.0,NATURALGAS23SEP26280CE,1.1,1.15,1.1,1.15,12500,18
2026-09-22 15:16:00,NATURALGAS,PE,280.0,NATURALGAS23SEP26280PE,9.7,9.7,9.6,9.6,11250,18
2026-09-22 15:16:00,NATURALGAS,CE,285.0,NATURALGAS23SEP26285CE,0.5,0.55,0.5,0.55,23750,18
2026-09-22 15:16:00,NATURALGAS,PE,285.0,NATURALGAS23SEP26285PE,13.95,13.95,13.95,13.95,0,18
2026-09-22 15:16:00,NATURALGAS,CE,290.0,NATURALGAS23SEP26290CE,0.2,0.2,0.2,0.2,3750,18
2026-09-22 15:16:00,NATURALGAS,PE,290.0,NATURALGAS23SEP26290PE,18.7,18.7,18.7,18.7,1250,18
2026-09-22 15:16:00,NATURALGAS,CE,295.0,NATURALGAS23SEP26295CE,0.1,0.1,0.1,0.1,0,18
2026-09-22 15:16:00,NATURALGAS,PE,295.0,NATURALGAS23SEP26295PE,23.7,23.7,23.7,23.7,0,18
2026-09-22 15:16:00,NATURALGAS,CE,300.0,NATURALGAS23SEP26300CE,0.1,0.1,0.1,0.1,0,18
2026-09-22 15:16:00,NATURALGAS,PE,300.0,NATURALGAS23SEP26300PE,28.6,28.6,28.6,28.6,0,18
2026-09-22 15:16:00,NATGASMINI,FUT,0.0,NATGASMINI25SEP26FUT,271.6,271.6,271.5,271.5,7000,18
2026-09-22 15:16:00,NATGASMINI,CE,240.0,NATGASMINI23SEP26240CE,33.25,33.25,33.25,33.25,0,18
2026-09-22 15:16:00,NATGASMINI,PE,240.0,NATGASMINI23SEP26240PE,0.05,0.05,0.05,0.05,0,18
2026-09-22 15:16:00,NATGASMINI,CE,245.0,NATGASMINI23SEP26245CE,30.4,30.4,30.4,30.4,0,18
2026-09-22 15:16:00,NATGASMINI,PE,245.0,NATGASMINI23SEP26245PE,0.05,0.05,0.05,0.05,0,18
2026-09-22 15:16:00,NATGASMINI,CE,250.0,NATGASMINI23SEP26250CE,21.4,21.4,21.4,21.4,0,18
2026-09-22 15:16:00,NATGASMINI,PE,250.0,NATGASMINI23SEP26250PE,0.1,0.1,0.1,0.1,0,18
2026-09-22 15:16:00,NATGASMINI,CE,255.0,NATGASMINI23SEP26255CE,16.55,16.55,16.55,16.55,0,18
2026-09-22 15:16:00,NATGASMINI,PE,255.0,NATGASMINI23SEP26255PE,0.15,0.15,0.15,0.15,56250,18
2026-09-22 15:16:00,NATGASMINI,CE,260.0,NATGASMINI23SEP26260CE,12.1,12.1,12.1,12.1,500,18
2026-09-22 15:16:00,NATGASMINI,PE,260.0,NATGASMINI23SEP26260PE,0.45,0.45,0.45,0.45,0,18
2026-09-22 15:16:00,NATGASMINI,CE,265.0,NATGASMINI23SEP26265CE,7.8,7.85,7.75,7.75,4500,18
2026-09-22 15:16:00,NATGASMINI,PE,265.0,NATGASMINI23SEP26265PE,1.25,1.25,1.25,1.25,15500,18
2026-09-22 15:16:00,NATGASMINI,CE,270.0,NATGASMINI23SEP26270CE,4.5,4.55,4.5,4.5,7500,18
2026-09-22 15:16:00,NATGASMINI,PE,270.0,NATGASMINI23SEP26270PE,2.95,3.0,2.95,3.0,41750,18
2026-09-22 15:16:00,NATGASMINI,CE,275.0,NATGASMINI23SEP26275CE,2.4,2.45,2.4,2.45,27750,18
2026-09-22 15:16:00,NATGASMINI,PE,275.0,NATGASMINI23SEP26275PE,5.95,5.95,5.85,5.85,12500,18
2026-09-22 15:16:00,NATGASMINI,CE,280.0,NATGASMINI23SEP26280CE,1.1,1.15,1.1,1.15,3000,18
2026-09-22 15:16:00,NATGASMINI,PE,280.0,NATGASMINI23SEP26280PE,9.65,9.7,9.6,9.6,3500,18
2026-09-22 15:16:00,NATGASMINI,CE,285.0,NATGASMINI23SEP26285CE,0.55,0.55,0.5,0.55,2000,18
2026-09-22 15:16:00,NATGASMINI,PE,285.0,NATGASMINI23SEP26285PE,14.05,14.05,14.05,14.05,0,18
2026-09-22 15:16:00,NATGASMINI,CE,290.0,NATGASMINI23SEP26290CE,0.25,0.25,0.25,0.25,500,18
2026-09-22 15:16:00,NATGASMINI,PE,290.0,NATGASMINI23SEP26290PE,18.7,18.7,18.7,18.7,0,18
2026-09-22 15:16:00,NATGASMINI,CE,295.0,NATGASMINI23SEP26295CE,0.1,0.1,0.1,0.1,0,18
2026-09-22 15:16:00,NATGASMINI,PE,295.0,NATGASMINI23SEP26295PE,23.55,23.55,23.55,23.55,0,18
2026-09-22 15:16:00,NATGASMINI,CE,300.0,NATGASMINI23SEP26300CE,0.1,0.1,0.1,0.1,0,18
2026-09-22 15:16:00,NATGASMINI,PE,300.0,NATGASMINI23SEP26300PE,28.75,28.75,28.75,28.75,0,18
2026-09-22 15:17:00,NATURALGAS,FUT,0.0,NATURALGAS25SEP26FUT,271.6,271.6,271.5,271.5,2500,18
2026-09-22 15:17:00,NATURALGAS,CE,240.0,NATURALGAS23SEP26240CE,33.1,33.1,33.1,33.1,0,18
2026-09-22 15:17:00,NATURALGAS,PE,240.0,NATURALGAS23SEP26240PE,0.05,0.05,0.05,0.05,0,18
2026-09-22 15:17:00,NATURALGAS,CE,245.0,NATURALGAS23SEP26245CE,27.3,27.3,27.3,27.3,0,18
2026-09-22 15:17:00,NATURALGAS,PE,245.0,NATURALGAS23SEP26245PE,0.1,0.1,0.05,0.05,5000,18
2026-09-22 15:17:00,NATURALGAS,CE,250.0,NATURALGAS23SEP26250CE,21.65,21.65,21.65,21.65,0,18
2026-09-22 15:17:00,NATURALGAS,PE,250.0,NATURALGAS23SEP26250PE,0.1,0.1,0.1,0.1,0,18
2026-09-22 15:17:00,NATURALGAS,CE,255.0,NATURALGAS23SEP26255CE,16.55,16.55,16.55,16.55,0,18
2026-09-22 15:17:00,NATURALGAS,PE,255.0,NATURALGAS23SEP26255PE,0.15,0.15,0.15,0.15,0,18
2026-09-22 15:17:00,NATURALGAS,CE,260.0,NATURALGAS23SEP26260CE,11.9,11.9,11.9,11.9,12500,18
2026-09-22 15:17:00,NATURALGAS,PE,260.0,NATURALGAS23SEP26260PE,0.45,0.45,0.45,0.45,2500,18
2026-09-22 15:17:00,NATURALGAS,CE,265.0,NATURALGAS23SEP26265CE,7.75,7.75,7.65,7.7,53750,18
2026-09-22 15:17:00,NATURALGAS,PE,265.0,NATURALGAS23SEP26265PE,1.25,1.25,1.25,1.25,20000,18
2026-09-22 15:17:00,NATURALGAS,CE,270.0,NATURALGAS23SEP26270CE,4.5,4.5,4.45,4.5,216250,18
2026-09-22 15:17:00,NATURALGAS,PE,270.0,NATURALGAS23SEP26270PE,3.0,3.05,2.95,3.05,421250,18
2026-09-22 15:17:00,NATURALGAS,CE,275.0,NATURALGAS23SEP26275CE,2.4,2.4,2.35,2.35,256250,18
2026-09-22 15:17:00,NATURALGAS,PE,275.0,NATURALGAS23SEP26275PE,5.9,5.95,5.9,5.95,23750,18
2026-09-22 15:17:00,NATURALGAS,CE,280.0,NATURALGAS23SEP26280CE,1.15,1.15,1.1,1.15,21250,18
2026-09-22 15:17:00,NATURALGAS,PE,280.0,NATURALGAS23SEP26280PE,9.6,9.7,9.6,9.7,5000,18
2026-09-22 15:17:00,NATURALGAS,CE,285.0,NATURALGAS23SEP26285CE,0.5,0.55,0.5,0.5,26250,18
2026-09-22 15:17:00,NATURALGAS,PE,285.0,NATURALGAS23SEP26285PE,13.95,13.95,13.95,13.95,0,18
2026-09-22 15:17:00,NATURALGAS,CE,290.0,NATURALGAS23SEP26290CE,0.2,0.2,0.2,0.2,0,18
2026-09-22 15:17:00,NATURALGAS,PE,290.0,NATURALGAS23SEP26290PE,18.7,18.7,18.7,18.7,0,18
2026-09-22 15:17:00,NATURALGAS,CE,295.0,NATURALGAS23SEP26295CE,0.1,0.1,0.1,0.1,0,18
2026-09-22 15:17:00,NATURALGAS,PE,295.0,NATURALGAS23SEP26295PE,23.7,23.7,23.7,23.7,0,18
2026-09-22 15:17:00,NATURALGAS,CE,300.0,NATURALGAS23SEP26300CE,0.1,0.1,0.1,0.1,0,18
2026-09-22 15:17:00,NATURALGAS,PE,300.0,NATURALGAS23SEP26300PE,28.6,28.6,28.6,28.6,0,18
2026-09-22 15:17:00,NATGASMINI,FUT,0.0,NATGASMINI25SEP26FUT,271.5,271.6,271.4,271.4,11750,18
2026-09-22 15:17:00,NATGASMINI,CE,240.0,NATGASMINI23SEP26240CE,33.25,33.25,33.25,33.25,0,18
2026-09-22 15:17:00,NATGASMINI,PE,240.0,NATGASMINI23SEP26240PE,0.05,0.05,0.05,0.05,0,18
2026-09-22 15:17:00,NATGASMINI,CE,245.0,NATGASMINI23SEP26245CE,30.4,30.4,30.4,30.4,0,18
2026-09-22 15:17:00,NATGASMINI,PE,245.0,NATGASMINI23SEP26245PE,0.05,0.05,0.05,0.05,0,18
2026-09-22 15:17:00,NATGASMINI,CE,250.0,NATGASMINI23SEP26250CE,21.4,21.65,21.4,21.65,500,18
2026-09-22 15:17:00,NATGASMINI,PE,250.0,NATGASMINI23SEP26250PE,0.1,0.1,0.1,0.1,0,18
2026-09-22 15:17:00,NATGASMINI,CE,255.0,NATGASMINI23SEP26255CE,16.55,16.55,16.55,16.55,0,18
2026-09-22 15:17:00,NATGASMINI,PE,255.0,NATGASMINI23SEP26255PE,0.15,0.15,0.15,0.15,6000,18
2026-09-22 15:17:00,NATGASMINI,CE,260.0,NATGASMINI23SEP26260CE,12.1,12.1,11.95,11.95,1000,18
2026-09-22 15:17:00,NATGASMINI,PE,260.0,NATGASMINI23SEP26260PE,0.45,0.45,0.4,0.4,1500,18
2026-09-22 15:17:00,NATGASMINI,CE,265.0,NATGASMINI23SEP26265CE,7.75,7.8,7.75,7.8,2000,18
2026-09-22 15:17:00,NATGASMINI,PE,265.0,NATGASMINI23SEP26265PE,1.25,1.25,1.2,1.25,28000,18
2026-09-22 15:17:00,NATGASMINI,CE,270.0,NATGASMINI23SEP26270CE,4.5,4.55,4.45,4.45,28000,18
2026-09-22 15:17:00,NATGASMINI,PE,270.0,NATGASMINI23SEP26270PE,3.0,3.05,2.95,3.05,32750,18
2026-09-22 15:17:00,NATGASMINI,CE,275.0,NATGASMINI23SEP26275CE,2.4,2.45,2.35,2.4,100750,18
2026-09-22 15:17:00,NATGASMINI,PE,275.0,NATGASMINI23SEP26275PE,5.85,5.95,5.85,5.9,8250,18
2026-09-22 15:17:00,NATGASMINI,CE,280.0,NATGASMINI23SEP26280CE,1.15,1.15,1.1,1.1,5000,18
2026-09-22 15:17:00,NATGASMINI,PE,280.0,NATGASMINI23SEP26280PE,9.6,9.6,9.6,9.6,0,18
2026-09-22 15:17:00,NATGASMINI,CE,285.0,NATGASMINI23SEP26285CE,0.55,0.55,0.55,0.55,1500,18
2026-09-22 15:17:00,NATGASMINI,PE,285.0,NATGASMINI23SEP26285PE,14.05,14.1,14.05,14.1,250,18
2026-09-22 15:17:00,NATGASMINI,CE,290.0,NATGASMINI23SEP26290CE,0.25,0.3,0.25,0.3,60250,18
2026-09-22 15:17:00,NATGASMINI,PE,290.0,NATGASMINI23SEP26290PE,18.7,18.8,18.7,18.8,250,18
2026-09-22 15:17:00,NATGASMINI,CE,295.0,NATGASMINI23SEP26295CE,0.1,0.1,0.1,0.1,0,18
2026-09-22 15:17:00,NATGASMINI,PE,295.0,NATGASMINI23SEP26295PE,23.55,23.55,23.55,23.55,0,18
2026-09-22 15:17:00,NATGASMINI,CE,300.0,NATGASMINI23SEP26300CE,0.1,0.1,0.1,0.1,250,18
2026-09-22 15:17:00,NATGASMINI,PE,300.0,NATGASMINI23SEP26300PE,28.75,28.75,28.75,28.75,0,18
2026-09-22 15:18:00,NATURALGAS,FUT,0.0,NATURALGAS25SEP26FUT,271.5,271.5,271.5,271.5,3750,18
2026-09-22 15:18:00,NATURALGAS,CE,240.0,NATURALGAS23SEP26240CE,33.1,33.1,33.1,33.1,0,18
2026-09-22 15:18:00,NATURALGAS,PE,240.0,NATURALGAS23SEP26240PE,0.05,0.05,0.05,0.05,20000,18
2026-09-22 15:18:00,NATURALGAS,CE,245.0,NATURALGAS23SEP26245CE,27.3,27.3,27.3,27.3,0,18
2026-09-22 15:18:00,NATURALGAS,PE,245.0,NATURALGAS23SEP26245PE,0.05,0.05,0.05,0.05,0,18
2026-09-22 15:18:00,NATURALGAS,CE,250.0,NATURALGAS23SEP26250CE,21.65,21.65,21.65,21.65,0,18
2026-09-22 15:18:00,NATURALGAS,PE,250.0,NATURALGAS23SEP26250PE,0.1,0.1,0.1,0.1,0,18
2026-09-22 15:18:00,NATURALGAS,CE,255.0,NATURALGAS23SEP26255CE,16.55,16.55,16.55,16.55,0,18
2026-09-22 15:18:00,NATURALGAS,PE,255.0,NATURALGAS23SEP26255PE,0.15,0.15,0.15,0.15,0,18
2026-09-22 15:18:00,NATURALGAS,CE,260.0,NATURALGAS23SEP26260CE,11.95,12.1,11.95,12.1,17500,18
2026-09-22 15:18:00,NATURALGAS,PE,260.0,NATURALGAS23SEP26260PE,0.45,0.45,0.45,0.45,40000,18
2026-09-22 15:18:00,NATURALGAS,CE,265.0,NATURALGAS23SEP26265CE,7.75,7.85,7.75,7.8,16250,18
2026-09-22 15:18:00,NATURALGAS,PE,265.0,NATURALGAS23SEP26265PE,1.25,1.25,1.2,1.2,58750,18
2026-09-22 15:18:00,NATURALGAS,CE,270.0,NATURALGAS23SEP26270CE,4.5,4.6,4.5,4.6,150000,18
2026-09-22 15:18:00,NATURALGAS,PE,270.0,NATURALGAS23SEP26270PE,2.95,3.0,2.95,2.95,210000,18
2026-09-22 15:18:00,NATURALGAS,CE,275.0,NATURALGAS23SEP26275CE,2.4,2.4,2.4,2.4,266250,18
2026-09-22 15:18:00,NATURALGAS,PE,275.0,NATURALGAS23SEP26275PE,5.9,5.9,5.85,5.85,263750,18
2026-09-22 15:18:00,NATURALGAS,CE,280.0,NATURALGAS23SEP26280CE,1.15,1.15,1.1,1.1,116250,18
2026-09-22 15:18:00,NATURALGAS,PE,280.0,NATURALGAS23SEP26280PE,9.65,9.65,9.6,9.6,47500,18
2026-09-22 15:18:00,NATURALGAS,CE,285.0,NATURALGAS23SEP26285CE,0.5,0.55,0.5,0.55,11250,18
2026-09-22 15:18:00,NATURALGAS,PE,285.0,NATURALGAS23SEP26285PE,13.95,13.95,13.95,13.95,5000,18
2026-09-22 15:18:00,NATURALGAS,CE,290.0,NATURALGAS23SEP26290CE,0.2,0.25,0.2,0.25,73750,18
2026-09-22 15:18:00,NATURALGAS,PE,290.0,NATURALGAS23SEP26290PE,18.75,18.75,18.75,18.75,0,18
2026-09-22 15:18:00,NATURALGAS,CE,295.0,NATURALGAS23SEP26295CE,0.1,0.1,0.1,0.1,0,18
2026-09-22 15:18:00,NATURALGAS,PE,295.0,NATURALGAS23SEP26295PE,23.7,23.7,23.7,23.7,0,18
2026-09-22 15:18:00,NATURALGAS,CE,300.0,NATURALGAS23SEP26300CE,0.1,0.1,0.1,0.1,45000,18
2026-09-22 15:18:00,NATURALGAS,PE,300.0,NATURALGAS23SEP26300PE,28.6,28.6,28.6,28.6,0,18
2026-09-22 15:18:00,NATGASMINI,FUT,0.0,NATGASMINI25SEP26FUT,271.4,271.5,271.4,271.5,4000,18
2026-09-22 15:18:00,NATGASMINI,CE,240.0,NATGASMINI23SEP26240CE,33.25,33.25,33.25,33.25,0,18
2026-09-22 15:18:00,NATGASMINI,PE,240.0,NATGASMINI23SEP26240PE,0.05,0.05,0.05,0.05,0,18
2026-09-22 15:18:00,NATGASMINI,CE,245.0,NATGASMINI23SEP26245CE,30.4,30.4,30.4,30.4,0,18
2026-09-22 15:18:00,NATGASMINI,PE,245.0,NATGASMINI23SEP26245PE,0.05,0.05,0.05,0.05,0,18
2026-09-22 15:18:00,NATGASMINI,CE,250.0,NATGASMINI23SEP26250CE,21.65,21.65,21.5,21.5,500,18
2026-09-22 15:18:00,NATGASMINI,PE,250.0,NATGASMINI23SEP26250PE,0.1,0.1,0.1,0.1,0,18
2026-09-22 15:18:00,NATGASMINI,CE,255.0,NATGASMINI23SEP26255CE,16.55,16.55,16.55,16.55,0,18
2026-09-22 15:18:00,NATGASMINI,PE,255.0,NATGASMINI23SEP26255PE,0.15,0.15,0.15,0.15,250,18
2026-09-22 15:18:00,NATGASMINI,CE,260.0,NATGASMINI23SEP26260CE,11.95,12.05,11.95,12.05,1000,18
2026-09-22 15:18:00,NATGASMINI,PE,260.0,NATGASMINI23SEP26260PE,0.4,0.45,0.4,0.4,2250,18
2026-09-22 15:18:00,NATGASMINI,CE,265.0,NATGASMINI23SEP26265CE,7.8,7.9,7.75,7.9,3750,18
2026-09-22 15:18:00,NATGASMINI,PE,265.0,NATGASMINI23SEP26265PE,1.2,1.25,1.2,1.2,10000,18
2026-09-22 15:18:00,NATGASMINI,CE,270.0,NATGASMINI23SEP26270CE,4.5,4.6,4.5,4.6,16000,18
2026-09-22 15:18:00,NATGASMINI,PE,270.0,NATGASMINI23SEP26270PE,3.0,3.0,2.95,2.95,23250,18
2026-09-22 15:18:00,NATGASMINI,CE,275.0,NATGASMINI23SEP26275CE,2.4,2.45,2.4,2.45,12000,18
2026-09-22 15:18:00,NATGASMINI,PE,275.0,NATGASMINI23SEP26275PE,5.95,5.95,5.85,5.9,6250,18
2026-09-22 15:18:00,NATGASMINI,CE,280.0,NATGASMINI23SEP26280CE,1.15,1.15,1.1,1.15,4750,18
2026-09-22 15:18:00,NATGASMINI,PE,280.0,NATGASMINI23SEP26280PE,9.6,9.65,9.6,9.65,8000,18
2026-09-22 15:18:00,NATGASMINI,CE,285.0,NATGASMINI23SEP26285CE,0.55,0.55,0.5,0.55,3250,18
2026-09-22 15:18:00,NATGASMINI,PE,285.0,NATGASMINI23SEP26285PE,14.1,14.1,14.1,14.1,0,18
2026-09-22 15:18:00,NATGASMINI,CE,290.0,NATGASMINI23SEP26290CE,0.3,0.3,0.25,0.25,60000,18
2026-09-22 15:18:00,NATGASMINI,PE,290.0,NATGASMINI23SEP26290PE,18.8,18.8,18.8,18.8,0,18
2026-09-22 15:18:00,NATGASMINI,CE,295.0,NATGASMINI23SEP26295CE,0.1,0.1,0.1,0.1,0,18
2026-09-22 15:18:00,NATGASMINI,PE,295.0,NATGASMINI23SEP26295PE,23.55,23.55,23.55,23.55,0,18
2026-09-22 15:18:00,NATGASMINI,CE,300.0,NATGASMINI23SEP26300CE,0.1,0.1,0.1,0.1,250,18
2026-09-22 15:18:00,NATGASMINI,PE,300.0,NATGASMINI23SEP26300PE,28.75,28.75,28.35,28.6,500,18
2026-09-22 15:19:00,NATURALGAS,FUT,0.0,NATURALGAS25SEP26FUT,271.5,271.6,271.5,271.6,22500,18
2026-09-22 15:19:00,NATURALGAS,CE,240.0,NATURALGAS23SEP26240CE,33.1,33.1,33.1,33.1,0,18
2026-09-22 15:19:00,NATURALGAS,PE,240.0,NATURALGAS23SEP26240PE,0.05,0.05,0.05,0.05,0,18
2026-09-22 15:19:00,NATURALGAS,CE,245.0,NATURALGAS23SEP26245CE,27.3,27.3,27.3,27.3,0,18
2026-09-22 15:19:00,NATURALGAS,PE,245.0,NATURALGAS23SEP26245PE,0.05,0.05,0.05,0.05,0,18
2026-09-22 15:19:00,NATURALGAS,CE,250.0,NATURALGAS23SEP26250CE,21.65,21.65,21.65,21.65,0,18
2026-09-22 15:19:00,NATURALGAS,PE,250.0,NATURALGAS23SEP26250PE,0.1,0.1,0.1,0.1,11250,18
2026-09-22 15:19:00,NATURALGAS,CE,255.0,NATURALGAS23SEP26255CE,16.55,16.75,16.55,16.75,2500,18
2026-09-22 15:19:00,NATURALGAS,PE,255.0,NATURALGAS23SEP26255PE,0.15,0.15,0.15,0.15,0,18
2026-09-22 15:19:00,NATURALGAS,CE,260.0,NATURALGAS23SEP26260CE,12.0,12.05,12.0,12.0,20000,18
2026-09-22 15:19:00,NATURALGAS,PE,260.0,NATURALGAS23SEP26260PE,0.45,0.45,0.4,0.4,22500,18
2026-09-22 15:19:00,NATURALGAS,CE,265.0,NATURALGAS23SEP26265CE,7.85,7.85,7.75,7.8,16250,18
2026-09-22 15:19:00,NATURALGAS,PE,265.0,NATURALGAS23SEP26265PE,1.2,1.25,1.2,1.25,243750,18
2026-09-22 15:19:00,NATURALGAS,CE,270.0,NATURALGAS23SEP26270CE,4.6,4.6,4.5,4.5,35000,18
2026-09-22 15:19:00,NATURALGAS,PE,270.0,NATURALGAS23SEP26270PE,2.95,3.0,2.9,2.9,506250,18
2026-09-22 15:19:00,NATURALGAS,CE,275.0,NATURALGAS23SEP26275CE,2.4,2.45,2.35,2.35,100000,18
2026-09-22 15:19:00,NATURALGAS,PE,275.0,NATURALGAS23SEP26275PE,5.85,5.9,5.75,5.8,126250,18
2026-09-22 15:19:00,NATURALGAS,CE,280.0,NATURALGAS23SEP26280CE,1.1,1.15,1.1,1.1,45000,18
2026-09-22 15:19:00,NATURALGAS,PE,280.0,NATURALGAS23SEP26280PE,9.6,9.7,9.6,9.7,13750,18
2026-09-22 15:19:00,NATURALGAS,CE,285.0,NATURALGAS23SEP26285CE,0.55,0.55,0.5,0.5,22500,18
2026-09-22 15:19:00,NATURALGAS,PE,285.0,NATURALGAS23SEP26285PE,13.95,13.95,13.95,13.95,7500,18
2026-09-22 15:19:00,NATURALGAS,CE,290.0,NATURALGAS23SEP26290CE,0.25,0.25,0.25,0.25,1250,18
2026-09-22 15:19:00,NATURALGAS,PE,290.0,NATURALGAS23SEP26290PE,18.75,18.75,18.7,18.7,2500,18
2026-09-22 15:19:00,NATURALGAS,CE,295.0,NATURALGAS23SEP26295CE,0.1,0.1,0.1,0.1,0,18
2026-09-22 15:19:00,NATURALGAS,PE,295.0,NATURALGAS23SEP26295PE,23.7,23.7,23.55,23.55,12500,18
2026-09-22 15:19:00,NATURALGAS,CE,300.0,NATURALGAS23SEP26300CE,0.1,0.1,0.05,0.05,16250,18
2026-09-22 15:19:00,NATURALGAS,PE,300.0,NATURALGAS23SEP26300PE,28.6,28.6,28.6,28.6,0,18
2026-09-22 15:19:00,NATGASMINI,FUT,0.0,NATGASMINI25SEP26FUT,271.5,271.7,271.5,271.6,750,18
2026-09-22 15:19:00,NATGASMINI,CE,240.0,NATGASMINI23SEP26240CE,33.25,33.25,33.25,33.25,0,18
2026-09-22 15:19:00,NATGASMINI,PE,240.0,NATGASMINI23SEP26240PE,0.05,0.05,0.05,0.05,0,18
2026-09-22 15:19:00,NATGASMINI,CE,245.0,NATGASMINI23SEP26245CE,30.4,30.4,30.4,30.4,0,18
2026-09-22 15:19:00,NATGASMINI,PE,245.0,NATGASMINI23SEP26245PE,0.05,0.05,0.05,0.05,0,18
2026-09-22 15:19:00,NATGASMINI,CE,250.0,NATGASMINI23SEP26250CE,21.5,21.5,21.5,21.5,0,18
2026-09-22 15:19:00,NATGASMINI,PE,250.0,NATGASMINI23SEP26250PE,0.1,0.1,0.05,0.05,500,18
2026-09-22 15:19:00,NATGASMINI,CE,255.0,NATGASMINI23SEP26255CE,16.55,16.65,16.55,16.65,1000,18
2026-09-22 15:19:00,NATGASMINI,PE,255.0,NATGASMINI23SEP26255PE,0.15,0.15,0.15,0.15,0,18
2026-09-22 15:19:00,NATGASMINI,CE,260.0,NATGASMINI23SEP26260CE,12.05,12.15,12.05,12.05,3500,18
2026-09-22 15:19:00,NATGASMINI,PE,260.0,NATGASMINI23SEP26260PE,0.4,0.4,0.4,0.4,30000,18
2026-09-22 15:19:00,NATGASMINI,CE,265.0,NATGASMINI23SEP26265CE,7.85,7.9,7.8,7.8,11000,18
2026-09-22 15:19:00,NATGASMINI,PE,265.0,NATGASMINI23SEP26265PE,1.2,1.25,1.2,1.2,116750,18
2026-09-22 15:19:00,NATGASMINI,CE,270.0,NATGASMINI23SEP26270CE,4.6,4.6,4.5,4.55,51250,18
2026-09-22 15:19:00,NATGASMINI,PE,270.0,NATGASMINI23SEP26270PE,2.95,3.0,2.95,2.95,105750,18
2026-09-22 15:19:00,NATGASMINI,CE,275.0,NATGASMINI23SEP26275CE,2.45,2.45,2.4,2.4,66000,18
2026-09-22 15:19:00,NATGASMINI,PE,275.0,NATGASMINI23SEP26275PE,5.85,5.9,5.85,5.85,47000,18
2026-09-22 15:19:00,NATGASMINI,CE,280.0,NATGASMINI23SEP26280CE,1.15,1.15,1.1,1.1,30500,18
2026-09-22 15:19:00,NATGASMINI,PE,280.0,NATGASMINI23SEP26280PE,9.65,9.7,9.55,9.7,2500,18
2026-09-22 15:19:00,NATGASMINI,CE,285.0,NATGASMINI23SEP26285CE,0.55,0.55,0.55,0.55,1500,18
2026-09-22 15:19:00,NATGASMINI,PE,285.0,NATGASMINI23SEP26285PE,14.1,14.1,14.0,14.0,250,18
2026-09-22 15:19:00,NATGASMINI,CE,290.0,NATGASMINI23SEP26290CE,0.25,0.25,0.25,0.25,0,18
2026-09-22 15:19:00,NATGASMINI,PE,290.0,NATGASMINI23SEP26290PE,18.8,18.8,18.8,18.8,0,18
2026-09-22 15:19:00,NATGASMINI,CE,295.0,NATGASMINI23SEP26295CE,0.1,0.15,0.1,0.15,1250,18
2026-09-22 15:19:00,NATGASMINI,PE,295.0,NATGASMINI23SEP26295PE,23.55,23.55,23.55,23.55,0,18
2026-09-22 15:19:00,NATGASMINI,CE,300.0,NATGASMINI23SEP26300CE,0.1,0.1,0.1,0.1,0,18
2026-09-22 15:19:00,NATGASMINI,PE,300.0,NATGASMINI23SEP26300PE,28.6,28.6,28.6,28.6,0,18
2026-09-22 15:20:00,NATURALGAS,FUT,0.0,NATURALGAS25SEP26FUT,271.6,271.6,271.5,271.5,11250,18
2026-09-22 15:20:00,NATURALGAS,CE,240.0,NATURALGAS23SEP26240CE,33.1,33.1,33.1,33.1,0,18
2026-09-22 15:20:00,NATURALGAS,PE,240.0,NATURALGAS23SEP26240PE,0.05,0.05,0.05,0.05,0,18
2026-09-22 15:20:00,NATURALGAS,CE,245.0,NATURALGAS23SEP26245CE,27.3,27.3,27.3,27.3,0,18
2026-09-22 15:20:00,NATURALGAS,PE,245.0,NATURALGAS23SEP26245PE,0.05,0.05,0.05,0.05,0,18
2026-09-22 15:20:00,NATURALGAS,CE,250.0,NATURALGAS23SEP26250CE,21.65,21.65,21.65,21.65,0,18
2026-09-22 15:20:00,NATURALGAS,PE,250.0,NATURALGAS23SEP26250PE,0.1,0.1,0.1,0.1,0,18
2026-09-22 15:20:00,NATURALGAS,CE,255.0,NATURALGAS23SEP26255CE,16.75,16.75,16.75,16.75,0,18
2026-09-22 15:20:00,NATURALGAS,PE,255.0,NATURALGAS23SEP26255PE,0.15,0.15,0.15,0.15,1250,18
2026-09-22 15:20:00,NATURALGAS,CE,260.0,NATURALGAS23SEP26260CE,12.0,12.0,11.85,11.85,25000,18
2026-09-22 15:20:00,NATURALGAS,PE,260.0,NATURALGAS23SEP26260PE,0.45,0.45,0.4,0.45,1100000,18
2026-09-22 15:20:00,NATURALGAS,CE,265.0,NATURALGAS23SEP26265CE,7.8,7.8,7.7,7.7,57500,18
2026-09-22 15:20:00,NATURALGAS,PE,265.0,NATURALGAS23SEP26265PE,1.2,1.25,1.2,1.25,45000,18
2026-09-22 15:20:00,NATURALGAS,CE,270.0,NATURALGAS23SEP26270CE,4.5,4.5,4.45,4.45,207500,18
2026-09-22 15:20:00,NATURALGAS,PE,270.0,NATURALGAS23SEP26270PE,2.9,3.0,2.9,2.95,138750,18
2026-09-22 15:20:00,NATURALGAS,CE,275.0,NATURALGAS23SEP26275CE,2.4,2.4,2.35,2.35,105000,18
2026-09-22 15:20:00,NATURALGAS,PE,275.0,NATURALGAS23SEP26275PE,5.8,5.95,5.8,5.95,155000,18
2026-09-22 15:20:00,NATURALGAS,CE,280.0,NATURALGAS23SEP26280CE,1.1,1.1,1.1,1.1,8750,18
2026-09-22 15:20:00,NATURALGAS,PE,280.0,NATURALGAS23SEP26280PE,9.7,9.7,9.7,9.7,16250,18
2026-09-22 15:20:00,NATURALGAS,CE,285.0,NATURALGAS23SEP26285CE,0.5,0.5,0.5,0.5,15000,18
2026-09-22 15:20:00,NATURALGAS,PE,285.0,NATURALGAS23SEP26285PE,13.95,14.05,13.95,14.05,28750,18
2026-09-22 15:20:00,NATURALGAS,CE,290.0,NATURALGAS23SEP26290CE,0.25,0.3,0.25,0.25,1226250,18
2026-09-22 15:20:00,NATURALGAS,PE,290.0,NATURALGAS23SEP26290PE,18.7,18.85,18.7,18.85,7500,18
2026-09-22 15:20:00,NATURALGAS,CE,295.0,NATURALGAS23SEP26295CE,0.1,0.1,0.1,0.1,0,18
2026-09-22 15:20:00,NATURALGAS,PE,295.0,NATURALGAS23SEP26295PE,23.55,23.65,23.55,23.65,18750,18
2026-09-22 15:20:00,NATURALGAS,CE,300.0,NATURALGAS23SEP26300CE,0.05,0.05,0.05,0.05,0,18
2026-09-22 15:20:00,NATURALGAS,PE,300.0,NATURALGAS23SEP26300PE,28.6,28.6,28.6,28.6,0,18
2026-09-22 15:20:00,NATGASMINI,FUT,0.0,NATGASMINI25SEP26FUT,271.5,271.6,271.5,271.5,11000,18
2026-09-22 15:20:00,NATGASMINI,CE,240.0,NATGASMINI23SEP26240CE,33.25,33.25,33.25,33.25,0,18
2026-09-22 15:20:00,NATGASMINI,PE,240.0,NATGASMINI23SEP26240PE,0.05,0.05,0.05,0.05,0,18
2026-09-22 15:20:00,NATGASMINI,CE,245.0,NATGASMINI23SEP26245CE,30.4,30.4,30.4,30.4,0,18
2026-09-22 15:20:00,NATGASMINI,PE,245.0,NATGASMINI23SEP26245PE,0.05,0.05,0.05,0.05,0,18
2026-09-22 15:20:00,NATGASMINI,CE,250.0,NATGASMINI23SEP26250CE,21.5,21.5,21.5,21.5,0,18
2026-09-22 15:20:00,NATGASMINI,PE,250.0,NATGASMINI23SEP26250PE,0.05,0.05,0.05,0.05,0,18
2026-09-22 15:20:00,NATGASMINI,CE,255.0,NATGASMINI23SEP26255CE,16.65,16.65,16.65,16.65,0,18
2026-09-22 15:20:00,NATGASMINI,PE,255.0,NATGASMINI23SEP26255PE,0.15,0.15,0.15,0.15,500,18
2026-09-22 15:20:00,NATGASMINI,CE,260.0,NATGASMINI23SEP26260CE,12.05,12.05,12.05,12.05,0,18
2026-09-22 15:20:00,NATGASMINI,PE,260.0,NATGASMINI23SEP26260PE,0.4,0.4,0.4,0.4,0,18
2026-09-22 15:20:00,NATGASMINI,CE,265.0,NATGASMINI23SEP26265CE,7.8,7.8,7.75,7.75,6750,18
2026-09-22 15:20:00,NATGASMINI,PE,265.0,NATGASMINI23SEP26265PE,1.2,1.25,1.2,1.2,3750,18
2026-09-22 15:20:00,NATGASMINI,CE,270.0,NATGASMINI23SEP26270CE,4.55,4.55,4.45,4.45,30000,18
2026-09-22 15:20:00,NATGASMINI,PE,270.0,NATGASMINI23SEP26270PE,2.95,3.05,2.95,3.0,75750,18
2026-09-22 15:20:00,NATGASMINI,CE,275.0,NATGASMINI23SEP26275CE,2.45,2.45,2.35,2.35,116500,18
2026-09-22 15:20:00,NATGASMINI,PE,275.0,NATGASMINI23SEP26275PE,5.85,5.95,5.85,5.95,102250,18
2026-09-22 15:20:00,NATGASMINI,CE,280.0,NATGASMINI23SEP26280CE,1.1,1.15,1.1,1.1,7500,18
2026-09-22 15:20:00,NATGASMINI,PE,280.0,NATGASMINI23SEP26280PE,9.7,9.75,9.6,9.75,7500,18
2026-09-22 15:20:00,NATGASMINI,CE,285.0,NATGASMINI23SEP26285CE,0.55,0.55,0.55,0.55,1250,18
2026-09-22 15:20:00,NATGASMINI,PE,285.0,NATGASMINI23SEP26285PE,14.0,14.0,13.95,14.0,750,18
2026-09-22 15:20:00,NATGASMINI,CE,290.0,NATGASMINI23SEP26290CE,0.25,0.3,0.25,0.3,4500,18
2026-09-22 15:20:00,NATGASMINI,PE,290.0,NATGASMINI23SEP26290PE,18.8,18.8,18.8,18.8,0,18
2026-09-22 15:20:00,NATGASMINI,CE,295.0,NATGASMINI23SEP26295CE,0.15,0.15,0.15,0.15,0,18
2026-09-22 15:20:00,NATGASMINI,PE,295.0,NATGASMINI23SEP26295PE,23.55,23.55,23.55,23.55,0,18
2026-09-22 15:20:00,NATGASMINI,CE,300.0,NATGASMINI23SEP26300CE,0.1,0.1,0.1,0.1,0,18
2026-09-22 15:20:00,NATGASMINI,PE,300.0,NATGASMINI23SEP26300PE,28.6,28.6,28.6,28.6,250,18
2026-09-22 15:21:00,NATURALGAS,FUT,0.0,NATURALGAS25SEP26FUT,271.5,271.5,271.4,271.4,332500,18
2026-09-22 15:21:00,NATURALGAS,CE,240.0,NATURALGAS23SEP26240CE,33.1,33.1,33.1,33.1,0,18
2026-09-22 15:21:00,NATURALGAS,PE,240.0,NATURALGAS23SEP26240PE,0.05,0.05,0.05,0.05,0,18
2026-09-22 15:21:00,NATURALGAS,CE,245.0,NATURALGAS23SEP26245CE,27.3,27.3,27.3,27.3,0,18
2026-09-22 15:21:00,NATURALGAS,PE,245.0,NATURALGAS23SEP26245PE,0.05,0.05,0.05,0.05,0,18
2026-09-22 15:21:00,NATURALGAS,CE,250.0,NATURALGAS23SEP26250CE,21.65,21.65,21.65,21.65,0,18
2026-09-22 15:21:00,NATURALGAS,PE,250.0,NATURALGAS23SEP26250PE,0.1,0.1,0.1,0.1,0,18
2026-09-22 15:21:00,NATURALGAS,CE,255.0,NATURALGAS23SEP26255CE,16.75,16.75,16.4,16.4,13750,18
2026-09-22 15:21:00,NATURALGAS,PE,255.0,NATURALGAS23SEP26255PE,0.15,0.15,0.15,0.15,83750,18
2026-09-22 15:21:00,NATURALGAS,CE,260.0,NATURALGAS23SEP26260CE,11.85,11.95,11.8,11.8,63750,18
2026-09-22 15:21:00,NATURALGAS,PE,260.0,NATURALGAS23SEP26260PE,0.4,0.45,0.4,0.45,233750,18
2026-09-22 15:21:00,NATURALGAS,CE,265.0,NATURALGAS23SEP26265CE,7.7,7.8,7.55,7.55,220000,18
2026-09-22 15:21:00,NATURALGAS,PE,265.0,NATURALGAS23SEP26265PE,1.25,1.3,1.25,1.3,606250,18
2026-09-22 15:21:00,NATURALGAS,CE,270.0,NATURALGAS23SEP26270CE,4.5,4.5,4.35,4.35,596250,18
2026-09-22 15:21:00,NATURALGAS,PE,270.0,NATURALGAS23SEP26270PE,3.0,3.1,2.95,3.1,558750,18
2026-09-22 15:21:00,NATURALGAS,CE,275.0,NATURALGAS23SEP26275CE,2.35,2.4,2.3,2.3,573750,18
2026-09-22 15:21:00,NATURALGAS,PE,275.0,NATURALGAS23SEP26275PE,5.95,6.05,5.85,6.05,347500,18
2026-09-22 15:21:00,NATURALGAS,CE,280.0,NATURALGAS23SEP26280CE,1.1,1.15,1.1,1.1,263750,18
2026-09-22 15:21:00,NATURALGAS,PE,280.0,NATURALGAS23SEP26280PE,9.7,9.9,9.7,9.9,97500,18
2026-09-22 15:21:00,NATURALGAS,CE,285.0,NATURALGAS23SEP26285CE,0.5,0.55,0.5,0.5,85000,18
2026-09-22 15:21:00,NATURALGAS,PE,285.0,NATURALGAS23SEP26285PE,14.05,14.25,14.05,14.25,56250,18
2026-09-22 15:21:00,NATURALGAS,CE,290.0,NATURALGAS23SEP26290CE,0.25,0.25,0.25,0.25,153750,18
2026-09-22 15:21:00,NATURALGAS,PE,290.0,NATURALGAS23SEP26290PE,18.85,19.05,18.85,19.05,6250,18
2026-09-22 15:21:00,NATURALGAS,CE,295.0,NATURALGAS23SEP26295CE,0.1,0.15,0.1,0.1,20000,18
2026-09-22 15:21:00,NATURALGAS,PE,295.0,NATURALGAS23SEP26295PE,23.65,23.9,23.65,23.9,12500,18
2026-09-22 15:21:00,NATURALGAS,CE,300.0,NATURALGAS23SEP26300CE,0.05,0.1,0.05,0.1,1250,18
2026-09-22 15:21:00,NATURALGAS,PE,300.0,NATURALGAS23SEP26300PE,28.6,28.7,28.6,28.7,1250,18
2026-09-22 15:21:00,NATGASMINI,FUT,0.0,NATGASMINI25SEP26FUT,271.5,271.6,271.5,271.5,10750,18
2026-09-22 15:21:00,NATGASMINI,CE,240.0,NATGASMINI23SEP26240CE,33.25,33.25,33.25,33.25,0,18
2026-09-22 15:21:00,NATGASMINI,PE,240.0,NATGASMINI23SEP26240PE,0.05,0.05,0.05,0.05,0,18
2026-09-22 15:21:00,NATGASMINI,CE,245.0,NATGASMINI23SEP26245CE,30.4,30.4,30.4,30.4,0,18
2026-09-22 15:21:00,NATGASMINI,PE,245.0,NATGASMINI23SEP26245PE,0.05,0.05,0.05,0.05,0,18
2026-09-22 15:21:00,NATGASMINI,CE,250.0,NATGASMINI23SEP26250CE,21.5,21.5,21.5,21.5,0,18
2026-09-22 15:21:00,NATGASMINI,PE,250.0,NATGASMINI23SEP26250PE,0.05,0.1,0.05,0.1,1250,18
2026-09-22 15:21:00,NATGASMINI,CE,255.0,NATGASMINI23SEP26255CE,16.65,16.65,16.5,16.5,10750,18
2026-09-22 15:21:00,NATGASMINI,PE,255.0,NATGASMINI23SEP26255PE,0.15,0.15,0.15,0.15,2500,18
2026-09-22 15:21:00,NATGASMINI,CE,260.0,NATGASMINI23SEP26260CE,12.05,12.05,11.8,11.8,12000,18
2026-09-22 15:21:00,NATGASMINI,PE,260.0,NATGASMINI23SEP26260PE,0.4,0.45,0.4,0.4,1500,18
2026-09-22 15:21:00,NATGASMINI,CE,265.0,NATGASMINI23SEP26265CE,7.75,7.75,7.6,7.6,24250,18
2026-09-22 15:21:00,NATGASMINI,PE,265.0,NATGASMINI23SEP26265PE,1.2,1.25,1.2,1.25,77500,18
2026-09-22 15:21:00,NATGASMINI,CE,270.0,NATGASMINI23SEP26270CE,4.45,4.55,4.4,4.4,95000,18
2026-09-22 15:21:00,NATGASMINI,PE,270.0,NATGASMINI23SEP26270PE,3.05,3.1,3.0,3.1,250250,18
2026-09-22 15:21:00,NATGASMINI,CE,275.0,NATGASMINI23SEP26275CE,2.4,2.45,2.35,2.35,141500,18
2026-09-22 15:21:00,NATGASMINI,PE,275.0,NATGASMINI23SEP26275PE,5.95,6.05,5.95,6.05,84000,18
2026-09-22 15:21:00,NATGASMINI,CE,280.0,NATGASMINI23SEP26280CE,1.1,1.15,1.1,1.1,16500,18
2026-09-22 15:21:00,NATGASMINI,PE,280.0,NATGASMINI23SEP26280PE,9.75,9.9,9.75,9.9,8750,18
2026-09-22 15:21:00,NATGASMINI,CE,285.0,NATGASMINI23SEP26285CE,0.55,0.55,0.55,0.55,11000,18
2026-09-22 15:21:00,NATGASMINI,PE,285.0,NATGASMINI23SEP26285PE,14.0,14.2,14.0,14.2,2750,18
2026-09-22 15:21:00,NATGASMINI,CE,290.0,NATGASMINI23SEP26290CE,0.3,0.3,0.3,0.3,0,18
2026-09-22 15:21:00,NATGASMINI,PE,290.0,NATGASMINI23SEP26290PE,18.8,18.95,18.8,18.95,2000,18
2026-09-22 15:21:00,NATGASMINI,CE,295.0,NATGASMINI23SEP26295CE,0.15,0.15,0.15,0.15,250,18
2026-09-22 15:21:00,NATGASMINI,PE,295.0,NATGASMINI23SEP26295PE,23.55,23.75,23.55,23.75,500,18
2026-09-22 15:21:00,NATGASMINI,CE,300.0,NATGASMINI23SEP26300CE,0.1,0.1,0.1,0.1,52500,18
2026-09-22 15:21:00,NATGASMINI,PE,300.0,NATGASMINI23SEP26300PE,28.6,28.6,28.6,28.6,0,18
2026-09-22 15:22:00,NATURALGAS,FUT,0.0,NATURALGAS25SEP26FUT,271.5,271.5,271.1,271.1,50000,17
2026-09-22 15:22:00,NATURALGAS,CE,240.0,NATURALGAS23SEP26240CE,33.1,33.1,33.1,33.1,0,17
2026-09-22 15:22:00,NATURALGAS,PE,240.0,NATURALGAS23SEP26240PE,0.05,0.05,0.05,0.05,5000,17
2026-09-22 15:22:00,NATURALGAS,CE,245.0,NATURALGAS23SEP26245CE,27.3,27.3,27.3,27.3,0,17
2026-09-22 15:22:00,NATURALGAS,PE,245.0,NATURALGAS23SEP26245PE,0.05,0.05,0.05,0.05,1250,17
2026-09-22 15:22:00,NATURALGAS,CE,250.0,NATURALGAS23SEP26250CE,21.4,21.4,21.35,21.35,8750,17
2026-09-22 15:22:00,NATURALGAS,PE,250.0,NATURALGAS23SEP26250PE,0.1,0.1,0.1,0.1,60000,17
2026-09-22 15:22:00,NATURALGAS,CE,255.0,NATURALGAS23SEP26255CE,16.45,16.65,16.3,16.3,11250,17
2026-09-22 15:22:00,NATURALGAS,PE,255.0,NATURALGAS23SEP26255PE,0.15,0.15,0.1,0.15,7500,17
2026-09-22 15:22:00,NATURALGAS,CE,260.0,NATURALGAS23SEP26260CE,11.95,11.95,11.6,11.6,37500,17
2026-09-22 15:22:00,NATURALGAS,PE,260.0,NATURALGAS23SEP26260PE,0.45,0.45,0.45,0.45,547500,17
2026-09-22 15:22:00,NATURALGAS,CE,265.0,NATURALGAS23SEP26265CE,7.75,7.8,7.45,7.55,267500,17
2026-09-22 15:22:00,NATURALGAS,PE,265.0,NATURALGAS23SEP26265PE,1.25,1.3,1.25,1.3,491250,17
2026-09-22 15:22:00,NATURALGAS,CE,270.0,NATURALGAS23SEP26270CE,4.5,4.5,4.25,4.3,598750,17
2026-09-22 15:22:00,NATURALGAS,PE,270.0,NATURALGAS23SEP26270PE,3.0,3.2,3.0,3.2,842500,17
2026-09-22 15:22:00,NATURALGAS,CE,275.0,NATURALGAS23SEP26275CE,2.4,2.4,2.25,2.25,688750,17
2026-09-22 15:22:00,NATURALGAS,PE,275.0,NATURALGAS23SEP26275PE,5.85,6.15,5.85,6.1,295000,17
2026-09-22 15:22:00,NATURALGAS,CE,280.0,NATURALGAS23SEP26280CE,1.15,1.15,1.05,1.1,1488750,17
2026-09-22 15:22:00,NATURALGAS,PE,280.0,NATURALGAS23SEP26280PE,9.7,10.0,9.7,10.0,137500,17
2026-09-22 15:22:00,NATURALGAS,CE,285.0,NATURALGAS23SEP26285CE,0.5,0.55,0.5,0.5,28750,17
2026-09-22 15:22:00,NATURALGAS,PE,285.0,NATURALGAS23SEP26285PE,14.05,14.35,13.95,14.3,67500,17
2026-09-22 15:22:00,NATURALGAS,CE,290.0,NATURALGAS23SEP26290CE,0.3,0.3,0.25,0.25,138750,17
2026-09-22 15:22:00,NATURALGAS,PE,290.0,NATURALGAS23SEP26290PE,18.85,19.15,18.75,19.15,11250,17
2026-09-22 15:22:00,NATURALGAS,CE,295.0,NATURALGAS23SEP26295CE,0.1,0.1,0.1,0.1,10000,17
2026-09-22 15:22:00,NATURALGAS,PE,295.0,NATURALGAS23SEP26295PE,23.7,24.0,23.7,24.0,3750,17
2026-09-22 15:22:00,NATURALGAS,CE,300.0,NATURALGAS23SEP26300CE,0.1,0.1,0.1,0.1,0,17
2026-09-22 15:22:00,NATURALGAS,PE,300.0,NATURALGAS23SEP26300PE,28.6,28.9,28.6,28.9,1250,17
2026-09-22 15:22:00,NATGASMINI,FUT,0.0,NATGASMINI25SEP26FUT,271.3,271.5,271.2,271.2,52250,17
2026-09-22 15:22:00,NATGASMINI,CE,240.0,NATGASMINI23SEP26240CE,33.25,33.25,33.25,33.25,0,17
2026-09-22 15:22:00,NATGASMINI,PE,240.0,NATGASMINI23SEP26240PE,0.05,0.05,0.05,0.05,0,17
2026-09-22 15:22:00,NATGASMINI,CE,245.0,NATGASMINI23SEP26245CE,30.4,30.4,30.4,30.4,0,17
2026-09-22 15:22:00,NATGASMINI,PE,245.0,NATGASMINI23SEP26245PE,0.05,0.05,0.05,0.05,1000,17
2026-09-22 15:22:00,NATGASMINI,CE,250.0,NATGASMINI23SEP26250CE,21.5,21.5,21.5,21.5,0,17
2026-09-22 15:22:00,NATGASMINI,PE,250.0,NATGASMINI23SEP26250PE,0.1,0.1,0.1,0.1,0,17
2026-09-22 15:22:00,NATGASMINI,CE,255.0,NATGASMINI23SEP26255CE,16.65,16.65,16.3,16.3,1750,17
2026-09-22 15:22:00,NATGASMINI,PE,255.0,NATGASMINI23SEP26255PE,0.15,0.15,0.15,0.15,0,17
2026-09-22 15:22:00,NATGASMINI,CE,260.0,NATGASMINI23SEP26260CE,12.0,12.0,11.55,11.55,7500,17
2026-09-22 15:22:00,NATGASMINI,PE,260.0,NATGASMINI23SEP26260PE,0.4,0.45,0.4,0.45,3750,17
2026-09-22 15:22:00,NATGASMINI,CE,265.0,NATGASMINI23SEP26265CE,7.75,7.8,7.55,7.55,31500,17
2026-09-22 15:22:00,NATGASMINI,PE,265.0,NATGASMINI23SEP26265PE,1.25,1.3,1.25,1.3,231000,17
2026-09-22 15:22:00,NATGASMINI,CE,270.0,NATGASMINI23SEP26270CE,4.5,4.5,4.3,4.3,100250,17
2026-09-22 15:22:00,NATGASMINI,PE,270.0,NATGASMINI23SEP26270PE,3.0,3.2,3.0,3.2,209250,17
2026-09-22 15:22:00,NATGASMINI,CE,275.0,NATGASMINI23SEP26275CE,2.4,2.4,2.3,2.3,252000,17
2026-09-22 15:22:00,NATGASMINI,PE,275.0,NATGASMINI23SEP26275PE,5.95,6.15,5.9,6.15,113500,17
2026-09-22 15:22:00,NATGASMINI,CE,280.0,NATGASMINI23SEP26280CE,1.15,1.15,1.05,1.1,156000,17
2026-09-22 15:22:00,NATGASMINI,PE,280.0,NATGASMINI23SEP26280PE,9.75,10.05,9.7,10.05,59000,17
2026-09-22 15:22:00,NATGASMINI,CE,285.0,NATGASMINI23SEP26285CE,0.55,0.55,0.5,0.5,750,17
2026-09-22 15:22:00,NATGASMINI,PE,285.0,NATGASMINI23SEP26285PE,14.1,14.4,14.0,14.3,4750,17
2026-09-22 15:22:00,NATGASMINI,CE,290.0,NATGASMINI23SEP26290CE,0.25,0.25,0.25,0.25,0,17
2026-09-22 15:22:00,NATGASMINI,PE,290.0,NATGASMINI23SEP26290PE,18.8,18.8,18.8,18.8,0,17
2026-09-22 15:22:00,NATGASMINI,CE,295.0,NATGASMINI23SEP26295CE,0.15,0.15,0.1,0.1,13500,17
2026-09-22 15:22:00,NATGASMINI,PE,295.0,NATGASMINI23SEP26295PE,23.75,24.0,23.6,24.0,4000,17
2026-09-22 15:22:00,NATGASMINI,CE,300.0,NATGASMINI23SEP26300CE,0.1,0.1,0.1,0.1,21750,17
2026-09-22 15:22:00,NATGASMINI,PE,300.0,NATGASMINI23SEP26300PE,28.5,28.5,28.5,28.5,0,17
2026-09-22 15:23:00,NATURALGAS,FUT,0.0,NATURALGAS25SEP26FUT,271.2,271.2,271.1,271.1,56250,18
2026-09-22 15:23:00,NATURALGAS,CE,240.0,NATURALGAS23SEP26240CE,33.1,33.1,33.1,33.1,0,18
2026-09-22 15:23:00,NATURALGAS,PE,240.0,NATURALGAS23SEP26240PE,0.05,0.05,0.05,0.05,110000,18
2026-09-22 15:23:00,NATURALGAS,CE,245.0,NATURALGAS23SEP26245CE,27.3,27.3,27.3,27.3,0,18
2026-09-22 15:23:00,NATURALGAS,PE,245.0,NATURALGAS23SEP26245PE,0.05,0.05,0.05,0.05,7500,18
2026-09-22 15:23:00,NATURALGAS,CE,250.0,NATURALGAS23SEP26250CE,21.35,21.35,21.35,21.35,0,18
2026-09-22 15:23:00,NATURALGAS,PE,250.0,NATURALGAS23SEP26250PE,0.1,0.1,0.1,0.1,23750,18
2026-09-22 15:23:00,NATURALGAS,CE,255.0,NATURALGAS23SEP26255CE,16.3,16.4,16.3,16.4,1250,18
2026-09-22 15:23:00,NATURALGAS,PE,255.0,NATURALGAS23SEP26255PE,0.15,0.15,0.15,0.15,0,18
2026-09-22 15:23:00,NATURALGAS,CE,260.0,NATURALGAS23SEP26260CE,11.7,11.7,11.6,11.6,13750,18
2026-09-22 15:23:00,NATURALGAS,PE,260.0,NATURALGAS23SEP26260PE,0.45,0.5,0.45,0.5,40000,18
2026-09-22 15:23:00,NATURALGAS,CE,265.0,NATURALGAS23SEP26265CE,7.55,7.55,7.35,7.55,85000,18
2026-09-22 15:23:00,NATURALGAS,PE,265.0,NATURALGAS23SEP26265PE,1.3,1.35,1.3,1.35,157500,18
2026-09-22 15:23:00,NATURALGAS,CE,270.0,NATURALGAS23SEP26270CE,4.35,4.35,4.2,4.3,697500,18
2026-09-22 15:23:00,NATURALGAS,PE,270.0,NATURALGAS23SEP26270PE,3.15,3.25,3.15,3.15,860000,18
2026-09-22 15:23:00,NATURALGAS,CE,275.0,NATURALGAS23SEP26275CE,2.3,2.3,2.2,2.25,603750,18
2026-09-22 15:23:00,NATURALGAS,PE,275.0,NATURALGAS23SEP26275PE,6.1,6.25,6.1,6.1,395000,18
2026-09-22 15:23:00,NATURALGAS,CE,280.0,NATURALGAS23SEP26280CE,1.1,1.1,1.0,1.05,786250,18
2026-09-22 15:23:00,NATURALGAS,PE,280.0,NATURALGAS23SEP26280PE,9.95,10.05,9.85,9.95,131250,18
2026-09-22 15:23:00,NATURALGAS,CE,285.0,NATURALGAS23SEP26285CE,0.5,0.5,0.5,0.5,37500,18
2026-09-22 15:23:00,NATURALGAS,PE,285.0,NATURALGAS23SEP26285PE,14.3,14.45,14.25,14.35,51250,18
2026-09-22 15:23:00,NATURALGAS,CE,290.0,NATURALGAS23SEP26290CE,0.25,0.25,0.2,0.2,133750,18
2026-09-22 15:23:00,NATURALGAS,PE,290.0,NATURALGAS23SEP26290PE,19.1,19.1,19.05,19.05,2500,18
2026-09-22 15:23:00,NATURALGAS,CE,295.0,NATURALGAS23SEP26295CE,0.1,0.1,0.1,0.1,0,18
2026-09-22 15:23:00,NATURALGAS,PE,295.0,NATURALGAS23SEP26295PE,24.0,24.0,24.0,24.0,1250,18
2026-09-22 15:23:00,NATURALGAS,CE,300.0,NATURALGAS23SEP26300CE,0.1,0.1,0.1,0.1,0,18
2026-09-22 15:23:00,NATURALGAS,PE,300.0,NATURALGAS23SEP26300PE,28.9,28.9,28.9,28.9,0,18
2026-09-22 15:23:00,NATGASMINI,FUT,0.0,NATGASMINI25SEP26FUT,271.2,271.3,271.1,271.2,17500,18
2026-09-22 15:23:00,NATGASMINI,CE,240.0,NATGASMINI23SEP26240CE,33.25,33.25,33.25,33.25,0,18
2026-09-22 15:23:00,NATGASMINI,PE,240.0,NATGASMINI23SEP26240PE,0.05,0.05,0.05,0.05,0,18
2026-09-22 15:23:00,NATGASMINI,CE,245.0,NATGASMINI23SEP26245CE,30.4,30.4,30.4,30.4,0,18
2026-09-22 15:23:00,NATGASMINI,PE,245.0,NATGASMINI23SEP26245PE,0.05,0.1,0.05,0.1,250,18
2026-09-22 15:23:00,NATGASMINI,CE,250.0,NATGASMINI23SEP26250CE,21.5,21.5,21.5,21.5,0,18
2026-09-22 15:23:00,NATGASMINI,PE,250.0,NATGASMINI23SEP26250PE,0.1,0.1,0.1,0.1,0,18
2026-09-22 15:23:00,NATGASMINI,CE,255.0,NATGASMINI23SEP26255CE,16.3,16.3,16.3,16.3,0,18
2026-09-22 15:23:00,NATGASMINI,PE,255.0,NATGASMINI23SEP26255PE,0.15,0.15,0.15,0.15,0,18
2026-09-22 15:23:00,NATGASMINI,CE,260.0,NATGASMINI23SEP26260CE,11.75,11.75,11.6,11.7,3500,18
2026-09-22 15:23:00,NATGASMINI,PE,260.0,NATGASMINI23SEP26260PE,0.45,0.45,0.4,0.45,36000,18
2026-09-22 15:23:00,NATGASMINI,CE,265.0,NATGASMINI23SEP26265CE,7.55,7.6,7.4,7.5,13000,18
2026-09-22 15:23:00,NATGASMINI,PE,265.0,NATGASMINI23SEP26265PE,1.3,1.35,1.3,1.35,107000,18
2026-09-22 15:23:00,NATGASMINI,CE,270.0,NATGASMINI23SEP26270CE,4.35,4.35,4.25,4.3,61250,18
2026-09-22 15:23:00,NATGASMINI,PE,270.0,NATGASMINI23SEP26270PE,3.2,3.25,3.15,3.15,205250,18
2026-09-22 15:23:00,NATGASMINI,CE,275.0,NATGASMINI23SEP26275CE,2.3,2.35,2.25,2.3,500500,18
2026-09-22 15:23:00,NATGASMINI,PE,275.0,NATGASMINI23SEP26275PE,6.1,6.25,6.05,6.15,29500,18
2026-09-22 15:23:00,NATGASMINI,CE,280.0,NATGASMINI23SEP26280CE,1.1,1.1,1.05,1.1,15000,18
2026-09-22 15:23:00,NATGASMINI,PE,280.0,NATGASMINI23SEP26280PE,10.05,10.1,9.95,10.0,30500,18
2026-09-22 15:23:00,NATGASMINI,CE,285.0,NATGASMINI23SEP26285CE,0.5,0.55,0.5,0.5,151250,18
2026-09-22 15:23:00,NATGASMINI,PE,285.0,NATGASMINI23SEP26285PE,14.25,14.45,14.25,14.35,2500,18
2026-09-22 15:23:00,NATGASMINI,CE,290.0,NATGASMINI23SEP26290CE,0.25,0.25,0.25,0.25,0,18
2026-09-22 15:23:00,NATGASMINI,PE,290.0,NATGASMINI23SEP26290PE,18.8,18.8,18.8,18.8,0,18
2026-09-22 15:23:00,NATGASMINI,CE,295.0,NATGASMINI23SEP26295CE,0.1,0.1,0.1,0.1,0,18
2026-09-22 15:23:00,NATGASMINI,PE,295.0,NATGASMINI23SEP26295PE,24.05,24.05,23.95,23.95,500,18
2026-09-22 15:23:00,NATGASMINI,CE,300.0,NATGASMINI23SEP26300CE,0.1,0.1,0.1,0.1,0,18
2026-09-22 15:23:00,NATGASMINI,PE,300.0,NATGASMINI23SEP26300PE,28.5,28.5,28.5,28.5,0,18
2026-09-22 15:24:00,NATURALGAS,FUT,0.0,NATURALGAS25SEP26FUT,271.2,271.4,271.1,271.4,48750,18
2026-09-22 15:24:00,NATURALGAS,CE,240.0,NATURALGAS23SEP26240CE,33.1,33.1,33.1,33.1,0,18
2026-09-22 15:24:00,NATURALGAS,PE,240.0,NATURALGAS23SEP26240PE,0.05,0.05,0.05,0.05,0,18
2026-09-22 15:24:00,NATURALGAS,CE,245.0,NATURALGAS23SEP26245CE,27.3,27.3,27.3,27.3,0,18
2026-09-22 15:24:00,NATURALGAS,PE,245.0,NATURALGAS23SEP26245PE,0.05,0.05,0.05,0.05,0,18
2026-09-22 15:24:00,NATURALGAS,CE,250.0,NATURALGAS23SEP26250CE,21.35,21.35,21.35,21.35,0,18
2026-09-22 15:24:00,NATURALGAS,PE,250.0,NATURALGAS23SEP26250PE,0.1,0.1,0.1,0.1,0,18
2026-09-22 15:24:00,NATURALGAS,CE,255.0,NATURALGAS23SEP26255CE,16.4,16.4,16.4,16.4,0,18
2026-09-22 15:24:00,NATURALGAS,PE,255.0,NATURALGAS23SEP26255PE,0.15,0.2,0.15,0.2,1250,18
2026-09-22 15:24:00,NATURALGAS,CE,260.0,NATURALGAS23SEP26260CE,11.7,11.95,11.7,11.8,37500,18
2026-09-22 15:24:00,NATURALGAS,PE,260.0,NATURALGAS23SEP26260PE,0.5,0.5,0.5,0.5,5000,18
2026-09-22 15:24:00,NATURALGAS,CE,265.0,NATURALGAS23SEP26265CE,7.55,7.75,7.55,7.65,60000,18
2026-09-22 15:24:00,NATURALGAS,PE,265.0,NATURALGAS23SEP26265PE,1.35,1.35,1.25,1.35,288750,18
2026-09-22 15:24:00,NATURALGAS,CE,270.0,NATURALGAS23SEP26270CE,4.3,4.5,4.3,4.4,203750,18
2026-09-22 15:24:00,NATURALGAS,PE,270.0,NATURALGAS23SEP26270PE,3.2,3.2,3.1,3.1,427500,18
2026-09-22 15:24:00,NATURALGAS,CE,275.0,NATURALGAS23SEP26275CE,2.3,2.4,2.25,2.35,522500,18
2026-09-22 15:24:00,NATURALGAS,PE,275.0,NATURALGAS23SEP26275PE,6.1,6.15,5.95,6.0,158750,18
2026-09-22 15:24:00,NATURALGAS,CE,280.0,NATURALGAS23SEP26280CE,1.05,1.1,1.0,1.1,132500,18
2026-09-22 15:24:00,NATURALGAS,PE,280.0,NATURALGAS23SEP26280PE,10.0,10.0,9.75,9.8,110000,18
2026-09-22 15:24:00,NATURALGAS,CE,285.0,NATURALGAS23SEP26285CE,0.5,0.5,0.5,0.5,7500,18
2026-09-22 15:24:00,NATURALGAS,PE,285.0,NATURALGAS23SEP26285PE,14.25,14.3,14.25,14.3,13750,18
2026-09-22 15:24:00,NATURALGAS,CE,290.0,NATURALGAS23SEP26290CE,0.2,0.25,0.2,0.25,12500,18
2026-09-22 15:24:00,NATURALGAS,PE,290.0,NATURALGAS23SEP26290PE,19.05,19.05,19.05,19.05,0,18
2026-09-22 15:24:00,NATURALGAS,CE,295.0,NATURALGAS23SEP26295CE,0.1,0.1,0.1,0.1,0,18
2026-09-22 15:24:00,NATURALGAS,PE,295.0,NATURALGAS23SEP26295PE,24.0,24.0,24.0,24.0,0,18
2026-09-22 15:24:00,NATURALGAS,CE,300.0,NATURALGAS23SEP26300CE,0.1,0.1,0.1,0.1,0,18
2026-09-22 15:24:00,NATURALGAS,PE,300.0,NATURALGAS23SEP26300PE,28.9,28.9,28.9,28.9,0,18
2026-09-22 15:24:00,NATGASMINI,FUT,0.0,NATGASMINI25SEP26FUT,271.2,271.4,271.2,271.4,11750,18
2026-09-22 15:24:00,NATGASMINI,CE,240.0,NATGASMINI23SEP26240CE,33.25,33.25,33.25,33.25,0,18
2026-09-22 15:24:00,NATGASMINI,PE,240.0,NATGASMINI23SEP26240PE,0.05,0.05,0.05,0.05,0,18
2026-09-22 15:24:00,NATGASMINI,CE,245.0,NATGASMINI23SEP26245CE,30.4,30.4,30.4,30.4,0,18
2026-09-22 15:24:00,NATGASMINI,PE,245.0,NATGASMINI23SEP26245PE,0.1,0.1,0.1,0.1,0,18
2026-09-22 15:24:00,NATGASMINI,CE,250.0,NATGASMINI23SEP26250CE,21.5,21.5,21.5,21.5,0,18
2026-09-22 15:24:00,NATGASMINI,PE,250.0,NATGASMINI23SEP26250PE,0.1,0.1,0.1,0.1,0,18
2026-09-22 15:24:00,NATGASMINI,CE,255.0,NATGASMINI23SEP26255CE,16.3,16.45,16.3,16.45,5000,18
2026-09-22 15:24:00,NATGASMINI,PE,255.0,NATGASMINI23SEP26255PE,0.15,0.15,0.15,0.15,0,18
2026-09-22 15:24:00,NATGASMINI,CE,260.0,NATGASMINI23SEP26260CE,11.7,11.95,11.7,11.9,2250,18
2026-09-22 15:24:00,NATGASMINI,PE,260.0,NATGASMINI23SEP26260PE,0.45,0.45,0.4,0.4,9250,18
2026-09-22 15:24:00,NATGASMINI,CE,265.0,NATGASMINI23SEP26265CE,7.6,7.8,7.55,7.75,34500,18
2026-09-22 15:24:00,NATGASMINI,PE,265.0,NATGASMINI23SEP26265PE,1.35,1.35,1.25,1.25,57000,18
2026-09-22 15:24:00,NATGASMINI,CE,270.0,NATGASMINI23SEP26270CE,4.35,4.5,4.35,4.4,39750,18
2026-09-22 15:24:00,NATGASMINI,PE,270.0,NATGASMINI23SEP26270PE,3.2,3.2,3.05,3.15,162500,18
2026-09-22 15:24:00,NATGASMINI,CE,275.0,NATGASMINI23SEP26275CE,2.3,2.4,2.3,2.35,83500,18
2026-09-22 15:24:00,NATGASMINI,PE,275.0,NATGASMINI23SEP26275PE,6.1,6.15,6.0,6.0,51000,18
2026-09-22 15:24:00,NATGASMINI,CE,280.0,NATGASMINI23SEP26280CE,1.1,1.1,1.05,1.1,16750,18
2026-09-22 15:24:00,NATGASMINI,PE,280.0,NATGASMINI23SEP26280PE,10.0,10.0,9.75,9.75,8250,18
2026-09-22 15:24:00,NATGASMINI,CE,285.0,NATGASMINI23SEP26285CE,0.5,0.5,0.5,0.5,127750,18
2026-09-22 15:24:00,NATGASMINI,PE,285.0,NATGASMINI23SEP26285PE,14.35,14.35,14.25,14.25,2250,18
2026-09-22 15:24:00,NATGASMINI,CE,290.0,NATGASMINI23SEP26290CE,0.25,0.25,0.25,0.25,0,18
2026-09-22 15:24:00,NATGASMINI,PE,290.0,NATGASMINI23SEP26290PE,18.8,19.05,18.8,19.05,1000,18
2026-09-22 15:24:00,NATGASMINI,CE,295.0,NATGASMINI23SEP26295CE,0.1,0.1,0.1,0.1,0,18
2026-09-22 15:24:00,NATGASMINI,PE,295.0,NATGASMINI23SEP26295PE,23.95,23.95,23.75,23.75,250,18
2026-09-22 15:24:00,NATGASMINI,CE,300.0,NATGASMINI23SEP26300CE,0.1,0.1,0.1,0.1,500,18
2026-09-22 15:24:00,NATGASMINI,PE,300.0,NATGASMINI23SEP26300PE,28.5,28.7,28.5,28.7,250,18
2026-09-22 15:25:00,NATURALGAS,FUT,0.0,NATURALGAS25SEP26FUT,271.4,272.1,271.3,271.9,103750,18
2026-09-22 15:25:00,NATURALGAS,CE,240.0,NATURALGAS23SEP26240CE,33.1,33.1,33.1,33.1,0,18
2026-09-22 15:25:00,NATURALGAS,PE,240.0,NATURALGAS23SEP26240PE,0.05,0.05,0.05,0.05,0,18
2026-09-22 15:25:00,NATURALGAS,CE,245.0,NATURALGAS23SEP26245CE,27.3,27.3,27.3,27.3,0,18
2026-09-22 15:25:00,NATURALGAS,PE,245.0,NATURALGAS23SEP26245PE,0.05,0.05,0.05,0.05,0,18
2026-09-22 15:25:00,NATURALGAS,CE,250.0,NATURALGAS23SEP26250CE,21.35,22.05,21.35,22.0,13750,18
2026-09-22 15:25:00,NATURALGAS,PE,250.0,NATURALGAS23SEP26250PE,0.1,0.1,0.1,0.1,0,18
2026-09-22 15:25:00,NATURALGAS,CE,255.0,NATURALGAS23SEP26255CE,16.4,16.8,16.4,16.8,8750,18
2026-09-22 15:25:00,NATURALGAS,PE,255.0,NATURALGAS23SEP26255PE,0.2,0.2,0.15,0.15,85000,18
2026-09-22 15:25:00,NATURALGAS,CE,260.0,NATURALGAS23SEP26260CE,11.8,12.4,11.8,12.4,77500,18
2026-09-22 15:25:00,NATURALGAS,PE,260.0,NATURALGAS23SEP26260PE,0.5,0.5,0.45,0.45,733750,18
2026-09-22 15:25:00,NATURALGAS,CE,265.0,NATURALGAS23SEP26265CE,7.65,8.2,7.65,8.15,138750,18
2026-09-22 15:25:00,NATURALGAS,PE,265.0,NATURALGAS23SEP26265PE,1.3,1.3,1.2,1.2,355000,18
2026-09-22 15:25:00,NATURALGAS,CE,270.0,NATURALGAS23SEP26270CE,4.4,4.85,4.4,4.8,905000,18
2026-09-22 15:25:00,NATURALGAS,PE,270.0,NATURALGAS23SEP26270PE,3.1,3.1,2.85,2.85,1066250,18
2026-09-22 15:25:00,NATURALGAS,CE,275.0,NATURALGAS23SEP26275CE,2.35,2.6,2.35,2.6,915000,18
2026-09-22 15:25:00,NATURALGAS,PE,275.0,NATURALGAS23SEP26275PE,6.05,6.05,5.6,5.7,457500,18
2026-09-22 15:25:00,NATURALGAS,CE,280.0,NATURALGAS23SEP26280CE,1.1,1.25,1.1,1.2,805000,18
2026-09-22 15:25:00,NATURALGAS,PE,280.0,NATURALGAS23SEP26280PE,9.8,9.8,9.3,9.4,327500,18
2026-09-22 15:25:00,NATURALGAS,CE,285.0,NATURALGAS23SEP26285CE,0.5,0.55,0.5,0.55,1277500,18
2026-09-22 15:25:00,NATURALGAS,PE,285.0,NATURALGAS23SEP26285PE,14.15,14.15,13.55,13.55,95000,18
2026-09-22 15:25:00,NATURALGAS,CE,290.0,NATURALGAS23SEP26290CE,0.25,0.3,0.25,0.3,778750,18
2026-09-22 15:25:00,NATURALGAS,PE,290.0,NATURALGAS23SEP26290PE,19.05,19.05,18.35,18.4,8750,18
2026-09-22 15:25:00,NATURALGAS,CE,295.0,NATURALGAS23SEP26295CE,0.1,0.1,0.1,0.1,1250,18
2026-09-22 15:25:00,NATURALGAS,PE,295.0,NATURALGAS23SEP26295PE,24.0,24.0,23.2,23.2,2500,18
2026-09-22 15:25:00,NATURALGAS,CE,300.0,NATURALGAS23SEP26300CE,0.1,0.1,0.1,0.1,0,18
2026-09-22 15:25:00,NATURALGAS,PE,300.0,NATURALGAS23SEP26300PE,28.9,28.9,28.9,28.9,0,18
2026-09-22 15:25:00,NATGASMINI,FUT,0.0,NATGASMINI25SEP26FUT,271.4,272.1,271.4,271.9,27000,18
2026-09-22 15:25:00,NATGASMINI,CE,240.0,NATGASMINI23SEP26240CE,33.25,33.25,33.25,33.25,0,18
2026-09-22 15:25:00,NATGASMINI,PE,240.0,NATGASMINI23SEP26240PE,0.05,0.05,0.05,0.05,0,18
2026-09-22 15:25:00,NATGASMINI,CE,245.0,NATGASMINI23SEP26245CE,30.4,30.4,30.4,30.4,0,18
2026-09-22 15:25:00,NATGASMINI,PE,245.0,NATGASMINI23SEP26245PE,0.1,0.1,0.05,0.05,250,18
2026-09-22 15:25:00,NATGASMINI,CE,250.0,NATGASMINI23SEP26250CE,21.5,21.5,21.5,21.5,0,18
2026-09-22 15:25:00,NATGASMINI,PE,250.0,NATGASMINI23SEP26250PE,0.1,0.1,0.1,0.1,0,18
2026-09-22 15:25:00,NATGASMINI,CE,255.0,NATGASMINI23SEP26255CE,16.45,17.15,16.45,17.15,9750,18
2026-09-22 15:25:00,NATGASMINI,PE,255.0,NATGASMINI23SEP26255PE,0.15,0.15,0.1,0.1,3750,18
2026-09-22 15:25:00,NATGASMINI,CE,260.0,NATGASMINI23SEP26260CE,11.9,12.5,11.9,12.5,23750,18
2026-09-22 15:25:00,NATGASMINI,PE,260.0,NATGASMINI23SEP26260PE,0.4,0.45,0.4,0.45,7500,18
2026-09-22 15:25:00,NATGASMINI,CE,265.0,NATGASMINI23SEP26265CE,7.7,8.3,7.7,8.25,40500,18
2026-09-22 15:25:00,NATGASMINI,PE,265.0,NATGASMINI23SEP26265PE,1.25,1.3,1.15,1.15,130250,18
2026-09-22 15:25:00,NATGASMINI,CE,270.0,NATGASMINI23SEP26270CE,4.45,4.85,4.45,4.85,212000,18
2026-09-22 15:25:00,NATGASMINI,PE,270.0,NATGASMINI23SEP26270PE,3.1,3.1,2.85,2.9,307000,18
2026-09-22 15:25:00,NATGASMINI,CE,275.0,NATGASMINI23SEP26275CE,2.35,2.65,2.35,2.6,302750,18
2026-09-22 15:25:00,NATGASMINI,PE,275.0,NATGASMINI23SEP26275PE,6.05,6.05,5.6,5.6,136750,18
2026-09-22 15:25:00,NATGASMINI,CE,280.0,NATGASMINI23SEP26280CE,1.1,1.25,1.1,1.25,136250,18
2026-09-22 15:25:00,NATGASMINI,PE,280.0,NATGASMINI23SEP26280PE,9.75,9.75,9.25,9.35,48000,18
2026-09-22 15:25:00,NATGASMINI,CE,285.0,NATGASMINI23SEP26285CE,0.5,0.55,0.5,0.55,611000,18
2026-09-22 15:25:00,NATGASMINI,PE,285.0,NATGASMINI23SEP26285PE,14.25,14.25,13.5,13.6,12000,18
2026-09-22 15:25:00,NATGASMINI,CE,290.0,NATGASMINI23SEP26290CE,0.25,0.3,0.25,0.25,1500,18
2026-09-22 15:25:00,NATGASMINI,PE,290.0,NATGASMINI23SEP26290PE,19.05,19.05,18.4,18.4,1500,18
2026-09-22 15:25:00,NATGASMINI,CE,295.0,NATGASMINI23SEP26295CE,0.1,0.15,0.1,0.15,7250,18
2026-09-22 15:25:00,NATGASMINI,PE,295.0,NATGASMINI23SEP26295PE,23.75,23.75,23.4,23.4,500,18
2026-09-22 15:25:00,NATGASMINI,CE,300.0,NATGASMINI23SEP26300CE,0.1,0.1,0.1,0.1,1250,18
2026-09-22 15:25:00,NATGASMINI,PE,300.0,NATGASMINI23SEP26300PE,28.7,28.7,28.15,28.15,1500,18
2026-09-22 15:26:00,NATURALGAS,FUT,0.0,NATURALGAS25SEP26FUT,271.9,272.0,271.6,271.8,98750,18
2026-09-22 15:26:00,NATURALGAS,CE,240.0,NATURALGAS23SEP26240CE,33.1,33.1,33.1,33.1,0,18
2026-09-22 15:26:00,NATURALGAS,PE,240.0,NATURALGAS23SEP26240PE,0.05,0.05,0.05,0.05,0,18
2026-09-22 15:26:00,NATURALGAS,CE,245.0,NATURALGAS23SEP26245CE,27.3,27.3,27.3,27.3,0,18
2026-09-22 15:26:00,NATURALGAS,PE,245.0,NATURALGAS23SEP26245PE,0.05,0.05,0.05,0.05,0,18
2026-09-22 15:26:00,NATURALGAS,CE,250.0,NATURALGAS23SEP26250CE,22.0,22.0,21.85,21.85,1250,18
2026-09-22 15:26:00,NATURALGAS,PE,250.0,NATURALGAS23SEP26250PE,0.1,0.1,0.1,0.1,0,18
2026-09-22 15:26:00,NATURALGAS,CE,255.0,NATURALGAS23SEP26255CE,16.8,17.05,16.75,16.95,16250,18
2026-09-22 15:26:00,NATURALGAS,PE,255.0,NATURALGAS23SEP26255PE,0.15,0.15,0.1,0.15,122500,18
2026-09-22 15:26:00,NATURALGAS,CE,260.0,NATURALGAS23SEP26260CE,12.4,12.4,12.1,12.3,127500,18
2026-09-22 15:26:00,NATURALGAS,PE,260.0,NATURALGAS23SEP26260PE,0.45,0.45,0.4,0.4,516250,18
2026-09-22 15:26:00,NATURALGAS,CE,265.0,NATURALGAS23SEP26265CE,8.15,8.2,7.95,8.05,225000,18
2026-09-22 15:26:00,NATURALGAS,PE,265.0,NATURALGAS23SEP26265PE,1.2,1.25,1.15,1.2,261250,18
2026-09-22 15:26:00,NATURALGAS,CE,270.0,NATURALGAS23SEP26270CE,4.85,4.9,4.65,4.75,900000,18
2026-09-22 15:26:00,NATURALGAS,PE,270.0,NATURALGAS23SEP26270PE,2.85,3.0,2.8,2.9,762500,18
2026-09-22 15:26:00,NATURALGAS,CE,275.0,NATURALGAS23SEP26275CE,2.6,2.65,2.45,2.55,850000,18
2026-09-22 15:26:00,NATURALGAS,PE,275.0,NATURALGAS23SEP26275PE,5.7,5.9,5.6,5.75,231250,18
2026-09-22 15:26:00,NATURALGAS,CE,280.0,NATURALGAS23SEP26280CE,1.25,1.25,1.15,1.2,296250,18
2026-09-22 15:26:00,NATURALGAS,PE,280.0,NATURALGAS23SEP26280PE,9.4,9.6,9.3,9.45,236250,18
2026-09-22 15:26:00,NATURALGAS,CE,285.0,NATURALGAS23SEP26285CE,0.55,0.6,0.55,0.55,805000,18
2026-09-22 15:26:00,NATURALGAS,PE,285.0,NATURALGAS23SEP26285PE,13.55,13.9,13.55,13.75,35000,18
2026-09-22 15:26:00,NATURALGAS,CE,290.0,NATURALGAS23SEP26290CE,0.3,0.3,0.25,0.25,6250,18
2026-09-22 15:26:00,NATURALGAS,PE,290.0,NATURALGAS23SEP26290PE,18.4,18.65,18.4,18.65,2500,18
2026-09-22 15:26:00,NATURALGAS,CE,295.0,NATURALGAS23SEP26295CE,0.1,0.1,0.1,0.1,0,18
2026-09-22 15:26:00,NATURALGAS,PE,295.0,NATURALGAS23SEP26295PE,23.2,23.5,23.2,23.5,16250,18
2026-09-22 15:26:00,NATURALGAS,CE,300.0,NATURALGAS23SEP26300CE,0.1,0.1,0.1,0.1,0,18
2026-09-22 15:26:00,NATURALGAS,PE,300.0,NATURALGAS23SEP26300PE,28.9,28.9,28.35,28.35,1250,18
2026-09-22 15:26:00,NATGASMINI,FUT,0.0,NATGASMINI25SEP26FUT,271.9,272.1,271.8,271.8,31000,18
2026-09-22 15:26:00,NATGASMINI,CE,240.0,NATGASMINI23SEP26240CE,33.25,33.25,33.25,33.25,0,18
2026-09-22 15:26:00,NATGASMINI,PE,240.0,NATGASMINI23SEP26240PE,0.05,0.1,0.05,0.1,10750,18
2026-09-22 15:26:00,NATGASMINI,CE,245.0,NATGASMINI23SEP26245CE,30.4,30.4,30.4,30.4,0,18
2026-09-22 15:26:00,NATGASMINI,PE,245.0,NATGASMINI23SEP26245PE,0.05,0.05,0.05,0.05,0,18
2026-09-22 15:26:00,NATGASMINI,CE,250.0,NATGASMINI23SEP26250CE,21.5,21.5,21.5,21.5,0,18
2026-09-22 15:26:00,NATGASMINI,PE,250.0,NATGASMINI23SEP26250PE,0.1,0.1,0.05,0.05,4000,18
2026-09-22 15:26:00,NATGASMINI,CE,255.0,NATGASMINI23SEP26255CE,17.15,17.15,16.85,16.85,3750,18
2026-09-22 15:26:00,NATGASMINI,PE,255.0,NATGASMINI23SEP26255PE,0.1,0.1,0.1,0.1,0,18
2026-09-22 15:26:00,NATGASMINI,CE,260.0,NATGASMINI23SEP26260CE,12.5,12.5,12.2,12.3,7750,18
2026-09-22 15:26:00,NATGASMINI,PE,260.0,NATGASMINI23SEP26260PE,0.45,0.45,0.4,0.45,1250,18
2026-09-22 15:26:00,NATGASMINI,CE,265.0,NATGASMINI23SEP26265CE,8.3,8.3,7.95,8.15,48000,18
2026-09-22 15:26:00,NATGASMINI,PE,265.0,NATGASMINI23SEP26265PE,1.2,1.25,1.15,1.25,63500,18
2026-09-22 15:26:00,NATGASMINI,CE,270.0,NATGASMINI23SEP26270CE,4.85,4.9,4.65,4.8,100000,18
2026-09-22 15:26:00,NATGASMINI,PE,270.0,NATGASMINI23SEP26270PE,2.9,3.0,2.85,2.95,113500,18
2026-09-22 15:26:00,NATGASMINI,CE,275.0,NATGASMINI23SEP26275CE,2.65,2.7,2.5,2.6,169500,18
2026-09-22 15:26:00,NATGASMINI,PE,275.0,NATGASMINI23SEP26275PE,5.6,5.9,5.6,5.75,35750,18
2026-09-22 15:26:00,NATGASMINI,CE,280.0,NATGASMINI23SEP26280CE,1.3,1.3,1.2,1.2,61750,18
2026-09-22 15:26:00,NATGASMINI,PE,280.0,NATGASMINI23SEP26280PE,9.35,9.6,9.35,9.6,12000,18
2026-09-22 15:26:00,NATGASMINI,CE,285.0,NATGASMINI23SEP26285CE,0.55,0.6,0.5,0.55,225750,18
2026-09-22 15:26:00,NATGASMINI,PE,285.0,NATGASMINI23SEP26285PE,13.6,13.95,13.6,13.95,8750,18
2026-09-22 15:26:00,NATGASMINI,CE,290.0,NATGASMINI23SEP26290CE,0.25,0.3,0.25,0.3,1000,18
2026-09-22 15:26:00,NATGASMINI,PE,290.0,NATGASMINI23SEP26290PE,18.4,18.65,18.4,18.45,12250,18
2026-09-22 15:26:00,NATGASMINI,CE,295.0,NATGASMINI23SEP26295CE,0.15,0.15,0.1,0.15,2000,18
2026-09-22 15:26:00,NATGASMINI,PE,295.0,NATGASMINI23SEP26295PE,23.4,23.4,23.3,23.3,1750,18
2026-09-22 15:26:00,NATGASMINI,CE,300.0,NATGASMINI23SEP26300CE,0.1,0.15,0.1,0.1,3750,18
2026-09-22 15:26:00,NATGASMINI,PE,300.0,NATGASMINI23SEP26300PE,28.15,28.15,28.15,28.15,0,18
2026-09-22 15:27:00,NATURALGAS,FUT,0.0,NATURALGAS25SEP26FUT,271.8,272.0,271.8,272.0,23750,17
2026-09-22 15:27:00,NATURALGAS,CE,240.0,NATURALGAS23SEP26240CE,33.1,33.1,33.1,33.1,0,17
2026-09-22 15:27:00,NATURALGAS,PE,240.0,NATURALGAS23SEP26240PE,0.05,0.05,0.05,0.05,0,17
2026-09-22 15:27:00,NATURALGAS,CE,245.0,NATURALGAS23SEP26245CE,27.3,27.3,27.3,27.3,0,17
2026-09-22 15:27:00,NATURALGAS,PE,245.0,NATURALGAS23SEP26245PE,0.05,0.05,0.05,0.05,5000,17
2026-09-22 15:27:00,NATURALGAS,CE,250.0,NATURALGAS23SEP26250CE,22.0,22.05,22.0,22.05,7500,17
2026-09-22 15:27:00,NATURALGAS,PE,250.0,NATURALGAS23SEP26250PE,0.1,0.1,0.1,0.1,10000,17
2026-09-22 15:27:00,NATURALGAS,CE,255.0,NATURALGAS23SEP26255CE,17.0,17.0,17.0,17.0,0,17
2026-09-22 15:27:00,NATURALGAS,PE,255.0,NATURALGAS23SEP26255PE,0.15,0.15,0.15,0.15,0,17
2026-09-22 15:27:00,NATURALGAS,CE,260.0,NATURALGAS23SEP26260CE,12.3,12.45,12.3,12.3,28750,17
2026-09-22 15:27:00,NATURALGAS,PE,260.0,NATURALGAS23SEP26260PE,0.4,0.4,0.4,0.4,11250,17
2026-09-22 15:27:00,NATURALGAS,CE,265.0,NATURALGAS23SEP26265CE,8.1,8.15,8.1,8.1,105000,17
2026-09-22 15:27:00,NATURALGAS,PE,265.0,NATURALGAS23SEP26265PE,1.2,1.25,1.15,1.2,278750,17
2026-09-22 15:27:00,NATURALGAS,CE,270.0,NATURALGAS23SEP26270CE,4.75,4.85,4.75,4.8,318750,17
2026-09-22 15:27:00,NATURALGAS,PE,270.0,NATURALGAS23SEP26270PE,2.95,2.95,2.85,2.85,568750,17
2026-09-22 15:27:00,NATURALGAS,CE,275.0,NATURALGAS23SEP26275CE,2.55,2.6,2.55,2.6,321250,17
2026-09-22 15:27:00,NATURALGAS,PE,275.0,NATURALGAS23SEP26275PE,5.7,5.7,5.6,5.65,217500,17
2026-09-22 15:27:00,NATURALGAS,CE,280.0,NATURALGAS23SEP26280CE,1.2,1.25,1.2,1.25,135000,17
2026-09-22 15:27:00,NATURALGAS,PE,280.0,NATURALGAS23SEP26280PE,9.4,9.4,9.3,9.4,37500,17
2026-09-22 15:27:00,NATURALGAS,CE,285.0,NATURALGAS23SEP26285CE,0.55,0.6,0.55,0.55,110000,17
2026-09-22 15:27:00,NATURALGAS,PE,285.0,NATURALGAS23SEP26285PE,13.75,13.75,13.6,13.7,11250,17
2026-09-22 15:27:00,NATURALGAS,CE,290.0,NATURALGAS23SEP26290CE,0.25,0.3,0.25,0.3,15000,17
2026-09-22 15:27:00,NATURALGAS,PE,290.0,NATURALGAS23SEP26290PE,18.65,18.65,18.3,18.4,8750,17
2026-09-22 15:27:00,NATURALGAS,CE,295.0,NATURALGAS23SEP26295CE,0.15,0.15,0.1,0.15,10000,17
2026-09-22 15:27:00,NATURALGAS,PE,295.0,NATURALGAS23SEP26295PE,23.5,23.5,23.5,23.5,0,17
2026-09-22 15:27:00,NATURALGAS,CE,300.0,NATURALGAS23SEP26300CE,0.1,0.1,0.1,0.1,0,17
2026-09-22 15:27:00,NATURALGAS,PE,300.0,NATURALGAS23SEP26300PE,28.35,28.35,28.35,28.35,0,17
2026-09-22 15:27:00,NATGASMINI,FUT,0.0,NATGASMINI25SEP26FUT,271.8,272.1,271.8,271.9,10250,17
2026-09-22 15:27:00,NATGASMINI,CE,240.0,NATGASMINI23SEP26240CE,33.25,33.25,33.25,33.25,0,17
2026-09-22 15:27:00,NATGASMINI,PE,240.0,NATGASMINI23SEP26240PE,0.1,0.1,0.1,0.1,0,17
2026-09-22 15:27:00,NATGASMINI,CE,245.0,NATGASMINI23SEP26245CE,30.4,30.4,30.4,30.4,0,17
2026-09-22 15:27:00,NATGASMINI,PE,245.0,NATGASMINI23SEP26245PE,0.05,0.05,0.05,0.05,0,17
2026-09-22 15:27:00,NATGASMINI,CE,250.0,NATGASMINI23SEP26250CE,21.5,21.5,21.5,21.5,0,17
2026-09-22 15:27:00,NATGASMINI,PE,250.0,NATGASMINI23SEP26250PE,0.05,0.1,0.05,0.1,250,17
2026-09-22 15:27:00,NATGASMINI,CE,255.0,NATGASMINI23SEP26255CE,16.85,16.85,16.85,16.85,0,17
2026-09-22 15:27:00,NATGASMINI,PE,255.0,NATGASMINI23SEP26255PE,0.1,0.15,0.1,0.15,4750,17
2026-09-22 15:27:00,NATGASMINI,CE,260.0,NATGASMINI23SEP26260CE,12.3,12.5,12.3,12.4,4250,17
2026-09-22 15:27:00,NATGASMINI,PE,260.0,NATGASMINI23SEP26260PE,0.45,0.45,0.4,0.45,7250,17
2026-09-22 15:27:00,NATGASMINI,CE,265.0,NATGASMINI23SEP26265CE,8.1,8.25,8.1,8.25,26250,17
2026-09-22 15:27:00,NATGASMINI,PE,265.0,NATGASMINI23SEP26265PE,1.25,1.25,1.2,1.2,99250,17
2026-09-22 15:27:00,NATGASMINI,CE,270.0,NATGASMINI23SEP26270CE,4.8,4.9,4.8,4.8,102250,17
2026-09-22 15:27:00,NATGASMINI,PE,270.0,NATGASMINI23SEP26270PE,2.95,2.95,2.85,2.9,125000,17
2026-09-22 15:27:00,NATGASMINI,CE,275.0,NATGASMINI23SEP26275CE,2.6,2.65,2.6,2.65,101250,17
2026-09-22 15:27:00,NATGASMINI,PE,275.0,NATGASMINI23SEP26275PE,5.75,5.75,5.65,5.65,32500,17
2026-09-22 15:27:00,NATGASMINI,CE,280.0,NATGASMINI23SEP26280CE,1.25,1.25,1.25,1.25,58250,17
2026-09-22 15:27:00,NATGASMINI,PE,280.0,NATGASMINI23SEP26280PE,9.4,9.4,9.3,9.4,13000,17
2026-09-22 15:27:00,NATGASMINI,CE,285.0,NATGASMINI23SEP26285CE,0.55,0.6,0.55,0.55,291500,17
2026-09-22 15:27:00,NATGASMINI,PE,285.0,NATGASMINI23SEP26285PE,13.95,13.95,13.55,13.7,1500,17
2026-09-22 15:27:00,NATGASMINI,CE,290.0,NATGASMINI23SEP26290CE,0.3,0.3,0.25,0.25,7000,17
2026-09-22 15:27:00,NATGASMINI,PE,290.0,NATGASMINI23SEP26290PE,18.45,18.45,18.45,18.45,0,17
2026-09-22 15:27:00,NATGASMINI,CE,295.0,NATGASMINI23SEP26295CE,0.15,0.15,0.1,0.1,2500,17
2026-09-22 15:27:00,NATGASMINI,PE,295.0,NATGASMINI23SEP26295PE,23.3,23.3,23.1,23.1,250,17
2026-09-22 15:27:00,NATGASMINI,CE,300.0,NATGASMINI23SEP26300CE,0.15,0.15,0.15,0.15,0,17
2026-09-22 15:27:00,NATGASMINI,PE,300.0,NATGASMINI23SEP26300PE,28.15,28.15,28.15,28.15,0,17
2026-09-22 15:28:00,NATURALGAS,FUT,0.0,NATURALGAS25SEP26FUT,272.0,272.0,271.8,271.8,11250,18
2026-09-22 15:28:00,NATURALGAS,CE,240.0,NATURALGAS23SEP26240CE,33.1,33.1,33.1,33.1,0,18
2026-09-22 15:28:00,NATURALGAS,PE,240.0,NATURALGAS23SEP26240PE,0.05,0.05,0.05,0.05,116250,18
2026-09-22 15:28:00,NATURALGAS,CE,245.0,NATURALGAS23SEP26245CE,27.3,27.3,27.3,27.3,0,18
2026-09-22 15:28:00,NATURALGAS,PE,245.0,NATURALGAS23SEP26245PE,0.05,0.05,0.05,0.05,0,18
2026-09-22 15:28:00,NATURALGAS,CE,250.0,NATURALGAS23SEP26250CE,22.05,22.05,21.95,21.95,1250,18
2026-09-22 15:28:00,NATURALGAS,PE,250.0,NATURALGAS23SEP26250PE,0.1,0.1,0.1,0.1,0,18
2026-09-22 15:28:00,NATURALGAS,CE,255.0,NATURALGAS23SEP26255CE,17.0,17.0,17.0,17.0,0,18
2026-09-22 15:28:00,NATURALGAS,PE,255.0,NATURALGAS23SEP26255PE,0.15,0.15,0.15,0.15,30000,18
2026-09-22 15:28:00,NATURALGAS,CE,260.0,NATURALGAS23SEP26260CE,12.3,12.4,12.3,12.3,36250,18
2026-09-22 15:28:00,NATURALGAS,PE,260.0,NATURALGAS23SEP26260PE,0.45,0.45,0.4,0.4,13750,18
2026-09-22 15:28:00,NATURALGAS,CE,265.0,NATURALGAS23SEP26265CE,8.1,8.15,8.05,8.05,40000,18
2026-09-22 15:28:00,NATURALGAS,PE,265.0,NATURALGAS23SEP26265PE,1.2,1.2,1.15,1.2,71250,18
2026-09-22 15:28:00,NATURALGAS,CE,270.0,NATURALGAS23SEP26270CE,4.8,4.8,4.75,4.75,247500,18
2026-09-22 15:28:00,NATURALGAS,PE,270.0,NATURALGAS23SEP26270PE,2.85,2.9,2.8,2.85,417500,18
2026-09-22 15:28:00,NATURALGAS,CE,275.0,NATURALGAS23SEP26275CE,2.55,2.6,2.55,2.55,385000,18
2026-09-22 15:28:00,NATURALGAS,PE,275.0,NATURALGAS23SEP26275PE,5.7,5.75,5.65,5.7,83750,18
2026-09-22 15:28:00,NATURALGAS,CE,280.0,NATURALGAS23SEP26280CE,1.2,1.2,1.15,1.15,281250,18
2026-09-22 15:28:00,NATURALGAS,PE,280.0,NATURALGAS23SEP26280PE,9.4,9.45,9.35,9.45,5000,18
2026-09-22 15:28:00,NATURALGAS,CE,285.0,NATURALGAS23SEP26285CE,0.55,0.6,0.55,0.55,176250,18
2026-09-22 15:28:00,NATURALGAS,PE,285.0,NATURALGAS23SEP26285PE,13.7,13.7,13.7,13.7,0,18
2026-09-22 15:28:00,NATURALGAS,CE,290.0,NATURALGAS23SEP26290CE,0.3,0.3,0.3,0.3,18750,18
2026-09-22 15:28:00,NATURALGAS,PE,290.0,NATURALGAS23SEP26290PE,18.4,18.4,18.4,18.4,0,18
2026-09-22 15:28:00,NATURALGAS,CE,295.0,NATURALGAS23SEP26295CE,0.15,0.15,0.15,0.15,1250,18
2026-09-22 15:28:00,NATURALGAS,PE,295.0,NATURALGAS23SEP26295PE,23.5,23.5,23.5,23.5,0,18
2026-09-22 15:28:00,NATURALGAS,CE,300.0,NATURALGAS23SEP26300CE,0.05,0.05,0.05,0.05,0,18
2026-09-22 15:28:00,NATURALGAS,PE,300.0,NATURALGAS23SEP26300PE,28.35,28.35,28.35,28.35,0,18
2026-09-22 15:28:00,NATGASMINI,FUT,0.0,NATGASMINI25SEP26FUT,271.9,272.0,271.9,271.9,6000,18
2026-09-22 15:28:00,NATGASMINI,CE,240.0,NATGASMINI23SEP26240CE,33.25,33.25,33.25,33.25,0,18
2026-09-22 15:28:00,NATGASMINI,PE,240.0,NATGASMINI23SEP26240PE,0.1,0.1,0.1,0.1,250,18
2026-09-22 15:28:00,NATGASMINI,CE,245.0,NATGASMINI23SEP26245CE,30.4,30.4,30.4,30.4,0,18
2026-09-22 15:28:00,NATGASMINI,PE,245.0,NATGASMINI23SEP26245PE,0.05,0.05,0.05,0.05,250,18
2026-09-22 15:28:00,NATGASMINI,CE,250.0,NATGASMINI23SEP26250CE,21.5,21.5,21.5,21.5,0,18
2026-09-22 15:28:00,NATGASMINI,PE,250.0,NATGASMINI23SEP26250PE,0.1,0.1,0.1,0.1,0,18
2026-09-22 15:28:00,NATGASMINI,CE,255.0,NATGASMINI23SEP26255CE,16.85,16.85,16.85,16.85,0,18
2026-09-22 15:28:00,NATGASMINI,PE,255.0,NATGASMINI23SEP26255PE,0.15,0.15,0.15,0.15,0,18
2026-09-22 15:28:00,NATGASMINI,CE,260.0,NATGASMINI23SEP26260CE,12.4,12.45,12.4,12.45,1750,18
2026-09-22 15:28:00,NATGASMINI,PE,260.0,NATGASMINI23SEP26260PE,0.45,0.45,0.4,0.4,10500,18
2026-09-22 15:28:00,NATGASMINI,CE,265.0,NATGASMINI23SEP26265CE,8.15,8.2,8.1,8.1,4750,18
2026-09-22 15:28:00,NATGASMINI,PE,265.0,NATGASMINI23SEP26265PE,1.2,1.25,1.15,1.25,60500,18
2026-09-22 15:28:00,NATGASMINI,CE,270.0,NATGASMINI23SEP26270CE,4.75,4.85,4.75,4.8,57000,18
2026-09-22 15:28:00,NATGASMINI,PE,270.0,NATGASMINI23SEP26270PE,2.9,2.95,2.85,2.95,73250,18
2026-09-22 15:28:00,NATGASMINI,CE,275.0,NATGASMINI23SEP26275CE,2.6,2.65,2.55,2.55,132250,18
2026-09-22 15:28:00,NATGASMINI,PE,275.0,NATGASMINI23SEP26275PE,5.7,5.8,5.65,5.75,28250,18
2026-09-22 15:28:00,NATGASMINI,CE,280.0,NATGASMINI23SEP26280CE,1.25,1.25,1.2,1.2,144250,18
2026-09-22 15:28:00,NATGASMINI,PE,280.0,NATGASMINI23SEP26280PE,9.4,9.5,9.35,9.5,2750,18
2026-09-22 15:28:00,NATGASMINI,CE,285.0,NATGASMINI23SEP26285CE,0.55,0.6,0.5,0.55,39000,18
2026-09-22 15:28:00,NATGASMINI,PE,285.0,NATGASMINI23SEP26285PE,13.7,13.7,13.65,13.65,250,18
2026-09-22 15:28:00,NATGASMINI,CE,290.0,NATGASMINI23SEP26290CE,0.25,0.3,0.25,0.3,15250,18
2026-09-22 15:28:00,NATGASMINI,PE,290.0,NATGASMINI23SEP26290PE,18.45,18.45,18.3,18.3,250,18
2026-09-22 15:28:00,NATGASMINI,CE,295.0,NATGASMINI23SEP26295CE,0.1,0.1,0.1,0.1,48750,18
2026-09-22 15:28:00,NATGASMINI,PE,295.0,NATGASMINI23SEP26295PE,23.1,23.1,23.1,23.1,0,18
2026-09-22 15:28:00,NATGASMINI,CE,300.0,NATGASMINI23SEP26300CE,0.15,0.15,0.15,0.15,0,18
2026-09-22 15:28:00,NATGASMINI,PE,300.0,NATGASMINI23SEP26300PE,28.15,28.15,28.15,28.15,0,18
2026-09-22 15:29:00,NATURALGAS,FUT,0.0,NATURALGAS25SEP26FUT,271.8,271.9,271.8,271.9,10000,18
2026-09-22 15:29:00,NATURALGAS,CE,240.0,NATURALGAS23SEP26240CE,33.1,33.1,33.1,33.1,0,18
2026-09-22 15:29:00,NATURALGAS,PE,240.0,NATURALGAS23SEP26240PE,0.05,0.05,0.05,0.05,5000,18
2026-09-22 15:29:00,NATURALGAS,CE,245.0,NATURALGAS23SEP26245CE,27.3,27.3,27.3,27.3,0,18
2026-09-22 15:29:00,NATURALGAS,PE,245.0,NATURALGAS23SEP26245PE,0.05,0.05,0.05,0.05,0,18
2026-09-22 15:29:00,NATURALGAS,CE,250.0,NATURALGAS23SEP26250CE,21.95,21.95,21.95,21.95,0,18
2026-09-22 15:29:00,NATURALGAS,PE,250.0,NATURALGAS23SEP26250PE,0.1,0.1,0.05,0.05,1250,18
2026-09-22 15:29:00,NATURALGAS,CE,255.0,NATURALGAS23SEP26255CE,17.0,17.0,16.95,16.95,1250,18
2026-09-22 15:29:00,NATURALGAS,PE,255.0,NATURALGAS23SEP26255PE,0.15,0.15,0.15,0.15,0,18
2026-09-22 15:29:00,NATURALGAS,CE,260.0,NATURALGAS23SEP26260CE,12.3,12.4,12.3,12.3,2500,18
2026-09-22 15:29:00,NATURALGAS,PE,260.0,NATURALGAS23SEP26260PE,0.4,0.45,0.4,0.45,91250,18
2026-09-22 15:29:00,NATURALGAS,CE,265.0,NATURALGAS23SEP26265CE,8.05,8.1,8.05,8.05,20000,18
2026-09-22 15:29:00,NATURALGAS,PE,265.0,NATURALGAS23SEP26265PE,1.2,1.25,1.15,1.25,243750,18
2026-09-22 15:29:00,NATURALGAS,CE,270.0,NATURALGAS23SEP26270CE,4.75,4.8,4.75,4.75,387500,18
2026-09-22 15:29:00,NATURALGAS,PE,270.0,NATURALGAS23SEP26270PE,2.85,2.95,2.85,2.9,586250,18
2026-09-22 15:29:00,NATURALGAS,CE,275.0,NATURALGAS23SEP26275CE,2.5,2.6,2.5,2.5,1046250,18
2026-09-22 15:29:00,NATURALGAS,PE,275.0,NATURALGAS23SEP26275PE,5.75,5.75,5.65,5.7,145000,18
2026-09-22 15:29:00,NATURALGAS,CE,280.0,NATURALGAS23SEP26280CE,1.15,1.2,1.15,1.2,432500,18
2026-09-22 15:29:00,NATURALGAS,PE,280.0,NATURALGAS23SEP26280PE,9.45,9.45,9.4,9.45,35000,18
2026-09-22 15:29:00,NATURALGAS,CE,285.0,NATURALGAS23SEP26285CE,0.5,0.55,0.5,0.55,77500,18
2026-09-22 15:29:00,NATURALGAS,PE,285.0,NATURALGAS23SEP26285PE,13.7,13.75,13.7,13.75,8750,18
2026-09-22 15:29:00,NATURALGAS,CE,290.0,NATURALGAS23SEP26290CE,0.3,0.3,0.25,0.25,7500,18
2026-09-22 15:29:00,NATURALGAS,PE,290.0,NATURALGAS23SEP26290PE,18.4,18.4,18.4,18.4,1250,18
2026-09-22 15:29:00,NATURALGAS,CE,295.0,NATURALGAS23SEP26295CE,0.15,0.15,0.15,0.15,38750,18
2026-09-22 15:29:00,NATURALGAS,PE,295.0,NATURALGAS23SEP26295PE,23.5,23.5,23.3,23.3,1250,18
2026-09-22 15:29:00,NATURALGAS,CE,300.0,NATURALGAS23SEP26300CE,0.05,0.1,0.05,0.05,30000,18
2026-09-22 15:29:00,NATURALGAS,PE,300.0,NATURALGAS23SEP26300PE,28.35,28.35,28.35,28.35,0,18
2026-09-22 15:29:00,NATGASMINI,FUT,0.0,NATGASMINI25SEP26FUT,271.9,272.0,271.8,271.9,6500,18
2026-09-22 15:29:00,NATGASMINI,CE,240.0,NATGASMINI23SEP26240CE,33.25,33.25,33.25,33.25,0,18
2026-09-22 15:29:00,NATGASMINI,PE,240.0,NATGASMINI23SEP26240PE,0.1,0.1,0.1,0.1,0,18
2026-09-22 15:29:00,NATGASMINI,CE,245.0,NATGASMINI23SEP26245CE,30.4,30.4,30.4,30.4,0,18
2026-09-22 15:29:00,NATGASMINI,PE,245.0,NATGASMINI23SEP26245PE,0.05,0.05,0.05,0.05,0,18
2026-09-22 15:29:00,NATGASMINI,CE,250.0,NATGASMINI23SEP26250CE,21.5,21.5,21.5,21.5,0,18
2026-09-22 15:29:00,NATGASMINI,PE,250.0,NATGASMINI23SEP26250PE,0.1,0.1,0.1,0.1,0,18
2026-09-22 15:29:00,NATGASMINI,CE,255.0,NATGASMINI23SEP26255CE,16.85,16.85,16.85,16.85,0,18
2026-09-22 15:29:00,NATGASMINI,PE,255.0,NATGASMINI23SEP26255PE,0.15,0.15,0.15,0.15,0,18
2026-09-22 15:29:00,NATGASMINI,CE,260.0,NATGASMINI23SEP26260CE,12.45,12.45,12.35,12.35,3500,18
2026-09-22 15:29:00,NATGASMINI,PE,260.0,NATGASMINI23SEP26260PE,0.45,0.45,0.45,0.45,9750,18
2026-09-22 15:29:00,NATGASMINI,CE,265.0,NATGASMINI23SEP26265CE,8.1,8.15,8.05,8.15,25250,18
2026-09-22 15:29:00,NATGASMINI,PE,265.0,NATGASMINI23SEP26265PE,1.25,1.25,1.2,1.25,69000,18
2026-09-22 15:29:00,NATGASMINI,CE,270.0,NATGASMINI23SEP26270CE,4.8,4.85,4.75,4.8,126000,18
2026-09-22 15:29:00,NATGASMINI,PE,270.0,NATGASMINI23SEP26270PE,2.95,3.0,2.9,3.0,153500,18
2026-09-22 15:29:00,NATGASMINI,CE,275.0,NATGASMINI23SEP26275CE,2.6,2.65,2.55,2.55,256750,18
2026-09-22 15:29:00,NATGASMINI,PE,275.0,NATGASMINI23SEP26275PE,5.75,5.8,5.7,5.7,26250,18
2026-09-22 15:29:00,NATGASMINI,CE,280.0,NATGASMINI23SEP26280CE,1.2,1.25,1.2,1.2,18500,18
2026-09-22 15:29:00,NATGASMINI,PE,280.0,NATGASMINI23SEP26280PE,9.5,9.5,9.4,9.4,5250,18
2026-09-22 15:29:00,NATGASMINI,CE,285.0,NATGASMINI23SEP26285CE,0.5,0.5,0.5,0.5,11000,18
2026-09-22 15:29:00,NATGASMINI,PE,285.0,NATGASMINI23SEP26285PE,13.65,13.75,13.6,13.75,3250,18
2026-09-22 15:29:00,NATGASMINI,CE,290.0,NATGASMINI23SEP26290CE,0.3,0.3,0.25,0.25,55000,18
2026-09-22 15:29:00,NATGASMINI,PE,290.0,NATGASMINI23SEP26290PE,18.3,18.3,18.3,18.3,1500,18
2026-09-22 15:29:00,NATGASMINI,CE,295.0,NATGASMINI23SEP26295CE,0.1,0.15,0.1,0.15,500,18
2026-09-22 15:29:00,NATGASMINI,PE,295.0,NATGASMINI23SEP26295PE,23.1,23.1,23.1,23.1,0,18
2026-09-22 15:29:00,NATGASMINI,CE,300.0,NATGASMINI23SEP26300CE,0.15,0.15,0.1,0.1,250,18
2026-09-22 15:29:00,NATGASMINI,PE,300.0,NATGASMINI23SEP26300PE,28.15,28.15,28.05,28.05,250,18
2026-09-22 15:30:00,NATURALGAS,FUT,0.0,NATURALGAS25SEP26FUT,271.9,271.9,271.6,271.6,65000,18
2026-09-22 15:30:00,NATURALGAS,CE,240.0,NATURALGAS23SEP26240CE,33.1,33.1,33.1,33.1,0,18
2026-09-22 15:30:00,NATURALGAS,PE,240.0,NATURALGAS23SEP26240PE,0.05,0.05,0.05,0.05,0,18
2026-09-22 15:30:00,NATURALGAS,CE,245.0,NATURALGAS23SEP26245CE,27.3,27.3,27.3,27.3,0,18
2026-09-22 15:30:00,NATURALGAS,PE,245.0,NATURALGAS23SEP26245PE,0.05,0.05,0.05,0.05,0,18
2026-09-22 15:30:00,NATURALGAS,CE,250.0,NATURALGAS23SEP26250CE,21.95,21.95,21.75,21.75,1250,18
2026-09-22 15:30:00,NATURALGAS,PE,250.0,NATURALGAS23SEP26250PE,0.05,0.05,0.05,0.05,1250,18
2026-09-22 15:30:00,NATURALGAS,CE,255.0,NATURALGAS23SEP26255CE,16.95,16.95,16.75,16.75,3750,18
2026-09-22 15:30:00,NATURALGAS,PE,255.0,NATURALGAS23SEP26255PE,0.15,0.15,0.15,0.15,1250,18
2026-09-22 15:30:00,NATURALGAS,CE,260.0,NATURALGAS23SEP26260CE,12.3,12.3,12.1,12.1,16250,18
2026-09-22 15:30:00,NATURALGAS,PE,260.0,NATURALGAS23SEP26260PE,0.4,0.45,0.4,0.45,206250,18
2026-09-22 15:30:00,NATURALGAS,CE,265.0,NATURALGAS23SEP26265CE,8.05,8.1,7.9,7.9,172500,18
2026-09-22 15:30:00,NATURALGAS,PE,265.0,NATURALGAS23SEP26265PE,1.25,1.3,1.2,1.3,185000,18
2026-09-22 15:30:00,NATURALGAS,CE,270.0,NATURALGAS23SEP26270CE,4.75,4.75,4.6,4.6,575000,18
2026-09-22 15:30:00,NATURALGAS,PE,270.0,NATURALGAS23SEP26270PE,2.95,3.05,2.9,2.95,888750,18
2026-09-22 15:30:00,NATURALGAS,CE,275.0,NATURALGAS23SEP26275CE,2.5,2.55,2.45,2.45,932500,18
2026-09-22 15:30:00,NATURALGAS,PE,275.0,NATURALGAS23SEP26275PE,5.7,5.9,5.7,5.9,222500,18
2026-09-22 15:30:00,NATURALGAS,CE,280.0,NATURALGAS23SEP26280CE,1.15,1.2,1.1,1.1,342500,18
2026-09-22 15:30:00,NATURALGAS,PE,280.0,NATURALGAS23SEP26280PE,9.5,9.65,9.45,9.6,121250,18
2026-09-22 15:30:00,NATURALGAS,CE,285.0,NATURALGAS23SEP26285CE,0.55,0.55,0.5,0.55,21250,18
2026-09-22 15:30:00,NATURALGAS,PE,285.0,NATURALGAS23SEP26285PE,13.75,13.95,13.7,13.95,30000,18
2026-09-22 15:30:00,NATURALGAS,CE,290.0,NATURALGAS23SEP26290CE,0.25,0.25,0.25,0.25,132500,18
2026-09-22 15:30:00,NATURALGAS,PE,290.0,NATURALGAS23SEP26290PE,18.4,18.4,18.4,18.4,0,18
2026-09-22 15:30:00,NATURALGAS,CE,295.0,NATURALGAS23SEP26295CE,0.15,0.15,0.15,0.15,0,18
2026-09-22 15:30:00,NATURALGAS,PE,295.0,NATURALGAS23SEP26295PE,23.3,23.3,23.3,23.3,0,18
2026-09-22 15:30:00,NATURALGAS,CE,300.0,NATURALGAS23SEP26300CE,0.1,0.1,0.1,0.1,7500,18
2026-09-22 15:30:00,NATURALGAS,PE,300.0,NATURALGAS23SEP26300PE,28.35,28.35,28.35,28.35,0,18
2026-09-22 15:30:00,NATGASMINI,FUT,0.0,NATGASMINI25SEP26FUT,271.9,271.9,271.6,271.6,10750,18
2026-09-22 15:30:00,NATGASMINI,CE,240.0,NATGASMINI23SEP26240CE,33.25,33.25,33.25,33.25,0,18
2026-09-22 15:30:00,NATGASMINI,PE,240.0,NATGASMINI23SEP26240PE,0.1,0.1,0.1,0.1,0,18
2026-09-22 15:30:00,NATGASMINI,CE,245.0,NATGASMINI23SEP26245CE,30.4,30.4,30.4,30.4,0,18
2026-09-22 15:30:00,NATGASMINI,PE,245.0,NATGASMINI23SEP26245PE,0.05,0.05,0.05,0.05,0,18
2026-09-22 15:30:00,NATGASMINI,CE,250.0,NATGASMINI23SEP26250CE,21.5,21.5,21.5,21.5,0,18
2026-09-22 15:30:00,NATGASMINI,PE,250.0,NATGASMINI23SEP26250PE,0.1,0.1,0.1,0.1,3500,18
2026-09-22 15:30:00,NATGASMINI,CE,255.0,NATGASMINI23SEP26255CE,16.85,16.85,16.85,16.85,0,18
2026-09-22 15:30:00,NATGASMINI,PE,255.0,NATGASMINI23SEP26255PE,0.15,0.15,0.1,0.1,49750,18
2026-09-22 15:30:00,NATGASMINI,CE,260.0,NATGASMINI23SEP26260CE,12.35,12.35,12.1,12.1,5500,18
2026-09-22 15:30:00,NATGASMINI,PE,260.0,NATGASMINI23SEP26260PE,0.4,0.45,0.4,0.45,10750,18
2026-09-22 15:30:00,NATGASMINI,CE,265.0,NATGASMINI23SEP26265CE,8.1,8.1,7.85,7.95,30500,18
2026-09-22 15:30:00,NATGASMINI,PE,265.0,NATGASMINI23SEP26265PE,1.25,1.3,1.2,1.3,176250,18
2026-09-22 15:30:00,NATGASMINI,CE,270.0,NATGASMINI23SEP26270CE,4.75,4.8,4.65,4.65,190500,18
2026-09-22 15:30:00,NATGASMINI,PE,270.0,NATGASMINI23SEP26270PE,2.9,3.0,2.9,3.0,200250,18
2026-09-22 15:30:00,NATGASMINI,CE,275.0,NATGASMINI23SEP26275CE,2.6,2.6,2.5,2.55,244250,18
2026-09-22 15:30:00,NATGASMINI,PE,275.0,NATGASMINI23SEP26275PE,5.75,5.95,5.75,5.95,66750,18
2026-09-22 15:30:00,NATGASMINI,CE,280.0,NATGASMINI23SEP26280CE,1.25,1.25,1.15,1.15,58250,18
2026-09-22 15:30:00,NATGASMINI,PE,280.0,NATGASMINI23SEP26280PE,9.4,9.65,9.4,9.65,16000,18
2026-09-22 15:30:00,NATGASMINI,CE,285.0,NATGASMINI23SEP26285CE,0.5,0.55,0.5,0.55,6250,18
2026-09-22 15:30:00,NATGASMINI,PE,285.0,NATGASMINI23SEP26285PE,13.75,13.9,13.75,13.9,3000,18
2026-09-22 15:30:00,NATGASMINI,CE,290.0,NATGASMINI23SEP26290CE,0.25,0.25,0.25,0.25,278000,18
2026-09-22 15:30:00,NATGASMINI,PE,290.0,NATGASMINI23SEP26290PE,18.3,18.7,18.3,18.7,250,18
2026-09-22 15:30:00,NATGASMINI,CE,295.0,NATGASMINI23SEP26295CE,0.15,0.15,0.15,0.15,0,18
2026-09-22 15:30:00,NATGASMINI,PE,295.0,NATGASMINI23SEP26295PE,23.1,23.45,23.1,23.45,3750,18
2026-09-22 15:30:00,NATGASMINI,CE,300.0,NATGASMINI23SEP26300CE,0.1,0.1,0.1,0.1,0,18
2026-09-22 15:30:00,NATGASMINI,PE,300.0,NATGASMINI23SEP26300PE,28.05,28.35,28.05,28.35,250,18
2026-09-22 15:31:00,NATURALGAS,FUT,0.0,NATURALGAS25SEP26FUT,271.6,271.7,271.4,271.5,16250,17
2026-09-22 15:31:00,NATURALGAS,CE,240.0,NATURALGAS23SEP26240CE,33.1,33.1,33.1,33.1,0,17
2026-09-22 15:31:00,NATURALGAS,PE,240.0,NATURALGAS23SEP26240PE,0.05,0.05,0.05,0.05,232500,17
2026-09-22 15:31:00,NATURALGAS,CE,245.0,NATURALGAS23SEP26245CE,27.3,27.3,27.3,27.3,0,17
2026-09-22 15:31:00,NATURALGAS,PE,245.0,NATURALGAS23SEP26245PE,0.05,0.05,0.05,0.05,0,17
2026-09-22 15:31:00,NATURALGAS,CE,250.0,NATURALGAS23SEP26250CE,21.75,21.75,21.75,21.75,0,17
2026-09-22 15:31:00,NATURALGAS,PE,250.0,NATURALGAS23SEP26250PE,0.05,0.05,0.05,0.05,0,17
2026-09-22 15:31:00,NATURALGAS,CE,255.0,NATURALGAS23SEP26255CE,16.75,16.75,16.7,16.7,1250,17
2026-09-22 15:31:00,NATURALGAS,PE,255.0,NATURALGAS23SEP26255PE,0.15,0.15,0.15,0.15,12500,17
2026-09-22 15:31:00,NATURALGAS,CE,260.0,NATURALGAS23SEP26260CE,12.15,12.15,11.9,12.0,61250,17
2026-09-22 15:31:00,NATURALGAS,PE,260.0,NATURALGAS23SEP26260PE,0.45,0.5,0.4,0.45,222500,17
2026-09-22 15:31:00,NATURALGAS,CE,265.0,NATURALGAS23SEP26265CE,7.95,8.0,7.75,7.75,181250,17
2026-09-22 15:31:00,NATURALGAS,PE,265.0,NATURALGAS23SEP26265PE,1.3,1.35,1.25,1.35,196250,17
2026-09-22 15:31:00,NATURALGAS,CE,270.0,NATURALGAS23SEP26270CE,4.7,4.7,4.5,4.55,610000,17
2026-09-22 15:31:00,NATURALGAS,PE,270.0,NATURALGAS23SEP26270PE,3.0,3.1,2.95,3.05,1007500,17
2026-09-22 15:31:00,NATURALGAS,CE,275.0,NATURALGAS23SEP26275CE,2.55,2.55,2.4,2.45,840000,17
2026-09-22 15:31:00,NATURALGAS,PE,275.0,NATURALGAS23SEP26275PE,5.8,6.0,5.8,6.0,162500,17
2026-09-22 15:31:00,NATURALGAS,CE,280.0,NATURALGAS23SEP26280CE,1.15,1.15,1.1,1.15,288750,17
2026-09-22 15:31:00,NATURALGAS,PE,280.0,NATURALGAS23SEP26280PE,9.55,9.8,9.55,9.75,106250,17
2026-09-22 15:31:00,NATURALGAS,CE,285.0,NATURALGAS23SEP26285CE,0.5,0.55,0.5,0.5,63750,17
2026-09-22 15:31:00,NATURALGAS,PE,285.0,NATURALGAS23SEP26285PE,13.95,14.05,13.95,14.05,21250,17
2026-09-22 15:31:00,NATURALGAS,CE,290.0,NATURALGAS23SEP26290CE,0.3,0.3,0.25,0.25,796250,17
2026-09-22 15:31:00,NATURALGAS,PE,290.0,NATURALGAS23SEP26290PE,18.65,18.8,18.65,18.8,22500,17
2026-09-22 15:31:00,NATURALGAS,CE,295.0,NATURALGAS23SEP26295CE,0.15,0.15,0.1,0.1,42500,17
2026-09-22 15:31:00,NATURALGAS,PE,295.0,NATURALGAS23SEP26295PE,23.3,23.65,23.3,23.65,3750,17
2026-09-22 15:31:00,NATURALGAS,CE,300.0,NATURALGAS23SEP26300CE,0.1,0.1,0.1,0.1,37500,17
2026-09-22 15:31:00,NATURALGAS,PE,300.0,NATURALGAS23SEP26300PE,28.35,28.65,28.35,28.65,2500,17
2026-09-22 15:31:00,NATGASMINI,FUT,0.0,NATGASMINI25SEP26FUT,271.7,271.8,271.4,271.4,12750,17
2026-09-22 15:31:00,NATGASMINI,CE,240.0,NATGASMINI23SEP26240CE,33.25,33.25,33.25,33.25,0,17
2026-09-22 15:31:00,NATGASMINI,PE,240.0,NATGASMINI23SEP26240PE,0.1,0.1,0.1,0.1,0,17
2026-09-22 15:31:00,NATGASMINI,CE,245.0,NATGASMINI23SEP26245CE,30.4,30.4,30.4,30.4,0,17
2026-09-22 15:31:00,NATGASMINI,PE,245.0,NATGASMINI23SEP26245PE,0.05,0.05,0.05,0.05,0,17
2026-09-22 15:31:00,NATGASMINI,CE,250.0,NATGASMINI23SEP26250CE,21.5,21.6,21.5,21.6,7250,17
2026-09-22 15:31:00,NATGASMINI,PE,250.0,NATGASMINI23SEP26250PE,0.1,0.1,0.1,0.1,0,17
2026-09-22 15:31:00,NATGASMINI,CE,255.0,NATGASMINI23SEP26255CE,16.85,16.85,16.85,16.85,0,17
2026-09-22 15:31:00,NATGASMINI,PE,255.0,NATGASMINI23SEP26255PE,0.1,0.1,0.1,0.1,177500,17
2026-09-22 15:31:00,NATGASMINI,CE,260.0,NATGASMINI23SEP26260CE,12.1,12.2,11.95,12.1,14750,17
2026-09-22 15:31:00,NATGASMINI,PE,260.0,NATGASMINI23SEP26260PE,0.45,0.45,0.45,0.45,22500,17
2026-09-22 15:31:00,NATGASMINI,CE,265.0,NATGASMINI23SEP26265CE,8.0,8.05,7.8,7.8,28750,17
2026-09-22 15:31:00,NATGASMINI,PE,265.0,NATGASMINI23SEP26265PE,1.25,1.3,1.25,1.3,93250,17
2026-09-22 15:31:00,NATGASMINI,CE,270.0,NATGASMINI23SEP26270CE,4.7,4.7,4.55,4.6,109250,17
2026-09-22 15:31:00,NATGASMINI,PE,270.0,NATGASMINI23SEP26270PE,3.0,3.1,3.0,3.1,193750,17
2026-09-22 15:31:00,NATGASMINI,CE,275.0,NATGASMINI23SEP26275CE,2.6,2.6,2.45,2.5,169000,17
2026-09-22 15:31:00,NATGASMINI,PE,275.0,NATGASMINI23SEP26275PE,5.85,6.05,5.85,6.05,61500,17
2026-09-22 15:31:00,NATGASMINI,CE,280.0,NATGASMINI23SEP26280CE,1.2,1.2,1.15,1.15,8500,17
2026-09-22 15:31:00,NATGASMINI,PE,280.0,NATGASMINI23SEP26280PE,9.6,9.8,9.6,9.75,29250,17
2026-09-22 15:31:00,NATGASMINI,CE,285.0,NATGASMINI23SEP26285CE,0.5,0.55,0.5,0.55,46750,17
2026-09-22 15:31:00,NATGASMINI,PE,285.0,NATGASMINI23SEP26285PE,13.9,14.1,13.9,14.05,10250,17
2026-09-22 15:31:00,NATGASMINI,CE,290.0,NATGASMINI23SEP26290CE,0.25,0.25,0.2,0.25,4750,17
2026-09-22 15:31:00,NATGASMINI,PE,290.0,NATGASMINI23SEP26290PE,18.7,18.7,18.65,18.7,3000,17
2026-09-22 15:31:00,NATGASMINI,CE,295.0,NATGASMINI23SEP26295CE,0.15,0.15,0.15,0.15,0,17
2026-09-22 15:31:00,NATGASMINI,PE,295.0,NATGASMINI23SEP26295PE,23.45,23.45,23.45,23.45,0,17
2026-09-22 15:31:00,NATGASMINI,CE,300.0,NATGASMINI23SEP26300CE,0.1,0.1,0.1,0.1,150000,17
2026-09-22 15:31:00,NATGASMINI,PE,300.0,NATGASMINI23SEP26300PE,28.35,28.35,28.35,28.35,0,17
