timestamp_minute,asset,instrument_type,strike,trading_symbol,open,high,low,close,volume,tick_count
2026-09-24 14:14:00,SENSEX,FUT,0.0,SENSEX26SEPFUT,73686.0,73686.0,73680.2,73680.2,80,13
2026-09-24 14:14:00,SENSEX,SPOT,0.0,SENSEX,73665.65,73670.55,73661.85,73661.85,0,13
2026-09-24 14:14:00,SENSEX,CE,73100.0,SENSEX26SEP73100CE,615.0,615.7,609.1,615.7,1100,13
2026-09-24 14:14:00,SENSEX,PE,73100.0,SENSEX26SEP73100PE,28.6,29.8,27.95,28.25,227860,13
2026-09-24 14:14:00,SENSEX,CE,73200.0,SENSEX26SEP73200CE,526.35,529.3,520.0,528.9,3720,13
2026-09-24 14:14:00,SENSEX,PE,73200.0,SENSEX26SEP73200PE,39.4,40.95,38.45,39.1,231700,13
2026-09-24 14:14:00,SENSEX,CE,73300.0,SENSEX26SEP73300CE,443.15,445.3,434.9,445.3,8780,13
2026-09-24 14:14:00,SENSEX,PE,73300.0,SENSEX26SEP73300PE,54.3,56.55,53.3,54.05,288720,13
2026-09-24 14:14:00,SENSEX,CE,73400.0,SENSEX26SEP73400CE,363.4,365.0,356.7,363.85,16460,13
2026-09-24 14:14:00,SENSEX,PE,73400.0,SENSEX26SEP73400PE,75.6,78.15,74.6,74.8,407500,13
2026-09-24 14:14:00,SENSEX,CE,73500.0,SENSEX26SEP73500CE,291.95,293.25,285.0,292.3,72080,13
2026-09-24 14:14:00,SENSEX,PE,73500.0,SENSEX26SEP73500PE,103.3,107.2,102.45,102.45,390600,13
2026-09-24 14:14:00,SENSEX,CE,73600.0,SENSEX26SEP73600CE,227.7,229.6,222.2,229.6,220240,13
2026-09-24 14:14:00,SENSEX,PE,73600.0,SENSEX26SEP73600PE,139.85,144.4,138.55,139.0,278120,13
2026-09-24 14:14:00,SENSEX,CE,73700.0,SENSEX26SEP73700CE,174.0,175.9,169.8,173.5,306600,13
2026-09-24 14:14:00,SENSEX,PE,73700.0,SENSEX26SEP73700PE,185.45,190.05,184.05,184.75,234180,13
2026-09-24 14:14:00,SENSEX,CE,73800.0,SENSEX26SEP73800CE,129.55,131.35,125.95,130.3,266440,13
2026-09-24 14:14:00,SENSEX,PE,73800.0,SENSEX26SEP73800PE,240.9,248.2,239.75,240.45,106520,13
2026-09-24 14:14:00,SENSEX,CE,73900.0,SENSEX26SEP73900CE,95.4,97.5,92.8,97.5,240980,13
2026-09-24 14:14:00,SENSEX,PE,73900.0,SENSEX26SEP73900PE,307.1,315.3,305.45,307.15,36000,13
2026-09-24 14:14:00,SENSEX,CE,74000.0,SENSEX26SEP74000CE,69.5,71.2,67.5,71.2,423740,13
2026-09-24 14:14:00,SENSEX,PE,74000.0,SENSEX26SEP74000PE,381.35,389.9,380.0,380.0,39860,13
2026-09-24 14:14:00,SENSEX,CE,74100.0,SENSEX26SEP74100CE,49.95,50.95,48.0,50.45,264420,13
2026-09-24 14:14:00,SENSEX,PE,74100.0,SENSEX26SEP74100PE,461.1,468.65,460.0,460.0,12560,13
2026-09-24 14:14:00,SENSEX,CE,74200.0,SENSEX26SEP74200CE,36.2,37.2,34.8,37.2,301060,13
2026-09-24 14:14:00,SENSEX,PE,74200.0,SENSEX26SEP74200PE,548.85,556.5,546.0,547.8,13460,13
2026-09-24 14:14:00,SENSEX,CE,74300.0,SENSEX26SEP74300CE,25.95,26.65,25.3,26.3,216800,13
2026-09-24 14:14:00,SENSEX,PE,74300.0,SENSEX26SEP74300PE,639.05,647.4,635.75,639.05,9120,13
2026-09-24 14:15:00,SENSEX,FUT,0.0,SENSEX26SEPFUT,73680.2,73680.2,73680.2,73680.2,80,16
2026-09-24 14:15:00,SENSEX,SPOT,0.0,SENSEX,73669.81,73682.15,73657.88,73658.8,0,16
2026-09-24 14:15:00,SENSEX,CE,73100.0,SENSEX26SEP73100CE,630.2,630.2,607.25,614.9,1100,16
2026-09-24 14:15:00,SENSEX,PE,73100.0,SENSEX26SEP73100PE,26.6,29.7,26.6,29.3,380340,16
2026-09-24 14:15:00,SENSEX,CE,73200.0,SENSEX26SEP73200CE,541.8,541.8,520.0,524.55,5880,16
2026-09-24 14:15:00,SENSEX,PE,73200.0,SENSEX26SEP73200PE,36.9,41.0,36.9,40.5,392780,16
2026-09-24 14:15:00,SENSEX,CE,73300.0,SENSEX26SEP73300CE,455.3,455.3,434.1,438.0,20620,16
2026-09-24 14:15:00,SENSEX,PE,73300.0,SENSEX26SEP73300PE,50.4,56.8,50.4,56.8,502720,16
2026-09-24 14:15:00,SENSEX,CE,73400.0,SENSEX26SEP73400CE,374.55,374.55,357.35,359.2,25560,16
2026-09-24 14:15:00,SENSEX,PE,73400.0,SENSEX26SEP73400PE,71.3,78.8,71.3,78.8,587260,16
2026-09-24 14:15:00,SENSEX,CE,73500.0,SENSEX26SEP73500CE,301.95,301.95,286.2,289.35,120000,16
2026-09-24 14:15:00,SENSEX,PE,73500.0,SENSEX26SEP73500PE,97.75,108.9,97.75,108.9,958260,16
2026-09-24 14:15:00,SENSEX,CE,73600.0,SENSEX26SEP73600CE,236.7,236.7,224.5,224.9,311420,16
2026-09-24 14:15:00,SENSEX,PE,73600.0,SENSEX26SEP73600PE,132.55,144.95,132.55,144.95,583800,16
2026-09-24 14:15:00,SENSEX,CE,73700.0,SENSEX26SEP73700CE,180.85,180.85,170.5,171.85,516040,16
2026-09-24 14:15:00,SENSEX,PE,73700.0,SENSEX26SEP73700PE,176.4,191.2,176.4,190.8,532040,16
2026-09-24 14:15:00,SENSEX,CE,73800.0,SENSEX26SEP73800CE,135.9,135.9,127.75,127.95,492040,16
2026-09-24 14:15:00,SENSEX,PE,73800.0,SENSEX26SEP73800PE,230.85,247.9,230.85,247.9,204280,16
2026-09-24 14:15:00,SENSEX,CE,73900.0,SENSEX26SEP73900CE,100.95,100.95,94.15,94.5,440600,16
2026-09-24 14:15:00,SENSEX,PE,73900.0,SENSEX26SEP73900PE,296.0,315.5,296.0,313.15,94300,16
2026-09-24 14:15:00,SENSEX,CE,74000.0,SENSEX26SEP74000CE,74.45,74.45,68.7,68.9,638060,16
2026-09-24 14:15:00,SENSEX,PE,74000.0,SENSEX26SEP74000PE,369.75,388.05,369.75,388.05,98040,16
2026-09-24 14:15:00,SENSEX,CE,74100.0,SENSEX26SEP74100CE,53.15,53.15,49.45,49.75,334280,16
2026-09-24 14:15:00,SENSEX,PE,74100.0,SENSEX26SEP74100PE,448.3,473.0,448.3,473.0,33260,16
2026-09-24 14:15:00,SENSEX,CE,74200.0,SENSEX26SEP74200CE,38.6,38.6,36.05,36.15,462960,16
2026-09-24 14:15:00,SENSEX,PE,74200.0,SENSEX26SEP74200PE,531.75,556.6,531.75,555.25,27040,16
2026-09-24 14:15:00,SENSEX,CE,74300.0,SENSEX26SEP74300CE,27.75,27.75,26.0,26.2,369220,16
2026-09-24 14:15:00,SENSEX,PE,74300.0,SENSEX26SEP74300PE,624.95,646.35,624.95,645.15,11120,16
2026-09-24 14:16:00,SENSEX,FUT,0.0,SENSEX26SEPFUT,73680.0,73700.0,73676.4,73700.0,220,17
2026-09-24 14:16:00,SENSEX,SPOT,0.0,SENSEX,73666.06,73686.43,73664.44,73670.63,0,17
2026-09-24 14:16:00,SENSEX,CE,73100.0,SENSEX26SEP73100CE,607.05,616.7,604.8,604.8,2100,17
2026-09-24 14:16:00,SENSEX,PE,73100.0,SENSEX26SEP73100PE,30.3,30.5,28.65,30.5,351140,17
2026-09-24 14:16:00,SENSEX,CE,73200.0,SENSEX26SEP73200CE,520.85,532.5,519.35,530.0,2820,17
2026-09-24 14:16:00,SENSEX,PE,73200.0,SENSEX26SEP73200PE,41.8,41.8,39.05,41.65,287500,17
2026-09-24 14:16:00,SENSEX,CE,73300.0,SENSEX26SEP73300CE,433.0,446.6,431.95,431.95,7600,17
2026-09-24 14:16:00,SENSEX,PE,73300.0,SENSEX26SEP73300PE,56.8,57.4,54.25,57.4,350440,17
2026-09-24 14:16:00,SENSEX,CE,73400.0,SENSEX26SEP73400CE,359.75,367.95,354.35,354.35,17420,17
2026-09-24 14:16:00,SENSEX,PE,73400.0,SENSEX26SEP73400PE,78.9,79.45,75.5,79.45,452700,17
2026-09-24 14:16:00,SENSEX,CE,73500.0,SENSEX26SEP73500CE,287.8,295.55,282.95,282.95,73900,17
2026-09-24 14:16:00,SENSEX,PE,73500.0,SENSEX26SEP73500PE,109.45,109.45,103.35,109.05,613900,17
2026-09-24 14:16:00,SENSEX,CE,73600.0,SENSEX26SEP73600CE,225.2,231.7,220.1,220.1,186360,17
2026-09-24 14:16:00,SENSEX,PE,73600.0,SENSEX26SEP73600PE,144.8,146.45,139.25,145.75,402140,17
2026-09-24 14:16:00,SENSEX,CE,73700.0,SENSEX26SEP73700CE,170.15,176.25,167.45,167.45,324920,17
2026-09-24 14:16:00,SENSEX,PE,73700.0,SENSEX26SEP73700PE,193.05,194.2,184.85,194.2,328900,17
2026-09-24 14:16:00,SENSEX,CE,73800.0,SENSEX26SEP73800CE,126.3,132.35,124.9,124.9,242620,17
2026-09-24 14:16:00,SENSEX,PE,73800.0,SENSEX26SEP73800PE,251.0,251.9,239.8,251.9,210080,17
2026-09-24 14:16:00,SENSEX,CE,73900.0,SENSEX26SEP73900CE,93.3,98.05,92.05,92.05,280780,17
2026-09-24 14:16:00,SENSEX,PE,73900.0,SENSEX26SEP73900PE,317.45,317.6,306.15,317.6,69620,17
2026-09-24 14:16:00,SENSEX,CE,74000.0,SENSEX26SEP74000CE,68.0,71.85,66.85,66.85,407180,17
2026-09-24 14:16:00,SENSEX,PE,74000.0,SENSEX26SEP74000PE,389.1,392.3,377.8,392.3,69020,17
2026-09-24 14:16:00,SENSEX,CE,74100.0,SENSEX26SEP74100CE,49.7,51.55,48.1,48.1,190020,17
2026-09-24 14:16:00,SENSEX,PE,74100.0,SENSEX26SEP74100PE,473.25,473.95,459.5,473.95,20580,17
2026-09-24 14:16:00,SENSEX,CE,74200.0,SENSEX26SEP74200CE,36.05,37.45,34.8,34.8,286040,17
2026-09-24 14:16:00,SENSEX,PE,74200.0,SENSEX26SEP74200PE,555.6,560.6,545.5,560.6,17060,17
2026-09-24 14:16:00,SENSEX,CE,74300.0,SENSEX26SEP74300CE,25.9,27.15,25.25,25.25,276020,17
2026-09-24 14:16:00,SENSEX,PE,74300.0,SENSEX26SEP74300PE,650.0,651.8,634.0,651.8,6780,17
2026-09-24 14:17:00,SENSEX,FUT,0.0,SENSEX26SEPFUT,73700.0,73700.0,73671.5,73700.0,60,16
2026-09-24 14:17:00,SENSEX,SPOT,0.0,SENSEX,73671.64,73671.64,73658.68,73661.13,0,16
2026-09-24 14:17:00,SENSEX,CE,73100.0,SENSEX26SEP73100CE,604.8,618.2,604.8,609.75,1340,16
2026-09-24 14:17:00,SENSEX,PE,73100.0,SENSEX26SEP73100PE,30.15,30.35,28.5,30.35,262760,16
2026-09-24 14:17:00,SENSEX,CE,73200.0,SENSEX26SEP73200CE,517.85,526.35,517.85,521.75,2840,16
2026-09-24 14:17:00,SENSEX,PE,73200.0,SENSEX26SEP73200PE,41.4,41.45,39.25,41.15,230540,16
2026-09-24 14:17:00,SENSEX,CE,73300.0,SENSEX26SEP73300CE,433.3,441.3,432.25,436.1,4840,16
2026-09-24 14:17:00,SENSEX,PE,73300.0,SENSEX26SEP73300PE,57.05,57.45,55.05,56.8,278920,16
2026-09-24 14:17:00,SENSEX,CE,73400.0,SENSEX26SEP73400CE,355.05,361.9,355.05,357.6,12820,16
2026-09-24 14:17:00,SENSEX,PE,73400.0,SENSEX26SEP73400PE,79.1,80.15,76.5,78.9,349820,16
2026-09-24 14:17:00,SENSEX,CE,73500.0,SENSEX26SEP73500CE,286.15,290.6,283.0,287.15,59100,16
2026-09-24 14:17:00,SENSEX,PE,73500.0,SENSEX26SEP73500PE,108.2,108.75,105.85,107.95,385080,16
2026-09-24 14:17:00,SENSEX,CE,73600.0,SENSEX26SEP73600CE,222.3,227.0,222.1,224.55,144660,16
2026-09-24 14:17:00,SENSEX,PE,73600.0,SENSEX26SEP73600PE,145.8,146.35,141.85,144.75,327520,16
2026-09-24 14:17:00,SENSEX,CE,73700.0,SENSEX26SEP73700CE,169.0,172.75,167.35,170.6,260760,16
2026-09-24 14:17:00,SENSEX,PE,73700.0,SENSEX26SEP73700PE,192.35,193.85,187.2,190.6,237320,16
2026-09-24 14:17:00,SENSEX,CE,73800.0,SENSEX26SEP73800CE,125.65,129.2,125.05,127.35,198440,16
2026-09-24 14:17:00,SENSEX,PE,73800.0,SENSEX26SEP73800PE,249.75,250.9,243.8,247.0,115940,16
2026-09-24 14:17:00,SENSEX,CE,73900.0,SENSEX26SEP73900CE,93.35,95.5,92.1,93.55,208180,16
2026-09-24 14:17:00,SENSEX,PE,73900.0,SENSEX26SEP73900PE,316.5,316.5,309.6,313.7,55580,16
2026-09-24 14:17:00,SENSEX,CE,74000.0,SENSEX26SEP74000CE,67.45,69.55,67.45,67.8,361360,16
2026-09-24 14:17:00,SENSEX,PE,74000.0,SENSEX26SEP74000PE,389.85,391.35,383.2,388.1,44600,16
2026-09-24 14:17:00,SENSEX,CE,74100.0,SENSEX26SEP74100CE,48.8,49.85,48.15,48.7,217200,16
2026-09-24 14:17:00,SENSEX,PE,74100.0,SENSEX26SEP74100PE,472.4,473.0,461.0,470.65,13100,16
2026-09-24 14:17:00,SENSEX,CE,74200.0,SENSEX26SEP74200CE,35.45,36.25,35.05,35.35,248960,16
2026-09-24 14:17:00,SENSEX,PE,74200.0,SENSEX26SEP74200PE,558.25,559.6,545.95,557.2,8760,16
2026-09-24 14:17:00,SENSEX,CE,74300.0,SENSEX26SEP74300CE,25.55,26.45,25.3,25.4,175560,16
2026-09-24 14:17:00,SENSEX,PE,74300.0,SENSEX26SEP74300PE,650.3,650.3,641.8,647.6,11820,16
2026-09-24 14:18:00,SENSEX,FUT,0.0,SENSEX26SEPFUT,73700.0,73700.0,73671.45,73671.45,20,17
2026-09-24 14:18:00,SENSEX,SPOT,0.0,SENSEX,73660.56,73687.09,73659.42,73662.28,0,17
2026-09-24 14:18:00,SENSEX,CE,73100.0,SENSEX26SEP73100CE,609.75,613.7,601.8,606.4,1660,17
2026-09-24 14:18:00,SENSEX,PE,73100.0,SENSEX26SEP73100PE,29.65,29.65,27.55,28.75,332380,17
2026-09-24 14:18:00,SENSEX,CE,73200.0,SENSEX26SEP73200CE,522.2,522.65,510.6,518.0,5300,17
2026-09-24 14:18:00,SENSEX,PE,73200.0,SENSEX26SEP73200PE,40.15,41.1,38.05,40.0,344580,17
2026-09-24 14:18:00,SENSEX,CE,73300.0,SENSEX26SEP73300CE,437.6,438.9,428.0,433.35,9220,17
2026-09-24 14:18:00,SENSEX,PE,73300.0,SENSEX26SEP73300PE,56.3,56.35,53.65,56.25,365000,17
2026-09-24 14:18:00,SENSEX,CE,73400.0,SENSEX26SEP73400CE,359.3,359.3,350.0,352.8,22300,17
2026-09-24 14:18:00,SENSEX,PE,73400.0,SENSEX26SEP73400PE,78.25,79.25,75.35,78.85,435600,17
2026-09-24 14:18:00,SENSEX,CE,73500.0,SENSEX26SEP73500CE,287.1,288.55,280.1,281.2,97840,17
2026-09-24 14:18:00,SENSEX,PE,73500.0,SENSEX26SEP73500PE,107.35,108.95,103.65,108.65,525920,17
2026-09-24 14:18:00,SENSEX,CE,73600.0,SENSEX26SEP73600CE,223.8,224.65,217.55,218.05,246900,17
2026-09-24 14:18:00,SENSEX,PE,73600.0,SENSEX26SEP73600PE,144.05,146.3,140.7,146.3,410900,17
2026-09-24 14:18:00,SENSEX,CE,73700.0,SENSEX26SEP73700CE,170.5,170.9,163.85,165.55,402860,17
2026-09-24 14:18:00,SENSEX,PE,73700.0,SENSEX26SEP73700PE,191.0,193.35,186.4,193.35,318300,17
2026-09-24 14:18:00,SENSEX,CE,73800.0,SENSEX26SEP73800CE,126.7,127.1,121.9,122.45,414340,17
2026-09-24 14:18:00,SENSEX,PE,73800.0,SENSEX26SEP73800PE,247.3,251.35,243.6,249.5,163820,17
2026-09-24 14:18:00,SENSEX,CE,73900.0,SENSEX26SEP73900CE,93.6,93.6,89.4,89.9,370280,17
2026-09-24 14:18:00,SENSEX,PE,73900.0,SENSEX26SEP73900PE,313.95,317.35,308.1,315.7,80240,17
2026-09-24 14:18:00,SENSEX,CE,74000.0,SENSEX26SEP74000CE,67.95,68.3,64.5,65.0,634700,17
2026-09-24 14:18:00,SENSEX,PE,74000.0,SENSEX26SEP74000PE,386.65,393.3,383.6,392.05,54120,17
2026-09-24 14:18:00,SENSEX,CE,74100.0,SENSEX26SEP74100CE,48.65,49.0,46.3,46.55,383240,17
2026-09-24 14:18:00,SENSEX,PE,74100.0,SENSEX26SEP74100PE,469.1,474.05,463.35,472.55,18820,17
2026-09-24 14:18:00,SENSEX,CE,74200.0,SENSEX26SEP74200CE,35.1,35.3,33.3,33.5,433800,17
2026-09-24 14:18:00,SENSEX,PE,74200.0,SENSEX26SEP74200PE,556.85,561.9,551.95,560.5,17780,17
2026-09-24 14:18:00,SENSEX,CE,74300.0,SENSEX26SEP74300CE,25.45,25.5,23.9,24.15,362340,17
2026-09-24 14:18:00,SENSEX,PE,74300.0,SENSEX26SEP74300PE,647.7,652.05,640.3,651.6,5640,17
2026-09-24 14:19:00,SENSEX,FUT,0.0,SENSEX26SEPFUT,73671.45,73671.45,73668.4,73668.4,20,16
2026-09-24 14:19:00,SENSEX,SPOT,0.0,SENSEX,73660.24,73660.24,73632.84,73632.84,0,16
2026-09-24 14:19:00,SENSEX,CE,73100.0,SENSEX26SEP73100CE,606.4,606.4,578.1,581.1,1720,16
2026-09-24 14:19:00,SENSEX,PE,73100.0,SENSEX26SEP73100PE,29.35,33.9,28.65,33.4,723620,16
2026-09-24 14:19:00,SENSEX,CE,73200.0,SENSEX26SEP73200CE,514.35,516.55,490.1,492.9,12160,16
2026-09-24 14:19:00,SENSEX,PE,73200.0,SENSEX26SEP73200PE,40.6,46.5,39.6,45.75,678520,16
2026-09-24 14:19:00,SENSEX,CE,73300.0,SENSEX26SEP73300CE,426.5,432.55,406.1,414.25,23120,16
2026-09-24 14:19:00,SENSEX,PE,73300.0,SENSEX26SEP73300PE,57.3,64.65,55.55,62.85,800260,16
2026-09-24 14:19:00,SENSEX,CE,73400.0,SENSEX26SEP73400CE,346.65,353.7,332.1,342.55,48820,16
2026-09-24 14:19:00,SENSEX,PE,73400.0,SENSEX26SEP73400PE,80.15,89.25,78.55,84.85,1000040,16
2026-09-24 14:19:00,SENSEX,CE,73500.0,SENSEX26SEP73500CE,277.2,283.85,263.35,273.05,363140,16
2026-09-24 14:19:00,SENSEX,PE,73500.0,SENSEX26SEP73500PE,109.6,121.65,107.25,115.1,1324800,16
2026-09-24 14:19:00,SENSEX,CE,73600.0,SENSEX26SEP73600CE,216.75,219.7,203.45,212.65,435740,16
2026-09-24 14:19:00,SENSEX,PE,73600.0,SENSEX26SEP73600PE,147.45,161.25,144.85,154.6,1048380,16
2026-09-24 14:19:00,SENSEX,CE,73700.0,SENSEX26SEP73700CE,162.1,165.5,152.75,161.25,654340,16
2026-09-24 14:19:00,SENSEX,PE,73700.0,SENSEX26SEP73700PE,195.0,210.45,191.55,203.05,861040,16
2026-09-24 14:19:00,SENSEX,CE,73800.0,SENSEX26SEP73800CE,121.6,124.05,112.75,119.35,609640,16
2026-09-24 14:19:00,SENSEX,PE,73800.0,SENSEX26SEP73800PE,252.25,269.85,248.65,259.6,398640,16
2026-09-24 14:19:00,SENSEX,CE,73900.0,SENSEX26SEP73900CE,89.4,91.1,82.45,85.15,662380,16
2026-09-24 14:19:00,SENSEX,PE,73900.0,SENSEX26SEP73900PE,321.0,339.85,314.8,334.55,136420,16
2026-09-24 14:19:00,SENSEX,CE,74000.0,SENSEX26SEP74000CE,63.6,65.7,59.05,62.95,941240,16
2026-09-24 14:19:00,SENSEX,PE,74000.0,SENSEX26SEP74000PE,396.0,415.3,390.35,404.95,156060,16
2026-09-24 14:19:00,SENSEX,CE,74100.0,SENSEX26SEP74100CE,45.65,47.2,41.7,44.4,565260,16
2026-09-24 14:19:00,SENSEX,PE,74100.0,SENSEX26SEP74100PE,476.15,498.55,471.95,485.35,58500,16
2026-09-24 14:19:00,SENSEX,CE,74200.0,SENSEX26SEP74200CE,33.05,33.95,27.4,32.2,1063360,16
2026-09-24 14:19:00,SENSEX,PE,74200.0,SENSEX26SEP74200PE,562.0,588.2,558.0,573.45,36340,16
2026-09-24 14:19:00,SENSEX,CE,74300.0,SENSEX26SEP74300CE,23.5,24.15,21.6,23.15,883380,16
2026-09-24 14:19:00,SENSEX,PE,74300.0,SENSEX26SEP74300PE,651.75,677.9,649.2,666.45,17760,16
2026-09-24 14:20:00,SENSEX,FUT,0.0,SENSEX26SEPFUT,73668.4,73680.0,73657.15,73680.0,140,17
2026-09-24 14:20:00,SENSEX,SPOT,0.0,SENSEX,73631.83,73672.89,73631.83,73646.86,0,17
2026-09-24 14:20:00,SENSEX,CE,73100.0,SENSEX26SEP73100CE,592.45,603.15,584.3,589.55,1900,17
2026-09-24 14:20:00,SENSEX,PE,73100.0,SENSEX26SEP73100PE,31.25,33.05,30.05,33.05,488260,17
2026-09-24 14:20:00,SENSEX,CE,73200.0,SENSEX26SEP73200CE,502.1,515.0,495.4,498.75,7600,17
2026-09-24 14:20:00,SENSEX,PE,73200.0,SENSEX26SEP73200PE,43.05,45.75,41.35,45.5,535280,17
2026-09-24 14:20:00,SENSEX,CE,73300.0,SENSEX26SEP73300CE,420.9,433.05,412.05,415.1,21380,17
2026-09-24 14:20:00,SENSEX,PE,73300.0,SENSEX26SEP73300PE,60.6,63.2,57.5,63.0,709100,17
2026-09-24 14:20:00,SENSEX,CE,73400.0,SENSEX26SEP73400CE,345.05,352.75,335.6,338.9,30640,17
2026-09-24 14:20:00,SENSEX,PE,73400.0,SENSEX26SEP73400PE,83.65,87.8,80.05,86.25,869560,17
2026-09-24 14:20:00,SENSEX,CE,73500.0,SENSEX26SEP73500CE,276.2,282.2,267.85,269.65,164960,17
2026-09-24 14:20:00,SENSEX,PE,73500.0,SENSEX26SEP73500PE,114.1,118.95,108.75,117.1,989540,17
2026-09-24 14:20:00,SENSEX,CE,73600.0,SENSEX26SEP73600CE,214.0,220.15,207.05,209.35,311660,17
2026-09-24 14:20:00,SENSEX,PE,73600.0,SENSEX26SEP73600PE,153.7,157.7,146.7,156.1,840580,17
2026-09-24 14:20:00,SENSEX,CE,73700.0,SENSEX26SEP73700CE,162.45,166.65,155.75,157.75,478800,17
2026-09-24 14:20:00,SENSEX,PE,73700.0,SENSEX26SEP73700PE,200.0,207.75,193.35,204.35,721620,17
2026-09-24 14:20:00,SENSEX,CE,73800.0,SENSEX26SEP73800CE,120.35,123.9,115.55,116.85,469060,17
2026-09-24 14:20:00,SENSEX,PE,73800.0,SENSEX26SEP73800PE,257.15,267.6,249.8,263.95,269360,17
2026-09-24 14:20:00,SENSEX,CE,73900.0,SENSEX26SEP73900CE,88.3,91.15,84.25,84.7,402680,17
2026-09-24 14:20:00,SENSEX,PE,73900.0,SENSEX26SEP73900PE,326.05,335.35,317.45,332.9,98160,17
2026-09-24 14:20:00,SENSEX,CE,74000.0,SENSEX26SEP74000CE,63.6,65.6,60.8,60.85,606020,17
2026-09-24 14:20:00,SENSEX,PE,74000.0,SENSEX26SEP74000PE,402.35,411.8,392.2,409.0,117400,17
2026-09-24 14:20:00,SENSEX,CE,74100.0,SENSEX26SEP74100CE,45.5,46.9,43.25,43.25,325900,17
2026-09-24 14:20:00,SENSEX,PE,74100.0,SENSEX26SEP74100PE,481.95,494.95,473.45,490.2,27640,17
2026-09-24 14:20:00,SENSEX,CE,74200.0,SENSEX26SEP74200CE,32.55,33.6,30.75,31.2,474580,17
2026-09-24 14:20:00,SENSEX,PE,74200.0,SENSEX26SEP74200PE,571.9,583.45,558.4,576.3,35440,17
2026-09-24 14:20:00,SENSEX,CE,74300.0,SENSEX26SEP74300CE,23.4,24.2,22.15,22.4,275640,17
2026-09-24 14:20:00,SENSEX,PE,74300.0,SENSEX26SEP74300PE,661.2,672.1,650.65,669.35,14720,17
2026-09-24 14:21:00,SENSEX,FUT,0.0,SENSEX26SEPFUT,73680.0,73680.0,73680.0,73680.0,0,16
2026-09-24 14:21:00,SENSEX,SPOT,0.0,SENSEX,73636.39,73642.73,73609.92,73642.73,0,16
2026-09-24 14:21:00,SENSEX,CE,73100.0,SENSEX26SEP73100CE,580.0,590.8,568.3,590.8,7160,16
2026-09-24 14:21:00,SENSEX,PE,73100.0,SENSEX26SEP73100PE,33.4,35.0,30.35,30.35,712180,16
2026-09-24 14:21:00,SENSEX,CE,73200.0,SENSEX26SEP73200CE,489.55,499.85,480.35,499.85,16760,16
2026-09-24 14:21:00,SENSEX,PE,73200.0,SENSEX26SEP73200PE,46.0,47.8,42.75,42.75,708700,16
2026-09-24 14:21:00,SENSEX,CE,73300.0,SENSEX26SEP73300CE,410.0,416.95,397.5,416.95,24320,16
2026-09-24 14:21:00,SENSEX,PE,73300.0,SENSEX26SEP73300PE,64.5,66.55,58.5,58.5,955360,16
2026-09-24 14:21:00,SENSEX,CE,73400.0,SENSEX26SEP73400CE,332.8,342.95,325.4,342.95,38420,16
2026-09-24 14:21:00,SENSEX,PE,73400.0,SENSEX26SEP73400PE,88.5,91.65,82.05,82.05,1114500,16
2026-09-24 14:21:00,SENSEX,CE,73500.0,SENSEX26SEP73500CE,263.75,273.95,257.8,273.95,192500,16
2026-09-24 14:21:00,SENSEX,PE,73500.0,SENSEX26SEP73500PE,121.9,123.55,111.55,111.55,1396100,16
2026-09-24 14:21:00,SENSEX,CE,73600.0,SENSEX26SEP73600CE,203.5,209.2,198.25,209.2,441620,16
2026-09-24 14:21:00,SENSEX,PE,73600.0,SENSEX26SEP73600PE,160.2,164.75,149.95,149.95,1035460,16
2026-09-24 14:21:00,SENSEX,CE,73700.0,SENSEX26SEP73700CE,153.05,158.9,148.6,158.9,555560,16
2026-09-24 14:21:00,SENSEX,PE,73700.0,SENSEX26SEP73700PE,211.3,215.25,198.85,198.85,881760,16
2026-09-24 14:21:00,SENSEX,CE,73800.0,SENSEX26SEP73800CE,112.4,117.6,108.65,117.6,682880,16
2026-09-24 14:21:00,SENSEX,PE,73800.0,SENSEX26SEP73800PE,270.55,276.7,256.3,256.3,348040,16
2026-09-24 14:21:00,SENSEX,CE,73900.0,SENSEX26SEP73900CE,82.1,85.85,78.85,85.85,709900,16
2026-09-24 14:21:00,SENSEX,PE,73900.0,SENSEX26SEP73900PE,338.45,345.2,322.8,322.8,138560,16
2026-09-24 14:21:00,SENSEX,CE,74000.0,SENSEX26SEP74000CE,59.3,61.35,56.8,61.35,824960,16
2026-09-24 14:21:00,SENSEX,PE,74000.0,SENSEX26SEP74000PE,414.1,423.35,400.25,400.25,151360,16
2026-09-24 14:21:00,SENSEX,CE,74100.0,SENSEX26SEP74100CE,42.0,43.65,40.1,43.65,516640,16
2026-09-24 14:21:00,SENSEX,PE,74100.0,SENSEX26SEP74100PE,502.0,506.3,483.05,483.05,64040,16
2026-09-24 14:21:00,SENSEX,CE,74200.0,SENSEX26SEP74200CE,30.1,31.1,28.95,31.1,548340,16
2026-09-24 14:21:00,SENSEX,PE,74200.0,SENSEX26SEP74200PE,585.05,595.05,568.7,568.7,46120,16
2026-09-24 14:21:00,SENSEX,CE,74300.0,SENSEX26SEP74300CE,21.7,22.4,20.7,22.4,439440,16
2026-09-24 14:21:00,SENSEX,PE,74300.0,SENSEX26SEP74300PE,681.0,687.4,663.35,663.35,27580,16
2026-09-24 14:22:00,SENSEX,FUT,0.0,SENSEX26SEPFUT,73680.0,73680.0,73680.0,73680.0,0,17
2026-09-24 14:22:00,SENSEX,SPOT,0.0,SENSEX,73648.75,73648.75,73630.63,73635.87,0,17
2026-09-24 14:22:00,SENSEX,CE,73100.0,SENSEX26SEP73100CE,591.95,591.95,568.0,570.0,1560,17
2026-09-24 14:22:00,SENSEX,PE,73100.0,SENSEX26SEP73100PE,30.15,33.95,30.15,33.65,399240,17
2026-09-24 14:22:00,SENSEX,CE,73200.0,SENSEX26SEP73200CE,506.1,506.1,480.15,482.5,12100,17
2026-09-24 14:22:00,SENSEX,PE,73200.0,SENSEX26SEP73200PE,42.15,46.6,42.15,46.6,414180,17
2026-09-24 14:22:00,SENSEX,CE,73300.0,SENSEX26SEP73300CE,419.55,419.55,397.0,397.75,21460,17
2026-09-24 14:22:00,SENSEX,PE,73300.0,SENSEX26SEP73300PE,58.8,64.85,58.8,64.35,528220,17
2026-09-24 14:22:00,SENSEX,CE,73400.0,SENSEX26SEP73400CE,342.05,342.05,322.65,322.8,28340,17
2026-09-24 14:22:00,SENSEX,PE,73400.0,SENSEX26SEP73400PE,82.2,89.5,82.2,89.45,592960,17
2026-09-24 14:22:00,SENSEX,CE,73500.0,SENSEX26SEP73500CE,271.2,271.2,254.4,255.0,129000,17
2026-09-24 14:22:00,SENSEX,PE,73500.0,SENSEX26SEP73500PE,112.9,122.0,112.9,121.25,712500,17
2026-09-24 14:22:00,SENSEX,CE,73600.0,SENSEX26SEP73600CE,209.5,209.5,195.1,195.1,311440,17
2026-09-24 14:22:00,SENSEX,PE,73600.0,SENSEX26SEP73600PE,150.85,163.4,150.85,162.5,579640,17
2026-09-24 14:22:00,SENSEX,CE,73700.0,SENSEX26SEP73700CE,157.65,157.65,145.85,146.05,433240,17
2026-09-24 14:22:00,SENSEX,PE,73700.0,SENSEX26SEP73700PE,199.3,213.9,199.3,212.65,423920,17
2026-09-24 14:22:00,SENSEX,CE,73800.0,SENSEX26SEP73800CE,117.1,117.1,106.55,107.3,379600,17
2026-09-24 14:22:00,SENSEX,PE,73800.0,SENSEX26SEP73800PE,256.05,274.25,256.05,272.85,221660,17
2026-09-24 14:22:00,SENSEX,CE,73900.0,SENSEX26SEP73900CE,85.65,85.65,77.35,77.35,468460,17
2026-09-24 14:22:00,SENSEX,PE,73900.0,SENSEX26SEP73900PE,325.0,344.7,325.0,342.95,91200,17
2026-09-24 14:22:00,SENSEX,CE,74000.0,SENSEX26SEP74000CE,61.55,61.55,54.9,55.3,791980,17
2026-09-24 14:22:00,SENSEX,PE,74000.0,SENSEX26SEP74000PE,402.0,422.7,402.0,419.85,93960,17
2026-09-24 14:22:00,SENSEX,CE,74100.0,SENSEX26SEP74100CE,43.45,43.45,39.0,39.0,359320,17
2026-09-24 14:22:00,SENSEX,PE,74100.0,SENSEX26SEP74100PE,486.15,506.7,486.15,504.95,40960,17
2026-09-24 14:22:00,SENSEX,CE,74200.0,SENSEX26SEP74200CE,31.0,31.0,27.65,27.65,473860,17
2026-09-24 14:22:00,SENSEX,PE,74200.0,SENSEX26SEP74200PE,570.65,596.15,570.65,593.55,23820,17
2026-09-24 14:22:00,SENSEX,CE,74300.0,SENSEX26SEP74300CE,22.3,22.3,19.95,19.95,406460,17
2026-09-24 14:22:00,SENSEX,PE,74300.0,SENSEX26SEP74300PE,666.4,685.7,665.0,685.45,19800,17
2026-09-24 14:23:00,SENSEX,FUT,0.0,SENSEX26SEPFUT,73680.0,73680.0,73626.65,73626.65,60,16
2026-09-24 14:23:00,SENSEX,SPOT,0.0,SENSEX,73631.5,73631.5,73574.42,73574.42,0,16
2026-09-24 14:23:00,SENSEX,CE,73100.0,SENSEX26SEP73100CE,570.0,571.35,528.45,533.15,10240,16
2026-09-24 14:23:00,SENSEX,PE,73100.0,SENSEX26SEP73100PE,32.75,37.35,32.75,36.25,934860,16
2026-09-24 14:23:00,SENSEX,CE,73200.0,SENSEX26SEP73200CE,485.65,485.65,440.0,446.85,28020,16
2026-09-24 14:23:00,SENSEX,PE,73200.0,SENSEX26SEP73200PE,45.4,52.25,45.3,50.85,1038120,16
2026-09-24 14:23:00,SENSEX,CE,73300.0,SENSEX26SEP73300CE,401.05,401.05,360.85,365.55,40380,16
2026-09-24 14:23:00,SENSEX,PE,73300.0,SENSEX26SEP73300PE,62.9,72.5,62.9,70.55,1307220,16
2026-09-24 14:23:00,SENSEX,CE,73400.0,SENSEX26SEP73400CE,325.2,325.2,288.85,290.0,128740,16
2026-09-24 14:23:00,SENSEX,PE,73400.0,SENSEX26SEP73400PE,87.95,99.55,87.4,98.15,1643340,16
2026-09-24 14:23:00,SENSEX,CE,73500.0,SENSEX26SEP73500CE,256.85,256.95,224.75,227.6,600360,16
2026-09-24 14:23:00,SENSEX,PE,73500.0,SENSEX26SEP73500PE,120.35,136.65,120.35,133.8,1998220,16
2026-09-24 14:23:00,SENSEX,CE,73600.0,SENSEX26SEP73600CE,197.35,197.35,169.2,171.4,866960,16
2026-09-24 14:23:00,SENSEX,PE,73600.0,SENSEX26SEP73600PE,160.25,181.45,160.25,177.95,1640560,16
2026-09-24 14:23:00,SENSEX,CE,73700.0,SENSEX26SEP73700CE,147.2,147.45,124.85,126.9,1201960,16
2026-09-24 14:23:00,SENSEX,PE,73700.0,SENSEX26SEP73700PE,210.55,234.7,210.55,233.75,1219220,16
2026-09-24 14:23:00,SENSEX,CE,73800.0,SENSEX26SEP73800CE,107.65,107.9,90.85,92.25,1433780,16
2026-09-24 14:23:00,SENSEX,PE,73800.0,SENSEX26SEP73800PE,271.2,300.8,271.05,297.05,536700,16
2026-09-24 14:23:00,SENSEX,CE,73900.0,SENSEX26SEP73900CE,78.0,78.0,64.85,66.1,1289540,16
2026-09-24 14:23:00,SENSEX,PE,73900.0,SENSEX26SEP73900PE,340.6,376.0,340.6,371.45,207680,16
2026-09-24 14:23:00,SENSEX,CE,74000.0,SENSEX26SEP74000CE,55.65,55.65,46.1,46.75,1787460,16
2026-09-24 14:23:00,SENSEX,PE,74000.0,SENSEX26SEP74000PE,417.55,454.3,416.85,451.9,231240,16
2026-09-24 14:23:00,SENSEX,CE,74100.0,SENSEX26SEP74100CE,39.35,39.35,32.5,33.3,1017640,16
2026-09-24 14:23:00,SENSEX,PE,74100.0,SENSEX26SEP74100PE,502.4,544.5,500.85,539.2,61860,16
2026-09-24 14:23:00,SENSEX,CE,74200.0,SENSEX26SEP74200CE,28.1,28.1,23.45,23.8,1029840,16
2026-09-24 14:23:00,SENSEX,PE,74200.0,SENSEX26SEP74200PE,589.4,632.65,589.4,628.0,70140,16
2026-09-24 14:23:00,SENSEX,CE,74300.0,SENSEX26SEP74300CE,20.0,20.0,16.85,17.2,838300,16
2026-09-24 14:23:00,SENSEX,PE,74300.0,SENSEX26SEP74300PE,682.6,729.05,681.75,722.8,47120,16
2026-09-24 14:24:00,SENSEX,FUT,0.0,SENSEX26SEPFUT,73626.65,73626.65,73601.95,73601.95,80,16
2026-09-24 14:24:00,SENSEX,SPOT,0.0,SENSEX,73573.54,73596.09,73564.7,73588.04,0,16
2026-09-24 14:24:00,SENSEX,CE,73100.0,SENSEX26SEP73100CE,532.0,546.8,518.25,544.3,10320,16
2026-09-24 14:24:00,SENSEX,PE,73100.0,SENSEX26SEP73100PE,36.6,37.95,32.05,32.3,1026760,16
2026-09-24 14:24:00,SENSEX,CE,73200.0,SENSEX26SEP73200CE,447.2,462.5,435.0,459.75,22560,16
2026-09-24 14:24:00,SENSEX,PE,73200.0,SENSEX26SEP73200PE,50.55,52.7,45.05,45.55,1213960,16
2026-09-24 14:24:00,SENSEX,CE,73300.0,SENSEX26SEP73300CE,363.85,380.0,355.4,378.6,60700,16
2026-09-24 14:24:00,SENSEX,PE,73300.0,SENSEX26SEP73300PE,69.85,74.8,63.75,63.75,1535900,16
2026-09-24 14:24:00,SENSEX,CE,73400.0,SENSEX26SEP73400CE,293.85,302.15,280.6,302.15,115260,16
2026-09-24 14:24:00,SENSEX,PE,73400.0,SENSEX26SEP73400PE,97.6,103.4,89.85,89.85,1823280,16
2026-09-24 14:24:00,SENSEX,CE,73500.0,SENSEX26SEP73500CE,228.2,238.1,216.9,235.9,499600,16
2026-09-24 14:24:00,SENSEX,PE,73500.0,SENSEX26SEP73500PE,132.0,140.0,122.15,122.15,2177240,16
2026-09-24 14:24:00,SENSEX,CE,73600.0,SENSEX26SEP73600CE,170.8,178.45,165.2,178.1,903960,16
2026-09-24 14:24:00,SENSEX,PE,73600.0,SENSEX26SEP73600PE,176.5,186.5,165.55,165.55,1553580,16
2026-09-24 14:24:00,SENSEX,CE,73700.0,SENSEX26SEP73700CE,127.6,131.55,121.1,131.25,1012080,16
2026-09-24 14:24:00,SENSEX,PE,73700.0,SENSEX26SEP73700PE,230.6,239.95,216.5,216.5,1042920,16
2026-09-24 14:24:00,SENSEX,CE,73800.0,SENSEX26SEP73800CE,93.35,95.3,87.05,94.9,1053740,16
2026-09-24 14:24:00,SENSEX,PE,73800.0,SENSEX26SEP73800PE,296.55,305.45,281.4,281.4,480960,16
2026-09-24 14:24:00,SENSEX,CE,73900.0,SENSEX26SEP73900CE,66.9,68.95,61.75,67.8,812700,16
2026-09-24 14:24:00,SENSEX,PE,73900.0,SENSEX26SEP73900PE,367.1,383.75,353.35,353.35,214420,16
2026-09-24 14:24:00,SENSEX,CE,74000.0,SENSEX26SEP74000CE,47.5,48.5,43.8,48.0,1228780,16
2026-09-24 14:24:00,SENSEX,PE,74000.0,SENSEX26SEP74000PE,450.5,464.6,435.0,435.0,273360,16
2026-09-24 14:24:00,SENSEX,CE,74100.0,SENSEX26SEP74100CE,33.65,34.75,31.3,34.05,764680,16
2026-09-24 14:24:00,SENSEX,PE,74100.0,SENSEX26SEP74100PE,533.6,550.35,518.45,518.75,91400,16
2026-09-24 14:24:00,SENSEX,CE,74200.0,SENSEX26SEP74200CE,23.85,24.7,22.7,24.1,772540,16
2026-09-24 14:24:00,SENSEX,PE,74200.0,SENSEX26SEP74200PE,624.0,644.0,607.25,609.8,63300,16
2026-09-24 14:24:00,SENSEX,CE,74300.0,SENSEX26SEP74300CE,17.45,17.7,16.35,17.4,660440,16
2026-09-24 14:24:00,SENSEX,PE,74300.0,SENSEX26SEP74300PE,720.85,734.65,704.3,704.3,32340,16
2026-09-24 14:25:00,SENSEX,FUT,0.0,SENSEX26SEPFUT,73601.95,73634.35,73601.95,73634.35,60,17
2026-09-24 14:25:00,SENSEX,SPOT,0.0,SENSEX,73600.84,73634.89,73595.69,73628.6,0,17
2026-09-24 14:25:00,SENSEX,CE,73100.0,SENSEX26SEP73100CE,544.35,574.7,543.25,563.8,5880,17
2026-09-24 14:25:00,SENSEX,PE,73100.0,SENSEX26SEP73100PE,32.4,33.25,28.15,28.9,821160,17
2026-09-24 14:25:00,SENSEX,CE,73200.0,SENSEX26SEP73200CE,459.35,484.4,453.35,476.8,15720,17
2026-09-24 14:25:00,SENSEX,PE,73200.0,SENSEX26SEP73200PE,45.4,46.25,39.55,41.2,1058680,17
2026-09-24 14:25:00,SENSEX,CE,73300.0,SENSEX26SEP73300CE,377.7,400.2,374.15,394.05,42480,17
2026-09-24 14:25:00,SENSEX,PE,73300.0,SENSEX26SEP73300PE,64.0,66.0,56.4,58.1,1128360,17
2026-09-24 14:25:00,SENSEX,CE,73400.0,SENSEX26SEP73400CE,300.8,321.15,300.5,319.15,97900,17
2026-09-24 14:25:00,SENSEX,PE,73400.0,SENSEX26SEP73400PE,89.85,92.65,79.65,81.4,1297540,17
2026-09-24 14:25:00,SENSEX,CE,73500.0,SENSEX26SEP73500CE,236.0,253.95,233.2,248.55,393040,17
2026-09-24 14:25:00,SENSEX,PE,73500.0,SENSEX26SEP73500PE,123.4,126.65,110.3,113.6,1597060,17
2026-09-24 14:25:00,SENSEX,CE,73600.0,SENSEX26SEP73600CE,177.05,192.65,177.05,189.65,820160,17
2026-09-24 14:25:00,SENSEX,PE,73600.0,SENSEX26SEP73600PE,166.85,169.5,150.55,153.5,1229240,17
2026-09-24 14:25:00,SENSEX,CE,73700.0,SENSEX26SEP73700CE,130.85,142.7,129.6,141.2,855020,17
2026-09-24 14:25:00,SENSEX,PE,73700.0,SENSEX26SEP73700PE,219.9,221.95,201.45,204.4,704000,17
2026-09-24 14:25:00,SENSEX,CE,73800.0,SENSEX26SEP73800CE,94.95,104.45,94.25,103.15,792340,17
2026-09-24 14:25:00,SENSEX,PE,73800.0,SENSEX26SEP73800PE,283.65,286.0,261.8,264.75,303220,17
2026-09-24 14:25:00,SENSEX,CE,73900.0,SENSEX26SEP73900CE,67.95,74.8,67.95,73.8,543420,17
2026-09-24 14:25:00,SENSEX,PE,73900.0,SENSEX26SEP73900PE,355.05,358.15,331.1,337.05,134780,17
2026-09-24 14:25:00,SENSEX,CE,74000.0,SENSEX26SEP74000CE,48.15,53.05,47.95,51.85,1146140,17
2026-09-24 14:25:00,SENSEX,PE,74000.0,SENSEX26SEP74000PE,434.7,440.5,408.8,413.85,159620,17
2026-09-24 14:25:00,SENSEX,CE,74100.0,SENSEX26SEP74100CE,34.1,37.55,33.8,36.75,433660,17
2026-09-24 14:25:00,SENSEX,PE,74100.0,SENSEX26SEP74100PE,521.2,526.0,492.3,501.15,42020,17
2026-09-24 14:25:00,SENSEX,CE,74200.0,SENSEX26SEP74200CE,24.15,26.55,24.15,26.2,602520,17
2026-09-24 14:25:00,SENSEX,PE,74200.0,SENSEX26SEP74200PE,609.75,616.45,580.95,589.05,34940,17
2026-09-24 14:25:00,SENSEX,CE,74300.0,SENSEX26SEP74300CE,17.4,18.95,17.4,18.7,428600,17
2026-09-24 14:25:00,SENSEX,PE,74300.0,SENSEX26SEP74300PE,707.2,707.8,674.4,683.5,19420,17
2026-09-24 14:26:00,SENSEX,FUT,0.0,SENSEX26SEPFUT,73634.35,73634.35,73634.35,73634.35,0,2
2026-09-24 14:26:00,SENSEX,SPOT,0.0,SENSEX,73633.54,73633.54,73632.03,73632.03,0,2
2026-09-24 14:26:00,SENSEX,CE,73100.0,SENSEX26SEP73100CE,569.25,569.5,569.25,569.5,40,2
2026-09-24 14:26:00,SENSEX,PE,73100.0,SENSEX26SEP73100PE,28.5,28.5,28.3,28.3,27760,2
2026-09-24 14:26:00,SENSEX,CE,73200.0,SENSEX26SEP73200CE,480.95,481.45,480.95,481.45,1260,2
2026-09-24 14:26:00,SENSEX,PE,73200.0,SENSEX26SEP73200PE,40.1,40.1,39.75,39.75,32560,2
2026-09-24 14:26:00,SENSEX,CE,73300.0,SENSEX26SEP73300CE,398.0,398.95,398.0,398.95,2800,2
2026-09-24 14:26:00,SENSEX,PE,73300.0,SENSEX26SEP73300PE,57.05,65.45,57.05,65.45,1041660,2
2026-09-24 14:26:00,SENSEX,CE,73400.0,SENSEX26SEP73400CE,319.85,319.85,298.65,298.65,74700,2
2026-09-24 14:26:00,SENSEX,PE,73400.0,SENSEX26SEP73400PE,80.75,92.2,80.75,92.2,1125900,2
2026-09-24 14:26:00,SENSEX,CE,73500.0,SENSEX26SEP73500CE,250.6,250.6,232.9,232.9,305900,2
2026-09-24 14:26:00,SENSEX,PE,73500.0,SENSEX26SEP73500PE,112.2,126.2,112.2,126.2,1447920,2
2026-09-24 14:26:00,SENSEX,CE,73600.0,SENSEX26SEP73600CE,192.0,192.0,176.2,176.2,512340,2
2026-09-24 14:26:00,SENSEX,PE,73600.0,SENSEX26SEP73600PE,152.3,170.0,152.3,170.0,1006900,2
2026-09-24 14:26:00,SENSEX,CE,73700.0,SENSEX26SEP73700CE,142.2,142.2,129.5,129.5,670340,2
2026-09-24 14:26:00,SENSEX,PE,73700.0,SENSEX26SEP73700PE,203.85,223.6,203.85,223.6,716780,2
2026-09-24 14:26:00,SENSEX,CE,73800.0,SENSEX26SEP73800CE,103.7,103.7,94.25,94.25,754680,2
2026-09-24 14:26:00,SENSEX,PE,73800.0,SENSEX26SEP73800PE,264.55,286.95,264.55,286.95,276880,2
2026-09-24 14:26:00,SENSEX,CE,73900.0,SENSEX26SEP73900CE,74.25,74.25,67.2,67.2,646160,2
2026-09-24 14:26:00,SENSEX,PE,73900.0,SENSEX26SEP73900PE,333.8,360.8,333.8,360.8,150440,2
2026-09-24 14:26:00,SENSEX,CE,74000.0,SENSEX26SEP74000CE,52.65,52.65,47.65,47.65,1130080,2
2026-09-24 14:26:00,SENSEX,PE,74000.0,SENSEX26SEP74000PE,411.6,441.0,411.6,441.0,204960,2
2026-09-24 14:26:00,SENSEX,CE,74100.0,SENSEX26SEP74100CE,37.2,37.2,33.45,33.45,519100,2
2026-09-24 14:26:00,SENSEX,PE,74100.0,SENSEX26SEP74100PE,495.3,526.8,495.3,526.8,34660,2
2026-09-24 14:26:00,SENSEX,CE,74200.0,SENSEX26SEP74200CE,26.55,26.55,23.75,23.75,604440,2
2026-09-24 14:26:00,SENSEX,PE,74200.0,SENSEX26SEP74200PE,586.1,617.4,586.1,617.4,31680,2
2026-09-24 14:26:00,SENSEX,CE,74300.0,SENSEX26SEP74300CE,18.65,18.65,17.05,17.05,501360,2
2026-09-24 14:26:00,SENSEX,PE,74300.0,SENSEX26SEP74300PE,680.1,711.85,680.1,711.85,15320,2
2026-09-24 14:27:00,SENSEX,FUT,0.0,SENSEX26SEPFUT,73598.0,73598.0,73598.0,73598.0,0,14
2026-09-24 14:27:00,SENSEX,SPOT,0.0,SENSEX,73617.61,73617.61,73596.73,73612.3,0,14
2026-09-24 14:27:00,SENSEX,CE,73100.0,SENSEX26SEP73100CE,540.15,556.25,540.15,555.1,3700,14
2026-09-24 14:27:00,SENSEX,PE,73100.0,SENSEX26SEP73100PE,32.9,32.9,29.3,29.3,292700,14
2026-09-24 14:27:00,SENSEX,CE,73200.0,SENSEX26SEP73200CE,454.5,470.85,453.95,470.85,8560,14
2026-09-24 14:27:00,SENSEX,PE,73200.0,SENSEX26SEP73200PE,46.05,46.2,41.6,41.6,457620,14
2026-09-24 14:27:00,SENSEX,CE,73300.0,SENSEX26SEP73300CE,371.85,389.8,371.15,389.8,11700,14
2026-09-24 14:27:00,SENSEX,PE,73300.0,SENSEX26SEP73300PE,64.3,65.35,58.25,58.25,472180,14
2026-09-24 14:27:00,SENSEX,CE,73400.0,SENSEX26SEP73400CE,299.1,313.05,297.8,313.05,30520,14
2026-09-24 14:27:00,SENSEX,PE,73400.0,SENSEX26SEP73400PE,90.85,90.85,82.4,82.4,605460,14
2026-09-24 14:27:00,SENSEX,CE,73500.0,SENSEX26SEP73500CE,234.1,245.05,232.15,245.05,124340,14
2026-09-24 14:27:00,SENSEX,PE,73500.0,SENSEX26SEP73500PE,124.4,125.65,114.25,114.25,658620,14
2026-09-24 14:27:00,SENSEX,CE,73600.0,SENSEX26SEP73600CE,177.2,186.45,175.35,186.45,240360,14
2026-09-24 14:27:00,SENSEX,PE,73600.0,SENSEX26SEP73600PE,168.7,169.55,155.35,155.35,545880,14
2026-09-24 14:27:00,SENSEX,CE,73700.0,SENSEX26SEP73700CE,130.65,137.5,128.8,137.5,282980,14
2026-09-24 14:27:00,SENSEX,PE,73700.0,SENSEX26SEP73700PE,221.45,223.45,207.1,207.1,326600,14
2026-09-24 14:27:00,SENSEX,CE,73800.0,SENSEX26SEP73800CE,94.9,100.2,93.2,100.2,302660,14
2026-09-24 14:27:00,SENSEX,PE,73800.0,SENSEX26SEP73800PE,285.6,286.85,268.1,268.1,138220,14
2026-09-24 14:27:00,SENSEX,CE,73900.0,SENSEX26SEP73900CE,67.45,71.05,66.5,71.05,309400,14
2026-09-24 14:27:00,SENSEX,PE,73900.0,SENSEX26SEP73900PE,357.45,359.85,339.2,339.2,52180,14
2026-09-24 14:27:00,SENSEX,CE,74000.0,SENSEX26SEP74000CE,47.65,50.55,47.15,50.55,547240,14
2026-09-24 14:27:00,SENSEX,PE,74000.0,SENSEX26SEP74000PE,436.95,438.85,417.55,417.55,107240,14
2026-09-24 14:27:00,SENSEX,CE,74100.0,SENSEX26SEP74100CE,33.6,35.45,33.1,35.45,273620,14
2026-09-24 14:27:00,SENSEX,PE,74100.0,SENSEX26SEP74100PE,523.95,527.05,505.15,505.15,14820,14
2026-09-24 14:27:00,SENSEX,CE,74200.0,SENSEX26SEP74200CE,23.95,25.15,23.5,25.15,318820,14
2026-09-24 14:27:00,SENSEX,PE,74200.0,SENSEX26SEP74200PE,614.75,617.25,594.25,594.25,17220,14
2026-09-24 14:27:00,SENSEX,CE,74300.0,SENSEX26SEP74300CE,17.1,17.8,16.95,17.8,348180,14
2026-09-24 14:27:00,SENSEX,PE,74300.0,SENSEX26SEP74300PE,708.2,709.4,689.05,689.05,10220,14
2026-09-24 14:28:00,SENSEX,FUT,0.0,SENSEX26SEPFUT,73598.0,73650.0,73598.0,73650.0,100,17
2026-09-24 14:28:00,SENSEX,SPOT,0.0,SENSEX,73614.21,73633.47,73613.51,73615.71,0,17
2026-09-24 14:28:00,SENSEX,CE,73100.0,SENSEX26SEP73100CE,560.6,576.5,554.9,554.9,5820,17
2026-09-24 14:28:00,SENSEX,PE,73100.0,SENSEX26SEP73100PE,29.05,30.1,26.65,30.1,547340,17
2026-09-24 14:28:00,SENSEX,CE,73200.0,SENSEX26SEP73200CE,473.7,488.0,465.4,465.4,9760,17
2026-09-24 14:28:00,SENSEX,PE,73200.0,SENSEX26SEP73200PE,40.95,42.25,37.75,42.25,737400,17
2026-09-24 14:28:00,SENSEX,CE,73300.0,SENSEX26SEP73300CE,391.25,404.0,380.25,380.25,30260,17
2026-09-24 14:28:00,SENSEX,PE,73300.0,SENSEX26SEP73300PE,57.85,59.45,53.65,59.45,786940,17
2026-09-24 14:28:00,SENSEX,CE,73400.0,SENSEX26SEP73400CE,314.55,325.1,305.9,305.9,57680,17
2026-09-24 14:28:00,SENSEX,PE,73400.0,SENSEX26SEP73400PE,81.8,84.05,75.6,84.05,1003360,17
2026-09-24 14:28:00,SENSEX,CE,73500.0,SENSEX26SEP73500CE,246.1,255.3,237.8,237.8,261600,17
2026-09-24 14:28:00,SENSEX,PE,73500.0,SENSEX26SEP73500PE,113.6,116.05,106.3,116.05,1076320,17
2026-09-24 14:28:00,SENSEX,CE,73600.0,SENSEX26SEP73600CE,185.3,195.05,179.3,179.3,471580,17
2026-09-24 14:28:00,SENSEX,PE,73600.0,SENSEX26SEP73600PE,154.6,158.25,145.8,158.25,953100,17
2026-09-24 14:28:00,SENSEX,CE,73700.0,SENSEX26SEP73700CE,137.7,145.3,131.95,131.95,620180,17
2026-09-24 14:28:00,SENSEX,PE,73700.0,SENSEX26SEP73700PE,206.25,208.9,194.85,208.9,592000,17
2026-09-24 14:28:00,SENSEX,CE,73800.0,SENSEX26SEP73800CE,100.25,105.85,95.4,95.4,800220,17
2026-09-24 14:28:00,SENSEX,PE,73800.0,SENSEX26SEP73800PE,268.95,273.2,255.3,273.2,220300,17
2026-09-24 14:28:00,SENSEX,CE,73900.0,SENSEX26SEP73900CE,71.75,75.4,67.85,67.85,432660,17
2026-09-24 14:28:00,SENSEX,PE,73900.0,SENSEX26SEP73900PE,339.4,346.25,325.9,346.25,85940,17
2026-09-24 14:28:00,SENSEX,CE,74000.0,SENSEX26SEP74000CE,50.55,53.5,47.65,47.65,849560,17
2026-09-24 14:28:00,SENSEX,PE,74000.0,SENSEX26SEP74000PE,416.65,424.1,402.0,424.1,98900,17
2026-09-24 14:28:00,SENSEX,CE,74100.0,SENSEX26SEP74100CE,35.7,37.65,33.5,33.5,422940,17
2026-09-24 14:28:00,SENSEX,PE,74100.0,SENSEX26SEP74100PE,504.0,509.2,487.6,509.2,31460,17
2026-09-24 14:28:00,SENSEX,CE,74200.0,SENSEX26SEP74200CE,25.0,26.75,23.7,23.7,437520,17
2026-09-24 14:28:00,SENSEX,PE,74200.0,SENSEX26SEP74200PE,595.1,602.55,576.15,602.55,23180,17
2026-09-24 14:28:00,SENSEX,CE,74300.0,SENSEX26SEP74300CE,17.9,18.95,16.8,16.8,283780,17
2026-09-24 14:28:00,SENSEX,PE,74300.0,SENSEX26SEP74300PE,688.5,691.8,669.35,691.8,11100,17
2026-09-24 14:29:00,SENSEX,FUT,0.0,SENSEX26SEPFUT,73650.0,73650.0,73631.0,73638.6,120,16
2026-09-24 14:29:00,SENSEX,SPOT,0.0,SENSEX,73614.17,73629.34,73614.17,73615.31,0,16
2026-09-24 14:29:00,SENSEX,CE,73100.0,SENSEX26SEP73100CE,554.9,572.7,552.0,558.6,1700,16
2026-09-24 14:29:00,SENSEX,PE,73100.0,SENSEX26SEP73100PE,29.75,30.25,27.2,29.05,396180,16
2026-09-24 14:29:00,SENSEX,CE,73200.0,SENSEX26SEP73200CE,465.35,485.95,464.85,469.8,8260,16
2026-09-24 14:29:00,SENSEX,PE,73200.0,SENSEX26SEP73200PE,41.85,42.6,38.25,40.65,412940,16
2026-09-24 14:29:00,SENSEX,CE,73300.0,SENSEX26SEP73300CE,383.6,398.3,382.95,387.25,27040,16
2026-09-24 14:29:00,SENSEX,PE,73300.0,SENSEX26SEP73300PE,58.6,59.4,54.0,57.7,510360,16
2026-09-24 14:29:00,SENSEX,CE,73400.0,SENSEX26SEP73400CE,306.8,320.0,306.8,313.35,35580,16
2026-09-24 14:29:00,SENSEX,PE,73400.0,SENSEX26SEP73400PE,83.9,84.5,76.7,81.75,616860,16
2026-09-24 14:29:00,SENSEX,CE,73500.0,SENSEX26SEP73500CE,238.65,251.65,238.0,243.85,101500,16
2026-09-24 14:29:00,SENSEX,PE,73500.0,SENSEX26SEP73500PE,115.65,116.15,106.85,112.1,696220,16
2026-09-24 14:29:00,SENSEX,CE,73600.0,SENSEX26SEP73600CE,181.45,190.85,180.85,184.35,290840,16
2026-09-24 14:29:00,SENSEX,PE,73600.0,SENSEX26SEP73600PE,157.85,157.85,146.45,154.15,510960,16
2026-09-24 14:29:00,SENSEX,CE,73700.0,SENSEX26SEP73700CE,133.75,140.7,132.95,135.2,388680,16
2026-09-24 14:29:00,SENSEX,PE,73700.0,SENSEX26SEP73700PE,209.55,210.35,197.4,204.6,304400,16
2026-09-24 14:29:00,SENSEX,CE,73800.0,SENSEX26SEP73800CE,95.2,101.75,95.2,97.5,288700,16
2026-09-24 14:29:00,SENSEX,PE,73800.0,SENSEX26SEP73800PE,270.5,271.6,256.9,267.3,142140,16
2026-09-24 14:29:00,SENSEX,CE,73900.0,SENSEX26SEP73900CE,68.5,72.75,68.15,69.2,407920,16
2026-09-24 14:29:00,SENSEX,PE,73900.0,SENSEX26SEP73900PE,342.45,343.55,326.35,338.65,54760,16
2026-09-24 14:29:00,SENSEX,CE,74000.0,SENSEX26SEP74000CE,47.55,51.25,47.55,48.85,510420,16
2026-09-24 14:29:00,SENSEX,PE,74000.0,SENSEX26SEP74000PE,422.75,427.2,407.25,418.45,62940,16
2026-09-24 14:29:00,SENSEX,CE,74100.0,SENSEX26SEP74100CE,33.45,35.85,33.45,34.15,261960,16
2026-09-24 14:29:00,SENSEX,PE,74100.0,SENSEX26SEP74100PE,510.0,511.0,491.25,503.15,22480,16
2026-09-24 14:29:00,SENSEX,CE,74200.0,SENSEX26SEP74200CE,23.95,25.35,23.85,23.95,322880,16
2026-09-24 14:29:00,SENSEX,PE,74200.0,SENSEX26SEP74200PE,600.05,600.05,580.05,592.6,16800,16
2026-09-24 14:29:00,SENSEX,CE,74300.0,SENSEX26SEP74300CE,17.15,17.8,16.9,16.95,290340,16
2026-09-24 14:29:00,SENSEX,PE,74300.0,SENSEX26SEP74300PE,692.4,693.7,673.3,686.4,9800,16
2026-09-24 14:30:00,SENSEX,FUT,0.0,SENSEX26SEPFUT,73638.6,73638.6,73638.6,73638.6,0,17
2026-09-24 14:30:00,SENSEX,SPOT,0.0,SENSEX,73616.64,73626.92,73612.89,73626.38,0,17
2026-09-24 14:30:00,SENSEX,CE,73100.0,SENSEX26SEP73100CE,561.05,569.0,556.9,563.3,1660,17
2026-09-24 14:30:00,SENSEX,PE,73100.0,SENSEX26SEP73100PE,28.1,29.2,27.4,28.7,244860,17
2026-09-24 14:30:00,SENSEX,CE,73200.0,SENSEX26SEP73200CE,475.7,482.0,466.35,476.2,7620,17
2026-09-24 14:30:00,SENSEX,PE,73200.0,SENSEX26SEP73200PE,39.8,41.05,38.85,40.4,327840,17
2026-09-24 14:30:00,SENSEX,CE,73300.0,SENSEX26SEP73300CE,392.65,396.85,384.85,391.65,12880,17
2026-09-24 14:30:00,SENSEX,PE,73300.0,SENSEX26SEP73300PE,55.9,58.25,55.0,57.05,420980,17
2026-09-24 14:30:00,SENSEX,CE,73400.0,SENSEX26SEP73400CE,315.0,320.25,308.1,313.05,24360,17
2026-09-24 14:30:00,SENSEX,PE,73400.0,SENSEX26SEP73400PE,79.6,82.0,77.95,80.6,435040,17
2026-09-24 14:30:00,SENSEX,CE,73500.0,SENSEX26SEP73500CE,245.8,249.65,239.55,245.5,127460,17
2026-09-24 14:30:00,SENSEX,PE,73500.0,SENSEX26SEP73500PE,110.4,113.8,108.65,111.85,544800,17
2026-09-24 14:30:00,SENSEX,CE,73600.0,SENSEX26SEP73600CE,185.55,189.5,181.75,185.45,311620,17
2026-09-24 14:30:00,SENSEX,PE,73600.0,SENSEX26SEP73600PE,150.95,155.95,149.1,152.3,527520,17
2026-09-24 14:30:00,SENSEX,CE,73700.0,SENSEX26SEP73700CE,136.5,139.05,132.75,136.4,370900,17
2026-09-24 14:30:00,SENSEX,PE,73700.0,SENSEX26SEP73700PE,201.25,207.45,198.4,203.15,261760,17
2026-09-24 14:30:00,SENSEX,CE,73800.0,SENSEX26SEP73800CE,98.95,100.85,95.35,98.25,442080,17
2026-09-24 14:30:00,SENSEX,PE,73800.0,SENSEX26SEP73800PE,262.5,268.95,258.95,264.0,110840,17
2026-09-24 14:30:00,SENSEX,CE,73900.0,SENSEX26SEP73900CE,69.75,71.05,67.25,69.3,276080,17
2026-09-24 14:30:00,SENSEX,PE,73900.0,SENSEX26SEP73900PE,333.55,341.6,328.8,334.35,46100,17
2026-09-24 14:30:00,SENSEX,CE,74000.0,SENSEX26SEP74000CE,49.0,49.9,47.2,48.35,483420,17
2026-09-24 14:30:00,SENSEX,PE,74000.0,SENSEX26SEP74000PE,413.0,420.65,409.25,413.95,46720,17
2026-09-24 14:30:00,SENSEX,CE,74100.0,SENSEX26SEP74100CE,34.2,34.35,32.9,33.65,232900,17
2026-09-24 14:30:00,SENSEX,PE,74100.0,SENSEX26SEP74100PE,498.75,506.05,494.3,499.9,21300,17
2026-09-24 14:30:00,SENSEX,CE,74200.0,SENSEX26SEP74200CE,24.15,24.4,23.1,23.55,414280,17
2026-09-24 14:30:00,SENSEX,PE,74200.0,SENSEX26SEP74200PE,587.6,595.45,582.4,590.0,13740,17
2026-09-24 14:30:00,SENSEX,CE,74300.0,SENSEX26SEP74300CE,16.9,16.95,16.25,16.6,310660,17
2026-09-24 14:30:00,SENSEX,PE,74300.0,SENSEX26SEP74300PE,680.25,690.4,675.9,682.0,11460,17
2026-09-24 14:31:00,SENSEX,FUT,0.0,SENSEX26SEPFUT,73638.6,73657.55,73638.6,73657.55,180,17
2026-09-24 14:31:00,SENSEX,SPOT,0.0,SENSEX,73647.25,73650.59,73618.03,73639.49,0,17
2026-09-24 14:31:00,SENSEX,CE,73100.0,SENSEX26SEP73100CE,563.3,589.55,551.0,589.35,5840,17
2026-09-24 14:31:00,SENSEX,PE,73100.0,SENSEX26SEP73100PE,27.95,29.15,22.55,22.85,1000480,17
2026-09-24 14:31:00,SENSEX,CE,73200.0,SENSEX26SEP73200CE,476.2,500.0,463.6,492.6,14200,17
2026-09-24 14:31:00,SENSEX,PE,73200.0,SENSEX26SEP73200PE,39.3,40.95,32.05,32.45,967520,17
2026-09-24 14:31:00,SENSEX,CE,73300.0,SENSEX26SEP73300CE,393.85,413.05,382.35,408.6,36020,17
2026-09-24 14:31:00,SENSEX,PE,73300.0,SENSEX26SEP73300PE,55.7,58.2,46.05,47.1,1223980,17
2026-09-24 14:31:00,SENSEX,CE,73400.0,SENSEX26SEP73400CE,316.4,333.9,306.7,329.1,66040,17
2026-09-24 14:31:00,SENSEX,PE,73400.0,SENSEX26SEP73400PE,79.1,82.05,66.55,66.9,1328040,17
2026-09-24 14:31:00,SENSEX,CE,73500.0,SENSEX26SEP73500CE,247.15,261.8,237.7,259.95,288900,17
2026-09-24 14:31:00,SENSEX,PE,73500.0,SENSEX26SEP73500PE,109.2,113.05,94.2,94.85,1521620,17
2026-09-24 14:31:00,SENSEX,CE,73600.0,SENSEX26SEP73600CE,187.35,199.05,177.5,196.05,656820,17
2026-09-24 14:31:00,SENSEX,PE,73600.0,SENSEX26SEP73600PE,150.3,154.3,131.1,134.25,1221720,17
2026-09-24 14:31:00,SENSEX,CE,73700.0,SENSEX26SEP73700CE,137.2,146.5,129.65,144.05,761620,17
2026-09-24 14:31:00,SENSEX,PE,73700.0,SENSEX26SEP73700PE,200.55,206.35,179.3,182.75,726080,17
2026-09-24 14:31:00,SENSEX,CE,73800.0,SENSEX26SEP73800CE,99.05,105.75,92.95,103.75,841720,17
2026-09-24 14:31:00,SENSEX,PE,73800.0,SENSEX26SEP73800PE,260.8,268.1,237.8,238.8,311800,17
2026-09-24 14:31:00,SENSEX,CE,73900.0,SENSEX26SEP73900CE,69.55,74.75,64.8,73.3,700100,17
2026-09-24 14:31:00,SENSEX,PE,73900.0,SENSEX26SEP73900PE,332.2,341.45,306.9,311.45,120120,17
2026-09-24 14:31:00,SENSEX,CE,74000.0,SENSEX26SEP74000CE,48.95,51.6,45.1,50.45,1147360,17
2026-09-24 14:31:00,SENSEX,PE,74000.0,SENSEX26SEP74000PE,410.35,421.75,384.4,385.2,136040,17
2026-09-24 14:31:00,SENSEX,CE,74100.0,SENSEX26SEP74100CE,33.85,35.55,31.25,35.1,658000,17
2026-09-24 14:31:00,SENSEX,PE,74100.0,SENSEX26SEP74100PE,495.55,508.25,468.0,469.5,40120,17
2026-09-24 14:31:00,SENSEX,CE,74200.0,SENSEX26SEP74200CE,23.75,24.7,21.3,23.85,815800,17
2026-09-24 14:31:00,SENSEX,PE,74200.0,SENSEX26SEP74200PE,586.05,598.55,557.05,562.2,28480,17
2026-09-24 14:31:00,SENSEX,CE,74300.0,SENSEX26SEP74300CE,16.6,17.25,14.95,16.55,680080,17
2026-09-24 14:31:00,SENSEX,PE,74300.0,SENSEX26SEP74300PE,679.4,691.45,648.4,655.45,16360,17
2026-09-24 14:32:00,SENSEX,FUT,0.0,SENSEX26SEPFUT,73657.55,73675.0,73657.55,73675.0,60,16
2026-09-24 14:32:00,SENSEX,SPOT,0.0,SENSEX,73640.4,73675.32,73640.4,73658.35,0,16
2026-09-24 14:32:00,SENSEX,CE,73100.0,SENSEX26SEP73100CE,589.65,609.2,580.65,580.65,5520,16
2026-09-24 14:32:00,SENSEX,PE,73100.0,SENSEX26SEP73100PE,22.2,22.75,20.6,22.75,709020,16
2026-09-24 14:32:00,SENSEX,CE,73200.0,SENSEX26SEP73200CE,497.55,515.9,486.45,486.45,11580,16
2026-09-24 14:32:00,SENSEX,PE,73200.0,SENSEX26SEP73200PE,31.55,32.55,29.1,32.55,880340,16
2026-09-24 14:32:00,SENSEX,CE,73300.0,SENSEX26SEP73300CE,411.45,431.7,405.8,405.8,32660,16
2026-09-24 14:32:00,SENSEX,PE,73300.0,SENSEX26SEP73300PE,45.95,47.45,42.5,47.45,970520,16
2026-09-24 14:32:00,SENSEX,CE,73400.0,SENSEX26SEP73400CE,332.45,347.05,325.25,325.25,74460,16
2026-09-24 14:32:00,SENSEX,PE,73400.0,SENSEX26SEP73400PE,66.0,67.9,61.8,67.9,1150480,16
2026-09-24 14:32:00,SENSEX,CE,73500.0,SENSEX26SEP73500CE,259.7,273.7,253.75,253.75,318440,16
2026-09-24 14:32:00,SENSEX,PE,73500.0,SENSEX26SEP73500PE,93.8,96.75,88.05,96.75,1397000,16
2026-09-24 14:32:00,SENSEX,CE,73600.0,SENSEX26SEP73600CE,197.7,208.9,192.6,192.6,741780,16
2026-09-24 14:32:00,SENSEX,PE,73600.0,SENSEX26SEP73600PE,131.55,134.85,123.2,134.85,1241960,16
2026-09-24 14:32:00,SENSEX,CE,73700.0,SENSEX26SEP73700CE,145.4,155.95,140.7,140.7,1088840,16
2026-09-24 14:32:00,SENSEX,PE,73700.0,SENSEX26SEP73700PE,178.85,185.35,169.75,185.35,715760,16
2026-09-24 14:32:00,SENSEX,CE,73800.0,SENSEX26SEP73800CE,105.75,113.0,101.85,101.85,955620,16
2026-09-24 14:32:00,SENSEX,PE,73800.0,SENSEX26SEP73800PE,237.4,242.6,226.5,242.6,282460,16
2026-09-24 14:32:00,SENSEX,CE,73900.0,SENSEX26SEP73900CE,73.4,79.8,72.05,72.05,731840,16
2026-09-24 14:32:00,SENSEX,PE,73900.0,SENSEX26SEP73900PE,307.05,314.15,294.25,314.15,243080,16
2026-09-24 14:32:00,SENSEX,CE,74000.0,SENSEX26SEP74000CE,50.85,55.85,49.5,49.5,1432480,16
2026-09-24 14:32:00,SENSEX,PE,74000.0,SENSEX26SEP74000PE,383.65,391.1,370.1,391.1,154180,16
2026-09-24 14:32:00,SENSEX,CE,74100.0,SENSEX26SEP74100CE,34.8,38.7,34.05,34.05,646080,16
2026-09-24 14:32:00,SENSEX,PE,74100.0,SENSEX26SEP74100PE,469.0,475.5,453.2,475.5,39820,16
2026-09-24 14:32:00,SENSEX,CE,74200.0,SENSEX26SEP74200CE,24.25,26.7,24.0,24.0,747920,16
2026-09-24 14:32:00,SENSEX,PE,74200.0,SENSEX26SEP74200PE,559.1,563.7,540.45,563.7,29240,16
2026-09-24 14:32:00,SENSEX,CE,74300.0,SENSEX26SEP74300CE,16.6,18.75,16.5,16.5,534160,16
2026-09-24 14:32:00,SENSEX,PE,74300.0,SENSEX26SEP74300PE,650.35,659.45,632.8,659.45,18540,16
2026-09-24 14:33:00,SENSEX,FUT,0.0,SENSEX26SEPFUT,73675.0,73675.0,73675.0,73675.0,0,17
2026-09-24 14:33:00,SENSEX,SPOT,0.0,SENSEX,73658.96,73660.88,73639.54,73645.61,0,17
2026-09-24 14:33:00,SENSEX,CE,73100.0,SENSEX26SEP73100CE,573.15,593.85,573.15,579.5,1080,17
2026-09-24 14:33:00,SENSEX,PE,73100.0,SENSEX26SEP73100PE,23.5,24.4,22.4,23.55,426760,17
2026-09-24 14:33:00,SENSEX,CE,73200.0,SENSEX26SEP73200CE,483.9,502.9,482.65,490.8,10220,17
2026-09-24 14:33:00,SENSEX,PE,73200.0,SENSEX26SEP73200PE,33.35,35.05,31.5,33.7,557300,17
2026-09-24 14:33:00,SENSEX,CE,73300.0,SENSEX26SEP73300CE,400.0,415.2,397.8,404.65,11700,17
2026-09-24 14:33:00,SENSEX,PE,73300.0,SENSEX26SEP73300PE,48.65,50.6,45.65,48.35,634140,17
2026-09-24 14:33:00,SENSEX,CE,73400.0,SENSEX26SEP73400CE,319.35,335.8,319.35,324.55,36940,17
2026-09-24 14:33:00,SENSEX,PE,73400.0,SENSEX26SEP73400PE,70.05,71.8,65.7,69.05,733140,17
2026-09-24 14:33:00,SENSEX,CE,73500.0,SENSEX26SEP73500CE,249.2,264.35,249.2,254.75,173520,17
2026-09-24 14:33:00,SENSEX,PE,73500.0,SENSEX26SEP73500PE,99.65,101.7,92.7,98.2,942300,17
2026-09-24 14:33:00,SENSEX,CE,73600.0,SENSEX26SEP73600CE,188.55,201.55,188.45,192.25,352840,17
2026-09-24 14:33:00,SENSEX,PE,73600.0,SENSEX26SEP73600PE,138.0,141.7,131.5,135.65,907000,17
2026-09-24 14:33:00,SENSEX,CE,73700.0,SENSEX26SEP73700CE,138.1,147.55,137.9,142.25,582040,17
2026-09-24 14:33:00,SENSEX,PE,73700.0,SENSEX26SEP73700PE,187.7,190.95,177.85,185.8,507520,17
2026-09-24 14:33:00,SENSEX,CE,73800.0,SENSEX26SEP73800CE,99.3,106.75,99.3,101.85,527940,17
2026-09-24 14:33:00,SENSEX,PE,73800.0,SENSEX26SEP73800PE,248.6,252.0,237.9,245.9,242200,17
2026-09-24 14:33:00,SENSEX,CE,73900.0,SENSEX26SEP73900CE,69.4,75.2,69.4,71.85,372880,17
2026-09-24 14:33:00,SENSEX,PE,73900.0,SENSEX26SEP73900PE,318.9,323.2,305.9,316.3,85440,17
2026-09-24 14:33:00,SENSEX,CE,74000.0,SENSEX26SEP74000CE,48.45,52.65,48.4,49.75,676600,17
2026-09-24 14:33:00,SENSEX,PE,74000.0,SENSEX26SEP74000PE,398.65,400.0,381.95,392.65,87680,17
2026-09-24 14:33:00,SENSEX,CE,74100.0,SENSEX26SEP74100CE,33.3,36.4,33.3,34.4,376840,17
2026-09-24 14:33:00,SENSEX,PE,74100.0,SENSEX26SEP74100PE,484.15,485.15,464.1,477.0,32540,17
2026-09-24 14:33:00,SENSEX,CE,74200.0,SENSEX26SEP74200CE,23.05,25.4,23.05,24.0,385280,17
2026-09-24 14:33:00,SENSEX,PE,74200.0,SENSEX26SEP74200PE,569.25,573.85,556.75,565.45,17340,17
2026-09-24 14:33:00,SENSEX,CE,74300.0,SENSEX26SEP74300CE,16.3,17.5,16.1,16.7,329020,17
2026-09-24 14:33:00,SENSEX,PE,74300.0,SENSEX26SEP74300PE,667.65,667.65,648.55,660.1,10360,17
2026-09-24 14:34:00,SENSEX,FUT,0.0,SENSEX26SEPFUT,73675.0,73678.0,73664.75,73664.75,60,16
2026-09-24 14:34:00,SENSEX,SPOT,0.0,SENSEX,73643.28,73659.03,73637.01,73657.29,0,16
2026-09-24 14:34:00,SENSEX,CE,73100.0,SENSEX26SEP73100CE,582.1,600.0,581.65,600.0,3320,16
2026-09-24 14:34:00,SENSEX,PE,73100.0,SENSEX26SEP73100PE,23.3,23.45,20.5,20.5,366180,16
2026-09-24 14:34:00,SENSEX,CE,73200.0,SENSEX26SEP73200CE,490.1,511.1,490.1,511.1,6000,16
2026-09-24 14:34:00,SENSEX,PE,73200.0,SENSEX26SEP73200PE,33.65,33.65,28.9,28.9,453960,16
2026-09-24 14:34:00,SENSEX,CE,73300.0,SENSEX26SEP73300CE,403.55,424.0,403.55,424.0,16360,16
2026-09-24 14:34:00,SENSEX,PE,73300.0,SENSEX26SEP73300PE,48.15,48.15,42.8,42.8,521480,16
2026-09-24 14:34:00,SENSEX,CE,73400.0,SENSEX26SEP73400CE,325.35,339.95,325.35,339.95,29980,16
2026-09-24 14:34:00,SENSEX,PE,73400.0,SENSEX26SEP73400PE,69.2,69.2,62.2,62.2,592960,16
2026-09-24 14:34:00,SENSEX,CE,73500.0,SENSEX26SEP73500CE,254.8,266.5,254.8,266.5,109880,16
2026-09-24 14:34:00,SENSEX,PE,73500.0,SENSEX26SEP73500PE,97.7,97.7,89.3,89.3,854440,16
2026-09-24 14:34:00,SENSEX,CE,73600.0,SENSEX26SEP73600CE,192.35,202.65,192.35,202.65,275200,16
2026-09-24 14:34:00,SENSEX,PE,73600.0,SENSEX26SEP73600PE,135.7,135.7,124.2,124.2,684700,16
2026-09-24 14:34:00,SENSEX,CE,73700.0,SENSEX26SEP73700CE,141.9,149.6,141.9,149.6,423200,16
2026-09-24 14:34:00,SENSEX,PE,73700.0,SENSEX26SEP73700PE,184.2,184.2,172.3,172.3,407600,16
2026-09-24 14:34:00,SENSEX,CE,73800.0,SENSEX26SEP73800CE,102.25,108.65,101.9,108.65,431320,16
2026-09-24 14:34:00,SENSEX,PE,73800.0,SENSEX26SEP73800PE,244.9,244.9,230.6,230.6,144720,16
2026-09-24 14:34:00,SENSEX,CE,73900.0,SENSEX26SEP73900CE,71.95,75.7,71.0,75.7,362820,16
2026-09-24 14:34:00,SENSEX,PE,73900.0,SENSEX26SEP73900PE,315.6,315.6,298.25,298.25,65540,16
2026-09-24 14:34:00,SENSEX,CE,74000.0,SENSEX26SEP74000CE,49.75,52.7,49.15,52.7,562680,16
2026-09-24 14:34:00,SENSEX,PE,74000.0,SENSEX26SEP74000PE,391.25,391.3,373.3,373.3,66840,16
2026-09-24 14:34:00,SENSEX,CE,74100.0,SENSEX26SEP74100CE,34.5,36.0,33.5,36.0,313300,16
2026-09-24 14:34:00,SENSEX,PE,74100.0,SENSEX26SEP74100PE,476.75,476.75,459.7,459.7,19900,16
2026-09-24 14:34:00,SENSEX,CE,74200.0,SENSEX26SEP74200CE,23.7,25.1,23.3,24.95,370200,16
2026-09-24 14:34:00,SENSEX,PE,74200.0,SENSEX26SEP74200PE,564.9,566.55,544.25,544.25,18460,16
2026-09-24 14:34:00,SENSEX,CE,74300.0,SENSEX26SEP74300CE,16.75,17.35,16.2,17.2,318500,16
2026-09-24 14:34:00,SENSEX,PE,74300.0,SENSEX26SEP74300PE,661.35,661.35,639.05,639.05,7120,16
2026-09-24 14:35:00,SENSEX,FUT,0.0,SENSEX26SEPFUT,73680.0,73722.45,73680.0,73722.45,3140,17
2026-09-24 14:35:00,SENSEX,SPOT,0.0,SENSEX,73661.32,73709.97,73661.32,73698.16,0,17
2026-09-24 14:35:00,SENSEX,CE,73100.0,SENSEX26SEP73100CE,602.9,615.75,599.95,609.85,2360,17
2026-09-24 14:35:00,SENSEX,PE,73100.0,SENSEX26SEP73100PE,20.45,20.6,19.25,19.35,587320,17
2026-09-24 14:35:00,SENSEX,CE,73200.0,SENSEX26SEP73200CE,508.85,522.6,507.5,520.6,10780,17
2026-09-24 14:35:00,SENSEX,PE,73200.0,SENSEX26SEP73200PE,29.0,29.75,27.6,27.6,702820,17
2026-09-24 14:35:00,SENSEX,CE,73300.0,SENSEX26SEP73300CE,424.05,434.25,420.2,434.25,28320,17
2026-09-24 14:35:00,SENSEX,PE,73300.0,SENSEX26SEP73300PE,42.05,43.15,40.4,40.4,738640,17
2026-09-24 14:35:00,SENSEX,CE,73400.0,SENSEX26SEP73400CE,343.65,353.3,340.35,352.35,61620,17
2026-09-24 14:35:00,SENSEX,PE,73400.0,SENSEX26SEP73400PE,60.35,63.1,57.9,57.9,986360,17
2026-09-24 14:35:00,SENSEX,CE,73500.0,SENSEX26SEP73500CE,272.25,280.0,268.55,279.0,281320,17
2026-09-24 14:35:00,SENSEX,PE,73500.0,SENSEX26SEP73500PE,86.4,90.25,83.0,83.0,1241200,17
2026-09-24 14:35:00,SENSEX,CE,73600.0,SENSEX26SEP73600CE,207.4,214.7,204.0,213.8,575000,17
2026-09-24 14:35:00,SENSEX,PE,73600.0,SENSEX26SEP73600PE,122.0,126.25,119.25,119.25,981140,17
2026-09-24 14:35:00,SENSEX,CE,73700.0,SENSEX26SEP73700CE,153.35,160.4,150.65,159.65,904840,17
2026-09-24 14:35:00,SENSEX,PE,73700.0,SENSEX26SEP73700PE,168.0,172.8,165.2,165.2,669580,17
2026-09-24 14:35:00,SENSEX,CE,73800.0,SENSEX26SEP73800CE,110.7,116.75,108.65,116.75,932320,17
2026-09-24 14:35:00,SENSEX,PE,73800.0,SENSEX26SEP73800PE,225.2,230.15,219.5,219.5,246100,17
2026-09-24 14:35:00,SENSEX,CE,73900.0,SENSEX26SEP73900CE,78.4,83.1,76.55,82.1,798360,17
2026-09-24 14:35:00,SENSEX,PE,73900.0,SENSEX26SEP73900PE,294.9,298.45,289.2,289.2,96640,17
2026-09-24 14:35:00,SENSEX,CE,74000.0,SENSEX26SEP74000CE,54.25,58.2,52.95,57.05,1327460,17
2026-09-24 14:35:00,SENSEX,PE,74000.0,SENSEX26SEP74000PE,369.3,374.4,361.1,361.1,118060,17
2026-09-24 14:35:00,SENSEX,CE,74100.0,SENSEX26SEP74100CE,37.3,40.25,36.4,39.6,608840,17
2026-09-24 14:35:00,SENSEX,PE,74100.0,SENSEX26SEP74100PE,452.1,459.0,442.15,442.15,30940,17
2026-09-24 14:35:00,SENSEX,CE,74200.0,SENSEX26SEP74200CE,25.6,27.8,25.15,27.35,695520,17
2026-09-24 14:35:00,SENSEX,PE,74200.0,SENSEX26SEP74200PE,540.0,546.8,532.2,532.2,23080,17
2026-09-24 14:35:00,SENSEX,CE,74300.0,SENSEX26SEP74300CE,17.6,19.3,17.45,19.1,519040,17
2026-09-24 14:35:00,SENSEX,PE,74300.0,SENSEX26SEP74300PE,633.0,641.6,624.5,627.8,8320,17
2026-09-24 14:36:00,SENSEX,FUT,0.0,SENSEX26SEPFUT,73722.45,73764.95,73715.0,73764.95,240,16
2026-09-24 14:36:00,SENSEX,SPOT,0.0,SENSEX,73703.25,73719.09,73699.49,73719.09,0,16
2026-09-24 14:36:00,SENSEX,CE,73100.0,SENSEX26SEP73100CE,621.7,660.8,620.0,660.8,6300,16
2026-09-24 14:36:00,SENSEX,PE,73100.0,SENSEX26SEP73100PE,18.15,18.65,15.05,15.05,905640,16
2026-09-24 14:36:00,SENSEX,CE,73200.0,SENSEX26SEP73200CE,529.2,566.85,526.3,566.85,17240,16
2026-09-24 14:36:00,SENSEX,PE,73200.0,SENSEX26SEP73200PE,26.25,26.65,21.5,21.5,1027660,16
2026-09-24 14:36:00,SENSEX,CE,73300.0,SENSEX26SEP73300CE,442.0,481.3,438.9,481.3,32360,16
2026-09-24 14:36:00,SENSEX,PE,73300.0,SENSEX26SEP73300PE,38.65,39.05,31.85,32.45,1172600,16
2026-09-24 14:36:00,SENSEX,CE,73400.0,SENSEX26SEP73400CE,359.15,394.0,359.15,392.25,98980,16
2026-09-24 14:36:00,SENSEX,PE,73400.0,SENSEX26SEP73400PE,56.2,57.1,47.25,48.15,1342220,16
2026-09-24 14:36:00,SENSEX,CE,73500.0,SENSEX26SEP73500CE,286.1,317.65,282.4,317.65,389200,16
2026-09-24 14:36:00,SENSEX,PE,73500.0,SENSEX26SEP73500PE,81.45,82.8,69.35,70.6,1890980,16
2026-09-24 14:36:00,SENSEX,CE,73600.0,SENSEX26SEP73600CE,219.7,246.45,218.35,246.45,828400,16
2026-09-24 14:36:00,SENSEX,PE,73600.0,SENSEX26SEP73600PE,114.9,117.1,98.9,98.9,1487960,16
2026-09-24 14:36:00,SENSEX,CE,73700.0,SENSEX26SEP73700CE,164.1,189.65,163.25,189.65,1342780,16
2026-09-24 14:36:00,SENSEX,PE,73700.0,SENSEX26SEP73700PE,158.9,162.3,139.4,139.4,1150020,16
2026-09-24 14:36:00,SENSEX,CE,73800.0,SENSEX26SEP73800CE,118.05,139.7,118.05,139.7,1461780,16
2026-09-24 14:36:00,SENSEX,PE,73800.0,SENSEX26SEP73800PE,215.35,217.35,190.9,195.0,449400,16
2026-09-24 14:36:00,SENSEX,CE,73900.0,SENSEX26SEP73900CE,84.3,102.05,84.3,102.05,1567760,16
2026-09-24 14:36:00,SENSEX,PE,73900.0,SENSEX26SEP73900PE,281.65,284.35,253.8,255.15,243380,16
2026-09-24 14:36:00,SENSEX,CE,74000.0,SENSEX26SEP74000CE,59.15,71.2,59.15,70.8,2123640,16
2026-09-24 14:36:00,SENSEX,PE,74000.0,SENSEX26SEP74000PE,355.4,358.3,322.75,326.3,257280,16
2026-09-24 14:36:00,SENSEX,CE,74100.0,SENSEX26SEP74100CE,40.9,50.35,40.9,50.35,933940,16
2026-09-24 14:36:00,SENSEX,PE,74100.0,SENSEX26SEP74100PE,437.15,439.95,401.1,404.45,62160,16
2026-09-24 14:36:00,SENSEX,CE,74200.0,SENSEX26SEP74200CE,28.65,35.0,28.65,35.0,1104880,16
2026-09-24 14:36:00,SENSEX,PE,74200.0,SENSEX26SEP74200PE,524.05,528.4,484.65,484.65,47060,16
2026-09-24 14:36:00,SENSEX,CE,74300.0,SENSEX26SEP74300CE,19.8,25.1,19.8,25.1,1129340,16
2026-09-24 14:36:00,SENSEX,PE,74300.0,SENSEX26SEP74300PE,615.0,620.15,575.8,576.7,25760,16
2026-09-24 14:37:00,SENSEX,FUT,0.0,SENSEX26SEPFUT,73775.0,73775.0,73760.0,73770.0,1540,17
2026-09-24 14:37:00,SENSEX,SPOT,0.0,SENSEX,73715.94,73733.93,73713.12,73727.67,0,17
2026-09-24 14:37:00,SENSEX,CE,73100.0,SENSEX26SEP73100CE,656.65,663.35,641.95,647.65,5080,17
2026-09-24 14:37:00,SENSEX,PE,73100.0,SENSEX26SEP73100PE,15.4,16.35,14.9,14.9,809580,17
2026-09-24 14:37:00,SENSEX,CE,73200.0,SENSEX26SEP73200CE,570.35,570.35,546.85,557.6,35440,17
2026-09-24 14:37:00,SENSEX,PE,73200.0,SENSEX26SEP73200PE,22.0,23.55,21.25,21.25,655900,17
2026-09-24 14:37:00,SENSEX,CE,73300.0,SENSEX26SEP73300CE,476.2,478.35,458.0,468.8,26500,17
2026-09-24 14:37:00,SENSEX,PE,73300.0,SENSEX26SEP73300PE,33.05,34.35,31.5,31.5,922040,17
2026-09-24 14:37:00,SENSEX,CE,73400.0,SENSEX26SEP73400CE,391.05,391.05,373.35,383.9,58940,17
2026-09-24 14:37:00,SENSEX,PE,73400.0,SENSEX26SEP73400PE,49.05,51.0,46.7,46.7,1044640,17
2026-09-24 14:37:00,SENSEX,CE,73500.0,SENSEX26SEP73500CE,312.15,312.15,295.5,304.8,313640,17
2026-09-24 14:37:00,SENSEX,PE,73500.0,SENSEX26SEP73500PE,70.9,73.7,69.2,69.2,1290100,17
2026-09-24 14:37:00,SENSEX,CE,73600.0,SENSEX26SEP73600CE,244.2,244.2,231.9,236.95,583140,17
2026-09-24 14:37:00,SENSEX,PE,73600.0,SENSEX26SEP73600PE,103.05,105.2,99.9,99.9,924700,17
2026-09-24 14:37:00,SENSEX,CE,73700.0,SENSEX26SEP73700CE,183.95,183.95,173.2,177.95,1191440,17
2026-09-24 14:37:00,SENSEX,PE,73700.0,SENSEX26SEP73700PE,144.2,150.15,140.85,140.85,1001560,17
2026-09-24 14:37:00,SENSEX,CE,73800.0,SENSEX26SEP73800CE,136.0,136.55,127.5,129.8,1341240,17
2026-09-24 14:37:00,SENSEX,PE,73800.0,SENSEX26SEP73800PE,195.5,204.1,192.75,192.75,511040,17
2026-09-24 14:37:00,SENSEX,CE,73900.0,SENSEX26SEP73900CE,98.6,98.9,89.0,94.0,1175140,17
2026-09-24 14:37:00,SENSEX,PE,73900.0,SENSEX26SEP73900PE,257.0,264.0,256.65,256.65,202900,17
2026-09-24 14:37:00,SENSEX,CE,74000.0,SENSEX26SEP74000CE,70.45,70.45,62.45,65.55,2082280,17
2026-09-24 14:37:00,SENSEX,PE,74000.0,SENSEX26SEP74000PE,328.55,343.05,327.9,328.0,181440,17
2026-09-24 14:37:00,SENSEX,CE,74100.0,SENSEX26SEP74100CE,49.25,49.25,43.5,45.55,1019600,17
2026-09-24 14:37:00,SENSEX,PE,74100.0,SENSEX26SEP74100PE,407.4,423.4,407.4,407.65,53720,17
2026-09-24 14:37:00,SENSEX,CE,74200.0,SENSEX26SEP74200CE,34.8,34.8,30.95,32.0,1269540,17
2026-09-24 14:37:00,SENSEX,PE,74200.0,SENSEX26SEP74200PE,495.85,508.1,493.25,495.45,35460,17
2026-09-24 14:37:00,SENSEX,CE,74300.0,SENSEX26SEP74300CE,24.45,24.45,21.65,22.45,990860,17
2026-09-24 14:37:00,SENSEX,PE,74300.0,SENSEX26SEP74300PE,586.0,603.95,583.55,585.65,19860,17
2026-09-24 14:38:00,SENSEX,FUT,0.0,SENSEX26SEPFUT,73770.0,73791.85,73770.0,73791.85,460,16
2026-09-24 14:38:00,SENSEX,SPOT,0.0,SENSEX,73728.01,73764.32,73723.86,73764.16,0,16
2026-09-24 14:38:00,SENSEX,CE,73100.0,SENSEX26SEP73100CE,655.6,686.3,655.6,669.3,3920,16
2026-09-24 14:38:00,SENSEX,PE,73100.0,SENSEX26SEP73100PE,14.35,14.4,13.3,14.05,811840,16
2026-09-24 14:38:00,SENSEX,CE,73200.0,SENSEX26SEP73200CE,562.55,589.55,562.55,564.9,19960,16
2026-09-24 14:38:00,SENSEX,PE,73200.0,SENSEX26SEP73200PE,20.9,20.9,18.8,20.35,993140,16
2026-09-24 14:38:00,SENSEX,CE,73300.0,SENSEX26SEP73300CE,472.15,499.95,472.15,476.55,33240,16
2026-09-24 14:38:00,SENSEX,PE,73300.0,SENSEX26SEP73300PE,30.35,30.6,28.2,29.9,1024300,16
2026-09-24 14:38:00,SENSEX,CE,73400.0,SENSEX26SEP73400CE,388.6,412.7,388.6,393.85,62060,16
2026-09-24 14:38:00,SENSEX,PE,73400.0,SENSEX26SEP73400PE,45.25,45.5,42.1,44.75,1389460,16
2026-09-24 14:38:00,SENSEX,CE,73500.0,SENSEX26SEP73500CE,309.6,331.4,309.6,310.45,487000,16
2026-09-24 14:38:00,SENSEX,PE,73500.0,SENSEX26SEP73500PE,66.85,66.9,61.0,65.85,1618960,16
2026-09-24 14:38:00,SENSEX,CE,73600.0,SENSEX26SEP73600CE,240.65,262.4,239.55,239.55,883920,16
2026-09-24 14:38:00,SENSEX,PE,73600.0,SENSEX26SEP73600PE,96.65,96.65,90.25,95.3,1202180,16
2026-09-24 14:38:00,SENSEX,CE,73700.0,SENSEX26SEP73700CE,181.55,197.4,181.55,183.65,1472100,16
2026-09-24 14:38:00,SENSEX,PE,73700.0,SENSEX26SEP73700PE,138.8,138.8,127.25,134.55,1181580,16
2026-09-24 14:38:00,SENSEX,CE,73800.0,SENSEX26SEP73800CE,132.65,148.75,132.65,136.5,1774000,16
2026-09-24 14:38:00,SENSEX,PE,73800.0,SENSEX26SEP73800PE,188.8,188.8,175.35,188.5,697140,16
2026-09-24 14:38:00,SENSEX,CE,73900.0,SENSEX26SEP73900CE,94.45,108.75,94.45,97.3,1771920,16
2026-09-24 14:38:00,SENSEX,PE,73900.0,SENSEX26SEP73900PE,251.3,251.3,237.35,248.45,224480,16
2026-09-24 14:38:00,SENSEX,CE,74000.0,SENSEX26SEP74000CE,67.65,77.45,67.65,69.9,2774020,16
2026-09-24 14:38:00,SENSEX,PE,74000.0,SENSEX26SEP74000PE,323.1,323.1,307.4,320.55,299900,16
2026-09-24 14:38:00,SENSEX,CE,74100.0,SENSEX26SEP74100CE,46.85,53.95,46.85,47.55,1392660,16
2026-09-24 14:38:00,SENSEX,PE,74100.0,SENSEX26SEP74100PE,401.85,401.85,381.7,399.85,57680,16
2026-09-24 14:38:00,SENSEX,CE,74200.0,SENSEX26SEP74200CE,33.1,38.95,33.1,33.3,1452600,16
2026-09-24 14:38:00,SENSEX,PE,74200.0,SENSEX26SEP74200PE,489.75,489.75,467.25,485.0,68000,16
2026-09-24 14:38:00,SENSEX,CE,74300.0,SENSEX26SEP74300CE,23.3,26.8,23.3,24.25,1437740,16
2026-09-24 14:38:00,SENSEX,PE,74300.0,SENSEX26SEP74300PE,582.05,582.05,555.1,579.3,29580,16
2026-09-24 14:39:00,SENSEX,FUT,0.0,SENSEX26SEPFUT,73789.0,73792.95,73770.0,73770.0,1080,17
2026-09-24 14:39:00,SENSEX,SPOT,0.0,SENSEX,73760.64,73770.28,73745.94,73770.28,0,17
2026-09-24 14:39:00,SENSEX,CE,73100.0,SENSEX26SEP73100CE,660.6,680.0,659.95,680.0,2680,17
2026-09-24 14:39:00,SENSEX,PE,73100.0,SENSEX26SEP73100PE,14.05,14.5,13.1,13.1,385260,17
2026-09-24 14:39:00,SENSEX,CE,73200.0,SENSEX26SEP73200CE,570.05,588.5,562.3,588.5,10660,17
2026-09-24 14:39:00,SENSEX,PE,73200.0,SENSEX26SEP73200PE,20.05,20.85,18.8,18.8,478880,17
2026-09-24 14:39:00,SENSEX,CE,73300.0,SENSEX26SEP73300CE,474.6,494.15,474.6,494.15,15880,17
2026-09-24 14:39:00,SENSEX,PE,73300.0,SENSEX26SEP73300PE,29.75,30.35,27.8,27.8,624980,17
2026-09-24 14:39:00,SENSEX,CE,73400.0,SENSEX26SEP73400CE,394.05,413.05,390.55,413.05,30160,17
2026-09-24 14:39:00,SENSEX,PE,73400.0,SENSEX26SEP73400PE,44.2,45.75,41.45,41.45,604580,17
2026-09-24 14:39:00,SENSEX,CE,73500.0,SENSEX26SEP73500CE,315.25,332.0,313.25,332.0,174680,17
2026-09-24 14:39:00,SENSEX,PE,73500.0,SENSEX26SEP73500PE,64.9,66.7,61.6,61.6,1003300,17
2026-09-24 14:39:00,SENSEX,CE,73600.0,SENSEX26SEP73600CE,244.75,259.9,243.65,259.9,352100,17
2026-09-24 14:39:00,SENSEX,PE,73600.0,SENSEX26SEP73600PE,94.1,96.6,89.75,89.75,758800,17
2026-09-24 14:39:00,SENSEX,CE,73700.0,SENSEX26SEP73700CE,184.95,197.9,183.15,197.9,646620,17
2026-09-24 14:39:00,SENSEX,PE,73700.0,SENSEX26SEP73700PE,134.45,136.9,127.6,127.6,867060,17
2026-09-24 14:39:00,SENSEX,CE,73800.0,SENSEX26SEP73800CE,135.3,147.25,135.0,147.25,903680,17
2026-09-24 14:39:00,SENSEX,PE,73800.0,SENSEX26SEP73800PE,185.4,187.6,177.05,177.05,515540,17
2026-09-24 14:39:00,SENSEX,CE,73900.0,SENSEX26SEP73900CE,98.1,106.45,97.1,106.45,826980,17
2026-09-24 14:39:00,SENSEX,PE,73900.0,SENSEX26SEP73900PE,247.9,249.5,236.85,236.85,136520,17
2026-09-24 14:39:00,SENSEX,CE,74000.0,SENSEX26SEP74000CE,69.35,76.7,68.3,76.7,1324320,17
2026-09-24 14:39:00,SENSEX,PE,74000.0,SENSEX26SEP74000PE,319.1,321.6,305.9,305.9,128120,17
2026-09-24 14:39:00,SENSEX,CE,74100.0,SENSEX26SEP74100CE,48.45,53.35,47.95,53.35,721380,17
2026-09-24 14:39:00,SENSEX,PE,74100.0,SENSEX26SEP74100PE,397.55,400.05,382.0,382.0,39680,17
2026-09-24 14:39:00,SENSEX,CE,74200.0,SENSEX26SEP74200CE,33.65,37.45,33.4,37.45,917420,17
2026-09-24 14:39:00,SENSEX,PE,74200.0,SENSEX26SEP74200PE,481.85,487.4,466.3,466.3,29040,17
2026-09-24 14:39:00,SENSEX,CE,74300.0,SENSEX26SEP74300CE,23.5,26.6,23.35,26.6,802320,17
2026-09-24 14:39:00,SENSEX,PE,74300.0,SENSEX26SEP74300PE,573.75,575.7,556.0,556.0,18320,17
2026-09-24 14:40:00,SENSEX,FUT,0.0,SENSEX26SEPFUT,73790.0,73790.0,73770.0,73770.0,80,16
2026-09-24 14:40:00,SENSEX,SPOT,0.0,SENSEX,73769.83,73769.83,73743.44,73761.89,0,16
2026-09-24 14:40:00,SENSEX,CE,73100.0,SENSEX26SEP73100CE,685.45,692.0,666.35,675.75,3660,16
2026-09-24 14:40:00,SENSEX,PE,73100.0,SENSEX26SEP73100PE,12.9,13.7,12.15,13.6,574960,16
2026-09-24 14:40:00,SENSEX,CE,73200.0,SENSEX26SEP73200CE,589.65,594.1,568.05,576.25,11560,16
2026-09-24 14:40:00,SENSEX,PE,73200.0,SENSEX26SEP73200PE,19.0,19.8,17.4,19.25,606420,16
2026-09-24 14:40:00,SENSEX,CE,73300.0,SENSEX26SEP73300CE,497.1,504.0,480.0,486.45,27820,16
2026-09-24 14:40:00,SENSEX,PE,73300.0,SENSEX26SEP73300PE,28.1,29.05,26.3,28.8,755200,16
2026-09-24 14:40:00,SENSEX,CE,73400.0,SENSEX26SEP73400CE,409.75,418.1,394.8,397.7,54160,16
2026-09-24 14:40:00,SENSEX,PE,73400.0,SENSEX26SEP73400PE,41.8,43.55,39.6,43.1,888640,16
2026-09-24 14:40:00,SENSEX,CE,73500.0,SENSEX26SEP73500CE,329.9,337.7,317.0,319.1,269180,16
2026-09-24 14:40:00,SENSEX,PE,73500.0,SENSEX26SEP73500PE,62.3,64.55,59.0,64.15,1318940,16
2026-09-24 14:40:00,SENSEX,CE,73600.0,SENSEX26SEP73600CE,255.4,265.4,246.05,248.8,567180,16
2026-09-24 14:40:00,SENSEX,PE,73600.0,SENSEX26SEP73600PE,90.55,93.8,86.25,93.3,1051960,16
2026-09-24 14:40:00,SENSEX,CE,73700.0,SENSEX26SEP73700CE,196.55,202.5,185.0,187.9,990500,16
2026-09-24 14:40:00,SENSEX,PE,73700.0,SENSEX26SEP73700PE,128.65,133.65,123.35,132.1,1144000,16
2026-09-24 14:40:00,SENSEX,CE,73800.0,SENSEX26SEP73800CE,146.6,150.05,136.85,138.25,1362000,16
2026-09-24 14:40:00,SENSEX,PE,73800.0,SENSEX26SEP73800PE,179.05,183.6,171.3,181.85,652180,16
2026-09-24 14:40:00,SENSEX,CE,73900.0,SENSEX26SEP73900CE,104.25,109.25,98.1,99.5,1203340,16
2026-09-24 14:40:00,SENSEX,PE,73900.0,SENSEX26SEP73900PE,238.75,246.05,229.7,243.5,233660,16
2026-09-24 14:40:00,SENSEX,CE,74000.0,SENSEX26SEP74000CE,75.15,77.5,69.2,70.45,1867140,16
2026-09-24 14:40:00,SENSEX,PE,74000.0,SENSEX26SEP74000PE,307.6,316.35,299.0,314.05,240600,16
2026-09-24 14:40:00,SENSEX,CE,74100.0,SENSEX26SEP74100CE,53.1,55.1,48.8,49.15,970420,16
2026-09-24 14:40:00,SENSEX,PE,74100.0,SENSEX26SEP74100PE,384.5,395.65,375.3,393.0,51560,16
2026-09-24 14:40:00,SENSEX,CE,74200.0,SENSEX26SEP74200CE,36.8,38.5,33.95,34.5,1170780,16
2026-09-24 14:40:00,SENSEX,PE,74200.0,SENSEX26SEP74200PE,470.0,480.5,460.15,478.55,50560,16
2026-09-24 14:40:00,SENSEX,CE,74300.0,SENSEX26SEP74300CE,26.35,27.1,24.0,24.4,1063700,16
2026-09-24 14:40:00,SENSEX,PE,74300.0,SENSEX26SEP74300PE,556.5,571.15,547.9,569.55,27840,16
2026-09-24 14:41:00,SENSEX,FUT,0.0,SENSEX26SEPFUT,73770.0,73770.0,73746.15,73750.05,700,16
2026-09-24 14:41:00,SENSEX,SPOT,0.0,SENSEX,73751.75,73767.55,73731.57,73731.57,0,16
2026-09-24 14:41:00,SENSEX,CE,73100.0,SENSEX26SEP73100CE,663.6,675.25,646.75,665.45,1800,16
2026-09-24 14:41:00,SENSEX,PE,73100.0,SENSEX26SEP73100PE,13.85,14.65,12.35,12.8,493380,16
2026-09-24 14:41:00,SENSEX,CE,73200.0,SENSEX26SEP73200CE,572.65,580.65,550.0,575.35,9140,16
2026-09-24 14:41:00,SENSEX,PE,73200.0,SENSEX26SEP73200PE,19.55,21.1,18.05,18.55,645240,16
2026-09-24 14:41:00,SENSEX,CE,73300.0,SENSEX26SEP73300CE,480.0,487.8,466.65,484.35,18100,16
2026-09-24 14:41:00,SENSEX,PE,73300.0,SENSEX26SEP73300PE,29.0,31.15,27.5,27.85,982580,16
2026-09-24 14:41:00,SENSEX,CE,73400.0,SENSEX26SEP73400CE,397.35,401.65,377.55,396.15,36920,16
2026-09-24 14:41:00,SENSEX,PE,73400.0,SENSEX26SEP73400PE,43.0,46.5,41.1,42.4,922720,16
2026-09-24 14:41:00,SENSEX,CE,73500.0,SENSEX26SEP73500CE,319.8,322.35,301.85,317.15,231700,16
2026-09-24 14:41:00,SENSEX,PE,73500.0,SENSEX26SEP73500PE,63.95,68.85,61.7,62.25,1147740,16
2026-09-24 14:41:00,SENSEX,CE,73600.0,SENSEX26SEP73600CE,249.45,250.25,230.95,247.65,367980,16
2026-09-24 14:41:00,SENSEX,PE,73600.0,SENSEX26SEP73600PE,93.15,99.75,89.45,91.7,1077480,16
2026-09-24 14:41:00,SENSEX,CE,73700.0,SENSEX26SEP73700CE,188.2,188.2,172.8,185.0,900980,16
2026-09-24 14:41:00,SENSEX,PE,73700.0,SENSEX26SEP73700PE,132.65,141.2,128.25,133.05,966160,16
2026-09-24 14:41:00,SENSEX,CE,73800.0,SENSEX26SEP73800CE,138.3,139.3,125.25,135.6,1146980,16
2026-09-24 14:41:00,SENSEX,PE,73800.0,SENSEX26SEP73800PE,182.0,194.1,179.1,181.0,772700,16
2026-09-24 14:41:00,SENSEX,CE,73900.0,SENSEX26SEP73900CE,99.45,100.0,89.65,95.5,1153180,16
2026-09-24 14:41:00,SENSEX,PE,73900.0,SENSEX26SEP73900PE,244.35,257.6,240.85,243.6,175820,16
2026-09-24 14:41:00,SENSEX,CE,74000.0,SENSEX26SEP74000CE,70.15,71.0,63.1,68.1,1593460,16
2026-09-24 14:41:00,SENSEX,PE,74000.0,SENSEX26SEP74000PE,314.75,330.05,309.55,316.45,216340,16
2026-09-24 14:41:00,SENSEX,CE,74100.0,SENSEX26SEP74100CE,49.25,49.65,43.6,47.4,896280,16
2026-09-24 14:41:00,SENSEX,PE,74100.0,SENSEX26SEP74100PE,392.3,410.75,388.1,391.75,42800,16
2026-09-24 14:41:00,SENSEX,CE,74200.0,SENSEX26SEP74200CE,34.5,35.0,30.25,33.55,1033220,16
2026-09-24 14:41:00,SENSEX,PE,74200.0,SENSEX26SEP74200PE,478.8,497.1,474.9,476.25,53000,16
2026-09-24 14:41:00,SENSEX,CE,74300.0,SENSEX26SEP74300CE,24.25,24.45,21.05,23.1,899920,16
2026-09-24 14:41:00,SENSEX,PE,74300.0,SENSEX26SEP74300PE,568.55,589.45,561.3,572.0,30980,16
2026-09-24 14:42:00,SENSEX,FUT,0.0,SENSEX26SEPFUT,73750.05,73759.1,73711.3,73711.3,1260,17
2026-09-24 14:42:00,SENSEX,SPOT,0.0,SENSEX,73725.54,73726.88,73695.46,73715.22,0,17
2026-09-24 14:42:00,SENSEX,CE,73100.0,SENSEX26SEP73100CE,665.45,665.45,622.7,636.9,2280,17
2026-09-24 14:42:00,SENSEX,PE,73100.0,SENSEX26SEP73100PE,13.0,15.15,13.0,13.8,600660,17
2026-09-24 14:42:00,SENSEX,CE,73200.0,SENSEX26SEP73200CE,570.7,570.7,531.25,543.9,11460,17
2026-09-24 14:42:00,SENSEX,PE,73200.0,SENSEX26SEP73200PE,18.95,22.4,18.9,20.6,882700,17
2026-09-24 14:42:00,SENSEX,CE,73300.0,SENSEX26SEP73300CE,477.95,478.0,443.35,454.1,22500,17
2026-09-24 14:42:00,SENSEX,PE,73300.0,SENSEX26SEP73300PE,28.2,33.0,28.2,30.85,1166220,17
2026-09-24 14:42:00,SENSEX,CE,73400.0,SENSEX26SEP73400CE,391.75,392.35,360.35,368.55,65200,17
2026-09-24 14:42:00,SENSEX,PE,73400.0,SENSEX26SEP73400PE,42.55,49.95,42.55,46.45,1173520,17
2026-09-24 14:42:00,SENSEX,CE,73500.0,SENSEX26SEP73500CE,313.8,314.0,283.55,291.45,249520,17
2026-09-24 14:42:00,SENSEX,PE,73500.0,SENSEX26SEP73500PE,63.9,73.7,63.9,69.1,1816500,17
2026-09-24 14:42:00,SENSEX,CE,73600.0,SENSEX26SEP73600CE,244.0,244.0,216.35,221.7,424960,17
2026-09-24 14:42:00,SENSEX,PE,73600.0,SENSEX26SEP73600PE,93.2,106.35,93.2,101.05,1349940,17
2026-09-24 14:42:00,SENSEX,CE,73700.0,SENSEX26SEP73700CE,183.3,183.3,159.1,164.35,950960,17
2026-09-24 14:42:00,SENSEX,PE,73700.0,SENSEX26SEP73700PE,132.75,149.1,132.75,143.1,1370080,17
2026-09-24 14:42:00,SENSEX,CE,73800.0,SENSEX26SEP73800CE,134.25,134.25,114.5,118.25,1346240,17
2026-09-24 14:42:00,SENSEX,PE,73800.0,SENSEX26SEP73800PE,183.3,204.0,183.3,196.0,812600,17
2026-09-24 14:42:00,SENSEX,CE,73900.0,SENSEX26SEP73900CE,95.85,95.85,80.3,83.65,1246740,17
2026-09-24 14:42:00,SENSEX,PE,73900.0,SENSEX26SEP73900PE,245.55,268.2,245.55,260.4,326020,17
2026-09-24 14:42:00,SENSEX,CE,74000.0,SENSEX26SEP74000CE,67.5,67.5,55.3,58.0,1890360,17
2026-09-24 14:42:00,SENSEX,PE,74000.0,SENSEX26SEP74000PE,317.0,344.9,317.0,335.4,341340,17
2026-09-24 14:42:00,SENSEX,CE,74100.0,SENSEX26SEP74100CE,47.0,47.0,37.95,39.75,988760,17
2026-09-24 14:42:00,SENSEX,PE,74100.0,SENSEX26SEP74100PE,395.05,426.45,395.05,417.1,65120,17
2026-09-24 14:42:00,SENSEX,CE,74200.0,SENSEX26SEP74200CE,33.0,33.0,26.05,27.45,1118660,17
2026-09-24 14:42:00,SENSEX,PE,74200.0,SENSEX26SEP74200PE,482.45,515.9,482.45,505.8,62020,17
2026-09-24 14:42:00,SENSEX,CE,74300.0,SENSEX26SEP74300CE,23.0,23.0,18.05,19.2,1019260,17
2026-09-24 14:42:00,SENSEX,PE,74300.0,SENSEX26SEP74300PE,572.45,609.35,572.45,594.7,33600,17
2026-09-24 14:43:00,SENSEX,FUT,0.0,SENSEX26SEPFUT,73711.3,73735.55,73711.3,73735.55,20,16
2026-09-24 14:43:00,SENSEX,SPOT,0.0,SENSEX,73717.87,73735.53,73717.87,73728.46,0,16
2026-09-24 14:43:00,SENSEX,CE,73100.0,SENSEX26SEP73100CE,636.9,651.85,633.0,640.15,1040,16
2026-09-24 14:43:00,SENSEX,PE,73100.0,SENSEX26SEP73100PE,14.45,14.45,12.55,12.75,537540,16
2026-09-24 14:43:00,SENSEX,CE,73200.0,SENSEX26SEP73200CE,541.3,562.35,539.05,548.7,8440,16
2026-09-24 14:43:00,SENSEX,PE,73200.0,SENSEX26SEP73200PE,21.15,21.15,18.65,19.0,561740,16
2026-09-24 14:43:00,SENSEX,CE,73300.0,SENSEX26SEP73300CE,446.3,470.0,446.3,459.0,13120,16
2026-09-24 14:43:00,SENSEX,PE,73300.0,SENSEX26SEP73300PE,32.0,32.0,28.25,29.1,804800,16
2026-09-24 14:43:00,SENSEX,CE,73400.0,SENSEX26SEP73400CE,360.75,386.3,360.75,372.2,30980,16
2026-09-24 14:43:00,SENSEX,PE,73400.0,SENSEX26SEP73400PE,48.1,48.1,42.95,44.25,737400,16
2026-09-24 14:43:00,SENSEX,CE,73500.0,SENSEX26SEP73500CE,284.95,305.6,284.95,294.85,139560,16
2026-09-24 14:43:00,SENSEX,PE,73500.0,SENSEX26SEP73500PE,71.95,71.95,63.95,66.65,1174300,16
2026-09-24 14:43:00,SENSEX,CE,73600.0,SENSEX26SEP73600CE,218.5,236.9,218.5,225.25,263600,16
2026-09-24 14:43:00,SENSEX,PE,73600.0,SENSEX26SEP73600PE,103.7,103.7,94.25,97.55,903000,16
2026-09-24 14:43:00,SENSEX,CE,73700.0,SENSEX26SEP73700CE,160.3,175.35,160.3,166.8,615060,16
2026-09-24 14:43:00,SENSEX,PE,73700.0,SENSEX26SEP73700PE,147.35,147.35,134.35,139.0,821340,16
2026-09-24 14:43:00,SENSEX,CE,73800.0,SENSEX26SEP73800CE,114.9,126.45,114.9,119.95,811820,16
2026-09-24 14:43:00,SENSEX,PE,73800.0,SENSEX26SEP73800PE,201.7,201.7,186.05,191.85,378160,16
2026-09-24 14:43:00,SENSEX,CE,73900.0,SENSEX26SEP73900CE,80.4,90.05,80.4,83.9,749480,16
2026-09-24 14:43:00,SENSEX,PE,73900.0,SENSEX26SEP73900PE,267.3,267.3,248.35,255.9,198080,16
2026-09-24 14:43:00,SENSEX,CE,74000.0,SENSEX26SEP74000CE,55.5,63.05,55.2,57.2,1110660,16
2026-09-24 14:43:00,SENSEX,PE,74000.0,SENSEX26SEP74000PE,340.4,340.4,320.65,329.6,173480,16
2026-09-24 14:43:00,SENSEX,CE,74100.0,SENSEX26SEP74100CE,38.4,43.05,37.6,38.75,643000,16
2026-09-24 14:43:00,SENSEX,PE,74100.0,SENSEX26SEP74100PE,424.45,424.45,399.0,411.65,33800,16
2026-09-24 14:43:00,SENSEX,CE,74200.0,SENSEX26SEP74200CE,26.7,30.15,25.85,26.7,823740,16
2026-09-24 14:43:00,SENSEX,PE,74200.0,SENSEX26SEP74200PE,511.3,511.3,487.8,498.85,32020,16
2026-09-24 14:43:00,SENSEX,CE,74300.0,SENSEX26SEP74300CE,18.45,21.05,17.75,18.3,744800,16
2026-09-24 14:43:00,SENSEX,PE,74300.0,SENSEX26SEP74300PE,603.25,603.25,578.9,589.3,17100,16
2026-09-24 14:44:00,SENSEX,FUT,0.0,SENSEX26SEPFUT,73735.55,73735.55,73715.5,73735.0,120,17
2026-09-24 14:44:00,SENSEX,SPOT,0.0,SENSEX,73723.7,73730.58,73708.04,73717.65,0,17
2026-09-24 14:44:00,SENSEX,CE,73100.0,SENSEX26SEP73100CE,639.9,639.9,619.5,635.7,1320,17
2026-09-24 14:44:00,SENSEX,PE,73100.0,SENSEX26SEP73100PE,12.95,14.05,12.85,13.5,350500,17
2026-09-24 14:44:00,SENSEX,CE,73200.0,SENSEX26SEP73200CE,545.0,545.0,525.2,540.45,6580,17
2026-09-24 14:44:00,SENSEX,PE,73200.0,SENSEX26SEP73200PE,19.45,21.2,19.35,19.95,470000,17
2026-09-24 14:44:00,SENSEX,CE,73300.0,SENSEX26SEP73300CE,452.0,453.6,434.6,450.15,13300,17
2026-09-24 14:44:00,SENSEX,PE,73300.0,SENSEX26SEP73300PE,29.45,31.65,29.2,30.0,560820,17
2026-09-24 14:44:00,SENSEX,CE,73400.0,SENSEX26SEP73400CE,369.65,369.65,353.7,367.05,25680,17
2026-09-24 14:44:00,SENSEX,PE,73400.0,SENSEX26SEP73400PE,44.65,48.0,44.5,45.75,494820,17
2026-09-24 14:44:00,SENSEX,CE,73500.0,SENSEX26SEP73500CE,293.2,293.2,278.2,289.45,147780,17
2026-09-24 14:44:00,SENSEX,PE,73500.0,SENSEX26SEP73500PE,67.65,71.7,67.2,68.4,934160,17
2026-09-24 14:44:00,SENSEX,CE,73600.0,SENSEX26SEP73600CE,222.9,224.15,210.5,221.2,274840,17
2026-09-24 14:44:00,SENSEX,PE,73600.0,SENSEX26SEP73600PE,98.85,104.45,98.2,100.6,605220,17
2026-09-24 14:44:00,SENSEX,CE,73700.0,SENSEX26SEP73700CE,165.25,165.25,154.2,162.6,642560,17
2026-09-24 14:44:00,SENSEX,PE,73700.0,SENSEX26SEP73700PE,139.95,146.65,139.65,142.2,635240,17
2026-09-24 14:44:00,SENSEX,CE,73800.0,SENSEX26SEP73800CE,118.1,118.4,108.7,116.5,839940,17
2026-09-24 14:44:00,SENSEX,PE,73800.0,SENSEX26SEP73800PE,193.5,201.95,192.75,195.8,370000,17
2026-09-24 14:44:00,SENSEX,CE,73900.0,SENSEX26SEP73900CE,82.8,82.8,75.35,81.35,764240,17
2026-09-24 14:44:00,SENSEX,PE,73900.0,SENSEX26SEP73900PE,257.4,267.9,255.6,260.0,101180,17
2026-09-24 14:44:00,SENSEX,CE,74000.0,SENSEX26SEP74000CE,56.45,56.45,50.75,55.6,1299340,17
2026-09-24 14:44:00,SENSEX,PE,74000.0,SENSEX26SEP74000PE,332.0,343.4,330.8,334.85,114840,17
2026-09-24 14:44:00,SENSEX,CE,74100.0,SENSEX26SEP74100CE,38.35,38.45,33.8,37.5,677220,17
2026-09-24 14:44:00,SENSEX,PE,74100.0,SENSEX26SEP74100PE,413.8,426.95,412.6,416.95,33940,17
2026-09-24 14:44:00,SENSEX,CE,74200.0,SENSEX26SEP74200CE,25.8,26.2,23.0,25.75,1038640,17
2026-09-24 14:44:00,SENSEX,PE,74200.0,SENSEX26SEP74200PE,499.85,515.75,499.85,504.95,25440,17
2026-09-24 14:44:00,SENSEX,CE,74300.0,SENSEX26SEP74300CE,17.85,17.9,15.8,17.75,765800,17
2026-09-24 14:44:00,SENSEX,PE,74300.0,SENSEX26SEP74300PE,594.5,606.3,592.45,598.2,15080,17
2026-09-24 14:45:00,SENSEX,FUT,0.0,SENSEX26SEPFUT,73735.0,73735.3,73716.1,73735.3,180,16
2026-09-24 14:45:00,SENSEX,SPOT,0.0,SENSEX,73721.57,73740.04,73708.81,73740.04,0,16
2026-09-24 14:45:00,SENSEX,CE,73100.0,SENSEX26SEP73100CE,631.35,656.0,611.4,651.05,2640,16
2026-09-24 14:45:00,SENSEX,PE,73100.0,SENSEX26SEP73100PE,13.35,14.9,12.65,12.65,506720,16
2026-09-24 14:45:00,SENSEX,CE,73200.0,SENSEX26SEP73200CE,537.15,560.5,521.0,560.5,7980,16
2026-09-24 14:45:00,SENSEX,PE,73200.0,SENSEX26SEP73200PE,19.9,22.0,18.55,18.55,693680,16
2026-09-24 14:45:00,SENSEX,CE,73300.0,SENSEX26SEP73300CE,449.6,470.0,429.3,469.1,17900,16
2026-09-24 14:45:00,SENSEX,PE,73300.0,SENSEX26SEP73300PE,29.8,33.05,27.65,27.65,800020,16
2026-09-24 14:45:00,SENSEX,CE,73400.0,SENSEX26SEP73400CE,366.1,388.05,347.15,388.05,32260,16
2026-09-24 14:45:00,SENSEX,PE,73400.0,SENSEX26SEP73400PE,45.45,50.05,41.45,41.45,840800,16
2026-09-24 14:45:00,SENSEX,CE,73500.0,SENSEX26SEP73500CE,287.85,309.25,270.8,309.25,217360,16
2026-09-24 14:45:00,SENSEX,PE,73500.0,SENSEX26SEP73500PE,68.2,74.65,61.95,61.95,1353180,16
2026-09-24 14:45:00,SENSEX,CE,73600.0,SENSEX26SEP73600CE,220.65,237.45,203.8,237.45,374780,16
2026-09-24 14:45:00,SENSEX,PE,73600.0,SENSEX26SEP73600PE,100.3,107.65,92.0,92.0,1082400,16
2026-09-24 14:45:00,SENSEX,CE,73700.0,SENSEX26SEP73700CE,162.55,177.5,147.35,177.5,971440,16
2026-09-24 14:45:00,SENSEX,PE,73700.0,SENSEX26SEP73700PE,141.9,152.6,130.25,130.25,1241560,16
2026-09-24 14:45:00,SENSEX,CE,73800.0,SENSEX26SEP73800CE,116.7,127.9,104.95,127.9,1002840,16
2026-09-24 14:45:00,SENSEX,PE,73800.0,SENSEX26SEP73800PE,195.7,208.6,180.8,180.8,615440,16
2026-09-24 14:45:00,SENSEX,CE,73900.0,SENSEX26SEP73900CE,81.4,89.45,72.05,89.45,819980,16
2026-09-24 14:45:00,SENSEX,PE,73900.0,SENSEX26SEP73900PE,260.3,275.0,243.0,243.0,186500,16
2026-09-24 14:45:00,SENSEX,CE,74000.0,SENSEX26SEP74000CE,55.85,61.55,48.75,61.55,1235200,16
2026-09-24 14:45:00,SENSEX,PE,74000.0,SENSEX26SEP74000PE,335.75,353.05,314.7,314.7,199460,16
2026-09-24 14:45:00,SENSEX,CE,74100.0,SENSEX26SEP74100CE,37.25,41.85,32.6,41.85,579420,16
2026-09-24 14:45:00,SENSEX,PE,74100.0,SENSEX26SEP74100PE,417.6,435.85,395.1,395.1,65360,16
2026-09-24 14:45:00,SENSEX,CE,74200.0,SENSEX26SEP74200CE,25.85,28.7,22.1,28.7,670160,16
2026-09-24 14:45:00,SENSEX,PE,74200.0,SENSEX26SEP74200PE,504.75,525.0,483.0,483.0,55740,16
2026-09-24 14:45:00,SENSEX,CE,74300.0,SENSEX26SEP74300CE,17.85,19.8,15.2,19.8,743840,16
2026-09-24 14:45:00,SENSEX,PE,74300.0,SENSEX26SEP74300PE,599.5,621.0,574.35,574.35,32140,16
2026-09-24 14:46:00,SENSEX,FUT,0.0,SENSEX26SEPFUT,73745.0,73758.85,73745.0,73758.85,140,17
2026-09-24 14:46:00,SENSEX,SPOT,0.0,SENSEX,73737.94,73759.04,73737.94,73751.15,0,17
2026-09-24 14:46:00,SENSEX,CE,73100.0,SENSEX26SEP73100CE,663.65,678.05,660.8,660.8,1560,17
2026-09-24 14:46:00,SENSEX,PE,73100.0,SENSEX26SEP73100PE,12.65,12.65,10.65,11.75,537160,17
2026-09-24 14:46:00,SENSEX,CE,73200.0,SENSEX26SEP73200CE,569.8,582.75,566.55,566.65,13720,17
2026-09-24 14:46:00,SENSEX,PE,73200.0,SENSEX26SEP73200PE,18.45,18.45,15.85,17.35,981360,17
2026-09-24 14:46:00,SENSEX,CE,73300.0,SENSEX26SEP73300CE,477.8,490.95,474.4,474.4,22040,17
2026-09-24 14:46:00,SENSEX,PE,73300.0,SENSEX26SEP73300PE,27.3,27.3,24.05,26.0,1364820,17
2026-09-24 14:46:00,SENSEX,CE,73400.0,SENSEX26SEP73400CE,392.15,401.35,388.55,388.55,44120,17
2026-09-24 14:46:00,SENSEX,PE,73400.0,SENSEX26SEP73400PE,40.85,40.85,36.85,39.85,1143580,17
2026-09-24 14:46:00,SENSEX,CE,73500.0,SENSEX26SEP73500CE,314.1,321.85,309.3,309.3,252940,17
2026-09-24 14:46:00,SENSEX,PE,73500.0,SENSEX26SEP73500PE,61.15,61.15,55.95,60.55,1565420,17
2026-09-24 14:46:00,SENSEX,CE,73600.0,SENSEX26SEP73600CE,243.25,248.95,238.0,238.0,465400,17
2026-09-24 14:46:00,SENSEX,PE,73600.0,SENSEX26SEP73600PE,90.1,90.1,83.7,89.45,1238980,17
2026-09-24 14:46:00,SENSEX,CE,73700.0,SENSEX26SEP73700CE,181.9,186.65,176.95,176.95,1085800,17
2026-09-24 14:46:00,SENSEX,PE,73700.0,SENSEX26SEP73700PE,127.55,128.6,121.0,128.6,1278680,17
2026-09-24 14:46:00,SENSEX,CE,73800.0,SENSEX26SEP73800CE,130.8,135.75,128.0,128.0,1364360,17
2026-09-24 14:46:00,SENSEX,PE,73800.0,SENSEX26SEP73800PE,177.2,178.0,169.2,178.0,621560,17
2026-09-24 14:46:00,SENSEX,CE,73900.0,SENSEX26SEP73900CE,92.45,95.85,90.45,90.45,1262400,17
2026-09-24 14:46:00,SENSEX,PE,73900.0,SENSEX26SEP73900PE,239.7,240.45,229.1,240.45,205740,17
2026-09-24 14:46:00,SENSEX,CE,74000.0,SENSEX26SEP74000CE,64.0,66.8,62.6,62.6,1919740,17
2026-09-24 14:46:00,SENSEX,PE,74000.0,SENSEX26SEP74000PE,309.1,313.15,300.0,313.15,234200,17
2026-09-24 14:46:00,SENSEX,CE,74100.0,SENSEX26SEP74100CE,43.45,45.7,42.6,42.75,844100,17
2026-09-24 14:46:00,SENSEX,PE,74100.0,SENSEX26SEP74100PE,390.35,394.35,379.95,394.35,46660,17
2026-09-24 14:46:00,SENSEX,CE,74200.0,SENSEX26SEP74200CE,29.95,31.55,29.1,29.1,1015740,17
2026-09-24 14:46:00,SENSEX,PE,74200.0,SENSEX26SEP74200PE,477.4,477.9,465.75,477.9,31900,17
2026-09-24 14:46:00,SENSEX,CE,74300.0,SENSEX26SEP74300CE,20.75,21.75,20.1,20.1,936660,17
2026-09-24 14:46:00,SENSEX,PE,74300.0,SENSEX26SEP74300PE,566.25,571.8,555.3,571.8,21780,17
2026-09-24 14:47:00,SENSEX,FUT,0.0,SENSEX26SEPFUT,73758.85,73770.0,73758.85,73770.0,20,16
2026-09-24 14:47:00,SENSEX,SPOT,0.0,SENSEX,73756.78,73756.78,73736.79,73736.79,0,16
2026-09-24 14:47:00,SENSEX,CE,73100.0,SENSEX26SEP73100CE,658.0,674.85,649.85,653.6,1680,16
2026-09-24 14:47:00,SENSEX,PE,73100.0,SENSEX26SEP73100PE,12.05,12.85,11.65,12.8,243040,16
2026-09-24 14:47:00,SENSEX,CE,73200.0,SENSEX26SEP73200CE,557.2,577.25,553.35,558.85,2580,16
2026-09-24 14:47:00,SENSEX,PE,73200.0,SENSEX26SEP73200PE,18.0,18.9,16.85,18.9,479580,16
2026-09-24 14:47:00,SENSEX,CE,73300.0,SENSEX26SEP73300CE,468.5,483.75,461.5,469.4,17780,16
2026-09-24 14:47:00,SENSEX,PE,73300.0,SENSEX26SEP73300PE,27.05,28.1,25.6,28.1,598360,16
2026-09-24 14:47:00,SENSEX,CE,73400.0,SENSEX26SEP73400CE,378.8,399.55,377.45,380.8,18360,16
2026-09-24 14:47:00,SENSEX,PE,73400.0,SENSEX26SEP73400PE,41.85,42.95,38.75,42.95,508580,16
2026-09-24 14:47:00,SENSEX,CE,73500.0,SENSEX26SEP73500CE,297.3,318.5,297.3,301.65,120120,16
2026-09-24 14:47:00,SENSEX,PE,73500.0,SENSEX26SEP73500PE,63.1,64.65,58.75,64.65,976580,16
2026-09-24 14:47:00,SENSEX,CE,73600.0,SENSEX26SEP73600CE,229.85,245.25,227.95,230.9,237880,16
2026-09-24 14:47:00,SENSEX,PE,73600.0,SENSEX26SEP73600PE,92.5,94.75,86.4,94.75,611100,16
2026-09-24 14:47:00,SENSEX,CE,73700.0,SENSEX26SEP73700CE,170.65,184.15,168.15,170.75,571340,16
2026-09-24 14:47:00,SENSEX,PE,73700.0,SENSEX26SEP73700PE,132.25,133.9,124.75,133.9,671080,16
2026-09-24 14:47:00,SENSEX,CE,73800.0,SENSEX26SEP73800CE,120.85,134.05,120.65,122.85,749280,16
2026-09-24 14:47:00,SENSEX,PE,73800.0,SENSEX26SEP73800PE,184.8,185.55,173.75,185.55,349500,16
2026-09-24 14:47:00,SENSEX,CE,73900.0,SENSEX26SEP73900CE,84.8,93.75,84.8,86.3,812100,16
2026-09-24 14:47:00,SENSEX,PE,73900.0,SENSEX26SEP73900PE,246.85,249.75,236.3,249.6,121600,16
2026-09-24 14:47:00,SENSEX,CE,74000.0,SENSEX26SEP74000CE,58.3,65.25,58.1,59.05,1033200,16
2026-09-24 14:47:00,SENSEX,PE,74000.0,SENSEX26SEP74000PE,322.0,322.6,306.55,322.6,138100,16
2026-09-24 14:47:00,SENSEX,CE,74100.0,SENSEX26SEP74100CE,38.95,44.75,38.95,39.9,571600,16
2026-09-24 14:47:00,SENSEX,PE,74100.0,SENSEX26SEP74100PE,403.35,404.0,384.6,402.85,43940,16
2026-09-24 14:47:00,SENSEX,CE,74200.0,SENSEX26SEP74200CE,27.1,30.3,26.65,27.25,553740,16
2026-09-24 14:47:00,SENSEX,PE,74200.0,SENSEX26SEP74200PE,488.5,491.75,471.5,488.95,21300,16
2026-09-24 14:47:00,SENSEX,CE,74300.0,SENSEX26SEP74300CE,18.6,20.9,18.25,18.6,481300,16
2026-09-24 14:47:00,SENSEX,PE,74300.0,SENSEX26SEP74300PE,580.3,582.2,562.9,580.15,12620,16
2026-09-24 14:48:00,SENSEX,FUT,0.0,SENSEX26SEPFUT,73770.0,73770.0,73770.0,73770.0,40,11
2026-09-24 14:48:00,SENSEX,SPOT,0.0,SENSEX,73740.67,73748.0,73739.77,73747.72,0,11
2026-09-24 14:48:00,SENSEX,CE,73100.0,SENSEX26SEP73100CE,653.6,654.9,643.2,654.9,340,11
2026-09-24 14:48:00,SENSEX,PE,73100.0,SENSEX26SEP73100PE,13.0,13.15,12.5,12.5,173120,11
2026-09-24 14:48:00,SENSEX,CE,73200.0,SENSEX26SEP73200CE,556.0,564.05,551.4,559.9,1700,11
2026-09-24 14:48:00,SENSEX,PE,73200.0,SENSEX26SEP73200PE,19.1,19.5,18.4,18.4,271600,11
2026-09-24 14:48:00,SENSEX,CE,73300.0,SENSEX26SEP73300CE,464.15,472.7,460.0,471.05,5080,11
2026-09-24 14:48:00,SENSEX,PE,73300.0,SENSEX26SEP73300PE,28.35,28.7,27.4,27.7,642680,11
2026-09-24 14:48:00,SENSEX,CE,73400.0,SENSEX26SEP73400CE,379.65,386.05,373.9,385.25,11780,11
2026-09-24 14:48:00,SENSEX,PE,73400.0,SENSEX26SEP73400PE,43.5,43.95,42.0,42.4,307200,11
2026-09-24 14:48:00,SENSEX,CE,73500.0,SENSEX26SEP73500CE,300.05,308.15,297.6,305.8,84780,11
2026-09-24 14:48:00,SENSEX,PE,73500.0,SENSEX26SEP73500PE,65.1,65.9,63.0,63.75,650400,11
2026-09-24 14:48:00,SENSEX,CE,73600.0,SENSEX26SEP73600CE,230.5,237.95,227.5,233.15,105060,11
2026-09-24 14:48:00,SENSEX,PE,73600.0,SENSEX26SEP73600PE,95.05,96.85,92.15,92.9,432860,11
2026-09-24 14:48:00,SENSEX,CE,73700.0,SENSEX26SEP73700CE,171.05,175.95,168.05,174.85,258440,11
2026-09-24 14:48:00,SENSEX,PE,73700.0,SENSEX26SEP73700PE,135.1,137.45,131.15,132.4,417240,11
2026-09-24 14:48:00,SENSEX,CE,73800.0,SENSEX26SEP73800CE,122.8,127.75,120.05,125.65,491680,11
2026-09-24 14:48:00,SENSEX,PE,73800.0,SENSEX26SEP73800PE,186.05,188.1,181.6,184.85,219600,11
2026-09-24 14:48:00,SENSEX,CE,73900.0,SENSEX26SEP73900CE,86.4,89.8,83.65,87.45,490300,11
2026-09-24 14:48:00,SENSEX,PE,73900.0,SENSEX26SEP73900PE,249.65,252.45,244.7,246.4,81180,11
2026-09-24 14:48:00,SENSEX,CE,74000.0,SENSEX26SEP74000CE,59.2,62.1,57.05,60.35,585280,11
2026-09-24 14:48:00,SENSEX,PE,74000.0,SENSEX26SEP74000PE,321.95,325.45,316.35,317.85,75240,11
2026-09-24 14:48:00,SENSEX,CE,74100.0,SENSEX26SEP74100CE,39.9,42.1,38.8,41.1,329320,11
2026-09-24 14:48:00,SENSEX,PE,74100.0,SENSEX26SEP74100PE,404.75,407.35,395.5,398.15,17080,11
2026-09-24 14:48:00,SENSEX,CE,74200.0,SENSEX26SEP74200CE,27.05,29.05,26.55,27.7,340980,11
2026-09-24 14:48:00,SENSEX,PE,74200.0,SENSEX26SEP74200PE,492.0,495.15,482.9,484.85,14520,11
2026-09-24 14:48:00,SENSEX,CE,74300.0,SENSEX26SEP74300CE,18.7,19.7,18.0,19.25,317360,11
2026-09-24 14:48:00,SENSEX,PE,74300.0,SENSEX26SEP74300PE,582.75,586.4,575.95,576.1,7980,11
2026-09-24 14:49:00,SENSEX,FUT,0.0,SENSEX26SEPFUT,73770.0,73770.0,73770.0,73770.0,0,5
2026-09-24 14:49:00,SENSEX,SPOT,0.0,SENSEX,73737.06,73745.3,73735.65,73745.3,0,5
2026-09-24 14:49:00,SENSEX,CE,73100.0,SENSEX26SEP73100CE,658.0,658.0,651.9,651.9,40,5
2026-09-24 14:49:00,SENSEX,PE,73100.0,SENSEX26SEP73100PE,12.75,13.2,12.7,12.7,37360,5
2026-09-24 14:49:00,SENSEX,CE,73200.0,SENSEX26SEP73200CE,563.0,565.15,558.0,565.15,700,5
2026-09-24 14:49:00,SENSEX,PE,73200.0,SENSEX26SEP73200PE,18.7,19.2,18.5,18.5,92900,5
2026-09-24 14:49:00,SENSEX,CE,73300.0,SENSEX26SEP73300CE,472.0,475.0,466.55,475.0,380,5
2026-09-24 14:49:00,SENSEX,PE,73300.0,SENSEX26SEP73300PE,27.95,28.5,27.75,27.75,111880,5
2026-09-24 14:49:00,SENSEX,CE,73400.0,SENSEX26SEP73400CE,386.2,386.95,381.35,386.95,3480,5
2026-09-24 14:49:00,SENSEX,PE,73400.0,SENSEX26SEP73400PE,42.85,43.4,42.2,42.2,108860,5
2026-09-24 14:49:00,SENSEX,CE,73500.0,SENSEX26SEP73500CE,308.2,310.2,303.4,310.2,14940,5
2026-09-24 14:49:00,SENSEX,PE,73500.0,SENSEX26SEP73500PE,64.6,65.1,63.6,63.6,153060,5
2026-09-24 14:49:00,SENSEX,CE,73600.0,SENSEX26SEP73600CE,237.95,239.2,233.7,239.2,35500,5
2026-09-24 14:49:00,SENSEX,PE,73600.0,SENSEX26SEP73600PE,94.2,95.3,92.45,92.45,108400,5
2026-09-24 14:49:00,SENSEX,CE,73700.0,SENSEX26SEP73700CE,177.8,178.1,173.6,178.1,82240,5
2026-09-24 14:49:00,SENSEX,PE,73700.0,SENSEX26SEP73700PE,133.75,135.0,131.6,131.6,151180,5
2026-09-24 14:49:00,SENSEX,CE,73800.0,SENSEX26SEP73800CE,127.9,128.95,125.4,128.95,108580,5
2026-09-24 14:49:00,SENSEX,PE,73800.0,SENSEX26SEP73800PE,183.75,185.75,181.6,181.6,84320,5
2026-09-24 14:49:00,SENSEX,CE,73900.0,SENSEX26SEP73900CE,90.45,90.8,88.05,90.8,88280,5
2026-09-24 14:49:00,SENSEX,PE,73900.0,SENSEX26SEP73900PE,246.1,249.1,244.7,244.7,17460,5
2026-09-24 14:49:00,SENSEX,CE,74000.0,SENSEX26SEP74000CE,62.1,62.3,60.1,62.3,110720,5
2026-09-24 14:49:00,SENSEX,PE,74000.0,SENSEX26SEP74000PE,318.6,322.05,316.7,316.7,18540,5
2026-09-24 14:49:00,SENSEX,CE,74100.0,SENSEX26SEP74100CE,42.4,42.55,40.65,42.55,81920,5
2026-09-24 14:49:00,SENSEX,PE,74100.0,SENSEX26SEP74100PE,396.95,402.4,396.95,397.15,4520,5
2026-09-24 14:49:00,SENSEX,CE,74200.0,SENSEX26SEP74200CE,28.9,29.05,27.9,29.05,94820,5
2026-09-24 14:49:00,SENSEX,PE,74200.0,SENSEX26SEP74200PE,483.85,489.75,481.95,481.95,2740,5
2026-09-24 14:49:00,SENSEX,CE,74300.0,SENSEX26SEP74300CE,19.9,19.9,19.1,19.85,98220,5
2026-09-24 14:49:00,SENSEX,PE,74300.0,SENSEX26SEP74300PE,576.35,579.35,575.5,575.5,1780,5
2026-09-24 14:50:00,SENSEX,FUT,0.0,SENSEX26SEPFUT,73770.0,73770.0,73764.0,73765.0,460,16
2026-09-24 14:50:00,SENSEX,SPOT,0.0,SENSEX,73744.57,73765.27,73744.57,73750.35,0,16
2026-09-24 14:50:00,SENSEX,CE,73100.0,SENSEX26SEP73100CE,660.45,680.55,660.45,668.4,2840,16
2026-09-24 14:50:00,SENSEX,PE,73100.0,SENSEX26SEP73100PE,12.7,12.7,11.55,12.3,268820,16
2026-09-24 14:50:00,SENSEX,CE,73200.0,SENSEX26SEP73200CE,565.0,581.55,565.0,574.75,6380,16
2026-09-24 14:50:00,SENSEX,PE,73200.0,SENSEX26SEP73200PE,18.45,18.45,16.7,17.9,480480,16
2026-09-24 14:50:00,SENSEX,CE,73300.0,SENSEX26SEP73300CE,475.0,493.55,475.0,482.75,14800,16
2026-09-24 14:50:00,SENSEX,PE,73300.0,SENSEX26SEP73300PE,27.5,27.5,25.0,26.75,608140,16
2026-09-24 14:50:00,SENSEX,CE,73400.0,SENSEX26SEP73400CE,389.85,404.4,389.85,395.6,35680,16
2026-09-24 14:50:00,SENSEX,PE,73400.0,SENSEX26SEP73400PE,42.05,42.05,38.25,40.65,591180,16
2026-09-24 14:50:00,SENSEX,CE,73500.0,SENSEX26SEP73500CE,309.9,324.9,309.9,317.25,151820,16
2026-09-24 14:50:00,SENSEX,PE,73500.0,SENSEX26SEP73500PE,63.35,63.35,58.0,61.35,881440,16
2026-09-24 14:50:00,SENSEX,CE,73600.0,SENSEX26SEP73600CE,239.75,252.5,239.75,245.9,285900,16
2026-09-24 14:50:00,SENSEX,PE,73600.0,SENSEX26SEP73600PE,92.8,92.8,85.9,89.55,747940,16
2026-09-24 14:50:00,SENSEX,CE,73700.0,SENSEX26SEP73700CE,178.6,189.95,178.6,183.8,689740,16
2026-09-24 14:50:00,SENSEX,PE,73700.0,SENSEX26SEP73700PE,131.25,131.25,121.7,128.05,851780,16
2026-09-24 14:50:00,SENSEX,CE,73800.0,SENSEX26SEP73800CE,128.9,139.4,128.9,133.8,958940,16
2026-09-24 14:50:00,SENSEX,PE,73800.0,SENSEX26SEP73800PE,181.15,181.15,171.55,177.6,407380,16
2026-09-24 14:50:00,SENSEX,CE,73900.0,SENSEX26SEP73900CE,92.1,99.35,92.1,94.8,868520,16
2026-09-24 14:50:00,SENSEX,PE,73900.0,SENSEX26SEP73900PE,242.85,242.85,230.9,238.9,129880,16
2026-09-24 14:50:00,SENSEX,CE,74000.0,SENSEX26SEP74000CE,62.8,69.45,62.8,65.7,1352220,16
2026-09-24 14:50:00,SENSEX,PE,74000.0,SENSEX26SEP74000PE,315.35,315.35,301.65,309.6,149600,16
2026-09-24 14:50:00,SENSEX,CE,74100.0,SENSEX26SEP74100CE,42.6,47.35,42.6,45.15,657860,16
2026-09-24 14:50:00,SENSEX,PE,74100.0,SENSEX26SEP74100PE,395.6,395.6,380.7,389.55,55400,16
2026-09-24 14:50:00,SENSEX,CE,74200.0,SENSEX26SEP74200CE,29.6,33.15,29.6,31.25,775000,16
2026-09-24 14:50:00,SENSEX,PE,74200.0,SENSEX26SEP74200PE,481.65,481.65,466.1,475.2,27660,16
2026-09-24 14:50:00,SENSEX,CE,74300.0,SENSEX26SEP74300CE,20.05,23.0,20.05,21.55,726580,16
2026-09-24 14:50:00,SENSEX,PE,74300.0,SENSEX26SEP74300PE,572.9,572.9,553.05,564.15,17740,16
2026-09-24 14:51:00,SENSEX,FUT,0.0,SENSEX26SEPFUT,73765.0,73779.95,73751.0,73779.95,180,17
2026-09-24 14:51:00,SENSEX,SPOT,0.0,SENSEX,73740.94,73776.92,73740.94,73774.09,0,17
2026-09-24 14:51:00,SENSEX,CE,73100.0,SENSEX26SEP73100CE,668.4,698.9,661.0,698.9,2900,17
2026-09-24 14:51:00,SENSEX,PE,73100.0,SENSEX26SEP73100PE,12.25,12.5,10.85,11.25,317360,17
2026-09-24 14:51:00,SENSEX,CE,73200.0,SENSEX26SEP73200CE,571.05,604.0,566.95,596.75,9460,17
2026-09-24 14:51:00,SENSEX,PE,73200.0,SENSEX26SEP73200PE,17.95,18.35,15.65,16.2,657100,17
2026-09-24 14:51:00,SENSEX,CE,73300.0,SENSEX26SEP73300CE,479.7,509.35,479.25,504.45,15360,17
2026-09-24 14:51:00,SENSEX,PE,73300.0,SENSEX26SEP73300PE,27.15,27.15,23.45,23.75,858220,17
2026-09-24 14:51:00,SENSEX,CE,73400.0,SENSEX26SEP73400CE,393.5,421.9,390.9,418.35,35840,17
2026-09-24 14:51:00,SENSEX,PE,73400.0,SENSEX26SEP73400PE,41.35,41.35,35.5,36.35,766600,17
2026-09-24 14:51:00,SENSEX,CE,73500.0,SENSEX26SEP73500CE,314.35,340.05,314.35,336.1,200420,17
2026-09-24 14:51:00,SENSEX,PE,73500.0,SENSEX26SEP73500PE,62.3,62.3,53.75,55.0,1050340,17
2026-09-24 14:51:00,SENSEX,CE,73600.0,SENSEX26SEP73600CE,242.55,266.25,242.55,264.05,316360,17
2026-09-24 14:51:00,SENSEX,PE,73600.0,SENSEX26SEP73600PE,91.8,91.8,79.05,80.25,898100,17
2026-09-24 14:51:00,SENSEX,CE,73700.0,SENSEX26SEP73700CE,180.9,202.15,180.9,198.35,713800,17
2026-09-24 14:51:00,SENSEX,PE,73700.0,SENSEX26SEP73700PE,130.5,130.5,114.75,115.2,1032920,17
2026-09-24 14:51:00,SENSEX,CE,73800.0,SENSEX26SEP73800CE,131.0,148.35,131.0,146.6,1210340,17
2026-09-24 14:51:00,SENSEX,PE,73800.0,SENSEX26SEP73800PE,179.6,179.6,160.55,162.45,550000,17
2026-09-24 14:51:00,SENSEX,CE,73900.0,SENSEX26SEP73900CE,93.75,106.45,93.0,104.85,890920,17
2026-09-24 14:51:00,SENSEX,PE,73900.0,SENSEX26SEP73900PE,240.75,240.75,218.65,219.95,221520,17
2026-09-24 14:51:00,SENSEX,CE,74000.0,SENSEX26SEP74000CE,64.45,74.3,64.45,72.75,1398300,17
2026-09-24 14:51:00,SENSEX,PE,74000.0,SENSEX26SEP74000PE,313.55,313.55,286.95,291.05,161900,17
2026-09-24 14:51:00,SENSEX,CE,74100.0,SENSEX26SEP74100CE,44.5,51.2,44.5,49.85,587220,17
2026-09-24 14:51:00,SENSEX,PE,74100.0,SENSEX26SEP74100PE,391.25,391.25,364.55,367.35,41600,17
2026-09-24 14:51:00,SENSEX,CE,74200.0,SENSEX26SEP74200CE,30.7,35.55,30.7,34.7,845820,17
2026-09-24 14:51:00,SENSEX,PE,74200.0,SENSEX26SEP74200PE,480.25,480.25,447.25,451.2,39980,17
2026-09-24 14:51:00,SENSEX,CE,74300.0,SENSEX26SEP74300CE,21.15,24.85,21.0,23.85,636820,17
2026-09-24 14:51:00,SENSEX,PE,74300.0,SENSEX26SEP74300PE,572.0,572.0,537.35,543.1,27920,17
2026-09-24 14:52:00,SENSEX,FUT,0.0,SENSEX26SEPFUT,73779.95,73790.0,73779.95,73789.0,340,16
2026-09-24 14:52:00,SENSEX,SPOT,0.0,SENSEX,73774.17,73791.75,73772.66,73791.75,0,16
2026-09-24 14:52:00,SENSEX,CE,73100.0,SENSEX26SEP73100CE,693.6,710.55,684.85,684.85,1520,16
2026-09-24 14:52:00,SENSEX,PE,73100.0,SENSEX26SEP73100PE,11.3,11.4,10.4,10.9,456740,16
2026-09-24 14:52:00,SENSEX,CE,73200.0,SENSEX26SEP73200CE,594.1,607.55,587.8,591.05,12460,16
2026-09-24 14:52:00,SENSEX,PE,73200.0,SENSEX26SEP73200PE,16.55,16.55,15.05,15.65,738760,16
2026-09-24 14:52:00,SENSEX,CE,73300.0,SENSEX26SEP73300CE,503.85,513.95,494.5,500.2,16420,16
2026-09-24 14:52:00,SENSEX,PE,73300.0,SENSEX26SEP73300PE,24.2,24.2,22.2,23.0,976020,16
2026-09-24 14:52:00,SENSEX,CE,73400.0,SENSEX26SEP73400CE,415.95,430.0,406.35,414.5,39040,16
2026-09-24 14:52:00,SENSEX,PE,73400.0,SENSEX26SEP73400PE,36.7,36.85,33.75,35.2,992100,16
2026-09-24 14:52:00,SENSEX,CE,73500.0,SENSEX26SEP73500CE,335.1,344.3,326.75,334.4,208480,16
2026-09-24 14:52:00,SENSEX,PE,73500.0,SENSEX26SEP73500PE,55.4,55.4,52.0,53.8,1070780,16
2026-09-24 14:52:00,SENSEX,CE,73600.0,SENSEX26SEP73600CE,260.0,269.8,252.65,259.3,383960,16
2026-09-24 14:52:00,SENSEX,PE,73600.0,SENSEX26SEP73600PE,82.6,82.6,77.3,79.8,934080,16
2026-09-24 14:52:00,SENSEX,CE,73700.0,SENSEX26SEP73700CE,195.95,204.35,189.55,196.5,856620,16
2026-09-24 14:52:00,SENSEX,PE,73700.0,SENSEX26SEP73700PE,117.55,117.75,112.15,115.2,950700,16
2026-09-24 14:52:00,SENSEX,CE,73800.0,SENSEX26SEP73800CE,144.65,148.8,138.1,142.4,1166520,16
2026-09-24 14:52:00,SENSEX,PE,73800.0,SENSEX26SEP73800PE,163.85,165.45,157.1,162.05,695240,16
2026-09-24 14:52:00,SENSEX,CE,73900.0,SENSEX26SEP73900CE,103.6,108.35,98.45,100.85,1046400,16
2026-09-24 14:52:00,SENSEX,PE,73900.0,SENSEX26SEP73900PE,221.75,226.05,211.9,220.7,227560,16
2026-09-24 14:52:00,SENSEX,CE,74000.0,SENSEX26SEP74000CE,72.15,76.2,67.75,70.0,1741420,16
2026-09-24 14:52:00,SENSEX,PE,74000.0,SENSEX26SEP74000PE,291.85,295.4,280.0,291.1,217680,16
2026-09-24 14:52:00,SENSEX,CE,74100.0,SENSEX26SEP74100CE,49.25,51.95,46.7,47.7,850040,16
2026-09-24 14:52:00,SENSEX,PE,74100.0,SENSEX26SEP74100PE,369.35,373.85,359.9,367.75,68240,16
2026-09-24 14:52:00,SENSEX,CE,74200.0,SENSEX26SEP74200CE,33.65,35.8,32.0,33.1,1047980,16
2026-09-24 14:52:00,SENSEX,PE,74200.0,SENSEX26SEP74200PE,455.95,459.3,442.5,452.65,49880,16
2026-09-24 14:52:00,SENSEX,CE,74300.0,SENSEX26SEP74300CE,23.25,24.7,22.0,23.15,778880,16
2026-09-24 14:52:00,SENSEX,PE,74300.0,SENSEX26SEP74300PE,544.3,549.95,532.2,543.2,23440,16
2026-09-24 14:53:00,SENSEX,FUT,0.0,SENSEX26SEPFUT,73789.0,73789.0,73778.05,73782.2,100,17
2026-09-24 14:53:00,SENSEX,SPOT,0.0,SENSEX,73791.65,73794.45,73778.56,73793.34,0,17
2026-09-24 14:53:00,SENSEX,CE,73100.0,SENSEX26SEP73100CE,690.3,704.95,688.25,704.95,1040,17
2026-09-24 14:53:00,SENSEX,PE,73100.0,SENSEX26SEP73100PE,10.75,11.05,9.85,9.85,431000,17
2026-09-24 14:53:00,SENSEX,CE,73200.0,SENSEX26SEP73200CE,594.65,607.5,594.65,605.4,7700,17
2026-09-24 14:53:00,SENSEX,PE,73200.0,SENSEX26SEP73200PE,15.55,15.75,14.05,14.1,713360,17
2026-09-24 14:53:00,SENSEX,CE,73300.0,SENSEX26SEP73300CE,502.0,514.25,502.0,513.1,11500,17
2026-09-24 14:53:00,SENSEX,PE,73300.0,SENSEX26SEP73300PE,22.85,23.45,20.85,20.95,674880,17
2026-09-24 14:53:00,SENSEX,CE,73400.0,SENSEX26SEP73400CE,418.0,426.15,410.15,424.7,22980,17
2026-09-24 14:53:00,SENSEX,PE,73400.0,SENSEX26SEP73400PE,35.0,36.35,31.85,32.15,745460,17
2026-09-24 14:53:00,SENSEX,CE,73500.0,SENSEX26SEP73500CE,335.1,343.8,331.95,342.3,120680,17
2026-09-24 14:53:00,SENSEX,PE,73500.0,SENSEX26SEP73500PE,53.4,54.55,49.05,49.4,967820,17
2026-09-24 14:53:00,SENSEX,CE,73600.0,SENSEX26SEP73600CE,261.75,268.15,257.45,266.2,209180,17
2026-09-24 14:53:00,SENSEX,PE,73600.0,SENSEX26SEP73600PE,78.95,80.15,73.3,73.85,912660,17
2026-09-24 14:53:00,SENSEX,CE,73700.0,SENSEX26SEP73700CE,196.5,202.3,192.85,200.9,490080,17
2026-09-24 14:53:00,SENSEX,PE,73700.0,SENSEX26SEP73700PE,114.65,116.5,107.65,107.8,946120,17
2026-09-24 14:53:00,SENSEX,CE,73800.0,SENSEX26SEP73800CE,143.4,148.3,140.75,147.2,892100,17
2026-09-24 14:53:00,SENSEX,PE,73800.0,SENSEX26SEP73800PE,160.8,163.6,152.6,153.25,471460,17
2026-09-24 14:53:00,SENSEX,CE,73900.0,SENSEX26SEP73900CE,102.35,105.85,99.95,104.7,614220,17
2026-09-24 14:53:00,SENSEX,PE,73900.0,SENSEX26SEP73900PE,220.35,223.0,211.05,212.4,155740,17
2026-09-24 14:53:00,SENSEX,CE,74000.0,SENSEX26SEP74000CE,71.4,74.25,69.45,73.25,1158680,17
2026-09-24 14:53:00,SENSEX,PE,74000.0,SENSEX26SEP74000PE,289.75,294.8,279.2,280.55,177580,17
2026-09-24 14:53:00,SENSEX,CE,74100.0,SENSEX26SEP74100CE,49.0,50.9,47.65,50.25,534180,17
2026-09-24 14:53:00,SENSEX,PE,74100.0,SENSEX26SEP74100PE,366.5,371.95,355.0,357.5,25960,17
2026-09-24 14:53:00,SENSEX,CE,74200.0,SENSEX26SEP74200CE,34.1,35.0,33.2,34.85,699640,17
2026-09-24 14:53:00,SENSEX,PE,74200.0,SENSEX26SEP74200PE,452.65,455.15,440.55,442.15,23940,17
2026-09-24 14:53:00,SENSEX,CE,74300.0,SENSEX26SEP74300CE,23.35,24.0,22.5,23.8,446720,17
2026-09-24 14:53:00,SENSEX,PE,74300.0,SENSEX26SEP74300PE,543.2,543.9,529.45,529.55,17000,17
2026-09-24 14:54:00,SENSEX,FUT,0.0,SENSEX26SEPFUT,73799.0,73801.1,73776.95,73776.95,440,16
2026-09-24 14:54:00,SENSEX,SPOT,0.0,SENSEX,73789.35,73807.09,73778.45,73781.45,0,16
2026-09-24 14:54:00,SENSEX,CE,73100.0,SENSEX26SEP73100CE,704.3,714.65,682.1,687.1,2720,16
2026-09-24 14:54:00,SENSEX,PE,73100.0,SENSEX26SEP73100PE,10.05,10.65,9.55,10.35,565080,16
2026-09-24 14:54:00,SENSEX,CE,73200.0,SENSEX26SEP73200CE,607.2,615.0,581.35,593.15,19180,16
2026-09-24 14:54:00,SENSEX,PE,73200.0,SENSEX26SEP73200PE,14.3,15.2,13.6,14.8,715720,16
2026-09-24 14:54:00,SENSEX,CE,73300.0,SENSEX26SEP73300CE,514.45,522.4,491.15,501.4,19900,16
2026-09-24 14:54:00,SENSEX,PE,73300.0,SENSEX26SEP73300PE,21.25,23.05,20.45,22.0,1041760,16
2026-09-24 14:54:00,SENSEX,CE,73400.0,SENSEX26SEP73400CE,423.95,436.0,404.55,412.65,48960,16
2026-09-24 14:54:00,SENSEX,PE,73400.0,SENSEX26SEP73400PE,32.75,35.15,30.8,33.7,836560,16
2026-09-24 14:54:00,SENSEX,CE,73500.0,SENSEX26SEP73500CE,339.4,348.5,320.65,331.4,188080,16
2026-09-24 14:54:00,SENSEX,PE,73500.0,SENSEX26SEP73500PE,50.15,53.55,47.95,51.55,1148520,16
2026-09-24 14:54:00,SENSEX,CE,73600.0,SENSEX26SEP73600CE,266.05,272.25,249.1,257.25,375620,16
2026-09-24 14:54:00,SENSEX,PE,73600.0,SENSEX26SEP73600PE,75.35,79.95,71.65,77.55,1100400,16
2026-09-24 14:54:00,SENSEX,CE,73700.0,SENSEX26SEP73700CE,200.7,206.25,184.85,192.3,863320,16
2026-09-24 14:54:00,SENSEX,PE,73700.0,SENSEX26SEP73700PE,109.55,115.6,105.6,112.55,1133540,16
2026-09-24 14:54:00,SENSEX,CE,73800.0,SENSEX26SEP73800CE,146.9,151.8,132.05,138.9,1436000,16
2026-09-24 14:54:00,SENSEX,PE,73800.0,SENSEX26SEP73800PE,155.65,163.65,147.85,159.55,1024440,16
2026-09-24 14:54:00,SENSEX,CE,73900.0,SENSEX26SEP73900CE,105.45,109.25,93.45,98.7,1333540,16
2026-09-24 14:54:00,SENSEX,PE,73900.0,SENSEX26SEP73900PE,213.55,224.35,207.4,218.35,378240,16
2026-09-24 14:54:00,SENSEX,CE,74000.0,SENSEX26SEP74000CE,73.5,76.05,63.05,67.3,1898640,16
2026-09-24 14:54:00,SENSEX,PE,74000.0,SENSEX26SEP74000PE,282.45,295.45,272.65,288.0,299060,16
2026-09-24 14:54:00,SENSEX,CE,74100.0,SENSEX26SEP74100CE,50.05,52.65,43.0,45.65,1115080,16
2026-09-24 14:54:00,SENSEX,PE,74100.0,SENSEX26SEP74100PE,359.35,371.85,350.9,366.75,70820,16
2026-09-24 14:54:00,SENSEX,CE,74200.0,SENSEX26SEP74200CE,35.0,36.45,29.6,31.3,1136340,16
2026-09-24 14:54:00,SENSEX,PE,74200.0,SENSEX26SEP74200PE,440.85,460.85,435.05,451.8,72300,16
2026-09-24 14:54:00,SENSEX,CE,74300.0,SENSEX26SEP74300CE,24.05,25.35,19.95,21.2,956880,16
2026-09-24 14:54:00,SENSEX,PE,74300.0,SENSEX26SEP74300PE,533.75,550.7,524.65,541.3,32040,16
2026-09-24 14:55:00,SENSEX,FUT,0.0,SENSEX26SEPFUT,73800.0,73810.0,73788.15,73805.65,620,17
2026-09-24 14:55:00,SENSEX,SPOT,0.0,SENSEX,73784.96,73809.58,73784.96,73795.14,0,17
2026-09-24 14:55:00,SENSEX,CE,73100.0,SENSEX26SEP73100CE,687.1,720.0,687.1,705.25,3620,17
2026-09-24 14:55:00,SENSEX,PE,73100.0,SENSEX26SEP73100PE,10.45,10.45,8.55,9.2,461260,17
2026-09-24 14:55:00,SENSEX,CE,73200.0,SENSEX26SEP73200CE,594.8,625.0,594.15,613.35,11420,17
2026-09-24 14:55:00,SENSEX,PE,73200.0,SENSEX26SEP73200PE,14.95,14.95,12.25,13.1,817320,17
2026-09-24 14:55:00,SENSEX,CE,73300.0,SENSEX26SEP73300CE,501.25,529.95,501.25,518.05,15380,17
2026-09-24 14:55:00,SENSEX,PE,73300.0,SENSEX26SEP73300PE,21.7,22.25,17.8,19.6,1048720,17
2026-09-24 14:55:00,SENSEX,CE,73400.0,SENSEX26SEP73400CE,416.0,441.4,412.05,430.5,46760,17
2026-09-24 14:55:00,SENSEX,PE,73400.0,SENSEX26SEP73400PE,33.1,33.7,28.1,30.3,1058480,17
2026-09-24 14:55:00,SENSEX,CE,73500.0,SENSEX26SEP73500CE,333.85,359.4,332.2,345.95,174320,17
2026-09-24 14:55:00,SENSEX,PE,73500.0,SENSEX26SEP73500PE,51.15,51.9,43.75,46.85,1284800,17
2026-09-24 14:55:00,SENSEX,CE,73600.0,SENSEX26SEP73600CE,257.95,281.25,253.25,270.75,387840,17
2026-09-24 14:55:00,SENSEX,PE,73600.0,SENSEX26SEP73600PE,76.45,77.4,66.0,70.55,1177680,17
2026-09-24 14:55:00,SENSEX,CE,73700.0,SENSEX26SEP73700CE,193.65,212.45,191.45,203.95,884740,17
2026-09-24 14:55:00,SENSEX,PE,73700.0,SENSEX26SEP73700PE,111.0,112.15,97.45,103.8,1295880,17
2026-09-24 14:55:00,SENSEX,CE,73800.0,SENSEX26SEP73800CE,140.1,156.25,137.8,148.95,1377680,17
2026-09-24 14:55:00,SENSEX,PE,73800.0,SENSEX26SEP73800PE,158.0,158.55,141.75,148.1,823700,17
2026-09-24 14:55:00,SENSEX,CE,73900.0,SENSEX26SEP73900CE,99.7,110.55,96.7,105.3,1208340,17
2026-09-24 14:55:00,SENSEX,PE,73900.0,SENSEX26SEP73900PE,216.8,220.2,195.75,205.1,287340,17
2026-09-24 14:55:00,SENSEX,CE,74000.0,SENSEX26SEP74000CE,68.2,77.35,67.6,72.7,1620620,17
2026-09-24 14:55:00,SENSEX,PE,74000.0,SENSEX26SEP74000PE,285.75,288.7,262.95,273.05,290460,17
2026-09-24 14:55:00,SENSEX,CE,74100.0,SENSEX26SEP74100CE,46.5,53.15,46.2,49.3,958200,17
2026-09-24 14:55:00,SENSEX,PE,74100.0,SENSEX26SEP74100PE,363.2,366.6,340.0,350.1,66200,17
2026-09-24 14:55:00,SENSEX,CE,74200.0,SENSEX26SEP74200CE,31.9,36.4,30.9,33.75,800220,17
2026-09-24 14:55:00,SENSEX,PE,74200.0,SENSEX26SEP74200PE,449.65,452.95,419.9,433.05,50520,17
2026-09-24 14:55:00,SENSEX,CE,74300.0,SENSEX26SEP74300CE,21.7,24.55,21.45,22.9,711920,17
2026-09-24 14:55:00,SENSEX,PE,74300.0,SENSEX26SEP74300PE,538.05,540.6,510.65,522.5,18880,17
2026-09-24 14:56:00,SENSEX,FUT,0.0,SENSEX26SEPFUT,73805.65,73805.65,73805.65,73805.65,100,16
2026-09-24 14:56:00,SENSEX,SPOT,0.0,SENSEX,73795.75,73812.56,73795.75,73806.57,0,16
2026-09-24 14:56:00,SENSEX,CE,73100.0,SENSEX26SEP73100CE,709.65,720.0,698.6,698.6,360,16
2026-09-24 14:56:00,SENSEX,PE,73100.0,SENSEX26SEP73100PE,9.25,9.6,8.85,9.55,189820,16
2026-09-24 14:56:00,SENSEX,CE,73200.0,SENSEX26SEP73200CE,614.0,622.0,599.75,599.75,5780,16
2026-09-24 14:56:00,SENSEX,PE,73200.0,SENSEX26SEP73200PE,13.2,13.85,12.8,13.75,345080,16
2026-09-24 14:56:00,SENSEX,CE,73300.0,SENSEX26SEP73300CE,520.15,527.5,505.35,505.35,8240,16
2026-09-24 14:56:00,SENSEX,PE,73300.0,SENSEX26SEP73300PE,19.6,20.4,18.8,20.15,459100,16
2026-09-24 14:56:00,SENSEX,CE,73400.0,SENSEX26SEP73400CE,429.45,438.0,416.0,420.95,18800,16
2026-09-24 14:56:00,SENSEX,PE,73400.0,SENSEX26SEP73400PE,30.3,31.55,29.1,31.55,479020,16
2026-09-24 14:56:00,SENSEX,CE,73500.0,SENSEX26SEP73500CE,347.15,353.65,333.55,335.35,92000,16
2026-09-24 14:56:00,SENSEX,PE,73500.0,SENSEX26SEP73500PE,47.0,48.8,44.85,48.8,644640,16
2026-09-24 14:56:00,SENSEX,CE,73600.0,SENSEX26SEP73600CE,271.9,277.15,258.1,262.2,226400,16
2026-09-24 14:56:00,SENSEX,PE,73600.0,SENSEX26SEP73600PE,70.4,73.3,67.85,73.0,573960,16
2026-09-24 14:56:00,SENSEX,CE,73700.0,SENSEX26SEP73700CE,205.0,209.1,192.1,194.55,501580,16
2026-09-24 14:56:00,SENSEX,PE,73700.0,SENSEX26SEP73700PE,103.3,107.6,99.95,106.4,722380,16
2026-09-24 14:56:00,SENSEX,CE,73800.0,SENSEX26SEP73800CE,149.5,152.45,138.3,140.95,894880,16
2026-09-24 14:56:00,SENSEX,PE,73800.0,SENSEX26SEP73800PE,147.6,153.05,143.4,151.55,589820,16
2026-09-24 14:56:00,SENSEX,CE,73900.0,SENSEX26SEP73900CE,106.3,109.0,97.4,98.75,839300,16
2026-09-24 14:56:00,SENSEX,PE,73900.0,SENSEX26SEP73900PE,204.95,212.75,199.35,209.95,201800,16
2026-09-24 14:56:00,SENSEX,CE,74000.0,SENSEX26SEP74000CE,72.65,75.0,66.6,68.35,1177160,16
2026-09-24 14:56:00,SENSEX,PE,74000.0,SENSEX26SEP74000PE,272.65,281.3,266.45,280.9,197480,16
2026-09-24 14:56:00,SENSEX,CE,74100.0,SENSEX26SEP74100CE,49.5,51.0,44.45,45.4,669820,16
2026-09-24 14:56:00,SENSEX,PE,74100.0,SENSEX26SEP74100PE,349.3,359.2,341.6,358.3,28560,16
2026-09-24 14:56:00,SENSEX,CE,74200.0,SENSEX26SEP74200CE,34.0,34.85,30.4,31.0,631460,16
2026-09-24 14:56:00,SENSEX,PE,74200.0,SENSEX26SEP74200PE,433.45,444.65,423.65,442.35,31980,16
2026-09-24 14:56:00,SENSEX,CE,74300.0,SENSEX26SEP74300CE,23.2,23.65,20.55,20.9,631340,16
2026-09-24 14:56:00,SENSEX,PE,74300.0,SENSEX26SEP74300PE,522.5,536.6,514.95,533.2,16120,16
2026-09-24 14:57:00,SENSEX,FUT,0.0,SENSEX26SEPFUT,73805.65,73805.65,73760.0,73762.75,120,17
2026-09-24 14:57:00,SENSEX,SPOT,0.0,SENSEX,73805.51,73807.29,73773.82,73783.13,0,17
2026-09-24 14:57:00,SENSEX,CE,73100.0,SENSEX26SEP73100CE,697.1,697.1,664.65,672.3,1500,17
2026-09-24 14:57:00,SENSEX,PE,73100.0,SENSEX26SEP73100PE,9.55,11.65,9.55,10.4,550200,17
2026-09-24 14:57:00,SENSEX,CE,73200.0,SENSEX26SEP73200CE,600.6,600.6,571.15,588.2,7780,17
2026-09-24 14:57:00,SENSEX,PE,73200.0,SENSEX26SEP73200PE,13.75,16.65,13.75,14.85,890960,17
2026-09-24 14:57:00,SENSEX,CE,73300.0,SENSEX26SEP73300CE,507.9,507.9,478.6,492.05,22200,17
2026-09-24 14:57:00,SENSEX,PE,73300.0,SENSEX26SEP73300PE,20.4,24.6,20.4,22.2,1032720,17
2026-09-24 14:57:00,SENSEX,CE,73400.0,SENSEX26SEP73400CE,412.0,412.0,391.4,406.65,47260,17
2026-09-24 14:57:00,SENSEX,PE,73400.0,SENSEX26SEP73400PE,32.05,37.65,32.05,34.2,1150240,17
2026-09-24 14:57:00,SENSEX,CE,73500.0,SENSEX26SEP73500CE,330.1,331.55,310.2,322.25,164580,17
2026-09-24 14:57:00,SENSEX,PE,73500.0,SENSEX26SEP73500PE,49.7,57.35,49.4,52.45,1649380,17
2026-09-24 14:57:00,SENSEX,CE,73600.0,SENSEX26SEP73600CE,255.9,255.9,236.8,247.35,313660,17
2026-09-24 14:57:00,SENSEX,PE,73600.0,SENSEX26SEP73600PE,73.15,84.45,73.15,77.95,1308520,17
2026-09-24 14:57:00,SENSEX,CE,73700.0,SENSEX26SEP73700CE,193.35,193.35,173.55,185.4,809340,17
2026-09-24 14:57:00,SENSEX,PE,73700.0,SENSEX26SEP73700PE,107.4,121.3,107.4,111.35,1646040,17
2026-09-24 14:57:00,SENSEX,CE,73800.0,SENSEX26SEP73800CE,136.9,136.9,123.9,130.35,1547880,17
2026-09-24 14:57:00,SENSEX,PE,73800.0,SENSEX26SEP73800PE,152.9,169.3,152.9,158.4,1080040,17
2026-09-24 14:57:00,SENSEX,CE,73900.0,SENSEX26SEP73900CE,95.75,96.75,85.1,90.55,1426780,17
2026-09-24 14:57:00,SENSEX,PE,73900.0,SENSEX26SEP73900PE,211.85,231.5,211.85,219.75,397580,17
2026-09-24 14:57:00,SENSEX,CE,74000.0,SENSEX26SEP74000CE,65.6,65.6,56.95,62.2,2303320,17
2026-09-24 14:57:00,SENSEX,PE,74000.0,SENSEX26SEP74000PE,284.2,303.4,283.45,291.15,336940,17
2026-09-24 14:57:00,SENSEX,CE,74100.0,SENSEX26SEP74100CE,43.45,44.1,37.05,40.4,1243840,17
2026-09-24 14:57:00,SENSEX,PE,74100.0,SENSEX26SEP74100PE,363.0,384.45,360.2,370.7,60320,17
2026-09-24 14:57:00,SENSEX,CE,74200.0,SENSEX26SEP74200CE,29.75,29.75,24.95,27.1,1403980,17
2026-09-24 14:57:00,SENSEX,PE,74200.0,SENSEX26SEP74200PE,447.05,470.6,447.05,455.3,64440,17
2026-09-24 14:57:00,SENSEX,CE,74300.0,SENSEX26SEP74300CE,20.55,20.55,16.5,18.45,1105480,17
2026-09-24 14:57:00,SENSEX,PE,74300.0,SENSEX26SEP74300PE,534.7,564.55,534.7,549.45,49880,17
2026-09-24 14:59:00,SENSEX,FUT,0.0,SENSEX26SEPFUT,73770.8,73770.8,73762.75,73762.75,20,17
2026-09-24 14:59:00,SENSEX,SPOT,0.0,SENSEX,73784.21,73786.05,73750.49,73751.37,0,17
2026-09-24 14:59:00,SENSEX,CE,73100.0,SENSEX26SEP73100CE,678.6,678.6,634.8,641.6,1320,17
2026-09-24 14:59:00,SENSEX,PE,73100.0,SENSEX26SEP73100PE,10.4,13.2,10.25,12.7,618840,17
2026-09-24 14:59:00,SENSEX,CE,73200.0,SENSEX26SEP73200CE,584.05,584.05,537.35,547.25,11340,17
2026-09-24 14:59:00,SENSEX,PE,73200.0,SENSEX26SEP73200PE,14.75,18.65,14.65,17.95,654700,17
2026-09-24 14:59:00,SENSEX,CE,73300.0,SENSEX26SEP73300CE,488.9,491.0,448.35,458.0,9580,17
2026-09-24 14:59:00,SENSEX,PE,73300.0,SENSEX26SEP73300PE,21.65,26.9,21.45,26.15,991900,17
2026-09-24 14:59:00,SENSEX,CE,73400.0,SENSEX26SEP73400CE,400.1,400.7,365.95,374.85,25000,17
2026-09-24 14:59:00,SENSEX,PE,73400.0,SENSEX26SEP73400PE,33.3,41.35,33.25,39.65,893700,17
2026-09-24 14:59:00,SENSEX,CE,73500.0,SENSEX26SEP73500CE,321.75,321.75,285.6,294.9,131340,17
2026-09-24 14:59:00,SENSEX,PE,73500.0,SENSEX26SEP73500PE,51.25,61.9,51.15,59.45,1484580,17
2026-09-24 14:59:00,SENSEX,CE,73600.0,SENSEX26SEP73600CE,243.3,246.4,213.8,225.85,236120,17
2026-09-24 14:59:00,SENSEX,PE,73600.0,SENSEX26SEP73600PE,76.4,91.85,75.45,84.95,1138820,17
2026-09-24 14:59:00,SENSEX,CE,73700.0,SENSEX26SEP73700CE,179.7,182.3,154.9,161.0,648920,17
2026-09-24 14:59:00,SENSEX,PE,73700.0,SENSEX26SEP73700PE,110.7,131.65,110.7,123.7,1311980,17
2026-09-24 14:59:00,SENSEX,CE,73800.0,SENSEX26SEP73800CE,127.2,129.8,106.3,114.6,1166960,17
2026-09-24 14:59:00,SENSEX,PE,73800.0,SENSEX26SEP73800PE,158.0,184.5,158.0,174.3,1001860,17
2026-09-24 14:59:00,SENSEX,CE,73900.0,SENSEX26SEP73900CE,87.85,89.7,71.65,78.4,1066720,17
2026-09-24 14:59:00,SENSEX,PE,73900.0,SENSEX26SEP73900PE,219.5,251.85,217.8,240.35,277380,17
2026-09-24 14:59:00,SENSEX,CE,74000.0,SENSEX26SEP74000CE,59.9,60.05,49.0,51.6,1561240,17
2026-09-24 14:59:00,SENSEX,PE,74000.0,SENSEX26SEP74000PE,290.9,326.5,290.3,316.7,283020,17
2026-09-24 14:59:00,SENSEX,CE,74100.0,SENSEX26SEP74100CE,39.65,39.65,31.3,33.65,774000,17
2026-09-24 14:59:00,SENSEX,PE,74100.0,SENSEX26SEP74100PE,369.75,406.2,368.65,398.05,56580,17
2026-09-24 14:59:00,SENSEX,CE,74200.0,SENSEX26SEP74200CE,26.1,26.6,20.55,23.05,964520,17
2026-09-24 14:59:00,SENSEX,PE,74200.0,SENSEX26SEP74200PE,458.8,498.35,456.1,481.65,48660,17
2026-09-24 14:59:00,SENSEX,CE,74300.0,SENSEX26SEP74300CE,17.6,18.1,14.05,15.3,877040,17
2026-09-24 14:59:00,SENSEX,PE,74300.0,SENSEX26SEP74300PE,547.8,592.4,547.8,576.65,32560,17
2026-09-24 15:00:00,SENSEX,FUT,0.0,SENSEX26SEPFUT,73762.75,73762.75,73762.75,73762.75,0,16
2026-09-24 15:00:00,SENSEX,SPOT,0.0,SENSEX,73764.69,73764.69,73750.66,73762.55,0,16
2026-09-24 15:00:00,SENSEX,CE,73100.0,SENSEX26SEP73100CE,632.45,652.65,632.45,644.75,1020,16
2026-09-24 15:00:00,SENSEX,PE,73100.0,SENSEX26SEP73100PE,12.7,12.7,10.5,11.55,743820,16
2026-09-24 15:00:00,SENSEX,CE,73200.0,SENSEX26SEP73200CE,541.45,565.7,541.45,548.2,4880,16
2026-09-24 15:00:00,SENSEX,PE,73200.0,SENSEX26SEP73200PE,18.05,18.05,14.95,15.85,631100,16
2026-09-24 15:00:00,SENSEX,CE,73300.0,SENSEX26SEP73300CE,453.2,474.75,453.2,457.3,10440,16
2026-09-24 15:00:00,SENSEX,PE,73300.0,SENSEX26SEP73300PE,26.4,26.4,22.1,24.2,1078180,16
2026-09-24 15:00:00,SENSEX,CE,73400.0,SENSEX26SEP73400CE,369.95,382.0,368.3,368.3,26980,16
2026-09-24 15:00:00,SENSEX,PE,73400.0,SENSEX26SEP73400PE,39.9,39.9,34.35,37.2,907760,16
2026-09-24 15:00:00,SENSEX,CE,73500.0,SENSEX26SEP73500CE,293.45,301.5,288.0,288.0,112060,16
2026-09-24 15:00:00,SENSEX,PE,73500.0,SENSEX26SEP73500PE,59.85,59.85,52.85,57.25,1372460,16
2026-09-24 15:00:00,SENSEX,CE,73600.0,SENSEX26SEP73600CE,220.7,228.75,216.05,216.05,168360,16
2026-09-24 15:00:00,SENSEX,PE,73600.0,SENSEX26SEP73600PE,87.9,88.1,79.7,85.8,1096520,16
2026-09-24 15:00:00,SENSEX,CE,73700.0,SENSEX26SEP73700CE,159.2,166.0,157.15,157.15,460780,16
2026-09-24 15:00:00,SENSEX,PE,73700.0,SENSEX26SEP73700PE,127.85,127.85,117.75,125.7,979080,16
2026-09-24 15:00:00,SENSEX,CE,73800.0,SENSEX26SEP73800CE,111.7,116.8,109.35,109.35,873280,16
2026-09-24 15:00:00,SENSEX,PE,73800.0,SENSEX26SEP73800PE,180.35,181.0,168.3,177.05,790180,16
2026-09-24 15:00:00,SENSEX,CE,73900.0,SENSEX26SEP73900CE,76.4,79.9,73.95,73.95,762620,16
2026-09-24 15:00:00,SENSEX,PE,73900.0,SENSEX26SEP73900PE,245.05,245.05,230.1,241.45,241920,16
2026-09-24 15:00:00,SENSEX,CE,74000.0,SENSEX26SEP74000CE,50.1,53.0,49.15,49.15,998600,16
2026-09-24 15:00:00,SENSEX,PE,74000.0,SENSEX26SEP74000PE,320.0,320.0,303.2,316.3,200820,16
2026-09-24 15:00:00,SENSEX,CE,74100.0,SENSEX26SEP74100CE,32.85,34.9,32.05,32.05,618480,16
2026-09-24 15:00:00,SENSEX,PE,74100.0,SENSEX26SEP74100PE,398.3,399.55,384.25,398.95,52200,16
2026-09-24 15:00:00,SENSEX,CE,74200.0,SENSEX26SEP74200CE,22.15,23.35,21.35,21.35,680980,16
2026-09-24 15:00:00,SENSEX,PE,74200.0,SENSEX26SEP74200PE,488.5,488.6,473.55,487.95,48320,16
2026-09-24 15:00:00,SENSEX,CE,74300.0,SENSEX26SEP74300CE,14.85,15.8,14.6,14.6,548120,16
2026-09-24 15:00:00,SENSEX,PE,74300.0,SENSEX26SEP74300PE,584.45,584.45,564.9,582.15,21040,16
2026-09-24 15:01:00,SENSEX,FUT,0.0,SENSEX26SEPFUT,73762.75,73762.75,73706.7,73750.0,100,17
2026-09-24 15:01:00,SENSEX,SPOT,0.0,SENSEX,73755.66,73778.28,73733.61,73762.53,0,17
2026-09-24 15:01:00,SENSEX,CE,73100.0,SENSEX26SEP73100CE,633.2,654.75,617.25,651.55,2780,17
2026-09-24 15:01:00,SENSEX,PE,73100.0,SENSEX26SEP73100PE,11.95,12.6,9.6,9.75,938580,17
2026-09-24 15:01:00,SENSEX,CE,73200.0,SENSEX26SEP73200CE,530.75,563.6,522.95,559.35,26560,17
2026-09-24 15:01:00,SENSEX,PE,73200.0,SENSEX26SEP73200PE,17.3,17.9,14.0,14.0,1038140,17
2026-09-24 15:01:00,SENSEX,CE,73300.0,SENSEX26SEP73300CE,436.5,469.25,428.85,464.6,18380,17
2026-09-24 15:01:00,SENSEX,PE,73300.0,SENSEX26SEP73300PE,25.55,26.7,20.65,20.65,1433960,17
2026-09-24 15:01:00,SENSEX,CE,73400.0,SENSEX26SEP73400CE,355.55,379.6,344.2,377.7,47560,17
2026-09-24 15:01:00,SENSEX,PE,73400.0,SENSEX26SEP73400PE,39.65,41.25,32.45,33.0,1391980,17
2026-09-24 15:01:00,SENSEX,CE,73500.0,SENSEX26SEP73500CE,276.3,299.4,267.3,296.15,247800,17
2026-09-24 15:01:00,SENSEX,PE,73500.0,SENSEX26SEP73500PE,63.35,63.4,50.95,50.95,2071480,17
2026-09-24 15:01:00,SENSEX,CE,73600.0,SENSEX26SEP73600CE,203.75,225.7,197.4,221.75,363660,17
2026-09-24 15:01:00,SENSEX,PE,73600.0,SENSEX26SEP73600PE,90.85,93.45,77.55,77.8,1749620,17
2026-09-24 15:01:00,SENSEX,CE,73700.0,SENSEX26SEP73700CE,146.15,163.35,141.4,160.45,1025320,17
2026-09-24 15:01:00,SENSEX,PE,73700.0,SENSEX26SEP73700PE,133.7,135.8,114.8,116.55,1708340,17
2026-09-24 15:01:00,SENSEX,CE,73800.0,SENSEX26SEP73800CE,100.75,113.95,95.55,111.65,1833960,17
2026-09-24 15:01:00,SENSEX,PE,73800.0,SENSEX26SEP73800PE,187.6,191.15,165.1,166.55,1134140,17
2026-09-24 15:01:00,SENSEX,CE,73900.0,SENSEX26SEP73900CE,65.4,76.7,63.25,74.7,1468120,17
2026-09-24 15:01:00,SENSEX,PE,73900.0,SENSEX26SEP73900PE,251.6,257.7,228.15,228.15,347300,17
2026-09-24 15:01:00,SENSEX,CE,74000.0,SENSEX26SEP74000CE,44.4,50.65,41.3,49.1,2174040,17
2026-09-24 15:01:00,SENSEX,PE,74000.0,SENSEX26SEP74000PE,329.1,336.25,301.85,304.4,313480,17
2026-09-24 15:01:00,SENSEX,CE,74100.0,SENSEX26SEP74100CE,28.7,32.55,26.75,31.35,1356920,17
2026-09-24 15:01:00,SENSEX,PE,74100.0,SENSEX26SEP74100PE,418.85,421.95,384.6,386.2,70220,17
2026-09-24 15:01:00,SENSEX,CE,74200.0,SENSEX26SEP74200CE,18.85,21.95,17.6,21.15,1432260,17
2026-09-24 15:01:00,SENSEX,PE,74200.0,SENSEX26SEP74200PE,501.6,510.55,470.8,475.85,103620,17
2026-09-24 15:01:00,SENSEX,CE,74300.0,SENSEX26SEP74300CE,12.85,14.6,11.95,14.0,1218060,17
2026-09-24 15:01:00,SENSEX,PE,74300.0,SENSEX26SEP74300PE,600.85,607.05,565.55,567.95,36020,17
2026-09-24 15:02:00,SENSEX,FUT,0.0,SENSEX26SEPFUT,73750.0,73790.0,73735.15,73785.45,280,16
2026-09-24 15:02:00,SENSEX,SPOT,0.0,SENSEX,73764.38,73790.83,73753.07,73788.1,0,16
2026-09-24 15:02:00,SENSEX,CE,73100.0,SENSEX26SEP73100CE,656.0,695.2,647.35,694.6,1780,16
2026-09-24 15:02:00,SENSEX,PE,73100.0,SENSEX26SEP73100PE,9.7,10.0,6.7,6.7,967660,16
2026-09-24 15:02:00,SENSEX,CE,73200.0,SENSEX26SEP73200CE,558.95,602.95,552.55,602.95,8520,16
2026-09-24 15:02:00,SENSEX,PE,73200.0,SENSEX26SEP73200PE,13.9,14.4,9.4,9.45,1410860,16
2026-09-24 15:02:00,SENSEX,CE,73300.0,SENSEX26SEP73300CE,465.05,505.1,459.8,505.1,17320,16
2026-09-24 15:02:00,SENSEX,PE,73300.0,SENSEX26SEP73300PE,21.0,21.6,14.25,14.35,1738920,16
2026-09-24 15:02:00,SENSEX,CE,73400.0,SENSEX26SEP73400CE,373.9,412.5,373.05,411.4,29000,16
2026-09-24 15:02:00,SENSEX,PE,73400.0,SENSEX26SEP73400PE,33.05,34.0,23.05,23.05,1744120,16
2026-09-24 15:02:00,SENSEX,CE,73500.0,SENSEX26SEP73500CE,294.0,327.85,291.3,326.15,164120,16
2026-09-24 15:02:00,SENSEX,PE,73500.0,SENSEX26SEP73500PE,51.7,53.05,37.5,37.75,2384320,16
2026-09-24 15:02:00,SENSEX,CE,73600.0,SENSEX26SEP73600CE,219.95,248.05,218.45,246.9,259300,16
2026-09-24 15:02:00,SENSEX,PE,73600.0,SENSEX26SEP73600PE,79.7,80.75,58.9,59.8,1851260,16
2026-09-24 15:02:00,SENSEX,CE,73700.0,SENSEX26SEP73700CE,159.25,180.45,157.85,180.45,705920,16
2026-09-24 15:02:00,SENSEX,PE,73700.0,SENSEX26SEP73700PE,117.0,119.25,92.75,93.3,1926020,16
2026-09-24 15:02:00,SENSEX,CE,73800.0,SENSEX26SEP73800CE,110.05,127.75,109.35,127.15,1341100,16
2026-09-24 15:02:00,SENSEX,PE,73800.0,SENSEX26SEP73800PE,167.55,170.15,137.0,139.2,1164860,16
2026-09-24 15:02:00,SENSEX,CE,73900.0,SENSEX26SEP73900CE,71.9,86.4,71.9,86.4,895080,16
2026-09-24 15:02:00,SENSEX,PE,73900.0,SENSEX26SEP73900PE,232.85,234.6,196.3,196.3,315480,16
2026-09-24 15:02:00,SENSEX,CE,74000.0,SENSEX26SEP74000CE,48.0,57.1,47.5,56.95,1518660,16
2026-09-24 15:02:00,SENSEX,PE,74000.0,SENSEX26SEP74000PE,305.6,309.5,267.7,267.7,261420,16
2026-09-24 15:02:00,SENSEX,CE,74100.0,SENSEX26SEP74100CE,31.1,37.0,30.5,37.0,833400,16
2026-09-24 15:02:00,SENSEX,PE,74100.0,SENSEX26SEP74100PE,386.75,392.35,346.5,347.25,62920,16
2026-09-24 15:02:00,SENSEX,CE,74200.0,SENSEX26SEP74200CE,20.45,24.2,20.1,24.2,785780,16
2026-09-24 15:02:00,SENSEX,PE,74200.0,SENSEX26SEP74200PE,480.2,482.0,433.35,436.05,65900,16
2026-09-24 15:02:00,SENSEX,CE,74300.0,SENSEX26SEP74300CE,13.8,16.25,13.6,16.25,845280,16
2026-09-24 15:02:00,SENSEX,PE,74300.0,SENSEX26SEP74300PE,569.4,573.9,525.45,525.45,30200,16
2026-09-24 15:03:00,SENSEX,FUT,0.0,SENSEX26SEPFUT,73785.45,73785.45,73771.1,73771.1,40,17
2026-09-24 15:03:00,SENSEX,SPOT,0.0,SENSEX,73790.9,73790.9,73757.21,73761.65,0,17
2026-09-24 15:03:00,SENSEX,CE,73100.0,SENSEX26SEP73100CE,694.6,694.6,660.3,660.3,760,17
2026-09-24 15:03:00,SENSEX,PE,73100.0,SENSEX26SEP73100PE,6.85,7.75,6.75,7.75,520120,17
2026-09-24 15:03:00,SENSEX,CE,73200.0,SENSEX26SEP73200CE,591.2,592.15,568.9,568.9,5840,17
2026-09-24 15:03:00,SENSEX,PE,73200.0,SENSEX26SEP73200PE,9.7,10.95,9.7,10.95,958260,17
2026-09-24 15:03:00,SENSEX,CE,73300.0,SENSEX26SEP73300CE,496.1,496.35,470.8,470.8,22940,17
2026-09-24 15:03:00,SENSEX,PE,73300.0,SENSEX26SEP73300PE,14.7,16.35,14.7,16.35,874060,17
2026-09-24 15:03:00,SENSEX,CE,73400.0,SENSEX26SEP73400CE,404.0,407.9,380.45,380.45,25600,17
2026-09-24 15:03:00,SENSEX,PE,73400.0,SENSEX26SEP73400PE,23.95,26.35,23.95,26.35,998260,17
2026-09-24 15:03:00,SENSEX,CE,73500.0,SENSEX26SEP73500CE,319.75,323.9,298.75,299.2,150500,17
2026-09-24 15:03:00,SENSEX,PE,73500.0,SENSEX26SEP73500PE,38.7,42.75,38.7,42.75,1373660,17
2026-09-24 15:03:00,SENSEX,CE,73600.0,SENSEX26SEP73600CE,243.1,245.3,223.8,224.95,223380,17
2026-09-24 15:03:00,SENSEX,PE,73600.0,SENSEX26SEP73600PE,61.45,66.6,60.6,66.6,1086380,17
2026-09-24 15:03:00,SENSEX,CE,73700.0,SENSEX26SEP73700CE,176.75,178.35,159.1,159.1,674960,17
2026-09-24 15:03:00,SENSEX,PE,73700.0,SENSEX26SEP73700PE,95.05,102.9,94.85,102.75,1338360,17
2026-09-24 15:03:00,SENSEX,CE,73800.0,SENSEX26SEP73800CE,123.3,123.8,108.3,108.3,1340960,17
2026-09-24 15:03:00,SENSEX,PE,73800.0,SENSEX26SEP73800PE,141.5,151.0,141.25,150.3,840460,17
2026-09-24 15:03:00,SENSEX,CE,73900.0,SENSEX26SEP73900CE,83.25,84.45,71.0,71.0,1226660,17
2026-09-24 15:03:00,SENSEX,PE,73900.0,SENSEX26SEP73900PE,201.1,214.95,200.5,213.2,268220,17
2026-09-24 15:03:00,SENSEX,CE,74000.0,SENSEX26SEP74000CE,54.7,55.8,44.7,44.7,1851780,17
2026-09-24 15:03:00,SENSEX,PE,74000.0,SENSEX26SEP74000PE,273.25,288.1,272.5,288.05,180860,17
2026-09-24 15:03:00,SENSEX,CE,74100.0,SENSEX26SEP74100CE,35.3,36.3,28.25,28.25,963280,17
2026-09-24 15:03:00,SENSEX,PE,74100.0,SENSEX26SEP74100PE,354.3,372.4,353.95,372.4,53300,17
2026-09-24 15:03:00,SENSEX,CE,74200.0,SENSEX26SEP74200CE,23.45,23.5,18.3,18.35,1103880,17
2026-09-24 15:03:00,SENSEX,PE,74200.0,SENSEX26SEP74200PE,442.3,461.75,437.45,460.55,45440,17
2026-09-24 15:03:00,SENSEX,CE,74300.0,SENSEX26SEP74300CE,15.75,15.8,12.0,12.0,966080,17
2026-09-24 15:03:00,SENSEX,PE,74300.0,SENSEX26SEP74300PE,536.0,556.1,534.2,556.1,21400,17
2026-09-24 15:04:00,SENSEX,FUT,0.0,SENSEX26SEPFUT,73771.1,73792.1,73766.1,73776.55,520,16
2026-09-24 15:04:00,SENSEX,SPOT,0.0,SENSEX,73760.61,73783.77,73758.69,73768.94,0,16
2026-09-24 15:04:00,SENSEX,CE,73100.0,SENSEX26SEP73100CE,660.3,703.0,660.3,687.6,1780,16
2026-09-24 15:04:00,SENSEX,PE,73100.0,SENSEX26SEP73100PE,7.7,7.7,6.0,6.5,760200,16
2026-09-24 15:04:00,SENSEX,CE,73200.0,SENSEX26SEP73200CE,569.7,600.05,569.7,590.0,8300,16
2026-09-24 15:04:00,SENSEX,PE,73200.0,SENSEX26SEP73200PE,10.85,10.85,8.2,8.9,908580,16
2026-09-24 15:04:00,SENSEX,CE,73300.0,SENSEX26SEP73300CE,473.2,504.7,473.2,492.75,9520,16
2026-09-24 15:04:00,SENSEX,PE,73300.0,SENSEX26SEP73300PE,16.35,16.35,12.3,13.2,1181920,16
2026-09-24 15:04:00,SENSEX,CE,73400.0,SENSEX26SEP73400CE,381.8,415.0,381.8,399.0,23180,16
2026-09-24 15:04:00,SENSEX,PE,73400.0,SENSEX26SEP73400PE,26.1,26.1,19.7,21.35,1355040,16
2026-09-24 15:04:00,SENSEX,CE,73500.0,SENSEX26SEP73500CE,299.85,326.6,299.85,313.0,125060,16
2026-09-24 15:04:00,SENSEX,PE,73500.0,SENSEX26SEP73500PE,42.5,42.5,33.2,35.25,1657020,16
2026-09-24 15:04:00,SENSEX,CE,73600.0,SENSEX26SEP73600CE,224.4,247.1,224.4,234.4,204400,16
2026-09-24 15:04:00,SENSEX,PE,73600.0,SENSEX26SEP73600PE,66.45,66.45,53.4,57.15,1313440,16
2026-09-24 15:04:00,SENSEX,CE,73700.0,SENSEX26SEP73700CE,160.05,180.3,159.8,166.5,538540,16
2026-09-24 15:04:00,SENSEX,PE,73700.0,SENSEX26SEP73700PE,102.85,102.85,85.65,90.4,1569780,16
2026-09-24 15:04:00,SENSEX,CE,73800.0,SENSEX26SEP73800CE,109.55,124.55,109.1,114.45,1030960,16
2026-09-24 15:04:00,SENSEX,PE,73800.0,SENSEX26SEP73800PE,151.1,151.1,129.75,136.95,931260,16
2026-09-24 15:04:00,SENSEX,CE,73900.0,SENSEX26SEP73900CE,72.0,82.85,72.0,74.95,927140,16
2026-09-24 15:04:00,SENSEX,PE,73900.0,SENSEX26SEP73900PE,214.15,214.15,187.8,196.75,291000,16
2026-09-24 15:04:00,SENSEX,CE,74000.0,SENSEX26SEP74000CE,45.6,53.3,45.5,47.25,1323740,16
2026-09-24 15:04:00,SENSEX,PE,74000.0,SENSEX26SEP74000PE,288.3,288.3,257.35,270.7,220100,16
2026-09-24 15:04:00,SENSEX,CE,74100.0,SENSEX26SEP74100CE,28.6,33.5,28.6,29.5,694360,16
2026-09-24 15:04:00,SENSEX,PE,74100.0,SENSEX26SEP74100PE,371.55,371.55,339.5,350.95,55420,16
2026-09-24 15:04:00,SENSEX,CE,74200.0,SENSEX26SEP74200CE,18.35,21.75,18.35,19.05,791580,16
2026-09-24 15:04:00,SENSEX,PE,74200.0,SENSEX26SEP74200PE,461.2,461.2,427.05,441.85,41100,16
2026-09-24 15:04:00,SENSEX,CE,74300.0,SENSEX26SEP74300CE,12.25,14.55,12.15,12.45,617980,16
2026-09-24 15:04:00,SENSEX,PE,74300.0,SENSEX26SEP74300PE,554.9,554.9,518.85,537.35,28360,16
2026-09-24 15:05:00,SENSEX,FUT,0.0,SENSEX26SEPFUT,73776.55,73776.55,73735.0,73735.0,100,16
2026-09-24 15:05:00,SENSEX,SPOT,0.0,SENSEX,73765.96,73787.12,73763.53,73765.7,0,16
2026-09-24 15:05:00,SENSEX,CE,73100.0,SENSEX26SEP73100CE,682.7,682.7,644.2,646.8,1340,16
2026-09-24 15:05:00,SENSEX,PE,73100.0,SENSEX26SEP73100PE,6.7,8.25,6.7,7.95,691860,16
2026-09-24 15:05:00,SENSEX,CE,73200.0,SENSEX26SEP73200CE,590.0,590.0,544.0,552.6,16160,16
2026-09-24 15:05:00,SENSEX,PE,73200.0,SENSEX26SEP73200PE,9.15,11.75,9.15,11.05,668280,16
2026-09-24 15:05:00,SENSEX,CE,73300.0,SENSEX26SEP73300CE,488.3,488.3,451.5,457.95,14360,16
2026-09-24 15:05:00,SENSEX,PE,73300.0,SENSEX26SEP73300PE,13.9,17.35,13.9,16.5,1001660,16
2026-09-24 15:05:00,SENSEX,CE,73400.0,SENSEX26SEP73400CE,395.55,395.55,358.7,366.8,25500,16
2026-09-24 15:05:00,SENSEX,PE,73400.0,SENSEX26SEP73400PE,21.9,27.3,21.9,26.3,1078840,16
2026-09-24 15:05:00,SENSEX,CE,73500.0,SENSEX26SEP73500CE,309.45,309.45,276.05,282.3,158340,16
2026-09-24 15:05:00,SENSEX,PE,73500.0,SENSEX26SEP73500PE,37.35,45.15,37.05,42.8,1659160,16
2026-09-24 15:05:00,SENSEX,CE,73600.0,SENSEX26SEP73600CE,232.75,232.75,199.9,207.2,277480,16
2026-09-24 15:05:00,SENSEX,PE,73600.0,SENSEX26SEP73600PE,59.5,71.15,59.35,68.3,1223720,16
2026-09-24 15:05:00,SENSEX,CE,73700.0,SENSEX26SEP73700CE,166.65,166.65,138.15,145.65,840540,16
2026-09-24 15:05:00,SENSEX,PE,73700.0,SENSEX26SEP73700PE,93.55,107.3,93.15,104.85,1486040,16
2026-09-24 15:05:00,SENSEX,CE,73800.0,SENSEX26SEP73800CE,113.65,113.65,90.6,96.1,1679040,16
2026-09-24 15:05:00,SENSEX,PE,73800.0,SENSEX26SEP73800PE,141.05,161.5,140.85,156.15,871080,16
2026-09-24 15:05:00,SENSEX,CE,73900.0,SENSEX26SEP73900CE,74.2,74.2,57.5,60.8,1482460,16
2026-09-24 15:05:00,SENSEX,PE,73900.0,SENSEX26SEP73900PE,200.55,226.6,200.55,220.2,305040,16
2026-09-24 15:05:00,SENSEX,CE,74000.0,SENSEX26SEP74000CE,46.75,46.75,34.7,37.0,2370640,16
2026-09-24 15:05:00,SENSEX,PE,74000.0,SENSEX26SEP74000PE,273.25,301.8,273.25,297.4,190820,16
2026-09-24 15:05:00,SENSEX,CE,74100.0,SENSEX26SEP74100CE,29.3,29.3,20.6,22.15,1380200,16
2026-09-24 15:05:00,SENSEX,PE,74100.0,SENSEX26SEP74100PE,357.5,391.3,355.7,381.85,60200,16
2026-09-24 15:05:00,SENSEX,CE,74200.0,SENSEX26SEP74200CE,19.0,19.0,13.1,14.1,1575460,16
2026-09-24 15:05:00,SENSEX,PE,74200.0,SENSEX26SEP74200PE,445.2,482.65,445.2,474.1,48520,16
2026-09-24 15:05:00,SENSEX,CE,74300.0,SENSEX26SEP74300CE,12.7,12.7,8.65,9.45,1526260,16
2026-09-24 15:05:00,SENSEX,PE,74300.0,SENSEX26SEP74300PE,540.0,577.8,539.8,568.0,28220,16
2026-09-24 15:06:00,SENSEX,FUT,0.0,SENSEX26SEPFUT,73739.2,73739.2,73739.2,73739.2,0,1
2026-09-24 15:06:00,SENSEX,SPOT,0.0,SENSEX,73766.27,73766.27,73766.27,73766.27,0,1
2026-09-24 15:06:00,SENSEX,CE,73100.0,SENSEX26SEP73100CE,647.0,647.0,647.0,647.0,0,1
2026-09-24 15:06:00,SENSEX,PE,73100.0,SENSEX26SEP73100PE,8.0,8.0,8.0,8.0,0,1
2026-09-24 15:06:00,SENSEX,CE,73200.0,SENSEX26SEP73200CE,545.3,545.3,545.3,545.3,0,1
2026-09-24 15:06:00,SENSEX,PE,73200.0,SENSEX26SEP73200PE,11.0,11.0,11.0,11.0,0,1
2026-09-24 15:06:00,SENSEX,CE,73300.0,SENSEX26SEP73300CE,453.35,453.35,453.35,453.35,0,1
2026-09-24 15:06:00,SENSEX,PE,73300.0,SENSEX26SEP73300PE,15.85,15.85,15.85,15.85,0,1
2026-09-24 15:06:00,SENSEX,CE,73400.0,SENSEX26SEP73400CE,363.1,363.1,363.1,363.1,0,1
2026-09-24 15:06:00,SENSEX,PE,73400.0,SENSEX26SEP73400PE,26.15,26.15,26.15,26.15,0,1
2026-09-24 15:06:00,SENSEX,CE,73500.0,SENSEX26SEP73500CE,279.7,279.7,279.7,279.7,0,1
2026-09-24 15:06:00,SENSEX,PE,73500.0,SENSEX26SEP73500PE,42.6,42.6,42.6,42.6,0,1
2026-09-24 15:06:00,SENSEX,CE,73600.0,SENSEX26SEP73600CE,204.85,204.85,204.85,204.85,0,1
2026-09-24 15:06:00,SENSEX,PE,73600.0,SENSEX26SEP73600PE,67.4,67.4,67.4,67.4,0,1
2026-09-24 15:06:00,SENSEX,CE,73700.0,SENSEX26SEP73700CE,142.15,142.15,142.15,142.15,0,1
2026-09-24 15:06:00,SENSEX,PE,73700.0,SENSEX26SEP73700PE,104.3,104.3,104.3,104.3,0,1
2026-09-24 15:06:00,SENSEX,CE,73800.0,SENSEX26SEP73800CE,92.65,92.65,92.65,92.65,0,1
2026-09-24 15:06:00,SENSEX,PE,73800.0,SENSEX26SEP73800PE,155.35,155.35,155.35,155.35,0,1
2026-09-24 15:06:00,SENSEX,CE,73900.0,SENSEX26SEP73900CE,57.3,57.3,57.3,57.3,0,1
2026-09-24 15:06:00,SENSEX,PE,73900.0,SENSEX26SEP73900PE,218.2,218.2,218.2,218.2,0,1
2026-09-24 15:06:00,SENSEX,CE,74000.0,SENSEX26SEP74000CE,34.25,34.25,34.25,34.25,0,1
2026-09-24 15:06:00,SENSEX,PE,74000.0,SENSEX26SEP74000PE,296.65,296.65,296.65,296.65,0,1
2026-09-24 15:06:00,SENSEX,CE,74100.0,SENSEX26SEP74100CE,19.8,19.8,19.8,19.8,0,1
2026-09-24 15:06:00,SENSEX,PE,74100.0,SENSEX26SEP74100PE,382.3,382.3,382.3,382.3,0,1
2026-09-24 15:06:00,SENSEX,CE,74200.0,SENSEX26SEP74200CE,12.35,12.35,12.35,12.35,0,1
2026-09-24 15:06:00,SENSEX,PE,74200.0,SENSEX26SEP74200PE,474.45,474.45,474.45,474.45,0,1
2026-09-24 15:06:00,SENSEX,CE,74300.0,SENSEX26SEP74300CE,8.45,8.45,8.45,8.45,0,1
2026-09-24 15:06:00,SENSEX,PE,74300.0,SENSEX26SEP74300PE,569.0,569.0,569.0,569.0,0,1
2026-09-24 15:07:00,SENSEX,FUT,0.0,SENSEX26SEPFUT,73739.2,73739.2,73702.1,73702.7,620,17
2026-09-24 15:07:00,SENSEX,SPOT,0.0,SENSEX,73764.58,73764.58,73732.35,73743.48,0,17
2026-09-24 15:07:00,SENSEX,CE,73100.0,SENSEX26SEP73100CE,647.0,647.0,611.8,618.7,4180,17
2026-09-24 15:07:00,SENSEX,PE,73100.0,SENSEX26SEP73100PE,7.95,10.25,7.95,9.6,615740,17
2026-09-24 15:07:00,SENSEX,CE,73200.0,SENSEX26SEP73200CE,547.95,547.95,517.9,521.4,5440,17
2026-09-24 15:07:00,SENSEX,PE,73200.0,SENSEX26SEP73200PE,10.9,14.45,10.9,13.75,886280,17
2026-09-24 15:07:00,SENSEX,CE,73300.0,SENSEX26SEP73300CE,452.0,452.0,418.0,424.7,20180,17
2026-09-24 15:07:00,SENSEX,PE,73300.0,SENSEX26SEP73300PE,16.4,21.0,16.4,20.25,1195420,17
2026-09-24 15:07:00,SENSEX,CE,73400.0,SENSEX26SEP73400CE,362.55,362.55,331.5,337.75,37260,17
2026-09-24 15:07:00,SENSEX,PE,73400.0,SENSEX26SEP73400PE,27.15,33.8,27.15,32.45,1375020,17
2026-09-24 15:07:00,SENSEX,CE,73500.0,SENSEX26SEP73500CE,277.2,277.2,254.6,256.95,146840,17
2026-09-24 15:07:00,SENSEX,PE,73500.0,SENSEX26SEP73500PE,43.55,53.3,43.55,52.3,2011060,17
2026-09-24 15:07:00,SENSEX,CE,73600.0,SENSEX26SEP73600CE,203.8,203.8,184.25,186.1,279300,17
2026-09-24 15:07:00,SENSEX,PE,73600.0,SENSEX26SEP73600PE,68.15,82.75,68.15,81.0,1457160,17
2026-09-24 15:07:00,SENSEX,CE,73700.0,SENSEX26SEP73700CE,140.05,140.05,125.9,126.95,766680,17
2026-09-24 15:07:00,SENSEX,PE,73700.0,SENSEX26SEP73700PE,105.6,123.5,105.6,122.85,1749600,17
2026-09-24 15:07:00,SENSEX,CE,73800.0,SENSEX26SEP73800CE,91.65,91.65,81.6,83.45,1279620,17
2026-09-24 15:07:00,SENSEX,PE,73800.0,SENSEX26SEP73800PE,159.05,179.4,158.4,177.15,837580,17
2026-09-24 15:07:00,SENSEX,CE,73900.0,SENSEX26SEP73900CE,55.35,55.35,50.05,51.0,997040,17
2026-09-24 15:07:00,SENSEX,PE,73900.0,SENSEX26SEP73900PE,222.0,248.75,222.0,246.05,265720,17
2026-09-24 15:07:00,SENSEX,CE,74000.0,SENSEX26SEP74000CE,34.05,34.05,30.05,30.75,1474600,17
2026-09-24 15:07:00,SENSEX,PE,74000.0,SENSEX26SEP74000PE,298.0,327.85,298.0,324.55,310020,17
2026-09-24 15:07:00,SENSEX,CE,74100.0,SENSEX26SEP74100CE,19.85,19.85,17.55,17.9,946940,17
2026-09-24 15:07:00,SENSEX,PE,74100.0,SENSEX26SEP74100PE,385.75,415.75,385.75,413.3,60640,17
2026-09-24 15:07:00,SENSEX,CE,74200.0,SENSEX26SEP74200CE,12.55,12.55,11.05,11.4,883320,17
2026-09-24 15:07:00,SENSEX,PE,74200.0,SENSEX26SEP74200PE,477.1,508.35,477.1,506.0,51740,17
2026-09-24 15:07:00,SENSEX,CE,74300.0,SENSEX26SEP74300CE,8.45,8.45,7.5,7.85,662380,17
2026-09-24 15:07:00,SENSEX,PE,74300.0,SENSEX26SEP74300PE,573.65,603.15,573.65,601.25,29860,17
2026-09-24 15:08:00,SENSEX,FUT,0.0,SENSEX26SEPFUT,73703.15,73703.15,73681.75,73686.05,240,17
2026-09-24 15:08:00,SENSEX,SPOT,0.0,SENSEX,73739.11,73739.11,73699.72,73705.35,0,17
2026-09-24 15:08:00,SENSEX,CE,73100.0,SENSEX26SEP73100CE,616.2,616.2,595.1,602.0,2900,17
2026-09-24 15:08:00,SENSEX,PE,73100.0,SENSEX26SEP73100PE,9.2,10.85,9.2,9.8,748220,17
2026-09-24 15:08:00,SENSEX,CE,73200.0,SENSEX26SEP73200CE,521.15,521.15,499.3,504.55,15060,17
2026-09-24 15:08:00,SENSEX,PE,73200.0,SENSEX26SEP73200PE,13.0,15.5,13.0,13.9,919880,17
2026-09-24 15:08:00,SENSEX,CE,73300.0,SENSEX26SEP73300CE,427.8,430.3,406.0,411.95,22840,17
2026-09-24 15:08:00,SENSEX,PE,73300.0,SENSEX26SEP73300PE,19.0,23.65,19.0,21.3,1493680,17
2026-09-24 15:08:00,SENSEX,CE,73400.0,SENSEX26SEP73400CE,342.65,342.65,318.4,320.8,41880,17
2026-09-24 15:08:00,SENSEX,PE,73400.0,SENSEX26SEP73400PE,31.15,37.15,31.15,34.5,1498120,17
2026-09-24 15:08:00,SENSEX,CE,73500.0,SENSEX26SEP73500CE,261.3,261.3,238.85,244.55,225880,17
2026-09-24 15:08:00,SENSEX,PE,73500.0,SENSEX26SEP73500PE,50.4,58.65,50.4,54.75,2052120,17
2026-09-24 15:08:00,SENSEX,CE,73600.0,SENSEX26SEP73600CE,188.75,188.75,170.5,173.6,420960,17
2026-09-24 15:08:00,SENSEX,PE,73600.0,SENSEX26SEP73600PE,78.7,90.3,78.7,84.95,1581160,17
2026-09-24 15:08:00,SENSEX,CE,73700.0,SENSEX26SEP73700CE,128.55,128.55,113.75,115.85,1037060,17
2026-09-24 15:08:00,SENSEX,PE,73700.0,SENSEX26SEP73700PE,119.25,133.8,119.25,128.9,1781960,17
2026-09-24 15:08:00,SENSEX,CE,73800.0,SENSEX26SEP73800CE,84.5,84.5,72.3,74.1,1740320,17
2026-09-24 15:08:00,SENSEX,PE,73800.0,SENSEX26SEP73800PE,173.7,193.6,173.7,185.05,869900,17
2026-09-24 15:08:00,SENSEX,CE,73900.0,SENSEX26SEP73900CE,51.7,51.7,43.5,44.5,1404740,17
2026-09-24 15:08:00,SENSEX,PE,73900.0,SENSEX26SEP73900PE,240.2,263.95,240.2,257.75,278200,17
2026-09-24 15:08:00,SENSEX,CE,74000.0,SENSEX26SEP74000CE,31.75,31.75,25.3,26.25,2021500,17
2026-09-24 15:08:00,SENSEX,PE,74000.0,SENSEX26SEP74000PE,321.85,344.7,321.85,338.6,284920,17
2026-09-24 15:08:00,SENSEX,CE,74100.0,SENSEX26SEP74100CE,18.55,18.55,14.25,14.9,1579420,17
2026-09-24 15:08:00,SENSEX,PE,74100.0,SENSEX26SEP74100PE,407.85,434.9,407.85,426.65,60260,17
2026-09-24 15:08:00,SENSEX,CE,74200.0,SENSEX26SEP74200CE,11.75,11.75,9.25,9.7,1412920,17
2026-09-24 15:08:00,SENSEX,PE,74200.0,SENSEX26SEP74200PE,500.7,526.15,500.7,519.6,45040,17
2026-09-24 15:08:00,SENSEX,CE,74300.0,SENSEX26SEP74300CE,8.15,8.15,6.5,6.8,1160760,17
2026-09-24 15:08:00,SENSEX,PE,74300.0,SENSEX26SEP74300PE,598.75,625.3,598.75,619.0,29520,17
2026-09-24 15:09:00,SENSEX,FUT,0.0,SENSEX26SEPFUT,73686.05,73710.0,73686.05,73710.0,540,17
2026-09-24 15:09:00,SENSEX,SPOT,0.0,SENSEX,73708.54,73746.21,73704.21,73744.23,0,17
2026-09-24 15:09:00,SENSEX,CE,73100.0,SENSEX26SEP73100CE,605.95,626.85,605.95,626.85,940,17
2026-09-24 15:09:00,SENSEX,PE,73100.0,SENSEX26SEP73100PE,9.3,9.3,7.4,7.5,999700,17
2026-09-24 15:09:00,SENSEX,CE,73200.0,SENSEX26SEP73200CE,511.0,530.2,508.15,530.2,10540,17
2026-09-24 15:09:00,SENSEX,PE,73200.0,SENSEX26SEP73200PE,13.15,13.15,10.55,10.55,1066780,17
2026-09-24 15:09:00,SENSEX,CE,73300.0,SENSEX26SEP73300CE,415.3,431.45,415.3,430.55,27560,17
2026-09-24 15:09:00,SENSEX,PE,73300.0,SENSEX26SEP73300PE,20.1,20.1,16.35,16.35,1526960,17
2026-09-24 15:09:00,SENSEX,CE,73400.0,SENSEX26SEP73400CE,326.0,342.75,326.0,342.75,35220,17
2026-09-24 15:09:00,SENSEX,PE,73400.0,SENSEX26SEP73400PE,32.65,32.65,26.9,26.9,1618060,17
2026-09-24 15:09:00,SENSEX,CE,73500.0,SENSEX26SEP73500CE,246.7,260.4,246.7,260.2,150140,17
2026-09-24 15:09:00,SENSEX,PE,73500.0,SENSEX26SEP73500PE,53.5,53.5,45.35,45.7,2018240,17
2026-09-24 15:09:00,SENSEX,CE,73600.0,SENSEX26SEP73600CE,177.0,188.25,177.0,188.25,276600,17
2026-09-24 15:09:00,SENSEX,PE,73600.0,SENSEX26SEP73600PE,83.05,83.05,73.55,73.65,1580000,17
2026-09-24 15:09:00,SENSEX,CE,73700.0,SENSEX26SEP73700CE,118.8,127.45,118.8,127.45,783260,17
2026-09-24 15:09:00,SENSEX,PE,73700.0,SENSEX26SEP73700PE,125.2,125.2,112.1,112.8,1684440,17
2026-09-24 15:09:00,SENSEX,CE,73800.0,SENSEX26SEP73800CE,75.9,81.75,75.75,81.75,1076640,17
2026-09-24 15:09:00,SENSEX,PE,73800.0,SENSEX26SEP73800PE,181.1,181.1,164.25,164.25,728920,17
2026-09-24 15:09:00,SENSEX,CE,73900.0,SENSEX26SEP73900CE,45.35,49.7,45.35,49.7,863820,17
2026-09-24 15:09:00,SENSEX,PE,73900.0,SENSEX26SEP73900PE,251.45,251.45,233.45,233.45,211380,17
2026-09-24 15:09:00,SENSEX,CE,74000.0,SENSEX26SEP74000CE,26.6,29.5,26.55,29.5,1266980,17
2026-09-24 15:09:00,SENSEX,PE,74000.0,SENSEX26SEP74000PE,332.2,332.2,310.95,310.95,169480,17
2026-09-24 15:09:00,SENSEX,CE,74100.0,SENSEX26SEP74100CE,15.25,16.75,15.15,16.75,825760,17
2026-09-24 15:09:00,SENSEX,PE,74100.0,SENSEX26SEP74100PE,421.3,421.3,398.8,398.8,55300,17
2026-09-24 15:09:00,SENSEX,CE,74200.0,SENSEX26SEP74200CE,9.85,10.65,9.45,10.65,744760,17
2026-09-24 15:09:00,SENSEX,PE,74200.0,SENSEX26SEP74200PE,516.25,516.25,496.45,497.25,38600,17
2026-09-24 15:09:00,SENSEX,CE,74300.0,SENSEX26SEP74300CE,6.9,7.25,6.5,7.25,843120,17
2026-09-24 15:09:00,SENSEX,PE,74300.0,SENSEX26SEP74300PE,612.9,612.9,588.8,592.75,29400,17
2026-09-24 15:10:00,SENSEX,FUT,0.0,SENSEX26SEPFUT,73710.0,73714.95,73684.0,73684.0,280,16
2026-09-24 15:10:00,SENSEX,SPOT,0.0,SENSEX,73735.06,73743.97,73715.76,73716.9,0,16
2026-09-24 15:10:00,SENSEX,CE,73100.0,SENSEX26SEP73100CE,621.35,631.4,593.0,598.05,3740,16
2026-09-24 15:10:00,SENSEX,PE,73100.0,SENSEX26SEP73100PE,7.5,9.95,7.5,9.5,754300,16
2026-09-24 15:10:00,SENSEX,CE,73200.0,SENSEX26SEP73200CE,536.0,536.0,499.2,505.25,7500,16
2026-09-24 15:10:00,SENSEX,PE,73200.0,SENSEX26SEP73200PE,10.75,14.05,10.55,13.15,829080,16
2026-09-24 15:10:00,SENSEX,CE,73300.0,SENSEX26SEP73300CE,440.05,440.05,402.25,411.05,18120,16
2026-09-24 15:10:00,SENSEX,PE,73300.0,SENSEX26SEP73300PE,15.95,20.55,15.85,19.6,1082400,16
2026-09-24 15:10:00,SENSEX,CE,73400.0,SENSEX26SEP73400CE,349.35,349.35,318.35,325.0,36820,16
2026-09-24 15:10:00,SENSEX,PE,73400.0,SENSEX26SEP73400PE,26.45,34.0,26.45,32.6,1284980,16
2026-09-24 15:10:00,SENSEX,CE,73500.0,SENSEX26SEP73500CE,267.85,267.85,241.3,244.05,154000,16
2026-09-24 15:10:00,SENSEX,PE,73500.0,SENSEX26SEP73500PE,44.3,55.2,44.05,53.8,1639940,16
2026-09-24 15:10:00,SENSEX,CE,73600.0,SENSEX26SEP73600CE,194.85,194.85,170.7,174.3,287940,16
2026-09-24 15:10:00,SENSEX,PE,73600.0,SENSEX26SEP73600PE,70.55,85.75,70.55,83.55,1333980,16
2026-09-24 15:10:00,SENSEX,CE,73700.0,SENSEX26SEP73700CE,133.5,133.5,113.2,116.7,801860,16
2026-09-24 15:10:00,SENSEX,PE,73700.0,SENSEX26SEP73700PE,108.85,128.25,108.85,125.9,1532580,16
2026-09-24 15:10:00,SENSEX,CE,73800.0,SENSEX26SEP73800CE,86.15,86.15,71.55,74.55,1425140,16
2026-09-24 15:10:00,SENSEX,PE,73800.0,SENSEX26SEP73800PE,162.0,186.25,162.0,182.0,731420,16
2026-09-24 15:10:00,SENSEX,CE,73900.0,SENSEX26SEP73900CE,52.65,52.65,43.25,45.2,1025980,16
2026-09-24 15:10:00,SENSEX,PE,73900.0,SENSEX26SEP73900PE,229.0,257.7,229.0,252.55,215820,16
2026-09-24 15:10:00,SENSEX,CE,74000.0,SENSEX26SEP74000CE,31.6,31.6,25.05,26.5,1583280,16
2026-09-24 15:10:00,SENSEX,PE,74000.0,SENSEX26SEP74000PE,307.5,339.8,307.5,333.85,223080,16
2026-09-24 15:10:00,SENSEX,CE,74100.0,SENSEX26SEP74100CE,18.2,18.2,14.3,15.2,818020,16
2026-09-24 15:10:00,SENSEX,PE,74100.0,SENSEX26SEP74100PE,393.3,428.85,393.3,423.45,67420,16
2026-09-24 15:10:00,SENSEX,CE,74200.0,SENSEX26SEP74200CE,11.55,11.55,8.95,9.8,800420,16
2026-09-24 15:10:00,SENSEX,PE,74200.0,SENSEX26SEP74200PE,486.0,523.2,486.0,517.0,39580,16
2026-09-24 15:10:00,SENSEX,CE,74300.0,SENSEX26SEP74300CE,7.8,7.8,6.2,6.65,661540,16
2026-09-24 15:10:00,SENSEX,PE,74300.0,SENSEX26SEP74300PE,583.9,620.9,583.9,613.45,21600,16
2026-09-24 15:11:00,SENSEX,FUT,0.0,SENSEX26SEPFUT,73684.0,73700.0,73684.0,73700.0,40,17
2026-09-24 15:11:00,SENSEX,SPOT,0.0,SENSEX,73714.68,73733.3,73711.47,73715.35,0,17
2026-09-24 15:11:00,SENSEX,CE,73100.0,SENSEX26SEP73100CE,602.05,612.8,597.9,612.8,3700,17
2026-09-24 15:11:00,SENSEX,PE,73100.0,SENSEX26SEP73100PE,9.35,9.6,8.75,8.75,579680,17
2026-09-24 15:11:00,SENSEX,CE,73200.0,SENSEX26SEP73200CE,506.75,516.3,501.45,516.3,3080,17
2026-09-24 15:11:00,SENSEX,PE,73200.0,SENSEX26SEP73200PE,13.0,13.45,12.25,12.25,654240,17
2026-09-24 15:11:00,SENSEX,CE,73300.0,SENSEX26SEP73300CE,414.3,421.0,405.0,419.85,14620,17
2026-09-24 15:11:00,SENSEX,PE,73300.0,SENSEX26SEP73300PE,19.25,20.05,17.9,18.0,992940,17
2026-09-24 15:11:00,SENSEX,CE,73400.0,SENSEX26SEP73400CE,324.65,335.25,320.5,335.25,23660,17
2026-09-24 15:11:00,SENSEX,PE,73400.0,SENSEX26SEP73400PE,32.1,33.4,30.05,30.05,1089880,17
2026-09-24 15:11:00,SENSEX,CE,73500.0,SENSEX26SEP73500CE,246.3,256.45,241.9,255.0,111240,17
2026-09-24 15:11:00,SENSEX,PE,73500.0,SENSEX26SEP73500PE,52.55,54.1,49.15,49.15,1355320,17
2026-09-24 15:11:00,SENSEX,CE,73600.0,SENSEX26SEP73600CE,175.05,183.05,171.75,182.25,168160,17
2026-09-24 15:11:00,SENSEX,PE,73600.0,SENSEX26SEP73600PE,82.7,84.45,77.8,77.8,1177720,17
2026-09-24 15:11:00,SENSEX,CE,73700.0,SENSEX26SEP73700CE,118.1,124.2,115.0,123.7,536820,17
2026-09-24 15:11:00,SENSEX,PE,73700.0,SENSEX26SEP73700PE,125.45,129.6,116.9,118.15,1112400,17
2026-09-24 15:11:00,SENSEX,CE,73800.0,SENSEX26SEP73800CE,75.3,79.85,73.3,78.95,762440,17
2026-09-24 15:11:00,SENSEX,PE,73800.0,SENSEX26SEP73800PE,182.7,185.95,174.35,174.4,505440,17
2026-09-24 15:11:00,SENSEX,CE,73900.0,SENSEX26SEP73900CE,45.15,48.45,44.25,48.45,605760,17
2026-09-24 15:11:00,SENSEX,PE,73900.0,SENSEX26SEP73900PE,252.6,256.8,243.4,243.9,160400,17
2026-09-24 15:11:00,SENSEX,CE,74000.0,SENSEX26SEP74000CE,26.75,29.0,25.85,29.0,931520,17
2026-09-24 15:11:00,SENSEX,PE,74000.0,SENSEX26SEP74000PE,333.85,339.9,323.85,323.85,188140,17
2026-09-24 15:11:00,SENSEX,CE,74100.0,SENSEX26SEP74100CE,15.6,16.95,14.7,16.7,656920,17
2026-09-24 15:11:00,SENSEX,PE,74100.0,SENSEX26SEP74100PE,421.2,426.55,411.6,411.6,44320,17
2026-09-24 15:11:00,SENSEX,CE,74200.0,SENSEX26SEP74200CE,9.9,10.85,9.35,10.7,528580,17
2026-09-24 15:11:00,SENSEX,PE,74200.0,SENSEX26SEP74200PE,514.45,520.2,504.7,504.7,34700,17
2026-09-24 15:11:00,SENSEX,CE,74300.0,SENSEX26SEP74300CE,6.85,7.5,6.4,7.5,573660,17
2026-09-24 15:11:00,SENSEX,PE,74300.0,SENSEX26SEP74300PE,614.0,622.55,600.0,602.7,14040,17
2026-09-24 15:12:00,SENSEX,FUT,0.0,SENSEX26SEPFUT,73701.0,73701.0,73680.2,73680.2,120,17
2026-09-24 15:12:00,SENSEX,SPOT,0.0,SENSEX,73715.71,73729.6,73667.96,73706.8,0,17
2026-09-24 15:12:00,SENSEX,CE,73100.0,SENSEX26SEP73100CE,614.45,614.45,582.75,600.4,3680,17
2026-09-24 15:12:00,SENSEX,PE,73100.0,SENSEX26SEP73100PE,8.7,10.75,8.7,9.45,804560,17
2026-09-24 15:12:00,SENSEX,CE,73200.0,SENSEX26SEP73200CE,522.0,522.0,487.1,504.7,9900,17
2026-09-24 15:12:00,SENSEX,PE,73200.0,SENSEX26SEP73200PE,12.0,15.55,12.0,13.1,900060,17
2026-09-24 15:12:00,SENSEX,CE,73300.0,SENSEX26SEP73300CE,424.65,426.15,396.7,415.6,21520,17
2026-09-24 15:12:00,SENSEX,PE,73300.0,SENSEX26SEP73300PE,17.85,22.85,17.85,20.45,1418260,17
2026-09-24 15:12:00,SENSEX,CE,73400.0,SENSEX26SEP73400CE,336.45,337.25,309.2,328.7,49240,17
2026-09-24 15:12:00,SENSEX,PE,73400.0,SENSEX26SEP73400PE,29.9,37.6,29.9,32.4,1497040,17
2026-09-24 15:12:00,SENSEX,CE,73500.0,SENSEX26SEP73500CE,256.8,256.8,232.6,248.7,200540,17
2026-09-24 15:12:00,SENSEX,PE,73500.0,SENSEX26SEP73500PE,49.3,60.55,49.3,55.2,2054200,17
2026-09-24 15:12:00,SENSEX,CE,73600.0,SENSEX26SEP73600CE,185.9,185.9,164.05,177.65,412600,17
2026-09-24 15:12:00,SENSEX,PE,73600.0,SENSEX26SEP73600PE,77.5,92.7,77.5,86.35,1743000,17
2026-09-24 15:12:00,SENSEX,CE,73700.0,SENSEX26SEP73700CE,126.6,126.6,107.3,121.15,959060,17
2026-09-24 15:12:00,SENSEX,PE,73700.0,SENSEX26SEP73700PE,117.75,138.0,117.75,129.7,1871780,17
2026-09-24 15:12:00,SENSEX,CE,73800.0,SENSEX26SEP73800CE,80.25,81.55,69.0,77.45,1364740,17
2026-09-24 15:12:00,SENSEX,PE,73800.0,SENSEX26SEP73800PE,173.5,198.25,173.5,182.6,844420,17
2026-09-24 15:12:00,SENSEX,CE,73900.0,SENSEX26SEP73900CE,49.55,49.85,40.7,48.05,1051640,17
2026-09-24 15:12:00,SENSEX,PE,73900.0,SENSEX26SEP73900PE,242.45,269.35,242.45,258.6,288840,17
2026-09-24 15:12:00,SENSEX,CE,74000.0,SENSEX26SEP74000CE,29.4,30.05,24.3,28.7,1438440,17
2026-09-24 15:12:00,SENSEX,PE,74000.0,SENSEX26SEP74000PE,321.65,353.75,321.65,331.9,225360,17
2026-09-24 15:12:00,SENSEX,CE,74100.0,SENSEX26SEP74100CE,17.0,17.15,13.7,16.4,904720,17
2026-09-24 15:12:00,SENSEX,PE,74100.0,SENSEX26SEP74100PE,409.65,441.45,409.65,428.1,65500,17
2026-09-24 15:12:00,SENSEX,CE,74200.0,SENSEX26SEP74200CE,11.05,11.1,8.95,10.8,774920,17
2026-09-24 15:12:00,SENSEX,PE,74200.0,SENSEX26SEP74200PE,503.9,535.55,503.9,521.95,54460,17
2026-09-24 15:12:00,SENSEX,CE,74300.0,SENSEX26SEP74300CE,7.75,7.75,6.2,7.3,808360,17
2026-09-24 15:12:00,SENSEX,PE,74300.0,SENSEX26SEP74300PE,599.7,634.85,599.7,617.25,30080,17
2026-09-24 15:13:00,SENSEX,FUT,0.0,SENSEX26SEPFUT,73680.2,73693.05,73663.7,73663.7,300,16
2026-09-24 15:13:00,SENSEX,SPOT,0.0,SENSEX,73687.84,73715.24,73642.42,73698.66,0,16
2026-09-24 15:13:00,SENSEX,CE,73100.0,SENSEX26SEP73100CE,600.8,603.95,575.0,580.0,11080,16
2026-09-24 15:13:00,SENSEX,PE,73100.0,SENSEX26SEP73100PE,9.8,11.3,9.25,10.3,1040660,16
2026-09-24 15:13:00,SENSEX,CE,73200.0,SENSEX26SEP73200CE,501.9,512.0,475.55,487.0,30720,16
2026-09-24 15:13:00,SENSEX,PE,73200.0,SENSEX26SEP73200PE,13.8,16.0,12.75,14.8,998760,16
2026-09-24 15:13:00,SENSEX,CE,73300.0,SENSEX26SEP73300CE,409.6,418.95,382.55,394.3,30440,16
2026-09-24 15:13:00,SENSEX,PE,73300.0,SENSEX26SEP73300PE,19.75,22.9,19.3,22.25,1432580,16
2026-09-24 15:13:00,SENSEX,CE,73400.0,SENSEX26SEP73400CE,324.6,329.7,300.6,305.85,75760,16
2026-09-24 15:13:00,SENSEX,PE,73400.0,SENSEX26SEP73400PE,33.0,38.95,32.35,36.55,1309780,16
2026-09-24 15:13:00,SENSEX,CE,73500.0,SENSEX26SEP73500CE,244.25,250.55,225.5,228.5,234760,16
2026-09-24 15:13:00,SENSEX,PE,73500.0,SENSEX26SEP73500PE,53.95,60.7,53.0,58.95,1912540,16
2026-09-24 15:13:00,SENSEX,CE,73600.0,SENSEX26SEP73600CE,176.3,180.3,156.85,161.65,386040,16
2026-09-24 15:13:00,SENSEX,PE,73600.0,SENSEX26SEP73600PE,84.2,94.2,83.35,92.35,1554600,16
2026-09-24 15:13:00,SENSEX,CE,73700.0,SENSEX26SEP73700CE,118.75,123.3,103.75,107.15,899180,16
2026-09-24 15:13:00,SENSEX,PE,73700.0,SENSEX26SEP73700PE,127.55,141.0,125.05,137.25,1571920,16
2026-09-24 15:13:00,SENSEX,CE,73800.0,SENSEX26SEP73800CE,76.2,79.65,65.35,67.9,1488220,16
2026-09-24 15:13:00,SENSEX,PE,73800.0,SENSEX26SEP73800PE,185.0,202.15,180.8,197.1,787620,16
2026-09-24 15:13:00,SENSEX,CE,73900.0,SENSEX26SEP73900CE,46.7,49.3,39.45,41.2,1222960,16
2026-09-24 15:13:00,SENSEX,PE,73900.0,SENSEX26SEP73900PE,255.1,275.0,250.95,271.8,324700,16
2026-09-24 15:13:00,SENSEX,CE,74000.0,SENSEX26SEP74000CE,27.9,29.75,22.9,24.35,1543780,16
2026-09-24 15:13:00,SENSEX,PE,74000.0,SENSEX26SEP74000PE,335.65,362.1,331.8,354.8,252240,16
2026-09-24 15:13:00,SENSEX,CE,74100.0,SENSEX26SEP74100CE,16.0,17.5,13.75,14.55,1078880,16
2026-09-24 15:13:00,SENSEX,PE,74100.0,SENSEX26SEP74100PE,424.45,449.05,420.45,442.1,64140,16
2026-09-24 15:13:00,SENSEX,CE,74200.0,SENSEX26SEP74200CE,10.55,11.35,9.0,9.45,1085780,16
2026-09-24 15:13:00,SENSEX,PE,74200.0,SENSEX26SEP74200PE,516.65,543.6,513.15,539.5,64700,16
2026-09-24 15:13:00,SENSEX,CE,74300.0,SENSEX26SEP74300CE,7.35,7.85,6.5,6.8,1081140,16
2026-09-24 15:13:00,SENSEX,PE,74300.0,SENSEX26SEP74300PE,616.8,643.1,610.1,637.0,39480,16
2026-09-24 15:14:00,SENSEX,FUT,0.0,SENSEX26SEPFUT,73690.0,73700.0,73682.1,73700.0,860,17
2026-09-24 15:14:00,SENSEX,SPOT,0.0,SENSEX,73685.79,73711.18,73681.97,73710.2,0,17
2026-09-24 15:14:00,SENSEX,CE,73100.0,SENSEX26SEP73100CE,588.95,610.7,583.9,610.7,5580,17
2026-09-24 15:14:00,SENSEX,PE,73100.0,SENSEX26SEP73100PE,9.85,10.0,8.35,9.05,864840,17
2026-09-24 15:14:00,SENSEX,CE,73200.0,SENSEX26SEP73200CE,486.85,514.85,486.85,505.95,11180,17
2026-09-24 15:14:00,SENSEX,PE,73200.0,SENSEX26SEP73200PE,14.3,14.3,11.95,12.8,676900,17
2026-09-24 15:14:00,SENSEX,CE,73300.0,SENSEX26SEP73300CE,400.0,419.95,394.9,415.1,19220,17
2026-09-24 15:14:00,SENSEX,PE,73300.0,SENSEX26SEP73300PE,21.7,21.75,17.4,19.35,1222440,17
2026-09-24 15:14:00,SENSEX,CE,73400.0,SENSEX26SEP73400CE,308.5,332.35,308.5,321.55,47840,17
2026-09-24 15:14:00,SENSEX,PE,73400.0,SENSEX26SEP73400PE,36.1,36.1,29.8,32.05,1179820,17
2026-09-24 15:14:00,SENSEX,CE,73500.0,SENSEX26SEP73500CE,231.95,250.05,231.95,243.25,148020,17
2026-09-24 15:14:00,SENSEX,PE,73500.0,SENSEX26SEP73500PE,58.2,59.0,48.7,53.0,1568920,17
2026-09-24 15:14:00,SENSEX,CE,73600.0,SENSEX26SEP73600CE,163.85,182.0,163.85,172.8,417280,17
2026-09-24 15:14:00,SENSEX,PE,73600.0,SENSEX26SEP73600PE,90.75,91.35,78.8,83.4,1436360,17
2026-09-24 15:14:00,SENSEX,CE,73700.0,SENSEX26SEP73700CE,111.9,122.65,110.7,118.7,946380,17
2026-09-24 15:14:00,SENSEX,PE,73700.0,SENSEX26SEP73700PE,135.8,137.55,119.5,126.4,1271060,17
2026-09-24 15:14:00,SENSEX,CE,73800.0,SENSEX26SEP73800CE,71.05,79.85,71.05,76.8,994420,17
2026-09-24 15:14:00,SENSEX,PE,73800.0,SENSEX26SEP73800PE,196.45,197.55,177.0,184.2,554700,17
2026-09-24 15:14:00,SENSEX,CE,73900.0,SENSEX26SEP73900CE,44.2,49.2,44.0,46.55,796720,17
2026-09-24 15:14:00,SENSEX,PE,73900.0,SENSEX26SEP73900PE,270.0,270.95,245.25,258.3,188360,17
2026-09-24 15:14:00,SENSEX,CE,74000.0,SENSEX26SEP74000CE,26.4,30.25,26.4,28.45,1264840,17
2026-09-24 15:14:00,SENSEX,PE,74000.0,SENSEX26SEP74000PE,353.55,353.55,329.1,336.45,158240,17
2026-09-24 15:14:00,SENSEX,CE,74100.0,SENSEX26SEP74100CE,15.75,18.3,15.75,17.15,712900,17
2026-09-24 15:14:00,SENSEX,PE,74100.0,SENSEX26SEP74100PE,442.05,444.0,415.1,428.25,32840,17
2026-09-24 15:14:00,SENSEX,CE,74200.0,SENSEX26SEP74200CE,10.35,11.9,10.35,11.1,762940,17
2026-09-24 15:14:00,SENSEX,PE,74200.0,SENSEX26SEP74200PE,537.25,537.25,510.0,520.05,45580,17
2026-09-24 15:14:00,SENSEX,CE,74300.0,SENSEX26SEP74300CE,7.4,8.1,7.35,7.75,600780,17
2026-09-24 15:14:00,SENSEX,PE,74300.0,SENSEX26SEP74300PE,633.3,635.9,606.1,620.45,30940,17
2026-09-24 15:15:00,SENSEX,FUT,0.0,SENSEX26SEPFUT,73700.0,73710.0,73700.0,73702.75,340,17
2026-09-24 15:15:00,SENSEX,SPOT,0.0,SENSEX,73719.83,73719.83,73719.83,73719.83,0,17
2026-09-24 15:15:00,SENSEX,CE,73100.0,SENSEX26SEP73100CE,600.1,616.1,578.9,600.2,6220,17
2026-09-24 15:15:00,SENSEX,PE,73100.0,SENSEX26SEP73100PE,9.2,10.0,6.55,7.25,987180,17
2026-09-24 15:15:00,SENSEX,CE,73200.0,SENSEX26SEP73200CE,493.75,518.95,483.55,506.15,8020,17
2026-09-24 15:15:00,SENSEX,PE,73200.0,SENSEX26SEP73200PE,12.8,14.7,9.65,10.85,1307540,17
2026-09-24 15:15:00,SENSEX,CE,73300.0,SENSEX26SEP73300CE,399.4,421.0,387.45,416.0,22080,17
2026-09-24 15:15:00,SENSEX,PE,73300.0,SENSEX26SEP73300PE,19.3,22.0,15.4,16.75,1773660,17
2026-09-24 15:15:00,SENSEX,CE,73400.0,SENSEX26SEP73400CE,315.95,332.0,302.25,327.95,54940,17
2026-09-24 15:15:00,SENSEX,PE,73400.0,SENSEX26SEP73400PE,32.55,36.55,27.35,29.75,1543840,17
2026-09-24 15:15:00,SENSEX,CE,73500.0,SENSEX26SEP73500CE,237.8,250.5,226.95,242.65,199640,17
2026-09-24 15:15:00,SENSEX,PE,73500.0,SENSEX26SEP73500PE,53.15,59.5,46.8,48.1,1969780,17
2026-09-24 15:15:00,SENSEX,CE,73600.0,SENSEX26SEP73600CE,170.9,179.35,159.15,173.95,347120,17
2026-09-24 15:15:00,SENSEX,PE,73600.0,SENSEX26SEP73600PE,84.8,92.2,76.4,79.4,1690240,17
2026-09-24 15:15:00,SENSEX,CE,73700.0,SENSEX26SEP73700CE,115.2,122.7,106.2,118.95,998560,17
2026-09-24 15:15:00,SENSEX,PE,73700.0,SENSEX26SEP73700PE,129.0,137.85,116.25,122.65,1471980,17
2026-09-24 15:15:00,SENSEX,CE,73800.0,SENSEX26SEP73800CE,74.45,79.9,66.65,75.65,1388780,17
2026-09-24 15:15:00,SENSEX,PE,73800.0,SENSEX26SEP73800PE,185.85,199.05,174.5,180.4,722540,17
2026-09-24 15:15:00,SENSEX,CE,73900.0,SENSEX26SEP73900CE,46.0,50.15,40.6,48.15,1132680,17
2026-09-24 15:15:00,SENSEX,PE,73900.0,SENSEX26SEP73900PE,257.15,273.2,242.55,248.15,215020,17
2026-09-24 15:15:00,SENSEX,CE,74000.0,SENSEX26SEP74000CE,27.2,30.8,24.45,29.6,1411760,17
2026-09-24 15:15:00,SENSEX,PE,74000.0,SENSEX26SEP74000PE,340.1,355.45,327.45,335.6,216140,17
2026-09-24 15:15:00,SENSEX,CE,74100.0,SENSEX26SEP74100CE,16.2,18.75,14.5,17.35,1032960,17
2026-09-24 15:15:00,SENSEX,PE,74100.0,SENSEX26SEP74100PE,428.0,446.55,415.25,418.8,61300,17
2026-09-24 15:15:00,SENSEX,CE,74200.0,SENSEX26SEP74200CE,10.8,12.1,9.35,11.5,992400,17
2026-09-24 15:15:00,SENSEX,PE,74200.0,SENSEX26SEP74200PE,522.1,539.55,508.45,520.05,54240,17
2026-09-24 15:15:00,SENSEX,CE,74300.0,SENSEX26SEP74300CE,7.45,8.35,6.6,8.0,762900,17
2026-09-24 15:15:00,SENSEX,PE,74300.0,SENSEX26SEP74300PE,620.2,639.9,602.5,614.8,18140,17
2026-09-24 15:16:00,SENSEX,FUT,0.0,SENSEX26SEPFUT,73701.0,73740.0,73701.0,73710.65,220,16
2026-09-24 15:16:00,SENSEX,SPOT,0.0,SENSEX,73719.83,73719.83,73719.83,73719.83,0,16
2026-09-24 15:16:00,SENSEX,CE,73100.0,SENSEX26SEP73100CE,600.2,648.9,600.2,607.8,4340,16
2026-09-24 15:16:00,SENSEX,PE,73100.0,SENSEX26SEP73100PE,6.7,7.4,5.0,6.95,930220,16
2026-09-24 15:16:00,SENSEX,CE,73200.0,SENSEX26SEP73200CE,512.0,552.9,507.95,509.85,10060,16
2026-09-24 15:16:00,SENSEX,PE,73200.0,SENSEX26SEP73200PE,9.9,10.55,7.5,10.45,1266020,16
2026-09-24 15:16:00,SENSEX,CE,73300.0,SENSEX26SEP73300CE,418.15,454.1,411.0,416.35,30860,16
2026-09-24 15:16:00,SENSEX,PE,73300.0,SENSEX26SEP73300PE,15.7,17.4,11.15,17.1,2004340,16
2026-09-24 15:16:00,SENSEX,CE,73400.0,SENSEX26SEP73400CE,331.7,355.25,317.65,328.2,40420,16
2026-09-24 15:16:00,SENSEX,PE,73400.0,SENSEX26SEP73400PE,27.35,29.8,21.7,29.7,1772080,16
2026-09-24 15:16:00,SENSEX,CE,73500.0,SENSEX26SEP73500CE,251.35,276.9,240.9,246.85,225840,16
2026-09-24 15:16:00,SENSEX,PE,73500.0,SENSEX26SEP73500PE,46.25,49.4,35.0,48.15,2265900,16
2026-09-24 15:16:00,SENSEX,CE,73600.0,SENSEX26SEP73600CE,180.25,199.35,172.3,176.05,381980,16
2026-09-24 15:16:00,SENSEX,PE,73600.0,SENSEX26SEP73600PE,75.9,79.85,61.2,79.3,1877160,16
2026-09-24 15:16:00,SENSEX,CE,73700.0,SENSEX26SEP73700CE,122.5,137.25,114.45,120.3,1216440,16
2026-09-24 15:16:00,SENSEX,PE,73700.0,SENSEX26SEP73700PE,117.6,122.5,100.6,121.3,1717600,16
2026-09-24 15:16:00,SENSEX,CE,73800.0,SENSEX26SEP73800CE,80.5,91.05,71.7,78.35,1688600,16
2026-09-24 15:16:00,SENSEX,PE,73800.0,SENSEX26SEP73800PE,172.35,179.75,152.9,178.8,709840,16
2026-09-24 15:16:00,SENSEX,CE,73900.0,SENSEX26SEP73900CE,49.8,58.1,43.3,48.85,1512180,16
2026-09-24 15:16:00,SENSEX,PE,73900.0,SENSEX26SEP73900PE,245.2,252.9,215.0,250.0,253540,16
2026-09-24 15:16:00,SENSEX,CE,74000.0,SENSEX26SEP74000CE,30.65,36.35,27.15,30.7,2394080,16
2026-09-24 15:16:00,SENSEX,PE,74000.0,SENSEX26SEP74000PE,324.95,335.85,298.5,333.3,235560,16
2026-09-24 15:16:00,SENSEX,CE,74100.0,SENSEX26SEP74100CE,18.75,22.5,16.75,18.6,1200340,16
2026-09-24 15:16:00,SENSEX,PE,74100.0,SENSEX26SEP74100PE,415.05,424.8,380.0,420.15,50760,16
2026-09-24 15:16:00,SENSEX,CE,74200.0,SENSEX26SEP74200CE,12.25,15.15,11.0,12.2,1020240,16
2026-09-24 15:16:00,SENSEX,PE,74200.0,SENSEX26SEP74200PE,508.8,515.0,473.45,511.55,27060,16
2026-09-24 15:16:00,SENSEX,CE,74300.0,SENSEX26SEP74300CE,8.4,9.85,7.55,8.55,947540,16
2026-09-24 15:16:00,SENSEX,PE,74300.0,SENSEX26SEP74300PE,603.65,618.3,572.15,611.3,17480,16
2026-09-24 15:17:00,SENSEX,FUT,0.0,SENSEX26SEPFUT,73710.65,73710.65,73696.45,73710.65,800,17
2026-09-24 15:17:00,SENSEX,SPOT,0.0,SENSEX,73719.83,73719.83,73719.83,73719.83,0,17
2026-09-24 15:17:00,SENSEX,CE,73100.0,SENSEX26SEP73100CE,606.0,624.6,605.8,624.6,3420,17
2026-09-24 15:17:00,SENSEX,PE,73100.0,SENSEX26SEP73100PE,6.8,7.05,6.25,6.25,475120,17
2026-09-24 15:17:00,SENSEX,CE,73200.0,SENSEX26SEP73200CE,507.75,525.25,505.45,525.25,11160,17
2026-09-24 15:17:00,SENSEX,PE,73200.0,SENSEX26SEP73200PE,10.4,10.7,9.45,9.45,620380,17
2026-09-24 15:17:00,SENSEX,CE,73300.0,SENSEX26SEP73300CE,412.5,428.45,410.65,428.45,15120,17
2026-09-24 15:17:00,SENSEX,PE,73300.0,SENSEX26SEP73300PE,16.95,17.65,15.75,15.75,1166680,17
2026-09-24 15:17:00,SENSEX,CE,73400.0,SENSEX26SEP73400CE,324.2,336.05,324.2,335.65,24740,17
2026-09-24 15:17:00,SENSEX,PE,73400.0,SENSEX26SEP73400PE,29.15,29.65,26.95,26.95,851560,17
2026-09-24 15:17:00,SENSEX,CE,73500.0,SENSEX26SEP73500CE,245.6,257.15,243.5,257.15,117000,17
2026-09-24 15:17:00,SENSEX,PE,73500.0,SENSEX26SEP73500PE,48.5,49.45,46.55,46.55,1060820,17
2026-09-24 15:17:00,SENSEX,CE,73600.0,SENSEX26SEP73600CE,174.85,184.95,174.45,184.95,176800,17
2026-09-24 15:17:00,SENSEX,PE,73600.0,SENSEX26SEP73600PE,78.65,79.6,74.3,75.3,942020,17
2026-09-24 15:17:00,SENSEX,CE,73700.0,SENSEX26SEP73700CE,118.15,127.3,117.45,127.3,588620,17
2026-09-24 15:17:00,SENSEX,PE,73700.0,SENSEX26SEP73700PE,121.95,122.85,115.55,116.75,845000,17
2026-09-24 15:17:00,SENSEX,CE,73800.0,SENSEX26SEP73800CE,77.15,82.7,77.0,82.7,747320,17
2026-09-24 15:17:00,SENSEX,PE,73800.0,SENSEX26SEP73800PE,179.85,181.0,170.45,170.45,320080,17
2026-09-24 15:17:00,SENSEX,CE,73900.0,SENSEX26SEP73900CE,47.9,52.15,47.8,52.15,725580,17
2026-09-24 15:17:00,SENSEX,PE,73900.0,SENSEX26SEP73900PE,251.35,253.95,240.15,240.15,103120,17
2026-09-24 15:17:00,SENSEX,CE,74000.0,SENSEX26SEP74000CE,30.05,32.95,29.85,32.6,1194620,17
2026-09-24 15:17:00,SENSEX,PE,74000.0,SENSEX26SEP74000PE,333.0,334.15,318.85,318.85,157040,17
2026-09-24 15:17:00,SENSEX,CE,74100.0,SENSEX26SEP74100CE,18.15,19.95,18.15,19.95,851840,17
2026-09-24 15:17:00,SENSEX,PE,74100.0,SENSEX26SEP74100PE,420.6,421.05,408.2,408.2,36620,17
2026-09-24 15:17:00,SENSEX,CE,74200.0,SENSEX26SEP74200CE,11.65,13.3,11.65,13.3,693780,17
2026-09-24 15:17:00,SENSEX,PE,74200.0,SENSEX26SEP74200PE,515.55,515.55,502.3,502.3,34340,17
2026-09-24 15:17:00,SENSEX,CE,74300.0,SENSEX26SEP74300CE,8.1,9.15,8.1,9.15,641760,17
2026-09-24 15:17:00,SENSEX,PE,74300.0,SENSEX26SEP74300PE,612.75,612.75,597.85,597.85,11620,17
2026-09-24 15:18:00,SENSEX,FUT,0.0,SENSEX26SEPFUT,73710.65,73711.25,73700.2,73700.2,60,16
2026-09-24 15:18:00,SENSEX,SPOT,0.0,SENSEX,73719.83,73719.83,73719.83,73719.83,0,16
2026-09-24 15:18:00,SENSEX,CE,73100.0,SENSEX26SEP73100CE,624.8,624.8,561.7,584.5,4200,16
2026-09-24 15:18:00,SENSEX,PE,73100.0,SENSEX26SEP73100PE,6.35,8.7,6.35,7.45,678360,16
2026-09-24 15:18:00,SENSEX,CE,73200.0,SENSEX26SEP73200CE,529.0,529.0,462.55,485.25,16980,16
2026-09-24 15:18:00,SENSEX,PE,73200.0,SENSEX26SEP73200PE,9.5,13.2,9.5,10.7,1019420,16
2026-09-24 15:18:00,SENSEX,CE,73300.0,SENSEX26SEP73300CE,429.7,430.0,370.5,392.55,26720,16
2026-09-24 15:18:00,SENSEX,PE,73300.0,SENSEX26SEP73300PE,16.25,22.75,16.25,17.85,1515720,16
2026-09-24 15:18:00,SENSEX,CE,73400.0,SENSEX26SEP73400CE,338.65,341.25,271.95,312.25,67380,16
2026-09-24 15:18:00,SENSEX,PE,73400.0,SENSEX26SEP73400PE,27.45,38.4,27.35,30.9,1500900,16
2026-09-24 15:18:00,SENSEX,CE,73500.0,SENSEX26SEP73500CE,257.4,257.4,201.85,229.05,303380,16
2026-09-24 15:18:00,SENSEX,PE,73500.0,SENSEX26SEP73500PE,45.5,64.5,45.5,49.8,2157940,16
2026-09-24 15:18:00,SENSEX,CE,73600.0,SENSEX26SEP73600CE,187.95,187.95,135.3,161.85,523860,16
2026-09-24 15:18:00,SENSEX,PE,73600.0,SENSEX26SEP73600PE,73.35,100.7,73.35,80.45,1797660,16
2026-09-24 15:18:00,SENSEX,CE,73700.0,SENSEX26SEP73700CE,127.6,128.1,85.25,104.35,1482860,16
2026-09-24 15:18:00,SENSEX,PE,73700.0,SENSEX26SEP73700PE,114.1,147.5,114.1,126.65,1730800,16
2026-09-24 15:18:00,SENSEX,CE,73800.0,SENSEX26SEP73800CE,84.2,84.45,52.0,66.35,1958080,16
2026-09-24 15:18:00,SENSEX,PE,73800.0,SENSEX26SEP73800PE,171.85,215.15,171.85,183.1,826200,16
2026-09-24 15:18:00,SENSEX,CE,73900.0,SENSEX26SEP73900CE,53.35,53.45,31.0,38.9,1915000,16
2026-09-24 15:18:00,SENSEX,PE,73900.0,SENSEX26SEP73900PE,240.7,291.9,240.0,256.5,240560,16
2026-09-24 15:18:00,SENSEX,CE,74000.0,SENSEX26SEP74000CE,33.1,33.35,18.35,23.5,2721860,16
2026-09-24 15:18:00,SENSEX,PE,74000.0,SENSEX26SEP74000PE,321.15,380.25,320.4,345.75,270020,16
2026-09-24 15:18:00,SENSEX,CE,74100.0,SENSEX26SEP74100CE,20.2,20.2,11.1,13.2,1634360,16
2026-09-24 15:18:00,SENSEX,PE,74100.0,SENSEX26SEP74100PE,405.85,475.65,405.05,434.3,55500,16
2026-09-24 15:18:00,SENSEX,CE,74200.0,SENSEX26SEP74200CE,13.5,13.55,7.15,8.65,1606500,16
2026-09-24 15:18:00,SENSEX,PE,74200.0,SENSEX26SEP74200PE,499.7,570.25,499.7,524.9,46240,16
2026-09-24 15:18:00,SENSEX,CE,74300.0,SENSEX26SEP74300CE,9.1,9.2,4.9,6.0,1285660,16
2026-09-24 15:18:00,SENSEX,PE,74300.0,SENSEX26SEP74300PE,594.1,671.4,594.1,627.6,33740,16
2026-09-24 15:19:00,SENSEX,FUT,0.0,SENSEX26SEPFUT,73700.2,73700.2,73655.4,73680.85,320,17
2026-09-24 15:19:00,SENSEX,SPOT,0.0,SENSEX,73719.83,73719.83,73719.83,73719.83,0,17
2026-09-24 15:19:00,SENSEX,CE,73100.0,SENSEX26SEP73100CE,590.0,610.0,563.1,593.6,1940,17
2026-09-24 15:19:00,SENSEX,PE,73100.0,SENSEX26SEP73100PE,7.2,8.0,4.9,5.45,1010660,17
2026-09-24 15:19:00,SENSEX,CE,73200.0,SENSEX26SEP73200CE,493.25,511.1,471.6,489.15,8500,17
2026-09-24 15:19:00,SENSEX,PE,73200.0,SENSEX26SEP73200PE,11.3,12.5,6.7,8.4,1520320,17
2026-09-24 15:19:00,SENSEX,CE,73300.0,SENSEX26SEP73300CE,400.0,405.9,377.0,401.45,23960,17
2026-09-24 15:19:00,SENSEX,PE,73300.0,SENSEX26SEP73300PE,18.65,20.55,11.95,13.05,2458600,17
2026-09-24 15:19:00,SENSEX,CE,73400.0,SENSEX26SEP73400CE,307.15,316.3,289.3,298.7,46060,17
2026-09-24 15:19:00,SENSEX,PE,73400.0,SENSEX26SEP73400PE,29.8,35.7,22.6,25.15,2115040,17
2026-09-24 15:19:00,SENSEX,CE,73500.0,SENSEX26SEP73500CE,229.6,233.55,213.1,222.3,208460,17
2026-09-24 15:19:00,SENSEX,PE,73500.0,SENSEX26SEP73500PE,50.45,58.75,40.35,45.5,2390200,17
2026-09-24 15:19:00,SENSEX,CE,73600.0,SENSEX26SEP73600CE,159.35,162.2,146.1,147.4,407960,17
2026-09-24 15:19:00,SENSEX,PE,73600.0,SENSEX26SEP73600PE,84.35,93.0,68.9,73.25,1972980,17
2026-09-24 15:19:00,SENSEX,CE,73700.0,SENSEX26SEP73700CE,104.65,104.65,93.25,98.55,1053240,17
2026-09-24 15:19:00,SENSEX,PE,73700.0,SENSEX26SEP73700PE,124.1,140.55,110.0,120.75,1639980,17
2026-09-24 15:19:00,SENSEX,CE,73800.0,SENSEX26SEP73800CE,67.1,67.1,57.05,57.05,1444280,17
2026-09-24 15:19:00,SENSEX,PE,73800.0,SENSEX26SEP73800PE,189.6,203.55,168.85,181.9,670980,17
2026-09-24 15:19:00,SENSEX,CE,73900.0,SENSEX26SEP73900CE,39.75,39.75,31.65,31.65,1294120,17
2026-09-24 15:19:00,SENSEX,PE,73900.0,SENSEX26SEP73900PE,262.2,280.35,244.35,257.4,228260,17
2026-09-24 15:19:00,SENSEX,CE,74000.0,SENSEX26SEP74000CE,23.25,23.25,19.3,19.8,1983620,17
2026-09-24 15:19:00,SENSEX,PE,74000.0,SENSEX26SEP74000PE,341.3,367.2,327.7,345.95,235900,17
2026-09-24 15:19:00,SENSEX,CE,74100.0,SENSEX26SEP74100CE,13.25,13.25,10.8,10.8,1211120,17
2026-09-24 15:19:00,SENSEX,PE,74100.0,SENSEX26SEP74100PE,434.1,458.0,417.55,435.15,38880,17
2026-09-24 15:19:00,SENSEX,CE,74200.0,SENSEX26SEP74200CE,8.8,8.8,6.45,6.45,1120380,17
2026-09-24 15:19:00,SENSEX,PE,74200.0,SENSEX26SEP74200PE,533.7,553.75,514.0,530.65,42080,17
2026-09-24 15:19:00,SENSEX,CE,74300.0,SENSEX26SEP74300CE,6.0,6.0,4.6,4.6,1140880,17
2026-09-24 15:19:00,SENSEX,PE,74300.0,SENSEX26SEP74300PE,623.65,650.25,603.45,634.05,14360,17
2026-09-24 15:20:00,SENSEX,FUT,0.0,SENSEX26SEPFUT,73680.85,73737.0,73601.9,73650.0,460,17
2026-09-24 15:20:00,SENSEX,SPOT,0.0,SENSEX,73719.83,73719.83,73719.83,73719.83,0,17
2026-09-24 15:20:00,SENSEX,CE,73100.0,SENSEX26SEP73100CE,617.4,634.4,492.95,562.4,83980,17
2026-09-24 15:20:00,SENSEX,PE,73100.0,SENSEX26SEP73100PE,2.95,6.3,2.75,3.05,2175480,17
2026-09-24 15:20:00,SENSEX,CE,73200.0,SENSEX26SEP73200CE,509.7,521.45,390.75,466.0,130960,17
2026-09-24 15:20:00,SENSEX,PE,73200.0,SENSEX26SEP73200PE,4.6,9.95,3.85,4.1,3750160,17
2026-09-24 15:20:00,SENSEX,CE,73300.0,SENSEX26SEP73300CE,420.25,438.45,304.1,362.0,201880,17
2026-09-24 15:20:00,SENSEX,PE,73300.0,SENSEX26SEP73300PE,6.65,16.45,6.65,7.25,4836720,17
2026-09-24 15:20:00,SENSEX,CE,73400.0,SENSEX26SEP73400CE,336.15,336.15,214.25,273.2,402080,17
2026-09-24 15:20:00,SENSEX,PE,73400.0,SENSEX26SEP73400PE,14.0,31.75,14.0,14.6,5602500,17
2026-09-24 15:20:00,SENSEX,CE,73500.0,SENSEX26SEP73500CE,248.15,248.15,142.85,185.95,1522360,17
2026-09-24 15:20:00,SENSEX,PE,73500.0,SENSEX26SEP73500PE,22.8,58.75,22.8,30.25,6825060,17
2026-09-24 15:20:00,SENSEX,CE,73600.0,SENSEX26SEP73600CE,155.0,155.0,84.15,114.4,2282120,17
2026-09-24 15:20:00,SENSEX,PE,73600.0,SENSEX26SEP73600PE,44.0,100.8,44.0,57.2,5665760,17
2026-09-24 15:20:00,SENSEX,CE,73700.0,SENSEX26SEP73700CE,103.05,103.05,44.25,62.4,5139740,17
2026-09-24 15:20:00,SENSEX,PE,73700.0,SENSEX26SEP73700PE,85.15,160.25,85.15,104.05,4854860,17
2026-09-24 15:20:00,SENSEX,CE,73800.0,SENSEX26SEP73800CE,59.2,59.55,22.1,32.3,6145040,17
2026-09-24 15:20:00,SENSEX,PE,73800.0,SENSEX26SEP73800PE,132.95,240.2,132.95,170.95,2233140,17
2026-09-24 15:20:00,SENSEX,CE,73900.0,SENSEX26SEP73900CE,28.45,31.55,10.85,14.7,5754100,17
2026-09-24 15:20:00,SENSEX,PE,73900.0,SENSEX26SEP73900PE,217.15,326.05,217.15,254.05,1089300,17
2026-09-24 15:20:00,SENSEX,CE,74000.0,SENSEX26SEP74000CE,16.6,16.9,5.65,8.05,8479440,17
2026-09-24 15:20:00,SENSEX,PE,74000.0,SENSEX26SEP74000PE,304.25,423.55,304.25,346.2,712080,17
2026-09-24 15:20:00,SENSEX,CE,74100.0,SENSEX26SEP74100CE,8.65,9.3,3.45,4.45,3666800,17
2026-09-24 15:20:00,SENSEX,PE,74100.0,SENSEX26SEP74100PE,381.2,518.3,381.2,445.2,208280,17
2026-09-24 15:20:00,SENSEX,CE,74200.0,SENSEX26SEP74200CE,5.45,5.85,2.7,3.45,3445980,17
2026-09-24 15:20:00,SENSEX,PE,74200.0,SENSEX26SEP74200PE,483.6,622.1,483.6,541.0,186900,17
2026-09-24 15:20:00,SENSEX,CE,74300.0,SENSEX26SEP74300CE,4.2,4.6,2.5,3.15,2139860,17
2026-09-24 15:20:00,SENSEX,PE,74300.0,SENSEX26SEP74300PE,587.85,719.55,587.85,642.7,111600,17
2026-09-24 15:21:00,SENSEX,FUT,0.0,SENSEX26SEPFUT,73650.0,73650.0,73650.0,73650.0,0,6
2026-09-24 15:21:00,SENSEX,SPOT,0.0,SENSEX,73719.83,73719.83,73719.83,73719.83,0,6
2026-09-24 15:21:00,SENSEX,CE,73100.0,SENSEX26SEP73100CE,542.75,586.65,542.75,568.4,7000,6
2026-09-24 15:21:00,SENSEX,PE,73100.0,SENSEX26SEP73100PE,3.0,3.0,1.95,2.25,627160,6
2026-09-24 15:21:00,SENSEX,CE,73200.0,SENSEX26SEP73200CE,439.5,493.05,439.5,472.7,19100,6
2026-09-24 15:21:00,SENSEX,PE,73200.0,SENSEX26SEP73200PE,4.15,4.15,2.25,2.8,1370200,6
2026-09-24 15:21:00,SENSEX,CE,73300.0,SENSEX26SEP73300CE,341.85,391.2,341.85,373.15,32780,6
2026-09-24 15:21:00,SENSEX,PE,73300.0,SENSEX26SEP73300PE,7.9,7.9,1.2,1.2,6723060,6
2026-09-24 15:21:00,SENSEX,CE,73400.0,SENSEX26SEP73400CE,252.05,305.0,252.05,278.55,178240,6
2026-09-24 15:21:00,SENSEX,PE,73400.0,SENSEX26SEP73400PE,16.2,16.2,3.55,3.55,7840520,6
2026-09-24 15:21:00,SENSEX,CE,73500.0,SENSEX26SEP73500CE,173.45,212.35,173.45,183.85,885380,6
2026-09-24 15:21:00,SENSEX,PE,73500.0,SENSEX26SEP73500PE,35.0,35.0,11.5,11.5,9331340,6
2026-09-24 15:21:00,SENSEX,CE,73600.0,SENSEX26SEP73600CE,102.1,133.0,102.1,104.95,2215880,6
2026-09-24 15:21:00,SENSEX,PE,73600.0,SENSEX26SEP73600PE,64.7,64.7,31.1,31.1,6274580,6
2026-09-24 15:21:00,SENSEX,CE,73700.0,SENSEX26SEP73700CE,53.3,73.4,47.05,47.05,4681900,6
2026-09-24 15:21:00,SENSEX,PE,73700.0,SENSEX26SEP73700PE,111.6,111.6,75.0,75.0,4371100,6
2026-09-24 15:21:00,SENSEX,CE,73800.0,SENSEX26SEP73800CE,26.95,35.75,17.65,17.65,6298180,6
2026-09-24 15:21:00,SENSEX,PE,73800.0,SENSEX26SEP73800PE,190.45,190.45,142.45,145.1,1497400,6
2026-09-24 15:21:00,SENSEX,CE,73900.0,SENSEX26SEP73900CE,12.1,16.35,6.65,6.65,6307900,6
2026-09-24 15:21:00,SENSEX,PE,73900.0,SENSEX26SEP73900PE,268.3,268.3,219.0,234.0,632240,6
2026-09-24 15:21:00,SENSEX,CE,74000.0,SENSEX26SEP74000CE,6.5,8.0,3.0,3.0,7562860,6
2026-09-24 15:21:00,SENSEX,PE,74000.0,SENSEX26SEP74000PE,366.9,366.9,311.6,328.1,425120,6
2026-09-24 15:21:00,SENSEX,CE,74100.0,SENSEX26SEP74100CE,3.6,4.25,1.6,1.6,2675300,6
2026-09-24 15:21:00,SENSEX,PE,74100.0,SENSEX26SEP74100PE,469.65,469.65,413.1,429.9,80300,6
2026-09-24 15:21:00,SENSEX,CE,74200.0,SENSEX26SEP74200CE,3.0,3.45,1.45,1.45,2533620,6
2026-09-24 15:21:00,SENSEX,PE,74200.0,SENSEX26SEP74200PE,556.6,556.6,508.0,527.8,70220,6
2026-09-24 15:21:00,SENSEX,CE,74300.0,SENSEX26SEP74300CE,2.8,2.95,1.4,1.4,2102100,6
2026-09-24 15:21:00,SENSEX,PE,74300.0,SENSEX26SEP74300PE,658.65,658.65,611.0,627.0,43220,6
2026-09-24 15:22:00,SENSEX,FUT,0.0,SENSEX26SEPFUT,73670.0,73670.0,73663.8,73663.8,140,10
2026-09-24 15:22:00,SENSEX,SPOT,0.0,SENSEX,73719.83,73719.83,73719.83,73719.83,0,10
2026-09-24 15:22:00,SENSEX,CE,73100.0,SENSEX26SEP73100CE,584.5,584.5,564.3,564.3,2560,10
2026-09-24 15:22:00,SENSEX,PE,73100.0,SENSEX26SEP73100PE,0.8,0.9,0.75,0.75,386420,10
2026-09-24 15:22:00,SENSEX,CE,73200.0,SENSEX26SEP73200CE,482.0,482.85,465.6,465.6,3320,10
2026-09-24 15:22:00,SENSEX,PE,73200.0,SENSEX26SEP73200PE,0.95,1.35,0.95,1.2,676960,10
2026-09-24 15:22:00,SENSEX,CE,73300.0,SENSEX26SEP73300CE,382.5,382.95,361.2,361.2,11180,10
2026-09-24 15:22:00,SENSEX,PE,73300.0,SENSEX26SEP73300PE,1.4,1.95,1.4,1.95,747400,10
2026-09-24 15:22:00,SENSEX,CE,73400.0,SENSEX26SEP73400CE,284.3,284.75,265.6,266.1,39000,10
2026-09-24 15:22:00,SENSEX,PE,73400.0,SENSEX26SEP73400PE,3.65,4.85,3.55,4.7,1755620,10
2026-09-24 15:22:00,SENSEX,CE,73500.0,SENSEX26SEP73500CE,193.8,193.8,172.75,173.75,192460,10
2026-09-24 15:22:00,SENSEX,PE,73500.0,SENSEX26SEP73500PE,10.35,14.65,10.35,13.9,3020620,10
2026-09-24 15:22:00,SENSEX,CE,73600.0,SENSEX26SEP73600CE,107.85,109.75,93.2,93.2,598980,10
2026-09-24 15:22:00,SENSEX,PE,73600.0,SENSEX26SEP73600PE,29.55,36.1,29.3,35.45,2027960,10
2026-09-24 15:22:00,SENSEX,CE,73700.0,SENSEX26SEP73700CE,53.2,53.2,40.85,40.85,1807920,10
2026-09-24 15:22:00,SENSEX,PE,73700.0,SENSEX26SEP73700PE,71.65,81.85,70.9,81.55,1271340,10
2026-09-24 15:22:00,SENSEX,CE,73800.0,SENSEX26SEP73800CE,19.8,19.8,13.05,13.05,2607960,10
2026-09-24 15:22:00,SENSEX,PE,73800.0,SENSEX26SEP73800PE,139.05,153.7,138.25,153.35,405520,10
2026-09-24 15:22:00,SENSEX,CE,73900.0,SENSEX26SEP73900CE,6.8,6.8,4.75,4.75,2174860,10
2026-09-24 15:22:00,SENSEX,PE,73900.0,SENSEX26SEP73900PE,225.75,247.25,225.75,247.25,122820,10
2026-09-24 15:22:00,SENSEX,CE,74000.0,SENSEX26SEP74000CE,3.25,3.25,2.3,2.35,3071180,10
2026-09-24 15:22:00,SENSEX,PE,74000.0,SENSEX26SEP74000PE,321.25,342.85,320.15,340.3,96520,10
2026-09-24 15:22:00,SENSEX,CE,74100.0,SENSEX26SEP74100CE,1.65,1.7,1.3,1.3,685640,10
2026-09-24 15:22:00,SENSEX,PE,74100.0,SENSEX26SEP74100PE,421.5,441.4,420.95,439.45,16220,10
2026-09-24 15:22:00,SENSEX,CE,74200.0,SENSEX26SEP74200CE,1.45,1.55,1.15,1.15,618780,10
2026-09-24 15:22:00,SENSEX,PE,74200.0,SENSEX26SEP74200PE,523.2,541.95,519.05,541.95,13100,10
2026-09-24 15:22:00,SENSEX,CE,74300.0,SENSEX26SEP74300CE,1.4,1.4,1.05,1.05,533360,10
2026-09-24 15:22:00,SENSEX,PE,74300.0,SENSEX26SEP74300PE,623.7,646.85,621.45,646.85,10300,10
2026-09-24 15:23:00,SENSEX,FUT,0.0,SENSEX26SEPFUT,73663.8,73720.0,73663.8,73700.3,200,17
2026-09-24 15:23:00,SENSEX,SPOT,0.0,SENSEX,73719.83,73719.83,73719.83,73719.83,0,17
2026-09-24 15:23:00,SENSEX,CE,73100.0,SENSEX26SEP73100CE,565.6,617.2,557.9,609.5,31500,17
2026-09-24 15:23:00,SENSEX,PE,73100.0,SENSEX26SEP73100PE,0.75,0.75,0.5,0.5,582540,17
2026-09-24 15:23:00,SENSEX,CE,73200.0,SENSEX26SEP73200CE,464.25,518.4,459.95,511.65,48740,17
2026-09-24 15:23:00,SENSEX,PE,73200.0,SENSEX26SEP73200PE,1.25,1.3,0.65,0.65,1126620,17
2026-09-24 15:23:00,SENSEX,CE,73300.0,SENSEX26SEP73300CE,360.1,416.9,355.2,406.2,119640,17
2026-09-24 15:23:00,SENSEX,PE,73300.0,SENSEX26SEP73300PE,2.05,2.1,0.8,0.85,2833400,17
2026-09-24 15:23:00,SENSEX,CE,73400.0,SENSEX26SEP73400CE,255.25,316.55,255.25,304.4,300160,17
2026-09-24 15:23:00,SENSEX,PE,73400.0,SENSEX26SEP73400PE,5.3,5.45,1.4,1.7,4920360,17
2026-09-24 15:23:00,SENSEX,CE,73500.0,SENSEX26SEP73500CE,170.2,222.85,170.2,212.7,1245000,17
2026-09-24 15:23:00,SENSEX,PE,73500.0,SENSEX26SEP73500PE,14.7,15.05,5.35,5.9,8621700,17
2026-09-24 15:23:00,SENSEX,CE,73600.0,SENSEX26SEP73600CE,88.95,131.55,88.95,127.85,2607720,17
2026-09-24 15:23:00,SENSEX,PE,73600.0,SENSEX26SEP73600PE,37.15,40.9,17.0,19.1,6829700,17
2026-09-24 15:23:00,SENSEX,CE,73700.0,SENSEX26SEP73700CE,36.2,65.6,36.2,56.4,5510440,17
2026-09-24 15:23:00,SENSEX,PE,73700.0,SENSEX26SEP73700PE,87.1,87.1,48.9,53.25,5124120,17
2026-09-24 15:23:00,SENSEX,CE,73800.0,SENSEX26SEP73800CE,11.3,24.1,11.3,20.65,6971220,17
2026-09-24 15:23:00,SENSEX,PE,73800.0,SENSEX26SEP73800PE,156.0,158.5,107.15,111.45,2131880,17
2026-09-24 15:23:00,SENSEX,CE,73900.0,SENSEX26SEP73900CE,4.65,6.8,4.0,5.75,5302180,17
2026-09-24 15:23:00,SENSEX,PE,73900.0,SENSEX26SEP73900PE,253.05,253.05,190.2,198.95,986360,17
2026-09-24 15:23:00,SENSEX,CE,74000.0,SENSEX26SEP74000CE,1.8,3.15,1.8,2.65,5433040,17
2026-09-24 15:23:00,SENSEX,PE,74000.0,SENSEX26SEP74000PE,349.75,349.75,287.85,298.45,657240,17
2026-09-24 15:23:00,SENSEX,CE,74100.0,SENSEX26SEP74100CE,1.3,1.85,1.2,1.6,1738900,17
2026-09-24 15:23:00,SENSEX,PE,74100.0,SENSEX26SEP74100PE,444.65,444.65,385.25,394.35,137720,17
2026-09-24 15:23:00,SENSEX,CE,74200.0,SENSEX26SEP74200CE,1.15,1.4,1.05,1.2,1717700,17
2026-09-24 15:23:00,SENSEX,PE,74200.0,SENSEX26SEP74200PE,544.85,545.7,485.2,491.3,101940,17
2026-09-24 15:23:00,SENSEX,CE,74300.0,SENSEX26SEP74300CE,1.0,1.15,0.85,0.9,1377700,17
2026-09-24 15:23:00,SENSEX,PE,74300.0,SENSEX26SEP74300PE,654.8,654.8,588.8,600.0,49520,17
2026-09-24 15:24:00,SENSEX,FUT,0.0,SENSEX26SEPFUT,73695.9,73750.0,73695.9,73750.0,300,17
2026-09-24 15:24:00,SENSEX,SPOT,0.0,SENSEX,73719.83,73719.83,73719.83,73719.83,0,17
2026-09-24 15:24:00,SENSEX,CE,73100.0,SENSEX26SEP73100CE,603.0,624.75,598.35,613.65,34980,17
2026-09-24 15:24:00,SENSEX,PE,73100.0,SENSEX26SEP73100PE,0.45,0.7,0.45,0.6,709400,17
2026-09-24 15:24:00,SENSEX,CE,73200.0,SENSEX26SEP73200CE,501.0,521.55,501.0,513.75,73540,17
2026-09-24 15:24:00,SENSEX,PE,73200.0,SENSEX26SEP73200PE,0.65,0.9,0.6,0.75,1255580,17
2026-09-24 15:24:00,SENSEX,CE,73300.0,SENSEX26SEP73300CE,400.0,425.35,398.75,416.2,130200,17
2026-09-24 15:24:00,SENSEX,PE,73300.0,SENSEX26SEP73300PE,0.85,1.2,0.6,0.9,3018700,17
2026-09-24 15:24:00,SENSEX,CE,73400.0,SENSEX26SEP73400CE,301.55,326.45,299.4,321.05,335680,17
2026-09-24 15:24:00,SENSEX,PE,73400.0,SENSEX26SEP73400PE,1.55,2.35,1.3,2.0,5988980,17
2026-09-24 15:24:00,SENSEX,CE,73500.0,SENSEX26SEP73500CE,204.95,232.1,203.75,227.05,1586020,17
2026-09-24 15:24:00,SENSEX,PE,73500.0,SENSEX26SEP73500PE,5.05,9.0,5.05,7.65,7952480,17
2026-09-24 15:24:00,SENSEX,CE,73600.0,SENSEX26SEP73600CE,117.95,147.65,116.35,136.85,3491400,17
2026-09-24 15:24:00,SENSEX,PE,73600.0,SENSEX26SEP73600PE,16.3,24.85,16.3,21.35,6619740,17
2026-09-24 15:24:00,SENSEX,CE,73700.0,SENSEX26SEP73700CE,56.6,79.95,48.95,71.45,7485020,17
2026-09-24 15:24:00,SENSEX,PE,73700.0,SENSEX26SEP73700PE,53.15,60.65,52.15,52.15,6543360,17
2026-09-24 15:24:00,SENSEX,CE,73800.0,SENSEX26SEP73800CE,16.8,34.3,14.4,24.8,8366340,17
2026-09-24 15:24:00,SENSEX,PE,73800.0,SENSEX26SEP73800PE,113.7,121.4,105.1,107.35,3468140,17
2026-09-24 15:24:00,SENSEX,CE,73900.0,SENSEX26SEP73900CE,5.3,10.55,3.85,6.9,6720700,17
2026-09-24 15:24:00,SENSEX,PE,73900.0,SENSEX26SEP73900PE,206.1,209.25,184.55,190.25,1739040,17
2026-09-24 15:24:00,SENSEX,CE,74000.0,SENSEX26SEP74000CE,2.55,4.3,1.95,2.45,8096580,17
2026-09-24 15:24:00,SENSEX,PE,74000.0,SENSEX26SEP74000PE,301.95,309.45,274.6,284.35,748380,17
2026-09-24 15:24:00,SENSEX,CE,74100.0,SENSEX26SEP74100CE,1.5,1.6,0.7,0.8,3676760,17
2026-09-24 15:24:00,SENSEX,PE,74100.0,SENSEX26SEP74100PE,393.15,405.75,375.3,387.5,200280,17
2026-09-24 15:24:00,SENSEX,CE,74200.0,SENSEX26SEP74200CE,1.1,1.25,0.6,0.65,1426160,17
2026-09-24 15:24:00,SENSEX,PE,74200.0,SENSEX26SEP74200PE,490.1,504.25,471.0,482.85,120420,17
2026-09-24 15:24:00,SENSEX,CE,74300.0,SENSEX26SEP74300CE,0.85,1.05,0.6,0.65,1488480,17
2026-09-24 15:24:00,SENSEX,PE,74300.0,SENSEX26SEP74300PE,604.45,604.45,577.45,580.85,99400,17
2026-09-24 15:25:00,SENSEX,FUT,0.0,SENSEX26SEPFUT,73720.0,73777.5,73720.0,73724.45,1300,17
2026-09-24 15:25:00,SENSEX,SPOT,0.0,SENSEX,73719.83,73719.83,73719.83,73719.83,0,17
2026-09-24 15:25:00,SENSEX,CE,73100.0,SENSEX26SEP73100CE,622.1,686.85,622.1,635.7,7900,17
2026-09-24 15:25:00,SENSEX,PE,73100.0,SENSEX26SEP73100PE,0.4,0.4,0.3,0.4,507120,17
2026-09-24 15:25:00,SENSEX,CE,73200.0,SENSEX26SEP73200CE,524.7,570.4,520.1,550.1,29600,17
2026-09-24 15:25:00,SENSEX,PE,73200.0,SENSEX26SEP73200PE,0.4,0.55,0.35,0.55,1006980,17
2026-09-24 15:25:00,SENSEX,CE,73300.0,SENSEX26SEP73300CE,421.9,477.75,421.7,449.45,69420,17
2026-09-24 15:25:00,SENSEX,PE,73300.0,SENSEX26SEP73300PE,0.55,0.65,0.45,0.6,1391920,17
2026-09-24 15:25:00,SENSEX,CE,73400.0,SENSEX26SEP73400CE,321.25,385.5,321.25,349.1,186940,17
2026-09-24 15:25:00,SENSEX,PE,73400.0,SENSEX26SEP73400PE,1.25,1.4,0.85,0.95,2972260,17
2026-09-24 15:25:00,SENSEX,CE,73500.0,SENSEX26SEP73500CE,227.5,285.5,227.0,257.3,877500,17
2026-09-24 15:25:00,SENSEX,PE,73500.0,SENSEX26SEP73500PE,6.3,6.3,2.25,2.25,8501380,17
2026-09-24 15:25:00,SENSEX,CE,73600.0,SENSEX26SEP73600CE,146.85,199.45,138.7,158.5,1844860,17
2026-09-24 15:25:00,SENSEX,PE,73600.0,SENSEX26SEP73600PE,20.35,20.35,8.75,8.75,7312440,17
2026-09-24 15:25:00,SENSEX,CE,73700.0,SENSEX26SEP73700CE,77.5,115.6,68.7,80.0,5719820,17
2026-09-24 15:25:00,SENSEX,PE,73700.0,SENSEX26SEP73700PE,55.15,55.15,31.55,31.55,6146280,17
2026-09-24 15:25:00,SENSEX,CE,73800.0,SENSEX26SEP73800CE,28.15,52.3,22.45,28.2,8321580,17
2026-09-24 15:25:00,SENSEX,PE,73800.0,SENSEX26SEP73800PE,102.1,106.4,74.3,77.85,3004020,17
2026-09-24 15:25:00,SENSEX,CE,73900.0,SENSEX26SEP73900CE,7.65,16.1,5.6,6.0,7004480,17
2026-09-24 15:25:00,SENSEX,PE,73900.0,SENSEX26SEP73900PE,181.45,186.0,140.6,153.5,1262080,17
2026-09-24 15:25:00,SENSEX,CE,74000.0,SENSEX26SEP74000CE,2.55,4.0,1.35,1.45,7559780,17
2026-09-24 15:25:00,SENSEX,PE,74000.0,SENSEX26SEP74000PE,279.6,279.6,226.1,254.3,777440,17
2026-09-24 15:25:00,SENSEX,CE,74100.0,SENSEX26SEP74100CE,0.75,0.8,0.3,0.35,2000680,17
2026-09-24 15:25:00,SENSEX,PE,74100.0,SENSEX26SEP74100PE,378.0,378.0,320.6,347.05,171300,17
2026-09-24 15:25:00,SENSEX,CE,74200.0,SENSEX26SEP74200CE,0.65,0.7,0.25,0.35,943160,17
2026-09-24 15:25:00,SENSEX,PE,74200.0,SENSEX26SEP74200PE,474.05,476.25,420.75,453.65,100200,17
2026-09-24 15:25:00,SENSEX,CE,74300.0,SENSEX26SEP74300CE,0.5,0.6,0.35,0.4,818780,17
2026-09-24 15:25:00,SENSEX,PE,74300.0,SENSEX26SEP74300PE,575.15,578.6,523.95,551.8,42400,17
2026-09-24 15:26:00,SENSEX,FUT,0.0,SENSEX26SEPFUT,73735.55,73735.55,73720.0,73720.0,160,16
2026-09-24 15:26:00,SENSEX,SPOT,0.0,SENSEX,73719.83,73719.83,73719.83,73719.83,0,16
2026-09-24 15:26:00,SENSEX,CE,73100.0,SENSEX26SEP73100CE,642.25,642.25,596.75,596.75,16620,16
2026-09-24 15:26:00,SENSEX,PE,73100.0,SENSEX26SEP73100PE,0.4,0.45,0.2,0.2,466140,16
2026-09-24 15:26:00,SENSEX,CE,73200.0,SENSEX26SEP73200CE,543.65,543.65,499.15,499.15,41120,16
2026-09-24 15:26:00,SENSEX,PE,73200.0,SENSEX26SEP73200PE,0.45,0.55,0.2,0.25,713900,16
2026-09-24 15:26:00,SENSEX,CE,73300.0,SENSEX26SEP73300CE,441.65,441.65,403.7,403.7,115080,16
2026-09-24 15:26:00,SENSEX,PE,73300.0,SENSEX26SEP73300PE,0.55,0.55,0.2,0.3,1170560,16
2026-09-24 15:26:00,SENSEX,CE,73400.0,SENSEX26SEP73400CE,344.7,344.7,301.8,305.6,211740,16
2026-09-24 15:26:00,SENSEX,PE,73400.0,SENSEX26SEP73400PE,0.9,1.0,0.4,0.75,2421580,16
2026-09-24 15:26:00,SENSEX,CE,73500.0,SENSEX26SEP73500CE,240.85,240.85,203.7,207.75,595600,16
2026-09-24 15:26:00,SENSEX,PE,73500.0,SENSEX26SEP73500PE,2.0,2.95,0.85,2.2,6766960,16
2026-09-24 15:26:00,SENSEX,CE,73600.0,SENSEX26SEP73600CE,149.3,149.3,116.1,118.25,1530240,16
2026-09-24 15:26:00,SENSEX,PE,73600.0,SENSEX26SEP73600PE,8.35,13.3,5.2,13.3,9019620,16
2026-09-24 15:26:00,SENSEX,CE,73700.0,SENSEX26SEP73700CE,72.3,72.3,47.05,47.05,5967600,16
2026-09-24 15:26:00,SENSEX,PE,73700.0,SENSEX26SEP73700PE,31.45,49.55,27.05,49.55,7079140,16
2026-09-24 15:26:00,SENSEX,CE,73800.0,SENSEX26SEP73800CE,22.55,22.55,10.25,17.3,9140800,16
2026-09-24 15:26:00,SENSEX,PE,73800.0,SENSEX26SEP73800PE,82.25,113.35,82.25,113.35,3970660,16
2026-09-24 15:26:00,SENSEX,CE,73900.0,SENSEX26SEP73900CE,4.1,4.1,1.65,3.2,7914040,16
2026-09-24 15:26:00,SENSEX,PE,73900.0,SENSEX26SEP73900PE,165.4,202.5,165.4,195.35,966240,16
2026-09-24 15:26:00,SENSEX,CE,74000.0,SENSEX26SEP74000CE,1.2,1.2,0.35,0.95,4305060,16
2026-09-24 15:26:00,SENSEX,PE,74000.0,SENSEX26SEP74000PE,260.25,299.7,260.25,298.7,497900,16
2026-09-24 15:26:00,SENSEX,CE,74100.0,SENSEX26SEP74100CE,0.35,0.35,0.2,0.25,1645340,16
2026-09-24 15:26:00,SENSEX,PE,74100.0,SENSEX26SEP74100PE,361.4,411.95,361.4,393.1,214820,16
2026-09-24 15:26:00,SENSEX,CE,74200.0,SENSEX26SEP74200CE,0.35,0.35,0.25,0.25,712000,16
2026-09-24 15:26:00,SENSEX,PE,74200.0,SENSEX26SEP74200PE,460.9,494.8,460.9,494.8,139600,16
2026-09-24 15:26:00,SENSEX,CE,74300.0,SENSEX26SEP74300CE,0.4,0.4,0.25,0.3,380960,16
2026-09-24 15:26:00,SENSEX,PE,74300.0,SENSEX26SEP74300PE,559.8,601.35,559.8,601.35,84620,16
2026-09-24 15:27:00,SENSEX,FUT,0.0,SENSEX26SEPFUT,73720.0,73738.5,73601.85,73601.85,540,17
2026-09-24 15:27:00,SENSEX,SPOT,0.0,SENSEX,73719.83,73719.83,73719.83,73719.83,0,17
2026-09-24 15:27:00,SENSEX,CE,73100.0,SENSEX26SEP73100CE,606.15,606.15,513.95,521.9,35420,17
2026-09-24 15:27:00,SENSEX,PE,73100.0,SENSEX26SEP73100PE,0.25,0.3,0.1,0.25,605140,17
2026-09-24 15:27:00,SENSEX,CE,73200.0,SENSEX26SEP73200CE,500.65,513.7,424.3,424.3,118740,17
2026-09-24 15:27:00,SENSEX,PE,73200.0,SENSEX26SEP73200PE,0.25,0.45,0.15,0.25,624900,17
2026-09-24 15:27:00,SENSEX,CE,73300.0,SENSEX26SEP73300CE,403.4,403.4,323.1,323.1,376100,17
2026-09-24 15:27:00,SENSEX,PE,73300.0,SENSEX26SEP73300PE,0.35,0.55,0.2,0.3,1027800,17
2026-09-24 15:27:00,SENSEX,CE,73400.0,SENSEX26SEP73400CE,297.45,304.0,224.25,228.7,750800,17
2026-09-24 15:27:00,SENSEX,PE,73400.0,SENSEX26SEP73400PE,0.75,1.7,0.45,1.25,2429760,17
2026-09-24 15:27:00,SENSEX,CE,73500.0,SENSEX26SEP73500CE,197.3,215.65,111.8,131.1,2490300,17
2026-09-24 15:27:00,SENSEX,PE,73500.0,SENSEX26SEP73500PE,2.2,7.1,1.3,5.85,8523780,17
2026-09-24 15:27:00,SENSEX,CE,73600.0,SENSEX26SEP73600CE,107.4,118.85,45.25,57.45,4958760,17
2026-09-24 15:27:00,SENSEX,PE,73600.0,SENSEX26SEP73600PE,13.35,33.65,8.0,30.05,12967700,17
2026-09-24 15:27:00,SENSEX,CE,73700.0,SENSEX26SEP73700CE,45.75,45.75,11.0,15.6,12151940,17
2026-09-24 15:27:00,SENSEX,PE,73700.0,SENSEX26SEP73700PE,43.15,107.4,40.5,91.1,11860940,17
2026-09-24 15:27:00,SENSEX,CE,73800.0,SENSEX26SEP73800CE,11.0,11.85,2.05,2.9,14920140,17
2026-09-24 15:27:00,SENSEX,PE,73800.0,SENSEX26SEP73800PE,118.05,198.9,100.9,175.55,5878920,17
2026-09-24 15:27:00,SENSEX,CE,73900.0,SENSEX26SEP73900CE,2.45,2.45,0.8,1.0,7919200,17
2026-09-24 15:27:00,SENSEX,PE,73900.0,SENSEX26SEP73900PE,209.1,280.2,200.7,274.05,1907160,17
2026-09-24 15:27:00,SENSEX,CE,74000.0,SENSEX26SEP74000CE,0.6,0.75,0.35,0.5,3023260,17
2026-09-24 15:27:00,SENSEX,PE,74000.0,SENSEX26SEP74000PE,292.2,379.45,292.2,373.05,863840,17
2026-09-24 15:27:00,SENSEX,CE,74100.0,SENSEX26SEP74100CE,0.2,0.25,0.2,0.25,1191600,17
2026-09-24 15:27:00,SENSEX,PE,74100.0,SENSEX26SEP74100PE,411.1,484.8,392.65,473.15,360300,17
2026-09-24 15:27:00,SENSEX,CE,74200.0,SENSEX26SEP74200CE,0.3,0.3,0.2,0.25,374340,17
2026-09-24 15:27:00,SENSEX,PE,74200.0,SENSEX26SEP74200PE,504.35,579.1,485.2,575.0,181340,17
2026-09-24 15:27:00,SENSEX,CE,74300.0,SENSEX26SEP74300CE,0.3,0.3,0.15,0.25,405720,17
2026-09-24 15:27:00,SENSEX,PE,74300.0,SENSEX26SEP74300PE,604.95,696.2,600.6,676.9,121800,17
2026-09-24 15:28:00,SENSEX,FUT,0.0,SENSEX26SEPFUT,73601.85,73631.45,73601.85,73622.5,100,17
2026-09-24 15:28:00,SENSEX,SPOT,0.0,SENSEX,73719.83,73719.83,73719.83,73719.83,0,17
2026-09-24 15:28:00,SENSEX,CE,73100.0,SENSEX26SEP73100CE,524.75,538.8,483.6,495.75,15440,17
2026-09-24 15:28:00,SENSEX,PE,73100.0,SENSEX26SEP73100PE,0.25,0.25,0.1,0.1,190100,17
2026-09-24 15:28:00,SENSEX,CE,73200.0,SENSEX26SEP73200CE,424.4,444.6,383.55,395.7,34780,17
2026-09-24 15:28:00,SENSEX,PE,73200.0,SENSEX26SEP73200PE,0.3,0.3,0.15,0.15,269480,17
2026-09-24 15:28:00,SENSEX,CE,73300.0,SENSEX26SEP73300CE,320.9,343.35,284.7,295.45,87700,17
2026-09-24 15:28:00,SENSEX,PE,73300.0,SENSEX26SEP73300PE,0.2,0.25,0.15,0.15,638500,17
2026-09-24 15:28:00,SENSEX,CE,73400.0,SENSEX26SEP73400CE,219.95,244.45,185.9,194.25,222940,17
2026-09-24 15:28:00,SENSEX,PE,73400.0,SENSEX26SEP73400PE,1.0,1.05,0.35,0.4,1508480,17
2026-09-24 15:28:00,SENSEX,CE,73500.0,SENSEX26SEP73500CE,128.3,145.1,87.6,95.1,1235340,17
2026-09-24 15:28:00,SENSEX,PE,73500.0,SENSEX26SEP73500PE,5.45,5.45,0.9,0.9,8762840,17
2026-09-24 15:28:00,SENSEX,CE,73600.0,SENSEX26SEP73600CE,54.9,54.9,12.7,17.05,5743560,17
2026-09-24 15:28:00,SENSEX,PE,73600.0,SENSEX26SEP73600PE,32.5,32.9,10.8,24.3,10252080,17
2026-09-24 15:28:00,SENSEX,CE,73700.0,SENSEX26SEP73700CE,13.4,13.4,2.1,3.05,13121160,17
2026-09-24 15:28:00,SENSEX,PE,73700.0,SENSEX26SEP73700PE,89.85,116.75,61.75,108.75,6742320,17
2026-09-24 15:28:00,SENSEX,CE,73800.0,SENSEX26SEP73800CE,2.4,2.4,0.4,0.4,7677580,17
2026-09-24 15:28:00,SENSEX,PE,73800.0,SENSEX26SEP73800PE,183.55,215.95,157.0,209.9,1465080,17
2026-09-24 15:28:00,SENSEX,CE,73900.0,SENSEX26SEP73900CE,0.8,0.8,0.2,0.2,3380520,17
2026-09-24 15:28:00,SENSEX,PE,73900.0,SENSEX26SEP73900PE,276.0,315.75,258.35,304.75,429700,17
2026-09-24 15:28:00,SENSEX,CE,74000.0,SENSEX26SEP74000CE,0.45,0.45,0.2,0.25,1918860,17
2026-09-24 15:28:00,SENSEX,PE,74000.0,SENSEX26SEP74000PE,376.5,417.55,357.25,407.55,367680,17
2026-09-24 15:28:00,SENSEX,CE,74100.0,SENSEX26SEP74100CE,0.2,0.25,0.15,0.2,893020,17
2026-09-24 15:28:00,SENSEX,PE,74100.0,SENSEX26SEP74100PE,480.7,514.15,458.3,505.95,149460,17
2026-09-24 15:28:00,SENSEX,CE,74200.0,SENSEX26SEP74200CE,0.2,0.3,0.15,0.15,409180,17
2026-09-24 15:28:00,SENSEX,PE,74200.0,SENSEX26SEP74200PE,582.0,612.65,557.75,603.55,70460,17
2026-09-24 15:28:00,SENSEX,CE,74300.0,SENSEX26SEP74300CE,0.25,0.25,0.2,0.25,253060,17
2026-09-24 15:28:00,SENSEX,PE,74300.0,SENSEX26SEP74300PE,676.55,715.75,655.0,705.55,44040,17
2026-09-24 15:29:00,SENSEX,FUT,0.0,SENSEX26SEPFUT,73600.0,73624.0,73576.7,73576.75,1560,17
2026-09-24 15:29:00,SENSEX,SPOT,0.0,SENSEX,73719.83,73719.83,73580.54,73580.54,0,17
2026-09-24 15:29:00,SENSEX,CE,73100.0,SENSEX26SEP73100CE,498.8,515.45,479.65,480.05,88880,17
2026-09-24 15:29:00,SENSEX,PE,73100.0,SENSEX26SEP73100PE,0.1,0.15,0.05,0.1,222220,17
2026-09-24 15:29:00,SENSEX,CE,73200.0,SENSEX26SEP73200CE,398.15,415.2,380.05,381.5,157820,17
2026-09-24 15:29:00,SENSEX,PE,73200.0,SENSEX26SEP73200PE,0.15,0.15,0.1,0.1,606260,17
2026-09-24 15:29:00,SENSEX,CE,73300.0,SENSEX26SEP73300CE,301.8,316.8,280.5,281.4,300460,17
2026-09-24 15:29:00,SENSEX,PE,73300.0,SENSEX26SEP73300PE,0.1,0.15,0.05,0.05,784300,17
2026-09-24 15:29:00,SENSEX,CE,73400.0,SENSEX26SEP73400CE,199.05,215.8,180.15,180.15,493360,17
2026-09-24 15:29:00,SENSEX,PE,73400.0,SENSEX26SEP73400PE,0.2,0.25,0.05,0.05,1907880,17
2026-09-24 15:29:00,SENSEX,CE,73500.0,SENSEX26SEP73500CE,98.5,115.5,80.55,81.0,2422500,17
2026-09-24 15:29:00,SENSEX,PE,73500.0,SENSEX26SEP73500PE,0.55,0.55,0.1,0.15,7508860,17
2026-09-24 15:29:00,SENSEX,CE,73600.0,SENSEX26SEP73600CE,19.3,27.25,0.2,0.25,10170100,17
2026-09-24 15:29:00,SENSEX,PE,73600.0,SENSEX26SEP73600PE,16.05,22.4,9.45,19.65,13048300,17
2026-09-24 15:29:00,SENSEX,CE,73700.0,SENSEX26SEP73700CE,2.8,3.7,0.1,0.15,11546540,17
2026-09-24 15:29:00,SENSEX,PE,73700.0,SENSEX26SEP73700PE,99.6,119.5,83.75,119.5,6043120,17
2026-09-24 15:29:00,SENSEX,CE,73800.0,SENSEX26SEP73800CE,0.4,0.75,0.1,0.15,4187300,17
2026-09-24 15:29:00,SENSEX,PE,73800.0,SENSEX26SEP73800PE,199.4,219.75,184.55,219.55,1611600,17
2026-09-24 15:29:00,SENSEX,CE,73900.0,SENSEX26SEP73900CE,0.25,0.35,0.1,0.1,1775180,17
2026-09-24 15:29:00,SENSEX,PE,73900.0,SENSEX26SEP73900PE,296.0,320.0,283.55,319.9,501400,17
2026-09-24 15:29:00,SENSEX,CE,74000.0,SENSEX26SEP74000CE,0.25,0.25,0.15,0.15,1496500,17
2026-09-24 15:29:00,SENSEX,PE,74000.0,SENSEX26SEP74000PE,396.65,419.75,381.5,418.2,444820,17
2026-09-24 15:29:00,SENSEX,CE,74100.0,SENSEX26SEP74100CE,0.2,0.2,0.1,0.15,592400,17
2026-09-24 15:29:00,SENSEX,PE,74100.0,SENSEX26SEP74100PE,495.8,520.6,484.05,518.8,216460,17
2026-09-24 15:29:00,SENSEX,CE,74200.0,SENSEX26SEP74200CE,0.2,0.25,0.1,0.15,574860,17
2026-09-24 15:29:00,SENSEX,PE,74200.0,SENSEX26SEP74200PE,597.15,620.05,583.7,619.85,146860,17
2026-09-24 15:29:00,SENSEX,CE,74300.0,SENSEX26SEP74300CE,0.2,0.25,0.1,0.15,334180,17
2026-09-24 15:29:00,SENSEX,PE,74300.0,SENSEX26SEP74300PE,696.35,722.25,683.55,721.25,80280,17
2026-09-24 15:30:00,SENSEX,FUT,0.0,SENSEX26SEPFUT,73576.95,73578.0,73576.85,73578.0,300,12
2026-09-24 15:30:00,SENSEX,SPOT,0.0,SENSEX,73580.54,73580.54,73580.54,73580.54,0,12
2026-09-24 15:30:00,SENSEX,CE,73100.0,SENSEX26SEP73100CE,480.05,481.05,479.55,479.6,2480,12
2026-09-24 15:30:00,SENSEX,PE,73100.0,SENSEX26SEP73100PE,0.05,0.05,0.05,0.05,405520,12
2026-09-24 15:30:00,SENSEX,CE,73200.0,SENSEX26SEP73200CE,381.65,382.05,380.0,381.0,10300,12
2026-09-24 15:30:00,SENSEX,PE,73200.0,SENSEX26SEP73200PE,0.05,0.1,0.05,0.05,551780,12
2026-09-24 15:30:00,SENSEX,CE,73300.0,SENSEX26SEP73300CE,281.8,281.85,280.35,280.4,15020,12
2026-09-24 15:30:00,SENSEX,PE,73300.0,SENSEX26SEP73300PE,0.1,0.1,0.05,0.05,435840,12
2026-09-24 15:30:00,SENSEX,CE,73400.0,SENSEX26SEP73400CE,181.2,181.2,180.25,181.0,56040,12
2026-09-24 15:30:00,SENSEX,PE,73400.0,SENSEX26SEP73400PE,0.1,0.1,0.05,0.05,668700,12
2026-09-24 15:30:00,SENSEX,CE,73500.0,SENSEX26SEP73500CE,80.8,80.85,80.4,80.4,470720,12
2026-09-24 15:30:00,SENSEX,PE,73500.0,SENSEX26SEP73500PE,0.15,0.2,0.1,0.1,2477780,12
2026-09-24 15:30:00,SENSEX,CE,73600.0,SENSEX26SEP73600CE,0.25,0.25,0.1,0.1,2539940,12
2026-09-24 15:30:00,SENSEX,PE,73600.0,SENSEX26SEP73600PE,19.5,19.7,19.45,19.45,3082300,12
2026-09-24 15:30:00,SENSEX,CE,73700.0,SENSEX26SEP73700CE,0.1,0.15,0.05,0.05,3103040,12
2026-09-24 15:30:00,SENSEX,PE,73700.0,SENSEX26SEP73700PE,118.9,119.45,118.8,118.95,987380,12
2026-09-24 15:30:00,SENSEX,CE,73800.0,SENSEX26SEP73800CE,0.1,0.15,0.05,0.1,1449400,12
2026-09-24 15:30:00,SENSEX,PE,73800.0,SENSEX26SEP73800PE,219.4,219.55,218.75,219.5,338840,12
2026-09-24 15:30:00,SENSEX,CE,73900.0,SENSEX26SEP73900CE,0.15,0.15,0.05,0.05,695820,12
2026-09-24 15:30:00,SENSEX,PE,73900.0,SENSEX26SEP73900PE,318.8,320.0,318.7,319.05,75560,12
2026-09-24 15:30:00,SENSEX,CE,74000.0,SENSEX26SEP74000CE,0.15,0.2,0.1,0.15,980760,12
2026-09-24 15:30:00,SENSEX,PE,74000.0,SENSEX26SEP74000PE,419.55,420.55,418.25,420.25,152200,12
2026-09-24 15:30:00,SENSEX,CE,74100.0,SENSEX26SEP74100CE,0.1,0.15,0.1,0.1,360260,12
2026-09-24 15:30:00,SENSEX,PE,74100.0,SENSEX26SEP74100PE,518.5,520.5,518.45,519.0,20260,12
2026-09-24 15:30:00,SENSEX,CE,74200.0,SENSEX26SEP74200CE,0.1,0.15,0.1,0.1,335920,12
2026-09-24 15:30:00,SENSEX,PE,74200.0,SENSEX26SEP74200PE,618.65,620.3,618.2,619.1,19740,12
2026-09-24 15:30:00,SENSEX,CE,74300.0,SENSEX26SEP74300CE,0.1,0.15,0.1,0.15,242700,12
2026-09-24 15:30:00,SENSEX,PE,74300.0,SENSEX26SEP74300PE,720.85,721.2,718.0,721.1,21980,12
2026-09-24 15:31:00,SENSEX,FUT,0.0,SENSEX26SEPFUT,73592.0,73592.0,73592.0,73592.0,0,4
2026-09-24 15:31:00,SENSEX,SPOT,0.0,SENSEX,73580.54,73580.54,73580.54,73580.54,0,4
2026-09-24 15:31:00,SENSEX,CE,73100.0,SENSEX26SEP73100CE,479.6,479.6,479.6,479.6,480,4
2026-09-24 15:31:00,SENSEX,PE,73100.0,SENSEX26SEP73100PE,0.05,0.05,0.05,0.05,16400,4
2026-09-24 15:31:00,SENSEX,CE,73200.0,SENSEX26SEP73200CE,379.5,380.7,379.5,379.7,340,4
2026-09-24 15:31:00,SENSEX,PE,73200.0,SENSEX26SEP73200PE,0.05,0.05,0.05,0.05,40400,4
2026-09-24 15:31:00,SENSEX,CE,73300.0,SENSEX26SEP73300CE,281.05,281.05,280.25,280.25,1460,4
2026-09-24 15:31:00,SENSEX,PE,73300.0,SENSEX26SEP73300PE,0.05,0.05,0.05,0.05,11380,4
2026-09-24 15:31:00,SENSEX,CE,73400.0,SENSEX26SEP73400CE,180.2,180.8,180.05,180.15,7940,4
2026-09-24 15:31:00,SENSEX,PE,73400.0,SENSEX26SEP73400PE,0.05,0.1,0.05,0.1,42240,4
2026-09-24 15:31:00,SENSEX,CE,73500.0,SENSEX26SEP73500CE,80.6,80.6,80.35,80.35,94740,4
2026-09-24 15:31:00,SENSEX,PE,73500.0,SENSEX26SEP73500PE,0.05,0.05,0.05,0.05,161300,4
2026-09-24 15:31:00,SENSEX,CE,73600.0,SENSEX26SEP73600CE,0.1,0.1,0.1,0.1,168060,4
2026-09-24 15:31:00,SENSEX,PE,73600.0,SENSEX26SEP73600PE,19.4,19.5,19.4,19.45,425760,4
2026-09-24 15:31:00,SENSEX,CE,73700.0,SENSEX26SEP73700CE,0.05,0.05,0.05,0.05,67340,4
2026-09-24 15:31:00,SENSEX,PE,73700.0,SENSEX26SEP73700PE,118.95,119.3,118.95,119.3,233940,4
2026-09-24 15:31:00,SENSEX,CE,73800.0,SENSEX26SEP73800CE,0.1,0.1,0.05,0.1,115060,4
2026-09-24 15:31:00,SENSEX,PE,73800.0,SENSEX26SEP73800PE,220.05,220.05,219.2,219.2,12700,4
2026-09-24 15:31:00,SENSEX,CE,73900.0,SENSEX26SEP73900CE,0.05,0.05,0.05,0.05,63380,4
2026-09-24 15:31:00,SENSEX,PE,73900.0,SENSEX26SEP73900PE,319.05,320.3,319.05,320.3,11020,4
2026-09-24 15:31:00,SENSEX,CE,74000.0,SENSEX26SEP74000CE,0.05,0.05,0.05,0.05,59480,4
2026-09-24 15:31:00,SENSEX,PE,74000.0,SENSEX26SEP74000PE,420.6,420.6,419.65,420.5,10560,4
2026-09-24 15:31:00,SENSEX,CE,74100.0,SENSEX26SEP74100CE,0.1,0.1,0.05,0.1,12440,4
2026-09-24 15:31:00,SENSEX,PE,74100.0,SENSEX26SEP74100PE,519.05,520.35,519.05,520.35,1760,4
2026-09-24 15:31:00,SENSEX,CE,74200.0,SENSEX26SEP74200CE,0.1,0.1,0.05,0.05,37800,4
2026-09-24 15:31:00,SENSEX,PE,74200.0,SENSEX26SEP74200PE,619.25,620.2,619.25,620.2,1480,4
2026-09-24 15:31:00,SENSEX,CE,74300.0,SENSEX26SEP74300CE,0.1,0.1,0.05,0.1,28880,4
2026-09-24 15:31:00,SENSEX,PE,74300.0,SENSEX26SEP74300PE,719.65,721.15,719.1,719.1,1340,4
2026-09-24 21:21:00,SENSEX,FUT,0.0,SENSEX26SEPFUT,73576.6,73576.6,73576.6,73576.6,0,5
2026-09-24 21:21:00,SENSEX,SPOT,0.0,SENSEX,73580.54,73580.54,73580.54,73580.54,0,5
2026-09-24 21:21:00,SENSEX,CE,73000.0,SENSEX26SEP73000CE,578.95,578.95,578.95,578.95,0,5
2026-09-24 21:21:00,SENSEX,PE,73000.0,SENSEX26SEP73000PE,0.05,0.05,0.05,0.05,0,5
2026-09-24 21:21:00,SENSEX,CE,73100.0,SENSEX26SEP73100CE,479.55,479.55,479.55,479.55,0,5
2026-09-24 21:21:00,SENSEX,PE,73100.0,SENSEX26SEP73100PE,0.05,0.05,0.05,0.05,0,5
2026-09-24 21:21:00,SENSEX,CE,73200.0,SENSEX26SEP73200CE,379.5,379.5,379.5,379.5,0,5
2026-09-24 21:21:00,SENSEX,PE,73200.0,SENSEX26SEP73200PE,0.05,0.05,0.05,0.05,0,5
2026-09-24 21:21:00,SENSEX,CE,73300.0,SENSEX26SEP73300CE,279.9,279.9,279.9,279.9,0,5
2026-09-24 21:21:00,SENSEX,PE,73300.0,SENSEX26SEP73300PE,0.05,0.05,0.05,0.05,0,5
2026-09-24 21:21:00,SENSEX,CE,73400.0,SENSEX26SEP73400CE,180.1,180.1,180.1,180.1,0,5
2026-09-24 21:21:00,SENSEX,PE,73400.0,SENSEX26SEP73400PE,0.05,0.05,0.05,0.05,0,5
2026-09-24 21:21:00,SENSEX,CE,73500.0,SENSEX26SEP73500CE,80.35,80.35,80.35,80.35,0,5
2026-09-24 21:21:00,SENSEX,PE,73500.0,SENSEX26SEP73500PE,0.05,0.05,0.05,0.05,0,5
2026-09-24 21:21:00,SENSEX,CE,73600.0,SENSEX26SEP73600CE,0.05,0.05,0.05,0.05,0,5
2026-09-24 21:21:00,SENSEX,PE,73600.0,SENSEX26SEP73600PE,19.35,19.35,19.35,19.35,0,5
2026-09-24 21:21:00,SENSEX,CE,73700.0,SENSEX26SEP73700CE,0.05,0.05,0.05,0.05,0,5
2026-09-24 21:21:00,SENSEX,PE,73700.0,SENSEX26SEP73700PE,119.2,119.2,119.2,119.2,0,5
2026-09-24 21:21:00,SENSEX,CE,73800.0,SENSEX26SEP73800CE,0.05,0.05,0.05,0.05,0,5
2026-09-24 21:21:00,SENSEX,PE,73800.0,SENSEX26SEP73800PE,219.05,219.05,219.05,219.05,0,5
2026-09-24 21:21:00,SENSEX,CE,73900.0,SENSEX26SEP73900CE,0.05,0.05,0.05,0.05,0,5
2026-09-24 21:21:00,SENSEX,PE,73900.0,SENSEX26SEP73900PE,320.0,320.0,320.0,320.0,0,5
2026-09-24 21:21:00,SENSEX,CE,74000.0,SENSEX26SEP74000CE,0.05,0.05,0.05,0.05,0,5
2026-09-24 21:21:00,SENSEX,PE,74000.0,SENSEX26SEP74000PE,420.9,420.9,420.9,420.9,0,5
2026-09-24 21:21:00,SENSEX,CE,74100.0,SENSEX26SEP74100CE,0.05,0.05,0.05,0.05,0,5
2026-09-24 21:21:00,SENSEX,PE,74100.0,SENSEX26SEP74100PE,518.9,518.9,518.9,518.9,0,5
2026-09-24 21:21:00,SENSEX,CE,74200.0,SENSEX26SEP74200CE,0.05,0.05,0.05,0.05,0,5
2026-09-24 21:21:00,SENSEX,PE,74200.0,SENSEX26SEP74200PE,621.0,621.0,621.0,621.0,0,5
2026-09-24 21:22:00,SENSEX,FUT,0.0,SENSEX26SEPFUT,73576.6,73576.6,73576.6,73576.6,0,17
2026-09-24 21:22:00,SENSEX,SPOT,0.0,SENSEX,73580.54,73580.54,73580.54,73580.54,0,17
2026-09-24 21:22:00,SENSEX,CE,73000.0,SENSEX26SEP73000CE,578.95,578.95,578.95,578.95,0,17
2026-09-24 21:22:00,SENSEX,PE,73000.0,SENSEX26SEP73000PE,0.05,0.05,0.05,0.05,0,17
2026-09-24 21:22:00,SENSEX,CE,73100.0,SENSEX26SEP73100CE,479.55,479.55,479.55,479.55,0,17
2026-09-24 21:22:00,SENSEX,PE,73100.0,SENSEX26SEP73100PE,0.05,0.05,0.05,0.05,0,17
2026-09-24 21:22:00,SENSEX,CE,73200.0,SENSEX26SEP73200CE,379.5,379.5,379.5,379.5,0,17
2026-09-24 21:22:00,SENSEX,PE,73200.0,SENSEX26SEP73200PE,0.05,0.05,0.05,0.05,0,17
2026-09-24 21:22:00,SENSEX,CE,73300.0,SENSEX26SEP73300CE,279.9,279.9,279.9,279.9,0,17
2026-09-24 21:22:00,SENSEX,PE,73300.0,SENSEX26SEP73300PE,0.05,0.05,0.05,0.05,0,17
2026-09-24 21:22:00,SENSEX,CE,73400.0,SENSEX26SEP73400CE,180.1,180.1,180.1,180.1,0,17
2026-09-24 21:22:00,SENSEX,PE,73400.0,SENSEX26SEP73400PE,0.05,0.05,0.05,0.05,0,17
2026-09-24 21:22:00,SENSEX,CE,73500.0,SENSEX26SEP73500CE,80.35,80.35,80.35,80.35,0,17
2026-09-24 21:22:00,SENSEX,PE,73500.0,SENSEX26SEP73500PE,0.05,0.05,0.05,0.05,0,17
2026-09-24 21:22:00,SENSEX,CE,73600.0,SENSEX26SEP73600CE,0.05,0.05,0.05,0.05,0,17
2026-09-24 21:22:00,SENSEX,PE,73600.0,SENSEX26SEP73600PE,19.35,19.35,19.35,19.35,0,17
2026-09-24 21:22:00,SENSEX,CE,73700.0,SENSEX26SEP73700CE,0.05,0.05,0.05,0.05,0,17
2026-09-24 21:22:00,SENSEX,PE,73700.0,SENSEX26SEP73700PE,119.2,119.2,119.2,119.2,0,17
2026-09-24 21:22:00,SENSEX,CE,73800.0,SENSEX26SEP73800CE,0.05,0.05,0.05,0.05,0,17
2026-09-24 21:22:00,SENSEX,PE,73800.0,SENSEX26SEP73800PE,219.05,219.05,219.05,219.05,0,17
2026-09-24 21:22:00,SENSEX,CE,73900.0,SENSEX26SEP73900CE,0.05,0.05,0.05,0.05,0,17
2026-09-24 21:22:00,SENSEX,PE,73900.0,SENSEX26SEP73900PE,320.0,320.0,320.0,320.0,0,17
2026-09-24 21:22:00,SENSEX,CE,74000.0,SENSEX26SEP74000CE,0.05,0.05,0.05,0.05,0,17
2026-09-24 21:22:00,SENSEX,PE,74000.0,SENSEX26SEP74000PE,420.9,420.9,420.9,420.9,0,17
2026-09-24 21:22:00,SENSEX,CE,74100.0,SENSEX26SEP74100CE,0.05,0.05,0.05,0.05,0,17
2026-09-24 21:22:00,SENSEX,PE,74100.0,SENSEX26SEP74100PE,518.9,518.9,518.9,518.9,0,17
2026-09-24 21:22:00,SENSEX,CE,74200.0,SENSEX26SEP74200CE,0.05,0.05,0.05,0.05,0,17
2026-09-24 21:22:00,SENSEX,PE,74200.0,SENSEX26SEP74200PE,621.0,621.0,621.0,621.0,0,17
2026-09-24 21:23:00,SENSEX,FUT,0.0,SENSEX26SEPFUT,73576.6,73576.6,73576.6,73576.6,0,16
2026-09-24 21:23:00,SENSEX,SPOT,0.0,SENSEX,73580.54,73580.54,73580.54,73580.54,0,16
2026-09-24 21:23:00,SENSEX,CE,73000.0,SENSEX26SEP73000CE,578.95,578.95,578.95,578.95,0,16
2026-09-24 21:23:00,SENSEX,PE,73000.0,SENSEX26SEP73000PE,0.05,0.05,0.05,0.05,0,16
2026-09-24 21:23:00,SENSEX,CE,73100.0,SENSEX26SEP73100CE,479.55,479.55,479.55,479.55,0,16
2026-09-24 21:23:00,SENSEX,PE,73100.0,SENSEX26SEP73100PE,0.05,0.05,0.05,0.05,0,16
2026-09-24 21:23:00,SENSEX,CE,73200.0,SENSEX26SEP73200CE,379.5,379.5,379.5,379.5,0,16
2026-09-24 21:23:00,SENSEX,PE,73200.0,SENSEX26SEP73200PE,0.05,0.05,0.05,0.05,0,16
2026-09-24 21:23:00,SENSEX,CE,73300.0,SENSEX26SEP73300CE,279.9,279.9,279.9,279.9,0,16
2026-09-24 21:23:00,SENSEX,PE,73300.0,SENSEX26SEP73300PE,0.05,0.05,0.05,0.05,0,16
2026-09-24 21:23:00,SENSEX,CE,73400.0,SENSEX26SEP73400CE,180.1,180.1,180.1,180.1,0,16
2026-09-24 21:23:00,SENSEX,PE,73400.0,SENSEX26SEP73400PE,0.05,0.05,0.05,0.05,0,16
2026-09-24 21:23:00,SENSEX,CE,73500.0,SENSEX26SEP73500CE,80.35,80.35,80.35,80.35,0,16
2026-09-24 21:23:00,SENSEX,PE,73500.0,SENSEX26SEP73500PE,0.05,0.05,0.05,0.05,0,16
2026-09-24 21:23:00,SENSEX,CE,73600.0,SENSEX26SEP73600CE,0.05,0.05,0.05,0.05,0,16
2026-09-24 21:23:00,SENSEX,PE,73600.0,SENSEX26SEP73600PE,19.35,19.35,19.35,19.35,0,16
2026-09-24 21:23:00,SENSEX,CE,73700.0,SENSEX26SEP73700CE,0.05,0.05,0.05,0.05,0,16
2026-09-24 21:23:00,SENSEX,PE,73700.0,SENSEX26SEP73700PE,119.2,119.2,119.2,119.2,0,16
2026-09-24 21:23:00,SENSEX,CE,73800.0,SENSEX26SEP73800CE,0.05,0.05,0.05,0.05,0,16
2026-09-24 21:23:00,SENSEX,PE,73800.0,SENSEX26SEP73800PE,219.05,219.05,219.05,219.05,0,16
2026-09-24 21:23:00,SENSEX,CE,73900.0,SENSEX26SEP73900CE,0.05,0.05,0.05,0.05,0,16
2026-09-24 21:23:00,SENSEX,PE,73900.0,SENSEX26SEP73900PE,320.0,320.0,320.0,320.0,0,16
2026-09-24 21:23:00,SENSEX,CE,74000.0,SENSEX26SEP74000CE,0.05,0.05,0.05,0.05,0,16
2026-09-24 21:23:00,SENSEX,PE,74000.0,SENSEX26SEP74000PE,420.9,420.9,420.9,420.9,0,16
2026-09-24 21:23:00,SENSEX,CE,74100.0,SENSEX26SEP74100CE,0.05,0.05,0.05,0.05,0,16
2026-09-24 21:23:00,SENSEX,PE,74100.0,SENSEX26SEP74100PE,518.9,518.9,518.9,518.9,0,16
2026-09-24 21:23:00,SENSEX,CE,74200.0,SENSEX26SEP74200CE,0.05,0.05,0.05,0.05,0,16
2026-09-24 21:23:00,SENSEX,PE,74200.0,SENSEX26SEP74200PE,621.0,621.0,621.0,621.0,0,16
2026-09-24 21:24:00,SENSEX,FUT,0.0,SENSEX26SEPFUT,73576.6,73576.6,73576.6,73576.6,0,16
2026-09-24 21:24:00,SENSEX,SPOT,0.0,SENSEX,73580.54,73580.54,73580.54,73580.54,0,16
2026-09-24 21:24:00,SENSEX,CE,73000.0,SENSEX26SEP73000CE,578.95,578.95,578.95,578.95,0,16
2026-09-24 21:24:00,SENSEX,PE,73000.0,SENSEX26SEP73000PE,0.05,0.05,0.05,0.05,0,16
2026-09-24 21:24:00,SENSEX,CE,73100.0,SENSEX26SEP73100CE,479.55,479.55,479.55,479.55,0,16
2026-09-24 21:24:00,SENSEX,PE,73100.0,SENSEX26SEP73100PE,0.05,0.05,0.05,0.05,0,16
2026-09-24 21:24:00,SENSEX,CE,73200.0,SENSEX26SEP73200CE,379.5,379.5,379.5,379.5,0,16
2026-09-24 21:24:00,SENSEX,PE,73200.0,SENSEX26SEP73200PE,0.05,0.05,0.05,0.05,0,16
2026-09-24 21:24:00,SENSEX,CE,73300.0,SENSEX26SEP73300CE,279.9,279.9,279.9,279.9,0,16
2026-09-24 21:24:00,SENSEX,PE,73300.0,SENSEX26SEP73300PE,0.05,0.05,0.05,0.05,0,16
2026-09-24 21:24:00,SENSEX,CE,73400.0,SENSEX26SEP73400CE,180.1,180.1,180.1,180.1,0,16
2026-09-24 21:24:00,SENSEX,PE,73400.0,SENSEX26SEP73400PE,0.05,0.05,0.05,0.05,0,16
2026-09-24 21:24:00,SENSEX,CE,73500.0,SENSEX26SEP73500CE,80.35,80.35,80.35,80.35,0,16
2026-09-24 21:24:00,SENSEX,PE,73500.0,SENSEX26SEP73500PE,0.05,0.05,0.05,0.05,0,16
2026-09-24 21:24:00,SENSEX,CE,73600.0,SENSEX26SEP73600CE,0.05,0.05,0.05,0.05,0,16
2026-09-24 21:24:00,SENSEX,PE,73600.0,SENSEX26SEP73600PE,19.35,19.35,19.35,19.35,0,16
2026-09-24 21:24:00,SENSEX,CE,73700.0,SENSEX26SEP73700CE,0.05,0.05,0.05,0.05,0,16
2026-09-24 21:24:00,SENSEX,PE,73700.0,SENSEX26SEP73700PE,119.2,119.2,119.2,119.2,0,16
2026-09-24 21:24:00,SENSEX,CE,73800.0,SENSEX26SEP73800CE,0.05,0.05,0.05,0.05,0,16
2026-09-24 21:24:00,SENSEX,PE,73800.0,SENSEX26SEP73800PE,219.05,219.05,219.05,219.05,0,16
2026-09-24 21:24:00,SENSEX,CE,73900.0,SENSEX26SEP73900CE,0.05,0.05,0.05,0.05,0,16
2026-09-24 21:24:00,SENSEX,PE,73900.0,SENSEX26SEP73900PE,320.0,320.0,320.0,320.0,0,16
2026-09-24 21:24:00,SENSEX,CE,74000.0,SENSEX26SEP74000CE,0.05,0.05,0.05,0.05,0,16
2026-09-24 21:24:00,SENSEX,PE,74000.0,SENSEX26SEP74000PE,420.9,420.9,420.9,420.9,0,16
2026-09-24 21:24:00,SENSEX,CE,74100.0,SENSEX26SEP74100CE,0.05,0.05,0.05,0.05,0,16
2026-09-24 21:24:00,SENSEX,PE,74100.0,SENSEX26SEP74100PE,518.9,518.9,518.9,518.9,0,16
2026-09-24 21:24:00,SENSEX,CE,74200.0,SENSEX26SEP74200CE,0.05,0.05,0.05,0.05,0,16
2026-09-24 21:24:00,SENSEX,PE,74200.0,SENSEX26SEP74200PE,621.0,621.0,621.0,621.0,0,16
2026-09-24 21:25:00,SENSEX,FUT,0.0,SENSEX26SEPFUT,73576.6,73576.6,73576.6,73576.6,0,16
2026-09-24 21:25:00,SENSEX,SPOT,0.0,SENSEX,73580.54,73580.54,73580.54,73580.54,0,16
2026-09-24 21:25:00,SENSEX,CE,73000.0,SENSEX26SEP73000CE,578.95,578.95,578.95,578.95,0,16
2026-09-24 21:25:00,SENSEX,PE,73000.0,SENSEX26SEP73000PE,0.05,0.05,0.05,0.05,0,16
2026-09-24 21:25:00,SENSEX,CE,73100.0,SENSEX26SEP73100CE,479.55,479.55,479.55,479.55,0,16
2026-09-24 21:25:00,SENSEX,PE,73100.0,SENSEX26SEP73100PE,0.05,0.05,0.05,0.05,0,16
2026-09-24 21:25:00,SENSEX,CE,73200.0,SENSEX26SEP73200CE,379.5,379.5,379.5,379.5,0,16
2026-09-24 21:25:00,SENSEX,PE,73200.0,SENSEX26SEP73200PE,0.05,0.05,0.05,0.05,0,16
2026-09-24 21:25:00,SENSEX,CE,73300.0,SENSEX26SEP73300CE,279.9,279.9,279.9,279.9,0,16
2026-09-24 21:25:00,SENSEX,PE,73300.0,SENSEX26SEP73300PE,0.05,0.05,0.05,0.05,0,16
2026-09-24 21:25:00,SENSEX,CE,73400.0,SENSEX26SEP73400CE,180.1,180.1,180.1,180.1,0,16
2026-09-24 21:25:00,SENSEX,PE,73400.0,SENSEX26SEP73400PE,0.05,0.05,0.05,0.05,0,16
2026-09-24 21:25:00,SENSEX,CE,73500.0,SENSEX26SEP73500CE,80.35,80.35,80.35,80.35,0,16
2026-09-24 21:25:00,SENSEX,PE,73500.0,SENSEX26SEP73500PE,0.05,0.05,0.05,0.05,0,16
2026-09-24 21:25:00,SENSEX,CE,73600.0,SENSEX26SEP73600CE,0.05,0.05,0.05,0.05,0,16
2026-09-24 21:25:00,SENSEX,PE,73600.0,SENSEX26SEP73600PE,19.35,19.35,19.35,19.35,0,16
2026-09-24 21:25:00,SENSEX,CE,73700.0,SENSEX26SEP73700CE,0.05,0.05,0.05,0.05,0,16
2026-09-24 21:25:00,SENSEX,PE,73700.0,SENSEX26SEP73700PE,119.2,119.2,119.2,119.2,0,16
2026-09-24 21:25:00,SENSEX,CE,73800.0,SENSEX26SEP73800CE,0.05,0.05,0.05,0.05,0,16
2026-09-24 21:25:00,SENSEX,PE,73800.0,SENSEX26SEP73800PE,219.05,219.05,219.05,219.05,0,16
2026-09-24 21:25:00,SENSEX,CE,73900.0,SENSEX26SEP73900CE,0.05,0.05,0.05,0.05,0,16
2026-09-24 21:25:00,SENSEX,PE,73900.0,SENSEX26SEP73900PE,320.0,320.0,320.0,320.0,0,16
2026-09-24 21:25:00,SENSEX,CE,74000.0,SENSEX26SEP74000CE,0.05,0.05,0.05,0.05,0,16
2026-09-24 21:25:00,SENSEX,PE,74000.0,SENSEX26SEP74000PE,420.9,420.9,420.9,420.9,0,16
2026-09-24 21:25:00,SENSEX,CE,74100.0,SENSEX26SEP74100CE,0.05,0.05,0.05,0.05,0,16
2026-09-24 21:25:00,SENSEX,PE,74100.0,SENSEX26SEP74100PE,518.9,518.9,518.9,518.9,0,16
2026-09-24 21:25:00,SENSEX,CE,74200.0,SENSEX26SEP74200CE,0.05,0.05,0.05,0.05,0,16
2026-09-24 21:25:00,SENSEX,PE,74200.0,SENSEX26SEP74200PE,621.0,621.0,621.0,621.0,0,16
2026-09-24 21:26:00,SENSEX,FUT,0.0,SENSEX26SEPFUT,73576.6,73576.6,73576.6,73576.6,0,16
2026-09-24 21:26:00,SENSEX,SPOT,0.0,SENSEX,73580.54,73580.54,73580.54,73580.54,0,16
2026-09-24 21:26:00,SENSEX,CE,73000.0,SENSEX26SEP73000CE,578.95,578.95,578.95,578.95,0,16
2026-09-24 21:26:00,SENSEX,PE,73000.0,SENSEX26SEP73000PE,0.05,0.05,0.05,0.05,0,16
2026-09-24 21:26:00,SENSEX,CE,73100.0,SENSEX26SEP73100CE,479.55,479.55,479.55,479.55,0,16
2026-09-24 21:26:00,SENSEX,PE,73100.0,SENSEX26SEP73100PE,0.05,0.05,0.05,0.05,0,16
2026-09-24 21:26:00,SENSEX,CE,73200.0,SENSEX26SEP73200CE,379.5,379.5,379.5,379.5,0,16
2026-09-24 21:26:00,SENSEX,PE,73200.0,SENSEX26SEP73200PE,0.05,0.05,0.05,0.05,0,16
2026-09-24 21:26:00,SENSEX,CE,73300.0,SENSEX26SEP73300CE,279.9,279.9,279.9,279.9,0,16
2026-09-24 21:26:00,SENSEX,PE,73300.0,SENSEX26SEP73300PE,0.05,0.05,0.05,0.05,0,16
2026-09-24 21:26:00,SENSEX,CE,73400.0,SENSEX26SEP73400CE,180.1,180.1,180.1,180.1,0,16
2026-09-24 21:26:00,SENSEX,PE,73400.0,SENSEX26SEP73400PE,0.05,0.05,0.05,0.05,0,16
2026-09-24 21:26:00,SENSEX,CE,73500.0,SENSEX26SEP73500CE,80.35,80.35,80.35,80.35,0,16
2026-09-24 21:26:00,SENSEX,PE,73500.0,SENSEX26SEP73500PE,0.05,0.05,0.05,0.05,0,16
2026-09-24 21:26:00,SENSEX,CE,73600.0,SENSEX26SEP73600CE,0.05,0.05,0.05,0.05,0,16
2026-09-24 21:26:00,SENSEX,PE,73600.0,SENSEX26SEP73600PE,19.35,19.35,19.35,19.35,0,16
2026-09-24 21:26:00,SENSEX,CE,73700.0,SENSEX26SEP73700CE,0.05,0.05,0.05,0.05,0,16
2026-09-24 21:26:00,SENSEX,PE,73700.0,SENSEX26SEP73700PE,119.2,119.2,119.2,119.2,0,16
2026-09-24 21:26:00,SENSEX,CE,73800.0,SENSEX26SEP73800CE,0.05,0.05,0.05,0.05,0,16
2026-09-24 21:26:00,SENSEX,PE,73800.0,SENSEX26SEP73800PE,219.05,219.05,219.05,219.05,0,16
2026-09-24 21:26:00,SENSEX,CE,73900.0,SENSEX26SEP73900CE,0.05,0.05,0.05,0.05,0,16
2026-09-24 21:26:00,SENSEX,PE,73900.0,SENSEX26SEP73900PE,320.0,320.0,320.0,320.0,0,16
2026-09-24 21:26:00,SENSEX,CE,74000.0,SENSEX26SEP74000CE,0.05,0.05,0.05,0.05,0,16
2026-09-24 21:26:00,SENSEX,PE,74000.0,SENSEX26SEP74000PE,420.9,420.9,420.9,420.9,0,16
2026-09-24 21:26:00,SENSEX,CE,74100.0,SENSEX26SEP74100CE,0.05,0.05,0.05,0.05,0,16
2026-09-24 21:26:00,SENSEX,PE,74100.0,SENSEX26SEP74100PE,518.9,518.9,518.9,518.9,0,16
2026-09-24 21:26:00,SENSEX,CE,74200.0,SENSEX26SEP74200CE,0.05,0.05,0.05,0.05,0,16
2026-09-24 21:26:00,SENSEX,PE,74200.0,SENSEX26SEP74200PE,621.0,621.0,621.0,621.0,0,16
2026-09-24 21:27:00,SENSEX,FUT,0.0,SENSEX26SEPFUT,73576.6,73576.6,73576.6,73576.6,0,16
2026-09-24 21:27:00,SENSEX,SPOT,0.0,SENSEX,73580.54,73580.54,73580.54,73580.54,0,16
2026-09-24 21:27:00,SENSEX,CE,73000.0,SENSEX26SEP73000CE,578.95,578.95,578.95,578.95,0,16
2026-09-24 21:27:00,SENSEX,PE,73000.0,SENSEX26SEP73000PE,0.05,0.05,0.05,0.05,0,16
2026-09-24 21:27:00,SENSEX,CE,73100.0,SENSEX26SEP73100CE,479.55,479.55,479.55,479.55,0,16
2026-09-24 21:27:00,SENSEX,PE,73100.0,SENSEX26SEP73100PE,0.05,0.05,0.05,0.05,0,16
2026-09-24 21:27:00,SENSEX,CE,73200.0,SENSEX26SEP73200CE,379.5,379.5,379.5,379.5,0,16
2026-09-24 21:27:00,SENSEX,PE,73200.0,SENSEX26SEP73200PE,0.05,0.05,0.05,0.05,0,16
2026-09-24 21:27:00,SENSEX,CE,73300.0,SENSEX26SEP73300CE,279.9,279.9,279.9,279.9,0,16
2026-09-24 21:27:00,SENSEX,PE,73300.0,SENSEX26SEP73300PE,0.05,0.05,0.05,0.05,0,16
2026-09-24 21:27:00,SENSEX,CE,73400.0,SENSEX26SEP73400CE,180.1,180.1,180.1,180.1,0,16
2026-09-24 21:27:00,SENSEX,PE,73400.0,SENSEX26SEP73400PE,0.05,0.05,0.05,0.05,0,16
2026-09-24 21:27:00,SENSEX,CE,73500.0,SENSEX26SEP73500CE,80.35,80.35,80.35,80.35,0,16
2026-09-24 21:27:00,SENSEX,PE,73500.0,SENSEX26SEP73500PE,0.05,0.05,0.05,0.05,0,16
2026-09-24 21:27:00,SENSEX,CE,73600.0,SENSEX26SEP73600CE,0.05,0.05,0.05,0.05,0,16
2026-09-24 21:27:00,SENSEX,PE,73600.0,SENSEX26SEP73600PE,19.35,19.35,19.35,19.35,0,16
2026-09-24 21:27:00,SENSEX,CE,73700.0,SENSEX26SEP73700CE,0.05,0.05,0.05,0.05,0,16
2026-09-24 21:27:00,SENSEX,PE,73700.0,SENSEX26SEP73700PE,119.2,119.2,119.2,119.2,0,16
2026-09-24 21:27:00,SENSEX,CE,73800.0,SENSEX26SEP73800CE,0.05,0.05,0.05,0.05,0,16
2026-09-24 21:27:00,SENSEX,PE,73800.0,SENSEX26SEP73800PE,219.05,219.05,219.05,219.05,0,16
2026-09-24 21:27:00,SENSEX,CE,73900.0,SENSEX26SEP73900CE,0.05,0.05,0.05,0.05,0,16
2026-09-24 21:27:00,SENSEX,PE,73900.0,SENSEX26SEP73900PE,320.0,320.0,320.0,320.0,0,16
2026-09-24 21:27:00,SENSEX,CE,74000.0,SENSEX26SEP74000CE,0.05,0.05,0.05,0.05,0,16
2026-09-24 21:27:00,SENSEX,PE,74000.0,SENSEX26SEP74000PE,420.9,420.9,420.9,420.9,0,16
2026-09-24 21:27:00,SENSEX,CE,74100.0,SENSEX26SEP74100CE,0.05,0.05,0.05,0.05,0,16
2026-09-24 21:27:00,SENSEX,PE,74100.0,SENSEX26SEP74100PE,518.9,518.9,518.9,518.9,0,16
2026-09-24 21:27:00,SENSEX,CE,74200.0,SENSEX26SEP74200CE,0.05,0.05,0.05,0.05,0,16
2026-09-24 21:27:00,SENSEX,PE,74200.0,SENSEX26SEP74200PE,621.0,621.0,621.0,621.0,0,16
2026-09-24 21:28:00,SENSEX,FUT,0.0,SENSEX26SEPFUT,73576.6,73576.6,73576.6,73576.6,0,15
2026-09-24 21:28:00,SENSEX,SPOT,0.0,SENSEX,73580.54,73580.54,73580.54,73580.54,0,15
2026-09-24 21:28:00,SENSEX,CE,73000.0,SENSEX26SEP73000CE,578.95,578.95,578.95,578.95,0,15
2026-09-24 21:28:00,SENSEX,PE,73000.0,SENSEX26SEP73000PE,0.05,0.05,0.05,0.05,0,15
2026-09-24 21:28:00,SENSEX,CE,73100.0,SENSEX26SEP73100CE,479.55,479.55,479.55,479.55,0,15
2026-09-24 21:28:00,SENSEX,PE,73100.0,SENSEX26SEP73100PE,0.05,0.05,0.05,0.05,0,15
2026-09-24 21:28:00,SENSEX,CE,73200.0,SENSEX26SEP73200CE,379.5,379.5,379.5,379.5,0,15
2026-09-24 21:28:00,SENSEX,PE,73200.0,SENSEX26SEP73200PE,0.05,0.05,0.05,0.05,0,15
2026-09-24 21:28:00,SENSEX,CE,73300.0,SENSEX26SEP73300CE,279.9,279.9,279.9,279.9,0,15
2026-09-24 21:28:00,SENSEX,PE,73300.0,SENSEX26SEP73300PE,0.05,0.05,0.05,0.05,0,15
2026-09-24 21:28:00,SENSEX,CE,73400.0,SENSEX26SEP73400CE,180.1,180.1,180.1,180.1,0,15
2026-09-24 21:28:00,SENSEX,PE,73400.0,SENSEX26SEP73400PE,0.05,0.05,0.05,0.05,0,15
2026-09-24 21:28:00,SENSEX,CE,73500.0,SENSEX26SEP73500CE,80.35,80.35,80.35,80.35,0,15
2026-09-24 21:28:00,SENSEX,PE,73500.0,SENSEX26SEP73500PE,0.05,0.05,0.05,0.05,0,15
2026-09-24 21:28:00,SENSEX,CE,73600.0,SENSEX26SEP73600CE,0.05,0.05,0.05,0.05,0,15
2026-09-24 21:28:00,SENSEX,PE,73600.0,SENSEX26SEP73600PE,19.35,19.35,19.35,19.35,0,15
2026-09-24 21:28:00,SENSEX,CE,73700.0,SENSEX26SEP73700CE,0.05,0.05,0.05,0.05,0,15
2026-09-24 21:28:00,SENSEX,PE,73700.0,SENSEX26SEP73700PE,119.2,119.2,119.2,119.2,0,15
2026-09-24 21:28:00,SENSEX,CE,73800.0,SENSEX26SEP73800CE,0.05,0.05,0.05,0.05,0,15
2026-09-24 21:28:00,SENSEX,PE,73800.0,SENSEX26SEP73800PE,219.05,219.05,219.05,219.05,0,15
2026-09-24 21:28:00,SENSEX,CE,73900.0,SENSEX26SEP73900CE,0.05,0.05,0.05,0.05,0,15
2026-09-24 21:28:00,SENSEX,PE,73900.0,SENSEX26SEP73900PE,320.0,320.0,320.0,320.0,0,15
2026-09-24 21:28:00,SENSEX,CE,74000.0,SENSEX26SEP74000CE,0.05,0.05,0.05,0.05,0,15
2026-09-24 21:28:00,SENSEX,PE,74000.0,SENSEX26SEP74000PE,420.9,420.9,420.9,420.9,0,15
2026-09-24 21:28:00,SENSEX,CE,74100.0,SENSEX26SEP74100CE,0.05,0.05,0.05,0.05,0,15
2026-09-24 21:28:00,SENSEX,PE,74100.0,SENSEX26SEP74100PE,518.9,518.9,518.9,518.9,0,15
2026-09-24 21:28:00,SENSEX,CE,74200.0,SENSEX26SEP74200CE,0.05,0.05,0.05,0.05,0,15
2026-09-24 21:28:00,SENSEX,PE,74200.0,SENSEX26SEP74200PE,621.0,621.0,621.0,621.0,0,15
2026-09-24 21:29:00,SENSEX,FUT,0.0,SENSEX26SEPFUT,73576.6,73576.6,73576.6,73576.6,0,1
2026-09-24 21:29:00,SENSEX,SPOT,0.0,SENSEX,73580.54,73580.54,73580.54,73580.54,0,1
2026-09-24 21:29:00,SENSEX,CE,73000.0,SENSEX26SEP73000CE,578.95,578.95,578.95,578.95,0,1
2026-09-24 21:29:00,SENSEX,PE,73000.0,SENSEX26SEP73000PE,0.05,0.05,0.05,0.05,0,1
2026-09-24 21:29:00,SENSEX,CE,73100.0,SENSEX26SEP73100CE,479.55,479.55,479.55,479.55,0,1
2026-09-24 21:29:00,SENSEX,PE,73100.0,SENSEX26SEP73100PE,0.05,0.05,0.05,0.05,0,1
2026-09-24 21:29:00,SENSEX,CE,73200.0,SENSEX26SEP73200CE,379.5,379.5,379.5,379.5,0,1
2026-09-24 21:29:00,SENSEX,PE,73200.0,SENSEX26SEP73200PE,0.05,0.05,0.05,0.05,0,1
2026-09-24 21:29:00,SENSEX,CE,73300.0,SENSEX26SEP73300CE,279.9,279.9,279.9,279.9,0,1
2026-09-24 21:29:00,SENSEX,PE,73300.0,SENSEX26SEP73300PE,0.05,0.05,0.05,0.05,0,1
2026-09-24 21:29:00,SENSEX,CE,73400.0,SENSEX26SEP73400CE,180.1,180.1,180.1,180.1,0,1
2026-09-24 21:29:00,SENSEX,PE,73400.0,SENSEX26SEP73400PE,0.05,0.05,0.05,0.05,0,1
2026-09-24 21:29:00,SENSEX,CE,73500.0,SENSEX26SEP73500CE,80.35,80.35,80.35,80.35,0,1
2026-09-24 21:29:00,SENSEX,PE,73500.0,SENSEX26SEP73500PE,0.05,0.05,0.05,0.05,0,1
2026-09-24 21:29:00,SENSEX,CE,73600.0,SENSEX26SEP73600CE,0.05,0.05,0.05,0.05,0,1
2026-09-24 21:29:00,SENSEX,PE,73600.0,SENSEX26SEP73600PE,19.35,19.35,19.35,19.35,0,1
2026-09-24 21:29:00,SENSEX,CE,73700.0,SENSEX26SEP73700CE,0.05,0.05,0.05,0.05,0,1
2026-09-24 21:29:00,SENSEX,PE,73700.0,SENSEX26SEP73700PE,119.2,119.2,119.2,119.2,0,1
2026-09-24 21:29:00,SENSEX,CE,73800.0,SENSEX26SEP73800CE,0.05,0.05,0.05,0.05,0,1
2026-09-24 21:29:00,SENSEX,PE,73800.0,SENSEX26SEP73800PE,219.05,219.05,219.05,219.05,0,1
2026-09-24 21:29:00,SENSEX,CE,73900.0,SENSEX26SEP73900CE,0.05,0.05,0.05,0.05,0,1
2026-09-24 21:29:00,SENSEX,PE,73900.0,SENSEX26SEP73900PE,320.0,320.0,320.0,320.0,0,1
2026-09-24 21:29:00,SENSEX,CE,74000.0,SENSEX26SEP74000CE,0.05,0.05,0.05,0.05,0,1
2026-09-24 21:29:00,SENSEX,PE,74000.0,SENSEX26SEP74000PE,420.9,420.9,420.9,420.9,0,1
2026-09-24 21:29:00,SENSEX,CE,74100.0,SENSEX26SEP74100CE,0.05,0.05,0.05,0.05,0,1
2026-09-24 21:29:00,SENSEX,PE,74100.0,SENSEX26SEP74100PE,518.9,518.9,518.9,518.9,0,1
2026-09-24 21:29:00,SENSEX,CE,74200.0,SENSEX26SEP74200CE,0.05,0.05,0.05,0.05,0,1
2026-09-24 21:29:00,SENSEX,PE,74200.0,SENSEX26SEP74200PE,621.0,621.0,621.0,621.0,0,1
2026-09-24 21:30:00,SENSEX,FUT,0.0,SENSEX26SEPFUT,73576.6,73576.6,73576.6,73576.6,0,15
2026-09-24 21:30:00,SENSEX,SPOT,0.0,SENSEX,73580.54,73580.54,73580.54,73580.54,0,15
2026-09-24 21:30:00,SENSEX,CE,73000.0,SENSEX26SEP73000CE,578.95,578.95,578.95,578.95,0,15
2026-09-24 21:30:00,SENSEX,PE,73000.0,SENSEX26SEP73000PE,0.05,0.05,0.05,0.05,0,15
2026-09-24 21:30:00,SENSEX,CE,73100.0,SENSEX26SEP73100CE,479.55,479.55,479.55,479.55,0,15
2026-09-24 21:30:00,SENSEX,PE,73100.0,SENSEX26SEP73100PE,0.05,0.05,0.05,0.05,0,15
2026-09-24 21:30:00,SENSEX,CE,73200.0,SENSEX26SEP73200CE,379.5,379.5,379.5,379.5,0,15
2026-09-24 21:30:00,SENSEX,PE,73200.0,SENSEX26SEP73200PE,0.05,0.05,0.05,0.05,0,15
2026-09-24 21:30:00,SENSEX,CE,73300.0,SENSEX26SEP73300CE,279.9,279.9,279.9,279.9,0,15
2026-09-24 21:30:00,SENSEX,PE,73300.0,SENSEX26SEP73300PE,0.05,0.05,0.05,0.05,0,15
2026-09-24 21:30:00,SENSEX,CE,73400.0,SENSEX26SEP73400CE,180.1,180.1,180.1,180.1,0,15
2026-09-24 21:30:00,SENSEX,PE,73400.0,SENSEX26SEP73400PE,0.05,0.05,0.05,0.05,0,15
2026-09-24 21:30:00,SENSEX,CE,73500.0,SENSEX26SEP73500CE,80.35,80.35,80.35,80.35,0,15
2026-09-24 21:30:00,SENSEX,PE,73500.0,SENSEX26SEP73500PE,0.05,0.05,0.05,0.05,0,15
2026-09-24 21:30:00,SENSEX,CE,73600.0,SENSEX26SEP73600CE,0.05,0.05,0.05,0.05,0,15
2026-09-24 21:30:00,SENSEX,PE,73600.0,SENSEX26SEP73600PE,19.35,19.35,19.35,19.35,0,15
2026-09-24 21:30:00,SENSEX,CE,73700.0,SENSEX26SEP73700CE,0.05,0.05,0.05,0.05,0,15
2026-09-24 21:30:00,SENSEX,PE,73700.0,SENSEX26SEP73700PE,119.2,119.2,119.2,119.2,0,15
2026-09-24 21:30:00,SENSEX,CE,73800.0,SENSEX26SEP73800CE,0.05,0.05,0.05,0.05,0,15
2026-09-24 21:30:00,SENSEX,PE,73800.0,SENSEX26SEP73800PE,219.05,219.05,219.05,219.05,0,15
2026-09-24 21:30:00,SENSEX,CE,73900.0,SENSEX26SEP73900CE,0.05,0.05,0.05,0.05,0,15
2026-09-24 21:30:00,SENSEX,PE,73900.0,SENSEX26SEP73900PE,320.0,320.0,320.0,320.0,0,15
2026-09-24 21:30:00,SENSEX,CE,74000.0,SENSEX26SEP74000CE,0.05,0.05,0.05,0.05,0,15
2026-09-24 21:30:00,SENSEX,PE,74000.0,SENSEX26SEP74000PE,420.9,420.9,420.9,420.9,0,15
2026-09-24 21:30:00,SENSEX,CE,74100.0,SENSEX26SEP74100CE,0.05,0.05,0.05,0.05,0,15
2026-09-24 21:30:00,SENSEX,PE,74100.0,SENSEX26SEP74100PE,518.9,518.9,518.9,518.9,0,15
2026-09-24 21:30:00,SENSEX,CE,74200.0,SENSEX26SEP74200CE,0.05,0.05,0.05,0.05,0,15
2026-09-24 21:30:00,SENSEX,PE,74200.0,SENSEX26SEP74200PE,621.0,621.0,621.0,621.0,0,15
2026-09-24 21:31:00,SENSEX,FUT,0.0,SENSEX26SEPFUT,73576.6,73576.6,73576.6,73576.6,0,16
2026-09-24 21:31:00,SENSEX,SPOT,0.0,SENSEX,73580.54,73580.54,73580.54,73580.54,0,16
2026-09-24 21:31:00,SENSEX,CE,73000.0,SENSEX26SEP73000CE,578.95,578.95,578.95,578.95,0,16
2026-09-24 21:31:00,SENSEX,PE,73000.0,SENSEX26SEP73000PE,0.05,0.05,0.05,0.05,0,16
2026-09-24 21:31:00,SENSEX,CE,73100.0,SENSEX26SEP73100CE,479.55,479.55,479.55,479.55,0,16
2026-09-24 21:31:00,SENSEX,PE,73100.0,SENSEX26SEP73100PE,0.05,0.05,0.05,0.05,0,16
2026-09-24 21:31:00,SENSEX,CE,73200.0,SENSEX26SEP73200CE,379.5,379.5,379.5,379.5,0,16
2026-09-24 21:31:00,SENSEX,PE,73200.0,SENSEX26SEP73200PE,0.05,0.05,0.05,0.05,0,16
2026-09-24 21:31:00,SENSEX,CE,73300.0,SENSEX26SEP73300CE,279.9,279.9,279.9,279.9,0,16
2026-09-24 21:31:00,SENSEX,PE,73300.0,SENSEX26SEP73300PE,0.05,0.05,0.05,0.05,0,16
2026-09-24 21:31:00,SENSEX,CE,73400.0,SENSEX26SEP73400CE,180.1,180.1,180.1,180.1,0,16
2026-09-24 21:31:00,SENSEX,PE,73400.0,SENSEX26SEP73400PE,0.05,0.05,0.05,0.05,0,16
2026-09-24 21:31:00,SENSEX,CE,73500.0,SENSEX26SEP73500CE,80.35,80.35,80.35,80.35,0,16
2026-09-24 21:31:00,SENSEX,PE,73500.0,SENSEX26SEP73500PE,0.05,0.05,0.05,0.05,0,16
2026-09-24 21:31:00,SENSEX,CE,73600.0,SENSEX26SEP73600CE,0.05,0.05,0.05,0.05,0,16
2026-09-24 21:31:00,SENSEX,PE,73600.0,SENSEX26SEP73600PE,19.35,19.35,19.35,19.35,0,16
2026-09-24 21:31:00,SENSEX,CE,73700.0,SENSEX26SEP73700CE,0.05,0.05,0.05,0.05,0,16
2026-09-24 21:31:00,SENSEX,PE,73700.0,SENSEX26SEP73700PE,119.2,119.2,119.2,119.2,0,16
2026-09-24 21:31:00,SENSEX,CE,73800.0,SENSEX26SEP73800CE,0.05,0.05,0.05,0.05,0,16
2026-09-24 21:31:00,SENSEX,PE,73800.0,SENSEX26SEP73800PE,219.05,219.05,219.05,219.05,0,16
2026-09-24 21:31:00,SENSEX,CE,73900.0,SENSEX26SEP73900CE,0.05,0.05,0.05,0.05,0,16
2026-09-24 21:31:00,SENSEX,PE,73900.0,SENSEX26SEP73900PE,320.0,320.0,320.0,320.0,0,16
2026-09-24 21:31:00,SENSEX,CE,74000.0,SENSEX26SEP74000CE,0.05,0.05,0.05,0.05,0,16
2026-09-24 21:31:00,SENSEX,PE,74000.0,SENSEX26SEP74000PE,420.9,420.9,420.9,420.9,0,16
2026-09-24 21:31:00,SENSEX,CE,74100.0,SENSEX26SEP74100CE,0.05,0.05,0.05,0.05,0,16
2026-09-24 21:31:00,SENSEX,PE,74100.0,SENSEX26SEP74100PE,518.9,518.9,518.9,518.9,0,16
2026-09-24 21:31:00,SENSEX,CE,74200.0,SENSEX26SEP74200CE,0.05,0.05,0.05,0.05,0,16
2026-09-24 21:31:00,SENSEX,PE,74200.0,SENSEX26SEP74200PE,621.0,621.0,621.0,621.0,0,16
2026-09-24 21:32:00,SENSEX,FUT,0.0,SENSEX26SEPFUT,73576.6,73576.6,73576.6,73576.6,0,16
2026-09-24 21:32:00,SENSEX,SPOT,0.0,SENSEX,73580.54,73580.54,73580.54,73580.54,0,16
2026-09-24 21:32:00,SENSEX,CE,73000.0,SENSEX26SEP73000CE,578.95,578.95,578.95,578.95,0,16
2026-09-24 21:32:00,SENSEX,PE,73000.0,SENSEX26SEP73000PE,0.05,0.05,0.05,0.05,0,16
2026-09-24 21:32:00,SENSEX,CE,73100.0,SENSEX26SEP73100CE,479.55,479.55,479.55,479.55,0,16
2026-09-24 21:32:00,SENSEX,PE,73100.0,SENSEX26SEP73100PE,0.05,0.05,0.05,0.05,0,16
2026-09-24 21:32:00,SENSEX,CE,73200.0,SENSEX26SEP73200CE,379.5,379.5,379.5,379.5,0,16
2026-09-24 21:32:00,SENSEX,PE,73200.0,SENSEX26SEP73200PE,0.05,0.05,0.05,0.05,0,16
2026-09-24 21:32:00,SENSEX,CE,73300.0,SENSEX26SEP73300CE,279.9,279.9,279.9,279.9,0,16
2026-09-24 21:32:00,SENSEX,PE,73300.0,SENSEX26SEP73300PE,0.05,0.05,0.05,0.05,0,16
2026-09-24 21:32:00,SENSEX,CE,73400.0,SENSEX26SEP73400CE,180.1,180.1,180.1,180.1,0,16
2026-09-24 21:32:00,SENSEX,PE,73400.0,SENSEX26SEP73400PE,0.05,0.05,0.05,0.05,0,16
2026-09-24 21:32:00,SENSEX,CE,73500.0,SENSEX26SEP73500CE,80.35,80.35,80.35,80.35,0,16
2026-09-24 21:32:00,SENSEX,PE,73500.0,SENSEX26SEP73500PE,0.05,0.05,0.05,0.05,0,16
2026-09-24 21:32:00,SENSEX,CE,73600.0,SENSEX26SEP73600CE,0.05,0.05,0.05,0.05,0,16
2026-09-24 21:32:00,SENSEX,PE,73600.0,SENSEX26SEP73600PE,19.35,19.35,19.35,19.35,0,16
2026-09-24 21:32:00,SENSEX,CE,73700.0,SENSEX26SEP73700CE,0.05,0.05,0.05,0.05,0,16
2026-09-24 21:32:00,SENSEX,PE,73700.0,SENSEX26SEP73700PE,119.2,119.2,119.2,119.2,0,16
2026-09-24 21:32:00,SENSEX,CE,73800.0,SENSEX26SEP73800CE,0.05,0.05,0.05,0.05,0,16
2026-09-24 21:32:00,SENSEX,PE,73800.0,SENSEX26SEP73800PE,219.05,219.05,219.05,219.05,0,16
2026-09-24 21:32:00,SENSEX,CE,73900.0,SENSEX26SEP73900CE,0.05,0.05,0.05,0.05,0,16
2026-09-24 21:32:00,SENSEX,PE,73900.0,SENSEX26SEP73900PE,320.0,320.0,320.0,320.0,0,16
2026-09-24 21:32:00,SENSEX,CE,74000.0,SENSEX26SEP74000CE,0.05,0.05,0.05,0.05,0,16
2026-09-24 21:32:00,SENSEX,PE,74000.0,SENSEX26SEP74000PE,420.9,420.9,420.9,420.9,0,16
2026-09-24 21:32:00,SENSEX,CE,74100.0,SENSEX26SEP74100CE,0.05,0.05,0.05,0.05,0,16
2026-09-24 21:32:00,SENSEX,PE,74100.0,SENSEX26SEP74100PE,518.9,518.9,518.9,518.9,0,16
2026-09-24 21:32:00,SENSEX,CE,74200.0,SENSEX26SEP74200CE,0.05,0.05,0.05,0.05,0,16
2026-09-24 21:32:00,SENSEX,PE,74200.0,SENSEX26SEP74200PE,621.0,621.0,621.0,621.0,0,16
2026-09-24 21:33:00,SENSEX,FUT,0.0,SENSEX26SEPFUT,73576.6,73576.6,73576.6,73576.6,0,16
2026-09-24 21:33:00,SENSEX,SPOT,0.0,SENSEX,73580.54,73580.54,73580.54,73580.54,0,16
2026-09-24 21:33:00,SENSEX,CE,73000.0,SENSEX26SEP73000CE,578.95,578.95,578.95,578.95,0,16
2026-09-24 21:33:00,SENSEX,PE,73000.0,SENSEX26SEP73000PE,0.05,0.05,0.05,0.05,0,16
2026-09-24 21:33:00,SENSEX,CE,73100.0,SENSEX26SEP73100CE,479.55,479.55,479.55,479.55,0,16
2026-09-24 21:33:00,SENSEX,PE,73100.0,SENSEX26SEP73100PE,0.05,0.05,0.05,0.05,0,16
2026-09-24 21:33:00,SENSEX,CE,73200.0,SENSEX26SEP73200CE,379.5,379.5,379.5,379.5,0,16
2026-09-24 21:33:00,SENSEX,PE,73200.0,SENSEX26SEP73200PE,0.05,0.05,0.05,0.05,0,16
2026-09-24 21:33:00,SENSEX,CE,73300.0,SENSEX26SEP73300CE,279.9,279.9,279.9,279.9,0,16
2026-09-24 21:33:00,SENSEX,PE,73300.0,SENSEX26SEP73300PE,0.05,0.05,0.05,0.05,0,16
2026-09-24 21:33:00,SENSEX,CE,73400.0,SENSEX26SEP73400CE,180.1,180.1,180.1,180.1,0,16
2026-09-24 21:33:00,SENSEX,PE,73400.0,SENSEX26SEP73400PE,0.05,0.05,0.05,0.05,0,16
2026-09-24 21:33:00,SENSEX,CE,73500.0,SENSEX26SEP73500CE,80.35,80.35,80.35,80.35,0,16
2026-09-24 21:33:00,SENSEX,PE,73500.0,SENSEX26SEP73500PE,0.05,0.05,0.05,0.05,0,16
2026-09-24 21:33:00,SENSEX,CE,73600.0,SENSEX26SEP73600CE,0.05,0.05,0.05,0.05,0,16
2026-09-24 21:33:00,SENSEX,PE,73600.0,SENSEX26SEP73600PE,19.35,19.35,19.35,19.35,0,16
2026-09-24 21:33:00,SENSEX,CE,73700.0,SENSEX26SEP73700CE,0.05,0.05,0.05,0.05,0,16
2026-09-24 21:33:00,SENSEX,PE,73700.0,SENSEX26SEP73700PE,119.2,119.2,119.2,119.2,0,16
2026-09-24 21:33:00,SENSEX,CE,73800.0,SENSEX26SEP73800CE,0.05,0.05,0.05,0.05,0,16
2026-09-24 21:33:00,SENSEX,PE,73800.0,SENSEX26SEP73800PE,219.05,219.05,219.05,219.05,0,16
2026-09-24 21:33:00,SENSEX,CE,73900.0,SENSEX26SEP73900CE,0.05,0.05,0.05,0.05,0,16
2026-09-24 21:33:00,SENSEX,PE,73900.0,SENSEX26SEP73900PE,320.0,320.0,320.0,320.0,0,16
2026-09-24 21:33:00,SENSEX,CE,74000.0,SENSEX26SEP74000CE,0.05,0.05,0.05,0.05,0,16
2026-09-24 21:33:00,SENSEX,PE,74000.0,SENSEX26SEP74000PE,420.9,420.9,420.9,420.9,0,16
2026-09-24 21:33:00,SENSEX,CE,74100.0,SENSEX26SEP74100CE,0.05,0.05,0.05,0.05,0,16
2026-09-24 21:33:00,SENSEX,PE,74100.0,SENSEX26SEP74100PE,518.9,518.9,518.9,518.9,0,16
2026-09-24 21:33:00,SENSEX,CE,74200.0,SENSEX26SEP74200CE,0.05,0.05,0.05,0.05,0,16
2026-09-24 21:33:00,SENSEX,PE,74200.0,SENSEX26SEP74200PE,621.0,621.0,621.0,621.0,0,16
2026-09-24 21:34:00,SENSEX,FUT,0.0,SENSEX26SEPFUT,73576.6,73576.6,73576.6,73576.6,0,16
2026-09-24 21:34:00,SENSEX,SPOT,0.0,SENSEX,73580.54,73580.54,73580.54,73580.54,0,16
2026-09-24 21:34:00,SENSEX,CE,73000.0,SENSEX26SEP73000CE,578.95,578.95,578.95,578.95,0,16
2026-09-24 21:34:00,SENSEX,PE,73000.0,SENSEX26SEP73000PE,0.05,0.05,0.05,0.05,0,16
2026-09-24 21:34:00,SENSEX,CE,73100.0,SENSEX26SEP73100CE,479.55,479.55,479.55,479.55,0,16
2026-09-24 21:34:00,SENSEX,PE,73100.0,SENSEX26SEP73100PE,0.05,0.05,0.05,0.05,0,16
2026-09-24 21:34:00,SENSEX,CE,73200.0,SENSEX26SEP73200CE,379.5,379.5,379.5,379.5,0,16
2026-09-24 21:34:00,SENSEX,PE,73200.0,SENSEX26SEP73200PE,0.05,0.05,0.05,0.05,0,16
2026-09-24 21:34:00,SENSEX,CE,73300.0,SENSEX26SEP73300CE,279.9,279.9,279.9,279.9,0,16
2026-09-24 21:34:00,SENSEX,PE,73300.0,SENSEX26SEP73300PE,0.05,0.05,0.05,0.05,0,16
2026-09-24 21:34:00,SENSEX,CE,73400.0,SENSEX26SEP73400CE,180.1,180.1,180.1,180.1,0,16
2026-09-24 21:34:00,SENSEX,PE,73400.0,SENSEX26SEP73400PE,0.05,0.05,0.05,0.05,0,16
2026-09-24 21:34:00,SENSEX,CE,73500.0,SENSEX26SEP73500CE,80.35,80.35,80.35,80.35,0,16
2026-09-24 21:34:00,SENSEX,PE,73500.0,SENSEX26SEP73500PE,0.05,0.05,0.05,0.05,0,16
2026-09-24 21:34:00,SENSEX,CE,73600.0,SENSEX26SEP73600CE,0.05,0.05,0.05,0.05,0,16
2026-09-24 21:34:00,SENSEX,PE,73600.0,SENSEX26SEP73600PE,19.35,19.35,19.35,19.35,0,16
2026-09-24 21:34:00,SENSEX,CE,73700.0,SENSEX26SEP73700CE,0.05,0.05,0.05,0.05,0,16
2026-09-24 21:34:00,SENSEX,PE,73700.0,SENSEX26SEP73700PE,119.2,119.2,119.2,119.2,0,16
2026-09-24 21:34:00,SENSEX,CE,73800.0,SENSEX26SEP73800CE,0.05,0.05,0.05,0.05,0,16
2026-09-24 21:34:00,SENSEX,PE,73800.0,SENSEX26SEP73800PE,219.05,219.05,219.05,219.05,0,16
2026-09-24 21:34:00,SENSEX,CE,73900.0,SENSEX26SEP73900CE,0.05,0.05,0.05,0.05,0,16
2026-09-24 21:34:00,SENSEX,PE,73900.0,SENSEX26SEP73900PE,320.0,320.0,320.0,320.0,0,16
2026-09-24 21:34:00,SENSEX,CE,74000.0,SENSEX26SEP74000CE,0.05,0.05,0.05,0.05,0,16
2026-09-24 21:34:00,SENSEX,PE,74000.0,SENSEX26SEP74000PE,420.9,420.9,420.9,420.9,0,16
2026-09-24 21:34:00,SENSEX,CE,74100.0,SENSEX26SEP74100CE,0.05,0.05,0.05,0.05,0,16
2026-09-24 21:34:00,SENSEX,PE,74100.0,SENSEX26SEP74100PE,518.9,518.9,518.9,518.9,0,16
2026-09-24 21:34:00,SENSEX,CE,74200.0,SENSEX26SEP74200CE,0.05,0.05,0.05,0.05,0,16
2026-09-24 21:34:00,SENSEX,PE,74200.0,SENSEX26SEP74200PE,621.0,621.0,621.0,621.0,0,16
2026-09-24 21:35:00,SENSEX,FUT,0.0,SENSEX26SEPFUT,73576.6,73576.6,73576.6,73576.6,0,16
2026-09-24 21:35:00,SENSEX,SPOT,0.0,SENSEX,73580.54,73580.54,73580.54,73580.54,0,16
2026-09-24 21:35:00,SENSEX,CE,73000.0,SENSEX26SEP73000CE,578.95,578.95,578.95,578.95,0,16
2026-09-24 21:35:00,SENSEX,PE,73000.0,SENSEX26SEP73000PE,0.05,0.05,0.05,0.05,0,16
2026-09-24 21:35:00,SENSEX,CE,73100.0,SENSEX26SEP73100CE,479.55,479.55,479.55,479.55,0,16
2026-09-24 21:35:00,SENSEX,PE,73100.0,SENSEX26SEP73100PE,0.05,0.05,0.05,0.05,0,16
2026-09-24 21:35:00,SENSEX,CE,73200.0,SENSEX26SEP73200CE,379.5,379.5,379.5,379.5,0,16
2026-09-24 21:35:00,SENSEX,PE,73200.0,SENSEX26SEP73200PE,0.05,0.05,0.05,0.05,0,16
2026-09-24 21:35:00,SENSEX,CE,73300.0,SENSEX26SEP73300CE,279.9,279.9,279.9,279.9,0,16
2026-09-24 21:35:00,SENSEX,PE,73300.0,SENSEX26SEP73300PE,0.05,0.05,0.05,0.05,0,16
2026-09-24 21:35:00,SENSEX,CE,73400.0,SENSEX26SEP73400CE,180.1,180.1,180.1,180.1,0,16
2026-09-24 21:35:00,SENSEX,PE,73400.0,SENSEX26SEP73400PE,0.05,0.05,0.05,0.05,0,16
2026-09-24 21:35:00,SENSEX,CE,73500.0,SENSEX26SEP73500CE,80.35,80.35,80.35,80.35,0,16
2026-09-24 21:35:00,SENSEX,PE,73500.0,SENSEX26SEP73500PE,0.05,0.05,0.05,0.05,0,16
2026-09-24 21:35:00,SENSEX,CE,73600.0,SENSEX26SEP73600CE,0.05,0.05,0.05,0.05,0,16
2026-09-24 21:35:00,SENSEX,PE,73600.0,SENSEX26SEP73600PE,19.35,19.35,19.35,19.35,0,16
2026-09-24 21:35:00,SENSEX,CE,73700.0,SENSEX26SEP73700CE,0.05,0.05,0.05,0.05,0,16
2026-09-24 21:35:00,SENSEX,PE,73700.0,SENSEX26SEP73700PE,119.2,119.2,119.2,119.2,0,16
2026-09-24 21:35:00,SENSEX,CE,73800.0,SENSEX26SEP73800CE,0.05,0.05,0.05,0.05,0,16
2026-09-24 21:35:00,SENSEX,PE,73800.0,SENSEX26SEP73800PE,219.05,219.05,219.05,219.05,0,16
2026-09-24 21:35:00,SENSEX,CE,73900.0,SENSEX26SEP73900CE,0.05,0.05,0.05,0.05,0,16
2026-09-24 21:35:00,SENSEX,PE,73900.0,SENSEX26SEP73900PE,320.0,320.0,320.0,320.0,0,16
2026-09-24 21:35:00,SENSEX,CE,74000.0,SENSEX26SEP74000CE,0.05,0.05,0.05,0.05,0,16
2026-09-24 21:35:00,SENSEX,PE,74000.0,SENSEX26SEP74000PE,420.9,420.9,420.9,420.9,0,16
2026-09-24 21:35:00,SENSEX,CE,74100.0,SENSEX26SEP74100CE,0.05,0.05,0.05,0.05,0,16
2026-09-24 21:35:00,SENSEX,PE,74100.0,SENSEX26SEP74100PE,518.9,518.9,518.9,518.9,0,16
2026-09-24 21:35:00,SENSEX,CE,74200.0,SENSEX26SEP74200CE,0.05,0.05,0.05,0.05,0,16
2026-09-24 21:35:00,SENSEX,PE,74200.0,SENSEX26SEP74200PE,621.0,621.0,621.0,621.0,0,16
2026-09-24 21:36:00,SENSEX,FUT,0.0,SENSEX26SEPFUT,73576.6,73576.6,73576.6,73576.6,0,16
2026-09-24 21:36:00,SENSEX,SPOT,0.0,SENSEX,73580.54,73580.54,73580.54,73580.54,0,16
2026-09-24 21:36:00,SENSEX,CE,73000.0,SENSEX26SEP73000CE,578.95,578.95,578.95,578.95,0,16
2026-09-24 21:36:00,SENSEX,PE,73000.0,SENSEX26SEP73000PE,0.05,0.05,0.05,0.05,0,16
2026-09-24 21:36:00,SENSEX,CE,73100.0,SENSEX26SEP73100CE,479.55,479.55,479.55,479.55,0,16
2026-09-24 21:36:00,SENSEX,PE,73100.0,SENSEX26SEP73100PE,0.05,0.05,0.05,0.05,0,16
2026-09-24 21:36:00,SENSEX,CE,73200.0,SENSEX26SEP73200CE,379.5,379.5,379.5,379.5,0,16
2026-09-24 21:36:00,SENSEX,PE,73200.0,SENSEX26SEP73200PE,0.05,0.05,0.05,0.05,0,16
2026-09-24 21:36:00,SENSEX,CE,73300.0,SENSEX26SEP73300CE,279.9,279.9,279.9,279.9,0,16
2026-09-24 21:36:00,SENSEX,PE,73300.0,SENSEX26SEP73300PE,0.05,0.05,0.05,0.05,0,16
2026-09-24 21:36:00,SENSEX,CE,73400.0,SENSEX26SEP73400CE,180.1,180.1,180.1,180.1,0,16
2026-09-24 21:36:00,SENSEX,PE,73400.0,SENSEX26SEP73400PE,0.05,0.05,0.05,0.05,0,16
2026-09-24 21:36:00,SENSEX,CE,73500.0,SENSEX26SEP73500CE,80.35,80.35,80.35,80.35,0,16
2026-09-24 21:36:00,SENSEX,PE,73500.0,SENSEX26SEP73500PE,0.05,0.05,0.05,0.05,0,16
2026-09-24 21:36:00,SENSEX,CE,73600.0,SENSEX26SEP73600CE,0.05,0.05,0.05,0.05,0,16
2026-09-24 21:36:00,SENSEX,PE,73600.0,SENSEX26SEP73600PE,19.35,19.35,19.35,19.35,0,16
2026-09-24 21:36:00,SENSEX,CE,73700.0,SENSEX26SEP73700CE,0.05,0.05,0.05,0.05,0,16
2026-09-24 21:36:00,SENSEX,PE,73700.0,SENSEX26SEP73700PE,119.2,119.2,119.2,119.2,0,16
2026-09-24 21:36:00,SENSEX,CE,73800.0,SENSEX26SEP73800CE,0.05,0.05,0.05,0.05,0,16
2026-09-24 21:36:00,SENSEX,PE,73800.0,SENSEX26SEP73800PE,219.05,219.05,219.05,219.05,0,16
2026-09-24 21:36:00,SENSEX,CE,73900.0,SENSEX26SEP73900CE,0.05,0.05,0.05,0.05,0,16
2026-09-24 21:36:00,SENSEX,PE,73900.0,SENSEX26SEP73900PE,320.0,320.0,320.0,320.0,0,16
2026-09-24 21:36:00,SENSEX,CE,74000.0,SENSEX26SEP74000CE,0.05,0.05,0.05,0.05,0,16
2026-09-24 21:36:00,SENSEX,PE,74000.0,SENSEX26SEP74000PE,420.9,420.9,420.9,420.9,0,16
2026-09-24 21:36:00,SENSEX,CE,74100.0,SENSEX26SEP74100CE,0.05,0.05,0.05,0.05,0,16
2026-09-24 21:36:00,SENSEX,PE,74100.0,SENSEX26SEP74100PE,518.9,518.9,518.9,518.9,0,16
2026-09-24 21:36:00,SENSEX,CE,74200.0,SENSEX26SEP74200CE,0.05,0.05,0.05,0.05,0,16
2026-09-24 21:36:00,SENSEX,PE,74200.0,SENSEX26SEP74200PE,621.0,621.0,621.0,621.0,0,16
2026-09-24 21:37:00,SENSEX,FUT,0.0,SENSEX26SEPFUT,73576.6,73576.6,73576.6,73576.6,0,16
2026-09-24 21:37:00,SENSEX,SPOT,0.0,SENSEX,73580.54,73580.54,73580.54,73580.54,0,16
2026-09-24 21:37:00,SENSEX,CE,73000.0,SENSEX26SEP73000CE,578.95,578.95,578.95,578.95,0,16
2026-09-24 21:37:00,SENSEX,PE,73000.0,SENSEX26SEP73000PE,0.05,0.05,0.05,0.05,0,16
2026-09-24 21:37:00,SENSEX,CE,73100.0,SENSEX26SEP73100CE,479.55,479.55,479.55,479.55,0,16
2026-09-24 21:37:00,SENSEX,PE,73100.0,SENSEX26SEP73100PE,0.05,0.05,0.05,0.05,0,16
2026-09-24 21:37:00,SENSEX,CE,73200.0,SENSEX26SEP73200CE,379.5,379.5,379.5,379.5,0,16
2026-09-24 21:37:00,SENSEX,PE,73200.0,SENSEX26SEP73200PE,0.05,0.05,0.05,0.05,0,16
2026-09-24 21:37:00,SENSEX,CE,73300.0,SENSEX26SEP73300CE,279.9,279.9,279.9,279.9,0,16
2026-09-24 21:37:00,SENSEX,PE,73300.0,SENSEX26SEP73300PE,0.05,0.05,0.05,0.05,0,16
2026-09-24 21:37:00,SENSEX,CE,73400.0,SENSEX26SEP73400CE,180.1,180.1,180.1,180.1,0,16
2026-09-24 21:37:00,SENSEX,PE,73400.0,SENSEX26SEP73400PE,0.05,0.05,0.05,0.05,0,16
2026-09-24 21:37:00,SENSEX,CE,73500.0,SENSEX26SEP73500CE,80.35,80.35,80.35,80.35,0,16
2026-09-24 21:37:00,SENSEX,PE,73500.0,SENSEX26SEP73500PE,0.05,0.05,0.05,0.05,0,16
2026-09-24 21:37:00,SENSEX,CE,73600.0,SENSEX26SEP73600CE,0.05,0.05,0.05,0.05,0,16
2026-09-24 21:37:00,SENSEX,PE,73600.0,SENSEX26SEP73600PE,19.35,19.35,19.35,19.35,0,16
2026-09-24 21:37:00,SENSEX,CE,73700.0,SENSEX26SEP73700CE,0.05,0.05,0.05,0.05,0,16
2026-09-24 21:37:00,SENSEX,PE,73700.0,SENSEX26SEP73700PE,119.2,119.2,119.2,119.2,0,16
2026-09-24 21:37:00,SENSEX,CE,73800.0,SENSEX26SEP73800CE,0.05,0.05,0.05,0.05,0,16
2026-09-24 21:37:00,SENSEX,PE,73800.0,SENSEX26SEP73800PE,219.05,219.05,219.05,219.05,0,16
2026-09-24 21:37:00,SENSEX,CE,73900.0,SENSEX26SEP73900CE,0.05,0.05,0.05,0.05,0,16
2026-09-24 21:37:00,SENSEX,PE,73900.0,SENSEX26SEP73900PE,320.0,320.0,320.0,320.0,0,16
2026-09-24 21:37:00,SENSEX,CE,74000.0,SENSEX26SEP74000CE,0.05,0.05,0.05,0.05,0,16
2026-09-24 21:37:00,SENSEX,PE,74000.0,SENSEX26SEP74000PE,420.9,420.9,420.9,420.9,0,16
2026-09-24 21:37:00,SENSEX,CE,74100.0,SENSEX26SEP74100CE,0.05,0.05,0.05,0.05,0,16
2026-09-24 21:37:00,SENSEX,PE,74100.0,SENSEX26SEP74100PE,518.9,518.9,518.9,518.9,0,16
2026-09-24 21:37:00,SENSEX,CE,74200.0,SENSEX26SEP74200CE,0.05,0.05,0.05,0.05,0,16
2026-09-24 21:37:00,SENSEX,PE,74200.0,SENSEX26SEP74200PE,621.0,621.0,621.0,621.0,0,16
2026-09-24 21:38:00,SENSEX,FUT,0.0,SENSEX26SEPFUT,73576.6,73576.6,73576.6,73576.6,0,16
2026-09-24 21:38:00,SENSEX,SPOT,0.0,SENSEX,73580.54,73580.54,73580.54,73580.54,0,16
2026-09-24 21:38:00,SENSEX,CE,73000.0,SENSEX26SEP73000CE,578.95,578.95,578.95,578.95,0,16
2026-09-24 21:38:00,SENSEX,PE,73000.0,SENSEX26SEP73000PE,0.05,0.05,0.05,0.05,0,16
2026-09-24 21:38:00,SENSEX,CE,73100.0,SENSEX26SEP73100CE,479.55,479.55,479.55,479.55,0,16
2026-09-24 21:38:00,SENSEX,PE,73100.0,SENSEX26SEP73100PE,0.05,0.05,0.05,0.05,0,16
2026-09-24 21:38:00,SENSEX,CE,73200.0,SENSEX26SEP73200CE,379.5,379.5,379.5,379.5,0,16
2026-09-24 21:38:00,SENSEX,PE,73200.0,SENSEX26SEP73200PE,0.05,0.05,0.05,0.05,0,16
2026-09-24 21:38:00,SENSEX,CE,73300.0,SENSEX26SEP73300CE,279.9,279.9,279.9,279.9,0,16
2026-09-24 21:38:00,SENSEX,PE,73300.0,SENSEX26SEP73300PE,0.05,0.05,0.05,0.05,0,16
2026-09-24 21:38:00,SENSEX,CE,73400.0,SENSEX26SEP73400CE,180.1,180.1,180.1,180.1,0,16
2026-09-24 21:38:00,SENSEX,PE,73400.0,SENSEX26SEP73400PE,0.05,0.05,0.05,0.05,0,16
2026-09-24 21:38:00,SENSEX,CE,73500.0,SENSEX26SEP73500CE,80.35,80.35,80.35,80.35,0,16
2026-09-24 21:38:00,SENSEX,PE,73500.0,SENSEX26SEP73500PE,0.05,0.05,0.05,0.05,0,16
2026-09-24 21:38:00,SENSEX,CE,73600.0,SENSEX26SEP73600CE,0.05,0.05,0.05,0.05,0,16
2026-09-24 21:38:00,SENSEX,PE,73600.0,SENSEX26SEP73600PE,19.35,19.35,19.35,19.35,0,16
2026-09-24 21:38:00,SENSEX,CE,73700.0,SENSEX26SEP73700CE,0.05,0.05,0.05,0.05,0,16
2026-09-24 21:38:00,SENSEX,PE,73700.0,SENSEX26SEP73700PE,119.2,119.2,119.2,119.2,0,16
2026-09-24 21:38:00,SENSEX,CE,73800.0,SENSEX26SEP73800CE,0.05,0.05,0.05,0.05,0,16
2026-09-24 21:38:00,SENSEX,PE,73800.0,SENSEX26SEP73800PE,219.05,219.05,219.05,219.05,0,16
2026-09-24 21:38:00,SENSEX,CE,73900.0,SENSEX26SEP73900CE,0.05,0.05,0.05,0.05,0,16
2026-09-24 21:38:00,SENSEX,PE,73900.0,SENSEX26SEP73900PE,320.0,320.0,320.0,320.0,0,16
2026-09-24 21:38:00,SENSEX,CE,74000.0,SENSEX26SEP74000CE,0.05,0.05,0.05,0.05,0,16
2026-09-24 21:38:00,SENSEX,PE,74000.0,SENSEX26SEP74000PE,420.9,420.9,420.9,420.9,0,16
2026-09-24 21:38:00,SENSEX,CE,74100.0,SENSEX26SEP74100CE,0.05,0.05,0.05,0.05,0,16
2026-09-24 21:38:00,SENSEX,PE,74100.0,SENSEX26SEP74100PE,518.9,518.9,518.9,518.9,0,16
2026-09-24 21:38:00,SENSEX,CE,74200.0,SENSEX26SEP74200CE,0.05,0.05,0.05,0.05,0,16
2026-09-24 21:38:00,SENSEX,PE,74200.0,SENSEX26SEP74200PE,621.0,621.0,621.0,621.0,0,16
2026-09-24 21:39:00,SENSEX,FUT,0.0,SENSEX26SEPFUT,73576.6,73576.6,73576.6,73576.6,0,16
2026-09-24 21:39:00,SENSEX,SPOT,0.0,SENSEX,73580.54,73580.54,73580.54,73580.54,0,16
2026-09-24 21:39:00,SENSEX,CE,73000.0,SENSEX26SEP73000CE,578.95,578.95,578.95,578.95,0,16
2026-09-24 21:39:00,SENSEX,PE,73000.0,SENSEX26SEP73000PE,0.05,0.05,0.05,0.05,0,16
2026-09-24 21:39:00,SENSEX,CE,73100.0,SENSEX26SEP73100CE,479.55,479.55,479.55,479.55,0,16
2026-09-24 21:39:00,SENSEX,PE,73100.0,SENSEX26SEP73100PE,0.05,0.05,0.05,0.05,0,16
2026-09-24 21:39:00,SENSEX,CE,73200.0,SENSEX26SEP73200CE,379.5,379.5,379.5,379.5,0,16
2026-09-24 21:39:00,SENSEX,PE,73200.0,SENSEX26SEP73200PE,0.05,0.05,0.05,0.05,0,16
2026-09-24 21:39:00,SENSEX,CE,73300.0,SENSEX26SEP73300CE,279.9,279.9,279.9,279.9,0,16
2026-09-24 21:39:00,SENSEX,PE,73300.0,SENSEX26SEP73300PE,0.05,0.05,0.05,0.05,0,16
2026-09-24 21:39:00,SENSEX,CE,73400.0,SENSEX26SEP73400CE,180.1,180.1,180.1,180.1,0,16
2026-09-24 21:39:00,SENSEX,PE,73400.0,SENSEX26SEP73400PE,0.05,0.05,0.05,0.05,0,16
2026-09-24 21:39:00,SENSEX,CE,73500.0,SENSEX26SEP73500CE,80.35,80.35,80.35,80.35,0,16
2026-09-24 21:39:00,SENSEX,PE,73500.0,SENSEX26SEP73500PE,0.05,0.05,0.05,0.05,0,16
2026-09-24 21:39:00,SENSEX,CE,73600.0,SENSEX26SEP73600CE,0.05,0.05,0.05,0.05,0,16
2026-09-24 21:39:00,SENSEX,PE,73600.0,SENSEX26SEP73600PE,19.35,19.35,19.35,19.35,0,16
2026-09-24 21:39:00,SENSEX,CE,73700.0,SENSEX26SEP73700CE,0.05,0.05,0.05,0.05,0,16
2026-09-24 21:39:00,SENSEX,PE,73700.0,SENSEX26SEP73700PE,119.2,119.2,119.2,119.2,0,16
2026-09-24 21:39:00,SENSEX,CE,73800.0,SENSEX26SEP73800CE,0.05,0.05,0.05,0.05,0,16
2026-09-24 21:39:00,SENSEX,PE,73800.0,SENSEX26SEP73800PE,219.05,219.05,219.05,219.05,0,16
2026-09-24 21:39:00,SENSEX,CE,73900.0,SENSEX26SEP73900CE,0.05,0.05,0.05,0.05,0,16
2026-09-24 21:39:00,SENSEX,PE,73900.0,SENSEX26SEP73900PE,320.0,320.0,320.0,320.0,0,16
2026-09-24 21:39:00,SENSEX,CE,74000.0,SENSEX26SEP74000CE,0.05,0.05,0.05,0.05,0,16
2026-09-24 21:39:00,SENSEX,PE,74000.0,SENSEX26SEP74000PE,420.9,420.9,420.9,420.9,0,16
2026-09-24 21:39:00,SENSEX,CE,74100.0,SENSEX26SEP74100CE,0.05,0.05,0.05,0.05,0,16
2026-09-24 21:39:00,SENSEX,PE,74100.0,SENSEX26SEP74100PE,518.9,518.9,518.9,518.9,0,16
2026-09-24 21:39:00,SENSEX,CE,74200.0,SENSEX26SEP74200CE,0.05,0.05,0.05,0.05,0,16
2026-09-24 21:39:00,SENSEX,PE,74200.0,SENSEX26SEP74200PE,621.0,621.0,621.0,621.0,0,16
2026-09-24 21:40:00,SENSEX,FUT,0.0,SENSEX26SEPFUT,73576.6,73576.6,73576.6,73576.6,0,15
2026-09-24 21:40:00,SENSEX,SPOT,0.0,SENSEX,73580.54,73580.54,73580.54,73580.54,0,15
2026-09-24 21:40:00,SENSEX,CE,73000.0,SENSEX26SEP73000CE,578.95,578.95,578.95,578.95,0,15
2026-09-24 21:40:00,SENSEX,PE,73000.0,SENSEX26SEP73000PE,0.05,0.05,0.05,0.05,0,15
2026-09-24 21:40:00,SENSEX,CE,73100.0,SENSEX26SEP73100CE,479.55,479.55,479.55,479.55,0,15
2026-09-24 21:40:00,SENSEX,PE,73100.0,SENSEX26SEP73100PE,0.05,0.05,0.05,0.05,0,15
2026-09-24 21:40:00,SENSEX,CE,73200.0,SENSEX26SEP73200CE,379.5,379.5,379.5,379.5,0,15
2026-09-24 21:40:00,SENSEX,PE,73200.0,SENSEX26SEP73200PE,0.05,0.05,0.05,0.05,0,15
2026-09-24 21:40:00,SENSEX,CE,73300.0,SENSEX26SEP73300CE,279.9,279.9,279.9,279.9,0,15
2026-09-24 21:40:00,SENSEX,PE,73300.0,SENSEX26SEP73300PE,0.05,0.05,0.05,0.05,0,15
2026-09-24 21:40:00,SENSEX,CE,73400.0,SENSEX26SEP73400CE,180.1,180.1,180.1,180.1,0,15
2026-09-24 21:40:00,SENSEX,PE,73400.0,SENSEX26SEP73400PE,0.05,0.05,0.05,0.05,0,15
2026-09-24 21:40:00,SENSEX,CE,73500.0,SENSEX26SEP73500CE,80.35,80.35,80.35,80.35,0,15
2026-09-24 21:40:00,SENSEX,PE,73500.0,SENSEX26SEP73500PE,0.05,0.05,0.05,0.05,0,15
2026-09-24 21:40:00,SENSEX,CE,73600.0,SENSEX26SEP73600CE,0.05,0.05,0.05,0.05,0,15
2026-09-24 21:40:00,SENSEX,PE,73600.0,SENSEX26SEP73600PE,19.35,19.35,19.35,19.35,0,15
2026-09-24 21:40:00,SENSEX,CE,73700.0,SENSEX26SEP73700CE,0.05,0.05,0.05,0.05,0,15
2026-09-24 21:40:00,SENSEX,PE,73700.0,SENSEX26SEP73700PE,119.2,119.2,119.2,119.2,0,15
2026-09-24 21:40:00,SENSEX,CE,73800.0,SENSEX26SEP73800CE,0.05,0.05,0.05,0.05,0,15
2026-09-24 21:40:00,SENSEX,PE,73800.0,SENSEX26SEP73800PE,219.05,219.05,219.05,219.05,0,15
2026-09-24 21:40:00,SENSEX,CE,73900.0,SENSEX26SEP73900CE,0.05,0.05,0.05,0.05,0,15
2026-09-24 21:40:00,SENSEX,PE,73900.0,SENSEX26SEP73900PE,320.0,320.0,320.0,320.0,0,15
2026-09-24 21:40:00,SENSEX,CE,74000.0,SENSEX26SEP74000CE,0.05,0.05,0.05,0.05,0,15
2026-09-24 21:40:00,SENSEX,PE,74000.0,SENSEX26SEP74000PE,420.9,420.9,420.9,420.9,0,15
2026-09-24 21:40:00,SENSEX,CE,74100.0,SENSEX26SEP74100CE,0.05,0.05,0.05,0.05,0,15
2026-09-24 21:40:00,SENSEX,PE,74100.0,SENSEX26SEP74100PE,518.9,518.9,518.9,518.9,0,15
2026-09-24 21:40:00,SENSEX,CE,74200.0,SENSEX26SEP74200CE,0.05,0.05,0.05,0.05,0,15
2026-09-24 21:40:00,SENSEX,PE,74200.0,SENSEX26SEP74200PE,621.0,621.0,621.0,621.0,0,15
2026-09-24 21:41:00,SENSEX,FUT,0.0,SENSEX26SEPFUT,73576.6,73576.6,73576.6,73576.6,0,13
2026-09-24 21:41:00,SENSEX,SPOT,0.0,SENSEX,73580.54,73580.54,73580.54,73580.54,0,13
2026-09-24 21:41:00,SENSEX,CE,73000.0,SENSEX26SEP73000CE,578.95,578.95,578.95,578.95,0,13
2026-09-24 21:41:00,SENSEX,PE,73000.0,SENSEX26SEP73000PE,0.05,0.05,0.05,0.05,0,13
2026-09-24 21:41:00,SENSEX,CE,73100.0,SENSEX26SEP73100CE,479.55,479.55,479.55,479.55,0,13
2026-09-24 21:41:00,SENSEX,PE,73100.0,SENSEX26SEP73100PE,0.05,0.05,0.05,0.05,0,13
2026-09-24 21:41:00,SENSEX,CE,73200.0,SENSEX26SEP73200CE,379.5,379.5,379.5,379.5,0,13
2026-09-24 21:41:00,SENSEX,PE,73200.0,SENSEX26SEP73200PE,0.05,0.05,0.05,0.05,0,13
2026-09-24 21:41:00,SENSEX,CE,73300.0,SENSEX26SEP73300CE,279.9,279.9,279.9,279.9,0,13
2026-09-24 21:41:00,SENSEX,PE,73300.0,SENSEX26SEP73300PE,0.05,0.05,0.05,0.05,0,13
2026-09-24 21:41:00,SENSEX,CE,73400.0,SENSEX26SEP73400CE,180.1,180.1,180.1,180.1,0,13
2026-09-24 21:41:00,SENSEX,PE,73400.0,SENSEX26SEP73400PE,0.05,0.05,0.05,0.05,0,13
2026-09-24 21:41:00,SENSEX,CE,73500.0,SENSEX26SEP73500CE,80.35,80.35,80.35,80.35,0,13
2026-09-24 21:41:00,SENSEX,PE,73500.0,SENSEX26SEP73500PE,0.05,0.05,0.05,0.05,0,13
2026-09-24 21:41:00,SENSEX,CE,73600.0,SENSEX26SEP73600CE,0.05,0.05,0.05,0.05,0,13
2026-09-24 21:41:00,SENSEX,PE,73600.0,SENSEX26SEP73600PE,19.35,19.35,19.35,19.35,0,13
2026-09-24 21:41:00,SENSEX,CE,73700.0,SENSEX26SEP73700CE,0.05,0.05,0.05,0.05,0,13
2026-09-24 21:41:00,SENSEX,PE,73700.0,SENSEX26SEP73700PE,119.2,119.2,119.2,119.2,0,13
2026-09-24 21:41:00,SENSEX,CE,73800.0,SENSEX26SEP73800CE,0.05,0.05,0.05,0.05,0,13
2026-09-24 21:41:00,SENSEX,PE,73800.0,SENSEX26SEP73800PE,219.05,219.05,219.05,219.05,0,13
2026-09-24 21:41:00,SENSEX,CE,73900.0,SENSEX26SEP73900CE,0.05,0.05,0.05,0.05,0,13
2026-09-24 21:41:00,SENSEX,PE,73900.0,SENSEX26SEP73900PE,320.0,320.0,320.0,320.0,0,13
2026-09-24 21:41:00,SENSEX,CE,74000.0,SENSEX26SEP74000CE,0.05,0.05,0.05,0.05,0,13
2026-09-24 21:41:00,SENSEX,PE,74000.0,SENSEX26SEP74000PE,420.9,420.9,420.9,420.9,0,13
2026-09-24 21:41:00,SENSEX,CE,74100.0,SENSEX26SEP74100CE,0.05,0.05,0.05,0.05,0,13
2026-09-24 21:41:00,SENSEX,PE,74100.0,SENSEX26SEP74100PE,518.9,518.9,518.9,518.9,0,13
2026-09-24 21:41:00,SENSEX,CE,74200.0,SENSEX26SEP74200CE,0.05,0.05,0.05,0.05,0,13
2026-09-24 21:41:00,SENSEX,PE,74200.0,SENSEX26SEP74200PE,621.0,621.0,621.0,621.0,0,13
2026-09-24 21:42:00,SENSEX,FUT,0.0,SENSEX26SEPFUT,73576.6,73576.6,73576.6,73576.6,0,3
2026-09-24 21:42:00,SENSEX,SPOT,0.0,SENSEX,73580.54,73580.54,73580.54,73580.54,0,3
2026-09-24 21:42:00,SENSEX,CE,73000.0,SENSEX26SEP73000CE,578.95,578.95,578.95,578.95,0,3
2026-09-24 21:42:00,SENSEX,PE,73000.0,SENSEX26SEP73000PE,0.05,0.05,0.05,0.05,0,3
2026-09-24 21:42:00,SENSEX,CE,73100.0,SENSEX26SEP73100CE,479.55,479.55,479.55,479.55,0,3
2026-09-24 21:42:00,SENSEX,PE,73100.0,SENSEX26SEP73100PE,0.05,0.05,0.05,0.05,0,3
2026-09-24 21:42:00,SENSEX,CE,73200.0,SENSEX26SEP73200CE,379.5,379.5,379.5,379.5,0,3
2026-09-24 21:42:00,SENSEX,PE,73200.0,SENSEX26SEP73200PE,0.05,0.05,0.05,0.05,0,3
2026-09-24 21:42:00,SENSEX,CE,73300.0,SENSEX26SEP73300CE,279.9,279.9,279.9,279.9,0,3
2026-09-24 21:42:00,SENSEX,PE,73300.0,SENSEX26SEP73300PE,0.05,0.05,0.05,0.05,0,3
2026-09-24 21:42:00,SENSEX,CE,73400.0,SENSEX26SEP73400CE,180.1,180.1,180.1,180.1,0,3
2026-09-24 21:42:00,SENSEX,PE,73400.0,SENSEX26SEP73400PE,0.05,0.05,0.05,0.05,0,3
2026-09-24 21:42:00,SENSEX,CE,73500.0,SENSEX26SEP73500CE,80.35,80.35,80.35,80.35,0,3
2026-09-24 21:42:00,SENSEX,PE,73500.0,SENSEX26SEP73500PE,0.05,0.05,0.05,0.05,0,3
2026-09-24 21:42:00,SENSEX,CE,73600.0,SENSEX26SEP73600CE,0.05,0.05,0.05,0.05,0,3
2026-09-24 21:42:00,SENSEX,PE,73600.0,SENSEX26SEP73600PE,19.35,19.35,19.35,19.35,0,3
2026-09-24 21:42:00,SENSEX,CE,73700.0,SENSEX26SEP73700CE,0.05,0.05,0.05,0.05,0,3
2026-09-24 21:42:00,SENSEX,PE,73700.0,SENSEX26SEP73700PE,119.2,119.2,119.2,119.2,0,3
2026-09-24 21:42:00,SENSEX,CE,73800.0,SENSEX26SEP73800CE,0.05,0.05,0.05,0.05,0,3
2026-09-24 21:42:00,SENSEX,PE,73800.0,SENSEX26SEP73800PE,219.05,219.05,219.05,219.05,0,3
2026-09-24 21:42:00,SENSEX,CE,73900.0,SENSEX26SEP73900CE,0.05,0.05,0.05,0.05,0,3
2026-09-24 21:42:00,SENSEX,PE,73900.0,SENSEX26SEP73900PE,320.0,320.0,320.0,320.0,0,3
2026-09-24 21:42:00,SENSEX,CE,74000.0,SENSEX26SEP74000CE,0.05,0.05,0.05,0.05,0,3
2026-09-24 21:42:00,SENSEX,PE,74000.0,SENSEX26SEP74000PE,420.9,420.9,420.9,420.9,0,3
2026-09-24 21:42:00,SENSEX,CE,74100.0,SENSEX26SEP74100CE,0.05,0.05,0.05,0.05,0,3
2026-09-24 21:42:00,SENSEX,PE,74100.0,SENSEX26SEP74100PE,518.9,518.9,518.9,518.9,0,3
2026-09-24 21:42:00,SENSEX,CE,74200.0,SENSEX26SEP74200CE,0.05,0.05,0.05,0.05,0,3
2026-09-24 21:42:00,SENSEX,PE,74200.0,SENSEX26SEP74200PE,621.0,621.0,621.0,621.0,0,3
2026-09-24 21:43:00,SENSEX,FUT,0.0,SENSEX26SEPFUT,73576.6,73576.6,73576.6,73576.6,0,16
2026-09-24 21:43:00,SENSEX,SPOT,0.0,SENSEX,73580.54,73580.54,73580.54,73580.54,0,16
2026-09-24 21:43:00,SENSEX,CE,73000.0,SENSEX26SEP73000CE,578.95,578.95,578.95,578.95,0,16
2026-09-24 21:43:00,SENSEX,PE,73000.0,SENSEX26SEP73000PE,0.05,0.05,0.05,0.05,0,16
2026-09-24 21:43:00,SENSEX,CE,73100.0,SENSEX26SEP73100CE,479.55,479.55,479.55,479.55,0,16
2026-09-24 21:43:00,SENSEX,PE,73100.0,SENSEX26SEP73100PE,0.05,0.05,0.05,0.05,0,16
2026-09-24 21:43:00,SENSEX,CE,73200.0,SENSEX26SEP73200CE,379.5,379.5,379.5,379.5,0,16
2026-09-24 21:43:00,SENSEX,PE,73200.0,SENSEX26SEP73200PE,0.05,0.05,0.05,0.05,0,16
2026-09-24 21:43:00,SENSEX,CE,73300.0,SENSEX26SEP73300CE,279.9,279.9,279.9,279.9,0,16
2026-09-24 21:43:00,SENSEX,PE,73300.0,SENSEX26SEP73300PE,0.05,0.05,0.05,0.05,0,16
2026-09-24 21:43:00,SENSEX,CE,73400.0,SENSEX26SEP73400CE,180.1,180.1,180.1,180.1,0,16
2026-09-24 21:43:00,SENSEX,PE,73400.0,SENSEX26SEP73400PE,0.05,0.05,0.05,0.05,0,16
2026-09-24 21:43:00,SENSEX,CE,73500.0,SENSEX26SEP73500CE,80.35,80.35,80.35,80.35,0,16
2026-09-24 21:43:00,SENSEX,PE,73500.0,SENSEX26SEP73500PE,0.05,0.05,0.05,0.05,0,16
2026-09-24 21:43:00,SENSEX,CE,73600.0,SENSEX26SEP73600CE,0.05,0.05,0.05,0.05,0,16
2026-09-24 21:43:00,SENSEX,PE,73600.0,SENSEX26SEP73600PE,19.35,19.35,19.35,19.35,0,16
2026-09-24 21:43:00,SENSEX,CE,73700.0,SENSEX26SEP73700CE,0.05,0.05,0.05,0.05,0,16
2026-09-24 21:43:00,SENSEX,PE,73700.0,SENSEX26SEP73700PE,119.2,119.2,119.2,119.2,0,16
2026-09-24 21:43:00,SENSEX,CE,73800.0,SENSEX26SEP73800CE,0.05,0.05,0.05,0.05,0,16
2026-09-24 21:43:00,SENSEX,PE,73800.0,SENSEX26SEP73800PE,219.05,219.05,219.05,219.05,0,16
2026-09-24 21:43:00,SENSEX,CE,73900.0,SENSEX26SEP73900CE,0.05,0.05,0.05,0.05,0,16
2026-09-24 21:43:00,SENSEX,PE,73900.0,SENSEX26SEP73900PE,320.0,320.0,320.0,320.0,0,16
2026-09-24 21:43:00,SENSEX,CE,74000.0,SENSEX26SEP74000CE,0.05,0.05,0.05,0.05,0,16
2026-09-24 21:43:00,SENSEX,PE,74000.0,SENSEX26SEP74000PE,420.9,420.9,420.9,420.9,0,16
2026-09-24 21:43:00,SENSEX,CE,74100.0,SENSEX26SEP74100CE,0.05,0.05,0.05,0.05,0,16
2026-09-24 21:43:00,SENSEX,PE,74100.0,SENSEX26SEP74100PE,518.9,518.9,518.9,518.9,0,16
2026-09-24 21:43:00,SENSEX,CE,74200.0,SENSEX26SEP74200CE,0.05,0.05,0.05,0.05,0,16
2026-09-24 21:43:00,SENSEX,PE,74200.0,SENSEX26SEP74200PE,621.0,621.0,621.0,621.0,0,16
2026-09-24 21:44:00,SENSEX,FUT,0.0,SENSEX26SEPFUT,73576.6,73576.6,73576.6,73576.6,0,16
2026-09-24 21:44:00,SENSEX,SPOT,0.0,SENSEX,73580.54,73580.54,73580.54,73580.54,0,16
2026-09-24 21:44:00,SENSEX,CE,73000.0,SENSEX26SEP73000CE,578.95,578.95,578.95,578.95,0,16
2026-09-24 21:44:00,SENSEX,PE,73000.0,SENSEX26SEP73000PE,0.05,0.05,0.05,0.05,0,16
2026-09-24 21:44:00,SENSEX,CE,73100.0,SENSEX26SEP73100CE,479.55,479.55,479.55,479.55,0,16
2026-09-24 21:44:00,SENSEX,PE,73100.0,SENSEX26SEP73100PE,0.05,0.05,0.05,0.05,0,16
2026-09-24 21:44:00,SENSEX,CE,73200.0,SENSEX26SEP73200CE,379.5,379.5,379.5,379.5,0,16
2026-09-24 21:44:00,SENSEX,PE,73200.0,SENSEX26SEP73200PE,0.05,0.05,0.05,0.05,0,16
2026-09-24 21:44:00,SENSEX,CE,73300.0,SENSEX26SEP73300CE,279.9,279.9,279.9,279.9,0,16
2026-09-24 21:44:00,SENSEX,PE,73300.0,SENSEX26SEP73300PE,0.05,0.05,0.05,0.05,0,16
2026-09-24 21:44:00,SENSEX,CE,73400.0,SENSEX26SEP73400CE,180.1,180.1,180.1,180.1,0,16
2026-09-24 21:44:00,SENSEX,PE,73400.0,SENSEX26SEP73400PE,0.05,0.05,0.05,0.05,0,16
2026-09-24 21:44:00,SENSEX,CE,73500.0,SENSEX26SEP73500CE,80.35,80.35,80.35,80.35,0,16
2026-09-24 21:44:00,SENSEX,PE,73500.0,SENSEX26SEP73500PE,0.05,0.05,0.05,0.05,0,16
2026-09-24 21:44:00,SENSEX,CE,73600.0,SENSEX26SEP73600CE,0.05,0.05,0.05,0.05,0,16
2026-09-24 21:44:00,SENSEX,PE,73600.0,SENSEX26SEP73600PE,19.35,19.35,19.35,19.35,0,16
2026-09-24 21:44:00,SENSEX,CE,73700.0,SENSEX26SEP73700CE,0.05,0.05,0.05,0.05,0,16
2026-09-24 21:44:00,SENSEX,PE,73700.0,SENSEX26SEP73700PE,119.2,119.2,119.2,119.2,0,16
2026-09-24 21:44:00,SENSEX,CE,73800.0,SENSEX26SEP73800CE,0.05,0.05,0.05,0.05,0,16
2026-09-24 21:44:00,SENSEX,PE,73800.0,SENSEX26SEP73800PE,219.05,219.05,219.05,219.05,0,16
2026-09-24 21:44:00,SENSEX,CE,73900.0,SENSEX26SEP73900CE,0.05,0.05,0.05,0.05,0,16
2026-09-24 21:44:00,SENSEX,PE,73900.0,SENSEX26SEP73900PE,320.0,320.0,320.0,320.0,0,16
2026-09-24 21:44:00,SENSEX,CE,74000.0,SENSEX26SEP74000CE,0.05,0.05,0.05,0.05,0,16
2026-09-24 21:44:00,SENSEX,PE,74000.0,SENSEX26SEP74000PE,420.9,420.9,420.9,420.9,0,16
2026-09-24 21:44:00,SENSEX,CE,74100.0,SENSEX26SEP74100CE,0.05,0.05,0.05,0.05,0,16
2026-09-24 21:44:00,SENSEX,PE,74100.0,SENSEX26SEP74100PE,518.9,518.9,518.9,518.9,0,16
2026-09-24 21:44:00,SENSEX,CE,74200.0,SENSEX26SEP74200CE,0.05,0.05,0.05,0.05,0,16
2026-09-24 21:44:00,SENSEX,PE,74200.0,SENSEX26SEP74200PE,621.0,621.0,621.0,621.0,0,16
2026-09-24 21:45:00,SENSEX,FUT,0.0,SENSEX26SEPFUT,73576.6,73576.6,73576.6,73576.6,0,15
2026-09-24 21:45:00,SENSEX,SPOT,0.0,SENSEX,73580.54,73580.54,73580.54,73580.54,0,15
2026-09-24 21:45:00,SENSEX,CE,73000.0,SENSEX26SEP73000CE,578.95,578.95,578.95,578.95,0,15
2026-09-24 21:45:00,SENSEX,PE,73000.0,SENSEX26SEP73000PE,0.05,0.05,0.05,0.05,0,15
2026-09-24 21:45:00,SENSEX,CE,73100.0,SENSEX26SEP73100CE,479.55,479.55,479.55,479.55,0,15
2026-09-24 21:45:00,SENSEX,PE,73100.0,SENSEX26SEP73100PE,0.05,0.05,0.05,0.05,0,15
2026-09-24 21:45:00,SENSEX,CE,73200.0,SENSEX26SEP73200CE,379.5,379.5,379.5,379.5,0,15
2026-09-24 21:45:00,SENSEX,PE,73200.0,SENSEX26SEP73200PE,0.05,0.05,0.05,0.05,0,15
2026-09-24 21:45:00,SENSEX,CE,73300.0,SENSEX26SEP73300CE,279.9,279.9,279.9,279.9,0,15
2026-09-24 21:45:00,SENSEX,PE,73300.0,SENSEX26SEP73300PE,0.05,0.05,0.05,0.05,0,15
2026-09-24 21:45:00,SENSEX,CE,73400.0,SENSEX26SEP73400CE,180.1,180.1,180.1,180.1,0,15
2026-09-24 21:45:00,SENSEX,PE,73400.0,SENSEX26SEP73400PE,0.05,0.05,0.05,0.05,0,15
2026-09-24 21:45:00,SENSEX,CE,73500.0,SENSEX26SEP73500CE,80.35,80.35,80.35,80.35,0,15
2026-09-24 21:45:00,SENSEX,PE,73500.0,SENSEX26SEP73500PE,0.05,0.05,0.05,0.05,0,15
2026-09-24 21:45:00,SENSEX,CE,73600.0,SENSEX26SEP73600CE,0.05,0.05,0.05,0.05,0,15
2026-09-24 21:45:00,SENSEX,PE,73600.0,SENSEX26SEP73600PE,19.35,19.35,19.35,19.35,0,15
2026-09-24 21:45:00,SENSEX,CE,73700.0,SENSEX26SEP73700CE,0.05,0.05,0.05,0.05,0,15
2026-09-24 21:45:00,SENSEX,PE,73700.0,SENSEX26SEP73700PE,119.2,119.2,119.2,119.2,0,15
2026-09-24 21:45:00,SENSEX,CE,73800.0,SENSEX26SEP73800CE,0.05,0.05,0.05,0.05,0,15
2026-09-24 21:45:00,SENSEX,PE,73800.0,SENSEX26SEP73800PE,219.05,219.05,219.05,219.05,0,15
2026-09-24 21:45:00,SENSEX,CE,73900.0,SENSEX26SEP73900CE,0.05,0.05,0.05,0.05,0,15
2026-09-24 21:45:00,SENSEX,PE,73900.0,SENSEX26SEP73900PE,320.0,320.0,320.0,320.0,0,15
2026-09-24 21:45:00,SENSEX,CE,74000.0,SENSEX26SEP74000CE,0.05,0.05,0.05,0.05,0,15
2026-09-24 21:45:00,SENSEX,PE,74000.0,SENSEX26SEP74000PE,420.9,420.9,420.9,420.9,0,15
2026-09-24 21:45:00,SENSEX,CE,74100.0,SENSEX26SEP74100CE,0.05,0.05,0.05,0.05,0,15
2026-09-24 21:45:00,SENSEX,PE,74100.0,SENSEX26SEP74100PE,518.9,518.9,518.9,518.9,0,15
2026-09-24 21:45:00,SENSEX,CE,74200.0,SENSEX26SEP74200CE,0.05,0.05,0.05,0.05,0,15
2026-09-24 21:45:00,SENSEX,PE,74200.0,SENSEX26SEP74200PE,621.0,621.0,621.0,621.0,0,15
2026-09-24 21:46:00,SENSEX,FUT,0.0,SENSEX26SEPFUT,73576.6,73576.6,73576.6,73576.6,0,11
2026-09-24 21:46:00,SENSEX,SPOT,0.0,SENSEX,73580.54,73580.54,73580.54,73580.54,0,11
2026-09-24 21:46:00,SENSEX,CE,73000.0,SENSEX26SEP73000CE,578.95,578.95,578.95,578.95,0,11
2026-09-24 21:46:00,SENSEX,PE,73000.0,SENSEX26SEP73000PE,0.05,0.05,0.05,0.05,0,11
2026-09-24 21:46:00,SENSEX,CE,73100.0,SENSEX26SEP73100CE,479.55,479.55,479.55,479.55,0,11
2026-09-24 21:46:00,SENSEX,PE,73100.0,SENSEX26SEP73100PE,0.05,0.05,0.05,0.05,0,11
2026-09-24 21:46:00,SENSEX,CE,73200.0,SENSEX26SEP73200CE,379.5,379.5,379.5,379.5,0,11
2026-09-24 21:46:00,SENSEX,PE,73200.0,SENSEX26SEP73200PE,0.05,0.05,0.05,0.05,0,11
2026-09-24 21:46:00,SENSEX,CE,73300.0,SENSEX26SEP73300CE,279.9,279.9,279.9,279.9,0,11
2026-09-24 21:46:00,SENSEX,PE,73300.0,SENSEX26SEP73300PE,0.05,0.05,0.05,0.05,0,11
2026-09-24 21:46:00,SENSEX,CE,73400.0,SENSEX26SEP73400CE,180.1,180.1,180.1,180.1,0,11
2026-09-24 21:46:00,SENSEX,PE,73400.0,SENSEX26SEP73400PE,0.05,0.05,0.05,0.05,0,11
2026-09-24 21:46:00,SENSEX,CE,73500.0,SENSEX26SEP73500CE,80.35,80.35,80.35,80.35,0,11
2026-09-24 21:46:00,SENSEX,PE,73500.0,SENSEX26SEP73500PE,0.05,0.05,0.05,0.05,0,11
2026-09-24 21:46:00,SENSEX,CE,73600.0,SENSEX26SEP73600CE,0.05,0.05,0.05,0.05,0,11
2026-09-24 21:46:00,SENSEX,PE,73600.0,SENSEX26SEP73600PE,19.35,19.35,19.35,19.35,0,11
2026-09-24 21:46:00,SENSEX,CE,73700.0,SENSEX26SEP73700CE,0.05,0.05,0.05,0.05,0,11
2026-09-24 21:46:00,SENSEX,PE,73700.0,SENSEX26SEP73700PE,119.2,119.2,119.2,119.2,0,11
2026-09-24 21:46:00,SENSEX,CE,73800.0,SENSEX26SEP73800CE,0.05,0.05,0.05,0.05,0,11
2026-09-24 21:46:00,SENSEX,PE,73800.0,SENSEX26SEP73800PE,219.05,219.05,219.05,219.05,0,11
2026-09-24 21:46:00,SENSEX,CE,73900.0,SENSEX26SEP73900CE,0.05,0.05,0.05,0.05,0,11
2026-09-24 21:46:00,SENSEX,PE,73900.0,SENSEX26SEP73900PE,320.0,320.0,320.0,320.0,0,11
2026-09-24 21:46:00,SENSEX,CE,74000.0,SENSEX26SEP74000CE,0.05,0.05,0.05,0.05,0,11
2026-09-24 21:46:00,SENSEX,PE,74000.0,SENSEX26SEP74000PE,420.9,420.9,420.9,420.9,0,11
2026-09-24 21:46:00,SENSEX,CE,74100.0,SENSEX26SEP74100CE,0.05,0.05,0.05,0.05,0,11
2026-09-24 21:46:00,SENSEX,PE,74100.0,SENSEX26SEP74100PE,518.9,518.9,518.9,518.9,0,11
2026-09-24 21:46:00,SENSEX,CE,74200.0,SENSEX26SEP74200CE,0.05,0.05,0.05,0.05,0,11
2026-09-24 21:46:00,SENSEX,PE,74200.0,SENSEX26SEP74200PE,621.0,621.0,621.0,621.0,0,11
2026-09-24 21:47:00,SENSEX,FUT,0.0,SENSEX26SEPFUT,73576.6,73576.6,73576.6,73576.6,0,4
2026-09-24 21:47:00,SENSEX,SPOT,0.0,SENSEX,73580.54,73580.54,73580.54,73580.54,0,4
2026-09-24 21:47:00,SENSEX,CE,73000.0,SENSEX26SEP73000CE,578.95,578.95,578.95,578.95,0,4
2026-09-24 21:47:00,SENSEX,PE,73000.0,SENSEX26SEP73000PE,0.05,0.05,0.05,0.05,0,4
2026-09-24 21:47:00,SENSEX,CE,73100.0,SENSEX26SEP73100CE,479.55,479.55,479.55,479.55,0,4
2026-09-24 21:47:00,SENSEX,PE,73100.0,SENSEX26SEP73100PE,0.05,0.05,0.05,0.05,0,4
2026-09-24 21:47:00,SENSEX,CE,73200.0,SENSEX26SEP73200CE,379.5,379.5,379.5,379.5,0,4
2026-09-24 21:47:00,SENSEX,PE,73200.0,SENSEX26SEP73200PE,0.05,0.05,0.05,0.05,0,4
2026-09-24 21:47:00,SENSEX,CE,73300.0,SENSEX26SEP73300CE,279.9,279.9,279.9,279.9,0,4
2026-09-24 21:47:00,SENSEX,PE,73300.0,SENSEX26SEP73300PE,0.05,0.05,0.05,0.05,0,4
2026-09-24 21:47:00,SENSEX,CE,73400.0,SENSEX26SEP73400CE,180.1,180.1,180.1,180.1,0,4
2026-09-24 21:47:00,SENSEX,PE,73400.0,SENSEX26SEP73400PE,0.05,0.05,0.05,0.05,0,4
2026-09-24 21:47:00,SENSEX,CE,73500.0,SENSEX26SEP73500CE,80.35,80.35,80.35,80.35,0,4
2026-09-24 21:47:00,SENSEX,PE,73500.0,SENSEX26SEP73500PE,0.05,0.05,0.05,0.05,0,4
2026-09-24 21:47:00,SENSEX,CE,73600.0,SENSEX26SEP73600CE,0.05,0.05,0.05,0.05,0,4
2026-09-24 21:47:00,SENSEX,PE,73600.0,SENSEX26SEP73600PE,19.35,19.35,19.35,19.35,0,4
2026-09-24 21:47:00,SENSEX,CE,73700.0,SENSEX26SEP73700CE,0.05,0.05,0.05,0.05,0,4
2026-09-24 21:47:00,SENSEX,PE,73700.0,SENSEX26SEP73700PE,119.2,119.2,119.2,119.2,0,4
2026-09-24 21:47:00,SENSEX,CE,73800.0,SENSEX26SEP73800CE,0.05,0.05,0.05,0.05,0,4
2026-09-24 21:47:00,SENSEX,PE,73800.0,SENSEX26SEP73800PE,219.05,219.05,219.05,219.05,0,4
2026-09-24 21:47:00,SENSEX,CE,73900.0,SENSEX26SEP73900CE,0.05,0.05,0.05,0.05,0,4
2026-09-24 21:47:00,SENSEX,PE,73900.0,SENSEX26SEP73900PE,320.0,320.0,320.0,320.0,0,4
2026-09-24 21:47:00,SENSEX,CE,74000.0,SENSEX26SEP74000CE,0.05,0.05,0.05,0.05,0,4
2026-09-24 21:47:00,SENSEX,PE,74000.0,SENSEX26SEP74000PE,420.9,420.9,420.9,420.9,0,4
2026-09-24 21:47:00,SENSEX,CE,74100.0,SENSEX26SEP74100CE,0.05,0.05,0.05,0.05,0,4
2026-09-24 21:47:00,SENSEX,PE,74100.0,SENSEX26SEP74100PE,518.9,518.9,518.9,518.9,0,4
2026-09-24 21:47:00,SENSEX,CE,74200.0,SENSEX26SEP74200CE,0.05,0.05,0.05,0.05,0,4
2026-09-24 21:47:00,SENSEX,PE,74200.0,SENSEX26SEP74200PE,621.0,621.0,621.0,621.0,0,4
2026-09-24 21:48:00,SENSEX,FUT,0.0,SENSEX26SEPFUT,73576.6,73576.6,73576.6,73576.6,0,16
2026-09-24 21:48:00,SENSEX,SPOT,0.0,SENSEX,73580.54,73580.54,73580.54,73580.54,0,16
2026-09-24 21:48:00,SENSEX,CE,73000.0,SENSEX26SEP73000CE,578.95,578.95,578.95,578.95,0,16
2026-09-24 21:48:00,SENSEX,PE,73000.0,SENSEX26SEP73000PE,0.05,0.05,0.05,0.05,0,16
2026-09-24 21:48:00,SENSEX,CE,73100.0,SENSEX26SEP73100CE,479.55,479.55,479.55,479.55,0,16
2026-09-24 21:48:00,SENSEX,PE,73100.0,SENSEX26SEP73100PE,0.05,0.05,0.05,0.05,0,16
2026-09-24 21:48:00,SENSEX,CE,73200.0,SENSEX26SEP73200CE,379.5,379.5,379.5,379.5,0,16
2026-09-24 21:48:00,SENSEX,PE,73200.0,SENSEX26SEP73200PE,0.05,0.05,0.05,0.05,0,16
2026-09-24 21:48:00,SENSEX,CE,73300.0,SENSEX26SEP73300CE,279.9,279.9,279.9,279.9,0,16
2026-09-24 21:48:00,SENSEX,PE,73300.0,SENSEX26SEP73300PE,0.05,0.05,0.05,0.05,0,16
2026-09-24 21:48:00,SENSEX,CE,73400.0,SENSEX26SEP73400CE,180.1,180.1,180.1,180.1,0,16
2026-09-24 21:48:00,SENSEX,PE,73400.0,SENSEX26SEP73400PE,0.05,0.05,0.05,0.05,0,16
2026-09-24 21:48:00,SENSEX,CE,73500.0,SENSEX26SEP73500CE,80.35,80.35,80.35,80.35,0,16
2026-09-24 21:48:00,SENSEX,PE,73500.0,SENSEX26SEP73500PE,0.05,0.05,0.05,0.05,0,16
2026-09-24 21:48:00,SENSEX,CE,73600.0,SENSEX26SEP73600CE,0.05,0.05,0.05,0.05,0,16
2026-09-24 21:48:00,SENSEX,PE,73600.0,SENSEX26SEP73600PE,19.35,19.35,19.35,19.35,0,16
2026-09-24 21:48:00,SENSEX,CE,73700.0,SENSEX26SEP73700CE,0.05,0.05,0.05,0.05,0,16
2026-09-24 21:48:00,SENSEX,PE,73700.0,SENSEX26SEP73700PE,119.2,119.2,119.2,119.2,0,16
2026-09-24 21:48:00,SENSEX,CE,73800.0,SENSEX26SEP73800CE,0.05,0.05,0.05,0.05,0,16
2026-09-24 21:48:00,SENSEX,PE,73800.0,SENSEX26SEP73800PE,219.05,219.05,219.05,219.05,0,16
2026-09-24 21:48:00,SENSEX,CE,73900.0,SENSEX26SEP73900CE,0.05,0.05,0.05,0.05,0,16
2026-09-24 21:48:00,SENSEX,PE,73900.0,SENSEX26SEP73900PE,320.0,320.0,320.0,320.0,0,16
2026-09-24 21:48:00,SENSEX,CE,74000.0,SENSEX26SEP74000CE,0.05,0.05,0.05,0.05,0,16
2026-09-24 21:48:00,SENSEX,PE,74000.0,SENSEX26SEP74000PE,420.9,420.9,420.9,420.9,0,16
2026-09-24 21:48:00,SENSEX,CE,74100.0,SENSEX26SEP74100CE,0.05,0.05,0.05,0.05,0,16
2026-09-24 21:48:00,SENSEX,PE,74100.0,SENSEX26SEP74100PE,518.9,518.9,518.9,518.9,0,16
2026-09-24 21:48:00,SENSEX,CE,74200.0,SENSEX26SEP74200CE,0.05,0.05,0.05,0.05,0,16
2026-09-24 21:48:00,SENSEX,PE,74200.0,SENSEX26SEP74200PE,621.0,621.0,621.0,621.0,0,16
2026-09-24 21:49:00,SENSEX,FUT,0.0,SENSEX26SEPFUT,73576.6,73576.6,73576.6,73576.6,0,14
2026-09-24 21:49:00,SENSEX,SPOT,0.0,SENSEX,73580.54,73580.54,73580.54,73580.54,0,14
2026-09-24 21:49:00,SENSEX,CE,73000.0,SENSEX26SEP73000CE,578.95,578.95,578.95,578.95,0,14
2026-09-24 21:49:00,SENSEX,PE,73000.0,SENSEX26SEP73000PE,0.05,0.05,0.05,0.05,0,14
2026-09-24 21:49:00,SENSEX,CE,73100.0,SENSEX26SEP73100CE,479.55,479.55,479.55,479.55,0,14
2026-09-24 21:49:00,SENSEX,PE,73100.0,SENSEX26SEP73100PE,0.05,0.05,0.05,0.05,0,14
2026-09-24 21:49:00,SENSEX,CE,73200.0,SENSEX26SEP73200CE,379.5,379.5,379.5,379.5,0,14
2026-09-24 21:49:00,SENSEX,PE,73200.0,SENSEX26SEP73200PE,0.05,0.05,0.05,0.05,0,14
2026-09-24 21:49:00,SENSEX,CE,73300.0,SENSEX26SEP73300CE,279.9,279.9,279.9,279.9,0,14
2026-09-24 21:49:00,SENSEX,PE,73300.0,SENSEX26SEP73300PE,0.05,0.05,0.05,0.05,0,14
2026-09-24 21:49:00,SENSEX,CE,73400.0,SENSEX26SEP73400CE,180.1,180.1,180.1,180.1,0,14
2026-09-24 21:49:00,SENSEX,PE,73400.0,SENSEX26SEP73400PE,0.05,0.05,0.05,0.05,0,14
2026-09-24 21:49:00,SENSEX,CE,73500.0,SENSEX26SEP73500CE,80.35,80.35,80.35,80.35,0,14
2026-09-24 21:49:00,SENSEX,PE,73500.0,SENSEX26SEP73500PE,0.05,0.05,0.05,0.05,0,14
2026-09-24 21:49:00,SENSEX,CE,73600.0,SENSEX26SEP73600CE,0.05,0.05,0.05,0.05,0,14
2026-09-24 21:49:00,SENSEX,PE,73600.0,SENSEX26SEP73600PE,19.35,19.35,19.35,19.35,0,14
2026-09-24 21:49:00,SENSEX,CE,73700.0,SENSEX26SEP73700CE,0.05,0.05,0.05,0.05,0,14
2026-09-24 21:49:00,SENSEX,PE,73700.0,SENSEX26SEP73700PE,119.2,119.2,119.2,119.2,0,14
2026-09-24 21:49:00,SENSEX,CE,73800.0,SENSEX26SEP73800CE,0.05,0.05,0.05,0.05,0,14
2026-09-24 21:49:00,SENSEX,PE,73800.0,SENSEX26SEP73800PE,219.05,219.05,219.05,219.05,0,14
2026-09-24 21:49:00,SENSEX,CE,73900.0,SENSEX26SEP73900CE,0.05,0.05,0.05,0.05,0,14
2026-09-24 21:49:00,SENSEX,PE,73900.0,SENSEX26SEP73900PE,320.0,320.0,320.0,320.0,0,14
2026-09-24 21:49:00,SENSEX,CE,74000.0,SENSEX26SEP74000CE,0.05,0.05,0.05,0.05,0,14
2026-09-24 21:49:00,SENSEX,PE,74000.0,SENSEX26SEP74000PE,420.9,420.9,420.9,420.9,0,14
2026-09-24 21:49:00,SENSEX,CE,74100.0,SENSEX26SEP74100CE,0.05,0.05,0.05,0.05,0,14
2026-09-24 21:49:00,SENSEX,PE,74100.0,SENSEX26SEP74100PE,518.9,518.9,518.9,518.9,0,14
2026-09-24 21:49:00,SENSEX,CE,74200.0,SENSEX26SEP74200CE,0.05,0.05,0.05,0.05,0,14
2026-09-24 21:49:00,SENSEX,PE,74200.0,SENSEX26SEP74200PE,621.0,621.0,621.0,621.0,0,14
2026-09-24 21:50:00,SENSEX,FUT,0.0,SENSEX26SEPFUT,73576.6,73576.6,73576.6,73576.6,0,2
2026-09-24 21:50:00,SENSEX,SPOT,0.0,SENSEX,73580.54,73580.54,73580.54,73580.54,0,2
2026-09-24 21:50:00,SENSEX,CE,73000.0,SENSEX26SEP73000CE,578.95,578.95,578.95,578.95,0,2
2026-09-24 21:50:00,SENSEX,PE,73000.0,SENSEX26SEP73000PE,0.05,0.05,0.05,0.05,0,2
2026-09-24 21:50:00,SENSEX,CE,73100.0,SENSEX26SEP73100CE,479.55,479.55,479.55,479.55,0,2
2026-09-24 21:50:00,SENSEX,PE,73100.0,SENSEX26SEP73100PE,0.05,0.05,0.05,0.05,0,2
2026-09-24 21:50:00,SENSEX,CE,73200.0,SENSEX26SEP73200CE,379.5,379.5,379.5,379.5,0,2
2026-09-24 21:50:00,SENSEX,PE,73200.0,SENSEX26SEP73200PE,0.05,0.05,0.05,0.05,0,2
2026-09-24 21:50:00,SENSEX,CE,73300.0,SENSEX26SEP73300CE,279.9,279.9,279.9,279.9,0,2
2026-09-24 21:50:00,SENSEX,PE,73300.0,SENSEX26SEP73300PE,0.05,0.05,0.05,0.05,0,2
2026-09-24 21:50:00,SENSEX,CE,73400.0,SENSEX26SEP73400CE,180.1,180.1,180.1,180.1,0,2
2026-09-24 21:50:00,SENSEX,PE,73400.0,SENSEX26SEP73400PE,0.05,0.05,0.05,0.05,0,2
2026-09-24 21:50:00,SENSEX,CE,73500.0,SENSEX26SEP73500CE,80.35,80.35,80.35,80.35,0,2
2026-09-24 21:50:00,SENSEX,PE,73500.0,SENSEX26SEP73500PE,0.05,0.05,0.05,0.05,0,2
2026-09-24 21:50:00,SENSEX,CE,73600.0,SENSEX26SEP73600CE,0.05,0.05,0.05,0.05,0,2
2026-09-24 21:50:00,SENSEX,PE,73600.0,SENSEX26SEP73600PE,19.35,19.35,19.35,19.35,0,2
2026-09-24 21:50:00,SENSEX,CE,73700.0,SENSEX26SEP73700CE,0.05,0.05,0.05,0.05,0,2
2026-09-24 21:50:00,SENSEX,PE,73700.0,SENSEX26SEP73700PE,119.2,119.2,119.2,119.2,0,2
2026-09-24 21:50:00,SENSEX,CE,73800.0,SENSEX26SEP73800CE,0.05,0.05,0.05,0.05,0,2
2026-09-24 21:50:00,SENSEX,PE,73800.0,SENSEX26SEP73800PE,219.05,219.05,219.05,219.05,0,2
2026-09-24 21:50:00,SENSEX,CE,73900.0,SENSEX26SEP73900CE,0.05,0.05,0.05,0.05,0,2
2026-09-24 21:50:00,SENSEX,PE,73900.0,SENSEX26SEP73900PE,320.0,320.0,320.0,320.0,0,2
2026-09-24 21:50:00,SENSEX,CE,74000.0,SENSEX26SEP74000CE,0.05,0.05,0.05,0.05,0,2
2026-09-24 21:50:00,SENSEX,PE,74000.0,SENSEX26SEP74000PE,420.9,420.9,420.9,420.9,0,2
2026-09-24 21:50:00,SENSEX,CE,74100.0,SENSEX26SEP74100CE,0.05,0.05,0.05,0.05,0,2
2026-09-24 21:50:00,SENSEX,PE,74100.0,SENSEX26SEP74100PE,518.9,518.9,518.9,518.9,0,2
2026-09-24 21:50:00,SENSEX,CE,74200.0,SENSEX26SEP74200CE,0.05,0.05,0.05,0.05,0,2
2026-09-24 21:50:00,SENSEX,PE,74200.0,SENSEX26SEP74200PE,621.0,621.0,621.0,621.0,0,2
2026-09-24 21:51:00,SENSEX,FUT,0.0,SENSEX26SEPFUT,73576.6,73576.6,73576.6,73576.6,0,16
2026-09-24 21:51:00,SENSEX,SPOT,0.0,SENSEX,73580.54,73580.54,73580.54,73580.54,0,16
2026-09-24 21:51:00,SENSEX,CE,73000.0,SENSEX26SEP73000CE,578.95,578.95,578.95,578.95,0,16
2026-09-24 21:51:00,SENSEX,PE,73000.0,SENSEX26SEP73000PE,0.05,0.05,0.05,0.05,0,16
2026-09-24 21:51:00,SENSEX,CE,73100.0,SENSEX26SEP73100CE,479.55,479.55,479.55,479.55,0,16
2026-09-24 21:51:00,SENSEX,PE,73100.0,SENSEX26SEP73100PE,0.05,0.05,0.05,0.05,0,16
2026-09-24 21:51:00,SENSEX,CE,73200.0,SENSEX26SEP73200CE,379.5,379.5,379.5,379.5,0,16
2026-09-24 21:51:00,SENSEX,PE,73200.0,SENSEX26SEP73200PE,0.05,0.05,0.05,0.05,0,16
2026-09-24 21:51:00,SENSEX,CE,73300.0,SENSEX26SEP73300CE,279.9,279.9,279.9,279.9,0,16
2026-09-24 21:51:00,SENSEX,PE,73300.0,SENSEX26SEP73300PE,0.05,0.05,0.05,0.05,0,16
2026-09-24 21:51:00,SENSEX,CE,73400.0,SENSEX26SEP73400CE,180.1,180.1,180.1,180.1,0,16
2026-09-24 21:51:00,SENSEX,PE,73400.0,SENSEX26SEP73400PE,0.05,0.05,0.05,0.05,0,16
2026-09-24 21:51:00,SENSEX,CE,73500.0,SENSEX26SEP73500CE,80.35,80.35,80.35,80.35,0,16
2026-09-24 21:51:00,SENSEX,PE,73500.0,SENSEX26SEP73500PE,0.05,0.05,0.05,0.05,0,16
2026-09-24 21:51:00,SENSEX,CE,73600.0,SENSEX26SEP73600CE,0.05,0.05,0.05,0.05,0,16
2026-09-24 21:51:00,SENSEX,PE,73600.0,SENSEX26SEP73600PE,19.35,19.35,19.35,19.35,0,16
2026-09-24 21:51:00,SENSEX,CE,73700.0,SENSEX26SEP73700CE,0.05,0.05,0.05,0.05,0,16
2026-09-24 21:51:00,SENSEX,PE,73700.0,SENSEX26SEP73700PE,119.2,119.2,119.2,119.2,0,16
2026-09-24 21:51:00,SENSEX,CE,73800.0,SENSEX26SEP73800CE,0.05,0.05,0.05,0.05,0,16
2026-09-24 21:51:00,SENSEX,PE,73800.0,SENSEX26SEP73800PE,219.05,219.05,219.05,219.05,0,16
2026-09-24 21:51:00,SENSEX,CE,73900.0,SENSEX26SEP73900CE,0.05,0.05,0.05,0.05,0,16
2026-09-24 21:51:00,SENSEX,PE,73900.0,SENSEX26SEP73900PE,320.0,320.0,320.0,320.0,0,16
2026-09-24 21:51:00,SENSEX,CE,74000.0,SENSEX26SEP74000CE,0.05,0.05,0.05,0.05,0,16
2026-09-24 21:51:00,SENSEX,PE,74000.0,SENSEX26SEP74000PE,420.9,420.9,420.9,420.9,0,16
2026-09-24 21:51:00,SENSEX,CE,74100.0,SENSEX26SEP74100CE,0.05,0.05,0.05,0.05,0,16
2026-09-24 21:51:00,SENSEX,PE,74100.0,SENSEX26SEP74100PE,518.9,518.9,518.9,518.9,0,16
2026-09-24 21:51:00,SENSEX,CE,74200.0,SENSEX26SEP74200CE,0.05,0.05,0.05,0.05,0,16
2026-09-24 21:51:00,SENSEX,PE,74200.0,SENSEX26SEP74200PE,621.0,621.0,621.0,621.0,0,16
2026-09-24 21:52:00,SENSEX,FUT,0.0,SENSEX26SEPFUT,73576.6,73576.6,73576.6,73576.6,0,2
2026-09-24 21:52:00,SENSEX,SPOT,0.0,SENSEX,73580.54,73580.54,73580.54,73580.54,0,2
2026-09-24 21:52:00,SENSEX,CE,73000.0,SENSEX26SEP73000CE,578.95,578.95,578.95,578.95,0,2
2026-09-24 21:52:00,SENSEX,PE,73000.0,SENSEX26SEP73000PE,0.05,0.05,0.05,0.05,0,2
2026-09-24 21:52:00,SENSEX,CE,73100.0,SENSEX26SEP73100CE,479.55,479.55,479.55,479.55,0,2
2026-09-24 21:52:00,SENSEX,PE,73100.0,SENSEX26SEP73100PE,0.05,0.05,0.05,0.05,0,2
2026-09-24 21:52:00,SENSEX,CE,73200.0,SENSEX26SEP73200CE,379.5,379.5,379.5,379.5,0,2
2026-09-24 21:52:00,SENSEX,PE,73200.0,SENSEX26SEP73200PE,0.05,0.05,0.05,0.05,0,2
2026-09-24 21:52:00,SENSEX,CE,73300.0,SENSEX26SEP73300CE,279.9,279.9,279.9,279.9,0,2
2026-09-24 21:52:00,SENSEX,PE,73300.0,SENSEX26SEP73300PE,0.05,0.05,0.05,0.05,0,2
2026-09-24 21:52:00,SENSEX,CE,73400.0,SENSEX26SEP73400CE,180.1,180.1,180.1,180.1,0,2
2026-09-24 21:52:00,SENSEX,PE,73400.0,SENSEX26SEP73400PE,0.05,0.05,0.05,0.05,0,2
2026-09-24 21:52:00,SENSEX,CE,73500.0,SENSEX26SEP73500CE,80.35,80.35,80.35,80.35,0,2
2026-09-24 21:52:00,SENSEX,PE,73500.0,SENSEX26SEP73500PE,0.05,0.05,0.05,0.05,0,2
2026-09-24 21:52:00,SENSEX,CE,73600.0,SENSEX26SEP73600CE,0.05,0.05,0.05,0.05,0,2
2026-09-24 21:52:00,SENSEX,PE,73600.0,SENSEX26SEP73600PE,19.35,19.35,19.35,19.35,0,2
2026-09-24 21:52:00,SENSEX,CE,73700.0,SENSEX26SEP73700CE,0.05,0.05,0.05,0.05,0,2
2026-09-24 21:52:00,SENSEX,PE,73700.0,SENSEX26SEP73700PE,119.2,119.2,119.2,119.2,0,2
2026-09-24 21:52:00,SENSEX,CE,73800.0,SENSEX26SEP73800CE,0.05,0.05,0.05,0.05,0,2
2026-09-24 21:52:00,SENSEX,PE,73800.0,SENSEX26SEP73800PE,219.05,219.05,219.05,219.05,0,2
2026-09-24 21:52:00,SENSEX,CE,73900.0,SENSEX26SEP73900CE,0.05,0.05,0.05,0.05,0,2
2026-09-24 21:52:00,SENSEX,PE,73900.0,SENSEX26SEP73900PE,320.0,320.0,320.0,320.0,0,2
2026-09-24 21:52:00,SENSEX,CE,74000.0,SENSEX26SEP74000CE,0.05,0.05,0.05,0.05,0,2
2026-09-24 21:52:00,SENSEX,PE,74000.0,SENSEX26SEP74000PE,420.9,420.9,420.9,420.9,0,2
2026-09-24 21:52:00,SENSEX,CE,74100.0,SENSEX26SEP74100CE,0.05,0.05,0.05,0.05,0,2
2026-09-24 21:52:00,SENSEX,PE,74100.0,SENSEX26SEP74100PE,518.9,518.9,518.9,518.9,0,2
2026-09-24 21:52:00,SENSEX,CE,74200.0,SENSEX26SEP74200CE,0.05,0.05,0.05,0.05,0,2
2026-09-24 21:52:00,SENSEX,PE,74200.0,SENSEX26SEP74200PE,621.0,621.0,621.0,621.0,0,2
2026-09-24 21:53:00,SENSEX,FUT,0.0,SENSEX26SEPFUT,73576.6,73576.6,73576.6,73576.6,0,14
2026-09-24 21:53:00,SENSEX,SPOT,0.0,SENSEX,73580.54,73580.54,73580.54,73580.54,0,14
2026-09-24 21:53:00,SENSEX,CE,73000.0,SENSEX26SEP73000CE,578.95,578.95,578.95,578.95,0,14
2026-09-24 21:53:00,SENSEX,PE,73000.0,SENSEX26SEP73000PE,0.05,0.05,0.05,0.05,0,14
2026-09-24 21:53:00,SENSEX,CE,73100.0,SENSEX26SEP73100CE,479.55,479.55,479.55,479.55,0,14
2026-09-24 21:53:00,SENSEX,PE,73100.0,SENSEX26SEP73100PE,0.05,0.05,0.05,0.05,0,14
2026-09-24 21:53:00,SENSEX,CE,73200.0,SENSEX26SEP73200CE,379.5,379.5,379.5,379.5,0,14
2026-09-24 21:53:00,SENSEX,PE,73200.0,SENSEX26SEP73200PE,0.05,0.05,0.05,0.05,0,14
2026-09-24 21:53:00,SENSEX,CE,73300.0,SENSEX26SEP73300CE,279.9,279.9,279.9,279.9,0,14
2026-09-24 21:53:00,SENSEX,PE,73300.0,SENSEX26SEP73300PE,0.05,0.05,0.05,0.05,0,14
2026-09-24 21:53:00,SENSEX,CE,73400.0,SENSEX26SEP73400CE,180.1,180.1,180.1,180.1,0,14
2026-09-24 21:53:00,SENSEX,PE,73400.0,SENSEX26SEP73400PE,0.05,0.05,0.05,0.05,0,14
2026-09-24 21:53:00,SENSEX,CE,73500.0,SENSEX26SEP73500CE,80.35,80.35,80.35,80.35,0,14
2026-09-24 21:53:00,SENSEX,PE,73500.0,SENSEX26SEP73500PE,0.05,0.05,0.05,0.05,0,14
2026-09-24 21:53:00,SENSEX,CE,73600.0,SENSEX26SEP73600CE,0.05,0.05,0.05,0.05,0,14
2026-09-24 21:53:00,SENSEX,PE,73600.0,SENSEX26SEP73600PE,19.35,19.35,19.35,19.35,0,14
2026-09-24 21:53:00,SENSEX,CE,73700.0,SENSEX26SEP73700CE,0.05,0.05,0.05,0.05,0,14
2026-09-24 21:53:00,SENSEX,PE,73700.0,SENSEX26SEP73700PE,119.2,119.2,119.2,119.2,0,14
2026-09-24 21:53:00,SENSEX,CE,73800.0,SENSEX26SEP73800CE,0.05,0.05,0.05,0.05,0,14
2026-09-24 21:53:00,SENSEX,PE,73800.0,SENSEX26SEP73800PE,219.05,219.05,219.05,219.05,0,14
2026-09-24 21:53:00,SENSEX,CE,73900.0,SENSEX26SEP73900CE,0.05,0.05,0.05,0.05,0,14
2026-09-24 21:53:00,SENSEX,PE,73900.0,SENSEX26SEP73900PE,320.0,320.0,320.0,320.0,0,14
2026-09-24 21:53:00,SENSEX,CE,74000.0,SENSEX26SEP74000CE,0.05,0.05,0.05,0.05,0,14
2026-09-24 21:53:00,SENSEX,PE,74000.0,SENSEX26SEP74000PE,420.9,420.9,420.9,420.9,0,14
2026-09-24 21:53:00,SENSEX,CE,74100.0,SENSEX26SEP74100CE,0.05,0.05,0.05,0.05,0,14
2026-09-24 21:53:00,SENSEX,PE,74100.0,SENSEX26SEP74100PE,518.9,518.9,518.9,518.9,0,14
2026-09-24 21:53:00,SENSEX,CE,74200.0,SENSEX26SEP74200CE,0.05,0.05,0.05,0.05,0,14
2026-09-24 21:53:00,SENSEX,PE,74200.0,SENSEX26SEP74200PE,621.0,621.0,621.0,621.0,0,14
2026-09-24 21:54:00,SENSEX,FUT,0.0,SENSEX26SEPFUT,73576.6,73576.6,73576.6,73576.6,0,15
2026-09-24 21:54:00,SENSEX,SPOT,0.0,SENSEX,73580.54,73580.54,73580.54,73580.54,0,15
2026-09-24 21:54:00,SENSEX,CE,73000.0,SENSEX26SEP73000CE,578.95,578.95,578.95,578.95,0,15
2026-09-24 21:54:00,SENSEX,PE,73000.0,SENSEX26SEP73000PE,0.05,0.05,0.05,0.05,0,15
2026-09-24 21:54:00,SENSEX,CE,73100.0,SENSEX26SEP73100CE,479.55,479.55,479.55,479.55,0,15
2026-09-24 21:54:00,SENSEX,PE,73100.0,SENSEX26SEP73100PE,0.05,0.05,0.05,0.05,0,15
2026-09-24 21:54:00,SENSEX,CE,73200.0,SENSEX26SEP73200CE,379.5,379.5,379.5,379.5,0,15
2026-09-24 21:54:00,SENSEX,PE,73200.0,SENSEX26SEP73200PE,0.05,0.05,0.05,0.05,0,15
2026-09-24 21:54:00,SENSEX,CE,73300.0,SENSEX26SEP73300CE,279.9,279.9,279.9,279.9,0,15
2026-09-24 21:54:00,SENSEX,PE,73300.0,SENSEX26SEP73300PE,0.05,0.05,0.05,0.05,0,15
2026-09-24 21:54:00,SENSEX,CE,73400.0,SENSEX26SEP73400CE,180.1,180.1,180.1,180.1,0,15
2026-09-24 21:54:00,SENSEX,PE,73400.0,SENSEX26SEP73400PE,0.05,0.05,0.05,0.05,0,15
2026-09-24 21:54:00,SENSEX,CE,73500.0,SENSEX26SEP73500CE,80.35,80.35,80.35,80.35,0,15
2026-09-24 21:54:00,SENSEX,PE,73500.0,SENSEX26SEP73500PE,0.05,0.05,0.05,0.05,0,15
2026-09-24 21:54:00,SENSEX,CE,73600.0,SENSEX26SEP73600CE,0.05,0.05,0.05,0.05,0,15
2026-09-24 21:54:00,SENSEX,PE,73600.0,SENSEX26SEP73600PE,19.35,19.35,19.35,19.35,0,15
2026-09-24 21:54:00,SENSEX,CE,73700.0,SENSEX26SEP73700CE,0.05,0.05,0.05,0.05,0,15
2026-09-24 21:54:00,SENSEX,PE,73700.0,SENSEX26SEP73700PE,119.2,119.2,119.2,119.2,0,15
2026-09-24 21:54:00,SENSEX,CE,73800.0,SENSEX26SEP73800CE,0.05,0.05,0.05,0.05,0,15
2026-09-24 21:54:00,SENSEX,PE,73800.0,SENSEX26SEP73800PE,219.05,219.05,219.05,219.05,0,15
2026-09-24 21:54:00,SENSEX,CE,73900.0,SENSEX26SEP73900CE,0.05,0.05,0.05,0.05,0,15
2026-09-24 21:54:00,SENSEX,PE,73900.0,SENSEX26SEP73900PE,320.0,320.0,320.0,320.0,0,15
2026-09-24 21:54:00,SENSEX,CE,74000.0,SENSEX26SEP74000CE,0.05,0.05,0.05,0.05,0,15
2026-09-24 21:54:00,SENSEX,PE,74000.0,SENSEX26SEP74000PE,420.9,420.9,420.9,420.9,0,15
2026-09-24 21:54:00,SENSEX,CE,74100.0,SENSEX26SEP74100CE,0.05,0.05,0.05,0.05,0,15
2026-09-24 21:54:00,SENSEX,PE,74100.0,SENSEX26SEP74100PE,518.9,518.9,518.9,518.9,0,15
2026-09-24 21:54:00,SENSEX,CE,74200.0,SENSEX26SEP74200CE,0.05,0.05,0.05,0.05,0,15
2026-09-24 21:54:00,SENSEX,PE,74200.0,SENSEX26SEP74200PE,621.0,621.0,621.0,621.0,0,15
2026-09-24 21:55:00,SENSEX,FUT,0.0,SENSEX26SEPFUT,73576.6,73576.6,73576.6,73576.6,0,16
2026-09-24 21:55:00,SENSEX,SPOT,0.0,SENSEX,73580.54,73580.54,73580.54,73580.54,0,16
2026-09-24 21:55:00,SENSEX,CE,73000.0,SENSEX26SEP73000CE,578.95,578.95,578.95,578.95,0,16
2026-09-24 21:55:00,SENSEX,PE,73000.0,SENSEX26SEP73000PE,0.05,0.05,0.05,0.05,0,16
2026-09-24 21:55:00,SENSEX,CE,73100.0,SENSEX26SEP73100CE,479.55,479.55,479.55,479.55,0,16
2026-09-24 21:55:00,SENSEX,PE,73100.0,SENSEX26SEP73100PE,0.05,0.05,0.05,0.05,0,16
2026-09-24 21:55:00,SENSEX,CE,73200.0,SENSEX26SEP73200CE,379.5,379.5,379.5,379.5,0,16
2026-09-24 21:55:00,SENSEX,PE,73200.0,SENSEX26SEP73200PE,0.05,0.05,0.05,0.05,0,16
2026-09-24 21:55:00,SENSEX,CE,73300.0,SENSEX26SEP73300CE,279.9,279.9,279.9,279.9,0,16
2026-09-24 21:55:00,SENSEX,PE,73300.0,SENSEX26SEP73300PE,0.05,0.05,0.05,0.05,0,16
2026-09-24 21:55:00,SENSEX,CE,73400.0,SENSEX26SEP73400CE,180.1,180.1,180.1,180.1,0,16
2026-09-24 21:55:00,SENSEX,PE,73400.0,SENSEX26SEP73400PE,0.05,0.05,0.05,0.05,0,16
2026-09-24 21:55:00,SENSEX,CE,73500.0,SENSEX26SEP73500CE,80.35,80.35,80.35,80.35,0,16
2026-09-24 21:55:00,SENSEX,PE,73500.0,SENSEX26SEP73500PE,0.05,0.05,0.05,0.05,0,16
2026-09-24 21:55:00,SENSEX,CE,73600.0,SENSEX26SEP73600CE,0.05,0.05,0.05,0.05,0,16
2026-09-24 21:55:00,SENSEX,PE,73600.0,SENSEX26SEP73600PE,19.35,19.35,19.35,19.35,0,16
2026-09-24 21:55:00,SENSEX,CE,73700.0,SENSEX26SEP73700CE,0.05,0.05,0.05,0.05,0,16
2026-09-24 21:55:00,SENSEX,PE,73700.0,SENSEX26SEP73700PE,119.2,119.2,119.2,119.2,0,16
2026-09-24 21:55:00,SENSEX,CE,73800.0,SENSEX26SEP73800CE,0.05,0.05,0.05,0.05,0,16
2026-09-24 21:55:00,SENSEX,PE,73800.0,SENSEX26SEP73800PE,219.05,219.05,219.05,219.05,0,16
2026-09-24 21:55:00,SENSEX,CE,73900.0,SENSEX26SEP73900CE,0.05,0.05,0.05,0.05,0,16
2026-09-24 21:55:00,SENSEX,PE,73900.0,SENSEX26SEP73900PE,320.0,320.0,320.0,320.0,0,16
2026-09-24 21:55:00,SENSEX,CE,74000.0,SENSEX26SEP74000CE,0.05,0.05,0.05,0.05,0,16
2026-09-24 21:55:00,SENSEX,PE,74000.0,SENSEX26SEP74000PE,420.9,420.9,420.9,420.9,0,16
2026-09-24 21:55:00,SENSEX,CE,74100.0,SENSEX26SEP74100CE,0.05,0.05,0.05,0.05,0,16
2026-09-24 21:55:00,SENSEX,PE,74100.0,SENSEX26SEP74100PE,518.9,518.9,518.9,518.9,0,16
2026-09-24 21:55:00,SENSEX,CE,74200.0,SENSEX26SEP74200CE,0.05,0.05,0.05,0.05,0,16
2026-09-24 21:55:00,SENSEX,PE,74200.0,SENSEX26SEP74200PE,621.0,621.0,621.0,621.0,0,16
2026-09-24 21:56:00,SENSEX,FUT,0.0,SENSEX26SEPFUT,73576.6,73576.6,73576.6,73576.6,0,1
2026-09-24 21:56:00,SENSEX,SPOT,0.0,SENSEX,73580.54,73580.54,73580.54,73580.54,0,1
2026-09-24 21:56:00,SENSEX,CE,73000.0,SENSEX26SEP73000CE,578.95,578.95,578.95,578.95,0,1
2026-09-24 21:56:00,SENSEX,PE,73000.0,SENSEX26SEP73000PE,0.05,0.05,0.05,0.05,0,1
2026-09-24 21:56:00,SENSEX,CE,73100.0,SENSEX26SEP73100CE,479.55,479.55,479.55,479.55,0,1
2026-09-24 21:56:00,SENSEX,PE,73100.0,SENSEX26SEP73100PE,0.05,0.05,0.05,0.05,0,1
2026-09-24 21:56:00,SENSEX,CE,73200.0,SENSEX26SEP73200CE,379.5,379.5,379.5,379.5,0,1
2026-09-24 21:56:00,SENSEX,PE,73200.0,SENSEX26SEP73200PE,0.05,0.05,0.05,0.05,0,1
2026-09-24 21:56:00,SENSEX,CE,73300.0,SENSEX26SEP73300CE,279.9,279.9,279.9,279.9,0,1
2026-09-24 21:56:00,SENSEX,PE,73300.0,SENSEX26SEP73300PE,0.05,0.05,0.05,0.05,0,1
2026-09-24 21:56:00,SENSEX,CE,73400.0,SENSEX26SEP73400CE,180.1,180.1,180.1,180.1,0,1
2026-09-24 21:56:00,SENSEX,PE,73400.0,SENSEX26SEP73400PE,0.05,0.05,0.05,0.05,0,1
2026-09-24 21:56:00,SENSEX,CE,73500.0,SENSEX26SEP73500CE,80.35,80.35,80.35,80.35,0,1
2026-09-24 21:56:00,SENSEX,PE,73500.0,SENSEX26SEP73500PE,0.05,0.05,0.05,0.05,0,1
2026-09-24 21:56:00,SENSEX,CE,73600.0,SENSEX26SEP73600CE,0.05,0.05,0.05,0.05,0,1
2026-09-24 21:56:00,SENSEX,PE,73600.0,SENSEX26SEP73600PE,19.35,19.35,19.35,19.35,0,1
2026-09-24 21:56:00,SENSEX,CE,73700.0,SENSEX26SEP73700CE,0.05,0.05,0.05,0.05,0,1
2026-09-24 21:56:00,SENSEX,PE,73700.0,SENSEX26SEP73700PE,119.2,119.2,119.2,119.2,0,1
2026-09-24 21:56:00,SENSEX,CE,73800.0,SENSEX26SEP73800CE,0.05,0.05,0.05,0.05,0,1
2026-09-24 21:56:00,SENSEX,PE,73800.0,SENSEX26SEP73800PE,219.05,219.05,219.05,219.05,0,1
2026-09-24 21:56:00,SENSEX,CE,73900.0,SENSEX26SEP73900CE,0.05,0.05,0.05,0.05,0,1
2026-09-24 21:56:00,SENSEX,PE,73900.0,SENSEX26SEP73900PE,320.0,320.0,320.0,320.0,0,1
2026-09-24 21:56:00,SENSEX,CE,74000.0,SENSEX26SEP74000CE,0.05,0.05,0.05,0.05,0,1
2026-09-24 21:56:00,SENSEX,PE,74000.0,SENSEX26SEP74000PE,420.9,420.9,420.9,420.9,0,1
2026-09-24 21:56:00,SENSEX,CE,74100.0,SENSEX26SEP74100CE,0.05,0.05,0.05,0.05,0,1
2026-09-24 21:56:00,SENSEX,PE,74100.0,SENSEX26SEP74100PE,518.9,518.9,518.9,518.9,0,1
2026-09-24 21:56:00,SENSEX,CE,74200.0,SENSEX26SEP74200CE,0.05,0.05,0.05,0.05,0,1
2026-09-24 21:56:00,SENSEX,PE,74200.0,SENSEX26SEP74200PE,621.0,621.0,621.0,621.0,0,1
2026-09-24 21:57:00,SENSEX,FUT,0.0,SENSEX26SEPFUT,73576.6,73576.6,73576.6,73576.6,0,15
2026-09-24 21:57:00,SENSEX,SPOT,0.0,SENSEX,73580.54,73580.54,73580.54,73580.54,0,15
2026-09-24 21:57:00,SENSEX,CE,73000.0,SENSEX26SEP73000CE,578.95,578.95,578.95,578.95,0,15
2026-09-24 21:57:00,SENSEX,PE,73000.0,SENSEX26SEP73000PE,0.05,0.05,0.05,0.05,0,15
2026-09-24 21:57:00,SENSEX,CE,73100.0,SENSEX26SEP73100CE,479.55,479.55,479.55,479.55,0,15
2026-09-24 21:57:00,SENSEX,PE,73100.0,SENSEX26SEP73100PE,0.05,0.05,0.05,0.05,0,15
2026-09-24 21:57:00,SENSEX,CE,73200.0,SENSEX26SEP73200CE,379.5,379.5,379.5,379.5,0,15
2026-09-24 21:57:00,SENSEX,PE,73200.0,SENSEX26SEP73200PE,0.05,0.05,0.05,0.05,0,15
2026-09-24 21:57:00,SENSEX,CE,73300.0,SENSEX26SEP73300CE,279.9,279.9,279.9,279.9,0,15
2026-09-24 21:57:00,SENSEX,PE,73300.0,SENSEX26SEP73300PE,0.05,0.05,0.05,0.05,0,15
2026-09-24 21:57:00,SENSEX,CE,73400.0,SENSEX26SEP73400CE,180.1,180.1,180.1,180.1,0,15
2026-09-24 21:57:00,SENSEX,PE,73400.0,SENSEX26SEP73400PE,0.05,0.05,0.05,0.05,0,15
2026-09-24 21:57:00,SENSEX,CE,73500.0,SENSEX26SEP73500CE,80.35,80.35,80.35,80.35,0,15
2026-09-24 21:57:00,SENSEX,PE,73500.0,SENSEX26SEP73500PE,0.05,0.05,0.05,0.05,0,15
2026-09-24 21:57:00,SENSEX,CE,73600.0,SENSEX26SEP73600CE,0.05,0.05,0.05,0.05,0,15
2026-09-24 21:57:00,SENSEX,PE,73600.0,SENSEX26SEP73600PE,19.35,19.35,19.35,19.35,0,15
2026-09-24 21:57:00,SENSEX,CE,73700.0,SENSEX26SEP73700CE,0.05,0.05,0.05,0.05,0,15
2026-09-24 21:57:00,SENSEX,PE,73700.0,SENSEX26SEP73700PE,119.2,119.2,119.2,119.2,0,15
2026-09-24 21:57:00,SENSEX,CE,73800.0,SENSEX26SEP73800CE,0.05,0.05,0.05,0.05,0,15
2026-09-24 21:57:00,SENSEX,PE,73800.0,SENSEX26SEP73800PE,219.05,219.05,219.05,219.05,0,15
2026-09-24 21:57:00,SENSEX,CE,73900.0,SENSEX26SEP73900CE,0.05,0.05,0.05,0.05,0,15
2026-09-24 21:57:00,SENSEX,PE,73900.0,SENSEX26SEP73900PE,320.0,320.0,320.0,320.0,0,15
2026-09-24 21:57:00,SENSEX,CE,74000.0,SENSEX26SEP74000CE,0.05,0.05,0.05,0.05,0,15
2026-09-24 21:57:00,SENSEX,PE,74000.0,SENSEX26SEP74000PE,420.9,420.9,420.9,420.9,0,15
2026-09-24 21:57:00,SENSEX,CE,74100.0,SENSEX26SEP74100CE,0.05,0.05,0.05,0.05,0,15
2026-09-24 21:57:00,SENSEX,PE,74100.0,SENSEX26SEP74100PE,518.9,518.9,518.9,518.9,0,15
2026-09-24 21:57:00,SENSEX,CE,74200.0,SENSEX26SEP74200CE,0.05,0.05,0.05,0.05,0,15
2026-09-24 21:57:00,SENSEX,PE,74200.0,SENSEX26SEP74200PE,621.0,621.0,621.0,621.0,0,15
2026-09-24 21:58:00,SENSEX,FUT,0.0,SENSEX26SEPFUT,73576.6,73576.6,73576.6,73576.6,0,16
2026-09-24 21:58:00,SENSEX,SPOT,0.0,SENSEX,73580.54,73580.54,73580.54,73580.54,0,16
2026-09-24 21:58:00,SENSEX,CE,73000.0,SENSEX26SEP73000CE,578.95,578.95,578.95,578.95,0,16
2026-09-24 21:58:00,SENSEX,PE,73000.0,SENSEX26SEP73000PE,0.05,0.05,0.05,0.05,0,16
2026-09-24 21:58:00,SENSEX,CE,73100.0,SENSEX26SEP73100CE,479.55,479.55,479.55,479.55,0,16
2026-09-24 21:58:00,SENSEX,PE,73100.0,SENSEX26SEP73100PE,0.05,0.05,0.05,0.05,0,16
2026-09-24 21:58:00,SENSEX,CE,73200.0,SENSEX26SEP73200CE,379.5,379.5,379.5,379.5,0,16
2026-09-24 21:58:00,SENSEX,PE,73200.0,SENSEX26SEP73200PE,0.05,0.05,0.05,0.05,0,16
2026-09-24 21:58:00,SENSEX,CE,73300.0,SENSEX26SEP73300CE,279.9,279.9,279.9,279.9,0,16
2026-09-24 21:58:00,SENSEX,PE,73300.0,SENSEX26SEP73300PE,0.05,0.05,0.05,0.05,0,16
2026-09-24 21:58:00,SENSEX,CE,73400.0,SENSEX26SEP73400CE,180.1,180.1,180.1,180.1,0,16
2026-09-24 21:58:00,SENSEX,PE,73400.0,SENSEX26SEP73400PE,0.05,0.05,0.05,0.05,0,16
2026-09-24 21:58:00,SENSEX,CE,73500.0,SENSEX26SEP73500CE,80.35,80.35,80.35,80.35,0,16
2026-09-24 21:58:00,SENSEX,PE,73500.0,SENSEX26SEP73500PE,0.05,0.05,0.05,0.05,0,16
2026-09-24 21:58:00,SENSEX,CE,73600.0,SENSEX26SEP73600CE,0.05,0.05,0.05,0.05,0,16
2026-09-24 21:58:00,SENSEX,PE,73600.0,SENSEX26SEP73600PE,19.35,19.35,19.35,19.35,0,16
2026-09-24 21:58:00,SENSEX,CE,73700.0,SENSEX26SEP73700CE,0.05,0.05,0.05,0.05,0,16
2026-09-24 21:58:00,SENSEX,PE,73700.0,SENSEX26SEP73700PE,119.2,119.2,119.2,119.2,0,16
2026-09-24 21:58:00,SENSEX,CE,73800.0,SENSEX26SEP73800CE,0.05,0.05,0.05,0.05,0,16
2026-09-24 21:58:00,SENSEX,PE,73800.0,SENSEX26SEP73800PE,219.05,219.05,219.05,219.05,0,16
2026-09-24 21:58:00,SENSEX,CE,73900.0,SENSEX26SEP73900CE,0.05,0.05,0.05,0.05,0,16
2026-09-24 21:58:00,SENSEX,PE,73900.0,SENSEX26SEP73900PE,320.0,320.0,320.0,320.0,0,16
2026-09-24 21:58:00,SENSEX,CE,74000.0,SENSEX26SEP74000CE,0.05,0.05,0.05,0.05,0,16
2026-09-24 21:58:00,SENSEX,PE,74000.0,SENSEX26SEP74000PE,420.9,420.9,420.9,420.9,0,16
2026-09-24 21:58:00,SENSEX,CE,74100.0,SENSEX26SEP74100CE,0.05,0.05,0.05,0.05,0,16
2026-09-24 21:58:00,SENSEX,PE,74100.0,SENSEX26SEP74100PE,518.9,518.9,518.9,518.9,0,16
2026-09-24 21:58:00,SENSEX,CE,74200.0,SENSEX26SEP74200CE,0.05,0.05,0.05,0.05,0,16
2026-09-24 21:58:00,SENSEX,PE,74200.0,SENSEX26SEP74200PE,621.0,621.0,621.0,621.0,0,16
2026-09-24 21:59:00,SENSEX,FUT,0.0,SENSEX26SEPFUT,73576.6,73576.6,73576.6,73576.6,0,10
2026-09-24 21:59:00,SENSEX,SPOT,0.0,SENSEX,73580.54,73580.54,73580.54,73580.54,0,10
2026-09-24 21:59:00,SENSEX,CE,73000.0,SENSEX26SEP73000CE,578.95,578.95,578.95,578.95,0,10
2026-09-24 21:59:00,SENSEX,PE,73000.0,SENSEX26SEP73000PE,0.05,0.05,0.05,0.05,0,10
2026-09-24 21:59:00,SENSEX,CE,73100.0,SENSEX26SEP73100CE,479.55,479.55,479.55,479.55,0,10
2026-09-24 21:59:00,SENSEX,PE,73100.0,SENSEX26SEP73100PE,0.05,0.05,0.05,0.05,0,10
2026-09-24 21:59:00,SENSEX,CE,73200.0,SENSEX26SEP73200CE,379.5,379.5,379.5,379.5,0,10
2026-09-24 21:59:00,SENSEX,PE,73200.0,SENSEX26SEP73200PE,0.05,0.05,0.05,0.05,0,10
2026-09-24 21:59:00,SENSEX,CE,73300.0,SENSEX26SEP73300CE,279.9,279.9,279.9,279.9,0,10
2026-09-24 21:59:00,SENSEX,PE,73300.0,SENSEX26SEP73300PE,0.05,0.05,0.05,0.05,0,10
2026-09-24 21:59:00,SENSEX,CE,73400.0,SENSEX26SEP73400CE,180.1,180.1,180.1,180.1,0,10
2026-09-24 21:59:00,SENSEX,PE,73400.0,SENSEX26SEP73400PE,0.05,0.05,0.05,0.05,0,10
2026-09-24 21:59:00,SENSEX,CE,73500.0,SENSEX26SEP73500CE,80.35,80.35,80.35,80.35,0,10
2026-09-24 21:59:00,SENSEX,PE,73500.0,SENSEX26SEP73500PE,0.05,0.05,0.05,0.05,0,10
2026-09-24 21:59:00,SENSEX,CE,73600.0,SENSEX26SEP73600CE,0.05,0.05,0.05,0.05,0,10
2026-09-24 21:59:00,SENSEX,PE,73600.0,SENSEX26SEP73600PE,19.35,19.35,19.35,19.35,0,10
2026-09-24 21:59:00,SENSEX,CE,73700.0,SENSEX26SEP73700CE,0.05,0.05,0.05,0.05,0,10
2026-09-24 21:59:00,SENSEX,PE,73700.0,SENSEX26SEP73700PE,119.2,119.2,119.2,119.2,0,10
2026-09-24 21:59:00,SENSEX,CE,73800.0,SENSEX26SEP73800CE,0.05,0.05,0.05,0.05,0,10
2026-09-24 21:59:00,SENSEX,PE,73800.0,SENSEX26SEP73800PE,219.05,219.05,219.05,219.05,0,10
2026-09-24 21:59:00,SENSEX,CE,73900.0,SENSEX26SEP73900CE,0.05,0.05,0.05,0.05,0,10
2026-09-24 21:59:00,SENSEX,PE,73900.0,SENSEX26SEP73900PE,320.0,320.0,320.0,320.0,0,10
2026-09-24 21:59:00,SENSEX,CE,74000.0,SENSEX26SEP74000CE,0.05,0.05,0.05,0.05,0,10
2026-09-24 21:59:00,SENSEX,PE,74000.0,SENSEX26SEP74000PE,420.9,420.9,420.9,420.9,0,10
2026-09-24 21:59:00,SENSEX,CE,74100.0,SENSEX26SEP74100CE,0.05,0.05,0.05,0.05,0,10
2026-09-24 21:59:00,SENSEX,PE,74100.0,SENSEX26SEP74100PE,518.9,518.9,518.9,518.9,0,10
2026-09-24 21:59:00,SENSEX,CE,74200.0,SENSEX26SEP74200CE,0.05,0.05,0.05,0.05,0,10
2026-09-24 21:59:00,SENSEX,PE,74200.0,SENSEX26SEP74200PE,621.0,621.0,621.0,621.0,0,10
2026-09-24 22:00:00,SENSEX,FUT,0.0,SENSEX26SEPFUT,73576.6,73576.6,73576.6,73576.6,0,6
2026-09-24 22:00:00,SENSEX,SPOT,0.0,SENSEX,73580.54,73580.54,73580.54,73580.54,0,6
2026-09-24 22:00:00,SENSEX,CE,73000.0,SENSEX26SEP73000CE,578.95,578.95,578.95,578.95,0,6
2026-09-24 22:00:00,SENSEX,PE,73000.0,SENSEX26SEP73000PE,0.05,0.05,0.05,0.05,0,6
2026-09-24 22:00:00,SENSEX,CE,73100.0,SENSEX26SEP73100CE,479.55,479.55,479.55,479.55,0,6
2026-09-24 22:00:00,SENSEX,PE,73100.0,SENSEX26SEP73100PE,0.05,0.05,0.05,0.05,0,6
2026-09-24 22:00:00,SENSEX,CE,73200.0,SENSEX26SEP73200CE,379.5,379.5,379.5,379.5,0,6
2026-09-24 22:00:00,SENSEX,PE,73200.0,SENSEX26SEP73200PE,0.05,0.05,0.05,0.05,0,6
2026-09-24 22:00:00,SENSEX,CE,73300.0,SENSEX26SEP73300CE,279.9,279.9,279.9,279.9,0,6
2026-09-24 22:00:00,SENSEX,PE,73300.0,SENSEX26SEP73300PE,0.05,0.05,0.05,0.05,0,6
2026-09-24 22:00:00,SENSEX,CE,73400.0,SENSEX26SEP73400CE,180.1,180.1,180.1,180.1,0,6
2026-09-24 22:00:00,SENSEX,PE,73400.0,SENSEX26SEP73400PE,0.05,0.05,0.05,0.05,0,6
2026-09-24 22:00:00,SENSEX,CE,73500.0,SENSEX26SEP73500CE,80.35,80.35,80.35,80.35,0,6
2026-09-24 22:00:00,SENSEX,PE,73500.0,SENSEX26SEP73500PE,0.05,0.05,0.05,0.05,0,6
2026-09-24 22:00:00,SENSEX,CE,73600.0,SENSEX26SEP73600CE,0.05,0.05,0.05,0.05,0,6
2026-09-24 22:00:00,SENSEX,PE,73600.0,SENSEX26SEP73600PE,19.35,19.35,19.35,19.35,0,6
2026-09-24 22:00:00,SENSEX,CE,73700.0,SENSEX26SEP73700CE,0.05,0.05,0.05,0.05,0,6
2026-09-24 22:00:00,SENSEX,PE,73700.0,SENSEX26SEP73700PE,119.2,119.2,119.2,119.2,0,6
2026-09-24 22:00:00,SENSEX,CE,73800.0,SENSEX26SEP73800CE,0.05,0.05,0.05,0.05,0,6
2026-09-24 22:00:00,SENSEX,PE,73800.0,SENSEX26SEP73800PE,219.05,219.05,219.05,219.05,0,6
2026-09-24 22:00:00,SENSEX,CE,73900.0,SENSEX26SEP73900CE,0.05,0.05,0.05,0.05,0,6
2026-09-24 22:00:00,SENSEX,PE,73900.0,SENSEX26SEP73900PE,320.0,320.0,320.0,320.0,0,6
2026-09-24 22:00:00,SENSEX,CE,74000.0,SENSEX26SEP74000CE,0.05,0.05,0.05,0.05,0,6
2026-09-24 22:00:00,SENSEX,PE,74000.0,SENSEX26SEP74000PE,420.9,420.9,420.9,420.9,0,6
2026-09-24 22:00:00,SENSEX,CE,74100.0,SENSEX26SEP74100CE,0.05,0.05,0.05,0.05,0,6
2026-09-24 22:00:00,SENSEX,PE,74100.0,SENSEX26SEP74100PE,518.9,518.9,518.9,518.9,0,6
2026-09-24 22:00:00,SENSEX,CE,74200.0,SENSEX26SEP74200CE,0.05,0.05,0.05,0.05,0,6
2026-09-24 22:00:00,SENSEX,PE,74200.0,SENSEX26SEP74200PE,621.0,621.0,621.0,621.0,0,6
2026-09-24 22:01:00,SENSEX,FUT,0.0,SENSEX26SEPFUT,73576.6,73576.6,73576.6,73576.6,0,15
2026-09-24 22:01:00,SENSEX,SPOT,0.0,SENSEX,73580.54,73580.54,73580.54,73580.54,0,15
2026-09-24 22:01:00,SENSEX,CE,73000.0,SENSEX26SEP73000CE,578.95,578.95,578.95,578.95,0,15
2026-09-24 22:01:00,SENSEX,PE,73000.0,SENSEX26SEP73000PE,0.05,0.05,0.05,0.05,0,15
2026-09-24 22:01:00,SENSEX,CE,73100.0,SENSEX26SEP73100CE,479.55,479.55,479.55,479.55,0,15
2026-09-24 22:01:00,SENSEX,PE,73100.0,SENSEX26SEP73100PE,0.05,0.05,0.05,0.05,0,15
2026-09-24 22:01:00,SENSEX,CE,73200.0,SENSEX26SEP73200CE,379.5,379.5,379.5,379.5,0,15
2026-09-24 22:01:00,SENSEX,PE,73200.0,SENSEX26SEP73200PE,0.05,0.05,0.05,0.05,0,15
2026-09-24 22:01:00,SENSEX,CE,73300.0,SENSEX26SEP73300CE,279.9,279.9,279.9,279.9,0,15
2026-09-24 22:01:00,SENSEX,PE,73300.0,SENSEX26SEP73300PE,0.05,0.05,0.05,0.05,0,15
2026-09-24 22:01:00,SENSEX,CE,73400.0,SENSEX26SEP73400CE,180.1,180.1,180.1,180.1,0,15
2026-09-24 22:01:00,SENSEX,PE,73400.0,SENSEX26SEP73400PE,0.05,0.05,0.05,0.05,0,15
2026-09-24 22:01:00,SENSEX,CE,73500.0,SENSEX26SEP73500CE,80.35,80.35,80.35,80.35,0,15
2026-09-24 22:01:00,SENSEX,PE,73500.0,SENSEX26SEP73500PE,0.05,0.05,0.05,0.05,0,15
2026-09-24 22:01:00,SENSEX,CE,73600.0,SENSEX26SEP73600CE,0.05,0.05,0.05,0.05,0,15
2026-09-24 22:01:00,SENSEX,PE,73600.0,SENSEX26SEP73600PE,19.35,19.35,19.35,19.35,0,15
2026-09-24 22:01:00,SENSEX,CE,73700.0,SENSEX26SEP73700CE,0.05,0.05,0.05,0.05,0,15
2026-09-24 22:01:00,SENSEX,PE,73700.0,SENSEX26SEP73700PE,119.2,119.2,119.2,119.2,0,15
2026-09-24 22:01:00,SENSEX,CE,73800.0,SENSEX26SEP73800CE,0.05,0.05,0.05,0.05,0,15
2026-09-24 22:01:00,SENSEX,PE,73800.0,SENSEX26SEP73800PE,219.05,219.05,219.05,219.05,0,15
2026-09-24 22:01:00,SENSEX,CE,73900.0,SENSEX26SEP73900CE,0.05,0.05,0.05,0.05,0,15
2026-09-24 22:01:00,SENSEX,PE,73900.0,SENSEX26SEP73900PE,320.0,320.0,320.0,320.0,0,15
2026-09-24 22:01:00,SENSEX,CE,74000.0,SENSEX26SEP74000CE,0.05,0.05,0.05,0.05,0,15
2026-09-24 22:01:00,SENSEX,PE,74000.0,SENSEX26SEP74000PE,420.9,420.9,420.9,420.9,0,15
2026-09-24 22:01:00,SENSEX,CE,74100.0,SENSEX26SEP74100CE,0.05,0.05,0.05,0.05,0,15
2026-09-24 22:01:00,SENSEX,PE,74100.0,SENSEX26SEP74100PE,518.9,518.9,518.9,518.9,0,15
2026-09-24 22:01:00,SENSEX,CE,74200.0,SENSEX26SEP74200CE,0.05,0.05,0.05,0.05,0,15
2026-09-24 22:01:00,SENSEX,PE,74200.0,SENSEX26SEP74200PE,621.0,621.0,621.0,621.0,0,15
2026-09-24 22:02:00,SENSEX,FUT,0.0,SENSEX26SEPFUT,73576.6,73576.6,73576.6,73576.6,0,16
2026-09-24 22:02:00,SENSEX,SPOT,0.0,SENSEX,73580.54,73580.54,73580.54,73580.54,0,16
2026-09-24 22:02:00,SENSEX,CE,73000.0,SENSEX26SEP73000CE,578.95,578.95,578.95,578.95,0,16
2026-09-24 22:02:00,SENSEX,PE,73000.0,SENSEX26SEP73000PE,0.05,0.05,0.05,0.05,0,16
2026-09-24 22:02:00,SENSEX,CE,73100.0,SENSEX26SEP73100CE,479.55,479.55,479.55,479.55,0,16
2026-09-24 22:02:00,SENSEX,PE,73100.0,SENSEX26SEP73100PE,0.05,0.05,0.05,0.05,0,16
2026-09-24 22:02:00,SENSEX,CE,73200.0,SENSEX26SEP73200CE,379.5,379.5,379.5,379.5,0,16
2026-09-24 22:02:00,SENSEX,PE,73200.0,SENSEX26SEP73200PE,0.05,0.05,0.05,0.05,0,16
2026-09-24 22:02:00,SENSEX,CE,73300.0,SENSEX26SEP73300CE,279.9,279.9,279.9,279.9,0,16
2026-09-24 22:02:00,SENSEX,PE,73300.0,SENSEX26SEP73300PE,0.05,0.05,0.05,0.05,0,16
2026-09-24 22:02:00,SENSEX,CE,73400.0,SENSEX26SEP73400CE,180.1,180.1,180.1,180.1,0,16
2026-09-24 22:02:00,SENSEX,PE,73400.0,SENSEX26SEP73400PE,0.05,0.05,0.05,0.05,0,16
2026-09-24 22:02:00,SENSEX,CE,73500.0,SENSEX26SEP73500CE,80.35,80.35,80.35,80.35,0,16
2026-09-24 22:02:00,SENSEX,PE,73500.0,SENSEX26SEP73500PE,0.05,0.05,0.05,0.05,0,16
2026-09-24 22:02:00,SENSEX,CE,73600.0,SENSEX26SEP73600CE,0.05,0.05,0.05,0.05,0,16
2026-09-24 22:02:00,SENSEX,PE,73600.0,SENSEX26SEP73600PE,19.35,19.35,19.35,19.35,0,16
2026-09-24 22:02:00,SENSEX,CE,73700.0,SENSEX26SEP73700CE,0.05,0.05,0.05,0.05,0,16
2026-09-24 22:02:00,SENSEX,PE,73700.0,SENSEX26SEP73700PE,119.2,119.2,119.2,119.2,0,16
2026-09-24 22:02:00,SENSEX,CE,73800.0,SENSEX26SEP73800CE,0.05,0.05,0.05,0.05,0,16
2026-09-24 22:02:00,SENSEX,PE,73800.0,SENSEX26SEP73800PE,219.05,219.05,219.05,219.05,0,16
2026-09-24 22:02:00,SENSEX,CE,73900.0,SENSEX26SEP73900CE,0.05,0.05,0.05,0.05,0,16
2026-09-24 22:02:00,SENSEX,PE,73900.0,SENSEX26SEP73900PE,320.0,320.0,320.0,320.0,0,16
2026-09-24 22:02:00,SENSEX,CE,74000.0,SENSEX26SEP74000CE,0.05,0.05,0.05,0.05,0,16
2026-09-24 22:02:00,SENSEX,PE,74000.0,SENSEX26SEP74000PE,420.9,420.9,420.9,420.9,0,16
2026-09-24 22:02:00,SENSEX,CE,74100.0,SENSEX26SEP74100CE,0.05,0.05,0.05,0.05,0,16
2026-09-24 22:02:00,SENSEX,PE,74100.0,SENSEX26SEP74100PE,518.9,518.9,518.9,518.9,0,16
2026-09-24 22:02:00,SENSEX,CE,74200.0,SENSEX26SEP74200CE,0.05,0.05,0.05,0.05,0,16
2026-09-24 22:02:00,SENSEX,PE,74200.0,SENSEX26SEP74200PE,621.0,621.0,621.0,621.0,0,16
2026-09-24 22:03:00,SENSEX,FUT,0.0,SENSEX26SEPFUT,73576.6,73576.6,73576.6,73576.6,0,16
2026-09-24 22:03:00,SENSEX,SPOT,0.0,SENSEX,73580.54,73580.54,73580.54,73580.54,0,16
2026-09-24 22:03:00,SENSEX,CE,73000.0,SENSEX26SEP73000CE,578.95,578.95,578.95,578.95,0,16
2026-09-24 22:03:00,SENSEX,PE,73000.0,SENSEX26SEP73000PE,0.05,0.05,0.05,0.05,0,16
2026-09-24 22:03:00,SENSEX,CE,73100.0,SENSEX26SEP73100CE,479.55,479.55,479.55,479.55,0,16
2026-09-24 22:03:00,SENSEX,PE,73100.0,SENSEX26SEP73100PE,0.05,0.05,0.05,0.05,0,16
2026-09-24 22:03:00,SENSEX,CE,73200.0,SENSEX26SEP73200CE,379.5,379.5,379.5,379.5,0,16
2026-09-24 22:03:00,SENSEX,PE,73200.0,SENSEX26SEP73200PE,0.05,0.05,0.05,0.05,0,16
2026-09-24 22:03:00,SENSEX,CE,73300.0,SENSEX26SEP73300CE,279.9,279.9,279.9,279.9,0,16
2026-09-24 22:03:00,SENSEX,PE,73300.0,SENSEX26SEP73300PE,0.05,0.05,0.05,0.05,0,16
2026-09-24 22:03:00,SENSEX,CE,73400.0,SENSEX26SEP73400CE,180.1,180.1,180.1,180.1,0,16
2026-09-24 22:03:00,SENSEX,PE,73400.0,SENSEX26SEP73400PE,0.05,0.05,0.05,0.05,0,16
2026-09-24 22:03:00,SENSEX,CE,73500.0,SENSEX26SEP73500CE,80.35,80.35,80.35,80.35,0,16
2026-09-24 22:03:00,SENSEX,PE,73500.0,SENSEX26SEP73500PE,0.05,0.05,0.05,0.05,0,16
2026-09-24 22:03:00,SENSEX,CE,73600.0,SENSEX26SEP73600CE,0.05,0.05,0.05,0.05,0,16
2026-09-24 22:03:00,SENSEX,PE,73600.0,SENSEX26SEP73600PE,19.35,19.35,19.35,19.35,0,16
2026-09-24 22:03:00,SENSEX,CE,73700.0,SENSEX26SEP73700CE,0.05,0.05,0.05,0.05,0,16
2026-09-24 22:03:00,SENSEX,PE,73700.0,SENSEX26SEP73700PE,119.2,119.2,119.2,119.2,0,16
2026-09-24 22:03:00,SENSEX,CE,73800.0,SENSEX26SEP73800CE,0.05,0.05,0.05,0.05,0,16
2026-09-24 22:03:00,SENSEX,PE,73800.0,SENSEX26SEP73800PE,219.05,219.05,219.05,219.05,0,16
2026-09-24 22:03:00,SENSEX,CE,73900.0,SENSEX26SEP73900CE,0.05,0.05,0.05,0.05,0,16
2026-09-24 22:03:00,SENSEX,PE,73900.0,SENSEX26SEP73900PE,320.0,320.0,320.0,320.0,0,16
2026-09-24 22:03:00,SENSEX,CE,74000.0,SENSEX26SEP74000CE,0.05,0.05,0.05,0.05,0,16
2026-09-24 22:03:00,SENSEX,PE,74000.0,SENSEX26SEP74000PE,420.9,420.9,420.9,420.9,0,16
2026-09-24 22:03:00,SENSEX,CE,74100.0,SENSEX26SEP74100CE,0.05,0.05,0.05,0.05,0,16
2026-09-24 22:03:00,SENSEX,PE,74100.0,SENSEX26SEP74100PE,518.9,518.9,518.9,518.9,0,16
2026-09-24 22:03:00,SENSEX,CE,74200.0,SENSEX26SEP74200CE,0.05,0.05,0.05,0.05,0,16
2026-09-24 22:03:00,SENSEX,PE,74200.0,SENSEX26SEP74200PE,621.0,621.0,621.0,621.0,0,16
2026-09-24 22:04:00,SENSEX,FUT,0.0,SENSEX26SEPFUT,73576.6,73576.6,73576.6,73576.6,0,15
2026-09-24 22:04:00,SENSEX,SPOT,0.0,SENSEX,73580.54,73580.54,73580.54,73580.54,0,15
2026-09-24 22:04:00,SENSEX,CE,73000.0,SENSEX26SEP73000CE,578.95,578.95,578.95,578.95,0,15
2026-09-24 22:04:00,SENSEX,PE,73000.0,SENSEX26SEP73000PE,0.05,0.05,0.05,0.05,0,15
2026-09-24 22:04:00,SENSEX,CE,73100.0,SENSEX26SEP73100CE,479.55,479.55,479.55,479.55,0,15
2026-09-24 22:04:00,SENSEX,PE,73100.0,SENSEX26SEP73100PE,0.05,0.05,0.05,0.05,0,15
2026-09-24 22:04:00,SENSEX,CE,73200.0,SENSEX26SEP73200CE,379.5,379.5,379.5,379.5,0,15
2026-09-24 22:04:00,SENSEX,PE,73200.0,SENSEX26SEP73200PE,0.05,0.05,0.05,0.05,0,15
2026-09-24 22:04:00,SENSEX,CE,73300.0,SENSEX26SEP73300CE,279.9,279.9,279.9,279.9,0,15
2026-09-24 22:04:00,SENSEX,PE,73300.0,SENSEX26SEP73300PE,0.05,0.05,0.05,0.05,0,15
2026-09-24 22:04:00,SENSEX,CE,73400.0,SENSEX26SEP73400CE,180.1,180.1,180.1,180.1,0,15
2026-09-24 22:04:00,SENSEX,PE,73400.0,SENSEX26SEP73400PE,0.05,0.05,0.05,0.05,0,15
2026-09-24 22:04:00,SENSEX,CE,73500.0,SENSEX26SEP73500CE,80.35,80.35,80.35,80.35,0,15
2026-09-24 22:04:00,SENSEX,PE,73500.0,SENSEX26SEP73500PE,0.05,0.05,0.05,0.05,0,15
2026-09-24 22:04:00,SENSEX,CE,73600.0,SENSEX26SEP73600CE,0.05,0.05,0.05,0.05,0,15
2026-09-24 22:04:00,SENSEX,PE,73600.0,SENSEX26SEP73600PE,19.35,19.35,19.35,19.35,0,15
2026-09-24 22:04:00,SENSEX,CE,73700.0,SENSEX26SEP73700CE,0.05,0.05,0.05,0.05,0,15
2026-09-24 22:04:00,SENSEX,PE,73700.0,SENSEX26SEP73700PE,119.2,119.2,119.2,119.2,0,15
2026-09-24 22:04:00,SENSEX,CE,73800.0,SENSEX26SEP73800CE,0.05,0.05,0.05,0.05,0,15
2026-09-24 22:04:00,SENSEX,PE,73800.0,SENSEX26SEP73800PE,219.05,219.05,219.05,219.05,0,15
2026-09-24 22:04:00,SENSEX,CE,73900.0,SENSEX26SEP73900CE,0.05,0.05,0.05,0.05,0,15
2026-09-24 22:04:00,SENSEX,PE,73900.0,SENSEX26SEP73900PE,320.0,320.0,320.0,320.0,0,15
2026-09-24 22:04:00,SENSEX,CE,74000.0,SENSEX26SEP74000CE,0.05,0.05,0.05,0.05,0,15
2026-09-24 22:04:00,SENSEX,PE,74000.0,SENSEX26SEP74000PE,420.9,420.9,420.9,420.9,0,15
2026-09-24 22:04:00,SENSEX,CE,74100.0,SENSEX26SEP74100CE,0.05,0.05,0.05,0.05,0,15
2026-09-24 22:04:00,SENSEX,PE,74100.0,SENSEX26SEP74100PE,518.9,518.9,518.9,518.9,0,15
2026-09-24 22:04:00,SENSEX,CE,74200.0,SENSEX26SEP74200CE,0.05,0.05,0.05,0.05,0,15
2026-09-24 22:04:00,SENSEX,PE,74200.0,SENSEX26SEP74200PE,621.0,621.0,621.0,621.0,0,15
2026-09-24 22:05:00,SENSEX,FUT,0.0,SENSEX26SEPFUT,73576.6,73576.6,73576.6,73576.6,0,16
2026-09-24 22:05:00,SENSEX,SPOT,0.0,SENSEX,73580.54,73580.54,73580.54,73580.54,0,16
2026-09-24 22:05:00,SENSEX,CE,73000.0,SENSEX26SEP73000CE,578.95,578.95,578.95,578.95,0,16
2026-09-24 22:05:00,SENSEX,PE,73000.0,SENSEX26SEP73000PE,0.05,0.05,0.05,0.05,0,16
2026-09-24 22:05:00,SENSEX,CE,73100.0,SENSEX26SEP73100CE,479.55,479.55,479.55,479.55,0,16
2026-09-24 22:05:00,SENSEX,PE,73100.0,SENSEX26SEP73100PE,0.05,0.05,0.05,0.05,0,16
2026-09-24 22:05:00,SENSEX,CE,73200.0,SENSEX26SEP73200CE,379.5,379.5,379.5,379.5,0,16
2026-09-24 22:05:00,SENSEX,PE,73200.0,SENSEX26SEP73200PE,0.05,0.05,0.05,0.05,0,16
2026-09-24 22:05:00,SENSEX,CE,73300.0,SENSEX26SEP73300CE,279.9,279.9,279.9,279.9,0,16
2026-09-24 22:05:00,SENSEX,PE,73300.0,SENSEX26SEP73300PE,0.05,0.05,0.05,0.05,0,16
2026-09-24 22:05:00,SENSEX,CE,73400.0,SENSEX26SEP73400CE,180.1,180.1,180.1,180.1,0,16
2026-09-24 22:05:00,SENSEX,PE,73400.0,SENSEX26SEP73400PE,0.05,0.05,0.05,0.05,0,16
2026-09-24 22:05:00,SENSEX,CE,73500.0,SENSEX26SEP73500CE,80.35,80.35,80.35,80.35,0,16
2026-09-24 22:05:00,SENSEX,PE,73500.0,SENSEX26SEP73500PE,0.05,0.05,0.05,0.05,0,16
2026-09-24 22:05:00,SENSEX,CE,73600.0,SENSEX26SEP73600CE,0.05,0.05,0.05,0.05,0,16
2026-09-24 22:05:00,SENSEX,PE,73600.0,SENSEX26SEP73600PE,19.35,19.35,19.35,19.35,0,16
2026-09-24 22:05:00,SENSEX,CE,73700.0,SENSEX26SEP73700CE,0.05,0.05,0.05,0.05,0,16
2026-09-24 22:05:00,SENSEX,PE,73700.0,SENSEX26SEP73700PE,119.2,119.2,119.2,119.2,0,16
2026-09-24 22:05:00,SENSEX,CE,73800.0,SENSEX26SEP73800CE,0.05,0.05,0.05,0.05,0,16
2026-09-24 22:05:00,SENSEX,PE,73800.0,SENSEX26SEP73800PE,219.05,219.05,219.05,219.05,0,16
2026-09-24 22:05:00,SENSEX,CE,73900.0,SENSEX26SEP73900CE,0.05,0.05,0.05,0.05,0,16
2026-09-24 22:05:00,SENSEX,PE,73900.0,SENSEX26SEP73900PE,320.0,320.0,320.0,320.0,0,16
2026-09-24 22:05:00,SENSEX,CE,74000.0,SENSEX26SEP74000CE,0.05,0.05,0.05,0.05,0,16
2026-09-24 22:05:00,SENSEX,PE,74000.0,SENSEX26SEP74000PE,420.9,420.9,420.9,420.9,0,16
2026-09-24 22:05:00,SENSEX,CE,74100.0,SENSEX26SEP74100CE,0.05,0.05,0.05,0.05,0,16
2026-09-24 22:05:00,SENSEX,PE,74100.0,SENSEX26SEP74100PE,518.9,518.9,518.9,518.9,0,16
2026-09-24 22:05:00,SENSEX,CE,74200.0,SENSEX26SEP74200CE,0.05,0.05,0.05,0.05,0,16
2026-09-24 22:05:00,SENSEX,PE,74200.0,SENSEX26SEP74200PE,621.0,621.0,621.0,621.0,0,16
2026-09-24 22:06:00,SENSEX,FUT,0.0,SENSEX26SEPFUT,73576.6,73576.6,73576.6,73576.6,0,14
2026-09-24 22:06:00,SENSEX,SPOT,0.0,SENSEX,73580.54,73580.54,73580.54,73580.54,0,14
2026-09-24 22:06:00,SENSEX,CE,73000.0,SENSEX26SEP73000CE,578.95,578.95,578.95,578.95,0,14
2026-09-24 22:06:00,SENSEX,PE,73000.0,SENSEX26SEP73000PE,0.05,0.05,0.05,0.05,0,14
2026-09-24 22:06:00,SENSEX,CE,73100.0,SENSEX26SEP73100CE,479.55,479.55,479.55,479.55,0,14
2026-09-24 22:06:00,SENSEX,PE,73100.0,SENSEX26SEP73100PE,0.05,0.05,0.05,0.05,0,14
2026-09-24 22:06:00,SENSEX,CE,73200.0,SENSEX26SEP73200CE,379.5,379.5,379.5,379.5,0,14
2026-09-24 22:06:00,SENSEX,PE,73200.0,SENSEX26SEP73200PE,0.05,0.05,0.05,0.05,0,14
2026-09-24 22:06:00,SENSEX,CE,73300.0,SENSEX26SEP73300CE,279.9,279.9,279.9,279.9,0,14
2026-09-24 22:06:00,SENSEX,PE,73300.0,SENSEX26SEP73300PE,0.05,0.05,0.05,0.05,0,14
2026-09-24 22:06:00,SENSEX,CE,73400.0,SENSEX26SEP73400CE,180.1,180.1,180.1,180.1,0,14
2026-09-24 22:06:00,SENSEX,PE,73400.0,SENSEX26SEP73400PE,0.05,0.05,0.05,0.05,0,14
2026-09-24 22:06:00,SENSEX,CE,73500.0,SENSEX26SEP73500CE,80.35,80.35,80.35,80.35,0,14
2026-09-24 22:06:00,SENSEX,PE,73500.0,SENSEX26SEP73500PE,0.05,0.05,0.05,0.05,0,14
2026-09-24 22:06:00,SENSEX,CE,73600.0,SENSEX26SEP73600CE,0.05,0.05,0.05,0.05,0,14
2026-09-24 22:06:00,SENSEX,PE,73600.0,SENSEX26SEP73600PE,19.35,19.35,19.35,19.35,0,14
2026-09-24 22:06:00,SENSEX,CE,73700.0,SENSEX26SEP73700CE,0.05,0.05,0.05,0.05,0,14
2026-09-24 22:06:00,SENSEX,PE,73700.0,SENSEX26SEP73700PE,119.2,119.2,119.2,119.2,0,14
2026-09-24 22:06:00,SENSEX,CE,73800.0,SENSEX26SEP73800CE,0.05,0.05,0.05,0.05,0,14
2026-09-24 22:06:00,SENSEX,PE,73800.0,SENSEX26SEP73800PE,219.05,219.05,219.05,219.05,0,14
2026-09-24 22:06:00,SENSEX,CE,73900.0,SENSEX26SEP73900CE,0.05,0.05,0.05,0.05,0,14
2026-09-24 22:06:00,SENSEX,PE,73900.0,SENSEX26SEP73900PE,320.0,320.0,320.0,320.0,0,14
2026-09-24 22:06:00,SENSEX,CE,74000.0,SENSEX26SEP74000CE,0.05,0.05,0.05,0.05,0,14
2026-09-24 22:06:00,SENSEX,PE,74000.0,SENSEX26SEP74000PE,420.9,420.9,420.9,420.9,0,14
2026-09-24 22:06:00,SENSEX,CE,74100.0,SENSEX26SEP74100CE,0.05,0.05,0.05,0.05,0,14
2026-09-24 22:06:00,SENSEX,PE,74100.0,SENSEX26SEP74100PE,518.9,518.9,518.9,518.9,0,14
2026-09-24 22:06:00,SENSEX,CE,74200.0,SENSEX26SEP74200CE,0.05,0.05,0.05,0.05,0,14
2026-09-24 22:06:00,SENSEX,PE,74200.0,SENSEX26SEP74200PE,621.0,621.0,621.0,621.0,0,14
2026-09-24 22:07:00,SENSEX,FUT,0.0,SENSEX26SEPFUT,73576.6,73576.6,73576.6,73576.6,0,2
2026-09-24 22:07:00,SENSEX,SPOT,0.0,SENSEX,73580.54,73580.54,73580.54,73580.54,0,2
2026-09-24 22:07:00,SENSEX,CE,73000.0,SENSEX26SEP73000CE,578.95,578.95,578.95,578.95,0,2
2026-09-24 22:07:00,SENSEX,PE,73000.0,SENSEX26SEP73000PE,0.05,0.05,0.05,0.05,0,2
2026-09-24 22:07:00,SENSEX,CE,73100.0,SENSEX26SEP73100CE,479.55,479.55,479.55,479.55,0,2
2026-09-24 22:07:00,SENSEX,PE,73100.0,SENSEX26SEP73100PE,0.05,0.05,0.05,0.05,0,2
2026-09-24 22:07:00,SENSEX,CE,73200.0,SENSEX26SEP73200CE,379.5,379.5,379.5,379.5,0,2
2026-09-24 22:07:00,SENSEX,PE,73200.0,SENSEX26SEP73200PE,0.05,0.05,0.05,0.05,0,2
2026-09-24 22:07:00,SENSEX,CE,73300.0,SENSEX26SEP73300CE,279.9,279.9,279.9,279.9,0,2
2026-09-24 22:07:00,SENSEX,PE,73300.0,SENSEX26SEP73300PE,0.05,0.05,0.05,0.05,0,2
2026-09-24 22:07:00,SENSEX,CE,73400.0,SENSEX26SEP73400CE,180.1,180.1,180.1,180.1,0,2
2026-09-24 22:07:00,SENSEX,PE,73400.0,SENSEX26SEP73400PE,0.05,0.05,0.05,0.05,0,2
2026-09-24 22:07:00,SENSEX,CE,73500.0,SENSEX26SEP73500CE,80.35,80.35,80.35,80.35,0,2
2026-09-24 22:07:00,SENSEX,PE,73500.0,SENSEX26SEP73500PE,0.05,0.05,0.05,0.05,0,2
2026-09-24 22:07:00,SENSEX,CE,73600.0,SENSEX26SEP73600CE,0.05,0.05,0.05,0.05,0,2
2026-09-24 22:07:00,SENSEX,PE,73600.0,SENSEX26SEP73600PE,19.35,19.35,19.35,19.35,0,2
2026-09-24 22:07:00,SENSEX,CE,73700.0,SENSEX26SEP73700CE,0.05,0.05,0.05,0.05,0,2
2026-09-24 22:07:00,SENSEX,PE,73700.0,SENSEX26SEP73700PE,119.2,119.2,119.2,119.2,0,2
2026-09-24 22:07:00,SENSEX,CE,73800.0,SENSEX26SEP73800CE,0.05,0.05,0.05,0.05,0,2
2026-09-24 22:07:00,SENSEX,PE,73800.0,SENSEX26SEP73800PE,219.05,219.05,219.05,219.05,0,2
2026-09-24 22:07:00,SENSEX,CE,73900.0,SENSEX26SEP73900CE,0.05,0.05,0.05,0.05,0,2
2026-09-24 22:07:00,SENSEX,PE,73900.0,SENSEX26SEP73900PE,320.0,320.0,320.0,320.0,0,2
2026-09-24 22:07:00,SENSEX,CE,74000.0,SENSEX26SEP74000CE,0.05,0.05,0.05,0.05,0,2
2026-09-24 22:07:00,SENSEX,PE,74000.0,SENSEX26SEP74000PE,420.9,420.9,420.9,420.9,0,2
2026-09-24 22:07:00,SENSEX,CE,74100.0,SENSEX26SEP74100CE,0.05,0.05,0.05,0.05,0,2
2026-09-24 22:07:00,SENSEX,PE,74100.0,SENSEX26SEP74100PE,518.9,518.9,518.9,518.9,0,2
2026-09-24 22:07:00,SENSEX,CE,74200.0,SENSEX26SEP74200CE,0.05,0.05,0.05,0.05,0,2
2026-09-24 22:07:00,SENSEX,PE,74200.0,SENSEX26SEP74200PE,621.0,621.0,621.0,621.0,0,2
2026-09-24 22:08:00,SENSEX,FUT,0.0,SENSEX26SEPFUT,73576.6,73576.6,73576.6,73576.6,0,16
2026-09-24 22:08:00,SENSEX,SPOT,0.0,SENSEX,73580.54,73580.54,73580.54,73580.54,0,16
2026-09-24 22:08:00,SENSEX,CE,73000.0,SENSEX26SEP73000CE,578.95,578.95,578.95,578.95,0,16
2026-09-24 22:08:00,SENSEX,PE,73000.0,SENSEX26SEP73000PE,0.05,0.05,0.05,0.05,0,16
2026-09-24 22:08:00,SENSEX,CE,73100.0,SENSEX26SEP73100CE,479.55,479.55,479.55,479.55,0,16
2026-09-24 22:08:00,SENSEX,PE,73100.0,SENSEX26SEP73100PE,0.05,0.05,0.05,0.05,0,16
2026-09-24 22:08:00,SENSEX,CE,73200.0,SENSEX26SEP73200CE,379.5,379.5,379.5,379.5,0,16
2026-09-24 22:08:00,SENSEX,PE,73200.0,SENSEX26SEP73200PE,0.05,0.05,0.05,0.05,0,16
2026-09-24 22:08:00,SENSEX,CE,73300.0,SENSEX26SEP73300CE,279.9,279.9,279.9,279.9,0,16
2026-09-24 22:08:00,SENSEX,PE,73300.0,SENSEX26SEP73300PE,0.05,0.05,0.05,0.05,0,16
2026-09-24 22:08:00,SENSEX,CE,73400.0,SENSEX26SEP73400CE,180.1,180.1,180.1,180.1,0,16
2026-09-24 22:08:00,SENSEX,PE,73400.0,SENSEX26SEP73400PE,0.05,0.05,0.05,0.05,0,16
2026-09-24 22:08:00,SENSEX,CE,73500.0,SENSEX26SEP73500CE,80.35,80.35,80.35,80.35,0,16
2026-09-24 22:08:00,SENSEX,PE,73500.0,SENSEX26SEP73500PE,0.05,0.05,0.05,0.05,0,16
2026-09-24 22:08:00,SENSEX,CE,73600.0,SENSEX26SEP73600CE,0.05,0.05,0.05,0.05,0,16
2026-09-24 22:08:00,SENSEX,PE,73600.0,SENSEX26SEP73600PE,19.35,19.35,19.35,19.35,0,16
2026-09-24 22:08:00,SENSEX,CE,73700.0,SENSEX26SEP73700CE,0.05,0.05,0.05,0.05,0,16
2026-09-24 22:08:00,SENSEX,PE,73700.0,SENSEX26SEP73700PE,119.2,119.2,119.2,119.2,0,16
2026-09-24 22:08:00,SENSEX,CE,73800.0,SENSEX26SEP73800CE,0.05,0.05,0.05,0.05,0,16
2026-09-24 22:08:00,SENSEX,PE,73800.0,SENSEX26SEP73800PE,219.05,219.05,219.05,219.05,0,16
2026-09-24 22:08:00,SENSEX,CE,73900.0,SENSEX26SEP73900CE,0.05,0.05,0.05,0.05,0,16
2026-09-24 22:08:00,SENSEX,PE,73900.0,SENSEX26SEP73900PE,320.0,320.0,320.0,320.0,0,16
2026-09-24 22:08:00,SENSEX,CE,74000.0,SENSEX26SEP74000CE,0.05,0.05,0.05,0.05,0,16
2026-09-24 22:08:00,SENSEX,PE,74000.0,SENSEX26SEP74000PE,420.9,420.9,420.9,420.9,0,16
2026-09-24 22:08:00,SENSEX,CE,74100.0,SENSEX26SEP74100CE,0.05,0.05,0.05,0.05,0,16
2026-09-24 22:08:00,SENSEX,PE,74100.0,SENSEX26SEP74100PE,518.9,518.9,518.9,518.9,0,16
2026-09-24 22:08:00,SENSEX,CE,74200.0,SENSEX26SEP74200CE,0.05,0.05,0.05,0.05,0,16
2026-09-24 22:08:00,SENSEX,PE,74200.0,SENSEX26SEP74200PE,621.0,621.0,621.0,621.0,0,16
2026-09-24 22:09:00,SENSEX,FUT,0.0,SENSEX26SEPFUT,73576.6,73576.6,73576.6,73576.6,0,16
2026-09-24 22:09:00,SENSEX,SPOT,0.0,SENSEX,73580.54,73580.54,73580.54,73580.54,0,16
2026-09-24 22:09:00,SENSEX,CE,73000.0,SENSEX26SEP73000CE,578.95,578.95,578.95,578.95,0,16
2026-09-24 22:09:00,SENSEX,PE,73000.0,SENSEX26SEP73000PE,0.05,0.05,0.05,0.05,0,16
2026-09-24 22:09:00,SENSEX,CE,73100.0,SENSEX26SEP73100CE,479.55,479.55,479.55,479.55,0,16
2026-09-24 22:09:00,SENSEX,PE,73100.0,SENSEX26SEP73100PE,0.05,0.05,0.05,0.05,0,16
2026-09-24 22:09:00,SENSEX,CE,73200.0,SENSEX26SEP73200CE,379.5,379.5,379.5,379.5,0,16
2026-09-24 22:09:00,SENSEX,PE,73200.0,SENSEX26SEP73200PE,0.05,0.05,0.05,0.05,0,16
2026-09-24 22:09:00,SENSEX,CE,73300.0,SENSEX26SEP73300CE,279.9,279.9,279.9,279.9,0,16
2026-09-24 22:09:00,SENSEX,PE,73300.0,SENSEX26SEP73300PE,0.05,0.05,0.05,0.05,0,16
2026-09-24 22:09:00,SENSEX,CE,73400.0,SENSEX26SEP73400CE,180.1,180.1,180.1,180.1,0,16
2026-09-24 22:09:00,SENSEX,PE,73400.0,SENSEX26SEP73400PE,0.05,0.05,0.05,0.05,0,16
2026-09-24 22:09:00,SENSEX,CE,73500.0,SENSEX26SEP73500CE,80.35,80.35,80.35,80.35,0,16
2026-09-24 22:09:00,SENSEX,PE,73500.0,SENSEX26SEP73500PE,0.05,0.05,0.05,0.05,0,16
2026-09-24 22:09:00,SENSEX,CE,73600.0,SENSEX26SEP73600CE,0.05,0.05,0.05,0.05,0,16
2026-09-24 22:09:00,SENSEX,PE,73600.0,SENSEX26SEP73600PE,19.35,19.35,19.35,19.35,0,16
2026-09-24 22:09:00,SENSEX,CE,73700.0,SENSEX26SEP73700CE,0.05,0.05,0.05,0.05,0,16
2026-09-24 22:09:00,SENSEX,PE,73700.0,SENSEX26SEP73700PE,119.2,119.2,119.2,119.2,0,16
2026-09-24 22:09:00,SENSEX,CE,73800.0,SENSEX26SEP73800CE,0.05,0.05,0.05,0.05,0,16
2026-09-24 22:09:00,SENSEX,PE,73800.0,SENSEX26SEP73800PE,219.05,219.05,219.05,219.05,0,16
2026-09-24 22:09:00,SENSEX,CE,73900.0,SENSEX26SEP73900CE,0.05,0.05,0.05,0.05,0,16
2026-09-24 22:09:00,SENSEX,PE,73900.0,SENSEX26SEP73900PE,320.0,320.0,320.0,320.0,0,16
2026-09-24 22:09:00,SENSEX,CE,74000.0,SENSEX26SEP74000CE,0.05,0.05,0.05,0.05,0,16
2026-09-24 22:09:00,SENSEX,PE,74000.0,SENSEX26SEP74000PE,420.9,420.9,420.9,420.9,0,16
2026-09-24 22:09:00,SENSEX,CE,74100.0,SENSEX26SEP74100CE,0.05,0.05,0.05,0.05,0,16
2026-09-24 22:09:00,SENSEX,PE,74100.0,SENSEX26SEP74100PE,518.9,518.9,518.9,518.9,0,16
2026-09-24 22:09:00,SENSEX,CE,74200.0,SENSEX26SEP74200CE,0.05,0.05,0.05,0.05,0,16
2026-09-24 22:09:00,SENSEX,PE,74200.0,SENSEX26SEP74200PE,621.0,621.0,621.0,621.0,0,16
2026-09-24 22:10:00,SENSEX,FUT,0.0,SENSEX26SEPFUT,73576.6,73576.6,73576.6,73576.6,0,16
2026-09-24 22:10:00,SENSEX,SPOT,0.0,SENSEX,73580.54,73580.54,73580.54,73580.54,0,16
2026-09-24 22:10:00,SENSEX,CE,73000.0,SENSEX26SEP73000CE,578.95,578.95,578.95,578.95,0,16
2026-09-24 22:10:00,SENSEX,PE,73000.0,SENSEX26SEP73000PE,0.05,0.05,0.05,0.05,0,16
2026-09-24 22:10:00,SENSEX,CE,73100.0,SENSEX26SEP73100CE,479.55,479.55,479.55,479.55,0,16
2026-09-24 22:10:00,SENSEX,PE,73100.0,SENSEX26SEP73100PE,0.05,0.05,0.05,0.05,0,16
2026-09-24 22:10:00,SENSEX,CE,73200.0,SENSEX26SEP73200CE,379.5,379.5,379.5,379.5,0,16
2026-09-24 22:10:00,SENSEX,PE,73200.0,SENSEX26SEP73200PE,0.05,0.05,0.05,0.05,0,16
2026-09-24 22:10:00,SENSEX,CE,73300.0,SENSEX26SEP73300CE,279.9,279.9,279.9,279.9,0,16
2026-09-24 22:10:00,SENSEX,PE,73300.0,SENSEX26SEP73300PE,0.05,0.05,0.05,0.05,0,16
2026-09-24 22:10:00,SENSEX,CE,73400.0,SENSEX26SEP73400CE,180.1,180.1,180.1,180.1,0,16
2026-09-24 22:10:00,SENSEX,PE,73400.0,SENSEX26SEP73400PE,0.05,0.05,0.05,0.05,0,16
2026-09-24 22:10:00,SENSEX,CE,73500.0,SENSEX26SEP73500CE,80.35,80.35,80.35,80.35,0,16
2026-09-24 22:10:00,SENSEX,PE,73500.0,SENSEX26SEP73500PE,0.05,0.05,0.05,0.05,0,16
2026-09-24 22:10:00,SENSEX,CE,73600.0,SENSEX26SEP73600CE,0.05,0.05,0.05,0.05,0,16
2026-09-24 22:10:00,SENSEX,PE,73600.0,SENSEX26SEP73600PE,19.35,19.35,19.35,19.35,0,16
2026-09-24 22:10:00,SENSEX,CE,73700.0,SENSEX26SEP73700CE,0.05,0.05,0.05,0.05,0,16
2026-09-24 22:10:00,SENSEX,PE,73700.0,SENSEX26SEP73700PE,119.2,119.2,119.2,119.2,0,16
2026-09-24 22:10:00,SENSEX,CE,73800.0,SENSEX26SEP73800CE,0.05,0.05,0.05,0.05,0,16
2026-09-24 22:10:00,SENSEX,PE,73800.0,SENSEX26SEP73800PE,219.05,219.05,219.05,219.05,0,16
2026-09-24 22:10:00,SENSEX,CE,73900.0,SENSEX26SEP73900CE,0.05,0.05,0.05,0.05,0,16
2026-09-24 22:10:00,SENSEX,PE,73900.0,SENSEX26SEP73900PE,320.0,320.0,320.0,320.0,0,16
2026-09-24 22:10:00,SENSEX,CE,74000.0,SENSEX26SEP74000CE,0.05,0.05,0.05,0.05,0,16
2026-09-24 22:10:00,SENSEX,PE,74000.0,SENSEX26SEP74000PE,420.9,420.9,420.9,420.9,0,16
2026-09-24 22:10:00,SENSEX,CE,74100.0,SENSEX26SEP74100CE,0.05,0.05,0.05,0.05,0,16
2026-09-24 22:10:00,SENSEX,PE,74100.0,SENSEX26SEP74100PE,518.9,518.9,518.9,518.9,0,16
2026-09-24 22:10:00,SENSEX,CE,74200.0,SENSEX26SEP74200CE,0.05,0.05,0.05,0.05,0,16
2026-09-24 22:10:00,SENSEX,PE,74200.0,SENSEX26SEP74200PE,621.0,621.0,621.0,621.0,0,16
2026-09-24 22:11:00,SENSEX,FUT,0.0,SENSEX26SEPFUT,73576.6,73576.6,73576.6,73576.6,0,15
2026-09-24 22:11:00,SENSEX,SPOT,0.0,SENSEX,73580.54,73580.54,73580.54,73580.54,0,15
2026-09-24 22:11:00,SENSEX,CE,73000.0,SENSEX26SEP73000CE,578.95,578.95,578.95,578.95,0,15
2026-09-24 22:11:00,SENSEX,PE,73000.0,SENSEX26SEP73000PE,0.05,0.05,0.05,0.05,0,15
2026-09-24 22:11:00,SENSEX,CE,73100.0,SENSEX26SEP73100CE,479.55,479.55,479.55,479.55,0,15
2026-09-24 22:11:00,SENSEX,PE,73100.0,SENSEX26SEP73100PE,0.05,0.05,0.05,0.05,0,15
2026-09-24 22:11:00,SENSEX,CE,73200.0,SENSEX26SEP73200CE,379.5,379.5,379.5,379.5,0,15
2026-09-24 22:11:00,SENSEX,PE,73200.0,SENSEX26SEP73200PE,0.05,0.05,0.05,0.05,0,15
2026-09-24 22:11:00,SENSEX,CE,73300.0,SENSEX26SEP73300CE,279.9,279.9,279.9,279.9,0,15
2026-09-24 22:11:00,SENSEX,PE,73300.0,SENSEX26SEP73300PE,0.05,0.05,0.05,0.05,0,15
2026-09-24 22:11:00,SENSEX,CE,73400.0,SENSEX26SEP73400CE,180.1,180.1,180.1,180.1,0,15
2026-09-24 22:11:00,SENSEX,PE,73400.0,SENSEX26SEP73400PE,0.05,0.05,0.05,0.05,0,15
2026-09-24 22:11:00,SENSEX,CE,73500.0,SENSEX26SEP73500CE,80.35,80.35,80.35,80.35,0,15
2026-09-24 22:11:00,SENSEX,PE,73500.0,SENSEX26SEP73500PE,0.05,0.05,0.05,0.05,0,15
2026-09-24 22:11:00,SENSEX,CE,73600.0,SENSEX26SEP73600CE,0.05,0.05,0.05,0.05,0,15
2026-09-24 22:11:00,SENSEX,PE,73600.0,SENSEX26SEP73600PE,19.35,19.35,19.35,19.35,0,15
2026-09-24 22:11:00,SENSEX,CE,73700.0,SENSEX26SEP73700CE,0.05,0.05,0.05,0.05,0,15
2026-09-24 22:11:00,SENSEX,PE,73700.0,SENSEX26SEP73700PE,119.2,119.2,119.2,119.2,0,15
2026-09-24 22:11:00,SENSEX,CE,73800.0,SENSEX26SEP73800CE,0.05,0.05,0.05,0.05,0,15
2026-09-24 22:11:00,SENSEX,PE,73800.0,SENSEX26SEP73800PE,219.05,219.05,219.05,219.05,0,15
2026-09-24 22:11:00,SENSEX,CE,73900.0,SENSEX26SEP73900CE,0.05,0.05,0.05,0.05,0,15
2026-09-24 22:11:00,SENSEX,PE,73900.0,SENSEX26SEP73900PE,320.0,320.0,320.0,320.0,0,15
2026-09-24 22:11:00,SENSEX,CE,74000.0,SENSEX26SEP74000CE,0.05,0.05,0.05,0.05,0,15
2026-09-24 22:11:00,SENSEX,PE,74000.0,SENSEX26SEP74000PE,420.9,420.9,420.9,420.9,0,15
2026-09-24 22:11:00,SENSEX,CE,74100.0,SENSEX26SEP74100CE,0.05,0.05,0.05,0.05,0,15
2026-09-24 22:11:00,SENSEX,PE,74100.0,SENSEX26SEP74100PE,518.9,518.9,518.9,518.9,0,15
2026-09-24 22:11:00,SENSEX,CE,74200.0,SENSEX26SEP74200CE,0.05,0.05,0.05,0.05,0,15
2026-09-24 22:11:00,SENSEX,PE,74200.0,SENSEX26SEP74200PE,621.0,621.0,621.0,621.0,0,15
2026-09-24 22:12:00,SENSEX,FUT,0.0,SENSEX26SEPFUT,73576.6,73576.6,73576.6,73576.6,0,16
2026-09-24 22:12:00,SENSEX,SPOT,0.0,SENSEX,73580.54,73580.54,73580.54,73580.54,0,16
2026-09-24 22:12:00,SENSEX,CE,73000.0,SENSEX26SEP73000CE,578.95,578.95,578.95,578.95,0,16
2026-09-24 22:12:00,SENSEX,PE,73000.0,SENSEX26SEP73000PE,0.05,0.05,0.05,0.05,0,16
2026-09-24 22:12:00,SENSEX,CE,73100.0,SENSEX26SEP73100CE,479.55,479.55,479.55,479.55,0,16
2026-09-24 22:12:00,SENSEX,PE,73100.0,SENSEX26SEP73100PE,0.05,0.05,0.05,0.05,0,16
2026-09-24 22:12:00,SENSEX,CE,73200.0,SENSEX26SEP73200CE,379.5,379.5,379.5,379.5,0,16
2026-09-24 22:12:00,SENSEX,PE,73200.0,SENSEX26SEP73200PE,0.05,0.05,0.05,0.05,0,16
2026-09-24 22:12:00,SENSEX,CE,73300.0,SENSEX26SEP73300CE,279.9,279.9,279.9,279.9,0,16
2026-09-24 22:12:00,SENSEX,PE,73300.0,SENSEX26SEP73300PE,0.05,0.05,0.05,0.05,0,16
2026-09-24 22:12:00,SENSEX,CE,73400.0,SENSEX26SEP73400CE,180.1,180.1,180.1,180.1,0,16
2026-09-24 22:12:00,SENSEX,PE,73400.0,SENSEX26SEP73400PE,0.05,0.05,0.05,0.05,0,16
2026-09-24 22:12:00,SENSEX,CE,73500.0,SENSEX26SEP73500CE,80.35,80.35,80.35,80.35,0,16
2026-09-24 22:12:00,SENSEX,PE,73500.0,SENSEX26SEP73500PE,0.05,0.05,0.05,0.05,0,16
2026-09-24 22:12:00,SENSEX,CE,73600.0,SENSEX26SEP73600CE,0.05,0.05,0.05,0.05,0,16
2026-09-24 22:12:00,SENSEX,PE,73600.0,SENSEX26SEP73600PE,19.35,19.35,19.35,19.35,0,16
2026-09-24 22:12:00,SENSEX,CE,73700.0,SENSEX26SEP73700CE,0.05,0.05,0.05,0.05,0,16
2026-09-24 22:12:00,SENSEX,PE,73700.0,SENSEX26SEP73700PE,119.2,119.2,119.2,119.2,0,16
2026-09-24 22:12:00,SENSEX,CE,73800.0,SENSEX26SEP73800CE,0.05,0.05,0.05,0.05,0,16
2026-09-24 22:12:00,SENSEX,PE,73800.0,SENSEX26SEP73800PE,219.05,219.05,219.05,219.05,0,16
2026-09-24 22:12:00,SENSEX,CE,73900.0,SENSEX26SEP73900CE,0.05,0.05,0.05,0.05,0,16
2026-09-24 22:12:00,SENSEX,PE,73900.0,SENSEX26SEP73900PE,320.0,320.0,320.0,320.0,0,16
2026-09-24 22:12:00,SENSEX,CE,74000.0,SENSEX26SEP74000CE,0.05,0.05,0.05,0.05,0,16
2026-09-24 22:12:00,SENSEX,PE,74000.0,SENSEX26SEP74000PE,420.9,420.9,420.9,420.9,0,16
2026-09-24 22:12:00,SENSEX,CE,74100.0,SENSEX26SEP74100CE,0.05,0.05,0.05,0.05,0,16
2026-09-24 22:12:00,SENSEX,PE,74100.0,SENSEX26SEP74100PE,518.9,518.9,518.9,518.9,0,16
2026-09-24 22:12:00,SENSEX,CE,74200.0,SENSEX26SEP74200CE,0.05,0.05,0.05,0.05,0,16
2026-09-24 22:12:00,SENSEX,PE,74200.0,SENSEX26SEP74200PE,621.0,621.0,621.0,621.0,0,16
2026-09-24 22:13:00,SENSEX,FUT,0.0,SENSEX26SEPFUT,73576.6,73576.6,73576.6,73576.6,0,16
2026-09-24 22:13:00,SENSEX,SPOT,0.0,SENSEX,73580.54,73580.54,73580.54,73580.54,0,16
2026-09-24 22:13:00,SENSEX,CE,73000.0,SENSEX26SEP73000CE,578.95,578.95,578.95,578.95,0,16
2026-09-24 22:13:00,SENSEX,PE,73000.0,SENSEX26SEP73000PE,0.05,0.05,0.05,0.05,0,16
2026-09-24 22:13:00,SENSEX,CE,73100.0,SENSEX26SEP73100CE,479.55,479.55,479.55,479.55,0,16
2026-09-24 22:13:00,SENSEX,PE,73100.0,SENSEX26SEP73100PE,0.05,0.05,0.05,0.05,0,16
2026-09-24 22:13:00,SENSEX,CE,73200.0,SENSEX26SEP73200CE,379.5,379.5,379.5,379.5,0,16
2026-09-24 22:13:00,SENSEX,PE,73200.0,SENSEX26SEP73200PE,0.05,0.05,0.05,0.05,0,16
2026-09-24 22:13:00,SENSEX,CE,73300.0,SENSEX26SEP73300CE,279.9,279.9,279.9,279.9,0,16
2026-09-24 22:13:00,SENSEX,PE,73300.0,SENSEX26SEP73300PE,0.05,0.05,0.05,0.05,0,16
2026-09-24 22:13:00,SENSEX,CE,73400.0,SENSEX26SEP73400CE,180.1,180.1,180.1,180.1,0,16
2026-09-24 22:13:00,SENSEX,PE,73400.0,SENSEX26SEP73400PE,0.05,0.05,0.05,0.05,0,16
2026-09-24 22:13:00,SENSEX,CE,73500.0,SENSEX26SEP73500CE,80.35,80.35,80.35,80.35,0,16
2026-09-24 22:13:00,SENSEX,PE,73500.0,SENSEX26SEP73500PE,0.05,0.05,0.05,0.05,0,16
2026-09-24 22:13:00,SENSEX,CE,73600.0,SENSEX26SEP73600CE,0.05,0.05,0.05,0.05,0,16
2026-09-24 22:13:00,SENSEX,PE,73600.0,SENSEX26SEP73600PE,19.35,19.35,19.35,19.35,0,16
2026-09-24 22:13:00,SENSEX,CE,73700.0,SENSEX26SEP73700CE,0.05,0.05,0.05,0.05,0,16
2026-09-24 22:13:00,SENSEX,PE,73700.0,SENSEX26SEP73700PE,119.2,119.2,119.2,119.2,0,16
2026-09-24 22:13:00,SENSEX,CE,73800.0,SENSEX26SEP73800CE,0.05,0.05,0.05,0.05,0,16
2026-09-24 22:13:00,SENSEX,PE,73800.0,SENSEX26SEP73800PE,219.05,219.05,219.05,219.05,0,16
2026-09-24 22:13:00,SENSEX,CE,73900.0,SENSEX26SEP73900CE,0.05,0.05,0.05,0.05,0,16
2026-09-24 22:13:00,SENSEX,PE,73900.0,SENSEX26SEP73900PE,320.0,320.0,320.0,320.0,0,16
2026-09-24 22:13:00,SENSEX,CE,74000.0,SENSEX26SEP74000CE,0.05,0.05,0.05,0.05,0,16
2026-09-24 22:13:00,SENSEX,PE,74000.0,SENSEX26SEP74000PE,420.9,420.9,420.9,420.9,0,16
2026-09-24 22:13:00,SENSEX,CE,74100.0,SENSEX26SEP74100CE,0.05,0.05,0.05,0.05,0,16
2026-09-24 22:13:00,SENSEX,PE,74100.0,SENSEX26SEP74100PE,518.9,518.9,518.9,518.9,0,16
2026-09-24 22:13:00,SENSEX,CE,74200.0,SENSEX26SEP74200CE,0.05,0.05,0.05,0.05,0,16
2026-09-24 22:13:00,SENSEX,PE,74200.0,SENSEX26SEP74200PE,621.0,621.0,621.0,621.0,0,16
2026-09-24 22:14:00,SENSEX,FUT,0.0,SENSEX26SEPFUT,73576.6,73576.6,73576.6,73576.6,0,15
2026-09-24 22:14:00,SENSEX,SPOT,0.0,SENSEX,73580.54,73580.54,73580.54,73580.54,0,15
2026-09-24 22:14:00,SENSEX,CE,73000.0,SENSEX26SEP73000CE,578.95,578.95,578.95,578.95,0,15
2026-09-24 22:14:00,SENSEX,PE,73000.0,SENSEX26SEP73000PE,0.05,0.05,0.05,0.05,0,15
2026-09-24 22:14:00,SENSEX,CE,73100.0,SENSEX26SEP73100CE,479.55,479.55,479.55,479.55,0,15
2026-09-24 22:14:00,SENSEX,PE,73100.0,SENSEX26SEP73100PE,0.05,0.05,0.05,0.05,0,15
2026-09-24 22:14:00,SENSEX,CE,73200.0,SENSEX26SEP73200CE,379.5,379.5,379.5,379.5,0,15
2026-09-24 22:14:00,SENSEX,PE,73200.0,SENSEX26SEP73200PE,0.05,0.05,0.05,0.05,0,15
2026-09-24 22:14:00,SENSEX,CE,73300.0,SENSEX26SEP73300CE,279.9,279.9,279.9,279.9,0,15
2026-09-24 22:14:00,SENSEX,PE,73300.0,SENSEX26SEP73300PE,0.05,0.05,0.05,0.05,0,15
2026-09-24 22:14:00,SENSEX,CE,73400.0,SENSEX26SEP73400CE,180.1,180.1,180.1,180.1,0,15
2026-09-24 22:14:00,SENSEX,PE,73400.0,SENSEX26SEP73400PE,0.05,0.05,0.05,0.05,0,15
2026-09-24 22:14:00,SENSEX,CE,73500.0,SENSEX26SEP73500CE,80.35,80.35,80.35,80.35,0,15
2026-09-24 22:14:00,SENSEX,PE,73500.0,SENSEX26SEP73500PE,0.05,0.05,0.05,0.05,0,15
2026-09-24 22:14:00,SENSEX,CE,73600.0,SENSEX26SEP73600CE,0.05,0.05,0.05,0.05,0,15
2026-09-24 22:14:00,SENSEX,PE,73600.0,SENSEX26SEP73600PE,19.35,19.35,19.35,19.35,0,15
2026-09-24 22:14:00,SENSEX,CE,73700.0,SENSEX26SEP73700CE,0.05,0.05,0.05,0.05,0,15
2026-09-24 22:14:00,SENSEX,PE,73700.0,SENSEX26SEP73700PE,119.2,119.2,119.2,119.2,0,15
2026-09-24 22:14:00,SENSEX,CE,73800.0,SENSEX26SEP73800CE,0.05,0.05,0.05,0.05,0,15
2026-09-24 22:14:00,SENSEX,PE,73800.0,SENSEX26SEP73800PE,219.05,219.05,219.05,219.05,0,15
2026-09-24 22:14:00,SENSEX,CE,73900.0,SENSEX26SEP73900CE,0.05,0.05,0.05,0.05,0,15
2026-09-24 22:14:00,SENSEX,PE,73900.0,SENSEX26SEP73900PE,320.0,320.0,320.0,320.0,0,15
2026-09-24 22:14:00,SENSEX,CE,74000.0,SENSEX26SEP74000CE,0.05,0.05,0.05,0.05,0,15
2026-09-24 22:14:00,SENSEX,PE,74000.0,SENSEX26SEP74000PE,420.9,420.9,420.9,420.9,0,15
2026-09-24 22:14:00,SENSEX,CE,74100.0,SENSEX26SEP74100CE,0.05,0.05,0.05,0.05,0,15
2026-09-24 22:14:00,SENSEX,PE,74100.0,SENSEX26SEP74100PE,518.9,518.9,518.9,518.9,0,15
2026-09-24 22:14:00,SENSEX,CE,74200.0,SENSEX26SEP74200CE,0.05,0.05,0.05,0.05,0,15
2026-09-24 22:14:00,SENSEX,PE,74200.0,SENSEX26SEP74200PE,621.0,621.0,621.0,621.0,0,15
2026-09-24 22:15:00,SENSEX,FUT,0.0,SENSEX26SEPFUT,73576.6,73576.6,73576.6,73576.6,0,16
2026-09-24 22:15:00,SENSEX,SPOT,0.0,SENSEX,73580.54,73580.54,73580.54,73580.54,0,16
2026-09-24 22:15:00,SENSEX,CE,73000.0,SENSEX26SEP73000CE,578.95,578.95,578.95,578.95,0,16
2026-09-24 22:15:00,SENSEX,PE,73000.0,SENSEX26SEP73000PE,0.05,0.05,0.05,0.05,0,16
2026-09-24 22:15:00,SENSEX,CE,73100.0,SENSEX26SEP73100CE,479.55,479.55,479.55,479.55,0,16
2026-09-24 22:15:00,SENSEX,PE,73100.0,SENSEX26SEP73100PE,0.05,0.05,0.05,0.05,0,16
2026-09-24 22:15:00,SENSEX,CE,73200.0,SENSEX26SEP73200CE,379.5,379.5,379.5,379.5,0,16
2026-09-24 22:15:00,SENSEX,PE,73200.0,SENSEX26SEP73200PE,0.05,0.05,0.05,0.05,0,16
2026-09-24 22:15:00,SENSEX,CE,73300.0,SENSEX26SEP73300CE,279.9,279.9,279.9,279.9,0,16
2026-09-24 22:15:00,SENSEX,PE,73300.0,SENSEX26SEP73300PE,0.05,0.05,0.05,0.05,0,16
2026-09-24 22:15:00,SENSEX,CE,73400.0,SENSEX26SEP73400CE,180.1,180.1,180.1,180.1,0,16
2026-09-24 22:15:00,SENSEX,PE,73400.0,SENSEX26SEP73400PE,0.05,0.05,0.05,0.05,0,16
2026-09-24 22:15:00,SENSEX,CE,73500.0,SENSEX26SEP73500CE,80.35,80.35,80.35,80.35,0,16
2026-09-24 22:15:00,SENSEX,PE,73500.0,SENSEX26SEP73500PE,0.05,0.05,0.05,0.05,0,16
2026-09-24 22:15:00,SENSEX,CE,73600.0,SENSEX26SEP73600CE,0.05,0.05,0.05,0.05,0,16
2026-09-24 22:15:00,SENSEX,PE,73600.0,SENSEX26SEP73600PE,19.35,19.35,19.35,19.35,0,16
2026-09-24 22:15:00,SENSEX,CE,73700.0,SENSEX26SEP73700CE,0.05,0.05,0.05,0.05,0,16
2026-09-24 22:15:00,SENSEX,PE,73700.0,SENSEX26SEP73700PE,119.2,119.2,119.2,119.2,0,16
2026-09-24 22:15:00,SENSEX,CE,73800.0,SENSEX26SEP73800CE,0.05,0.05,0.05,0.05,0,16
2026-09-24 22:15:00,SENSEX,PE,73800.0,SENSEX26SEP73800PE,219.05,219.05,219.05,219.05,0,16
2026-09-24 22:15:00,SENSEX,CE,73900.0,SENSEX26SEP73900CE,0.05,0.05,0.05,0.05,0,16
2026-09-24 22:15:00,SENSEX,PE,73900.0,SENSEX26SEP73900PE,320.0,320.0,320.0,320.0,0,16
2026-09-24 22:15:00,SENSEX,CE,74000.0,SENSEX26SEP74000CE,0.05,0.05,0.05,0.05,0,16
2026-09-24 22:15:00,SENSEX,PE,74000.0,SENSEX26SEP74000PE,420.9,420.9,420.9,420.9,0,16
2026-09-24 22:15:00,SENSEX,CE,74100.0,SENSEX26SEP74100CE,0.05,0.05,0.05,0.05,0,16
2026-09-24 22:15:00,SENSEX,PE,74100.0,SENSEX26SEP74100PE,518.9,518.9,518.9,518.9,0,16
2026-09-24 22:15:00,SENSEX,CE,74200.0,SENSEX26SEP74200CE,0.05,0.05,0.05,0.05,0,16
2026-09-24 22:15:00,SENSEX,PE,74200.0,SENSEX26SEP74200PE,621.0,621.0,621.0,621.0,0,16
2026-09-24 22:17:00,SENSEX,FUT,0.0,SENSEX26SEPFUT,73576.6,73576.6,73576.6,73576.6,0,15
2026-09-24 22:17:00,SENSEX,SPOT,0.0,SENSEX,73580.54,73580.54,73580.54,73580.54,0,15
2026-09-24 22:17:00,SENSEX,CE,73000.0,SENSEX26SEP73000CE,578.95,578.95,578.95,578.95,0,15
2026-09-24 22:17:00,SENSEX,PE,73000.0,SENSEX26SEP73000PE,0.05,0.05,0.05,0.05,0,15
2026-09-24 22:17:00,SENSEX,CE,73100.0,SENSEX26SEP73100CE,479.55,479.55,479.55,479.55,0,15
2026-09-24 22:17:00,SENSEX,PE,73100.0,SENSEX26SEP73100PE,0.05,0.05,0.05,0.05,0,15
2026-09-24 22:17:00,SENSEX,CE,73200.0,SENSEX26SEP73200CE,379.5,379.5,379.5,379.5,0,15
2026-09-24 22:17:00,SENSEX,PE,73200.0,SENSEX26SEP73200PE,0.05,0.05,0.05,0.05,0,15
2026-09-24 22:17:00,SENSEX,CE,73300.0,SENSEX26SEP73300CE,279.9,279.9,279.9,279.9,0,15
2026-09-24 22:17:00,SENSEX,PE,73300.0,SENSEX26SEP73300PE,0.05,0.05,0.05,0.05,0,15
2026-09-24 22:17:00,SENSEX,CE,73400.0,SENSEX26SEP73400CE,180.1,180.1,180.1,180.1,0,15
2026-09-24 22:17:00,SENSEX,PE,73400.0,SENSEX26SEP73400PE,0.05,0.05,0.05,0.05,0,15
2026-09-24 22:17:00,SENSEX,CE,73500.0,SENSEX26SEP73500CE,80.35,80.35,80.35,80.35,0,15
2026-09-24 22:17:00,SENSEX,PE,73500.0,SENSEX26SEP73500PE,0.05,0.05,0.05,0.05,0,15
2026-09-24 22:17:00,SENSEX,CE,73600.0,SENSEX26SEP73600CE,0.05,0.05,0.05,0.05,0,15
2026-09-24 22:17:00,SENSEX,PE,73600.0,SENSEX26SEP73600PE,19.35,19.35,19.35,19.35,0,15
2026-09-24 22:17:00,SENSEX,CE,73700.0,SENSEX26SEP73700CE,0.05,0.05,0.05,0.05,0,15
2026-09-24 22:17:00,SENSEX,PE,73700.0,SENSEX26SEP73700PE,119.2,119.2,119.2,119.2,0,15
2026-09-24 22:17:00,SENSEX,CE,73800.0,SENSEX26SEP73800CE,0.05,0.05,0.05,0.05,0,15
2026-09-24 22:17:00,SENSEX,PE,73800.0,SENSEX26SEP73800PE,219.05,219.05,219.05,219.05,0,15
2026-09-24 22:17:00,SENSEX,CE,73900.0,SENSEX26SEP73900CE,0.05,0.05,0.05,0.05,0,15
2026-09-24 22:17:00,SENSEX,PE,73900.0,SENSEX26SEP73900PE,320.0,320.0,320.0,320.0,0,15
2026-09-24 22:17:00,SENSEX,CE,74000.0,SENSEX26SEP74000CE,0.05,0.05,0.05,0.05,0,15
2026-09-24 22:17:00,SENSEX,PE,74000.0,SENSEX26SEP74000PE,420.9,420.9,420.9,420.9,0,15
2026-09-24 22:17:00,SENSEX,CE,74100.0,SENSEX26SEP74100CE,0.05,0.05,0.05,0.05,0,15
2026-09-24 22:17:00,SENSEX,PE,74100.0,SENSEX26SEP74100PE,518.9,518.9,518.9,518.9,0,15
2026-09-24 22:17:00,SENSEX,CE,74200.0,SENSEX26SEP74200CE,0.05,0.05,0.05,0.05,0,15
2026-09-24 22:17:00,SENSEX,PE,74200.0,SENSEX26SEP74200PE,621.0,621.0,621.0,621.0,0,15
2026-09-24 22:18:00,SENSEX,FUT,0.0,SENSEX26SEPFUT,73576.6,73576.6,73576.6,73576.6,0,15
2026-09-24 22:18:00,SENSEX,SPOT,0.0,SENSEX,73580.54,73580.54,73580.54,73580.54,0,15
2026-09-24 22:18:00,SENSEX,CE,73000.0,SENSEX26SEP73000CE,578.95,578.95,578.95,578.95,0,15
2026-09-24 22:18:00,SENSEX,PE,73000.0,SENSEX26SEP73000PE,0.05,0.05,0.05,0.05,0,15
2026-09-24 22:18:00,SENSEX,CE,73100.0,SENSEX26SEP73100CE,479.55,479.55,479.55,479.55,0,15
2026-09-24 22:18:00,SENSEX,PE,73100.0,SENSEX26SEP73100PE,0.05,0.05,0.05,0.05,0,15
2026-09-24 22:18:00,SENSEX,CE,73200.0,SENSEX26SEP73200CE,379.5,379.5,379.5,379.5,0,15
2026-09-24 22:18:00,SENSEX,PE,73200.0,SENSEX26SEP73200PE,0.05,0.05,0.05,0.05,0,15
2026-09-24 22:18:00,SENSEX,CE,73300.0,SENSEX26SEP73300CE,279.9,279.9,279.9,279.9,0,15
2026-09-24 22:18:00,SENSEX,PE,73300.0,SENSEX26SEP73300PE,0.05,0.05,0.05,0.05,0,15
2026-09-24 22:18:00,SENSEX,CE,73400.0,SENSEX26SEP73400CE,180.1,180.1,180.1,180.1,0,15
2026-09-24 22:18:00,SENSEX,PE,73400.0,SENSEX26SEP73400PE,0.05,0.05,0.05,0.05,0,15
2026-09-24 22:18:00,SENSEX,CE,73500.0,SENSEX26SEP73500CE,80.35,80.35,80.35,80.35,0,15
2026-09-24 22:18:00,SENSEX,PE,73500.0,SENSEX26SEP73500PE,0.05,0.05,0.05,0.05,0,15
2026-09-24 22:18:00,SENSEX,CE,73600.0,SENSEX26SEP73600CE,0.05,0.05,0.05,0.05,0,15
2026-09-24 22:18:00,SENSEX,PE,73600.0,SENSEX26SEP73600PE,19.35,19.35,19.35,19.35,0,15
2026-09-24 22:18:00,SENSEX,CE,73700.0,SENSEX26SEP73700CE,0.05,0.05,0.05,0.05,0,15
2026-09-24 22:18:00,SENSEX,PE,73700.0,SENSEX26SEP73700PE,119.2,119.2,119.2,119.2,0,15
2026-09-24 22:18:00,SENSEX,CE,73800.0,SENSEX26SEP73800CE,0.05,0.05,0.05,0.05,0,15
2026-09-24 22:18:00,SENSEX,PE,73800.0,SENSEX26SEP73800PE,219.05,219.05,219.05,219.05,0,15
2026-09-24 22:18:00,SENSEX,CE,73900.0,SENSEX26SEP73900CE,0.05,0.05,0.05,0.05,0,15
2026-09-24 22:18:00,SENSEX,PE,73900.0,SENSEX26SEP73900PE,320.0,320.0,320.0,320.0,0,15
2026-09-24 22:18:00,SENSEX,CE,74000.0,SENSEX26SEP74000CE,0.05,0.05,0.05,0.05,0,15
2026-09-24 22:18:00,SENSEX,PE,74000.0,SENSEX26SEP74000PE,420.9,420.9,420.9,420.9,0,15
2026-09-24 22:18:00,SENSEX,CE,74100.0,SENSEX26SEP74100CE,0.05,0.05,0.05,0.05,0,15
2026-09-24 22:18:00,SENSEX,PE,74100.0,SENSEX26SEP74100PE,518.9,518.9,518.9,518.9,0,15
2026-09-24 22:18:00,SENSEX,CE,74200.0,SENSEX26SEP74200CE,0.05,0.05,0.05,0.05,0,15
2026-09-24 22:18:00,SENSEX,PE,74200.0,SENSEX26SEP74200PE,621.0,621.0,621.0,621.0,0,15
2026-09-24 22:19:00,SENSEX,FUT,0.0,SENSEX26SEPFUT,73576.6,73576.6,73576.6,73576.6,0,16
2026-09-24 22:19:00,SENSEX,SPOT,0.0,SENSEX,73580.54,73580.54,73580.54,73580.54,0,16
2026-09-24 22:19:00,SENSEX,CE,73000.0,SENSEX26SEP73000CE,578.95,578.95,578.95,578.95,0,16
2026-09-24 22:19:00,SENSEX,PE,73000.0,SENSEX26SEP73000PE,0.05,0.05,0.05,0.05,0,16
2026-09-24 22:19:00,SENSEX,CE,73100.0,SENSEX26SEP73100CE,479.55,479.55,479.55,479.55,0,16
2026-09-24 22:19:00,SENSEX,PE,73100.0,SENSEX26SEP73100PE,0.05,0.05,0.05,0.05,0,16
2026-09-24 22:19:00,SENSEX,CE,73200.0,SENSEX26SEP73200CE,379.5,379.5,379.5,379.5,0,16
2026-09-24 22:19:00,SENSEX,PE,73200.0,SENSEX26SEP73200PE,0.05,0.05,0.05,0.05,0,16
2026-09-24 22:19:00,SENSEX,CE,73300.0,SENSEX26SEP73300CE,279.9,279.9,279.9,279.9,0,16
2026-09-24 22:19:00,SENSEX,PE,73300.0,SENSEX26SEP73300PE,0.05,0.05,0.05,0.05,0,16
2026-09-24 22:19:00,SENSEX,CE,73400.0,SENSEX26SEP73400CE,180.1,180.1,180.1,180.1,0,16
2026-09-24 22:19:00,SENSEX,PE,73400.0,SENSEX26SEP73400PE,0.05,0.05,0.05,0.05,0,16
2026-09-24 22:19:00,SENSEX,CE,73500.0,SENSEX26SEP73500CE,80.35,80.35,80.35,80.35,0,16
2026-09-24 22:19:00,SENSEX,PE,73500.0,SENSEX26SEP73500PE,0.05,0.05,0.05,0.05,0,16
2026-09-24 22:19:00,SENSEX,CE,73600.0,SENSEX26SEP73600CE,0.05,0.05,0.05,0.05,0,16
2026-09-24 22:19:00,SENSEX,PE,73600.0,SENSEX26SEP73600PE,19.35,19.35,19.35,19.35,0,16
2026-09-24 22:19:00,SENSEX,CE,73700.0,SENSEX26SEP73700CE,0.05,0.05,0.05,0.05,0,16
2026-09-24 22:19:00,SENSEX,PE,73700.0,SENSEX26SEP73700PE,119.2,119.2,119.2,119.2,0,16
2026-09-24 22:19:00,SENSEX,CE,73800.0,SENSEX26SEP73800CE,0.05,0.05,0.05,0.05,0,16
2026-09-24 22:19:00,SENSEX,PE,73800.0,SENSEX26SEP73800PE,219.05,219.05,219.05,219.05,0,16
2026-09-24 22:19:00,SENSEX,CE,73900.0,SENSEX26SEP73900CE,0.05,0.05,0.05,0.05,0,16
2026-09-24 22:19:00,SENSEX,PE,73900.0,SENSEX26SEP73900PE,320.0,320.0,320.0,320.0,0,16
2026-09-24 22:19:00,SENSEX,CE,74000.0,SENSEX26SEP74000CE,0.05,0.05,0.05,0.05,0,16
2026-09-24 22:19:00,SENSEX,PE,74000.0,SENSEX26SEP74000PE,420.9,420.9,420.9,420.9,0,16
2026-09-24 22:19:00,SENSEX,CE,74100.0,SENSEX26SEP74100CE,0.05,0.05,0.05,0.05,0,16
2026-09-24 22:19:00,SENSEX,PE,74100.0,SENSEX26SEP74100PE,518.9,518.9,518.9,518.9,0,16
2026-09-24 22:19:00,SENSEX,CE,74200.0,SENSEX26SEP74200CE,0.05,0.05,0.05,0.05,0,16
2026-09-24 22:19:00,SENSEX,PE,74200.0,SENSEX26SEP74200PE,621.0,621.0,621.0,621.0,0,16
2026-09-24 22:20:00,SENSEX,FUT,0.0,SENSEX26SEPFUT,73576.6,73576.6,73576.6,73576.6,0,16
2026-09-24 22:20:00,SENSEX,SPOT,0.0,SENSEX,73580.54,73580.54,73580.54,73580.54,0,16
2026-09-24 22:20:00,SENSEX,CE,73000.0,SENSEX26SEP73000CE,578.95,578.95,578.95,578.95,0,16
2026-09-24 22:20:00,SENSEX,PE,73000.0,SENSEX26SEP73000PE,0.05,0.05,0.05,0.05,0,16
2026-09-24 22:20:00,SENSEX,CE,73100.0,SENSEX26SEP73100CE,479.55,479.55,479.55,479.55,0,16
2026-09-24 22:20:00,SENSEX,PE,73100.0,SENSEX26SEP73100PE,0.05,0.05,0.05,0.05,0,16
2026-09-24 22:20:00,SENSEX,CE,73200.0,SENSEX26SEP73200CE,379.5,379.5,379.5,379.5,0,16
2026-09-24 22:20:00,SENSEX,PE,73200.0,SENSEX26SEP73200PE,0.05,0.05,0.05,0.05,0,16
2026-09-24 22:20:00,SENSEX,CE,73300.0,SENSEX26SEP73300CE,279.9,279.9,279.9,279.9,0,16
2026-09-24 22:20:00,SENSEX,PE,73300.0,SENSEX26SEP73300PE,0.05,0.05,0.05,0.05,0,16
2026-09-24 22:20:00,SENSEX,CE,73400.0,SENSEX26SEP73400CE,180.1,180.1,180.1,180.1,0,16
2026-09-24 22:20:00,SENSEX,PE,73400.0,SENSEX26SEP73400PE,0.05,0.05,0.05,0.05,0,16
2026-09-24 22:20:00,SENSEX,CE,73500.0,SENSEX26SEP73500CE,80.35,80.35,80.35,80.35,0,16
2026-09-24 22:20:00,SENSEX,PE,73500.0,SENSEX26SEP73500PE,0.05,0.05,0.05,0.05,0,16
2026-09-24 22:20:00,SENSEX,CE,73600.0,SENSEX26SEP73600CE,0.05,0.05,0.05,0.05,0,16
2026-09-24 22:20:00,SENSEX,PE,73600.0,SENSEX26SEP73600PE,19.35,19.35,19.35,19.35,0,16
2026-09-24 22:20:00,SENSEX,CE,73700.0,SENSEX26SEP73700CE,0.05,0.05,0.05,0.05,0,16
2026-09-24 22:20:00,SENSEX,PE,73700.0,SENSEX26SEP73700PE,119.2,119.2,119.2,119.2,0,16
2026-09-24 22:20:00,SENSEX,CE,73800.0,SENSEX26SEP73800CE,0.05,0.05,0.05,0.05,0,16
2026-09-24 22:20:00,SENSEX,PE,73800.0,SENSEX26SEP73800PE,219.05,219.05,219.05,219.05,0,16
2026-09-24 22:20:00,SENSEX,CE,73900.0,SENSEX26SEP73900CE,0.05,0.05,0.05,0.05,0,16
2026-09-24 22:20:00,SENSEX,PE,73900.0,SENSEX26SEP73900PE,320.0,320.0,320.0,320.0,0,16
2026-09-24 22:20:00,SENSEX,CE,74000.0,SENSEX26SEP74000CE,0.05,0.05,0.05,0.05,0,16
2026-09-24 22:20:00,SENSEX,PE,74000.0,SENSEX26SEP74000PE,420.9,420.9,420.9,420.9,0,16
2026-09-24 22:20:00,SENSEX,CE,74100.0,SENSEX26SEP74100CE,0.05,0.05,0.05,0.05,0,16
2026-09-24 22:20:00,SENSEX,PE,74100.0,SENSEX26SEP74100PE,518.9,518.9,518.9,518.9,0,16
2026-09-24 22:20:00,SENSEX,CE,74200.0,SENSEX26SEP74200CE,0.05,0.05,0.05,0.05,0,16
2026-09-24 22:20:00,SENSEX,PE,74200.0,SENSEX26SEP74200PE,621.0,621.0,621.0,621.0,0,16
2026-09-24 22:21:00,SENSEX,FUT,0.0,SENSEX26SEPFUT,73576.6,73576.6,73576.6,73576.6,0,16
2026-09-24 22:21:00,SENSEX,SPOT,0.0,SENSEX,73580.54,73580.54,73580.54,73580.54,0,16
2026-09-24 22:21:00,SENSEX,CE,73000.0,SENSEX26SEP73000CE,578.95,578.95,578.95,578.95,0,16
2026-09-24 22:21:00,SENSEX,PE,73000.0,SENSEX26SEP73000PE,0.05,0.05,0.05,0.05,0,16
2026-09-24 22:21:00,SENSEX,CE,73100.0,SENSEX26SEP73100CE,479.55,479.55,479.55,479.55,0,16
2026-09-24 22:21:00,SENSEX,PE,73100.0,SENSEX26SEP73100PE,0.05,0.05,0.05,0.05,0,16
2026-09-24 22:21:00,SENSEX,CE,73200.0,SENSEX26SEP73200CE,379.5,379.5,379.5,379.5,0,16
2026-09-24 22:21:00,SENSEX,PE,73200.0,SENSEX26SEP73200PE,0.05,0.05,0.05,0.05,0,16
2026-09-24 22:21:00,SENSEX,CE,73300.0,SENSEX26SEP73300CE,279.9,279.9,279.9,279.9,0,16
2026-09-24 22:21:00,SENSEX,PE,73300.0,SENSEX26SEP73300PE,0.05,0.05,0.05,0.05,0,16
2026-09-24 22:21:00,SENSEX,CE,73400.0,SENSEX26SEP73400CE,180.1,180.1,180.1,180.1,0,16
2026-09-24 22:21:00,SENSEX,PE,73400.0,SENSEX26SEP73400PE,0.05,0.05,0.05,0.05,0,16
2026-09-24 22:21:00,SENSEX,CE,73500.0,SENSEX26SEP73500CE,80.35,80.35,80.35,80.35,0,16
2026-09-24 22:21:00,SENSEX,PE,73500.0,SENSEX26SEP73500PE,0.05,0.05,0.05,0.05,0,16
2026-09-24 22:21:00,SENSEX,CE,73600.0,SENSEX26SEP73600CE,0.05,0.05,0.05,0.05,0,16
2026-09-24 22:21:00,SENSEX,PE,73600.0,SENSEX26SEP73600PE,19.35,19.35,19.35,19.35,0,16
2026-09-24 22:21:00,SENSEX,CE,73700.0,SENSEX26SEP73700CE,0.05,0.05,0.05,0.05,0,16
2026-09-24 22:21:00,SENSEX,PE,73700.0,SENSEX26SEP73700PE,119.2,119.2,119.2,119.2,0,16
2026-09-24 22:21:00,SENSEX,CE,73800.0,SENSEX26SEP73800CE,0.05,0.05,0.05,0.05,0,16
2026-09-24 22:21:00,SENSEX,PE,73800.0,SENSEX26SEP73800PE,219.05,219.05,219.05,219.05,0,16
2026-09-24 22:21:00,SENSEX,CE,73900.0,SENSEX26SEP73900CE,0.05,0.05,0.05,0.05,0,16
2026-09-24 22:21:00,SENSEX,PE,73900.0,SENSEX26SEP73900PE,320.0,320.0,320.0,320.0,0,16
2026-09-24 22:21:00,SENSEX,CE,74000.0,SENSEX26SEP74000CE,0.05,0.05,0.05,0.05,0,16
2026-09-24 22:21:00,SENSEX,PE,74000.0,SENSEX26SEP74000PE,420.9,420.9,420.9,420.9,0,16
2026-09-24 22:21:00,SENSEX,CE,74100.0,SENSEX26SEP74100CE,0.05,0.05,0.05,0.05,0,16
2026-09-24 22:21:00,SENSEX,PE,74100.0,SENSEX26SEP74100PE,518.9,518.9,518.9,518.9,0,16
2026-09-24 22:21:00,SENSEX,CE,74200.0,SENSEX26SEP74200CE,0.05,0.05,0.05,0.05,0,16
2026-09-24 22:21:00,SENSEX,PE,74200.0,SENSEX26SEP74200PE,621.0,621.0,621.0,621.0,0,16
2026-09-24 22:22:00,SENSEX,FUT,0.0,SENSEX26SEPFUT,73576.6,73576.6,73576.6,73576.6,0,16
2026-09-24 22:22:00,SENSEX,SPOT,0.0,SENSEX,73580.54,73580.54,73580.54,73580.54,0,16
2026-09-24 22:22:00,SENSEX,CE,73000.0,SENSEX26SEP73000CE,578.95,578.95,578.95,578.95,0,16
2026-09-24 22:22:00,SENSEX,PE,73000.0,SENSEX26SEP73000PE,0.05,0.05,0.05,0.05,0,16
2026-09-24 22:22:00,SENSEX,CE,73100.0,SENSEX26SEP73100CE,479.55,479.55,479.55,479.55,0,16
2026-09-24 22:22:00,SENSEX,PE,73100.0,SENSEX26SEP73100PE,0.05,0.05,0.05,0.05,0,16
2026-09-24 22:22:00,SENSEX,CE,73200.0,SENSEX26SEP73200CE,379.5,379.5,379.5,379.5,0,16
2026-09-24 22:22:00,SENSEX,PE,73200.0,SENSEX26SEP73200PE,0.05,0.05,0.05,0.05,0,16
2026-09-24 22:22:00,SENSEX,CE,73300.0,SENSEX26SEP73300CE,279.9,279.9,279.9,279.9,0,16
2026-09-24 22:22:00,SENSEX,PE,73300.0,SENSEX26SEP73300PE,0.05,0.05,0.05,0.05,0,16
2026-09-24 22:22:00,SENSEX,CE,73400.0,SENSEX26SEP73400CE,180.1,180.1,180.1,180.1,0,16
2026-09-24 22:22:00,SENSEX,PE,73400.0,SENSEX26SEP73400PE,0.05,0.05,0.05,0.05,0,16
2026-09-24 22:22:00,SENSEX,CE,73500.0,SENSEX26SEP73500CE,80.35,80.35,80.35,80.35,0,16
2026-09-24 22:22:00,SENSEX,PE,73500.0,SENSEX26SEP73500PE,0.05,0.05,0.05,0.05,0,16
2026-09-24 22:22:00,SENSEX,CE,73600.0,SENSEX26SEP73600CE,0.05,0.05,0.05,0.05,0,16
2026-09-24 22:22:00,SENSEX,PE,73600.0,SENSEX26SEP73600PE,19.35,19.35,19.35,19.35,0,16
2026-09-24 22:22:00,SENSEX,CE,73700.0,SENSEX26SEP73700CE,0.05,0.05,0.05,0.05,0,16
2026-09-24 22:22:00,SENSEX,PE,73700.0,SENSEX26SEP73700PE,119.2,119.2,119.2,119.2,0,16
2026-09-24 22:22:00,SENSEX,CE,73800.0,SENSEX26SEP73800CE,0.05,0.05,0.05,0.05,0,16
2026-09-24 22:22:00,SENSEX,PE,73800.0,SENSEX26SEP73800PE,219.05,219.05,219.05,219.05,0,16
2026-09-24 22:22:00,SENSEX,CE,73900.0,SENSEX26SEP73900CE,0.05,0.05,0.05,0.05,0,16
2026-09-24 22:22:00,SENSEX,PE,73900.0,SENSEX26SEP73900PE,320.0,320.0,320.0,320.0,0,16
2026-09-24 22:22:00,SENSEX,CE,74000.0,SENSEX26SEP74000CE,0.05,0.05,0.05,0.05,0,16
2026-09-24 22:22:00,SENSEX,PE,74000.0,SENSEX26SEP74000PE,420.9,420.9,420.9,420.9,0,16
2026-09-24 22:22:00,SENSEX,CE,74100.0,SENSEX26SEP74100CE,0.05,0.05,0.05,0.05,0,16
2026-09-24 22:22:00,SENSEX,PE,74100.0,SENSEX26SEP74100PE,518.9,518.9,518.9,518.9,0,16
2026-09-24 22:22:00,SENSEX,CE,74200.0,SENSEX26SEP74200CE,0.05,0.05,0.05,0.05,0,16
2026-09-24 22:22:00,SENSEX,PE,74200.0,SENSEX26SEP74200PE,621.0,621.0,621.0,621.0,0,16
2026-09-24 22:23:00,SENSEX,FUT,0.0,SENSEX26SEPFUT,73576.6,73576.6,73576.6,73576.6,0,14
2026-09-24 22:23:00,SENSEX,SPOT,0.0,SENSEX,73580.54,73580.54,73580.54,73580.54,0,14
2026-09-24 22:23:00,SENSEX,CE,73000.0,SENSEX26SEP73000CE,578.95,578.95,578.95,578.95,0,14
2026-09-24 22:23:00,SENSEX,PE,73000.0,SENSEX26SEP73000PE,0.05,0.05,0.05,0.05,0,14
2026-09-24 22:23:00,SENSEX,CE,73100.0,SENSEX26SEP73100CE,479.55,479.55,479.55,479.55,0,14
2026-09-24 22:23:00,SENSEX,PE,73100.0,SENSEX26SEP73100PE,0.05,0.05,0.05,0.05,0,14
2026-09-24 22:23:00,SENSEX,CE,73200.0,SENSEX26SEP73200CE,379.5,379.5,379.5,379.5,0,14
2026-09-24 22:23:00,SENSEX,PE,73200.0,SENSEX26SEP73200PE,0.05,0.05,0.05,0.05,0,14
2026-09-24 22:23:00,SENSEX,CE,73300.0,SENSEX26SEP73300CE,279.9,279.9,279.9,279.9,0,14
2026-09-24 22:23:00,SENSEX,PE,73300.0,SENSEX26SEP73300PE,0.05,0.05,0.05,0.05,0,14
2026-09-24 22:23:00,SENSEX,CE,73400.0,SENSEX26SEP73400CE,180.1,180.1,180.1,180.1,0,14
2026-09-24 22:23:00,SENSEX,PE,73400.0,SENSEX26SEP73400PE,0.05,0.05,0.05,0.05,0,14
2026-09-24 22:23:00,SENSEX,CE,73500.0,SENSEX26SEP73500CE,80.35,80.35,80.35,80.35,0,14
2026-09-24 22:23:00,SENSEX,PE,73500.0,SENSEX26SEP73500PE,0.05,0.05,0.05,0.05,0,14
2026-09-24 22:23:00,SENSEX,CE,73600.0,SENSEX26SEP73600CE,0.05,0.05,0.05,0.05,0,14
2026-09-24 22:23:00,SENSEX,PE,73600.0,SENSEX26SEP73600PE,19.35,19.35,19.35,19.35,0,14
2026-09-24 22:23:00,SENSEX,CE,73700.0,SENSEX26SEP73700CE,0.05,0.05,0.05,0.05,0,14
2026-09-24 22:23:00,SENSEX,PE,73700.0,SENSEX26SEP73700PE,119.2,119.2,119.2,119.2,0,14
2026-09-24 22:23:00,SENSEX,CE,73800.0,SENSEX26SEP73800CE,0.05,0.05,0.05,0.05,0,14
2026-09-24 22:23:00,SENSEX,PE,73800.0,SENSEX26SEP73800PE,219.05,219.05,219.05,219.05,0,14
2026-09-24 22:23:00,SENSEX,CE,73900.0,SENSEX26SEP73900CE,0.05,0.05,0.05,0.05,0,14
2026-09-24 22:23:00,SENSEX,PE,73900.0,SENSEX26SEP73900PE,320.0,320.0,320.0,320.0,0,14
2026-09-24 22:23:00,SENSEX,CE,74000.0,SENSEX26SEP74000CE,0.05,0.05,0.05,0.05,0,14
2026-09-24 22:23:00,SENSEX,PE,74000.0,SENSEX26SEP74000PE,420.9,420.9,420.9,420.9,0,14
2026-09-24 22:23:00,SENSEX,CE,74100.0,SENSEX26SEP74100CE,0.05,0.05,0.05,0.05,0,14
2026-09-24 22:23:00,SENSEX,PE,74100.0,SENSEX26SEP74100PE,518.9,518.9,518.9,518.9,0,14
2026-09-24 22:23:00,SENSEX,CE,74200.0,SENSEX26SEP74200CE,0.05,0.05,0.05,0.05,0,14
2026-09-24 22:23:00,SENSEX,PE,74200.0,SENSEX26SEP74200PE,621.0,621.0,621.0,621.0,0,14
2026-09-24 22:24:00,SENSEX,FUT,0.0,SENSEX26SEPFUT,73576.6,73576.6,73576.6,73576.6,0,16
2026-09-24 22:24:00,SENSEX,SPOT,0.0,SENSEX,73580.54,73580.54,73580.54,73580.54,0,16
2026-09-24 22:24:00,SENSEX,CE,73000.0,SENSEX26SEP73000CE,578.95,578.95,578.95,578.95,0,16
2026-09-24 22:24:00,SENSEX,PE,73000.0,SENSEX26SEP73000PE,0.05,0.05,0.05,0.05,0,16
2026-09-24 22:24:00,SENSEX,CE,73100.0,SENSEX26SEP73100CE,479.55,479.55,479.55,479.55,0,16
2026-09-24 22:24:00,SENSEX,PE,73100.0,SENSEX26SEP73100PE,0.05,0.05,0.05,0.05,0,16
2026-09-24 22:24:00,SENSEX,CE,73200.0,SENSEX26SEP73200CE,379.5,379.5,379.5,379.5,0,16
2026-09-24 22:24:00,SENSEX,PE,73200.0,SENSEX26SEP73200PE,0.05,0.05,0.05,0.05,0,16
2026-09-24 22:24:00,SENSEX,CE,73300.0,SENSEX26SEP73300CE,279.9,279.9,279.9,279.9,0,16
2026-09-24 22:24:00,SENSEX,PE,73300.0,SENSEX26SEP73300PE,0.05,0.05,0.05,0.05,0,16
2026-09-24 22:24:00,SENSEX,CE,73400.0,SENSEX26SEP73400CE,180.1,180.1,180.1,180.1,0,16
2026-09-24 22:24:00,SENSEX,PE,73400.0,SENSEX26SEP73400PE,0.05,0.05,0.05,0.05,0,16
2026-09-24 22:24:00,SENSEX,CE,73500.0,SENSEX26SEP73500CE,80.35,80.35,80.35,80.35,0,16
2026-09-24 22:24:00,SENSEX,PE,73500.0,SENSEX26SEP73500PE,0.05,0.05,0.05,0.05,0,16
2026-09-24 22:24:00,SENSEX,CE,73600.0,SENSEX26SEP73600CE,0.05,0.05,0.05,0.05,0,16
2026-09-24 22:24:00,SENSEX,PE,73600.0,SENSEX26SEP73600PE,19.35,19.35,19.35,19.35,0,16
2026-09-24 22:24:00,SENSEX,CE,73700.0,SENSEX26SEP73700CE,0.05,0.05,0.05,0.05,0,16
2026-09-24 22:24:00,SENSEX,PE,73700.0,SENSEX26SEP73700PE,119.2,119.2,119.2,119.2,0,16
2026-09-24 22:24:00,SENSEX,CE,73800.0,SENSEX26SEP73800CE,0.05,0.05,0.05,0.05,0,16
2026-09-24 22:24:00,SENSEX,PE,73800.0,SENSEX26SEP73800PE,219.05,219.05,219.05,219.05,0,16
2026-09-24 22:24:00,SENSEX,CE,73900.0,SENSEX26SEP73900CE,0.05,0.05,0.05,0.05,0,16
2026-09-24 22:24:00,SENSEX,PE,73900.0,SENSEX26SEP73900PE,320.0,320.0,320.0,320.0,0,16
2026-09-24 22:24:00,SENSEX,CE,74000.0,SENSEX26SEP74000CE,0.05,0.05,0.05,0.05,0,16
2026-09-24 22:24:00,SENSEX,PE,74000.0,SENSEX26SEP74000PE,420.9,420.9,420.9,420.9,0,16
2026-09-24 22:24:00,SENSEX,CE,74100.0,SENSEX26SEP74100CE,0.05,0.05,0.05,0.05,0,16
2026-09-24 22:24:00,SENSEX,PE,74100.0,SENSEX26SEP74100PE,518.9,518.9,518.9,518.9,0,16
2026-09-24 22:24:00,SENSEX,CE,74200.0,SENSEX26SEP74200CE,0.05,0.05,0.05,0.05,0,16
2026-09-24 22:24:00,SENSEX,PE,74200.0,SENSEX26SEP74200PE,621.0,621.0,621.0,621.0,0,16
2026-09-24 22:25:00,SENSEX,FUT,0.0,SENSEX26SEPFUT,73576.6,73576.6,73576.6,73576.6,0,16
2026-09-24 22:25:00,SENSEX,SPOT,0.0,SENSEX,73580.54,73580.54,73580.54,73580.54,0,16
2026-09-24 22:25:00,SENSEX,CE,73000.0,SENSEX26SEP73000CE,578.95,578.95,578.95,578.95,0,16
2026-09-24 22:25:00,SENSEX,PE,73000.0,SENSEX26SEP73000PE,0.05,0.05,0.05,0.05,0,16
2026-09-24 22:25:00,SENSEX,CE,73100.0,SENSEX26SEP73100CE,479.55,479.55,479.55,479.55,0,16
2026-09-24 22:25:00,SENSEX,PE,73100.0,SENSEX26SEP73100PE,0.05,0.05,0.05,0.05,0,16
2026-09-24 22:25:00,SENSEX,CE,73200.0,SENSEX26SEP73200CE,379.5,379.5,379.5,379.5,0,16
2026-09-24 22:25:00,SENSEX,PE,73200.0,SENSEX26SEP73200PE,0.05,0.05,0.05,0.05,0,16
2026-09-24 22:25:00,SENSEX,CE,73300.0,SENSEX26SEP73300CE,279.9,279.9,279.9,279.9,0,16
2026-09-24 22:25:00,SENSEX,PE,73300.0,SENSEX26SEP73300PE,0.05,0.05,0.05,0.05,0,16
2026-09-24 22:25:00,SENSEX,CE,73400.0,SENSEX26SEP73400CE,180.1,180.1,180.1,180.1,0,16
2026-09-24 22:25:00,SENSEX,PE,73400.0,SENSEX26SEP73400PE,0.05,0.05,0.05,0.05,0,16
2026-09-24 22:25:00,SENSEX,CE,73500.0,SENSEX26SEP73500CE,80.35,80.35,80.35,80.35,0,16
2026-09-24 22:25:00,SENSEX,PE,73500.0,SENSEX26SEP73500PE,0.05,0.05,0.05,0.05,0,16
2026-09-24 22:25:00,SENSEX,CE,73600.0,SENSEX26SEP73600CE,0.05,0.05,0.05,0.05,0,16
2026-09-24 22:25:00,SENSEX,PE,73600.0,SENSEX26SEP73600PE,19.35,19.35,19.35,19.35,0,16
2026-09-24 22:25:00,SENSEX,CE,73700.0,SENSEX26SEP73700CE,0.05,0.05,0.05,0.05,0,16
2026-09-24 22:25:00,SENSEX,PE,73700.0,SENSEX26SEP73700PE,119.2,119.2,119.2,119.2,0,16
2026-09-24 22:25:00,SENSEX,CE,73800.0,SENSEX26SEP73800CE,0.05,0.05,0.05,0.05,0,16
2026-09-24 22:25:00,SENSEX,PE,73800.0,SENSEX26SEP73800PE,219.05,219.05,219.05,219.05,0,16
2026-09-24 22:25:00,SENSEX,CE,73900.0,SENSEX26SEP73900CE,0.05,0.05,0.05,0.05,0,16
2026-09-24 22:25:00,SENSEX,PE,73900.0,SENSEX26SEP73900PE,320.0,320.0,320.0,320.0,0,16
2026-09-24 22:25:00,SENSEX,CE,74000.0,SENSEX26SEP74000CE,0.05,0.05,0.05,0.05,0,16
2026-09-24 22:25:00,SENSEX,PE,74000.0,SENSEX26SEP74000PE,420.9,420.9,420.9,420.9,0,16
2026-09-24 22:25:00,SENSEX,CE,74100.0,SENSEX26SEP74100CE,0.05,0.05,0.05,0.05,0,16
2026-09-24 22:25:00,SENSEX,PE,74100.0,SENSEX26SEP74100PE,518.9,518.9,518.9,518.9,0,16
2026-09-24 22:25:00,SENSEX,CE,74200.0,SENSEX26SEP74200CE,0.05,0.05,0.05,0.05,0,16
2026-09-24 22:25:00,SENSEX,PE,74200.0,SENSEX26SEP74200PE,621.0,621.0,621.0,621.0,0,16
2026-09-24 22:26:00,SENSEX,FUT,0.0,SENSEX26SEPFUT,73576.6,73576.6,73576.6,73576.6,0,15
2026-09-24 22:26:00,SENSEX,SPOT,0.0,SENSEX,73580.54,73580.54,73580.54,73580.54,0,15
2026-09-24 22:26:00,SENSEX,CE,73000.0,SENSEX26SEP73000CE,578.95,578.95,578.95,578.95,0,15
2026-09-24 22:26:00,SENSEX,PE,73000.0,SENSEX26SEP73000PE,0.05,0.05,0.05,0.05,0,15
2026-09-24 22:26:00,SENSEX,CE,73100.0,SENSEX26SEP73100CE,479.55,479.55,479.55,479.55,0,15
2026-09-24 22:26:00,SENSEX,PE,73100.0,SENSEX26SEP73100PE,0.05,0.05,0.05,0.05,0,15
2026-09-24 22:26:00,SENSEX,CE,73200.0,SENSEX26SEP73200CE,379.5,379.5,379.5,379.5,0,15
2026-09-24 22:26:00,SENSEX,PE,73200.0,SENSEX26SEP73200PE,0.05,0.05,0.05,0.05,0,15
2026-09-24 22:26:00,SENSEX,CE,73300.0,SENSEX26SEP73300CE,279.9,279.9,279.9,279.9,0,15
2026-09-24 22:26:00,SENSEX,PE,73300.0,SENSEX26SEP73300PE,0.05,0.05,0.05,0.05,0,15
2026-09-24 22:26:00,SENSEX,CE,73400.0,SENSEX26SEP73400CE,180.1,180.1,180.1,180.1,0,15
2026-09-24 22:26:00,SENSEX,PE,73400.0,SENSEX26SEP73400PE,0.05,0.05,0.05,0.05,0,15
2026-09-24 22:26:00,SENSEX,CE,73500.0,SENSEX26SEP73500CE,80.35,80.35,80.35,80.35,0,15
2026-09-24 22:26:00,SENSEX,PE,73500.0,SENSEX26SEP73500PE,0.05,0.05,0.05,0.05,0,15
2026-09-24 22:26:00,SENSEX,CE,73600.0,SENSEX26SEP73600CE,0.05,0.05,0.05,0.05,0,15
2026-09-24 22:26:00,SENSEX,PE,73600.0,SENSEX26SEP73600PE,19.35,19.35,19.35,19.35,0,15
2026-09-24 22:26:00,SENSEX,CE,73700.0,SENSEX26SEP73700CE,0.05,0.05,0.05,0.05,0,15
2026-09-24 22:26:00,SENSEX,PE,73700.0,SENSEX26SEP73700PE,119.2,119.2,119.2,119.2,0,15
2026-09-24 22:26:00,SENSEX,CE,73800.0,SENSEX26SEP73800CE,0.05,0.05,0.05,0.05,0,15
2026-09-24 22:26:00,SENSEX,PE,73800.0,SENSEX26SEP73800PE,219.05,219.05,219.05,219.05,0,15
2026-09-24 22:26:00,SENSEX,CE,73900.0,SENSEX26SEP73900CE,0.05,0.05,0.05,0.05,0,15
2026-09-24 22:26:00,SENSEX,PE,73900.0,SENSEX26SEP73900PE,320.0,320.0,320.0,320.0,0,15
2026-09-24 22:26:00,SENSEX,CE,74000.0,SENSEX26SEP74000CE,0.05,0.05,0.05,0.05,0,15
2026-09-24 22:26:00,SENSEX,PE,74000.0,SENSEX26SEP74000PE,420.9,420.9,420.9,420.9,0,15
2026-09-24 22:26:00,SENSEX,CE,74100.0,SENSEX26SEP74100CE,0.05,0.05,0.05,0.05,0,15
2026-09-24 22:26:00,SENSEX,PE,74100.0,SENSEX26SEP74100PE,518.9,518.9,518.9,518.9,0,15
2026-09-24 22:26:00,SENSEX,CE,74200.0,SENSEX26SEP74200CE,0.05,0.05,0.05,0.05,0,15
2026-09-24 22:26:00,SENSEX,PE,74200.0,SENSEX26SEP74200PE,621.0,621.0,621.0,621.0,0,15
2026-09-24 22:27:00,SENSEX,FUT,0.0,SENSEX26SEPFUT,73576.6,73576.6,73576.6,73576.6,0,16
2026-09-24 22:27:00,SENSEX,SPOT,0.0,SENSEX,73580.54,73580.54,73580.54,73580.54,0,16
2026-09-24 22:27:00,SENSEX,CE,73000.0,SENSEX26SEP73000CE,578.95,578.95,578.95,578.95,0,16
2026-09-24 22:27:00,SENSEX,PE,73000.0,SENSEX26SEP73000PE,0.05,0.05,0.05,0.05,0,16
2026-09-24 22:27:00,SENSEX,CE,73100.0,SENSEX26SEP73100CE,479.55,479.55,479.55,479.55,0,16
2026-09-24 22:27:00,SENSEX,PE,73100.0,SENSEX26SEP73100PE,0.05,0.05,0.05,0.05,0,16
2026-09-24 22:27:00,SENSEX,CE,73200.0,SENSEX26SEP73200CE,379.5,379.5,379.5,379.5,0,16
2026-09-24 22:27:00,SENSEX,PE,73200.0,SENSEX26SEP73200PE,0.05,0.05,0.05,0.05,0,16
2026-09-24 22:27:00,SENSEX,CE,73300.0,SENSEX26SEP73300CE,279.9,279.9,279.9,279.9,0,16
2026-09-24 22:27:00,SENSEX,PE,73300.0,SENSEX26SEP73300PE,0.05,0.05,0.05,0.05,0,16
2026-09-24 22:27:00,SENSEX,CE,73400.0,SENSEX26SEP73400CE,180.1,180.1,180.1,180.1,0,16
2026-09-24 22:27:00,SENSEX,PE,73400.0,SENSEX26SEP73400PE,0.05,0.05,0.05,0.05,0,16
2026-09-24 22:27:00,SENSEX,CE,73500.0,SENSEX26SEP73500CE,80.35,80.35,80.35,80.35,0,16
2026-09-24 22:27:00,SENSEX,PE,73500.0,SENSEX26SEP73500PE,0.05,0.05,0.05,0.05,0,16
2026-09-24 22:27:00,SENSEX,CE,73600.0,SENSEX26SEP73600CE,0.05,0.05,0.05,0.05,0,16
2026-09-24 22:27:00,SENSEX,PE,73600.0,SENSEX26SEP73600PE,19.35,19.35,19.35,19.35,0,16
2026-09-24 22:27:00,SENSEX,CE,73700.0,SENSEX26SEP73700CE,0.05,0.05,0.05,0.05,0,16
2026-09-24 22:27:00,SENSEX,PE,73700.0,SENSEX26SEP73700PE,119.2,119.2,119.2,119.2,0,16
2026-09-24 22:27:00,SENSEX,CE,73800.0,SENSEX26SEP73800CE,0.05,0.05,0.05,0.05,0,16
2026-09-24 22:27:00,SENSEX,PE,73800.0,SENSEX26SEP73800PE,219.05,219.05,219.05,219.05,0,16
2026-09-24 22:27:00,SENSEX,CE,73900.0,SENSEX26SEP73900CE,0.05,0.05,0.05,0.05,0,16
2026-09-24 22:27:00,SENSEX,PE,73900.0,SENSEX26SEP73900PE,320.0,320.0,320.0,320.0,0,16
2026-09-24 22:27:00,SENSEX,CE,74000.0,SENSEX26SEP74000CE,0.05,0.05,0.05,0.05,0,16
2026-09-24 22:27:00,SENSEX,PE,74000.0,SENSEX26SEP74000PE,420.9,420.9,420.9,420.9,0,16
2026-09-24 22:27:00,SENSEX,CE,74100.0,SENSEX26SEP74100CE,0.05,0.05,0.05,0.05,0,16
2026-09-24 22:27:00,SENSEX,PE,74100.0,SENSEX26SEP74100PE,518.9,518.9,518.9,518.9,0,16
2026-09-24 22:27:00,SENSEX,CE,74200.0,SENSEX26SEP74200CE,0.05,0.05,0.05,0.05,0,16
2026-09-24 22:27:00,SENSEX,PE,74200.0,SENSEX26SEP74200PE,621.0,621.0,621.0,621.0,0,16
2026-09-24 22:28:00,SENSEX,FUT,0.0,SENSEX26SEPFUT,73576.6,73576.6,73576.6,73576.6,0,16
2026-09-24 22:28:00,SENSEX,SPOT,0.0,SENSEX,73580.54,73580.54,73580.54,73580.54,0,16
2026-09-24 22:28:00,SENSEX,CE,73000.0,SENSEX26SEP73000CE,578.95,578.95,578.95,578.95,0,16
2026-09-24 22:28:00,SENSEX,PE,73000.0,SENSEX26SEP73000PE,0.05,0.05,0.05,0.05,0,16
2026-09-24 22:28:00,SENSEX,CE,73100.0,SENSEX26SEP73100CE,479.55,479.55,479.55,479.55,0,16
2026-09-24 22:28:00,SENSEX,PE,73100.0,SENSEX26SEP73100PE,0.05,0.05,0.05,0.05,0,16
2026-09-24 22:28:00,SENSEX,CE,73200.0,SENSEX26SEP73200CE,379.5,379.5,379.5,379.5,0,16
2026-09-24 22:28:00,SENSEX,PE,73200.0,SENSEX26SEP73200PE,0.05,0.05,0.05,0.05,0,16
2026-09-24 22:28:00,SENSEX,CE,73300.0,SENSEX26SEP73300CE,279.9,279.9,279.9,279.9,0,16
2026-09-24 22:28:00,SENSEX,PE,73300.0,SENSEX26SEP73300PE,0.05,0.05,0.05,0.05,0,16
2026-09-24 22:28:00,SENSEX,CE,73400.0,SENSEX26SEP73400CE,180.1,180.1,180.1,180.1,0,16
2026-09-24 22:28:00,SENSEX,PE,73400.0,SENSEX26SEP73400PE,0.05,0.05,0.05,0.05,0,16
2026-09-24 22:28:00,SENSEX,CE,73500.0,SENSEX26SEP73500CE,80.35,80.35,80.35,80.35,0,16
2026-09-24 22:28:00,SENSEX,PE,73500.0,SENSEX26SEP73500PE,0.05,0.05,0.05,0.05,0,16
2026-09-24 22:28:00,SENSEX,CE,73600.0,SENSEX26SEP73600CE,0.05,0.05,0.05,0.05,0,16
2026-09-24 22:28:00,SENSEX,PE,73600.0,SENSEX26SEP73600PE,19.35,19.35,19.35,19.35,0,16
2026-09-24 22:28:00,SENSEX,CE,73700.0,SENSEX26SEP73700CE,0.05,0.05,0.05,0.05,0,16
2026-09-24 22:28:00,SENSEX,PE,73700.0,SENSEX26SEP73700PE,119.2,119.2,119.2,119.2,0,16
2026-09-24 22:28:00,SENSEX,CE,73800.0,SENSEX26SEP73800CE,0.05,0.05,0.05,0.05,0,16
2026-09-24 22:28:00,SENSEX,PE,73800.0,SENSEX26SEP73800PE,219.05,219.05,219.05,219.05,0,16
2026-09-24 22:28:00,SENSEX,CE,73900.0,SENSEX26SEP73900CE,0.05,0.05,0.05,0.05,0,16
2026-09-24 22:28:00,SENSEX,PE,73900.0,SENSEX26SEP73900PE,320.0,320.0,320.0,320.0,0,16
2026-09-24 22:28:00,SENSEX,CE,74000.0,SENSEX26SEP74000CE,0.05,0.05,0.05,0.05,0,16
2026-09-24 22:28:00,SENSEX,PE,74000.0,SENSEX26SEP74000PE,420.9,420.9,420.9,420.9,0,16
2026-09-24 22:28:00,SENSEX,CE,74100.0,SENSEX26SEP74100CE,0.05,0.05,0.05,0.05,0,16
2026-09-24 22:28:00,SENSEX,PE,74100.0,SENSEX26SEP74100PE,518.9,518.9,518.9,518.9,0,16
2026-09-24 22:28:00,SENSEX,CE,74200.0,SENSEX26SEP74200CE,0.05,0.05,0.05,0.05,0,16
2026-09-24 22:28:00,SENSEX,PE,74200.0,SENSEX26SEP74200PE,621.0,621.0,621.0,621.0,0,16
2026-09-24 22:29:00,SENSEX,FUT,0.0,SENSEX26SEPFUT,73576.6,73576.6,73576.6,73576.6,0,15
2026-09-24 22:29:00,SENSEX,SPOT,0.0,SENSEX,73580.54,73580.54,73580.54,73580.54,0,15
2026-09-24 22:29:00,SENSEX,CE,73000.0,SENSEX26SEP73000CE,578.95,578.95,578.95,578.95,0,15
2026-09-24 22:29:00,SENSEX,PE,73000.0,SENSEX26SEP73000PE,0.05,0.05,0.05,0.05,0,15
2026-09-24 22:29:00,SENSEX,CE,73100.0,SENSEX26SEP73100CE,479.55,479.55,479.55,479.55,0,15
2026-09-24 22:29:00,SENSEX,PE,73100.0,SENSEX26SEP73100PE,0.05,0.05,0.05,0.05,0,15
2026-09-24 22:29:00,SENSEX,CE,73200.0,SENSEX26SEP73200CE,379.5,379.5,379.5,379.5,0,15
2026-09-24 22:29:00,SENSEX,PE,73200.0,SENSEX26SEP73200PE,0.05,0.05,0.05,0.05,0,15
2026-09-24 22:29:00,SENSEX,CE,73300.0,SENSEX26SEP73300CE,279.9,279.9,279.9,279.9,0,15
2026-09-24 22:29:00,SENSEX,PE,73300.0,SENSEX26SEP73300PE,0.05,0.05,0.05,0.05,0,15
2026-09-24 22:29:00,SENSEX,CE,73400.0,SENSEX26SEP73400CE,180.1,180.1,180.1,180.1,0,15
2026-09-24 22:29:00,SENSEX,PE,73400.0,SENSEX26SEP73400PE,0.05,0.05,0.05,0.05,0,15
2026-09-24 22:29:00,SENSEX,CE,73500.0,SENSEX26SEP73500CE,80.35,80.35,80.35,80.35,0,15
2026-09-24 22:29:00,SENSEX,PE,73500.0,SENSEX26SEP73500PE,0.05,0.05,0.05,0.05,0,15
2026-09-24 22:29:00,SENSEX,CE,73600.0,SENSEX26SEP73600CE,0.05,0.05,0.05,0.05,0,15
2026-09-24 22:29:00,SENSEX,PE,73600.0,SENSEX26SEP73600PE,19.35,19.35,19.35,19.35,0,15
2026-09-24 22:29:00,SENSEX,CE,73700.0,SENSEX26SEP73700CE,0.05,0.05,0.05,0.05,0,15
2026-09-24 22:29:00,SENSEX,PE,73700.0,SENSEX26SEP73700PE,119.2,119.2,119.2,119.2,0,15
2026-09-24 22:29:00,SENSEX,CE,73800.0,SENSEX26SEP73800CE,0.05,0.05,0.05,0.05,0,15
2026-09-24 22:29:00,SENSEX,PE,73800.0,SENSEX26SEP73800PE,219.05,219.05,219.05,219.05,0,15
2026-09-24 22:29:00,SENSEX,CE,73900.0,SENSEX26SEP73900CE,0.05,0.05,0.05,0.05,0,15
2026-09-24 22:29:00,SENSEX,PE,73900.0,SENSEX26SEP73900PE,320.0,320.0,320.0,320.0,0,15
2026-09-24 22:29:00,SENSEX,CE,74000.0,SENSEX26SEP74000CE,0.05,0.05,0.05,0.05,0,15
2026-09-24 22:29:00,SENSEX,PE,74000.0,SENSEX26SEP74000PE,420.9,420.9,420.9,420.9,0,15
2026-09-24 22:29:00,SENSEX,CE,74100.0,SENSEX26SEP74100CE,0.05,0.05,0.05,0.05,0,15
2026-09-24 22:29:00,SENSEX,PE,74100.0,SENSEX26SEP74100PE,518.9,518.9,518.9,518.9,0,15
2026-09-24 22:29:00,SENSEX,CE,74200.0,SENSEX26SEP74200CE,0.05,0.05,0.05,0.05,0,15
2026-09-24 22:29:00,SENSEX,PE,74200.0,SENSEX26SEP74200PE,621.0,621.0,621.0,621.0,0,15
2026-09-24 22:30:00,SENSEX,FUT,0.0,SENSEX26SEPFUT,73576.6,73576.6,73576.6,73576.6,0,16
2026-09-24 22:30:00,SENSEX,SPOT,0.0,SENSEX,73580.54,73580.54,73580.54,73580.54,0,16
2026-09-24 22:30:00,SENSEX,CE,73000.0,SENSEX26SEP73000CE,578.95,578.95,578.95,578.95,0,16
2026-09-24 22:30:00,SENSEX,PE,73000.0,SENSEX26SEP73000PE,0.05,0.05,0.05,0.05,0,16
2026-09-24 22:30:00,SENSEX,CE,73100.0,SENSEX26SEP73100CE,479.55,479.55,479.55,479.55,0,16
2026-09-24 22:30:00,SENSEX,PE,73100.0,SENSEX26SEP73100PE,0.05,0.05,0.05,0.05,0,16
2026-09-24 22:30:00,SENSEX,CE,73200.0,SENSEX26SEP73200CE,379.5,379.5,379.5,379.5,0,16
2026-09-24 22:30:00,SENSEX,PE,73200.0,SENSEX26SEP73200PE,0.05,0.05,0.05,0.05,0,16
2026-09-24 22:30:00,SENSEX,CE,73300.0,SENSEX26SEP73300CE,279.9,279.9,279.9,279.9,0,16
2026-09-24 22:30:00,SENSEX,PE,73300.0,SENSEX26SEP73300PE,0.05,0.05,0.05,0.05,0,16
2026-09-24 22:30:00,SENSEX,CE,73400.0,SENSEX26SEP73400CE,180.1,180.1,180.1,180.1,0,16
2026-09-24 22:30:00,SENSEX,PE,73400.0,SENSEX26SEP73400PE,0.05,0.05,0.05,0.05,0,16
2026-09-24 22:30:00,SENSEX,CE,73500.0,SENSEX26SEP73500CE,80.35,80.35,80.35,80.35,0,16
2026-09-24 22:30:00,SENSEX,PE,73500.0,SENSEX26SEP73500PE,0.05,0.05,0.05,0.05,0,16
2026-09-24 22:30:00,SENSEX,CE,73600.0,SENSEX26SEP73600CE,0.05,0.05,0.05,0.05,0,16
2026-09-24 22:30:00,SENSEX,PE,73600.0,SENSEX26SEP73600PE,19.35,19.35,19.35,19.35,0,16
2026-09-24 22:30:00,SENSEX,CE,73700.0,SENSEX26SEP73700CE,0.05,0.05,0.05,0.05,0,16
2026-09-24 22:30:00,SENSEX,PE,73700.0,SENSEX26SEP73700PE,119.2,119.2,119.2,119.2,0,16
2026-09-24 22:30:00,SENSEX,CE,73800.0,SENSEX26SEP73800CE,0.05,0.05,0.05,0.05,0,16
2026-09-24 22:30:00,SENSEX,PE,73800.0,SENSEX26SEP73800PE,219.05,219.05,219.05,219.05,0,16
2026-09-24 22:30:00,SENSEX,CE,73900.0,SENSEX26SEP73900CE,0.05,0.05,0.05,0.05,0,16
2026-09-24 22:30:00,SENSEX,PE,73900.0,SENSEX26SEP73900PE,320.0,320.0,320.0,320.0,0,16
2026-09-24 22:30:00,SENSEX,CE,74000.0,SENSEX26SEP74000CE,0.05,0.05,0.05,0.05,0,16
2026-09-24 22:30:00,SENSEX,PE,74000.0,SENSEX26SEP74000PE,420.9,420.9,420.9,420.9,0,16
2026-09-24 22:30:00,SENSEX,CE,74100.0,SENSEX26SEP74100CE,0.05,0.05,0.05,0.05,0,16
2026-09-24 22:30:00,SENSEX,PE,74100.0,SENSEX26SEP74100PE,518.9,518.9,518.9,518.9,0,16
2026-09-24 22:30:00,SENSEX,CE,74200.0,SENSEX26SEP74200CE,0.05,0.05,0.05,0.05,0,16
2026-09-24 22:30:00,SENSEX,PE,74200.0,SENSEX26SEP74200PE,621.0,621.0,621.0,621.0,0,16
2026-09-24 22:31:00,SENSEX,FUT,0.0,SENSEX26SEPFUT,73576.6,73576.6,73576.6,73576.6,0,6
2026-09-24 22:31:00,SENSEX,SPOT,0.0,SENSEX,73580.54,73580.54,73580.54,73580.54,0,6
2026-09-24 22:31:00,SENSEX,CE,73000.0,SENSEX26SEP73000CE,578.95,578.95,578.95,578.95,0,6
2026-09-24 22:31:00,SENSEX,PE,73000.0,SENSEX26SEP73000PE,0.05,0.05,0.05,0.05,0,6
2026-09-24 22:31:00,SENSEX,CE,73100.0,SENSEX26SEP73100CE,479.55,479.55,479.55,479.55,0,6
2026-09-24 22:31:00,SENSEX,PE,73100.0,SENSEX26SEP73100PE,0.05,0.05,0.05,0.05,0,6
2026-09-24 22:31:00,SENSEX,CE,73200.0,SENSEX26SEP73200CE,379.5,379.5,379.5,379.5,0,6
2026-09-24 22:31:00,SENSEX,PE,73200.0,SENSEX26SEP73200PE,0.05,0.05,0.05,0.05,0,6
2026-09-24 22:31:00,SENSEX,CE,73300.0,SENSEX26SEP73300CE,279.9,279.9,279.9,279.9,0,6
2026-09-24 22:31:00,SENSEX,PE,73300.0,SENSEX26SEP73300PE,0.05,0.05,0.05,0.05,0,6
2026-09-24 22:31:00,SENSEX,CE,73400.0,SENSEX26SEP73400CE,180.1,180.1,180.1,180.1,0,6
2026-09-24 22:31:00,SENSEX,PE,73400.0,SENSEX26SEP73400PE,0.05,0.05,0.05,0.05,0,6
2026-09-24 22:31:00,SENSEX,CE,73500.0,SENSEX26SEP73500CE,80.35,80.35,80.35,80.35,0,6
2026-09-24 22:31:00,SENSEX,PE,73500.0,SENSEX26SEP73500PE,0.05,0.05,0.05,0.05,0,6
2026-09-24 22:31:00,SENSEX,CE,73600.0,SENSEX26SEP73600CE,0.05,0.05,0.05,0.05,0,6
2026-09-24 22:31:00,SENSEX,PE,73600.0,SENSEX26SEP73600PE,19.35,19.35,19.35,19.35,0,6
2026-09-24 22:31:00,SENSEX,CE,73700.0,SENSEX26SEP73700CE,0.05,0.05,0.05,0.05,0,6
2026-09-24 22:31:00,SENSEX,PE,73700.0,SENSEX26SEP73700PE,119.2,119.2,119.2,119.2,0,6
2026-09-24 22:31:00,SENSEX,CE,73800.0,SENSEX26SEP73800CE,0.05,0.05,0.05,0.05,0,6
2026-09-24 22:31:00,SENSEX,PE,73800.0,SENSEX26SEP73800PE,219.05,219.05,219.05,219.05,0,6
2026-09-24 22:31:00,SENSEX,CE,73900.0,SENSEX26SEP73900CE,0.05,0.05,0.05,0.05,0,6
2026-09-24 22:31:00,SENSEX,PE,73900.0,SENSEX26SEP73900PE,320.0,320.0,320.0,320.0,0,6
2026-09-24 22:31:00,SENSEX,CE,74000.0,SENSEX26SEP74000CE,0.05,0.05,0.05,0.05,0,6
2026-09-24 22:31:00,SENSEX,PE,74000.0,SENSEX26SEP74000PE,420.9,420.9,420.9,420.9,0,6
2026-09-24 22:31:00,SENSEX,CE,74100.0,SENSEX26SEP74100CE,0.05,0.05,0.05,0.05,0,6
2026-09-24 22:31:00,SENSEX,PE,74100.0,SENSEX26SEP74100PE,518.9,518.9,518.9,518.9,0,6
2026-09-24 22:31:00,SENSEX,CE,74200.0,SENSEX26SEP74200CE,0.05,0.05,0.05,0.05,0,6
2026-09-24 22:31:00,SENSEX,PE,74200.0,SENSEX26SEP74200PE,621.0,621.0,621.0,621.0,0,6
2026-09-24 22:32:00,SENSEX,FUT,0.0,SENSEX26SEPFUT,73576.6,73576.6,73576.6,73576.6,0,9
2026-09-24 22:32:00,SENSEX,SPOT,0.0,SENSEX,73580.54,73580.54,73580.54,73580.54,0,9
2026-09-24 22:32:00,SENSEX,CE,73000.0,SENSEX26SEP73000CE,578.95,578.95,578.95,578.95,0,9
2026-09-24 22:32:00,SENSEX,PE,73000.0,SENSEX26SEP73000PE,0.05,0.05,0.05,0.05,0,9
2026-09-24 22:32:00,SENSEX,CE,73100.0,SENSEX26SEP73100CE,479.55,479.55,479.55,479.55,0,9
2026-09-24 22:32:00,SENSEX,PE,73100.0,SENSEX26SEP73100PE,0.05,0.05,0.05,0.05,0,9
2026-09-24 22:32:00,SENSEX,CE,73200.0,SENSEX26SEP73200CE,379.5,379.5,379.5,379.5,0,9
2026-09-24 22:32:00,SENSEX,PE,73200.0,SENSEX26SEP73200PE,0.05,0.05,0.05,0.05,0,9
2026-09-24 22:32:00,SENSEX,CE,73300.0,SENSEX26SEP73300CE,279.9,279.9,279.9,279.9,0,9
2026-09-24 22:32:00,SENSEX,PE,73300.0,SENSEX26SEP73300PE,0.05,0.05,0.05,0.05,0,9
2026-09-24 22:32:00,SENSEX,CE,73400.0,SENSEX26SEP73400CE,180.1,180.1,180.1,180.1,0,9
2026-09-24 22:32:00,SENSEX,PE,73400.0,SENSEX26SEP73400PE,0.05,0.05,0.05,0.05,0,9
2026-09-24 22:32:00,SENSEX,CE,73500.0,SENSEX26SEP73500CE,80.35,80.35,80.35,80.35,0,9
2026-09-24 22:32:00,SENSEX,PE,73500.0,SENSEX26SEP73500PE,0.05,0.05,0.05,0.05,0,9
2026-09-24 22:32:00,SENSEX,CE,73600.0,SENSEX26SEP73600CE,0.05,0.05,0.05,0.05,0,9
2026-09-24 22:32:00,SENSEX,PE,73600.0,SENSEX26SEP73600PE,19.35,19.35,19.35,19.35,0,9
2026-09-24 22:32:00,SENSEX,CE,73700.0,SENSEX26SEP73700CE,0.05,0.05,0.05,0.05,0,9
2026-09-24 22:32:00,SENSEX,PE,73700.0,SENSEX26SEP73700PE,119.2,119.2,119.2,119.2,0,9
2026-09-24 22:32:00,SENSEX,CE,73800.0,SENSEX26SEP73800CE,0.05,0.05,0.05,0.05,0,9
2026-09-24 22:32:00,SENSEX,PE,73800.0,SENSEX26SEP73800PE,219.05,219.05,219.05,219.05,0,9
2026-09-24 22:32:00,SENSEX,CE,73900.0,SENSEX26SEP73900CE,0.05,0.05,0.05,0.05,0,9
2026-09-24 22:32:00,SENSEX,PE,73900.0,SENSEX26SEP73900PE,320.0,320.0,320.0,320.0,0,9
2026-09-24 22:32:00,SENSEX,CE,74000.0,SENSEX26SEP74000CE,0.05,0.05,0.05,0.05,0,9
2026-09-24 22:32:00,SENSEX,PE,74000.0,SENSEX26SEP74000PE,420.9,420.9,420.9,420.9,0,9
2026-09-24 22:32:00,SENSEX,CE,74100.0,SENSEX26SEP74100CE,0.05,0.05,0.05,0.05,0,9
2026-09-24 22:32:00,SENSEX,PE,74100.0,SENSEX26SEP74100PE,518.9,518.9,518.9,518.9,0,9
2026-09-24 22:32:00,SENSEX,CE,74200.0,SENSEX26SEP74200CE,0.05,0.05,0.05,0.05,0,9
2026-09-24 22:32:00,SENSEX,PE,74200.0,SENSEX26SEP74200PE,621.0,621.0,621.0,621.0,0,9
2026-09-24 22:33:00,SENSEX,FUT,0.0,SENSEX26SEPFUT,73576.6,73576.6,73576.6,73576.6,0,16
2026-09-24 22:33:00,SENSEX,SPOT,0.0,SENSEX,73580.54,73580.54,73580.54,73580.54,0,16
2026-09-24 22:33:00,SENSEX,CE,73000.0,SENSEX26SEP73000CE,578.95,578.95,578.95,578.95,0,16
2026-09-24 22:33:00,SENSEX,PE,73000.0,SENSEX26SEP73000PE,0.05,0.05,0.05,0.05,0,16
2026-09-24 22:33:00,SENSEX,CE,73100.0,SENSEX26SEP73100CE,479.55,479.55,479.55,479.55,0,16
2026-09-24 22:33:00,SENSEX,PE,73100.0,SENSEX26SEP73100PE,0.05,0.05,0.05,0.05,0,16
2026-09-24 22:33:00,SENSEX,CE,73200.0,SENSEX26SEP73200CE,379.5,379.5,379.5,379.5,0,16
2026-09-24 22:33:00,SENSEX,PE,73200.0,SENSEX26SEP73200PE,0.05,0.05,0.05,0.05,0,16
2026-09-24 22:33:00,SENSEX,CE,73300.0,SENSEX26SEP73300CE,279.9,279.9,279.9,279.9,0,16
2026-09-24 22:33:00,SENSEX,PE,73300.0,SENSEX26SEP73300PE,0.05,0.05,0.05,0.05,0,16
2026-09-24 22:33:00,SENSEX,CE,73400.0,SENSEX26SEP73400CE,180.1,180.1,180.1,180.1,0,16
2026-09-24 22:33:00,SENSEX,PE,73400.0,SENSEX26SEP73400PE,0.05,0.05,0.05,0.05,0,16
2026-09-24 22:33:00,SENSEX,CE,73500.0,SENSEX26SEP73500CE,80.35,80.35,80.35,80.35,0,16
2026-09-24 22:33:00,SENSEX,PE,73500.0,SENSEX26SEP73500PE,0.05,0.05,0.05,0.05,0,16
2026-09-24 22:33:00,SENSEX,CE,73600.0,SENSEX26SEP73600CE,0.05,0.05,0.05,0.05,0,16
2026-09-24 22:33:00,SENSEX,PE,73600.0,SENSEX26SEP73600PE,19.35,19.35,19.35,19.35,0,16
2026-09-24 22:33:00,SENSEX,CE,73700.0,SENSEX26SEP73700CE,0.05,0.05,0.05,0.05,0,16
2026-09-24 22:33:00,SENSEX,PE,73700.0,SENSEX26SEP73700PE,119.2,119.2,119.2,119.2,0,16
2026-09-24 22:33:00,SENSEX,CE,73800.0,SENSEX26SEP73800CE,0.05,0.05,0.05,0.05,0,16
2026-09-24 22:33:00,SENSEX,PE,73800.0,SENSEX26SEP73800PE,219.05,219.05,219.05,219.05,0,16
2026-09-24 22:33:00,SENSEX,CE,73900.0,SENSEX26SEP73900CE,0.05,0.05,0.05,0.05,0,16
2026-09-24 22:33:00,SENSEX,PE,73900.0,SENSEX26SEP73900PE,320.0,320.0,320.0,320.0,0,16
2026-09-24 22:33:00,SENSEX,CE,74000.0,SENSEX26SEP74000CE,0.05,0.05,0.05,0.05,0,16
2026-09-24 22:33:00,SENSEX,PE,74000.0,SENSEX26SEP74000PE,420.9,420.9,420.9,420.9,0,16
2026-09-24 22:33:00,SENSEX,CE,74100.0,SENSEX26SEP74100CE,0.05,0.05,0.05,0.05,0,16
2026-09-24 22:33:00,SENSEX,PE,74100.0,SENSEX26SEP74100PE,518.9,518.9,518.9,518.9,0,16
2026-09-24 22:33:00,SENSEX,CE,74200.0,SENSEX26SEP74200CE,0.05,0.05,0.05,0.05,0,16
2026-09-24 22:33:00,SENSEX,PE,74200.0,SENSEX26SEP74200PE,621.0,621.0,621.0,621.0,0,16
2026-09-24 22:34:00,SENSEX,FUT,0.0,SENSEX26SEPFUT,73576.6,73576.6,73576.6,73576.6,0,6
2026-09-24 22:34:00,SENSEX,SPOT,0.0,SENSEX,73580.54,73580.54,73580.54,73580.54,0,6
2026-09-24 22:34:00,SENSEX,CE,73000.0,SENSEX26SEP73000CE,578.95,578.95,578.95,578.95,0,6
2026-09-24 22:34:00,SENSEX,PE,73000.0,SENSEX26SEP73000PE,0.05,0.05,0.05,0.05,0,6
2026-09-24 22:34:00,SENSEX,CE,73100.0,SENSEX26SEP73100CE,479.55,479.55,479.55,479.55,0,6
2026-09-24 22:34:00,SENSEX,PE,73100.0,SENSEX26SEP73100PE,0.05,0.05,0.05,0.05,0,6
2026-09-24 22:34:00,SENSEX,CE,73200.0,SENSEX26SEP73200CE,379.5,379.5,379.5,379.5,0,6
2026-09-24 22:34:00,SENSEX,PE,73200.0,SENSEX26SEP73200PE,0.05,0.05,0.05,0.05,0,6
2026-09-24 22:34:00,SENSEX,CE,73300.0,SENSEX26SEP73300CE,279.9,279.9,279.9,279.9,0,6
2026-09-24 22:34:00,SENSEX,PE,73300.0,SENSEX26SEP73300PE,0.05,0.05,0.05,0.05,0,6
2026-09-24 22:34:00,SENSEX,CE,73400.0,SENSEX26SEP73400CE,180.1,180.1,180.1,180.1,0,6
2026-09-24 22:34:00,SENSEX,PE,73400.0,SENSEX26SEP73400PE,0.05,0.05,0.05,0.05,0,6
2026-09-24 22:34:00,SENSEX,CE,73500.0,SENSEX26SEP73500CE,80.35,80.35,80.35,80.35,0,6
2026-09-24 22:34:00,SENSEX,PE,73500.0,SENSEX26SEP73500PE,0.05,0.05,0.05,0.05,0,6
2026-09-24 22:34:00,SENSEX,CE,73600.0,SENSEX26SEP73600CE,0.05,0.05,0.05,0.05,0,6
2026-09-24 22:34:00,SENSEX,PE,73600.0,SENSEX26SEP73600PE,19.35,19.35,19.35,19.35,0,6
2026-09-24 22:34:00,SENSEX,CE,73700.0,SENSEX26SEP73700CE,0.05,0.05,0.05,0.05,0,6
2026-09-24 22:34:00,SENSEX,PE,73700.0,SENSEX26SEP73700PE,119.2,119.2,119.2,119.2,0,6
2026-09-24 22:34:00,SENSEX,CE,73800.0,SENSEX26SEP73800CE,0.05,0.05,0.05,0.05,0,6
2026-09-24 22:34:00,SENSEX,PE,73800.0,SENSEX26SEP73800PE,219.05,219.05,219.05,219.05,0,6
2026-09-24 22:34:00,SENSEX,CE,73900.0,SENSEX26SEP73900CE,0.05,0.05,0.05,0.05,0,6
2026-09-24 22:34:00,SENSEX,PE,73900.0,SENSEX26SEP73900PE,320.0,320.0,320.0,320.0,0,6
2026-09-24 22:34:00,SENSEX,CE,74000.0,SENSEX26SEP74000CE,0.05,0.05,0.05,0.05,0,6
2026-09-24 22:34:00,SENSEX,PE,74000.0,SENSEX26SEP74000PE,420.9,420.9,420.9,420.9,0,6
2026-09-24 22:34:00,SENSEX,CE,74100.0,SENSEX26SEP74100CE,0.05,0.05,0.05,0.05,0,6
2026-09-24 22:34:00,SENSEX,PE,74100.0,SENSEX26SEP74100PE,518.9,518.9,518.9,518.9,0,6
2026-09-24 22:34:00,SENSEX,CE,74200.0,SENSEX26SEP74200CE,0.05,0.05,0.05,0.05,0,6
2026-09-24 22:34:00,SENSEX,PE,74200.0,SENSEX26SEP74200PE,621.0,621.0,621.0,621.0,0,6
2026-09-24 22:35:00,SENSEX,FUT,0.0,SENSEX26SEPFUT,73576.6,73576.6,73576.6,73576.6,0,9
2026-09-24 22:35:00,SENSEX,SPOT,0.0,SENSEX,73580.54,73580.54,73580.54,73580.54,0,9
2026-09-24 22:35:00,SENSEX,CE,73000.0,SENSEX26SEP73000CE,578.95,578.95,578.95,578.95,0,9
2026-09-24 22:35:00,SENSEX,PE,73000.0,SENSEX26SEP73000PE,0.05,0.05,0.05,0.05,0,9
2026-09-24 22:35:00,SENSEX,CE,73100.0,SENSEX26SEP73100CE,479.55,479.55,479.55,479.55,0,9
2026-09-24 22:35:00,SENSEX,PE,73100.0,SENSEX26SEP73100PE,0.05,0.05,0.05,0.05,0,9
2026-09-24 22:35:00,SENSEX,CE,73200.0,SENSEX26SEP73200CE,379.5,379.5,379.5,379.5,0,9
2026-09-24 22:35:00,SENSEX,PE,73200.0,SENSEX26SEP73200PE,0.05,0.05,0.05,0.05,0,9
2026-09-24 22:35:00,SENSEX,CE,73300.0,SENSEX26SEP73300CE,279.9,279.9,279.9,279.9,0,9
2026-09-24 22:35:00,SENSEX,PE,73300.0,SENSEX26SEP73300PE,0.05,0.05,0.05,0.05,0,9
2026-09-24 22:35:00,SENSEX,CE,73400.0,SENSEX26SEP73400CE,180.1,180.1,180.1,180.1,0,9
2026-09-24 22:35:00,SENSEX,PE,73400.0,SENSEX26SEP73400PE,0.05,0.05,0.05,0.05,0,9
2026-09-24 22:35:00,SENSEX,CE,73500.0,SENSEX26SEP73500CE,80.35,80.35,80.35,80.35,0,9
2026-09-24 22:35:00,SENSEX,PE,73500.0,SENSEX26SEP73500PE,0.05,0.05,0.05,0.05,0,9
2026-09-24 22:35:00,SENSEX,CE,73600.0,SENSEX26SEP73600CE,0.05,0.05,0.05,0.05,0,9
2026-09-24 22:35:00,SENSEX,PE,73600.0,SENSEX26SEP73600PE,19.35,19.35,19.35,19.35,0,9
2026-09-24 22:35:00,SENSEX,CE,73700.0,SENSEX26SEP73700CE,0.05,0.05,0.05,0.05,0,9
2026-09-24 22:35:00,SENSEX,PE,73700.0,SENSEX26SEP73700PE,119.2,119.2,119.2,119.2,0,9
2026-09-24 22:35:00,SENSEX,CE,73800.0,SENSEX26SEP73800CE,0.05,0.05,0.05,0.05,0,9
2026-09-24 22:35:00,SENSEX,PE,73800.0,SENSEX26SEP73800PE,219.05,219.05,219.05,219.05,0,9
2026-09-24 22:35:00,SENSEX,CE,73900.0,SENSEX26SEP73900CE,0.05,0.05,0.05,0.05,0,9
2026-09-24 22:35:00,SENSEX,PE,73900.0,SENSEX26SEP73900PE,320.0,320.0,320.0,320.0,0,9
2026-09-24 22:35:00,SENSEX,CE,74000.0,SENSEX26SEP74000CE,0.05,0.05,0.05,0.05,0,9
2026-09-24 22:35:00,SENSEX,PE,74000.0,SENSEX26SEP74000PE,420.9,420.9,420.9,420.9,0,9
2026-09-24 22:35:00,SENSEX,CE,74100.0,SENSEX26SEP74100CE,0.05,0.05,0.05,0.05,0,9
2026-09-24 22:35:00,SENSEX,PE,74100.0,SENSEX26SEP74100PE,518.9,518.9,518.9,518.9,0,9
2026-09-24 22:35:00,SENSEX,CE,74200.0,SENSEX26SEP74200CE,0.05,0.05,0.05,0.05,0,9
2026-09-24 22:35:00,SENSEX,PE,74200.0,SENSEX26SEP74200PE,621.0,621.0,621.0,621.0,0,9
2026-09-24 22:36:00,SENSEX,FUT,0.0,SENSEX26SEPFUT,73576.6,73576.6,73576.6,73576.6,0,11
2026-09-24 22:36:00,SENSEX,SPOT,0.0,SENSEX,73580.54,73580.54,73580.54,73580.54,0,11
2026-09-24 22:36:00,SENSEX,CE,73000.0,SENSEX26SEP73000CE,578.95,578.95,578.95,578.95,0,11
2026-09-24 22:36:00,SENSEX,PE,73000.0,SENSEX26SEP73000PE,0.05,0.05,0.05,0.05,0,11
2026-09-24 22:36:00,SENSEX,CE,73100.0,SENSEX26SEP73100CE,479.55,479.55,479.55,479.55,0,11
2026-09-24 22:36:00,SENSEX,PE,73100.0,SENSEX26SEP73100PE,0.05,0.05,0.05,0.05,0,11
2026-09-24 22:36:00,SENSEX,CE,73200.0,SENSEX26SEP73200CE,379.5,379.5,379.5,379.5,0,11
2026-09-24 22:36:00,SENSEX,PE,73200.0,SENSEX26SEP73200PE,0.05,0.05,0.05,0.05,0,11
2026-09-24 22:36:00,SENSEX,CE,73300.0,SENSEX26SEP73300CE,279.9,279.9,279.9,279.9,0,11
2026-09-24 22:36:00,SENSEX,PE,73300.0,SENSEX26SEP73300PE,0.05,0.05,0.05,0.05,0,11
2026-09-24 22:36:00,SENSEX,CE,73400.0,SENSEX26SEP73400CE,180.1,180.1,180.1,180.1,0,11
2026-09-24 22:36:00,SENSEX,PE,73400.0,SENSEX26SEP73400PE,0.05,0.05,0.05,0.05,0,11
2026-09-24 22:36:00,SENSEX,CE,73500.0,SENSEX26SEP73500CE,80.35,80.35,80.35,80.35,0,11
2026-09-24 22:36:00,SENSEX,PE,73500.0,SENSEX26SEP73500PE,0.05,0.05,0.05,0.05,0,11
2026-09-24 22:36:00,SENSEX,CE,73600.0,SENSEX26SEP73600CE,0.05,0.05,0.05,0.05,0,11
2026-09-24 22:36:00,SENSEX,PE,73600.0,SENSEX26SEP73600PE,19.35,19.35,19.35,19.35,0,11
2026-09-24 22:36:00,SENSEX,CE,73700.0,SENSEX26SEP73700CE,0.05,0.05,0.05,0.05,0,11
2026-09-24 22:36:00,SENSEX,PE,73700.0,SENSEX26SEP73700PE,119.2,119.2,119.2,119.2,0,11
2026-09-24 22:36:00,SENSEX,CE,73800.0,SENSEX26SEP73800CE,0.05,0.05,0.05,0.05,0,11
2026-09-24 22:36:00,SENSEX,PE,73800.0,SENSEX26SEP73800PE,219.05,219.05,219.05,219.05,0,11
2026-09-24 22:36:00,SENSEX,CE,73900.0,SENSEX26SEP73900CE,0.05,0.05,0.05,0.05,0,11
2026-09-24 22:36:00,SENSEX,PE,73900.0,SENSEX26SEP73900PE,320.0,320.0,320.0,320.0,0,11
2026-09-24 22:36:00,SENSEX,CE,74000.0,SENSEX26SEP74000CE,0.05,0.05,0.05,0.05,0,11
2026-09-24 22:36:00,SENSEX,PE,74000.0,SENSEX26SEP74000PE,420.9,420.9,420.9,420.9,0,11
2026-09-24 22:36:00,SENSEX,CE,74100.0,SENSEX26SEP74100CE,0.05,0.05,0.05,0.05,0,11
2026-09-24 22:36:00,SENSEX,PE,74100.0,SENSEX26SEP74100PE,518.9,518.9,518.9,518.9,0,11
2026-09-24 22:36:00,SENSEX,CE,74200.0,SENSEX26SEP74200CE,0.05,0.05,0.05,0.05,0,11
2026-09-24 22:36:00,SENSEX,PE,74200.0,SENSEX26SEP74200PE,621.0,621.0,621.0,621.0,0,11
2026-09-24 22:37:00,SENSEX,FUT,0.0,SENSEX26SEPFUT,73576.6,73576.6,73576.6,73576.6,0,5
2026-09-24 22:37:00,SENSEX,SPOT,0.0,SENSEX,73580.54,73580.54,73580.54,73580.54,0,5
2026-09-24 22:37:00,SENSEX,CE,73000.0,SENSEX26SEP73000CE,578.95,578.95,578.95,578.95,0,5
2026-09-24 22:37:00,SENSEX,PE,73000.0,SENSEX26SEP73000PE,0.05,0.05,0.05,0.05,0,5
2026-09-24 22:37:00,SENSEX,CE,73100.0,SENSEX26SEP73100CE,479.55,479.55,479.55,479.55,0,5
2026-09-24 22:37:00,SENSEX,PE,73100.0,SENSEX26SEP73100PE,0.05,0.05,0.05,0.05,0,5
2026-09-24 22:37:00,SENSEX,CE,73200.0,SENSEX26SEP73200CE,379.5,379.5,379.5,379.5,0,5
2026-09-24 22:37:00,SENSEX,PE,73200.0,SENSEX26SEP73200PE,0.05,0.05,0.05,0.05,0,5
2026-09-24 22:37:00,SENSEX,CE,73300.0,SENSEX26SEP73300CE,279.9,279.9,279.9,279.9,0,5
2026-09-24 22:37:00,SENSEX,PE,73300.0,SENSEX26SEP73300PE,0.05,0.05,0.05,0.05,0,5
2026-09-24 22:37:00,SENSEX,CE,73400.0,SENSEX26SEP73400CE,180.1,180.1,180.1,180.1,0,5
2026-09-24 22:37:00,SENSEX,PE,73400.0,SENSEX26SEP73400PE,0.05,0.05,0.05,0.05,0,5
2026-09-24 22:37:00,SENSEX,CE,73500.0,SENSEX26SEP73500CE,80.35,80.35,80.35,80.35,0,5
2026-09-24 22:37:00,SENSEX,PE,73500.0,SENSEX26SEP73500PE,0.05,0.05,0.05,0.05,0,5
2026-09-24 22:37:00,SENSEX,CE,73600.0,SENSEX26SEP73600CE,0.05,0.05,0.05,0.05,0,5
2026-09-24 22:37:00,SENSEX,PE,73600.0,SENSEX26SEP73600PE,19.35,19.35,19.35,19.35,0,5
2026-09-24 22:37:00,SENSEX,CE,73700.0,SENSEX26SEP73700CE,0.05,0.05,0.05,0.05,0,5
2026-09-24 22:37:00,SENSEX,PE,73700.0,SENSEX26SEP73700PE,119.2,119.2,119.2,119.2,0,5
2026-09-24 22:37:00,SENSEX,CE,73800.0,SENSEX26SEP73800CE,0.05,0.05,0.05,0.05,0,5
2026-09-24 22:37:00,SENSEX,PE,73800.0,SENSEX26SEP73800PE,219.05,219.05,219.05,219.05,0,5
2026-09-24 22:37:00,SENSEX,CE,73900.0,SENSEX26SEP73900CE,0.05,0.05,0.05,0.05,0,5
2026-09-24 22:37:00,SENSEX,PE,73900.0,SENSEX26SEP73900PE,320.0,320.0,320.0,320.0,0,5
2026-09-24 22:37:00,SENSEX,CE,74000.0,SENSEX26SEP74000CE,0.05,0.05,0.05,0.05,0,5
2026-09-24 22:37:00,SENSEX,PE,74000.0,SENSEX26SEP74000PE,420.9,420.9,420.9,420.9,0,5
2026-09-24 22:37:00,SENSEX,CE,74100.0,SENSEX26SEP74100CE,0.05,0.05,0.05,0.05,0,5
2026-09-24 22:37:00,SENSEX,PE,74100.0,SENSEX26SEP74100PE,518.9,518.9,518.9,518.9,0,5
2026-09-24 22:37:00,SENSEX,CE,74200.0,SENSEX26SEP74200CE,0.05,0.05,0.05,0.05,0,5
2026-09-24 22:37:00,SENSEX,PE,74200.0,SENSEX26SEP74200PE,621.0,621.0,621.0,621.0,0,5
2026-09-24 22:38:00,SENSEX,FUT,0.0,SENSEX26SEPFUT,73576.6,73576.6,73576.6,73576.6,0,16
2026-09-24 22:38:00,SENSEX,SPOT,0.0,SENSEX,73580.54,73580.54,73580.54,73580.54,0,16
2026-09-24 22:38:00,SENSEX,CE,73000.0,SENSEX26SEP73000CE,578.95,578.95,578.95,578.95,0,16
2026-09-24 22:38:00,SENSEX,PE,73000.0,SENSEX26SEP73000PE,0.05,0.05,0.05,0.05,0,16
2026-09-24 22:38:00,SENSEX,CE,73100.0,SENSEX26SEP73100CE,479.55,479.55,479.55,479.55,0,16
2026-09-24 22:38:00,SENSEX,PE,73100.0,SENSEX26SEP73100PE,0.05,0.05,0.05,0.05,0,16
2026-09-24 22:38:00,SENSEX,CE,73200.0,SENSEX26SEP73200CE,379.5,379.5,379.5,379.5,0,16
2026-09-24 22:38:00,SENSEX,PE,73200.0,SENSEX26SEP73200PE,0.05,0.05,0.05,0.05,0,16
2026-09-24 22:38:00,SENSEX,CE,73300.0,SENSEX26SEP73300CE,279.9,279.9,279.9,279.9,0,16
2026-09-24 22:38:00,SENSEX,PE,73300.0,SENSEX26SEP73300PE,0.05,0.05,0.05,0.05,0,16
2026-09-24 22:38:00,SENSEX,CE,73400.0,SENSEX26SEP73400CE,180.1,180.1,180.1,180.1,0,16
2026-09-24 22:38:00,SENSEX,PE,73400.0,SENSEX26SEP73400PE,0.05,0.05,0.05,0.05,0,16
2026-09-24 22:38:00,SENSEX,CE,73500.0,SENSEX26SEP73500CE,80.35,80.35,80.35,80.35,0,16
2026-09-24 22:38:00,SENSEX,PE,73500.0,SENSEX26SEP73500PE,0.05,0.05,0.05,0.05,0,16
2026-09-24 22:38:00,SENSEX,CE,73600.0,SENSEX26SEP73600CE,0.05,0.05,0.05,0.05,0,16
2026-09-24 22:38:00,SENSEX,PE,73600.0,SENSEX26SEP73600PE,19.35,19.35,19.35,19.35,0,16
2026-09-24 22:38:00,SENSEX,CE,73700.0,SENSEX26SEP73700CE,0.05,0.05,0.05,0.05,0,16
2026-09-24 22:38:00,SENSEX,PE,73700.0,SENSEX26SEP73700PE,119.2,119.2,119.2,119.2,0,16
2026-09-24 22:38:00,SENSEX,CE,73800.0,SENSEX26SEP73800CE,0.05,0.05,0.05,0.05,0,16
2026-09-24 22:38:00,SENSEX,PE,73800.0,SENSEX26SEP73800PE,219.05,219.05,219.05,219.05,0,16
2026-09-24 22:38:00,SENSEX,CE,73900.0,SENSEX26SEP73900CE,0.05,0.05,0.05,0.05,0,16
2026-09-24 22:38:00,SENSEX,PE,73900.0,SENSEX26SEP73900PE,320.0,320.0,320.0,320.0,0,16
2026-09-24 22:38:00,SENSEX,CE,74000.0,SENSEX26SEP74000CE,0.05,0.05,0.05,0.05,0,16
2026-09-24 22:38:00,SENSEX,PE,74000.0,SENSEX26SEP74000PE,420.9,420.9,420.9,420.9,0,16
2026-09-24 22:38:00,SENSEX,CE,74100.0,SENSEX26SEP74100CE,0.05,0.05,0.05,0.05,0,16
2026-09-24 22:38:00,SENSEX,PE,74100.0,SENSEX26SEP74100PE,518.9,518.9,518.9,518.9,0,16
2026-09-24 22:38:00,SENSEX,CE,74200.0,SENSEX26SEP74200CE,0.05,0.05,0.05,0.05,0,16
2026-09-24 22:38:00,SENSEX,PE,74200.0,SENSEX26SEP74200PE,621.0,621.0,621.0,621.0,0,16
2026-09-24 22:39:00,SENSEX,FUT,0.0,SENSEX26SEPFUT,73576.6,73576.6,73576.6,73576.6,0,16
2026-09-24 22:39:00,SENSEX,SPOT,0.0,SENSEX,73580.54,73580.54,73580.54,73580.54,0,16
2026-09-24 22:39:00,SENSEX,CE,73000.0,SENSEX26SEP73000CE,578.95,578.95,578.95,578.95,0,16
2026-09-24 22:39:00,SENSEX,PE,73000.0,SENSEX26SEP73000PE,0.05,0.05,0.05,0.05,0,16
2026-09-24 22:39:00,SENSEX,CE,73100.0,SENSEX26SEP73100CE,479.55,479.55,479.55,479.55,0,16
2026-09-24 22:39:00,SENSEX,PE,73100.0,SENSEX26SEP73100PE,0.05,0.05,0.05,0.05,0,16
2026-09-24 22:39:00,SENSEX,CE,73200.0,SENSEX26SEP73200CE,379.5,379.5,379.5,379.5,0,16
2026-09-24 22:39:00,SENSEX,PE,73200.0,SENSEX26SEP73200PE,0.05,0.05,0.05,0.05,0,16
2026-09-24 22:39:00,SENSEX,CE,73300.0,SENSEX26SEP73300CE,279.9,279.9,279.9,279.9,0,16
2026-09-24 22:39:00,SENSEX,PE,73300.0,SENSEX26SEP73300PE,0.05,0.05,0.05,0.05,0,16
2026-09-24 22:39:00,SENSEX,CE,73400.0,SENSEX26SEP73400CE,180.1,180.1,180.1,180.1,0,16
2026-09-24 22:39:00,SENSEX,PE,73400.0,SENSEX26SEP73400PE,0.05,0.05,0.05,0.05,0,16
2026-09-24 22:39:00,SENSEX,CE,73500.0,SENSEX26SEP73500CE,80.35,80.35,80.35,80.35,0,16
2026-09-24 22:39:00,SENSEX,PE,73500.0,SENSEX26SEP73500PE,0.05,0.05,0.05,0.05,0,16
2026-09-24 22:39:00,SENSEX,CE,73600.0,SENSEX26SEP73600CE,0.05,0.05,0.05,0.05,0,16
2026-09-24 22:39:00,SENSEX,PE,73600.0,SENSEX26SEP73600PE,19.35,19.35,19.35,19.35,0,16
2026-09-24 22:39:00,SENSEX,CE,73700.0,SENSEX26SEP73700CE,0.05,0.05,0.05,0.05,0,16
2026-09-24 22:39:00,SENSEX,PE,73700.0,SENSEX26SEP73700PE,119.2,119.2,119.2,119.2,0,16
2026-09-24 22:39:00,SENSEX,CE,73800.0,SENSEX26SEP73800CE,0.05,0.05,0.05,0.05,0,16
2026-09-24 22:39:00,SENSEX,PE,73800.0,SENSEX26SEP73800PE,219.05,219.05,219.05,219.05,0,16
2026-09-24 22:39:00,SENSEX,CE,73900.0,SENSEX26SEP73900CE,0.05,0.05,0.05,0.05,0,16
2026-09-24 22:39:00,SENSEX,PE,73900.0,SENSEX26SEP73900PE,320.0,320.0,320.0,320.0,0,16
2026-09-24 22:39:00,SENSEX,CE,74000.0,SENSEX26SEP74000CE,0.05,0.05,0.05,0.05,0,16
2026-09-24 22:39:00,SENSEX,PE,74000.0,SENSEX26SEP74000PE,420.9,420.9,420.9,420.9,0,16
2026-09-24 22:39:00,SENSEX,CE,74100.0,SENSEX26SEP74100CE,0.05,0.05,0.05,0.05,0,16
2026-09-24 22:39:00,SENSEX,PE,74100.0,SENSEX26SEP74100PE,518.9,518.9,518.9,518.9,0,16
2026-09-24 22:39:00,SENSEX,CE,74200.0,SENSEX26SEP74200CE,0.05,0.05,0.05,0.05,0,16
2026-09-24 22:39:00,SENSEX,PE,74200.0,SENSEX26SEP74200PE,621.0,621.0,621.0,621.0,0,16
2026-09-24 22:40:00,SENSEX,FUT,0.0,SENSEX26SEPFUT,73576.6,73576.6,73576.6,73576.6,0,16
2026-09-24 22:40:00,SENSEX,SPOT,0.0,SENSEX,73580.54,73580.54,73580.54,73580.54,0,16
2026-09-24 22:40:00,SENSEX,CE,73000.0,SENSEX26SEP73000CE,578.95,578.95,578.95,578.95,0,16
2026-09-24 22:40:00,SENSEX,PE,73000.0,SENSEX26SEP73000PE,0.05,0.05,0.05,0.05,0,16
2026-09-24 22:40:00,SENSEX,CE,73100.0,SENSEX26SEP73100CE,479.55,479.55,479.55,479.55,0,16
2026-09-24 22:40:00,SENSEX,PE,73100.0,SENSEX26SEP73100PE,0.05,0.05,0.05,0.05,0,16
2026-09-24 22:40:00,SENSEX,CE,73200.0,SENSEX26SEP73200CE,379.5,379.5,379.5,379.5,0,16
2026-09-24 22:40:00,SENSEX,PE,73200.0,SENSEX26SEP73200PE,0.05,0.05,0.05,0.05,0,16
2026-09-24 22:40:00,SENSEX,CE,73300.0,SENSEX26SEP73300CE,279.9,279.9,279.9,279.9,0,16
2026-09-24 22:40:00,SENSEX,PE,73300.0,SENSEX26SEP73300PE,0.05,0.05,0.05,0.05,0,16
2026-09-24 22:40:00,SENSEX,CE,73400.0,SENSEX26SEP73400CE,180.1,180.1,180.1,180.1,0,16
2026-09-24 22:40:00,SENSEX,PE,73400.0,SENSEX26SEP73400PE,0.05,0.05,0.05,0.05,0,16
2026-09-24 22:40:00,SENSEX,CE,73500.0,SENSEX26SEP73500CE,80.35,80.35,80.35,80.35,0,16
2026-09-24 22:40:00,SENSEX,PE,73500.0,SENSEX26SEP73500PE,0.05,0.05,0.05,0.05,0,16
2026-09-24 22:40:00,SENSEX,CE,73600.0,SENSEX26SEP73600CE,0.05,0.05,0.05,0.05,0,16
2026-09-24 22:40:00,SENSEX,PE,73600.0,SENSEX26SEP73600PE,19.35,19.35,19.35,19.35,0,16
2026-09-24 22:40:00,SENSEX,CE,73700.0,SENSEX26SEP73700CE,0.05,0.05,0.05,0.05,0,16
2026-09-24 22:40:00,SENSEX,PE,73700.0,SENSEX26SEP73700PE,119.2,119.2,119.2,119.2,0,16
2026-09-24 22:40:00,SENSEX,CE,73800.0,SENSEX26SEP73800CE,0.05,0.05,0.05,0.05,0,16
2026-09-24 22:40:00,SENSEX,PE,73800.0,SENSEX26SEP73800PE,219.05,219.05,219.05,219.05,0,16
2026-09-24 22:40:00,SENSEX,CE,73900.0,SENSEX26SEP73900CE,0.05,0.05,0.05,0.05,0,16
2026-09-24 22:40:00,SENSEX,PE,73900.0,SENSEX26SEP73900PE,320.0,320.0,320.0,320.0,0,16
2026-09-24 22:40:00,SENSEX,CE,74000.0,SENSEX26SEP74000CE,0.05,0.05,0.05,0.05,0,16
2026-09-24 22:40:00,SENSEX,PE,74000.0,SENSEX26SEP74000PE,420.9,420.9,420.9,420.9,0,16
2026-09-24 22:40:00,SENSEX,CE,74100.0,SENSEX26SEP74100CE,0.05,0.05,0.05,0.05,0,16
2026-09-24 22:40:00,SENSEX,PE,74100.0,SENSEX26SEP74100PE,518.9,518.9,518.9,518.9,0,16
2026-09-24 22:40:00,SENSEX,CE,74200.0,SENSEX26SEP74200CE,0.05,0.05,0.05,0.05,0,16
2026-09-24 22:40:00,SENSEX,PE,74200.0,SENSEX26SEP74200PE,621.0,621.0,621.0,621.0,0,16
2026-09-24 22:41:00,SENSEX,FUT,0.0,SENSEX26SEPFUT,73576.6,73576.6,73576.6,73576.6,0,16
2026-09-24 22:41:00,SENSEX,SPOT,0.0,SENSEX,73580.54,73580.54,73580.54,73580.54,0,16
2026-09-24 22:41:00,SENSEX,CE,73000.0,SENSEX26SEP73000CE,578.95,578.95,578.95,578.95,0,16
2026-09-24 22:41:00,SENSEX,PE,73000.0,SENSEX26SEP73000PE,0.05,0.05,0.05,0.05,0,16
2026-09-24 22:41:00,SENSEX,CE,73100.0,SENSEX26SEP73100CE,479.55,479.55,479.55,479.55,0,16
2026-09-24 22:41:00,SENSEX,PE,73100.0,SENSEX26SEP73100PE,0.05,0.05,0.05,0.05,0,16
2026-09-24 22:41:00,SENSEX,CE,73200.0,SENSEX26SEP73200CE,379.5,379.5,379.5,379.5,0,16
2026-09-24 22:41:00,SENSEX,PE,73200.0,SENSEX26SEP73200PE,0.05,0.05,0.05,0.05,0,16
2026-09-24 22:41:00,SENSEX,CE,73300.0,SENSEX26SEP73300CE,279.9,279.9,279.9,279.9,0,16
2026-09-24 22:41:00,SENSEX,PE,73300.0,SENSEX26SEP73300PE,0.05,0.05,0.05,0.05,0,16
2026-09-24 22:41:00,SENSEX,CE,73400.0,SENSEX26SEP73400CE,180.1,180.1,180.1,180.1,0,16
2026-09-24 22:41:00,SENSEX,PE,73400.0,SENSEX26SEP73400PE,0.05,0.05,0.05,0.05,0,16
2026-09-24 22:41:00,SENSEX,CE,73500.0,SENSEX26SEP73500CE,80.35,80.35,80.35,80.35,0,16
2026-09-24 22:41:00,SENSEX,PE,73500.0,SENSEX26SEP73500PE,0.05,0.05,0.05,0.05,0,16
2026-09-24 22:41:00,SENSEX,CE,73600.0,SENSEX26SEP73600CE,0.05,0.05,0.05,0.05,0,16
2026-09-24 22:41:00,SENSEX,PE,73600.0,SENSEX26SEP73600PE,19.35,19.35,19.35,19.35,0,16
2026-09-24 22:41:00,SENSEX,CE,73700.0,SENSEX26SEP73700CE,0.05,0.05,0.05,0.05,0,16
2026-09-24 22:41:00,SENSEX,PE,73700.0,SENSEX26SEP73700PE,119.2,119.2,119.2,119.2,0,16
2026-09-24 22:41:00,SENSEX,CE,73800.0,SENSEX26SEP73800CE,0.05,0.05,0.05,0.05,0,16
2026-09-24 22:41:00,SENSEX,PE,73800.0,SENSEX26SEP73800PE,219.05,219.05,219.05,219.05,0,16
2026-09-24 22:41:00,SENSEX,CE,73900.0,SENSEX26SEP73900CE,0.05,0.05,0.05,0.05,0,16
2026-09-24 22:41:00,SENSEX,PE,73900.0,SENSEX26SEP73900PE,320.0,320.0,320.0,320.0,0,16
2026-09-24 22:41:00,SENSEX,CE,74000.0,SENSEX26SEP74000CE,0.05,0.05,0.05,0.05,0,16
2026-09-24 22:41:00,SENSEX,PE,74000.0,SENSEX26SEP74000PE,420.9,420.9,420.9,420.9,0,16
2026-09-24 22:41:00,SENSEX,CE,74100.0,SENSEX26SEP74100CE,0.05,0.05,0.05,0.05,0,16
2026-09-24 22:41:00,SENSEX,PE,74100.0,SENSEX26SEP74100PE,518.9,518.9,518.9,518.9,0,16
2026-09-24 22:41:00,SENSEX,CE,74200.0,SENSEX26SEP74200CE,0.05,0.05,0.05,0.05,0,16
2026-09-24 22:41:00,SENSEX,PE,74200.0,SENSEX26SEP74200PE,621.0,621.0,621.0,621.0,0,16
2026-09-24 22:42:00,SENSEX,FUT,0.0,SENSEX26SEPFUT,73576.6,73576.6,73576.6,73576.6,0,15
2026-09-24 22:42:00,SENSEX,SPOT,0.0,SENSEX,73580.54,73580.54,73580.54,73580.54,0,15
2026-09-24 22:42:00,SENSEX,CE,73000.0,SENSEX26SEP73000CE,578.95,578.95,578.95,578.95,0,15
2026-09-24 22:42:00,SENSEX,PE,73000.0,SENSEX26SEP73000PE,0.05,0.05,0.05,0.05,0,15
2026-09-24 22:42:00,SENSEX,CE,73100.0,SENSEX26SEP73100CE,479.55,479.55,479.55,479.55,0,15
2026-09-24 22:42:00,SENSEX,PE,73100.0,SENSEX26SEP73100PE,0.05,0.05,0.05,0.05,0,15
2026-09-24 22:42:00,SENSEX,CE,73200.0,SENSEX26SEP73200CE,379.5,379.5,379.5,379.5,0,15
2026-09-24 22:42:00,SENSEX,PE,73200.0,SENSEX26SEP73200PE,0.05,0.05,0.05,0.05,0,15
2026-09-24 22:42:00,SENSEX,CE,73300.0,SENSEX26SEP73300CE,279.9,279.9,279.9,279.9,0,15
2026-09-24 22:42:00,SENSEX,PE,73300.0,SENSEX26SEP73300PE,0.05,0.05,0.05,0.05,0,15
2026-09-24 22:42:00,SENSEX,CE,73400.0,SENSEX26SEP73400CE,180.1,180.1,180.1,180.1,0,15
2026-09-24 22:42:00,SENSEX,PE,73400.0,SENSEX26SEP73400PE,0.05,0.05,0.05,0.05,0,15
2026-09-24 22:42:00,SENSEX,CE,73500.0,SENSEX26SEP73500CE,80.35,80.35,80.35,80.35,0,15
2026-09-24 22:42:00,SENSEX,PE,73500.0,SENSEX26SEP73500PE,0.05,0.05,0.05,0.05,0,15
2026-09-24 22:42:00,SENSEX,CE,73600.0,SENSEX26SEP73600CE,0.05,0.05,0.05,0.05,0,15
2026-09-24 22:42:00,SENSEX,PE,73600.0,SENSEX26SEP73600PE,19.35,19.35,19.35,19.35,0,15
2026-09-24 22:42:00,SENSEX,CE,73700.0,SENSEX26SEP73700CE,0.05,0.05,0.05,0.05,0,15
2026-09-24 22:42:00,SENSEX,PE,73700.0,SENSEX26SEP73700PE,119.2,119.2,119.2,119.2,0,15
2026-09-24 22:42:00,SENSEX,CE,73800.0,SENSEX26SEP73800CE,0.05,0.05,0.05,0.05,0,15
2026-09-24 22:42:00,SENSEX,PE,73800.0,SENSEX26SEP73800PE,219.05,219.05,219.05,219.05,0,15
2026-09-24 22:42:00,SENSEX,CE,73900.0,SENSEX26SEP73900CE,0.05,0.05,0.05,0.05,0,15
2026-09-24 22:42:00,SENSEX,PE,73900.0,SENSEX26SEP73900PE,320.0,320.0,320.0,320.0,0,15
2026-09-24 22:42:00,SENSEX,CE,74000.0,SENSEX26SEP74000CE,0.05,0.05,0.05,0.05,0,15
2026-09-24 22:42:00,SENSEX,PE,74000.0,SENSEX26SEP74000PE,420.9,420.9,420.9,420.9,0,15
2026-09-24 22:42:00,SENSEX,CE,74100.0,SENSEX26SEP74100CE,0.05,0.05,0.05,0.05,0,15
2026-09-24 22:42:00,SENSEX,PE,74100.0,SENSEX26SEP74100PE,518.9,518.9,518.9,518.9,0,15
2026-09-24 22:42:00,SENSEX,CE,74200.0,SENSEX26SEP74200CE,0.05,0.05,0.05,0.05,0,15
2026-09-24 22:42:00,SENSEX,PE,74200.0,SENSEX26SEP74200PE,621.0,621.0,621.0,621.0,0,15
2026-09-24 22:43:00,SENSEX,FUT,0.0,SENSEX26SEPFUT,73576.6,73576.6,73576.6,73576.6,0,15
2026-09-24 22:43:00,SENSEX,SPOT,0.0,SENSEX,73580.54,73580.54,73580.54,73580.54,0,15
2026-09-24 22:43:00,SENSEX,CE,73000.0,SENSEX26SEP73000CE,578.95,578.95,578.95,578.95,0,15
2026-09-24 22:43:00,SENSEX,PE,73000.0,SENSEX26SEP73000PE,0.05,0.05,0.05,0.05,0,15
2026-09-24 22:43:00,SENSEX,CE,73100.0,SENSEX26SEP73100CE,479.55,479.55,479.55,479.55,0,15
2026-09-24 22:43:00,SENSEX,PE,73100.0,SENSEX26SEP73100PE,0.05,0.05,0.05,0.05,0,15
2026-09-24 22:43:00,SENSEX,CE,73200.0,SENSEX26SEP73200CE,379.5,379.5,379.5,379.5,0,15
2026-09-24 22:43:00,SENSEX,PE,73200.0,SENSEX26SEP73200PE,0.05,0.05,0.05,0.05,0,15
2026-09-24 22:43:00,SENSEX,CE,73300.0,SENSEX26SEP73300CE,279.9,279.9,279.9,279.9,0,15
2026-09-24 22:43:00,SENSEX,PE,73300.0,SENSEX26SEP73300PE,0.05,0.05,0.05,0.05,0,15
2026-09-24 22:43:00,SENSEX,CE,73400.0,SENSEX26SEP73400CE,180.1,180.1,180.1,180.1,0,15
2026-09-24 22:43:00,SENSEX,PE,73400.0,SENSEX26SEP73400PE,0.05,0.05,0.05,0.05,0,15
2026-09-24 22:43:00,SENSEX,CE,73500.0,SENSEX26SEP73500CE,80.35,80.35,80.35,80.35,0,15
2026-09-24 22:43:00,SENSEX,PE,73500.0,SENSEX26SEP73500PE,0.05,0.05,0.05,0.05,0,15
2026-09-24 22:43:00,SENSEX,CE,73600.0,SENSEX26SEP73600CE,0.05,0.05,0.05,0.05,0,15
2026-09-24 22:43:00,SENSEX,PE,73600.0,SENSEX26SEP73600PE,19.35,19.35,19.35,19.35,0,15
2026-09-24 22:43:00,SENSEX,CE,73700.0,SENSEX26SEP73700CE,0.05,0.05,0.05,0.05,0,15
2026-09-24 22:43:00,SENSEX,PE,73700.0,SENSEX26SEP73700PE,119.2,119.2,119.2,119.2,0,15
2026-09-24 22:43:00,SENSEX,CE,73800.0,SENSEX26SEP73800CE,0.05,0.05,0.05,0.05,0,15
2026-09-24 22:43:00,SENSEX,PE,73800.0,SENSEX26SEP73800PE,219.05,219.05,219.05,219.05,0,15
2026-09-24 22:43:00,SENSEX,CE,73900.0,SENSEX26SEP73900CE,0.05,0.05,0.05,0.05,0,15
2026-09-24 22:43:00,SENSEX,PE,73900.0,SENSEX26SEP73900PE,320.0,320.0,320.0,320.0,0,15
2026-09-24 22:43:00,SENSEX,CE,74000.0,SENSEX26SEP74000CE,0.05,0.05,0.05,0.05,0,15
2026-09-24 22:43:00,SENSEX,PE,74000.0,SENSEX26SEP74000PE,420.9,420.9,420.9,420.9,0,15
2026-09-24 22:43:00,SENSEX,CE,74100.0,SENSEX26SEP74100CE,0.05,0.05,0.05,0.05,0,15
2026-09-24 22:43:00,SENSEX,PE,74100.0,SENSEX26SEP74100PE,518.9,518.9,518.9,518.9,0,15
2026-09-24 22:43:00,SENSEX,CE,74200.0,SENSEX26SEP74200CE,0.05,0.05,0.05,0.05,0,15
2026-09-24 22:43:00,SENSEX,PE,74200.0,SENSEX26SEP74200PE,621.0,621.0,621.0,621.0,0,15
2026-09-24 22:44:00,SENSEX,FUT,0.0,SENSEX26SEPFUT,73576.6,73576.6,73576.6,73576.6,0,16
2026-09-24 22:44:00,SENSEX,SPOT,0.0,SENSEX,73580.54,73580.54,73580.54,73580.54,0,16
2026-09-24 22:44:00,SENSEX,CE,73000.0,SENSEX26SEP73000CE,578.95,578.95,578.95,578.95,0,16
2026-09-24 22:44:00,SENSEX,PE,73000.0,SENSEX26SEP73000PE,0.05,0.05,0.05,0.05,0,16
2026-09-24 22:44:00,SENSEX,CE,73100.0,SENSEX26SEP73100CE,479.55,479.55,479.55,479.55,0,16
2026-09-24 22:44:00,SENSEX,PE,73100.0,SENSEX26SEP73100PE,0.05,0.05,0.05,0.05,0,16
2026-09-24 22:44:00,SENSEX,CE,73200.0,SENSEX26SEP73200CE,379.5,379.5,379.5,379.5,0,16
2026-09-24 22:44:00,SENSEX,PE,73200.0,SENSEX26SEP73200PE,0.05,0.05,0.05,0.05,0,16
2026-09-24 22:44:00,SENSEX,CE,73300.0,SENSEX26SEP73300CE,279.9,279.9,279.9,279.9,0,16
2026-09-24 22:44:00,SENSEX,PE,73300.0,SENSEX26SEP73300PE,0.05,0.05,0.05,0.05,0,16
2026-09-24 22:44:00,SENSEX,CE,73400.0,SENSEX26SEP73400CE,180.1,180.1,180.1,180.1,0,16
2026-09-24 22:44:00,SENSEX,PE,73400.0,SENSEX26SEP73400PE,0.05,0.05,0.05,0.05,0,16
2026-09-24 22:44:00,SENSEX,CE,73500.0,SENSEX26SEP73500CE,80.35,80.35,80.35,80.35,0,16
2026-09-24 22:44:00,SENSEX,PE,73500.0,SENSEX26SEP73500PE,0.05,0.05,0.05,0.05,0,16
2026-09-24 22:44:00,SENSEX,CE,73600.0,SENSEX26SEP73600CE,0.05,0.05,0.05,0.05,0,16
2026-09-24 22:44:00,SENSEX,PE,73600.0,SENSEX26SEP73600PE,19.35,19.35,19.35,19.35,0,16
2026-09-24 22:44:00,SENSEX,CE,73700.0,SENSEX26SEP73700CE,0.05,0.05,0.05,0.05,0,16
2026-09-24 22:44:00,SENSEX,PE,73700.0,SENSEX26SEP73700PE,119.2,119.2,119.2,119.2,0,16
2026-09-24 22:44:00,SENSEX,CE,73800.0,SENSEX26SEP73800CE,0.05,0.05,0.05,0.05,0,16
2026-09-24 22:44:00,SENSEX,PE,73800.0,SENSEX26SEP73800PE,219.05,219.05,219.05,219.05,0,16
2026-09-24 22:44:00,SENSEX,CE,73900.0,SENSEX26SEP73900CE,0.05,0.05,0.05,0.05,0,16
2026-09-24 22:44:00,SENSEX,PE,73900.0,SENSEX26SEP73900PE,320.0,320.0,320.0,320.0,0,16
2026-09-24 22:44:00,SENSEX,CE,74000.0,SENSEX26SEP74000CE,0.05,0.05,0.05,0.05,0,16
2026-09-24 22:44:00,SENSEX,PE,74000.0,SENSEX26SEP74000PE,420.9,420.9,420.9,420.9,0,16
2026-09-24 22:44:00,SENSEX,CE,74100.0,SENSEX26SEP74100CE,0.05,0.05,0.05,0.05,0,16
2026-09-24 22:44:00,SENSEX,PE,74100.0,SENSEX26SEP74100PE,518.9,518.9,518.9,518.9,0,16
2026-09-24 22:44:00,SENSEX,CE,74200.0,SENSEX26SEP74200CE,0.05,0.05,0.05,0.05,0,16
2026-09-24 22:44:00,SENSEX,PE,74200.0,SENSEX26SEP74200PE,621.0,621.0,621.0,621.0,0,16
2026-09-24 22:45:00,SENSEX,FUT,0.0,SENSEX26SEPFUT,73576.6,73576.6,73576.6,73576.6,0,16
2026-09-24 22:45:00,SENSEX,SPOT,0.0,SENSEX,73580.54,73580.54,73580.54,73580.54,0,16
2026-09-24 22:45:00,SENSEX,CE,73000.0,SENSEX26SEP73000CE,578.95,578.95,578.95,578.95,0,16
2026-09-24 22:45:00,SENSEX,PE,73000.0,SENSEX26SEP73000PE,0.05,0.05,0.05,0.05,0,16
2026-09-24 22:45:00,SENSEX,CE,73100.0,SENSEX26SEP73100CE,479.55,479.55,479.55,479.55,0,16
2026-09-24 22:45:00,SENSEX,PE,73100.0,SENSEX26SEP73100PE,0.05,0.05,0.05,0.05,0,16
2026-09-24 22:45:00,SENSEX,CE,73200.0,SENSEX26SEP73200CE,379.5,379.5,379.5,379.5,0,16
2026-09-24 22:45:00,SENSEX,PE,73200.0,SENSEX26SEP73200PE,0.05,0.05,0.05,0.05,0,16
2026-09-24 22:45:00,SENSEX,CE,73300.0,SENSEX26SEP73300CE,279.9,279.9,279.9,279.9,0,16
2026-09-24 22:45:00,SENSEX,PE,73300.0,SENSEX26SEP73300PE,0.05,0.05,0.05,0.05,0,16
2026-09-24 22:45:00,SENSEX,CE,73400.0,SENSEX26SEP73400CE,180.1,180.1,180.1,180.1,0,16
2026-09-24 22:45:00,SENSEX,PE,73400.0,SENSEX26SEP73400PE,0.05,0.05,0.05,0.05,0,16
2026-09-24 22:45:00,SENSEX,CE,73500.0,SENSEX26SEP73500CE,80.35,80.35,80.35,80.35,0,16
2026-09-24 22:45:00,SENSEX,PE,73500.0,SENSEX26SEP73500PE,0.05,0.05,0.05,0.05,0,16
2026-09-24 22:45:00,SENSEX,CE,73600.0,SENSEX26SEP73600CE,0.05,0.05,0.05,0.05,0,16
2026-09-24 22:45:00,SENSEX,PE,73600.0,SENSEX26SEP73600PE,19.35,19.35,19.35,19.35,0,16
2026-09-24 22:45:00,SENSEX,CE,73700.0,SENSEX26SEP73700CE,0.05,0.05,0.05,0.05,0,16
2026-09-24 22:45:00,SENSEX,PE,73700.0,SENSEX26SEP73700PE,119.2,119.2,119.2,119.2,0,16
2026-09-24 22:45:00,SENSEX,CE,73800.0,SENSEX26SEP73800CE,0.05,0.05,0.05,0.05,0,16
2026-09-24 22:45:00,SENSEX,PE,73800.0,SENSEX26SEP73800PE,219.05,219.05,219.05,219.05,0,16
2026-09-24 22:45:00,SENSEX,CE,73900.0,SENSEX26SEP73900CE,0.05,0.05,0.05,0.05,0,16
2026-09-24 22:45:00,SENSEX,PE,73900.0,SENSEX26SEP73900PE,320.0,320.0,320.0,320.0,0,16
2026-09-24 22:45:00,SENSEX,CE,74000.0,SENSEX26SEP74000CE,0.05,0.05,0.05,0.05,0,16
2026-09-24 22:45:00,SENSEX,PE,74000.0,SENSEX26SEP74000PE,420.9,420.9,420.9,420.9,0,16
2026-09-24 22:45:00,SENSEX,CE,74100.0,SENSEX26SEP74100CE,0.05,0.05,0.05,0.05,0,16
2026-09-24 22:45:00,SENSEX,PE,74100.0,SENSEX26SEP74100PE,518.9,518.9,518.9,518.9,0,16
2026-09-24 22:45:00,SENSEX,CE,74200.0,SENSEX26SEP74200CE,0.05,0.05,0.05,0.05,0,16
2026-09-24 22:45:00,SENSEX,PE,74200.0,SENSEX26SEP74200PE,621.0,621.0,621.0,621.0,0,16
2026-09-24 22:46:00,SENSEX,FUT,0.0,SENSEX26SEPFUT,73576.6,73576.6,73576.6,73576.6,0,16
2026-09-24 22:46:00,SENSEX,SPOT,0.0,SENSEX,73580.54,73580.54,73580.54,73580.54,0,16
2026-09-24 22:46:00,SENSEX,CE,73000.0,SENSEX26SEP73000CE,578.95,578.95,578.95,578.95,0,16
2026-09-24 22:46:00,SENSEX,PE,73000.0,SENSEX26SEP73000PE,0.05,0.05,0.05,0.05,0,16
2026-09-24 22:46:00,SENSEX,CE,73100.0,SENSEX26SEP73100CE,479.55,479.55,479.55,479.55,0,16
2026-09-24 22:46:00,SENSEX,PE,73100.0,SENSEX26SEP73100PE,0.05,0.05,0.05,0.05,0,16
2026-09-24 22:46:00,SENSEX,CE,73200.0,SENSEX26SEP73200CE,379.5,379.5,379.5,379.5,0,16
2026-09-24 22:46:00,SENSEX,PE,73200.0,SENSEX26SEP73200PE,0.05,0.05,0.05,0.05,0,16
2026-09-24 22:46:00,SENSEX,CE,73300.0,SENSEX26SEP73300CE,279.9,279.9,279.9,279.9,0,16
2026-09-24 22:46:00,SENSEX,PE,73300.0,SENSEX26SEP73300PE,0.05,0.05,0.05,0.05,0,16
2026-09-24 22:46:00,SENSEX,CE,73400.0,SENSEX26SEP73400CE,180.1,180.1,180.1,180.1,0,16
2026-09-24 22:46:00,SENSEX,PE,73400.0,SENSEX26SEP73400PE,0.05,0.05,0.05,0.05,0,16
2026-09-24 22:46:00,SENSEX,CE,73500.0,SENSEX26SEP73500CE,80.35,80.35,80.35,80.35,0,16
2026-09-24 22:46:00,SENSEX,PE,73500.0,SENSEX26SEP73500PE,0.05,0.05,0.05,0.05,0,16
2026-09-24 22:46:00,SENSEX,CE,73600.0,SENSEX26SEP73600CE,0.05,0.05,0.05,0.05,0,16
2026-09-24 22:46:00,SENSEX,PE,73600.0,SENSEX26SEP73600PE,19.35,19.35,19.35,19.35,0,16
2026-09-24 22:46:00,SENSEX,CE,73700.0,SENSEX26SEP73700CE,0.05,0.05,0.05,0.05,0,16
2026-09-24 22:46:00,SENSEX,PE,73700.0,SENSEX26SEP73700PE,119.2,119.2,119.2,119.2,0,16
2026-09-24 22:46:00,SENSEX,CE,73800.0,SENSEX26SEP73800CE,0.05,0.05,0.05,0.05,0,16
2026-09-24 22:46:00,SENSEX,PE,73800.0,SENSEX26SEP73800PE,219.05,219.05,219.05,219.05,0,16
2026-09-24 22:46:00,SENSEX,CE,73900.0,SENSEX26SEP73900CE,0.05,0.05,0.05,0.05,0,16
2026-09-24 22:46:00,SENSEX,PE,73900.0,SENSEX26SEP73900PE,320.0,320.0,320.0,320.0,0,16
2026-09-24 22:46:00,SENSEX,CE,74000.0,SENSEX26SEP74000CE,0.05,0.05,0.05,0.05,0,16
2026-09-24 22:46:00,SENSEX,PE,74000.0,SENSEX26SEP74000PE,420.9,420.9,420.9,420.9,0,16
2026-09-24 22:46:00,SENSEX,CE,74100.0,SENSEX26SEP74100CE,0.05,0.05,0.05,0.05,0,16
2026-09-24 22:46:00,SENSEX,PE,74100.0,SENSEX26SEP74100PE,518.9,518.9,518.9,518.9,0,16
2026-09-24 22:46:00,SENSEX,CE,74200.0,SENSEX26SEP74200CE,0.05,0.05,0.05,0.05,0,16
2026-09-24 22:46:00,SENSEX,PE,74200.0,SENSEX26SEP74200PE,621.0,621.0,621.0,621.0,0,16
2026-09-24 22:47:00,SENSEX,FUT,0.0,SENSEX26SEPFUT,73576.6,73576.6,73576.6,73576.6,0,16
2026-09-24 22:47:00,SENSEX,SPOT,0.0,SENSEX,73580.54,73580.54,73580.54,73580.54,0,16
2026-09-24 22:47:00,SENSEX,CE,73000.0,SENSEX26SEP73000CE,578.95,578.95,578.95,578.95,0,16
2026-09-24 22:47:00,SENSEX,PE,73000.0,SENSEX26SEP73000PE,0.05,0.05,0.05,0.05,0,16
2026-09-24 22:47:00,SENSEX,CE,73100.0,SENSEX26SEP73100CE,479.55,479.55,479.55,479.55,0,16
2026-09-24 22:47:00,SENSEX,PE,73100.0,SENSEX26SEP73100PE,0.05,0.05,0.05,0.05,0,16
2026-09-24 22:47:00,SENSEX,CE,73200.0,SENSEX26SEP73200CE,379.5,379.5,379.5,379.5,0,16
2026-09-24 22:47:00,SENSEX,PE,73200.0,SENSEX26SEP73200PE,0.05,0.05,0.05,0.05,0,16
2026-09-24 22:47:00,SENSEX,CE,73300.0,SENSEX26SEP73300CE,279.9,279.9,279.9,279.9,0,16
2026-09-24 22:47:00,SENSEX,PE,73300.0,SENSEX26SEP73300PE,0.05,0.05,0.05,0.05,0,16
2026-09-24 22:47:00,SENSEX,CE,73400.0,SENSEX26SEP73400CE,180.1,180.1,180.1,180.1,0,16
2026-09-24 22:47:00,SENSEX,PE,73400.0,SENSEX26SEP73400PE,0.05,0.05,0.05,0.05,0,16
2026-09-24 22:47:00,SENSEX,CE,73500.0,SENSEX26SEP73500CE,80.35,80.35,80.35,80.35,0,16
2026-09-24 22:47:00,SENSEX,PE,73500.0,SENSEX26SEP73500PE,0.05,0.05,0.05,0.05,0,16
2026-09-24 22:47:00,SENSEX,CE,73600.0,SENSEX26SEP73600CE,0.05,0.05,0.05,0.05,0,16
2026-09-24 22:47:00,SENSEX,PE,73600.0,SENSEX26SEP73600PE,19.35,19.35,19.35,19.35,0,16
2026-09-24 22:47:00,SENSEX,CE,73700.0,SENSEX26SEP73700CE,0.05,0.05,0.05,0.05,0,16
2026-09-24 22:47:00,SENSEX,PE,73700.0,SENSEX26SEP73700PE,119.2,119.2,119.2,119.2,0,16
2026-09-24 22:47:00,SENSEX,CE,73800.0,SENSEX26SEP73800CE,0.05,0.05,0.05,0.05,0,16
2026-09-24 22:47:00,SENSEX,PE,73800.0,SENSEX26SEP73800PE,219.05,219.05,219.05,219.05,0,16
2026-09-24 22:47:00,SENSEX,CE,73900.0,SENSEX26SEP73900CE,0.05,0.05,0.05,0.05,0,16
2026-09-24 22:47:00,SENSEX,PE,73900.0,SENSEX26SEP73900PE,320.0,320.0,320.0,320.0,0,16
2026-09-24 22:47:00,SENSEX,CE,74000.0,SENSEX26SEP74000CE,0.05,0.05,0.05,0.05,0,16
2026-09-24 22:47:00,SENSEX,PE,74000.0,SENSEX26SEP74000PE,420.9,420.9,420.9,420.9,0,16
2026-09-24 22:47:00,SENSEX,CE,74100.0,SENSEX26SEP74100CE,0.05,0.05,0.05,0.05,0,16
2026-09-24 22:47:00,SENSEX,PE,74100.0,SENSEX26SEP74100PE,518.9,518.9,518.9,518.9,0,16
2026-09-24 22:47:00,SENSEX,CE,74200.0,SENSEX26SEP74200CE,0.05,0.05,0.05,0.05,0,16
2026-09-24 22:47:00,SENSEX,PE,74200.0,SENSEX26SEP74200PE,621.0,621.0,621.0,621.0,0,16
2026-09-24 22:48:00,SENSEX,FUT,0.0,SENSEX26SEPFUT,73576.6,73576.6,73576.6,73576.6,0,5
2026-09-24 22:48:00,SENSEX,SPOT,0.0,SENSEX,73580.54,73580.54,73580.54,73580.54,0,5
2026-09-24 22:48:00,SENSEX,CE,73000.0,SENSEX26SEP73000CE,578.95,578.95,578.95,578.95,0,5
2026-09-24 22:48:00,SENSEX,PE,73000.0,SENSEX26SEP73000PE,0.05,0.05,0.05,0.05,0,5
2026-09-24 22:48:00,SENSEX,CE,73100.0,SENSEX26SEP73100CE,479.55,479.55,479.55,479.55,0,5
2026-09-24 22:48:00,SENSEX,PE,73100.0,SENSEX26SEP73100PE,0.05,0.05,0.05,0.05,0,5
2026-09-24 22:48:00,SENSEX,CE,73200.0,SENSEX26SEP73200CE,379.5,379.5,379.5,379.5,0,5
2026-09-24 22:48:00,SENSEX,PE,73200.0,SENSEX26SEP73200PE,0.05,0.05,0.05,0.05,0,5
2026-09-24 22:48:00,SENSEX,CE,73300.0,SENSEX26SEP73300CE,279.9,279.9,279.9,279.9,0,5
2026-09-24 22:48:00,SENSEX,PE,73300.0,SENSEX26SEP73300PE,0.05,0.05,0.05,0.05,0,5
2026-09-24 22:48:00,SENSEX,CE,73400.0,SENSEX26SEP73400CE,180.1,180.1,180.1,180.1,0,5
2026-09-24 22:48:00,SENSEX,PE,73400.0,SENSEX26SEP73400PE,0.05,0.05,0.05,0.05,0,5
2026-09-24 22:48:00,SENSEX,CE,73500.0,SENSEX26SEP73500CE,80.35,80.35,80.35,80.35,0,5
2026-09-24 22:48:00,SENSEX,PE,73500.0,SENSEX26SEP73500PE,0.05,0.05,0.05,0.05,0,5
2026-09-24 22:48:00,SENSEX,CE,73600.0,SENSEX26SEP73600CE,0.05,0.05,0.05,0.05,0,5
2026-09-24 22:48:00,SENSEX,PE,73600.0,SENSEX26SEP73600PE,19.35,19.35,19.35,19.35,0,5
2026-09-24 22:48:00,SENSEX,CE,73700.0,SENSEX26SEP73700CE,0.05,0.05,0.05,0.05,0,5
2026-09-24 22:48:00,SENSEX,PE,73700.0,SENSEX26SEP73700PE,119.2,119.2,119.2,119.2,0,5
2026-09-24 22:48:00,SENSEX,CE,73800.0,SENSEX26SEP73800CE,0.05,0.05,0.05,0.05,0,5
2026-09-24 22:48:00,SENSEX,PE,73800.0,SENSEX26SEP73800PE,219.05,219.05,219.05,219.05,0,5
2026-09-24 22:48:00,SENSEX,CE,73900.0,SENSEX26SEP73900CE,0.05,0.05,0.05,0.05,0,5
2026-09-24 22:48:00,SENSEX,PE,73900.0,SENSEX26SEP73900PE,320.0,320.0,320.0,320.0,0,5
2026-09-24 22:48:00,SENSEX,CE,74000.0,SENSEX26SEP74000CE,0.05,0.05,0.05,0.05,0,5
2026-09-24 22:48:00,SENSEX,PE,74000.0,SENSEX26SEP74000PE,420.9,420.9,420.9,420.9,0,5
2026-09-24 22:48:00,SENSEX,CE,74100.0,SENSEX26SEP74100CE,0.05,0.05,0.05,0.05,0,5
2026-09-24 22:48:00,SENSEX,PE,74100.0,SENSEX26SEP74100PE,518.9,518.9,518.9,518.9,0,5
2026-09-24 22:48:00,SENSEX,CE,74200.0,SENSEX26SEP74200CE,0.05,0.05,0.05,0.05,0,5
2026-09-24 22:48:00,SENSEX,PE,74200.0,SENSEX26SEP74200PE,621.0,621.0,621.0,621.0,0,5
2026-09-24 22:49:00,SENSEX,FUT,0.0,SENSEX26SEPFUT,73576.6,73576.6,73576.6,73576.6,0,10
2026-09-24 22:49:00,SENSEX,SPOT,0.0,SENSEX,73580.54,73580.54,73580.54,73580.54,0,10
2026-09-24 22:49:00,SENSEX,CE,73000.0,SENSEX26SEP73000CE,578.95,578.95,578.95,578.95,0,10
2026-09-24 22:49:00,SENSEX,PE,73000.0,SENSEX26SEP73000PE,0.05,0.05,0.05,0.05,0,10
2026-09-24 22:49:00,SENSEX,CE,73100.0,SENSEX26SEP73100CE,479.55,479.55,479.55,479.55,0,10
2026-09-24 22:49:00,SENSEX,PE,73100.0,SENSEX26SEP73100PE,0.05,0.05,0.05,0.05,0,10
2026-09-24 22:49:00,SENSEX,CE,73200.0,SENSEX26SEP73200CE,379.5,379.5,379.5,379.5,0,10
2026-09-24 22:49:00,SENSEX,PE,73200.0,SENSEX26SEP73200PE,0.05,0.05,0.05,0.05,0,10
2026-09-24 22:49:00,SENSEX,CE,73300.0,SENSEX26SEP73300CE,279.9,279.9,279.9,279.9,0,10
2026-09-24 22:49:00,SENSEX,PE,73300.0,SENSEX26SEP73300PE,0.05,0.05,0.05,0.05,0,10
2026-09-24 22:49:00,SENSEX,CE,73400.0,SENSEX26SEP73400CE,180.1,180.1,180.1,180.1,0,10
2026-09-24 22:49:00,SENSEX,PE,73400.0,SENSEX26SEP73400PE,0.05,0.05,0.05,0.05,0,10
2026-09-24 22:49:00,SENSEX,CE,73500.0,SENSEX26SEP73500CE,80.35,80.35,80.35,80.35,0,10
2026-09-24 22:49:00,SENSEX,PE,73500.0,SENSEX26SEP73500PE,0.05,0.05,0.05,0.05,0,10
2026-09-24 22:49:00,SENSEX,CE,73600.0,SENSEX26SEP73600CE,0.05,0.05,0.05,0.05,0,10
2026-09-24 22:49:00,SENSEX,PE,73600.0,SENSEX26SEP73600PE,19.35,19.35,19.35,19.35,0,10
2026-09-24 22:49:00,SENSEX,CE,73700.0,SENSEX26SEP73700CE,0.05,0.05,0.05,0.05,0,10
2026-09-24 22:49:00,SENSEX,PE,73700.0,SENSEX26SEP73700PE,119.2,119.2,119.2,119.2,0,10
2026-09-24 22:49:00,SENSEX,CE,73800.0,SENSEX26SEP73800CE,0.05,0.05,0.05,0.05,0,10
2026-09-24 22:49:00,SENSEX,PE,73800.0,SENSEX26SEP73800PE,219.05,219.05,219.05,219.05,0,10
2026-09-24 22:49:00,SENSEX,CE,73900.0,SENSEX26SEP73900CE,0.05,0.05,0.05,0.05,0,10
2026-09-24 22:49:00,SENSEX,PE,73900.0,SENSEX26SEP73900PE,320.0,320.0,320.0,320.0,0,10
2026-09-24 22:49:00,SENSEX,CE,74000.0,SENSEX26SEP74000CE,0.05,0.05,0.05,0.05,0,10
2026-09-24 22:49:00,SENSEX,PE,74000.0,SENSEX26SEP74000PE,420.9,420.9,420.9,420.9,0,10
2026-09-24 22:49:00,SENSEX,CE,74100.0,SENSEX26SEP74100CE,0.05,0.05,0.05,0.05,0,10
2026-09-24 22:49:00,SENSEX,PE,74100.0,SENSEX26SEP74100PE,518.9,518.9,518.9,518.9,0,10
2026-09-24 22:49:00,SENSEX,CE,74200.0,SENSEX26SEP74200CE,0.05,0.05,0.05,0.05,0,10
2026-09-24 22:49:00,SENSEX,PE,74200.0,SENSEX26SEP74200PE,621.0,621.0,621.0,621.0,0,10
2026-09-24 22:50:00,SENSEX,FUT,0.0,SENSEX26SEPFUT,73576.6,73576.6,73576.6,73576.6,0,16
2026-09-24 22:50:00,SENSEX,SPOT,0.0,SENSEX,73580.54,73580.54,73580.54,73580.54,0,16
2026-09-24 22:50:00,SENSEX,CE,73000.0,SENSEX26SEP73000CE,578.95,578.95,578.95,578.95,0,16
2026-09-24 22:50:00,SENSEX,PE,73000.0,SENSEX26SEP73000PE,0.05,0.05,0.05,0.05,0,16
2026-09-24 22:50:00,SENSEX,CE,73100.0,SENSEX26SEP73100CE,479.55,479.55,479.55,479.55,0,16
2026-09-24 22:50:00,SENSEX,PE,73100.0,SENSEX26SEP73100PE,0.05,0.05,0.05,0.05,0,16
2026-09-24 22:50:00,SENSEX,CE,73200.0,SENSEX26SEP73200CE,379.5,379.5,379.5,379.5,0,16
2026-09-24 22:50:00,SENSEX,PE,73200.0,SENSEX26SEP73200PE,0.05,0.05,0.05,0.05,0,16
2026-09-24 22:50:00,SENSEX,CE,73300.0,SENSEX26SEP73300CE,279.9,279.9,279.9,279.9,0,16
2026-09-24 22:50:00,SENSEX,PE,73300.0,SENSEX26SEP73300PE,0.05,0.05,0.05,0.05,0,16
2026-09-24 22:50:00,SENSEX,CE,73400.0,SENSEX26SEP73400CE,180.1,180.1,180.1,180.1,0,16
2026-09-24 22:50:00,SENSEX,PE,73400.0,SENSEX26SEP73400PE,0.05,0.05,0.05,0.05,0,16
2026-09-24 22:50:00,SENSEX,CE,73500.0,SENSEX26SEP73500CE,80.35,80.35,80.35,80.35,0,16
2026-09-24 22:50:00,SENSEX,PE,73500.0,SENSEX26SEP73500PE,0.05,0.05,0.05,0.05,0,16
2026-09-24 22:50:00,SENSEX,CE,73600.0,SENSEX26SEP73600CE,0.05,0.05,0.05,0.05,0,16
2026-09-24 22:50:00,SENSEX,PE,73600.0,SENSEX26SEP73600PE,19.35,19.35,19.35,19.35,0,16
2026-09-24 22:50:00,SENSEX,CE,73700.0,SENSEX26SEP73700CE,0.05,0.05,0.05,0.05,0,16
2026-09-24 22:50:00,SENSEX,PE,73700.0,SENSEX26SEP73700PE,119.2,119.2,119.2,119.2,0,16
2026-09-24 22:50:00,SENSEX,CE,73800.0,SENSEX26SEP73800CE,0.05,0.05,0.05,0.05,0,16
2026-09-24 22:50:00,SENSEX,PE,73800.0,SENSEX26SEP73800PE,219.05,219.05,219.05,219.05,0,16
2026-09-24 22:50:00,SENSEX,CE,73900.0,SENSEX26SEP73900CE,0.05,0.05,0.05,0.05,0,16
2026-09-24 22:50:00,SENSEX,PE,73900.0,SENSEX26SEP73900PE,320.0,320.0,320.0,320.0,0,16
2026-09-24 22:50:00,SENSEX,CE,74000.0,SENSEX26SEP74000CE,0.05,0.05,0.05,0.05,0,16
2026-09-24 22:50:00,SENSEX,PE,74000.0,SENSEX26SEP74000PE,420.9,420.9,420.9,420.9,0,16
2026-09-24 22:50:00,SENSEX,CE,74100.0,SENSEX26SEP74100CE,0.05,0.05,0.05,0.05,0,16
2026-09-24 22:50:00,SENSEX,PE,74100.0,SENSEX26SEP74100PE,518.9,518.9,518.9,518.9,0,16
2026-09-24 22:50:00,SENSEX,CE,74200.0,SENSEX26SEP74200CE,0.05,0.05,0.05,0.05,0,16
2026-09-24 22:50:00,SENSEX,PE,74200.0,SENSEX26SEP74200PE,621.0,621.0,621.0,621.0,0,16
2026-09-24 22:51:00,SENSEX,FUT,0.0,SENSEX26SEPFUT,73576.6,73576.6,73576.6,73576.6,0,15
2026-09-24 22:51:00,SENSEX,SPOT,0.0,SENSEX,73580.54,73580.54,73580.54,73580.54,0,15
2026-09-24 22:51:00,SENSEX,CE,73000.0,SENSEX26SEP73000CE,578.95,578.95,578.95,578.95,0,15
2026-09-24 22:51:00,SENSEX,PE,73000.0,SENSEX26SEP73000PE,0.05,0.05,0.05,0.05,0,15
2026-09-24 22:51:00,SENSEX,CE,73100.0,SENSEX26SEP73100CE,479.55,479.55,479.55,479.55,0,15
2026-09-24 22:51:00,SENSEX,PE,73100.0,SENSEX26SEP73100PE,0.05,0.05,0.05,0.05,0,15
2026-09-24 22:51:00,SENSEX,CE,73200.0,SENSEX26SEP73200CE,379.5,379.5,379.5,379.5,0,15
2026-09-24 22:51:00,SENSEX,PE,73200.0,SENSEX26SEP73200PE,0.05,0.05,0.05,0.05,0,15
2026-09-24 22:51:00,SENSEX,CE,73300.0,SENSEX26SEP73300CE,279.9,279.9,279.9,279.9,0,15
2026-09-24 22:51:00,SENSEX,PE,73300.0,SENSEX26SEP73300PE,0.05,0.05,0.05,0.05,0,15
2026-09-24 22:51:00,SENSEX,CE,73400.0,SENSEX26SEP73400CE,180.1,180.1,180.1,180.1,0,15
2026-09-24 22:51:00,SENSEX,PE,73400.0,SENSEX26SEP73400PE,0.05,0.05,0.05,0.05,0,15
2026-09-24 22:51:00,SENSEX,CE,73500.0,SENSEX26SEP73500CE,80.35,80.35,80.35,80.35,0,15
2026-09-24 22:51:00,SENSEX,PE,73500.0,SENSEX26SEP73500PE,0.05,0.05,0.05,0.05,0,15
2026-09-24 22:51:00,SENSEX,CE,73600.0,SENSEX26SEP73600CE,0.05,0.05,0.05,0.05,0,15
2026-09-24 22:51:00,SENSEX,PE,73600.0,SENSEX26SEP73600PE,19.35,19.35,19.35,19.35,0,15
2026-09-24 22:51:00,SENSEX,CE,73700.0,SENSEX26SEP73700CE,0.05,0.05,0.05,0.05,0,15
2026-09-24 22:51:00,SENSEX,PE,73700.0,SENSEX26SEP73700PE,119.2,119.2,119.2,119.2,0,15
2026-09-24 22:51:00,SENSEX,CE,73800.0,SENSEX26SEP73800CE,0.05,0.05,0.05,0.05,0,15
2026-09-24 22:51:00,SENSEX,PE,73800.0,SENSEX26SEP73800PE,219.05,219.05,219.05,219.05,0,15
2026-09-24 22:51:00,SENSEX,CE,73900.0,SENSEX26SEP73900CE,0.05,0.05,0.05,0.05,0,15
2026-09-24 22:51:00,SENSEX,PE,73900.0,SENSEX26SEP73900PE,320.0,320.0,320.0,320.0,0,15
2026-09-24 22:51:00,SENSEX,CE,74000.0,SENSEX26SEP74000CE,0.05,0.05,0.05,0.05,0,15
2026-09-24 22:51:00,SENSEX,PE,74000.0,SENSEX26SEP74000PE,420.9,420.9,420.9,420.9,0,15
2026-09-24 22:51:00,SENSEX,CE,74100.0,SENSEX26SEP74100CE,0.05,0.05,0.05,0.05,0,15
2026-09-24 22:51:00,SENSEX,PE,74100.0,SENSEX26SEP74100PE,518.9,518.9,518.9,518.9,0,15
2026-09-24 22:51:00,SENSEX,CE,74200.0,SENSEX26SEP74200CE,0.05,0.05,0.05,0.05,0,15
2026-09-24 22:51:00,SENSEX,PE,74200.0,SENSEX26SEP74200PE,621.0,621.0,621.0,621.0,0,15
2026-09-24 22:52:00,SENSEX,FUT,0.0,SENSEX26SEPFUT,73576.6,73576.6,73576.6,73576.6,0,16
2026-09-24 22:52:00,SENSEX,SPOT,0.0,SENSEX,73580.54,73580.54,73580.54,73580.54,0,16
2026-09-24 22:52:00,SENSEX,CE,73000.0,SENSEX26SEP73000CE,578.95,578.95,578.95,578.95,0,16
2026-09-24 22:52:00,SENSEX,PE,73000.0,SENSEX26SEP73000PE,0.05,0.05,0.05,0.05,0,16
2026-09-24 22:52:00,SENSEX,CE,73100.0,SENSEX26SEP73100CE,479.55,479.55,479.55,479.55,0,16
2026-09-24 22:52:00,SENSEX,PE,73100.0,SENSEX26SEP73100PE,0.05,0.05,0.05,0.05,0,16
2026-09-24 22:52:00,SENSEX,CE,73200.0,SENSEX26SEP73200CE,379.5,379.5,379.5,379.5,0,16
2026-09-24 22:52:00,SENSEX,PE,73200.0,SENSEX26SEP73200PE,0.05,0.05,0.05,0.05,0,16
2026-09-24 22:52:00,SENSEX,CE,73300.0,SENSEX26SEP73300CE,279.9,279.9,279.9,279.9,0,16
2026-09-24 22:52:00,SENSEX,PE,73300.0,SENSEX26SEP73300PE,0.05,0.05,0.05,0.05,0,16
2026-09-24 22:52:00,SENSEX,CE,73400.0,SENSEX26SEP73400CE,180.1,180.1,180.1,180.1,0,16
2026-09-24 22:52:00,SENSEX,PE,73400.0,SENSEX26SEP73400PE,0.05,0.05,0.05,0.05,0,16
2026-09-24 22:52:00,SENSEX,CE,73500.0,SENSEX26SEP73500CE,80.35,80.35,80.35,80.35,0,16
2026-09-24 22:52:00,SENSEX,PE,73500.0,SENSEX26SEP73500PE,0.05,0.05,0.05,0.05,0,16
2026-09-24 22:52:00,SENSEX,CE,73600.0,SENSEX26SEP73600CE,0.05,0.05,0.05,0.05,0,16
2026-09-24 22:52:00,SENSEX,PE,73600.0,SENSEX26SEP73600PE,19.35,19.35,19.35,19.35,0,16
2026-09-24 22:52:00,SENSEX,CE,73700.0,SENSEX26SEP73700CE,0.05,0.05,0.05,0.05,0,16
2026-09-24 22:52:00,SENSEX,PE,73700.0,SENSEX26SEP73700PE,119.2,119.2,119.2,119.2,0,16
2026-09-24 22:52:00,SENSEX,CE,73800.0,SENSEX26SEP73800CE,0.05,0.05,0.05,0.05,0,16
2026-09-24 22:52:00,SENSEX,PE,73800.0,SENSEX26SEP73800PE,219.05,219.05,219.05,219.05,0,16
2026-09-24 22:52:00,SENSEX,CE,73900.0,SENSEX26SEP73900CE,0.05,0.05,0.05,0.05,0,16
2026-09-24 22:52:00,SENSEX,PE,73900.0,SENSEX26SEP73900PE,320.0,320.0,320.0,320.0,0,16
2026-09-24 22:52:00,SENSEX,CE,74000.0,SENSEX26SEP74000CE,0.05,0.05,0.05,0.05,0,16
2026-09-24 22:52:00,SENSEX,PE,74000.0,SENSEX26SEP74000PE,420.9,420.9,420.9,420.9,0,16
2026-09-24 22:52:00,SENSEX,CE,74100.0,SENSEX26SEP74100CE,0.05,0.05,0.05,0.05,0,16
2026-09-24 22:52:00,SENSEX,PE,74100.0,SENSEX26SEP74100PE,518.9,518.9,518.9,518.9,0,16
2026-09-24 22:52:00,SENSEX,CE,74200.0,SENSEX26SEP74200CE,0.05,0.05,0.05,0.05,0,16
2026-09-24 22:52:00,SENSEX,PE,74200.0,SENSEX26SEP74200PE,621.0,621.0,621.0,621.0,0,16
2026-09-24 22:53:00,SENSEX,FUT,0.0,SENSEX26SEPFUT,73576.6,73576.6,73576.6,73576.6,0,16
2026-09-24 22:53:00,SENSEX,SPOT,0.0,SENSEX,73580.54,73580.54,73580.54,73580.54,0,16
2026-09-24 22:53:00,SENSEX,CE,73000.0,SENSEX26SEP73000CE,578.95,578.95,578.95,578.95,0,16
2026-09-24 22:53:00,SENSEX,PE,73000.0,SENSEX26SEP73000PE,0.05,0.05,0.05,0.05,0,16
2026-09-24 22:53:00,SENSEX,CE,73100.0,SENSEX26SEP73100CE,479.55,479.55,479.55,479.55,0,16
2026-09-24 22:53:00,SENSEX,PE,73100.0,SENSEX26SEP73100PE,0.05,0.05,0.05,0.05,0,16
2026-09-24 22:53:00,SENSEX,CE,73200.0,SENSEX26SEP73200CE,379.5,379.5,379.5,379.5,0,16
2026-09-24 22:53:00,SENSEX,PE,73200.0,SENSEX26SEP73200PE,0.05,0.05,0.05,0.05,0,16
2026-09-24 22:53:00,SENSEX,CE,73300.0,SENSEX26SEP73300CE,279.9,279.9,279.9,279.9,0,16
2026-09-24 22:53:00,SENSEX,PE,73300.0,SENSEX26SEP73300PE,0.05,0.05,0.05,0.05,0,16
2026-09-24 22:53:00,SENSEX,CE,73400.0,SENSEX26SEP73400CE,180.1,180.1,180.1,180.1,0,16
2026-09-24 22:53:00,SENSEX,PE,73400.0,SENSEX26SEP73400PE,0.05,0.05,0.05,0.05,0,16
2026-09-24 22:53:00,SENSEX,CE,73500.0,SENSEX26SEP73500CE,80.35,80.35,80.35,80.35,0,16
2026-09-24 22:53:00,SENSEX,PE,73500.0,SENSEX26SEP73500PE,0.05,0.05,0.05,0.05,0,16
2026-09-24 22:53:00,SENSEX,CE,73600.0,SENSEX26SEP73600CE,0.05,0.05,0.05,0.05,0,16
2026-09-24 22:53:00,SENSEX,PE,73600.0,SENSEX26SEP73600PE,19.35,19.35,19.35,19.35,0,16
2026-09-24 22:53:00,SENSEX,CE,73700.0,SENSEX26SEP73700CE,0.05,0.05,0.05,0.05,0,16
2026-09-24 22:53:00,SENSEX,PE,73700.0,SENSEX26SEP73700PE,119.2,119.2,119.2,119.2,0,16
2026-09-24 22:53:00,SENSEX,CE,73800.0,SENSEX26SEP73800CE,0.05,0.05,0.05,0.05,0,16
2026-09-24 22:53:00,SENSEX,PE,73800.0,SENSEX26SEP73800PE,219.05,219.05,219.05,219.05,0,16
2026-09-24 22:53:00,SENSEX,CE,73900.0,SENSEX26SEP73900CE,0.05,0.05,0.05,0.05,0,16
2026-09-24 22:53:00,SENSEX,PE,73900.0,SENSEX26SEP73900PE,320.0,320.0,320.0,320.0,0,16
2026-09-24 22:53:00,SENSEX,CE,74000.0,SENSEX26SEP74000CE,0.05,0.05,0.05,0.05,0,16
2026-09-24 22:53:00,SENSEX,PE,74000.0,SENSEX26SEP74000PE,420.9,420.9,420.9,420.9,0,16
2026-09-24 22:53:00,SENSEX,CE,74100.0,SENSEX26SEP74100CE,0.05,0.05,0.05,0.05,0,16
2026-09-24 22:53:00,SENSEX,PE,74100.0,SENSEX26SEP74100PE,518.9,518.9,518.9,518.9,0,16
2026-09-24 22:53:00,SENSEX,CE,74200.0,SENSEX26SEP74200CE,0.05,0.05,0.05,0.05,0,16
2026-09-24 22:53:00,SENSEX,PE,74200.0,SENSEX26SEP74200PE,621.0,621.0,621.0,621.0,0,16
2026-09-24 22:54:00,SENSEX,FUT,0.0,SENSEX26SEPFUT,73576.6,73576.6,73576.6,73576.6,0,16
2026-09-24 22:54:00,SENSEX,SPOT,0.0,SENSEX,73580.54,73580.54,73580.54,73580.54,0,16
2026-09-24 22:54:00,SENSEX,CE,73000.0,SENSEX26SEP73000CE,578.95,578.95,578.95,578.95,0,16
2026-09-24 22:54:00,SENSEX,PE,73000.0,SENSEX26SEP73000PE,0.05,0.05,0.05,0.05,0,16
2026-09-24 22:54:00,SENSEX,CE,73100.0,SENSEX26SEP73100CE,479.55,479.55,479.55,479.55,0,16
2026-09-24 22:54:00,SENSEX,PE,73100.0,SENSEX26SEP73100PE,0.05,0.05,0.05,0.05,0,16
2026-09-24 22:54:00,SENSEX,CE,73200.0,SENSEX26SEP73200CE,379.5,379.5,379.5,379.5,0,16
2026-09-24 22:54:00,SENSEX,PE,73200.0,SENSEX26SEP73200PE,0.05,0.05,0.05,0.05,0,16
2026-09-24 22:54:00,SENSEX,CE,73300.0,SENSEX26SEP73300CE,279.9,279.9,279.9,279.9,0,16
2026-09-24 22:54:00,SENSEX,PE,73300.0,SENSEX26SEP73300PE,0.05,0.05,0.05,0.05,0,16
2026-09-24 22:54:00,SENSEX,CE,73400.0,SENSEX26SEP73400CE,180.1,180.1,180.1,180.1,0,16
2026-09-24 22:54:00,SENSEX,PE,73400.0,SENSEX26SEP73400PE,0.05,0.05,0.05,0.05,0,16
2026-09-24 22:54:00,SENSEX,CE,73500.0,SENSEX26SEP73500CE,80.35,80.35,80.35,80.35,0,16
2026-09-24 22:54:00,SENSEX,PE,73500.0,SENSEX26SEP73500PE,0.05,0.05,0.05,0.05,0,16
2026-09-24 22:54:00,SENSEX,CE,73600.0,SENSEX26SEP73600CE,0.05,0.05,0.05,0.05,0,16
2026-09-24 22:54:00,SENSEX,PE,73600.0,SENSEX26SEP73600PE,19.35,19.35,19.35,19.35,0,16
2026-09-24 22:54:00,SENSEX,CE,73700.0,SENSEX26SEP73700CE,0.05,0.05,0.05,0.05,0,16
2026-09-24 22:54:00,SENSEX,PE,73700.0,SENSEX26SEP73700PE,119.2,119.2,119.2,119.2,0,16
2026-09-24 22:54:00,SENSEX,CE,73800.0,SENSEX26SEP73800CE,0.05,0.05,0.05,0.05,0,16
2026-09-24 22:54:00,SENSEX,PE,73800.0,SENSEX26SEP73800PE,219.05,219.05,219.05,219.05,0,16
2026-09-24 22:54:00,SENSEX,CE,73900.0,SENSEX26SEP73900CE,0.05,0.05,0.05,0.05,0,16
2026-09-24 22:54:00,SENSEX,PE,73900.0,SENSEX26SEP73900PE,320.0,320.0,320.0,320.0,0,16
2026-09-24 22:54:00,SENSEX,CE,74000.0,SENSEX26SEP74000CE,0.05,0.05,0.05,0.05,0,16
2026-09-24 22:54:00,SENSEX,PE,74000.0,SENSEX26SEP74000PE,420.9,420.9,420.9,420.9,0,16
2026-09-24 22:54:00,SENSEX,CE,74100.0,SENSEX26SEP74100CE,0.05,0.05,0.05,0.05,0,16
2026-09-24 22:54:00,SENSEX,PE,74100.0,SENSEX26SEP74100PE,518.9,518.9,518.9,518.9,0,16
2026-09-24 22:54:00,SENSEX,CE,74200.0,SENSEX26SEP74200CE,0.05,0.05,0.05,0.05,0,16
2026-09-24 22:54:00,SENSEX,PE,74200.0,SENSEX26SEP74200PE,621.0,621.0,621.0,621.0,0,16
2026-09-24 22:55:00,SENSEX,FUT,0.0,SENSEX26SEPFUT,73576.6,73576.6,73576.6,73576.6,0,16
2026-09-24 22:55:00,SENSEX,SPOT,0.0,SENSEX,73580.54,73580.54,73580.54,73580.54,0,16
2026-09-24 22:55:00,SENSEX,CE,73000.0,SENSEX26SEP73000CE,578.95,578.95,578.95,578.95,0,16
2026-09-24 22:55:00,SENSEX,PE,73000.0,SENSEX26SEP73000PE,0.05,0.05,0.05,0.05,0,16
2026-09-24 22:55:00,SENSEX,CE,73100.0,SENSEX26SEP73100CE,479.55,479.55,479.55,479.55,0,16
2026-09-24 22:55:00,SENSEX,PE,73100.0,SENSEX26SEP73100PE,0.05,0.05,0.05,0.05,0,16
2026-09-24 22:55:00,SENSEX,CE,73200.0,SENSEX26SEP73200CE,379.5,379.5,379.5,379.5,0,16
2026-09-24 22:55:00,SENSEX,PE,73200.0,SENSEX26SEP73200PE,0.05,0.05,0.05,0.05,0,16
2026-09-24 22:55:00,SENSEX,CE,73300.0,SENSEX26SEP73300CE,279.9,279.9,279.9,279.9,0,16
2026-09-24 22:55:00,SENSEX,PE,73300.0,SENSEX26SEP73300PE,0.05,0.05,0.05,0.05,0,16
2026-09-24 22:55:00,SENSEX,CE,73400.0,SENSEX26SEP73400CE,180.1,180.1,180.1,180.1,0,16
2026-09-24 22:55:00,SENSEX,PE,73400.0,SENSEX26SEP73400PE,0.05,0.05,0.05,0.05,0,16
2026-09-24 22:55:00,SENSEX,CE,73500.0,SENSEX26SEP73500CE,80.35,80.35,80.35,80.35,0,16
2026-09-24 22:55:00,SENSEX,PE,73500.0,SENSEX26SEP73500PE,0.05,0.05,0.05,0.05,0,16
2026-09-24 22:55:00,SENSEX,CE,73600.0,SENSEX26SEP73600CE,0.05,0.05,0.05,0.05,0,16
2026-09-24 22:55:00,SENSEX,PE,73600.0,SENSEX26SEP73600PE,19.35,19.35,19.35,19.35,0,16
2026-09-24 22:55:00,SENSEX,CE,73700.0,SENSEX26SEP73700CE,0.05,0.05,0.05,0.05,0,16
2026-09-24 22:55:00,SENSEX,PE,73700.0,SENSEX26SEP73700PE,119.2,119.2,119.2,119.2,0,16
2026-09-24 22:55:00,SENSEX,CE,73800.0,SENSEX26SEP73800CE,0.05,0.05,0.05,0.05,0,16
2026-09-24 22:55:00,SENSEX,PE,73800.0,SENSEX26SEP73800PE,219.05,219.05,219.05,219.05,0,16
2026-09-24 22:55:00,SENSEX,CE,73900.0,SENSEX26SEP73900CE,0.05,0.05,0.05,0.05,0,16
2026-09-24 22:55:00,SENSEX,PE,73900.0,SENSEX26SEP73900PE,320.0,320.0,320.0,320.0,0,16
2026-09-24 22:55:00,SENSEX,CE,74000.0,SENSEX26SEP74000CE,0.05,0.05,0.05,0.05,0,16
2026-09-24 22:55:00,SENSEX,PE,74000.0,SENSEX26SEP74000PE,420.9,420.9,420.9,420.9,0,16
2026-09-24 22:55:00,SENSEX,CE,74100.0,SENSEX26SEP74100CE,0.05,0.05,0.05,0.05,0,16
2026-09-24 22:55:00,SENSEX,PE,74100.0,SENSEX26SEP74100PE,518.9,518.9,518.9,518.9,0,16
2026-09-24 22:55:00,SENSEX,CE,74200.0,SENSEX26SEP74200CE,0.05,0.05,0.05,0.05,0,16
2026-09-24 22:55:00,SENSEX,PE,74200.0,SENSEX26SEP74200PE,621.0,621.0,621.0,621.0,0,16
2026-09-24 22:56:00,SENSEX,FUT,0.0,SENSEX26SEPFUT,73576.6,73576.6,73576.6,73576.6,0,15
2026-09-24 22:56:00,SENSEX,SPOT,0.0,SENSEX,73580.54,73580.54,73580.54,73580.54,0,15
2026-09-24 22:56:00,SENSEX,CE,73000.0,SENSEX26SEP73000CE,578.95,578.95,578.95,578.95,0,15
2026-09-24 22:56:00,SENSEX,PE,73000.0,SENSEX26SEP73000PE,0.05,0.05,0.05,0.05,0,15
2026-09-24 22:56:00,SENSEX,CE,73100.0,SENSEX26SEP73100CE,479.55,479.55,479.55,479.55,0,15
2026-09-24 22:56:00,SENSEX,PE,73100.0,SENSEX26SEP73100PE,0.05,0.05,0.05,0.05,0,15
2026-09-24 22:56:00,SENSEX,CE,73200.0,SENSEX26SEP73200CE,379.5,379.5,379.5,379.5,0,15
2026-09-24 22:56:00,SENSEX,PE,73200.0,SENSEX26SEP73200PE,0.05,0.05,0.05,0.05,0,15
2026-09-24 22:56:00,SENSEX,CE,73300.0,SENSEX26SEP73300CE,279.9,279.9,279.9,279.9,0,15
2026-09-24 22:56:00,SENSEX,PE,73300.0,SENSEX26SEP73300PE,0.05,0.05,0.05,0.05,0,15
2026-09-24 22:56:00,SENSEX,CE,73400.0,SENSEX26SEP73400CE,180.1,180.1,180.1,180.1,0,15
2026-09-24 22:56:00,SENSEX,PE,73400.0,SENSEX26SEP73400PE,0.05,0.05,0.05,0.05,0,15
2026-09-24 22:56:00,SENSEX,CE,73500.0,SENSEX26SEP73500CE,80.35,80.35,80.35,80.35,0,15
2026-09-24 22:56:00,SENSEX,PE,73500.0,SENSEX26SEP73500PE,0.05,0.05,0.05,0.05,0,15
2026-09-24 22:56:00,SENSEX,CE,73600.0,SENSEX26SEP73600CE,0.05,0.05,0.05,0.05,0,15
2026-09-24 22:56:00,SENSEX,PE,73600.0,SENSEX26SEP73600PE,19.35,19.35,19.35,19.35,0,15
2026-09-24 22:56:00,SENSEX,CE,73700.0,SENSEX26SEP73700CE,0.05,0.05,0.05,0.05,0,15
2026-09-24 22:56:00,SENSEX,PE,73700.0,SENSEX26SEP73700PE,119.2,119.2,119.2,119.2,0,15
2026-09-24 22:56:00,SENSEX,CE,73800.0,SENSEX26SEP73800CE,0.05,0.05,0.05,0.05,0,15
2026-09-24 22:56:00,SENSEX,PE,73800.0,SENSEX26SEP73800PE,219.05,219.05,219.05,219.05,0,15
2026-09-24 22:56:00,SENSEX,CE,73900.0,SENSEX26SEP73900CE,0.05,0.05,0.05,0.05,0,15
2026-09-24 22:56:00,SENSEX,PE,73900.0,SENSEX26SEP73900PE,320.0,320.0,320.0,320.0,0,15
2026-09-24 22:56:00,SENSEX,CE,74000.0,SENSEX26SEP74000CE,0.05,0.05,0.05,0.05,0,15
2026-09-24 22:56:00,SENSEX,PE,74000.0,SENSEX26SEP74000PE,420.9,420.9,420.9,420.9,0,15
2026-09-24 22:56:00,SENSEX,CE,74100.0,SENSEX26SEP74100CE,0.05,0.05,0.05,0.05,0,15
2026-09-24 22:56:00,SENSEX,PE,74100.0,SENSEX26SEP74100PE,518.9,518.9,518.9,518.9,0,15
2026-09-24 22:56:00,SENSEX,CE,74200.0,SENSEX26SEP74200CE,0.05,0.05,0.05,0.05,0,15
2026-09-24 22:56:00,SENSEX,PE,74200.0,SENSEX26SEP74200PE,621.0,621.0,621.0,621.0,0,15
2026-09-24 22:57:00,SENSEX,FUT,0.0,SENSEX26SEPFUT,73576.6,73576.6,73576.6,73576.6,0,16
2026-09-24 22:57:00,SENSEX,SPOT,0.0,SENSEX,73580.54,73580.54,73580.54,73580.54,0,16
2026-09-24 22:57:00,SENSEX,CE,73000.0,SENSEX26SEP73000CE,578.95,578.95,578.95,578.95,0,16
2026-09-24 22:57:00,SENSEX,PE,73000.0,SENSEX26SEP73000PE,0.05,0.05,0.05,0.05,0,16
2026-09-24 22:57:00,SENSEX,CE,73100.0,SENSEX26SEP73100CE,479.55,479.55,479.55,479.55,0,16
2026-09-24 22:57:00,SENSEX,PE,73100.0,SENSEX26SEP73100PE,0.05,0.05,0.05,0.05,0,16
2026-09-24 22:57:00,SENSEX,CE,73200.0,SENSEX26SEP73200CE,379.5,379.5,379.5,379.5,0,16
2026-09-24 22:57:00,SENSEX,PE,73200.0,SENSEX26SEP73200PE,0.05,0.05,0.05,0.05,0,16
2026-09-24 22:57:00,SENSEX,CE,73300.0,SENSEX26SEP73300CE,279.9,279.9,279.9,279.9,0,16
2026-09-24 22:57:00,SENSEX,PE,73300.0,SENSEX26SEP73300PE,0.05,0.05,0.05,0.05,0,16
2026-09-24 22:57:00,SENSEX,CE,73400.0,SENSEX26SEP73400CE,180.1,180.1,180.1,180.1,0,16
2026-09-24 22:57:00,SENSEX,PE,73400.0,SENSEX26SEP73400PE,0.05,0.05,0.05,0.05,0,16
2026-09-24 22:57:00,SENSEX,CE,73500.0,SENSEX26SEP73500CE,80.35,80.35,80.35,80.35,0,16
2026-09-24 22:57:00,SENSEX,PE,73500.0,SENSEX26SEP73500PE,0.05,0.05,0.05,0.05,0,16
2026-09-24 22:57:00,SENSEX,CE,73600.0,SENSEX26SEP73600CE,0.05,0.05,0.05,0.05,0,16
2026-09-24 22:57:00,SENSEX,PE,73600.0,SENSEX26SEP73600PE,19.35,19.35,19.35,19.35,0,16
2026-09-24 22:57:00,SENSEX,CE,73700.0,SENSEX26SEP73700CE,0.05,0.05,0.05,0.05,0,16
2026-09-24 22:57:00,SENSEX,PE,73700.0,SENSEX26SEP73700PE,119.2,119.2,119.2,119.2,0,16
2026-09-24 22:57:00,SENSEX,CE,73800.0,SENSEX26SEP73800CE,0.05,0.05,0.05,0.05,0,16
2026-09-24 22:57:00,SENSEX,PE,73800.0,SENSEX26SEP73800PE,219.05,219.05,219.05,219.05,0,16
2026-09-24 22:57:00,SENSEX,CE,73900.0,SENSEX26SEP73900CE,0.05,0.05,0.05,0.05,0,16
2026-09-24 22:57:00,SENSEX,PE,73900.0,SENSEX26SEP73900PE,320.0,320.0,320.0,320.0,0,16
2026-09-24 22:57:00,SENSEX,CE,74000.0,SENSEX26SEP74000CE,0.05,0.05,0.05,0.05,0,16
2026-09-24 22:57:00,SENSEX,PE,74000.0,SENSEX26SEP74000PE,420.9,420.9,420.9,420.9,0,16
2026-09-24 22:57:00,SENSEX,CE,74100.0,SENSEX26SEP74100CE,0.05,0.05,0.05,0.05,0,16
2026-09-24 22:57:00,SENSEX,PE,74100.0,SENSEX26SEP74100PE,518.9,518.9,518.9,518.9,0,16
2026-09-24 22:57:00,SENSEX,CE,74200.0,SENSEX26SEP74200CE,0.05,0.05,0.05,0.05,0,16
2026-09-24 22:57:00,SENSEX,PE,74200.0,SENSEX26SEP74200PE,621.0,621.0,621.0,621.0,0,16
2026-09-24 22:58:00,SENSEX,FUT,0.0,SENSEX26SEPFUT,73576.6,73576.6,73576.6,73576.6,0,16
2026-09-24 22:58:00,SENSEX,SPOT,0.0,SENSEX,73580.54,73580.54,73580.54,73580.54,0,16
2026-09-24 22:58:00,SENSEX,CE,73000.0,SENSEX26SEP73000CE,578.95,578.95,578.95,578.95,0,16
2026-09-24 22:58:00,SENSEX,PE,73000.0,SENSEX26SEP73000PE,0.05,0.05,0.05,0.05,0,16
2026-09-24 22:58:00,SENSEX,CE,73100.0,SENSEX26SEP73100CE,479.55,479.55,479.55,479.55,0,16
2026-09-24 22:58:00,SENSEX,PE,73100.0,SENSEX26SEP73100PE,0.05,0.05,0.05,0.05,0,16
2026-09-24 22:58:00,SENSEX,CE,73200.0,SENSEX26SEP73200CE,379.5,379.5,379.5,379.5,0,16
2026-09-24 22:58:00,SENSEX,PE,73200.0,SENSEX26SEP73200PE,0.05,0.05,0.05,0.05,0,16
2026-09-24 22:58:00,SENSEX,CE,73300.0,SENSEX26SEP73300CE,279.9,279.9,279.9,279.9,0,16
2026-09-24 22:58:00,SENSEX,PE,73300.0,SENSEX26SEP73300PE,0.05,0.05,0.05,0.05,0,16
2026-09-24 22:58:00,SENSEX,CE,73400.0,SENSEX26SEP73400CE,180.1,180.1,180.1,180.1,0,16
2026-09-24 22:58:00,SENSEX,PE,73400.0,SENSEX26SEP73400PE,0.05,0.05,0.05,0.05,0,16
2026-09-24 22:58:00,SENSEX,CE,73500.0,SENSEX26SEP73500CE,80.35,80.35,80.35,80.35,0,16
2026-09-24 22:58:00,SENSEX,PE,73500.0,SENSEX26SEP73500PE,0.05,0.05,0.05,0.05,0,16
2026-09-24 22:58:00,SENSEX,CE,73600.0,SENSEX26SEP73600CE,0.05,0.05,0.05,0.05,0,16
2026-09-24 22:58:00,SENSEX,PE,73600.0,SENSEX26SEP73600PE,19.35,19.35,19.35,19.35,0,16
2026-09-24 22:58:00,SENSEX,CE,73700.0,SENSEX26SEP73700CE,0.05,0.05,0.05,0.05,0,16
2026-09-24 22:58:00,SENSEX,PE,73700.0,SENSEX26SEP73700PE,119.2,119.2,119.2,119.2,0,16
2026-09-24 22:58:00,SENSEX,CE,73800.0,SENSEX26SEP73800CE,0.05,0.05,0.05,0.05,0,16
2026-09-24 22:58:00,SENSEX,PE,73800.0,SENSEX26SEP73800PE,219.05,219.05,219.05,219.05,0,16
2026-09-24 22:58:00,SENSEX,CE,73900.0,SENSEX26SEP73900CE,0.05,0.05,0.05,0.05,0,16
2026-09-24 22:58:00,SENSEX,PE,73900.0,SENSEX26SEP73900PE,320.0,320.0,320.0,320.0,0,16
2026-09-24 22:58:00,SENSEX,CE,74000.0,SENSEX26SEP74000CE,0.05,0.05,0.05,0.05,0,16
2026-09-24 22:58:00,SENSEX,PE,74000.0,SENSEX26SEP74000PE,420.9,420.9,420.9,420.9,0,16
2026-09-24 22:58:00,SENSEX,CE,74100.0,SENSEX26SEP74100CE,0.05,0.05,0.05,0.05,0,16
2026-09-24 22:58:00,SENSEX,PE,74100.0,SENSEX26SEP74100PE,518.9,518.9,518.9,518.9,0,16
2026-09-24 22:58:00,SENSEX,CE,74200.0,SENSEX26SEP74200CE,0.05,0.05,0.05,0.05,0,16
2026-09-24 22:58:00,SENSEX,PE,74200.0,SENSEX26SEP74200PE,621.0,621.0,621.0,621.0,0,16
2026-09-24 22:59:00,SENSEX,FUT,0.0,SENSEX26SEPFUT,73576.6,73576.6,73576.6,73576.6,0,16
2026-09-24 22:59:00,SENSEX,SPOT,0.0,SENSEX,73580.54,73580.54,73580.54,73580.54,0,16
2026-09-24 22:59:00,SENSEX,CE,73000.0,SENSEX26SEP73000CE,578.95,578.95,578.95,578.95,0,16
2026-09-24 22:59:00,SENSEX,PE,73000.0,SENSEX26SEP73000PE,0.05,0.05,0.05,0.05,0,16
2026-09-24 22:59:00,SENSEX,CE,73100.0,SENSEX26SEP73100CE,479.55,479.55,479.55,479.55,0,16
2026-09-24 22:59:00,SENSEX,PE,73100.0,SENSEX26SEP73100PE,0.05,0.05,0.05,0.05,0,16
2026-09-24 22:59:00,SENSEX,CE,73200.0,SENSEX26SEP73200CE,379.5,379.5,379.5,379.5,0,16
2026-09-24 22:59:00,SENSEX,PE,73200.0,SENSEX26SEP73200PE,0.05,0.05,0.05,0.05,0,16
2026-09-24 22:59:00,SENSEX,CE,73300.0,SENSEX26SEP73300CE,279.9,279.9,279.9,279.9,0,16
2026-09-24 22:59:00,SENSEX,PE,73300.0,SENSEX26SEP73300PE,0.05,0.05,0.05,0.05,0,16
2026-09-24 22:59:00,SENSEX,CE,73400.0,SENSEX26SEP73400CE,180.1,180.1,180.1,180.1,0,16
2026-09-24 22:59:00,SENSEX,PE,73400.0,SENSEX26SEP73400PE,0.05,0.05,0.05,0.05,0,16
2026-09-24 22:59:00,SENSEX,CE,73500.0,SENSEX26SEP73500CE,80.35,80.35,80.35,80.35,0,16
2026-09-24 22:59:00,SENSEX,PE,73500.0,SENSEX26SEP73500PE,0.05,0.05,0.05,0.05,0,16
2026-09-24 22:59:00,SENSEX,CE,73600.0,SENSEX26SEP73600CE,0.05,0.05,0.05,0.05,0,16
2026-09-24 22:59:00,SENSEX,PE,73600.0,SENSEX26SEP73600PE,19.35,19.35,19.35,19.35,0,16
2026-09-24 22:59:00,SENSEX,CE,73700.0,SENSEX26SEP73700CE,0.05,0.05,0.05,0.05,0,16
2026-09-24 22:59:00,SENSEX,PE,73700.0,SENSEX26SEP73700PE,119.2,119.2,119.2,119.2,0,16
2026-09-24 22:59:00,SENSEX,CE,73800.0,SENSEX26SEP73800CE,0.05,0.05,0.05,0.05,0,16
2026-09-24 22:59:00,SENSEX,PE,73800.0,SENSEX26SEP73800PE,219.05,219.05,219.05,219.05,0,16
2026-09-24 22:59:00,SENSEX,CE,73900.0,SENSEX26SEP73900CE,0.05,0.05,0.05,0.05,0,16
2026-09-24 22:59:00,SENSEX,PE,73900.0,SENSEX26SEP73900PE,320.0,320.0,320.0,320.0,0,16
2026-09-24 22:59:00,SENSEX,CE,74000.0,SENSEX26SEP74000CE,0.05,0.05,0.05,0.05,0,16
2026-09-24 22:59:00,SENSEX,PE,74000.0,SENSEX26SEP74000PE,420.9,420.9,420.9,420.9,0,16
2026-09-24 22:59:00,SENSEX,CE,74100.0,SENSEX26SEP74100CE,0.05,0.05,0.05,0.05,0,16
2026-09-24 22:59:00,SENSEX,PE,74100.0,SENSEX26SEP74100PE,518.9,518.9,518.9,518.9,0,16
2026-09-24 22:59:00,SENSEX,CE,74200.0,SENSEX26SEP74200CE,0.05,0.05,0.05,0.05,0,16
2026-09-24 22:59:00,SENSEX,PE,74200.0,SENSEX26SEP74200PE,621.0,621.0,621.0,621.0,0,16
2026-09-24 23:00:00,SENSEX,FUT,0.0,SENSEX26SEPFUT,73576.6,73576.6,73576.6,73576.6,0,16
2026-09-24 23:00:00,SENSEX,SPOT,0.0,SENSEX,73580.54,73580.54,73580.54,73580.54,0,16
2026-09-24 23:00:00,SENSEX,CE,73000.0,SENSEX26SEP73000CE,578.95,578.95,578.95,578.95,0,16
2026-09-24 23:00:00,SENSEX,PE,73000.0,SENSEX26SEP73000PE,0.05,0.05,0.05,0.05,0,16
2026-09-24 23:00:00,SENSEX,CE,73100.0,SENSEX26SEP73100CE,479.55,479.55,479.55,479.55,0,16
2026-09-24 23:00:00,SENSEX,PE,73100.0,SENSEX26SEP73100PE,0.05,0.05,0.05,0.05,0,16
2026-09-24 23:00:00,SENSEX,CE,73200.0,SENSEX26SEP73200CE,379.5,379.5,379.5,379.5,0,16
2026-09-24 23:00:00,SENSEX,PE,73200.0,SENSEX26SEP73200PE,0.05,0.05,0.05,0.05,0,16
2026-09-24 23:00:00,SENSEX,CE,73300.0,SENSEX26SEP73300CE,279.9,279.9,279.9,279.9,0,16
2026-09-24 23:00:00,SENSEX,PE,73300.0,SENSEX26SEP73300PE,0.05,0.05,0.05,0.05,0,16
2026-09-24 23:00:00,SENSEX,CE,73400.0,SENSEX26SEP73400CE,180.1,180.1,180.1,180.1,0,16
2026-09-24 23:00:00,SENSEX,PE,73400.0,SENSEX26SEP73400PE,0.05,0.05,0.05,0.05,0,16
2026-09-24 23:00:00,SENSEX,CE,73500.0,SENSEX26SEP73500CE,80.35,80.35,80.35,80.35,0,16
2026-09-24 23:00:00,SENSEX,PE,73500.0,SENSEX26SEP73500PE,0.05,0.05,0.05,0.05,0,16
2026-09-24 23:00:00,SENSEX,CE,73600.0,SENSEX26SEP73600CE,0.05,0.05,0.05,0.05,0,16
2026-09-24 23:00:00,SENSEX,PE,73600.0,SENSEX26SEP73600PE,19.35,19.35,19.35,19.35,0,16
2026-09-24 23:00:00,SENSEX,CE,73700.0,SENSEX26SEP73700CE,0.05,0.05,0.05,0.05,0,16
2026-09-24 23:00:00,SENSEX,PE,73700.0,SENSEX26SEP73700PE,119.2,119.2,119.2,119.2,0,16
2026-09-24 23:00:00,SENSEX,CE,73800.0,SENSEX26SEP73800CE,0.05,0.05,0.05,0.05,0,16
2026-09-24 23:00:00,SENSEX,PE,73800.0,SENSEX26SEP73800PE,219.05,219.05,219.05,219.05,0,16
2026-09-24 23:00:00,SENSEX,CE,73900.0,SENSEX26SEP73900CE,0.05,0.05,0.05,0.05,0,16
2026-09-24 23:00:00,SENSEX,PE,73900.0,SENSEX26SEP73900PE,320.0,320.0,320.0,320.0,0,16
2026-09-24 23:00:00,SENSEX,CE,74000.0,SENSEX26SEP74000CE,0.05,0.05,0.05,0.05,0,16
2026-09-24 23:00:00,SENSEX,PE,74000.0,SENSEX26SEP74000PE,420.9,420.9,420.9,420.9,0,16
2026-09-24 23:00:00,SENSEX,CE,74100.0,SENSEX26SEP74100CE,0.05,0.05,0.05,0.05,0,16
2026-09-24 23:00:00,SENSEX,PE,74100.0,SENSEX26SEP74100PE,518.9,518.9,518.9,518.9,0,16
2026-09-24 23:00:00,SENSEX,CE,74200.0,SENSEX26SEP74200CE,0.05,0.05,0.05,0.05,0,16
2026-09-24 23:00:00,SENSEX,PE,74200.0,SENSEX26SEP74200PE,621.0,621.0,621.0,621.0,0,16
2026-09-24 23:01:00,SENSEX,FUT,0.0,SENSEX26SEPFUT,73576.6,73576.6,73576.6,73576.6,0,15
2026-09-24 23:01:00,SENSEX,SPOT,0.0,SENSEX,73580.54,73580.54,73580.54,73580.54,0,15
2026-09-24 23:01:00,SENSEX,CE,73000.0,SENSEX26SEP73000CE,578.95,578.95,578.95,578.95,0,15
2026-09-24 23:01:00,SENSEX,PE,73000.0,SENSEX26SEP73000PE,0.05,0.05,0.05,0.05,0,15
2026-09-24 23:01:00,SENSEX,CE,73100.0,SENSEX26SEP73100CE,479.55,479.55,479.55,479.55,0,15
2026-09-24 23:01:00,SENSEX,PE,73100.0,SENSEX26SEP73100PE,0.05,0.05,0.05,0.05,0,15
2026-09-24 23:01:00,SENSEX,CE,73200.0,SENSEX26SEP73200CE,379.5,379.5,379.5,379.5,0,15
2026-09-24 23:01:00,SENSEX,PE,73200.0,SENSEX26SEP73200PE,0.05,0.05,0.05,0.05,0,15
2026-09-24 23:01:00,SENSEX,CE,73300.0,SENSEX26SEP73300CE,279.9,279.9,279.9,279.9,0,15
2026-09-24 23:01:00,SENSEX,PE,73300.0,SENSEX26SEP73300PE,0.05,0.05,0.05,0.05,0,15
2026-09-24 23:01:00,SENSEX,CE,73400.0,SENSEX26SEP73400CE,180.1,180.1,180.1,180.1,0,15
2026-09-24 23:01:00,SENSEX,PE,73400.0,SENSEX26SEP73400PE,0.05,0.05,0.05,0.05,0,15
2026-09-24 23:01:00,SENSEX,CE,73500.0,SENSEX26SEP73500CE,80.35,80.35,80.35,80.35,0,15
2026-09-24 23:01:00,SENSEX,PE,73500.0,SENSEX26SEP73500PE,0.05,0.05,0.05,0.05,0,15
2026-09-24 23:01:00,SENSEX,CE,73600.0,SENSEX26SEP73600CE,0.05,0.05,0.05,0.05,0,15
2026-09-24 23:01:00,SENSEX,PE,73600.0,SENSEX26SEP73600PE,19.35,19.35,19.35,19.35,0,15
2026-09-24 23:01:00,SENSEX,CE,73700.0,SENSEX26SEP73700CE,0.05,0.05,0.05,0.05,0,15
2026-09-24 23:01:00,SENSEX,PE,73700.0,SENSEX26SEP73700PE,119.2,119.2,119.2,119.2,0,15
2026-09-24 23:01:00,SENSEX,CE,73800.0,SENSEX26SEP73800CE,0.05,0.05,0.05,0.05,0,15
2026-09-24 23:01:00,SENSEX,PE,73800.0,SENSEX26SEP73800PE,219.05,219.05,219.05,219.05,0,15
2026-09-24 23:01:00,SENSEX,CE,73900.0,SENSEX26SEP73900CE,0.05,0.05,0.05,0.05,0,15
2026-09-24 23:01:00,SENSEX,PE,73900.0,SENSEX26SEP73900PE,320.0,320.0,320.0,320.0,0,15
2026-09-24 23:01:00,SENSEX,CE,74000.0,SENSEX26SEP74000CE,0.05,0.05,0.05,0.05,0,15
2026-09-24 23:01:00,SENSEX,PE,74000.0,SENSEX26SEP74000PE,420.9,420.9,420.9,420.9,0,15
2026-09-24 23:01:00,SENSEX,CE,74100.0,SENSEX26SEP74100CE,0.05,0.05,0.05,0.05,0,15
2026-09-24 23:01:00,SENSEX,PE,74100.0,SENSEX26SEP74100PE,518.9,518.9,518.9,518.9,0,15
2026-09-24 23:01:00,SENSEX,CE,74200.0,SENSEX26SEP74200CE,0.05,0.05,0.05,0.05,0,15
2026-09-24 23:01:00,SENSEX,PE,74200.0,SENSEX26SEP74200PE,621.0,621.0,621.0,621.0,0,15
2026-09-24 23:02:00,SENSEX,FUT,0.0,SENSEX26SEPFUT,73576.6,73576.6,73576.6,73576.6,0,16
2026-09-24 23:02:00,SENSEX,SPOT,0.0,SENSEX,73580.54,73580.54,73580.54,73580.54,0,16
2026-09-24 23:02:00,SENSEX,CE,73000.0,SENSEX26SEP73000CE,578.95,578.95,578.95,578.95,0,16
2026-09-24 23:02:00,SENSEX,PE,73000.0,SENSEX26SEP73000PE,0.05,0.05,0.05,0.05,0,16
2026-09-24 23:02:00,SENSEX,CE,73100.0,SENSEX26SEP73100CE,479.55,479.55,479.55,479.55,0,16
2026-09-24 23:02:00,SENSEX,PE,73100.0,SENSEX26SEP73100PE,0.05,0.05,0.05,0.05,0,16
2026-09-24 23:02:00,SENSEX,CE,73200.0,SENSEX26SEP73200CE,379.5,379.5,379.5,379.5,0,16
2026-09-24 23:02:00,SENSEX,PE,73200.0,SENSEX26SEP73200PE,0.05,0.05,0.05,0.05,0,16
2026-09-24 23:02:00,SENSEX,CE,73300.0,SENSEX26SEP73300CE,279.9,279.9,279.9,279.9,0,16
2026-09-24 23:02:00,SENSEX,PE,73300.0,SENSEX26SEP73300PE,0.05,0.05,0.05,0.05,0,16
2026-09-24 23:02:00,SENSEX,CE,73400.0,SENSEX26SEP73400CE,180.1,180.1,180.1,180.1,0,16
2026-09-24 23:02:00,SENSEX,PE,73400.0,SENSEX26SEP73400PE,0.05,0.05,0.05,0.05,0,16
2026-09-24 23:02:00,SENSEX,CE,73500.0,SENSEX26SEP73500CE,80.35,80.35,80.35,80.35,0,16
2026-09-24 23:02:00,SENSEX,PE,73500.0,SENSEX26SEP73500PE,0.05,0.05,0.05,0.05,0,16
2026-09-24 23:02:00,SENSEX,CE,73600.0,SENSEX26SEP73600CE,0.05,0.05,0.05,0.05,0,16
2026-09-24 23:02:00,SENSEX,PE,73600.0,SENSEX26SEP73600PE,19.35,19.35,19.35,19.35,0,16
2026-09-24 23:02:00,SENSEX,CE,73700.0,SENSEX26SEP73700CE,0.05,0.05,0.05,0.05,0,16
2026-09-24 23:02:00,SENSEX,PE,73700.0,SENSEX26SEP73700PE,119.2,119.2,119.2,119.2,0,16
2026-09-24 23:02:00,SENSEX,CE,73800.0,SENSEX26SEP73800CE,0.05,0.05,0.05,0.05,0,16
2026-09-24 23:02:00,SENSEX,PE,73800.0,SENSEX26SEP73800PE,219.05,219.05,219.05,219.05,0,16
2026-09-24 23:02:00,SENSEX,CE,73900.0,SENSEX26SEP73900CE,0.05,0.05,0.05,0.05,0,16
2026-09-24 23:02:00,SENSEX,PE,73900.0,SENSEX26SEP73900PE,320.0,320.0,320.0,320.0,0,16
2026-09-24 23:02:00,SENSEX,CE,74000.0,SENSEX26SEP74000CE,0.05,0.05,0.05,0.05,0,16
2026-09-24 23:02:00,SENSEX,PE,74000.0,SENSEX26SEP74000PE,420.9,420.9,420.9,420.9,0,16
2026-09-24 23:02:00,SENSEX,CE,74100.0,SENSEX26SEP74100CE,0.05,0.05,0.05,0.05,0,16
2026-09-24 23:02:00,SENSEX,PE,74100.0,SENSEX26SEP74100PE,518.9,518.9,518.9,518.9,0,16
2026-09-24 23:02:00,SENSEX,CE,74200.0,SENSEX26SEP74200CE,0.05,0.05,0.05,0.05,0,16
2026-09-24 23:02:00,SENSEX,PE,74200.0,SENSEX26SEP74200PE,621.0,621.0,621.0,621.0,0,16
2026-09-24 23:03:00,SENSEX,FUT,0.0,SENSEX26SEPFUT,73576.6,73576.6,73576.6,73576.6,0,16
2026-09-24 23:03:00,SENSEX,SPOT,0.0,SENSEX,73580.54,73580.54,73580.54,73580.54,0,16
2026-09-24 23:03:00,SENSEX,CE,73000.0,SENSEX26SEP73000CE,578.95,578.95,578.95,578.95,0,16
2026-09-24 23:03:00,SENSEX,PE,73000.0,SENSEX26SEP73000PE,0.05,0.05,0.05,0.05,0,16
2026-09-24 23:03:00,SENSEX,CE,73100.0,SENSEX26SEP73100CE,479.55,479.55,479.55,479.55,0,16
2026-09-24 23:03:00,SENSEX,PE,73100.0,SENSEX26SEP73100PE,0.05,0.05,0.05,0.05,0,16
2026-09-24 23:03:00,SENSEX,CE,73200.0,SENSEX26SEP73200CE,379.5,379.5,379.5,379.5,0,16
2026-09-24 23:03:00,SENSEX,PE,73200.0,SENSEX26SEP73200PE,0.05,0.05,0.05,0.05,0,16
2026-09-24 23:03:00,SENSEX,CE,73300.0,SENSEX26SEP73300CE,279.9,279.9,279.9,279.9,0,16
2026-09-24 23:03:00,SENSEX,PE,73300.0,SENSEX26SEP73300PE,0.05,0.05,0.05,0.05,0,16
2026-09-24 23:03:00,SENSEX,CE,73400.0,SENSEX26SEP73400CE,180.1,180.1,180.1,180.1,0,16
2026-09-24 23:03:00,SENSEX,PE,73400.0,SENSEX26SEP73400PE,0.05,0.05,0.05,0.05,0,16
2026-09-24 23:03:00,SENSEX,CE,73500.0,SENSEX26SEP73500CE,80.35,80.35,80.35,80.35,0,16
2026-09-24 23:03:00,SENSEX,PE,73500.0,SENSEX26SEP73500PE,0.05,0.05,0.05,0.05,0,16
2026-09-24 23:03:00,SENSEX,CE,73600.0,SENSEX26SEP73600CE,0.05,0.05,0.05,0.05,0,16
2026-09-24 23:03:00,SENSEX,PE,73600.0,SENSEX26SEP73600PE,19.35,19.35,19.35,19.35,0,16
2026-09-24 23:03:00,SENSEX,CE,73700.0,SENSEX26SEP73700CE,0.05,0.05,0.05,0.05,0,16
2026-09-24 23:03:00,SENSEX,PE,73700.0,SENSEX26SEP73700PE,119.2,119.2,119.2,119.2,0,16
2026-09-24 23:03:00,SENSEX,CE,73800.0,SENSEX26SEP73800CE,0.05,0.05,0.05,0.05,0,16
2026-09-24 23:03:00,SENSEX,PE,73800.0,SENSEX26SEP73800PE,219.05,219.05,219.05,219.05,0,16
2026-09-24 23:03:00,SENSEX,CE,73900.0,SENSEX26SEP73900CE,0.05,0.05,0.05,0.05,0,16
2026-09-24 23:03:00,SENSEX,PE,73900.0,SENSEX26SEP73900PE,320.0,320.0,320.0,320.0,0,16
2026-09-24 23:03:00,SENSEX,CE,74000.0,SENSEX26SEP74000CE,0.05,0.05,0.05,0.05,0,16
2026-09-24 23:03:00,SENSEX,PE,74000.0,SENSEX26SEP74000PE,420.9,420.9,420.9,420.9,0,16
2026-09-24 23:03:00,SENSEX,CE,74100.0,SENSEX26SEP74100CE,0.05,0.05,0.05,0.05,0,16
2026-09-24 23:03:00,SENSEX,PE,74100.0,SENSEX26SEP74100PE,518.9,518.9,518.9,518.9,0,16
2026-09-24 23:03:00,SENSEX,CE,74200.0,SENSEX26SEP74200CE,0.05,0.05,0.05,0.05,0,16
2026-09-24 23:03:00,SENSEX,PE,74200.0,SENSEX26SEP74200PE,621.0,621.0,621.0,621.0,0,16
2026-09-24 23:04:00,SENSEX,FUT,0.0,SENSEX26SEPFUT,73576.6,73576.6,73576.6,73576.6,0,8
2026-09-24 23:04:00,SENSEX,SPOT,0.0,SENSEX,73580.54,73580.54,73580.54,73580.54,0,8
2026-09-24 23:04:00,SENSEX,CE,73000.0,SENSEX26SEP73000CE,578.95,578.95,578.95,578.95,0,8
2026-09-24 23:04:00,SENSEX,PE,73000.0,SENSEX26SEP73000PE,0.05,0.05,0.05,0.05,0,8
2026-09-24 23:04:00,SENSEX,CE,73100.0,SENSEX26SEP73100CE,479.55,479.55,479.55,479.55,0,8
2026-09-24 23:04:00,SENSEX,PE,73100.0,SENSEX26SEP73100PE,0.05,0.05,0.05,0.05,0,8
2026-09-24 23:04:00,SENSEX,CE,73200.0,SENSEX26SEP73200CE,379.5,379.5,379.5,379.5,0,8
2026-09-24 23:04:00,SENSEX,PE,73200.0,SENSEX26SEP73200PE,0.05,0.05,0.05,0.05,0,8
2026-09-24 23:04:00,SENSEX,CE,73300.0,SENSEX26SEP73300CE,279.9,279.9,279.9,279.9,0,8
2026-09-24 23:04:00,SENSEX,PE,73300.0,SENSEX26SEP73300PE,0.05,0.05,0.05,0.05,0,8
2026-09-24 23:04:00,SENSEX,CE,73400.0,SENSEX26SEP73400CE,180.1,180.1,180.1,180.1,0,8
2026-09-24 23:04:00,SENSEX,PE,73400.0,SENSEX26SEP73400PE,0.05,0.05,0.05,0.05,0,8
2026-09-24 23:04:00,SENSEX,CE,73500.0,SENSEX26SEP73500CE,80.35,80.35,80.35,80.35,0,8
2026-09-24 23:04:00,SENSEX,PE,73500.0,SENSEX26SEP73500PE,0.05,0.05,0.05,0.05,0,8
2026-09-24 23:04:00,SENSEX,CE,73600.0,SENSEX26SEP73600CE,0.05,0.05,0.05,0.05,0,8
2026-09-24 23:04:00,SENSEX,PE,73600.0,SENSEX26SEP73600PE,19.35,19.35,19.35,19.35,0,8
2026-09-24 23:04:00,SENSEX,CE,73700.0,SENSEX26SEP73700CE,0.05,0.05,0.05,0.05,0,8
2026-09-24 23:04:00,SENSEX,PE,73700.0,SENSEX26SEP73700PE,119.2,119.2,119.2,119.2,0,8
2026-09-24 23:04:00,SENSEX,CE,73800.0,SENSEX26SEP73800CE,0.05,0.05,0.05,0.05,0,8
2026-09-24 23:04:00,SENSEX,PE,73800.0,SENSEX26SEP73800PE,219.05,219.05,219.05,219.05,0,8
2026-09-24 23:04:00,SENSEX,CE,73900.0,SENSEX26SEP73900CE,0.05,0.05,0.05,0.05,0,8
2026-09-24 23:04:00,SENSEX,PE,73900.0,SENSEX26SEP73900PE,320.0,320.0,320.0,320.0,0,8
2026-09-24 23:04:00,SENSEX,CE,74000.0,SENSEX26SEP74000CE,0.05,0.05,0.05,0.05,0,8
2026-09-24 23:04:00,SENSEX,PE,74000.0,SENSEX26SEP74000PE,420.9,420.9,420.9,420.9,0,8
2026-09-24 23:04:00,SENSEX,CE,74100.0,SENSEX26SEP74100CE,0.05,0.05,0.05,0.05,0,8
2026-09-24 23:04:00,SENSEX,PE,74100.0,SENSEX26SEP74100PE,518.9,518.9,518.9,518.9,0,8
2026-09-24 23:04:00,SENSEX,CE,74200.0,SENSEX26SEP74200CE,0.05,0.05,0.05,0.05,0,8
2026-09-24 23:04:00,SENSEX,PE,74200.0,SENSEX26SEP74200PE,621.0,621.0,621.0,621.0,0,8
2026-09-24 23:05:00,SENSEX,FUT,0.0,SENSEX26SEPFUT,73576.6,73576.6,73576.6,73576.6,0,8
2026-09-24 23:05:00,SENSEX,SPOT,0.0,SENSEX,73580.54,73580.54,73580.54,73580.54,0,8
2026-09-24 23:05:00,SENSEX,CE,73000.0,SENSEX26SEP73000CE,578.95,578.95,578.95,578.95,0,8
2026-09-24 23:05:00,SENSEX,PE,73000.0,SENSEX26SEP73000PE,0.05,0.05,0.05,0.05,0,8
2026-09-24 23:05:00,SENSEX,CE,73100.0,SENSEX26SEP73100CE,479.55,479.55,479.55,479.55,0,8
2026-09-24 23:05:00,SENSEX,PE,73100.0,SENSEX26SEP73100PE,0.05,0.05,0.05,0.05,0,8
2026-09-24 23:05:00,SENSEX,CE,73200.0,SENSEX26SEP73200CE,379.5,379.5,379.5,379.5,0,8
2026-09-24 23:05:00,SENSEX,PE,73200.0,SENSEX26SEP73200PE,0.05,0.05,0.05,0.05,0,8
2026-09-24 23:05:00,SENSEX,CE,73300.0,SENSEX26SEP73300CE,279.9,279.9,279.9,279.9,0,8
2026-09-24 23:05:00,SENSEX,PE,73300.0,SENSEX26SEP73300PE,0.05,0.05,0.05,0.05,0,8
2026-09-24 23:05:00,SENSEX,CE,73400.0,SENSEX26SEP73400CE,180.1,180.1,180.1,180.1,0,8
2026-09-24 23:05:00,SENSEX,PE,73400.0,SENSEX26SEP73400PE,0.05,0.05,0.05,0.05,0,8
2026-09-24 23:05:00,SENSEX,CE,73500.0,SENSEX26SEP73500CE,80.35,80.35,80.35,80.35,0,8
2026-09-24 23:05:00,SENSEX,PE,73500.0,SENSEX26SEP73500PE,0.05,0.05,0.05,0.05,0,8
2026-09-24 23:05:00,SENSEX,CE,73600.0,SENSEX26SEP73600CE,0.05,0.05,0.05,0.05,0,8
2026-09-24 23:05:00,SENSEX,PE,73600.0,SENSEX26SEP73600PE,19.35,19.35,19.35,19.35,0,8
2026-09-24 23:05:00,SENSEX,CE,73700.0,SENSEX26SEP73700CE,0.05,0.05,0.05,0.05,0,8
2026-09-24 23:05:00,SENSEX,PE,73700.0,SENSEX26SEP73700PE,119.2,119.2,119.2,119.2,0,8
2026-09-24 23:05:00,SENSEX,CE,73800.0,SENSEX26SEP73800CE,0.05,0.05,0.05,0.05,0,8
2026-09-24 23:05:00,SENSEX,PE,73800.0,SENSEX26SEP73800PE,219.05,219.05,219.05,219.05,0,8
2026-09-24 23:05:00,SENSEX,CE,73900.0,SENSEX26SEP73900CE,0.05,0.05,0.05,0.05,0,8
2026-09-24 23:05:00,SENSEX,PE,73900.0,SENSEX26SEP73900PE,320.0,320.0,320.0,320.0,0,8
2026-09-24 23:05:00,SENSEX,CE,74000.0,SENSEX26SEP74000CE,0.05,0.05,0.05,0.05,0,8
2026-09-24 23:05:00,SENSEX,PE,74000.0,SENSEX26SEP74000PE,420.9,420.9,420.9,420.9,0,8
2026-09-24 23:05:00,SENSEX,CE,74100.0,SENSEX26SEP74100CE,0.05,0.05,0.05,0.05,0,8
2026-09-24 23:05:00,SENSEX,PE,74100.0,SENSEX26SEP74100PE,518.9,518.9,518.9,518.9,0,8
2026-09-24 23:05:00,SENSEX,CE,74200.0,SENSEX26SEP74200CE,0.05,0.05,0.05,0.05,0,8
2026-09-24 23:05:00,SENSEX,PE,74200.0,SENSEX26SEP74200PE,621.0,621.0,621.0,621.0,0,8
2026-09-24 23:06:00,SENSEX,FUT,0.0,SENSEX26SEPFUT,73576.6,73576.6,73576.6,73576.6,0,16
2026-09-24 23:06:00,SENSEX,SPOT,0.0,SENSEX,73580.54,73580.54,73580.54,73580.54,0,16
2026-09-24 23:06:00,SENSEX,CE,73000.0,SENSEX26SEP73000CE,578.95,578.95,578.95,578.95,0,16
2026-09-24 23:06:00,SENSEX,PE,73000.0,SENSEX26SEP73000PE,0.05,0.05,0.05,0.05,0,16
2026-09-24 23:06:00,SENSEX,CE,73100.0,SENSEX26SEP73100CE,479.55,479.55,479.55,479.55,0,16
2026-09-24 23:06:00,SENSEX,PE,73100.0,SENSEX26SEP73100PE,0.05,0.05,0.05,0.05,0,16
2026-09-24 23:06:00,SENSEX,CE,73200.0,SENSEX26SEP73200CE,379.5,379.5,379.5,379.5,0,16
2026-09-24 23:06:00,SENSEX,PE,73200.0,SENSEX26SEP73200PE,0.05,0.05,0.05,0.05,0,16
2026-09-24 23:06:00,SENSEX,CE,73300.0,SENSEX26SEP73300CE,279.9,279.9,279.9,279.9,0,16
2026-09-24 23:06:00,SENSEX,PE,73300.0,SENSEX26SEP73300PE,0.05,0.05,0.05,0.05,0,16
2026-09-24 23:06:00,SENSEX,CE,73400.0,SENSEX26SEP73400CE,180.1,180.1,180.1,180.1,0,16
2026-09-24 23:06:00,SENSEX,PE,73400.0,SENSEX26SEP73400PE,0.05,0.05,0.05,0.05,0,16
2026-09-24 23:06:00,SENSEX,CE,73500.0,SENSEX26SEP73500CE,80.35,80.35,80.35,80.35,0,16
2026-09-24 23:06:00,SENSEX,PE,73500.0,SENSEX26SEP73500PE,0.05,0.05,0.05,0.05,0,16
2026-09-24 23:06:00,SENSEX,CE,73600.0,SENSEX26SEP73600CE,0.05,0.05,0.05,0.05,0,16
2026-09-24 23:06:00,SENSEX,PE,73600.0,SENSEX26SEP73600PE,19.35,19.35,19.35,19.35,0,16
2026-09-24 23:06:00,SENSEX,CE,73700.0,SENSEX26SEP73700CE,0.05,0.05,0.05,0.05,0,16
2026-09-24 23:06:00,SENSEX,PE,73700.0,SENSEX26SEP73700PE,119.2,119.2,119.2,119.2,0,16
2026-09-24 23:06:00,SENSEX,CE,73800.0,SENSEX26SEP73800CE,0.05,0.05,0.05,0.05,0,16
2026-09-24 23:06:00,SENSEX,PE,73800.0,SENSEX26SEP73800PE,219.05,219.05,219.05,219.05,0,16
2026-09-24 23:06:00,SENSEX,CE,73900.0,SENSEX26SEP73900CE,0.05,0.05,0.05,0.05,0,16
2026-09-24 23:06:00,SENSEX,PE,73900.0,SENSEX26SEP73900PE,320.0,320.0,320.0,320.0,0,16
2026-09-24 23:06:00,SENSEX,CE,74000.0,SENSEX26SEP74000CE,0.05,0.05,0.05,0.05,0,16
2026-09-24 23:06:00,SENSEX,PE,74000.0,SENSEX26SEP74000PE,420.9,420.9,420.9,420.9,0,16
2026-09-24 23:06:00,SENSEX,CE,74100.0,SENSEX26SEP74100CE,0.05,0.05,0.05,0.05,0,16
2026-09-24 23:06:00,SENSEX,PE,74100.0,SENSEX26SEP74100PE,518.9,518.9,518.9,518.9,0,16
2026-09-24 23:06:00,SENSEX,CE,74200.0,SENSEX26SEP74200CE,0.05,0.05,0.05,0.05,0,16
2026-09-24 23:06:00,SENSEX,PE,74200.0,SENSEX26SEP74200PE,621.0,621.0,621.0,621.0,0,16
2026-09-24 23:07:00,SENSEX,FUT,0.0,SENSEX26SEPFUT,73576.6,73576.6,73576.6,73576.6,0,16
2026-09-24 23:07:00,SENSEX,SPOT,0.0,SENSEX,73580.54,73580.54,73580.54,73580.54,0,16
2026-09-24 23:07:00,SENSEX,CE,73000.0,SENSEX26SEP73000CE,578.95,578.95,578.95,578.95,0,16
2026-09-24 23:07:00,SENSEX,PE,73000.0,SENSEX26SEP73000PE,0.05,0.05,0.05,0.05,0,16
2026-09-24 23:07:00,SENSEX,CE,73100.0,SENSEX26SEP73100CE,479.55,479.55,479.55,479.55,0,16
2026-09-24 23:07:00,SENSEX,PE,73100.0,SENSEX26SEP73100PE,0.05,0.05,0.05,0.05,0,16
2026-09-24 23:07:00,SENSEX,CE,73200.0,SENSEX26SEP73200CE,379.5,379.5,379.5,379.5,0,16
2026-09-24 23:07:00,SENSEX,PE,73200.0,SENSEX26SEP73200PE,0.05,0.05,0.05,0.05,0,16
2026-09-24 23:07:00,SENSEX,CE,73300.0,SENSEX26SEP73300CE,279.9,279.9,279.9,279.9,0,16
2026-09-24 23:07:00,SENSEX,PE,73300.0,SENSEX26SEP73300PE,0.05,0.05,0.05,0.05,0,16
2026-09-24 23:07:00,SENSEX,CE,73400.0,SENSEX26SEP73400CE,180.1,180.1,180.1,180.1,0,16
2026-09-24 23:07:00,SENSEX,PE,73400.0,SENSEX26SEP73400PE,0.05,0.05,0.05,0.05,0,16
2026-09-24 23:07:00,SENSEX,CE,73500.0,SENSEX26SEP73500CE,80.35,80.35,80.35,80.35,0,16
2026-09-24 23:07:00,SENSEX,PE,73500.0,SENSEX26SEP73500PE,0.05,0.05,0.05,0.05,0,16
2026-09-24 23:07:00,SENSEX,CE,73600.0,SENSEX26SEP73600CE,0.05,0.05,0.05,0.05,0,16
2026-09-24 23:07:00,SENSEX,PE,73600.0,SENSEX26SEP73600PE,19.35,19.35,19.35,19.35,0,16
2026-09-24 23:07:00,SENSEX,CE,73700.0,SENSEX26SEP73700CE,0.05,0.05,0.05,0.05,0,16
2026-09-24 23:07:00,SENSEX,PE,73700.0,SENSEX26SEP73700PE,119.2,119.2,119.2,119.2,0,16
2026-09-24 23:07:00,SENSEX,CE,73800.0,SENSEX26SEP73800CE,0.05,0.05,0.05,0.05,0,16
2026-09-24 23:07:00,SENSEX,PE,73800.0,SENSEX26SEP73800PE,219.05,219.05,219.05,219.05,0,16
2026-09-24 23:07:00,SENSEX,CE,73900.0,SENSEX26SEP73900CE,0.05,0.05,0.05,0.05,0,16
2026-09-24 23:07:00,SENSEX,PE,73900.0,SENSEX26SEP73900PE,320.0,320.0,320.0,320.0,0,16
2026-09-24 23:07:00,SENSEX,CE,74000.0,SENSEX26SEP74000CE,0.05,0.05,0.05,0.05,0,16
2026-09-24 23:07:00,SENSEX,PE,74000.0,SENSEX26SEP74000PE,420.9,420.9,420.9,420.9,0,16
2026-09-24 23:07:00,SENSEX,CE,74100.0,SENSEX26SEP74100CE,0.05,0.05,0.05,0.05,0,16
2026-09-24 23:07:00,SENSEX,PE,74100.0,SENSEX26SEP74100PE,518.9,518.9,518.9,518.9,0,16
2026-09-24 23:07:00,SENSEX,CE,74200.0,SENSEX26SEP74200CE,0.05,0.05,0.05,0.05,0,16
2026-09-24 23:07:00,SENSEX,PE,74200.0,SENSEX26SEP74200PE,621.0,621.0,621.0,621.0,0,16
2026-09-24 23:08:00,SENSEX,FUT,0.0,SENSEX26SEPFUT,73576.6,73576.6,73576.6,73576.6,0,16
2026-09-24 23:08:00,SENSEX,SPOT,0.0,SENSEX,73580.54,73580.54,73580.54,73580.54,0,16
2026-09-24 23:08:00,SENSEX,CE,73000.0,SENSEX26SEP73000CE,578.95,578.95,578.95,578.95,0,16
2026-09-24 23:08:00,SENSEX,PE,73000.0,SENSEX26SEP73000PE,0.05,0.05,0.05,0.05,0,16
2026-09-24 23:08:00,SENSEX,CE,73100.0,SENSEX26SEP73100CE,479.55,479.55,479.55,479.55,0,16
2026-09-24 23:08:00,SENSEX,PE,73100.0,SENSEX26SEP73100PE,0.05,0.05,0.05,0.05,0,16
2026-09-24 23:08:00,SENSEX,CE,73200.0,SENSEX26SEP73200CE,379.5,379.5,379.5,379.5,0,16
2026-09-24 23:08:00,SENSEX,PE,73200.0,SENSEX26SEP73200PE,0.05,0.05,0.05,0.05,0,16
2026-09-24 23:08:00,SENSEX,CE,73300.0,SENSEX26SEP73300CE,279.9,279.9,279.9,279.9,0,16
2026-09-24 23:08:00,SENSEX,PE,73300.0,SENSEX26SEP73300PE,0.05,0.05,0.05,0.05,0,16
2026-09-24 23:08:00,SENSEX,CE,73400.0,SENSEX26SEP73400CE,180.1,180.1,180.1,180.1,0,16
2026-09-24 23:08:00,SENSEX,PE,73400.0,SENSEX26SEP73400PE,0.05,0.05,0.05,0.05,0,16
2026-09-24 23:08:00,SENSEX,CE,73500.0,SENSEX26SEP73500CE,80.35,80.35,80.35,80.35,0,16
2026-09-24 23:08:00,SENSEX,PE,73500.0,SENSEX26SEP73500PE,0.05,0.05,0.05,0.05,0,16
2026-09-24 23:08:00,SENSEX,CE,73600.0,SENSEX26SEP73600CE,0.05,0.05,0.05,0.05,0,16
2026-09-24 23:08:00,SENSEX,PE,73600.0,SENSEX26SEP73600PE,19.35,19.35,19.35,19.35,0,16
2026-09-24 23:08:00,SENSEX,CE,73700.0,SENSEX26SEP73700CE,0.05,0.05,0.05,0.05,0,16
2026-09-24 23:08:00,SENSEX,PE,73700.0,SENSEX26SEP73700PE,119.2,119.2,119.2,119.2,0,16
2026-09-24 23:08:00,SENSEX,CE,73800.0,SENSEX26SEP73800CE,0.05,0.05,0.05,0.05,0,16
2026-09-24 23:08:00,SENSEX,PE,73800.0,SENSEX26SEP73800PE,219.05,219.05,219.05,219.05,0,16
2026-09-24 23:08:00,SENSEX,CE,73900.0,SENSEX26SEP73900CE,0.05,0.05,0.05,0.05,0,16
2026-09-24 23:08:00,SENSEX,PE,73900.0,SENSEX26SEP73900PE,320.0,320.0,320.0,320.0,0,16
2026-09-24 23:08:00,SENSEX,CE,74000.0,SENSEX26SEP74000CE,0.05,0.05,0.05,0.05,0,16
2026-09-24 23:08:00,SENSEX,PE,74000.0,SENSEX26SEP74000PE,420.9,420.9,420.9,420.9,0,16
2026-09-24 23:08:00,SENSEX,CE,74100.0,SENSEX26SEP74100CE,0.05,0.05,0.05,0.05,0,16
2026-09-24 23:08:00,SENSEX,PE,74100.0,SENSEX26SEP74100PE,518.9,518.9,518.9,518.9,0,16
2026-09-24 23:08:00,SENSEX,CE,74200.0,SENSEX26SEP74200CE,0.05,0.05,0.05,0.05,0,16
2026-09-24 23:08:00,SENSEX,PE,74200.0,SENSEX26SEP74200PE,621.0,621.0,621.0,621.0,0,16
2026-09-24 23:09:00,SENSEX,FUT,0.0,SENSEX26SEPFUT,73576.6,73576.6,73576.6,73576.6,0,16
2026-09-24 23:09:00,SENSEX,SPOT,0.0,SENSEX,73580.54,73580.54,73580.54,73580.54,0,16
2026-09-24 23:09:00,SENSEX,CE,73000.0,SENSEX26SEP73000CE,578.95,578.95,578.95,578.95,0,16
2026-09-24 23:09:00,SENSEX,PE,73000.0,SENSEX26SEP73000PE,0.05,0.05,0.05,0.05,0,16
2026-09-24 23:09:00,SENSEX,CE,73100.0,SENSEX26SEP73100CE,479.55,479.55,479.55,479.55,0,16
2026-09-24 23:09:00,SENSEX,PE,73100.0,SENSEX26SEP73100PE,0.05,0.05,0.05,0.05,0,16
2026-09-24 23:09:00,SENSEX,CE,73200.0,SENSEX26SEP73200CE,379.5,379.5,379.5,379.5,0,16
2026-09-24 23:09:00,SENSEX,PE,73200.0,SENSEX26SEP73200PE,0.05,0.05,0.05,0.05,0,16
2026-09-24 23:09:00,SENSEX,CE,73300.0,SENSEX26SEP73300CE,279.9,279.9,279.9,279.9,0,16
2026-09-24 23:09:00,SENSEX,PE,73300.0,SENSEX26SEP73300PE,0.05,0.05,0.05,0.05,0,16
2026-09-24 23:09:00,SENSEX,CE,73400.0,SENSEX26SEP73400CE,180.1,180.1,180.1,180.1,0,16
2026-09-24 23:09:00,SENSEX,PE,73400.0,SENSEX26SEP73400PE,0.05,0.05,0.05,0.05,0,16
2026-09-24 23:09:00,SENSEX,CE,73500.0,SENSEX26SEP73500CE,80.35,80.35,80.35,80.35,0,16
2026-09-24 23:09:00,SENSEX,PE,73500.0,SENSEX26SEP73500PE,0.05,0.05,0.05,0.05,0,16
2026-09-24 23:09:00,SENSEX,CE,73600.0,SENSEX26SEP73600CE,0.05,0.05,0.05,0.05,0,16
2026-09-24 23:09:00,SENSEX,PE,73600.0,SENSEX26SEP73600PE,19.35,19.35,19.35,19.35,0,16
2026-09-24 23:09:00,SENSEX,CE,73700.0,SENSEX26SEP73700CE,0.05,0.05,0.05,0.05,0,16
2026-09-24 23:09:00,SENSEX,PE,73700.0,SENSEX26SEP73700PE,119.2,119.2,119.2,119.2,0,16
2026-09-24 23:09:00,SENSEX,CE,73800.0,SENSEX26SEP73800CE,0.05,0.05,0.05,0.05,0,16
2026-09-24 23:09:00,SENSEX,PE,73800.0,SENSEX26SEP73800PE,219.05,219.05,219.05,219.05,0,16
2026-09-24 23:09:00,SENSEX,CE,73900.0,SENSEX26SEP73900CE,0.05,0.05,0.05,0.05,0,16
2026-09-24 23:09:00,SENSEX,PE,73900.0,SENSEX26SEP73900PE,320.0,320.0,320.0,320.0,0,16
2026-09-24 23:09:00,SENSEX,CE,74000.0,SENSEX26SEP74000CE,0.05,0.05,0.05,0.05,0,16
2026-09-24 23:09:00,SENSEX,PE,74000.0,SENSEX26SEP74000PE,420.9,420.9,420.9,420.9,0,16
2026-09-24 23:09:00,SENSEX,CE,74100.0,SENSEX26SEP74100CE,0.05,0.05,0.05,0.05,0,16
2026-09-24 23:09:00,SENSEX,PE,74100.0,SENSEX26SEP74100PE,518.9,518.9,518.9,518.9,0,16
2026-09-24 23:09:00,SENSEX,CE,74200.0,SENSEX26SEP74200CE,0.05,0.05,0.05,0.05,0,16
2026-09-24 23:09:00,SENSEX,PE,74200.0,SENSEX26SEP74200PE,621.0,621.0,621.0,621.0,0,16
2026-09-24 23:10:00,SENSEX,FUT,0.0,SENSEX26SEPFUT,73576.6,73576.6,73576.6,73576.6,0,16
2026-09-24 23:10:00,SENSEX,SPOT,0.0,SENSEX,73580.54,73580.54,73580.54,73580.54,0,16
2026-09-24 23:10:00,SENSEX,CE,73000.0,SENSEX26SEP73000CE,578.95,578.95,578.95,578.95,0,16
2026-09-24 23:10:00,SENSEX,PE,73000.0,SENSEX26SEP73000PE,0.05,0.05,0.05,0.05,0,16
2026-09-24 23:10:00,SENSEX,CE,73100.0,SENSEX26SEP73100CE,479.55,479.55,479.55,479.55,0,16
2026-09-24 23:10:00,SENSEX,PE,73100.0,SENSEX26SEP73100PE,0.05,0.05,0.05,0.05,0,16
2026-09-24 23:10:00,SENSEX,CE,73200.0,SENSEX26SEP73200CE,379.5,379.5,379.5,379.5,0,16
2026-09-24 23:10:00,SENSEX,PE,73200.0,SENSEX26SEP73200PE,0.05,0.05,0.05,0.05,0,16
2026-09-24 23:10:00,SENSEX,CE,73300.0,SENSEX26SEP73300CE,279.9,279.9,279.9,279.9,0,16
2026-09-24 23:10:00,SENSEX,PE,73300.0,SENSEX26SEP73300PE,0.05,0.05,0.05,0.05,0,16
2026-09-24 23:10:00,SENSEX,CE,73400.0,SENSEX26SEP73400CE,180.1,180.1,180.1,180.1,0,16
2026-09-24 23:10:00,SENSEX,PE,73400.0,SENSEX26SEP73400PE,0.05,0.05,0.05,0.05,0,16
2026-09-24 23:10:00,SENSEX,CE,73500.0,SENSEX26SEP73500CE,80.35,80.35,80.35,80.35,0,16
2026-09-24 23:10:00,SENSEX,PE,73500.0,SENSEX26SEP73500PE,0.05,0.05,0.05,0.05,0,16
2026-09-24 23:10:00,SENSEX,CE,73600.0,SENSEX26SEP73600CE,0.05,0.05,0.05,0.05,0,16
2026-09-24 23:10:00,SENSEX,PE,73600.0,SENSEX26SEP73600PE,19.35,19.35,19.35,19.35,0,16
2026-09-24 23:10:00,SENSEX,CE,73700.0,SENSEX26SEP73700CE,0.05,0.05,0.05,0.05,0,16
2026-09-24 23:10:00,SENSEX,PE,73700.0,SENSEX26SEP73700PE,119.2,119.2,119.2,119.2,0,16
2026-09-24 23:10:00,SENSEX,CE,73800.0,SENSEX26SEP73800CE,0.05,0.05,0.05,0.05,0,16
2026-09-24 23:10:00,SENSEX,PE,73800.0,SENSEX26SEP73800PE,219.05,219.05,219.05,219.05,0,16
2026-09-24 23:10:00,SENSEX,CE,73900.0,SENSEX26SEP73900CE,0.05,0.05,0.05,0.05,0,16
2026-09-24 23:10:00,SENSEX,PE,73900.0,SENSEX26SEP73900PE,320.0,320.0,320.0,320.0,0,16
2026-09-24 23:10:00,SENSEX,CE,74000.0,SENSEX26SEP74000CE,0.05,0.05,0.05,0.05,0,16
2026-09-24 23:10:00,SENSEX,PE,74000.0,SENSEX26SEP74000PE,420.9,420.9,420.9,420.9,0,16
2026-09-24 23:10:00,SENSEX,CE,74100.0,SENSEX26SEP74100CE,0.05,0.05,0.05,0.05,0,16
2026-09-24 23:10:00,SENSEX,PE,74100.0,SENSEX26SEP74100PE,518.9,518.9,518.9,518.9,0,16
2026-09-24 23:10:00,SENSEX,CE,74200.0,SENSEX26SEP74200CE,0.05,0.05,0.05,0.05,0,16
2026-09-24 23:10:00,SENSEX,PE,74200.0,SENSEX26SEP74200PE,621.0,621.0,621.0,621.0,0,16
2026-09-24 23:11:00,SENSEX,FUT,0.0,SENSEX26SEPFUT,73576.6,73576.6,73576.6,73576.6,0,16
2026-09-24 23:11:00,SENSEX,SPOT,0.0,SENSEX,73580.54,73580.54,73580.54,73580.54,0,16
2026-09-24 23:11:00,SENSEX,CE,73000.0,SENSEX26SEP73000CE,578.95,578.95,578.95,578.95,0,16
2026-09-24 23:11:00,SENSEX,PE,73000.0,SENSEX26SEP73000PE,0.05,0.05,0.05,0.05,0,16
2026-09-24 23:11:00,SENSEX,CE,73100.0,SENSEX26SEP73100CE,479.55,479.55,479.55,479.55,0,16
2026-09-24 23:11:00,SENSEX,PE,73100.0,SENSEX26SEP73100PE,0.05,0.05,0.05,0.05,0,16
2026-09-24 23:11:00,SENSEX,CE,73200.0,SENSEX26SEP73200CE,379.5,379.5,379.5,379.5,0,16
2026-09-24 23:11:00,SENSEX,PE,73200.0,SENSEX26SEP73200PE,0.05,0.05,0.05,0.05,0,16
2026-09-24 23:11:00,SENSEX,CE,73300.0,SENSEX26SEP73300CE,279.9,279.9,279.9,279.9,0,16
2026-09-24 23:11:00,SENSEX,PE,73300.0,SENSEX26SEP73300PE,0.05,0.05,0.05,0.05,0,16
2026-09-24 23:11:00,SENSEX,CE,73400.0,SENSEX26SEP73400CE,180.1,180.1,180.1,180.1,0,16
2026-09-24 23:11:00,SENSEX,PE,73400.0,SENSEX26SEP73400PE,0.05,0.05,0.05,0.05,0,16
2026-09-24 23:11:00,SENSEX,CE,73500.0,SENSEX26SEP73500CE,80.35,80.35,80.35,80.35,0,16
2026-09-24 23:11:00,SENSEX,PE,73500.0,SENSEX26SEP73500PE,0.05,0.05,0.05,0.05,0,16
2026-09-24 23:11:00,SENSEX,CE,73600.0,SENSEX26SEP73600CE,0.05,0.05,0.05,0.05,0,16
2026-09-24 23:11:00,SENSEX,PE,73600.0,SENSEX26SEP73600PE,19.35,19.35,19.35,19.35,0,16
2026-09-24 23:11:00,SENSEX,CE,73700.0,SENSEX26SEP73700CE,0.05,0.05,0.05,0.05,0,16
2026-09-24 23:11:00,SENSEX,PE,73700.0,SENSEX26SEP73700PE,119.2,119.2,119.2,119.2,0,16
2026-09-24 23:11:00,SENSEX,CE,73800.0,SENSEX26SEP73800CE,0.05,0.05,0.05,0.05,0,16
2026-09-24 23:11:00,SENSEX,PE,73800.0,SENSEX26SEP73800PE,219.05,219.05,219.05,219.05,0,16
2026-09-24 23:11:00,SENSEX,CE,73900.0,SENSEX26SEP73900CE,0.05,0.05,0.05,0.05,0,16
2026-09-24 23:11:00,SENSEX,PE,73900.0,SENSEX26SEP73900PE,320.0,320.0,320.0,320.0,0,16
2026-09-24 23:11:00,SENSEX,CE,74000.0,SENSEX26SEP74000CE,0.05,0.05,0.05,0.05,0,16
2026-09-24 23:11:00,SENSEX,PE,74000.0,SENSEX26SEP74000PE,420.9,420.9,420.9,420.9,0,16
2026-09-24 23:11:00,SENSEX,CE,74100.0,SENSEX26SEP74100CE,0.05,0.05,0.05,0.05,0,16
2026-09-24 23:11:00,SENSEX,PE,74100.0,SENSEX26SEP74100PE,518.9,518.9,518.9,518.9,0,16
2026-09-24 23:11:00,SENSEX,CE,74200.0,SENSEX26SEP74200CE,0.05,0.05,0.05,0.05,0,16
2026-09-24 23:11:00,SENSEX,PE,74200.0,SENSEX26SEP74200PE,621.0,621.0,621.0,621.0,0,16
2026-09-24 23:12:00,SENSEX,FUT,0.0,SENSEX26SEPFUT,73576.6,73576.6,73576.6,73576.6,0,16
2026-09-24 23:12:00,SENSEX,SPOT,0.0,SENSEX,73580.54,73580.54,73580.54,73580.54,0,16
2026-09-24 23:12:00,SENSEX,CE,73000.0,SENSEX26SEP73000CE,578.95,578.95,578.95,578.95,0,16
2026-09-24 23:12:00,SENSEX,PE,73000.0,SENSEX26SEP73000PE,0.05,0.05,0.05,0.05,0,16
2026-09-24 23:12:00,SENSEX,CE,73100.0,SENSEX26SEP73100CE,479.55,479.55,479.55,479.55,0,16
2026-09-24 23:12:00,SENSEX,PE,73100.0,SENSEX26SEP73100PE,0.05,0.05,0.05,0.05,0,16
2026-09-24 23:12:00,SENSEX,CE,73200.0,SENSEX26SEP73200CE,379.5,379.5,379.5,379.5,0,16
2026-09-24 23:12:00,SENSEX,PE,73200.0,SENSEX26SEP73200PE,0.05,0.05,0.05,0.05,0,16
2026-09-24 23:12:00,SENSEX,CE,73300.0,SENSEX26SEP73300CE,279.9,279.9,279.9,279.9,0,16
2026-09-24 23:12:00,SENSEX,PE,73300.0,SENSEX26SEP73300PE,0.05,0.05,0.05,0.05,0,16
2026-09-24 23:12:00,SENSEX,CE,73400.0,SENSEX26SEP73400CE,180.1,180.1,180.1,180.1,0,16
2026-09-24 23:12:00,SENSEX,PE,73400.0,SENSEX26SEP73400PE,0.05,0.05,0.05,0.05,0,16
2026-09-24 23:12:00,SENSEX,CE,73500.0,SENSEX26SEP73500CE,80.35,80.35,80.35,80.35,0,16
2026-09-24 23:12:00,SENSEX,PE,73500.0,SENSEX26SEP73500PE,0.05,0.05,0.05,0.05,0,16
2026-09-24 23:12:00,SENSEX,CE,73600.0,SENSEX26SEP73600CE,0.05,0.05,0.05,0.05,0,16
2026-09-24 23:12:00,SENSEX,PE,73600.0,SENSEX26SEP73600PE,19.35,19.35,19.35,19.35,0,16
2026-09-24 23:12:00,SENSEX,CE,73700.0,SENSEX26SEP73700CE,0.05,0.05,0.05,0.05,0,16
2026-09-24 23:12:00,SENSEX,PE,73700.0,SENSEX26SEP73700PE,119.2,119.2,119.2,119.2,0,16
2026-09-24 23:12:00,SENSEX,CE,73800.0,SENSEX26SEP73800CE,0.05,0.05,0.05,0.05,0,16
2026-09-24 23:12:00,SENSEX,PE,73800.0,SENSEX26SEP73800PE,219.05,219.05,219.05,219.05,0,16
2026-09-24 23:12:00,SENSEX,CE,73900.0,SENSEX26SEP73900CE,0.05,0.05,0.05,0.05,0,16
2026-09-24 23:12:00,SENSEX,PE,73900.0,SENSEX26SEP73900PE,320.0,320.0,320.0,320.0,0,16
2026-09-24 23:12:00,SENSEX,CE,74000.0,SENSEX26SEP74000CE,0.05,0.05,0.05,0.05,0,16
2026-09-24 23:12:00,SENSEX,PE,74000.0,SENSEX26SEP74000PE,420.9,420.9,420.9,420.9,0,16
2026-09-24 23:12:00,SENSEX,CE,74100.0,SENSEX26SEP74100CE,0.05,0.05,0.05,0.05,0,16
2026-09-24 23:12:00,SENSEX,PE,74100.0,SENSEX26SEP74100PE,518.9,518.9,518.9,518.9,0,16
2026-09-24 23:12:00,SENSEX,CE,74200.0,SENSEX26SEP74200CE,0.05,0.05,0.05,0.05,0,16
2026-09-24 23:12:00,SENSEX,PE,74200.0,SENSEX26SEP74200PE,621.0,621.0,621.0,621.0,0,16
2026-09-24 23:13:00,SENSEX,FUT,0.0,SENSEX26SEPFUT,73576.6,73576.6,73576.6,73576.6,0,16
2026-09-24 23:13:00,SENSEX,SPOT,0.0,SENSEX,73580.54,73580.54,73580.54,73580.54,0,16
2026-09-24 23:13:00,SENSEX,CE,73000.0,SENSEX26SEP73000CE,578.95,578.95,578.95,578.95,0,16
2026-09-24 23:13:00,SENSEX,PE,73000.0,SENSEX26SEP73000PE,0.05,0.05,0.05,0.05,0,16
2026-09-24 23:13:00,SENSEX,CE,73100.0,SENSEX26SEP73100CE,479.55,479.55,479.55,479.55,0,16
2026-09-24 23:13:00,SENSEX,PE,73100.0,SENSEX26SEP73100PE,0.05,0.05,0.05,0.05,0,16
2026-09-24 23:13:00,SENSEX,CE,73200.0,SENSEX26SEP73200CE,379.5,379.5,379.5,379.5,0,16
2026-09-24 23:13:00,SENSEX,PE,73200.0,SENSEX26SEP73200PE,0.05,0.05,0.05,0.05,0,16
2026-09-24 23:13:00,SENSEX,CE,73300.0,SENSEX26SEP73300CE,279.9,279.9,279.9,279.9,0,16
2026-09-24 23:13:00,SENSEX,PE,73300.0,SENSEX26SEP73300PE,0.05,0.05,0.05,0.05,0,16
2026-09-24 23:13:00,SENSEX,CE,73400.0,SENSEX26SEP73400CE,180.1,180.1,180.1,180.1,0,16
2026-09-24 23:13:00,SENSEX,PE,73400.0,SENSEX26SEP73400PE,0.05,0.05,0.05,0.05,0,16
2026-09-24 23:13:00,SENSEX,CE,73500.0,SENSEX26SEP73500CE,80.35,80.35,80.35,80.35,0,16
2026-09-24 23:13:00,SENSEX,PE,73500.0,SENSEX26SEP73500PE,0.05,0.05,0.05,0.05,0,16
2026-09-24 23:13:00,SENSEX,CE,73600.0,SENSEX26SEP73600CE,0.05,0.05,0.05,0.05,0,16
2026-09-24 23:13:00,SENSEX,PE,73600.0,SENSEX26SEP73600PE,19.35,19.35,19.35,19.35,0,16
2026-09-24 23:13:00,SENSEX,CE,73700.0,SENSEX26SEP73700CE,0.05,0.05,0.05,0.05,0,16
2026-09-24 23:13:00,SENSEX,PE,73700.0,SENSEX26SEP73700PE,119.2,119.2,119.2,119.2,0,16
2026-09-24 23:13:00,SENSEX,CE,73800.0,SENSEX26SEP73800CE,0.05,0.05,0.05,0.05,0,16
2026-09-24 23:13:00,SENSEX,PE,73800.0,SENSEX26SEP73800PE,219.05,219.05,219.05,219.05,0,16
2026-09-24 23:13:00,SENSEX,CE,73900.0,SENSEX26SEP73900CE,0.05,0.05,0.05,0.05,0,16
2026-09-24 23:13:00,SENSEX,PE,73900.0,SENSEX26SEP73900PE,320.0,320.0,320.0,320.0,0,16
2026-09-24 23:13:00,SENSEX,CE,74000.0,SENSEX26SEP74000CE,0.05,0.05,0.05,0.05,0,16
2026-09-24 23:13:00,SENSEX,PE,74000.0,SENSEX26SEP74000PE,420.9,420.9,420.9,420.9,0,16
2026-09-24 23:13:00,SENSEX,CE,74100.0,SENSEX26SEP74100CE,0.05,0.05,0.05,0.05,0,16
2026-09-24 23:13:00,SENSEX,PE,74100.0,SENSEX26SEP74100PE,518.9,518.9,518.9,518.9,0,16
2026-09-24 23:13:00,SENSEX,CE,74200.0,SENSEX26SEP74200CE,0.05,0.05,0.05,0.05,0,16
2026-09-24 23:13:00,SENSEX,PE,74200.0,SENSEX26SEP74200PE,621.0,621.0,621.0,621.0,0,16
2026-09-24 23:14:00,SENSEX,FUT,0.0,SENSEX26SEPFUT,73576.6,73576.6,73576.6,73576.6,0,16
2026-09-24 23:14:00,SENSEX,SPOT,0.0,SENSEX,73580.54,73580.54,73580.54,73580.54,0,16
2026-09-24 23:14:00,SENSEX,CE,73000.0,SENSEX26SEP73000CE,578.95,578.95,578.95,578.95,0,16
2026-09-24 23:14:00,SENSEX,PE,73000.0,SENSEX26SEP73000PE,0.05,0.05,0.05,0.05,0,16
2026-09-24 23:14:00,SENSEX,CE,73100.0,SENSEX26SEP73100CE,479.55,479.55,479.55,479.55,0,16
2026-09-24 23:14:00,SENSEX,PE,73100.0,SENSEX26SEP73100PE,0.05,0.05,0.05,0.05,0,16
2026-09-24 23:14:00,SENSEX,CE,73200.0,SENSEX26SEP73200CE,379.5,379.5,379.5,379.5,0,16
2026-09-24 23:14:00,SENSEX,PE,73200.0,SENSEX26SEP73200PE,0.05,0.05,0.05,0.05,0,16
2026-09-24 23:14:00,SENSEX,CE,73300.0,SENSEX26SEP73300CE,279.9,279.9,279.9,279.9,0,16
2026-09-24 23:14:00,SENSEX,PE,73300.0,SENSEX26SEP73300PE,0.05,0.05,0.05,0.05,0,16
2026-09-24 23:14:00,SENSEX,CE,73400.0,SENSEX26SEP73400CE,180.1,180.1,180.1,180.1,0,16
2026-09-24 23:14:00,SENSEX,PE,73400.0,SENSEX26SEP73400PE,0.05,0.05,0.05,0.05,0,16
2026-09-24 23:14:00,SENSEX,CE,73500.0,SENSEX26SEP73500CE,80.35,80.35,80.35,80.35,0,16
2026-09-24 23:14:00,SENSEX,PE,73500.0,SENSEX26SEP73500PE,0.05,0.05,0.05,0.05,0,16
2026-09-24 23:14:00,SENSEX,CE,73600.0,SENSEX26SEP73600CE,0.05,0.05,0.05,0.05,0,16
2026-09-24 23:14:00,SENSEX,PE,73600.0,SENSEX26SEP73600PE,19.35,19.35,19.35,19.35,0,16
2026-09-24 23:14:00,SENSEX,CE,73700.0,SENSEX26SEP73700CE,0.05,0.05,0.05,0.05,0,16
2026-09-24 23:14:00,SENSEX,PE,73700.0,SENSEX26SEP73700PE,119.2,119.2,119.2,119.2,0,16
2026-09-24 23:14:00,SENSEX,CE,73800.0,SENSEX26SEP73800CE,0.05,0.05,0.05,0.05,0,16
2026-09-24 23:14:00,SENSEX,PE,73800.0,SENSEX26SEP73800PE,219.05,219.05,219.05,219.05,0,16
2026-09-24 23:14:00,SENSEX,CE,73900.0,SENSEX26SEP73900CE,0.05,0.05,0.05,0.05,0,16
2026-09-24 23:14:00,SENSEX,PE,73900.0,SENSEX26SEP73900PE,320.0,320.0,320.0,320.0,0,16
2026-09-24 23:14:00,SENSEX,CE,74000.0,SENSEX26SEP74000CE,0.05,0.05,0.05,0.05,0,16
2026-09-24 23:14:00,SENSEX,PE,74000.0,SENSEX26SEP74000PE,420.9,420.9,420.9,420.9,0,16
2026-09-24 23:14:00,SENSEX,CE,74100.0,SENSEX26SEP74100CE,0.05,0.05,0.05,0.05,0,16
2026-09-24 23:14:00,SENSEX,PE,74100.0,SENSEX26SEP74100PE,518.9,518.9,518.9,518.9,0,16
2026-09-24 23:14:00,SENSEX,CE,74200.0,SENSEX26SEP74200CE,0.05,0.05,0.05,0.05,0,16
2026-09-24 23:14:00,SENSEX,PE,74200.0,SENSEX26SEP74200PE,621.0,621.0,621.0,621.0,0,16
2026-09-24 23:15:00,SENSEX,FUT,0.0,SENSEX26SEPFUT,73576.6,73576.6,73576.6,73576.6,0,16
2026-09-24 23:15:00,SENSEX,SPOT,0.0,SENSEX,73580.54,73580.54,73580.54,73580.54,0,16
2026-09-24 23:15:00,SENSEX,CE,73000.0,SENSEX26SEP73000CE,578.95,578.95,578.95,578.95,0,16
2026-09-24 23:15:00,SENSEX,PE,73000.0,SENSEX26SEP73000PE,0.05,0.05,0.05,0.05,0,16
2026-09-24 23:15:00,SENSEX,CE,73100.0,SENSEX26SEP73100CE,479.55,479.55,479.55,479.55,0,16
2026-09-24 23:15:00,SENSEX,PE,73100.0,SENSEX26SEP73100PE,0.05,0.05,0.05,0.05,0,16
2026-09-24 23:15:00,SENSEX,CE,73200.0,SENSEX26SEP73200CE,379.5,379.5,379.5,379.5,0,16
2026-09-24 23:15:00,SENSEX,PE,73200.0,SENSEX26SEP73200PE,0.05,0.05,0.05,0.05,0,16
2026-09-24 23:15:00,SENSEX,CE,73300.0,SENSEX26SEP73300CE,279.9,279.9,279.9,279.9,0,16
2026-09-24 23:15:00,SENSEX,PE,73300.0,SENSEX26SEP73300PE,0.05,0.05,0.05,0.05,0,16
2026-09-24 23:15:00,SENSEX,CE,73400.0,SENSEX26SEP73400CE,180.1,180.1,180.1,180.1,0,16
2026-09-24 23:15:00,SENSEX,PE,73400.0,SENSEX26SEP73400PE,0.05,0.05,0.05,0.05,0,16
2026-09-24 23:15:00,SENSEX,CE,73500.0,SENSEX26SEP73500CE,80.35,80.35,80.35,80.35,0,16
2026-09-24 23:15:00,SENSEX,PE,73500.0,SENSEX26SEP73500PE,0.05,0.05,0.05,0.05,0,16
2026-09-24 23:15:00,SENSEX,CE,73600.0,SENSEX26SEP73600CE,0.05,0.05,0.05,0.05,0,16
2026-09-24 23:15:00,SENSEX,PE,73600.0,SENSEX26SEP73600PE,19.35,19.35,19.35,19.35,0,16
2026-09-24 23:15:00,SENSEX,CE,73700.0,SENSEX26SEP73700CE,0.05,0.05,0.05,0.05,0,16
2026-09-24 23:15:00,SENSEX,PE,73700.0,SENSEX26SEP73700PE,119.2,119.2,119.2,119.2,0,16
2026-09-24 23:15:00,SENSEX,CE,73800.0,SENSEX26SEP73800CE,0.05,0.05,0.05,0.05,0,16
2026-09-24 23:15:00,SENSEX,PE,73800.0,SENSEX26SEP73800PE,219.05,219.05,219.05,219.05,0,16
2026-09-24 23:15:00,SENSEX,CE,73900.0,SENSEX26SEP73900CE,0.05,0.05,0.05,0.05,0,16
2026-09-24 23:15:00,SENSEX,PE,73900.0,SENSEX26SEP73900PE,320.0,320.0,320.0,320.0,0,16
2026-09-24 23:15:00,SENSEX,CE,74000.0,SENSEX26SEP74000CE,0.05,0.05,0.05,0.05,0,16
2026-09-24 23:15:00,SENSEX,PE,74000.0,SENSEX26SEP74000PE,420.9,420.9,420.9,420.9,0,16
2026-09-24 23:15:00,SENSEX,CE,74100.0,SENSEX26SEP74100CE,0.05,0.05,0.05,0.05,0,16
2026-09-24 23:15:00,SENSEX,PE,74100.0,SENSEX26SEP74100PE,518.9,518.9,518.9,518.9,0,16
2026-09-24 23:15:00,SENSEX,CE,74200.0,SENSEX26SEP74200CE,0.05,0.05,0.05,0.05,0,16
2026-09-24 23:15:00,SENSEX,PE,74200.0,SENSEX26SEP74200PE,621.0,621.0,621.0,621.0,0,16
2026-09-24 23:16:00,SENSEX,FUT,0.0,SENSEX26SEPFUT,73576.6,73576.6,73576.6,73576.6,0,16
2026-09-24 23:16:00,SENSEX,SPOT,0.0,SENSEX,73580.54,73580.54,73580.54,73580.54,0,16
2026-09-24 23:16:00,SENSEX,CE,73000.0,SENSEX26SEP73000CE,578.95,578.95,578.95,578.95,0,16
2026-09-24 23:16:00,SENSEX,PE,73000.0,SENSEX26SEP73000PE,0.05,0.05,0.05,0.05,0,16
2026-09-24 23:16:00,SENSEX,CE,73100.0,SENSEX26SEP73100CE,479.55,479.55,479.55,479.55,0,16
2026-09-24 23:16:00,SENSEX,PE,73100.0,SENSEX26SEP73100PE,0.05,0.05,0.05,0.05,0,16
2026-09-24 23:16:00,SENSEX,CE,73200.0,SENSEX26SEP73200CE,379.5,379.5,379.5,379.5,0,16
2026-09-24 23:16:00,SENSEX,PE,73200.0,SENSEX26SEP73200PE,0.05,0.05,0.05,0.05,0,16
2026-09-24 23:16:00,SENSEX,CE,73300.0,SENSEX26SEP73300CE,279.9,279.9,279.9,279.9,0,16
2026-09-24 23:16:00,SENSEX,PE,73300.0,SENSEX26SEP73300PE,0.05,0.05,0.05,0.05,0,16
2026-09-24 23:16:00,SENSEX,CE,73400.0,SENSEX26SEP73400CE,180.1,180.1,180.1,180.1,0,16
2026-09-24 23:16:00,SENSEX,PE,73400.0,SENSEX26SEP73400PE,0.05,0.05,0.05,0.05,0,16
2026-09-24 23:16:00,SENSEX,CE,73500.0,SENSEX26SEP73500CE,80.35,80.35,80.35,80.35,0,16
2026-09-24 23:16:00,SENSEX,PE,73500.0,SENSEX26SEP73500PE,0.05,0.05,0.05,0.05,0,16
2026-09-24 23:16:00,SENSEX,CE,73600.0,SENSEX26SEP73600CE,0.05,0.05,0.05,0.05,0,16
2026-09-24 23:16:00,SENSEX,PE,73600.0,SENSEX26SEP73600PE,19.35,19.35,19.35,19.35,0,16
2026-09-24 23:16:00,SENSEX,CE,73700.0,SENSEX26SEP73700CE,0.05,0.05,0.05,0.05,0,16
2026-09-24 23:16:00,SENSEX,PE,73700.0,SENSEX26SEP73700PE,119.2,119.2,119.2,119.2,0,16
2026-09-24 23:16:00,SENSEX,CE,73800.0,SENSEX26SEP73800CE,0.05,0.05,0.05,0.05,0,16
2026-09-24 23:16:00,SENSEX,PE,73800.0,SENSEX26SEP73800PE,219.05,219.05,219.05,219.05,0,16
2026-09-24 23:16:00,SENSEX,CE,73900.0,SENSEX26SEP73900CE,0.05,0.05,0.05,0.05,0,16
2026-09-24 23:16:00,SENSEX,PE,73900.0,SENSEX26SEP73900PE,320.0,320.0,320.0,320.0,0,16
2026-09-24 23:16:00,SENSEX,CE,74000.0,SENSEX26SEP74000CE,0.05,0.05,0.05,0.05,0,16
2026-09-24 23:16:00,SENSEX,PE,74000.0,SENSEX26SEP74000PE,420.9,420.9,420.9,420.9,0,16
2026-09-24 23:16:00,SENSEX,CE,74100.0,SENSEX26SEP74100CE,0.05,0.05,0.05,0.05,0,16
2026-09-24 23:16:00,SENSEX,PE,74100.0,SENSEX26SEP74100PE,518.9,518.9,518.9,518.9,0,16
2026-09-24 23:16:00,SENSEX,CE,74200.0,SENSEX26SEP74200CE,0.05,0.05,0.05,0.05,0,16
2026-09-24 23:16:00,SENSEX,PE,74200.0,SENSEX26SEP74200PE,621.0,621.0,621.0,621.0,0,16
2026-09-24 23:17:00,SENSEX,FUT,0.0,SENSEX26SEPFUT,73576.6,73576.6,73576.6,73576.6,0,16
2026-09-24 23:17:00,SENSEX,SPOT,0.0,SENSEX,73580.54,73580.54,73580.54,73580.54,0,16
2026-09-24 23:17:00,SENSEX,CE,73000.0,SENSEX26SEP73000CE,578.95,578.95,578.95,578.95,0,16
2026-09-24 23:17:00,SENSEX,PE,73000.0,SENSEX26SEP73000PE,0.05,0.05,0.05,0.05,0,16
2026-09-24 23:17:00,SENSEX,CE,73100.0,SENSEX26SEP73100CE,479.55,479.55,479.55,479.55,0,16
2026-09-24 23:17:00,SENSEX,PE,73100.0,SENSEX26SEP73100PE,0.05,0.05,0.05,0.05,0,16
2026-09-24 23:17:00,SENSEX,CE,73200.0,SENSEX26SEP73200CE,379.5,379.5,379.5,379.5,0,16
2026-09-24 23:17:00,SENSEX,PE,73200.0,SENSEX26SEP73200PE,0.05,0.05,0.05,0.05,0,16
2026-09-24 23:17:00,SENSEX,CE,73300.0,SENSEX26SEP73300CE,279.9,279.9,279.9,279.9,0,16
2026-09-24 23:17:00,SENSEX,PE,73300.0,SENSEX26SEP73300PE,0.05,0.05,0.05,0.05,0,16
2026-09-24 23:17:00,SENSEX,CE,73400.0,SENSEX26SEP73400CE,180.1,180.1,180.1,180.1,0,16
2026-09-24 23:17:00,SENSEX,PE,73400.0,SENSEX26SEP73400PE,0.05,0.05,0.05,0.05,0,16
2026-09-24 23:17:00,SENSEX,CE,73500.0,SENSEX26SEP73500CE,80.35,80.35,80.35,80.35,0,16
2026-09-24 23:17:00,SENSEX,PE,73500.0,SENSEX26SEP73500PE,0.05,0.05,0.05,0.05,0,16
2026-09-24 23:17:00,SENSEX,CE,73600.0,SENSEX26SEP73600CE,0.05,0.05,0.05,0.05,0,16
2026-09-24 23:17:00,SENSEX,PE,73600.0,SENSEX26SEP73600PE,19.35,19.35,19.35,19.35,0,16
2026-09-24 23:17:00,SENSEX,CE,73700.0,SENSEX26SEP73700CE,0.05,0.05,0.05,0.05,0,16
2026-09-24 23:17:00,SENSEX,PE,73700.0,SENSEX26SEP73700PE,119.2,119.2,119.2,119.2,0,16
2026-09-24 23:17:00,SENSEX,CE,73800.0,SENSEX26SEP73800CE,0.05,0.05,0.05,0.05,0,16
2026-09-24 23:17:00,SENSEX,PE,73800.0,SENSEX26SEP73800PE,219.05,219.05,219.05,219.05,0,16
2026-09-24 23:17:00,SENSEX,CE,73900.0,SENSEX26SEP73900CE,0.05,0.05,0.05,0.05,0,16
2026-09-24 23:17:00,SENSEX,PE,73900.0,SENSEX26SEP73900PE,320.0,320.0,320.0,320.0,0,16
2026-09-24 23:17:00,SENSEX,CE,74000.0,SENSEX26SEP74000CE,0.05,0.05,0.05,0.05,0,16
2026-09-24 23:17:00,SENSEX,PE,74000.0,SENSEX26SEP74000PE,420.9,420.9,420.9,420.9,0,16
2026-09-24 23:17:00,SENSEX,CE,74100.0,SENSEX26SEP74100CE,0.05,0.05,0.05,0.05,0,16
2026-09-24 23:17:00,SENSEX,PE,74100.0,SENSEX26SEP74100PE,518.9,518.9,518.9,518.9,0,16
2026-09-24 23:17:00,SENSEX,CE,74200.0,SENSEX26SEP74200CE,0.05,0.05,0.05,0.05,0,16
2026-09-24 23:17:00,SENSEX,PE,74200.0,SENSEX26SEP74200PE,621.0,621.0,621.0,621.0,0,16
2026-09-24 23:18:00,SENSEX,FUT,0.0,SENSEX26SEPFUT,73576.6,73576.6,73576.6,73576.6,0,15
2026-09-24 23:18:00,SENSEX,SPOT,0.0,SENSEX,73580.54,73580.54,73580.54,73580.54,0,15
2026-09-24 23:18:00,SENSEX,CE,73000.0,SENSEX26SEP73000CE,578.95,578.95,578.95,578.95,0,15
2026-09-24 23:18:00,SENSEX,PE,73000.0,SENSEX26SEP73000PE,0.05,0.05,0.05,0.05,0,15
2026-09-24 23:18:00,SENSEX,CE,73100.0,SENSEX26SEP73100CE,479.55,479.55,479.55,479.55,0,15
2026-09-24 23:18:00,SENSEX,PE,73100.0,SENSEX26SEP73100PE,0.05,0.05,0.05,0.05,0,15
2026-09-24 23:18:00,SENSEX,CE,73200.0,SENSEX26SEP73200CE,379.5,379.5,379.5,379.5,0,15
2026-09-24 23:18:00,SENSEX,PE,73200.0,SENSEX26SEP73200PE,0.05,0.05,0.05,0.05,0,15
2026-09-24 23:18:00,SENSEX,CE,73300.0,SENSEX26SEP73300CE,279.9,279.9,279.9,279.9,0,15
2026-09-24 23:18:00,SENSEX,PE,73300.0,SENSEX26SEP73300PE,0.05,0.05,0.05,0.05,0,15
2026-09-24 23:18:00,SENSEX,CE,73400.0,SENSEX26SEP73400CE,180.1,180.1,180.1,180.1,0,15
2026-09-24 23:18:00,SENSEX,PE,73400.0,SENSEX26SEP73400PE,0.05,0.05,0.05,0.05,0,15
2026-09-24 23:18:00,SENSEX,CE,73500.0,SENSEX26SEP73500CE,80.35,80.35,80.35,80.35,0,15
2026-09-24 23:18:00,SENSEX,PE,73500.0,SENSEX26SEP73500PE,0.05,0.05,0.05,0.05,0,15
2026-09-24 23:18:00,SENSEX,CE,73600.0,SENSEX26SEP73600CE,0.05,0.05,0.05,0.05,0,15
2026-09-24 23:18:00,SENSEX,PE,73600.0,SENSEX26SEP73600PE,19.35,19.35,19.35,19.35,0,15
2026-09-24 23:18:00,SENSEX,CE,73700.0,SENSEX26SEP73700CE,0.05,0.05,0.05,0.05,0,15
2026-09-24 23:18:00,SENSEX,PE,73700.0,SENSEX26SEP73700PE,119.2,119.2,119.2,119.2,0,15
2026-09-24 23:18:00,SENSEX,CE,73800.0,SENSEX26SEP73800CE,0.05,0.05,0.05,0.05,0,15
2026-09-24 23:18:00,SENSEX,PE,73800.0,SENSEX26SEP73800PE,219.05,219.05,219.05,219.05,0,15
2026-09-24 23:18:00,SENSEX,CE,73900.0,SENSEX26SEP73900CE,0.05,0.05,0.05,0.05,0,15
2026-09-24 23:18:00,SENSEX,PE,73900.0,SENSEX26SEP73900PE,320.0,320.0,320.0,320.0,0,15
2026-09-24 23:18:00,SENSEX,CE,74000.0,SENSEX26SEP74000CE,0.05,0.05,0.05,0.05,0,15
2026-09-24 23:18:00,SENSEX,PE,74000.0,SENSEX26SEP74000PE,420.9,420.9,420.9,420.9,0,15
2026-09-24 23:18:00,SENSEX,CE,74100.0,SENSEX26SEP74100CE,0.05,0.05,0.05,0.05,0,15
2026-09-24 23:18:00,SENSEX,PE,74100.0,SENSEX26SEP74100PE,518.9,518.9,518.9,518.9,0,15
2026-09-24 23:18:00,SENSEX,CE,74200.0,SENSEX26SEP74200CE,0.05,0.05,0.05,0.05,0,15
2026-09-24 23:18:00,SENSEX,PE,74200.0,SENSEX26SEP74200PE,621.0,621.0,621.0,621.0,0,15
2026-09-24 23:19:00,SENSEX,FUT,0.0,SENSEX26SEPFUT,73576.6,73576.6,73576.6,73576.6,0,16
2026-09-24 23:19:00,SENSEX,SPOT,0.0,SENSEX,73580.54,73580.54,73580.54,73580.54,0,16
2026-09-24 23:19:00,SENSEX,CE,73000.0,SENSEX26SEP73000CE,578.95,578.95,578.95,578.95,0,16
2026-09-24 23:19:00,SENSEX,PE,73000.0,SENSEX26SEP73000PE,0.05,0.05,0.05,0.05,0,16
2026-09-24 23:19:00,SENSEX,CE,73100.0,SENSEX26SEP73100CE,479.55,479.55,479.55,479.55,0,16
2026-09-24 23:19:00,SENSEX,PE,73100.0,SENSEX26SEP73100PE,0.05,0.05,0.05,0.05,0,16
2026-09-24 23:19:00,SENSEX,CE,73200.0,SENSEX26SEP73200CE,379.5,379.5,379.5,379.5,0,16
2026-09-24 23:19:00,SENSEX,PE,73200.0,SENSEX26SEP73200PE,0.05,0.05,0.05,0.05,0,16
2026-09-24 23:19:00,SENSEX,CE,73300.0,SENSEX26SEP73300CE,279.9,279.9,279.9,279.9,0,16
2026-09-24 23:19:00,SENSEX,PE,73300.0,SENSEX26SEP73300PE,0.05,0.05,0.05,0.05,0,16
2026-09-24 23:19:00,SENSEX,CE,73400.0,SENSEX26SEP73400CE,180.1,180.1,180.1,180.1,0,16
2026-09-24 23:19:00,SENSEX,PE,73400.0,SENSEX26SEP73400PE,0.05,0.05,0.05,0.05,0,16
2026-09-24 23:19:00,SENSEX,CE,73500.0,SENSEX26SEP73500CE,80.35,80.35,80.35,80.35,0,16
2026-09-24 23:19:00,SENSEX,PE,73500.0,SENSEX26SEP73500PE,0.05,0.05,0.05,0.05,0,16
2026-09-24 23:19:00,SENSEX,CE,73600.0,SENSEX26SEP73600CE,0.05,0.05,0.05,0.05,0,16
2026-09-24 23:19:00,SENSEX,PE,73600.0,SENSEX26SEP73600PE,19.35,19.35,19.35,19.35,0,16
2026-09-24 23:19:00,SENSEX,CE,73700.0,SENSEX26SEP73700CE,0.05,0.05,0.05,0.05,0,16
2026-09-24 23:19:00,SENSEX,PE,73700.0,SENSEX26SEP73700PE,119.2,119.2,119.2,119.2,0,16
2026-09-24 23:19:00,SENSEX,CE,73800.0,SENSEX26SEP73800CE,0.05,0.05,0.05,0.05,0,16
2026-09-24 23:19:00,SENSEX,PE,73800.0,SENSEX26SEP73800PE,219.05,219.05,219.05,219.05,0,16
2026-09-24 23:19:00,SENSEX,CE,73900.0,SENSEX26SEP73900CE,0.05,0.05,0.05,0.05,0,16
2026-09-24 23:19:00,SENSEX,PE,73900.0,SENSEX26SEP73900PE,320.0,320.0,320.0,320.0,0,16
2026-09-24 23:19:00,SENSEX,CE,74000.0,SENSEX26SEP74000CE,0.05,0.05,0.05,0.05,0,16
2026-09-24 23:19:00,SENSEX,PE,74000.0,SENSEX26SEP74000PE,420.9,420.9,420.9,420.9,0,16
2026-09-24 23:19:00,SENSEX,CE,74100.0,SENSEX26SEP74100CE,0.05,0.05,0.05,0.05,0,16
2026-09-24 23:19:00,SENSEX,PE,74100.0,SENSEX26SEP74100PE,518.9,518.9,518.9,518.9,0,16
2026-09-24 23:19:00,SENSEX,CE,74200.0,SENSEX26SEP74200CE,0.05,0.05,0.05,0.05,0,16
2026-09-24 23:19:00,SENSEX,PE,74200.0,SENSEX26SEP74200PE,621.0,621.0,621.0,621.0,0,16
2026-09-24 23:20:00,SENSEX,FUT,0.0,SENSEX26SEPFUT,73576.6,73576.6,73576.6,73576.6,0,16
2026-09-24 23:20:00,SENSEX,SPOT,0.0,SENSEX,73580.54,73580.54,73580.54,73580.54,0,16
2026-09-24 23:20:00,SENSEX,CE,73000.0,SENSEX26SEP73000CE,578.95,578.95,578.95,578.95,0,16
2026-09-24 23:20:00,SENSEX,PE,73000.0,SENSEX26SEP73000PE,0.05,0.05,0.05,0.05,0,16
2026-09-24 23:20:00,SENSEX,CE,73100.0,SENSEX26SEP73100CE,479.55,479.55,479.55,479.55,0,16
2026-09-24 23:20:00,SENSEX,PE,73100.0,SENSEX26SEP73100PE,0.05,0.05,0.05,0.05,0,16
2026-09-24 23:20:00,SENSEX,CE,73200.0,SENSEX26SEP73200CE,379.5,379.5,379.5,379.5,0,16
2026-09-24 23:20:00,SENSEX,PE,73200.0,SENSEX26SEP73200PE,0.05,0.05,0.05,0.05,0,16
2026-09-24 23:20:00,SENSEX,CE,73300.0,SENSEX26SEP73300CE,279.9,279.9,279.9,279.9,0,16
2026-09-24 23:20:00,SENSEX,PE,73300.0,SENSEX26SEP73300PE,0.05,0.05,0.05,0.05,0,16
2026-09-24 23:20:00,SENSEX,CE,73400.0,SENSEX26SEP73400CE,180.1,180.1,180.1,180.1,0,16
2026-09-24 23:20:00,SENSEX,PE,73400.0,SENSEX26SEP73400PE,0.05,0.05,0.05,0.05,0,16
2026-09-24 23:20:00,SENSEX,CE,73500.0,SENSEX26SEP73500CE,80.35,80.35,80.35,80.35,0,16
2026-09-24 23:20:00,SENSEX,PE,73500.0,SENSEX26SEP73500PE,0.05,0.05,0.05,0.05,0,16
2026-09-24 23:20:00,SENSEX,CE,73600.0,SENSEX26SEP73600CE,0.05,0.05,0.05,0.05,0,16
2026-09-24 23:20:00,SENSEX,PE,73600.0,SENSEX26SEP73600PE,19.35,19.35,19.35,19.35,0,16
2026-09-24 23:20:00,SENSEX,CE,73700.0,SENSEX26SEP73700CE,0.05,0.05,0.05,0.05,0,16
2026-09-24 23:20:00,SENSEX,PE,73700.0,SENSEX26SEP73700PE,119.2,119.2,119.2,119.2,0,16
2026-09-24 23:20:00,SENSEX,CE,73800.0,SENSEX26SEP73800CE,0.05,0.05,0.05,0.05,0,16
2026-09-24 23:20:00,SENSEX,PE,73800.0,SENSEX26SEP73800PE,219.05,219.05,219.05,219.05,0,16
2026-09-24 23:20:00,SENSEX,CE,73900.0,SENSEX26SEP73900CE,0.05,0.05,0.05,0.05,0,16
2026-09-24 23:20:00,SENSEX,PE,73900.0,SENSEX26SEP73900PE,320.0,320.0,320.0,320.0,0,16
2026-09-24 23:20:00,SENSEX,CE,74000.0,SENSEX26SEP74000CE,0.05,0.05,0.05,0.05,0,16
2026-09-24 23:20:00,SENSEX,PE,74000.0,SENSEX26SEP74000PE,420.9,420.9,420.9,420.9,0,16
2026-09-24 23:20:00,SENSEX,CE,74100.0,SENSEX26SEP74100CE,0.05,0.05,0.05,0.05,0,16
2026-09-24 23:20:00,SENSEX,PE,74100.0,SENSEX26SEP74100PE,518.9,518.9,518.9,518.9,0,16
2026-09-24 23:20:00,SENSEX,CE,74200.0,SENSEX26SEP74200CE,0.05,0.05,0.05,0.05,0,16
2026-09-24 23:20:00,SENSEX,PE,74200.0,SENSEX26SEP74200PE,621.0,621.0,621.0,621.0,0,16
2026-09-24 23:21:00,SENSEX,FUT,0.0,SENSEX26SEPFUT,73576.6,73576.6,73576.6,73576.6,0,16
2026-09-24 23:21:00,SENSEX,SPOT,0.0,SENSEX,73580.54,73580.54,73580.54,73580.54,0,16
2026-09-24 23:21:00,SENSEX,CE,73000.0,SENSEX26SEP73000CE,578.95,578.95,578.95,578.95,0,16
2026-09-24 23:21:00,SENSEX,PE,73000.0,SENSEX26SEP73000PE,0.05,0.05,0.05,0.05,0,16
2026-09-24 23:21:00,SENSEX,CE,73100.0,SENSEX26SEP73100CE,479.55,479.55,479.55,479.55,0,16
2026-09-24 23:21:00,SENSEX,PE,73100.0,SENSEX26SEP73100PE,0.05,0.05,0.05,0.05,0,16
2026-09-24 23:21:00,SENSEX,CE,73200.0,SENSEX26SEP73200CE,379.5,379.5,379.5,379.5,0,16
2026-09-24 23:21:00,SENSEX,PE,73200.0,SENSEX26SEP73200PE,0.05,0.05,0.05,0.05,0,16
2026-09-24 23:21:00,SENSEX,CE,73300.0,SENSEX26SEP73300CE,279.9,279.9,279.9,279.9,0,16
2026-09-24 23:21:00,SENSEX,PE,73300.0,SENSEX26SEP73300PE,0.05,0.05,0.05,0.05,0,16
2026-09-24 23:21:00,SENSEX,CE,73400.0,SENSEX26SEP73400CE,180.1,180.1,180.1,180.1,0,16
2026-09-24 23:21:00,SENSEX,PE,73400.0,SENSEX26SEP73400PE,0.05,0.05,0.05,0.05,0,16
2026-09-24 23:21:00,SENSEX,CE,73500.0,SENSEX26SEP73500CE,80.35,80.35,80.35,80.35,0,16
2026-09-24 23:21:00,SENSEX,PE,73500.0,SENSEX26SEP73500PE,0.05,0.05,0.05,0.05,0,16
2026-09-24 23:21:00,SENSEX,CE,73600.0,SENSEX26SEP73600CE,0.05,0.05,0.05,0.05,0,16
2026-09-24 23:21:00,SENSEX,PE,73600.0,SENSEX26SEP73600PE,19.35,19.35,19.35,19.35,0,16
2026-09-24 23:21:00,SENSEX,CE,73700.0,SENSEX26SEP73700CE,0.05,0.05,0.05,0.05,0,16
2026-09-24 23:21:00,SENSEX,PE,73700.0,SENSEX26SEP73700PE,119.2,119.2,119.2,119.2,0,16
2026-09-24 23:21:00,SENSEX,CE,73800.0,SENSEX26SEP73800CE,0.05,0.05,0.05,0.05,0,16
2026-09-24 23:21:00,SENSEX,PE,73800.0,SENSEX26SEP73800PE,219.05,219.05,219.05,219.05,0,16
2026-09-24 23:21:00,SENSEX,CE,73900.0,SENSEX26SEP73900CE,0.05,0.05,0.05,0.05,0,16
2026-09-24 23:21:00,SENSEX,PE,73900.0,SENSEX26SEP73900PE,320.0,320.0,320.0,320.0,0,16
2026-09-24 23:21:00,SENSEX,CE,74000.0,SENSEX26SEP74000CE,0.05,0.05,0.05,0.05,0,16
2026-09-24 23:21:00,SENSEX,PE,74000.0,SENSEX26SEP74000PE,420.9,420.9,420.9,420.9,0,16
2026-09-24 23:21:00,SENSEX,CE,74100.0,SENSEX26SEP74100CE,0.05,0.05,0.05,0.05,0,16
2026-09-24 23:21:00,SENSEX,PE,74100.0,SENSEX26SEP74100PE,518.9,518.9,518.9,518.9,0,16
2026-09-24 23:21:00,SENSEX,CE,74200.0,SENSEX26SEP74200CE,0.05,0.05,0.05,0.05,0,16
2026-09-24 23:21:00,SENSEX,PE,74200.0,SENSEX26SEP74200PE,621.0,621.0,621.0,621.0,0,16
2026-09-24 23:22:00,SENSEX,FUT,0.0,SENSEX26SEPFUT,73576.6,73576.6,73576.6,73576.6,0,16
2026-09-24 23:22:00,SENSEX,SPOT,0.0,SENSEX,73580.54,73580.54,73580.54,73580.54,0,16
2026-09-24 23:22:00,SENSEX,CE,73000.0,SENSEX26SEP73000CE,578.95,578.95,578.95,578.95,0,16
2026-09-24 23:22:00,SENSEX,PE,73000.0,SENSEX26SEP73000PE,0.05,0.05,0.05,0.05,0,16
2026-09-24 23:22:00,SENSEX,CE,73100.0,SENSEX26SEP73100CE,479.55,479.55,479.55,479.55,0,16
2026-09-24 23:22:00,SENSEX,PE,73100.0,SENSEX26SEP73100PE,0.05,0.05,0.05,0.05,0,16
2026-09-24 23:22:00,SENSEX,CE,73200.0,SENSEX26SEP73200CE,379.5,379.5,379.5,379.5,0,16
2026-09-24 23:22:00,SENSEX,PE,73200.0,SENSEX26SEP73200PE,0.05,0.05,0.05,0.05,0,16
2026-09-24 23:22:00,SENSEX,CE,73300.0,SENSEX26SEP73300CE,279.9,279.9,279.9,279.9,0,16
2026-09-24 23:22:00,SENSEX,PE,73300.0,SENSEX26SEP73300PE,0.05,0.05,0.05,0.05,0,16
2026-09-24 23:22:00,SENSEX,CE,73400.0,SENSEX26SEP73400CE,180.1,180.1,180.1,180.1,0,16
2026-09-24 23:22:00,SENSEX,PE,73400.0,SENSEX26SEP73400PE,0.05,0.05,0.05,0.05,0,16
2026-09-24 23:22:00,SENSEX,CE,73500.0,SENSEX26SEP73500CE,80.35,80.35,80.35,80.35,0,16
2026-09-24 23:22:00,SENSEX,PE,73500.0,SENSEX26SEP73500PE,0.05,0.05,0.05,0.05,0,16
2026-09-24 23:22:00,SENSEX,CE,73600.0,SENSEX26SEP73600CE,0.05,0.05,0.05,0.05,0,16
2026-09-24 23:22:00,SENSEX,PE,73600.0,SENSEX26SEP73600PE,19.35,19.35,19.35,19.35,0,16
2026-09-24 23:22:00,SENSEX,CE,73700.0,SENSEX26SEP73700CE,0.05,0.05,0.05,0.05,0,16
2026-09-24 23:22:00,SENSEX,PE,73700.0,SENSEX26SEP73700PE,119.2,119.2,119.2,119.2,0,16
2026-09-24 23:22:00,SENSEX,CE,73800.0,SENSEX26SEP73800CE,0.05,0.05,0.05,0.05,0,16
2026-09-24 23:22:00,SENSEX,PE,73800.0,SENSEX26SEP73800PE,219.05,219.05,219.05,219.05,0,16
2026-09-24 23:22:00,SENSEX,CE,73900.0,SENSEX26SEP73900CE,0.05,0.05,0.05,0.05,0,16
2026-09-24 23:22:00,SENSEX,PE,73900.0,SENSEX26SEP73900PE,320.0,320.0,320.0,320.0,0,16
2026-09-24 23:22:00,SENSEX,CE,74000.0,SENSEX26SEP74000CE,0.05,0.05,0.05,0.05,0,16
2026-09-24 23:22:00,SENSEX,PE,74000.0,SENSEX26SEP74000PE,420.9,420.9,420.9,420.9,0,16
2026-09-24 23:22:00,SENSEX,CE,74100.0,SENSEX26SEP74100CE,0.05,0.05,0.05,0.05,0,16
2026-09-24 23:22:00,SENSEX,PE,74100.0,SENSEX26SEP74100PE,518.9,518.9,518.9,518.9,0,16
2026-09-24 23:22:00,SENSEX,CE,74200.0,SENSEX26SEP74200CE,0.05,0.05,0.05,0.05,0,16
2026-09-24 23:22:00,SENSEX,PE,74200.0,SENSEX26SEP74200PE,621.0,621.0,621.0,621.0,0,16
2026-09-24 23:23:00,SENSEX,FUT,0.0,SENSEX26SEPFUT,73576.6,73576.6,73576.6,73576.6,0,16
2026-09-24 23:23:00,SENSEX,SPOT,0.0,SENSEX,73580.54,73580.54,73580.54,73580.54,0,16
2026-09-24 23:23:00,SENSEX,CE,73000.0,SENSEX26SEP73000CE,578.95,578.95,578.95,578.95,0,16
2026-09-24 23:23:00,SENSEX,PE,73000.0,SENSEX26SEP73000PE,0.05,0.05,0.05,0.05,0,16
2026-09-24 23:23:00,SENSEX,CE,73100.0,SENSEX26SEP73100CE,479.55,479.55,479.55,479.55,0,16
2026-09-24 23:23:00,SENSEX,PE,73100.0,SENSEX26SEP73100PE,0.05,0.05,0.05,0.05,0,16
2026-09-24 23:23:00,SENSEX,CE,73200.0,SENSEX26SEP73200CE,379.5,379.5,379.5,379.5,0,16
2026-09-24 23:23:00,SENSEX,PE,73200.0,SENSEX26SEP73200PE,0.05,0.05,0.05,0.05,0,16
2026-09-24 23:23:00,SENSEX,CE,73300.0,SENSEX26SEP73300CE,279.9,279.9,279.9,279.9,0,16
2026-09-24 23:23:00,SENSEX,PE,73300.0,SENSEX26SEP73300PE,0.05,0.05,0.05,0.05,0,16
2026-09-24 23:23:00,SENSEX,CE,73400.0,SENSEX26SEP73400CE,180.1,180.1,180.1,180.1,0,16
2026-09-24 23:23:00,SENSEX,PE,73400.0,SENSEX26SEP73400PE,0.05,0.05,0.05,0.05,0,16
2026-09-24 23:23:00,SENSEX,CE,73500.0,SENSEX26SEP73500CE,80.35,80.35,80.35,80.35,0,16
2026-09-24 23:23:00,SENSEX,PE,73500.0,SENSEX26SEP73500PE,0.05,0.05,0.05,0.05,0,16
2026-09-24 23:23:00,SENSEX,CE,73600.0,SENSEX26SEP73600CE,0.05,0.05,0.05,0.05,0,16
2026-09-24 23:23:00,SENSEX,PE,73600.0,SENSEX26SEP73600PE,19.35,19.35,19.35,19.35,0,16
2026-09-24 23:23:00,SENSEX,CE,73700.0,SENSEX26SEP73700CE,0.05,0.05,0.05,0.05,0,16
2026-09-24 23:23:00,SENSEX,PE,73700.0,SENSEX26SEP73700PE,119.2,119.2,119.2,119.2,0,16
2026-09-24 23:23:00,SENSEX,CE,73800.0,SENSEX26SEP73800CE,0.05,0.05,0.05,0.05,0,16
2026-09-24 23:23:00,SENSEX,PE,73800.0,SENSEX26SEP73800PE,219.05,219.05,219.05,219.05,0,16
2026-09-24 23:23:00,SENSEX,CE,73900.0,SENSEX26SEP73900CE,0.05,0.05,0.05,0.05,0,16
2026-09-24 23:23:00,SENSEX,PE,73900.0,SENSEX26SEP73900PE,320.0,320.0,320.0,320.0,0,16
2026-09-24 23:23:00,SENSEX,CE,74000.0,SENSEX26SEP74000CE,0.05,0.05,0.05,0.05,0,16
2026-09-24 23:23:00,SENSEX,PE,74000.0,SENSEX26SEP74000PE,420.9,420.9,420.9,420.9,0,16
2026-09-24 23:23:00,SENSEX,CE,74100.0,SENSEX26SEP74100CE,0.05,0.05,0.05,0.05,0,16
2026-09-24 23:23:00,SENSEX,PE,74100.0,SENSEX26SEP74100PE,518.9,518.9,518.9,518.9,0,16
2026-09-24 23:23:00,SENSEX,CE,74200.0,SENSEX26SEP74200CE,0.05,0.05,0.05,0.05,0,16
2026-09-24 23:23:00,SENSEX,PE,74200.0,SENSEX26SEP74200PE,621.0,621.0,621.0,621.0,0,16
2026-09-24 23:24:00,SENSEX,FUT,0.0,SENSEX26SEPFUT,73576.6,73576.6,73576.6,73576.6,0,16
2026-09-24 23:24:00,SENSEX,SPOT,0.0,SENSEX,73580.54,73580.54,73580.54,73580.54,0,16
2026-09-24 23:24:00,SENSEX,CE,73000.0,SENSEX26SEP73000CE,578.95,578.95,578.95,578.95,0,16
2026-09-24 23:24:00,SENSEX,PE,73000.0,SENSEX26SEP73000PE,0.05,0.05,0.05,0.05,0,16
2026-09-24 23:24:00,SENSEX,CE,73100.0,SENSEX26SEP73100CE,479.55,479.55,479.55,479.55,0,16
2026-09-24 23:24:00,SENSEX,PE,73100.0,SENSEX26SEP73100PE,0.05,0.05,0.05,0.05,0,16
2026-09-24 23:24:00,SENSEX,CE,73200.0,SENSEX26SEP73200CE,379.5,379.5,379.5,379.5,0,16
2026-09-24 23:24:00,SENSEX,PE,73200.0,SENSEX26SEP73200PE,0.05,0.05,0.05,0.05,0,16
2026-09-24 23:24:00,SENSEX,CE,73300.0,SENSEX26SEP73300CE,279.9,279.9,279.9,279.9,0,16
2026-09-24 23:24:00,SENSEX,PE,73300.0,SENSEX26SEP73300PE,0.05,0.05,0.05,0.05,0,16
2026-09-24 23:24:00,SENSEX,CE,73400.0,SENSEX26SEP73400CE,180.1,180.1,180.1,180.1,0,16
2026-09-24 23:24:00,SENSEX,PE,73400.0,SENSEX26SEP73400PE,0.05,0.05,0.05,0.05,0,16
2026-09-24 23:24:00,SENSEX,CE,73500.0,SENSEX26SEP73500CE,80.35,80.35,80.35,80.35,0,16
2026-09-24 23:24:00,SENSEX,PE,73500.0,SENSEX26SEP73500PE,0.05,0.05,0.05,0.05,0,16
2026-09-24 23:24:00,SENSEX,CE,73600.0,SENSEX26SEP73600CE,0.05,0.05,0.05,0.05,0,16
2026-09-24 23:24:00,SENSEX,PE,73600.0,SENSEX26SEP73600PE,19.35,19.35,19.35,19.35,0,16
2026-09-24 23:24:00,SENSEX,CE,73700.0,SENSEX26SEP73700CE,0.05,0.05,0.05,0.05,0,16
2026-09-24 23:24:00,SENSEX,PE,73700.0,SENSEX26SEP73700PE,119.2,119.2,119.2,119.2,0,16
2026-09-24 23:24:00,SENSEX,CE,73800.0,SENSEX26SEP73800CE,0.05,0.05,0.05,0.05,0,16
2026-09-24 23:24:00,SENSEX,PE,73800.0,SENSEX26SEP73800PE,219.05,219.05,219.05,219.05,0,16
2026-09-24 23:24:00,SENSEX,CE,73900.0,SENSEX26SEP73900CE,0.05,0.05,0.05,0.05,0,16
2026-09-24 23:24:00,SENSEX,PE,73900.0,SENSEX26SEP73900PE,320.0,320.0,320.0,320.0,0,16
2026-09-24 23:24:00,SENSEX,CE,74000.0,SENSEX26SEP74000CE,0.05,0.05,0.05,0.05,0,16
2026-09-24 23:24:00,SENSEX,PE,74000.0,SENSEX26SEP74000PE,420.9,420.9,420.9,420.9,0,16
2026-09-24 23:24:00,SENSEX,CE,74100.0,SENSEX26SEP74100CE,0.05,0.05,0.05,0.05,0,16
2026-09-24 23:24:00,SENSEX,PE,74100.0,SENSEX26SEP74100PE,518.9,518.9,518.9,518.9,0,16
2026-09-24 23:24:00,SENSEX,CE,74200.0,SENSEX26SEP74200CE,0.05,0.05,0.05,0.05,0,16
2026-09-24 23:24:00,SENSEX,PE,74200.0,SENSEX26SEP74200PE,621.0,621.0,621.0,621.0,0,16
2026-09-24 23:25:00,SENSEX,FUT,0.0,SENSEX26SEPFUT,73576.6,73576.6,73576.6,73576.6,0,16
2026-09-24 23:25:00,SENSEX,SPOT,0.0,SENSEX,73580.54,73580.54,73580.54,73580.54,0,16
2026-09-24 23:25:00,SENSEX,CE,73000.0,SENSEX26SEP73000CE,578.95,578.95,578.95,578.95,0,16
2026-09-24 23:25:00,SENSEX,PE,73000.0,SENSEX26SEP73000PE,0.05,0.05,0.05,0.05,0,16
2026-09-24 23:25:00,SENSEX,CE,73100.0,SENSEX26SEP73100CE,479.55,479.55,479.55,479.55,0,16
2026-09-24 23:25:00,SENSEX,PE,73100.0,SENSEX26SEP73100PE,0.05,0.05,0.05,0.05,0,16
2026-09-24 23:25:00,SENSEX,CE,73200.0,SENSEX26SEP73200CE,379.5,379.5,379.5,379.5,0,16
2026-09-24 23:25:00,SENSEX,PE,73200.0,SENSEX26SEP73200PE,0.05,0.05,0.05,0.05,0,16
2026-09-24 23:25:00,SENSEX,CE,73300.0,SENSEX26SEP73300CE,279.9,279.9,279.9,279.9,0,16
2026-09-24 23:25:00,SENSEX,PE,73300.0,SENSEX26SEP73300PE,0.05,0.05,0.05,0.05,0,16
2026-09-24 23:25:00,SENSEX,CE,73400.0,SENSEX26SEP73400CE,180.1,180.1,180.1,180.1,0,16
2026-09-24 23:25:00,SENSEX,PE,73400.0,SENSEX26SEP73400PE,0.05,0.05,0.05,0.05,0,16
2026-09-24 23:25:00,SENSEX,CE,73500.0,SENSEX26SEP73500CE,80.35,80.35,80.35,80.35,0,16
2026-09-24 23:25:00,SENSEX,PE,73500.0,SENSEX26SEP73500PE,0.05,0.05,0.05,0.05,0,16
2026-09-24 23:25:00,SENSEX,CE,73600.0,SENSEX26SEP73600CE,0.05,0.05,0.05,0.05,0,16
2026-09-24 23:25:00,SENSEX,PE,73600.0,SENSEX26SEP73600PE,19.35,19.35,19.35,19.35,0,16
2026-09-24 23:25:00,SENSEX,CE,73700.0,SENSEX26SEP73700CE,0.05,0.05,0.05,0.05,0,16
2026-09-24 23:25:00,SENSEX,PE,73700.0,SENSEX26SEP73700PE,119.2,119.2,119.2,119.2,0,16
2026-09-24 23:25:00,SENSEX,CE,73800.0,SENSEX26SEP73800CE,0.05,0.05,0.05,0.05,0,16
2026-09-24 23:25:00,SENSEX,PE,73800.0,SENSEX26SEP73800PE,219.05,219.05,219.05,219.05,0,16
2026-09-24 23:25:00,SENSEX,CE,73900.0,SENSEX26SEP73900CE,0.05,0.05,0.05,0.05,0,16
2026-09-24 23:25:00,SENSEX,PE,73900.0,SENSEX26SEP73900PE,320.0,320.0,320.0,320.0,0,16
2026-09-24 23:25:00,SENSEX,CE,74000.0,SENSEX26SEP74000CE,0.05,0.05,0.05,0.05,0,16
2026-09-24 23:25:00,SENSEX,PE,74000.0,SENSEX26SEP74000PE,420.9,420.9,420.9,420.9,0,16
2026-09-24 23:25:00,SENSEX,CE,74100.0,SENSEX26SEP74100CE,0.05,0.05,0.05,0.05,0,16
2026-09-24 23:25:00,SENSEX,PE,74100.0,SENSEX26SEP74100PE,518.9,518.9,518.9,518.9,0,16
2026-09-24 23:25:00,SENSEX,CE,74200.0,SENSEX26SEP74200CE,0.05,0.05,0.05,0.05,0,16
2026-09-24 23:25:00,SENSEX,PE,74200.0,SENSEX26SEP74200PE,621.0,621.0,621.0,621.0,0,16
2026-09-24 23:26:00,SENSEX,FUT,0.0,SENSEX26SEPFUT,73576.6,73576.6,73576.6,73576.6,0,16
2026-09-24 23:26:00,SENSEX,SPOT,0.0,SENSEX,73580.54,73580.54,73580.54,73580.54,0,16
2026-09-24 23:26:00,SENSEX,CE,73000.0,SENSEX26SEP73000CE,578.95,578.95,578.95,578.95,0,16
2026-09-24 23:26:00,SENSEX,PE,73000.0,SENSEX26SEP73000PE,0.05,0.05,0.05,0.05,0,16
2026-09-24 23:26:00,SENSEX,CE,73100.0,SENSEX26SEP73100CE,479.55,479.55,479.55,479.55,0,16
2026-09-24 23:26:00,SENSEX,PE,73100.0,SENSEX26SEP73100PE,0.05,0.05,0.05,0.05,0,16
2026-09-24 23:26:00,SENSEX,CE,73200.0,SENSEX26SEP73200CE,379.5,379.5,379.5,379.5,0,16
2026-09-24 23:26:00,SENSEX,PE,73200.0,SENSEX26SEP73200PE,0.05,0.05,0.05,0.05,0,16
2026-09-24 23:26:00,SENSEX,CE,73300.0,SENSEX26SEP73300CE,279.9,279.9,279.9,279.9,0,16
2026-09-24 23:26:00,SENSEX,PE,73300.0,SENSEX26SEP73300PE,0.05,0.05,0.05,0.05,0,16
2026-09-24 23:26:00,SENSEX,CE,73400.0,SENSEX26SEP73400CE,180.1,180.1,180.1,180.1,0,16
2026-09-24 23:26:00,SENSEX,PE,73400.0,SENSEX26SEP73400PE,0.05,0.05,0.05,0.05,0,16
2026-09-24 23:26:00,SENSEX,CE,73500.0,SENSEX26SEP73500CE,80.35,80.35,80.35,80.35,0,16
2026-09-24 23:26:00,SENSEX,PE,73500.0,SENSEX26SEP73500PE,0.05,0.05,0.05,0.05,0,16
2026-09-24 23:26:00,SENSEX,CE,73600.0,SENSEX26SEP73600CE,0.05,0.05,0.05,0.05,0,16
2026-09-24 23:26:00,SENSEX,PE,73600.0,SENSEX26SEP73600PE,19.35,19.35,19.35,19.35,0,16
2026-09-24 23:26:00,SENSEX,CE,73700.0,SENSEX26SEP73700CE,0.05,0.05,0.05,0.05,0,16
2026-09-24 23:26:00,SENSEX,PE,73700.0,SENSEX26SEP73700PE,119.2,119.2,119.2,119.2,0,16
2026-09-24 23:26:00,SENSEX,CE,73800.0,SENSEX26SEP73800CE,0.05,0.05,0.05,0.05,0,16
2026-09-24 23:26:00,SENSEX,PE,73800.0,SENSEX26SEP73800PE,219.05,219.05,219.05,219.05,0,16
2026-09-24 23:26:00,SENSEX,CE,73900.0,SENSEX26SEP73900CE,0.05,0.05,0.05,0.05,0,16
2026-09-24 23:26:00,SENSEX,PE,73900.0,SENSEX26SEP73900PE,320.0,320.0,320.0,320.0,0,16
2026-09-24 23:26:00,SENSEX,CE,74000.0,SENSEX26SEP74000CE,0.05,0.05,0.05,0.05,0,16
2026-09-24 23:26:00,SENSEX,PE,74000.0,SENSEX26SEP74000PE,420.9,420.9,420.9,420.9,0,16
2026-09-24 23:26:00,SENSEX,CE,74100.0,SENSEX26SEP74100CE,0.05,0.05,0.05,0.05,0,16
2026-09-24 23:26:00,SENSEX,PE,74100.0,SENSEX26SEP74100PE,518.9,518.9,518.9,518.9,0,16
2026-09-24 23:26:00,SENSEX,CE,74200.0,SENSEX26SEP74200CE,0.05,0.05,0.05,0.05,0,16
2026-09-24 23:26:00,SENSEX,PE,74200.0,SENSEX26SEP74200PE,621.0,621.0,621.0,621.0,0,16
2026-09-24 23:27:00,SENSEX,FUT,0.0,SENSEX26SEPFUT,73576.6,73576.6,73576.6,73576.6,0,15
2026-09-24 23:27:00,SENSEX,SPOT,0.0,SENSEX,73580.54,73580.54,73580.54,73580.54,0,15
2026-09-24 23:27:00,SENSEX,CE,73000.0,SENSEX26SEP73000CE,578.95,578.95,578.95,578.95,0,15
2026-09-24 23:27:00,SENSEX,PE,73000.0,SENSEX26SEP73000PE,0.05,0.05,0.05,0.05,0,15
2026-09-24 23:27:00,SENSEX,CE,73100.0,SENSEX26SEP73100CE,479.55,479.55,479.55,479.55,0,15
2026-09-24 23:27:00,SENSEX,PE,73100.0,SENSEX26SEP73100PE,0.05,0.05,0.05,0.05,0,15
2026-09-24 23:27:00,SENSEX,CE,73200.0,SENSEX26SEP73200CE,379.5,379.5,379.5,379.5,0,15
2026-09-24 23:27:00,SENSEX,PE,73200.0,SENSEX26SEP73200PE,0.05,0.05,0.05,0.05,0,15
2026-09-24 23:27:00,SENSEX,CE,73300.0,SENSEX26SEP73300CE,279.9,279.9,279.9,279.9,0,15
2026-09-24 23:27:00,SENSEX,PE,73300.0,SENSEX26SEP73300PE,0.05,0.05,0.05,0.05,0,15
2026-09-24 23:27:00,SENSEX,CE,73400.0,SENSEX26SEP73400CE,180.1,180.1,180.1,180.1,0,15
2026-09-24 23:27:00,SENSEX,PE,73400.0,SENSEX26SEP73400PE,0.05,0.05,0.05,0.05,0,15
2026-09-24 23:27:00,SENSEX,CE,73500.0,SENSEX26SEP73500CE,80.35,80.35,80.35,80.35,0,15
2026-09-24 23:27:00,SENSEX,PE,73500.0,SENSEX26SEP73500PE,0.05,0.05,0.05,0.05,0,15
2026-09-24 23:27:00,SENSEX,CE,73600.0,SENSEX26SEP73600CE,0.05,0.05,0.05,0.05,0,15
2026-09-24 23:27:00,SENSEX,PE,73600.0,SENSEX26SEP73600PE,19.35,19.35,19.35,19.35,0,15
2026-09-24 23:27:00,SENSEX,CE,73700.0,SENSEX26SEP73700CE,0.05,0.05,0.05,0.05,0,15
2026-09-24 23:27:00,SENSEX,PE,73700.0,SENSEX26SEP73700PE,119.2,119.2,119.2,119.2,0,15
2026-09-24 23:27:00,SENSEX,CE,73800.0,SENSEX26SEP73800CE,0.05,0.05,0.05,0.05,0,15
2026-09-24 23:27:00,SENSEX,PE,73800.0,SENSEX26SEP73800PE,219.05,219.05,219.05,219.05,0,15
2026-09-24 23:27:00,SENSEX,CE,73900.0,SENSEX26SEP73900CE,0.05,0.05,0.05,0.05,0,15
2026-09-24 23:27:00,SENSEX,PE,73900.0,SENSEX26SEP73900PE,320.0,320.0,320.0,320.0,0,15
2026-09-24 23:27:00,SENSEX,CE,74000.0,SENSEX26SEP74000CE,0.05,0.05,0.05,0.05,0,15
2026-09-24 23:27:00,SENSEX,PE,74000.0,SENSEX26SEP74000PE,420.9,420.9,420.9,420.9,0,15
2026-09-24 23:27:00,SENSEX,CE,74100.0,SENSEX26SEP74100CE,0.05,0.05,0.05,0.05,0,15
2026-09-24 23:27:00,SENSEX,PE,74100.0,SENSEX26SEP74100PE,518.9,518.9,518.9,518.9,0,15
2026-09-24 23:27:00,SENSEX,CE,74200.0,SENSEX26SEP74200CE,0.05,0.05,0.05,0.05,0,15
2026-09-24 23:27:00,SENSEX,PE,74200.0,SENSEX26SEP74200PE,621.0,621.0,621.0,621.0,0,15
2026-09-24 23:28:00,SENSEX,FUT,0.0,SENSEX26SEPFUT,73576.6,73576.6,73576.6,73576.6,0,16
2026-09-24 23:28:00,SENSEX,SPOT,0.0,SENSEX,73580.54,73580.54,73580.54,73580.54,0,16
2026-09-24 23:28:00,SENSEX,CE,73000.0,SENSEX26SEP73000CE,578.95,578.95,578.95,578.95,0,16
2026-09-24 23:28:00,SENSEX,PE,73000.0,SENSEX26SEP73000PE,0.05,0.05,0.05,0.05,0,16
2026-09-24 23:28:00,SENSEX,CE,73100.0,SENSEX26SEP73100CE,479.55,479.55,479.55,479.55,0,16
2026-09-24 23:28:00,SENSEX,PE,73100.0,SENSEX26SEP73100PE,0.05,0.05,0.05,0.05,0,16
2026-09-24 23:28:00,SENSEX,CE,73200.0,SENSEX26SEP73200CE,379.5,379.5,379.5,379.5,0,16
2026-09-24 23:28:00,SENSEX,PE,73200.0,SENSEX26SEP73200PE,0.05,0.05,0.05,0.05,0,16
2026-09-24 23:28:00,SENSEX,CE,73300.0,SENSEX26SEP73300CE,279.9,279.9,279.9,279.9,0,16
2026-09-24 23:28:00,SENSEX,PE,73300.0,SENSEX26SEP73300PE,0.05,0.05,0.05,0.05,0,16
2026-09-24 23:28:00,SENSEX,CE,73400.0,SENSEX26SEP73400CE,180.1,180.1,180.1,180.1,0,16
2026-09-24 23:28:00,SENSEX,PE,73400.0,SENSEX26SEP73400PE,0.05,0.05,0.05,0.05,0,16
2026-09-24 23:28:00,SENSEX,CE,73500.0,SENSEX26SEP73500CE,80.35,80.35,80.35,80.35,0,16
2026-09-24 23:28:00,SENSEX,PE,73500.0,SENSEX26SEP73500PE,0.05,0.05,0.05,0.05,0,16
2026-09-24 23:28:00,SENSEX,CE,73600.0,SENSEX26SEP73600CE,0.05,0.05,0.05,0.05,0,16
2026-09-24 23:28:00,SENSEX,PE,73600.0,SENSEX26SEP73600PE,19.35,19.35,19.35,19.35,0,16
2026-09-24 23:28:00,SENSEX,CE,73700.0,SENSEX26SEP73700CE,0.05,0.05,0.05,0.05,0,16
2026-09-24 23:28:00,SENSEX,PE,73700.0,SENSEX26SEP73700PE,119.2,119.2,119.2,119.2,0,16
2026-09-24 23:28:00,SENSEX,CE,73800.0,SENSEX26SEP73800CE,0.05,0.05,0.05,0.05,0,16
2026-09-24 23:28:00,SENSEX,PE,73800.0,SENSEX26SEP73800PE,219.05,219.05,219.05,219.05,0,16
2026-09-24 23:28:00,SENSEX,CE,73900.0,SENSEX26SEP73900CE,0.05,0.05,0.05,0.05,0,16
2026-09-24 23:28:00,SENSEX,PE,73900.0,SENSEX26SEP73900PE,320.0,320.0,320.0,320.0,0,16
2026-09-24 23:28:00,SENSEX,CE,74000.0,SENSEX26SEP74000CE,0.05,0.05,0.05,0.05,0,16
2026-09-24 23:28:00,SENSEX,PE,74000.0,SENSEX26SEP74000PE,420.9,420.9,420.9,420.9,0,16
2026-09-24 23:28:00,SENSEX,CE,74100.0,SENSEX26SEP74100CE,0.05,0.05,0.05,0.05,0,16
2026-09-24 23:28:00,SENSEX,PE,74100.0,SENSEX26SEP74100PE,518.9,518.9,518.9,518.9,0,16
2026-09-24 23:28:00,SENSEX,CE,74200.0,SENSEX26SEP74200CE,0.05,0.05,0.05,0.05,0,16
2026-09-24 23:28:00,SENSEX,PE,74200.0,SENSEX26SEP74200PE,621.0,621.0,621.0,621.0,0,16
2026-09-24 23:29:00,SENSEX,FUT,0.0,SENSEX26SEPFUT,73576.6,73576.6,73576.6,73576.6,0,16
2026-09-24 23:29:00,SENSEX,SPOT,0.0,SENSEX,73580.54,73580.54,73580.54,73580.54,0,16
2026-09-24 23:29:00,SENSEX,CE,73000.0,SENSEX26SEP73000CE,578.95,578.95,578.95,578.95,0,16
2026-09-24 23:29:00,SENSEX,PE,73000.0,SENSEX26SEP73000PE,0.05,0.05,0.05,0.05,0,16
2026-09-24 23:29:00,SENSEX,CE,73100.0,SENSEX26SEP73100CE,479.55,479.55,479.55,479.55,0,16
2026-09-24 23:29:00,SENSEX,PE,73100.0,SENSEX26SEP73100PE,0.05,0.05,0.05,0.05,0,16
2026-09-24 23:29:00,SENSEX,CE,73200.0,SENSEX26SEP73200CE,379.5,379.5,379.5,379.5,0,16
2026-09-24 23:29:00,SENSEX,PE,73200.0,SENSEX26SEP73200PE,0.05,0.05,0.05,0.05,0,16
2026-09-24 23:29:00,SENSEX,CE,73300.0,SENSEX26SEP73300CE,279.9,279.9,279.9,279.9,0,16
2026-09-24 23:29:00,SENSEX,PE,73300.0,SENSEX26SEP73300PE,0.05,0.05,0.05,0.05,0,16
2026-09-24 23:29:00,SENSEX,CE,73400.0,SENSEX26SEP73400CE,180.1,180.1,180.1,180.1,0,16
2026-09-24 23:29:00,SENSEX,PE,73400.0,SENSEX26SEP73400PE,0.05,0.05,0.05,0.05,0,16
2026-09-24 23:29:00,SENSEX,CE,73500.0,SENSEX26SEP73500CE,80.35,80.35,80.35,80.35,0,16
2026-09-24 23:29:00,SENSEX,PE,73500.0,SENSEX26SEP73500PE,0.05,0.05,0.05,0.05,0,16
2026-09-24 23:29:00,SENSEX,CE,73600.0,SENSEX26SEP73600CE,0.05,0.05,0.05,0.05,0,16
2026-09-24 23:29:00,SENSEX,PE,73600.0,SENSEX26SEP73600PE,19.35,19.35,19.35,19.35,0,16
2026-09-24 23:29:00,SENSEX,CE,73700.0,SENSEX26SEP73700CE,0.05,0.05,0.05,0.05,0,16
2026-09-24 23:29:00,SENSEX,PE,73700.0,SENSEX26SEP73700PE,119.2,119.2,119.2,119.2,0,16
2026-09-24 23:29:00,SENSEX,CE,73800.0,SENSEX26SEP73800CE,0.05,0.05,0.05,0.05,0,16
2026-09-24 23:29:00,SENSEX,PE,73800.0,SENSEX26SEP73800PE,219.05,219.05,219.05,219.05,0,16
2026-09-24 23:29:00,SENSEX,CE,73900.0,SENSEX26SEP73900CE,0.05,0.05,0.05,0.05,0,16
2026-09-24 23:29:00,SENSEX,PE,73900.0,SENSEX26SEP73900PE,320.0,320.0,320.0,320.0,0,16
2026-09-24 23:29:00,SENSEX,CE,74000.0,SENSEX26SEP74000CE,0.05,0.05,0.05,0.05,0,16
2026-09-24 23:29:00,SENSEX,PE,74000.0,SENSEX26SEP74000PE,420.9,420.9,420.9,420.9,0,16
2026-09-24 23:29:00,SENSEX,CE,74100.0,SENSEX26SEP74100CE,0.05,0.05,0.05,0.05,0,16
2026-09-24 23:29:00,SENSEX,PE,74100.0,SENSEX26SEP74100PE,518.9,518.9,518.9,518.9,0,16
2026-09-24 23:29:00,SENSEX,CE,74200.0,SENSEX26SEP74200CE,0.05,0.05,0.05,0.05,0,16
2026-09-24 23:29:00,SENSEX,PE,74200.0,SENSEX26SEP74200PE,621.0,621.0,621.0,621.0,0,16
2026-09-24 23:30:00,SENSEX,FUT,0.0,SENSEX26SEPFUT,73576.6,73576.6,73576.6,73576.6,0,16
2026-09-24 23:30:00,SENSEX,SPOT,0.0,SENSEX,73580.54,73580.54,73580.54,73580.54,0,16
2026-09-24 23:30:00,SENSEX,CE,73000.0,SENSEX26SEP73000CE,578.95,578.95,578.95,578.95,0,16
2026-09-24 23:30:00,SENSEX,PE,73000.0,SENSEX26SEP73000PE,0.05,0.05,0.05,0.05,0,16
2026-09-24 23:30:00,SENSEX,CE,73100.0,SENSEX26SEP73100CE,479.55,479.55,479.55,479.55,0,16
2026-09-24 23:30:00,SENSEX,PE,73100.0,SENSEX26SEP73100PE,0.05,0.05,0.05,0.05,0,16
2026-09-24 23:30:00,SENSEX,CE,73200.0,SENSEX26SEP73200CE,379.5,379.5,379.5,379.5,0,16
2026-09-24 23:30:00,SENSEX,PE,73200.0,SENSEX26SEP73200PE,0.05,0.05,0.05,0.05,0,16
2026-09-24 23:30:00,SENSEX,CE,73300.0,SENSEX26SEP73300CE,279.9,279.9,279.9,279.9,0,16
2026-09-24 23:30:00,SENSEX,PE,73300.0,SENSEX26SEP73300PE,0.05,0.05,0.05,0.05,0,16
2026-09-24 23:30:00,SENSEX,CE,73400.0,SENSEX26SEP73400CE,180.1,180.1,180.1,180.1,0,16
2026-09-24 23:30:00,SENSEX,PE,73400.0,SENSEX26SEP73400PE,0.05,0.05,0.05,0.05,0,16
2026-09-24 23:30:00,SENSEX,CE,73500.0,SENSEX26SEP73500CE,80.35,80.35,80.35,80.35,0,16
2026-09-24 23:30:00,SENSEX,PE,73500.0,SENSEX26SEP73500PE,0.05,0.05,0.05,0.05,0,16
2026-09-24 23:30:00,SENSEX,CE,73600.0,SENSEX26SEP73600CE,0.05,0.05,0.05,0.05,0,16
2026-09-24 23:30:00,SENSEX,PE,73600.0,SENSEX26SEP73600PE,19.35,19.35,19.35,19.35,0,16
2026-09-24 23:30:00,SENSEX,CE,73700.0,SENSEX26SEP73700CE,0.05,0.05,0.05,0.05,0,16
2026-09-24 23:30:00,SENSEX,PE,73700.0,SENSEX26SEP73700PE,119.2,119.2,119.2,119.2,0,16
2026-09-24 23:30:00,SENSEX,CE,73800.0,SENSEX26SEP73800CE,0.05,0.05,0.05,0.05,0,16
2026-09-24 23:30:00,SENSEX,PE,73800.0,SENSEX26SEP73800PE,219.05,219.05,219.05,219.05,0,16
2026-09-24 23:30:00,SENSEX,CE,73900.0,SENSEX26SEP73900CE,0.05,0.05,0.05,0.05,0,16
2026-09-24 23:30:00,SENSEX,PE,73900.0,SENSEX26SEP73900PE,320.0,320.0,320.0,320.0,0,16
2026-09-24 23:30:00,SENSEX,CE,74000.0,SENSEX26SEP74000CE,0.05,0.05,0.05,0.05,0,16
2026-09-24 23:30:00,SENSEX,PE,74000.0,SENSEX26SEP74000PE,420.9,420.9,420.9,420.9,0,16
2026-09-24 23:30:00,SENSEX,CE,74100.0,SENSEX26SEP74100CE,0.05,0.05,0.05,0.05,0,16
2026-09-24 23:30:00,SENSEX,PE,74100.0,SENSEX26SEP74100PE,518.9,518.9,518.9,518.9,0,16
2026-09-24 23:30:00,SENSEX,CE,74200.0,SENSEX26SEP74200CE,0.05,0.05,0.05,0.05,0,16
2026-09-24 23:30:00,SENSEX,PE,74200.0,SENSEX26SEP74200PE,621.0,621.0,621.0,621.0,0,16
2026-09-24 23:31:00,SENSEX,FUT,0.0,SENSEX26SEPFUT,73576.6,73576.6,73576.6,73576.6,0,16
2026-09-24 23:31:00,SENSEX,SPOT,0.0,SENSEX,73580.54,73580.54,73580.54,73580.54,0,16
2026-09-24 23:31:00,SENSEX,CE,73000.0,SENSEX26SEP73000CE,578.95,578.95,578.95,578.95,0,16
2026-09-24 23:31:00,SENSEX,PE,73000.0,SENSEX26SEP73000PE,0.05,0.05,0.05,0.05,0,16
2026-09-24 23:31:00,SENSEX,CE,73100.0,SENSEX26SEP73100CE,479.55,479.55,479.55,479.55,0,16
2026-09-24 23:31:00,SENSEX,PE,73100.0,SENSEX26SEP73100PE,0.05,0.05,0.05,0.05,0,16
2026-09-24 23:31:00,SENSEX,CE,73200.0,SENSEX26SEP73200CE,379.5,379.5,379.5,379.5,0,16
2026-09-24 23:31:00,SENSEX,PE,73200.0,SENSEX26SEP73200PE,0.05,0.05,0.05,0.05,0,16
2026-09-24 23:31:00,SENSEX,CE,73300.0,SENSEX26SEP73300CE,279.9,279.9,279.9,279.9,0,16
2026-09-24 23:31:00,SENSEX,PE,73300.0,SENSEX26SEP73300PE,0.05,0.05,0.05,0.05,0,16
2026-09-24 23:31:00,SENSEX,CE,73400.0,SENSEX26SEP73400CE,180.1,180.1,180.1,180.1,0,16
2026-09-24 23:31:00,SENSEX,PE,73400.0,SENSEX26SEP73400PE,0.05,0.05,0.05,0.05,0,16
2026-09-24 23:31:00,SENSEX,CE,73500.0,SENSEX26SEP73500CE,80.35,80.35,80.35,80.35,0,16
2026-09-24 23:31:00,SENSEX,PE,73500.0,SENSEX26SEP73500PE,0.05,0.05,0.05,0.05,0,16
2026-09-24 23:31:00,SENSEX,CE,73600.0,SENSEX26SEP73600CE,0.05,0.05,0.05,0.05,0,16
2026-09-24 23:31:00,SENSEX,PE,73600.0,SENSEX26SEP73600PE,19.35,19.35,19.35,19.35,0,16
2026-09-24 23:31:00,SENSEX,CE,73700.0,SENSEX26SEP73700CE,0.05,0.05,0.05,0.05,0,16
2026-09-24 23:31:00,SENSEX,PE,73700.0,SENSEX26SEP73700PE,119.2,119.2,119.2,119.2,0,16
2026-09-24 23:31:00,SENSEX,CE,73800.0,SENSEX26SEP73800CE,0.05,0.05,0.05,0.05,0,16
2026-09-24 23:31:00,SENSEX,PE,73800.0,SENSEX26SEP73800PE,219.05,219.05,219.05,219.05,0,16
2026-09-24 23:31:00,SENSEX,CE,73900.0,SENSEX26SEP73900CE,0.05,0.05,0.05,0.05,0,16
2026-09-24 23:31:00,SENSEX,PE,73900.0,SENSEX26SEP73900PE,320.0,320.0,320.0,320.0,0,16
2026-09-24 23:31:00,SENSEX,CE,74000.0,SENSEX26SEP74000CE,0.05,0.05,0.05,0.05,0,16
2026-09-24 23:31:00,SENSEX,PE,74000.0,SENSEX26SEP74000PE,420.9,420.9,420.9,420.9,0,16
2026-09-24 23:31:00,SENSEX,CE,74100.0,SENSEX26SEP74100CE,0.05,0.05,0.05,0.05,0,16
2026-09-24 23:31:00,SENSEX,PE,74100.0,SENSEX26SEP74100PE,518.9,518.9,518.9,518.9,0,16
2026-09-24 23:31:00,SENSEX,CE,74200.0,SENSEX26SEP74200CE,0.05,0.05,0.05,0.05,0,16
2026-09-24 23:31:00,SENSEX,PE,74200.0,SENSEX26SEP74200PE,621.0,621.0,621.0,621.0,0,16
