timestamp,asset,instrument_type,strike,trading_symbol,traded_price,traded_qty,aggressor_side,cumulative_vol,open_interest
2026-10-01 22:55:33.574,NATURALGAS,FUT,0.0,NATURALGAS27OCT26FUT,287.1,1250,SELL_AGGRESSOR,124218750,69388750
2026-10-01 22:55:33.574,NATURALGAS,PE,260.0,NATURALGAS23OCT26260PE,3.5,1250,BUY_AGGRESSOR,26813750,10796250
2026-10-01 22:55:33.574,NATURALGAS,PE,270.0,NATURALGAS23OCT26270PE,6.25,1250,SELL_AGGRESSOR,31495000,11662500
2026-10-01 22:55:33.574,NATURALGAS,CE,290.0,NATURALGAS23OCT26290CE,13.0,6250,BUY_AGGRESSOR,86151250,17793750
2026-10-01 22:55:33.574,NATURALGAS,CE,315.0,NATURALGAS23OCT26315CE,6.15,11250,SELL_AGGRESSOR,11225000,3580000
2026-10-01 22:55:33.574,NATGASMINI,PE,255.0,NATGASMINI23OCT26255PE,2.5,250,SELL_AGGRESSOR,662250,143000
2026-10-01 22:55:33.574,NATGASMINI,PE,265.0,NATGASMINI23OCT26265PE,4.65,1500,SELL_AGGRESSOR,5647750,3228500
2026-10-01 22:55:33.574,NATGASMINI,PE,285.0,NATGASMINI23OCT26285PE,13.0,9500,SELL_AGGRESSOR,18993250,1375750
2026-10-01 22:55:33.574,NATGASMINI,CE,290.0,NATGASMINI23OCT26290CE,13.1,1250,BUY_AGGRESSOR,24541250,3388750
2026-10-01 22:55:37.429,NATURALGAS,FUT,0.0,NATURALGAS27OCT26FUT,287.2,17500,BUY_AGGRESSOR,124236250,69378750
2026-10-01 22:55:37.429,NATURALGAS,PE,260.0,NATURALGAS23OCT26260PE,3.5,1250,BUY_AGGRESSOR,26815000,10797500
2026-10-01 22:55:37.429,NATURALGAS,PE,285.0,NATURALGAS23OCT26285PE,13.0,13750,SELL_AGGRESSOR,50866250,6268750
2026-10-01 22:55:37.429,NATURALGAS,PE,315.0,NATURALGAS23OCT26315PE,34.0,1250,SELL_AGGRESSOR,173750,520000
2026-10-01 22:55:37.429,NATGASMINI,FUT,0.0,NATGASMINI27OCT26FUT,287.4,500,BUY_AGGRESSOR,39899500,17203500
2026-10-01 22:55:37.429,NATGASMINI,CE,295.0,NATGASMINI23OCT26295CE,11.3,1000,BUY_AGGRESSOR,11706500,1830500
2026-10-01 22:55:37.429,NATGASMINI,PE,300.0,NATGASMINI23OCT26300PE,22.4,250,BUY_AGGRESSOR,2981750,1060250
2026-10-01 22:55:41.250,NATURALGAS,PE,270.0,NATURALGAS23OCT26270PE,6.3,3750,BUY_AGGRESSOR,31498750,11662500
2026-10-01 22:55:41.250,NATURALGAS,CE,280.0,NATURALGAS23OCT26280CE,17.5,1250,BUY_AGGRESSOR,25677500,4486250
2026-10-01 22:55:41.250,NATURALGAS,CE,285.0,NATURALGAS23OCT26285CE,15.1,1250,BUY_AGGRESSOR,33995000,5335000
2026-10-01 22:55:41.250,NATURALGAS,CE,290.0,NATURALGAS23OCT26290CE,13.0,1250,BUY_AGGRESSOR,86152500,17792500
2026-10-01 22:55:41.250,NATURALGAS,PE,290.0,NATURALGAS23OCT26290PE,15.95,1250,BUY_AGGRESSOR,73990000,13315000
2026-10-01 22:55:41.250,NATURALGAS,CE,295.0,NATURALGAS23OCT26295CE,11.25,26250,BUY_AGGRESSOR,34430000,7262500
2026-10-01 22:55:41.250,NATURALGAS,CE,305.0,NATURALGAS23OCT26305CE,8.4,15000,BUY_AGGRESSOR,17335000,7691250
2026-10-01 22:55:41.250,NATGASMINI,PE,280.0,NATGASMINI23OCT26280PE,10.4,500,SELL_AGGRESSOR,9377000,1380500
2026-10-01 22:55:41.250,NATGASMINI,CE,290.0,NATGASMINI23OCT26290CE,13.05,6250,SELL_AGGRESSOR,24547500,3386250
2026-10-01 22:55:41.250,NATGASMINI,CE,295.0,NATGASMINI23OCT26295CE,11.35,250,BUY_AGGRESSOR,11706750,1830500
2026-10-01 22:55:41.250,NATGASMINI,CE,305.0,NATGASMINI23OCT26305CE,8.5,1000,BUY_AGGRESSOR,5875500,1727000
2026-10-01 22:55:45.089,NATURALGAS,FUT,0.0,NATURALGAS27OCT26FUT,287.1,1250,SELL_AGGRESSOR,124237500,69376250
2026-10-01 22:55:45.089,NATURALGAS,PE,280.0,NATURALGAS23OCT26280PE,10.45,1250,SELL_AGGRESSOR,44975000,12368750
2026-10-01 22:55:45.089,NATURALGAS,CE,290.0,NATURALGAS23OCT26290CE,12.95,1250,SELL_AGGRESSOR,86153750,17791250
2026-10-01 22:55:45.089,NATURALGAS,PE,290.0,NATURALGAS23OCT26290PE,15.9,1250,SELL_AGGRESSOR,73991250,13315000
2026-10-01 22:55:45.089,NATURALGAS,CE,295.0,NATURALGAS23OCT26295CE,11.25,1250,BUY_AGGRESSOR,34431250,7262500
2026-10-01 22:55:45.089,NATURALGAS,CE,305.0,NATURALGAS23OCT26305CE,8.4,2500,BUY_AGGRESSOR,17337500,7693750
2026-10-01 22:55:45.089,NATGASMINI,FUT,0.0,NATGASMINI27OCT26FUT,287.3,1500,SELL_AGGRESSOR,39901000,17203500
2026-10-01 22:55:45.089,NATGASMINI,PE,260.0,NATGASMINI23OCT26260PE,3.45,250,SELL_AGGRESSOR,2380250,879750
2026-10-01 22:55:45.089,NATGASMINI,PE,270.0,NATGASMINI23OCT26270PE,6.25,1000,SELL_AGGRESSOR,4037000,1001250
2026-10-01 22:55:45.089,NATGASMINI,CE,285.0,NATGASMINI23OCT26285CE,15.15,750,SELL,10244500,978250
2026-10-01 22:55:45.089,NATGASMINI,CE,290.0,NATGASMINI23OCT26290CE,13.05,1750,BUY_AGGRESSOR,24549250,3386250
2026-10-01 22:55:45.089,NATGASMINI,PE,290.0,NATGASMINI23OCT26290PE,15.9,1250,BUY_AGGRESSOR,17981250,1639750
2026-10-01 22:55:48.964,NATURALGAS,CE,285.0,NATURALGAS23OCT26285CE,15.05,6250,SELL_AGGRESSOR,34001250,5335000
2026-10-01 22:55:48.964,NATURALGAS,CE,300.0,NATURALGAS23OCT26300CE,9.6,1250,SELL_AGGRESSOR,52322500,21148750
2026-10-01 22:55:48.964,NATURALGAS,CE,305.0,NATURALGAS23OCT26305CE,8.3,1250,SELL_AGGRESSOR,17338750,7692500
2026-10-01 22:55:48.964,NATGASMINI,FUT,0.0,NATGASMINI27OCT26FUT,287.4,750,BUY_AGGRESSOR,39901750,17203250
2026-10-01 22:55:48.964,NATGASMINI,PE,285.0,NATGASMINI23OCT26285PE,13.0,1000,SELL_AGGRESSOR,18994250,1375750
2026-10-01 22:55:52.783,NATURALGAS,CE,275.0,NATURALGAS23OCT26275CE,20.3,6250,BUY_AGGRESSOR,3683750,415000
2026-10-01 22:55:52.783,NATURALGAS,CE,280.0,NATURALGAS23OCT26280CE,17.45,1250,SELL_AGGRESSOR,25678750,4486250
2026-10-01 22:55:52.783,NATURALGAS,CE,285.0,NATURALGAS23OCT26285CE,15.0,10000,SELL_AGGRESSOR,34011250,5341250
2026-10-01 22:55:52.783,NATURALGAS,PE,285.0,NATURALGAS23OCT26285PE,13.0,16250,SELL_AGGRESSOR,50882500,6267500
2026-10-01 22:55:52.783,NATURALGAS,CE,290.0,NATURALGAS23OCT26290CE,12.95,1250,SELL_AGGRESSOR,86155000,17790000
2026-10-01 22:55:52.783,NATURALGAS,PE,290.0,NATURALGAS23OCT26290PE,15.9,1250,SELL_AGGRESSOR,73992500,13315000
2026-10-01 22:55:52.783,NATURALGAS,CE,295.0,NATURALGAS23OCT26295CE,11.2,1250,SELL_AGGRESSOR,34432500,7262500
2026-10-01 22:55:52.783,NATURALGAS,CE,300.0,NATURALGAS23OCT26300CE,9.65,2500,BUY_AGGRESSOR,52325000,21148750
2026-10-01 22:55:52.783,NATGASMINI,FUT,0.0,NATGASMINI27OCT26FUT,287.3,250,SELL_AGGRESSOR,39902000,17203250
2026-10-01 22:55:52.783,NATGASMINI,PE,260.0,NATGASMINI23OCT26260PE,3.5,250,BUY_AGGRESSOR,2380500,879750
2026-10-01 22:55:52.783,NATGASMINI,PE,265.0,NATGASMINI23OCT26265PE,4.7,250,BUY_AGGRESSOR,5648000,3228500
2026-10-01 22:55:52.783,NATGASMINI,PE,290.0,NATGASMINI23OCT26290PE,15.9,1250,BUY_AGGRESSOR,17982500,1638750
2026-10-01 22:55:52.783,NATGASMINI,CE,295.0,NATGASMINI23OCT26295CE,11.3,250,SELL_AGGRESSOR,11707000,1830500
2026-10-01 22:55:52.783,NATGASMINI,PE,295.0,NATGASMINI23OCT26295PE,19.0,500,SELL_AGGRESSOR,5184500,817500
2026-10-01 22:55:52.783,NATGASMINI,PE,310.0,NATGASMINI23OCT26310PE,29.7,2250,SELL_AGGRESSOR,396500,669750
2026-10-01 22:55:56.660,NATURALGAS,PE,290.0,NATURALGAS23OCT26290PE,15.9,1250,SELL_AGGRESSOR,73993750,13315000
2026-10-01 22:55:56.660,NATURALGAS,CE,295.0,NATURALGAS23OCT26295CE,11.25,2500,BUY_AGGRESSOR,34435000,7265000
2026-10-01 22:55:56.660,NATGASMINI,FUT,0.0,NATGASMINI27OCT26FUT,287.3,2250,SELL_AGGRESSOR,39904250,17204000
2026-10-01 22:55:56.660,NATGASMINI,PE,265.0,NATGASMINI23OCT26265PE,4.65,250,SELL_AGGRESSOR,5648250,3228500
2026-10-01 22:55:56.660,NATGASMINI,CE,275.0,NATGASMINI23OCT26275CE,20.45,1500,BUY_AGGRESSOR,1293500,81000
2026-10-01 22:55:56.660,NATGASMINI,PE,280.0,NATGASMINI23OCT26280PE,10.4,500,SELL_AGGRESSOR,9377500,1380500
2026-10-01 22:55:56.660,NATGASMINI,PE,285.0,NATGASMINI23OCT26285PE,13.05,2500,BUY_AGGRESSOR,18996750,1377000
2026-10-01 22:55:56.660,NATGASMINI,CE,305.0,NATGASMINI23OCT26305CE,8.4,2000,SELL_AGGRESSOR,5877500,1725000
2026-10-01 22:56:00.481,NATURALGAS,PE,280.0,NATURALGAS23OCT26280PE,10.45,1250,SELL_AGGRESSOR,44976250,12368750
2026-10-01 22:56:00.481,NATURALGAS,CE,300.0,NATURALGAS23OCT26300CE,9.65,1250,BUY_AGGRESSOR,52326250,21150000
2026-10-01 22:56:00.481,NATGASMINI,FUT,0.0,NATGASMINI27OCT26FUT,287.3,1000,SELL_AGGRESSOR,39905250,17204750
2026-10-01 22:56:00.481,NATGASMINI,PE,285.0,NATGASMINI23OCT26285PE,13.0,500,SELL_AGGRESSOR,18997250,1377000
2026-10-01 22:56:00.481,NATGASMINI,CE,290.0,NATGASMINI23OCT26290CE,13.1,750,BUY_AGGRESSOR,24550000,3386250
2026-10-01 22:56:00.481,NATGASMINI,CE,305.0,NATGASMINI23OCT26305CE,8.45,500,BUY_AGGRESSOR,5878000,1725500
2026-10-01 22:56:04.351,NATURALGAS,PE,260.0,NATURALGAS23OCT26260PE,3.45,10000,SELL_AGGRESSOR,26825000,10797500
2026-10-01 22:56:04.351,NATURALGAS,PE,270.0,NATURALGAS23OCT26270PE,6.25,1250,SELL_AGGRESSOR,31500000,11661250
2026-10-01 22:56:04.351,NATURALGAS,PE,280.0,NATURALGAS23OCT26280PE,10.45,6250,SELL_AGGRESSOR,44982500,12367500
2026-10-01 22:56:04.351,NATURALGAS,PE,285.0,NATURALGAS23OCT26285PE,13.1,5000,BUY_AGGRESSOR,50887500,6256250
2026-10-01 22:56:04.351,NATURALGAS,CE,315.0,NATURALGAS23OCT26315CE,6.15,2500,SELL_AGGRESSOR,11227500,3577500
2026-10-01 22:56:04.351,NATGASMINI,FUT,0.0,NATGASMINI27OCT26FUT,287.2,2500,SELL_AGGRESSOR,39907750,17204750
2026-10-01 22:56:04.351,NATGASMINI,CE,270.0,NATGASMINI23OCT26270CE,23.4,3750,SELL_AGGRESSOR,704750,147500
2026-10-01 22:56:04.351,NATGASMINI,PE,270.0,NATGASMINI23OCT26270PE,6.25,250,SELL_AGGRESSOR,4037250,1001500
2026-10-01 22:56:04.351,NATGASMINI,CE,290.0,NATGASMINI23OCT26290CE,13.0,500,SELL_AGGRESSOR,24550500,3385750
2026-10-01 22:56:04.351,NATGASMINI,PE,290.0,NATGASMINI23OCT26290PE,15.95,500,BUY_AGGRESSOR,17983000,1638250
2026-10-01 22:56:08.174,NATURALGAS,FUT,0.0,NATURALGAS27OCT26FUT,287.1,6250,SELL_AGGRESSOR,124243750,69376250
2026-10-01 22:56:08.174,NATURALGAS,PE,280.0,NATURALGAS23OCT26280PE,10.45,2500,SELL_AGGRESSOR,44985000,12367500
2026-10-01 22:56:08.174,NATURALGAS,PE,285.0,NATURALGAS23OCT26285PE,13.0,2500,SELL_AGGRESSOR,50890000,6256250
2026-10-01 22:56:08.174,NATURALGAS,PE,300.0,NATURALGAS23OCT26300PE,22.5,1250,SELL_AGGRESSOR,13376250,14026250
2026-10-01 22:56:08.174,NATURALGAS,CE,305.0,NATURALGAS23OCT26305CE,8.3,1250,SELL_AGGRESSOR,17340000,7691250
2026-10-01 22:56:08.174,NATGASMINI,FUT,0.0,NATGASMINI27OCT26FUT,287.2,4500,SELL_AGGRESSOR,39912250,17206000
2026-10-01 22:56:08.174,NATGASMINI,CE,285.0,NATGASMINI23OCT26285CE,15.1,500,SELL_AGGRESSOR,10245000,978250
2026-10-01 22:56:08.174,NATGASMINI,PE,310.0,NATGASMINI23OCT26310PE,29.7,250,SELL_AGGRESSOR,396750,669750
2026-10-01 22:56:12.005,NATURALGAS,FUT,0.0,NATURALGAS27OCT26FUT,287.1,1250,SELL_AGGRESSOR,124245000,69375000
2026-10-01 22:56:12.005,NATURALGAS,PE,285.0,NATURALGAS23OCT26285PE,13.0,1250,SELL_AGGRESSOR,50891250,6255000
2026-10-01 22:56:12.005,NATURALGAS,CE,290.0,NATURALGAS23OCT26290CE,12.95,2500,SELL_AGGRESSOR,86157500,17787500
2026-10-01 22:56:12.005,NATURALGAS,PE,290.0,NATURALGAS23OCT26290PE,15.9,5000,SELL_AGGRESSOR,73998750,13313750
2026-10-01 22:56:12.005,NATURALGAS,CE,295.0,NATURALGAS23OCT26295CE,11.2,1250,SELL_AGGRESSOR,34436250,7265000
2026-10-01 22:56:12.005,NATURALGAS,CE,300.0,NATURALGAS23OCT26300CE,9.6,3750,SELL_AGGRESSOR,52330000,21150000
2026-10-01 22:56:12.005,NATGASMINI,FUT,0.0,NATGASMINI27OCT26FUT,287.2,250,SELL_AGGRESSOR,39912500,17206000
2026-10-01 22:56:12.005,NATGASMINI,PE,270.0,NATGASMINI23OCT26270PE,6.3,250,BUY_AGGRESSOR,4037500,1001500
2026-10-01 22:56:12.005,NATGASMINI,CE,310.0,NATGASMINI23OCT26310CE,7.35,500,BUY_AGGRESSOR,5024500,1877500
2026-10-01 22:56:15.849,NATURALGAS,FUT,0.0,NATURALGAS27OCT26FUT,287.1,2500,SELL_AGGRESSOR,124247500,69375000
2026-10-01 22:56:15.849,NATURALGAS,CE,280.0,NATURALGAS23OCT26280CE,17.45,7500,INSIDE,25686250,4486250
2026-10-01 22:56:15.849,NATURALGAS,PE,280.0,NATURALGAS23OCT26280PE,10.45,1250,SELL_AGGRESSOR,44986250,12366250
2026-10-01 22:56:15.849,NATURALGAS,PE,290.0,NATURALGAS23OCT26290PE,15.9,2500,SELL_AGGRESSOR,74001250,13312500
2026-10-01 22:56:15.849,NATGASMINI,FUT,0.0,NATGASMINI27OCT26FUT,287.2,250,SELL_AGGRESSOR,39912750,17206250
2026-10-01 22:56:15.849,NATGASMINI,CE,285.0,NATGASMINI23OCT26285CE,15.2,250,BUY_AGGRESSOR,10245250,978250
2026-10-01 22:56:15.849,NATGASMINI,PE,285.0,NATGASMINI23OCT26285PE,13.05,250,BUY_AGGRESSOR,18997500,1377000
2026-10-01 22:56:15.849,NATGASMINI,CE,295.0,NATGASMINI23OCT26295CE,11.25,2000,SELL_AGGRESSOR,11709000,1829000
2026-10-01 22:56:19.664,NATURALGAS,FUT,0.0,NATURALGAS27OCT26FUT,287.2,3750,BUY_AGGRESSOR,124251250,69377500
2026-10-01 22:56:19.664,NATURALGAS,PE,265.0,NATURALGAS23OCT26265PE,4.65,1250,SELL_AGGRESSOR,12501250,4430000
2026-10-01 22:56:19.664,NATURALGAS,PE,280.0,NATURALGAS23OCT26280PE,10.45,13750,SELL_AGGRESSOR,45000000,12366250
2026-10-01 22:56:19.664,NATURALGAS,CE,290.0,NATURALGAS23OCT26290CE,13.0,1250,BUY_AGGRESSOR,86158750,17787500
2026-10-01 22:56:19.664,NATURALGAS,PE,290.0,NATURALGAS23OCT26290PE,15.9,6250,SELL_AGGRESSOR,74007500,13312500
2026-10-01 22:56:19.664,NATURALGAS,CE,295.0,NATURALGAS23OCT26295CE,11.25,8750,BUY_AGGRESSOR,34445000,7273750
2026-10-01 22:56:19.664,NATGASMINI,FUT,0.0,NATGASMINI27OCT26FUT,287.3,15750,BUY_AGGRESSOR,39928500,17220250
2026-10-01 22:56:19.664,NATGASMINI,PE,285.0,NATGASMINI23OCT26285PE,13.0,250,SELL_AGGRESSOR,18997750,1377000
2026-10-01 22:56:19.664,NATGASMINI,CE,290.0,NATGASMINI23OCT26290CE,13.1,2000,BUY_AGGRESSOR,24552500,3384500
2026-10-01 22:56:19.664,NATGASMINI,PE,290.0,NATGASMINI23OCT26290PE,15.9,6250,SELL,17989250,1640500
2026-10-01 22:56:19.664,NATGASMINI,CE,295.0,NATGASMINI23OCT26295CE,11.3,750,BUY_AGGRESSOR,11709750,1829000
2026-10-01 22:56:19.664,NATGASMINI,PE,295.0,NATGASMINI23OCT26295PE,19.0,500,SELL_AGGRESSOR,5185000,818000
2026-10-01 22:56:19.664,NATGASMINI,CE,300.0,NATGASMINI23OCT26300CE,9.7,1000,SELL_AGGRESSOR,12625000,3332000
2026-10-01 22:56:19.664,NATGASMINI,PE,310.0,NATGASMINI23OCT26310PE,29.7,500,SELL_AGGRESSOR,397250,669750
2026-10-01 22:56:23.558,NATURALGAS,FUT,0.0,NATURALGAS27OCT26FUT,287.2,6250,SELL_AGGRESSOR,124257500,69371250
2026-10-01 22:56:23.558,NATURALGAS,PE,270.0,NATURALGAS23OCT26270PE,6.3,10000,BUY_AGGRESSOR,31510000,11668750
2026-10-01 22:56:23.558,NATURALGAS,CE,275.0,NATURALGAS23OCT26275CE,20.25,1250,SELL_AGGRESSOR,3685000,413750
2026-10-01 22:56:23.558,NATURALGAS,PE,275.0,NATURALGAS23OCT26275PE,8.15,1250,SELL_AGGRESSOR,17367500,3705000
2026-10-01 22:56:23.558,NATURALGAS,PE,280.0,NATURALGAS23OCT26280PE,10.45,8750,BUY_AGGRESSOR,45008750,12357500
2026-10-01 22:56:23.558,NATURALGAS,CE,285.0,NATURALGAS23OCT26285CE,15.05,12500,SELL_AGGRESSOR,34023750,5353750
2026-10-01 22:56:23.558,NATURALGAS,CE,290.0,NATURALGAS23OCT26290CE,13.0,7500,BUY_AGGRESSOR,86166250,17787500
2026-10-01 22:56:23.558,NATURALGAS,PE,290.0,NATURALGAS23OCT26290PE,15.9,1250,BUY_AGGRESSOR,74008750,13312500
2026-10-01 22:56:23.558,NATURALGAS,CE,300.0,NATURALGAS23OCT26300CE,9.65,1250,BUY_AGGRESSOR,52331250,21150000
2026-10-01 22:56:23.558,NATGASMINI,FUT,0.0,NATGASMINI27OCT26FUT,287.2,500,SELL_AGGRESSOR,39929000,17222500
2026-10-01 22:56:23.558,NATGASMINI,PE,275.0,NATGASMINI23OCT26275PE,8.15,750,SELL_AGGRESSOR,4771250,750250
2026-10-01 22:56:23.558,NATGASMINI,PE,285.0,NATGASMINI23OCT26285PE,13.0,22000,SELL_AGGRESSOR,19019750,1387500
2026-10-01 22:56:23.558,NATGASMINI,CE,290.0,NATGASMINI23OCT26290CE,13.1,1500,BUY_AGGRESSOR,24554000,3383250
2026-10-01 22:56:23.558,NATGASMINI,PE,290.0,NATGASMINI23OCT26290PE,15.8,9000,SELL_AGGRESSOR,17998250,1640500
2026-10-01 22:56:23.558,NATGASMINI,CE,295.0,NATGASMINI23OCT26295CE,11.25,2250,SELL_AGGRESSOR,11712000,1828750
2026-10-01 22:56:23.558,NATGASMINI,PE,295.0,NATGASMINI23OCT26295PE,19.05,2500,BUY_AGGRESSOR,5187500,817250
2026-10-01 22:56:27.373,NATURALGAS,PE,265.0,NATURALGAS23OCT26265PE,4.7,1250,BUY_AGGRESSOR,12502500,4431250
2026-10-01 22:56:27.373,NATURALGAS,PE,280.0,NATURALGAS23OCT26280PE,10.4,2500,SELL_AGGRESSOR,45011250,12355000
2026-10-01 22:56:27.373,NATURALGAS,PE,285.0,NATURALGAS23OCT26285PE,13.0,2500,SELL_AGGRESSOR,50893750,6253750
2026-10-01 22:56:27.373,NATURALGAS,CE,295.0,NATURALGAS23OCT26295CE,11.25,1250,BUY_AGGRESSOR,34446250,7273750
2026-10-01 22:56:27.373,NATURALGAS,PE,295.0,NATURALGAS23OCT26295PE,19.05,1250,SELL_AGGRESSOR,14975000,5535000
2026-10-01 22:56:27.373,NATURALGAS,CE,305.0,NATURALGAS23OCT26305CE,8.4,1250,BUY_AGGRESSOR,17341250,7692500
2026-10-01 22:56:31.286,NATURALGAS,PE,280.0,NATURALGAS23OCT26280PE,10.4,2500,SELL_AGGRESSOR,45013750,12352500
2026-10-01 22:56:31.286,NATURALGAS,CE,285.0,NATURALGAS23OCT26285CE,15.05,1250,SELL_AGGRESSOR,34025000,5355000
2026-10-01 22:56:31.286,NATURALGAS,CE,290.0,NATURALGAS23OCT26290CE,13.0,1250,BUY_AGGRESSOR,86167500,17786250
2026-10-01 22:56:31.286,NATURALGAS,PE,290.0,NATURALGAS23OCT26290PE,15.95,1250,BUY_AGGRESSOR,74010000,13312500
2026-10-01 22:56:31.286,NATURALGAS,CE,315.0,NATURALGAS23OCT26315CE,6.15,1250,SELL_AGGRESSOR,11228750,3576250
2026-10-01 22:56:31.286,NATGASMINI,FUT,0.0,NATGASMINI27OCT26FUT,287.2,750,SELL_AGGRESSOR,39929750,17222750
2026-10-01 22:56:31.286,NATGASMINI,PE,295.0,NATGASMINI23OCT26295PE,19.05,750,BUY_AGGRESSOR,5188250,818000
2026-10-01 22:56:31.286,NATGASMINI,CE,310.0,NATGASMINI23OCT26310CE,7.25,250,SELL_AGGRESSOR,5024750,1877500
2026-10-01 22:56:31.286,NATGASMINI,PE,310.0,NATGASMINI23OCT26310PE,29.85,250,BUY_AGGRESSOR,397500,669500
2026-10-01 22:56:35.143,NATURALGAS,FUT,0.0,NATURALGAS27OCT26FUT,287.2,5000,BUY_AGGRESSOR,124262500,69368750
2026-10-01 22:56:35.143,NATURALGAS,CE,280.0,NATURALGAS23OCT26280CE,17.45,6250,BUY_AGGRESSOR,25692500,4486250
2026-10-01 22:56:35.143,NATURALGAS,CE,285.0,NATURALGAS23OCT26285CE,15.1,12500,BUY_AGGRESSOR,34037500,5360000
2026-10-01 22:56:35.143,NATGASMINI,CE,270.0,NATGASMINI23OCT26270CE,23.55,250,BUY_AGGRESSOR,705000,147750
2026-10-01 22:56:35.143,NATGASMINI,PE,280.0,NATGASMINI23OCT26280PE,10.4,250,SELL_AGGRESSOR,9377750,1380500
2026-10-01 22:56:35.143,NATGASMINI,PE,285.0,NATGASMINI23OCT26285PE,13.05,500,BUY_AGGRESSOR,19020250,1387500
2026-10-01 22:56:39.016,NATURALGAS,PE,285.0,NATURALGAS23OCT26285PE,13.0,1250,SELL_AGGRESSOR,50895000,6253750
2026-10-01 22:56:39.016,NATURALGAS,CE,295.0,NATURALGAS23OCT26295CE,11.25,7500,BUY_AGGRESSOR,34453750,7266250
2026-10-01 22:56:39.016,NATURALGAS,CE,305.0,NATURALGAS23OCT26305CE,8.4,5000,BUY_AGGRESSOR,17346250,7692500
2026-10-01 22:56:39.016,NATURALGAS,CE,310.0,NATURALGAS23OCT26310CE,7.2,1250,BUY_AGGRESSOR,30928750,11726250
2026-10-01 22:56:39.016,NATGASMINI,CE,260.0,NATGASMINI23OCT26260CE,30.9,250,BUY_AGGRESSOR,28000,26750
2026-10-01 22:56:39.016,NATGASMINI,PE,275.0,NATGASMINI23OCT26275PE,8.15,250,SELL_AGGRESSOR,4771500,750250
2026-10-01 22:56:39.016,NATGASMINI,CE,285.0,NATGASMINI23OCT26285CE,15.1,250,SELL_AGGRESSOR,10245500,978250
2026-10-01 22:56:42.829,NATURALGAS,PE,270.0,NATURALGAS23OCT26270PE,6.2,1250,SELL_AGGRESSOR,31511250,11668750
2026-10-01 22:56:42.829,NATURALGAS,PE,285.0,NATURALGAS23OCT26285PE,13.0,1250,SELL_AGGRESSOR,50896250,6252500
2026-10-01 22:56:42.829,NATURALGAS,PE,290.0,NATURALGAS23OCT26290PE,15.85,2500,SELL_AGGRESSOR,74012500,13312500
2026-10-01 22:56:42.829,NATURALGAS,PE,295.0,NATURALGAS23OCT26295PE,19.05,1250,SELL_AGGRESSOR,14976250,5535000
2026-10-01 22:56:42.829,NATURALGAS,CE,305.0,NATURALGAS23OCT26305CE,8.4,1250,BUY_AGGRESSOR,17347500,7693750
2026-10-01 22:56:42.829,NATGASMINI,PE,255.0,NATGASMINI23OCT26255PE,2.5,250,SELL_AGGRESSOR,662500,142750
2026-10-01 22:56:42.829,NATGASMINI,PE,285.0,NATGASMINI23OCT26285PE,13.0,1000,SELL_AGGRESSOR,19021250,1388500
2026-10-01 22:56:42.829,NATGASMINI,CE,290.0,NATGASMINI23OCT26290CE,13.05,11750,SELL,24565750,3383250
2026-10-01 22:56:46.679,NATURALGAS,PE,285.0,NATURALGAS23OCT26285PE,13.0,1250,SELL_AGGRESSOR,50897500,6251250
2026-10-01 22:56:46.679,NATURALGAS,PE,290.0,NATURALGAS23OCT26290PE,15.9,1250,BUY_AGGRESSOR,74013750,13312500
2026-10-01 22:56:46.679,NATGASMINI,FUT,0.0,NATGASMINI27OCT26FUT,287.4,250,BUY_AGGRESSOR,39930000,17222750
2026-10-01 22:56:46.679,NATGASMINI,CE,300.0,NATGASMINI23OCT26300CE,9.7,750,SELL_AGGRESSOR,12625750,3331250
2026-10-01 22:56:50.469,NATURALGAS,FUT,0.0,NATURALGAS27OCT26FUT,287.1,5000,SELL_AGGRESSOR,124267500,69366250
2026-10-01 22:56:50.469,NATURALGAS,PE,280.0,NATURALGAS23OCT26280PE,10.4,1250,SELL_AGGRESSOR,45015000,12351250
2026-10-01 22:56:50.469,NATURALGAS,PE,285.0,NATURALGAS23OCT26285PE,13.0,3750,SELL_AGGRESSOR,50901250,6247500
2026-10-01 22:56:50.469,NATURALGAS,CE,290.0,NATURALGAS23OCT26290CE,13.0,1250,BUY_AGGRESSOR,86168750,17786250
2026-10-01 22:56:50.469,NATURALGAS,PE,300.0,NATURALGAS23OCT26300PE,22.5,1250,SELL_AGGRESSOR,13377500,14026250
2026-10-01 22:56:50.469,NATGASMINI,FUT,0.0,NATGASMINI27OCT26FUT,287.3,3750,SELL_AGGRESSOR,39933750,17221000
2026-10-01 22:56:50.469,NATGASMINI,PE,280.0,NATGASMINI23OCT26280PE,10.4,500,SELL_AGGRESSOR,9378250,1380500
2026-10-01 22:56:54.323,NATURALGAS,CE,280.0,NATURALGAS23OCT26280CE,17.5,2500,BUY_AGGRESSOR,25695000,4486250
2026-10-01 22:56:54.323,NATURALGAS,PE,285.0,NATURALGAS23OCT26285PE,13.0,6250,SELL_AGGRESSOR,50907500,6242500
2026-10-01 22:56:54.323,NATURALGAS,CE,290.0,NATURALGAS23OCT26290CE,13.0,1250,BUY_AGGRESSOR,86170000,17785000
2026-10-01 22:56:54.323,NATGASMINI,PE,280.0,NATGASMINI23OCT26280PE,10.35,2250,SELL_AGGRESSOR,9380500,1380500
2026-10-01 22:56:54.323,NATGASMINI,PE,285.0,NATGASMINI23OCT26285PE,13.0,250,BUY_AGGRESSOR,19021500,1388750
2026-10-01 22:56:54.323,NATGASMINI,CE,300.0,NATGASMINI23OCT26300CE,9.7,1250,SELL_AGGRESSOR,12627000,3330000
2026-10-01 22:56:58.168,NATURALGAS,FUT,0.0,NATURALGAS27OCT26FUT,287.3,47500,BUY_AGGRESSOR,124315000,69353750
2026-10-01 22:56:58.168,NATURALGAS,PE,255.0,NATURALGAS23OCT26255PE,2.45,2500,SELL_AGGRESSOR,6932500,2018750
2026-10-01 22:56:58.168,NATURALGAS,CE,260.0,NATURALGAS23OCT26260CE,30.5,1250,BUY_AGGRESSOR,296250,215000
2026-10-01 22:56:58.168,NATURALGAS,PE,260.0,NATURALGAS23OCT26260PE,3.45,5000,SELL_AGGRESSOR,26830000,10797500
2026-10-01 22:56:58.168,NATURALGAS,PE,265.0,NATURALGAS23OCT26265PE,4.6,26250,SELL_AGGRESSOR,12528750,4431250
2026-10-01 22:56:58.168,NATURALGAS,PE,270.0,NATURALGAS23OCT26270PE,6.2,16250,SELL_AGGRESSOR,31527500,11668750
2026-10-01 22:56:58.168,NATURALGAS,CE,275.0,NATURALGAS23OCT26275CE,20.3,13750,BUY_AGGRESSOR,3698750,413750
2026-10-01 22:56:58.168,NATURALGAS,PE,275.0,NATURALGAS23OCT26275PE,8.15,13750,SELL_AGGRESSOR,17381250,3705000
2026-10-01 22:56:58.168,NATURALGAS,CE,280.0,NATURALGAS23OCT26280CE,17.55,31250,BUY_AGGRESSOR,25726250,4485000
2026-10-01 22:56:58.168,NATURALGAS,PE,280.0,NATURALGAS23OCT26280PE,10.35,11250,SELL_AGGRESSOR,45026250,12351250
2026-10-01 22:56:58.168,NATURALGAS,CE,285.0,NATURALGAS23OCT26285CE,15.1,2500,BUY_AGGRESSOR,34040000,5358750
2026-10-01 22:56:58.168,NATURALGAS,PE,285.0,NATURALGAS23OCT26285PE,13.0,7500,SELL_AGGRESSOR,50915000,6241250
2026-10-01 22:56:58.168,NATURALGAS,CE,290.0,NATURALGAS23OCT26290CE,13.0,8750,BUY_AGGRESSOR,86178750,17785000
2026-10-01 22:56:58.168,NATURALGAS,PE,290.0,NATURALGAS23OCT26290PE,15.85,11250,SELL_AGGRESSOR,74025000,13313750
2026-10-01 22:56:58.168,NATURALGAS,CE,295.0,NATURALGAS23OCT26295CE,11.25,8750,BUY_AGGRESSOR,34462500,7265000
2026-10-01 22:56:58.168,NATURALGAS,PE,295.0,NATURALGAS23OCT26295PE,19.0,26250,SELL_AGGRESSOR,15002500,5535000
2026-10-01 22:56:58.168,NATURALGAS,CE,300.0,NATURALGAS23OCT26300CE,9.65,10000,BUY_AGGRESSOR,52341250,21150000
2026-10-01 22:56:58.168,NATURALGAS,PE,300.0,NATURALGAS23OCT26300PE,22.45,8750,SELL_AGGRESSOR,13386250,14032500
2026-10-01 22:56:58.168,NATURALGAS,CE,310.0,NATURALGAS23OCT26310CE,7.2,1250,BUY_AGGRESSOR,30930000,11726250
2026-10-01 22:56:58.168,NATGASMINI,FUT,0.0,NATGASMINI27OCT26FUT,287.4,12750,BUY_AGGRESSOR,39946500,17223750
2026-10-01 22:56:58.168,NATGASMINI,PE,265.0,NATGASMINI23OCT26265PE,4.65,21250,SELL_AGGRESSOR,5669500,3228500
2026-10-01 22:56:58.168,NATGASMINI,PE,270.0,NATGASMINI23OCT26270PE,6.25,7500,SELL_AGGRESSOR,4045000,1001500
2026-10-01 22:56:58.168,NATGASMINI,PE,275.0,NATGASMINI23OCT26275PE,8.15,2250,SELL_AGGRESSOR,4773750,750250
2026-10-01 22:56:58.168,NATGASMINI,CE,280.0,NATGASMINI23OCT26280CE,17.65,1000,BUY_AGGRESSOR,3708500,412750
2026-10-01 22:56:58.168,NATGASMINI,PE,280.0,NATGASMINI23OCT26280PE,10.35,1000,SELL_AGGRESSOR,9381500,1380500
2026-10-01 22:56:58.168,NATGASMINI,CE,285.0,NATGASMINI23OCT26285CE,15.2,1500,BUY_AGGRESSOR,10247000,978250
2026-10-01 22:56:58.168,NATGASMINI,PE,285.0,NATGASMINI23OCT26285PE,12.9,4250,SELL_AGGRESSOR,19025750,1388750
2026-10-01 22:56:58.168,NATGASMINI,CE,290.0,NATGASMINI23OCT26290CE,13.15,13000,BUY_AGGRESSOR,24578750,3382000
2026-10-01 22:56:58.168,NATGASMINI,PE,290.0,NATGASMINI23OCT26290PE,15.8,2500,SELL_AGGRESSOR,18000750,1640500
2026-10-01 22:56:58.168,NATGASMINI,PE,295.0,NATGASMINI23OCT26295PE,18.95,1250,SELL_AGGRESSOR,5189500,818000
2026-10-01 22:56:58.168,NATGASMINI,CE,300.0,NATGASMINI23OCT26300CE,9.75,3250,BUY_AGGRESSOR,12630250,3329750
2026-10-01 22:56:58.168,NATGASMINI,PE,300.0,NATGASMINI23OCT26300PE,22.25,2000,SELL_AGGRESSOR,2983750,1060250
2026-10-01 22:56:58.168,NATGASMINI,CE,315.0,NATGASMINI23OCT26315CE,6.3,1750,BUY_AGGRESSOR,2620250,1305750
2026-10-01 22:57:02.028,NATURALGAS,FUT,0.0,NATURALGAS27OCT26FUT,287.3,2500,SELL_AGGRESSOR,124317500,69343750
2026-10-01 22:57:02.028,NATURALGAS,PE,260.0,NATURALGAS23OCT26260PE,3.4,10000,SELL_AGGRESSOR,26840000,10797500
2026-10-01 22:57:02.028,NATURALGAS,PE,265.0,NATURALGAS23OCT26265PE,4.6,1250,SELL_AGGRESSOR,12530000,4450000
2026-10-01 22:57:02.028,NATURALGAS,PE,285.0,NATURALGAS23OCT26285PE,13.0,12500,BUY_AGGRESSOR,50927500,6242500
2026-10-01 22:57:02.028,NATURALGAS,PE,290.0,NATURALGAS23OCT26290PE,15.85,40000,BUY_AGGRESSOR,74065000,13327500
2026-10-01 22:57:02.028,NATGASMINI,PE,260.0,NATGASMINI23OCT26260PE,3.4,250,SELL_AGGRESSOR,2380750,879500
2026-10-01 22:57:02.028,NATGASMINI,PE,265.0,NATGASMINI23OCT26265PE,4.6,500,SELL_AGGRESSOR,5670000,3228500
2026-10-01 22:57:02.028,NATGASMINI,PE,280.0,NATGASMINI23OCT26280PE,10.4,250,BUY_AGGRESSOR,9381750,1381500
2026-10-01 22:57:02.028,NATGASMINI,CE,285.0,NATGASMINI23OCT26285CE,15.2,1250,INSIDE,10248250,978250
2026-10-01 22:57:02.028,NATGASMINI,PE,285.0,NATGASMINI23OCT26285PE,12.9,5250,SELL_AGGRESSOR,19031000,1389000
2026-10-01 22:57:02.028,NATGASMINI,CE,290.0,NATGASMINI23OCT26290CE,13.15,500,BUY_AGGRESSOR,24579250,3377750
2026-10-01 22:57:02.028,NATGASMINI,PE,290.0,NATGASMINI23OCT26290PE,15.8,500,BUY_AGGRESSOR,18001250,1639500
2026-10-01 22:57:05.891,NATURALGAS,PE,280.0,NATURALGAS23OCT26280PE,10.4,2500,BUY_AGGRESSOR,45028750,12353750
2026-10-01 22:57:05.891,NATURALGAS,CE,290.0,NATURALGAS23OCT26290CE,13.05,1250,BUY_AGGRESSOR,86180000,17786250
2026-10-01 22:57:05.891,NATURALGAS,PE,290.0,NATURALGAS23OCT26290PE,15.8,7500,SELL_AGGRESSOR,74072500,13352500
2026-10-01 22:57:05.891,NATGASMINI,FUT,0.0,NATGASMINI27OCT26FUT,287.5,1000,BUY_AGGRESSOR,39947500,17227500
2026-10-01 22:57:05.891,NATGASMINI,CE,290.0,NATGASMINI23OCT26290CE,13.15,250,BUY_AGGRESSOR,24579500,3377750
2026-10-01 22:57:09.713,NATURALGAS,PE,280.0,NATURALGAS23OCT26280PE,10.35,2500,SELL_AGGRESSOR,45031250,12351250
2026-10-01 22:57:09.713,NATURALGAS,CE,285.0,NATURALGAS23OCT26285CE,15.15,12500,BUY_AGGRESSOR,34052500,5353750
2026-10-01 22:57:09.713,NATURALGAS,CE,290.0,NATURALGAS23OCT26290CE,13.0,5000,SELL_AGGRESSOR,86185000,17790000
2026-10-01 22:57:09.713,NATURALGAS,PE,290.0,NATURALGAS23OCT26290PE,15.75,13750,SELL_AGGRESSOR,74086250,13333750
2026-10-01 22:57:09.713,NATURALGAS,PE,295.0,NATURALGAS23OCT26295PE,18.95,1250,SELL_AGGRESSOR,15003750,5533750
2026-10-01 22:57:09.713,NATURALGAS,CE,300.0,NATURALGAS23OCT26300CE,9.7,1250,BUY_AGGRESSOR,52342500,21150000
2026-10-01 22:57:09.713,NATGASMINI,CE,290.0,NATGASMINI23OCT26290CE,13.1,500,SELL_AGGRESSOR,24580000,3377750
2026-10-01 22:57:13.579,NATURALGAS,FUT,0.0,NATURALGAS27OCT26FUT,287.3,1250,SELL_AGGRESSOR,124318750,69342500
2026-10-01 22:57:13.579,NATURALGAS,PE,270.0,NATURALGAS23OCT26270PE,6.2,1250,SELL_AGGRESSOR,31528750,11666250
2026-10-01 22:57:13.579,NATURALGAS,PE,280.0,NATURALGAS23OCT26280PE,10.35,1250,SELL_AGGRESSOR,45032500,12350000
2026-10-01 22:57:13.579,NATURALGAS,CE,290.0,NATURALGAS23OCT26290CE,13.05,7500,BUY_AGGRESSOR,86192500,17790000
2026-10-01 22:57:13.579,NATURALGAS,CE,300.0,NATURALGAS23OCT26300CE,9.65,1250,SELL_AGGRESSOR,52343750,21150000
2026-10-01 22:57:13.579,NATGASMINI,CE,300.0,NATGASMINI23OCT26300CE,9.8,500,BUY_AGGRESSOR,12630750,3327250
2026-10-01 22:57:13.579,NATGASMINI,CE,310.0,NATGASMINI23OCT26310CE,7.25,250,SELL_AGGRESSOR,5025000,1877250
2026-10-01 22:57:17.379,NATURALGAS,FUT,0.0,NATURALGAS27OCT26FUT,287.4,3750,BUY_AGGRESSOR,124322500,69342500
2026-10-01 22:57:17.379,NATURALGAS,PE,265.0,NATURALGAS23OCT26265PE,4.6,5000,SELL_AGGRESSOR,12535000,4452500
2026-10-01 22:57:17.379,NATURALGAS,PE,270.0,NATURALGAS23OCT26270PE,6.2,1250,SELL_AGGRESSOR,31530000,11666250
2026-10-01 22:57:17.379,NATURALGAS,PE,275.0,NATURALGAS23OCT26275PE,8.15,3750,BUY_AGGRESSOR,17385000,3703750
2026-10-01 22:57:17.379,NATURALGAS,PE,285.0,NATURALGAS23OCT26285PE,12.95,10000,SELL_AGGRESSOR,50937500,6232500
2026-10-01 22:57:17.379,NATURALGAS,PE,290.0,NATURALGAS23OCT26290PE,15.8,32500,SELL_AGGRESSOR,74118750,13363750
2026-10-01 22:57:17.379,NATURALGAS,CE,305.0,NATURALGAS23OCT26305CE,8.35,2500,SELL_AGGRESSOR,17350000,7692500
2026-10-01 22:57:17.379,NATURALGAS,CE,310.0,NATURALGAS23OCT26310CE,7.25,11250,BUY_AGGRESSOR,30941250,11726250
2026-10-01 22:57:17.379,NATGASMINI,FUT,0.0,NATGASMINI27OCT26FUT,287.4,1250,SELL,39948750,17227750
2026-10-01 22:57:17.379,NATGASMINI,PE,255.0,NATGASMINI23OCT26255PE,2.5,1000,SELL_AGGRESSOR,663500,142000
2026-10-01 22:57:17.379,NATGASMINI,PE,265.0,NATGASMINI23OCT26265PE,4.65,5000,BUY_AGGRESSOR,5675000,3228500
2026-10-01 22:57:17.379,NATGASMINI,PE,275.0,NATGASMINI23OCT26275PE,8.1,250,SELL_AGGRESSOR,4774000,750250
2026-10-01 22:57:17.379,NATGASMINI,PE,280.0,NATGASMINI23OCT26280PE,10.35,2500,SELL_AGGRESSOR,9384250,1381500
2026-10-01 22:57:17.379,NATGASMINI,CE,290.0,NATGASMINI23OCT26290CE,13.15,5250,BUY_AGGRESSOR,24585250,3377750
2026-10-01 22:57:17.379,NATGASMINI,PE,290.0,NATGASMINI23OCT26290PE,15.75,1500,SELL_AGGRESSOR,18002750,1639500
2026-10-01 22:57:17.379,NATGASMINI,PE,295.0,NATGASMINI23OCT26295PE,18.9,500,SELL_AGGRESSOR,5190000,819250
2026-10-01 22:57:21.215,NATURALGAS,CE,285.0,NATURALGAS23OCT26285CE,15.15,7500,BUY_AGGRESSOR,34060000,5346250
2026-10-01 22:57:21.215,NATURALGAS,CE,290.0,NATURALGAS23OCT26290CE,13.05,3750,BUY_AGGRESSOR,86196250,17790000
2026-10-01 22:57:21.215,NATURALGAS,PE,290.0,NATURALGAS23OCT26290PE,15.8,1250,SELL_AGGRESSOR,74120000,13363750
2026-10-01 22:57:21.215,NATGASMINI,CE,290.0,NATGASMINI23OCT26290CE,13.15,2000,BUY_AGGRESSOR,24587250,3376500
2026-10-01 22:57:21.215,NATGASMINI,PE,290.0,NATGASMINI23OCT26290PE,15.75,2500,SELL_AGGRESSOR,18005250,1639500
2026-10-01 22:57:21.215,NATGASMINI,CE,300.0,NATGASMINI23OCT26300CE,9.8,500,BUY_AGGRESSOR,12631250,3327750
2026-10-01 22:57:24.994,NATURALGAS,PE,265.0,NATURALGAS23OCT26265PE,4.6,1250,SELL_AGGRESSOR,12536250,4452500
2026-10-01 22:57:24.994,NATURALGAS,PE,270.0,NATURALGAS23OCT26270PE,6.2,2500,SELL_AGGRESSOR,31532500,11665000
2026-10-01 22:57:24.994,NATURALGAS,PE,280.0,NATURALGAS23OCT26280PE,10.35,2500,SELL_AGGRESSOR,45035000,12347500
2026-10-01 22:57:24.994,NATURALGAS,CE,285.0,NATURALGAS23OCT26285CE,15.1,1250,SELL_AGGRESSOR,34061250,5346250
2026-10-01 22:57:24.994,NATURALGAS,PE,285.0,NATURALGAS23OCT26285PE,12.9,11250,SELL_AGGRESSOR,50948750,6221250
2026-10-01 22:57:24.994,NATURALGAS,CE,290.0,NATURALGAS23OCT26290CE,13.0,3750,SELL_AGGRESSOR,86200000,17790000
2026-10-01 22:57:24.994,NATURALGAS,PE,290.0,NATURALGAS23OCT26290PE,15.8,10000,SELL_AGGRESSOR,74130000,13353750
2026-10-01 22:57:24.994,NATURALGAS,PE,295.0,NATURALGAS23OCT26295PE,18.95,1250,SELL_AGGRESSOR,15005000,5532500
2026-10-01 22:57:24.994,NATURALGAS,PE,305.0,NATURALGAS23OCT26305PE,26.1,1250,SELL_AGGRESSOR,1987500,2718750
2026-10-01 22:57:24.994,NATGASMINI,FUT,0.0,NATGASMINI27OCT26FUT,287.5,500,BUY_AGGRESSOR,39949250,17227500
2026-10-01 22:57:24.994,NATGASMINI,CE,275.0,NATGASMINI23OCT26275CE,20.45,500,BUY_AGGRESSOR,1294000,81000
2026-10-01 22:57:24.994,NATGASMINI,CE,290.0,NATGASMINI23OCT26290CE,13.05,2000,SELL_AGGRESSOR,24589250,3376500
2026-10-01 22:57:24.994,NATGASMINI,CE,310.0,NATGASMINI23OCT26310CE,7.25,500,SELL_AGGRESSOR,5025500,1876750
2026-10-01 22:57:28.845,NATURALGAS,PE,285.0,NATURALGAS23OCT26285PE,12.9,2500,SELL_AGGRESSOR,50951250,6218750
2026-10-01 22:57:28.845,NATGASMINI,FUT,0.0,NATGASMINI27OCT26FUT,287.5,250,BUY_AGGRESSOR,39949500,17227250
2026-10-01 22:57:28.845,NATGASMINI,CE,275.0,NATGASMINI23OCT26275CE,20.5,250,BUY_AGGRESSOR,1294250,81250
2026-10-01 22:57:28.845,NATGASMINI,PE,280.0,NATGASMINI23OCT26280PE,10.35,1500,SELL_AGGRESSOR,9385750,1381500
2026-10-01 22:57:28.845,NATGASMINI,PE,285.0,NATGASMINI23OCT26285PE,12.9,750,SELL_AGGRESSOR,19031750,1388500
2026-10-01 22:57:28.845,NATGASMINI,PE,290.0,NATGASMINI23OCT26290PE,15.75,750,SELL_AGGRESSOR,18006000,1639500
2026-10-01 22:57:28.845,NATGASMINI,PE,295.0,NATGASMINI23OCT26295PE,18.9,1250,SELL_AGGRESSOR,5191250,819250
2026-10-01 22:57:32.673,NATURALGAS,FUT,0.0,NATURALGAS27OCT26FUT,287.4,6250,BUY_AGGRESSOR,124328750,69347500
2026-10-01 22:57:32.673,NATURALGAS,PE,260.0,NATURALGAS23OCT26260PE,3.45,1250,BUY_AGGRESSOR,26841250,10796250
2026-10-01 22:57:32.673,NATURALGAS,PE,265.0,NATURALGAS23OCT26265PE,4.6,3750,SELL_AGGRESSOR,12540000,4452500
2026-10-01 22:57:32.673,NATURALGAS,CE,290.0,NATURALGAS23OCT26290CE,13.05,1250,BUY_AGGRESSOR,86201250,17790000
2026-10-01 22:57:32.673,NATURALGAS,PE,290.0,NATURALGAS23OCT26290PE,15.8,1250,INSIDE,74131250,13352500
2026-10-01 22:57:32.673,NATGASMINI,CE,285.0,NATGASMINI23OCT26285CE,15.25,2000,BUY_AGGRESSOR,10250250,978250
2026-10-01 22:57:32.673,NATGASMINI,PE,290.0,NATGASMINI23OCT26290PE,15.75,500,SELL_AGGRESSOR,18006500,1639500
2026-10-01 22:57:32.673,NATGASMINI,CE,310.0,NATGASMINI23OCT26310CE,7.35,750,BUY_AGGRESSOR,5026250,1877500
2026-10-01 22:57:36.503,NATURALGAS,FUT,0.0,NATURALGAS27OCT26FUT,287.4,8750,BUY_AGGRESSOR,124337500,69348750
2026-10-01 22:57:36.503,NATURALGAS,PE,255.0,NATURALGAS23OCT26255PE,2.45,2500,SELL_AGGRESSOR,6935000,2018750
2026-10-01 22:57:36.503,NATURALGAS,PE,270.0,NATURALGAS23OCT26270PE,6.2,1250,SELL_AGGRESSOR,31533750,11663750
2026-10-01 22:57:36.503,NATURALGAS,PE,280.0,NATURALGAS23OCT26280PE,10.4,6250,BUY_AGGRESSOR,45041250,12342500
2026-10-01 22:57:36.503,NATURALGAS,PE,290.0,NATURALGAS23OCT26290PE,15.8,7500,SELL_AGGRESSOR,74138750,13346250
2026-10-01 22:57:36.503,NATGASMINI,FUT,0.0,NATGASMINI27OCT26FUT,287.5,2000,BUY_AGGRESSOR,39951500,17226250
2026-10-01 22:57:36.503,NATGASMINI,PE,260.0,NATGASMINI23OCT26260PE,3.5,250,BUY_AGGRESSOR,2381000,879500
2026-10-01 22:57:36.503,NATGASMINI,PE,270.0,NATGASMINI23OCT26270PE,6.2,1000,SELL_AGGRESSOR,4046000,1001500
2026-10-01 22:57:36.503,NATGASMINI,PE,275.0,NATGASMINI23OCT26275PE,8.1,250,SELL_AGGRESSOR,4774250,750250
2026-10-01 22:57:36.503,NATGASMINI,PE,280.0,NATGASMINI23OCT26280PE,10.35,250,SELL_AGGRESSOR,9386000,1381500
2026-10-01 22:57:36.503,NATGASMINI,PE,285.0,NATGASMINI23OCT26285PE,12.9,6250,SELL_AGGRESSOR,19038000,1382250
2026-10-01 22:57:36.503,NATGASMINI,CE,290.0,NATGASMINI23OCT26290CE,13.1,250,SELL_AGGRESSOR,24589500,3376500
2026-10-01 22:57:36.503,NATGASMINI,CE,295.0,NATGASMINI23OCT26295CE,11.3,3000,SELL_AGGRESSOR,11715000,1828750
2026-10-01 22:57:40.379,NATURALGAS,PE,275.0,NATURALGAS23OCT26275PE,8.1,2500,SELL_AGGRESSOR,17387500,3702500
2026-10-01 22:57:40.379,NATURALGAS,PE,280.0,NATURALGAS23OCT26280PE,10.35,1250,SELL_AGGRESSOR,45042500,12341250
2026-10-01 22:57:40.379,NATURALGAS,PE,285.0,NATURALGAS23OCT26285PE,12.9,1250,SELL_AGGRESSOR,50952500,6217500
2026-10-01 22:57:40.379,NATURALGAS,CE,290.0,NATURALGAS23OCT26290CE,13.05,11250,BUY_AGGRESSOR,86212500,17790000
2026-10-01 22:57:40.379,NATURALGAS,PE,300.0,NATURALGAS23OCT26300PE,22.4,1250,SELL_AGGRESSOR,13387500,14035000
2026-10-01 22:57:40.379,NATGASMINI,FUT,0.0,NATGASMINI27OCT26FUT,287.5,4000,BUY_AGGRESSOR,39955500,17226500
2026-10-01 22:57:40.379,NATGASMINI,CE,280.0,NATGASMINI23OCT26280CE,17.7,750,BUY_AGGRESSOR,3709250,412000
2026-10-01 22:57:40.379,NATGASMINI,PE,280.0,NATGASMINI23OCT26280PE,10.35,250,SELL_AGGRESSOR,9386250,1381750
2026-10-01 22:57:40.379,NATGASMINI,CE,285.0,NATGASMINI23OCT26285CE,15.25,500,BUY_AGGRESSOR,10250750,978500
2026-10-01 22:57:40.379,NATGASMINI,CE,290.0,NATGASMINI23OCT26290CE,13.15,2500,BUY_AGGRESSOR,24592000,3374000
2026-10-01 22:57:40.379,NATGASMINI,PE,290.0,NATGASMINI23OCT26290PE,15.75,250,SELL_AGGRESSOR,18006750,1639500
2026-10-01 22:57:40.379,NATGASMINI,CE,295.0,NATGASMINI23OCT26295CE,11.4,750,BUY_AGGRESSOR,11715750,1828750
2026-10-01 22:57:40.379,NATGASMINI,CE,300.0,NATGASMINI23OCT26300CE,9.75,250,SELL_AGGRESSOR,12631500,3327500
2026-10-01 22:57:40.379,NATGASMINI,CE,305.0,NATGASMINI23OCT26305CE,8.5,250,BUY_AGGRESSOR,5878250,1725750
2026-10-01 22:57:40.379,NATGASMINI,CE,310.0,NATGASMINI23OCT26310CE,7.25,250,SELL_AGGRESSOR,5026500,1877250
2026-10-01 22:57:44.191,NATURALGAS,PE,265.0,NATURALGAS23OCT26265PE,4.7,18750,BUY_AGGRESSOR,12558750,4443750
2026-10-01 22:57:44.191,NATURALGAS,PE,270.0,NATURALGAS23OCT26270PE,6.2,11250,SELL_AGGRESSOR,31545000,11662500
2026-10-01 22:57:44.191,NATURALGAS,PE,285.0,NATURALGAS23OCT26285PE,12.9,10000,SELL_AGGRESSOR,50962500,6225000
2026-10-01 22:57:44.191,NATURALGAS,CE,290.0,NATURALGAS23OCT26290CE,13.05,2500,INSIDE,86215000,17792500
2026-10-01 22:57:44.191,NATURALGAS,PE,295.0,NATURALGAS23OCT26295PE,18.95,6250,SELL_AGGRESSOR,15011250,5526250
2026-10-01 22:57:44.191,NATURALGAS,PE,300.0,NATURALGAS23OCT26300PE,22.4,1250,SELL_AGGRESSOR,13388750,14035000
2026-10-01 22:57:44.191,NATURALGAS,CE,315.0,NATURALGAS23OCT26315CE,6.2,60000,BUY_AGGRESSOR,11288750,3516250
2026-10-01 22:57:44.191,NATGASMINI,PE,275.0,NATGASMINI23OCT26275PE,8.1,750,SELL_AGGRESSOR,4775000,750250
2026-10-01 22:57:44.191,NATGASMINI,PE,280.0,NATGASMINI23OCT26280PE,10.35,19500,SELL_AGGRESSOR,9405750,1380250
2026-10-01 22:57:44.191,NATGASMINI,PE,285.0,NATGASMINI23OCT26285PE,12.9,1750,SELL_AGGRESSOR,19039750,1383250
2026-10-01 22:57:44.191,NATGASMINI,PE,290.0,NATGASMINI23OCT26290PE,15.75,4250,SELL_AGGRESSOR,18011000,1639500
2026-10-01 22:57:48.035,NATURALGAS,PE,270.0,NATURALGAS23OCT26270PE,6.15,15000,SELL_AGGRESSOR,31560000,11662500
2026-10-01 22:57:48.035,NATURALGAS,CE,290.0,NATURALGAS23OCT26290CE,13.1,2500,BUY_AGGRESSOR,86217500,17792500
2026-10-01 22:57:48.035,NATURALGAS,PE,290.0,NATURALGAS23OCT26290PE,15.75,1250,SELL_AGGRESSOR,74140000,13345000
2026-10-01 22:57:48.035,NATURALGAS,CE,300.0,NATURALGAS23OCT26300CE,9.7,1250,BUY_AGGRESSOR,52345000,21151250
2026-10-01 22:57:48.035,NATGASMINI,PE,275.0,NATGASMINI23OCT26275PE,8.1,500,INSIDE,4775500,750250
2026-10-01 22:57:48.035,NATGASMINI,CE,290.0,NATGASMINI23OCT26290CE,13.15,250,BUY_AGGRESSOR,24592250,3374000
2026-10-01 22:57:51.830,NATURALGAS,FUT,0.0,NATURALGAS27OCT26FUT,287.4,2500,BUY_AGGRESSOR,124340000,69348750
2026-10-01 22:57:51.830,NATURALGAS,CE,275.0,NATURALGAS23OCT26275CE,20.45,6250,BUY_AGGRESSOR,3705000,420000
2026-10-01 22:57:51.830,NATURALGAS,PE,285.0,NATURALGAS23OCT26285PE,12.9,2500,SELL_AGGRESSOR,50965000,6226250
2026-10-01 22:57:51.830,NATURALGAS,PE,290.0,NATURALGAS23OCT26290PE,15.75,8750,SELL_AGGRESSOR,74148750,13336250
2026-10-01 22:57:51.830,NATURALGAS,CE,295.0,NATURALGAS23OCT26295CE,11.3,1250,BUY_AGGRESSOR,34463750,7263750
2026-10-01 22:57:51.830,NATURALGAS,PE,295.0,NATURALGAS23OCT26295PE,18.9,3750,SELL_AGGRESSOR,15015000,5522500
2026-10-01 22:57:51.830,NATURALGAS,CE,300.0,NATURALGAS23OCT26300CE,9.65,1250,SELL_AGGRESSOR,52346250,21152500
2026-10-01 22:57:51.830,NATURALGAS,PE,300.0,NATURALGAS23OCT26300PE,22.35,1250,SELL_AGGRESSOR,13390000,14037500
2026-10-01 22:57:51.830,NATGASMINI,CE,290.0,NATGASMINI23OCT26290CE,13.15,3500,INSIDE,24595750,3374000
2026-10-01 22:57:51.830,NATGASMINI,PE,290.0,NATGASMINI23OCT26290PE,15.7,250,SELL_AGGRESSOR,18011250,1639500
2026-10-01 22:57:51.830,NATGASMINI,CE,295.0,NATGASMINI23OCT26295CE,11.35,1500,SELL_AGGRESSOR,11717250,1830000
2026-10-01 22:57:55.660,NATURALGAS,FUT,0.0,NATURALGAS27OCT26FUT,287.4,1250,BUY_AGGRESSOR,124341250,69347500
2026-10-01 22:57:55.660,NATURALGAS,PE,275.0,NATURALGAS23OCT26275PE,8.1,1250,INSIDE,17388750,3702500
2026-10-01 22:57:55.660,NATURALGAS,PE,285.0,NATURALGAS23OCT26285PE,12.95,1250,BUY_AGGRESSOR,50966250,6227500
2026-10-01 22:57:55.660,NATURALGAS,PE,295.0,NATURALGAS23OCT26295PE,18.95,12500,BUY_AGGRESSOR,15027500,5518750
2026-10-01 22:57:55.660,NATURALGAS,CE,305.0,NATURALGAS23OCT26305CE,8.35,1250,SELL_AGGRESSOR,17351250,7692500
2026-10-01 22:57:55.660,NATGASMINI,FUT,0.0,NATGASMINI27OCT26FUT,287.4,1000,SELL_AGGRESSOR,39956500,17227500
2026-10-01 22:57:55.660,NATGASMINI,CE,275.0,NATGASMINI23OCT26275CE,20.55,1000,BUY_AGGRESSOR,1295250,82250
2026-10-01 22:57:55.660,NATGASMINI,PE,275.0,NATGASMINI23OCT26275PE,8.05,1500,SELL_AGGRESSOR,4777000,750250
2026-10-01 22:57:55.660,NATGASMINI,PE,280.0,NATGASMINI23OCT26280PE,10.3,1000,SELL_AGGRESSOR,9406750,1380000
2026-10-01 22:57:55.660,NATGASMINI,CE,290.0,NATGASMINI23OCT26290CE,13.2,750,BUY_AGGRESSOR,24596500,3374000
2026-10-01 22:57:55.660,NATGASMINI,PE,290.0,NATGASMINI23OCT26290PE,15.75,750,BUY_AGGRESSOR,18012000,1639500
2026-10-01 22:57:55.660,NATGASMINI,CE,300.0,NATGASMINI23OCT26300CE,9.8,250,BUY_AGGRESSOR,12631750,3327250
2026-10-01 22:57:59.453,NATURALGAS,FUT,0.0,NATURALGAS27OCT26FUT,287.4,1250,BUY_AGGRESSOR,124342500,69348750
2026-10-01 22:57:59.453,NATURALGAS,PE,280.0,NATURALGAS23OCT26280PE,10.35,2500,SELL_AGGRESSOR,45045000,12340000
2026-10-01 22:57:59.453,NATURALGAS,CE,285.0,NATURALGAS23OCT26285CE,15.1,3750,SELL_AGGRESSOR,34065000,5346250
2026-10-01 22:57:59.453,NATURALGAS,CE,290.0,NATURALGAS23OCT26290CE,13.1,5000,BUY_AGGRESSOR,86222500,17788750
2026-10-01 22:57:59.453,NATURALGAS,PE,290.0,NATURALGAS23OCT26290PE,15.8,2500,BUY_AGGRESSOR,74151250,13333750
2026-10-01 22:57:59.453,NATURALGAS,PE,300.0,NATURALGAS23OCT26300PE,22.35,8750,SELL_AGGRESSOR,13398750,14030000
2026-10-01 22:57:59.453,NATGASMINI,FUT,0.0,NATGASMINI27OCT26FUT,287.5,500,BUY_AGGRESSOR,39957000,17227250
2026-10-01 22:57:59.453,NATGASMINI,PE,260.0,NATGASMINI23OCT26260PE,3.5,250,BUY_AGGRESSOR,2381250,879250
2026-10-01 22:57:59.453,NATGASMINI,PE,275.0,NATGASMINI23OCT26275PE,8.1,250,BUY,4777250,750250
2026-10-01 22:57:59.453,NATGASMINI,CE,290.0,NATGASMINI23OCT26290CE,13.15,8500,BUY_AGGRESSOR,24605000,3365500
2026-10-01 22:57:59.453,NATGASMINI,PE,290.0,NATGASMINI23OCT26290PE,15.75,1750,BUY_AGGRESSOR,18013750,1639250
2026-10-01 22:57:59.453,NATGASMINI,CE,295.0,NATGASMINI23OCT26295CE,11.35,250,SELL_AGGRESSOR,11717500,1830000
2026-10-01 22:58:03.309,NATURALGAS,CE,280.0,NATURALGAS23OCT26280CE,17.55,1250,SELL_AGGRESSOR,25727500,4485000
2026-10-01 22:58:03.309,NATURALGAS,PE,280.0,NATURALGAS23OCT26280PE,10.35,1250,SELL_AGGRESSOR,45046250,12340000
2026-10-01 22:58:03.309,NATURALGAS,CE,285.0,NATURALGAS23OCT26285CE,15.1,1250,SELL_AGGRESSOR,34066250,5345000
2026-10-01 22:58:03.309,NATURALGAS,CE,290.0,NATURALGAS23OCT26290CE,13.0,5000,SELL_AGGRESSOR,86227500,17786250
2026-10-01 22:58:03.309,NATURALGAS,PE,290.0,NATURALGAS23OCT26290PE,15.8,7500,BUY_AGGRESSOR,74158750,13326250
2026-10-01 22:58:03.309,NATURALGAS,CE,295.0,NATURALGAS23OCT26295CE,11.3,2500,BUY_AGGRESSOR,34466250,7263750
2026-10-01 22:58:03.309,NATGASMINI,PE,265.0,NATGASMINI23OCT26265PE,4.6,1250,SELL_AGGRESSOR,5676250,3228500
2026-10-01 22:58:03.309,NATGASMINI,PE,270.0,NATGASMINI23OCT26270PE,6.2,250,SELL_AGGRESSOR,4046250,1001250
2026-10-01 22:58:03.309,NATGASMINI,CE,280.0,NATGASMINI23OCT26280CE,17.7,1750,SELL_AGGRESSOR,3711000,413500
2026-10-01 22:58:03.309,NATGASMINI,PE,280.0,NATGASMINI23OCT26280PE,10.4,1250,BUY_AGGRESSOR,9408000,1380000
2026-10-01 22:58:03.309,NATGASMINI,PE,285.0,NATGASMINI23OCT26285PE,12.9,250,SELL_AGGRESSOR,19040000,1383000
2026-10-01 22:58:03.309,NATGASMINI,CE,290.0,NATGASMINI23OCT26290CE,13.1,1000,SELL_AGGRESSOR,24606000,3365500
2026-10-01 22:58:03.309,NATGASMINI,PE,290.0,NATGASMINI23OCT26290PE,15.8,500,BUY_AGGRESSOR,18014250,1638750
2026-10-01 22:58:03.309,NATGASMINI,CE,300.0,NATGASMINI23OCT26300CE,9.75,3250,SELL_AGGRESSOR,12635000,3327750
2026-10-01 22:58:03.309,NATGASMINI,CE,305.0,NATGASMINI23OCT26305CE,8.45,750,SELL_AGGRESSOR,5879000,1725750
2026-10-01 22:58:03.309,NATGASMINI,CE,310.0,NATGASMINI23OCT26310CE,7.3,5250,SELL_AGGRESSOR,5031750,1878000
2026-10-01 22:58:07.147,NATURALGAS,FUT,0.0,NATURALGAS27OCT26FUT,287.3,1250,SELL_AGGRESSOR,124343750,69350000
2026-10-01 22:58:07.147,NATURALGAS,PE,270.0,NATURALGAS23OCT26270PE,6.2,8750,SELL_AGGRESSOR,31568750,11653750
2026-10-01 22:58:07.147,NATURALGAS,PE,275.0,NATURALGAS23OCT26275PE,8.1,5000,SELL_AGGRESSOR,17393750,3702500
2026-10-01 22:58:07.147,NATURALGAS,PE,280.0,NATURALGAS23OCT26280PE,10.4,8750,BUY_AGGRESSOR,45055000,12335000
2026-10-01 22:58:07.147,NATURALGAS,CE,285.0,NATURALGAS23OCT26285CE,15.1,15000,SELL_AGGRESSOR,34081250,5348750
2026-10-01 22:58:07.147,NATURALGAS,CE,290.0,NATURALGAS23OCT26290CE,13.0,1250,SELL_AGGRESSOR,86228750,17785000
2026-10-01 22:58:07.147,NATURALGAS,PE,290.0,NATURALGAS23OCT26290PE,15.9,72500,BUY_AGGRESSOR,74231250,13325000
2026-10-01 22:58:07.147,NATURALGAS,CE,295.0,NATURALGAS23OCT26295CE,11.25,8750,SELL_AGGRESSOR,34475000,7270000
2026-10-01 22:58:07.147,NATURALGAS,CE,300.0,NATURALGAS23OCT26300CE,9.65,18750,SELL_AGGRESSOR,52365000,21152500
2026-10-01 22:58:07.147,NATURALGAS,CE,310.0,NATURALGAS23OCT26310CE,7.2,2500,SELL_AGGRESSOR,30943750,11728750
2026-10-01 22:58:07.147,NATURALGAS,CE,315.0,NATURALGAS23OCT26315CE,6.2,1250,SELL_AGGRESSOR,11290000,3516250
2026-10-01 22:58:07.147,NATGASMINI,FUT,0.0,NATGASMINI27OCT26FUT,287.4,500,SELL,39957500,17227250
2026-10-01 22:58:07.147,NATGASMINI,PE,270.0,NATGASMINI23OCT26270PE,6.2,4250,SELL_AGGRESSOR,4050500,997000
2026-10-01 22:58:07.147,NATGASMINI,PE,275.0,NATGASMINI23OCT26275PE,8.1,750,SELL_AGGRESSOR,4778000,750250
2026-10-01 22:58:07.147,NATGASMINI,PE,280.0,NATGASMINI23OCT26280PE,10.4,4000,BUY_AGGRESSOR,9412000,1379750
2026-10-01 22:58:07.147,NATGASMINI,CE,285.0,NATGASMINI23OCT26285CE,15.2,750,SELL,10251500,978500
2026-10-01 22:58:07.147,NATGASMINI,PE,285.0,NATGASMINI23OCT26285PE,12.95,2000,BUY_AGGRESSOR,19042000,1381000
2026-10-01 22:58:07.147,NATGASMINI,CE,290.0,NATGASMINI23OCT26290CE,13.1,250,INSIDE,24606250,3365250
2026-10-01 22:58:07.147,NATGASMINI,PE,295.0,NATGASMINI23OCT26295PE,18.9,250,BUY_AGGRESSOR,5191500,819000
2026-10-01 22:58:11.000,NATURALGAS,PE,265.0,NATURALGAS23OCT26265PE,4.65,1250,SELL_AGGRESSOR,12560000,4445000
2026-10-01 22:58:11.000,NATURALGAS,PE,280.0,NATURALGAS23OCT26280PE,10.4,2500,SELL_AGGRESSOR,45057500,12333750
2026-10-01 22:58:11.000,NATURALGAS,PE,285.0,NATURALGAS23OCT26285PE,12.95,2500,SELL_AGGRESSOR,50968750,6225000
2026-10-01 22:58:11.000,NATURALGAS,PE,290.0,NATURALGAS23OCT26290PE,15.85,1250,SELL_AGGRESSOR,74232500,13370000
2026-10-01 22:58:11.000,NATGASMINI,PE,265.0,NATGASMINI23OCT26265PE,4.7,1250,BUY_AGGRESSOR,5677500,3228500
2026-10-01 22:58:11.000,NATGASMINI,PE,280.0,NATGASMINI23OCT26280PE,10.35,1250,SELL_AGGRESSOR,9413250,1379750
2026-10-01 22:58:11.000,NATGASMINI,PE,285.0,NATGASMINI23OCT26285PE,12.9,500,SELL_AGGRESSOR,19042500,1380500
2026-10-01 22:58:11.000,NATGASMINI,PE,290.0,NATGASMINI23OCT26290PE,15.85,1250,BUY_AGGRESSOR,18015500,1638750
2026-10-01 22:58:11.000,NATGASMINI,CE,300.0,NATGASMINI23OCT26300CE,9.75,250,BUY_AGGRESSOR,12635250,3327500
2026-10-01 22:58:14.898,NATURALGAS,FUT,0.0,NATURALGAS27OCT26FUT,287.3,6250,BUY_AGGRESSOR,124350000,69343750
2026-10-01 22:58:14.898,NATURALGAS,PE,280.0,NATURALGAS23OCT26280PE,10.4,1250,SELL_AGGRESSOR,45058750,12333750
2026-10-01 22:58:14.898,NATURALGAS,PE,290.0,NATURALGAS23OCT26290PE,15.85,3750,SELL_AGGRESSOR,74236250,13370000
2026-10-01 22:58:14.898,NATURALGAS,CE,300.0,NATURALGAS23OCT26300CE,9.65,1250,BUY_AGGRESSOR,52366250,21151250
2026-10-01 22:58:14.898,NATGASMINI,FUT,0.0,NATGASMINI27OCT26FUT,287.5,1000,BUY_AGGRESSOR,39958500,17227250
2026-10-01 22:58:14.898,NATGASMINI,CE,285.0,NATGASMINI23OCT26285CE,15.15,500,SELL,10252000,978500
2026-10-01 22:58:14.898,NATGASMINI,PE,285.0,NATGASMINI23OCT26285PE,12.9,1250,SELL_AGGRESSOR,19043750,1380250
2026-10-01 22:58:14.898,NATGASMINI,CE,290.0,NATGASMINI23OCT26290CE,13.1,1750,BUY_AGGRESSOR,24608000,3365250
2026-10-01 22:58:14.898,NATGASMINI,CE,300.0,NATGASMINI23OCT26300CE,9.75,750,BUY_AGGRESSOR,12636000,3327000
2026-10-01 22:58:14.898,NATGASMINI,CE,305.0,NATGASMINI23OCT26305CE,8.5,1000,BUY_AGGRESSOR,5880000,1726250
2026-10-01 22:58:18.718,NATURALGAS,CE,280.0,NATURALGAS23OCT26280CE,17.55,1250,INSIDE,25728750,4485000
2026-10-01 22:58:18.718,NATURALGAS,PE,285.0,NATURALGAS23OCT26285PE,12.95,1250,SELL_AGGRESSOR,50970000,6223750
2026-10-01 22:58:18.718,NATURALGAS,CE,315.0,NATURALGAS23OCT26315CE,6.15,3750,SELL_AGGRESSOR,11293750,3515000
2026-10-01 22:58:18.718,NATGASMINI,PE,260.0,NATGASMINI23OCT26260PE,3.4,500,SELL_AGGRESSOR,2381750,878750
2026-10-01 22:58:18.718,NATGASMINI,CE,290.0,NATGASMINI23OCT26290CE,13.1,250,SELL_AGGRESSOR,24608250,3365250
2026-10-01 22:58:18.718,NATGASMINI,PE,290.0,NATGASMINI23OCT26290PE,15.7,2000,SELL_AGGRESSOR,18017500,1638750
2026-10-01 22:58:22.552,NATURALGAS,FUT,0.0,NATURALGAS27OCT26FUT,287.2,1250,SELL_AGGRESSOR,124351250,69343750
2026-10-01 22:58:22.552,NATURALGAS,PE,255.0,NATURALGAS23OCT26255PE,2.45,1250,SELL_AGGRESSOR,6936250,2018750
2026-10-01 22:58:22.552,NATURALGAS,PE,265.0,NATURALGAS23OCT26265PE,4.65,1250,INSIDE,12561250,4446250
2026-10-01 22:58:22.552,NATURALGAS,CE,280.0,NATURALGAS23OCT26280CE,17.6,1250,BUY_AGGRESSOR,25730000,4485000
2026-10-01 22:58:22.552,NATURALGAS,PE,285.0,NATURALGAS23OCT26285PE,12.95,6250,SELL_AGGRESSOR,50976250,6217500
2026-10-01 22:58:22.552,NATURALGAS,PE,290.0,NATURALGAS23OCT26290PE,15.75,3750,SELL_AGGRESSOR,74240000,13367500
2026-10-01 22:58:22.552,NATURALGAS,CE,295.0,NATURALGAS23OCT26295CE,11.25,2500,SELL_AGGRESSOR,34477500,7272500
2026-10-01 22:58:22.552,NATURALGAS,CE,300.0,NATURALGAS23OCT26300CE,9.7,1250,BUY_AGGRESSOR,52367500,21152500
2026-10-01 22:58:22.552,NATGASMINI,FUT,0.0,NATGASMINI27OCT26FUT,287.5,1000,BUY_AGGRESSOR,39959500,17227250
2026-10-01 22:58:22.552,NATGASMINI,PE,285.0,NATGASMINI23OCT26285PE,12.9,3000,SELL_AGGRESSOR,19046750,1381750
2026-10-01 22:58:22.552,NATGASMINI,CE,300.0,NATGASMINI23OCT26300CE,9.75,250,SELL_AGGRESSOR,12636250,3327000
2026-10-01 22:58:26.357,NATURALGAS,CE,280.0,NATURALGAS23OCT26280CE,17.5,1250,SELL_AGGRESSOR,25731250,4483750
2026-10-01 22:58:26.357,NATURALGAS,PE,280.0,NATURALGAS23OCT26280PE,10.35,1250,SELL_AGGRESSOR,45060000,12332500
2026-10-01 22:58:26.357,NATURALGAS,PE,285.0,NATURALGAS23OCT26285PE,12.95,25000,BUY_AGGRESSOR,51001250,6192500
2026-10-01 22:58:26.357,NATURALGAS,PE,290.0,NATURALGAS23OCT26290PE,15.8,6250,BUY,74246250,13371250
2026-10-01 22:58:26.357,NATURALGAS,CE,295.0,NATURALGAS23OCT26295CE,11.3,1250,BUY_AGGRESSOR,34478750,7271250
2026-10-01 22:58:26.357,NATURALGAS,PE,295.0,NATURALGAS23OCT26295PE,19.0,5000,SELL_AGGRESSOR,15032500,5513750
2026-10-01 22:58:26.357,NATURALGAS,CE,300.0,NATURALGAS23OCT26300CE,9.65,1250,SELL_AGGRESSOR,52368750,21151250
2026-10-01 22:58:26.357,NATURALGAS,PE,300.0,NATURALGAS23OCT26300PE,22.35,1250,SELL_AGGRESSOR,13400000,14027500
2026-10-01 22:58:26.357,NATGASMINI,FUT,0.0,NATGASMINI27OCT26FUT,287.4,250,SELL_AGGRESSOR,39959750,17227500
2026-10-01 22:58:26.357,NATGASMINI,PE,275.0,NATGASMINI23OCT26275PE,8.1,500,SELL_AGGRESSOR,4778500,750250
2026-10-01 22:58:26.357,NATGASMINI,CE,295.0,NATGASMINI23OCT26295CE,11.3,1000,SELL_AGGRESSOR,11718500,1829000
2026-10-01 22:58:30.307,NATURALGAS,FUT,0.0,NATURALGAS27OCT26FUT,287.3,1250,BUY_AGGRESSOR,124352500,69343750
2026-10-01 22:58:30.307,NATURALGAS,PE,275.0,NATURALGAS23OCT26275PE,8.1,1250,SELL_AGGRESSOR,17395000,3702500
2026-10-01 22:58:30.307,NATURALGAS,CE,285.0,NATURALGAS23OCT26285CE,15.05,13750,SELL_AGGRESSOR,34095000,5358750
2026-10-01 22:58:30.307,NATURALGAS,PE,290.0,NATURALGAS23OCT26290PE,15.85,1250,BUY_AGGRESSOR,74247500,13372500
2026-10-01 22:58:30.307,NATGASMINI,FUT,0.0,NATGASMINI27OCT26FUT,287.4,500,SELL_AGGRESSOR,39960250,17227500
2026-10-01 22:58:34.080,NATURALGAS,CE,270.0,NATURALGAS23OCT26270CE,23.4,1250,SELL_AGGRESSOR,2960000,1101250
2026-10-01 22:58:34.080,NATURALGAS,PE,295.0,NATURALGAS23OCT26295PE,19.0,1250,BUY_AGGRESSOR,15033750,5512500
2026-10-01 22:58:34.080,NATURALGAS,CE,310.0,NATURALGAS23OCT26310CE,7.2,5000,SELL_AGGRESSOR,30948750,11728750
2026-10-01 22:58:34.080,NATGASMINI,FUT,0.0,NATGASMINI27OCT26FUT,287.4,250,INSIDE,39960500,17227250
2026-10-01 22:58:34.080,NATGASMINI,CE,275.0,NATGASMINI23OCT26275CE,20.45,1000,SELL,1296250,83250
2026-10-01 22:58:34.080,NATGASMINI,CE,290.0,NATGASMINI23OCT26290CE,13.05,5250,SELL_AGGRESSOR,24613500,3365250
2026-10-01 22:58:34.080,NATGASMINI,CE,300.0,NATGASMINI23OCT26300CE,9.75,500,SELL_AGGRESSOR,12636750,3327000
2026-10-01 22:58:37.933,NATURALGAS,FUT,0.0,NATURALGAS27OCT26FUT,287.2,8750,SELL_AGGRESSOR,124361250,69336250
2026-10-01 22:58:37.933,NATURALGAS,CE,290.0,NATURALGAS23OCT26290CE,13.05,7500,BUY_AGGRESSOR,86236250,17785000
2026-10-01 22:58:37.933,NATURALGAS,PE,290.0,NATURALGAS23OCT26290PE,15.8,1250,SELL_AGGRESSOR,74248750,13371250
2026-10-01 22:58:37.933,NATURALGAS,CE,315.0,NATURALGAS23OCT26315CE,6.15,1250,SELL_AGGRESSOR,11295000,3513750
2026-10-01 22:58:37.933,NATGASMINI,FUT,0.0,NATGASMINI27OCT26FUT,287.3,250,SELL_AGGRESSOR,39960750,17227500
2026-10-01 22:58:37.933,NATGASMINI,CE,290.0,NATGASMINI23OCT26290CE,13.05,2500,SELL_AGGRESSOR,24616000,3365250
2026-10-01 22:58:37.933,NATGASMINI,PE,290.0,NATGASMINI23OCT26290PE,15.85,1250,BUY_AGGRESSOR,18018750,1637500
2026-10-01 22:58:41.734,NATURALGAS,PE,260.0,NATURALGAS23OCT26260PE,3.45,2500,INSIDE,26843750,10796250
2026-10-01 22:58:41.734,NATURALGAS,PE,275.0,NATURALGAS23OCT26275PE,8.1,3750,SELL_AGGRESSOR,17398750,3698750
2026-10-01 22:58:41.734,NATURALGAS,PE,280.0,NATURALGAS23OCT26280PE,10.4,1250,SELL_AGGRESSOR,45061250,12331250
2026-10-01 22:58:41.734,NATURALGAS,PE,285.0,NATURALGAS23OCT26285PE,13.0,43750,BUY_AGGRESSOR,51045000,6190000
2026-10-01 22:58:41.734,NATURALGAS,CE,290.0,NATURALGAS23OCT26290CE,13.0,8750,SELL_AGGRESSOR,86245000,17785000
2026-10-01 22:58:41.734,NATURALGAS,PE,290.0,NATURALGAS23OCT26290PE,15.85,2500,BUY_AGGRESSOR,74251250,13368750
2026-10-01 22:58:41.734,NATURALGAS,CE,295.0,NATURALGAS23OCT26295CE,11.25,5000,SELL_AGGRESSOR,34483750,7276250
2026-10-01 22:58:41.734,NATGASMINI,FUT,0.0,NATGASMINI27OCT26FUT,287.4,1000,BUY_AGGRESSOR,39961750,17226500
2026-10-01 22:58:41.734,NATGASMINI,PE,285.0,NATGASMINI23OCT26285PE,12.95,500,BUY,19047250,1381250
2026-10-01 22:58:41.734,NATGASMINI,PE,295.0,NATGASMINI23OCT26295PE,18.95,250,BUY_AGGRESSOR,5191750,819000
2026-10-01 22:58:41.734,NATGASMINI,CE,305.0,NATGASMINI23OCT26305CE,8.45,500,SELL_AGGRESSOR,5880500,1726500
2026-10-01 22:58:45.554,NATURALGAS,PE,270.0,NATURALGAS23OCT26270PE,6.25,1250,BUY_AGGRESSOR,31570000,11655000
2026-10-01 22:58:45.554,NATURALGAS,CE,300.0,NATURALGAS23OCT26300CE,9.65,12500,BUY_AGGRESSOR,52381250,21138750
2026-10-01 22:58:45.554,NATGASMINI,PE,275.0,NATGASMINI23OCT26275PE,8.1,250,SELL_AGGRESSOR,4778750,750250
2026-10-01 22:58:45.554,NATGASMINI,PE,300.0,NATGASMINI23OCT26300PE,22.3,1000,SELL_AGGRESSOR,2984750,1059750
2026-10-01 22:58:49.396,NATURALGAS,PE,270.0,NATURALGAS23OCT26270PE,6.2,1250,SELL_AGGRESSOR,31571250,11653750
2026-10-01 22:58:49.396,NATURALGAS,PE,280.0,NATURALGAS23OCT26280PE,10.4,1250,SELL_AGGRESSOR,45062500,12330000
2026-10-01 22:58:49.396,NATURALGAS,PE,290.0,NATURALGAS23OCT26290PE,15.85,1250,SELL_AGGRESSOR,74252500,13367500
2026-10-01 22:58:49.396,NATURALGAS,CE,300.0,NATURALGAS23OCT26300CE,9.65,1250,INSIDE,52382500,21138750
2026-10-01 22:58:49.396,NATURALGAS,CE,315.0,NATURALGAS23OCT26315CE,6.15,5000,SELL_AGGRESSOR,11300000,3513750
2026-10-01 22:58:49.396,NATGASMINI,PE,275.0,NATGASMINI23OCT26275PE,8.1,15000,SELL_AGGRESSOR,4793750,750250
2026-10-01 22:58:53.236,NATURALGAS,FUT,0.0,NATURALGAS27OCT26FUT,287.2,2500,SELL_AGGRESSOR,124363750,69337500
2026-10-01 22:58:53.236,NATURALGAS,PE,275.0,NATURALGAS23OCT26275PE,8.1,1250,SELL_AGGRESSOR,17400000,3698750
2026-10-01 22:58:53.236,NATURALGAS,CE,280.0,NATURALGAS23OCT26280CE,17.45,3750,SELL_AGGRESSOR,25735000,4485000
2026-10-01 22:58:53.236,NATURALGAS,PE,280.0,NATURALGAS23OCT26280PE,10.45,11250,BUY_AGGRESSOR,45073750,12330000
2026-10-01 22:58:53.236,NATURALGAS,CE,290.0,NATURALGAS23OCT26290CE,12.95,13750,SELL_AGGRESSOR,86258750,17783750
2026-10-01 22:58:53.236,NATURALGAS,PE,290.0,NATURALGAS23OCT26290PE,15.85,3750,SELL_AGGRESSOR,74256250,13366250
2026-10-01 22:58:53.236,NATGASMINI,FUT,0.0,NATGASMINI27OCT26FUT,287.3,250,SELL_AGGRESSOR,39962000,17226500
2026-10-01 22:58:53.236,NATGASMINI,CE,275.0,NATGASMINI23OCT26275CE,20.4,250,SELL,1296500,83500
2026-10-01 22:58:53.236,NATGASMINI,PE,280.0,NATGASMINI23OCT26280PE,10.4,1250,BUY_AGGRESSOR,9414500,1381000
2026-10-01 22:58:53.236,NATGASMINI,PE,290.0,NATGASMINI23OCT26290PE,15.9,6500,BUY_AGGRESSOR,18025250,1637500
2026-10-01 22:58:53.236,NATGASMINI,CE,315.0,NATGASMINI23OCT26315CE,6.3,8250,SELL_AGGRESSOR,2628500,1305750
2026-10-01 22:58:57.071,NATURALGAS,FUT,0.0,NATURALGAS27OCT26FUT,287.3,6250,BUY_AGGRESSOR,124370000,69336250
2026-10-01 22:58:57.071,NATURALGAS,PE,260.0,NATURALGAS23OCT26260PE,3.45,1250,SELL_AGGRESSOR,26845000,10795000
2026-10-01 22:58:57.071,NATURALGAS,PE,280.0,NATURALGAS23OCT26280PE,10.45,1250,BUY_AGGRESSOR,45075000,12331250
2026-10-01 22:58:57.071,NATURALGAS,PE,285.0,NATURALGAS23OCT26285PE,13.0,1250,SELL_AGGRESSOR,51046250,6190000
2026-10-01 22:58:57.071,NATURALGAS,PE,290.0,NATURALGAS23OCT26290PE,15.85,2500,SELL_AGGRESSOR,74258750,13365000
2026-10-01 22:58:57.071,NATGASMINI,FUT,0.0,NATGASMINI27OCT26FUT,287.3,500,SELL_AGGRESSOR,39962500,17226500
2026-10-01 22:58:57.071,NATGASMINI,PE,260.0,NATGASMINI23OCT26260PE,3.45,500,SELL_AGGRESSOR,2382250,878250
2026-10-01 22:58:57.071,NATGASMINI,PE,265.0,NATGASMINI23OCT26265PE,4.65,500,SELL_AGGRESSOR,5678000,3228750
2026-10-01 22:58:57.071,NATGASMINI,PE,270.0,NATGASMINI23OCT26270PE,6.2,250,SELL_AGGRESSOR,4050750,996750
2026-10-01 22:58:57.071,NATGASMINI,PE,285.0,NATGASMINI23OCT26285PE,13.0,5000,BUY_AGGRESSOR,19052250,1385500
2026-10-01 22:58:57.071,NATGASMINI,PE,290.0,NATGASMINI23OCT26290PE,15.9,2500,BUY_AGGRESSOR,18027750,1636250
2026-10-01 22:58:57.071,NATGASMINI,CE,310.0,NATGASMINI23OCT26310CE,7.3,2000,BUY_AGGRESSOR,5033750,1880000
2026-10-01 22:59:00.857,NATURALGAS,PE,280.0,NATURALGAS23OCT26280PE,10.4,1250,SELL_AGGRESSOR,45076250,12331250
2026-10-01 22:59:00.857,NATGASMINI,PE,270.0,NATGASMINI23OCT26270PE,6.2,250,SELL_AGGRESSOR,4051000,996750
2026-10-01 22:59:00.857,NATGASMINI,PE,280.0,NATGASMINI23OCT26280PE,10.45,1500,BUY_AGGRESSOR,9416000,1381000
2026-10-01 22:59:00.857,NATGASMINI,CE,295.0,NATGASMINI23OCT26295CE,11.3,250,BUY_AGGRESSOR,11718750,1829000
2026-10-01 22:59:04.678,NATURALGAS,FUT,0.0,NATURALGAS27OCT26FUT,287.1,1250,SELL_AGGRESSOR,124371250,69335000
2026-10-01 22:59:04.678,NATURALGAS,PE,275.0,NATURALGAS23OCT26275PE,8.1,2500,SELL_AGGRESSOR,17402500,3698750
2026-10-01 22:59:04.678,NATURALGAS,PE,280.0,NATURALGAS23OCT26280PE,10.45,2500,BUY_AGGRESSOR,45078750,12330000
2026-10-01 22:59:04.678,NATURALGAS,PE,295.0,NATURALGAS23OCT26295PE,19.0,2500,SELL_AGGRESSOR,15036250,5510000
2026-10-01 22:59:08.448,NATURALGAS,FUT,0.0,NATURALGAS27OCT26FUT,287.4,55000,BUY_AGGRESSOR,124426250,69335000
2026-10-01 22:59:08.448,NATURALGAS,PE,255.0,NATURALGAS23OCT26255PE,2.45,8750,SELL_AGGRESSOR,6945000,2018750
2026-10-01 22:59:08.448,NATURALGAS,PE,260.0,NATURALGAS23OCT26260PE,3.4,37500,SELL_AGGRESSOR,26882500,10792500
2026-10-01 22:59:08.448,NATURALGAS,PE,265.0,NATURALGAS23OCT26265PE,4.6,7500,SELL_AGGRESSOR,12568750,4446250
2026-10-01 22:59:08.448,NATURALGAS,CE,270.0,NATURALGAS23OCT26270CE,23.4,3750,BUY_AGGRESSOR,2963750,1097500
2026-10-01 22:59:08.448,NATURALGAS,PE,270.0,NATURALGAS23OCT26270PE,6.2,103750,SELL_AGGRESSOR,31675000,11625000
2026-10-01 22:59:08.448,NATURALGAS,PE,275.0,NATURALGAS23OCT26275PE,8.1,65000,SELL_AGGRESSOR,17467500,3711250
2026-10-01 22:59:08.448,NATURALGAS,CE,280.0,NATURALGAS23OCT26280CE,17.6,15000,BUY_AGGRESSOR,25750000,4482500
2026-10-01 22:59:08.448,NATURALGAS,PE,280.0,NATURALGAS23OCT26280PE,10.35,48750,SELL_AGGRESSOR,45127500,12308750
2026-10-01 22:59:08.448,NATURALGAS,CE,285.0,NATURALGAS23OCT26285CE,15.2,11250,BUY_AGGRESSOR,34106250,5355000
2026-10-01 22:59:08.448,NATURALGAS,PE,285.0,NATURALGAS23OCT26285PE,12.9,70000,SELL_AGGRESSOR,51116250,6190000
2026-10-01 22:59:08.448,NATURALGAS,CE,290.0,NATURALGAS23OCT26290CE,13.1,61250,BUY_AGGRESSOR,86320000,17783750
2026-10-01 22:59:08.448,NATURALGAS,PE,290.0,NATURALGAS23OCT26290PE,15.75,35000,SELL_AGGRESSOR,74293750,13361250
2026-10-01 22:59:08.448,NATURALGAS,CE,295.0,NATURALGAS23OCT26295CE,11.3,18750,BUY_AGGRESSOR,34502500,7273750
2026-10-01 22:59:08.448,NATURALGAS,PE,295.0,NATURALGAS23OCT26295PE,18.95,37500,SELL_AGGRESSOR,15073750,5510000
2026-10-01 22:59:08.448,NATURALGAS,CE,300.0,NATURALGAS23OCT26300CE,9.7,76250,BUY_AGGRESSOR,52458750,21138750
2026-10-01 22:59:08.448,NATURALGAS,PE,300.0,NATURALGAS23OCT26300PE,22.4,1250,SELL_AGGRESSOR,13401250,14027500
2026-10-01 22:59:08.448,NATURALGAS,CE,305.0,NATURALGAS23OCT26305CE,8.4,37500,BUY_AGGRESSOR,17388750,7712500
2026-10-01 22:59:08.448,NATURALGAS,CE,310.0,NATURALGAS23OCT26310CE,7.25,31250,BUY_AGGRESSOR,30980000,11731250
2026-10-01 22:59:08.448,NATURALGAS,PE,310.0,NATURALGAS23OCT26310PE,29.85,1250,SELL_AGGRESSOR,2247500,4566250
2026-10-01 22:59:08.448,NATURALGAS,CE,315.0,NATURALGAS23OCT26315CE,6.15,1250,SELL_AGGRESSOR,11301250,3512500
2026-10-01 22:59:08.448,NATGASMINI,FUT,0.0,NATGASMINI27OCT26FUT,287.6,31500,BUY_AGGRESSOR,39994000,17227000
2026-10-01 22:59:08.448,NATGASMINI,PE,260.0,NATGASMINI23OCT26260PE,3.45,1750,SELL_AGGRESSOR,2384000,879500
2026-10-01 22:59:08.448,NATGASMINI,PE,265.0,NATGASMINI23OCT26265PE,4.65,9500,SELL_AGGRESSOR,5687500,3228750
2026-10-01 22:59:08.448,NATGASMINI,PE,270.0,NATGASMINI23OCT26270PE,6.2,5250,SELL_AGGRESSOR,4056250,992000
2026-10-01 22:59:08.448,NATGASMINI,CE,275.0,NATGASMINI23OCT26275CE,20.55,2000,BUY_AGGRESSOR,1298500,83500
2026-10-01 22:59:08.448,NATGASMINI,PE,275.0,NATGASMINI23OCT26275PE,8.05,2250,SELL_AGGRESSOR,4796000,750250
2026-10-01 22:59:08.448,NATGASMINI,CE,285.0,NATGASMINI23OCT26285CE,15.2,1000,BUY_AGGRESSOR,10253000,978500
2026-10-01 22:59:08.448,NATGASMINI,PE,285.0,NATGASMINI23OCT26285PE,12.9,11250,SELL_AGGRESSOR,19063500,1375000
2026-10-01 22:59:08.448,NATGASMINI,CE,290.0,NATGASMINI23OCT26290CE,13.1,5000,BUY_AGGRESSOR,24621000,3364250
2026-10-01 22:59:08.448,NATGASMINI,PE,290.0,NATGASMINI23OCT26290PE,15.8,26500,SELL_AGGRESSOR,18054250,1636250
2026-10-01 22:59:08.448,NATGASMINI,CE,295.0,NATGASMINI23OCT26295CE,11.45,1500,BUY_AGGRESSOR,11720250,1829000
2026-10-01 22:59:08.448,NATGASMINI,PE,295.0,NATGASMINI23OCT26295PE,18.9,11500,SELL_AGGRESSOR,5203250,815000
2026-10-01 22:59:08.448,NATGASMINI,CE,300.0,NATGASMINI23OCT26300CE,9.8,4500,BUY_AGGRESSOR,12641250,3327000
2026-10-01 22:59:08.448,NATGASMINI,PE,300.0,NATGASMINI23OCT26300PE,22.2,1250,SELL_AGGRESSOR,2986000,1060000
2026-10-01 22:59:08.448,NATGASMINI,CE,305.0,NATGASMINI23OCT26305CE,8.5,750,BUY_AGGRESSOR,5881250,1726500
2026-10-01 22:59:08.448,NATGASMINI,PE,305.0,NATGASMINI23OCT26305PE,25.85,750,SELL_AGGRESSOR,569750,392750
2026-10-01 22:59:08.448,NATGASMINI,PE,310.0,NATGASMINI23OCT26310PE,29.75,1250,SELL,398750,669500
2026-10-01 22:59:08.448,NATGASMINI,CE,315.0,NATGASMINI23OCT26315CE,6.3,1000,BUY_AGGRESSOR,2629500,1305750
2026-10-01 22:59:12.586,NATURALGAS,FUT,0.0,NATURALGAS27OCT26FUT,287.4,2500,SELL_AGGRESSOR,124428750,69317500
2026-10-01 22:59:12.586,NATURALGAS,CE,310.0,NATURALGAS23OCT26310CE,7.2,15000,SELL_AGGRESSOR,30995000,11743750
2026-10-01 22:59:12.586,NATGASMINI,PE,260.0,NATGASMINI23OCT26260PE,3.4,500,SELL_AGGRESSOR,2384500,879250
2026-10-01 22:59:12.586,NATGASMINI,PE,265.0,NATGASMINI23OCT26265PE,4.65,250,BUY_AGGRESSOR,5687750,3228750
2026-10-01 22:59:12.586,NATGASMINI,PE,280.0,NATGASMINI23OCT26280PE,10.25,14500,SELL_AGGRESSOR,9430500,1373750
2026-10-01 22:59:12.586,NATGASMINI,CE,285.0,NATGASMINI23OCT26285CE,15.3,1500,BUY_AGGRESSOR,10254500,979000
2026-10-01 22:59:12.586,NATGASMINI,PE,290.0,NATGASMINI23OCT26290PE,15.7,1000,SELL_AGGRESSOR,18055250,1635750
2026-10-01 22:59:12.586,NATGASMINI,CE,300.0,NATGASMINI23OCT26300CE,9.75,10000,SELL_AGGRESSOR,12651250,3327000
2026-10-01 22:59:12.586,NATGASMINI,PE,310.0,NATGASMINI23OCT26310PE,29.65,1250,BUY_AGGRESSOR,400000,669500
2026-10-01 22:59:12.586,NATGASMINI,CE,315.0,NATGASMINI23OCT26315CE,6.3,250,SELL_AGGRESSOR,2629750,1305500
2026-10-01 22:59:16.405,NATURALGAS,FUT,0.0,NATURALGAS27OCT26FUT,287.3,6250,SELL_AGGRESSOR,124435000,69311250
2026-10-01 22:59:16.405,NATURALGAS,PE,265.0,NATURALGAS23OCT26265PE,4.65,1250,BUY_AGGRESSOR,12570000,4451250
2026-10-01 22:59:16.405,NATURALGAS,PE,280.0,NATURALGAS23OCT26280PE,10.3,13750,SELL_AGGRESSOR,45141250,12297500
2026-10-01 22:59:16.405,NATURALGAS,CE,285.0,NATURALGAS23OCT26285CE,15.15,1250,SELL_AGGRESSOR,34107500,5356250
2026-10-01 22:59:16.405,NATURALGAS,PE,285.0,NATURALGAS23OCT26285PE,12.9,2500,SELL_AGGRESSOR,51118750,6201250
2026-10-01 22:59:16.405,NATURALGAS,CE,290.0,NATURALGAS23OCT26290CE,13.1,2500,BUY_AGGRESSOR,86322500,17785000
2026-10-01 22:59:16.405,NATURALGAS,PE,290.0,NATURALGAS23OCT26290PE,15.8,6250,BUY_AGGRESSOR,74300000,13362500
2026-10-01 22:59:16.405,NATGASMINI,PE,260.0,NATGASMINI23OCT26260PE,3.4,500,SELL_AGGRESSOR,2385000,878750
2026-10-01 22:59:16.405,NATGASMINI,PE,270.0,NATGASMINI23OCT26270PE,6.15,6250,SELL_AGGRESSOR,4062500,992000
2026-10-01 22:59:16.405,NATGASMINI,PE,280.0,NATGASMINI23OCT26280PE,10.3,750,SELL_AGGRESSOR,9431250,1373000
2026-10-01 22:59:16.405,NATGASMINI,CE,285.0,NATGASMINI23OCT26285CE,15.3,750,BUY_AGGRESSOR,10255250,979000
2026-10-01 22:59:16.405,NATGASMINI,PE,285.0,NATGASMINI23OCT26285PE,12.85,4000,SELL_AGGRESSOR,19067500,1372000
2026-10-01 22:59:16.405,NATGASMINI,PE,300.0,NATGASMINI23OCT26300PE,22.15,250,SELL_AGGRESSOR,2986250,1059250
2026-10-01 22:59:21.272,NATURALGAS,PE,280.0,NATURALGAS23OCT26280PE,10.3,1250,SELL_AGGRESSOR,45142500,12297500
2026-10-01 22:59:21.272,NATURALGAS,CE,300.0,NATURALGAS23OCT26300CE,9.65,1250,SELL_AGGRESSOR,52460000,21152500
2026-10-01 22:59:21.272,NATGASMINI,CE,285.0,NATGASMINI23OCT26285CE,15.2,500,SELL_AGGRESSOR,10255750,979000
2026-10-01 22:59:21.272,NATGASMINI,CE,290.0,NATGASMINI23OCT26290CE,13.1,500,SELL_AGGRESSOR,24621500,3364250
2026-10-01 22:59:21.272,NATGASMINI,PE,290.0,NATGASMINI23OCT26290PE,15.7,250,SELL_AGGRESSOR,18055500,1635500
2026-10-01 22:59:21.272,NATGASMINI,PE,300.0,NATGASMINI23OCT26300PE,22.15,250,SELL_AGGRESSOR,2986500,1059000
2026-10-01 22:59:25.078,NATURALGAS,FUT,0.0,NATURALGAS27OCT26FUT,287.3,3750,SELL_AGGRESSOR,124438750,69307500
2026-10-01 22:59:25.078,NATURALGAS,PE,255.0,NATURALGAS23OCT26255PE,2.5,1250,BUY_AGGRESSOR,6946250,2017500
2026-10-01 22:59:25.078,NATURALGAS,PE,275.0,NATURALGAS23OCT26275PE,8.05,66250,SELL_AGGRESSOR,17533750,3696250
2026-10-01 22:59:25.078,NATURALGAS,CE,290.0,NATURALGAS23OCT26290CE,13.05,2500,SELL_AGGRESSOR,86325000,17785000
2026-10-01 22:59:25.078,NATURALGAS,PE,300.0,NATURALGAS23OCT26300PE,22.3,1250,SELL_AGGRESSOR,13402500,14026250
2026-10-01 22:59:25.078,NATGASMINI,FUT,0.0,NATGASMINI27OCT26FUT,287.6,750,BUY_AGGRESSOR,39994750,17230000
2026-10-01 22:59:25.078,NATGASMINI,PE,275.0,NATGASMINI23OCT26275PE,8.1,1250,BUY_AGGRESSOR,4797250,750250
2026-10-01 22:59:25.078,NATGASMINI,PE,285.0,NATGASMINI23OCT26285PE,12.85,10000,SELL_AGGRESSOR,19077500,1371500
2026-10-01 22:59:25.078,NATGASMINI,CE,290.0,NATGASMINI23OCT26290CE,13.2,500,BUY_AGGRESSOR,24622000,3364000
2026-10-01 22:59:25.078,NATGASMINI,PE,290.0,NATGASMINI23OCT26290PE,15.7,250,SELL_AGGRESSOR,18055750,1635500
2026-10-01 22:59:25.078,NATGASMINI,PE,300.0,NATGASMINI23OCT26300PE,22.15,250,SELL_AGGRESSOR,2986750,1058750
2026-10-01 22:59:28.893,NATURALGAS,FUT,0.0,NATURALGAS27OCT26FUT,287.4,2500,BUY_AGGRESSOR,124441250,69307500
2026-10-01 22:59:28.893,NATURALGAS,PE,260.0,NATURALGAS23OCT26260PE,3.4,1250,SELL_AGGRESSOR,26883750,10791250
2026-10-01 22:59:28.893,NATURALGAS,PE,275.0,NATURALGAS23OCT26275PE,8.05,1250,SELL_AGGRESSOR,17535000,3696250
2026-10-01 22:59:28.893,NATURALGAS,PE,300.0,NATURALGAS23OCT26300PE,22.4,1250,BUY_AGGRESSOR,13403750,14026250
2026-10-01 22:59:28.893,NATGASMINI,CE,290.0,NATGASMINI23OCT26290CE,13.1,2250,SELL_AGGRESSOR,24624250,3364000
2026-10-01 22:59:28.893,NATGASMINI,PE,290.0,NATGASMINI23OCT26290PE,15.7,500,SELL_AGGRESSOR,18056250,1635500
2026-10-01 22:59:32.721,NATURALGAS,FUT,0.0,NATURALGAS27OCT26FUT,287.5,31250,BUY_AGGRESSOR,124472500,69307500
2026-10-01 22:59:32.721,NATURALGAS,PE,285.0,NATURALGAS23OCT26285PE,12.9,1250,SELL_AGGRESSOR,51120000,6200000
2026-10-01 22:59:32.721,NATGASMINI,FUT,0.0,NATGASMINI27OCT26FUT,287.6,750,BUY_AGGRESSOR,39995500,17230000
2026-10-01 22:59:32.721,NATGASMINI,PE,280.0,NATGASMINI23OCT26280PE,10.25,3250,SELL_AGGRESSOR,9434500,1373000
2026-10-01 22:59:32.721,NATGASMINI,PE,285.0,NATGASMINI23OCT26285PE,12.85,250,SELL_AGGRESSOR,19077750,1371500
2026-10-01 22:59:32.721,NATGASMINI,CE,290.0,NATGASMINI23OCT26290CE,13.1,250,SELL_AGGRESSOR,24624500,3364000
2026-10-01 22:59:36.511,NATURALGAS,FUT,0.0,NATURALGAS27OCT26FUT,287.4,2500,SELL,124475000,69285000
2026-10-01 22:59:36.511,NATURALGAS,PE,265.0,NATURALGAS23OCT26265PE,4.65,10000,BUY_AGGRESSOR,12580000,4453750
2026-10-01 22:59:36.511,NATURALGAS,PE,275.0,NATURALGAS23OCT26275PE,8.1,5000,BUY_AGGRESSOR,17540000,3701250
2026-10-01 22:59:36.511,NATURALGAS,PE,280.0,NATURALGAS23OCT26280PE,10.35,52500,BUY_AGGRESSOR,45195000,12341250
2026-10-01 22:59:36.511,NATURALGAS,CE,290.0,NATURALGAS23OCT26290CE,13.0,2500,SELL_AGGRESSOR,86327500,17785000
2026-10-01 22:59:36.511,NATURALGAS,PE,290.0,NATURALGAS23OCT26290PE,15.8,2500,BUY_AGGRESSOR,74302500,13361250
2026-10-01 22:59:36.511,NATURALGAS,CE,295.0,NATURALGAS23OCT26295CE,11.3,8750,SELL_AGGRESSOR,34511250,7261250
2026-10-01 22:59:36.511,NATURALGAS,PE,310.0,NATURALGAS23OCT26310PE,29.9,1250,BUY_AGGRESSOR,2248750,4566250
2026-10-01 22:59:36.511,NATGASMINI,FUT,0.0,NATGASMINI27OCT26FUT,287.4,3250,SELL_AGGRESSOR,39998750,17230250
2026-10-01 22:59:36.511,NATGASMINI,PE,270.0,NATGASMINI23OCT26270PE,6.2,6000,BUY_AGGRESSOR,4068500,992000
2026-10-01 22:59:36.511,NATGASMINI,PE,275.0,NATGASMINI23OCT26275PE,8.1,6000,BUY_AGGRESSOR,4803250,750500
2026-10-01 22:59:36.511,NATGASMINI,CE,280.0,NATGASMINI23OCT26280CE,17.7,500,SELL_AGGRESSOR,3711500,414000
2026-10-01 22:59:36.511,NATGASMINI,CE,285.0,NATGASMINI23OCT26285CE,15.25,7750,BUY,10263500,979000
2026-10-01 22:59:36.511,NATGASMINI,PE,285.0,NATGASMINI23OCT26285PE,12.85,1000,SELL_AGGRESSOR,19078750,1371500
2026-10-01 22:59:36.511,NATGASMINI,PE,290.0,NATGASMINI23OCT26290PE,15.8,250,BUY_AGGRESSOR,18056500,1635500
2026-10-01 22:59:36.511,NATGASMINI,CE,315.0,NATGASMINI23OCT26315CE,6.3,250,SELL_AGGRESSOR,2630000,1305500
2026-10-01 22:59:40.343,NATURALGAS,FUT,0.0,NATURALGAS27OCT26FUT,287.3,3750,SELL_AGGRESSOR,124478750,69285000
2026-10-01 22:59:40.343,NATURALGAS,PE,285.0,NATURALGAS23OCT26285PE,12.9,6250,SELL_AGGRESSOR,51126250,6193750
2026-10-01 22:59:40.343,NATURALGAS,CE,295.0,NATURALGAS23OCT26295CE,11.3,1250,BUY_AGGRESSOR,34512500,7262500
2026-10-01 22:59:40.343,NATURALGAS,PE,295.0,NATURALGAS23OCT26295PE,19.0,1250,BUY_AGGRESSOR,15075000,5521250
2026-10-01 22:59:40.343,NATGASMINI,FUT,0.0,NATGASMINI27OCT26FUT,287.5,250,BUY_AGGRESSOR,39999000,17230000
2026-10-01 22:59:40.343,NATGASMINI,PE,270.0,NATGASMINI23OCT26270PE,6.25,1000,BUY_AGGRESSOR,4069500,992250
2026-10-01 22:59:40.343,NATGASMINI,PE,275.0,NATGASMINI23OCT26275PE,8.05,250,SELL_AGGRESSOR,4803500,750500
2026-10-01 22:59:40.343,NATGASMINI,CE,290.0,NATGASMINI23OCT26290CE,13.15,500,BUY_AGGRESSOR,24625000,3363500
2026-10-01 22:59:44.184,NATURALGAS,FUT,0.0,NATURALGAS27OCT26FUT,287.4,1250,BUY_AGGRESSOR,124480000,69285000
2026-10-01 22:59:44.184,NATURALGAS,PE,270.0,NATURALGAS23OCT26270PE,6.2,1250,SELL_AGGRESSOR,31676250,11625000
2026-10-01 22:59:44.184,NATURALGAS,PE,280.0,NATURALGAS23OCT26280PE,10.35,1250,SELL_AGGRESSOR,45196250,12342500
2026-10-01 22:59:44.184,NATURALGAS,PE,290.0,NATURALGAS23OCT26290PE,15.75,6250,SELL_AGGRESSOR,74308750,13357500
2026-10-01 22:59:44.184,NATURALGAS,PE,295.0,NATURALGAS23OCT26295PE,18.95,1250,SELL_AGGRESSOR,15076250,5520000
2026-10-01 22:59:44.184,NATURALGAS,CE,300.0,NATURALGAS23OCT26300CE,9.7,2500,BUY_AGGRESSOR,52462500,21150000
2026-10-01 22:59:44.184,NATURALGAS,PE,300.0,NATURALGAS23OCT26300PE,22.35,6250,SELL_AGGRESSOR,13410000,14026250
2026-10-01 22:59:44.184,NATGASMINI,FUT,0.0,NATGASMINI27OCT26FUT,287.3,1250,SELL_AGGRESSOR,40000250,17229000
2026-10-01 22:59:44.184,NATGASMINI,CE,280.0,NATGASMINI23OCT26280CE,17.6,4000,SELL_AGGRESSOR,3715500,411250
2026-10-01 22:59:44.184,NATGASMINI,PE,280.0,NATGASMINI23OCT26280PE,10.4,1250,BUY_AGGRESSOR,9435750,1374000
2026-10-01 22:59:44.184,NATGASMINI,PE,285.0,NATGASMINI23OCT26285PE,12.9,250,SELL_AGGRESSOR,19079000,1371500
2026-10-01 22:59:44.184,NATGASMINI,CE,295.0,NATGASMINI23OCT26295CE,11.35,250,SELL,11720500,1829000
2026-10-01 22:59:44.184,NATGASMINI,PE,295.0,NATGASMINI23OCT26295PE,18.95,250,BUY_AGGRESSOR,5203500,813000
2026-10-01 22:59:44.184,NATGASMINI,CE,305.0,NATGASMINI23OCT26305CE,8.5,1500,BUY_AGGRESSOR,5882750,1726000
2026-10-01 22:59:48.000,NATURALGAS,PE,290.0,NATURALGAS23OCT26290PE,15.75,1250,SELL_AGGRESSOR,74310000,13355000
2026-10-01 22:59:48.000,NATURALGAS,PE,300.0,NATURALGAS23OCT26300PE,22.35,1250,SELL_AGGRESSOR,13411250,14025000
2026-10-01 22:59:48.000,NATGASMINI,CE,290.0,NATGASMINI23OCT26290CE,13.15,250,BUY_AGGRESSOR,24625250,3363500
2026-10-01 22:59:51.800,NATURALGAS,PE,260.0,NATURALGAS23OCT26260PE,3.45,8750,BUY_AGGRESSOR,26892500,10790000
2026-10-01 22:59:51.800,NATURALGAS,PE,280.0,NATURALGAS23OCT26280PE,10.35,7500,SELL_AGGRESSOR,45203750,12338750
2026-10-01 22:59:51.800,NATURALGAS,CE,285.0,NATURALGAS23OCT26285CE,15.1,2500,SELL,34110000,5356250
2026-10-01 22:59:51.800,NATURALGAS,PE,285.0,NATURALGAS23OCT26285PE,12.95,3750,BUY_AGGRESSOR,51130000,6193750
2026-10-01 22:59:51.800,NATURALGAS,CE,300.0,NATURALGAS23OCT26300CE,9.65,2500,SELL,52465000,21150000
2026-10-01 22:59:51.800,NATGASMINI,FUT,0.0,NATGASMINI27OCT26FUT,287.4,2000,BUY,40002250,17229000
2026-10-01 22:59:51.800,NATGASMINI,CE,280.0,NATGASMINI23OCT26280CE,17.7,250,BUY_AGGRESSOR,3715750,411250
2026-10-01 22:59:51.800,NATGASMINI,PE,280.0,NATGASMINI23OCT26280PE,10.4,1250,BUY_AGGRESSOR,9437000,1374250
2026-10-01 22:59:51.800,NATGASMINI,CE,285.0,NATGASMINI23OCT26285CE,15.2,6750,SELL_AGGRESSOR,10270250,979000
2026-10-01 22:59:51.800,NATGASMINI,CE,290.0,NATGASMINI23OCT26290CE,13.1,250,SELL_AGGRESSOR,24625500,3363500
2026-10-01 22:59:51.800,NATGASMINI,CE,315.0,NATGASMINI23OCT26315CE,6.35,250,BUY_AGGRESSOR,2630250,1305750
2026-10-01 22:59:55.641,NATURALGAS,PE,280.0,NATURALGAS23OCT26280PE,10.4,8750,BUY_AGGRESSOR,45212500,12330000
2026-10-01 22:59:55.641,NATURALGAS,CE,290.0,NATURALGAS23OCT26290CE,13.0,3750,SELL_AGGRESSOR,86331250,17785000
2026-10-01 22:59:55.641,NATURALGAS,CE,295.0,NATURALGAS23OCT26295CE,11.2,3750,SELL_AGGRESSOR,34516250,7261250
2026-10-01 22:59:55.641,NATURALGAS,CE,300.0,NATURALGAS23OCT26300CE,9.7,21250,BUY_AGGRESSOR,52486250,21150000
2026-10-01 22:59:55.641,NATGASMINI,FUT,0.0,NATGASMINI27OCT26FUT,287.3,1500,SELL_AGGRESSOR,40003750,17228250
2026-10-01 22:59:55.641,NATGASMINI,CE,295.0,NATGASMINI23OCT26295CE,11.25,13250,SELL_AGGRESSOR,11733750,1824500
2026-10-01 22:59:55.641,NATGASMINI,PE,300.0,NATGASMINI23OCT26300PE,22.25,750,SELL_AGGRESSOR,2987500,1058000
2026-10-01 22:59:59.457,NATURALGAS,FUT,0.0,NATURALGAS27OCT26FUT,287.2,7500,SELL_AGGRESSOR,124487500,69290000
2026-10-01 22:59:59.457,NATURALGAS,PE,260.0,NATURALGAS23OCT26260PE,3.4,1250,SELL_AGGRESSOR,26893750,10782500
2026-10-01 22:59:59.457,NATURALGAS,PE,265.0,NATURALGAS23OCT26265PE,4.65,10000,SELL_AGGRESSOR,12590000,4445000
2026-10-01 22:59:59.457,NATURALGAS,CE,270.0,NATURALGAS23OCT26270CE,23.3,5000,SELL_AGGRESSOR,2968750,1097500
2026-10-01 22:59:59.457,NATURALGAS,PE,275.0,NATURALGAS23OCT26275PE,8.15,1250,BUY_AGGRESSOR,17541250,3701250
2026-10-01 22:59:59.457,NATURALGAS,PE,280.0,NATURALGAS23OCT26280PE,10.4,1250,INSIDE,45213750,12330000
2026-10-01 22:59:59.457,NATURALGAS,CE,285.0,NATURALGAS23OCT26285CE,15.15,1250,BUY_AGGRESSOR,34111250,5355000
2026-10-01 22:59:59.457,NATURALGAS,PE,285.0,NATURALGAS23OCT26285PE,13.0,18750,BUY_AGGRESSOR,51148750,6190000
2026-10-01 22:59:59.457,NATURALGAS,CE,290.0,NATURALGAS23OCT26290CE,13.0,1250,INSIDE,86332500,17785000
2026-10-01 22:59:59.457,NATURALGAS,PE,290.0,NATURALGAS23OCT26290PE,15.85,15000,BUY_AGGRESSOR,74325000,13352500
2026-10-01 22:59:59.457,NATURALGAS,CE,300.0,NATURALGAS23OCT26300CE,9.65,7500,SELL_AGGRESSOR,52493750,21150000
2026-10-01 22:59:59.457,NATURALGAS,CE,315.0,NATURALGAS23OCT26315CE,6.15,1250,SELL_AGGRESSOR,11302500,3512500
2026-10-01 22:59:59.457,NATGASMINI,FUT,0.0,NATGASMINI27OCT26FUT,287.4,1000,BUY_AGGRESSOR,40004750,17227750
2026-10-01 22:59:59.457,NATGASMINI,CE,260.0,NATGASMINI23OCT26260CE,30.95,250,BUY_AGGRESSOR,28250,26500
2026-10-01 22:59:59.457,NATGASMINI,PE,260.0,NATGASMINI23OCT26260PE,3.5,250,BUY_AGGRESSOR,2385250,878750
2026-10-01 22:59:59.457,NATGASMINI,PE,285.0,NATGASMINI23OCT26285PE,12.95,500,BUY,19079500,1371500
2026-10-01 22:59:59.457,NATGASMINI,CE,290.0,NATGASMINI23OCT26290CE,13.1,42500,SELL_AGGRESSOR,24668000,3356250
2026-10-01 22:59:59.457,NATGASMINI,CE,300.0,NATGASMINI23OCT26300CE,9.75,2000,INSIDE,12653250,3327000
2026-10-01 22:59:59.457,NATGASMINI,PE,300.0,NATGASMINI23OCT26300PE,22.25,500,SELL_AGGRESSOR,2988000,1057500
2026-10-01 22:59:59.457,NATGASMINI,CE,310.0,NATGASMINI23OCT26310CE,7.3,3000,SELL_AGGRESSOR,5036750,1880000
2026-10-01 23:00:03.283,NATURALGAS,FUT,0.0,NATURALGAS27OCT26FUT,287.3,1250,BUY_AGGRESSOR,124488750,69290000
2026-10-01 23:00:03.283,NATURALGAS,PE,260.0,NATURALGAS23OCT26260PE,3.45,2500,BUY,26896250,10782500
2026-10-01 23:00:03.283,NATURALGAS,PE,270.0,NATURALGAS23OCT26270PE,6.2,50000,SELL_AGGRESSOR,31726250,11625000
2026-10-01 23:00:03.283,NATURALGAS,PE,280.0,NATURALGAS23OCT26280PE,10.4,1250,BUY_AGGRESSOR,45215000,12332500
2026-10-01 23:00:03.283,NATURALGAS,PE,285.0,NATURALGAS23OCT26285PE,13.0,1250,BUY_AGGRESSOR,51150000,6190000
2026-10-01 23:00:03.283,NATURALGAS,CE,290.0,NATURALGAS23OCT26290CE,13.05,5000,BUY_AGGRESSOR,86337500,17785000
2026-10-01 23:00:03.283,NATURALGAS,PE,290.0,NATURALGAS23OCT26290PE,15.8,2500,SELL_AGGRESSOR,74327500,13352500
2026-10-01 23:00:03.283,NATURALGAS,CE,295.0,NATURALGAS23OCT26295CE,11.25,1250,SELL_AGGRESSOR,34517500,7260000
2026-10-01 23:00:03.283,NATGASMINI,FUT,0.0,NATGASMINI27OCT26FUT,287.5,2750,BUY_AGGRESSOR,40007500,17227000
2026-10-01 23:00:03.283,NATGASMINI,PE,280.0,NATGASMINI23OCT26280PE,10.3,250,SELL_AGGRESSOR,9437250,1374250
2026-10-01 23:00:03.283,NATGASMINI,PE,285.0,NATGASMINI23OCT26285PE,12.95,3250,SELL_AGGRESSOR,19082750,1370750
2026-10-01 23:00:03.283,NATGASMINI,PE,290.0,NATGASMINI23OCT26290PE,15.75,1500,SELL_AGGRESSOR,18058000,1634750
2026-10-01 23:00:07.143,NATURALGAS,PE,280.0,NATURALGAS23OCT26280PE,10.35,1250,SELL_AGGRESSOR,45216250,12332500
2026-10-01 23:00:07.143,NATURALGAS,CE,285.0,NATURALGAS23OCT26285CE,15.15,1250,BUY_AGGRESSOR,34112500,5355000
2026-10-01 23:00:07.143,NATURALGAS,CE,290.0,NATURALGAS23OCT26290CE,13.0,12500,SELL_AGGRESSOR,86350000,17785000
2026-10-01 23:00:07.143,NATURALGAS,PE,290.0,NATURALGAS23OCT26290PE,15.85,1250,SELL_AGGRESSOR,74328750,13352500
2026-10-01 23:00:07.143,NATURALGAS,CE,295.0,NATURALGAS23OCT26295CE,11.3,7500,BUY_AGGRESSOR,34525000,7258750
2026-10-01 23:00:07.143,NATGASMINI,FUT,0.0,NATGASMINI27OCT26FUT,287.5,250,BUY_AGGRESSOR,40007750,17226750
2026-10-01 23:00:07.143,NATGASMINI,PE,265.0,NATGASMINI23OCT26265PE,4.65,1250,SELL_AGGRESSOR,5689000,3228750
2026-10-01 23:00:07.143,NATGASMINI,CE,290.0,NATGASMINI23OCT26290CE,13.15,500,BUY_AGGRESSOR,24668500,3359000
2026-10-01 23:00:07.143,NATGASMINI,PE,290.0,NATGASMINI23OCT26290PE,15.85,1500,BUY_AGGRESSOR,18059500,1634250
2026-10-01 23:00:07.143,NATGASMINI,CE,295.0,NATGASMINI23OCT26295CE,11.3,12750,SELL_AGGRESSOR,11746500,1824500
2026-10-01 23:00:07.143,NATGASMINI,PE,295.0,NATGASMINI23OCT26295PE,18.9,250,SELL_AGGRESSOR,5203750,813000
2026-10-01 23:00:10.937,NATURALGAS,PE,270.0,NATURALGAS23OCT26270PE,6.2,2500,SELL_AGGRESSOR,31728750,11625000
2026-10-01 23:00:10.937,NATURALGAS,PE,275.0,NATURALGAS23OCT26275PE,8.15,1250,BUY_AGGRESSOR,17542500,3701250
2026-10-01 23:00:10.937,NATURALGAS,PE,280.0,NATURALGAS23OCT26280PE,10.35,1250,SELL_AGGRESSOR,45217500,12331250
2026-10-01 23:00:10.937,NATURALGAS,CE,285.0,NATURALGAS23OCT26285CE,15.2,10000,BUY_AGGRESSOR,34122500,5353750
2026-10-01 23:00:10.937,NATURALGAS,PE,285.0,NATURALGAS23OCT26285PE,13.0,20000,BUY_AGGRESSOR,51170000,6190000
2026-10-01 23:00:10.937,NATGASMINI,FUT,0.0,NATGASMINI27OCT26FUT,287.3,250,SELL_AGGRESSOR,40008000,17226750
2026-10-01 23:00:10.937,NATGASMINI,CE,260.0,NATGASMINI23OCT26260CE,30.3,250,SELL_AGGRESSOR,28500,26500
2026-10-01 23:00:10.937,NATGASMINI,CE,285.0,NATGASMINI23OCT26285CE,15.2,250,SELL_AGGRESSOR,10270500,979000
2026-10-01 23:00:10.937,NATGASMINI,CE,290.0,NATGASMINI23OCT26290CE,13.1,1250,SELL_AGGRESSOR,24669750,3365250
2026-10-01 23:00:10.937,NATGASMINI,CE,310.0,NATGASMINI23OCT26310CE,7.3,2000,SELL_AGGRESSOR,5038750,1880000
2026-10-01 23:00:14.804,NATURALGAS,PE,260.0,NATURALGAS23OCT26260PE,3.45,2500,SELL_AGGRESSOR,26898750,10782500
2026-10-01 23:00:14.804,NATURALGAS,CE,285.0,NATURALGAS23OCT26285CE,15.2,8750,BUY_AGGRESSOR,34131250,5345000
2026-10-01 23:00:14.804,NATURALGAS,CE,295.0,NATURALGAS23OCT26295CE,11.25,1250,SELL_AGGRESSOR,34526250,7253750
2026-10-01 23:00:14.804,NATURALGAS,PE,300.0,NATURALGAS23OCT26300PE,22.4,1250,SELL_AGGRESSOR,13412500,14023750
2026-10-01 23:00:14.804,NATURALGAS,CE,310.0,NATURALGAS23OCT26310CE,7.2,1250,SELL_AGGRESSOR,30996250,11743750
2026-10-01 23:00:14.804,NATGASMINI,FUT,0.0,NATGASMINI27OCT26FUT,287.3,250,SELL_AGGRESSOR,40008250,17226750
2026-10-01 23:00:14.804,NATGASMINI,PE,280.0,NATGASMINI23OCT26280PE,10.4,250,BUY_AGGRESSOR,9437500,1374250
2026-10-01 23:00:14.804,NATGASMINI,CE,285.0,NATGASMINI23OCT26285CE,15.2,11000,SELL_AGGRESSOR,10281500,979000
2026-10-01 23:00:14.804,NATGASMINI,PE,285.0,NATGASMINI23OCT26285PE,12.95,250,INSIDE,19083000,1367750
2026-10-01 23:00:14.804,NATGASMINI,PE,295.0,NATGASMINI23OCT26295PE,18.95,500,BUY_AGGRESSOR,5204250,813000
2026-10-01 23:00:14.804,NATGASMINI,CE,310.0,NATGASMINI23OCT26310CE,7.3,250,SELL_AGGRESSOR,5039000,1880000
2026-10-01 23:00:18.651,NATURALGAS,FUT,0.0,NATURALGAS27OCT26FUT,287.3,1250,BUY_AGGRESSOR,124490000,69292500
2026-10-01 23:00:18.651,NATURALGAS,PE,265.0,NATURALGAS23OCT26265PE,4.65,3750,SELL_AGGRESSOR,12593750,4443750
2026-10-01 23:00:18.651,NATURALGAS,PE,295.0,NATURALGAS23OCT26295PE,19.0,1250,SELL_AGGRESSOR,15077500,5520000
2026-10-01 23:00:18.651,NATURALGAS,CE,300.0,NATURALGAS23OCT26300CE,9.65,1250,SELL_AGGRESSOR,52495000,21150000
2026-10-01 23:00:18.651,NATURALGAS,PE,300.0,NATURALGAS23OCT26300PE,22.55,3750,BUY_AGGRESSOR,13416250,14023750
2026-10-01 23:00:18.651,NATGASMINI,PE,265.0,NATGASMINI23OCT26265PE,4.65,5250,SELL_AGGRESSOR,5694250,3228750
2026-10-01 23:00:18.651,NATGASMINI,PE,280.0,NATGASMINI23OCT26280PE,10.4,500,BUY_AGGRESSOR,9438000,1374500
2026-10-01 23:00:18.651,NATGASMINI,CE,290.0,NATGASMINI23OCT26290CE,13.1,750,SELL_AGGRESSOR,24670500,3363750
2026-10-01 23:00:18.651,NATGASMINI,PE,290.0,NATGASMINI23OCT26290PE,15.8,500,SELL_AGGRESSOR,18060000,1634250
2026-10-01 23:00:18.651,NATGASMINI,CE,300.0,NATGASMINI23OCT26300CE,9.8,250,BUY_AGGRESSOR,12653500,3329000
2026-10-01 23:00:18.651,NATGASMINI,CE,315.0,NATGASMINI23OCT26315CE,6.3,1250,SELL_AGGRESSOR,2631500,1305750
2026-10-01 23:00:22.558,NATURALGAS,FUT,0.0,NATURALGAS27OCT26FUT,287.2,15000,SELL_AGGRESSOR,124505000,69292500
2026-10-01 23:00:22.558,NATURALGAS,PE,280.0,NATURALGAS23OCT26280PE,10.4,1250,SELL_AGGRESSOR,45218750,12331250
2026-10-01 23:00:22.558,NATURALGAS,CE,290.0,NATURALGAS23OCT26290CE,13.0,1250,SELL_AGGRESSOR,86351250,17782500
2026-10-01 23:00:22.558,NATURALGAS,PE,290.0,NATURALGAS23OCT26290PE,15.85,16250,INSIDE,74345000,13350000
2026-10-01 23:00:22.558,NATURALGAS,PE,295.0,NATURALGAS23OCT26295PE,19.05,1250,BUY_AGGRESSOR,15078750,5518750
2026-10-01 23:00:22.558,NATURALGAS,CE,300.0,NATURALGAS23OCT26300CE,9.7,8750,BUY_AGGRESSOR,52503750,21148750
2026-10-01 23:00:22.558,NATURALGAS,PE,300.0,NATURALGAS23OCT26300PE,22.5,2500,SELL,13418750,14023750
2026-10-01 23:00:22.558,NATURALGAS,PE,305.0,NATURALGAS23OCT26305PE,26.2,1250,BUY,1988750,2718750
2026-10-01 23:00:22.558,NATGASMINI,FUT,0.0,NATGASMINI27OCT26FUT,287.4,3000,BUY,40011250,17226750
2026-10-01 23:00:22.558,NATGASMINI,PE,255.0,NATGASMINI23OCT26255PE,2.55,1000,BUY_AGGRESSOR,664500,142000
2026-10-01 23:00:22.558,NATGASMINI,CE,285.0,NATGASMINI23OCT26285CE,15.2,250,SELL_AGGRESSOR,10281750,979000
2026-10-01 23:00:22.558,NATGASMINI,CE,290.0,NATGASMINI23OCT26290CE,13.15,10000,BUY_AGGRESSOR,24680500,3363750
2026-10-01 23:00:22.558,NATGASMINI,PE,295.0,NATGASMINI23OCT26295PE,18.95,1000,SELL_AGGRESSOR,5205250,812500
2026-10-01 23:00:26.369,NATURALGAS,PE,260.0,NATURALGAS23OCT26260PE,3.5,1250,BUY_AGGRESSOR,26900000,10782500
2026-10-01 23:00:26.369,NATURALGAS,PE,265.0,NATURALGAS23OCT26265PE,4.65,1250,SELL_AGGRESSOR,12595000,4443750
2026-10-01 23:00:26.369,NATURALGAS,PE,270.0,NATURALGAS23OCT26270PE,6.2,5000,SELL_AGGRESSOR,31733750,11625000
2026-10-01 23:00:26.369,NATURALGAS,PE,280.0,NATURALGAS23OCT26280PE,10.45,1250,BUY_AGGRESSOR,45220000,12331250
2026-10-01 23:00:26.369,NATURALGAS,PE,290.0,NATURALGAS23OCT26290PE,15.8,1250,SELL_AGGRESSOR,74346250,13350000
2026-10-01 23:00:26.369,NATURALGAS,CE,300.0,NATURALGAS23OCT26300CE,9.7,1250,BUY_AGGRESSOR,52505000,21148750
2026-10-01 23:00:26.369,NATGASMINI,FUT,0.0,NATGASMINI27OCT26FUT,287.4,3750,SELL_AGGRESSOR,40015000,17226750
2026-10-01 23:00:26.369,NATGASMINI,PE,280.0,NATGASMINI23OCT26280PE,10.4,250,BUY_AGGRESSOR,9438250,1374750
2026-10-01 23:00:26.369,NATGASMINI,CE,285.0,NATGASMINI23OCT26285CE,15.2,250,SELL_AGGRESSOR,10282000,979000
2026-10-01 23:00:26.369,NATGASMINI,CE,305.0,NATGASMINI23OCT26305CE,8.45,250,SELL_AGGRESSOR,5883000,1726000
2026-10-01 23:00:30.197,NATURALGAS,FUT,0.0,NATURALGAS27OCT26FUT,287.4,3750,BUY_AGGRESSOR,124508750,69293750
2026-10-01 23:00:30.197,NATURALGAS,PE,255.0,NATURALGAS23OCT26255PE,2.5,3750,BUY_AGGRESSOR,6950000,2017500
2026-10-01 23:00:30.197,NATURALGAS,PE,260.0,NATURALGAS23OCT26260PE,3.45,1250,SELL_AGGRESSOR,26901250,10782500
2026-10-01 23:00:30.197,NATURALGAS,CE,280.0,NATURALGAS23OCT26280CE,17.5,1250,SELL_AGGRESSOR,25751250,4482500
2026-10-01 23:00:30.197,NATURALGAS,PE,285.0,NATURALGAS23OCT26285PE,12.95,1250,SELL_AGGRESSOR,51171250,6176250
2026-10-01 23:00:30.197,NATURALGAS,PE,290.0,NATURALGAS23OCT26290PE,15.8,1250,SELL_AGGRESSOR,74347500,13350000
2026-10-01 23:00:30.197,NATURALGAS,CE,300.0,NATURALGAS23OCT26300CE,9.65,3750,SELL_AGGRESSOR,52508750,21148750
2026-10-01 23:00:30.197,NATURALGAS,PE,310.0,NATURALGAS23OCT26310PE,30.0,1250,BUY,2250000,4566250
2026-10-01 23:00:30.197,NATGASMINI,FUT,0.0,NATGASMINI27OCT26FUT,287.5,500,BUY_AGGRESSOR,40015500,17226750
2026-10-01 23:00:30.197,NATGASMINI,PE,255.0,NATGASMINI23OCT26255PE,2.55,250,BUY_AGGRESSOR,664750,142000
2026-10-01 23:00:30.197,NATGASMINI,CE,285.0,NATGASMINI23OCT26285CE,15.3,1000,BUY_AGGRESSOR,10283000,979000
2026-10-01 23:00:30.197,NATGASMINI,PE,290.0,NATGASMINI23OCT26290PE,15.75,7500,SELL_AGGRESSOR,18067500,1634250
2026-10-01 23:00:30.197,NATGASMINI,CE,295.0,NATGASMINI23OCT26295CE,11.4,250,BUY_AGGRESSOR,11746750,1824500
2026-10-01 23:00:30.197,NATGASMINI,PE,310.0,NATGASMINI23OCT26310PE,29.75,1750,BUY_AGGRESSOR,401750,669500
2026-10-01 23:00:33.976,NATURALGAS,FUT,0.0,NATURALGAS27OCT26FUT,287.3,10000,SELL,124518750,69293750
2026-10-01 23:00:33.976,NATURALGAS,PE,275.0,NATURALGAS23OCT26275PE,8.15,1250,BUY_AGGRESSOR,17543750,3701250
2026-10-01 23:00:33.976,NATURALGAS,PE,280.0,NATURALGAS23OCT26280PE,10.4,1250,SELL_AGGRESSOR,45221250,12330000
2026-10-01 23:00:33.976,NATURALGAS,PE,285.0,NATURALGAS23OCT26285PE,13.0,11250,BUY_AGGRESSOR,51182500,6176250
2026-10-01 23:00:33.976,NATURALGAS,PE,290.0,NATURALGAS23OCT26290PE,15.85,3750,BUY,74351250,13350000
2026-10-01 23:00:33.976,NATURALGAS,PE,295.0,NATURALGAS23OCT26295PE,19.05,1250,BUY_AGGRESSOR,15080000,5517500
2026-10-01 23:00:33.976,NATGASMINI,FUT,0.0,NATGASMINI27OCT26FUT,287.5,2250,BUY_AGGRESSOR,40017750,17230500
2026-10-01 23:00:33.976,NATGASMINI,PE,265.0,NATGASMINI23OCT26265PE,4.65,1500,SELL_AGGRESSOR,5695750,3228750
2026-10-01 23:00:33.976,NATGASMINI,CE,280.0,NATGASMINI23OCT26280CE,17.7,500,SELL_AGGRESSOR,3716250,411250
2026-10-01 23:00:33.976,NATGASMINI,PE,285.0,NATGASMINI23OCT26285PE,12.95,8500,SELL_AGGRESSOR,19091500,1367750
2026-10-01 23:00:33.976,NATGASMINI,PE,290.0,NATGASMINI23OCT26290PE,15.85,2500,BUY_AGGRESSOR,18070000,1634250
2026-10-01 23:00:33.976,NATGASMINI,CE,300.0,NATGASMINI23OCT26300CE,9.8,1000,BUY_AGGRESSOR,12654500,3328750
2026-10-01 23:00:37.827,NATURALGAS,PE,265.0,NATURALGAS23OCT26265PE,4.65,2500,SELL_AGGRESSOR,12597500,4442500
2026-10-01 23:00:37.827,NATURALGAS,PE,280.0,NATURALGAS23OCT26280PE,10.45,2500,BUY_AGGRESSOR,45223750,12330000
2026-10-01 23:00:37.827,NATURALGAS,PE,285.0,NATURALGAS23OCT26285PE,13.0,1250,SELL_AGGRESSOR,51183750,6175000
2026-10-01 23:00:37.827,NATURALGAS,PE,295.0,NATURALGAS23OCT26295PE,19.05,2500,SELL_AGGRESSOR,15082500,5517500
2026-10-01 23:00:37.827,NATURALGAS,CE,300.0,NATURALGAS23OCT26300CE,9.65,1250,SELL_AGGRESSOR,52510000,21145000
2026-10-01 23:00:37.827,NATGASMINI,PE,270.0,NATGASMINI23OCT26270PE,6.25,1500,BUY_AGGRESSOR,4071000,992250
2026-10-01 23:00:37.827,NATGASMINI,PE,275.0,NATGASMINI23OCT26275PE,8.1,2750,SELL_AGGRESSOR,4806250,750500
2026-10-01 23:00:37.827,NATGASMINI,PE,280.0,NATGASMINI23OCT26280PE,10.4,8750,BUY_AGGRESSOR,9447000,1374750
2026-10-01 23:00:37.827,NATGASMINI,CE,285.0,NATGASMINI23OCT26285CE,15.2,500,SELL_AGGRESSOR,10283500,979000
2026-10-01 23:00:37.827,NATGASMINI,PE,290.0,NATGASMINI23OCT26290PE,15.85,2750,BUY_AGGRESSOR,18072750,1634250
2026-10-01 23:00:41.653,NATURALGAS,PE,280.0,NATURALGAS23OCT26280PE,10.4,1250,SELL_AGGRESSOR,45225000,12330000
2026-10-01 23:00:41.653,NATURALGAS,PE,285.0,NATURALGAS23OCT26285PE,13.0,2500,SELL_AGGRESSOR,51186250,6173750
2026-10-01 23:00:41.653,NATURALGAS,CE,290.0,NATURALGAS23OCT26290CE,13.0,2500,SELL_AGGRESSOR,86353750,17782500
2026-10-01 23:00:41.653,NATURALGAS,PE,290.0,NATURALGAS23OCT26290PE,15.85,3750,SELL_AGGRESSOR,74355000,13347500
2026-10-01 23:00:41.653,NATURALGAS,CE,295.0,NATURALGAS23OCT26295CE,11.25,2500,SELL_AGGRESSOR,34528750,7253750
2026-10-01 23:00:41.653,NATGASMINI,CE,275.0,NATGASMINI23OCT26275CE,20.5,500,BUY_AGGRESSOR,1299000,83500
2026-10-01 23:00:41.653,NATGASMINI,PE,275.0,NATGASMINI23OCT26275PE,8.1,250,SELL_AGGRESSOR,4806500,750500
2026-10-01 23:00:41.653,NATGASMINI,PE,280.0,NATGASMINI23OCT26280PE,10.45,1250,BUY_AGGRESSOR,9448250,1374750
2026-10-01 23:00:41.653,NATGASMINI,PE,285.0,NATGASMINI23OCT26285PE,13.0,3250,BUY_AGGRESSOR,19094750,1367250
2026-10-01 23:00:41.653,NATGASMINI,PE,290.0,NATGASMINI23OCT26290PE,15.8,2250,SELL_AGGRESSOR,18075000,1637000
2026-10-01 23:00:41.653,NATGASMINI,PE,295.0,NATGASMINI23OCT26295PE,19.0,500,BUY_AGGRESSOR,5205750,813000
2026-10-01 23:00:41.653,NATGASMINI,CE,305.0,NATGASMINI23OCT26305CE,8.45,1000,SELL_AGGRESSOR,5884000,1725750
2026-10-01 23:00:41.653,NATGASMINI,CE,310.0,NATGASMINI23OCT26310CE,7.35,250,BUY_AGGRESSOR,5039250,1880000
2026-10-01 23:00:45.475,NATURALGAS,PE,275.0,NATURALGAS23OCT26275PE,8.15,1250,SELL_AGGRESSOR,17545000,3700000
2026-10-01 23:00:45.475,NATURALGAS,PE,280.0,NATURALGAS23OCT26280PE,10.4,1250,SELL_AGGRESSOR,45226250,12328750
2026-10-01 23:00:45.475,NATURALGAS,PE,285.0,NATURALGAS23OCT26285PE,13.0,2500,SELL_AGGRESSOR,51188750,6173750
2026-10-01 23:00:45.475,NATURALGAS,CE,310.0,NATURALGAS23OCT26310CE,7.2,1250,SELL_AGGRESSOR,30997500,11742500
2026-10-01 23:00:45.475,NATGASMINI,CE,270.0,NATGASMINI23OCT26270CE,23.6,2000,BUY,707000,147750
2026-10-01 23:00:45.475,NATGASMINI,PE,280.0,NATGASMINI23OCT26280PE,10.45,1250,BUY_AGGRESSOR,9449500,1374750
2026-10-01 23:00:45.475,NATGASMINI,CE,285.0,NATGASMINI23OCT26285CE,15.3,500,BUY_AGGRESSOR,10284000,979000
2026-10-01 23:00:45.475,NATGASMINI,PE,285.0,NATGASMINI23OCT26285PE,12.95,3500,SELL_AGGRESSOR,19098250,1367250
2026-10-01 23:00:45.475,NATGASMINI,CE,295.0,NATGASMINI23OCT26295CE,11.3,1000,SELL_AGGRESSOR,11747750,1830250
2026-10-01 23:00:45.475,NATGASMINI,CE,300.0,NATGASMINI23OCT26300CE,9.8,250,BUY_AGGRESSOR,12654750,3328250
2026-10-01 23:00:45.475,NATGASMINI,CE,310.0,NATGASMINI23OCT26310CE,7.35,1750,BUY_AGGRESSOR,5041000,1880000
2026-10-01 23:00:45.475,NATGASMINI,PE,310.0,NATGASMINI23OCT26310PE,29.75,250,SELL_AGGRESSOR,402000,669000
2026-10-01 23:00:49.330,NATURALGAS,FUT,0.0,NATURALGAS27OCT26FUT,287.3,1250,BUY_AGGRESSOR,124520000,69295000
2026-10-01 23:00:49.330,NATURALGAS,PE,255.0,NATURALGAS23OCT26255PE,2.45,1250,SELL_AGGRESSOR,6951250,2013750
2026-10-01 23:00:49.330,NATURALGAS,CE,270.0,NATURALGAS23OCT26270CE,23.4,2500,BUY_AGGRESSOR,2971250,1092500
2026-10-01 23:00:49.330,NATURALGAS,PE,280.0,NATURALGAS23OCT26280PE,10.4,8750,SELL_AGGRESSOR,45235000,12328750
2026-10-01 23:00:49.330,NATURALGAS,CE,285.0,NATURALGAS23OCT26285CE,15.1,1250,SELL_AGGRESSOR,34132500,5345000
2026-10-01 23:00:49.330,NATURALGAS,PE,285.0,NATURALGAS23OCT26285PE,13.0,2500,SELL_AGGRESSOR,51191250,6165000
2026-10-01 23:00:49.330,NATURALGAS,CE,290.0,NATURALGAS23OCT26290CE,13.05,3750,BUY_AGGRESSOR,86357500,17781250
2026-10-01 23:00:49.330,NATURALGAS,CE,305.0,NATURALGAS23OCT26305CE,8.35,180000,SELL_AGGRESSOR,17568750,7707500
2026-10-01 23:00:49.330,NATGASMINI,FUT,0.0,NATGASMINI27OCT26FUT,287.5,1000,BUY_AGGRESSOR,40018750,17230500
2026-10-01 23:00:49.330,NATGASMINI,CE,270.0,NATGASMINI23OCT26270CE,23.6,1500,BUY_AGGRESSOR,708500,148250
2026-10-01 23:00:49.330,NATGASMINI,PE,285.0,NATGASMINI23OCT26285PE,12.95,1750,SELL_AGGRESSOR,19100000,1365000
2026-10-01 23:00:49.330,NATGASMINI,PE,290.0,NATGASMINI23OCT26290PE,15.75,8250,SELL_AGGRESSOR,18083250,1636250
2026-10-01 23:00:53.107,NATURALGAS,PE,260.0,NATURALGAS23OCT26260PE,3.45,1250,SELL_AGGRESSOR,26902500,10781250
2026-10-01 23:00:53.107,NATURALGAS,PE,285.0,NATURALGAS23OCT26285PE,12.95,1250,SELL_AGGRESSOR,51192500,6163750
2026-10-01 23:00:53.107,NATURALGAS,CE,305.0,NATURALGAS23OCT26305CE,8.35,70000,SELL_AGGRESSOR,17638750,7717500
2026-10-01 23:00:53.107,NATGASMINI,FUT,0.0,NATGASMINI27OCT26FUT,287.4,500,SELL_AGGRESSOR,40019250,17230500
2026-10-01 23:00:53.107,NATGASMINI,CE,270.0,NATGASMINI23OCT26270CE,23.55,250,SELL_AGGRESSOR,708750,149500
2026-10-01 23:00:53.107,NATGASMINI,CE,285.0,NATGASMINI23OCT26285CE,15.2,500,SELL_AGGRESSOR,10284500,979000
2026-10-01 23:00:53.107,NATGASMINI,CE,300.0,NATGASMINI23OCT26300CE,9.8,1500,SELL_AGGRESSOR,12656250,3328250
2026-10-01 23:00:56.967,NATURALGAS,PE,270.0,NATURALGAS23OCT26270PE,6.2,2500,SELL_AGGRESSOR,31736250,11625000
2026-10-01 23:00:56.967,NATURALGAS,CE,285.0,NATURALGAS23OCT26285CE,15.2,3750,BUY_AGGRESSOR,34136250,5343750
2026-10-01 23:00:56.967,NATGASMINI,FUT,0.0,NATGASMINI27OCT26FUT,287.4,500,SELL_AGGRESSOR,40019750,17230500
2026-10-01 23:00:56.967,NATGASMINI,PE,275.0,NATGASMINI23OCT26275PE,8.1,250,SELL_AGGRESSOR,4806750,750750
2026-10-01 23:00:56.967,NATGASMINI,CE,285.0,NATGASMINI23OCT26285CE,15.3,500,BUY_AGGRESSOR,10285000,979000
2026-10-01 23:00:56.967,NATGASMINI,CE,290.0,NATGASMINI23OCT26290CE,13.15,1000,SELL_AGGRESSOR,24681500,3373750
2026-10-01 23:00:56.967,NATGASMINI,CE,300.0,NATGASMINI23OCT26300CE,9.8,1000,INSIDE,12657250,3327250
2026-10-01 23:00:56.967,NATGASMINI,CE,305.0,NATGASMINI23OCT26305CE,8.45,250,SELL_AGGRESSOR,5884250,1725750
2026-10-01 23:01:00.973,NATURALGAS,FUT,0.0,NATURALGAS27OCT26FUT,287.4,11250,BUY_AGGRESSOR,124531250,69295000
2026-10-01 23:01:00.973,NATURALGAS,CE,285.0,NATURALGAS23OCT26285CE,15.2,10000,BUY_AGGRESSOR,34146250,5345000
2026-10-01 23:01:00.973,NATURALGAS,PE,285.0,NATURALGAS23OCT26285PE,13.05,11250,BUY_AGGRESSOR,51203750,6157500
2026-10-01 23:01:00.973,NATURALGAS,CE,290.0,NATURALGAS23OCT26290CE,13.1,43750,BUY_AGGRESSOR,86401250,17778750
2026-10-01 23:01:00.973,NATURALGAS,PE,290.0,NATURALGAS23OCT26290PE,15.8,48750,SELL_AGGRESSOR,74403750,13343750
2026-10-01 23:01:00.973,NATURALGAS,CE,295.0,NATURALGAS23OCT26295CE,11.25,2500,SELL_AGGRESSOR,34531250,7250000
2026-10-01 23:01:00.973,NATURALGAS,CE,300.0,NATURALGAS23OCT26300CE,9.65,30000,SELL_AGGRESSOR,52540000,21132500
2026-10-01 23:01:00.973,NATGASMINI,FUT,0.0,NATGASMINI27OCT26FUT,287.5,750,BUY_AGGRESSOR,40020500,17230500
2026-10-01 23:01:00.973,NATGASMINI,PE,300.0,NATGASMINI23OCT26300PE,22.25,500,SELL_AGGRESSOR,2988500,1057500
2026-10-01 23:01:00.973,NATGASMINI,PE,310.0,NATGASMINI23OCT26310PE,29.75,250,SELL_AGGRESSOR,402250,669000
2026-10-01 23:01:04.833,NATURALGAS,FUT,0.0,NATURALGAS27OCT26FUT,287.4,22500,BUY_AGGRESSOR,124553750,69291250
2026-10-01 23:01:04.833,NATURALGAS,PE,265.0,NATURALGAS23OCT26265PE,4.65,1250,SELL_AGGRESSOR,12598750,4441250
2026-10-01 23:01:04.833,NATURALGAS,PE,270.0,NATURALGAS23OCT26270PE,6.2,1250,SELL_AGGRESSOR,31737500,11625000
2026-10-01 23:01:04.833,NATURALGAS,PE,285.0,NATURALGAS23OCT26285PE,12.95,1250,SELL_AGGRESSOR,51205000,6157500
2026-10-01 23:01:04.833,NATURALGAS,CE,290.0,NATURALGAS23OCT26290CE,13.0,6250,SELL_AGGRESSOR,86407500,17747500
2026-10-01 23:01:04.833,NATURALGAS,PE,290.0,NATURALGAS23OCT26290PE,15.8,8750,SELL_AGGRESSOR,74412500,13305000
2026-10-01 23:01:04.833,NATURALGAS,CE,295.0,NATURALGAS23OCT26295CE,11.25,10000,SELL_AGGRESSOR,34541250,7246250
2026-10-01 23:01:04.833,NATURALGAS,CE,305.0,NATURALGAS23OCT26305CE,8.35,1250,BUY_AGGRESSOR,17640000,7717500
2026-10-01 23:01:04.833,NATURALGAS,PE,305.0,NATURALGAS23OCT26305PE,26.15,1250,SELL_AGGRESSOR,1990000,2718750
2026-10-01 23:01:04.833,NATURALGAS,CE,310.0,NATURALGAS23OCT26310CE,7.2,1250,SELL_AGGRESSOR,30998750,11740000
2026-10-01 23:01:04.833,NATURALGAS,CE,315.0,NATURALGAS23OCT26315CE,6.25,1250,BUY_AGGRESSOR,11303750,3511250
2026-10-01 23:01:04.833,NATGASMINI,FUT,0.0,NATGASMINI27OCT26FUT,287.5,4750,BUY_AGGRESSOR,40025250,17230000
2026-10-01 23:01:04.833,NATGASMINI,PE,275.0,NATGASMINI23OCT26275PE,8.1,5750,SELL_AGGRESSOR,4812500,750750
2026-10-01 23:01:04.833,NATGASMINI,CE,290.0,NATGASMINI23OCT26290CE,13.1,750,SELL_AGGRESSOR,24682250,3372750
2026-10-01 23:01:04.833,NATGASMINI,CE,295.0,NATGASMINI23OCT26295CE,11.3,17000,SELL_AGGRESSOR,11764750,1830250
2026-10-01 23:01:04.833,NATGASMINI,PE,295.0,NATGASMINI23OCT26295PE,18.95,250,SELL_AGGRESSOR,5206000,813000
2026-10-01 23:01:04.833,NATGASMINI,PE,300.0,NATGASMINI23OCT26300PE,22.25,500,SELL_AGGRESSOR,2989000,1056500
2026-10-01 23:01:08.618,NATURALGAS,FUT,0.0,NATURALGAS27OCT26FUT,287.4,11250,BUY_AGGRESSOR,124565000,69277500
2026-10-01 23:01:08.618,NATURALGAS,CE,270.0,NATURALGAS23OCT26270CE,23.4,1250,BUY_AGGRESSOR,2972500,1092500
2026-10-01 23:01:08.618,NATURALGAS,PE,275.0,NATURALGAS23OCT26275PE,8.1,2500,SELL_AGGRESSOR,17547500,3698750
2026-10-01 23:01:08.618,NATURALGAS,PE,285.0,NATURALGAS23OCT26285PE,12.95,2500,SELL_AGGRESSOR,51207500,6155000
2026-10-01 23:01:08.618,NATURALGAS,CE,290.0,NATURALGAS23OCT26290CE,13.0,8750,SELL_AGGRESSOR,86416250,17735000
2026-10-01 23:01:08.618,NATURALGAS,CE,295.0,NATURALGAS23OCT26295CE,11.3,6250,BUY_AGGRESSOR,34547500,7238750
2026-10-01 23:01:08.618,NATURALGAS,CE,305.0,NATURALGAS23OCT26305CE,8.3,22500,SELL_AGGRESSOR,17662500,7701250
2026-10-01 23:01:08.618,NATURALGAS,PE,310.0,NATURALGAS23OCT26310PE,29.95,1250,SELL_AGGRESSOR,2251250,4565000
2026-10-01 23:01:08.618,NATURALGAS,CE,315.0,NATURALGAS23OCT26315CE,6.25,1250,SELL_AGGRESSOR,11305000,3511250
2026-10-01 23:01:08.618,NATGASMINI,FUT,0.0,NATGASMINI27OCT26FUT,287.5,250,BUY_AGGRESSOR,40025500,17226000
2026-10-01 23:01:08.618,NATGASMINI,PE,275.0,NATGASMINI23OCT26275PE,8.1,250,SELL_AGGRESSOR,4812750,750750
2026-10-01 23:01:08.618,NATGASMINI,PE,290.0,NATGASMINI23OCT26290PE,15.8,250,SELL_AGGRESSOR,18083500,1635500
2026-10-01 23:01:08.618,NATGASMINI,PE,300.0,NATGASMINI23OCT26300PE,22.25,1000,SELL_AGGRESSOR,2990000,1055500
2026-10-01 23:01:12.473,NATURALGAS,FUT,0.0,NATURALGAS27OCT26FUT,287.5,33750,BUY_AGGRESSOR,124598750,69266250
2026-10-01 23:01:12.473,NATURALGAS,PE,255.0,NATURALGAS23OCT26255PE,2.45,1250,SELL_AGGRESSOR,6952500,2013750
2026-10-01 23:01:12.473,NATURALGAS,PE,260.0,NATURALGAS23OCT26260PE,3.45,5000,SELL_AGGRESSOR,26907500,10778750
2026-10-01 23:01:12.473,NATURALGAS,PE,265.0,NATURALGAS23OCT26265PE,4.6,12500,SELL_AGGRESSOR,12611250,4433750
2026-10-01 23:01:12.473,NATURALGAS,CE,270.0,NATURALGAS23OCT26270CE,23.5,30000,BUY_AGGRESSOR,3002500,1065000
2026-10-01 23:01:12.473,NATURALGAS,PE,270.0,NATURALGAS23OCT26270PE,6.2,13750,SELL_AGGRESSOR,31751250,11625000
2026-10-01 23:01:12.473,NATURALGAS,PE,275.0,NATURALGAS23OCT26275PE,8.1,6250,SELL_AGGRESSOR,17553750,3698750
2026-10-01 23:01:12.473,NATURALGAS,CE,280.0,NATURALGAS23OCT26280CE,17.6,7500,BUY_AGGRESSOR,25758750,4473750
2026-10-01 23:01:12.473,NATURALGAS,PE,280.0,NATURALGAS23OCT26280PE,10.3,70000,SELL_AGGRESSOR,45305000,12321250
2026-10-01 23:01:12.473,NATURALGAS,CE,285.0,NATURALGAS23OCT26285CE,15.25,15000,BUY_AGGRESSOR,34161250,5336250
2026-10-01 23:01:12.473,NATURALGAS,PE,285.0,NATURALGAS23OCT26285PE,12.9,36250,SELL_AGGRESSOR,51243750,6173750
2026-10-01 23:01:12.473,NATURALGAS,CE,290.0,NATURALGAS23OCT26290CE,13.1,21250,BUY_AGGRESSOR,86437500,17735000
2026-10-01 23:01:12.473,NATURALGAS,PE,290.0,NATURALGAS23OCT26290PE,15.8,2500,SELL_AGGRESSOR,74415000,13297500
2026-10-01 23:01:12.473,NATURALGAS,CE,295.0,NATURALGAS23OCT26295CE,11.35,18750,BUY_AGGRESSOR,34566250,7221250
2026-10-01 23:01:12.473,NATURALGAS,PE,295.0,NATURALGAS23OCT26295PE,19.0,6250,SELL_AGGRESSOR,15088750,5513750
2026-10-01 23:01:12.473,NATURALGAS,CE,300.0,NATURALGAS23OCT26300CE,9.75,47500,BUY_AGGRESSOR,52587500,21140000
2026-10-01 23:01:12.473,NATURALGAS,PE,300.0,NATURALGAS23OCT26300PE,22.4,2500,SELL_AGGRESSOR,13421250,14023750
2026-10-01 23:01:12.473,NATURALGAS,CE,305.0,NATURALGAS23OCT26305CE,8.4,140000,BUY_AGGRESSOR,17802500,7782500
2026-10-01 23:01:12.473,NATURALGAS,PE,305.0,NATURALGAS23OCT26305PE,26.15,1250,SELL_AGGRESSOR,1991250,2718750
2026-10-01 23:01:12.473,NATURALGAS,CE,310.0,NATURALGAS23OCT26310CE,7.25,6250,BUY_AGGRESSOR,31005000,11733750
2026-10-01 23:01:12.473,NATURALGAS,PE,310.0,NATURALGAS23OCT26310PE,29.9,5000,SELL_AGGRESSOR,2256250,4565000
2026-10-01 23:01:12.473,NATURALGAS,CE,315.0,NATURALGAS23OCT26315CE,6.25,1250,BUY_AGGRESSOR,11306250,3511250
2026-10-01 23:01:12.473,NATGASMINI,FUT,0.0,NATGASMINI27OCT26FUT,287.6,32500,BUY_AGGRESSOR,40058000,17225750
2026-10-01 23:01:12.473,NATGASMINI,PE,265.0,NATGASMINI23OCT26265PE,4.65,8750,SELL_AGGRESSOR,5704500,3228250
2026-10-01 23:01:12.473,NATGASMINI,CE,270.0,NATGASMINI23OCT26270CE,23.6,1250,BUY,710000,150750
2026-10-01 23:01:12.473,NATGASMINI,CE,280.0,NATGASMINI23OCT26280CE,17.8,250,BUY_AGGRESSOR,3716500,411500
2026-10-01 23:01:12.473,NATGASMINI,PE,280.0,NATGASMINI23OCT26280PE,10.35,32000,SELL_AGGRESSOR,9481500,1376000
2026-10-01 23:01:12.473,NATGASMINI,CE,285.0,NATGASMINI23OCT26285CE,15.35,12250,BUY_AGGRESSOR,10297250,979000
2026-10-01 23:01:12.473,NATGASMINI,PE,285.0,NATGASMINI23OCT26285PE,12.9,11500,SELL_AGGRESSOR,19111500,1364500
2026-10-01 23:01:12.473,NATGASMINI,CE,290.0,NATGASMINI23OCT26290CE,13.2,8000,BUY_AGGRESSOR,24690250,3364250
2026-10-01 23:01:12.473,NATGASMINI,PE,290.0,NATGASMINI23OCT26290PE,15.75,250,SELL_AGGRESSOR,18083750,1635250
2026-10-01 23:01:12.473,NATGASMINI,CE,295.0,NATGASMINI23OCT26295CE,11.4,1500,BUY_AGGRESSOR,11766250,1822500
2026-10-01 23:01:12.473,NATGASMINI,PE,295.0,NATGASMINI23OCT26295PE,18.8,250,SELL_AGGRESSOR,5206250,812750
2026-10-01 23:01:12.473,NATGASMINI,CE,300.0,NATGASMINI23OCT26300CE,9.85,1750,BUY_AGGRESSOR,12659000,3326250
2026-10-01 23:01:12.473,NATGASMINI,PE,300.0,NATGASMINI23OCT26300PE,22.25,500,SELL_AGGRESSOR,2990500,1055000
2026-10-01 23:01:12.473,NATGASMINI,CE,305.0,NATGASMINI23OCT26305CE,8.5,2000,BUY_AGGRESSOR,5886250,1725750
2026-10-01 23:01:12.473,NATGASMINI,PE,310.0,NATGASMINI23OCT26310PE,29.7,3750,SELL,406000,669000
2026-10-01 23:01:16.315,NATURALGAS,FUT,0.0,NATURALGAS27OCT26FUT,287.5,8750,BUY_AGGRESSOR,124607500,69247500
2026-10-01 23:01:16.315,NATURALGAS,PE,260.0,NATURALGAS23OCT26260PE,3.45,1250,BUY_AGGRESSOR,26908750,10778750
2026-10-01 23:01:16.315,NATURALGAS,CE,285.0,NATURALGAS23OCT26285CE,15.2,3750,SELL_AGGRESSOR,34165000,5335000
2026-10-01 23:01:16.315,NATURALGAS,PE,285.0,NATURALGAS23OCT26285PE,12.9,1250,SELL_AGGRESSOR,51245000,6175000
2026-10-01 23:01:16.315,NATURALGAS,CE,290.0,NATURALGAS23OCT26290CE,13.15,1250,BUY_AGGRESSOR,86438750,17735000
2026-10-01 23:01:16.315,NATURALGAS,CE,300.0,NATURALGAS23OCT26300CE,9.75,12500,SELL_AGGRESSOR,52600000,21127500
2026-10-01 23:01:16.315,NATGASMINI,FUT,0.0,NATGASMINI27OCT26FUT,287.5,5000,SELL_AGGRESSOR,40063000,17234500
2026-10-01 23:01:16.315,NATGASMINI,CE,285.0,NATGASMINI23OCT26285CE,15.3,750,SELL_AGGRESSOR,10298000,979000
2026-10-01 23:01:16.315,NATGASMINI,PE,285.0,NATGASMINI23OCT26285PE,12.95,1250,BUY_AGGRESSOR,19112750,1354000
2026-10-01 23:01:16.315,NATGASMINI,CE,290.0,NATGASMINI23OCT26290CE,13.2,3250,SELL_AGGRESSOR,24693500,3361000
2026-10-01 23:01:16.315,NATGASMINI,PE,295.0,NATGASMINI23OCT26295PE,18.8,500,SELL_AGGRESSOR,5206750,812250
2026-10-01 23:01:20.116,NATURALGAS,FUT,0.0,NATURALGAS27OCT26FUT,287.5,11250,BUY_AGGRESSOR,124618750,69245000
2026-10-01 23:01:20.116,NATURALGAS,PE,265.0,NATURALGAS23OCT26265PE,4.6,1250,SELL_AGGRESSOR,12612500,4433750
2026-10-01 23:01:20.116,NATURALGAS,PE,270.0,NATURALGAS23OCT26270PE,6.15,3750,SELL_AGGRESSOR,31755000,11625000
2026-10-01 23:01:20.116,NATURALGAS,PE,280.0,NATURALGAS23OCT26280PE,10.4,27500,BUY_AGGRESSOR,45332500,12320000
2026-10-01 23:01:20.116,NATURALGAS,PE,285.0,NATURALGAS23OCT26285PE,12.95,5000,BUY_AGGRESSOR,51250000,6180000
2026-10-01 23:01:20.116,NATURALGAS,PE,290.0,NATURALGAS23OCT26290PE,15.75,15000,SELL_AGGRESSOR,74430000,13298750
2026-10-01 23:01:20.116,NATURALGAS,PE,300.0,NATURALGAS23OCT26300PE,22.4,15000,BUY_AGGRESSOR,13436250,14023750
2026-10-01 23:01:20.116,NATGASMINI,CE,290.0,NATGASMINI23OCT26290CE,13.25,3250,BUY_AGGRESSOR,24696750,3364250
2026-10-01 23:01:20.116,NATGASMINI,PE,295.0,NATGASMINI23OCT26295PE,18.8,1500,SELL_AGGRESSOR,5208250,811000
2026-10-01 23:01:20.116,NATGASMINI,PE,305.0,NATGASMINI23OCT26305PE,25.7,250,SELL_AGGRESSOR,570000,392500
2026-10-01 23:01:23.947,NATURALGAS,FUT,0.0,NATURALGAS27OCT26FUT,287.5,51250,BUY_AGGRESSOR,124670000,69228750
2026-10-01 23:01:23.947,NATURALGAS,PE,255.0,NATURALGAS23OCT26255PE,2.45,17500,SELL_AGGRESSOR,6970000,2022500
2026-10-01 23:01:23.947,NATURALGAS,CE,270.0,NATURALGAS23OCT26270CE,23.6,1250,BUY_AGGRESSOR,3003750,1065000
2026-10-01 23:01:23.947,NATURALGAS,PE,270.0,NATURALGAS23OCT26270PE,6.15,1250,SELL_AGGRESSOR,31756250,11625000
2026-10-01 23:01:23.947,NATURALGAS,CE,275.0,NATURALGAS23OCT26275CE,20.5,2500,BUY_AGGRESSOR,3707500,417500
2026-10-01 23:01:23.947,NATURALGAS,PE,275.0,NATURALGAS23OCT26275PE,8.05,95000,SELL_AGGRESSOR,17648750,3698750
2026-10-01 23:01:23.947,NATURALGAS,CE,280.0,NATURALGAS23OCT26280CE,17.7,12500,BUY_AGGRESSOR,25771250,4473750
2026-10-01 23:01:23.947,NATURALGAS,PE,280.0,NATURALGAS23OCT26280PE,10.3,10000,SELL_AGGRESSOR,45342500,12343750
2026-10-01 23:01:23.947,NATURALGAS,CE,285.0,NATURALGAS23OCT26285CE,15.25,120000,BUY_AGGRESSOR,34285000,5228750
2026-10-01 23:01:23.947,NATURALGAS,PE,285.0,NATURALGAS23OCT26285PE,12.9,11250,BUY_AGGRESSOR,51261250,6173750
2026-10-01 23:01:23.947,NATURALGAS,CE,290.0,NATURALGAS23OCT26290CE,13.15,10000,BUY_AGGRESSOR,86448750,17735000
2026-10-01 23:01:23.947,NATURALGAS,PE,290.0,NATURALGAS23OCT26290PE,15.75,16250,SELL_AGGRESSOR,74446250,13298750
2026-10-01 23:01:23.947,NATURALGAS,PE,295.0,NATURALGAS23OCT26295PE,18.9,2500,SELL_AGGRESSOR,15091250,5513750
2026-10-01 23:01:23.947,NATURALGAS,CE,300.0,NATURALGAS23OCT26300CE,9.75,1250,SELL_AGGRESSOR,52601250,21126250
2026-10-01 23:01:23.947,NATURALGAS,PE,300.0,NATURALGAS23OCT26300PE,22.35,3750,SELL_AGGRESSOR,13440000,14023750
2026-10-01 23:01:23.947,NATURALGAS,CE,305.0,NATURALGAS23OCT26305CE,8.4,157500,BUY_AGGRESSOR,17960000,7813750
2026-10-01 23:01:23.947,NATURALGAS,CE,310.0,NATURALGAS23OCT26310CE,7.3,20000,BUY_AGGRESSOR,31025000,11720000
2026-10-01 23:01:23.947,NATURALGAS,PE,310.0,NATURALGAS23OCT26310PE,29.85,7500,SELL,2263750,4566250
2026-10-01 23:01:23.947,NATGASMINI,FUT,0.0,NATGASMINI27OCT26FUT,287.6,2000,BUY_AGGRESSOR,40065000,17234500
2026-10-01 23:01:23.947,NATGASMINI,CE,270.0,NATGASMINI23OCT26270CE,23.75,1250,BUY,711250,152500
2026-10-01 23:01:23.947,NATGASMINI,PE,270.0,NATGASMINI23OCT26270PE,6.2,250,SELL_AGGRESSOR,4071250,992000
2026-10-01 23:01:23.947,NATGASMINI,PE,275.0,NATGASMINI23OCT26275PE,8.05,1500,SELL_AGGRESSOR,4814250,749500
2026-10-01 23:01:23.947,NATGASMINI,CE,280.0,NATGASMINI23OCT26280CE,17.85,500,BUY_AGGRESSOR,3717000,411500
2026-10-01 23:01:23.947,NATGASMINI,PE,280.0,NATGASMINI23OCT26280PE,10.3,1250,SELL_AGGRESSOR,9482750,1371500
2026-10-01 23:01:23.947,NATGASMINI,CE,285.0,NATGASMINI23OCT26285CE,15.4,2500,BUY_AGGRESSOR,10300500,979000
2026-10-01 23:01:23.947,NATGASMINI,CE,290.0,NATGASMINI23OCT26290CE,13.25,5750,BUY_AGGRESSOR,24702500,3358500
2026-10-01 23:01:23.947,NATGASMINI,PE,290.0,NATGASMINI23OCT26290PE,15.75,5000,INSIDE,18088750,1635250
2026-10-01 23:01:23.947,NATGASMINI,CE,295.0,NATGASMINI23OCT26295CE,11.45,2500,BUY_AGGRESSOR,11768750,1822500
2026-10-01 23:01:23.947,NATGASMINI,PE,295.0,NATGASMINI23OCT26295PE,18.8,500,SELL_AGGRESSOR,5208750,811500
2026-10-01 23:01:23.947,NATGASMINI,CE,300.0,NATGASMINI23OCT26300CE,9.85,5750,SELL_AGGRESSOR,12664750,3326000
2026-10-01 23:01:23.947,NATGASMINI,PE,300.0,NATGASMINI23OCT26300PE,22.2,250,SELL,2990750,1055250
2026-10-01 23:01:23.947,NATGASMINI,CE,305.0,NATGASMINI23OCT26305CE,8.55,7250,BUY_AGGRESSOR,5893500,1717500
2026-10-01 23:01:23.947,NATGASMINI,CE,310.0,NATGASMINI23OCT26310CE,7.4,1000,BUY_AGGRESSOR,5042000,1881000
2026-10-01 23:01:23.947,NATGASMINI,PE,310.0,NATGASMINI23OCT26310PE,29.55,3000,SELL_AGGRESSOR,409000,669000
2026-10-01 23:01:23.947,NATGASMINI,CE,315.0,NATGASMINI23OCT26315CE,6.4,500,BUY_AGGRESSOR,2632000,1306000
2026-10-01 23:01:27.762,NATURALGAS,FUT,0.0,NATURALGAS27OCT26FUT,287.6,21250,BUY_AGGRESSOR,124691250,69227500
2026-10-01 23:01:27.762,NATURALGAS,PE,270.0,NATURALGAS23OCT26270PE,6.15,1250,SELL_AGGRESSOR,31757500,11623750
2026-10-01 23:01:27.762,NATURALGAS,CE,305.0,NATURALGAS23OCT26305CE,8.4,71250,BUY_AGGRESSOR,18031250,7818750
2026-10-01 23:01:27.762,NATURALGAS,PE,305.0,NATURALGAS23OCT26305PE,25.95,1250,SELL_AGGRESSOR,1992500,2718750
2026-10-01 23:01:27.762,NATGASMINI,FUT,0.0,NATGASMINI27OCT26FUT,287.6,1250,SELL_AGGRESSOR,40066250,17235750
2026-10-01 23:01:27.762,NATGASMINI,PE,270.0,NATGASMINI23OCT26270PE,6.15,500,SELL_AGGRESSOR,4071750,992000
2026-10-01 23:01:27.762,NATGASMINI,PE,275.0,NATGASMINI23OCT26275PE,8.05,250,BUY_AGGRESSOR,4814500,749500
2026-10-01 23:01:27.762,NATGASMINI,CE,285.0,NATGASMINI23OCT26285CE,15.35,750,SELL_AGGRESSOR,10301250,979000
2026-10-01 23:01:27.762,NATGASMINI,PE,285.0,NATGASMINI23OCT26285PE,12.8,6500,SELL_AGGRESSOR,19119250,1354000
2026-10-01 23:01:27.762,NATGASMINI,CE,290.0,NATGASMINI23OCT26290CE,13.3,500,BUY_AGGRESSOR,24703000,3358500
2026-10-01 23:01:31.663,NATURALGAS,FUT,0.0,NATURALGAS27OCT26FUT,287.6,2500,BUY_AGGRESSOR,124693750,69227500
2026-10-01 23:01:31.663,NATURALGAS,PE,270.0,NATURALGAS23OCT26270PE,6.1,10000,SELL_AGGRESSOR,31767500,11623750
2026-10-01 23:01:31.663,NATURALGAS,PE,275.0,NATURALGAS23OCT26275PE,8.0,1250,SELL_AGGRESSOR,17650000,3731250
2026-10-01 23:01:31.663,NATURALGAS,CE,280.0,NATURALGAS23OCT26280CE,17.7,1250,SELL_AGGRESSOR,25772500,4472500
2026-10-01 23:01:31.663,NATURALGAS,PE,280.0,NATURALGAS23OCT26280PE,10.3,1250,BUY_AGGRESSOR,45343750,12342500
2026-10-01 23:01:31.663,NATURALGAS,CE,290.0,NATURALGAS23OCT26290CE,13.15,6250,SELL_AGGRESSOR,86455000,17732500
2026-10-01 23:01:31.663,NATURALGAS,PE,290.0,NATURALGAS23OCT26290PE,15.75,7500,BUY_AGGRESSOR,74453750,13303750
2026-10-01 23:01:31.663,NATURALGAS,PE,295.0,NATURALGAS23OCT26295PE,18.85,3750,SELL_AGGRESSOR,15095000,5510000
2026-10-01 23:01:31.663,NATURALGAS,CE,305.0,NATURALGAS23OCT26305CE,8.35,1250,SELL_AGGRESSOR,18032500,7818750
2026-10-01 23:01:31.663,NATURALGAS,CE,310.0,NATURALGAS23OCT26310CE,7.3,1250,SELL_AGGRESSOR,31026250,11720000
2026-10-01 23:01:31.663,NATGASMINI,FUT,0.0,NATGASMINI27OCT26FUT,287.7,4500,BUY_AGGRESSOR,40070750,17235500
2026-10-01 23:01:31.663,NATGASMINI,PE,265.0,NATGASMINI23OCT26265PE,4.6,3000,SELL_AGGRESSOR,5707500,3227250
2026-10-01 23:01:31.663,NATGASMINI,CE,275.0,NATGASMINI23OCT26275CE,20.7,1250,BUY_AGGRESSOR,1300250,84750
2026-10-01 23:01:31.663,NATGASMINI,PE,285.0,NATGASMINI23OCT26285PE,12.9,2500,BUY_AGGRESSOR,19121750,1355500
2026-10-01 23:01:31.663,NATGASMINI,PE,290.0,NATGASMINI23OCT26290PE,15.75,1250,BUY_AGGRESSOR,18090000,1636250
2026-10-01 23:01:31.663,NATGASMINI,CE,295.0,NATGASMINI23OCT26295CE,11.5,1500,BUY_AGGRESSOR,11770250,1821000
2026-10-01 23:01:31.663,NATGASMINI,PE,295.0,NATGASMINI23OCT26295PE,18.85,250,BUY_AGGRESSOR,5209000,811750
2026-10-01 23:01:31.663,NATGASMINI,CE,305.0,NATGASMINI23OCT26305CE,8.55,1500,SELL_AGGRESSOR,5895000,1717000
2026-10-01 23:01:35.519,NATURALGAS,FUT,0.0,NATURALGAS27OCT26FUT,287.6,1250,BUY_AGGRESSOR,124695000,69228750
2026-10-01 23:01:35.519,NATURALGAS,PE,280.0,NATURALGAS23OCT26280PE,10.3,1250,SELL_AGGRESSOR,45345000,12342500
2026-10-01 23:01:35.519,NATURALGAS,CE,285.0,NATURALGAS23OCT26285CE,15.3,18750,BUY_AGGRESSOR,34303750,5237500
2026-10-01 23:01:35.519,NATURALGAS,PE,290.0,NATURALGAS23OCT26290PE,15.7,8750,SELL_AGGRESSOR,74462500,13295000
2026-10-01 23:01:35.519,NATURALGAS,CE,295.0,NATURALGAS23OCT26295CE,11.35,6250,SELL_AGGRESSOR,34572500,7210000
2026-10-01 23:01:35.519,NATURALGAS,PE,295.0,NATURALGAS23OCT26295PE,18.85,1250,SELL_AGGRESSOR,15096250,5508750
2026-10-01 23:01:35.519,NATURALGAS,CE,310.0,NATURALGAS23OCT26310CE,7.3,1250,BUY_AGGRESSOR,31027500,11720000
2026-10-01 23:01:35.519,NATGASMINI,FUT,0.0,NATGASMINI27OCT26FUT,287.7,1000,BUY_AGGRESSOR,40071750,17234500
2026-10-01 23:01:35.519,NATGASMINI,PE,275.0,NATGASMINI23OCT26275PE,8.05,250,BUY_AGGRESSOR,4814750,749500
2026-10-01 23:01:35.519,NATGASMINI,PE,280.0,NATGASMINI23OCT26280PE,10.3,1250,BUY_AGGRESSOR,9484000,1371500
2026-10-01 23:01:35.519,NATGASMINI,CE,290.0,NATGASMINI23OCT26290CE,13.2,11250,SELL_AGGRESSOR,24714250,3347250
2026-10-01 23:01:39.349,NATURALGAS,FUT,0.0,NATURALGAS27OCT26FUT,287.6,1250,BUY_AGGRESSOR,124696250,69230000
2026-10-01 23:01:39.349,NATURALGAS,PE,270.0,NATURALGAS23OCT26270PE,6.15,6250,BUY_AGGRESSOR,31773750,11623750
2026-10-01 23:01:39.349,NATURALGAS,PE,285.0,NATURALGAS23OCT26285PE,12.9,72500,BUY_AGGRESSOR,51333750,6246250
2026-10-01 23:01:39.349,NATURALGAS,PE,290.0,NATURALGAS23OCT26290PE,15.7,1250,SELL_AGGRESSOR,74463750,13295000
2026-10-01 23:01:39.349,NATURALGAS,CE,295.0,NATURALGAS23OCT26295CE,11.4,1250,BUY_AGGRESSOR,34573750,7210000
2026-10-01 23:01:39.349,NATGASMINI,PE,275.0,NATGASMINI23OCT26275PE,8.1,5000,BUY_AGGRESSOR,4819750,749500
2026-10-01 23:01:39.349,NATGASMINI,CE,280.0,NATGASMINI23OCT26280CE,17.8,750,SELL_AGGRESSOR,3717750,411750
2026-10-01 23:01:39.349,NATGASMINI,CE,285.0,NATGASMINI23OCT26285CE,15.35,500,SELL_AGGRESSOR,10301750,979000
2026-10-01 23:01:39.349,NATGASMINI,PE,285.0,NATGASMINI23OCT26285PE,12.9,500,BUY_AGGRESSOR,19122250,1355750
2026-10-01 23:01:39.349,NATGASMINI,PE,290.0,NATGASMINI23OCT26290PE,15.75,1250,BUY_AGGRESSOR,18091250,1637000
2026-10-01 23:01:39.349,NATGASMINI,CE,305.0,NATGASMINI23OCT26305CE,8.55,250,SELL_AGGRESSOR,5895250,1717000
2026-10-01 23:01:39.349,NATGASMINI,PE,310.0,NATGASMINI23OCT26310PE,29.65,750,BUY_AGGRESSOR,409750,669000
2026-10-01 23:01:43.149,NATURALGAS,FUT,0.0,NATURALGAS27OCT26FUT,287.6,8750,BUY_AGGRESSOR,124705000,69228750
2026-10-01 23:01:43.149,NATURALGAS,PE,260.0,NATURALGAS23OCT26260PE,3.4,1250,SELL_AGGRESSOR,26910000,10777500
2026-10-01 23:01:43.149,NATURALGAS,PE,270.0,NATURALGAS23OCT26270PE,6.15,1250,INSIDE,31775000,11623750
2026-10-01 23:01:43.149,NATURALGAS,CE,275.0,NATURALGAS23OCT26275CE,20.5,3750,SELL_AGGRESSOR,3711250,418750
2026-10-01 23:01:43.149,NATURALGAS,CE,280.0,NATURALGAS23OCT26280CE,17.75,21250,BUY_AGGRESSOR,25793750,4472500
2026-10-01 23:01:43.149,NATURALGAS,PE,280.0,NATURALGAS23OCT26280PE,10.3,3750,BUY_AGGRESSOR,45348750,12338750
2026-10-01 23:01:43.149,NATURALGAS,PE,285.0,NATURALGAS23OCT26285PE,12.85,5000,SELL_AGGRESSOR,51338750,6245000
2026-10-01 23:01:43.149,NATURALGAS,CE,290.0,NATURALGAS23OCT26290CE,13.15,5000,SELL_AGGRESSOR,86460000,17731250
2026-10-01 23:01:43.149,NATURALGAS,PE,290.0,NATURALGAS23OCT26290PE,15.7,13750,SELL_AGGRESSOR,74477500,13288750
2026-10-01 23:01:43.149,NATURALGAS,PE,295.0,NATURALGAS23OCT26295PE,18.9,7500,BUY_AGGRESSOR,15103750,5501250
2026-10-01 23:01:43.149,NATURALGAS,PE,300.0,NATURALGAS23OCT26300PE,22.3,6250,BUY_AGGRESSOR,13446250,14017500
2026-10-01 23:01:43.149,NATURALGAS,CE,305.0,NATURALGAS23OCT26305CE,8.35,180000,SELL_AGGRESSOR,18212500,7951250
2026-10-01 23:01:43.149,NATURALGAS,PE,310.0,NATURALGAS23OCT26310PE,29.85,1250,INSIDE,2265000,4566250
2026-10-01 23:01:43.149,NATGASMINI,FUT,0.0,NATGASMINI27OCT26FUT,287.7,500,BUY_AGGRESSOR,40072250,17234250
2026-10-01 23:01:43.149,NATGASMINI,PE,275.0,NATGASMINI23OCT26275PE,8.0,2500,SELL_AGGRESSOR,4822250,749500
2026-10-01 23:01:43.149,NATGASMINI,PE,285.0,NATGASMINI23OCT26285PE,12.85,1000,SELL_AGGRESSOR,19123250,1354750
2026-10-01 23:01:43.149,NATGASMINI,CE,290.0,NATGASMINI23OCT26290CE,13.3,250,BUY_AGGRESSOR,24714500,3347500
2026-10-01 23:01:43.149,NATGASMINI,PE,290.0,NATGASMINI23OCT26290PE,15.75,500,INSIDE,18091750,1636500
2026-10-01 23:01:43.149,NATGASMINI,CE,305.0,NATGASMINI23OCT26305CE,8.55,2500,SELL_AGGRESSOR,5897750,1717000
2026-10-01 23:01:47.008,NATURALGAS,PE,265.0,NATURALGAS23OCT26265PE,4.6,2500,SELL_AGGRESSOR,12615000,4432500
2026-10-01 23:01:47.008,NATURALGAS,PE,270.0,NATURALGAS23OCT26270PE,6.15,2500,SELL_AGGRESSOR,31777500,11623750
2026-10-01 23:01:47.008,NATURALGAS,PE,275.0,NATURALGAS23OCT26275PE,8.05,7500,SELL_AGGRESSOR,17657500,3723750
2026-10-01 23:01:47.008,NATURALGAS,PE,280.0,NATURALGAS23OCT26280PE,10.35,2500,BUY_AGGRESSOR,45351250,12340000
2026-10-01 23:01:47.008,NATURALGAS,CE,285.0,NATURALGAS23OCT26285CE,15.3,2500,BUY_AGGRESSOR,34306250,5240000
2026-10-01 23:01:47.008,NATURALGAS,CE,290.0,NATURALGAS23OCT26290CE,13.2,5000,BUY_AGGRESSOR,86465000,17726250
2026-10-01 23:01:47.008,NATURALGAS,PE,290.0,NATURALGAS23OCT26290PE,15.7,1250,SELL_AGGRESSOR,74478750,13288750
2026-10-01 23:01:47.008,NATURALGAS,CE,305.0,NATURALGAS23OCT26305CE,8.35,188750,SELL_AGGRESSOR,18401250,8031250
2026-10-01 23:01:47.008,NATGASMINI,FUT,0.0,NATGASMINI27OCT26FUT,287.6,1750,BUY_AGGRESSOR,40074000,17234250
2026-10-01 23:01:47.008,NATGASMINI,CE,280.0,NATGASMINI23OCT26280CE,17.9,750,BUY_AGGRESSOR,3718500,411750
2026-10-01 23:01:47.008,NATGASMINI,PE,280.0,NATGASMINI23OCT26280PE,10.3,1250,INSIDE,9485250,1370750
2026-10-01 23:01:47.008,NATGASMINI,PE,285.0,NATGASMINI23OCT26285PE,12.85,1000,SELL_AGGRESSOR,19124250,1354750
2026-10-01 23:01:47.008,NATGASMINI,CE,290.0,NATGASMINI23OCT26290CE,13.2,1750,SELL_AGGRESSOR,24716250,3346000
2026-10-01 23:01:47.008,NATGASMINI,PE,290.0,NATGASMINI23OCT26290PE,15.7,2250,SELL_AGGRESSOR,18094000,1634250
2026-10-01 23:01:47.008,NATGASMINI,CE,295.0,NATGASMINI23OCT26295CE,11.5,250,BUY_AGGRESSOR,11770500,1821000
2026-10-01 23:01:47.008,NATGASMINI,CE,305.0,NATGASMINI23OCT26305CE,8.5,5500,SELL_AGGRESSOR,5903250,1716500
2026-10-01 23:01:50.794,NATURALGAS,FUT,0.0,NATURALGAS27OCT26FUT,287.4,7500,SELL_AGGRESSOR,124712500,69231250
2026-10-01 23:01:50.794,NATURALGAS,PE,265.0,NATURALGAS23OCT26265PE,4.6,1250,SELL_AGGRESSOR,12616250,4431250
2026-10-01 23:01:50.794,NATURALGAS,CE,280.0,NATURALGAS23OCT26280CE,17.7,3750,BUY_AGGRESSOR,25797500,4470000
2026-10-01 23:01:50.794,NATURALGAS,PE,280.0,NATURALGAS23OCT26280PE,10.35,1250,BUY_AGGRESSOR,45352500,12338750
2026-10-01 23:01:50.794,NATURALGAS,PE,285.0,NATURALGAS23OCT26285PE,12.9,43750,BUY_AGGRESSOR,51382500,6202500
2026-10-01 23:01:50.794,NATURALGAS,CE,290.0,NATURALGAS23OCT26290CE,13.15,25000,SELL_AGGRESSOR,86490000,17720000
2026-10-01 23:01:50.794,NATURALGAS,PE,290.0,NATURALGAS23OCT26290PE,15.75,2500,BUY_AGGRESSOR,74481250,13286250
2026-10-01 23:01:50.794,NATURALGAS,CE,295.0,NATURALGAS23OCT26295CE,11.35,20000,SELL_AGGRESSOR,34593750,7223750
2026-10-01 23:01:50.794,NATURALGAS,CE,300.0,NATURALGAS23OCT26300CE,9.8,11250,BUY_AGGRESSOR,52612500,21122500
2026-10-01 23:01:50.794,NATURALGAS,PE,300.0,NATURALGAS23OCT26300PE,22.35,1250,BUY_AGGRESSOR,13447500,14016250
2026-10-01 23:01:50.794,NATURALGAS,CE,305.0,NATURALGAS23OCT26305CE,8.35,11250,BUY_AGGRESSOR,18412500,8033750
2026-10-01 23:01:50.794,NATURALGAS,CE,310.0,NATURALGAS23OCT26310CE,7.25,1250,SELL_AGGRESSOR,31028750,11720000
2026-10-01 23:01:50.794,NATGASMINI,PE,255.0,NATGASMINI23OCT26255PE,2.5,250,SELL_AGGRESSOR,665000,141000
2026-10-01 23:01:50.794,NATGASMINI,PE,265.0,NATGASMINI23OCT26265PE,4.6,1000,SELL_AGGRESSOR,5708500,3227250
2026-10-01 23:01:50.794,NATGASMINI,CE,270.0,NATGASMINI23OCT26270CE,23.75,250,SELL_AGGRESSOR,711500,152500
2026-10-01 23:01:50.794,NATGASMINI,CE,285.0,NATGASMINI23OCT26285CE,15.35,500,SELL_AGGRESSOR,10302250,978750
2026-10-01 23:01:50.794,NATGASMINI,PE,285.0,NATGASMINI23OCT26285PE,12.85,12500,SELL_AGGRESSOR,19136750,1354750
2026-10-01 23:01:50.794,NATGASMINI,CE,295.0,NATGASMINI23OCT26295CE,11.45,2250,SELL_AGGRESSOR,11772750,1818750
2026-10-01 23:01:50.794,NATGASMINI,CE,300.0,NATGASMINI23OCT26300CE,9.85,1000,SELL_AGGRESSOR,12665750,3325000
2026-10-01 23:01:50.794,NATGASMINI,CE,305.0,NATGASMINI23OCT26305CE,8.5,250,SELL_AGGRESSOR,5903500,1716500
2026-10-01 23:01:50.794,NATGASMINI,CE,310.0,NATGASMINI23OCT26310CE,7.4,2250,SELL_AGGRESSOR,5044250,1881000
2026-10-01 23:01:50.794,NATGASMINI,CE,315.0,NATGASMINI23OCT26315CE,6.4,3250,SELL_AGGRESSOR,2635250,1306000
2026-10-01 23:01:54.626,NATURALGAS,FUT,0.0,NATURALGAS27OCT26FUT,287.5,2500,BUY_AGGRESSOR,124715000,69230000
2026-10-01 23:01:54.626,NATURALGAS,PE,260.0,NATURALGAS23OCT26260PE,3.45,1250,BUY_AGGRESSOR,26911250,10777500
2026-10-01 23:01:54.626,NATURALGAS,CE,285.0,NATURALGAS23OCT26285CE,15.2,1250,SELL_AGGRESSOR,34307500,5240000
2026-10-01 23:01:54.626,NATURALGAS,PE,285.0,NATURALGAS23OCT26285PE,12.85,2500,SELL_AGGRESSOR,51385000,6198750
2026-10-01 23:01:54.626,NATURALGAS,CE,300.0,NATURALGAS23OCT26300CE,9.75,1250,SELL_AGGRESSOR,52613750,21122500
2026-10-01 23:01:54.626,NATGASMINI,FUT,0.0,NATGASMINI27OCT26FUT,287.6,1000,BUY_AGGRESSOR,40075000,17234500
2026-10-01 23:01:54.626,NATGASMINI,PE,260.0,NATGASMINI23OCT26260PE,3.4,9250,SELL_AGGRESSOR,2394500,869250
2026-10-01 23:01:54.626,NATGASMINI,CE,290.0,NATGASMINI23OCT26290CE,13.25,250,BUY_AGGRESSOR,24716500,3345750
2026-10-01 23:01:54.626,NATGASMINI,PE,290.0,NATGASMINI23OCT26290PE,15.7,250,SELL_AGGRESSOR,18094250,1634000
2026-10-01 23:01:54.626,NATGASMINI,CE,295.0,NATGASMINI23OCT26295CE,11.5,250,BUY_AGGRESSOR,11773000,1818750
2026-10-01 23:01:54.626,NATGASMINI,CE,310.0,NATGASMINI23OCT26310CE,7.35,750,SELL_AGGRESSOR,5045000,1880250
2026-10-01 23:01:58.410,NATURALGAS,FUT,0.0,NATURALGAS27OCT26FUT,287.5,2500,BUY_AGGRESSOR,124717500,69232500
2026-10-01 23:01:58.410,NATURALGAS,CE,285.0,NATURALGAS23OCT26285CE,15.25,6250,BUY_AGGRESSOR,34313750,5238750
2026-10-01 23:01:58.410,NATURALGAS,PE,285.0,NATURALGAS23OCT26285PE,12.9,11250,BUY_AGGRESSOR,51396250,6192500
2026-10-01 23:01:58.410,NATURALGAS,CE,290.0,NATURALGAS23OCT26290CE,13.15,1250,BUY_AGGRESSOR,86491250,17720000
2026-10-01 23:01:58.410,NATURALGAS,PE,290.0,NATURALGAS23OCT26290PE,15.7,3750,SELL_AGGRESSOR,74485000,13282500
2026-10-01 23:01:58.410,NATURALGAS,PE,295.0,NATURALGAS23OCT26295PE,18.95,1250,BUY_AGGRESSOR,15105000,5502500
2026-10-01 23:01:58.410,NATURALGAS,CE,300.0,NATURALGAS23OCT26300CE,9.75,1250,SELL_AGGRESSOR,52615000,21122500
2026-10-01 23:01:58.410,NATURALGAS,CE,315.0,NATURALGAS23OCT26315CE,6.25,2500,SELL_AGGRESSOR,11308750,3512500
2026-10-01 23:01:58.410,NATGASMINI,FUT,0.0,NATGASMINI27OCT26FUT,287.6,500,BUY_AGGRESSOR,40075500,17235000
2026-10-01 23:01:58.410,NATGASMINI,PE,260.0,NATGASMINI23OCT26260PE,3.4,250,SELL_AGGRESSOR,2394750,869000
2026-10-01 23:01:58.410,NATGASMINI,PE,270.0,NATGASMINI23OCT26270PE,6.15,250,SELL_AGGRESSOR,4072000,992000
2026-10-01 23:01:58.410,NATGASMINI,PE,280.0,NATGASMINI23OCT26280PE,10.3,250,SELL_AGGRESSOR,9485500,1370500
2026-10-01 23:01:58.410,NATGASMINI,CE,285.0,NATGASMINI23OCT26285CE,15.35,1500,SELL_AGGRESSOR,10303750,977250
2026-10-01 23:01:58.410,NATGASMINI,PE,295.0,NATGASMINI23OCT26295PE,18.8,2500,SELL_AGGRESSOR,5211500,809250
2026-10-01 23:02:02.283,NATURALGAS,FUT,0.0,NATURALGAS27OCT26FUT,287.5,8750,SELL_AGGRESSOR,124726250,69236250
2026-10-01 23:02:02.283,NATURALGAS,CE,285.0,NATURALGAS23OCT26285CE,15.3,5000,BUY_AGGRESSOR,34318750,5233750
2026-10-01 23:02:02.283,NATURALGAS,PE,285.0,NATURALGAS23OCT26285PE,12.9,7500,BUY_AGGRESSOR,51403750,6183750
2026-10-01 23:02:02.283,NATURALGAS,CE,290.0,NATURALGAS23OCT26290CE,13.15,2500,BUY_AGGRESSOR,86493750,17720000
2026-10-01 23:02:02.283,NATURALGAS,PE,290.0,NATURALGAS23OCT26290PE,15.75,25000,BUY_AGGRESSOR,74510000,13257500
2026-10-01 23:02:02.283,NATURALGAS,CE,300.0,NATURALGAS23OCT26300CE,9.75,3750,SELL_AGGRESSOR,52618750,21120000
2026-10-01 23:02:02.283,NATURALGAS,CE,310.0,NATURALGAS23OCT26310CE,7.3,1250,BUY_AGGRESSOR,31030000,11720000
2026-10-01 23:02:02.283,NATGASMINI,FUT,0.0,NATGASMINI27OCT26FUT,287.6,9250,BUY_AGGRESSOR,40084750,17235250
2026-10-01 23:02:02.283,NATGASMINI,PE,280.0,NATGASMINI23OCT26280PE,10.3,250,SELL_AGGRESSOR,9485750,1370250
2026-10-01 23:02:02.283,NATGASMINI,CE,285.0,NATGASMINI23OCT26285CE,15.3,2000,SELL_AGGRESSOR,10305750,977250
2026-10-01 23:02:02.283,NATGASMINI,CE,290.0,NATGASMINI23OCT26290CE,13.25,2000,BUY_AGGRESSOR,24718500,3343750
2026-10-01 23:02:02.283,NATGASMINI,PE,290.0,NATGASMINI23OCT26290PE,15.7,4000,SELL_AGGRESSOR,18098250,1631750
2026-10-01 23:02:02.283,NATGASMINI,CE,295.0,NATGASMINI23OCT26295CE,11.45,1500,SELL,11774500,1818750
2026-10-01 23:02:02.283,NATGASMINI,PE,295.0,NATGASMINI23OCT26295PE,18.85,250,BUY,5211750,809000
2026-10-01 23:02:02.283,NATGASMINI,CE,300.0,NATGASMINI23OCT26300CE,9.9,500,BUY_AGGRESSOR,12666250,3325000
2026-10-01 23:02:02.283,NATGASMINI,CE,310.0,NATGASMINI23OCT26310CE,7.4,750,BUY,5045750,1880250
2026-10-01 23:02:02.283,NATGASMINI,PE,310.0,NATGASMINI23OCT26310PE,29.6,1250,SELL,411000,669000
2026-10-01 23:02:02.283,NATGASMINI,CE,315.0,NATGASMINI23OCT26315CE,6.4,1250,INSIDE,2636500,1306000
2026-10-01 23:02:06.097,NATURALGAS,PE,255.0,NATURALGAS23OCT26255PE,2.45,3750,INSIDE,6973750,2030000
2026-10-01 23:02:06.097,NATURALGAS,PE,260.0,NATURALGAS23OCT26260PE,3.4,1250,SELL_AGGRESSOR,26912500,10776250
2026-10-01 23:02:06.097,NATURALGAS,CE,275.0,NATURALGAS23OCT26275CE,20.5,2500,BUY_AGGRESSOR,3713750,418750
2026-10-01 23:02:06.097,NATURALGAS,CE,280.0,NATURALGAS23OCT26280CE,17.7,2500,BUY_AGGRESSOR,25800000,4471250
2026-10-01 23:02:06.097,NATURALGAS,PE,280.0,NATURALGAS23OCT26280PE,10.35,21250,SELL_AGGRESSOR,45373750,12331250
2026-10-01 23:02:06.097,NATURALGAS,CE,285.0,NATURALGAS23OCT26285CE,15.25,5000,BUY_AGGRESSOR,34323750,5228750
2026-10-01 23:02:06.097,NATURALGAS,PE,285.0,NATURALGAS23OCT26285PE,12.9,5000,SELL_AGGRESSOR,51408750,6186250
2026-10-01 23:02:06.097,NATURALGAS,CE,290.0,NATURALGAS23OCT26290CE,13.15,10000,BUY_AGGRESSOR,86503750,17720000
2026-10-01 23:02:06.097,NATURALGAS,PE,295.0,NATURALGAS23OCT26295PE,18.95,1250,INSIDE,15106250,5503750
2026-10-01 23:02:06.097,NATURALGAS,CE,300.0,NATURALGAS23OCT26300CE,9.75,1250,INSIDE,52620000,21121250
2026-10-01 23:02:06.097,NATURALGAS,PE,300.0,NATURALGAS23OCT26300PE,22.35,2500,INSIDE,13450000,14016250
2026-10-01 23:02:06.097,NATURALGAS,CE,305.0,NATURALGAS23OCT26305CE,8.35,2500,SELL_AGGRESSOR,18415000,8032500
2026-10-01 23:02:06.097,NATURALGAS,PE,310.0,NATURALGAS23OCT26310PE,29.85,3750,INSIDE,2268750,4566250
2026-10-01 23:02:06.097,NATURALGAS,CE,315.0,NATURALGAS23OCT26315CE,6.25,3750,SELL_AGGRESSOR,11312500,3510000
2026-10-01 23:02:06.097,NATGASMINI,FUT,0.0,NATGASMINI27OCT26FUT,287.7,250,BUY_AGGRESSOR,40085000,17243250
2026-10-01 23:02:06.097,NATGASMINI,CE,285.0,NATGASMINI23OCT26285CE,15.3,1500,SELL_AGGRESSOR,10307250,977250
2026-10-01 23:02:06.097,NATGASMINI,CE,290.0,NATGASMINI23OCT26290CE,13.25,250,SELL_AGGRESSOR,24718750,3343500
2026-10-01 23:02:06.097,NATGASMINI,PE,290.0,NATGASMINI23OCT26290PE,15.65,750,SELL_AGGRESSOR,18099000,1630000
2026-10-01 23:02:06.097,NATGASMINI,PE,310.0,NATGASMINI23OCT26310PE,29.65,3000,BUY_AGGRESSOR,414000,669000
2026-10-01 23:02:09.898,NATURALGAS,CE,290.0,NATURALGAS23OCT26290CE,13.2,8750,BUY_AGGRESSOR,86512500,17720000
2026-10-01 23:02:09.898,NATURALGAS,PE,290.0,NATURALGAS23OCT26290PE,15.7,2500,SELL_AGGRESSOR,74512500,13256250
2026-10-01 23:02:09.898,NATURALGAS,PE,300.0,NATURALGAS23OCT26300PE,22.3,6250,SELL,13456250,14010000
2026-10-01 23:02:09.898,NATGASMINI,FUT,0.0,NATGASMINI27OCT26FUT,287.6,500,SELL,40085500,17243000
2026-10-01 23:02:09.898,NATGASMINI,PE,265.0,NATGASMINI23OCT26265PE,4.65,500,BUY_AGGRESSOR,5709000,3227250
2026-10-01 23:02:09.898,NATGASMINI,PE,280.0,NATGASMINI23OCT26280PE,10.25,250,SELL_AGGRESSOR,9486000,1370250
2026-10-01 23:02:09.898,NATGASMINI,PE,295.0,NATGASMINI23OCT26295PE,18.75,500,SELL_AGGRESSOR,5212250,809000
2026-10-01 23:02:13.757,NATURALGAS,CE,285.0,NATURALGAS23OCT26285CE,15.25,3750,INSIDE,34327500,5228750
2026-10-01 23:02:13.757,NATURALGAS,PE,285.0,NATURALGAS23OCT26285PE,12.9,1250,BUY_AGGRESSOR,51410000,6186250
2026-10-01 23:02:13.757,NATURALGAS,CE,290.0,NATURALGAS23OCT26290CE,13.15,10000,SELL_AGGRESSOR,86522500,17717500
2026-10-01 23:02:13.757,NATURALGAS,PE,300.0,NATURALGAS23OCT26300PE,22.25,37500,SELL_AGGRESSOR,13493750,13972500
2026-10-01 23:02:13.757,NATGASMINI,FUT,0.0,NATGASMINI27OCT26FUT,287.6,4000,INSIDE,40089500,17239250
2026-10-01 23:02:13.757,NATGASMINI,CE,280.0,NATGASMINI23OCT26280CE,17.85,500,SELL,3719000,411750
2026-10-01 23:02:13.757,NATGASMINI,PE,280.0,NATGASMINI23OCT26280PE,10.3,1500,BUY_AGGRESSOR,9487500,1370250
2026-10-01 23:02:13.757,NATGASMINI,CE,285.0,NATGASMINI23OCT26285CE,15.45,500,BUY_AGGRESSOR,10307750,977250
2026-10-01 23:02:13.757,NATGASMINI,PE,285.0,NATGASMINI23OCT26285PE,12.85,250,SELL_AGGRESSOR,19137000,1354750
2026-10-01 23:02:13.757,NATGASMINI,CE,290.0,NATGASMINI23OCT26290CE,13.3,3500,BUY_AGGRESSOR,24722250,3344500
2026-10-01 23:02:13.757,NATGASMINI,PE,290.0,NATGASMINI23OCT26290PE,15.65,2250,SELL_AGGRESSOR,18101250,1629750
2026-10-01 23:02:13.757,NATGASMINI,CE,315.0,NATGASMINI23OCT26315CE,6.35,250,SELL_AGGRESSOR,2636750,1306000
2026-10-01 23:02:17.564,NATURALGAS,PE,260.0,NATURALGAS23OCT26260PE,3.4,6250,SELL_AGGRESSOR,26918750,10776250
2026-10-01 23:02:17.564,NATURALGAS,CE,290.0,NATURALGAS23OCT26290CE,13.1,1250,SELL_AGGRESSOR,86523750,17716250
2026-10-01 23:02:17.564,NATURALGAS,PE,290.0,NATURALGAS23OCT26290PE,15.7,5000,SELL_AGGRESSOR,74517500,13252500
2026-10-01 23:02:17.564,NATURALGAS,CE,295.0,NATURALGAS23OCT26295CE,11.35,5000,SELL_AGGRESSOR,34598750,7225000
2026-10-01 23:02:17.564,NATURALGAS,PE,295.0,NATURALGAS23OCT26295PE,18.9,2500,SELL,15108750,5503750
2026-10-01 23:02:17.564,NATURALGAS,CE,300.0,NATURALGAS23OCT26300CE,9.75,3750,SELL_AGGRESSOR,52623750,21121250
2026-10-01 23:02:17.564,NATURALGAS,CE,310.0,NATURALGAS23OCT26310CE,7.25,1250,SELL_AGGRESSOR,31031250,11720000
2026-10-01 23:02:17.564,NATGASMINI,PE,260.0,NATGASMINI23OCT26260PE,3.45,1000,BUY_AGGRESSOR,2395750,868750
2026-10-01 23:02:17.564,NATGASMINI,CE,280.0,NATGASMINI23OCT26280CE,17.85,1000,INSIDE,3720000,412500
2026-10-01 23:02:17.564,NATGASMINI,PE,280.0,NATGASMINI23OCT26280PE,10.3,7000,INSIDE,9494500,1370250
2026-10-01 23:02:17.564,NATGASMINI,CE,290.0,NATGASMINI23OCT26290CE,13.25,2250,BUY_AGGRESSOR,24724500,3346250
2026-10-01 23:02:17.564,NATGASMINI,PE,290.0,NATGASMINI23OCT26290PE,15.7,1000,BUY,18102250,1629750
2026-10-01 23:02:17.564,NATGASMINI,PE,295.0,NATGASMINI23OCT26295PE,18.75,250,SELL_AGGRESSOR,5212500,809000
2026-10-01 23:02:17.564,NATGASMINI,CE,300.0,NATGASMINI23OCT26300CE,9.85,11000,SELL_AGGRESSOR,12677250,3322000
2026-10-01 23:02:17.564,NATGASMINI,PE,300.0,NATGASMINI23OCT26300PE,22.2,500,BUY_AGGRESSOR,2991250,1054750
2026-10-01 23:02:21.421,NATURALGAS,FUT,0.0,NATURALGAS27OCT26FUT,287.4,6250,SELL_AGGRESSOR,124732500,69242500
2026-10-01 23:02:21.421,NATURALGAS,PE,255.0,NATURALGAS23OCT26255PE,2.45,1250,BUY_AGGRESSOR,6975000,2030000
2026-10-01 23:02:21.421,NATURALGAS,CE,280.0,NATURALGAS23OCT26280CE,17.65,6250,SELL_AGGRESSOR,25806250,4467500
2026-10-01 23:02:21.421,NATURALGAS,PE,280.0,NATURALGAS23OCT26280PE,10.35,10000,BUY_AGGRESSOR,45383750,12321250
2026-10-01 23:02:21.421,NATURALGAS,CE,285.0,NATURALGAS23OCT26285CE,15.2,3750,SELL_AGGRESSOR,34331250,5230000
2026-10-01 23:02:21.421,NATURALGAS,CE,290.0,NATURALGAS23OCT26290CE,13.1,5000,SELL_AGGRESSOR,86528750,17713750
2026-10-01 23:02:21.421,NATURALGAS,PE,290.0,NATURALGAS23OCT26290PE,15.75,36250,BUY,74553750,13262500
2026-10-01 23:02:21.421,NATURALGAS,PE,300.0,NATURALGAS23OCT26300PE,22.25,37500,SELL_AGGRESSOR,13531250,13968750
2026-10-01 23:02:21.421,NATURALGAS,CE,305.0,NATURALGAS23OCT26305CE,8.3,7500,SELL_AGGRESSOR,18422500,8026250
2026-10-01 23:02:21.421,NATURALGAS,CE,310.0,NATURALGAS23OCT26310CE,7.25,11250,SELL_AGGRESSOR,31042500,11720000
2026-10-01 23:02:21.421,NATURALGAS,CE,315.0,NATURALGAS23OCT26315CE,6.25,1250,SELL_AGGRESSOR,11313750,3506250
2026-10-01 23:02:21.421,NATGASMINI,FUT,0.0,NATGASMINI27OCT26FUT,287.5,2000,SELL_AGGRESSOR,40091500,17239250
2026-10-01 23:02:21.421,NATGASMINI,PE,260.0,NATGASMINI23OCT26260PE,3.45,5000,BUY_AGGRESSOR,2400750,868750
2026-10-01 23:02:21.421,NATGASMINI,PE,265.0,NATGASMINI23OCT26265PE,4.6,250,SELL_AGGRESSOR,5709250,3227250
2026-10-01 23:02:21.421,NATGASMINI,PE,270.0,NATGASMINI23OCT26270PE,6.2,750,BUY_AGGRESSOR,4072750,992000
2026-10-01 23:02:21.421,NATGASMINI,CE,275.0,NATGASMINI23OCT26275CE,20.6,1000,SELL_AGGRESSOR,1301250,84750
2026-10-01 23:02:21.421,NATGASMINI,CE,280.0,NATGASMINI23OCT26280CE,17.8,1000,SELL_AGGRESSOR,3721000,413000
2026-10-01 23:02:21.421,NATGASMINI,PE,290.0,NATGASMINI23OCT26290PE,15.75,2250,BUY_AGGRESSOR,18104500,1629750
2026-10-01 23:02:21.421,NATGASMINI,CE,305.0,NATGASMINI23OCT26305CE,8.5,2250,SELL_AGGRESSOR,5905750,1716000
2026-10-01 23:02:21.421,NATGASMINI,PE,305.0,NATGASMINI23OCT26305PE,25.8,500,BUY_AGGRESSOR,570500,392000
2026-10-01 23:02:25.241,NATURALGAS,FUT,0.0,NATURALGAS27OCT26FUT,287.3,1250,SELL_AGGRESSOR,124733750,69241250
2026-10-01 23:02:25.241,NATURALGAS,PE,285.0,NATURALGAS23OCT26285PE,12.9,1250,SELL_AGGRESSOR,51411250,6185000
2026-10-01 23:02:25.241,NATURALGAS,CE,290.0,NATURALGAS23OCT26290CE,13.05,2500,SELL_AGGRESSOR,86531250,17711250
2026-10-01 23:02:25.241,NATURALGAS,CE,315.0,NATURALGAS23OCT26315CE,6.2,2500,SELL_AGGRESSOR,11316250,3507500
2026-10-01 23:02:25.241,NATGASMINI,FUT,0.0,NATGASMINI27OCT26FUT,287.5,12000,BUY_AGGRESSOR,40103500,17247250
2026-10-01 23:02:25.241,NATGASMINI,PE,265.0,NATGASMINI23OCT26265PE,4.65,250,BUY_AGGRESSOR,5709500,3227250
2026-10-01 23:02:25.241,NATGASMINI,CE,280.0,NATGASMINI23OCT26280CE,17.75,250,SELL_AGGRESSOR,3721250,412750
2026-10-01 23:02:25.241,NATGASMINI,PE,280.0,NATGASMINI23OCT26280PE,10.3,250,SELL_AGGRESSOR,9494750,1370500
2026-10-01 23:02:25.241,NATGASMINI,CE,290.0,NATGASMINI23OCT26290CE,13.15,3500,SELL_AGGRESSOR,24728000,3342750
2026-10-01 23:02:25.241,NATGASMINI,CE,305.0,NATGASMINI23OCT26305CE,8.5,500,SELL_AGGRESSOR,5906250,1716000
2026-10-01 23:02:29.066,NATURALGAS,FUT,0.0,NATURALGAS27OCT26FUT,287.3,22500,SELL_AGGRESSOR,124756250,69241250
2026-10-01 23:02:29.066,NATURALGAS,PE,260.0,NATURALGAS23OCT26260PE,3.45,22500,BUY_AGGRESSOR,26941250,10773750
2026-10-01 23:02:29.066,NATURALGAS,PE,265.0,NATURALGAS23OCT26265PE,4.65,11250,BUY_AGGRESSOR,12627500,4433750
2026-10-01 23:02:29.066,NATURALGAS,PE,270.0,NATURALGAS23OCT26270PE,6.2,13750,BUY_AGGRESSOR,31791250,11628750
2026-10-01 23:02:29.066,NATURALGAS,CE,275.0,NATURALGAS23OCT26275CE,20.3,12500,SELL_AGGRESSOR,3726250,418750
2026-10-01 23:02:29.066,NATURALGAS,PE,275.0,NATURALGAS23OCT26275PE,8.1,6250,BUY_AGGRESSOR,17663750,3722500
2026-10-01 23:02:29.066,NATURALGAS,CE,280.0,NATURALGAS23OCT26280CE,17.6,12500,SELL_AGGRESSOR,25818750,4480000
2026-10-01 23:02:29.066,NATURALGAS,PE,280.0,NATURALGAS23OCT26280PE,10.4,68750,BUY_AGGRESSOR,45452500,12350000
2026-10-01 23:02:29.066,NATURALGAS,PE,285.0,NATURALGAS23OCT26285PE,12.95,1250,BUY_AGGRESSOR,51412500,6185000
2026-10-01 23:02:29.066,NATURALGAS,CE,290.0,NATURALGAS23OCT26290CE,13.05,15000,SELL_AGGRESSOR,86546250,17710000
2026-10-01 23:02:29.066,NATURALGAS,CE,295.0,NATURALGAS23OCT26295CE,11.25,26250,SELL_AGGRESSOR,34625000,7225000
2026-10-01 23:02:29.066,NATURALGAS,PE,295.0,NATURALGAS23OCT26295PE,19.0,5000,BUY_AGGRESSOR,15113750,5501250
2026-10-01 23:02:29.066,NATURALGAS,CE,300.0,NATURALGAS23OCT26300CE,9.7,23750,SELL_AGGRESSOR,52647500,21106250
2026-10-01 23:02:29.066,NATURALGAS,CE,305.0,NATURALGAS23OCT26305CE,8.35,43750,BUY_AGGRESSOR,18466250,8026250
2026-10-01 23:02:29.066,NATURALGAS,CE,310.0,NATURALGAS23OCT26310CE,7.2,57500,SELL_AGGRESSOR,31100000,11682500
2026-10-01 23:02:29.066,NATURALGAS,PE,310.0,NATURALGAS23OCT26310PE,30.0,1250,BUY_AGGRESSOR,2270000,4566250
2026-10-01 23:02:29.066,NATGASMINI,FUT,0.0,NATGASMINI27OCT26FUT,287.4,1000,SELL_AGGRESSOR,40104500,17246500
2026-10-01 23:02:29.066,NATGASMINI,PE,265.0,NATGASMINI23OCT26265PE,4.65,1750,BUY_AGGRESSOR,5711250,3227250
2026-10-01 23:02:29.066,NATGASMINI,PE,270.0,NATGASMINI23OCT26270PE,6.15,250,SELL_AGGRESSOR,4073000,992000
2026-10-01 23:02:29.066,NATGASMINI,PE,275.0,NATGASMINI23OCT26275PE,8.1,750,BUY_AGGRESSOR,4823000,749250
2026-10-01 23:02:29.066,NATGASMINI,PE,280.0,NATGASMINI23OCT26280PE,10.35,1250,BUY_AGGRESSOR,9496000,1370500
2026-10-01 23:02:29.066,NATGASMINI,CE,285.0,NATGASMINI23OCT26285CE,15.35,250,BUY_AGGRESSOR,10308000,977000
2026-10-01 23:02:29.066,NATGASMINI,PE,285.0,NATGASMINI23OCT26285PE,13.0,5500,BUY_AGGRESSOR,19142500,1354750
2026-10-01 23:02:29.066,NATGASMINI,CE,300.0,NATGASMINI23OCT26300CE,9.8,6500,SELL_AGGRESSOR,12683750,3320500
2026-10-01 23:02:29.066,NATGASMINI,PE,300.0,NATGASMINI23OCT26300PE,22.25,500,BUY_AGGRESSOR,2991750,1054500
2026-10-01 23:02:29.066,NATGASMINI,CE,310.0,NATGASMINI23OCT26310CE,7.35,250,SELL_AGGRESSOR,5046000,1880250
2026-10-01 23:02:29.066,NATGASMINI,PE,310.0,NATGASMINI23OCT26310PE,29.75,500,BUY_AGGRESSOR,414500,668500
2026-10-01 23:02:29.066,NATGASMINI,CE,315.0,NATGASMINI23OCT26315CE,6.35,1500,SELL_AGGRESSOR,2638250,1306000
2026-10-01 23:02:32.908,NATURALGAS,FUT,0.0,NATURALGAS27OCT26FUT,287.3,1250,BUY_AGGRESSOR,124757500,69240000
2026-10-01 23:02:32.908,NATURALGAS,PE,255.0,NATURALGAS23OCT26255PE,2.45,1250,SELL_AGGRESSOR,6976250,2031250
2026-10-01 23:02:32.908,NATURALGAS,PE,260.0,NATURALGAS23OCT26260PE,3.45,1250,SELL_AGGRESSOR,26942500,10771250
2026-10-01 23:02:32.908,NATURALGAS,CE,280.0,NATURALGAS23OCT26280CE,17.6,1250,BUY_AGGRESSOR,25820000,4480000
2026-10-01 23:02:32.908,NATURALGAS,PE,280.0,NATURALGAS23OCT26280PE,10.4,3750,SELL_AGGRESSOR,45456250,12350000
2026-10-01 23:02:32.908,NATURALGAS,CE,285.0,NATURALGAS23OCT26285CE,15.15,3750,BUY_AGGRESSOR,34335000,5226250
2026-10-01 23:02:32.908,NATURALGAS,CE,290.0,NATURALGAS23OCT26290CE,13.05,3750,BUY_AGGRESSOR,86550000,17698750
2026-10-01 23:02:32.908,NATURALGAS,PE,290.0,NATURALGAS23OCT26290PE,15.8,1250,SELL_AGGRESSOR,74555000,13261250
2026-10-01 23:02:32.908,NATURALGAS,CE,295.0,NATURALGAS23OCT26295CE,11.35,17500,BUY_AGGRESSOR,34642500,7215000
2026-10-01 23:02:32.908,NATURALGAS,PE,295.0,NATURALGAS23OCT26295PE,19.0,1250,SELL_AGGRESSOR,15115000,5498750
2026-10-01 23:02:32.908,NATURALGAS,PE,300.0,NATURALGAS23OCT26300PE,22.3,25000,SELL_AGGRESSOR,13556250,13932500
2026-10-01 23:02:32.908,NATURALGAS,PE,310.0,NATURALGAS23OCT26310PE,29.95,2500,SELL_AGGRESSOR,2272500,4566250
2026-10-01 23:02:32.908,NATGASMINI,PE,265.0,NATGASMINI23OCT26265PE,4.65,250,SELL_AGGRESSOR,5711500,3227250
2026-10-01 23:02:32.908,NATGASMINI,PE,275.0,NATGASMINI23OCT26275PE,8.1,250,SELL_AGGRESSOR,4823250,749000
2026-10-01 23:02:32.908,NATGASMINI,CE,285.0,NATGASMINI23OCT26285CE,15.25,250,BUY_AGGRESSOR,10308250,977000
2026-10-01 23:02:32.908,NATGASMINI,PE,285.0,NATGASMINI23OCT26285PE,12.95,1250,SELL_AGGRESSOR,19143750,1353500
2026-10-01 23:02:32.908,NATGASMINI,CE,290.0,NATGASMINI23OCT26290CE,13.15,750,BUY_AGGRESSOR,24728750,3342750
2026-10-01 23:02:32.908,NATGASMINI,PE,290.0,NATGASMINI23OCT26290PE,15.75,1250,SELL_AGGRESSOR,18105750,1628500
2026-10-01 23:02:32.908,NATGASMINI,CE,295.0,NATGASMINI23OCT26295CE,11.35,2500,BUY_AGGRESSOR,11777000,1821250
2026-10-01 23:02:32.908,NATGASMINI,PE,295.0,NATGASMINI23OCT26295PE,18.9,1250,SELL_AGGRESSOR,5213750,809750
2026-10-01 23:02:32.908,NATGASMINI,CE,300.0,NATGASMINI23OCT26300CE,9.8,500,BUY_AGGRESSOR,12684250,3320500
2026-10-01 23:02:32.908,NATGASMINI,CE,305.0,NATGASMINI23OCT26305CE,8.45,1250,SELL,5907500,1716000
2026-10-01 23:02:32.908,NATGASMINI,PE,310.0,NATGASMINI23OCT26310PE,29.75,2000,SELL_AGGRESSOR,416500,668500
2026-10-01 23:02:36.737,NATURALGAS,PE,280.0,NATURALGAS23OCT26280PE,10.35,2500,SELL_AGGRESSOR,45458750,12350000
2026-10-01 23:02:36.737,NATURALGAS,CE,285.0,NATURALGAS23OCT26285CE,15.15,2500,SELL_AGGRESSOR,34337500,5223750
2026-10-01 23:02:36.737,NATGASMINI,FUT,0.0,NATGASMINI27OCT26FUT,287.5,250,BUY_AGGRESSOR,40104750,17246500
2026-10-01 23:02:36.737,NATGASMINI,CE,290.0,NATGASMINI23OCT26290CE,13.1,1500,SELL_AGGRESSOR,24730250,3341750
2026-10-01 23:02:36.737,NATGASMINI,CE,295.0,NATGASMINI23OCT26295CE,11.3,250,SELL_AGGRESSOR,11777250,1821250
2026-10-01 23:02:40.591,NATURALGAS,FUT,0.0,NATURALGAS27OCT26FUT,287.3,1250,SELL_AGGRESSOR,124758750,69238750
2026-10-01 23:02:40.591,NATURALGAS,PE,255.0,NATURALGAS23OCT26255PE,2.45,1250,SELL_AGGRESSOR,6977500,2031250
2026-10-01 23:02:40.591,NATURALGAS,PE,265.0,NATURALGAS23OCT26265PE,4.65,1250,BUY_AGGRESSOR,12628750,4433750
2026-10-01 23:02:40.591,NATURALGAS,PE,280.0,NATURALGAS23OCT26280PE,10.35,1250,SELL_AGGRESSOR,45460000,12348750
2026-10-01 23:02:40.591,NATURALGAS,PE,285.0,NATURALGAS23OCT26285PE,13.0,11250,BUY_AGGRESSOR,51423750,6183750
2026-10-01 23:02:40.591,NATURALGAS,CE,300.0,NATURALGAS23OCT26300CE,9.65,2500,SELL_AGGRESSOR,52650000,21102500
2026-10-01 23:02:40.591,NATGASMINI,CE,285.0,NATGASMINI23OCT26285CE,15.2,250,SELL_AGGRESSOR,10308500,977000
2026-10-01 23:02:44.370,NATURALGAS,PE,270.0,NATURALGAS23OCT26270PE,6.2,1250,BUY_AGGRESSOR,31792500,11630000
2026-10-01 23:02:44.370,NATURALGAS,CE,280.0,NATURALGAS23OCT26280CE,17.55,1250,SELL_AGGRESSOR,25821250,4478750
2026-10-01 23:02:44.370,NATURALGAS,CE,290.0,NATURALGAS23OCT26290CE,13.05,1250,BUY_AGGRESSOR,86551250,17698750
2026-10-01 23:02:44.370,NATURALGAS,PE,290.0,NATURALGAS23OCT26290PE,15.75,3750,SELL_AGGRESSOR,74558750,13257500
2026-10-01 23:02:44.370,NATURALGAS,CE,295.0,NATURALGAS23OCT26295CE,11.25,1250,SELL_AGGRESSOR,34643750,7213750
2026-10-01 23:02:44.370,NATURALGAS,CE,300.0,NATURALGAS23OCT26300CE,9.7,1250,BUY_AGGRESSOR,52651250,21101250
2026-10-01 23:02:44.370,NATGASMINI,FUT,0.0,NATGASMINI27OCT26FUT,287.5,1250,BUY_AGGRESSOR,40106000,17245250
2026-10-01 23:02:44.370,NATGASMINI,PE,270.0,NATGASMINI23OCT26270PE,6.2,2500,SELL_AGGRESSOR,4075500,992000
2026-10-01 23:02:44.370,NATGASMINI,CE,275.0,NATGASMINI23OCT26275CE,20.6,500,BUY_AGGRESSOR,1301750,85250
2026-10-01 23:02:44.370,NATGASMINI,PE,285.0,NATGASMINI23OCT26285PE,12.9,250,SELL_AGGRESSOR,19144000,1353500
2026-10-01 23:02:48.248,NATURALGAS,PE,280.0,NATURALGAS23OCT26280PE,10.35,1250,SELL_AGGRESSOR,45461250,12347500
2026-10-01 23:02:48.248,NATGASMINI,PE,285.0,NATGASMINI23OCT26285PE,12.9,3500,SELL_AGGRESSOR,19147500,1353500
2026-10-01 23:02:48.248,NATGASMINI,CE,300.0,NATGASMINI23OCT26300CE,9.8,250,BUY_AGGRESSOR,12684500,3324000
2026-10-01 23:02:48.248,NATGASMINI,PE,310.0,NATGASMINI23OCT26310PE,29.65,250,SELL_AGGRESSOR,416750,668250
2026-10-01 23:02:52.070,NATURALGAS,PE,275.0,NATURALGAS23OCT26275PE,8.1,1250,SELL_AGGRESSOR,17665000,3717500
2026-10-01 23:02:52.070,NATURALGAS,CE,290.0,NATURALGAS23OCT26290CE,13.05,1250,SELL_AGGRESSOR,86552500,17700000
2026-10-01 23:02:52.070,NATURALGAS,PE,290.0,NATURALGAS23OCT26290PE,15.8,1250,BUY_AGGRESSOR,74560000,13258750
2026-10-01 23:02:52.070,NATGASMINI,CE,275.0,NATGASMINI23OCT26275CE,20.5,1000,SELL_AGGRESSOR,1302750,84250
2026-10-01 23:02:52.070,NATGASMINI,PE,280.0,NATGASMINI23OCT26280PE,10.35,2250,SELL_AGGRESSOR,9498250,1368250
2026-10-01 23:02:52.070,NATGASMINI,PE,285.0,NATGASMINI23OCT26285PE,12.9,250,SELL_AGGRESSOR,19147750,1353500
2026-10-01 23:02:52.070,NATGASMINI,CE,290.0,NATGASMINI23OCT26290CE,13.2,500,BUY_AGGRESSOR,24730750,3342250
2026-10-01 23:02:55.903,NATURALGAS,PE,255.0,NATURALGAS23OCT26255PE,2.45,1250,SELL_AGGRESSOR,6978750,2031250
2026-10-01 23:02:55.903,NATURALGAS,PE,275.0,NATURALGAS23OCT26275PE,8.1,5000,BUY_AGGRESSOR,17670000,3722500
2026-10-01 23:02:55.903,NATURALGAS,CE,285.0,NATURALGAS23OCT26285CE,15.15,2500,SELL_AGGRESSOR,34340000,5222500
2026-10-01 23:02:55.903,NATURALGAS,CE,305.0,NATURALGAS23OCT26305CE,8.3,2500,SELL_AGGRESSOR,18468750,7995000
2026-10-01 23:02:55.903,NATGASMINI,PE,285.0,NATGASMINI23OCT26285PE,12.95,3250,BUY_AGGRESSOR,19151000,1353500
2026-10-01 23:02:55.903,NATGASMINI,CE,300.0,NATGASMINI23OCT26300CE,9.8,250,SELL_AGGRESSOR,12684750,3323750
2026-10-01 23:02:55.903,NATGASMINI,PE,300.0,NATGASMINI23OCT26300PE,22.15,750,SELL_AGGRESSOR,2992500,1053500
2026-10-01 23:02:59.720,NATURALGAS,FUT,0.0,NATURALGAS27OCT26FUT,287.2,38750,SELL_AGGRESSOR,124797500,69236250
2026-10-01 23:02:59.720,NATURALGAS,PE,260.0,NATURALGAS23OCT26260PE,3.45,35000,BUY_AGGRESSOR,26977500,10765000
2026-10-01 23:02:59.720,NATURALGAS,PE,265.0,NATURALGAS23OCT26265PE,4.65,7500,BUY_AGGRESSOR,12636250,4433750
2026-10-01 23:02:59.720,NATURALGAS,PE,275.0,NATURALGAS23OCT26275PE,8.05,38750,SELL_AGGRESSOR,17708750,3721250
2026-10-01 23:02:59.720,NATURALGAS,CE,285.0,NATURALGAS23OCT26285CE,15.2,10000,BUY_AGGRESSOR,34350000,5221250
2026-10-01 23:02:59.720,NATURALGAS,PE,285.0,NATURALGAS23OCT26285PE,13.0,10000,BUY_AGGRESSOR,51433750,6181250
2026-10-01 23:02:59.720,NATURALGAS,CE,305.0,NATURALGAS23OCT26305CE,8.3,10000,SELL_AGGRESSOR,18478750,7985000
2026-10-01 23:02:59.720,NATGASMINI,FUT,0.0,NATGASMINI27OCT26FUT,287.5,250,SELL_AGGRESSOR,40106250,17245000
2026-10-01 23:02:59.720,NATGASMINI,PE,265.0,NATGASMINI23OCT26265PE,4.65,1750,SELL_AGGRESSOR,5713250,3227250
2026-10-01 23:02:59.720,NATGASMINI,PE,280.0,NATGASMINI23OCT26280PE,10.35,2750,BUY_AGGRESSOR,9501000,1365500
2026-10-01 23:02:59.720,NATGASMINI,CE,290.0,NATGASMINI23OCT26290CE,13.2,3250,BUY_AGGRESSOR,24734000,3344750
2026-10-01 23:02:59.720,NATGASMINI,CE,300.0,NATGASMINI23OCT26300CE,9.85,1250,BUY_AGGRESSOR,12686000,3325000
2026-10-01 23:02:59.720,NATGASMINI,PE,300.0,NATGASMINI23OCT26300PE,22.3,250,BUY_AGGRESSOR,2992750,1053750
2026-10-01 23:02:59.720,NATGASMINI,PE,315.0,NATGASMINI23OCT26315PE,33.6,250,BUY_AGGRESSOR,104750,252250
2026-10-01 23:03:03.579,NATURALGAS,FUT,0.0,NATURALGAS27OCT26FUT,287.4,2500,BUY_AGGRESSOR,124800000,69202500
2026-10-01 23:03:03.579,NATURALGAS,PE,270.0,NATURALGAS23OCT26270PE,6.15,1250,SELL_AGGRESSOR,31793750,11628750
2026-10-01 23:03:03.579,NATURALGAS,CE,285.0,NATURALGAS23OCT26285CE,15.15,6250,SELL,34356250,5218750
2026-10-01 23:03:03.579,NATURALGAS,CE,290.0,NATURALGAS23OCT26290CE,13.05,1250,SELL_AGGRESSOR,86553750,17700000
2026-10-01 23:03:03.579,NATURALGAS,CE,295.0,NATURALGAS23OCT26295CE,11.3,1250,BUY_AGGRESSOR,34645000,7213750
2026-10-01 23:03:03.579,NATURALGAS,CE,310.0,NATURALGAS23OCT26310CE,7.2,2500,SELL_AGGRESSOR,31102500,11683750
2026-10-01 23:03:03.579,NATGASMINI,FUT,0.0,NATGASMINI27OCT26FUT,287.4,500,SELL_AGGRESSOR,40106750,17244500
2026-10-01 23:03:03.579,NATGASMINI,PE,280.0,NATGASMINI23OCT26280PE,10.4,250,BUY_AGGRESSOR,9501250,1365500
2026-10-01 23:03:03.579,NATGASMINI,PE,285.0,NATGASMINI23OCT26285PE,13.0,1500,BUY_AGGRESSOR,19152500,1352500
2026-10-01 23:03:03.579,NATGASMINI,CE,300.0,NATGASMINI23OCT26300CE,9.85,250,BUY_AGGRESSOR,12686250,3325250
2026-10-01 23:03:07.399,NATURALGAS,PE,270.0,NATURALGAS23OCT26270PE,6.15,1250,SELL_AGGRESSOR,31795000,11628750
2026-10-01 23:03:07.399,NATURALGAS,PE,285.0,NATURALGAS23OCT26285PE,12.9,3750,SELL_AGGRESSOR,51437500,6177500
2026-10-01 23:03:07.399,NATURALGAS,CE,290.0,NATURALGAS23OCT26290CE,13.1,2500,BUY_AGGRESSOR,86556250,17700000
2026-10-01 23:03:11.280,NATURALGAS,CE,285.0,NATURALGAS23OCT26285CE,15.15,1250,BUY_AGGRESSOR,34357500,5218750
2026-10-01 23:03:11.280,NATURALGAS,PE,285.0,NATURALGAS23OCT26285PE,13.0,1250,BUY_AGGRESSOR,51438750,6177500
2026-10-01 23:03:11.280,NATURALGAS,CE,290.0,NATURALGAS23OCT26290CE,13.1,12500,BUY_AGGRESSOR,86568750,17700000
2026-10-01 23:03:11.280,NATURALGAS,CE,305.0,NATURALGAS23OCT26305CE,8.3,1250,INSIDE,18480000,7983750
2026-10-01 23:03:11.280,NATGASMINI,CE,285.0,NATGASMINI23OCT26285CE,15.2,250,SELL_AGGRESSOR,10308750,977000
2026-10-01 23:03:11.280,NATGASMINI,CE,290.0,NATGASMINI23OCT26290CE,13.1,500,SELL_AGGRESSOR,24734500,3344750
2026-10-01 23:03:15.134,NATURALGAS,FUT,0.0,NATURALGAS27OCT26FUT,287.3,5000,SELL_AGGRESSOR,124805000,69202500
2026-10-01 23:03:15.134,NATURALGAS,CE,290.0,NATURALGAS23OCT26290CE,13.05,1250,SELL_AGGRESSOR,86570000,17701250
2026-10-01 23:03:15.134,NATURALGAS,CE,315.0,NATURALGAS23OCT26315CE,6.2,1250,SELL_AGGRESSOR,11317500,3506250
2026-10-01 23:03:15.134,NATGASMINI,FUT,0.0,NATGASMINI27OCT26FUT,287.5,1000,BUY_AGGRESSOR,40107750,17244000
2026-10-01 23:03:15.134,NATGASMINI,PE,275.0,NATGASMINI23OCT26275PE,8.05,1500,SELL_AGGRESSOR,4824750,749000
2026-10-01 23:03:15.134,NATGASMINI,PE,280.0,NATGASMINI23OCT26280PE,10.3,4500,SELL_AGGRESSOR,9505750,1365500
2026-10-01 23:03:15.134,NATGASMINI,CE,285.0,NATGASMINI23OCT26285CE,15.2,3000,SELL_AGGRESSOR,10311750,974000
2026-10-01 23:03:15.134,NATGASMINI,PE,295.0,NATGASMINI23OCT26295PE,18.9,1250,INSIDE,5215000,809500
2026-10-01 23:03:15.134,NATGASMINI,CE,300.0,NATGASMINI23OCT26300CE,9.8,1250,SELL_AGGRESSOR,12687500,3325250
2026-10-01 23:03:18.998,NATURALGAS,FUT,0.0,NATURALGAS27OCT26FUT,287.4,3750,BUY_AGGRESSOR,124808750,69202500
2026-10-01 23:03:18.998,NATURALGAS,PE,270.0,NATURALGAS23OCT26270PE,6.25,13750,BUY_AGGRESSOR,31808750,11632500
2026-10-01 23:03:18.998,NATURALGAS,PE,280.0,NATURALGAS23OCT26280PE,10.4,1250,BUY_AGGRESSOR,45462500,12347500
2026-10-01 23:03:18.998,NATGASMINI,PE,280.0,NATGASMINI23OCT26280PE,10.35,250,BUY,9506000,1365750
2026-10-01 23:03:18.998,NATGASMINI,CE,295.0,NATGASMINI23OCT26295CE,11.3,500,SELL_AGGRESSOR,11777750,1821250
2026-10-01 23:03:18.998,NATGASMINI,CE,300.0,NATGASMINI23OCT26300CE,9.8,250,SELL_AGGRESSOR,12687750,3325250
2026-10-01 23:03:22.828,NATURALGAS,FUT,0.0,NATURALGAS27OCT26FUT,287.4,1250,BUY_AGGRESSOR,124810000,69203750
2026-10-01 23:03:22.828,NATURALGAS,PE,280.0,NATURALGAS23OCT26280PE,10.4,23750,BUY_AGGRESSOR,45486250,12347500
2026-10-01 23:03:22.828,NATURALGAS,PE,285.0,NATURALGAS23OCT26285PE,12.9,1250,SELL_AGGRESSOR,51440000,6176250
2026-10-01 23:03:22.828,NATURALGAS,CE,290.0,NATURALGAS23OCT26290CE,13.05,46250,SELL_AGGRESSOR,86616250,17701250
2026-10-01 23:03:22.828,NATURALGAS,PE,290.0,NATURALGAS23OCT26290PE,15.8,8750,INSIDE,74568750,13258750
2026-10-01 23:03:22.828,NATURALGAS,CE,315.0,NATURALGAS23OCT26315CE,6.2,6250,SELL_AGGRESSOR,11323750,3506250
2026-10-01 23:03:22.828,NATGASMINI,CE,305.0,NATGASMINI23OCT26305CE,8.45,750,SELL_AGGRESSOR,5908250,1716000
2026-10-01 23:03:26.670,NATURALGAS,FUT,0.0,NATURALGAS27OCT26FUT,287.3,2500,SELL_AGGRESSOR,124812500,69203750
2026-10-01 23:03:26.670,NATURALGAS,PE,285.0,NATURALGAS23OCT26285PE,12.9,2500,SELL_AGGRESSOR,51442500,6173750
2026-10-01 23:03:26.670,NATURALGAS,CE,295.0,NATURALGAS23OCT26295CE,11.2,1250,SELL_AGGRESSOR,34646250,7212500
2026-10-01 23:03:26.670,NATGASMINI,FUT,0.0,NATGASMINI27OCT26FUT,287.4,1750,SELL_AGGRESSOR,40109500,17242250
2026-10-01 23:03:26.670,NATGASMINI,CE,285.0,NATGASMINI23OCT26285CE,15.2,250,SELL_AGGRESSOR,10312000,974000
2026-10-01 23:03:26.670,NATGASMINI,CE,295.0,NATGASMINI23OCT26295CE,11.3,3000,SELL_AGGRESSOR,11780750,1819250
2026-10-01 23:03:30.550,NATURALGAS,FUT,0.0,NATURALGAS27OCT26FUT,287.2,2500,SELL_AGGRESSOR,124815000,69203750
2026-10-01 23:03:30.550,NATGASMINI,PE,290.0,NATGASMINI23OCT26290PE,15.75,500,SELL_AGGRESSOR,18106250,1628500
2026-10-01 23:03:34.382,NATURALGAS,FUT,0.0,NATURALGAS27OCT26FUT,287.4,2500,BUY_AGGRESSOR,124817500,69203750
2026-10-01 23:03:34.382,NATURALGAS,PE,285.0,NATURALGAS23OCT26285PE,12.9,6250,SELL_AGGRESSOR,51448750,6167500
2026-10-01 23:03:34.382,NATURALGAS,CE,300.0,NATURALGAS23OCT26300CE,9.65,5000,SELL_AGGRESSOR,52656250,21097500
2026-10-01 23:03:34.382,NATGASMINI,CE,280.0,NATGASMINI23OCT26280CE,17.7,500,SELL_AGGRESSOR,3721750,413000
2026-10-01 23:03:34.382,NATGASMINI,PE,280.0,NATGASMINI23OCT26280PE,10.4,1250,BUY_AGGRESSOR,9507250,1365750
2026-10-01 23:03:34.382,NATGASMINI,CE,285.0,NATGASMINI23OCT26285CE,15.2,500,SELL_AGGRESSOR,10312500,973500
2026-10-01 23:03:34.382,NATGASMINI,PE,290.0,NATGASMINI23OCT26290PE,15.85,750,BUY_AGGRESSOR,18107000,1628000
2026-10-01 23:03:38.245,NATURALGAS,FUT,0.0,NATURALGAS27OCT26FUT,287.2,55000,SELL_AGGRESSOR,124872500,69197500
2026-10-01 23:03:38.245,NATURALGAS,PE,260.0,NATURALGAS23OCT26260PE,3.45,1250,INSIDE,26978750,10763750
2026-10-01 23:03:38.245,NATURALGAS,PE,265.0,NATURALGAS23OCT26265PE,4.7,1250,BUY_AGGRESSOR,12637500,4433750
2026-10-01 23:03:38.245,NATURALGAS,CE,270.0,NATURALGAS23OCT26270CE,23.35,6250,SELL_AGGRESSOR,3010000,1071250
2026-10-01 23:03:38.245,NATURALGAS,CE,275.0,NATURALGAS23OCT26275CE,20.3,10000,SELL_AGGRESSOR,3736250,418750
2026-10-01 23:03:38.245,NATURALGAS,PE,275.0,NATURALGAS23OCT26275PE,8.15,25000,BUY_AGGRESSOR,17733750,3682500
2026-10-01 23:03:38.245,NATURALGAS,CE,280.0,NATURALGAS23OCT26280CE,17.45,21250,SELL_AGGRESSOR,25842500,4486250
2026-10-01 23:03:38.245,NATURALGAS,PE,280.0,NATURALGAS23OCT26280PE,10.4,22500,BUY_AGGRESSOR,45508750,12385000
2026-10-01 23:03:38.245,NATURALGAS,CE,285.0,NATURALGAS23OCT26285CE,15.0,16250,SELL_AGGRESSOR,34373750,5223750
2026-10-01 23:03:38.245,NATURALGAS,PE,285.0,NATURALGAS23OCT26285PE,13.05,121250,BUY_AGGRESSOR,51570000,6150000
2026-10-01 23:03:38.245,NATURALGAS,CE,290.0,NATURALGAS23OCT26290CE,13.0,80000,SELL_AGGRESSOR,86696250,17697500
2026-10-01 23:03:38.245,NATURALGAS,PE,290.0,NATURALGAS23OCT26290PE,15.9,3750,BUY_AGGRESSOR,74572500,13257500
2026-10-01 23:03:38.245,NATURALGAS,CE,295.0,NATURALGAS23OCT26295CE,11.2,11250,SELL_AGGRESSOR,34657500,7213750
2026-10-01 23:03:38.245,NATURALGAS,PE,295.0,NATURALGAS23OCT26295PE,19.0,6250,BUY_AGGRESSOR,15121250,5492500
2026-10-01 23:03:38.245,NATURALGAS,CE,300.0,NATURALGAS23OCT26300CE,9.65,88750,SELL_AGGRESSOR,52745000,21093750
2026-10-01 23:03:38.245,NATURALGAS,PE,300.0,NATURALGAS23OCT26300PE,22.45,6250,BUY_AGGRESSOR,13562500,13910000
2026-10-01 23:03:38.245,NATURALGAS,CE,305.0,NATURALGAS23OCT26305CE,8.25,50000,SELL_AGGRESSOR,18530000,7976250
2026-10-01 23:03:38.245,NATURALGAS,CE,310.0,NATURALGAS23OCT26310CE,7.15,37500,SELL_AGGRESSOR,31140000,11658750
2026-10-01 23:03:38.245,NATURALGAS,PE,310.0,NATURALGAS23OCT26310PE,30.0,1250,BUY_AGGRESSOR,2273750,4566250
2026-10-01 23:03:38.245,NATGASMINI,FUT,0.0,NATGASMINI27OCT26FUT,287.4,36750,SELL_AGGRESSOR,40146250,17232000
2026-10-01 23:03:38.245,NATGASMINI,PE,260.0,NATGASMINI23OCT26260PE,3.5,250,BUY_AGGRESSOR,2401000,868500
2026-10-01 23:03:38.245,NATGASMINI,PE,265.0,NATGASMINI23OCT26265PE,4.7,3500,BUY_AGGRESSOR,5716750,3227250
2026-10-01 23:03:38.245,NATGASMINI,CE,270.0,NATGASMINI23OCT26270CE,23.55,250,SELL_AGGRESSOR,711750,152750
2026-10-01 23:03:38.245,NATGASMINI,PE,270.0,NATGASMINI23OCT26270PE,6.25,1500,BUY_AGGRESSOR,4077000,991750
2026-10-01 23:03:38.245,NATGASMINI,CE,275.0,NATGASMINI23OCT26275CE,20.45,500,SELL_AGGRESSOR,1303250,84250
2026-10-01 23:03:38.245,NATGASMINI,PE,275.0,NATGASMINI23OCT26275PE,8.15,3750,BUY_AGGRESSOR,4828500,749000
2026-10-01 23:03:38.245,NATGASMINI,CE,280.0,NATGASMINI23OCT26280CE,17.7,2250,SELL_AGGRESSOR,3724000,413000
2026-10-01 23:03:38.245,NATGASMINI,PE,280.0,NATGASMINI23OCT26280PE,10.4,3000,BUY_AGGRESSOR,9510250,1365750
2026-10-01 23:03:38.245,NATGASMINI,CE,285.0,NATGASMINI23OCT26285CE,15.2,5500,SELL_AGGRESSOR,10318000,972250
2026-10-01 23:03:38.245,NATGASMINI,PE,285.0,NATGASMINI23OCT26285PE,13.0,1750,BUY_AGGRESSOR,19154250,1352500
2026-10-01 23:03:38.245,NATGASMINI,CE,290.0,NATGASMINI23OCT26290CE,13.1,24000,SELL_AGGRESSOR,24758500,3344750
2026-10-01 23:03:38.245,NATGASMINI,PE,290.0,NATGASMINI23OCT26290PE,15.85,1750,BUY_AGGRESSOR,18108750,1628000
2026-10-01 23:03:38.245,NATGASMINI,CE,295.0,NATGASMINI23OCT26295CE,11.3,6250,SELL_AGGRESSOR,11787000,1819000
2026-10-01 23:03:38.245,NATGASMINI,CE,300.0,NATGASMINI23OCT26300CE,9.75,2500,SELL_AGGRESSOR,12690250,3325250
2026-10-01 23:03:38.245,NATGASMINI,PE,300.0,NATGASMINI23OCT26300PE,22.3,500,BUY_AGGRESSOR,2993250,1053750
2026-10-01 23:03:38.245,NATGASMINI,PE,305.0,NATGASMINI23OCT26305PE,25.9,1750,BUY_AGGRESSOR,572250,391750
2026-10-01 23:03:38.245,NATGASMINI,CE,310.0,NATGASMINI23OCT26310CE,7.3,2750,SELL_AGGRESSOR,5048750,1880250
2026-10-01 23:03:42.088,NATURALGAS,FUT,0.0,NATURALGAS27OCT26FUT,287.1,10000,SELL_AGGRESSOR,124882500,69218750
2026-10-01 23:03:42.088,NATURALGAS,CE,275.0,NATURALGAS23OCT26275CE,20.3,1250,BUY_AGGRESSOR,3737500,420000
2026-10-01 23:03:42.088,NATURALGAS,PE,280.0,NATURALGAS23OCT26280PE,10.45,5000,BUY_AGGRESSOR,45513750,12382500
2026-10-01 23:03:42.088,NATURALGAS,PE,285.0,NATURALGAS23OCT26285PE,12.95,2500,SELL_AGGRESSOR,51572500,6090000
2026-10-01 23:03:42.088,NATURALGAS,CE,290.0,NATURALGAS23OCT26290CE,13.0,1250,BUY_AGGRESSOR,86697500,17637500
2026-10-01 23:03:42.088,NATURALGAS,CE,310.0,NATURALGAS23OCT26310CE,7.15,1250,SELL_AGGRESSOR,31141250,11657500
2026-10-01 23:03:42.088,NATGASMINI,FUT,0.0,NATGASMINI27OCT26FUT,287.3,8250,SELL,40154500,17217000
2026-10-01 23:03:42.088,NATGASMINI,CE,300.0,NATGASMINI23OCT26300CE,9.7,1500,SELL_AGGRESSOR,12691750,3323750
2026-10-01 23:03:42.088,NATGASMINI,CE,305.0,NATGASMINI23OCT26305CE,8.4,3000,SELL_AGGRESSOR,5911250,1713250
2026-10-01 23:03:42.088,NATGASMINI,CE,315.0,NATGASMINI23OCT26315CE,6.3,250,SELL_AGGRESSOR,2638500,1305750
2026-10-01 23:03:45.977,NATURALGAS,CE,280.0,NATURALGAS23OCT26280CE,17.5,5000,BUY_AGGRESSOR,25847500,4497500
2026-10-01 23:03:45.977,NATURALGAS,CE,285.0,NATURALGAS23OCT26285CE,15.05,1250,BUY_AGGRESSOR,34375000,5226250
2026-10-01 23:03:45.977,NATURALGAS,PE,285.0,NATURALGAS23OCT26285PE,13.05,12500,BUY_AGGRESSOR,51585000,6100000
2026-10-01 23:03:45.977,NATGASMINI,FUT,0.0,NATGASMINI27OCT26FUT,287.2,250,SELL_AGGRESSOR,40154750,17217250
2026-10-01 23:03:45.977,NATGASMINI,PE,275.0,NATGASMINI23OCT26275PE,8.1,250,SELL_AGGRESSOR,4828750,747250
2026-10-01 23:03:45.977,NATGASMINI,PE,290.0,NATGASMINI23OCT26290PE,15.8,250,SELL_AGGRESSOR,18109000,1626250
2026-10-01 23:03:45.977,NATGASMINI,CE,300.0,NATGASMINI23OCT26300CE,9.7,250,SELL_AGGRESSOR,12692000,3323500
2026-10-01 23:03:49.831,NATURALGAS,CE,275.0,NATURALGAS23OCT26275CE,20.25,6250,SELL,3743750,425000
2026-10-01 23:03:49.831,NATURALGAS,CE,285.0,NATURALGAS23OCT26285CE,15.0,1250,SELL_AGGRESSOR,34376250,5226250
2026-10-01 23:03:49.831,NATURALGAS,PE,285.0,NATURALGAS23OCT26285PE,13.0,1250,SELL,51586250,6100000
2026-10-01 23:03:49.831,NATURALGAS,CE,290.0,NATURALGAS23OCT26290CE,12.95,1250,SELL_AGGRESSOR,86698750,17637500
2026-10-01 23:03:49.831,NATURALGAS,CE,310.0,NATURALGAS23OCT26310CE,7.15,1250,SELL_AGGRESSOR,31142500,11656250
2026-10-01 23:03:49.831,NATGASMINI,FUT,0.0,NATGASMINI27OCT26FUT,287.3,500,BUY_AGGRESSOR,40155250,17217250
2026-10-01 23:03:49.831,NATGASMINI,PE,255.0,NATGASMINI23OCT26255PE,2.55,250,BUY_AGGRESSOR,665250,141000
2026-10-01 23:03:49.831,NATGASMINI,PE,265.0,NATGASMINI23OCT26265PE,4.65,250,SELL_AGGRESSOR,5717000,3225750
2026-10-01 23:03:49.831,NATGASMINI,CE,290.0,NATGASMINI23OCT26290CE,13.05,750,SELL_AGGRESSOR,24759250,3344250
2026-10-01 23:03:49.831,NATGASMINI,PE,295.0,NATGASMINI23OCT26295PE,19.0,250,BUY_AGGRESSOR,5215250,809250
2026-10-01 23:03:53.713,NATURALGAS,PE,300.0,NATURALGAS23OCT26300PE,22.4,6250,SELL_AGGRESSOR,13568750,13903750
2026-10-01 23:03:53.713,NATURALGAS,CE,315.0,NATURALGAS23OCT26315CE,6.2,2500,BUY_AGGRESSOR,11326250,3508750
2026-10-01 23:03:53.713,NATGASMINI,PE,270.0,NATGASMINI23OCT26270PE,6.25,1250,SELL_AGGRESSOR,4078250,990500
2026-10-01 23:03:53.713,NATGASMINI,CE,285.0,NATGASMINI23OCT26285CE,15.1,1250,SELL_AGGRESSOR,10319250,971500
2026-10-01 23:03:53.713,NATGASMINI,PE,285.0,NATGASMINI23OCT26285PE,13.05,250,BUY_AGGRESSOR,19154500,1352000
2026-10-01 23:03:53.713,NATGASMINI,CE,290.0,NATGASMINI23OCT26290CE,13.1,250,BUY_AGGRESSOR,24759500,3344500
2026-10-01 23:03:57.573,NATURALGAS,FUT,0.0,NATURALGAS27OCT26FUT,287.1,6250,SELL_AGGRESSOR,124888750,69218750
2026-10-01 23:03:57.573,NATURALGAS,CE,260.0,NATURALGAS23OCT26260CE,30.5,1250,SELL_AGGRESSOR,297500,215000
2026-10-01 23:03:57.573,NATURALGAS,PE,260.0,NATURALGAS23OCT26260PE,3.5,1250,BUY_AGGRESSOR,26980000,10765000
2026-10-01 23:03:57.573,NATURALGAS,PE,275.0,NATURALGAS23OCT26275PE,8.15,46250,BUY_AGGRESSOR,17780000,3680000
2026-10-01 23:03:57.573,NATURALGAS,PE,290.0,NATURALGAS23OCT26290PE,15.85,7500,SELL_AGGRESSOR,74580000,13250000
2026-10-01 23:03:57.573,NATURALGAS,CE,295.0,NATURALGAS23OCT26295CE,11.2,1250,SELL_AGGRESSOR,34658750,7213750
2026-10-01 23:03:57.573,NATURALGAS,PE,300.0,NATURALGAS23OCT26300PE,22.5,11250,BUY_AGGRESSOR,13580000,13903750
2026-10-01 23:03:57.573,NATURALGAS,CE,310.0,NATURALGAS23OCT26310CE,7.15,2500,SELL_AGGRESSOR,31145000,11655000
2026-10-01 23:03:57.573,NATGASMINI,FUT,0.0,NATGASMINI27OCT26FUT,287.3,250,BUY_AGGRESSOR,40155500,17217500
2026-10-01 23:03:57.573,NATGASMINI,CE,285.0,NATGASMINI23OCT26285CE,15.1,250,SELL_AGGRESSOR,10319500,971500
2026-10-01 23:03:57.573,NATGASMINI,CE,290.0,NATGASMINI23OCT26290CE,13.05,1250,SELL_AGGRESSOR,24760750,3344000
2026-10-01 23:03:57.573,NATGASMINI,PE,295.0,NATGASMINI23OCT26295PE,19.0,3250,BUY_AGGRESSOR,5218500,806000
2026-10-01 23:03:57.573,NATGASMINI,PE,300.0,NATGASMINI23OCT26300PE,22.35,250,BUY_AGGRESSOR,2993500,1053500
2026-10-01 23:03:57.573,NATGASMINI,CE,305.0,NATGASMINI23OCT26305CE,8.45,500,BUY_AGGRESSOR,5911750,1713750
2026-10-01 23:04:01.442,NATURALGAS,FUT,0.0,NATURALGAS27OCT26FUT,287.1,1250,SELL_AGGRESSOR,124890000,69220000
2026-10-01 23:04:01.442,NATURALGAS,PE,275.0,NATURALGAS23OCT26275PE,8.2,1250,BUY_AGGRESSOR,17781250,3681250
2026-10-01 23:04:01.442,NATURALGAS,PE,280.0,NATURALGAS23OCT26280PE,10.45,15000,SELL_AGGRESSOR,45528750,12376250
2026-10-01 23:04:01.442,NATURALGAS,CE,285.0,NATURALGAS23OCT26285CE,15.05,1250,BUY_AGGRESSOR,34377500,5227500
2026-10-01 23:04:01.442,NATURALGAS,CE,290.0,NATURALGAS23OCT26290CE,13.0,11250,BUY_AGGRESSOR,86710000,17632500
2026-10-01 23:04:01.442,NATURALGAS,PE,300.0,NATURALGAS23OCT26300PE,22.55,5000,BUY_AGGRESSOR,13585000,13903750
2026-10-01 23:04:01.442,NATGASMINI,FUT,0.0,NATGASMINI27OCT26FUT,287.2,10500,SELL_AGGRESSOR,40166000,17215500
2026-10-01 23:04:01.442,NATGASMINI,PE,265.0,NATGASMINI23OCT26265PE,4.7,250,BUY_AGGRESSOR,5717250,3225750
2026-10-01 23:04:01.442,NATGASMINI,CE,285.0,NATGASMINI23OCT26285CE,15.1,2500,SELL_AGGRESSOR,10322000,971500
2026-10-01 23:04:01.442,NATGASMINI,PE,295.0,NATGASMINI23OCT26295PE,19.0,500,SELL_AGGRESSOR,5219000,806000
2026-10-01 23:04:01.442,NATGASMINI,CE,300.0,NATGASMINI23OCT26300CE,9.7,250,SELL_AGGRESSOR,12692250,3323250
2026-10-01 23:04:05.368,NATURALGAS,FUT,0.0,NATURALGAS27OCT26FUT,287.2,1250,BUY_AGGRESSOR,124891250,69221250
2026-10-01 23:04:05.368,NATURALGAS,CE,275.0,NATURALGAS23OCT26275CE,20.2,1250,SELL_AGGRESSOR,3745000,423750
2026-10-01 23:04:05.368,NATURALGAS,PE,290.0,NATURALGAS23OCT26290PE,15.85,1250,SELL_AGGRESSOR,74581250,13248750
2026-10-01 23:04:05.368,NATURALGAS,PE,295.0,NATURALGAS23OCT26295PE,19.1,1250,BUY_AGGRESSOR,15122500,5491250
2026-10-01 23:04:05.368,NATGASMINI,FUT,0.0,NATGASMINI27OCT26FUT,287.2,1000,SELL_AGGRESSOR,40167000,17216000
2026-10-01 23:04:05.368,NATGASMINI,PE,280.0,NATGASMINI23OCT26280PE,10.4,250,SELL_AGGRESSOR,9510500,1366250
2026-10-01 23:04:05.368,NATGASMINI,CE,285.0,NATGASMINI23OCT26285CE,15.1,1250,SELL_AGGRESSOR,10323250,972750
2026-10-01 23:04:05.368,NATGASMINI,PE,290.0,NATGASMINI23OCT26290PE,15.8,250,SELL_AGGRESSOR,18109250,1626000
2026-10-01 23:04:05.368,NATGASMINI,CE,310.0,NATGASMINI23OCT26310CE,7.3,250,BUY_AGGRESSOR,5049000,1882250
2026-10-01 23:04:09.245,NATURALGAS,FUT,0.0,NATURALGAS27OCT26FUT,287.1,2500,SELL_AGGRESSOR,124893750,69221250
2026-10-01 23:04:09.245,NATURALGAS,PE,265.0,NATURALGAS23OCT26265PE,4.7,1250,BUY_AGGRESSOR,12638750,4433750
2026-10-01 23:04:09.245,NATURALGAS,PE,290.0,NATURALGAS23OCT26290PE,15.9,56250,BUY_AGGRESSOR,74637500,13205000
2026-10-01 23:04:09.245,NATURALGAS,CE,295.0,NATURALGAS23OCT26295CE,11.2,2500,SELL_AGGRESSOR,34661250,7213750
2026-10-01 23:04:09.245,NATURALGAS,CE,305.0,NATURALGAS23OCT26305CE,8.25,1250,SELL_AGGRESSOR,18531250,7937500
2026-10-01 23:04:09.245,NATGASMINI,FUT,0.0,NATGASMINI27OCT26FUT,287.2,250,SELL_AGGRESSOR,40167250,17216250
2026-10-01 23:04:09.245,NATGASMINI,PE,265.0,NATGASMINI23OCT26265PE,4.7,250,BUY_AGGRESSOR,5717500,3225750
2026-10-01 23:04:09.245,NATGASMINI,CE,280.0,NATGASMINI23OCT26280CE,17.6,500,SELL_AGGRESSOR,3724500,410500
2026-10-01 23:04:09.245,NATGASMINI,CE,285.0,NATGASMINI23OCT26285CE,15.1,1750,SELL_AGGRESSOR,10325000,972750
2026-10-01 23:04:09.245,NATGASMINI,PE,290.0,NATGASMINI23OCT26290PE,15.9,1250,BUY_AGGRESSOR,18110500,1624750
2026-10-01 23:04:09.245,NATGASMINI,CE,310.0,NATGASMINI23OCT26310CE,7.25,250,SELL_AGGRESSOR,5049250,1882000
2026-10-01 23:04:09.245,NATGASMINI,CE,315.0,NATGASMINI23OCT26315CE,6.3,2750,SELL_AGGRESSOR,2641250,1305500
2026-10-01 23:04:13.118,NATURALGAS,FUT,0.0,NATURALGAS27OCT26FUT,287.1,11250,SELL_AGGRESSOR,124905000,69222500
2026-10-01 23:04:13.118,NATURALGAS,PE,280.0,NATURALGAS23OCT26280PE,10.5,1250,BUY_AGGRESSOR,45530000,12376250
2026-10-01 23:04:13.118,NATURALGAS,PE,285.0,NATURALGAS23OCT26285PE,13.05,1250,BUY_AGGRESSOR,51587500,6098750
2026-10-01 23:04:13.118,NATURALGAS,CE,290.0,NATURALGAS23OCT26290CE,12.95,13750,SELL_AGGRESSOR,86723750,17628750
2026-10-01 23:04:13.118,NATURALGAS,CE,300.0,NATURALGAS23OCT26300CE,9.6,2500,SELL_AGGRESSOR,52747500,21053750
2026-10-01 23:04:13.118,NATGASMINI,FUT,0.0,NATGASMINI27OCT26FUT,287.2,1750,SELL_AGGRESSOR,40169000,17216500
2026-10-01 23:04:13.118,NATGASMINI,CE,290.0,NATGASMINI23OCT26290CE,13.05,2000,SELL_AGGRESSOR,24762750,3346000
2026-10-01 23:04:13.118,NATGASMINI,CE,295.0,NATGASMINI23OCT26295CE,11.25,1000,SELL_AGGRESSOR,11788000,1813000
2026-10-01 23:04:16.939,NATURALGAS,FUT,0.0,NATURALGAS27OCT26FUT,287.1,1250,SELL_AGGRESSOR,124906250,69222500
2026-10-01 23:04:16.939,NATURALGAS,CE,290.0,NATURALGAS23OCT26290CE,12.95,6250,SELL_AGGRESSOR,86730000,17630000
2026-10-01 23:04:16.939,NATURALGAS,PE,290.0,NATURALGAS23OCT26290PE,15.9,3750,SELL_AGGRESSOR,74641250,13205000
2026-10-01 23:04:16.939,NATURALGAS,CE,295.0,NATURALGAS23OCT26295CE,11.15,1250,SELL_AGGRESSOR,34662500,7212500
2026-10-01 23:04:16.939,NATURALGAS,CE,305.0,NATURALGAS23OCT26305CE,8.2,16250,SELL_AGGRESSOR,18547500,7937500
2026-10-01 23:04:16.939,NATGASMINI,FUT,0.0,NATGASMINI27OCT26FUT,287.1,1000,SELL_AGGRESSOR,40170000,17216500
2026-10-01 23:04:16.939,NATGASMINI,CE,275.0,NATGASMINI23OCT26275CE,20.3,1250,SELL_AGGRESSOR,1304500,83000
2026-10-01 23:04:16.939,NATGASMINI,CE,280.0,NATGASMINI23OCT26280CE,17.6,250,SELL_AGGRESSOR,3724750,410250
2026-10-01 23:04:16.939,NATGASMINI,CE,290.0,NATGASMINI23OCT26290CE,13.1,750,BUY_AGGRESSOR,24763500,3346750
2026-10-01 23:04:16.939,NATGASMINI,CE,295.0,NATGASMINI23OCT26295CE,11.3,250,BUY_AGGRESSOR,11788250,1813000
2026-10-01 23:04:20.847,NATURALGAS,FUT,0.0,NATURALGAS27OCT26FUT,287.2,3750,BUY_AGGRESSOR,124910000,69223750
2026-10-01 23:04:20.847,NATURALGAS,PE,275.0,NATURALGAS23OCT26275PE,8.2,1250,BUY_AGGRESSOR,17782500,3682500
2026-10-01 23:04:20.847,NATURALGAS,PE,285.0,NATURALGAS23OCT26285PE,13.0,5000,SELL_AGGRESSOR,51592500,6101250
2026-10-01 23:04:20.847,NATURALGAS,CE,305.0,NATURALGAS23OCT26305CE,8.2,60000,SELL_AGGRESSOR,18607500,7988750
2026-10-01 23:04:20.847,NATURALGAS,CE,315.0,NATURALGAS23OCT26315CE,6.15,1250,SELL_AGGRESSOR,11327500,3510000
2026-10-01 23:04:20.847,NATGASMINI,FUT,0.0,NATGASMINI27OCT26FUT,287.1,750,SELL_AGGRESSOR,40170750,17217250
2026-10-01 23:04:20.847,NATGASMINI,PE,260.0,NATGASMINI23OCT26260PE,3.45,250,SELL_AGGRESSOR,2401250,868250
2026-10-01 23:04:20.847,NATGASMINI,PE,275.0,NATGASMINI23OCT26275PE,8.15,250,BUY,4829000,747250
2026-10-01 23:04:20.847,NATGASMINI,CE,285.0,NATGASMINI23OCT26285CE,15.1,250,SELL_AGGRESSOR,10325250,972750
2026-10-01 23:04:20.847,NATGASMINI,PE,285.0,NATGASMINI23OCT26285PE,13.0,250,SELL_AGGRESSOR,19154750,1351750
2026-10-01 23:04:20.847,NATGASMINI,CE,290.0,NATGASMINI23OCT26290CE,13.05,750,SELL_AGGRESSOR,24764250,3346750
2026-10-01 23:04:20.847,NATGASMINI,CE,300.0,NATGASMINI23OCT26300CE,9.7,250,SELL_AGGRESSOR,12692500,3323250
2026-10-01 23:04:20.847,NATGASMINI,CE,305.0,NATGASMINI23OCT26305CE,8.4,1250,SELL_AGGRESSOR,5913000,1713750
2026-10-01 23:04:24.696,NATURALGAS,FUT,0.0,NATURALGAS27OCT26FUT,287.2,10000,BUY_AGGRESSOR,124920000,69228750
2026-10-01 23:04:24.696,NATURALGAS,CE,280.0,NATURALGAS23OCT26280CE,17.45,1250,SELL_AGGRESSOR,25848750,4497500
2026-10-01 23:04:24.696,NATURALGAS,CE,285.0,NATURALGAS23OCT26285CE,14.95,22500,SELL_AGGRESSOR,34400000,5246250
2026-10-01 23:04:24.696,NATURALGAS,CE,290.0,NATURALGAS23OCT26290CE,12.9,16250,SELL_AGGRESSOR,86746250,17627500
2026-10-01 23:04:24.696,NATURALGAS,PE,290.0,NATURALGAS23OCT26290PE,15.9,1250,SELL_AGGRESSOR,74642500,13205000
2026-10-01 23:04:24.696,NATURALGAS,CE,300.0,NATURALGAS23OCT26300CE,9.6,45000,SELL_AGGRESSOR,52792500,21021250
2026-10-01 23:04:24.696,NATURALGAS,CE,310.0,NATURALGAS23OCT26310CE,7.15,3750,SELL_AGGRESSOR,31148750,11656250
2026-10-01 23:04:24.696,NATGASMINI,FUT,0.0,NATGASMINI27OCT26FUT,287.2,250,BUY_AGGRESSOR,40171000,17217250
2026-10-01 23:04:24.696,NATGASMINI,PE,280.0,NATGASMINI23OCT26280PE,10.45,750,BUY_AGGRESSOR,9511250,1366250
2026-10-01 23:04:24.696,NATGASMINI,CE,285.0,NATGASMINI23OCT26285CE,15.1,250,SELL_AGGRESSOR,10325500,972750
2026-10-01 23:04:24.696,NATGASMINI,PE,285.0,NATGASMINI23OCT26285PE,13.05,1000,BUY_AGGRESSOR,19155750,1351500
2026-10-01 23:04:24.696,NATGASMINI,CE,290.0,NATGASMINI23OCT26290CE,13.0,8500,SELL_AGGRESSOR,24772750,3354250
2026-10-01 23:04:24.696,NATGASMINI,PE,290.0,NATGASMINI23OCT26290PE,15.95,3750,BUY_AGGRESSOR,18114250,1626500
2026-10-01 23:04:24.696,NATGASMINI,CE,295.0,NATGASMINI23OCT26295CE,11.25,4000,SELL_AGGRESSOR,11792250,1812000
2026-10-01 23:04:24.696,NATGASMINI,CE,300.0,NATGASMINI23OCT26300CE,9.7,10000,SELL_AGGRESSOR,12702500,3326500
2026-10-01 23:04:24.696,NATGASMINI,CE,305.0,NATGASMINI23OCT26305CE,8.4,3500,SELL_AGGRESSOR,5916500,1714250
2026-10-01 23:04:28.552,NATURALGAS,FUT,0.0,NATURALGAS27OCT26FUT,287.1,3750,SELL,124923750,69228750
2026-10-01 23:04:28.552,NATURALGAS,PE,260.0,NATURALGAS23OCT26260PE,3.45,5000,SELL_AGGRESSOR,26985000,10760000
2026-10-01 23:04:28.552,NATURALGAS,CE,280.0,NATURALGAS23OCT26280CE,17.45,3750,BUY_AGGRESSOR,25852500,4501250
2026-10-01 23:04:28.552,NATURALGAS,PE,280.0,NATURALGAS23OCT26280PE,10.45,2500,SELL_AGGRESSOR,45532500,12376250
2026-10-01 23:04:28.552,NATURALGAS,PE,285.0,NATURALGAS23OCT26285PE,13.0,1250,SELL_AGGRESSOR,51593750,6100000
2026-10-01 23:04:28.552,NATURALGAS,CE,290.0,NATURALGAS23OCT26290CE,12.9,10000,SELL_AGGRESSOR,86756250,17632500
2026-10-01 23:04:28.552,NATURALGAS,CE,300.0,NATURALGAS23OCT26300CE,9.6,1250,BUY_AGGRESSOR,52793750,21021250
2026-10-01 23:04:28.552,NATGASMINI,FUT,0.0,NATGASMINI27OCT26FUT,287.2,2250,BUY_AGGRESSOR,40173250,17217000
2026-10-01 23:04:28.552,NATGASMINI,CE,275.0,NATGASMINI23OCT26275CE,20.45,250,BUY_AGGRESSOR,1304750,83250
2026-10-01 23:04:28.552,NATGASMINI,CE,280.0,NATGASMINI23OCT26280CE,17.55,500,SELL,3725250,410250
2026-10-01 23:04:28.552,NATGASMINI,PE,280.0,NATGASMINI23OCT26280PE,10.5,1750,BUY_AGGRESSOR,9513000,1366000
2026-10-01 23:04:28.552,NATGASMINI,PE,285.0,NATGASMINI23OCT26285PE,13.05,1000,SELL_AGGRESSOR,19156750,1350500
2026-10-01 23:04:28.552,NATGASMINI,CE,290.0,NATGASMINI23OCT26290CE,13.0,1000,SELL_AGGRESSOR,24773750,3353250
2026-10-01 23:04:28.552,NATGASMINI,PE,290.0,NATGASMINI23OCT26290PE,15.9,750,SELL,18115000,1627000
2026-10-01 23:04:28.552,NATGASMINI,CE,295.0,NATGASMINI23OCT26295CE,11.2,1250,SELL_AGGRESSOR,11793500,1812000
2026-10-01 23:04:28.552,NATGASMINI,PE,295.0,NATGASMINI23OCT26295PE,19.05,500,BUY_AGGRESSOR,5219500,806000
2026-10-01 23:04:28.552,NATGASMINI,CE,300.0,NATGASMINI23OCT26300CE,9.7,500,INSIDE,12703000,3326750
2026-10-01 23:04:28.552,NATGASMINI,PE,300.0,NATGASMINI23OCT26300PE,22.35,500,SELL_AGGRESSOR,2994000,1053500
2026-10-01 23:04:28.552,NATGASMINI,CE,305.0,NATGASMINI23OCT26305CE,8.35,250,SELL_AGGRESSOR,5916750,1714250
2026-10-01 23:04:28.552,NATGASMINI,PE,305.0,NATGASMINI23OCT26305PE,26.0,250,BUY_AGGRESSOR,572500,390250
2026-10-01 23:04:32.444,NATURALGAS,PE,265.0,NATURALGAS23OCT26265PE,4.7,32500,BUY_AGGRESSOR,12671250,4433750
2026-10-01 23:04:32.444,NATURALGAS,PE,270.0,NATURALGAS23OCT26270PE,6.25,11250,BUY_AGGRESSOR,31820000,11632500
2026-10-01 23:04:32.444,NATURALGAS,CE,275.0,NATURALGAS23OCT26275CE,20.15,2500,SELL_AGGRESSOR,3747500,421250
2026-10-01 23:04:32.444,NATURALGAS,PE,275.0,NATURALGAS23OCT26275PE,8.2,45000,BUY_AGGRESSOR,17827500,3680000
2026-10-01 23:04:32.444,NATURALGAS,CE,280.0,NATURALGAS23OCT26280CE,17.4,18750,SELL_AGGRESSOR,25871250,4495000
2026-10-01 23:04:32.444,NATURALGAS,PE,280.0,NATURALGAS23OCT26280PE,10.5,13750,BUY_AGGRESSOR,45546250,12366250
2026-10-01 23:04:32.444,NATURALGAS,CE,285.0,NATURALGAS23OCT26285CE,14.95,8750,SELL_AGGRESSOR,34408750,5250000
2026-10-01 23:04:32.444,NATURALGAS,PE,285.0,NATURALGAS23OCT26285PE,13.05,110000,BUY_AGGRESSOR,51703750,6046250
2026-10-01 23:04:32.444,NATURALGAS,CE,290.0,NATURALGAS23OCT26290CE,12.9,28750,SELL_AGGRESSOR,86785000,17631250
2026-10-01 23:04:32.444,NATURALGAS,PE,290.0,NATURALGAS23OCT26290PE,15.95,7500,BUY_AGGRESSOR,74650000,13203750
2026-10-01 23:04:32.444,NATURALGAS,CE,295.0,NATURALGAS23OCT26295CE,11.15,43750,SELL_AGGRESSOR,34706250,7243750
2026-10-01 23:04:32.444,NATURALGAS,PE,295.0,NATURALGAS23OCT26295PE,19.1,27500,BUY_AGGRESSOR,15150000,5478750
2026-10-01 23:04:32.444,NATURALGAS,PE,300.0,NATURALGAS23OCT26300PE,22.5,2500,SELL,13587500,13902500
2026-10-01 23:04:32.444,NATURALGAS,CE,305.0,NATURALGAS23OCT26305CE,8.2,12500,SELL_AGGRESSOR,18620000,7988750
2026-10-01 23:04:32.444,NATURALGAS,CE,315.0,NATURALGAS23OCT26315CE,6.15,1250,SELL_AGGRESSOR,11328750,3510000
2026-10-01 23:04:32.444,NATGASMINI,FUT,0.0,NATGASMINI27OCT26FUT,287.2,25750,BUY_AGGRESSOR,40199000,17210250
2026-10-01 23:04:32.444,NATGASMINI,PE,265.0,NATGASMINI23OCT26265PE,4.7,250,INSIDE,5717750,3226000
2026-10-01 23:04:32.444,NATGASMINI,PE,275.0,NATGASMINI23OCT26275PE,8.2,500,BUY_AGGRESSOR,4829500,747000
2026-10-01 23:04:32.444,NATGASMINI,CE,280.0,NATGASMINI23OCT26280CE,17.55,500,SELL_AGGRESSOR,3725750,409750
2026-10-01 23:04:32.444,NATGASMINI,PE,280.0,NATGASMINI23OCT26280PE,10.45,250,SELL,9513250,1365500
2026-10-01 23:04:32.444,NATGASMINI,CE,285.0,NATGASMINI23OCT26285CE,15.1,750,SELL_AGGRESSOR,10326250,972250
2026-10-01 23:04:32.444,NATGASMINI,CE,290.0,NATGASMINI23OCT26290CE,13.0,6500,SELL_AGGRESSOR,24780250,3358000
2026-10-01 23:04:32.444,NATGASMINI,PE,290.0,NATGASMINI23OCT26290PE,15.95,1500,BUY_AGGRESSOR,18116500,1627000
2026-10-01 23:04:32.444,NATGASMINI,CE,295.0,NATGASMINI23OCT26295CE,11.25,250,BUY,11793750,1812250
2026-10-01 23:04:32.444,NATGASMINI,PE,295.0,NATGASMINI23OCT26295PE,19.1,1500,BUY_AGGRESSOR,5221000,805000
2026-10-01 23:04:32.444,NATGASMINI,CE,300.0,NATGASMINI23OCT26300CE,9.7,750,SELL_AGGRESSOR,12703750,3326750
2026-10-01 23:04:32.444,NATGASMINI,CE,305.0,NATGASMINI23OCT26305CE,8.35,250,SELL_AGGRESSOR,5917000,1714250
2026-10-01 23:04:32.444,NATGASMINI,CE,310.0,NATGASMINI23OCT26310CE,7.25,3250,SELL_AGGRESSOR,5052500,1882500
2026-10-01 23:04:32.444,NATGASMINI,PE,310.0,NATGASMINI23OCT26310PE,29.9,250,BUY_AGGRESSOR,417000,668250
2026-10-01 23:04:32.444,NATGASMINI,CE,315.0,NATGASMINI23OCT26315CE,6.25,250,SELL_AGGRESSOR,2641500,1305500
2026-10-01 23:04:36.624,NATURALGAS,FUT,0.0,NATURALGAS27OCT26FUT,287.1,13750,BUY_AGGRESSOR,124937500,69227500
2026-10-01 23:04:36.624,NATURALGAS,PE,255.0,NATURALGAS23OCT26255PE,2.45,1250,SELL_AGGRESSOR,6980000,2030000
2026-10-01 23:04:36.624,NATURALGAS,CE,290.0,NATURALGAS23OCT26290CE,12.9,3750,SELL_AGGRESSOR,86788750,17615000
2026-10-01 23:04:36.624,NATURALGAS,CE,300.0,NATURALGAS23OCT26300CE,9.55,10000,SELL_AGGRESSOR,52803750,21020000
2026-10-01 23:04:36.624,NATGASMINI,PE,285.0,NATGASMINI23OCT26285PE,13.0,250,SELL_AGGRESSOR,19157000,1350250
2026-10-01 23:04:36.624,NATGASMINI,CE,290.0,NATGASMINI23OCT26290CE,13.0,2250,SELL_AGGRESSOR,24782500,3355750
2026-10-01 23:04:36.624,NATGASMINI,PE,290.0,NATGASMINI23OCT26290PE,15.95,1000,BUY_AGGRESSOR,18117500,1627000
2026-10-01 23:04:40.464,NATURALGAS,FUT,0.0,NATURALGAS27OCT26FUT,287.0,2500,SELL_AGGRESSOR,124940000,69230000
2026-10-01 23:04:40.464,NATURALGAS,PE,265.0,NATURALGAS23OCT26265PE,4.75,1250,BUY_AGGRESSOR,12672500,4430000
2026-10-01 23:04:40.464,NATURALGAS,CE,285.0,NATURALGAS23OCT26285CE,15.0,1250,BUY_AGGRESSOR,34410000,5245000
2026-10-01 23:04:40.464,NATURALGAS,PE,305.0,NATURALGAS23OCT26305PE,26.35,1250,BUY_AGGRESSOR,1993750,2718750
2026-10-01 23:04:40.464,NATGASMINI,FUT,0.0,NATGASMINI27OCT26FUT,287.2,1750,BUY_AGGRESSOR,40200750,17211250
2026-10-01 23:04:40.464,NATGASMINI,CE,290.0,NATGASMINI23OCT26290CE,12.95,5000,SELL_AGGRESSOR,24787500,3353750
2026-10-01 23:04:44.327,NATURALGAS,FUT,0.0,NATURALGAS27OCT26FUT,287.1,7500,BUY_AGGRESSOR,124947500,69232500
2026-10-01 23:04:44.327,NATURALGAS,PE,265.0,NATURALGAS23OCT26265PE,4.7,1250,SELL_AGGRESSOR,12673750,4428750
2026-10-01 23:04:44.327,NATURALGAS,CE,270.0,NATURALGAS23OCT26270CE,23.25,6250,BUY_AGGRESSOR,3016250,1065000
2026-10-01 23:04:44.327,NATURALGAS,PE,270.0,NATURALGAS23OCT26270PE,6.25,12500,SELL_AGGRESSOR,31832500,11620000
2026-10-01 23:04:44.327,NATURALGAS,PE,280.0,NATURALGAS23OCT26280PE,10.45,10000,SELL_AGGRESSOR,45556250,12373750
2026-10-01 23:04:44.327,NATURALGAS,CE,285.0,NATURALGAS23OCT26285CE,15.0,8750,BUY_AGGRESSOR,34418750,5246250
2026-10-01 23:04:44.327,NATURALGAS,PE,285.0,NATURALGAS23OCT26285PE,13.1,1250,BUY_AGGRESSOR,51705000,5990000
2026-10-01 23:04:44.327,NATURALGAS,CE,290.0,NATURALGAS23OCT26290CE,12.95,5000,BUY_AGGRESSOR,86793750,17615000
2026-10-01 23:04:44.327,NATURALGAS,CE,300.0,NATURALGAS23OCT26300CE,9.6,5000,BUY_AGGRESSOR,52808750,21020000
2026-10-01 23:04:44.327,NATURALGAS,CE,310.0,NATURALGAS23OCT26310CE,7.15,6250,BUY_AGGRESSOR,31155000,11658750
2026-10-01 23:04:44.327,NATURALGAS,CE,315.0,NATURALGAS23OCT26315CE,6.15,1250,BUY_AGGRESSOR,11330000,3511250
2026-10-01 23:04:44.327,NATGASMINI,FUT,0.0,NATGASMINI27OCT26FUT,287.1,500,SELL_AGGRESSOR,40201250,17211750
2026-10-01 23:04:44.327,NATGASMINI,PE,265.0,NATGASMINI23OCT26265PE,4.7,250,SELL_AGGRESSOR,5718000,3226000
2026-10-01 23:04:44.327,NATGASMINI,PE,275.0,NATGASMINI23OCT26275PE,8.2,3000,INSIDE,4832500,749250
2026-10-01 23:04:44.327,NATGASMINI,CE,280.0,NATGASMINI23OCT26280CE,17.6,1000,BUY_AGGRESSOR,3726750,408750
2026-10-01 23:04:44.327,NATGASMINI,PE,280.0,NATGASMINI23OCT26280PE,10.45,2500,SELL_AGGRESSOR,9515750,1365500
2026-10-01 23:04:44.327,NATGASMINI,CE,285.0,NATGASMINI23OCT26285CE,15.15,3750,BUY_AGGRESSOR,10330000,972250
2026-10-01 23:04:44.327,NATGASMINI,PE,285.0,NATGASMINI23OCT26285PE,13.05,1250,BUY,19158250,1349000
2026-10-01 23:04:44.327,NATGASMINI,CE,290.0,NATGASMINI23OCT26290CE,13.05,1250,BUY_AGGRESSOR,24788750,3353000
2026-10-01 23:04:44.327,NATGASMINI,PE,290.0,NATGASMINI23OCT26290PE,15.95,250,BUY_AGGRESSOR,18117750,1627000
2026-10-01 23:04:44.327,NATGASMINI,CE,305.0,NATGASMINI23OCT26305CE,8.4,8250,BUY_AGGRESSOR,5925250,1711000
2026-10-01 23:04:44.327,NATGASMINI,CE,310.0,NATGASMINI23OCT26310CE,7.25,3000,BUY_AGGRESSOR,5055500,1882500
2026-10-01 23:04:44.327,NATGASMINI,PE,310.0,NATGASMINI23OCT26310PE,29.85,250,SELL_AGGRESSOR,417250,668250
2026-10-01 23:04:48.172,NATURALGAS,FUT,0.0,NATURALGAS27OCT26FUT,287.1,2500,SELL_AGGRESSOR,124950000,69235000
2026-10-01 23:04:48.172,NATURALGAS,PE,285.0,NATURALGAS23OCT26285PE,13.1,1250,BUY_AGGRESSOR,51706250,5990000
2026-10-01 23:04:48.172,NATURALGAS,CE,290.0,NATURALGAS23OCT26290CE,12.9,3750,SELL_AGGRESSOR,86797500,17612500
2026-10-01 23:04:48.172,NATGASMINI,PE,275.0,NATGASMINI23OCT26275PE,8.2,250,BUY_AGGRESSOR,4832750,749250
2026-10-01 23:04:48.172,NATGASMINI,CE,280.0,NATGASMINI23OCT26280CE,17.55,3500,SELL,3730250,406500
2026-10-01 23:04:48.172,NATGASMINI,CE,290.0,NATGASMINI23OCT26290CE,13.05,750,BUY_AGGRESSOR,24789500,3352250
2026-10-01 23:04:48.172,NATGASMINI,PE,290.0,NATGASMINI23OCT26290PE,15.85,1500,SELL_AGGRESSOR,18119250,1626250
2026-10-01 23:04:48.172,NATGASMINI,CE,300.0,NATGASMINI23OCT26300CE,9.7,3000,SELL_AGGRESSOR,12706750,3323750
2026-10-01 23:04:48.172,NATGASMINI,CE,315.0,NATGASMINI23OCT26315CE,6.25,250,SELL_AGGRESSOR,2641750,1305500
2026-10-01 23:04:52.001,NATURALGAS,FUT,0.0,NATURALGAS27OCT26FUT,287.2,8750,BUY_AGGRESSOR,124958750,69231250
2026-10-01 23:04:52.001,NATURALGAS,CE,285.0,NATURALGAS23OCT26285CE,15.0,2500,BUY_AGGRESSOR,34421250,5245000
2026-10-01 23:04:52.001,NATURALGAS,PE,285.0,NATURALGAS23OCT26285PE,13.1,3750,BUY_AGGRESSOR,51710000,5991250
2026-10-01 23:04:52.001,NATURALGAS,PE,290.0,NATURALGAS23OCT26290PE,15.95,6250,BUY_AGGRESSOR,74656250,13203750
2026-10-01 23:04:52.001,NATURALGAS,CE,300.0,NATURALGAS23OCT26300CE,9.6,1250,INSIDE,52810000,21020000
2026-10-01 23:04:52.001,NATGASMINI,PE,260.0,NATGASMINI23OCT26260PE,3.45,750,SELL_AGGRESSOR,2402000,868250
2026-10-01 23:04:55.821,NATURALGAS,PE,280.0,NATURALGAS23OCT26280PE,10.5,10000,BUY_AGGRESSOR,45566250,12372500
2026-10-01 23:04:55.821,NATURALGAS,PE,285.0,NATURALGAS23OCT26285PE,13.05,2500,SELL,51712500,5991250
2026-10-01 23:04:55.821,NATURALGAS,CE,290.0,NATURALGAS23OCT26290CE,12.9,6250,SELL_AGGRESSOR,86803750,17617500
2026-10-01 23:04:55.821,NATGASMINI,CE,285.0,NATGASMINI23OCT26285CE,15.1,250,SELL_AGGRESSOR,10330250,972250
2026-10-01 23:04:55.821,NATGASMINI,CE,290.0,NATGASMINI23OCT26290CE,13.0,1000,SELL_AGGRESSOR,24790500,3352250
2026-10-01 23:04:55.821,NATGASMINI,PE,295.0,NATGASMINI23OCT26295PE,19.0,250,SELL_AGGRESSOR,5221250,805000
2026-10-01 23:04:59.738,NATURALGAS,PE,270.0,NATURALGAS23OCT26270PE,6.2,1250,SELL_AGGRESSOR,31833750,11620000
2026-10-01 23:04:59.738,NATURALGAS,CE,275.0,NATURALGAS23OCT26275CE,20.15,6250,SELL_AGGRESSOR,3753750,417500
2026-10-01 23:04:59.738,NATURALGAS,PE,280.0,NATURALGAS23OCT26280PE,10.45,7500,SELL_AGGRESSOR,45573750,12371250
2026-10-01 23:04:59.738,NATURALGAS,CE,290.0,NATURALGAS23OCT26290CE,13.0,7500,BUY_AGGRESSOR,86811250,17612500
2026-10-01 23:04:59.738,NATURALGAS,CE,300.0,NATURALGAS23OCT26300CE,9.6,23750,BUY_AGGRESSOR,52833750,21020000
2026-10-01 23:04:59.738,NATGASMINI,PE,275.0,NATGASMINI23OCT26275PE,8.15,250,SELL_AGGRESSOR,4833000,749000
2026-10-01 23:04:59.738,NATGASMINI,CE,290.0,NATGASMINI23OCT26290CE,13.1,250,BUY_AGGRESSOR,24790750,3352500
2026-10-01 23:04:59.738,NATGASMINI,CE,300.0,NATGASMINI23OCT26300CE,9.7,500,SELL_AGGRESSOR,12707250,3323250
2026-10-01 23:05:03.531,NATURALGAS,PE,260.0,NATURALGAS23OCT26260PE,3.45,1250,SELL_AGGRESSOR,26986250,10760000
2026-10-01 23:05:03.531,NATURALGAS,PE,275.0,NATURALGAS23OCT26275PE,8.15,3750,SELL_AGGRESSOR,17831250,3667500
2026-10-01 23:05:03.531,NATURALGAS,PE,280.0,NATURALGAS23OCT26280PE,10.4,85000,SELL_AGGRESSOR,45658750,12371250
2026-10-01 23:05:03.531,NATURALGAS,CE,285.0,NATURALGAS23OCT26285CE,15.15,5000,BUY_AGGRESSOR,34426250,5243750
2026-10-01 23:05:03.531,NATURALGAS,PE,285.0,NATURALGAS23OCT26285PE,12.95,30000,SELL_AGGRESSOR,51742500,5991250
2026-10-01 23:05:03.531,NATURALGAS,CE,290.0,NATURALGAS23OCT26290CE,13.0,22500,BUY_AGGRESSOR,86833750,17608750
2026-10-01 23:05:03.531,NATURALGAS,PE,290.0,NATURALGAS23OCT26290PE,15.85,11250,SELL_AGGRESSOR,74667500,13202500
2026-10-01 23:05:03.531,NATURALGAS,CE,295.0,NATURALGAS23OCT26295CE,11.25,13750,BUY_AGGRESSOR,34720000,7242500
2026-10-01 23:05:03.531,NATURALGAS,CE,300.0,NATURALGAS23OCT26300CE,9.65,42500,BUY_AGGRESSOR,52876250,21021250
2026-10-01 23:05:03.531,NATURALGAS,PE,300.0,NATURALGAS23OCT26300PE,22.45,1250,SELL_AGGRESSOR,13588750,13902500
2026-10-01 23:05:03.531,NATURALGAS,CE,305.0,NATURALGAS23OCT26305CE,8.35,3750,BUY_AGGRESSOR,18623750,7977500
2026-10-01 23:05:03.531,NATURALGAS,PE,305.0,NATURALGAS23OCT26305PE,26.15,1250,SELL_AGGRESSOR,1995000,2718750
2026-10-01 23:05:03.531,NATURALGAS,PE,310.0,NATURALGAS23OCT26310PE,30.0,1250,SELL_AGGRESSOR,2275000,4566250
2026-10-01 23:05:03.531,NATGASMINI,FUT,0.0,NATGASMINI27OCT26FUT,287.4,36000,BUY_AGGRESSOR,40237250,17214500
2026-10-01 23:05:03.531,NATGASMINI,PE,260.0,NATGASMINI23OCT26260PE,3.45,1000,SELL_AGGRESSOR,2403000,868250
2026-10-01 23:05:03.531,NATGASMINI,CE,270.0,NATGASMINI23OCT26270CE,23.55,500,BUY_AGGRESSOR,712250,152750
2026-10-01 23:05:03.531,NATGASMINI,PE,270.0,NATGASMINI23OCT26270PE,6.25,3000,SELL_AGGRESSOR,4081250,987750
2026-10-01 23:05:03.531,NATGASMINI,PE,275.0,NATGASMINI23OCT26275PE,8.15,750,SELL_AGGRESSOR,4833750,748250
2026-10-01 23:05:03.531,NATGASMINI,CE,280.0,NATGASMINI23OCT26280CE,17.55,250,SELL_AGGRESSOR,3730500,406250
2026-10-01 23:05:03.531,NATGASMINI,PE,280.0,NATGASMINI23OCT26280PE,10.4,14500,SELL_AGGRESSOR,9530250,1360000
2026-10-01 23:05:03.531,NATGASMINI,CE,285.0,NATGASMINI23OCT26285CE,15.25,1250,BUY_AGGRESSOR,10331500,972750
2026-10-01 23:05:03.531,NATGASMINI,PE,285.0,NATGASMINI23OCT26285PE,13.0,5750,SELL_AGGRESSOR,19164000,1347500
2026-10-01 23:05:03.531,NATGASMINI,CE,290.0,NATGASMINI23OCT26290CE,13.15,2250,BUY_AGGRESSOR,24793000,3351750
2026-10-01 23:05:03.531,NATGASMINI,PE,290.0,NATGASMINI23OCT26290PE,15.85,500,SELL_AGGRESSOR,18119750,1625750
2026-10-01 23:05:03.531,NATGASMINI,CE,295.0,NATGASMINI23OCT26295CE,11.3,10250,BUY_AGGRESSOR,11804000,1812250
2026-10-01 23:05:03.531,NATGASMINI,PE,295.0,NATGASMINI23OCT26295PE,19.0,750,SELL_AGGRESSOR,5222000,805750
2026-10-01 23:05:03.531,NATGASMINI,CE,300.0,NATGASMINI23OCT26300CE,9.75,250,BUY_AGGRESSOR,12707500,3323250
2026-10-01 23:05:03.531,NATGASMINI,PE,310.0,NATGASMINI23OCT26310PE,29.75,500,SELL_AGGRESSOR,417750,668250
2026-10-01 23:05:07.431,NATURALGAS,FUT,0.0,NATURALGAS27OCT26FUT,287.3,18750,BUY_AGGRESSOR,124977500,69228750
2026-10-01 23:05:07.431,NATURALGAS,PE,260.0,NATURALGAS23OCT26260PE,3.45,37500,SELL_AGGRESSOR,27023750,10763750
2026-10-01 23:05:07.431,NATURALGAS,PE,265.0,NATURALGAS23OCT26265PE,4.6,12500,SELL_AGGRESSOR,12686250,4416250
2026-10-01 23:05:07.431,NATURALGAS,PE,270.0,NATURALGAS23OCT26270PE,6.2,11250,SELL_AGGRESSOR,31845000,11615000
2026-10-01 23:05:07.431,NATURALGAS,PE,280.0,NATURALGAS23OCT26280PE,10.45,10000,BUY_AGGRESSOR,45668750,12328750
2026-10-01 23:05:07.431,NATURALGAS,CE,285.0,NATURALGAS23OCT26285CE,15.1,2500,SELL_AGGRESSOR,34428750,5241250
2026-10-01 23:05:07.431,NATURALGAS,CE,290.0,NATURALGAS23OCT26290CE,13.05,17500,BUY_AGGRESSOR,86851250,17608750
2026-10-01 23:05:07.431,NATURALGAS,PE,290.0,NATURALGAS23OCT26290PE,15.8,2500,SELL_AGGRESSOR,74670000,13202500
2026-10-01 23:05:07.431,NATURALGAS,PE,295.0,NATURALGAS23OCT26295PE,19.0,7500,SELL_AGGRESSOR,15157500,5463750
2026-10-01 23:05:07.431,NATURALGAS,CE,300.0,NATURALGAS23OCT26300CE,9.7,1250,BUY_AGGRESSOR,52877500,21021250
2026-10-01 23:05:07.431,NATURALGAS,CE,310.0,NATURALGAS23OCT26310CE,7.2,6250,BUY_AGGRESSOR,31161250,11658750
2026-10-01 23:05:07.431,NATURALGAS,PE,310.0,NATURALGAS23OCT26310PE,30.0,1250,INSIDE,2276250,4566250
2026-10-01 23:05:07.431,NATGASMINI,PE,265.0,NATGASMINI23OCT26265PE,4.7,2500,BUY_AGGRESSOR,5720500,3226000
2026-10-01 23:05:07.431,NATGASMINI,PE,290.0,NATGASMINI23OCT26290PE,15.8,7000,BUY_AGGRESSOR,18126750,1631750
2026-10-01 23:05:11.255,NATURALGAS,FUT,0.0,NATURALGAS27OCT26FUT,287.3,6250,SELL_AGGRESSOR,124983750,69228750
2026-10-01 23:05:11.255,NATURALGAS,PE,265.0,NATURALGAS23OCT26265PE,4.6,2500,SELL_AGGRESSOR,12688750,4416250
2026-10-01 23:05:11.255,NATURALGAS,PE,275.0,NATURALGAS23OCT26275PE,8.1,3750,SELL_AGGRESSOR,17835000,3667500
2026-10-01 23:05:11.255,NATURALGAS,PE,280.0,NATURALGAS23OCT26280PE,10.4,1250,BUY_AGGRESSOR,45670000,12327500
2026-10-01 23:05:11.255,NATURALGAS,CE,285.0,NATURALGAS23OCT26285CE,15.2,2500,BUY_AGGRESSOR,34431250,5242500
2026-10-01 23:05:11.255,NATURALGAS,CE,290.0,NATURALGAS23OCT26290CE,13.15,2500,BUY_AGGRESSOR,86853750,17608750
2026-10-01 23:05:11.255,NATURALGAS,PE,290.0,NATURALGAS23OCT26290PE,15.8,12500,SELL_AGGRESSOR,74682500,13207500
2026-10-01 23:05:11.255,NATURALGAS,CE,300.0,NATURALGAS23OCT26300CE,9.7,7500,BUY_AGGRESSOR,52885000,21022500
2026-10-01 23:05:11.255,NATURALGAS,PE,300.0,NATURALGAS23OCT26300PE,22.4,2500,SELL,13591250,13902500
2026-10-01 23:05:11.255,NATGASMINI,FUT,0.0,NATGASMINI27OCT26FUT,287.4,250,INSIDE,40237500,17218250
2026-10-01 23:05:11.255,NATGASMINI,PE,265.0,NATGASMINI23OCT26265PE,4.55,52250,SELL_AGGRESSOR,5772750,3224750
2026-10-01 23:05:11.255,NATGASMINI,CE,275.0,NATGASMINI23OCT26275CE,20.55,250,BUY_AGGRESSOR,1305000,83250
2026-10-01 23:05:11.255,NATGASMINI,CE,285.0,NATGASMINI23OCT26285CE,15.25,1250,SELL_AGGRESSOR,10332750,972750
2026-10-01 23:05:15.140,NATURALGAS,PE,290.0,NATURALGAS23OCT26290PE,15.75,3750,SELL_AGGRESSOR,74686250,13203750
2026-10-01 23:05:15.140,NATURALGAS,CE,295.0,NATURALGAS23OCT26295CE,11.25,1250,SELL_AGGRESSOR,34721250,7242500
2026-10-01 23:05:15.140,NATGASMINI,FUT,0.0,NATGASMINI27OCT26FUT,287.4,250,SELL_AGGRESSOR,40237750,17218500
2026-10-01 23:05:15.140,NATGASMINI,PE,285.0,NATGASMINI23OCT26285PE,12.85,250,SELL_AGGRESSOR,19164250,1347500
2026-10-01 23:05:15.140,NATGASMINI,CE,290.0,NATGASMINI23OCT26290CE,13.15,500,SELL_AGGRESSOR,24793500,3351250
2026-10-01 23:05:15.140,NATGASMINI,PE,290.0,NATGASMINI23OCT26290PE,15.75,750,SELL_AGGRESSOR,18127500,1631750
2026-10-01 23:05:15.140,NATGASMINI,CE,295.0,NATGASMINI23OCT26295CE,11.4,500,BUY,11804500,1812250
2026-10-01 23:05:15.140,NATGASMINI,CE,300.0,NATGASMINI23OCT26300CE,9.8,1250,SELL_AGGRESSOR,12708750,3323250
2026-10-01 23:05:15.140,NATGASMINI,CE,310.0,NATGASMINI23OCT26310CE,7.3,1750,SELL_AGGRESSOR,5057250,1882500
2026-10-01 23:05:18.936,NATURALGAS,FUT,0.0,NATURALGAS27OCT26FUT,287.3,2500,SELL_AGGRESSOR,124986250,69226250
2026-10-01 23:05:18.936,NATURALGAS,PE,280.0,NATURALGAS23OCT26280PE,10.35,3750,SELL_AGGRESSOR,45673750,12325000
2026-10-01 23:05:18.936,NATGASMINI,FUT,0.0,NATGASMINI27OCT26FUT,287.5,500,BUY_AGGRESSOR,40238250,17218000
2026-10-01 23:05:18.936,NATGASMINI,CE,285.0,NATGASMINI23OCT26285CE,15.35,250,BUY_AGGRESSOR,10333000,972500
2026-10-01 23:05:18.936,NATGASMINI,PE,285.0,NATGASMINI23OCT26285PE,12.9,750,SELL_AGGRESSOR,19165000,1347500
2026-10-01 23:05:18.936,NATGASMINI,CE,310.0,NATGASMINI23OCT26310CE,7.35,250,BUY_AGGRESSOR,5057500,1882500
2026-10-01 23:05:22.834,NATURALGAS,CE,280.0,NATURALGAS23OCT26280CE,17.6,6250,SELL_AGGRESSOR,25877500,4490000
2026-10-01 23:05:22.834,NATURALGAS,PE,280.0,NATURALGAS23OCT26280PE,10.4,8750,BUY_AGGRESSOR,45682500,12316250
2026-10-01 23:05:22.834,NATURALGAS,CE,285.0,NATURALGAS23OCT26285CE,15.15,6250,SELL_AGGRESSOR,34437500,5243750
2026-10-01 23:05:22.834,NATURALGAS,PE,285.0,NATURALGAS23OCT26285PE,12.95,3750,BUY_AGGRESSOR,51746250,6008750
2026-10-01 23:05:22.834,NATURALGAS,CE,290.0,NATURALGAS23OCT26290CE,13.1,1250,BUY_AGGRESSOR,86855000,17608750
2026-10-01 23:05:22.834,NATURALGAS,PE,290.0,NATURALGAS23OCT26290PE,15.8,6250,BUY_AGGRESSOR,74692500,13200000
2026-10-01 23:05:22.834,NATURALGAS,CE,295.0,NATURALGAS23OCT26295CE,11.25,1250,SELL_AGGRESSOR,34722500,7241250
2026-10-01 23:05:22.834,NATURALGAS,CE,300.0,NATURALGAS23OCT26300CE,9.7,21250,SELL_AGGRESSOR,52906250,21017500
2026-10-01 23:05:22.834,NATURALGAS,PE,300.0,NATURALGAS23OCT26300PE,22.4,2500,INSIDE,13593750,13902500
2026-10-01 23:05:22.834,NATGASMINI,FUT,0.0,NATGASMINI27OCT26FUT,287.5,250,BUY_AGGRESSOR,40238500,17217750
2026-10-01 23:05:22.834,NATGASMINI,PE,255.0,NATGASMINI23OCT26255PE,2.5,500,SELL_AGGRESSOR,665750,140500
2026-10-01 23:05:22.834,NATGASMINI,PE,265.0,NATGASMINI23OCT26265PE,4.6,7750,SELL_AGGRESSOR,5780500,3224750
2026-10-01 23:05:22.834,NATGASMINI,CE,280.0,NATGASMINI23OCT26280CE,17.75,1250,SELL_AGGRESSOR,3731750,406500
2026-10-01 23:05:22.834,NATGASMINI,CE,285.0,NATGASMINI23OCT26285CE,15.25,1000,SELL_AGGRESSOR,10334000,972750
2026-10-01 23:05:22.834,NATGASMINI,CE,290.0,NATGASMINI23OCT26290CE,13.2,250,BUY_AGGRESSOR,24793750,3351250
2026-10-01 23:05:22.834,NATGASMINI,PE,295.0,NATGASMINI23OCT26295PE,18.9,2000,BUY_AGGRESSOR,5224000,803750
2026-10-01 23:05:22.834,NATGASMINI,PE,300.0,NATGASMINI23OCT26300PE,22.15,250,SELL_AGGRESSOR,2994250,1053250
2026-10-01 23:05:26.680,NATURALGAS,FUT,0.0,NATURALGAS27OCT26FUT,287.3,1250,SELL_AGGRESSOR,124987500,69226250
2026-10-01 23:05:26.680,NATURALGAS,PE,255.0,NATURALGAS23OCT26255PE,2.5,5000,BUY_AGGRESSOR,6985000,2030000
2026-10-01 23:05:26.680,NATURALGAS,PE,285.0,NATURALGAS23OCT26285PE,12.95,3750,BUY_AGGRESSOR,51750000,6008750
2026-10-01 23:05:26.680,NATURALGAS,PE,300.0,NATURALGAS23OCT26300PE,22.4,3750,INSIDE,13597500,13902500
2026-10-01 23:05:26.680,NATGASMINI,FUT,0.0,NATGASMINI27OCT26FUT,287.3,500,SELL_AGGRESSOR,40239000,17218250
2026-10-01 23:05:26.680,NATGASMINI,PE,290.0,NATGASMINI23OCT26290PE,15.75,1250,SELL_AGGRESSOR,18128750,1631750
2026-10-01 23:05:30.513,NATURALGAS,FUT,0.0,NATURALGAS27OCT26FUT,287.4,2500,BUY_AGGRESSOR,124990000,69226250
2026-10-01 23:05:30.513,NATURALGAS,PE,260.0,NATURALGAS23OCT26260PE,3.45,3750,INSIDE,27027500,10765000
2026-10-01 23:05:30.513,NATURALGAS,PE,280.0,NATURALGAS23OCT26280PE,10.35,3750,SELL_AGGRESSOR,45686250,12312500
2026-10-01 23:05:30.513,NATURALGAS,PE,285.0,NATURALGAS23OCT26285PE,12.9,3750,SELL_AGGRESSOR,51753750,6005000
2026-10-01 23:05:30.513,NATURALGAS,CE,290.0,NATURALGAS23OCT26290CE,13.05,2500,SELL_AGGRESSOR,86857500,17607500
2026-10-01 23:05:30.513,NATURALGAS,CE,295.0,NATURALGAS23OCT26295CE,11.25,2500,SELL_AGGRESSOR,34725000,7238750
2026-10-01 23:05:30.513,NATGASMINI,PE,290.0,NATGASMINI23OCT26290PE,15.75,3000,SELL_AGGRESSOR,18131750,1631750
2026-10-01 23:05:30.513,NATGASMINI,CE,295.0,NATGASMINI23OCT26295CE,11.35,1750,SELL_AGGRESSOR,11806250,1810500
2026-10-01 23:05:34.382,NATURALGAS,FUT,0.0,NATURALGAS27OCT26FUT,287.4,1250,BUY_AGGRESSOR,124991250,69225000
2026-10-01 23:05:34.382,NATURALGAS,PE,255.0,NATURALGAS23OCT26255PE,2.45,1250,SELL_AGGRESSOR,6986250,2028750
2026-10-01 23:05:34.382,NATURALGAS,PE,265.0,NATURALGAS23OCT26265PE,4.6,1250,SELL_AGGRESSOR,12690000,4415000
2026-10-01 23:05:34.382,NATURALGAS,PE,290.0,NATURALGAS23OCT26290PE,15.75,3750,SELL_AGGRESSOR,74696250,13197500
2026-10-01 23:05:34.382,NATURALGAS,PE,300.0,NATURALGAS23OCT26300PE,22.4,8750,BUY_AGGRESSOR,13606250,13902500
2026-10-01 23:05:34.382,NATGASMINI,FUT,0.0,NATGASMINI27OCT26FUT,287.3,1000,SELL_AGGRESSOR,40240000,17218000
2026-10-01 23:05:34.382,NATGASMINI,PE,280.0,NATGASMINI23OCT26280PE,10.3,250,SELL_AGGRESSOR,9530500,1359750
2026-10-01 23:05:34.382,NATGASMINI,CE,285.0,NATGASMINI23OCT26285CE,15.25,250,SELL_AGGRESSOR,10334250,973000
2026-10-01 23:05:34.382,NATGASMINI,CE,290.0,NATGASMINI23OCT26290CE,13.25,250,BUY_AGGRESSOR,24794000,3351500
2026-10-01 23:05:34.382,NATGASMINI,CE,295.0,NATGASMINI23OCT26295CE,11.35,250,SELL_AGGRESSOR,11806500,1810750
2026-10-01 23:05:34.382,NATGASMINI,PE,295.0,NATGASMINI23OCT26295PE,18.9,250,BUY_AGGRESSOR,5224250,803750
2026-10-01 23:05:34.382,NATGASMINI,PE,300.0,NATGASMINI23OCT26300PE,22.15,250,SELL_AGGRESSOR,2994500,1053000
2026-10-01 23:05:34.382,NATGASMINI,PE,305.0,NATGASMINI23OCT26305PE,25.75,250,SELL_AGGRESSOR,572750,390250
2026-10-01 23:05:38.226,NATURALGAS,FUT,0.0,NATURALGAS27OCT26FUT,287.5,97500,BUY_AGGRESSOR,125088750,69222500
2026-10-01 23:05:38.226,NATURALGAS,PE,255.0,NATURALGAS23OCT26255PE,2.45,7500,SELL_AGGRESSOR,6993750,2033750
2026-10-01 23:05:38.226,NATURALGAS,CE,260.0,NATURALGAS23OCT26260CE,30.7,1250,BUY_AGGRESSOR,298750,215000
2026-10-01 23:05:38.226,NATURALGAS,PE,260.0,NATURALGAS23OCT26260PE,3.4,1250,SELL_AGGRESSOR,27028750,10763750
2026-10-01 23:05:38.226,NATURALGAS,PE,265.0,NATURALGAS23OCT26265PE,4.6,7500,SELL_AGGRESSOR,12697500,4415000
2026-10-01 23:05:38.226,NATURALGAS,PE,270.0,NATURALGAS23OCT26270PE,6.1,127500,SELL_AGGRESSOR,31972500,11557500
2026-10-01 23:05:38.226,NATURALGAS,CE,275.0,NATURALGAS23OCT26275CE,20.55,16250,BUY_AGGRESSOR,3770000,416250
2026-10-01 23:05:38.226,NATURALGAS,PE,275.0,NATURALGAS23OCT26275PE,8.0,112500,SELL_AGGRESSOR,17947500,3667500
2026-10-01 23:05:38.226,NATURALGAS,CE,280.0,NATURALGAS23OCT26280CE,17.75,47500,BUY_AGGRESSOR,25925000,4500000
2026-10-01 23:05:38.226,NATURALGAS,PE,280.0,NATURALGAS23OCT26280PE,10.3,133750,SELL_AGGRESSOR,45820000,12311250
2026-10-01 23:05:38.226,NATURALGAS,CE,285.0,NATURALGAS23OCT26285CE,15.25,37500,BUY_AGGRESSOR,34475000,5225000
2026-10-01 23:05:38.226,NATURALGAS,PE,285.0,NATURALGAS23OCT26285PE,12.85,20000,SELL_AGGRESSOR,51773750,6007500
2026-10-01 23:05:38.226,NATURALGAS,CE,290.0,NATURALGAS23OCT26290CE,13.15,77500,BUY_AGGRESSOR,86935000,17606250
2026-10-01 23:05:38.226,NATURALGAS,PE,290.0,NATURALGAS23OCT26290PE,15.75,58750,SELL_AGGRESSOR,74755000,13217500
2026-10-01 23:05:38.226,NATURALGAS,CE,295.0,NATURALGAS23OCT26295CE,11.4,22500,BUY_AGGRESSOR,34747500,7227500
2026-10-01 23:05:38.226,NATURALGAS,PE,295.0,NATURALGAS23OCT26295PE,18.9,1250,SELL_AGGRESSOR,15158750,5463750
2026-10-01 23:05:38.226,NATURALGAS,CE,300.0,NATURALGAS23OCT26300CE,9.75,37500,BUY_AGGRESSOR,52943750,21011250
2026-10-01 23:05:38.226,NATURALGAS,PE,300.0,NATURALGAS23OCT26300PE,22.3,7500,SELL_AGGRESSOR,13613750,13902500
2026-10-01 23:05:38.226,NATURALGAS,CE,305.0,NATURALGAS23OCT26305CE,8.4,1250,BUY_AGGRESSOR,18625000,7977500
2026-10-01 23:05:38.226,NATURALGAS,CE,310.0,NATURALGAS23OCT26310CE,7.25,16250,BUY_AGGRESSOR,31177500,11651250
2026-10-01 23:05:38.226,NATURALGAS,PE,310.0,NATURALGAS23OCT26310PE,29.85,3750,SELL_AGGRESSOR,2280000,4566250
2026-10-01 23:05:38.226,NATURALGAS,CE,315.0,NATURALGAS23OCT26315CE,6.25,66250,BUY_AGGRESSOR,11396250,3510000
2026-10-01 23:05:38.226,NATURALGAS,PE,315.0,NATURALGAS23OCT26315PE,33.7,1250,SELL_AGGRESSOR,175000,520000
2026-10-01 23:05:38.226,NATGASMINI,FUT,0.0,NATGASMINI27OCT26FUT,287.5,16250,BUY_AGGRESSOR,40256250,17218000
2026-10-01 23:05:38.226,NATGASMINI,PE,265.0,NATGASMINI23OCT26265PE,4.6,4750,SELL_AGGRESSOR,5785250,3224250
2026-10-01 23:05:38.226,NATGASMINI,PE,270.0,NATGASMINI23OCT26270PE,6.15,31500,SELL_AGGRESSOR,4112750,979500
2026-10-01 23:05:38.226,NATGASMINI,CE,275.0,NATGASMINI23OCT26275CE,20.65,2500,BUY_AGGRESSOR,1307500,82250
2026-10-01 23:05:38.226,NATGASMINI,PE,275.0,NATGASMINI23OCT26275PE,8.05,20000,SELL_AGGRESSOR,4853750,747500
2026-10-01 23:05:38.226,NATGASMINI,CE,280.0,NATGASMINI23OCT26280CE,17.9,9750,BUY_AGGRESSOR,3741500,403500
2026-10-01 23:05:38.226,NATGASMINI,PE,280.0,NATGASMINI23OCT26280PE,10.25,11250,SELL_AGGRESSOR,9541750,1366250
2026-10-01 23:05:38.226,NATGASMINI,CE,285.0,NATGASMINI23OCT26285CE,15.4,9750,BUY_AGGRESSOR,10344000,973000
2026-10-01 23:05:38.226,NATGASMINI,PE,285.0,NATGASMINI23OCT26285PE,12.85,17500,SELL_AGGRESSOR,19182500,1347500
2026-10-01 23:05:38.226,NATGASMINI,CE,290.0,NATGASMINI23OCT26290CE,13.25,38750,BUY_AGGRESSOR,24832750,3347750
2026-10-01 23:05:38.226,NATGASMINI,PE,290.0,NATGASMINI23OCT26290PE,15.7,22500,SELL_AGGRESSOR,18154250,1627250
2026-10-01 23:05:38.226,NATGASMINI,CE,295.0,NATGASMINI23OCT26295CE,11.45,750,BUY_AGGRESSOR,11807250,1811000
2026-10-01 23:05:38.226,NATGASMINI,PE,295.0,NATGASMINI23OCT26295PE,18.8,2750,SELL_AGGRESSOR,5227000,804250
2026-10-01 23:05:38.226,NATGASMINI,CE,300.0,NATGASMINI23OCT26300CE,9.9,7250,BUY_AGGRESSOR,12716000,3316750
2026-10-01 23:05:38.226,NATGASMINI,PE,300.0,NATGASMINI23OCT26300PE,22.1,2750,SELL_AGGRESSOR,2997250,1053750
2026-10-01 23:05:38.226,NATGASMINI,CE,305.0,NATGASMINI23OCT26305CE,8.55,3250,BUY_AGGRESSOR,5928500,1711000
2026-10-01 23:05:38.226,NATGASMINI,PE,305.0,NATGASMINI23OCT26305PE,25.7,500,SELL_AGGRESSOR,573250,390500
2026-10-01 23:05:38.226,NATGASMINI,CE,310.0,NATGASMINI23OCT26310CE,7.4,7250,BUY_AGGRESSOR,5064750,1878500
2026-10-01 23:05:38.226,NATGASMINI,CE,315.0,NATGASMINI23OCT26315CE,6.4,2750,BUY_AGGRESSOR,2644500,1302750
2026-10-01 23:05:42.124,NATURALGAS,FUT,0.0,NATURALGAS27OCT26FUT,287.5,3750,SELL_AGGRESSOR,125092500,69165000
2026-10-01 23:05:42.124,NATURALGAS,PE,275.0,NATURALGAS23OCT26275PE,8.0,3750,SELL_AGGRESSOR,17951250,3671250
2026-10-01 23:05:42.124,NATURALGAS,CE,285.0,NATURALGAS23OCT26285CE,15.25,1250,SELL_AGGRESSOR,34476250,5212500
2026-10-01 23:05:42.124,NATURALGAS,PE,285.0,NATURALGAS23OCT26285PE,12.85,1250,BUY_AGGRESSOR,51775000,5997500
2026-10-01 23:05:42.124,NATURALGAS,CE,290.0,NATURALGAS23OCT26290CE,13.2,12500,BUY_AGGRESSOR,86947500,17606250
2026-10-01 23:05:42.124,NATURALGAS,PE,290.0,NATURALGAS23OCT26290PE,15.65,1250,SELL_AGGRESSOR,74756250,13212500
2026-10-01 23:05:42.124,NATURALGAS,CE,295.0,NATURALGAS23OCT26295CE,11.35,1250,SELL_AGGRESSOR,34748750,7223750
2026-10-01 23:05:42.124,NATGASMINI,FUT,0.0,NATGASMINI27OCT26FUT,287.6,1500,BUY_AGGRESSOR,40257750,17217250
2026-10-01 23:05:42.124,NATGASMINI,CE,290.0,NATGASMINI23OCT26290CE,13.25,2500,SELL_AGGRESSOR,24835250,3337750
2026-10-01 23:05:42.124,NATGASMINI,PE,290.0,NATGASMINI23OCT26290PE,15.7,4750,BUY_AGGRESSOR,18159000,1613500
2026-10-01 23:05:42.124,NATGASMINI,CE,295.0,NATGASMINI23OCT26295CE,11.45,250,SELL_AGGRESSOR,11807500,1811000
2026-10-01 23:05:42.124,NATGASMINI,CE,300.0,NATGASMINI23OCT26300CE,9.85,3000,SELL_AGGRESSOR,12719000,3315750
2026-10-01 23:05:45.934,NATURALGAS,FUT,0.0,NATURALGAS27OCT26FUT,287.5,1250,SELL_AGGRESSOR,125093750,69165000
2026-10-01 23:05:45.934,NATURALGAS,CE,285.0,NATURALGAS23OCT26285CE,15.25,1250,SELL_AGGRESSOR,34477500,5212500
2026-10-01 23:05:45.934,NATURALGAS,CE,300.0,NATURALGAS23OCT26300CE,9.75,7500,SELL_AGGRESSOR,52951250,21025000
2026-10-01 23:05:45.934,NATGASMINI,FUT,0.0,NATGASMINI27OCT26FUT,287.7,14250,BUY_AGGRESSOR,40272000,17216500
2026-10-01 23:05:45.934,NATGASMINI,PE,270.0,NATGASMINI23OCT26270PE,6.15,250,SELL_AGGRESSOR,4113000,987750
2026-10-01 23:05:45.934,NATGASMINI,PE,280.0,NATGASMINI23OCT26280PE,10.25,8750,SELL_AGGRESSOR,9550500,1357250
2026-10-01 23:05:45.934,NATGASMINI,CE,290.0,NATGASMINI23OCT26290CE,13.25,250,SELL_AGGRESSOR,24835500,3337500
2026-10-01 23:05:45.934,NATGASMINI,PE,290.0,NATGASMINI23OCT26290PE,15.7,2000,BUY_AGGRESSOR,18161000,1614750
2026-10-01 23:05:45.934,NATGASMINI,CE,295.0,NATGASMINI23OCT26295CE,11.45,250,SELL_AGGRESSOR,11807750,1810750
2026-10-01 23:05:45.934,NATGASMINI,PE,295.0,NATGASMINI23OCT26295PE,18.8,250,BUY_AGGRESSOR,5227250,804000
2026-10-01 23:05:45.934,NATGASMINI,CE,300.0,NATGASMINI23OCT26300CE,9.9,3750,SELL_AGGRESSOR,12722750,3316000
2026-10-01 23:05:45.934,NATGASMINI,CE,305.0,NATGASMINI23OCT26305CE,8.55,1250,SELL_AGGRESSOR,5929750,1711000
2026-10-01 23:05:49.818,NATURALGAS,FUT,0.0,NATURALGAS27OCT26FUT,287.5,2500,SELL_AGGRESSOR,125096250,69166250
2026-10-01 23:05:49.818,NATURALGAS,PE,255.0,NATURALGAS23OCT26255PE,2.45,6250,BUY_AGGRESSOR,7000000,2037500
2026-10-01 23:05:49.818,NATURALGAS,PE,265.0,NATURALGAS23OCT26265PE,4.6,7500,BUY_AGGRESSOR,12705000,4410000
2026-10-01 23:05:49.818,NATURALGAS,PE,270.0,NATURALGAS23OCT26270PE,6.15,7500,BUY_AGGRESSOR,31980000,11508750
2026-10-01 23:05:49.818,NATURALGAS,PE,275.0,NATURALGAS23OCT26275PE,8.05,2500,BUY_AGGRESSOR,17953750,3671250
2026-10-01 23:05:49.818,NATURALGAS,CE,280.0,NATURALGAS23OCT26280CE,17.75,2500,INSIDE,25927500,4498750
2026-10-01 23:05:49.818,NATURALGAS,PE,280.0,NATURALGAS23OCT26280PE,10.3,6250,SELL_AGGRESSOR,45826250,12322500
2026-10-01 23:05:49.818,NATURALGAS,CE,285.0,NATURALGAS23OCT26285CE,15.25,3750,SELL_AGGRESSOR,34481250,5212500
2026-10-01 23:05:49.818,NATURALGAS,CE,290.0,NATURALGAS23OCT26290CE,13.1,6250,SELL_AGGRESSOR,86953750,17611250
2026-10-01 23:05:49.818,NATURALGAS,PE,290.0,NATURALGAS23OCT26290PE,15.7,2500,BUY_AGGRESSOR,74758750,13211250
2026-10-01 23:05:49.818,NATURALGAS,PE,295.0,NATURALGAS23OCT26295PE,18.85,2500,SELL,15161250,5461250
2026-10-01 23:05:49.818,NATURALGAS,CE,305.0,NATURALGAS23OCT26305CE,8.4,16250,SELL_AGGRESSOR,18641250,7965000
2026-10-01 23:05:49.818,NATGASMINI,FUT,0.0,NATGASMINI27OCT26FUT,287.5,750,SELL_AGGRESSOR,40272750,17214250
2026-10-01 23:05:49.818,NATGASMINI,PE,275.0,NATGASMINI23OCT26275PE,8.1,250,BUY_AGGRESSOR,4854000,747250
2026-10-01 23:05:49.818,NATGASMINI,CE,280.0,NATGASMINI23OCT26280CE,17.8,3000,SELL_AGGRESSOR,3744500,401250
2026-10-01 23:05:49.818,NATGASMINI,PE,280.0,NATGASMINI23OCT26280PE,10.3,500,BUY_AGGRESSOR,9551000,1357250
2026-10-01 23:05:49.818,NATGASMINI,CE,285.0,NATGASMINI23OCT26285CE,15.4,1750,INSIDE,10345750,973000
2026-10-01 23:05:49.818,NATGASMINI,CE,290.0,NATGASMINI23OCT26290CE,13.2,750,SELL_AGGRESSOR,24836250,3337750
2026-10-01 23:05:49.818,NATGASMINI,CE,295.0,NATGASMINI23OCT26295CE,11.45,1000,SELL_AGGRESSOR,11808750,1810750
2026-10-01 23:05:49.818,NATGASMINI,CE,300.0,NATGASMINI23OCT26300CE,9.9,1250,BUY_AGGRESSOR,12724000,3316000
2026-10-01 23:05:49.818,NATGASMINI,CE,305.0,NATGASMINI23OCT26305CE,8.5,2500,SELL_AGGRESSOR,5932250,1707750
2026-10-01 23:05:49.818,NATGASMINI,PE,305.0,NATGASMINI23OCT26305PE,25.75,250,BUY_AGGRESSOR,573500,390500
2026-10-01 23:05:53.647,NATURALGAS,PE,280.0,NATURALGAS23OCT26280PE,10.3,1250,SELL_AGGRESSOR,45827500,12322500
2026-10-01 23:05:53.647,NATURALGAS,PE,290.0,NATURALGAS23OCT26290PE,15.7,1250,SELL_AGGRESSOR,74760000,13210000
2026-10-01 23:05:53.647,NATURALGAS,CE,295.0,NATURALGAS23OCT26295CE,11.35,5000,SELL_AGGRESSOR,34753750,7223750
2026-10-01 23:05:53.647,NATURALGAS,CE,300.0,NATURALGAS23OCT26300CE,9.75,1250,SELL_AGGRESSOR,52952500,21025000
2026-10-01 23:05:57.529,NATURALGAS,FUT,0.0,NATURALGAS27OCT26FUT,287.5,2500,INSIDE,125098750,69166250
2026-10-01 23:05:57.529,NATURALGAS,PE,290.0,NATURALGAS23OCT26290PE,15.7,1250,SELL_AGGRESSOR,74761250,13208750
2026-10-01 23:05:57.529,NATURALGAS,PE,295.0,NATURALGAS23OCT26295PE,18.9,1250,BUY_AGGRESSOR,15162500,5460000
2026-10-01 23:05:57.529,NATURALGAS,CE,300.0,NATURALGAS23OCT26300CE,9.75,5000,SELL_AGGRESSOR,52957500,21026250
2026-10-01 23:05:57.529,NATGASMINI,PE,280.0,NATGASMINI23OCT26280PE,10.3,500,INSIDE,9551500,1356750
2026-10-01 23:05:57.529,NATGASMINI,PE,300.0,NATGASMINI23OCT26300PE,22.1,500,SELL_AGGRESSOR,2997750,1053250
2026-10-01 23:05:57.529,NATGASMINI,CE,310.0,NATGASMINI23OCT26310CE,7.35,250,SELL_AGGRESSOR,5065000,1878250
2026-10-01 23:06:01.416,NATURALGAS,PE,265.0,NATURALGAS23OCT26265PE,4.6,1250,SELL_AGGRESSOR,12706250,4408750
2026-10-01 23:06:01.416,NATURALGAS,PE,280.0,NATURALGAS23OCT26280PE,10.35,25000,BUY_AGGRESSOR,45852500,12296250
2026-10-01 23:06:01.416,NATURALGAS,CE,285.0,NATURALGAS23OCT26285CE,15.2,8750,SELL_AGGRESSOR,34490000,5212500
2026-10-01 23:06:01.416,NATURALGAS,CE,290.0,NATURALGAS23OCT26290CE,13.2,12500,BUY_AGGRESSOR,86966250,17600000
2026-10-01 23:06:01.416,NATURALGAS,CE,300.0,NATURALGAS23OCT26300CE,9.8,3750,BUY_AGGRESSOR,52961250,21026250
2026-10-01 23:06:01.416,NATURALGAS,PE,300.0,NATURALGAS23OCT26300PE,22.25,1250,SELL_AGGRESSOR,13615000,13901250
2026-10-01 23:06:01.416,NATGASMINI,FUT,0.0,NATGASMINI27OCT26FUT,287.6,500,BUY_AGGRESSOR,40273250,17213750
2026-10-01 23:06:01.416,NATGASMINI,PE,275.0,NATGASMINI23OCT26275PE,8.05,250,SELL_AGGRESSOR,4854250,747250
2026-10-01 23:06:01.416,NATGASMINI,PE,280.0,NATGASMINI23OCT26280PE,10.35,250,BUY_AGGRESSOR,9551750,1357000
2026-10-01 23:06:01.416,NATGASMINI,CE,285.0,NATGASMINI23OCT26285CE,15.4,2250,BUY_AGGRESSOR,10348000,973000
2026-10-01 23:06:01.416,NATGASMINI,PE,305.0,NATGASMINI23OCT26305PE,25.85,1750,BUY_AGGRESSOR,575250,390500
2026-10-01 23:06:01.416,NATGASMINI,CE,315.0,NATGASMINI23OCT26315CE,6.35,250,SELL_AGGRESSOR,2644750,1302500
2026-10-01 23:06:05.279,NATURALGAS,FUT,0.0,NATURALGAS27OCT26FUT,287.4,31250,SELL_AGGRESSOR,125130000,69166250
2026-10-01 23:06:05.279,NATURALGAS,PE,255.0,NATURALGAS23OCT26255PE,2.45,6250,BUY_AGGRESSOR,7006250,2037500
2026-10-01 23:06:05.279,NATURALGAS,CE,275.0,NATURALGAS23OCT26275CE,20.4,1250,SELL_AGGRESSOR,3771250,415000
2026-10-01 23:06:05.279,NATURALGAS,PE,275.0,NATURALGAS23OCT26275PE,8.1,6250,BUY_AGGRESSOR,17960000,3666250
2026-10-01 23:06:05.279,NATURALGAS,CE,280.0,NATURALGAS23OCT26280CE,17.65,6250,SELL_AGGRESSOR,25933750,4492500
2026-10-01 23:06:05.279,NATURALGAS,CE,285.0,NATURALGAS23OCT26285CE,15.2,8750,SELL_AGGRESSOR,34498750,5210000
2026-10-01 23:06:05.279,NATURALGAS,PE,285.0,NATURALGAS23OCT26285PE,12.9,13750,BUY_AGGRESSOR,51788750,5992500
2026-10-01 23:06:05.279,NATURALGAS,CE,290.0,NATURALGAS23OCT26290CE,13.05,7500,SELL_AGGRESSOR,86973750,17597500
2026-10-01 23:06:05.279,NATURALGAS,PE,290.0,NATURALGAS23OCT26290PE,15.8,2500,BUY_AGGRESSOR,74763750,13206250
2026-10-01 23:06:05.279,NATURALGAS,PE,295.0,NATURALGAS23OCT26295PE,18.9,2500,BUY_AGGRESSOR,15165000,5457500
2026-10-01 23:06:05.279,NATURALGAS,CE,300.0,NATURALGAS23OCT26300CE,9.75,37500,SELL_AGGRESSOR,52998750,21015000
2026-10-01 23:06:05.279,NATURALGAS,PE,300.0,NATURALGAS23OCT26300PE,22.35,1250,BUY_AGGRESSOR,13616250,13901250
2026-10-01 23:06:05.279,NATURALGAS,CE,310.0,NATURALGAS23OCT26310CE,7.25,11250,SELL_AGGRESSOR,31188750,11643750
2026-10-01 23:06:05.279,NATURALGAS,CE,315.0,NATURALGAS23OCT26315CE,6.25,1250,SELL_AGGRESSOR,11397500,3510000
2026-10-01 23:06:05.279,NATGASMINI,FUT,0.0,NATGASMINI27OCT26FUT,287.5,9000,SELL_AGGRESSOR,40282250,17205000
2026-10-01 23:06:05.279,NATGASMINI,PE,265.0,NATGASMINI23OCT26265PE,4.65,1500,BUY_AGGRESSOR,5786750,3224250
2026-10-01 23:06:05.279,NATGASMINI,PE,270.0,NATGASMINI23OCT26270PE,6.2,1250,BUY_AGGRESSOR,4114250,986500
2026-10-01 23:06:05.279,NATGASMINI,CE,275.0,NATGASMINI23OCT26275CE,20.6,750,SELL_AGGRESSOR,1308250,82250
2026-10-01 23:06:05.279,NATGASMINI,PE,275.0,NATGASMINI23OCT26275PE,8.1,1250,BUY_AGGRESSOR,4855500,747250
2026-10-01 23:06:05.279,NATGASMINI,CE,280.0,NATGASMINI23OCT26280CE,17.8,2000,SELL_AGGRESSOR,3746500,401750
2026-10-01 23:06:05.279,NATGASMINI,PE,280.0,NATGASMINI23OCT26280PE,10.3,5750,SELL_AGGRESSOR,9557500,1355750
2026-10-01 23:06:05.279,NATGASMINI,PE,285.0,NATGASMINI23OCT26285PE,12.95,1750,BUY_AGGRESSOR,19184250,1335500
2026-10-01 23:06:05.279,NATGASMINI,CE,290.0,NATGASMINI23OCT26290CE,13.2,1500,SELL_AGGRESSOR,24837750,3338000
2026-10-01 23:06:05.279,NATGASMINI,PE,290.0,NATGASMINI23OCT26290PE,15.75,750,BUY_AGGRESSOR,18161750,1614000
2026-10-01 23:06:05.279,NATGASMINI,CE,295.0,NATGASMINI23OCT26295CE,11.4,19250,SELL_AGGRESSOR,11828000,1804750
2026-10-01 23:06:05.279,NATGASMINI,CE,300.0,NATGASMINI23OCT26300CE,9.85,1750,SELL_AGGRESSOR,12725750,3316000
2026-10-01 23:06:05.279,NATGASMINI,PE,300.0,NATGASMINI23OCT26300PE,22.25,1500,BUY_AGGRESSOR,2999250,1053250
2026-10-01 23:06:05.279,NATGASMINI,CE,305.0,NATGASMINI23OCT26305CE,8.5,1500,SELL_AGGRESSOR,5933750,1707250
2026-10-01 23:06:05.279,NATGASMINI,CE,315.0,NATGASMINI23OCT26315CE,6.35,500,SELL_AGGRESSOR,2645250,1302500
2026-10-01 23:06:09.179,NATURALGAS,FUT,0.0,NATURALGAS27OCT26FUT,287.5,5000,BUY_AGGRESSOR,125135000,69166250
2026-10-01 23:06:09.179,NATURALGAS,PE,260.0,NATURALGAS23OCT26260PE,3.4,1250,SELL_AGGRESSOR,27030000,10762500
2026-10-01 23:06:09.179,NATURALGAS,PE,280.0,NATURALGAS23OCT26280PE,10.35,2500,SELL_AGGRESSOR,45855000,12295000
2026-10-01 23:06:09.179,NATURALGAS,PE,295.0,NATURALGAS23OCT26295PE,18.9,1250,SELL_AGGRESSOR,15166250,5456250
2026-10-01 23:06:09.179,NATGASMINI,FUT,0.0,NATGASMINI27OCT26FUT,287.4,750,SELL_AGGRESSOR,40283000,17205250
2026-10-01 23:06:13.011,NATURALGAS,FUT,0.0,NATURALGAS27OCT26FUT,287.3,5000,SELL_AGGRESSOR,125140000,69166250
2026-10-01 23:06:13.011,NATURALGAS,PE,275.0,NATURALGAS23OCT26275PE,8.05,1250,SELL_AGGRESSOR,17961250,3665000
2026-10-01 23:06:13.011,NATURALGAS,PE,280.0,NATURALGAS23OCT26280PE,10.4,1250,BUY_AGGRESSOR,45856250,12295000
2026-10-01 23:06:13.011,NATURALGAS,CE,290.0,NATURALGAS23OCT26290CE,13.15,6250,BUY_AGGRESSOR,86980000,17591250
2026-10-01 23:06:13.011,NATURALGAS,PE,300.0,NATURALGAS23OCT26300PE,22.45,3750,BUY_AGGRESSOR,13620000,13900000
2026-10-01 23:06:13.011,NATGASMINI,PE,275.0,NATGASMINI23OCT26275PE,8.1,250,SELL_AGGRESSOR,4855750,747000
2026-10-01 23:06:13.011,NATGASMINI,CE,285.0,NATGASMINI23OCT26285CE,15.35,250,BUY_AGGRESSOR,10348250,973000
2026-10-01 23:06:13.011,NATGASMINI,CE,290.0,NATGASMINI23OCT26290CE,13.2,1000,BUY_AGGRESSOR,24838750,3339250
2026-10-01 23:06:16.905,NATURALGAS,FUT,0.0,NATURALGAS27OCT26FUT,287.4,7500,BUY_AGGRESSOR,125147500,69168750
2026-10-01 23:06:16.905,NATURALGAS,PE,255.0,NATURALGAS23OCT26255PE,2.45,1250,SELL_AGGRESSOR,7007500,2041250
2026-10-01 23:06:16.905,NATURALGAS,PE,265.0,NATURALGAS23OCT26265PE,4.65,1250,BUY_AGGRESSOR,12707500,4408750
2026-10-01 23:06:16.905,NATURALGAS,PE,280.0,NATURALGAS23OCT26280PE,10.35,1250,SELL_AGGRESSOR,45857500,12293750
2026-10-01 23:06:16.905,NATGASMINI,PE,275.0,NATGASMINI23OCT26275PE,8.1,250,SELL_AGGRESSOR,4856000,747000
2026-10-01 23:06:16.905,NATGASMINI,CE,285.0,NATGASMINI23OCT26285CE,15.35,3250,BUY_AGGRESSOR,10351500,973000
2026-10-01 23:06:16.905,NATGASMINI,PE,285.0,NATGASMINI23OCT26285PE,12.9,2250,SELL_AGGRESSOR,19186500,1334750
2026-10-01 23:06:16.905,NATGASMINI,CE,300.0,NATGASMINI23OCT26300CE,9.8,2000,SELL_AGGRESSOR,12727750,3314250
2026-10-01 23:06:20.767,NATURALGAS,FUT,0.0,NATURALGAS27OCT26FUT,287.4,5000,BUY_AGGRESSOR,125152500,69168750
2026-10-01 23:06:20.767,NATURALGAS,PE,255.0,NATURALGAS23OCT26255PE,2.45,3750,INSIDE,7011250,2045000
2026-10-01 23:06:20.767,NATURALGAS,CE,280.0,NATURALGAS23OCT26280CE,17.65,2500,BUY_AGGRESSOR,25936250,4492500
2026-10-01 23:06:20.767,NATURALGAS,CE,285.0,NATURALGAS23OCT26285CE,15.1,2500,SELL_AGGRESSOR,34501250,5210000
2026-10-01 23:06:20.767,NATURALGAS,CE,290.0,NATURALGAS23OCT26290CE,13.05,1250,SELL_AGGRESSOR,86981250,17591250
2026-10-01 23:06:20.767,NATGASMINI,CE,290.0,NATGASMINI23OCT26290CE,13.15,250,SELL_AGGRESSOR,24839000,3339000
2026-10-01 23:06:20.767,NATGASMINI,PE,290.0,NATGASMINI23OCT26290PE,15.8,1000,BUY_AGGRESSOR,18162750,1614000
2026-10-01 23:06:20.767,NATGASMINI,CE,295.0,NATGASMINI23OCT26295CE,11.4,1250,INSIDE,11829250,1790250
2026-10-01 23:06:24.646,NATURALGAS,FUT,0.0,NATURALGAS27OCT26FUT,287.4,8750,BUY_AGGRESSOR,125161250,69168750
2026-10-01 23:06:24.646,NATURALGAS,PE,255.0,NATURALGAS23OCT26255PE,2.45,3750,SELL_AGGRESSOR,7015000,2046250
2026-10-01 23:06:24.646,NATURALGAS,PE,270.0,NATURALGAS23OCT26270PE,6.2,1250,BUY_AGGRESSOR,31981250,11508750
2026-10-01 23:06:24.646,NATURALGAS,CE,280.0,NATURALGAS23OCT26280CE,17.6,2500,SELL_AGGRESSOR,25938750,4492500
2026-10-01 23:06:24.646,NATURALGAS,PE,280.0,NATURALGAS23OCT26280PE,10.35,2500,SELL_AGGRESSOR,45860000,12292500
2026-10-01 23:06:24.646,NATURALGAS,CE,285.0,NATURALGAS23OCT26285CE,15.2,11250,BUY_AGGRESSOR,34512500,5210000
2026-10-01 23:06:24.646,NATURALGAS,PE,285.0,NATURALGAS23OCT26285PE,12.9,2500,SELL_AGGRESSOR,51791250,5985000
2026-10-01 23:06:24.646,NATURALGAS,CE,290.0,NATURALGAS23OCT26290CE,13.1,3750,BUY_AGGRESSOR,86985000,17591250
2026-10-01 23:06:24.646,NATURALGAS,PE,290.0,NATURALGAS23OCT26290PE,15.7,2500,SELL_AGGRESSOR,74766250,13206250
2026-10-01 23:06:24.646,NATURALGAS,CE,300.0,NATURALGAS23OCT26300CE,9.75,5000,BUY_AGGRESSOR,53003750,21006250
2026-10-01 23:06:24.646,NATURALGAS,PE,300.0,NATURALGAS23OCT26300PE,22.4,2500,SELL,13622500,13900000
2026-10-01 23:06:24.646,NATURALGAS,CE,310.0,NATURALGAS23OCT26310CE,7.25,15000,BUY_AGGRESSOR,31203750,11643750
2026-10-01 23:06:24.646,NATGASMINI,FUT,0.0,NATGASMINI27OCT26FUT,287.5,3500,BUY_AGGRESSOR,40286500,17205250
2026-10-01 23:06:24.646,NATGASMINI,PE,260.0,NATGASMINI23OCT26260PE,3.45,1250,SELL_AGGRESSOR,2404250,868250
2026-10-01 23:06:24.646,NATGASMINI,PE,275.0,NATGASMINI23OCT26275PE,8.1,250,SELL_AGGRESSOR,4856250,747000
2026-10-01 23:06:24.646,NATGASMINI,PE,285.0,NATGASMINI23OCT26285PE,12.9,1500,SELL_AGGRESSOR,19188000,1333250
2026-10-01 23:06:24.646,NATGASMINI,CE,290.0,NATGASMINI23OCT26290CE,13.2,750,BUY_AGGRESSOR,24839750,3338250
2026-10-01 23:06:24.646,NATGASMINI,PE,290.0,NATGASMINI23OCT26290PE,15.7,1500,SELL_AGGRESSOR,18164250,1614000
2026-10-01 23:06:24.646,NATGASMINI,CE,295.0,NATGASMINI23OCT26295CE,11.45,500,BUY_AGGRESSOR,11829750,1789250
2026-10-01 23:06:24.646,NATGASMINI,PE,295.0,NATGASMINI23OCT26295PE,18.85,750,SELL_AGGRESSOR,5228000,804750
2026-10-01 23:06:24.646,NATGASMINI,CE,300.0,NATGASMINI23OCT26300CE,9.8,250,SELL_AGGRESSOR,12728000,3313750
2026-10-01 23:06:24.646,NATGASMINI,PE,300.0,NATGASMINI23OCT26300PE,22.2,500,SELL,2999750,1052750
2026-10-01 23:06:24.646,NATGASMINI,CE,305.0,NATGASMINI23OCT26305CE,8.5,250,INSIDE,5934000,1706250
2026-10-01 23:06:24.646,NATGASMINI,CE,310.0,NATGASMINI23OCT26310CE,7.35,3750,BUY_AGGRESSOR,5068750,1878250
2026-10-01 23:06:28.493,NATURALGAS,FUT,0.0,NATURALGAS27OCT26FUT,287.4,3750,SELL_AGGRESSOR,125165000,69168750
2026-10-01 23:06:28.493,NATURALGAS,CE,290.0,NATURALGAS23OCT26290CE,13.15,1250,BUY_AGGRESSOR,86986250,17590000
2026-10-01 23:06:28.493,NATURALGAS,PE,290.0,NATURALGAS23OCT26290PE,15.7,2500,SELL_AGGRESSOR,74768750,13203750
2026-10-01 23:06:28.493,NATGASMINI,PE,260.0,NATGASMINI23OCT26260PE,3.4,250,SELL_AGGRESSOR,2404500,868000
2026-10-01 23:06:28.493,NATGASMINI,CE,300.0,NATGASMINI23OCT26300CE,9.8,250,SELL_AGGRESSOR,12728250,3313500
2026-10-01 23:06:32.601,NATURALGAS,PE,260.0,NATURALGAS23OCT26260PE,3.4,7500,SELL_AGGRESSOR,27037500,10755000
2026-10-01 23:06:32.601,NATURALGAS,PE,265.0,NATURALGAS23OCT26265PE,4.6,1250,SELL_AGGRESSOR,12708750,4407500
2026-10-01 23:06:32.601,NATURALGAS,CE,285.0,NATURALGAS23OCT26285CE,15.2,2500,SELL_AGGRESSOR,34515000,5211250
2026-10-01 23:06:32.601,NATURALGAS,CE,290.0,NATURALGAS23OCT26290CE,13.15,10000,BUY_AGGRESSOR,86996250,17581250
2026-10-01 23:06:32.601,NATURALGAS,PE,290.0,NATURALGAS23OCT26290PE,15.8,16250,BUY_AGGRESSOR,74785000,13191250
2026-10-01 23:06:32.601,NATURALGAS,CE,310.0,NATURALGAS23OCT26310CE,7.25,1250,SELL_AGGRESSOR,31205000,11655000
2026-10-01 23:06:32.601,NATURALGAS,CE,315.0,NATURALGAS23OCT26315CE,6.2,1250,SELL_AGGRESSOR,11398750,3508750
2026-10-01 23:06:32.601,NATGASMINI,FUT,0.0,NATGASMINI27OCT26FUT,287.5,1500,BUY_AGGRESSOR,40288000,17205750
2026-10-01 23:06:32.601,NATGASMINI,PE,280.0,NATGASMINI23OCT26280PE,10.3,750,SELL_AGGRESSOR,9558250,1353000
2026-10-01 23:06:36.486,NATURALGAS,PE,280.0,NATURALGAS23OCT26280PE,10.35,1250,BUY_AGGRESSOR,45861250,12291250
2026-10-01 23:06:36.486,NATURALGAS,PE,300.0,NATURALGAS23OCT26300PE,22.4,11250,BUY_AGGRESSOR,13633750,13901250
2026-10-01 23:06:36.486,NATURALGAS,CE,310.0,NATURALGAS23OCT26310CE,7.25,2500,SELL_AGGRESSOR,31207500,11652500
2026-10-01 23:06:36.486,NATGASMINI,FUT,0.0,NATGASMINI27OCT26FUT,287.4,500,SELL_AGGRESSOR,40288500,17205750
2026-10-01 23:06:36.486,NATGASMINI,CE,275.0,NATGASMINI23OCT26275CE,20.55,250,SELL_AGGRESSOR,1308500,82000
2026-10-01 23:06:36.486,NATGASMINI,PE,275.0,NATGASMINI23OCT26275PE,8.1,250,BUY_AGGRESSOR,4856500,746750
2026-10-01 23:06:36.486,NATGASMINI,PE,280.0,NATGASMINI23OCT26280PE,10.35,250,BUY_AGGRESSOR,9558500,1352750
2026-10-01 23:06:36.486,NATGASMINI,PE,285.0,NATGASMINI23OCT26285PE,12.95,750,BUY_AGGRESSOR,19188750,1332750
2026-10-01 23:06:36.486,NATGASMINI,CE,290.0,NATGASMINI23OCT26290CE,13.25,1250,BUY_AGGRESSOR,24841000,3337500
2026-10-01 23:06:36.486,NATGASMINI,PE,300.0,NATGASMINI23OCT26300PE,22.25,1250,BUY_AGGRESSOR,3001000,1052750
2026-10-01 23:06:36.486,NATGASMINI,CE,305.0,NATGASMINI23OCT26305CE,8.45,250,SELL_AGGRESSOR,5934250,1706500
2026-10-01 23:06:36.486,NATGASMINI,PE,305.0,NATGASMINI23OCT26305PE,25.8,250,BUY_AGGRESSOR,575500,390500
2026-10-01 23:06:40.380,NATURALGAS,PE,255.0,NATURALGAS23OCT26255PE,2.4,1250,SELL_AGGRESSOR,7016250,2048750
2026-10-01 23:06:40.380,NATURALGAS,PE,265.0,NATURALGAS23OCT26265PE,4.6,7500,SELL_AGGRESSOR,12716250,4401250
2026-10-01 23:06:40.380,NATURALGAS,PE,285.0,NATURALGAS23OCT26285PE,12.9,6250,SELL_AGGRESSOR,51797500,5980000
2026-10-01 23:06:40.380,NATURALGAS,PE,290.0,NATURALGAS23OCT26290PE,15.75,2500,SELL,74787500,13188750
2026-10-01 23:06:40.380,NATURALGAS,CE,295.0,NATURALGAS23OCT26295CE,11.35,7500,BUY_AGGRESSOR,34761250,7223750
2026-10-01 23:06:40.380,NATURALGAS,CE,310.0,NATURALGAS23OCT26310CE,7.25,1250,INSIDE,31208750,11652500
2026-10-01 23:06:40.380,NATGASMINI,FUT,0.0,NATGASMINI27OCT26FUT,287.4,500,SELL_AGGRESSOR,40289000,17206000
2026-10-01 23:06:40.380,NATGASMINI,PE,285.0,NATGASMINI23OCT26285PE,12.9,1000,SELL_AGGRESSOR,19189750,1332750
2026-10-01 23:06:40.380,NATGASMINI,CE,290.0,NATGASMINI23OCT26290CE,13.25,250,BUY_AGGRESSOR,24841250,3337750
2026-10-01 23:06:40.380,NATGASMINI,CE,295.0,NATGASMINI23OCT26295CE,11.4,250,SELL,11830000,1789000
2026-10-01 23:06:44.276,NATURALGAS,FUT,0.0,NATURALGAS27OCT26FUT,287.4,2500,BUY_AGGRESSOR,125167500,69168750
2026-10-01 23:06:44.276,NATURALGAS,CE,280.0,NATURALGAS23OCT26280CE,17.6,1250,SELL_AGGRESSOR,25940000,4492500
2026-10-01 23:06:44.276,NATURALGAS,PE,280.0,NATURALGAS23OCT26280PE,10.35,5000,SELL_AGGRESSOR,45866250,12292500
2026-10-01 23:06:44.276,NATURALGAS,CE,295.0,NATURALGAS23OCT26295CE,11.35,10000,SELL_AGGRESSOR,34771250,7223750
2026-10-01 23:06:44.276,NATURALGAS,PE,295.0,NATURALGAS23OCT26295PE,18.85,16250,SELL_AGGRESSOR,15182500,5440000
2026-10-01 23:06:44.276,NATGASMINI,FUT,0.0,NATGASMINI27OCT26FUT,287.4,1750,SELL_AGGRESSOR,40290750,17204750
2026-10-01 23:06:48.126,NATURALGAS,FUT,0.0,NATURALGAS27OCT26FUT,287.4,6250,BUY_AGGRESSOR,125173750,69168750
2026-10-01 23:06:48.126,NATURALGAS,PE,270.0,NATURALGAS23OCT26270PE,6.2,2500,BUY_AGGRESSOR,31983750,11508750
2026-10-01 23:06:48.126,NATURALGAS,CE,285.0,NATURALGAS23OCT26285CE,15.2,2500,BUY_AGGRESSOR,34517500,5211250
2026-10-01 23:06:48.126,NATURALGAS,CE,290.0,NATURALGAS23OCT26290CE,13.15,2500,BUY_AGGRESSOR,86998750,17581250
2026-10-01 23:06:48.126,NATGASMINI,FUT,0.0,NATGASMINI27OCT26FUT,287.4,250,SELL_AGGRESSOR,40291000,17204750
2026-10-01 23:06:48.126,NATGASMINI,PE,275.0,NATGASMINI23OCT26275PE,8.05,250,SELL_AGGRESSOR,4856750,746750
2026-10-01 23:06:48.126,NATGASMINI,CE,285.0,NATGASMINI23OCT26285CE,15.25,1000,SELL_AGGRESSOR,10352500,973000
2026-10-01 23:06:48.126,NATGASMINI,CE,290.0,NATGASMINI23OCT26290CE,13.15,1500,SELL_AGGRESSOR,24842750,3336250
2026-10-01 23:06:48.126,NATGASMINI,CE,315.0,NATGASMINI23OCT26315CE,6.3,250,SELL_AGGRESSOR,2645500,1302250
2026-10-01 23:06:52.021,NATURALGAS,FUT,0.0,NATURALGAS27OCT26FUT,287.3,1250,SELL_AGGRESSOR,125175000,69166250
2026-10-01 23:06:52.021,NATURALGAS,CE,310.0,NATURALGAS23OCT26310CE,7.25,10000,SELL_AGGRESSOR,31218750,11650000
2026-10-01 23:06:52.021,NATGASMINI,FUT,0.0,NATGASMINI27OCT26FUT,287.4,500,SELL_AGGRESSOR,40291500,17204750
2026-10-01 23:06:52.021,NATGASMINI,CE,270.0,NATGASMINI23OCT26270CE,23.7,250,BUY,712500,152500
2026-10-01 23:06:52.021,NATGASMINI,CE,285.0,NATGASMINI23OCT26285CE,15.35,2250,BUY_AGGRESSOR,10354750,973000
2026-10-01 23:06:52.021,NATGASMINI,PE,285.0,NATGASMINI23OCT26285PE,12.95,750,BUY_AGGRESSOR,19190500,1332750
2026-10-01 23:06:52.021,NATGASMINI,CE,290.0,NATGASMINI23OCT26290CE,13.25,1000,BUY_AGGRESSOR,24843750,3336250
2026-10-01 23:06:55.853,NATURALGAS,FUT,0.0,NATURALGAS27OCT26FUT,287.7,128750,BUY_AGGRESSOR,125303750,69166250
2026-10-01 23:06:55.853,NATURALGAS,PE,255.0,NATURALGAS23OCT26255PE,2.45,21250,BUY,7037500,2048750
2026-10-01 23:06:55.853,NATURALGAS,PE,260.0,NATURALGAS23OCT26260PE,3.4,32500,SELL_AGGRESSOR,27070000,10755000
2026-10-01 23:06:55.853,NATURALGAS,PE,265.0,NATURALGAS23OCT26265PE,4.6,2500,SELL_AGGRESSOR,12718750,4401250
2026-10-01 23:06:55.853,NATURALGAS,PE,270.0,NATURALGAS23OCT26270PE,6.15,62500,SELL_AGGRESSOR,32046250,11508750
2026-10-01 23:06:55.853,NATURALGAS,CE,275.0,NATURALGAS23OCT26275CE,20.55,11250,BUY_AGGRESSOR,3782500,413750
2026-10-01 23:06:55.853,NATURALGAS,PE,275.0,NATURALGAS23OCT26275PE,8.05,17500,SELL_AGGRESSOR,17978750,3670000
2026-10-01 23:06:55.853,NATURALGAS,CE,280.0,NATURALGAS23OCT26280CE,17.8,22500,BUY_AGGRESSOR,25962500,4485000
2026-10-01 23:06:55.853,NATURALGAS,PE,280.0,NATURALGAS23OCT26280PE,10.25,36250,SELL_AGGRESSOR,45902500,12287500
2026-10-01 23:06:55.853,NATURALGAS,CE,285.0,NATURALGAS23OCT26285CE,15.3,82500,BUY_AGGRESSOR,34600000,5211250
2026-10-01 23:06:55.853,NATURALGAS,PE,285.0,NATURALGAS23OCT26285PE,12.8,110000,SELL_AGGRESSOR,51907500,5985000
2026-10-01 23:06:55.853,NATURALGAS,CE,290.0,NATURALGAS23OCT26290CE,13.2,92500,BUY_AGGRESSOR,87091250,17582500
2026-10-01 23:06:55.853,NATURALGAS,PE,290.0,NATURALGAS23OCT26290PE,15.65,83750,SELL_AGGRESSOR,74871250,13188750
2026-10-01 23:06:55.853,NATURALGAS,CE,295.0,NATURALGAS23OCT26295CE,11.4,7500,BUY_AGGRESSOR,34778750,7221250
2026-10-01 23:06:55.853,NATURALGAS,PE,295.0,NATURALGAS23OCT26295PE,18.85,12500,SELL_AGGRESSOR,15195000,5438750
2026-10-01 23:06:55.853,NATURALGAS,CE,300.0,NATURALGAS23OCT26300CE,9.8,30000,BUY_AGGRESSOR,53033750,21006250
2026-10-01 23:06:55.853,NATURALGAS,PE,300.0,NATURALGAS23OCT26300PE,22.25,21250,SELL_AGGRESSOR,13655000,13901250
2026-10-01 23:06:55.853,NATURALGAS,CE,305.0,NATURALGAS23OCT26305CE,8.45,55000,BUY_AGGRESSOR,18696250,7961250
2026-10-01 23:06:55.853,NATURALGAS,CE,310.0,NATURALGAS23OCT26310CE,7.3,13750,BUY_AGGRESSOR,31232500,11642500
2026-10-01 23:06:55.853,NATURALGAS,PE,310.0,NATURALGAS23OCT26310PE,29.8,3750,SELL_AGGRESSOR,2283750,4566250
2026-10-01 23:06:55.853,NATURALGAS,CE,315.0,NATURALGAS23OCT26315CE,6.25,5000,BUY_AGGRESSOR,11403750,3506250
2026-10-01 23:06:55.853,NATGASMINI,FUT,0.0,NATGASMINI27OCT26FUT,287.8,46000,BUY_AGGRESSOR,40337500,17204750
2026-10-01 23:06:55.853,NATGASMINI,PE,255.0,NATGASMINI23OCT26255PE,2.5,14500,SELL_AGGRESSOR,680250,143000
2026-10-01 23:06:55.853,NATGASMINI,PE,265.0,NATGASMINI23OCT26265PE,4.6,10750,SELL_AGGRESSOR,5797500,3224250
2026-10-01 23:06:55.853,NATGASMINI,PE,270.0,NATGASMINI23OCT26270PE,6.15,6500,SELL_AGGRESSOR,4120750,980000
2026-10-01 23:06:55.853,NATGASMINI,CE,275.0,NATGASMINI23OCT26275CE,20.7,500,BUY_AGGRESSOR,1309000,82000
2026-10-01 23:06:55.853,NATGASMINI,PE,275.0,NATGASMINI23OCT26275PE,8.05,500,SELL_AGGRESSOR,4857250,746500
2026-10-01 23:06:55.853,NATGASMINI,CE,280.0,NATGASMINI23OCT26280CE,17.95,3250,BUY_AGGRESSOR,3749750,403000
2026-10-01 23:06:55.853,NATGASMINI,PE,280.0,NATGASMINI23OCT26280PE,10.25,53000,SELL_AGGRESSOR,9611500,1385000
2026-10-01 23:06:55.853,NATGASMINI,CE,285.0,NATGASMINI23OCT26285CE,15.4,6500,BUY_AGGRESSOR,10361250,973000
2026-10-01 23:06:55.853,NATGASMINI,PE,285.0,NATGASMINI23OCT26285PE,12.85,32500,SELL_AGGRESSOR,19223000,1332750
2026-10-01 23:06:55.853,NATGASMINI,CE,290.0,NATGASMINI23OCT26290CE,13.3,20750,BUY_AGGRESSOR,24864500,3345250
2026-10-01 23:06:55.853,NATGASMINI,PE,290.0,NATGASMINI23OCT26290PE,15.65,6000,SELL_AGGRESSOR,18170250,1613000
2026-10-01 23:06:55.853,NATGASMINI,CE,295.0,NATGASMINI23OCT26295CE,11.5,18250,BUY_AGGRESSOR,11848250,1780500
2026-10-01 23:06:55.853,NATGASMINI,PE,295.0,NATGASMINI23OCT26295PE,18.75,9750,SELL_AGGRESSOR,5237750,804250
2026-10-01 23:06:55.853,NATGASMINI,CE,300.0,NATGASMINI23OCT26300CE,9.9,6500,BUY_AGGRESSOR,12734750,3312500
2026-10-01 23:06:55.853,NATGASMINI,PE,300.0,NATGASMINI23OCT26300PE,22.05,1500,SELL_AGGRESSOR,3002500,1052500
2026-10-01 23:06:55.853,NATGASMINI,CE,305.0,NATGASMINI23OCT26305CE,8.55,8250,BUY_AGGRESSOR,5942500,1706000
2026-10-01 23:06:55.853,NATGASMINI,PE,305.0,NATGASMINI23OCT26305PE,25.5,5000,SELL_AGGRESSOR,580500,390000
2026-10-01 23:06:55.853,NATGASMINI,CE,310.0,NATGASMINI23OCT26310CE,7.4,500,BUY_AGGRESSOR,5069250,1877750
2026-10-01 23:06:55.853,NATGASMINI,PE,310.0,NATGASMINI23OCT26310PE,29.55,2000,SELL_AGGRESSOR,419750,668250
2026-10-01 23:06:59.752,NATURALGAS,PE,275.0,NATURALGAS23OCT26275PE,8.05,8750,BUY_AGGRESSOR,17987500,3677500
2026-10-01 23:06:59.752,NATURALGAS,CE,280.0,NATURALGAS23OCT26280CE,17.8,2500,INSIDE,25965000,4472500
2026-10-01 23:06:59.752,NATURALGAS,PE,280.0,NATURALGAS23OCT26280PE,10.25,2500,SELL_AGGRESSOR,45905000,12283750
2026-10-01 23:06:59.752,NATURALGAS,PE,285.0,NATURALGAS23OCT26285PE,12.8,5000,SELL_AGGRESSOR,51912500,6040000
2026-10-01 23:06:59.752,NATURALGAS,CE,290.0,NATURALGAS23OCT26290CE,13.2,5000,SELL_AGGRESSOR,87096250,17595000
2026-10-01 23:06:59.752,NATURALGAS,PE,290.0,NATURALGAS23OCT26290PE,15.6,172500,SELL_AGGRESSOR,75043750,13208750
2026-10-01 23:06:59.752,NATURALGAS,CE,295.0,NATURALGAS23OCT26295CE,11.45,8750,BUY_AGGRESSOR,34787500,7207500
2026-10-01 23:06:59.752,NATURALGAS,CE,305.0,NATURALGAS23OCT26305CE,8.4,120000,SELL_AGGRESSOR,18816250,8002500
2026-10-01 23:06:59.752,NATGASMINI,FUT,0.0,NATGASMINI27OCT26FUT,287.6,1000,SELL_AGGRESSOR,40338500,17214750
2026-10-01 23:06:59.752,NATGASMINI,CE,285.0,NATGASMINI23OCT26285CE,15.4,750,SELL_AGGRESSOR,10362000,973000
2026-10-01 23:06:59.752,NATGASMINI,CE,305.0,NATGASMINI23OCT26305CE,8.55,1000,SELL_AGGRESSOR,5943500,1705000
2026-10-01 23:06:59.752,NATGASMINI,CE,310.0,NATGASMINI23OCT26310CE,7.4,250,SELL_AGGRESSOR,5069500,1877500
2026-10-01 23:07:03.557,NATURALGAS,FUT,0.0,NATURALGAS27OCT26FUT,287.6,5000,SELL_AGGRESSOR,125308750,69121250
2026-10-01 23:07:03.557,NATURALGAS,PE,260.0,NATURALGAS23OCT26260PE,3.4,1250,SELL_AGGRESSOR,27071250,10762500
2026-10-01 23:07:03.557,NATURALGAS,PE,280.0,NATURALGAS23OCT26280PE,10.25,13750,SELL_AGGRESSOR,45918750,12270000
2026-10-01 23:07:03.557,NATURALGAS,PE,285.0,NATURALGAS23OCT26285PE,12.75,75000,SELL_AGGRESSOR,51987500,6023750
2026-10-01 23:07:03.557,NATURALGAS,CE,290.0,NATURALGAS23OCT26290CE,13.2,8750,SELL_AGGRESSOR,87105000,17591250
2026-10-01 23:07:03.557,NATURALGAS,PE,290.0,NATURALGAS23OCT26290PE,15.6,27500,SELL_AGGRESSOR,75071250,13102500
2026-10-01 23:07:03.557,NATURALGAS,PE,295.0,NATURALGAS23OCT26295PE,18.75,6250,SELL_AGGRESSOR,15201250,5436250
2026-10-01 23:07:03.557,NATURALGAS,PE,300.0,NATURALGAS23OCT26300PE,22.25,10000,BUY_AGGRESSOR,13665000,13901250
2026-10-01 23:07:03.557,NATURALGAS,CE,305.0,NATURALGAS23OCT26305CE,8.35,180000,SELL_AGGRESSOR,18996250,8067500
2026-10-01 23:07:03.557,NATGASMINI,PE,275.0,NATGASMINI23OCT26275PE,8.05,2500,BUY_AGGRESSOR,4859750,746250
2026-10-01 23:07:03.557,NATGASMINI,PE,285.0,NATGASMINI23OCT26285PE,12.75,750,SELL_AGGRESSOR,19223750,1319000
2026-10-01 23:07:03.557,NATGASMINI,CE,290.0,NATGASMINI23OCT26290CE,13.3,250,SELL_AGGRESSOR,24864750,3343750
2026-10-01 23:07:03.557,NATGASMINI,CE,295.0,NATGASMINI23OCT26295CE,11.5,250,SELL_AGGRESSOR,11848500,1779250
2026-10-01 23:07:03.557,NATGASMINI,CE,300.0,NATGASMINI23OCT26300CE,9.95,1000,BUY,12735750,3307500
2026-10-01 23:07:03.557,NATGASMINI,PE,300.0,NATGASMINI23OCT26300PE,22.05,1250,INSIDE,3003750,1054250
2026-10-01 23:07:03.557,NATGASMINI,CE,305.0,NATGASMINI23OCT26305CE,8.55,1250,SELL_AGGRESSOR,5944750,1705000
2026-10-01 23:07:03.557,NATGASMINI,PE,305.0,NATGASMINI23OCT26305PE,25.5,250,SELL_AGGRESSOR,580750,389750
2026-10-01 23:07:07.445,NATURALGAS,FUT,0.0,NATURALGAS27OCT26FUT,287.6,5000,SELL_AGGRESSOR,125313750,69120000
2026-10-01 23:07:07.445,NATURALGAS,PE,260.0,NATURALGAS23OCT26260PE,3.4,7500,SELL_AGGRESSOR,27078750,10762500
2026-10-01 23:07:07.445,NATURALGAS,PE,275.0,NATURALGAS23OCT26275PE,8.05,1250,BUY_AGGRESSOR,17988750,3678750
2026-10-01 23:07:07.445,NATURALGAS,PE,280.0,NATURALGAS23OCT26280PE,10.25,35000,SELL_AGGRESSOR,45953750,12256250
2026-10-01 23:07:07.445,NATURALGAS,CE,285.0,NATURALGAS23OCT26285CE,15.3,2500,SELL_AGGRESSOR,34602500,5211250
2026-10-01 23:07:07.445,NATURALGAS,CE,290.0,NATURALGAS23OCT26290CE,13.2,41250,SELL_AGGRESSOR,87146250,17576250
2026-10-01 23:07:07.445,NATURALGAS,PE,290.0,NATURALGAS23OCT26290PE,15.55,10000,SELL_AGGRESSOR,75081250,13102500
2026-10-01 23:07:07.445,NATURALGAS,CE,300.0,NATURALGAS23OCT26300CE,9.8,18750,SELL_AGGRESSOR,53052500,20975000
2026-10-01 23:07:07.445,NATURALGAS,PE,300.0,NATURALGAS23OCT26300PE,22.25,11250,BUY_AGGRESSOR,13676250,13901250
2026-10-01 23:07:07.445,NATURALGAS,CE,305.0,NATURALGAS23OCT26305CE,8.45,188750,BUY_AGGRESSOR,19185000,8093750
2026-10-01 23:07:07.445,NATURALGAS,CE,310.0,NATURALGAS23OCT26310CE,7.3,7500,SELL_AGGRESSOR,31240000,11630000
2026-10-01 23:07:07.445,NATGASMINI,FUT,0.0,NATGASMINI27OCT26FUT,287.7,1500,SELL_AGGRESSOR,40340000,17214750
2026-10-01 23:07:07.445,NATGASMINI,CE,285.0,NATGASMINI23OCT26285CE,15.45,11250,BUY,10373250,973000
2026-10-01 23:07:07.445,NATGASMINI,PE,285.0,NATGASMINI23OCT26285PE,12.75,1250,SELL_AGGRESSOR,19225000,1319000
2026-10-01 23:07:07.445,NATGASMINI,CE,290.0,NATGASMINI23OCT26290CE,13.3,2750,SELL_AGGRESSOR,24867500,3344750
2026-10-01 23:07:07.445,NATGASMINI,PE,290.0,NATGASMINI23OCT26290PE,15.55,34250,SELL_AGGRESSOR,18204500,1604750
2026-10-01 23:07:07.445,NATGASMINI,CE,295.0,NATGASMINI23OCT26295CE,11.5,2750,SELL_AGGRESSOR,11851250,1777750
2026-10-01 23:07:07.445,NATGASMINI,PE,300.0,NATGASMINI23OCT26300PE,22.05,1250,BUY_AGGRESSOR,3005000,1055000
2026-10-01 23:07:07.445,NATGASMINI,CE,305.0,NATGASMINI23OCT26305CE,8.55,9250,SELL_AGGRESSOR,5954000,1705000
2026-10-01 23:07:07.445,NATGASMINI,CE,310.0,NATGASMINI23OCT26310CE,7.4,2250,SELL_AGGRESSOR,5071750,1877500
2026-10-01 23:07:11.289,NATURALGAS,FUT,0.0,NATURALGAS27OCT26FUT,287.6,5000,SELL_AGGRESSOR,125318750,69113750
2026-10-01 23:07:11.289,NATURALGAS,PE,260.0,NATURALGAS23OCT26260PE,3.4,6250,SELL_AGGRESSOR,27085000,10761250
2026-10-01 23:07:11.289,NATURALGAS,PE,265.0,NATURALGAS23OCT26265PE,4.55,2500,SELL_AGGRESSOR,12721250,4400000
2026-10-01 23:07:11.289,NATURALGAS,PE,275.0,NATURALGAS23OCT26275PE,8.05,2500,BUY_AGGRESSOR,17991250,3678750
2026-10-01 23:07:11.289,NATURALGAS,CE,280.0,NATURALGAS23OCT26280CE,17.75,1250,SELL_AGGRESSOR,25966250,4473750
2026-10-01 23:07:11.289,NATURALGAS,PE,280.0,NATURALGAS23OCT26280PE,10.2,18750,SELL_AGGRESSOR,45972500,12247500
2026-10-01 23:07:11.289,NATURALGAS,CE,285.0,NATURALGAS23OCT26285CE,15.3,13750,SELL_AGGRESSOR,34616250,5210000
2026-10-01 23:07:11.289,NATURALGAS,PE,285.0,NATURALGAS23OCT26285PE,12.8,12500,BUY_AGGRESSOR,52000000,5977500
2026-10-01 23:07:11.289,NATURALGAS,CE,290.0,NATURALGAS23OCT26290CE,13.2,18750,SELL_AGGRESSOR,87165000,17575000
2026-10-01 23:07:11.289,NATURALGAS,PE,290.0,NATURALGAS23OCT26290PE,15.6,21250,BUY_AGGRESSOR,75102500,13100000
2026-10-01 23:07:11.289,NATURALGAS,CE,295.0,NATURALGAS23OCT26295CE,11.45,17500,BUY_AGGRESSOR,34805000,7206250
2026-10-01 23:07:11.289,NATURALGAS,CE,300.0,NATURALGAS23OCT26300CE,9.8,11250,SELL_AGGRESSOR,53063750,20970000
2026-10-01 23:07:11.289,NATURALGAS,PE,300.0,NATURALGAS23OCT26300PE,22.2,2500,SELL_AGGRESSOR,13678750,13901250
2026-10-01 23:07:11.289,NATGASMINI,FUT,0.0,NATGASMINI27OCT26FUT,287.7,750,SELL_AGGRESSOR,40340750,17214500
2026-10-01 23:07:11.289,NATGASMINI,CE,285.0,NATGASMINI23OCT26285CE,15.4,7500,SELL_AGGRESSOR,10380750,973000
2026-10-01 23:07:11.289,NATGASMINI,CE,290.0,NATGASMINI23OCT26290CE,13.3,12250,SELL_AGGRESSOR,24879750,3356000
2026-10-01 23:07:11.289,NATGASMINI,PE,290.0,NATGASMINI23OCT26290PE,15.55,1000,SELL_AGGRESSOR,18205500,1604750
2026-10-01 23:07:11.289,NATGASMINI,CE,295.0,NATGASMINI23OCT26295CE,11.45,250,SELL_AGGRESSOR,11851500,1776750
2026-10-01 23:07:11.289,NATGASMINI,PE,295.0,NATGASMINI23OCT26295PE,18.75,2500,BUY_AGGRESSOR,5240250,799750
2026-10-01 23:07:11.289,NATGASMINI,CE,305.0,NATGASMINI23OCT26305CE,8.55,2500,SELL_AGGRESSOR,5956500,1705000
2026-10-01 23:07:11.289,NATGASMINI,CE,310.0,NATGASMINI23OCT26310CE,7.4,1000,INSIDE,5072750,1877500
2026-10-01 23:07:11.289,NATGASMINI,CE,315.0,NATGASMINI23OCT26315CE,6.4,2250,SELL_AGGRESSOR,2647750,1302250
2026-10-01 23:07:15.084,NATURALGAS,FUT,0.0,NATURALGAS27OCT26FUT,287.6,100000,SELL_AGGRESSOR,125418750,69113750
2026-10-01 23:07:15.084,NATURALGAS,PE,260.0,NATURALGAS23OCT26260PE,3.4,28750,SELL_AGGRESSOR,27113750,10765000
2026-10-01 23:07:15.084,NATURALGAS,PE,270.0,NATURALGAS23OCT26270PE,6.1,62500,SELL_AGGRESSOR,32108750,11521250
2026-10-01 23:07:15.084,NATURALGAS,CE,275.0,NATURALGAS23OCT26275CE,20.6,8750,BUY_AGGRESSOR,3791250,411250
2026-10-01 23:07:15.084,NATURALGAS,PE,275.0,NATURALGAS23OCT26275PE,8.0,22500,SELL_AGGRESSOR,18013750,3700000
2026-10-01 23:07:15.084,NATURALGAS,CE,280.0,NATURALGAS23OCT26280CE,17.8,8750,BUY_AGGRESSOR,25975000,4470000
2026-10-01 23:07:15.084,NATURALGAS,PE,280.0,NATURALGAS23OCT26280PE,10.2,46250,SELL_AGGRESSOR,46018750,12198750
2026-10-01 23:07:15.084,NATURALGAS,CE,285.0,NATURALGAS23OCT26285CE,15.3,5000,BUY_AGGRESSOR,34621250,5210000
2026-10-01 23:07:15.084,NATURALGAS,PE,285.0,NATURALGAS23OCT26285PE,12.75,2500,SELL_AGGRESSOR,52002500,5966250
2026-10-01 23:07:15.084,NATURALGAS,CE,290.0,NATURALGAS23OCT26290CE,13.2,1250,BUY_AGGRESSOR,87166250,17560000
2026-10-01 23:07:15.084,NATURALGAS,PE,290.0,NATURALGAS23OCT26290PE,15.55,2500,SELL_AGGRESSOR,75105000,13100000
2026-10-01 23:07:15.084,NATURALGAS,CE,295.0,NATURALGAS23OCT26295CE,11.45,5000,BUY_AGGRESSOR,34810000,7206250
2026-10-01 23:07:15.084,NATURALGAS,PE,295.0,NATURALGAS23OCT26295PE,18.75,1250,SELL_AGGRESSOR,15202500,5435000
2026-10-01 23:07:15.084,NATURALGAS,CE,300.0,NATURALGAS23OCT26300CE,9.8,6250,BUY_AGGRESSOR,53070000,20965000
2026-10-01 23:07:15.084,NATURALGAS,PE,300.0,NATURALGAS23OCT26300PE,22.15,2500,SELL_AGGRESSOR,13681250,13903750
2026-10-01 23:07:15.084,NATURALGAS,CE,310.0,NATURALGAS23OCT26310CE,7.3,22500,BUY_AGGRESSOR,31262500,11637500
2026-10-01 23:07:15.084,NATURALGAS,PE,310.0,NATURALGAS23OCT26310PE,29.75,2500,SELL,2286250,4565000
2026-10-01 23:07:15.084,NATGASMINI,FUT,0.0,NATGASMINI27OCT26FUT,287.7,7750,INSIDE,40348500,17216500
2026-10-01 23:07:15.084,NATGASMINI,PE,275.0,NATGASMINI23OCT26275PE,7.95,1500,SELL_AGGRESSOR,4861250,746750
2026-10-01 23:07:15.084,NATGASMINI,PE,280.0,NATGASMINI23OCT26280PE,10.15,6000,SELL_AGGRESSOR,9617500,1380500
2026-10-01 23:07:15.084,NATGASMINI,CE,285.0,NATGASMINI23OCT26285CE,15.4,3000,SELL_AGGRESSOR,10383750,973000
2026-10-01 23:07:15.084,NATGASMINI,PE,285.0,NATGASMINI23OCT26285PE,12.7,9000,SELL_AGGRESSOR,19234000,1318500
2026-10-01 23:07:15.084,NATGASMINI,CE,290.0,NATGASMINI23OCT26290CE,13.35,3250,BUY_AGGRESSOR,24883000,3356000
2026-10-01 23:07:15.084,NATGASMINI,PE,290.0,NATGASMINI23OCT26290PE,15.55,5250,SELL_AGGRESSOR,18210750,1604500
2026-10-01 23:07:15.084,NATGASMINI,CE,295.0,NATGASMINI23OCT26295CE,11.45,3750,SELL_AGGRESSOR,11855250,1776250
2026-10-01 23:07:15.084,NATGASMINI,PE,295.0,NATGASMINI23OCT26295PE,18.7,500,SELL,5240750,799750
2026-10-01 23:07:15.084,NATGASMINI,PE,300.0,NATGASMINI23OCT26300PE,22.0,250,SELL,3005250,1054750
2026-10-01 23:07:15.084,NATGASMINI,CE,305.0,NATGASMINI23OCT26305CE,8.55,500,INSIDE,5957000,1705000
2026-10-01 23:07:15.084,NATGASMINI,PE,305.0,NATGASMINI23OCT26305PE,25.6,500,BUY,581250,390000
2026-10-01 23:07:18.983,NATURALGAS,FUT,0.0,NATURALGAS27OCT26FUT,287.7,5000,BUY,125423750,69082500
2026-10-01 23:07:18.983,NATURALGAS,CE,285.0,NATURALGAS23OCT26285CE,15.35,6250,BUY_AGGRESSOR,34627500,5213750
2026-10-01 23:07:18.983,NATURALGAS,CE,290.0,NATURALGAS23OCT26290CE,13.2,3750,SELL_AGGRESSOR,87170000,17560000
2026-10-01 23:07:18.983,NATURALGAS,PE,295.0,NATURALGAS23OCT26295PE,18.7,2500,SELL_AGGRESSOR,15205000,5432500
2026-10-01 23:07:18.983,NATGASMINI,FUT,0.0,NATGASMINI27OCT26FUT,287.8,2750,BUY_AGGRESSOR,40351250,17214250
2026-10-01 23:07:18.983,NATGASMINI,PE,270.0,NATGASMINI23OCT26270PE,6.1,250,SELL_AGGRESSOR,4121000,979750
2026-10-01 23:07:18.983,NATGASMINI,PE,275.0,NATGASMINI23OCT26275PE,7.95,1000,SELL_AGGRESSOR,4862250,746750
2026-10-01 23:07:18.983,NATGASMINI,PE,280.0,NATGASMINI23OCT26280PE,10.15,250,SELL_AGGRESSOR,9617750,1380500
2026-10-01 23:07:18.983,NATGASMINI,PE,285.0,NATGASMINI23OCT26285PE,12.7,12750,SELL_AGGRESSOR,19246750,1317250
2026-10-01 23:07:18.983,NATGASMINI,PE,290.0,NATGASMINI23OCT26290PE,15.6,500,BUY_AGGRESSOR,18211250,1605000
2026-10-01 23:07:22.760,NATURALGAS,FUT,0.0,NATURALGAS27OCT26FUT,287.6,6250,SELL_AGGRESSOR,125430000,69077500
2026-10-01 23:07:22.760,NATURALGAS,CE,280.0,NATURALGAS23OCT26280CE,17.8,8750,BUY_AGGRESSOR,25983750,4461250
2026-10-01 23:07:22.760,NATURALGAS,PE,280.0,NATURALGAS23OCT26280PE,10.2,8750,SELL_AGGRESSOR,46027500,12191250
2026-10-01 23:07:22.760,NATURALGAS,PE,285.0,NATURALGAS23OCT26285PE,12.75,5000,SELL_AGGRESSOR,52007500,5962500
2026-10-01 23:07:22.760,NATURALGAS,CE,290.0,NATURALGAS23OCT26290CE,13.2,25000,BUY_AGGRESSOR,87195000,17561250
2026-10-01 23:07:22.760,NATURALGAS,PE,290.0,NATURALGAS23OCT26290PE,15.6,1250,BUY_AGGRESSOR,75106250,13100000
2026-10-01 23:07:22.760,NATURALGAS,CE,300.0,NATURALGAS23OCT26300CE,9.8,2500,SELL_AGGRESSOR,53072500,20962500
2026-10-01 23:07:22.760,NATURALGAS,PE,300.0,NATURALGAS23OCT26300PE,22.2,2500,BUY_AGGRESSOR,13683750,13903750
2026-10-01 23:07:22.760,NATGASMINI,FUT,0.0,NATGASMINI27OCT26FUT,287.8,500,BUY_AGGRESSOR,40351750,17214250
2026-10-01 23:07:22.760,NATGASMINI,PE,270.0,NATGASMINI23OCT26270PE,6.1,250,SELL_AGGRESSOR,4121250,979500
2026-10-01 23:07:22.760,NATGASMINI,CE,285.0,NATGASMINI23OCT26285CE,15.4,250,SELL_AGGRESSOR,10384000,973000
2026-10-01 23:07:22.760,NATGASMINI,PE,290.0,NATGASMINI23OCT26290PE,15.5,2000,SELL_AGGRESSOR,18213250,1605000
2026-10-01 23:07:22.760,NATGASMINI,CE,295.0,NATGASMINI23OCT26295CE,11.45,500,SELL_AGGRESSOR,11855750,1776750
2026-10-01 23:07:22.760,NATGASMINI,CE,305.0,NATGASMINI23OCT26305CE,8.55,250,SELL_AGGRESSOR,5957250,1705000
2026-10-01 23:07:22.760,NATGASMINI,PE,305.0,NATGASMINI23OCT26305PE,25.6,250,BUY_AGGRESSOR,581500,390000
2026-10-01 23:07:22.760,NATGASMINI,CE,315.0,NATGASMINI23OCT26315CE,6.35,250,SELL_AGGRESSOR,2648000,1302250
2026-10-01 23:07:26.681,NATURALGAS,FUT,0.0,NATURALGAS27OCT26FUT,287.7,6250,BUY_AGGRESSOR,125436250,69072500
2026-10-01 23:07:26.681,NATURALGAS,PE,270.0,NATURALGAS23OCT26270PE,6.05,63750,SELL_AGGRESSOR,32172500,11521250
2026-10-01 23:07:26.681,NATURALGAS,CE,280.0,NATURALGAS23OCT26280CE,17.8,1250,BUY_AGGRESSOR,25985000,4461250
2026-10-01 23:07:26.681,NATURALGAS,PE,285.0,NATURALGAS23OCT26285PE,12.75,1250,SELL_AGGRESSOR,52008750,5957500
2026-10-01 23:07:26.681,NATURALGAS,CE,290.0,NATURALGAS23OCT26290CE,13.2,2500,SELL_AGGRESSOR,87197500,17561250
2026-10-01 23:07:26.681,NATGASMINI,FUT,0.0,NATGASMINI27OCT26FUT,287.7,500,SELL_AGGRESSOR,40352250,17213750
2026-10-01 23:07:26.681,NATGASMINI,PE,280.0,NATGASMINI23OCT26280PE,10.15,2000,SELL_AGGRESSOR,9619750,1380500
2026-10-01 23:07:26.681,NATGASMINI,CE,290.0,NATGASMINI23OCT26290CE,13.35,1000,BUY_AGGRESSOR,24884000,3355500
2026-10-01 23:07:26.681,NATGASMINI,PE,290.0,NATGASMINI23OCT26290PE,15.5,3500,SELL_AGGRESSOR,18216750,1605000
2026-10-01 23:07:26.681,NATGASMINI,PE,295.0,NATGASMINI23OCT26295PE,18.75,1250,BUY_AGGRESSOR,5242000,801000
2026-10-01 23:07:30.486,NATURALGAS,FUT,0.0,NATURALGAS27OCT26FUT,287.7,40000,BUY_AGGRESSOR,125476250,69060000
2026-10-01 23:07:30.486,NATURALGAS,PE,270.0,NATURALGAS23OCT26270PE,6.05,12500,SELL_AGGRESSOR,32185000,11521250
2026-10-01 23:07:30.486,NATURALGAS,PE,275.0,NATURALGAS23OCT26275PE,7.9,13750,SELL_AGGRESSOR,18027500,3690000
2026-10-01 23:07:30.486,NATURALGAS,CE,280.0,NATURALGAS23OCT26280CE,17.85,28750,BUY_AGGRESSOR,26013750,4461250
2026-10-01 23:07:30.486,NATURALGAS,PE,280.0,NATURALGAS23OCT26280PE,10.2,26250,SELL_AGGRESSOR,46053750,12188750
2026-10-01 23:07:30.486,NATURALGAS,CE,285.0,NATURALGAS23OCT26285CE,15.35,3750,BUY_AGGRESSOR,34631250,5215000
2026-10-01 23:07:30.486,NATURALGAS,PE,285.0,NATURALGAS23OCT26285PE,12.75,100000,SELL_AGGRESSOR,52108750,5957500
2026-10-01 23:07:30.486,NATURALGAS,CE,290.0,NATURALGAS23OCT26290CE,13.25,3750,BUY_AGGRESSOR,87201250,17562500
2026-10-01 23:07:30.486,NATURALGAS,PE,290.0,NATURALGAS23OCT26290PE,15.55,28750,SELL_AGGRESSOR,75135000,13087500
2026-10-01 23:07:30.486,NATURALGAS,PE,300.0,NATURALGAS23OCT26300PE,22.15,6250,SELL_AGGRESSOR,13690000,13910000
2026-10-01 23:07:30.486,NATURALGAS,CE,305.0,NATURALGAS23OCT26305CE,8.45,1250,BUY_AGGRESSOR,19186250,8160000
2026-10-01 23:07:30.486,NATURALGAS,PE,310.0,NATURALGAS23OCT26310PE,29.7,5000,SELL,2291250,4565000
2026-10-01 23:07:30.486,NATGASMINI,FUT,0.0,NATGASMINI27OCT26FUT,287.8,3500,BUY_AGGRESSOR,40355750,17211250
2026-10-01 23:07:30.486,NATGASMINI,PE,255.0,NATGASMINI23OCT26255PE,2.45,250,SELL_AGGRESSOR,680500,142750
2026-10-01 23:07:30.486,NATGASMINI,PE,285.0,NATGASMINI23OCT26285PE,12.75,1750,SELL_AGGRESSOR,19248500,1315500
2026-10-01 23:07:30.486,NATGASMINI,CE,290.0,NATGASMINI23OCT26290CE,13.3,3000,SELL,24887000,3355250
2026-10-01 23:07:30.486,NATGASMINI,PE,290.0,NATGASMINI23OCT26290PE,15.55,250,BUY,18217000,1605000
2026-10-01 23:07:30.486,NATGASMINI,CE,295.0,NATGASMINI23OCT26295CE,11.5,1500,BUY,11857250,1776250
2026-10-01 23:07:30.486,NATGASMINI,PE,295.0,NATGASMINI23OCT26295PE,18.65,750,SELL_AGGRESSOR,5242750,801750
2026-10-01 23:07:30.486,NATGASMINI,CE,300.0,NATGASMINI23OCT26300CE,9.95,2250,BUY_AGGRESSOR,12738000,3305250
2026-10-01 23:07:30.486,NATGASMINI,PE,300.0,NATGASMINI23OCT26300PE,21.95,250,SELL_AGGRESSOR,3005500,1054750
2026-10-01 23:07:30.486,NATGASMINI,CE,310.0,NATGASMINI23OCT26310CE,7.45,750,BUY_AGGRESSOR,5073500,1878250
2026-10-01 23:07:34.459,NATURALGAS,FUT,0.0,NATURALGAS27OCT26FUT,287.7,2500,SELL_AGGRESSOR,125478750,69031250
2026-10-01 23:07:34.459,NATURALGAS,PE,260.0,NATURALGAS23OCT26260PE,3.4,125000,BUY_AGGRESSOR,27238750,10765000
2026-10-01 23:07:34.459,NATURALGAS,PE,270.0,NATURALGAS23OCT26270PE,6.05,1250,SELL_AGGRESSOR,32186250,11521250
2026-10-01 23:07:34.459,NATURALGAS,PE,280.0,NATURALGAS23OCT26280PE,10.15,11250,SELL_AGGRESSOR,46065000,12177500
2026-10-01 23:07:34.459,NATURALGAS,CE,285.0,NATURALGAS23OCT26285CE,15.3,1250,SELL_AGGRESSOR,34632500,5215000
2026-10-01 23:07:34.459,NATURALGAS,CE,290.0,NATURALGAS23OCT26290CE,13.25,6250,BUY_AGGRESSOR,87207500,17562500
2026-10-01 23:07:34.459,NATURALGAS,PE,290.0,NATURALGAS23OCT26290PE,15.5,43750,SELL_AGGRESSOR,75178750,13063750
2026-10-01 23:07:34.459,NATGASMINI,FUT,0.0,NATGASMINI27OCT26FUT,287.8,1250,BUY_AGGRESSOR,40357000,17209000
2026-10-01 23:07:34.459,NATGASMINI,PE,275.0,NATGASMINI23OCT26275PE,7.95,500,SELL_AGGRESSOR,4862750,746750
2026-10-01 23:07:34.459,NATGASMINI,PE,280.0,NATGASMINI23OCT26280PE,10.15,3250,SELL_AGGRESSOR,9623000,1377250
2026-10-01 23:07:34.459,NATGASMINI,CE,285.0,NATGASMINI23OCT26285CE,15.45,3250,SELL_AGGRESSOR,10387250,973250
2026-10-01 23:07:34.459,NATGASMINI,PE,285.0,NATGASMINI23OCT26285PE,12.7,3250,SELL_AGGRESSOR,19251750,1312250
2026-10-01 23:07:34.459,NATGASMINI,CE,290.0,NATGASMINI23OCT26290CE,13.3,2750,SELL_AGGRESSOR,24889750,3353500
2026-10-01 23:07:34.459,NATGASMINI,PE,290.0,NATGASMINI23OCT26290PE,15.55,1250,BUY_AGGRESSOR,18218250,1603750
2026-10-01 23:07:34.459,NATGASMINI,CE,295.0,NATGASMINI23OCT26295CE,11.5,1500,SELL_AGGRESSOR,11858750,1775750
2026-10-01 23:07:34.459,NATGASMINI,PE,295.0,NATGASMINI23OCT26295PE,18.6,1000,SELL_AGGRESSOR,5243750,802250
2026-10-01 23:07:34.459,NATGASMINI,CE,310.0,NATGASMINI23OCT26310CE,7.35,12500,SELL_AGGRESSOR,5086000,1865750
2026-10-01 23:07:38.267,NATURALGAS,FUT,0.0,NATURALGAS27OCT26FUT,287.7,10000,SELL_AGGRESSOR,125488750,69022500
2026-10-01 23:07:38.267,NATURALGAS,PE,255.0,NATURALGAS23OCT26255PE,2.4,2500,SELL_AGGRESSOR,7040000,2038750
2026-10-01 23:07:38.267,NATURALGAS,PE,265.0,NATURALGAS23OCT26265PE,4.55,11250,SELL_AGGRESSOR,12732500,4393750
2026-10-01 23:07:38.267,NATURALGAS,CE,280.0,NATURALGAS23OCT26280CE,17.85,1250,BUY_AGGRESSOR,26015000,4461250
2026-10-01 23:07:38.267,NATURALGAS,CE,285.0,NATURALGAS23OCT26285CE,15.35,1250,BUY_AGGRESSOR,34633750,5216250
2026-10-01 23:07:38.267,NATURALGAS,CE,290.0,NATURALGAS23OCT26290CE,13.25,1250,BUY_AGGRESSOR,87208750,17562500
2026-10-01 23:07:38.267,NATURALGAS,PE,290.0,NATURALGAS23OCT26290PE,15.5,3750,SELL_AGGRESSOR,75182500,13053750
2026-10-01 23:07:38.267,NATGASMINI,FUT,0.0,NATGASMINI27OCT26FUT,287.7,1500,SELL_AGGRESSOR,40358500,17209250
2026-10-01 23:07:38.267,NATGASMINI,CE,280.0,NATGASMINI23OCT26280CE,17.95,500,SELL_AGGRESSOR,3750250,403500
2026-10-01 23:07:38.267,NATGASMINI,PE,285.0,NATGASMINI23OCT26285PE,12.7,500,SELL_AGGRESSOR,19252250,1311750
2026-10-01 23:07:38.267,NATGASMINI,CE,290.0,NATGASMINI23OCT26290CE,13.4,8250,BUY_AGGRESSOR,24898000,3359000
2026-10-01 23:07:42.130,NATURALGAS,FUT,0.0,NATURALGAS27OCT26FUT,287.7,6250,SELL_AGGRESSOR,125495000,69017500
2026-10-01 23:07:42.130,NATURALGAS,PE,255.0,NATURALGAS23OCT26255PE,2.4,7500,SELL_AGGRESSOR,7047500,2042500
2026-10-01 23:07:42.130,NATURALGAS,PE,260.0,NATURALGAS23OCT26260PE,3.35,2500,SELL_AGGRESSOR,27241250,10752500
2026-10-01 23:07:42.130,NATURALGAS,PE,265.0,NATURALGAS23OCT26265PE,4.55,11250,SELL_AGGRESSOR,12743750,4386250
2026-10-01 23:07:42.130,NATURALGAS,PE,270.0,NATURALGAS23OCT26270PE,6.0,48750,SELL_AGGRESSOR,32235000,11508750
2026-10-01 23:07:42.130,NATURALGAS,CE,275.0,NATURALGAS23OCT26275CE,20.65,12500,BUY_AGGRESSOR,3803750,408750
2026-10-01 23:07:42.130,NATURALGAS,PE,275.0,NATURALGAS23OCT26275PE,7.9,2500,SELL_AGGRESSOR,18030000,3685000
2026-10-01 23:07:42.130,NATURALGAS,CE,280.0,NATURALGAS23OCT26280CE,17.85,18750,BUY_AGGRESSOR,26033750,4453750
2026-10-01 23:07:42.130,NATURALGAS,PE,280.0,NATURALGAS23OCT26280PE,10.15,2500,SELL_AGGRESSOR,46067500,12175000
2026-10-01 23:07:42.130,NATURALGAS,PE,285.0,NATURALGAS23OCT26285PE,12.65,18750,SELL_AGGRESSOR,52127500,5960000
2026-10-01 23:07:42.130,NATURALGAS,CE,290.0,NATURALGAS23OCT26290CE,13.25,58750,BUY_AGGRESSOR,87267500,17562500
2026-10-01 23:07:42.130,NATURALGAS,PE,290.0,NATURALGAS23OCT26290PE,15.5,67500,SELL_AGGRESSOR,75250000,13010000
2026-10-01 23:07:42.130,NATURALGAS,CE,295.0,NATURALGAS23OCT26295CE,11.45,28750,BUY_AGGRESSOR,34838750,7205000
2026-10-01 23:07:42.130,NATURALGAS,PE,295.0,NATURALGAS23OCT26295PE,18.7,2500,INSIDE,15207500,5432500
2026-10-01 23:07:42.130,NATURALGAS,CE,300.0,NATURALGAS23OCT26300CE,9.85,26250,BUY_AGGRESSOR,53098750,20960000
2026-10-01 23:07:42.130,NATURALGAS,CE,305.0,NATURALGAS23OCT26305CE,8.45,2500,INSIDE,19188750,8160000
2026-10-01 23:07:42.130,NATURALGAS,PE,305.0,NATURALGAS23OCT26305PE,25.5,27500,SELL_AGGRESSOR,2022500,2691250
2026-10-01 23:07:42.130,NATURALGAS,CE,310.0,NATURALGAS23OCT26310CE,7.35,5000,BUY_AGGRESSOR,31267500,11642500
2026-10-01 23:07:42.130,NATURALGAS,PE,310.0,NATURALGAS23OCT26310PE,29.7,7500,BUY_AGGRESSOR,2298750,4563750
2026-10-01 23:07:42.130,NATGASMINI,FUT,0.0,NATGASMINI27OCT26FUT,287.8,50750,BUY_AGGRESSOR,40409250,17214000
2026-10-01 23:07:42.130,NATGASMINI,PE,265.0,NATGASMINI23OCT26265PE,4.55,2750,SELL_AGGRESSOR,5800250,3222000
2026-10-01 23:07:42.130,NATGASMINI,PE,270.0,NATGASMINI23OCT26270PE,6.1,6250,SELL_AGGRESSOR,4127500,979250
2026-10-01 23:07:42.130,NATGASMINI,CE,275.0,NATGASMINI23OCT26275CE,20.85,1000,BUY_AGGRESSOR,1310000,81000
2026-10-01 23:07:42.130,NATGASMINI,PE,275.0,NATGASMINI23OCT26275PE,7.95,1000,SELL_AGGRESSOR,4863750,746250
2026-10-01 23:07:42.130,NATGASMINI,CE,280.0,NATGASMINI23OCT26280CE,18.0,2750,BUY_AGGRESSOR,3753000,402250
2026-10-01 23:07:42.130,NATGASMINI,PE,280.0,NATGASMINI23OCT26280PE,10.1,7250,SELL_AGGRESSOR,9630250,1372000
2026-10-01 23:07:42.130,NATGASMINI,CE,285.0,NATGASMINI23OCT26285CE,15.5,7500,BUY,10394750,973750
2026-10-01 23:07:42.130,NATGASMINI,PE,285.0,NATGASMINI23OCT26285PE,12.7,7250,SELL_AGGRESSOR,19259500,1308250
2026-10-01 23:07:42.130,NATGASMINI,CE,290.0,NATGASMINI23OCT26290CE,13.45,12500,BUY_AGGRESSOR,24910500,3352000
2026-10-01 23:07:42.130,NATGASMINI,PE,290.0,NATGASMINI23OCT26290PE,15.5,8000,SELL_AGGRESSOR,18226250,1604500
2026-10-01 23:07:42.130,NATGASMINI,CE,295.0,NATGASMINI23OCT26295CE,11.5,4500,INSIDE,11863250,1773750
2026-10-01 23:07:42.130,NATGASMINI,PE,295.0,NATGASMINI23OCT26295PE,18.65,250,BUY_AGGRESSOR,5244000,802250
2026-10-01 23:07:42.130,NATGASMINI,PE,300.0,NATGASMINI23OCT26300PE,21.9,500,SELL_AGGRESSOR,3006000,1054750
2026-10-01 23:07:42.130,NATGASMINI,PE,310.0,NATGASMINI23OCT26310PE,29.3,250,SELL_AGGRESSOR,420000,668250
2026-10-01 23:07:45.939,NATURALGAS,FUT,0.0,NATURALGAS27OCT26FUT,287.7,11250,SELL_AGGRESSOR,125506250,69015000
2026-10-01 23:07:45.939,NATURALGAS,PE,255.0,NATURALGAS23OCT26255PE,2.4,2500,SELL_AGGRESSOR,7050000,2042500
2026-10-01 23:07:45.939,NATURALGAS,PE,265.0,NATURALGAS23OCT26265PE,4.5,3750,SELL_AGGRESSOR,12747500,4386250
2026-10-01 23:07:45.939,NATURALGAS,PE,270.0,NATURALGAS23OCT26270PE,6.0,1250,SELL_AGGRESSOR,32236250,11508750
2026-10-01 23:07:45.939,NATURALGAS,CE,280.0,NATURALGAS23OCT26280CE,17.9,1250,BUY_AGGRESSOR,26035000,4458750
2026-10-01 23:07:45.939,NATURALGAS,PE,280.0,NATURALGAS23OCT26280PE,10.15,7500,SELL_AGGRESSOR,46075000,12173750
2026-10-01 23:07:45.939,NATURALGAS,PE,285.0,NATURALGAS23OCT26285PE,12.7,12500,BUY_AGGRESSOR,52140000,5951250
2026-10-01 23:07:45.939,NATURALGAS,CE,290.0,NATURALGAS23OCT26290CE,13.2,113750,SELL_AGGRESSOR,87381250,17565000
2026-10-01 23:07:45.939,NATURALGAS,PE,290.0,NATURALGAS23OCT26290PE,15.45,13750,SELL_AGGRESSOR,75263750,13001250
2026-10-01 23:07:45.939,NATURALGAS,CE,295.0,NATURALGAS23OCT26295CE,11.4,5000,SELL_AGGRESSOR,34843750,7201250
2026-10-01 23:07:45.939,NATURALGAS,PE,295.0,NATURALGAS23OCT26295PE,18.7,1250,BUY_AGGRESSOR,15208750,5431250
2026-10-01 23:07:45.939,NATURALGAS,CE,300.0,NATURALGAS23OCT26300CE,9.85,6250,SELL_AGGRESSOR,53105000,20958750
2026-10-01 23:07:45.939,NATURALGAS,CE,305.0,NATURALGAS23OCT26305CE,8.45,2500,SELL_AGGRESSOR,19191250,8157500
2026-10-01 23:07:45.939,NATGASMINI,FUT,0.0,NATGASMINI27OCT26FUT,287.8,4750,SELL_AGGRESSOR,40414000,17226250
2026-10-01 23:07:45.939,NATGASMINI,CE,270.0,NATGASMINI23OCT26270CE,24.0,500,SELL_AGGRESSOR,713000,152500
2026-10-01 23:07:45.939,NATGASMINI,CE,280.0,NATGASMINI23OCT26280CE,18.0,1500,SELL_AGGRESSOR,3754500,403250
2026-10-01 23:07:45.939,NATGASMINI,PE,280.0,NATGASMINI23OCT26280PE,10.15,2000,BUY_AGGRESSOR,9632250,1370750
2026-10-01 23:07:45.939,NATGASMINI,CE,285.0,NATGASMINI23OCT26285CE,15.45,750,SELL_AGGRESSOR,10395500,974500
2026-10-01 23:07:45.939,NATGASMINI,PE,285.0,NATGASMINI23OCT26285PE,12.7,3000,BUY_AGGRESSOR,19262500,1307750
2026-10-01 23:07:45.939,NATGASMINI,CE,290.0,NATGASMINI23OCT26290CE,13.35,500,SELL_AGGRESSOR,24911000,3351500
2026-10-01 23:07:45.939,NATGASMINI,PE,290.0,NATGASMINI23OCT26290PE,15.55,1500,BUY_AGGRESSOR,18227750,1604500
2026-10-01 23:07:45.939,NATGASMINI,CE,295.0,NATGASMINI23OCT26295CE,11.5,1000,SELL_AGGRESSOR,11864250,1773750
2026-10-01 23:07:45.939,NATGASMINI,PE,295.0,NATGASMINI23OCT26295PE,18.65,1750,BUY_AGGRESSOR,5245750,801500
2026-10-01 23:07:49.751,NATURALGAS,FUT,0.0,NATURALGAS27OCT26FUT,287.6,5000,SELL_AGGRESSOR,125511250,69015000
2026-10-01 23:07:49.751,NATURALGAS,PE,255.0,NATURALGAS23OCT26255PE,2.4,1250,SELL_AGGRESSOR,7051250,2043750
2026-10-01 23:07:49.751,NATURALGAS,PE,265.0,NATURALGAS23OCT26265PE,4.5,1250,SELL_AGGRESSOR,12748750,4380000
2026-10-01 23:07:49.751,NATURALGAS,PE,270.0,NATURALGAS23OCT26270PE,6.05,7500,BUY_AGGRESSOR,32243750,11508750
2026-10-01 23:07:49.751,NATURALGAS,PE,275.0,NATURALGAS23OCT26275PE,7.9,15000,SELL_AGGRESSOR,18045000,3672500
2026-10-01 23:07:49.751,NATURALGAS,PE,280.0,NATURALGAS23OCT26280PE,10.15,3750,SELL_AGGRESSOR,46078750,12163750
2026-10-01 23:07:49.751,NATURALGAS,PE,285.0,NATURALGAS23OCT26285PE,12.7,2500,INSIDE,52142500,5948750
2026-10-01 23:07:49.751,NATURALGAS,CE,290.0,NATURALGAS23OCT26290CE,13.25,40000,BUY_AGGRESSOR,87421250,17565000
2026-10-01 23:07:49.751,NATURALGAS,PE,290.0,NATURALGAS23OCT26290PE,15.45,7500,SELL_AGGRESSOR,75271250,12996250
2026-10-01 23:07:49.751,NATURALGAS,CE,295.0,NATURALGAS23OCT26295CE,11.4,2500,SELL_AGGRESSOR,34846250,7201250
2026-10-01 23:07:49.751,NATURALGAS,PE,295.0,NATURALGAS23OCT26295PE,18.7,1250,BUY_AGGRESSOR,15210000,5430000
2026-10-01 23:07:49.751,NATGASMINI,FUT,0.0,NATGASMINI27OCT26FUT,287.7,1500,SELL_AGGRESSOR,40415500,17227000
2026-10-01 23:07:49.751,NATGASMINI,CE,275.0,NATGASMINI23OCT26275CE,20.75,250,SELL_AGGRESSOR,1310250,80750
2026-10-01 23:07:49.751,NATGASMINI,CE,285.0,NATGASMINI23OCT26285CE,15.5,250,BUY,10395750,974250
2026-10-01 23:07:49.751,NATGASMINI,PE,285.0,NATGASMINI23OCT26285PE,12.7,3500,SELL_AGGRESSOR,19266000,1307500
2026-10-01 23:07:49.751,NATGASMINI,CE,290.0,NATGASMINI23OCT26290CE,13.3,2000,SELL_AGGRESSOR,24913000,3349750
2026-10-01 23:07:49.751,NATGASMINI,PE,290.0,NATGASMINI23OCT26290PE,15.45,19500,SELL_AGGRESSOR,18247250,1601500
2026-10-01 23:07:49.751,NATGASMINI,CE,295.0,NATGASMINI23OCT26295CE,11.5,500,SELL_AGGRESSOR,11864750,1774500
2026-10-01 23:07:49.751,NATGASMINI,CE,300.0,NATGASMINI23OCT26300CE,9.95,6250,SELL_AGGRESSOR,12744250,3311000
2026-10-01 23:07:49.751,NATGASMINI,PE,300.0,NATGASMINI23OCT26300PE,21.95,250,BUY_AGGRESSOR,3006250,1054750
2026-10-01 23:07:49.751,NATGASMINI,CE,310.0,NATGASMINI23OCT26310CE,7.45,250,BUY_AGGRESSOR,5086250,1866000
2026-10-01 23:07:53.576,NATURALGAS,PE,255.0,NATURALGAS23OCT26255PE,2.4,1250,SELL_AGGRESSOR,7052500,2043750
2026-10-01 23:07:53.576,NATURALGAS,PE,260.0,NATURALGAS23OCT26260PE,3.35,3750,SELL_AGGRESSOR,27245000,10748750
2026-10-01 23:07:53.576,NATURALGAS,CE,280.0,NATURALGAS23OCT26280CE,17.85,7500,BUY_AGGRESSOR,26042500,4458750
2026-10-01 23:07:53.576,NATURALGAS,PE,280.0,NATURALGAS23OCT26280PE,10.2,1250,BUY_AGGRESSOR,46080000,12163750
2026-10-01 23:07:53.576,NATURALGAS,PE,285.0,NATURALGAS23OCT26285PE,12.7,11250,SELL_AGGRESSOR,52153750,5937500
2026-10-01 23:07:53.576,NATURALGAS,CE,300.0,NATURALGAS23OCT26300CE,9.8,2500,SELL_AGGRESSOR,53107500,20956250
2026-10-01 23:07:53.576,NATURALGAS,CE,305.0,NATURALGAS23OCT26305CE,8.4,120000,SELL_AGGRESSOR,19311250,8223750
2026-10-01 23:07:53.576,NATGASMINI,FUT,0.0,NATGASMINI27OCT26FUT,287.9,500,BUY_AGGRESSOR,40416000,17227250
2026-10-01 23:07:53.576,NATGASMINI,CE,280.0,NATGASMINI23OCT26280CE,18.05,250,BUY_AGGRESSOR,3754750,403500
2026-10-01 23:07:53.576,NATGASMINI,CE,285.0,NATGASMINI23OCT26285CE,15.4,1000,SELL_AGGRESSOR,10396750,974250
2026-10-01 23:07:53.576,NATGASMINI,PE,290.0,NATGASMINI23OCT26290PE,15.45,4500,SELL_AGGRESSOR,18251750,1601500
2026-10-01 23:07:53.576,NATGASMINI,CE,295.0,NATGASMINI23OCT26295CE,11.55,750,BUY_AGGRESSOR,11865500,1774250
2026-10-01 23:07:53.576,NATGASMINI,PE,300.0,NATGASMINI23OCT26300PE,21.9,250,SELL,3006500,1054500
2026-10-01 23:07:57.388,NATURALGAS,PE,255.0,NATURALGAS23OCT26255PE,2.45,2500,BUY_AGGRESSOR,7055000,2043750
2026-10-01 23:07:57.388,NATURALGAS,PE,280.0,NATURALGAS23OCT26280PE,10.15,1250,SELL_AGGRESSOR,46081250,12162500
2026-10-01 23:07:57.388,NATURALGAS,CE,285.0,NATURALGAS23OCT26285CE,15.35,2500,SELL_AGGRESSOR,34636250,5218750
2026-10-01 23:07:57.388,NATURALGAS,PE,285.0,NATURALGAS23OCT26285PE,12.65,1250,SELL_AGGRESSOR,52155000,5936250
2026-10-01 23:07:57.388,NATURALGAS,CE,290.0,NATURALGAS23OCT26290CE,13.25,42500,BUY_AGGRESSOR,87463750,17631250
2026-10-01 23:07:57.388,NATURALGAS,CE,305.0,NATURALGAS23OCT26305CE,8.4,61250,SELL_AGGRESSOR,19372500,8331250
2026-10-01 23:07:57.388,NATGASMINI,FUT,0.0,NATGASMINI27OCT26FUT,287.9,250,BUY_AGGRESSOR,40416250,17227250
2026-10-01 23:07:57.388,NATGASMINI,PE,280.0,NATGASMINI23OCT26280PE,10.15,250,SELL_AGGRESSOR,9632500,1370750
2026-10-01 23:07:57.388,NATGASMINI,PE,285.0,NATGASMINI23OCT26285PE,12.7,1250,SELL_AGGRESSOR,19267250,1307000
2026-10-01 23:07:57.388,NATGASMINI,PE,290.0,NATGASMINI23OCT26290PE,15.45,250,SELL_AGGRESSOR,18252000,1601500
2026-10-01 23:07:57.388,NATGASMINI,CE,295.0,NATGASMINI23OCT26295CE,11.55,250,BUY_AGGRESSOR,11865750,1774250
2026-10-01 23:07:57.388,NATGASMINI,CE,300.0,NATGASMINI23OCT26300CE,10.0,1000,BUY_AGGRESSOR,12745250,3311250
2026-10-01 23:07:57.388,NATGASMINI,CE,305.0,NATGASMINI23OCT26305CE,8.55,4000,SELL_AGGRESSOR,5961250,1706250
2026-10-01 23:08:01.196,NATURALGAS,FUT,0.0,NATURALGAS27OCT26FUT,287.7,3750,SELL_AGGRESSOR,125515000,69015000
2026-10-01 23:08:01.196,NATURALGAS,PE,275.0,NATURALGAS23OCT26275PE,8.0,11250,BUY_AGGRESSOR,18056250,3666250
2026-10-01 23:08:01.196,NATURALGAS,PE,280.0,NATURALGAS23OCT26280PE,10.15,11250,SELL_AGGRESSOR,46092500,12151250
2026-10-01 23:08:01.196,NATURALGAS,CE,290.0,NATURALGAS23OCT26290CE,13.3,2500,BUY_AGGRESSOR,87466250,17631250
2026-10-01 23:08:01.196,NATURALGAS,PE,290.0,NATURALGAS23OCT26290PE,15.5,1250,BUY,75272500,12995000
2026-10-01 23:08:01.196,NATURALGAS,CE,295.0,NATURALGAS23OCT26295CE,11.45,10000,BUY_AGGRESSOR,34856250,7200000
2026-10-01 23:08:01.196,NATURALGAS,PE,295.0,NATURALGAS23OCT26295PE,18.7,1250,BUY_AGGRESSOR,15211250,5428750
2026-10-01 23:08:01.196,NATURALGAS,CE,300.0,NATURALGAS23OCT26300CE,9.8,11250,SELL_AGGRESSOR,53118750,20947500
2026-10-01 23:08:01.196,NATURALGAS,PE,300.0,NATURALGAS23OCT26300PE,22.1,21250,BUY_AGGRESSOR,13711250,13893750
2026-10-01 23:08:01.196,NATGASMINI,FUT,0.0,NATGASMINI27OCT26FUT,287.9,6500,BUY_AGGRESSOR,40422750,17227250
2026-10-01 23:08:01.196,NATGASMINI,PE,275.0,NATGASMINI23OCT26275PE,7.95,1000,BUY_AGGRESSOR,4864750,746750
2026-10-01 23:08:01.196,NATGASMINI,CE,280.0,NATGASMINI23OCT26280CE,18.0,250,SELL,3755000,403750
2026-10-01 23:08:01.196,NATGASMINI,PE,280.0,NATGASMINI23OCT26280PE,10.15,250,SELL_AGGRESSOR,9632750,1370750
2026-10-01 23:08:01.196,NATGASMINI,CE,285.0,NATGASMINI23OCT26285CE,15.5,1250,BUY_AGGRESSOR,10398000,974500
2026-10-01 23:08:01.196,NATGASMINI,PE,285.0,NATGASMINI23OCT26285PE,12.75,3750,BUY_AGGRESSOR,19271000,1308250
2026-10-01 23:08:01.196,NATGASMINI,CE,290.0,NATGASMINI23OCT26290CE,13.35,1750,BUY,24914750,3351000
2026-10-01 23:08:05.007,NATURALGAS,FUT,0.0,NATURALGAS27OCT26FUT,287.7,1250,INSIDE,125516250,69013750
2026-10-01 23:08:05.007,NATURALGAS,PE,275.0,NATURALGAS23OCT26275PE,7.95,6250,BUY_AGGRESSOR,18062500,3660000
2026-10-01 23:08:05.007,NATURALGAS,CE,280.0,NATURALGAS23OCT26280CE,17.8,3750,SELL_AGGRESSOR,26046250,4460000
2026-10-01 23:08:05.007,NATURALGAS,CE,285.0,NATURALGAS23OCT26285CE,15.3,5000,SELL_AGGRESSOR,34641250,5216250
2026-10-01 23:08:05.007,NATURALGAS,CE,290.0,NATURALGAS23OCT26290CE,13.3,10000,BUY_AGGRESSOR,87476250,17626250
2026-10-01 23:08:05.007,NATURALGAS,PE,290.0,NATURALGAS23OCT26290PE,15.5,11250,SELL_AGGRESSOR,75283750,12995000
2026-10-01 23:08:05.007,NATURALGAS,CE,300.0,NATURALGAS23OCT26300CE,9.8,1250,SELL_AGGRESSOR,53120000,20945000
2026-10-01 23:08:05.007,NATURALGAS,CE,305.0,NATURALGAS23OCT26305CE,8.4,26250,BUY_AGGRESSOR,19398750,8352500
2026-10-01 23:08:05.007,NATGASMINI,FUT,0.0,NATGASMINI27OCT26FUT,287.8,750,SELL,40423500,17225250
2026-10-01 23:08:05.007,NATGASMINI,PE,270.0,NATGASMINI23OCT26270PE,6.05,1750,SELL_AGGRESSOR,4129250,977500
2026-10-01 23:08:05.007,NATGASMINI,PE,275.0,NATGASMINI23OCT26275PE,7.95,1000,INSIDE,4865750,746750
2026-10-01 23:08:05.007,NATGASMINI,PE,285.0,NATGASMINI23OCT26285PE,12.8,22000,BUY_AGGRESSOR,19293000,1308750
2026-10-01 23:08:05.007,NATGASMINI,CE,290.0,NATGASMINI23OCT26290CE,13.3,9750,SELL_AGGRESSOR,24924500,3348250
2026-10-01 23:08:05.007,NATGASMINI,PE,290.0,NATGASMINI23OCT26290PE,15.55,4000,BUY_AGGRESSOR,18256000,1597500
2026-10-01 23:08:05.007,NATGASMINI,PE,295.0,NATGASMINI23OCT26295PE,18.6,250,SELL_AGGRESSOR,5246000,801000
2026-10-01 23:08:05.007,NATGASMINI,PE,300.0,NATGASMINI23OCT26300PE,22.05,6500,BUY_AGGRESSOR,3013000,1058000
2026-10-01 23:08:05.007,NATGASMINI,CE,305.0,NATGASMINI23OCT26305CE,8.55,25000,SELL_AGGRESSOR,5986250,1707000
2026-10-01 23:08:08.879,NATURALGAS,FUT,0.0,NATURALGAS27OCT26FUT,287.8,5000,BUY_AGGRESSOR,125521250,69012500
2026-10-01 23:08:08.879,NATURALGAS,CE,280.0,NATURALGAS23OCT26280CE,17.8,11250,SELL_AGGRESSOR,26057500,4460000
2026-10-01 23:08:08.879,NATURALGAS,PE,280.0,NATURALGAS23OCT26280PE,10.15,3750,SELL_AGGRESSOR,46096250,12147500
2026-10-01 23:08:08.879,NATURALGAS,PE,290.0,NATURALGAS23OCT26290PE,15.55,1250,BUY_AGGRESSOR,75285000,12993750
2026-10-01 23:08:08.879,NATURALGAS,PE,300.0,NATURALGAS23OCT26300PE,22.05,2500,SELL_AGGRESSOR,13713750,13891250
2026-10-01 23:08:08.879,NATURALGAS,CE,310.0,NATURALGAS23OCT26310CE,7.3,3750,BUY_AGGRESSOR,31271250,11642500
2026-10-01 23:08:08.879,NATGASMINI,FUT,0.0,NATGASMINI27OCT26FUT,287.9,250,BUY_AGGRESSOR,40423750,17225000
2026-10-01 23:08:08.879,NATGASMINI,CE,280.0,NATGASMINI23OCT26280CE,17.95,500,SELL_AGGRESSOR,3755500,403250
2026-10-01 23:08:08.879,NATGASMINI,CE,290.0,NATGASMINI23OCT26290CE,13.3,1000,SELL_AGGRESSOR,24925500,3347250
2026-10-01 23:08:08.879,NATGASMINI,PE,290.0,NATGASMINI23OCT26290PE,15.55,1000,BUY_AGGRESSOR,18257000,1596500
2026-10-01 23:08:12.638,NATURALGAS,FUT,0.0,NATURALGAS27OCT26FUT,287.8,3750,BUY_AGGRESSOR,125525000,69008750
2026-10-01 23:08:12.638,NATURALGAS,PE,260.0,NATURALGAS23OCT26260PE,3.35,1250,SELL_AGGRESSOR,27246250,10747500
2026-10-01 23:08:12.638,NATURALGAS,PE,275.0,NATURALGAS23OCT26275PE,8.0,1250,BUY_AGGRESSOR,18063750,3660000
2026-10-01 23:08:12.638,NATURALGAS,PE,285.0,NATURALGAS23OCT26285PE,12.7,3750,SELL_AGGRESSOR,52158750,5932500
2026-10-01 23:08:12.638,NATURALGAS,CE,295.0,NATURALGAS23OCT26295CE,11.45,1250,BUY_AGGRESSOR,34857500,7200000
2026-10-01 23:08:12.638,NATURALGAS,CE,300.0,NATURALGAS23OCT26300CE,9.85,10000,BUY_AGGRESSOR,53130000,20945000
2026-10-01 23:08:12.638,NATURALGAS,PE,300.0,NATURALGAS23OCT26300PE,22.15,3750,BUY_AGGRESSOR,13717500,13890000
2026-10-01 23:08:12.638,NATGASMINI,CE,280.0,NATGASMINI23OCT26280CE,17.95,250,SELL_AGGRESSOR,3755750,403000
2026-10-01 23:08:12.638,NATGASMINI,CE,285.0,NATGASMINI23OCT26285CE,15.4,500,SELL_AGGRESSOR,10398500,974500
2026-10-01 23:08:12.638,NATGASMINI,PE,285.0,NATGASMINI23OCT26285PE,12.7,1000,SELL_AGGRESSOR,19294000,1308750
2026-10-01 23:08:12.638,NATGASMINI,PE,290.0,NATGASMINI23OCT26290PE,15.55,250,BUY_AGGRESSOR,18257250,1596500
2026-10-01 23:08:12.638,NATGASMINI,CE,315.0,NATGASMINI23OCT26315CE,6.35,500,SELL_AGGRESSOR,2648500,1301750
2026-10-01 23:08:16.509,NATURALGAS,FUT,0.0,NATURALGAS27OCT26FUT,287.8,2500,BUY_AGGRESSOR,125527500,69008750
2026-10-01 23:08:16.509,NATURALGAS,PE,255.0,NATURALGAS23OCT26255PE,2.4,1250,SELL_AGGRESSOR,7056250,2045000
2026-10-01 23:08:16.509,NATURALGAS,PE,265.0,NATURALGAS23OCT26265PE,4.5,2500,SELL_AGGRESSOR,12751250,4377500
2026-10-01 23:08:16.509,NATURALGAS,CE,280.0,NATURALGAS23OCT26280CE,17.8,1250,SELL_AGGRESSOR,26058750,4461250
2026-10-01 23:08:16.509,NATURALGAS,PE,285.0,NATURALGAS23OCT26285PE,12.7,15000,SELL_AGGRESSOR,52173750,5922500
2026-10-01 23:08:16.509,NATURALGAS,CE,290.0,NATURALGAS23OCT26290CE,13.3,10000,BUY_AGGRESSOR,87486250,17621250
2026-10-01 23:08:16.509,NATURALGAS,CE,295.0,NATURALGAS23OCT26295CE,11.5,15000,BUY_AGGRESSOR,34872500,7205000
2026-10-01 23:08:16.509,NATGASMINI,FUT,0.0,NATGASMINI27OCT26FUT,287.8,1250,BUY_AGGRESSOR,40425000,17224500
2026-10-01 23:08:16.509,NATGASMINI,PE,275.0,NATGASMINI23OCT26275PE,8.0,250,BUY_AGGRESSOR,4866000,746750
2026-10-01 23:08:16.509,NATGASMINI,CE,290.0,NATGASMINI23OCT26290CE,13.3,1000,SELL_AGGRESSOR,24926500,3346250
2026-10-01 23:08:16.509,NATGASMINI,PE,290.0,NATGASMINI23OCT26290PE,15.55,3500,BUY_AGGRESSOR,18260750,1595500
2026-10-01 23:08:16.509,NATGASMINI,CE,295.0,NATGASMINI23OCT26295CE,11.45,750,SELL_AGGRESSOR,11866500,1774250
2026-10-01 23:08:20.277,NATURALGAS,FUT,0.0,NATURALGAS27OCT26FUT,287.7,2500,SELL_AGGRESSOR,125530000,69003750
2026-10-01 23:08:20.277,NATURALGAS,PE,260.0,NATURALGAS23OCT26260PE,3.4,1250,BUY_AGGRESSOR,27247500,10747500
2026-10-01 23:08:20.277,NATURALGAS,PE,280.0,NATURALGAS23OCT26280PE,10.2,1250,BUY_AGGRESSOR,46097500,12147500
2026-10-01 23:08:20.277,NATURALGAS,PE,290.0,NATURALGAS23OCT26290PE,15.5,17500,SELL_AGGRESSOR,75302500,12985000
2026-10-01 23:08:20.277,NATGASMINI,FUT,0.0,NATGASMINI27OCT26FUT,287.7,6000,SELL_AGGRESSOR,40431000,17223000
2026-10-01 23:08:20.277,NATGASMINI,PE,265.0,NATGASMINI23OCT26265PE,4.55,250,SELL_AGGRESSOR,5800500,3222000
2026-10-01 23:08:20.277,NATGASMINI,PE,270.0,NATGASMINI23OCT26270PE,6.1,250,BUY_AGGRESSOR,4129500,977750
2026-10-01 23:08:20.277,NATGASMINI,PE,280.0,NATGASMINI23OCT26280PE,10.2,1500,BUY_AGGRESSOR,9634250,1370750
2026-10-01 23:08:20.277,NATGASMINI,PE,285.0,NATGASMINI23OCT26285PE,12.75,1000,BUY_AGGRESSOR,19295000,1308750
2026-10-01 23:08:20.277,NATGASMINI,CE,290.0,NATGASMINI23OCT26290CE,13.3,4750,SELL_AGGRESSOR,24931250,3346000
2026-10-01 23:08:20.277,NATGASMINI,PE,290.0,NATGASMINI23OCT26290PE,15.55,4750,BUY_AGGRESSOR,18265500,1594500
2026-10-01 23:08:20.277,NATGASMINI,PE,300.0,NATGASMINI23OCT26300PE,22.0,500,BUY_AGGRESSOR,3013500,1058000
2026-10-01 23:08:24.139,NATURALGAS,FUT,0.0,NATURALGAS27OCT26FUT,287.7,5000,BUY_AGGRESSOR,125535000,69003750
2026-10-01 23:08:24.139,NATURALGAS,PE,260.0,NATURALGAS23OCT26260PE,3.4,41250,BUY_AGGRESSOR,27288750,10741250
2026-10-01 23:08:24.139,NATURALGAS,PE,265.0,NATURALGAS23OCT26265PE,4.55,10000,BUY_AGGRESSOR,12761250,4380000
2026-10-01 23:08:24.139,NATURALGAS,CE,280.0,NATURALGAS23OCT26280CE,17.8,2500,SELL_AGGRESSOR,26061250,4458750
2026-10-01 23:08:24.139,NATURALGAS,PE,280.0,NATURALGAS23OCT26280PE,10.2,10000,BUY_AGGRESSOR,46107500,12137500
2026-10-01 23:08:24.139,NATURALGAS,CE,290.0,NATURALGAS23OCT26290CE,13.25,16250,BUY_AGGRESSOR,87502500,17620000
2026-10-01 23:08:24.139,NATURALGAS,PE,290.0,NATURALGAS23OCT26290PE,15.55,13750,BUY_AGGRESSOR,75316250,12983750
2026-10-01 23:08:24.139,NATURALGAS,CE,295.0,NATURALGAS23OCT26295CE,11.4,6250,SELL_AGGRESSOR,34878750,7203750
2026-10-01 23:08:24.139,NATURALGAS,PE,295.0,NATURALGAS23OCT26295PE,18.7,2500,BUY_AGGRESSOR,15213750,5426250
2026-10-01 23:08:24.139,NATURALGAS,CE,300.0,NATURALGAS23OCT26300CE,9.85,10000,BUY_AGGRESSOR,53140000,20940000
2026-10-01 23:08:24.139,NATURALGAS,CE,305.0,NATURALGAS23OCT26305CE,8.35,60000,SELL_AGGRESSOR,19458750,8318750
2026-10-01 23:08:24.139,NATURALGAS,PE,310.0,NATURALGAS23OCT26310PE,29.75,1250,BUY_AGGRESSOR,2300000,4563750
2026-10-01 23:08:24.139,NATURALGAS,CE,315.0,NATURALGAS23OCT26315CE,6.25,12500,SELL_AGGRESSOR,11416250,3506250
2026-10-01 23:08:24.139,NATGASMINI,CE,285.0,NATGASMINI23OCT26285CE,15.45,2500,BUY_AGGRESSOR,10401000,974500
2026-10-01 23:08:24.139,NATGASMINI,CE,290.0,NATGASMINI23OCT26290CE,13.3,1000,SELL_AGGRESSOR,24932250,3346000
2026-10-01 23:08:24.139,NATGASMINI,CE,295.0,NATGASMINI23OCT26295CE,11.45,500,SELL_AGGRESSOR,11867000,1773750
2026-10-01 23:08:27.975,NATURALGAS,PE,270.0,NATURALGAS23OCT26270PE,6.05,1250,SELL_AGGRESSOR,32245000,11508750
2026-10-01 23:08:27.975,NATURALGAS,PE,280.0,NATURALGAS23OCT26280PE,10.2,21250,SELL_AGGRESSOR,46128750,12116250
2026-10-01 23:08:27.975,NATURALGAS,CE,295.0,NATURALGAS23OCT26295CE,11.45,3750,BUY_AGGRESSOR,34882500,7207500
2026-10-01 23:08:27.975,NATGASMINI,PE,265.0,NATGASMINI23OCT26265PE,4.55,250,SELL_AGGRESSOR,5800750,3222000
2026-10-01 23:08:27.975,NATGASMINI,CE,285.0,NATGASMINI23OCT26285CE,15.45,1750,BUY_AGGRESSOR,10402750,974500
2026-10-01 23:08:27.975,NATGASMINI,CE,290.0,NATGASMINI23OCT26290CE,13.25,3750,SELL_AGGRESSOR,24936000,3344750
2026-10-01 23:08:27.975,NATGASMINI,PE,300.0,NATGASMINI23OCT26300PE,22.05,250,BUY_AGGRESSOR,3013750,1057500
2026-10-01 23:08:31.792,NATURALGAS,FUT,0.0,NATURALGAS27OCT26FUT,287.7,11250,BUY_AGGRESSOR,125546250,69003750
2026-10-01 23:08:31.792,NATURALGAS,PE,260.0,NATURALGAS23OCT26260PE,3.35,1250,SELL_AGGRESSOR,27290000,10740000
2026-10-01 23:08:31.792,NATURALGAS,PE,270.0,NATURALGAS23OCT26270PE,6.05,5000,SELL_AGGRESSOR,32250000,11507500
2026-10-01 23:08:31.792,NATURALGAS,PE,280.0,NATURALGAS23OCT26280PE,10.15,35000,SELL_AGGRESSOR,46163750,12116250
2026-10-01 23:08:31.792,NATURALGAS,PE,285.0,NATURALGAS23OCT26285PE,12.7,2500,SELL_AGGRESSOR,52176250,5920000
2026-10-01 23:08:31.792,NATURALGAS,PE,295.0,NATURALGAS23OCT26295PE,18.7,2500,SELL_AGGRESSOR,15216250,5423750
2026-10-01 23:08:31.792,NATURALGAS,CE,305.0,NATURALGAS23OCT26305CE,8.35,2500,SELL_AGGRESSOR,19461250,8316250
2026-10-01 23:08:31.792,NATGASMINI,PE,280.0,NATGASMINI23OCT26280PE,10.15,1500,SELL_AGGRESSOR,9635750,1371750
2026-10-01 23:08:31.792,NATGASMINI,CE,285.0,NATGASMINI23OCT26285CE,15.45,3500,BUY_AGGRESSOR,10406250,974500
2026-10-01 23:08:31.792,NATGASMINI,PE,285.0,NATGASMINI23OCT26285PE,12.75,750,SELL_AGGRESSOR,19295750,1308750
2026-10-01 23:08:31.792,NATGASMINI,CE,290.0,NATGASMINI23OCT26290CE,13.35,4000,BUY_AGGRESSOR,24940000,3344750
2026-10-01 23:08:31.792,NATGASMINI,CE,300.0,NATGASMINI23OCT26300CE,9.9,1750,SELL_AGGRESSOR,12747000,3310250
2026-10-01 23:08:35.609,NATURALGAS,FUT,0.0,NATURALGAS27OCT26FUT,287.6,6250,SELL_AGGRESSOR,125552500,69008750
2026-10-01 23:08:35.609,NATURALGAS,PE,255.0,NATURALGAS23OCT26255PE,2.4,1250,SELL_AGGRESSOR,7057500,2046250
2026-10-01 23:08:35.609,NATURALGAS,PE,285.0,NATURALGAS23OCT26285PE,12.7,1250,SELL_AGGRESSOR,52177500,5918750
2026-10-01 23:08:35.609,NATURALGAS,CE,290.0,NATURALGAS23OCT26290CE,13.25,1250,BUY_AGGRESSOR,87503750,17620000
2026-10-01 23:08:35.609,NATGASMINI,FUT,0.0,NATGASMINI27OCT26FUT,287.7,500,SELL_AGGRESSOR,40431500,17223000
2026-10-01 23:08:35.609,NATGASMINI,PE,275.0,NATGASMINI23OCT26275PE,7.95,250,SELL_AGGRESSOR,4866250,746750
2026-10-01 23:08:35.609,NATGASMINI,PE,280.0,NATGASMINI23OCT26280PE,10.15,7500,SELL_AGGRESSOR,9643250,1371000
2026-10-01 23:08:35.609,NATGASMINI,PE,285.0,NATGASMINI23OCT26285PE,12.75,500,SELL_AGGRESSOR,19296250,1308250
2026-10-01 23:08:35.609,NATGASMINI,CE,300.0,NATGASMINI23OCT26300CE,9.95,1750,BUY_AGGRESSOR,12748750,3311250
2026-10-01 23:08:39.382,NATURALGAS,PE,255.0,NATURALGAS23OCT26255PE,2.4,3750,SELL_AGGRESSOR,7061250,2047500
2026-10-01 23:08:39.382,NATURALGAS,PE,275.0,NATURALGAS23OCT26275PE,7.95,1250,SELL_AGGRESSOR,18065000,3660000
2026-10-01 23:08:39.382,NATURALGAS,CE,280.0,NATURALGAS23OCT26280CE,17.85,7500,BUY_AGGRESSOR,26068750,4460000
2026-10-01 23:08:39.382,NATURALGAS,PE,290.0,NATURALGAS23OCT26290PE,15.5,1250,SELL_AGGRESSOR,75317500,12983750
2026-10-01 23:08:39.382,NATURALGAS,CE,300.0,NATURALGAS23OCT26300CE,9.8,1250,BUY_AGGRESSOR,53141250,20941250
2026-10-01 23:08:39.382,NATURALGAS,CE,305.0,NATURALGAS23OCT26305CE,8.35,1250,SELL_AGGRESSOR,19462500,8315000
2026-10-01 23:08:39.382,NATGASMINI,FUT,0.0,NATGASMINI27OCT26FUT,287.7,250,SELL_AGGRESSOR,40431750,17223250
2026-10-01 23:08:39.382,NATGASMINI,CE,285.0,NATGASMINI23OCT26285CE,15.5,500,BUY_AGGRESSOR,10406750,974500
2026-10-01 23:08:39.382,NATGASMINI,CE,290.0,NATGASMINI23OCT26290CE,13.35,1000,BUY_AGGRESSOR,24941000,3347250
2026-10-01 23:08:39.382,NATGASMINI,PE,295.0,NATGASMINI23OCT26295PE,18.6,250,SELL_AGGRESSOR,5246250,800750
2026-10-01 23:08:43.237,NATURALGAS,FUT,0.0,NATURALGAS27OCT26FUT,287.6,1250,SELL_AGGRESSOR,125553750,69008750
2026-10-01 23:08:43.237,NATURALGAS,PE,255.0,NATURALGAS23OCT26255PE,2.4,5000,SELL_AGGRESSOR,7066250,2047500
2026-10-01 23:08:43.237,NATURALGAS,CE,285.0,NATURALGAS23OCT26285CE,15.35,1250,BUY_AGGRESSOR,34642500,5216250
2026-10-01 23:08:43.237,NATURALGAS,PE,285.0,NATURALGAS23OCT26285PE,12.7,6250,SELL_AGGRESSOR,52183750,5913750
2026-10-01 23:08:43.237,NATURALGAS,PE,295.0,NATURALGAS23OCT26295PE,18.65,12500,SELL_AGGRESSOR,15228750,5422500
2026-10-01 23:08:43.237,NATGASMINI,FUT,0.0,NATGASMINI27OCT26FUT,287.8,3000,BUY_AGGRESSOR,40434750,17220250
2026-10-01 23:08:43.237,NATGASMINI,PE,275.0,NATGASMINI23OCT26275PE,8.0,250,BUY_AGGRESSOR,4866500,746750
2026-10-01 23:08:43.237,NATGASMINI,CE,300.0,NATGASMINI23OCT26300CE,9.95,250,BUY_AGGRESSOR,12749000,3311250
2026-10-01 23:08:47.019,NATURALGAS,FUT,0.0,NATURALGAS27OCT26FUT,287.6,1250,SELL_AGGRESSOR,125555000,69008750
2026-10-01 23:08:47.019,NATURALGAS,PE,280.0,NATURALGAS23OCT26280PE,10.15,6250,SELL_AGGRESSOR,46170000,12075000
2026-10-01 23:08:47.019,NATURALGAS,PE,285.0,NATURALGAS23OCT26285PE,12.75,10000,BUY_AGGRESSOR,52193750,5913750
2026-10-01 23:08:47.019,NATURALGAS,CE,290.0,NATURALGAS23OCT26290CE,13.25,1250,BUY_AGGRESSOR,87505000,17620000
2026-10-01 23:08:47.019,NATURALGAS,PE,290.0,NATURALGAS23OCT26290PE,15.5,2500,SELL_AGGRESSOR,75320000,12981250
2026-10-01 23:08:47.019,NATURALGAS,CE,300.0,NATURALGAS23OCT26300CE,9.8,1250,BUY_AGGRESSOR,53142500,20940000
2026-10-01 23:08:47.019,NATGASMINI,FUT,0.0,NATGASMINI27OCT26FUT,287.8,2250,BUY_AGGRESSOR,40437000,17218000
2026-10-01 23:08:47.019,NATGASMINI,CE,295.0,NATGASMINI23OCT26295CE,11.45,750,SELL_AGGRESSOR,11867750,1773750
2026-10-01 23:08:47.019,NATGASMINI,CE,300.0,NATGASMINI23OCT26300CE,9.95,500,BUY_AGGRESSOR,12749500,3311750
2026-10-01 23:08:50.877,NATURALGAS,FUT,0.0,NATURALGAS27OCT26FUT,287.7,1250,BUY,125556250,69008750
2026-10-01 23:08:50.877,NATURALGAS,PE,265.0,NATURALGAS23OCT26265PE,4.5,2500,SELL_AGGRESSOR,12763750,4380000
2026-10-01 23:08:50.877,NATURALGAS,PE,275.0,NATURALGAS23OCT26275PE,7.9,2500,SELL_AGGRESSOR,18067500,3657500
2026-10-01 23:08:50.877,NATURALGAS,CE,285.0,NATURALGAS23OCT26285CE,15.25,2500,SELL_AGGRESSOR,34645000,5213750
2026-10-01 23:08:50.877,NATURALGAS,PE,285.0,NATURALGAS23OCT26285PE,12.7,2500,SELL_AGGRESSOR,52196250,5911250
2026-10-01 23:08:50.877,NATURALGAS,CE,290.0,NATURALGAS23OCT26290CE,13.25,2500,BUY_AGGRESSOR,87507500,17620000
2026-10-01 23:08:50.877,NATURALGAS,PE,290.0,NATURALGAS23OCT26290PE,15.5,6250,SELL_AGGRESSOR,75326250,12975000
2026-10-01 23:08:50.877,NATURALGAS,CE,300.0,NATURALGAS23OCT26300CE,9.75,3750,SELL_AGGRESSOR,53146250,20943750
2026-10-01 23:08:50.877,NATURALGAS,PE,300.0,NATURALGAS23OCT26300PE,22.15,2500,INSIDE,13720000,13890000
2026-10-01 23:08:50.877,NATURALGAS,CE,305.0,NATURALGAS23OCT26305CE,8.35,18750,SELL_AGGRESSOR,19481250,8310000
2026-10-01 23:08:50.877,NATGASMINI,FUT,0.0,NATGASMINI27OCT26FUT,287.8,2750,BUY_AGGRESSOR,40439750,17215500
2026-10-01 23:08:50.877,NATGASMINI,PE,260.0,NATGASMINI23OCT26260PE,3.4,250,SELL_AGGRESSOR,2404750,867750
2026-10-01 23:08:50.877,NATGASMINI,PE,285.0,NATGASMINI23OCT26285PE,12.7,250,SELL_AGGRESSOR,19296500,1308250
2026-10-01 23:08:50.877,NATGASMINI,PE,290.0,NATGASMINI23OCT26290PE,15.5,250,SELL_AGGRESSOR,18265750,1594250
2026-10-01 23:08:50.877,NATGASMINI,CE,300.0,NATGASMINI23OCT26300CE,9.95,2500,BUY_AGGRESSOR,12752000,3314250
2026-10-01 23:08:50.877,NATGASMINI,PE,300.0,NATGASMINI23OCT26300PE,21.95,250,SELL_AGGRESSOR,3014000,1057250
2026-10-01 23:08:54.631,NATURALGAS,FUT,0.0,NATURALGAS27OCT26FUT,287.7,8750,INSIDE,125565000,69006250
2026-10-01 23:08:54.631,NATURALGAS,PE,255.0,NATURALGAS23OCT26255PE,2.4,26250,SELL_AGGRESSOR,7092500,2043750
2026-10-01 23:08:54.631,NATURALGAS,PE,275.0,NATURALGAS23OCT26275PE,8.0,1250,BUY_AGGRESSOR,18068750,3658750
2026-10-01 23:08:54.631,NATURALGAS,CE,280.0,NATURALGAS23OCT26280CE,17.8,2500,BUY_AGGRESSOR,26071250,4460000
2026-10-01 23:08:54.631,NATURALGAS,CE,285.0,NATURALGAS23OCT26285CE,15.25,1250,SELL_AGGRESSOR,34646250,5212500
2026-10-01 23:08:54.631,NATURALGAS,PE,290.0,NATURALGAS23OCT26290PE,15.5,1250,SELL_AGGRESSOR,75327500,12973750
2026-10-01 23:08:54.631,NATURALGAS,CE,295.0,NATURALGAS23OCT26295CE,11.4,1250,BUY_AGGRESSOR,34883750,7207500
2026-10-01 23:08:54.631,NATURALGAS,PE,295.0,NATURALGAS23OCT26295PE,18.65,1250,SELL_AGGRESSOR,15230000,5421250
2026-10-01 23:08:54.631,NATURALGAS,CE,300.0,NATURALGAS23OCT26300CE,9.8,28750,BUY_AGGRESSOR,53175000,20917500
2026-10-01 23:08:54.631,NATURALGAS,PE,300.0,NATURALGAS23OCT26300PE,22.15,6250,SELL_AGGRESSOR,13726250,13890000
2026-10-01 23:08:54.631,NATURALGAS,CE,305.0,NATURALGAS23OCT26305CE,8.35,100000,SELL_AGGRESSOR,19581250,8296250
2026-10-01 23:08:54.631,NATURALGAS,PE,310.0,NATURALGAS23OCT26310PE,29.75,3750,BUY_AGGRESSOR,2303750,4563750
2026-10-01 23:08:54.631,NATGASMINI,CE,290.0,NATGASMINI23OCT26290CE,13.3,1500,SELL,24942500,3348250
2026-10-01 23:08:54.631,NATGASMINI,PE,290.0,NATGASMINI23OCT26290PE,15.5,1250,SELL_AGGRESSOR,18267000,1593000
2026-10-01 23:08:54.631,NATGASMINI,CE,300.0,NATGASMINI23OCT26300CE,9.95,2500,BUY_AGGRESSOR,12754500,3314250
2026-10-01 23:08:58.485,NATURALGAS,FUT,0.0,NATURALGAS27OCT26FUT,287.6,1250,SELL_AGGRESSOR,125566250,69005000
2026-10-01 23:08:58.485,NATURALGAS,PE,255.0,NATURALGAS23OCT26255PE,2.4,11250,SELL_AGGRESSOR,7103750,2045000
2026-10-01 23:08:58.485,NATURALGAS,PE,275.0,NATURALGAS23OCT26275PE,7.95,3750,SELL,18072500,3655000
2026-10-01 23:08:58.485,NATURALGAS,PE,285.0,NATURALGAS23OCT26285PE,12.65,2500,SELL_AGGRESSOR,52198750,5908750
2026-10-01 23:08:58.485,NATURALGAS,CE,290.0,NATURALGAS23OCT26290CE,13.2,37500,SELL_AGGRESSOR,87545000,17615000
2026-10-01 23:08:58.485,NATURALGAS,PE,290.0,NATURALGAS23OCT26290PE,15.5,1250,INSIDE,75328750,12972500
2026-10-01 23:08:58.485,NATURALGAS,CE,295.0,NATURALGAS23OCT26295CE,11.45,3750,BUY_AGGRESSOR,34887500,7207500
2026-10-01 23:08:58.485,NATURALGAS,PE,295.0,NATURALGAS23OCT26295PE,18.6,1250,SELL_AGGRESSOR,15231250,5421250
2026-10-01 23:08:58.485,NATURALGAS,CE,305.0,NATURALGAS23OCT26305CE,8.3,40000,SELL_AGGRESSOR,19621250,8296250
2026-10-01 23:08:58.485,NATURALGAS,CE,310.0,NATURALGAS23OCT26310CE,7.25,20000,SELL_AGGRESSOR,31291250,11625000
2026-10-01 23:08:58.485,NATURALGAS,CE,315.0,NATURALGAS23OCT26315CE,6.25,1250,SELL_AGGRESSOR,11417500,3507500
2026-10-01 23:08:58.485,NATGASMINI,FUT,0.0,NATGASMINI27OCT26FUT,287.7,250,SELL_AGGRESSOR,40440000,17215500
2026-10-01 23:08:58.485,NATGASMINI,PE,270.0,NATGASMINI23OCT26270PE,6.05,500,SELL_AGGRESSOR,4130000,977750
2026-10-01 23:08:58.485,NATGASMINI,PE,280.0,NATGASMINI23OCT26280PE,10.2,500,BUY_AGGRESSOR,9643750,1371500
2026-10-01 23:08:58.485,NATGASMINI,PE,285.0,NATGASMINI23OCT26285PE,12.75,1750,BUY_AGGRESSOR,19298250,1308250
2026-10-01 23:08:58.485,NATGASMINI,CE,295.0,NATGASMINI23OCT26295CE,11.5,250,BUY_AGGRESSOR,11868000,1773500
2026-10-01 23:09:02.266,NATURALGAS,PE,270.0,NATURALGAS23OCT26270PE,6.05,17500,SELL_AGGRESSOR,32267500,11506250
2026-10-01 23:09:02.266,NATURALGAS,PE,275.0,NATURALGAS23OCT26275PE,7.95,5000,BUY_AGGRESSOR,18077500,3650000
2026-10-01 23:09:02.266,NATURALGAS,CE,285.0,NATURALGAS23OCT26285CE,15.25,1250,SELL_AGGRESSOR,34647500,5211250
2026-10-01 23:09:02.266,NATURALGAS,PE,285.0,NATURALGAS23OCT26285PE,12.7,6250,BUY_AGGRESSOR,52205000,5908750
2026-10-01 23:09:02.266,NATURALGAS,CE,290.0,NATURALGAS23OCT26290CE,13.25,105000,BUY_AGGRESSOR,87650000,17613750
2026-10-01 23:09:02.266,NATURALGAS,PE,290.0,NATURALGAS23OCT26290PE,15.55,117500,BUY_AGGRESSOR,75446250,12971250
2026-10-01 23:09:02.266,NATURALGAS,CE,295.0,NATURALGAS23OCT26295CE,11.45,5000,BUY_AGGRESSOR,34892500,7206250
2026-10-01 23:09:02.266,NATURALGAS,PE,300.0,NATURALGAS23OCT26300PE,22.05,1250,SELL_AGGRESSOR,13727500,13888750
2026-10-01 23:09:02.266,NATURALGAS,CE,305.0,NATURALGAS23OCT26305CE,8.35,47500,BUY_AGGRESSOR,19668750,8296250
2026-10-01 23:09:02.266,NATGASMINI,FUT,0.0,NATGASMINI27OCT26FUT,287.7,750,SELL_AGGRESSOR,40440750,17216000
2026-10-01 23:09:02.266,NATGASMINI,PE,270.0,NATGASMINI23OCT26270PE,6.05,1000,SELL_AGGRESSOR,4131000,976250
2026-10-01 23:09:02.266,NATGASMINI,CE,285.0,NATGASMINI23OCT26285CE,15.5,1000,BUY_AGGRESSOR,10407750,974500
2026-10-01 23:09:02.266,NATGASMINI,CE,290.0,NATGASMINI23OCT26290CE,13.35,7500,BUY_AGGRESSOR,24950000,3348250
2026-10-01 23:09:02.266,NATGASMINI,CE,305.0,NATGASMINI23OCT26305CE,8.55,3250,BUY_AGGRESSOR,5989500,1712250
2026-10-01 23:09:06.050,NATURALGAS,FUT,0.0,NATURALGAS27OCT26FUT,287.7,42500,BUY,125608750,69005000
2026-10-01 23:09:06.050,NATURALGAS,PE,255.0,NATURALGAS23OCT26255PE,2.4,17500,BUY_AGGRESSOR,7121250,2045000
2026-10-01 23:09:06.050,NATURALGAS,PE,275.0,NATURALGAS23OCT26275PE,7.95,6250,BUY_AGGRESSOR,18083750,3643750
2026-10-01 23:09:06.050,NATURALGAS,CE,280.0,NATURALGAS23OCT26280CE,17.8,2500,BUY_AGGRESSOR,26073750,4457500
2026-10-01 23:09:06.050,NATURALGAS,PE,280.0,NATURALGAS23OCT26280PE,10.2,16250,BUY_AGGRESSOR,46186250,12073750
2026-10-01 23:09:06.050,NATURALGAS,CE,285.0,NATURALGAS23OCT26285CE,15.3,6250,BUY,34653750,5217500
2026-10-01 23:09:06.050,NATURALGAS,CE,290.0,NATURALGAS23OCT26290CE,13.2,47500,SELL_AGGRESSOR,87697500,17613750
2026-10-01 23:09:06.050,NATURALGAS,PE,290.0,NATURALGAS23OCT26290PE,15.55,7500,BUY_AGGRESSOR,75453750,12971250
2026-10-01 23:09:06.050,NATURALGAS,CE,295.0,NATURALGAS23OCT26295CE,11.4,41250,BUY_AGGRESSOR,34933750,7206250
2026-10-01 23:09:06.050,NATURALGAS,PE,295.0,NATURALGAS23OCT26295PE,18.7,1250,BUY_AGGRESSOR,15232500,5420000
2026-10-01 23:09:06.050,NATURALGAS,CE,300.0,NATURALGAS23OCT26300CE,9.8,36250,BUY_AGGRESSOR,53211250,20915000
2026-10-01 23:09:06.050,NATURALGAS,PE,300.0,NATURALGAS23OCT26300PE,22.05,12500,SELL_AGGRESSOR,13740000,13888750
2026-10-01 23:09:06.050,NATURALGAS,CE,305.0,NATURALGAS23OCT26305CE,8.35,323750,BUY_AGGRESSOR,19992500,8298750
2026-10-01 23:09:06.050,NATURALGAS,CE,310.0,NATURALGAS23OCT26310CE,7.25,136250,SELL_AGGRESSOR,31427500,11611250
2026-10-01 23:09:06.050,NATURALGAS,PE,310.0,NATURALGAS23OCT26310PE,29.7,26250,SELL,2330000,4563750
2026-10-01 23:09:06.050,NATURALGAS,CE,315.0,NATURALGAS23OCT26315CE,6.25,1250,BUY_AGGRESSOR,11418750,3506250
2026-10-01 23:09:06.050,NATGASMINI,FUT,0.0,NATGASMINI27OCT26FUT,287.7,3000,SELL_AGGRESSOR,40443750,17215500
2026-10-01 23:09:06.050,NATGASMINI,CE,280.0,NATGASMINI23OCT26280CE,17.95,2000,INSIDE,3757750,403000
2026-10-01 23:09:06.050,NATGASMINI,CE,285.0,NATGASMINI23OCT26285CE,15.45,5250,SELL,10413000,974500
2026-10-01 23:09:06.050,NATGASMINI,PE,285.0,NATGASMINI23OCT26285PE,12.75,1500,BUY_AGGRESSOR,19299750,1308250
2026-10-01 23:09:06.050,NATGASMINI,CE,290.0,NATGASMINI23OCT26290CE,13.35,3500,BUY_AGGRESSOR,24953500,3346000
2026-10-01 23:09:06.050,NATGASMINI,PE,290.0,NATGASMINI23OCT26290PE,15.55,2250,BUY_AGGRESSOR,18269250,1592000
2026-10-01 23:09:06.050,NATGASMINI,PE,295.0,NATGASMINI23OCT26295PE,18.65,1000,BUY_AGGRESSOR,5247250,800000
2026-10-01 23:09:06.050,NATGASMINI,CE,300.0,NATGASMINI23OCT26300CE,9.95,2500,BUY_AGGRESSOR,12757000,3314250
2026-10-01 23:09:06.050,NATGASMINI,PE,300.0,NATGASMINI23OCT26300PE,22.0,250,BUY_AGGRESSOR,3014250,1057250
2026-10-01 23:09:06.050,NATGASMINI,CE,305.0,NATGASMINI23OCT26305CE,8.55,19750,BUY_AGGRESSOR,6009250,1713500
2026-10-01 23:09:09.868,NATURALGAS,PE,280.0,NATURALGAS23OCT26280PE,10.15,1250,SELL_AGGRESSOR,46187500,12073750
2026-10-01 23:09:09.868,NATURALGAS,PE,285.0,NATURALGAS23OCT26285PE,12.7,2500,SELL_AGGRESSOR,52207500,5906250
2026-10-01 23:09:09.868,NATURALGAS,CE,290.0,NATURALGAS23OCT26290CE,13.15,2500,SELL_AGGRESSOR,87700000,17613750
2026-10-01 23:09:09.868,NATURALGAS,PE,290.0,NATURALGAS23OCT26290PE,15.5,3750,SELL_AGGRESSOR,75457500,12971250
2026-10-01 23:09:09.868,NATURALGAS,CE,295.0,NATURALGAS23OCT26295CE,11.4,1250,BUY_AGGRESSOR,34935000,7206250
2026-10-01 23:09:09.868,NATURALGAS,CE,300.0,NATURALGAS23OCT26300CE,9.8,25000,BUY_AGGRESSOR,53236250,20912500
2026-10-01 23:09:09.868,NATURALGAS,CE,305.0,NATURALGAS23OCT26305CE,8.4,3750,BUY_AGGRESSOR,19996250,8308750
2026-10-01 23:09:09.868,NATURALGAS,CE,310.0,NATURALGAS23OCT26310CE,7.3,30000,BUY_AGGRESSOR,31457500,11611250
2026-10-01 23:09:09.868,NATURALGAS,PE,310.0,NATURALGAS23OCT26310PE,29.85,17500,BUY_AGGRESSOR,2347500,4563750
2026-10-01 23:09:09.868,NATGASMINI,FUT,0.0,NATGASMINI27OCT26FUT,287.8,8750,BUY_AGGRESSOR,40452500,17204750
2026-10-01 23:09:09.868,NATGASMINI,CE,275.0,NATGASMINI23OCT26275CE,20.65,2750,SELL_AGGRESSOR,1313000,78500
2026-10-01 23:09:09.868,NATGASMINI,CE,290.0,NATGASMINI23OCT26290CE,13.35,500,BUY_AGGRESSOR,24954000,3345500
2026-10-01 23:09:09.868,NATGASMINI,PE,290.0,NATGASMINI23OCT26290PE,15.6,250,BUY_AGGRESSOR,18269500,1591000
2026-10-01 23:09:13.636,NATURALGAS,FUT,0.0,NATURALGAS27OCT26FUT,287.6,2500,SELL_AGGRESSOR,125611250,69001250
2026-10-01 23:09:13.636,NATURALGAS,PE,270.0,NATURALGAS23OCT26270PE,6.1,1250,BUY_AGGRESSOR,32268750,11488750
2026-10-01 23:09:13.636,NATURALGAS,PE,275.0,NATURALGAS23OCT26275PE,8.0,1250,BUY_AGGRESSOR,18085000,3643750
2026-10-01 23:09:13.636,NATURALGAS,CE,280.0,NATURALGAS23OCT26280CE,17.75,16250,SELL_AGGRESSOR,26090000,4457500
2026-10-01 23:09:13.636,NATURALGAS,PE,280.0,NATURALGAS23OCT26280PE,10.2,2500,BUY_AGGRESSOR,46190000,12058750
2026-10-01 23:09:13.636,NATURALGAS,PE,285.0,NATURALGAS23OCT26285PE,12.7,25000,INSIDE,52232500,5906250
2026-10-01 23:09:13.636,NATURALGAS,CE,290.0,NATURALGAS23OCT26290CE,13.15,6250,SELL_AGGRESSOR,87706250,17613750
2026-10-01 23:09:13.636,NATURALGAS,CE,295.0,NATURALGAS23OCT26295CE,11.45,1250,BUY_AGGRESSOR,34936250,7206250
2026-10-01 23:09:13.636,NATURALGAS,CE,300.0,NATURALGAS23OCT26300CE,9.8,21250,BUY_AGGRESSOR,53257500,20912500
2026-10-01 23:09:13.636,NATURALGAS,CE,305.0,NATURALGAS23OCT26305CE,8.35,21250,SELL_AGGRESSOR,20017500,8308750
2026-10-01 23:09:13.636,NATURALGAS,CE,310.0,NATURALGAS23OCT26310CE,7.3,27500,BUY_AGGRESSOR,31485000,11611250
2026-10-01 23:09:13.636,NATGASMINI,CE,290.0,NATGASMINI23OCT26290CE,13.35,250,BUY_AGGRESSOR,24954250,3345750
2026-10-01 23:09:17.438,NATURALGAS,FUT,0.0,NATURALGAS27OCT26FUT,287.7,1250,BUY_AGGRESSOR,125612500,69001250
2026-10-01 23:09:17.438,NATURALGAS,CE,270.0,NATURALGAS23OCT26270CE,23.7,1250,BUY,3017500,1065000
2026-10-01 23:09:17.438,NATURALGAS,CE,290.0,NATURALGAS23OCT26290CE,13.15,2500,SELL_AGGRESSOR,87708750,17542500
2026-10-01 23:09:17.438,NATURALGAS,PE,290.0,NATURALGAS23OCT26290PE,15.6,2500,BUY_AGGRESSOR,75460000,12951250
2026-10-01 23:09:17.438,NATURALGAS,CE,295.0,NATURALGAS23OCT26295CE,11.4,1250,SELL,34937500,7207500
2026-10-01 23:09:17.438,NATURALGAS,CE,300.0,NATURALGAS23OCT26300CE,9.8,27500,BUY_AGGRESSOR,53285000,20892500
2026-10-01 23:09:17.438,NATURALGAS,CE,310.0,NATURALGAS23OCT26310CE,7.3,11250,BUY_AGGRESSOR,31496250,11520000
2026-10-01 23:09:17.438,NATURALGAS,PE,310.0,NATURALGAS23OCT26310PE,29.85,3750,BUY_AGGRESSOR,2351250,4566250
2026-10-01 23:09:17.438,NATGASMINI,FUT,0.0,NATGASMINI27OCT26FUT,287.7,4000,SELL_AGGRESSOR,40456500,17201000
2026-10-01 23:09:17.438,NATGASMINI,PE,280.0,NATGASMINI23OCT26280PE,10.2,250,SELL_AGGRESSOR,9644000,1371500
2026-10-01 23:09:17.438,NATGASMINI,CE,285.0,NATGASMINI23OCT26285CE,15.4,250,SELL_AGGRESSOR,10413250,974250
2026-10-01 23:09:17.438,NATGASMINI,PE,285.0,NATGASMINI23OCT26285PE,12.8,12250,BUY_AGGRESSOR,19312000,1309250
2026-10-01 23:09:17.438,NATGASMINI,CE,290.0,NATGASMINI23OCT26290CE,13.25,3750,SELL_AGGRESSOR,24958000,3342000
2026-10-01 23:09:17.438,NATGASMINI,PE,290.0,NATGASMINI23OCT26290PE,15.5,500,SELL_AGGRESSOR,18270000,1591000
2026-10-01 23:09:17.438,NATGASMINI,CE,300.0,NATGASMINI23OCT26300CE,9.9,11750,SELL_AGGRESSOR,12768750,3312750
2026-10-01 23:09:17.438,NATGASMINI,PE,300.0,NATGASMINI23OCT26300PE,22.05,500,BUY_AGGRESSOR,3014750,1056500
2026-10-01 23:09:21.207,NATURALGAS,FUT,0.0,NATURALGAS27OCT26FUT,287.5,57500,SELL_AGGRESSOR,125670000,69006250
2026-10-01 23:09:21.207,NATURALGAS,PE,260.0,NATURALGAS23OCT26260PE,3.4,60000,BUY_AGGRESSOR,27350000,10736250
2026-10-01 23:09:21.207,NATURALGAS,PE,275.0,NATURALGAS23OCT26275PE,8.0,2500,BUY_AGGRESSOR,18087500,3642500
2026-10-01 23:09:21.207,NATURALGAS,CE,285.0,NATURALGAS23OCT26285CE,15.25,13750,SELL_AGGRESSOR,34667500,5231250
2026-10-01 23:09:21.207,NATURALGAS,PE,285.0,NATURALGAS23OCT26285PE,12.75,26250,BUY_AGGRESSOR,52258750,5888750
2026-10-01 23:09:21.207,NATURALGAS,PE,290.0,NATURALGAS23OCT26290PE,15.6,1250,BUY_AGGRESSOR,75461250,12951250
2026-10-01 23:09:21.207,NATURALGAS,CE,300.0,NATURALGAS23OCT26300CE,9.8,71250,BUY_AGGRESSOR,53356250,20862500
2026-10-01 23:09:21.207,NATURALGAS,CE,305.0,NATURALGAS23OCT26305CE,8.35,60000,BUY_AGGRESSOR,20077500,8398750
2026-10-01 23:09:21.207,NATURALGAS,CE,310.0,NATURALGAS23OCT26310CE,7.25,2500,SELL_AGGRESSOR,31498750,11522500
2026-10-01 23:09:21.207,NATGASMINI,FUT,0.0,NATGASMINI27OCT26FUT,287.6,2000,SELL_AGGRESSOR,40458500,17200250
2026-10-01 23:09:21.207,NATGASMINI,PE,255.0,NATGASMINI23OCT26255PE,2.45,2250,SELL_AGGRESSOR,682750,140750
2026-10-01 23:09:21.207,NATGASMINI,CE,275.0,NATGASMINI23OCT26275CE,20.7,1000,SELL_AGGRESSOR,1314000,78000
2026-10-01 23:09:21.207,NATGASMINI,CE,285.0,NATGASMINI23OCT26285CE,15.35,500,SELL_AGGRESSOR,10413750,974000
2026-10-01 23:09:21.207,NATGASMINI,CE,290.0,NATGASMINI23OCT26290CE,13.25,1750,SELL_AGGRESSOR,24959750,3341000
2026-10-01 23:09:21.207,NATGASMINI,PE,290.0,NATGASMINI23OCT26290PE,15.55,4750,SELL_AGGRESSOR,18274750,1590250
2026-10-01 23:09:21.207,NATGASMINI,CE,295.0,NATGASMINI23OCT26295CE,11.45,1250,SELL_AGGRESSOR,11869250,1772000
2026-10-01 23:09:21.207,NATGASMINI,CE,300.0,NATGASMINI23OCT26300CE,9.85,250,SELL_AGGRESSOR,12769000,3312750
2026-10-01 23:09:21.207,NATGASMINI,PE,300.0,NATGASMINI23OCT26300PE,22.05,500,BUY_AGGRESSOR,3015250,1056000
2026-10-01 23:09:21.207,NATGASMINI,CE,305.0,NATGASMINI23OCT26305CE,8.45,4750,SELL_AGGRESSOR,6014000,1710000
2026-10-01 23:09:21.207,NATGASMINI,CE,310.0,NATGASMINI23OCT26310CE,7.35,1750,SELL_AGGRESSOR,5088000,1866000
2026-10-01 23:09:21.207,NATGASMINI,CE,315.0,NATGASMINI23OCT26315CE,6.35,2000,SELL_AGGRESSOR,2650500,1301750
2026-10-01 23:09:24.979,NATURALGAS,FUT,0.0,NATURALGAS27OCT26FUT,287.4,16250,SELL_AGGRESSOR,125686250,69006250
2026-10-01 23:09:24.979,NATURALGAS,PE,255.0,NATURALGAS23OCT26255PE,2.45,57500,BUY_AGGRESSOR,7178750,2045000
2026-10-01 23:09:24.979,NATURALGAS,PE,260.0,NATURALGAS23OCT26260PE,3.4,1250,INSIDE,27351250,10726250
2026-10-01 23:09:24.979,NATURALGAS,PE,265.0,NATURALGAS23OCT26265PE,4.6,13750,BUY_AGGRESSOR,12777500,4378750
2026-10-01 23:09:24.979,NATURALGAS,PE,270.0,NATURALGAS23OCT26270PE,6.15,57500,BUY_AGGRESSOR,32326250,11485000
2026-10-01 23:09:24.979,NATURALGAS,CE,275.0,NATURALGAS23OCT26275CE,20.5,2500,SELL_AGGRESSOR,3806250,398750
2026-10-01 23:09:24.979,NATURALGAS,PE,275.0,NATURALGAS23OCT26275PE,8.05,40000,BUY_AGGRESSOR,18127500,3603750
2026-10-01 23:09:24.979,NATURALGAS,CE,280.0,NATURALGAS23OCT26280CE,17.6,7500,SELL_AGGRESSOR,26097500,4455000
2026-10-01 23:09:24.979,NATURALGAS,PE,280.0,NATURALGAS23OCT26280PE,10.3,45000,BUY_AGGRESSOR,46235000,12050000
2026-10-01 23:09:24.979,NATURALGAS,CE,285.0,NATURALGAS23OCT26285CE,15.15,6250,SELL_AGGRESSOR,34673750,5231250
2026-10-01 23:09:24.979,NATURALGAS,PE,285.0,NATURALGAS23OCT26285PE,12.9,22500,BUY_AGGRESSOR,52281250,5880000
2026-10-01 23:09:24.979,NATURALGAS,CE,290.0,NATURALGAS23OCT26290CE,13.05,18750,SELL_AGGRESSOR,87727500,17495000
2026-10-01 23:09:24.979,NATURALGAS,PE,290.0,NATURALGAS23OCT26290PE,15.7,20000,BUY_AGGRESSOR,75481250,12928750
2026-10-01 23:09:24.979,NATURALGAS,CE,295.0,NATURALGAS23OCT26295CE,11.25,8750,SELL_AGGRESSOR,34946250,7207500
2026-10-01 23:09:24.979,NATURALGAS,PE,295.0,NATURALGAS23OCT26295PE,18.85,17500,BUY_AGGRESSOR,15250000,5420000
2026-10-01 23:09:24.979,NATURALGAS,CE,300.0,NATURALGAS23OCT26300CE,9.7,116250,SELL_AGGRESSOR,53472500,20721250
2026-10-01 23:09:24.979,NATURALGAS,PE,300.0,NATURALGAS23OCT26300PE,22.3,15000,BUY_AGGRESSOR,13755000,13878750
2026-10-01 23:09:24.979,NATURALGAS,CE,305.0,NATURALGAS23OCT26305CE,8.3,12500,SELL_AGGRESSOR,20090000,8395000
2026-10-01 23:09:24.979,NATURALGAS,CE,310.0,NATURALGAS23OCT26310CE,7.2,98750,SELL_AGGRESSOR,31597500,11528750
2026-10-01 23:09:24.979,NATURALGAS,PE,310.0,NATURALGAS23OCT26310PE,29.9,7500,BUY_AGGRESSOR,2358750,4565000
2026-10-01 23:09:24.979,NATURALGAS,CE,315.0,NATURALGAS23OCT26315CE,6.2,18750,SELL_AGGRESSOR,11437500,3506250
2026-10-01 23:09:24.979,NATGASMINI,FUT,0.0,NATGASMINI27OCT26FUT,287.5,12250,SELL_AGGRESSOR,40470750,17191250
2026-10-01 23:09:24.979,NATGASMINI,PE,255.0,NATGASMINI23OCT26255PE,2.5,1500,BUY_AGGRESSOR,684250,139750
2026-10-01 23:09:24.979,NATGASMINI,PE,265.0,NATGASMINI23OCT26265PE,4.6,1500,BUY_AGGRESSOR,5802250,3222000
2026-10-01 23:09:24.979,NATGASMINI,PE,270.0,NATGASMINI23OCT26270PE,6.15,1250,BUY_AGGRESSOR,4132250,975750
2026-10-01 23:09:24.979,NATGASMINI,PE,275.0,NATGASMINI23OCT26275PE,8.05,1000,BUY_AGGRESSOR,4867500,747750
2026-10-01 23:09:24.979,NATGASMINI,CE,280.0,NATGASMINI23OCT26280CE,17.75,500,SELL_AGGRESSOR,3758250,403000
2026-10-01 23:09:24.979,NATGASMINI,CE,285.0,NATGASMINI23OCT26285CE,15.3,6250,SELL_AGGRESSOR,10420000,973000
2026-10-01 23:09:24.979,NATGASMINI,PE,285.0,NATGASMINI23OCT26285PE,12.9,3250,BUY_AGGRESSOR,19315250,1309250
2026-10-01 23:09:24.979,NATGASMINI,CE,290.0,NATGASMINI23OCT26290CE,13.1,1750,SELL_AGGRESSOR,24961500,3341250
2026-10-01 23:09:24.979,NATGASMINI,PE,290.0,NATGASMINI23OCT26290PE,15.7,4500,BUY_AGGRESSOR,18279250,1590500
2026-10-01 23:09:24.979,NATGASMINI,CE,295.0,NATGASMINI23OCT26295CE,11.3,4750,SELL_AGGRESSOR,11874000,1772000
2026-10-01 23:09:24.979,NATGASMINI,PE,295.0,NATGASMINI23OCT26295PE,18.9,250,BUY_AGGRESSOR,5247500,800000
2026-10-01 23:09:24.979,NATGASMINI,PE,300.0,NATGASMINI23OCT26300PE,22.15,500,BUY_AGGRESSOR,3015750,1055500
2026-10-01 23:09:24.979,NATGASMINI,PE,310.0,NATGASMINI23OCT26310PE,29.6,250,BUY_AGGRESSOR,420250,668250
2026-10-01 23:09:28.779,NATURALGAS,FUT,0.0,NATURALGAS27OCT26FUT,287.3,6250,SELL_AGGRESSOR,125692500,69018750
2026-10-01 23:09:28.779,NATURALGAS,CE,275.0,NATURALGAS23OCT26275CE,20.25,3750,SELL_AGGRESSOR,3810000,398750
2026-10-01 23:09:28.779,NATURALGAS,CE,285.0,NATURALGAS23OCT26285CE,15.05,1250,SELL_AGGRESSOR,34675000,5230000
2026-10-01 23:09:28.779,NATURALGAS,CE,290.0,NATURALGAS23OCT26290CE,13.0,15000,SELL_AGGRESSOR,87742500,17492500
2026-10-01 23:09:28.779,NATURALGAS,CE,300.0,NATURALGAS23OCT26300CE,9.65,5000,SELL_AGGRESSOR,53477500,20728750
2026-10-01 23:09:28.779,NATGASMINI,FUT,0.0,NATGASMINI27OCT26FUT,287.5,3750,BUY_AGGRESSOR,40474500,17187500
2026-10-01 23:09:28.779,NATGASMINI,PE,265.0,NATGASMINI23OCT26265PE,4.6,250,SELL_AGGRESSOR,5802500,3222000
2026-10-01 23:09:28.779,NATGASMINI,PE,270.0,NATGASMINI23OCT26270PE,6.15,250,SELL_AGGRESSOR,4132500,975750
2026-10-01 23:09:28.779,NATGASMINI,PE,280.0,NATGASMINI23OCT26280PE,10.35,1000,BUY_AGGRESSOR,9645000,1370500
2026-10-01 23:09:28.779,NATGASMINI,CE,285.0,NATGASMINI23OCT26285CE,15.2,250,SELL_AGGRESSOR,10420250,973000
2026-10-01 23:09:28.779,NATGASMINI,PE,285.0,NATGASMINI23OCT26285PE,12.95,250,BUY_AGGRESSOR,19315500,1309000
2026-10-01 23:09:28.779,NATGASMINI,CE,290.0,NATGASMINI23OCT26290CE,13.1,1000,SELL_AGGRESSOR,24962500,3340250
2026-10-01 23:09:28.779,NATGASMINI,PE,290.0,NATGASMINI23OCT26290PE,15.7,250,SELL_AGGRESSOR,18279500,1590500
2026-10-01 23:09:28.779,NATGASMINI,CE,305.0,NATGASMINI23OCT26305CE,8.35,1500,SELL_AGGRESSOR,6015500,1710000
2026-10-01 23:09:32.583,NATURALGAS,FUT,0.0,NATURALGAS27OCT26FUT,287.3,58750,SELL_AGGRESSOR,125751250,69020000
2026-10-01 23:09:32.583,NATURALGAS,PE,260.0,NATURALGAS23OCT26260PE,3.45,2500,BUY_AGGRESSOR,27353750,10723750
2026-10-01 23:09:32.583,NATURALGAS,PE,275.0,NATURALGAS23OCT26275PE,8.1,8750,BUY_AGGRESSOR,18136250,3595000
2026-10-01 23:09:32.583,NATURALGAS,CE,280.0,NATURALGAS23OCT26280CE,17.45,5000,SELL_AGGRESSOR,26102500,4457500
2026-10-01 23:09:32.583,NATURALGAS,PE,280.0,NATURALGAS23OCT26280PE,10.35,27500,BUY_AGGRESSOR,46262500,12011250
2026-10-01 23:09:32.583,NATURALGAS,PE,285.0,NATURALGAS23OCT26285PE,12.95,11250,BUY_AGGRESSOR,52292500,5868750
2026-10-01 23:09:32.583,NATURALGAS,CE,290.0,NATURALGAS23OCT26290CE,13.0,15000,SELL_AGGRESSOR,87757500,17478750
2026-10-01 23:09:32.583,NATURALGAS,PE,290.0,NATURALGAS23OCT26290PE,15.85,12500,BUY_AGGRESSOR,75493750,12915000
2026-10-01 23:09:32.583,NATURALGAS,CE,295.0,NATURALGAS23OCT26295CE,11.2,2500,SELL_AGGRESSOR,34948750,7207500
2026-10-01 23:09:32.583,NATURALGAS,PE,295.0,NATURALGAS23OCT26295PE,18.95,5000,BUY_AGGRESSOR,15255000,5415000
2026-10-01 23:09:32.583,NATURALGAS,CE,300.0,NATURALGAS23OCT26300CE,9.6,12500,SELL_AGGRESSOR,53490000,20727500
2026-10-01 23:09:32.583,NATURALGAS,PE,300.0,NATURALGAS23OCT26300PE,22.4,1250,BUY_AGGRESSOR,13756250,13878750
2026-10-01 23:09:32.583,NATURALGAS,CE,305.0,NATURALGAS23OCT26305CE,8.25,7500,SELL_AGGRESSOR,20097500,8391250
2026-10-01 23:09:32.583,NATURALGAS,CE,310.0,NATURALGAS23OCT26310CE,7.15,18750,SELL_AGGRESSOR,31616250,11441250
2026-10-01 23:09:32.583,NATURALGAS,PE,310.0,NATURALGAS23OCT26310PE,30.1,2500,BUY_AGGRESSOR,2361250,4560000
2026-10-01 23:09:32.583,NATURALGAS,CE,315.0,NATURALGAS23OCT26315CE,6.15,5000,SELL_AGGRESSOR,11442500,3505000
2026-10-01 23:09:32.583,NATGASMINI,FUT,0.0,NATGASMINI27OCT26FUT,287.4,20500,SELL_AGGRESSOR,40495000,17181000
2026-10-01 23:09:32.583,NATGASMINI,CE,275.0,NATGASMINI23OCT26275CE,20.4,750,SELL_AGGRESSOR,1314750,78000
2026-10-01 23:09:32.583,NATGASMINI,PE,275.0,NATGASMINI23OCT26275PE,8.1,4500,BUY_AGGRESSOR,4872000,746500
2026-10-01 23:09:32.583,NATGASMINI,CE,280.0,NATGASMINI23OCT26280CE,17.6,1000,SELL_AGGRESSOR,3759250,402000
2026-10-01 23:09:32.583,NATGASMINI,PE,280.0,NATGASMINI23OCT26280PE,10.35,6250,BUY_AGGRESSOR,9651250,1376750
2026-10-01 23:09:32.583,NATGASMINI,CE,285.0,NATGASMINI23OCT26285CE,15.15,4250,SELL_AGGRESSOR,10424500,972500
2026-10-01 23:09:32.583,NATGASMINI,PE,285.0,NATGASMINI23OCT26285PE,12.9,1500,SELL_AGGRESSOR,19317000,1307750
2026-10-01 23:09:32.583,NATGASMINI,CE,290.0,NATGASMINI23OCT26290CE,13.05,750,SELL_AGGRESSOR,24963250,3340500
2026-10-01 23:09:32.583,NATGASMINI,CE,295.0,NATGASMINI23OCT26295CE,11.25,1250,SELL_AGGRESSOR,11875250,1772000
2026-10-01 23:09:32.583,NATGASMINI,PE,295.0,NATGASMINI23OCT26295PE,18.9,500,BUY_AGGRESSOR,5248000,799500
2026-10-01 23:09:32.583,NATGASMINI,CE,300.0,NATGASMINI23OCT26300CE,9.75,12500,SELL_AGGRESSOR,12781500,3305750
2026-10-01 23:09:32.583,NATGASMINI,CE,305.0,NATGASMINI23OCT26305CE,8.4,5250,SELL_AGGRESSOR,6020750,1709750
2026-10-01 23:09:32.583,NATGASMINI,CE,310.0,NATGASMINI23OCT26310CE,7.25,3500,SELL_AGGRESSOR,5091500,1866000
2026-10-01 23:09:32.583,NATGASMINI,PE,310.0,NATGASMINI23OCT26310PE,29.75,500,BUY_AGGRESSOR,420750,668250
2026-10-01 23:09:36.392,NATURALGAS,FUT,0.0,NATURALGAS27OCT26FUT,287.3,26250,BUY_AGGRESSOR,125777500,69032500
2026-10-01 23:09:36.392,NATURALGAS,CE,270.0,NATURALGAS23OCT26270CE,23.25,3750,SELL_AGGRESSOR,3021250,1067500
2026-10-01 23:09:36.392,NATURALGAS,PE,270.0,NATURALGAS23OCT26270PE,6.2,1250,BUY_AGGRESSOR,32327500,11482500
2026-10-01 23:09:36.392,NATURALGAS,PE,275.0,NATURALGAS23OCT26275PE,8.15,1250,BUY_AGGRESSOR,18137500,3595000
2026-10-01 23:09:36.392,NATURALGAS,CE,280.0,NATURALGAS23OCT26280CE,17.4,1250,SELL_AGGRESSOR,26103750,4457500
2026-10-01 23:09:36.392,NATURALGAS,PE,290.0,NATURALGAS23OCT26290PE,15.8,2500,SELL_AGGRESSOR,75496250,12912500
2026-10-01 23:09:36.392,NATURALGAS,CE,300.0,NATURALGAS23OCT26300CE,9.55,1250,SELL_AGGRESSOR,53491250,20728750
2026-10-01 23:09:36.392,NATURALGAS,CE,310.0,NATURALGAS23OCT26310CE,7.15,1250,BUY_AGGRESSOR,31617500,11441250
2026-10-01 23:09:36.392,NATGASMINI,PE,290.0,NATGASMINI23OCT26290PE,15.8,250,SELL_AGGRESSOR,18279750,1590250
2026-10-01 23:09:36.392,NATGASMINI,PE,310.0,NATGASMINI23OCT26310PE,29.85,1250,BUY,422000,668250
2026-10-01 23:09:40.193,NATURALGAS,FUT,0.0,NATURALGAS27OCT26FUT,287.2,1250,BUY_AGGRESSOR,125778750,69032500
2026-10-01 23:09:40.193,NATURALGAS,CE,280.0,NATURALGAS23OCT26280CE,17.4,2500,SELL_AGGRESSOR,26106250,4455000
2026-10-01 23:09:40.193,NATURALGAS,PE,280.0,NATURALGAS23OCT26280PE,10.35,1250,SELL_AGGRESSOR,46263750,11991250
2026-10-01 23:09:40.193,NATURALGAS,PE,285.0,NATURALGAS23OCT26285PE,13.0,7500,BUY_AGGRESSOR,52300000,5876250
2026-10-01 23:09:40.193,NATURALGAS,CE,290.0,NATURALGAS23OCT26290CE,12.95,11250,SELL_AGGRESSOR,87768750,17478750
2026-10-01 23:09:40.193,NATURALGAS,PE,290.0,NATURALGAS23OCT26290PE,15.8,16250,SELL_AGGRESSOR,75512500,12896250
2026-10-01 23:09:40.193,NATURALGAS,CE,295.0,NATURALGAS23OCT26295CE,11.2,2500,BUY_AGGRESSOR,34951250,7207500
2026-10-01 23:09:40.193,NATURALGAS,CE,300.0,NATURALGAS23OCT26300CE,9.55,5000,SELL_AGGRESSOR,53496250,20725000
2026-10-01 23:09:40.193,NATURALGAS,CE,305.0,NATURALGAS23OCT26305CE,8.2,1250,SELL_AGGRESSOR,20098750,8390000
2026-10-01 23:09:40.193,NATURALGAS,PE,310.0,NATURALGAS23OCT26310PE,30.0,3750,SELL_AGGRESSOR,2365000,4556250
2026-10-01 23:09:40.193,NATGASMINI,FUT,0.0,NATGASMINI27OCT26FUT,287.3,1000,BUY_AGGRESSOR,40496000,17181000
2026-10-01 23:09:40.193,NATGASMINI,CE,290.0,NATGASMINI23OCT26290CE,13.0,250,SELL_AGGRESSOR,24963500,3340750
2026-10-01 23:09:40.193,NATGASMINI,PE,290.0,NATGASMINI23OCT26290PE,15.8,1000,SELL_AGGRESSOR,18280750,1589250
2026-10-01 23:09:40.193,NATGASMINI,CE,295.0,NATGASMINI23OCT26295CE,11.2,2000,SELL_AGGRESSOR,11877250,1772000
2026-10-01 23:09:40.193,NATGASMINI,CE,300.0,NATGASMINI23OCT26300CE,9.7,4500,SELL_AGGRESSOR,12786000,3304500
2026-10-01 23:09:43.967,NATURALGAS,FUT,0.0,NATURALGAS27OCT26FUT,287.2,1250,BUY_AGGRESSOR,125780000,69032500
2026-10-01 23:09:43.967,NATURALGAS,CE,270.0,NATURALGAS23OCT26270CE,23.25,2500,INSIDE,3023750,1066250
2026-10-01 23:09:43.967,NATURALGAS,CE,280.0,NATURALGAS23OCT26280CE,17.45,2500,BUY_AGGRESSOR,26108750,4455000
2026-10-01 23:09:43.967,NATURALGAS,PE,280.0,NATURALGAS23OCT26280PE,10.4,1250,BUY_AGGRESSOR,46265000,11991250
2026-10-01 23:09:43.967,NATURALGAS,CE,285.0,NATURALGAS23OCT26285CE,15.0,7500,SELL_AGGRESSOR,34682500,5222500
2026-10-01 23:09:43.967,NATURALGAS,PE,285.0,NATURALGAS23OCT26285PE,12.95,5000,SELL_AGGRESSOR,52305000,5876250
2026-10-01 23:09:43.967,NATURALGAS,CE,290.0,NATURALGAS23OCT26290CE,13.0,2500,BUY_AGGRESSOR,87771250,17478750
2026-10-01 23:09:43.967,NATURALGAS,CE,300.0,NATURALGAS23OCT26300CE,9.6,3750,BUY_AGGRESSOR,53500000,20725000
2026-10-01 23:09:43.967,NATGASMINI,FUT,0.0,NATGASMINI27OCT26FUT,287.2,250,SELL_AGGRESSOR,40496250,17181000
2026-10-01 23:09:43.967,NATGASMINI,CE,285.0,NATGASMINI23OCT26285CE,15.15,750,BUY_AGGRESSOR,10425250,972500
2026-10-01 23:09:43.967,NATGASMINI,CE,290.0,NATGASMINI23OCT26290CE,13.1,1250,BUY_AGGRESSOR,24964750,3340000
2026-10-01 23:09:43.967,NATGASMINI,CE,295.0,NATGASMINI23OCT26295CE,11.25,750,BUY_AGGRESSOR,11878000,1772750
2026-10-01 23:09:43.967,NATGASMINI,PE,295.0,NATGASMINI23OCT26295PE,18.95,750,SELL_AGGRESSOR,5248750,800250
2026-10-01 23:09:47.749,NATURALGAS,FUT,0.0,NATURALGAS27OCT26FUT,287.3,3750,BUY_AGGRESSOR,125783750,69032500
2026-10-01 23:09:47.749,NATURALGAS,PE,280.0,NATURALGAS23OCT26280PE,10.4,1250,BUY_AGGRESSOR,46266250,11991250
2026-10-01 23:09:47.749,NATURALGAS,CE,290.0,NATURALGAS23OCT26290CE,13.0,1250,BUY_AGGRESSOR,87772500,17478750
2026-10-01 23:09:47.749,NATURALGAS,PE,290.0,NATURALGAS23OCT26290PE,15.8,1250,SELL_AGGRESSOR,75513750,12896250
2026-10-01 23:09:47.749,NATURALGAS,CE,295.0,NATURALGAS23OCT26295CE,11.2,2500,BUY_AGGRESSOR,34953750,7210000
2026-10-01 23:09:47.749,NATGASMINI,FUT,0.0,NATGASMINI27OCT26FUT,287.2,1000,SELL_AGGRESSOR,40497250,17180750
2026-10-01 23:09:47.749,NATGASMINI,PE,285.0,NATGASMINI23OCT26285PE,13.0,500,BUY_AGGRESSOR,19317500,1308250
2026-10-01 23:09:47.749,NATGASMINI,CE,290.0,NATGASMINI23OCT26290CE,13.05,250,SELL_AGGRESSOR,24965000,3339750
2026-10-01 23:09:47.749,NATGASMINI,CE,295.0,NATGASMINI23OCT26295CE,11.25,250,SELL_AGGRESSOR,11878250,1772750
2026-10-01 23:09:47.749,NATGASMINI,PE,295.0,NATGASMINI23OCT26295PE,19.0,250,BUY_AGGRESSOR,5249000,800250
2026-10-01 23:09:51.555,NATURALGAS,PE,275.0,NATURALGAS23OCT26275PE,8.15,5000,BUY_AGGRESSOR,18142500,3595000
2026-10-01 23:09:51.555,NATURALGAS,CE,285.0,NATURALGAS23OCT26285CE,15.05,1250,BUY_AGGRESSOR,34683750,5221250
2026-10-01 23:09:51.555,NATURALGAS,PE,290.0,NATURALGAS23OCT26290PE,15.8,1250,SELL_AGGRESSOR,75515000,12896250
2026-10-01 23:09:51.555,NATURALGAS,CE,300.0,NATURALGAS23OCT26300CE,9.65,1250,BUY_AGGRESSOR,53501250,20726250
2026-10-01 23:09:51.555,NATURALGAS,PE,300.0,NATURALGAS23OCT26300PE,22.5,1250,BUY_AGGRESSOR,13757500,13880000
2026-10-01 23:09:51.555,NATURALGAS,CE,310.0,NATURALGAS23OCT26310CE,7.15,5000,BUY_AGGRESSOR,31622500,11441250
2026-10-01 23:09:51.555,NATGASMINI,FUT,0.0,NATGASMINI27OCT26FUT,287.4,1000,BUY_AGGRESSOR,40498250,17180250
2026-10-01 23:09:51.555,NATGASMINI,PE,270.0,NATGASMINI23OCT26270PE,6.15,750,SELL_AGGRESSOR,4133250,976250
2026-10-01 23:09:51.555,NATGASMINI,CE,290.0,NATGASMINI23OCT26290CE,13.05,500,SELL_AGGRESSOR,24965500,3339250
2026-10-01 23:09:51.555,NATGASMINI,CE,300.0,NATGASMINI23OCT26300CE,9.7,250,SELL_AGGRESSOR,12786250,3304500
2026-10-01 23:09:51.555,NATGASMINI,CE,305.0,NATGASMINI23OCT26305CE,8.4,500,BUY_AGGRESSOR,6021250,1709750
2026-10-01 23:09:55.357,NATURALGAS,PE,270.0,NATURALGAS23OCT26270PE,6.2,2500,BUY_AGGRESSOR,32330000,11481250
2026-10-01 23:09:55.357,NATURALGAS,PE,280.0,NATURALGAS23OCT26280PE,10.35,3750,SELL_AGGRESSOR,46270000,11987500
2026-10-01 23:09:55.357,NATURALGAS,CE,285.0,NATURALGAS23OCT26285CE,15.05,1250,SELL_AGGRESSOR,34685000,5221250
2026-10-01 23:09:55.357,NATURALGAS,CE,300.0,NATURALGAS23OCT26300CE,9.65,3750,BUY_AGGRESSOR,53505000,20730000
2026-10-01 23:09:55.357,NATGASMINI,FUT,0.0,NATGASMINI27OCT26FUT,287.4,1250,BUY_AGGRESSOR,40499500,17179000
2026-10-01 23:09:55.357,NATGASMINI,PE,280.0,NATGASMINI23OCT26280PE,10.35,250,SELL_AGGRESSOR,9651500,1376750
2026-10-01 23:09:55.357,NATGASMINI,CE,285.0,NATGASMINI23OCT26285CE,15.2,500,BUY_AGGRESSOR,10425750,972500
2026-10-01 23:09:55.357,NATGASMINI,PE,285.0,NATGASMINI23OCT26285PE,13.0,750,BUY_AGGRESSOR,19318250,1308250
2026-10-01 23:09:55.357,NATGASMINI,CE,290.0,NATGASMINI23OCT26290CE,13.05,1000,SELL_AGGRESSOR,24966500,3338250
2026-10-01 23:09:59.163,NATURALGAS,CE,280.0,NATURALGAS23OCT26280CE,17.45,2500,SELL_AGGRESSOR,26111250,4457500
2026-10-01 23:09:59.163,NATURALGAS,CE,285.0,NATURALGAS23OCT26285CE,15.1,3750,BUY_AGGRESSOR,34688750,5217500
2026-10-01 23:09:59.163,NATURALGAS,PE,285.0,NATURALGAS23OCT26285PE,12.95,2500,INSIDE,52307500,5876250
2026-10-01 23:09:59.163,NATURALGAS,CE,290.0,NATURALGAS23OCT26290CE,13.0,7500,BUY_AGGRESSOR,87780000,17473750
2026-10-01 23:09:59.163,NATURALGAS,PE,290.0,NATURALGAS23OCT26290PE,15.8,7500,SELL_AGGRESSOR,75522500,12896250
2026-10-01 23:09:59.163,NATURALGAS,CE,300.0,NATURALGAS23OCT26300CE,9.65,1250,BUY_AGGRESSOR,53506250,20730000
2026-10-01 23:09:59.163,NATURALGAS,PE,305.0,NATURALGAS23OCT26305PE,26.1,1250,SELL_AGGRESSOR,2023750,2690000
2026-10-01 23:09:59.163,NATURALGAS,CE,315.0,NATURALGAS23OCT26315CE,6.1,1250,SELL_AGGRESSOR,11443750,3505000
2026-10-01 23:09:59.163,NATGASMINI,FUT,0.0,NATGASMINI27OCT26FUT,287.4,1750,BUY_AGGRESSOR,40501250,17177500
2026-10-01 23:09:59.163,NATGASMINI,PE,285.0,NATGASMINI23OCT26285PE,13.0,250,BUY_AGGRESSOR,19318500,1308250
2026-10-01 23:09:59.163,NATGASMINI,CE,290.0,NATGASMINI23OCT26290CE,13.1,4500,BUY_AGGRESSOR,24971000,3334000
2026-10-01 23:09:59.163,NATGASMINI,PE,290.0,NATGASMINI23OCT26290PE,15.8,1250,SELL_AGGRESSOR,18282000,1588250
2026-10-01 23:09:59.163,NATGASMINI,PE,295.0,NATGASMINI23OCT26295PE,18.9,1500,SELL_AGGRESSOR,5250500,799750
2026-10-01 23:10:02.984,NATURALGAS,FUT,0.0,NATURALGAS27OCT26FUT,287.2,10000,SELL_AGGRESSOR,125793750,69035000
2026-10-01 23:10:02.984,NATURALGAS,CE,275.0,NATURALGAS23OCT26275CE,20.25,3750,SELL_AGGRESSOR,3813750,398750
2026-10-01 23:10:02.984,NATURALGAS,PE,280.0,NATURALGAS23OCT26280PE,10.4,7500,BUY_AGGRESSOR,46277500,11981250
2026-10-01 23:10:02.984,NATURALGAS,CE,285.0,NATURALGAS23OCT26285CE,15.1,5000,BUY_AGGRESSOR,34693750,5212500
2026-10-01 23:10:02.984,NATURALGAS,PE,285.0,NATURALGAS23OCT26285PE,12.95,2500,BUY_AGGRESSOR,52310000,5876250
2026-10-01 23:10:02.984,NATURALGAS,CE,290.0,NATURALGAS23OCT26290CE,13.0,2500,BUY_AGGRESSOR,87782500,17471250
2026-10-01 23:10:02.984,NATURALGAS,PE,290.0,NATURALGAS23OCT26290PE,15.85,1250,BUY_AGGRESSOR,75523750,12895000
2026-10-01 23:10:02.984,NATURALGAS,CE,295.0,NATURALGAS23OCT26295CE,11.2,6250,BUY_AGGRESSOR,34960000,7203750
2026-10-01 23:10:02.984,NATURALGAS,CE,300.0,NATURALGAS23OCT26300CE,9.65,7500,BUY_AGGRESSOR,53513750,20728750
2026-10-01 23:10:02.984,NATURALGAS,PE,315.0,NATURALGAS23OCT26315PE,33.65,1250,SELL_AGGRESSOR,176250,520000
2026-10-01 23:10:02.984,NATGASMINI,FUT,0.0,NATGASMINI27OCT26FUT,287.3,1500,SELL_AGGRESSOR,40502750,17176250
2026-10-01 23:10:06.766,NATURALGAS,PE,280.0,NATURALGAS23OCT26280PE,10.4,26250,BUY_AGGRESSOR,46303750,11975000
2026-10-01 23:10:06.766,NATURALGAS,CE,285.0,NATURALGAS23OCT26285CE,15.0,1250,SELL_AGGRESSOR,34695000,5211250
2026-10-01 23:10:06.766,NATURALGAS,CE,290.0,NATURALGAS23OCT26290CE,12.95,2500,SELL_AGGRESSOR,87785000,17470000
2026-10-01 23:10:06.766,NATURALGAS,PE,290.0,NATURALGAS23OCT26290PE,15.85,1250,BUY_AGGRESSOR,75525000,12895000
2026-10-01 23:10:06.766,NATURALGAS,CE,295.0,NATURALGAS23OCT26295CE,11.2,7500,BUY_AGGRESSOR,34967500,7197500
2026-10-01 23:10:06.766,NATURALGAS,CE,300.0,NATURALGAS23OCT26300CE,9.65,27500,BUY_AGGRESSOR,53541250,20717500
2026-10-01 23:10:06.766,NATURALGAS,CE,305.0,NATURALGAS23OCT26305CE,8.2,5000,SELL_AGGRESSOR,20103750,8387500
2026-10-01 23:10:06.766,NATGASMINI,FUT,0.0,NATGASMINI27OCT26FUT,287.4,250,BUY_AGGRESSOR,40503000,17176000
2026-10-01 23:10:06.766,NATGASMINI,CE,285.0,NATGASMINI23OCT26285CE,15.15,500,SELL_AGGRESSOR,10426250,971750
2026-10-01 23:10:06.766,NATGASMINI,CE,290.0,NATGASMINI23OCT26290CE,13.1,750,BUY_AGGRESSOR,24971750,3334750
2026-10-01 23:10:06.766,NATGASMINI,PE,290.0,NATGASMINI23OCT26290PE,15.8,2500,BUY_AGGRESSOR,18284500,1588250
2026-10-01 23:10:06.766,NATGASMINI,CE,300.0,NATGASMINI23OCT26300CE,9.7,250,SELL_AGGRESSOR,12786500,3304500
2026-10-01 23:10:10.691,NATURALGAS,PE,270.0,NATURALGAS23OCT26270PE,6.2,2500,BUY_AGGRESSOR,32332500,11481250
2026-10-01 23:10:10.691,NATURALGAS,PE,280.0,NATURALGAS23OCT26280PE,10.4,6250,BUY_AGGRESSOR,46310000,11973750
2026-10-01 23:10:10.691,NATURALGAS,CE,300.0,NATURALGAS23OCT26300CE,9.65,8750,BUY_AGGRESSOR,53550000,20708750
2026-10-01 23:10:10.691,NATGASMINI,FUT,0.0,NATGASMINI27OCT26FUT,287.2,1500,SELL_AGGRESSOR,40504500,17176000
2026-10-01 23:10:10.691,NATGASMINI,PE,275.0,NATGASMINI23OCT26275PE,8.15,750,BUY_AGGRESSOR,4872750,746750
2026-10-01 23:10:10.691,NATGASMINI,PE,280.0,NATGASMINI23OCT26280PE,10.4,250,BUY_AGGRESSOR,9651750,1376500
2026-10-01 23:10:10.691,NATGASMINI,CE,290.0,NATGASMINI23OCT26290CE,13.05,1750,SELL_AGGRESSOR,24973500,3333000
2026-10-01 23:10:10.691,NATGASMINI,CE,315.0,NATGASMINI23OCT26315CE,6.3,250,BUY_AGGRESSOR,2650750,1302000
2026-10-01 23:10:14.536,NATURALGAS,FUT,0.0,NATURALGAS27OCT26FUT,287.2,1250,SELL_AGGRESSOR,125795000,69036250
2026-10-01 23:10:14.536,NATURALGAS,CE,275.0,NATURALGAS23OCT26275CE,20.25,1250,SELL_AGGRESSOR,3815000,398750
2026-10-01 23:10:14.536,NATURALGAS,PE,280.0,NATURALGAS23OCT26280PE,10.4,7500,BUY_AGGRESSOR,46317500,11970000
2026-10-01 23:10:14.536,NATURALGAS,PE,285.0,NATURALGAS23OCT26285PE,12.95,1250,BUY_AGGRESSOR,52311250,5876250
2026-10-01 23:10:14.536,NATURALGAS,CE,290.0,NATURALGAS23OCT26290CE,12.95,5000,SELL_AGGRESSOR,87790000,17465000
2026-10-01 23:10:14.536,NATURALGAS,CE,300.0,NATURALGAS23OCT26300CE,9.65,1250,BUY_AGGRESSOR,53551250,20708750
2026-10-01 23:10:14.536,NATGASMINI,FUT,0.0,NATGASMINI27OCT26FUT,287.4,250,BUY_AGGRESSOR,40504750,17175750
2026-10-01 23:10:14.536,NATGASMINI,CE,290.0,NATGASMINI23OCT26290CE,13.15,750,BUY_AGGRESSOR,24974250,3333250
2026-10-01 23:10:14.536,NATGASMINI,CE,300.0,NATGASMINI23OCT26300CE,9.8,1000,BUY_AGGRESSOR,12787500,3304500
2026-10-01 23:10:18.336,NATURALGAS,FUT,0.0,NATURALGAS27OCT26FUT,287.2,1250,SELL_AGGRESSOR,125796250,69036250
2026-10-01 23:10:18.336,NATURALGAS,CE,280.0,NATURALGAS23OCT26280CE,17.5,2500,BUY_AGGRESSOR,26113750,4457500
2026-10-01 23:10:18.336,NATURALGAS,CE,290.0,NATURALGAS23OCT26290CE,13.0,10000,BUY_AGGRESSOR,87800000,17463750
2026-10-01 23:10:18.336,NATURALGAS,PE,290.0,NATURALGAS23OCT26290PE,15.75,12500,SELL_AGGRESSOR,75537500,12898750
2026-10-01 23:10:18.336,NATURALGAS,CE,295.0,NATURALGAS23OCT26295CE,11.2,12500,BUY_AGGRESSOR,34980000,7183750
2026-10-01 23:10:18.336,NATURALGAS,CE,300.0,NATURALGAS23OCT26300CE,9.65,56250,BUY_AGGRESSOR,53607500,20676250
2026-10-01 23:10:18.336,NATURALGAS,CE,305.0,NATURALGAS23OCT26305CE,8.25,3750,BUY_AGGRESSOR,20107500,8390000
2026-10-01 23:10:18.336,NATGASMINI,PE,265.0,NATGASMINI23OCT26265PE,4.65,500,BUY,5803000,3222000
2026-10-01 23:10:18.336,NATGASMINI,PE,280.0,NATGASMINI23OCT26280PE,10.3,3250,SELL_AGGRESSOR,9655000,1373250
2026-10-01 23:10:18.336,NATGASMINI,PE,285.0,NATGASMINI23OCT26285PE,12.9,1750,SELL_AGGRESSOR,19320250,1307000
2026-10-01 23:10:18.336,NATGASMINI,CE,290.0,NATGASMINI23OCT26290CE,13.05,250,SELL_AGGRESSOR,24974500,3333000
2026-10-01 23:10:18.336,NATGASMINI,CE,305.0,NATGASMINI23OCT26305CE,8.4,3250,BUY_AGGRESSOR,6024500,1713000
2026-10-01 23:10:18.336,NATGASMINI,PE,310.0,NATGASMINI23OCT26310PE,29.75,750,SELL_AGGRESSOR,422750,667750
2026-10-01 23:10:22.146,NATURALGAS,FUT,0.0,NATURALGAS27OCT26FUT,287.3,10000,BUY_AGGRESSOR,125806250,69030000
2026-10-01 23:10:22.146,NATURALGAS,PE,285.0,NATURALGAS23OCT26285PE,12.95,6250,BUY_AGGRESSOR,52317500,5873750
2026-10-01 23:10:22.146,NATURALGAS,PE,290.0,NATURALGAS23OCT26290PE,15.85,2500,BUY_AGGRESSOR,75540000,12897500
2026-10-01 23:10:22.146,NATURALGAS,CE,300.0,NATURALGAS23OCT26300CE,9.65,2500,SELL_AGGRESSOR,53610000,20673750
2026-10-01 23:10:22.146,NATGASMINI,FUT,0.0,NATGASMINI27OCT26FUT,287.4,250,BUY_AGGRESSOR,40505000,17175500
2026-10-01 23:10:22.146,NATGASMINI,PE,290.0,NATGASMINI23OCT26290PE,15.75,500,SELL_AGGRESSOR,18285000,1588000
2026-10-01 23:10:22.146,NATGASMINI,CE,300.0,NATGASMINI23OCT26300CE,9.75,1500,SELL_AGGRESSOR,12789000,3303000
2026-10-01 23:10:25.932,NATURALGAS,PE,280.0,NATURALGAS23OCT26280PE,10.35,3750,SELL_AGGRESSOR,46321250,11966250
2026-10-01 23:10:25.932,NATURALGAS,CE,285.0,NATURALGAS23OCT26285CE,15.05,5000,SELL_AGGRESSOR,34700000,5206250
2026-10-01 23:10:25.932,NATURALGAS,PE,290.0,NATURALGAS23OCT26290PE,15.8,1250,SELL_AGGRESSOR,75541250,12896250
2026-10-01 23:10:25.932,NATURALGAS,CE,300.0,NATURALGAS23OCT26300CE,9.7,1250,BUY_AGGRESSOR,53611250,20673750
2026-10-01 23:10:25.932,NATURALGAS,CE,315.0,NATURALGAS23OCT26315CE,6.15,3750,SELL_AGGRESSOR,11447500,3501250
2026-10-01 23:10:25.932,NATGASMINI,PE,275.0,NATGASMINI23OCT26275PE,8.15,250,BUY_AGGRESSOR,4873000,746750
2026-10-01 23:10:25.932,NATGASMINI,CE,290.0,NATGASMINI23OCT26290CE,13.15,250,BUY_AGGRESSOR,24974750,3333250
2026-10-01 23:10:29.769,NATURALGAS,CE,290.0,NATURALGAS23OCT26290CE,13.05,6250,BUY_AGGRESSOR,87806250,17463750
2026-10-01 23:10:29.769,NATGASMINI,PE,265.0,NATGASMINI23OCT26265PE,4.6,500,SELL_AGGRESSOR,5803500,3222000
2026-10-01 23:10:29.769,NATGASMINI,CE,315.0,NATGASMINI23OCT26315CE,6.25,1000,SELL_AGGRESSOR,2651750,1301000
2026-10-01 23:10:33.678,NATURALGAS,CE,285.0,NATURALGAS23OCT26285CE,15.1,8750,BUY_AGGRESSOR,34708750,5200000
2026-10-01 23:10:33.678,NATURALGAS,PE,285.0,NATURALGAS23OCT26285PE,12.95,7500,BUY_AGGRESSOR,52325000,5873750
2026-10-01 23:10:33.678,NATURALGAS,CE,300.0,NATURALGAS23OCT26300CE,9.7,1250,BUY_AGGRESSOR,53612500,20673750
2026-10-01 23:10:33.678,NATURALGAS,CE,315.0,NATURALGAS23OCT26315CE,6.15,1250,SELL_AGGRESSOR,11448750,3500000
2026-10-01 23:10:33.678,NATGASMINI,CE,280.0,NATGASMINI23OCT26280CE,17.7,250,BUY_AGGRESSOR,3759500,402000
2026-10-01 23:10:37.561,NATURALGAS,PE,260.0,NATURALGAS23OCT26260PE,3.45,8750,BUY_AGGRESSOR,27362500,10723750
2026-10-01 23:10:37.561,NATURALGAS,CE,280.0,NATURALGAS23OCT26280CE,17.5,3750,SELL_AGGRESSOR,26117500,4461250
2026-10-01 23:10:37.561,NATURALGAS,PE,280.0,NATURALGAS23OCT26280PE,10.35,3750,SELL_AGGRESSOR,46325000,11963750
2026-10-01 23:10:37.561,NATURALGAS,CE,285.0,NATURALGAS23OCT26285CE,15.1,11250,BUY_AGGRESSOR,34720000,5211250
2026-10-01 23:10:37.561,NATURALGAS,PE,285.0,NATURALGAS23OCT26285PE,12.9,2500,SELL_AGGRESSOR,52327500,5871250
2026-10-01 23:10:37.561,NATURALGAS,PE,290.0,NATURALGAS23OCT26290PE,15.8,8750,SELL_AGGRESSOR,75550000,12891250
2026-10-01 23:10:37.561,NATURALGAS,CE,300.0,NATURALGAS23OCT26300CE,9.65,5000,SELL_AGGRESSOR,53617500,20668750
2026-10-01 23:10:37.561,NATURALGAS,PE,300.0,NATURALGAS23OCT26300PE,22.5,15000,BUY_AGGRESSOR,13772500,13880000
2026-10-01 23:10:37.561,NATURALGAS,PE,310.0,NATURALGAS23OCT26310PE,30.1,3750,BUY_AGGRESSOR,2368750,4556250
2026-10-01 23:10:37.561,NATGASMINI,FUT,0.0,NATGASMINI27OCT26FUT,287.4,1000,BUY_AGGRESSOR,40506000,17175500
2026-10-01 23:10:37.561,NATGASMINI,CE,295.0,NATGASMINI23OCT26295CE,11.3,1000,SELL_AGGRESSOR,11879250,1773500
2026-10-01 23:10:37.561,NATGASMINI,PE,310.0,NATGASMINI23OCT26310PE,29.75,4250,INSIDE,427000,667750
2026-10-01 23:10:37.561,NATGASMINI,CE,315.0,NATGASMINI23OCT26315CE,6.25,1000,SELL_AGGRESSOR,2652750,1300750
2026-10-01 23:10:41.345,NATURALGAS,CE,285.0,NATURALGAS23OCT26285CE,15.1,3750,BUY_AGGRESSOR,34723750,5210000
2026-10-01 23:10:41.345,NATURALGAS,PE,285.0,NATURALGAS23OCT26285PE,12.95,1250,BUY_AGGRESSOR,52328750,5871250
2026-10-01 23:10:41.345,NATURALGAS,CE,295.0,NATURALGAS23OCT26295CE,11.25,7500,BUY_AGGRESSOR,34987500,7186250
2026-10-01 23:10:41.345,NATURALGAS,CE,300.0,NATURALGAS23OCT26300CE,9.65,3750,SELL_AGGRESSOR,53621250,20667500
2026-10-01 23:10:41.345,NATURALGAS,PE,310.0,NATURALGAS23OCT26310PE,30.05,1250,SELL_AGGRESSOR,2370000,4555000
2026-10-01 23:10:41.345,NATGASMINI,PE,285.0,NATGASMINI23OCT26285PE,12.95,500,BUY,19320750,1307000
2026-10-01 23:10:41.345,NATGASMINI,CE,290.0,NATGASMINI23OCT26290CE,13.15,2500,BUY_AGGRESSOR,24977250,3331250
2026-10-01 23:10:41.345,NATGASMINI,PE,295.0,NATGASMINI23OCT26295PE,18.9,3750,SELL_AGGRESSOR,5254250,798500
2026-10-01 23:10:45.165,NATURALGAS,FUT,0.0,NATURALGAS27OCT26FUT,287.3,1250,BUY_AGGRESSOR,125807500,69030000
2026-10-01 23:10:45.165,NATURALGAS,CE,315.0,NATURALGAS23OCT26315CE,6.1,2500,SELL_AGGRESSOR,11451250,3497500
2026-10-01 23:10:45.165,NATGASMINI,FUT,0.0,NATGASMINI27OCT26FUT,287.3,3500,SELL_AGGRESSOR,40509500,17172750
2026-10-01 23:10:48.978,NATURALGAS,PE,260.0,NATURALGAS23OCT26260PE,3.45,12500,BUY_AGGRESSOR,27375000,10723750
2026-10-01 23:10:48.978,NATURALGAS,CE,285.0,NATURALGAS23OCT26285CE,15.1,2500,BUY_AGGRESSOR,34726250,5210000
2026-10-01 23:10:48.978,NATURALGAS,CE,290.0,NATURALGAS23OCT26290CE,13.0,8750,SELL_AGGRESSOR,87815000,17461250
2026-10-01 23:10:48.978,NATURALGAS,PE,290.0,NATURALGAS23OCT26290PE,15.8,6250,SELL_AGGRESSOR,75556250,12881250
2026-10-01 23:10:48.978,NATGASMINI,FUT,0.0,NATGASMINI27OCT26FUT,287.2,2000,SELL_AGGRESSOR,40511500,17172500
2026-10-01 23:10:48.978,NATGASMINI,PE,260.0,NATGASMINI23OCT26260PE,3.45,250,SELL_AGGRESSOR,2405000,867500
2026-10-01 23:10:48.978,NATGASMINI,CE,285.0,NATGASMINI23OCT26285CE,15.15,250,SELL_AGGRESSOR,10426500,971750
2026-10-01 23:10:48.978,NATGASMINI,CE,290.0,NATGASMINI23OCT26290CE,13.15,4000,BUY_AGGRESSOR,24981250,3327750
2026-10-01 23:10:48.978,NATGASMINI,CE,295.0,NATGASMINI23OCT26295CE,11.3,500,SELL_AGGRESSOR,11879750,1774000
2026-10-01 23:10:48.978,NATGASMINI,PE,295.0,NATGASMINI23OCT26295PE,19.0,500,BUY_AGGRESSOR,5254750,799000
2026-10-01 23:10:48.978,NATGASMINI,CE,315.0,NATGASMINI23OCT26315CE,6.35,250,BUY_AGGRESSOR,2653000,1301000
2026-10-01 23:10:52.777,NATURALGAS,FUT,0.0,NATURALGAS27OCT26FUT,287.2,1250,SELL_AGGRESSOR,125808750,69028750
2026-10-01 23:10:52.777,NATURALGAS,PE,280.0,NATURALGAS23OCT26280PE,10.35,3750,SELL_AGGRESSOR,46328750,11963750
2026-10-01 23:10:52.777,NATURALGAS,PE,285.0,NATURALGAS23OCT26285PE,12.95,1250,BUY_AGGRESSOR,52330000,5871250
2026-10-01 23:10:52.777,NATURALGAS,PE,290.0,NATURALGAS23OCT26290PE,15.8,1250,SELL_AGGRESSOR,75557500,12881250
2026-10-01 23:10:52.777,NATURALGAS,CE,305.0,NATURALGAS23OCT26305CE,8.25,1250,SELL_AGGRESSOR,20108750,8390000
2026-10-01 23:10:52.777,NATGASMINI,FUT,0.0,NATGASMINI27OCT26FUT,287.4,500,BUY_AGGRESSOR,40512000,17172250
2026-10-01 23:10:52.777,NATGASMINI,PE,285.0,NATGASMINI23OCT26285PE,12.9,250,SELL_AGGRESSOR,19321000,1307000
2026-10-01 23:10:52.777,NATGASMINI,PE,290.0,NATGASMINI23OCT26290PE,15.85,7250,BUY_AGGRESSOR,18292250,1587250
2026-10-01 23:10:52.777,NATGASMINI,PE,295.0,NATGASMINI23OCT26295PE,18.9,1250,SELL_AGGRESSOR,5256000,797750
2026-10-01 23:10:56.605,NATURALGAS,CE,280.0,NATURALGAS23OCT26280CE,17.5,2500,SELL_AGGRESSOR,26120000,4461250
2026-10-01 23:10:56.605,NATURALGAS,PE,280.0,NATURALGAS23OCT26280PE,10.4,1250,BUY_AGGRESSOR,46330000,11963750
2026-10-01 23:10:56.605,NATURALGAS,PE,285.0,NATURALGAS23OCT26285PE,12.95,31250,BUY_AGGRESSOR,52361250,5841250
2026-10-01 23:10:56.605,NATURALGAS,CE,300.0,NATURALGAS23OCT26300CE,9.65,1250,SELL_AGGRESSOR,53622500,20667500
2026-10-01 23:10:56.605,NATURALGAS,PE,300.0,NATURALGAS23OCT26300PE,22.55,1250,BUY_AGGRESSOR,13773750,13881250
2026-10-01 23:10:56.605,NATGASMINI,PE,290.0,NATGASMINI23OCT26290PE,15.85,500,BUY_AGGRESSOR,18292750,1582000
2026-10-01 23:10:56.605,NATGASMINI,CE,295.0,NATGASMINI23OCT26295CE,11.25,3750,SELL_AGGRESSOR,11883500,1772750
2026-10-01 23:11:00.423,NATURALGAS,CE,270.0,NATURALGAS23OCT26270CE,23.4,2500,BUY_AGGRESSOR,3026250,1066250
2026-10-01 23:11:00.423,NATURALGAS,PE,280.0,NATURALGAS23OCT26280PE,10.4,55000,BUY_AGGRESSOR,46385000,11960000
2026-10-01 23:11:00.423,NATURALGAS,PE,285.0,NATURALGAS23OCT26285PE,12.95,1250,SELL_AGGRESSOR,52362500,5840000
2026-10-01 23:11:00.423,NATURALGAS,PE,300.0,NATURALGAS23OCT26300PE,22.55,2500,BUY_AGGRESSOR,13776250,13881250
2026-10-01 23:11:00.423,NATGASMINI,FUT,0.0,NATGASMINI27OCT26FUT,287.4,500,BUY_AGGRESSOR,40512500,17171750
2026-10-01 23:11:00.423,NATGASMINI,CE,275.0,NATGASMINI23OCT26275CE,20.5,500,BUY_AGGRESSOR,1315250,78000
2026-10-01 23:11:00.423,NATGASMINI,PE,280.0,NATGASMINI23OCT26280PE,10.4,2000,BUY_AGGRESSOR,9657000,1373250
2026-10-01 23:11:00.423,NATGASMINI,CE,295.0,NATGASMINI23OCT26295CE,11.3,250,BUY,11883750,1772500
2026-10-01 23:11:00.423,NATGASMINI,CE,305.0,NATGASMINI23OCT26305CE,8.4,250,INSIDE,6024750,1713000
2026-10-01 23:11:04.270,NATURALGAS,PE,280.0,NATURALGAS23OCT26280PE,10.4,26250,BUY_AGGRESSOR,46411250,11931250
2026-10-01 23:11:04.270,NATURALGAS,PE,285.0,NATURALGAS23OCT26285PE,13.0,11250,BUY_AGGRESSOR,52373750,5833750
2026-10-01 23:11:04.270,NATURALGAS,PE,290.0,NATURALGAS23OCT26290PE,15.8,1250,SELL_AGGRESSOR,75558750,12881250
2026-10-01 23:11:04.270,NATURALGAS,PE,295.0,NATURALGAS23OCT26295PE,18.95,11250,SELL_AGGRESSOR,15266250,5410000
2026-10-01 23:11:04.270,NATURALGAS,PE,310.0,NATURALGAS23OCT26310PE,30.15,5000,BUY_AGGRESSOR,2375000,4555000
2026-10-01 23:11:04.270,NATGASMINI,FUT,0.0,NATGASMINI27OCT26FUT,287.3,500,SELL_AGGRESSOR,40513000,17171250
2026-10-01 23:11:04.270,NATGASMINI,PE,265.0,NATGASMINI23OCT26265PE,4.7,250,BUY_AGGRESSOR,5803750,3222000
2026-10-01 23:11:04.270,NATGASMINI,PE,270.0,NATGASMINI23OCT26270PE,6.2,500,SELL_AGGRESSOR,4133750,976250
2026-10-01 23:11:04.270,NATGASMINI,PE,290.0,NATGASMINI23OCT26290PE,15.75,250,SELL_AGGRESSOR,18293000,1581750
2026-10-01 23:11:04.270,NATGASMINI,PE,300.0,NATGASMINI23OCT26300PE,22.3,2000,BUY,3017750,1055250
2026-10-01 23:11:04.270,NATGASMINI,PE,310.0,NATGASMINI23OCT26310PE,29.85,1250,BUY_AGGRESSOR,428250,667500
2026-10-01 23:11:08.084,NATURALGAS,PE,260.0,NATURALGAS23OCT26260PE,3.45,2500,BUY_AGGRESSOR,27377500,10732500
2026-10-01 23:11:08.084,NATURALGAS,PE,290.0,NATURALGAS23OCT26290PE,15.85,2500,BUY_AGGRESSOR,75561250,12881250
2026-10-01 23:11:08.084,NATURALGAS,PE,295.0,NATURALGAS23OCT26295PE,18.95,1250,SELL_AGGRESSOR,15267500,5410000
2026-10-01 23:11:08.084,NATURALGAS,CE,300.0,NATURALGAS23OCT26300CE,9.7,1250,BUY_AGGRESSOR,53623750,20667500
2026-10-01 23:11:08.084,NATURALGAS,CE,310.0,NATURALGAS23OCT26310CE,7.15,5000,SELL_AGGRESSOR,31627500,11441250
2026-10-01 23:11:08.084,NATGASMINI,FUT,0.0,NATGASMINI27OCT26FUT,287.4,1500,BUY_AGGRESSOR,40514500,17169750
2026-10-01 23:11:08.084,NATGASMINI,PE,285.0,NATGASMINI23OCT26285PE,13.0,1500,BUY_AGGRESSOR,19322500,1307000
2026-10-01 23:11:08.084,NATGASMINI,PE,290.0,NATGASMINI23OCT26290PE,15.8,250,SELL_AGGRESSOR,18293250,1581750
2026-10-01 23:11:08.084,NATGASMINI,PE,310.0,NATGASMINI23OCT26310PE,29.85,1250,INSIDE,429500,667500
2026-10-01 23:11:11.915,NATURALGAS,PE,260.0,NATURALGAS23OCT26260PE,3.45,17500,BUY_AGGRESSOR,27395000,10732500
2026-10-01 23:11:11.915,NATURALGAS,PE,285.0,NATURALGAS23OCT26285PE,13.0,35000,BUY_AGGRESSOR,52408750,5832500
2026-10-01 23:11:11.915,NATURALGAS,CE,290.0,NATURALGAS23OCT26290CE,13.0,1250,SELL_AGGRESSOR,87816250,17461250
2026-10-01 23:11:11.915,NATGASMINI,FUT,0.0,NATGASMINI27OCT26FUT,287.4,250,BUY_AGGRESSOR,40514750,17169750
2026-10-01 23:11:11.915,NATGASMINI,PE,265.0,NATGASMINI23OCT26265PE,4.6,3000,SELL_AGGRESSOR,5806750,3222000
2026-10-01 23:11:11.915,NATGASMINI,PE,285.0,NATGASMINI23OCT26285PE,12.95,750,SELL_AGGRESSOR,19323250,1306250
2026-10-01 23:11:15.754,NATURALGAS,FUT,0.0,NATURALGAS27OCT26FUT,287.2,2500,SELL_AGGRESSOR,125811250,69028750
2026-10-01 23:11:15.754,NATURALGAS,PE,285.0,NATURALGAS23OCT26285PE,13.0,28750,SELL_AGGRESSOR,52437500,5791250
2026-10-01 23:11:15.754,NATURALGAS,PE,295.0,NATURALGAS23OCT26295PE,18.95,3750,SELL_AGGRESSOR,15271250,5408750
2026-10-01 23:11:15.754,NATURALGAS,CE,300.0,NATURALGAS23OCT26300CE,9.7,3750,BUY_AGGRESSOR,53627500,20667500
2026-10-01 23:11:15.754,NATGASMINI,PE,280.0,NATGASMINI23OCT26280PE,10.35,250,SELL_AGGRESSOR,9657250,1373000
2026-10-01 23:11:15.754,NATGASMINI,PE,285.0,NATGASMINI23OCT26285PE,13.0,4500,BUY_AGGRESSOR,19327750,1302250
2026-10-01 23:11:15.754,NATGASMINI,PE,290.0,NATGASMINI23OCT26290PE,15.8,5250,INSIDE,18298500,1581750
2026-10-01 23:11:15.754,NATGASMINI,CE,295.0,NATGASMINI23OCT26295CE,11.3,1000,SELL_AGGRESSOR,11884750,1771500
2026-10-01 23:11:19.604,NATURALGAS,PE,260.0,NATURALGAS23OCT26260PE,3.45,6250,SELL_AGGRESSOR,27401250,10718750
2026-10-01 23:11:19.604,NATURALGAS,PE,280.0,NATURALGAS23OCT26280PE,10.35,2500,SELL_AGGRESSOR,46413750,11928750
2026-10-01 23:11:19.604,NATGASMINI,PE,255.0,NATGASMINI23OCT26255PE,2.55,500,BUY_AGGRESSOR,684750,140250
2026-10-01 23:11:19.604,NATGASMINI,PE,280.0,NATGASMINI23OCT26280PE,10.4,250,BUY_AGGRESSOR,9657500,1373000
2026-10-01 23:11:19.604,NATGASMINI,CE,290.0,NATGASMINI23OCT26290CE,13.05,1250,SELL_AGGRESSOR,24982500,3327750
2026-10-01 23:11:19.604,NATGASMINI,PE,290.0,NATGASMINI23OCT26290PE,15.75,1250,SELL_AGGRESSOR,18299750,1582500
2026-10-01 23:11:23.425,NATURALGAS,FUT,0.0,NATURALGAS27OCT26FUT,287.4,7500,BUY_AGGRESSOR,125818750,69027500
2026-10-01 23:11:23.425,NATURALGAS,PE,275.0,NATURALGAS23OCT26275PE,8.1,1250,SELL_AGGRESSOR,18143750,3593750
2026-10-01 23:11:23.425,NATURALGAS,PE,280.0,NATURALGAS23OCT26280PE,10.35,5000,SELL_AGGRESSOR,46418750,11923750
2026-10-01 23:11:23.425,NATURALGAS,PE,285.0,NATURALGAS23OCT26285PE,12.95,5000,SELL_AGGRESSOR,52442500,5786250
2026-10-01 23:11:23.425,NATURALGAS,CE,290.0,NATURALGAS23OCT26290CE,13.0,1250,SELL_AGGRESSOR,87817500,17461250
2026-10-01 23:11:23.425,NATURALGAS,PE,300.0,NATURALGAS23OCT26300PE,22.55,7500,BUY_AGGRESSOR,13783750,13881250
2026-10-01 23:11:23.425,NATGASMINI,FUT,0.0,NATGASMINI27OCT26FUT,287.4,3750,BUY_AGGRESSOR,40518500,17166000
2026-10-01 23:11:23.425,NATGASMINI,PE,280.0,NATGASMINI23OCT26280PE,10.35,250,SELL_AGGRESSOR,9657750,1372750
2026-10-01 23:11:23.425,NATGASMINI,PE,285.0,NATGASMINI23OCT26285PE,13.0,750,SELL_AGGRESSOR,19328500,1301500
2026-10-01 23:11:23.425,NATGASMINI,CE,290.0,NATGASMINI23OCT26290CE,13.15,250,BUY_AGGRESSOR,24982750,3328000
2026-10-01 23:11:23.425,NATGASMINI,PE,295.0,NATGASMINI23OCT26295PE,18.9,750,SELL_AGGRESSOR,5256750,797000
2026-10-01 23:11:23.425,NATGASMINI,PE,300.0,NATGASMINI23OCT26300PE,22.25,250,SELL_AGGRESSOR,3018000,1054000
2026-10-01 23:11:23.425,NATGASMINI,CE,310.0,NATGASMINI23OCT26310CE,7.25,1250,SELL_AGGRESSOR,5092750,1866000
2026-10-01 23:11:27.249,NATURALGAS,FUT,0.0,NATURALGAS27OCT26FUT,287.2,2500,SELL_AGGRESSOR,125821250,69026250
2026-10-01 23:11:27.249,NATURALGAS,PE,295.0,NATURALGAS23OCT26295PE,18.95,3750,SELL_AGGRESSOR,15275000,5406250
2026-10-01 23:11:27.249,NATGASMINI,CE,285.0,NATGASMINI23OCT26285CE,15.15,1250,SELL_AGGRESSOR,10427750,971750
2026-10-01 23:11:31.101,NATURALGAS,FUT,0.0,NATURALGAS27OCT26FUT,287.2,5000,SELL_AGGRESSOR,125826250,69023750
2026-10-01 23:11:31.101,NATURALGAS,CE,295.0,NATURALGAS23OCT26295CE,11.2,2500,SELL_AGGRESSOR,34990000,7183750
2026-10-01 23:11:31.101,NATURALGAS,PE,295.0,NATURALGAS23OCT26295PE,18.95,1250,SELL_AGGRESSOR,15276250,5406250
2026-10-01 23:11:31.101,NATGASMINI,FUT,0.0,NATGASMINI27OCT26FUT,287.4,500,BUY_AGGRESSOR,40519000,17165750
2026-10-01 23:11:31.101,NATGASMINI,PE,265.0,NATGASMINI23OCT26265PE,4.6,250,SELL_AGGRESSOR,5807000,3222000
2026-10-01 23:11:31.101,NATGASMINI,PE,280.0,NATGASMINI23OCT26280PE,10.35,9750,SELL_AGGRESSOR,9667500,1371250
2026-10-01 23:11:31.101,NATGASMINI,PE,285.0,NATGASMINI23OCT26285PE,13.0,250,SELL_AGGRESSOR,19328750,1301250
2026-10-01 23:11:31.101,NATGASMINI,PE,295.0,NATGASMINI23OCT26295PE,18.9,250,SELL_AGGRESSOR,5257000,796750
2026-10-01 23:11:31.101,NATGASMINI,CE,310.0,NATGASMINI23OCT26310CE,7.25,750,SELL_AGGRESSOR,5093500,1865250
2026-10-01 23:11:34.898,NATURALGAS,FUT,0.0,NATURALGAS27OCT26FUT,287.3,2500,BUY_AGGRESSOR,125828750,69026250
2026-10-01 23:11:34.898,NATURALGAS,PE,285.0,NATURALGAS23OCT26285PE,13.0,1250,BUY_AGGRESSOR,52443750,5785000
2026-10-01 23:11:34.898,NATURALGAS,PE,290.0,NATURALGAS23OCT26290PE,15.8,5000,SELL_AGGRESSOR,75566250,12881250
2026-10-01 23:11:34.898,NATURALGAS,CE,300.0,NATURALGAS23OCT26300CE,9.7,2500,BUY_AGGRESSOR,53630000,20667500
2026-10-01 23:11:34.898,NATURALGAS,CE,310.0,NATURALGAS23OCT26310CE,7.2,1250,BUY_AGGRESSOR,31628750,11438750
2026-10-01 23:11:34.898,NATGASMINI,FUT,0.0,NATGASMINI27OCT26FUT,287.3,1500,SELL_AGGRESSOR,40520500,17164250
2026-10-01 23:11:34.898,NATGASMINI,CE,290.0,NATGASMINI23OCT26290CE,13.15,1500,BUY_AGGRESSOR,24984250,3328500
2026-10-01 23:11:34.898,NATGASMINI,CE,315.0,NATGASMINI23OCT26315CE,6.25,250,SELL_AGGRESSOR,2653250,1300750
2026-10-01 23:11:38.734,NATURALGAS,FUT,0.0,NATURALGAS27OCT26FUT,287.3,1250,BUY_AGGRESSOR,125830000,69026250
2026-10-01 23:11:38.734,NATURALGAS,PE,280.0,NATURALGAS23OCT26280PE,10.35,5000,SELL_AGGRESSOR,46423750,11920000
2026-10-01 23:11:38.734,NATURALGAS,PE,285.0,NATURALGAS23OCT26285PE,12.95,1250,SELL_AGGRESSOR,52445000,5785000
2026-10-01 23:11:38.734,NATGASMINI,FUT,0.0,NATGASMINI27OCT26FUT,287.3,1250,SELL_AGGRESSOR,40521750,17163250
2026-10-01 23:11:38.734,NATGASMINI,CE,290.0,NATGASMINI23OCT26290CE,13.15,1750,BUY_AGGRESSOR,24986000,3328500
2026-10-01 23:11:38.734,NATGASMINI,CE,295.0,NATGASMINI23OCT26295CE,11.35,250,BUY_AGGRESSOR,11885000,1771250
2026-10-01 23:11:38.734,NATGASMINI,PE,305.0,NATGASMINI23OCT26305PE,26.0,250,BUY_AGGRESSOR,581750,390000
2026-10-01 23:11:38.734,NATGASMINI,CE,310.0,NATGASMINI23OCT26310CE,7.25,2000,SELL_AGGRESSOR,5095500,1865250
2026-10-01 23:11:42.611,NATURALGAS,PE,260.0,NATURALGAS23OCT26260PE,3.45,12500,SELL_AGGRESSOR,27413750,10710000
2026-10-01 23:11:42.611,NATURALGAS,PE,265.0,NATURALGAS23OCT26265PE,4.65,2500,BUY_AGGRESSOR,12780000,4377500
2026-10-01 23:11:42.611,NATURALGAS,PE,270.0,NATURALGAS23OCT26270PE,6.2,6250,BUY_AGGRESSOR,32338750,11481250
2026-10-01 23:11:42.611,NATURALGAS,PE,275.0,NATURALGAS23OCT26275PE,8.15,2500,BUY_AGGRESSOR,18146250,3596250
2026-10-01 23:11:42.611,NATURALGAS,CE,280.0,NATURALGAS23OCT26280CE,17.5,5000,SELL_AGGRESSOR,26125000,4462500
2026-10-01 23:11:42.611,NATURALGAS,PE,280.0,NATURALGAS23OCT26280PE,10.4,2500,BUY_AGGRESSOR,46426250,11921250
2026-10-01 23:11:42.611,NATURALGAS,CE,285.0,NATURALGAS23OCT26285CE,15.1,38750,BUY_AGGRESSOR,34765000,5211250
2026-10-01 23:11:42.611,NATURALGAS,PE,285.0,NATURALGAS23OCT26285PE,13.0,2500,BUY_AGGRESSOR,52447500,5783750
2026-10-01 23:11:42.611,NATURALGAS,CE,290.0,NATURALGAS23OCT26290CE,13.0,3750,SELL_AGGRESSOR,87821250,17462500
2026-10-01 23:11:42.611,NATURALGAS,PE,290.0,NATURALGAS23OCT26290PE,15.85,3750,BUY_AGGRESSOR,75570000,12880000
2026-10-01 23:11:42.611,NATURALGAS,CE,295.0,NATURALGAS23OCT26295CE,11.25,7500,BUY_AGGRESSOR,34997500,7181250
2026-10-01 23:11:42.611,NATURALGAS,PE,295.0,NATURALGAS23OCT26295PE,19.05,1250,BUY_AGGRESSOR,15277500,5405000
2026-10-01 23:11:42.611,NATURALGAS,CE,300.0,NATURALGAS23OCT26300CE,9.7,2500,BUY_AGGRESSOR,53632500,20665000
2026-10-01 23:11:42.611,NATURALGAS,PE,300.0,NATURALGAS23OCT26300PE,22.5,1250,SELL_AGGRESSOR,13785000,13881250
2026-10-01 23:11:42.611,NATURALGAS,CE,305.0,NATURALGAS23OCT26305CE,8.3,15000,BUY_AGGRESSOR,20123750,8388750
2026-10-01 23:11:42.611,NATGASMINI,CE,275.0,NATGASMINI23OCT26275CE,20.5,250,BUY_AGGRESSOR,1315500,78000
2026-10-01 23:11:42.611,NATGASMINI,PE,280.0,NATGASMINI23OCT26280PE,10.35,1000,SELL_AGGRESSOR,9668500,1371000
2026-10-01 23:11:42.611,NATGASMINI,PE,285.0,NATGASMINI23OCT26285PE,13.0,5500,SELL_AGGRESSOR,19334250,1296250
2026-10-01 23:11:42.611,NATGASMINI,CE,290.0,NATGASMINI23OCT26290CE,13.05,1250,SELL_AGGRESSOR,24987250,3329750
2026-10-01 23:11:42.611,NATGASMINI,CE,310.0,NATGASMINI23OCT26310CE,7.3,750,BUY_AGGRESSOR,5096250,1864750
2026-10-01 23:11:46.446,NATURALGAS,FUT,0.0,NATURALGAS27OCT26FUT,287.3,2500,BUY_AGGRESSOR,125832500,69028750
2026-10-01 23:11:46.446,NATURALGAS,PE,260.0,NATURALGAS23OCT26260PE,3.45,11250,SELL_AGGRESSOR,27425000,10708750
2026-10-01 23:11:46.446,NATURALGAS,PE,270.0,NATURALGAS23OCT26270PE,6.2,6250,BUY_AGGRESSOR,32345000,11481250
2026-10-01 23:11:46.446,NATURALGAS,CE,285.0,NATURALGAS23OCT26285CE,15.1,20000,BUY_AGGRESSOR,34785000,5211250
2026-10-01 23:11:46.446,NATURALGAS,PE,290.0,NATURALGAS23OCT26290PE,15.85,12500,BUY_AGGRESSOR,75582500,12875000
2026-10-01 23:11:46.446,NATURALGAS,PE,300.0,NATURALGAS23OCT26300PE,22.45,1250,SELL_AGGRESSOR,13786250,13880000
2026-10-01 23:11:46.446,NATURALGAS,CE,305.0,NATURALGAS23OCT26305CE,8.3,2500,BUY_AGGRESSOR,20126250,8382500
2026-10-01 23:11:46.446,NATGASMINI,FUT,0.0,NATGASMINI27OCT26FUT,287.3,250,SELL_AGGRESSOR,40522000,17163000
2026-10-01 23:11:46.446,NATGASMINI,PE,290.0,NATGASMINI23OCT26290PE,15.75,1250,SELL_AGGRESSOR,18301000,1582500
2026-10-01 23:11:46.446,NATGASMINI,PE,295.0,NATGASMINI23OCT26295PE,18.95,250,BUY_AGGRESSOR,5257250,796500
2026-10-01 23:11:46.446,NATGASMINI,PE,300.0,NATGASMINI23OCT26300PE,22.25,250,SELL_AGGRESSOR,3018250,1054000
2026-10-01 23:11:50.328,NATURALGAS,FUT,0.0,NATURALGAS27OCT26FUT,287.2,3750,SELL_AGGRESSOR,125836250,69027500
2026-10-01 23:11:50.328,NATURALGAS,PE,280.0,NATURALGAS23OCT26280PE,10.35,3750,SELL_AGGRESSOR,46430000,11917500
2026-10-01 23:11:50.328,NATURALGAS,CE,285.0,NATURALGAS23OCT26285CE,15.1,7500,BUY_AGGRESSOR,34792500,5211250
2026-10-01 23:11:50.328,NATURALGAS,PE,290.0,NATURALGAS23OCT26290PE,15.85,5000,BUY_AGGRESSOR,75587500,12875000
2026-10-01 23:11:50.328,NATURALGAS,CE,300.0,NATURALGAS23OCT26300CE,9.65,6250,SELL_AGGRESSOR,53638750,20661250
2026-10-01 23:11:50.328,NATGASMINI,FUT,0.0,NATGASMINI27OCT26FUT,287.4,1250,BUY_AGGRESSOR,40523250,17163000
2026-10-01 23:11:50.328,NATGASMINI,CE,270.0,NATGASMINI23OCT26270CE,23.6,250,BUY_AGGRESSOR,713250,152500
2026-10-01 23:11:50.328,NATGASMINI,CE,275.0,NATGASMINI23OCT26275CE,20.5,250,BUY_AGGRESSOR,1315750,78000
2026-10-01 23:11:50.328,NATGASMINI,PE,295.0,NATGASMINI23OCT26295PE,18.9,250,SELL_AGGRESSOR,5257500,796250
2026-10-01 23:11:50.328,NATGASMINI,CE,300.0,NATGASMINI23OCT26300CE,9.8,4750,BUY_AGGRESSOR,12793750,3299500
2026-10-01 23:11:50.328,NATGASMINI,PE,310.0,NATGASMINI23OCT26310PE,29.85,1250,BUY_AGGRESSOR,430750,667500
2026-10-01 23:11:54.162,NATURALGAS,FUT,0.0,NATURALGAS27OCT26FUT,287.3,3750,BUY_AGGRESSOR,125840000,69027500
2026-10-01 23:11:54.162,NATURALGAS,CE,280.0,NATURALGAS23OCT26280CE,17.5,1250,SELL_AGGRESSOR,26126250,4462500
2026-10-01 23:11:54.162,NATURALGAS,CE,285.0,NATURALGAS23OCT26285CE,15.05,17500,SELL_AGGRESSOR,34810000,5207500
2026-10-01 23:11:54.162,NATURALGAS,PE,285.0,NATURALGAS23OCT26285PE,13.0,1250,BUY_AGGRESSOR,52448750,5782500
2026-10-01 23:11:54.162,NATURALGAS,CE,290.0,NATURALGAS23OCT26290CE,13.05,1250,BUY_AGGRESSOR,87822500,17462500
2026-10-01 23:11:54.162,NATURALGAS,PE,290.0,NATURALGAS23OCT26290PE,15.8,5000,SELL_AGGRESSOR,75592500,12878750
2026-10-01 23:11:54.162,NATURALGAS,CE,295.0,NATURALGAS23OCT26295CE,11.25,2500,BUY_AGGRESSOR,35000000,7180000
2026-10-01 23:11:54.162,NATURALGAS,PE,295.0,NATURALGAS23OCT26295PE,18.95,12500,SELL_AGGRESSOR,15290000,5393750
2026-10-01 23:11:54.162,NATURALGAS,CE,305.0,NATURALGAS23OCT26305CE,8.3,32500,BUY_AGGRESSOR,20158750,8368750
2026-10-01 23:11:54.162,NATURALGAS,PE,310.0,NATURALGAS23OCT26310PE,30.1,3750,SELL,2378750,4555000
2026-10-01 23:11:54.162,NATGASMINI,FUT,0.0,NATGASMINI27OCT26FUT,287.3,4500,SELL_AGGRESSOR,40527750,17159500
2026-10-01 23:11:54.162,NATGASMINI,PE,265.0,NATGASMINI23OCT26265PE,4.6,500,SELL_AGGRESSOR,5807500,3222000
2026-10-01 23:11:54.162,NATGASMINI,CE,280.0,NATGASMINI23OCT26280CE,17.6,250,SELL_AGGRESSOR,3759750,402000
2026-10-01 23:11:54.162,NATGASMINI,PE,290.0,NATGASMINI23OCT26290PE,15.75,500,SELL_AGGRESSOR,18301500,1582000
2026-10-01 23:11:54.162,NATGASMINI,PE,310.0,NATGASMINI23OCT26310PE,29.8,500,SELL,431250,667500
2026-10-01 23:11:58.020,NATURALGAS,PE,280.0,NATURALGAS23OCT26280PE,10.35,6250,SELL_AGGRESSOR,46436250,11920000
2026-10-01 23:11:58.020,NATURALGAS,CE,285.0,NATURALGAS23OCT26285CE,15.15,3750,BUY_AGGRESSOR,34813750,5203750
2026-10-01 23:11:58.020,NATURALGAS,PE,285.0,NATURALGAS23OCT26285PE,12.95,75000,SELL_AGGRESSOR,52523750,5712500
2026-10-01 23:11:58.020,NATURALGAS,CE,300.0,NATURALGAS23OCT26300CE,9.65,1250,SELL_AGGRESSOR,53640000,20661250
2026-10-01 23:11:58.020,NATURALGAS,PE,310.0,NATURALGAS23OCT26310PE,30.05,1250,SELL,2380000,4555000
2026-10-01 23:11:58.020,NATGASMINI,PE,310.0,NATGASMINI23OCT26310PE,29.8,750,SELL_AGGRESSOR,432000,667500
2026-10-01 23:12:01.845,NATURALGAS,PE,285.0,NATURALGAS23OCT26285PE,12.9,2500,SELL_AGGRESSOR,52526250,5711250
2026-10-01 23:12:01.845,NATURALGAS,CE,290.0,NATURALGAS23OCT26290CE,13.1,20000,BUY_AGGRESSOR,87842500,17450000
2026-10-01 23:12:01.845,NATURALGAS,CE,300.0,NATURALGAS23OCT26300CE,9.65,5000,SELL_AGGRESSOR,53645000,20665000
2026-10-01 23:12:01.845,NATURALGAS,PE,310.0,NATURALGAS23OCT26310PE,30.05,2500,INSIDE,2382500,4555000
2026-10-01 23:12:01.845,NATGASMINI,FUT,0.0,NATGASMINI27OCT26FUT,287.5,2500,BUY_AGGRESSOR,40530250,17157000
2026-10-01 23:12:01.845,NATGASMINI,PE,275.0,NATGASMINI23OCT26275PE,8.1,5000,SELL_AGGRESSOR,4878000,742750
2026-10-01 23:12:01.845,NATGASMINI,CE,285.0,NATGASMINI23OCT26285CE,15.25,1000,BUY_AGGRESSOR,10428750,971500
2026-10-01 23:12:01.845,NATGASMINI,PE,285.0,NATGASMINI23OCT26285PE,13.0,1000,BUY_AGGRESSOR,19335250,1295500
2026-10-01 23:12:01.845,NATGASMINI,CE,290.0,NATGASMINI23OCT26290CE,13.1,500,SELL_AGGRESSOR,24987750,3329250
2026-10-01 23:12:01.845,NATGASMINI,PE,310.0,NATGASMINI23OCT26310PE,29.8,2500,INSIDE,434500,667500
2026-10-01 23:12:01.845,NATGASMINI,CE,315.0,NATGASMINI23OCT26315CE,6.25,250,SELL_AGGRESSOR,2653500,1300500
2026-10-01 23:12:05.772,NATURALGAS,PE,260.0,NATURALGAS23OCT26260PE,3.45,3750,INSIDE,27428750,10712500
2026-10-01 23:12:05.772,NATURALGAS,CE,285.0,NATURALGAS23OCT26285CE,15.15,18750,BUY_AGGRESSOR,34832500,5200000
2026-10-01 23:12:05.772,NATURALGAS,PE,285.0,NATURALGAS23OCT26285PE,13.0,18750,BUY_AGGRESSOR,52545000,5708750
2026-10-01 23:12:05.772,NATURALGAS,CE,290.0,NATURALGAS23OCT26290CE,13.1,55000,BUY_AGGRESSOR,87897500,17420000
2026-10-01 23:12:05.772,NATURALGAS,PE,290.0,NATURALGAS23OCT26290PE,15.9,75000,BUY_AGGRESSOR,75667500,12857500
2026-10-01 23:12:05.772,NATURALGAS,CE,300.0,NATURALGAS23OCT26300CE,9.7,63750,BUY_AGGRESSOR,53708750,20665000
2026-10-01 23:12:05.772,NATGASMINI,FUT,0.0,NATGASMINI27OCT26FUT,287.5,250,BUY_AGGRESSOR,40530500,17156750
2026-10-01 23:12:05.772,NATGASMINI,CE,280.0,NATGASMINI23OCT26280CE,17.7,750,BUY_AGGRESSOR,3760500,401250
2026-10-01 23:12:05.772,NATGASMINI,CE,290.0,NATGASMINI23OCT26290CE,13.1,5000,SELL_AGGRESSOR,24992750,3324250
2026-10-01 23:12:05.772,NATGASMINI,PE,295.0,NATGASMINI23OCT26295PE,18.95,500,BUY_AGGRESSOR,5258000,796000
2026-10-01 23:12:05.772,NATGASMINI,CE,300.0,NATGASMINI23OCT26300CE,9.8,2500,SELL_AGGRESSOR,12796250,3299500
2026-10-01 23:12:09.823,NATURALGAS,FUT,0.0,NATURALGAS27OCT26FUT,287.3,2500,SELL_AGGRESSOR,125842500,69025000
2026-10-01 23:12:09.823,NATURALGAS,PE,280.0,NATURALGAS23OCT26280PE,10.35,3750,SELL_AGGRESSOR,46440000,11912500
2026-10-01 23:12:09.823,NATURALGAS,CE,285.0,NATURALGAS23OCT26285CE,15.15,1250,BUY_AGGRESSOR,34833750,5200000
2026-10-01 23:12:09.823,NATURALGAS,PE,285.0,NATURALGAS23OCT26285PE,12.9,3750,SELL_AGGRESSOR,52548750,5706250
2026-10-01 23:12:09.823,NATURALGAS,CE,290.0,NATURALGAS23OCT26290CE,13.1,2500,BUY_AGGRESSOR,87900000,17388750
2026-10-01 23:12:09.823,NATURALGAS,PE,290.0,NATURALGAS23OCT26290PE,15.75,5000,SELL_AGGRESSOR,75672500,12852500
2026-10-01 23:12:09.823,NATURALGAS,CE,295.0,NATURALGAS23OCT26295CE,11.3,1250,BUY_AGGRESSOR,35001250,7181250
2026-10-01 23:12:09.823,NATURALGAS,CE,310.0,NATURALGAS23OCT26310CE,7.2,26250,BUY_AGGRESSOR,31655000,11415000
2026-10-01 23:12:09.823,NATURALGAS,PE,310.0,NATURALGAS23OCT26310PE,30.05,2500,INSIDE,2385000,4555000
2026-10-01 23:12:09.823,NATGASMINI,PE,280.0,NATGASMINI23OCT26280PE,10.35,500,SELL_AGGRESSOR,9669000,1370500
2026-10-01 23:12:09.823,NATGASMINI,PE,310.0,NATGASMINI23OCT26310PE,29.8,3500,INSIDE,438000,667500
2026-10-01 23:12:13.678,NATURALGAS,CE,270.0,NATURALGAS23OCT26270CE,23.45,1250,BUY_AGGRESSOR,3027500,1067500
2026-10-01 23:12:13.678,NATURALGAS,PE,280.0,NATURALGAS23OCT26280PE,10.4,1250,BUY_AGGRESSOR,46441250,11912500
2026-10-01 23:12:13.678,NATURALGAS,CE,290.0,NATURALGAS23OCT26290CE,13.0,5000,SELL_AGGRESSOR,87905000,17388750
2026-10-01 23:12:13.678,NATURALGAS,PE,290.0,NATURALGAS23OCT26290PE,15.85,3750,BUY_AGGRESSOR,75676250,12856250
2026-10-01 23:12:13.678,NATURALGAS,CE,305.0,NATURALGAS23OCT26305CE,8.25,120000,SELL_AGGRESSOR,20278750,8420000
2026-10-01 23:12:13.678,NATURALGAS,PE,310.0,NATURALGAS23OCT26310PE,30.05,1250,INSIDE,2386250,4555000
2026-10-01 23:12:13.678,NATGASMINI,PE,260.0,NATGASMINI23OCT26260PE,3.45,2250,SELL_AGGRESSOR,2407250,865500
2026-10-01 23:12:13.678,NATGASMINI,PE,295.0,NATGASMINI23OCT26295PE,18.95,250,BUY_AGGRESSOR,5258250,795750
2026-10-01 23:12:13.678,NATGASMINI,PE,300.0,NATGASMINI23OCT26300PE,22.25,750,SELL_AGGRESSOR,3019000,1054000
2026-10-01 23:12:13.678,NATGASMINI,CE,310.0,NATGASMINI23OCT26310CE,7.3,250,INSIDE,5096500,1864750
2026-10-01 23:12:13.678,NATGASMINI,PE,310.0,NATGASMINI23OCT26310PE,29.8,1500,SELL_AGGRESSOR,439500,667500
2026-10-01 23:12:17.525,NATURALGAS,FUT,0.0,NATURALGAS27OCT26FUT,287.3,3750,SELL_AGGRESSOR,125846250,69025000
2026-10-01 23:12:17.525,NATURALGAS,PE,270.0,NATURALGAS23OCT26270PE,6.15,8750,SELL_AGGRESSOR,32353750,11480000
2026-10-01 23:12:17.525,NATURALGAS,PE,275.0,NATURALGAS23OCT26275PE,8.1,1250,SELL_AGGRESSOR,18147500,3597500
2026-10-01 23:12:17.525,NATURALGAS,PE,285.0,NATURALGAS23OCT26285PE,13.0,1250,BUY_AGGRESSOR,52550000,5706250
2026-10-01 23:12:17.525,NATURALGAS,CE,305.0,NATURALGAS23OCT26305CE,8.25,180000,SELL_AGGRESSOR,20458750,8448750
2026-10-01 23:12:17.525,NATGASMINI,FUT,0.0,NATGASMINI27OCT26FUT,287.5,500,BUY_AGGRESSOR,40531000,17156750
2026-10-01 23:12:17.525,NATGASMINI,CE,285.0,NATGASMINI23OCT26285CE,15.3,2500,BUY_AGGRESSOR,10431250,968250
2026-10-01 23:12:17.525,NATGASMINI,PE,295.0,NATGASMINI23OCT26295PE,18.95,250,BUY_AGGRESSOR,5258500,795500
2026-10-01 23:12:17.525,NATGASMINI,CE,305.0,NATGASMINI23OCT26305CE,8.4,1250,SELL_AGGRESSOR,6026000,1713000
2026-10-01 23:12:17.525,NATGASMINI,CE,310.0,NATGASMINI23OCT26310CE,7.3,1250,SELL_AGGRESSOR,5097750,1863500
2026-10-01 23:12:17.525,NATGASMINI,CE,315.0,NATGASMINI23OCT26315CE,6.25,69500,SELL_AGGRESSOR,2723000,1274000
2026-10-01 23:12:21.411,NATURALGAS,FUT,0.0,NATURALGAS27OCT26FUT,287.4,2500,BUY_AGGRESSOR,125848750,69023750
2026-10-01 23:12:21.411,NATURALGAS,PE,280.0,NATURALGAS23OCT26280PE,10.35,1250,SELL_AGGRESSOR,46442500,11912500
2026-10-01 23:12:21.411,NATURALGAS,CE,285.0,NATURALGAS23OCT26285CE,15.15,10000,BUY_AGGRESSOR,34843750,5198750
2026-10-01 23:12:21.411,NATURALGAS,CE,305.0,NATURALGAS23OCT26305CE,8.3,77500,BUY_AGGRESSOR,20536250,8523750
2026-10-01 23:12:21.411,NATURALGAS,CE,310.0,NATURALGAS23OCT26310CE,7.2,3750,SELL_AGGRESSOR,31658750,11412500
2026-10-01 23:12:21.411,NATGASMINI,PE,260.0,NATGASMINI23OCT26260PE,3.45,1250,BUY_AGGRESSOR,2408500,864000
2026-10-01 23:12:21.411,NATGASMINI,PE,295.0,NATGASMINI23OCT26295PE,18.9,1000,SELL_AGGRESSOR,5259500,795250
2026-10-01 23:12:21.411,NATGASMINI,PE,300.0,NATGASMINI23OCT26300PE,22.4,500,BUY_AGGRESSOR,3019500,1054500
2026-10-01 23:12:21.411,NATGASMINI,CE,305.0,NATGASMINI23OCT26305CE,8.4,2500,SELL_AGGRESSOR,6028500,1715000
2026-10-01 23:12:25.273,NATURALGAS,FUT,0.0,NATURALGAS27OCT26FUT,287.3,2500,SELL_AGGRESSOR,125851250,69023750
2026-10-01 23:12:25.273,NATURALGAS,PE,270.0,NATURALGAS23OCT26270PE,6.15,16250,SELL_AGGRESSOR,32370000,11480000
2026-10-01 23:12:25.273,NATURALGAS,PE,280.0,NATURALGAS23OCT26280PE,10.4,1250,BUY_AGGRESSOR,46443750,11913750
2026-10-01 23:12:25.273,NATURALGAS,PE,285.0,NATURALGAS23OCT26285PE,12.9,7500,SELL_AGGRESSOR,52557500,5706250
2026-10-01 23:12:25.273,NATURALGAS,PE,290.0,NATURALGAS23OCT26290PE,15.75,2500,SELL_AGGRESSOR,75678750,12853750
2026-10-01 23:12:25.273,NATURALGAS,CE,300.0,NATURALGAS23OCT26300CE,9.65,56250,SELL_AGGRESSOR,53765000,20648750
2026-10-01 23:12:25.273,NATURALGAS,CE,310.0,NATURALGAS23OCT26310CE,7.2,7500,SELL_AGGRESSOR,31666250,11411250
2026-10-01 23:12:25.273,NATGASMINI,FUT,0.0,NATGASMINI27OCT26FUT,287.5,500,BUY_AGGRESSOR,40531500,17156500
2026-10-01 23:12:25.273,NATGASMINI,CE,270.0,NATGASMINI23OCT26270CE,23.5,250,SELL_AGGRESSOR,713500,152750
2026-10-01 23:12:25.273,NATGASMINI,PE,280.0,NATGASMINI23OCT26280PE,10.35,250,SELL_AGGRESSOR,9669250,1370500
2026-10-01 23:12:29.182,NATURALGAS,PE,280.0,NATURALGAS23OCT26280PE,10.35,5000,SELL_AGGRESSOR,46448750,11908750
2026-10-01 23:12:29.182,NATURALGAS,CE,285.0,NATURALGAS23OCT26285CE,15.15,1250,BUY_AGGRESSOR,34845000,5188750
2026-10-01 23:12:29.182,NATURALGAS,PE,285.0,NATURALGAS23OCT26285PE,12.95,3750,BUY,52561250,5698750
2026-10-01 23:12:29.182,NATURALGAS,CE,290.0,NATURALGAS23OCT26290CE,13.05,5000,BUY_AGGRESSOR,87910000,17388750
2026-10-01 23:12:29.182,NATGASMINI,FUT,0.0,NATGASMINI27OCT26FUT,287.5,500,BUY_AGGRESSOR,40532000,17156500
2026-10-01 23:12:29.182,NATGASMINI,PE,275.0,NATGASMINI23OCT26275PE,8.15,3250,BUY_AGGRESSOR,4881250,739750
2026-10-01 23:12:29.182,NATGASMINI,PE,280.0,NATGASMINI23OCT26280PE,10.4,250,BUY_AGGRESSOR,9669500,1370500
2026-10-01 23:12:29.182,NATGASMINI,CE,285.0,NATGASMINI23OCT26285CE,15.3,1000,BUY_AGGRESSOR,10432250,968250
2026-10-01 23:12:29.182,NATGASMINI,PE,290.0,NATGASMINI23OCT26290PE,15.75,750,SELL_AGGRESSOR,18302250,1581250
2026-10-01 23:12:29.182,NATGASMINI,CE,295.0,NATGASMINI23OCT26295CE,11.35,250,BUY_AGGRESSOR,11885250,1771250
2026-10-01 23:12:29.182,NATGASMINI,CE,305.0,NATGASMINI23OCT26305CE,8.45,1000,BUY_AGGRESSOR,6029500,1714000
2026-10-01 23:12:29.182,NATGASMINI,CE,310.0,NATGASMINI23OCT26310CE,7.35,1500,BUY_AGGRESSOR,5099250,1863500
2026-10-01 23:12:33.034,NATURALGAS,PE,255.0,NATURALGAS23OCT26255PE,2.45,2500,SELL_AGGRESSOR,7181250,2090000
2026-10-01 23:12:33.034,NATURALGAS,PE,270.0,NATURALGAS23OCT26270PE,6.15,8750,SELL_AGGRESSOR,32378750,11477500
2026-10-01 23:12:33.034,NATURALGAS,CE,280.0,NATURALGAS23OCT26280CE,17.5,1250,SELL_AGGRESSOR,26127500,4461250
2026-10-01 23:12:33.034,NATURALGAS,PE,300.0,NATURALGAS23OCT26300PE,22.45,2500,INSIDE,13788750,13880000
2026-10-01 23:12:33.034,NATGASMINI,FUT,0.0,NATGASMINI27OCT26FUT,287.5,250,BUY_AGGRESSOR,40532250,17156500
2026-10-01 23:12:33.034,NATGASMINI,PE,285.0,NATGASMINI23OCT26285PE,12.95,9000,SELL_AGGRESSOR,19344250,1292500
2026-10-01 23:12:33.034,NATGASMINI,CE,295.0,NATGASMINI23OCT26295CE,11.3,250,SELL_AGGRESSOR,11885500,1771000
2026-10-01 23:12:33.034,NATGASMINI,CE,305.0,NATGASMINI23OCT26305CE,8.45,1000,BUY_AGGRESSOR,6030500,1714000
2026-10-01 23:12:36.843,NATURALGAS,PE,255.0,NATURALGAS23OCT26255PE,2.45,1250,SELL_AGGRESSOR,7182500,2090000
2026-10-01 23:12:36.843,NATURALGAS,PE,275.0,NATURALGAS23OCT26275PE,8.1,1250,SELL_AGGRESSOR,18148750,3596250
2026-10-01 23:12:36.843,NATURALGAS,PE,280.0,NATURALGAS23OCT26280PE,10.4,1250,BUY_AGGRESSOR,46450000,11910000
2026-10-01 23:12:36.843,NATURALGAS,PE,285.0,NATURALGAS23OCT26285PE,12.95,1250,BUY_AGGRESSOR,52562500,5698750
2026-10-01 23:12:36.843,NATGASMINI,CE,275.0,NATGASMINI23OCT26275CE,20.4,2000,SELL_AGGRESSOR,1317750,76250
2026-10-01 23:12:36.843,NATGASMINI,PE,280.0,NATGASMINI23OCT26280PE,10.3,1750,SELL_AGGRESSOR,9671250,1368750
2026-10-01 23:12:36.843,NATGASMINI,CE,285.0,NATGASMINI23OCT26285CE,15.2,250,SELL_AGGRESSOR,10432500,968250
2026-10-01 23:12:36.843,NATGASMINI,CE,290.0,NATGASMINI23OCT26290CE,13.1,250,SELL_AGGRESSOR,24993000,3324000
2026-10-01 23:12:40.707,NATURALGAS,PE,280.0,NATURALGAS23OCT26280PE,10.4,12500,BUY_AGGRESSOR,46462500,11901250
2026-10-01 23:12:40.707,NATURALGAS,CE,285.0,NATURALGAS23OCT26285CE,15.15,1250,BUY_AGGRESSOR,34846250,5188750
2026-10-01 23:12:40.707,NATURALGAS,PE,285.0,NATURALGAS23OCT26285PE,13.0,10000,BUY_AGGRESSOR,52572500,5698750
2026-10-01 23:12:40.707,NATGASMINI,FUT,0.0,NATGASMINI27OCT26FUT,287.5,250,BUY_AGGRESSOR,40532500,17156250
2026-10-01 23:12:40.707,NATGASMINI,PE,270.0,NATGASMINI23OCT26270PE,6.15,250,SELL_AGGRESSOR,4134000,976250
2026-10-01 23:12:40.707,NATGASMINI,CE,285.0,NATGASMINI23OCT26285CE,15.2,2000,SELL_AGGRESSOR,10434500,968250
2026-10-01 23:12:40.707,NATGASMINI,PE,285.0,NATGASMINI23OCT26285PE,12.9,750,SELL_AGGRESSOR,19345000,1292500
2026-10-01 23:12:40.707,NATGASMINI,CE,295.0,NATGASMINI23OCT26295CE,11.3,1250,SELL_AGGRESSOR,11886750,1771000
2026-10-01 23:12:40.707,NATGASMINI,PE,305.0,NATGASMINI23OCT26305PE,25.85,250,SELL_AGGRESSOR,582000,389750
2026-10-01 23:12:40.707,NATGASMINI,CE,315.0,NATGASMINI23OCT26315CE,6.25,250,SELL_AGGRESSOR,2723250,1232000
2026-10-01 23:12:44.551,NATURALGAS,PE,285.0,NATURALGAS23OCT26285PE,12.9,1250,SELL_AGGRESSOR,52573750,5697500
2026-10-01 23:12:44.551,NATURALGAS,CE,300.0,NATURALGAS23OCT26300CE,9.65,1250,SELL_AGGRESSOR,53766250,20648750
2026-10-01 23:12:44.551,NATGASMINI,FUT,0.0,NATGASMINI27OCT26FUT,287.3,2500,SELL_AGGRESSOR,40535000,17155250
2026-10-01 23:12:44.551,NATGASMINI,CE,290.0,NATGASMINI23OCT26290CE,13.1,3750,SELL_AGGRESSOR,24996750,3321000
2026-10-01 23:12:48.387,NATURALGAS,PE,255.0,NATURALGAS23OCT26255PE,2.45,1250,SELL_AGGRESSOR,7183750,2090000
2026-10-01 23:12:48.387,NATURALGAS,CE,280.0,NATURALGAS23OCT26280CE,17.5,7500,SELL_AGGRESSOR,26135000,4460000
2026-10-01 23:12:48.387,NATURALGAS,PE,280.0,NATURALGAS23OCT26280PE,10.35,10000,SELL_AGGRESSOR,46472500,11891250
2026-10-01 23:12:48.387,NATURALGAS,CE,285.0,NATURALGAS23OCT26285CE,15.15,1250,BUY_AGGRESSOR,34847500,5188750
2026-10-01 23:12:48.387,NATURALGAS,PE,285.0,NATURALGAS23OCT26285PE,12.95,1250,BUY_AGGRESSOR,52575000,5697500
2026-10-01 23:12:48.387,NATURALGAS,CE,290.0,NATURALGAS23OCT26290CE,13.05,1250,BUY_AGGRESSOR,87911250,17388750
2026-10-01 23:12:48.387,NATURALGAS,CE,300.0,NATURALGAS23OCT26300CE,9.7,2500,BUY_AGGRESSOR,53768750,20650000
2026-10-01 23:12:48.387,NATGASMINI,PE,270.0,NATGASMINI23OCT26270PE,6.15,250,SELL_AGGRESSOR,4134250,976250
2026-10-01 23:12:48.387,NATGASMINI,PE,280.0,NATGASMINI23OCT26280PE,10.3,2000,SELL_AGGRESSOR,9673250,1366750
2026-10-01 23:12:48.387,NATGASMINI,CE,295.0,NATGASMINI23OCT26295CE,11.3,250,SELL_AGGRESSOR,11887000,1770750
2026-10-01 23:12:52.278,NATURALGAS,FUT,0.0,NATURALGAS27OCT26FUT,287.3,3750,SELL_AGGRESSOR,125855000,69023750
2026-10-01 23:12:52.278,NATURALGAS,CE,280.0,NATURALGAS23OCT26280CE,17.5,1250,SELL_AGGRESSOR,26136250,4460000
2026-10-01 23:12:52.278,NATURALGAS,PE,280.0,NATURALGAS23OCT26280PE,10.35,3750,SELL_AGGRESSOR,46476250,11887500
2026-10-01 23:12:52.278,NATURALGAS,CE,285.0,NATURALGAS23OCT26285CE,15.1,6250,SELL_AGGRESSOR,34853750,5190000
2026-10-01 23:12:52.278,NATGASMINI,FUT,0.0,NATGASMINI27OCT26FUT,287.3,2250,SELL_AGGRESSOR,40537250,17154250
2026-10-01 23:12:52.278,NATGASMINI,PE,285.0,NATGASMINI23OCT26285PE,12.9,750,SELL_AGGRESSOR,19345750,1292500
2026-10-01 23:12:52.278,NATGASMINI,CE,295.0,NATGASMINI23OCT26295CE,11.3,500,SELL_AGGRESSOR,11887500,1770750
2026-10-01 23:12:56.074,NATURALGAS,CE,300.0,NATURALGAS23OCT26300CE,9.65,2500,SELL_AGGRESSOR,53771250,20648750
2026-10-01 23:12:56.074,NATGASMINI,FUT,0.0,NATGASMINI27OCT26FUT,287.5,2500,BUY_AGGRESSOR,40539750,17153500
2026-10-01 23:12:56.074,NATGASMINI,PE,265.0,NATGASMINI23OCT26265PE,4.7,250,BUY_AGGRESSOR,5807750,3222000
2026-10-01 23:12:56.074,NATGASMINI,CE,290.0,NATGASMINI23OCT26290CE,13.2,250,BUY_AGGRESSOR,24997000,3320750
2026-10-01 23:12:56.074,NATGASMINI,PE,290.0,NATGASMINI23OCT26290PE,15.85,750,BUY_AGGRESSOR,18303000,1580500
2026-10-01 23:12:56.074,NATGASMINI,CE,295.0,NATGASMINI23OCT26295CE,11.4,750,BUY_AGGRESSOR,11888250,1770750
2026-10-01 23:12:56.074,NATGASMINI,CE,310.0,NATGASMINI23OCT26310CE,7.25,2500,SELL_AGGRESSOR,5101750,1861000
2026-10-01 23:12:59.940,NATURALGAS,PE,280.0,NATURALGAS23OCT26280PE,10.35,3750,SELL_AGGRESSOR,46480000,11883750
2026-10-01 23:12:59.940,NATURALGAS,CE,285.0,NATURALGAS23OCT26285CE,15.15,1250,BUY_AGGRESSOR,34855000,5190000
2026-10-01 23:12:59.940,NATURALGAS,PE,285.0,NATURALGAS23OCT26285PE,12.95,1250,BUY_AGGRESSOR,52576250,5696250
2026-10-01 23:12:59.940,NATURALGAS,CE,290.0,NATURALGAS23OCT26290CE,13.05,5000,BUY_AGGRESSOR,87916250,17383750
2026-10-01 23:12:59.940,NATURALGAS,PE,290.0,NATURALGAS23OCT26290PE,15.8,20000,BUY_AGGRESSOR,75698750,12848750
2026-10-01 23:12:59.940,NATURALGAS,CE,300.0,NATURALGAS23OCT26300CE,9.7,51250,BUY_AGGRESSOR,53822500,20642500
2026-10-01 23:12:59.940,NATURALGAS,CE,315.0,NATURALGAS23OCT26315CE,6.15,1250,SELL_AGGRESSOR,11452500,3496250
2026-10-01 23:12:59.940,NATGASMINI,FUT,0.0,NATGASMINI27OCT26FUT,287.3,250,SELL_AGGRESSOR,40540000,17151500
2026-10-01 23:12:59.940,NATGASMINI,PE,270.0,NATGASMINI23OCT26270PE,6.25,250,BUY_AGGRESSOR,4134500,976250
2026-10-01 23:12:59.940,NATGASMINI,CE,285.0,NATGASMINI23OCT26285CE,15.3,500,BUY_AGGRESSOR,10435000,968250
2026-10-01 23:12:59.940,NATGASMINI,PE,285.0,NATGASMINI23OCT26285PE,12.95,1000,BUY_AGGRESSOR,19346750,1292500
2026-10-01 23:12:59.940,NATGASMINI,PE,290.0,NATGASMINI23OCT26290PE,15.75,1750,SELL_AGGRESSOR,18304750,1578750
2026-10-01 23:13:03.762,NATURALGAS,CE,285.0,NATURALGAS23OCT26285CE,15.0,61250,SELL_AGGRESSOR,34916250,5188750
2026-10-01 23:13:03.762,NATURALGAS,CE,290.0,NATURALGAS23OCT26290CE,13.05,12500,BUY_AGGRESSOR,87928750,17371250
2026-10-01 23:13:03.762,NATURALGAS,CE,310.0,NATURALGAS23OCT26310CE,7.15,5000,SELL_AGGRESSOR,31671250,11406250
2026-10-01 23:13:03.762,NATGASMINI,FUT,0.0,NATGASMINI27OCT26FUT,287.3,1250,SELL_AGGRESSOR,40541250,17150750
2026-10-01 23:13:03.762,NATGASMINI,CE,285.0,NATGASMINI23OCT26285CE,15.2,4000,SELL_AGGRESSOR,10439000,968250
2026-10-01 23:13:03.762,NATGASMINI,PE,295.0,NATGASMINI23OCT26295PE,18.95,250,BUY_AGGRESSOR,5259750,795250
2026-10-01 23:13:03.762,NATGASMINI,CE,300.0,NATGASMINI23OCT26300CE,9.8,4250,SELL_AGGRESSOR,12800500,3295250
2026-10-01 23:13:03.762,NATGASMINI,PE,305.0,NATGASMINI23OCT26305PE,25.9,250,BUY,582250,389500
2026-10-01 23:13:07.610,NATURALGAS,FUT,0.0,NATURALGAS27OCT26FUT,287.4,2500,BUY_AGGRESSOR,125857500,69022500
2026-10-01 23:13:07.610,NATURALGAS,CE,285.0,NATURALGAS23OCT26285CE,15.15,10000,BUY_AGGRESSOR,34926250,5177500
2026-10-01 23:13:07.610,NATURALGAS,PE,285.0,NATURALGAS23OCT26285PE,12.95,2500,BUY_AGGRESSOR,52578750,5696250
2026-10-01 23:13:07.610,NATURALGAS,CE,290.0,NATURALGAS23OCT26290CE,13.05,2500,BUY_AGGRESSOR,87931250,17371250
2026-10-01 23:13:07.610,NATURALGAS,PE,290.0,NATURALGAS23OCT26290PE,15.8,2500,SELL_AGGRESSOR,75701250,12840000
2026-10-01 23:13:07.610,NATURALGAS,CE,295.0,NATURALGAS23OCT26295CE,11.2,1250,SELL_AGGRESSOR,35002500,7180000
2026-10-01 23:13:07.610,NATURALGAS,PE,300.0,NATURALGAS23OCT26300PE,22.5,1250,BUY_AGGRESSOR,13790000,13880000
2026-10-01 23:13:07.610,NATURALGAS,CE,305.0,NATURALGAS23OCT26305CE,8.3,13750,BUY_AGGRESSOR,20550000,8523750
2026-10-01 23:13:07.610,NATURALGAS,PE,305.0,NATURALGAS23OCT26305PE,26.1,1250,SELL_AGGRESSOR,2025000,2690000
2026-10-01 23:13:07.610,NATGASMINI,CE,275.0,NATGASMINI23OCT26275CE,20.55,250,BUY_AGGRESSOR,1318000,76500
2026-10-01 23:13:07.610,NATGASMINI,PE,280.0,NATGASMINI23OCT26280PE,10.3,250,SELL_AGGRESSOR,9673500,1366500
2026-10-01 23:13:07.610,NATGASMINI,CE,285.0,NATGASMINI23OCT26285CE,15.3,1250,BUY_AGGRESSOR,10440250,968250
2026-10-01 23:13:07.610,NATGASMINI,CE,290.0,NATGASMINI23OCT26290CE,13.1,1250,SELL_AGGRESSOR,24998250,3319500
2026-10-01 23:13:07.610,NATGASMINI,CE,295.0,NATGASMINI23OCT26295CE,11.3,250,SELL_AGGRESSOR,11888500,1770750
2026-10-01 23:13:07.610,NATGASMINI,CE,305.0,NATGASMINI23OCT26305CE,8.4,1250,SELL_AGGRESSOR,6031750,1715250
2026-10-01 23:13:11.396,NATURALGAS,PE,255.0,NATURALGAS23OCT26255PE,2.45,55000,SELL_AGGRESSOR,7238750,2145000
2026-10-01 23:13:11.396,NATURALGAS,PE,280.0,NATURALGAS23OCT26280PE,10.35,3750,SELL_AGGRESSOR,46483750,11880000
2026-10-01 23:13:11.396,NATURALGAS,CE,285.0,NATURALGAS23OCT26285CE,15.05,1250,SELL_AGGRESSOR,34927500,5176250
2026-10-01 23:13:11.396,NATURALGAS,CE,290.0,NATURALGAS23OCT26290CE,13.05,2500,BUY_AGGRESSOR,87933750,17372500
2026-10-01 23:13:11.396,NATURALGAS,PE,290.0,NATURALGAS23OCT26290PE,15.8,2500,SELL_AGGRESSOR,75703750,12842500
2026-10-01 23:13:11.396,NATURALGAS,CE,305.0,NATURALGAS23OCT26305CE,8.25,1250,SELL_AGGRESSOR,20551250,8522500
2026-10-01 23:13:11.396,NATURALGAS,PE,305.0,NATURALGAS23OCT26305PE,26.1,1250,BUY_AGGRESSOR,2026250,2688750
2026-10-01 23:13:11.396,NATGASMINI,FUT,0.0,NATGASMINI27OCT26FUT,287.3,1250,SELL_AGGRESSOR,40542500,17149750
2026-10-01 23:13:15.258,NATURALGAS,PE,260.0,NATURALGAS23OCT26260PE,3.5,17500,BUY_AGGRESSOR,27446250,10708750
2026-10-01 23:13:15.258,NATURALGAS,PE,285.0,NATURALGAS23OCT26285PE,12.9,2500,SELL_AGGRESSOR,52581250,5693750
2026-10-01 23:13:15.258,NATURALGAS,CE,300.0,NATURALGAS23OCT26300CE,9.65,2500,SELL_AGGRESSOR,53825000,20613750
2026-10-01 23:13:15.258,NATURALGAS,PE,300.0,NATURALGAS23OCT26300PE,22.35,2500,SELL_AGGRESSOR,13792500,13877500
2026-10-01 23:13:15.258,NATGASMINI,FUT,0.0,NATGASMINI27OCT26FUT,287.5,500,BUY_AGGRESSOR,40543000,17149250
2026-10-01 23:13:15.258,NATGASMINI,CE,275.0,NATGASMINI23OCT26275CE,20.35,2750,SELL_AGGRESSOR,1320750,76000
2026-10-01 23:13:15.258,NATGASMINI,PE,285.0,NATGASMINI23OCT26285PE,12.9,250,SELL_AGGRESSOR,19347000,1292500
2026-10-01 23:13:15.258,NATGASMINI,PE,290.0,NATGASMINI23OCT26290PE,15.75,750,SELL_AGGRESSOR,18305500,1578000
2026-10-01 23:13:15.258,NATGASMINI,CE,295.0,NATGASMINI23OCT26295CE,11.3,250,SELL_AGGRESSOR,11888750,1770750
2026-10-01 23:13:15.258,NATGASMINI,CE,310.0,NATGASMINI23OCT26310CE,7.25,250,SELL_AGGRESSOR,5102000,1860750
2026-10-01 23:13:15.258,NATGASMINI,CE,315.0,NATGASMINI23OCT26315CE,6.25,1000,SELL_AGGRESSOR,2724250,1231250
2026-10-01 23:13:19.058,NATURALGAS,FUT,0.0,NATURALGAS27OCT26FUT,287.3,1250,SELL_AGGRESSOR,125858750,69022500
2026-10-01 23:13:19.058,NATURALGAS,PE,265.0,NATURALGAS23OCT26265PE,4.6,1250,SELL_AGGRESSOR,12781250,4377500
2026-10-01 23:13:19.058,NATURALGAS,CE,275.0,NATURALGAS23OCT26275CE,20.3,1250,BUY_AGGRESSOR,3816250,398750
2026-10-01 23:13:19.058,NATURALGAS,PE,280.0,NATURALGAS23OCT26280PE,10.35,15000,SELL_AGGRESSOR,46498750,11886250
2026-10-01 23:13:19.058,NATURALGAS,CE,285.0,NATURALGAS23OCT26285CE,15.15,1250,BUY_AGGRESSOR,34928750,5176250
2026-10-01 23:13:19.058,NATURALGAS,PE,285.0,NATURALGAS23OCT26285PE,12.95,3750,BUY_AGGRESSOR,52585000,5690000
2026-10-01 23:13:19.058,NATURALGAS,CE,290.0,NATURALGAS23OCT26290CE,13.05,1250,BUY_AGGRESSOR,87935000,17372500
2026-10-01 23:13:19.058,NATURALGAS,PE,290.0,NATURALGAS23OCT26290PE,15.8,30000,SELL_AGGRESSOR,75733750,12855000
2026-10-01 23:13:19.058,NATURALGAS,CE,295.0,NATURALGAS23OCT26295CE,11.3,1250,BUY_AGGRESSOR,35003750,7181250
2026-10-01 23:13:19.058,NATURALGAS,CE,305.0,NATURALGAS23OCT26305CE,8.2,10000,SELL_AGGRESSOR,20561250,8517500
2026-10-01 23:13:19.058,NATGASMINI,PE,270.0,NATGASMINI23OCT26270PE,6.15,250,SELL_AGGRESSOR,4134750,976250
2026-10-01 23:13:19.058,NATGASMINI,PE,275.0,NATGASMINI23OCT26275PE,8.1,3750,SELL_AGGRESSOR,4885000,738000
2026-10-01 23:13:19.058,NATGASMINI,PE,280.0,NATGASMINI23OCT26280PE,10.4,11250,BUY_AGGRESSOR,9684750,1366500
2026-10-01 23:13:19.058,NATGASMINI,CE,285.0,NATGASMINI23OCT26285CE,15.25,750,BUY_AGGRESSOR,10441000,968250
2026-10-01 23:13:19.058,NATGASMINI,PE,285.0,NATGASMINI23OCT26285PE,12.9,750,SELL_AGGRESSOR,19347750,1292250
2026-10-01 23:13:19.058,NATGASMINI,CE,290.0,NATGASMINI23OCT26290CE,13.2,250,BUY_AGGRESSOR,24998500,3319500
2026-10-01 23:13:19.058,NATGASMINI,PE,295.0,NATGASMINI23OCT26295PE,18.95,3500,BUY_AGGRESSOR,5263250,793000
2026-10-01 23:13:19.058,NATGASMINI,CE,315.0,NATGASMINI23OCT26315CE,6.3,500,BUY,2724750,1230750
2026-10-01 23:13:22.870,NATURALGAS,FUT,0.0,NATURALGAS27OCT26FUT,287.3,1250,SELL_AGGRESSOR,125860000,69022500
2026-10-01 23:13:22.870,NATURALGAS,CE,280.0,NATURALGAS23OCT26280CE,17.6,1250,BUY_AGGRESSOR,26137500,4460000
2026-10-01 23:13:22.870,NATURALGAS,CE,285.0,NATURALGAS23OCT26285CE,15.15,10000,BUY_AGGRESSOR,34938750,5178750
2026-10-01 23:13:22.870,NATURALGAS,CE,290.0,NATURALGAS23OCT26290CE,13.0,1250,SELL_AGGRESSOR,87936250,17372500
2026-10-01 23:13:22.870,NATGASMINI,FUT,0.0,NATGASMINI27OCT26FUT,287.5,1500,BUY_AGGRESSOR,40544500,17149000
2026-10-01 23:13:22.870,NATGASMINI,PE,280.0,NATGASMINI23OCT26280PE,10.3,1250,SELL_AGGRESSOR,9686000,1365250
2026-10-01 23:13:22.870,NATGASMINI,CE,285.0,NATGASMINI23OCT26285CE,15.15,5000,SELL_AGGRESSOR,10446000,967750
2026-10-01 23:13:22.870,NATGASMINI,CE,300.0,NATGASMINI23OCT26300CE,9.8,1250,SELL_AGGRESSOR,12801750,3295250
2026-10-01 23:13:22.870,NATGASMINI,PE,300.0,NATGASMINI23OCT26300PE,22.25,2750,SELL_AGGRESSOR,3022250,1052000
2026-10-01 23:13:26.703,NATURALGAS,PE,275.0,NATURALGAS23OCT26275PE,8.1,20000,SELL_AGGRESSOR,18168750,3588750
2026-10-01 23:13:26.703,NATURALGAS,PE,280.0,NATURALGAS23OCT26280PE,10.35,3750,SELL_AGGRESSOR,46502500,11886250
2026-10-01 23:13:26.703,NATURALGAS,PE,290.0,NATURALGAS23OCT26290PE,15.75,3750,SELL_AGGRESSOR,75737500,12853750
2026-10-01 23:13:26.703,NATURALGAS,CE,300.0,NATURALGAS23OCT26300CE,9.65,1250,SELL_AGGRESSOR,53826250,20615000
2026-10-01 23:13:26.703,NATGASMINI,FUT,0.0,NATGASMINI27OCT26FUT,287.5,500,BUY_AGGRESSOR,40545000,17147500
2026-10-01 23:13:26.703,NATGASMINI,CE,275.0,NATGASMINI23OCT26275CE,20.55,250,BUY_AGGRESSOR,1321000,76250
2026-10-01 23:13:26.703,NATGASMINI,PE,290.0,NATGASMINI23OCT26290PE,15.7,1250,SELL_AGGRESSOR,18306750,1578000
2026-10-01 23:13:26.703,NATGASMINI,CE,310.0,NATGASMINI23OCT26310CE,7.25,250,SELL_AGGRESSOR,5102250,1860500
2026-10-01 23:13:30.495,NATURALGAS,FUT,0.0,NATURALGAS27OCT26FUT,287.4,3750,BUY_AGGRESSOR,125863750,69021250
2026-10-01 23:13:30.495,NATURALGAS,PE,255.0,NATURALGAS23OCT26255PE,2.45,1250,BUY_AGGRESSOR,7240000,2146250
2026-10-01 23:13:30.495,NATURALGAS,CE,285.0,NATURALGAS23OCT26285CE,15.15,1250,BUY_AGGRESSOR,34940000,5178750
2026-10-01 23:13:30.495,NATURALGAS,PE,285.0,NATURALGAS23OCT26285PE,12.95,2500,BUY_AGGRESSOR,52587500,5690000
2026-10-01 23:13:30.495,NATURALGAS,CE,290.0,NATURALGAS23OCT26290CE,13.05,1250,BUY_AGGRESSOR,87937500,17371250
2026-10-01 23:13:30.495,NATURALGAS,PE,290.0,NATURALGAS23OCT26290PE,15.8,2500,BUY_AGGRESSOR,75740000,12853750
2026-10-01 23:13:30.495,NATGASMINI,PE,265.0,NATGASMINI23OCT26265PE,4.7,250,BUY_AGGRESSOR,5808000,3221750
2026-10-01 23:13:30.495,NATGASMINI,CE,280.0,NATGASMINI23OCT26280CE,17.7,500,SELL_AGGRESSOR,3761000,400750
2026-10-01 23:13:30.495,NATGASMINI,CE,290.0,NATGASMINI23OCT26290CE,13.2,250,BUY_AGGRESSOR,24998750,3319500
2026-10-01 23:13:30.495,NATGASMINI,PE,290.0,NATGASMINI23OCT26290PE,15.75,1250,BUY,18308000,1576750
2026-10-01 23:13:30.495,NATGASMINI,CE,295.0,NATGASMINI23OCT26295CE,11.3,250,SELL_AGGRESSOR,11889000,1770750
2026-10-01 23:13:30.495,NATGASMINI,CE,300.0,NATGASMINI23OCT26300CE,9.8,2250,SELL_AGGRESSOR,12804000,3293250
2026-10-01 23:13:34.424,NATURALGAS,FUT,0.0,NATURALGAS27OCT26FUT,287.3,1250,SELL_AGGRESSOR,125865000,69021250
2026-10-01 23:13:34.424,NATURALGAS,CE,290.0,NATURALGAS23OCT26290CE,13.05,3750,BUY_AGGRESSOR,87941250,17371250
2026-10-01 23:13:34.424,NATURALGAS,PE,290.0,NATURALGAS23OCT26290PE,15.75,1250,SELL_AGGRESSOR,75741250,12853750
2026-10-01 23:13:34.424,NATURALGAS,CE,315.0,NATURALGAS23OCT26315CE,6.15,5000,SELL_AGGRESSOR,11457500,3496250
2026-10-01 23:13:34.424,NATGASMINI,CE,310.0,NATGASMINI23OCT26310CE,7.35,500,BUY_AGGRESSOR,5102750,1861000
2026-10-01 23:13:38.193,NATURALGAS,PE,280.0,NATURALGAS23OCT26280PE,10.35,3750,SELL_AGGRESSOR,46506250,11886250
2026-10-01 23:13:38.193,NATURALGAS,CE,285.0,NATURALGAS23OCT26285CE,15.15,1250,BUY_AGGRESSOR,34941250,5178750
2026-10-01 23:13:38.193,NATURALGAS,PE,285.0,NATURALGAS23OCT26285PE,12.95,1250,BUY_AGGRESSOR,52588750,5690000
2026-10-01 23:13:38.193,NATURALGAS,CE,300.0,NATURALGAS23OCT26300CE,9.65,1250,SELL_AGGRESSOR,53827500,20615000
2026-10-01 23:13:38.193,NATGASMINI,FUT,0.0,NATGASMINI27OCT26FUT,287.5,1000,BUY_AGGRESSOR,40546000,17146500
2026-10-01 23:13:38.193,NATGASMINI,PE,290.0,NATGASMINI23OCT26290PE,15.7,1500,SELL_AGGRESSOR,18309500,1576750
2026-10-01 23:13:38.193,NATGASMINI,CE,295.0,NATGASMINI23OCT26295CE,11.3,250,SELL_AGGRESSOR,11889250,1770750
2026-10-01 23:13:42.040,NATURALGAS,PE,270.0,NATURALGAS23OCT26270PE,6.15,2500,SELL_AGGRESSOR,32381250,11475000
2026-10-01 23:13:42.040,NATURALGAS,CE,305.0,NATURALGAS23OCT26305CE,8.25,1250,SELL_AGGRESSOR,20562500,8516250
2026-10-01 23:13:42.040,NATGASMINI,PE,280.0,NATGASMINI23OCT26280PE,10.3,250,SELL_AGGRESSOR,9686250,1365000
2026-10-01 23:13:42.040,NATGASMINI,CE,290.0,NATGASMINI23OCT26290CE,13.1,6500,SELL_AGGRESSOR,25005250,3318000
2026-10-01 23:13:42.040,NATGASMINI,PE,295.0,NATGASMINI23OCT26295PE,18.9,1500,SELL,5264750,791500
2026-10-01 23:13:42.040,NATGASMINI,CE,310.0,NATGASMINI23OCT26310CE,7.25,250,SELL_AGGRESSOR,5103000,1861000
2026-10-01 23:13:45.850,NATURALGAS,PE,260.0,NATURALGAS23OCT26260PE,3.4,1250,SELL_AGGRESSOR,27447500,10707500
2026-10-01 23:13:45.850,NATURALGAS,PE,285.0,NATURALGAS23OCT26285PE,12.9,2500,SELL_AGGRESSOR,52591250,5690000
2026-10-01 23:13:45.850,NATURALGAS,CE,290.0,NATURALGAS23OCT26290CE,13.05,1250,BUY_AGGRESSOR,87942500,17371250
2026-10-01 23:13:45.850,NATURALGAS,PE,290.0,NATURALGAS23OCT26290PE,15.75,1250,SELL_AGGRESSOR,75742500,12851250
2026-10-01 23:13:45.850,NATGASMINI,FUT,0.0,NATGASMINI27OCT26FUT,287.5,1000,BUY_AGGRESSOR,40547000,17146500
2026-10-01 23:13:45.850,NATGASMINI,PE,285.0,NATGASMINI23OCT26285PE,12.9,250,SELL_AGGRESSOR,19348000,1292000
2026-10-01 23:13:45.850,NATGASMINI,CE,290.0,NATGASMINI23OCT26290CE,13.15,1750,BUY_AGGRESSOR,25007000,3317250
2026-10-01 23:13:45.850,NATGASMINI,CE,300.0,NATGASMINI23OCT26300CE,9.8,250,SELL_AGGRESSOR,12804250,3293250
2026-10-01 23:13:49.799,NATURALGAS,CE,285.0,NATURALGAS23OCT26285CE,15.15,1250,BUY_AGGRESSOR,34942500,5177500
2026-10-01 23:13:49.799,NATURALGAS,PE,285.0,NATURALGAS23OCT26285PE,12.95,1250,BUY_AGGRESSOR,52592500,5686250
2026-10-01 23:13:49.799,NATURALGAS,PE,295.0,NATURALGAS23OCT26295PE,18.95,1250,SELL_AGGRESSOR,15291250,5393750
2026-10-01 23:13:49.799,NATURALGAS,CE,310.0,NATURALGAS23OCT26310CE,7.2,1250,BUY_AGGRESSOR,31672500,11407500
2026-10-01 23:13:49.799,NATGASMINI,FUT,0.0,NATGASMINI27OCT26FUT,287.5,750,BUY_AGGRESSOR,40547750,17146500
2026-10-01 23:13:49.799,NATGASMINI,PE,285.0,NATGASMINI23OCT26285PE,12.9,750,SELL_AGGRESSOR,19348750,1291250
2026-10-01 23:13:49.799,NATGASMINI,PE,290.0,NATGASMINI23OCT26290PE,15.75,250,SELL_AGGRESSOR,18309750,1576500
2026-10-01 23:13:49.799,NATGASMINI,CE,300.0,NATGASMINI23OCT26300CE,9.8,2250,SELL_AGGRESSOR,12806500,3293250
2026-10-01 23:13:53.618,NATURALGAS,FUT,0.0,NATURALGAS27OCT26FUT,287.3,52500,SELL_AGGRESSOR,125917500,69027500
2026-10-01 23:13:53.618,NATURALGAS,PE,260.0,NATURALGAS23OCT26260PE,3.45,5000,BUY_AGGRESSOR,27452500,10702500
2026-10-01 23:13:53.618,NATURALGAS,PE,265.0,NATURALGAS23OCT26265PE,4.65,17500,BUY_AGGRESSOR,12798750,4377500
2026-10-01 23:13:53.618,NATURALGAS,PE,270.0,NATURALGAS23OCT26270PE,6.2,17500,BUY_AGGRESSOR,32398750,11475000
2026-10-01 23:13:53.618,NATURALGAS,PE,275.0,NATURALGAS23OCT26275PE,8.15,58750,BUY_AGGRESSOR,18227500,3581250
2026-10-01 23:13:53.618,NATURALGAS,CE,280.0,NATURALGAS23OCT26280CE,17.55,2500,SELL_AGGRESSOR,26140000,4458750
2026-10-01 23:13:53.618,NATURALGAS,PE,280.0,NATURALGAS23OCT26280PE,10.4,37500,BUY_AGGRESSOR,46543750,11876250
2026-10-01 23:13:53.618,NATURALGAS,PE,285.0,NATURALGAS23OCT26285PE,12.95,2500,INSIDE,52595000,5683750
2026-10-01 23:13:53.618,NATURALGAS,CE,290.0,NATURALGAS23OCT26290CE,13.0,2500,SELL_AGGRESSOR,87945000,17371250
2026-10-01 23:13:53.618,NATURALGAS,PE,290.0,NATURALGAS23OCT26290PE,15.8,25000,BUY,75767500,12840000
2026-10-01 23:13:53.618,NATURALGAS,PE,295.0,NATURALGAS23OCT26295PE,19.05,1250,BUY_AGGRESSOR,15292500,5393750
2026-10-01 23:13:53.618,NATURALGAS,CE,300.0,NATURALGAS23OCT26300CE,9.65,57500,SELL_AGGRESSOR,53885000,20615000
2026-10-01 23:13:53.618,NATURALGAS,PE,300.0,NATURALGAS23OCT26300PE,22.5,2500,BUY_AGGRESSOR,13795000,13876250
2026-10-01 23:13:53.618,NATURALGAS,CE,305.0,NATURALGAS23OCT26305CE,8.25,7500,SELL_AGGRESSOR,20570000,8508750
2026-10-01 23:13:53.618,NATURALGAS,PE,310.0,NATURALGAS23OCT26310PE,30.05,1250,BUY_AGGRESSOR,2387500,4555000
2026-10-01 23:13:53.618,NATGASMINI,FUT,0.0,NATGASMINI27OCT26FUT,287.4,250,SELL,40548000,17146250
2026-10-01 23:13:53.618,NATGASMINI,PE,265.0,NATGASMINI23OCT26265PE,4.7,750,BUY_AGGRESSOR,5808750,3221750
2026-10-01 23:13:53.618,NATGASMINI,PE,275.0,NATGASMINI23OCT26275PE,8.15,1000,BUY_AGGRESSOR,4886000,737250
2026-10-01 23:13:53.618,NATGASMINI,CE,280.0,NATGASMINI23OCT26280CE,17.65,250,SELL,3761250,400500
2026-10-01 23:13:53.618,NATGASMINI,CE,285.0,NATGASMINI23OCT26285CE,15.15,1000,SELL_AGGRESSOR,10447000,967750
2026-10-01 23:13:53.618,NATGASMINI,PE,285.0,NATGASMINI23OCT26285PE,13.0,250,BUY_AGGRESSOR,19349000,1291250
2026-10-01 23:13:53.618,NATGASMINI,CE,290.0,NATGASMINI23OCT26290CE,13.15,4500,BUY_AGGRESSOR,25011500,3315750
2026-10-01 23:13:53.618,NATGASMINI,PE,290.0,NATGASMINI23OCT26290PE,15.85,2000,BUY_AGGRESSOR,18311750,1575500
2026-10-01 23:13:53.618,NATGASMINI,PE,295.0,NATGASMINI23OCT26295PE,18.8,9500,SELL_AGGRESSOR,5274250,785750
2026-10-01 23:13:53.618,NATGASMINI,CE,300.0,NATGASMINI23OCT26300CE,9.75,250,SELL_AGGRESSOR,12806750,3293250
2026-10-01 23:13:53.618,NATGASMINI,PE,300.0,NATGASMINI23OCT26300PE,22.3,250,BUY_AGGRESSOR,3022500,1051750
2026-10-01 23:13:53.618,NATGASMINI,CE,305.0,NATGASMINI23OCT26305CE,8.4,3500,SELL_AGGRESSOR,6035250,1712000
2026-10-01 23:13:57.449,NATURALGAS,FUT,0.0,NATURALGAS27OCT26FUT,287.3,2500,BUY_AGGRESSOR,125920000,69027500
2026-10-01 23:13:57.449,NATURALGAS,PE,280.0,NATURALGAS23OCT26280PE,10.4,2500,SELL_AGGRESSOR,46546250,11846250
2026-10-01 23:13:57.449,NATURALGAS,CE,285.0,NATURALGAS23OCT26285CE,15.05,3750,SELL_AGGRESSOR,34946250,5177500
2026-10-01 23:13:57.449,NATURALGAS,PE,295.0,NATURALGAS23OCT26295PE,19.05,2500,BUY_AGGRESSOR,15295000,5393750
2026-10-01 23:13:57.449,NATGASMINI,FUT,0.0,NATGASMINI27OCT26FUT,287.4,250,BUY_AGGRESSOR,40548250,17146000
2026-10-01 23:13:57.449,NATGASMINI,PE,275.0,NATGASMINI23OCT26275PE,8.1,250,SELL_AGGRESSOR,4886250,737000
2026-10-01 23:13:57.449,NATGASMINI,CE,285.0,NATGASMINI23OCT26285CE,15.15,2750,SELL_AGGRESSOR,10449750,967750
2026-10-01 23:13:57.449,NATGASMINI,PE,285.0,NATGASMINI23OCT26285PE,12.95,250,SELL_AGGRESSOR,19349250,1291250
2026-10-01 23:13:57.449,NATGASMINI,CE,290.0,NATGASMINI23OCT26290CE,13.15,2250,BUY_AGGRESSOR,25013750,3315750
2026-10-01 23:13:57.449,NATGASMINI,PE,290.0,NATGASMINI23OCT26290PE,15.85,2250,BUY_AGGRESSOR,18314000,1573750
2026-10-01 23:13:57.449,NATGASMINI,CE,300.0,NATGASMINI23OCT26300CE,9.75,7500,SELL_AGGRESSOR,12814250,3290500
2026-10-01 23:13:57.449,NATGASMINI,PE,300.0,NATGASMINI23OCT26300PE,22.3,750,SELL_AGGRESSOR,3023250,1051000
2026-10-01 23:13:57.449,NATGASMINI,CE,310.0,NATGASMINI23OCT26310CE,7.25,250,SELL_AGGRESSOR,5103250,1860750
2026-10-01 23:14:01.435,NATURALGAS,FUT,0.0,NATURALGAS27OCT26FUT,287.3,1250,BUY_AGGRESSOR,125921250,69028750
2026-10-01 23:14:01.435,NATURALGAS,PE,270.0,NATURALGAS23OCT26270PE,6.2,2500,SELL_AGGRESSOR,32401250,11475000
2026-10-01 23:14:01.435,NATURALGAS,CE,280.0,NATURALGAS23OCT26280CE,17.5,7500,SELL_AGGRESSOR,26147500,4461250
2026-10-01 23:14:01.435,NATURALGAS,CE,285.0,NATURALGAS23OCT26285CE,15.1,1250,BUY_AGGRESSOR,34947500,5176250
2026-10-01 23:14:01.435,NATURALGAS,PE,285.0,NATURALGAS23OCT26285PE,13.0,16250,BUY_AGGRESSOR,52611250,5668750
2026-10-01 23:14:01.435,NATURALGAS,CE,290.0,NATURALGAS23OCT26290CE,13.0,13750,SELL_AGGRESSOR,87958750,17368750
2026-10-01 23:14:01.435,NATURALGAS,PE,290.0,NATURALGAS23OCT26290PE,15.8,8750,SELL_AGGRESSOR,75776250,12840000
2026-10-01 23:14:01.435,NATURALGAS,PE,295.0,NATURALGAS23OCT26295PE,19.15,7500,BUY_AGGRESSOR,15302500,5393750
2026-10-01 23:14:01.435,NATURALGAS,CE,300.0,NATURALGAS23OCT26300CE,9.65,11250,SELL_AGGRESSOR,53896250,20570000
2026-10-01 23:14:01.435,NATURALGAS,CE,305.0,NATURALGAS23OCT26305CE,8.25,2500,SELL_AGGRESSOR,20572500,8506250
2026-10-01 23:14:01.435,NATGASMINI,FUT,0.0,NATGASMINI27OCT26FUT,287.4,13250,BUY_AGGRESSOR,40561500,17145500
2026-10-01 23:14:01.435,NATGASMINI,PE,275.0,NATGASMINI23OCT26275PE,8.15,2000,BUY_AGGRESSOR,4888250,736750
2026-10-01 23:14:01.435,NATGASMINI,PE,280.0,NATGASMINI23OCT26280PE,10.4,27000,BUY_AGGRESSOR,9713250,1365000
2026-10-01 23:14:01.435,NATGASMINI,PE,285.0,NATGASMINI23OCT26285PE,13.0,17000,BUY_AGGRESSOR,19366250,1291250
2026-10-01 23:14:01.435,NATGASMINI,CE,290.0,NATGASMINI23OCT26290CE,13.15,3000,BUY_AGGRESSOR,25016750,3318750
2026-10-01 23:14:01.435,NATGASMINI,PE,290.0,NATGASMINI23OCT26290PE,15.8,250,SELL_AGGRESSOR,18314250,1573500
2026-10-01 23:14:01.435,NATGASMINI,CE,295.0,NATGASMINI23OCT26295CE,11.25,4750,SELL_AGGRESSOR,11894000,1770250
2026-10-01 23:14:01.435,NATGASMINI,CE,300.0,NATGASMINI23OCT26300CE,9.75,750,SELL_AGGRESSOR,12815000,3290250
2026-10-01 23:14:01.435,NATGASMINI,PE,310.0,NATGASMINI23OCT26310PE,29.8,250,INSIDE,439750,667500
2026-10-01 23:14:05.315,NATURALGAS,FUT,0.0,NATURALGAS27OCT26FUT,287.2,3750,SELL_AGGRESSOR,125925000,69025000
2026-10-01 23:14:05.315,NATURALGAS,CE,280.0,NATURALGAS23OCT26280CE,17.5,1250,SELL_AGGRESSOR,26148750,4461250
2026-10-01 23:14:05.315,NATURALGAS,PE,280.0,NATURALGAS23OCT26280PE,10.4,3750,SELL_AGGRESSOR,46550000,11842500
2026-10-01 23:14:05.315,NATURALGAS,CE,285.0,NATURALGAS23OCT26285CE,15.05,8750,SELL_AGGRESSOR,34956250,5175000
2026-10-01 23:14:05.315,NATURALGAS,PE,285.0,NATURALGAS23OCT26285PE,13.0,3750,INSIDE,52615000,5668750
2026-10-01 23:14:05.315,NATURALGAS,CE,290.0,NATURALGAS23OCT26290CE,13.0,3750,SELL_AGGRESSOR,87962500,17362500
2026-10-01 23:14:05.315,NATURALGAS,PE,290.0,NATURALGAS23OCT26290PE,15.85,3750,SELL_AGGRESSOR,75780000,12837500
2026-10-01 23:14:05.315,NATGASMINI,CE,290.0,NATGASMINI23OCT26290CE,13.15,750,BUY_AGGRESSOR,25017500,3318750
2026-10-01 23:14:05.315,NATGASMINI,PE,290.0,NATGASMINI23OCT26290PE,15.85,750,BUY_AGGRESSOR,18315000,1572750
2026-10-01 23:14:09.162,NATURALGAS,FUT,0.0,NATURALGAS27OCT26FUT,287.3,2500,BUY_AGGRESSOR,125927500,69025000
2026-10-01 23:14:09.162,NATURALGAS,PE,285.0,NATURALGAS23OCT26285PE,13.0,1250,BUY_AGGRESSOR,52616250,5667500
2026-10-01 23:14:09.162,NATURALGAS,CE,300.0,NATURALGAS23OCT26300CE,9.65,10000,BUY_AGGRESSOR,53906250,20570000
2026-10-01 23:14:09.162,NATGASMINI,FUT,0.0,NATGASMINI27OCT26FUT,287.4,250,BUY_AGGRESSOR,40561750,17135500
2026-10-01 23:14:09.162,NATGASMINI,CE,270.0,NATGASMINI23OCT26270CE,23.5,250,BUY_AGGRESSOR,713750,152500
2026-10-01 23:14:09.162,NATGASMINI,PE,285.0,NATGASMINI23OCT26285PE,13.0,1000,SELL_AGGRESSOR,19367250,1290250
2026-10-01 23:14:09.162,NATGASMINI,CE,290.0,NATGASMINI23OCT26290CE,13.15,1250,BUY_AGGRESSOR,25018750,3317500
2026-10-01 23:14:09.162,NATGASMINI,PE,290.0,NATGASMINI23OCT26290PE,15.85,750,BUY_AGGRESSOR,18315750,1572000
2026-10-01 23:14:09.162,NATGASMINI,CE,300.0,NATGASMINI23OCT26300CE,9.8,9500,BUY_AGGRESSOR,12824500,3290500
2026-10-01 23:14:12.941,NATURALGAS,PE,280.0,NATURALGAS23OCT26280PE,10.4,16250,SELL_AGGRESSOR,46566250,11826250
2026-10-01 23:14:12.941,NATURALGAS,PE,290.0,NATURALGAS23OCT26290PE,15.9,1250,BUY_AGGRESSOR,75781250,12837500
2026-10-01 23:14:12.941,NATURALGAS,CE,295.0,NATURALGAS23OCT26295CE,11.25,12500,BUY_AGGRESSOR,35016250,7193750
2026-10-01 23:14:12.941,NATURALGAS,CE,300.0,NATURALGAS23OCT26300CE,9.6,3750,SELL_AGGRESSOR,53910000,20571250
2026-10-01 23:14:12.941,NATGASMINI,FUT,0.0,NATGASMINI27OCT26FUT,287.4,250,BUY_AGGRESSOR,40562000,17135250
2026-10-01 23:14:12.941,NATGASMINI,PE,280.0,NATGASMINI23OCT26280PE,10.4,750,SELL_AGGRESSOR,9714000,1364250
2026-10-01 23:14:12.941,NATGASMINI,CE,285.0,NATGASMINI23OCT26285CE,15.15,250,SELL_AGGRESSOR,10450000,967750
2026-10-01 23:14:12.941,NATGASMINI,PE,285.0,NATGASMINI23OCT26285PE,13.0,500,SELL_AGGRESSOR,19367750,1289750
2026-10-01 23:14:12.941,NATGASMINI,CE,290.0,NATGASMINI23OCT26290CE,13.05,1000,SELL_AGGRESSOR,25019750,3316500
2026-10-01 23:14:12.941,NATGASMINI,PE,290.0,NATGASMINI23OCT26290PE,15.85,750,BUY_AGGRESSOR,18316500,1571250
2026-10-01 23:14:12.941,NATGASMINI,CE,295.0,NATGASMINI23OCT26295CE,11.25,500,SELL_AGGRESSOR,11894500,1770250
2026-10-01 23:14:12.941,NATGASMINI,CE,300.0,NATGASMINI23OCT26300CE,9.8,250,BUY_AGGRESSOR,12824750,3290750
2026-10-01 23:14:16.789,NATURALGAS,FUT,0.0,NATURALGAS27OCT26FUT,287.3,1250,BUY_AGGRESSOR,125928750,69026250
2026-10-01 23:14:16.789,NATURALGAS,CE,280.0,NATURALGAS23OCT26280CE,17.45,58750,SELL_AGGRESSOR,26207500,4442500
2026-10-01 23:14:16.789,NATURALGAS,CE,285.0,NATURALGAS23OCT26285CE,15.1,1250,BUY_AGGRESSOR,34957500,5173750
2026-10-01 23:14:16.789,NATGASMINI,FUT,0.0,NATGASMINI27OCT26FUT,287.4,1500,BUY_AGGRESSOR,40563500,17134250
2026-10-01 23:14:16.789,NATGASMINI,CE,285.0,NATGASMINI23OCT26285CE,15.15,3250,SELL_AGGRESSOR,10453250,966000
2026-10-01 23:14:16.789,NATGASMINI,PE,290.0,NATGASMINI23OCT26290PE,15.85,2000,BUY_AGGRESSOR,18318500,1569250
2026-10-01 23:14:20.644,NATURALGAS,FUT,0.0,NATURALGAS27OCT26FUT,287.2,2500,SELL_AGGRESSOR,125931250,69023750
2026-10-01 23:14:20.644,NATURALGAS,PE,275.0,NATURALGAS23OCT26275PE,8.15,1250,BUY_AGGRESSOR,18228750,3582500
2026-10-01 23:14:20.644,NATURALGAS,PE,285.0,NATURALGAS23OCT26285PE,12.95,7500,SELL_AGGRESSOR,52623750,5660000
2026-10-01 23:14:20.644,NATURALGAS,CE,295.0,NATURALGAS23OCT26295CE,11.2,1250,SELL_AGGRESSOR,35017500,7192500
2026-10-01 23:14:20.644,NATURALGAS,PE,300.0,NATURALGAS23OCT26300PE,22.55,5000,BUY_AGGRESSOR,13800000,13872500
2026-10-01 23:14:20.644,NATGASMINI,FUT,0.0,NATGASMINI27OCT26FUT,287.4,250,BUY_AGGRESSOR,40563750,17134000
2026-10-01 23:14:20.644,NATGASMINI,CE,290.0,NATGASMINI23OCT26290CE,13.05,4500,SELL_AGGRESSOR,25024250,3312000
2026-10-01 23:14:20.644,NATGASMINI,PE,290.0,NATGASMINI23OCT26290PE,15.85,750,BUY_AGGRESSOR,18319250,1568500
2026-10-01 23:14:24.461,NATURALGAS,FUT,0.0,NATURALGAS27OCT26FUT,287.3,5000,BUY_AGGRESSOR,125936250,69023750
2026-10-01 23:14:24.461,NATURALGAS,PE,260.0,NATURALGAS23OCT26260PE,3.45,1250,SELL_AGGRESSOR,27453750,10701250
2026-10-01 23:14:24.461,NATURALGAS,PE,280.0,NATURALGAS23OCT26280PE,10.4,3750,SELL_AGGRESSOR,46570000,11822500
2026-10-01 23:14:24.461,NATURALGAS,CE,285.0,NATURALGAS23OCT26285CE,15.1,2500,BUY_AGGRESSOR,34960000,5171250
2026-10-01 23:14:24.461,NATURALGAS,PE,285.0,NATURALGAS23OCT26285PE,13.0,1250,BUY_AGGRESSOR,52625000,5658750
2026-10-01 23:14:24.461,NATURALGAS,CE,290.0,NATURALGAS23OCT26290CE,13.0,8750,SELL_AGGRESSOR,87971250,17363750
2026-10-01 23:14:24.461,NATGASMINI,CE,285.0,NATGASMINI23OCT26285CE,15.25,750,BUY_AGGRESSOR,10454000,965250
2026-10-01 23:14:24.461,NATGASMINI,PE,285.0,NATGASMINI23OCT26285PE,12.95,4000,SELL_AGGRESSOR,19371750,1289250
2026-10-01 23:14:24.461,NATGASMINI,CE,290.0,NATGASMINI23OCT26290CE,13.05,1000,SELL_AGGRESSOR,25025250,3311000
2026-10-01 23:14:24.461,NATGASMINI,CE,300.0,NATGASMINI23OCT26300CE,9.75,750,SELL_AGGRESSOR,12825500,3290750
2026-10-01 23:14:28.260,NATURALGAS,FUT,0.0,NATURALGAS27OCT26FUT,287.3,1250,BUY_AGGRESSOR,125937500,69023750
2026-10-01 23:14:28.260,NATURALGAS,PE,270.0,NATURALGAS23OCT26270PE,6.2,81250,SELL_AGGRESSOR,32482500,11461250
2026-10-01 23:14:28.260,NATURALGAS,PE,285.0,NATURALGAS23OCT26285PE,13.0,1250,BUY_AGGRESSOR,52626250,5658750
2026-10-01 23:14:28.260,NATURALGAS,CE,290.0,NATURALGAS23OCT26290CE,13.0,1250,SELL_AGGRESSOR,87972500,17363750
2026-10-01 23:14:28.260,NATGASMINI,FUT,0.0,NATGASMINI27OCT26FUT,287.3,2000,SELL_AGGRESSOR,40565750,17132750
2026-10-01 23:14:28.260,NATGASMINI,CE,285.0,NATGASMINI23OCT26285CE,15.25,2500,BUY_AGGRESSOR,10456500,964500
2026-10-01 23:14:28.260,NATGASMINI,PE,285.0,NATGASMINI23OCT26285PE,13.05,750,BUY_AGGRESSOR,19372500,1289250
2026-10-01 23:14:28.260,NATGASMINI,CE,290.0,NATGASMINI23OCT26290CE,13.05,3750,SELL_AGGRESSOR,25029000,3307500
2026-10-01 23:14:28.260,NATGASMINI,PE,290.0,NATGASMINI23OCT26290PE,15.75,1250,SELL_AGGRESSOR,18320500,1567750
2026-10-01 23:14:28.260,NATGASMINI,CE,300.0,NATGASMINI23OCT26300CE,9.75,2000,SELL_AGGRESSOR,12827500,3290750
2026-10-01 23:14:32.095,NATURALGAS,PE,270.0,NATURALGAS23OCT26270PE,6.2,1250,BUY_AGGRESSOR,32483750,11461250
2026-10-01 23:14:32.095,NATURALGAS,PE,275.0,NATURALGAS23OCT26275PE,8.15,1250,BUY_AGGRESSOR,18230000,3581250
2026-10-01 23:14:32.095,NATURALGAS,CE,280.0,NATURALGAS23OCT26280CE,17.45,15000,SELL_AGGRESSOR,26222500,4442500
2026-10-01 23:14:32.095,NATURALGAS,PE,285.0,NATURALGAS23OCT26285PE,13.05,15000,BUY_AGGRESSOR,52641250,5656250
2026-10-01 23:14:32.095,NATURALGAS,PE,295.0,NATURALGAS23OCT26295PE,19.1,1250,BUY_AGGRESSOR,15303750,5392500
2026-10-01 23:14:32.095,NATURALGAS,PE,300.0,NATURALGAS23OCT26300PE,22.55,17500,BUY_AGGRESSOR,13817500,13873750
2026-10-01 23:14:32.095,NATGASMINI,FUT,0.0,NATGASMINI27OCT26FUT,287.4,2000,BUY_AGGRESSOR,40567750,17131000
2026-10-01 23:14:32.095,NATGASMINI,PE,255.0,NATGASMINI23OCT26255PE,2.55,2250,BUY_AGGRESSOR,687000,139000
2026-10-01 23:14:32.095,NATGASMINI,PE,275.0,NATGASMINI23OCT26275PE,8.1,1250,SELL_AGGRESSOR,4889500,736750
2026-10-01 23:14:32.095,NATGASMINI,CE,300.0,NATGASMINI23OCT26300CE,9.75,1000,SELL_AGGRESSOR,12828500,3290750
2026-10-01 23:14:32.095,NATGASMINI,CE,305.0,NATGASMINI23OCT26305CE,8.4,3500,INSIDE,6038750,1711000
2026-10-01 23:14:32.095,NATGASMINI,CE,310.0,NATGASMINI23OCT26310CE,7.25,1500,SELL_AGGRESSOR,5104750,1860750
2026-10-01 23:14:35.900,NATURALGAS,PE,275.0,NATURALGAS23OCT26275PE,8.1,5000,SELL_AGGRESSOR,18235000,3581250
2026-10-01 23:14:35.900,NATURALGAS,CE,285.0,NATURALGAS23OCT26285CE,15.1,1250,BUY_AGGRESSOR,34961250,5170000
2026-10-01 23:14:35.900,NATURALGAS,PE,285.0,NATURALGAS23OCT26285PE,12.95,7500,SELL_AGGRESSOR,52648750,5651250
2026-10-01 23:14:35.900,NATURALGAS,CE,290.0,NATURALGAS23OCT26290CE,13.0,3750,SELL_AGGRESSOR,87976250,17363750
2026-10-01 23:14:35.900,NATURALGAS,PE,290.0,NATURALGAS23OCT26290PE,15.85,1250,SELL,75782500,12837500
2026-10-01 23:14:35.900,NATURALGAS,PE,300.0,NATURALGAS23OCT26300PE,22.55,13750,BUY_AGGRESSOR,13831250,13872500
2026-10-01 23:14:35.900,NATGASMINI,FUT,0.0,NATGASMINI27OCT26FUT,287.4,250,BUY_AGGRESSOR,40568000,17130750
2026-10-01 23:14:35.900,NATGASMINI,CE,285.0,NATGASMINI23OCT26285CE,15.25,750,BUY_AGGRESSOR,10457250,963750
2026-10-01 23:14:35.900,NATGASMINI,PE,285.0,NATGASMINI23OCT26285PE,12.95,1250,SELL_AGGRESSOR,19373750,1288500
2026-10-01 23:14:35.900,NATGASMINI,CE,290.0,NATGASMINI23OCT26290CE,13.05,1500,SELL_AGGRESSOR,25030500,3306000
2026-10-01 23:14:35.900,NATGASMINI,CE,310.0,NATGASMINI23OCT26310CE,7.25,250,SELL_AGGRESSOR,5105000,1860500
2026-10-01 23:14:39.763,NATURALGAS,PE,280.0,NATURALGAS23OCT26280PE,10.4,3750,SELL_AGGRESSOR,46573750,11822500
2026-10-01 23:14:39.763,NATURALGAS,CE,290.0,NATURALGAS23OCT26290CE,13.0,1250,SELL_AGGRESSOR,87977500,17363750
2026-10-01 23:14:39.763,NATURALGAS,PE,300.0,NATURALGAS23OCT26300PE,22.55,3750,BUY_AGGRESSOR,13835000,13872500
2026-10-01 23:14:39.763,NATURALGAS,CE,305.0,NATURALGAS23OCT26305CE,8.25,1250,SELL_AGGRESSOR,20573750,8506250
2026-10-01 23:14:39.763,NATGASMINI,PE,280.0,NATGASMINI23OCT26280PE,10.4,3750,SELL_AGGRESSOR,9717750,1360500
2026-10-01 23:14:39.763,NATGASMINI,CE,285.0,NATGASMINI23OCT26285CE,15.25,750,BUY_AGGRESSOR,10458000,963000
2026-10-01 23:14:39.763,NATGASMINI,PE,285.0,NATGASMINI23OCT26285PE,13.05,750,BUY_AGGRESSOR,19374500,1287750
2026-10-01 23:14:39.763,NATGASMINI,CE,305.0,NATGASMINI23OCT26305CE,8.35,7250,SELL_AGGRESSOR,6046000,1711000
2026-10-01 23:14:43.547,NATURALGAS,FUT,0.0,NATURALGAS27OCT26FUT,287.3,1250,BUY_AGGRESSOR,125938750,69023750
2026-10-01 23:14:43.547,NATURALGAS,CE,290.0,NATURALGAS23OCT26290CE,13.0,1250,SELL_AGGRESSOR,87978750,17363750
2026-10-01 23:14:43.547,NATURALGAS,CE,295.0,NATURALGAS23OCT26295CE,11.2,1250,SELL_AGGRESSOR,35018750,7192500
2026-10-01 23:14:43.547,NATURALGAS,CE,300.0,NATURALGAS23OCT26300CE,9.6,17500,SELL_AGGRESSOR,53927500,20571250
2026-10-01 23:14:43.547,NATURALGAS,PE,300.0,NATURALGAS23OCT26300PE,22.55,7500,INSIDE,13842500,13871250
2026-10-01 23:14:43.547,NATGASMINI,FUT,0.0,NATGASMINI27OCT26FUT,287.4,250,BUY_AGGRESSOR,40568250,17130500
2026-10-01 23:14:43.547,NATGASMINI,CE,285.0,NATGASMINI23OCT26285CE,15.25,750,BUY_AGGRESSOR,10458750,962250
2026-10-01 23:14:43.547,NATGASMINI,PE,285.0,NATGASMINI23OCT26285PE,13.05,750,BUY_AGGRESSOR,19375250,1287000
2026-10-01 23:14:43.547,NATGASMINI,CE,290.0,NATGASMINI23OCT26290CE,13.15,250,BUY_AGGRESSOR,25030750,3306000
2026-10-01 23:14:43.547,NATGASMINI,CE,295.0,NATGASMINI23OCT26295CE,11.35,500,BUY_AGGRESSOR,11895000,1770250
2026-10-01 23:14:47.409,NATURALGAS,FUT,0.0,NATURALGAS27OCT26FUT,287.3,13750,BUY_AGGRESSOR,125952500,69021250
2026-10-01 23:14:47.409,NATURALGAS,CE,285.0,NATURALGAS23OCT26285CE,15.05,3750,SELL_AGGRESSOR,34965000,5166250
2026-10-01 23:14:47.409,NATURALGAS,PE,285.0,NATURALGAS23OCT26285PE,12.95,3750,SELL_AGGRESSOR,52652500,5647500
2026-10-01 23:14:47.409,NATURALGAS,PE,290.0,NATURALGAS23OCT26290PE,15.85,1250,BUY_AGGRESSOR,75783750,12836250
2026-10-01 23:14:47.409,NATURALGAS,CE,300.0,NATURALGAS23OCT26300CE,9.65,1250,BUY_AGGRESSOR,53928750,20571250
2026-10-01 23:14:47.409,NATURALGAS,PE,300.0,NATURALGAS23OCT26300PE,22.45,17500,SELL_AGGRESSOR,13860000,13871250
2026-10-01 23:14:47.409,NATURALGAS,CE,305.0,NATURALGAS23OCT26305CE,8.25,1250,SELL_AGGRESSOR,20575000,8505000
2026-10-01 23:14:47.409,NATGASMINI,FUT,0.0,NATGASMINI27OCT26FUT,287.3,1500,SELL_AGGRESSOR,40569750,17130000
2026-10-01 23:14:47.409,NATGASMINI,PE,265.0,NATGASMINI23OCT26265PE,4.7,1000,BUY_AGGRESSOR,5809750,3221750
2026-10-01 23:14:47.409,NATGASMINI,CE,270.0,NATGASMINI23OCT26270CE,23.45,1000,SELL_AGGRESSOR,714750,152250
2026-10-01 23:14:47.409,NATGASMINI,PE,280.0,NATGASMINI23OCT26280PE,10.4,2250,SELL_AGGRESSOR,9720000,1358250
2026-10-01 23:14:47.409,NATGASMINI,CE,285.0,NATGASMINI23OCT26285CE,15.15,750,SELL_AGGRESSOR,10459500,961750
2026-10-01 23:14:47.409,NATGASMINI,PE,310.0,NATGASMINI23OCT26310PE,29.85,1250,BUY,441000,667500
2026-10-01 23:14:51.251,NATURALGAS,FUT,0.0,NATURALGAS27OCT26FUT,287.3,2500,SELL_AGGRESSOR,125955000,69017500
2026-10-01 23:14:51.251,NATURALGAS,PE,265.0,NATURALGAS23OCT26265PE,4.65,1250,SELL_AGGRESSOR,12800000,4378750
2026-10-01 23:14:51.251,NATURALGAS,PE,280.0,NATURALGAS23OCT26280PE,10.35,3750,SELL_AGGRESSOR,46577500,11822500
2026-10-01 23:14:51.251,NATGASMINI,FUT,0.0,NATGASMINI27OCT26FUT,287.4,2000,BUY_AGGRESSOR,40571750,17128250
2026-10-01 23:14:51.251,NATGASMINI,CE,270.0,NATGASMINI23OCT26270CE,23.45,750,SELL_AGGRESSOR,715500,151750
2026-10-01 23:14:51.251,NATGASMINI,CE,280.0,NATGASMINI23OCT26280CE,17.6,750,SELL_AGGRESSOR,3762000,400500
2026-10-01 23:14:51.251,NATGASMINI,CE,285.0,NATGASMINI23OCT26285CE,15.25,750,BUY_AGGRESSOR,10460250,961000
2026-10-01 23:14:51.251,NATGASMINI,PE,285.0,NATGASMINI23OCT26285PE,13.05,1250,BUY_AGGRESSOR,19376500,1286250
2026-10-01 23:14:55.097,NATURALGAS,FUT,0.0,NATURALGAS27OCT26FUT,287.3,5000,SELL_AGGRESSOR,125960000,69013750
2026-10-01 23:14:55.097,NATURALGAS,CE,275.0,NATURALGAS23OCT26275CE,20.3,5000,BUY_AGGRESSOR,3821250,398750
2026-10-01 23:14:55.097,NATURALGAS,PE,280.0,NATURALGAS23OCT26280PE,10.35,1250,SELL_AGGRESSOR,46578750,11822500
2026-10-01 23:14:55.097,NATURALGAS,CE,285.0,NATURALGAS23OCT26285CE,15.15,1250,BUY_AGGRESSOR,34966250,5165000
2026-10-01 23:14:55.097,NATURALGAS,PE,285.0,NATURALGAS23OCT26285PE,13.0,1250,BUY_AGGRESSOR,52653750,5647500
2026-10-01 23:14:55.097,NATURALGAS,CE,290.0,NATURALGAS23OCT26290CE,13.0,2500,SELL_AGGRESSOR,87981250,17363750
2026-10-01 23:14:55.097,NATURALGAS,PE,295.0,NATURALGAS23OCT26295PE,19.0,5000,SELL_AGGRESSOR,15308750,5391250
2026-10-01 23:14:55.097,NATURALGAS,CE,300.0,NATURALGAS23OCT26300CE,9.65,2500,BUY_AGGRESSOR,53931250,20571250
2026-10-01 23:14:55.097,NATGASMINI,FUT,0.0,NATGASMINI27OCT26FUT,287.4,250,BUY_AGGRESSOR,40572000,17128000
2026-10-01 23:14:55.097,NATGASMINI,PE,275.0,NATGASMINI23OCT26275PE,8.1,750,SELL_AGGRESSOR,4890250,736750
2026-10-01 23:14:55.097,NATGASMINI,CE,280.0,NATGASMINI23OCT26280CE,17.65,250,BUY_AGGRESSOR,3762250,400250
2026-10-01 23:14:55.097,NATGASMINI,PE,280.0,NATGASMINI23OCT26280PE,10.35,500,SELL_AGGRESSOR,9720500,1358250
2026-10-01 23:14:55.097,NATGASMINI,CE,285.0,NATGASMINI23OCT26285CE,15.25,750,BUY_AGGRESSOR,10461000,960750
2026-10-01 23:14:55.097,NATGASMINI,PE,285.0,NATGASMINI23OCT26285PE,13.0,1750,SELL,19378250,1286000
2026-10-01 23:14:55.097,NATGASMINI,CE,290.0,NATGASMINI23OCT26290CE,13.15,750,BUY_AGGRESSOR,25031500,3305250
2026-10-01 23:14:55.097,NATGASMINI,PE,290.0,NATGASMINI23OCT26290PE,15.75,3500,SELL_AGGRESSOR,18324000,1565250
2026-10-01 23:14:55.097,NATGASMINI,PE,295.0,NATGASMINI23OCT26295PE,18.9,250,SELL_AGGRESSOR,5274500,785500
2026-10-01 23:14:55.097,NATGASMINI,CE,300.0,NATGASMINI23OCT26300CE,9.75,7750,SELL_AGGRESSOR,12836250,3297250
2026-10-01 23:14:55.097,NATGASMINI,CE,310.0,NATGASMINI23OCT26310CE,7.25,2000,SELL_AGGRESSOR,5107000,1858500
2026-10-01 23:14:58.926,NATURALGAS,FUT,0.0,NATURALGAS27OCT26FUT,287.3,2500,SELL_AGGRESSOR,125962500,69011250
2026-10-01 23:14:58.926,NATURALGAS,PE,260.0,NATURALGAS23OCT26260PE,3.45,1250,SELL_AGGRESSOR,27455000,10700000
2026-10-01 23:14:58.926,NATURALGAS,PE,265.0,NATURALGAS23OCT26265PE,4.6,2500,SELL_AGGRESSOR,12802500,4378750
2026-10-01 23:14:58.926,NATURALGAS,PE,270.0,NATURALGAS23OCT26270PE,6.15,1250,SELL_AGGRESSOR,32485000,11461250
2026-10-01 23:14:58.926,NATURALGAS,PE,275.0,NATURALGAS23OCT26275PE,8.15,1250,BUY_AGGRESSOR,18236250,3580000
2026-10-01 23:14:58.926,NATURALGAS,CE,280.0,NATURALGAS23OCT26280CE,17.5,1250,SELL_AGGRESSOR,26223750,4441250
2026-10-01 23:14:58.926,NATURALGAS,PE,285.0,NATURALGAS23OCT26285PE,13.0,1250,BUY_AGGRESSOR,52655000,5647500
2026-10-01 23:14:58.926,NATURALGAS,CE,290.0,NATURALGAS23OCT26290CE,13.0,8750,SELL_AGGRESSOR,87990000,17357500
2026-10-01 23:14:58.926,NATURALGAS,PE,290.0,NATURALGAS23OCT26290PE,15.8,10000,SELL_AGGRESSOR,75793750,12835000
2026-10-01 23:14:58.926,NATGASMINI,FUT,0.0,NATGASMINI27OCT26FUT,287.5,13500,BUY_AGGRESSOR,40585500,17127750
2026-10-01 23:14:58.926,NATGASMINI,PE,275.0,NATGASMINI23OCT26275PE,8.15,3250,BUY_AGGRESSOR,4893500,733500
2026-10-01 23:14:58.926,NATGASMINI,PE,280.0,NATGASMINI23OCT26280PE,10.45,3000,BUY_AGGRESSOR,9723500,1355250
2026-10-01 23:14:58.926,NATGASMINI,CE,285.0,NATGASMINI23OCT26285CE,15.25,5750,BUY_AGGRESSOR,10466750,959250
2026-10-01 23:14:58.926,NATGASMINI,PE,285.0,NATGASMINI23OCT26285PE,13.0,13500,BUY_AGGRESSOR,19391750,1285000
2026-10-01 23:14:58.926,NATGASMINI,CE,290.0,NATGASMINI23OCT26290CE,13.15,10250,BUY_AGGRESSOR,25041750,3300500
2026-10-01 23:14:58.926,NATGASMINI,PE,290.0,NATGASMINI23OCT26290PE,15.85,11250,BUY_AGGRESSOR,18335250,1559250
2026-10-01 23:14:58.926,NATGASMINI,CE,295.0,NATGASMINI23OCT26295CE,11.4,9750,BUY_AGGRESSOR,11904750,1769250
2026-10-01 23:14:58.926,NATGASMINI,PE,295.0,NATGASMINI23OCT26295PE,18.9,500,SELL_AGGRESSOR,5275000,785250
2026-10-01 23:14:58.926,NATGASMINI,CE,300.0,NATGASMINI23OCT26300CE,9.8,2750,BUY_AGGRESSOR,12839000,3295500
2026-10-01 23:14:58.926,NATGASMINI,CE,305.0,NATGASMINI23OCT26305CE,8.35,500,SELL_AGGRESSOR,6046500,1711250
2026-10-01 23:15:02.764,NATURALGAS,FUT,0.0,NATURALGAS27OCT26FUT,287.3,25000,SELL_AGGRESSOR,125987500,69015000
2026-10-01 23:15:02.764,NATURALGAS,PE,260.0,NATURALGAS23OCT26260PE,3.45,3750,SELL_AGGRESSOR,27458750,10696250
2026-10-01 23:15:02.764,NATURALGAS,PE,265.0,NATURALGAS23OCT26265PE,4.65,5000,BUY_AGGRESSOR,12807500,4373750
2026-10-01 23:15:02.764,NATURALGAS,PE,275.0,NATURALGAS23OCT26275PE,8.15,5000,BUY_AGGRESSOR,18241250,3575000
2026-10-01 23:15:02.764,NATURALGAS,CE,285.0,NATURALGAS23OCT26285CE,15.05,15000,SELL_AGGRESSOR,34981250,5150000
2026-10-01 23:15:02.764,NATURALGAS,CE,290.0,NATURALGAS23OCT26290CE,13.0,3750,SELL_AGGRESSOR,87993750,17355000
2026-10-01 23:15:02.764,NATURALGAS,PE,290.0,NATURALGAS23OCT26290PE,15.8,10000,SELL_AGGRESSOR,75803750,12830000
2026-10-01 23:15:02.764,NATURALGAS,CE,295.0,NATURALGAS23OCT26295CE,11.2,10000,SELL_AGGRESSOR,35028750,7183750
2026-10-01 23:15:02.764,NATURALGAS,CE,300.0,NATURALGAS23OCT26300CE,9.65,7500,SELL_AGGRESSOR,53938750,20571250
2026-10-01 23:15:02.764,NATURALGAS,CE,310.0,NATURALGAS23OCT26310CE,7.15,1250,SELL_AGGRESSOR,31673750,11406250
2026-10-01 23:15:02.764,NATGASMINI,FUT,0.0,NATGASMINI27OCT26FUT,287.4,4250,SELL,40589750,17111750
2026-10-01 23:15:02.764,NATGASMINI,PE,270.0,NATGASMINI23OCT26270PE,6.2,250,SELL_AGGRESSOR,4135000,976250
2026-10-01 23:15:02.764,NATGASMINI,PE,275.0,NATGASMINI23OCT26275PE,8.1,4250,SELL_AGGRESSOR,4897750,733500
2026-10-01 23:15:02.764,NATGASMINI,CE,280.0,NATGASMINI23OCT26280CE,17.6,5000,SELL_AGGRESSOR,3767250,400000
2026-10-01 23:15:02.764,NATGASMINI,PE,280.0,NATGASMINI23OCT26280PE,10.35,12250,SELL_AGGRESSOR,9735750,1343750
2026-10-01 23:15:02.764,NATGASMINI,CE,285.0,NATGASMINI23OCT26285CE,15.15,11000,SELL_AGGRESSOR,10477750,954250
2026-10-01 23:15:02.764,NATGASMINI,PE,285.0,NATGASMINI23OCT26285PE,13.0,14250,BUY_AGGRESSOR,19406000,1273250
2026-10-01 23:15:02.764,NATGASMINI,CE,290.0,NATGASMINI23OCT26290CE,13.1,12250,SELL_AGGRESSOR,25054000,3297500
2026-10-01 23:15:02.764,NATGASMINI,PE,290.0,NATGASMINI23OCT26290PE,15.75,17500,SELL_AGGRESSOR,18352750,1553500
2026-10-01 23:15:02.764,NATGASMINI,CE,295.0,NATGASMINI23OCT26295CE,11.4,11250,BUY_AGGRESSOR,11916000,1763750
2026-10-01 23:15:02.764,NATGASMINI,PE,295.0,NATGASMINI23OCT26295PE,18.9,750,INSIDE,5275750,784500
2026-10-01 23:15:02.764,NATGASMINI,CE,300.0,NATGASMINI23OCT26300CE,9.85,4250,BUY_AGGRESSOR,12843250,3293250
2026-10-01 23:15:02.764,NATGASMINI,PE,300.0,NATGASMINI23OCT26300PE,22.25,750,SELL_AGGRESSOR,3024000,1051000
2026-10-01 23:15:02.764,NATGASMINI,CE,305.0,NATGASMINI23OCT26305CE,8.35,250,SELL_AGGRESSOR,6046750,1711000
2026-10-01 23:15:06.583,NATURALGAS,FUT,0.0,NATURALGAS27OCT26FUT,287.4,10000,BUY_AGGRESSOR,125997500,69012500
2026-10-01 23:15:06.583,NATURALGAS,PE,275.0,NATURALGAS23OCT26275PE,8.1,1250,SELL_AGGRESSOR,18242500,3575000
2026-10-01 23:15:06.583,NATURALGAS,PE,280.0,NATURALGAS23OCT26280PE,10.35,3750,SELL_AGGRESSOR,46582500,11820000
2026-10-01 23:15:06.583,NATURALGAS,CE,285.0,NATURALGAS23OCT26285CE,15.15,1250,BUY_AGGRESSOR,34982500,5148750
2026-10-01 23:15:06.583,NATURALGAS,PE,285.0,NATURALGAS23OCT26285PE,12.95,10000,SELL_AGGRESSOR,52665000,5642500
2026-10-01 23:15:06.583,NATURALGAS,CE,290.0,NATURALGAS23OCT26290CE,13.0,2500,SELL_AGGRESSOR,87996250,17352500
2026-10-01 23:15:06.583,NATURALGAS,CE,295.0,NATURALGAS23OCT26295CE,11.3,1250,BUY_AGGRESSOR,35030000,7183750
2026-10-01 23:15:06.583,NATURALGAS,CE,300.0,NATURALGAS23OCT26300CE,9.65,3750,SELL_AGGRESSOR,53942500,20571250
2026-10-01 23:15:06.583,NATURALGAS,CE,305.0,NATURALGAS23OCT26305CE,8.3,5000,BUY_AGGRESSOR,20580000,8505000
2026-10-01 23:15:06.583,NATURALGAS,PE,305.0,NATURALGAS23OCT26305PE,26.1,5000,SELL_AGGRESSOR,2031250,2688750
2026-10-01 23:15:06.583,NATURALGAS,CE,310.0,NATURALGAS23OCT26310CE,7.2,1250,BUY_AGGRESSOR,31675000,11407500
2026-10-01 23:15:06.583,NATURALGAS,PE,310.0,NATURALGAS23OCT26310PE,30.0,1250,SELL_AGGRESSOR,2388750,4555000
2026-10-01 23:15:06.583,NATGASMINI,FUT,0.0,NATGASMINI27OCT26FUT,287.3,1250,SELL_AGGRESSOR,40591000,17113000
2026-10-01 23:15:06.583,NATGASMINI,PE,275.0,NATGASMINI23OCT26275PE,8.15,2500,BUY_AGGRESSOR,4900250,730500
2026-10-01 23:15:06.583,NATGASMINI,PE,280.0,NATGASMINI23OCT26280PE,10.45,1250,BUY_AGGRESSOR,9737000,1341750
2026-10-01 23:15:06.583,NATGASMINI,PE,285.0,NATGASMINI23OCT26285PE,13.0,750,BUY_AGGRESSOR,19406750,1261500
2026-10-01 23:15:06.583,NATGASMINI,CE,290.0,NATGASMINI23OCT26290CE,13.1,250,SELL_AGGRESSOR,25054250,3287250
2026-10-01 23:15:06.583,NATGASMINI,PE,290.0,NATGASMINI23OCT26290PE,15.75,2250,SELL_AGGRESSOR,18355000,1547000
2026-10-01 23:15:06.583,NATGASMINI,CE,295.0,NATGASMINI23OCT26295CE,11.4,750,BUY_AGGRESSOR,11916750,1761750
2026-10-01 23:15:06.583,NATGASMINI,CE,300.0,NATGASMINI23OCT26300CE,9.75,250,SELL_AGGRESSOR,12843500,3293250
2026-10-01 23:15:10.398,NATURALGAS,FUT,0.0,NATURALGAS27OCT26FUT,287.4,20000,BUY_AGGRESSOR,126017500,69006250
2026-10-01 23:15:10.398,NATURALGAS,PE,275.0,NATURALGAS23OCT26275PE,8.15,2500,BUY_AGGRESSOR,18245000,3575000
2026-10-01 23:15:10.398,NATURALGAS,CE,285.0,NATURALGAS23OCT26285CE,15.05,1250,SELL_AGGRESSOR,34983750,5148750
2026-10-01 23:15:10.398,NATURALGAS,PE,285.0,NATURALGAS23OCT26285PE,12.95,3750,SELL_AGGRESSOR,52668750,5638750
2026-10-01 23:15:10.398,NATURALGAS,CE,290.0,NATURALGAS23OCT26290CE,13.05,5000,BUY_AGGRESSOR,88001250,17348750
2026-10-01 23:15:10.398,NATURALGAS,CE,295.0,NATURALGAS23OCT26295CE,11.2,1250,SELL_AGGRESSOR,35031250,7182500
2026-10-01 23:15:10.398,NATURALGAS,PE,295.0,NATURALGAS23OCT26295PE,19.0,1250,SELL_AGGRESSOR,15310000,5390000
2026-10-01 23:15:10.398,NATURALGAS,CE,305.0,NATURALGAS23OCT26305CE,8.3,2500,BUY_AGGRESSOR,20582500,8505000
2026-10-01 23:15:10.398,NATURALGAS,PE,305.0,NATURALGAS23OCT26305PE,26.05,2500,SELL_AGGRESSOR,2033750,2688750
2026-10-01 23:15:10.398,NATURALGAS,CE,310.0,NATURALGAS23OCT26310CE,7.15,2500,SELL_AGGRESSOR,31677500,11405000
2026-10-01 23:15:10.398,NATGASMINI,PE,265.0,NATGASMINI23OCT26265PE,4.65,250,SELL_AGGRESSOR,5810000,3221750
2026-10-01 23:15:10.398,NATGASMINI,PE,295.0,NATGASMINI23OCT26295PE,18.9,1750,SELL_AGGRESSOR,5277500,783250
2026-10-01 23:15:14.265,NATURALGAS,CE,280.0,NATURALGAS23OCT26280CE,17.55,1250,BUY_AGGRESSOR,26225000,4440000
2026-10-01 23:15:14.265,NATURALGAS,PE,280.0,NATURALGAS23OCT26280PE,10.4,1250,BUY_AGGRESSOR,46583750,11820000
2026-10-01 23:15:14.265,NATURALGAS,CE,285.0,NATURALGAS23OCT26285CE,15.15,18750,BUY_AGGRESSOR,35002500,5140000
2026-10-01 23:15:14.265,NATURALGAS,PE,290.0,NATURALGAS23OCT26290PE,15.85,1250,BUY_AGGRESSOR,75805000,12830000
2026-10-01 23:15:14.265,NATURALGAS,CE,295.0,NATURALGAS23OCT26295CE,11.3,1250,BUY_AGGRESSOR,35032500,7182500
2026-10-01 23:15:14.265,NATURALGAS,CE,300.0,NATURALGAS23OCT26300CE,9.7,3750,BUY_AGGRESSOR,53946250,20570000
2026-10-01 23:15:14.265,NATGASMINI,FUT,0.0,NATGASMINI27OCT26FUT,287.4,750,BUY_AGGRESSOR,40591750,17113250
2026-10-01 23:15:14.265,NATGASMINI,PE,275.0,NATGASMINI23OCT26275PE,8.15,250,BUY_AGGRESSOR,4900500,728250
2026-10-01 23:15:14.265,NATGASMINI,PE,290.0,NATGASMINI23OCT26290PE,15.75,500,SELL_AGGRESSOR,18355500,1542250
2026-10-01 23:15:14.265,NATGASMINI,CE,295.0,NATGASMINI23OCT26295CE,11.3,4000,SELL_AGGRESSOR,11920750,1758250
2026-10-01 23:15:14.265,NATGASMINI,CE,300.0,NATGASMINI23OCT26300CE,9.75,500,SELL_AGGRESSOR,12844000,3292750
2026-10-01 23:15:18.087,NATURALGAS,CE,285.0,NATURALGAS23OCT26285CE,15.15,1250,BUY_AGGRESSOR,35003750,5140000
2026-10-01 23:15:18.087,NATURALGAS,PE,285.0,NATURALGAS23OCT26285PE,13.0,1250,BUY_AGGRESSOR,52670000,5637500
2026-10-01 23:15:18.087,NATURALGAS,CE,290.0,NATURALGAS23OCT26290CE,13.05,1250,BUY_AGGRESSOR,88002500,17346250
2026-10-01 23:15:18.087,NATURALGAS,PE,290.0,NATURALGAS23OCT26290PE,15.85,21250,BUY_AGGRESSOR,75826250,12830000
2026-10-01 23:15:18.087,NATGASMINI,CE,290.0,NATGASMINI23OCT26290CE,13.1,2000,SELL_AGGRESSOR,25056250,3286250
2026-10-01 23:15:21.981,NATURALGAS,FUT,0.0,NATURALGAS27OCT26FUT,287.3,1250,SELL_AGGRESSOR,126018750,69005000
2026-10-01 23:15:21.981,NATURALGAS,CE,280.0,NATURALGAS23OCT26280CE,17.55,1250,BUY_AGGRESSOR,26226250,4438750
2026-10-01 23:15:21.981,NATURALGAS,PE,280.0,NATURALGAS23OCT26280PE,10.4,5000,BUY_AGGRESSOR,46588750,11816250
2026-10-01 23:15:21.981,NATURALGAS,PE,285.0,NATURALGAS23OCT26285PE,12.95,1250,SELL_AGGRESSOR,52671250,5636250
2026-10-01 23:15:21.981,NATURALGAS,CE,290.0,NATURALGAS23OCT26290CE,13.05,21250,BUY_AGGRESSOR,88023750,17325000
2026-10-01 23:15:21.981,NATURALGAS,PE,290.0,NATURALGAS23OCT26290PE,15.85,1250,BUY_AGGRESSOR,75827500,12830000
2026-10-01 23:15:21.981,NATURALGAS,CE,295.0,NATURALGAS23OCT26295CE,11.3,1250,BUY_AGGRESSOR,35033750,7182500
2026-10-01 23:15:21.981,NATURALGAS,CE,300.0,NATURALGAS23OCT26300CE,9.7,5000,BUY_AGGRESSOR,53951250,20570000
2026-10-01 23:15:21.981,NATGASMINI,FUT,0.0,NATGASMINI27OCT26FUT,287.3,6750,SELL_AGGRESSOR,40598500,17111500
2026-10-01 23:15:21.981,NATGASMINI,PE,265.0,NATGASMINI23OCT26265PE,4.6,750,SELL_AGGRESSOR,5810750,3221750
2026-10-01 23:15:21.981,NATGASMINI,CE,285.0,NATGASMINI23OCT26285CE,15.3,250,BUY_AGGRESSOR,10478000,949000
2026-10-01 23:15:21.981,NATGASMINI,CE,315.0,NATGASMINI23OCT26315CE,6.25,250,SELL_AGGRESSOR,2725000,1230500
2026-10-01 23:15:25.797,NATURALGAS,PE,270.0,NATURALGAS23OCT26270PE,6.15,2500,SELL_AGGRESSOR,32487500,11463750
2026-10-01 23:15:25.797,NATURALGAS,PE,280.0,NATURALGAS23OCT26280PE,10.4,37500,BUY_AGGRESSOR,46626250,11816250
2026-10-01 23:15:25.797,NATURALGAS,CE,285.0,NATURALGAS23OCT26285CE,15.15,1250,BUY_AGGRESSOR,35005000,5140000
2026-10-01 23:15:25.797,NATURALGAS,CE,290.0,NATURALGAS23OCT26290CE,13.0,1250,SELL_AGGRESSOR,88025000,17323750
2026-10-01 23:15:25.797,NATURALGAS,CE,300.0,NATURALGAS23OCT26300CE,9.65,1250,SELL_AGGRESSOR,53952500,20570000
2026-10-01 23:15:25.797,NATURALGAS,CE,310.0,NATURALGAS23OCT26310CE,7.15,2500,SELL_AGGRESSOR,31680000,11402500
2026-10-01 23:15:25.797,NATURALGAS,CE,315.0,NATURALGAS23OCT26315CE,6.15,2500,SELL_AGGRESSOR,11460000,3488750
2026-10-01 23:15:25.797,NATGASMINI,FUT,0.0,NATGASMINI27OCT26FUT,287.4,250,BUY_AGGRESSOR,40598750,17111500
2026-10-01 23:15:25.797,NATGASMINI,PE,280.0,NATGASMINI23OCT26280PE,10.35,250,SELL_AGGRESSOR,9737250,1341500
2026-10-01 23:15:25.797,NATGASMINI,CE,290.0,NATGASMINI23OCT26290CE,13.1,250,SELL_AGGRESSOR,25056500,3286000
2026-10-01 23:15:25.797,NATGASMINI,CE,295.0,NATGASMINI23OCT26295CE,11.3,250,SELL_AGGRESSOR,11921000,1758250
2026-10-01 23:15:29.624,NATURALGAS,FUT,0.0,NATURALGAS27OCT26FUT,287.4,1250,BUY_AGGRESSOR,126020000,69005000
2026-10-01 23:15:29.624,NATURALGAS,PE,285.0,NATURALGAS23OCT26285PE,13.0,1250,BUY_AGGRESSOR,52672500,5636250
2026-10-01 23:15:29.624,NATURALGAS,CE,290.0,NATURALGAS23OCT26290CE,13.05,1250,BUY_AGGRESSOR,88026250,17322500
2026-10-01 23:15:29.624,NATGASMINI,PE,290.0,NATGASMINI23OCT26290PE,15.7,750,SELL_AGGRESSOR,18356250,1542250
2026-10-01 23:15:29.624,NATGASMINI,CE,300.0,NATGASMINI23OCT26300CE,9.85,1750,BUY_AGGRESSOR,12845750,3292250
2026-10-01 23:15:29.624,NATGASMINI,PE,300.0,NATGASMINI23OCT26300PE,22.25,500,SELL_AGGRESSOR,3024500,1050500
2026-10-01 23:15:33.445,NATURALGAS,FUT,0.0,NATURALGAS27OCT26FUT,287.4,5000,BUY_AGGRESSOR,126025000,69005000
2026-10-01 23:15:33.445,NATURALGAS,PE,270.0,NATURALGAS23OCT26270PE,6.15,1250,SELL_AGGRESSOR,32488750,11463750
2026-10-01 23:15:33.445,NATURALGAS,CE,280.0,NATURALGAS23OCT26280CE,17.55,1250,BUY_AGGRESSOR,26227500,4437500
2026-10-01 23:15:33.445,NATURALGAS,PE,280.0,NATURALGAS23OCT26280PE,10.4,1250,BUY_AGGRESSOR,46627500,11816250
2026-10-01 23:15:33.445,NATURALGAS,PE,290.0,NATURALGAS23OCT26290PE,15.85,1250,BUY_AGGRESSOR,75828750,12830000
2026-10-01 23:15:33.445,NATURALGAS,CE,295.0,NATURALGAS23OCT26295CE,11.3,5000,BUY_AGGRESSOR,35038750,7180000
2026-10-01 23:15:33.445,NATURALGAS,CE,300.0,NATURALGAS23OCT26300CE,9.7,1250,BUY_AGGRESSOR,53953750,20568750
2026-10-01 23:15:33.445,NATGASMINI,PE,280.0,NATGASMINI23OCT26280PE,10.35,250,SELL_AGGRESSOR,9737500,1341500
2026-10-01 23:15:33.445,NATGASMINI,PE,285.0,NATGASMINI23OCT26285PE,13.0,250,BUY_AGGRESSOR,19407000,1260500
2026-10-01 23:15:33.445,NATGASMINI,CE,295.0,NATGASMINI23OCT26295CE,11.3,250,SELL_AGGRESSOR,11921250,1758250
2026-10-01 23:15:33.445,NATGASMINI,PE,295.0,NATGASMINI23OCT26295PE,18.85,250,SELL_AGGRESSOR,5277750,782500
2026-10-01 23:15:33.445,NATGASMINI,CE,300.0,NATGASMINI23OCT26300CE,9.75,250,SELL_AGGRESSOR,12846000,3292500
2026-10-01 23:15:37.278,NATURALGAS,PE,260.0,NATURALGAS23OCT26260PE,3.45,1250,SELL_AGGRESSOR,27460000,10696250
2026-10-01 23:15:37.278,NATURALGAS,PE,270.0,NATURALGAS23OCT26270PE,6.15,11250,SELL_AGGRESSOR,32500000,11463750
2026-10-01 23:15:37.278,NATURALGAS,CE,280.0,NATURALGAS23OCT26280CE,17.55,1250,BUY_AGGRESSOR,26228750,4437500
2026-10-01 23:15:37.278,NATURALGAS,CE,285.0,NATURALGAS23OCT26285CE,15.1,2500,SELL_AGGRESSOR,35007500,5137500
2026-10-01 23:15:37.278,NATURALGAS,PE,285.0,NATURALGAS23OCT26285PE,12.95,17500,SELL_AGGRESSOR,52690000,5633750
2026-10-01 23:15:37.278,NATURALGAS,CE,290.0,NATURALGAS23OCT26290CE,13.05,17500,BUY_AGGRESSOR,88043750,17322500
2026-10-01 23:15:37.278,NATURALGAS,PE,290.0,NATURALGAS23OCT26290PE,15.75,3750,SELL_AGGRESSOR,75832500,12826250
2026-10-01 23:15:37.278,NATURALGAS,PE,300.0,NATURALGAS23OCT26300PE,22.45,2500,INSIDE,13862500,13871250
2026-10-01 23:15:37.278,NATGASMINI,FUT,0.0,NATGASMINI27OCT26FUT,287.4,1250,SELL_AGGRESSOR,40600000,17111500
2026-10-01 23:15:37.278,NATGASMINI,PE,265.0,NATGASMINI23OCT26265PE,4.6,3000,SELL_AGGRESSOR,5813750,3221750
2026-10-01 23:15:37.278,NATGASMINI,PE,270.0,NATGASMINI23OCT26270PE,6.2,1250,SELL_AGGRESSOR,4136250,976250
2026-10-01 23:15:37.278,NATGASMINI,CE,290.0,NATGASMINI23OCT26290CE,13.15,500,BUY,25057000,3285500
2026-10-01 23:15:41.132,NATURALGAS,FUT,0.0,NATURALGAS27OCT26FUT,287.4,11250,BUY_AGGRESSOR,126036250,68997500
2026-10-01 23:15:41.132,NATURALGAS,PE,285.0,NATURALGAS23OCT26285PE,13.0,1250,BUY_AGGRESSOR,52691250,5633750
2026-10-01 23:15:41.132,NATURALGAS,CE,290.0,NATURALGAS23OCT26290CE,13.05,3750,SELL_AGGRESSOR,88047500,17321250
2026-10-01 23:15:41.132,NATURALGAS,PE,300.0,NATURALGAS23OCT26300PE,22.45,6250,BUY_AGGRESSOR,13868750,13871250
2026-10-01 23:15:41.132,NATGASMINI,FUT,0.0,NATGASMINI27OCT26FUT,287.4,250,SELL_AGGRESSOR,40600250,17111250
2026-10-01 23:15:41.132,NATGASMINI,CE,280.0,NATGASMINI23OCT26280CE,17.65,6750,SELL_AGGRESSOR,3774000,397250
2026-10-01 23:15:41.132,NATGASMINI,PE,290.0,NATGASMINI23OCT26290PE,15.75,1000,BUY_AGGRESSOR,18357250,1542750
2026-10-01 23:15:44.959,NATURALGAS,CE,280.0,NATURALGAS23OCT26280CE,17.5,25000,SELL_AGGRESSOR,26253750,4426250
2026-10-01 23:15:44.959,NATURALGAS,PE,280.0,NATURALGAS23OCT26280PE,10.4,1250,BUY_AGGRESSOR,46628750,11816250
2026-10-01 23:15:44.959,NATURALGAS,CE,285.0,NATURALGAS23OCT26285CE,15.1,2500,SELL_AGGRESSOR,35010000,5137500
2026-10-01 23:15:44.959,NATURALGAS,PE,285.0,NATURALGAS23OCT26285PE,12.95,5000,SELL_AGGRESSOR,52696250,5632500
2026-10-01 23:15:44.959,NATURALGAS,PE,290.0,NATURALGAS23OCT26290PE,15.85,17500,BUY_AGGRESSOR,75850000,12842500
2026-10-01 23:15:44.959,NATURALGAS,CE,295.0,NATURALGAS23OCT26295CE,11.3,1250,BUY_AGGRESSOR,35040000,7180000
2026-10-01 23:15:44.959,NATURALGAS,CE,300.0,NATURALGAS23OCT26300CE,9.7,5000,BUY_AGGRESSOR,53958750,20563750
2026-10-01 23:15:44.959,NATURALGAS,PE,300.0,NATURALGAS23OCT26300PE,22.5,3750,BUY_AGGRESSOR,13872500,13870000
2026-10-01 23:15:44.959,NATURALGAS,CE,315.0,NATURALGAS23OCT26315CE,6.15,1250,SELL_AGGRESSOR,11461250,3487500
2026-10-01 23:15:44.959,NATGASMINI,FUT,0.0,NATGASMINI27OCT26FUT,287.4,1250,SELL_AGGRESSOR,40601500,17110750
2026-10-01 23:15:44.959,NATGASMINI,PE,275.0,NATGASMINI23OCT26275PE,8.1,2500,SELL_AGGRESSOR,4903000,725750
2026-10-01 23:15:44.959,NATGASMINI,CE,295.0,NATGASMINI23OCT26295CE,11.3,3750,SELL_AGGRESSOR,11925000,1756750
2026-10-01 23:15:44.959,NATGASMINI,PE,295.0,NATGASMINI23OCT26295PE,18.9,1000,BUY_AGGRESSOR,5278750,782250
2026-10-01 23:15:44.959,NATGASMINI,PE,305.0,NATGASMINI23OCT26305PE,25.85,3000,BUY_AGGRESSOR,585250,386500
2026-10-01 23:15:48.793,NATURALGAS,PE,285.0,NATURALGAS23OCT26285PE,13.0,1250,BUY_AGGRESSOR,52697500,5631250
2026-10-01 23:15:48.793,NATURALGAS,PE,295.0,NATURALGAS23OCT26295PE,19.0,1250,SELL_AGGRESSOR,15311250,5388750
2026-10-01 23:15:48.793,NATGASMINI,FUT,0.0,NATGASMINI27OCT26FUT,287.4,4000,SELL_AGGRESSOR,40605500,17109000
2026-10-01 23:15:48.793,NATGASMINI,PE,275.0,NATGASMINI23OCT26275PE,8.1,250,SELL_AGGRESSOR,4903250,725750
2026-10-01 23:15:48.793,NATGASMINI,CE,290.0,NATGASMINI23OCT26290CE,13.15,500,SELL_AGGRESSOR,25057500,3285250
2026-10-01 23:15:48.793,NATGASMINI,CE,295.0,NATGASMINI23OCT26295CE,11.4,250,BUY_AGGRESSOR,11925250,1756750
2026-10-01 23:15:52.650,NATURALGAS,PE,260.0,NATURALGAS23OCT26260PE,3.45,7500,SELL_AGGRESSOR,27467500,10695000
2026-10-01 23:15:52.650,NATURALGAS,CE,280.0,NATURALGAS23OCT26280CE,17.55,1250,BUY_AGGRESSOR,26255000,4426250
2026-10-01 23:15:52.650,NATURALGAS,PE,280.0,NATURALGAS23OCT26280PE,10.35,11250,SELL_AGGRESSOR,46640000,11811250
2026-10-01 23:15:52.650,NATURALGAS,CE,290.0,NATURALGAS23OCT26290CE,13.05,1250,BUY_AGGRESSOR,88048750,17318750
2026-10-01 23:15:52.650,NATURALGAS,PE,290.0,NATURALGAS23OCT26290PE,15.85,1250,BUY_AGGRESSOR,75851250,12842500
2026-10-01 23:15:52.650,NATURALGAS,CE,295.0,NATURALGAS23OCT26295CE,11.3,1250,BUY_AGGRESSOR,35041250,7180000
2026-10-01 23:15:52.650,NATURALGAS,CE,300.0,NATURALGAS23OCT26300CE,9.7,1250,BUY_AGGRESSOR,53960000,20562500
2026-10-01 23:15:52.650,NATURALGAS,PE,300.0,NATURALGAS23OCT26300PE,22.5,1250,BUY_AGGRESSOR,13873750,13870000
2026-10-01 23:15:52.650,NATGASMINI,FUT,0.0,NATGASMINI27OCT26FUT,287.5,250,BUY_AGGRESSOR,40605750,17109000
2026-10-01 23:15:52.650,NATGASMINI,CE,275.0,NATGASMINI23OCT26275CE,20.5,250,SELL,1321250,76250
2026-10-01 23:15:52.650,NATGASMINI,PE,290.0,NATGASMINI23OCT26290PE,15.7,1000,SELL_AGGRESSOR,18358250,1542000
2026-10-01 23:15:52.650,NATGASMINI,CE,300.0,NATGASMINI23OCT26300CE,9.75,2000,SELL_AGGRESSOR,12848000,3293000
2026-10-01 23:15:52.650,NATGASMINI,CE,305.0,NATGASMINI23OCT26305CE,8.45,1000,BUY_AGGRESSOR,6047750,1712000
2026-10-01 23:15:52.650,NATGASMINI,CE,310.0,NATGASMINI23OCT26310CE,7.25,250,SELL_AGGRESSOR,5107250,1858500
2026-10-01 23:15:56.790,NATURALGAS,PE,255.0,NATURALGAS23OCT26255PE,2.45,5000,SELL_AGGRESSOR,7245000,2146250
2026-10-01 23:15:56.790,NATURALGAS,PE,260.0,NATURALGAS23OCT26260PE,3.45,20000,SELL_AGGRESSOR,27487500,10681250
2026-10-01 23:15:56.790,NATURALGAS,CE,285.0,NATURALGAS23OCT26285CE,15.1,1250,BUY_AGGRESSOR,35011250,5137500
2026-10-01 23:15:56.790,NATURALGAS,PE,290.0,NATURALGAS23OCT26290PE,15.85,6250,BUY_AGGRESSOR,75857500,12843750
2026-10-01 23:15:56.790,NATURALGAS,CE,300.0,NATURALGAS23OCT26300CE,9.65,1250,SELL_AGGRESSOR,53961250,20562500
2026-10-01 23:15:56.790,NATGASMINI,FUT,0.0,NATGASMINI27OCT26FUT,287.5,1000,BUY_AGGRESSOR,40606750,17109000
2026-10-01 23:15:56.790,NATGASMINI,PE,255.0,NATGASMINI23OCT26255PE,2.55,2250,BUY_AGGRESSOR,689250,137000
2026-10-01 23:15:56.790,NATGASMINI,PE,280.0,NATGASMINI23OCT26280PE,10.45,1250,BUY_AGGRESSOR,9738750,1341250
2026-10-01 23:15:56.790,NATGASMINI,CE,285.0,NATGASMINI23OCT26285CE,15.25,1750,BUY_AGGRESSOR,10479750,947500
2026-10-01 23:15:56.790,NATGASMINI,CE,290.0,NATGASMINI23OCT26290CE,13.2,3750,BUY_AGGRESSOR,25061250,3285250
2026-10-01 23:15:56.790,NATGASMINI,PE,290.0,NATGASMINI23OCT26290PE,15.8,1000,BUY_AGGRESSOR,18359250,1542000
2026-10-01 23:15:56.790,NATGASMINI,CE,300.0,NATGASMINI23OCT26300CE,9.8,250,BUY_AGGRESSOR,12848250,3293000
2026-10-01 23:15:56.790,NATGASMINI,PE,300.0,NATGASMINI23OCT26300PE,22.3,1250,BUY_AGGRESSOR,3025750,1050500
2026-10-01 23:16:00.624,NATURALGAS,FUT,0.0,NATURALGAS27OCT26FUT,287.4,7500,BUY_AGGRESSOR,126043750,69002500
2026-10-01 23:16:00.624,NATURALGAS,PE,285.0,NATURALGAS23OCT26285PE,13.0,1250,BUY_AGGRESSOR,52698750,5631250
2026-10-01 23:16:00.624,NATURALGAS,CE,290.0,NATURALGAS23OCT26290CE,13.1,7500,BUY_AGGRESSOR,88056250,17311250
2026-10-01 23:16:00.624,NATURALGAS,PE,290.0,NATURALGAS23OCT26290PE,15.85,7500,BUY_AGGRESSOR,75865000,12843750
2026-10-01 23:16:00.624,NATURALGAS,CE,295.0,NATURALGAS23OCT26295CE,11.3,5000,BUY_AGGRESSOR,35046250,7180000
2026-10-01 23:16:00.624,NATURALGAS,CE,300.0,NATURALGAS23OCT26300CE,9.65,1250,SELL_AGGRESSOR,53962500,20561250
2026-10-01 23:16:00.624,NATGASMINI,FUT,0.0,NATGASMINI27OCT26FUT,287.5,2750,BUY_AGGRESSOR,40609500,17106250
2026-10-01 23:16:00.624,NATGASMINI,PE,275.0,NATGASMINI23OCT26275PE,8.15,1750,BUY_AGGRESSOR,4905000,724000
2026-10-01 23:16:00.624,NATGASMINI,PE,280.0,NATGASMINI23OCT26280PE,10.45,9000,BUY_AGGRESSOR,9747750,1331750
2026-10-01 23:16:00.624,NATGASMINI,CE,285.0,NATGASMINI23OCT26285CE,15.25,3000,BUY_AGGRESSOR,10482750,944750
2026-10-01 23:16:00.624,NATGASMINI,PE,285.0,NATGASMINI23OCT26285PE,13.0,8750,BUY_AGGRESSOR,19415750,1253750
2026-10-01 23:16:00.624,NATGASMINI,CE,290.0,NATGASMINI23OCT26290CE,13.2,11750,BUY_AGGRESSOR,25073000,3276250
2026-10-01 23:16:00.624,NATGASMINI,PE,290.0,NATGASMINI23OCT26290PE,15.85,8500,BUY_AGGRESSOR,18367750,1535000
2026-10-01 23:16:00.624,NATGASMINI,CE,295.0,NATGASMINI23OCT26295CE,11.4,6750,BUY_AGGRESSOR,11932000,1753250
2026-10-01 23:16:00.624,NATGASMINI,PE,295.0,NATGASMINI23OCT26295PE,18.9,250,SELL_AGGRESSOR,5279000,781250
2026-10-01 23:16:00.624,NATGASMINI,CE,300.0,NATGASMINI23OCT26300CE,9.8,8250,BUY_AGGRESSOR,12856500,3285250
2026-10-01 23:16:00.624,NATGASMINI,PE,300.0,NATGASMINI23OCT26300PE,22.3,1250,BUY_AGGRESSOR,3027000,1049250
2026-10-01 23:16:04.410,NATURALGAS,FUT,0.0,NATURALGAS27OCT26FUT,287.3,72500,SELL_AGGRESSOR,126116250,69002500
2026-10-01 23:16:04.410,NATURALGAS,PE,255.0,NATURALGAS23OCT26255PE,2.45,1250,SELL_AGGRESSOR,7246250,2146250
2026-10-01 23:16:04.410,NATURALGAS,PE,260.0,NATURALGAS23OCT26260PE,3.45,6250,SELL_AGGRESSOR,27493750,10676250
2026-10-01 23:16:04.410,NATURALGAS,PE,270.0,NATURALGAS23OCT26270PE,6.15,27500,SELL_AGGRESSOR,32527500,11463750
2026-10-01 23:16:04.410,NATURALGAS,PE,275.0,NATURALGAS23OCT26275PE,8.15,1250,BUY_AGGRESSOR,18246250,3573750
2026-10-01 23:16:04.410,NATURALGAS,CE,280.0,NATURALGAS23OCT26280CE,17.5,5000,SELL_AGGRESSOR,26260000,4422500
2026-10-01 23:16:04.410,NATURALGAS,PE,280.0,NATURALGAS23OCT26280PE,10.35,42500,SELL_AGGRESSOR,46682500,11770000
2026-10-01 23:16:04.410,NATURALGAS,CE,285.0,NATURALGAS23OCT26285CE,15.1,5000,BUY_AGGRESSOR,35016250,5135000
2026-10-01 23:16:04.410,NATURALGAS,PE,285.0,NATURALGAS23OCT26285PE,12.95,6250,SELL_AGGRESSOR,52705000,5631250
2026-10-01 23:16:04.410,NATURALGAS,CE,290.0,NATURALGAS23OCT26290CE,13.05,3750,BUY_AGGRESSOR,88060000,17308750
2026-10-01 23:16:04.410,NATURALGAS,PE,290.0,NATURALGAS23OCT26290PE,15.85,3750,BUY_AGGRESSOR,75868750,12843750
2026-10-01 23:16:04.410,NATURALGAS,CE,295.0,NATURALGAS23OCT26295CE,11.25,5000,SELL_AGGRESSOR,35051250,7178750
2026-10-01 23:16:04.410,NATURALGAS,PE,295.0,NATURALGAS23OCT26295PE,19.0,13750,SELL_AGGRESSOR,15325000,5380000
2026-10-01 23:16:04.410,NATURALGAS,CE,300.0,NATURALGAS23OCT26300CE,9.65,3750,BUY_AGGRESSOR,53966250,20557500
2026-10-01 23:16:04.410,NATURALGAS,PE,300.0,NATURALGAS23OCT26300PE,22.5,3750,BUY_AGGRESSOR,13877500,13870000
2026-10-01 23:16:04.410,NATURALGAS,CE,305.0,NATURALGAS23OCT26305CE,8.3,2500,BUY_AGGRESSOR,20585000,8502500
2026-10-01 23:16:04.410,NATURALGAS,CE,310.0,NATURALGAS23OCT26310CE,7.15,26250,SELL_AGGRESSOR,31706250,11377500
2026-10-01 23:16:04.410,NATURALGAS,PE,310.0,NATURALGAS23OCT26310PE,29.9,3750,SELL_AGGRESSOR,2392500,4553750
2026-10-01 23:16:04.410,NATURALGAS,CE,315.0,NATURALGAS23OCT26315CE,6.15,51250,SELL_AGGRESSOR,11512500,3486250
2026-10-01 23:16:04.410,NATGASMINI,FUT,0.0,NATGASMINI27OCT26FUT,287.3,24250,SELL_AGGRESSOR,40633750,17103500
2026-10-01 23:16:04.410,NATGASMINI,PE,260.0,NATGASMINI23OCT26260PE,3.45,1250,SELL_AGGRESSOR,2409750,863000
2026-10-01 23:16:04.410,NATGASMINI,PE,265.0,NATGASMINI23OCT26265PE,4.6,3250,SELL_AGGRESSOR,5817000,3221750
2026-10-01 23:16:04.410,NATGASMINI,CE,270.0,NATGASMINI23OCT26270CE,23.5,500,SELL_AGGRESSOR,716000,151750
2026-10-01 23:16:04.410,NATGASMINI,PE,270.0,NATGASMINI23OCT26270PE,6.2,3250,SELL_AGGRESSOR,4139500,976250
2026-10-01 23:16:04.410,NATGASMINI,PE,275.0,NATGASMINI23OCT26275PE,8.15,8000,BUY_AGGRESSOR,4913000,721750
2026-10-01 23:16:04.410,NATGASMINI,CE,280.0,NATGASMINI23OCT26280CE,17.65,2500,INSIDE,3776500,392500
2026-10-01 23:16:04.410,NATGASMINI,PE,280.0,NATGASMINI23OCT26280PE,10.45,8000,BUY_AGGRESSOR,9755750,1324500
2026-10-01 23:16:04.410,NATGASMINI,CE,285.0,NATGASMINI23OCT26285CE,15.15,1250,SELL_AGGRESSOR,10484000,944000
2026-10-01 23:16:04.410,NATGASMINI,PE,285.0,NATGASMINI23OCT26285PE,13.0,5500,BUY_AGGRESSOR,19421250,1246500
2026-10-01 23:16:04.410,NATGASMINI,CE,290.0,NATGASMINI23OCT26290CE,13.2,6250,BUY_AGGRESSOR,25079250,3273250
2026-10-01 23:16:04.410,NATGASMINI,PE,290.0,NATGASMINI23OCT26290PE,15.85,4000,BUY_AGGRESSOR,18371750,1533000
2026-10-01 23:16:04.410,NATGASMINI,CE,295.0,NATGASMINI23OCT26295CE,11.4,10000,BUY_AGGRESSOR,11942000,1752750
2026-10-01 23:16:04.410,NATGASMINI,PE,295.0,NATGASMINI23OCT26295PE,18.9,2250,SELL_AGGRESSOR,5281250,780750
2026-10-01 23:16:04.410,NATGASMINI,CE,300.0,NATGASMINI23OCT26300CE,9.75,3000,SELL_AGGRESSOR,12859500,3284500
2026-10-01 23:16:04.410,NATGASMINI,PE,300.0,NATGASMINI23OCT26300PE,22.3,1250,BUY_AGGRESSOR,3028250,1049250
2026-10-01 23:16:04.410,NATGASMINI,CE,305.0,NATGASMINI23OCT26305CE,8.45,33250,BUY_AGGRESSOR,6081000,1703750
2026-10-01 23:16:04.410,NATGASMINI,CE,310.0,NATGASMINI23OCT26310CE,7.25,2250,SELL_AGGRESSOR,5109500,1856750
2026-10-01 23:16:04.410,NATGASMINI,CE,315.0,NATGASMINI23OCT26315CE,6.25,250,SELL_AGGRESSOR,2725250,1230250
2026-10-01 23:16:08.270,NATURALGAS,FUT,0.0,NATURALGAS27OCT26FUT,287.4,36250,BUY_AGGRESSOR,126152500,69003750
2026-10-01 23:16:08.270,NATURALGAS,PE,255.0,NATURALGAS23OCT26255PE,2.45,10000,SELL_AGGRESSOR,7256250,2143750
2026-10-01 23:16:08.270,NATURALGAS,PE,260.0,NATURALGAS23OCT26260PE,3.45,72500,SELL_AGGRESSOR,27566250,10667500
2026-10-01 23:16:08.270,NATURALGAS,PE,265.0,NATURALGAS23OCT26265PE,4.6,27500,SELL_AGGRESSOR,12835000,4373750
2026-10-01 23:16:08.270,NATURALGAS,CE,270.0,NATURALGAS23OCT26270CE,23.45,2500,BUY_AGGRESSOR,3030000,1065000
2026-10-01 23:16:08.270,NATURALGAS,PE,270.0,NATURALGAS23OCT26270PE,6.15,123750,SELL_AGGRESSOR,32651250,11462500
2026-10-01 23:16:08.270,NATURALGAS,CE,275.0,NATURALGAS23OCT26275CE,20.3,2500,SELL_AGGRESSOR,3823750,396250
2026-10-01 23:16:08.270,NATURALGAS,PE,275.0,NATURALGAS23OCT26275PE,8.1,31250,SELL_AGGRESSOR,18277500,3582500
2026-10-01 23:16:08.270,NATURALGAS,CE,280.0,NATURALGAS23OCT26280CE,17.65,27500,BUY_AGGRESSOR,26287500,4420000
2026-10-01 23:16:08.270,NATURALGAS,PE,280.0,NATURALGAS23OCT26280PE,10.3,61250,SELL_AGGRESSOR,46743750,11771250
2026-10-01 23:16:08.270,NATURALGAS,CE,285.0,NATURALGAS23OCT26285CE,15.15,55000,BUY_AGGRESSOR,35071250,5130000
2026-10-01 23:16:08.270,NATURALGAS,PE,285.0,NATURALGAS23OCT26285PE,12.85,56250,SELL_AGGRESSOR,52761250,5630000
2026-10-01 23:16:08.270,NATURALGAS,CE,290.0,NATURALGAS23OCT26290CE,13.1,31250,BUY_AGGRESSOR,88091250,17305000
2026-10-01 23:16:08.270,NATURALGAS,PE,290.0,NATURALGAS23OCT26290PE,15.75,40000,SELL_AGGRESSOR,75908750,12851250
2026-10-01 23:16:08.270,NATURALGAS,CE,295.0,NATURALGAS23OCT26295CE,11.3,26250,BUY_AGGRESSOR,35077500,7175000
2026-10-01 23:16:08.270,NATURALGAS,PE,295.0,NATURALGAS23OCT26295PE,18.95,3750,SELL_AGGRESSOR,15328750,5376250
2026-10-01 23:16:08.270,NATURALGAS,CE,300.0,NATURALGAS23OCT26300CE,9.75,103750,BUY_AGGRESSOR,54070000,20557500
2026-10-01 23:16:08.270,NATURALGAS,PE,300.0,NATURALGAS23OCT26300PE,22.4,2500,SELL_AGGRESSOR,13880000,13870000
2026-10-01 23:16:08.270,NATURALGAS,CE,305.0,NATURALGAS23OCT26305CE,8.3,20000,BUY_AGGRESSOR,20605000,8502500
2026-10-01 23:16:08.270,NATURALGAS,PE,305.0,NATURALGAS23OCT26305PE,26.05,1250,SELL_AGGRESSOR,2035000,2688750
2026-10-01 23:16:08.270,NATURALGAS,CE,310.0,NATURALGAS23OCT26310CE,7.2,27500,BUY_AGGRESSOR,31733750,11353750
2026-10-01 23:16:08.270,NATURALGAS,PE,310.0,NATURALGAS23OCT26310PE,29.95,2500,BUY_AGGRESSOR,2395000,4551250
2026-10-01 23:16:08.270,NATURALGAS,CE,315.0,NATURALGAS23OCT26315CE,6.2,2500,BUY_AGGRESSOR,11515000,3486250
2026-10-01 23:16:08.270,NATGASMINI,FUT,0.0,NATGASMINI27OCT26FUT,287.5,19750,BUY_AGGRESSOR,40653500,17103500
2026-10-01 23:16:08.270,NATGASMINI,PE,260.0,NATGASMINI23OCT26260PE,3.45,3500,SELL_AGGRESSOR,2413250,862500
2026-10-01 23:16:08.270,NATGASMINI,PE,265.0,NATGASMINI23OCT26265PE,4.6,1250,SELL_AGGRESSOR,5818250,3221750
2026-10-01 23:16:08.270,NATGASMINI,CE,270.0,NATGASMINI23OCT26270CE,23.65,250,BUY_AGGRESSOR,716250,151750
2026-10-01 23:16:08.270,NATGASMINI,PE,270.0,NATGASMINI23OCT26270PE,6.2,10000,SELL_AGGRESSOR,4149500,976000
2026-10-01 23:16:08.270,NATGASMINI,CE,275.0,NATGASMINI23OCT26275CE,20.55,3000,BUY_AGGRESSOR,1324250,76250
2026-10-01 23:16:08.270,NATGASMINI,PE,275.0,NATGASMINI23OCT26275PE,8.1,4500,SELL_AGGRESSOR,4917500,720000
2026-10-01 23:16:08.270,NATGASMINI,CE,280.0,NATGASMINI23OCT26280CE,17.7,6000,BUY_AGGRESSOR,3782500,392500
2026-10-01 23:16:08.270,NATGASMINI,PE,280.0,NATGASMINI23OCT26280PE,10.3,20000,SELL_AGGRESSOR,9775750,1324000
2026-10-01 23:16:08.270,NATGASMINI,CE,285.0,NATGASMINI23OCT26285CE,15.25,7000,BUY_AGGRESSOR,10491000,944000
2026-10-01 23:16:08.270,NATGASMINI,PE,285.0,NATGASMINI23OCT26285PE,12.9,16750,SELL_AGGRESSOR,19438000,1244750
2026-10-01 23:16:08.270,NATGASMINI,CE,290.0,NATGASMINI23OCT26290CE,13.2,5000,BUY_AGGRESSOR,25084250,3270500
2026-10-01 23:16:08.270,NATGASMINI,PE,290.0,NATGASMINI23OCT26290PE,15.7,750,SELL_AGGRESSOR,18372500,1530250
2026-10-01 23:16:08.270,NATGASMINI,CE,295.0,NATGASMINI23OCT26295CE,11.4,750,BUY_AGGRESSOR,11942750,1752750
2026-10-01 23:16:08.270,NATGASMINI,PE,295.0,NATGASMINI23OCT26295PE,18.85,3000,SELL_AGGRESSOR,5284250,779750
2026-10-01 23:16:08.270,NATGASMINI,CE,300.0,NATGASMINI23OCT26300CE,9.8,23000,BUY_AGGRESSOR,12882500,3282750
2026-10-01 23:16:08.270,NATGASMINI,PE,300.0,NATGASMINI23OCT26300PE,22.2,750,SELL_AGGRESSOR,3029000,1049250
2026-10-01 23:16:08.270,NATGASMINI,PE,305.0,NATGASMINI23OCT26305PE,25.8,500,SELL_AGGRESSOR,585750,386500
2026-10-01 23:16:08.270,NATGASMINI,CE,310.0,NATGASMINI23OCT26310CE,7.3,250,BUY_AGGRESSOR,5109750,1856250
2026-10-01 23:16:08.270,NATGASMINI,PE,310.0,NATGASMINI23OCT26310PE,29.65,750,SELL_AGGRESSOR,441750,667500
2026-10-01 23:16:08.270,NATGASMINI,CE,315.0,NATGASMINI23OCT26315CE,6.25,1000,SELL_AGGRESSOR,2726250,1229500
2026-10-01 23:16:12.089,NATURALGAS,FUT,0.0,NATURALGAS27OCT26FUT,287.4,7500,SELL_AGGRESSOR,126160000,68990000
2026-10-01 23:16:12.089,NATURALGAS,CE,280.0,NATURALGAS23OCT26280CE,17.65,3750,BUY_AGGRESSOR,26291250,4420000
2026-10-01 23:16:12.089,NATURALGAS,PE,280.0,NATURALGAS23OCT26280PE,10.3,11250,SELL_AGGRESSOR,46755000,11818750
2026-10-01 23:16:12.089,NATURALGAS,PE,285.0,NATURALGAS23OCT26285PE,12.85,1250,SELL_AGGRESSOR,52762500,5630000
2026-10-01 23:16:12.089,NATURALGAS,CE,290.0,NATURALGAS23OCT26290CE,13.1,15000,BUY_AGGRESSOR,88106250,17305000
2026-10-01 23:16:12.089,NATURALGAS,PE,290.0,NATURALGAS23OCT26290PE,15.7,1250,SELL_AGGRESSOR,75910000,12852500
2026-10-01 23:16:12.089,NATURALGAS,PE,295.0,NATURALGAS23OCT26295PE,18.9,2500,SELL_AGGRESSOR,15331250,5375000
2026-10-01 23:16:12.089,NATURALGAS,CE,300.0,NATURALGAS23OCT26300CE,9.7,1250,SELL_AGGRESSOR,54071250,20557500
2026-10-01 23:16:12.089,NATURALGAS,PE,300.0,NATURALGAS23OCT26300PE,22.4,5000,BUY_AGGRESSOR,13885000,13870000
2026-10-01 23:16:12.089,NATGASMINI,FUT,0.0,NATGASMINI27OCT26FUT,287.6,14000,BUY_AGGRESSOR,40667500,17098750
2026-10-01 23:16:12.089,NATGASMINI,PE,260.0,NATGASMINI23OCT26260PE,3.4,250,SELL_AGGRESSOR,2413500,862500
2026-10-01 23:16:12.089,NATGASMINI,PE,265.0,NATGASMINI23OCT26265PE,4.65,750,BUY_AGGRESSOR,5819000,3221500
2026-10-01 23:16:12.089,NATGASMINI,PE,270.0,NATGASMINI23OCT26270PE,6.15,750,SELL_AGGRESSOR,4150250,983750
2026-10-01 23:16:12.089,NATGASMINI,PE,285.0,NATGASMINI23OCT26285PE,12.75,22750,SELL_AGGRESSOR,19460750,1236250
2026-10-01 23:16:12.089,NATGASMINI,PE,290.0,NATGASMINI23OCT26290PE,15.7,250,BUY_AGGRESSOR,18372750,1530000
2026-10-01 23:16:12.089,NATGASMINI,CE,295.0,NATGASMINI23OCT26295CE,11.35,3750,SELL_AGGRESSOR,11946500,1750500
2026-10-01 23:16:12.089,NATGASMINI,PE,295.0,NATGASMINI23OCT26295PE,18.75,1250,SELL_AGGRESSOR,5285500,779000
2026-10-01 23:16:12.089,NATGASMINI,CE,300.0,NATGASMINI23OCT26300CE,9.8,250,SELL_AGGRESSOR,12882750,3283500
2026-10-01 23:16:12.089,NATGASMINI,PE,300.0,NATGASMINI23OCT26300PE,22.15,2500,BUY_AGGRESSOR,3031500,1050500
2026-10-01 23:16:12.089,NATGASMINI,CE,305.0,NATGASMINI23OCT26305CE,8.4,250,SELL_AGGRESSOR,6081250,1696000
2026-10-01 23:16:12.089,NATGASMINI,PE,305.0,NATGASMINI23OCT26305PE,25.75,1500,SELL,587250,386000
2026-10-01 23:16:12.089,NATGASMINI,CE,310.0,NATGASMINI23OCT26310CE,7.3,500,SELL_AGGRESSOR,5110250,1856250
2026-10-01 23:16:15.880,NATURALGAS,FUT,0.0,NATURALGAS27OCT26FUT,287.5,16250,BUY_AGGRESSOR,126176250,68980000
2026-10-01 23:16:15.880,NATURALGAS,PE,260.0,NATURALGAS23OCT26260PE,3.4,2500,SELL_AGGRESSOR,27568750,10667500
2026-10-01 23:16:15.880,NATURALGAS,PE,265.0,NATURALGAS23OCT26265PE,4.6,20000,SELL_AGGRESSOR,12855000,4368750
2026-10-01 23:16:15.880,NATURALGAS,PE,270.0,NATURALGAS23OCT26270PE,6.1,11250,SELL_AGGRESSOR,32662500,11403750
2026-10-01 23:16:15.880,NATURALGAS,CE,275.0,NATURALGAS23OCT26275CE,20.35,2500,SELL_AGGRESSOR,3826250,396250
2026-10-01 23:16:15.880,NATURALGAS,PE,275.0,NATURALGAS23OCT26275PE,8.0,3750,SELL_AGGRESSOR,18281250,3588750
2026-10-01 23:16:15.880,NATURALGAS,CE,280.0,NATURALGAS23OCT26280CE,17.55,6250,SELL_AGGRESSOR,26297500,4416250
2026-10-01 23:16:15.880,NATURALGAS,PE,280.0,NATURALGAS23OCT26280PE,10.25,12500,SELL_AGGRESSOR,46767500,11813750
2026-10-01 23:16:15.880,NATURALGAS,CE,285.0,NATURALGAS23OCT26285CE,15.1,13750,SELL_AGGRESSOR,35085000,5090000
2026-10-01 23:16:15.880,NATURALGAS,PE,285.0,NATURALGAS23OCT26285PE,12.8,30000,SELL_AGGRESSOR,52792500,5631250
2026-10-01 23:16:15.880,NATURALGAS,CE,290.0,NATURALGAS23OCT26290CE,13.05,25000,SELL_AGGRESSOR,88131250,17301250
2026-10-01 23:16:15.880,NATURALGAS,PE,290.0,NATURALGAS23OCT26290PE,15.65,28750,SELL_AGGRESSOR,75938750,12855000
2026-10-01 23:16:15.880,NATURALGAS,CE,295.0,NATURALGAS23OCT26295CE,11.3,1250,BUY_AGGRESSOR,35078750,7155000
2026-10-01 23:16:15.880,NATURALGAS,PE,295.0,NATURALGAS23OCT26295PE,18.8,2500,SELL_AGGRESSOR,15333750,5373750
2026-10-01 23:16:15.880,NATURALGAS,CE,300.0,NATURALGAS23OCT26300CE,9.65,202500,SELL_AGGRESSOR,54273750,20557500
2026-10-01 23:16:15.880,NATURALGAS,PE,300.0,NATURALGAS23OCT26300PE,22.35,10000,SELL,13895000,13867500
2026-10-01 23:16:15.880,NATURALGAS,CE,305.0,NATURALGAS23OCT26305CE,8.3,8750,SELL_AGGRESSOR,20613750,8501250
2026-10-01 23:16:15.880,NATURALGAS,PE,310.0,NATURALGAS23OCT26310PE,29.8,1250,SELL_AGGRESSOR,2396250,4548750
2026-10-01 23:16:15.880,NATURALGAS,CE,315.0,NATURALGAS23OCT26315CE,6.2,2500,SELL_AGGRESSOR,11517500,3436250
2026-10-01 23:16:15.880,NATGASMINI,FUT,0.0,NATGASMINI27OCT26FUT,287.5,1250,SELL_AGGRESSOR,40668750,17093500
2026-10-01 23:16:15.880,NATGASMINI,CE,280.0,NATGASMINI23OCT26280CE,17.7,1000,SELL_AGGRESSOR,3783500,386250
2026-10-01 23:16:15.880,NATGASMINI,PE,280.0,NATGASMINI23OCT26280PE,10.3,750,INSIDE,9776500,1310000
2026-10-01 23:16:15.880,NATGASMINI,CE,285.0,NATGASMINI23OCT26285CE,15.25,10500,SELL_AGGRESSOR,10501500,942000
2026-10-01 23:16:15.880,NATGASMINI,PE,285.0,NATGASMINI23OCT26285PE,12.8,2750,BUY,19463500,1234500
2026-10-01 23:16:15.880,NATGASMINI,CE,290.0,NATGASMINI23OCT26290CE,13.15,10750,SELL_AGGRESSOR,25095000,3269000
2026-10-01 23:16:15.880,NATGASMINI,PE,290.0,NATGASMINI23OCT26290PE,15.6,7500,SELL_AGGRESSOR,18380250,1529000
2026-10-01 23:16:15.880,NATGASMINI,CE,300.0,NATGASMINI23OCT26300CE,9.8,500,SELL_AGGRESSOR,12883250,3284500
2026-10-01 23:16:19.685,NATURALGAS,FUT,0.0,NATURALGAS27OCT26FUT,287.5,1250,BUY_AGGRESSOR,126177500,68947500
2026-10-01 23:16:19.685,NATURALGAS,PE,255.0,NATURALGAS23OCT26255PE,2.4,6250,SELL_AGGRESSOR,7262500,2143750
2026-10-01 23:16:19.685,NATURALGAS,PE,265.0,NATURALGAS23OCT26265PE,4.6,7500,SELL_AGGRESSOR,12862500,4341250
2026-10-01 23:16:19.685,NATURALGAS,PE,280.0,NATURALGAS23OCT26280PE,10.3,2500,BUY_AGGRESSOR,46770000,11806250
2026-10-01 23:16:19.685,NATURALGAS,PE,285.0,NATURALGAS23OCT26285PE,12.8,5000,SELL_AGGRESSOR,52797500,5608750
2026-10-01 23:16:19.685,NATURALGAS,CE,290.0,NATURALGAS23OCT26290CE,13.05,1250,SELL_AGGRESSOR,88132500,17298750
2026-10-01 23:16:19.685,NATURALGAS,PE,290.0,NATURALGAS23OCT26290PE,15.7,1250,BUY_AGGRESSOR,75940000,12848750
2026-10-01 23:16:19.685,NATURALGAS,CE,305.0,NATURALGAS23OCT26305CE,8.3,1250,SELL_AGGRESSOR,20615000,8497500
2026-10-01 23:16:19.685,NATGASMINI,FUT,0.0,NATGASMINI27OCT26FUT,287.6,250,BUY_AGGRESSOR,40669000,17087000
2026-10-01 23:16:19.685,NATGASMINI,PE,275.0,NATGASMINI23OCT26275PE,8.0,1500,SELL_AGGRESSOR,4919000,712500
2026-10-01 23:16:19.685,NATGASMINI,CE,290.0,NATGASMINI23OCT26290CE,13.2,250,BUY_AGGRESSOR,25095250,3259250
2026-10-01 23:16:19.685,NATGASMINI,PE,290.0,NATGASMINI23OCT26290PE,15.6,500,SELL_AGGRESSOR,18380750,1529000
2026-10-01 23:16:19.685,NATGASMINI,CE,310.0,NATGASMINI23OCT26310CE,7.3,250,SELL_AGGRESSOR,5110500,1855750
2026-10-01 23:16:23.499,NATURALGAS,FUT,0.0,NATURALGAS27OCT26FUT,287.5,5000,BUY_AGGRESSOR,126182500,68937500
2026-10-01 23:16:23.499,NATURALGAS,PE,260.0,NATURALGAS23OCT26260PE,3.4,2500,SELL_AGGRESSOR,27571250,10667500
2026-10-01 23:16:23.499,NATURALGAS,PE,265.0,NATURALGAS23OCT26265PE,4.6,1250,SELL_AGGRESSOR,12863750,4331250
2026-10-01 23:16:23.499,NATURALGAS,PE,270.0,NATURALGAS23OCT26270PE,6.1,2500,SELL_AGGRESSOR,32665000,11392500
2026-10-01 23:16:23.499,NATURALGAS,PE,275.0,NATURALGAS23OCT26275PE,8.05,8750,BUY_AGGRESSOR,18290000,3586250
2026-10-01 23:16:23.499,NATURALGAS,PE,280.0,NATURALGAS23OCT26280PE,10.3,12500,BUY_AGGRESSOR,46782500,11807500
2026-10-01 23:16:23.499,NATURALGAS,CE,285.0,NATURALGAS23OCT26285CE,15.2,2500,BUY_AGGRESSOR,35087500,5086250
2026-10-01 23:16:23.499,NATURALGAS,PE,285.0,NATURALGAS23OCT26285PE,12.9,16250,BUY_AGGRESSOR,52813750,5603750
2026-10-01 23:16:23.499,NATURALGAS,CE,290.0,NATURALGAS23OCT26290CE,13.1,1250,BUY_AGGRESSOR,88133750,17297500
2026-10-01 23:16:23.499,NATURALGAS,PE,290.0,NATURALGAS23OCT26290PE,15.75,7500,BUY_AGGRESSOR,75947500,12848750
2026-10-01 23:16:23.499,NATURALGAS,CE,300.0,NATURALGAS23OCT26300CE,9.7,1250,BUY_AGGRESSOR,54275000,20497500
2026-10-01 23:16:23.499,NATURALGAS,CE,310.0,NATURALGAS23OCT26310CE,7.2,10000,SELL_AGGRESSOR,31743750,11352500
2026-10-01 23:16:23.499,NATGASMINI,PE,280.0,NATGASMINI23OCT26280PE,10.3,1250,BUY_AGGRESSOR,9777750,1310000
2026-10-01 23:16:23.499,NATGASMINI,CE,285.0,NATGASMINI23OCT26285CE,15.25,250,SELL_AGGRESSOR,10501750,940500
2026-10-01 23:16:23.499,NATGASMINI,PE,285.0,NATGASMINI23OCT26285PE,12.85,1250,BUY_AGGRESSOR,19464750,1231000
2026-10-01 23:16:23.499,NATGASMINI,CE,290.0,NATGASMINI23OCT26290CE,13.15,500,SELL_AGGRESSOR,25095750,3259250
2026-10-01 23:16:23.499,NATGASMINI,CE,295.0,NATGASMINI23OCT26295CE,11.4,750,BUY_AGGRESSOR,11947250,1748750
2026-10-01 23:16:23.499,NATGASMINI,PE,295.0,NATGASMINI23OCT26295PE,18.8,750,BUY_AGGRESSOR,5286250,777000
2026-10-01 23:16:23.499,NATGASMINI,PE,300.0,NATGASMINI23OCT26300PE,22.1,250,SELL,3031750,1050500
2026-10-01 23:16:23.499,NATGASMINI,PE,305.0,NATGASMINI23OCT26305PE,25.75,500,BUY_AGGRESSOR,587750,384000
2026-10-01 23:16:23.499,NATGASMINI,CE,310.0,NATGASMINI23OCT26310CE,7.35,500,BUY_AGGRESSOR,5111000,1855500
2026-10-01 23:16:23.499,NATGASMINI,PE,310.0,NATGASMINI23OCT26310PE,29.6,1250,BUY_AGGRESSOR,443000,667500
2026-10-01 23:16:27.311,NATURALGAS,FUT,0.0,NATURALGAS27OCT26FUT,287.4,3750,SELL_AGGRESSOR,126186250,68933750
2026-10-01 23:16:27.311,NATURALGAS,PE,260.0,NATURALGAS23OCT26260PE,3.4,1250,SELL_AGGRESSOR,27572500,10663750
2026-10-01 23:16:27.311,NATURALGAS,CE,290.0,NATURALGAS23OCT26290CE,13.05,1250,SELL_AGGRESSOR,88135000,17296250
2026-10-01 23:16:27.311,NATURALGAS,PE,290.0,NATURALGAS23OCT26290PE,15.7,12500,SELL_AGGRESSOR,75960000,12836250
2026-10-01 23:16:27.311,NATURALGAS,CE,295.0,NATURALGAS23OCT26295CE,11.3,1250,BUY_AGGRESSOR,35080000,7152500
2026-10-01 23:16:27.311,NATGASMINI,PE,265.0,NATGASMINI23OCT26265PE,4.6,1000,SELL_AGGRESSOR,5820000,3221500
2026-10-01 23:16:27.311,NATGASMINI,PE,285.0,NATGASMINI23OCT26285PE,12.85,500,SELL_AGGRESSOR,19465250,1231000
2026-10-01 23:16:27.311,NATGASMINI,PE,290.0,NATGASMINI23OCT26290PE,15.7,1250,BUY,18382000,1527750
2026-10-01 23:16:27.311,NATGASMINI,CE,310.0,NATGASMINI23OCT26310CE,7.4,25000,BUY_AGGRESSOR,5136000,1854000
2026-10-01 23:16:31.122,NATURALGAS,FUT,0.0,NATURALGAS27OCT26FUT,287.3,51250,SELL_AGGRESSOR,126237500,68935000
2026-10-01 23:16:31.122,NATURALGAS,PE,255.0,NATURALGAS23OCT26255PE,2.45,7500,BUY_AGGRESSOR,7270000,2143750
2026-10-01 23:16:31.122,NATURALGAS,CE,260.0,NATURALGAS23OCT26260CE,30.5,1250,SELL_AGGRESSOR,300000,215000
2026-10-01 23:16:31.122,NATURALGAS,PE,260.0,NATURALGAS23OCT26260PE,3.45,20000,BUY_AGGRESSOR,27592500,10652500
2026-10-01 23:16:31.122,NATURALGAS,PE,265.0,NATURALGAS23OCT26265PE,4.65,13750,BUY_AGGRESSOR,12877500,4331250
2026-10-01 23:16:31.122,NATURALGAS,PE,270.0,NATURALGAS23OCT26270PE,6.15,40000,BUY_AGGRESSOR,32705000,11392500
2026-10-01 23:16:31.122,NATURALGAS,CE,275.0,NATURALGAS23OCT26275CE,20.25,2500,SELL_AGGRESSOR,3828750,396250
2026-10-01 23:16:31.122,NATURALGAS,PE,275.0,NATURALGAS23OCT26275PE,8.1,3750,BUY_AGGRESSOR,18293750,3580000
2026-10-01 23:16:31.122,NATURALGAS,CE,280.0,NATURALGAS23OCT26280CE,17.5,2500,SELL_AGGRESSOR,26300000,4410000
2026-10-01 23:16:31.122,NATURALGAS,PE,280.0,NATURALGAS23OCT26280PE,10.35,6250,BUY_AGGRESSOR,46788750,11801250
2026-10-01 23:16:31.122,NATURALGAS,CE,285.0,NATURALGAS23OCT26285CE,15.0,7500,SELL_AGGRESSOR,35095000,5086250
2026-10-01 23:16:31.122,NATURALGAS,PE,285.0,NATURALGAS23OCT26285PE,12.9,2500,BUY_AGGRESSOR,52816250,5603750
2026-10-01 23:16:31.122,NATURALGAS,CE,290.0,NATURALGAS23OCT26290CE,13.0,60000,SELL_AGGRESSOR,88195000,17293750
2026-10-01 23:16:31.122,NATURALGAS,PE,290.0,NATURALGAS23OCT26290PE,15.8,7500,BUY_AGGRESSOR,75967500,12836250
2026-10-01 23:16:31.122,NATURALGAS,CE,295.0,NATURALGAS23OCT26295CE,11.25,15000,SELL_AGGRESSOR,35095000,7156250
2026-10-01 23:16:31.122,NATURALGAS,PE,295.0,NATURALGAS23OCT26295PE,19.0,7500,BUY_AGGRESSOR,15341250,5372500
2026-10-01 23:16:31.122,NATURALGAS,CE,300.0,NATURALGAS23OCT26300CE,9.65,26250,SELL_AGGRESSOR,54301250,20476250
2026-10-01 23:16:31.122,NATURALGAS,PE,300.0,NATURALGAS23OCT26300PE,22.45,6250,BUY_AGGRESSOR,13901250,13862500
2026-10-01 23:16:31.122,NATURALGAS,CE,305.0,NATURALGAS23OCT26305CE,8.25,26250,SELL_AGGRESSOR,20641250,8492500
2026-10-01 23:16:31.122,NATURALGAS,CE,310.0,NATURALGAS23OCT26310CE,7.15,15000,SELL_AGGRESSOR,31758750,11338750
2026-10-01 23:16:31.122,NATURALGAS,PE,310.0,NATURALGAS23OCT26310PE,29.95,33750,BUY_AGGRESSOR,2430000,4516250
2026-10-01 23:16:31.122,NATURALGAS,CE,315.0,NATURALGAS23OCT26315CE,6.2,28750,SELL_AGGRESSOR,11546250,3433750
2026-10-01 23:16:31.122,NATGASMINI,FUT,0.0,NATGASMINI27OCT26FUT,287.3,30500,SELL_AGGRESSOR,40699500,17086000
2026-10-01 23:16:31.122,NATGASMINI,PE,260.0,NATGASMINI23OCT26260PE,3.45,250,BUY_AGGRESSOR,2413750,862250
2026-10-01 23:16:31.122,NATGASMINI,PE,265.0,NATGASMINI23OCT26265PE,4.65,1750,BUY_AGGRESSOR,5821750,3221500
2026-10-01 23:16:31.122,NATGASMINI,PE,270.0,NATGASMINI23OCT26270PE,6.2,1750,BUY_AGGRESSOR,4152000,981500
2026-10-01 23:16:31.122,NATGASMINI,CE,275.0,NATGASMINI23OCT26275CE,20.4,1000,SELL_AGGRESSOR,1325250,75250
2026-10-01 23:16:31.122,NATGASMINI,CE,280.0,NATGASMINI23OCT26280CE,17.65,250,SELL_AGGRESSOR,3783750,386000
2026-10-01 23:16:31.122,NATGASMINI,PE,280.0,NATGASMINI23OCT26280PE,10.35,9750,BUY_AGGRESSOR,9787500,1310000
2026-10-01 23:16:31.122,NATGASMINI,CE,285.0,NATGASMINI23OCT26285CE,15.15,1500,SELL_AGGRESSOR,10503250,939000
2026-10-01 23:16:31.122,NATGASMINI,PE,285.0,NATGASMINI23OCT26285PE,12.9,7250,BUY_AGGRESSOR,19472500,1233500
2026-10-01 23:16:31.122,NATGASMINI,CE,290.0,NATGASMINI23OCT26290CE,13.1,2250,SELL_AGGRESSOR,25098000,3261000
2026-10-01 23:16:31.122,NATGASMINI,PE,290.0,NATGASMINI23OCT26290PE,15.7,250,BUY_AGGRESSOR,18382250,1527750
2026-10-01 23:16:31.122,NATGASMINI,CE,295.0,NATGASMINI23OCT26295CE,11.3,2750,SELL_AGGRESSOR,11950000,1748500
2026-10-01 23:16:31.122,NATGASMINI,PE,295.0,NATGASMINI23OCT26295PE,18.85,500,BUY_AGGRESSOR,5286750,776500
2026-10-01 23:16:31.122,NATGASMINI,CE,300.0,NATGASMINI23OCT26300CE,9.7,9750,SELL_AGGRESSOR,12893000,3279250
2026-10-01 23:16:31.122,NATGASMINI,PE,300.0,NATGASMINI23OCT26300PE,22.3,10250,BUY_AGGRESSOR,3042000,1045750
2026-10-01 23:16:31.122,NATGASMINI,PE,305.0,NATGASMINI23OCT26305PE,25.85,500,BUY_AGGRESSOR,588250,383500
2026-10-01 23:16:31.122,NATGASMINI,CE,310.0,NATGASMINI23OCT26310CE,7.25,1250,SELL_AGGRESSOR,5137250,1854000
2026-10-01 23:16:31.122,NATGASMINI,PE,310.0,NATGASMINI23OCT26310PE,29.7,1250,BUY_AGGRESSOR,444250,667750
2026-10-01 23:16:31.122,NATGASMINI,CE,315.0,NATGASMINI23OCT26315CE,6.3,1250,SELL_AGGRESSOR,2727500,1230250
2026-10-01 23:16:35.107,NATURALGAS,PE,285.0,NATURALGAS23OCT26285PE,13.0,1250,BUY_AGGRESSOR,52817500,5603750
2026-10-01 23:16:35.107,NATURALGAS,CE,290.0,NATURALGAS23OCT26290CE,12.95,3750,SELL_AGGRESSOR,88198750,17263750
2026-10-01 23:16:35.107,NATURALGAS,PE,290.0,NATURALGAS23OCT26290PE,15.85,1250,BUY_AGGRESSOR,75968750,12828750
2026-10-01 23:16:35.107,NATURALGAS,PE,300.0,NATURALGAS23OCT26300PE,22.5,1250,BUY_AGGRESSOR,13902500,13863750
2026-10-01 23:16:35.107,NATGASMINI,FUT,0.0,NATGASMINI27OCT26FUT,287.4,3000,BUY_AGGRESSOR,40702500,17070250
2026-10-01 23:16:35.107,NATGASMINI,PE,280.0,NATGASMINI23OCT26280PE,10.4,500,BUY_AGGRESSOR,9788000,1310500
2026-10-01 23:16:35.107,NATGASMINI,CE,285.0,NATGASMINI23OCT26285CE,15.1,250,SELL_AGGRESSOR,10503500,939000
2026-10-01 23:16:35.107,NATGASMINI,PE,285.0,NATGASMINI23OCT26285PE,13.0,250,BUY_AGGRESSOR,19472750,1233250
2026-10-01 23:16:35.107,NATGASMINI,PE,300.0,NATGASMINI23OCT26300PE,22.3,1250,BUY_AGGRESSOR,3043250,1045750
2026-10-01 23:16:38.895,NATURALGAS,FUT,0.0,NATURALGAS27OCT26FUT,287.2,3750,SELL_AGGRESSOR,126241250,68938750
2026-10-01 23:16:38.895,NATURALGAS,PE,260.0,NATURALGAS23OCT26260PE,3.45,1250,SELL_AGGRESSOR,27593750,10652500
2026-10-01 23:16:38.895,NATURALGAS,PE,265.0,NATURALGAS23OCT26265PE,4.6,2500,SELL_AGGRESSOR,12880000,4330000
2026-10-01 23:16:38.895,NATURALGAS,PE,270.0,NATURALGAS23OCT26270PE,6.15,17500,SELL_AGGRESSOR,32722500,11392500
2026-10-01 23:16:38.895,NATURALGAS,PE,280.0,NATURALGAS23OCT26280PE,10.35,2500,SELL_AGGRESSOR,46791250,11801250
2026-10-01 23:16:38.895,NATURALGAS,CE,285.0,NATURALGAS23OCT26285CE,15.05,1250,BUY_AGGRESSOR,35096250,5085000
2026-10-01 23:16:38.895,NATURALGAS,CE,290.0,NATURALGAS23OCT26290CE,13.0,1250,BUY_AGGRESSOR,88200000,17262500
2026-10-01 23:16:38.895,NATURALGAS,CE,295.0,NATURALGAS23OCT26295CE,11.25,2500,BUY_AGGRESSOR,35097500,7157500
2026-10-01 23:16:38.895,NATURALGAS,CE,300.0,NATURALGAS23OCT26300CE,9.65,2500,BUY_AGGRESSOR,54303750,20473750
2026-10-01 23:16:38.895,NATURALGAS,PE,300.0,NATURALGAS23OCT26300PE,22.5,3750,BUY_AGGRESSOR,13906250,13863750
2026-10-01 23:16:38.895,NATGASMINI,PE,275.0,NATGASMINI23OCT26275PE,8.1,1000,SELL_AGGRESSOR,4920000,712500
2026-10-01 23:16:38.895,NATGASMINI,PE,280.0,NATGASMINI23OCT26280PE,10.35,2250,SELL_AGGRESSOR,9790250,1310500
2026-10-01 23:16:38.895,NATGASMINI,PE,285.0,NATGASMINI23OCT26285PE,12.9,750,SELL_AGGRESSOR,19473500,1233250
2026-10-01 23:16:38.895,NATGASMINI,PE,300.0,NATGASMINI23OCT26300PE,22.3,6250,BUY_AGGRESSOR,3049500,1045750
2026-10-01 23:16:42.714,NATURALGAS,PE,280.0,NATURALGAS23OCT26280PE,10.4,1250,BUY_AGGRESSOR,46792500,11800000
2026-10-01 23:16:42.714,NATURALGAS,PE,285.0,NATURALGAS23OCT26285PE,12.9,1250,SELL_AGGRESSOR,52818750,5603750
2026-10-01 23:16:42.714,NATURALGAS,PE,290.0,NATURALGAS23OCT26290PE,15.85,1250,BUY_AGGRESSOR,75970000,12828750
2026-10-01 23:16:42.714,NATURALGAS,CE,300.0,NATURALGAS23OCT26300CE,9.6,11250,SELL_AGGRESSOR,54315000,20471250
2026-10-01 23:16:42.714,NATURALGAS,PE,300.0,NATURALGAS23OCT26300PE,22.5,2500,BUY_AGGRESSOR,13908750,13863750
2026-10-01 23:16:42.714,NATGASMINI,PE,285.0,NATGASMINI23OCT26285PE,12.9,1250,SELL_AGGRESSOR,19474750,1233250
2026-10-01 23:16:42.714,NATGASMINI,PE,290.0,NATGASMINI23OCT26290PE,15.75,500,SELL_AGGRESSOR,18382750,1528000
2026-10-01 23:16:46.540,NATURALGAS,PE,285.0,NATURALGAS23OCT26285PE,13.0,2500,BUY_AGGRESSOR,52821250,5603750
2026-10-01 23:16:46.540,NATURALGAS,PE,290.0,NATURALGAS23OCT26290PE,15.85,1250,BUY_AGGRESSOR,75971250,12827500
2026-10-01 23:16:46.540,NATURALGAS,PE,295.0,NATURALGAS23OCT26295PE,18.95,2500,SELL_AGGRESSOR,15343750,5373750
2026-10-01 23:16:46.540,NATGASMINI,FUT,0.0,NATGASMINI27OCT26FUT,287.3,1500,SELL_AGGRESSOR,40704000,17069500
2026-10-01 23:16:46.540,NATGASMINI,CE,280.0,NATGASMINI23OCT26280CE,17.7,250,BUY_AGGRESSOR,3784000,386000
2026-10-01 23:16:46.540,NATGASMINI,PE,280.0,NATGASMINI23OCT26280PE,10.35,500,SELL_AGGRESSOR,9790750,1310750
2026-10-01 23:16:46.540,NATGASMINI,PE,295.0,NATGASMINI23OCT26295PE,18.9,250,BUY,5287000,776250
2026-10-01 23:16:46.540,NATGASMINI,CE,300.0,NATGASMINI23OCT26300CE,9.7,250,SELL_AGGRESSOR,12893250,3279000
2026-10-01 23:16:46.540,NATGASMINI,PE,305.0,NATGASMINI23OCT26305PE,25.85,500,SELL_AGGRESSOR,588750,383000
2026-10-01 23:16:50.361,NATURALGAS,PE,280.0,NATURALGAS23OCT26280PE,10.4,1250,BUY_AGGRESSOR,46793750,11798750
2026-10-01 23:16:50.361,NATURALGAS,CE,285.0,NATURALGAS23OCT26285CE,15.1,1250,BUY_AGGRESSOR,35097500,5083750
2026-10-01 23:16:50.361,NATURALGAS,CE,290.0,NATURALGAS23OCT26290CE,12.95,2500,SELL_AGGRESSOR,88202500,17261250
2026-10-01 23:16:50.361,NATURALGAS,PE,290.0,NATURALGAS23OCT26290PE,15.75,2500,SELL_AGGRESSOR,75973750,12825000
2026-10-01 23:16:50.361,NATURALGAS,CE,295.0,NATURALGAS23OCT26295CE,11.2,2500,SELL_AGGRESSOR,35100000,7156250
2026-10-01 23:16:50.361,NATURALGAS,CE,300.0,NATURALGAS23OCT26300CE,9.65,1250,BUY_AGGRESSOR,54316250,20470000
2026-10-01 23:16:50.361,NATURALGAS,CE,310.0,NATURALGAS23OCT26310CE,7.2,2500,BUY_AGGRESSOR,31761250,11337500
2026-10-01 23:16:50.361,NATGASMINI,PE,295.0,NATGASMINI23OCT26295PE,18.9,250,BUY_AGGRESSOR,5287250,776000
2026-10-01 23:16:54.191,NATURALGAS,FUT,0.0,NATURALGAS27OCT26FUT,287.3,10000,BUY_AGGRESSOR,126251250,68938750
2026-10-01 23:16:54.191,NATURALGAS,PE,260.0,NATURALGAS23OCT26260PE,3.45,2500,SELL_AGGRESSOR,27596250,10652500
2026-10-01 23:16:54.191,NATURALGAS,PE,285.0,NATURALGAS23OCT26285PE,13.0,1250,BUY_AGGRESSOR,52822500,5603750
2026-10-01 23:16:54.191,NATURALGAS,PE,290.0,NATURALGAS23OCT26290PE,15.85,1250,BUY_AGGRESSOR,75975000,12823750
2026-10-01 23:16:54.191,NATURALGAS,CE,300.0,NATURALGAS23OCT26300CE,9.6,2500,SELL_AGGRESSOR,54318750,20467500
2026-10-01 23:16:54.191,NATGASMINI,FUT,0.0,NATGASMINI27OCT26FUT,287.4,250,BUY_AGGRESSOR,40704250,17069500
2026-10-01 23:16:54.191,NATGASMINI,CE,290.0,NATGASMINI23OCT26290CE,13.05,500,SELL_AGGRESSOR,25098500,3260500
2026-10-01 23:16:54.191,NATGASMINI,CE,295.0,NATGASMINI23OCT26295CE,11.25,250,SELL_AGGRESSOR,11950250,1748500
2026-10-01 23:16:54.191,NATGASMINI,PE,295.0,NATGASMINI23OCT26295PE,18.9,250,BUY_AGGRESSOR,5287500,776000
2026-10-01 23:16:57.989,NATURALGAS,FUT,0.0,NATURALGAS27OCT26FUT,287.3,5000,SELL_AGGRESSOR,126256250,68938750
2026-10-01 23:16:57.989,NATURALGAS,PE,260.0,NATURALGAS23OCT26260PE,3.5,1250,BUY_AGGRESSOR,27597500,10652500
2026-10-01 23:16:57.989,NATURALGAS,CE,280.0,NATURALGAS23OCT26280CE,17.5,1250,INSIDE,26301250,4410000
2026-10-01 23:16:57.989,NATURALGAS,PE,280.0,NATURALGAS23OCT26280PE,10.35,2500,SELL_AGGRESSOR,46796250,11796250
2026-10-01 23:16:57.989,NATURALGAS,PE,290.0,NATURALGAS23OCT26290PE,15.8,1250,SELL,75976250,12822500
2026-10-01 23:16:57.989,NATURALGAS,PE,300.0,NATURALGAS23OCT26300PE,22.5,3750,BUY_AGGRESSOR,13912500,13863750
2026-10-01 23:16:57.989,NATURALGAS,CE,305.0,NATURALGAS23OCT26305CE,8.2,5000,SELL_AGGRESSOR,20646250,8466250
2026-10-01 23:16:57.989,NATGASMINI,FUT,0.0,NATGASMINI27OCT26FUT,287.3,250,SELL_AGGRESSOR,40704500,17069250
2026-10-01 23:16:57.989,NATGASMINI,PE,280.0,NATGASMINI23OCT26280PE,10.4,750,BUY_AGGRESSOR,9791500,1310250
2026-10-01 23:16:57.989,NATGASMINI,CE,285.0,NATGASMINI23OCT26285CE,15.2,2000,BUY_AGGRESSOR,10505500,937250
2026-10-01 23:16:57.989,NATGASMINI,PE,285.0,NATGASMINI23OCT26285PE,13.0,2250,BUY_AGGRESSOR,19477000,1231250
2026-10-01 23:16:57.989,NATGASMINI,CE,290.0,NATGASMINI23OCT26290CE,13.1,3000,BUY_AGGRESSOR,25101500,3259500
2026-10-01 23:16:57.989,NATGASMINI,PE,290.0,NATGASMINI23OCT26290PE,15.85,1500,BUY_AGGRESSOR,18384250,1527000
2026-10-01 23:16:57.989,NATGASMINI,CE,295.0,NATGASMINI23OCT26295CE,11.3,10000,BUY_AGGRESSOR,11960250,1747500
2026-10-01 23:16:57.989,NATGASMINI,CE,300.0,NATGASMINI23OCT26300CE,9.75,1500,BUY_AGGRESSOR,12894750,3278750
2026-10-01 23:16:57.989,NATGASMINI,PE,300.0,NATGASMINI23OCT26300PE,22.3,3750,BUY_AGGRESSOR,3053250,1045750
2026-10-01 23:17:01.838,NATURALGAS,FUT,0.0,NATURALGAS27OCT26FUT,287.3,12500,BUY_AGGRESSOR,126268750,68938750
2026-10-01 23:17:01.838,NATURALGAS,PE,260.0,NATURALGAS23OCT26260PE,3.45,25000,SELL_AGGRESSOR,27622500,10652500
2026-10-01 23:17:01.838,NATURALGAS,CE,270.0,NATURALGAS23OCT26270CE,23.35,5000,BUY_AGGRESSOR,3035000,1060000
2026-10-01 23:17:01.838,NATURALGAS,PE,280.0,NATURALGAS23OCT26280PE,10.4,1250,BUY_AGGRESSOR,46797500,11795000
2026-10-01 23:17:01.838,NATURALGAS,CE,285.0,NATURALGAS23OCT26285CE,15.1,41250,BUY_AGGRESSOR,35138750,5066250
2026-10-01 23:17:01.838,NATURALGAS,PE,285.0,NATURALGAS23OCT26285PE,13.0,40000,BUY_AGGRESSOR,52862500,5586250
2026-10-01 23:17:01.838,NATURALGAS,CE,290.0,NATURALGAS23OCT26290CE,13.05,23750,BUY_AGGRESSOR,88226250,17251250
2026-10-01 23:17:01.838,NATURALGAS,PE,290.0,NATURALGAS23OCT26290PE,15.85,15000,BUY_AGGRESSOR,75991250,12817500
2026-10-01 23:17:01.838,NATURALGAS,CE,295.0,NATURALGAS23OCT26295CE,11.25,1250,BUY_AGGRESSOR,35101250,7156250
2026-10-01 23:17:01.838,NATURALGAS,CE,300.0,NATURALGAS23OCT26300CE,9.65,1250,BUY_AGGRESSOR,54320000,20466250
2026-10-01 23:17:01.838,NATURALGAS,CE,305.0,NATURALGAS23OCT26305CE,8.25,48750,BUY_AGGRESSOR,20695000,8466250
2026-10-01 23:17:01.838,NATGASMINI,FUT,0.0,NATGASMINI27OCT26FUT,287.4,1000,BUY_AGGRESSOR,40705500,17068500
2026-10-01 23:17:01.838,NATGASMINI,PE,265.0,NATGASMINI23OCT26265PE,4.65,1000,INSIDE,5822750,3221500
2026-10-01 23:17:01.838,NATGASMINI,PE,275.0,NATGASMINI23OCT26275PE,8.15,2500,BUY_AGGRESSOR,4922500,710000
2026-10-01 23:17:01.838,NATGASMINI,PE,280.0,NATGASMINI23OCT26280PE,10.45,12000,BUY_AGGRESSOR,9803500,1301750
2026-10-01 23:17:01.838,NATGASMINI,CE,285.0,NATGASMINI23OCT26285CE,15.2,4000,BUY_AGGRESSOR,10509500,933000
2026-10-01 23:17:01.838,NATGASMINI,PE,285.0,NATGASMINI23OCT26285PE,12.9,17000,SELL_AGGRESSOR,19494000,1219250
2026-10-01 23:17:01.838,NATGASMINI,CE,290.0,NATGASMINI23OCT26290CE,13.15,8500,BUY_AGGRESSOR,25110000,3258000
2026-10-01 23:17:01.838,NATGASMINI,PE,290.0,NATGASMINI23OCT26290PE,15.85,9250,BUY_AGGRESSOR,18393500,1523000
2026-10-01 23:17:01.838,NATGASMINI,CE,295.0,NATGASMINI23OCT26295CE,11.35,10500,BUY_AGGRESSOR,11970750,1736000
2026-10-01 23:17:01.838,NATGASMINI,CE,300.0,NATGASMINI23OCT26300CE,9.8,9250,BUY_AGGRESSOR,12904000,3271750
2026-10-01 23:17:01.838,NATGASMINI,PE,310.0,NATGASMINI23OCT26310PE,29.75,500,BUY,444750,667750
2026-10-01 23:17:05.628,NATURALGAS,PE,280.0,NATURALGAS23OCT26280PE,10.4,20000,BUY_AGGRESSOR,46817500,11783750
2026-10-01 23:17:05.628,NATURALGAS,PE,285.0,NATURALGAS23OCT26285PE,13.0,1250,BUY_AGGRESSOR,52863750,5585000
2026-10-01 23:17:05.628,NATURALGAS,CE,290.0,NATURALGAS23OCT26290CE,13.05,7500,BUY_AGGRESSOR,88233750,17241250
2026-10-01 23:17:05.628,NATURALGAS,PE,290.0,NATURALGAS23OCT26290PE,15.85,1250,BUY_AGGRESSOR,75992500,12817500
2026-10-01 23:17:05.628,NATGASMINI,PE,275.0,NATGASMINI23OCT26275PE,8.15,2000,BUY_AGGRESSOR,4924500,708000
2026-10-01 23:17:05.628,NATGASMINI,PE,280.0,NATGASMINI23OCT26280PE,10.45,1750,BUY_AGGRESSOR,9805250,1300000
2026-10-01 23:17:05.628,NATGASMINI,CE,285.0,NATGASMINI23OCT26285CE,15.2,3000,BUY_AGGRESSOR,10512500,930000
2026-10-01 23:17:05.628,NATGASMINI,PE,285.0,NATGASMINI23OCT26285PE,13.0,5750,BUY_AGGRESSOR,19499750,1214000
2026-10-01 23:17:05.628,NATGASMINI,CE,290.0,NATGASMINI23OCT26290CE,13.05,3250,SELL_AGGRESSOR,25113250,3256750
2026-10-01 23:17:05.628,NATGASMINI,PE,290.0,NATGASMINI23OCT26290PE,15.75,750,SELL_AGGRESSOR,18394250,1522750
2026-10-01 23:17:05.628,NATGASMINI,CE,295.0,NATGASMINI23OCT26295CE,11.35,1250,BUY_AGGRESSOR,11972000,1735250
2026-10-01 23:17:09.468,NATURALGAS,FUT,0.0,NATURALGAS27OCT26FUT,287.3,6250,INSIDE,126275000,68938750
2026-10-01 23:17:09.468,NATURALGAS,CE,285.0,NATURALGAS23OCT26285CE,15.1,1250,BUY_AGGRESSOR,35140000,5066250
2026-10-01 23:17:09.468,NATURALGAS,CE,290.0,NATURALGAS23OCT26290CE,13.05,3750,BUY_AGGRESSOR,88237500,17241250
2026-10-01 23:17:09.468,NATURALGAS,CE,295.0,NATURALGAS23OCT26295CE,11.25,2500,BUY_AGGRESSOR,35103750,7156250
2026-10-01 23:17:09.468,NATURALGAS,CE,300.0,NATURALGAS23OCT26300CE,9.65,1250,BUY_AGGRESSOR,54321250,20465000
2026-10-01 23:17:09.468,NATURALGAS,CE,315.0,NATURALGAS23OCT26315CE,6.15,2500,SELL_AGGRESSOR,11548750,3433750
2026-10-01 23:17:09.468,NATGASMINI,FUT,0.0,NATGASMINI27OCT26FUT,287.3,500,SELL_AGGRESSOR,40706000,17068500
2026-10-01 23:17:09.468,NATGASMINI,PE,285.0,NATGASMINI23OCT26285PE,13.0,6250,BUY_AGGRESSOR,19506000,1214000
2026-10-01 23:17:09.468,NATGASMINI,CE,290.0,NATGASMINI23OCT26290CE,13.15,750,BUY_AGGRESSOR,25114000,3256750
2026-10-01 23:17:09.468,NATGASMINI,PE,290.0,NATGASMINI23OCT26290PE,15.8,250,BUY,18394500,1522750
2026-10-01 23:17:09.468,NATGASMINI,CE,295.0,NATGASMINI23OCT26295CE,11.25,1500,SELL_AGGRESSOR,11973500,1734500
2026-10-01 23:17:09.468,NATGASMINI,CE,300.0,NATGASMINI23OCT26300CE,9.7,250,SELL_AGGRESSOR,12904250,3272000
2026-10-01 23:17:09.468,NATGASMINI,PE,300.0,NATGASMINI23OCT26300PE,22.3,250,BUY_AGGRESSOR,3053500,1045750
2026-10-01 23:17:13.235,NATURALGAS,PE,280.0,NATURALGAS23OCT26280PE,10.35,2500,SELL_AGGRESSOR,46820000,11772500
2026-10-01 23:17:13.235,NATGASMINI,PE,285.0,NATGASMINI23OCT26285PE,12.9,500,SELL_AGGRESSOR,19506500,1214000
2026-10-01 23:17:13.235,NATGASMINI,CE,290.0,NATGASMINI23OCT26290CE,13.05,250,SELL_AGGRESSOR,25114250,3256500
2026-10-01 23:17:13.235,NATGASMINI,CE,300.0,NATGASMINI23OCT26300CE,9.8,250,BUY_AGGRESSOR,12904500,3272000
2026-10-01 23:17:17.130,NATURALGAS,PE,270.0,NATURALGAS23OCT26270PE,6.2,1250,BUY_AGGRESSOR,32723750,11391250
2026-10-01 23:17:17.130,NATURALGAS,CE,285.0,NATURALGAS23OCT26285CE,15.1,2500,BUY_AGGRESSOR,35142500,5066250
2026-10-01 23:17:17.130,NATURALGAS,PE,285.0,NATURALGAS23OCT26285PE,12.95,3750,SELL_AGGRESSOR,52867500,5583750
2026-10-01 23:17:17.130,NATURALGAS,CE,290.0,NATURALGAS23OCT26290CE,12.95,18750,SELL_AGGRESSOR,88256250,17222500
2026-10-01 23:17:17.130,NATURALGAS,PE,290.0,NATURALGAS23OCT26290PE,15.85,1250,BUY_AGGRESSOR,75993750,12817500
2026-10-01 23:17:17.130,NATURALGAS,CE,295.0,NATURALGAS23OCT26295CE,11.2,2500,SELL_AGGRESSOR,35106250,7153750
2026-10-01 23:17:17.130,NATURALGAS,PE,300.0,NATURALGAS23OCT26300PE,22.55,7500,BUY_AGGRESSOR,13920000,13863750
2026-10-01 23:17:17.130,NATGASMINI,FUT,0.0,NATGASMINI27OCT26FUT,287.4,1000,BUY_AGGRESSOR,40707000,17067500
2026-10-01 23:17:17.130,NATGASMINI,PE,260.0,NATGASMINI23OCT26260PE,3.45,500,SELL_AGGRESSOR,2414250,861750
2026-10-01 23:17:17.130,NATGASMINI,PE,275.0,NATGASMINI23OCT26275PE,8.1,500,SELL_AGGRESSOR,4925000,708000
2026-10-01 23:17:17.130,NATGASMINI,PE,280.0,NATGASMINI23OCT26280PE,10.35,1000,SELL_AGGRESSOR,9806250,1300000
2026-10-01 23:17:17.130,NATGASMINI,CE,290.0,NATGASMINI23OCT26290CE,13.05,3750,SELL_AGGRESSOR,25118000,3252750
2026-10-01 23:17:17.130,NATGASMINI,PE,290.0,NATGASMINI23OCT26290PE,15.75,3000,SELL_AGGRESSOR,18397500,1522750
2026-10-01 23:17:17.130,NATGASMINI,CE,295.0,NATGASMINI23OCT26295CE,11.25,2250,SELL_AGGRESSOR,11975750,1732250
2026-10-01 23:17:17.130,NATGASMINI,PE,295.0,NATGASMINI23OCT26295PE,19.0,750,BUY_AGGRESSOR,5288250,776000
2026-10-01 23:17:17.130,NATGASMINI,CE,305.0,NATGASMINI23OCT26305CE,8.35,250,SELL_AGGRESSOR,6081500,1695500
2026-10-01 23:17:17.130,NATGASMINI,PE,310.0,NATGASMINI23OCT26310PE,29.85,750,BUY_AGGRESSOR,445500,667750
2026-10-01 23:17:20.926,NATURALGAS,FUT,0.0,NATURALGAS27OCT26FUT,287.2,3750,SELL_AGGRESSOR,126278750,68942500
2026-10-01 23:17:20.926,NATURALGAS,PE,265.0,NATURALGAS23OCT26265PE,4.6,1250,SELL_AGGRESSOR,12881250,4328750
2026-10-01 23:17:20.926,NATURALGAS,PE,280.0,NATURALGAS23OCT26280PE,10.45,1250,BUY_AGGRESSOR,46821250,11771250
2026-10-01 23:17:20.926,NATURALGAS,CE,285.0,NATURALGAS23OCT26285CE,15.1,1250,BUY_AGGRESSOR,35143750,5066250
2026-10-01 23:17:20.926,NATURALGAS,CE,290.0,NATURALGAS23OCT26290CE,13.0,12500,BUY_AGGRESSOR,88268750,17210000
2026-10-01 23:17:20.926,NATURALGAS,CE,295.0,NATURALGAS23OCT26295CE,11.25,1250,BUY_AGGRESSOR,35107500,7153750
2026-10-01 23:17:20.926,NATURALGAS,CE,300.0,NATURALGAS23OCT26300CE,9.65,3750,BUY_AGGRESSOR,54325000,20461250
2026-10-01 23:17:20.926,NATURALGAS,PE,300.0,NATURALGAS23OCT26300PE,22.55,6250,BUY_AGGRESSOR,13926250,13863750
2026-10-01 23:17:20.926,NATURALGAS,CE,315.0,NATURALGAS23OCT26315CE,6.15,1250,SELL_AGGRESSOR,11550000,3435000
2026-10-01 23:17:20.926,NATGASMINI,FUT,0.0,NATGASMINI27OCT26FUT,287.3,1250,SELL_AGGRESSOR,40708250,17067000
2026-10-01 23:17:20.926,NATGASMINI,PE,255.0,NATGASMINI23OCT26255PE,2.55,1250,BUY_AGGRESSOR,690500,137000
2026-10-01 23:17:20.926,NATGASMINI,PE,280.0,NATGASMINI23OCT26280PE,10.45,250,BUY_AGGRESSOR,9806500,1299750
2026-10-01 23:17:20.926,NATGASMINI,CE,285.0,NATGASMINI23OCT26285CE,15.1,500,SELL_AGGRESSOR,10513000,930000
2026-10-01 23:17:20.926,NATGASMINI,PE,290.0,NATGASMINI23OCT26290PE,15.85,250,BUY_AGGRESSOR,18397750,1522750
2026-10-01 23:17:20.926,NATGASMINI,CE,300.0,NATGASMINI23OCT26300CE,9.7,250,SELL_AGGRESSOR,12904750,3272000
2026-10-01 23:17:24.762,NATURALGAS,FUT,0.0,NATURALGAS27OCT26FUT,287.3,5000,BUY_AGGRESSOR,126283750,68938750
2026-10-01 23:17:24.762,NATURALGAS,PE,275.0,NATURALGAS23OCT26275PE,8.1,2500,SELL_AGGRESSOR,18296250,3577500
2026-10-01 23:17:24.762,NATURALGAS,PE,280.0,NATURALGAS23OCT26280PE,10.4,1250,BUY_AGGRESSOR,46822500,11771250
2026-10-01 23:17:24.762,NATURALGAS,PE,285.0,NATURALGAS23OCT26285PE,13.0,1250,BUY_AGGRESSOR,52868750,5582500
2026-10-01 23:17:24.762,NATURALGAS,PE,290.0,NATURALGAS23OCT26290PE,15.8,10000,SELL_AGGRESSOR,76003750,12807500
2026-10-01 23:17:24.762,NATURALGAS,CE,300.0,NATURALGAS23OCT26300CE,9.65,1250,BUY_AGGRESSOR,54326250,20461250
2026-10-01 23:17:24.762,NATURALGAS,PE,300.0,NATURALGAS23OCT26300PE,22.45,1250,SELL_AGGRESSOR,13927500,13863750
2026-10-01 23:17:24.762,NATGASMINI,FUT,0.0,NATGASMINI27OCT26FUT,287.4,250,BUY_AGGRESSOR,40708500,17066750
2026-10-01 23:17:24.762,NATGASMINI,CE,290.0,NATGASMINI23OCT26290CE,13.15,1250,BUY_AGGRESSOR,25119250,3253500
2026-10-01 23:17:24.762,NATGASMINI,CE,305.0,NATGASMINI23OCT26305CE,8.35,500,SELL_AGGRESSOR,6082000,1695000
2026-10-01 23:17:28.736,NATURALGAS,PE,260.0,NATURALGAS23OCT26260PE,3.45,2500,SELL_AGGRESSOR,27625000,10650000
2026-10-01 23:17:28.736,NATURALGAS,PE,275.0,NATURALGAS23OCT26275PE,8.1,2500,SELL_AGGRESSOR,18298750,3575000
2026-10-01 23:17:28.736,NATURALGAS,CE,290.0,NATURALGAS23OCT26290CE,13.0,2500,SELL_AGGRESSOR,88271250,17210000
2026-10-01 23:17:28.736,NATURALGAS,PE,290.0,NATURALGAS23OCT26290PE,15.8,2500,SELL_AGGRESSOR,76006250,12805000
2026-10-01 23:17:28.736,NATURALGAS,CE,310.0,NATURALGAS23OCT26310CE,7.15,1250,SELL_AGGRESSOR,31762500,11336250
2026-10-01 23:17:28.736,NATURALGAS,CE,315.0,NATURALGAS23OCT26315CE,6.15,1250,SELL_AGGRESSOR,11551250,3435000
2026-10-01 23:17:28.736,NATGASMINI,FUT,0.0,NATGASMINI27OCT26FUT,287.3,500,SELL_AGGRESSOR,40709000,17066250
2026-10-01 23:17:28.736,NATGASMINI,PE,285.0,NATGASMINI23OCT26285PE,12.9,250,SELL_AGGRESSOR,19506750,1214000
2026-10-01 23:17:28.736,NATGASMINI,PE,290.0,NATGASMINI23OCT26290PE,15.75,500,SELL_AGGRESSOR,18398250,1522750
2026-10-01 23:17:32.587,NATURALGAS,FUT,0.0,NATURALGAS27OCT26FUT,287.3,6250,BUY_AGGRESSOR,126290000,68936250
2026-10-01 23:17:32.587,NATURALGAS,PE,280.0,NATURALGAS23OCT26280PE,10.4,1250,BUY_AGGRESSOR,46823750,11771250
2026-10-01 23:17:32.587,NATURALGAS,CE,285.0,NATURALGAS23OCT26285CE,15.1,1250,BUY_AGGRESSOR,35145000,5065000
2026-10-01 23:17:32.587,NATURALGAS,PE,285.0,NATURALGAS23OCT26285PE,12.95,1250,SELL_AGGRESSOR,52870000,5582500
2026-10-01 23:17:32.587,NATURALGAS,CE,290.0,NATURALGAS23OCT26290CE,13.05,1250,BUY_AGGRESSOR,88272500,17208750
2026-10-01 23:17:32.587,NATURALGAS,CE,295.0,NATURALGAS23OCT26295CE,11.25,1250,BUY_AGGRESSOR,35108750,7153750
2026-10-01 23:17:32.587,NATURALGAS,PE,295.0,NATURALGAS23OCT26295PE,18.95,2500,SELL_AGGRESSOR,15346250,5373750
2026-10-01 23:17:32.587,NATURALGAS,CE,300.0,NATURALGAS23OCT26300CE,9.6,2500,SELL_AGGRESSOR,54328750,20458750
2026-10-01 23:17:32.587,NATGASMINI,FUT,0.0,NATGASMINI27OCT26FUT,287.3,750,SELL_AGGRESSOR,40709750,17065500
2026-10-01 23:17:32.587,NATGASMINI,CE,290.0,NATGASMINI23OCT26290CE,13.05,1000,SELL_AGGRESSOR,25120250,3252500
2026-10-01 23:17:32.587,NATGASMINI,CE,295.0,NATGASMINI23OCT26295CE,11.25,250,SELL_AGGRESSOR,11976000,1732000
2026-10-01 23:17:36.349,NATURALGAS,FUT,0.0,NATURALGAS27OCT26FUT,287.2,2500,SELL_AGGRESSOR,126292500,68932500
2026-10-01 23:17:36.349,NATURALGAS,PE,260.0,NATURALGAS23OCT26260PE,3.45,2500,SELL_AGGRESSOR,27627500,10650000
2026-10-01 23:17:36.349,NATURALGAS,PE,270.0,NATURALGAS23OCT26270PE,6.15,1250,SELL_AGGRESSOR,32725000,11391250
2026-10-01 23:17:36.349,NATURALGAS,CE,275.0,NATURALGAS23OCT26275CE,20.25,1250,BUY_AGGRESSOR,3830000,396250
2026-10-01 23:17:36.349,NATURALGAS,CE,285.0,NATURALGAS23OCT26285CE,15.1,1250,BUY_AGGRESSOR,35146250,5063750
2026-10-01 23:17:36.349,NATURALGAS,PE,285.0,NATURALGAS23OCT26285PE,13.0,1250,BUY_AGGRESSOR,52871250,5581250
2026-10-01 23:17:36.349,NATURALGAS,PE,290.0,NATURALGAS23OCT26290PE,15.8,3750,SELL_AGGRESSOR,76010000,12802500
2026-10-01 23:17:36.349,NATURALGAS,CE,300.0,NATURALGAS23OCT26300CE,9.6,1250,SELL_AGGRESSOR,54330000,20457500
2026-10-01 23:17:36.349,NATURALGAS,PE,300.0,NATURALGAS23OCT26300PE,22.5,2500,BUY,13930000,13863750
2026-10-01 23:17:36.349,NATURALGAS,CE,310.0,NATURALGAS23OCT26310CE,7.2,2500,BUY_AGGRESSOR,31765000,11336250
2026-10-01 23:17:36.349,NATURALGAS,CE,315.0,NATURALGAS23OCT26315CE,6.15,1250,SELL_AGGRESSOR,11552500,3435000
2026-10-01 23:17:36.349,NATGASMINI,FUT,0.0,NATGASMINI27OCT26FUT,287.3,250,SELL_AGGRESSOR,40710000,17065250
2026-10-01 23:17:36.349,NATGASMINI,PE,270.0,NATGASMINI23OCT26270PE,6.2,500,SELL_AGGRESSOR,4152500,981500
2026-10-01 23:17:36.349,NATGASMINI,PE,280.0,NATGASMINI23OCT26280PE,10.4,250,SELL,9806750,1299750
2026-10-01 23:17:36.349,NATGASMINI,CE,285.0,NATGASMINI23OCT26285CE,15.15,250,SELL_AGGRESSOR,10513250,929750
2026-10-01 23:17:36.349,NATGASMINI,PE,285.0,NATGASMINI23OCT26285PE,12.9,250,SELL_AGGRESSOR,19507000,1214000
2026-10-01 23:17:36.349,NATGASMINI,CE,290.0,NATGASMINI23OCT26290CE,13.15,1750,BUY_AGGRESSOR,25122000,3254250
2026-10-01 23:17:36.349,NATGASMINI,CE,295.0,NATGASMINI23OCT26295CE,11.3,1250,BUY_AGGRESSOR,11977250,1732000
2026-10-01 23:17:36.349,NATGASMINI,CE,305.0,NATGASMINI23OCT26305CE,8.35,250,SELL_AGGRESSOR,6082250,1694750
2026-10-01 23:17:36.349,NATGASMINI,CE,310.0,NATGASMINI23OCT26310CE,7.25,1500,SELL_AGGRESSOR,5138750,1854000
2026-10-01 23:17:40.199,NATURALGAS,FUT,0.0,NATURALGAS27OCT26FUT,287.4,12500,BUY_AGGRESSOR,126305000,68932500
2026-10-01 23:17:40.199,NATURALGAS,PE,270.0,NATURALGAS23OCT26270PE,6.15,1250,SELL_AGGRESSOR,32726250,11391250
2026-10-01 23:17:40.199,NATURALGAS,CE,275.0,NATURALGAS23OCT26275CE,20.25,2500,SELL_AGGRESSOR,3832500,396250
2026-10-01 23:17:40.199,NATURALGAS,CE,280.0,NATURALGAS23OCT26280CE,17.5,1250,SELL_AGGRESSOR,26302500,4408750
2026-10-01 23:17:40.199,NATURALGAS,PE,280.0,NATURALGAS23OCT26280PE,10.4,2500,BUY_AGGRESSOR,46826250,11771250
2026-10-01 23:17:40.199,NATURALGAS,CE,285.0,NATURALGAS23OCT26285CE,15.15,40000,BUY_AGGRESSOR,35186250,5055000
2026-10-01 23:17:40.199,NATURALGAS,CE,290.0,NATURALGAS23OCT26290CE,13.05,1250,BUY_AGGRESSOR,88273750,17207500
2026-10-01 23:17:40.199,NATURALGAS,PE,290.0,NATURALGAS23OCT26290PE,15.85,1250,BUY_AGGRESSOR,76011250,12802500
2026-10-01 23:17:40.199,NATURALGAS,CE,295.0,NATURALGAS23OCT26295CE,11.25,1250,BUY_AGGRESSOR,35110000,7152500
2026-10-01 23:17:40.199,NATURALGAS,CE,300.0,NATURALGAS23OCT26300CE,9.65,1250,BUY_AGGRESSOR,54331250,20456250
2026-10-01 23:17:40.199,NATURALGAS,CE,310.0,NATURALGAS23OCT26310CE,7.2,13750,BUY_AGGRESSOR,31778750,11341250
2026-10-01 23:17:40.199,NATGASMINI,FUT,0.0,NATGASMINI27OCT26FUT,287.3,3500,SELL_AGGRESSOR,40713500,17063000
2026-10-01 23:17:40.199,NATGASMINI,PE,260.0,NATGASMINI23OCT26260PE,3.5,750,BUY_AGGRESSOR,2415000,861000
2026-10-01 23:17:40.199,NATGASMINI,CE,290.0,NATGASMINI23OCT26290CE,13.15,250,BUY_AGGRESSOR,25122250,3254250
2026-10-01 23:17:44.010,NATURALGAS,PE,280.0,NATURALGAS23OCT26280PE,10.4,1250,BUY_AGGRESSOR,46827500,11771250
2026-10-01 23:17:44.010,NATURALGAS,CE,285.0,NATURALGAS23OCT26285CE,15.15,45000,BUY_AGGRESSOR,35231250,5027500
2026-10-01 23:17:44.010,NATURALGAS,PE,285.0,NATURALGAS23OCT26285PE,13.0,2500,BUY_AGGRESSOR,52873750,5581250
2026-10-01 23:17:44.010,NATURALGAS,PE,290.0,NATURALGAS23OCT26290PE,15.8,5000,SELL_AGGRESSOR,76016250,12797500
2026-10-01 23:17:44.010,NATURALGAS,CE,310.0,NATURALGAS23OCT26310CE,7.2,6250,SELL_AGGRESSOR,31785000,11335000
2026-10-01 23:17:47.815,NATURALGAS,PE,285.0,NATURALGAS23OCT26285PE,12.95,22500,SELL_AGGRESSOR,52896250,5575000
2026-10-01 23:17:47.815,NATURALGAS,CE,290.0,NATURALGAS23OCT26290CE,13.0,13750,SELL_AGGRESSOR,88287500,17202500
2026-10-01 23:17:47.815,NATURALGAS,CE,300.0,NATURALGAS23OCT26300CE,9.65,7500,BUY_AGGRESSOR,54338750,20456250
2026-10-01 23:17:47.815,NATGASMINI,FUT,0.0,NATGASMINI27OCT26FUT,287.3,1250,SELL_AGGRESSOR,40714750,17063500
2026-10-01 23:17:47.815,NATGASMINI,CE,285.0,NATGASMINI23OCT26285CE,15.15,250,SELL_AGGRESSOR,10513500,929750
2026-10-01 23:17:47.815,NATGASMINI,PE,285.0,NATGASMINI23OCT26285PE,12.95,45500,BUY,19552500,1208000
2026-10-01 23:17:47.815,NATGASMINI,CE,295.0,NATGASMINI23OCT26295CE,11.3,250,SELL_AGGRESSOR,11977500,1732000
2026-10-01 23:17:51.642,NATURALGAS,PE,260.0,NATURALGAS23OCT26260PE,3.45,1250,SELL_AGGRESSOR,27628750,10648750
2026-10-01 23:17:51.642,NATURALGAS,PE,275.0,NATURALGAS23OCT26275PE,8.1,3750,SELL_AGGRESSOR,18302500,3577500
2026-10-01 23:17:51.642,NATURALGAS,PE,280.0,NATURALGAS23OCT26280PE,10.4,1250,BUY_AGGRESSOR,46828750,11771250
2026-10-01 23:17:51.642,NATURALGAS,PE,285.0,NATURALGAS23OCT26285PE,12.95,3750,SELL_AGGRESSOR,52900000,5571250
2026-10-01 23:17:51.642,NATURALGAS,CE,290.0,NATURALGAS23OCT26290CE,13.05,1250,BUY_AGGRESSOR,88288750,17201250
2026-10-01 23:17:51.642,NATURALGAS,PE,290.0,NATURALGAS23OCT26290PE,15.8,1250,BUY_AGGRESSOR,76017500,12797500
2026-10-01 23:17:51.642,NATURALGAS,CE,295.0,NATURALGAS23OCT26295CE,11.25,1250,BUY_AGGRESSOR,35111250,7151250
2026-10-01 23:17:51.642,NATURALGAS,CE,300.0,NATURALGAS23OCT26300CE,9.65,1250,BUY_AGGRESSOR,54340000,20455000
2026-10-01 23:17:51.642,NATGASMINI,CE,290.0,NATGASMINI23OCT26290CE,13.15,250,BUY_AGGRESSOR,25122500,3254250
2026-10-01 23:17:51.642,NATGASMINI,CE,310.0,NATGASMINI23OCT26310CE,7.3,1250,BUY_AGGRESSOR,5140000,1852750
2026-10-01 23:17:55.439,NATURALGAS,FUT,0.0,NATURALGAS27OCT26FUT,287.4,3750,BUY_AGGRESSOR,126308750,68932500
2026-10-01 23:17:55.439,NATURALGAS,PE,255.0,NATURALGAS23OCT26255PE,2.45,1250,SELL_AGGRESSOR,7271250,2143750
2026-10-01 23:17:55.439,NATURALGAS,CE,270.0,NATURALGAS23OCT26270CE,23.3,5000,SELL_AGGRESSOR,3040000,1062500
2026-10-01 23:17:55.439,NATURALGAS,PE,285.0,NATURALGAS23OCT26285PE,13.0,1250,BUY_AGGRESSOR,52901250,5570000
2026-10-01 23:17:55.439,NATURALGAS,CE,290.0,NATURALGAS23OCT26290CE,13.0,2500,SELL_AGGRESSOR,88291250,17201250
2026-10-01 23:17:55.439,NATURALGAS,PE,290.0,NATURALGAS23OCT26290PE,15.8,1250,BUY_AGGRESSOR,76018750,12796250
2026-10-01 23:17:55.439,NATURALGAS,CE,295.0,NATURALGAS23OCT26295CE,11.25,1250,BUY_AGGRESSOR,35112500,7151250
2026-10-01 23:17:55.439,NATURALGAS,CE,300.0,NATURALGAS23OCT26300CE,9.65,1250,BUY_AGGRESSOR,54341250,20453750
2026-10-01 23:17:55.439,NATGASMINI,PE,265.0,NATGASMINI23OCT26265PE,4.65,1000,BUY_AGGRESSOR,5823750,3221500
2026-10-01 23:17:55.439,NATGASMINI,CE,285.0,NATGASMINI23OCT26285CE,15.15,500,SELL_AGGRESSOR,10514000,929750
2026-10-01 23:17:55.439,NATGASMINI,CE,310.0,NATGASMINI23OCT26310CE,7.25,500,SELL_AGGRESSOR,5140500,1852750
2026-10-01 23:17:59.333,NATURALGAS,FUT,0.0,NATURALGAS27OCT26FUT,287.3,1250,SELL_AGGRESSOR,126310000,68931250
2026-10-01 23:17:59.333,NATURALGAS,PE,270.0,NATURALGAS23OCT26270PE,6.15,2500,SELL_AGGRESSOR,32728750,11391250
2026-10-01 23:17:59.333,NATURALGAS,CE,280.0,NATURALGAS23OCT26280CE,17.5,1250,SELL_AGGRESSOR,26303750,4408750
2026-10-01 23:17:59.333,NATURALGAS,PE,285.0,NATURALGAS23OCT26285PE,12.95,3750,SELL_AGGRESSOR,52905000,5570000
2026-10-01 23:17:59.333,NATURALGAS,CE,290.0,NATURALGAS23OCT26290CE,13.05,10000,BUY_AGGRESSOR,88301250,17192500
2026-10-01 23:17:59.333,NATURALGAS,PE,290.0,NATURALGAS23OCT26290PE,15.8,8750,INSIDE,76027500,12787500
2026-10-01 23:17:59.333,NATURALGAS,CE,295.0,NATURALGAS23OCT26295CE,11.25,1250,BUY_AGGRESSOR,35113750,7150000
2026-10-01 23:17:59.333,NATURALGAS,CE,300.0,NATURALGAS23OCT26300CE,9.65,1250,BUY_AGGRESSOR,54342500,20452500
2026-10-01 23:17:59.333,NATURALGAS,CE,305.0,NATURALGAS23OCT26305CE,8.25,12500,SELL_AGGRESSOR,20707500,8466250
2026-10-01 23:17:59.333,NATGASMINI,FUT,0.0,NATGASMINI27OCT26FUT,287.4,500,BUY_AGGRESSOR,40715250,17063500
2026-10-01 23:17:59.333,NATGASMINI,PE,270.0,NATGASMINI23OCT26270PE,6.25,750,BUY_AGGRESSOR,4153250,982250
2026-10-01 23:17:59.333,NATGASMINI,PE,275.0,NATGASMINI23OCT26275PE,8.15,1500,BUY_AGGRESSOR,4926500,706500
2026-10-01 23:17:59.333,NATGASMINI,PE,280.0,NATGASMINI23OCT26280PE,10.4,4250,BUY_AGGRESSOR,9811000,1295500
2026-10-01 23:17:59.333,NATGASMINI,CE,285.0,NATGASMINI23OCT26285CE,15.3,4750,BUY_AGGRESSOR,10518750,925000
2026-10-01 23:17:59.333,NATGASMINI,PE,285.0,NATGASMINI23OCT26285PE,13.0,7500,BUY_AGGRESSOR,19560000,1198500
2026-10-01 23:17:59.333,NATGASMINI,CE,290.0,NATGASMINI23OCT26290CE,13.2,8250,BUY_AGGRESSOR,25130750,3246250
2026-10-01 23:17:59.333,NATGASMINI,PE,290.0,NATGASMINI23OCT26290PE,15.8,3500,BUY,18401750,1520250
2026-10-01 23:17:59.333,NATGASMINI,CE,295.0,NATGASMINI23OCT26295CE,11.35,5000,BUY_AGGRESSOR,11982500,1727250
2026-10-01 23:17:59.333,NATGASMINI,CE,300.0,NATGASMINI23OCT26300CE,9.8,3000,BUY_AGGRESSOR,12907750,3269000
2026-10-01 23:18:03.162,NATURALGAS,PE,260.0,NATURALGAS23OCT26260PE,3.45,1250,SELL_AGGRESSOR,27630000,10648750
2026-10-01 23:18:03.162,NATURALGAS,PE,280.0,NATURALGAS23OCT26280PE,10.4,1250,BUY_AGGRESSOR,46830000,11771250
2026-10-01 23:18:03.162,NATURALGAS,PE,285.0,NATURALGAS23OCT26285PE,12.95,32500,SELL_AGGRESSOR,52937500,5537500
2026-10-01 23:18:03.162,NATURALGAS,CE,290.0,NATURALGAS23OCT26290CE,13.05,3750,BUY_AGGRESSOR,88305000,17188750
2026-10-01 23:18:03.162,NATURALGAS,PE,290.0,NATURALGAS23OCT26290PE,15.85,3750,BUY_AGGRESSOR,76031250,12783750
2026-10-01 23:18:03.162,NATURALGAS,CE,295.0,NATURALGAS23OCT26295CE,11.25,2500,BUY_AGGRESSOR,35116250,7147500
2026-10-01 23:18:03.162,NATURALGAS,CE,300.0,NATURALGAS23OCT26300CE,9.7,3750,BUY_AGGRESSOR,54346250,20448750
2026-10-01 23:18:03.162,NATURALGAS,CE,310.0,NATURALGAS23OCT26310CE,7.2,3750,BUY_AGGRESSOR,31788750,11335000
2026-10-01 23:18:03.162,NATGASMINI,PE,275.0,NATGASMINI23OCT26275PE,8.15,3250,BUY_AGGRESSOR,4929750,704250
2026-10-01 23:18:03.162,NATGASMINI,PE,280.0,NATGASMINI23OCT26280PE,10.4,9000,BUY_AGGRESSOR,9820000,1286500
2026-10-01 23:18:03.162,NATGASMINI,CE,285.0,NATGASMINI23OCT26285CE,15.3,250,BUY_AGGRESSOR,10519000,925000
2026-10-01 23:18:03.162,NATGASMINI,PE,285.0,NATGASMINI23OCT26285PE,13.0,11750,BUY_AGGRESSOR,19571750,1187500
2026-10-01 23:18:03.162,NATGASMINI,CE,290.0,NATGASMINI23OCT26290CE,13.2,6500,BUY_AGGRESSOR,25137250,3239750
2026-10-01 23:18:03.162,NATGASMINI,PE,290.0,NATGASMINI23OCT26290PE,15.8,6500,BUY_AGGRESSOR,18408250,1512750
2026-10-01 23:18:03.162,NATGASMINI,CE,295.0,NATGASMINI23OCT26295CE,11.4,10000,BUY_AGGRESSOR,11992500,1718000
2026-10-01 23:18:03.162,NATGASMINI,CE,300.0,NATGASMINI23OCT26300CE,9.75,8250,SELL,12916000,3263500
2026-10-01 23:18:06.992,NATURALGAS,FUT,0.0,NATURALGAS27OCT26FUT,287.3,2500,SELL_AGGRESSOR,126312500,68930000
2026-10-01 23:18:06.992,NATURALGAS,PE,260.0,NATURALGAS23OCT26260PE,3.45,1250,SELL_AGGRESSOR,27631250,10648750
2026-10-01 23:18:06.992,NATURALGAS,PE,270.0,NATURALGAS23OCT26270PE,6.15,5000,SELL_AGGRESSOR,32733750,11390000
2026-10-01 23:18:06.992,NATURALGAS,PE,285.0,NATURALGAS23OCT26285PE,13.0,1250,BUY_AGGRESSOR,52938750,5536250
2026-10-01 23:18:06.992,NATURALGAS,CE,290.0,NATURALGAS23OCT26290CE,13.05,5000,BUY_AGGRESSOR,88310000,17183750
2026-10-01 23:18:06.992,NATGASMINI,FUT,0.0,NATGASMINI27OCT26FUT,287.3,250,SELL_AGGRESSOR,40715500,17063500
2026-10-01 23:18:06.992,NATGASMINI,PE,260.0,NATGASMINI23OCT26260PE,3.45,250,SELL_AGGRESSOR,2415250,860750
2026-10-01 23:18:06.992,NATGASMINI,PE,275.0,NATGASMINI23OCT26275PE,8.15,750,BUY_AGGRESSOR,4930500,703500
2026-10-01 23:18:06.992,NATGASMINI,PE,280.0,NATGASMINI23OCT26280PE,10.4,500,BUY_AGGRESSOR,9820500,1286000
2026-10-01 23:18:06.992,NATGASMINI,PE,285.0,NATGASMINI23OCT26285PE,12.9,1250,SELL_AGGRESSOR,19573000,1187250
2026-10-01 23:18:06.992,NATGASMINI,CE,290.0,NATGASMINI23OCT26290CE,13.2,2250,BUY_AGGRESSOR,25139500,3237500
2026-10-01 23:18:06.992,NATGASMINI,PE,290.0,NATGASMINI23OCT26290PE,15.85,2250,BUY_AGGRESSOR,18410500,1510500
2026-10-01 23:18:06.992,NATGASMINI,CE,295.0,NATGASMINI23OCT26295CE,11.3,250,SELL_AGGRESSOR,11992750,1718000
2026-10-01 23:18:10.866,NATURALGAS,FUT,0.0,NATURALGAS27OCT26FUT,287.4,21250,BUY_AGGRESSOR,126333750,68926250
2026-10-01 23:18:10.866,NATURALGAS,PE,260.0,NATURALGAS23OCT26260PE,3.5,6250,BUY_AGGRESSOR,27637500,10648750
2026-10-01 23:18:10.866,NATURALGAS,PE,270.0,NATURALGAS23OCT26270PE,6.15,1250,SELL_AGGRESSOR,32735000,11390000
2026-10-01 23:18:10.866,NATURALGAS,PE,280.0,NATURALGAS23OCT26280PE,10.4,1250,BUY_AGGRESSOR,46831250,11770000
2026-10-01 23:18:10.866,NATURALGAS,PE,285.0,NATURALGAS23OCT26285PE,12.95,1250,SELL_AGGRESSOR,52940000,5536250
2026-10-01 23:18:10.866,NATURALGAS,CE,290.0,NATURALGAS23OCT26290CE,13.05,1250,BUY_AGGRESSOR,88311250,17182500
2026-10-01 23:18:10.866,NATURALGAS,CE,295.0,NATURALGAS23OCT26295CE,11.25,2500,SELL_AGGRESSOR,35118750,7146250
2026-10-01 23:18:10.866,NATURALGAS,CE,300.0,NATURALGAS23OCT26300CE,9.7,3750,BUY_AGGRESSOR,54350000,20447500
2026-10-01 23:18:10.866,NATURALGAS,CE,305.0,NATURALGAS23OCT26305CE,8.3,8750,BUY_AGGRESSOR,20716250,8466250
2026-10-01 23:18:10.866,NATURALGAS,PE,305.0,NATURALGAS23OCT26305PE,26.05,8750,SELL_AGGRESSOR,2043750,2688750
2026-10-01 23:18:10.866,NATURALGAS,CE,310.0,NATURALGAS23OCT26310CE,7.2,3750,BUY_AGGRESSOR,31792500,11331250
2026-10-01 23:18:10.866,NATGASMINI,FUT,0.0,NATGASMINI27OCT26FUT,287.4,500,BUY_AGGRESSOR,40716000,17063250
2026-10-01 23:18:10.866,NATGASMINI,PE,275.0,NATGASMINI23OCT26275PE,8.15,250,BUY_AGGRESSOR,4930750,703500
2026-10-01 23:18:10.866,NATGASMINI,PE,290.0,NATGASMINI23OCT26290PE,15.7,2250,SELL_AGGRESSOR,18412750,1510250
2026-10-01 23:18:10.866,NATGASMINI,CE,300.0,NATGASMINI23OCT26300CE,9.8,750,BUY_AGGRESSOR,12916750,3263250
2026-10-01 23:18:14.713,NATURALGAS,CE,285.0,NATURALGAS23OCT26285CE,15.1,2500,SELL_AGGRESSOR,35233750,5021250
2026-10-01 23:18:14.713,NATURALGAS,PE,285.0,NATURALGAS23OCT26285PE,13.0,1250,BUY_AGGRESSOR,52941250,5535000
2026-10-01 23:18:14.713,NATURALGAS,CE,290.0,NATURALGAS23OCT26290CE,13.05,12500,BUY_AGGRESSOR,88323750,17173750
2026-10-01 23:18:14.713,NATURALGAS,PE,290.0,NATURALGAS23OCT26290PE,15.8,1250,BUY_AGGRESSOR,76032500,12782500
2026-10-01 23:18:14.713,NATURALGAS,CE,295.0,NATURALGAS23OCT26295CE,11.25,5000,SELL_AGGRESSOR,35123750,7140000
2026-10-01 23:18:14.713,NATURALGAS,CE,310.0,NATURALGAS23OCT26310CE,7.2,5000,BUY_AGGRESSOR,31797500,11327500
2026-10-01 23:18:14.713,NATGASMINI,FUT,0.0,NATGASMINI27OCT26FUT,287.3,500,SELL_AGGRESSOR,40716500,17063000
2026-10-01 23:18:14.713,NATGASMINI,PE,265.0,NATGASMINI23OCT26265PE,4.6,1750,SELL_AGGRESSOR,5825500,3221500
2026-10-01 23:18:14.713,NATGASMINI,PE,280.0,NATGASMINI23OCT26280PE,10.35,250,SELL_AGGRESSOR,9820750,1286000
2026-10-01 23:18:14.713,NATGASMINI,CE,295.0,NATGASMINI23OCT26295CE,11.3,10000,SELL_AGGRESSOR,12002750,1714000
2026-10-01 23:18:18.531,NATURALGAS,FUT,0.0,NATURALGAS27OCT26FUT,287.4,5000,BUY_AGGRESSOR,126338750,68923750
2026-10-01 23:18:18.531,NATURALGAS,PE,260.0,NATURALGAS23OCT26260PE,3.45,1250,SELL_AGGRESSOR,27638750,10647500
2026-10-01 23:18:18.531,NATURALGAS,PE,265.0,NATURALGAS23OCT26265PE,4.6,3750,SELL_AGGRESSOR,12885000,4327500
2026-10-01 23:18:18.531,NATURALGAS,PE,285.0,NATURALGAS23OCT26285PE,12.9,8750,SELL_AGGRESSOR,52950000,5530000
2026-10-01 23:18:18.531,NATURALGAS,CE,290.0,NATURALGAS23OCT26290CE,13.0,1250,SELL_AGGRESSOR,88325000,17175000
2026-10-01 23:18:18.531,NATGASMINI,FUT,0.0,NATGASMINI27OCT26FUT,287.3,250,SELL_AGGRESSOR,40716750,17063250
2026-10-01 23:18:18.531,NATGASMINI,PE,285.0,NATGASMINI23OCT26285PE,12.9,6250,SELL_AGGRESSOR,19579250,1187250
2026-10-01 23:18:22.359,NATURALGAS,PE,260.0,NATURALGAS23OCT26260PE,3.5,1250,BUY_AGGRESSOR,27640000,10647500
2026-10-01 23:18:22.359,NATURALGAS,PE,280.0,NATURALGAS23OCT26280PE,10.35,2500,SELL_AGGRESSOR,46833750,11767500
2026-10-01 23:18:22.359,NATURALGAS,CE,290.0,NATURALGAS23OCT26290CE,13.0,27500,SELL_AGGRESSOR,88352500,17165000
2026-10-01 23:18:22.359,NATURALGAS,CE,300.0,NATURALGAS23OCT26300CE,9.65,2500,SELL_AGGRESSOR,54352500,20446250
2026-10-01 23:18:22.359,NATURALGAS,PE,300.0,NATURALGAS23OCT26300PE,22.5,3750,BUY_AGGRESSOR,13933750,13863750
2026-10-01 23:18:22.359,NATGASMINI,PE,270.0,NATGASMINI23OCT26270PE,6.15,250,SELL_AGGRESSOR,4153500,982000
2026-10-01 23:18:22.359,NATGASMINI,CE,280.0,NATGASMINI23OCT26280CE,17.6,1000,SELL_AGGRESSOR,3785000,385000
2026-10-01 23:18:22.359,NATGASMINI,PE,280.0,NATGASMINI23OCT26280PE,10.3,250,SELL_AGGRESSOR,9821000,1286000
2026-10-01 23:18:22.359,NATGASMINI,PE,290.0,NATGASMINI23OCT26290PE,15.7,250,SELL_AGGRESSOR,18413000,1510250
2026-10-01 23:18:22.359,NATGASMINI,CE,295.0,NATGASMINI23OCT26295CE,11.3,250,SELL_AGGRESSOR,12003000,1713750
2026-10-01 23:18:22.359,NATGASMINI,PE,300.0,NATGASMINI23OCT26300PE,22.2,1750,SELL_AGGRESSOR,3055250,1044000
2026-10-01 23:18:22.359,NATGASMINI,CE,305.0,NATGASMINI23OCT26305CE,8.35,6500,SELL_AGGRESSOR,6088750,1688250
2026-10-01 23:18:26.237,NATURALGAS,FUT,0.0,NATURALGAS27OCT26FUT,287.4,2500,BUY_AGGRESSOR,126341250,68923750
2026-10-01 23:18:26.237,NATURALGAS,PE,265.0,NATURALGAS23OCT26265PE,4.65,3750,BUY_AGGRESSOR,12888750,4323750
2026-10-01 23:18:26.237,NATURALGAS,PE,275.0,NATURALGAS23OCT26275PE,8.05,2500,SELL_AGGRESSOR,18305000,3576250
2026-10-01 23:18:26.237,NATURALGAS,PE,285.0,NATURALGAS23OCT26285PE,12.9,3750,SELL_AGGRESSOR,52953750,5526250
2026-10-01 23:18:26.237,NATURALGAS,CE,290.0,NATURALGAS23OCT26290CE,13.0,1250,SELL_AGGRESSOR,88353750,17163750
2026-10-01 23:18:26.237,NATURALGAS,PE,290.0,NATURALGAS23OCT26290PE,15.8,6250,BUY_AGGRESSOR,76038750,12776250
2026-10-01 23:18:26.237,NATURALGAS,CE,295.0,NATURALGAS23OCT26295CE,11.3,2500,BUY_AGGRESSOR,35126250,7137500
2026-10-01 23:18:26.237,NATURALGAS,CE,300.0,NATURALGAS23OCT26300CE,9.65,2500,SELL_AGGRESSOR,54355000,20443750
2026-10-01 23:18:26.237,NATURALGAS,CE,310.0,NATURALGAS23OCT26310CE,7.2,3750,BUY_AGGRESSOR,31801250,11326250
2026-10-01 23:18:26.237,NATGASMINI,FUT,0.0,NATGASMINI27OCT26FUT,287.3,4500,SELL_AGGRESSOR,40721250,17059000
2026-10-01 23:18:26.237,NATGASMINI,PE,275.0,NATGASMINI23OCT26275PE,8.1,250,SELL_AGGRESSOR,4931000,703750
2026-10-01 23:18:26.237,NATGASMINI,PE,280.0,NATGASMINI23OCT26280PE,10.35,250,BUY,9821250,1286000
2026-10-01 23:18:26.237,NATGASMINI,PE,290.0,NATGASMINI23OCT26290PE,15.7,2500,SELL_AGGRESSOR,18415500,1510250
2026-10-01 23:18:30.049,NATURALGAS,FUT,0.0,NATURALGAS27OCT26FUT,287.3,6250,SELL_AGGRESSOR,126347500,68923750
2026-10-01 23:18:30.049,NATURALGAS,PE,275.0,NATURALGAS23OCT26275PE,8.1,15000,BUY_AGGRESSOR,18320000,3588750
2026-10-01 23:18:30.049,NATURALGAS,CE,285.0,NATURALGAS23OCT26285CE,15.1,1250,SELL_AGGRESSOR,35235000,5021250
2026-10-01 23:18:30.049,NATURALGAS,PE,285.0,NATURALGAS23OCT26285PE,12.9,2500,SELL_AGGRESSOR,52956250,5523750
2026-10-01 23:18:30.049,NATURALGAS,CE,290.0,NATURALGAS23OCT26290CE,13.05,1250,BUY_AGGRESSOR,88355000,17162500
2026-10-01 23:18:30.049,NATURALGAS,PE,290.0,NATURALGAS23OCT26290PE,15.75,1250,SELL_AGGRESSOR,76040000,12775000
2026-10-01 23:18:30.049,NATURALGAS,CE,295.0,NATURALGAS23OCT26295CE,11.2,23750,SELL_AGGRESSOR,35150000,7116250
2026-10-01 23:18:30.049,NATURALGAS,CE,300.0,NATURALGAS23OCT26300CE,9.65,36250,INSIDE,54391250,20415000
2026-10-01 23:18:30.049,NATURALGAS,PE,300.0,NATURALGAS23OCT26300PE,22.45,7500,SELL_AGGRESSOR,13941250,13863750
2026-10-01 23:18:30.049,NATURALGAS,PE,305.0,NATURALGAS23OCT26305PE,26.1,1250,BUY,2045000,2687500
2026-10-01 23:18:33.905,NATURALGAS,FUT,0.0,NATURALGAS27OCT26FUT,287.3,35000,SELL_AGGRESSOR,126382500,68918750
2026-10-01 23:18:33.905,NATURALGAS,PE,265.0,NATURALGAS23OCT26265PE,4.6,6250,SELL_AGGRESSOR,12895000,4326250
2026-10-01 23:18:33.905,NATURALGAS,CE,280.0,NATURALGAS23OCT26280CE,17.45,5000,SELL_AGGRESSOR,26308750,4408750
2026-10-01 23:18:33.905,NATURALGAS,PE,280.0,NATURALGAS23OCT26280PE,10.4,1250,BUY_AGGRESSOR,46835000,11766250
2026-10-01 23:18:33.905,NATURALGAS,CE,285.0,NATURALGAS23OCT26285CE,15.1,2500,BUY_AGGRESSOR,35237500,5018750
2026-10-01 23:18:33.905,NATURALGAS,PE,290.0,NATURALGAS23OCT26290PE,15.85,1250,BUY_AGGRESSOR,76041250,12773750
2026-10-01 23:18:33.905,NATURALGAS,CE,305.0,NATURALGAS23OCT26305CE,8.3,2500,BUY_AGGRESSOR,20718750,8466250
2026-10-01 23:18:33.905,NATURALGAS,PE,305.0,NATURALGAS23OCT26305PE,26.05,2500,SELL_AGGRESSOR,2047500,2687500
2026-10-01 23:18:33.905,NATGASMINI,FUT,0.0,NATGASMINI27OCT26FUT,287.3,750,SELL_AGGRESSOR,40722000,17058750
2026-10-01 23:18:33.905,NATGASMINI,PE,265.0,NATGASMINI23OCT26265PE,4.65,8000,BUY_AGGRESSOR,5833500,3219250
2026-10-01 23:18:33.905,NATGASMINI,CE,280.0,NATGASMINI23OCT26280CE,17.6,750,BUY_AGGRESSOR,3785750,385000
2026-10-01 23:18:33.905,NATGASMINI,PE,280.0,NATGASMINI23OCT26280PE,10.35,500,SELL_AGGRESSOR,9821750,1286000
2026-10-01 23:18:33.905,NATGASMINI,CE,285.0,NATGASMINI23OCT26285CE,15.15,250,SELL_AGGRESSOR,10519250,925000
2026-10-01 23:18:33.905,NATGASMINI,CE,290.0,NATGASMINI23OCT26290CE,13.05,1250,SELL_AGGRESSOR,25140750,3236250
2026-10-01 23:18:33.905,NATGASMINI,PE,290.0,NATGASMINI23OCT26290PE,15.75,12750,SELL_AGGRESSOR,18428250,1509750
2026-10-01 23:18:33.905,NATGASMINI,CE,295.0,NATGASMINI23OCT26295CE,11.25,1250,SELL_AGGRESSOR,12004250,1712500
2026-10-01 23:18:33.905,NATGASMINI,CE,300.0,NATGASMINI23OCT26300CE,9.7,1750,SELL_AGGRESSOR,12918500,3263250
2026-10-01 23:18:33.905,NATGASMINI,CE,305.0,NATGASMINI23OCT26305CE,8.35,500,SELL_AGGRESSOR,6089250,1687750
2026-10-01 23:18:33.905,NATGASMINI,CE,310.0,NATGASMINI23OCT26310CE,7.3,250,BUY_AGGRESSOR,5140750,1852500
2026-10-01 23:18:37.725,NATURALGAS,FUT,0.0,NATURALGAS27OCT26FUT,287.3,18750,SELL_AGGRESSOR,126401250,68911250
2026-10-01 23:18:37.725,NATURALGAS,PE,270.0,NATURALGAS23OCT26270PE,6.15,1250,SELL_AGGRESSOR,32736250,11390000
2026-10-01 23:18:37.725,NATURALGAS,PE,275.0,NATURALGAS23OCT26275PE,8.1,1250,BUY_AGGRESSOR,18321250,3588750
2026-10-01 23:18:37.725,NATURALGAS,PE,280.0,NATURALGAS23OCT26280PE,10.35,1250,SELL_AGGRESSOR,46836250,11765000
2026-10-01 23:18:37.725,NATURALGAS,PE,285.0,NATURALGAS23OCT26285PE,13.0,1250,BUY_AGGRESSOR,52957500,5523750
2026-10-01 23:18:37.725,NATURALGAS,CE,290.0,NATURALGAS23OCT26290CE,13.0,20000,SELL_AGGRESSOR,88375000,17156250
2026-10-01 23:18:37.725,NATURALGAS,CE,295.0,NATURALGAS23OCT26295CE,11.2,3750,SELL_AGGRESSOR,35153750,7115000
2026-10-01 23:18:37.725,NATURALGAS,CE,300.0,NATURALGAS23OCT26300CE,9.6,3750,SELL_AGGRESSOR,54395000,20411250
2026-10-01 23:18:37.725,NATURALGAS,PE,300.0,NATURALGAS23OCT26300PE,22.55,8750,BUY_AGGRESSOR,13950000,13863750
2026-10-01 23:18:37.725,NATGASMINI,PE,260.0,NATGASMINI23OCT26260PE,3.5,1000,BUY_AGGRESSOR,2416250,860750
2026-10-01 23:18:37.725,NATGASMINI,PE,280.0,NATGASMINI23OCT26280PE,10.35,500,SELL_AGGRESSOR,9822250,1286000
2026-10-01 23:18:37.725,NATGASMINI,CE,290.0,NATGASMINI23OCT26290CE,13.1,500,SELL_AGGRESSOR,25141250,3235750
2026-10-01 23:18:37.725,NATGASMINI,PE,290.0,NATGASMINI23OCT26290PE,15.7,1000,SELL_AGGRESSOR,18429250,1509750
2026-10-01 23:18:37.725,NATGASMINI,CE,295.0,NATGASMINI23OCT26295CE,11.25,1500,SELL_AGGRESSOR,12005750,1712250
2026-10-01 23:18:37.725,NATGASMINI,PE,295.0,NATGASMINI23OCT26295PE,18.85,500,SELL_AGGRESSOR,5288750,775500
2026-10-01 23:18:37.725,NATGASMINI,PE,300.0,NATGASMINI23OCT26300PE,22.35,250,BUY_AGGRESSOR,3055500,1044000
2026-10-01 23:18:41.600,NATURALGAS,FUT,0.0,NATURALGAS27OCT26FUT,287.4,47500,BUY_AGGRESSOR,126448750,68907500
2026-10-01 23:18:41.600,NATURALGAS,PE,260.0,NATURALGAS23OCT26260PE,3.45,1250,SELL_AGGRESSOR,27641250,10647500
2026-10-01 23:18:41.600,NATURALGAS,PE,270.0,NATURALGAS23OCT26270PE,6.2,1250,BUY_AGGRESSOR,32737500,11388750
2026-10-01 23:18:41.600,NATURALGAS,PE,275.0,NATURALGAS23OCT26275PE,8.1,42500,BUY_AGGRESSOR,18363750,3611250
2026-10-01 23:18:41.600,NATURALGAS,PE,280.0,NATURALGAS23OCT26280PE,10.4,1250,BUY_AGGRESSOR,46837500,11763750
2026-10-01 23:18:41.600,NATURALGAS,CE,290.0,NATURALGAS23OCT26290CE,13.0,13750,SELL_AGGRESSOR,88388750,17143750
2026-10-01 23:18:41.600,NATURALGAS,PE,290.0,NATURALGAS23OCT26290PE,15.85,8750,BUY_AGGRESSOR,76050000,12771250
2026-10-01 23:18:41.600,NATURALGAS,CE,295.0,NATURALGAS23OCT26295CE,11.2,1250,SELL_AGGRESSOR,35155000,7112500
2026-10-01 23:18:41.600,NATURALGAS,PE,295.0,NATURALGAS23OCT26295PE,19.05,1250,BUY_AGGRESSOR,15347500,5372500
2026-10-01 23:18:41.600,NATURALGAS,CE,305.0,NATURALGAS23OCT26305CE,8.3,1250,BUY_AGGRESSOR,20720000,8466250
2026-10-01 23:18:41.600,NATURALGAS,PE,305.0,NATURALGAS23OCT26305PE,26.05,1250,SELL_AGGRESSOR,2048750,2687500
2026-10-01 23:18:41.600,NATGASMINI,PE,275.0,NATGASMINI23OCT26275PE,8.15,250,BUY_AGGRESSOR,4931250,703750
2026-10-01 23:18:41.600,NATGASMINI,CE,300.0,NATGASMINI23OCT26300CE,9.7,250,SELL_AGGRESSOR,12918750,3263250
2026-10-01 23:18:41.600,NATGASMINI,PE,310.0,NATGASMINI23OCT26310PE,29.65,250,SELL_AGGRESSOR,445750,667750
2026-10-01 23:18:45.485,NATURALGAS,CE,280.0,NATURALGAS23OCT26280CE,17.45,1250,SELL_AGGRESSOR,26310000,4408750
2026-10-01 23:18:45.485,NATURALGAS,CE,285.0,NATURALGAS23OCT26285CE,15.1,2500,BUY_AGGRESSOR,35240000,5016250
2026-10-01 23:18:45.485,NATURALGAS,CE,290.0,NATURALGAS23OCT26290CE,13.0,1250,SELL_AGGRESSOR,88390000,17143750
2026-10-01 23:18:45.485,NATURALGAS,PE,290.0,NATURALGAS23OCT26290PE,15.85,2500,BUY_AGGRESSOR,76052500,12762500
2026-10-01 23:18:45.485,NATURALGAS,CE,300.0,NATURALGAS23OCT26300CE,9.6,8750,SELL_AGGRESSOR,54403750,20410000
2026-10-01 23:18:45.485,NATURALGAS,CE,310.0,NATURALGAS23OCT26310CE,7.2,6250,BUY_AGGRESSOR,31807500,11331250
2026-10-01 23:18:45.485,NATGASMINI,FUT,0.0,NATGASMINI27OCT26FUT,287.3,750,SELL_AGGRESSOR,40722750,17058500
2026-10-01 23:18:45.485,NATGASMINI,PE,265.0,NATGASMINI23OCT26265PE,4.7,1250,BUY_AGGRESSOR,5834750,3219250
2026-10-01 23:18:45.485,NATGASMINI,CE,285.0,NATGASMINI23OCT26285CE,15.15,12000,SELL_AGGRESSOR,10531250,924000
2026-10-01 23:18:45.485,NATGASMINI,CE,295.0,NATGASMINI23OCT26295CE,11.3,250,BUY,12006000,1712250
2026-10-01 23:18:49.368,NATURALGAS,PE,255.0,NATURALGAS23OCT26255PE,2.5,5000,BUY_AGGRESSOR,7276250,2143750
2026-10-01 23:18:49.368,NATURALGAS,PE,280.0,NATURALGAS23OCT26280PE,10.4,3750,BUY_AGGRESSOR,46841250,11760000
2026-10-01 23:18:49.368,NATURALGAS,PE,285.0,NATURALGAS23OCT26285PE,13.0,2500,BUY_AGGRESSOR,52960000,5520000
2026-10-01 23:18:49.368,NATURALGAS,CE,290.0,NATURALGAS23OCT26290CE,13.0,1250,SELL_AGGRESSOR,88391250,17132500
2026-10-01 23:18:49.368,NATURALGAS,PE,290.0,NATURALGAS23OCT26290PE,15.75,2500,SELL_AGGRESSOR,76055000,12761250
2026-10-01 23:18:49.368,NATURALGAS,CE,305.0,NATURALGAS23OCT26305CE,8.25,1250,SELL_AGGRESSOR,20721250,8465000
2026-10-01 23:18:49.368,NATGASMINI,PE,265.0,NATGASMINI23OCT26265PE,4.65,1500,SELL_AGGRESSOR,5836250,3219250
2026-10-01 23:18:49.368,NATGASMINI,CE,290.0,NATGASMINI23OCT26290CE,13.1,3000,SELL_AGGRESSOR,25144250,3234250
2026-10-01 23:18:49.368,NATGASMINI,CE,305.0,NATGASMINI23OCT26305CE,8.35,5000,SELL_AGGRESSOR,6094250,1687750
2026-10-01 23:18:53.182,NATURALGAS,PE,260.0,NATURALGAS23OCT26260PE,3.45,1250,SELL_AGGRESSOR,27642500,10645000
2026-10-01 23:18:53.182,NATURALGAS,PE,270.0,NATURALGAS23OCT26270PE,6.15,6250,SELL_AGGRESSOR,32743750,11388750
2026-10-01 23:18:53.182,NATURALGAS,PE,280.0,NATURALGAS23OCT26280PE,10.4,13750,BUY_AGGRESSOR,46855000,11753750
2026-10-01 23:18:53.182,NATURALGAS,PE,285.0,NATURALGAS23OCT26285PE,12.9,2500,SELL_AGGRESSOR,52962500,5517500
2026-10-01 23:18:53.182,NATURALGAS,CE,295.0,NATURALGAS23OCT26295CE,11.2,12500,SELL_AGGRESSOR,35167500,7101250
2026-10-01 23:18:53.182,NATURALGAS,CE,310.0,NATURALGAS23OCT26310CE,7.2,1250,BUY_AGGRESSOR,31808750,11332500
2026-10-01 23:18:53.182,NATGASMINI,PE,270.0,NATGASMINI23OCT26270PE,6.2,1000,SELL_AGGRESSOR,4154500,982000
2026-10-01 23:18:53.182,NATGASMINI,PE,280.0,NATGASMINI23OCT26280PE,10.35,250,SELL_AGGRESSOR,9822500,1286000
2026-10-01 23:18:53.182,NATGASMINI,CE,290.0,NATGASMINI23OCT26290CE,13.1,250,SELL_AGGRESSOR,25144500,3232500
2026-10-01 23:18:53.182,NATGASMINI,PE,290.0,NATGASMINI23OCT26290PE,15.7,750,SELL_AGGRESSOR,18430000,1509500
2026-10-01 23:18:53.182,NATGASMINI,CE,295.0,NATGASMINI23OCT26295CE,11.25,2250,SELL_AGGRESSOR,12008250,1712250
2026-10-01 23:18:57.052,NATURALGAS,FUT,0.0,NATURALGAS27OCT26FUT,287.5,62500,BUY_AGGRESSOR,126511250,68875000
2026-10-01 23:18:57.052,NATURALGAS,PE,260.0,NATURALGAS23OCT26260PE,3.45,52500,SELL_AGGRESSOR,27695000,10645000
2026-10-01 23:18:57.052,NATURALGAS,PE,265.0,NATURALGAS23OCT26265PE,4.6,2500,SELL_AGGRESSOR,12897500,4326250
2026-10-01 23:18:57.052,NATURALGAS,CE,270.0,NATURALGAS23OCT26270CE,23.4,6250,BUY_AGGRESSOR,3046250,1063750
2026-10-01 23:18:57.052,NATURALGAS,PE,270.0,NATURALGAS23OCT26270PE,6.1,20000,SELL_AGGRESSOR,32763750,11390000
2026-10-01 23:18:57.052,NATURALGAS,PE,275.0,NATURALGAS23OCT26275PE,8.1,2500,SELL_AGGRESSOR,18366250,3612500
2026-10-01 23:18:57.052,NATURALGAS,CE,280.0,NATURALGAS23OCT26280CE,17.55,12500,BUY_AGGRESSOR,26322500,4396250
2026-10-01 23:18:57.052,NATURALGAS,PE,280.0,NATURALGAS23OCT26280PE,10.35,7500,SELL_AGGRESSOR,46862500,11747500
2026-10-01 23:18:57.052,NATURALGAS,CE,285.0,NATURALGAS23OCT26285CE,15.15,51250,BUY_AGGRESSOR,35291250,5028750
2026-10-01 23:18:57.052,NATURALGAS,PE,285.0,NATURALGAS23OCT26285PE,12.9,1250,SELL_AGGRESSOR,52963750,5516250
2026-10-01 23:18:57.052,NATURALGAS,CE,290.0,NATURALGAS23OCT26290CE,13.05,78750,BUY_AGGRESSOR,88470000,17132500
2026-10-01 23:18:57.052,NATURALGAS,CE,295.0,NATURALGAS23OCT26295CE,11.25,5000,BUY_AGGRESSOR,35172500,7101250
2026-10-01 23:18:57.052,NATURALGAS,PE,295.0,NATURALGAS23OCT26295PE,18.95,8750,SELL_AGGRESSOR,15356250,5368750
2026-10-01 23:18:57.052,NATURALGAS,CE,300.0,NATURALGAS23OCT26300CE,9.7,55000,BUY_AGGRESSOR,54458750,20401250
2026-10-01 23:18:57.052,NATURALGAS,PE,300.0,NATURALGAS23OCT26300PE,22.45,15000,SELL_AGGRESSOR,13965000,13865000
2026-10-01 23:18:57.052,NATURALGAS,CE,305.0,NATURALGAS23OCT26305CE,8.35,2500,BUY_AGGRESSOR,20723750,8466250
2026-10-01 23:18:57.052,NATURALGAS,PE,305.0,NATURALGAS23OCT26305PE,26.05,2500,SELL_AGGRESSOR,2051250,2687500
2026-10-01 23:18:57.052,NATURALGAS,CE,310.0,NATURALGAS23OCT26310CE,7.2,42500,BUY_AGGRESSOR,31851250,11375000
2026-10-01 23:18:57.052,NATURALGAS,PE,310.0,NATURALGAS23OCT26310PE,29.95,6250,SELL_AGGRESSOR,2436250,4516250
2026-10-01 23:18:57.052,NATURALGAS,CE,315.0,NATURALGAS23OCT26315CE,6.2,23750,BUY_AGGRESSOR,11576250,3427500
2026-10-01 23:18:57.052,NATGASMINI,FUT,0.0,NATGASMINI27OCT26FUT,287.4,24500,BUY_AGGRESSOR,40747250,17068250
2026-10-01 23:18:57.052,NATGASMINI,PE,270.0,NATGASMINI23OCT26270PE,6.2,250,SELL_AGGRESSOR,4154750,982250
2026-10-01 23:18:57.052,NATGASMINI,CE,275.0,NATGASMINI23OCT26275CE,20.5,2250,BUY_AGGRESSOR,1327500,73500
2026-10-01 23:18:57.052,NATGASMINI,PE,275.0,NATGASMINI23OCT26275PE,8.15,1500,BUY_AGGRESSOR,4932750,702500
2026-10-01 23:18:57.052,NATGASMINI,CE,280.0,NATGASMINI23OCT26280CE,17.65,2250,BUY_AGGRESSOR,3788000,387000
2026-10-01 23:18:57.052,NATGASMINI,PE,280.0,NATGASMINI23OCT26280PE,10.35,500,SELL_AGGRESSOR,9823000,1285750
2026-10-01 23:18:57.052,NATGASMINI,CE,285.0,NATGASMINI23OCT26285CE,15.3,7250,BUY_AGGRESSOR,10538500,921000
2026-10-01 23:18:57.052,NATGASMINI,PE,285.0,NATGASMINI23OCT26285PE,12.95,1750,BUY,19581000,1185500
2026-10-01 23:18:57.052,NATGASMINI,CE,290.0,NATGASMINI23OCT26290CE,13.2,9500,BUY_AGGRESSOR,25154000,3236000
2026-10-01 23:18:57.052,NATGASMINI,PE,290.0,NATGASMINI23OCT26290PE,15.8,500,BUY,18430500,1509500
2026-10-01 23:18:57.052,NATGASMINI,PE,295.0,NATGASMINI23OCT26295PE,18.9,250,SELL_AGGRESSOR,5289000,775500
2026-10-01 23:18:57.052,NATGASMINI,PE,300.0,NATGASMINI23OCT26300PE,22.25,250,SELL_AGGRESSOR,3055750,1044000
2026-10-01 23:18:57.052,NATGASMINI,CE,310.0,NATGASMINI23OCT26310CE,7.3,8250,BUY_AGGRESSOR,5149000,1851250
2026-10-01 23:18:57.052,NATGASMINI,CE,315.0,NATGASMINI23OCT26315CE,6.3,4500,BUY_AGGRESSOR,2732000,1228750
2026-10-01 23:19:00.929,NATURALGAS,PE,260.0,NATURALGAS23OCT26260PE,3.45,1250,SELL_AGGRESSOR,27696250,10643750
2026-10-01 23:19:00.929,NATURALGAS,PE,270.0,NATURALGAS23OCT26270PE,6.2,46250,BUY_AGGRESSOR,32810000,11386250
2026-10-01 23:19:00.929,NATURALGAS,CE,280.0,NATURALGAS23OCT26280CE,17.6,5000,BUY_AGGRESSOR,26327500,4391250
2026-10-01 23:19:00.929,NATURALGAS,PE,280.0,NATURALGAS23OCT26280PE,10.35,3750,SELL_AGGRESSOR,46866250,11746250
2026-10-01 23:19:00.929,NATURALGAS,CE,285.0,NATURALGAS23OCT26285CE,15.2,40000,BUY_AGGRESSOR,35331250,5028750
2026-10-01 23:19:00.929,NATURALGAS,PE,285.0,NATURALGAS23OCT26285PE,13.0,41250,BUY_AGGRESSOR,53005000,5513750
2026-10-01 23:19:00.929,NATURALGAS,CE,290.0,NATURALGAS23OCT26290CE,13.1,63750,BUY_AGGRESSOR,88533750,17115000
2026-10-01 23:19:00.929,NATURALGAS,PE,290.0,NATURALGAS23OCT26290PE,15.85,25000,BUY_AGGRESSOR,76080000,12755000
2026-10-01 23:19:00.929,NATURALGAS,CE,295.0,NATURALGAS23OCT26295CE,11.25,2500,SELL_AGGRESSOR,35175000,7100000
2026-10-01 23:19:00.929,NATURALGAS,PE,295.0,NATURALGAS23OCT26295PE,19.0,1250,BUY_AGGRESSOR,15357500,5368750
2026-10-01 23:19:00.929,NATURALGAS,CE,300.0,NATURALGAS23OCT26300CE,9.65,18750,SELL_AGGRESSOR,54477500,20401250
2026-10-01 23:19:00.929,NATURALGAS,PE,300.0,NATURALGAS23OCT26300PE,22.5,5000,BUY_AGGRESSOR,13970000,13863750
2026-10-01 23:19:00.929,NATURALGAS,CE,310.0,NATURALGAS23OCT26310CE,7.25,32500,BUY_AGGRESSOR,31883750,11375000
2026-10-01 23:19:00.929,NATGASMINI,FUT,0.0,NATGASMINI27OCT26FUT,287.4,1250,SELL_AGGRESSOR,40748500,17068250
2026-10-01 23:19:00.929,NATGASMINI,PE,275.0,NATGASMINI23OCT26275PE,8.15,3000,BUY_AGGRESSOR,4935750,702250
2026-10-01 23:19:00.929,NATGASMINI,PE,280.0,NATGASMINI23OCT26280PE,10.4,6000,BUY_AGGRESSOR,9829000,1282000
2026-10-01 23:19:00.929,NATGASMINI,CE,285.0,NATGASMINI23OCT26285CE,15.3,5500,BUY_AGGRESSOR,10544000,918000
2026-10-01 23:19:00.929,NATGASMINI,PE,285.0,NATGASMINI23OCT26285PE,12.95,3500,BUY_AGGRESSOR,19584500,1184500
2026-10-01 23:19:00.929,NATGASMINI,CE,290.0,NATGASMINI23OCT26290CE,13.2,15500,BUY_AGGRESSOR,25169500,3233750
2026-10-01 23:19:00.929,NATGASMINI,PE,290.0,NATGASMINI23OCT26290PE,15.8,7750,BUY_AGGRESSOR,18438250,1505750
2026-10-01 23:19:00.929,NATGASMINI,CE,295.0,NATGASMINI23OCT26295CE,11.4,6250,BUY_AGGRESSOR,12014500,1712000
2026-10-01 23:19:00.929,NATGASMINI,CE,300.0,NATGASMINI23OCT26300CE,9.8,6500,BUY_AGGRESSOR,12925250,3262250
2026-10-01 23:19:00.929,NATGASMINI,CE,310.0,NATGASMINI23OCT26310CE,7.3,1250,SELL_AGGRESSOR,5150250,1850000
2026-10-01 23:19:04.797,NATURALGAS,FUT,0.0,NATURALGAS27OCT26FUT,287.4,7500,SELL_AGGRESSOR,126518750,68872500
2026-10-01 23:19:04.797,NATURALGAS,PE,260.0,NATURALGAS23OCT26260PE,3.45,3750,SELL_AGGRESSOR,27700000,10641250
2026-10-01 23:19:04.797,NATURALGAS,PE,270.0,NATURALGAS23OCT26270PE,6.2,17500,BUY_AGGRESSOR,32827500,11386250
2026-10-01 23:19:04.797,NATURALGAS,CE,285.0,NATURALGAS23OCT26285CE,15.2,7500,BUY_AGGRESSOR,35338750,4996250
2026-10-01 23:19:04.797,NATURALGAS,PE,285.0,NATURALGAS23OCT26285PE,12.95,7500,SELL,53012500,5511250
2026-10-01 23:19:04.797,NATURALGAS,CE,290.0,NATURALGAS23OCT26290CE,13.1,147500,BUY_AGGRESSOR,88681250,17107500
2026-10-01 23:19:04.797,NATURALGAS,PE,290.0,NATURALGAS23OCT26290PE,15.8,22500,SELL_AGGRESSOR,76102500,12745000
2026-10-01 23:19:04.797,NATURALGAS,CE,300.0,NATURALGAS23OCT26300CE,9.7,21250,BUY_AGGRESSOR,54498750,20406250
2026-10-01 23:19:04.797,NATURALGAS,CE,310.0,NATURALGAS23OCT26310CE,7.25,20000,BUY_AGGRESSOR,31903750,11375000
2026-10-01 23:19:04.797,NATGASMINI,PE,270.0,NATGASMINI23OCT26270PE,6.15,750,SELL_AGGRESSOR,4155500,981500
2026-10-01 23:19:04.797,NATGASMINI,PE,275.0,NATGASMINI23OCT26275PE,8.05,1500,SELL_AGGRESSOR,4937250,701500
2026-10-01 23:19:04.797,NATGASMINI,CE,280.0,NATGASMINI23OCT26280CE,17.7,2750,BUY_AGGRESSOR,3790750,387000
2026-10-01 23:19:04.797,NATGASMINI,PE,280.0,NATGASMINI23OCT26280PE,10.4,6500,BUY_AGGRESSOR,9835500,1274750
2026-10-01 23:19:04.797,NATGASMINI,PE,285.0,NATGASMINI23OCT26285PE,12.95,9000,BUY_AGGRESSOR,19593500,1175250
2026-10-01 23:19:04.797,NATGASMINI,CE,290.0,NATGASMINI23OCT26290CE,13.2,19000,BUY_AGGRESSOR,25188500,3228500
2026-10-01 23:19:04.797,NATGASMINI,PE,290.0,NATGASMINI23OCT26290PE,15.8,4250,BUY_AGGRESSOR,18442500,1500250
2026-10-01 23:19:04.797,NATGASMINI,CE,295.0,NATGASMINI23OCT26295CE,11.4,7750,BUY_AGGRESSOR,12022250,1709250
2026-10-01 23:19:04.797,NATGASMINI,CE,300.0,NATGASMINI23OCT26300CE,9.8,1500,BUY_AGGRESSOR,12926750,3255250
2026-10-01 23:19:04.797,NATGASMINI,CE,310.0,NATGASMINI23OCT26310CE,7.3,250,INSIDE,5150500,1850000
2026-10-01 23:19:04.797,NATGASMINI,PE,315.0,NATGASMINI23OCT26315PE,33.5,500,SELL,105250,251750
2026-10-01 23:19:08.658,NATURALGAS,PE,270.0,NATURALGAS23OCT26270PE,6.15,1250,SELL_AGGRESSOR,32828750,11341250
2026-10-01 23:19:08.658,NATURALGAS,PE,275.0,NATURALGAS23OCT26275PE,8.1,3750,BUY_AGGRESSOR,18370000,3608750
2026-10-01 23:19:08.658,NATURALGAS,PE,280.0,NATURALGAS23OCT26280PE,10.4,1250,BUY_AGGRESSOR,46867500,11742500
2026-10-01 23:19:08.658,NATURALGAS,PE,285.0,NATURALGAS23OCT26285PE,13.0,10000,BUY_AGGRESSOR,53022500,5502500
2026-10-01 23:19:08.658,NATURALGAS,CE,290.0,NATURALGAS23OCT26290CE,13.1,8750,INSIDE,88690000,17066250
2026-10-01 23:19:08.658,NATURALGAS,PE,290.0,NATURALGAS23OCT26290PE,15.85,15000,BUY_AGGRESSOR,76117500,12741250
2026-10-01 23:19:08.658,NATURALGAS,CE,300.0,NATURALGAS23OCT26300CE,9.7,26250,BUY_AGGRESSOR,54525000,20402500
2026-10-01 23:19:08.658,NATURALGAS,CE,310.0,NATURALGAS23OCT26310CE,7.25,26250,BUY_AGGRESSOR,31930000,11373750
2026-10-01 23:19:08.658,NATGASMINI,FUT,0.0,NATGASMINI27OCT26FUT,287.4,1000,SELL_AGGRESSOR,40749500,17067250
2026-10-01 23:19:08.658,NATGASMINI,PE,280.0,NATGASMINI23OCT26280PE,10.3,250,SELL_AGGRESSOR,9835750,1274750
2026-10-01 23:19:08.658,NATGASMINI,PE,285.0,NATGASMINI23OCT26285PE,12.95,2500,BUY_AGGRESSOR,19596000,1171000
2026-10-01 23:19:08.658,NATGASMINI,CE,305.0,NATGASMINI23OCT26305CE,8.4,1000,SELL_AGGRESSOR,6095250,1686750
2026-10-01 23:19:12.537,NATURALGAS,FUT,0.0,NATURALGAS27OCT26FUT,287.4,1250,SELL_AGGRESSOR,126520000,68871250
2026-10-01 23:19:12.537,NATURALGAS,PE,260.0,NATURALGAS23OCT26260PE,3.45,2500,SELL_AGGRESSOR,27702500,10640000
2026-10-01 23:19:12.537,NATURALGAS,CE,290.0,NATURALGAS23OCT26290CE,13.05,1250,SELL_AGGRESSOR,88691250,17066250
2026-10-01 23:19:12.537,NATURALGAS,PE,290.0,NATURALGAS23OCT26290PE,15.85,1250,BUY_AGGRESSOR,76118750,12741250
2026-10-01 23:19:12.537,NATURALGAS,CE,295.0,NATURALGAS23OCT26295CE,11.3,1250,BUY_AGGRESSOR,35176250,7097500
2026-10-01 23:19:12.537,NATURALGAS,CE,300.0,NATURALGAS23OCT26300CE,9.75,22500,BUY_AGGRESSOR,54547500,20380000
2026-10-01 23:19:12.537,NATURALGAS,CE,310.0,NATURALGAS23OCT26310CE,7.25,20000,BUY_AGGRESSOR,31950000,11343750
2026-10-01 23:19:12.537,NATGASMINI,FUT,0.0,NATGASMINI27OCT26FUT,287.4,3500,SELL_AGGRESSOR,40753000,17064000
2026-10-01 23:19:12.537,NATGASMINI,PE,265.0,NATGASMINI23OCT26265PE,4.6,1250,SELL_AGGRESSOR,5837500,3219250
2026-10-01 23:19:12.537,NATGASMINI,CE,270.0,NATGASMINI23OCT26270CE,23.7,250,BUY_AGGRESSOR,716500,151750
2026-10-01 23:19:12.537,NATGASMINI,CE,280.0,NATGASMINI23OCT26280CE,17.65,750,SELL_AGGRESSOR,3791500,387250
2026-10-01 23:19:12.537,NATGASMINI,CE,285.0,NATGASMINI23OCT26285CE,15.2,250,SELL_AGGRESSOR,10544250,916000
2026-10-01 23:19:12.537,NATGASMINI,PE,285.0,NATGASMINI23OCT26285PE,12.85,250,SELL_AGGRESSOR,19596250,1171000
2026-10-01 23:19:12.537,NATGASMINI,CE,290.0,NATGASMINI23OCT26290CE,13.2,500,BUY_AGGRESSOR,25189000,3207750
2026-10-01 23:19:16.435,NATURALGAS,FUT,0.0,NATURALGAS27OCT26FUT,287.4,1250,SELL_AGGRESSOR,126521250,68870000
2026-10-01 23:19:16.435,NATURALGAS,PE,275.0,NATURALGAS23OCT26275PE,8.1,1250,INSIDE,18371250,3607500
2026-10-01 23:19:16.435,NATURALGAS,CE,280.0,NATURALGAS23OCT26280CE,17.6,5000,BUY_AGGRESSOR,26332500,4391250
2026-10-01 23:19:16.435,NATURALGAS,PE,280.0,NATURALGAS23OCT26280PE,10.4,1250,BUY_AGGRESSOR,46868750,11741250
2026-10-01 23:19:16.435,NATURALGAS,PE,285.0,NATURALGAS23OCT26285PE,12.95,3750,SELL,53026250,5502500
2026-10-01 23:19:16.435,NATURALGAS,CE,290.0,NATURALGAS23OCT26290CE,13.1,3750,BUY_AGGRESSOR,88695000,16912500
2026-10-01 23:19:16.435,NATURALGAS,CE,295.0,NATURALGAS23OCT26295CE,11.25,1250,SELL_AGGRESSOR,35177500,7096250
2026-10-01 23:19:16.435,NATURALGAS,CE,300.0,NATURALGAS23OCT26300CE,9.75,53750,BUY_AGGRESSOR,54601250,20341250
2026-10-01 23:19:16.435,NATURALGAS,PE,300.0,NATURALGAS23OCT26300PE,22.4,2500,SELL,13972500,13863750
2026-10-01 23:19:16.435,NATURALGAS,CE,310.0,NATURALGAS23OCT26310CE,7.25,15000,BUY_AGGRESSOR,31965000,11341250
2026-10-01 23:19:16.435,NATGASMINI,FUT,0.0,NATGASMINI27OCT26FUT,287.4,25500,SELL_AGGRESSOR,40778500,17064500
2026-10-01 23:19:16.435,NATGASMINI,PE,265.0,NATGASMINI23OCT26265PE,4.6,250,SELL_AGGRESSOR,5837750,3219250
2026-10-01 23:19:16.435,NATGASMINI,PE,275.0,NATGASMINI23OCT26275PE,8.05,250,SELL_AGGRESSOR,4937500,699250
2026-10-01 23:19:16.435,NATGASMINI,CE,285.0,NATGASMINI23OCT26285CE,15.2,250,SELL_AGGRESSOR,10544500,916250
2026-10-01 23:19:16.435,NATGASMINI,PE,285.0,NATGASMINI23OCT26285PE,12.95,4000,BUY_AGGRESSOR,19600250,1170500
2026-10-01 23:19:16.435,NATGASMINI,CE,290.0,NATGASMINI23OCT26290CE,13.1,750,SELL_AGGRESSOR,25189750,3207000
2026-10-01 23:19:16.435,NATGASMINI,PE,290.0,NATGASMINI23OCT26290PE,15.75,250,SELL_AGGRESSOR,18442750,1500000
2026-10-01 23:19:16.435,NATGASMINI,CE,300.0,NATGASMINI23OCT26300CE,9.8,5250,BUY_AGGRESSOR,12932000,3255250
2026-10-01 23:19:16.435,NATGASMINI,PE,300.0,NATGASMINI23OCT26300PE,22.25,4750,INSIDE,3060500,1043750
2026-10-01 23:19:16.435,NATGASMINI,CE,305.0,NATGASMINI23OCT26305CE,8.45,500,BUY_AGGRESSOR,6095750,1686250
2026-10-01 23:19:20.324,NATURALGAS,FUT,0.0,NATURALGAS27OCT26FUT,287.4,1250,SELL_AGGRESSOR,126522500,68868750
2026-10-01 23:19:20.324,NATURALGAS,PE,260.0,NATURALGAS23OCT26260PE,3.45,2500,SELL_AGGRESSOR,27705000,10636250
2026-10-01 23:19:20.324,NATURALGAS,PE,280.0,NATURALGAS23OCT26280PE,10.35,1250,SELL_AGGRESSOR,46870000,11740000
2026-10-01 23:19:20.324,NATURALGAS,CE,285.0,NATURALGAS23OCT26285CE,15.15,1250,SELL_AGGRESSOR,35340000,4995000
2026-10-01 23:19:20.324,NATURALGAS,PE,285.0,NATURALGAS23OCT26285PE,13.0,1250,BUY_AGGRESSOR,53027500,5497500
2026-10-01 23:19:20.324,NATURALGAS,CE,290.0,NATURALGAS23OCT26290CE,13.05,1250,SELL_AGGRESSOR,88696250,16911250
2026-10-01 23:19:20.324,NATURALGAS,PE,290.0,NATURALGAS23OCT26290PE,15.8,1250,BUY_AGGRESSOR,76120000,12742500
2026-10-01 23:19:20.324,NATURALGAS,CE,295.0,NATURALGAS23OCT26295CE,11.3,1250,BUY_AGGRESSOR,35178750,7095000
2026-10-01 23:19:20.324,NATURALGAS,CE,300.0,NATURALGAS23OCT26300CE,9.75,26250,BUY_AGGRESSOR,54627500,20298750
2026-10-01 23:19:20.324,NATGASMINI,FUT,0.0,NATGASMINI27OCT26FUT,287.4,500,SELL_AGGRESSOR,40779000,17062250
2026-10-01 23:19:20.324,NATGASMINI,CE,295.0,NATGASMINI23OCT26295CE,11.35,250,SELL_AGGRESSOR,12022500,1698000
2026-10-01 23:19:24.191,NATURALGAS,FUT,0.0,NATURALGAS27OCT26FUT,287.4,1250,SELL_AGGRESSOR,126523750,68867500
2026-10-01 23:19:24.191,NATURALGAS,PE,260.0,NATURALGAS23OCT26260PE,3.45,5000,SELL_AGGRESSOR,27710000,10635000
2026-10-01 23:19:24.191,NATURALGAS,CE,290.0,NATURALGAS23OCT26290CE,13.1,5000,BUY_AGGRESSOR,88701250,16911250
2026-10-01 23:19:24.191,NATURALGAS,PE,290.0,NATURALGAS23OCT26290PE,15.75,2500,SELL_AGGRESSOR,76122500,12741250
2026-10-01 23:19:24.191,NATURALGAS,CE,300.0,NATURALGAS23OCT26300CE,9.75,26250,BUY_AGGRESSOR,54653750,20271250
2026-10-01 23:19:24.191,NATGASMINI,FUT,0.0,NATGASMINI27OCT26FUT,287.6,4000,BUY_AGGRESSOR,40783000,17059250
2026-10-01 23:19:24.191,NATGASMINI,PE,260.0,NATGASMINI23OCT26260PE,3.5,1250,BUY_AGGRESSOR,2417500,859500
2026-10-01 23:19:24.191,NATGASMINI,PE,270.0,NATGASMINI23OCT26270PE,6.2,1000,SELL_AGGRESSOR,4156500,981500
2026-10-01 23:19:24.191,NATGASMINI,PE,280.0,NATGASMINI23OCT26280PE,10.3,750,SELL_AGGRESSOR,9836500,1275500
2026-10-01 23:19:24.191,NATGASMINI,PE,285.0,NATGASMINI23OCT26285PE,12.9,750,SELL_AGGRESSOR,19601000,1167500
2026-10-01 23:19:24.191,NATGASMINI,CE,290.0,NATGASMINI23OCT26290CE,13.2,250,BUY_AGGRESSOR,25190000,3207000
2026-10-01 23:19:24.191,NATGASMINI,PE,290.0,NATGASMINI23OCT26290PE,15.75,250,INSIDE,18443000,1499750
2026-10-01 23:19:29.101,NATURALGAS,PE,275.0,NATURALGAS23OCT26275PE,8.1,1250,BUY_AGGRESSOR,18372500,3607500
2026-10-01 23:19:29.101,NATURALGAS,PE,280.0,NATURALGAS23OCT26280PE,10.4,1250,BUY_AGGRESSOR,46871250,11738750
2026-10-01 23:19:29.101,NATURALGAS,PE,285.0,NATURALGAS23OCT26285PE,12.95,1250,BUY_AGGRESSOR,53028750,5497500
2026-10-01 23:19:29.101,NATURALGAS,CE,290.0,NATURALGAS23OCT26290CE,13.1,22500,BUY_AGGRESSOR,88723750,16891250
2026-10-01 23:19:29.101,NATGASMINI,FUT,0.0,NATGASMINI27OCT26FUT,287.5,500,SELL_AGGRESSOR,40783500,17059250
2026-10-01 23:19:29.101,NATGASMINI,CE,270.0,NATGASMINI23OCT26270CE,23.7,500,BUY_AGGRESSOR,717000,151250
2026-10-01 23:19:29.101,NATGASMINI,PE,280.0,NATGASMINI23OCT26280PE,10.35,250,BUY,9836750,1275500
2026-10-01 23:19:29.101,NATGASMINI,PE,285.0,NATGASMINI23OCT26285PE,12.9,1000,SELL_AGGRESSOR,19602000,1166750
2026-10-01 23:19:29.101,NATGASMINI,CE,290.0,NATGASMINI23OCT26290CE,13.15,2000,SELL_AGGRESSOR,25192000,3205000
2026-10-01 23:19:33.015,NATURALGAS,PE,260.0,NATURALGAS23OCT26260PE,3.45,1250,SELL_AGGRESSOR,27711250,10635000
2026-10-01 23:19:33.015,NATURALGAS,PE,275.0,NATURALGAS23OCT26275PE,8.05,2500,SELL_AGGRESSOR,18375000,3607500
2026-10-01 23:19:33.015,NATURALGAS,PE,280.0,NATURALGAS23OCT26280PE,10.4,21250,BUY_AGGRESSOR,46892500,11718750
2026-10-01 23:19:33.015,NATURALGAS,PE,285.0,NATURALGAS23OCT26285PE,12.95,22500,BUY_AGGRESSOR,53051250,5497500
2026-10-01 23:19:33.015,NATURALGAS,CE,290.0,NATURALGAS23OCT26290CE,13.15,47500,BUY_AGGRESSOR,88771250,16846250
2026-10-01 23:19:33.015,NATURALGAS,PE,290.0,NATURALGAS23OCT26290PE,15.8,25000,BUY_AGGRESSOR,76147500,12725000
2026-10-01 23:19:33.015,NATURALGAS,CE,295.0,NATURALGAS23OCT26295CE,11.3,23750,BUY_AGGRESSOR,35202500,7072500
2026-10-01 23:19:33.015,NATURALGAS,CE,300.0,NATURALGAS23OCT26300CE,9.75,21250,BUY_AGGRESSOR,54675000,20251250
2026-10-01 23:19:33.015,NATURALGAS,CE,310.0,NATURALGAS23OCT26310CE,7.2,1250,SELL_AGGRESSOR,31966250,11341250
2026-10-01 23:19:33.015,NATGASMINI,FUT,0.0,NATGASMINI27OCT26FUT,287.5,4750,SELL_AGGRESSOR,40788250,17054500
2026-10-01 23:19:33.015,NATGASMINI,PE,260.0,NATGASMINI23OCT26260PE,3.5,1000,BUY_AGGRESSOR,2418500,859500
2026-10-01 23:19:33.015,NATGASMINI,PE,280.0,NATGASMINI23OCT26280PE,10.3,1250,SELL_AGGRESSOR,9838000,1275500
2026-10-01 23:19:33.015,NATGASMINI,PE,285.0,NATGASMINI23OCT26285PE,12.95,1250,BUY_AGGRESSOR,19603250,1165500
2026-10-01 23:19:33.015,NATGASMINI,CE,290.0,NATGASMINI23OCT26290CE,13.15,3250,SELL_AGGRESSOR,25195250,3201750
2026-10-01 23:19:33.015,NATGASMINI,PE,290.0,NATGASMINI23OCT26290PE,15.7,2750,SELL_AGGRESSOR,18445750,1499000
2026-10-01 23:19:33.015,NATGASMINI,CE,295.0,NATGASMINI23OCT26295CE,11.35,250,SELL_AGGRESSOR,12022750,1697750
2026-10-01 23:19:33.015,NATGASMINI,PE,295.0,NATGASMINI23OCT26295PE,18.9,1000,BUY_AGGRESSOR,5290000,774500
2026-10-01 23:19:33.015,NATGASMINI,CE,300.0,NATGASMINI23OCT26300CE,9.75,2000,SELL_AGGRESSOR,12934000,3255250
2026-10-01 23:19:33.015,NATGASMINI,CE,315.0,NATGASMINI23OCT26315CE,6.3,250,INSIDE,2732250,1228500
2026-10-01 23:19:36.816,NATURALGAS,FUT,0.0,NATURALGAS27OCT26FUT,287.4,1250,SELL_AGGRESSOR,126525000,68866250
2026-10-01 23:19:36.816,NATURALGAS,CE,280.0,NATURALGAS23OCT26280CE,17.6,5000,SELL_AGGRESSOR,26337500,4386250
2026-10-01 23:19:36.816,NATURALGAS,PE,280.0,NATURALGAS23OCT26280PE,10.4,56250,BUY_AGGRESSOR,46948750,11687500
2026-10-01 23:19:36.816,NATURALGAS,PE,285.0,NATURALGAS23OCT26285PE,13.0,58750,BUY_AGGRESSOR,53110000,5471250
2026-10-01 23:19:36.816,NATURALGAS,CE,290.0,NATURALGAS23OCT26290CE,13.15,56250,BUY_AGGRESSOR,88827500,16790000
2026-10-01 23:19:36.816,NATURALGAS,PE,290.0,NATURALGAS23OCT26290PE,15.85,57500,BUY_AGGRESSOR,76205000,12718750
2026-10-01 23:19:36.816,NATURALGAS,CE,295.0,NATURALGAS23OCT26295CE,11.35,52500,BUY_AGGRESSOR,35255000,7041250
2026-10-01 23:19:36.816,NATURALGAS,CE,300.0,NATURALGAS23OCT26300CE,9.75,52500,BUY_AGGRESSOR,54727500,20205000
2026-10-01 23:19:36.816,NATURALGAS,PE,300.0,NATURALGAS23OCT26300PE,22.35,1250,SELL_AGGRESSOR,13973750,13862500
2026-10-01 23:19:36.816,NATURALGAS,CE,315.0,NATURALGAS23OCT26315CE,6.2,1250,SELL_AGGRESSOR,11577500,3427500
2026-10-01 23:19:36.816,NATGASMINI,PE,265.0,NATGASMINI23OCT26265PE,4.65,1500,BUY_AGGRESSOR,5839250,3219250
2026-10-01 23:19:36.816,NATGASMINI,PE,275.0,NATGASMINI23OCT26275PE,8.1,500,SELL_AGGRESSOR,4938000,699250
2026-10-01 23:19:36.816,NATGASMINI,PE,280.0,NATGASMINI23OCT26280PE,10.35,250,SELL_AGGRESSOR,9838250,1275250
2026-10-01 23:19:36.816,NATGASMINI,PE,285.0,NATGASMINI23OCT26285PE,13.0,5750,BUY_AGGRESSOR,19609000,1163000
2026-10-01 23:19:36.816,NATGASMINI,CE,290.0,NATGASMINI23OCT26290CE,13.2,7000,BUY_AGGRESSOR,25202250,3198000
2026-10-01 23:19:36.816,NATGASMINI,PE,290.0,NATGASMINI23OCT26290PE,15.8,2500,BUY_AGGRESSOR,18448250,1499250
2026-10-01 23:19:36.816,NATGASMINI,CE,295.0,NATGASMINI23OCT26295CE,11.35,4250,SELL_AGGRESSOR,12027000,1697000
2026-10-01 23:19:40.709,NATURALGAS,PE,265.0,NATURALGAS23OCT26265PE,4.6,1250,SELL_AGGRESSOR,12898750,4326250
2026-10-01 23:19:40.709,NATURALGAS,CE,280.0,NATURALGAS23OCT26280CE,17.6,1250,SELL_AGGRESSOR,26338750,4386250
2026-10-01 23:19:40.709,NATURALGAS,PE,280.0,NATURALGAS23OCT26280PE,10.4,52500,BUY_AGGRESSOR,47001250,11658750
2026-10-01 23:19:40.709,NATURALGAS,PE,285.0,NATURALGAS23OCT26285PE,12.9,8750,SELL_AGGRESSOR,53118750,5475000
2026-10-01 23:19:40.709,NATURALGAS,CE,290.0,NATURALGAS23OCT26290CE,13.2,52500,BUY_AGGRESSOR,88880000,16740000
2026-10-01 23:19:40.709,NATURALGAS,PE,290.0,NATURALGAS23OCT26290PE,15.85,52500,BUY_AGGRESSOR,76257500,12718750
2026-10-01 23:19:40.709,NATURALGAS,CE,295.0,NATURALGAS23OCT26295CE,11.35,11250,BUY_AGGRESSOR,35266250,7027500
2026-10-01 23:19:40.709,NATURALGAS,CE,300.0,NATURALGAS23OCT26300CE,9.8,52500,BUY_AGGRESSOR,54780000,20146250
2026-10-01 23:19:40.709,NATGASMINI,PE,260.0,NATGASMINI23OCT26260PE,3.45,250,SELL_AGGRESSOR,2418750,859250
2026-10-01 23:19:40.709,NATGASMINI,PE,285.0,NATGASMINI23OCT26285PE,12.9,11000,SELL_AGGRESSOR,19620000,1162750
2026-10-01 23:19:40.709,NATGASMINI,CE,290.0,NATGASMINI23OCT26290CE,13.2,2500,BUY_AGGRESSOR,25204750,3198000
2026-10-01 23:19:40.709,NATGASMINI,PE,290.0,NATGASMINI23OCT26290PE,15.7,1000,SELL_AGGRESSOR,18449250,1498250
2026-10-01 23:19:44.535,NATURALGAS,PE,275.0,NATURALGAS23OCT26275PE,8.15,2500,BUY_AGGRESSOR,18377500,3607500
2026-10-01 23:19:44.535,NATURALGAS,CE,280.0,NATURALGAS23OCT26280CE,17.6,6250,SELL_AGGRESSOR,26345000,4383750
2026-10-01 23:19:44.535,NATURALGAS,PE,280.0,NATURALGAS23OCT26280PE,10.4,3750,BUY_AGGRESSOR,47005000,11658750
2026-10-01 23:19:44.535,NATURALGAS,CE,290.0,NATURALGAS23OCT26290CE,13.15,52500,SELL,88932500,16688750
2026-10-01 23:19:44.535,NATURALGAS,PE,290.0,NATURALGAS23OCT26290PE,15.85,71250,BUY_AGGRESSOR,76328750,12693750
2026-10-01 23:19:44.535,NATURALGAS,CE,300.0,NATURALGAS23OCT26300CE,9.8,60000,BUY_AGGRESSOR,54840000,20102500
2026-10-01 23:19:44.535,NATGASMINI,FUT,0.0,NATGASMINI27OCT26FUT,287.5,250,BUY_AGGRESSOR,40788500,17054500
2026-10-01 23:19:44.535,NATGASMINI,CE,280.0,NATGASMINI23OCT26280CE,17.7,1750,SELL_AGGRESSOR,3793250,386750
2026-10-01 23:19:44.535,NATGASMINI,PE,280.0,NATGASMINI23OCT26280PE,10.35,250,SELL_AGGRESSOR,9838500,1275000
2026-10-01 23:19:44.535,NATGASMINI,CE,295.0,NATGASMINI23OCT26295CE,11.35,750,SELL_AGGRESSOR,12027750,1697000
2026-10-01 23:19:44.535,NATGASMINI,CE,300.0,NATGASMINI23OCT26300CE,9.85,10500,BUY_AGGRESSOR,12944500,3245000
2026-10-01 23:19:48.429,NATURALGAS,PE,265.0,NATURALGAS23OCT26265PE,4.6,1250,SELL_AGGRESSOR,12900000,4327500
2026-10-01 23:19:48.429,NATURALGAS,PE,270.0,NATURALGAS23OCT26270PE,6.15,2500,SELL_AGGRESSOR,32831250,11328750
2026-10-01 23:19:48.429,NATURALGAS,PE,280.0,NATURALGAS23OCT26280PE,10.4,3750,BUY_AGGRESSOR,47008750,11655000
2026-10-01 23:19:48.429,NATURALGAS,PE,285.0,NATURALGAS23OCT26285PE,12.95,3750,BUY_AGGRESSOR,53122500,5471250
2026-10-01 23:19:48.429,NATURALGAS,CE,290.0,NATURALGAS23OCT26290CE,13.15,46250,BUY_AGGRESSOR,88978750,16643750
2026-10-01 23:19:48.429,NATURALGAS,PE,290.0,NATURALGAS23OCT26290PE,15.9,38750,BUY_AGGRESSOR,76367500,12692500
2026-10-01 23:19:48.429,NATURALGAS,PE,295.0,NATURALGAS23OCT26295PE,18.95,1250,SELL,15358750,5367500
2026-10-01 23:19:48.429,NATURALGAS,CE,300.0,NATURALGAS23OCT26300CE,9.75,17500,SELL,54857500,20102500
2026-10-01 23:19:48.429,NATURALGAS,CE,310.0,NATURALGAS23OCT26310CE,7.25,1250,BUY_AGGRESSOR,31967500,11341250
2026-10-01 23:19:48.429,NATGASMINI,FUT,0.0,NATGASMINI27OCT26FUT,287.4,250,SELL_AGGRESSOR,40788750,17054500
2026-10-01 23:19:48.429,NATGASMINI,PE,265.0,NATGASMINI23OCT26265PE,4.65,500,BUY_AGGRESSOR,5839750,3219250
2026-10-01 23:19:48.429,NATGASMINI,CE,290.0,NATGASMINI23OCT26290CE,13.25,20750,BUY_AGGRESSOR,25225500,3187500
2026-10-01 23:19:48.429,NATGASMINI,CE,300.0,NATGASMINI23OCT26300CE,9.85,16000,BUY_AGGRESSOR,12960500,3243250
2026-10-01 23:19:52.318,NATURALGAS,FUT,0.0,NATURALGAS27OCT26FUT,287.4,5000,SELL_AGGRESSOR,126530000,68867500
2026-10-01 23:19:52.318,NATURALGAS,CE,285.0,NATURALGAS23OCT26285CE,15.15,1250,SELL_AGGRESSOR,35341250,4995000
2026-10-01 23:19:52.318,NATURALGAS,CE,290.0,NATURALGAS23OCT26290CE,13.1,47500,SELL_AGGRESSOR,89026250,16601250
2026-10-01 23:19:52.318,NATGASMINI,FUT,0.0,NATGASMINI27OCT26FUT,287.4,250,SELL_AGGRESSOR,40789000,17054500
2026-10-01 23:19:52.318,NATGASMINI,CE,280.0,NATGASMINI23OCT26280CE,17.75,1250,BUY_AGGRESSOR,3794500,386750
2026-10-01 23:19:52.318,NATGASMINI,CE,285.0,NATGASMINI23OCT26285CE,15.3,1250,BUY_AGGRESSOR,10545750,916250
2026-10-01 23:19:52.318,NATGASMINI,CE,290.0,NATGASMINI23OCT26290CE,13.25,6250,BUY_AGGRESSOR,25231750,3186250
2026-10-01 23:19:52.318,NATGASMINI,CE,295.0,NATGASMINI23OCT26295CE,11.35,500,SELL_AGGRESSOR,12028250,1697000
2026-10-01 23:19:52.318,NATGASMINI,CE,310.0,NATGASMINI23OCT26310CE,7.3,3000,SELL_AGGRESSOR,5153500,1847250
2026-10-01 23:19:56.199,NATURALGAS,CE,290.0,NATURALGAS23OCT26290CE,13.1,3750,SELL_AGGRESSOR,89030000,16596250
2026-10-01 23:19:56.199,NATURALGAS,CE,295.0,NATURALGAS23OCT26295CE,11.3,3750,SELL_AGGRESSOR,35270000,7023750
2026-10-01 23:19:56.199,NATURALGAS,CE,300.0,NATURALGAS23OCT26300CE,9.75,5000,SELL_AGGRESSOR,54862500,20107500
2026-10-01 23:19:56.199,NATGASMINI,FUT,0.0,NATGASMINI27OCT26FUT,287.5,1000,BUY_AGGRESSOR,40790000,17054250
2026-10-01 23:19:56.199,NATGASMINI,PE,265.0,NATGASMINI23OCT26265PE,4.65,500,BUY_AGGRESSOR,5840250,3219250
2026-10-01 23:19:56.199,NATGASMINI,PE,270.0,NATGASMINI23OCT26270PE,6.2,250,SELL_AGGRESSOR,4156750,981500
2026-10-01 23:19:56.199,NATGASMINI,PE,285.0,NATGASMINI23OCT26285PE,12.9,1250,SELL_AGGRESSOR,19621250,1162750
2026-10-01 23:19:56.199,NATGASMINI,CE,290.0,NATGASMINI23OCT26290CE,13.2,4000,SELL,25235750,3183750
2026-10-01 23:19:56.199,NATGASMINI,PE,290.0,NATGASMINI23OCT26290PE,15.8,250,BUY_AGGRESSOR,18449500,1498000
2026-10-01 23:19:56.199,NATGASMINI,CE,315.0,NATGASMINI23OCT26315CE,6.3,250,SELL_AGGRESSOR,2732500,1228250
2026-10-01 23:20:00.093,NATURALGAS,FUT,0.0,NATURALGAS27OCT26FUT,287.4,75000,SELL_AGGRESSOR,126605000,68867500
2026-10-01 23:20:00.093,NATURALGAS,CE,270.0,NATURALGAS23OCT26270CE,23.6,7500,BUY_AGGRESSOR,3053750,1061250
2026-10-01 23:20:00.093,NATURALGAS,PE,270.0,NATURALGAS23OCT26270PE,6.15,1250,SELL_AGGRESSOR,32832500,11328750
2026-10-01 23:20:00.093,NATURALGAS,CE,275.0,NATURALGAS23OCT26275CE,20.35,1250,SELL_AGGRESSOR,3833750,395000
2026-10-01 23:20:00.093,NATURALGAS,PE,275.0,NATURALGAS23OCT26275PE,8.1,18750,SELL_AGGRESSOR,18396250,3607500
2026-10-01 23:20:00.093,NATURALGAS,CE,280.0,NATURALGAS23OCT26280CE,17.65,1250,BUY_AGGRESSOR,26346250,4385000
2026-10-01 23:20:00.093,NATURALGAS,PE,280.0,NATURALGAS23OCT26280PE,10.4,16250,INSIDE,47025000,11651250
2026-10-01 23:20:00.093,NATURALGAS,CE,285.0,NATURALGAS23OCT26285CE,15.2,30000,BUY_AGGRESSOR,35371250,4987500
2026-10-01 23:20:00.093,NATURALGAS,PE,285.0,NATURALGAS23OCT26285PE,13.0,46250,BUY_AGGRESSOR,53168750,5470000
2026-10-01 23:20:00.093,NATURALGAS,CE,290.0,NATURALGAS23OCT26290CE,13.1,53750,SELL_AGGRESSOR,89083750,16596250
2026-10-01 23:20:00.093,NATURALGAS,PE,290.0,NATURALGAS23OCT26290PE,15.8,110000,SELL_AGGRESSOR,76477500,12688750
2026-10-01 23:20:00.093,NATURALGAS,CE,295.0,NATURALGAS23OCT26295CE,11.3,25000,SELL_AGGRESSOR,35295000,7021250
2026-10-01 23:20:00.093,NATURALGAS,PE,295.0,NATURALGAS23OCT26295PE,19.05,13750,BUY_AGGRESSOR,15372500,5367500
2026-10-01 23:20:00.093,NATURALGAS,CE,300.0,NATURALGAS23OCT26300CE,9.75,27500,SELL_AGGRESSOR,54890000,20107500
2026-10-01 23:20:00.093,NATURALGAS,PE,300.0,NATURALGAS23OCT26300PE,22.5,15000,BUY_AGGRESSOR,13988750,13861250
2026-10-01 23:20:00.093,NATURALGAS,CE,305.0,NATURALGAS23OCT26305CE,8.35,8750,SELL_AGGRESSOR,20732500,8461250
2026-10-01 23:20:00.093,NATURALGAS,CE,310.0,NATURALGAS23OCT26310CE,7.2,28750,SELL_AGGRESSOR,31996250,11328750
2026-10-01 23:20:00.093,NATURALGAS,PE,310.0,NATURALGAS23OCT26310PE,29.95,3750,BUY_AGGRESSOR,2440000,4516250
2026-10-01 23:20:00.093,NATURALGAS,CE,315.0,NATURALGAS23OCT26315CE,6.2,13750,SELL_AGGRESSOR,11591250,3426250
2026-10-01 23:20:00.093,NATURALGAS,PE,315.0,NATURALGAS23OCT26315PE,33.95,3750,BUY_AGGRESSOR,180000,520000
2026-10-01 23:20:00.093,NATGASMINI,FUT,0.0,NATGASMINI27OCT26FUT,287.4,42500,SELL_AGGRESSOR,40832500,17054000
2026-10-01 23:20:00.093,NATGASMINI,PE,265.0,NATGASMINI23OCT26265PE,4.6,8750,SELL_AGGRESSOR,5849000,3219250
2026-10-01 23:20:00.093,NATGASMINI,CE,270.0,NATGASMINI23OCT26270CE,23.5,500,SELL_AGGRESSOR,717500,151000
2026-10-01 23:20:00.093,NATGASMINI,PE,270.0,NATGASMINI23OCT26270PE,6.2,9750,INSIDE,4166500,981250
2026-10-01 23:20:00.093,NATGASMINI,CE,275.0,NATGASMINI23OCT26275CE,20.6,250,BUY_AGGRESSOR,1327750,73500
2026-10-01 23:20:00.093,NATGASMINI,PE,275.0,NATGASMINI23OCT26275PE,8.15,2500,BUY_AGGRESSOR,4940500,699250
2026-10-01 23:20:00.093,NATGASMINI,CE,280.0,NATGASMINI23OCT26280CE,17.8,1250,BUY_AGGRESSOR,3795750,386250
2026-10-01 23:20:00.093,NATGASMINI,PE,280.0,NATGASMINI23OCT26280PE,10.45,8000,BUY_AGGRESSOR,9846500,1273500
2026-10-01 23:20:00.093,NATGASMINI,CE,285.0,NATGASMINI23OCT26285CE,15.35,15250,BUY_AGGRESSOR,10561000,916250
2026-10-01 23:20:00.093,NATGASMINI,PE,285.0,NATGASMINI23OCT26285PE,12.95,9500,BUY,19630750,1162250
2026-10-01 23:20:00.093,NATGASMINI,CE,290.0,NATGASMINI23OCT26290CE,13.25,18000,BUY_AGGRESSOR,25253750,3183000
2026-10-01 23:20:00.093,NATGASMINI,PE,290.0,NATGASMINI23OCT26290PE,15.85,11000,BUY_AGGRESSOR,18460500,1497250
2026-10-01 23:20:00.093,NATGASMINI,CE,295.0,NATGASMINI23OCT26295CE,11.45,21000,BUY_AGGRESSOR,12049250,1695750
2026-10-01 23:20:00.093,NATGASMINI,PE,295.0,NATGASMINI23OCT26295PE,19.0,6250,BUY_AGGRESSOR,5296250,772750
2026-10-01 23:20:00.093,NATGASMINI,CE,300.0,NATGASMINI23OCT26300CE,9.8,7750,SELL_AGGRESSOR,12968250,3230500
2026-10-01 23:20:00.093,NATGASMINI,PE,300.0,NATGASMINI23OCT26300PE,22.3,3250,BUY_AGGRESSOR,3063750,1043750
2026-10-01 23:20:00.093,NATGASMINI,CE,305.0,NATGASMINI23OCT26305CE,8.45,6000,INSIDE,6101750,1685000
2026-10-01 23:20:00.093,NATGASMINI,PE,305.0,NATGASMINI23OCT26305PE,26.05,1000,BUY_AGGRESSOR,589750,383000
2026-10-01 23:20:00.093,NATGASMINI,CE,310.0,NATGASMINI23OCT26310CE,7.35,4500,BUY_AGGRESSOR,5158000,1847250
2026-10-01 23:20:00.093,NATGASMINI,PE,310.0,NATGASMINI23OCT26310PE,29.8,1000,BUY_AGGRESSOR,446750,667750
2026-10-01 23:20:00.093,NATGASMINI,CE,315.0,NATGASMINI23OCT26315CE,6.3,18500,SELL_AGGRESSOR,2751000,1223000
2026-10-01 23:20:03.933,NATURALGAS,FUT,0.0,NATURALGAS27OCT26FUT,287.4,3750,SELL_AGGRESSOR,126608750,68867500
2026-10-01 23:20:03.933,NATURALGAS,PE,270.0,NATURALGAS23OCT26270PE,6.2,5000,BUY_AGGRESSOR,32837500,11328750
2026-10-01 23:20:03.933,NATURALGAS,PE,280.0,NATURALGAS23OCT26280PE,10.45,12500,BUY_AGGRESSOR,47037500,11636250
2026-10-01 23:20:03.933,NATURALGAS,PE,285.0,NATURALGAS23OCT26285PE,13.0,1250,BUY_AGGRESSOR,53170000,5470000
2026-10-01 23:20:03.933,NATURALGAS,CE,290.0,NATURALGAS23OCT26290CE,13.15,2500,BUY_AGGRESSOR,89086250,16595000
2026-10-01 23:20:03.933,NATURALGAS,PE,290.0,NATURALGAS23OCT26290PE,15.85,88750,BUY,76566250,12688750
2026-10-01 23:20:03.933,NATURALGAS,CE,295.0,NATURALGAS23OCT26295CE,11.35,12500,BUY_AGGRESSOR,35307500,7021250
2026-10-01 23:20:03.933,NATURALGAS,PE,295.0,NATURALGAS23OCT26295PE,19.05,1250,BUY_AGGRESSOR,15373750,5356250
2026-10-01 23:20:03.933,NATURALGAS,CE,305.0,NATURALGAS23OCT26305CE,8.4,5000,BUY_AGGRESSOR,20737500,8452500
2026-10-01 23:20:03.933,NATGASMINI,FUT,0.0,NATGASMINI27OCT26FUT,287.3,4000,SELL_AGGRESSOR,40836500,17054000
2026-10-01 23:20:03.933,NATGASMINI,PE,265.0,NATGASMINI23OCT26265PE,4.6,1250,SELL_AGGRESSOR,5850250,3219250
2026-10-01 23:20:03.933,NATGASMINI,PE,270.0,NATGASMINI23OCT26270PE,6.2,250,SELL_AGGRESSOR,4166750,981250
2026-10-01 23:20:03.933,NATGASMINI,PE,275.0,NATGASMINI23OCT26275PE,8.1,3250,SELL_AGGRESSOR,4943750,699250
2026-10-01 23:20:03.933,NATGASMINI,PE,280.0,NATGASMINI23OCT26280PE,10.45,8000,BUY_AGGRESSOR,9854500,1271750
2026-10-01 23:20:03.933,NATGASMINI,CE,285.0,NATGASMINI23OCT26285CE,15.35,1000,BUY_AGGRESSOR,10562000,916250
2026-10-01 23:20:03.933,NATGASMINI,PE,285.0,NATGASMINI23OCT26285PE,12.95,8250,SELL_AGGRESSOR,19639000,1157000
2026-10-01 23:20:03.933,NATGASMINI,CE,290.0,NATGASMINI23OCT26290CE,13.15,7000,SELL_AGGRESSOR,25260750,3183000
2026-10-01 23:20:03.933,NATGASMINI,PE,290.0,NATGASMINI23OCT26290PE,15.85,19750,BUY_AGGRESSOR,18480250,1497250
2026-10-01 23:20:03.933,NATGASMINI,CE,295.0,NATGASMINI23OCT26295CE,11.45,6500,BUY_AGGRESSOR,12055750,1695750
2026-10-01 23:20:03.933,NATGASMINI,PE,295.0,NATGASMINI23OCT26295PE,18.9,1000,SELL_AGGRESSOR,5297250,768250
2026-10-01 23:20:03.933,NATGASMINI,CE,300.0,NATGASMINI23OCT26300CE,9.85,2500,BUY_AGGRESSOR,12970750,3229250
2026-10-01 23:20:03.933,NATGASMINI,PE,300.0,NATGASMINI23OCT26300PE,22.3,250,BUY_AGGRESSOR,3064000,1045500
2026-10-01 23:20:07.777,NATURALGAS,FUT,0.0,NATURALGAS27OCT26FUT,287.3,20000,SELL_AGGRESSOR,126628750,68867500
2026-10-01 23:20:07.777,NATURALGAS,PE,255.0,NATURALGAS23OCT26255PE,2.45,21250,SELL_AGGRESSOR,7297500,2143750
2026-10-01 23:20:07.777,NATURALGAS,PE,260.0,NATURALGAS23OCT26260PE,3.45,1250,SELL_AGGRESSOR,27712500,10633750
2026-10-01 23:20:07.777,NATURALGAS,PE,265.0,NATURALGAS23OCT26265PE,4.6,2500,SELL_AGGRESSOR,12902500,4327500
2026-10-01 23:20:07.777,NATURALGAS,PE,270.0,NATURALGAS23OCT26270PE,6.15,5000,SELL_AGGRESSOR,32842500,11328750
2026-10-01 23:20:07.777,NATURALGAS,PE,275.0,NATURALGAS23OCT26275PE,8.1,3750,SELL_AGGRESSOR,18400000,3596250
2026-10-01 23:20:07.777,NATURALGAS,PE,280.0,NATURALGAS23OCT26280PE,10.4,1250,SELL_AGGRESSOR,47038750,11631250
2026-10-01 23:20:07.777,NATURALGAS,CE,285.0,NATURALGAS23OCT26285CE,15.1,25000,SELL_AGGRESSOR,35396250,4975000
2026-10-01 23:20:07.777,NATURALGAS,PE,285.0,NATURALGAS23OCT26285PE,12.95,8750,SELL_AGGRESSOR,53178750,5470000
2026-10-01 23:20:07.777,NATURALGAS,CE,290.0,NATURALGAS23OCT26290CE,13.1,17500,SELL_AGGRESSOR,89103750,16552500
2026-10-01 23:20:07.777,NATURALGAS,PE,290.0,NATURALGAS23OCT26290PE,15.85,26250,SELL_AGGRESSOR,76592500,12680000
2026-10-01 23:20:07.777,NATURALGAS,CE,295.0,NATURALGAS23OCT26295CE,11.4,10000,BUY_AGGRESSOR,35317500,7001250
2026-10-01 23:20:07.777,NATURALGAS,PE,295.0,NATURALGAS23OCT26295PE,18.95,5000,SELL_AGGRESSOR,15378750,5355000
2026-10-01 23:20:07.777,NATURALGAS,PE,300.0,NATURALGAS23OCT26300PE,22.5,1250,INSIDE,13990000,13855000
2026-10-01 23:20:07.777,NATURALGAS,CE,305.0,NATURALGAS23OCT26305CE,8.35,2500,SELL_AGGRESSOR,20740000,8451250
2026-10-01 23:20:07.777,NATURALGAS,CE,310.0,NATURALGAS23OCT26310CE,7.2,1250,SELL_AGGRESSOR,31997500,11311250
2026-10-01 23:20:07.777,NATGASMINI,FUT,0.0,NATGASMINI27OCT26FUT,287.4,10750,BUY_AGGRESSOR,40847250,17054000
2026-10-01 23:20:07.777,NATGASMINI,PE,280.0,NATGASMINI23OCT26280PE,10.45,1250,BUY_AGGRESSOR,9855750,1272250
2026-10-01 23:20:07.777,NATGASMINI,CE,285.0,NATGASMINI23OCT26285CE,15.25,2000,SELL_AGGRESSOR,10564000,912000
2026-10-01 23:20:07.777,NATGASMINI,PE,285.0,NATGASMINI23OCT26285PE,12.95,6000,SELL_AGGRESSOR,19645000,1153750
2026-10-01 23:20:07.777,NATGASMINI,CE,290.0,NATGASMINI23OCT26290CE,13.2,4000,SELL_AGGRESSOR,25264750,3170500
2026-10-01 23:20:07.777,NATGASMINI,PE,290.0,NATGASMINI23OCT26290PE,15.8,4250,SELL_AGGRESSOR,18484500,1494750
2026-10-01 23:20:07.777,NATGASMINI,PE,300.0,NATGASMINI23OCT26300PE,22.35,2250,BUY_AGGRESSOR,3066250,1045250
2026-10-01 23:20:11.575,NATURALGAS,FUT,0.0,NATURALGAS27OCT26FUT,287.4,62500,BUY_AGGRESSOR,126691250,68868750
2026-10-01 23:20:11.575,NATURALGAS,PE,260.0,NATURALGAS23OCT26260PE,3.45,1250,SELL_AGGRESSOR,27713750,10633750
2026-10-01 23:20:11.575,NATURALGAS,CE,285.0,NATURALGAS23OCT26285CE,15.15,17500,SELL_AGGRESSOR,35413750,4975000
2026-10-01 23:20:11.575,NATURALGAS,PE,285.0,NATURALGAS23OCT26285PE,12.9,31250,SELL_AGGRESSOR,53210000,5422500
2026-10-01 23:20:11.575,NATURALGAS,CE,290.0,NATURALGAS23OCT26290CE,13.1,28750,SELL_AGGRESSOR,89132500,16543750
2026-10-01 23:20:11.575,NATURALGAS,PE,290.0,NATURALGAS23OCT26290PE,15.9,13750,BUY_AGGRESSOR,76606250,12680000
2026-10-01 23:20:11.575,NATURALGAS,CE,295.0,NATURALGAS23OCT26295CE,11.3,11250,SELL_AGGRESSOR,35328750,7001250
2026-10-01 23:20:11.575,NATURALGAS,PE,300.0,NATURALGAS23OCT26300PE,22.5,5000,INSIDE,13995000,13855000
2026-10-01 23:20:11.575,NATGASMINI,FUT,0.0,NATGASMINI27OCT26FUT,287.4,7750,BUY_AGGRESSOR,40855000,17042750
2026-10-01 23:20:11.575,NATGASMINI,PE,255.0,NATGASMINI23OCT26255PE,2.55,1250,BUY_AGGRESSOR,691750,137000
2026-10-01 23:20:11.575,NATGASMINI,CE,280.0,NATGASMINI23OCT26280CE,17.75,500,BUY_AGGRESSOR,3796250,386000
2026-10-01 23:20:11.575,NATGASMINI,CE,285.0,NATGASMINI23OCT26285CE,15.25,1000,SELL_AGGRESSOR,10565000,908250
2026-10-01 23:20:11.575,NATGASMINI,CE,290.0,NATGASMINI23OCT26290CE,13.25,500,BUY_AGGRESSOR,25265250,3168750
2026-10-01 23:20:11.575,NATGASMINI,PE,300.0,NATGASMINI23OCT26300PE,22.35,1250,BUY_AGGRESSOR,3067500,1043750
2026-10-01 23:20:15.446,NATURALGAS,PE,260.0,NATURALGAS23OCT26260PE,3.5,13750,BUY_AGGRESSOR,27727500,10632500
2026-10-01 23:20:15.446,NATURALGAS,PE,270.0,NATURALGAS23OCT26270PE,6.15,6250,SELL_AGGRESSOR,32848750,11328750
2026-10-01 23:20:15.446,NATURALGAS,CE,275.0,NATURALGAS23OCT26275CE,20.45,2500,BUY_AGGRESSOR,3836250,395000
2026-10-01 23:20:15.446,NATURALGAS,PE,275.0,NATURALGAS23OCT26275PE,8.1,1250,SELL_AGGRESSOR,18401250,3596250
2026-10-01 23:20:15.446,NATURALGAS,PE,280.0,NATURALGAS23OCT26280PE,10.35,7500,SELL_AGGRESSOR,47046250,11627500
2026-10-01 23:20:15.446,NATURALGAS,CE,285.0,NATURALGAS23OCT26285CE,15.15,7500,SELL_AGGRESSOR,35421250,4940000
2026-10-01 23:20:15.446,NATURALGAS,PE,285.0,NATURALGAS23OCT26285PE,12.9,1250,SELL_AGGRESSOR,53211250,5397500
2026-10-01 23:20:15.446,NATURALGAS,CE,290.0,NATURALGAS23OCT26290CE,13.15,8750,BUY_AGGRESSOR,89141250,16526250
2026-10-01 23:20:15.446,NATURALGAS,PE,290.0,NATURALGAS23OCT26290PE,15.8,6250,SELL_AGGRESSOR,76612500,12680000
2026-10-01 23:20:15.446,NATURALGAS,CE,295.0,NATURALGAS23OCT26295CE,11.3,1250,SELL_AGGRESSOR,35330000,7000000
2026-10-01 23:20:15.446,NATURALGAS,CE,300.0,NATURALGAS23OCT26300CE,9.7,3750,SELL_AGGRESSOR,54893750,20107500
2026-10-01 23:20:15.446,NATURALGAS,CE,310.0,NATURALGAS23OCT26310CE,7.2,2500,SELL_AGGRESSOR,32000000,11308750
2026-10-01 23:20:15.446,NATGASMINI,PE,265.0,NATGASMINI23OCT26265PE,4.6,1000,SELL_AGGRESSOR,5851250,3219250
2026-10-01 23:20:15.446,NATGASMINI,PE,280.0,NATGASMINI23OCT26280PE,10.4,2500,SELL,9858250,1274000
2026-10-01 23:20:15.446,NATGASMINI,PE,285.0,NATGASMINI23OCT26285PE,12.9,750,SELL_AGGRESSOR,19645750,1146000
2026-10-01 23:20:15.446,NATGASMINI,CE,290.0,NATGASMINI23OCT26290CE,13.2,250,SELL_AGGRESSOR,25265500,3162750
2026-10-01 23:20:15.446,NATGASMINI,PE,300.0,NATGASMINI23OCT26300PE,22.25,250,SELL,3067750,1043750
2026-10-01 23:20:15.446,NATGASMINI,CE,305.0,NATGASMINI23OCT26305CE,8.45,750,SELL_AGGRESSOR,6102500,1684500
2026-10-01 23:20:15.446,NATGASMINI,CE,315.0,NATGASMINI23OCT26315CE,6.35,1500,BUY_AGGRESSOR,2752500,1217500
2026-10-01 23:20:19.222,NATURALGAS,FUT,0.0,NATURALGAS27OCT26FUT,287.3,3750,SELL_AGGRESSOR,126695000,68782500
2026-10-01 23:20:19.222,NATURALGAS,PE,270.0,NATURALGAS23OCT26270PE,6.2,1250,BUY_AGGRESSOR,32850000,11327500
2026-10-01 23:20:19.222,NATURALGAS,CE,285.0,NATURALGAS23OCT26285CE,15.15,1250,SELL_AGGRESSOR,35422500,4938750
2026-10-01 23:20:19.222,NATURALGAS,CE,295.0,NATURALGAS23OCT26295CE,11.3,2500,SELL_AGGRESSOR,35332500,6987500
2026-10-01 23:20:19.222,NATURALGAS,CE,300.0,NATURALGAS23OCT26300CE,9.7,13750,SELL_AGGRESSOR,54907500,20105000
2026-10-01 23:20:19.222,NATGASMINI,FUT,0.0,NATGASMINI27OCT26FUT,287.4,750,SELL_AGGRESSOR,40855750,17034250
2026-10-01 23:20:19.222,NATGASMINI,PE,290.0,NATGASMINI23OCT26290PE,15.85,1250,BUY_AGGRESSOR,18485750,1485250
2026-10-01 23:20:19.222,NATGASMINI,CE,295.0,NATGASMINI23OCT26295CE,11.4,250,SELL_AGGRESSOR,12056000,1677500
2026-10-01 23:20:23.098,NATURALGAS,FUT,0.0,NATURALGAS27OCT26FUT,287.5,25000,BUY_AGGRESSOR,126720000,68775000
2026-10-01 23:20:23.098,NATURALGAS,PE,270.0,NATURALGAS23OCT26270PE,6.2,1250,BUY_AGGRESSOR,32851250,11326250
2026-10-01 23:20:23.098,NATURALGAS,PE,275.0,NATURALGAS23OCT26275PE,8.05,2500,SELL_AGGRESSOR,18403750,3596250
2026-10-01 23:20:23.098,NATURALGAS,CE,300.0,NATURALGAS23OCT26300CE,9.75,1250,BUY_AGGRESSOR,54908750,20105000
2026-10-01 23:20:23.098,NATURALGAS,PE,300.0,NATURALGAS23OCT26300PE,22.4,1250,SELL_AGGRESSOR,13996250,13855000
2026-10-01 23:20:23.098,NATGASMINI,FUT,0.0,NATGASMINI27OCT26FUT,287.4,1500,SELL_AGGRESSOR,40857250,17032750
2026-10-01 23:20:23.098,NATGASMINI,PE,280.0,NATGASMINI23OCT26280PE,10.35,6500,SELL_AGGRESSOR,9864750,1274000
2026-10-01 23:20:23.098,NATGASMINI,PE,290.0,NATGASMINI23OCT26290PE,15.8,250,SELL_AGGRESSOR,18486000,1485250
2026-10-01 23:20:23.098,NATGASMINI,CE,295.0,NATGASMINI23OCT26295CE,11.4,6500,SELL_AGGRESSOR,12062500,1677250
2026-10-01 23:20:23.098,NATGASMINI,CE,300.0,NATGASMINI23OCT26300CE,9.8,2500,SELL_AGGRESSOR,12973250,3226750
2026-10-01 23:20:23.098,NATGASMINI,PE,300.0,NATGASMINI23OCT26300PE,22.25,4000,SELL_AGGRESSOR,3071750,1043500
2026-10-01 23:20:26.917,NATURALGAS,PE,260.0,NATURALGAS23OCT26260PE,3.45,5000,SELL_AGGRESSOR,27732500,10621250
2026-10-01 23:20:26.917,NATURALGAS,CE,285.0,NATURALGAS23OCT26285CE,15.2,8750,BUY_AGGRESSOR,35431250,4937500
2026-10-01 23:20:26.917,NATURALGAS,PE,285.0,NATURALGAS23OCT26285PE,12.95,8750,BUY_AGGRESSOR,53220000,5396250
2026-10-01 23:20:26.917,NATURALGAS,CE,290.0,NATURALGAS23OCT26290CE,13.1,6250,SELL_AGGRESSOR,89147500,16516250
2026-10-01 23:20:26.917,NATURALGAS,PE,290.0,NATURALGAS23OCT26290PE,15.8,1250,SELL_AGGRESSOR,76613750,12635000
2026-10-01 23:20:26.917,NATURALGAS,CE,300.0,NATURALGAS23OCT26300CE,9.7,7500,SELL_AGGRESSOR,54916250,20105000
2026-10-01 23:20:26.917,NATURALGAS,CE,310.0,NATURALGAS23OCT26310CE,7.25,3750,BUY_AGGRESSOR,32003750,11305000
2026-10-01 23:20:26.917,NATGASMINI,FUT,0.0,NATGASMINI27OCT26FUT,287.5,250,BUY_AGGRESSOR,40857500,17032500
2026-10-01 23:20:26.917,NATGASMINI,PE,275.0,NATGASMINI23OCT26275PE,8.1,10000,SELL_AGGRESSOR,4953750,691000
2026-10-01 23:20:26.917,NATGASMINI,CE,280.0,NATGASMINI23OCT26280CE,17.8,250,BUY_AGGRESSOR,3796500,386000
2026-10-01 23:20:26.917,NATGASMINI,CE,285.0,NATGASMINI23OCT26285CE,15.35,2750,BUY_AGGRESSOR,10567750,905500
2026-10-01 23:20:26.917,NATGASMINI,CE,290.0,NATGASMINI23OCT26290CE,13.25,18750,BUY_AGGRESSOR,25284250,3144750
2026-10-01 23:20:26.917,NATGASMINI,PE,290.0,NATGASMINI23OCT26290PE,15.85,250,BUY_AGGRESSOR,18486250,1484750
2026-10-01 23:20:26.917,NATGASMINI,PE,295.0,NATGASMINI23OCT26295PE,18.95,250,BUY_AGGRESSOR,5297500,768250
2026-10-01 23:20:26.917,NATGASMINI,CE,300.0,NATGASMINI23OCT26300CE,9.85,250,BUY_AGGRESSOR,12973500,3225500
2026-10-01 23:20:26.917,NATGASMINI,PE,300.0,NATGASMINI23OCT26300PE,22.25,250,BUY_AGGRESSOR,3072000,1039250
2026-10-01 23:20:30.721,NATURALGAS,FUT,0.0,NATURALGAS27OCT26FUT,287.5,2500,BUY_AGGRESSOR,126722500,68772500
2026-10-01 23:20:30.721,NATURALGAS,PE,265.0,NATURALGAS23OCT26265PE,4.65,2500,BUY_AGGRESSOR,12905000,4327500
2026-10-01 23:20:30.721,NATURALGAS,PE,275.0,NATURALGAS23OCT26275PE,8.15,1250,BUY_AGGRESSOR,18405000,3596250
2026-10-01 23:20:30.721,NATURALGAS,CE,280.0,NATURALGAS23OCT26280CE,17.6,8750,SELL_AGGRESSOR,26355000,4385000
2026-10-01 23:20:30.721,NATURALGAS,CE,290.0,NATURALGAS23OCT26290CE,13.1,5000,SELL_AGGRESSOR,89152500,16516250
2026-10-01 23:20:30.721,NATURALGAS,PE,290.0,NATURALGAS23OCT26290PE,15.75,1250,SELL_AGGRESSOR,76615000,12633750
2026-10-01 23:20:30.721,NATURALGAS,CE,295.0,NATURALGAS23OCT26295CE,11.3,3750,SELL_AGGRESSOR,35336250,6982500
2026-10-01 23:20:30.721,NATURALGAS,PE,300.0,NATURALGAS23OCT26300PE,22.45,1250,BUY,13997500,13855000
2026-10-01 23:20:30.721,NATURALGAS,CE,305.0,NATURALGAS23OCT26305CE,8.4,3750,BUY_AGGRESSOR,20743750,8451250
2026-10-01 23:20:30.721,NATGASMINI,FUT,0.0,NATGASMINI27OCT26FUT,287.4,250,SELL_AGGRESSOR,40857750,17032250
2026-10-01 23:20:30.721,NATGASMINI,CE,280.0,NATGASMINI23OCT26280CE,17.8,250,BUY_AGGRESSOR,3796750,385500
2026-10-01 23:20:30.721,NATGASMINI,PE,285.0,NATGASMINI23OCT26285PE,13.0,750,BUY_AGGRESSOR,19646500,1145250
2026-10-01 23:20:30.721,NATGASMINI,CE,290.0,NATGASMINI23OCT26290CE,13.2,15000,SELL_AGGRESSOR,25299250,3144750
2026-10-01 23:20:30.721,NATGASMINI,PE,290.0,NATGASMINI23OCT26290PE,15.8,2500,SELL_AGGRESSOR,18488750,1482750
2026-10-01 23:20:30.721,NATGASMINI,PE,295.0,NATGASMINI23OCT26295PE,18.9,1500,SELL_AGGRESSOR,5299000,769000
2026-10-01 23:20:30.721,NATGASMINI,CE,300.0,NATGASMINI23OCT26300CE,9.85,1250,BUY_AGGRESSOR,12974750,3225500
2026-10-01 23:20:30.721,NATGASMINI,PE,300.0,NATGASMINI23OCT26300PE,22.25,2250,BUY_AGGRESSOR,3074250,1040250
2026-10-01 23:20:30.721,NATGASMINI,CE,305.0,NATGASMINI23OCT26305CE,8.45,2250,SELL_AGGRESSOR,6104750,1684500
2026-10-01 23:20:30.721,NATGASMINI,CE,315.0,NATGASMINI23OCT26315CE,6.3,1750,SELL_AGGRESSOR,2754250,1217250
2026-10-01 23:20:34.555,NATURALGAS,FUT,0.0,NATURALGAS27OCT26FUT,287.4,1250,SELL_AGGRESSOR,126723750,68772500
2026-10-01 23:20:34.555,NATURALGAS,CE,280.0,NATURALGAS23OCT26280CE,17.6,6250,SELL_AGGRESSOR,26361250,4382500
2026-10-01 23:20:34.555,NATURALGAS,CE,285.0,NATURALGAS23OCT26285CE,15.2,6250,INSIDE,35437500,4931250
2026-10-01 23:20:34.555,NATURALGAS,CE,295.0,NATURALGAS23OCT26295CE,11.3,3750,SELL_AGGRESSOR,35340000,6982500
2026-10-01 23:20:34.555,NATURALGAS,CE,300.0,NATURALGAS23OCT26300CE,9.75,42500,BUY_AGGRESSOR,54958750,20078750
2026-10-01 23:20:34.555,NATGASMINI,CE,280.0,NATGASMINI23OCT26280CE,17.8,500,BUY_AGGRESSOR,3797250,385500
2026-10-01 23:20:34.555,NATGASMINI,CE,285.0,NATGASMINI23OCT26285CE,15.35,500,BUY_AGGRESSOR,10568250,905500
2026-10-01 23:20:34.555,NATGASMINI,PE,285.0,NATGASMINI23OCT26285PE,12.95,2500,SELL_AGGRESSOR,19649000,1143250
2026-10-01 23:20:34.555,NATGASMINI,PE,290.0,NATGASMINI23OCT26290PE,15.8,2500,SELL_AGGRESSOR,18491250,1480500
2026-10-01 23:20:34.555,NATGASMINI,PE,295.0,NATGASMINI23OCT26295PE,18.95,2000,BUY_AGGRESSOR,5301000,767500
2026-10-01 23:20:34.555,NATGASMINI,CE,300.0,NATGASMINI23OCT26300CE,9.85,3000,SELL_AGGRESSOR,12977750,3223000
2026-10-01 23:20:34.555,NATGASMINI,PE,300.0,NATGASMINI23OCT26300PE,22.25,1500,SELL_AGGRESSOR,3075750,1038750
2026-10-01 23:20:34.555,NATGASMINI,CE,305.0,NATGASMINI23OCT26305CE,8.5,3500,BUY_AGGRESSOR,6108250,1683250
2026-10-01 23:20:38.343,NATURALGAS,FUT,0.0,NATURALGAS27OCT26FUT,287.5,100000,BUY_AGGRESSOR,126823750,68768750
2026-10-01 23:20:38.343,NATURALGAS,PE,255.0,NATURALGAS23OCT26255PE,2.45,3750,SELL_AGGRESSOR,7301250,2147500
2026-10-01 23:20:38.343,NATURALGAS,PE,260.0,NATURALGAS23OCT26260PE,3.45,16250,SELL_AGGRESSOR,27748750,10621250
2026-10-01 23:20:38.343,NATURALGAS,PE,270.0,NATURALGAS23OCT26270PE,6.15,30000,SELL_AGGRESSOR,32881250,11303750
2026-10-01 23:20:38.343,NATURALGAS,PE,275.0,NATURALGAS23OCT26275PE,8.05,40000,SELL_AGGRESSOR,18445000,3601250
2026-10-01 23:20:38.343,NATURALGAS,CE,280.0,NATURALGAS23OCT26280CE,17.75,23750,BUY_AGGRESSOR,26385000,4382500
2026-10-01 23:20:38.343,NATURALGAS,PE,280.0,NATURALGAS23OCT26280PE,10.35,11250,SELL_AGGRESSOR,47057500,11626250
2026-10-01 23:20:38.343,NATURALGAS,CE,285.0,NATURALGAS23OCT26285CE,15.25,47500,BUY_AGGRESSOR,35485000,4930000
2026-10-01 23:20:38.343,NATURALGAS,PE,285.0,NATURALGAS23OCT26285PE,12.85,3750,SELL_AGGRESSOR,53223750,5396250
2026-10-01 23:20:38.343,NATURALGAS,CE,290.0,NATURALGAS23OCT26290CE,13.25,63750,BUY_AGGRESSOR,89216250,16522500
2026-10-01 23:20:38.343,NATURALGAS,PE,290.0,NATURALGAS23OCT26290PE,15.7,31250,SELL_AGGRESSOR,76646250,12642500
2026-10-01 23:20:38.343,NATURALGAS,CE,295.0,NATURALGAS23OCT26295CE,11.4,20000,BUY_AGGRESSOR,35360000,6975000
2026-10-01 23:20:38.343,NATURALGAS,PE,295.0,NATURALGAS23OCT26295PE,18.9,5000,SELL_AGGRESSOR,15383750,5346250
2026-10-01 23:20:38.343,NATURALGAS,CE,300.0,NATURALGAS23OCT26300CE,9.8,22500,BUY_AGGRESSOR,54981250,20078750
2026-10-01 23:20:38.343,NATURALGAS,PE,300.0,NATURALGAS23OCT26300PE,22.4,5000,SELL,14002500,13855000
2026-10-01 23:20:38.343,NATURALGAS,CE,305.0,NATURALGAS23OCT26305CE,8.45,10000,BUY_AGGRESSOR,20753750,8453750
2026-10-01 23:20:38.343,NATURALGAS,PE,305.0,NATURALGAS23OCT26305PE,25.9,3750,SELL_AGGRESSOR,2055000,2687500
2026-10-01 23:20:38.343,NATURALGAS,CE,310.0,NATURALGAS23OCT26310CE,7.25,11250,SELL_AGGRESSOR,32015000,11295000
2026-10-01 23:20:38.343,NATGASMINI,FUT,0.0,NATGASMINI27OCT26FUT,287.7,28500,BUY_AGGRESSOR,40886250,17032500
2026-10-01 23:20:38.343,NATGASMINI,PE,270.0,NATGASMINI23OCT26270PE,6.2,750,SELL_AGGRESSOR,4167500,979000
2026-10-01 23:20:38.343,NATGASMINI,CE,275.0,NATGASMINI23OCT26275CE,20.6,750,BUY_AGGRESSOR,1328500,73500
2026-10-01 23:20:38.343,NATGASMINI,PE,280.0,NATGASMINI23OCT26280PE,10.35,4250,SELL_AGGRESSOR,9869000,1270750
2026-10-01 23:20:38.343,NATGASMINI,CE,285.0,NATGASMINI23OCT26285CE,15.35,23750,INSIDE,10592000,901000
2026-10-01 23:20:38.343,NATGASMINI,PE,285.0,NATGASMINI23OCT26285PE,12.9,2250,SELL_AGGRESSOR,19651250,1141000
2026-10-01 23:20:38.343,NATGASMINI,CE,290.0,NATGASMINI23OCT26290CE,13.35,11000,BUY_AGGRESSOR,25310250,3121500
2026-10-01 23:20:38.343,NATGASMINI,PE,290.0,NATGASMINI23OCT26290PE,15.75,1750,SELL_AGGRESSOR,18493000,1479000
2026-10-01 23:20:38.343,NATGASMINI,CE,295.0,NATGASMINI23OCT26295CE,11.5,1500,BUY_AGGRESSOR,12064000,1683000
2026-10-01 23:20:38.343,NATGASMINI,PE,295.0,NATGASMINI23OCT26295PE,18.85,2250,SELL_AGGRESSOR,5303250,767750
2026-10-01 23:20:38.343,NATGASMINI,CE,300.0,NATGASMINI23OCT26300CE,9.95,5000,BUY_AGGRESSOR,12982750,3220500
2026-10-01 23:20:38.343,NATGASMINI,PE,300.0,NATGASMINI23OCT26300PE,22.2,9000,SELL_AGGRESSOR,3084750,1039750
2026-10-01 23:20:38.343,NATGASMINI,CE,305.0,NATGASMINI23OCT26305CE,8.55,1500,BUY_AGGRESSOR,6109750,1683250
2026-10-01 23:20:38.343,NATGASMINI,PE,305.0,NATGASMINI23OCT26305PE,25.85,750,SELL_AGGRESSOR,590500,382500
2026-10-01 23:20:38.343,NATGASMINI,CE,310.0,NATGASMINI23OCT26310CE,7.35,5750,BUY_AGGRESSOR,5163750,1839750
2026-10-01 23:20:38.343,NATGASMINI,PE,310.0,NATGASMINI23OCT26310PE,29.55,1000,SELL_AGGRESSOR,447750,667500
2026-10-01 23:20:38.343,NATGASMINI,CE,315.0,NATGASMINI23OCT26315CE,6.3,250,SELL_AGGRESSOR,2754500,1217000
2026-10-01 23:20:42.194,NATURALGAS,PE,270.0,NATURALGAS23OCT26270PE,6.15,37500,BUY_AGGRESSOR,32918750,11296250
2026-10-01 23:20:42.194,NATURALGAS,CE,280.0,NATURALGAS23OCT26280CE,17.75,1250,BUY_AGGRESSOR,26386250,4383750
2026-10-01 23:20:42.194,NATURALGAS,PE,285.0,NATURALGAS23OCT26285PE,12.8,3750,SELL_AGGRESSOR,53227500,5392500
2026-10-01 23:20:42.194,NATURALGAS,CE,305.0,NATURALGAS23OCT26305CE,8.4,1250,SELL_AGGRESSOR,20755000,8453750
2026-10-01 23:20:42.194,NATURALGAS,CE,315.0,NATURALGAS23OCT26315CE,6.25,1250,SELL_AGGRESSOR,11592500,3416250
2026-10-01 23:20:42.194,NATGASMINI,FUT,0.0,NATGASMINI27OCT26FUT,287.6,2750,BUY_AGGRESSOR,40889000,17026250
2026-10-01 23:20:42.194,NATGASMINI,PE,280.0,NATGASMINI23OCT26280PE,10.3,4750,SELL_AGGRESSOR,9873750,1270000
2026-10-01 23:20:42.194,NATGASMINI,CE,285.0,NATGASMINI23OCT26285CE,15.4,250,BUY,10592250,898500
2026-10-01 23:20:42.194,NATGASMINI,PE,285.0,NATGASMINI23OCT26285PE,12.9,1250,SELL_AGGRESSOR,19652500,1140000
2026-10-01 23:20:42.194,NATGASMINI,CE,290.0,NATGASMINI23OCT26290CE,13.25,500,SELL_AGGRESSOR,25310750,3121000
2026-10-01 23:20:42.194,NATGASMINI,PE,290.0,NATGASMINI23OCT26290PE,15.75,250,SELL_AGGRESSOR,18493250,1478750
2026-10-01 23:20:42.194,NATGASMINI,CE,295.0,NATGASMINI23OCT26295CE,11.45,2000,SELL_AGGRESSOR,12066000,1682000
2026-10-01 23:20:42.194,NATGASMINI,CE,300.0,NATGASMINI23OCT26300CE,9.95,1250,BUY_AGGRESSOR,12984000,3219250
2026-10-01 23:20:45.972,NATURALGAS,PE,255.0,NATURALGAS23OCT26255PE,2.45,1250,SELL_AGGRESSOR,7302500,2147500
2026-10-01 23:20:45.972,NATURALGAS,PE,290.0,NATURALGAS23OCT26290PE,15.75,1250,BUY,76647500,12643750
2026-10-01 23:20:45.972,NATURALGAS,CE,295.0,NATURALGAS23OCT26295CE,11.4,2500,BUY_AGGRESSOR,35362500,6956250
2026-10-01 23:20:45.972,NATURALGAS,CE,300.0,NATURALGAS23OCT26300CE,9.8,1250,BUY_AGGRESSOR,54982500,20078750
2026-10-01 23:20:45.972,NATGASMINI,FUT,0.0,NATGASMINI27OCT26FUT,287.6,3500,INSIDE,40892500,17023250
2026-10-01 23:20:45.972,NATGASMINI,PE,260.0,NATGASMINI23OCT26260PE,3.5,15000,BUY_AGGRESSOR,2433750,847250
2026-10-01 23:20:45.972,NATGASMINI,PE,265.0,NATGASMINI23OCT26265PE,4.65,9500,BUY_AGGRESSOR,5860750,3209750
2026-10-01 23:20:45.972,NATGASMINI,PE,270.0,NATGASMINI23OCT26270PE,6.25,7750,BUY_AGGRESSOR,4175250,974500
2026-10-01 23:20:45.972,NATGASMINI,PE,275.0,NATGASMINI23OCT26275PE,8.05,3000,SELL_AGGRESSOR,4956750,691000
2026-10-01 23:20:45.972,NATGASMINI,CE,280.0,NATGASMINI23OCT26280CE,17.95,1000,BUY_AGGRESSOR,3798250,385250
2026-10-01 23:20:45.972,NATGASMINI,PE,280.0,NATGASMINI23OCT26280PE,10.35,250,BUY,9874000,1267500
2026-10-01 23:20:45.972,NATGASMINI,CE,285.0,NATGASMINI23OCT26285CE,15.45,1250,BUY_AGGRESSOR,10593500,897250
2026-10-01 23:20:45.972,NATGASMINI,PE,285.0,NATGASMINI23OCT26285PE,12.95,1250,BUY_AGGRESSOR,19653750,1138750
2026-10-01 23:20:45.972,NATGASMINI,CE,290.0,NATGASMINI23OCT26290CE,13.35,1000,BUY_AGGRESSOR,25311750,3120000
2026-10-01 23:20:45.972,NATGASMINI,PE,290.0,NATGASMINI23OCT26290PE,15.8,1500,BUY_AGGRESSOR,18494750,1477250
2026-10-01 23:20:45.972,NATGASMINI,CE,295.0,NATGASMINI23OCT26295CE,11.45,5000,SELL_AGGRESSOR,12071000,1680750
2026-10-01 23:20:45.972,NATGASMINI,PE,295.0,NATGASMINI23OCT26295PE,18.85,4750,SELL_AGGRESSOR,5308000,767000
2026-10-01 23:20:45.972,NATGASMINI,CE,300.0,NATGASMINI23OCT26300CE,9.95,1250,BUY_AGGRESSOR,12985250,3218000
2026-10-01 23:20:45.972,NATGASMINI,PE,300.0,NATGASMINI23OCT26300PE,22.15,250,SELL_AGGRESSOR,3085000,1039500
2026-10-01 23:20:45.972,NATGASMINI,CE,310.0,NATGASMINI23OCT26310CE,7.4,500,BUY_AGGRESSOR,5164250,1839250
2026-10-01 23:20:49.806,NATURALGAS,FUT,0.0,NATURALGAS27OCT26FUT,287.5,1250,SELL_AGGRESSOR,126825000,68703750
2026-10-01 23:20:49.806,NATURALGAS,PE,255.0,NATURALGAS23OCT26255PE,2.5,22500,BUY_AGGRESSOR,7325000,2125000
2026-10-01 23:20:49.806,NATURALGAS,PE,270.0,NATURALGAS23OCT26270PE,6.15,5000,BUY_AGGRESSOR,32923750,11291250
2026-10-01 23:20:49.806,NATURALGAS,PE,275.0,NATURALGAS23OCT26275PE,8.1,3750,BUY_AGGRESSOR,18448750,3605000
2026-10-01 23:20:49.806,NATURALGAS,PE,290.0,NATURALGAS23OCT26290PE,15.75,1250,BUY_AGGRESSOR,76648750,12645000
2026-10-01 23:20:49.806,NATURALGAS,CE,305.0,NATURALGAS23OCT26305CE,8.45,1250,BUY_AGGRESSOR,20756250,8453750
2026-10-01 23:20:49.806,NATGASMINI,CE,280.0,NATGASMINI23OCT26280CE,17.95,500,BUY_AGGRESSOR,3798750,385250
2026-10-01 23:20:49.806,NATGASMINI,CE,285.0,NATGASMINI23OCT26285CE,15.4,750,SELL_AGGRESSOR,10594250,896750
2026-10-01 23:20:49.806,NATGASMINI,PE,285.0,NATGASMINI23OCT26285PE,12.9,22250,SELL_AGGRESSOR,19676000,1138250
2026-10-01 23:20:49.806,NATGASMINI,CE,290.0,NATGASMINI23OCT26290CE,13.25,1000,SELL_AGGRESSOR,25312750,3119000
2026-10-01 23:20:49.806,NATGASMINI,PE,290.0,NATGASMINI23OCT26290PE,15.75,500,SELL_AGGRESSOR,18495250,1476750
2026-10-01 23:20:49.806,NATGASMINI,CE,295.0,NATGASMINI23OCT26295CE,11.45,750,SELL_AGGRESSOR,12071750,1680750
2026-10-01 23:20:49.806,NATGASMINI,PE,295.0,NATGASMINI23OCT26295PE,18.85,500,BUY_AGGRESSOR,5308500,763500
2026-10-01 23:20:49.806,NATGASMINI,CE,300.0,NATGASMINI23OCT26300CE,9.95,1250,BUY_AGGRESSOR,12986500,3216750
2026-10-01 23:20:53.577,NATURALGAS,PE,290.0,NATURALGAS23OCT26290PE,15.7,6250,SELL_AGGRESSOR,76655000,12642500
2026-10-01 23:20:53.577,NATURALGAS,CE,295.0,NATURALGAS23OCT26295CE,11.4,11250,SELL_AGGRESSOR,35373750,6956250
2026-10-01 23:20:53.577,NATURALGAS,CE,300.0,NATURALGAS23OCT26300CE,9.8,12500,SELL_AGGRESSOR,54995000,20078750
2026-10-01 23:20:53.577,NATURALGAS,PE,300.0,NATURALGAS23OCT26300PE,22.4,1250,BUY_AGGRESSOR,14003750,13855000
2026-10-01 23:20:53.577,NATURALGAS,CE,305.0,NATURALGAS23OCT26305CE,8.4,1250,SELL_AGGRESSOR,20757500,8453750
2026-10-01 23:20:53.577,NATGASMINI,FUT,0.0,NATGASMINI27OCT26FUT,287.6,4250,SELL_AGGRESSOR,40896750,17019000
2026-10-01 23:20:53.577,NATGASMINI,PE,275.0,NATGASMINI23OCT26275PE,8.05,250,SELL_AGGRESSOR,4957000,691000
2026-10-01 23:20:53.577,NATGASMINI,PE,280.0,NATGASMINI23OCT26280PE,10.4,3250,BUY_AGGRESSOR,9877250,1264750
2026-10-01 23:20:53.577,NATGASMINI,PE,295.0,NATGASMINI23OCT26295PE,18.85,250,BUY_AGGRESSOR,5308750,763250
2026-10-01 23:20:53.577,NATGASMINI,CE,300.0,NATGASMINI23OCT26300CE,9.95,1750,BUY_AGGRESSOR,12988250,3215000
2026-10-01 23:20:53.577,NATGASMINI,CE,305.0,NATGASMINI23OCT26305CE,8.5,1000,SELL_AGGRESSOR,6110750,1683000
2026-10-01 23:20:53.577,NATGASMINI,PE,310.0,NATGASMINI23OCT26310PE,29.6,250,BUY_AGGRESSOR,448000,667500
2026-10-01 23:20:57.443,NATURALGAS,PE,270.0,NATURALGAS23OCT26270PE,6.15,17500,BUY_AGGRESSOR,32941250,11287500
2026-10-01 23:20:57.443,NATURALGAS,PE,285.0,NATURALGAS23OCT26285PE,12.95,1250,BUY_AGGRESSOR,53228750,5392500
2026-10-01 23:20:57.443,NATURALGAS,CE,290.0,NATURALGAS23OCT26290CE,13.2,6250,BUY_AGGRESSOR,89222500,16528750
2026-10-01 23:20:57.443,NATURALGAS,CE,300.0,NATURALGAS23OCT26300CE,9.8,12500,BUY_AGGRESSOR,55007500,20075000
2026-10-01 23:20:57.443,NATURALGAS,CE,315.0,NATURALGAS23OCT26315CE,6.25,1250,SELL_AGGRESSOR,11593750,3415000
2026-10-01 23:20:57.443,NATGASMINI,PE,265.0,NATGASMINI23OCT26265PE,4.6,2500,SELL_AGGRESSOR,5863250,3209750
2026-10-01 23:20:57.443,NATGASMINI,PE,270.0,NATGASMINI23OCT26270PE,6.15,1500,SELL_AGGRESSOR,4176750,973000
2026-10-01 23:20:57.443,NATGASMINI,PE,275.0,NATGASMINI23OCT26275PE,8.15,1750,BUY_AGGRESSOR,4958750,690500
2026-10-01 23:20:57.443,NATGASMINI,CE,280.0,NATGASMINI23OCT26280CE,17.9,250,SELL,3799000,385000
2026-10-01 23:20:57.443,NATGASMINI,PE,280.0,NATGASMINI23OCT26280PE,10.4,3750,BUY_AGGRESSOR,9881000,1264250
2026-10-01 23:20:57.443,NATGASMINI,CE,285.0,NATGASMINI23OCT26285CE,15.45,10250,BUY_AGGRESSOR,10604500,890250
2026-10-01 23:20:57.443,NATGASMINI,PE,285.0,NATGASMINI23OCT26285PE,13.0,17750,BUY_AGGRESSOR,19693750,1129750
2026-10-01 23:20:57.443,NATGASMINI,CE,290.0,NATGASMINI23OCT26290CE,13.25,10750,SELL_AGGRESSOR,25323500,3111750
2026-10-01 23:20:57.443,NATGASMINI,PE,290.0,NATGASMINI23OCT26290PE,15.8,5750,BUY_AGGRESSOR,18501000,1471750
2026-10-01 23:20:57.443,NATGASMINI,CE,295.0,NATGASMINI23OCT26295CE,11.55,11500,BUY_AGGRESSOR,12083250,1678250
2026-10-01 23:20:57.443,NATGASMINI,PE,295.0,NATGASMINI23OCT26295PE,18.85,2750,BUY_AGGRESSOR,5311500,760500
2026-10-01 23:20:57.443,NATGASMINI,CE,300.0,NATGASMINI23OCT26300CE,9.95,5250,BUY_AGGRESSOR,12993500,3212500
2026-10-01 23:21:01.252,NATURALGAS,FUT,0.0,NATURALGAS27OCT26FUT,287.5,1250,SELL_AGGRESSOR,126826250,68702500
2026-10-01 23:21:01.252,NATURALGAS,CE,260.0,NATURALGAS23OCT26260CE,30.9,7500,BUY_AGGRESSOR,307500,215000
2026-10-01 23:21:01.252,NATURALGAS,PE,260.0,NATURALGAS23OCT26260PE,3.45,56250,INSIDE,27805000,10578750
2026-10-01 23:21:01.252,NATURALGAS,CE,270.0,NATURALGAS23OCT26270CE,23.5,2500,SELL_AGGRESSOR,3056250,1061250
2026-10-01 23:21:01.252,NATURALGAS,PE,270.0,NATURALGAS23OCT26270PE,6.15,30000,SELL_AGGRESSOR,32971250,11287500
2026-10-01 23:21:01.252,NATURALGAS,CE,280.0,NATURALGAS23OCT26280CE,17.65,16250,SELL_AGGRESSOR,26402500,4377500
2026-10-01 23:21:01.252,NATURALGAS,PE,280.0,NATURALGAS23OCT26280PE,10.4,142500,BUY_AGGRESSOR,47200000,11590000
2026-10-01 23:21:01.252,NATURALGAS,CE,285.0,NATURALGAS23OCT26285CE,15.35,63750,BUY_AGGRESSOR,35548750,4893750
2026-10-01 23:21:01.252,NATURALGAS,PE,285.0,NATURALGAS23OCT26285PE,12.95,62500,BUY_AGGRESSOR,53291250,5392500
2026-10-01 23:21:01.252,NATURALGAS,CE,290.0,NATURALGAS23OCT26290CE,13.15,21250,SELL_AGGRESSOR,89243750,16526250
2026-10-01 23:21:01.252,NATURALGAS,CE,300.0,NATURALGAS23OCT26300CE,9.8,38750,BUY_AGGRESSOR,55046250,20075000
2026-10-01 23:21:01.252,NATURALGAS,CE,310.0,NATURALGAS23OCT26310CE,7.3,2500,BUY_AGGRESSOR,32017500,11292500
2026-10-01 23:21:01.252,NATURALGAS,PE,310.0,NATURALGAS23OCT26310PE,29.8,7500,SELL_AGGRESSOR,2447500,4516250
2026-10-01 23:21:01.252,NATURALGAS,CE,315.0,NATURALGAS23OCT26315CE,6.3,1250,BUY_AGGRESSOR,11595000,3415000
2026-10-01 23:21:01.252,NATGASMINI,FUT,0.0,NATGASMINI27OCT26FUT,287.5,500,SELL_AGGRESSOR,40897250,17018750
2026-10-01 23:21:01.252,NATGASMINI,PE,260.0,NATGASMINI23OCT26260PE,3.45,3000,SELL_AGGRESSOR,2436750,844250
2026-10-01 23:21:01.252,NATGASMINI,PE,265.0,NATGASMINI23OCT26265PE,4.65,3000,BUY_AGGRESSOR,5866250,3209750
2026-10-01 23:21:01.252,NATGASMINI,PE,270.0,NATGASMINI23OCT26270PE,6.25,10750,BUY_AGGRESSOR,4187500,980750
2026-10-01 23:21:01.252,NATGASMINI,PE,275.0,NATGASMINI23OCT26275PE,8.15,6250,BUY_AGGRESSOR,4965000,690500
2026-10-01 23:21:01.252,NATGASMINI,CE,280.0,NATGASMINI23OCT26280CE,17.95,6500,BUY_AGGRESSOR,3805500,381750
2026-10-01 23:21:01.252,NATGASMINI,PE,280.0,NATGASMINI23OCT26280PE,10.4,6500,BUY_AGGRESSOR,9887500,1264250
2026-10-01 23:21:01.252,NATGASMINI,CE,285.0,NATGASMINI23OCT26285CE,15.45,1000,BUY_AGGRESSOR,10605500,890250
2026-10-01 23:21:01.252,NATGASMINI,PE,285.0,NATGASMINI23OCT26285PE,13.0,1750,BUY_AGGRESSOR,19695500,1126750
2026-10-01 23:21:01.252,NATGASMINI,CE,290.0,NATGASMINI23OCT26290CE,13.35,16000,BUY_AGGRESSOR,25339500,3100000
2026-10-01 23:21:01.252,NATGASMINI,PE,290.0,NATGASMINI23OCT26290PE,15.85,13750,BUY_AGGRESSOR,18514750,1471250
2026-10-01 23:21:01.252,NATGASMINI,CE,295.0,NATGASMINI23OCT26295CE,11.55,4750,BUY_AGGRESSOR,12088000,1675000
2026-10-01 23:21:01.252,NATGASMINI,CE,300.0,NATGASMINI23OCT26300CE,9.9,5250,SELL_AGGRESSOR,12998750,3209750
2026-10-01 23:21:01.252,NATGASMINI,PE,300.0,NATGASMINI23OCT26300PE,22.3,1000,BUY_AGGRESSOR,3086000,1038750
2026-10-01 23:21:01.252,NATGASMINI,CE,310.0,NATGASMINI23OCT26310CE,7.4,7250,BUY_AGGRESSOR,5171500,1838000
2026-10-01 23:21:01.252,NATGASMINI,PE,310.0,NATGASMINI23OCT26310PE,29.7,500,BUY_AGGRESSOR,448500,667500
2026-10-01 23:21:05.041,NATURALGAS,FUT,0.0,NATURALGAS27OCT26FUT,287.5,6250,SELL_AGGRESSOR,126832500,68702500
2026-10-01 23:21:05.041,NATURALGAS,PE,265.0,NATURALGAS23OCT26265PE,4.65,1250,BUY_AGGRESSOR,12906250,4327500
2026-10-01 23:21:05.041,NATURALGAS,CE,280.0,NATURALGAS23OCT26280CE,17.7,1250,BUY_AGGRESSOR,26403750,4375000
2026-10-01 23:21:05.041,NATURALGAS,PE,295.0,NATURALGAS23OCT26295PE,18.9,17500,INSIDE,15401250,5345000
2026-10-01 23:21:05.041,NATGASMINI,FUT,0.0,NATGASMINI27OCT26FUT,287.6,8000,BUY_AGGRESSOR,40905250,17011250
2026-10-01 23:21:05.041,NATGASMINI,PE,275.0,NATGASMINI23OCT26275PE,8.15,1000,BUY_AGGRESSOR,4966000,690500
2026-10-01 23:21:05.041,NATGASMINI,CE,280.0,NATGASMINI23OCT26280CE,17.9,1500,BUY_AGGRESSOR,3807000,379750
2026-10-01 23:21:05.041,NATGASMINI,PE,280.0,NATGASMINI23OCT26280PE,10.35,3000,SELL_AGGRESSOR,9890500,1264250
2026-10-01 23:21:05.041,NATGASMINI,PE,285.0,NATGASMINI23OCT26285PE,13.0,6250,BUY_AGGRESSOR,19701750,1118500
2026-10-01 23:21:05.041,NATGASMINI,CE,290.0,NATGASMINI23OCT26290CE,13.35,1250,BUY_AGGRESSOR,25340750,3098500
2026-10-01 23:21:05.041,NATGASMINI,PE,290.0,NATGASMINI23OCT26290PE,15.85,250,BUY_AGGRESSOR,18515000,1469000
2026-10-01 23:21:05.041,NATGASMINI,CE,295.0,NATGASMINI23OCT26295CE,11.55,1000,BUY_AGGRESSOR,12089000,1675000
2026-10-01 23:21:05.041,NATGASMINI,CE,300.0,NATGASMINI23OCT26300CE,9.95,1250,BUY_AGGRESSOR,13000000,3206250
2026-10-01 23:21:08.924,NATURALGAS,FUT,0.0,NATURALGAS27OCT26FUT,287.5,8750,BUY_AGGRESSOR,126841250,68701250
2026-10-01 23:21:08.924,NATURALGAS,CE,285.0,NATURALGAS23OCT26285CE,15.25,1250,SELL,35550000,4893750
2026-10-01 23:21:08.924,NATURALGAS,PE,290.0,NATURALGAS23OCT26290PE,15.75,2500,SELL_AGGRESSOR,76657500,12641250
2026-10-01 23:21:08.924,NATURALGAS,CE,295.0,NATURALGAS23OCT26295CE,11.4,1250,BUY_AGGRESSOR,35375000,6956250
2026-10-01 23:21:08.924,NATURALGAS,CE,305.0,NATURALGAS23OCT26305CE,8.4,2500,BUY_AGGRESSOR,20760000,8453750
2026-10-01 23:21:08.924,NATURALGAS,CE,310.0,NATURALGAS23OCT26310CE,7.35,1250,BUY_AGGRESSOR,32018750,11291250
2026-10-01 23:21:08.924,NATGASMINI,FUT,0.0,NATGASMINI27OCT26FUT,287.5,1500,SELL_AGGRESSOR,40906750,17009750
2026-10-01 23:21:08.924,NATGASMINI,CE,280.0,NATGASMINI23OCT26280CE,17.95,2000,BUY_AGGRESSOR,3809000,379500
2026-10-01 23:21:08.924,NATGASMINI,CE,285.0,NATGASMINI23OCT26285CE,15.5,1000,BUY_AGGRESSOR,10606500,886000
2026-10-01 23:21:08.924,NATGASMINI,PE,285.0,NATGASMINI23OCT26285PE,13.0,2000,BUY_AGGRESSOR,19703750,1118500
2026-10-01 23:21:08.924,NATGASMINI,CE,290.0,NATGASMINI23OCT26290CE,13.35,2000,BUY_AGGRESSOR,25342750,3097250
2026-10-01 23:21:08.924,NATGASMINI,PE,290.0,NATGASMINI23OCT26290PE,15.85,1500,BUY_AGGRESSOR,18516500,1468750
2026-10-01 23:21:08.924,NATGASMINI,CE,295.0,NATGASMINI23OCT26295CE,11.55,11250,BUY_AGGRESSOR,12100250,1672250
2026-10-01 23:21:08.924,NATGASMINI,PE,295.0,NATGASMINI23OCT26295PE,18.95,1500,BUY_AGGRESSOR,5313000,760500
2026-10-01 23:21:08.924,NATGASMINI,CE,310.0,NATGASMINI23OCT26310CE,7.4,4250,BUY_AGGRESSOR,5175750,1838000
2026-10-01 23:21:12.722,NATURALGAS,PE,260.0,NATURALGAS23OCT26260PE,3.45,1250,SELL_AGGRESSOR,27806250,10565000
2026-10-01 23:21:12.722,NATURALGAS,CE,270.0,NATURALGAS23OCT26270CE,23.5,1250,SELL_AGGRESSOR,3057500,1060000
2026-10-01 23:21:12.722,NATURALGAS,PE,270.0,NATURALGAS23OCT26270PE,6.15,1250,SELL_AGGRESSOR,32972500,11260000
2026-10-01 23:21:12.722,NATURALGAS,CE,275.0,NATURALGAS23OCT26275CE,20.55,1250,BUY_AGGRESSOR,3837500,393750
2026-10-01 23:21:12.722,NATURALGAS,PE,290.0,NATURALGAS23OCT26290PE,15.7,8750,SELL_AGGRESSOR,76666250,12636250
2026-10-01 23:21:12.722,NATURALGAS,CE,300.0,NATURALGAS23OCT26300CE,9.8,2500,BUY_AGGRESSOR,55048750,20071250
2026-10-01 23:21:12.722,NATGASMINI,CE,280.0,NATGASMINI23OCT26280CE,17.95,1750,BUY_AGGRESSOR,3810750,378500
2026-10-01 23:21:12.722,NATGASMINI,CE,285.0,NATGASMINI23OCT26285CE,15.5,500,BUY_AGGRESSOR,10607000,885000
2026-10-01 23:21:12.722,NATGASMINI,PE,285.0,NATGASMINI23OCT26285PE,13.0,250,BUY_AGGRESSOR,19704000,1112500
2026-10-01 23:21:12.722,NATGASMINI,CE,290.0,NATGASMINI23OCT26290CE,13.35,1750,BUY_AGGRESSOR,25344500,3095000
2026-10-01 23:21:12.722,NATGASMINI,PE,290.0,NATGASMINI23OCT26290PE,15.85,750,BUY_AGGRESSOR,18517250,1466750
2026-10-01 23:21:12.722,NATGASMINI,CE,295.0,NATGASMINI23OCT26295CE,11.55,250,BUY_AGGRESSOR,12100500,1669500
2026-10-01 23:21:12.722,NATGASMINI,PE,300.0,NATGASMINI23OCT26300PE,22.3,1250,BUY_AGGRESSOR,3087250,1037500
2026-10-01 23:21:12.722,NATGASMINI,PE,305.0,NATGASMINI23OCT26305PE,25.9,250,BUY_AGGRESSOR,590750,382250
2026-10-01 23:21:16.608,NATURALGAS,FUT,0.0,NATURALGAS27OCT26FUT,287.5,11250,SELL_AGGRESSOR,126852500,68688750
2026-10-01 23:21:16.608,NATURALGAS,PE,275.0,NATURALGAS23OCT26275PE,8.05,1250,SELL_AGGRESSOR,18450000,3603750
2026-10-01 23:21:16.608,NATURALGAS,PE,280.0,NATURALGAS23OCT26280PE,10.35,3750,SELL,47203750,11562500
2026-10-01 23:21:16.608,NATURALGAS,PE,285.0,NATURALGAS23OCT26285PE,12.85,3750,SELL_AGGRESSOR,53295000,5353750
2026-10-01 23:21:16.608,NATURALGAS,PE,290.0,NATURALGAS23OCT26290PE,15.7,2500,SELL_AGGRESSOR,76668750,12628750
2026-10-01 23:21:16.608,NATGASMINI,CE,280.0,NATGASMINI23OCT26280CE,17.95,1750,BUY_AGGRESSOR,3812500,378250
2026-10-01 23:21:16.608,NATGASMINI,CE,285.0,NATGASMINI23OCT26285CE,15.5,1250,BUY_AGGRESSOR,10608250,883500
2026-10-01 23:21:16.608,NATGASMINI,PE,285.0,NATGASMINI23OCT26285PE,12.95,250,SELL_AGGRESSOR,19704250,1110000
2026-10-01 23:21:16.608,NATGASMINI,CE,290.0,NATGASMINI23OCT26290CE,13.35,2000,BUY_AGGRESSOR,25346500,3093250
2026-10-01 23:21:16.608,NATGASMINI,PE,290.0,NATGASMINI23OCT26290PE,15.75,4000,SELL_AGGRESSOR,18521250,1464250
2026-10-01 23:21:16.608,NATGASMINI,CE,295.0,NATGASMINI23OCT26295CE,11.55,3000,SELL_AGGRESSOR,12103500,1667250
2026-10-01 23:21:16.608,NATGASMINI,PE,300.0,NATGASMINI23OCT26300PE,22.3,1250,BUY_AGGRESSOR,3088500,1036750
2026-10-01 23:21:20.398,NATURALGAS,FUT,0.0,NATURALGAS27OCT26FUT,287.5,3750,SELL_AGGRESSOR,126856250,68688750
2026-10-01 23:21:20.398,NATURALGAS,PE,275.0,NATURALGAS23OCT26275PE,8.1,1250,BUY_AGGRESSOR,18451250,3603750
2026-10-01 23:21:20.398,NATURALGAS,CE,285.0,NATURALGAS23OCT26285CE,15.25,1250,INSIDE,35551250,4857500
2026-10-01 23:21:20.398,NATURALGAS,PE,285.0,NATURALGAS23OCT26285PE,12.9,5000,BUY_AGGRESSOR,53300000,5350000
2026-10-01 23:21:20.398,NATURALGAS,CE,290.0,NATURALGAS23OCT26290CE,13.15,6250,SELL_AGGRESSOR,89250000,16517500
2026-10-01 23:21:20.398,NATURALGAS,CE,300.0,NATURALGAS23OCT26300CE,9.8,5000,BUY_AGGRESSOR,55053750,20071250
2026-10-01 23:21:20.398,NATURALGAS,PE,300.0,NATURALGAS23OCT26300PE,22.45,2500,BUY_AGGRESSOR,14006250,13852500
2026-10-01 23:21:20.398,NATURALGAS,CE,305.0,NATURALGAS23OCT26305CE,8.4,13750,SELL_AGGRESSOR,20773750,8455000
2026-10-01 23:21:20.398,NATURALGAS,CE,310.0,NATURALGAS23OCT26310CE,7.3,5000,SELL_AGGRESSOR,32023750,11291250
2026-10-01 23:21:20.398,NATGASMINI,FUT,0.0,NATGASMINI27OCT26FUT,287.6,12750,BUY_AGGRESSOR,40919500,16997750
2026-10-01 23:21:20.398,NATGASMINI,CE,280.0,NATGASMINI23OCT26280CE,17.9,1250,SELL,3813750,377750
2026-10-01 23:21:20.398,NATGASMINI,CE,285.0,NATGASMINI23OCT26285CE,15.45,1500,BUY_AGGRESSOR,10609750,883250
2026-10-01 23:21:20.398,NATGASMINI,CE,290.0,NATGASMINI23OCT26290CE,13.35,2000,BUY_AGGRESSOR,25348500,3091750
2026-10-01 23:21:20.398,NATGASMINI,PE,290.0,NATGASMINI23OCT26290PE,15.85,4000,BUY_AGGRESSOR,18525250,1459000
2026-10-01 23:21:20.398,NATGASMINI,PE,295.0,NATGASMINI23OCT26295PE,19.0,1000,BUY_AGGRESSOR,5314000,760250
2026-10-01 23:21:20.398,NATGASMINI,PE,300.0,NATGASMINI23OCT26300PE,22.35,1750,BUY_AGGRESSOR,3090250,1035250
2026-10-01 23:21:20.398,NATGASMINI,CE,305.0,NATGASMINI23OCT26305CE,8.5,250,SELL_AGGRESSOR,6111000,1683250
2026-10-01 23:21:20.398,NATGASMINI,PE,305.0,NATGASMINI23OCT26305PE,25.9,250,BUY_AGGRESSOR,591000,382000
2026-10-01 23:21:24.268,NATURALGAS,PE,280.0,NATURALGAS23OCT26280PE,10.4,1250,BUY_AGGRESSOR,47205000,11562500
2026-10-01 23:21:24.268,NATURALGAS,PE,285.0,NATURALGAS23OCT26285PE,12.9,2500,BUY_AGGRESSOR,53302500,5347500
2026-10-01 23:21:24.268,NATURALGAS,CE,290.0,NATURALGAS23OCT26290CE,13.15,3750,SELL_AGGRESSOR,89253750,16513750
2026-10-01 23:21:24.268,NATGASMINI,FUT,0.0,NATGASMINI27OCT26FUT,287.6,2250,BUY_AGGRESSOR,40921750,16996250
2026-10-01 23:21:24.268,NATGASMINI,CE,280.0,NATGASMINI23OCT26280CE,17.9,2750,BUY_AGGRESSOR,3816500,377250
2026-10-01 23:21:24.268,NATGASMINI,CE,285.0,NATGASMINI23OCT26285CE,15.45,2750,BUY_AGGRESSOR,10612500,880500
2026-10-01 23:21:24.268,NATGASMINI,PE,285.0,NATGASMINI23OCT26285PE,12.95,2000,SELL_AGGRESSOR,19706250,1108000
2026-10-01 23:21:24.268,NATGASMINI,CE,290.0,NATGASMINI23OCT26290CE,13.35,4500,BUY_AGGRESSOR,25353000,3089000
2026-10-01 23:21:24.268,NATGASMINI,PE,290.0,NATGASMINI23OCT26290PE,15.9,3250,BUY_AGGRESSOR,18528500,1455750
2026-10-01 23:21:24.268,NATGASMINI,CE,295.0,NATGASMINI23OCT26295CE,11.55,5500,BUY_AGGRESSOR,12109000,1652500
2026-10-01 23:21:24.268,NATGASMINI,PE,295.0,NATGASMINI23OCT26295PE,19.0,3000,BUY_AGGRESSOR,5317000,759000
2026-10-01 23:21:24.268,NATGASMINI,PE,300.0,NATGASMINI23OCT26300PE,22.35,1250,BUY_AGGRESSOR,3091500,1034000
2026-10-01 23:21:24.268,NATGASMINI,PE,305.0,NATGASMINI23OCT26305PE,25.95,250,BUY_AGGRESSOR,591250,381750
2026-10-01 23:21:28.094,NATURALGAS,FUT,0.0,NATURALGAS27OCT26FUT,287.5,5000,BUY_AGGRESSOR,126861250,68690000
2026-10-01 23:21:28.094,NATURALGAS,PE,280.0,NATURALGAS23OCT26280PE,10.35,2500,SELL_AGGRESSOR,47207500,11561250
2026-10-01 23:21:28.094,NATURALGAS,CE,285.0,NATURALGAS23OCT26285CE,15.25,1250,INSIDE,35552500,4856250
2026-10-01 23:21:28.094,NATURALGAS,PE,290.0,NATURALGAS23OCT26290PE,15.75,1250,SELL_AGGRESSOR,76670000,12627500
2026-10-01 23:21:28.094,NATURALGAS,CE,300.0,NATURALGAS23OCT26300CE,9.8,1250,BUY_AGGRESSOR,55055000,20071250
2026-10-01 23:21:28.094,NATGASMINI,FUT,0.0,NATGASMINI27OCT26FUT,287.4,3250,SELL_AGGRESSOR,40925000,16992500
2026-10-01 23:21:28.094,NATGASMINI,CE,275.0,NATGASMINI23OCT26275CE,20.55,1500,SELL_AGGRESSOR,1330000,73750
2026-10-01 23:21:28.094,NATGASMINI,PE,275.0,NATGASMINI23OCT26275PE,8.1,250,SELL_AGGRESSOR,4966250,683750
2026-10-01 23:21:28.094,NATGASMINI,CE,280.0,NATGASMINI23OCT26280CE,17.9,1500,BUY_AGGRESSOR,3818000,376750
2026-10-01 23:21:28.094,NATGASMINI,PE,280.0,NATGASMINI23OCT26280PE,10.45,500,BUY_AGGRESSOR,9891000,1263250
2026-10-01 23:21:28.094,NATGASMINI,CE,285.0,NATGASMINI23OCT26285CE,15.45,3000,BUY_AGGRESSOR,10615500,877500
2026-10-01 23:21:28.094,NATGASMINI,PE,285.0,NATGASMINI23OCT26285PE,13.05,750,BUY_AGGRESSOR,19707000,1107250
2026-10-01 23:21:28.094,NATGASMINI,CE,290.0,NATGASMINI23OCT26290CE,13.35,12000,BUY_AGGRESSOR,25365000,3082500
2026-10-01 23:21:28.094,NATGASMINI,PE,290.0,NATGASMINI23OCT26290PE,15.9,750,BUY_AGGRESSOR,18529250,1455000
2026-10-01 23:21:28.094,NATGASMINI,CE,295.0,NATGASMINI23OCT26295CE,11.55,2000,BUY_AGGRESSOR,12111000,1653500
2026-10-01 23:21:28.094,NATGASMINI,PE,295.0,NATGASMINI23OCT26295PE,19.05,1750,BUY_AGGRESSOR,5318750,757250
2026-10-01 23:21:28.094,NATGASMINI,CE,300.0,NATGASMINI23OCT26300CE,9.9,2000,SELL_AGGRESSOR,13002000,3204250
2026-10-01 23:21:28.094,NATGASMINI,PE,300.0,NATGASMINI23OCT26300PE,22.35,11250,BUY_AGGRESSOR,3102750,1023000
2026-10-01 23:21:33.155,NATURALGAS,FUT,0.0,NATURALGAS27OCT26FUT,287.4,3750,SELL_AGGRESSOR,126865000,68687500
2026-10-01 23:21:33.155,NATURALGAS,CE,280.0,NATURALGAS23OCT26280CE,17.65,1250,SELL_AGGRESSOR,26405000,4373750
2026-10-01 23:21:33.155,NATURALGAS,CE,290.0,NATURALGAS23OCT26290CE,13.15,6250,SELL_AGGRESSOR,89260000,16517500
2026-10-01 23:21:33.155,NATURALGAS,CE,295.0,NATURALGAS23OCT26295CE,11.35,1250,SELL_AGGRESSOR,35376250,6955000
2026-10-01 23:21:33.155,NATURALGAS,PE,295.0,NATURALGAS23OCT26295PE,18.95,1250,BUY_AGGRESSOR,15402500,5332500
2026-10-01 23:21:33.155,NATGASMINI,PE,265.0,NATGASMINI23OCT26265PE,4.65,750,SELL_AGGRESSOR,5867000,3207500
2026-10-01 23:21:33.155,NATGASMINI,CE,280.0,NATGASMINI23OCT26280CE,17.9,1250,BUY_AGGRESSOR,3819250,375750
2026-10-01 23:21:33.155,NATGASMINI,PE,280.0,NATGASMINI23OCT26280PE,10.45,1250,BUY_AGGRESSOR,9892250,1263250
2026-10-01 23:21:33.155,NATGASMINI,CE,285.0,NATGASMINI23OCT26285CE,15.45,1250,BUY_AGGRESSOR,10616750,876250
2026-10-01 23:21:33.155,NATGASMINI,CE,290.0,NATGASMINI23OCT26290CE,13.35,4500,BUY_AGGRESSOR,25369500,3085500
2026-10-01 23:21:33.155,NATGASMINI,PE,290.0,NATGASMINI23OCT26290PE,15.9,500,BUY_AGGRESSOR,18529750,1454500
2026-10-01 23:21:33.155,NATGASMINI,PE,295.0,NATGASMINI23OCT26295PE,19.05,1000,BUY_AGGRESSOR,5319750,756500
2026-10-01 23:21:33.155,NATGASMINI,PE,305.0,NATGASMINI23OCT26305PE,26.0,250,BUY_AGGRESSOR,591500,381750
2026-10-01 23:21:36.944,NATURALGAS,CE,280.0,NATURALGAS23OCT26280CE,17.65,1250,SELL_AGGRESSOR,26406250,4372500
2026-10-01 23:21:36.944,NATURALGAS,PE,280.0,NATURALGAS23OCT26280PE,10.35,1250,SELL_AGGRESSOR,47208750,11560000
2026-10-01 23:21:36.944,NATURALGAS,CE,285.0,NATURALGAS23OCT26285CE,15.25,1250,BUY_AGGRESSOR,35553750,4856250
2026-10-01 23:21:36.944,NATURALGAS,PE,285.0,NATURALGAS23OCT26285PE,12.9,2500,SELL_AGGRESSOR,53305000,5348750
2026-10-01 23:21:36.944,NATGASMINI,FUT,0.0,NATGASMINI27OCT26FUT,287.6,500,BUY_AGGRESSOR,40925500,16992500
2026-10-01 23:21:36.944,NATGASMINI,PE,260.0,NATGASMINI23OCT26260PE,3.45,250,SELL_AGGRESSOR,2437000,844000
2026-10-01 23:21:36.944,NATGASMINI,CE,280.0,NATGASMINI23OCT26280CE,17.9,1250,BUY_AGGRESSOR,3820500,374500
2026-10-01 23:21:36.944,NATGASMINI,PE,280.0,NATGASMINI23OCT26280PE,10.45,1500,BUY_AGGRESSOR,9893750,1261750
2026-10-01 23:21:36.944,NATGASMINI,CE,285.0,NATGASMINI23OCT26285CE,15.45,2000,BUY_AGGRESSOR,10618750,875500
2026-10-01 23:21:36.944,NATGASMINI,PE,290.0,NATGASMINI23OCT26290PE,15.9,750,BUY_AGGRESSOR,18530500,1454000
2026-10-01 23:21:36.944,NATGASMINI,PE,295.0,NATGASMINI23OCT26295PE,19.05,1000,BUY_AGGRESSOR,5320750,755250
2026-10-01 23:21:36.944,NATGASMINI,CE,300.0,NATGASMINI23OCT26300CE,9.95,1250,BUY_AGGRESSOR,13003250,3203000
2026-10-01 23:21:40.791,NATURALGAS,FUT,0.0,NATURALGAS27OCT26FUT,287.5,1250,BUY_AGGRESSOR,126866250,68688750
2026-10-01 23:21:40.791,NATURALGAS,PE,260.0,NATURALGAS23OCT26260PE,3.5,40000,BUY_AGGRESSOR,27846250,10563750
2026-10-01 23:21:40.791,NATURALGAS,PE,270.0,NATURALGAS23OCT26270PE,6.2,6250,BUY_AGGRESSOR,32978750,11265000
2026-10-01 23:21:40.791,NATURALGAS,PE,290.0,NATURALGAS23OCT26290PE,15.75,2500,SELL_AGGRESSOR,76672500,12625000
2026-10-01 23:21:40.791,NATURALGAS,CE,295.0,NATURALGAS23OCT26295CE,11.35,1250,SELL_AGGRESSOR,35377500,6953750
2026-10-01 23:21:40.791,NATGASMINI,FUT,0.0,NATGASMINI27OCT26FUT,287.4,750,SELL_AGGRESSOR,40926250,16992500
2026-10-01 23:21:40.791,NATGASMINI,CE,280.0,NATGASMINI23OCT26280CE,17.9,1000,BUY_AGGRESSOR,3821500,373500
2026-10-01 23:21:40.791,NATGASMINI,PE,280.0,NATGASMINI23OCT26280PE,10.45,1000,BUY_AGGRESSOR,9894750,1261750
2026-10-01 23:21:40.791,NATGASMINI,CE,285.0,NATGASMINI23OCT26285CE,15.45,1000,BUY_AGGRESSOR,10619750,874500
2026-10-01 23:21:40.791,NATGASMINI,PE,285.0,NATGASMINI23OCT26285PE,13.05,250,BUY_AGGRESSOR,19707250,1107000
2026-10-01 23:21:40.791,NATGASMINI,PE,290.0,NATGASMINI23OCT26290PE,15.9,1500,BUY_AGGRESSOR,18532000,1452500
2026-10-01 23:21:40.791,NATGASMINI,PE,295.0,NATGASMINI23OCT26295PE,19.05,1000,BUY_AGGRESSOR,5321750,754250
2026-10-01 23:21:40.791,NATGASMINI,CE,300.0,NATGASMINI23OCT26300CE,9.95,1000,BUY_AGGRESSOR,13004250,3202000
2026-10-01 23:21:40.791,NATGASMINI,PE,305.0,NATGASMINI23OCT26305PE,25.95,250,BUY_AGGRESSOR,591750,381500
2026-10-01 23:21:44.606,NATURALGAS,PE,265.0,NATURALGAS23OCT26265PE,4.65,1250,BUY_AGGRESSOR,12907500,4327500
2026-10-01 23:21:44.606,NATURALGAS,PE,275.0,NATURALGAS23OCT26275PE,8.1,8750,BUY_AGGRESSOR,18460000,3610000
2026-10-01 23:21:44.606,NATURALGAS,CE,290.0,NATURALGAS23OCT26290CE,13.15,1250,INSIDE,89261250,16517500
2026-10-01 23:21:44.606,NATURALGAS,PE,290.0,NATURALGAS23OCT26290PE,15.8,5000,BUY_AGGRESSOR,76677500,12620000
2026-10-01 23:21:44.606,NATURALGAS,CE,295.0,NATURALGAS23OCT26295CE,11.35,8750,SELL_AGGRESSOR,35386250,6956250
2026-10-01 23:21:44.606,NATURALGAS,PE,295.0,NATURALGAS23OCT26295PE,18.95,3750,BUY_AGGRESSOR,15406250,5332500
2026-10-01 23:21:44.606,NATURALGAS,CE,300.0,NATURALGAS23OCT26300CE,9.75,11250,SELL,55066250,20071250
2026-10-01 23:21:44.606,NATGASMINI,FUT,0.0,NATGASMINI27OCT26FUT,287.6,250,BUY_AGGRESSOR,40926500,16992250
2026-10-01 23:21:44.606,NATGASMINI,PE,270.0,NATGASMINI23OCT26270PE,6.25,2500,BUY_AGGRESSOR,4190000,979750
2026-10-01 23:21:44.606,NATGASMINI,PE,275.0,NATGASMINI23OCT26275PE,8.15,2250,BUY_AGGRESSOR,4968500,686000
2026-10-01 23:21:44.606,NATGASMINI,CE,280.0,NATGASMINI23OCT26280CE,17.85,6750,SELL_AGGRESSOR,3828250,372500
2026-10-01 23:21:44.606,NATGASMINI,PE,280.0,NATGASMINI23OCT26280PE,10.45,2000,BUY_AGGRESSOR,9896750,1260750
2026-10-01 23:21:44.606,NATGASMINI,CE,285.0,NATGASMINI23OCT26285CE,15.4,2750,SELL_AGGRESSOR,10622500,873750
2026-10-01 23:21:44.606,NATGASMINI,PE,285.0,NATGASMINI23OCT26285PE,12.95,3500,SELL_AGGRESSOR,19710750,1105000
2026-10-01 23:21:44.606,NATGASMINI,CE,290.0,NATGASMINI23OCT26290CE,13.3,4500,SELL_AGGRESSOR,25374000,3085250
2026-10-01 23:21:44.606,NATGASMINI,PE,290.0,NATGASMINI23OCT26290PE,15.85,2000,SELL_AGGRESSOR,18534000,1450750
2026-10-01 23:21:44.606,NATGASMINI,CE,295.0,NATGASMINI23OCT26295CE,11.5,8500,SELL_AGGRESSOR,12119500,1653250
2026-10-01 23:21:44.606,NATGASMINI,PE,295.0,NATGASMINI23OCT26295PE,19.05,2250,BUY_AGGRESSOR,5324000,752000
2026-10-01 23:21:44.606,NATGASMINI,CE,300.0,NATGASMINI23OCT26300CE,9.9,14000,SELL_AGGRESSOR,13018250,3195500
2026-10-01 23:21:44.606,NATGASMINI,PE,300.0,NATGASMINI23OCT26300PE,22.4,2000,BUY_AGGRESSOR,3104750,1020750
2026-10-01 23:21:44.606,NATGASMINI,PE,305.0,NATGASMINI23OCT26305PE,26.0,250,BUY_AGGRESSOR,592000,381250
2026-10-01 23:21:48.404,NATURALGAS,FUT,0.0,NATURALGAS27OCT26FUT,287.4,1250,SELL_AGGRESSOR,126867500,68687500
2026-10-01 23:21:48.404,NATURALGAS,PE,270.0,NATURALGAS23OCT26270PE,6.15,1250,SELL_AGGRESSOR,32980000,11265000
2026-10-01 23:21:48.404,NATURALGAS,CE,275.0,NATURALGAS23OCT26275CE,20.35,2500,SELL_AGGRESSOR,3840000,393750
2026-10-01 23:21:48.404,NATURALGAS,CE,280.0,NATURALGAS23OCT26280CE,17.65,10000,INSIDE,26416250,4372500
2026-10-01 23:21:48.404,NATURALGAS,PE,280.0,NATURALGAS23OCT26280PE,10.4,5000,BUY_AGGRESSOR,47213750,11560000
2026-10-01 23:21:48.404,NATURALGAS,CE,290.0,NATURALGAS23OCT26290CE,13.15,3750,BUY_AGGRESSOR,89265000,16516250
2026-10-01 23:21:48.404,NATURALGAS,CE,295.0,NATURALGAS23OCT26295CE,11.35,1250,BUY_AGGRESSOR,35387500,6958750
2026-10-01 23:21:48.404,NATURALGAS,PE,295.0,NATURALGAS23OCT26295PE,18.95,6250,SELL_AGGRESSOR,15412500,5330000
2026-10-01 23:21:48.404,NATURALGAS,CE,300.0,NATURALGAS23OCT26300CE,9.75,3750,BUY_AGGRESSOR,55070000,20067500
2026-10-01 23:21:48.404,NATGASMINI,PE,270.0,NATGASMINI23OCT26270PE,6.2,3250,SELL_AGGRESSOR,4193250,979750
2026-10-01 23:21:48.404,NATGASMINI,CE,280.0,NATGASMINI23OCT26280CE,17.85,6250,SELL_AGGRESSOR,3834500,372500
2026-10-01 23:21:48.404,NATGASMINI,PE,280.0,NATGASMINI23OCT26280PE,10.5,6250,BUY_AGGRESSOR,9903000,1254750
2026-10-01 23:21:48.404,NATGASMINI,CE,285.0,NATGASMINI23OCT26285CE,15.4,1250,SELL_AGGRESSOR,10623750,870500
2026-10-01 23:21:48.404,NATGASMINI,PE,285.0,NATGASMINI23OCT26285PE,13.05,1000,BUY_AGGRESSOR,19711750,1104000
2026-10-01 23:21:48.404,NATGASMINI,CE,290.0,NATGASMINI23OCT26290CE,13.3,1500,BUY_AGGRESSOR,25375500,3085000
2026-10-01 23:21:48.404,NATGASMINI,CE,295.0,NATGASMINI23OCT26295CE,11.5,1250,BUY_AGGRESSOR,12120750,1653250
2026-10-01 23:21:48.404,NATGASMINI,PE,295.0,NATGASMINI23OCT26295PE,19.05,1000,BUY_AGGRESSOR,5325000,751000
2026-10-01 23:21:48.404,NATGASMINI,CE,300.0,NATGASMINI23OCT26300CE,9.9,1250,BUY_AGGRESSOR,13019500,3194250
2026-10-01 23:21:48.404,NATGASMINI,PE,300.0,NATGASMINI23OCT26300PE,22.3,17500,SELL_AGGRESSOR,3122250,1003500
2026-10-01 23:21:52.222,NATURALGAS,CE,300.0,NATURALGAS23OCT26300CE,9.7,1250,SELL_AGGRESSOR,55071250,20067500
2026-10-01 23:21:52.222,NATURALGAS,CE,310.0,NATURALGAS23OCT26310CE,7.25,3750,SELL_AGGRESSOR,32027500,11287500
2026-10-01 23:21:52.222,NATGASMINI,FUT,0.0,NATGASMINI27OCT26FUT,287.5,250,BUY_AGGRESSOR,40926750,16992000
2026-10-01 23:21:52.222,NATGASMINI,PE,280.0,NATGASMINI23OCT26280PE,10.45,4750,SELL_AGGRESSOR,9907750,1250000
2026-10-01 23:21:52.222,NATGASMINI,CE,285.0,NATGASMINI23OCT26285CE,15.45,500,BUY_AGGRESSOR,10624250,870000
2026-10-01 23:21:52.222,NATGASMINI,PE,285.0,NATGASMINI23OCT26285PE,12.95,1500,SELL_AGGRESSOR,19713250,1102750
2026-10-01 23:21:52.222,NATGASMINI,PE,290.0,NATGASMINI23OCT26290PE,15.9,500,BUY_AGGRESSOR,18534500,1450250
2026-10-01 23:21:52.222,NATGASMINI,CE,295.0,NATGASMINI23OCT26295CE,11.5,1000,BUY_AGGRESSOR,12121750,1653250
2026-10-01 23:21:52.222,NATGASMINI,PE,295.0,NATGASMINI23OCT26295PE,19.05,1250,BUY_AGGRESSOR,5326250,749750
2026-10-01 23:21:52.222,NATGASMINI,CE,300.0,NATGASMINI23OCT26300CE,9.9,1250,BUY_AGGRESSOR,13020750,3193250
2026-10-01 23:21:52.222,NATGASMINI,PE,305.0,NATGASMINI23OCT26305PE,26.05,250,BUY_AGGRESSOR,592250,381250
2026-10-01 23:21:56.054,NATURALGAS,FUT,0.0,NATURALGAS27OCT26FUT,287.4,28750,SELL_AGGRESSOR,126896250,68688750
2026-10-01 23:21:56.054,NATURALGAS,PE,260.0,NATURALGAS23OCT26260PE,3.45,2500,SELL_AGGRESSOR,27848750,10558750
2026-10-01 23:21:56.054,NATURALGAS,PE,270.0,NATURALGAS23OCT26270PE,6.2,15000,BUY_AGGRESSOR,32995000,11265000
2026-10-01 23:21:56.054,NATURALGAS,CE,280.0,NATURALGAS23OCT26280CE,17.65,6250,BUY_AGGRESSOR,26422500,4368750
2026-10-01 23:21:56.054,NATURALGAS,PE,280.0,NATURALGAS23OCT26280PE,10.4,50000,BUY_AGGRESSOR,47263750,11517500
2026-10-01 23:21:56.054,NATURALGAS,CE,285.0,NATURALGAS23OCT26285CE,15.2,55000,SELL_AGGRESSOR,35608750,4868750
2026-10-01 23:21:56.054,NATURALGAS,PE,285.0,NATURALGAS23OCT26285PE,13.0,5000,BUY_AGGRESSOR,53310000,5343750
2026-10-01 23:21:56.054,NATURALGAS,PE,290.0,NATURALGAS23OCT26290PE,15.8,5000,SELL_AGGRESSOR,76682500,12615000
2026-10-01 23:21:56.054,NATURALGAS,CE,295.0,NATURALGAS23OCT26295CE,11.35,1250,BUY_AGGRESSOR,35388750,6958750
2026-10-01 23:21:56.054,NATURALGAS,PE,295.0,NATURALGAS23OCT26295PE,19.0,2500,BUY_AGGRESSOR,15415000,5328750
2026-10-01 23:21:56.054,NATURALGAS,PE,300.0,NATURALGAS23OCT26300PE,22.5,1250,BUY_AGGRESSOR,14007500,13851250
2026-10-01 23:21:56.054,NATURALGAS,PE,310.0,NATURALGAS23OCT26310PE,29.95,3750,BUY_AGGRESSOR,2451250,4512500
2026-10-01 23:21:56.054,NATURALGAS,CE,315.0,NATURALGAS23OCT26315CE,6.3,2500,BUY_AGGRESSOR,11597500,3415000
2026-10-01 23:21:56.054,NATGASMINI,FUT,0.0,NATGASMINI27OCT26FUT,287.4,1000,SELL_AGGRESSOR,40927750,16991750
2026-10-01 23:21:56.054,NATGASMINI,PE,255.0,NATGASMINI23OCT26255PE,2.5,500,SELL_AGGRESSOR,692250,137000
2026-10-01 23:21:56.054,NATGASMINI,CE,280.0,NATGASMINI23OCT26280CE,17.85,3250,BUY_AGGRESSOR,3837750,372250
2026-10-01 23:21:56.054,NATGASMINI,PE,280.0,NATGASMINI23OCT26280PE,10.45,9750,SELL_AGGRESSOR,9917500,1240250
2026-10-01 23:21:56.054,NATGASMINI,CE,285.0,NATGASMINI23OCT26285CE,15.4,11500,SELL_AGGRESSOR,10635750,865750
2026-10-01 23:21:56.054,NATGASMINI,PE,285.0,NATGASMINI23OCT26285PE,13.0,1750,BUY,19715000,1101000
2026-10-01 23:21:56.054,NATGASMINI,PE,290.0,NATGASMINI23OCT26290PE,15.95,5750,BUY_AGGRESSOR,18540250,1450500
2026-10-01 23:21:56.054,NATGASMINI,CE,295.0,NATGASMINI23OCT26295CE,11.5,1250,BUY_AGGRESSOR,12123000,1653250
2026-10-01 23:21:56.054,NATGASMINI,PE,295.0,NATGASMINI23OCT26295PE,19.1,1750,BUY_AGGRESSOR,5328000,748250
2026-10-01 23:21:56.054,NATGASMINI,CE,300.0,NATGASMINI23OCT26300CE,9.9,1500,BUY_AGGRESSOR,13022250,3192000
2026-10-01 23:21:56.054,NATGASMINI,PE,310.0,NATGASMINI23OCT26310PE,29.8,250,BUY,448750,667500
2026-10-01 23:21:59.875,NATURALGAS,FUT,0.0,NATURALGAS27OCT26FUT,287.3,2500,SELL_AGGRESSOR,126898750,68688750
2026-10-01 23:21:59.875,NATURALGAS,PE,260.0,NATURALGAS23OCT26260PE,3.45,1250,SELL_AGGRESSOR,27850000,10558750
2026-10-01 23:21:59.875,NATURALGAS,CE,270.0,NATURALGAS23OCT26270CE,23.4,1250,SELL_AGGRESSOR,3058750,1058750
2026-10-01 23:21:59.875,NATURALGAS,PE,270.0,NATURALGAS23OCT26270PE,6.2,22500,SELL_AGGRESSOR,33017500,11265000
2026-10-01 23:21:59.875,NATURALGAS,CE,280.0,NATURALGAS23OCT26280CE,17.6,15000,SELL,26437500,4358750
2026-10-01 23:21:59.875,NATURALGAS,PE,280.0,NATURALGAS23OCT26280PE,10.4,5000,SELL_AGGRESSOR,47268750,11516250
2026-10-01 23:21:59.875,NATURALGAS,CE,285.0,NATURALGAS23OCT26285CE,15.2,3750,BUY_AGGRESSOR,35612500,4866250
2026-10-01 23:21:59.875,NATURALGAS,PE,285.0,NATURALGAS23OCT26285PE,13.0,5000,BUY_AGGRESSOR,53315000,5338750
2026-10-01 23:21:59.875,NATURALGAS,CE,290.0,NATURALGAS23OCT26290CE,13.1,41250,SELL_AGGRESSOR,89306250,16482500
2026-10-01 23:21:59.875,NATURALGAS,PE,290.0,NATURALGAS23OCT26290PE,15.85,23750,BUY_AGGRESSOR,76706250,12612500
2026-10-01 23:21:59.875,NATURALGAS,CE,300.0,NATURALGAS23OCT26300CE,9.7,3750,SELL_AGGRESSOR,55075000,20065000
2026-10-01 23:21:59.875,NATURALGAS,PE,300.0,NATURALGAS23OCT26300PE,22.55,2500,BUY_AGGRESSOR,14010000,13851250
2026-10-01 23:21:59.875,NATURALGAS,CE,310.0,NATURALGAS23OCT26310CE,7.25,1250,INSIDE,32028750,11287500
2026-10-01 23:21:59.875,NATGASMINI,FUT,0.0,NATGASMINI27OCT26FUT,287.4,3750,SELL_AGGRESSOR,40931500,16989250
2026-10-01 23:21:59.875,NATGASMINI,PE,260.0,NATGASMINI23OCT26260PE,3.5,500,BUY_AGGRESSOR,2437500,844000
2026-10-01 23:21:59.875,NATGASMINI,PE,275.0,NATGASMINI23OCT26275PE,8.25,4750,BUY_AGGRESSOR,4973250,684250
2026-10-01 23:21:59.875,NATGASMINI,CE,280.0,NATGASMINI23OCT26280CE,17.8,1250,SELL,3839000,372250
2026-10-01 23:21:59.875,NATGASMINI,PE,280.0,NATGASMINI23OCT26280PE,10.55,8750,BUY_AGGRESSOR,9926250,1237250
2026-10-01 23:21:59.875,NATGASMINI,CE,285.0,NATGASMINI23OCT26285CE,15.4,1250,BUY_AGGRESSOR,10637000,858750
2026-10-01 23:21:59.875,NATGASMINI,PE,285.0,NATGASMINI23OCT26285PE,13.05,14500,BUY_AGGRESSOR,19729500,1087000
2026-10-01 23:21:59.875,NATGASMINI,CE,290.0,NATGASMINI23OCT26290CE,13.25,16500,SELL_AGGRESSOR,25392000,3085000
2026-10-01 23:21:59.875,NATGASMINI,PE,290.0,NATGASMINI23OCT26290PE,15.95,9000,BUY_AGGRESSOR,18549250,1443250
2026-10-01 23:21:59.875,NATGASMINI,CE,295.0,NATGASMINI23OCT26295CE,11.5,12750,BUY_AGGRESSOR,12135750,1648250
2026-10-01 23:21:59.875,NATGASMINI,PE,295.0,NATGASMINI23OCT26295PE,19.1,11750,BUY_AGGRESSOR,5339750,738000
2026-10-01 23:21:59.875,NATGASMINI,CE,300.0,NATGASMINI23OCT26300CE,9.9,7500,BUY_AGGRESSOR,13029750,3185500
2026-10-01 23:21:59.875,NATGASMINI,PE,300.0,NATGASMINI23OCT26300PE,22.45,2500,BUY_AGGRESSOR,3124750,1001250
2026-10-01 23:21:59.875,NATGASMINI,PE,305.0,NATGASMINI23OCT26305PE,25.95,2250,SELL_AGGRESSOR,594500,380500
2026-10-01 23:21:59.875,NATGASMINI,PE,310.0,NATGASMINI23OCT26310PE,29.9,2000,BUY_AGGRESSOR,450750,667500
2026-10-01 23:22:03.707,NATURALGAS,FUT,0.0,NATURALGAS27OCT26FUT,287.4,3750,BUY_AGGRESSOR,126902500,68686250
2026-10-01 23:22:03.707,NATURALGAS,PE,270.0,NATURALGAS23OCT26270PE,6.2,1250,SELL_AGGRESSOR,33018750,11265000
2026-10-01 23:22:03.707,NATURALGAS,PE,275.0,NATURALGAS23OCT26275PE,8.1,1250,SELL_AGGRESSOR,18461250,3610000
2026-10-01 23:22:03.707,NATURALGAS,CE,280.0,NATURALGAS23OCT26280CE,17.6,1250,INSIDE,26438750,4358750
2026-10-01 23:22:03.707,NATURALGAS,PE,285.0,NATURALGAS23OCT26285PE,12.95,2500,SELL_AGGRESSOR,53317500,5336250
2026-10-01 23:22:03.707,NATURALGAS,CE,290.0,NATURALGAS23OCT26290CE,13.1,1250,BUY_AGGRESSOR,89307500,16482500
2026-10-01 23:22:03.707,NATURALGAS,PE,290.0,NATURALGAS23OCT26290PE,15.85,5000,BUY_AGGRESSOR,76711250,12606250
2026-10-01 23:22:03.707,NATGASMINI,FUT,0.0,NATGASMINI27OCT26FUT,287.4,1250,BUY_AGGRESSOR,40932750,16989250
2026-10-01 23:22:03.707,NATGASMINI,PE,255.0,NATGASMINI23OCT26255PE,2.55,250,BUY_AGGRESSOR,692500,137250
2026-10-01 23:22:03.707,NATGASMINI,PE,275.0,NATGASMINI23OCT26275PE,8.25,6500,BUY_AGGRESSOR,4979750,684000
2026-10-01 23:22:03.707,NATGASMINI,CE,280.0,NATGASMINI23OCT26280CE,17.8,1000,SELL_AGGRESSOR,3840000,372250
2026-10-01 23:22:03.707,NATGASMINI,PE,280.0,NATGASMINI23OCT26280PE,10.5,7250,SELL,9933500,1235500
2026-10-01 23:22:03.707,NATGASMINI,CE,285.0,NATGASMINI23OCT26285CE,15.25,7750,SELL_AGGRESSOR,10644750,855000
2026-10-01 23:22:03.707,NATGASMINI,PE,285.0,NATGASMINI23OCT26285PE,13.15,13750,BUY_AGGRESSOR,19743250,1078000
2026-10-01 23:22:03.707,NATGASMINI,CE,290.0,NATGASMINI23OCT26290CE,13.25,5750,BUY_AGGRESSOR,25397750,3083000
2026-10-01 23:22:03.707,NATGASMINI,PE,290.0,NATGASMINI23OCT26290PE,16.0,1500,BUY_AGGRESSOR,18550750,1441500
2026-10-01 23:22:03.707,NATGASMINI,CE,295.0,NATGASMINI23OCT26295CE,11.5,6000,BUY_AGGRESSOR,12141750,1647500
2026-10-01 23:22:03.707,NATGASMINI,CE,300.0,NATGASMINI23OCT26300CE,9.9,250,BUY_AGGRESSOR,13030000,3185500
2026-10-01 23:22:07.478,NATURALGAS,FUT,0.0,NATURALGAS27OCT26FUT,287.4,2500,BUY_AGGRESSOR,126905000,68686250
2026-10-01 23:22:07.478,NATURALGAS,CE,275.0,NATURALGAS23OCT26275CE,20.3,1250,SELL_AGGRESSOR,3841250,392500
2026-10-01 23:22:07.478,NATURALGAS,PE,275.0,NATURALGAS23OCT26275PE,8.1,1250,SELL_AGGRESSOR,18462500,3610000
2026-10-01 23:22:07.478,NATURALGAS,PE,285.0,NATURALGAS23OCT26285PE,13.0,2500,BUY_AGGRESSOR,53320000,5335000
2026-10-01 23:22:07.478,NATURALGAS,CE,290.0,NATURALGAS23OCT26290CE,13.1,1250,BUY_AGGRESSOR,89308750,16481250
2026-10-01 23:22:07.478,NATURALGAS,PE,290.0,NATURALGAS23OCT26290PE,15.85,8750,SELL_AGGRESSOR,76720000,12597500
2026-10-01 23:22:07.478,NATURALGAS,CE,295.0,NATURALGAS23OCT26295CE,11.3,5000,SELL_AGGRESSOR,35393750,6953750
2026-10-01 23:22:07.478,NATURALGAS,PE,300.0,NATURALGAS23OCT26300PE,22.5,1250,SELL,14011250,13848750
2026-10-01 23:22:07.478,NATGASMINI,PE,265.0,NATGASMINI23OCT26265PE,4.65,250,SELL_AGGRESSOR,5867250,3207500
2026-10-01 23:22:07.478,NATGASMINI,CE,280.0,NATGASMINI23OCT26280CE,17.75,1250,SELL_AGGRESSOR,3841250,371000
2026-10-01 23:22:07.478,NATGASMINI,PE,280.0,NATGASMINI23OCT26280PE,10.45,1500,SELL_AGGRESSOR,9935000,1234250
2026-10-01 23:22:07.478,NATGASMINI,CE,285.0,NATGASMINI23OCT26285CE,15.3,750,BUY,10645500,852000
2026-10-01 23:22:07.478,NATGASMINI,CE,290.0,NATGASMINI23OCT26290CE,13.2,250,SELL,25398000,3082750
2026-10-01 23:22:07.478,NATGASMINI,PE,290.0,NATGASMINI23OCT26290PE,16.0,8750,BUY_AGGRESSOR,18559500,1439750
2026-10-01 23:22:07.478,NATGASMINI,CE,295.0,NATGASMINI23OCT26295CE,11.5,1750,BUY_AGGRESSOR,12143500,1647500
2026-10-01 23:22:07.478,NATGASMINI,CE,300.0,NATGASMINI23OCT26300CE,9.85,500,SELL_AGGRESSOR,13030500,3185000
2026-10-01 23:22:07.478,NATGASMINI,CE,305.0,NATGASMINI23OCT26305CE,8.55,4000,BUY_AGGRESSOR,6115000,1683250
2026-10-01 23:22:07.478,NATGASMINI,CE,310.0,NATGASMINI23OCT26310CE,7.4,5250,BUY_AGGRESSOR,5181000,1839250
2026-10-01 23:22:11.342,NATURALGAS,FUT,0.0,NATURALGAS27OCT26FUT,287.4,8750,BUY_AGGRESSOR,126913750,68686250
2026-10-01 23:22:11.342,NATURALGAS,PE,260.0,NATURALGAS23OCT26260PE,3.5,2500,BUY_AGGRESSOR,27852500,10558750
2026-10-01 23:22:11.342,NATURALGAS,PE,290.0,NATURALGAS23OCT26290PE,15.85,7500,SELL_AGGRESSOR,76727500,12590000
2026-10-01 23:22:11.342,NATURALGAS,CE,300.0,NATURALGAS23OCT26300CE,9.7,1250,SELL_AGGRESSOR,55076250,20063750
2026-10-01 23:22:11.342,NATGASMINI,FUT,0.0,NATGASMINI27OCT26FUT,287.4,250,SELL_AGGRESSOR,40933000,16989000
2026-10-01 23:22:11.342,NATGASMINI,PE,275.0,NATGASMINI23OCT26275PE,8.15,3000,SELL_AGGRESSOR,4982750,683250
2026-10-01 23:22:11.342,NATGASMINI,PE,280.0,NATGASMINI23OCT26280PE,10.5,250,BUY_AGGRESSOR,9935250,1234250
2026-10-01 23:22:11.342,NATGASMINI,PE,290.0,NATGASMINI23OCT26290PE,15.95,2500,SELL_AGGRESSOR,18562000,1438500
2026-10-01 23:22:11.342,NATGASMINI,CE,295.0,NATGASMINI23OCT26295CE,11.5,750,BUY_AGGRESSOR,12144250,1647500
2026-10-01 23:22:15.132,NATURALGAS,FUT,0.0,NATURALGAS27OCT26FUT,287.4,21250,BUY_AGGRESSOR,126935000,68697500
2026-10-01 23:22:15.132,NATURALGAS,PE,265.0,NATURALGAS23OCT26265PE,4.65,1250,SELL_AGGRESSOR,12908750,4327500
2026-10-01 23:22:15.132,NATURALGAS,CE,285.0,NATURALGAS23OCT26285CE,15.15,12500,SELL_AGGRESSOR,35625000,4865000
2026-10-01 23:22:15.132,NATURALGAS,CE,290.0,NATURALGAS23OCT26290CE,13.05,5000,SELL_AGGRESSOR,89313750,16477500
2026-10-01 23:22:15.132,NATURALGAS,CE,295.0,NATURALGAS23OCT26295CE,11.35,1250,BUY_AGGRESSOR,35395000,6953750
2026-10-01 23:22:15.132,NATURALGAS,CE,305.0,NATURALGAS23OCT26305CE,8.35,1250,SELL_AGGRESSOR,20775000,8453750
2026-10-01 23:22:15.132,NATGASMINI,FUT,0.0,NATGASMINI27OCT26FUT,287.4,1250,SELL_AGGRESSOR,40934250,16988250
2026-10-01 23:22:15.132,NATGASMINI,PE,255.0,NATGASMINI23OCT26255PE,2.5,250,SELL_AGGRESSOR,692750,137250
2026-10-01 23:22:15.132,NATGASMINI,PE,260.0,NATGASMINI23OCT26260PE,3.55,250,BUY_AGGRESSOR,2437750,844000
2026-10-01 23:22:15.132,NATGASMINI,CE,275.0,NATGASMINI23OCT26275CE,20.6,250,BUY_AGGRESSOR,1330250,73750
2026-10-01 23:22:15.132,NATGASMINI,PE,275.0,NATGASMINI23OCT26275PE,8.2,6500,BUY_AGGRESSOR,4989250,683250
2026-10-01 23:22:15.132,NATGASMINI,PE,285.0,NATGASMINI23OCT26285PE,13.05,1000,SELL_AGGRESSOR,19744250,1078000
2026-10-01 23:22:15.132,NATGASMINI,CE,290.0,NATGASMINI23OCT26290CE,13.2,250,SELL_AGGRESSOR,25398250,3082500
2026-10-01 23:22:15.132,NATGASMINI,PE,290.0,NATGASMINI23OCT26290PE,16.0,750,BUY_AGGRESSOR,18562750,1436750
2026-10-01 23:22:15.132,NATGASMINI,CE,295.0,NATGASMINI23OCT26295CE,11.45,4000,SELL_AGGRESSOR,12148250,1647500
2026-10-01 23:22:18.964,NATURALGAS,PE,280.0,NATURALGAS23OCT26280PE,10.4,1250,SELL_AGGRESSOR,47270000,11515000
2026-10-01 23:22:18.964,NATGASMINI,PE,280.0,NATGASMINI23OCT26280PE,10.5,500,BUY_AGGRESSOR,9935750,1234250
2026-10-01 23:22:18.964,NATGASMINI,PE,290.0,NATGASMINI23OCT26290PE,16.0,1000,BUY_AGGRESSOR,18563750,1435750
2026-10-01 23:22:18.964,NATGASMINI,CE,295.0,NATGASMINI23OCT26295CE,11.45,1500,BUY_AGGRESSOR,12149750,1644750
2026-10-01 23:22:18.964,NATGASMINI,PE,300.0,NATGASMINI23OCT26300PE,22.5,250,BUY_AGGRESSOR,3125000,1001000
2026-10-01 23:22:22.746,NATURALGAS,FUT,0.0,NATURALGAS27OCT26FUT,287.3,15000,SELL_AGGRESSOR,126950000,68685000
2026-10-01 23:22:22.746,NATURALGAS,PE,255.0,NATURALGAS23OCT26255PE,2.45,5000,SELL_AGGRESSOR,7330000,2130000
2026-10-01 23:22:22.746,NATURALGAS,PE,260.0,NATURALGAS23OCT26260PE,3.45,7500,SELL_AGGRESSOR,27860000,10558750
2026-10-01 23:22:22.746,NATURALGAS,PE,265.0,NATURALGAS23OCT26265PE,4.65,8750,SELL_AGGRESSOR,12917500,4327500
2026-10-01 23:22:22.746,NATURALGAS,CE,280.0,NATURALGAS23OCT26280CE,17.6,6250,BUY_AGGRESSOR,26445000,4358750
2026-10-01 23:22:22.746,NATURALGAS,PE,285.0,NATURALGAS23OCT26285PE,12.95,12500,SELL_AGGRESSOR,53332500,5332500
2026-10-01 23:22:22.746,NATURALGAS,CE,290.0,NATURALGAS23OCT26290CE,13.05,2500,SELL_AGGRESSOR,89316250,16477500
2026-10-01 23:22:22.746,NATURALGAS,PE,290.0,NATURALGAS23OCT26290PE,15.85,2500,SELL_AGGRESSOR,76730000,12587500
2026-10-01 23:22:22.746,NATGASMINI,FUT,0.0,NATGASMINI27OCT26FUT,287.4,1250,BUY_AGGRESSOR,40935500,16988250
2026-10-01 23:22:22.746,NATGASMINI,PE,265.0,NATGASMINI23OCT26265PE,4.65,2500,SELL_AGGRESSOR,5869750,3207500
2026-10-01 23:22:22.746,NATGASMINI,PE,290.0,NATGASMINI23OCT26290PE,16.0,750,BUY_AGGRESSOR,18564500,1435000
2026-10-01 23:22:22.746,NATGASMINI,CE,295.0,NATGASMINI23OCT26295CE,11.45,6250,BUY_AGGRESSOR,12156000,1639750
2026-10-01 23:22:22.746,NATGASMINI,PE,300.0,NATGASMINI23OCT26300PE,22.5,1000,BUY_AGGRESSOR,3126000,1000000
2026-10-01 23:22:26.564,NATURALGAS,FUT,0.0,NATURALGAS27OCT26FUT,287.2,65000,SELL_AGGRESSOR,127015000,68685000
2026-10-01 23:22:26.564,NATURALGAS,PE,265.0,NATURALGAS23OCT26265PE,4.7,1250,BUY_AGGRESSOR,12918750,4327500
2026-10-01 23:22:26.564,NATURALGAS,PE,275.0,NATURALGAS23OCT26275PE,8.15,93750,BUY_AGGRESSOR,18556250,3660000
2026-10-01 23:22:26.564,NATURALGAS,CE,280.0,NATURALGAS23OCT26280CE,17.55,2500,SELL,26447500,4358750
2026-10-01 23:22:26.564,NATURALGAS,CE,285.0,NATURALGAS23OCT26285CE,15.1,8750,SELL_AGGRESSOR,35633750,4873750
2026-10-01 23:22:26.564,NATURALGAS,PE,285.0,NATURALGAS23OCT26285PE,13.05,71250,BUY_AGGRESSOR,53403750,5290000
2026-10-01 23:22:26.564,NATURALGAS,CE,290.0,NATURALGAS23OCT26290CE,13.05,21250,SELL_AGGRESSOR,89337500,16468750
2026-10-01 23:22:26.564,NATURALGAS,PE,290.0,NATURALGAS23OCT26290PE,15.9,10000,BUY_AGGRESSOR,76740000,12577500
2026-10-01 23:22:26.564,NATURALGAS,CE,295.0,NATURALGAS23OCT26295CE,11.3,26250,SELL_AGGRESSOR,35421250,6972500
2026-10-01 23:22:26.564,NATURALGAS,PE,295.0,NATURALGAS23OCT26295PE,19.05,2500,BUY_AGGRESSOR,15417500,5326250
2026-10-01 23:22:26.564,NATURALGAS,CE,300.0,NATURALGAS23OCT26300CE,9.7,52500,SELL_AGGRESSOR,55128750,20050000
2026-10-01 23:22:26.564,NATURALGAS,CE,305.0,NATURALGAS23OCT26305CE,8.35,127500,SELL_AGGRESSOR,20902500,8326250
2026-10-01 23:22:26.564,NATGASMINI,FUT,0.0,NATGASMINI27OCT26FUT,287.4,1000,INSIDE,40936500,16988750
2026-10-01 23:22:26.564,NATGASMINI,PE,285.0,NATGASMINI23OCT26285PE,13.15,2750,BUY_AGGRESSOR,19747000,1078000
2026-10-01 23:22:26.564,NATGASMINI,PE,290.0,NATGASMINI23OCT26290PE,16.0,500,BUY_AGGRESSOR,18565000,1434500
2026-10-01 23:22:26.564,NATGASMINI,CE,295.0,NATGASMINI23OCT26295CE,11.45,500,BUY_AGGRESSOR,12156500,1639750
2026-10-01 23:22:26.564,NATGASMINI,PE,295.0,NATGASMINI23OCT26295PE,19.05,250,SELL_AGGRESSOR,5340000,737750
2026-10-01 23:22:26.564,NATGASMINI,PE,300.0,NATGASMINI23OCT26300PE,22.5,1250,BUY_AGGRESSOR,3127250,998750
2026-10-01 23:22:30.386,NATURALGAS,FUT,0.0,NATURALGAS27OCT26FUT,287.3,1250,BUY_AGGRESSOR,127016250,68696250
2026-10-01 23:22:30.386,NATURALGAS,PE,275.0,NATURALGAS23OCT26275PE,8.15,1250,SELL_AGGRESSOR,18557500,3660000
2026-10-01 23:22:30.386,NATURALGAS,CE,290.0,NATURALGAS23OCT26290CE,13.05,43750,SELL_AGGRESSOR,89381250,16425000
2026-10-01 23:22:30.386,NATURALGAS,PE,290.0,NATURALGAS23OCT26290PE,15.85,45000,SELL_AGGRESSOR,76785000,12547500
2026-10-01 23:22:30.386,NATURALGAS,CE,295.0,NATURALGAS23OCT26295CE,11.25,22500,SELL_AGGRESSOR,35443750,6952500
2026-10-01 23:22:30.386,NATURALGAS,PE,305.0,NATURALGAS23OCT26305PE,26.3,2500,BUY_AGGRESSOR,2057500,2690000
2026-10-01 23:22:30.386,NATGASMINI,FUT,0.0,NATGASMINI27OCT26FUT,287.4,14000,BUY_AGGRESSOR,40950500,16977250
2026-10-01 23:22:30.386,NATGASMINI,PE,265.0,NATGASMINI23OCT26265PE,4.65,1500,SELL_AGGRESSOR,5871250,3207500
2026-10-01 23:22:30.386,NATGASMINI,PE,270.0,NATGASMINI23OCT26270PE,6.25,5500,SELL_AGGRESSOR,4198750,979750
2026-10-01 23:22:30.386,NATGASMINI,CE,280.0,NATGASMINI23OCT26280CE,17.75,7500,SELL_AGGRESSOR,3848750,371000
2026-10-01 23:22:30.386,NATGASMINI,PE,280.0,NATGASMINI23OCT26280PE,10.5,3000,BUY_AGGRESSOR,9938750,1231500
2026-10-01 23:22:30.386,NATGASMINI,CE,285.0,NATGASMINI23OCT26285CE,15.3,8750,SELL_AGGRESSOR,10654250,847250
2026-10-01 23:22:30.386,NATGASMINI,PE,285.0,NATGASMINI23OCT26285PE,13.15,3250,BUY_AGGRESSOR,19750250,1080000
2026-10-01 23:22:30.386,NATGASMINI,CE,290.0,NATGASMINI23OCT26290CE,13.25,26250,BUY,25424500,3092500
2026-10-01 23:22:30.386,NATGASMINI,PE,290.0,NATGASMINI23OCT26290PE,16.0,10000,BUY_AGGRESSOR,18575000,1425500
2026-10-01 23:22:30.386,NATGASMINI,CE,295.0,NATGASMINI23OCT26295CE,11.45,1000,SELL_AGGRESSOR,12157500,1639750
2026-10-01 23:22:30.386,NATGASMINI,PE,295.0,NATGASMINI23OCT26295PE,19.15,750,BUY_AGGRESSOR,5340750,737000
2026-10-01 23:22:30.386,NATGASMINI,CE,300.0,NATGASMINI23OCT26300CE,9.8,13500,SELL_AGGRESSOR,13044000,3187500
2026-10-01 23:22:30.386,NATGASMINI,PE,300.0,NATGASMINI23OCT26300PE,22.5,7750,BUY_AGGRESSOR,3135000,992000
2026-10-01 23:22:30.386,NATGASMINI,CE,305.0,NATGASMINI23OCT26305CE,8.5,1500,SELL_AGGRESSOR,6116500,1682500
2026-10-01 23:22:30.386,NATGASMINI,PE,305.0,NATGASMINI23OCT26305PE,26.15,250,BUY_AGGRESSOR,594750,379500
2026-10-01 23:22:30.386,NATGASMINI,CE,310.0,NATGASMINI23OCT26310CE,7.35,750,SELL_AGGRESSOR,5181750,1839250
2026-10-01 23:22:34.264,NATURALGAS,FUT,0.0,NATURALGAS27OCT26FUT,287.3,6250,INSIDE,127022500,68693750
2026-10-01 23:22:34.264,NATURALGAS,PE,265.0,NATURALGAS23OCT26265PE,4.65,1250,SELL_AGGRESSOR,12920000,4327500
2026-10-01 23:22:34.264,NATURALGAS,PE,285.0,NATURALGAS23OCT26285PE,13.0,1250,SELL_AGGRESSOR,53405000,5263750
2026-10-01 23:22:34.264,NATURALGAS,PE,295.0,NATURALGAS23OCT26295PE,19.05,1250,SELL_AGGRESSOR,15418750,5325000
2026-10-01 23:22:34.264,NATURALGAS,CE,310.0,NATURALGAS23OCT26310CE,7.2,5000,SELL_AGGRESSOR,32033750,11285000
2026-10-01 23:22:34.264,NATURALGAS,CE,315.0,NATURALGAS23OCT26315CE,6.2,1250,SELL_AGGRESSOR,11598750,3415000
2026-10-01 23:22:34.264,NATGASMINI,FUT,0.0,NATGASMINI27OCT26FUT,287.3,500,SELL_AGGRESSOR,40951000,16977250
2026-10-01 23:22:34.264,NATGASMINI,PE,280.0,NATGASMINI23OCT26280PE,10.5,1250,INSIDE,9940000,1231000
2026-10-01 23:22:34.264,NATGASMINI,PE,285.0,NATGASMINI23OCT26285PE,13.15,1250,BUY_AGGRESSOR,19751500,1078750
2026-10-01 23:22:34.264,NATGASMINI,CE,290.0,NATGASMINI23OCT26290CE,13.15,500,SELL_AGGRESSOR,25425000,3090750
2026-10-01 23:22:34.264,NATGASMINI,PE,290.0,NATGASMINI23OCT26290PE,16.0,1500,BUY_AGGRESSOR,18576500,1424250
2026-10-01 23:22:34.264,NATGASMINI,PE,295.0,NATGASMINI23OCT26295PE,19.15,1250,BUY_AGGRESSOR,5342000,736750
2026-10-01 23:22:34.264,NATGASMINI,PE,300.0,NATGASMINI23OCT26300PE,22.5,1250,BUY_AGGRESSOR,3136250,990750
2026-10-01 23:22:34.264,NATGASMINI,CE,315.0,NATGASMINI23OCT26315CE,6.3,1000,SELL_AGGRESSOR,2755500,1216000
2026-10-01 23:22:38.058,NATURALGAS,FUT,0.0,NATURALGAS27OCT26FUT,287.4,2500,BUY_AGGRESSOR,127025000,68695000
2026-10-01 23:22:38.058,NATURALGAS,PE,280.0,NATURALGAS23OCT26280PE,10.45,1250,BUY_AGGRESSOR,47271250,11516250
2026-10-01 23:22:38.058,NATURALGAS,CE,285.0,NATURALGAS23OCT26285CE,15.15,1250,BUY_AGGRESSOR,35635000,4873750
2026-10-01 23:22:38.058,NATURALGAS,PE,290.0,NATURALGAS23OCT26290PE,15.85,1250,SELL_AGGRESSOR,76786250,12546250
2026-10-01 23:22:38.058,NATURALGAS,CE,300.0,NATURALGAS23OCT26300CE,9.7,3750,BUY_AGGRESSOR,55132500,20036250
2026-10-01 23:22:38.058,NATURALGAS,PE,300.0,NATURALGAS23OCT26300PE,22.5,1250,SELL_AGGRESSOR,14012500,13847500
2026-10-01 23:22:38.058,NATURALGAS,PE,305.0,NATURALGAS23OCT26305PE,26.1,1250,SELL_AGGRESSOR,2058750,2688750
2026-10-01 23:22:38.058,NATGASMINI,FUT,0.0,NATGASMINI27OCT26FUT,287.4,500,BUY_AGGRESSOR,40951500,16977250
2026-10-01 23:22:38.058,NATGASMINI,PE,280.0,NATGASMINI23OCT26280PE,10.55,1250,BUY_AGGRESSOR,9941250,1230500
2026-10-01 23:22:38.058,NATGASMINI,PE,285.0,NATGASMINI23OCT26285PE,13.15,1250,BUY_AGGRESSOR,19752750,1077500
2026-10-01 23:22:38.058,NATGASMINI,PE,290.0,NATGASMINI23OCT26290PE,16.0,1250,BUY_AGGRESSOR,18577750,1423000
2026-10-01 23:22:38.058,NATGASMINI,PE,295.0,NATGASMINI23OCT26295PE,19.15,1250,BUY_AGGRESSOR,5343250,736250
2026-10-01 23:22:38.058,NATGASMINI,PE,300.0,NATGASMINI23OCT26300PE,22.5,1250,BUY_AGGRESSOR,3137500,989750
2026-10-01 23:22:38.058,NATGASMINI,PE,305.0,NATGASMINI23OCT26305PE,26.1,250,BUY_AGGRESSOR,595000,379250
2026-10-01 23:22:41.869,NATURALGAS,PE,255.0,NATURALGAS23OCT26255PE,2.45,1250,SELL_AGGRESSOR,7331250,2130000
2026-10-01 23:22:41.869,NATURALGAS,PE,275.0,NATURALGAS23OCT26275PE,8.15,2500,SELL_AGGRESSOR,18560000,3658750
2026-10-01 23:22:41.869,NATURALGAS,PE,285.0,NATURALGAS23OCT26285PE,13.05,1250,BUY_AGGRESSOR,53406250,5262500
2026-10-01 23:22:41.869,NATURALGAS,CE,300.0,NATURALGAS23OCT26300CE,9.7,3750,BUY_AGGRESSOR,55136250,20032500
2026-10-01 23:22:41.869,NATGASMINI,FUT,0.0,NATGASMINI27OCT26FUT,287.4,1750,BUY_AGGRESSOR,40953250,16977500
2026-10-01 23:22:41.869,NATGASMINI,PE,275.0,NATGASMINI23OCT26275PE,8.2,750,INSIDE,4990000,683250
2026-10-01 23:22:41.869,NATGASMINI,PE,280.0,NATGASMINI23OCT26280PE,10.5,1000,SELL,9942250,1230000
2026-10-01 23:22:41.869,NATGASMINI,CE,285.0,NATGASMINI23OCT26285CE,15.3,1000,BUY_AGGRESSOR,10655250,847250
2026-10-01 23:22:41.869,NATGASMINI,PE,285.0,NATGASMINI23OCT26285PE,13.15,1250,BUY_AGGRESSOR,19754000,1076500
2026-10-01 23:22:41.869,NATGASMINI,PE,290.0,NATGASMINI23OCT26290PE,15.95,1250,SELL_AGGRESSOR,18579000,1421750
2026-10-01 23:22:41.869,NATGASMINI,PE,295.0,NATGASMINI23OCT26295PE,19.15,1000,BUY_AGGRESSOR,5344250,736000
2026-10-01 23:22:41.869,NATGASMINI,PE,300.0,NATGASMINI23OCT26300PE,22.5,1000,BUY_AGGRESSOR,3138500,988750
2026-10-01 23:22:45.706,NATURALGAS,FUT,0.0,NATURALGAS27OCT26FUT,287.3,2500,SELL_AGGRESSOR,127027500,68692500
2026-10-01 23:22:45.706,NATURALGAS,CE,290.0,NATURALGAS23OCT26290CE,13.1,6250,BUY_AGGRESSOR,89387500,16418750
2026-10-01 23:22:45.706,NATURALGAS,PE,295.0,NATURALGAS23OCT26295PE,19.1,3750,BUY_AGGRESSOR,15422500,5321250
2026-10-01 23:22:45.706,NATGASMINI,PE,280.0,NATGASMINI23OCT26280PE,10.5,1250,INSIDE,9943500,1229500
2026-10-01 23:22:45.706,NATGASMINI,PE,285.0,NATGASMINI23OCT26285PE,13.15,1250,BUY_AGGRESSOR,19755250,1075250
2026-10-01 23:22:45.706,NATGASMINI,CE,290.0,NATGASMINI23OCT26290CE,13.15,2250,SELL_AGGRESSOR,25427250,3088750
2026-10-01 23:22:45.706,NATGASMINI,PE,290.0,NATGASMINI23OCT26290PE,16.0,1250,BUY_AGGRESSOR,18580250,1420750
2026-10-01 23:22:45.706,NATGASMINI,PE,295.0,NATGASMINI23OCT26295PE,19.15,1250,BUY_AGGRESSOR,5345500,735750
2026-10-01 23:22:45.706,NATGASMINI,CE,300.0,NATGASMINI23OCT26300CE,9.8,750,SELL_AGGRESSOR,13044750,3187500
2026-10-01 23:22:45.706,NATGASMINI,PE,300.0,NATGASMINI23OCT26300PE,22.5,1250,BUY_AGGRESSOR,3139750,987500
2026-10-01 23:22:45.706,NATGASMINI,PE,305.0,NATGASMINI23OCT26305PE,26.15,250,BUY_AGGRESSOR,595250,379250
2026-10-01 23:22:49.512,NATURALGAS,FUT,0.0,NATURALGAS27OCT26FUT,287.3,1250,SELL_AGGRESSOR,127028750,68691250
2026-10-01 23:22:49.512,NATURALGAS,PE,265.0,NATURALGAS23OCT26265PE,4.65,7500,SELL_AGGRESSOR,12927500,4327500
2026-10-01 23:22:49.512,NATURALGAS,CE,300.0,NATURALGAS23OCT26300CE,9.7,15000,BUY_AGGRESSOR,55151250,20032500
2026-10-01 23:22:49.512,NATURALGAS,PE,300.0,NATURALGAS23OCT26300PE,22.6,1250,BUY_AGGRESSOR,14013750,13846250
2026-10-01 23:22:49.512,NATURALGAS,CE,310.0,NATURALGAS23OCT26310CE,7.2,1250,SELL_AGGRESSOR,32035000,11285000
2026-10-01 23:22:49.512,NATGASMINI,PE,255.0,NATGASMINI23OCT26255PE,2.5,250,SELL_AGGRESSOR,693000,136750
2026-10-01 23:22:49.512,NATGASMINI,CE,280.0,NATGASMINI23OCT26280CE,17.8,1500,BUY_AGGRESSOR,3850250,370500
2026-10-01 23:22:49.512,NATGASMINI,PE,280.0,NATGASMINI23OCT26280PE,10.55,4000,BUY_AGGRESSOR,9947500,1229000
2026-10-01 23:22:49.512,NATGASMINI,CE,285.0,NATGASMINI23OCT26285CE,15.3,1500,BUY_AGGRESSOR,10656750,846000
2026-10-01 23:22:49.512,NATGASMINI,PE,285.0,NATGASMINI23OCT26285PE,13.15,3500,BUY_AGGRESSOR,19758750,1072000
2026-10-01 23:22:49.512,NATGASMINI,CE,290.0,NATGASMINI23OCT26290CE,13.15,15250,SELL_AGGRESSOR,25442500,3080000
2026-10-01 23:22:49.512,NATGASMINI,PE,290.0,NATGASMINI23OCT26290PE,16.0,3250,BUY_AGGRESSOR,18583500,1417750
2026-10-01 23:22:49.512,NATGASMINI,PE,295.0,NATGASMINI23OCT26295PE,19.15,3250,BUY_AGGRESSOR,5348750,734750
2026-10-01 23:22:49.512,NATGASMINI,CE,300.0,NATGASMINI23OCT26300CE,9.85,4000,BUY,13048750,3189250
2026-10-01 23:22:49.512,NATGASMINI,PE,300.0,NATGASMINI23OCT26300PE,22.5,1750,BUY_AGGRESSOR,3141500,985750
2026-10-01 23:22:49.512,NATGASMINI,PE,305.0,NATGASMINI23OCT26305PE,26.15,250,BUY_AGGRESSOR,595500,379250
2026-10-01 23:22:49.512,NATGASMINI,CE,310.0,NATGASMINI23OCT26310CE,7.3,1750,SELL_AGGRESSOR,5183500,1837500
2026-10-01 23:22:53.358,NATURALGAS,FUT,0.0,NATURALGAS27OCT26FUT,287.4,36250,BUY_AGGRESSOR,127065000,68690000
2026-10-01 23:22:53.358,NATURALGAS,CE,275.0,NATURALGAS23OCT26275CE,20.3,1250,BUY_AGGRESSOR,3842500,392500
2026-10-01 23:22:53.358,NATURALGAS,PE,275.0,NATURALGAS23OCT26275PE,8.15,3750,SELL_AGGRESSOR,18563750,3658750
2026-10-01 23:22:53.358,NATURALGAS,PE,285.0,NATURALGAS23OCT26285PE,13.0,5000,SELL_AGGRESSOR,53411250,5262500
2026-10-01 23:22:53.358,NATURALGAS,CE,295.0,NATURALGAS23OCT26295CE,11.25,8750,SELL_AGGRESSOR,35452500,6943750
2026-10-01 23:22:53.358,NATURALGAS,CE,300.0,NATURALGAS23OCT26300CE,9.7,8750,BUY_AGGRESSOR,55160000,20028750
2026-10-01 23:22:53.358,NATURALGAS,CE,305.0,NATURALGAS23OCT26305CE,8.35,5000,BUY_AGGRESSOR,20907500,8331250
2026-10-01 23:22:53.358,NATGASMINI,FUT,0.0,NATGASMINI27OCT26FUT,287.3,250,SELL_AGGRESSOR,40953500,16977750
2026-10-01 23:22:53.358,NATGASMINI,PE,270.0,NATGASMINI23OCT26270PE,6.35,250,BUY_AGGRESSOR,4199000,979750
2026-10-01 23:22:53.358,NATGASMINI,PE,280.0,NATGASMINI23OCT26280PE,10.45,1500,SELL_AGGRESSOR,9949000,1228250
2026-10-01 23:22:53.358,NATGASMINI,PE,285.0,NATGASMINI23OCT26285PE,13.15,1000,BUY_AGGRESSOR,19759750,1071250
2026-10-01 23:22:53.358,NATGASMINI,CE,290.0,NATGASMINI23OCT26290CE,13.15,250,SELL_AGGRESSOR,25442750,3079750
2026-10-01 23:22:53.358,NATGASMINI,PE,290.0,NATGASMINI23OCT26290PE,15.95,2500,SELL_AGGRESSOR,18586000,1415500
2026-10-01 23:22:53.358,NATGASMINI,CE,295.0,NATGASMINI23OCT26295CE,11.45,500,SELL_AGGRESSOR,12158000,1640000
2026-10-01 23:22:53.358,NATGASMINI,PE,295.0,NATGASMINI23OCT26295PE,19.15,1000,BUY_AGGRESSOR,5349750,734750
2026-10-01 23:22:53.358,NATGASMINI,PE,300.0,NATGASMINI23OCT26300PE,22.5,1000,BUY_AGGRESSOR,3142500,984750
2026-10-01 23:22:53.358,NATGASMINI,PE,305.0,NATGASMINI23OCT26305PE,25.95,1750,SELL_AGGRESSOR,597250,377750
2026-10-01 23:22:57.211,NATURALGAS,FUT,0.0,NATURALGAS27OCT26FUT,287.3,12500,SELL_AGGRESSOR,127077500,68681250
2026-10-01 23:22:57.211,NATURALGAS,PE,260.0,NATURALGAS23OCT26260PE,3.5,10000,BUY_AGGRESSOR,27870000,10558750
2026-10-01 23:22:57.211,NATURALGAS,PE,280.0,NATURALGAS23OCT26280PE,10.45,30000,BUY_AGGRESSOR,47301250,11515000
2026-10-01 23:22:57.211,NATURALGAS,CE,285.0,NATURALGAS23OCT26285CE,15.15,17500,BUY_AGGRESSOR,35652500,4863750
2026-10-01 23:22:57.211,NATURALGAS,PE,285.0,NATURALGAS23OCT26285PE,13.05,7500,BUY_AGGRESSOR,53418750,5258750
2026-10-01 23:22:57.211,NATURALGAS,CE,290.0,NATURALGAS23OCT26290CE,13.05,31250,SELL_AGGRESSOR,89418750,16407500
2026-10-01 23:22:57.211,NATURALGAS,PE,290.0,NATURALGAS23OCT26290PE,15.9,5000,BUY,76791250,12541250
2026-10-01 23:22:57.211,NATURALGAS,CE,295.0,NATURALGAS23OCT26295CE,11.2,2500,SELL_AGGRESSOR,35455000,6941250
2026-10-01 23:22:57.211,NATURALGAS,CE,300.0,NATURALGAS23OCT26300CE,9.65,2500,SELL_AGGRESSOR,55162500,20028750
2026-10-01 23:22:57.211,NATURALGAS,PE,300.0,NATURALGAS23OCT26300PE,22.6,6250,BUY_AGGRESSOR,14020000,13840000
2026-10-01 23:22:57.211,NATGASMINI,FUT,0.0,NATGASMINI27OCT26FUT,287.3,18250,SELL_AGGRESSOR,40971750,16975250
2026-10-01 23:22:57.211,NATGASMINI,PE,265.0,NATGASMINI23OCT26265PE,4.65,250,SELL_AGGRESSOR,5871500,3207750
2026-10-01 23:22:57.211,NATGASMINI,PE,280.0,NATGASMINI23OCT26280PE,10.55,3500,BUY_AGGRESSOR,9952500,1227000
2026-10-01 23:22:57.211,NATGASMINI,CE,285.0,NATGASMINI23OCT26285CE,15.3,3000,BUY_AGGRESSOR,10659750,845250
2026-10-01 23:22:57.211,NATGASMINI,PE,285.0,NATGASMINI23OCT26285PE,13.15,8000,BUY_AGGRESSOR,19767750,1063250
2026-10-01 23:22:57.211,NATGASMINI,CE,290.0,NATGASMINI23OCT26290CE,13.2,3000,BUY,25445750,3079750
2026-10-01 23:22:57.211,NATGASMINI,CE,295.0,NATGASMINI23OCT26295CE,11.4,7500,SELL_AGGRESSOR,12165500,1641250
2026-10-01 23:22:57.211,NATGASMINI,PE,295.0,NATGASMINI23OCT26295PE,19.2,1000,BUY_AGGRESSOR,5350750,734750
2026-10-01 23:22:57.211,NATGASMINI,PE,300.0,NATGASMINI23OCT26300PE,22.55,1000,BUY_AGGRESSOR,3143500,984000
2026-10-01 23:23:01.053,NATURALGAS,FUT,0.0,NATURALGAS27OCT26FUT,287.2,1250,SELL_AGGRESSOR,127078750,68680000
2026-10-01 23:23:01.053,NATURALGAS,PE,260.0,NATURALGAS23OCT26260PE,3.5,10000,BUY_AGGRESSOR,27880000,10558750
2026-10-01 23:23:01.053,NATURALGAS,CE,270.0,NATURALGAS23OCT26270CE,23.25,7500,SELL_AGGRESSOR,3066250,1058750
2026-10-01 23:23:01.053,NATURALGAS,PE,270.0,NATURALGAS23OCT26270PE,6.25,40000,BUY_AGGRESSOR,33058750,11236250
2026-10-01 23:23:01.053,NATURALGAS,PE,275.0,NATURALGAS23OCT26275PE,8.15,2500,SELL_AGGRESSOR,18566250,3661250
2026-10-01 23:23:01.053,NATURALGAS,CE,280.0,NATURALGAS23OCT26280CE,17.5,6250,SELL_AGGRESSOR,26453750,4362500
2026-10-01 23:23:01.053,NATURALGAS,PE,280.0,NATURALGAS23OCT26280PE,10.45,95000,BUY_AGGRESSOR,47396250,11522500
2026-10-01 23:23:01.053,NATURALGAS,CE,285.0,NATURALGAS23OCT26285CE,15.1,2500,SELL,35655000,4862500
2026-10-01 23:23:01.053,NATURALGAS,PE,285.0,NATURALGAS23OCT26285PE,13.05,15000,BUY_AGGRESSOR,53433750,5245000
2026-10-01 23:23:01.053,NATURALGAS,CE,290.0,NATURALGAS23OCT26290CE,13.05,70000,BUY_AGGRESSOR,89488750,16411250
2026-10-01 23:23:01.053,NATURALGAS,PE,290.0,NATURALGAS23OCT26290PE,15.95,5000,BUY_AGGRESSOR,76796250,12538750
2026-10-01 23:23:01.053,NATURALGAS,CE,295.0,NATURALGAS23OCT26295CE,11.3,3750,BUY_AGGRESSOR,35458750,6943750
2026-10-01 23:23:01.053,NATURALGAS,PE,295.0,NATURALGAS23OCT26295PE,19.1,1250,INSIDE,15423750,5320000
2026-10-01 23:23:01.053,NATURALGAS,CE,300.0,NATURALGAS23OCT26300CE,9.65,183750,SELL_AGGRESSOR,55346250,20027500
2026-10-01 23:23:01.053,NATURALGAS,PE,300.0,NATURALGAS23OCT26300PE,22.6,5000,BUY_AGGRESSOR,14025000,13835000
2026-10-01 23:23:01.053,NATURALGAS,CE,305.0,NATURALGAS23OCT26305CE,8.25,27500,SELL_AGGRESSOR,20935000,8332500
2026-10-01 23:23:01.053,NATURALGAS,CE,310.0,NATURALGAS23OCT26310CE,7.2,75000,SELL_AGGRESSOR,32110000,11285000
2026-10-01 23:23:01.053,NATURALGAS,PE,310.0,NATURALGAS23OCT26310PE,30.05,6250,BUY_AGGRESSOR,2457500,4507500
2026-10-01 23:23:01.053,NATGASMINI,FUT,0.0,NATGASMINI27OCT26FUT,287.3,250,INSIDE,40972000,16959750
2026-10-01 23:23:01.053,NATGASMINI,PE,270.0,NATGASMINI23OCT26270PE,6.3,2500,SELL_AGGRESSOR,4201500,979750
2026-10-01 23:23:01.053,NATGASMINI,CE,275.0,NATGASMINI23OCT26275CE,20.5,250,BUY_AGGRESSOR,1330500,73250
2026-10-01 23:23:01.053,NATGASMINI,PE,275.0,NATGASMINI23OCT26275PE,8.3,11250,BUY_AGGRESSOR,5001250,683500
2026-10-01 23:23:01.053,NATGASMINI,CE,280.0,NATGASMINI23OCT26280CE,17.6,250,SELL_AGGRESSOR,3850500,370250
2026-10-01 23:23:01.053,NATGASMINI,PE,280.0,NATGASMINI23OCT26280PE,10.55,9500,BUY_AGGRESSOR,9962000,1218250
2026-10-01 23:23:01.053,NATGASMINI,CE,285.0,NATGASMINI23OCT26285CE,15.3,5000,BUY_AGGRESSOR,10664750,844000
2026-10-01 23:23:01.053,NATGASMINI,PE,285.0,NATGASMINI23OCT26285PE,13.2,4250,BUY_AGGRESSOR,19772000,1059750
2026-10-01 23:23:01.053,NATGASMINI,CE,290.0,NATGASMINI23OCT26290CE,13.2,14500,BUY_AGGRESSOR,25460250,3081250
2026-10-01 23:23:01.053,NATGASMINI,PE,290.0,NATGASMINI23OCT26290PE,16.05,7000,BUY_AGGRESSOR,18593000,1413000
2026-10-01 23:23:01.053,NATGASMINI,CE,295.0,NATGASMINI23OCT26295CE,11.35,16250,SELL_AGGRESSOR,12181750,1642250
2026-10-01 23:23:01.053,NATGASMINI,PE,295.0,NATGASMINI23OCT26295PE,19.1,1250,SELL_AGGRESSOR,5352000,735250
2026-10-01 23:23:01.053,NATGASMINI,CE,300.0,NATGASMINI23OCT26300CE,9.85,8250,BUY_AGGRESSOR,13057000,3189250
2026-10-01 23:23:01.053,NATGASMINI,PE,300.0,NATGASMINI23OCT26300PE,22.45,2000,SELL_AGGRESSOR,3145500,981750
2026-10-01 23:23:01.053,NATGASMINI,PE,310.0,NATGASMINI23OCT26310PE,29.95,750,BUY,451500,667500
2026-10-01 23:23:01.053,NATGASMINI,CE,315.0,NATGASMINI23OCT26315CE,6.3,250,SELL_AGGRESSOR,2755750,1215750
2026-10-01 23:23:04.852,NATURALGAS,FUT,0.0,NATURALGAS27OCT26FUT,287.3,3750,BUY_AGGRESSOR,127082500,68682500
2026-10-01 23:23:04.852,NATURALGAS,PE,255.0,NATURALGAS23OCT26255PE,2.45,2500,SELL_AGGRESSOR,7333750,2130000
2026-10-01 23:23:04.852,NATURALGAS,PE,280.0,NATURALGAS23OCT26280PE,10.45,48750,SELL_AGGRESSOR,47445000,11495000
2026-10-01 23:23:04.852,NATURALGAS,CE,285.0,NATURALGAS23OCT26285CE,15.15,12500,BUY_AGGRESSOR,35667500,4868750
2026-10-01 23:23:04.852,NATURALGAS,CE,290.0,NATURALGAS23OCT26290CE,13.05,26250,BUY_AGGRESSOR,89515000,16440000
2026-10-01 23:23:04.852,NATURALGAS,PE,290.0,NATURALGAS23OCT26290PE,16.0,27500,BUY_AGGRESSOR,76823750,12518750
2026-10-01 23:23:04.852,NATURALGAS,CE,295.0,NATURALGAS23OCT26295CE,11.2,1250,SELL_AGGRESSOR,35460000,6943750
2026-10-01 23:23:04.852,NATURALGAS,CE,300.0,NATURALGAS23OCT26300CE,9.7,1250,BUY_AGGRESSOR,55347500,20015000
2026-10-01 23:23:04.852,NATURALGAS,PE,300.0,NATURALGAS23OCT26300PE,22.55,2500,SELL_AGGRESSOR,14027500,13832500
2026-10-01 23:23:04.852,NATURALGAS,CE,310.0,NATURALGAS23OCT26310CE,7.15,8750,SELL_AGGRESSOR,32118750,11273750
2026-10-01 23:23:04.852,NATURALGAS,PE,310.0,NATURALGAS23OCT26310PE,30.15,8750,BUY_AGGRESSOR,2466250,4505000
2026-10-01 23:23:04.852,NATURALGAS,CE,315.0,NATURALGAS23OCT26315CE,6.25,1250,BUY_AGGRESSOR,11600000,3416250
2026-10-01 23:23:04.852,NATGASMINI,FUT,0.0,NATGASMINI27OCT26FUT,287.3,1750,BUY_AGGRESSOR,40973750,16958500
2026-10-01 23:23:04.852,NATGASMINI,CE,260.0,NATGASMINI23OCT26260CE,30.2,250,SELL_AGGRESSOR,28750,26250
2026-10-01 23:23:04.852,NATGASMINI,PE,275.0,NATGASMINI23OCT26275PE,8.3,1500,BUY_AGGRESSOR,5002750,681500
2026-10-01 23:23:04.852,NATGASMINI,CE,280.0,NATGASMINI23OCT26280CE,17.75,1250,BUY_AGGRESSOR,3851750,370250
2026-10-01 23:23:04.852,NATGASMINI,PE,280.0,NATGASMINI23OCT26280PE,10.55,4000,BUY_AGGRESSOR,9966000,1213750
2026-10-01 23:23:04.852,NATGASMINI,CE,285.0,NATGASMINI23OCT26285CE,15.3,2500,BUY_AGGRESSOR,10667250,844000
2026-10-01 23:23:04.852,NATGASMINI,PE,285.0,NATGASMINI23OCT26285PE,13.2,8750,BUY_AGGRESSOR,19780750,1053250
2026-10-01 23:23:04.852,NATGASMINI,CE,290.0,NATGASMINI23OCT26290CE,13.2,4500,BUY_AGGRESSOR,25464750,3080250
2026-10-01 23:23:04.852,NATGASMINI,PE,290.0,NATGASMINI23OCT26290PE,16.05,1750,BUY_AGGRESSOR,18594750,1413000
2026-10-01 23:23:04.852,NATGASMINI,CE,295.0,NATGASMINI23OCT26295CE,11.45,2250,BUY_AGGRESSOR,12184000,1636250
2026-10-01 23:23:04.852,NATGASMINI,PE,295.0,NATGASMINI23OCT26295PE,19.2,1000,BUY_AGGRESSOR,5353000,734250
2026-10-01 23:23:04.852,NATGASMINI,CE,300.0,NATGASMINI23OCT26300CE,9.85,500,BUY_AGGRESSOR,13057500,3189250
2026-10-01 23:23:08.700,NATURALGAS,PE,255.0,NATURALGAS23OCT26255PE,2.45,2500,SELL_AGGRESSOR,7336250,2130000
2026-10-01 23:23:08.700,NATURALGAS,PE,260.0,NATURALGAS23OCT26260PE,3.45,2500,SELL_AGGRESSOR,27882500,10558750
2026-10-01 23:23:08.700,NATURALGAS,CE,275.0,NATURALGAS23OCT26275CE,20.15,1250,SELL_AGGRESSOR,3843750,392500
2026-10-01 23:23:08.700,NATURALGAS,PE,275.0,NATURALGAS23OCT26275PE,8.15,1250,SELL_AGGRESSOR,18567500,3661250
2026-10-01 23:23:08.700,NATURALGAS,CE,285.0,NATURALGAS23OCT26285CE,15.2,28750,BUY_AGGRESSOR,35696250,4863750
2026-10-01 23:23:08.700,NATURALGAS,CE,290.0,NATURALGAS23OCT26290CE,13.05,23750,BUY_AGGRESSOR,89538750,16433750
2026-10-01 23:23:08.700,NATURALGAS,PE,290.0,NATURALGAS23OCT26290PE,16.0,25000,BUY_AGGRESSOR,76848750,12518750
2026-10-01 23:23:08.700,NATURALGAS,PE,295.0,NATURALGAS23OCT26295PE,19.1,2500,BUY_AGGRESSOR,15426250,5317500
2026-10-01 23:23:08.700,NATURALGAS,PE,300.0,NATURALGAS23OCT26300PE,22.7,8750,BUY_AGGRESSOR,14036250,13830000
2026-10-01 23:23:08.700,NATGASMINI,FUT,0.0,NATGASMINI27OCT26FUT,287.2,2500,SELL_AGGRESSOR,40976250,16957250
2026-10-01 23:23:08.700,NATGASMINI,PE,270.0,NATGASMINI23OCT26270PE,6.3,250,SELL_AGGRESSOR,4201750,980000
2026-10-01 23:23:08.700,NATGASMINI,PE,275.0,NATGASMINI23OCT26275PE,8.2,250,SELL_AGGRESSOR,5003000,681500
2026-10-01 23:23:08.700,NATGASMINI,CE,280.0,NATGASMINI23OCT26280CE,17.75,250,BUY_AGGRESSOR,3852000,370250
2026-10-01 23:23:08.700,NATGASMINI,PE,280.0,NATGASMINI23OCT26280PE,10.5,250,SELL_AGGRESSOR,9966250,1213500
2026-10-01 23:23:08.700,NATGASMINI,CE,285.0,NATGASMINI23OCT26285CE,15.3,250,BUY_AGGRESSOR,10667500,844000
2026-10-01 23:23:08.700,NATGASMINI,CE,290.0,NATGASMINI23OCT26290CE,13.2,250,BUY_AGGRESSOR,25465000,3080250
2026-10-01 23:23:08.700,NATGASMINI,PE,290.0,NATGASMINI23OCT26290PE,16.05,250,BUY_AGGRESSOR,18595000,1412750
2026-10-01 23:23:08.700,NATGASMINI,PE,295.0,NATGASMINI23OCT26295PE,19.2,500,BUY_AGGRESSOR,5353500,733750
2026-10-01 23:23:12.490,NATURALGAS,FUT,0.0,NATURALGAS27OCT26FUT,287.3,2500,BUY_AGGRESSOR,127085000,68683750
2026-10-01 23:23:12.490,NATURALGAS,PE,260.0,NATURALGAS23OCT26260PE,3.45,60000,SELL_AGGRESSOR,27942500,10558750
2026-10-01 23:23:12.490,NATURALGAS,PE,270.0,NATURALGAS23OCT26270PE,6.3,61250,BUY_AGGRESSOR,33120000,11233750
2026-10-01 23:23:12.490,NATURALGAS,PE,280.0,NATURALGAS23OCT26280PE,10.45,21250,SELL_AGGRESSOR,47466250,11496250
2026-10-01 23:23:12.490,NATURALGAS,CE,285.0,NATURALGAS23OCT26285CE,15.15,28750,BUY_AGGRESSOR,35725000,4833750
2026-10-01 23:23:12.490,NATURALGAS,PE,285.0,NATURALGAS23OCT26285PE,13.05,41250,BUY_AGGRESSOR,53475000,5205000
2026-10-01 23:23:12.490,NATURALGAS,CE,290.0,NATURALGAS23OCT26290CE,13.0,17500,SELL_AGGRESSOR,89556250,16433750
2026-10-01 23:23:12.490,NATURALGAS,PE,290.0,NATURALGAS23OCT26290PE,16.0,28750,BUY_AGGRESSOR,76877500,12491250
2026-10-01 23:23:12.490,NATURALGAS,CE,295.0,NATURALGAS23OCT26295CE,11.25,5000,BUY_AGGRESSOR,35465000,6943750
2026-10-01 23:23:12.490,NATURALGAS,PE,295.0,NATURALGAS23OCT26295PE,19.1,5000,BUY_AGGRESSOR,15431250,5316250
2026-10-01 23:23:12.490,NATURALGAS,CE,300.0,NATURALGAS23OCT26300CE,9.65,1250,SELL,55348750,19985000
2026-10-01 23:23:12.490,NATURALGAS,PE,300.0,NATURALGAS23OCT26300PE,22.7,5000,BUY_AGGRESSOR,14041250,13828750
2026-10-01 23:23:12.490,NATURALGAS,CE,305.0,NATURALGAS23OCT26305CE,8.3,11250,SELL_AGGRESSOR,20946250,8332500
2026-10-01 23:23:12.490,NATGASMINI,FUT,0.0,NATGASMINI27OCT26FUT,287.4,1000,BUY_AGGRESSOR,40977250,16957250
2026-10-01 23:23:12.490,NATGASMINI,PE,275.0,NATGASMINI23OCT26275PE,8.3,500,BUY_AGGRESSOR,5003500,681500
2026-10-01 23:23:12.490,NATGASMINI,CE,280.0,NATGASMINI23OCT26280CE,17.7,3500,SELL,3855500,369250
2026-10-01 23:23:12.490,NATGASMINI,CE,285.0,NATGASMINI23OCT26285CE,15.3,3000,BUY_AGGRESSOR,10670500,844000
2026-10-01 23:23:12.490,NATGASMINI,PE,285.0,NATGASMINI23OCT26285PE,13.2,3000,BUY_AGGRESSOR,19783750,1050250
2026-10-01 23:23:12.490,NATGASMINI,CE,290.0,NATGASMINI23OCT26290CE,13.2,3000,BUY_AGGRESSOR,25468000,3079000
2026-10-01 23:23:12.490,NATGASMINI,PE,290.0,NATGASMINI23OCT26290PE,16.05,3000,BUY_AGGRESSOR,18598000,1410000
2026-10-01 23:23:12.490,NATGASMINI,PE,295.0,NATGASMINI23OCT26295PE,19.2,3000,BUY_AGGRESSOR,5356500,730750
2026-10-01 23:23:12.490,NATGASMINI,CE,315.0,NATGASMINI23OCT26315CE,6.3,1000,BUY_AGGRESSOR,2756750,1214750
2026-10-01 23:23:16.293,NATURALGAS,PE,260.0,NATURALGAS23OCT26260PE,3.5,20000,BUY_AGGRESSOR,27962500,10558750
2026-10-01 23:23:16.293,NATURALGAS,PE,270.0,NATURALGAS23OCT26270PE,6.25,22500,SELL_AGGRESSOR,33142500,11230000
2026-10-01 23:23:16.293,NATURALGAS,PE,275.0,NATURALGAS23OCT26275PE,8.15,1250,SELL_AGGRESSOR,18568750,3661250
2026-10-01 23:23:16.293,NATURALGAS,PE,280.0,NATURALGAS23OCT26280PE,10.5,17500,BUY_AGGRESSOR,47483750,11483750
2026-10-01 23:23:16.293,NATURALGAS,PE,285.0,NATURALGAS23OCT26285PE,13.1,28750,BUY_AGGRESSOR,53503750,5205000
2026-10-01 23:23:16.293,NATURALGAS,CE,290.0,NATURALGAS23OCT26290CE,13.05,28750,BUY_AGGRESSOR,89585000,16422500
2026-10-01 23:23:16.293,NATURALGAS,PE,290.0,NATURALGAS23OCT26290PE,16.0,30000,BUY_AGGRESSOR,76907500,12485000
2026-10-01 23:23:16.293,NATURALGAS,CE,300.0,NATURALGAS23OCT26300CE,9.65,1250,BUY_AGGRESSOR,55350000,19986250
2026-10-01 23:23:16.293,NATGASMINI,FUT,0.0,NATGASMINI27OCT26FUT,287.3,750,SELL,40978000,16956500
2026-10-01 23:23:16.293,NATGASMINI,PE,285.0,NATGASMINI23OCT26285PE,13.1,2750,SELL_AGGRESSOR,19786500,1049750
2026-10-01 23:23:16.293,NATGASMINI,PE,300.0,NATGASMINI23OCT26300PE,22.45,750,SELL_AGGRESSOR,3146250,981000
2026-10-01 23:23:20.136,NATURALGAS,FUT,0.0,NATURALGAS27OCT26FUT,287.2,108750,SELL_AGGRESSOR,127193750,68650000
2026-10-01 23:23:20.136,NATURALGAS,PE,260.0,NATURALGAS23OCT26260PE,3.5,33750,BUY_AGGRESSOR,27996250,10591250
2026-10-01 23:23:20.136,NATURALGAS,PE,270.0,NATURALGAS23OCT26270PE,6.25,5000,BUY_AGGRESSOR,33147500,11230000
2026-10-01 23:23:20.136,NATURALGAS,PE,280.0,NATURALGAS23OCT26280PE,10.5,25000,BUY_AGGRESSOR,47508750,11483750
2026-10-01 23:23:20.136,NATURALGAS,CE,285.0,NATURALGAS23OCT26285CE,15.05,2500,SELL_AGGRESSOR,35727500,4831250
2026-10-01 23:23:20.136,NATURALGAS,PE,285.0,NATURALGAS23OCT26285PE,13.05,6250,SELL_AGGRESSOR,53510000,5201250
2026-10-01 23:23:20.136,NATURALGAS,CE,290.0,NATURALGAS23OCT26290CE,13.1,71250,BUY_AGGRESSOR,89656250,16380000
2026-10-01 23:23:20.136,NATURALGAS,PE,290.0,NATURALGAS23OCT26290PE,16.05,30000,BUY_AGGRESSOR,76937500,12477500
2026-10-01 23:23:20.136,NATURALGAS,CE,315.0,NATURALGAS23OCT26315CE,6.25,2500,BUY_AGGRESSOR,11602500,3418750
2026-10-01 23:23:20.136,NATGASMINI,FUT,0.0,NATGASMINI27OCT26FUT,287.2,3250,SELL_AGGRESSOR,40981250,16956500
2026-10-01 23:23:20.136,NATGASMINI,CE,270.0,NATGASMINI23OCT26270CE,23.45,500,SELL,718000,151500
2026-10-01 23:23:20.136,NATGASMINI,PE,270.0,NATGASMINI23OCT26270PE,6.35,2500,BUY_AGGRESSOR,4204250,980000
2026-10-01 23:23:20.136,NATGASMINI,CE,275.0,NATGASMINI23OCT26275CE,20.4,2000,SELL_AGGRESSOR,1332500,71250
2026-10-01 23:23:20.136,NATGASMINI,PE,280.0,NATGASMINI23OCT26280PE,10.5,2250,SELL_AGGRESSOR,9968500,1213500
2026-10-01 23:23:20.136,NATGASMINI,CE,285.0,NATGASMINI23OCT26285CE,15.25,750,SELL_AGGRESSOR,10671250,843250
2026-10-01 23:23:20.136,NATGASMINI,PE,285.0,NATGASMINI23OCT26285PE,13.1,250,SELL_AGGRESSOR,19786750,1049750
2026-10-01 23:23:20.136,NATGASMINI,CE,290.0,NATGASMINI23OCT26290CE,13.2,250,BUY_AGGRESSOR,25468250,3079250
2026-10-01 23:23:20.136,NATGASMINI,PE,290.0,NATGASMINI23OCT26290PE,16.05,2500,BUY_AGGRESSOR,18600500,1409500
2026-10-01 23:23:20.136,NATGASMINI,PE,295.0,NATGASMINI23OCT26295PE,19.1,250,SELL_AGGRESSOR,5356750,730500
2026-10-01 23:23:23.926,NATURALGAS,FUT,0.0,NATURALGAS27OCT26FUT,287.2,16250,INSIDE,127210000,68650000
2026-10-01 23:23:23.926,NATURALGAS,PE,260.0,NATURALGAS23OCT26260PE,3.5,10000,INSIDE,28006250,10595000
2026-10-01 23:23:23.926,NATURALGAS,PE,265.0,NATURALGAS23OCT26265PE,4.7,5000,BUY_AGGRESSOR,12932500,4327500
2026-10-01 23:23:23.926,NATURALGAS,PE,275.0,NATURALGAS23OCT26275PE,8.2,22500,BUY_AGGRESSOR,18591250,3661250
2026-10-01 23:23:23.926,NATURALGAS,CE,280.0,NATURALGAS23OCT26280CE,17.45,17500,SELL_AGGRESSOR,26471250,4360000
2026-10-01 23:23:23.926,NATURALGAS,PE,280.0,NATURALGAS23OCT26280PE,10.5,5000,BUY_AGGRESSOR,47513750,11463750
2026-10-01 23:23:23.926,NATURALGAS,CE,285.0,NATURALGAS23OCT26285CE,15.15,62500,BUY_AGGRESSOR,35790000,4830000
2026-10-01 23:23:23.926,NATURALGAS,PE,285.0,NATURALGAS23OCT26285PE,13.1,48750,BUY_AGGRESSOR,53558750,5197500
2026-10-01 23:23:23.926,NATURALGAS,CE,290.0,NATURALGAS23OCT26290CE,13.05,30000,BUY_AGGRESSOR,89686250,16350000
2026-10-01 23:23:23.926,NATURALGAS,PE,290.0,NATURALGAS23OCT26290PE,16.1,35000,BUY_AGGRESSOR,76972500,12463750
2026-10-01 23:23:23.926,NATURALGAS,CE,295.0,NATURALGAS23OCT26295CE,11.2,11250,SELL_AGGRESSOR,35476250,6943750
2026-10-01 23:23:23.926,NATURALGAS,PE,295.0,NATURALGAS23OCT26295PE,19.15,1250,BUY_AGGRESSOR,15432500,5315000
2026-10-01 23:23:23.926,NATURALGAS,CE,300.0,NATURALGAS23OCT26300CE,9.65,37500,BUY_AGGRESSOR,55387500,20003750
2026-10-01 23:23:23.926,NATURALGAS,PE,300.0,NATURALGAS23OCT26300PE,22.7,1250,BUY_AGGRESSOR,14042500,13828750
2026-10-01 23:23:23.926,NATURALGAS,CE,305.0,NATURALGAS23OCT26305CE,8.3,6250,INSIDE,20952500,8332500
2026-10-01 23:23:23.926,NATURALGAS,CE,310.0,NATURALGAS23OCT26310CE,7.15,11250,SELL_AGGRESSOR,32130000,11266250
2026-10-01 23:23:23.926,NATURALGAS,PE,310.0,NATURALGAS23OCT26310PE,30.15,2500,BUY_AGGRESSOR,2468750,4498750
2026-10-01 23:23:23.926,NATGASMINI,FUT,0.0,NATGASMINI27OCT26FUT,287.2,39000,SELL_AGGRESSOR,41020250,16950000
2026-10-01 23:23:23.926,NATGASMINI,PE,255.0,NATGASMINI23OCT26255PE,2.55,7250,BUY_AGGRESSOR,700250,143000
2026-10-01 23:23:23.926,NATGASMINI,PE,265.0,NATGASMINI23OCT26265PE,4.65,500,SELL_AGGRESSOR,5872000,3207750
2026-10-01 23:23:23.926,NATGASMINI,CE,270.0,NATGASMINI23OCT26270CE,23.4,250,SELL_AGGRESSOR,718250,151750
2026-10-01 23:23:23.926,NATGASMINI,CE,280.0,NATGASMINI23OCT26280CE,17.6,250,SELL_AGGRESSOR,3855750,369250
2026-10-01 23:23:23.926,NATGASMINI,PE,280.0,NATGASMINI23OCT26280PE,10.55,5750,BUY_AGGRESSOR,9974250,1208250
2026-10-01 23:23:23.926,NATGASMINI,CE,285.0,NATGASMINI23OCT26285CE,15.2,2250,SELL_AGGRESSOR,10673500,841000
2026-10-01 23:23:23.926,NATGASMINI,PE,285.0,NATGASMINI23OCT26285PE,13.2,34000,BUY_AGGRESSOR,19820750,1043750
2026-10-01 23:23:23.926,NATGASMINI,PE,290.0,NATGASMINI23OCT26290PE,16.05,1250,BUY_AGGRESSOR,18601750,1409500
2026-10-01 23:23:23.926,NATGASMINI,CE,300.0,NATGASMINI23OCT26300CE,9.75,2750,SELL_AGGRESSOR,13060250,3186750
2026-10-01 23:23:23.926,NATGASMINI,PE,300.0,NATGASMINI23OCT26300PE,22.55,1000,BUY_AGGRESSOR,3147250,980000
2026-10-01 23:23:23.926,NATGASMINI,CE,305.0,NATGASMINI23OCT26305CE,8.45,500,SELL_AGGRESSOR,6117000,1682500
2026-10-01 23:23:23.926,NATGASMINI,PE,310.0,NATGASMINI23OCT26310PE,30.0,250,BUY_AGGRESSOR,451750,667500
2026-10-01 23:23:23.926,NATGASMINI,CE,315.0,NATGASMINI23OCT26315CE,6.35,500,BUY_AGGRESSOR,2757250,1215250
2026-10-01 23:23:27.773,NATURALGAS,PE,260.0,NATURALGAS23OCT26260PE,3.5,1250,SELL_AGGRESSOR,28007500,10595000
2026-10-01 23:23:27.773,NATURALGAS,CE,275.0,NATURALGAS23OCT26275CE,20.1,6250,SELL_AGGRESSOR,3850000,388750
2026-10-01 23:23:27.773,NATURALGAS,CE,285.0,NATURALGAS23OCT26285CE,15.1,1250,BUY_AGGRESSOR,35791250,4800000
2026-10-01 23:23:27.773,NATURALGAS,PE,285.0,NATURALGAS23OCT26285PE,13.2,23750,BUY_AGGRESSOR,53582500,5156250
2026-10-01 23:23:27.773,NATURALGAS,CE,290.0,NATURALGAS23OCT26290CE,13.0,5000,SELL_AGGRESSOR,89691250,16346250
2026-10-01 23:23:27.773,NATURALGAS,PE,290.0,NATURALGAS23OCT26290PE,16.0,5000,SELL_AGGRESSOR,76977500,12453750
2026-10-01 23:23:27.773,NATGASMINI,CE,285.0,NATGASMINI23OCT26285CE,15.25,750,BUY_AGGRESSOR,10674250,840500
2026-10-01 23:23:27.773,NATGASMINI,PE,285.0,NATGASMINI23OCT26285PE,13.2,750,BUY_AGGRESSOR,19821500,1039250
2026-10-01 23:23:27.773,NATGASMINI,CE,295.0,NATGASMINI23OCT26295CE,11.3,8500,SELL_AGGRESSOR,12192500,1629250
2026-10-01 23:23:31.568,NATURALGAS,FUT,0.0,NATURALGAS27OCT26FUT,287.1,2500,SELL_AGGRESSOR,127212500,68651250
2026-10-01 23:23:31.568,NATURALGAS,PE,255.0,NATURALGAS23OCT26255PE,2.5,6250,BUY_AGGRESSOR,7342500,2130000
2026-10-01 23:23:31.568,NATURALGAS,PE,260.0,NATURALGAS23OCT26260PE,3.55,1250,BUY_AGGRESSOR,28008750,10596250
2026-10-01 23:23:31.568,NATURALGAS,CE,280.0,NATURALGAS23OCT26280CE,17.4,1250,SELL_AGGRESSOR,26472500,4357500
2026-10-01 23:23:31.568,NATURALGAS,CE,285.0,NATURALGAS23OCT26285CE,15.0,2500,SELL_AGGRESSOR,35793750,4800000
2026-10-01 23:23:31.568,NATURALGAS,PE,285.0,NATURALGAS23OCT26285PE,13.15,10000,SELL,53592500,5147500
2026-10-01 23:23:31.568,NATURALGAS,CE,290.0,NATURALGAS23OCT26290CE,13.0,23750,SELL_AGGRESSOR,89715000,16337500
2026-10-01 23:23:31.568,NATURALGAS,PE,290.0,NATURALGAS23OCT26290PE,16.1,26250,BUY_AGGRESSOR,77003750,12452500
2026-10-01 23:23:31.568,NATURALGAS,CE,295.0,NATURALGAS23OCT26295CE,11.2,1250,SELL_AGGRESSOR,35477500,6945000
2026-10-01 23:23:31.568,NATGASMINI,FUT,0.0,NATGASMINI27OCT26FUT,287.1,1250,SELL_AGGRESSOR,41021500,16934000
2026-10-01 23:23:31.568,NATGASMINI,PE,270.0,NATGASMINI23OCT26270PE,6.35,6250,INSIDE,4210500,986250
2026-10-01 23:23:31.568,NATGASMINI,PE,280.0,NATGASMINI23OCT26280PE,10.55,500,SELL_AGGRESSOR,9974750,1207750
2026-10-01 23:23:31.568,NATGASMINI,CE,290.0,NATGASMINI23OCT26290CE,13.15,750,BUY_AGGRESSOR,25469000,3079250
2026-10-01 23:23:31.568,NATGASMINI,CE,295.0,NATGASMINI23OCT26295CE,11.3,1250,SELL_AGGRESSOR,12193750,1629250
2026-10-01 23:23:31.568,NATGASMINI,CE,300.0,NATGASMINI23OCT26300CE,9.75,250,SELL_AGGRESSOR,13060500,3186500
2026-10-01 23:23:31.568,NATGASMINI,CE,310.0,NATGASMINI23OCT26310CE,7.25,1000,SELL_AGGRESSOR,5184500,1837750
2026-10-01 23:23:35.429,NATURALGAS,FUT,0.0,NATURALGAS27OCT26FUT,287.2,5000,BUY_AGGRESSOR,127217500,68651250
2026-10-01 23:23:35.429,NATURALGAS,PE,275.0,NATURALGAS23OCT26275PE,8.25,13750,BUY_AGGRESSOR,18605000,3658750
2026-10-01 23:23:35.429,NATURALGAS,CE,285.0,NATURALGAS23OCT26285CE,15.0,5000,SELL_AGGRESSOR,35798750,4801250
2026-10-01 23:23:35.429,NATURALGAS,PE,285.0,NATURALGAS23OCT26285PE,13.2,2500,BUY_AGGRESSOR,53595000,5148750
2026-10-01 23:23:35.429,NATURALGAS,CE,290.0,NATURALGAS23OCT26290CE,13.05,48750,BUY_AGGRESSOR,89763750,16291250
2026-10-01 23:23:35.429,NATURALGAS,PE,290.0,NATURALGAS23OCT26290PE,16.1,71250,BUY_AGGRESSOR,77075000,12436250
2026-10-01 23:23:35.429,NATURALGAS,CE,295.0,NATURALGAS23OCT26295CE,11.2,5000,BUY_AGGRESSOR,35482500,6940000
2026-10-01 23:23:35.429,NATURALGAS,CE,310.0,NATURALGAS23OCT26310CE,7.15,5000,SELL_AGGRESSOR,32135000,11256250
2026-10-01 23:23:35.429,NATGASMINI,FUT,0.0,NATGASMINI27OCT26FUT,287.2,1500,BUY_AGGRESSOR,41023000,16934250
2026-10-01 23:23:35.429,NATGASMINI,PE,265.0,NATGASMINI23OCT26265PE,4.65,250,SELL_AGGRESSOR,5872250,3207750
2026-10-01 23:23:35.429,NATGASMINI,PE,275.0,NATGASMINI23OCT26275PE,8.3,2000,BUY_AGGRESSOR,5005500,681500
2026-10-01 23:23:35.429,NATGASMINI,CE,280.0,NATGASMINI23OCT26280CE,17.7,1500,BUY_AGGRESSOR,3857250,369250
2026-10-01 23:23:35.429,NATGASMINI,CE,285.0,NATGASMINI23OCT26285CE,15.25,1500,BUY_AGGRESSOR,10675750,840500
2026-10-01 23:23:35.429,NATGASMINI,PE,285.0,NATGASMINI23OCT26285PE,13.2,17000,BUY_AGGRESSOR,19838500,1036750
2026-10-01 23:23:35.429,NATGASMINI,CE,290.0,NATGASMINI23OCT26290CE,13.15,1750,BUY_AGGRESSOR,25470750,3077750
2026-10-01 23:23:35.429,NATGASMINI,PE,290.0,NATGASMINI23OCT26290PE,16.05,4000,SELL_AGGRESSOR,18605750,1409000
2026-10-01 23:23:35.429,NATGASMINI,PE,295.0,NATGASMINI23OCT26295PE,19.3,6000,BUY_AGGRESSOR,5362750,726000
2026-10-01 23:23:39.264,NATURALGAS,FUT,0.0,NATURALGAS27OCT26FUT,287.2,3750,BUY_AGGRESSOR,127221250,68655000
2026-10-01 23:23:39.264,NATURALGAS,PE,260.0,NATURALGAS23OCT26260PE,3.55,7500,BUY_AGGRESSOR,28016250,10603750
2026-10-01 23:23:39.264,NATURALGAS,PE,285.0,NATURALGAS23OCT26285PE,13.15,2500,SELL,53597500,5151250
2026-10-01 23:23:39.264,NATURALGAS,CE,290.0,NATURALGAS23OCT26290CE,13.0,25000,SELL_AGGRESSOR,89788750,16267500
2026-10-01 23:23:39.264,NATURALGAS,CE,295.0,NATURALGAS23OCT26295CE,11.2,1250,INSIDE,35483750,6938750
2026-10-01 23:23:39.264,NATURALGAS,PE,295.0,NATURALGAS23OCT26295PE,19.2,1250,BUY_AGGRESSOR,15433750,5313750
2026-10-01 23:23:39.264,NATURALGAS,CE,300.0,NATURALGAS23OCT26300CE,9.6,1250,SELL_AGGRESSOR,55388750,20010000
2026-10-01 23:23:39.264,NATGASMINI,FUT,0.0,NATGASMINI27OCT26FUT,287.1,250,SELL_AGGRESSOR,41023250,16934250
2026-10-01 23:23:39.264,NATGASMINI,PE,265.0,NATGASMINI23OCT26265PE,4.7,250,BUY_AGGRESSOR,5872500,3207750
2026-10-01 23:23:39.264,NATGASMINI,CE,270.0,NATGASMINI23OCT26270CE,23.45,250,BUY,718500,151750
2026-10-01 23:23:39.264,NATGASMINI,PE,275.0,NATGASMINI23OCT26275PE,8.3,250,INSIDE,5005750,682750
2026-10-01 23:23:39.264,NATGASMINI,CE,285.0,NATGASMINI23OCT26285CE,15.2,1000,SELL_AGGRESSOR,10676750,840250
2026-10-01 23:23:39.264,NATGASMINI,PE,290.0,NATGASMINI23OCT26290PE,16.05,3750,SELL_AGGRESSOR,18609500,1409000
2026-10-01 23:23:39.264,NATGASMINI,CE,310.0,NATGASMINI23OCT26310CE,7.25,250,SELL_AGGRESSOR,5184750,1837500
2026-10-01 23:23:43.136,NATURALGAS,FUT,0.0,NATURALGAS27OCT26FUT,287.0,63750,SELL_AGGRESSOR,127285000,68637500
2026-10-01 23:23:43.136,NATURALGAS,CE,270.0,NATURALGAS23OCT26270CE,23.2,1250,SELL_AGGRESSOR,3067500,1060000
2026-10-01 23:23:43.136,NATURALGAS,CE,275.0,NATURALGAS23OCT26275CE,20.15,6250,BUY,3856250,382500
2026-10-01 23:23:43.136,NATURALGAS,PE,280.0,NATURALGAS23OCT26280PE,10.55,1250,BUY_AGGRESSOR,47515000,11462500
2026-10-01 23:23:43.136,NATURALGAS,CE,285.0,NATURALGAS23OCT26285CE,15.05,1250,BUY,35800000,4801250
2026-10-01 23:23:43.136,NATURALGAS,CE,290.0,NATURALGAS23OCT26290CE,12.95,2500,SELL_AGGRESSOR,89791250,16265000
2026-10-01 23:23:43.136,NATURALGAS,PE,295.0,NATURALGAS23OCT26295PE,19.2,16250,BUY_AGGRESSOR,15450000,5303750
2026-10-01 23:23:43.136,NATURALGAS,CE,300.0,NATURALGAS23OCT26300CE,9.6,2500,SELL_AGGRESSOR,55391250,20007500
2026-10-01 23:23:43.136,NATURALGAS,CE,310.0,NATURALGAS23OCT26310CE,7.2,1250,BUY_AGGRESSOR,32136250,11255000
2026-10-01 23:23:43.136,NATGASMINI,FUT,0.0,NATGASMINI27OCT26FUT,287.1,13250,SELL_AGGRESSOR,41036500,16928000
2026-10-01 23:23:43.136,NATGASMINI,PE,260.0,NATGASMINI23OCT26260PE,3.55,1250,BUY_AGGRESSOR,2439000,842750
2026-10-01 23:23:43.136,NATGASMINI,PE,265.0,NATGASMINI23OCT26265PE,4.65,250,SELL_AGGRESSOR,5872750,3207750
2026-10-01 23:23:43.136,NATGASMINI,CE,270.0,NATGASMINI23OCT26270CE,23.4,2000,SELL_AGGRESSOR,720500,151750
2026-10-01 23:23:46.938,NATURALGAS,FUT,0.0,NATURALGAS27OCT26FUT,287.1,1250,BUY_AGGRESSOR,127286250,68645000
2026-10-01 23:23:46.938,NATURALGAS,PE,265.0,NATURALGAS23OCT26265PE,4.7,15000,SELL_AGGRESSOR,12947500,4343750
2026-10-01 23:23:46.938,NATURALGAS,PE,270.0,NATURALGAS23OCT26270PE,6.3,3750,BUY_AGGRESSOR,33151250,11230000
2026-10-01 23:23:46.938,NATURALGAS,PE,285.0,NATURALGAS23OCT26285PE,13.15,3750,BUY_AGGRESSOR,53601250,5151250
2026-10-01 23:23:46.938,NATURALGAS,CE,290.0,NATURALGAS23OCT26290CE,12.95,5000,SELL_AGGRESSOR,89796250,16260000
2026-10-01 23:23:46.938,NATURALGAS,PE,290.0,NATURALGAS23OCT26290PE,16.1,17500,BUY_AGGRESSOR,77092500,12436250
2026-10-01 23:23:46.938,NATURALGAS,PE,295.0,NATURALGAS23OCT26295PE,19.2,11250,BUY_AGGRESSOR,15461250,5295000
2026-10-01 23:23:46.938,NATGASMINI,FUT,0.0,NATGASMINI27OCT26FUT,287.1,2750,BUY_AGGRESSOR,41039250,16928000
2026-10-01 23:23:46.938,NATGASMINI,PE,285.0,NATGASMINI23OCT26285PE,13.2,1750,BUY_AGGRESSOR,19840250,1036500
2026-10-01 23:23:46.938,NATGASMINI,CE,300.0,NATGASMINI23OCT26300CE,9.75,750,SELL_AGGRESSOR,13061250,3185750
2026-10-01 23:23:46.938,NATGASMINI,CE,305.0,NATGASMINI23OCT26305CE,8.4,750,SELL_AGGRESSOR,6117750,1681750
2026-10-01 23:23:50.820,NATURALGAS,FUT,0.0,NATURALGAS27OCT26FUT,287.1,6250,BUY_AGGRESSOR,127292500,68642500
2026-10-01 23:23:50.820,NATURALGAS,PE,270.0,NATURALGAS23OCT26270PE,6.3,5000,BUY_AGGRESSOR,33156250,11230000
2026-10-01 23:23:50.820,NATURALGAS,PE,275.0,NATURALGAS23OCT26275PE,8.25,8750,BUY_AGGRESSOR,18613750,3660000
2026-10-01 23:23:50.820,NATURALGAS,PE,280.0,NATURALGAS23OCT26280PE,10.55,5000,BUY_AGGRESSOR,47520000,11461250
2026-10-01 23:23:50.820,NATURALGAS,CE,290.0,NATURALGAS23OCT26290CE,13.0,3750,BUY_AGGRESSOR,89800000,16260000
2026-10-01 23:23:50.820,NATURALGAS,PE,290.0,NATURALGAS23OCT26290PE,16.1,7500,SELL_AGGRESSOR,77100000,12426250
2026-10-01 23:23:50.820,NATURALGAS,CE,295.0,NATURALGAS23OCT26295CE,11.15,5000,SELL_AGGRESSOR,35488750,6935000
2026-10-01 23:23:50.820,NATURALGAS,CE,300.0,NATURALGAS23OCT26300CE,9.6,8750,SELL_AGGRESSOR,55400000,20006250
2026-10-01 23:23:50.820,NATGASMINI,FUT,0.0,NATGASMINI27OCT26FUT,287.1,5000,SELL_AGGRESSOR,41044250,16919000
2026-10-01 23:23:50.820,NATGASMINI,PE,260.0,NATGASMINI23OCT26260PE,3.55,1000,INSIDE,2440000,842750
2026-10-01 23:23:50.820,NATGASMINI,PE,265.0,NATGASMINI23OCT26265PE,4.7,19750,BUY_AGGRESSOR,5892500,3207750
2026-10-01 23:23:50.820,NATGASMINI,PE,280.0,NATGASMINI23OCT26280PE,10.6,2250,BUY_AGGRESSOR,9977000,1207750
2026-10-01 23:23:50.820,NATGASMINI,CE,285.0,NATGASMINI23OCT26285CE,15.1,7750,SELL_AGGRESSOR,10684500,836500
2026-10-01 23:23:50.820,NATGASMINI,CE,290.0,NATGASMINI23OCT26290CE,13.05,1000,SELL_AGGRESSOR,25471750,3076750
2026-10-01 23:23:50.820,NATGASMINI,PE,290.0,NATGASMINI23OCT26290PE,16.05,250,SELL_AGGRESSOR,18609750,1408750
2026-10-01 23:23:50.820,NATGASMINI,PE,300.0,NATGASMINI23OCT26300PE,22.6,250,BUY_AGGRESSOR,3147500,980000
2026-10-01 23:23:54.663,NATURALGAS,PE,260.0,NATURALGAS23OCT26260PE,3.55,1250,BUY_AGGRESSOR,28017500,10605000
2026-10-01 23:23:54.663,NATURALGAS,PE,270.0,NATURALGAS23OCT26270PE,6.25,1250,SELL_AGGRESSOR,33157500,11230000
2026-10-01 23:23:54.663,NATURALGAS,PE,280.0,NATURALGAS23OCT26280PE,10.55,1250,SELL_AGGRESSOR,47521250,11460000
2026-10-01 23:23:54.663,NATURALGAS,CE,285.0,NATURALGAS23OCT26285CE,15.05,1250,BUY_AGGRESSOR,35801250,4801250
2026-10-01 23:23:54.663,NATURALGAS,CE,290.0,NATURALGAS23OCT26290CE,12.95,8750,SELL_AGGRESSOR,89808750,16255000
2026-10-01 23:23:54.663,NATURALGAS,PE,290.0,NATURALGAS23OCT26290PE,16.15,11250,BUY_AGGRESSOR,77111250,12415000
2026-10-01 23:23:54.663,NATGASMINI,FUT,0.0,NATGASMINI27OCT26FUT,287.0,1000,SELL_AGGRESSOR,41045250,16916500
2026-10-01 23:23:54.663,NATGASMINI,PE,265.0,NATGASMINI23OCT26265PE,4.7,500,SELL_AGGRESSOR,5893000,3207750
2026-10-01 23:23:54.663,NATGASMINI,CE,270.0,NATGASMINI23OCT26270CE,23.25,1000,SELL_AGGRESSOR,721500,151500
2026-10-01 23:23:54.663,NATGASMINI,PE,280.0,NATGASMINI23OCT26280PE,10.6,250,SELL_AGGRESSOR,9977250,1207500
2026-10-01 23:23:54.663,NATGASMINI,PE,285.0,NATGASMINI23OCT26285PE,13.15,500,SELL_AGGRESSOR,19840750,1036250
2026-10-01 23:23:54.663,NATGASMINI,CE,290.0,NATGASMINI23OCT26290CE,13.05,1000,SELL_AGGRESSOR,25472750,3075750
2026-10-01 23:23:54.663,NATGASMINI,CE,295.0,NATGASMINI23OCT26295CE,11.3,500,SELL_AGGRESSOR,12194250,1629250
2026-10-01 23:23:54.663,NATGASMINI,CE,300.0,NATGASMINI23OCT26300CE,9.75,250,SELL_AGGRESSOR,13061500,3185500
2026-10-01 23:23:54.663,NATGASMINI,PE,300.0,NATGASMINI23OCT26300PE,22.6,1500,BUY_AGGRESSOR,3149000,979250
2026-10-01 23:23:54.663,NATGASMINI,CE,305.0,NATGASMINI23OCT26305CE,8.4,250,SELL_AGGRESSOR,6118000,1681500
2026-10-01 23:23:58.442,NATURALGAS,FUT,0.0,NATURALGAS27OCT26FUT,287.0,1250,SELL_AGGRESSOR,127293750,68642500
2026-10-01 23:23:58.442,NATURALGAS,PE,270.0,NATURALGAS23OCT26270PE,6.3,23750,BUY_AGGRESSOR,33181250,11235000
2026-10-01 23:23:58.442,NATURALGAS,PE,275.0,NATURALGAS23OCT26275PE,8.25,1250,SELL_AGGRESSOR,18615000,3660000
2026-10-01 23:23:58.442,NATURALGAS,CE,280.0,NATURALGAS23OCT26280CE,17.4,2500,SELL_AGGRESSOR,26475000,4355000
2026-10-01 23:23:58.442,NATURALGAS,PE,280.0,NATURALGAS23OCT26280PE,10.55,2500,SELL_AGGRESSOR,47523750,11458750
2026-10-01 23:23:58.442,NATURALGAS,PE,285.0,NATURALGAS23OCT26285PE,13.2,1250,BUY_AGGRESSOR,53602500,5151250
2026-10-01 23:23:58.442,NATURALGAS,CE,290.0,NATURALGAS23OCT26290CE,13.0,3750,BUY_AGGRESSOR,89812500,16252500
2026-10-01 23:23:58.442,NATURALGAS,PE,300.0,NATURALGAS23OCT26300PE,22.8,3750,BUY_AGGRESSOR,14046250,13825000
2026-10-01 23:23:58.442,NATGASMINI,FUT,0.0,NATGASMINI27OCT26FUT,287.1,500,BUY_AGGRESSOR,41045750,16916500
2026-10-01 23:23:58.442,NATGASMINI,CE,275.0,NATGASMINI23OCT26275CE,20.35,500,BUY_AGGRESSOR,1333000,70750
2026-10-01 23:23:58.442,NATGASMINI,PE,275.0,NATGASMINI23OCT26275PE,8.35,1250,BUY_AGGRESSOR,5007000,682750
2026-10-01 23:23:58.442,NATGASMINI,CE,280.0,NATGASMINI23OCT26280CE,17.65,500,BUY_AGGRESSOR,3857750,369000
2026-10-01 23:23:58.442,NATGASMINI,PE,280.0,NATGASMINI23OCT26280PE,10.65,9000,BUY_AGGRESSOR,9986250,1207500
2026-10-01 23:23:58.442,NATGASMINI,CE,285.0,NATGASMINI23OCT26285CE,15.2,4750,BUY_AGGRESSOR,10689250,836500
2026-10-01 23:23:58.442,NATGASMINI,PE,285.0,NATGASMINI23OCT26285PE,13.2,4750,BUY_AGGRESSOR,19845500,1034500
2026-10-01 23:23:58.442,NATGASMINI,CE,290.0,NATGASMINI23OCT26290CE,13.15,9750,BUY_AGGRESSOR,25482500,3072000
2026-10-01 23:23:58.442,NATGASMINI,PE,290.0,NATGASMINI23OCT26290PE,16.15,4250,BUY_AGGRESSOR,18614000,1407500
2026-10-01 23:23:58.442,NATGASMINI,CE,295.0,NATGASMINI23OCT26295CE,11.4,7000,BUY_AGGRESSOR,12201250,1629250
2026-10-01 23:23:58.442,NATGASMINI,PE,295.0,NATGASMINI23OCT26295PE,19.35,500,BUY_AGGRESSOR,5363250,726000
2026-10-01 23:23:58.442,NATGASMINI,CE,300.0,NATGASMINI23OCT26300CE,9.8,9750,BUY_AGGRESSOR,13071250,3183250
2026-10-01 23:23:58.442,NATGASMINI,PE,300.0,NATGASMINI23OCT26300PE,22.65,750,BUY_AGGRESSOR,3149750,978750
2026-10-01 23:23:58.442,NATGASMINI,CE,305.0,NATGASMINI23OCT26305CE,8.4,1000,SELL_AGGRESSOR,6119000,1681250
2026-10-01 23:23:58.442,NATGASMINI,PE,305.0,NATGASMINI23OCT26305PE,26.35,500,BUY_AGGRESSOR,597750,377500
2026-10-01 23:23:58.442,NATGASMINI,PE,315.0,NATGASMINI23OCT26315PE,34.2,500,BUY_AGGRESSOR,105750,251500
2026-10-01 23:24:02.298,NATURALGAS,CE,280.0,NATURALGAS23OCT26280CE,17.5,17500,BUY_AGGRESSOR,26492500,4346250
2026-10-01 23:24:02.298,NATURALGAS,PE,280.0,NATURALGAS23OCT26280PE,10.55,13750,SELL_AGGRESSOR,47537500,11457500
2026-10-01 23:24:02.298,NATURALGAS,PE,285.0,NATURALGAS23OCT26285PE,13.15,2500,SELL_AGGRESSOR,53605000,5148750
2026-10-01 23:24:02.298,NATURALGAS,CE,290.0,NATURALGAS23OCT26290CE,13.0,46250,BUY_AGGRESSOR,89858750,16252500
2026-10-01 23:24:02.298,NATURALGAS,PE,290.0,NATURALGAS23OCT26290PE,16.15,38750,BUY_AGGRESSOR,77150000,12396250
2026-10-01 23:24:02.298,NATURALGAS,CE,300.0,NATURALGAS23OCT26300CE,9.65,33750,BUY_AGGRESSOR,55433750,19997500
2026-10-01 23:24:02.298,NATURALGAS,PE,300.0,NATURALGAS23OCT26300PE,22.85,20000,BUY_AGGRESSOR,14066250,13822500
2026-10-01 23:24:02.298,NATGASMINI,PE,260.0,NATGASMINI23OCT26260PE,3.55,250,SELL_AGGRESSOR,2440250,842750
2026-10-01 23:24:02.298,NATGASMINI,CE,275.0,NATGASMINI23OCT26275CE,20.35,750,BUY_AGGRESSOR,1333750,70000
2026-10-01 23:24:02.298,NATGASMINI,PE,275.0,NATGASMINI23OCT26275PE,8.3,10750,SELL_AGGRESSOR,5017750,682500
2026-10-01 23:24:02.298,NATGASMINI,CE,280.0,NATGASMINI23OCT26280CE,17.65,750,BUY_AGGRESSOR,3858500,369000
2026-10-01 23:24:02.298,NATGASMINI,PE,280.0,NATGASMINI23OCT26280PE,10.65,10500,BUY_AGGRESSOR,9996750,1207250
2026-10-01 23:24:02.298,NATGASMINI,CE,285.0,NATGASMINI23OCT26285CE,15.2,5000,BUY_AGGRESSOR,10694250,835000
2026-10-01 23:24:02.298,NATGASMINI,PE,285.0,NATGASMINI23OCT26285PE,13.15,30750,SELL_AGGRESSOR,19876250,1031500
2026-10-01 23:24:02.298,NATGASMINI,CE,290.0,NATGASMINI23OCT26290CE,13.05,8000,SELL_AGGRESSOR,25490500,3068250
2026-10-01 23:24:02.298,NATGASMINI,PE,290.0,NATGASMINI23OCT26290PE,16.1,7250,SELL_AGGRESSOR,18621250,1404750
2026-10-01 23:24:02.298,NATGASMINI,CE,295.0,NATGASMINI23OCT26295CE,11.35,5750,BUY_AGGRESSOR,12207000,1629250
2026-10-01 23:24:02.298,NATGASMINI,PE,295.0,NATGASMINI23OCT26295PE,19.2,1000,SELL_AGGRESSOR,5364250,725750
2026-10-01 23:24:02.298,NATGASMINI,CE,300.0,NATGASMINI23OCT26300CE,9.8,3250,BUY_AGGRESSOR,13074500,3183250
2026-10-01 23:24:02.298,NATGASMINI,PE,300.0,NATGASMINI23OCT26300PE,22.7,3750,BUY_AGGRESSOR,3153500,977500
2026-10-01 23:24:02.298,NATGASMINI,CE,305.0,NATGASMINI23OCT26305CE,8.4,5000,SELL_AGGRESSOR,6124000,1681500
2026-10-01 23:24:02.298,NATGASMINI,PE,305.0,NATGASMINI23OCT26305PE,26.35,1000,BUY_AGGRESSOR,598750,377000
2026-10-01 23:24:02.298,NATGASMINI,CE,315.0,NATGASMINI23OCT26315CE,6.35,5000,BUY_AGGRESSOR,2762250,1215250
2026-10-01 23:24:06.126,NATURALGAS,FUT,0.0,NATURALGAS27OCT26FUT,287.0,28750,SELL_AGGRESSOR,127322500,68646250
2026-10-01 23:24:06.126,NATURALGAS,PE,270.0,NATURALGAS23OCT26270PE,6.3,2500,SELL_AGGRESSOR,33183750,11235000
2026-10-01 23:24:06.126,NATURALGAS,CE,280.0,NATURALGAS23OCT26280CE,17.45,8750,BUY_AGGRESSOR,26501250,4341250
2026-10-01 23:24:06.126,NATURALGAS,PE,280.0,NATURALGAS23OCT26280PE,10.55,3750,SELL_AGGRESSOR,47541250,11456250
2026-10-01 23:24:06.126,NATURALGAS,CE,285.0,NATURALGAS23OCT26285CE,15.0,2500,SELL_AGGRESSOR,35803750,4798750
2026-10-01 23:24:06.126,NATURALGAS,CE,290.0,NATURALGAS23OCT26290CE,13.0,5000,BUY_AGGRESSOR,89863750,16245000
2026-10-01 23:24:06.126,NATURALGAS,PE,290.0,NATURALGAS23OCT26290PE,16.1,3750,SELL_AGGRESSOR,77153750,12372500
2026-10-01 23:24:06.126,NATURALGAS,CE,300.0,NATURALGAS23OCT26300CE,9.65,10000,BUY_AGGRESSOR,55443750,20005000
2026-10-01 23:24:06.126,NATURALGAS,PE,300.0,NATURALGAS23OCT26300PE,22.9,33750,BUY_AGGRESSOR,14100000,13821250
2026-10-01 23:24:06.126,NATGASMINI,FUT,0.0,NATGASMINI27OCT26FUT,287.1,13750,BUY_AGGRESSOR,41059500,16916500
2026-10-01 23:24:06.126,NATGASMINI,CE,275.0,NATGASMINI23OCT26275CE,20.4,1000,BUY_AGGRESSOR,1334750,69750
2026-10-01 23:24:06.126,NATGASMINI,PE,275.0,NATGASMINI23OCT26275PE,8.3,1000,SELL_AGGRESSOR,5018750,681750
2026-10-01 23:24:06.126,NATGASMINI,CE,280.0,NATGASMINI23OCT26280CE,17.65,1000,BUY_AGGRESSOR,3859500,369000
2026-10-01 23:24:06.126,NATGASMINI,PE,280.0,NATGASMINI23OCT26280PE,10.7,3000,BUY_AGGRESSOR,9999750,1201000
2026-10-01 23:24:06.126,NATGASMINI,PE,285.0,NATGASMINI23OCT26285PE,13.2,3000,SELL_AGGRESSOR,19879250,1028750
2026-10-01 23:24:06.126,NATGASMINI,CE,290.0,NATGASMINI23OCT26290CE,13.15,12250,BUY_AGGRESSOR,25502750,3063000
2026-10-01 23:24:06.126,NATGASMINI,PE,290.0,NATGASMINI23OCT26290PE,16.2,1500,BUY_AGGRESSOR,18622750,1401250
2026-10-01 23:24:06.126,NATGASMINI,CE,295.0,NATGASMINI23OCT26295CE,11.35,6750,BUY_AGGRESSOR,12213750,1629250
2026-10-01 23:24:06.126,NATGASMINI,PE,295.0,NATGASMINI23OCT26295PE,19.35,1000,BUY_AGGRESSOR,5365250,725750
2026-10-01 23:24:06.126,NATGASMINI,CE,300.0,NATGASMINI23OCT26300CE,9.8,1500,BUY_AGGRESSOR,13076000,3183000
2026-10-01 23:24:06.126,NATGASMINI,PE,300.0,NATGASMINI23OCT26300PE,22.75,2250,BUY_AGGRESSOR,3155750,976500
2026-10-01 23:24:06.126,NATGASMINI,CE,305.0,NATGASMINI23OCT26305CE,8.4,1000,SELL_AGGRESSOR,6125000,1685250
2026-10-01 23:24:06.126,NATGASMINI,PE,305.0,NATGASMINI23OCT26305PE,26.4,1000,BUY_AGGRESSOR,599750,376500
2026-10-01 23:24:09.957,NATURALGAS,FUT,0.0,NATURALGAS27OCT26FUT,287.0,13750,SELL_AGGRESSOR,127336250,68642500
2026-10-01 23:24:09.957,NATURALGAS,CE,290.0,NATURALGAS23OCT26290CE,13.05,25000,BUY_AGGRESSOR,89888750,16207500
2026-10-01 23:24:09.957,NATURALGAS,PE,290.0,NATURALGAS23OCT26290PE,16.15,22500,BUY_AGGRESSOR,77176250,12352500
2026-10-01 23:24:09.957,NATURALGAS,CE,300.0,NATURALGAS23OCT26300CE,9.65,3750,BUY_AGGRESSOR,55447500,20011250
2026-10-01 23:24:09.957,NATURALGAS,PE,300.0,NATURALGAS23OCT26300PE,22.9,16250,BUY_AGGRESSOR,14116250,13817500
2026-10-01 23:24:09.957,NATGASMINI,FUT,0.0,NATGASMINI27OCT26FUT,287.1,10000,BUY_AGGRESSOR,41069500,16914000
2026-10-01 23:24:09.957,NATGASMINI,PE,265.0,NATGASMINI23OCT26265PE,4.7,6750,SELL_AGGRESSOR,5899750,3207750
2026-10-01 23:24:09.957,NATGASMINI,CE,270.0,NATGASMINI23OCT26270CE,23.45,1250,BUY_AGGRESSOR,722750,152750
2026-10-01 23:24:09.957,NATGASMINI,CE,275.0,NATGASMINI23OCT26275CE,20.4,1500,BUY_AGGRESSOR,1336250,68750
2026-10-01 23:24:09.957,NATGASMINI,CE,280.0,NATGASMINI23OCT26280CE,17.65,4250,BUY_AGGRESSOR,3863750,368250
2026-10-01 23:24:09.957,NATGASMINI,PE,280.0,NATGASMINI23OCT26280PE,10.6,250,SELL_AGGRESSOR,10000000,1200250
2026-10-01 23:24:09.957,NATGASMINI,CE,285.0,NATGASMINI23OCT26285CE,15.25,1500,BUY_AGGRESSOR,10695750,832750
2026-10-01 23:24:09.957,NATGASMINI,PE,285.0,NATGASMINI23OCT26285PE,13.25,7500,BUY,19886750,1020250
2026-10-01 23:24:09.957,NATGASMINI,CE,290.0,NATGASMINI23OCT26290CE,13.15,5750,BUY_AGGRESSOR,25508500,3063000
2026-10-01 23:24:09.957,NATGASMINI,PE,290.0,NATGASMINI23OCT26290PE,16.15,4750,SELL,18627500,1398250
2026-10-01 23:24:09.957,NATGASMINI,CE,295.0,NATGASMINI23OCT26295CE,11.4,1500,BUY_AGGRESSOR,12215250,1629250
2026-10-01 23:24:09.957,NATGASMINI,PE,295.0,NATGASMINI23OCT26295PE,19.3,3500,SELL,5368750,725250
2026-10-01 23:24:09.957,NATGASMINI,CE,300.0,NATGASMINI23OCT26300CE,9.8,3000,BUY_AGGRESSOR,13079000,3183250
2026-10-01 23:24:09.957,NATGASMINI,PE,300.0,NATGASMINI23OCT26300PE,22.7,2000,SELL,3157750,976000
2026-10-01 23:24:09.957,NATGASMINI,PE,305.0,NATGASMINI23OCT26305PE,26.35,1250,SELL,601000,376000
2026-10-01 23:24:13.732,NATURALGAS,FUT,0.0,NATURALGAS27OCT26FUT,287.2,65000,BUY_AGGRESSOR,127401250,68628750
2026-10-01 23:24:13.732,NATURALGAS,CE,270.0,NATURALGAS23OCT26270CE,23.2,35000,BUY_AGGRESSOR,3102500,1027500
2026-10-01 23:24:13.732,NATURALGAS,PE,270.0,NATURALGAS23OCT26270PE,6.3,23750,SELL_AGGRESSOR,33207500,11235000
2026-10-01 23:24:13.732,NATURALGAS,PE,275.0,NATURALGAS23OCT26275PE,8.25,6250,SELL_AGGRESSOR,18621250,3660000
2026-10-01 23:24:13.732,NATURALGAS,CE,280.0,NATURALGAS23OCT26280CE,17.45,18750,BUY_AGGRESSOR,26520000,4338750
2026-10-01 23:24:13.732,NATURALGAS,PE,280.0,NATURALGAS23OCT26280PE,10.55,6250,SELL_AGGRESSOR,47547500,11452500
2026-10-01 23:24:13.732,NATURALGAS,CE,285.0,NATURALGAS23OCT26285CE,15.05,2500,BUY,35806250,4798750
2026-10-01 23:24:13.732,NATURALGAS,PE,285.0,NATURALGAS23OCT26285PE,13.15,3750,SELL_AGGRESSOR,53608750,5148750
2026-10-01 23:24:13.732,NATURALGAS,CE,290.0,NATURALGAS23OCT26290CE,13.05,11250,BUY_AGGRESSOR,89900000,16200000
2026-10-01 23:24:13.732,NATURALGAS,PE,290.0,NATURALGAS23OCT26290PE,16.05,52500,SELL_AGGRESSOR,77228750,12347500
2026-10-01 23:24:13.732,NATURALGAS,CE,300.0,NATURALGAS23OCT26300CE,9.65,28750,BUY_AGGRESSOR,55476250,20007500
2026-10-01 23:24:13.732,NATURALGAS,PE,300.0,NATURALGAS23OCT26300PE,22.7,1250,SELL_AGGRESSOR,14117500,13811250
2026-10-01 23:24:13.732,NATURALGAS,PE,305.0,NATURALGAS23OCT26305PE,26.45,2500,BUY,2061250,2688750
2026-10-01 23:24:13.732,NATURALGAS,CE,310.0,NATURALGAS23OCT26310CE,7.2,13750,BUY_AGGRESSOR,32150000,11241250
2026-10-01 23:24:13.732,NATURALGAS,CE,315.0,NATURALGAS23OCT26315CE,6.2,1250,BUY_AGGRESSOR,11603750,3418750
2026-10-01 23:24:13.732,NATGASMINI,PE,265.0,NATGASMINI23OCT26265PE,4.7,250,SELL_AGGRESSOR,5900000,3207750
2026-10-01 23:24:13.732,NATGASMINI,CE,270.0,NATGASMINI23OCT26270CE,23.4,1250,SELL,724000,154000
2026-10-01 23:24:13.732,NATGASMINI,CE,275.0,NATGASMINI23OCT26275CE,20.45,250,BUY_AGGRESSOR,1336500,68500
2026-10-01 23:24:13.732,NATGASMINI,CE,280.0,NATGASMINI23OCT26280CE,17.7,1750,BUY_AGGRESSOR,3865500,368250
2026-10-01 23:24:13.732,NATGASMINI,CE,285.0,NATGASMINI23OCT26285CE,15.2,1750,SELL,10697500,832750
2026-10-01 23:24:13.732,NATGASMINI,PE,285.0,NATGASMINI23OCT26285PE,13.25,4250,BUY_AGGRESSOR,19891000,1019750
2026-10-01 23:24:13.732,NATGASMINI,CE,290.0,NATGASMINI23OCT26290CE,13.2,1500,BUY_AGGRESSOR,25510000,3059000
2026-10-01 23:24:13.732,NATGASMINI,PE,290.0,NATGASMINI23OCT26290PE,16.1,1750,SELL,18629250,1398000
2026-10-01 23:24:13.732,NATGASMINI,CE,295.0,NATGASMINI23OCT26295CE,11.4,500,BUY_AGGRESSOR,12215750,1629250
2026-10-01 23:24:13.732,NATGASMINI,PE,295.0,NATGASMINI23OCT26295PE,19.25,1500,SELL,5370250,725250
2026-10-01 23:24:13.732,NATGASMINI,CE,300.0,NATGASMINI23OCT26300CE,9.85,500,BUY_AGGRESSOR,13079500,3183250
2026-10-01 23:24:13.732,NATGASMINI,PE,300.0,NATGASMINI23OCT26300PE,22.65,1000,BUY_AGGRESSOR,3158750,975750
2026-10-01 23:24:13.732,NATGASMINI,PE,305.0,NATGASMINI23OCT26305PE,26.3,500,SELL,601500,376000
2026-10-01 23:24:17.531,NATURALGAS,FUT,0.0,NATURALGAS27OCT26FUT,287.1,8750,SELL,127410000,68625000
2026-10-01 23:24:17.531,NATURALGAS,CE,270.0,NATURALGAS23OCT26270CE,23.2,21250,BUY_AGGRESSOR,3123750,1018750
2026-10-01 23:24:17.531,NATURALGAS,PE,275.0,NATURALGAS23OCT26275PE,8.2,1250,SELL_AGGRESSOR,18622500,3660000
2026-10-01 23:24:17.531,NATURALGAS,CE,280.0,NATURALGAS23OCT26280CE,17.5,8750,BUY_AGGRESSOR,26528750,4336250
2026-10-01 23:24:17.531,NATURALGAS,PE,280.0,NATURALGAS23OCT26280PE,10.45,65000,SELL_AGGRESSOR,47612500,11447500
2026-10-01 23:24:17.531,NATURALGAS,PE,285.0,NATURALGAS23OCT26285PE,13.1,1250,SELL_AGGRESSOR,53610000,5148750
2026-10-01 23:24:17.531,NATURALGAS,CE,290.0,NATURALGAS23OCT26290CE,13.05,21250,BUY_AGGRESSOR,89921250,16180000
2026-10-01 23:24:17.531,NATURALGAS,PE,290.0,NATURALGAS23OCT26290PE,16.05,16250,SELL_AGGRESSOR,77245000,12348750
2026-10-01 23:24:17.531,NATURALGAS,CE,295.0,NATURALGAS23OCT26295CE,11.2,6250,SELL_AGGRESSOR,35495000,6928750
2026-10-01 23:24:17.531,NATURALGAS,PE,295.0,NATURALGAS23OCT26295PE,19.2,26250,SELL_AGGRESSOR,15487500,5276250
2026-10-01 23:24:17.531,NATURALGAS,CE,305.0,NATURALGAS23OCT26305CE,8.3,5000,BUY_AGGRESSOR,20957500,8332500
2026-10-01 23:24:17.531,NATURALGAS,CE,310.0,NATURALGAS23OCT26310CE,7.2,6250,BUY_AGGRESSOR,32156250,11235000
2026-10-01 23:24:17.531,NATGASMINI,FUT,0.0,NATGASMINI27OCT26FUT,287.1,31750,SELL_AGGRESSOR,41101250,16914500
2026-10-01 23:24:17.531,NATGASMINI,PE,260.0,NATGASMINI23OCT26260PE,3.55,750,SELL_AGGRESSOR,2441000,842750
2026-10-01 23:24:17.531,NATGASMINI,CE,270.0,NATGASMINI23OCT26270CE,23.4,1250,INSIDE,725250,154500
2026-10-01 23:24:17.531,NATGASMINI,CE,280.0,NATGASMINI23OCT26280CE,17.7,1250,BUY_AGGRESSOR,3866750,368250
2026-10-01 23:24:17.531,NATGASMINI,PE,280.0,NATGASMINI23OCT26280PE,10.6,1000,INSIDE,10001000,1200250
2026-10-01 23:24:17.531,NATGASMINI,CE,285.0,NATGASMINI23OCT26285CE,15.2,750,SELL_AGGRESSOR,10698250,832750
2026-10-01 23:24:17.531,NATGASMINI,PE,285.0,NATGASMINI23OCT26285PE,13.2,3250,SELL,19894250,1017000
2026-10-01 23:24:17.531,NATGASMINI,CE,290.0,NATGASMINI23OCT26290CE,13.2,2750,BUY_AGGRESSOR,25512750,3053500
2026-10-01 23:24:17.531,NATGASMINI,PE,290.0,NATGASMINI23OCT26290PE,16.05,1250,SELL_AGGRESSOR,18630500,1396500
2026-10-01 23:24:17.531,NATGASMINI,CE,295.0,NATGASMINI23OCT26295CE,11.45,1500,BUY_AGGRESSOR,12217250,1629250
2026-10-01 23:24:17.531,NATGASMINI,PE,295.0,NATGASMINI23OCT26295PE,19.2,13750,SELL,5384000,724500
2026-10-01 23:24:17.531,NATGASMINI,CE,300.0,NATGASMINI23OCT26300CE,9.85,1500,BUY_AGGRESSOR,13081000,3183500
2026-10-01 23:24:17.531,NATGASMINI,PE,300.0,NATGASMINI23OCT26300PE,22.6,1750,BUY_AGGRESSOR,3160500,974750
2026-10-01 23:24:17.531,NATGASMINI,CE,305.0,NATGASMINI23OCT26305CE,8.5,250,BUY_AGGRESSOR,6125250,1685250
2026-10-01 23:24:17.531,NATGASMINI,PE,305.0,NATGASMINI23OCT26305PE,26.25,500,SELL,602000,375250
2026-10-01 23:24:17.531,NATGASMINI,PE,310.0,NATGASMINI23OCT26310PE,30.05,500,SELL_AGGRESSOR,452250,667500
2026-10-01 23:24:21.368,NATURALGAS,FUT,0.0,NATURALGAS27OCT26FUT,287.2,18750,BUY_AGGRESSOR,127428750,68583750
2026-10-01 23:24:21.368,NATURALGAS,PE,255.0,NATURALGAS23OCT26255PE,2.5,11250,SELL_AGGRESSOR,7353750,2135000
2026-10-01 23:24:21.368,NATURALGAS,PE,260.0,NATURALGAS23OCT26260PE,3.5,5000,SELL_AGGRESSOR,28022500,10605000
2026-10-01 23:24:21.368,NATURALGAS,CE,280.0,NATURALGAS23OCT26280CE,17.5,3750,SELL_AGGRESSOR,26532500,4335000
2026-10-01 23:24:21.368,NATURALGAS,PE,280.0,NATURALGAS23OCT26280PE,10.5,2500,SELL_AGGRESSOR,47615000,11447500
2026-10-01 23:24:21.368,NATURALGAS,CE,285.0,NATURALGAS23OCT26285CE,15.05,1250,SELL_AGGRESSOR,35807500,4798750
2026-10-01 23:24:21.368,NATURALGAS,CE,290.0,NATURALGAS23OCT26290CE,13.05,7500,BUY_AGGRESSOR,89928750,16155000
2026-10-01 23:24:21.368,NATURALGAS,PE,290.0,NATURALGAS23OCT26290PE,16.05,5000,BUY_AGGRESSOR,77250000,12346250
2026-10-01 23:24:21.368,NATURALGAS,CE,295.0,NATURALGAS23OCT26295CE,11.25,2500,SELL_AGGRESSOR,35497500,6928750
2026-10-01 23:24:21.368,NATURALGAS,PE,295.0,NATURALGAS23OCT26295PE,19.15,1250,SELL_AGGRESSOR,15488750,5268750
2026-10-01 23:24:21.368,NATURALGAS,CE,300.0,NATURALGAS23OCT26300CE,9.7,18750,BUY_AGGRESSOR,55495000,19990000
2026-10-01 23:24:21.368,NATURALGAS,PE,300.0,NATURALGAS23OCT26300PE,22.75,1250,BUY_AGGRESSOR,14118750,13807500
2026-10-01 23:24:21.368,NATURALGAS,CE,305.0,NATURALGAS23OCT26305CE,8.35,2500,BUY_AGGRESSOR,20960000,8332500
2026-10-01 23:24:21.368,NATURALGAS,PE,305.0,NATURALGAS23OCT26305PE,26.3,2500,SELL_AGGRESSOR,2063750,2688750
2026-10-01 23:24:21.368,NATURALGAS,CE,310.0,NATURALGAS23OCT26310CE,7.2,6250,SELL_AGGRESSOR,32162500,11232500
2026-10-01 23:24:21.368,NATURALGAS,CE,315.0,NATURALGAS23OCT26315CE,6.2,5000,SELL_AGGRESSOR,11608750,3418750
2026-10-01 23:24:21.368,NATGASMINI,FUT,0.0,NATGASMINI27OCT26FUT,287.1,250,SELL_AGGRESSOR,41101500,16916500
2026-10-01 23:24:21.368,NATGASMINI,PE,255.0,NATGASMINI23OCT26255PE,2.6,250,BUY_AGGRESSOR,700500,143000
2026-10-01 23:24:21.368,NATGASMINI,PE,260.0,NATGASMINI23OCT26260PE,3.55,250,BUY_AGGRESSOR,2441250,843000
2026-10-01 23:24:21.368,NATGASMINI,PE,270.0,NATGASMINI23OCT26270PE,6.35,500,INSIDE,4211000,986250
2026-10-01 23:24:21.368,NATGASMINI,CE,280.0,NATGASMINI23OCT26280CE,17.7,2500,BUY_AGGRESSOR,3869250,369000
2026-10-01 23:24:21.368,NATGASMINI,PE,280.0,NATGASMINI23OCT26280PE,10.5,750,SELL_AGGRESSOR,10001750,1199500
2026-10-01 23:24:21.368,NATGASMINI,CE,285.0,NATGASMINI23OCT26285CE,15.3,1500,BUY_AGGRESSOR,10699750,832500
2026-10-01 23:24:21.368,NATGASMINI,PE,285.0,NATGASMINI23OCT26285PE,13.25,2500,BUY_AGGRESSOR,19896750,1015000
2026-10-01 23:24:21.368,NATGASMINI,CE,290.0,NATGASMINI23OCT26290CE,13.2,5000,BUY_AGGRESSOR,25517750,3053250
2026-10-01 23:24:21.368,NATGASMINI,PE,290.0,NATGASMINI23OCT26290PE,16.1,3250,BUY_AGGRESSOR,18633750,1394750
2026-10-01 23:24:21.368,NATGASMINI,CE,295.0,NATGASMINI23OCT26295CE,11.4,2500,SELL,12219750,1627750
2026-10-01 23:24:21.368,NATGASMINI,PE,295.0,NATGASMINI23OCT26295PE,19.25,2500,BUY_AGGRESSOR,5386500,726000
2026-10-01 23:24:21.368,NATGASMINI,CE,300.0,NATGASMINI23OCT26300CE,9.85,1000,BUY_AGGRESSOR,13082000,3183000
2026-10-01 23:24:21.368,NATGASMINI,PE,300.0,NATGASMINI23OCT26300PE,22.6,1000,BUY_AGGRESSOR,3161500,974500
2026-10-01 23:24:25.154,NATURALGAS,CE,280.0,NATURALGAS23OCT26280CE,17.5,1250,BUY_AGGRESSOR,26533750,4335000
2026-10-01 23:24:25.154,NATURALGAS,CE,290.0,NATURALGAS23OCT26290CE,13.05,2500,BUY_AGGRESSOR,89931250,16142500
2026-10-01 23:24:25.154,NATURALGAS,CE,310.0,NATURALGAS23OCT26310CE,7.15,3750,SELL_AGGRESSOR,32166250,11228750
2026-10-01 23:24:25.154,NATGASMINI,FUT,0.0,NATGASMINI27OCT26FUT,287.1,250,SELL_AGGRESSOR,41101750,16923750
2026-10-01 23:24:25.154,NATGASMINI,CE,280.0,NATGASMINI23OCT26280CE,17.7,750,BUY_AGGRESSOR,3870000,368500
2026-10-01 23:24:25.154,NATGASMINI,CE,285.0,NATGASMINI23OCT26285CE,15.2,1500,SELL,10701250,832500
2026-10-01 23:24:25.154,NATGASMINI,PE,285.0,NATGASMINI23OCT26285PE,13.2,750,SELL,19897500,1011750
2026-10-01 23:24:25.154,NATGASMINI,CE,290.0,NATGASMINI23OCT26290CE,13.2,750,BUY_AGGRESSOR,25518500,3049250
2026-10-01 23:24:25.154,NATGASMINI,PE,290.0,NATGASMINI23OCT26290PE,16.0,1000,SELL_AGGRESSOR,18634750,1392250
2026-10-01 23:24:25.154,NATGASMINI,CE,295.0,NATGASMINI23OCT26295CE,11.45,750,BUY_AGGRESSOR,12220500,1627750
2026-10-01 23:24:25.154,NATGASMINI,PE,295.0,NATGASMINI23OCT26295PE,19.25,5250,BUY_AGGRESSOR,5391750,730000
2026-10-01 23:24:25.154,NATGASMINI,CE,300.0,NATGASMINI23OCT26300CE,9.85,750,BUY_AGGRESSOR,13082750,3181250
2026-10-01 23:24:25.154,NATGASMINI,PE,300.0,NATGASMINI23OCT26300PE,22.6,750,BUY_AGGRESSOR,3162250,974000
2026-10-01 23:24:28.986,NATURALGAS,FUT,0.0,NATURALGAS27OCT26FUT,287.1,1250,SELL_AGGRESSOR,127430000,68565000
2026-10-01 23:24:28.986,NATURALGAS,PE,275.0,NATURALGAS23OCT26275PE,8.2,1250,SELL_AGGRESSOR,18623750,3660000
2026-10-01 23:24:28.986,NATURALGAS,PE,280.0,NATURALGAS23OCT26280PE,10.5,15000,SELL_AGGRESSOR,47630000,11448750
2026-10-01 23:24:28.986,NATURALGAS,CE,285.0,NATURALGAS23OCT26285CE,15.05,1250,SELL_AGGRESSOR,35808750,4798750
2026-10-01 23:24:28.986,NATURALGAS,CE,290.0,NATURALGAS23OCT26290CE,13.0,15000,SELL_AGGRESSOR,89946250,16142500
2026-10-01 23:24:28.986,NATGASMINI,FUT,0.0,NATGASMINI27OCT26FUT,287.3,2500,BUY_AGGRESSOR,41104250,16917500
2026-10-01 23:24:28.986,NATGASMINI,PE,265.0,NATGASMINI23OCT26265PE,4.65,1250,SELL_AGGRESSOR,5901250,3207750
2026-10-01 23:24:28.986,NATGASMINI,CE,280.0,NATGASMINI23OCT26280CE,17.75,1000,BUY_AGGRESSOR,3871000,366750
2026-10-01 23:24:28.986,NATGASMINI,PE,285.0,NATGASMINI23OCT26285PE,13.2,1000,BUY_AGGRESSOR,19898500,1008000
2026-10-01 23:24:28.986,NATGASMINI,CE,290.0,NATGASMINI23OCT26290CE,13.2,1000,BUY_AGGRESSOR,25519500,3045250
2026-10-01 23:24:28.986,NATGASMINI,PE,290.0,NATGASMINI23OCT26290PE,16.1,1000,BUY_AGGRESSOR,18635750,1391000
2026-10-01 23:24:28.986,NATGASMINI,CE,295.0,NATGASMINI23OCT26295CE,11.45,1750,BUY_AGGRESSOR,12222250,1627750
2026-10-01 23:24:28.986,NATGASMINI,PE,295.0,NATGASMINI23OCT26295PE,19.25,1000,BUY_AGGRESSOR,5392750,725250
2026-10-01 23:24:28.986,NATGASMINI,CE,300.0,NATGASMINI23OCT26300CE,9.85,2250,BUY_AGGRESSOR,13085000,3180500
2026-10-01 23:24:28.986,NATGASMINI,PE,300.0,NATGASMINI23OCT26300PE,22.6,1000,BUY_AGGRESSOR,3163250,973250
2026-10-01 23:24:32.747,NATURALGAS,FUT,0.0,NATURALGAS27OCT26FUT,287.1,5000,SELL_AGGRESSOR,127435000,68565000
2026-10-01 23:24:32.747,NATURALGAS,PE,255.0,NATURALGAS23OCT26255PE,2.5,1250,SELL_AGGRESSOR,7355000,2135000
2026-10-01 23:24:32.747,NATURALGAS,PE,280.0,NATURALGAS23OCT26280PE,10.5,3750,SELL_AGGRESSOR,47633750,11448750
2026-10-01 23:24:32.747,NATURALGAS,PE,285.0,NATURALGAS23OCT26285PE,13.1,5000,SELL_AGGRESSOR,53615000,5147500
2026-10-01 23:24:32.747,NATURALGAS,PE,290.0,NATURALGAS23OCT26290PE,16.0,7500,SELL_AGGRESSOR,77257500,12341250
2026-10-01 23:24:32.747,NATURALGAS,PE,295.0,NATURALGAS23OCT26295PE,19.15,5000,SELL_AGGRESSOR,15493750,5268750
2026-10-01 23:24:32.747,NATURALGAS,CE,310.0,NATURALGAS23OCT26310CE,7.15,1250,SELL_AGGRESSOR,32167500,11228750
2026-10-01 23:24:32.747,NATGASMINI,PE,255.0,NATGASMINI23OCT26255PE,2.65,10250,BUY_AGGRESSOR,710750,143250
2026-10-01 23:24:32.747,NATGASMINI,CE,280.0,NATGASMINI23OCT26280CE,17.75,750,BUY_AGGRESSOR,3871750,366500
2026-10-01 23:24:32.747,NATGASMINI,PE,285.0,NATGASMINI23OCT26285PE,13.25,750,BUY_AGGRESSOR,19899250,1007000
2026-10-01 23:24:32.747,NATGASMINI,CE,290.0,NATGASMINI23OCT26290CE,13.2,3250,BUY_AGGRESSOR,25522750,3044750
2026-10-01 23:24:32.747,NATGASMINI,PE,290.0,NATGASMINI23OCT26290PE,16.1,750,BUY_AGGRESSOR,18636500,1387500
2026-10-01 23:24:32.747,NATGASMINI,CE,295.0,NATGASMINI23OCT26295CE,11.45,1500,BUY_AGGRESSOR,12223750,1627750
2026-10-01 23:24:32.747,NATGASMINI,PE,295.0,NATGASMINI23OCT26295PE,19.25,1000,BUY_AGGRESSOR,5393750,725250
2026-10-01 23:24:32.747,NATGASMINI,CE,300.0,NATGASMINI23OCT26300CE,9.85,750,BUY_AGGRESSOR,13085750,3180500
2026-10-01 23:24:32.747,NATGASMINI,PE,300.0,NATGASMINI23OCT26300PE,22.6,750,BUY_AGGRESSOR,3164000,972750
2026-10-01 23:24:36.589,NATURALGAS,CE,280.0,NATURALGAS23OCT26280CE,17.5,1250,BUY_AGGRESSOR,26535000,4335000
2026-10-01 23:24:36.589,NATURALGAS,PE,280.0,NATURALGAS23OCT26280PE,10.55,5000,BUY_AGGRESSOR,47638750,11450000
2026-10-01 23:24:36.589,NATURALGAS,CE,290.0,NATURALGAS23OCT26290CE,13.0,1250,SELL_AGGRESSOR,89947500,16127500
2026-10-01 23:24:36.589,NATURALGAS,PE,290.0,NATURALGAS23OCT26290PE,16.0,2500,SELL_AGGRESSOR,77260000,12333750
2026-10-01 23:24:36.589,NATURALGAS,CE,295.0,NATURALGAS23OCT26295CE,11.2,1250,SELL_AGGRESSOR,35498750,6928750
2026-10-01 23:24:36.589,NATGASMINI,PE,255.0,NATGASMINI23OCT26255PE,2.6,250,SELL_AGGRESSOR,711000,143250
2026-10-01 23:24:36.589,NATGASMINI,CE,280.0,NATGASMINI23OCT26280CE,17.7,2750,SELL,3874500,366000
2026-10-01 23:24:36.589,NATGASMINI,PE,280.0,NATGASMINI23OCT26280PE,10.6,1000,BUY_AGGRESSOR,10002750,1199500
2026-10-01 23:24:36.589,NATGASMINI,CE,285.0,NATGASMINI23OCT26285CE,15.25,2250,BUY_AGGRESSOR,10703500,832000
2026-10-01 23:24:36.589,NATGASMINI,PE,285.0,NATGASMINI23OCT26285PE,13.25,5250,BUY_AGGRESSOR,19904500,1005750
2026-10-01 23:24:36.589,NATGASMINI,CE,290.0,NATGASMINI23OCT26290CE,13.2,3750,BUY_AGGRESSOR,25526500,3040750
2026-10-01 23:24:36.589,NATGASMINI,PE,290.0,NATGASMINI23OCT26290PE,16.0,3250,SELL_AGGRESSOR,18639750,1386250
2026-10-01 23:24:36.589,NATGASMINI,CE,295.0,NATGASMINI23OCT26295CE,11.45,1250,BUY_AGGRESSOR,12225000,1627500
2026-10-01 23:24:36.589,NATGASMINI,PE,295.0,NATGASMINI23OCT26295PE,19.25,2750,BUY_AGGRESSOR,5396500,724500
2026-10-01 23:24:36.589,NATGASMINI,CE,300.0,NATGASMINI23OCT26300CE,9.85,1250,BUY_AGGRESSOR,13087000,3181500
2026-10-01 23:24:36.589,NATGASMINI,PE,300.0,NATGASMINI23OCT26300PE,22.65,1250,BUY_AGGRESSOR,3165250,971500
2026-10-01 23:24:36.589,NATGASMINI,CE,305.0,NATGASMINI23OCT26305CE,8.45,250,SELL_AGGRESSOR,6125500,1685250
2026-10-01 23:24:40.376,NATURALGAS,FUT,0.0,NATURALGAS27OCT26FUT,287.2,1250,BUY_AGGRESSOR,127436250,68566250
2026-10-01 23:24:40.376,NATURALGAS,CE,275.0,NATURALGAS23OCT26275CE,20.1,1250,SELL_AGGRESSOR,3857500,382500
2026-10-01 23:24:40.376,NATURALGAS,PE,285.0,NATURALGAS23OCT26285PE,13.1,35000,SELL_AGGRESSOR,53650000,5152500
2026-10-01 23:24:40.376,NATURALGAS,CE,290.0,NATURALGAS23OCT26290CE,13.0,1250,BUY_AGGRESSOR,89948750,16127500
2026-10-01 23:24:40.376,NATURALGAS,PE,290.0,NATURALGAS23OCT26290PE,16.0,1250,SELL_AGGRESSOR,77261250,12333750
2026-10-01 23:24:40.376,NATURALGAS,CE,300.0,NATURALGAS23OCT26300CE,9.7,6250,BUY_AGGRESSOR,55501250,19982500
2026-10-01 23:24:40.376,NATGASMINI,FUT,0.0,NATGASMINI27OCT26FUT,287.2,500,SELL_AGGRESSOR,41104750,16917500
2026-10-01 23:24:40.376,NATGASMINI,PE,255.0,NATGASMINI23OCT26255PE,2.6,1000,SELL_AGGRESSOR,712000,153250
2026-10-01 23:24:40.376,NATGASMINI,CE,280.0,NATGASMINI23OCT26280CE,17.7,1000,BUY_AGGRESSOR,3875500,366000
2026-10-01 23:24:40.376,NATGASMINI,PE,285.0,NATGASMINI23OCT26285PE,13.25,1000,BUY_AGGRESSOR,19905500,1003750
2026-10-01 23:24:40.376,NATGASMINI,CE,290.0,NATGASMINI23OCT26290CE,13.2,1500,BUY_AGGRESSOR,25528000,3038750
2026-10-01 23:24:40.376,NATGASMINI,PE,290.0,NATGASMINI23OCT26290PE,16.1,1000,BUY_AGGRESSOR,18640750,1386500
2026-10-01 23:24:40.376,NATGASMINI,CE,295.0,NATGASMINI23OCT26295CE,11.45,1000,BUY_AGGRESSOR,12226000,1627500
2026-10-01 23:24:40.376,NATGASMINI,PE,295.0,NATGASMINI23OCT26295PE,19.25,1000,BUY_AGGRESSOR,5397500,724000
2026-10-01 23:24:40.376,NATGASMINI,CE,300.0,NATGASMINI23OCT26300CE,9.85,1000,BUY_AGGRESSOR,13088000,3181500
2026-10-01 23:24:40.376,NATGASMINI,PE,300.0,NATGASMINI23OCT26300PE,22.65,1000,BUY_AGGRESSOR,3166250,971000
2026-10-01 23:24:44.218,NATURALGAS,FUT,0.0,NATURALGAS27OCT26FUT,287.1,3750,SELL_AGGRESSOR,127440000,68566250
2026-10-01 23:24:44.218,NATURALGAS,CE,280.0,NATURALGAS23OCT26280CE,17.5,3750,BUY_AGGRESSOR,26538750,4335000
2026-10-01 23:24:44.218,NATURALGAS,PE,285.0,NATURALGAS23OCT26285PE,13.2,60000,BUY_AGGRESSOR,53710000,5132500
2026-10-01 23:24:44.218,NATURALGAS,PE,290.0,NATURALGAS23OCT26290PE,16.05,6250,BUY_AGGRESSOR,77267500,12331250
2026-10-01 23:24:44.218,NATURALGAS,PE,295.0,NATURALGAS23OCT26295PE,19.2,1250,BUY_AGGRESSOR,15495000,5266250
2026-10-01 23:24:44.218,NATURALGAS,CE,305.0,NATURALGAS23OCT26305CE,8.35,3750,BUY_AGGRESSOR,20963750,8332500
2026-10-01 23:24:44.218,NATURALGAS,PE,305.0,NATURALGAS23OCT26305PE,26.5,5000,BUY_AGGRESSOR,2068750,2688750
2026-10-01 23:24:44.218,NATGASMINI,FUT,0.0,NATGASMINI27OCT26FUT,287.1,250,SELL_AGGRESSOR,41105000,16917500
2026-10-01 23:24:44.218,NATGASMINI,CE,280.0,NATGASMINI23OCT26280CE,17.7,750,BUY_AGGRESSOR,3876250,364750
2026-10-01 23:24:44.218,NATGASMINI,PE,280.0,NATGASMINI23OCT26280PE,10.6,250,INSIDE,10003000,1199500
2026-10-01 23:24:44.218,NATGASMINI,PE,285.0,NATGASMINI23OCT26285PE,13.25,750,BUY_AGGRESSOR,19906250,1000000
2026-10-01 23:24:44.218,NATGASMINI,CE,290.0,NATGASMINI23OCT26290CE,13.2,750,BUY_AGGRESSOR,25528750,3036250
2026-10-01 23:24:44.218,NATGASMINI,PE,290.0,NATGASMINI23OCT26290PE,16.1,750,BUY_AGGRESSOR,18641500,1386500
2026-10-01 23:24:44.218,NATGASMINI,CE,295.0,NATGASMINI23OCT26295CE,11.4,1000,SELL,12227000,1627500
2026-10-01 23:24:44.218,NATGASMINI,PE,295.0,NATGASMINI23OCT26295PE,19.3,750,BUY_AGGRESSOR,5398250,723000
2026-10-01 23:24:44.218,NATGASMINI,CE,300.0,NATGASMINI23OCT26300CE,9.8,1250,SELL_AGGRESSOR,13089250,3181500
2026-10-01 23:24:44.218,NATGASMINI,PE,300.0,NATGASMINI23OCT26300PE,22.65,750,BUY_AGGRESSOR,3167000,971000
2026-10-01 23:24:48.046,NATURALGAS,FUT,0.0,NATURALGAS27OCT26FUT,287.2,20000,BUY_AGGRESSOR,127460000,68567500
2026-10-01 23:24:48.046,NATURALGAS,CE,280.0,NATURALGAS23OCT26280CE,17.55,2500,BUY_AGGRESSOR,26541250,4335000
2026-10-01 23:24:48.046,NATURALGAS,PE,280.0,NATURALGAS23OCT26280PE,10.5,3750,SELL_AGGRESSOR,47642500,11451250
2026-10-01 23:24:48.046,NATURALGAS,CE,285.0,NATURALGAS23OCT26285CE,15.1,6250,BUY_AGGRESSOR,35815000,4798750
2026-10-01 23:24:48.046,NATURALGAS,PE,285.0,NATURALGAS23OCT26285PE,13.1,8750,SELL_AGGRESSOR,53718750,5102500
2026-10-01 23:24:48.046,NATURALGAS,CE,290.0,NATURALGAS23OCT26290CE,13.0,17500,BUY_AGGRESSOR,89966250,16126250
2026-10-01 23:24:48.046,NATURALGAS,PE,290.0,NATURALGAS23OCT26290PE,16.05,1250,SELL_AGGRESSOR,77268750,12323750
2026-10-01 23:24:48.046,NATURALGAS,CE,300.0,NATURALGAS23OCT26300CE,9.65,3750,SELL_AGGRESSOR,55505000,19977500
2026-10-01 23:24:48.046,NATURALGAS,CE,305.0,NATURALGAS23OCT26305CE,8.35,1250,BUY_AGGRESSOR,20965000,8332500
2026-10-01 23:24:48.046,NATURALGAS,CE,310.0,NATURALGAS23OCT26310CE,7.2,1250,BUY_AGGRESSOR,32168750,11227500
2026-10-01 23:24:48.046,NATURALGAS,CE,315.0,NATURALGAS23OCT26315CE,6.2,1250,SELL_AGGRESSOR,11610000,3418750
2026-10-01 23:24:48.046,NATGASMINI,FUT,0.0,NATGASMINI27OCT26FUT,287.1,750,SELL_AGGRESSOR,41105750,16917500
2026-10-01 23:24:48.046,NATGASMINI,CE,280.0,NATGASMINI23OCT26280CE,17.7,1000,BUY_AGGRESSOR,3877250,364750
2026-10-01 23:24:48.046,NATGASMINI,CE,285.0,NATGASMINI23OCT26285CE,15.15,1000,SELL_AGGRESSOR,10704500,829250
2026-10-01 23:24:48.046,NATGASMINI,PE,285.0,NATGASMINI23OCT26285PE,13.25,1750,BUY_AGGRESSOR,19908000,999250
2026-10-01 23:24:48.046,NATGASMINI,CE,290.0,NATGASMINI23OCT26290CE,13.15,2500,SELL,25531250,3035500
2026-10-01 23:24:48.046,NATGASMINI,PE,290.0,NATGASMINI23OCT26290PE,16.1,1000,BUY_AGGRESSOR,18642500,1386500
2026-10-01 23:24:48.046,NATGASMINI,CE,295.0,NATGASMINI23OCT26295CE,11.45,1000,BUY_AGGRESSOR,12228000,1627250
2026-10-01 23:24:48.046,NATGASMINI,PE,295.0,NATGASMINI23OCT26295PE,19.3,1000,BUY_AGGRESSOR,5399250,722500
2026-10-01 23:24:48.046,NATGASMINI,CE,300.0,NATGASMINI23OCT26300CE,9.85,1250,BUY_AGGRESSOR,13090500,3181500
2026-10-01 23:24:48.046,NATGASMINI,PE,300.0,NATGASMINI23OCT26300PE,22.65,1500,BUY_AGGRESSOR,3168500,970750
2026-10-01 23:24:51.951,NATURALGAS,FUT,0.0,NATURALGAS27OCT26FUT,287.1,3750,SELL_AGGRESSOR,127463750,68560000
2026-10-01 23:24:51.951,NATURALGAS,CE,280.0,NATURALGAS23OCT26280CE,17.55,1250,BUY_AGGRESSOR,26542500,4332500
2026-10-01 23:24:51.951,NATURALGAS,PE,280.0,NATURALGAS23OCT26280PE,10.5,1250,SELL_AGGRESSOR,47643750,11448750
2026-10-01 23:24:51.951,NATURALGAS,CE,290.0,NATURALGAS23OCT26290CE,13.05,1250,BUY_AGGRESSOR,89967500,16126250
2026-10-01 23:24:51.951,NATURALGAS,PE,290.0,NATURALGAS23OCT26290PE,16.0,1250,SELL_AGGRESSOR,77270000,12323750
2026-10-01 23:24:51.951,NATURALGAS,CE,305.0,NATURALGAS23OCT26305CE,8.35,1250,SELL_AGGRESSOR,20966250,8332500
2026-10-01 23:24:51.951,NATURALGAS,CE,315.0,NATURALGAS23OCT26315CE,6.2,1250,SELL_AGGRESSOR,11611250,3418750
2026-10-01 23:24:51.951,NATGASMINI,FUT,0.0,NATGASMINI27OCT26FUT,287.2,19000,BUY_AGGRESSOR,41124750,16917750
2026-10-01 23:24:51.951,NATGASMINI,CE,280.0,NATGASMINI23OCT26280CE,17.75,3000,BUY_AGGRESSOR,3880250,364500
2026-10-01 23:24:51.951,NATGASMINI,PE,280.0,NATGASMINI23OCT26280PE,10.6,750,SELL_AGGRESSOR,10003750,1199500
2026-10-01 23:24:51.951,NATGASMINI,PE,285.0,NATGASMINI23OCT26285PE,13.2,1000,SELL,19909000,998500
2026-10-01 23:24:51.951,NATGASMINI,CE,290.0,NATGASMINI23OCT26290CE,13.2,1250,BUY_AGGRESSOR,25532500,3035000
2026-10-01 23:24:51.951,NATGASMINI,PE,290.0,NATGASMINI23OCT26290PE,16.1,750,BUY_AGGRESSOR,18643250,1386500
2026-10-01 23:24:51.951,NATGASMINI,CE,295.0,NATGASMINI23OCT26295CE,11.45,750,BUY_AGGRESSOR,12228750,1625500
2026-10-01 23:24:51.951,NATGASMINI,PE,295.0,NATGASMINI23OCT26295PE,19.25,3250,SELL,5402500,722250
2026-10-01 23:24:51.951,NATGASMINI,CE,300.0,NATGASMINI23OCT26300CE,9.85,1000,BUY_AGGRESSOR,13091500,3181250
2026-10-01 23:24:51.951,NATGASMINI,PE,300.0,NATGASMINI23OCT26300PE,22.6,750,SELL,3169250,969500
2026-10-01 23:24:51.951,NATGASMINI,CE,310.0,NATGASMINI23OCT26310CE,7.3,1250,BUY,5186000,1837500
2026-10-01 23:24:55.773,NATURALGAS,FUT,0.0,NATURALGAS27OCT26FUT,287.2,58750,BUY_AGGRESSOR,127522500,68557500
2026-10-01 23:24:55.773,NATURALGAS,PE,255.0,NATURALGAS23OCT26255PE,2.5,11250,SELL_AGGRESSOR,7366250,2136250
2026-10-01 23:24:55.773,NATURALGAS,PE,260.0,NATURALGAS23OCT26260PE,3.5,3750,SELL_AGGRESSOR,28026250,10605000
2026-10-01 23:24:55.773,NATURALGAS,CE,270.0,NATURALGAS23OCT26270CE,23.4,2500,BUY_AGGRESSOR,3126250,1018750
2026-10-01 23:24:55.773,NATURALGAS,PE,270.0,NATURALGAS23OCT26270PE,6.25,33750,SELL_AGGRESSOR,33241250,11231250
2026-10-01 23:24:55.773,NATURALGAS,PE,275.0,NATURALGAS23OCT26275PE,8.15,51250,SELL_AGGRESSOR,18675000,3660000
2026-10-01 23:24:55.773,NATURALGAS,CE,280.0,NATURALGAS23OCT26280CE,17.5,16250,BUY_AGGRESSOR,26558750,4332500
2026-10-01 23:24:55.773,NATURALGAS,PE,280.0,NATURALGAS23OCT26280PE,10.5,11250,SELL_AGGRESSOR,47655000,11447500
2026-10-01 23:24:55.773,NATURALGAS,CE,285.0,NATURALGAS23OCT26285CE,15.15,2500,BUY_AGGRESSOR,35817500,4793750
2026-10-01 23:24:55.773,NATURALGAS,PE,285.0,NATURALGAS23OCT26285PE,13.0,13750,SELL_AGGRESSOR,53732500,5096250
2026-10-01 23:24:55.773,NATURALGAS,CE,290.0,NATURALGAS23OCT26290CE,13.05,58750,BUY_AGGRESSOR,90026250,16112500
2026-10-01 23:24:55.773,NATURALGAS,PE,290.0,NATURALGAS23OCT26290PE,15.95,58750,SELL_AGGRESSOR,77328750,12322500
2026-10-01 23:24:55.773,NATURALGAS,PE,295.0,NATURALGAS23OCT26295PE,19.15,5000,SELL_AGGRESSOR,15500000,5265000
2026-10-01 23:24:55.773,NATURALGAS,CE,300.0,NATURALGAS23OCT26300CE,9.7,73750,BUY_AGGRESSOR,55578750,19977500
2026-10-01 23:24:55.773,NATURALGAS,PE,300.0,NATURALGAS23OCT26300PE,22.6,1250,SELL_AGGRESSOR,14120000,13801250
2026-10-01 23:24:55.773,NATURALGAS,CE,310.0,NATURALGAS23OCT26310CE,7.25,1250,BUY_AGGRESSOR,32170000,11228750
2026-10-01 23:24:55.773,NATURALGAS,CE,315.0,NATURALGAS23OCT26315CE,6.25,26250,BUY_AGGRESSOR,11637500,3418750
2026-10-01 23:24:55.773,NATGASMINI,FUT,0.0,NATGASMINI27OCT26FUT,287.3,3000,BUY_AGGRESSOR,41127750,16922250
2026-10-01 23:24:55.773,NATGASMINI,PE,265.0,NATGASMINI23OCT26265PE,4.7,5750,SELL_AGGRESSOR,5907000,3208250
2026-10-01 23:24:55.773,NATGASMINI,CE,280.0,NATGASMINI23OCT26280CE,17.8,1000,BUY_AGGRESSOR,3881250,364500
2026-10-01 23:24:55.773,NATGASMINI,CE,285.0,NATGASMINI23OCT26285CE,15.3,7500,BUY_AGGRESSOR,10712000,826000
2026-10-01 23:24:55.773,NATGASMINI,PE,285.0,NATGASMINI23OCT26285PE,13.15,6000,SELL_AGGRESSOR,19915000,997750
2026-10-01 23:24:55.773,NATGASMINI,CE,290.0,NATGASMINI23OCT26290CE,13.25,3750,BUY_AGGRESSOR,25536250,3032750
2026-10-01 23:24:55.773,NATGASMINI,PE,290.0,NATGASMINI23OCT26290PE,16.0,3000,SELL_AGGRESSOR,18646250,1386500
2026-10-01 23:24:55.773,NATGASMINI,CE,295.0,NATGASMINI23OCT26295CE,11.5,1000,BUY_AGGRESSOR,12229750,1624000
2026-10-01 23:24:55.773,NATGASMINI,PE,295.0,NATGASMINI23OCT26295PE,19.15,3250,SELL_AGGRESSOR,5405750,719500
2026-10-01 23:24:55.773,NATGASMINI,CE,300.0,NATGASMINI23OCT26300CE,9.9,1000,BUY_AGGRESSOR,13092500,3181000
2026-10-01 23:24:55.773,NATGASMINI,PE,300.0,NATGASMINI23OCT26300PE,22.5,1250,SELL,3170500,969250
2026-10-01 23:24:55.773,NATGASMINI,CE,310.0,NATGASMINI23OCT26310CE,7.35,3250,BUY_AGGRESSOR,5189250,1837500
2026-10-01 23:24:59.605,NATURALGAS,FUT,0.0,NATURALGAS27OCT26FUT,287.4,131250,BUY_AGGRESSOR,127653750,68557500
2026-10-01 23:24:59.605,NATURALGAS,PE,255.0,NATURALGAS23OCT26255PE,2.5,10000,SELL_AGGRESSOR,7376250,2136250
2026-10-01 23:24:59.605,NATURALGAS,CE,260.0,NATURALGAS23OCT26260CE,30.5,1250,BUY_AGGRESSOR,308750,215000
2026-10-01 23:24:59.605,NATURALGAS,PE,260.0,NATURALGAS23OCT26260PE,3.5,48750,SELL_AGGRESSOR,28075000,10605000
2026-10-01 23:24:59.605,NATURALGAS,PE,275.0,NATURALGAS23OCT26275PE,8.1,3750,SELL_AGGRESSOR,18678750,3660000
2026-10-01 23:24:59.605,NATURALGAS,CE,280.0,NATURALGAS23OCT26280CE,17.6,7500,BUY_AGGRESSOR,26566250,4332500
2026-10-01 23:24:59.605,NATURALGAS,PE,280.0,NATURALGAS23OCT26280PE,10.45,90000,SELL_AGGRESSOR,47745000,11447500
2026-10-01 23:24:59.605,NATURALGAS,CE,285.0,NATURALGAS23OCT26285CE,15.25,12500,BUY_AGGRESSOR,35830000,4792500
2026-10-01 23:24:59.605,NATURALGAS,PE,285.0,NATURALGAS23OCT26285PE,13.05,2500,BUY,53735000,5096250
2026-10-01 23:24:59.605,NATURALGAS,CE,290.0,NATURALGAS23OCT26290CE,13.1,133750,BUY_AGGRESSOR,90160000,16112500
2026-10-01 23:24:59.605,NATURALGAS,PE,290.0,NATURALGAS23OCT26290PE,15.9,25000,SELL_AGGRESSOR,77353750,12322500
2026-10-01 23:24:59.605,NATURALGAS,CE,295.0,NATURALGAS23OCT26295CE,11.35,5000,BUY_AGGRESSOR,35503750,6927500
2026-10-01 23:24:59.605,NATURALGAS,PE,295.0,NATURALGAS23OCT26295PE,19.05,1250,SELL_AGGRESSOR,15501250,5265000
2026-10-01 23:24:59.605,NATURALGAS,CE,300.0,NATURALGAS23OCT26300CE,9.7,8750,SELL_AGGRESSOR,55587500,19977500
2026-10-01 23:24:59.605,NATURALGAS,CE,310.0,NATURALGAS23OCT26310CE,7.3,1250,BUY_AGGRESSOR,32171250,11228750
2026-10-01 23:24:59.605,NATGASMINI,FUT,0.0,NATGASMINI27OCT26FUT,287.4,73000,BUY_AGGRESSOR,41200750,16936000
2026-10-01 23:24:59.605,NATGASMINI,PE,260.0,NATGASMINI23OCT26260PE,3.5,250,SELL_AGGRESSOR,2441500,843000
2026-10-01 23:24:59.605,NATGASMINI,PE,265.0,NATGASMINI23OCT26265PE,4.7,750,BUY_AGGRESSOR,5907750,3208250
2026-10-01 23:24:59.605,NATGASMINI,PE,275.0,NATGASMINI23OCT26275PE,8.25,3250,SELL,5022000,676000
2026-10-01 23:24:59.605,NATGASMINI,CE,280.0,NATGASMINI23OCT26280CE,17.85,6750,BUY_AGGRESSOR,3888000,364250
2026-10-01 23:24:59.605,NATGASMINI,PE,280.0,NATGASMINI23OCT26280PE,10.55,13750,BUY_AGGRESSOR,10017500,1200250
2026-10-01 23:24:59.605,NATGASMINI,CE,285.0,NATGASMINI23OCT26285CE,15.45,7750,BUY_AGGRESSOR,10719750,826000
2026-10-01 23:24:59.605,NATGASMINI,PE,285.0,NATGASMINI23OCT26285PE,13.1,15000,SELL_AGGRESSOR,19930000,997000
2026-10-01 23:24:59.605,NATGASMINI,CE,290.0,NATGASMINI23OCT26290CE,13.35,31250,BUY_AGGRESSOR,25567500,3031750
2026-10-01 23:24:59.605,NATGASMINI,PE,290.0,NATGASMINI23OCT26290PE,15.9,39750,SELL_AGGRESSOR,18686000,1385500
2026-10-01 23:24:59.605,NATGASMINI,CE,295.0,NATGASMINI23OCT26295CE,11.55,23250,BUY_AGGRESSOR,12253000,1624000
2026-10-01 23:24:59.605,NATGASMINI,PE,295.0,NATGASMINI23OCT26295PE,19.1,6000,SELL,5411750,719000
2026-10-01 23:24:59.605,NATGASMINI,CE,300.0,NATGASMINI23OCT26300CE,9.95,9750,BUY_AGGRESSOR,13102250,3179750
2026-10-01 23:24:59.605,NATGASMINI,PE,300.0,NATGASMINI23OCT26300PE,22.45,1500,SELL,3172000,969250
2026-10-01 23:24:59.605,NATGASMINI,CE,305.0,NATGASMINI23OCT26305CE,8.55,8250,BUY_AGGRESSOR,6133750,1685000
2026-10-01 23:24:59.605,NATGASMINI,CE,310.0,NATGASMINI23OCT26310CE,7.35,12500,INSIDE,5201750,1835000
2026-10-01 23:25:03.448,NATURALGAS,FUT,0.0,NATURALGAS27OCT26FUT,287.3,8750,SELL_AGGRESSOR,127662500,68555000
2026-10-01 23:25:03.448,NATURALGAS,PE,255.0,NATURALGAS23OCT26255PE,2.5,1250,SELL_AGGRESSOR,7377500,2136250
2026-10-01 23:25:03.448,NATURALGAS,PE,260.0,NATURALGAS23OCT26260PE,3.5,1250,SELL_AGGRESSOR,28076250,10605000
2026-10-01 23:25:03.448,NATURALGAS,CE,265.0,NATURALGAS23OCT26265CE,26.65,1250,SELL_AGGRESSOR,6250,5000
2026-10-01 23:25:03.448,NATURALGAS,PE,270.0,NATURALGAS23OCT26270PE,6.25,3750,BUY_AGGRESSOR,33245000,11201250
2026-10-01 23:25:03.448,NATURALGAS,PE,275.0,NATURALGAS23OCT26275PE,8.1,7500,SELL_AGGRESSOR,18686250,3660000
2026-10-01 23:25:03.448,NATURALGAS,CE,280.0,NATURALGAS23OCT26280CE,17.65,1250,BUY_AGGRESSOR,26567500,4332500
2026-10-01 23:25:03.448,NATURALGAS,PE,280.0,NATURALGAS23OCT26280PE,10.45,3750,BUY_AGGRESSOR,47748750,11447500
2026-10-01 23:25:03.448,NATURALGAS,CE,285.0,NATURALGAS23OCT26285CE,15.25,1250,BUY_AGGRESSOR,35831250,4792500
2026-10-01 23:25:03.448,NATURALGAS,CE,290.0,NATURALGAS23OCT26290CE,13.15,6250,BUY_AGGRESSOR,90166250,16065000
2026-10-01 23:25:03.448,NATURALGAS,PE,290.0,NATURALGAS23OCT26290PE,15.9,1250,BUY_AGGRESSOR,77355000,12323750
2026-10-01 23:25:03.448,NATURALGAS,CE,295.0,NATURALGAS23OCT26295CE,11.35,2500,BUY_AGGRESSOR,35506250,6927500
2026-10-01 23:25:03.448,NATURALGAS,CE,310.0,NATURALGAS23OCT26310CE,7.25,2500,SELL_AGGRESSOR,32173750,11228750
2026-10-01 23:25:03.448,NATGASMINI,PE,270.0,NATGASMINI23OCT26270PE,6.3,3750,SELL_AGGRESSOR,4214750,986250
2026-10-01 23:25:03.448,NATGASMINI,PE,275.0,NATGASMINI23OCT26275PE,8.3,1500,BUY_AGGRESSOR,5023500,676000
2026-10-01 23:25:03.448,NATGASMINI,CE,280.0,NATGASMINI23OCT26280CE,17.9,1000,BUY_AGGRESSOR,3889000,364000
2026-10-01 23:25:03.448,NATGASMINI,PE,280.0,NATGASMINI23OCT26280PE,10.55,7250,BUY_AGGRESSOR,10024750,1200250
2026-10-01 23:25:03.448,NATGASMINI,CE,285.0,NATGASMINI23OCT26285CE,15.35,4750,SELL,10724500,826000
2026-10-01 23:25:03.448,NATGASMINI,PE,285.0,NATGASMINI23OCT26285PE,13.1,11000,BUY_AGGRESSOR,19941000,995750
2026-10-01 23:25:03.448,NATGASMINI,CE,290.0,NATGASMINI23OCT26290CE,13.35,4000,BUY_AGGRESSOR,25571500,3031250
2026-10-01 23:25:03.448,NATGASMINI,PE,290.0,NATGASMINI23OCT26290PE,15.95,1500,BUY,18687500,1385000
2026-10-01 23:25:03.448,NATGASMINI,CE,295.0,NATGASMINI23OCT26295CE,11.6,5750,BUY_AGGRESSOR,12258750,1624000
2026-10-01 23:25:03.448,NATGASMINI,PE,295.0,NATGASMINI23OCT26295PE,19.1,1000,BUY_AGGRESSOR,5412750,717000
2026-10-01 23:25:03.448,NATGASMINI,CE,300.0,NATGASMINI23OCT26300CE,9.95,4250,BUY_AGGRESSOR,13106500,3179500
2026-10-01 23:25:03.448,NATGASMINI,PE,300.0,NATGASMINI23OCT26300PE,22.45,1000,BUY_AGGRESSOR,3173000,968750
2026-10-01 23:25:03.448,NATGASMINI,CE,315.0,NATGASMINI23OCT26315CE,6.4,1500,BUY_AGGRESSOR,2763750,1215250
2026-10-01 23:25:07.258,NATURALGAS,FUT,0.0,NATURALGAS27OCT26FUT,287.3,5000,SELL_AGGRESSOR,127667500,68500000
2026-10-01 23:25:07.258,NATURALGAS,PE,255.0,NATURALGAS23OCT26255PE,2.5,1250,SELL_AGGRESSOR,7378750,2136250
2026-10-01 23:25:07.258,NATURALGAS,PE,265.0,NATURALGAS23OCT26265PE,4.65,12500,SELL_AGGRESSOR,12960000,4343750
2026-10-01 23:25:07.258,NATURALGAS,CE,270.0,NATURALGAS23OCT26270CE,23.45,1250,BUY_AGGRESSOR,3127500,1021250
2026-10-01 23:25:07.258,NATURALGAS,CE,280.0,NATURALGAS23OCT26280CE,17.65,2500,BUY_AGGRESSOR,26570000,4332500
2026-10-01 23:25:07.258,NATURALGAS,CE,290.0,NATURALGAS23OCT26290CE,13.1,17500,SELL_AGGRESSOR,90183750,16052500
2026-10-01 23:25:07.258,NATURALGAS,CE,295.0,NATURALGAS23OCT26295CE,11.4,2500,BUY_AGGRESSOR,35508750,6927500
2026-10-01 23:25:07.258,NATGASMINI,FUT,0.0,NATGASMINI27OCT26FUT,287.4,1000,BUY_AGGRESSOR,41201750,16936250
2026-10-01 23:25:07.258,NATGASMINI,CE,275.0,NATGASMINI23OCT26275CE,20.55,250,SELL_AGGRESSOR,1336750,67750
2026-10-01 23:25:07.258,NATGASMINI,CE,280.0,NATGASMINI23OCT26280CE,17.9,750,BUY_AGGRESSOR,3889750,363500
2026-10-01 23:25:07.258,NATGASMINI,PE,280.0,NATGASMINI23OCT26280PE,10.45,250,SELL_AGGRESSOR,10025000,1200500
2026-10-01 23:25:07.258,NATGASMINI,CE,285.0,NATGASMINI23OCT26285CE,15.35,1250,SELL_AGGRESSOR,10725750,826000
2026-10-01 23:25:07.258,NATGASMINI,PE,285.0,NATGASMINI23OCT26285PE,13.0,2000,SELL_AGGRESSOR,19943000,995000
2026-10-01 23:25:07.258,NATGASMINI,CE,290.0,NATGASMINI23OCT26290CE,13.35,1000,BUY_AGGRESSOR,25572500,3030750
2026-10-01 23:25:07.258,NATGASMINI,PE,290.0,NATGASMINI23OCT26290PE,15.95,750,BUY_AGGRESSOR,18688250,1384000
2026-10-01 23:25:07.258,NATGASMINI,CE,295.0,NATGASMINI23OCT26295CE,11.6,2500,BUY_AGGRESSOR,12261250,1624000
2026-10-01 23:25:07.258,NATGASMINI,PE,295.0,NATGASMINI23OCT26295PE,19.05,750,SELL,5413500,716500
2026-10-01 23:25:07.258,NATGASMINI,CE,300.0,NATGASMINI23OCT26300CE,9.95,750,BUY_AGGRESSOR,13107250,3179000
2026-10-01 23:25:07.258,NATGASMINI,PE,300.0,NATGASMINI23OCT26300PE,22.45,750,BUY_AGGRESSOR,3173750,969000
2026-10-01 23:25:07.258,NATGASMINI,CE,315.0,NATGASMINI23OCT26315CE,6.35,250,SELL_AGGRESSOR,2764000,1215250
2026-10-01 23:25:11.100,NATURALGAS,FUT,0.0,NATURALGAS27OCT26FUT,287.4,42500,BUY_AGGRESSOR,127710000,68500000
2026-10-01 23:25:11.100,NATURALGAS,PE,260.0,NATURALGAS23OCT26260PE,3.5,22500,SELL_AGGRESSOR,28098750,10561250
2026-10-01 23:25:11.100,NATURALGAS,CE,270.0,NATURALGAS23OCT26270CE,23.45,1250,BUY_AGGRESSOR,3128750,1021250
2026-10-01 23:25:11.100,NATURALGAS,PE,270.0,NATURALGAS23OCT26270PE,6.2,35000,SELL_AGGRESSOR,33280000,11205000
2026-10-01 23:25:11.100,NATURALGAS,CE,280.0,NATURALGAS23OCT26280CE,17.7,30000,BUY_AGGRESSOR,26600000,4332500
2026-10-01 23:25:11.100,NATURALGAS,PE,280.0,NATURALGAS23OCT26280PE,10.4,25000,SELL_AGGRESSOR,47773750,11447500
2026-10-01 23:25:11.100,NATURALGAS,CE,285.0,NATURALGAS23OCT26285CE,15.3,17500,BUY_AGGRESSOR,35848750,4790000
2026-10-01 23:25:11.100,NATURALGAS,PE,285.0,NATURALGAS23OCT26285PE,13.0,22500,SELL_AGGRESSOR,53757500,5103750
2026-10-01 23:25:11.100,NATURALGAS,CE,290.0,NATURALGAS23OCT26290CE,13.15,12500,BUY_AGGRESSOR,90196250,16052500
2026-10-01 23:25:11.100,NATURALGAS,PE,290.0,NATURALGAS23OCT26290PE,15.9,12500,BUY_AGGRESSOR,77367500,12327500
2026-10-01 23:25:11.100,NATURALGAS,PE,295.0,NATURALGAS23OCT26295PE,19.0,28750,SELL_AGGRESSOR,15530000,5265000
2026-10-01 23:25:11.100,NATURALGAS,CE,300.0,NATURALGAS23OCT26300CE,9.75,53750,BUY_AGGRESSOR,55641250,19965000
2026-10-01 23:25:11.100,NATURALGAS,PE,300.0,NATURALGAS23OCT26300PE,22.5,6250,SELL_AGGRESSOR,14126250,13801250
2026-10-01 23:25:11.100,NATURALGAS,CE,305.0,NATURALGAS23OCT26305CE,8.4,11250,BUY_AGGRESSOR,20977500,8332500
2026-10-01 23:25:11.100,NATURALGAS,PE,305.0,NATURALGAS23OCT26305PE,26.0,5000,SELL_AGGRESSOR,2073750,2691250
2026-10-01 23:25:11.100,NATURALGAS,CE,310.0,NATURALGAS23OCT26310CE,7.3,3750,BUY_AGGRESSOR,32177500,11223750
2026-10-01 23:25:11.100,NATGASMINI,FUT,0.0,NATGASMINI27OCT26FUT,287.4,31500,BUY_AGGRESSOR,41233250,16935750
2026-10-01 23:25:11.100,NATGASMINI,CE,270.0,NATGASMINI23OCT26270CE,23.65,250,BUY_AGGRESSOR,725500,155250
2026-10-01 23:25:11.100,NATGASMINI,PE,270.0,NATGASMINI23OCT26270PE,6.3,24250,SELL_AGGRESSOR,4239000,986250
2026-10-01 23:25:11.100,NATGASMINI,CE,280.0,NATGASMINI23OCT26280CE,17.8,13500,SELL_AGGRESSOR,3903250,363500
2026-10-01 23:25:11.100,NATGASMINI,PE,280.0,NATGASMINI23OCT26280PE,10.45,1000,SELL_AGGRESSOR,10026000,1200500
2026-10-01 23:25:11.100,NATGASMINI,CE,285.0,NATGASMINI23OCT26285CE,15.4,6250,BUY,10732000,826000
2026-10-01 23:25:11.100,NATGASMINI,PE,285.0,NATGASMINI23OCT26285PE,13.05,6500,BUY,19949500,995000
2026-10-01 23:25:11.100,NATGASMINI,CE,290.0,NATGASMINI23OCT26290CE,13.35,8750,BUY_AGGRESSOR,25581250,3030750
2026-10-01 23:25:11.100,NATGASMINI,PE,290.0,NATGASMINI23OCT26290PE,15.9,7750,SELL,18696000,1384000
2026-10-01 23:25:11.100,NATGASMINI,CE,295.0,NATGASMINI23OCT26295CE,11.6,5250,BUY_AGGRESSOR,12266500,1624000
2026-10-01 23:25:11.100,NATGASMINI,PE,295.0,NATGASMINI23OCT26295PE,19.05,7000,BUY_AGGRESSOR,5420500,713750
2026-10-01 23:25:11.100,NATGASMINI,CE,300.0,NATGASMINI23OCT26300CE,9.95,1000,BUY_AGGRESSOR,13108250,3179000
2026-10-01 23:25:11.100,NATGASMINI,PE,300.0,NATGASMINI23OCT26300PE,22.4,2000,SELL,3175750,968750
2026-10-01 23:25:11.100,NATGASMINI,CE,310.0,NATGASMINI23OCT26310CE,7.4,250,BUY_AGGRESSOR,5202000,1824750
2026-10-01 23:25:11.100,NATGASMINI,PE,310.0,NATGASMINI23OCT26310PE,29.8,750,SELL_AGGRESSOR,453000,667500
2026-10-01 23:25:14.934,NATURALGAS,FUT,0.0,NATURALGAS27OCT26FUT,287.4,11250,SELL_AGGRESSOR,127721250,68500000
2026-10-01 23:25:14.934,NATURALGAS,PE,260.0,NATURALGAS23OCT26260PE,3.5,1250,BUY_AGGRESSOR,28100000,10561250
2026-10-01 23:25:14.934,NATURALGAS,PE,265.0,NATURALGAS23OCT26265PE,4.65,1250,SELL_AGGRESSOR,12961250,4343750
2026-10-01 23:25:14.934,NATURALGAS,CE,270.0,NATURALGAS23OCT26270CE,23.3,8750,SELL_AGGRESSOR,3137500,1022500
2026-10-01 23:25:14.934,NATURALGAS,PE,270.0,NATURALGAS23OCT26270PE,6.15,1250,SELL_AGGRESSOR,33281250,11205000
2026-10-01 23:25:14.934,NATURALGAS,CE,280.0,NATURALGAS23OCT26280CE,17.65,1250,SELL_AGGRESSOR,26601250,4332500
2026-10-01 23:25:14.934,NATURALGAS,CE,290.0,NATURALGAS23OCT26290CE,13.15,5000,SELL_AGGRESSOR,90201250,15985000
2026-10-01 23:25:14.934,NATURALGAS,CE,295.0,NATURALGAS23OCT26295CE,11.3,3750,SELL_AGGRESSOR,35512500,6928750
2026-10-01 23:25:14.934,NATURALGAS,CE,315.0,NATURALGAS23OCT26315CE,6.25,23750,SELL_AGGRESSOR,11661250,3423750
2026-10-01 23:25:14.934,NATGASMINI,CE,260.0,NATGASMINI23OCT26260CE,30.35,250,SELL_AGGRESSOR,29000,26250
2026-10-01 23:25:14.934,NATGASMINI,PE,260.0,NATGASMINI23OCT26260PE,3.5,2500,SELL_AGGRESSOR,2444000,842750
2026-10-01 23:25:14.934,NATGASMINI,CE,270.0,NATGASMINI23OCT26270CE,23.65,1000,BUY_AGGRESSOR,726500,155250
2026-10-01 23:25:14.934,NATGASMINI,PE,275.0,NATGASMINI23OCT26275PE,8.15,250,SELL_AGGRESSOR,5023750,676000
2026-10-01 23:25:14.934,NATGASMINI,CE,285.0,NATGASMINI23OCT26285CE,15.4,250,SELL_AGGRESSOR,10732250,825500
2026-10-01 23:25:14.934,NATGASMINI,PE,285.0,NATGASMINI23OCT26285PE,13.1,2000,BUY_AGGRESSOR,19951500,989000
2026-10-01 23:25:14.934,NATGASMINI,CE,290.0,NATGASMINI23OCT26290CE,13.25,2000,SELL_AGGRESSOR,25583250,3030750
2026-10-01 23:25:14.934,NATGASMINI,PE,290.0,NATGASMINI23OCT26290PE,15.95,1250,BUY_AGGRESSOR,18697250,1384000
2026-10-01 23:25:14.934,NATGASMINI,CE,295.0,NATGASMINI23OCT26295CE,11.6,1250,BUY_AGGRESSOR,12267750,1623750
2026-10-01 23:25:14.934,NATGASMINI,PE,295.0,NATGASMINI23OCT26295PE,19.05,1250,BUY_AGGRESSOR,5421750,710000
2026-10-01 23:25:14.934,NATGASMINI,CE,300.0,NATGASMINI23OCT26300CE,9.95,2750,BUY_AGGRESSOR,13111000,3175250
2026-10-01 23:25:14.934,NATGASMINI,PE,300.0,NATGASMINI23OCT26300PE,22.4,1250,BUY_AGGRESSOR,3177000,968500
2026-10-01 23:25:14.934,NATGASMINI,CE,305.0,NATGASMINI23OCT26305CE,8.55,500,INSIDE,6134250,1685000
2026-10-01 23:25:14.934,NATGASMINI,PE,310.0,NATGASMINI23OCT26310PE,29.7,250,SELL_AGGRESSOR,453250,667500
2026-10-01 23:25:14.934,NATGASMINI,CE,315.0,NATGASMINI23OCT26315CE,6.35,250,SELL_AGGRESSOR,2764250,1215250
2026-10-01 23:25:18.768,NATURALGAS,FUT,0.0,NATURALGAS27OCT26FUT,287.4,5000,SELL_AGGRESSOR,127726250,68500000
2026-10-01 23:25:18.768,NATURALGAS,PE,260.0,NATURALGAS23OCT26260PE,3.45,2500,SELL_AGGRESSOR,28102500,10561250
2026-10-01 23:25:18.768,NATURALGAS,PE,270.0,NATURALGAS23OCT26270PE,6.2,6250,BUY_AGGRESSOR,33287500,11205000
2026-10-01 23:25:18.768,NATURALGAS,PE,285.0,NATURALGAS23OCT26285PE,13.1,46250,BUY_AGGRESSOR,53803750,5101250
2026-10-01 23:25:18.768,NATURALGAS,CE,290.0,NATURALGAS23OCT26290CE,13.15,6250,INSIDE,90207500,15982500
2026-10-01 23:25:18.768,NATURALGAS,CE,295.0,NATURALGAS23OCT26295CE,11.4,5000,BUY_AGGRESSOR,35517500,6926250
2026-10-01 23:25:18.768,NATURALGAS,CE,315.0,NATURALGAS23OCT26315CE,6.25,1250,SELL_AGGRESSOR,11662500,3423750
2026-10-01 23:25:18.768,NATGASMINI,FUT,0.0,NATGASMINI27OCT26FUT,287.4,22750,SELL_AGGRESSOR,41256000,16928750
2026-10-01 23:25:18.768,NATGASMINI,PE,285.0,NATGASMINI23OCT26285PE,13.1,1000,BUY_AGGRESSOR,19952500,983750
2026-10-01 23:25:18.768,NATGASMINI,CE,290.0,NATGASMINI23OCT26290CE,13.35,4750,BUY_AGGRESSOR,25588000,3030750
2026-10-01 23:25:18.768,NATGASMINI,PE,290.0,NATGASMINI23OCT26290PE,15.95,750,BUY_AGGRESSOR,18698000,1384000
2026-10-01 23:25:18.768,NATGASMINI,CE,295.0,NATGASMINI23OCT26295CE,11.6,6000,BUY_AGGRESSOR,12273750,1623750
2026-10-01 23:25:18.768,NATGASMINI,PE,295.0,NATGASMINI23OCT26295PE,19.1,2750,BUY_AGGRESSOR,5424500,708500
2026-10-01 23:25:18.768,NATGASMINI,CE,300.0,NATGASMINI23OCT26300CE,9.95,750,BUY_AGGRESSOR,13111750,3174000
2026-10-01 23:25:18.768,NATGASMINI,PE,300.0,NATGASMINI23OCT26300PE,22.4,750,BUY_AGGRESSOR,3177750,968250
2026-10-01 23:25:22.596,NATURALGAS,FUT,0.0,NATURALGAS27OCT26FUT,287.5,3750,BUY_AGGRESSOR,127730000,68445000
2026-10-01 23:25:22.596,NATURALGAS,PE,270.0,NATURALGAS23OCT26270PE,6.2,7500,INSIDE,33295000,11205000
2026-10-01 23:25:22.596,NATURALGAS,PE,275.0,NATURALGAS23OCT26275PE,8.05,21250,SELL_AGGRESSOR,18707500,3691250
2026-10-01 23:25:22.596,NATURALGAS,PE,280.0,NATURALGAS23OCT26280PE,10.4,1250,SELL_AGGRESSOR,47775000,11395000
2026-10-01 23:25:22.596,NATURALGAS,PE,285.0,NATURALGAS23OCT26285PE,12.95,12500,SELL_AGGRESSOR,53816250,5093750
2026-10-01 23:25:22.596,NATURALGAS,CE,290.0,NATURALGAS23OCT26290CE,13.15,2500,SELL_AGGRESSOR,90210000,15982500
2026-10-01 23:25:22.596,NATURALGAS,PE,290.0,NATURALGAS23OCT26290PE,15.75,60000,SELL_AGGRESSOR,77427500,12313750
2026-10-01 23:25:22.596,NATURALGAS,CE,295.0,NATURALGAS23OCT26295CE,11.35,6250,SELL,35523750,6925000
2026-10-01 23:25:22.596,NATURALGAS,CE,300.0,NATURALGAS23OCT26300CE,9.75,1250,BUY_AGGRESSOR,55642500,19917500
2026-10-01 23:25:22.596,NATURALGAS,PE,300.0,NATURALGAS23OCT26300PE,22.4,2500,SELL_AGGRESSOR,14128750,13801250
2026-10-01 23:25:22.596,NATGASMINI,FUT,0.0,NATGASMINI27OCT26FUT,287.4,500,SELL_AGGRESSOR,41256500,16928750
2026-10-01 23:25:22.596,NATGASMINI,CE,280.0,NATGASMINI23OCT26280CE,17.95,2250,BUY_AGGRESSOR,3905500,361000
2026-10-01 23:25:22.596,NATGASMINI,CE,285.0,NATGASMINI23OCT26285CE,15.4,3500,INSIDE,10735750,825000
2026-10-01 23:25:22.596,NATGASMINI,PE,285.0,NATGASMINI23OCT26285PE,13.1,4500,BUY_AGGRESSOR,19957000,977750
2026-10-01 23:25:22.596,NATGASMINI,CE,290.0,NATGASMINI23OCT26290CE,13.35,3250,BUY_AGGRESSOR,25591250,3021000
2026-10-01 23:25:22.596,NATGASMINI,PE,290.0,NATGASMINI23OCT26290PE,15.95,4500,BUY_AGGRESSOR,18702500,1384000
2026-10-01 23:25:22.596,NATGASMINI,CE,295.0,NATGASMINI23OCT26295CE,11.6,1000,BUY_AGGRESSOR,12274750,1623750
2026-10-01 23:25:22.596,NATGASMINI,PE,295.0,NATGASMINI23OCT26295PE,19.05,3500,SELL,5428000,703750
2026-10-01 23:25:22.596,NATGASMINI,CE,300.0,NATGASMINI23OCT26300CE,9.95,1000,BUY_AGGRESSOR,13112750,3172250
2026-10-01 23:25:22.596,NATGASMINI,PE,300.0,NATGASMINI23OCT26300PE,22.4,1000,BUY_AGGRESSOR,3178750,968250
2026-10-01 23:25:22.596,NATGASMINI,CE,310.0,NATGASMINI23OCT26310CE,7.4,4000,BUY_AGGRESSOR,5206000,1822250
2026-10-01 23:25:26.476,NATURALGAS,PE,260.0,NATURALGAS23OCT26260PE,3.5,2500,BUY_AGGRESSOR,28105000,10550000
2026-10-01 23:25:26.476,NATURALGAS,PE,270.0,NATURALGAS23OCT26270PE,6.15,6250,SELL_AGGRESSOR,33301250,11222500
2026-10-01 23:25:26.476,NATURALGAS,PE,280.0,NATURALGAS23OCT26280PE,10.35,25000,SELL_AGGRESSOR,47800000,11395000
2026-10-01 23:25:26.476,NATURALGAS,CE,285.0,NATURALGAS23OCT26285CE,15.15,2500,SELL_AGGRESSOR,35851250,4791250
2026-10-01 23:25:26.476,NATURALGAS,PE,285.0,NATURALGAS23OCT26285PE,12.95,1250,SELL_AGGRESSOR,53817500,5093750
2026-10-01 23:25:26.476,NATURALGAS,CE,290.0,NATURALGAS23OCT26290CE,13.15,26250,SELL_AGGRESSOR,90236250,15982500
2026-10-01 23:25:26.476,NATURALGAS,PE,290.0,NATURALGAS23OCT26290PE,15.8,7500,SELL_AGGRESSOR,77435000,12313750
2026-10-01 23:25:26.476,NATURALGAS,CE,295.0,NATURALGAS23OCT26295CE,11.3,3750,SELL_AGGRESSOR,35527500,6926250
2026-10-01 23:25:26.476,NATGASMINI,FUT,0.0,NATGASMINI27OCT26FUT,287.5,1250,BUY_AGGRESSOR,41257750,16928750
2026-10-01 23:25:26.476,NATGASMINI,CE,285.0,NATGASMINI23OCT26285CE,15.3,7500,SELL_AGGRESSOR,10743250,825000
2026-10-01 23:25:26.476,NATGASMINI,PE,285.0,NATGASMINI23OCT26285PE,13.1,1750,BUY_AGGRESSOR,19958750,974750
2026-10-01 23:25:26.476,NATGASMINI,CE,290.0,NATGASMINI23OCT26290CE,13.25,2750,SELL_AGGRESSOR,25594000,3012250
2026-10-01 23:25:26.476,NATGASMINI,PE,290.0,NATGASMINI23OCT26290PE,15.95,750,BUY_AGGRESSOR,18703250,1384000
2026-10-01 23:25:26.476,NATGASMINI,CE,295.0,NATGASMINI23OCT26295CE,11.5,1750,SELL_AGGRESSOR,12276500,1623750
2026-10-01 23:25:26.476,NATGASMINI,PE,295.0,NATGASMINI23OCT26295PE,19.05,750,BUY_AGGRESSOR,5428750,701000
2026-10-01 23:25:26.476,NATGASMINI,CE,300.0,NATGASMINI23OCT26300CE,9.95,750,BUY_AGGRESSOR,13113500,3170500
2026-10-01 23:25:26.476,NATGASMINI,PE,300.0,NATGASMINI23OCT26300PE,22.4,750,BUY_AGGRESSOR,3179500,967750
2026-10-01 23:25:30.314,NATURALGAS,FUT,0.0,NATURALGAS27OCT26FUT,287.4,1250,SELL_AGGRESSOR,127731250,68413750
2026-10-01 23:25:30.314,NATURALGAS,PE,260.0,NATURALGAS23OCT26260PE,3.45,1250,SELL_AGGRESSOR,28106250,10550000
2026-10-01 23:25:30.314,NATURALGAS,CE,270.0,NATURALGAS23OCT26270CE,23.4,1250,SELL_AGGRESSOR,3138750,1021250
2026-10-01 23:25:30.314,NATURALGAS,PE,280.0,NATURALGAS23OCT26280PE,10.4,2500,SELL_AGGRESSOR,47802500,11395000
2026-10-01 23:25:30.314,NATURALGAS,PE,285.0,NATURALGAS23OCT26285PE,12.95,7500,SELL_AGGRESSOR,53825000,5093750
2026-10-01 23:25:30.314,NATURALGAS,PE,290.0,NATURALGAS23OCT26290PE,15.85,3750,BUY,77438750,12305000
2026-10-01 23:25:30.314,NATGASMINI,FUT,0.0,NATGASMINI27OCT26FUT,287.5,1000,BUY_AGGRESSOR,41258750,16928750
2026-10-01 23:25:30.314,NATGASMINI,PE,270.0,NATGASMINI23OCT26270PE,6.25,250,SELL_AGGRESSOR,4239250,986250
2026-10-01 23:25:30.314,NATGASMINI,PE,280.0,NATGASMINI23OCT26280PE,10.45,250,SELL_AGGRESSOR,10026250,1186750
2026-10-01 23:25:30.314,NATGASMINI,PE,285.0,NATGASMINI23OCT26285PE,13.1,1000,BUY_AGGRESSOR,19959750,969500
2026-10-01 23:25:30.314,NATGASMINI,CE,290.0,NATGASMINI23OCT26290CE,13.35,7750,BUY_AGGRESSOR,25601750,3006250
2026-10-01 23:25:30.314,NATGASMINI,PE,290.0,NATGASMINI23OCT26290PE,15.95,1000,BUY_AGGRESSOR,18704250,1372500
2026-10-01 23:25:30.314,NATGASMINI,CE,295.0,NATGASMINI23OCT26295CE,11.5,4500,SELL_AGGRESSOR,12281000,1623750
2026-10-01 23:25:30.314,NATGASMINI,PE,295.0,NATGASMINI23OCT26295PE,19.05,1000,BUY_AGGRESSOR,5429750,700500
2026-10-01 23:25:30.314,NATGASMINI,CE,300.0,NATGASMINI23OCT26300CE,9.95,1000,BUY_AGGRESSOR,13114500,3167500
2026-10-01 23:25:30.314,NATGASMINI,PE,300.0,NATGASMINI23OCT26300PE,22.4,1000,BUY_AGGRESSOR,3180500,967500
2026-10-01 23:25:34.145,NATURALGAS,FUT,0.0,NATURALGAS27OCT26FUT,287.5,1250,BUY_AGGRESSOR,127732500,68378750
2026-10-01 23:25:34.145,NATURALGAS,PE,275.0,NATURALGAS23OCT26275PE,8.05,1250,SELL_AGGRESSOR,18708750,3700000
2026-10-01 23:25:34.145,NATURALGAS,CE,285.0,NATURALGAS23OCT26285CE,15.25,1250,BUY_AGGRESSOR,35852500,4777500
2026-10-01 23:25:34.145,NATURALGAS,PE,285.0,NATURALGAS23OCT26285PE,13.0,1250,BUY_AGGRESSOR,53826250,5093750
2026-10-01 23:25:34.145,NATURALGAS,CE,290.0,NATURALGAS23OCT26290CE,13.15,3750,BUY_AGGRESSOR,90240000,15978750
2026-10-01 23:25:34.145,NATURALGAS,CE,295.0,NATURALGAS23OCT26295CE,11.4,12500,BUY_AGGRESSOR,35540000,6921250
2026-10-01 23:25:34.145,NATURALGAS,CE,310.0,NATURALGAS23OCT26310CE,7.25,1250,SELL_AGGRESSOR,32178750,11222500
2026-10-01 23:25:34.145,NATURALGAS,CE,315.0,NATURALGAS23OCT26315CE,6.25,10000,INSIDE,11672500,3423750
2026-10-01 23:25:34.145,NATGASMINI,FUT,0.0,NATGASMINI27OCT26FUT,287.5,1250,BUY_AGGRESSOR,41260000,16928750
2026-10-01 23:25:34.145,NATGASMINI,PE,260.0,NATGASMINI23OCT26260PE,3.5,250,SELL_AGGRESSOR,2444250,845250
2026-10-01 23:25:34.145,NATGASMINI,PE,270.0,NATGASMINI23OCT26270PE,6.25,1500,SELL_AGGRESSOR,4240750,986250
2026-10-01 23:25:34.145,NATGASMINI,CE,280.0,NATGASMINI23OCT26280CE,17.95,2500,BUY_AGGRESSOR,3908000,360500
2026-10-01 23:25:34.145,NATGASMINI,CE,285.0,NATGASMINI23OCT26285CE,15.45,2500,BUY_AGGRESSOR,10745750,824500
2026-10-01 23:25:34.145,NATGASMINI,PE,285.0,NATGASMINI23OCT26285PE,13.1,3250,BUY_AGGRESSOR,19963000,968250
2026-10-01 23:25:34.145,NATGASMINI,CE,290.0,NATGASMINI23OCT26290CE,13.35,3250,BUY_AGGRESSOR,25605000,3003500
2026-10-01 23:25:34.145,NATGASMINI,PE,290.0,NATGASMINI23OCT26290PE,15.9,3250,SELL,18707500,1369750
2026-10-01 23:25:34.145,NATGASMINI,CE,295.0,NATGASMINI23OCT26295CE,11.55,2750,BUY,12283750,1623500
2026-10-01 23:25:34.145,NATGASMINI,PE,295.0,NATGASMINI23OCT26295PE,19.05,3250,BUY_AGGRESSOR,5433000,696750
2026-10-01 23:25:34.145,NATGASMINI,CE,300.0,NATGASMINI23OCT26300CE,9.95,750,BUY_AGGRESSOR,13115250,3165500
2026-10-01 23:25:34.145,NATGASMINI,PE,300.0,NATGASMINI23OCT26300PE,22.4,750,INSIDE,3181250,967500
2026-10-01 23:25:38.134,NATURALGAS,FUT,0.0,NATURALGAS27OCT26FUT,287.4,1250,SELL_AGGRESSOR,127733750,68371250
2026-10-01 23:25:38.134,NATURALGAS,PE,285.0,NATURALGAS23OCT26285PE,13.0,2500,BUY_AGGRESSOR,53828750,5093750
2026-10-01 23:25:38.134,NATURALGAS,CE,290.0,NATURALGAS23OCT26290CE,13.1,15000,SELL_AGGRESSOR,90255000,15958750
2026-10-01 23:25:38.134,NATURALGAS,CE,295.0,NATURALGAS23OCT26295CE,11.3,7500,SELL_AGGRESSOR,35547500,6920000
2026-10-01 23:25:38.134,NATURALGAS,CE,300.0,NATURALGAS23OCT26300CE,9.75,1250,BUY_AGGRESSOR,55643750,19917500
2026-10-01 23:25:38.134,NATURALGAS,CE,315.0,NATURALGAS23OCT26315CE,6.25,2500,SELL_AGGRESSOR,11675000,3423750
2026-10-01 23:25:38.134,NATGASMINI,FUT,0.0,NATGASMINI27OCT26FUT,287.5,500,BUY_AGGRESSOR,41260500,16895000
2026-10-01 23:25:38.134,NATGASMINI,CE,280.0,NATGASMINI23OCT26280CE,17.95,250,BUY_AGGRESSOR,3908250,362500
2026-10-01 23:25:38.134,NATGASMINI,CE,285.0,NATGASMINI23OCT26285CE,15.5,2250,BUY_AGGRESSOR,10748000,819750
2026-10-01 23:25:38.134,NATGASMINI,PE,285.0,NATGASMINI23OCT26285PE,13.1,5500,BUY_AGGRESSOR,19968500,968250
2026-10-01 23:25:38.134,NATGASMINI,CE,290.0,NATGASMINI23OCT26290CE,13.35,1750,BUY_AGGRESSOR,25606750,3003250
2026-10-01 23:25:38.134,NATGASMINI,PE,290.0,NATGASMINI23OCT26290PE,15.95,1500,BUY_AGGRESSOR,18709000,1365000
2026-10-01 23:25:38.134,NATGASMINI,CE,295.0,NATGASMINI23OCT26295CE,11.6,1500,BUY_AGGRESSOR,12285250,1623500
2026-10-01 23:25:38.134,NATGASMINI,PE,295.0,NATGASMINI23OCT26295PE,19.05,1500,BUY_AGGRESSOR,5434500,695500
2026-10-01 23:25:38.134,NATGASMINI,CE,300.0,NATGASMINI23OCT26300CE,9.95,2000,BUY_AGGRESSOR,13117250,3164250
2026-10-01 23:25:38.134,NATGASMINI,PE,300.0,NATGASMINI23OCT26300PE,22.45,1500,BUY_AGGRESSOR,3182750,966500
2026-10-01 23:25:38.134,NATGASMINI,CE,305.0,NATGASMINI23OCT26305CE,8.5,250,SELL_AGGRESSOR,6134500,1684500
2026-10-01 23:25:41.975,NATURALGAS,FUT,0.0,NATURALGAS27OCT26FUT,287.5,58750,BUY_AGGRESSOR,127792500,68368750
2026-10-01 23:25:41.975,NATURALGAS,PE,255.0,NATURALGAS23OCT26255PE,2.5,3750,SELL_AGGRESSOR,7382500,2133750
2026-10-01 23:25:41.975,NATURALGAS,PE,260.0,NATURALGAS23OCT26260PE,3.45,1250,SELL_AGGRESSOR,28107500,10546250
2026-10-01 23:25:41.975,NATURALGAS,PE,265.0,NATURALGAS23OCT26265PE,4.65,18750,SELL_AGGRESSOR,12980000,4343750
2026-10-01 23:25:41.975,NATURALGAS,CE,270.0,NATURALGAS23OCT26270CE,23.45,5000,BUY_AGGRESSOR,3143750,1021250
2026-10-01 23:25:41.975,NATURALGAS,PE,270.0,NATURALGAS23OCT26270PE,6.1,11250,SELL_AGGRESSOR,33312500,11223750
2026-10-01 23:25:41.975,NATURALGAS,PE,275.0,NATURALGAS23OCT26275PE,8.1,1250,BUY,18710000,3698750
2026-10-01 23:25:41.975,NATURALGAS,CE,280.0,NATURALGAS23OCT26280CE,17.7,3750,BUY_AGGRESSOR,26605000,4330000
2026-10-01 23:25:41.975,NATURALGAS,PE,280.0,NATURALGAS23OCT26280PE,10.35,6250,SELL_AGGRESSOR,47808750,11392500
2026-10-01 23:25:41.975,NATURALGAS,CE,285.0,NATURALGAS23OCT26285CE,15.3,11250,BUY_AGGRESSOR,35863750,4777500
2026-10-01 23:25:41.975,NATURALGAS,PE,285.0,NATURALGAS23OCT26285PE,12.95,5000,SELL_AGGRESSOR,53833750,5093750
2026-10-01 23:25:41.975,NATURALGAS,CE,290.0,NATURALGAS23OCT26290CE,13.15,21250,BUY_AGGRESSOR,90276250,15958750
2026-10-01 23:25:41.975,NATURALGAS,PE,290.0,NATURALGAS23OCT26290PE,15.8,20000,SELL_AGGRESSOR,77458750,12242500
2026-10-01 23:25:41.975,NATURALGAS,CE,295.0,NATURALGAS23OCT26295CE,11.4,1250,BUY_AGGRESSOR,35548750,6912500
2026-10-01 23:25:41.975,NATURALGAS,PE,295.0,NATURALGAS23OCT26295PE,18.95,7500,SELL_AGGRESSOR,15537500,5265000
2026-10-01 23:25:41.975,NATURALGAS,CE,300.0,NATURALGAS23OCT26300CE,9.75,5000,BUY_AGGRESSOR,55648750,19917500
2026-10-01 23:25:41.975,NATURALGAS,CE,310.0,NATURALGAS23OCT26310CE,7.3,7500,BUY_AGGRESSOR,32186250,11218750
2026-10-01 23:25:41.975,NATGASMINI,FUT,0.0,NATGASMINI27OCT26FUT,287.4,1500,SELL_AGGRESSOR,41262000,16895000
2026-10-01 23:25:41.975,NATGASMINI,CE,270.0,NATGASMINI23OCT26270CE,23.65,1250,INSIDE,727750,156500
2026-10-01 23:25:41.975,NATGASMINI,CE,275.0,NATGASMINI23OCT26275CE,20.75,750,BUY_AGGRESSOR,1337500,67750
2026-10-01 23:25:41.975,NATGASMINI,PE,275.0,NATGASMINI23OCT26275PE,8.15,250,SELL_AGGRESSOR,5024000,671750
2026-10-01 23:25:41.975,NATGASMINI,CE,280.0,NATGASMINI23OCT26280CE,18.0,3750,BUY_AGGRESSOR,3912000,360750
2026-10-01 23:25:41.975,NATGASMINI,PE,280.0,NATGASMINI23OCT26280PE,10.45,4000,SELL_AGGRESSOR,10030250,1186500
2026-10-01 23:25:41.975,NATGASMINI,CE,285.0,NATGASMINI23OCT26285CE,15.5,2500,BUY_AGGRESSOR,10750500,817000
2026-10-01 23:25:41.975,NATGASMINI,PE,285.0,NATGASMINI23OCT26285PE,13.1,3750,BUY_AGGRESSOR,19972250,960500
2026-10-01 23:25:41.975,NATGASMINI,CE,290.0,NATGASMINI23OCT26290CE,13.4,6500,BUY_AGGRESSOR,25613250,2998000
2026-10-01 23:25:41.975,NATGASMINI,PE,290.0,NATGASMINI23OCT26290PE,15.9,9000,SELL,18718000,1363500
2026-10-01 23:25:41.975,NATGASMINI,CE,295.0,NATGASMINI23OCT26295CE,11.6,750,BUY_AGGRESSOR,12286000,1623500
2026-10-01 23:25:41.975,NATGASMINI,PE,295.0,NATGASMINI23OCT26295PE,19.05,4000,BUY_AGGRESSOR,5438500,692250
2026-10-01 23:25:41.975,NATGASMINI,CE,300.0,NATGASMINI23OCT26300CE,9.95,3000,BUY_AGGRESSOR,13120250,3163500
2026-10-01 23:25:41.975,NATGASMINI,PE,300.0,NATGASMINI23OCT26300PE,22.4,750,SELL,3183500,965750
2026-10-01 23:25:45.823,NATURALGAS,PE,265.0,NATURALGAS23OCT26265PE,4.65,1250,SELL_AGGRESSOR,12981250,4343750
2026-10-01 23:25:45.823,NATURALGAS,CE,280.0,NATURALGAS23OCT26280CE,17.65,5000,SELL_AGGRESSOR,26610000,4330000
2026-10-01 23:25:45.823,NATURALGAS,PE,285.0,NATURALGAS23OCT26285PE,12.95,1250,INSIDE,53835000,5093750
2026-10-01 23:25:45.823,NATURALGAS,CE,295.0,NATURALGAS23OCT26295CE,11.4,7500,BUY_AGGRESSOR,35556250,6912500
2026-10-01 23:25:45.823,NATURALGAS,PE,295.0,NATURALGAS23OCT26295PE,18.9,3750,SELL_AGGRESSOR,15541250,5265000
2026-10-01 23:25:45.823,NATURALGAS,CE,300.0,NATURALGAS23OCT26300CE,9.75,28750,INSIDE,55677500,19917500
2026-10-01 23:25:45.823,NATURALGAS,CE,310.0,NATURALGAS23OCT26310CE,7.3,3750,SELL_AGGRESSOR,32190000,11218750
2026-10-01 23:25:45.823,NATGASMINI,FUT,0.0,NATGASMINI27OCT26FUT,287.5,3250,BUY_AGGRESSOR,41265250,16895000
2026-10-01 23:25:45.823,NATGASMINI,CE,280.0,NATGASMINI23OCT26280CE,17.85,1500,SELL_AGGRESSOR,3913500,359000
2026-10-01 23:25:45.823,NATGASMINI,PE,285.0,NATGASMINI23OCT26285PE,13.1,1000,BUY_AGGRESSOR,19973250,959500
2026-10-01 23:25:45.823,NATGASMINI,CE,290.0,NATGASMINI23OCT26290CE,13.35,1500,SELL,25614750,2990500
2026-10-01 23:25:45.823,NATGASMINI,PE,290.0,NATGASMINI23OCT26290PE,15.95,1000,BUY_AGGRESSOR,18719000,1363500
2026-10-01 23:25:45.823,NATGASMINI,CE,295.0,NATGASMINI23OCT26295CE,11.6,6250,BUY_AGGRESSOR,12292250,1623500
2026-10-01 23:25:45.823,NATGASMINI,PE,295.0,NATGASMINI23OCT26295PE,19.05,1500,BUY_AGGRESSOR,5440000,691500
2026-10-01 23:25:45.823,NATGASMINI,CE,300.0,NATGASMINI23OCT26300CE,9.95,14750,INSIDE,13135000,3163250
2026-10-01 23:25:45.823,NATGASMINI,PE,300.0,NATGASMINI23OCT26300PE,22.4,1000,BUY_AGGRESSOR,3184500,965250
2026-10-01 23:25:45.823,NATGASMINI,CE,310.0,NATGASMINI23OCT26310CE,7.4,250,SELL_AGGRESSOR,5206250,1821250
2026-10-01 23:25:45.823,NATGASMINI,CE,315.0,NATGASMINI23OCT26315CE,6.45,500,BUY_AGGRESSOR,2764750,1213500
2026-10-01 23:25:49.680,NATURALGAS,FUT,0.0,NATURALGAS27OCT26FUT,287.5,16250,BUY_AGGRESSOR,127808750,68365000
2026-10-01 23:25:49.680,NATURALGAS,CE,285.0,NATURALGAS23OCT26285CE,15.15,3750,SELL_AGGRESSOR,35867500,4777500
2026-10-01 23:25:49.680,NATURALGAS,CE,290.0,NATURALGAS23OCT26290CE,13.15,6250,BUY_AGGRESSOR,90282500,15958750
2026-10-01 23:25:49.680,NATURALGAS,CE,300.0,NATURALGAS23OCT26300CE,9.75,2500,BUY_AGGRESSOR,55680000,19917500
2026-10-01 23:25:49.680,NATURALGAS,CE,310.0,NATURALGAS23OCT26310CE,7.3,1250,BUY_AGGRESSOR,32191250,11218750
2026-10-01 23:25:49.680,NATGASMINI,FUT,0.0,NATGASMINI27OCT26FUT,287.3,6750,SELL_AGGRESSOR,41272000,16868750
2026-10-01 23:25:49.680,NATGASMINI,CE,280.0,NATGASMINI23OCT26280CE,17.85,250,INSIDE,3913750,359000
2026-10-01 23:25:49.680,NATGASMINI,PE,285.0,NATGASMINI23OCT26285PE,13.1,750,BUY_AGGRESSOR,19974000,954750
2026-10-01 23:25:49.680,NATGASMINI,CE,290.0,NATGASMINI23OCT26290CE,13.35,1250,BUY_AGGRESSOR,25616000,2980000
2026-10-01 23:25:49.680,NATGASMINI,PE,290.0,NATGASMINI23OCT26290PE,15.9,1000,SELL,18720000,1355000
2026-10-01 23:25:49.680,NATGASMINI,CE,295.0,NATGASMINI23OCT26295CE,11.55,1500,SELL,12293750,1623250
2026-10-01 23:25:49.680,NATGASMINI,PE,295.0,NATGASMINI23OCT26295PE,19.05,3250,BUY_AGGRESSOR,5443250,691000
2026-10-01 23:25:49.680,NATGASMINI,CE,300.0,NATGASMINI23OCT26300CE,9.95,750,BUY_AGGRESSOR,13135750,3163250
2026-10-01 23:25:49.680,NATGASMINI,PE,300.0,NATGASMINI23OCT26300PE,22.45,750,BUY_AGGRESSOR,3185250,964750
2026-10-01 23:25:49.680,NATGASMINI,CE,305.0,NATGASMINI23OCT26305CE,8.5,250,SELL_AGGRESSOR,6134750,1684500
2026-10-01 23:25:53.518,NATURALGAS,FUT,0.0,NATURALGAS27OCT26FUT,287.4,3750,SELL,127812500,68357500
2026-10-01 23:25:53.518,NATURALGAS,CE,275.0,NATURALGAS23OCT26275CE,20.3,1250,SELL_AGGRESSOR,3858750,382500
2026-10-01 23:25:53.518,NATURALGAS,CE,280.0,NATURALGAS23OCT26280CE,17.7,2500,BUY_AGGRESSOR,26612500,4330000
2026-10-01 23:25:53.518,NATURALGAS,PE,285.0,NATURALGAS23OCT26285PE,13.0,11250,BUY_AGGRESSOR,53846250,5093750
2026-10-01 23:25:53.518,NATURALGAS,CE,290.0,NATURALGAS23OCT26290CE,13.15,3750,BUY_AGGRESSOR,90286250,15972500
2026-10-01 23:25:53.518,NATGASMINI,FUT,0.0,NATGASMINI27OCT26FUT,287.4,1250,BUY_AGGRESSOR,41273250,16849750
2026-10-01 23:25:53.518,NATGASMINI,CE,280.0,NATGASMINI23OCT26280CE,17.95,2500,BUY_AGGRESSOR,3916250,359000
2026-10-01 23:25:53.518,NATGASMINI,CE,285.0,NATGASMINI23OCT26285CE,15.5,2750,BUY_AGGRESSOR,10753250,817750
2026-10-01 23:25:53.518,NATGASMINI,PE,285.0,NATGASMINI23OCT26285PE,13.1,11000,BUY_AGGRESSOR,19985000,952000
2026-10-01 23:25:53.518,NATGASMINI,CE,290.0,NATGASMINI23OCT26290CE,13.35,6000,BUY_AGGRESSOR,25622000,2979500
2026-10-01 23:25:53.518,NATGASMINI,PE,290.0,NATGASMINI23OCT26290PE,15.95,3750,BUY_AGGRESSOR,18723750,1353250
2026-10-01 23:25:53.518,NATGASMINI,CE,295.0,NATGASMINI23OCT26295CE,11.6,1250,BUY_AGGRESSOR,12295000,1619500
2026-10-01 23:25:53.518,NATGASMINI,PE,295.0,NATGASMINI23OCT26295PE,19.1,3750,BUY_AGGRESSOR,5447000,690500
2026-10-01 23:25:53.518,NATGASMINI,CE,300.0,NATGASMINI23OCT26300CE,9.95,1000,BUY_AGGRESSOR,13136750,3163750
2026-10-01 23:25:53.518,NATGASMINI,PE,300.0,NATGASMINI23OCT26300PE,22.4,1000,SELL,3186250,964250
2026-10-01 23:25:57.357,NATURALGAS,FUT,0.0,NATURALGAS27OCT26FUT,287.3,15000,SELL_AGGRESSOR,127827500,68346250
2026-10-01 23:25:57.357,NATURALGAS,PE,270.0,NATURALGAS23OCT26270PE,6.15,1250,SELL_AGGRESSOR,33313750,11225000
2026-10-01 23:25:57.357,NATURALGAS,PE,285.0,NATURALGAS23OCT26285PE,13.0,2500,BUY_AGGRESSOR,53848750,5093750
2026-10-01 23:25:57.357,NATURALGAS,CE,290.0,NATURALGAS23OCT26290CE,13.15,2500,BUY_AGGRESSOR,90288750,15972500
2026-10-01 23:25:57.357,NATURALGAS,PE,290.0,NATURALGAS23OCT26290PE,15.85,1250,BUY_AGGRESSOR,77460000,12238750
2026-10-01 23:25:57.357,NATURALGAS,CE,300.0,NATURALGAS23OCT26300CE,9.75,5000,BUY_AGGRESSOR,55685000,19917500
2026-10-01 23:25:57.357,NATGASMINI,FUT,0.0,NATGASMINI27OCT26FUT,287.4,1250,SELL_AGGRESSOR,41274500,16846500
2026-10-01 23:25:57.357,NATGASMINI,PE,270.0,NATGASMINI23OCT26270PE,6.25,250,INSIDE,4241000,970000
2026-10-01 23:25:57.357,NATGASMINI,CE,275.0,NATGASMINI23OCT26275CE,20.5,2500,SELL_AGGRESSOR,1340000,68500
2026-10-01 23:25:57.357,NATGASMINI,CE,280.0,NATGASMINI23OCT26280CE,17.75,5000,SELL_AGGRESSOR,3921250,356250
2026-10-01 23:25:57.357,NATGASMINI,CE,285.0,NATGASMINI23OCT26285CE,15.5,2500,BUY_AGGRESSOR,10755750,817750
2026-10-01 23:25:57.357,NATGASMINI,PE,285.0,NATGASMINI23OCT26285PE,13.1,3750,BUY_AGGRESSOR,19988750,952750
2026-10-01 23:25:57.357,NATGASMINI,CE,290.0,NATGASMINI23OCT26290CE,13.35,4250,BUY_AGGRESSOR,25626250,2975250
2026-10-01 23:25:57.357,NATGASMINI,PE,290.0,NATGASMINI23OCT26290PE,15.95,5000,BUY_AGGRESSOR,18728750,1349000
2026-10-01 23:25:57.357,NATGASMINI,CE,295.0,NATGASMINI23OCT26295CE,11.45,18250,SELL_AGGRESSOR,12313250,1613250
2026-10-01 23:25:57.357,NATGASMINI,PE,295.0,NATGASMINI23OCT26295PE,19.05,6500,SELL,5453500,686250
2026-10-01 23:25:57.357,NATGASMINI,CE,300.0,NATGASMINI23OCT26300CE,9.9,7250,SELL,13144000,3163250
2026-10-01 23:25:57.357,NATGASMINI,PE,300.0,NATGASMINI23OCT26300PE,22.5,2250,BUY_AGGRESSOR,3188500,962500
2026-10-01 23:25:57.357,NATGASMINI,CE,310.0,NATGASMINI23OCT26310CE,7.4,500,SELL_AGGRESSOR,5206750,1821250
2026-10-01 23:25:57.357,NATGASMINI,PE,310.0,NATGASMINI23OCT26310PE,29.7,500,SELL_AGGRESSOR,453750,666500
2026-10-01 23:26:01.224,NATURALGAS,FUT,0.0,NATURALGAS27OCT26FUT,287.4,17500,BUY_AGGRESSOR,127845000,68317500
2026-10-01 23:26:01.224,NATURALGAS,PE,265.0,NATURALGAS23OCT26265PE,4.65,2500,SELL_AGGRESSOR,12983750,4343750
2026-10-01 23:26:01.224,NATURALGAS,CE,270.0,NATURALGAS23OCT26270CE,23.4,1250,SELL_AGGRESSOR,3145000,1016250
2026-10-01 23:26:01.224,NATURALGAS,CE,275.0,NATURALGAS23OCT26275CE,20.4,16250,BUY_AGGRESSOR,3875000,382500
2026-10-01 23:26:01.224,NATURALGAS,PE,275.0,NATURALGAS23OCT26275PE,8.1,35000,SELL_AGGRESSOR,18745000,3697500
2026-10-01 23:26:01.224,NATURALGAS,CE,280.0,NATURALGAS23OCT26280CE,17.5,38750,SELL_AGGRESSOR,26651250,4328750
2026-10-01 23:26:01.224,NATURALGAS,PE,280.0,NATURALGAS23OCT26280PE,10.4,1250,BUY_AGGRESSOR,47810000,11392500
2026-10-01 23:26:01.224,NATURALGAS,CE,285.0,NATURALGAS23OCT26285CE,15.25,5000,BUY,35872500,4765000
2026-10-01 23:26:01.224,NATURALGAS,PE,285.0,NATURALGAS23OCT26285PE,12.95,7500,SELL_AGGRESSOR,53856250,5093750
2026-10-01 23:26:01.224,NATURALGAS,CE,290.0,NATURALGAS23OCT26290CE,13.1,71250,SELL_AGGRESSOR,90360000,15972500
2026-10-01 23:26:01.224,NATURALGAS,PE,290.0,NATURALGAS23OCT26290PE,15.9,20000,BUY_AGGRESSOR,77480000,12238750
2026-10-01 23:26:01.224,NATURALGAS,CE,295.0,NATURALGAS23OCT26295CE,11.25,66250,SELL_AGGRESSOR,35622500,6911250
2026-10-01 23:26:01.224,NATURALGAS,PE,295.0,NATURALGAS23OCT26295PE,18.95,5000,BUY,15546250,5252500
2026-10-01 23:26:01.224,NATURALGAS,CE,300.0,NATURALGAS23OCT26300CE,9.7,37500,SELL_AGGRESSOR,55722500,19917500
2026-10-01 23:26:01.224,NATURALGAS,PE,300.0,NATURALGAS23OCT26300PE,22.5,25000,BUY_AGGRESSOR,14153750,13797500
2026-10-01 23:26:01.224,NATURALGAS,CE,305.0,NATURALGAS23OCT26305CE,8.4,157500,BUY_AGGRESSOR,21135000,8332500
2026-10-01 23:26:01.224,NATURALGAS,PE,305.0,NATURALGAS23OCT26305PE,25.95,38750,SELL_AGGRESSOR,2112500,2691250
2026-10-01 23:26:01.224,NATURALGAS,CE,310.0,NATURALGAS23OCT26310CE,7.3,87500,BUY_AGGRESSOR,32278750,11217500
2026-10-01 23:26:01.224,NATURALGAS,CE,315.0,NATURALGAS23OCT26315CE,6.3,15000,BUY_AGGRESSOR,11690000,3423750
2026-10-01 23:26:01.224,NATGASMINI,FUT,0.0,NATGASMINI27OCT26FUT,287.3,7250,SELL_AGGRESSOR,41281750,16840000
2026-10-01 23:26:01.224,NATGASMINI,PE,265.0,NATGASMINI23OCT26265PE,4.7,3500,BUY_AGGRESSOR,5911250,3208250
2026-10-01 23:26:01.224,NATGASMINI,PE,285.0,NATGASMINI23OCT26285PE,13.1,8250,BUY_AGGRESSOR,19997000,950000
2026-10-01 23:26:01.224,NATGASMINI,CE,290.0,NATGASMINI23OCT26290CE,13.3,1500,BUY_AGGRESSOR,25627750,2972250
2026-10-01 23:26:01.224,NATGASMINI,PE,290.0,NATGASMINI23OCT26290PE,15.95,2000,BUY_AGGRESSOR,18730750,1345750
2026-10-01 23:26:01.224,NATGASMINI,CE,295.0,NATGASMINI23OCT26295CE,11.5,750,BUY,12314000,1609000
2026-10-01 23:26:01.224,NATGASMINI,PE,295.0,NATGASMINI23OCT26295PE,19.1,750,BUY_AGGRESSOR,5454250,684750
2026-10-01 23:26:01.224,NATGASMINI,CE,300.0,NATGASMINI23OCT26300CE,9.85,2750,SELL_AGGRESSOR,13146750,3164000
2026-10-01 23:26:01.224,NATGASMINI,PE,300.0,NATGASMINI23OCT26300PE,22.5,750,BUY_AGGRESSOR,3189250,961750
2026-10-01 23:26:01.224,NATGASMINI,CE,305.0,NATGASMINI23OCT26305CE,8.5,10000,SELL_AGGRESSOR,6144750,1684500
2026-10-01 23:26:01.224,NATGASMINI,CE,315.0,NATGASMINI23OCT26315CE,6.4,500,SELL,2765250,1213000
2026-10-01 23:26:05.028,NATURALGAS,FUT,0.0,NATURALGAS27OCT26FUT,287.4,2500,BUY_AGGRESSOR,127847500,68310000
2026-10-01 23:26:05.028,NATURALGAS,PE,265.0,NATURALGAS23OCT26265PE,4.65,1250,SELL_AGGRESSOR,12985000,4343750
2026-10-01 23:26:05.028,NATURALGAS,CE,275.0,NATURALGAS23OCT26275CE,20.2,5000,SELL_AGGRESSOR,3880000,382500
2026-10-01 23:26:05.028,NATURALGAS,PE,275.0,NATURALGAS23OCT26275PE,8.1,6250,INSIDE,18751250,3697500
2026-10-01 23:26:05.028,NATURALGAS,CE,290.0,NATURALGAS23OCT26290CE,13.05,6250,SELL_AGGRESSOR,90366250,15973750
2026-10-01 23:26:05.028,NATURALGAS,PE,290.0,NATURALGAS23OCT26290PE,15.9,5000,BUY_AGGRESSOR,77485000,12238750
2026-10-01 23:26:05.028,NATURALGAS,CE,300.0,NATURALGAS23OCT26300CE,9.7,12500,INSIDE,55735000,19917500
2026-10-01 23:26:05.028,NATURALGAS,CE,310.0,NATURALGAS23OCT26310CE,7.25,3750,SELL_AGGRESSOR,32282500,11217500
2026-10-01 23:26:05.028,NATGASMINI,FUT,0.0,NATGASMINI27OCT26FUT,287.4,500,BUY_AGGRESSOR,41282250,16840000
2026-10-01 23:26:05.028,NATGASMINI,PE,265.0,NATGASMINI23OCT26265PE,4.65,250,SELL_AGGRESSOR,5911500,3208250
2026-10-01 23:26:05.028,NATGASMINI,CE,280.0,NATGASMINI23OCT26280CE,17.75,750,SELL_AGGRESSOR,3922000,355500
2026-10-01 23:26:05.028,NATGASMINI,PE,285.0,NATGASMINI23OCT26285PE,13.15,1000,BUY_AGGRESSOR,19998000,953500
2026-10-01 23:26:05.028,NATGASMINI,CE,290.0,NATGASMINI23OCT26290CE,13.3,1250,BUY_AGGRESSOR,25629000,2969000
2026-10-01 23:26:05.028,NATGASMINI,PE,290.0,NATGASMINI23OCT26290PE,16.0,1250,BUY_AGGRESSOR,18732000,1336500
2026-10-01 23:26:05.028,NATGASMINI,CE,295.0,NATGASMINI23OCT26295CE,11.5,1000,BUY_AGGRESSOR,12315000,1606500
2026-10-01 23:26:05.028,NATGASMINI,PE,295.0,NATGASMINI23OCT26295PE,19.1,1000,BUY_AGGRESSOR,5455250,681500
2026-10-01 23:26:05.028,NATGASMINI,CE,300.0,NATGASMINI23OCT26300CE,9.85,9500,SELL_AGGRESSOR,13156250,3164250
2026-10-01 23:26:05.028,NATGASMINI,PE,300.0,NATGASMINI23OCT26300PE,22.55,1000,BUY_AGGRESSOR,3190250,961000
2026-10-01 23:26:05.028,NATGASMINI,CE,315.0,NATGASMINI23OCT26315CE,6.4,250,BUY_AGGRESSOR,2765500,1213000
2026-10-01 23:26:08.915,NATURALGAS,PE,255.0,NATURALGAS23OCT26255PE,2.5,1250,SELL_AGGRESSOR,7383750,2133750
2026-10-01 23:26:08.915,NATURALGAS,PE,265.0,NATURALGAS23OCT26265PE,4.65,1250,SELL_AGGRESSOR,12986250,4343750
2026-10-01 23:26:08.915,NATURALGAS,PE,275.0,NATURALGAS23OCT26275PE,8.1,1250,INSIDE,18752500,3697500
2026-10-01 23:26:08.915,NATURALGAS,PE,280.0,NATURALGAS23OCT26280PE,10.35,6250,SELL_AGGRESSOR,47816250,11393750
2026-10-01 23:26:08.915,NATURALGAS,CE,290.0,NATURALGAS23OCT26290CE,13.1,2500,BUY_AGGRESSOR,90368750,15976250
2026-10-01 23:26:08.915,NATURALGAS,CE,295.0,NATURALGAS23OCT26295CE,11.35,2500,BUY_AGGRESSOR,35625000,6912500
2026-10-01 23:26:08.915,NATURALGAS,PE,300.0,NATURALGAS23OCT26300PE,22.45,1250,SELL_AGGRESSOR,14155000,13796250
2026-10-01 23:26:08.915,NATGASMINI,FUT,0.0,NATGASMINI27OCT26FUT,287.3,500,SELL_AGGRESSOR,41282750,16837250
2026-10-01 23:26:08.915,NATGASMINI,PE,265.0,NATGASMINI23OCT26265PE,4.7,1250,BUY_AGGRESSOR,5912750,3208250
2026-10-01 23:26:08.915,NATGASMINI,PE,285.0,NATGASMINI23OCT26285PE,13.15,1250,BUY_AGGRESSOR,19999250,952250
2026-10-01 23:26:08.915,NATGASMINI,CE,290.0,NATGASMINI23OCT26290CE,13.3,750,BUY_AGGRESSOR,25629750,2968000
2026-10-01 23:26:08.915,NATGASMINI,PE,290.0,NATGASMINI23OCT26290PE,15.95,3250,SELL,18735250,1334500
2026-10-01 23:26:08.915,NATGASMINI,CE,295.0,NATGASMINI23OCT26295CE,11.5,750,BUY_AGGRESSOR,12315750,1606500
2026-10-01 23:26:08.915,NATGASMINI,PE,295.0,NATGASMINI23OCT26295PE,19.1,750,BUY_AGGRESSOR,5456000,679750
2026-10-01 23:26:08.915,NATGASMINI,CE,300.0,NATGASMINI23OCT26300CE,9.9,1000,BUY_AGGRESSOR,13157250,3164250
2026-10-01 23:26:08.915,NATGASMINI,PE,300.0,NATGASMINI23OCT26300PE,22.4,750,SELL_AGGRESSOR,3191000,960250
2026-10-01 23:26:12.740,NATURALGAS,FUT,0.0,NATURALGAS27OCT26FUT,287.4,5000,BUY_AGGRESSOR,127852500,68308750
2026-10-01 23:26:12.740,NATURALGAS,PE,255.0,NATURALGAS23OCT26255PE,2.5,10000,SELL_AGGRESSOR,7393750,2133750
2026-10-01 23:26:12.740,NATURALGAS,PE,265.0,NATURALGAS23OCT26265PE,4.6,123750,SELL_AGGRESSOR,13110000,4343750
2026-10-01 23:26:12.740,NATURALGAS,PE,275.0,NATURALGAS23OCT26275PE,8.1,86250,INSIDE,18838750,3697500
2026-10-01 23:26:12.740,NATURALGAS,PE,280.0,NATURALGAS23OCT26280PE,10.3,7500,SELL_AGGRESSOR,47823750,11393750
2026-10-01 23:26:12.740,NATURALGAS,CE,285.0,NATURALGAS23OCT26285CE,15.15,16250,SELL_AGGRESSOR,35888750,4765000
2026-10-01 23:26:12.740,NATURALGAS,PE,285.0,NATURALGAS23OCT26285PE,12.9,61250,SELL_AGGRESSOR,53917500,5093750
2026-10-01 23:26:12.740,NATURALGAS,CE,290.0,NATURALGAS23OCT26290CE,13.05,1250,SELL,90370000,15956250
2026-10-01 23:26:12.740,NATURALGAS,PE,295.0,NATURALGAS23OCT26295PE,18.95,32500,SELL_AGGRESSOR,15578750,5247500
2026-10-01 23:26:12.740,NATURALGAS,CE,300.0,NATURALGAS23OCT26300CE,9.7,2500,BUY_AGGRESSOR,55737500,19895000
2026-10-01 23:26:12.740,NATGASMINI,FUT,0.0,NATGASMINI27OCT26FUT,287.4,500,BUY_AGGRESSOR,41283250,16834000
2026-10-01 23:26:12.740,NATGASMINI,CE,285.0,NATGASMINI23OCT26285CE,15.3,1250,SELL_AGGRESSOR,10757000,812250
2026-10-01 23:26:12.740,NATGASMINI,PE,285.0,NATGASMINI23OCT26285PE,13.1,3750,SELL,20003000,950250
2026-10-01 23:26:12.740,NATGASMINI,CE,290.0,NATGASMINI23OCT26290CE,13.25,1500,SELL,25631250,2967000
2026-10-01 23:26:12.740,NATGASMINI,PE,290.0,NATGASMINI23OCT26290PE,16.0,2000,BUY_AGGRESSOR,18737250,1332000
2026-10-01 23:26:12.740,NATGASMINI,CE,295.0,NATGASMINI23OCT26295CE,11.5,1000,BUY_AGGRESSOR,12316750,1606250
2026-10-01 23:26:12.740,NATGASMINI,PE,295.0,NATGASMINI23OCT26295PE,19.1,1000,BUY_AGGRESSOR,5457000,679500
2026-10-01 23:26:12.740,NATGASMINI,CE,300.0,NATGASMINI23OCT26300CE,9.9,1000,BUY_AGGRESSOR,13158250,3161750
2026-10-01 23:26:16.577,NATURALGAS,FUT,0.0,NATURALGAS27OCT26FUT,287.3,16250,SELL_AGGRESSOR,127868750,68310000
2026-10-01 23:26:16.577,NATURALGAS,PE,275.0,NATURALGAS23OCT26275PE,8.05,1250,SELL_AGGRESSOR,18840000,3697500
2026-10-01 23:26:16.577,NATURALGAS,CE,280.0,NATURALGAS23OCT26280CE,17.5,2500,SELL_AGGRESSOR,26653750,4298750
2026-10-01 23:26:16.577,NATURALGAS,CE,285.0,NATURALGAS23OCT26285CE,15.15,15000,BUY_AGGRESSOR,35903750,4763750
2026-10-01 23:26:16.577,NATURALGAS,PE,285.0,NATURALGAS23OCT26285PE,12.95,12500,BUY,53930000,5093750
2026-10-01 23:26:16.577,NATURALGAS,CE,290.0,NATURALGAS23OCT26290CE,13.05,6250,BUY_AGGRESSOR,90376250,15955000
2026-10-01 23:26:16.577,NATURALGAS,PE,290.0,NATURALGAS23OCT26290PE,15.8,6250,SELL_AGGRESSOR,77491250,12236250
2026-10-01 23:26:16.577,NATURALGAS,CE,295.0,NATURALGAS23OCT26295CE,11.3,1250,BUY_AGGRESSOR,35626250,6917500
2026-10-01 23:26:16.577,NATURALGAS,CE,300.0,NATURALGAS23OCT26300CE,9.7,3750,BUY_AGGRESSOR,55741250,19871250
2026-10-01 23:26:16.577,NATGASMINI,FUT,0.0,NATGASMINI27OCT26FUT,287.4,3000,BUY_AGGRESSOR,41286250,16834000
2026-10-01 23:26:16.577,NATGASMINI,PE,275.0,NATGASMINI23OCT26275PE,8.15,1250,SELL_AGGRESSOR,5025250,670750
2026-10-01 23:26:16.577,NATGASMINI,CE,280.0,NATGASMINI23OCT26280CE,17.65,1000,SELL_AGGRESSOR,3923000,352250
2026-10-01 23:26:16.577,NATGASMINI,PE,280.0,NATGASMINI23OCT26280PE,10.4,750,SELL_AGGRESSOR,10031000,1186500
2026-10-01 23:26:16.577,NATGASMINI,CE,285.0,NATGASMINI23OCT26285CE,15.3,1250,SELL_AGGRESSOR,10758250,812000
2026-10-01 23:26:16.577,NATGASMINI,PE,285.0,NATGASMINI23OCT26285PE,13.15,1250,BUY_AGGRESSOR,20004250,949000
2026-10-01 23:26:16.577,NATGASMINI,CE,290.0,NATGASMINI23OCT26290CE,13.25,2000,BUY_AGGRESSOR,25633250,2966750
2026-10-01 23:26:16.577,NATGASMINI,PE,290.0,NATGASMINI23OCT26290PE,15.95,1500,BUY_AGGRESSOR,18738750,1328750
2026-10-01 23:26:16.577,NATGASMINI,CE,295.0,NATGASMINI23OCT26295CE,11.5,1250,BUY_AGGRESSOR,12318000,1605500
2026-10-01 23:26:16.577,NATGASMINI,PE,295.0,NATGASMINI23OCT26295PE,19.1,1250,BUY_AGGRESSOR,5458250,679500
2026-10-01 23:26:16.577,NATGASMINI,CE,300.0,NATGASMINI23OCT26300CE,9.9,3500,BUY_AGGRESSOR,13161750,3168250
2026-10-01 23:26:16.577,NATGASMINI,PE,300.0,NATGASMINI23OCT26300PE,22.3,750,SELL_AGGRESSOR,3191750,957750
2026-10-01 23:26:20.379,NATURALGAS,CE,290.0,NATURALGAS23OCT26290CE,13.05,8750,BUY_AGGRESSOR,90385000,15955000
2026-10-01 23:26:20.379,NATURALGAS,PE,290.0,NATURALGAS23OCT26290PE,15.8,5000,SELL_AGGRESSOR,77496250,12236250
2026-10-01 23:26:20.379,NATURALGAS,CE,295.0,NATURALGAS23OCT26295CE,11.3,1250,BUY_AGGRESSOR,35627500,6917500
2026-10-01 23:26:20.379,NATGASMINI,FUT,0.0,NATGASMINI27OCT26FUT,287.4,1750,BUY_AGGRESSOR,41288000,16834000
2026-10-01 23:26:20.379,NATGASMINI,CE,285.0,NATGASMINI23OCT26285CE,15.2,1000,SELL_AGGRESSOR,10759250,812000
2026-10-01 23:26:20.379,NATGASMINI,PE,285.0,NATGASMINI23OCT26285PE,13.15,4250,BUY_AGGRESSOR,20008500,948250
2026-10-01 23:26:20.379,NATGASMINI,CE,290.0,NATGASMINI23OCT26290CE,13.25,1000,BUY_AGGRESSOR,25634250,2966500
2026-10-01 23:26:20.379,NATGASMINI,PE,290.0,NATGASMINI23OCT26290PE,15.95,1000,BUY_AGGRESSOR,18739750,1325000
2026-10-01 23:26:20.379,NATGASMINI,CE,295.0,NATGASMINI23OCT26295CE,11.5,1000,BUY_AGGRESSOR,12319000,1605500
2026-10-01 23:26:20.379,NATGASMINI,PE,295.0,NATGASMINI23OCT26295PE,19.1,1000,BUY_AGGRESSOR,5459250,679500
2026-10-01 23:26:20.379,NATGASMINI,CE,300.0,NATGASMINI23OCT26300CE,9.9,4750,BUY_AGGRESSOR,13166500,3168250
2026-10-01 23:26:20.379,NATGASMINI,CE,310.0,NATGASMINI23OCT26310CE,7.4,750,BUY_AGGRESSOR,5207500,1821250
2026-10-01 23:26:24.220,NATURALGAS,PE,290.0,NATURALGAS23OCT26290PE,15.85,1250,BUY_AGGRESSOR,77497500,12236250
2026-10-01 23:26:24.220,NATURALGAS,CE,300.0,NATURALGAS23OCT26300CE,9.7,2500,BUY_AGGRESSOR,55743750,19872500
2026-10-01 23:26:24.220,NATURALGAS,PE,305.0,NATURALGAS23OCT26305PE,26.0,2500,SELL_AGGRESSOR,2115000,2690000
2026-10-01 23:26:24.220,NATURALGAS,CE,315.0,NATURALGAS23OCT26315CE,6.25,1250,BUY_AGGRESSOR,11691250,3425000
2026-10-01 23:26:24.220,NATGASMINI,FUT,0.0,NATGASMINI27OCT26FUT,287.4,3000,BUY_AGGRESSOR,41291000,16833750
2026-10-01 23:26:24.220,NATGASMINI,PE,285.0,NATGASMINI23OCT26285PE,13.05,750,SELL,20009250,948250
2026-10-01 23:26:24.220,NATGASMINI,CE,290.0,NATGASMINI23OCT26290CE,13.25,750,BUY_AGGRESSOR,25635000,2965750
2026-10-01 23:26:24.220,NATGASMINI,PE,290.0,NATGASMINI23OCT26290PE,15.95,750,BUY_AGGRESSOR,18740500,1324250
2026-10-01 23:26:24.220,NATGASMINI,CE,295.0,NATGASMINI23OCT26295CE,11.5,1000,BUY_AGGRESSOR,12320000,1605000
2026-10-01 23:26:24.220,NATGASMINI,PE,295.0,NATGASMINI23OCT26295PE,19.1,750,BUY_AGGRESSOR,5460000,679500
2026-10-01 23:26:24.220,NATGASMINI,CE,300.0,NATGASMINI23OCT26300CE,9.9,750,BUY_AGGRESSOR,13167250,3168250
2026-10-01 23:26:28.032,NATURALGAS,FUT,0.0,NATURALGAS27OCT26FUT,287.4,8750,BUY_AGGRESSOR,127877500,68313750
2026-10-01 23:26:28.032,NATURALGAS,PE,285.0,NATURALGAS23OCT26285PE,12.95,1250,BUY_AGGRESSOR,53931250,5093750
2026-10-01 23:26:28.032,NATURALGAS,PE,290.0,NATURALGAS23OCT26290PE,15.85,1250,BUY_AGGRESSOR,77498750,12237500
2026-10-01 23:26:28.032,NATURALGAS,CE,295.0,NATURALGAS23OCT26295CE,11.3,1250,BUY_AGGRESSOR,35628750,6920000
2026-10-01 23:26:28.032,NATURALGAS,CE,300.0,NATURALGAS23OCT26300CE,9.7,3750,BUY_AGGRESSOR,55747500,19872500
2026-10-01 23:26:28.032,NATURALGAS,CE,310.0,NATURALGAS23OCT26310CE,7.2,1250,SELL_AGGRESSOR,32283750,11218750
2026-10-01 23:26:28.032,NATGASMINI,FUT,0.0,NATGASMINI27OCT26FUT,287.4,1000,BUY_AGGRESSOR,41292000,16833250
2026-10-01 23:26:28.032,NATGASMINI,PE,280.0,NATGASMINI23OCT26280PE,10.4,250,SELL_AGGRESSOR,10031250,1185750
2026-10-01 23:26:28.032,NATGASMINI,PE,285.0,NATGASMINI23OCT26285PE,13.1,1000,BUY_AGGRESSOR,20010250,948250
2026-10-01 23:26:28.032,NATGASMINI,CE,290.0,NATGASMINI23OCT26290CE,13.25,2500,BUY_AGGRESSOR,25637500,2965750
2026-10-01 23:26:28.032,NATGASMINI,PE,290.0,NATGASMINI23OCT26290PE,15.95,1000,BUY_AGGRESSOR,18741500,1324250
2026-10-01 23:26:28.032,NATGASMINI,CE,295.0,NATGASMINI23OCT26295CE,11.5,2000,BUY_AGGRESSOR,12322000,1604000
2026-10-01 23:26:28.032,NATGASMINI,PE,295.0,NATGASMINI23OCT26295PE,19.1,1000,BUY_AGGRESSOR,5461000,679500
2026-10-01 23:26:28.032,NATGASMINI,CE,300.0,NATGASMINI23OCT26300CE,9.9,2250,BUY_AGGRESSOR,13169500,3169000
2026-10-01 23:26:28.032,NATGASMINI,CE,305.0,NATGASMINI23OCT26305CE,8.45,250,SELL_AGGRESSOR,6145000,1689750
2026-10-01 23:26:31.868,NATURALGAS,FUT,0.0,NATURALGAS27OCT26FUT,287.3,7500,SELL_AGGRESSOR,127885000,68313750
2026-10-01 23:26:31.868,NATURALGAS,PE,260.0,NATURALGAS23OCT26260PE,3.45,1250,SELL_AGGRESSOR,28108750,10546250
2026-10-01 23:26:31.868,NATURALGAS,PE,270.0,NATURALGAS23OCT26270PE,6.2,3750,BUY_AGGRESSOR,33317500,11225000
2026-10-01 23:26:31.868,NATURALGAS,PE,275.0,NATURALGAS23OCT26275PE,8.05,1250,SELL_AGGRESSOR,18841250,3667500
2026-10-01 23:26:31.868,NATURALGAS,PE,280.0,NATURALGAS23OCT26280PE,10.4,5000,BUY_AGGRESSOR,47828750,11391250
2026-10-01 23:26:31.868,NATURALGAS,CE,285.0,NATURALGAS23OCT26285CE,15.15,2500,BUY_AGGRESSOR,35906250,4752500
2026-10-01 23:26:31.868,NATURALGAS,CE,290.0,NATURALGAS23OCT26290CE,13.05,35000,SELL_AGGRESSOR,90420000,15952500
2026-10-01 23:26:31.868,NATURALGAS,PE,290.0,NATURALGAS23OCT26290PE,15.85,3750,BUY_AGGRESSOR,77502500,12238750
2026-10-01 23:26:31.868,NATURALGAS,CE,295.0,NATURALGAS23OCT26295CE,11.25,5000,SELL_AGGRESSOR,35633750,6920000
2026-10-01 23:26:31.868,NATURALGAS,CE,300.0,NATURALGAS23OCT26300CE,9.7,7500,BUY_AGGRESSOR,55755000,19872500
2026-10-01 23:26:31.868,NATGASMINI,PE,265.0,NATGASMINI23OCT26265PE,4.65,5250,SELL_AGGRESSOR,5918000,3208250
2026-10-01 23:26:31.868,NATGASMINI,CE,280.0,NATGASMINI23OCT26280CE,17.75,750,BUY_AGGRESSOR,3923750,352250
2026-10-01 23:26:31.868,NATGASMINI,PE,280.0,NATGASMINI23OCT26280PE,10.5,7500,BUY_AGGRESSOR,10038750,1185750
2026-10-01 23:26:31.868,NATGASMINI,PE,285.0,NATGASMINI23OCT26285PE,13.15,1250,BUY_AGGRESSOR,20011500,947250
2026-10-01 23:26:31.868,NATGASMINI,CE,290.0,NATGASMINI23OCT26290CE,13.3,2500,BUY_AGGRESSOR,25640000,2964500
2026-10-01 23:26:31.868,NATGASMINI,PE,290.0,NATGASMINI23OCT26290PE,15.95,1250,BUY_AGGRESSOR,18742750,1324250
2026-10-01 23:26:31.868,NATGASMINI,CE,295.0,NATGASMINI23OCT26295CE,11.5,1250,BUY_AGGRESSOR,12323250,1601500
2026-10-01 23:26:31.868,NATGASMINI,PE,295.0,NATGASMINI23OCT26295PE,19.1,1250,BUY_AGGRESSOR,5462250,679500
2026-10-01 23:26:31.868,NATGASMINI,CE,300.0,NATGASMINI23OCT26300CE,9.85,29000,SELL,13198500,3166250
2026-10-01 23:26:35.726,NATURALGAS,PE,265.0,NATURALGAS23OCT26265PE,4.6,1250,SELL_AGGRESSOR,13111250,4237500
2026-10-01 23:26:35.726,NATURALGAS,PE,275.0,NATURALGAS23OCT26275PE,8.1,6250,BUY_AGGRESSOR,18847500,3667500
2026-10-01 23:26:35.726,NATURALGAS,PE,285.0,NATURALGAS23OCT26285PE,12.9,1250,SELL_AGGRESSOR,53932500,5093750
2026-10-01 23:26:35.726,NATURALGAS,CE,290.0,NATURALGAS23OCT26290CE,13.1,6250,BUY_AGGRESSOR,90426250,15952500
2026-10-01 23:26:35.726,NATURALGAS,PE,290.0,NATURALGAS23OCT26290PE,15.85,15000,BUY_AGGRESSOR,77517500,12238750
2026-10-01 23:26:35.726,NATURALGAS,CE,295.0,NATURALGAS23OCT26295CE,11.3,1250,BUY_AGGRESSOR,35635000,6920000
2026-10-01 23:26:35.726,NATURALGAS,CE,300.0,NATURALGAS23OCT26300CE,9.7,47500,BUY_AGGRESSOR,55802500,19872500
2026-10-01 23:26:35.726,NATURALGAS,CE,310.0,NATURALGAS23OCT26310CE,7.25,22500,BUY_AGGRESSOR,32306250,11218750
2026-10-01 23:26:35.726,NATGASMINI,FUT,0.0,NATGASMINI27OCT26FUT,287.3,3250,SELL_AGGRESSOR,41295250,16832250
2026-10-01 23:26:35.726,NATGASMINI,CE,280.0,NATGASMINI23OCT26280CE,17.8,250,BUY_AGGRESSOR,3924000,352250
2026-10-01 23:26:35.726,NATGASMINI,CE,285.0,NATGASMINI23OCT26285CE,15.3,500,BUY_AGGRESSOR,10759750,808250
2026-10-01 23:26:35.726,NATGASMINI,PE,285.0,NATGASMINI23OCT26285PE,13.1,750,BUY_AGGRESSOR,20012250,947250
2026-10-01 23:26:35.726,NATGASMINI,CE,290.0,NATGASMINI23OCT26290CE,13.25,5250,SELL,25645250,2964000
2026-10-01 23:26:35.726,NATGASMINI,PE,290.0,NATGASMINI23OCT26290PE,15.95,750,BUY_AGGRESSOR,18743500,1324250
2026-10-01 23:26:35.726,NATGASMINI,CE,295.0,NATGASMINI23OCT26295CE,11.5,11000,BUY_AGGRESSOR,12334250,1601500
2026-10-01 23:26:35.726,NATGASMINI,PE,295.0,NATGASMINI23OCT26295PE,19.0,3500,SELL_AGGRESSOR,5465750,679500
2026-10-01 23:26:35.726,NATGASMINI,CE,300.0,NATGASMINI23OCT26300CE,9.95,23000,BUY_AGGRESSOR,13221500,3166250
2026-10-01 23:26:35.726,NATGASMINI,CE,315.0,NATGASMINI23OCT26315CE,6.35,27250,BUY_AGGRESSOR,2792750,1213250
2026-10-01 23:26:39.525,NATURALGAS,FUT,0.0,NATURALGAS27OCT26FUT,287.4,20000,BUY_AGGRESSOR,127905000,68306250
2026-10-01 23:26:39.525,NATURALGAS,PE,265.0,NATURALGAS23OCT26265PE,4.6,1250,SELL_AGGRESSOR,13112500,4237500
2026-10-01 23:26:39.525,NATURALGAS,CE,275.0,NATURALGAS23OCT26275CE,20.3,1250,BUY,3881250,390000
2026-10-01 23:26:39.525,NATURALGAS,PE,275.0,NATURALGAS23OCT26275PE,8.05,2500,SELL_AGGRESSOR,18850000,3667500
2026-10-01 23:26:39.525,NATURALGAS,CE,280.0,NATURALGAS23OCT26280CE,17.6,1250,BUY_AGGRESSOR,26655000,4296250
2026-10-01 23:26:39.525,NATURALGAS,PE,280.0,NATURALGAS23OCT26280PE,10.4,5000,BUY_AGGRESSOR,47833750,11391250
2026-10-01 23:26:39.525,NATURALGAS,CE,285.0,NATURALGAS23OCT26285CE,15.2,26250,BUY_AGGRESSOR,35932500,4752500
2026-10-01 23:26:39.525,NATURALGAS,PE,285.0,NATURALGAS23OCT26285PE,12.95,1250,BUY,53933750,5093750
2026-10-01 23:26:39.525,NATURALGAS,CE,290.0,NATURALGAS23OCT26290CE,13.15,51250,BUY_AGGRESSOR,90477500,15952500
2026-10-01 23:26:39.525,NATURALGAS,PE,290.0,NATURALGAS23OCT26290PE,15.8,16250,SELL_AGGRESSOR,77533750,12238750
2026-10-01 23:26:39.525,NATURALGAS,CE,295.0,NATURALGAS23OCT26295CE,11.3,27500,BUY_AGGRESSOR,35662500,6921250
2026-10-01 23:26:39.525,NATURALGAS,PE,295.0,NATURALGAS23OCT26295PE,18.9,6250,SELL_AGGRESSOR,15585000,5248750
2026-10-01 23:26:39.525,NATURALGAS,CE,300.0,NATURALGAS23OCT26300CE,9.75,46250,BUY_AGGRESSOR,55848750,19872500
2026-10-01 23:26:39.525,NATURALGAS,PE,300.0,NATURALGAS23OCT26300PE,22.45,6250,SELL_AGGRESSOR,14161250,13783750
2026-10-01 23:26:39.525,NATURALGAS,CE,305.0,NATURALGAS23OCT26305CE,8.35,1250,BUY_AGGRESSOR,21136250,8297500
2026-10-01 23:26:39.525,NATURALGAS,PE,310.0,NATURALGAS23OCT26310PE,29.9,1250,SELL,2470000,4498750
2026-10-01 23:26:39.525,NATURALGAS,CE,315.0,NATURALGAS23OCT26315CE,6.25,8750,BUY_AGGRESSOR,11700000,3422500
2026-10-01 23:26:39.525,NATGASMINI,CE,285.0,NATGASMINI23OCT26285CE,15.3,250,BUY_AGGRESSOR,10760000,807750
2026-10-01 23:26:39.525,NATGASMINI,PE,285.0,NATGASMINI23OCT26285PE,13.05,2000,BUY_AGGRESSOR,20014250,947250
2026-10-01 23:26:39.525,NATGASMINI,CE,290.0,NATGASMINI23OCT26290CE,13.3,4500,BUY_AGGRESSOR,25649750,2962000
2026-10-01 23:26:39.525,NATGASMINI,PE,290.0,NATGASMINI23OCT26290PE,15.9,1500,SELL,18745000,1324250
2026-10-01 23:26:39.525,NATGASMINI,CE,295.0,NATGASMINI23OCT26295CE,11.55,10500,BUY_AGGRESSOR,12344750,1601250
2026-10-01 23:26:39.525,NATGASMINI,PE,295.0,NATGASMINI23OCT26295PE,19.0,3250,INSIDE,5469000,679500
2026-10-01 23:26:39.525,NATGASMINI,CE,300.0,NATGASMINI23OCT26300CE,9.95,9750,BUY_AGGRESSOR,13231250,3167250
2026-10-01 23:26:39.525,NATGASMINI,CE,305.0,NATGASMINI23OCT26305CE,8.5,500,BUY,6145500,1690000
2026-10-01 23:26:43.360,NATURALGAS,FUT,0.0,NATURALGAS27OCT26FUT,287.4,25000,BUY_AGGRESSOR,127930000,68308750
2026-10-01 23:26:43.360,NATURALGAS,PE,265.0,NATURALGAS23OCT26265PE,4.65,6250,BUY_AGGRESSOR,13118750,4237500
2026-10-01 23:26:43.360,NATURALGAS,PE,270.0,NATURALGAS23OCT26270PE,6.1,22500,SELL_AGGRESSOR,33340000,11225000
2026-10-01 23:26:43.360,NATURALGAS,PE,275.0,NATURALGAS23OCT26275PE,8.05,1250,BUY_AGGRESSOR,18851250,3667500
2026-10-01 23:26:43.360,NATURALGAS,PE,280.0,NATURALGAS23OCT26280PE,10.4,1250,BUY_AGGRESSOR,47835000,11391250
2026-10-01 23:26:43.360,NATURALGAS,CE,285.0,NATURALGAS23OCT26285CE,15.2,2500,INSIDE,35935000,4752500
2026-10-01 23:26:43.360,NATURALGAS,PE,285.0,NATURALGAS23OCT26285PE,12.95,1250,BUY_AGGRESSOR,53935000,5093750
2026-10-01 23:26:43.360,NATURALGAS,CE,290.0,NATURALGAS23OCT26290CE,13.15,2500,BUY_AGGRESSOR,90480000,15952500
2026-10-01 23:26:43.360,NATURALGAS,PE,290.0,NATURALGAS23OCT26290PE,15.85,1250,BUY_AGGRESSOR,77535000,12240000
2026-10-01 23:26:43.360,NATURALGAS,CE,300.0,NATURALGAS23OCT26300CE,9.7,5000,SELL_AGGRESSOR,55853750,19872500
2026-10-01 23:26:43.360,NATURALGAS,PE,305.0,NATURALGAS23OCT26305PE,25.95,2500,SELL_AGGRESSOR,2117500,2690000
2026-10-01 23:26:43.360,NATURALGAS,CE,315.0,NATURALGAS23OCT26315CE,6.25,5000,SELL_AGGRESSOR,11705000,3422500
2026-10-01 23:26:43.360,NATGASMINI,FUT,0.0,NATGASMINI27OCT26FUT,287.4,10000,BUY_AGGRESSOR,41305250,16831250
2026-10-01 23:26:43.360,NATGASMINI,PE,265.0,NATGASMINI23OCT26265PE,4.65,1750,BUY_AGGRESSOR,5919750,3208250
2026-10-01 23:26:43.360,NATGASMINI,CE,285.0,NATGASMINI23OCT26285CE,15.35,6250,BUY_AGGRESSOR,10766250,807750
2026-10-01 23:26:43.360,NATGASMINI,PE,285.0,NATGASMINI23OCT26285PE,13.05,1250,BUY_AGGRESSOR,20015500,946750
2026-10-01 23:26:43.360,NATGASMINI,CE,290.0,NATGASMINI23OCT26290CE,13.3,750,BUY_AGGRESSOR,25650500,2961250
2026-10-01 23:26:43.360,NATGASMINI,PE,290.0,NATGASMINI23OCT26290PE,15.85,1000,SELL_AGGRESSOR,18746000,1324250
2026-10-01 23:26:43.360,NATGASMINI,CE,295.0,NATGASMINI23OCT26295CE,11.55,750,BUY_AGGRESSOR,12345500,1601250
2026-10-01 23:26:43.360,NATGASMINI,PE,295.0,NATGASMINI23OCT26295PE,19.0,3000,BUY_AGGRESSOR,5472000,679500
2026-10-01 23:26:43.360,NATGASMINI,CE,300.0,NATGASMINI23OCT26300CE,9.95,750,BUY_AGGRESSOR,13232000,3166750
2026-10-01 23:26:43.360,NATGASMINI,CE,310.0,NATGASMINI23OCT26310CE,7.35,750,SELL_AGGRESSOR,5208250,1822000
2026-10-01 23:26:47.214,NATURALGAS,FUT,0.0,NATURALGAS27OCT26FUT,287.4,40000,BUY_AGGRESSOR,127970000,68305000
2026-10-01 23:26:47.214,NATURALGAS,PE,260.0,NATURALGAS23OCT26260PE,3.45,2500,SELL_AGGRESSOR,28111250,10546250
2026-10-01 23:26:47.214,NATURALGAS,PE,270.0,NATURALGAS23OCT26270PE,6.15,5000,SELL_AGGRESSOR,33345000,11228750
2026-10-01 23:26:47.214,NATURALGAS,PE,275.0,NATURALGAS23OCT26275PE,8.1,6250,BUY_AGGRESSOR,18857500,3667500
2026-10-01 23:26:47.214,NATURALGAS,PE,285.0,NATURALGAS23OCT26285PE,12.95,1250,BUY_AGGRESSOR,53936250,5095000
2026-10-01 23:26:47.214,NATURALGAS,CE,290.0,NATURALGAS23OCT26290CE,13.1,3750,SELL_AGGRESSOR,90483750,15917500
2026-10-01 23:26:47.214,NATGASMINI,FUT,0.0,NATGASMINI27OCT26FUT,287.3,8250,SELL_AGGRESSOR,41313500,16831250
2026-10-01 23:26:47.214,NATGASMINI,PE,265.0,NATGASMINI23OCT26265PE,4.65,5000,BUY_AGGRESSOR,5924750,3208250
2026-10-01 23:26:47.214,NATGASMINI,CE,280.0,NATGASMINI23OCT26280CE,17.8,4000,SELL_AGGRESSOR,3928000,352250
2026-10-01 23:26:47.214,NATGASMINI,PE,280.0,NATGASMINI23OCT26280PE,10.4,500,SELL_AGGRESSOR,10039250,1185750
2026-10-01 23:26:47.214,NATGASMINI,CE,285.0,NATGASMINI23OCT26285CE,15.35,250,SELL_AGGRESSOR,10766500,807750
2026-10-01 23:26:47.214,NATGASMINI,PE,285.0,NATGASMINI23OCT26285PE,13.05,1000,BUY_AGGRESSOR,20016500,946250
2026-10-01 23:26:47.214,NATGASMINI,CE,290.0,NATGASMINI23OCT26290CE,13.3,2250,BUY_AGGRESSOR,25652750,2960750
2026-10-01 23:26:47.214,NATGASMINI,PE,290.0,NATGASMINI23OCT26290PE,15.9,1000,BUY_AGGRESSOR,18747000,1324250
2026-10-01 23:26:47.214,NATGASMINI,CE,295.0,NATGASMINI23OCT26295CE,11.55,1000,BUY_AGGRESSOR,12346500,1601250
2026-10-01 23:26:47.214,NATGASMINI,PE,295.0,NATGASMINI23OCT26295PE,19.05,1000,BUY_AGGRESSOR,5473000,679500
2026-10-01 23:26:47.214,NATGASMINI,CE,300.0,NATGASMINI23OCT26300CE,9.95,1500,BUY_AGGRESSOR,13233500,3169000
2026-10-01 23:26:47.214,NATGASMINI,CE,310.0,NATGASMINI23OCT26310CE,7.35,12750,SELL_AGGRESSOR,5221000,1822000
2026-10-01 23:26:51.061,NATURALGAS,FUT,0.0,NATURALGAS27OCT26FUT,287.4,35000,BUY_AGGRESSOR,128005000,68305000
2026-10-01 23:26:51.061,NATURALGAS,PE,260.0,NATURALGAS23OCT26260PE,3.45,5000,SELL_AGGRESSOR,28116250,10546250
2026-10-01 23:26:51.061,NATURALGAS,CE,280.0,NATURALGAS23OCT26280CE,17.55,2500,SELL_AGGRESSOR,26657500,4296250
2026-10-01 23:26:51.061,NATURALGAS,PE,280.0,NATURALGAS23OCT26280PE,10.35,2500,SELL_AGGRESSOR,47837500,11390000
2026-10-01 23:26:51.061,NATURALGAS,PE,285.0,NATURALGAS23OCT26285PE,12.95,1250,BUY_AGGRESSOR,53937500,5095000
2026-10-01 23:26:51.061,NATURALGAS,CE,290.0,NATURALGAS23OCT26290CE,13.1,1250,SELL_AGGRESSOR,90485000,15921250
2026-10-01 23:26:51.061,NATGASMINI,FUT,0.0,NATGASMINI27OCT26FUT,287.4,20500,BUY_AGGRESSOR,41334000,16828000
2026-10-01 23:26:51.061,NATGASMINI,PE,285.0,NATGASMINI23OCT26285PE,13.05,750,BUY_AGGRESSOR,20017250,945500
2026-10-01 23:26:51.061,NATGASMINI,CE,290.0,NATGASMINI23OCT26290CE,13.3,750,BUY_AGGRESSOR,25653500,2961500
2026-10-01 23:26:51.061,NATGASMINI,PE,290.0,NATGASMINI23OCT26290PE,15.9,750,BUY_AGGRESSOR,18747750,1324250
2026-10-01 23:26:51.061,NATGASMINI,CE,295.0,NATGASMINI23OCT26295CE,11.55,750,BUY_AGGRESSOR,12347250,1599750
2026-10-01 23:26:51.061,NATGASMINI,CE,300.0,NATGASMINI23OCT26300CE,9.95,1750,BUY_AGGRESSOR,13235250,3169000
2026-10-01 23:26:54.914,NATURALGAS,FUT,0.0,NATURALGAS27OCT26FUT,287.4,7500,SELL_AGGRESSOR,128012500,68303750
2026-10-01 23:26:54.914,NATURALGAS,PE,280.0,NATURALGAS23OCT26280PE,10.35,3750,BUY_AGGRESSOR,47841250,11390000
2026-10-01 23:26:54.914,NATURALGAS,CE,290.0,NATURALGAS23OCT26290CE,13.1,3750,SELL_AGGRESSOR,90488750,15935000
2026-10-01 23:26:54.914,NATURALGAS,PE,290.0,NATURALGAS23OCT26290PE,15.8,1250,SELL_AGGRESSOR,77536250,12241250
2026-10-01 23:26:54.914,NATGASMINI,FUT,0.0,NATGASMINI27OCT26FUT,287.4,500,SELL_AGGRESSOR,41334500,16828000
2026-10-01 23:26:54.914,NATGASMINI,PE,270.0,NATGASMINI23OCT26270PE,6.2,250,SELL_AGGRESSOR,4241250,970000
2026-10-01 23:26:54.914,NATGASMINI,CE,285.0,NATGASMINI23OCT26285CE,15.4,1250,BUY,10767750,807750
2026-10-01 23:26:54.914,NATGASMINI,PE,285.0,NATGASMINI23OCT26285PE,13.05,1000,INSIDE,20018250,945250
2026-10-01 23:26:54.914,NATGASMINI,CE,290.0,NATGASMINI23OCT26290CE,13.3,2250,BUY_AGGRESSOR,25655750,2960500
2026-10-01 23:26:54.914,NATGASMINI,PE,290.0,NATGASMINI23OCT26290PE,15.9,1250,BUY_AGGRESSOR,18749000,1323750
2026-10-01 23:26:54.914,NATGASMINI,CE,295.0,NATGASMINI23OCT26295CE,11.6,1000,BUY_AGGRESSOR,12348250,1599750
2026-10-01 23:26:54.914,NATGASMINI,CE,300.0,NATGASMINI23OCT26300CE,9.95,2000,BUY_AGGRESSOR,13237250,3169000
2026-10-01 23:26:54.914,NATGASMINI,CE,305.0,NATGASMINI23OCT26305CE,8.55,500,BUY_AGGRESSOR,6146000,1690000
2026-10-01 23:26:58.772,NATURALGAS,FUT,0.0,NATURALGAS27OCT26FUT,287.4,10000,SELL_AGGRESSOR,128022500,68292500
2026-10-01 23:26:58.772,NATURALGAS,CE,280.0,NATURALGAS23OCT26280CE,17.7,6250,BUY_AGGRESSOR,26663750,4296250
2026-10-01 23:26:58.772,NATURALGAS,PE,280.0,NATURALGAS23OCT26280PE,10.35,5000,BUY_AGGRESSOR,47846250,11387500
2026-10-01 23:26:58.772,NATURALGAS,CE,285.0,NATURALGAS23OCT26285CE,15.25,13750,BUY_AGGRESSOR,35948750,4740000
2026-10-01 23:26:58.772,NATURALGAS,PE,285.0,NATURALGAS23OCT26285PE,12.95,38750,BUY_AGGRESSOR,53976250,5055000
2026-10-01 23:26:58.772,NATURALGAS,CE,290.0,NATURALGAS23OCT26290CE,13.15,17500,BUY_AGGRESSOR,90506250,15941250
2026-10-01 23:26:58.772,NATURALGAS,PE,290.0,NATURALGAS23OCT26290PE,15.8,8750,BUY_AGGRESSOR,77545000,12243750
2026-10-01 23:26:58.772,NATURALGAS,CE,300.0,NATURALGAS23OCT26300CE,9.7,3750,SELL_AGGRESSOR,55857500,19885000
2026-10-01 23:26:58.772,NATURALGAS,CE,305.0,NATURALGAS23OCT26305CE,8.35,18750,SELL_AGGRESSOR,21155000,8297500
2026-10-01 23:26:58.772,NATGASMINI,FUT,0.0,NATGASMINI27OCT26FUT,287.4,1250,SELL_AGGRESSOR,41335750,16828000
2026-10-01 23:26:58.772,NATGASMINI,PE,280.0,NATGASMINI23OCT26280PE,10.4,1250,SELL_AGGRESSOR,10040500,1185750
2026-10-01 23:26:58.772,NATGASMINI,CE,285.0,NATGASMINI23OCT26285CE,15.45,250,BUY_AGGRESSOR,10768000,805250
2026-10-01 23:26:58.772,NATGASMINI,PE,285.0,NATGASMINI23OCT26285PE,13.05,1250,BUY_AGGRESSOR,20019500,945750
2026-10-01 23:26:58.772,NATGASMINI,CE,290.0,NATGASMINI23OCT26290CE,13.3,1250,BUY_AGGRESSOR,25657000,2959500
2026-10-01 23:26:58.772,NATGASMINI,PE,290.0,NATGASMINI23OCT26290PE,15.9,1500,BUY_AGGRESSOR,18750500,1322000
2026-10-01 23:26:58.772,NATGASMINI,CE,295.0,NATGASMINI23OCT26295CE,11.6,6500,BUY_AGGRESSOR,12354750,1600000
2026-10-01 23:26:58.772,NATGASMINI,CE,300.0,NATGASMINI23OCT26300CE,9.95,1500,BUY_AGGRESSOR,13238750,3167250
2026-10-01 23:26:58.772,NATGASMINI,PE,300.0,NATGASMINI23OCT26300PE,22.4,250,BUY_AGGRESSOR,3192000,957750
2026-10-01 23:26:58.772,NATGASMINI,CE,305.0,NATGASMINI23OCT26305CE,8.5,250,SELL_AGGRESSOR,6146250,1689500
2026-10-01 23:27:02.595,NATURALGAS,FUT,0.0,NATURALGAS27OCT26FUT,287.5,13750,BUY_AGGRESSOR,128036250,68268750
2026-10-01 23:27:02.595,NATURALGAS,PE,260.0,NATURALGAS23OCT26260PE,3.45,1250,SELL_AGGRESSOR,28117500,10546250
2026-10-01 23:27:02.595,NATURALGAS,PE,265.0,NATURALGAS23OCT26265PE,4.6,1250,SELL_AGGRESSOR,13120000,4235000
2026-10-01 23:27:02.595,NATURALGAS,PE,270.0,NATURALGAS23OCT26270PE,6.1,10000,SELL_AGGRESSOR,33355000,11213750
2026-10-01 23:27:02.595,NATURALGAS,PE,280.0,NATURALGAS23OCT26280PE,10.35,1250,BUY_AGGRESSOR,47847500,11387500
2026-10-01 23:27:02.595,NATURALGAS,CE,285.0,NATURALGAS23OCT26285CE,15.15,1250,SELL_AGGRESSOR,35950000,4731250
2026-10-01 23:27:02.595,NATURALGAS,PE,285.0,NATURALGAS23OCT26285PE,12.95,1250,BUY_AGGRESSOR,53977500,5056250
2026-10-01 23:27:02.595,NATURALGAS,CE,290.0,NATURALGAS23OCT26290CE,13.1,7500,SELL_AGGRESSOR,90513750,15942500
2026-10-01 23:27:02.595,NATURALGAS,PE,290.0,NATURALGAS23OCT26290PE,15.75,22500,SELL_AGGRESSOR,77567500,12243750
2026-10-01 23:27:02.595,NATURALGAS,CE,300.0,NATURALGAS23OCT26300CE,9.75,1250,BUY_AGGRESSOR,55858750,19883750
2026-10-01 23:27:02.595,NATURALGAS,PE,300.0,NATURALGAS23OCT26300PE,22.4,1250,SELL_AGGRESSOR,14162500,13783750
2026-10-01 23:27:02.595,NATGASMINI,FUT,0.0,NATGASMINI27OCT26FUT,287.4,500,SELL_AGGRESSOR,41336250,16819000
2026-10-01 23:27:02.595,NATGASMINI,PE,285.0,NATGASMINI23OCT26285PE,13.05,1000,BUY_AGGRESSOR,20020500,945750
2026-10-01 23:27:02.595,NATGASMINI,CE,290.0,NATGASMINI23OCT26290CE,13.3,1000,BUY_AGGRESSOR,25658000,2958250
2026-10-01 23:27:02.595,NATGASMINI,PE,290.0,NATGASMINI23OCT26290PE,15.9,250,BUY_AGGRESSOR,18750750,1320750
2026-10-01 23:27:02.595,NATGASMINI,CE,295.0,NATGASMINI23OCT26295CE,11.6,1500,BUY_AGGRESSOR,12356250,1600500
2026-10-01 23:27:02.595,NATGASMINI,CE,300.0,NATGASMINI23OCT26300CE,9.95,1000,BUY_AGGRESSOR,13239750,3164500
2026-10-01 23:27:06.413,NATURALGAS,FUT,0.0,NATURALGAS27OCT26FUT,287.4,2500,SELL_AGGRESSOR,128038750,68275000
2026-10-01 23:27:06.413,NATURALGAS,PE,285.0,NATURALGAS23OCT26285PE,12.95,2500,BUY_AGGRESSOR,53980000,5061250
2026-10-01 23:27:06.413,NATURALGAS,CE,290.0,NATURALGAS23OCT26290CE,13.1,1250,SELL_AGGRESSOR,90515000,15942500
2026-10-01 23:27:06.413,NATURALGAS,PE,295.0,NATURALGAS23OCT26295PE,18.95,1250,BUY_AGGRESSOR,15586250,5247500
2026-10-01 23:27:06.413,NATGASMINI,FUT,0.0,NATGASMINI27OCT26FUT,287.4,250,SELL_AGGRESSOR,41336500,16810250
2026-10-01 23:27:06.413,NATGASMINI,PE,255.0,NATGASMINI23OCT26255PE,2.6,250,BUY_AGGRESSOR,712250,152250
2026-10-01 23:27:06.413,NATGASMINI,PE,270.0,NATGASMINI23OCT26270PE,6.25,250,BUY_AGGRESSOR,4241500,970000
2026-10-01 23:27:06.413,NATGASMINI,PE,285.0,NATGASMINI23OCT26285PE,13.05,1250,BUY_AGGRESSOR,20021750,945750
2026-10-01 23:27:06.413,NATGASMINI,CE,290.0,NATGASMINI23OCT26290CE,13.3,750,BUY_AGGRESSOR,25658750,2957500
2026-10-01 23:27:06.413,NATGASMINI,PE,290.0,NATGASMINI23OCT26290PE,15.9,500,BUY_AGGRESSOR,18751250,1320000
2026-10-01 23:27:06.413,NATGASMINI,CE,295.0,NATGASMINI23OCT26295CE,11.6,750,BUY_AGGRESSOR,12357000,1600500
2026-10-01 23:27:06.413,NATGASMINI,CE,300.0,NATGASMINI23OCT26300CE,9.95,750,BUY_AGGRESSOR,13240500,3163750
2026-10-01 23:27:06.413,NATGASMINI,CE,305.0,NATGASMINI23OCT26305CE,8.5,250,SELL_AGGRESSOR,6146500,1689500
2026-10-01 23:27:10.291,NATURALGAS,FUT,0.0,NATURALGAS27OCT26FUT,287.5,1250,BUY_AGGRESSOR,128040000,68267500
2026-10-01 23:27:10.291,NATURALGAS,PE,255.0,NATURALGAS23OCT26255PE,2.45,1250,SELL_AGGRESSOR,7395000,2126250
2026-10-01 23:27:10.291,NATURALGAS,CE,280.0,NATURALGAS23OCT26280CE,17.65,11250,SELL_AGGRESSOR,26675000,4296250
2026-10-01 23:27:10.291,NATURALGAS,CE,290.0,NATURALGAS23OCT26290CE,13.1,1250,SELL_AGGRESSOR,90516250,15938750
2026-10-01 23:27:10.291,NATURALGAS,CE,295.0,NATURALGAS23OCT26295CE,11.35,5000,BUY,35667500,6901250
2026-10-01 23:27:10.291,NATURALGAS,PE,295.0,NATURALGAS23OCT26295PE,18.95,1250,SELL_AGGRESSOR,15587500,5247500
2026-10-01 23:27:10.291,NATURALGAS,CE,300.0,NATURALGAS23OCT26300CE,9.7,1250,SELL_AGGRESSOR,55860000,19883750
2026-10-01 23:27:10.291,NATURALGAS,PE,300.0,NATURALGAS23OCT26300PE,22.4,1250,SELL_AGGRESSOR,14163750,13783750
2026-10-01 23:27:10.291,NATURALGAS,CE,305.0,NATURALGAS23OCT26305CE,8.35,32500,BUY_AGGRESSOR,21187500,8278750
2026-10-01 23:27:10.291,NATGASMINI,PE,270.0,NATGASMINI23OCT26270PE,6.15,2500,SELL_AGGRESSOR,4244000,970000
2026-10-01 23:27:10.291,NATGASMINI,PE,275.0,NATGASMINI23OCT26275PE,8.1,500,SELL_AGGRESSOR,5025750,669500
2026-10-01 23:27:10.291,NATGASMINI,PE,280.0,NATGASMINI23OCT26280PE,10.45,500,BUY_AGGRESSOR,10041000,1185000
2026-10-01 23:27:10.291,NATGASMINI,PE,285.0,NATGASMINI23OCT26285PE,13.0,4750,SELL,20026500,945750
2026-10-01 23:27:10.291,NATGASMINI,CE,290.0,NATGASMINI23OCT26290CE,13.3,3750,BUY_AGGRESSOR,25662500,2955000
2026-10-01 23:27:10.291,NATGASMINI,PE,290.0,NATGASMINI23OCT26290PE,15.85,2250,SELL_AGGRESSOR,18753500,1318250
2026-10-01 23:27:10.291,NATGASMINI,CE,295.0,NATGASMINI23OCT26295CE,11.55,4000,SELL,12361000,1597750
2026-10-01 23:27:10.291,NATGASMINI,CE,300.0,NATGASMINI23OCT26300CE,9.95,1250,BUY_AGGRESSOR,13241750,3161250
2026-10-01 23:27:10.291,NATGASMINI,PE,300.0,NATGASMINI23OCT26300PE,22.4,3250,BUY_AGGRESSOR,3195250,957750
2026-10-01 23:27:10.291,NATGASMINI,CE,305.0,NATGASMINI23OCT26305CE,8.55,1250,BUY_AGGRESSOR,6147750,1689000
2026-10-01 23:27:10.291,NATGASMINI,CE,310.0,NATGASMINI23OCT26310CE,7.45,3250,BUY_AGGRESSOR,5224250,1809250
2026-10-01 23:27:14.080,NATURALGAS,FUT,0.0,NATURALGAS27OCT26FUT,287.5,78750,BUY_AGGRESSOR,128118750,68253750
2026-10-01 23:27:14.080,NATURALGAS,PE,260.0,NATURALGAS23OCT26260PE,3.45,22500,SELL_AGGRESSOR,28140000,10545000
2026-10-01 23:27:14.080,NATURALGAS,CE,270.0,NATURALGAS23OCT26270CE,23.5,6250,BUY_AGGRESSOR,3151250,1016250
2026-10-01 23:27:14.080,NATURALGAS,PE,270.0,NATURALGAS23OCT26270PE,6.15,7500,BUY_AGGRESSOR,33362500,11213750
2026-10-01 23:27:14.080,NATURALGAS,CE,275.0,NATURALGAS23OCT26275CE,20.5,1250,BUY_AGGRESSOR,3882500,388750
2026-10-01 23:27:14.080,NATURALGAS,PE,275.0,NATURALGAS23OCT26275PE,8.05,5000,BUY_AGGRESSOR,18862500,3678750
2026-10-01 23:27:14.080,NATURALGAS,CE,280.0,NATURALGAS23OCT26280CE,17.75,18750,BUY_AGGRESSOR,26693750,4290000
2026-10-01 23:27:14.080,NATURALGAS,PE,280.0,NATURALGAS23OCT26280PE,10.3,93750,SELL_AGGRESSOR,47941250,11382500
2026-10-01 23:27:14.080,NATURALGAS,CE,285.0,NATURALGAS23OCT26285CE,15.3,22500,BUY_AGGRESSOR,35972500,4718750
2026-10-01 23:27:14.080,NATURALGAS,PE,285.0,NATURALGAS23OCT26285PE,12.85,36250,SELL_AGGRESSOR,54016250,5065000
2026-10-01 23:27:14.080,NATURALGAS,CE,290.0,NATURALGAS23OCT26290CE,13.15,115000,BUY_AGGRESSOR,90631250,15931250
2026-10-01 23:27:14.080,NATURALGAS,PE,290.0,NATURALGAS23OCT26290PE,15.75,46250,SELL_AGGRESSOR,77613750,12242500
2026-10-01 23:27:14.080,NATURALGAS,CE,295.0,NATURALGAS23OCT26295CE,11.4,7500,BUY_AGGRESSOR,35675000,6901250
2026-10-01 23:27:14.080,NATURALGAS,PE,295.0,NATURALGAS23OCT26295PE,18.85,15000,SELL_AGGRESSOR,15602500,5247500
2026-10-01 23:27:14.080,NATURALGAS,CE,300.0,NATURALGAS23OCT26300CE,9.75,83750,BUY_AGGRESSOR,55943750,19883750
2026-10-01 23:27:14.080,NATURALGAS,PE,300.0,NATURALGAS23OCT26300PE,22.35,3750,SELL_AGGRESSOR,14167500,13783750
2026-10-01 23:27:14.080,NATURALGAS,CE,305.0,NATURALGAS23OCT26305CE,8.35,8750,BUY_AGGRESSOR,21196250,8278750
2026-10-01 23:27:14.080,NATURALGAS,PE,310.0,NATURALGAS23OCT26310PE,29.8,15000,SELL_AGGRESSOR,2485000,4498750
2026-10-01 23:27:14.080,NATGASMINI,FUT,0.0,NATGASMINI27OCT26FUT,287.6,51750,BUY_AGGRESSOR,41388250,16802500
2026-10-01 23:27:14.080,NATGASMINI,PE,255.0,NATGASMINI23OCT26255PE,2.55,500,SELL_AGGRESSOR,712750,152250
2026-10-01 23:27:14.080,NATGASMINI,PE,260.0,NATGASMINI23OCT26260PE,3.5,4750,SELL_AGGRESSOR,2449000,845250
2026-10-01 23:27:14.080,NATGASMINI,CE,275.0,NATGASMINI23OCT26275CE,20.75,1250,BUY_AGGRESSOR,1341250,70000
2026-10-01 23:27:14.080,NATGASMINI,CE,280.0,NATGASMINI23OCT26280CE,17.95,250,BUY_AGGRESSOR,3928250,351250
2026-10-01 23:27:14.080,NATGASMINI,PE,280.0,NATGASMINI23OCT26280PE,10.4,13750,SELL_AGGRESSOR,10054750,1185000
2026-10-01 23:27:14.080,NATGASMINI,CE,285.0,NATGASMINI23OCT26285CE,15.5,11000,BUY_AGGRESSOR,10779000,805250
2026-10-01 23:27:14.080,NATGASMINI,PE,285.0,NATGASMINI23OCT26285PE,12.95,500,SELL,20027000,945750
2026-10-01 23:27:14.080,NATGASMINI,CE,290.0,NATGASMINI23OCT26290CE,13.3,750,BUY_AGGRESSOR,25663250,2954500
2026-10-01 23:27:14.080,NATGASMINI,PE,290.0,NATGASMINI23OCT26290PE,15.7,1250,SELL_AGGRESSOR,18754750,1317750
2026-10-01 23:27:14.080,NATGASMINI,CE,295.0,NATGASMINI23OCT26295CE,11.5,1500,SELL_AGGRESSOR,12362500,1597750
2026-10-01 23:27:14.080,NATGASMINI,PE,295.0,NATGASMINI23OCT26295PE,18.85,3750,SELL_AGGRESSOR,5476750,670000
2026-10-01 23:27:14.080,NATGASMINI,CE,300.0,NATGASMINI23OCT26300CE,10.0,5500,BUY_AGGRESSOR,13247250,3160500
2026-10-01 23:27:14.080,NATGASMINI,PE,300.0,NATGASMINI23OCT26300PE,22.2,250,SELL_AGGRESSOR,3195500,957500
2026-10-01 23:27:14.080,NATGASMINI,PE,310.0,NATGASMINI23OCT26310PE,29.7,250,SELL_AGGRESSOR,454000,666500
2026-10-01 23:27:17.941,NATURALGAS,FUT,0.0,NATURALGAS27OCT26FUT,287.6,23750,BUY_AGGRESSOR,128142500,68248750
2026-10-01 23:27:17.941,NATURALGAS,PE,260.0,NATURALGAS23OCT26260PE,3.45,5000,SELL_AGGRESSOR,28145000,10545000
2026-10-01 23:27:17.941,NATURALGAS,CE,295.0,NATURALGAS23OCT26295CE,11.35,13750,SELL_AGGRESSOR,35688750,6901250
2026-10-01 23:27:17.941,NATURALGAS,CE,300.0,NATURALGAS23OCT26300CE,9.75,5000,INSIDE,55948750,19883750
2026-10-01 23:27:17.941,NATURALGAS,PE,300.0,NATURALGAS23OCT26300PE,22.3,2500,SELL_AGGRESSOR,14170000,13783750
2026-10-01 23:27:17.941,NATURALGAS,PE,305.0,NATURALGAS23OCT26305PE,25.9,1250,SELL_AGGRESSOR,2118750,2685000
2026-10-01 23:27:17.941,NATGASMINI,FUT,0.0,NATGASMINI27OCT26FUT,287.7,5250,BUY_AGGRESSOR,41393500,16802250
2026-10-01 23:27:17.941,NATGASMINI,PE,260.0,NATGASMINI23OCT26260PE,3.5,250,BUY_AGGRESSOR,2449250,845250
2026-10-01 23:27:17.941,NATGASMINI,CE,285.0,NATGASMINI23OCT26285CE,15.35,1000,SELL_AGGRESSOR,10780000,805250
2026-10-01 23:27:17.941,NATGASMINI,PE,285.0,NATGASMINI23OCT26285PE,12.95,1500,BUY_AGGRESSOR,20028500,945250
2026-10-01 23:27:17.941,NATGASMINI,CE,290.0,NATGASMINI23OCT26290CE,13.3,1750,BUY_AGGRESSOR,25665000,2952750
2026-10-01 23:27:17.941,NATGASMINI,PE,290.0,NATGASMINI23OCT26290PE,15.7,1000,SELL_AGGRESSOR,18755750,1317250
2026-10-01 23:27:17.941,NATGASMINI,CE,295.0,NATGASMINI23OCT26295CE,11.6,2250,BUY_AGGRESSOR,12364750,1597750
2026-10-01 23:27:17.941,NATGASMINI,PE,295.0,NATGASMINI23OCT26295PE,18.8,250,SELL_AGGRESSOR,5477000,670000
2026-10-01 23:27:17.941,NATGASMINI,CE,300.0,NATGASMINI23OCT26300CE,9.95,5250,SELL,13252500,3159000
2026-10-01 23:27:17.941,NATGASMINI,PE,300.0,NATGASMINI23OCT26300PE,22.25,1000,BUY_AGGRESSOR,3196500,957500
2026-10-01 23:27:21.770,NATURALGAS,CE,270.0,NATURALGAS23OCT26270CE,23.5,12500,INSIDE,3163750,1016250
2026-10-01 23:27:21.770,NATURALGAS,PE,270.0,NATURALGAS23OCT26270PE,6.1,1250,SELL_AGGRESSOR,33363750,11212500
2026-10-01 23:27:21.770,NATURALGAS,PE,275.0,NATURALGAS23OCT26275PE,8.0,2500,SELL_AGGRESSOR,18865000,3678750
2026-10-01 23:27:21.770,NATURALGAS,PE,280.0,NATURALGAS23OCT26280PE,10.25,25000,SELL_AGGRESSOR,47966250,11382500
2026-10-01 23:27:21.770,NATURALGAS,CE,285.0,NATURALGAS23OCT26285CE,15.2,2500,SELL_AGGRESSOR,35975000,4717500
2026-10-01 23:27:21.770,NATURALGAS,PE,285.0,NATURALGAS23OCT26285PE,12.8,3750,SELL_AGGRESSOR,54020000,5061250
2026-10-01 23:27:21.770,NATURALGAS,CE,290.0,NATURALGAS23OCT26290CE,13.15,13750,SELL_AGGRESSOR,90645000,15925000
2026-10-01 23:27:21.770,NATURALGAS,CE,300.0,NATURALGAS23OCT26300CE,9.7,16250,SELL_AGGRESSOR,55965000,19883750
2026-10-01 23:27:21.770,NATURALGAS,PE,300.0,NATURALGAS23OCT26300PE,22.35,1250,BUY,14171250,13783750
2026-10-01 23:27:21.770,NATURALGAS,CE,315.0,NATURALGAS23OCT26315CE,6.25,7500,SELL_AGGRESSOR,11712500,3421250
2026-10-01 23:27:21.770,NATGASMINI,FUT,0.0,NATGASMINI27OCT26FUT,287.5,500,SELL_AGGRESSOR,41394000,16802000
2026-10-01 23:27:21.770,NATGASMINI,CE,270.0,NATGASMINI23OCT26270CE,23.7,250,BUY,728000,157750
2026-10-01 23:27:21.770,NATGASMINI,PE,280.0,NATGASMINI23OCT26280PE,10.35,1250,SELL_AGGRESSOR,10056000,1185000
2026-10-01 23:27:21.770,NATGASMINI,PE,285.0,NATGASMINI23OCT26285PE,12.95,2750,BUY_AGGRESSOR,20031250,944250
2026-10-01 23:27:21.770,NATGASMINI,CE,290.0,NATGASMINI23OCT26290CE,13.3,5750,BUY_AGGRESSOR,25670750,2951750
2026-10-01 23:27:21.770,NATGASMINI,CE,295.0,NATGASMINI23OCT26295CE,11.6,1750,BUY_AGGRESSOR,12366500,1597750
2026-10-01 23:27:21.770,NATGASMINI,CE,300.0,NATGASMINI23OCT26300CE,9.95,14500,BUY_AGGRESSOR,13267000,3157750
2026-10-01 23:27:25.605,NATURALGAS,PE,265.0,NATURALGAS23OCT26265PE,4.6,1250,SELL_AGGRESSOR,13121250,4233750
2026-10-01 23:27:25.605,NATURALGAS,PE,275.0,NATURALGAS23OCT26275PE,8.0,1250,SELL_AGGRESSOR,18866250,3676250
2026-10-01 23:27:25.605,NATURALGAS,CE,290.0,NATURALGAS23OCT26290CE,13.15,2500,SELL_AGGRESSOR,90647500,15925000
2026-10-01 23:27:25.605,NATGASMINI,FUT,0.0,NATGASMINI27OCT26FUT,287.7,2000,BUY_AGGRESSOR,41396000,16798250
2026-10-01 23:27:25.605,NATGASMINI,PE,265.0,NATGASMINI23OCT26265PE,4.6,500,SELL_AGGRESSOR,5925250,3208250
2026-10-01 23:27:25.605,NATGASMINI,PE,285.0,NATGASMINI23OCT26285PE,12.95,5000,BUY_AGGRESSOR,20036250,944000
2026-10-01 23:27:25.605,NATGASMINI,CE,290.0,NATGASMINI23OCT26290CE,13.35,16250,BUY_AGGRESSOR,25687000,2950750
2026-10-01 23:27:25.605,NATGASMINI,PE,290.0,NATGASMINI23OCT26290PE,15.7,250,SELL_AGGRESSOR,18756000,1314500
2026-10-01 23:27:25.605,NATGASMINI,CE,295.0,NATGASMINI23OCT26295CE,11.6,750,BUY_AGGRESSOR,12367250,1597750
2026-10-01 23:27:29.428,NATURALGAS,FUT,0.0,NATURALGAS27OCT26FUT,287.5,2500,SELL_AGGRESSOR,128145000,68191250
2026-10-01 23:27:29.428,NATURALGAS,PE,260.0,NATURALGAS23OCT26260PE,3.45,2500,SELL_AGGRESSOR,28147500,10532500
2026-10-01 23:27:29.428,NATURALGAS,PE,270.0,NATURALGAS23OCT26270PE,6.1,1250,SELL_AGGRESSOR,33365000,11212500
2026-10-01 23:27:29.428,NATURALGAS,CE,275.0,NATURALGAS23OCT26275CE,20.5,1250,BUY_AGGRESSOR,3883750,388750
2026-10-01 23:27:29.428,NATURALGAS,PE,280.0,NATURALGAS23OCT26280PE,10.25,3750,SELL_AGGRESSOR,47970000,11363750
2026-10-01 23:27:29.428,NATURALGAS,CE,285.0,NATURALGAS23OCT26285CE,15.25,1250,SELL_AGGRESSOR,35976250,4717500
2026-10-01 23:27:29.428,NATURALGAS,CE,290.0,NATURALGAS23OCT26290CE,13.15,1250,SELL_AGGRESSOR,90648750,15925000
2026-10-01 23:27:29.428,NATURALGAS,CE,310.0,NATURALGAS23OCT26310CE,7.25,2500,SELL_AGGRESSOR,32308750,11196250
2026-10-01 23:27:29.428,NATGASMINI,FUT,0.0,NATGASMINI27OCT26FUT,287.6,750,SELL_AGGRESSOR,41396750,16798250
2026-10-01 23:27:29.428,NATGASMINI,CE,285.0,NATGASMINI23OCT26285CE,15.5,750,BUY_AGGRESSOR,10780750,810000
2026-10-01 23:27:29.428,NATGASMINI,PE,285.0,NATGASMINI23OCT26285PE,12.95,1250,BUY_AGGRESSOR,20037500,943750
2026-10-01 23:27:29.428,NATGASMINI,CE,290.0,NATGASMINI23OCT26290CE,13.35,1000,BUY_AGGRESSOR,25688000,2949250
2026-10-01 23:27:29.428,NATGASMINI,CE,295.0,NATGASMINI23OCT26295CE,11.6,2750,BUY_AGGRESSOR,12370000,1597250
2026-10-01 23:27:29.428,NATGASMINI,PE,295.0,NATGASMINI23OCT26295PE,18.9,500,BUY_AGGRESSOR,5477500,667250
2026-10-01 23:27:33.268,NATURALGAS,PE,265.0,NATURALGAS23OCT26265PE,4.6,13750,SELL_AGGRESSOR,13135000,4233750
2026-10-01 23:27:33.268,NATURALGAS,PE,280.0,NATURALGAS23OCT26280PE,10.25,1250,SELL_AGGRESSOR,47971250,11363750
2026-10-01 23:27:33.268,NATURALGAS,CE,285.0,NATURALGAS23OCT26285CE,15.25,3750,SELL_AGGRESSOR,35980000,4717500
2026-10-01 23:27:33.268,NATURALGAS,CE,290.0,NATURALGAS23OCT26290CE,13.15,1250,SELL_AGGRESSOR,90650000,15917500
2026-10-01 23:27:33.268,NATURALGAS,PE,290.0,NATURALGAS23OCT26290PE,15.65,2500,SELL_AGGRESSOR,77616250,12243750
2026-10-01 23:27:33.268,NATURALGAS,CE,295.0,NATURALGAS23OCT26295CE,11.4,1250,BUY_AGGRESSOR,35690000,6892500
2026-10-01 23:27:33.268,NATURALGAS,CE,300.0,NATURALGAS23OCT26300CE,9.7,10000,SELL_AGGRESSOR,55975000,19802500
2026-10-01 23:27:33.268,NATURALGAS,PE,300.0,NATURALGAS23OCT26300PE,22.35,1250,BUY_AGGRESSOR,14172500,13780000
2026-10-01 23:27:33.268,NATGASMINI,FUT,0.0,NATGASMINI27OCT26FUT,287.6,1500,SELL_AGGRESSOR,41398250,16798250
2026-10-01 23:27:33.268,NATGASMINI,CE,280.0,NATGASMINI23OCT26280CE,17.9,250,SELL_AGGRESSOR,3928500,351250
2026-10-01 23:27:33.268,NATGASMINI,PE,280.0,NATGASMINI23OCT26280PE,10.35,1250,BUY_AGGRESSOR,10057250,1170750
2026-10-01 23:27:33.268,NATGASMINI,CE,285.0,NATGASMINI23OCT26285CE,15.35,250,SELL_AGGRESSOR,10781000,812500
2026-10-01 23:27:33.268,NATGASMINI,PE,285.0,NATGASMINI23OCT26285PE,12.95,750,BUY_AGGRESSOR,20038250,942000
2026-10-01 23:27:33.268,NATGASMINI,CE,290.0,NATGASMINI23OCT26290CE,13.35,750,BUY_AGGRESSOR,25688750,2947500
2026-10-01 23:27:33.268,NATGASMINI,PE,290.0,NATGASMINI23OCT26290PE,15.8,250,BUY_AGGRESSOR,18756250,1313500
2026-10-01 23:27:33.268,NATGASMINI,CE,295.0,NATGASMINI23OCT26295CE,11.6,1000,BUY_AGGRESSOR,12371000,1596250
2026-10-01 23:27:33.268,NATGASMINI,PE,295.0,NATGASMINI23OCT26295PE,18.75,250,SELL_AGGRESSOR,5477750,667250
2026-10-01 23:27:33.268,NATGASMINI,CE,310.0,NATGASMINI23OCT26310CE,7.4,1250,SELL_AGGRESSOR,5225500,1809000
2026-10-01 23:27:37.091,NATURALGAS,PE,280.0,NATURALGAS23OCT26280PE,10.25,7500,SELL_AGGRESSOR,47978750,11360000
2026-10-01 23:27:37.091,NATGASMINI,FUT,0.0,NATGASMINI27OCT26FUT,287.5,3250,SELL_AGGRESSOR,41401500,16773250
2026-10-01 23:27:37.091,NATGASMINI,PE,285.0,NATGASMINI23OCT26285PE,13.0,1500,BUY_AGGRESSOR,20039750,939250
2026-10-01 23:27:37.091,NATGASMINI,CE,290.0,NATGASMINI23OCT26290CE,13.35,500,BUY_AGGRESSOR,25689250,2943500
2026-10-01 23:27:37.091,NATGASMINI,CE,295.0,NATGASMINI23OCT26295CE,11.6,1750,BUY_AGGRESSOR,12372750,1597500
2026-10-01 23:27:37.091,NATGASMINI,CE,300.0,NATGASMINI23OCT26300CE,9.95,1750,BUY_AGGRESSOR,13268750,3156750
2026-10-01 23:27:37.091,NATGASMINI,CE,305.0,NATGASMINI23OCT26305CE,8.55,250,SELL_AGGRESSOR,6148000,1689000
2026-10-01 23:27:37.091,NATGASMINI,CE,310.0,NATGASMINI23OCT26310CE,7.35,250,SELL_AGGRESSOR,5225750,1809000
2026-10-01 23:27:40.900,NATURALGAS,FUT,0.0,NATURALGAS27OCT26FUT,287.5,1250,SELL_AGGRESSOR,128146250,68146250
2026-10-01 23:27:40.900,NATURALGAS,PE,255.0,NATURALGAS23OCT26255PE,2.45,1250,SELL_AGGRESSOR,7396250,2126250
2026-10-01 23:27:40.900,NATURALGAS,PE,265.0,NATURALGAS23OCT26265PE,4.55,10000,SELL_AGGRESSOR,13145000,4218750
2026-10-01 23:27:40.900,NATURALGAS,CE,285.0,NATURALGAS23OCT26285CE,15.2,1250,SELL_AGGRESSOR,35981250,4716250
2026-10-01 23:27:40.900,NATURALGAS,PE,285.0,NATURALGAS23OCT26285PE,12.8,2500,SELL_AGGRESSOR,54022500,5080000
2026-10-01 23:27:40.900,NATURALGAS,CE,290.0,NATURALGAS23OCT26290CE,13.2,1250,BUY_AGGRESSOR,90651250,15913750
2026-10-01 23:27:40.900,NATURALGAS,PE,290.0,NATURALGAS23OCT26290PE,15.7,8750,SELL_AGGRESSOR,77625000,12241250
2026-10-01 23:27:40.900,NATURALGAS,CE,295.0,NATURALGAS23OCT26295CE,11.3,2500,SELL_AGGRESSOR,35692500,6891250
2026-10-01 23:27:40.900,NATURALGAS,CE,300.0,NATURALGAS23OCT26300CE,9.8,36250,BUY_AGGRESSOR,56011250,19801250
2026-10-01 23:27:40.900,NATURALGAS,CE,315.0,NATURALGAS23OCT26315CE,6.3,6250,BUY_AGGRESSOR,11718750,3421250
2026-10-01 23:27:40.900,NATGASMINI,FUT,0.0,NATGASMINI27OCT26FUT,287.6,1500,BUY,41403000,16767000
2026-10-01 23:27:40.900,NATGASMINI,CE,275.0,NATGASMINI23OCT26275CE,20.75,250,BUY_AGGRESSOR,1341500,71250
2026-10-01 23:27:40.900,NATGASMINI,CE,280.0,NATGASMINI23OCT26280CE,17.95,500,BUY_AGGRESSOR,3929000,351500
2026-10-01 23:27:40.900,NATGASMINI,PE,280.0,NATGASMINI23OCT26280PE,10.3,6000,SELL_AGGRESSOR,10063250,1168750
2026-10-01 23:27:40.900,NATGASMINI,PE,285.0,NATGASMINI23OCT26285PE,12.85,1250,SELL_AGGRESSOR,20041000,938500
2026-10-01 23:27:40.900,NATGASMINI,PE,290.0,NATGASMINI23OCT26290PE,15.7,500,SELL_AGGRESSOR,18756750,1313250
2026-10-01 23:27:40.900,NATGASMINI,CE,295.0,NATGASMINI23OCT26295CE,11.6,3500,BUY_AGGRESSOR,12376250,1597250
2026-10-01 23:27:40.900,NATGASMINI,CE,305.0,NATGASMINI23OCT26305CE,8.55,250,SELL_AGGRESSOR,6148250,1688750
2026-10-01 23:27:44.772,NATURALGAS,PE,260.0,NATURALGAS23OCT26260PE,3.45,1250,SELL_AGGRESSOR,28148750,10525000
2026-10-01 23:27:44.772,NATURALGAS,PE,280.0,NATURALGAS23OCT26280PE,10.2,15000,SELL_AGGRESSOR,47993750,11361250
2026-10-01 23:27:44.772,NATURALGAS,CE,285.0,NATURALGAS23OCT26285CE,15.2,7500,SELL_AGGRESSOR,35988750,4715000
2026-10-01 23:27:44.772,NATURALGAS,CE,290.0,NATURALGAS23OCT26290CE,13.1,3750,SELL_AGGRESSOR,90655000,15911250
2026-10-01 23:27:44.772,NATURALGAS,CE,295.0,NATURALGAS23OCT26295CE,11.3,3750,SELL_AGGRESSOR,35696250,6888750
2026-10-01 23:27:44.772,NATURALGAS,PE,300.0,NATURALGAS23OCT26300PE,22.3,1250,SELL_AGGRESSOR,14173750,13780000
2026-10-01 23:27:44.772,NATGASMINI,FUT,0.0,NATGASMINI27OCT26FUT,287.6,2000,SELL_AGGRESSOR,41405000,16760000
2026-10-01 23:27:44.772,NATGASMINI,CE,275.0,NATGASMINI23OCT26275CE,20.45,4500,SELL_AGGRESSOR,1346000,71250
2026-10-01 23:27:44.772,NATGASMINI,PE,280.0,NATGASMINI23OCT26280PE,10.3,1500,SELL_AGGRESSOR,10064750,1164000
2026-10-01 23:27:44.772,NATGASMINI,PE,285.0,NATGASMINI23OCT26285PE,13.0,1000,BUY_AGGRESSOR,20042000,937250
2026-10-01 23:27:44.772,NATGASMINI,CE,290.0,NATGASMINI23OCT26290CE,13.3,10000,SELL,25699250,2942750
2026-10-01 23:27:44.772,NATGASMINI,CE,295.0,NATGASMINI23OCT26295CE,11.6,3250,BUY_AGGRESSOR,12379500,1597750
2026-10-01 23:27:48.557,NATURALGAS,FUT,0.0,NATURALGAS27OCT26FUT,287.5,6250,SELL_AGGRESSOR,128152500,68143750
2026-10-01 23:27:48.557,NATURALGAS,PE,285.0,NATURALGAS23OCT26285PE,12.8,2500,SELL_AGGRESSOR,54025000,5080000
2026-10-01 23:27:48.557,NATURALGAS,CE,290.0,NATURALGAS23OCT26290CE,13.1,6250,SELL_AGGRESSOR,90661250,15905000
2026-10-01 23:27:48.557,NATURALGAS,CE,295.0,NATURALGAS23OCT26295CE,11.4,1250,BUY_AGGRESSOR,35697500,6888750
2026-10-01 23:27:48.557,NATURALGAS,CE,300.0,NATURALGAS23OCT26300CE,9.75,1250,SELL_AGGRESSOR,56012500,19788750
2026-10-01 23:27:48.557,NATGASMINI,FUT,0.0,NATGASMINI27OCT26FUT,287.6,250,BUY_AGGRESSOR,41405250,16759500
2026-10-01 23:27:48.557,NATGASMINI,PE,260.0,NATGASMINI23OCT26260PE,3.5,250,BUY_AGGRESSOR,2449500,844000
2026-10-01 23:27:48.557,NATGASMINI,PE,285.0,NATGASMINI23OCT26285PE,13.0,750,BUY_AGGRESSOR,20042750,936750
2026-10-01 23:27:48.557,NATGASMINI,CE,290.0,NATGASMINI23OCT26290CE,13.2,1750,SELL_AGGRESSOR,25701000,2941250
2026-10-01 23:27:48.557,NATGASMINI,PE,290.0,NATGASMINI23OCT26290PE,15.7,1000,SELL_AGGRESSOR,18757750,1312750
2026-10-01 23:27:48.557,NATGASMINI,CE,295.0,NATGASMINI23OCT26295CE,11.6,750,BUY_AGGRESSOR,12380250,1597500
2026-10-01 23:27:48.557,NATGASMINI,CE,305.0,NATGASMINI23OCT26305CE,8.5,1000,SELL_AGGRESSOR,6149250,1688500
2026-10-01 23:27:52.430,NATURALGAS,FUT,0.0,NATURALGAS27OCT26FUT,287.6,6250,BUY_AGGRESSOR,128158750,68138750
2026-10-01 23:27:52.430,NATURALGAS,PE,265.0,NATURALGAS23OCT26265PE,4.55,1250,SELL_AGGRESSOR,13146250,4228750
2026-10-01 23:27:52.430,NATURALGAS,PE,275.0,NATURALGAS23OCT26275PE,8.0,1250,SELL_AGGRESSOR,18867500,3672500
2026-10-01 23:27:52.430,NATURALGAS,PE,280.0,NATURALGAS23OCT26280PE,10.25,2500,SELL_AGGRESSOR,47996250,11346250
2026-10-01 23:27:52.430,NATURALGAS,PE,285.0,NATURALGAS23OCT26285PE,12.9,2500,BUY_AGGRESSOR,54027500,5080000
2026-10-01 23:27:52.430,NATURALGAS,PE,290.0,NATURALGAS23OCT26290PE,15.7,1250,SELL_AGGRESSOR,77626250,12235000
2026-10-01 23:27:52.430,NATURALGAS,CE,295.0,NATURALGAS23OCT26295CE,11.3,1250,SELL_AGGRESSOR,35698750,6887500
2026-10-01 23:27:52.430,NATGASMINI,FUT,0.0,NATGASMINI27OCT26FUT,287.5,500,SELL_AGGRESSOR,41405750,16759000
2026-10-01 23:27:52.430,NATGASMINI,PE,275.0,NATGASMINI23OCT26275PE,8.1,250,SELL_AGGRESSOR,5026000,668750
2026-10-01 23:27:52.430,NATGASMINI,PE,280.0,NATGASMINI23OCT26280PE,10.3,1250,SELL_AGGRESSOR,10066000,1161250
2026-10-01 23:27:52.430,NATGASMINI,PE,285.0,NATGASMINI23OCT26285PE,13.0,1000,BUY_AGGRESSOR,20043750,936750
2026-10-01 23:27:52.430,NATGASMINI,PE,290.0,NATGASMINI23OCT26290PE,15.7,250,SELL_AGGRESSOR,18758000,1312250
2026-10-01 23:27:52.430,NATGASMINI,CE,295.0,NATGASMINI23OCT26295CE,11.6,1000,BUY_AGGRESSOR,12381250,1597500
2026-10-01 23:27:52.430,NATGASMINI,CE,300.0,NATGASMINI23OCT26300CE,9.95,1750,BUY_AGGRESSOR,13270500,3156500
2026-10-01 23:27:56.221,NATURALGAS,CE,280.0,NATURALGAS23OCT26280CE,17.7,6250,BUY_AGGRESSOR,26700000,4273750
2026-10-01 23:27:56.221,NATURALGAS,PE,280.0,NATURALGAS23OCT26280PE,10.25,5000,SELL_AGGRESSOR,48001250,11346250
2026-10-01 23:27:56.221,NATURALGAS,PE,290.0,NATURALGAS23OCT26290PE,15.65,17500,SELL_AGGRESSOR,77643750,12225000
2026-10-01 23:27:56.221,NATURALGAS,CE,295.0,NATURALGAS23OCT26295CE,11.3,1250,SELL_AGGRESSOR,35700000,6886250
2026-10-01 23:27:56.221,NATURALGAS,PE,295.0,NATURALGAS23OCT26295PE,18.85,1250,BUY_AGGRESSOR,15603750,5252500
2026-10-01 23:27:56.221,NATURALGAS,PE,300.0,NATURALGAS23OCT26300PE,22.3,2500,SELL_AGGRESSOR,14176250,13776250
2026-10-01 23:27:56.221,NATURALGAS,PE,305.0,NATURALGAS23OCT26305PE,25.85,1250,SELL_AGGRESSOR,2120000,2685000
2026-10-01 23:27:56.221,NATURALGAS,CE,315.0,NATURALGAS23OCT26315CE,6.3,22500,SELL_AGGRESSOR,11741250,3411250
2026-10-01 23:27:56.221,NATGASMINI,CE,270.0,NATGASMINI23OCT26270CE,23.7,1000,BUY_AGGRESSOR,729000,156500
2026-10-01 23:27:56.221,NATGASMINI,PE,275.0,NATGASMINI23OCT26275PE,8.1,500,SELL_AGGRESSOR,5026500,668250
2026-10-01 23:27:56.221,NATGASMINI,CE,285.0,NATGASMINI23OCT26285CE,15.35,1250,SELL_AGGRESSOR,10782250,812250
2026-10-01 23:27:56.221,NATGASMINI,PE,285.0,NATGASMINI23OCT26285PE,13.0,3000,BUY_AGGRESSOR,20046750,936000
2026-10-01 23:27:56.221,NATGASMINI,CE,290.0,NATGASMINI23OCT26290CE,13.35,2250,BUY_AGGRESSOR,25703250,2941000
2026-10-01 23:27:56.221,NATGASMINI,CE,295.0,NATGASMINI23OCT26295CE,11.6,1250,BUY_AGGRESSOR,12382500,1597500
2026-10-01 23:27:56.221,NATGASMINI,CE,300.0,NATGASMINI23OCT26300CE,9.9,1000,BUY_AGGRESSOR,13271500,3156500
2026-10-01 23:27:56.221,NATGASMINI,CE,305.0,NATGASMINI23OCT26305CE,8.55,250,BUY_AGGRESSOR,6149500,1688250
2026-10-01 23:28:00.104,NATURALGAS,FUT,0.0,NATURALGAS27OCT26FUT,287.6,40000,BUY_AGGRESSOR,128198750,68135000
2026-10-01 23:28:00.104,NATURALGAS,PE,260.0,NATURALGAS23OCT26260PE,3.45,3750,SELL_AGGRESSOR,28152500,10525000
2026-10-01 23:28:00.104,NATURALGAS,PE,265.0,NATURALGAS23OCT26265PE,4.55,1250,SELL_AGGRESSOR,13147500,4228750
2026-10-01 23:28:00.104,NATURALGAS,CE,270.0,NATURALGAS23OCT26270CE,23.5,2500,BUY_AGGRESSOR,3166250,1010000
2026-10-01 23:28:00.104,NATURALGAS,PE,270.0,NATURALGAS23OCT26270PE,6.1,3750,SELL_AGGRESSOR,33368750,11211250
2026-10-01 23:28:00.104,NATURALGAS,PE,280.0,NATURALGAS23OCT26280PE,10.25,1250,SELL_AGGRESSOR,48002500,11346250
2026-10-01 23:28:00.104,NATURALGAS,CE,285.0,NATURALGAS23OCT26285CE,15.3,2500,BUY_AGGRESSOR,35991250,4707500
2026-10-01 23:28:00.104,NATURALGAS,CE,290.0,NATURALGAS23OCT26290CE,13.1,5000,SELL_AGGRESSOR,90666250,15901250
2026-10-01 23:28:00.104,NATURALGAS,PE,290.0,NATURALGAS23OCT26290PE,15.75,1250,BUY_AGGRESSOR,77645000,12218750
2026-10-01 23:28:00.104,NATURALGAS,PE,295.0,NATURALGAS23OCT26295PE,18.8,1250,SELL_AGGRESSOR,15605000,5251250
2026-10-01 23:28:00.104,NATURALGAS,CE,300.0,NATURALGAS23OCT26300CE,9.75,5000,SELL_AGGRESSOR,56017500,19770000
2026-10-01 23:28:00.104,NATURALGAS,CE,305.0,NATURALGAS23OCT26305CE,8.4,5000,BUY_AGGRESSOR,21201250,8245000
2026-10-01 23:28:00.104,NATURALGAS,CE,315.0,NATURALGAS23OCT26315CE,6.3,8750,SELL_AGGRESSOR,11750000,3411250
2026-10-01 23:28:00.104,NATGASMINI,FUT,0.0,NATGASMINI27OCT26FUT,287.6,500,BUY_AGGRESSOR,41406250,16759000
2026-10-01 23:28:00.104,NATGASMINI,CE,285.0,NATGASMINI23OCT26285CE,15.35,750,SELL_AGGRESSOR,10783000,811000
2026-10-01 23:28:00.104,NATGASMINI,PE,285.0,NATGASMINI23OCT26285PE,13.0,2250,BUY_AGGRESSOR,20049000,936000
2026-10-01 23:28:00.104,NATGASMINI,CE,290.0,NATGASMINI23OCT26290CE,13.15,25500,SELL_AGGRESSOR,25728750,2938000
2026-10-01 23:28:00.104,NATGASMINI,CE,295.0,NATGASMINI23OCT26295CE,11.6,2000,BUY_AGGRESSOR,12384500,1597000
2026-10-01 23:28:00.104,NATGASMINI,CE,300.0,NATGASMINI23OCT26300CE,9.85,250,SELL_AGGRESSOR,13271750,3156750
2026-10-01 23:28:00.104,NATGASMINI,PE,300.0,NATGASMINI23OCT26300PE,22.25,250,BUY_AGGRESSOR,3196750,956500
2026-10-01 23:28:03.918,NATURALGAS,FUT,0.0,NATURALGAS27OCT26FUT,287.5,3750,SELL_AGGRESSOR,128202500,68098750
2026-10-01 23:28:03.918,NATURALGAS,PE,265.0,NATURALGAS23OCT26265PE,4.55,1250,SELL_AGGRESSOR,13148750,4228750
2026-10-01 23:28:03.918,NATURALGAS,PE,270.0,NATURALGAS23OCT26270PE,6.15,15000,BUY_AGGRESSOR,33383750,11211250
2026-10-01 23:28:03.918,NATURALGAS,PE,280.0,NATURALGAS23OCT26280PE,10.2,8750,SELL_AGGRESSOR,48011250,11345000
2026-10-01 23:28:03.918,NATURALGAS,CE,285.0,NATURALGAS23OCT26285CE,15.2,17500,SELL_AGGRESSOR,36008750,4705000
2026-10-01 23:28:03.918,NATURALGAS,PE,285.0,NATURALGAS23OCT26285PE,12.8,2500,SELL_AGGRESSOR,54030000,5078750
2026-10-01 23:28:03.918,NATURALGAS,CE,290.0,NATURALGAS23OCT26290CE,13.2,21250,BUY_AGGRESSOR,90687500,15895000
2026-10-01 23:28:03.918,NATURALGAS,PE,290.0,NATURALGAS23OCT26290PE,15.65,16250,SELL_AGGRESSOR,77661250,12216250
2026-10-01 23:28:03.918,NATURALGAS,CE,300.0,NATURALGAS23OCT26300CE,9.75,2500,SELL_AGGRESSOR,56020000,19770000
2026-10-01 23:28:03.918,NATURALGAS,PE,300.0,NATURALGAS23OCT26300PE,22.3,1250,SELL_AGGRESSOR,14177500,13775000
2026-10-01 23:28:03.918,NATGASMINI,FUT,0.0,NATGASMINI27OCT26FUT,287.6,4750,BUY_AGGRESSOR,41411000,16757500
2026-10-01 23:28:03.918,NATGASMINI,PE,265.0,NATGASMINI23OCT26265PE,4.6,1500,SELL_AGGRESSOR,5926750,3208250
2026-10-01 23:28:03.918,NATGASMINI,PE,270.0,NATGASMINI23OCT26270PE,6.1,1000,SELL_AGGRESSOR,4245000,969250
2026-10-01 23:28:03.918,NATGASMINI,PE,285.0,NATGASMINI23OCT26285PE,12.95,1000,SELL,20050000,936000
2026-10-01 23:28:03.918,NATGASMINI,CE,315.0,NATGASMINI23OCT26315CE,6.35,250,SELL_AGGRESSOR,2793000,1185750
2026-10-01 23:28:07.762,NATURALGAS,FUT,0.0,NATURALGAS27OCT26FUT,287.5,5000,SELL_AGGRESSOR,128207500,68098750
2026-10-01 23:28:07.762,NATURALGAS,PE,260.0,NATURALGAS23OCT26260PE,3.45,1250,SELL_AGGRESSOR,28153750,10525000
2026-10-01 23:28:07.762,NATURALGAS,PE,270.0,NATURALGAS23OCT26270PE,6.1,5000,SELL_AGGRESSOR,33388750,11191250
2026-10-01 23:28:07.762,NATURALGAS,PE,280.0,NATURALGAS23OCT26280PE,10.25,1250,BUY,48012500,11340000
2026-10-01 23:28:07.762,NATURALGAS,CE,290.0,NATURALGAS23OCT26290CE,13.05,57500,SELL_AGGRESSOR,90745000,15892500
2026-10-01 23:28:07.762,NATURALGAS,PE,290.0,NATURALGAS23OCT26290PE,15.7,8750,BUY_AGGRESSOR,77670000,12216250
2026-10-01 23:28:07.762,NATURALGAS,CE,295.0,NATURALGAS23OCT26295CE,11.3,1250,SELL_AGGRESSOR,35701250,6885000
2026-10-01 23:28:07.762,NATURALGAS,CE,300.0,NATURALGAS23OCT26300CE,9.8,25000,BUY_AGGRESSOR,56045000,19757500
2026-10-01 23:28:07.762,NATURALGAS,PE,300.0,NATURALGAS23OCT26300PE,22.45,1250,BUY_AGGRESSOR,14178750,13775000
2026-10-01 23:28:07.762,NATURALGAS,CE,310.0,NATURALGAS23OCT26310CE,7.3,13750,BUY_AGGRESSOR,32322500,11180000
2026-10-01 23:28:07.762,NATGASMINI,FUT,0.0,NATGASMINI27OCT26FUT,287.6,750,SELL_AGGRESSOR,41411750,16757000
2026-10-01 23:28:07.762,NATGASMINI,PE,260.0,NATGASMINI23OCT26260PE,3.5,1750,BUY_AGGRESSOR,2451250,843500
2026-10-01 23:28:07.762,NATGASMINI,PE,265.0,NATGASMINI23OCT26265PE,4.55,500,SELL_AGGRESSOR,5927250,3208250
2026-10-01 23:28:07.762,NATGASMINI,CE,275.0,NATGASMINI23OCT26275CE,20.55,500,SELL_AGGRESSOR,1346500,67250
2026-10-01 23:28:07.762,NATGASMINI,CE,285.0,NATGASMINI23OCT26285CE,15.35,10000,SELL_AGGRESSOR,10793000,809750
2026-10-01 23:28:07.762,NATGASMINI,PE,285.0,NATGASMINI23OCT26285PE,12.95,750,BUY_AGGRESSOR,20050750,935000
2026-10-01 23:28:07.762,NATGASMINI,PE,290.0,NATGASMINI23OCT26290PE,15.6,250,SELL_AGGRESSOR,18758250,1312250
2026-10-01 23:28:07.762,NATGASMINI,PE,295.0,NATGASMINI23OCT26295PE,18.75,1250,SELL_AGGRESSOR,5479000,666000
2026-10-01 23:28:07.762,NATGASMINI,CE,300.0,NATGASMINI23OCT26300CE,9.95,250,BUY_AGGRESSOR,13272000,3156750
2026-10-01 23:28:11.590,NATURALGAS,FUT,0.0,NATURALGAS27OCT26FUT,287.5,5000,SELL_AGGRESSOR,128212500,68100000
2026-10-01 23:28:11.590,NATURALGAS,PE,265.0,NATURALGAS23OCT26265PE,4.55,1250,SELL_AGGRESSOR,13150000,4228750
2026-10-01 23:28:11.590,NATURALGAS,PE,275.0,NATURALGAS23OCT26275PE,8.0,1250,SELL_AGGRESSOR,18868750,3671250
2026-10-01 23:28:11.590,NATURALGAS,PE,280.0,NATURALGAS23OCT26280PE,10.25,1250,INSIDE,48013750,11338750
2026-10-01 23:28:11.590,NATURALGAS,CE,285.0,NATURALGAS23OCT26285CE,15.25,2500,BUY_AGGRESSOR,36011250,4687500
2026-10-01 23:28:11.590,NATURALGAS,PE,285.0,NATURALGAS23OCT26285PE,12.9,2500,BUY_AGGRESSOR,54032500,5080000
2026-10-01 23:28:11.590,NATURALGAS,CE,290.0,NATURALGAS23OCT26290CE,13.2,1250,BUY,90746250,15892500
2026-10-01 23:28:11.590,NATURALGAS,CE,295.0,NATURALGAS23OCT26295CE,11.3,38750,SELL_AGGRESSOR,35740000,6883750
2026-10-01 23:28:11.590,NATURALGAS,PE,295.0,NATURALGAS23OCT26295PE,18.8,1250,SELL_AGGRESSOR,15606250,5250000
2026-10-01 23:28:11.590,NATURALGAS,CE,300.0,NATURALGAS23OCT26300CE,9.8,10000,BUY_AGGRESSOR,56055000,19753750
2026-10-01 23:28:11.590,NATGASMINI,FUT,0.0,NATGASMINI27OCT26FUT,287.6,750,SELL_AGGRESSOR,41412500,16756000
2026-10-01 23:28:11.590,NATGASMINI,CE,270.0,NATGASMINI23OCT26270CE,23.7,250,INSIDE,729250,156250
2026-10-01 23:28:11.590,NATGASMINI,PE,270.0,NATGASMINI23OCT26270PE,6.2,250,BUY_AGGRESSOR,4245250,969250
2026-10-01 23:28:11.590,NATGASMINI,CE,275.0,NATGASMINI23OCT26275CE,20.8,500,BUY_AGGRESSOR,1347000,67250
2026-10-01 23:28:11.590,NATGASMINI,PE,280.0,NATGASMINI23OCT26280PE,10.3,1000,SELL_AGGRESSOR,10067000,1161250
2026-10-01 23:28:11.590,NATGASMINI,CE,285.0,NATGASMINI23OCT26285CE,15.45,1000,BUY_AGGRESSOR,10794000,809750
2026-10-01 23:28:11.590,NATGASMINI,PE,285.0,NATGASMINI23OCT26285PE,12.95,1000,BUY_AGGRESSOR,20051750,934250
2026-10-01 23:28:11.590,NATGASMINI,CE,290.0,NATGASMINI23OCT26290CE,13.3,1000,BUY,25729750,2935500
2026-10-01 23:28:11.590,NATGASMINI,CE,295.0,NATGASMINI23OCT26295CE,11.55,250,BUY_AGGRESSOR,12384750,1597000
2026-10-01 23:28:11.590,NATGASMINI,CE,300.0,NATGASMINI23OCT26300CE,9.9,3500,SELL_AGGRESSOR,13275500,3156750
2026-10-01 23:28:11.590,NATGASMINI,CE,305.0,NATGASMINI23OCT26305CE,8.5,250,SELL_AGGRESSOR,6149750,1688250
2026-10-01 23:28:15.392,NATURALGAS,FUT,0.0,NATURALGAS27OCT26FUT,287.5,26250,SELL_AGGRESSOR,128238750,68100000
2026-10-01 23:28:15.392,NATURALGAS,PE,260.0,NATURALGAS23OCT26260PE,3.45,1250,SELL_AGGRESSOR,28155000,10523750
2026-10-01 23:28:15.392,NATURALGAS,PE,265.0,NATURALGAS23OCT26265PE,4.55,1250,SELL_AGGRESSOR,13151250,4228750
2026-10-01 23:28:15.392,NATURALGAS,CE,280.0,NATURALGAS23OCT26280CE,17.55,35000,SELL_AGGRESSOR,26735000,4271250
2026-10-01 23:28:15.392,NATURALGAS,PE,280.0,NATURALGAS23OCT26280PE,10.25,2500,BUY_AGGRESSOR,48016250,11338750
2026-10-01 23:28:15.392,NATURALGAS,PE,285.0,NATURALGAS23OCT26285PE,12.8,1250,SELL,54033750,5078750
2026-10-01 23:28:15.392,NATURALGAS,CE,295.0,NATURALGAS23OCT26295CE,11.35,17500,BUY_AGGRESSOR,35757500,6855000
2026-10-01 23:28:15.392,NATURALGAS,CE,310.0,NATURALGAS23OCT26310CE,7.25,2500,SELL_AGGRESSOR,32325000,11180000
2026-10-01 23:28:15.392,NATURALGAS,PE,310.0,NATURALGAS23OCT26310PE,29.6,1250,SELL_AGGRESSOR,2486250,4498750
2026-10-01 23:28:15.392,NATGASMINI,FUT,0.0,NATGASMINI27OCT26FUT,287.7,14000,BUY_AGGRESSOR,41426500,16754750
2026-10-01 23:28:15.392,NATGASMINI,CE,270.0,NATGASMINI23OCT26270CE,23.7,250,BUY_AGGRESSOR,729500,156250
2026-10-01 23:28:15.392,NATGASMINI,PE,275.0,NATGASMINI23OCT26275PE,8.1,750,SELL_AGGRESSOR,5027250,668250
2026-10-01 23:28:15.392,NATGASMINI,PE,285.0,NATGASMINI23OCT26285PE,12.95,1000,BUY_AGGRESSOR,20052750,933000
2026-10-01 23:28:15.392,NATGASMINI,PE,290.0,NATGASMINI23OCT26290PE,15.65,250,SELL_AGGRESSOR,18758500,1311750
2026-10-01 23:28:15.392,NATGASMINI,CE,295.0,NATGASMINI23OCT26295CE,11.45,250,SELL_AGGRESSOR,12385000,1597000
2026-10-01 23:28:19.256,NATURALGAS,FUT,0.0,NATURALGAS27OCT26FUT,287.6,10000,BUY,128248750,68087500
2026-10-01 23:28:19.256,NATURALGAS,PE,260.0,NATURALGAS23OCT26260PE,3.45,12500,SELL_AGGRESSOR,28167500,10511250
2026-10-01 23:28:19.256,NATURALGAS,CE,270.0,NATURALGAS23OCT26270CE,23.4,1250,SELL_AGGRESSOR,3167500,1010000
2026-10-01 23:28:19.256,NATURALGAS,PE,270.0,NATURALGAS23OCT26270PE,6.1,10000,SELL_AGGRESSOR,33398750,11191250
2026-10-01 23:28:19.256,NATURALGAS,PE,275.0,NATURALGAS23OCT26275PE,8.0,1250,SELL_AGGRESSOR,18870000,3670000
2026-10-01 23:28:19.256,NATURALGAS,CE,280.0,NATURALGAS23OCT26280CE,17.75,1250,BUY_AGGRESSOR,26736250,4271250
2026-10-01 23:28:19.256,NATURALGAS,PE,280.0,NATURALGAS23OCT26280PE,10.2,1250,SELL_AGGRESSOR,48017500,11338750
2026-10-01 23:28:19.256,NATURALGAS,CE,285.0,NATURALGAS23OCT26285CE,15.25,2500,INSIDE,36013750,4685000
2026-10-01 23:28:19.256,NATURALGAS,CE,295.0,NATURALGAS23OCT26295CE,11.35,3750,INSIDE,35761250,6852500
2026-10-01 23:28:19.256,NATURALGAS,PE,295.0,NATURALGAS23OCT26295PE,18.8,5000,SELL_AGGRESSOR,15611250,5250000
2026-10-01 23:28:19.256,NATURALGAS,CE,300.0,NATURALGAS23OCT26300CE,9.8,12500,BUY_AGGRESSOR,56067500,19745000
2026-10-01 23:28:19.256,NATURALGAS,PE,300.0,NATURALGAS23OCT26300PE,22.2,22500,SELL_AGGRESSOR,14201250,13773750
2026-10-01 23:28:19.256,NATURALGAS,CE,305.0,NATURALGAS23OCT26305CE,8.4,1250,BUY_AGGRESSOR,21202500,8241250
2026-10-01 23:28:19.256,NATURALGAS,CE,310.0,NATURALGAS23OCT26310CE,7.3,35000,BUY_AGGRESSOR,32360000,11180000
2026-10-01 23:28:19.256,NATGASMINI,FUT,0.0,NATGASMINI27OCT26FUT,287.7,8250,BUY_AGGRESSOR,41434750,16759750
2026-10-01 23:28:19.256,NATGASMINI,PE,275.0,NATGASMINI23OCT26275PE,8.1,32750,SELL_AGGRESSOR,5060000,667500
2026-10-01 23:28:19.256,NATGASMINI,PE,280.0,NATGASMINI23OCT26280PE,10.3,4000,SELL_AGGRESSOR,10071000,1160250
2026-10-01 23:28:19.256,NATGASMINI,CE,285.0,NATGASMINI23OCT26285CE,15.35,1000,SELL_AGGRESSOR,10795000,809750
2026-10-01 23:28:19.256,NATGASMINI,PE,285.0,NATGASMINI23OCT26285PE,12.95,2750,BUY_AGGRESSOR,20055500,932500
2026-10-01 23:28:19.256,NATGASMINI,CE,290.0,NATGASMINI23OCT26290CE,13.3,2500,INSIDE,25732250,2935500
2026-10-01 23:28:19.256,NATGASMINI,PE,290.0,NATGASMINI23OCT26290PE,15.65,250,SELL_AGGRESSOR,18758750,1311750
2026-10-01 23:28:19.256,NATGASMINI,CE,295.0,NATGASMINI23OCT26295CE,11.45,250,SELL_AGGRESSOR,12385250,1597000
2026-10-01 23:28:19.256,NATGASMINI,CE,300.0,NATGASMINI23OCT26300CE,9.9,750,SELL_AGGRESSOR,13276250,3156250
2026-10-01 23:28:19.256,NATGASMINI,CE,315.0,NATGASMINI23OCT26315CE,6.35,250,SELL_AGGRESSOR,2793250,1185750
2026-10-01 23:28:23.034,NATURALGAS,FUT,0.0,NATURALGAS27OCT26FUT,287.6,25000,BUY_AGGRESSOR,128273750,68088750
2026-10-01 23:28:23.034,NATURALGAS,CE,280.0,NATURALGAS23OCT26280CE,17.6,21250,SELL_AGGRESSOR,26757500,4256250
2026-10-01 23:28:23.034,NATURALGAS,PE,280.0,NATURALGAS23OCT26280PE,10.2,3750,SELL_AGGRESSOR,48021250,11338750
2026-10-01 23:28:23.034,NATURALGAS,PE,290.0,NATURALGAS23OCT26290PE,15.7,1250,BUY_AGGRESSOR,77671250,12217500
2026-10-01 23:28:23.034,NATURALGAS,CE,295.0,NATURALGAS23OCT26295CE,11.35,22500,BUY_AGGRESSOR,35783750,6852500
2026-10-01 23:28:23.034,NATURALGAS,CE,305.0,NATURALGAS23OCT26305CE,8.4,27500,BUY_AGGRESSOR,21230000,8242500
2026-10-01 23:28:23.034,NATURALGAS,CE,310.0,NATURALGAS23OCT26310CE,7.3,3750,SELL_AGGRESSOR,32363750,11180000
2026-10-01 23:28:23.034,NATGASMINI,FUT,0.0,NATGASMINI27OCT26FUT,287.6,500,SELL_AGGRESSOR,41435250,16758250
2026-10-01 23:28:23.034,NATGASMINI,CE,285.0,NATGASMINI23OCT26285CE,15.45,750,BUY_AGGRESSOR,10795750,809750
2026-10-01 23:28:23.034,NATGASMINI,PE,285.0,NATGASMINI23OCT26285PE,12.9,750,SELL,20056250,931000
2026-10-01 23:28:23.034,NATGASMINI,CE,295.0,NATGASMINI23OCT26295CE,11.45,9750,SELL_AGGRESSOR,12395000,1597000
2026-10-01 23:28:23.034,NATGASMINI,CE,300.0,NATGASMINI23OCT26300CE,9.9,1500,SELL_AGGRESSOR,13277750,3157750
2026-10-01 23:28:23.034,NATGASMINI,CE,305.0,NATGASMINI23OCT26305CE,8.55,3750,BUY,6153500,1689500
2026-10-01 23:28:23.034,NATGASMINI,CE,310.0,NATGASMINI23OCT26310CE,7.35,1000,SELL_AGGRESSOR,5226750,1808750
2026-10-01 23:28:26.974,NATURALGAS,FUT,0.0,NATURALGAS27OCT26FUT,287.6,3750,SELL_AGGRESSOR,128277500,68088750
2026-10-01 23:28:26.974,NATURALGAS,CE,275.0,NATURALGAS23OCT26275CE,20.5,6250,INSIDE,3890000,390000
2026-10-01 23:28:26.974,NATURALGAS,PE,280.0,NATURALGAS23OCT26280PE,10.2,2500,SELL_AGGRESSOR,48023750,11336250
2026-10-01 23:28:26.974,NATURALGAS,PE,285.0,NATURALGAS23OCT26285PE,12.9,2500,BUY_AGGRESSOR,54036250,5077500
2026-10-01 23:28:26.974,NATURALGAS,CE,290.0,NATURALGAS23OCT26290CE,13.1,1250,SELL_AGGRESSOR,90747500,15842500
2026-10-01 23:28:26.974,NATURALGAS,PE,290.0,NATURALGAS23OCT26290PE,15.65,1250,SELL_AGGRESSOR,77672500,12216250
2026-10-01 23:28:26.974,NATURALGAS,CE,300.0,NATURALGAS23OCT26300CE,9.75,6250,SELL_AGGRESSOR,56073750,19746250
2026-10-01 23:28:26.974,NATGASMINI,FUT,0.0,NATGASMINI27OCT26FUT,287.7,1750,BUY_AGGRESSOR,41437000,16758000
2026-10-01 23:28:26.974,NATGASMINI,CE,270.0,NATGASMINI23OCT26270CE,23.7,250,BUY_AGGRESSOR,729750,155750
2026-10-01 23:28:26.974,NATGASMINI,PE,285.0,NATGASMINI23OCT26285PE,12.9,1000,BUY_AGGRESSOR,20057250,930000
2026-10-01 23:28:26.974,NATGASMINI,PE,290.0,NATGASMINI23OCT26290PE,15.75,2000,BUY_AGGRESSOR,18760750,1309750
2026-10-01 23:28:26.974,NATGASMINI,PE,295.0,NATGASMINI23OCT26295PE,18.65,2250,SELL_AGGRESSOR,5481250,665750
2026-10-01 23:28:26.974,NATGASMINI,CE,305.0,NATGASMINI23OCT26305CE,8.5,1000,SELL_AGGRESSOR,6154500,1689500
2026-10-01 23:28:30.752,NATURALGAS,FUT,0.0,NATURALGAS27OCT26FUT,287.6,3750,SELL_AGGRESSOR,128281250,68100000
2026-10-01 23:28:30.752,NATURALGAS,PE,260.0,NATURALGAS23OCT26260PE,3.45,5000,SELL_AGGRESSOR,28172500,10511250
2026-10-01 23:28:30.752,NATURALGAS,PE,265.0,NATURALGAS23OCT26265PE,4.5,11250,SELL_AGGRESSOR,13162500,4233750
2026-10-01 23:28:30.752,NATURALGAS,CE,280.0,NATURALGAS23OCT26280CE,17.65,6250,SELL_AGGRESSOR,26763750,4256250
2026-10-01 23:28:30.752,NATURALGAS,PE,280.0,NATURALGAS23OCT26280PE,10.2,2500,SELL_AGGRESSOR,48026250,11336250
2026-10-01 23:28:30.752,NATURALGAS,CE,285.0,NATURALGAS23OCT26285CE,15.2,2500,SELL_AGGRESSOR,36016250,4682500
2026-10-01 23:28:30.752,NATURALGAS,PE,285.0,NATURALGAS23OCT26285PE,12.8,1250,SELL_AGGRESSOR,54037500,5076250
2026-10-01 23:28:30.752,NATURALGAS,CE,290.0,NATURALGAS23OCT26290CE,13.2,13750,BUY_AGGRESSOR,90761250,15841250
2026-10-01 23:28:30.752,NATURALGAS,PE,290.0,NATURALGAS23OCT26290PE,15.65,5000,SELL_AGGRESSOR,77677500,12211250
2026-10-01 23:28:30.752,NATURALGAS,CE,305.0,NATURALGAS23OCT26305CE,8.4,13750,BUY_AGGRESSOR,21243750,8258750
2026-10-01 23:28:30.752,NATURALGAS,CE,310.0,NATURALGAS23OCT26310CE,7.3,61250,SELL_AGGRESSOR,32425000,11116250
2026-10-01 23:28:30.752,NATGASMINI,FUT,0.0,NATGASMINI27OCT26FUT,287.7,750,BUY_AGGRESSOR,41437750,16757000
2026-10-01 23:28:30.752,NATGASMINI,PE,260.0,NATGASMINI23OCT26260PE,3.5,2500,BUY_AGGRESSOR,2453750,843500
2026-10-01 23:28:30.752,NATGASMINI,PE,265.0,NATGASMINI23OCT26265PE,4.5,20000,SELL_AGGRESSOR,5947250,3201500
2026-10-01 23:28:30.752,NATGASMINI,PE,275.0,NATGASMINI23OCT26275PE,8.05,250,SELL_AGGRESSOR,5060250,669000
2026-10-01 23:28:30.752,NATGASMINI,PE,280.0,NATGASMINI23OCT26280PE,10.25,4750,SELL_AGGRESSOR,10075750,1152500
2026-10-01 23:28:30.752,NATGASMINI,PE,285.0,NATGASMINI23OCT26285PE,12.95,3000,BUY_AGGRESSOR,20060250,927500
2026-10-01 23:28:30.752,NATGASMINI,CE,290.0,NATGASMINI23OCT26290CE,13.3,5250,INSIDE,25737500,2934750
2026-10-01 23:28:30.752,NATGASMINI,PE,290.0,NATGASMINI23OCT26290PE,15.7,1750,SELL,18762500,1308000
2026-10-01 23:28:30.752,NATGASMINI,CE,300.0,NATGASMINI23OCT26300CE,9.95,4250,BUY_AGGRESSOR,13282000,3156750
2026-10-01 23:28:30.752,NATGASMINI,CE,305.0,NATGASMINI23OCT26305CE,8.5,1000,SELL_AGGRESSOR,6155500,1689500
2026-10-01 23:28:30.752,NATGASMINI,CE,310.0,NATGASMINI23OCT26310CE,7.35,500,SELL_AGGRESSOR,5227250,1808250
2026-10-01 23:28:34.607,NATURALGAS,FUT,0.0,NATURALGAS27OCT26FUT,287.6,2500,SELL_AGGRESSOR,128283750,68097500
2026-10-01 23:28:34.607,NATURALGAS,PE,260.0,NATURALGAS23OCT26260PE,3.45,16250,SELL_AGGRESSOR,28188750,10497500
2026-10-01 23:28:34.607,NATURALGAS,PE,275.0,NATURALGAS23OCT26275PE,8.05,7500,BUY_AGGRESSOR,18877500,3670000
2026-10-01 23:28:34.607,NATURALGAS,PE,280.0,NATURALGAS23OCT26280PE,10.2,2500,SELL_AGGRESSOR,48028750,11336250
2026-10-01 23:28:34.607,NATURALGAS,CE,290.0,NATURALGAS23OCT26290CE,13.1,1250,SELL_AGGRESSOR,90762500,15841250
2026-10-01 23:28:34.607,NATURALGAS,PE,290.0,NATURALGAS23OCT26290PE,15.7,1250,BUY_AGGRESSOR,77678750,12211250
2026-10-01 23:28:34.607,NATURALGAS,CE,295.0,NATURALGAS23OCT26295CE,11.3,1250,SELL_AGGRESSOR,35785000,6835000
2026-10-01 23:28:34.607,NATURALGAS,CE,300.0,NATURALGAS23OCT26300CE,9.75,1250,SELL_AGGRESSOR,56075000,19746250
2026-10-01 23:28:34.607,NATGASMINI,FUT,0.0,NATGASMINI27OCT26FUT,287.6,2750,SELL_AGGRESSOR,41440500,16755750
2026-10-01 23:28:34.607,NATGASMINI,CE,270.0,NATGASMINI23OCT26270CE,23.7,250,BUY_AGGRESSOR,730000,155750
2026-10-01 23:28:34.607,NATGASMINI,PE,280.0,NATGASMINI23OCT26280PE,10.3,2750,BUY_AGGRESSOR,10078500,1150750
2026-10-01 23:28:34.607,NATGASMINI,PE,285.0,NATGASMINI23OCT26285PE,12.8,1000,SELL_AGGRESSOR,20061250,926750
2026-10-01 23:28:34.607,NATGASMINI,CE,290.0,NATGASMINI23OCT26290CE,13.3,2250,INSIDE,25739750,2934750
2026-10-01 23:28:34.607,NATGASMINI,CE,295.0,NATGASMINI23OCT26295CE,11.5,3250,BUY,12398250,1595250
2026-10-01 23:28:34.607,NATGASMINI,CE,300.0,NATGASMINI23OCT26300CE,9.8,5750,SELL_AGGRESSOR,13287750,3154500
2026-10-01 23:28:38.494,NATURALGAS,FUT,0.0,NATURALGAS27OCT26FUT,287.7,36250,BUY_AGGRESSOR,128320000,68076250
2026-10-01 23:28:38.494,NATURALGAS,PE,260.0,NATURALGAS23OCT26260PE,3.45,6250,SELL_AGGRESSOR,28195000,10491250
2026-10-01 23:28:38.494,NATURALGAS,CE,270.0,NATURALGAS23OCT26270CE,23.5,2500,BUY_AGGRESSOR,3170000,1011250
2026-10-01 23:28:38.494,NATURALGAS,PE,270.0,NATURALGAS23OCT26270PE,6.1,2500,SELL_AGGRESSOR,33401250,11187500
2026-10-01 23:28:38.494,NATURALGAS,CE,285.0,NATURALGAS23OCT26285CE,15.3,3750,BUY_AGGRESSOR,36020000,4680000
2026-10-01 23:28:38.494,NATURALGAS,PE,285.0,NATURALGAS23OCT26285PE,12.9,8750,BUY_AGGRESSOR,54046250,5075000
2026-10-01 23:28:38.494,NATURALGAS,PE,290.0,NATURALGAS23OCT26290PE,15.65,6250,SELL_AGGRESSOR,77685000,12205000
2026-10-01 23:28:38.494,NATURALGAS,CE,295.0,NATURALGAS23OCT26295CE,11.35,7500,BUY_AGGRESSOR,35792500,6830000
2026-10-01 23:28:38.494,NATURALGAS,PE,295.0,NATURALGAS23OCT26295PE,18.65,10000,SELL_AGGRESSOR,15621250,5243750
2026-10-01 23:28:38.494,NATURALGAS,CE,300.0,NATURALGAS23OCT26300CE,9.75,30000,SELL_AGGRESSOR,56105000,19758750
2026-10-01 23:28:38.494,NATURALGAS,PE,300.0,NATURALGAS23OCT26300PE,22.3,7500,SELL_AGGRESSOR,14208750,13762500
2026-10-01 23:28:38.494,NATGASMINI,FUT,0.0,NATGASMINI27OCT26FUT,287.7,6500,BUY_AGGRESSOR,41447000,16752000
2026-10-01 23:28:38.494,NATGASMINI,CE,280.0,NATGASMINI23OCT26280CE,17.8,750,SELL_AGGRESSOR,3929750,351500
2026-10-01 23:28:38.494,NATGASMINI,PE,285.0,NATGASMINI23OCT26285PE,12.9,1000,BUY_AGGRESSOR,20062250,925750
2026-10-01 23:28:38.494,NATGASMINI,CE,290.0,NATGASMINI23OCT26290CE,13.3,3000,INSIDE,25742750,2934500
2026-10-01 23:28:38.494,NATGASMINI,CE,295.0,NATGASMINI23OCT26295CE,11.45,2750,SELL_AGGRESSOR,12401000,1589500
2026-10-01 23:28:38.494,NATGASMINI,CE,300.0,NATGASMINI23OCT26300CE,9.85,2250,SELL_AGGRESSOR,13290000,3152500
2026-10-01 23:28:42.332,NATURALGAS,FUT,0.0,NATURALGAS27OCT26FUT,287.7,3750,BUY_AGGRESSOR,128323750,68075000
2026-10-01 23:28:42.332,NATURALGAS,PE,260.0,NATURALGAS23OCT26260PE,3.45,12500,SELL_AGGRESSOR,28207500,10478750
2026-10-01 23:28:42.332,NATURALGAS,CE,270.0,NATURALGAS23OCT26270CE,23.35,1250,SELL_AGGRESSOR,3171250,1012500
2026-10-01 23:28:42.332,NATURALGAS,PE,270.0,NATURALGAS23OCT26270PE,6.1,1250,SELL_AGGRESSOR,33402500,11187500
2026-10-01 23:28:42.332,NATURALGAS,PE,275.0,NATURALGAS23OCT26275PE,8.0,26250,SELL_AGGRESSOR,18903750,3647500
2026-10-01 23:28:42.332,NATURALGAS,CE,280.0,NATURALGAS23OCT26280CE,17.7,1250,BUY_AGGRESSOR,26765000,4257500
2026-10-01 23:28:42.332,NATURALGAS,PE,280.0,NATURALGAS23OCT26280PE,10.15,67500,SELL_AGGRESSOR,48096250,11377500
2026-10-01 23:28:42.332,NATURALGAS,PE,290.0,NATURALGAS23OCT26290PE,15.65,3750,SELL_AGGRESSOR,77688750,12201250
2026-10-01 23:28:42.332,NATURALGAS,PE,295.0,NATURALGAS23OCT26295PE,18.6,7500,SELL_AGGRESSOR,15628750,5235000
2026-10-01 23:28:42.332,NATURALGAS,PE,300.0,NATURALGAS23OCT26300PE,22.3,3750,SELL_AGGRESSOR,14212500,13757500
2026-10-01 23:28:42.332,NATURALGAS,CE,310.0,NATURALGAS23OCT26310CE,7.25,1250,SELL_AGGRESSOR,32426250,11107500
2026-10-01 23:28:42.332,NATURALGAS,CE,315.0,NATURALGAS23OCT26315CE,6.2,1250,SELL_AGGRESSOR,11751250,3406250
2026-10-01 23:28:42.332,NATGASMINI,PE,270.0,NATGASMINI23OCT26270PE,6.1,250,SELL_AGGRESSOR,4245500,969000
2026-10-01 23:28:42.332,NATGASMINI,PE,275.0,NATGASMINI23OCT26275PE,8.1,750,BUY_AGGRESSOR,5061000,668250
2026-10-01 23:28:42.332,NATGASMINI,PE,280.0,NATGASMINI23OCT26280PE,10.25,3750,SELL_AGGRESSOR,10082250,1147000
2026-10-01 23:28:42.332,NATGASMINI,PE,285.0,NATGASMINI23OCT26285PE,12.9,1500,BUY_AGGRESSOR,20063750,924500
2026-10-01 23:28:42.332,NATGASMINI,CE,295.0,NATGASMINI23OCT26295CE,11.5,1000,BUY,12402000,1587500
2026-10-01 23:28:42.332,NATGASMINI,CE,300.0,NATGASMINI23OCT26300CE,9.85,250,SELL_AGGRESSOR,13290250,3151000
2026-10-01 23:28:42.332,NATGASMINI,PE,305.0,NATGASMINI23OCT26305PE,25.6,750,SELL_AGGRESSOR,602750,374500
2026-10-01 23:28:46.171,NATURALGAS,FUT,0.0,NATURALGAS27OCT26FUT,287.7,6250,BUY_AGGRESSOR,128330000,68068750
2026-10-01 23:28:46.171,NATURALGAS,PE,255.0,NATURALGAS23OCT26255PE,2.5,2500,BUY_AGGRESSOR,7398750,2123750
2026-10-01 23:28:46.171,NATURALGAS,PE,260.0,NATURALGAS23OCT26260PE,3.45,1250,SELL_AGGRESSOR,28208750,10477500
2026-10-01 23:28:46.171,NATURALGAS,CE,270.0,NATURALGAS23OCT26270CE,23.5,2500,BUY_AGGRESSOR,3173750,1015000
2026-10-01 23:28:46.171,NATURALGAS,PE,270.0,NATURALGAS23OCT26270PE,6.1,2500,SELL_AGGRESSOR,33405000,11187500
2026-10-01 23:28:46.171,NATURALGAS,CE,280.0,NATURALGAS23OCT26280CE,17.7,1250,BUY_AGGRESSOR,26766250,4258750
2026-10-01 23:28:46.171,NATURALGAS,PE,280.0,NATURALGAS23OCT26280PE,10.2,17500,BUY,48113750,11373750
2026-10-01 23:28:46.171,NATURALGAS,CE,290.0,NATURALGAS23OCT26290CE,13.1,5000,SELL_AGGRESSOR,90767500,15838750
2026-10-01 23:28:46.171,NATURALGAS,CE,295.0,NATURALGAS23OCT26295CE,11.3,1250,SELL_AGGRESSOR,35793750,6828750
2026-10-01 23:28:46.171,NATURALGAS,CE,300.0,NATURALGAS23OCT26300CE,9.75,3750,BUY_AGGRESSOR,56108750,19766250
2026-10-01 23:28:46.171,NATGASMINI,FUT,0.0,NATGASMINI27OCT26FUT,287.6,500,SELL_AGGRESSOR,41447500,16750750
2026-10-01 23:28:46.171,NATGASMINI,PE,265.0,NATGASMINI23OCT26265PE,4.55,750,SELL_AGGRESSOR,5948000,3200250
2026-10-01 23:28:46.171,NATGASMINI,PE,270.0,NATGASMINI23OCT26270PE,6.1,250,SELL_AGGRESSOR,4245750,968750
2026-10-01 23:28:46.171,NATGASMINI,PE,275.0,NATGASMINI23OCT26275PE,8.0,250,SELL_AGGRESSOR,5061250,668250
2026-10-01 23:28:46.171,NATGASMINI,CE,285.0,NATGASMINI23OCT26285CE,15.4,250,SELL,10796000,809750
2026-10-01 23:28:46.171,NATGASMINI,PE,285.0,NATGASMINI23OCT26285PE,12.8,1500,SELL_AGGRESSOR,20065250,923000
2026-10-01 23:28:46.171,NATGASMINI,CE,290.0,NATGASMINI23OCT26290CE,13.2,2250,SELL_AGGRESSOR,25745000,2934500
2026-10-01 23:28:46.171,NATGASMINI,PE,290.0,NATGASMINI23OCT26290PE,15.75,250,BUY_AGGRESSOR,18762750,1308000
2026-10-01 23:28:46.171,NATGASMINI,CE,305.0,NATGASMINI23OCT26305CE,8.5,1250,SELL_AGGRESSOR,6156750,1690500
2026-10-01 23:28:50.056,NATURALGAS,FUT,0.0,NATURALGAS27OCT26FUT,287.7,1250,BUY_AGGRESSOR,128331250,68070000
2026-10-01 23:28:50.056,NATURALGAS,PE,260.0,NATURALGAS23OCT26260PE,3.4,2500,SELL_AGGRESSOR,28211250,10476250
2026-10-01 23:28:50.056,NATURALGAS,PE,270.0,NATURALGAS23OCT26270PE,6.1,32500,SELL_AGGRESSOR,33437500,11172500
2026-10-01 23:28:50.056,NATURALGAS,PE,275.0,NATURALGAS23OCT26275PE,7.9,1250,SELL_AGGRESSOR,18905000,3646250
2026-10-01 23:28:50.056,NATURALGAS,CE,280.0,NATURALGAS23OCT26280CE,17.65,1250,SELL_AGGRESSOR,26767500,4258750
2026-10-01 23:28:50.056,NATURALGAS,PE,280.0,NATURALGAS23OCT26280PE,10.2,2500,SELL_AGGRESSOR,48116250,11373750
2026-10-01 23:28:50.056,NATURALGAS,PE,285.0,NATURALGAS23OCT26285PE,12.8,5000,SELL_AGGRESSOR,54051250,5071250
2026-10-01 23:28:50.056,NATURALGAS,CE,290.0,NATURALGAS23OCT26290CE,13.15,17500,BUY,90785000,15830000
2026-10-01 23:28:50.056,NATURALGAS,PE,290.0,NATURALGAS23OCT26290PE,15.65,16250,SELL_AGGRESSOR,77705000,12201250
2026-10-01 23:28:50.056,NATURALGAS,CE,295.0,NATURALGAS23OCT26295CE,11.35,10000,BUY_AGGRESSOR,35803750,6818750
2026-10-01 23:28:50.056,NATURALGAS,CE,300.0,NATURALGAS23OCT26300CE,9.75,2500,BUY_AGGRESSOR,56111250,19767500
2026-10-01 23:28:50.056,NATURALGAS,PE,300.0,NATURALGAS23OCT26300PE,22.2,2500,SELL_AGGRESSOR,14215000,13756250
2026-10-01 23:28:50.056,NATURALGAS,CE,305.0,NATURALGAS23OCT26305CE,8.4,10000,BUY_AGGRESSOR,21253750,8258750
2026-10-01 23:28:50.056,NATGASMINI,FUT,0.0,NATGASMINI27OCT26FUT,287.6,1500,SELL_AGGRESSOR,41449000,16750250
2026-10-01 23:28:50.056,NATGASMINI,PE,265.0,NATGASMINI23OCT26265PE,4.55,250,INSIDE,5948250,3200250
2026-10-01 23:28:50.056,NATGASMINI,CE,270.0,NATGASMINI23OCT26270CE,23.7,250,BUY_AGGRESSOR,730250,155250
2026-10-01 23:28:50.056,NATGASMINI,PE,270.0,NATGASMINI23OCT26270PE,6.1,1000,SELL_AGGRESSOR,4246750,969750
2026-10-01 23:28:50.056,NATGASMINI,PE,275.0,NATGASMINI23OCT26275PE,8.05,500,BUY,5061750,668500
2026-10-01 23:28:50.056,NATGASMINI,PE,280.0,NATGASMINI23OCT26280PE,10.25,250,SELL_AGGRESSOR,10082500,1146750
2026-10-01 23:28:50.056,NATGASMINI,PE,285.0,NATGASMINI23OCT26285PE,12.85,9750,BUY,20075000,914500
2026-10-01 23:28:50.056,NATGASMINI,PE,290.0,NATGASMINI23OCT26290PE,15.65,250,SELL_AGGRESSOR,18763000,1308000
2026-10-01 23:28:50.056,NATGASMINI,CE,305.0,NATGASMINI23OCT26305CE,8.55,11250,BUY_AGGRESSOR,6168000,1690500
2026-10-01 23:28:53.913,NATURALGAS,PE,265.0,NATURALGAS23OCT26265PE,4.5,1250,SELL_AGGRESSOR,13163750,4240000
2026-10-01 23:28:53.913,NATURALGAS,PE,270.0,NATURALGAS23OCT26270PE,6.1,1250,SELL_AGGRESSOR,33438750,11162500
2026-10-01 23:28:53.913,NATURALGAS,PE,275.0,NATURALGAS23OCT26275PE,7.95,23750,BUY,18928750,3622500
2026-10-01 23:28:53.913,NATURALGAS,CE,280.0,NATURALGAS23OCT26280CE,17.7,1250,SELL_AGGRESSOR,26768750,4258750
2026-10-01 23:28:53.913,NATURALGAS,PE,285.0,NATURALGAS23OCT26285PE,12.8,7500,SELL_AGGRESSOR,54058750,5067500
2026-10-01 23:28:53.913,NATURALGAS,CE,290.0,NATURALGAS23OCT26290CE,13.2,7500,BUY_AGGRESSOR,90792500,15831250
2026-10-01 23:28:53.913,NATURALGAS,PE,290.0,NATURALGAS23OCT26290PE,15.7,2500,BUY_AGGRESSOR,77707500,12200000
2026-10-01 23:28:53.913,NATURALGAS,CE,295.0,NATURALGAS23OCT26295CE,11.35,1250,SELL_AGGRESSOR,35805000,6817500
2026-10-01 23:28:53.913,NATURALGAS,CE,305.0,NATURALGAS23OCT26305CE,8.4,2500,BUY_AGGRESSOR,21256250,8258750
2026-10-01 23:28:53.913,NATURALGAS,CE,310.0,NATURALGAS23OCT26310CE,7.25,1250,SELL_AGGRESSOR,32427500,11107500
2026-10-01 23:28:53.913,NATGASMINI,FUT,0.0,NATGASMINI27OCT26FUT,287.7,2750,BUY,41451750,16748750
2026-10-01 23:28:53.913,NATGASMINI,PE,265.0,NATGASMINI23OCT26265PE,4.55,4000,INSIDE,5952250,3200250
2026-10-01 23:28:53.913,NATGASMINI,CE,270.0,NATGASMINI23OCT26270CE,23.65,500,SELL_AGGRESSOR,730750,155250
2026-10-01 23:28:53.913,NATGASMINI,PE,270.0,NATGASMINI23OCT26270PE,6.1,5000,SELL_AGGRESSOR,4251750,967500
2026-10-01 23:28:53.913,NATGASMINI,PE,285.0,NATGASMINI23OCT26285PE,12.85,10250,BUY_AGGRESSOR,20085250,909750
2026-10-01 23:28:53.913,NATGASMINI,CE,290.0,NATGASMINI23OCT26290CE,13.3,4000,SELL_AGGRESSOR,25749000,2934500
2026-10-01 23:28:53.913,NATGASMINI,PE,290.0,NATGASMINI23OCT26290PE,15.65,250,SELL_AGGRESSOR,18763250,1308000
2026-10-01 23:28:53.913,NATGASMINI,CE,295.0,NATGASMINI23OCT26295CE,11.35,8000,SELL_AGGRESSOR,12410000,1578500
2026-10-01 23:28:53.913,NATGASMINI,CE,305.0,NATGASMINI23OCT26305CE,8.55,1250,BUY_AGGRESSOR,6169250,1690500
2026-10-01 23:28:53.913,NATGASMINI,CE,310.0,NATGASMINI23OCT26310CE,7.35,500,SELL_AGGRESSOR,5227750,1808250
2026-10-01 23:28:57.786,NATURALGAS,FUT,0.0,NATURALGAS27OCT26FUT,287.7,27500,BUY_AGGRESSOR,128358750,68058750
2026-10-01 23:28:57.786,NATURALGAS,CE,280.0,NATURALGAS23OCT26280CE,17.7,6250,SELL_AGGRESSOR,26775000,4258750
2026-10-01 23:28:57.786,NATURALGAS,PE,280.0,NATURALGAS23OCT26280PE,10.2,22500,INSIDE,48138750,11373750
2026-10-01 23:28:57.786,NATURALGAS,CE,285.0,NATURALGAS23OCT26285CE,15.25,3750,SELL_AGGRESSOR,36023750,4678750
2026-10-01 23:28:57.786,NATURALGAS,PE,285.0,NATURALGAS23OCT26285PE,12.8,1250,SELL_AGGRESSOR,54060000,5067500
2026-10-01 23:28:57.786,NATURALGAS,CE,290.0,NATURALGAS23OCT26290CE,13.2,17500,BUY_AGGRESSOR,90810000,15831250
2026-10-01 23:28:57.786,NATURALGAS,PE,290.0,NATURALGAS23OCT26290PE,15.65,10000,SELL_AGGRESSOR,77717500,12201250
2026-10-01 23:28:57.786,NATURALGAS,CE,300.0,NATURALGAS23OCT26300CE,9.75,5000,INSIDE,56116250,19767500
2026-10-01 23:28:57.786,NATURALGAS,CE,305.0,NATURALGAS23OCT26305CE,8.35,7500,SELL_AGGRESSOR,21263750,8258750
2026-10-01 23:28:57.786,NATGASMINI,FUT,0.0,NATGASMINI27OCT26FUT,287.6,2500,SELL_AGGRESSOR,41454250,16748000
2026-10-01 23:28:57.786,NATGASMINI,PE,260.0,NATGASMINI23OCT26260PE,3.45,5000,SELL,2458750,843500
2026-10-01 23:28:57.786,NATGASMINI,CE,270.0,NATGASMINI23OCT26270CE,23.65,1250,SELL_AGGRESSOR,732000,156500
2026-10-01 23:28:57.786,NATGASMINI,CE,280.0,NATGASMINI23OCT26280CE,17.85,750,SELL_AGGRESSOR,3930500,352000
2026-10-01 23:28:57.786,NATGASMINI,PE,285.0,NATGASMINI23OCT26285PE,12.85,500,BUY_AGGRESSOR,20085750,909250
2026-10-01 23:28:57.786,NATGASMINI,CE,290.0,NATGASMINI23OCT26290CE,13.3,2750,INSIDE,25751750,2934500
2026-10-01 23:28:57.786,NATGASMINI,PE,290.0,NATGASMINI23OCT26290PE,15.65,1750,SELL_AGGRESSOR,18765000,1307750
2026-10-01 23:28:57.786,NATGASMINI,CE,295.0,NATGASMINI23OCT26295CE,11.6,250,BUY_AGGRESSOR,12410250,1577500
2026-10-01 23:28:57.786,NATGASMINI,CE,300.0,NATGASMINI23OCT26300CE,9.85,3750,SELL_AGGRESSOR,13294000,3148750
2026-10-01 23:28:57.786,NATGASMINI,CE,305.0,NATGASMINI23OCT26305CE,8.5,1250,SELL_AGGRESSOR,6170500,1691750
2026-10-01 23:28:57.786,NATGASMINI,CE,310.0,NATGASMINI23OCT26310CE,7.4,2500,BUY_AGGRESSOR,5230250,1807750
2026-10-01 23:28:57.786,NATGASMINI,CE,315.0,NATGASMINI23OCT26315CE,6.45,9000,BUY_AGGRESSOR,2802250,1185500
2026-10-01 23:29:01.641,NATURALGAS,FUT,0.0,NATURALGAS27OCT26FUT,287.7,31250,BUY_AGGRESSOR,128390000,68028750
2026-10-01 23:29:01.641,NATURALGAS,PE,255.0,NATURALGAS23OCT26255PE,2.45,78750,SELL_AGGRESSOR,7477500,2110000
2026-10-01 23:29:01.641,NATURALGAS,PE,260.0,NATURALGAS23OCT26260PE,3.4,172500,SELL_AGGRESSOR,28383750,10476250
2026-10-01 23:29:01.641,NATURALGAS,PE,265.0,NATURALGAS23OCT26265PE,4.5,31250,SELL_AGGRESSOR,13195000,4241250
2026-10-01 23:29:01.641,NATURALGAS,CE,270.0,NATURALGAS23OCT26270CE,23.5,7500,BUY_AGGRESSOR,3181250,1017500
2026-10-01 23:29:01.641,NATURALGAS,PE,270.0,NATURALGAS23OCT26270PE,6.05,20000,SELL_AGGRESSOR,33458750,11151250
2026-10-01 23:29:01.641,NATURALGAS,CE,280.0,NATURALGAS23OCT26280CE,17.75,8750,BUY_AGGRESSOR,26783750,4260000
2026-10-01 23:29:01.641,NATURALGAS,PE,280.0,NATURALGAS23OCT26280PE,10.15,2500,SELL_AGGRESSOR,48141250,11372500
2026-10-01 23:29:01.641,NATURALGAS,CE,285.0,NATURALGAS23OCT26285CE,15.35,23750,BUY_AGGRESSOR,36047500,4667500
2026-10-01 23:29:01.641,NATURALGAS,PE,285.0,NATURALGAS23OCT26285PE,12.8,3750,SELL_AGGRESSOR,54063750,5066250
2026-10-01 23:29:01.641,NATURALGAS,CE,290.0,NATURALGAS23OCT26290CE,13.2,42500,BUY_AGGRESSOR,90852500,15831250
2026-10-01 23:29:01.641,NATURALGAS,PE,290.0,NATURALGAS23OCT26290PE,15.6,37500,SELL_AGGRESSOR,77755000,12182500
2026-10-01 23:29:01.641,NATURALGAS,CE,295.0,NATURALGAS23OCT26295CE,11.4,15000,BUY_AGGRESSOR,35820000,6812500
2026-10-01 23:29:01.641,NATURALGAS,PE,295.0,NATURALGAS23OCT26295PE,18.6,20000,SELL_AGGRESSOR,15648750,5237500
2026-10-01 23:29:01.641,NATURALGAS,CE,300.0,NATURALGAS23OCT26300CE,9.8,8750,BUY_AGGRESSOR,56125000,19767500
2026-10-01 23:29:01.641,NATURALGAS,PE,300.0,NATURALGAS23OCT26300PE,22.25,16250,BUY,14231250,13750000
2026-10-01 23:29:01.641,NATURALGAS,CE,305.0,NATURALGAS23OCT26305CE,8.4,6250,BUY_AGGRESSOR,21270000,8253750
2026-10-01 23:29:01.641,NATURALGAS,CE,310.0,NATURALGAS23OCT26310CE,7.3,140000,BUY_AGGRESSOR,32567500,11101250
2026-10-01 23:29:01.641,NATURALGAS,PE,310.0,NATURALGAS23OCT26310PE,29.6,2500,SELL_AGGRESSOR,2488750,4498750
2026-10-01 23:29:01.641,NATURALGAS,CE,315.0,NATURALGAS23OCT26315CE,6.4,6250,BUY_AGGRESSOR,11757500,3395000
2026-10-01 23:29:01.641,NATGASMINI,FUT,0.0,NATGASMINI27OCT26FUT,287.7,26500,BUY_AGGRESSOR,41480750,16743750
2026-10-01 23:29:01.641,NATGASMINI,PE,255.0,NATGASMINI23OCT26255PE,2.75,14750,BUY_AGGRESSOR,727500,148250
2026-10-01 23:29:01.641,NATGASMINI,PE,260.0,NATGASMINI23OCT26260PE,3.45,35000,BUY_AGGRESSOR,2493750,839750
2026-10-01 23:29:01.641,NATGASMINI,PE,265.0,NATGASMINI23OCT26265PE,4.6,86000,BUY_AGGRESSOR,6038250,3198000
2026-10-01 23:29:01.641,NATGASMINI,CE,270.0,NATGASMINI23OCT26270CE,23.65,500,SELL_AGGRESSOR,732500,156500
2026-10-01 23:29:01.641,NATGASMINI,PE,270.0,NATGASMINI23OCT26270PE,6.1,250,SELL_AGGRESSOR,4252000,967500
2026-10-01 23:29:01.641,NATGASMINI,PE,275.0,NATGASMINI23OCT26275PE,8.05,8750,BUY_AGGRESSOR,5070500,662750
2026-10-01 23:29:01.641,NATGASMINI,CE,285.0,NATGASMINI23OCT26285CE,15.4,4500,SELL_AGGRESSOR,10800500,807250
2026-10-01 23:29:01.641,NATGASMINI,CE,290.0,NATGASMINI23OCT26290CE,13.25,3000,SELL_AGGRESSOR,25754750,2934000
2026-10-01 23:29:01.641,NATGASMINI,PE,290.0,NATGASMINI23OCT26290PE,15.65,250,BUY_AGGRESSOR,18765250,1307750
2026-10-01 23:29:01.641,NATGASMINI,PE,295.0,NATGASMINI23OCT26295PE,18.7,500,SELL_AGGRESSOR,5481750,664750
2026-10-01 23:29:01.641,NATGASMINI,CE,300.0,NATGASMINI23OCT26300CE,9.9,250,SELL_AGGRESSOR,13294250,3148250
2026-10-01 23:29:01.641,NATGASMINI,PE,300.0,NATGASMINI23OCT26300PE,22.15,250,BUY_AGGRESSOR,3197000,956500
2026-10-01 23:29:01.641,NATGASMINI,CE,305.0,NATGASMINI23OCT26305CE,8.55,250,BUY_AGGRESSOR,6170750,1691500
2026-10-01 23:29:01.641,NATGASMINI,PE,305.0,NATGASMINI23OCT26305PE,25.75,500,BUY_AGGRESSOR,603250,374000
2026-10-01 23:29:01.641,NATGASMINI,CE,310.0,NATGASMINI23OCT26310CE,7.35,250,SELL_AGGRESSOR,5230500,1805000
2026-10-01 23:29:01.641,NATGASMINI,PE,315.0,NATGASMINI23OCT26315PE,33.5,250,SELL_AGGRESSOR,106000,251250
2026-10-01 23:29:05.500,NATURALGAS,FUT,0.0,NATURALGAS27OCT26FUT,287.7,38750,SELL_AGGRESSOR,128428750,68015000
2026-10-01 23:29:05.500,NATURALGAS,PE,255.0,NATURALGAS23OCT26255PE,2.4,7500,SELL_AGGRESSOR,7485000,2108750
2026-10-01 23:29:05.500,NATURALGAS,PE,260.0,NATURALGAS23OCT26260PE,3.4,13750,SELL_AGGRESSOR,28397500,10418750
2026-10-01 23:29:05.500,NATURALGAS,PE,265.0,NATURALGAS23OCT26265PE,4.5,1250,SELL_AGGRESSOR,13196250,4261250
2026-10-01 23:29:05.500,NATURALGAS,CE,270.0,NATURALGAS23OCT26270CE,23.5,1250,INSIDE,3182500,1017500
2026-10-01 23:29:05.500,NATURALGAS,PE,270.0,NATURALGAS23OCT26270PE,6.1,2500,BUY_AGGRESSOR,33461250,11151250
2026-10-01 23:29:05.500,NATURALGAS,CE,275.0,NATURALGAS23OCT26275CE,20.4,1250,SELL_AGGRESSOR,3891250,388750
2026-10-01 23:29:05.500,NATURALGAS,PE,275.0,NATURALGAS23OCT26275PE,7.9,56250,SELL_AGGRESSOR,18985000,3622500
2026-10-01 23:29:05.500,NATURALGAS,PE,280.0,NATURALGAS23OCT26280PE,10.25,5000,BUY_AGGRESSOR,48146250,11370000
2026-10-01 23:29:05.500,NATURALGAS,CE,285.0,NATURALGAS23OCT26285CE,15.35,16250,BUY_AGGRESSOR,36063750,4667500
2026-10-01 23:29:05.500,NATURALGAS,PE,285.0,NATURALGAS23OCT26285PE,12.65,65000,SELL_AGGRESSOR,54128750,5066250
2026-10-01 23:29:05.500,NATURALGAS,CE,290.0,NATURALGAS23OCT26290CE,13.25,31250,BUY_AGGRESSOR,90883750,15827500
2026-10-01 23:29:05.500,NATURALGAS,PE,290.0,NATURALGAS23OCT26290PE,15.6,37500,SELL_AGGRESSOR,77792500,12206250
2026-10-01 23:29:05.500,NATURALGAS,CE,295.0,NATURALGAS23OCT26295CE,11.4,43750,BUY_AGGRESSOR,35863750,6792500
2026-10-01 23:29:05.500,NATURALGAS,CE,300.0,NATURALGAS23OCT26300CE,9.8,11250,BUY_AGGRESSOR,56136250,19765000
2026-10-01 23:29:05.500,NATURALGAS,PE,300.0,NATURALGAS23OCT26300PE,22.25,5000,SELL_AGGRESSOR,14236250,13748750
2026-10-01 23:29:05.500,NATURALGAS,CE,305.0,NATURALGAS23OCT26305CE,8.4,3750,BUY_AGGRESSOR,21273750,8253750
2026-10-01 23:29:05.500,NATURALGAS,PE,305.0,NATURALGAS23OCT26305PE,25.5,6250,SELL_AGGRESSOR,2126250,2680000
2026-10-01 23:29:05.500,NATURALGAS,CE,310.0,NATURALGAS23OCT26310CE,7.3,10000,SELL_AGGRESSOR,32577500,11101250
2026-10-01 23:29:05.500,NATURALGAS,CE,315.0,NATURALGAS23OCT26315CE,6.3,15000,SELL,11772500,3386250
2026-10-01 23:29:05.500,NATGASMINI,FUT,0.0,NATGASMINI27OCT26FUT,287.7,6250,BUY_AGGRESSOR,41487000,16726750
2026-10-01 23:29:05.500,NATGASMINI,PE,260.0,NATGASMINI23OCT26260PE,3.45,5500,BUY_AGGRESSOR,2499250,832000
2026-10-01 23:29:05.500,NATGASMINI,PE,265.0,NATGASMINI23OCT26265PE,4.6,1250,BUY_AGGRESSOR,6039500,3198000
2026-10-01 23:29:05.500,NATGASMINI,CE,270.0,NATGASMINI23OCT26270CE,23.7,38000,BUY_AGGRESSOR,770500,156000
2026-10-01 23:29:05.500,NATGASMINI,CE,275.0,NATGASMINI23OCT26275CE,20.6,250,SELL_AGGRESSOR,1347250,67250
2026-10-01 23:29:05.500,NATGASMINI,PE,275.0,NATGASMINI23OCT26275PE,7.95,5000,SELL_AGGRESSOR,5075500,662500
2026-10-01 23:29:05.500,NATGASMINI,CE,280.0,NATGASMINI23OCT26280CE,17.9,1000,BUY,3931500,352000
2026-10-01 23:29:05.500,NATGASMINI,PE,280.0,NATGASMINI23OCT26280PE,10.3,17000,BUY_AGGRESSOR,10099500,1146250
2026-10-01 23:29:05.500,NATGASMINI,CE,285.0,NATGASMINI23OCT26285CE,15.5,11500,BUY_AGGRESSOR,10812000,807250
2026-10-01 23:29:05.500,NATGASMINI,PE,285.0,NATGASMINI23OCT26285PE,12.6,2250,SELL_AGGRESSOR,20088000,909000
2026-10-01 23:29:05.500,NATGASMINI,CE,290.0,NATGASMINI23OCT26290CE,13.3,3500,SELL_AGGRESSOR,25758250,2934000
2026-10-01 23:29:05.500,NATGASMINI,CE,295.0,NATGASMINI23OCT26295CE,11.45,3750,SELL_AGGRESSOR,12414000,1577500
2026-10-01 23:29:05.500,NATGASMINI,CE,300.0,NATGASMINI23OCT26300CE,10.0,250,BUY_AGGRESSOR,13294500,3148250
2026-10-01 23:29:05.500,NATGASMINI,PE,300.0,NATGASMINI23OCT26300PE,22.05,5750,SELL_AGGRESSOR,3202750,955750
2026-10-01 23:29:05.500,NATGASMINI,CE,305.0,NATGASMINI23OCT26305CE,8.55,750,BUY_AGGRESSOR,6171500,1691250
2026-10-01 23:29:05.500,NATGASMINI,CE,310.0,NATGASMINI23OCT26310CE,7.4,500,BUY_AGGRESSOR,5231000,1804500
2026-10-01 23:29:05.500,NATGASMINI,PE,310.0,NATGASMINI23OCT26310PE,29.55,3500,BUY_AGGRESSOR,457500,666500
2026-10-01 23:29:05.500,NATGASMINI,CE,315.0,NATGASMINI23OCT26315CE,6.4,250,SELL_AGGRESSOR,2802500,1176500
2026-10-01 23:29:09.409,NATURALGAS,FUT,0.0,NATURALGAS27OCT26FUT,287.8,72500,BUY_AGGRESSOR,128501250,67986250
2026-10-01 23:29:09.409,NATURALGAS,CE,270.0,NATURALGAS23OCT26270CE,23.75,1250,BUY_AGGRESSOR,3183750,1017500
2026-10-01 23:29:09.409,NATURALGAS,PE,270.0,NATURALGAS23OCT26270PE,6.1,15000,BUY_AGGRESSOR,33476250,11147500
2026-10-01 23:29:09.409,NATURALGAS,CE,280.0,NATURALGAS23OCT26280CE,17.75,3750,SELL_AGGRESSOR,26787500,4257500
2026-10-01 23:29:09.409,NATURALGAS,PE,280.0,NATURALGAS23OCT26280PE,10.1,76250,SELL_AGGRESSOR,48222500,11361250
2026-10-01 23:29:09.409,NATURALGAS,CE,285.0,NATURALGAS23OCT26285CE,15.3,5000,SELL_AGGRESSOR,36068750,4667500
2026-10-01 23:29:09.409,NATURALGAS,CE,290.0,NATURALGAS23OCT26290CE,13.25,10000,SELL_AGGRESSOR,90893750,15827500
2026-10-01 23:29:09.409,NATURALGAS,PE,290.0,NATURALGAS23OCT26290PE,15.6,43750,SELL_AGGRESSOR,77836250,12197500
2026-10-01 23:29:09.409,NATURALGAS,CE,295.0,NATURALGAS23OCT26295CE,11.4,10000,SELL_AGGRESSOR,35873750,6765000
2026-10-01 23:29:09.409,NATURALGAS,CE,300.0,NATURALGAS23OCT26300CE,9.85,23750,BUY_AGGRESSOR,56160000,19760000
2026-10-01 23:29:09.409,NATURALGAS,PE,300.0,NATURALGAS23OCT26300PE,22.1,15000,SELL_AGGRESSOR,14251250,13748750
2026-10-01 23:29:09.409,NATURALGAS,CE,305.0,NATURALGAS23OCT26305CE,8.35,71250,SELL_AGGRESSOR,21345000,8247500
2026-10-01 23:29:09.409,NATGASMINI,FUT,0.0,NATGASMINI27OCT26FUT,287.8,12500,BUY_AGGRESSOR,41499500,16723250
2026-10-01 23:29:09.409,NATGASMINI,PE,255.0,NATGASMINI23OCT26255PE,2.4,4500,SELL_AGGRESSOR,732000,145500
2026-10-01 23:29:09.409,NATGASMINI,CE,270.0,NATGASMINI23OCT26270CE,23.2,3500,SELL_AGGRESSOR,774000,135250
2026-10-01 23:29:09.409,NATGASMINI,PE,270.0,NATGASMINI23OCT26270PE,6.05,1250,SELL_AGGRESSOR,4253250,967500
2026-10-01 23:29:09.409,NATGASMINI,PE,275.0,NATGASMINI23OCT26275PE,7.95,3750,SELL_AGGRESSOR,5079250,658750
2026-10-01 23:29:09.409,NATGASMINI,CE,280.0,NATGASMINI23OCT26280CE,17.95,250,BUY,3931750,352000
2026-10-01 23:29:09.409,NATGASMINI,PE,280.0,NATGASMINI23OCT26280PE,10.25,750,BUY_AGGRESSOR,10100250,1129500
2026-10-01 23:29:09.409,NATGASMINI,CE,285.0,NATGASMINI23OCT26285CE,15.45,2000,SELL_AGGRESSOR,10814000,803500
2026-10-01 23:29:09.409,NATGASMINI,PE,285.0,NATGASMINI23OCT26285PE,12.6,10750,SELL_AGGRESSOR,20098750,902500
2026-10-01 23:29:09.409,NATGASMINI,CE,290.0,NATGASMINI23OCT26290CE,13.3,4750,SELL_AGGRESSOR,25763000,2929750
2026-10-01 23:29:09.409,NATGASMINI,PE,290.0,NATGASMINI23OCT26290PE,15.5,19000,SELL_AGGRESSOR,18784250,1297250
2026-10-01 23:29:09.409,NATGASMINI,CE,295.0,NATGASMINI23OCT26295CE,11.55,10500,BUY_AGGRESSOR,12424500,1574000
2026-10-01 23:29:09.409,NATGASMINI,PE,295.0,NATGASMINI23OCT26295PE,18.65,750,SELL_AGGRESSOR,5482500,664500
2026-10-01 23:29:09.409,NATGASMINI,CE,300.0,NATGASMINI23OCT26300CE,9.9,1750,SELL,13296250,3146500
2026-10-01 23:29:09.409,NATGASMINI,PE,300.0,NATGASMINI23OCT26300PE,22.05,250,INSIDE,3203000,955500
2026-10-01 23:29:09.409,NATGASMINI,CE,305.0,NATGASMINI23OCT26305CE,8.5,6500,SELL_AGGRESSOR,6178000,1689750
2026-10-01 23:29:09.409,NATGASMINI,PE,305.0,NATGASMINI23OCT26305PE,26.0,6250,BUY_AGGRESSOR,609500,374000
2026-10-01 23:29:13.236,NATURALGAS,FUT,0.0,NATURALGAS27OCT26FUT,287.9,17500,BUY_AGGRESSOR,128518750,67986250
2026-10-01 23:29:13.236,NATURALGAS,PE,265.0,NATURALGAS23OCT26265PE,4.5,1250,SELL_AGGRESSOR,13197500,4262500
2026-10-01 23:29:13.236,NATURALGAS,PE,270.0,NATURALGAS23OCT26270PE,6.05,1250,SELL_AGGRESSOR,33477500,11138750
2026-10-01 23:29:13.236,NATURALGAS,PE,275.0,NATURALGAS23OCT26275PE,7.9,5000,SELL_AGGRESSOR,18990000,3617500
2026-10-01 23:29:13.236,NATURALGAS,CE,280.0,NATURALGAS23OCT26280CE,17.8,5000,BUY,26792500,4257500
2026-10-01 23:29:13.236,NATURALGAS,PE,280.0,NATURALGAS23OCT26280PE,10.05,13750,SELL_AGGRESSOR,48236250,11370000
2026-10-01 23:29:13.236,NATURALGAS,CE,285.0,NATURALGAS23OCT26285CE,15.35,1250,BUY,36070000,4667500
2026-10-01 23:29:13.236,NATURALGAS,PE,285.0,NATURALGAS23OCT26285PE,12.65,16250,SELL_AGGRESSOR,54145000,5056250
2026-10-01 23:29:13.236,NATURALGAS,CE,290.0,NATURALGAS23OCT26290CE,13.25,8750,SELL_AGGRESSOR,90902500,15823750
2026-10-01 23:29:13.236,NATURALGAS,PE,290.0,NATURALGAS23OCT26290PE,15.5,17500,SELL_AGGRESSOR,77853750,12220000
2026-10-01 23:29:13.236,NATURALGAS,CE,295.0,NATURALGAS23OCT26295CE,11.45,5000,BUY_AGGRESSOR,35878750,6756250
2026-10-01 23:29:13.236,NATURALGAS,PE,295.0,NATURALGAS23OCT26295PE,18.6,2500,SELL_AGGRESSOR,15651250,5235000
2026-10-01 23:29:13.236,NATURALGAS,CE,300.0,NATURALGAS23OCT26300CE,9.8,7500,SELL,56167500,19756250
2026-10-01 23:29:13.236,NATURALGAS,CE,305.0,NATURALGAS23OCT26305CE,8.4,2500,BUY_AGGRESSOR,21347500,8203750
2026-10-01 23:29:13.236,NATURALGAS,CE,310.0,NATURALGAS23OCT26310CE,7.3,31250,SELL_AGGRESSOR,32608750,11031250
2026-10-01 23:29:13.236,NATGASMINI,FUT,0.0,NATGASMINI27OCT26FUT,287.9,38000,BUY_AGGRESSOR,41537500,16720000
2026-10-01 23:29:13.236,NATGASMINI,CE,280.0,NATGASMINI23OCT26280CE,17.9,500,SELL_AGGRESSOR,3932250,352000
2026-10-01 23:29:13.236,NATGASMINI,PE,280.0,NATGASMINI23OCT26280PE,10.2,7250,SELL_AGGRESSOR,10107500,1128500
2026-10-01 23:29:13.236,NATGASMINI,CE,285.0,NATGASMINI23OCT26285CE,15.45,3500,SELL_AGGRESSOR,10817500,803500
2026-10-01 23:29:13.236,NATGASMINI,PE,285.0,NATGASMINI23OCT26285PE,12.75,250,BUY_AGGRESSOR,20099000,902250
2026-10-01 23:29:13.236,NATGASMINI,CE,290.0,NATGASMINI23OCT26290CE,13.3,4250,SELL_AGGRESSOR,25767250,2926000
2026-10-01 23:29:13.236,NATGASMINI,PE,290.0,NATGASMINI23OCT26290PE,15.55,4000,BUY_AGGRESSOR,18788250,1293000
2026-10-01 23:29:13.236,NATGASMINI,CE,300.0,NATGASMINI23OCT26300CE,9.9,250,SELL_AGGRESSOR,13296500,3146500
2026-10-01 23:29:13.236,NATGASMINI,CE,310.0,NATGASMINI23OCT26310CE,7.45,1250,BUY_AGGRESSOR,5232250,1803250
2026-10-01 23:29:17.149,NATURALGAS,FUT,0.0,NATURALGAS27OCT26FUT,287.9,16250,BUY_AGGRESSOR,128535000,67953750
2026-10-01 23:29:17.149,NATURALGAS,CE,280.0,NATURALGAS23OCT26280CE,17.75,10000,SELL_AGGRESSOR,26802500,4256250
2026-10-01 23:29:17.149,NATURALGAS,PE,280.0,NATURALGAS23OCT26280PE,10.05,7500,SELL_AGGRESSOR,48243750,11356250
2026-10-01 23:29:17.149,NATURALGAS,CE,285.0,NATURALGAS23OCT26285CE,15.3,6250,SELL_AGGRESSOR,36076250,4667500
2026-10-01 23:29:17.149,NATURALGAS,PE,285.0,NATURALGAS23OCT26285PE,12.65,6250,SELL_AGGRESSOR,54151250,5056250
2026-10-01 23:29:17.149,NATURALGAS,CE,290.0,NATURALGAS23OCT26290CE,13.25,8750,SELL_AGGRESSOR,90911250,15816250
2026-10-01 23:29:17.149,NATURALGAS,PE,290.0,NATURALGAS23OCT26290PE,15.45,21250,SELL_AGGRESSOR,77875000,12216250
2026-10-01 23:29:17.149,NATURALGAS,PE,295.0,NATURALGAS23OCT26295PE,18.45,30000,SELL_AGGRESSOR,15681250,5206250
2026-10-01 23:29:17.149,NATURALGAS,CE,300.0,NATURALGAS23OCT26300CE,9.8,17500,SELL_AGGRESSOR,56185000,19753750
2026-10-01 23:29:17.149,NATURALGAS,PE,300.0,NATURALGAS23OCT26300PE,22.05,1250,SELL_AGGRESSOR,14252500,13750000
2026-10-01 23:29:17.149,NATURALGAS,CE,310.0,NATURALGAS23OCT26310CE,7.3,3750,SELL_AGGRESSOR,32612500,11042500
2026-10-01 23:29:17.149,NATURALGAS,CE,315.0,NATURALGAS23OCT26315CE,6.2,1250,SELL_AGGRESSOR,11773750,3381250
2026-10-01 23:29:17.149,NATGASMINI,FUT,0.0,NATGASMINI27OCT26FUT,287.8,8000,SELL_AGGRESSOR,41545500,16701250
2026-10-01 23:29:17.149,NATGASMINI,PE,270.0,NATGASMINI23OCT26270PE,6.05,1500,SELL_AGGRESSOR,4254750,967500
2026-10-01 23:29:17.149,NATGASMINI,PE,280.0,NATGASMINI23OCT26280PE,10.1,7250,SELL_AGGRESSOR,10114750,1121500
2026-10-01 23:29:17.149,NATGASMINI,PE,285.0,NATGASMINI23OCT26285PE,12.6,2750,SELL_AGGRESSOR,20101750,899500
2026-10-01 23:29:17.149,NATGASMINI,CE,290.0,NATGASMINI23OCT26290CE,13.35,2250,BUY_AGGRESSOR,25769500,2925250
2026-10-01 23:29:17.149,NATGASMINI,PE,290.0,NATGASMINI23OCT26290PE,15.4,11250,SELL_AGGRESSOR,18799500,1287500
2026-10-01 23:29:17.149,NATGASMINI,CE,295.0,NATGASMINI23OCT26295CE,11.55,6000,BUY_AGGRESSOR,12430500,1573750
2026-10-01 23:29:17.149,NATGASMINI,PE,295.0,NATGASMINI23OCT26295PE,18.55,500,SELL_AGGRESSOR,5483000,664500
2026-10-01 23:29:17.149,NATGASMINI,CE,300.0,NATGASMINI23OCT26300CE,9.8,6750,SELL_AGGRESSOR,13303250,3146500
2026-10-01 23:29:17.149,NATGASMINI,PE,300.0,NATGASMINI23OCT26300PE,22.0,1750,BUY_AGGRESSOR,3204750,955000
2026-10-01 23:29:17.149,NATGASMINI,PE,310.0,NATGASMINI23OCT26310PE,29.5,2250,BUY_AGGRESSOR,459750,666500
2026-10-01 23:29:20.995,NATURALGAS,FUT,0.0,NATURALGAS27OCT26FUT,287.9,106250,BUY_AGGRESSOR,128641250,67945000
2026-10-01 23:29:20.995,NATURALGAS,PE,260.0,NATURALGAS23OCT26260PE,3.35,2500,SELL_AGGRESSOR,28400000,10416250
2026-10-01 23:29:20.995,NATURALGAS,PE,265.0,NATURALGAS23OCT26265PE,4.45,7500,SELL_AGGRESSOR,13205000,4262500
2026-10-01 23:29:20.995,NATURALGAS,PE,270.0,NATURALGAS23OCT26270PE,6.05,3750,SELL_AGGRESSOR,33481250,11135000
2026-10-01 23:29:20.995,NATURALGAS,PE,275.0,NATURALGAS23OCT26275PE,7.9,1250,SELL_AGGRESSOR,18991250,3617500
2026-10-01 23:29:20.995,NATURALGAS,CE,280.0,NATURALGAS23OCT26280CE,17.8,2500,SELL_AGGRESSOR,26805000,4255000
2026-10-01 23:29:20.995,NATURALGAS,PE,280.0,NATURALGAS23OCT26280PE,10.05,3750,SELL_AGGRESSOR,48247500,11356250
2026-10-01 23:29:20.995,NATURALGAS,CE,285.0,NATURALGAS23OCT26285CE,15.35,2500,BUY_AGGRESSOR,36078750,4667500
2026-10-01 23:29:20.995,NATURALGAS,PE,285.0,NATURALGAS23OCT26285PE,12.65,1250,INSIDE,54152500,5056250
2026-10-01 23:29:20.995,NATURALGAS,CE,290.0,NATURALGAS23OCT26290CE,13.3,27500,BUY_AGGRESSOR,90938750,15806250
2026-10-01 23:29:20.995,NATURALGAS,PE,290.0,NATURALGAS23OCT26290PE,15.45,8750,SELL_AGGRESSOR,77883750,12211250
2026-10-01 23:29:20.995,NATURALGAS,CE,295.0,NATURALGAS23OCT26295CE,11.4,1250,SELL_AGGRESSOR,35880000,6755000
2026-10-01 23:29:20.995,NATURALGAS,CE,300.0,NATURALGAS23OCT26300CE,9.8,1250,SELL_AGGRESSOR,56186250,19748750
2026-10-01 23:29:20.995,NATURALGAS,PE,300.0,NATURALGAS23OCT26300PE,22.05,1250,SELL_AGGRESSOR,14253750,13750000
2026-10-01 23:29:20.995,NATURALGAS,CE,305.0,NATURALGAS23OCT26305CE,8.4,1250,SELL_AGGRESSOR,21348750,8203750
2026-10-01 23:29:20.995,NATGASMINI,FUT,0.0,NATGASMINI27OCT26FUT,287.8,73750,SELL_AGGRESSOR,41619250,16701250
2026-10-01 23:29:20.995,NATGASMINI,CE,270.0,NATGASMINI23OCT26270CE,23.85,250,BUY_AGGRESSOR,774250,135250
2026-10-01 23:29:20.995,NATGASMINI,PE,270.0,NATGASMINI23OCT26270PE,6.05,250,SELL_AGGRESSOR,4255000,967500
2026-10-01 23:29:20.995,NATGASMINI,PE,275.0,NATGASMINI23OCT26275PE,7.9,500,SELL,5079750,658750
2026-10-01 23:29:20.995,NATGASMINI,CE,280.0,NATGASMINI23OCT26280CE,17.85,750,SELL_AGGRESSOR,3933000,352750
2026-10-01 23:29:20.995,NATGASMINI,PE,280.0,NATGASMINI23OCT26280PE,10.2,500,BUY_AGGRESSOR,10115250,1118000
2026-10-01 23:29:20.995,NATGASMINI,CE,285.0,NATGASMINI23OCT26285CE,15.45,6500,SELL_AGGRESSOR,10824000,803500
2026-10-01 23:29:20.995,NATGASMINI,PE,285.0,NATGASMINI23OCT26285PE,12.6,6750,SELL_AGGRESSOR,20108500,895500
2026-10-01 23:29:20.995,NATGASMINI,CE,290.0,NATGASMINI23OCT26290CE,13.3,27500,SELL_AGGRESSOR,25797000,2917500
2026-10-01 23:29:20.995,NATGASMINI,PE,290.0,NATGASMINI23OCT26290PE,15.4,7000,SELL_AGGRESSOR,18806500,1283500
2026-10-01 23:29:20.995,NATGASMINI,CE,295.0,NATGASMINI23OCT26295CE,11.45,1500,SELL_AGGRESSOR,12432000,1572500
2026-10-01 23:29:20.995,NATGASMINI,PE,295.0,NATGASMINI23OCT26295PE,18.45,250,SELL_AGGRESSOR,5483250,664250
2026-10-01 23:29:20.995,NATGASMINI,CE,300.0,NATGASMINI23OCT26300CE,9.9,250,SELL_AGGRESSOR,13303500,3140250
2026-10-01 23:29:20.995,NATGASMINI,PE,300.0,NATGASMINI23OCT26300PE,21.85,1000,SELL_AGGRESSOR,3205750,955000
2026-10-01 23:29:20.995,NATGASMINI,CE,305.0,NATGASMINI23OCT26305CE,8.55,2250,BUY_AGGRESSOR,6180250,1687250
2026-10-01 23:29:20.995,NATGASMINI,PE,310.0,NATGASMINI23OCT26310PE,29.6,1000,BUY_AGGRESSOR,460750,668000
2026-10-01 23:29:20.995,NATGASMINI,CE,315.0,NATGASMINI23OCT26315CE,6.4,500,SELL_AGGRESSOR,2803000,1176000
2026-10-01 23:29:24.897,NATURALGAS,FUT,0.0,NATURALGAS27OCT26FUT,287.9,31250,BUY_AGGRESSOR,128672500,67930000
2026-10-01 23:29:24.897,NATURALGAS,PE,260.0,NATURALGAS23OCT26260PE,3.35,1250,SELL_AGGRESSOR,28401250,10415000
2026-10-01 23:29:24.897,NATURALGAS,CE,270.0,NATURALGAS23OCT26270CE,23.8,1250,BUY_AGGRESSOR,3185000,1016250
2026-10-01 23:29:24.897,NATURALGAS,PE,270.0,NATURALGAS23OCT26270PE,6.05,7500,SELL_AGGRESSOR,33488750,11127500
2026-10-01 23:29:24.897,NATURALGAS,PE,275.0,NATURALGAS23OCT26275PE,7.9,11250,SELL_AGGRESSOR,19002500,3608750
2026-10-01 23:29:24.897,NATURALGAS,PE,280.0,NATURALGAS23OCT26280PE,10.2,6250,BUY_AGGRESSOR,48253750,11356250
2026-10-01 23:29:24.897,NATURALGAS,CE,285.0,NATURALGAS23OCT26285CE,15.35,1250,BUY_AGGRESSOR,36080000,4667500
2026-10-01 23:29:24.897,NATURALGAS,PE,285.0,NATURALGAS23OCT26285PE,12.7,5000,BUY,54157500,5057500
2026-10-01 23:29:24.897,NATURALGAS,CE,290.0,NATURALGAS23OCT26290CE,13.25,2500,SELL_AGGRESSOR,90941250,15786250
2026-10-01 23:29:24.897,NATURALGAS,PE,290.0,NATURALGAS23OCT26290PE,15.55,50000,BUY_AGGRESSOR,77933750,12192500
2026-10-01 23:29:24.897,NATURALGAS,CE,295.0,NATURALGAS23OCT26295CE,11.45,2500,BUY_AGGRESSOR,35882500,6755000
2026-10-01 23:29:24.897,NATURALGAS,PE,295.0,NATURALGAS23OCT26295PE,18.45,1250,SELL_AGGRESSOR,15682500,5203750
2026-10-01 23:29:24.897,NATURALGAS,CE,300.0,NATURALGAS23OCT26300CE,9.9,97500,BUY_AGGRESSOR,56283750,19748750
2026-10-01 23:29:24.897,NATURALGAS,PE,300.0,NATURALGAS23OCT26300PE,22.1,3750,SELL_AGGRESSOR,14257500,13747500
2026-10-01 23:29:24.897,NATURALGAS,CE,305.0,NATURALGAS23OCT26305CE,8.4,11250,SELL_AGGRESSOR,21360000,8197500
2026-10-01 23:29:24.897,NATURALGAS,CE,310.0,NATURALGAS23OCT26310CE,7.3,1250,SELL_AGGRESSOR,32613750,11040000
2026-10-01 23:29:24.897,NATGASMINI,FUT,0.0,NATGASMINI27OCT26FUT,287.8,10750,SELL_AGGRESSOR,41630000,16682750
2026-10-01 23:29:24.897,NATGASMINI,CE,270.0,NATGASMINI23OCT26270CE,23.75,250,SELL,774500,135000
2026-10-01 23:29:24.897,NATGASMINI,CE,275.0,NATGASMINI23OCT26275CE,20.65,250,SELL_AGGRESSOR,1347500,67000
2026-10-01 23:29:24.897,NATGASMINI,PE,280.0,NATGASMINI23OCT26280PE,10.1,250,SELL_AGGRESSOR,10115500,1118000
2026-10-01 23:29:24.897,NATGASMINI,PE,285.0,NATGASMINI23OCT26285PE,12.6,9500,SELL_AGGRESSOR,20118000,898000
2026-10-01 23:29:24.897,NATGASMINI,CE,290.0,NATGASMINI23OCT26290CE,13.35,2750,BUY_AGGRESSOR,25799750,2907250
2026-10-01 23:29:24.897,NATGASMINI,PE,290.0,NATGASMINI23OCT26290PE,15.65,4250,BUY_AGGRESSOR,18810750,1276500
2026-10-01 23:29:24.897,NATGASMINI,CE,295.0,NATGASMINI23OCT26295CE,11.45,500,SELL_AGGRESSOR,12432500,1572500
2026-10-01 23:29:24.897,NATGASMINI,CE,300.0,NATGASMINI23OCT26300CE,9.9,250,SELL_AGGRESSOR,13303750,3140500
2026-10-01 23:29:24.897,NATGASMINI,PE,300.0,NATGASMINI23OCT26300PE,21.95,250,BUY_AGGRESSOR,3206000,955000
2026-10-01 23:29:24.897,NATGASMINI,CE,310.0,NATGASMINI23OCT26310CE,7.35,1250,SELL_AGGRESSOR,5233500,1803250
2026-10-01 23:29:28.724,NATURALGAS,FUT,0.0,NATURALGAS27OCT26FUT,287.9,53750,SELL_AGGRESSOR,128726250,67928750
2026-10-01 23:29:28.724,NATURALGAS,PE,255.0,NATURALGAS23OCT26255PE,2.45,13750,BUY_AGGRESSOR,7498750,2108750
2026-10-01 23:29:28.724,NATURALGAS,PE,260.0,NATURALGAS23OCT26260PE,3.35,2500,SELL_AGGRESSOR,28403750,10417500
2026-10-01 23:29:28.724,NATURALGAS,PE,265.0,NATURALGAS23OCT26265PE,4.45,2500,SELL_AGGRESSOR,13207500,4262500
2026-10-01 23:29:28.724,NATURALGAS,CE,270.0,NATURALGAS23OCT26270CE,23.9,1250,BUY_AGGRESSOR,3186250,1016250
2026-10-01 23:29:28.724,NATURALGAS,CE,275.0,NATURALGAS23OCT26275CE,20.7,15000,BUY_AGGRESSOR,3906250,388750
2026-10-01 23:29:28.724,NATURALGAS,PE,275.0,NATURALGAS23OCT26275PE,7.9,85000,SELL_AGGRESSOR,19087500,3572500
2026-10-01 23:29:28.724,NATURALGAS,CE,280.0,NATURALGAS23OCT26280CE,17.95,7500,BUY_AGGRESSOR,26812500,4253750
2026-10-01 23:29:28.724,NATURALGAS,PE,280.0,NATURALGAS23OCT26280PE,10.05,5000,SELL_AGGRESSOR,48258750,11355000
2026-10-01 23:29:28.724,NATURALGAS,CE,285.0,NATURALGAS23OCT26285CE,15.4,30000,BUY_AGGRESSOR,36110000,4667500
2026-10-01 23:29:28.724,NATURALGAS,PE,285.0,NATURALGAS23OCT26285PE,12.65,13750,SELL_AGGRESSOR,54171250,5055000
2026-10-01 23:29:28.724,NATURALGAS,CE,290.0,NATURALGAS23OCT26290CE,13.25,111250,SELL_AGGRESSOR,91052500,15785000
2026-10-01 23:29:28.724,NATURALGAS,PE,290.0,NATURALGAS23OCT26290PE,15.35,21250,SELL_AGGRESSOR,77955000,12185000
2026-10-01 23:29:28.724,NATURALGAS,CE,295.0,NATURALGAS23OCT26295CE,11.45,56250,BUY_AGGRESSOR,35938750,6753750
2026-10-01 23:29:28.724,NATURALGAS,PE,295.0,NATURALGAS23OCT26295PE,18.45,1250,SELL_AGGRESSOR,15683750,5203750
2026-10-01 23:29:28.724,NATURALGAS,CE,300.0,NATURALGAS23OCT26300CE,9.8,22500,SELL_AGGRESSOR,56306250,19745000
2026-10-01 23:29:28.724,NATURALGAS,PE,300.0,NATURALGAS23OCT26300PE,22.1,1250,INSIDE,14258750,13747500
2026-10-01 23:29:28.724,NATURALGAS,CE,305.0,NATURALGAS23OCT26305CE,8.4,2500,BUY_AGGRESSOR,21362500,8197500
2026-10-01 23:29:28.724,NATURALGAS,CE,310.0,NATURALGAS23OCT26310CE,7.3,13750,SELL_AGGRESSOR,32627500,11038750
2026-10-01 23:29:28.724,NATGASMINI,FUT,0.0,NATGASMINI27OCT26FUT,287.9,38500,BUY_AGGRESSOR,41668500,16672500
2026-10-01 23:29:28.724,NATGASMINI,PE,255.0,NATGASMINI23OCT26255PE,2.55,1250,BUY_AGGRESSOR,733250,144250
2026-10-01 23:29:28.724,NATGASMINI,PE,260.0,NATGASMINI23OCT26260PE,3.45,2500,BUY_AGGRESSOR,2501750,832000
2026-10-01 23:29:28.724,NATGASMINI,CE,270.0,NATGASMINI23OCT26270CE,23.75,500,INSIDE,775000,135250
2026-10-01 23:29:28.724,NATGASMINI,PE,270.0,NATGASMINI23OCT26270PE,6.0,250,SELL_AGGRESSOR,4255250,967500
2026-10-01 23:29:28.724,NATGASMINI,CE,280.0,NATGASMINI23OCT26280CE,17.85,8500,SELL_AGGRESSOR,3941500,352750
2026-10-01 23:29:28.724,NATGASMINI,PE,280.0,NATGASMINI23OCT26280PE,10.05,1500,SELL_AGGRESSOR,10117000,1117250
2026-10-01 23:29:28.724,NATGASMINI,CE,285.0,NATGASMINI23OCT26285CE,15.45,1000,SELL_AGGRESSOR,10825000,802750
2026-10-01 23:29:28.724,NATGASMINI,PE,285.0,NATGASMINI23OCT26285PE,12.6,10000,SELL_AGGRESSOR,20128000,889500
2026-10-01 23:29:28.724,NATGASMINI,CE,290.0,NATGASMINI23OCT26290CE,13.35,34750,BUY_AGGRESSOR,25834500,2894500
2026-10-01 23:29:28.724,NATGASMINI,PE,290.0,NATGASMINI23OCT26290PE,15.4,1250,SELL_AGGRESSOR,18812000,1272250
2026-10-01 23:29:28.724,NATGASMINI,CE,295.0,NATGASMINI23OCT26295CE,11.55,500,BUY_AGGRESSOR,12433000,1572500
2026-10-01 23:29:28.724,NATGASMINI,CE,300.0,NATGASMINI23OCT26300CE,9.85,7750,SELL_AGGRESSOR,13311500,3137250
2026-10-01 23:29:28.724,NATGASMINI,PE,300.0,NATGASMINI23OCT26300PE,21.9,1250,SELL,3207250,955000
2026-10-01 23:29:28.724,NATGASMINI,CE,305.0,NATGASMINI23OCT26305CE,8.5,5000,SELL_AGGRESSOR,6185250,1684750
2026-10-01 23:29:28.724,NATGASMINI,CE,310.0,NATGASMINI23OCT26310CE,7.3,6000,SELL_AGGRESSOR,5239500,1801500
2026-10-01 23:29:32.613,NATURALGAS,FUT,0.0,NATURALGAS27OCT26FUT,288.0,75000,BUY_AGGRESSOR,128801250,67918750
2026-10-01 23:29:32.613,NATURALGAS,PE,260.0,NATURALGAS23OCT26260PE,3.35,1250,SELL_AGGRESSOR,28405000,10417500
2026-10-01 23:29:32.613,NATURALGAS,PE,265.0,NATURALGAS23OCT26265PE,4.45,1250,SELL_AGGRESSOR,13208750,4262500
2026-10-01 23:29:32.613,NATURALGAS,PE,270.0,NATURALGAS23OCT26270PE,6.0,13750,SELL_AGGRESSOR,33502500,11123750
2026-10-01 23:29:32.613,NATURALGAS,PE,275.0,NATURALGAS23OCT26275PE,7.9,1250,SELL_AGGRESSOR,19088750,3571250
2026-10-01 23:29:32.613,NATURALGAS,PE,280.0,NATURALGAS23OCT26280PE,10.05,8750,SELL_AGGRESSOR,48267500,11352500
2026-10-01 23:29:32.613,NATURALGAS,CE,285.0,NATURALGAS23OCT26285CE,15.45,1250,BUY_AGGRESSOR,36111250,4667500
2026-10-01 23:29:32.613,NATURALGAS,PE,285.0,NATURALGAS23OCT26285PE,12.65,5000,INSIDE,54176250,5055000
2026-10-01 23:29:32.613,NATURALGAS,CE,290.0,NATURALGAS23OCT26290CE,13.3,97500,BUY_AGGRESSOR,91150000,15785000
2026-10-01 23:29:32.613,NATURALGAS,PE,290.0,NATURALGAS23OCT26290PE,15.55,11250,BUY_AGGRESSOR,77966250,12170000
2026-10-01 23:29:32.613,NATURALGAS,CE,295.0,NATURALGAS23OCT26295CE,11.45,38750,INSIDE,35977500,6698750
2026-10-01 23:29:32.613,NATURALGAS,PE,295.0,NATURALGAS23OCT26295PE,18.7,12500,BUY_AGGRESSOR,15696250,5202500
2026-10-01 23:29:32.613,NATURALGAS,CE,300.0,NATURALGAS23OCT26300CE,9.85,61250,BUY,56367500,19726250
2026-10-01 23:29:32.613,NATURALGAS,CE,310.0,NATURALGAS23OCT26310CE,7.35,6250,BUY,32633750,11027500
2026-10-01 23:29:32.613,NATGASMINI,FUT,0.0,NATGASMINI27OCT26FUT,287.9,6000,SELL_AGGRESSOR,41674500,16670500
2026-10-01 23:29:32.613,NATGASMINI,PE,260.0,NATGASMINI23OCT26260PE,3.35,250,SELL_AGGRESSOR,2502000,832000
2026-10-01 23:29:32.613,NATGASMINI,PE,265.0,NATGASMINI23OCT26265PE,4.5,1250,BUY_AGGRESSOR,6040750,3195500
2026-10-01 23:29:32.613,NATGASMINI,PE,280.0,NATGASMINI23OCT26280PE,10.1,12000,BUY_AGGRESSOR,10129000,1116500
2026-10-01 23:29:32.613,NATGASMINI,CE,285.0,NATGASMINI23OCT26285CE,15.45,5000,SELL_AGGRESSOR,10830000,801500
2026-10-01 23:29:32.613,NATGASMINI,PE,285.0,NATGASMINI23OCT26285PE,12.65,500,BUY_AGGRESSOR,20128500,886000
2026-10-01 23:29:32.613,NATGASMINI,CE,290.0,NATGASMINI23OCT26290CE,13.35,34000,BUY_AGGRESSOR,25868500,2872000
2026-10-01 23:29:32.613,NATGASMINI,PE,290.0,NATGASMINI23OCT26290PE,15.4,1000,SELL_AGGRESSOR,18813000,1270500
2026-10-01 23:29:32.613,NATGASMINI,CE,295.0,NATGASMINI23OCT26295CE,11.5,2000,SELL_AGGRESSOR,12435000,1564500
2026-10-01 23:29:32.613,NATGASMINI,CE,300.0,NATGASMINI23OCT26300CE,10.0,2250,BUY_AGGRESSOR,13313750,3135500
2026-10-01 23:29:32.613,NATGASMINI,PE,300.0,NATGASMINI23OCT26300PE,21.85,500,SELL,3207750,955000
2026-10-01 23:29:32.613,NATGASMINI,CE,305.0,NATGASMINI23OCT26305CE,8.5,750,SELL_AGGRESSOR,6186000,1684750
2026-10-01 23:29:32.613,NATGASMINI,CE,310.0,NATGASMINI23OCT26310CE,7.5,6000,BUY_AGGRESSOR,5245500,1797000
2026-10-01 23:29:36.463,NATURALGAS,FUT,0.0,NATURALGAS27OCT26FUT,288.0,33750,BUY_AGGRESSOR,128835000,67902500
2026-10-01 23:29:36.463,NATURALGAS,PE,265.0,NATURALGAS23OCT26265PE,4.4,3750,SELL_AGGRESSOR,13212500,4263750
2026-10-01 23:29:36.463,NATURALGAS,PE,270.0,NATURALGAS23OCT26270PE,6.05,6250,BUY_AGGRESSOR,33508750,11123750
2026-10-01 23:29:36.463,NATURALGAS,PE,275.0,NATURALGAS23OCT26275PE,7.9,1250,SELL_AGGRESSOR,19090000,3571250
2026-10-01 23:29:36.463,NATURALGAS,PE,280.0,NATURALGAS23OCT26280PE,10.05,1250,SELL_AGGRESSOR,48268750,11352500
2026-10-01 23:29:36.463,NATURALGAS,CE,285.0,NATURALGAS23OCT26285CE,15.4,1250,SELL_AGGRESSOR,36112500,4666250
2026-10-01 23:29:36.463,NATURALGAS,PE,285.0,NATURALGAS23OCT26285PE,12.55,11250,SELL_AGGRESSOR,54187500,5055000
2026-10-01 23:29:36.463,NATURALGAS,CE,290.0,NATURALGAS23OCT26290CE,13.3,36250,SELL_AGGRESSOR,91186250,15756250
2026-10-01 23:29:36.463,NATURALGAS,PE,290.0,NATURALGAS23OCT26290PE,15.5,11250,BUY_AGGRESSOR,77977500,12157500
2026-10-01 23:29:36.463,NATURALGAS,CE,300.0,NATURALGAS23OCT26300CE,9.9,31250,BUY_AGGRESSOR,56398750,19682500
2026-10-01 23:29:36.463,NATURALGAS,PE,300.0,NATURALGAS23OCT26300PE,22.05,2500,SELL,14261250,13747500
2026-10-01 23:29:36.463,NATURALGAS,CE,305.0,NATURALGAS23OCT26305CE,8.4,30000,BUY_AGGRESSOR,21392500,8197500
2026-10-01 23:29:36.463,NATURALGAS,CE,310.0,NATURALGAS23OCT26310CE,7.4,2500,BUY_AGGRESSOR,32636250,11022500
2026-10-01 23:29:36.463,NATGASMINI,FUT,0.0,NATGASMINI27OCT26FUT,288.0,8250,BUY_AGGRESSOR,41682750,16629250
2026-10-01 23:29:36.463,NATGASMINI,PE,275.0,NATGASMINI23OCT26275PE,7.85,1250,BUY_AGGRESSOR,5081000,658750
2026-10-01 23:29:36.463,NATGASMINI,CE,280.0,NATGASMINI23OCT26280CE,17.85,2000,SELL_AGGRESSOR,3943500,352750
2026-10-01 23:29:36.463,NATGASMINI,PE,280.0,NATGASMINI23OCT26280PE,10.1,1250,BUY_AGGRESSOR,10130250,1116500
2026-10-01 23:29:36.463,NATGASMINI,CE,285.0,NATGASMINI23OCT26285CE,15.6,2500,BUY_AGGRESSOR,10832500,801500
2026-10-01 23:29:36.463,NATGASMINI,PE,285.0,NATGASMINI23OCT26285PE,12.6,500,SELL_AGGRESSOR,20129000,886000
2026-10-01 23:29:36.463,NATGASMINI,CE,290.0,NATGASMINI23OCT26290CE,13.35,17750,SELL_AGGRESSOR,25886250,2862750
2026-10-01 23:29:36.463,NATGASMINI,PE,290.0,NATGASMINI23OCT26290PE,15.45,3000,BUY_AGGRESSOR,18816000,1270500
2026-10-01 23:29:36.463,NATGASMINI,CE,295.0,NATGASMINI23OCT26295CE,11.5,250,SELL_AGGRESSOR,12435250,1564500
2026-10-01 23:29:36.463,NATGASMINI,PE,295.0,NATGASMINI23OCT26295PE,18.6,1000,BUY_AGGRESSOR,5484250,664250
2026-10-01 23:29:36.463,NATGASMINI,CE,300.0,NATGASMINI23OCT26300CE,9.9,1750,SELL_AGGRESSOR,13315500,3135500
2026-10-01 23:29:36.463,NATGASMINI,PE,300.0,NATGASMINI23OCT26300PE,21.9,500,BUY_AGGRESSOR,3208250,955000
2026-10-01 23:29:36.463,NATGASMINI,CE,305.0,NATGASMINI23OCT26305CE,8.6,250,BUY_AGGRESSOR,6186250,1684500
2026-10-01 23:29:36.463,NATGASMINI,PE,305.0,NATGASMINI23OCT26305PE,25.45,250,SELL_AGGRESSOR,609750,371500
2026-10-01 23:29:40.326,NATURALGAS,FUT,0.0,NATURALGAS27OCT26FUT,288.0,20000,SELL_AGGRESSOR,128855000,67902500
2026-10-01 23:29:40.326,NATURALGAS,PE,260.0,NATURALGAS23OCT26260PE,3.4,3750,BUY_AGGRESSOR,28408750,10417500
2026-10-01 23:29:40.326,NATURALGAS,PE,265.0,NATURALGAS23OCT26265PE,4.5,6250,BUY_AGGRESSOR,13218750,4258750
2026-10-01 23:29:40.326,NATURALGAS,PE,270.0,NATURALGAS23OCT26270PE,6.0,3750,SELL_AGGRESSOR,33512500,11123750
2026-10-01 23:29:40.326,NATURALGAS,PE,275.0,NATURALGAS23OCT26275PE,7.9,31250,SELL_AGGRESSOR,19121250,3571250
2026-10-01 23:29:40.326,NATURALGAS,PE,280.0,NATURALGAS23OCT26280PE,9.95,25000,SELL_AGGRESSOR,48293750,11351250
2026-10-01 23:29:40.326,NATURALGAS,CE,285.0,NATURALGAS23OCT26285CE,15.5,3750,BUY_AGGRESSOR,36116250,4665000
2026-10-01 23:29:40.326,NATURALGAS,PE,285.0,NATURALGAS23OCT26285PE,12.55,1250,SELL_AGGRESSOR,54188750,5056250
2026-10-01 23:29:40.326,NATURALGAS,CE,290.0,NATURALGAS23OCT26290CE,13.3,2500,SELL_AGGRESSOR,91188750,15735000
2026-10-01 23:29:40.326,NATURALGAS,PE,290.0,NATURALGAS23OCT26290PE,15.45,7500,SELL,77985000,12158750
2026-10-01 23:29:40.326,NATURALGAS,CE,295.0,NATURALGAS23OCT26295CE,11.5,22500,BUY_AGGRESSOR,36000000,6660000
2026-10-01 23:29:40.326,NATURALGAS,CE,300.0,NATURALGAS23OCT26300CE,9.95,11250,BUY_AGGRESSOR,56410000,19683750
2026-10-01 23:29:40.326,NATURALGAS,PE,300.0,NATURALGAS23OCT26300PE,22.15,1250,BUY_AGGRESSOR,14262500,13747500
2026-10-01 23:29:40.326,NATURALGAS,CE,305.0,NATURALGAS23OCT26305CE,8.35,5000,SELL_AGGRESSOR,21397500,8168750
2026-10-01 23:29:40.326,NATURALGAS,CE,315.0,NATURALGAS23OCT26315CE,6.3,2500,BUY_AGGRESSOR,11776250,3381250
2026-10-01 23:29:40.326,NATGASMINI,FUT,0.0,NATGASMINI27OCT26FUT,288.0,32500,BUY_AGGRESSOR,41715250,16621000
2026-10-01 23:29:40.326,NATGASMINI,PE,265.0,NATGASMINI23OCT26265PE,4.5,250,BUY_AGGRESSOR,6041000,3195500
2026-10-01 23:29:40.326,NATGASMINI,PE,270.0,NATGASMINI23OCT26270PE,6.0,2750,SELL_AGGRESSOR,4258000,967500
2026-10-01 23:29:40.326,NATGASMINI,PE,280.0,NATGASMINI23OCT26280PE,10.05,250,SELL_AGGRESSOR,10130500,1116500
2026-10-01 23:29:40.326,NATGASMINI,CE,285.0,NATGASMINI23OCT26285CE,15.45,3500,SELL_AGGRESSOR,10836000,801500
2026-10-01 23:29:40.326,NATGASMINI,PE,285.0,NATGASMINI23OCT26285PE,12.6,6500,SELL_AGGRESSOR,20135500,885500
2026-10-01 23:29:40.326,NATGASMINI,CE,290.0,NATGASMINI23OCT26290CE,13.35,250,SELL_AGGRESSOR,25886500,2851500
2026-10-01 23:29:40.326,NATGASMINI,PE,290.0,NATGASMINI23OCT26290PE,15.4,11250,SELL_AGGRESSOR,18827250,1268500
2026-10-01 23:29:40.326,NATGASMINI,CE,295.0,NATGASMINI23OCT26295CE,11.5,500,SELL_AGGRESSOR,12435750,1564500
2026-10-01 23:29:40.326,NATGASMINI,CE,300.0,NATGASMINI23OCT26300CE,9.95,2000,BUY,13317500,3135750
2026-10-01 23:29:40.326,NATGASMINI,CE,305.0,NATGASMINI23OCT26305CE,8.5,1250,SELL_AGGRESSOR,6187500,1684250
2026-10-01 23:29:40.326,NATGASMINI,CE,310.0,NATGASMINI23OCT26310CE,7.5,250,BUY_AGGRESSOR,5245750,1793500
2026-10-01 23:29:40.326,NATGASMINI,CE,315.0,NATGASMINI23OCT26315CE,6.4,250,BUY_AGGRESSOR,2803250,1176000
2026-10-01 23:29:44.190,NATURALGAS,FUT,0.0,NATURALGAS27OCT26FUT,288.1,23750,BUY_AGGRESSOR,128878750,67862500
2026-10-01 23:29:44.190,NATURALGAS,PE,255.0,NATURALGAS23OCT26255PE,2.45,1250,BUY_AGGRESSOR,7500000,2108750
2026-10-01 23:29:44.190,NATURALGAS,CE,260.0,NATURALGAS23OCT26260CE,31.1,2500,BUY_AGGRESSOR,311250,215000
2026-10-01 23:29:44.190,NATURALGAS,PE,260.0,NATURALGAS23OCT26260PE,3.35,3750,SELL,28412500,10417500
2026-10-01 23:29:44.190,NATURALGAS,PE,265.0,NATURALGAS23OCT26265PE,4.4,1250,SELL_AGGRESSOR,13220000,4260000
2026-10-01 23:29:44.190,NATURALGAS,CE,270.0,NATURALGAS23OCT26270CE,23.65,1250,SELL_AGGRESSOR,3187500,1016250
2026-10-01 23:29:44.190,NATURALGAS,PE,270.0,NATURALGAS23OCT26270PE,6.0,2500,SELL_AGGRESSOR,33515000,11125000
2026-10-01 23:29:44.190,NATURALGAS,PE,275.0,NATURALGAS23OCT26275PE,7.8,1250,SELL_AGGRESSOR,19122500,3552500
2026-10-01 23:29:44.190,NATURALGAS,CE,285.0,NATURALGAS23OCT26285CE,15.35,6250,SELL_AGGRESSOR,36122500,4662500
2026-10-01 23:29:44.190,NATURALGAS,PE,285.0,NATURALGAS23OCT26285PE,12.55,6250,SELL_AGGRESSOR,54195000,5052500
2026-10-01 23:29:44.190,NATURALGAS,CE,290.0,NATURALGAS23OCT26290CE,13.35,12500,BUY,91201250,15642500
2026-10-01 23:29:44.190,NATURALGAS,PE,290.0,NATURALGAS23OCT26290PE,15.4,2500,SELL_AGGRESSOR,77987500,12157500
2026-10-01 23:29:44.190,NATURALGAS,CE,300.0,NATURALGAS23OCT26300CE,9.85,16250,SELL_AGGRESSOR,56426250,19682500
2026-10-01 23:29:44.190,NATURALGAS,CE,310.0,NATURALGAS23OCT26310CE,7.35,1250,SELL_AGGRESSOR,32637500,11022500
2026-10-01 23:29:44.190,NATURALGAS,CE,315.0,NATURALGAS23OCT26315CE,6.35,2500,BUY,11778750,3381250
2026-10-01 23:29:44.190,NATGASMINI,FUT,0.0,NATGASMINI27OCT26FUT,288.2,7000,BUY_AGGRESSOR,41722250,16617500
2026-10-01 23:29:44.190,NATGASMINI,CE,260.0,NATGASMINI23OCT26260CE,29.25,1000,SELL_AGGRESSOR,30000,26000
2026-10-01 23:29:44.190,NATGASMINI,PE,260.0,NATGASMINI23OCT26260PE,3.4,1250,BUY_AGGRESSOR,2503250,832000
2026-10-01 23:29:44.190,NATGASMINI,CE,270.0,NATGASMINI23OCT26270CE,23.75,1500,SELL_AGGRESSOR,776500,135250
2026-10-01 23:29:44.190,NATGASMINI,CE,285.0,NATGASMINI23OCT26285CE,15.5,500,SELL_AGGRESSOR,10836500,801500
2026-10-01 23:29:44.190,NATGASMINI,CE,290.0,NATGASMINI23OCT26290CE,13.45,5750,BUY_AGGRESSOR,25892250,2830250
2026-10-01 23:29:44.190,NATGASMINI,PE,290.0,NATGASMINI23OCT26290PE,15.5,17500,BUY_AGGRESSOR,18844750,1262250
2026-10-01 23:29:44.190,NATGASMINI,CE,295.0,NATGASMINI23OCT26295CE,11.5,2250,SELL_AGGRESSOR,12438000,1563250
2026-10-01 23:29:44.190,NATGASMINI,PE,310.0,NATGASMINI23OCT26310PE,29.3,250,SELL,461000,668000
2026-10-01 23:29:44.190,NATGASMINI,CE,315.0,NATGASMINI23OCT26315CE,6.4,2500,BUY_AGGRESSOR,2805750,1176000
2026-10-01 23:29:48.048,NATURALGAS,FUT,0.0,NATURALGAS27OCT26FUT,288.0,26250,SELL_AGGRESSOR,128905000,67848750
2026-10-01 23:29:48.048,NATURALGAS,PE,260.0,NATURALGAS23OCT26260PE,3.35,15000,SELL_AGGRESSOR,28427500,10421250
2026-10-01 23:29:48.048,NATURALGAS,PE,280.0,NATURALGAS23OCT26280PE,9.95,5000,SELL_AGGRESSOR,48298750,11340000
2026-10-01 23:29:48.048,NATURALGAS,PE,285.0,NATURALGAS23OCT26285PE,12.75,8750,BUY_AGGRESSOR,54203750,5041250
2026-10-01 23:29:48.048,NATURALGAS,CE,290.0,NATURALGAS23OCT26290CE,13.4,11250,BUY_AGGRESSOR,91212500,15617500
2026-10-01 23:29:48.048,NATURALGAS,PE,290.0,NATURALGAS23OCT26290PE,15.4,11250,SELL_AGGRESSOR,77998750,12148750
2026-10-01 23:29:48.048,NATURALGAS,CE,295.0,NATURALGAS23OCT26295CE,11.5,2500,BUY_AGGRESSOR,36002500,6641250
2026-10-01 23:29:48.048,NATURALGAS,CE,300.0,NATURALGAS23OCT26300CE,9.9,27500,BUY_AGGRESSOR,56453750,19683750
2026-10-01 23:29:48.048,NATURALGAS,PE,300.0,NATURALGAS23OCT26300PE,22.1,30000,BUY_AGGRESSOR,14292500,13747500
2026-10-01 23:29:48.048,NATURALGAS,CE,305.0,NATURALGAS23OCT26305CE,8.4,7500,BUY_AGGRESSOR,21405000,8168750
2026-10-01 23:29:48.048,NATURALGAS,CE,310.0,NATURALGAS23OCT26310CE,7.4,3750,BUY_AGGRESSOR,32641250,11025000
2026-10-01 23:29:48.048,NATGASMINI,FUT,0.0,NATGASMINI27OCT26FUT,288.2,9250,BUY_AGGRESSOR,41731500,16607500
2026-10-01 23:29:48.048,NATGASMINI,PE,265.0,NATGASMINI23OCT26265PE,4.4,250,SELL_AGGRESSOR,6041250,3195500
2026-10-01 23:29:48.048,NATGASMINI,PE,270.0,NATGASMINI23OCT26270PE,6.05,250,BUY_AGGRESSOR,4258250,966750
2026-10-01 23:29:48.048,NATGASMINI,CE,275.0,NATGASMINI23OCT26275CE,21.0,750,BUY_AGGRESSOR,1348250,66750
2026-10-01 23:29:48.048,NATGASMINI,PE,275.0,NATGASMINI23OCT26275PE,7.9,1250,BUY_AGGRESSOR,5082250,658750
2026-10-01 23:29:48.048,NATGASMINI,PE,280.0,NATGASMINI23OCT26280PE,10.1,5250,BUY_AGGRESSOR,10135750,1115500
2026-10-01 23:29:48.048,NATGASMINI,PE,285.0,NATGASMINI23OCT26285PE,12.5,2000,SELL_AGGRESSOR,20137500,879750
2026-10-01 23:29:48.048,NATGASMINI,CE,290.0,NATGASMINI23OCT26290CE,13.45,7750,BUY_AGGRESSOR,25900000,2818500
2026-10-01 23:29:48.048,NATGASMINI,PE,290.0,NATGASMINI23OCT26290PE,15.45,1750,BUY_AGGRESSOR,18846500,1254750
2026-10-01 23:29:48.048,NATGASMINI,CE,295.0,NATGASMINI23OCT26295CE,11.45,750,SELL_AGGRESSOR,12438750,1560500
2026-10-01 23:29:48.048,NATGASMINI,CE,300.0,NATGASMINI23OCT26300CE,9.95,5250,INSIDE,13322750,3136500
2026-10-01 23:29:48.048,NATGASMINI,PE,300.0,NATGASMINI23OCT26300PE,21.9,9750,BUY_AGGRESSOR,3218000,954750
2026-10-01 23:29:48.048,NATGASMINI,PE,305.0,NATGASMINI23OCT26305PE,25.5,500,BUY_AGGRESSOR,610250,371250
2026-10-01 23:29:48.048,NATGASMINI,CE,310.0,NATGASMINI23OCT26310CE,7.5,1750,BUY_AGGRESSOR,5247500,1793500
2026-10-01 23:29:51.953,NATURALGAS,FUT,0.0,NATURALGAS27OCT26FUT,288.1,5000,BUY_AGGRESSOR,128910000,67818750
2026-10-01 23:29:51.953,NATURALGAS,PE,260.0,NATURALGAS23OCT26260PE,3.3,6250,SELL_AGGRESSOR,28433750,10431250
2026-10-01 23:29:51.953,NATURALGAS,PE,265.0,NATURALGAS23OCT26265PE,4.4,6250,SELL_AGGRESSOR,13226250,4260000
2026-10-01 23:29:51.953,NATURALGAS,CE,270.0,NATURALGAS23OCT26270CE,23.95,1250,BUY_AGGRESSOR,3188750,1017500
2026-10-01 23:29:51.953,NATURALGAS,PE,270.0,NATURALGAS23OCT26270PE,6.05,8750,BUY_AGGRESSOR,33523750,11117500
2026-10-01 23:29:51.953,NATURALGAS,PE,275.0,NATURALGAS23OCT26275PE,7.8,1250,SELL_AGGRESSOR,19123750,3542500
2026-10-01 23:29:51.953,NATURALGAS,CE,280.0,NATURALGAS23OCT26280CE,17.7,11250,SELL_AGGRESSOR,26823750,4253750
2026-10-01 23:29:51.953,NATURALGAS,PE,280.0,NATURALGAS23OCT26280PE,10.0,5000,BUY,48303750,11340000
2026-10-01 23:29:51.953,NATURALGAS,CE,285.0,NATURALGAS23OCT26285CE,15.6,6250,BUY_AGGRESSOR,36128750,4657500
2026-10-01 23:29:51.953,NATURALGAS,PE,285.0,NATURALGAS23OCT26285PE,12.5,18750,SELL_AGGRESSOR,54222500,5032500
2026-10-01 23:29:51.953,NATURALGAS,CE,290.0,NATURALGAS23OCT26290CE,13.35,42500,SELL_AGGRESSOR,91255000,15598750
2026-10-01 23:29:51.953,NATURALGAS,PE,290.0,NATURALGAS23OCT26290PE,15.4,17500,INSIDE,78016250,12140000
2026-10-01 23:29:51.953,NATURALGAS,CE,295.0,NATURALGAS23OCT26295CE,11.45,26250,SELL,36028750,6641250
2026-10-01 23:29:51.953,NATURALGAS,PE,295.0,NATURALGAS23OCT26295PE,18.4,2500,SELL_AGGRESSOR,15698750,5202500
2026-10-01 23:29:51.953,NATURALGAS,CE,300.0,NATURALGAS23OCT26300CE,9.95,3750,BUY_AGGRESSOR,56457500,19698750
2026-10-01 23:29:51.953,NATURALGAS,PE,300.0,NATURALGAS23OCT26300PE,22.1,10000,SELL_AGGRESSOR,14302500,13747500
2026-10-01 23:29:51.953,NATURALGAS,CE,305.0,NATURALGAS23OCT26305CE,8.35,10000,SELL_AGGRESSOR,21415000,8168750
2026-10-01 23:29:51.953,NATURALGAS,CE,310.0,NATURALGAS23OCT26310CE,7.45,27500,BUY_AGGRESSOR,32668750,11023750
2026-10-01 23:29:51.953,NATGASMINI,FUT,0.0,NATGASMINI27OCT26FUT,288.2,9500,BUY_AGGRESSOR,41741000,16601500
2026-10-01 23:29:51.953,NATGASMINI,CE,270.0,NATGASMINI23OCT26270CE,24.05,1000,BUY_AGGRESSOR,777500,136500
2026-10-01 23:29:51.953,NATGASMINI,CE,285.0,NATGASMINI23OCT26285CE,15.65,3750,BUY_AGGRESSOR,10840250,791500
2026-10-01 23:29:51.953,NATGASMINI,PE,285.0,NATGASMINI23OCT26285PE,12.5,250,SELL_AGGRESSOR,20137750,880250
2026-10-01 23:29:51.953,NATGASMINI,CE,290.0,NATGASMINI23OCT26290CE,13.45,4250,BUY_AGGRESSOR,25904250,2810750
2026-10-01 23:29:51.953,NATGASMINI,PE,290.0,NATGASMINI23OCT26290PE,15.3,250,SELL_AGGRESSOR,18846750,1254750
2026-10-01 23:29:51.953,NATGASMINI,CE,295.0,NATGASMINI23OCT26295CE,11.55,35500,BUY_AGGRESSOR,12474250,1560500
2026-10-01 23:29:51.953,NATGASMINI,CE,300.0,NATGASMINI23OCT26300CE,9.95,2500,SELL_AGGRESSOR,13325250,3134500
2026-10-01 23:29:51.953,NATGASMINI,PE,300.0,NATGASMINI23OCT26300PE,21.9,2750,SELL_AGGRESSOR,3220750,954750
2026-10-01 23:29:51.953,NATGASMINI,PE,305.0,NATGASMINI23OCT26305PE,25.5,1250,SELL_AGGRESSOR,611500,370750
2026-10-01 23:29:55.758,NATURALGAS,FUT,0.0,NATURALGAS27OCT26FUT,288.1,65000,BUY_AGGRESSOR,128975000,67810000
2026-10-01 23:29:55.758,NATURALGAS,PE,255.0,NATURALGAS23OCT26255PE,2.4,1250,SELL_AGGRESSOR,7501250,2108750
2026-10-01 23:29:55.758,NATURALGAS,PE,260.0,NATURALGAS23OCT26260PE,3.35,7500,BUY,28441250,10437500
2026-10-01 23:29:55.758,NATURALGAS,PE,265.0,NATURALGAS23OCT26265PE,4.35,2500,SELL_AGGRESSOR,13228750,4260000
2026-10-01 23:29:55.758,NATURALGAS,PE,270.0,NATURALGAS23OCT26270PE,6.0,11250,SELL_AGGRESSOR,33535000,11118750
2026-10-01 23:29:55.758,NATURALGAS,CE,280.0,NATURALGAS23OCT26280CE,17.95,3750,BUY_AGGRESSOR,26827500,4253750
2026-10-01 23:29:55.758,NATURALGAS,PE,280.0,NATURALGAS23OCT26280PE,9.85,31250,SELL_AGGRESSOR,48335000,11338750
2026-10-01 23:29:55.758,NATURALGAS,CE,285.0,NATURALGAS23OCT26285CE,15.45,2500,SELL_AGGRESSOR,36131250,4657500
2026-10-01 23:29:55.758,NATURALGAS,PE,285.0,NATURALGAS23OCT26285PE,12.4,16250,SELL_AGGRESSOR,54238750,5032500
2026-10-01 23:29:55.758,NATURALGAS,CE,290.0,NATURALGAS23OCT26290CE,13.35,15000,INSIDE,91270000,15593750
2026-10-01 23:29:55.758,NATURALGAS,PE,290.0,NATURALGAS23OCT26290PE,15.3,2500,SELL_AGGRESSOR,78018750,12125000
2026-10-01 23:29:55.758,NATURALGAS,CE,295.0,NATURALGAS23OCT26295CE,11.45,52500,SELL_AGGRESSOR,36081250,6640000
2026-10-01 23:29:55.758,NATURALGAS,CE,300.0,NATURALGAS23OCT26300CE,10.0,6250,BUY_AGGRESSOR,56463750,19697500
2026-10-01 23:29:55.758,NATURALGAS,PE,300.0,NATURALGAS23OCT26300PE,22.0,10000,SELL_AGGRESSOR,14312500,13747500
2026-10-01 23:29:55.758,NATURALGAS,CE,305.0,NATURALGAS23OCT26305CE,8.45,17500,BUY_AGGRESSOR,21432500,8168750
2026-10-01 23:29:55.758,NATURALGAS,CE,310.0,NATURALGAS23OCT26310CE,7.45,2500,BUY_AGGRESSOR,32671250,11008750
2026-10-01 23:29:55.758,NATGASMINI,FUT,0.0,NATGASMINI27OCT26FUT,288.1,18500,SELL_AGGRESSOR,41759500,16600250
2026-10-01 23:29:55.758,NATGASMINI,PE,270.0,NATGASMINI23OCT26270PE,5.95,1250,SELL,4259500,966750
2026-10-01 23:29:55.758,NATGASMINI,PE,280.0,NATGASMINI23OCT26280PE,10.0,6500,SELL,10142250,1114750
2026-10-01 23:29:55.758,NATGASMINI,CE,285.0,NATGASMINI23OCT26285CE,15.55,1750,SELL,10842000,791500
2026-10-01 23:29:55.758,NATGASMINI,PE,285.0,NATGASMINI23OCT26285PE,12.5,3500,SELL_AGGRESSOR,20141250,880250
2026-10-01 23:29:55.758,NATGASMINI,CE,290.0,NATGASMINI23OCT26290CE,13.45,18500,BUY_AGGRESSOR,25922750,2810750
2026-10-01 23:29:55.758,NATGASMINI,PE,290.0,NATGASMINI23OCT26290PE,15.35,9500,BUY,18856250,1254750
2026-10-01 23:29:55.758,NATGASMINI,CE,305.0,NATGASMINI23OCT26305CE,8.6,250,BUY_AGGRESSOR,6187750,1684250
2026-10-01 23:29:55.758,NATGASMINI,CE,315.0,NATGASMINI23OCT26315CE,6.4,1750,BUY_AGGRESSOR,2807500,1173500
2026-10-01 23:29:59.618,NATURALGAS,FUT,0.0,NATURALGAS27OCT26FUT,288.1,8750,BUY_AGGRESSOR,128983750,67807500
2026-10-01 23:29:59.618,NATURALGAS,CE,270.0,NATURALGAS23OCT26270CE,24.0,1250,SELL_AGGRESSOR,3190000,1017500
2026-10-01 23:29:59.618,NATURALGAS,CE,275.0,NATURALGAS23OCT26275CE,20.6,5000,SELL,3911250,395000
2026-10-01 23:29:59.618,NATURALGAS,PE,280.0,NATURALGAS23OCT26280PE,9.9,2500,BUY,48337500,11338750
2026-10-01 23:29:59.618,NATURALGAS,CE,285.0,NATURALGAS23OCT26285CE,15.6,2500,BUY_AGGRESSOR,36133750,4657500
2026-10-01 23:29:59.618,NATURALGAS,PE,285.0,NATURALGAS23OCT26285PE,12.4,1250,SELL_AGGRESSOR,54240000,5031250
2026-10-01 23:29:59.618,NATURALGAS,CE,290.0,NATURALGAS23OCT26290CE,13.4,2500,BUY,91272500,15593750
2026-10-01 23:29:59.618,NATURALGAS,PE,290.0,NATURALGAS23OCT26290PE,15.4,3750,BUY_AGGRESSOR,78022500,12126250
2026-10-01 23:29:59.618,NATURALGAS,CE,300.0,NATURALGAS23OCT26300CE,9.9,11250,SELL_AGGRESSOR,56475000,19695000
2026-10-01 23:29:59.618,NATGASMINI,FUT,0.0,NATGASMINI27OCT26FUT,288.0,6500,SELL_AGGRESSOR,41766000,16600250
