timestamp_minute,asset,instrument_type,strike,trading_symbol,open,high,low,close,volume,tick_count
2026-09-21 14:46:00,CRUDEOIL,FUT,0.0,CRUDEOIL21SEP26FUT,9440.0,9440.0,9440.0,9440.0,0,5
2026-09-21 14:46:00,CRUDEOIL,CE,9150.0,CRUDEOIL15OCT269150CE,457.9,457.9,457.9,457.9,0,5
2026-09-21 14:46:00,CRUDEOIL,PE,9150.0,CRUDEOIL15OCT269150PE,552.6,552.6,552.6,552.6,0,5
2026-09-21 14:46:00,CRUDEOIL,CE,9200.0,CRUDEOIL15OCT269200CE,436.5,436.5,436.5,436.5,0,5
2026-09-21 14:46:00,CRUDEOIL,PE,9200.0,CRUDEOIL15OCT269200PE,587.3,587.3,587.3,587.3,0,5
2026-09-21 14:46:00,CRUDEOIL,CE,9250.0,CRUDEOIL15OCT269250CE,417.1,417.1,417.1,417.1,0,5
2026-09-21 14:46:00,CRUDEOIL,PE,9250.0,CRUDEOIL15OCT269250PE,606.9,606.9,606.9,606.9,0,5
2026-09-21 14:46:00,CRUDEOIL,CE,9300.0,CRUDEOIL15OCT269300CE,397.5,397.5,397.5,397.5,0,5
2026-09-21 14:46:00,CRUDEOIL,PE,9300.0,CRUDEOIL15OCT269300PE,649.2,649.2,649.2,649.2,0,5
2026-09-21 14:46:00,CRUDEOIL,CE,9350.0,CRUDEOIL15OCT269350CE,381.1,381.1,381.1,381.1,0,5
2026-09-21 14:46:00,CRUDEOIL,PE,9350.0,CRUDEOIL15OCT269350PE,668.6,668.6,668.6,668.6,0,5
2026-09-21 14:46:00,CRUDEOIL,CE,9400.0,CRUDEOIL15OCT269400CE,365.0,365.0,365.0,365.0,0,5
2026-09-21 14:46:00,CRUDEOIL,PE,9400.0,CRUDEOIL15OCT269400PE,713.0,713.0,713.0,713.0,0,5
2026-09-21 14:46:00,CRUDEOIL,CE,9450.0,CRUDEOIL15OCT269450CE,349.0,349.0,349.0,349.0,0,5
2026-09-21 14:46:00,CRUDEOIL,PE,9450.0,CRUDEOIL15OCT269450PE,739.0,739.0,739.0,739.0,0,5
2026-09-21 14:46:00,CRUDEOIL,CE,9500.0,CRUDEOIL15OCT269500CE,334.5,336.0,334.5,335.0,1100,5
2026-09-21 14:46:00,CRUDEOIL,PE,9500.0,CRUDEOIL15OCT269500PE,781.4,781.4,781.4,781.4,0,5
2026-09-21 14:46:00,CRUDEOIL,CE,9550.0,CRUDEOIL15OCT269550CE,320.0,320.0,320.0,320.0,0,5
2026-09-21 14:46:00,CRUDEOIL,PE,9550.0,CRUDEOIL15OCT269550PE,850.0,850.0,850.0,850.0,0,5
2026-09-21 14:46:00,CRUDEOIL,CE,9600.0,CRUDEOIL15OCT269600CE,305.0,305.9,305.0,305.9,100,5
2026-09-21 14:46:00,CRUDEOIL,PE,9600.0,CRUDEOIL15OCT269600PE,846.7,846.7,846.7,846.7,0,5
2026-09-21 14:46:00,CRUDEOIL,CE,9650.0,CRUDEOIL15OCT269650CE,292.4,292.4,292.4,292.4,0,5
2026-09-21 14:46:00,CRUDEOIL,PE,9650.0,CRUDEOIL15OCT269650PE,925.0,925.0,925.0,925.0,0,5
2026-09-21 14:46:00,CRUDEOIL,CE,9700.0,CRUDEOIL15OCT269700CE,279.0,279.3,279.0,279.3,100,5
2026-09-21 14:46:00,CRUDEOIL,PE,9700.0,CRUDEOIL15OCT269700PE,903.1,903.1,903.1,903.1,0,5
2026-09-21 14:46:00,CRUDEOIL,CE,9750.0,CRUDEOIL15OCT269750CE,265.5,265.5,265.5,265.5,0,5
2026-09-21 14:46:00,CRUDEOIL,PE,9750.0,CRUDEOIL15OCT269750PE,987.2,987.2,987.2,987.2,0,5
2026-09-21 14:46:00,CRUDEOILM,FUT,0.0,CRUDEOILM21SEP26FUT,9446.0,9446.0,9446.0,9446.0,0,5
2026-09-21 14:46:00,CRUDEOILM,CE,9150.0,CRUDEOILM15OCT269150CE,467.05,467.05,467.05,467.05,0,5
2026-09-21 14:46:00,CRUDEOILM,PE,9150.0,CRUDEOILM15OCT269150PE,565.95,566.3,565.95,566.3,180,5
2026-09-21 14:46:00,CRUDEOILM,CE,9200.0,CRUDEOILM15OCT269200CE,444.0,444.0,444.0,444.0,0,5
2026-09-21 14:46:00,CRUDEOILM,PE,9200.0,CRUDEOILM15OCT269200PE,596.0,596.0,596.0,596.0,0,5
2026-09-21 14:46:00,CRUDEOILM,CE,9250.0,CRUDEOILM15OCT269250CE,424.95,426.7,424.95,426.7,100,5
2026-09-21 14:46:00,CRUDEOILM,PE,9250.0,CRUDEOILM15OCT269250PE,624.15,624.15,624.15,624.15,0,5
2026-09-21 14:46:00,CRUDEOILM,CE,9300.0,CRUDEOILM15OCT269300CE,406.85,409.0,406.85,409.0,10,5
2026-09-21 14:46:00,CRUDEOILM,PE,9300.0,CRUDEOILM15OCT269300PE,656.2,656.2,656.2,656.2,0,5
2026-09-21 14:46:00,CRUDEOILM,CE,9350.0,CRUDEOILM15OCT269350CE,392.6,393.25,392.6,393.25,30,5
2026-09-21 14:46:00,CRUDEOILM,PE,9350.0,CRUDEOILM15OCT269350PE,688.05,688.05,688.05,688.05,0,5
2026-09-21 14:46:00,CRUDEOILM,CE,9400.0,CRUDEOILM15OCT269400CE,372.7,375.55,372.7,375.55,20,5
2026-09-21 14:46:00,CRUDEOILM,PE,9400.0,CRUDEOILM15OCT269400PE,716.8,716.8,716.8,716.8,0,5
2026-09-21 14:46:00,CRUDEOILM,CE,9450.0,CRUDEOILM15OCT269450CE,358.7,358.7,358.7,358.7,0,5
2026-09-21 14:46:00,CRUDEOILM,PE,9450.0,CRUDEOILM15OCT269450PE,756.05,756.05,756.05,756.05,0,5
2026-09-21 14:46:00,CRUDEOILM,CE,9500.0,CRUDEOILM15OCT269500CE,341.8,341.8,341.8,341.8,0,5
2026-09-21 14:46:00,CRUDEOILM,PE,9500.0,CRUDEOILM15OCT269500PE,786.25,786.25,786.25,786.25,0,5
2026-09-21 14:46:00,CRUDEOILM,CE,9550.0,CRUDEOILM15OCT269550CE,324.35,324.35,324.35,324.35,0,5
2026-09-21 14:46:00,CRUDEOILM,PE,9550.0,CRUDEOILM15OCT269550PE,822.6,822.6,822.6,822.6,0,5
2026-09-21 14:46:00,CRUDEOILM,CE,9600.0,CRUDEOILM15OCT269600CE,312.2,313.35,312.2,313.35,10,5
2026-09-21 14:46:00,CRUDEOILM,PE,9600.0,CRUDEOILM15OCT269600PE,851.55,851.55,851.55,851.55,0,5
2026-09-21 14:46:00,CRUDEOILM,CE,9650.0,CRUDEOILM15OCT269650CE,296.55,296.55,296.55,296.55,0,5
2026-09-21 14:46:00,CRUDEOILM,PE,9650.0,CRUDEOILM15OCT269650PE,932.0,932.0,932.0,932.0,0,5
2026-09-21 14:46:00,CRUDEOILM,CE,9700.0,CRUDEOILM15OCT269700CE,282.8,282.8,282.8,282.8,0,5
2026-09-21 14:46:00,CRUDEOILM,PE,9700.0,CRUDEOILM15OCT269700PE,924.3,924.3,924.3,924.3,0,5
2026-09-21 14:46:00,CRUDEOILM,CE,9750.0,CRUDEOILM15OCT269750CE,271.1,271.1,271.1,271.1,0,5
2026-09-21 14:46:00,CRUDEOILM,PE,9750.0,CRUDEOILM15OCT269750PE,955.7,955.7,955.7,955.7,0,5
2026-09-21 14:47:00,CRUDEOIL,FUT,0.0,CRUDEOIL21SEP26FUT,9440.0,9440.0,9440.0,9440.0,0,16
2026-09-21 14:47:00,CRUDEOIL,CE,9150.0,CRUDEOIL15OCT269150CE,457.9,457.9,457.9,457.9,0,16
2026-09-21 14:47:00,CRUDEOIL,PE,9150.0,CRUDEOIL15OCT269150PE,552.6,552.6,552.6,552.6,0,16
2026-09-21 14:47:00,CRUDEOIL,CE,9200.0,CRUDEOIL15OCT269200CE,436.5,436.8,436.5,436.8,100,16
2026-09-21 14:47:00,CRUDEOIL,PE,9200.0,CRUDEOIL15OCT269200PE,587.3,587.3,587.3,587.3,0,16
2026-09-21 14:47:00,CRUDEOIL,CE,9250.0,CRUDEOIL15OCT269250CE,417.1,417.1,417.1,417.1,0,16
2026-09-21 14:47:00,CRUDEOIL,PE,9250.0,CRUDEOIL15OCT269250PE,606.9,606.9,606.9,606.9,0,16
2026-09-21 14:47:00,CRUDEOIL,CE,9300.0,CRUDEOIL15OCT269300CE,397.5,397.5,397.5,397.5,0,16
2026-09-21 14:47:00,CRUDEOIL,PE,9300.0,CRUDEOIL15OCT269300PE,649.2,649.2,649.2,649.2,0,16
2026-09-21 14:47:00,CRUDEOIL,CE,9350.0,CRUDEOIL15OCT269350CE,381.1,381.1,381.1,381.1,0,16
2026-09-21 14:47:00,CRUDEOIL,PE,9350.0,CRUDEOIL15OCT269350PE,668.6,668.6,668.6,668.6,0,16
2026-09-21 14:47:00,CRUDEOIL,CE,9400.0,CRUDEOIL15OCT269400CE,365.0,365.0,365.0,365.0,100,16
2026-09-21 14:47:00,CRUDEOIL,PE,9400.0,CRUDEOIL15OCT269400PE,713.0,713.0,713.0,713.0,0,16
2026-09-21 14:47:00,CRUDEOIL,CE,9450.0,CRUDEOIL15OCT269450CE,349.0,349.0,349.0,349.0,0,16
2026-09-21 14:47:00,CRUDEOIL,PE,9450.0,CRUDEOIL15OCT269450PE,739.0,739.0,739.0,739.0,0,16
2026-09-21 14:47:00,CRUDEOIL,CE,9500.0,CRUDEOIL15OCT269500CE,334.0,334.0,333.4,333.4,700,16
2026-09-21 14:47:00,CRUDEOIL,PE,9500.0,CRUDEOIL15OCT269500PE,781.4,781.4,781.4,781.4,0,16
2026-09-21 14:47:00,CRUDEOIL,CE,9550.0,CRUDEOIL15OCT269550CE,320.0,320.0,320.0,320.0,0,16
2026-09-21 14:47:00,CRUDEOIL,PE,9550.0,CRUDEOIL15OCT269550PE,850.0,850.0,850.0,850.0,0,16
2026-09-21 14:47:00,CRUDEOIL,CE,9600.0,CRUDEOIL15OCT269600CE,305.9,305.9,305.6,305.6,100,16
2026-09-21 14:47:00,CRUDEOIL,PE,9600.0,CRUDEOIL15OCT269600PE,846.7,846.7,846.7,846.7,0,16
2026-09-21 14:47:00,CRUDEOIL,CE,9650.0,CRUDEOIL15OCT269650CE,292.4,292.4,292.4,292.4,0,16
2026-09-21 14:47:00,CRUDEOIL,PE,9650.0,CRUDEOIL15OCT269650PE,925.0,925.0,925.0,925.0,0,16
2026-09-21 14:47:00,CRUDEOIL,CE,9700.0,CRUDEOIL15OCT269700CE,279.3,279.3,277.2,277.2,100,16
2026-09-21 14:47:00,CRUDEOIL,PE,9700.0,CRUDEOIL15OCT269700PE,903.1,903.1,903.1,903.1,0,16
2026-09-21 14:47:00,CRUDEOIL,CE,9750.0,CRUDEOIL15OCT269750CE,265.5,265.5,265.2,265.2,100,16
2026-09-21 14:47:00,CRUDEOIL,PE,9750.0,CRUDEOIL15OCT269750PE,987.2,987.2,987.2,987.2,0,16
2026-09-21 14:47:00,CRUDEOILM,FUT,0.0,CRUDEOILM21SEP26FUT,9446.0,9449.0,9445.0,9447.0,180,16
2026-09-21 14:47:00,CRUDEOILM,CE,9150.0,CRUDEOILM15OCT269150CE,467.05,468.1,466.05,468.1,160,16
2026-09-21 14:47:00,CRUDEOILM,PE,9150.0,CRUDEOILM15OCT269150PE,566.3,566.3,566.3,566.3,0,16
2026-09-21 14:47:00,CRUDEOILM,CE,9200.0,CRUDEOILM15OCT269200CE,444.0,446.0,444.0,446.0,60,16
2026-09-21 14:47:00,CRUDEOILM,PE,9200.0,CRUDEOILM15OCT269200PE,596.0,596.0,596.0,596.0,0,16
2026-09-21 14:47:00,CRUDEOILM,CE,9250.0,CRUDEOILM15OCT269250CE,426.7,426.7,426.7,426.7,0,16
2026-09-21 14:47:00,CRUDEOILM,PE,9250.0,CRUDEOILM15OCT269250PE,624.15,624.15,624.15,624.15,0,16
2026-09-21 14:47:00,CRUDEOILM,CE,9300.0,CRUDEOILM15OCT269300CE,409.0,409.0,406.85,406.85,20,16
2026-09-21 14:47:00,CRUDEOILM,PE,9300.0,CRUDEOILM15OCT269300PE,656.2,656.2,656.2,656.2,0,16
2026-09-21 14:47:00,CRUDEOILM,CE,9350.0,CRUDEOILM15OCT269350CE,393.25,393.25,389.4,391.0,70,16
2026-09-21 14:47:00,CRUDEOILM,PE,9350.0,CRUDEOILM15OCT269350PE,688.05,688.45,688.05,688.45,10,16
2026-09-21 14:47:00,CRUDEOILM,CE,9400.0,CRUDEOILM15OCT269400CE,375.55,375.55,373.0,375.1,280,16
2026-09-21 14:47:00,CRUDEOILM,PE,9400.0,CRUDEOILM15OCT269400PE,716.8,716.8,716.8,716.8,0,16
2026-09-21 14:47:00,CRUDEOILM,CE,9450.0,CRUDEOILM15OCT269450CE,358.7,358.7,356.3,357.35,40,16
2026-09-21 14:47:00,CRUDEOILM,PE,9450.0,CRUDEOILM15OCT269450PE,756.05,756.05,756.05,756.05,0,16
2026-09-21 14:47:00,CRUDEOILM,CE,9500.0,CRUDEOILM15OCT269500CE,341.8,342.5,341.8,342.5,60,16
2026-09-21 14:47:00,CRUDEOILM,PE,9500.0,CRUDEOILM15OCT269500PE,786.25,786.85,784.9,786.85,20,16
2026-09-21 14:47:00,CRUDEOILM,CE,9550.0,CRUDEOILM15OCT269550CE,324.35,325.8,324.35,325.8,10,16
2026-09-21 14:47:00,CRUDEOILM,PE,9550.0,CRUDEOILM15OCT269550PE,822.6,822.6,822.6,822.6,0,16
2026-09-21 14:47:00,CRUDEOILM,CE,9600.0,CRUDEOILM15OCT269600CE,313.35,313.35,310.85,311.2,100,16
2026-09-21 14:47:00,CRUDEOILM,PE,9600.0,CRUDEOILM15OCT269600PE,851.55,851.55,851.55,851.55,0,16
2026-09-21 14:47:00,CRUDEOILM,CE,9650.0,CRUDEOILM15OCT269650CE,298.75,298.75,297.3,297.3,40,16
2026-09-21 14:47:00,CRUDEOILM,PE,9650.0,CRUDEOILM15OCT269650PE,932.0,932.0,932.0,932.0,0,16
2026-09-21 14:47:00,CRUDEOILM,CE,9700.0,CRUDEOILM15OCT269700CE,285.85,285.85,283.35,283.35,10,16
2026-09-21 14:47:00,CRUDEOILM,PE,9700.0,CRUDEOILM15OCT269700PE,924.3,924.3,924.3,924.3,0,16
2026-09-21 14:47:00,CRUDEOILM,CE,9750.0,CRUDEOILM15OCT269750CE,271.1,271.1,271.1,271.1,0,16
2026-09-21 14:47:00,CRUDEOILM,PE,9750.0,CRUDEOILM15OCT269750PE,955.7,955.7,955.7,955.7,0,16
2026-09-21 14:48:00,CRUDEOIL,FUT,0.0,CRUDEOIL21SEP26FUT,9440.0,9453.0,9440.0,9453.0,400,15
2026-09-21 14:48:00,CRUDEOIL,CE,9150.0,CRUDEOIL15OCT269150CE,457.9,457.9,457.9,457.9,0,15
2026-09-21 14:48:00,CRUDEOIL,PE,9150.0,CRUDEOIL15OCT269150PE,552.6,552.6,552.6,552.6,0,15
2026-09-21 14:48:00,CRUDEOIL,CE,9200.0,CRUDEOIL15OCT269200CE,436.8,439.5,436.3,439.5,1500,15
2026-09-21 14:48:00,CRUDEOIL,PE,9200.0,CRUDEOIL15OCT269200PE,587.3,587.3,584.0,584.0,100,15
2026-09-21 14:48:00,CRUDEOIL,CE,9250.0,CRUDEOIL15OCT269250CE,417.1,417.1,417.1,417.1,0,15
2026-09-21 14:48:00,CRUDEOIL,PE,9250.0,CRUDEOIL15OCT269250PE,606.9,606.9,606.9,606.9,0,15
2026-09-21 14:48:00,CRUDEOIL,CE,9300.0,CRUDEOIL15OCT269300CE,397.5,400.0,397.5,400.0,100,15
2026-09-21 14:48:00,CRUDEOIL,PE,9300.0,CRUDEOIL15OCT269300PE,649.2,649.2,649.2,649.2,0,15
2026-09-21 14:48:00,CRUDEOIL,CE,9350.0,CRUDEOIL15OCT269350CE,381.1,381.1,381.1,381.1,0,15
2026-09-21 14:48:00,CRUDEOIL,PE,9350.0,CRUDEOIL15OCT269350PE,668.6,668.6,668.6,668.6,0,15
2026-09-21 14:48:00,CRUDEOIL,CE,9400.0,CRUDEOIL15OCT269400CE,364.9,368.4,364.9,368.4,1300,15
2026-09-21 14:48:00,CRUDEOIL,PE,9400.0,CRUDEOIL15OCT269400PE,713.0,713.0,711.5,711.5,200,15
2026-09-21 14:48:00,CRUDEOIL,CE,9450.0,CRUDEOIL15OCT269450CE,349.0,349.0,349.0,349.0,0,15
2026-09-21 14:48:00,CRUDEOIL,PE,9450.0,CRUDEOIL15OCT269450PE,739.0,739.0,739.0,739.0,0,15
2026-09-21 14:48:00,CRUDEOIL,CE,9500.0,CRUDEOIL15OCT269500CE,333.4,336.4,333.4,336.4,800,15
2026-09-21 14:48:00,CRUDEOIL,PE,9500.0,CRUDEOIL15OCT269500PE,781.4,781.4,781.4,781.4,0,15
2026-09-21 14:48:00,CRUDEOIL,CE,9550.0,CRUDEOIL15OCT269550CE,320.0,320.0,320.0,320.0,0,15
2026-09-21 14:48:00,CRUDEOIL,PE,9550.0,CRUDEOIL15OCT269550PE,850.0,850.0,850.0,850.0,0,15
2026-09-21 14:48:00,CRUDEOIL,CE,9600.0,CRUDEOIL15OCT269600CE,305.6,306.4,305.6,306.4,400,15
2026-09-21 14:48:00,CRUDEOIL,PE,9600.0,CRUDEOIL15OCT269600PE,846.7,846.7,846.7,846.7,0,15
2026-09-21 14:48:00,CRUDEOIL,CE,9650.0,CRUDEOIL15OCT269650CE,292.4,292.4,291.1,291.1,100,15
2026-09-21 14:48:00,CRUDEOIL,PE,9650.0,CRUDEOIL15OCT269650PE,925.0,925.0,925.0,925.0,0,15
2026-09-21 14:48:00,CRUDEOIL,CE,9700.0,CRUDEOIL15OCT269700CE,277.2,278.1,276.8,277.5,1300,15
2026-09-21 14:48:00,CRUDEOIL,PE,9700.0,CRUDEOIL15OCT269700PE,903.1,903.1,903.1,903.1,0,15
2026-09-21 14:48:00,CRUDEOIL,CE,9750.0,CRUDEOIL15OCT269750CE,265.2,265.2,265.2,265.2,0,15
2026-09-21 14:48:00,CRUDEOIL,PE,9750.0,CRUDEOIL15OCT269750PE,987.2,987.2,987.2,987.2,0,15
2026-09-21 14:48:00,CRUDEOILM,FUT,0.0,CRUDEOILM21SEP26FUT,9447.0,9453.0,9447.0,9453.0,320,15
2026-09-21 14:48:00,CRUDEOILM,CE,9150.0,CRUDEOILM15OCT269150CE,468.1,469.55,468.1,469.55,10,15
2026-09-21 14:48:00,CRUDEOILM,PE,9150.0,CRUDEOILM15OCT269150PE,566.3,566.3,566.3,566.3,30,15
2026-09-21 14:48:00,CRUDEOILM,CE,9200.0,CRUDEOILM15OCT269200CE,444.8,449.2,444.8,449.2,100,15
2026-09-21 14:48:00,CRUDEOILM,PE,9200.0,CRUDEOILM15OCT269200PE,596.0,596.0,594.25,594.25,20,15
2026-09-21 14:48:00,CRUDEOILM,CE,9250.0,CRUDEOILM15OCT269250CE,426.7,428.35,426.7,428.35,10,15
2026-09-21 14:48:00,CRUDEOILM,PE,9250.0,CRUDEOILM15OCT269250PE,624.15,624.15,624.15,624.15,0,15
2026-09-21 14:48:00,CRUDEOILM,CE,9300.0,CRUDEOILM15OCT269300CE,407.15,409.95,407.15,409.95,10,15
2026-09-21 14:48:00,CRUDEOILM,PE,9300.0,CRUDEOILM15OCT269300PE,656.2,656.2,656.2,656.2,0,15
2026-09-21 14:48:00,CRUDEOILM,CE,9350.0,CRUDEOILM15OCT269350CE,391.0,391.0,391.0,391.0,0,15
2026-09-21 14:48:00,CRUDEOILM,PE,9350.0,CRUDEOILM15OCT269350PE,688.45,688.45,688.45,688.45,0,15
2026-09-21 14:48:00,CRUDEOILM,CE,9400.0,CRUDEOILM15OCT269400CE,375.1,377.2,374.0,377.2,140,15
2026-09-21 14:48:00,CRUDEOILM,PE,9400.0,CRUDEOILM15OCT269400PE,716.8,716.8,716.8,716.8,0,15
2026-09-21 14:48:00,CRUDEOILM,CE,9450.0,CRUDEOILM15OCT269450CE,357.35,357.35,357.15,357.15,10,15
2026-09-21 14:48:00,CRUDEOILM,PE,9450.0,CRUDEOILM15OCT269450PE,756.05,756.05,756.05,756.05,0,15
2026-09-21 14:48:00,CRUDEOILM,CE,9500.0,CRUDEOILM15OCT269500CE,342.5,343.95,342.5,343.95,70,15
2026-09-21 14:48:00,CRUDEOILM,PE,9500.0,CRUDEOILM15OCT269500PE,786.85,786.85,784.0,784.0,30,15
2026-09-21 14:48:00,CRUDEOILM,CE,9550.0,CRUDEOILM15OCT269550CE,325.8,325.8,325.8,325.8,0,15
2026-09-21 14:48:00,CRUDEOILM,PE,9550.0,CRUDEOILM15OCT269550PE,822.6,822.6,822.6,822.6,0,15
2026-09-21 14:48:00,CRUDEOILM,CE,9600.0,CRUDEOILM15OCT269600CE,311.2,313.6,311.2,313.6,30,15
2026-09-21 14:48:00,CRUDEOILM,PE,9600.0,CRUDEOILM15OCT269600PE,851.55,851.55,851.55,851.55,0,15
2026-09-21 14:48:00,CRUDEOILM,CE,9650.0,CRUDEOILM15OCT269650CE,297.3,297.3,297.3,297.3,0,15
2026-09-21 14:48:00,CRUDEOILM,PE,9650.0,CRUDEOILM15OCT269650PE,932.0,932.0,932.0,932.0,0,15
2026-09-21 14:48:00,CRUDEOILM,CE,9700.0,CRUDEOILM15OCT269700CE,283.35,283.35,283.35,283.35,0,15
2026-09-21 14:48:00,CRUDEOILM,PE,9700.0,CRUDEOILM15OCT269700PE,924.3,924.3,924.3,924.3,0,15
2026-09-21 14:48:00,CRUDEOILM,CE,9750.0,CRUDEOILM15OCT269750CE,271.1,271.1,271.1,271.1,0,15
2026-09-21 14:48:00,CRUDEOILM,PE,9750.0,CRUDEOILM15OCT269750PE,955.7,955.7,955.7,955.7,0,15
2026-09-21 14:49:00,CRUDEOIL,FUT,0.0,CRUDEOIL21SEP26FUT,9453.0,9453.0,9453.0,9453.0,300,16
2026-09-21 14:49:00,CRUDEOIL,CE,9150.0,CRUDEOIL15OCT269150CE,457.9,457.9,457.9,457.9,0,16
2026-09-21 14:49:00,CRUDEOIL,PE,9150.0,CRUDEOIL15OCT269150PE,552.6,552.6,552.6,552.6,0,16
2026-09-21 14:49:00,CRUDEOIL,CE,9200.0,CRUDEOIL15OCT269200CE,439.5,439.5,439.5,439.5,0,16
2026-09-21 14:49:00,CRUDEOIL,PE,9200.0,CRUDEOIL15OCT269200PE,584.0,584.0,581.8,581.8,300,16
2026-09-21 14:49:00,CRUDEOIL,CE,9250.0,CRUDEOIL15OCT269250CE,417.1,420.4,417.1,420.4,100,16
2026-09-21 14:49:00,CRUDEOIL,PE,9250.0,CRUDEOIL15OCT269250PE,606.9,606.9,606.9,606.9,0,16
2026-09-21 14:49:00,CRUDEOIL,CE,9300.0,CRUDEOIL15OCT269300CE,400.0,402.0,400.0,400.8,600,16
2026-09-21 14:49:00,CRUDEOIL,PE,9300.0,CRUDEOIL15OCT269300PE,649.2,649.2,642.3,642.3,100,16
2026-09-21 14:49:00,CRUDEOIL,CE,9350.0,CRUDEOIL15OCT269350CE,381.1,381.1,381.1,381.1,0,16
2026-09-21 14:49:00,CRUDEOIL,PE,9350.0,CRUDEOIL15OCT269350PE,668.6,668.6,668.6,668.6,0,16
2026-09-21 14:49:00,CRUDEOIL,CE,9400.0,CRUDEOIL15OCT269400CE,368.4,369.0,366.8,367.7,800,16
2026-09-21 14:49:00,CRUDEOIL,PE,9400.0,CRUDEOIL15OCT269400PE,711.5,711.5,709.2,709.2,400,16
2026-09-21 14:49:00,CRUDEOIL,CE,9450.0,CRUDEOIL15OCT269450CE,349.0,351.0,349.0,351.0,200,16
2026-09-21 14:49:00,CRUDEOIL,PE,9450.0,CRUDEOIL15OCT269450PE,739.0,739.0,739.0,739.0,0,16
2026-09-21 14:49:00,CRUDEOIL,CE,9500.0,CRUDEOIL15OCT269500CE,336.4,336.9,335.6,336.2,1700,16
2026-09-21 14:49:00,CRUDEOIL,PE,9500.0,CRUDEOIL15OCT269500PE,781.4,781.4,781.4,781.4,0,16
2026-09-21 14:49:00,CRUDEOIL,CE,9550.0,CRUDEOIL15OCT269550CE,320.0,320.0,320.0,320.0,0,16
2026-09-21 14:49:00,CRUDEOIL,PE,9550.0,CRUDEOIL15OCT269550PE,850.0,850.0,850.0,850.0,0,16
2026-09-21 14:49:00,CRUDEOIL,CE,9600.0,CRUDEOIL15OCT269600CE,306.4,306.8,305.6,306.8,500,16
2026-09-21 14:49:00,CRUDEOIL,PE,9600.0,CRUDEOIL15OCT269600PE,846.7,846.7,846.7,846.7,700,16
2026-09-21 14:49:00,CRUDEOIL,CE,9650.0,CRUDEOIL15OCT269650CE,291.1,291.1,291.1,291.1,0,16
2026-09-21 14:49:00,CRUDEOIL,PE,9650.0,CRUDEOIL15OCT269650PE,925.0,925.0,925.0,925.0,0,16
2026-09-21 14:49:00,CRUDEOIL,CE,9700.0,CRUDEOIL15OCT269700CE,279.8,280.1,279.3,279.3,200,16
2026-09-21 14:49:00,CRUDEOIL,PE,9700.0,CRUDEOIL15OCT269700PE,903.1,903.1,903.1,903.1,0,16
2026-09-21 14:49:00,CRUDEOIL,CE,9750.0,CRUDEOIL15OCT269750CE,265.2,265.2,265.2,265.2,0,16
2026-09-21 14:49:00,CRUDEOIL,PE,9750.0,CRUDEOIL15OCT269750PE,987.2,987.2,987.2,987.2,0,16
2026-09-21 14:49:00,CRUDEOILM,FUT,0.0,CRUDEOILM21SEP26FUT,9453.0,9454.0,9453.0,9453.0,40,16
2026-09-21 14:49:00,CRUDEOILM,CE,9150.0,CRUDEOILM15OCT269150CE,469.55,473.2,468.55,469.65,130,16
2026-09-21 14:49:00,CRUDEOILM,PE,9150.0,CRUDEOILM15OCT269150PE,566.3,566.3,563.05,563.05,20,16
2026-09-21 14:49:00,CRUDEOILM,CE,9200.0,CRUDEOILM15OCT269200CE,449.2,449.2,447.85,447.85,60,16
2026-09-21 14:49:00,CRUDEOILM,PE,9200.0,CRUDEOILM15OCT269200PE,594.25,594.25,594.25,594.25,0,16
2026-09-21 14:49:00,CRUDEOILM,CE,9250.0,CRUDEOILM15OCT269250CE,428.35,429.0,428.35,429.0,100,16
2026-09-21 14:49:00,CRUDEOILM,PE,9250.0,CRUDEOILM15OCT269250PE,624.15,624.15,624.15,624.15,0,16
2026-09-21 14:49:00,CRUDEOILM,CE,9300.0,CRUDEOILM15OCT269300CE,409.95,409.95,409.95,409.95,0,16
2026-09-21 14:49:00,CRUDEOILM,PE,9300.0,CRUDEOILM15OCT269300PE,656.2,656.2,656.2,656.2,0,16
2026-09-21 14:49:00,CRUDEOILM,CE,9350.0,CRUDEOILM15OCT269350CE,391.0,391.0,391.0,391.0,0,16
2026-09-21 14:49:00,CRUDEOILM,PE,9350.0,CRUDEOILM15OCT269350PE,688.45,688.45,688.45,688.45,0,16
2026-09-21 14:49:00,CRUDEOILM,CE,9400.0,CRUDEOILM15OCT269400CE,377.2,378.05,375.95,377.05,210,16
2026-09-21 14:49:00,CRUDEOILM,PE,9400.0,CRUDEOILM15OCT269400PE,716.8,716.8,716.8,716.8,0,16
2026-09-21 14:49:00,CRUDEOILM,CE,9450.0,CRUDEOILM15OCT269450CE,357.15,358.0,357.15,358.0,10,16
2026-09-21 14:49:00,CRUDEOILM,PE,9450.0,CRUDEOILM15OCT269450PE,756.05,756.05,756.05,756.05,0,16
2026-09-21 14:49:00,CRUDEOILM,CE,9500.0,CRUDEOILM15OCT269500CE,343.95,343.95,343.95,343.95,0,16
2026-09-21 14:49:00,CRUDEOILM,PE,9500.0,CRUDEOILM15OCT269500PE,784.0,784.0,784.0,784.0,0,16
2026-09-21 14:49:00,CRUDEOILM,CE,9550.0,CRUDEOILM15OCT269550CE,325.8,325.8,325.8,325.8,0,16
2026-09-21 14:49:00,CRUDEOILM,PE,9550.0,CRUDEOILM15OCT269550PE,822.6,822.6,822.6,822.6,0,16
2026-09-21 14:49:00,CRUDEOILM,CE,9600.0,CRUDEOILM15OCT269600CE,313.6,314.05,313.6,314.05,40,16
2026-09-21 14:49:00,CRUDEOILM,PE,9600.0,CRUDEOILM15OCT269600PE,851.55,851.55,851.55,851.55,0,16
2026-09-21 14:49:00,CRUDEOILM,CE,9650.0,CRUDEOILM15OCT269650CE,297.3,297.3,297.3,297.3,0,16
2026-09-21 14:49:00,CRUDEOILM,PE,9650.0,CRUDEOILM15OCT269650PE,932.0,932.0,932.0,932.0,0,16
2026-09-21 14:49:00,CRUDEOILM,CE,9700.0,CRUDEOILM15OCT269700CE,283.35,287.55,283.35,287.55,10,16
2026-09-21 14:49:00,CRUDEOILM,PE,9700.0,CRUDEOILM15OCT269700PE,924.3,924.3,924.3,924.3,0,16
2026-09-21 14:49:00,CRUDEOILM,CE,9750.0,CRUDEOILM15OCT269750CE,271.1,271.1,271.1,271.1,0,16
2026-09-21 14:49:00,CRUDEOILM,PE,9750.0,CRUDEOILM15OCT269750PE,955.7,955.7,955.7,955.7,0,16
2026-09-21 14:50:00,CRUDEOIL,FUT,0.0,CRUDEOIL21SEP26FUT,9453.0,9453.0,9453.0,9453.0,0,16
2026-09-21 14:50:00,CRUDEOIL,CE,9150.0,CRUDEOIL15OCT269150CE,457.9,457.9,457.9,457.9,0,16
2026-09-21 14:50:00,CRUDEOIL,PE,9150.0,CRUDEOIL15OCT269150PE,552.6,552.6,552.6,552.6,0,16
2026-09-21 14:50:00,CRUDEOIL,CE,9200.0,CRUDEOIL15OCT269200CE,439.5,442.5,439.5,442.5,200,16
2026-09-21 14:50:00,CRUDEOIL,PE,9200.0,CRUDEOIL15OCT269200PE,582.6,582.6,580.0,580.0,400,16
2026-09-21 14:50:00,CRUDEOIL,CE,9250.0,CRUDEOIL15OCT269250CE,420.4,420.4,420.4,420.4,0,16
2026-09-21 14:50:00,CRUDEOIL,PE,9250.0,CRUDEOIL15OCT269250PE,606.9,611.5,606.9,611.5,100,16
2026-09-21 14:50:00,CRUDEOIL,CE,9300.0,CRUDEOIL15OCT269300CE,400.8,404.3,400.8,404.3,1100,16
2026-09-21 14:50:00,CRUDEOIL,PE,9300.0,CRUDEOIL15OCT269300PE,642.3,642.3,642.3,642.3,0,16
2026-09-21 14:50:00,CRUDEOIL,CE,9350.0,CRUDEOIL15OCT269350CE,381.1,381.1,381.1,381.1,0,16
2026-09-21 14:50:00,CRUDEOIL,PE,9350.0,CRUDEOIL15OCT269350PE,668.6,668.6,668.6,668.6,0,16
2026-09-21 14:50:00,CRUDEOIL,CE,9400.0,CRUDEOIL15OCT269400CE,367.7,370.8,367.7,370.8,2000,16
2026-09-21 14:50:00,CRUDEOIL,PE,9400.0,CRUDEOIL15OCT269400PE,709.2,709.2,709.2,709.2,0,16
2026-09-21 14:50:00,CRUDEOIL,CE,9450.0,CRUDEOIL15OCT269450CE,351.0,353.6,351.0,353.6,300,16
2026-09-21 14:50:00,CRUDEOIL,PE,9450.0,CRUDEOIL15OCT269450PE,739.0,739.0,739.0,739.0,100,16
2026-09-21 14:50:00,CRUDEOIL,CE,9500.0,CRUDEOIL15OCT269500CE,336.2,338.4,336.1,338.4,1400,16
2026-09-21 14:50:00,CRUDEOIL,PE,9500.0,CRUDEOIL15OCT269500PE,781.4,781.4,769.3,770.0,500,16
2026-09-21 14:50:00,CRUDEOIL,CE,9550.0,CRUDEOIL15OCT269550CE,320.0,328.5,320.0,323.1,2700,16
2026-09-21 14:50:00,CRUDEOIL,PE,9550.0,CRUDEOIL15OCT269550PE,850.0,850.0,850.0,850.0,0,16
2026-09-21 14:50:00,CRUDEOIL,CE,9600.0,CRUDEOIL15OCT269600CE,306.8,308.4,306.0,308.4,2000,16
2026-09-21 14:50:00,CRUDEOIL,PE,9600.0,CRUDEOIL15OCT269600PE,846.7,846.7,846.7,846.7,0,16
2026-09-21 14:50:00,CRUDEOIL,CE,9650.0,CRUDEOIL15OCT269650CE,291.1,292.6,291.1,292.6,200,16
2026-09-21 14:50:00,CRUDEOIL,PE,9650.0,CRUDEOIL15OCT269650PE,925.0,925.0,925.0,925.0,0,16
2026-09-21 14:50:00,CRUDEOIL,CE,9700.0,CRUDEOIL15OCT269700CE,279.3,280.0,279.3,280.0,100,16
2026-09-21 14:50:00,CRUDEOIL,PE,9700.0,CRUDEOIL15OCT269700PE,903.1,903.1,903.1,903.1,0,16
2026-09-21 14:50:00,CRUDEOIL,CE,9750.0,CRUDEOIL15OCT269750CE,265.2,265.2,265.2,265.2,0,16
2026-09-21 14:50:00,CRUDEOIL,PE,9750.0,CRUDEOIL15OCT269750PE,987.2,987.2,987.2,987.2,0,16
2026-09-21 14:50:00,CRUDEOILM,FUT,0.0,CRUDEOILM21SEP26FUT,9450.0,9457.0,9450.0,9457.0,40,16
2026-09-21 14:50:00,CRUDEOILM,CE,9150.0,CRUDEOILM15OCT269150CE,469.65,474.65,469.65,474.65,180,16
2026-09-21 14:50:00,CRUDEOILM,PE,9150.0,CRUDEOILM15OCT269150PE,563.05,563.05,563.05,563.05,0,16
2026-09-21 14:50:00,CRUDEOILM,CE,9200.0,CRUDEOILM15OCT269200CE,447.85,452.05,447.5,452.05,330,16
2026-09-21 14:50:00,CRUDEOILM,PE,9200.0,CRUDEOILM15OCT269200PE,594.25,594.25,588.35,588.35,1020,16
2026-09-21 14:50:00,CRUDEOILM,CE,9250.0,CRUDEOILM15OCT269250CE,429.0,432.25,429.0,430.55,70,16
2026-09-21 14:50:00,CRUDEOILM,PE,9250.0,CRUDEOILM15OCT269250PE,624.15,624.15,622.7,622.7,100,16
2026-09-21 14:50:00,CRUDEOILM,CE,9300.0,CRUDEOILM15OCT269300CE,409.2,409.2,409.2,409.2,0,16
2026-09-21 14:50:00,CRUDEOILM,PE,9300.0,CRUDEOILM15OCT269300PE,656.2,656.2,656.2,656.2,0,16
2026-09-21 14:50:00,CRUDEOILM,CE,9350.0,CRUDEOILM15OCT269350CE,391.0,395.9,391.0,395.9,200,16
2026-09-21 14:50:00,CRUDEOILM,PE,9350.0,CRUDEOILM15OCT269350PE,688.45,688.45,688.45,688.45,0,16
2026-09-21 14:50:00,CRUDEOILM,CE,9400.0,CRUDEOILM15OCT269400CE,377.05,380.0,377.05,380.0,90,16
2026-09-21 14:50:00,CRUDEOILM,PE,9400.0,CRUDEOILM15OCT269400PE,716.8,716.8,716.8,716.8,0,16
2026-09-21 14:50:00,CRUDEOILM,CE,9450.0,CRUDEOILM15OCT269450CE,359.1,364.0,359.1,364.0,160,16
2026-09-21 14:50:00,CRUDEOILM,PE,9450.0,CRUDEOILM15OCT269450PE,756.05,756.05,756.05,756.05,0,16
2026-09-21 14:50:00,CRUDEOILM,CE,9500.0,CRUDEOILM15OCT269500CE,343.95,347.2,343.95,346.45,60,16
2026-09-21 14:50:00,CRUDEOILM,PE,9500.0,CRUDEOILM15OCT269500PE,784.0,784.0,776.0,776.0,30,16
2026-09-21 14:50:00,CRUDEOILM,CE,9550.0,CRUDEOILM15OCT269550CE,325.8,325.8,325.8,325.8,0,16
2026-09-21 14:50:00,CRUDEOILM,PE,9550.0,CRUDEOILM15OCT269550PE,822.6,822.6,822.6,822.6,0,16
2026-09-21 14:50:00,CRUDEOILM,CE,9600.0,CRUDEOILM15OCT269600CE,314.05,314.05,314.05,314.05,0,16
2026-09-21 14:50:00,CRUDEOILM,PE,9600.0,CRUDEOILM15OCT269600PE,851.55,851.55,851.55,851.55,0,16
2026-09-21 14:50:00,CRUDEOILM,CE,9650.0,CRUDEOILM15OCT269650CE,297.3,302.35,297.3,302.35,10,16
2026-09-21 14:50:00,CRUDEOILM,PE,9650.0,CRUDEOILM15OCT269650PE,932.0,932.0,932.0,932.0,0,16
2026-09-21 14:50:00,CRUDEOILM,CE,9700.0,CRUDEOILM15OCT269700CE,287.55,290.0,287.55,290.0,200,16
2026-09-21 14:50:00,CRUDEOILM,PE,9700.0,CRUDEOILM15OCT269700PE,924.3,924.3,924.3,924.3,0,16
2026-09-21 14:50:00,CRUDEOILM,CE,9750.0,CRUDEOILM15OCT269750CE,271.1,271.1,271.1,271.1,0,16
2026-09-21 14:50:00,CRUDEOILM,PE,9750.0,CRUDEOILM15OCT269750PE,955.7,955.7,955.7,955.7,0,16
2026-09-21 14:51:00,CRUDEOIL,FUT,0.0,CRUDEOIL21SEP26FUT,9453.0,9455.0,9453.0,9455.0,100,15
2026-09-21 14:51:00,CRUDEOIL,CE,9150.0,CRUDEOIL15OCT269150CE,457.9,457.9,457.9,457.9,0,15
2026-09-21 14:51:00,CRUDEOIL,PE,9150.0,CRUDEOIL15OCT269150PE,552.6,552.6,548.0,548.0,200,15
2026-09-21 14:51:00,CRUDEOIL,CE,9200.0,CRUDEOIL15OCT269200CE,442.5,442.5,442.5,442.5,0,15
2026-09-21 14:51:00,CRUDEOIL,PE,9200.0,CRUDEOIL15OCT269200PE,578.0,578.0,576.0,576.0,700,15
2026-09-21 14:51:00,CRUDEOIL,CE,9250.0,CRUDEOIL15OCT269250CE,420.4,424.9,420.4,424.9,200,15
2026-09-21 14:51:00,CRUDEOIL,PE,9250.0,CRUDEOIL15OCT269250PE,611.5,611.5,611.5,611.5,0,15
2026-09-21 14:51:00,CRUDEOIL,CE,9300.0,CRUDEOIL15OCT269300CE,407.2,407.2,405.6,405.6,700,15
2026-09-21 14:51:00,CRUDEOIL,PE,9300.0,CRUDEOIL15OCT269300PE,642.3,642.3,639.0,640.4,200,15
2026-09-21 14:51:00,CRUDEOIL,CE,9350.0,CRUDEOIL15OCT269350CE,381.1,381.1,381.1,381.1,0,15
2026-09-21 14:51:00,CRUDEOIL,PE,9350.0,CRUDEOIL15OCT269350PE,668.6,668.6,668.6,668.6,0,15
2026-09-21 14:51:00,CRUDEOIL,CE,9400.0,CRUDEOIL15OCT269400CE,370.8,372.3,370.8,372.3,3100,15
2026-09-21 14:51:00,CRUDEOIL,PE,9400.0,CRUDEOIL15OCT269400PE,709.2,709.2,709.2,709.2,0,15
2026-09-21 14:51:00,CRUDEOIL,CE,9450.0,CRUDEOIL15OCT269450CE,353.6,353.6,353.6,353.6,0,15
2026-09-21 14:51:00,CRUDEOIL,PE,9450.0,CRUDEOIL15OCT269450PE,739.0,739.0,739.0,739.0,0,15
2026-09-21 14:51:00,CRUDEOIL,CE,9500.0,CRUDEOIL15OCT269500CE,339.0,340.0,339.0,340.0,2000,15
2026-09-21 14:51:00,CRUDEOIL,PE,9500.0,CRUDEOIL15OCT269500PE,770.0,770.0,767.0,767.0,100,15
2026-09-21 14:51:00,CRUDEOIL,CE,9550.0,CRUDEOIL15OCT269550CE,323.1,324.3,323.1,324.3,100,15
2026-09-21 14:51:00,CRUDEOIL,PE,9550.0,CRUDEOIL15OCT269550PE,850.0,850.0,850.0,850.0,0,15
2026-09-21 14:51:00,CRUDEOIL,CE,9600.0,CRUDEOIL15OCT269600CE,308.4,309.7,308.4,309.7,200,15
2026-09-21 14:51:00,CRUDEOIL,PE,9600.0,CRUDEOIL15OCT269600PE,846.7,846.7,840.0,840.0,100,15
2026-09-21 14:51:00,CRUDEOIL,CE,9650.0,CRUDEOIL15OCT269650CE,292.6,295.5,292.6,295.5,200,15
2026-09-21 14:51:00,CRUDEOIL,PE,9650.0,CRUDEOIL15OCT269650PE,925.0,925.0,925.0,925.0,0,15
2026-09-21 14:51:00,CRUDEOIL,CE,9700.0,CRUDEOIL15OCT269700CE,280.0,282.0,280.0,282.0,100,15
2026-09-21 14:51:00,CRUDEOIL,PE,9700.0,CRUDEOIL15OCT269700PE,903.1,903.1,903.1,903.1,0,15
2026-09-21 14:51:00,CRUDEOIL,CE,9750.0,CRUDEOIL15OCT269750CE,265.2,265.2,265.2,265.2,0,15
2026-09-21 14:51:00,CRUDEOIL,PE,9750.0,CRUDEOIL15OCT269750PE,987.2,987.2,987.2,987.2,0,15
2026-09-21 14:51:00,CRUDEOILM,FUT,0.0,CRUDEOILM21SEP26FUT,9460.0,9460.0,9457.0,9460.0,60,15
2026-09-21 14:51:00,CRUDEOILM,CE,9150.0,CRUDEOILM15OCT269150CE,477.2,479.05,477.2,479.05,400,15
2026-09-21 14:51:00,CRUDEOILM,PE,9150.0,CRUDEOILM15OCT269150PE,563.05,563.05,554.65,554.65,50,15
2026-09-21 14:51:00,CRUDEOILM,CE,9200.0,CRUDEOILM15OCT269200CE,452.05,453.5,452.05,453.5,10,15
2026-09-21 14:51:00,CRUDEOILM,PE,9200.0,CRUDEOILM15OCT269200PE,588.35,588.35,585.0,585.2,150,15
2026-09-21 14:51:00,CRUDEOILM,CE,9250.0,CRUDEOILM15OCT269250CE,430.55,433.4,430.55,433.4,10,15
2026-09-21 14:51:00,CRUDEOILM,PE,9250.0,CRUDEOILM15OCT269250PE,622.7,622.7,615.05,615.05,40,15
2026-09-21 14:51:00,CRUDEOILM,CE,9300.0,CRUDEOILM15OCT269300CE,409.2,415.95,409.2,415.95,90,15
2026-09-21 14:51:00,CRUDEOILM,PE,9300.0,CRUDEOILM15OCT269300PE,656.2,656.2,645.0,645.0,50,15
2026-09-21 14:51:00,CRUDEOILM,CE,9350.0,CRUDEOILM15OCT269350CE,395.9,399.05,395.9,398.75,60,15
2026-09-21 14:51:00,CRUDEOILM,PE,9350.0,CRUDEOILM15OCT269350PE,688.45,688.45,688.45,688.45,0,15
2026-09-21 14:51:00,CRUDEOILM,CE,9400.0,CRUDEOILM15OCT269400CE,380.0,381.3,380.0,381.3,120,15
2026-09-21 14:51:00,CRUDEOILM,PE,9400.0,CRUDEOILM15OCT269400PE,716.8,716.8,708.7,708.7,30,15
2026-09-21 14:51:00,CRUDEOILM,CE,9450.0,CRUDEOILM15OCT269450CE,364.0,365.35,364.0,365.35,80,15
2026-09-21 14:51:00,CRUDEOILM,PE,9450.0,CRUDEOILM15OCT269450PE,756.05,756.05,756.05,756.05,0,15
2026-09-21 14:51:00,CRUDEOILM,CE,9500.0,CRUDEOILM15OCT269500CE,348.0,349.2,347.1,349.0,200,15
2026-09-21 14:51:00,CRUDEOILM,PE,9500.0,CRUDEOILM15OCT269500PE,776.0,776.0,776.0,776.0,0,15
2026-09-21 14:51:00,CRUDEOILM,CE,9550.0,CRUDEOILM15OCT269550CE,325.8,325.8,325.8,325.8,0,15
2026-09-21 14:51:00,CRUDEOILM,PE,9550.0,CRUDEOILM15OCT269550PE,822.6,822.6,822.6,822.6,0,15
2026-09-21 14:51:00,CRUDEOILM,CE,9600.0,CRUDEOILM15OCT269600CE,314.05,314.05,314.05,314.05,0,15
2026-09-21 14:51:00,CRUDEOILM,PE,9600.0,CRUDEOILM15OCT269600PE,846.0,846.0,846.0,846.0,0,15
2026-09-21 14:51:00,CRUDEOILM,CE,9650.0,CRUDEOILM15OCT269650CE,302.35,302.35,302.35,302.35,0,15
2026-09-21 14:51:00,CRUDEOILM,PE,9650.0,CRUDEOILM15OCT269650PE,932.0,932.0,932.0,932.0,0,15
2026-09-21 14:51:00,CRUDEOILM,CE,9700.0,CRUDEOILM15OCT269700CE,290.8,290.8,290.8,290.8,0,15
2026-09-21 14:51:00,CRUDEOILM,PE,9700.0,CRUDEOILM15OCT269700PE,924.3,924.3,920.0,920.0,10,15
2026-09-21 14:51:00,CRUDEOILM,CE,9750.0,CRUDEOILM15OCT269750CE,271.1,271.1,271.1,271.1,0,15
2026-09-21 14:51:00,CRUDEOILM,PE,9750.0,CRUDEOILM15OCT269750PE,955.7,955.7,955.7,955.7,0,15
2026-09-21 14:52:00,CRUDEOIL,FUT,0.0,CRUDEOIL21SEP26FUT,9455.0,9465.0,9455.0,9460.0,800,16
2026-09-21 14:52:00,CRUDEOIL,CE,9150.0,CRUDEOIL15OCT269150CE,457.9,464.9,457.9,462.1,200,16
2026-09-21 14:52:00,CRUDEOIL,PE,9150.0,CRUDEOIL15OCT269150PE,548.0,552.1,548.0,552.1,300,16
2026-09-21 14:52:00,CRUDEOIL,CE,9200.0,CRUDEOIL15OCT269200CE,442.5,444.9,439.2,439.2,1100,16
2026-09-21 14:52:00,CRUDEOIL,PE,9200.0,CRUDEOIL15OCT269200PE,576.0,581.8,574.0,581.8,400,16
2026-09-21 14:52:00,CRUDEOIL,CE,9250.0,CRUDEOIL15OCT269250CE,424.9,426.7,422.9,422.9,600,16
2026-09-21 14:52:00,CRUDEOIL,PE,9250.0,CRUDEOIL15OCT269250PE,611.5,611.5,611.5,611.5,0,16
2026-09-21 14:52:00,CRUDEOIL,CE,9300.0,CRUDEOIL15OCT269300CE,405.6,405.6,402.5,402.5,400,16
2026-09-21 14:52:00,CRUDEOIL,PE,9300.0,CRUDEOIL15OCT269300PE,640.4,642.8,637.0,642.8,300,16
2026-09-21 14:52:00,CRUDEOIL,CE,9350.0,CRUDEOIL15OCT269350CE,381.1,381.1,381.1,381.1,0,16
2026-09-21 14:52:00,CRUDEOIL,PE,9350.0,CRUDEOIL15OCT269350PE,668.6,668.6,668.6,668.6,0,16
2026-09-21 14:52:00,CRUDEOIL,CE,9400.0,CRUDEOIL15OCT269400CE,372.3,373.2,367.9,367.9,1800,16
2026-09-21 14:52:00,CRUDEOIL,PE,9400.0,CRUDEOIL15OCT269400PE,709.2,709.2,709.2,709.2,0,16
2026-09-21 14:52:00,CRUDEOIL,CE,9450.0,CRUDEOIL15OCT269450CE,353.6,356.3,352.8,352.8,800,16
2026-09-21 14:52:00,CRUDEOIL,PE,9450.0,CRUDEOIL15OCT269450PE,739.0,739.0,739.0,739.0,0,16
2026-09-21 14:52:00,CRUDEOIL,CE,9500.0,CRUDEOIL15OCT269500CE,340.0,340.2,336.4,336.4,1600,16
2026-09-21 14:52:00,CRUDEOIL,PE,9500.0,CRUDEOIL15OCT269500PE,767.0,775.8,767.0,775.8,100,16
2026-09-21 14:52:00,CRUDEOIL,CE,9550.0,CRUDEOIL15OCT269550CE,324.3,324.3,321.6,321.6,100,16
2026-09-21 14:52:00,CRUDEOIL,PE,9550.0,CRUDEOIL15OCT269550PE,850.0,850.0,850.0,850.0,0,16
2026-09-21 14:52:00,CRUDEOIL,CE,9600.0,CRUDEOIL15OCT269600CE,309.7,310.8,306.5,306.5,400,16
2026-09-21 14:52:00,CRUDEOIL,PE,9600.0,CRUDEOIL15OCT269600PE,840.0,845.5,840.0,845.5,100,16
2026-09-21 14:52:00,CRUDEOIL,CE,9650.0,CRUDEOIL15OCT269650CE,295.5,295.5,294.7,294.7,100,16
2026-09-21 14:52:00,CRUDEOIL,PE,9650.0,CRUDEOIL15OCT269650PE,925.0,925.0,925.0,925.0,0,16
2026-09-21 14:52:00,CRUDEOIL,CE,9700.0,CRUDEOIL15OCT269700CE,282.0,282.3,278.8,278.8,1100,16
2026-09-21 14:52:00,CRUDEOIL,PE,9700.0,CRUDEOIL15OCT269700PE,903.1,903.1,903.1,903.1,0,16
2026-09-21 14:52:00,CRUDEOIL,CE,9750.0,CRUDEOIL15OCT269750CE,265.2,265.2,265.2,265.2,0,16
2026-09-21 14:52:00,CRUDEOIL,PE,9750.0,CRUDEOIL15OCT269750PE,987.2,987.2,987.2,987.2,0,16
2026-09-21 14:52:00,CRUDEOILM,FUT,0.0,CRUDEOILM21SEP26FUT,9462.0,9463.0,9452.0,9452.0,330,16
2026-09-21 14:52:00,CRUDEOILM,CE,9150.0,CRUDEOILM15OCT269150CE,479.05,479.05,474.5,475.45,740,16
2026-09-21 14:52:00,CRUDEOILM,PE,9150.0,CRUDEOILM15OCT269150PE,556.75,558.9,555.55,558.9,70,16
2026-09-21 14:52:00,CRUDEOILM,CE,9200.0,CRUDEOILM15OCT269200CE,453.5,456.0,452.75,452.75,90,16
2026-09-21 14:52:00,CRUDEOILM,PE,9200.0,CRUDEOILM15OCT269200PE,585.2,587.65,585.2,587.65,210,16
2026-09-21 14:52:00,CRUDEOILM,CE,9250.0,CRUDEOILM15OCT269250CE,433.4,435.0,432.55,432.55,50,16
2026-09-21 14:52:00,CRUDEOILM,PE,9250.0,CRUDEOILM15OCT269250PE,615.05,615.15,615.05,615.05,50,16
2026-09-21 14:52:00,CRUDEOILM,CE,9300.0,CRUDEOILM15OCT269300CE,415.95,418.15,412.15,412.15,70,16
2026-09-21 14:52:00,CRUDEOILM,PE,9300.0,CRUDEOILM15OCT269300PE,645.0,646.85,640.7,646.85,110,16
2026-09-21 14:52:00,CRUDEOILM,CE,9350.0,CRUDEOILM15OCT269350CE,398.75,398.75,398.1,398.1,40,16
2026-09-21 14:52:00,CRUDEOILM,PE,9350.0,CRUDEOILM15OCT269350PE,688.45,688.45,688.45,688.45,0,16
2026-09-21 14:52:00,CRUDEOILM,CE,9400.0,CRUDEOILM15OCT269400CE,381.3,381.3,378.0,378.0,640,16
2026-09-21 14:52:00,CRUDEOILM,PE,9400.0,CRUDEOILM15OCT269400PE,708.7,714.2,707.25,714.2,150,16
2026-09-21 14:52:00,CRUDEOILM,CE,9450.0,CRUDEOILM15OCT269450CE,365.35,365.35,364.75,364.75,10,16
2026-09-21 14:52:00,CRUDEOILM,PE,9450.0,CRUDEOILM15OCT269450PE,756.05,756.05,743.5,743.5,10,16
2026-09-21 14:52:00,CRUDEOILM,CE,9500.0,CRUDEOILM15OCT269500CE,349.0,350.0,347.1,347.15,250,16
2026-09-21 14:52:00,CRUDEOILM,PE,9500.0,CRUDEOILM15OCT269500PE,776.0,779.2,776.0,779.2,100,16
2026-09-21 14:52:00,CRUDEOILM,CE,9550.0,CRUDEOILM15OCT269550CE,325.8,332.4,325.8,332.4,30,16
2026-09-21 14:52:00,CRUDEOILM,PE,9550.0,CRUDEOILM15OCT269550PE,808.55,808.55,808.55,808.55,0,16
2026-09-21 14:52:00,CRUDEOILM,CE,9600.0,CRUDEOILM15OCT269600CE,314.05,314.05,314.05,314.05,0,16
2026-09-21 14:52:00,CRUDEOILM,PE,9600.0,CRUDEOILM15OCT269600PE,846.0,846.0,846.0,846.0,0,16
2026-09-21 14:52:00,CRUDEOILM,CE,9650.0,CRUDEOILM15OCT269650CE,302.35,302.35,302.35,302.35,0,16
2026-09-21 14:52:00,CRUDEOILM,PE,9650.0,CRUDEOILM15OCT269650PE,932.0,932.0,932.0,932.0,0,16
2026-09-21 14:52:00,CRUDEOILM,CE,9700.0,CRUDEOILM15OCT269700CE,291.95,291.95,291.95,291.95,0,16
2026-09-21 14:52:00,CRUDEOILM,PE,9700.0,CRUDEOILM15OCT269700PE,920.0,920.0,920.0,920.0,0,16
2026-09-21 14:52:00,CRUDEOILM,CE,9750.0,CRUDEOILM15OCT269750CE,271.1,274.95,271.1,274.95,460,16
2026-09-21 14:52:00,CRUDEOILM,PE,9750.0,CRUDEOILM15OCT269750PE,955.7,955.7,955.7,955.7,0,16
2026-09-21 14:53:00,CRUDEOIL,FUT,0.0,CRUDEOIL21SEP26FUT,9451.0,9451.0,9451.0,9451.0,0,16
2026-09-21 14:53:00,CRUDEOIL,CE,9150.0,CRUDEOIL15OCT269150CE,462.1,462.1,457.9,458.9,300,16
2026-09-21 14:53:00,CRUDEOIL,PE,9150.0,CRUDEOIL15OCT269150PE,552.1,552.1,552.1,552.1,0,16
2026-09-21 14:53:00,CRUDEOIL,CE,9200.0,CRUDEOIL15OCT269200CE,437.4,437.4,437.4,437.4,0,16
2026-09-21 14:53:00,CRUDEOIL,PE,9200.0,CRUDEOIL15OCT269200PE,583.7,583.7,583.7,583.7,100,16
2026-09-21 14:53:00,CRUDEOIL,CE,9250.0,CRUDEOIL15OCT269250CE,422.9,422.9,418.5,418.5,100,16
2026-09-21 14:53:00,CRUDEOIL,PE,9250.0,CRUDEOIL15OCT269250PE,611.5,611.5,611.5,611.5,0,16
2026-09-21 14:53:00,CRUDEOIL,CE,9300.0,CRUDEOIL15OCT269300CE,400.8,400.8,400.0,400.7,200,16
2026-09-21 14:53:00,CRUDEOIL,PE,9300.0,CRUDEOIL15OCT269300PE,642.8,643.3,642.8,643.3,100,16
2026-09-21 14:53:00,CRUDEOIL,CE,9350.0,CRUDEOIL15OCT269350CE,381.1,381.1,381.1,381.1,0,16
2026-09-21 14:53:00,CRUDEOIL,PE,9350.0,CRUDEOIL15OCT269350PE,668.6,668.6,668.6,668.6,0,16
2026-09-21 14:53:00,CRUDEOIL,CE,9400.0,CRUDEOIL15OCT269400CE,367.9,367.9,365.8,365.8,1300,16
2026-09-21 14:53:00,CRUDEOIL,PE,9400.0,CRUDEOIL15OCT269400PE,709.2,709.2,709.2,709.2,100,16
2026-09-21 14:53:00,CRUDEOIL,CE,9450.0,CRUDEOIL15OCT269450CE,352.8,352.8,349.7,349.7,100,16
2026-09-21 14:53:00,CRUDEOIL,PE,9450.0,CRUDEOIL15OCT269450PE,739.0,739.0,739.0,739.0,0,16
2026-09-21 14:53:00,CRUDEOIL,CE,9500.0,CRUDEOIL15OCT269500CE,335.1,335.1,333.7,334.2,1000,16
2026-09-21 14:53:00,CRUDEOIL,PE,9500.0,CRUDEOIL15OCT269500PE,777.2,777.2,777.2,777.2,0,16
2026-09-21 14:53:00,CRUDEOIL,CE,9550.0,CRUDEOIL15OCT269550CE,321.6,321.6,320.4,320.4,100,16
2026-09-21 14:53:00,CRUDEOIL,PE,9550.0,CRUDEOIL15OCT269550PE,850.0,850.0,850.0,850.0,0,16
2026-09-21 14:53:00,CRUDEOIL,CE,9600.0,CRUDEOIL15OCT269600CE,304.7,305.3,304.7,305.0,400,16
2026-09-21 14:53:00,CRUDEOIL,PE,9600.0,CRUDEOIL15OCT269600PE,845.5,845.5,845.5,845.5,0,16
2026-09-21 14:53:00,CRUDEOIL,CE,9650.0,CRUDEOIL15OCT269650CE,294.7,294.7,294.7,294.7,0,16
2026-09-21 14:53:00,CRUDEOIL,PE,9650.0,CRUDEOIL15OCT269650PE,925.0,925.0,925.0,925.0,0,16
2026-09-21 14:53:00,CRUDEOIL,CE,9700.0,CRUDEOIL15OCT269700CE,278.8,278.8,278.0,278.0,100,16
2026-09-21 14:53:00,CRUDEOIL,PE,9700.0,CRUDEOIL15OCT269700PE,903.1,903.1,903.1,903.1,0,16
2026-09-21 14:53:00,CRUDEOIL,CE,9750.0,CRUDEOIL15OCT269750CE,265.2,265.2,265.2,265.2,0,16
2026-09-21 14:53:00,CRUDEOIL,PE,9750.0,CRUDEOIL15OCT269750PE,987.2,987.2,987.2,987.2,0,16
2026-09-21 14:53:00,CRUDEOILM,FUT,0.0,CRUDEOILM21SEP26FUT,9452.0,9453.0,9452.0,9453.0,10,16
2026-09-21 14:53:00,CRUDEOILM,CE,9150.0,CRUDEOILM15OCT269150CE,469.95,470.55,468.25,469.9,430,16
2026-09-21 14:53:00,CRUDEOILM,PE,9150.0,CRUDEOILM15OCT269150PE,562.5,562.5,562.5,562.5,0,16
2026-09-21 14:53:00,CRUDEOILM,CE,9200.0,CRUDEOILM15OCT269200CE,447.3,447.6,446.5,447.6,220,16
2026-09-21 14:53:00,CRUDEOILM,PE,9200.0,CRUDEOILM15OCT269200PE,591.3,593.2,591.05,593.2,20,16
2026-09-21 14:53:00,CRUDEOILM,CE,9250.0,CRUDEOILM15OCT269250CE,427.25,427.85,427.25,427.85,100,16
2026-09-21 14:53:00,CRUDEOILM,PE,9250.0,CRUDEOILM15OCT269250PE,621.5,621.5,621.5,621.5,0,16
2026-09-21 14:53:00,CRUDEOILM,CE,9300.0,CRUDEOILM15OCT269300CE,408.25,410.0,408.25,410.0,30,16
2026-09-21 14:53:00,CRUDEOILM,PE,9300.0,CRUDEOILM15OCT269300PE,652.3,652.3,652.3,652.3,0,16
2026-09-21 14:53:00,CRUDEOILM,CE,9350.0,CRUDEOILM15OCT269350CE,394.25,394.25,392.55,392.55,20,16
2026-09-21 14:53:00,CRUDEOILM,PE,9350.0,CRUDEOILM15OCT269350PE,688.45,688.45,688.45,688.45,0,16
2026-09-21 14:53:00,CRUDEOILM,CE,9400.0,CRUDEOILM15OCT269400CE,377.8,377.8,375.9,375.9,70,16
2026-09-21 14:53:00,CRUDEOILM,PE,9400.0,CRUDEOILM15OCT269400PE,715.85,715.85,715.85,715.85,0,16
2026-09-21 14:53:00,CRUDEOILM,CE,9450.0,CRUDEOILM15OCT269450CE,361.8,361.8,357.65,357.65,10,16
2026-09-21 14:53:00,CRUDEOILM,PE,9450.0,CRUDEOILM15OCT269450PE,743.5,749.85,743.5,749.85,10,16
2026-09-21 14:53:00,CRUDEOILM,CE,9500.0,CRUDEOILM15OCT269500CE,344.25,344.25,343.1,343.1,50,16
2026-09-21 14:53:00,CRUDEOILM,PE,9500.0,CRUDEOILM15OCT269500PE,782.7,782.7,782.7,782.7,0,16
2026-09-21 14:53:00,CRUDEOILM,CE,9550.0,CRUDEOILM15OCT269550CE,328.95,328.95,327.45,327.45,10,16
2026-09-21 14:53:00,CRUDEOILM,PE,9550.0,CRUDEOILM15OCT269550PE,808.55,808.55,808.55,808.55,0,16
2026-09-21 14:53:00,CRUDEOILM,CE,9600.0,CRUDEOILM15OCT269600CE,313.8,313.8,312.7,313.65,20,16
2026-09-21 14:53:00,CRUDEOILM,PE,9600.0,CRUDEOILM15OCT269600PE,854.0,854.0,854.0,854.0,0,16
2026-09-21 14:53:00,CRUDEOILM,CE,9650.0,CRUDEOILM15OCT269650CE,299.1,299.1,298.85,298.85,10,16
2026-09-21 14:53:00,CRUDEOILM,PE,9650.0,CRUDEOILM15OCT269650PE,932.0,932.0,886.85,886.85,10,16
2026-09-21 14:53:00,CRUDEOILM,CE,9700.0,CRUDEOILM15OCT269700CE,291.95,291.95,291.95,291.95,0,16
2026-09-21 14:53:00,CRUDEOILM,PE,9700.0,CRUDEOILM15OCT269700PE,920.0,920.0,920.0,920.0,0,16
2026-09-21 14:53:00,CRUDEOILM,CE,9750.0,CRUDEOILM15OCT269750CE,274.95,274.95,274.0,274.0,10,16
2026-09-21 14:53:00,CRUDEOILM,PE,9750.0,CRUDEOILM15OCT269750PE,955.7,955.7,955.7,955.7,0,16
2026-09-21 14:54:00,CRUDEOIL,FUT,0.0,CRUDEOIL21SEP26FUT,9451.0,9451.0,9451.0,9451.0,100,15
2026-09-21 14:54:00,CRUDEOIL,CE,9150.0,CRUDEOIL15OCT269150CE,458.9,458.9,458.9,458.9,0,15
2026-09-21 14:54:00,CRUDEOIL,PE,9150.0,CRUDEOIL15OCT269150PE,552.1,552.1,552.1,552.1,0,15
2026-09-21 14:54:00,CRUDEOIL,CE,9200.0,CRUDEOIL15OCT269200CE,437.4,437.4,437.4,437.4,0,15
2026-09-21 14:54:00,CRUDEOIL,PE,9200.0,CRUDEOIL15OCT269200PE,583.7,583.7,583.7,583.7,0,15
2026-09-21 14:54:00,CRUDEOIL,CE,9250.0,CRUDEOIL15OCT269250CE,418.5,418.5,418.5,418.5,0,15
2026-09-21 14:54:00,CRUDEOIL,PE,9250.0,CRUDEOIL15OCT269250PE,611.5,611.5,611.5,611.5,0,15
2026-09-21 14:54:00,CRUDEOIL,CE,9300.0,CRUDEOIL15OCT269300CE,400.7,400.7,398.6,400.6,1200,15
2026-09-21 14:54:00,CRUDEOIL,PE,9300.0,CRUDEOIL15OCT269300PE,643.3,643.3,643.3,643.3,0,15
2026-09-21 14:54:00,CRUDEOIL,CE,9350.0,CRUDEOIL15OCT269350CE,381.1,381.1,381.1,381.1,0,15
2026-09-21 14:54:00,CRUDEOIL,PE,9350.0,CRUDEOIL15OCT269350PE,668.6,668.6,668.6,668.6,0,15
2026-09-21 14:54:00,CRUDEOIL,CE,9400.0,CRUDEOIL15OCT269400CE,365.8,366.5,365.8,366.5,100,15
2026-09-21 14:54:00,CRUDEOIL,PE,9400.0,CRUDEOIL15OCT269400PE,709.2,709.2,709.2,709.2,0,15
2026-09-21 14:54:00,CRUDEOIL,CE,9450.0,CRUDEOIL15OCT269450CE,349.7,349.7,349.7,349.7,0,15
2026-09-21 14:54:00,CRUDEOIL,PE,9450.0,CRUDEOIL15OCT269450PE,739.0,739.0,739.0,739.0,0,15
2026-09-21 14:54:00,CRUDEOIL,CE,9500.0,CRUDEOIL15OCT269500CE,334.2,334.2,333.6,333.6,400,15
2026-09-21 14:54:00,CRUDEOIL,PE,9500.0,CRUDEOIL15OCT269500PE,777.2,777.2,777.2,777.2,0,15
2026-09-21 14:54:00,CRUDEOIL,CE,9550.0,CRUDEOIL15OCT269550CE,320.4,320.4,317.6,317.6,200,15
2026-09-21 14:54:00,CRUDEOIL,PE,9550.0,CRUDEOIL15OCT269550PE,850.0,850.0,850.0,850.0,0,15
2026-09-21 14:54:00,CRUDEOIL,CE,9600.0,CRUDEOIL15OCT269600CE,305.0,305.8,303.8,305.8,300,15
2026-09-21 14:54:00,CRUDEOIL,PE,9600.0,CRUDEOIL15OCT269600PE,845.5,845.5,845.5,845.5,0,15
2026-09-21 14:54:00,CRUDEOIL,CE,9650.0,CRUDEOIL15OCT269650CE,294.7,294.7,291.0,291.0,100,15
2026-09-21 14:54:00,CRUDEOIL,PE,9650.0,CRUDEOIL15OCT269650PE,925.0,925.0,925.0,925.0,0,15
2026-09-21 14:54:00,CRUDEOIL,CE,9700.0,CRUDEOIL15OCT269700CE,278.0,278.0,278.0,278.0,0,15
2026-09-21 14:54:00,CRUDEOIL,PE,9700.0,CRUDEOIL15OCT269700PE,903.1,903.1,903.1,903.1,0,15
2026-09-21 14:54:00,CRUDEOIL,CE,9750.0,CRUDEOIL15OCT269750CE,265.2,265.2,265.2,265.2,0,15
2026-09-21 14:54:00,CRUDEOIL,PE,9750.0,CRUDEOIL15OCT269750PE,987.2,987.2,987.2,987.2,0,15
2026-09-21 14:54:00,CRUDEOILM,FUT,0.0,CRUDEOILM21SEP26FUT,9453.0,9453.0,9453.0,9453.0,30,15
2026-09-21 14:54:00,CRUDEOILM,CE,9150.0,CRUDEOILM15OCT269150CE,469.9,469.9,468.5,468.5,350,15
2026-09-21 14:54:00,CRUDEOILM,PE,9150.0,CRUDEOILM15OCT269150PE,562.5,562.5,562.5,562.5,0,15
2026-09-21 14:54:00,CRUDEOILM,CE,9200.0,CRUDEOILM15OCT269200CE,447.6,447.6,447.6,447.6,0,15
2026-09-21 14:54:00,CRUDEOILM,PE,9200.0,CRUDEOILM15OCT269200PE,593.2,594.1,593.2,594.1,10,15
2026-09-21 14:54:00,CRUDEOILM,CE,9250.0,CRUDEOILM15OCT269250CE,427.85,427.85,427.85,427.85,0,15
2026-09-21 14:54:00,CRUDEOILM,PE,9250.0,CRUDEOILM15OCT269250PE,621.5,621.5,621.5,621.5,0,15
2026-09-21 14:54:00,CRUDEOILM,CE,9300.0,CRUDEOILM15OCT269300CE,410.0,410.0,407.55,407.9,20,15
2026-09-21 14:54:00,CRUDEOILM,PE,9300.0,CRUDEOILM15OCT269300PE,652.3,652.3,652.3,652.3,50,15
2026-09-21 14:54:00,CRUDEOILM,CE,9350.0,CRUDEOILM15OCT269350CE,392.55,392.6,391.55,392.6,70,15
2026-09-21 14:54:00,CRUDEOILM,PE,9350.0,CRUDEOILM15OCT269350PE,688.45,688.45,688.45,688.45,0,15
2026-09-21 14:54:00,CRUDEOILM,CE,9400.0,CRUDEOILM15OCT269400CE,375.9,376.0,374.5,374.5,120,15
2026-09-21 14:54:00,CRUDEOILM,PE,9400.0,CRUDEOILM15OCT269400PE,715.85,719.9,715.85,719.9,60,15
2026-09-21 14:54:00,CRUDEOILM,CE,9450.0,CRUDEOILM15OCT269450CE,357.65,359.0,357.65,359.0,110,15
2026-09-21 14:54:00,CRUDEOILM,PE,9450.0,CRUDEOILM15OCT269450PE,749.85,749.85,749.85,749.85,0,15
2026-09-21 14:54:00,CRUDEOILM,CE,9500.0,CRUDEOILM15OCT269500CE,343.1,343.65,342.75,342.75,450,15
2026-09-21 14:54:00,CRUDEOILM,PE,9500.0,CRUDEOILM15OCT269500PE,782.7,783.4,782.7,783.4,10,15
2026-09-21 14:54:00,CRUDEOILM,CE,9550.0,CRUDEOILM15OCT269550CE,327.45,327.45,327.45,327.45,0,15
2026-09-21 14:54:00,CRUDEOILM,PE,9550.0,CRUDEOILM15OCT269550PE,808.55,808.55,808.55,808.55,0,15
2026-09-21 14:54:00,CRUDEOILM,CE,9600.0,CRUDEOILM15OCT269600CE,313.65,313.65,313.65,313.65,0,15
2026-09-21 14:54:00,CRUDEOILM,PE,9600.0,CRUDEOILM15OCT269600PE,854.0,854.0,854.0,854.0,0,15
2026-09-21 14:54:00,CRUDEOILM,CE,9650.0,CRUDEOILM15OCT269650CE,298.85,298.85,298.85,298.85,0,15
2026-09-21 14:54:00,CRUDEOILM,PE,9650.0,CRUDEOILM15OCT269650PE,886.85,886.85,886.85,886.85,0,15
2026-09-21 14:54:00,CRUDEOILM,CE,9700.0,CRUDEOILM15OCT269700CE,291.95,291.95,284.85,284.85,210,15
2026-09-21 14:54:00,CRUDEOILM,PE,9700.0,CRUDEOILM15OCT269700PE,920.0,920.0,920.0,920.0,0,15
2026-09-21 14:54:00,CRUDEOILM,CE,9750.0,CRUDEOILM15OCT269750CE,274.0,274.0,274.0,274.0,0,15
2026-09-21 14:54:00,CRUDEOILM,PE,9750.0,CRUDEOILM15OCT269750PE,955.7,955.7,955.7,955.7,0,15
2026-09-21 14:55:00,CRUDEOIL,FUT,0.0,CRUDEOIL21SEP26FUT,9451.0,9454.0,9449.0,9454.0,400,16
2026-09-21 14:55:00,CRUDEOIL,CE,9150.0,CRUDEOIL15OCT269150CE,458.9,458.9,458.9,458.9,0,16
2026-09-21 14:55:00,CRUDEOIL,PE,9150.0,CRUDEOIL15OCT269150PE,552.1,552.1,552.0,552.0,400,16
2026-09-21 14:55:00,CRUDEOIL,CE,9200.0,CRUDEOIL15OCT269200CE,437.4,437.4,437.4,437.4,0,16
2026-09-21 14:55:00,CRUDEOIL,PE,9200.0,CRUDEOIL15OCT269200PE,583.7,583.7,580.4,580.4,200,16
2026-09-21 14:55:00,CRUDEOIL,CE,9250.0,CRUDEOIL15OCT269250CE,418.5,418.5,418.5,418.5,0,16
2026-09-21 14:55:00,CRUDEOIL,PE,9250.0,CRUDEOIL15OCT269250PE,611.5,611.5,611.5,611.5,0,16
2026-09-21 14:55:00,CRUDEOIL,CE,9300.0,CRUDEOIL15OCT269300CE,400.6,400.6,400.6,400.6,200,16
2026-09-21 14:55:00,CRUDEOIL,PE,9300.0,CRUDEOIL15OCT269300PE,643.3,643.3,643.3,643.3,0,16
2026-09-21 14:55:00,CRUDEOIL,CE,9350.0,CRUDEOIL15OCT269350CE,381.1,381.1,381.1,381.1,0,16
2026-09-21 14:55:00,CRUDEOIL,PE,9350.0,CRUDEOIL15OCT269350PE,668.6,668.6,668.6,668.6,0,16
2026-09-21 14:55:00,CRUDEOIL,CE,9400.0,CRUDEOIL15OCT269400CE,366.5,366.5,366.5,366.5,0,16
2026-09-21 14:55:00,CRUDEOIL,PE,9400.0,CRUDEOIL15OCT269400PE,709.2,709.2,709.0,709.0,100,16
2026-09-21 14:55:00,CRUDEOIL,CE,9450.0,CRUDEOIL15OCT269450CE,349.7,350.0,349.7,350.0,200,16
2026-09-21 14:55:00,CRUDEOIL,PE,9450.0,CRUDEOIL15OCT269450PE,739.0,739.0,739.0,739.0,0,16
2026-09-21 14:55:00,CRUDEOIL,CE,9500.0,CRUDEOIL15OCT269500CE,333.6,335.2,333.6,335.2,200,16
2026-09-21 14:55:00,CRUDEOIL,PE,9500.0,CRUDEOIL15OCT269500PE,777.2,777.2,774.0,774.0,600,16
2026-09-21 14:55:00,CRUDEOIL,CE,9550.0,CRUDEOIL15OCT269550CE,317.6,317.6,317.6,317.6,0,16
2026-09-21 14:55:00,CRUDEOIL,PE,9550.0,CRUDEOIL15OCT269550PE,850.0,850.0,850.0,850.0,0,16
2026-09-21 14:55:00,CRUDEOIL,CE,9600.0,CRUDEOIL15OCT269600CE,305.8,306.0,305.8,306.0,100,16
2026-09-21 14:55:00,CRUDEOIL,PE,9600.0,CRUDEOIL15OCT269600PE,845.5,845.5,845.5,845.5,0,16
2026-09-21 14:55:00,CRUDEOIL,CE,9650.0,CRUDEOIL15OCT269650CE,291.0,291.0,289.5,289.5,100,16
2026-09-21 14:55:00,CRUDEOIL,PE,9650.0,CRUDEOIL15OCT269650PE,925.0,925.0,925.0,925.0,0,16
2026-09-21 14:55:00,CRUDEOIL,CE,9700.0,CRUDEOIL15OCT269700CE,278.0,278.7,278.0,278.7,100,16
2026-09-21 14:55:00,CRUDEOIL,PE,9700.0,CRUDEOIL15OCT269700PE,903.1,903.1,903.1,903.1,0,16
2026-09-21 14:55:00,CRUDEOIL,CE,9750.0,CRUDEOIL15OCT269750CE,265.2,265.2,265.2,265.2,0,16
2026-09-21 14:55:00,CRUDEOIL,PE,9750.0,CRUDEOIL15OCT269750PE,987.2,987.2,987.2,987.2,0,16
2026-09-21 14:55:00,CRUDEOILM,FUT,0.0,CRUDEOILM21SEP26FUT,9453.0,9453.0,9452.0,9452.0,110,16
2026-09-21 14:55:00,CRUDEOILM,CE,9150.0,CRUDEOILM15OCT269150CE,468.5,468.5,468.5,468.5,0,16
2026-09-21 14:55:00,CRUDEOILM,PE,9150.0,CRUDEOILM15OCT269150PE,562.5,562.5,562.5,562.5,0,16
2026-09-21 14:55:00,CRUDEOILM,CE,9200.0,CRUDEOILM15OCT269200CE,447.6,449.15,447.6,449.15,20,16
2026-09-21 14:55:00,CRUDEOILM,PE,9200.0,CRUDEOILM15OCT269200PE,594.1,594.1,589.4,589.4,280,16
2026-09-21 14:55:00,CRUDEOILM,CE,9250.0,CRUDEOILM15OCT269250CE,427.85,428.5,427.85,428.5,20,16
2026-09-21 14:55:00,CRUDEOILM,PE,9250.0,CRUDEOILM15OCT269250PE,621.5,621.5,621.5,621.5,0,16
2026-09-21 14:55:00,CRUDEOILM,CE,9300.0,CRUDEOILM15OCT269300CE,407.9,409.75,407.9,409.75,100,16
2026-09-21 14:55:00,CRUDEOILM,PE,9300.0,CRUDEOILM15OCT269300PE,652.3,652.3,651.4,651.4,10,16
2026-09-21 14:55:00,CRUDEOILM,CE,9350.0,CRUDEOILM15OCT269350CE,392.6,392.6,392.6,392.6,0,16
2026-09-21 14:55:00,CRUDEOILM,PE,9350.0,CRUDEOILM15OCT269350PE,688.45,688.45,688.45,688.45,0,16
2026-09-21 14:55:00,CRUDEOILM,CE,9400.0,CRUDEOILM15OCT269400CE,374.5,374.5,374.5,374.5,0,16
2026-09-21 14:55:00,CRUDEOILM,PE,9400.0,CRUDEOILM15OCT269400PE,719.9,719.9,719.9,719.9,0,16
2026-09-21 14:55:00,CRUDEOILM,CE,9450.0,CRUDEOILM15OCT269450CE,359.0,359.0,359.0,359.0,0,16
2026-09-21 14:55:00,CRUDEOILM,PE,9450.0,CRUDEOILM15OCT269450PE,749.85,749.85,749.85,749.85,0,16
2026-09-21 14:55:00,CRUDEOILM,CE,9500.0,CRUDEOILM15OCT269500CE,342.75,344.05,342.75,344.05,180,16
2026-09-21 14:55:00,CRUDEOILM,PE,9500.0,CRUDEOILM15OCT269500PE,783.4,783.4,780.55,780.55,50,16
2026-09-21 14:55:00,CRUDEOILM,CE,9550.0,CRUDEOILM15OCT269550CE,327.45,327.55,327.45,327.55,10,16
2026-09-21 14:55:00,CRUDEOILM,PE,9550.0,CRUDEOILM15OCT269550PE,808.55,808.55,808.55,808.55,0,16
2026-09-21 14:55:00,CRUDEOILM,CE,9600.0,CRUDEOILM15OCT269600CE,313.65,313.65,313.65,313.65,0,16
2026-09-21 14:55:00,CRUDEOILM,PE,9600.0,CRUDEOILM15OCT269600PE,854.0,854.0,851.55,851.55,10,16
2026-09-21 14:55:00,CRUDEOILM,CE,9650.0,CRUDEOILM15OCT269650CE,298.85,298.85,298.7,298.7,10,16
2026-09-21 14:55:00,CRUDEOILM,PE,9650.0,CRUDEOILM15OCT269650PE,886.85,886.85,886.85,886.85,0,16
2026-09-21 14:55:00,CRUDEOILM,CE,9700.0,CRUDEOILM15OCT269700CE,284.85,285.5,284.85,285.5,10,16
2026-09-21 14:55:00,CRUDEOILM,PE,9700.0,CRUDEOILM15OCT269700PE,920.0,920.0,920.0,920.0,0,16
2026-09-21 14:55:00,CRUDEOILM,CE,9750.0,CRUDEOILM15OCT269750CE,274.0,274.8,274.0,274.8,80,16
2026-09-21 14:55:00,CRUDEOILM,PE,9750.0,CRUDEOILM15OCT269750PE,955.7,955.7,955.7,955.7,0,16
2026-09-21 14:56:00,CRUDEOIL,FUT,0.0,CRUDEOIL21SEP26FUT,9454.0,9454.0,9454.0,9454.0,200,15
2026-09-21 14:56:00,CRUDEOIL,CE,9150.0,CRUDEOIL15OCT269150CE,458.9,458.9,458.9,458.9,0,15
2026-09-21 14:56:00,CRUDEOIL,PE,9150.0,CRUDEOIL15OCT269150PE,552.0,552.0,552.0,552.0,0,15
2026-09-21 14:56:00,CRUDEOIL,CE,9200.0,CRUDEOIL15OCT269200CE,437.4,437.4,436.8,436.8,1100,15
2026-09-21 14:56:00,CRUDEOIL,PE,9200.0,CRUDEOIL15OCT269200PE,580.4,583.1,580.4,583.1,200,15
2026-09-21 14:56:00,CRUDEOIL,CE,9250.0,CRUDEOIL15OCT269250CE,418.5,418.5,417.0,417.0,100,15
2026-09-21 14:56:00,CRUDEOIL,PE,9250.0,CRUDEOIL15OCT269250PE,611.5,611.5,611.5,611.5,0,15
2026-09-21 14:56:00,CRUDEOIL,CE,9300.0,CRUDEOIL15OCT269300CE,400.6,400.6,399.9,399.9,100,15
2026-09-21 14:56:00,CRUDEOIL,PE,9300.0,CRUDEOIL15OCT269300PE,643.3,646.5,643.3,646.5,100,15
2026-09-21 14:56:00,CRUDEOIL,CE,9350.0,CRUDEOIL15OCT269350CE,381.1,381.1,381.1,381.1,0,15
2026-09-21 14:56:00,CRUDEOIL,PE,9350.0,CRUDEOIL15OCT269350PE,668.6,668.6,668.6,668.6,0,15
2026-09-21 14:56:00,CRUDEOIL,CE,9400.0,CRUDEOIL15OCT269400CE,366.5,366.5,366.5,366.5,0,15
2026-09-21 14:56:00,CRUDEOIL,PE,9400.0,CRUDEOIL15OCT269400PE,709.0,709.0,709.0,709.0,0,15
2026-09-21 14:56:00,CRUDEOIL,CE,9450.0,CRUDEOIL15OCT269450CE,349.0,349.0,349.0,349.0,100,15
2026-09-21 14:56:00,CRUDEOIL,PE,9450.0,CRUDEOIL15OCT269450PE,739.0,739.0,739.0,739.0,0,15
2026-09-21 14:56:00,CRUDEOIL,CE,9500.0,CRUDEOIL15OCT269500CE,335.2,335.2,333.4,334.0,800,15
2026-09-21 14:56:00,CRUDEOIL,PE,9500.0,CRUDEOIL15OCT269500PE,774.0,774.0,774.0,774.0,0,15
2026-09-21 14:56:00,CRUDEOIL,CE,9550.0,CRUDEOIL15OCT269550CE,317.6,317.6,317.6,317.6,0,15
2026-09-21 14:56:00,CRUDEOIL,PE,9550.0,CRUDEOIL15OCT269550PE,850.0,850.0,850.0,850.0,0,15
2026-09-21 14:56:00,CRUDEOIL,CE,9600.0,CRUDEOIL15OCT269600CE,305.0,305.0,305.0,305.0,0,15
2026-09-21 14:56:00,CRUDEOIL,PE,9600.0,CRUDEOIL15OCT269600PE,845.5,845.5,845.5,845.5,0,15
2026-09-21 14:56:00,CRUDEOIL,CE,9650.0,CRUDEOIL15OCT269650CE,289.5,289.5,289.5,289.5,0,15
2026-09-21 14:56:00,CRUDEOIL,PE,9650.0,CRUDEOIL15OCT269650PE,925.0,925.0,925.0,925.0,0,15
2026-09-21 14:56:00,CRUDEOIL,CE,9700.0,CRUDEOIL15OCT269700CE,277.8,277.8,277.8,277.8,0,15
2026-09-21 14:56:00,CRUDEOIL,PE,9700.0,CRUDEOIL15OCT269700PE,903.1,903.1,903.1,903.1,0,15
2026-09-21 14:56:00,CRUDEOIL,CE,9750.0,CRUDEOIL15OCT269750CE,265.2,265.2,265.2,265.2,0,15
2026-09-21 14:56:00,CRUDEOIL,PE,9750.0,CRUDEOIL15OCT269750PE,987.2,987.2,987.2,987.2,0,15
2026-09-21 14:56:00,CRUDEOILM,FUT,0.0,CRUDEOILM21SEP26FUT,9457.0,9457.0,9450.0,9454.0,50,15
2026-09-21 14:56:00,CRUDEOILM,CE,9150.0,CRUDEOILM15OCT269150CE,468.5,468.8,468.0,468.0,40,15
2026-09-21 14:56:00,CRUDEOILM,PE,9150.0,CRUDEOILM15OCT269150PE,562.5,562.5,562.5,562.5,0,15
2026-09-21 14:56:00,CRUDEOILM,CE,9200.0,CRUDEOILM15OCT269200CE,449.15,449.15,446.9,446.9,10,15
2026-09-21 14:56:00,CRUDEOILM,PE,9200.0,CRUDEOILM15OCT269200PE,589.4,589.4,589.4,589.4,0,15
2026-09-21 14:56:00,CRUDEOILM,CE,9250.0,CRUDEOILM15OCT269250CE,428.5,428.5,426.65,426.65,20,15
2026-09-21 14:56:00,CRUDEOILM,PE,9250.0,CRUDEOILM15OCT269250PE,621.5,621.5,621.5,621.5,0,15
2026-09-21 14:56:00,CRUDEOILM,CE,9300.0,CRUDEOILM15OCT269300CE,409.55,409.55,409.0,409.0,10,15
2026-09-21 14:56:00,CRUDEOILM,PE,9300.0,CRUDEOILM15OCT269300PE,651.4,653.0,651.4,653.0,10,15
2026-09-21 14:56:00,CRUDEOILM,CE,9350.0,CRUDEOILM15OCT269350CE,392.6,392.6,392.6,392.6,10,15
2026-09-21 14:56:00,CRUDEOILM,PE,9350.0,CRUDEOILM15OCT269350PE,688.45,688.45,688.45,688.45,0,15
2026-09-21 14:56:00,CRUDEOILM,CE,9400.0,CRUDEOILM15OCT269400CE,374.5,374.7,373.65,373.65,90,15
2026-09-21 14:56:00,CRUDEOILM,PE,9400.0,CRUDEOILM15OCT269400PE,719.9,719.9,719.9,719.9,20,15
2026-09-21 14:56:00,CRUDEOILM,CE,9450.0,CRUDEOILM15OCT269450CE,359.0,359.0,357.5,357.5,110,15
2026-09-21 14:56:00,CRUDEOILM,PE,9450.0,CRUDEOILM15OCT269450PE,749.85,749.85,749.85,749.85,0,15
2026-09-21 14:56:00,CRUDEOILM,CE,9500.0,CRUDEOILM15OCT269500CE,343.0,343.0,341.65,341.65,120,15
2026-09-21 14:56:00,CRUDEOILM,PE,9500.0,CRUDEOILM15OCT269500PE,780.55,780.55,780.55,780.55,0,15
2026-09-21 14:56:00,CRUDEOILM,CE,9550.0,CRUDEOILM15OCT269550CE,327.55,327.55,325.0,325.0,100,15
2026-09-21 14:56:00,CRUDEOILM,PE,9550.0,CRUDEOILM15OCT269550PE,808.55,808.55,808.55,808.55,0,15
2026-09-21 14:56:00,CRUDEOILM,CE,9600.0,CRUDEOILM15OCT269600CE,313.65,313.65,313.65,313.65,0,15
2026-09-21 14:56:00,CRUDEOILM,PE,9600.0,CRUDEOILM15OCT269600PE,851.55,851.55,851.55,851.55,0,15
2026-09-21 14:56:00,CRUDEOILM,CE,9650.0,CRUDEOILM15OCT269650CE,298.7,298.7,297.85,297.85,30,15
2026-09-21 14:56:00,CRUDEOILM,PE,9650.0,CRUDEOILM15OCT269650PE,886.85,886.85,886.85,886.85,0,15
2026-09-21 14:56:00,CRUDEOILM,CE,9700.0,CRUDEOILM15OCT269700CE,285.5,285.5,285.5,285.5,0,15
2026-09-21 14:56:00,CRUDEOILM,PE,9700.0,CRUDEOILM15OCT269700PE,920.0,920.0,920.0,920.0,0,15
2026-09-21 14:56:00,CRUDEOILM,CE,9750.0,CRUDEOILM15OCT269750CE,274.8,274.8,271.85,272.0,170,15
2026-09-21 14:56:00,CRUDEOILM,PE,9750.0,CRUDEOILM15OCT269750PE,955.7,955.7,955.7,955.7,0,15
2026-09-21 14:57:00,CRUDEOIL,FUT,0.0,CRUDEOIL21SEP26FUT,9454.0,9454.0,9443.0,9443.0,3400,16
2026-09-21 14:57:00,CRUDEOIL,CE,9150.0,CRUDEOIL15OCT269150CE,458.9,458.9,458.9,458.9,0,16
2026-09-21 14:57:00,CRUDEOIL,PE,9150.0,CRUDEOIL15OCT269150PE,552.0,552.0,552.0,552.0,0,16
2026-09-21 14:57:00,CRUDEOIL,CE,9200.0,CRUDEOIL15OCT269200CE,436.4,436.4,433.8,433.8,1300,16
2026-09-21 14:57:00,CRUDEOIL,PE,9200.0,CRUDEOIL15OCT269200PE,583.1,589.0,583.1,589.0,1600,16
2026-09-21 14:57:00,CRUDEOIL,CE,9250.0,CRUDEOIL15OCT269250CE,417.0,417.0,415.3,415.3,100,16
2026-09-21 14:57:00,CRUDEOIL,PE,9250.0,CRUDEOIL15OCT269250PE,611.5,611.5,611.5,611.5,0,16
2026-09-21 14:57:00,CRUDEOIL,CE,9300.0,CRUDEOIL15OCT269300CE,399.9,399.9,396.0,398.4,1000,16
2026-09-21 14:57:00,CRUDEOIL,PE,9300.0,CRUDEOIL15OCT269300PE,646.5,647.6,646.5,647.6,100,16
2026-09-21 14:57:00,CRUDEOIL,CE,9350.0,CRUDEOIL15OCT269350CE,381.1,381.1,381.1,381.1,0,16
2026-09-21 14:57:00,CRUDEOIL,PE,9350.0,CRUDEOIL15OCT269350PE,668.6,668.6,668.6,668.6,0,16
2026-09-21 14:57:00,CRUDEOIL,CE,9400.0,CRUDEOIL15OCT269400CE,365.0,365.0,363.1,363.4,2200,16
2026-09-21 14:57:00,CRUDEOIL,PE,9400.0,CRUDEOIL15OCT269400PE,709.0,709.0,709.0,709.0,0,16
2026-09-21 14:57:00,CRUDEOIL,CE,9450.0,CRUDEOIL15OCT269450CE,349.0,349.0,343.5,343.5,500,16
2026-09-21 14:57:00,CRUDEOIL,PE,9450.0,CRUDEOIL15OCT269450PE,739.0,739.0,739.0,739.0,0,16
2026-09-21 14:57:00,CRUDEOIL,CE,9500.0,CRUDEOIL15OCT269500CE,333.4,333.4,329.5,329.5,4600,16
2026-09-21 14:57:00,CRUDEOIL,PE,9500.0,CRUDEOIL15OCT269500PE,774.0,783.3,774.0,783.3,300,16
2026-09-21 14:57:00,CRUDEOIL,CE,9550.0,CRUDEOIL15OCT269550CE,317.6,317.6,317.6,317.6,0,16
2026-09-21 14:57:00,CRUDEOIL,PE,9550.0,CRUDEOIL15OCT269550PE,850.0,850.0,850.0,850.0,0,16
2026-09-21 14:57:00,CRUDEOIL,CE,9600.0,CRUDEOIL15OCT269600CE,305.0,305.0,300.1,300.3,500,16
2026-09-21 14:57:00,CRUDEOIL,PE,9600.0,CRUDEOIL15OCT269600PE,845.5,845.5,845.5,845.5,0,16
2026-09-21 14:57:00,CRUDEOIL,CE,9650.0,CRUDEOIL15OCT269650CE,289.5,289.5,289.5,289.5,0,16
2026-09-21 14:57:00,CRUDEOIL,PE,9650.0,CRUDEOIL15OCT269650PE,925.0,925.0,925.0,925.0,0,16
2026-09-21 14:57:00,CRUDEOIL,CE,9700.0,CRUDEOIL15OCT269700CE,276.4,276.4,273.3,273.3,600,16
2026-09-21 14:57:00,CRUDEOIL,PE,9700.0,CRUDEOIL15OCT269700PE,903.1,903.1,903.1,903.1,0,16
2026-09-21 14:57:00,CRUDEOIL,CE,9750.0,CRUDEOIL15OCT269750CE,265.2,265.2,260.1,260.1,100,16
2026-09-21 14:57:00,CRUDEOIL,PE,9750.0,CRUDEOIL15OCT269750PE,987.2,987.2,987.2,987.2,0,16
2026-09-21 14:57:00,CRUDEOILM,FUT,0.0,CRUDEOILM21SEP26FUT,9454.0,9454.0,9445.0,9445.0,760,16
2026-09-21 14:57:00,CRUDEOILM,CE,9150.0,CRUDEOILM15OCT269150CE,468.0,468.0,462.35,462.35,630,16
2026-09-21 14:57:00,CRUDEOILM,PE,9150.0,CRUDEOILM15OCT269150PE,562.5,568.8,562.5,568.8,190,16
2026-09-21 14:57:00,CRUDEOILM,CE,9200.0,CRUDEOILM15OCT269200CE,446.9,446.9,440.25,440.25,110,16
2026-09-21 14:57:00,CRUDEOILM,PE,9200.0,CRUDEOILM15OCT269200PE,589.4,596.6,589.4,596.6,1130,16
2026-09-21 14:57:00,CRUDEOILM,CE,9250.0,CRUDEOILM15OCT269250CE,426.65,426.65,425.4,425.4,90,16
2026-09-21 14:57:00,CRUDEOILM,PE,9250.0,CRUDEOILM15OCT269250PE,621.5,629.75,621.5,629.75,30,16
2026-09-21 14:57:00,CRUDEOILM,CE,9300.0,CRUDEOILM15OCT269300CE,409.0,409.0,403.2,403.85,150,16
2026-09-21 14:57:00,CRUDEOILM,PE,9300.0,CRUDEOILM15OCT269300PE,653.0,658.05,653.0,658.05,200,16
2026-09-21 14:57:00,CRUDEOILM,CE,9350.0,CRUDEOILM15OCT269350CE,392.6,392.6,386.65,386.65,70,16
2026-09-21 14:57:00,CRUDEOILM,PE,9350.0,CRUDEOILM15OCT269350PE,688.45,688.45,688.45,688.45,0,16
2026-09-21 14:57:00,CRUDEOILM,CE,9400.0,CRUDEOILM15OCT269400CE,373.65,373.65,369.25,369.25,210,16
2026-09-21 14:57:00,CRUDEOILM,PE,9400.0,CRUDEOILM15OCT269400PE,719.9,725.0,719.9,725.0,50,16
2026-09-21 14:57:00,CRUDEOILM,CE,9450.0,CRUDEOILM15OCT269450CE,357.0,357.0,353.35,353.35,370,16
2026-09-21 14:57:00,CRUDEOILM,PE,9450.0,CRUDEOILM15OCT269450PE,749.85,755.0,749.85,755.0,10,16
2026-09-21 14:57:00,CRUDEOILM,CE,9500.0,CRUDEOILM15OCT269500CE,341.7,341.7,339.0,339.0,680,16
2026-09-21 14:57:00,CRUDEOILM,PE,9500.0,CRUDEOILM15OCT269500PE,780.55,780.55,780.55,780.55,0,16
2026-09-21 14:57:00,CRUDEOILM,CE,9550.0,CRUDEOILM15OCT269550CE,324.4,324.4,323.15,323.15,40,16
2026-09-21 14:57:00,CRUDEOILM,PE,9550.0,CRUDEOILM15OCT269550PE,808.55,820.0,808.55,820.0,10,16
2026-09-21 14:57:00,CRUDEOILM,CE,9600.0,CRUDEOILM15OCT269600CE,313.65,313.65,307.4,307.4,20,16
2026-09-21 14:57:00,CRUDEOILM,PE,9600.0,CRUDEOILM15OCT269600PE,851.55,854.0,851.55,854.0,10,16
2026-09-21 14:57:00,CRUDEOILM,CE,9650.0,CRUDEOILM15OCT269650CE,297.85,297.85,293.5,293.5,30,16
2026-09-21 14:57:00,CRUDEOILM,PE,9650.0,CRUDEOILM15OCT269650PE,886.85,886.85,886.85,886.85,0,16
2026-09-21 14:57:00,CRUDEOILM,CE,9700.0,CRUDEOILM15OCT269700CE,285.5,285.5,282.75,282.75,40,16
2026-09-21 14:57:00,CRUDEOILM,PE,9700.0,CRUDEOILM15OCT269700PE,920.0,920.0,920.0,920.0,0,16
2026-09-21 14:57:00,CRUDEOILM,CE,9750.0,CRUDEOILM15OCT269750CE,272.0,272.0,270.95,270.95,20,16
2026-09-21 14:57:00,CRUDEOILM,PE,9750.0,CRUDEOILM15OCT269750PE,955.7,955.7,955.7,955.7,0,16
2026-09-21 14:58:00,CRUDEOIL,FUT,0.0,CRUDEOIL21SEP26FUT,9443.0,9446.0,9439.0,9439.0,3000,16
2026-09-21 14:58:00,CRUDEOIL,CE,9150.0,CRUDEOIL15OCT269150CE,458.9,458.9,458.9,458.9,0,16
2026-09-21 14:58:00,CRUDEOIL,PE,9150.0,CRUDEOIL15OCT269150PE,552.0,558.0,552.0,558.0,100,16
2026-09-21 14:58:00,CRUDEOIL,CE,9200.0,CRUDEOIL15OCT269200CE,433.8,433.8,432.6,432.6,200,16
2026-09-21 14:58:00,CRUDEOIL,PE,9200.0,CRUDEOIL15OCT269200PE,589.0,589.0,587.0,587.0,400,16
2026-09-21 14:58:00,CRUDEOIL,CE,9250.0,CRUDEOIL15OCT269250CE,415.3,415.3,412.6,412.6,200,16
2026-09-21 14:58:00,CRUDEOIL,PE,9250.0,CRUDEOIL15OCT269250PE,611.5,611.5,611.5,611.5,0,16
2026-09-21 14:58:00,CRUDEOIL,CE,9300.0,CRUDEOIL15OCT269300CE,398.4,398.4,395.6,395.6,100,16
2026-09-21 14:58:00,CRUDEOIL,PE,9300.0,CRUDEOIL15OCT269300PE,647.6,651.0,647.6,651.0,100,16
2026-09-21 14:58:00,CRUDEOIL,CE,9350.0,CRUDEOIL15OCT269350CE,381.1,381.1,381.1,381.1,0,16
2026-09-21 14:58:00,CRUDEOIL,PE,9350.0,CRUDEOIL15OCT269350PE,668.6,668.6,668.6,668.6,0,16
2026-09-21 14:58:00,CRUDEOIL,CE,9400.0,CRUDEOIL15OCT269400CE,363.4,363.4,360.6,362.2,1000,16
2026-09-21 14:58:00,CRUDEOIL,PE,9400.0,CRUDEOIL15OCT269400PE,709.0,709.0,709.0,709.0,0,16
2026-09-21 14:58:00,CRUDEOIL,CE,9450.0,CRUDEOIL15OCT269450CE,343.5,343.5,343.5,343.5,100,16
2026-09-21 14:58:00,CRUDEOIL,PE,9450.0,CRUDEOIL15OCT269450PE,739.0,739.0,739.0,739.0,0,16
2026-09-21 14:58:00,CRUDEOIL,CE,9500.0,CRUDEOIL15OCT269500CE,329.5,331.4,329.5,329.9,2100,16
2026-09-21 14:58:00,CRUDEOIL,PE,9500.0,CRUDEOIL15OCT269500PE,783.3,783.3,782.0,782.0,100,16
2026-09-21 14:58:00,CRUDEOIL,CE,9550.0,CRUDEOIL15OCT269550CE,317.6,317.6,317.6,317.6,0,16
2026-09-21 14:58:00,CRUDEOIL,PE,9550.0,CRUDEOIL15OCT269550PE,850.0,850.0,850.0,850.0,0,16
2026-09-21 14:58:00,CRUDEOIL,CE,9600.0,CRUDEOIL15OCT269600CE,300.3,300.5,300.3,300.5,500,16
2026-09-21 14:58:00,CRUDEOIL,PE,9600.0,CRUDEOIL15OCT269600PE,845.5,845.5,845.5,845.5,0,16
2026-09-21 14:58:00,CRUDEOIL,CE,9650.0,CRUDEOIL15OCT269650CE,289.5,289.5,289.5,289.5,0,16
2026-09-21 14:58:00,CRUDEOIL,PE,9650.0,CRUDEOIL15OCT269650PE,925.0,925.0,925.0,925.0,0,16
2026-09-21 14:58:00,CRUDEOIL,CE,9700.0,CRUDEOIL15OCT269700CE,273.3,273.4,273.3,273.4,100,16
2026-09-21 14:58:00,CRUDEOIL,PE,9700.0,CRUDEOIL15OCT269700PE,903.1,903.1,903.1,903.1,0,16
2026-09-21 14:58:00,CRUDEOIL,CE,9750.0,CRUDEOIL15OCT269750CE,260.1,260.1,260.1,260.1,0,16
2026-09-21 14:58:00,CRUDEOIL,PE,9750.0,CRUDEOIL15OCT269750PE,987.2,987.2,987.2,987.2,0,16
2026-09-21 14:58:00,CRUDEOILM,FUT,0.0,CRUDEOILM21SEP26FUT,9445.0,9445.0,9439.0,9439.0,240,16
2026-09-21 14:58:00,CRUDEOILM,CE,9150.0,CRUDEOILM15OCT269150CE,462.35,464.0,462.15,462.15,200,16
2026-09-21 14:58:00,CRUDEOILM,PE,9150.0,CRUDEOILM15OCT269150PE,568.6,568.6,568.6,568.6,0,16
2026-09-21 14:58:00,CRUDEOILM,CE,9200.0,CRUDEOILM15OCT269200CE,440.25,440.5,440.25,440.5,140,16
2026-09-21 14:58:00,CRUDEOILM,PE,9200.0,CRUDEOILM15OCT269200PE,598.0,598.0,597.05,597.05,120,16
2026-09-21 14:58:00,CRUDEOILM,CE,9250.0,CRUDEOILM15OCT269250CE,425.4,425.4,421.8,421.8,40,16
2026-09-21 14:58:00,CRUDEOILM,PE,9250.0,CRUDEOILM15OCT269250PE,629.75,629.75,629.2,629.2,60,16
2026-09-21 14:58:00,CRUDEOILM,CE,9300.0,CRUDEOILM15OCT269300CE,403.85,404.45,403.85,404.45,20,16
2026-09-21 14:58:00,CRUDEOILM,PE,9300.0,CRUDEOILM15OCT269300PE,658.05,658.05,656.9,656.9,10,16
2026-09-21 14:58:00,CRUDEOILM,CE,9350.0,CRUDEOILM15OCT269350CE,386.65,386.65,386.65,386.65,150,16
2026-09-21 14:58:00,CRUDEOILM,PE,9350.0,CRUDEOILM15OCT269350PE,688.45,688.45,688.45,688.45,0,16
2026-09-21 14:58:00,CRUDEOILM,CE,9400.0,CRUDEOILM15OCT269400CE,369.25,370.45,369.1,369.15,350,16
2026-09-21 14:58:00,CRUDEOILM,PE,9400.0,CRUDEOILM15OCT269400PE,725.0,725.0,725.0,725.0,0,16
2026-09-21 14:58:00,CRUDEOILM,CE,9450.0,CRUDEOILM15OCT269450CE,353.35,353.35,352.25,352.25,20,16
2026-09-21 14:58:00,CRUDEOILM,PE,9450.0,CRUDEOILM15OCT269450PE,755.0,756.45,755.0,756.45,20,16
2026-09-21 14:58:00,CRUDEOILM,CE,9500.0,CRUDEOILM15OCT269500CE,339.0,339.0,337.15,338.0,280,16
2026-09-21 14:58:00,CRUDEOILM,PE,9500.0,CRUDEOILM15OCT269500PE,780.55,780.55,780.55,780.55,0,16
2026-09-21 14:58:00,CRUDEOILM,CE,9550.0,CRUDEOILM15OCT269550CE,323.15,323.15,321.15,321.55,50,16
2026-09-21 14:58:00,CRUDEOILM,PE,9550.0,CRUDEOILM15OCT269550PE,820.0,820.0,820.0,820.0,0,16
2026-09-21 14:58:00,CRUDEOILM,CE,9600.0,CRUDEOILM15OCT269600CE,307.4,308.0,307.4,308.0,80,16
2026-09-21 14:58:00,CRUDEOILM,PE,9600.0,CRUDEOILM15OCT269600PE,854.0,854.0,854.0,854.0,0,16
2026-09-21 14:58:00,CRUDEOILM,CE,9650.0,CRUDEOILM15OCT269650CE,293.5,293.5,293.5,293.5,0,16
2026-09-21 14:58:00,CRUDEOILM,PE,9650.0,CRUDEOILM15OCT269650PE,886.85,886.85,886.85,886.85,0,16
2026-09-21 14:58:00,CRUDEOILM,CE,9700.0,CRUDEOILM15OCT269700CE,282.75,282.75,282.75,282.75,0,16
2026-09-21 14:58:00,CRUDEOILM,PE,9700.0,CRUDEOILM15OCT269700PE,920.0,920.0,920.0,920.0,0,16
2026-09-21 14:58:00,CRUDEOILM,CE,9750.0,CRUDEOILM15OCT269750CE,270.95,270.95,270.95,270.95,0,16
2026-09-21 14:58:00,CRUDEOILM,PE,9750.0,CRUDEOILM15OCT269750PE,955.7,955.7,955.7,955.7,0,16
2026-09-21 14:59:00,CRUDEOIL,FUT,0.0,CRUDEOIL21SEP26FUT,9439.0,9441.0,9437.0,9441.0,900,15
2026-09-21 14:59:00,CRUDEOIL,CE,9150.0,CRUDEOIL15OCT269150CE,458.9,458.9,450.9,454.3,400,15
2026-09-21 14:59:00,CRUDEOIL,PE,9150.0,CRUDEOIL15OCT269150PE,558.0,559.4,558.0,559.4,100,15
2026-09-21 14:59:00,CRUDEOIL,CE,9200.0,CRUDEOIL15OCT269200CE,432.6,436.3,432.6,436.3,400,15
2026-09-21 14:59:00,CRUDEOIL,PE,9200.0,CRUDEOIL15OCT269200PE,587.0,587.0,586.2,586.2,300,15
2026-09-21 14:59:00,CRUDEOIL,CE,9250.0,CRUDEOIL15OCT269250CE,412.6,412.6,412.6,412.6,0,15
2026-09-21 14:59:00,CRUDEOIL,PE,9250.0,CRUDEOIL15OCT269250PE,611.5,611.5,611.5,611.5,0,15
2026-09-21 14:59:00,CRUDEOIL,CE,9300.0,CRUDEOIL15OCT269300CE,395.6,398.3,395.6,398.3,800,15
2026-09-21 14:59:00,CRUDEOIL,PE,9300.0,CRUDEOIL15OCT269300PE,651.0,651.0,651.0,651.0,0,15
2026-09-21 14:59:00,CRUDEOIL,CE,9350.0,CRUDEOIL15OCT269350CE,381.1,381.1,381.1,381.1,0,15
2026-09-21 14:59:00,CRUDEOIL,PE,9350.0,CRUDEOIL15OCT269350PE,668.6,668.6,668.6,668.6,0,15
2026-09-21 14:59:00,CRUDEOIL,CE,9400.0,CRUDEOIL15OCT269400CE,362.2,364.2,362.2,364.2,400,15
2026-09-21 14:59:00,CRUDEOIL,PE,9400.0,CRUDEOIL15OCT269400PE,709.0,716.5,709.0,714.8,200,15
2026-09-21 14:59:00,CRUDEOIL,CE,9450.0,CRUDEOIL15OCT269450CE,343.5,345.2,343.5,345.2,100,15
2026-09-21 14:59:00,CRUDEOIL,PE,9450.0,CRUDEOIL15OCT269450PE,739.0,747.8,739.0,747.8,100,15
2026-09-21 14:59:00,CRUDEOIL,CE,9500.0,CRUDEOIL15OCT269500CE,329.9,333.9,329.9,333.9,2800,15
2026-09-21 14:59:00,CRUDEOIL,PE,9500.0,CRUDEOIL15OCT269500PE,782.0,782.0,778.1,778.1,400,15
2026-09-21 14:59:00,CRUDEOIL,CE,9550.0,CRUDEOIL15OCT269550CE,317.6,317.6,317.6,317.6,0,15
2026-09-21 14:59:00,CRUDEOIL,PE,9550.0,CRUDEOIL15OCT269550PE,850.0,850.0,850.0,850.0,0,15
2026-09-21 14:59:00,CRUDEOIL,CE,9600.0,CRUDEOIL15OCT269600CE,300.5,303.1,300.5,303.1,500,15
2026-09-21 14:59:00,CRUDEOIL,PE,9600.0,CRUDEOIL15OCT269600PE,845.5,845.5,845.5,845.5,0,15
2026-09-21 14:59:00,CRUDEOIL,CE,9650.0,CRUDEOIL15OCT269650CE,289.5,289.5,289.5,289.5,0,15
2026-09-21 14:59:00,CRUDEOIL,PE,9650.0,CRUDEOIL15OCT269650PE,925.0,925.0,925.0,925.0,0,15
2026-09-21 14:59:00,CRUDEOIL,CE,9700.0,CRUDEOIL15OCT269700CE,273.4,276.2,273.0,276.2,900,15
2026-09-21 14:59:00,CRUDEOIL,PE,9700.0,CRUDEOIL15OCT269700PE,903.1,903.1,903.1,903.1,0,15
2026-09-21 14:59:00,CRUDEOIL,CE,9750.0,CRUDEOIL15OCT269750CE,260.1,260.1,260.1,260.1,0,15
2026-09-21 14:59:00,CRUDEOIL,PE,9750.0,CRUDEOIL15OCT269750PE,987.2,987.2,987.2,987.2,0,15
2026-09-21 14:59:00,CRUDEOILM,FUT,0.0,CRUDEOILM21SEP26FUT,9439.0,9447.0,9437.0,9447.0,250,15
2026-09-21 14:59:00,CRUDEOILM,CE,9150.0,CRUDEOILM15OCT269150CE,462.15,466.65,462.15,466.65,20,15
2026-09-21 14:59:00,CRUDEOILM,PE,9150.0,CRUDEOILM15OCT269150PE,568.6,568.6,562.35,562.35,150,15
2026-09-21 14:59:00,CRUDEOILM,CE,9200.0,CRUDEOILM15OCT269200CE,440.5,442.95,440.5,442.95,100,15
2026-09-21 14:59:00,CRUDEOILM,PE,9200.0,CRUDEOILM15OCT269200PE,597.05,597.05,592.05,592.05,90,15
2026-09-21 14:59:00,CRUDEOILM,CE,9250.0,CRUDEOILM15OCT269250CE,421.8,421.8,421.8,421.8,0,15
2026-09-21 14:59:00,CRUDEOILM,PE,9250.0,CRUDEOILM15OCT269250PE,629.2,629.2,629.2,629.2,0,15
2026-09-21 14:59:00,CRUDEOILM,CE,9300.0,CRUDEOILM15OCT269300CE,402.65,407.1,402.65,407.1,100,15
2026-09-21 14:59:00,CRUDEOILM,PE,9300.0,CRUDEOILM15OCT269300PE,656.9,656.9,650.9,650.9,240,15
2026-09-21 14:59:00,CRUDEOILM,CE,9350.0,CRUDEOILM15OCT269350CE,386.65,389.35,386.65,389.35,40,15
2026-09-21 14:59:00,CRUDEOILM,PE,9350.0,CRUDEOILM15OCT269350PE,688.45,688.45,688.45,688.45,0,15
2026-09-21 14:59:00,CRUDEOILM,CE,9400.0,CRUDEOILM15OCT269400CE,369.15,372.5,369.15,372.5,150,15
2026-09-21 14:59:00,CRUDEOILM,PE,9400.0,CRUDEOILM15OCT269400PE,725.0,725.0,717.95,717.95,100,15
2026-09-21 14:59:00,CRUDEOILM,CE,9450.0,CRUDEOILM15OCT269450CE,352.25,355.7,352.25,355.7,260,15
2026-09-21 14:59:00,CRUDEOILM,PE,9450.0,CRUDEOILM15OCT269450PE,756.45,757.1,754.4,754.4,40,15
2026-09-21 14:59:00,CRUDEOILM,CE,9500.0,CRUDEOILM15OCT269500CE,338.0,341.75,337.75,341.75,320,15
2026-09-21 14:59:00,CRUDEOILM,PE,9500.0,CRUDEOILM15OCT269500PE,780.55,788.45,780.55,788.45,100,15
2026-09-21 14:59:00,CRUDEOILM,CE,9550.0,CRUDEOILM15OCT269550CE,321.55,325.2,320.3,325.2,40,15
2026-09-21 14:59:00,CRUDEOILM,PE,9550.0,CRUDEOILM15OCT269550PE,820.0,824.45,820.0,824.45,290,15
2026-09-21 14:59:00,CRUDEOILM,CE,9600.0,CRUDEOILM15OCT269600CE,308.0,308.0,308.0,308.0,0,15
2026-09-21 14:59:00,CRUDEOILM,PE,9600.0,CRUDEOILM15OCT269600PE,854.0,854.0,854.0,854.0,0,15
2026-09-21 14:59:00,CRUDEOILM,CE,9650.0,CRUDEOILM15OCT269650CE,293.5,294.0,293.5,294.0,10,15
2026-09-21 14:59:00,CRUDEOILM,PE,9650.0,CRUDEOILM15OCT269650PE,886.85,886.85,886.85,886.85,0,15
2026-09-21 14:59:00,CRUDEOILM,CE,9700.0,CRUDEOILM15OCT269700CE,282.75,284.05,282.75,284.05,60,15
2026-09-21 14:59:00,CRUDEOILM,PE,9700.0,CRUDEOILM15OCT269700PE,920.0,920.0,920.0,920.0,0,15
2026-09-21 14:59:00,CRUDEOILM,CE,9750.0,CRUDEOILM15OCT269750CE,270.95,271.05,270.95,271.05,230,15
2026-09-21 14:59:00,CRUDEOILM,PE,9750.0,CRUDEOILM15OCT269750PE,955.7,955.7,955.7,955.7,0,15
2026-09-21 15:00:00,CRUDEOIL,FUT,0.0,CRUDEOIL21SEP26FUT,9441.0,9445.0,9441.0,9444.0,800,16
2026-09-21 15:00:00,CRUDEOIL,CE,9150.0,CRUDEOIL15OCT269150CE,454.3,454.3,454.3,454.3,0,16
2026-09-21 15:00:00,CRUDEOIL,PE,9150.0,CRUDEOIL15OCT269150PE,559.4,559.4,559.4,559.4,0,16
2026-09-21 15:00:00,CRUDEOIL,CE,9200.0,CRUDEOIL15OCT269200CE,436.3,436.3,436.3,436.3,0,16
2026-09-21 15:00:00,CRUDEOIL,PE,9200.0,CRUDEOIL15OCT269200PE,582.0,582.0,582.0,582.0,0,16
2026-09-21 15:00:00,CRUDEOIL,CE,9250.0,CRUDEOIL15OCT269250CE,412.6,412.6,412.6,412.6,0,16
2026-09-21 15:00:00,CRUDEOIL,PE,9250.0,CRUDEOIL15OCT269250PE,611.5,611.5,611.5,611.5,0,16
2026-09-21 15:00:00,CRUDEOIL,CE,9300.0,CRUDEOIL15OCT269300CE,398.3,398.3,396.1,396.1,200,16
2026-09-21 15:00:00,CRUDEOIL,PE,9300.0,CRUDEOIL15OCT269300PE,651.0,651.0,651.0,651.0,0,16
2026-09-21 15:00:00,CRUDEOIL,CE,9350.0,CRUDEOIL15OCT269350CE,381.1,381.1,381.1,381.1,0,16
2026-09-21 15:00:00,CRUDEOIL,PE,9350.0,CRUDEOIL15OCT269350PE,668.6,668.6,668.6,668.6,0,16
2026-09-21 15:00:00,CRUDEOIL,CE,9400.0,CRUDEOIL15OCT269400CE,364.2,364.2,362.7,362.7,200,16
2026-09-21 15:00:00,CRUDEOIL,PE,9400.0,CRUDEOIL15OCT269400PE,714.8,714.8,714.8,714.8,0,16
2026-09-21 15:00:00,CRUDEOIL,CE,9450.0,CRUDEOIL15OCT269450CE,345.2,345.2,345.2,345.2,0,16
2026-09-21 15:00:00,CRUDEOIL,PE,9450.0,CRUDEOIL15OCT269450PE,747.8,747.8,747.8,747.8,0,16
2026-09-21 15:00:00,CRUDEOIL,CE,9500.0,CRUDEOIL15OCT269500CE,333.9,333.9,330.4,330.4,1400,16
2026-09-21 15:00:00,CRUDEOIL,PE,9500.0,CRUDEOIL15OCT269500PE,778.1,778.1,778.1,778.1,0,16
2026-09-21 15:00:00,CRUDEOIL,CE,9550.0,CRUDEOIL15OCT269550CE,317.6,317.6,317.6,317.6,0,16
2026-09-21 15:00:00,CRUDEOIL,PE,9550.0,CRUDEOIL15OCT269550PE,850.0,850.0,850.0,850.0,0,16
2026-09-21 15:00:00,CRUDEOIL,CE,9600.0,CRUDEOIL15OCT269600CE,303.1,303.1,301.7,301.7,100,16
2026-09-21 15:00:00,CRUDEOIL,PE,9600.0,CRUDEOIL15OCT269600PE,845.5,845.5,845.5,845.5,0,16
2026-09-21 15:00:00,CRUDEOIL,CE,9650.0,CRUDEOIL15OCT269650CE,289.5,289.5,289.5,289.5,0,16
2026-09-21 15:00:00,CRUDEOIL,PE,9650.0,CRUDEOIL15OCT269650PE,925.0,925.0,925.0,925.0,0,16
2026-09-21 15:00:00,CRUDEOIL,CE,9700.0,CRUDEOIL15OCT269700CE,276.2,276.2,274.5,274.5,400,16
2026-09-21 15:00:00,CRUDEOIL,PE,9700.0,CRUDEOIL15OCT269700PE,903.1,903.1,903.1,903.1,0,16
2026-09-21 15:00:00,CRUDEOIL,CE,9750.0,CRUDEOIL15OCT269750CE,260.1,260.1,260.1,260.1,0,16
2026-09-21 15:00:00,CRUDEOIL,PE,9750.0,CRUDEOIL15OCT269750PE,987.2,987.2,987.2,987.2,0,16
2026-09-21 15:00:00,CRUDEOILM,FUT,0.0,CRUDEOILM21SEP26FUT,9447.0,9448.0,9445.0,9448.0,390,16
2026-09-21 15:00:00,CRUDEOILM,CE,9150.0,CRUDEOILM15OCT269150CE,466.65,466.65,464.85,464.85,20,16
2026-09-21 15:00:00,CRUDEOILM,PE,9150.0,CRUDEOILM15OCT269150PE,562.35,563.25,562.25,563.25,40,16
2026-09-21 15:00:00,CRUDEOILM,CE,9200.0,CRUDEOILM15OCT269200CE,442.95,442.95,442.95,442.95,0,16
2026-09-21 15:00:00,CRUDEOILM,PE,9200.0,CRUDEOILM15OCT269200PE,592.05,595.05,591.25,595.05,80,16
2026-09-21 15:00:00,CRUDEOILM,CE,9250.0,CRUDEOILM15OCT269250CE,421.8,421.8,421.8,421.8,0,16
2026-09-21 15:00:00,CRUDEOILM,PE,9250.0,CRUDEOILM15OCT269250PE,629.2,629.2,629.2,629.2,0,16
2026-09-21 15:00:00,CRUDEOILM,CE,9300.0,CRUDEOILM15OCT269300CE,407.1,407.5,405.55,407.5,120,16
2026-09-21 15:00:00,CRUDEOILM,PE,9300.0,CRUDEOILM15OCT269300PE,650.9,655.9,650.9,655.9,80,16
2026-09-21 15:00:00,CRUDEOILM,CE,9350.0,CRUDEOILM15OCT269350CE,389.35,389.35,389.0,389.0,10,16
2026-09-21 15:00:00,CRUDEOILM,PE,9350.0,CRUDEOILM15OCT269350PE,688.45,688.45,683.9,683.9,10,16
2026-09-21 15:00:00,CRUDEOILM,CE,9400.0,CRUDEOILM15OCT269400CE,372.5,372.5,371.35,371.35,30,16
2026-09-21 15:00:00,CRUDEOILM,PE,9400.0,CRUDEOILM15OCT269400PE,717.95,719.6,717.95,719.6,20,16
2026-09-21 15:00:00,CRUDEOILM,CE,9450.0,CRUDEOILM15OCT269450CE,355.7,355.7,354.6,354.6,30,16
2026-09-21 15:00:00,CRUDEOILM,PE,9450.0,CRUDEOILM15OCT269450PE,754.4,754.4,754.4,754.4,0,16
2026-09-21 15:00:00,CRUDEOILM,CE,9500.0,CRUDEOILM15OCT269500CE,341.75,341.75,340.0,340.0,200,16
2026-09-21 15:00:00,CRUDEOILM,PE,9500.0,CRUDEOILM15OCT269500PE,788.45,788.45,784.8,784.8,10,16
2026-09-21 15:00:00,CRUDEOILM,CE,9550.0,CRUDEOILM15OCT269550CE,325.2,325.2,325.2,325.2,0,16
2026-09-21 15:00:00,CRUDEOILM,PE,9550.0,CRUDEOILM15OCT269550PE,824.45,824.45,824.45,824.45,0,16
2026-09-21 15:00:00,CRUDEOILM,CE,9600.0,CRUDEOILM15OCT269600CE,308.0,308.0,307.5,307.5,50,16
2026-09-21 15:00:00,CRUDEOILM,PE,9600.0,CRUDEOILM15OCT269600PE,854.0,854.0,854.0,854.0,0,16
2026-09-21 15:00:00,CRUDEOILM,CE,9650.0,CRUDEOILM15OCT269650CE,294.0,295.4,294.0,295.4,20,16
2026-09-21 15:00:00,CRUDEOILM,PE,9650.0,CRUDEOILM15OCT269650PE,886.85,886.85,886.85,886.85,0,16
2026-09-21 15:00:00,CRUDEOILM,CE,9700.0,CRUDEOILM15OCT269700CE,284.05,284.05,282.65,282.65,20,16
2026-09-21 15:00:00,CRUDEOILM,PE,9700.0,CRUDEOILM15OCT269700PE,920.0,920.0,920.0,920.0,0,16
2026-09-21 15:00:00,CRUDEOILM,CE,9750.0,CRUDEOILM15OCT269750CE,271.05,271.05,271.05,271.05,0,16
2026-09-21 15:00:00,CRUDEOILM,PE,9750.0,CRUDEOILM15OCT269750PE,955.7,955.7,955.7,955.7,0,16
2026-09-21 15:01:00,CRUDEOIL,FUT,0.0,CRUDEOIL21SEP26FUT,9447.0,9456.0,9447.0,9456.0,500,15
2026-09-21 15:01:00,CRUDEOIL,CE,9150.0,CRUDEOIL15OCT269150CE,454.3,454.3,454.3,454.3,0,15
2026-09-21 15:01:00,CRUDEOIL,PE,9150.0,CRUDEOIL15OCT269150PE,559.4,559.4,550.5,550.5,200,15
2026-09-21 15:01:00,CRUDEOIL,CE,9200.0,CRUDEOIL15OCT269200CE,436.3,440.7,435.8,440.7,3100,15
2026-09-21 15:01:00,CRUDEOIL,PE,9200.0,CRUDEOIL15OCT269200PE,582.0,582.0,580.0,580.0,300,15
2026-09-21 15:01:00,CRUDEOIL,CE,9250.0,CRUDEOIL15OCT269250CE,412.6,412.6,412.6,412.6,0,15
2026-09-21 15:01:00,CRUDEOIL,PE,9250.0,CRUDEOIL15OCT269250PE,611.5,611.5,611.5,611.5,0,15
2026-09-21 15:01:00,CRUDEOIL,CE,9300.0,CRUDEOIL15OCT269300CE,396.1,396.1,396.1,396.1,0,15
2026-09-21 15:01:00,CRUDEOIL,PE,9300.0,CRUDEOIL15OCT269300PE,651.0,651.0,651.0,651.0,0,15
2026-09-21 15:01:00,CRUDEOIL,CE,9350.0,CRUDEOIL15OCT269350CE,381.1,381.1,381.1,381.1,0,15
2026-09-21 15:01:00,CRUDEOIL,PE,9350.0,CRUDEOIL15OCT269350PE,668.6,668.6,668.6,668.6,0,15
2026-09-21 15:01:00,CRUDEOIL,CE,9400.0,CRUDEOIL15OCT269400CE,362.7,367.0,362.7,365.4,900,15
2026-09-21 15:01:00,CRUDEOIL,PE,9400.0,CRUDEOIL15OCT269400PE,714.8,714.8,708.8,708.8,600,15
2026-09-21 15:01:00,CRUDEOIL,CE,9450.0,CRUDEOIL15OCT269450CE,345.2,350.8,345.2,350.8,800,15
2026-09-21 15:01:00,CRUDEOIL,PE,9450.0,CRUDEOIL15OCT269450PE,747.8,747.8,739.0,739.0,100,15
2026-09-21 15:01:00,CRUDEOIL,CE,9500.0,CRUDEOIL15OCT269500CE,330.4,335.0,330.4,334.4,2200,15
2026-09-21 15:01:00,CRUDEOIL,PE,9500.0,CRUDEOIL15OCT269500PE,778.1,778.1,778.1,778.1,0,15
2026-09-21 15:01:00,CRUDEOIL,CE,9550.0,CRUDEOIL15OCT269550CE,317.6,317.6,317.0,317.0,100,15
2026-09-21 15:01:00,CRUDEOIL,PE,9550.0,CRUDEOIL15OCT269550PE,850.0,850.0,850.0,850.0,0,15
2026-09-21 15:01:00,CRUDEOIL,CE,9600.0,CRUDEOIL15OCT269600CE,301.7,304.2,301.7,304.2,500,15
2026-09-21 15:01:00,CRUDEOIL,PE,9600.0,CRUDEOIL15OCT269600PE,845.5,845.5,845.5,845.5,0,15
2026-09-21 15:01:00,CRUDEOIL,CE,9650.0,CRUDEOIL15OCT269650CE,289.5,289.5,289.5,289.5,0,15
2026-09-21 15:01:00,CRUDEOIL,PE,9650.0,CRUDEOIL15OCT269650PE,925.0,925.0,925.0,925.0,0,15
2026-09-21 15:01:00,CRUDEOIL,CE,9700.0,CRUDEOIL15OCT269700CE,274.5,279.3,274.5,277.5,500,15
2026-09-21 15:01:00,CRUDEOIL,PE,9700.0,CRUDEOIL15OCT269700PE,903.1,903.1,903.1,903.1,0,15
2026-09-21 15:01:00,CRUDEOIL,CE,9750.0,CRUDEOIL15OCT269750CE,260.1,263.7,260.1,263.7,100,15
2026-09-21 15:01:00,CRUDEOIL,PE,9750.0,CRUDEOIL15OCT269750PE,987.2,987.2,987.2,987.2,0,15
2026-09-21 15:01:00,CRUDEOILM,FUT,0.0,CRUDEOILM21SEP26FUT,9448.0,9457.0,9443.0,9456.0,470,15
2026-09-21 15:01:00,CRUDEOILM,CE,9150.0,CRUDEOILM15OCT269150CE,465.6,470.9,465.6,468.85,280,15
2026-09-21 15:01:00,CRUDEOILM,PE,9150.0,CRUDEOILM15OCT269150PE,563.25,564.35,558.45,559.9,180,15
2026-09-21 15:01:00,CRUDEOILM,CE,9200.0,CRUDEOILM15OCT269200CE,442.95,447.5,442.95,447.5,310,15
2026-09-21 15:01:00,CRUDEOILM,PE,9200.0,CRUDEOILM15OCT269200PE,595.05,595.05,587.7,588.75,280,15
2026-09-21 15:01:00,CRUDEOILM,CE,9250.0,CRUDEOILM15OCT269250CE,421.8,426.9,421.8,426.9,80,15
2026-09-21 15:01:00,CRUDEOILM,PE,9250.0,CRUDEOILM15OCT269250PE,629.2,629.2,618.55,618.55,10,15
2026-09-21 15:01:00,CRUDEOILM,CE,9300.0,CRUDEOILM15OCT269300CE,407.5,410.8,407.5,410.8,30,15
2026-09-21 15:01:00,CRUDEOILM,PE,9300.0,CRUDEOILM15OCT269300PE,655.9,655.9,648.15,648.15,190,15
2026-09-21 15:01:00,CRUDEOILM,CE,9350.0,CRUDEOILM15OCT269350CE,389.0,391.55,389.0,391.55,40,15
2026-09-21 15:01:00,CRUDEOILM,PE,9350.0,CRUDEOILM15OCT269350PE,683.9,683.9,683.1,683.1,180,15
2026-09-21 15:01:00,CRUDEOILM,CE,9400.0,CRUDEOILM15OCT269400CE,371.8,376.0,371.3,375.65,240,15
2026-09-21 15:01:00,CRUDEOILM,PE,9400.0,CRUDEOILM15OCT269400PE,719.6,719.6,715.15,715.15,290,15
2026-09-21 15:01:00,CRUDEOILM,CE,9450.0,CRUDEOILM15OCT269450CE,354.6,358.05,354.6,358.05,170,15
2026-09-21 15:01:00,CRUDEOILM,PE,9450.0,CRUDEOILM15OCT269450PE,754.4,754.4,750.85,750.85,10,15
2026-09-21 15:01:00,CRUDEOILM,CE,9500.0,CRUDEOILM15OCT269500CE,340.0,343.5,340.0,343.45,390,15
2026-09-21 15:01:00,CRUDEOILM,PE,9500.0,CRUDEOILM15OCT269500PE,784.8,784.8,778.0,778.0,250,15
2026-09-21 15:01:00,CRUDEOILM,CE,9550.0,CRUDEOILM15OCT269550CE,325.2,325.95,325.2,325.95,30,15
2026-09-21 15:01:00,CRUDEOILM,PE,9550.0,CRUDEOILM15OCT269550PE,824.45,824.45,818.7,818.7,10,15
2026-09-21 15:01:00,CRUDEOILM,CE,9600.0,CRUDEOILM15OCT269600CE,309.55,312.65,309.55,312.45,290,15
2026-09-21 15:01:00,CRUDEOILM,PE,9600.0,CRUDEOILM15OCT269600PE,854.0,854.0,850.9,850.9,40,15
2026-09-21 15:01:00,CRUDEOILM,CE,9650.0,CRUDEOILM15OCT269650CE,295.4,298.65,295.4,298.65,50,15
2026-09-21 15:01:00,CRUDEOILM,PE,9650.0,CRUDEOILM15OCT269650PE,886.85,886.85,886.85,886.85,0,15
2026-09-21 15:01:00,CRUDEOILM,CE,9700.0,CRUDEOILM15OCT269700CE,282.65,283.45,282.65,283.45,190,15
2026-09-21 15:01:00,CRUDEOILM,PE,9700.0,CRUDEOILM15OCT269700PE,920.0,920.0,920.0,920.0,0,15
2026-09-21 15:01:00,CRUDEOILM,CE,9750.0,CRUDEOILM15OCT269750CE,271.05,271.45,271.05,271.45,250,15
2026-09-21 15:01:00,CRUDEOILM,PE,9750.0,CRUDEOILM15OCT269750PE,955.7,955.7,955.7,955.7,0,15
2026-09-21 15:02:00,CRUDEOIL,FUT,0.0,CRUDEOIL21SEP26FUT,9453.0,9453.0,9435.0,9435.0,1300,16
2026-09-21 15:02:00,CRUDEOIL,CE,9150.0,CRUDEOIL15OCT269150CE,454.3,454.3,454.3,454.3,0,16
2026-09-21 15:02:00,CRUDEOIL,PE,9150.0,CRUDEOIL15OCT269150PE,554.1,558.8,554.1,558.8,400,16
2026-09-21 15:02:00,CRUDEOIL,CE,9200.0,CRUDEOIL15OCT269200CE,440.7,440.7,432.0,432.0,500,16
2026-09-21 15:02:00,CRUDEOIL,PE,9200.0,CRUDEOIL15OCT269200PE,580.0,587.5,580.0,587.5,200,16
2026-09-21 15:02:00,CRUDEOIL,CE,9250.0,CRUDEOIL15OCT269250CE,412.6,412.6,412.6,412.6,0,16
2026-09-21 15:02:00,CRUDEOIL,PE,9250.0,CRUDEOIL15OCT269250PE,611.5,611.5,611.5,611.5,0,16
2026-09-21 15:02:00,CRUDEOIL,CE,9300.0,CRUDEOIL15OCT269300CE,396.1,398.7,394.8,395.0,700,16
2026-09-21 15:02:00,CRUDEOIL,PE,9300.0,CRUDEOIL15OCT269300PE,651.0,651.0,650.0,650.0,100,16
2026-09-21 15:02:00,CRUDEOIL,CE,9350.0,CRUDEOIL15OCT269350CE,381.1,381.1,381.1,381.1,0,16
2026-09-21 15:02:00,CRUDEOIL,PE,9350.0,CRUDEOIL15OCT269350PE,668.6,668.6,668.6,668.6,0,16
2026-09-21 15:02:00,CRUDEOIL,CE,9400.0,CRUDEOIL15OCT269400CE,365.4,365.4,362.0,362.0,700,16
2026-09-21 15:02:00,CRUDEOIL,PE,9400.0,CRUDEOIL15OCT269400PE,708.8,715.6,708.8,715.6,600,16
2026-09-21 15:02:00,CRUDEOIL,CE,9450.0,CRUDEOIL15OCT269450CE,350.8,350.8,343.8,346.0,2100,16
2026-09-21 15:02:00,CRUDEOIL,PE,9450.0,CRUDEOIL15OCT269450PE,739.0,739.0,739.0,739.0,0,16
2026-09-21 15:02:00,CRUDEOIL,CE,9500.0,CRUDEOIL15OCT269500CE,334.0,334.0,329.5,329.5,1200,16
2026-09-21 15:02:00,CRUDEOIL,PE,9500.0,CRUDEOIL15OCT269500PE,778.1,778.1,778.1,778.1,0,16
2026-09-21 15:02:00,CRUDEOIL,CE,9550.0,CRUDEOIL15OCT269550CE,317.0,317.0,314.8,314.8,2000,16
2026-09-21 15:02:00,CRUDEOIL,PE,9550.0,CRUDEOIL15OCT269550PE,850.0,850.0,850.0,850.0,0,16
2026-09-21 15:02:00,CRUDEOIL,CE,9600.0,CRUDEOIL15OCT269600CE,304.2,304.4,300.3,300.3,600,16
2026-09-21 15:02:00,CRUDEOIL,PE,9600.0,CRUDEOIL15OCT269600PE,845.5,845.5,845.5,845.5,0,16
2026-09-21 15:02:00,CRUDEOIL,CE,9650.0,CRUDEOIL15OCT269650CE,289.5,289.5,289.5,289.5,0,16
2026-09-21 15:02:00,CRUDEOIL,PE,9650.0,CRUDEOIL15OCT269650PE,925.0,925.0,925.0,925.0,0,16
2026-09-21 15:02:00,CRUDEOIL,CE,9700.0,CRUDEOIL15OCT269700CE,277.5,277.5,274.5,274.5,200,16
2026-09-21 15:02:00,CRUDEOIL,PE,9700.0,CRUDEOIL15OCT269700PE,903.1,903.1,903.1,903.1,0,16
2026-09-21 15:02:00,CRUDEOIL,CE,9750.0,CRUDEOIL15OCT269750CE,263.7,263.7,263.1,263.1,100,16
2026-09-21 15:02:00,CRUDEOIL,PE,9750.0,CRUDEOIL15OCT269750PE,987.2,987.2,987.2,987.2,0,16
2026-09-21 15:02:00,CRUDEOILM,FUT,0.0,CRUDEOILM21SEP26FUT,9456.0,9456.0,9439.0,9439.0,150,16
2026-09-21 15:02:00,CRUDEOILM,CE,9150.0,CRUDEOILM15OCT269150CE,468.85,468.85,463.0,463.0,300,16
2026-09-21 15:02:00,CRUDEOILM,PE,9150.0,CRUDEOILM15OCT269150PE,559.9,563.6,559.9,563.6,40,16
2026-09-21 15:02:00,CRUDEOILM,CE,9200.0,CRUDEOILM15OCT269200CE,447.5,447.5,441.5,441.5,50,16
2026-09-21 15:02:00,CRUDEOILM,PE,9200.0,CRUDEOILM15OCT269200PE,588.75,596.0,588.75,596.0,140,16
2026-09-21 15:02:00,CRUDEOILM,CE,9250.0,CRUDEOILM15OCT269250CE,426.9,426.9,423.9,423.9,10,16
2026-09-21 15:02:00,CRUDEOILM,PE,9250.0,CRUDEOILM15OCT269250PE,618.55,618.55,618.55,618.55,0,16
2026-09-21 15:02:00,CRUDEOILM,CE,9300.0,CRUDEOILM15OCT269300CE,410.8,410.8,410.8,410.8,0,16
2026-09-21 15:02:00,CRUDEOILM,PE,9300.0,CRUDEOILM15OCT269300PE,648.15,648.15,648.15,648.15,0,16
2026-09-21 15:02:00,CRUDEOILM,CE,9350.0,CRUDEOILM15OCT269350CE,391.55,391.55,389.2,389.2,90,16
2026-09-21 15:02:00,CRUDEOILM,PE,9350.0,CRUDEOILM15OCT269350PE,683.1,683.1,683.1,683.1,0,16
2026-09-21 15:02:00,CRUDEOILM,CE,9400.0,CRUDEOILM15OCT269400CE,375.65,375.65,371.0,371.0,50,16
2026-09-21 15:02:00,CRUDEOILM,PE,9400.0,CRUDEOILM15OCT269400PE,715.15,715.15,715.15,715.15,0,16
2026-09-21 15:02:00,CRUDEOILM,CE,9450.0,CRUDEOILM15OCT269450CE,358.05,358.05,353.3,353.3,50,16
2026-09-21 15:02:00,CRUDEOILM,PE,9450.0,CRUDEOILM15OCT269450PE,750.85,756.35,750.85,756.35,10,16
2026-09-21 15:02:00,CRUDEOILM,CE,9500.0,CRUDEOILM15OCT269500CE,343.45,343.45,338.6,338.6,210,16
2026-09-21 15:02:00,CRUDEOILM,PE,9500.0,CRUDEOILM15OCT269500PE,778.0,785.0,778.0,785.0,120,16
2026-09-21 15:02:00,CRUDEOILM,CE,9550.0,CRUDEOILM15OCT269550CE,325.95,325.95,325.95,325.95,0,16
2026-09-21 15:02:00,CRUDEOILM,PE,9550.0,CRUDEOILM15OCT269550PE,818.7,818.7,818.7,818.7,0,16
2026-09-21 15:02:00,CRUDEOILM,CE,9600.0,CRUDEOILM15OCT269600CE,312.45,312.45,312.45,312.45,0,16
2026-09-21 15:02:00,CRUDEOILM,PE,9600.0,CRUDEOILM15OCT269600PE,850.9,850.9,850.9,850.9,0,16
2026-09-21 15:02:00,CRUDEOILM,CE,9650.0,CRUDEOILM15OCT269650CE,298.65,298.65,298.65,298.65,0,16
2026-09-21 15:02:00,CRUDEOILM,PE,9650.0,CRUDEOILM15OCT269650PE,886.85,886.85,886.85,886.85,0,16
2026-09-21 15:02:00,CRUDEOILM,CE,9700.0,CRUDEOILM15OCT269700CE,283.45,283.45,283.45,283.45,0,16
2026-09-21 15:02:00,CRUDEOILM,PE,9700.0,CRUDEOILM15OCT269700PE,920.0,920.0,920.0,920.0,0,16
2026-09-21 15:02:00,CRUDEOILM,CE,9750.0,CRUDEOILM15OCT269750CE,271.45,271.45,271.45,271.45,0,16
2026-09-21 15:02:00,CRUDEOILM,PE,9750.0,CRUDEOILM15OCT269750PE,955.7,955.7,955.7,955.7,0,16
2026-09-21 15:03:00,CRUDEOIL,FUT,0.0,CRUDEOIL21SEP26FUT,9435.0,9435.0,9427.0,9427.0,1700,16
2026-09-21 15:03:00,CRUDEOIL,CE,9150.0,CRUDEOIL15OCT269150CE,454.3,454.3,454.3,454.3,0,16
2026-09-21 15:03:00,CRUDEOIL,PE,9150.0,CRUDEOIL15OCT269150PE,558.8,558.8,558.8,558.8,0,16
2026-09-21 15:03:00,CRUDEOIL,CE,9200.0,CRUDEOIL15OCT269200CE,432.0,432.0,429.8,429.8,400,16
2026-09-21 15:03:00,CRUDEOIL,PE,9200.0,CRUDEOIL15OCT269200PE,587.5,591.6,587.5,589.9,700,16
2026-09-21 15:03:00,CRUDEOIL,CE,9250.0,CRUDEOIL15OCT269250CE,412.6,412.6,412.6,412.6,100,16
2026-09-21 15:03:00,CRUDEOIL,PE,9250.0,CRUDEOIL15OCT269250PE,611.5,611.5,611.5,611.5,0,16
2026-09-21 15:03:00,CRUDEOIL,CE,9300.0,CRUDEOIL15OCT269300CE,395.0,395.0,394.0,394.5,300,16
2026-09-21 15:03:00,CRUDEOIL,PE,9300.0,CRUDEOIL15OCT269300PE,650.0,651.9,650.0,651.9,200,16
2026-09-21 15:03:00,CRUDEOIL,CE,9350.0,CRUDEOIL15OCT269350CE,381.1,381.1,381.1,381.1,0,16
2026-09-21 15:03:00,CRUDEOIL,PE,9350.0,CRUDEOIL15OCT269350PE,668.6,668.6,668.6,668.6,0,16
2026-09-21 15:03:00,CRUDEOIL,CE,9400.0,CRUDEOIL15OCT269400CE,362.0,362.0,359.1,361.2,3300,16
2026-09-21 15:03:00,CRUDEOIL,PE,9400.0,CRUDEOIL15OCT269400PE,715.6,715.6,715.6,715.6,0,16
2026-09-21 15:03:00,CRUDEOIL,CE,9450.0,CRUDEOIL15OCT269450CE,346.0,346.0,342.6,342.6,300,16
2026-09-21 15:03:00,CRUDEOIL,PE,9450.0,CRUDEOIL15OCT269450PE,739.0,739.0,739.0,739.0,0,16
2026-09-21 15:03:00,CRUDEOIL,CE,9500.0,CRUDEOIL15OCT269500CE,329.5,329.5,327.4,328.1,1300,16
2026-09-21 15:03:00,CRUDEOIL,PE,9500.0,CRUDEOIL15OCT269500PE,778.1,778.1,778.1,778.1,0,16
2026-09-21 15:03:00,CRUDEOIL,CE,9550.0,CRUDEOIL15OCT269550CE,314.8,314.8,311.2,311.2,200,16
2026-09-21 15:03:00,CRUDEOIL,PE,9550.0,CRUDEOIL15OCT269550PE,850.0,850.0,850.0,850.0,0,16
2026-09-21 15:03:00,CRUDEOIL,CE,9600.0,CRUDEOIL15OCT269600CE,300.3,300.3,298.0,300.3,700,16
2026-09-21 15:03:00,CRUDEOIL,PE,9600.0,CRUDEOIL15OCT269600PE,845.5,845.5,845.5,845.5,0,16
2026-09-21 15:03:00,CRUDEOIL,CE,9650.0,CRUDEOIL15OCT269650CE,289.5,289.5,289.5,289.5,0,16
2026-09-21 15:03:00,CRUDEOIL,PE,9650.0,CRUDEOIL15OCT269650PE,925.0,925.0,925.0,925.0,0,16
2026-09-21 15:03:00,CRUDEOIL,CE,9700.0,CRUDEOIL15OCT269700CE,274.5,274.5,272.1,272.7,600,16
2026-09-21 15:03:00,CRUDEOIL,PE,9700.0,CRUDEOIL15OCT269700PE,903.1,903.1,903.1,903.1,0,16
2026-09-21 15:03:00,CRUDEOIL,CE,9750.0,CRUDEOIL15OCT269750CE,263.1,263.1,263.1,263.1,0,16
2026-09-21 15:03:00,CRUDEOIL,PE,9750.0,CRUDEOIL15OCT269750PE,987.2,987.2,987.2,987.2,0,16
2026-09-21 15:03:00,CRUDEOILM,FUT,0.0,CRUDEOILM21SEP26FUT,9439.0,9439.0,9428.0,9430.0,210,16
2026-09-21 15:03:00,CRUDEOILM,CE,9150.0,CRUDEOILM15OCT269150CE,463.0,463.0,461.0,462.6,170,16
2026-09-21 15:03:00,CRUDEOILM,PE,9150.0,CRUDEOILM15OCT269150PE,563.6,570.2,563.6,569.95,60,16
2026-09-21 15:03:00,CRUDEOILM,CE,9200.0,CRUDEOILM15OCT269200CE,441.5,441.5,439.25,440.3,60,16
2026-09-21 15:03:00,CRUDEOILM,PE,9200.0,CRUDEOILM15OCT269200PE,596.0,599.95,596.0,599.95,90,16
2026-09-21 15:03:00,CRUDEOILM,CE,9250.0,CRUDEOILM15OCT269250CE,423.9,423.9,423.9,423.9,0,16
2026-09-21 15:03:00,CRUDEOILM,PE,9250.0,CRUDEOILM15OCT269250PE,618.55,618.55,618.55,618.55,0,16
2026-09-21 15:03:00,CRUDEOILM,CE,9300.0,CRUDEOILM15OCT269300CE,410.8,410.8,403.1,403.95,40,16
2026-09-21 15:03:00,CRUDEOILM,PE,9300.0,CRUDEOILM15OCT269300PE,648.15,648.15,648.15,648.15,0,16
2026-09-21 15:03:00,CRUDEOILM,CE,9350.0,CRUDEOILM15OCT269350CE,389.2,389.2,389.2,389.2,0,16
2026-09-21 15:03:00,CRUDEOILM,PE,9350.0,CRUDEOILM15OCT269350PE,683.1,690.75,683.1,690.75,80,16
2026-09-21 15:03:00,CRUDEOILM,CE,9400.0,CRUDEOILM15OCT269400CE,371.0,371.0,368.3,369.15,350,16
2026-09-21 15:03:00,CRUDEOILM,PE,9400.0,CRUDEOILM15OCT269400PE,715.15,728.2,715.15,728.2,150,16
2026-09-21 15:03:00,CRUDEOILM,CE,9450.0,CRUDEOILM15OCT269450CE,353.3,353.3,349.75,351.05,100,16
2026-09-21 15:03:00,CRUDEOILM,PE,9450.0,CRUDEOILM15OCT269450PE,756.35,756.35,756.35,756.35,0,16
2026-09-21 15:03:00,CRUDEOILM,CE,9500.0,CRUDEOILM15OCT269500CE,338.6,339.1,337.05,338.35,240,16
2026-09-21 15:03:00,CRUDEOILM,PE,9500.0,CRUDEOILM15OCT269500PE,785.0,791.3,785.0,787.5,70,16
2026-09-21 15:03:00,CRUDEOILM,CE,9550.0,CRUDEOILM15OCT269550CE,325.95,325.95,320.1,320.25,70,16
2026-09-21 15:03:00,CRUDEOILM,PE,9550.0,CRUDEOILM15OCT269550PE,818.7,818.7,818.7,818.7,0,16
2026-09-21 15:03:00,CRUDEOILM,CE,9600.0,CRUDEOILM15OCT269600CE,312.45,312.45,312.45,312.45,0,16
2026-09-21 15:03:00,CRUDEOILM,PE,9600.0,CRUDEOILM15OCT269600PE,850.9,850.9,850.9,850.9,0,16
2026-09-21 15:03:00,CRUDEOILM,CE,9650.0,CRUDEOILM15OCT269650CE,298.65,298.65,298.65,298.65,0,16
2026-09-21 15:03:00,CRUDEOILM,PE,9650.0,CRUDEOILM15OCT269650PE,886.85,886.85,886.85,886.85,0,16
2026-09-21 15:03:00,CRUDEOILM,CE,9700.0,CRUDEOILM15OCT269700CE,283.45,283.45,280.5,280.5,40,16
2026-09-21 15:03:00,CRUDEOILM,PE,9700.0,CRUDEOILM15OCT269700PE,920.0,920.0,920.0,920.0,0,16
2026-09-21 15:03:00,CRUDEOILM,CE,9750.0,CRUDEOILM15OCT269750CE,271.45,271.45,271.45,271.45,0,16
2026-09-21 15:03:00,CRUDEOILM,PE,9750.0,CRUDEOILM15OCT269750PE,955.7,955.7,955.7,955.7,0,16
2026-09-21 15:04:00,CRUDEOIL,FUT,0.0,CRUDEOIL21SEP26FUT,9427.0,9430.0,9427.0,9430.0,1000,15
2026-09-21 15:04:00,CRUDEOIL,CE,9150.0,CRUDEOIL15OCT269150CE,454.3,454.3,454.3,454.3,0,15
2026-09-21 15:04:00,CRUDEOIL,PE,9150.0,CRUDEOIL15OCT269150PE,558.8,558.8,558.0,558.0,900,15
2026-09-21 15:04:00,CRUDEOIL,CE,9200.0,CRUDEOIL15OCT269200CE,429.8,431.5,429.8,431.5,400,15
2026-09-21 15:04:00,CRUDEOIL,PE,9200.0,CRUDEOIL15OCT269200PE,589.9,589.9,589.9,589.9,700,15
2026-09-21 15:04:00,CRUDEOIL,CE,9250.0,CRUDEOIL15OCT269250CE,412.6,412.6,412.6,412.6,0,15
2026-09-21 15:04:00,CRUDEOIL,PE,9250.0,CRUDEOIL15OCT269250PE,611.5,611.5,611.5,611.5,0,15
2026-09-21 15:04:00,CRUDEOIL,CE,9300.0,CRUDEOIL15OCT269300CE,394.5,395.3,392.8,395.1,500,15
2026-09-21 15:04:00,CRUDEOIL,PE,9300.0,CRUDEOIL15OCT269300PE,651.9,651.9,651.9,651.9,0,15
2026-09-21 15:04:00,CRUDEOIL,CE,9350.0,CRUDEOIL15OCT269350CE,381.1,381.1,381.1,381.1,0,15
2026-09-21 15:04:00,CRUDEOIL,PE,9350.0,CRUDEOIL15OCT269350PE,668.6,668.6,668.6,668.6,0,15
2026-09-21 15:04:00,CRUDEOIL,CE,9400.0,CRUDEOIL15OCT269400CE,360.6,360.6,360.3,360.3,500,15
2026-09-21 15:04:00,CRUDEOIL,PE,9400.0,CRUDEOIL15OCT269400PE,715.6,718.7,715.6,718.7,300,15
2026-09-21 15:04:00,CRUDEOIL,CE,9450.0,CRUDEOIL15OCT269450CE,342.6,342.6,342.6,342.6,0,15
2026-09-21 15:04:00,CRUDEOIL,PE,9450.0,CRUDEOIL15OCT269450PE,739.0,739.0,739.0,739.0,0,15
2026-09-21 15:04:00,CRUDEOIL,CE,9500.0,CRUDEOIL15OCT269500CE,328.1,328.5,328.1,328.5,100,15
2026-09-21 15:04:00,CRUDEOIL,PE,9500.0,CRUDEOIL15OCT269500PE,778.1,778.1,778.1,778.1,0,15
2026-09-21 15:04:00,CRUDEOIL,CE,9550.0,CRUDEOIL15OCT269550CE,311.2,311.2,311.2,311.2,0,15
2026-09-21 15:04:00,CRUDEOIL,PE,9550.0,CRUDEOIL15OCT269550PE,850.0,850.0,850.0,850.0,0,15
2026-09-21 15:04:00,CRUDEOIL,CE,9600.0,CRUDEOIL15OCT269600CE,300.3,300.4,299.8,300.4,200,15
2026-09-21 15:04:00,CRUDEOIL,PE,9600.0,CRUDEOIL15OCT269600PE,845.5,845.5,845.5,845.5,0,15
2026-09-21 15:04:00,CRUDEOIL,CE,9650.0,CRUDEOIL15OCT269650CE,286.1,286.1,286.1,286.1,0,15
2026-09-21 15:04:00,CRUDEOIL,PE,9650.0,CRUDEOIL15OCT269650PE,925.0,925.0,925.0,925.0,0,15
2026-09-21 15:04:00,CRUDEOIL,CE,9700.0,CRUDEOIL15OCT269700CE,273.0,273.0,273.0,273.0,0,15
2026-09-21 15:04:00,CRUDEOIL,PE,9700.0,CRUDEOIL15OCT269700PE,903.1,927.3,903.1,927.3,100,15
2026-09-21 15:04:00,CRUDEOIL,CE,9750.0,CRUDEOIL15OCT269750CE,263.1,263.1,263.1,263.1,0,15
2026-09-21 15:04:00,CRUDEOIL,PE,9750.0,CRUDEOIL15OCT269750PE,987.2,987.2,987.2,987.2,0,15
2026-09-21 15:04:00,CRUDEOILM,FUT,0.0,CRUDEOILM21SEP26FUT,9430.0,9435.0,9430.0,9435.0,170,15
2026-09-21 15:04:00,CRUDEOILM,CE,9150.0,CRUDEOILM15OCT269150CE,462.6,462.6,462.6,462.6,10,15
2026-09-21 15:04:00,CRUDEOILM,PE,9150.0,CRUDEOILM15OCT269150PE,569.95,569.95,566.55,568.65,50,15
2026-09-21 15:04:00,CRUDEOILM,CE,9200.0,CRUDEOILM15OCT269200CE,440.3,440.3,440.3,440.3,0,15
2026-09-21 15:04:00,CRUDEOILM,PE,9200.0,CRUDEOILM15OCT269200PE,599.95,599.95,596.0,598.0,140,15
2026-09-21 15:04:00,CRUDEOILM,CE,9250.0,CRUDEOILM15OCT269250CE,423.9,423.9,423.9,423.9,0,15
2026-09-21 15:04:00,CRUDEOILM,PE,9250.0,CRUDEOILM15OCT269250PE,618.55,618.55,618.55,618.55,0,15
2026-09-21 15:04:00,CRUDEOILM,CE,9300.0,CRUDEOILM15OCT269300CE,403.95,404.9,403.8,404.9,310,15
2026-09-21 15:04:00,CRUDEOILM,PE,9300.0,CRUDEOILM15OCT269300PE,648.15,658.4,648.15,658.4,110,15
2026-09-21 15:04:00,CRUDEOILM,CE,9350.0,CRUDEOILM15OCT269350CE,389.2,389.2,383.95,384.85,100,15
2026-09-21 15:04:00,CRUDEOILM,PE,9350.0,CRUDEOILM15OCT269350PE,690.75,690.75,690.75,690.75,0,15
2026-09-21 15:04:00,CRUDEOILM,CE,9400.0,CRUDEOILM15OCT269400CE,369.15,369.15,369.15,369.15,0,15
2026-09-21 15:04:00,CRUDEOILM,PE,9400.0,CRUDEOILM15OCT269400PE,728.2,728.2,723.8,726.05,190,15
2026-09-21 15:04:00,CRUDEOILM,CE,9450.0,CRUDEOILM15OCT269450CE,351.05,351.05,351.05,351.05,0,15
2026-09-21 15:04:00,CRUDEOILM,PE,9450.0,CRUDEOILM15OCT269450PE,756.35,759.25,756.35,759.25,10,15
2026-09-21 15:04:00,CRUDEOILM,CE,9500.0,CRUDEOILM15OCT269500CE,338.35,338.35,337.9,337.9,10,15
2026-09-21 15:04:00,CRUDEOILM,PE,9500.0,CRUDEOILM15OCT269500PE,787.5,787.5,786.6,786.6,100,15
2026-09-21 15:04:00,CRUDEOILM,CE,9550.0,CRUDEOILM15OCT269550CE,320.25,321.8,320.25,321.8,150,15
2026-09-21 15:04:00,CRUDEOILM,PE,9550.0,CRUDEOILM15OCT269550PE,818.7,818.7,818.7,818.7,0,15
2026-09-21 15:04:00,CRUDEOILM,CE,9600.0,CRUDEOILM15OCT269600CE,307.1,307.2,307.1,307.2,10,15
2026-09-21 15:04:00,CRUDEOILM,PE,9600.0,CRUDEOILM15OCT269600PE,850.9,850.9,850.9,850.9,0,15
2026-09-21 15:04:00,CRUDEOILM,CE,9650.0,CRUDEOILM15OCT269650CE,298.65,298.65,298.65,298.65,0,15
2026-09-21 15:04:00,CRUDEOILM,PE,9650.0,CRUDEOILM15OCT269650PE,886.85,886.85,886.85,886.85,0,15
2026-09-21 15:04:00,CRUDEOILM,CE,9700.0,CRUDEOILM15OCT269700CE,280.5,282.55,280.5,282.55,10,15
2026-09-21 15:04:00,CRUDEOILM,PE,9700.0,CRUDEOILM15OCT269700PE,920.0,920.0,920.0,920.0,0,15
2026-09-21 15:04:00,CRUDEOILM,CE,9750.0,CRUDEOILM15OCT269750CE,271.45,271.45,271.45,271.45,0,15
2026-09-21 15:04:00,CRUDEOILM,PE,9750.0,CRUDEOILM15OCT269750PE,955.7,955.7,955.7,955.7,0,15
2026-09-21 15:05:00,CRUDEOIL,FUT,0.0,CRUDEOIL21SEP26FUT,9426.0,9433.0,9426.0,9433.0,100,16
2026-09-21 15:05:00,CRUDEOIL,CE,9150.0,CRUDEOIL15OCT269150CE,454.3,454.3,454.3,454.3,0,16
2026-09-21 15:05:00,CRUDEOIL,PE,9150.0,CRUDEOIL15OCT269150PE,558.0,558.0,558.0,558.0,0,16
2026-09-21 15:05:00,CRUDEOIL,CE,9200.0,CRUDEOIL15OCT269200CE,431.7,431.7,431.1,431.1,200,16
2026-09-21 15:05:00,CRUDEOIL,PE,9200.0,CRUDEOIL15OCT269200PE,589.7,589.7,589.7,589.7,0,16
2026-09-21 15:05:00,CRUDEOIL,CE,9250.0,CRUDEOIL15OCT269250CE,412.6,412.6,412.6,412.6,0,16
2026-09-21 15:05:00,CRUDEOIL,PE,9250.0,CRUDEOIL15OCT269250PE,611.5,611.5,611.5,611.5,0,16
2026-09-21 15:05:00,CRUDEOIL,CE,9300.0,CRUDEOIL15OCT269300CE,395.1,395.1,393.7,393.7,200,16
2026-09-21 15:05:00,CRUDEOIL,PE,9300.0,CRUDEOIL15OCT269300PE,651.9,652.0,651.9,652.0,600,16
2026-09-21 15:05:00,CRUDEOIL,CE,9350.0,CRUDEOIL15OCT269350CE,381.1,381.1,381.1,381.1,0,16
2026-09-21 15:05:00,CRUDEOIL,PE,9350.0,CRUDEOIL15OCT269350PE,668.6,668.6,668.6,668.6,0,16
2026-09-21 15:05:00,CRUDEOIL,CE,9400.0,CRUDEOIL15OCT269400CE,360.3,361.9,360.2,361.9,500,16
2026-09-21 15:05:00,CRUDEOIL,PE,9400.0,CRUDEOIL15OCT269400PE,718.7,718.7,716.7,716.7,200,16
2026-09-21 15:05:00,CRUDEOIL,CE,9450.0,CRUDEOIL15OCT269450CE,342.6,343.0,342.6,343.0,100,16
2026-09-21 15:05:00,CRUDEOIL,PE,9450.0,CRUDEOIL15OCT269450PE,739.0,739.0,739.0,739.0,0,16
2026-09-21 15:05:00,CRUDEOIL,CE,9500.0,CRUDEOIL15OCT269500CE,328.5,330.0,328.5,329.0,600,16
2026-09-21 15:05:00,CRUDEOIL,PE,9500.0,CRUDEOIL15OCT269500PE,778.1,785.5,778.1,779.4,700,16
2026-09-21 15:05:00,CRUDEOIL,CE,9550.0,CRUDEOIL15OCT269550CE,311.2,311.2,311.2,311.2,0,16
2026-09-21 15:05:00,CRUDEOIL,PE,9550.0,CRUDEOIL15OCT269550PE,850.0,850.0,850.0,850.0,0,16
2026-09-21 15:05:00,CRUDEOIL,CE,9600.0,CRUDEOIL15OCT269600CE,300.4,300.4,300.1,300.2,500,16
2026-09-21 15:05:00,CRUDEOIL,PE,9600.0,CRUDEOIL15OCT269600PE,845.5,845.5,845.5,845.5,0,16
2026-09-21 15:05:00,CRUDEOIL,CE,9650.0,CRUDEOIL15OCT269650CE,286.1,287.6,286.1,287.6,300,16
2026-09-21 15:05:00,CRUDEOIL,PE,9650.0,CRUDEOIL15OCT269650PE,925.0,925.0,925.0,925.0,0,16
2026-09-21 15:05:00,CRUDEOIL,CE,9700.0,CRUDEOIL15OCT269700CE,273.0,273.6,273.0,273.6,100,16
2026-09-21 15:05:00,CRUDEOIL,PE,9700.0,CRUDEOIL15OCT269700PE,927.3,927.3,927.3,927.3,0,16
2026-09-21 15:05:00,CRUDEOIL,CE,9750.0,CRUDEOIL15OCT269750CE,263.1,263.1,263.1,263.1,0,16
2026-09-21 15:05:00,CRUDEOIL,PE,9750.0,CRUDEOIL15OCT269750PE,987.2,987.2,987.2,987.2,0,16
2026-09-21 15:05:00,CRUDEOILM,FUT,0.0,CRUDEOILM21SEP26FUT,9433.0,9433.0,9430.0,9433.0,50,16
2026-09-21 15:05:00,CRUDEOILM,CE,9150.0,CRUDEOILM15OCT269150CE,462.6,463.85,461.7,463.85,30,16
2026-09-21 15:05:00,CRUDEOILM,PE,9150.0,CRUDEOILM15OCT269150PE,568.65,568.65,568.65,568.65,0,16
2026-09-21 15:05:00,CRUDEOILM,CE,9200.0,CRUDEOILM15OCT269200CE,440.3,442.95,439.35,442.95,30,16
2026-09-21 15:05:00,CRUDEOILM,PE,9200.0,CRUDEOILM15OCT269200PE,598.0,598.0,595.35,595.35,90,16
2026-09-21 15:05:00,CRUDEOILM,CE,9250.0,CRUDEOILM15OCT269250CE,423.9,423.9,423.9,423.9,0,16
2026-09-21 15:05:00,CRUDEOILM,PE,9250.0,CRUDEOILM15OCT269250PE,618.55,631.35,618.55,631.35,40,16
2026-09-21 15:05:00,CRUDEOILM,CE,9300.0,CRUDEOILM15OCT269300CE,403.6,405.7,403.6,405.7,30,16
2026-09-21 15:05:00,CRUDEOILM,PE,9300.0,CRUDEOILM15OCT269300PE,658.4,658.4,658.4,658.4,10,16
2026-09-21 15:05:00,CRUDEOILM,CE,9350.0,CRUDEOILM15OCT269350CE,384.85,387.25,384.85,387.25,50,16
2026-09-21 15:05:00,CRUDEOILM,PE,9350.0,CRUDEOILM15OCT269350PE,692.85,692.85,692.85,692.85,0,16
2026-09-21 15:05:00,CRUDEOILM,CE,9400.0,CRUDEOILM15OCT269400CE,369.15,371.3,369.15,370.15,40,16
2026-09-21 15:05:00,CRUDEOILM,PE,9400.0,CRUDEOILM15OCT269400PE,726.05,726.05,725.4,725.4,10,16
2026-09-21 15:05:00,CRUDEOILM,CE,9450.0,CRUDEOILM15OCT269450CE,351.05,351.05,351.05,351.05,0,16
2026-09-21 15:05:00,CRUDEOILM,PE,9450.0,CRUDEOILM15OCT269450PE,759.25,759.25,759.25,759.25,0,16
2026-09-21 15:05:00,CRUDEOILM,CE,9500.0,CRUDEOILM15OCT269500CE,337.9,338.65,337.9,338.65,100,16
2026-09-21 15:05:00,CRUDEOILM,PE,9500.0,CRUDEOILM15OCT269500PE,786.6,789.0,786.6,789.0,110,16
2026-09-21 15:05:00,CRUDEOILM,CE,9550.0,CRUDEOILM15OCT269550CE,321.8,321.8,321.8,321.8,0,16
2026-09-21 15:05:00,CRUDEOILM,PE,9550.0,CRUDEOILM15OCT269550PE,818.7,818.7,818.7,818.7,0,16
2026-09-21 15:05:00,CRUDEOILM,CE,9600.0,CRUDEOILM15OCT269600CE,307.2,308.6,306.35,308.6,20,16
2026-09-21 15:05:00,CRUDEOILM,PE,9600.0,CRUDEOILM15OCT269600PE,850.9,858.0,850.9,858.0,100,16
2026-09-21 15:05:00,CRUDEOILM,CE,9650.0,CRUDEOILM15OCT269650CE,298.65,298.65,298.65,298.65,0,16
2026-09-21 15:05:00,CRUDEOILM,PE,9650.0,CRUDEOILM15OCT269650PE,886.85,886.85,886.85,886.85,0,16
2026-09-21 15:05:00,CRUDEOILM,CE,9700.0,CRUDEOILM15OCT269700CE,282.55,282.55,281.55,281.55,10,16
2026-09-21 15:05:00,CRUDEOILM,PE,9700.0,CRUDEOILM15OCT269700PE,920.0,937.9,920.0,937.9,10,16
2026-09-21 15:05:00,CRUDEOILM,CE,9750.0,CRUDEOILM15OCT269750CE,271.45,271.45,271.45,271.45,0,16
2026-09-21 15:05:00,CRUDEOILM,PE,9750.0,CRUDEOILM15OCT269750PE,955.7,955.7,955.7,955.7,0,16
2026-09-21 15:06:00,CRUDEOIL,FUT,0.0,CRUDEOIL21SEP26FUT,9433.0,9433.0,9430.0,9430.0,100,15
2026-09-21 15:06:00,CRUDEOIL,CE,9150.0,CRUDEOIL15OCT269150CE,454.3,454.3,454.3,454.3,0,15
2026-09-21 15:06:00,CRUDEOIL,PE,9150.0,CRUDEOIL15OCT269150PE,558.0,558.0,557.7,557.8,400,15
2026-09-21 15:06:00,CRUDEOIL,CE,9200.0,CRUDEOIL15OCT269200CE,431.1,431.1,431.1,431.1,0,15
2026-09-21 15:06:00,CRUDEOIL,PE,9200.0,CRUDEOIL15OCT269200PE,587.6,587.6,587.0,587.0,200,15
2026-09-21 15:06:00,CRUDEOIL,CE,9250.0,CRUDEOIL15OCT269250CE,412.6,412.6,412.6,412.6,0,15
2026-09-21 15:06:00,CRUDEOIL,PE,9250.0,CRUDEOIL15OCT269250PE,611.5,611.5,611.5,611.5,0,15
2026-09-21 15:06:00,CRUDEOIL,CE,9300.0,CRUDEOIL15OCT269300CE,393.7,393.7,393.7,393.7,0,15
2026-09-21 15:06:00,CRUDEOIL,PE,9300.0,CRUDEOIL15OCT269300PE,649.6,652.8,649.6,652.8,300,15
2026-09-21 15:06:00,CRUDEOIL,CE,9350.0,CRUDEOIL15OCT269350CE,381.1,381.1,381.1,381.1,0,15
2026-09-21 15:06:00,CRUDEOIL,PE,9350.0,CRUDEOIL15OCT269350PE,668.6,668.6,668.6,668.6,0,15
2026-09-21 15:06:00,CRUDEOIL,CE,9400.0,CRUDEOIL15OCT269400CE,361.9,361.9,360.2,360.2,100,15
2026-09-21 15:06:00,CRUDEOIL,PE,9400.0,CRUDEOIL15OCT269400PE,716.7,717.7,716.7,717.7,100,15
2026-09-21 15:06:00,CRUDEOIL,CE,9450.0,CRUDEOIL15OCT269450CE,343.0,343.0,343.0,343.0,0,15
2026-09-21 15:06:00,CRUDEOIL,PE,9450.0,CRUDEOIL15OCT269450PE,739.0,739.0,739.0,739.0,0,15
2026-09-21 15:06:00,CRUDEOIL,CE,9500.0,CRUDEOIL15OCT269500CE,328.8,329.7,327.5,329.7,700,15
2026-09-21 15:06:00,CRUDEOIL,PE,9500.0,CRUDEOIL15OCT269500PE,779.4,780.0,779.4,780.0,200,15
2026-09-21 15:06:00,CRUDEOIL,CE,9550.0,CRUDEOIL15OCT269550CE,311.2,311.2,311.2,311.2,0,15
2026-09-21 15:06:00,CRUDEOIL,PE,9550.0,CRUDEOIL15OCT269550PE,850.0,850.0,850.0,850.0,0,15
2026-09-21 15:06:00,CRUDEOIL,CE,9600.0,CRUDEOIL15OCT269600CE,300.2,300.2,299.0,299.3,1200,15
2026-09-21 15:06:00,CRUDEOIL,PE,9600.0,CRUDEOIL15OCT269600PE,845.5,845.5,845.5,845.5,0,15
2026-09-21 15:06:00,CRUDEOIL,CE,9650.0,CRUDEOIL15OCT269650CE,287.6,287.6,287.6,287.6,0,15
2026-09-21 15:06:00,CRUDEOIL,PE,9650.0,CRUDEOIL15OCT269650PE,925.0,925.0,925.0,925.0,0,15
2026-09-21 15:06:00,CRUDEOIL,CE,9700.0,CRUDEOIL15OCT269700CE,273.6,273.6,272.2,272.4,400,15
2026-09-21 15:06:00,CRUDEOIL,PE,9700.0,CRUDEOIL15OCT269700PE,927.3,927.3,927.3,927.3,0,15
2026-09-21 15:06:00,CRUDEOIL,CE,9750.0,CRUDEOIL15OCT269750CE,263.1,263.1,263.1,263.1,0,15
2026-09-21 15:06:00,CRUDEOIL,PE,9750.0,CRUDEOIL15OCT269750PE,987.2,987.2,987.2,987.2,0,15
2026-09-21 15:06:00,CRUDEOILM,FUT,0.0,CRUDEOILM21SEP26FUT,9433.0,9436.0,9432.0,9436.0,220,15
2026-09-21 15:06:00,CRUDEOILM,CE,9150.0,CRUDEOILM15OCT269150CE,461.7,462.15,461.7,462.15,40,15
2026-09-21 15:06:00,CRUDEOILM,PE,9150.0,CRUDEOILM15OCT269150PE,568.05,569.2,567.65,567.65,50,15
2026-09-21 15:06:00,CRUDEOILM,CE,9200.0,CRUDEOILM15OCT269200CE,440.9,440.9,440.4,440.75,70,15
2026-09-21 15:06:00,CRUDEOILM,PE,9200.0,CRUDEOILM15OCT269200PE,595.35,598.0,595.35,598.0,30,15
2026-09-21 15:06:00,CRUDEOILM,CE,9250.0,CRUDEOILM15OCT269250CE,423.9,423.9,423.9,423.9,0,15
2026-09-21 15:06:00,CRUDEOILM,PE,9250.0,CRUDEOILM15OCT269250PE,631.35,631.35,631.35,631.35,0,15
2026-09-21 15:06:00,CRUDEOILM,CE,9300.0,CRUDEOILM15OCT269300CE,405.7,405.7,405.45,405.45,20,15
2026-09-21 15:06:00,CRUDEOILM,PE,9300.0,CRUDEOILM15OCT269300PE,658.4,658.4,658.4,658.4,0,15
2026-09-21 15:06:00,CRUDEOILM,CE,9350.0,CRUDEOILM15OCT269350CE,387.25,387.25,387.25,387.25,0,15
2026-09-21 15:06:00,CRUDEOILM,PE,9350.0,CRUDEOILM15OCT269350PE,692.85,692.85,692.4,692.4,10,15
2026-09-21 15:06:00,CRUDEOILM,CE,9400.0,CRUDEOILM15OCT269400CE,370.0,370.0,370.0,370.0,60,15
2026-09-21 15:06:00,CRUDEOILM,PE,9400.0,CRUDEOILM15OCT269400PE,725.4,725.4,725.4,725.4,10,15
2026-09-21 15:06:00,CRUDEOILM,CE,9450.0,CRUDEOILM15OCT269450CE,351.05,351.05,351.05,351.05,0,15
2026-09-21 15:06:00,CRUDEOILM,PE,9450.0,CRUDEOILM15OCT269450PE,759.25,760.5,759.25,760.5,10,15
2026-09-21 15:06:00,CRUDEOILM,CE,9500.0,CRUDEOILM15OCT269500CE,338.65,339.1,337.0,339.1,60,15
2026-09-21 15:06:00,CRUDEOILM,PE,9500.0,CRUDEOILM15OCT269500PE,789.0,789.95,789.0,789.8,40,15
2026-09-21 15:06:00,CRUDEOILM,CE,9550.0,CRUDEOILM15OCT269550CE,321.8,321.8,321.8,321.8,0,15
2026-09-21 15:06:00,CRUDEOILM,PE,9550.0,CRUDEOILM15OCT269550PE,818.7,818.7,818.7,818.7,0,15
2026-09-21 15:06:00,CRUDEOILM,CE,9600.0,CRUDEOILM15OCT269600CE,308.6,308.6,308.6,308.6,0,15
2026-09-21 15:06:00,CRUDEOILM,PE,9600.0,CRUDEOILM15OCT269600PE,858.0,858.0,858.0,858.0,0,15
2026-09-21 15:06:00,CRUDEOILM,CE,9650.0,CRUDEOILM15OCT269650CE,298.65,298.65,298.65,298.65,0,15
2026-09-21 15:06:00,CRUDEOILM,PE,9650.0,CRUDEOILM15OCT269650PE,886.85,886.85,886.85,886.85,0,15
2026-09-21 15:06:00,CRUDEOILM,CE,9700.0,CRUDEOILM15OCT269700CE,281.55,281.55,281.55,281.55,0,15
2026-09-21 15:06:00,CRUDEOILM,PE,9700.0,CRUDEOILM15OCT269700PE,937.9,937.9,937.9,937.9,0,15
2026-09-21 15:06:00,CRUDEOILM,CE,9750.0,CRUDEOILM15OCT269750CE,271.45,271.45,271.45,271.45,0,15
2026-09-21 15:06:00,CRUDEOILM,PE,9750.0,CRUDEOILM15OCT269750PE,955.7,955.7,955.7,955.7,0,15
2026-09-21 15:07:00,CRUDEOIL,FUT,0.0,CRUDEOIL21SEP26FUT,9430.0,9437.0,9430.0,9437.0,100,16
2026-09-21 15:07:00,CRUDEOIL,CE,9150.0,CRUDEOIL15OCT269150CE,454.3,454.3,454.3,454.3,0,16
2026-09-21 15:07:00,CRUDEOIL,PE,9150.0,CRUDEOIL15OCT269150PE,557.8,557.8,557.8,557.8,0,16
2026-09-21 15:07:00,CRUDEOIL,CE,9200.0,CRUDEOIL15OCT269200CE,431.1,431.3,431.1,431.3,1700,16
2026-09-21 15:07:00,CRUDEOIL,PE,9200.0,CRUDEOIL15OCT269200PE,587.0,587.5,587.0,587.5,200,16
2026-09-21 15:07:00,CRUDEOIL,CE,9250.0,CRUDEOIL15OCT269250CE,412.6,412.6,412.6,412.6,0,16
2026-09-21 15:07:00,CRUDEOIL,PE,9250.0,CRUDEOIL15OCT269250PE,611.5,611.5,611.5,611.5,0,16
2026-09-21 15:07:00,CRUDEOIL,CE,9300.0,CRUDEOIL15OCT269300CE,393.7,393.7,393.7,393.7,0,16
2026-09-21 15:07:00,CRUDEOIL,PE,9300.0,CRUDEOIL15OCT269300PE,652.8,652.8,651.4,651.4,100,16
2026-09-21 15:07:00,CRUDEOIL,CE,9350.0,CRUDEOIL15OCT269350CE,381.1,381.1,381.1,381.1,0,16
2026-09-21 15:07:00,CRUDEOIL,PE,9350.0,CRUDEOIL15OCT269350PE,668.6,668.6,668.6,668.6,0,16
2026-09-21 15:07:00,CRUDEOIL,CE,9400.0,CRUDEOIL15OCT269400CE,360.2,360.2,360.2,360.2,0,16
2026-09-21 15:07:00,CRUDEOIL,PE,9400.0,CRUDEOIL15OCT269400PE,717.7,717.7,717.1,717.1,100,16
2026-09-21 15:07:00,CRUDEOIL,CE,9450.0,CRUDEOIL15OCT269450CE,343.0,343.0,343.0,343.0,0,16
2026-09-21 15:07:00,CRUDEOIL,PE,9450.0,CRUDEOIL15OCT269450PE,739.0,739.0,739.0,739.0,0,16
2026-09-21 15:07:00,CRUDEOIL,CE,9500.0,CRUDEOIL15OCT269500CE,329.7,330.2,329.7,330.0,200,16
2026-09-21 15:07:00,CRUDEOIL,PE,9500.0,CRUDEOIL15OCT269500PE,780.0,780.0,780.0,780.0,100,16
2026-09-21 15:07:00,CRUDEOIL,CE,9550.0,CRUDEOIL15OCT269550CE,311.2,311.2,311.2,311.2,0,16
2026-09-21 15:07:00,CRUDEOIL,PE,9550.0,CRUDEOIL15OCT269550PE,850.0,850.0,850.0,850.0,0,16
2026-09-21 15:07:00,CRUDEOIL,CE,9600.0,CRUDEOIL15OCT269600CE,299.3,301.0,299.3,301.0,100,16
2026-09-21 15:07:00,CRUDEOIL,PE,9600.0,CRUDEOIL15OCT269600PE,845.5,845.5,845.5,845.5,0,16
2026-09-21 15:07:00,CRUDEOIL,CE,9650.0,CRUDEOIL15OCT269650CE,287.6,287.6,287.6,287.6,0,16
2026-09-21 15:07:00,CRUDEOIL,PE,9650.0,CRUDEOIL15OCT269650PE,925.0,925.0,925.0,925.0,0,16
2026-09-21 15:07:00,CRUDEOIL,CE,9700.0,CRUDEOIL15OCT269700CE,272.4,273.6,272.4,273.6,100,16
2026-09-21 15:07:00,CRUDEOIL,PE,9700.0,CRUDEOIL15OCT269700PE,927.3,927.3,927.3,927.3,0,16
2026-09-21 15:07:00,CRUDEOIL,CE,9750.0,CRUDEOIL15OCT269750CE,263.1,263.1,263.1,263.1,0,16
2026-09-21 15:07:00,CRUDEOIL,PE,9750.0,CRUDEOIL15OCT269750PE,987.2,987.2,987.2,987.2,0,16
2026-09-21 15:07:00,CRUDEOILM,FUT,0.0,CRUDEOILM21SEP26FUT,9436.0,9437.0,9431.0,9436.0,180,16
2026-09-21 15:07:00,CRUDEOILM,CE,9150.0,CRUDEOILM15OCT269150CE,462.0,463.35,462.0,463.35,20,16
2026-09-21 15:07:00,CRUDEOILM,PE,9150.0,CRUDEOILM15OCT269150PE,567.65,567.65,566.25,566.25,80,16
2026-09-21 15:07:00,CRUDEOILM,CE,9200.0,CRUDEOILM15OCT269200CE,440.75,440.75,440.75,440.75,0,16
2026-09-21 15:07:00,CRUDEOILM,PE,9200.0,CRUDEOILM15OCT269200PE,598.0,598.0,598.0,598.0,0,16
2026-09-21 15:07:00,CRUDEOILM,CE,9250.0,CRUDEOILM15OCT269250CE,423.9,423.9,423.9,423.9,0,16
2026-09-21 15:07:00,CRUDEOILM,PE,9250.0,CRUDEOILM15OCT269250PE,631.35,631.35,626.35,626.35,110,16
2026-09-21 15:07:00,CRUDEOILM,CE,9300.0,CRUDEOILM15OCT269300CE,405.45,405.45,404.35,404.35,20,16
2026-09-21 15:07:00,CRUDEOILM,PE,9300.0,CRUDEOILM15OCT269300PE,658.4,658.4,658.4,658.4,0,16
2026-09-21 15:07:00,CRUDEOILM,CE,9350.0,CRUDEOILM15OCT269350CE,387.25,387.25,387.25,387.25,0,16
2026-09-21 15:07:00,CRUDEOILM,PE,9350.0,CRUDEOILM15OCT269350PE,692.4,692.4,692.4,692.4,0,16
2026-09-21 15:07:00,CRUDEOILM,CE,9400.0,CRUDEOILM15OCT269400CE,370.0,371.75,370.0,370.5,520,16
2026-09-21 15:07:00,CRUDEOILM,PE,9400.0,CRUDEOILM15OCT269400PE,723.25,723.25,721.75,721.75,100,16
2026-09-21 15:07:00,CRUDEOILM,CE,9450.0,CRUDEOILM15OCT269450CE,351.05,351.05,351.05,351.05,0,16
2026-09-21 15:07:00,CRUDEOILM,PE,9450.0,CRUDEOILM15OCT269450PE,760.5,760.5,756.35,757.65,100,16
2026-09-21 15:07:00,CRUDEOILM,CE,9500.0,CRUDEOILM15OCT269500CE,339.0,339.0,339.0,339.0,70,16
2026-09-21 15:07:00,CRUDEOILM,PE,9500.0,CRUDEOILM15OCT269500PE,789.8,789.8,785.5,785.5,60,16
2026-09-21 15:07:00,CRUDEOILM,CE,9550.0,CRUDEOILM15OCT269550CE,321.8,321.8,321.8,321.8,0,16
2026-09-21 15:07:00,CRUDEOILM,PE,9550.0,CRUDEOILM15OCT269550PE,818.7,818.7,818.7,818.7,0,16
2026-09-21 15:07:00,CRUDEOILM,CE,9600.0,CRUDEOILM15OCT269600CE,308.6,308.6,308.6,308.6,0,16
2026-09-21 15:07:00,CRUDEOILM,PE,9600.0,CRUDEOILM15OCT269600PE,858.0,858.0,858.0,858.0,0,16
2026-09-21 15:07:00,CRUDEOILM,CE,9650.0,CRUDEOILM15OCT269650CE,298.65,298.65,298.65,298.65,0,16
2026-09-21 15:07:00,CRUDEOILM,PE,9650.0,CRUDEOILM15OCT269650PE,886.85,886.85,886.85,886.85,0,16
2026-09-21 15:07:00,CRUDEOILM,CE,9700.0,CRUDEOILM15OCT269700CE,281.55,281.55,281.55,281.55,0,16
2026-09-21 15:07:00,CRUDEOILM,PE,9700.0,CRUDEOILM15OCT269700PE,937.9,937.9,937.9,937.9,0,16
2026-09-21 15:07:00,CRUDEOILM,CE,9750.0,CRUDEOILM15OCT269750CE,271.45,271.45,270.5,270.5,620,16
2026-09-21 15:07:00,CRUDEOILM,PE,9750.0,CRUDEOILM15OCT269750PE,955.7,955.7,955.7,955.7,0,16
2026-09-21 15:08:00,CRUDEOIL,FUT,0.0,CRUDEOIL21SEP26FUT,9437.0,9444.0,9437.0,9440.0,8500,16
2026-09-21 15:08:00,CRUDEOIL,CE,9150.0,CRUDEOIL15OCT269150CE,454.3,454.3,452.4,452.4,100,16
2026-09-21 15:08:00,CRUDEOIL,PE,9150.0,CRUDEOIL15OCT269150PE,557.8,557.8,557.8,557.8,100,16
2026-09-21 15:08:00,CRUDEOIL,CE,9200.0,CRUDEOIL15OCT269200CE,431.3,431.3,431.3,431.3,0,16
2026-09-21 15:08:00,CRUDEOIL,PE,9200.0,CRUDEOIL15OCT269200PE,587.5,588.1,587.5,588.1,300,16
2026-09-21 15:08:00,CRUDEOIL,CE,9250.0,CRUDEOIL15OCT269250CE,412.6,412.6,412.6,412.6,0,16
2026-09-21 15:08:00,CRUDEOIL,PE,9250.0,CRUDEOIL15OCT269250PE,611.5,611.5,611.5,611.5,0,16
2026-09-21 15:08:00,CRUDEOIL,CE,9300.0,CRUDEOIL15OCT269300CE,393.7,396.3,393.7,395.2,200,16
2026-09-21 15:08:00,CRUDEOIL,PE,9300.0,CRUDEOIL15OCT269300PE,651.4,651.4,651.4,651.4,0,16
2026-09-21 15:08:00,CRUDEOIL,CE,9350.0,CRUDEOIL15OCT269350CE,381.1,381.1,381.1,381.1,0,16
2026-09-21 15:08:00,CRUDEOIL,PE,9350.0,CRUDEOIL15OCT269350PE,668.6,668.6,668.6,668.6,0,16
2026-09-21 15:08:00,CRUDEOIL,CE,9400.0,CRUDEOIL15OCT269400CE,360.2,362.4,360.2,362.0,2600,16
2026-09-21 15:08:00,CRUDEOIL,PE,9400.0,CRUDEOIL15OCT269400PE,717.1,717.1,717.1,717.1,0,16
2026-09-21 15:08:00,CRUDEOIL,CE,9450.0,CRUDEOIL15OCT269450CE,343.0,343.0,343.0,343.0,0,16
2026-09-21 15:08:00,CRUDEOIL,PE,9450.0,CRUDEOIL15OCT269450PE,739.0,739.0,739.0,739.0,0,16
2026-09-21 15:08:00,CRUDEOIL,CE,9500.0,CRUDEOIL15OCT269500CE,330.0,330.3,329.0,330.3,300,16
2026-09-21 15:08:00,CRUDEOIL,PE,9500.0,CRUDEOIL15OCT269500PE,780.0,780.0,780.0,780.0,0,16
2026-09-21 15:08:00,CRUDEOIL,CE,9550.0,CRUDEOIL15OCT269550CE,311.2,311.2,311.2,311.2,0,16
2026-09-21 15:08:00,CRUDEOIL,PE,9550.0,CRUDEOIL15OCT269550PE,850.0,850.0,850.0,850.0,0,16
2026-09-21 15:08:00,CRUDEOIL,CE,9600.0,CRUDEOIL15OCT269600CE,301.0,301.0,300.5,300.5,900,16
2026-09-21 15:08:00,CRUDEOIL,PE,9600.0,CRUDEOIL15OCT269600PE,845.5,845.5,845.5,845.5,0,16
2026-09-21 15:08:00,CRUDEOIL,CE,9650.0,CRUDEOIL15OCT269650CE,287.6,287.6,287.6,287.6,0,16
2026-09-21 15:08:00,CRUDEOIL,PE,9650.0,CRUDEOIL15OCT269650PE,925.0,925.0,925.0,925.0,0,16
2026-09-21 15:08:00,CRUDEOIL,CE,9700.0,CRUDEOIL15OCT269700CE,273.6,273.6,273.6,273.6,200,16
2026-09-21 15:08:00,CRUDEOIL,PE,9700.0,CRUDEOIL15OCT269700PE,927.3,927.3,927.3,927.3,0,16
2026-09-21 15:08:00,CRUDEOIL,CE,9750.0,CRUDEOIL15OCT269750CE,263.1,263.1,261.7,261.7,100,16
2026-09-21 15:08:00,CRUDEOIL,PE,9750.0,CRUDEOIL15OCT269750PE,987.2,987.2,987.2,987.2,0,16
2026-09-21 15:08:00,CRUDEOILM,FUT,0.0,CRUDEOILM21SEP26FUT,9439.0,9444.0,9437.0,9437.0,1480,16
2026-09-21 15:08:00,CRUDEOILM,CE,9150.0,CRUDEOILM15OCT269150CE,463.35,464.4,462.5,462.95,40,16
2026-09-21 15:08:00,CRUDEOILM,PE,9150.0,CRUDEOILM15OCT269150PE,566.25,568.0,566.25,568.0,100,16
2026-09-21 15:08:00,CRUDEOILM,CE,9200.0,CRUDEOILM15OCT269200CE,440.75,441.9,440.75,441.9,20,16
2026-09-21 15:08:00,CRUDEOILM,PE,9200.0,CRUDEOILM15OCT269200PE,598.0,598.0,596.0,596.0,110,16
2026-09-21 15:08:00,CRUDEOILM,CE,9250.0,CRUDEOILM15OCT269250CE,423.9,423.9,423.9,423.9,0,16
2026-09-21 15:08:00,CRUDEOILM,PE,9250.0,CRUDEOILM15OCT269250PE,626.35,626.35,626.35,626.35,0,16
2026-09-21 15:08:00,CRUDEOILM,CE,9300.0,CRUDEOILM15OCT269300CE,404.35,405.85,403.35,405.85,130,16
2026-09-21 15:08:00,CRUDEOILM,PE,9300.0,CRUDEOILM15OCT269300PE,658.4,658.4,656.85,656.85,20,16
2026-09-21 15:08:00,CRUDEOILM,CE,9350.0,CRUDEOILM15OCT269350CE,387.25,387.25,387.25,387.25,0,16
2026-09-21 15:08:00,CRUDEOILM,PE,9350.0,CRUDEOILM15OCT269350PE,692.4,692.4,692.4,692.4,0,16
2026-09-21 15:08:00,CRUDEOILM,CE,9400.0,CRUDEOILM15OCT269400CE,370.5,372.5,370.5,371.85,310,16
2026-09-21 15:08:00,CRUDEOILM,PE,9400.0,CRUDEOILM15OCT269400PE,721.75,721.75,721.75,721.75,0,16
2026-09-21 15:08:00,CRUDEOILM,CE,9450.0,CRUDEOILM15OCT269450CE,351.05,353.15,351.05,353.15,10,16
2026-09-21 15:08:00,CRUDEOILM,PE,9450.0,CRUDEOILM15OCT269450PE,757.65,757.65,757.65,757.65,40,16
2026-09-21 15:08:00,CRUDEOILM,CE,9500.0,CRUDEOILM15OCT269500CE,339.0,339.5,339.0,339.5,490,16
2026-09-21 15:08:00,CRUDEOILM,PE,9500.0,CRUDEOILM15OCT269500PE,785.5,785.5,784.6,784.6,70,16
2026-09-21 15:08:00,CRUDEOILM,CE,9550.0,CRUDEOILM15OCT269550CE,321.8,321.8,321.8,321.8,0,16
2026-09-21 15:08:00,CRUDEOILM,PE,9550.0,CRUDEOILM15OCT269550PE,818.7,818.7,818.7,818.7,0,16
2026-09-21 15:08:00,CRUDEOILM,CE,9600.0,CRUDEOILM15OCT269600CE,308.6,309.1,308.6,309.1,20,16
2026-09-21 15:08:00,CRUDEOILM,PE,9600.0,CRUDEOILM15OCT269600PE,858.0,858.0,854.15,854.15,30,16
2026-09-21 15:08:00,CRUDEOILM,CE,9650.0,CRUDEOILM15OCT269650CE,298.65,298.65,298.65,298.65,0,16
2026-09-21 15:08:00,CRUDEOILM,PE,9650.0,CRUDEOILM15OCT269650PE,886.85,886.85,886.85,886.85,0,16
2026-09-21 15:08:00,CRUDEOILM,CE,9700.0,CRUDEOILM15OCT269700CE,281.55,282.65,281.55,282.65,10,16
2026-09-21 15:08:00,CRUDEOILM,PE,9700.0,CRUDEOILM15OCT269700PE,937.9,937.9,937.9,937.9,0,16
2026-09-21 15:08:00,CRUDEOILM,CE,9750.0,CRUDEOILM15OCT269750CE,270.5,270.5,269.35,269.35,10,16
2026-09-21 15:08:00,CRUDEOILM,PE,9750.0,CRUDEOILM15OCT269750PE,955.7,955.7,955.7,955.7,0,16
2026-09-21 15:09:00,CRUDEOIL,FUT,0.0,CRUDEOIL21SEP26FUT,9440.0,9442.0,9440.0,9442.0,1000,16
2026-09-21 15:09:00,CRUDEOIL,CE,9150.0,CRUDEOIL15OCT269150CE,452.4,455.0,452.4,455.0,500,16
2026-09-21 15:09:00,CRUDEOIL,PE,9150.0,CRUDEOIL15OCT269150PE,557.8,557.8,557.8,557.8,0,16
2026-09-21 15:09:00,CRUDEOIL,CE,9200.0,CRUDEOIL15OCT269200CE,431.3,431.3,430.6,430.9,1500,16
2026-09-21 15:09:00,CRUDEOIL,PE,9200.0,CRUDEOIL15OCT269200PE,588.1,588.1,588.1,588.1,100,16
2026-09-21 15:09:00,CRUDEOIL,CE,9250.0,CRUDEOIL15OCT269250CE,412.6,412.6,412.6,412.6,0,16
2026-09-21 15:09:00,CRUDEOIL,PE,9250.0,CRUDEOIL15OCT269250PE,611.5,611.5,611.5,611.5,0,16
2026-09-21 15:09:00,CRUDEOIL,CE,9300.0,CRUDEOIL15OCT269300CE,395.2,395.2,395.2,395.2,0,16
2026-09-21 15:09:00,CRUDEOIL,PE,9300.0,CRUDEOIL15OCT269300PE,651.4,651.4,651.4,651.4,0,16
2026-09-21 15:09:00,CRUDEOIL,CE,9350.0,CRUDEOIL15OCT269350CE,381.1,381.1,379.4,379.4,100,16
2026-09-21 15:09:00,CRUDEOIL,PE,9350.0,CRUDEOIL15OCT269350PE,668.6,668.6,668.6,668.6,0,16
2026-09-21 15:09:00,CRUDEOIL,CE,9400.0,CRUDEOIL15OCT269400CE,362.0,362.2,360.2,362.2,200,16
2026-09-21 15:09:00,CRUDEOIL,PE,9400.0,CRUDEOIL15OCT269400PE,717.1,717.1,717.1,717.1,100,16
2026-09-21 15:09:00,CRUDEOIL,CE,9450.0,CRUDEOIL15OCT269450CE,343.0,345.3,343.0,345.3,100,16
2026-09-21 15:09:00,CRUDEOIL,PE,9450.0,CRUDEOIL15OCT269450PE,739.0,739.0,739.0,739.0,0,16
2026-09-21 15:09:00,CRUDEOIL,CE,9500.0,CRUDEOIL15OCT269500CE,329.1,330.9,329.0,330.4,1300,16
2026-09-21 15:09:00,CRUDEOIL,PE,9500.0,CRUDEOIL15OCT269500PE,780.0,780.0,780.0,780.0,0,16
2026-09-21 15:09:00,CRUDEOIL,CE,9550.0,CRUDEOIL15OCT269550CE,311.2,311.2,311.2,311.2,0,16
2026-09-21 15:09:00,CRUDEOIL,PE,9550.0,CRUDEOIL15OCT269550PE,850.0,850.0,850.0,850.0,0,16
2026-09-21 15:09:00,CRUDEOIL,CE,9600.0,CRUDEOIL15OCT269600CE,300.5,301.4,299.5,301.4,400,16
2026-09-21 15:09:00,CRUDEOIL,PE,9600.0,CRUDEOIL15OCT269600PE,845.5,845.5,845.5,845.5,0,16
2026-09-21 15:09:00,CRUDEOIL,CE,9650.0,CRUDEOIL15OCT269650CE,287.6,287.6,287.5,287.5,200,16
2026-09-21 15:09:00,CRUDEOIL,PE,9650.0,CRUDEOIL15OCT269650PE,925.0,925.0,925.0,925.0,0,16
2026-09-21 15:09:00,CRUDEOIL,CE,9700.0,CRUDEOIL15OCT269700CE,273.3,273.3,273.0,273.0,500,16
2026-09-21 15:09:00,CRUDEOIL,PE,9700.0,CRUDEOIL15OCT269700PE,927.3,927.3,927.3,927.3,0,16
2026-09-21 15:09:00,CRUDEOIL,CE,9750.0,CRUDEOIL15OCT269750CE,261.7,261.7,261.7,261.7,0,16
2026-09-21 15:09:00,CRUDEOIL,PE,9750.0,CRUDEOIL15OCT269750PE,987.2,987.2,987.2,987.2,0,16
2026-09-21 15:09:00,CRUDEOILM,FUT,0.0,CRUDEOILM21SEP26FUT,9436.0,9440.0,9436.0,9440.0,70,16
2026-09-21 15:09:00,CRUDEOILM,CE,9150.0,CRUDEOILM15OCT269150CE,462.95,463.85,462.55,463.85,40,16
2026-09-21 15:09:00,CRUDEOILM,PE,9150.0,CRUDEOILM15OCT269150PE,568.0,568.0,568.0,568.0,0,16
2026-09-21 15:09:00,CRUDEOILM,CE,9200.0,CRUDEOILM15OCT269200CE,441.9,443.1,441.9,443.1,100,16
2026-09-21 15:09:00,CRUDEOILM,PE,9200.0,CRUDEOILM15OCT269200PE,596.0,597.0,596.0,597.0,70,16
2026-09-21 15:09:00,CRUDEOILM,CE,9250.0,CRUDEOILM15OCT269250CE,423.9,423.9,423.9,423.9,0,16
2026-09-21 15:09:00,CRUDEOILM,PE,9250.0,CRUDEOILM15OCT269250PE,626.35,626.35,626.35,626.35,0,16
2026-09-21 15:09:00,CRUDEOILM,CE,9300.0,CRUDEOILM15OCT269300CE,405.85,405.85,403.35,403.35,10,16
2026-09-21 15:09:00,CRUDEOILM,PE,9300.0,CRUDEOILM15OCT269300PE,656.85,657.9,656.85,657.9,10,16
2026-09-21 15:09:00,CRUDEOILM,CE,9350.0,CRUDEOILM15OCT269350CE,387.25,388.05,386.2,386.2,230,16
2026-09-21 15:09:00,CRUDEOILM,PE,9350.0,CRUDEOILM15OCT269350PE,692.4,692.4,692.4,692.4,0,16
2026-09-21 15:09:00,CRUDEOILM,CE,9400.0,CRUDEOILM15OCT269400CE,371.0,371.0,370.35,370.65,120,16
2026-09-21 15:09:00,CRUDEOILM,PE,9400.0,CRUDEOILM15OCT269400PE,721.75,725.8,721.75,724.35,160,16
2026-09-21 15:09:00,CRUDEOILM,CE,9450.0,CRUDEOILM15OCT269450CE,352.85,353.6,352.85,353.6,60,16
2026-09-21 15:09:00,CRUDEOILM,PE,9450.0,CRUDEOILM15OCT269450PE,757.65,757.65,754.8,754.8,90,16
2026-09-21 15:09:00,CRUDEOILM,CE,9500.0,CRUDEOILM15OCT269500CE,339.0,339.65,337.9,338.95,110,16
2026-09-21 15:09:00,CRUDEOILM,PE,9500.0,CRUDEOILM15OCT269500PE,784.6,784.6,784.6,784.6,0,16
2026-09-21 15:09:00,CRUDEOILM,CE,9550.0,CRUDEOILM15OCT269550CE,321.8,321.8,321.8,321.8,10,16
2026-09-21 15:09:00,CRUDEOILM,PE,9550.0,CRUDEOILM15OCT269550PE,818.7,818.7,818.7,818.7,0,16
2026-09-21 15:09:00,CRUDEOILM,CE,9600.0,CRUDEOILM15OCT269600CE,309.1,309.2,309.1,309.2,10,16
2026-09-21 15:09:00,CRUDEOILM,PE,9600.0,CRUDEOILM15OCT269600PE,854.15,854.15,854.15,854.15,0,16
2026-09-21 15:09:00,CRUDEOILM,CE,9650.0,CRUDEOILM15OCT269650CE,298.65,298.65,298.65,298.65,0,16
2026-09-21 15:09:00,CRUDEOILM,PE,9650.0,CRUDEOILM15OCT269650PE,886.85,886.85,886.85,886.85,0,16
2026-09-21 15:09:00,CRUDEOILM,CE,9700.0,CRUDEOILM15OCT269700CE,282.65,282.65,282.4,282.4,10,16
2026-09-21 15:09:00,CRUDEOILM,PE,9700.0,CRUDEOILM15OCT269700PE,937.9,937.9,937.9,937.9,0,16
2026-09-21 15:09:00,CRUDEOILM,CE,9750.0,CRUDEOILM15OCT269750CE,269.35,269.35,269.35,269.35,0,16
2026-09-21 15:09:00,CRUDEOILM,PE,9750.0,CRUDEOILM15OCT269750PE,955.7,955.7,955.7,955.7,0,16
2026-09-21 15:10:00,CRUDEOIL,FUT,0.0,CRUDEOIL21SEP26FUT,9433.0,9439.0,9430.0,9432.0,2000,16
2026-09-21 15:10:00,CRUDEOIL,CE,9150.0,CRUDEOIL15OCT269150CE,452.1,452.1,452.1,452.1,0,16
2026-09-21 15:10:00,CRUDEOIL,PE,9150.0,CRUDEOIL15OCT269150PE,557.8,557.8,557.8,557.8,0,16
2026-09-21 15:10:00,CRUDEOIL,CE,9200.0,CRUDEOIL15OCT269200CE,428.7,428.7,428.7,428.7,0,16
2026-09-21 15:10:00,CRUDEOIL,PE,9200.0,CRUDEOIL15OCT269200PE,588.1,591.0,588.1,591.0,100,16
2026-09-21 15:10:00,CRUDEOIL,CE,9250.0,CRUDEOIL15OCT269250CE,412.6,412.6,409.8,409.8,100,16
2026-09-21 15:10:00,CRUDEOIL,PE,9250.0,CRUDEOIL15OCT269250PE,611.5,611.5,611.5,611.5,0,16
2026-09-21 15:10:00,CRUDEOIL,CE,9300.0,CRUDEOIL15OCT269300CE,392.2,392.2,392.2,392.2,0,16
2026-09-21 15:10:00,CRUDEOIL,PE,9300.0,CRUDEOIL15OCT269300PE,654.0,654.0,654.0,654.0,0,16
2026-09-21 15:10:00,CRUDEOIL,CE,9350.0,CRUDEOIL15OCT269350CE,379.4,379.4,379.4,379.4,0,16
2026-09-21 15:10:00,CRUDEOIL,PE,9350.0,CRUDEOIL15OCT269350PE,668.6,668.6,668.6,668.6,0,16
2026-09-21 15:10:00,CRUDEOIL,CE,9400.0,CRUDEOIL15OCT269400CE,359.1,360.3,358.8,360.3,1300,16
2026-09-21 15:10:00,CRUDEOIL,PE,9400.0,CRUDEOIL15OCT269400PE,717.1,721.5,717.1,721.5,200,16
2026-09-21 15:10:00,CRUDEOIL,CE,9450.0,CRUDEOIL15OCT269450CE,343.0,343.0,342.1,342.1,200,16
2026-09-21 15:10:00,CRUDEOIL,PE,9450.0,CRUDEOIL15OCT269450PE,739.0,739.0,739.0,739.0,0,16
2026-09-21 15:10:00,CRUDEOIL,CE,9500.0,CRUDEOIL15OCT269500CE,328.0,328.8,328.0,328.2,500,16
2026-09-21 15:10:00,CRUDEOIL,PE,9500.0,CRUDEOIL15OCT269500PE,784.9,784.9,783.2,783.2,1000,16
2026-09-21 15:10:00,CRUDEOIL,CE,9550.0,CRUDEOIL15OCT269550CE,313.2,313.2,313.2,313.2,0,16
2026-09-21 15:10:00,CRUDEOIL,PE,9550.0,CRUDEOIL15OCT269550PE,850.0,850.0,850.0,850.0,0,16
2026-09-21 15:10:00,CRUDEOIL,CE,9600.0,CRUDEOIL15OCT269600CE,300.0,300.0,299.6,299.6,100,16
2026-09-21 15:10:00,CRUDEOIL,PE,9600.0,CRUDEOIL15OCT269600PE,856.3,856.3,856.3,856.3,0,16
2026-09-21 15:10:00,CRUDEOIL,CE,9650.0,CRUDEOIL15OCT269650CE,287.5,287.5,287.5,287.5,0,16
2026-09-21 15:10:00,CRUDEOIL,PE,9650.0,CRUDEOIL15OCT269650PE,925.0,925.0,925.0,925.0,0,16
2026-09-21 15:10:00,CRUDEOIL,CE,9700.0,CRUDEOIL15OCT269700CE,272.3,272.3,271.2,271.8,300,16
2026-09-21 15:10:00,CRUDEOIL,PE,9700.0,CRUDEOIL15OCT269700PE,927.3,927.3,927.3,927.3,0,16
2026-09-21 15:10:00,CRUDEOIL,CE,9750.0,CRUDEOIL15OCT269750CE,261.7,261.7,261.7,261.7,0,16
2026-09-21 15:10:00,CRUDEOIL,PE,9750.0,CRUDEOIL15OCT269750PE,987.2,987.2,987.2,987.2,0,16
2026-09-21 15:10:00,CRUDEOILM,FUT,0.0,CRUDEOILM21SEP26FUT,9438.0,9438.0,9430.0,9438.0,210,16
2026-09-21 15:10:00,CRUDEOILM,CE,9150.0,CRUDEOILM15OCT269150CE,460.0,461.75,460.0,460.25,80,16
2026-09-21 15:10:00,CRUDEOILM,PE,9150.0,CRUDEOILM15OCT269150PE,569.15,569.15,569.15,569.15,0,16
2026-09-21 15:10:00,CRUDEOILM,CE,9200.0,CRUDEOILM15OCT269200CE,439.8,439.8,439.35,439.35,100,16
2026-09-21 15:10:00,CRUDEOILM,PE,9200.0,CRUDEOILM15OCT269200PE,598.0,598.5,598.0,598.5,150,16
2026-09-21 15:10:00,CRUDEOILM,CE,9250.0,CRUDEOILM15OCT269250CE,419.3,419.3,419.3,419.3,0,16
2026-09-21 15:10:00,CRUDEOILM,PE,9250.0,CRUDEOILM15OCT269250PE,626.35,626.35,626.35,626.35,0,16
2026-09-21 15:10:00,CRUDEOILM,CE,9300.0,CRUDEOILM15OCT269300CE,401.45,403.05,401.45,402.6,130,16
2026-09-21 15:10:00,CRUDEOILM,PE,9300.0,CRUDEOILM15OCT269300PE,657.9,657.9,657.9,657.9,0,16
2026-09-21 15:10:00,CRUDEOILM,CE,9350.0,CRUDEOILM15OCT269350CE,384.4,384.4,384.2,384.2,10,16
2026-09-21 15:10:00,CRUDEOILM,PE,9350.0,CRUDEOILM15OCT269350PE,692.4,692.4,692.4,692.4,20,16
2026-09-21 15:10:00,CRUDEOILM,CE,9400.0,CRUDEOILM15OCT269400CE,368.95,369.0,368.95,368.95,20,16
2026-09-21 15:10:00,CRUDEOILM,PE,9400.0,CRUDEOILM15OCT269400PE,724.35,728.2,724.35,728.2,50,16
2026-09-21 15:10:00,CRUDEOILM,CE,9450.0,CRUDEOILM15OCT269450CE,351.8,351.8,351.8,351.8,0,16
2026-09-21 15:10:00,CRUDEOILM,PE,9450.0,CRUDEOILM15OCT269450PE,754.8,757.0,754.8,757.0,10,16
2026-09-21 15:10:00,CRUDEOILM,CE,9500.0,CRUDEOILM15OCT269500CE,336.85,337.25,336.85,336.85,30,16
2026-09-21 15:10:00,CRUDEOILM,PE,9500.0,CRUDEOILM15OCT269500PE,784.6,784.6,784.6,784.6,0,16
2026-09-21 15:10:00,CRUDEOILM,CE,9550.0,CRUDEOILM15OCT269550CE,321.8,321.8,321.7,321.7,10,16
2026-09-21 15:10:00,CRUDEOILM,PE,9550.0,CRUDEOILM15OCT269550PE,818.7,818.7,818.7,818.7,0,16
2026-09-21 15:10:00,CRUDEOILM,CE,9600.0,CRUDEOILM15OCT269600CE,309.2,309.2,309.2,309.2,0,16
2026-09-21 15:10:00,CRUDEOILM,PE,9600.0,CRUDEOILM15OCT269600PE,859.5,859.5,859.5,859.5,0,16
2026-09-21 15:10:00,CRUDEOILM,CE,9650.0,CRUDEOILM15OCT269650CE,298.65,298.65,298.65,298.65,0,16
2026-09-21 15:10:00,CRUDEOILM,PE,9650.0,CRUDEOILM15OCT269650PE,886.85,886.85,886.85,886.85,0,16
2026-09-21 15:10:00,CRUDEOILM,CE,9700.0,CRUDEOILM15OCT269700CE,280.7,280.95,280.7,280.95,10,16
2026-09-21 15:10:00,CRUDEOILM,PE,9700.0,CRUDEOILM15OCT269700PE,937.9,937.9,937.9,937.9,0,16
2026-09-21 15:10:00,CRUDEOILM,CE,9750.0,CRUDEOILM15OCT269750CE,267.95,267.95,267.4,267.4,620,16
2026-09-21 15:10:00,CRUDEOILM,PE,9750.0,CRUDEOILM15OCT269750PE,955.7,955.7,955.7,955.7,0,16
2026-09-21 15:11:00,CRUDEOIL,FUT,0.0,CRUDEOIL21SEP26FUT,9432.0,9432.0,9420.0,9420.0,700,15
2026-09-21 15:11:00,CRUDEOIL,CE,9150.0,CRUDEOIL15OCT269150CE,452.1,452.1,452.1,452.1,0,15
2026-09-21 15:11:00,CRUDEOIL,PE,9150.0,CRUDEOIL15OCT269150PE,564.0,564.0,564.0,564.0,0,15
2026-09-21 15:11:00,CRUDEOIL,CE,9200.0,CRUDEOIL15OCT269200CE,428.0,428.0,425.0,425.3,2000,15
2026-09-21 15:11:00,CRUDEOIL,PE,9200.0,CRUDEOIL15OCT269200PE,594.5,595.7,594.4,594.4,300,15
2026-09-21 15:11:00,CRUDEOIL,CE,9250.0,CRUDEOIL15OCT269250CE,409.8,409.8,408.3,408.3,100,15
2026-09-21 15:11:00,CRUDEOIL,PE,9250.0,CRUDEOIL15OCT269250PE,625.0,629.7,625.0,629.7,1000,15
2026-09-21 15:11:00,CRUDEOIL,CE,9300.0,CRUDEOIL15OCT269300CE,389.9,389.9,388.3,388.6,900,15
2026-09-21 15:11:00,CRUDEOIL,PE,9300.0,CRUDEOIL15OCT269300PE,657.1,659.0,657.1,659.0,300,15
2026-09-21 15:11:00,CRUDEOIL,CE,9350.0,CRUDEOIL15OCT269350CE,379.4,379.4,379.4,379.4,0,15
2026-09-21 15:11:00,CRUDEOIL,PE,9350.0,CRUDEOIL15OCT269350PE,668.6,668.6,668.6,668.6,0,15
2026-09-21 15:11:00,CRUDEOIL,CE,9400.0,CRUDEOIL15OCT269400CE,356.3,356.6,355.4,356.6,700,15
2026-09-21 15:11:00,CRUDEOIL,PE,9400.0,CRUDEOIL15OCT269400PE,721.5,724.9,721.5,724.8,300,15
2026-09-21 15:11:00,CRUDEOIL,CE,9450.0,CRUDEOIL15OCT269450CE,342.1,342.1,338.4,338.9,300,15
2026-09-21 15:11:00,CRUDEOIL,PE,9450.0,CRUDEOIL15OCT269450PE,739.0,757.4,739.0,756.0,200,15
2026-09-21 15:11:00,CRUDEOIL,CE,9500.0,CRUDEOIL15OCT269500CE,324.5,324.7,323.4,323.6,3100,15
2026-09-21 15:11:00,CRUDEOIL,PE,9500.0,CRUDEOIL15OCT269500PE,783.2,790.0,783.2,789.6,800,15
2026-09-21 15:11:00,CRUDEOIL,CE,9550.0,CRUDEOIL15OCT269550CE,309.1,309.1,309.1,309.1,0,15
2026-09-21 15:11:00,CRUDEOIL,PE,9550.0,CRUDEOIL15OCT269550PE,850.0,850.0,850.0,850.0,0,15
2026-09-21 15:11:00,CRUDEOIL,CE,9600.0,CRUDEOIL15OCT269600CE,299.6,299.6,294.5,295.5,1500,15
2026-09-21 15:11:00,CRUDEOIL,PE,9600.0,CRUDEOIL15OCT269600PE,856.3,856.3,856.3,856.3,0,15
2026-09-21 15:11:00,CRUDEOIL,CE,9650.0,CRUDEOIL15OCT269650CE,287.5,287.5,287.5,287.5,0,15
2026-09-21 15:11:00,CRUDEOIL,PE,9650.0,CRUDEOIL15OCT269650PE,925.0,925.0,925.0,925.0,0,15
2026-09-21 15:11:00,CRUDEOIL,CE,9700.0,CRUDEOIL15OCT269700CE,269.0,269.7,268.3,269.7,1100,15
2026-09-21 15:11:00,CRUDEOIL,PE,9700.0,CRUDEOIL15OCT269700PE,927.3,927.3,927.3,927.3,0,15
2026-09-21 15:11:00,CRUDEOIL,CE,9750.0,CRUDEOIL15OCT269750CE,261.7,261.7,261.7,261.7,0,15
2026-09-21 15:11:00,CRUDEOIL,PE,9750.0,CRUDEOIL15OCT269750PE,987.2,987.2,987.2,987.2,0,15
2026-09-21 15:11:00,CRUDEOILM,FUT,0.0,CRUDEOILM21SEP26FUT,9425.0,9425.0,9420.0,9424.0,190,15
2026-09-21 15:11:00,CRUDEOILM,CE,9150.0,CRUDEOILM15OCT269150CE,458.85,458.85,454.6,457.6,800,15
2026-09-21 15:11:00,CRUDEOILM,PE,9150.0,CRUDEOILM15OCT269150PE,570.0,575.35,570.0,574.4,1030,15
2026-09-21 15:11:00,CRUDEOILM,CE,9200.0,CRUDEOILM15OCT269200CE,439.35,439.35,433.7,436.0,220,15
2026-09-21 15:11:00,CRUDEOILM,PE,9200.0,CRUDEOILM15OCT269200PE,598.5,604.75,598.5,600.55,340,15
2026-09-21 15:11:00,CRUDEOILM,CE,9250.0,CRUDEOILM15OCT269250CE,419.3,419.3,414.65,414.95,140,15
2026-09-21 15:11:00,CRUDEOILM,PE,9250.0,CRUDEOILM15OCT269250PE,626.35,633.0,626.35,633.0,60,15
2026-09-21 15:11:00,CRUDEOILM,CE,9300.0,CRUDEOILM15OCT269300CE,402.6,402.6,396.25,398.25,420,15
2026-09-21 15:11:00,CRUDEOILM,PE,9300.0,CRUDEOILM15OCT269300PE,660.0,664.2,660.0,662.4,140,15
2026-09-21 15:11:00,CRUDEOILM,CE,9350.0,CRUDEOILM15OCT269350CE,384.2,384.2,379.6,380.25,180,15
2026-09-21 15:11:00,CRUDEOILM,PE,9350.0,CRUDEOILM15OCT269350PE,692.4,696.05,692.4,696.05,20,15
2026-09-21 15:11:00,CRUDEOILM,CE,9400.0,CRUDEOILM15OCT269400CE,368.95,368.95,363.55,365.55,1490,15
2026-09-21 15:11:00,CRUDEOILM,PE,9400.0,CRUDEOILM15OCT269400PE,728.2,732.5,728.2,730.8,390,15
2026-09-21 15:11:00,CRUDEOILM,CE,9450.0,CRUDEOILM15OCT269450CE,351.0,351.0,346.65,347.8,290,15
2026-09-21 15:11:00,CRUDEOILM,PE,9450.0,CRUDEOILM15OCT269450PE,757.0,764.35,757.0,764.35,30,15
2026-09-21 15:11:00,CRUDEOILM,CE,9500.0,CRUDEOILM15OCT269500CE,336.85,336.85,332.55,334.9,830,15
2026-09-21 15:11:00,CRUDEOILM,PE,9500.0,CRUDEOILM15OCT269500PE,784.6,795.8,784.6,794.0,100,15
2026-09-21 15:11:00,CRUDEOILM,CE,9550.0,CRUDEOILM15OCT269550CE,321.7,321.7,318.75,318.75,30,15
2026-09-21 15:11:00,CRUDEOILM,PE,9550.0,CRUDEOILM15OCT269550PE,818.7,838.65,818.7,838.65,10,15
2026-09-21 15:11:00,CRUDEOILM,CE,9600.0,CRUDEOILM15OCT269600CE,309.2,309.2,302.45,303.65,240,15
2026-09-21 15:11:00,CRUDEOILM,PE,9600.0,CRUDEOILM15OCT269600PE,859.5,859.5,859.5,859.5,0,15
2026-09-21 15:11:00,CRUDEOILM,CE,9650.0,CRUDEOILM15OCT269650CE,298.65,298.65,288.1,288.1,210,15
2026-09-21 15:11:00,CRUDEOILM,PE,9650.0,CRUDEOILM15OCT269650PE,886.85,886.85,886.85,886.85,0,15
2026-09-21 15:11:00,CRUDEOILM,CE,9700.0,CRUDEOILM15OCT269700CE,277.35,277.8,276.85,277.8,50,15
2026-09-21 15:11:00,CRUDEOILM,PE,9700.0,CRUDEOILM15OCT269700PE,937.9,937.9,937.9,937.9,0,15
2026-09-21 15:11:00,CRUDEOILM,CE,9750.0,CRUDEOILM15OCT269750CE,264.75,264.75,263.7,263.7,460,15
2026-09-21 15:11:00,CRUDEOILM,PE,9750.0,CRUDEOILM15OCT269750PE,955.7,955.7,955.7,955.7,0,15
2026-09-21 15:12:00,CRUDEOIL,FUT,0.0,CRUDEOIL21SEP26FUT,9420.0,9424.0,9414.0,9424.0,500,16
2026-09-21 15:12:00,CRUDEOIL,CE,9150.0,CRUDEOIL15OCT269150CE,452.1,452.1,445.0,445.0,100,16
2026-09-21 15:12:00,CRUDEOIL,PE,9150.0,CRUDEOIL15OCT269150PE,564.0,564.0,564.0,564.0,0,16
2026-09-21 15:12:00,CRUDEOIL,CE,9200.0,CRUDEOIL15OCT269200CE,425.3,426.6,424.9,426.6,1600,16
2026-09-21 15:12:00,CRUDEOIL,PE,9200.0,CRUDEOIL15OCT269200PE,594.4,594.4,594.4,594.4,0,16
2026-09-21 15:12:00,CRUDEOIL,CE,9250.0,CRUDEOIL15OCT269250CE,406.6,406.6,406.1,406.5,200,16
2026-09-21 15:12:00,CRUDEOIL,PE,9250.0,CRUDEOIL15OCT269250PE,629.7,629.7,626.4,626.4,100,16
2026-09-21 15:12:00,CRUDEOIL,CE,9300.0,CRUDEOIL15OCT269300CE,388.6,390.1,388.0,390.1,1300,16
2026-09-21 15:12:00,CRUDEOIL,PE,9300.0,CRUDEOIL15OCT269300PE,659.0,659.0,659.0,659.0,0,16
2026-09-21 15:12:00,CRUDEOIL,CE,9350.0,CRUDEOIL15OCT269350CE,379.4,379.4,379.4,379.4,0,16
2026-09-21 15:12:00,CRUDEOIL,PE,9350.0,CRUDEOIL15OCT269350PE,668.6,668.6,668.6,668.6,0,16
2026-09-21 15:12:00,CRUDEOIL,CE,9400.0,CRUDEOIL15OCT269400CE,355.0,358.1,353.7,358.1,1600,16
2026-09-21 15:12:00,CRUDEOIL,PE,9400.0,CRUDEOIL15OCT269400PE,724.8,726.4,724.8,726.4,200,16
2026-09-21 15:12:00,CRUDEOIL,CE,9450.0,CRUDEOIL15OCT269450CE,338.9,338.9,337.2,337.6,700,16
2026-09-21 15:12:00,CRUDEOIL,PE,9450.0,CRUDEOIL15OCT269450PE,756.0,758.3,756.0,758.3,400,16
2026-09-21 15:12:00,CRUDEOIL,CE,9500.0,CRUDEOIL15OCT269500CE,323.6,326.0,323.4,326.0,1600,16
2026-09-21 15:12:00,CRUDEOIL,PE,9500.0,CRUDEOIL15OCT269500PE,789.6,789.6,788.7,788.7,100,16
2026-09-21 15:12:00,CRUDEOIL,CE,9550.0,CRUDEOIL15OCT269550CE,309.1,309.1,309.1,309.1,0,16
2026-09-21 15:12:00,CRUDEOIL,PE,9550.0,CRUDEOIL15OCT269550PE,850.0,850.0,850.0,850.0,0,16
2026-09-21 15:12:00,CRUDEOIL,CE,9600.0,CRUDEOIL15OCT269600CE,295.5,296.7,295.5,296.7,100,16
2026-09-21 15:12:00,CRUDEOIL,PE,9600.0,CRUDEOIL15OCT269600PE,856.3,856.3,856.3,856.3,0,16
2026-09-21 15:12:00,CRUDEOIL,CE,9650.0,CRUDEOIL15OCT269650CE,287.5,287.5,287.5,287.5,0,16
2026-09-21 15:12:00,CRUDEOIL,PE,9650.0,CRUDEOIL15OCT269650PE,925.0,925.0,925.0,925.0,0,16
2026-09-21 15:12:00,CRUDEOIL,CE,9700.0,CRUDEOIL15OCT269700CE,269.7,271.4,268.8,271.4,500,16
2026-09-21 15:12:00,CRUDEOIL,PE,9700.0,CRUDEOIL15OCT269700PE,927.3,927.3,927.3,927.3,0,16
2026-09-21 15:12:00,CRUDEOIL,CE,9750.0,CRUDEOIL15OCT269750CE,261.7,261.7,261.7,261.7,0,16
2026-09-21 15:12:00,CRUDEOIL,PE,9750.0,CRUDEOIL15OCT269750PE,987.2,987.2,987.2,987.2,0,16
2026-09-21 15:12:00,CRUDEOILM,FUT,0.0,CRUDEOILM21SEP26FUT,9420.0,9432.0,9419.0,9432.0,150,16
2026-09-21 15:12:00,CRUDEOILM,CE,9150.0,CRUDEOILM15OCT269150CE,457.6,457.6,455.0,457.1,130,16
2026-09-21 15:12:00,CRUDEOILM,PE,9150.0,CRUDEOILM15OCT269150PE,576.75,576.75,571.75,571.75,110,16
2026-09-21 15:12:00,CRUDEOILM,CE,9200.0,CRUDEOILM15OCT269200CE,433.9,437.15,433.75,437.15,130,16
2026-09-21 15:12:00,CRUDEOILM,PE,9200.0,CRUDEOILM15OCT269200PE,602.7,602.7,602.7,602.7,70,16
2026-09-21 15:12:00,CRUDEOILM,CE,9250.0,CRUDEOILM15OCT269250CE,414.85,414.85,414.85,414.85,0,16
2026-09-21 15:12:00,CRUDEOILM,PE,9250.0,CRUDEOILM15OCT269250PE,633.0,633.0,631.7,631.7,10,16
2026-09-21 15:12:00,CRUDEOILM,CE,9300.0,CRUDEOILM15OCT269300CE,398.25,400.2,397.2,400.2,140,16
2026-09-21 15:12:00,CRUDEOILM,PE,9300.0,CRUDEOILM15OCT269300PE,662.4,662.4,662.05,662.05,90,16
2026-09-21 15:12:00,CRUDEOILM,CE,9350.0,CRUDEOILM15OCT269350CE,380.25,380.25,380.0,380.0,600,16
2026-09-21 15:12:00,CRUDEOILM,PE,9350.0,CRUDEOILM15OCT269350PE,696.05,696.05,696.05,696.05,0,16
2026-09-21 15:12:00,CRUDEOILM,CE,9400.0,CRUDEOILM15OCT269400CE,365.55,365.55,363.0,365.45,120,16
2026-09-21 15:12:00,CRUDEOILM,PE,9400.0,CRUDEOILM15OCT269400PE,730.8,730.8,730.15,730.15,10,16
2026-09-21 15:12:00,CRUDEOILM,CE,9450.0,CRUDEOILM15OCT269450CE,347.8,348.85,345.5,348.85,40,16
2026-09-21 15:12:00,CRUDEOILM,PE,9450.0,CRUDEOILM15OCT269450PE,764.35,764.5,761.55,761.55,60,16
2026-09-21 15:12:00,CRUDEOILM,CE,9500.0,CRUDEOILM15OCT269500CE,334.9,335.35,331.9,335.35,240,16
2026-09-21 15:12:00,CRUDEOILM,PE,9500.0,CRUDEOILM15OCT269500PE,794.0,795.25,794.0,795.25,10,16
2026-09-21 15:12:00,CRUDEOILM,CE,9550.0,CRUDEOILM15OCT269550CE,318.75,318.75,316.6,316.6,30,16
2026-09-21 15:12:00,CRUDEOILM,PE,9550.0,CRUDEOILM15OCT269550PE,838.65,838.65,838.65,838.65,0,16
2026-09-21 15:12:00,CRUDEOILM,CE,9600.0,CRUDEOILM15OCT269600CE,303.65,305.45,303.65,305.45,90,16
2026-09-21 15:12:00,CRUDEOILM,PE,9600.0,CRUDEOILM15OCT269600PE,859.5,859.5,859.5,859.5,0,16
2026-09-21 15:12:00,CRUDEOILM,CE,9650.0,CRUDEOILM15OCT269650CE,288.1,288.1,288.1,288.1,0,16
2026-09-21 15:12:00,CRUDEOILM,PE,9650.0,CRUDEOILM15OCT269650PE,886.85,886.85,886.85,886.85,0,16
2026-09-21 15:12:00,CRUDEOILM,CE,9700.0,CRUDEOILM15OCT269700CE,277.8,279.25,275.95,279.25,60,16
2026-09-21 15:12:00,CRUDEOILM,PE,9700.0,CRUDEOILM15OCT269700PE,937.9,946.2,937.9,946.2,10,16
2026-09-21 15:12:00,CRUDEOILM,CE,9750.0,CRUDEOILM15OCT269750CE,263.7,264.4,263.7,264.4,40,16
2026-09-21 15:12:00,CRUDEOILM,PE,9750.0,CRUDEOILM15OCT269750PE,955.7,955.7,955.7,955.7,0,16
2026-09-21 15:13:00,CRUDEOIL,FUT,0.0,CRUDEOIL21SEP26FUT,9424.0,9428.0,9424.0,9428.0,400,15
2026-09-21 15:13:00,CRUDEOIL,CE,9150.0,CRUDEOIL15OCT269150CE,445.0,445.0,445.0,445.0,0,15
2026-09-21 15:13:00,CRUDEOIL,PE,9150.0,CRUDEOIL15OCT269150PE,564.0,564.0,561.1,561.1,100,15
2026-09-21 15:13:00,CRUDEOIL,CE,9200.0,CRUDEOIL15OCT269200CE,426.6,426.6,426.6,426.6,0,15
2026-09-21 15:13:00,CRUDEOIL,PE,9200.0,CRUDEOIL15OCT269200PE,594.4,594.4,590.9,591.8,400,15
2026-09-21 15:13:00,CRUDEOIL,CE,9250.0,CRUDEOIL15OCT269250CE,406.5,406.5,406.5,406.5,0,15
2026-09-21 15:13:00,CRUDEOIL,PE,9250.0,CRUDEOIL15OCT269250PE,626.4,626.4,624.1,624.1,100,15
2026-09-21 15:13:00,CRUDEOIL,CE,9300.0,CRUDEOIL15OCT269300CE,390.1,392.9,390.1,392.9,400,15
2026-09-21 15:13:00,CRUDEOIL,PE,9300.0,CRUDEOIL15OCT269300PE,659.0,659.0,654.8,655.3,700,15
2026-09-21 15:13:00,CRUDEOIL,CE,9350.0,CRUDEOIL15OCT269350CE,379.4,379.4,379.4,379.4,0,15
2026-09-21 15:13:00,CRUDEOIL,PE,9350.0,CRUDEOIL15OCT269350PE,668.6,686.2,668.6,686.2,300,15
2026-09-21 15:13:00,CRUDEOIL,CE,9400.0,CRUDEOIL15OCT269400CE,358.1,359.7,357.2,358.3,1700,15
2026-09-21 15:13:00,CRUDEOIL,PE,9400.0,CRUDEOIL15OCT269400PE,721.0,721.0,720.4,720.4,100,15
2026-09-21 15:13:00,CRUDEOIL,CE,9450.0,CRUDEOIL15OCT269450CE,337.6,337.6,337.6,337.6,0,15
2026-09-21 15:13:00,CRUDEOIL,PE,9450.0,CRUDEOIL15OCT269450PE,758.3,758.3,758.3,758.3,0,15
2026-09-21 15:13:00,CRUDEOIL,CE,9500.0,CRUDEOIL15OCT269500CE,326.0,327.7,326.0,327.6,1100,15
2026-09-21 15:13:00,CRUDEOIL,PE,9500.0,CRUDEOIL15OCT269500PE,788.7,788.7,788.7,788.7,0,15
2026-09-21 15:13:00,CRUDEOIL,CE,9550.0,CRUDEOIL15OCT269550CE,309.1,309.1,309.1,309.1,0,15
2026-09-21 15:13:00,CRUDEOIL,PE,9550.0,CRUDEOIL15OCT269550PE,850.0,850.0,850.0,850.0,0,15
2026-09-21 15:13:00,CRUDEOIL,CE,9600.0,CRUDEOIL15OCT269600CE,296.7,296.7,296.7,296.7,0,15
2026-09-21 15:13:00,CRUDEOIL,PE,9600.0,CRUDEOIL15OCT269600PE,856.3,856.3,856.3,856.3,0,15
2026-09-21 15:13:00,CRUDEOIL,CE,9650.0,CRUDEOIL15OCT269650CE,287.5,287.5,287.5,287.5,0,15
2026-09-21 15:13:00,CRUDEOIL,PE,9650.0,CRUDEOIL15OCT269650PE,925.0,925.0,925.0,925.0,0,15
2026-09-21 15:13:00,CRUDEOIL,CE,9700.0,CRUDEOIL15OCT269700CE,271.4,271.4,271.4,271.4,100,15
2026-09-21 15:13:00,CRUDEOIL,PE,9700.0,CRUDEOIL15OCT269700PE,927.3,927.3,927.3,927.3,0,15
2026-09-21 15:13:00,CRUDEOIL,CE,9750.0,CRUDEOIL15OCT269750CE,261.7,261.7,261.7,261.7,0,15
2026-09-21 15:13:00,CRUDEOIL,PE,9750.0,CRUDEOIL15OCT269750PE,987.2,987.2,987.2,987.2,0,15
2026-09-21 15:13:00,CRUDEOILM,FUT,0.0,CRUDEOILM21SEP26FUT,9432.0,9432.0,9430.0,9430.0,70,15
2026-09-21 15:13:00,CRUDEOILM,CE,9150.0,CRUDEOILM15OCT269150CE,457.1,459.35,457.1,458.25,80,15
2026-09-21 15:13:00,CRUDEOILM,PE,9150.0,CRUDEOILM15OCT269150PE,571.75,572.5,570.5,572.5,260,15
2026-09-21 15:13:00,CRUDEOILM,CE,9200.0,CRUDEOILM15OCT269200CE,437.15,437.15,437.15,437.15,0,15
2026-09-21 15:13:00,CRUDEOILM,PE,9200.0,CRUDEOILM15OCT269200PE,602.7,602.7,600.05,600.05,230,15
2026-09-21 15:13:00,CRUDEOILM,CE,9250.0,CRUDEOILM15OCT269250CE,414.85,419.35,414.85,419.15,110,15
2026-09-21 15:13:00,CRUDEOILM,PE,9250.0,CRUDEOILM15OCT269250PE,631.7,632.7,631.7,632.7,10,15
2026-09-21 15:13:00,CRUDEOILM,CE,9300.0,CRUDEOILM15OCT269300CE,400.2,402.0,400.2,402.0,10,15
2026-09-21 15:13:00,CRUDEOILM,PE,9300.0,CRUDEOILM15OCT269300PE,662.05,662.05,661.1,661.1,10,15
2026-09-21 15:13:00,CRUDEOILM,CE,9350.0,CRUDEOILM15OCT269350CE,380.0,380.0,380.0,380.0,0,15
2026-09-21 15:13:00,CRUDEOILM,PE,9350.0,CRUDEOILM15OCT269350PE,696.05,696.05,696.05,696.05,0,15
2026-09-21 15:13:00,CRUDEOILM,CE,9400.0,CRUDEOILM15OCT269400CE,365.45,367.5,365.45,367.5,50,15
2026-09-21 15:13:00,CRUDEOILM,PE,9400.0,CRUDEOILM15OCT269400PE,730.15,730.15,728.15,729.0,190,15
2026-09-21 15:13:00,CRUDEOILM,CE,9450.0,CRUDEOILM15OCT269450CE,348.85,350.05,348.85,350.05,100,15
2026-09-21 15:13:00,CRUDEOILM,PE,9450.0,CRUDEOILM15OCT269450PE,761.55,761.55,761.55,761.55,0,15
2026-09-21 15:13:00,CRUDEOILM,CE,9500.0,CRUDEOILM15OCT269500CE,335.35,335.9,335.35,335.9,60,15
2026-09-21 15:13:00,CRUDEOILM,PE,9500.0,CRUDEOILM15OCT269500PE,795.25,795.25,791.4,791.4,90,15
2026-09-21 15:13:00,CRUDEOILM,CE,9550.0,CRUDEOILM15OCT269550CE,316.6,316.6,316.6,316.6,0,15
2026-09-21 15:13:00,CRUDEOILM,PE,9550.0,CRUDEOILM15OCT269550PE,838.65,838.65,838.65,838.65,0,15
2026-09-21 15:13:00,CRUDEOILM,CE,9600.0,CRUDEOILM15OCT269600CE,305.45,305.45,304.65,304.65,40,15
2026-09-21 15:13:00,CRUDEOILM,PE,9600.0,CRUDEOILM15OCT269600PE,859.5,864.4,859.5,864.4,40,15
2026-09-21 15:13:00,CRUDEOILM,CE,9650.0,CRUDEOILM15OCT269650CE,288.1,288.1,288.1,288.1,0,15
2026-09-21 15:13:00,CRUDEOILM,PE,9650.0,CRUDEOILM15OCT269650PE,886.85,886.85,886.85,886.85,0,15
2026-09-21 15:13:00,CRUDEOILM,CE,9700.0,CRUDEOILM15OCT269700CE,279.25,279.25,279.25,279.25,0,15
2026-09-21 15:13:00,CRUDEOILM,PE,9700.0,CRUDEOILM15OCT269700PE,946.2,946.2,946.2,946.2,0,15
2026-09-21 15:13:00,CRUDEOILM,CE,9750.0,CRUDEOILM15OCT269750CE,264.4,264.4,264.4,264.4,0,15
2026-09-21 15:13:00,CRUDEOILM,PE,9750.0,CRUDEOILM15OCT269750PE,955.7,955.7,955.7,955.7,0,15
2026-09-21 15:14:00,CRUDEOIL,FUT,0.0,CRUDEOIL21SEP26FUT,9428.0,9428.0,9427.0,9427.0,100,16
2026-09-21 15:14:00,CRUDEOIL,CE,9150.0,CRUDEOIL15OCT269150CE,445.0,445.0,445.0,445.0,0,16
2026-09-21 15:14:00,CRUDEOIL,PE,9150.0,CRUDEOIL15OCT269150PE,561.1,561.1,561.1,561.1,0,16
2026-09-21 15:14:00,CRUDEOIL,CE,9200.0,CRUDEOIL15OCT269200CE,426.6,429.4,426.6,429.4,600,16
2026-09-21 15:14:00,CRUDEOIL,PE,9200.0,CRUDEOIL15OCT269200PE,591.8,591.8,591.8,591.8,0,16
2026-09-21 15:14:00,CRUDEOIL,CE,9250.0,CRUDEOIL15OCT269250CE,406.5,406.5,406.5,406.5,0,16
2026-09-21 15:14:00,CRUDEOIL,PE,9250.0,CRUDEOIL15OCT269250PE,624.1,624.1,624.1,624.1,0,16
2026-09-21 15:14:00,CRUDEOIL,CE,9300.0,CRUDEOIL15OCT269300CE,392.9,392.9,391.2,391.2,100,16
2026-09-21 15:14:00,CRUDEOIL,PE,9300.0,CRUDEOIL15OCT269300PE,655.3,655.3,655.3,655.3,0,16
2026-09-21 15:14:00,CRUDEOIL,CE,9350.0,CRUDEOIL15OCT269350CE,379.4,379.4,375.4,375.4,100,16
2026-09-21 15:14:00,CRUDEOIL,PE,9350.0,CRUDEOIL15OCT269350PE,686.2,686.2,686.2,686.2,0,16
2026-09-21 15:14:00,CRUDEOIL,CE,9400.0,CRUDEOIL15OCT269400CE,358.3,359.0,358.0,358.0,1400,16
2026-09-21 15:14:00,CRUDEOIL,PE,9400.0,CRUDEOIL15OCT269400PE,720.4,722.0,720.4,722.0,100,16
2026-09-21 15:14:00,CRUDEOIL,CE,9450.0,CRUDEOIL15OCT269450CE,337.6,341.4,337.6,341.4,100,16
2026-09-21 15:14:00,CRUDEOIL,PE,9450.0,CRUDEOIL15OCT269450PE,758.3,758.3,758.0,758.0,100,16
2026-09-21 15:14:00,CRUDEOIL,CE,9500.0,CRUDEOIL15OCT269500CE,327.3,327.3,326.0,326.8,800,16
2026-09-21 15:14:00,CRUDEOIL,PE,9500.0,CRUDEOIL15OCT269500PE,788.7,788.7,787.8,787.8,200,16
2026-09-21 15:14:00,CRUDEOIL,CE,9550.0,CRUDEOIL15OCT269550CE,309.1,309.1,309.1,309.1,0,16
2026-09-21 15:14:00,CRUDEOIL,PE,9550.0,CRUDEOIL15OCT269550PE,850.0,850.0,850.0,850.0,0,16
2026-09-21 15:14:00,CRUDEOIL,CE,9600.0,CRUDEOIL15OCT269600CE,296.7,296.7,296.7,296.7,0,16
2026-09-21 15:14:00,CRUDEOIL,PE,9600.0,CRUDEOIL15OCT269600PE,856.3,859.0,856.3,859.0,100,16
2026-09-21 15:14:00,CRUDEOIL,CE,9650.0,CRUDEOIL15OCT269650CE,287.5,287.5,287.5,287.5,0,16
2026-09-21 15:14:00,CRUDEOIL,PE,9650.0,CRUDEOIL15OCT269650PE,925.0,925.0,925.0,925.0,0,16
2026-09-21 15:14:00,CRUDEOIL,CE,9700.0,CRUDEOIL15OCT269700CE,271.4,271.4,271.2,271.2,100,16
2026-09-21 15:14:00,CRUDEOIL,PE,9700.0,CRUDEOIL15OCT269700PE,927.3,927.3,927.3,927.3,0,16
2026-09-21 15:14:00,CRUDEOIL,CE,9750.0,CRUDEOIL15OCT269750CE,261.7,261.7,261.7,261.7,0,16
2026-09-21 15:14:00,CRUDEOIL,PE,9750.0,CRUDEOIL15OCT269750PE,987.2,987.2,987.2,987.2,0,16
2026-09-21 15:14:00,CRUDEOILM,FUT,0.0,CRUDEOILM21SEP26FUT,9430.0,9430.0,9429.0,9429.0,20,16
2026-09-21 15:14:00,CRUDEOILM,CE,9150.0,CRUDEOILM15OCT269150CE,459.4,459.4,459.4,459.4,0,16
2026-09-21 15:14:00,CRUDEOILM,PE,9150.0,CRUDEOILM15OCT269150PE,572.5,572.5,572.25,572.25,40,16
2026-09-21 15:14:00,CRUDEOILM,CE,9200.0,CRUDEOILM15OCT269200CE,437.15,437.15,437.15,437.15,0,16
2026-09-21 15:14:00,CRUDEOILM,PE,9200.0,CRUDEOILM15OCT269200PE,600.05,600.05,600.05,600.05,0,16
2026-09-21 15:14:00,CRUDEOILM,CE,9250.0,CRUDEOILM15OCT269250CE,419.15,419.15,418.0,418.0,1000,16
2026-09-21 15:14:00,CRUDEOILM,PE,9250.0,CRUDEOILM15OCT269250PE,632.7,632.7,632.7,632.7,0,16
2026-09-21 15:14:00,CRUDEOILM,CE,9300.0,CRUDEOILM15OCT269300CE,402.0,402.0,400.5,401.5,130,16
2026-09-21 15:14:00,CRUDEOILM,PE,9300.0,CRUDEOILM15OCT269300PE,661.1,661.1,661.0,661.0,100,16
2026-09-21 15:14:00,CRUDEOILM,CE,9350.0,CRUDEOILM15OCT269350CE,380.0,380.0,380.0,380.0,0,16
2026-09-21 15:14:00,CRUDEOILM,PE,9350.0,CRUDEOILM15OCT269350PE,696.05,696.05,696.05,696.05,0,16
2026-09-21 15:14:00,CRUDEOILM,CE,9400.0,CRUDEOILM15OCT269400CE,367.5,367.5,367.1,367.1,100,16
2026-09-21 15:14:00,CRUDEOILM,PE,9400.0,CRUDEOILM15OCT269400PE,729.0,731.95,729.0,731.95,50,16
2026-09-21 15:14:00,CRUDEOILM,CE,9450.0,CRUDEOILM15OCT269450CE,350.05,350.05,349.85,349.85,20,16
2026-09-21 15:14:00,CRUDEOILM,PE,9450.0,CRUDEOILM15OCT269450PE,761.55,762.65,761.55,762.65,10,16
2026-09-21 15:14:00,CRUDEOILM,CE,9500.0,CRUDEOILM15OCT269500CE,335.9,335.9,334.15,334.15,160,16
2026-09-21 15:14:00,CRUDEOILM,PE,9500.0,CRUDEOILM15OCT269500PE,791.4,794.1,791.4,794.1,20,16
2026-09-21 15:14:00,CRUDEOILM,CE,9550.0,CRUDEOILM15OCT269550CE,316.6,316.6,316.6,316.6,0,16
2026-09-21 15:14:00,CRUDEOILM,PE,9550.0,CRUDEOILM15OCT269550PE,838.65,838.65,838.65,838.65,0,16
2026-09-21 15:14:00,CRUDEOILM,CE,9600.0,CRUDEOILM15OCT269600CE,304.65,304.65,304.65,304.65,0,16
2026-09-21 15:14:00,CRUDEOILM,PE,9600.0,CRUDEOILM15OCT269600PE,864.4,864.4,864.4,864.4,0,16
2026-09-21 15:14:00,CRUDEOILM,CE,9650.0,CRUDEOILM15OCT269650CE,288.1,288.1,288.1,288.1,0,16
2026-09-21 15:14:00,CRUDEOILM,PE,9650.0,CRUDEOILM15OCT269650PE,886.85,886.85,886.85,886.85,0,16
2026-09-21 15:14:00,CRUDEOILM,CE,9700.0,CRUDEOILM15OCT269700CE,279.25,279.25,278.75,278.9,100,16
2026-09-21 15:14:00,CRUDEOILM,PE,9700.0,CRUDEOILM15OCT269700PE,946.2,946.2,946.2,946.2,0,16
2026-09-21 15:14:00,CRUDEOILM,CE,9750.0,CRUDEOILM15OCT269750CE,264.4,264.4,264.4,264.4,0,16
2026-09-21 15:14:00,CRUDEOILM,PE,9750.0,CRUDEOILM15OCT269750PE,955.7,955.7,955.7,955.7,0,16
2026-09-21 15:15:00,CRUDEOIL,FUT,0.0,CRUDEOIL21SEP26FUT,9427.0,9435.0,9423.0,9435.0,300,16
2026-09-21 15:15:00,CRUDEOIL,CE,9150.0,CRUDEOIL15OCT269150CE,445.0,445.0,445.0,445.0,0,16
2026-09-21 15:15:00,CRUDEOIL,PE,9150.0,CRUDEOIL15OCT269150PE,561.1,561.1,561.1,561.1,0,16
2026-09-21 15:15:00,CRUDEOIL,CE,9200.0,CRUDEOIL15OCT269200CE,429.4,434.1,428.1,434.1,400,16
2026-09-21 15:15:00,CRUDEOIL,PE,9200.0,CRUDEOIL15OCT269200PE,591.8,593.9,586.9,586.9,600,16
2026-09-21 15:15:00,CRUDEOIL,CE,9250.0,CRUDEOIL15OCT269250CE,406.5,406.5,406.5,406.5,0,16
2026-09-21 15:15:00,CRUDEOIL,PE,9250.0,CRUDEOIL15OCT269250PE,624.1,624.1,624.1,624.1,0,16
2026-09-21 15:15:00,CRUDEOIL,CE,9300.0,CRUDEOIL15OCT269300CE,391.2,391.8,391.2,391.8,300,16
2026-09-21 15:15:00,CRUDEOIL,PE,9300.0,CRUDEOIL15OCT269300PE,655.3,655.3,648.0,648.0,600,16
2026-09-21 15:15:00,CRUDEOIL,CE,9350.0,CRUDEOIL15OCT269350CE,375.4,375.4,375.4,375.4,0,16
2026-09-21 15:15:00,CRUDEOIL,PE,9350.0,CRUDEOIL15OCT269350PE,686.2,686.2,686.2,686.2,0,16
2026-09-21 15:15:00,CRUDEOIL,CE,9400.0,CRUDEOIL15OCT269400CE,358.0,362.0,358.0,362.0,1200,16
2026-09-21 15:15:00,CRUDEOIL,PE,9400.0,CRUDEOIL15OCT269400PE,722.0,723.5,717.0,717.0,400,16
2026-09-21 15:15:00,CRUDEOIL,CE,9450.0,CRUDEOIL15OCT269450CE,341.4,344.3,341.4,344.3,100,16
2026-09-21 15:15:00,CRUDEOIL,PE,9450.0,CRUDEOIL15OCT269450PE,758.0,758.0,758.0,758.0,0,16
2026-09-21 15:15:00,CRUDEOIL,CE,9500.0,CRUDEOIL15OCT269500CE,326.8,331.4,326.8,331.3,1600,16
2026-09-21 15:15:00,CRUDEOIL,PE,9500.0,CRUDEOIL15OCT269500PE,787.8,787.8,787.8,787.8,0,16
2026-09-21 15:15:00,CRUDEOIL,CE,9550.0,CRUDEOIL15OCT269550CE,309.1,312.9,309.1,312.9,500,16
2026-09-21 15:15:00,CRUDEOIL,PE,9550.0,CRUDEOIL15OCT269550PE,850.0,850.0,850.0,850.0,0,16
2026-09-21 15:15:00,CRUDEOIL,CE,9600.0,CRUDEOIL15OCT269600CE,296.7,301.7,296.7,300.6,200,16
2026-09-21 15:15:00,CRUDEOIL,PE,9600.0,CRUDEOIL15OCT269600PE,859.0,859.0,859.0,859.0,0,16
2026-09-21 15:15:00,CRUDEOIL,CE,9650.0,CRUDEOIL15OCT269650CE,287.5,287.5,281.8,281.8,100,16
2026-09-21 15:15:00,CRUDEOIL,PE,9650.0,CRUDEOIL15OCT269650PE,925.0,925.0,925.0,925.0,0,16
2026-09-21 15:15:00,CRUDEOIL,CE,9700.0,CRUDEOIL15OCT269700CE,271.2,271.2,271.2,271.2,1800,16
2026-09-21 15:15:00,CRUDEOIL,PE,9700.0,CRUDEOIL15OCT269700PE,927.3,927.3,927.3,927.3,0,16
2026-09-21 15:15:00,CRUDEOIL,CE,9750.0,CRUDEOIL15OCT269750CE,261.7,261.7,260.4,260.4,100,16
2026-09-21 15:15:00,CRUDEOIL,PE,9750.0,CRUDEOIL15OCT269750PE,987.2,987.2,987.2,987.2,0,16
2026-09-21 15:15:00,CRUDEOILM,FUT,0.0,CRUDEOILM21SEP26FUT,9429.0,9443.0,9425.0,9443.0,320,16
2026-09-21 15:15:00,CRUDEOILM,CE,9150.0,CRUDEOILM15OCT269150CE,458.8,465.05,458.8,465.05,30,16
2026-09-21 15:15:00,CRUDEOILM,PE,9150.0,CRUDEOILM15OCT269150PE,572.25,572.25,566.6,566.6,130,16
2026-09-21 15:15:00,CRUDEOILM,CE,9200.0,CRUDEOILM15OCT269200CE,437.15,443.9,437.15,443.9,150,16
2026-09-21 15:15:00,CRUDEOILM,PE,9200.0,CRUDEOILM15OCT269200PE,600.05,600.75,597.3,597.3,160,16
2026-09-21 15:15:00,CRUDEOILM,CE,9250.0,CRUDEOILM15OCT269250CE,418.0,423.7,418.0,423.7,70,16
2026-09-21 15:15:00,CRUDEOILM,PE,9250.0,CRUDEOILM15OCT269250PE,632.7,632.7,629.6,629.6,20,16
2026-09-21 15:15:00,CRUDEOILM,CE,9300.0,CRUDEOILM15OCT269300CE,401.5,406.3,400.65,406.3,120,16
2026-09-21 15:15:00,CRUDEOILM,PE,9300.0,CRUDEOILM15OCT269300PE,661.0,661.1,661.0,661.1,50,16
2026-09-21 15:15:00,CRUDEOILM,CE,9350.0,CRUDEOILM15OCT269350CE,380.0,380.0,380.0,380.0,0,16
2026-09-21 15:15:00,CRUDEOILM,PE,9350.0,CRUDEOILM15OCT269350PE,696.05,696.05,690.0,690.0,90,16
2026-09-21 15:15:00,CRUDEOILM,CE,9400.0,CRUDEOILM15OCT269400CE,367.1,372.0,367.1,372.0,130,16
2026-09-21 15:15:00,CRUDEOILM,PE,9400.0,CRUDEOILM15OCT269400PE,731.95,731.95,731.95,731.95,0,16
2026-09-21 15:15:00,CRUDEOILM,CE,9450.0,CRUDEOILM15OCT269450CE,349.85,349.85,349.05,349.25,20,16
2026-09-21 15:15:00,CRUDEOILM,PE,9450.0,CRUDEOILM15OCT269450PE,762.65,762.65,762.65,762.65,0,16
2026-09-21 15:15:00,CRUDEOILM,CE,9500.0,CRUDEOILM15OCT269500CE,334.15,334.15,334.15,334.15,0,16
2026-09-21 15:15:00,CRUDEOILM,PE,9500.0,CRUDEOILM15OCT269500PE,794.1,794.1,790.0,790.0,40,16
2026-09-21 15:15:00,CRUDEOILM,CE,9550.0,CRUDEOILM15OCT269550CE,316.6,320.0,316.6,320.0,20,16
2026-09-21 15:15:00,CRUDEOILM,PE,9550.0,CRUDEOILM15OCT269550PE,838.65,838.65,838.65,838.65,0,16
2026-09-21 15:15:00,CRUDEOILM,CE,9600.0,CRUDEOILM15OCT269600CE,303.55,308.5,303.55,308.5,40,16
2026-09-21 15:15:00,CRUDEOILM,PE,9600.0,CRUDEOILM15OCT269600PE,864.4,864.4,864.4,864.4,0,16
2026-09-21 15:15:00,CRUDEOILM,CE,9650.0,CRUDEOILM15OCT269650CE,288.1,294.9,288.1,294.9,60,16
2026-09-21 15:15:00,CRUDEOILM,PE,9650.0,CRUDEOILM15OCT269650PE,886.85,886.85,886.85,886.85,0,16
2026-09-21 15:15:00,CRUDEOILM,CE,9700.0,CRUDEOILM15OCT269700CE,278.9,278.9,278.9,278.9,0,16
2026-09-21 15:15:00,CRUDEOILM,PE,9700.0,CRUDEOILM15OCT269700PE,946.2,946.2,946.2,946.2,0,16
2026-09-21 15:15:00,CRUDEOILM,CE,9750.0,CRUDEOILM15OCT269750CE,264.4,268.6,264.4,268.6,50,16
2026-09-21 15:15:00,CRUDEOILM,PE,9750.0,CRUDEOILM15OCT269750PE,955.7,955.7,955.7,955.7,0,16
2026-09-21 15:16:00,CRUDEOIL,FUT,0.0,CRUDEOIL21SEP26FUT,9435.0,9435.0,9423.0,9423.0,200,16
2026-09-21 15:16:00,CRUDEOIL,CE,9150.0,CRUDEOIL15OCT269150CE,445.0,448.5,445.0,448.5,300,16
2026-09-21 15:16:00,CRUDEOIL,PE,9150.0,CRUDEOIL15OCT269150PE,561.1,564.7,561.1,564.7,100,16
2026-09-21 15:16:00,CRUDEOIL,CE,9200.0,CRUDEOIL15OCT269200CE,434.1,434.1,425.1,426.3,3300,16
2026-09-21 15:16:00,CRUDEOIL,PE,9200.0,CRUDEOIL15OCT269200PE,586.9,594.8,586.9,594.8,100,16
2026-09-21 15:16:00,CRUDEOIL,CE,9250.0,CRUDEOIL15OCT269250CE,406.5,411.7,406.5,410.1,300,16
2026-09-21 15:16:00,CRUDEOIL,PE,9250.0,CRUDEOIL15OCT269250PE,624.1,624.1,624.1,624.1,0,16
2026-09-21 15:16:00,CRUDEOIL,CE,9300.0,CRUDEOIL15OCT269300CE,395.5,395.5,391.6,391.6,200,16
2026-09-21 15:16:00,CRUDEOIL,PE,9300.0,CRUDEOIL15OCT269300PE,648.0,648.0,648.0,648.0,0,16
2026-09-21 15:16:00,CRUDEOIL,CE,9350.0,CRUDEOIL15OCT269350CE,375.4,375.4,375.4,375.4,0,16
2026-09-21 15:16:00,CRUDEOIL,PE,9350.0,CRUDEOIL15OCT269350PE,686.2,686.2,683.4,683.4,100,16
2026-09-21 15:16:00,CRUDEOIL,CE,9400.0,CRUDEOIL15OCT269400CE,362.0,362.0,356.0,358.1,1300,16
2026-09-21 15:16:00,CRUDEOIL,PE,9400.0,CRUDEOIL15OCT269400PE,717.0,717.0,717.0,717.0,0,16
2026-09-21 15:16:00,CRUDEOIL,CE,9450.0,CRUDEOIL15OCT269450CE,344.3,344.3,337.9,341.1,500,16
2026-09-21 15:16:00,CRUDEOIL,PE,9450.0,CRUDEOIL15OCT269450PE,745.5,749.9,745.5,749.9,300,16
2026-09-21 15:16:00,CRUDEOIL,CE,9500.0,CRUDEOIL15OCT269500CE,331.3,331.3,324.4,324.4,4100,16
2026-09-21 15:16:00,CRUDEOIL,PE,9500.0,CRUDEOIL15OCT269500PE,787.8,787.8,782.8,782.8,100,16
2026-09-21 15:16:00,CRUDEOIL,CE,9550.0,CRUDEOIL15OCT269550CE,312.9,312.9,311.2,311.2,200,16
2026-09-21 15:16:00,CRUDEOIL,PE,9550.0,CRUDEOIL15OCT269550PE,850.0,850.0,850.0,850.0,0,16
2026-09-21 15:16:00,CRUDEOIL,CE,9600.0,CRUDEOIL15OCT269600CE,300.6,300.6,296.7,296.7,700,16
2026-09-21 15:16:00,CRUDEOIL,PE,9600.0,CRUDEOIL15OCT269600PE,859.0,859.0,859.0,859.0,100,16
2026-09-21 15:16:00,CRUDEOIL,CE,9650.0,CRUDEOIL15OCT269650CE,281.8,281.8,281.8,281.8,0,16
2026-09-21 15:16:00,CRUDEOIL,PE,9650.0,CRUDEOIL15OCT269650PE,925.0,925.0,925.0,925.0,0,16
2026-09-21 15:16:00,CRUDEOIL,CE,9700.0,CRUDEOIL15OCT269700CE,271.2,271.2,269.5,270.3,900,16
2026-09-21 15:16:00,CRUDEOIL,PE,9700.0,CRUDEOIL15OCT269700PE,927.3,927.3,927.3,927.3,0,16
2026-09-21 15:16:00,CRUDEOIL,CE,9750.0,CRUDEOIL15OCT269750CE,260.4,260.7,260.4,260.7,100,16
2026-09-21 15:16:00,CRUDEOIL,PE,9750.0,CRUDEOIL15OCT269750PE,987.2,987.2,987.2,987.2,0,16
2026-09-21 15:16:00,CRUDEOILM,FUT,0.0,CRUDEOILM21SEP26FUT,9442.0,9442.0,9425.0,9425.0,570,16
2026-09-21 15:16:00,CRUDEOILM,CE,9150.0,CRUDEOILM15OCT269150CE,465.05,465.05,456.7,456.7,840,16
2026-09-21 15:16:00,CRUDEOILM,PE,9150.0,CRUDEOILM15OCT269150PE,566.6,576.45,566.6,571.55,550,16
2026-09-21 15:16:00,CRUDEOILM,CE,9200.0,CRUDEOILM15OCT269200CE,443.9,443.9,434.95,438.95,330,16
2026-09-21 15:16:00,CRUDEOILM,PE,9200.0,CRUDEOILM15OCT269200PE,597.3,603.05,596.9,602.25,270,16
2026-09-21 15:16:00,CRUDEOILM,CE,9250.0,CRUDEOILM15OCT269250CE,423.7,423.7,418.0,418.0,330,16
2026-09-21 15:16:00,CRUDEOILM,PE,9250.0,CRUDEOILM15OCT269250PE,629.6,633.0,629.6,633.0,210,16
2026-09-21 15:16:00,CRUDEOILM,CE,9300.0,CRUDEOILM15OCT269300CE,406.3,406.3,397.7,397.7,190,16
2026-09-21 15:16:00,CRUDEOILM,PE,9300.0,CRUDEOILM15OCT269300PE,654.15,660.6,654.15,660.6,170,16
2026-09-21 15:16:00,CRUDEOILM,CE,9350.0,CRUDEOILM15OCT269350CE,380.0,384.35,380.0,382.15,50,16
2026-09-21 15:16:00,CRUDEOILM,PE,9350.0,CRUDEOILM15OCT269350PE,690.0,691.65,690.0,691.65,100,16
2026-09-21 15:16:00,CRUDEOILM,CE,9400.0,CRUDEOILM15OCT269400CE,372.0,372.0,364.7,365.85,250,16
2026-09-21 15:16:00,CRUDEOILM,PE,9400.0,CRUDEOILM15OCT269400PE,731.95,731.95,726.6,729.75,130,16
2026-09-21 15:16:00,CRUDEOILM,CE,9450.0,CRUDEOILM15OCT269450CE,349.25,350.5,348.35,348.35,70,16
2026-09-21 15:16:00,CRUDEOILM,PE,9450.0,CRUDEOILM15OCT269450PE,762.65,762.65,759.65,762.3,50,16
2026-09-21 15:16:00,CRUDEOILM,CE,9500.0,CRUDEOILM15OCT269500CE,339.9,339.9,333.2,335.05,320,16
2026-09-21 15:16:00,CRUDEOILM,PE,9500.0,CRUDEOILM15OCT269500PE,790.0,790.0,788.85,788.85,10,16
2026-09-21 15:16:00,CRUDEOILM,CE,9550.0,CRUDEOILM15OCT269550CE,320.0,320.0,319.2,319.2,100,16
2026-09-21 15:16:00,CRUDEOILM,PE,9550.0,CRUDEOILM15OCT269550PE,838.65,838.65,826.8,826.8,10,16
2026-09-21 15:16:00,CRUDEOILM,CE,9600.0,CRUDEOILM15OCT269600CE,308.5,308.5,303.45,303.45,150,16
2026-09-21 15:16:00,CRUDEOILM,PE,9600.0,CRUDEOILM15OCT269600PE,864.4,864.4,864.4,864.4,0,16
2026-09-21 15:16:00,CRUDEOILM,CE,9650.0,CRUDEOILM15OCT269650CE,294.9,294.9,294.9,294.9,0,16
2026-09-21 15:16:00,CRUDEOILM,PE,9650.0,CRUDEOILM15OCT269650PE,886.85,886.85,886.85,886.85,0,16
2026-09-21 15:16:00,CRUDEOILM,CE,9700.0,CRUDEOILM15OCT269700CE,278.9,279.45,278.4,278.4,100,16
2026-09-21 15:16:00,CRUDEOILM,PE,9700.0,CRUDEOILM15OCT269700PE,946.2,946.2,946.2,946.2,0,16
2026-09-21 15:16:00,CRUDEOILM,CE,9750.0,CRUDEOILM15OCT269750CE,268.6,268.6,263.25,265.6,120,16
2026-09-21 15:16:00,CRUDEOILM,PE,9750.0,CRUDEOILM15OCT269750PE,955.7,955.7,955.7,955.7,0,16
2026-09-21 15:17:00,CRUDEOIL,FUT,0.0,CRUDEOIL21SEP26FUT,9423.0,9423.0,9423.0,9423.0,200,16
2026-09-21 15:17:00,CRUDEOIL,CE,9150.0,CRUDEOIL15OCT269150CE,448.5,449.3,448.5,449.3,100,16
2026-09-21 15:17:00,CRUDEOIL,PE,9150.0,CRUDEOIL15OCT269150PE,564.7,564.7,564.7,564.7,0,16
2026-09-21 15:17:00,CRUDEOIL,CE,9200.0,CRUDEOIL15OCT269200CE,426.3,426.3,426.3,426.3,0,16
2026-09-21 15:17:00,CRUDEOIL,PE,9200.0,CRUDEOIL15OCT269200PE,594.8,594.8,592.2,592.2,100,16
2026-09-21 15:17:00,CRUDEOIL,CE,9250.0,CRUDEOIL15OCT269250CE,410.1,410.1,410.1,410.1,0,16
2026-09-21 15:17:00,CRUDEOIL,PE,9250.0,CRUDEOIL15OCT269250PE,624.1,624.1,624.1,624.1,0,16
2026-09-21 15:17:00,CRUDEOIL,CE,9300.0,CRUDEOIL15OCT269300CE,391.6,391.6,390.7,390.7,300,16
2026-09-21 15:17:00,CRUDEOIL,PE,9300.0,CRUDEOIL15OCT269300PE,648.0,648.0,648.0,648.0,0,16
2026-09-21 15:17:00,CRUDEOIL,CE,9350.0,CRUDEOIL15OCT269350CE,375.4,375.4,375.4,375.4,0,16
2026-09-21 15:17:00,CRUDEOIL,PE,9350.0,CRUDEOIL15OCT269350PE,683.4,683.4,683.4,683.4,0,16
2026-09-21 15:17:00,CRUDEOIL,CE,9400.0,CRUDEOIL15OCT269400CE,358.3,358.3,357.8,357.8,400,16
2026-09-21 15:17:00,CRUDEOIL,PE,9400.0,CRUDEOIL15OCT269400PE,719.4,722.6,719.4,722.6,100,16
2026-09-21 15:17:00,CRUDEOIL,CE,9450.0,CRUDEOIL15OCT269450CE,341.1,341.1,339.4,339.4,100,16
2026-09-21 15:17:00,CRUDEOIL,PE,9450.0,CRUDEOIL15OCT269450PE,749.9,749.9,749.9,749.9,0,16
2026-09-21 15:17:00,CRUDEOIL,CE,9500.0,CRUDEOIL15OCT269500CE,324.4,326.3,324.4,326.3,200,16
2026-09-21 15:17:00,CRUDEOIL,PE,9500.0,CRUDEOIL15OCT269500PE,782.8,782.8,782.8,782.8,0,16
2026-09-21 15:17:00,CRUDEOIL,CE,9550.0,CRUDEOIL15OCT269550CE,311.2,311.2,311.2,311.2,0,16
2026-09-21 15:17:00,CRUDEOIL,PE,9550.0,CRUDEOIL15OCT269550PE,850.0,850.0,850.0,850.0,0,16
2026-09-21 15:17:00,CRUDEOIL,CE,9600.0,CRUDEOIL15OCT269600CE,296.7,296.7,296.7,296.7,0,16
2026-09-21 15:17:00,CRUDEOIL,PE,9600.0,CRUDEOIL15OCT269600PE,859.0,859.0,859.0,859.0,0,16
2026-09-21 15:17:00,CRUDEOIL,CE,9650.0,CRUDEOIL15OCT269650CE,281.8,281.8,281.8,281.8,0,16
2026-09-21 15:17:00,CRUDEOIL,PE,9650.0,CRUDEOIL15OCT269650PE,925.0,925.0,925.0,925.0,0,16
2026-09-21 15:17:00,CRUDEOIL,CE,9700.0,CRUDEOIL15OCT269700CE,270.3,270.3,270.3,270.3,0,16
2026-09-21 15:17:00,CRUDEOIL,PE,9700.0,CRUDEOIL15OCT269700PE,927.3,927.3,927.3,927.3,0,16
2026-09-21 15:17:00,CRUDEOIL,CE,9750.0,CRUDEOIL15OCT269750CE,260.7,260.7,260.7,260.7,0,16
2026-09-21 15:17:00,CRUDEOIL,PE,9750.0,CRUDEOIL15OCT269750PE,987.2,987.2,987.2,987.2,0,16
2026-09-21 15:17:00,CRUDEOILM,FUT,0.0,CRUDEOILM21SEP26FUT,9424.0,9427.0,9424.0,9424.0,110,16
2026-09-21 15:17:00,CRUDEOILM,CE,9150.0,CRUDEOILM15OCT269150CE,456.7,459.45,456.7,459.45,130,16
2026-09-21 15:17:00,CRUDEOILM,PE,9150.0,CRUDEOILM15OCT269150PE,571.55,573.4,571.55,572.35,40,16
2026-09-21 15:17:00,CRUDEOILM,CE,9200.0,CRUDEOILM15OCT269200CE,438.95,438.95,437.95,437.95,50,16
2026-09-21 15:17:00,CRUDEOILM,PE,9200.0,CRUDEOILM15OCT269200PE,602.25,602.25,602.25,602.25,0,16
2026-09-21 15:17:00,CRUDEOILM,CE,9250.0,CRUDEOILM15OCT269250CE,418.0,418.15,417.05,417.05,90,16
2026-09-21 15:17:00,CRUDEOILM,PE,9250.0,CRUDEOILM15OCT269250PE,633.0,633.5,633.0,633.5,50,16
2026-09-21 15:17:00,CRUDEOILM,CE,9300.0,CRUDEOILM15OCT269300CE,397.7,400.95,397.7,400.7,60,16
2026-09-21 15:17:00,CRUDEOILM,PE,9300.0,CRUDEOILM15OCT269300PE,660.6,660.6,660.6,660.6,0,16
2026-09-21 15:17:00,CRUDEOILM,CE,9350.0,CRUDEOILM15OCT269350CE,382.15,382.15,382.15,382.15,0,16
2026-09-21 15:17:00,CRUDEOILM,PE,9350.0,CRUDEOILM15OCT269350PE,691.65,691.65,691.65,691.65,0,16
2026-09-21 15:17:00,CRUDEOILM,CE,9400.0,CRUDEOILM15OCT269400CE,365.85,367.95,365.85,367.45,230,16
2026-09-21 15:17:00,CRUDEOILM,PE,9400.0,CRUDEOILM15OCT269400PE,729.75,730.8,729.75,730.8,20,16
2026-09-21 15:17:00,CRUDEOILM,CE,9450.0,CRUDEOILM15OCT269450CE,348.35,348.35,348.0,348.0,10,16
2026-09-21 15:17:00,CRUDEOILM,PE,9450.0,CRUDEOILM15OCT269450PE,762.3,762.3,762.3,762.3,0,16
2026-09-21 15:17:00,CRUDEOILM,CE,9500.0,CRUDEOILM15OCT269500CE,335.05,335.05,335.0,335.0,110,16
2026-09-21 15:17:00,CRUDEOILM,PE,9500.0,CRUDEOILM15OCT269500PE,788.85,788.85,788.85,788.85,0,16
2026-09-21 15:17:00,CRUDEOILM,CE,9550.0,CRUDEOILM15OCT269550CE,319.2,319.2,318.5,318.5,20,16
2026-09-21 15:17:00,CRUDEOILM,PE,9550.0,CRUDEOILM15OCT269550PE,826.8,826.8,826.8,826.8,0,16
2026-09-21 15:17:00,CRUDEOILM,CE,9600.0,CRUDEOILM15OCT269600CE,303.45,303.45,303.45,303.45,0,16
2026-09-21 15:17:00,CRUDEOILM,PE,9600.0,CRUDEOILM15OCT269600PE,864.4,864.4,864.4,864.4,0,16
2026-09-21 15:17:00,CRUDEOILM,CE,9650.0,CRUDEOILM15OCT269650CE,294.9,294.9,294.9,294.9,0,16
2026-09-21 15:17:00,CRUDEOILM,PE,9650.0,CRUDEOILM15OCT269650PE,886.85,886.85,886.85,886.85,0,16
2026-09-21 15:17:00,CRUDEOILM,CE,9700.0,CRUDEOILM15OCT269700CE,278.4,278.75,278.4,278.75,10,16
2026-09-21 15:17:00,CRUDEOILM,PE,9700.0,CRUDEOILM15OCT269700PE,946.2,946.2,946.2,946.2,0,16
2026-09-21 15:17:00,CRUDEOILM,CE,9750.0,CRUDEOILM15OCT269750CE,265.6,265.6,265.6,265.6,0,16
2026-09-21 15:17:00,CRUDEOILM,PE,9750.0,CRUDEOILM15OCT269750PE,955.7,955.7,955.7,955.7,0,16
2026-09-21 15:18:00,CRUDEOIL,FUT,0.0,CRUDEOIL21SEP26FUT,9423.0,9423.0,9420.0,9420.0,300,15
2026-09-21 15:18:00,CRUDEOIL,CE,9150.0,CRUDEOIL15OCT269150CE,449.3,449.3,445.0,445.0,300,15
2026-09-21 15:18:00,CRUDEOIL,PE,9150.0,CRUDEOIL15OCT269150PE,564.7,564.7,564.7,564.7,0,15
2026-09-21 15:18:00,CRUDEOIL,CE,9200.0,CRUDEOIL15OCT269200CE,426.3,427.0,425.0,425.0,400,15
2026-09-21 15:18:00,CRUDEOIL,PE,9200.0,CRUDEOIL15OCT269200PE,594.0,595.0,594.0,595.0,100,15
2026-09-21 15:18:00,CRUDEOIL,CE,9250.0,CRUDEOIL15OCT269250CE,410.1,410.1,408.0,408.1,200,15
2026-09-21 15:18:00,CRUDEOIL,PE,9250.0,CRUDEOIL15OCT269250PE,624.1,630.0,624.1,630.0,100,15
2026-09-21 15:18:00,CRUDEOIL,CE,9300.0,CRUDEOIL15OCT269300CE,390.7,391.3,388.5,389.0,1300,15
2026-09-21 15:18:00,CRUDEOIL,PE,9300.0,CRUDEOIL15OCT269300PE,648.0,648.0,648.0,648.0,0,15
2026-09-21 15:18:00,CRUDEOIL,CE,9350.0,CRUDEOIL15OCT269350CE,375.4,375.4,375.4,375.4,0,15
2026-09-21 15:18:00,CRUDEOIL,PE,9350.0,CRUDEOIL15OCT269350PE,683.4,683.4,683.4,683.4,0,15
2026-09-21 15:18:00,CRUDEOIL,CE,9400.0,CRUDEOIL15OCT269400CE,357.8,357.8,355.3,355.8,800,15
2026-09-21 15:18:00,CRUDEOIL,PE,9400.0,CRUDEOIL15OCT269400PE,722.6,725.0,722.6,725.0,300,15
2026-09-21 15:18:00,CRUDEOIL,CE,9450.0,CRUDEOIL15OCT269450CE,339.4,339.4,339.4,339.4,100,15
2026-09-21 15:18:00,CRUDEOIL,PE,9450.0,CRUDEOIL15OCT269450PE,749.9,749.9,749.9,749.9,0,15
2026-09-21 15:18:00,CRUDEOIL,CE,9500.0,CRUDEOIL15OCT269500CE,326.3,326.7,323.6,324.5,2900,15
2026-09-21 15:18:00,CRUDEOIL,PE,9500.0,CRUDEOIL15OCT269500PE,782.8,792.0,782.8,792.0,300,15
2026-09-21 15:18:00,CRUDEOIL,CE,9550.0,CRUDEOIL15OCT269550CE,311.2,311.2,311.2,311.2,0,15
2026-09-21 15:18:00,CRUDEOIL,PE,9550.0,CRUDEOIL15OCT269550PE,850.0,850.0,850.0,850.0,0,15
2026-09-21 15:18:00,CRUDEOIL,CE,9600.0,CRUDEOIL15OCT269600CE,296.7,296.9,296.7,296.9,2900,15
2026-09-21 15:18:00,CRUDEOIL,PE,9600.0,CRUDEOIL15OCT269600PE,859.0,859.0,859.0,859.0,0,15
2026-09-21 15:18:00,CRUDEOIL,CE,9650.0,CRUDEOIL15OCT269650CE,281.8,281.8,281.8,281.8,100,15
2026-09-21 15:18:00,CRUDEOIL,PE,9650.0,CRUDEOIL15OCT269650PE,925.0,925.0,925.0,925.0,0,15
2026-09-21 15:18:00,CRUDEOIL,CE,9700.0,CRUDEOIL15OCT269700CE,270.3,270.3,269.4,269.4,600,15
2026-09-21 15:18:00,CRUDEOIL,PE,9700.0,CRUDEOIL15OCT269700PE,927.3,927.3,927.3,927.3,0,15
2026-09-21 15:18:00,CRUDEOIL,CE,9750.0,CRUDEOIL15OCT269750CE,260.7,260.7,260.7,260.7,0,15
2026-09-21 15:18:00,CRUDEOIL,PE,9750.0,CRUDEOIL15OCT269750PE,987.2,987.2,987.2,987.2,0,15
2026-09-21 15:18:00,CRUDEOILM,FUT,0.0,CRUDEOILM21SEP26FUT,9423.0,9425.0,9420.0,9420.0,60,15
2026-09-21 15:18:00,CRUDEOILM,CE,9150.0,CRUDEOILM15OCT269150CE,459.45,459.45,455.4,456.4,90,15
2026-09-21 15:18:00,CRUDEOILM,PE,9150.0,CRUDEOILM15OCT269150PE,572.35,577.6,572.35,575.8,70,15
2026-09-21 15:18:00,CRUDEOILM,CE,9200.0,CRUDEOILM15OCT269200CE,437.95,439.1,437.9,439.1,160,15
2026-09-21 15:18:00,CRUDEOILM,PE,9200.0,CRUDEOILM15OCT269200PE,602.25,606.75,602.25,606.75,120,15
2026-09-21 15:18:00,CRUDEOILM,CE,9250.0,CRUDEOILM15OCT269250CE,417.05,417.05,417.0,417.0,40,15
2026-09-21 15:18:00,CRUDEOILM,PE,9250.0,CRUDEOILM15OCT269250PE,633.5,636.0,633.5,636.0,100,15
2026-09-21 15:18:00,CRUDEOILM,CE,9300.0,CRUDEOILM15OCT269300CE,400.7,400.7,397.7,397.7,80,15
2026-09-21 15:18:00,CRUDEOILM,PE,9300.0,CRUDEOILM15OCT269300PE,660.6,664.0,660.6,664.0,10,15
2026-09-21 15:18:00,CRUDEOILM,CE,9350.0,CRUDEOILM15OCT269350CE,382.15,382.15,382.15,382.15,40,15
2026-09-21 15:18:00,CRUDEOILM,PE,9350.0,CRUDEOILM15OCT269350PE,691.65,691.65,691.65,691.65,0,15
2026-09-21 15:18:00,CRUDEOILM,CE,9400.0,CRUDEOILM15OCT269400CE,367.45,367.8,364.25,364.25,230,15
2026-09-21 15:18:00,CRUDEOILM,PE,9400.0,CRUDEOILM15OCT269400PE,730.8,733.35,730.8,733.35,140,15
2026-09-21 15:18:00,CRUDEOILM,CE,9450.0,CRUDEOILM15OCT269450CE,348.0,349.35,346.4,346.55,30,15
2026-09-21 15:18:00,CRUDEOILM,PE,9450.0,CRUDEOILM15OCT269450PE,762.3,762.3,762.3,762.3,0,15
2026-09-21 15:18:00,CRUDEOILM,CE,9500.0,CRUDEOILM15OCT269500CE,335.0,335.3,332.25,333.45,350,15
2026-09-21 15:18:00,CRUDEOILM,PE,9500.0,CRUDEOILM15OCT269500PE,788.85,799.3,788.85,799.3,120,15
2026-09-21 15:18:00,CRUDEOILM,CE,9550.0,CRUDEOILM15OCT269550CE,318.5,318.5,318.5,318.5,0,15
2026-09-21 15:18:00,CRUDEOILM,PE,9550.0,CRUDEOILM15OCT269550PE,826.8,826.8,826.8,826.8,0,15
2026-09-21 15:18:00,CRUDEOILM,CE,9600.0,CRUDEOILM15OCT269600CE,303.45,304.2,303.45,303.45,80,15
2026-09-21 15:18:00,CRUDEOILM,PE,9600.0,CRUDEOILM15OCT269600PE,864.4,864.4,864.4,864.4,0,15
2026-09-21 15:18:00,CRUDEOILM,CE,9650.0,CRUDEOILM15OCT269650CE,294.9,294.9,294.9,294.9,0,15
2026-09-21 15:18:00,CRUDEOILM,PE,9650.0,CRUDEOILM15OCT269650PE,886.85,886.85,886.85,886.85,0,15
2026-09-21 15:18:00,CRUDEOILM,CE,9700.0,CRUDEOILM15OCT269700CE,278.75,278.75,278.75,278.75,0,15
2026-09-21 15:18:00,CRUDEOILM,PE,9700.0,CRUDEOILM15OCT269700PE,946.2,946.2,946.2,946.2,0,15
2026-09-21 15:18:00,CRUDEOILM,CE,9750.0,CRUDEOILM15OCT269750CE,265.6,265.6,265.6,265.6,0,15
2026-09-21 15:18:00,CRUDEOILM,PE,9750.0,CRUDEOILM15OCT269750PE,955.7,955.7,955.7,955.7,0,15
2026-09-21 15:19:00,CRUDEOIL,FUT,0.0,CRUDEOIL21SEP26FUT,9420.0,9420.0,9417.0,9417.0,200,16
2026-09-21 15:19:00,CRUDEOIL,CE,9150.0,CRUDEOIL15OCT269150CE,445.0,445.0,445.0,445.0,0,16
2026-09-21 15:19:00,CRUDEOIL,PE,9150.0,CRUDEOIL15OCT269150PE,564.7,564.7,564.7,564.7,0,16
2026-09-21 15:19:00,CRUDEOIL,CE,9200.0,CRUDEOIL15OCT269200CE,425.0,425.9,425.0,425.3,300,16
2026-09-21 15:19:00,CRUDEOIL,PE,9200.0,CRUDEOIL15OCT269200PE,597.0,597.6,596.3,597.6,300,16
2026-09-21 15:19:00,CRUDEOIL,CE,9250.0,CRUDEOIL15OCT269250CE,408.1,408.1,408.1,408.1,0,16
2026-09-21 15:19:00,CRUDEOIL,PE,9250.0,CRUDEOIL15OCT269250PE,630.0,630.0,630.0,630.0,0,16
2026-09-21 15:19:00,CRUDEOIL,CE,9300.0,CRUDEOIL15OCT269300CE,389.0,389.0,388.1,388.1,700,16
2026-09-21 15:19:00,CRUDEOIL,PE,9300.0,CRUDEOIL15OCT269300PE,648.0,660.9,648.0,660.7,400,16
2026-09-21 15:19:00,CRUDEOIL,CE,9350.0,CRUDEOIL15OCT269350CE,375.4,375.4,372.0,372.0,500,16
2026-09-21 15:19:00,CRUDEOIL,PE,9350.0,CRUDEOIL15OCT269350PE,683.4,683.4,683.4,683.4,0,16
2026-09-21 15:19:00,CRUDEOIL,CE,9400.0,CRUDEOIL15OCT269400CE,355.8,356.0,355.0,355.0,5400,16
2026-09-21 15:19:00,CRUDEOIL,PE,9400.0,CRUDEOIL15OCT269400PE,725.0,728.5,725.0,728.5,600,16
2026-09-21 15:19:00,CRUDEOIL,CE,9450.0,CRUDEOIL15OCT269450CE,339.4,339.4,339.4,339.4,0,16
2026-09-21 15:19:00,CRUDEOIL,PE,9450.0,CRUDEOIL15OCT269450PE,749.9,749.9,749.9,749.9,0,16
2026-09-21 15:19:00,CRUDEOIL,CE,9500.0,CRUDEOIL15OCT269500CE,324.5,324.7,324.0,324.0,900,16
2026-09-21 15:19:00,CRUDEOIL,PE,9500.0,CRUDEOIL15OCT269500PE,792.0,794.0,789.2,794.0,1900,16
2026-09-21 15:19:00,CRUDEOIL,CE,9550.0,CRUDEOIL15OCT269550CE,311.2,311.2,309.8,309.8,100,16
2026-09-21 15:19:00,CRUDEOIL,PE,9550.0,CRUDEOIL15OCT269550PE,850.0,850.0,850.0,850.0,0,16
2026-09-21 15:19:00,CRUDEOIL,CE,9600.0,CRUDEOIL15OCT269600CE,296.9,296.9,296.9,296.9,0,16
2026-09-21 15:19:00,CRUDEOIL,PE,9600.0,CRUDEOIL15OCT269600PE,859.0,859.0,859.0,859.0,0,16
2026-09-21 15:19:00,CRUDEOIL,CE,9650.0,CRUDEOIL15OCT269650CE,281.8,281.8,281.8,281.8,0,16
2026-09-21 15:19:00,CRUDEOIL,PE,9650.0,CRUDEOIL15OCT269650PE,925.0,925.0,925.0,925.0,0,16
2026-09-21 15:19:00,CRUDEOIL,CE,9700.0,CRUDEOIL15OCT269700CE,269.4,269.4,268.8,268.8,100,16
2026-09-21 15:19:00,CRUDEOIL,PE,9700.0,CRUDEOIL15OCT269700PE,927.3,927.3,927.3,927.3,0,16
2026-09-21 15:19:00,CRUDEOIL,CE,9750.0,CRUDEOIL15OCT269750CE,260.7,260.7,260.7,260.7,0,16
2026-09-21 15:19:00,CRUDEOIL,PE,9750.0,CRUDEOIL15OCT269750PE,987.2,987.2,987.2,987.2,0,16
2026-09-21 15:19:00,CRUDEOILM,FUT,0.0,CRUDEOILM21SEP26FUT,9418.0,9418.0,9412.0,9412.0,210,16
2026-09-21 15:19:00,CRUDEOILM,CE,9150.0,CRUDEOILM15OCT269150CE,456.4,456.4,454.9,454.9,130,16
2026-09-21 15:19:00,CRUDEOILM,PE,9150.0,CRUDEOILM15OCT269150PE,575.8,578.9,575.8,578.9,50,16
2026-09-21 15:19:00,CRUDEOILM,CE,9200.0,CRUDEOILM15OCT269200CE,434.35,434.35,433.85,433.85,10,16
2026-09-21 15:19:00,CRUDEOILM,PE,9200.0,CRUDEOILM15OCT269200PE,606.75,608.0,606.75,608.0,100,16
2026-09-21 15:19:00,CRUDEOILM,CE,9250.0,CRUDEOILM15OCT269250CE,417.0,417.0,417.0,417.0,0,16
2026-09-21 15:19:00,CRUDEOILM,PE,9250.0,CRUDEOILM15OCT269250PE,636.0,638.0,636.0,638.0,10,16
2026-09-21 15:19:00,CRUDEOILM,CE,9300.0,CRUDEOILM15OCT269300CE,397.7,397.7,397.1,397.1,80,16
2026-09-21 15:19:00,CRUDEOILM,PE,9300.0,CRUDEOILM15OCT269300PE,664.0,667.3,664.0,667.3,10,16
2026-09-21 15:19:00,CRUDEOILM,CE,9350.0,CRUDEOILM15OCT269350CE,382.15,382.15,378.35,378.35,40,16
2026-09-21 15:19:00,CRUDEOILM,PE,9350.0,CRUDEOILM15OCT269350PE,691.65,691.65,691.65,691.65,0,16
2026-09-21 15:19:00,CRUDEOILM,CE,9400.0,CRUDEOILM15OCT269400CE,364.25,365.3,364.25,365.3,50,16
2026-09-21 15:19:00,CRUDEOILM,PE,9400.0,CRUDEOILM15OCT269400PE,733.35,735.7,733.35,735.7,40,16
2026-09-21 15:19:00,CRUDEOILM,CE,9450.0,CRUDEOILM15OCT269450CE,346.55,346.55,346.0,346.0,10,16
2026-09-21 15:19:00,CRUDEOILM,PE,9450.0,CRUDEOILM15OCT269450PE,762.3,767.0,762.3,767.0,110,16
2026-09-21 15:19:00,CRUDEOILM,CE,9500.0,CRUDEOILM15OCT269500CE,333.45,333.45,332.45,333.05,220,16
2026-09-21 15:19:00,CRUDEOILM,PE,9500.0,CRUDEOILM15OCT269500PE,799.3,800.0,799.3,800.0,20,16
2026-09-21 15:19:00,CRUDEOILM,CE,9550.0,CRUDEOILM15OCT269550CE,318.5,318.5,315.1,315.1,230,16
2026-09-21 15:19:00,CRUDEOILM,PE,9550.0,CRUDEOILM15OCT269550PE,826.8,826.8,826.8,826.8,0,16
2026-09-21 15:19:00,CRUDEOILM,CE,9600.0,CRUDEOILM15OCT269600CE,303.45,303.45,302.95,302.95,10,16
2026-09-21 15:19:00,CRUDEOILM,PE,9600.0,CRUDEOILM15OCT269600PE,864.4,872.8,864.4,872.8,20,16
2026-09-21 15:19:00,CRUDEOILM,CE,9650.0,CRUDEOILM15OCT269650CE,294.9,294.9,294.9,294.9,0,16
2026-09-21 15:19:00,CRUDEOILM,PE,9650.0,CRUDEOILM15OCT269650PE,886.85,886.85,886.85,886.85,0,16
2026-09-21 15:19:00,CRUDEOILM,CE,9700.0,CRUDEOILM15OCT269700CE,278.75,278.75,278.75,278.75,0,16
2026-09-21 15:19:00,CRUDEOILM,PE,9700.0,CRUDEOILM15OCT269700PE,946.2,946.2,946.2,946.2,0,16
2026-09-21 15:19:00,CRUDEOILM,CE,9750.0,CRUDEOILM15OCT269750CE,265.6,265.6,264.25,264.25,10,16
2026-09-21 15:19:00,CRUDEOILM,PE,9750.0,CRUDEOILM15OCT269750PE,955.7,955.7,955.7,955.7,0,16
2026-09-21 15:20:00,CRUDEOIL,FUT,0.0,CRUDEOIL21SEP26FUT,9410.0,9410.0,9394.0,9405.0,5400,16
2026-09-21 15:20:00,CRUDEOIL,CE,9150.0,CRUDEOIL15OCT269150CE,442.2,442.2,436.2,436.2,200,16
2026-09-21 15:20:00,CRUDEOIL,PE,9150.0,CRUDEOIL15OCT269150PE,564.7,578.5,564.7,578.5,4300,16
2026-09-21 15:20:00,CRUDEOIL,CE,9200.0,CRUDEOIL15OCT269200CE,423.0,423.0,414.4,415.7,7500,16
2026-09-21 15:20:00,CRUDEOIL,PE,9200.0,CRUDEOIL15OCT269200PE,600.0,606.2,599.1,604.4,2000,16
2026-09-21 15:20:00,CRUDEOIL,CE,9250.0,CRUDEOIL15OCT269250CE,403.9,403.9,397.1,398.2,300,16
2026-09-21 15:20:00,CRUDEOIL,PE,9250.0,CRUDEOIL15OCT269250PE,630.0,639.2,630.0,636.6,300,16
2026-09-21 15:20:00,CRUDEOIL,CE,9300.0,CRUDEOIL15OCT269300CE,385.0,385.0,377.0,380.4,1800,16
2026-09-21 15:20:00,CRUDEOIL,PE,9300.0,CRUDEOIL15OCT269300PE,663.9,670.5,663.9,670.5,1000,16
2026-09-21 15:20:00,CRUDEOIL,CE,9350.0,CRUDEOIL15OCT269350CE,368.8,368.8,360.3,363.3,1100,16
2026-09-21 15:20:00,CRUDEOIL,PE,9350.0,CRUDEOIL15OCT269350PE,683.4,700.5,683.4,700.5,100,16
2026-09-21 15:20:00,CRUDEOIL,CE,9400.0,CRUDEOIL15OCT269400CE,353.4,353.4,345.8,346.8,10000,16
2026-09-21 15:20:00,CRUDEOIL,PE,9400.0,CRUDEOIL15OCT269400PE,727.4,739.9,727.4,739.0,2300,16
2026-09-21 15:20:00,CRUDEOIL,CE,9450.0,CRUDEOIL15OCT269450CE,337.9,337.9,327.5,329.9,2100,16
2026-09-21 15:20:00,CRUDEOIL,PE,9450.0,CRUDEOIL15OCT269450PE,749.9,769.7,749.9,769.7,200,16
2026-09-21 15:20:00,CRUDEOIL,CE,9500.0,CRUDEOIL15OCT269500CE,321.9,321.9,316.0,316.1,30800,16
2026-09-21 15:20:00,CRUDEOIL,PE,9500.0,CRUDEOIL15OCT269500PE,796.0,804.3,796.0,804.3,500,16
2026-09-21 15:20:00,CRUDEOIL,CE,9550.0,CRUDEOIL15OCT269550CE,306.5,306.5,300.0,302.3,600,16
2026-09-21 15:20:00,CRUDEOIL,PE,9550.0,CRUDEOIL15OCT269550PE,850.0,850.0,850.0,850.0,0,16
2026-09-21 15:20:00,CRUDEOIL,CE,9600.0,CRUDEOIL15OCT269600CE,293.6,293.6,287.0,287.2,2100,16
2026-09-21 15:20:00,CRUDEOIL,PE,9600.0,CRUDEOIL15OCT269600PE,859.0,859.0,859.0,859.0,0,16
2026-09-21 15:20:00,CRUDEOIL,CE,9650.0,CRUDEOIL15OCT269650CE,281.8,281.8,281.8,281.8,0,16
2026-09-21 15:20:00,CRUDEOIL,PE,9650.0,CRUDEOIL15OCT269650PE,925.0,925.0,925.0,925.0,0,16
2026-09-21 15:20:00,CRUDEOIL,CE,9700.0,CRUDEOIL15OCT269700CE,267.0,267.0,261.9,263.1,3700,16
2026-09-21 15:20:00,CRUDEOIL,PE,9700.0,CRUDEOIL15OCT269700PE,942.4,942.4,942.4,942.4,0,16
2026-09-21 15:20:00,CRUDEOIL,CE,9750.0,CRUDEOIL15OCT269750CE,254.4,254.4,247.9,250.0,700,16
2026-09-21 15:20:00,CRUDEOIL,PE,9750.0,CRUDEOIL15OCT269750PE,987.2,987.2,987.2,987.2,0,16
2026-09-21 15:20:00,CRUDEOILM,FUT,0.0,CRUDEOILM21SEP26FUT,9411.0,9411.0,9392.0,9403.0,3260,16
2026-09-21 15:20:00,CRUDEOILM,CE,9150.0,CRUDEOILM15OCT269150CE,452.2,452.2,443.6,445.2,600,16
2026-09-21 15:20:00,CRUDEOILM,PE,9150.0,CRUDEOILM15OCT269150PE,578.2,585.65,578.2,583.0,430,16
2026-09-21 15:20:00,CRUDEOILM,CE,9200.0,CRUDEOILM15OCT269200CE,430.95,430.95,423.45,424.95,600,16
2026-09-21 15:20:00,CRUDEOILM,PE,9200.0,CRUDEOILM15OCT269200PE,610.0,616.95,610.0,614.65,540,16
2026-09-21 15:20:00,CRUDEOILM,CE,9250.0,CRUDEOILM15OCT269250CE,414.0,414.0,405.45,406.0,220,16
2026-09-21 15:20:00,CRUDEOILM,PE,9250.0,CRUDEOILM15OCT269250PE,640.7,645.0,640.7,644.35,60,16
2026-09-21 15:20:00,CRUDEOILM,CE,9300.0,CRUDEOILM15OCT269300CE,394.45,394.45,386.45,390.8,2230,16
2026-09-21 15:20:00,CRUDEOILM,PE,9300.0,CRUDEOILM15OCT269300PE,667.3,676.15,667.3,675.4,110,16
2026-09-21 15:20:00,CRUDEOILM,CE,9350.0,CRUDEOILM15OCT269350CE,377.0,377.0,367.95,371.2,290,16
2026-09-21 15:20:00,CRUDEOILM,PE,9350.0,CRUDEOILM15OCT269350PE,691.65,691.65,691.65,691.65,0,16
2026-09-21 15:20:00,CRUDEOILM,CE,9400.0,CRUDEOILM15OCT269400CE,361.5,361.5,354.85,356.7,550,16
2026-09-21 15:20:00,CRUDEOILM,PE,9400.0,CRUDEOILM15OCT269400PE,738.85,746.6,738.85,743.0,1170,16
2026-09-21 15:20:00,CRUDEOILM,CE,9450.0,CRUDEOILM15OCT269450CE,344.0,344.0,337.5,339.25,210,16
2026-09-21 15:20:00,CRUDEOILM,PE,9450.0,CRUDEOILM15OCT269450PE,767.0,774.85,767.0,774.85,70,16
2026-09-21 15:20:00,CRUDEOILM,CE,9500.0,CRUDEOILM15OCT269500CE,330.4,330.4,324.3,324.8,1070,16
2026-09-21 15:20:00,CRUDEOILM,PE,9500.0,CRUDEOILM15OCT269500PE,802.55,810.0,802.55,808.5,220,16
2026-09-21 15:20:00,CRUDEOILM,CE,9550.0,CRUDEOILM15OCT269550CE,313.5,313.5,306.9,308.8,590,16
2026-09-21 15:20:00,CRUDEOILM,PE,9550.0,CRUDEOILM15OCT269550PE,826.8,853.0,826.8,853.0,190,16
2026-09-21 15:20:00,CRUDEOILM,CE,9600.0,CRUDEOILM15OCT269600CE,300.15,300.15,294.45,295.0,370,16
2026-09-21 15:20:00,CRUDEOILM,PE,9600.0,CRUDEOILM15OCT269600PE,872.8,872.8,872.8,872.8,0,16
2026-09-21 15:20:00,CRUDEOILM,CE,9650.0,CRUDEOILM15OCT269650CE,294.9,294.9,280.55,280.55,240,16
2026-09-21 15:20:00,CRUDEOILM,PE,9650.0,CRUDEOILM15OCT269650PE,886.85,886.85,886.85,886.85,0,16
2026-09-21 15:20:00,CRUDEOILM,CE,9700.0,CRUDEOILM15OCT269700CE,273.75,273.75,268.25,268.95,620,16
2026-09-21 15:20:00,CRUDEOILM,PE,9700.0,CRUDEOILM15OCT269700PE,946.2,955.0,946.2,955.0,10,16
2026-09-21 15:20:00,CRUDEOILM,CE,9750.0,CRUDEOILM15OCT269750CE,262.75,262.75,256.0,257.5,180,16
2026-09-21 15:20:00,CRUDEOILM,PE,9750.0,CRUDEOILM15OCT269750PE,955.7,955.7,955.7,955.7,0,16
2026-09-21 15:21:00,CRUDEOIL,FUT,0.0,CRUDEOIL21SEP26FUT,9405.0,9409.0,9401.0,9407.0,700,16
2026-09-21 15:21:00,CRUDEOIL,CE,9150.0,CRUDEOIL15OCT269150CE,436.2,436.2,435.3,435.3,600,16
2026-09-21 15:21:00,CRUDEOIL,PE,9150.0,CRUDEOIL15OCT269150PE,578.5,578.5,578.5,578.5,0,16
2026-09-21 15:21:00,CRUDEOIL,CE,9200.0,CRUDEOIL15OCT269200CE,416.2,416.2,413.0,413.0,6100,16
2026-09-21 15:21:00,CRUDEOIL,PE,9200.0,CRUDEOIL15OCT269200PE,602.8,604.4,602.8,602.8,500,16
2026-09-21 15:21:00,CRUDEOIL,CE,9250.0,CRUDEOIL15OCT269250CE,398.2,398.2,397.1,397.1,100,16
2026-09-21 15:21:00,CRUDEOIL,PE,9250.0,CRUDEOIL15OCT269250PE,636.6,636.6,635.8,635.8,100,16
2026-09-21 15:21:00,CRUDEOIL,CE,9300.0,CRUDEOIL15OCT269300CE,380.0,380.5,378.5,378.5,1700,16
2026-09-21 15:21:00,CRUDEOIL,PE,9300.0,CRUDEOIL15OCT269300PE,670.5,670.5,667.3,669.0,400,16
2026-09-21 15:21:00,CRUDEOIL,CE,9350.0,CRUDEOIL15OCT269350CE,363.3,363.3,361.6,361.6,600,16
2026-09-21 15:21:00,CRUDEOIL,PE,9350.0,CRUDEOIL15OCT269350PE,700.5,700.5,700.4,700.4,900,16
2026-09-21 15:21:00,CRUDEOIL,CE,9400.0,CRUDEOIL15OCT269400CE,347.5,348.4,345.0,345.0,4400,16
2026-09-21 15:21:00,CRUDEOIL,PE,9400.0,CRUDEOIL15OCT269400PE,736.6,736.6,731.8,735.9,500,16
2026-09-21 15:21:00,CRUDEOIL,CE,9450.0,CRUDEOIL15OCT269450CE,329.9,331.5,329.0,329.0,300,16
2026-09-21 15:21:00,CRUDEOIL,PE,9450.0,CRUDEOIL15OCT269450PE,769.7,769.7,768.2,768.2,100,16
2026-09-21 15:21:00,CRUDEOIL,CE,9500.0,CRUDEOIL15OCT269500CE,316.1,316.7,314.0,314.0,27000,16
2026-09-21 15:21:00,CRUDEOIL,PE,9500.0,CRUDEOIL15OCT269500PE,804.3,804.3,798.0,799.0,1200,16
2026-09-21 15:21:00,CRUDEOIL,CE,9550.0,CRUDEOIL15OCT269550CE,302.3,302.9,300.4,300.4,400,16
2026-09-21 15:21:00,CRUDEOIL,PE,9550.0,CRUDEOIL15OCT269550PE,850.0,850.0,850.0,850.0,0,16
2026-09-21 15:21:00,CRUDEOIL,CE,9600.0,CRUDEOIL15OCT269600CE,288.6,289.7,285.9,287.4,2000,16
2026-09-21 15:21:00,CRUDEOIL,PE,9600.0,CRUDEOIL15OCT269600PE,859.0,859.0,859.0,859.0,0,16
2026-09-21 15:21:00,CRUDEOIL,CE,9650.0,CRUDEOIL15OCT269650CE,281.8,281.8,276.0,276.0,100,16
2026-09-21 15:21:00,CRUDEOIL,PE,9650.0,CRUDEOIL15OCT269650PE,925.0,925.0,925.0,925.0,0,16
2026-09-21 15:21:00,CRUDEOIL,CE,9700.0,CRUDEOIL15OCT269700CE,263.1,263.1,260.7,260.7,1400,16
2026-09-21 15:21:00,CRUDEOIL,PE,9700.0,CRUDEOIL15OCT269700PE,942.4,942.4,942.4,942.4,0,16
2026-09-21 15:21:00,CRUDEOIL,CE,9750.0,CRUDEOIL15OCT269750CE,250.0,250.0,248.7,248.7,100,16
2026-09-21 15:21:00,CRUDEOIL,PE,9750.0,CRUDEOIL15OCT269750PE,987.2,987.2,987.2,987.2,0,16
2026-09-21 15:21:00,CRUDEOILM,FUT,0.0,CRUDEOILM21SEP26FUT,9404.0,9411.0,9401.0,9406.0,420,16
2026-09-21 15:21:00,CRUDEOILM,CE,9150.0,CRUDEOILM15OCT269150CE,445.2,446.5,442.55,442.55,490,16
2026-09-21 15:21:00,CRUDEOILM,PE,9150.0,CRUDEOILM15OCT269150PE,583.0,584.0,583.0,584.0,100,16
2026-09-21 15:21:00,CRUDEOILM,CE,9200.0,CRUDEOILM15OCT269200CE,424.95,426.45,424.0,424.0,780,16
2026-09-21 15:21:00,CRUDEOILM,PE,9200.0,CRUDEOILM15OCT269200PE,614.65,615.0,609.85,615.0,290,16
2026-09-21 15:21:00,CRUDEOILM,CE,9250.0,CRUDEOILM15OCT269250CE,406.0,408.95,404.85,404.85,130,16
2026-09-21 15:21:00,CRUDEOILM,PE,9250.0,CRUDEOILM15OCT269250PE,644.35,644.35,642.6,642.6,260,16
2026-09-21 15:21:00,CRUDEOILM,CE,9300.0,CRUDEOILM15OCT269300CE,390.8,391.1,388.65,388.65,340,16
2026-09-21 15:21:00,CRUDEOILM,PE,9300.0,CRUDEOILM15OCT269300PE,675.4,675.4,673.1,675.15,50,16
2026-09-21 15:21:00,CRUDEOILM,CE,9350.0,CRUDEOILM15OCT269350CE,371.2,373.4,371.0,371.0,460,16
2026-09-21 15:21:00,CRUDEOILM,PE,9350.0,CRUDEOILM15OCT269350PE,691.65,705.9,691.65,705.9,110,16
2026-09-21 15:21:00,CRUDEOILM,CE,9400.0,CRUDEOILM15OCT269400CE,356.7,357.7,353.55,353.55,560,16
2026-09-21 15:21:00,CRUDEOILM,PE,9400.0,CRUDEOILM15OCT269400PE,743.0,743.0,741.75,741.75,10,16
2026-09-21 15:21:00,CRUDEOILM,CE,9450.0,CRUDEOILM15OCT269450CE,339.25,340.55,337.5,337.5,80,16
2026-09-21 15:21:00,CRUDEOILM,PE,9450.0,CRUDEOILM15OCT269450PE,774.85,776.25,773.6,776.25,100,16
2026-09-21 15:21:00,CRUDEOILM,CE,9500.0,CRUDEOILM15OCT269500CE,325.8,325.8,323.15,323.15,1720,16
2026-09-21 15:21:00,CRUDEOILM,PE,9500.0,CRUDEOILM15OCT269500PE,808.45,811.5,805.95,811.5,170,16
2026-09-21 15:21:00,CRUDEOILM,CE,9550.0,CRUDEOILM15OCT269550CE,308.8,308.8,308.8,308.8,10,16
2026-09-21 15:21:00,CRUDEOILM,PE,9550.0,CRUDEOILM15OCT269550PE,853.0,853.0,853.0,853.0,0,16
2026-09-21 15:21:00,CRUDEOILM,CE,9600.0,CRUDEOILM15OCT269600CE,295.0,295.0,294.45,294.45,20,16
2026-09-21 15:21:00,CRUDEOILM,PE,9600.0,CRUDEOILM15OCT269600PE,872.8,872.8,872.8,872.8,0,16
2026-09-21 15:21:00,CRUDEOILM,CE,9650.0,CRUDEOILM15OCT269650CE,280.55,280.55,279.9,279.9,310,16
2026-09-21 15:21:00,CRUDEOILM,PE,9650.0,CRUDEOILM15OCT269650PE,886.85,886.85,886.85,886.85,0,16
2026-09-21 15:21:00,CRUDEOILM,CE,9700.0,CRUDEOILM15OCT269700CE,268.95,271.95,268.0,268.0,200,16
2026-09-21 15:21:00,CRUDEOILM,PE,9700.0,CRUDEOILM15OCT269700PE,955.0,955.0,955.0,955.0,0,16
2026-09-21 15:21:00,CRUDEOILM,CE,9750.0,CRUDEOILM15OCT269750CE,257.5,257.5,257.5,257.5,20,16
2026-09-21 15:21:00,CRUDEOILM,PE,9750.0,CRUDEOILM15OCT269750PE,955.7,955.7,955.7,955.7,0,16
2026-09-21 15:22:00,CRUDEOIL,FUT,0.0,CRUDEOIL21SEP26FUT,9400.0,9403.0,9396.0,9402.0,3500,16
2026-09-21 15:22:00,CRUDEOIL,CE,9150.0,CRUDEOIL15OCT269150CE,435.3,435.3,435.0,435.0,100,16
2026-09-21 15:22:00,CRUDEOIL,PE,9150.0,CRUDEOIL15OCT269150PE,578.5,578.5,578.5,578.5,0,16
2026-09-21 15:22:00,CRUDEOIL,CE,9200.0,CRUDEOIL15OCT269200CE,413.0,414.7,413.0,414.7,200,16
2026-09-21 15:22:00,CRUDEOIL,PE,9200.0,CRUDEOIL15OCT269200PE,602.8,602.8,602.8,602.8,0,16
2026-09-21 15:22:00,CRUDEOIL,CE,9250.0,CRUDEOIL15OCT269250CE,397.1,397.1,396.3,396.3,400,16
2026-09-21 15:22:00,CRUDEOIL,PE,9250.0,CRUDEOIL15OCT269250PE,635.8,635.8,635.8,635.8,0,16
2026-09-21 15:22:00,CRUDEOIL,CE,9300.0,CRUDEOIL15OCT269300CE,377.9,379.1,377.9,378.7,700,16
2026-09-21 15:22:00,CRUDEOIL,PE,9300.0,CRUDEOIL15OCT269300PE,669.0,669.8,669.0,669.8,400,16
2026-09-21 15:22:00,CRUDEOIL,CE,9350.0,CRUDEOIL15OCT269350CE,361.6,363.3,361.6,363.3,500,16
2026-09-21 15:22:00,CRUDEOIL,PE,9350.0,CRUDEOIL15OCT269350PE,700.4,700.4,700.4,700.4,0,16
2026-09-21 15:22:00,CRUDEOIL,CE,9400.0,CRUDEOIL15OCT269400CE,345.0,347.9,345.0,346.5,3600,16
2026-09-21 15:22:00,CRUDEOIL,PE,9400.0,CRUDEOIL15OCT269400PE,735.9,735.9,733.8,733.8,300,16
2026-09-21 15:22:00,CRUDEOIL,CE,9450.0,CRUDEOIL15OCT269450CE,329.0,330.4,329.0,330.4,400,16
2026-09-21 15:22:00,CRUDEOIL,PE,9450.0,CRUDEOIL15OCT269450PE,768.2,768.2,768.2,768.2,0,16
2026-09-21 15:22:00,CRUDEOIL,CE,9500.0,CRUDEOIL15OCT269500CE,313.4,316.5,313.4,316.5,7100,16
2026-09-21 15:22:00,CRUDEOIL,PE,9500.0,CRUDEOIL15OCT269500PE,799.0,799.0,799.0,799.0,100,16
2026-09-21 15:22:00,CRUDEOIL,CE,9550.0,CRUDEOIL15OCT269550CE,300.4,300.4,300.4,300.4,100,16
2026-09-21 15:22:00,CRUDEOIL,PE,9550.0,CRUDEOIL15OCT269550PE,850.0,850.0,850.0,850.0,0,16
2026-09-21 15:22:00,CRUDEOIL,CE,9600.0,CRUDEOIL15OCT269600CE,287.4,288.7,287.4,287.8,800,16
2026-09-21 15:22:00,CRUDEOIL,PE,9600.0,CRUDEOIL15OCT269600PE,859.0,859.0,859.0,859.0,0,16
2026-09-21 15:22:00,CRUDEOIL,CE,9650.0,CRUDEOIL15OCT269650CE,276.0,276.0,275.0,275.0,100,16
2026-09-21 15:22:00,CRUDEOIL,PE,9650.0,CRUDEOIL15OCT269650PE,925.0,925.0,925.0,925.0,0,16
2026-09-21 15:22:00,CRUDEOIL,CE,9700.0,CRUDEOIL15OCT269700CE,260.7,263.0,260.7,263.0,1500,16
2026-09-21 15:22:00,CRUDEOIL,PE,9700.0,CRUDEOIL15OCT269700PE,942.4,942.4,942.4,942.4,0,16
2026-09-21 15:22:00,CRUDEOIL,CE,9750.0,CRUDEOIL15OCT269750CE,248.7,248.7,248.7,248.7,0,16
2026-09-21 15:22:00,CRUDEOIL,PE,9750.0,CRUDEOIL15OCT269750PE,987.2,987.2,987.2,987.2,0,16
2026-09-21 15:22:00,CRUDEOILM,FUT,0.0,CRUDEOILM21SEP26FUT,9402.0,9407.0,9400.0,9407.0,2450,16
2026-09-21 15:22:00,CRUDEOILM,CE,9150.0,CRUDEOILM15OCT269150CE,442.55,446.75,442.55,446.75,160,16
2026-09-21 15:22:00,CRUDEOILM,PE,9150.0,CRUDEOILM15OCT269150PE,584.0,584.0,582.5,582.5,50,16
2026-09-21 15:22:00,CRUDEOILM,CE,9200.0,CRUDEOILM15OCT269200CE,424.0,425.0,423.45,425.0,260,16
2026-09-21 15:22:00,CRUDEOILM,PE,9200.0,CRUDEOILM15OCT269200PE,615.0,615.0,612.2,614.65,190,16
2026-09-21 15:22:00,CRUDEOILM,CE,9250.0,CRUDEOILM15OCT269250CE,404.85,407.8,404.85,406.25,340,16
2026-09-21 15:22:00,CRUDEOILM,PE,9250.0,CRUDEOILM15OCT269250PE,642.6,646.25,642.6,646.25,100,16
2026-09-21 15:22:00,CRUDEOILM,CE,9300.0,CRUDEOILM15OCT269300CE,388.65,389.05,388.05,389.05,100,16
2026-09-21 15:22:00,CRUDEOILM,PE,9300.0,CRUDEOILM15OCT269300PE,675.15,677.4,673.2,673.2,300,16
2026-09-21 15:22:00,CRUDEOILM,CE,9350.0,CRUDEOILM15OCT269350CE,371.0,372.7,371.0,371.9,20,16
2026-09-21 15:22:00,CRUDEOILM,PE,9350.0,CRUDEOILM15OCT269350PE,705.9,710.5,705.9,710.25,50,16
2026-09-21 15:22:00,CRUDEOILM,CE,9400.0,CRUDEOILM15OCT269400CE,355.0,356.7,355.0,356.05,630,16
2026-09-21 15:22:00,CRUDEOILM,PE,9400.0,CRUDEOILM15OCT269400PE,741.75,744.65,741.75,744.6,220,16
2026-09-21 15:22:00,CRUDEOILM,CE,9450.0,CRUDEOILM15OCT269450CE,337.5,338.8,337.5,338.4,90,16
2026-09-21 15:22:00,CRUDEOILM,PE,9450.0,CRUDEOILM15OCT269450PE,776.25,776.25,773.95,773.95,20,16
2026-09-21 15:22:00,CRUDEOILM,CE,9500.0,CRUDEOILM15OCT269500CE,323.15,325.7,323.15,324.35,220,16
2026-09-21 15:22:00,CRUDEOILM,PE,9500.0,CRUDEOILM15OCT269500PE,811.5,811.5,808.2,809.85,90,16
2026-09-21 15:22:00,CRUDEOILM,CE,9550.0,CRUDEOILM15OCT269550CE,308.8,309.85,308.8,309.85,10,16
2026-09-21 15:22:00,CRUDEOILM,PE,9550.0,CRUDEOILM15OCT269550PE,853.0,853.0,853.0,853.0,0,16
2026-09-21 15:22:00,CRUDEOILM,CE,9600.0,CRUDEOILM15OCT269600CE,294.45,296.25,294.45,295.2,50,16
2026-09-21 15:22:00,CRUDEOILM,PE,9600.0,CRUDEOILM15OCT269600PE,872.8,872.8,872.8,872.8,0,16
2026-09-21 15:22:00,CRUDEOILM,CE,9650.0,CRUDEOILM15OCT269650CE,279.9,279.9,279.9,279.9,0,16
2026-09-21 15:22:00,CRUDEOILM,PE,9650.0,CRUDEOILM15OCT269650PE,886.85,886.85,886.85,886.85,0,16
2026-09-21 15:22:00,CRUDEOILM,CE,9700.0,CRUDEOILM15OCT269700CE,268.0,269.0,268.0,269.0,10,16
2026-09-21 15:22:00,CRUDEOILM,PE,9700.0,CRUDEOILM15OCT269700PE,955.0,955.0,955.0,955.0,0,16
2026-09-21 15:22:00,CRUDEOILM,CE,9750.0,CRUDEOILM15OCT269750CE,257.5,257.5,257.5,257.5,0,16
2026-09-21 15:22:00,CRUDEOILM,PE,9750.0,CRUDEOILM15OCT269750PE,955.7,955.7,955.7,955.7,0,16
2026-09-21 15:23:00,CRUDEOIL,FUT,0.0,CRUDEOIL21SEP26FUT,9402.0,9402.0,9387.0,9394.0,2200,15
2026-09-21 15:23:00,CRUDEOIL,CE,9150.0,CRUDEOIL15OCT269150CE,435.0,435.0,433.7,433.7,200,15
2026-09-21 15:23:00,CRUDEOIL,PE,9150.0,CRUDEOIL15OCT269150PE,578.5,578.5,575.0,576.9,300,15
2026-09-21 15:23:00,CRUDEOIL,CE,9200.0,CRUDEOIL15OCT269200CE,414.7,415.5,410.8,412.4,1500,15
2026-09-21 15:23:00,CRUDEOIL,PE,9200.0,CRUDEOIL15OCT269200PE,602.8,608.0,602.8,607.5,200,15
2026-09-21 15:23:00,CRUDEOIL,CE,9250.0,CRUDEOIL15OCT269250CE,396.3,396.3,395.0,395.0,100,15
2026-09-21 15:23:00,CRUDEOIL,PE,9250.0,CRUDEOIL15OCT269250PE,635.8,635.8,635.8,635.8,0,15
2026-09-21 15:23:00,CRUDEOIL,CE,9300.0,CRUDEOIL15OCT269300CE,378.7,379.2,375.0,377.5,2600,15
2026-09-21 15:23:00,CRUDEOIL,PE,9300.0,CRUDEOIL15OCT269300PE,669.8,670.5,669.8,670.5,300,15
2026-09-21 15:23:00,CRUDEOIL,CE,9350.0,CRUDEOIL15OCT269350CE,363.3,363.3,358.4,358.4,600,15
2026-09-21 15:23:00,CRUDEOIL,PE,9350.0,CRUDEOIL15OCT269350PE,700.4,700.4,700.4,700.4,0,15
2026-09-21 15:23:00,CRUDEOIL,CE,9400.0,CRUDEOIL15OCT269400CE,346.5,346.5,342.0,343.0,3700,15
2026-09-21 15:23:00,CRUDEOIL,PE,9400.0,CRUDEOIL15OCT269400PE,735.9,739.8,735.9,739.8,200,15
2026-09-21 15:23:00,CRUDEOIL,CE,9450.0,CRUDEOIL15OCT269450CE,330.4,330.4,326.1,326.9,500,15
2026-09-21 15:23:00,CRUDEOIL,PE,9450.0,CRUDEOIL15OCT269450PE,768.2,768.2,768.2,768.2,0,15
2026-09-21 15:23:00,CRUDEOIL,CE,9500.0,CRUDEOIL15OCT269500CE,316.0,316.0,312.1,312.5,9600,15
2026-09-21 15:23:00,CRUDEOIL,PE,9500.0,CRUDEOIL15OCT269500PE,799.0,806.0,799.0,806.0,1400,15
2026-09-21 15:23:00,CRUDEOIL,CE,9550.0,CRUDEOIL15OCT269550CE,300.4,300.4,298.9,298.9,200,15
2026-09-21 15:23:00,CRUDEOIL,PE,9550.0,CRUDEOIL15OCT269550PE,850.0,850.0,850.0,850.0,0,15
2026-09-21 15:23:00,CRUDEOIL,CE,9600.0,CRUDEOIL15OCT269600CE,287.8,287.8,284.8,285.6,1000,15
2026-09-21 15:23:00,CRUDEOIL,PE,9600.0,CRUDEOIL15OCT269600PE,859.0,876.0,859.0,876.0,100,15
2026-09-21 15:23:00,CRUDEOIL,CE,9650.0,CRUDEOIL15OCT269650CE,275.0,275.0,270.8,270.8,400,15
2026-09-21 15:23:00,CRUDEOIL,PE,9650.0,CRUDEOIL15OCT269650PE,925.0,925.0,925.0,925.0,0,15
2026-09-21 15:23:00,CRUDEOIL,CE,9700.0,CRUDEOIL15OCT269700CE,263.0,263.0,258.7,261.6,1100,15
2026-09-21 15:23:00,CRUDEOIL,PE,9700.0,CRUDEOIL15OCT269700PE,942.4,942.4,942.4,942.4,0,15
2026-09-21 15:23:00,CRUDEOIL,CE,9750.0,CRUDEOIL15OCT269750CE,248.7,248.7,248.7,248.7,0,15
2026-09-21 15:23:00,CRUDEOIL,PE,9750.0,CRUDEOIL15OCT269750PE,987.2,987.2,987.2,987.2,0,15
2026-09-21 15:23:00,CRUDEOILM,FUT,0.0,CRUDEOILM21SEP26FUT,9407.0,9407.0,9389.0,9391.0,1470,15
2026-09-21 15:23:00,CRUDEOILM,CE,9150.0,CRUDEOILM15OCT269150CE,446.75,446.75,441.25,441.25,300,15
2026-09-21 15:23:00,CRUDEOILM,PE,9150.0,CRUDEOILM15OCT269150PE,582.5,589.3,582.5,589.3,60,15
2026-09-21 15:23:00,CRUDEOILM,CE,9200.0,CRUDEOILM15OCT269200CE,425.0,425.0,421.5,421.65,360,15
2026-09-21 15:23:00,CRUDEOILM,PE,9200.0,CRUDEOILM15OCT269200PE,614.65,619.95,613.85,619.95,300,15
2026-09-21 15:23:00,CRUDEOILM,CE,9250.0,CRUDEOILM15OCT269250CE,406.25,406.4,403.0,403.0,620,15
2026-09-21 15:23:00,CRUDEOILM,PE,9250.0,CRUDEOILM15OCT269250PE,646.25,650.0,646.25,650.0,30,15
2026-09-21 15:23:00,CRUDEOILM,CE,9300.0,CRUDEOILM15OCT269300CE,389.05,389.05,385.0,385.0,390,15
2026-09-21 15:23:00,CRUDEOILM,PE,9300.0,CRUDEOILM15OCT269300PE,673.2,681.1,673.2,681.1,140,15
2026-09-21 15:23:00,CRUDEOILM,CE,9350.0,CRUDEOILM15OCT269350CE,371.9,371.9,370.0,370.0,30,15
2026-09-21 15:23:00,CRUDEOILM,PE,9350.0,CRUDEOILM15OCT269350PE,710.25,713.45,710.25,713.15,30,15
2026-09-21 15:23:00,CRUDEOILM,CE,9400.0,CRUDEOILM15OCT269400CE,356.05,356.05,353.15,353.9,310,15
2026-09-21 15:23:00,CRUDEOILM,PE,9400.0,CRUDEOILM15OCT269400PE,744.6,748.7,744.6,748.7,40,15
2026-09-21 15:23:00,CRUDEOILM,CE,9450.0,CRUDEOILM15OCT269450CE,338.4,338.55,337.5,337.5,20,15
2026-09-21 15:23:00,CRUDEOILM,PE,9450.0,CRUDEOILM15OCT269450PE,773.95,783.2,773.95,783.2,210,15
2026-09-21 15:23:00,CRUDEOILM,CE,9500.0,CRUDEOILM15OCT269500CE,325.45,325.45,320.55,321.15,1440,15
2026-09-21 15:23:00,CRUDEOILM,PE,9500.0,CRUDEOILM15OCT269500PE,809.85,816.5,809.85,816.5,150,15
2026-09-21 15:23:00,CRUDEOILM,CE,9550.0,CRUDEOILM15OCT269550CE,309.85,310.25,306.9,310.25,1150,15
2026-09-21 15:23:00,CRUDEOILM,PE,9550.0,CRUDEOILM15OCT269550PE,853.0,853.0,851.55,851.55,10,15
2026-09-21 15:23:00,CRUDEOILM,CE,9600.0,CRUDEOILM15OCT269600CE,295.2,295.2,292.75,292.75,320,15
2026-09-21 15:23:00,CRUDEOILM,PE,9600.0,CRUDEOILM15OCT269600PE,872.8,872.8,872.8,872.8,0,15
2026-09-21 15:23:00,CRUDEOILM,CE,9650.0,CRUDEOILM15OCT269650CE,279.9,281.1,279.3,279.3,30,15
2026-09-21 15:23:00,CRUDEOILM,PE,9650.0,CRUDEOILM15OCT269650PE,886.85,886.85,886.85,886.85,0,15
2026-09-21 15:23:00,CRUDEOILM,CE,9700.0,CRUDEOILM15OCT269700CE,269.0,269.0,267.55,267.55,40,15
2026-09-21 15:23:00,CRUDEOILM,PE,9700.0,CRUDEOILM15OCT269700PE,955.0,960.0,955.0,960.0,10,15
2026-09-21 15:23:00,CRUDEOILM,CE,9750.0,CRUDEOILM15OCT269750CE,257.5,257.5,255.6,255.6,60,15
2026-09-21 15:23:00,CRUDEOILM,PE,9750.0,CRUDEOILM15OCT269750PE,955.7,955.7,955.7,955.7,0,15
2026-09-21 15:24:00,CRUDEOIL,FUT,0.0,CRUDEOIL21SEP26FUT,9394.0,9394.0,9367.0,9367.0,5200,16
2026-09-21 15:24:00,CRUDEOIL,CE,9150.0,CRUDEOIL15OCT269150CE,433.7,433.7,424.8,424.8,400,16
2026-09-21 15:24:00,CRUDEOIL,PE,9150.0,CRUDEOIL15OCT269150PE,580.8,589.2,580.8,589.2,100,16
2026-09-21 15:24:00,CRUDEOIL,CE,9200.0,CRUDEOIL15OCT269200CE,410.3,410.3,402.6,403.7,8200,16
2026-09-21 15:24:00,CRUDEOIL,PE,9200.0,CRUDEOIL15OCT269200PE,607.5,619.9,607.5,619.9,2500,16
2026-09-21 15:24:00,CRUDEOIL,CE,9250.0,CRUDEOIL15OCT269250CE,395.0,395.0,385.5,385.5,400,16
2026-09-21 15:24:00,CRUDEOIL,PE,9250.0,CRUDEOIL15OCT269250PE,635.8,652.3,635.8,652.3,400,16
2026-09-21 15:24:00,CRUDEOIL,CE,9300.0,CRUDEOIL15OCT269300CE,377.5,377.5,368.8,370.0,4800,16
2026-09-21 15:24:00,CRUDEOIL,PE,9300.0,CRUDEOIL15OCT269300PE,670.5,685.0,670.5,685.0,800,16
2026-09-21 15:24:00,CRUDEOIL,CE,9350.0,CRUDEOIL15OCT269350CE,358.2,358.2,351.6,352.0,600,16
2026-09-21 15:24:00,CRUDEOIL,PE,9350.0,CRUDEOIL15OCT269350PE,700.4,700.4,700.4,700.4,0,16
2026-09-21 15:24:00,CRUDEOIL,CE,9400.0,CRUDEOIL15OCT269400CE,343.0,343.0,336.1,338.2,7800,16
2026-09-21 15:24:00,CRUDEOIL,PE,9400.0,CRUDEOIL15OCT269400PE,739.8,753.8,739.8,753.8,4100,16
2026-09-21 15:24:00,CRUDEOIL,CE,9450.0,CRUDEOIL15OCT269450CE,326.9,326.9,320.9,320.9,200,16
2026-09-21 15:24:00,CRUDEOIL,PE,9450.0,CRUDEOIL15OCT269450PE,768.2,768.2,768.2,768.2,0,16
2026-09-21 15:24:00,CRUDEOIL,CE,9500.0,CRUDEOIL15OCT269500CE,312.0,312.0,307.0,307.1,12100,16
2026-09-21 15:24:00,CRUDEOIL,PE,9500.0,CRUDEOIL15OCT269500PE,806.0,818.0,806.0,818.0,1800,16
2026-09-21 15:24:00,CRUDEOIL,CE,9550.0,CRUDEOIL15OCT269550CE,298.9,298.9,294.0,294.0,300,16
2026-09-21 15:24:00,CRUDEOIL,PE,9550.0,CRUDEOIL15OCT269550PE,850.0,850.0,850.0,850.0,0,16
2026-09-21 15:24:00,CRUDEOIL,CE,9600.0,CRUDEOIL15OCT269600CE,285.6,285.6,280.0,280.7,4600,16
2026-09-21 15:24:00,CRUDEOIL,PE,9600.0,CRUDEOIL15OCT269600PE,876.0,879.0,876.0,879.0,100,16
2026-09-21 15:24:00,CRUDEOIL,CE,9650.0,CRUDEOIL15OCT269650CE,270.8,270.8,265.3,265.8,500,16
2026-09-21 15:24:00,CRUDEOIL,PE,9650.0,CRUDEOIL15OCT269650PE,925.0,925.0,925.0,925.0,0,16
2026-09-21 15:24:00,CRUDEOIL,CE,9700.0,CRUDEOIL15OCT269700CE,261.6,261.6,254.4,254.4,4000,16
2026-09-21 15:24:00,CRUDEOIL,PE,9700.0,CRUDEOIL15OCT269700PE,942.4,956.4,942.4,956.4,100,16
2026-09-21 15:24:00,CRUDEOIL,CE,9750.0,CRUDEOIL15OCT269750CE,248.7,248.7,248.7,248.7,0,16
2026-09-21 15:24:00,CRUDEOIL,PE,9750.0,CRUDEOIL15OCT269750PE,987.2,987.2,987.2,987.2,0,16
2026-09-21 15:24:00,CRUDEOILM,FUT,0.0,CRUDEOILM21SEP26FUT,9391.0,9391.0,9372.0,9376.0,2380,16
2026-09-21 15:24:00,CRUDEOILM,CE,9150.0,CRUDEOILM15OCT269150CE,441.6,441.6,433.9,433.9,470,16
2026-09-21 15:24:00,CRUDEOILM,PE,9150.0,CRUDEOILM15OCT269150PE,589.3,599.8,589.15,595.9,900,16
2026-09-21 15:24:00,CRUDEOILM,CE,9200.0,CRUDEOILM15OCT269200CE,421.0,421.25,413.65,413.65,1290,16
2026-09-21 15:24:00,CRUDEOILM,PE,9200.0,CRUDEOILM15OCT269200PE,619.95,629.0,619.3,625.8,780,16
2026-09-21 15:24:00,CRUDEOILM,CE,9250.0,CRUDEOILM15OCT269250CE,403.0,403.0,395.2,397.15,1460,16
2026-09-21 15:24:00,CRUDEOILM,PE,9250.0,CRUDEOILM15OCT269250PE,650.0,660.6,650.0,659.6,340,16
2026-09-21 15:24:00,CRUDEOILM,CE,9300.0,CRUDEOILM15OCT269300CE,385.0,385.0,378.15,380.65,2140,16
2026-09-21 15:24:00,CRUDEOILM,PE,9300.0,CRUDEOILM15OCT269300PE,682.0,690.2,682.0,690.2,80,16
2026-09-21 15:24:00,CRUDEOILM,CE,9350.0,CRUDEOILM15OCT269350CE,370.0,370.0,362.45,363.2,350,16
2026-09-21 15:24:00,CRUDEOILM,PE,9350.0,CRUDEOILM15OCT269350PE,716.15,726.35,716.0,726.05,680,16
2026-09-21 15:24:00,CRUDEOILM,CE,9400.0,CRUDEOILM15OCT269400CE,352.1,353.0,346.3,347.45,2890,16
2026-09-21 15:24:00,CRUDEOILM,PE,9400.0,CRUDEOILM15OCT269400PE,748.7,761.0,748.7,761.0,1380,16
2026-09-21 15:24:00,CRUDEOILM,CE,9450.0,CRUDEOILM15OCT269450CE,337.5,337.5,329.95,329.95,370,16
2026-09-21 15:24:00,CRUDEOILM,PE,9450.0,CRUDEOILM15OCT269450PE,784.35,791.9,784.35,791.9,320,16
2026-09-21 15:24:00,CRUDEOILM,CE,9500.0,CRUDEOILM15OCT269500CE,321.15,321.15,315.65,317.0,2970,16
2026-09-21 15:24:00,CRUDEOILM,PE,9500.0,CRUDEOILM15OCT269500PE,816.5,827.9,816.5,827.9,560,16
2026-09-21 15:24:00,CRUDEOILM,CE,9550.0,CRUDEOILM15OCT269550CE,310.25,310.25,300.65,300.65,230,16
2026-09-21 15:24:00,CRUDEOILM,PE,9550.0,CRUDEOILM15OCT269550PE,851.55,859.25,851.55,859.25,20,16
2026-09-21 15:24:00,CRUDEOILM,CE,9600.0,CRUDEOILM15OCT269600CE,291.95,291.95,287.35,287.35,380,16
2026-09-21 15:24:00,CRUDEOILM,PE,9600.0,CRUDEOILM15OCT269600PE,888.0,899.45,888.0,899.45,10,16
2026-09-21 15:24:00,CRUDEOILM,CE,9650.0,CRUDEOILM15OCT269650CE,279.3,279.3,273.6,273.6,110,16
2026-09-21 15:24:00,CRUDEOILM,PE,9650.0,CRUDEOILM15OCT269650PE,886.85,886.85,886.85,886.85,0,16
2026-09-21 15:24:00,CRUDEOILM,CE,9700.0,CRUDEOILM15OCT269700CE,267.55,267.55,262.05,262.45,130,16
2026-09-21 15:24:00,CRUDEOILM,PE,9700.0,CRUDEOILM15OCT269700PE,960.0,960.0,960.0,960.0,0,16
2026-09-21 15:24:00,CRUDEOILM,CE,9750.0,CRUDEOILM15OCT269750CE,255.6,255.6,251.0,251.0,140,16
2026-09-21 15:24:00,CRUDEOILM,PE,9750.0,CRUDEOILM15OCT269750PE,955.7,955.7,955.7,955.7,0,16
2026-09-21 15:25:00,CRUDEOIL,FUT,0.0,CRUDEOIL21SEP26FUT,9368.0,9373.0,9366.0,9370.0,1800,16
2026-09-21 15:25:00,CRUDEOIL,CE,9150.0,CRUDEOIL15OCT269150CE,424.8,425.4,424.0,424.0,800,16
2026-09-21 15:25:00,CRUDEOIL,PE,9150.0,CRUDEOIL15OCT269150PE,589.2,589.5,587.1,587.6,800,16
2026-09-21 15:25:00,CRUDEOIL,CE,9200.0,CRUDEOIL15OCT269200CE,403.7,405.0,402.1,404.0,4000,16
2026-09-21 15:25:00,CRUDEOIL,PE,9200.0,CRUDEOIL15OCT269200PE,619.9,619.9,616.2,619.5,700,16
2026-09-21 15:25:00,CRUDEOIL,CE,9250.0,CRUDEOIL15OCT269250CE,385.5,387.1,385.5,386.0,300,16
2026-09-21 15:25:00,CRUDEOIL,PE,9250.0,CRUDEOIL15OCT269250PE,652.3,652.3,652.3,652.3,200,16
2026-09-21 15:25:00,CRUDEOIL,CE,9300.0,CRUDEOIL15OCT269300CE,369.4,369.8,367.0,369.3,2800,16
2026-09-21 15:25:00,CRUDEOIL,PE,9300.0,CRUDEOIL15OCT269300PE,685.0,685.2,682.7,682.7,400,16
2026-09-21 15:25:00,CRUDEOIL,CE,9350.0,CRUDEOIL15OCT269350CE,352.0,352.6,352.0,352.6,800,16
2026-09-21 15:25:00,CRUDEOIL,PE,9350.0,CRUDEOIL15OCT269350PE,700.4,719.5,700.4,715.6,900,16
2026-09-21 15:25:00,CRUDEOIL,CE,9400.0,CRUDEOIL15OCT269400CE,338.2,338.2,335.7,336.7,3700,16
2026-09-21 15:25:00,CRUDEOIL,PE,9400.0,CRUDEOIL15OCT269400PE,753.8,753.8,750.3,750.3,600,16
2026-09-21 15:25:00,CRUDEOIL,CE,9450.0,CRUDEOIL15OCT269450CE,320.9,321.9,319.5,321.8,700,16
2026-09-21 15:25:00,CRUDEOIL,PE,9450.0,CRUDEOIL15OCT269450PE,768.2,786.7,768.2,781.1,600,16
2026-09-21 15:25:00,CRUDEOIL,CE,9500.0,CRUDEOIL15OCT269500CE,307.7,308.1,306.9,307.3,4800,16
2026-09-21 15:25:00,CRUDEOIL,PE,9500.0,CRUDEOIL15OCT269500PE,818.0,818.0,815.1,817.9,2900,16
2026-09-21 15:25:00,CRUDEOIL,CE,9550.0,CRUDEOIL15OCT269550CE,294.0,294.0,291.0,291.0,100,16
2026-09-21 15:25:00,CRUDEOIL,PE,9550.0,CRUDEOIL15OCT269550PE,850.0,850.0,850.0,850.0,0,16
2026-09-21 15:25:00,CRUDEOIL,CE,9600.0,CRUDEOIL15OCT269600CE,279.7,280.9,279.7,280.9,700,16
2026-09-21 15:25:00,CRUDEOIL,PE,9600.0,CRUDEOIL15OCT269600PE,879.0,879.0,879.0,879.0,0,16
2026-09-21 15:25:00,CRUDEOIL,CE,9650.0,CRUDEOIL15OCT269650CE,265.8,266.0,265.8,266.0,300,16
2026-09-21 15:25:00,CRUDEOIL,PE,9650.0,CRUDEOIL15OCT269650PE,925.0,925.0,925.0,925.0,0,16
2026-09-21 15:25:00,CRUDEOIL,CE,9700.0,CRUDEOIL15OCT269700CE,255.5,255.7,253.9,255.7,600,16
2026-09-21 15:25:00,CRUDEOIL,PE,9700.0,CRUDEOIL15OCT269700PE,956.4,956.4,956.4,956.4,0,16
2026-09-21 15:25:00,CRUDEOIL,CE,9750.0,CRUDEOIL15OCT269750CE,248.7,248.7,240.0,240.0,300,16
2026-09-21 15:25:00,CRUDEOIL,PE,9750.0,CRUDEOIL15OCT269750PE,987.2,987.2,987.2,987.2,0,16
2026-09-21 15:25:00,CRUDEOILM,FUT,0.0,CRUDEOILM21SEP26FUT,9376.0,9376.0,9370.0,9370.0,700,16
2026-09-21 15:25:00,CRUDEOILM,CE,9150.0,CRUDEOILM15OCT269150CE,434.4,435.8,434.0,434.0,280,16
2026-09-21 15:25:00,CRUDEOILM,PE,9150.0,CRUDEOILM15OCT269150PE,595.9,599.25,595.9,597.15,230,16
2026-09-21 15:25:00,CRUDEOILM,CE,9200.0,CRUDEOILM15OCT269200CE,415.2,415.5,412.7,413.4,530,16
2026-09-21 15:25:00,CRUDEOILM,PE,9200.0,CRUDEOILM15OCT269200PE,625.8,629.0,625.4,629.0,590,16
2026-09-21 15:25:00,CRUDEOILM,CE,9250.0,CRUDEOILM15OCT269250CE,397.15,398.55,397.15,397.35,290,16
2026-09-21 15:25:00,CRUDEOILM,PE,9250.0,CRUDEOILM15OCT269250PE,659.45,660.0,657.4,658.6,100,16
2026-09-21 15:25:00,CRUDEOILM,CE,9300.0,CRUDEOILM15OCT269300CE,379.1,380.6,378.05,379.0,1410,16
2026-09-21 15:25:00,CRUDEOILM,PE,9300.0,CRUDEOILM15OCT269300PE,690.2,691.05,690.0,690.95,140,16
2026-09-21 15:25:00,CRUDEOILM,CE,9350.0,CRUDEOILM15OCT269350CE,363.2,364.35,362.75,364.35,250,16
2026-09-21 15:25:00,CRUDEOILM,PE,9350.0,CRUDEOILM15OCT269350PE,726.05,726.05,724.0,724.0,320,16
2026-09-21 15:25:00,CRUDEOILM,CE,9400.0,CRUDEOILM15OCT269400CE,347.45,347.45,345.6,347.0,460,16
2026-09-21 15:25:00,CRUDEOILM,PE,9400.0,CRUDEOILM15OCT269400PE,761.0,762.05,758.7,761.3,280,16
2026-09-21 15:25:00,CRUDEOILM,CE,9450.0,CRUDEOILM15OCT269450CE,329.95,331.2,329.95,330.9,510,16
2026-09-21 15:25:00,CRUDEOILM,PE,9450.0,CRUDEOILM15OCT269450PE,791.9,793.05,790.7,793.05,20,16
2026-09-21 15:25:00,CRUDEOILM,CE,9500.0,CRUDEOILM15OCT269500CE,317.5,317.6,315.7,316.95,1550,16
2026-09-21 15:25:00,CRUDEOILM,PE,9500.0,CRUDEOILM15OCT269500PE,827.45,827.45,822.9,824.8,160,16
2026-09-21 15:25:00,CRUDEOILM,CE,9550.0,CRUDEOILM15OCT269550CE,300.65,302.7,300.65,302.7,10,16
2026-09-21 15:25:00,CRUDEOILM,PE,9550.0,CRUDEOILM15OCT269550PE,859.25,859.25,859.25,859.25,0,16
2026-09-21 15:25:00,CRUDEOILM,CE,9600.0,CRUDEOILM15OCT269600CE,287.35,287.35,287.0,287.0,10,16
2026-09-21 15:25:00,CRUDEOILM,PE,9600.0,CRUDEOILM15OCT269600PE,899.45,900.0,899.45,900.0,10,16
2026-09-21 15:25:00,CRUDEOILM,CE,9650.0,CRUDEOILM15OCT269650CE,274.35,275.05,273.4,273.4,40,16
2026-09-21 15:25:00,CRUDEOILM,PE,9650.0,CRUDEOILM15OCT269650PE,886.85,886.85,886.85,886.85,0,16
2026-09-21 15:25:00,CRUDEOILM,CE,9700.0,CRUDEOILM15OCT269700CE,262.45,263.65,262.45,263.65,50,16
2026-09-21 15:25:00,CRUDEOILM,PE,9700.0,CRUDEOILM15OCT269700PE,960.0,960.0,960.0,960.0,0,16
2026-09-21 15:25:00,CRUDEOILM,CE,9750.0,CRUDEOILM15OCT269750CE,251.0,251.3,251.0,251.2,40,16
2026-09-21 15:25:00,CRUDEOILM,PE,9750.0,CRUDEOILM15OCT269750PE,955.7,955.7,955.7,955.7,0,16
2026-09-21 15:26:00,CRUDEOIL,FUT,0.0,CRUDEOIL21SEP26FUT,9370.0,9387.0,9363.0,9387.0,2300,15
2026-09-21 15:26:00,CRUDEOIL,CE,9150.0,CRUDEOIL15OCT269150CE,424.7,432.3,422.3,432.3,500,15
2026-09-21 15:26:00,CRUDEOIL,PE,9150.0,CRUDEOIL15OCT269150PE,587.6,590.9,583.2,583.2,500,15
2026-09-21 15:26:00,CRUDEOIL,CE,9200.0,CRUDEOIL15OCT269200CE,405.6,409.4,401.0,409.4,6000,15
2026-09-21 15:26:00,CRUDEOIL,PE,9200.0,CRUDEOIL15OCT269200PE,619.5,620.0,613.2,614.1,1300,15
2026-09-21 15:26:00,CRUDEOIL,CE,9250.0,CRUDEOIL15OCT269250CE,386.0,393.0,384.8,393.0,2200,15
2026-09-21 15:26:00,CRUDEOIL,PE,9250.0,CRUDEOIL15OCT269250PE,652.3,653.0,651.6,651.6,800,15
2026-09-21 15:26:00,CRUDEOIL,CE,9300.0,CRUDEOIL15OCT269300CE,369.8,374.7,367.8,374.7,1900,15
2026-09-21 15:26:00,CRUDEOIL,PE,9300.0,CRUDEOIL15OCT269300PE,682.7,685.2,682.7,684.3,900,15
2026-09-21 15:26:00,CRUDEOIL,CE,9350.0,CRUDEOIL15OCT269350CE,352.6,359.4,351.9,359.4,700,15
2026-09-21 15:26:00,CRUDEOIL,PE,9350.0,CRUDEOIL15OCT269350PE,715.6,720.0,715.2,720.0,600,15
2026-09-21 15:26:00,CRUDEOIL,CE,9400.0,CRUDEOIL15OCT269400CE,337.9,343.4,335.4,343.4,6700,15
2026-09-21 15:26:00,CRUDEOIL,PE,9400.0,CRUDEOIL15OCT269400PE,750.3,754.4,744.6,744.6,3200,15
2026-09-21 15:26:00,CRUDEOIL,CE,9450.0,CRUDEOIL15OCT269450CE,321.7,321.7,321.0,321.0,100,15
2026-09-21 15:26:00,CRUDEOIL,PE,9450.0,CRUDEOIL15OCT269450PE,781.1,786.0,781.1,786.0,200,15
2026-09-21 15:26:00,CRUDEOIL,CE,9500.0,CRUDEOIL15OCT269500CE,307.3,312.7,306.0,312.7,6500,15
2026-09-21 15:26:00,CRUDEOIL,PE,9500.0,CRUDEOIL15OCT269500PE,817.9,818.8,812.9,812.9,400,15
2026-09-21 15:26:00,CRUDEOIL,CE,9550.0,CRUDEOIL15OCT269550CE,291.0,291.0,291.0,291.0,100,15
2026-09-21 15:26:00,CRUDEOIL,PE,9550.0,CRUDEOIL15OCT269550PE,850.0,850.0,850.0,850.0,0,15
2026-09-21 15:26:00,CRUDEOIL,CE,9600.0,CRUDEOIL15OCT269600CE,280.1,285.5,279.0,285.5,2200,15
2026-09-21 15:26:00,CRUDEOIL,PE,9600.0,CRUDEOIL15OCT269600PE,879.0,889.7,879.0,881.3,800,15
2026-09-21 15:26:00,CRUDEOIL,CE,9650.0,CRUDEOIL15OCT269650CE,266.0,266.2,265.9,266.2,200,15
2026-09-21 15:26:00,CRUDEOIL,PE,9650.0,CRUDEOIL15OCT269650PE,925.0,925.0,925.0,925.0,0,15
2026-09-21 15:26:00,CRUDEOIL,CE,9700.0,CRUDEOIL15OCT269700CE,255.6,258.9,254.0,258.9,2500,15
2026-09-21 15:26:00,CRUDEOIL,PE,9700.0,CRUDEOIL15OCT269700PE,956.4,956.4,956.4,956.4,0,15
2026-09-21 15:26:00,CRUDEOIL,CE,9750.0,CRUDEOIL15OCT269750CE,240.0,240.0,240.0,240.0,0,15
2026-09-21 15:26:00,CRUDEOIL,PE,9750.0,CRUDEOIL15OCT269750PE,987.2,987.2,987.2,987.2,0,15
2026-09-21 15:26:00,CRUDEOILM,FUT,0.0,CRUDEOILM21SEP26FUT,9375.0,9390.0,9369.0,9390.0,1180,15
2026-09-21 15:26:00,CRUDEOILM,CE,9150.0,CRUDEOILM15OCT269150CE,434.95,441.0,434.0,441.0,440,15
2026-09-21 15:26:00,CRUDEOILM,PE,9150.0,CRUDEOILM15OCT269150PE,597.15,599.3,590.25,590.25,410,15
2026-09-21 15:26:00,CRUDEOILM,CE,9200.0,CRUDEOILM15OCT269200CE,414.3,421.95,412.4,421.95,640,15
2026-09-21 15:26:00,CRUDEOILM,PE,9200.0,CRUDEOILM15OCT269200PE,628.95,630.3,622.1,622.1,260,15
2026-09-21 15:26:00,CRUDEOILM,CE,9250.0,CRUDEOILM15OCT269250CE,397.35,403.15,395.7,403.15,380,15
2026-09-21 15:26:00,CRUDEOILM,PE,9250.0,CRUDEOILM15OCT269250PE,658.6,658.6,652.75,652.75,10,15
2026-09-21 15:26:00,CRUDEOILM,CE,9300.0,CRUDEOILM15OCT269300CE,379.0,385.0,377.7,385.0,720,15
2026-09-21 15:26:00,CRUDEOILM,PE,9300.0,CRUDEOILM15OCT269300PE,690.95,692.0,687.3,687.3,90,15
2026-09-21 15:26:00,CRUDEOILM,CE,9350.0,CRUDEOILM15OCT269350CE,363.1,369.3,363.1,368.5,1130,15
2026-09-21 15:26:00,CRUDEOILM,PE,9350.0,CRUDEOILM15OCT269350PE,724.0,725.8,717.5,717.5,470,15
2026-09-21 15:26:00,CRUDEOILM,CE,9400.0,CRUDEOILM15OCT269400CE,347.0,353.0,345.1,353.0,1120,15
2026-09-21 15:26:00,CRUDEOILM,PE,9400.0,CRUDEOILM15OCT269400PE,761.3,762.7,749.9,749.9,270,15
2026-09-21 15:26:00,CRUDEOILM,CE,9450.0,CRUDEOILM15OCT269450CE,330.9,335.85,330.9,335.85,220,15
2026-09-21 15:26:00,CRUDEOILM,PE,9450.0,CRUDEOILM15OCT269450PE,793.05,793.05,782.85,782.85,50,15
2026-09-21 15:26:00,CRUDEOILM,CE,9500.0,CRUDEOILM15OCT269500CE,317.75,321.7,315.2,321.7,1810,15
2026-09-21 15:26:00,CRUDEOILM,PE,9500.0,CRUDEOILM15OCT269500PE,824.8,825.5,824.8,825.5,20,15
2026-09-21 15:26:00,CRUDEOILM,CE,9550.0,CRUDEOILM15OCT269550CE,302.7,306.8,301.05,306.8,240,15
2026-09-21 15:26:00,CRUDEOILM,PE,9550.0,CRUDEOILM15OCT269550PE,859.25,859.25,858.05,858.05,30,15
2026-09-21 15:26:00,CRUDEOILM,CE,9600.0,CRUDEOILM15OCT269600CE,287.0,294.25,287.0,294.25,250,15
2026-09-21 15:26:00,CRUDEOILM,PE,9600.0,CRUDEOILM15OCT269600PE,900.0,900.0,891.0,891.0,50,15
2026-09-21 15:26:00,CRUDEOILM,CE,9650.0,CRUDEOILM15OCT269650CE,273.4,279.75,273.4,279.75,20,15
2026-09-21 15:26:00,CRUDEOILM,PE,9650.0,CRUDEOILM15OCT269650PE,886.85,886.85,886.85,886.85,0,15
2026-09-21 15:26:00,CRUDEOILM,CE,9700.0,CRUDEOILM15OCT269700CE,263.65,267.5,263.05,267.5,80,15
2026-09-21 15:26:00,CRUDEOILM,PE,9700.0,CRUDEOILM15OCT269700PE,960.0,969.25,960.0,962.4,100,15
2026-09-21 15:26:00,CRUDEOILM,CE,9750.0,CRUDEOILM15OCT269750CE,251.2,251.2,250.35,250.35,60,15
2026-09-21 15:26:00,CRUDEOILM,PE,9750.0,CRUDEOILM15OCT269750PE,955.7,955.7,955.7,955.7,0,15
2026-09-21 15:27:00,CRUDEOIL,FUT,0.0,CRUDEOIL21SEP26FUT,9380.0,9390.0,9380.0,9383.0,500,16
2026-09-21 15:27:00,CRUDEOIL,CE,9150.0,CRUDEOIL15OCT269150CE,432.3,435.0,430.3,435.0,1100,16
2026-09-21 15:27:00,CRUDEOIL,PE,9150.0,CRUDEOIL15OCT269150PE,583.3,583.3,582.1,582.1,100,16
2026-09-21 15:27:00,CRUDEOIL,CE,9200.0,CRUDEOIL15OCT269200CE,408.2,413.8,408.2,413.8,6500,16
2026-09-21 15:27:00,CRUDEOIL,PE,9200.0,CRUDEOIL15OCT269200PE,611.8,612.7,610.0,610.0,600,16
2026-09-21 15:27:00,CRUDEOIL,CE,9250.0,CRUDEOIL15OCT269250CE,393.0,394.9,393.0,394.9,100,16
2026-09-21 15:27:00,CRUDEOIL,PE,9250.0,CRUDEOIL15OCT269250PE,651.6,651.6,651.6,651.6,0,16
2026-09-21 15:27:00,CRUDEOIL,CE,9300.0,CRUDEOIL15OCT269300CE,373.7,378.7,373.7,377.5,1700,16
2026-09-21 15:27:00,CRUDEOIL,PE,9300.0,CRUDEOIL15OCT269300PE,684.3,684.3,674.3,676.0,600,16
2026-09-21 15:27:00,CRUDEOIL,CE,9350.0,CRUDEOIL15OCT269350CE,359.4,359.6,359.0,359.0,400,16
2026-09-21 15:27:00,CRUDEOIL,PE,9350.0,CRUDEOIL15OCT269350PE,720.0,720.0,720.0,720.0,0,16
2026-09-21 15:27:00,CRUDEOIL,CE,9400.0,CRUDEOIL15OCT269400CE,341.2,346.3,341.2,344.7,3600,16
2026-09-21 15:27:00,CRUDEOIL,PE,9400.0,CRUDEOIL15OCT269400PE,745.0,745.0,740.3,740.3,1100,16
2026-09-21 15:27:00,CRUDEOIL,CE,9450.0,CRUDEOIL15OCT269450CE,327.7,327.7,326.0,326.0,400,16
2026-09-21 15:27:00,CRUDEOIL,PE,9450.0,CRUDEOIL15OCT269450PE,786.0,786.0,786.0,786.0,0,16
2026-09-21 15:27:00,CRUDEOIL,CE,9500.0,CRUDEOIL15OCT269500CE,312.2,315.6,312.2,315.6,7300,16
2026-09-21 15:27:00,CRUDEOIL,PE,9500.0,CRUDEOIL15OCT269500PE,812.9,812.9,808.2,808.2,300,16
2026-09-21 15:27:00,CRUDEOIL,CE,9550.0,CRUDEOIL15OCT269550CE,291.0,300.7,291.0,300.7,500,16
2026-09-21 15:27:00,CRUDEOIL,PE,9550.0,CRUDEOIL15OCT269550PE,850.0,850.0,850.0,850.0,0,16
2026-09-21 15:27:00,CRUDEOIL,CE,9600.0,CRUDEOIL15OCT269600CE,285.5,287.7,284.7,287.7,1200,16
2026-09-21 15:27:00,CRUDEOIL,PE,9600.0,CRUDEOIL15OCT269600PE,881.3,881.3,881.3,881.3,0,16
2026-09-21 15:27:00,CRUDEOIL,CE,9650.0,CRUDEOIL15OCT269650CE,266.2,266.2,266.2,266.2,0,16
2026-09-21 15:27:00,CRUDEOIL,PE,9650.0,CRUDEOIL15OCT269650PE,925.0,925.0,925.0,925.0,0,16
2026-09-21 15:27:00,CRUDEOIL,CE,9700.0,CRUDEOIL15OCT269700CE,258.9,262.5,258.9,262.5,1100,16
2026-09-21 15:27:00,CRUDEOIL,PE,9700.0,CRUDEOIL15OCT269700PE,956.4,956.4,956.4,956.4,0,16
2026-09-21 15:27:00,CRUDEOIL,CE,9750.0,CRUDEOIL15OCT269750CE,240.0,240.0,240.0,240.0,0,16
2026-09-21 15:27:00,CRUDEOIL,PE,9750.0,CRUDEOIL15OCT269750PE,987.2,987.2,987.2,987.2,0,16
2026-09-21 15:27:00,CRUDEOILM,FUT,0.0,CRUDEOILM21SEP26FUT,9390.0,9390.0,9383.0,9386.0,190,16
2026-09-21 15:27:00,CRUDEOILM,CE,9150.0,CRUDEOILM15OCT269150CE,440.25,446.15,440.25,445.5,1040,16
2026-09-21 15:27:00,CRUDEOILM,PE,9150.0,CRUDEOILM15OCT269150PE,590.25,592.65,590.25,592.65,1100,16
2026-09-21 15:27:00,CRUDEOILM,CE,9200.0,CRUDEOILM15OCT269200CE,419.1,425.4,419.1,425.4,190,16
2026-09-21 15:27:00,CRUDEOILM,PE,9200.0,CRUDEOILM15OCT269200PE,622.1,622.1,618.85,618.85,90,16
2026-09-21 15:27:00,CRUDEOILM,CE,9250.0,CRUDEOILM15OCT269250CE,403.15,407.3,403.15,407.1,600,16
2026-09-21 15:27:00,CRUDEOILM,PE,9250.0,CRUDEOILM15OCT269250PE,652.75,652.75,652.75,652.75,0,16
2026-09-21 15:27:00,CRUDEOILM,CE,9300.0,CRUDEOILM15OCT269300CE,383.0,388.0,383.0,387.1,460,16
2026-09-21 15:27:00,CRUDEOILM,PE,9300.0,CRUDEOILM15OCT269300PE,687.3,687.3,687.3,687.3,0,16
2026-09-21 15:27:00,CRUDEOILM,CE,9350.0,CRUDEOILM15OCT269350CE,368.5,373.35,368.5,373.05,480,16
2026-09-21 15:27:00,CRUDEOILM,PE,9350.0,CRUDEOILM15OCT269350PE,720.1,720.1,716.55,717.4,470,16
2026-09-21 15:27:00,CRUDEOILM,CE,9400.0,CRUDEOILM15OCT269400CE,351.75,356.4,351.75,355.8,1420,16
2026-09-21 15:27:00,CRUDEOILM,PE,9400.0,CRUDEOILM15OCT269400PE,751.9,754.0,749.7,749.7,390,16
2026-09-21 15:27:00,CRUDEOILM,CE,9450.0,CRUDEOILM15OCT269450CE,335.6,339.05,335.6,339.05,230,16
2026-09-21 15:27:00,CRUDEOILM,PE,9450.0,CRUDEOILM15OCT269450PE,782.85,782.85,782.85,782.85,0,16
2026-09-21 15:27:00,CRUDEOILM,CE,9500.0,CRUDEOILM15OCT269500CE,321.65,324.4,321.65,324.4,430,16
2026-09-21 15:27:00,CRUDEOILM,PE,9500.0,CRUDEOILM15OCT269500PE,825.5,825.5,814.7,814.7,160,16
2026-09-21 15:27:00,CRUDEOILM,CE,9550.0,CRUDEOILM15OCT269550CE,306.8,306.8,306.8,306.8,0,16
2026-09-21 15:27:00,CRUDEOILM,PE,9550.0,CRUDEOILM15OCT269550PE,858.05,858.05,858.05,858.05,0,16
2026-09-21 15:27:00,CRUDEOILM,CE,9600.0,CRUDEOILM15OCT269600CE,294.25,296.4,294.25,295.45,50,16
2026-09-21 15:27:00,CRUDEOILM,PE,9600.0,CRUDEOILM15OCT269600PE,891.0,891.0,891.0,891.0,0,16
2026-09-21 15:27:00,CRUDEOILM,CE,9650.0,CRUDEOILM15OCT269650CE,279.75,281.45,279.75,281.45,30,16
2026-09-21 15:27:00,CRUDEOILM,PE,9650.0,CRUDEOILM15OCT269650PE,886.85,886.85,886.85,886.85,0,16
2026-09-21 15:27:00,CRUDEOILM,CE,9700.0,CRUDEOILM15OCT269700CE,267.5,270.2,267.5,270.2,80,16
2026-09-21 15:27:00,CRUDEOILM,PE,9700.0,CRUDEOILM15OCT269700PE,962.4,962.4,962.4,962.4,0,16
2026-09-21 15:27:00,CRUDEOILM,CE,9750.0,CRUDEOILM15OCT269750CE,250.35,256.85,250.35,256.85,30,16
2026-09-21 15:27:00,CRUDEOILM,PE,9750.0,CRUDEOILM15OCT269750PE,955.7,955.7,955.7,955.7,0,16
2026-09-21 15:28:00,CRUDEOIL,FUT,0.0,CRUDEOIL21SEP26FUT,9383.0,9386.0,9383.0,9386.0,100,15
2026-09-21 15:28:00,CRUDEOIL,CE,9150.0,CRUDEOIL15OCT269150CE,435.0,435.0,433.9,433.9,400,15
2026-09-21 15:28:00,CRUDEOIL,PE,9150.0,CRUDEOIL15OCT269150PE,582.1,582.1,582.1,582.1,0,15
2026-09-21 15:28:00,CRUDEOIL,CE,9200.0,CRUDEOIL15OCT269200CE,414.6,414.6,412.8,412.8,1500,15
2026-09-21 15:28:00,CRUDEOIL,PE,9200.0,CRUDEOIL15OCT269200PE,608.4,608.4,608.4,608.4,0,15
2026-09-21 15:28:00,CRUDEOIL,CE,9250.0,CRUDEOIL15OCT269250CE,396.5,396.5,395.8,395.8,100,15
2026-09-21 15:28:00,CRUDEOIL,PE,9250.0,CRUDEOIL15OCT269250PE,651.6,651.6,651.6,651.6,0,15
2026-09-21 15:28:00,CRUDEOIL,CE,9300.0,CRUDEOIL15OCT269300CE,378.1,378.1,376.9,376.9,2300,15
2026-09-21 15:28:00,CRUDEOIL,PE,9300.0,CRUDEOIL15OCT269300PE,676.0,676.0,676.0,676.0,0,15
2026-09-21 15:28:00,CRUDEOIL,CE,9350.0,CRUDEOIL15OCT269350CE,359.0,361.3,359.0,360.8,700,15
2026-09-21 15:28:00,CRUDEOIL,PE,9350.0,CRUDEOIL15OCT269350PE,706.7,711.6,706.7,711.6,200,15
2026-09-21 15:28:00,CRUDEOIL,CE,9400.0,CRUDEOIL15OCT269400CE,345.3,345.5,344.0,344.0,2600,15
2026-09-21 15:28:00,CRUDEOIL,PE,9400.0,CRUDEOIL15OCT269400PE,740.0,740.9,738.2,740.9,1300,15
2026-09-21 15:28:00,CRUDEOIL,CE,9450.0,CRUDEOIL15OCT269450CE,326.0,326.0,326.0,326.0,0,15
2026-09-21 15:28:00,CRUDEOIL,PE,9450.0,CRUDEOIL15OCT269450PE,786.0,786.0,786.0,786.0,0,15
2026-09-21 15:28:00,CRUDEOIL,CE,9500.0,CRUDEOIL15OCT269500CE,315.6,315.6,313.1,313.1,12800,15
2026-09-21 15:28:00,CRUDEOIL,PE,9500.0,CRUDEOIL15OCT269500PE,808.2,808.2,808.2,808.2,200,15
2026-09-21 15:28:00,CRUDEOIL,CE,9550.0,CRUDEOIL15OCT269550CE,300.7,300.7,300.0,300.0,300,15
2026-09-21 15:28:00,CRUDEOIL,PE,9550.0,CRUDEOIL15OCT269550PE,850.0,850.0,850.0,850.0,0,15
2026-09-21 15:28:00,CRUDEOIL,CE,9600.0,CRUDEOIL15OCT269600CE,287.7,287.7,285.9,285.9,1000,15
2026-09-21 15:28:00,CRUDEOIL,PE,9600.0,CRUDEOIL15OCT269600PE,881.3,881.3,881.3,881.3,0,15
2026-09-21 15:28:00,CRUDEOIL,CE,9650.0,CRUDEOIL15OCT269650CE,266.2,274.0,266.2,273.0,300,15
2026-09-21 15:28:00,CRUDEOIL,PE,9650.0,CRUDEOIL15OCT269650PE,925.0,925.0,925.0,925.0,0,15
2026-09-21 15:28:00,CRUDEOIL,CE,9700.0,CRUDEOIL15OCT269700CE,262.5,262.5,261.0,261.0,1300,15
2026-09-21 15:28:00,CRUDEOIL,PE,9700.0,CRUDEOIL15OCT269700PE,956.4,956.4,956.4,956.4,0,15
2026-09-21 15:28:00,CRUDEOIL,CE,9750.0,CRUDEOIL15OCT269750CE,240.0,240.0,240.0,240.0,0,15
2026-09-21 15:28:00,CRUDEOIL,PE,9750.0,CRUDEOIL15OCT269750PE,987.2,987.2,987.2,987.2,0,15
2026-09-21 15:28:00,CRUDEOILM,FUT,0.0,CRUDEOILM21SEP26FUT,9385.0,9391.0,9384.0,9390.0,160,15
2026-09-21 15:28:00,CRUDEOILM,CE,9150.0,CRUDEOILM15OCT269150CE,445.5,445.85,444.65,445.5,430,15
2026-09-21 15:28:00,CRUDEOILM,PE,9150.0,CRUDEOILM15OCT269150PE,592.65,592.65,588.85,590.15,30,15
2026-09-21 15:28:00,CRUDEOILM,CE,9200.0,CRUDEOILM15OCT269200CE,425.65,425.65,423.2,423.25,90,15
2026-09-21 15:28:00,CRUDEOILM,PE,9200.0,CRUDEOILM15OCT269200PE,619.65,621.8,619.65,621.8,80,15
2026-09-21 15:28:00,CRUDEOILM,CE,9250.0,CRUDEOILM15OCT269250CE,407.1,407.1,405.4,406.05,80,15
2026-09-21 15:28:00,CRUDEOILM,PE,9250.0,CRUDEOILM15OCT269250PE,652.75,652.75,651.75,651.75,30,15
2026-09-21 15:28:00,CRUDEOILM,CE,9300.0,CRUDEOILM15OCT269300CE,387.1,388.0,385.45,385.45,600,15
2026-09-21 15:28:00,CRUDEOILM,PE,9300.0,CRUDEOILM15OCT269300PE,687.3,687.3,687.3,687.3,0,15
2026-09-21 15:28:00,CRUDEOILM,CE,9350.0,CRUDEOILM15OCT269350CE,373.0,373.0,370.85,370.85,60,15
2026-09-21 15:28:00,CRUDEOILM,PE,9350.0,CRUDEOILM15OCT269350PE,717.4,718.95,716.9,717.2,190,15
2026-09-21 15:28:00,CRUDEOILM,CE,9400.0,CRUDEOILM15OCT269400CE,356.4,356.4,353.7,353.7,1510,15
2026-09-21 15:28:00,CRUDEOILM,PE,9400.0,CRUDEOILM15OCT269400PE,749.7,752.5,749.55,750.7,170,15
2026-09-21 15:28:00,CRUDEOILM,CE,9450.0,CRUDEOILM15OCT269450CE,339.05,339.65,338.85,339.65,20,15
2026-09-21 15:28:00,CRUDEOILM,PE,9450.0,CRUDEOILM15OCT269450PE,782.85,785.1,782.85,785.1,10,15
2026-09-21 15:28:00,CRUDEOILM,CE,9500.0,CRUDEOILM15OCT269500CE,324.4,325.15,323.15,324.0,1210,15
2026-09-21 15:28:00,CRUDEOILM,PE,9500.0,CRUDEOILM15OCT269500PE,814.7,816.45,814.7,816.45,30,15
2026-09-21 15:28:00,CRUDEOILM,CE,9550.0,CRUDEOILM15OCT269550CE,306.8,310.2,306.8,310.2,130,15
2026-09-21 15:28:00,CRUDEOILM,PE,9550.0,CRUDEOILM15OCT269550PE,858.05,858.05,858.05,858.05,0,15
2026-09-21 15:28:00,CRUDEOILM,CE,9600.0,CRUDEOILM15OCT269600CE,295.45,296.7,295.45,295.45,20,15
2026-09-21 15:28:00,CRUDEOILM,PE,9600.0,CRUDEOILM15OCT269600PE,891.0,891.0,891.0,891.0,0,15
2026-09-21 15:28:00,CRUDEOILM,CE,9650.0,CRUDEOILM15OCT269650CE,281.45,282.2,281.45,281.85,20,15
2026-09-21 15:28:00,CRUDEOILM,PE,9650.0,CRUDEOILM15OCT269650PE,886.85,886.85,886.85,886.85,0,15
2026-09-21 15:28:00,CRUDEOILM,CE,9700.0,CRUDEOILM15OCT269700CE,270.2,270.2,269.8,269.8,10,15
2026-09-21 15:28:00,CRUDEOILM,PE,9700.0,CRUDEOILM15OCT269700PE,962.4,967.75,962.4,967.75,40,15
2026-09-21 15:28:00,CRUDEOILM,CE,9750.0,CRUDEOILM15OCT269750CE,256.85,256.85,256.85,256.85,0,15
2026-09-21 15:28:00,CRUDEOILM,PE,9750.0,CRUDEOILM15OCT269750PE,955.7,955.7,955.7,955.7,0,15
2026-09-21 15:29:00,CRUDEOIL,FUT,0.0,CRUDEOIL21SEP26FUT,9386.0,9386.0,9381.0,9381.0,1100,16
2026-09-21 15:29:00,CRUDEOIL,CE,9150.0,CRUDEOIL15OCT269150CE,433.9,433.9,429.5,429.5,600,16
2026-09-21 15:29:00,CRUDEOIL,PE,9150.0,CRUDEOIL15OCT269150PE,582.1,582.1,582.1,582.1,0,16
2026-09-21 15:29:00,CRUDEOIL,CE,9200.0,CRUDEOIL15OCT269200CE,412.6,414.0,409.9,414.0,2700,16
2026-09-21 15:29:00,CRUDEOIL,PE,9200.0,CRUDEOIL15OCT269200PE,608.4,608.4,608.4,608.4,0,16
2026-09-21 15:29:00,CRUDEOIL,CE,9250.0,CRUDEOIL15OCT269250CE,395.8,395.8,394.0,394.0,1200,16
2026-09-21 15:29:00,CRUDEOIL,PE,9250.0,CRUDEOIL15OCT269250PE,651.6,651.6,644.9,644.9,100,16
2026-09-21 15:29:00,CRUDEOIL,CE,9300.0,CRUDEOIL15OCT269300CE,376.8,377.0,373.9,377.0,1900,16
2026-09-21 15:29:00,CRUDEOIL,PE,9300.0,CRUDEOIL15OCT269300PE,676.0,676.0,673.9,673.9,300,16
2026-09-21 15:29:00,CRUDEOIL,CE,9350.0,CRUDEOIL15OCT269350CE,360.7,360.7,357.9,357.9,300,16
2026-09-21 15:29:00,CRUDEOIL,PE,9350.0,CRUDEOIL15OCT269350PE,711.6,711.6,711.6,711.6,100,16
2026-09-21 15:29:00,CRUDEOIL,CE,9400.0,CRUDEOIL15OCT269400CE,344.2,345.0,341.8,343.3,4400,16
2026-09-21 15:29:00,CRUDEOIL,PE,9400.0,CRUDEOIL15OCT269400PE,740.0,745.4,739.5,739.5,1400,16
2026-09-21 15:29:00,CRUDEOIL,CE,9450.0,CRUDEOIL15OCT269450CE,326.0,329.3,326.0,326.0,1400,16
2026-09-21 15:29:00,CRUDEOIL,PE,9450.0,CRUDEOIL15OCT269450PE,786.0,786.0,776.6,776.6,100,16
2026-09-21 15:29:00,CRUDEOIL,CE,9500.0,CRUDEOIL15OCT269500CE,313.1,313.9,310.4,313.9,26600,16
2026-09-21 15:29:00,CRUDEOIL,PE,9500.0,CRUDEOIL15OCT269500PE,808.2,809.0,808.2,809.0,300,16
2026-09-21 15:29:00,CRUDEOIL,CE,9550.0,CRUDEOIL15OCT269550CE,300.0,300.0,297.8,299.5,400,16
2026-09-21 15:29:00,CRUDEOIL,PE,9550.0,CRUDEOIL15OCT269550PE,850.0,850.0,850.0,850.0,0,16
2026-09-21 15:29:00,CRUDEOIL,CE,9600.0,CRUDEOIL15OCT269600CE,285.6,286.5,283.2,283.2,1800,16
2026-09-21 15:29:00,CRUDEOIL,PE,9600.0,CRUDEOIL15OCT269600PE,881.3,881.3,881.3,881.3,0,16
2026-09-21 15:29:00,CRUDEOIL,CE,9650.0,CRUDEOIL15OCT269650CE,273.0,273.5,269.5,269.5,200,16
2026-09-21 15:29:00,CRUDEOIL,PE,9650.0,CRUDEOIL15OCT269650PE,925.0,925.0,925.0,925.0,0,16
2026-09-21 15:29:00,CRUDEOIL,CE,9700.0,CRUDEOIL15OCT269700CE,261.0,261.0,258.0,259.9,800,16
2026-09-21 15:29:00,CRUDEOIL,PE,9700.0,CRUDEOIL15OCT269700PE,956.4,956.4,956.4,956.4,0,16
2026-09-21 15:29:00,CRUDEOIL,CE,9750.0,CRUDEOIL15OCT269750CE,240.0,240.0,240.0,240.0,0,16
2026-09-21 15:29:00,CRUDEOIL,PE,9750.0,CRUDEOIL15OCT269750PE,987.2,987.2,987.2,987.2,0,16
2026-09-21 15:29:00,CRUDEOILM,FUT,0.0,CRUDEOILM21SEP26FUT,9390.0,9392.0,9380.0,9390.0,450,16
2026-09-21 15:29:00,CRUDEOILM,CE,9150.0,CRUDEOILM15OCT269150CE,445.5,445.55,440.8,443.25,220,16
2026-09-21 15:29:00,CRUDEOILM,PE,9150.0,CRUDEOILM15OCT269150PE,590.15,595.2,590.15,595.2,600,16
2026-09-21 15:29:00,CRUDEOILM,CE,9200.0,CRUDEOILM15OCT269200CE,424.1,424.5,420.0,422.65,850,16
2026-09-21 15:29:00,CRUDEOILM,PE,9200.0,CRUDEOILM15OCT269200PE,621.8,623.45,620.0,620.8,200,16
2026-09-21 15:29:00,CRUDEOILM,CE,9250.0,CRUDEOILM15OCT269250CE,406.05,406.8,402.45,402.45,110,16
2026-09-21 15:29:00,CRUDEOILM,PE,9250.0,CRUDEOILM15OCT269250PE,651.75,656.3,651.1,656.3,110,16
2026-09-21 15:29:00,CRUDEOILM,CE,9300.0,CRUDEOILM15OCT269300CE,385.45,388.0,384.8,388.0,500,16
2026-09-21 15:29:00,CRUDEOILM,PE,9300.0,CRUDEOILM15OCT269300PE,687.3,687.3,687.3,687.3,0,16
2026-09-21 15:29:00,CRUDEOILM,CE,9350.0,CRUDEOILM15OCT269350CE,370.85,372.85,367.3,369.8,160,16
2026-09-21 15:29:00,CRUDEOILM,PE,9350.0,CRUDEOILM15OCT269350PE,717.2,718.35,716.05,718.35,40,16
2026-09-21 15:29:00,CRUDEOILM,CE,9400.0,CRUDEOILM15OCT269400CE,353.9,354.85,350.7,354.85,1260,16
2026-09-21 15:29:00,CRUDEOILM,PE,9400.0,CRUDEOILM15OCT269400PE,750.75,752.5,749.25,750.0,230,16
2026-09-21 15:29:00,CRUDEOILM,CE,9450.0,CRUDEOILM15OCT269450CE,339.65,339.65,338.5,339.15,80,16
2026-09-21 15:29:00,CRUDEOILM,PE,9450.0,CRUDEOILM15OCT269450PE,785.1,785.1,785.1,785.1,0,16
2026-09-21 15:29:00,CRUDEOILM,CE,9500.0,CRUDEOILM15OCT269500CE,324.0,324.1,319.2,322.6,3710,16
2026-09-21 15:29:00,CRUDEOILM,PE,9500.0,CRUDEOILM15OCT269500PE,816.45,820.0,815.0,815.0,400,16
2026-09-21 15:29:00,CRUDEOILM,CE,9550.0,CRUDEOILM15OCT269550CE,310.2,310.2,308.1,308.1,10,16
2026-09-21 15:29:00,CRUDEOILM,PE,9550.0,CRUDEOILM15OCT269550PE,858.05,858.05,855.9,855.9,10,16
2026-09-21 15:29:00,CRUDEOILM,CE,9600.0,CRUDEOILM15OCT269600CE,295.45,295.45,293.0,293.35,70,16
2026-09-21 15:29:00,CRUDEOILM,PE,9600.0,CRUDEOILM15OCT269600PE,891.0,893.0,891.0,892.75,30,16
2026-09-21 15:29:00,CRUDEOILM,CE,9650.0,CRUDEOILM15OCT269650CE,281.85,281.85,279.15,280.65,20,16
2026-09-21 15:29:00,CRUDEOILM,PE,9650.0,CRUDEOILM15OCT269650PE,886.85,886.85,886.85,886.85,0,16
2026-09-21 15:29:00,CRUDEOILM,CE,9700.0,CRUDEOILM15OCT269700CE,269.8,270.2,268.1,268.2,250,16
2026-09-21 15:29:00,CRUDEOILM,PE,9700.0,CRUDEOILM15OCT269700PE,967.75,971.15,967.75,971.15,30,16
2026-09-21 15:29:00,CRUDEOILM,CE,9750.0,CRUDEOILM15OCT269750CE,256.85,256.85,253.6,253.6,30,16
2026-09-21 15:29:00,CRUDEOILM,PE,9750.0,CRUDEOILM15OCT269750PE,955.7,955.7,955.7,955.7,0,16
2026-09-21 15:30:00,CRUDEOIL,FUT,0.0,CRUDEOIL21SEP26FUT,9389.0,9389.0,9386.0,9386.0,200,15
2026-09-21 15:30:00,CRUDEOIL,CE,9150.0,CRUDEOIL15OCT269150CE,429.5,433.9,429.5,433.9,100,15
2026-09-21 15:30:00,CRUDEOIL,PE,9150.0,CRUDEOIL15OCT269150PE,582.1,582.1,582.1,582.1,0,15
2026-09-21 15:30:00,CRUDEOIL,CE,9200.0,CRUDEOIL15OCT269200CE,415.1,415.1,410.0,414.6,3600,15
2026-09-21 15:30:00,CRUDEOIL,PE,9200.0,CRUDEOIL15OCT269200PE,609.0,610.2,604.4,604.4,700,15
2026-09-21 15:30:00,CRUDEOIL,CE,9250.0,CRUDEOIL15OCT269250CE,394.0,395.9,394.0,395.9,100,15
2026-09-21 15:30:00,CRUDEOIL,PE,9250.0,CRUDEOIL15OCT269250PE,644.9,644.9,644.9,644.9,0,15
2026-09-21 15:30:00,CRUDEOIL,CE,9300.0,CRUDEOIL15OCT269300CE,377.0,380.0,375.2,378.9,5100,15
2026-09-21 15:30:00,CRUDEOIL,PE,9300.0,CRUDEOIL15OCT269300PE,673.9,673.9,673.9,673.9,0,15
2026-09-21 15:30:00,CRUDEOIL,CE,9350.0,CRUDEOIL15OCT269350CE,357.9,362.1,357.9,362.1,1200,15
2026-09-21 15:30:00,CRUDEOIL,PE,9350.0,CRUDEOIL15OCT269350PE,711.6,711.6,701.6,701.9,500,15
2026-09-21 15:30:00,CRUDEOIL,CE,9400.0,CRUDEOIL15OCT269400CE,345.9,346.0,343.4,346.0,5700,15
2026-09-21 15:30:00,CRUDEOIL,PE,9400.0,CRUDEOIL15OCT269400PE,738.2,740.7,738.0,738.0,900,15
2026-09-21 15:30:00,CRUDEOIL,CE,9450.0,CRUDEOIL15OCT269450CE,329.0,329.0,327.5,328.6,300,15
2026-09-21 15:30:00,CRUDEOIL,PE,9450.0,CRUDEOIL15OCT269450PE,776.6,776.6,776.6,776.6,0,15
2026-09-21 15:30:00,CRUDEOIL,CE,9500.0,CRUDEOIL15OCT269500CE,314.5,315.8,311.0,315.8,9600,15
2026-09-21 15:30:00,CRUDEOIL,PE,9500.0,CRUDEOIL15OCT269500PE,809.0,809.0,805.0,805.0,200,15
2026-09-21 15:30:00,CRUDEOIL,CE,9550.0,CRUDEOIL15OCT269550CE,299.5,301.0,297.8,301.0,200,15
2026-09-21 15:30:00,CRUDEOIL,PE,9550.0,CRUDEOIL15OCT269550PE,850.0,850.0,850.0,850.0,0,15
2026-09-21 15:30:00,CRUDEOIL,CE,9600.0,CRUDEOIL15OCT269600CE,283.2,287.7,283.2,287.7,2500,15
2026-09-21 15:30:00,CRUDEOIL,PE,9600.0,CRUDEOIL15OCT269600PE,881.3,881.3,881.3,881.3,0,15
2026-09-21 15:30:00,CRUDEOIL,CE,9650.0,CRUDEOIL15OCT269650CE,269.5,269.5,269.5,269.5,0,15
2026-09-21 15:30:00,CRUDEOIL,PE,9650.0,CRUDEOIL15OCT269650PE,925.0,925.0,925.0,925.0,0,15
2026-09-21 15:30:00,CRUDEOIL,CE,9700.0,CRUDEOIL15OCT269700CE,259.9,262.3,258.6,262.2,1700,15
2026-09-21 15:30:00,CRUDEOIL,PE,9700.0,CRUDEOIL15OCT269700PE,956.4,956.4,956.4,956.4,0,15
2026-09-21 15:30:00,CRUDEOIL,CE,9750.0,CRUDEOIL15OCT269750CE,240.0,240.0,240.0,240.0,0,15
2026-09-21 15:30:00,CRUDEOIL,PE,9750.0,CRUDEOIL15OCT269750PE,987.2,987.2,987.2,987.2,0,15
2026-09-21 15:30:00,CRUDEOILM,FUT,0.0,CRUDEOILM21SEP26FUT,9392.0,9393.0,9385.0,9393.0,440,15
2026-09-21 15:30:00,CRUDEOILM,CE,9150.0,CRUDEOILM15OCT269150CE,443.25,447.3,443.25,447.3,420,15
2026-09-21 15:30:00,CRUDEOILM,PE,9150.0,CRUDEOILM15OCT269150PE,590.0,590.7,587.5,588.0,270,15
2026-09-21 15:30:00,CRUDEOILM,CE,9200.0,CRUDEOILM15OCT269200CE,424.4,426.25,422.0,426.25,1100,15
2026-09-21 15:30:00,CRUDEOILM,PE,9200.0,CRUDEOILM15OCT269200PE,620.8,620.8,615.7,616.45,120,15
2026-09-21 15:30:00,CRUDEOILM,CE,9250.0,CRUDEOILM15OCT269250CE,407.5,408.0,404.45,407.6,220,15
2026-09-21 15:30:00,CRUDEOILM,PE,9250.0,CRUDEOILM15OCT269250PE,656.3,656.3,652.5,652.5,60,15
2026-09-21 15:30:00,CRUDEOILM,CE,9300.0,CRUDEOILM15OCT269300CE,388.95,388.95,386.0,388.9,180,15
2026-09-21 15:30:00,CRUDEOILM,PE,9300.0,CRUDEOILM15OCT269300PE,687.3,687.3,682.35,682.35,20,15
2026-09-21 15:30:00,CRUDEOILM,CE,9350.0,CRUDEOILM15OCT269350CE,372.7,372.7,371.25,372.65,400,15
2026-09-21 15:30:00,CRUDEOILM,PE,9350.0,CRUDEOILM15OCT269350PE,716.4,720.35,713.7,714.2,1150,15
2026-09-21 15:30:00,CRUDEOILM,CE,9400.0,CRUDEOILM15OCT269400CE,354.8,355.4,351.5,355.25,480,15
2026-09-21 15:30:00,CRUDEOILM,PE,9400.0,CRUDEOILM15OCT269400PE,746.7,749.5,742.5,742.5,1370,15
2026-09-21 15:30:00,CRUDEOILM,CE,9450.0,CRUDEOILM15OCT269450CE,340.2,340.75,337.3,340.75,270,15
2026-09-21 15:30:00,CRUDEOILM,PE,9450.0,CRUDEOILM15OCT269450PE,785.1,785.1,779.9,780.2,40,15
2026-09-21 15:30:00,CRUDEOILM,CE,9500.0,CRUDEOILM15OCT269500CE,322.6,324.5,322.0,324.5,1080,15
2026-09-21 15:30:00,CRUDEOILM,PE,9500.0,CRUDEOILM15OCT269500PE,814.75,814.75,814.75,814.75,0,15
2026-09-21 15:30:00,CRUDEOILM,CE,9550.0,CRUDEOILM15OCT269550CE,308.1,311.35,308.1,311.05,120,15
2026-09-21 15:30:00,CRUDEOILM,PE,9550.0,CRUDEOILM15OCT269550PE,855.9,855.9,855.9,855.9,0,15
2026-09-21 15:30:00,CRUDEOILM,CE,9600.0,CRUDEOILM15OCT269600CE,293.35,297.2,293.25,297.0,200,15
2026-09-21 15:30:00,CRUDEOILM,PE,9600.0,CRUDEOILM15OCT269600PE,892.75,892.75,887.5,887.5,10,15
2026-09-21 15:30:00,CRUDEOILM,CE,9650.0,CRUDEOILM15OCT269650CE,280.65,283.05,280.65,283.05,60,15
2026-09-21 15:30:00,CRUDEOILM,PE,9650.0,CRUDEOILM15OCT269650PE,886.85,886.85,886.85,886.85,0,15
2026-09-21 15:30:00,CRUDEOILM,CE,9700.0,CRUDEOILM15OCT269700CE,268.2,271.15,268.2,271.15,20,15
2026-09-21 15:30:00,CRUDEOILM,PE,9700.0,CRUDEOILM15OCT269700PE,971.15,971.15,958.4,958.4,10,15
2026-09-21 15:30:00,CRUDEOILM,CE,9750.0,CRUDEOILM15OCT269750CE,253.6,257.1,253.6,257.1,10,15
2026-09-21 15:30:00,CRUDEOILM,PE,9750.0,CRUDEOILM15OCT269750PE,955.7,955.7,955.7,955.7,0,15
2026-09-21 15:31:00,CRUDEOIL,FUT,0.0,CRUDEOIL21SEP26FUT,9391.0,9401.0,9389.0,9401.0,900,16
2026-09-21 15:31:00,CRUDEOIL,CE,9150.0,CRUDEOIL15OCT269150CE,433.9,438.6,433.9,438.3,1200,16
2026-09-21 15:31:00,CRUDEOIL,PE,9150.0,CRUDEOIL15OCT269150PE,582.1,582.1,573.0,573.0,100,16
2026-09-21 15:31:00,CRUDEOIL,CE,9200.0,CRUDEOIL15OCT269200CE,414.6,417.5,414.6,417.5,1500,16
2026-09-21 15:31:00,CRUDEOIL,PE,9200.0,CRUDEOIL15OCT269200PE,604.4,604.4,603.0,603.0,400,16
2026-09-21 15:31:00,CRUDEOIL,CE,9250.0,CRUDEOIL15OCT269250CE,398.0,400.8,396.4,399.3,800,16
2026-09-21 15:31:00,CRUDEOIL,PE,9250.0,CRUDEOIL15OCT269250PE,644.9,644.9,644.9,644.9,0,16
2026-09-21 15:31:00,CRUDEOIL,CE,9300.0,CRUDEOIL15OCT269300CE,378.9,381.6,377.6,379.7,3800,16
2026-09-21 15:31:00,CRUDEOIL,PE,9300.0,CRUDEOIL15OCT269300PE,673.9,673.9,666.2,666.6,800,16
2026-09-21 15:31:00,CRUDEOIL,CE,9350.0,CRUDEOIL15OCT269350CE,362.1,365.0,361.5,365.0,500,16
2026-09-21 15:31:00,CRUDEOIL,PE,9350.0,CRUDEOIL15OCT269350PE,701.6,701.6,697.9,697.9,100,16
2026-09-21 15:31:00,CRUDEOIL,CE,9400.0,CRUDEOIL15OCT269400CE,347.0,348.0,345.0,346.8,5400,16
2026-09-21 15:31:00,CRUDEOIL,PE,9400.0,CRUDEOIL15OCT269400PE,732.3,734.4,729.6,729.6,3800,16
2026-09-21 15:31:00,CRUDEOIL,CE,9450.0,CRUDEOIL15OCT269450CE,328.6,333.2,328.6,332.4,3000,16
2026-09-21 15:31:00,CRUDEOIL,PE,9450.0,CRUDEOIL15OCT269450PE,776.6,776.6,776.6,776.6,0,16
2026-09-21 15:31:00,CRUDEOIL,CE,9500.0,CRUDEOIL15OCT269500CE,315.9,317.5,315.0,316.9,3800,16
2026-09-21 15:31:00,CRUDEOIL,PE,9500.0,CRUDEOIL15OCT269500PE,801.0,801.0,794.3,794.3,500,16
2026-09-21 15:31:00,CRUDEOIL,CE,9550.0,CRUDEOIL15OCT269550CE,301.0,303.1,300.0,300.4,1000,16
2026-09-21 15:31:00,CRUDEOIL,PE,9550.0,CRUDEOIL15OCT269550PE,850.0,850.0,850.0,850.0,0,16
2026-09-21 15:31:00,CRUDEOIL,CE,9600.0,CRUDEOIL15OCT269600CE,288.3,289.1,287.0,289.1,2700,16
2026-09-21 15:31:00,CRUDEOIL,PE,9600.0,CRUDEOIL15OCT269600PE,881.3,881.3,881.3,881.3,0,16
2026-09-21 15:31:00,CRUDEOIL,CE,9650.0,CRUDEOIL15OCT269650CE,269.5,269.5,269.5,269.5,0,16
2026-09-21 15:31:00,CRUDEOIL,PE,9650.0,CRUDEOIL15OCT269650PE,925.0,925.0,925.0,925.0,0,16
2026-09-21 15:31:00,CRUDEOIL,CE,9700.0,CRUDEOIL15OCT269700CE,262.5,264.6,262.2,264.0,2600,16
2026-09-21 15:31:00,CRUDEOIL,PE,9700.0,CRUDEOIL15OCT269700PE,956.4,956.4,956.4,956.4,0,16
2026-09-21 15:31:00,CRUDEOIL,CE,9750.0,CRUDEOIL15OCT269750CE,240.0,240.0,240.0,240.0,0,16
2026-09-21 15:31:00,CRUDEOIL,PE,9750.0,CRUDEOIL15OCT269750PE,987.2,987.2,987.2,987.2,0,16
2026-09-21 15:31:00,CRUDEOILM,FUT,0.0,CRUDEOILM21SEP26FUT,9393.0,9404.0,9393.0,9404.0,510,16
2026-09-21 15:31:00,CRUDEOILM,CE,9150.0,CRUDEOILM15OCT269150CE,447.7,450.0,446.95,450.0,380,16
2026-09-21 15:31:00,CRUDEOILM,PE,9150.0,CRUDEOILM15OCT269150PE,584.1,586.15,582.4,582.4,70,16
2026-09-21 15:31:00,CRUDEOILM,CE,9200.0,CRUDEOILM15OCT269200CE,427.35,429.3,426.25,429.3,1440,16
2026-09-21 15:31:00,CRUDEOILM,PE,9200.0,CRUDEOILM15OCT269200PE,614.65,614.65,610.0,610.0,130,16
2026-09-21 15:31:00,CRUDEOILM,CE,9250.0,CRUDEOILM15OCT269250CE,408.85,411.55,408.0,411.55,430,16
2026-09-21 15:31:00,CRUDEOILM,PE,9250.0,CRUDEOILM15OCT269250PE,652.5,652.5,639.5,639.5,130,16
2026-09-21 15:31:00,CRUDEOILM,CE,9300.0,CRUDEOILM15OCT269300CE,390.0,392.55,388.05,392.55,450,16
2026-09-21 15:31:00,CRUDEOILM,PE,9300.0,CRUDEOILM15OCT269300PE,674.05,676.8,670.5,670.5,110,16
2026-09-21 15:31:00,CRUDEOILM,CE,9350.0,CRUDEOILM15OCT269350CE,373.0,375.8,373.0,375.8,1450,16
2026-09-21 15:31:00,CRUDEOILM,PE,9350.0,CRUDEOILM15OCT269350PE,712.1,712.1,705.8,706.85,330,16
2026-09-21 15:31:00,CRUDEOILM,CE,9400.0,CRUDEOILM15OCT269400CE,356.05,357.95,355.0,356.85,1120,16
2026-09-21 15:31:00,CRUDEOILM,PE,9400.0,CRUDEOILM15OCT269400PE,742.5,743.15,738.05,738.05,750,16
2026-09-21 15:31:00,CRUDEOILM,CE,9450.0,CRUDEOILM15OCT269450CE,340.45,343.05,339.15,342.95,190,16
2026-09-21 15:31:00,CRUDEOILM,PE,9450.0,CRUDEOILM15OCT269450PE,780.2,780.2,771.25,771.25,40,16
2026-09-21 15:31:00,CRUDEOILM,CE,9500.0,CRUDEOILM15OCT269500CE,324.5,327.3,324.0,327.3,630,16
2026-09-21 15:31:00,CRUDEOILM,PE,9500.0,CRUDEOILM15OCT269500PE,806.5,806.6,802.7,802.7,150,16
2026-09-21 15:31:00,CRUDEOILM,CE,9550.0,CRUDEOILM15OCT269550CE,310.8,310.8,309.6,309.9,60,16
2026-09-21 15:31:00,CRUDEOILM,PE,9550.0,CRUDEOILM15OCT269550PE,855.9,855.9,855.9,855.9,0,16
2026-09-21 15:31:00,CRUDEOILM,CE,9600.0,CRUDEOILM15OCT269600CE,297.1,299.35,296.45,298.9,260,16
2026-09-21 15:31:00,CRUDEOILM,PE,9600.0,CRUDEOILM15OCT269600PE,887.5,887.5,875.85,877.2,30,16
2026-09-21 15:31:00,CRUDEOILM,CE,9650.0,CRUDEOILM15OCT269650CE,284.4,285.4,284.4,285.4,10,16
2026-09-21 15:31:00,CRUDEOILM,PE,9650.0,CRUDEOILM15OCT269650PE,886.85,886.85,886.85,886.85,0,16
2026-09-21 15:31:00,CRUDEOILM,CE,9700.0,CRUDEOILM15OCT269700CE,271.15,271.45,271.15,271.15,60,16
2026-09-21 15:31:00,CRUDEOILM,PE,9700.0,CRUDEOILM15OCT269700PE,958.4,958.4,952.15,952.15,10,16
2026-09-21 15:31:00,CRUDEOILM,CE,9750.0,CRUDEOILM15OCT269750CE,258.15,258.15,257.2,257.2,40,16
2026-09-21 15:31:00,CRUDEOILM,PE,9750.0,CRUDEOILM15OCT269750PE,955.7,955.7,955.7,955.7,0,16
