timestamp_minute,asset,instrument_type,strike,trading_symbol,open,high,low,close,volume,tick_count
2026-09-25 21:21:00,NIFTY,FUT,0.0,NIFTY26SEPFUT,23190.0,23190.0,23190.0,23190.0,0,7
2026-09-25 21:21:00,NIFTY,SPOT,0.0,Nifty 50,23140.5,23140.5,23140.5,23140.5,0,7
2026-09-25 21:21:00,NIFTY,CE,22850.0,NIFTY26SEP22850CE,358.05,358.05,358.05,358.05,0,7
2026-09-25 21:21:00,NIFTY,PE,22850.0,NIFTY26SEP22850PE,14.15,14.15,14.15,14.15,0,7
2026-09-25 21:21:00,NIFTY,CE,22900.0,NIFTY26SEP22900CE,310.8,310.8,310.8,310.8,0,7
2026-09-25 21:21:00,NIFTY,PE,22900.0,NIFTY26SEP22900PE,19.1,19.1,19.1,19.1,0,7
2026-09-25 21:21:00,NIFTY,CE,22950.0,NIFTY26SEP22950CE,265.9,265.9,265.9,265.9,0,7
2026-09-25 21:21:00,NIFTY,PE,22950.0,NIFTY26SEP22950PE,24.95,24.95,24.95,24.95,0,7
2026-09-25 21:21:00,NIFTY,CE,23000.0,NIFTY26SEP23000CE,224.35,224.35,224.35,224.35,0,7
2026-09-25 21:21:00,NIFTY,PE,23000.0,NIFTY26SEP23000PE,34.0,34.0,34.0,34.0,0,7
2026-09-25 21:21:00,NIFTY,CE,23050.0,NIFTY26SEP23050CE,184.55,184.55,184.55,184.55,0,7
2026-09-25 21:21:00,NIFTY,PE,23050.0,NIFTY26SEP23050PE,44.4,44.4,44.4,44.4,0,7
2026-09-25 21:21:00,NIFTY,CE,23100.0,NIFTY26SEP23100CE,150.15,150.15,150.15,150.15,0,7
2026-09-25 21:21:00,NIFTY,PE,23100.0,NIFTY26SEP23100PE,58.3,58.3,58.3,58.3,0,7
2026-09-25 21:21:00,NIFTY,CE,23150.0,NIFTY26SEP23150CE,119.25,119.25,119.25,119.25,0,7
2026-09-25 21:21:00,NIFTY,PE,23150.0,NIFTY26SEP23150PE,76.75,76.75,76.75,76.75,0,7
2026-09-25 21:21:00,NIFTY,CE,23200.0,NIFTY26SEP23200CE,92.0,92.0,92.0,92.0,0,7
2026-09-25 21:21:00,NIFTY,PE,23200.0,NIFTY26SEP23200PE,99.1,99.1,99.1,99.1,0,7
2026-09-25 21:21:00,NIFTY,CE,23250.0,NIFTY26SEP23250CE,68.85,68.85,68.85,68.85,0,7
2026-09-25 21:21:00,NIFTY,PE,23250.0,NIFTY26SEP23250PE,128.1,128.1,128.1,128.1,0,7
2026-09-25 21:21:00,NIFTY,CE,23300.0,NIFTY26SEP23300CE,50.9,50.9,50.9,50.9,0,7
2026-09-25 21:21:00,NIFTY,PE,23300.0,NIFTY26SEP23300PE,157.75,157.75,157.75,157.75,0,7
2026-09-25 21:21:00,NIFTY,CE,23350.0,NIFTY26SEP23350CE,37.05,37.05,37.05,37.05,0,7
2026-09-25 21:21:00,NIFTY,PE,23350.0,NIFTY26SEP23350PE,194.35,194.35,194.35,194.35,0,7
2026-09-25 21:21:00,NIFTY,CE,23400.0,NIFTY26SEP23400CE,26.6,26.6,26.6,26.6,0,7
2026-09-25 21:21:00,NIFTY,PE,23400.0,NIFTY26SEP23400PE,233.0,233.0,233.0,233.0,0,7
2026-09-25 21:21:00,NIFTY,CE,23450.0,NIFTY26SEP23450CE,18.8,18.8,18.8,18.8,0,7
2026-09-25 21:21:00,NIFTY,PE,23450.0,NIFTY26SEP23450PE,274.55,274.55,274.55,274.55,0,7
2026-09-25 21:22:00,NIFTY,FUT,0.0,NIFTY26SEPFUT,23190.0,23190.0,23190.0,23190.0,0,19
2026-09-25 21:22:00,NIFTY,SPOT,0.0,Nifty 50,23140.5,23140.5,23140.5,23140.5,0,19
2026-09-25 21:22:00,NIFTY,CE,22850.0,NIFTY26SEP22850CE,358.05,358.05,358.05,358.05,0,19
2026-09-25 21:22:00,NIFTY,PE,22850.0,NIFTY26SEP22850PE,14.15,14.15,14.15,14.15,0,19
2026-09-25 21:22:00,NIFTY,CE,22900.0,NIFTY26SEP22900CE,310.8,310.8,310.8,310.8,0,19
2026-09-25 21:22:00,NIFTY,PE,22900.0,NIFTY26SEP22900PE,19.1,19.1,19.1,19.1,0,19
2026-09-25 21:22:00,NIFTY,CE,22950.0,NIFTY26SEP22950CE,265.9,265.9,265.9,265.9,0,19
2026-09-25 21:22:00,NIFTY,PE,22950.0,NIFTY26SEP22950PE,24.95,24.95,24.95,24.95,0,19
2026-09-25 21:22:00,NIFTY,CE,23000.0,NIFTY26SEP23000CE,224.35,224.35,224.35,224.35,0,19
2026-09-25 21:22:00,NIFTY,PE,23000.0,NIFTY26SEP23000PE,34.0,34.0,34.0,34.0,0,19
2026-09-25 21:22:00,NIFTY,CE,23050.0,NIFTY26SEP23050CE,184.55,184.55,184.55,184.55,0,19
2026-09-25 21:22:00,NIFTY,PE,23050.0,NIFTY26SEP23050PE,44.4,44.4,44.4,44.4,0,19
2026-09-25 21:22:00,NIFTY,CE,23100.0,NIFTY26SEP23100CE,150.15,150.15,150.15,150.15,0,19
2026-09-25 21:22:00,NIFTY,PE,23100.0,NIFTY26SEP23100PE,58.3,58.3,58.3,58.3,0,19
2026-09-25 21:22:00,NIFTY,CE,23150.0,NIFTY26SEP23150CE,119.25,119.25,119.25,119.25,0,19
2026-09-25 21:22:00,NIFTY,PE,23150.0,NIFTY26SEP23150PE,76.75,76.75,76.75,76.75,0,19
2026-09-25 21:22:00,NIFTY,CE,23200.0,NIFTY26SEP23200CE,92.0,92.0,92.0,92.0,0,19
2026-09-25 21:22:00,NIFTY,PE,23200.0,NIFTY26SEP23200PE,99.1,99.1,99.1,99.1,0,19
2026-09-25 21:22:00,NIFTY,CE,23250.0,NIFTY26SEP23250CE,68.85,68.85,68.85,68.85,0,19
2026-09-25 21:22:00,NIFTY,PE,23250.0,NIFTY26SEP23250PE,128.1,128.1,128.1,128.1,0,19
2026-09-25 21:22:00,NIFTY,CE,23300.0,NIFTY26SEP23300CE,50.9,50.9,50.9,50.9,0,19
2026-09-25 21:22:00,NIFTY,PE,23300.0,NIFTY26SEP23300PE,157.75,157.75,157.75,157.75,0,19
2026-09-25 21:22:00,NIFTY,CE,23350.0,NIFTY26SEP23350CE,37.05,37.05,37.05,37.05,0,19
2026-09-25 21:22:00,NIFTY,PE,23350.0,NIFTY26SEP23350PE,194.35,194.35,194.35,194.35,0,19
2026-09-25 21:22:00,NIFTY,CE,23400.0,NIFTY26SEP23400CE,26.6,26.6,26.6,26.6,0,19
2026-09-25 21:22:00,NIFTY,PE,23400.0,NIFTY26SEP23400PE,233.0,233.0,233.0,233.0,0,19
2026-09-25 21:22:00,NIFTY,CE,23450.0,NIFTY26SEP23450CE,18.8,18.8,18.8,18.8,0,19
2026-09-25 21:22:00,NIFTY,PE,23450.0,NIFTY26SEP23450PE,274.55,274.55,274.55,274.55,0,19
2026-09-25 21:23:00,NIFTY,FUT,0.0,NIFTY26SEPFUT,23190.0,23190.0,23190.0,23190.0,0,4
2026-09-25 21:23:00,NIFTY,SPOT,0.0,Nifty 50,23140.5,23140.5,23140.5,23140.5,0,4
2026-09-25 21:23:00,NIFTY,CE,22850.0,NIFTY26SEP22850CE,358.05,358.05,358.05,358.05,0,4
2026-09-25 21:23:00,NIFTY,PE,22850.0,NIFTY26SEP22850PE,14.15,14.15,14.15,14.15,0,4
2026-09-25 21:23:00,NIFTY,CE,22900.0,NIFTY26SEP22900CE,310.8,310.8,310.8,310.8,0,4
2026-09-25 21:23:00,NIFTY,PE,22900.0,NIFTY26SEP22900PE,19.1,19.1,19.1,19.1,0,4
2026-09-25 21:23:00,NIFTY,CE,22950.0,NIFTY26SEP22950CE,265.9,265.9,265.9,265.9,0,4
2026-09-25 21:23:00,NIFTY,PE,22950.0,NIFTY26SEP22950PE,24.95,24.95,24.95,24.95,0,4
2026-09-25 21:23:00,NIFTY,CE,23000.0,NIFTY26SEP23000CE,224.35,224.35,224.35,224.35,0,4
2026-09-25 21:23:00,NIFTY,PE,23000.0,NIFTY26SEP23000PE,34.0,34.0,34.0,34.0,0,4
2026-09-25 21:23:00,NIFTY,CE,23050.0,NIFTY26SEP23050CE,184.55,184.55,184.55,184.55,0,4
2026-09-25 21:23:00,NIFTY,PE,23050.0,NIFTY26SEP23050PE,44.4,44.4,44.4,44.4,0,4
2026-09-25 21:23:00,NIFTY,CE,23100.0,NIFTY26SEP23100CE,150.15,150.15,150.15,150.15,0,4
2026-09-25 21:23:00,NIFTY,PE,23100.0,NIFTY26SEP23100PE,58.3,58.3,58.3,58.3,0,4
2026-09-25 21:23:00,NIFTY,CE,23150.0,NIFTY26SEP23150CE,119.25,119.25,119.25,119.25,0,4
2026-09-25 21:23:00,NIFTY,PE,23150.0,NIFTY26SEP23150PE,76.75,76.75,76.75,76.75,0,4
2026-09-25 21:23:00,NIFTY,CE,23200.0,NIFTY26SEP23200CE,92.0,92.0,92.0,92.0,0,4
2026-09-25 21:23:00,NIFTY,PE,23200.0,NIFTY26SEP23200PE,99.1,99.1,99.1,99.1,0,4
2026-09-25 21:23:00,NIFTY,CE,23250.0,NIFTY26SEP23250CE,68.85,68.85,68.85,68.85,0,4
2026-09-25 21:23:00,NIFTY,PE,23250.0,NIFTY26SEP23250PE,128.1,128.1,128.1,128.1,0,4
2026-09-25 21:23:00,NIFTY,CE,23300.0,NIFTY26SEP23300CE,50.9,50.9,50.9,50.9,0,4
2026-09-25 21:23:00,NIFTY,PE,23300.0,NIFTY26SEP23300PE,157.75,157.75,157.75,157.75,0,4
2026-09-25 21:23:00,NIFTY,CE,23350.0,NIFTY26SEP23350CE,37.05,37.05,37.05,37.05,0,4
2026-09-25 21:23:00,NIFTY,PE,23350.0,NIFTY26SEP23350PE,194.35,194.35,194.35,194.35,0,4
2026-09-25 21:23:00,NIFTY,CE,23400.0,NIFTY26SEP23400CE,26.6,26.6,26.6,26.6,0,4
2026-09-25 21:23:00,NIFTY,PE,23400.0,NIFTY26SEP23400PE,233.0,233.0,233.0,233.0,0,4
2026-09-25 21:23:00,NIFTY,CE,23450.0,NIFTY26SEP23450CE,18.8,18.8,18.8,18.8,0,4
2026-09-25 21:23:00,NIFTY,PE,23450.0,NIFTY26SEP23450PE,274.55,274.55,274.55,274.55,0,4
2026-09-25 21:24:00,NIFTY,FUT,0.0,NIFTY26SEPFUT,23190.0,23190.0,23190.0,23190.0,0,14
2026-09-25 21:24:00,NIFTY,SPOT,0.0,Nifty 50,23140.5,23140.5,23140.5,23140.5,0,14
2026-09-25 21:24:00,NIFTY,CE,22850.0,NIFTY26SEP22850CE,358.05,358.05,358.05,358.05,0,14
2026-09-25 21:24:00,NIFTY,PE,22850.0,NIFTY26SEP22850PE,14.15,14.15,14.15,14.15,0,14
2026-09-25 21:24:00,NIFTY,CE,22900.0,NIFTY26SEP22900CE,310.8,310.8,310.8,310.8,0,14
2026-09-25 21:24:00,NIFTY,PE,22900.0,NIFTY26SEP22900PE,19.1,19.1,19.1,19.1,0,14
2026-09-25 21:24:00,NIFTY,CE,22950.0,NIFTY26SEP22950CE,265.9,265.9,265.9,265.9,0,14
2026-09-25 21:24:00,NIFTY,PE,22950.0,NIFTY26SEP22950PE,24.95,24.95,24.95,24.95,0,14
2026-09-25 21:24:00,NIFTY,CE,23000.0,NIFTY26SEP23000CE,224.35,224.35,224.35,224.35,0,14
2026-09-25 21:24:00,NIFTY,PE,23000.0,NIFTY26SEP23000PE,34.0,34.0,34.0,34.0,0,14
2026-09-25 21:24:00,NIFTY,CE,23050.0,NIFTY26SEP23050CE,184.55,184.55,184.55,184.55,0,14
2026-09-25 21:24:00,NIFTY,PE,23050.0,NIFTY26SEP23050PE,44.4,44.4,44.4,44.4,0,14
2026-09-25 21:24:00,NIFTY,CE,23100.0,NIFTY26SEP23100CE,150.15,150.15,150.15,150.15,0,14
2026-09-25 21:24:00,NIFTY,PE,23100.0,NIFTY26SEP23100PE,58.3,58.3,58.3,58.3,0,14
2026-09-25 21:24:00,NIFTY,CE,23150.0,NIFTY26SEP23150CE,119.25,119.25,119.25,119.25,0,14
2026-09-25 21:24:00,NIFTY,PE,23150.0,NIFTY26SEP23150PE,76.75,76.75,76.75,76.75,0,14
2026-09-25 21:24:00,NIFTY,CE,23200.0,NIFTY26SEP23200CE,92.0,92.0,92.0,92.0,0,14
2026-09-25 21:24:00,NIFTY,PE,23200.0,NIFTY26SEP23200PE,99.1,99.1,99.1,99.1,0,14
2026-09-25 21:24:00,NIFTY,CE,23250.0,NIFTY26SEP23250CE,68.85,68.85,68.85,68.85,0,14
2026-09-25 21:24:00,NIFTY,PE,23250.0,NIFTY26SEP23250PE,128.1,128.1,128.1,128.1,0,14
2026-09-25 21:24:00,NIFTY,CE,23300.0,NIFTY26SEP23300CE,50.9,50.9,50.9,50.9,0,14
2026-09-25 21:24:00,NIFTY,PE,23300.0,NIFTY26SEP23300PE,157.75,157.75,157.75,157.75,0,14
2026-09-25 21:24:00,NIFTY,CE,23350.0,NIFTY26SEP23350CE,37.05,37.05,37.05,37.05,0,14
2026-09-25 21:24:00,NIFTY,PE,23350.0,NIFTY26SEP23350PE,194.35,194.35,194.35,194.35,0,14
2026-09-25 21:24:00,NIFTY,CE,23400.0,NIFTY26SEP23400CE,26.6,26.6,26.6,26.6,0,14
2026-09-25 21:24:00,NIFTY,PE,23400.0,NIFTY26SEP23400PE,233.0,233.0,233.0,233.0,0,14
2026-09-25 21:24:00,NIFTY,CE,23450.0,NIFTY26SEP23450CE,18.8,18.8,18.8,18.8,0,14
2026-09-25 21:24:00,NIFTY,PE,23450.0,NIFTY26SEP23450PE,274.55,274.55,274.55,274.55,0,14
2026-09-25 21:25:00,NIFTY,FUT,0.0,NIFTY26SEPFUT,23190.0,23190.0,23190.0,23190.0,0,19
2026-09-25 21:25:00,NIFTY,SPOT,0.0,Nifty 50,23140.5,23140.5,23140.5,23140.5,0,19
2026-09-25 21:25:00,NIFTY,CE,22850.0,NIFTY26SEP22850CE,358.05,358.05,358.05,358.05,0,19
2026-09-25 21:25:00,NIFTY,PE,22850.0,NIFTY26SEP22850PE,14.15,14.15,14.15,14.15,0,19
2026-09-25 21:25:00,NIFTY,CE,22900.0,NIFTY26SEP22900CE,310.8,310.8,310.8,310.8,0,19
2026-09-25 21:25:00,NIFTY,PE,22900.0,NIFTY26SEP22900PE,19.1,19.1,19.1,19.1,0,19
2026-09-25 21:25:00,NIFTY,CE,22950.0,NIFTY26SEP22950CE,265.9,265.9,265.9,265.9,0,19
2026-09-25 21:25:00,NIFTY,PE,22950.0,NIFTY26SEP22950PE,24.95,24.95,24.95,24.95,0,19
2026-09-25 21:25:00,NIFTY,CE,23000.0,NIFTY26SEP23000CE,224.35,224.35,224.35,224.35,0,19
2026-09-25 21:25:00,NIFTY,PE,23000.0,NIFTY26SEP23000PE,34.0,34.0,34.0,34.0,0,19
2026-09-25 21:25:00,NIFTY,CE,23050.0,NIFTY26SEP23050CE,184.55,184.55,184.55,184.55,0,19
2026-09-25 21:25:00,NIFTY,PE,23050.0,NIFTY26SEP23050PE,44.4,44.4,44.4,44.4,0,19
2026-09-25 21:25:00,NIFTY,CE,23100.0,NIFTY26SEP23100CE,150.15,150.15,150.15,150.15,0,19
2026-09-25 21:25:00,NIFTY,PE,23100.0,NIFTY26SEP23100PE,58.3,58.3,58.3,58.3,0,19
2026-09-25 21:25:00,NIFTY,CE,23150.0,NIFTY26SEP23150CE,119.25,119.25,119.25,119.25,0,19
2026-09-25 21:25:00,NIFTY,PE,23150.0,NIFTY26SEP23150PE,76.75,76.75,76.75,76.75,0,19
2026-09-25 21:25:00,NIFTY,CE,23200.0,NIFTY26SEP23200CE,92.0,92.0,92.0,92.0,0,19
2026-09-25 21:25:00,NIFTY,PE,23200.0,NIFTY26SEP23200PE,99.1,99.1,99.1,99.1,0,19
2026-09-25 21:25:00,NIFTY,CE,23250.0,NIFTY26SEP23250CE,68.85,68.85,68.85,68.85,0,19
2026-09-25 21:25:00,NIFTY,PE,23250.0,NIFTY26SEP23250PE,128.1,128.1,128.1,128.1,0,19
2026-09-25 21:25:00,NIFTY,CE,23300.0,NIFTY26SEP23300CE,50.9,50.9,50.9,50.9,0,19
2026-09-25 21:25:00,NIFTY,PE,23300.0,NIFTY26SEP23300PE,157.75,157.75,157.75,157.75,0,19
2026-09-25 21:25:00,NIFTY,CE,23350.0,NIFTY26SEP23350CE,37.05,37.05,37.05,37.05,0,19
2026-09-25 21:25:00,NIFTY,PE,23350.0,NIFTY26SEP23350PE,194.35,194.35,194.35,194.35,0,19
2026-09-25 21:25:00,NIFTY,CE,23400.0,NIFTY26SEP23400CE,26.6,26.6,26.6,26.6,0,19
2026-09-25 21:25:00,NIFTY,PE,23400.0,NIFTY26SEP23400PE,233.0,233.0,233.0,233.0,0,19
2026-09-25 21:25:00,NIFTY,CE,23450.0,NIFTY26SEP23450CE,18.8,18.8,18.8,18.8,0,19
2026-09-25 21:25:00,NIFTY,PE,23450.0,NIFTY26SEP23450PE,274.55,274.55,274.55,274.55,0,19
2026-09-25 21:26:00,NIFTY,FUT,0.0,NIFTY26SEPFUT,23190.0,23190.0,23190.0,23190.0,0,19
2026-09-25 21:26:00,NIFTY,SPOT,0.0,Nifty 50,23140.5,23140.5,23140.5,23140.5,0,19
2026-09-25 21:26:00,NIFTY,CE,22850.0,NIFTY26SEP22850CE,358.05,358.05,358.05,358.05,0,19
2026-09-25 21:26:00,NIFTY,PE,22850.0,NIFTY26SEP22850PE,14.15,14.15,14.15,14.15,0,19
2026-09-25 21:26:00,NIFTY,CE,22900.0,NIFTY26SEP22900CE,310.8,310.8,310.8,310.8,0,19
2026-09-25 21:26:00,NIFTY,PE,22900.0,NIFTY26SEP22900PE,19.1,19.1,19.1,19.1,0,19
2026-09-25 21:26:00,NIFTY,CE,22950.0,NIFTY26SEP22950CE,265.9,265.9,265.9,265.9,0,19
2026-09-25 21:26:00,NIFTY,PE,22950.0,NIFTY26SEP22950PE,24.95,24.95,24.95,24.95,0,19
2026-09-25 21:26:00,NIFTY,CE,23000.0,NIFTY26SEP23000CE,224.35,224.35,224.35,224.35,0,19
2026-09-25 21:26:00,NIFTY,PE,23000.0,NIFTY26SEP23000PE,34.0,34.0,34.0,34.0,0,19
2026-09-25 21:26:00,NIFTY,CE,23050.0,NIFTY26SEP23050CE,184.55,184.55,184.55,184.55,0,19
2026-09-25 21:26:00,NIFTY,PE,23050.0,NIFTY26SEP23050PE,44.4,44.4,44.4,44.4,0,19
2026-09-25 21:26:00,NIFTY,CE,23100.0,NIFTY26SEP23100CE,150.15,150.15,150.15,150.15,0,19
2026-09-25 21:26:00,NIFTY,PE,23100.0,NIFTY26SEP23100PE,58.3,58.3,58.3,58.3,0,19
2026-09-25 21:26:00,NIFTY,CE,23150.0,NIFTY26SEP23150CE,119.25,119.25,119.25,119.25,0,19
2026-09-25 21:26:00,NIFTY,PE,23150.0,NIFTY26SEP23150PE,76.75,76.75,76.75,76.75,0,19
2026-09-25 21:26:00,NIFTY,CE,23200.0,NIFTY26SEP23200CE,92.0,92.0,92.0,92.0,0,19
2026-09-25 21:26:00,NIFTY,PE,23200.0,NIFTY26SEP23200PE,99.1,99.1,99.1,99.1,0,19
2026-09-25 21:26:00,NIFTY,CE,23250.0,NIFTY26SEP23250CE,68.85,68.85,68.85,68.85,0,19
2026-09-25 21:26:00,NIFTY,PE,23250.0,NIFTY26SEP23250PE,128.1,128.1,128.1,128.1,0,19
2026-09-25 21:26:00,NIFTY,CE,23300.0,NIFTY26SEP23300CE,50.9,50.9,50.9,50.9,0,19
2026-09-25 21:26:00,NIFTY,PE,23300.0,NIFTY26SEP23300PE,157.75,157.75,157.75,157.75,0,19
2026-09-25 21:26:00,NIFTY,CE,23350.0,NIFTY26SEP23350CE,37.05,37.05,37.05,37.05,0,19
2026-09-25 21:26:00,NIFTY,PE,23350.0,NIFTY26SEP23350PE,194.35,194.35,194.35,194.35,0,19
2026-09-25 21:26:00,NIFTY,CE,23400.0,NIFTY26SEP23400CE,26.6,26.6,26.6,26.6,0,19
2026-09-25 21:26:00,NIFTY,PE,23400.0,NIFTY26SEP23400PE,233.0,233.0,233.0,233.0,0,19
2026-09-25 21:26:00,NIFTY,CE,23450.0,NIFTY26SEP23450CE,18.8,18.8,18.8,18.8,0,19
2026-09-25 21:26:00,NIFTY,PE,23450.0,NIFTY26SEP23450PE,274.55,274.55,274.55,274.55,0,19
2026-09-25 21:27:00,NIFTY,FUT,0.0,NIFTY26SEPFUT,23190.0,23190.0,23190.0,23190.0,0,18
2026-09-25 21:27:00,NIFTY,SPOT,0.0,Nifty 50,23140.5,23140.5,23140.5,23140.5,0,18
2026-09-25 21:27:00,NIFTY,CE,22850.0,NIFTY26SEP22850CE,358.05,358.05,358.05,358.05,0,18
2026-09-25 21:27:00,NIFTY,PE,22850.0,NIFTY26SEP22850PE,14.15,14.15,14.15,14.15,0,18
2026-09-25 21:27:00,NIFTY,CE,22900.0,NIFTY26SEP22900CE,310.8,310.8,310.8,310.8,0,18
2026-09-25 21:27:00,NIFTY,PE,22900.0,NIFTY26SEP22900PE,19.1,19.1,19.1,19.1,0,18
2026-09-25 21:27:00,NIFTY,CE,22950.0,NIFTY26SEP22950CE,265.9,265.9,265.9,265.9,0,18
2026-09-25 21:27:00,NIFTY,PE,22950.0,NIFTY26SEP22950PE,24.95,24.95,24.95,24.95,0,18
2026-09-25 21:27:00,NIFTY,CE,23000.0,NIFTY26SEP23000CE,224.35,224.35,224.35,224.35,0,18
2026-09-25 21:27:00,NIFTY,PE,23000.0,NIFTY26SEP23000PE,34.0,34.0,34.0,34.0,0,18
2026-09-25 21:27:00,NIFTY,CE,23050.0,NIFTY26SEP23050CE,184.55,184.55,184.55,184.55,0,18
2026-09-25 21:27:00,NIFTY,PE,23050.0,NIFTY26SEP23050PE,44.4,44.4,44.4,44.4,0,18
2026-09-25 21:27:00,NIFTY,CE,23100.0,NIFTY26SEP23100CE,150.15,150.15,150.15,150.15,0,18
2026-09-25 21:27:00,NIFTY,PE,23100.0,NIFTY26SEP23100PE,58.3,58.3,58.3,58.3,0,18
2026-09-25 21:27:00,NIFTY,CE,23150.0,NIFTY26SEP23150CE,119.25,119.25,119.25,119.25,0,18
2026-09-25 21:27:00,NIFTY,PE,23150.0,NIFTY26SEP23150PE,76.75,76.75,76.75,76.75,0,18
2026-09-25 21:27:00,NIFTY,CE,23200.0,NIFTY26SEP23200CE,92.0,92.0,92.0,92.0,0,18
2026-09-25 21:27:00,NIFTY,PE,23200.0,NIFTY26SEP23200PE,99.1,99.1,99.1,99.1,0,18
2026-09-25 21:27:00,NIFTY,CE,23250.0,NIFTY26SEP23250CE,68.85,68.85,68.85,68.85,0,18
2026-09-25 21:27:00,NIFTY,PE,23250.0,NIFTY26SEP23250PE,128.1,128.1,128.1,128.1,0,18
2026-09-25 21:27:00,NIFTY,CE,23300.0,NIFTY26SEP23300CE,50.9,50.9,50.9,50.9,0,18
2026-09-25 21:27:00,NIFTY,PE,23300.0,NIFTY26SEP23300PE,157.75,157.75,157.75,157.75,0,18
2026-09-25 21:27:00,NIFTY,CE,23350.0,NIFTY26SEP23350CE,37.05,37.05,37.05,37.05,0,18
2026-09-25 21:27:00,NIFTY,PE,23350.0,NIFTY26SEP23350PE,194.35,194.35,194.35,194.35,0,18
2026-09-25 21:27:00,NIFTY,CE,23400.0,NIFTY26SEP23400CE,26.6,26.6,26.6,26.6,0,18
2026-09-25 21:27:00,NIFTY,PE,23400.0,NIFTY26SEP23400PE,233.0,233.0,233.0,233.0,0,18
2026-09-25 21:27:00,NIFTY,CE,23450.0,NIFTY26SEP23450CE,18.8,18.8,18.8,18.8,0,18
2026-09-25 21:27:00,NIFTY,PE,23450.0,NIFTY26SEP23450PE,274.55,274.55,274.55,274.55,0,18
2026-09-25 21:28:00,NIFTY,FUT,0.0,NIFTY26SEPFUT,23190.0,23190.0,23190.0,23190.0,0,17
2026-09-25 21:28:00,NIFTY,SPOT,0.0,Nifty 50,23140.5,23140.5,23140.5,23140.5,0,17
2026-09-25 21:28:00,NIFTY,CE,22850.0,NIFTY26SEP22850CE,358.05,358.05,358.05,358.05,0,17
2026-09-25 21:28:00,NIFTY,PE,22850.0,NIFTY26SEP22850PE,14.15,14.15,14.15,14.15,0,17
2026-09-25 21:28:00,NIFTY,CE,22900.0,NIFTY26SEP22900CE,310.8,310.8,310.8,310.8,0,17
2026-09-25 21:28:00,NIFTY,PE,22900.0,NIFTY26SEP22900PE,19.1,19.1,19.1,19.1,0,17
2026-09-25 21:28:00,NIFTY,CE,22950.0,NIFTY26SEP22950CE,265.9,265.9,265.9,265.9,0,17
2026-09-25 21:28:00,NIFTY,PE,22950.0,NIFTY26SEP22950PE,24.95,24.95,24.95,24.95,0,17
2026-09-25 21:28:00,NIFTY,CE,23000.0,NIFTY26SEP23000CE,224.35,224.35,224.35,224.35,0,17
2026-09-25 21:28:00,NIFTY,PE,23000.0,NIFTY26SEP23000PE,34.0,34.0,34.0,34.0,0,17
2026-09-25 21:28:00,NIFTY,CE,23050.0,NIFTY26SEP23050CE,184.55,184.55,184.55,184.55,0,17
2026-09-25 21:28:00,NIFTY,PE,23050.0,NIFTY26SEP23050PE,44.4,44.4,44.4,44.4,0,17
2026-09-25 21:28:00,NIFTY,CE,23100.0,NIFTY26SEP23100CE,150.15,150.15,150.15,150.15,0,17
2026-09-25 21:28:00,NIFTY,PE,23100.0,NIFTY26SEP23100PE,58.3,58.3,58.3,58.3,0,17
2026-09-25 21:28:00,NIFTY,CE,23150.0,NIFTY26SEP23150CE,119.25,119.25,119.25,119.25,0,17
2026-09-25 21:28:00,NIFTY,PE,23150.0,NIFTY26SEP23150PE,76.75,76.75,76.75,76.75,0,17
2026-09-25 21:28:00,NIFTY,CE,23200.0,NIFTY26SEP23200CE,92.0,92.0,92.0,92.0,0,17
2026-09-25 21:28:00,NIFTY,PE,23200.0,NIFTY26SEP23200PE,99.1,99.1,99.1,99.1,0,17
2026-09-25 21:28:00,NIFTY,CE,23250.0,NIFTY26SEP23250CE,68.85,68.85,68.85,68.85,0,17
2026-09-25 21:28:00,NIFTY,PE,23250.0,NIFTY26SEP23250PE,128.1,128.1,128.1,128.1,0,17
2026-09-25 21:28:00,NIFTY,CE,23300.0,NIFTY26SEP23300CE,50.9,50.9,50.9,50.9,0,17
2026-09-25 21:28:00,NIFTY,PE,23300.0,NIFTY26SEP23300PE,157.75,157.75,157.75,157.75,0,17
2026-09-25 21:28:00,NIFTY,CE,23350.0,NIFTY26SEP23350CE,37.05,37.05,37.05,37.05,0,17
2026-09-25 21:28:00,NIFTY,PE,23350.0,NIFTY26SEP23350PE,194.35,194.35,194.35,194.35,0,17
2026-09-25 21:28:00,NIFTY,CE,23400.0,NIFTY26SEP23400CE,26.6,26.6,26.6,26.6,0,17
2026-09-25 21:28:00,NIFTY,PE,23400.0,NIFTY26SEP23400PE,233.0,233.0,233.0,233.0,0,17
2026-09-25 21:28:00,NIFTY,CE,23450.0,NIFTY26SEP23450CE,18.8,18.8,18.8,18.8,0,17
2026-09-25 21:28:00,NIFTY,PE,23450.0,NIFTY26SEP23450PE,274.55,274.55,274.55,274.55,0,17
2026-09-25 21:29:00,NIFTY,FUT,0.0,NIFTY26SEPFUT,23190.0,23190.0,23190.0,23190.0,0,18
2026-09-25 21:29:00,NIFTY,SPOT,0.0,Nifty 50,23140.5,23140.5,23140.5,23140.5,0,18
2026-09-25 21:29:00,NIFTY,CE,22850.0,NIFTY26SEP22850CE,358.05,358.05,358.05,358.05,0,18
2026-09-25 21:29:00,NIFTY,PE,22850.0,NIFTY26SEP22850PE,14.15,14.15,14.15,14.15,0,18
2026-09-25 21:29:00,NIFTY,CE,22900.0,NIFTY26SEP22900CE,310.8,310.8,310.8,310.8,0,18
2026-09-25 21:29:00,NIFTY,PE,22900.0,NIFTY26SEP22900PE,19.1,19.1,19.1,19.1,0,18
2026-09-25 21:29:00,NIFTY,CE,22950.0,NIFTY26SEP22950CE,265.9,265.9,265.9,265.9,0,18
2026-09-25 21:29:00,NIFTY,PE,22950.0,NIFTY26SEP22950PE,24.95,24.95,24.95,24.95,0,18
2026-09-25 21:29:00,NIFTY,CE,23000.0,NIFTY26SEP23000CE,224.35,224.35,224.35,224.35,0,18
2026-09-25 21:29:00,NIFTY,PE,23000.0,NIFTY26SEP23000PE,34.0,34.0,34.0,34.0,0,18
2026-09-25 21:29:00,NIFTY,CE,23050.0,NIFTY26SEP23050CE,184.55,184.55,184.55,184.55,0,18
2026-09-25 21:29:00,NIFTY,PE,23050.0,NIFTY26SEP23050PE,44.4,44.4,44.4,44.4,0,18
2026-09-25 21:29:00,NIFTY,CE,23100.0,NIFTY26SEP23100CE,150.15,150.15,150.15,150.15,0,18
2026-09-25 21:29:00,NIFTY,PE,23100.0,NIFTY26SEP23100PE,58.3,58.3,58.3,58.3,0,18
2026-09-25 21:29:00,NIFTY,CE,23150.0,NIFTY26SEP23150CE,119.25,119.25,119.25,119.25,0,18
2026-09-25 21:29:00,NIFTY,PE,23150.0,NIFTY26SEP23150PE,76.75,76.75,76.75,76.75,0,18
2026-09-25 21:29:00,NIFTY,CE,23200.0,NIFTY26SEP23200CE,92.0,92.0,92.0,92.0,0,18
2026-09-25 21:29:00,NIFTY,PE,23200.0,NIFTY26SEP23200PE,99.1,99.1,99.1,99.1,0,18
2026-09-25 21:29:00,NIFTY,CE,23250.0,NIFTY26SEP23250CE,68.85,68.85,68.85,68.85,0,18
2026-09-25 21:29:00,NIFTY,PE,23250.0,NIFTY26SEP23250PE,128.1,128.1,128.1,128.1,0,18
2026-09-25 21:29:00,NIFTY,CE,23300.0,NIFTY26SEP23300CE,50.9,50.9,50.9,50.9,0,18
2026-09-25 21:29:00,NIFTY,PE,23300.0,NIFTY26SEP23300PE,157.75,157.75,157.75,157.75,0,18
2026-09-25 21:29:00,NIFTY,CE,23350.0,NIFTY26SEP23350CE,37.05,37.05,37.05,37.05,0,18
2026-09-25 21:29:00,NIFTY,PE,23350.0,NIFTY26SEP23350PE,194.35,194.35,194.35,194.35,0,18
2026-09-25 21:29:00,NIFTY,CE,23400.0,NIFTY26SEP23400CE,26.6,26.6,26.6,26.6,0,18
2026-09-25 21:29:00,NIFTY,PE,23400.0,NIFTY26SEP23400PE,233.0,233.0,233.0,233.0,0,18
2026-09-25 21:29:00,NIFTY,CE,23450.0,NIFTY26SEP23450CE,18.8,18.8,18.8,18.8,0,18
2026-09-25 21:29:00,NIFTY,PE,23450.0,NIFTY26SEP23450PE,274.55,274.55,274.55,274.55,0,18
2026-09-25 21:30:00,NIFTY,FUT,0.0,NIFTY26SEPFUT,23190.0,23190.0,23190.0,23190.0,0,19
2026-09-25 21:30:00,NIFTY,SPOT,0.0,Nifty 50,23140.5,23140.5,23140.5,23140.5,0,19
2026-09-25 21:30:00,NIFTY,CE,22850.0,NIFTY26SEP22850CE,358.05,358.05,358.05,358.05,0,19
2026-09-25 21:30:00,NIFTY,PE,22850.0,NIFTY26SEP22850PE,14.15,14.15,14.15,14.15,0,19
2026-09-25 21:30:00,NIFTY,CE,22900.0,NIFTY26SEP22900CE,310.8,310.8,310.8,310.8,0,19
2026-09-25 21:30:00,NIFTY,PE,22900.0,NIFTY26SEP22900PE,19.1,19.1,19.1,19.1,0,19
2026-09-25 21:30:00,NIFTY,CE,22950.0,NIFTY26SEP22950CE,265.9,265.9,265.9,265.9,0,19
2026-09-25 21:30:00,NIFTY,PE,22950.0,NIFTY26SEP22950PE,24.95,24.95,24.95,24.95,0,19
2026-09-25 21:30:00,NIFTY,CE,23000.0,NIFTY26SEP23000CE,224.35,224.35,224.35,224.35,0,19
2026-09-25 21:30:00,NIFTY,PE,23000.0,NIFTY26SEP23000PE,34.0,34.0,34.0,34.0,0,19
2026-09-25 21:30:00,NIFTY,CE,23050.0,NIFTY26SEP23050CE,184.55,184.55,184.55,184.55,0,19
2026-09-25 21:30:00,NIFTY,PE,23050.0,NIFTY26SEP23050PE,44.4,44.4,44.4,44.4,0,19
2026-09-25 21:30:00,NIFTY,CE,23100.0,NIFTY26SEP23100CE,150.15,150.15,150.15,150.15,0,19
2026-09-25 21:30:00,NIFTY,PE,23100.0,NIFTY26SEP23100PE,58.3,58.3,58.3,58.3,0,19
2026-09-25 21:30:00,NIFTY,CE,23150.0,NIFTY26SEP23150CE,119.25,119.25,119.25,119.25,0,19
2026-09-25 21:30:00,NIFTY,PE,23150.0,NIFTY26SEP23150PE,76.75,76.75,76.75,76.75,0,19
2026-09-25 21:30:00,NIFTY,CE,23200.0,NIFTY26SEP23200CE,92.0,92.0,92.0,92.0,0,19
2026-09-25 21:30:00,NIFTY,PE,23200.0,NIFTY26SEP23200PE,99.1,99.1,99.1,99.1,0,19
2026-09-25 21:30:00,NIFTY,CE,23250.0,NIFTY26SEP23250CE,68.85,68.85,68.85,68.85,0,19
2026-09-25 21:30:00,NIFTY,PE,23250.0,NIFTY26SEP23250PE,128.1,128.1,128.1,128.1,0,19
2026-09-25 21:30:00,NIFTY,CE,23300.0,NIFTY26SEP23300CE,50.9,50.9,50.9,50.9,0,19
2026-09-25 21:30:00,NIFTY,PE,23300.0,NIFTY26SEP23300PE,157.75,157.75,157.75,157.75,0,19
2026-09-25 21:30:00,NIFTY,CE,23350.0,NIFTY26SEP23350CE,37.05,37.05,37.05,37.05,0,19
2026-09-25 21:30:00,NIFTY,PE,23350.0,NIFTY26SEP23350PE,194.35,194.35,194.35,194.35,0,19
2026-09-25 21:30:00,NIFTY,CE,23400.0,NIFTY26SEP23400CE,26.6,26.6,26.6,26.6,0,19
2026-09-25 21:30:00,NIFTY,PE,23400.0,NIFTY26SEP23400PE,233.0,233.0,233.0,233.0,0,19
2026-09-25 21:30:00,NIFTY,CE,23450.0,NIFTY26SEP23450CE,18.8,18.8,18.8,18.8,0,19
2026-09-25 21:30:00,NIFTY,PE,23450.0,NIFTY26SEP23450PE,274.55,274.55,274.55,274.55,0,19
2026-09-25 21:31:00,NIFTY,FUT,0.0,NIFTY26SEPFUT,23190.0,23190.0,23190.0,23190.0,0,19
2026-09-25 21:31:00,NIFTY,SPOT,0.0,Nifty 50,23140.5,23140.5,23140.5,23140.5,0,19
2026-09-25 21:31:00,NIFTY,CE,22850.0,NIFTY26SEP22850CE,358.05,358.05,358.05,358.05,0,19
2026-09-25 21:31:00,NIFTY,PE,22850.0,NIFTY26SEP22850PE,14.15,14.15,14.15,14.15,0,19
2026-09-25 21:31:00,NIFTY,CE,22900.0,NIFTY26SEP22900CE,310.8,310.8,310.8,310.8,0,19
2026-09-25 21:31:00,NIFTY,PE,22900.0,NIFTY26SEP22900PE,19.1,19.1,19.1,19.1,0,19
2026-09-25 21:31:00,NIFTY,CE,22950.0,NIFTY26SEP22950CE,265.9,265.9,265.9,265.9,0,19
2026-09-25 21:31:00,NIFTY,PE,22950.0,NIFTY26SEP22950PE,24.95,24.95,24.95,24.95,0,19
2026-09-25 21:31:00,NIFTY,CE,23000.0,NIFTY26SEP23000CE,224.35,224.35,224.35,224.35,0,19
2026-09-25 21:31:00,NIFTY,PE,23000.0,NIFTY26SEP23000PE,34.0,34.0,34.0,34.0,0,19
2026-09-25 21:31:00,NIFTY,CE,23050.0,NIFTY26SEP23050CE,184.55,184.55,184.55,184.55,0,19
2026-09-25 21:31:00,NIFTY,PE,23050.0,NIFTY26SEP23050PE,44.4,44.4,44.4,44.4,0,19
2026-09-25 21:31:00,NIFTY,CE,23100.0,NIFTY26SEP23100CE,150.15,150.15,150.15,150.15,0,19
2026-09-25 21:31:00,NIFTY,PE,23100.0,NIFTY26SEP23100PE,58.3,58.3,58.3,58.3,0,19
2026-09-25 21:31:00,NIFTY,CE,23150.0,NIFTY26SEP23150CE,119.25,119.25,119.25,119.25,0,19
2026-09-25 21:31:00,NIFTY,PE,23150.0,NIFTY26SEP23150PE,76.75,76.75,76.75,76.75,0,19
2026-09-25 21:31:00,NIFTY,CE,23200.0,NIFTY26SEP23200CE,92.0,92.0,92.0,92.0,0,19
2026-09-25 21:31:00,NIFTY,PE,23200.0,NIFTY26SEP23200PE,99.1,99.1,99.1,99.1,0,19
2026-09-25 21:31:00,NIFTY,CE,23250.0,NIFTY26SEP23250CE,68.85,68.85,68.85,68.85,0,19
2026-09-25 21:31:00,NIFTY,PE,23250.0,NIFTY26SEP23250PE,128.1,128.1,128.1,128.1,0,19
2026-09-25 21:31:00,NIFTY,CE,23300.0,NIFTY26SEP23300CE,50.9,50.9,50.9,50.9,0,19
2026-09-25 21:31:00,NIFTY,PE,23300.0,NIFTY26SEP23300PE,157.75,157.75,157.75,157.75,0,19
2026-09-25 21:31:00,NIFTY,CE,23350.0,NIFTY26SEP23350CE,37.05,37.05,37.05,37.05,0,19
2026-09-25 21:31:00,NIFTY,PE,23350.0,NIFTY26SEP23350PE,194.35,194.35,194.35,194.35,0,19
2026-09-25 21:31:00,NIFTY,CE,23400.0,NIFTY26SEP23400CE,26.6,26.6,26.6,26.6,0,19
2026-09-25 21:31:00,NIFTY,PE,23400.0,NIFTY26SEP23400PE,233.0,233.0,233.0,233.0,0,19
2026-09-25 21:31:00,NIFTY,CE,23450.0,NIFTY26SEP23450CE,18.8,18.8,18.8,18.8,0,19
2026-09-25 21:31:00,NIFTY,PE,23450.0,NIFTY26SEP23450PE,274.55,274.55,274.55,274.55,0,19
2026-09-25 21:32:00,NIFTY,FUT,0.0,NIFTY26SEPFUT,23190.0,23190.0,23190.0,23190.0,0,19
2026-09-25 21:32:00,NIFTY,SPOT,0.0,Nifty 50,23140.5,23140.5,23140.5,23140.5,0,19
2026-09-25 21:32:00,NIFTY,CE,22850.0,NIFTY26SEP22850CE,358.05,358.05,358.05,358.05,0,19
2026-09-25 21:32:00,NIFTY,PE,22850.0,NIFTY26SEP22850PE,14.15,14.15,14.15,14.15,0,19
2026-09-25 21:32:00,NIFTY,CE,22900.0,NIFTY26SEP22900CE,310.8,310.8,310.8,310.8,0,19
2026-09-25 21:32:00,NIFTY,PE,22900.0,NIFTY26SEP22900PE,19.1,19.1,19.1,19.1,0,19
2026-09-25 21:32:00,NIFTY,CE,22950.0,NIFTY26SEP22950CE,265.9,265.9,265.9,265.9,0,19
2026-09-25 21:32:00,NIFTY,PE,22950.0,NIFTY26SEP22950PE,24.95,24.95,24.95,24.95,0,19
2026-09-25 21:32:00,NIFTY,CE,23000.0,NIFTY26SEP23000CE,224.35,224.35,224.35,224.35,0,19
2026-09-25 21:32:00,NIFTY,PE,23000.0,NIFTY26SEP23000PE,34.0,34.0,34.0,34.0,0,19
2026-09-25 21:32:00,NIFTY,CE,23050.0,NIFTY26SEP23050CE,184.55,184.55,184.55,184.55,0,19
2026-09-25 21:32:00,NIFTY,PE,23050.0,NIFTY26SEP23050PE,44.4,44.4,44.4,44.4,0,19
2026-09-25 21:32:00,NIFTY,CE,23100.0,NIFTY26SEP23100CE,150.15,150.15,150.15,150.15,0,19
2026-09-25 21:32:00,NIFTY,PE,23100.0,NIFTY26SEP23100PE,58.3,58.3,58.3,58.3,0,19
2026-09-25 21:32:00,NIFTY,CE,23150.0,NIFTY26SEP23150CE,119.25,119.25,119.25,119.25,0,19
2026-09-25 21:32:00,NIFTY,PE,23150.0,NIFTY26SEP23150PE,76.75,76.75,76.75,76.75,0,19
2026-09-25 21:32:00,NIFTY,CE,23200.0,NIFTY26SEP23200CE,92.0,92.0,92.0,92.0,0,19
2026-09-25 21:32:00,NIFTY,PE,23200.0,NIFTY26SEP23200PE,99.1,99.1,99.1,99.1,0,19
2026-09-25 21:32:00,NIFTY,CE,23250.0,NIFTY26SEP23250CE,68.85,68.85,68.85,68.85,0,19
2026-09-25 21:32:00,NIFTY,PE,23250.0,NIFTY26SEP23250PE,128.1,128.1,128.1,128.1,0,19
2026-09-25 21:32:00,NIFTY,CE,23300.0,NIFTY26SEP23300CE,50.9,50.9,50.9,50.9,0,19
2026-09-25 21:32:00,NIFTY,PE,23300.0,NIFTY26SEP23300PE,157.75,157.75,157.75,157.75,0,19
2026-09-25 21:32:00,NIFTY,CE,23350.0,NIFTY26SEP23350CE,37.05,37.05,37.05,37.05,0,19
2026-09-25 21:32:00,NIFTY,PE,23350.0,NIFTY26SEP23350PE,194.35,194.35,194.35,194.35,0,19
2026-09-25 21:32:00,NIFTY,CE,23400.0,NIFTY26SEP23400CE,26.6,26.6,26.6,26.6,0,19
2026-09-25 21:32:00,NIFTY,PE,23400.0,NIFTY26SEP23400PE,233.0,233.0,233.0,233.0,0,19
2026-09-25 21:32:00,NIFTY,CE,23450.0,NIFTY26SEP23450CE,18.8,18.8,18.8,18.8,0,19
2026-09-25 21:32:00,NIFTY,PE,23450.0,NIFTY26SEP23450PE,274.55,274.55,274.55,274.55,0,19
2026-09-25 21:33:00,NIFTY,FUT,0.0,NIFTY26SEPFUT,23190.0,23190.0,23190.0,23190.0,0,18
2026-09-25 21:33:00,NIFTY,SPOT,0.0,Nifty 50,23140.5,23140.5,23140.5,23140.5,0,18
2026-09-25 21:33:00,NIFTY,CE,22850.0,NIFTY26SEP22850CE,358.05,358.05,358.05,358.05,0,18
2026-09-25 21:33:00,NIFTY,PE,22850.0,NIFTY26SEP22850PE,14.15,14.15,14.15,14.15,0,18
2026-09-25 21:33:00,NIFTY,CE,22900.0,NIFTY26SEP22900CE,310.8,310.8,310.8,310.8,0,18
2026-09-25 21:33:00,NIFTY,PE,22900.0,NIFTY26SEP22900PE,19.1,19.1,19.1,19.1,0,18
2026-09-25 21:33:00,NIFTY,CE,22950.0,NIFTY26SEP22950CE,265.9,265.9,265.9,265.9,0,18
2026-09-25 21:33:00,NIFTY,PE,22950.0,NIFTY26SEP22950PE,24.95,24.95,24.95,24.95,0,18
2026-09-25 21:33:00,NIFTY,CE,23000.0,NIFTY26SEP23000CE,224.35,224.35,224.35,224.35,0,18
2026-09-25 21:33:00,NIFTY,PE,23000.0,NIFTY26SEP23000PE,34.0,34.0,34.0,34.0,0,18
2026-09-25 21:33:00,NIFTY,CE,23050.0,NIFTY26SEP23050CE,184.55,184.55,184.55,184.55,0,18
2026-09-25 21:33:00,NIFTY,PE,23050.0,NIFTY26SEP23050PE,44.4,44.4,44.4,44.4,0,18
2026-09-25 21:33:00,NIFTY,CE,23100.0,NIFTY26SEP23100CE,150.15,150.15,150.15,150.15,0,18
2026-09-25 21:33:00,NIFTY,PE,23100.0,NIFTY26SEP23100PE,58.3,58.3,58.3,58.3,0,18
2026-09-25 21:33:00,NIFTY,CE,23150.0,NIFTY26SEP23150CE,119.25,119.25,119.25,119.25,0,18
2026-09-25 21:33:00,NIFTY,PE,23150.0,NIFTY26SEP23150PE,76.75,76.75,76.75,76.75,0,18
2026-09-25 21:33:00,NIFTY,CE,23200.0,NIFTY26SEP23200CE,92.0,92.0,92.0,92.0,0,18
2026-09-25 21:33:00,NIFTY,PE,23200.0,NIFTY26SEP23200PE,99.1,99.1,99.1,99.1,0,18
2026-09-25 21:33:00,NIFTY,CE,23250.0,NIFTY26SEP23250CE,68.85,68.85,68.85,68.85,0,18
2026-09-25 21:33:00,NIFTY,PE,23250.0,NIFTY26SEP23250PE,128.1,128.1,128.1,128.1,0,18
2026-09-25 21:33:00,NIFTY,CE,23300.0,NIFTY26SEP23300CE,50.9,50.9,50.9,50.9,0,18
2026-09-25 21:33:00,NIFTY,PE,23300.0,NIFTY26SEP23300PE,157.75,157.75,157.75,157.75,0,18
2026-09-25 21:33:00,NIFTY,CE,23350.0,NIFTY26SEP23350CE,37.05,37.05,37.05,37.05,0,18
2026-09-25 21:33:00,NIFTY,PE,23350.0,NIFTY26SEP23350PE,194.35,194.35,194.35,194.35,0,18
2026-09-25 21:33:00,NIFTY,CE,23400.0,NIFTY26SEP23400CE,26.6,26.6,26.6,26.6,0,18
2026-09-25 21:33:00,NIFTY,PE,23400.0,NIFTY26SEP23400PE,233.0,233.0,233.0,233.0,0,18
2026-09-25 21:33:00,NIFTY,CE,23450.0,NIFTY26SEP23450CE,18.8,18.8,18.8,18.8,0,18
2026-09-25 21:33:00,NIFTY,PE,23450.0,NIFTY26SEP23450PE,274.55,274.55,274.55,274.55,0,18
2026-09-25 21:34:00,NIFTY,FUT,0.0,NIFTY26SEPFUT,23190.0,23190.0,23190.0,23190.0,0,19
2026-09-25 21:34:00,NIFTY,SPOT,0.0,Nifty 50,23140.5,23140.5,23140.5,23140.5,0,19
2026-09-25 21:34:00,NIFTY,CE,22850.0,NIFTY26SEP22850CE,358.05,358.05,358.05,358.05,0,19
2026-09-25 21:34:00,NIFTY,PE,22850.0,NIFTY26SEP22850PE,14.15,14.15,14.15,14.15,0,19
2026-09-25 21:34:00,NIFTY,CE,22900.0,NIFTY26SEP22900CE,310.8,310.8,310.8,310.8,0,19
2026-09-25 21:34:00,NIFTY,PE,22900.0,NIFTY26SEP22900PE,19.1,19.1,19.1,19.1,0,19
2026-09-25 21:34:00,NIFTY,CE,22950.0,NIFTY26SEP22950CE,265.9,265.9,265.9,265.9,0,19
2026-09-25 21:34:00,NIFTY,PE,22950.0,NIFTY26SEP22950PE,24.95,24.95,24.95,24.95,0,19
2026-09-25 21:34:00,NIFTY,CE,23000.0,NIFTY26SEP23000CE,224.35,224.35,224.35,224.35,0,19
2026-09-25 21:34:00,NIFTY,PE,23000.0,NIFTY26SEP23000PE,34.0,34.0,34.0,34.0,0,19
2026-09-25 21:34:00,NIFTY,CE,23050.0,NIFTY26SEP23050CE,184.55,184.55,184.55,184.55,0,19
2026-09-25 21:34:00,NIFTY,PE,23050.0,NIFTY26SEP23050PE,44.4,44.4,44.4,44.4,0,19
2026-09-25 21:34:00,NIFTY,CE,23100.0,NIFTY26SEP23100CE,150.15,150.15,150.15,150.15,0,19
2026-09-25 21:34:00,NIFTY,PE,23100.0,NIFTY26SEP23100PE,58.3,58.3,58.3,58.3,0,19
2026-09-25 21:34:00,NIFTY,CE,23150.0,NIFTY26SEP23150CE,119.25,119.25,119.25,119.25,0,19
2026-09-25 21:34:00,NIFTY,PE,23150.0,NIFTY26SEP23150PE,76.75,76.75,76.75,76.75,0,19
2026-09-25 21:34:00,NIFTY,CE,23200.0,NIFTY26SEP23200CE,92.0,92.0,92.0,92.0,0,19
2026-09-25 21:34:00,NIFTY,PE,23200.0,NIFTY26SEP23200PE,99.1,99.1,99.1,99.1,0,19
2026-09-25 21:34:00,NIFTY,CE,23250.0,NIFTY26SEP23250CE,68.85,68.85,68.85,68.85,0,19
2026-09-25 21:34:00,NIFTY,PE,23250.0,NIFTY26SEP23250PE,128.1,128.1,128.1,128.1,0,19
2026-09-25 21:34:00,NIFTY,CE,23300.0,NIFTY26SEP23300CE,50.9,50.9,50.9,50.9,0,19
2026-09-25 21:34:00,NIFTY,PE,23300.0,NIFTY26SEP23300PE,157.75,157.75,157.75,157.75,0,19
2026-09-25 21:34:00,NIFTY,CE,23350.0,NIFTY26SEP23350CE,37.05,37.05,37.05,37.05,0,19
2026-09-25 21:34:00,NIFTY,PE,23350.0,NIFTY26SEP23350PE,194.35,194.35,194.35,194.35,0,19
2026-09-25 21:34:00,NIFTY,CE,23400.0,NIFTY26SEP23400CE,26.6,26.6,26.6,26.6,0,19
2026-09-25 21:34:00,NIFTY,PE,23400.0,NIFTY26SEP23400PE,233.0,233.0,233.0,233.0,0,19
2026-09-25 21:34:00,NIFTY,CE,23450.0,NIFTY26SEP23450CE,18.8,18.8,18.8,18.8,0,19
2026-09-25 21:34:00,NIFTY,PE,23450.0,NIFTY26SEP23450PE,274.55,274.55,274.55,274.55,0,19
2026-09-25 21:35:00,NIFTY,FUT,0.0,NIFTY26SEPFUT,23190.0,23190.0,23190.0,23190.0,0,19
2026-09-25 21:35:00,NIFTY,SPOT,0.0,Nifty 50,23140.5,23140.5,23140.5,23140.5,0,19
2026-09-25 21:35:00,NIFTY,CE,22850.0,NIFTY26SEP22850CE,358.05,358.05,358.05,358.05,0,19
2026-09-25 21:35:00,NIFTY,PE,22850.0,NIFTY26SEP22850PE,14.15,14.15,14.15,14.15,0,19
2026-09-25 21:35:00,NIFTY,CE,22900.0,NIFTY26SEP22900CE,310.8,310.8,310.8,310.8,0,19
2026-09-25 21:35:00,NIFTY,PE,22900.0,NIFTY26SEP22900PE,19.1,19.1,19.1,19.1,0,19
2026-09-25 21:35:00,NIFTY,CE,22950.0,NIFTY26SEP22950CE,265.9,265.9,265.9,265.9,0,19
2026-09-25 21:35:00,NIFTY,PE,22950.0,NIFTY26SEP22950PE,24.95,24.95,24.95,24.95,0,19
2026-09-25 21:35:00,NIFTY,CE,23000.0,NIFTY26SEP23000CE,224.35,224.35,224.35,224.35,0,19
2026-09-25 21:35:00,NIFTY,PE,23000.0,NIFTY26SEP23000PE,34.0,34.0,34.0,34.0,0,19
2026-09-25 21:35:00,NIFTY,CE,23050.0,NIFTY26SEP23050CE,184.55,184.55,184.55,184.55,0,19
2026-09-25 21:35:00,NIFTY,PE,23050.0,NIFTY26SEP23050PE,44.4,44.4,44.4,44.4,0,19
2026-09-25 21:35:00,NIFTY,CE,23100.0,NIFTY26SEP23100CE,150.15,150.15,150.15,150.15,0,19
2026-09-25 21:35:00,NIFTY,PE,23100.0,NIFTY26SEP23100PE,58.3,58.3,58.3,58.3,0,19
2026-09-25 21:35:00,NIFTY,CE,23150.0,NIFTY26SEP23150CE,119.25,119.25,119.25,119.25,0,19
2026-09-25 21:35:00,NIFTY,PE,23150.0,NIFTY26SEP23150PE,76.75,76.75,76.75,76.75,0,19
2026-09-25 21:35:00,NIFTY,CE,23200.0,NIFTY26SEP23200CE,92.0,92.0,92.0,92.0,0,19
2026-09-25 21:35:00,NIFTY,PE,23200.0,NIFTY26SEP23200PE,99.1,99.1,99.1,99.1,0,19
2026-09-25 21:35:00,NIFTY,CE,23250.0,NIFTY26SEP23250CE,68.85,68.85,68.85,68.85,0,19
2026-09-25 21:35:00,NIFTY,PE,23250.0,NIFTY26SEP23250PE,128.1,128.1,128.1,128.1,0,19
2026-09-25 21:35:00,NIFTY,CE,23300.0,NIFTY26SEP23300CE,50.9,50.9,50.9,50.9,0,19
2026-09-25 21:35:00,NIFTY,PE,23300.0,NIFTY26SEP23300PE,157.75,157.75,157.75,157.75,0,19
2026-09-25 21:35:00,NIFTY,CE,23350.0,NIFTY26SEP23350CE,37.05,37.05,37.05,37.05,0,19
2026-09-25 21:35:00,NIFTY,PE,23350.0,NIFTY26SEP23350PE,194.35,194.35,194.35,194.35,0,19
2026-09-25 21:35:00,NIFTY,CE,23400.0,NIFTY26SEP23400CE,26.6,26.6,26.6,26.6,0,19
2026-09-25 21:35:00,NIFTY,PE,23400.0,NIFTY26SEP23400PE,233.0,233.0,233.0,233.0,0,19
2026-09-25 21:35:00,NIFTY,CE,23450.0,NIFTY26SEP23450CE,18.8,18.8,18.8,18.8,0,19
2026-09-25 21:35:00,NIFTY,PE,23450.0,NIFTY26SEP23450PE,274.55,274.55,274.55,274.55,0,19
2026-09-25 21:36:00,NIFTY,FUT,0.0,NIFTY26SEPFUT,23190.0,23190.0,23190.0,23190.0,0,19
2026-09-25 21:36:00,NIFTY,SPOT,0.0,Nifty 50,23140.5,23140.5,23140.5,23140.5,0,19
2026-09-25 21:36:00,NIFTY,CE,22850.0,NIFTY26SEP22850CE,358.05,358.05,358.05,358.05,0,19
2026-09-25 21:36:00,NIFTY,PE,22850.0,NIFTY26SEP22850PE,14.15,14.15,14.15,14.15,0,19
2026-09-25 21:36:00,NIFTY,CE,22900.0,NIFTY26SEP22900CE,310.8,310.8,310.8,310.8,0,19
2026-09-25 21:36:00,NIFTY,PE,22900.0,NIFTY26SEP22900PE,19.1,19.1,19.1,19.1,0,19
2026-09-25 21:36:00,NIFTY,CE,22950.0,NIFTY26SEP22950CE,265.9,265.9,265.9,265.9,0,19
2026-09-25 21:36:00,NIFTY,PE,22950.0,NIFTY26SEP22950PE,24.95,24.95,24.95,24.95,0,19
2026-09-25 21:36:00,NIFTY,CE,23000.0,NIFTY26SEP23000CE,224.35,224.35,224.35,224.35,0,19
2026-09-25 21:36:00,NIFTY,PE,23000.0,NIFTY26SEP23000PE,34.0,34.0,34.0,34.0,0,19
2026-09-25 21:36:00,NIFTY,CE,23050.0,NIFTY26SEP23050CE,184.55,184.55,184.55,184.55,0,19
2026-09-25 21:36:00,NIFTY,PE,23050.0,NIFTY26SEP23050PE,44.4,44.4,44.4,44.4,0,19
2026-09-25 21:36:00,NIFTY,CE,23100.0,NIFTY26SEP23100CE,150.15,150.15,150.15,150.15,0,19
2026-09-25 21:36:00,NIFTY,PE,23100.0,NIFTY26SEP23100PE,58.3,58.3,58.3,58.3,0,19
2026-09-25 21:36:00,NIFTY,CE,23150.0,NIFTY26SEP23150CE,119.25,119.25,119.25,119.25,0,19
2026-09-25 21:36:00,NIFTY,PE,23150.0,NIFTY26SEP23150PE,76.75,76.75,76.75,76.75,0,19
2026-09-25 21:36:00,NIFTY,CE,23200.0,NIFTY26SEP23200CE,92.0,92.0,92.0,92.0,0,19
2026-09-25 21:36:00,NIFTY,PE,23200.0,NIFTY26SEP23200PE,99.1,99.1,99.1,99.1,0,19
2026-09-25 21:36:00,NIFTY,CE,23250.0,NIFTY26SEP23250CE,68.85,68.85,68.85,68.85,0,19
2026-09-25 21:36:00,NIFTY,PE,23250.0,NIFTY26SEP23250PE,128.1,128.1,128.1,128.1,0,19
2026-09-25 21:36:00,NIFTY,CE,23300.0,NIFTY26SEP23300CE,50.9,50.9,50.9,50.9,0,19
2026-09-25 21:36:00,NIFTY,PE,23300.0,NIFTY26SEP23300PE,157.75,157.75,157.75,157.75,0,19
2026-09-25 21:36:00,NIFTY,CE,23350.0,NIFTY26SEP23350CE,37.05,37.05,37.05,37.05,0,19
2026-09-25 21:36:00,NIFTY,PE,23350.0,NIFTY26SEP23350PE,194.35,194.35,194.35,194.35,0,19
2026-09-25 21:36:00,NIFTY,CE,23400.0,NIFTY26SEP23400CE,26.6,26.6,26.6,26.6,0,19
2026-09-25 21:36:00,NIFTY,PE,23400.0,NIFTY26SEP23400PE,233.0,233.0,233.0,233.0,0,19
2026-09-25 21:36:00,NIFTY,CE,23450.0,NIFTY26SEP23450CE,18.8,18.8,18.8,18.8,0,19
2026-09-25 21:36:00,NIFTY,PE,23450.0,NIFTY26SEP23450PE,274.55,274.55,274.55,274.55,0,19
2026-09-25 21:37:00,NIFTY,FUT,0.0,NIFTY26SEPFUT,23190.0,23190.0,23190.0,23190.0,0,18
2026-09-25 21:37:00,NIFTY,SPOT,0.0,Nifty 50,23140.5,23140.5,23140.5,23140.5,0,18
2026-09-25 21:37:00,NIFTY,CE,22850.0,NIFTY26SEP22850CE,358.05,358.05,358.05,358.05,0,18
2026-09-25 21:37:00,NIFTY,PE,22850.0,NIFTY26SEP22850PE,14.15,14.15,14.15,14.15,0,18
2026-09-25 21:37:00,NIFTY,CE,22900.0,NIFTY26SEP22900CE,310.8,310.8,310.8,310.8,0,18
2026-09-25 21:37:00,NIFTY,PE,22900.0,NIFTY26SEP22900PE,19.1,19.1,19.1,19.1,0,18
2026-09-25 21:37:00,NIFTY,CE,22950.0,NIFTY26SEP22950CE,265.9,265.9,265.9,265.9,0,18
2026-09-25 21:37:00,NIFTY,PE,22950.0,NIFTY26SEP22950PE,24.95,24.95,24.95,24.95,0,18
2026-09-25 21:37:00,NIFTY,CE,23000.0,NIFTY26SEP23000CE,224.35,224.35,224.35,224.35,0,18
2026-09-25 21:37:00,NIFTY,PE,23000.0,NIFTY26SEP23000PE,34.0,34.0,34.0,34.0,0,18
2026-09-25 21:37:00,NIFTY,CE,23050.0,NIFTY26SEP23050CE,184.55,184.55,184.55,184.55,0,18
2026-09-25 21:37:00,NIFTY,PE,23050.0,NIFTY26SEP23050PE,44.4,44.4,44.4,44.4,0,18
2026-09-25 21:37:00,NIFTY,CE,23100.0,NIFTY26SEP23100CE,150.15,150.15,150.15,150.15,0,18
2026-09-25 21:37:00,NIFTY,PE,23100.0,NIFTY26SEP23100PE,58.3,58.3,58.3,58.3,0,18
2026-09-25 21:37:00,NIFTY,CE,23150.0,NIFTY26SEP23150CE,119.25,119.25,119.25,119.25,0,18
2026-09-25 21:37:00,NIFTY,PE,23150.0,NIFTY26SEP23150PE,76.75,76.75,76.75,76.75,0,18
2026-09-25 21:37:00,NIFTY,CE,23200.0,NIFTY26SEP23200CE,92.0,92.0,92.0,92.0,0,18
2026-09-25 21:37:00,NIFTY,PE,23200.0,NIFTY26SEP23200PE,99.1,99.1,99.1,99.1,0,18
2026-09-25 21:37:00,NIFTY,CE,23250.0,NIFTY26SEP23250CE,68.85,68.85,68.85,68.85,0,18
2026-09-25 21:37:00,NIFTY,PE,23250.0,NIFTY26SEP23250PE,128.1,128.1,128.1,128.1,0,18
2026-09-25 21:37:00,NIFTY,CE,23300.0,NIFTY26SEP23300CE,50.9,50.9,50.9,50.9,0,18
2026-09-25 21:37:00,NIFTY,PE,23300.0,NIFTY26SEP23300PE,157.75,157.75,157.75,157.75,0,18
2026-09-25 21:37:00,NIFTY,CE,23350.0,NIFTY26SEP23350CE,37.05,37.05,37.05,37.05,0,18
2026-09-25 21:37:00,NIFTY,PE,23350.0,NIFTY26SEP23350PE,194.35,194.35,194.35,194.35,0,18
2026-09-25 21:37:00,NIFTY,CE,23400.0,NIFTY26SEP23400CE,26.6,26.6,26.6,26.6,0,18
2026-09-25 21:37:00,NIFTY,PE,23400.0,NIFTY26SEP23400PE,233.0,233.0,233.0,233.0,0,18
2026-09-25 21:37:00,NIFTY,CE,23450.0,NIFTY26SEP23450CE,18.8,18.8,18.8,18.8,0,18
2026-09-25 21:37:00,NIFTY,PE,23450.0,NIFTY26SEP23450PE,274.55,274.55,274.55,274.55,0,18
2026-09-25 21:38:00,NIFTY,FUT,0.0,NIFTY26SEPFUT,23190.0,23190.0,23190.0,23190.0,0,16
2026-09-25 21:38:00,NIFTY,SPOT,0.0,Nifty 50,23140.5,23140.5,23140.5,23140.5,0,16
2026-09-25 21:38:00,NIFTY,CE,22850.0,NIFTY26SEP22850CE,358.05,358.05,358.05,358.05,0,16
2026-09-25 21:38:00,NIFTY,PE,22850.0,NIFTY26SEP22850PE,14.15,14.15,14.15,14.15,0,16
2026-09-25 21:38:00,NIFTY,CE,22900.0,NIFTY26SEP22900CE,310.8,310.8,310.8,310.8,0,16
2026-09-25 21:38:00,NIFTY,PE,22900.0,NIFTY26SEP22900PE,19.1,19.1,19.1,19.1,0,16
2026-09-25 21:38:00,NIFTY,CE,22950.0,NIFTY26SEP22950CE,265.9,265.9,265.9,265.9,0,16
2026-09-25 21:38:00,NIFTY,PE,22950.0,NIFTY26SEP22950PE,24.95,24.95,24.95,24.95,0,16
2026-09-25 21:38:00,NIFTY,CE,23000.0,NIFTY26SEP23000CE,224.35,224.35,224.35,224.35,0,16
2026-09-25 21:38:00,NIFTY,PE,23000.0,NIFTY26SEP23000PE,34.0,34.0,34.0,34.0,0,16
2026-09-25 21:38:00,NIFTY,CE,23050.0,NIFTY26SEP23050CE,184.55,184.55,184.55,184.55,0,16
2026-09-25 21:38:00,NIFTY,PE,23050.0,NIFTY26SEP23050PE,44.4,44.4,44.4,44.4,0,16
2026-09-25 21:38:00,NIFTY,CE,23100.0,NIFTY26SEP23100CE,150.15,150.15,150.15,150.15,0,16
2026-09-25 21:38:00,NIFTY,PE,23100.0,NIFTY26SEP23100PE,58.3,58.3,58.3,58.3,0,16
2026-09-25 21:38:00,NIFTY,CE,23150.0,NIFTY26SEP23150CE,119.25,119.25,119.25,119.25,0,16
2026-09-25 21:38:00,NIFTY,PE,23150.0,NIFTY26SEP23150PE,76.75,76.75,76.75,76.75,0,16
2026-09-25 21:38:00,NIFTY,CE,23200.0,NIFTY26SEP23200CE,92.0,92.0,92.0,92.0,0,16
2026-09-25 21:38:00,NIFTY,PE,23200.0,NIFTY26SEP23200PE,99.1,99.1,99.1,99.1,0,16
2026-09-25 21:38:00,NIFTY,CE,23250.0,NIFTY26SEP23250CE,68.85,68.85,68.85,68.85,0,16
2026-09-25 21:38:00,NIFTY,PE,23250.0,NIFTY26SEP23250PE,128.1,128.1,128.1,128.1,0,16
2026-09-25 21:38:00,NIFTY,CE,23300.0,NIFTY26SEP23300CE,50.9,50.9,50.9,50.9,0,16
2026-09-25 21:38:00,NIFTY,PE,23300.0,NIFTY26SEP23300PE,157.75,157.75,157.75,157.75,0,16
2026-09-25 21:38:00,NIFTY,CE,23350.0,NIFTY26SEP23350CE,37.05,37.05,37.05,37.05,0,16
2026-09-25 21:38:00,NIFTY,PE,23350.0,NIFTY26SEP23350PE,194.35,194.35,194.35,194.35,0,16
2026-09-25 21:38:00,NIFTY,CE,23400.0,NIFTY26SEP23400CE,26.6,26.6,26.6,26.6,0,16
2026-09-25 21:38:00,NIFTY,PE,23400.0,NIFTY26SEP23400PE,233.0,233.0,233.0,233.0,0,16
2026-09-25 21:38:00,NIFTY,CE,23450.0,NIFTY26SEP23450CE,18.8,18.8,18.8,18.8,0,16
2026-09-25 21:38:00,NIFTY,PE,23450.0,NIFTY26SEP23450PE,274.55,274.55,274.55,274.55,0,16
2026-09-25 21:39:00,NIFTY,FUT,0.0,NIFTY26SEPFUT,23190.0,23190.0,23190.0,23190.0,0,3
2026-09-25 21:39:00,NIFTY,SPOT,0.0,Nifty 50,23140.5,23140.5,23140.5,23140.5,0,3
2026-09-25 21:39:00,NIFTY,CE,22850.0,NIFTY26SEP22850CE,358.05,358.05,358.05,358.05,0,3
2026-09-25 21:39:00,NIFTY,PE,22850.0,NIFTY26SEP22850PE,14.15,14.15,14.15,14.15,0,3
2026-09-25 21:39:00,NIFTY,CE,22900.0,NIFTY26SEP22900CE,310.8,310.8,310.8,310.8,0,3
2026-09-25 21:39:00,NIFTY,PE,22900.0,NIFTY26SEP22900PE,19.1,19.1,19.1,19.1,0,3
2026-09-25 21:39:00,NIFTY,CE,22950.0,NIFTY26SEP22950CE,265.9,265.9,265.9,265.9,0,3
2026-09-25 21:39:00,NIFTY,PE,22950.0,NIFTY26SEP22950PE,24.95,24.95,24.95,24.95,0,3
2026-09-25 21:39:00,NIFTY,CE,23000.0,NIFTY26SEP23000CE,224.35,224.35,224.35,224.35,0,3
2026-09-25 21:39:00,NIFTY,PE,23000.0,NIFTY26SEP23000PE,34.0,34.0,34.0,34.0,0,3
2026-09-25 21:39:00,NIFTY,CE,23050.0,NIFTY26SEP23050CE,184.55,184.55,184.55,184.55,0,3
2026-09-25 21:39:00,NIFTY,PE,23050.0,NIFTY26SEP23050PE,44.4,44.4,44.4,44.4,0,3
2026-09-25 21:39:00,NIFTY,CE,23100.0,NIFTY26SEP23100CE,150.15,150.15,150.15,150.15,0,3
2026-09-25 21:39:00,NIFTY,PE,23100.0,NIFTY26SEP23100PE,58.3,58.3,58.3,58.3,0,3
2026-09-25 21:39:00,NIFTY,CE,23150.0,NIFTY26SEP23150CE,119.25,119.25,119.25,119.25,0,3
2026-09-25 21:39:00,NIFTY,PE,23150.0,NIFTY26SEP23150PE,76.75,76.75,76.75,76.75,0,3
2026-09-25 21:39:00,NIFTY,CE,23200.0,NIFTY26SEP23200CE,92.0,92.0,92.0,92.0,0,3
2026-09-25 21:39:00,NIFTY,PE,23200.0,NIFTY26SEP23200PE,99.1,99.1,99.1,99.1,0,3
2026-09-25 21:39:00,NIFTY,CE,23250.0,NIFTY26SEP23250CE,68.85,68.85,68.85,68.85,0,3
2026-09-25 21:39:00,NIFTY,PE,23250.0,NIFTY26SEP23250PE,128.1,128.1,128.1,128.1,0,3
2026-09-25 21:39:00,NIFTY,CE,23300.0,NIFTY26SEP23300CE,50.9,50.9,50.9,50.9,0,3
2026-09-25 21:39:00,NIFTY,PE,23300.0,NIFTY26SEP23300PE,157.75,157.75,157.75,157.75,0,3
2026-09-25 21:39:00,NIFTY,CE,23350.0,NIFTY26SEP23350CE,37.05,37.05,37.05,37.05,0,3
2026-09-25 21:39:00,NIFTY,PE,23350.0,NIFTY26SEP23350PE,194.35,194.35,194.35,194.35,0,3
2026-09-25 21:39:00,NIFTY,CE,23400.0,NIFTY26SEP23400CE,26.6,26.6,26.6,26.6,0,3
2026-09-25 21:39:00,NIFTY,PE,23400.0,NIFTY26SEP23400PE,233.0,233.0,233.0,233.0,0,3
2026-09-25 21:39:00,NIFTY,CE,23450.0,NIFTY26SEP23450CE,18.8,18.8,18.8,18.8,0,3
2026-09-25 21:39:00,NIFTY,PE,23450.0,NIFTY26SEP23450PE,274.55,274.55,274.55,274.55,0,3
2026-09-25 21:40:00,NIFTY,FUT,0.0,NIFTY26SEPFUT,23190.0,23190.0,23190.0,23190.0,0,19
2026-09-25 21:40:00,NIFTY,SPOT,0.0,Nifty 50,23140.5,23140.5,23140.5,23140.5,0,19
2026-09-25 21:40:00,NIFTY,CE,22850.0,NIFTY26SEP22850CE,358.05,358.05,358.05,358.05,0,19
2026-09-25 21:40:00,NIFTY,PE,22850.0,NIFTY26SEP22850PE,14.15,14.15,14.15,14.15,0,19
2026-09-25 21:40:00,NIFTY,CE,22900.0,NIFTY26SEP22900CE,310.8,310.8,310.8,310.8,0,19
2026-09-25 21:40:00,NIFTY,PE,22900.0,NIFTY26SEP22900PE,19.1,19.1,19.1,19.1,0,19
2026-09-25 21:40:00,NIFTY,CE,22950.0,NIFTY26SEP22950CE,265.9,265.9,265.9,265.9,0,19
2026-09-25 21:40:00,NIFTY,PE,22950.0,NIFTY26SEP22950PE,24.95,24.95,24.95,24.95,0,19
2026-09-25 21:40:00,NIFTY,CE,23000.0,NIFTY26SEP23000CE,224.35,224.35,224.35,224.35,0,19
2026-09-25 21:40:00,NIFTY,PE,23000.0,NIFTY26SEP23000PE,34.0,34.0,34.0,34.0,0,19
2026-09-25 21:40:00,NIFTY,CE,23050.0,NIFTY26SEP23050CE,184.55,184.55,184.55,184.55,0,19
2026-09-25 21:40:00,NIFTY,PE,23050.0,NIFTY26SEP23050PE,44.4,44.4,44.4,44.4,0,19
2026-09-25 21:40:00,NIFTY,CE,23100.0,NIFTY26SEP23100CE,150.15,150.15,150.15,150.15,0,19
2026-09-25 21:40:00,NIFTY,PE,23100.0,NIFTY26SEP23100PE,58.3,58.3,58.3,58.3,0,19
2026-09-25 21:40:00,NIFTY,CE,23150.0,NIFTY26SEP23150CE,119.25,119.25,119.25,119.25,0,19
2026-09-25 21:40:00,NIFTY,PE,23150.0,NIFTY26SEP23150PE,76.75,76.75,76.75,76.75,0,19
2026-09-25 21:40:00,NIFTY,CE,23200.0,NIFTY26SEP23200CE,92.0,92.0,92.0,92.0,0,19
2026-09-25 21:40:00,NIFTY,PE,23200.0,NIFTY26SEP23200PE,99.1,99.1,99.1,99.1,0,19
2026-09-25 21:40:00,NIFTY,CE,23250.0,NIFTY26SEP23250CE,68.85,68.85,68.85,68.85,0,19
2026-09-25 21:40:00,NIFTY,PE,23250.0,NIFTY26SEP23250PE,128.1,128.1,128.1,128.1,0,19
2026-09-25 21:40:00,NIFTY,CE,23300.0,NIFTY26SEP23300CE,50.9,50.9,50.9,50.9,0,19
2026-09-25 21:40:00,NIFTY,PE,23300.0,NIFTY26SEP23300PE,157.75,157.75,157.75,157.75,0,19
2026-09-25 21:40:00,NIFTY,CE,23350.0,NIFTY26SEP23350CE,37.05,37.05,37.05,37.05,0,19
2026-09-25 21:40:00,NIFTY,PE,23350.0,NIFTY26SEP23350PE,194.35,194.35,194.35,194.35,0,19
2026-09-25 21:40:00,NIFTY,CE,23400.0,NIFTY26SEP23400CE,26.6,26.6,26.6,26.6,0,19
2026-09-25 21:40:00,NIFTY,PE,23400.0,NIFTY26SEP23400PE,233.0,233.0,233.0,233.0,0,19
2026-09-25 21:40:00,NIFTY,CE,23450.0,NIFTY26SEP23450CE,18.8,18.8,18.8,18.8,0,19
2026-09-25 21:40:00,NIFTY,PE,23450.0,NIFTY26SEP23450PE,274.55,274.55,274.55,274.55,0,19
2026-09-25 21:41:00,NIFTY,FUT,0.0,NIFTY26SEPFUT,23190.0,23190.0,23190.0,23190.0,0,18
2026-09-25 21:41:00,NIFTY,SPOT,0.0,Nifty 50,23140.5,23140.5,23140.5,23140.5,0,18
2026-09-25 21:41:00,NIFTY,CE,22850.0,NIFTY26SEP22850CE,358.05,358.05,358.05,358.05,0,18
2026-09-25 21:41:00,NIFTY,PE,22850.0,NIFTY26SEP22850PE,14.15,14.15,14.15,14.15,0,18
2026-09-25 21:41:00,NIFTY,CE,22900.0,NIFTY26SEP22900CE,310.8,310.8,310.8,310.8,0,18
2026-09-25 21:41:00,NIFTY,PE,22900.0,NIFTY26SEP22900PE,19.1,19.1,19.1,19.1,0,18
2026-09-25 21:41:00,NIFTY,CE,22950.0,NIFTY26SEP22950CE,265.9,265.9,265.9,265.9,0,18
2026-09-25 21:41:00,NIFTY,PE,22950.0,NIFTY26SEP22950PE,24.95,24.95,24.95,24.95,0,18
2026-09-25 21:41:00,NIFTY,CE,23000.0,NIFTY26SEP23000CE,224.35,224.35,224.35,224.35,0,18
2026-09-25 21:41:00,NIFTY,PE,23000.0,NIFTY26SEP23000PE,34.0,34.0,34.0,34.0,0,18
2026-09-25 21:41:00,NIFTY,CE,23050.0,NIFTY26SEP23050CE,184.55,184.55,184.55,184.55,0,18
2026-09-25 21:41:00,NIFTY,PE,23050.0,NIFTY26SEP23050PE,44.4,44.4,44.4,44.4,0,18
2026-09-25 21:41:00,NIFTY,CE,23100.0,NIFTY26SEP23100CE,150.15,150.15,150.15,150.15,0,18
2026-09-25 21:41:00,NIFTY,PE,23100.0,NIFTY26SEP23100PE,58.3,58.3,58.3,58.3,0,18
2026-09-25 21:41:00,NIFTY,CE,23150.0,NIFTY26SEP23150CE,119.25,119.25,119.25,119.25,0,18
2026-09-25 21:41:00,NIFTY,PE,23150.0,NIFTY26SEP23150PE,76.75,76.75,76.75,76.75,0,18
2026-09-25 21:41:00,NIFTY,CE,23200.0,NIFTY26SEP23200CE,92.0,92.0,92.0,92.0,0,18
2026-09-25 21:41:00,NIFTY,PE,23200.0,NIFTY26SEP23200PE,99.1,99.1,99.1,99.1,0,18
2026-09-25 21:41:00,NIFTY,CE,23250.0,NIFTY26SEP23250CE,68.85,68.85,68.85,68.85,0,18
2026-09-25 21:41:00,NIFTY,PE,23250.0,NIFTY26SEP23250PE,128.1,128.1,128.1,128.1,0,18
2026-09-25 21:41:00,NIFTY,CE,23300.0,NIFTY26SEP23300CE,50.9,50.9,50.9,50.9,0,18
2026-09-25 21:41:00,NIFTY,PE,23300.0,NIFTY26SEP23300PE,157.75,157.75,157.75,157.75,0,18
2026-09-25 21:41:00,NIFTY,CE,23350.0,NIFTY26SEP23350CE,37.05,37.05,37.05,37.05,0,18
2026-09-25 21:41:00,NIFTY,PE,23350.0,NIFTY26SEP23350PE,194.35,194.35,194.35,194.35,0,18
2026-09-25 21:41:00,NIFTY,CE,23400.0,NIFTY26SEP23400CE,26.6,26.6,26.6,26.6,0,18
2026-09-25 21:41:00,NIFTY,PE,23400.0,NIFTY26SEP23400PE,233.0,233.0,233.0,233.0,0,18
2026-09-25 21:41:00,NIFTY,CE,23450.0,NIFTY26SEP23450CE,18.8,18.8,18.8,18.8,0,18
2026-09-25 21:41:00,NIFTY,PE,23450.0,NIFTY26SEP23450PE,274.55,274.55,274.55,274.55,0,18
2026-09-25 21:42:00,NIFTY,FUT,0.0,NIFTY26SEPFUT,23190.0,23190.0,23190.0,23190.0,0,19
2026-09-25 21:42:00,NIFTY,SPOT,0.0,Nifty 50,23140.5,23140.5,23140.5,23140.5,0,19
2026-09-25 21:42:00,NIFTY,CE,22850.0,NIFTY26SEP22850CE,358.05,358.05,358.05,358.05,0,19
2026-09-25 21:42:00,NIFTY,PE,22850.0,NIFTY26SEP22850PE,14.15,14.15,14.15,14.15,0,19
2026-09-25 21:42:00,NIFTY,CE,22900.0,NIFTY26SEP22900CE,310.8,310.8,310.8,310.8,0,19
2026-09-25 21:42:00,NIFTY,PE,22900.0,NIFTY26SEP22900PE,19.1,19.1,19.1,19.1,0,19
2026-09-25 21:42:00,NIFTY,CE,22950.0,NIFTY26SEP22950CE,265.9,265.9,265.9,265.9,0,19
2026-09-25 21:42:00,NIFTY,PE,22950.0,NIFTY26SEP22950PE,24.95,24.95,24.95,24.95,0,19
2026-09-25 21:42:00,NIFTY,CE,23000.0,NIFTY26SEP23000CE,224.35,224.35,224.35,224.35,0,19
2026-09-25 21:42:00,NIFTY,PE,23000.0,NIFTY26SEP23000PE,34.0,34.0,34.0,34.0,0,19
2026-09-25 21:42:00,NIFTY,CE,23050.0,NIFTY26SEP23050CE,184.55,184.55,184.55,184.55,0,19
2026-09-25 21:42:00,NIFTY,PE,23050.0,NIFTY26SEP23050PE,44.4,44.4,44.4,44.4,0,19
2026-09-25 21:42:00,NIFTY,CE,23100.0,NIFTY26SEP23100CE,150.15,150.15,150.15,150.15,0,19
2026-09-25 21:42:00,NIFTY,PE,23100.0,NIFTY26SEP23100PE,58.3,58.3,58.3,58.3,0,19
2026-09-25 21:42:00,NIFTY,CE,23150.0,NIFTY26SEP23150CE,119.25,119.25,119.25,119.25,0,19
2026-09-25 21:42:00,NIFTY,PE,23150.0,NIFTY26SEP23150PE,76.75,76.75,76.75,76.75,0,19
2026-09-25 21:42:00,NIFTY,CE,23200.0,NIFTY26SEP23200CE,92.0,92.0,92.0,92.0,0,19
2026-09-25 21:42:00,NIFTY,PE,23200.0,NIFTY26SEP23200PE,99.1,99.1,99.1,99.1,0,19
2026-09-25 21:42:00,NIFTY,CE,23250.0,NIFTY26SEP23250CE,68.85,68.85,68.85,68.85,0,19
2026-09-25 21:42:00,NIFTY,PE,23250.0,NIFTY26SEP23250PE,128.1,128.1,128.1,128.1,0,19
2026-09-25 21:42:00,NIFTY,CE,23300.0,NIFTY26SEP23300CE,50.9,50.9,50.9,50.9,0,19
2026-09-25 21:42:00,NIFTY,PE,23300.0,NIFTY26SEP23300PE,157.75,157.75,157.75,157.75,0,19
2026-09-25 21:42:00,NIFTY,CE,23350.0,NIFTY26SEP23350CE,37.05,37.05,37.05,37.05,0,19
2026-09-25 21:42:00,NIFTY,PE,23350.0,NIFTY26SEP23350PE,194.35,194.35,194.35,194.35,0,19
2026-09-25 21:42:00,NIFTY,CE,23400.0,NIFTY26SEP23400CE,26.6,26.6,26.6,26.6,0,19
2026-09-25 21:42:00,NIFTY,PE,23400.0,NIFTY26SEP23400PE,233.0,233.0,233.0,233.0,0,19
2026-09-25 21:42:00,NIFTY,CE,23450.0,NIFTY26SEP23450CE,18.8,18.8,18.8,18.8,0,19
2026-09-25 21:42:00,NIFTY,PE,23450.0,NIFTY26SEP23450PE,274.55,274.55,274.55,274.55,0,19
2026-09-25 21:43:00,NIFTY,FUT,0.0,NIFTY26SEPFUT,23190.0,23190.0,23190.0,23190.0,0,6
2026-09-25 21:43:00,NIFTY,SPOT,0.0,Nifty 50,23140.5,23140.5,23140.5,23140.5,0,6
2026-09-25 21:43:00,NIFTY,CE,22850.0,NIFTY26SEP22850CE,358.05,358.05,358.05,358.05,0,6
2026-09-25 21:43:00,NIFTY,PE,22850.0,NIFTY26SEP22850PE,14.15,14.15,14.15,14.15,0,6
2026-09-25 21:43:00,NIFTY,CE,22900.0,NIFTY26SEP22900CE,310.8,310.8,310.8,310.8,0,6
2026-09-25 21:43:00,NIFTY,PE,22900.0,NIFTY26SEP22900PE,19.1,19.1,19.1,19.1,0,6
2026-09-25 21:43:00,NIFTY,CE,22950.0,NIFTY26SEP22950CE,265.9,265.9,265.9,265.9,0,6
2026-09-25 21:43:00,NIFTY,PE,22950.0,NIFTY26SEP22950PE,24.95,24.95,24.95,24.95,0,6
2026-09-25 21:43:00,NIFTY,CE,23000.0,NIFTY26SEP23000CE,224.35,224.35,224.35,224.35,0,6
2026-09-25 21:43:00,NIFTY,PE,23000.0,NIFTY26SEP23000PE,34.0,34.0,34.0,34.0,0,6
2026-09-25 21:43:00,NIFTY,CE,23050.0,NIFTY26SEP23050CE,184.55,184.55,184.55,184.55,0,6
2026-09-25 21:43:00,NIFTY,PE,23050.0,NIFTY26SEP23050PE,44.4,44.4,44.4,44.4,0,6
2026-09-25 21:43:00,NIFTY,CE,23100.0,NIFTY26SEP23100CE,150.15,150.15,150.15,150.15,0,6
2026-09-25 21:43:00,NIFTY,PE,23100.0,NIFTY26SEP23100PE,58.3,58.3,58.3,58.3,0,6
2026-09-25 21:43:00,NIFTY,CE,23150.0,NIFTY26SEP23150CE,119.25,119.25,119.25,119.25,0,6
2026-09-25 21:43:00,NIFTY,PE,23150.0,NIFTY26SEP23150PE,76.75,76.75,76.75,76.75,0,6
2026-09-25 21:43:00,NIFTY,CE,23200.0,NIFTY26SEP23200CE,92.0,92.0,92.0,92.0,0,6
2026-09-25 21:43:00,NIFTY,PE,23200.0,NIFTY26SEP23200PE,99.1,99.1,99.1,99.1,0,6
2026-09-25 21:43:00,NIFTY,CE,23250.0,NIFTY26SEP23250CE,68.85,68.85,68.85,68.85,0,6
2026-09-25 21:43:00,NIFTY,PE,23250.0,NIFTY26SEP23250PE,128.1,128.1,128.1,128.1,0,6
2026-09-25 21:43:00,NIFTY,CE,23300.0,NIFTY26SEP23300CE,50.9,50.9,50.9,50.9,0,6
2026-09-25 21:43:00,NIFTY,PE,23300.0,NIFTY26SEP23300PE,157.75,157.75,157.75,157.75,0,6
2026-09-25 21:43:00,NIFTY,CE,23350.0,NIFTY26SEP23350CE,37.05,37.05,37.05,37.05,0,6
2026-09-25 21:43:00,NIFTY,PE,23350.0,NIFTY26SEP23350PE,194.35,194.35,194.35,194.35,0,6
2026-09-25 21:43:00,NIFTY,CE,23400.0,NIFTY26SEP23400CE,26.6,26.6,26.6,26.6,0,6
2026-09-25 21:43:00,NIFTY,PE,23400.0,NIFTY26SEP23400PE,233.0,233.0,233.0,233.0,0,6
2026-09-25 21:43:00,NIFTY,CE,23450.0,NIFTY26SEP23450CE,18.8,18.8,18.8,18.8,0,6
2026-09-25 21:43:00,NIFTY,PE,23450.0,NIFTY26SEP23450PE,274.55,274.55,274.55,274.55,0,6
2026-09-25 21:44:00,NIFTY,FUT,0.0,NIFTY26SEPFUT,23190.0,23190.0,23190.0,23190.0,0,13
2026-09-25 21:44:00,NIFTY,SPOT,0.0,Nifty 50,23140.5,23140.5,23140.5,23140.5,0,13
2026-09-25 21:44:00,NIFTY,CE,22850.0,NIFTY26SEP22850CE,358.05,358.05,358.05,358.05,0,13
2026-09-25 21:44:00,NIFTY,PE,22850.0,NIFTY26SEP22850PE,14.15,14.15,14.15,14.15,0,13
2026-09-25 21:44:00,NIFTY,CE,22900.0,NIFTY26SEP22900CE,310.8,310.8,310.8,310.8,0,13
2026-09-25 21:44:00,NIFTY,PE,22900.0,NIFTY26SEP22900PE,19.1,19.1,19.1,19.1,0,13
2026-09-25 21:44:00,NIFTY,CE,22950.0,NIFTY26SEP22950CE,265.9,265.9,265.9,265.9,0,13
2026-09-25 21:44:00,NIFTY,PE,22950.0,NIFTY26SEP22950PE,24.95,24.95,24.95,24.95,0,13
2026-09-25 21:44:00,NIFTY,CE,23000.0,NIFTY26SEP23000CE,224.35,224.35,224.35,224.35,0,13
2026-09-25 21:44:00,NIFTY,PE,23000.0,NIFTY26SEP23000PE,34.0,34.0,34.0,34.0,0,13
2026-09-25 21:44:00,NIFTY,CE,23050.0,NIFTY26SEP23050CE,184.55,184.55,184.55,184.55,0,13
2026-09-25 21:44:00,NIFTY,PE,23050.0,NIFTY26SEP23050PE,44.4,44.4,44.4,44.4,0,13
2026-09-25 21:44:00,NIFTY,CE,23100.0,NIFTY26SEP23100CE,150.15,150.15,150.15,150.15,0,13
2026-09-25 21:44:00,NIFTY,PE,23100.0,NIFTY26SEP23100PE,58.3,58.3,58.3,58.3,0,13
2026-09-25 21:44:00,NIFTY,CE,23150.0,NIFTY26SEP23150CE,119.25,119.25,119.25,119.25,0,13
2026-09-25 21:44:00,NIFTY,PE,23150.0,NIFTY26SEP23150PE,76.75,76.75,76.75,76.75,0,13
2026-09-25 21:44:00,NIFTY,CE,23200.0,NIFTY26SEP23200CE,92.0,92.0,92.0,92.0,0,13
2026-09-25 21:44:00,NIFTY,PE,23200.0,NIFTY26SEP23200PE,99.1,99.1,99.1,99.1,0,13
2026-09-25 21:44:00,NIFTY,CE,23250.0,NIFTY26SEP23250CE,68.85,68.85,68.85,68.85,0,13
2026-09-25 21:44:00,NIFTY,PE,23250.0,NIFTY26SEP23250PE,128.1,128.1,128.1,128.1,0,13
2026-09-25 21:44:00,NIFTY,CE,23300.0,NIFTY26SEP23300CE,50.9,50.9,50.9,50.9,0,13
2026-09-25 21:44:00,NIFTY,PE,23300.0,NIFTY26SEP23300PE,157.75,157.75,157.75,157.75,0,13
2026-09-25 21:44:00,NIFTY,CE,23350.0,NIFTY26SEP23350CE,37.05,37.05,37.05,37.05,0,13
2026-09-25 21:44:00,NIFTY,PE,23350.0,NIFTY26SEP23350PE,194.35,194.35,194.35,194.35,0,13
2026-09-25 21:44:00,NIFTY,CE,23400.0,NIFTY26SEP23400CE,26.6,26.6,26.6,26.6,0,13
2026-09-25 21:44:00,NIFTY,PE,23400.0,NIFTY26SEP23400PE,233.0,233.0,233.0,233.0,0,13
2026-09-25 21:44:00,NIFTY,CE,23450.0,NIFTY26SEP23450CE,18.8,18.8,18.8,18.8,0,13
2026-09-25 21:44:00,NIFTY,PE,23450.0,NIFTY26SEP23450PE,274.55,274.55,274.55,274.55,0,13
2026-09-25 21:45:00,NIFTY,FUT,0.0,NIFTY26SEPFUT,23190.0,23190.0,23190.0,23190.0,0,19
2026-09-25 21:45:00,NIFTY,SPOT,0.0,Nifty 50,23140.5,23140.5,23140.5,23140.5,0,19
2026-09-25 21:45:00,NIFTY,CE,22850.0,NIFTY26SEP22850CE,358.05,358.05,358.05,358.05,0,19
2026-09-25 21:45:00,NIFTY,PE,22850.0,NIFTY26SEP22850PE,14.15,14.15,14.15,14.15,0,19
2026-09-25 21:45:00,NIFTY,CE,22900.0,NIFTY26SEP22900CE,310.8,310.8,310.8,310.8,0,19
2026-09-25 21:45:00,NIFTY,PE,22900.0,NIFTY26SEP22900PE,19.1,19.1,19.1,19.1,0,19
2026-09-25 21:45:00,NIFTY,CE,22950.0,NIFTY26SEP22950CE,265.9,265.9,265.9,265.9,0,19
2026-09-25 21:45:00,NIFTY,PE,22950.0,NIFTY26SEP22950PE,24.95,24.95,24.95,24.95,0,19
2026-09-25 21:45:00,NIFTY,CE,23000.0,NIFTY26SEP23000CE,224.35,224.35,224.35,224.35,0,19
2026-09-25 21:45:00,NIFTY,PE,23000.0,NIFTY26SEP23000PE,34.0,34.0,34.0,34.0,0,19
2026-09-25 21:45:00,NIFTY,CE,23050.0,NIFTY26SEP23050CE,184.55,184.55,184.55,184.55,0,19
2026-09-25 21:45:00,NIFTY,PE,23050.0,NIFTY26SEP23050PE,44.4,44.4,44.4,44.4,0,19
2026-09-25 21:45:00,NIFTY,CE,23100.0,NIFTY26SEP23100CE,150.15,150.15,150.15,150.15,0,19
2026-09-25 21:45:00,NIFTY,PE,23100.0,NIFTY26SEP23100PE,58.3,58.3,58.3,58.3,0,19
2026-09-25 21:45:00,NIFTY,CE,23150.0,NIFTY26SEP23150CE,119.25,119.25,119.25,119.25,0,19
2026-09-25 21:45:00,NIFTY,PE,23150.0,NIFTY26SEP23150PE,76.75,76.75,76.75,76.75,0,19
2026-09-25 21:45:00,NIFTY,CE,23200.0,NIFTY26SEP23200CE,92.0,92.0,92.0,92.0,0,19
2026-09-25 21:45:00,NIFTY,PE,23200.0,NIFTY26SEP23200PE,99.1,99.1,99.1,99.1,0,19
2026-09-25 21:45:00,NIFTY,CE,23250.0,NIFTY26SEP23250CE,68.85,68.85,68.85,68.85,0,19
2026-09-25 21:45:00,NIFTY,PE,23250.0,NIFTY26SEP23250PE,128.1,128.1,128.1,128.1,0,19
2026-09-25 21:45:00,NIFTY,CE,23300.0,NIFTY26SEP23300CE,50.9,50.9,50.9,50.9,0,19
2026-09-25 21:45:00,NIFTY,PE,23300.0,NIFTY26SEP23300PE,157.75,157.75,157.75,157.75,0,19
2026-09-25 21:45:00,NIFTY,CE,23350.0,NIFTY26SEP23350CE,37.05,37.05,37.05,37.05,0,19
2026-09-25 21:45:00,NIFTY,PE,23350.0,NIFTY26SEP23350PE,194.35,194.35,194.35,194.35,0,19
2026-09-25 21:45:00,NIFTY,CE,23400.0,NIFTY26SEP23400CE,26.6,26.6,26.6,26.6,0,19
2026-09-25 21:45:00,NIFTY,PE,23400.0,NIFTY26SEP23400PE,233.0,233.0,233.0,233.0,0,19
2026-09-25 21:45:00,NIFTY,CE,23450.0,NIFTY26SEP23450CE,18.8,18.8,18.8,18.8,0,19
2026-09-25 21:45:00,NIFTY,PE,23450.0,NIFTY26SEP23450PE,274.55,274.55,274.55,274.55,0,19
2026-09-25 21:46:00,NIFTY,FUT,0.0,NIFTY26SEPFUT,23190.0,23190.0,23190.0,23190.0,0,19
2026-09-25 21:46:00,NIFTY,SPOT,0.0,Nifty 50,23140.5,23140.5,23140.5,23140.5,0,19
2026-09-25 21:46:00,NIFTY,CE,22850.0,NIFTY26SEP22850CE,358.05,358.05,358.05,358.05,0,19
2026-09-25 21:46:00,NIFTY,PE,22850.0,NIFTY26SEP22850PE,14.15,14.15,14.15,14.15,0,19
2026-09-25 21:46:00,NIFTY,CE,22900.0,NIFTY26SEP22900CE,310.8,310.8,310.8,310.8,0,19
2026-09-25 21:46:00,NIFTY,PE,22900.0,NIFTY26SEP22900PE,19.1,19.1,19.1,19.1,0,19
2026-09-25 21:46:00,NIFTY,CE,22950.0,NIFTY26SEP22950CE,265.9,265.9,265.9,265.9,0,19
2026-09-25 21:46:00,NIFTY,PE,22950.0,NIFTY26SEP22950PE,24.95,24.95,24.95,24.95,0,19
2026-09-25 21:46:00,NIFTY,CE,23000.0,NIFTY26SEP23000CE,224.35,224.35,224.35,224.35,0,19
2026-09-25 21:46:00,NIFTY,PE,23000.0,NIFTY26SEP23000PE,34.0,34.0,34.0,34.0,0,19
2026-09-25 21:46:00,NIFTY,CE,23050.0,NIFTY26SEP23050CE,184.55,184.55,184.55,184.55,0,19
2026-09-25 21:46:00,NIFTY,PE,23050.0,NIFTY26SEP23050PE,44.4,44.4,44.4,44.4,0,19
2026-09-25 21:46:00,NIFTY,CE,23100.0,NIFTY26SEP23100CE,150.15,150.15,150.15,150.15,0,19
2026-09-25 21:46:00,NIFTY,PE,23100.0,NIFTY26SEP23100PE,58.3,58.3,58.3,58.3,0,19
2026-09-25 21:46:00,NIFTY,CE,23150.0,NIFTY26SEP23150CE,119.25,119.25,119.25,119.25,0,19
2026-09-25 21:46:00,NIFTY,PE,23150.0,NIFTY26SEP23150PE,76.75,76.75,76.75,76.75,0,19
2026-09-25 21:46:00,NIFTY,CE,23200.0,NIFTY26SEP23200CE,92.0,92.0,92.0,92.0,0,19
2026-09-25 21:46:00,NIFTY,PE,23200.0,NIFTY26SEP23200PE,99.1,99.1,99.1,99.1,0,19
2026-09-25 21:46:00,NIFTY,CE,23250.0,NIFTY26SEP23250CE,68.85,68.85,68.85,68.85,0,19
2026-09-25 21:46:00,NIFTY,PE,23250.0,NIFTY26SEP23250PE,128.1,128.1,128.1,128.1,0,19
2026-09-25 21:46:00,NIFTY,CE,23300.0,NIFTY26SEP23300CE,50.9,50.9,50.9,50.9,0,19
2026-09-25 21:46:00,NIFTY,PE,23300.0,NIFTY26SEP23300PE,157.75,157.75,157.75,157.75,0,19
2026-09-25 21:46:00,NIFTY,CE,23350.0,NIFTY26SEP23350CE,37.05,37.05,37.05,37.05,0,19
2026-09-25 21:46:00,NIFTY,PE,23350.0,NIFTY26SEP23350PE,194.35,194.35,194.35,194.35,0,19
2026-09-25 21:46:00,NIFTY,CE,23400.0,NIFTY26SEP23400CE,26.6,26.6,26.6,26.6,0,19
2026-09-25 21:46:00,NIFTY,PE,23400.0,NIFTY26SEP23400PE,233.0,233.0,233.0,233.0,0,19
2026-09-25 21:46:00,NIFTY,CE,23450.0,NIFTY26SEP23450CE,18.8,18.8,18.8,18.8,0,19
2026-09-25 21:46:00,NIFTY,PE,23450.0,NIFTY26SEP23450PE,274.55,274.55,274.55,274.55,0,19
2026-09-25 21:47:00,NIFTY,FUT,0.0,NIFTY26SEPFUT,23190.0,23190.0,23190.0,23190.0,0,19
2026-09-25 21:47:00,NIFTY,SPOT,0.0,Nifty 50,23140.5,23140.5,23140.5,23140.5,0,19
2026-09-25 21:47:00,NIFTY,CE,22850.0,NIFTY26SEP22850CE,358.05,358.05,358.05,358.05,0,19
2026-09-25 21:47:00,NIFTY,PE,22850.0,NIFTY26SEP22850PE,14.15,14.15,14.15,14.15,0,19
2026-09-25 21:47:00,NIFTY,CE,22900.0,NIFTY26SEP22900CE,310.8,310.8,310.8,310.8,0,19
2026-09-25 21:47:00,NIFTY,PE,22900.0,NIFTY26SEP22900PE,19.1,19.1,19.1,19.1,0,19
2026-09-25 21:47:00,NIFTY,CE,22950.0,NIFTY26SEP22950CE,265.9,265.9,265.9,265.9,0,19
2026-09-25 21:47:00,NIFTY,PE,22950.0,NIFTY26SEP22950PE,24.95,24.95,24.95,24.95,0,19
2026-09-25 21:47:00,NIFTY,CE,23000.0,NIFTY26SEP23000CE,224.35,224.35,224.35,224.35,0,19
2026-09-25 21:47:00,NIFTY,PE,23000.0,NIFTY26SEP23000PE,34.0,34.0,34.0,34.0,0,19
2026-09-25 21:47:00,NIFTY,CE,23050.0,NIFTY26SEP23050CE,184.55,184.55,184.55,184.55,0,19
2026-09-25 21:47:00,NIFTY,PE,23050.0,NIFTY26SEP23050PE,44.4,44.4,44.4,44.4,0,19
2026-09-25 21:47:00,NIFTY,CE,23100.0,NIFTY26SEP23100CE,150.15,150.15,150.15,150.15,0,19
2026-09-25 21:47:00,NIFTY,PE,23100.0,NIFTY26SEP23100PE,58.3,58.3,58.3,58.3,0,19
2026-09-25 21:47:00,NIFTY,CE,23150.0,NIFTY26SEP23150CE,119.25,119.25,119.25,119.25,0,19
2026-09-25 21:47:00,NIFTY,PE,23150.0,NIFTY26SEP23150PE,76.75,76.75,76.75,76.75,0,19
2026-09-25 21:47:00,NIFTY,CE,23200.0,NIFTY26SEP23200CE,92.0,92.0,92.0,92.0,0,19
2026-09-25 21:47:00,NIFTY,PE,23200.0,NIFTY26SEP23200PE,99.1,99.1,99.1,99.1,0,19
2026-09-25 21:47:00,NIFTY,CE,23250.0,NIFTY26SEP23250CE,68.85,68.85,68.85,68.85,0,19
2026-09-25 21:47:00,NIFTY,PE,23250.0,NIFTY26SEP23250PE,128.1,128.1,128.1,128.1,0,19
2026-09-25 21:47:00,NIFTY,CE,23300.0,NIFTY26SEP23300CE,50.9,50.9,50.9,50.9,0,19
2026-09-25 21:47:00,NIFTY,PE,23300.0,NIFTY26SEP23300PE,157.75,157.75,157.75,157.75,0,19
2026-09-25 21:47:00,NIFTY,CE,23350.0,NIFTY26SEP23350CE,37.05,37.05,37.05,37.05,0,19
2026-09-25 21:47:00,NIFTY,PE,23350.0,NIFTY26SEP23350PE,194.35,194.35,194.35,194.35,0,19
2026-09-25 21:47:00,NIFTY,CE,23400.0,NIFTY26SEP23400CE,26.6,26.6,26.6,26.6,0,19
2026-09-25 21:47:00,NIFTY,PE,23400.0,NIFTY26SEP23400PE,233.0,233.0,233.0,233.0,0,19
2026-09-25 21:47:00,NIFTY,CE,23450.0,NIFTY26SEP23450CE,18.8,18.8,18.8,18.8,0,19
2026-09-25 21:47:00,NIFTY,PE,23450.0,NIFTY26SEP23450PE,274.55,274.55,274.55,274.55,0,19
2026-09-25 21:48:00,NIFTY,FUT,0.0,NIFTY26SEPFUT,23190.0,23190.0,23190.0,23190.0,0,17
2026-09-25 21:48:00,NIFTY,SPOT,0.0,Nifty 50,23140.5,23140.5,23140.5,23140.5,0,17
2026-09-25 21:48:00,NIFTY,CE,22850.0,NIFTY26SEP22850CE,358.05,358.05,358.05,358.05,0,17
2026-09-25 21:48:00,NIFTY,PE,22850.0,NIFTY26SEP22850PE,14.15,14.15,14.15,14.15,0,17
2026-09-25 21:48:00,NIFTY,CE,22900.0,NIFTY26SEP22900CE,310.8,310.8,310.8,310.8,0,17
2026-09-25 21:48:00,NIFTY,PE,22900.0,NIFTY26SEP22900PE,19.1,19.1,19.1,19.1,0,17
2026-09-25 21:48:00,NIFTY,CE,22950.0,NIFTY26SEP22950CE,265.9,265.9,265.9,265.9,0,17
2026-09-25 21:48:00,NIFTY,PE,22950.0,NIFTY26SEP22950PE,24.95,24.95,24.95,24.95,0,17
2026-09-25 21:48:00,NIFTY,CE,23000.0,NIFTY26SEP23000CE,224.35,224.35,224.35,224.35,0,17
2026-09-25 21:48:00,NIFTY,PE,23000.0,NIFTY26SEP23000PE,34.0,34.0,34.0,34.0,0,17
2026-09-25 21:48:00,NIFTY,CE,23050.0,NIFTY26SEP23050CE,184.55,184.55,184.55,184.55,0,17
2026-09-25 21:48:00,NIFTY,PE,23050.0,NIFTY26SEP23050PE,44.4,44.4,44.4,44.4,0,17
2026-09-25 21:48:00,NIFTY,CE,23100.0,NIFTY26SEP23100CE,150.15,150.15,150.15,150.15,0,17
2026-09-25 21:48:00,NIFTY,PE,23100.0,NIFTY26SEP23100PE,58.3,58.3,58.3,58.3,0,17
2026-09-25 21:48:00,NIFTY,CE,23150.0,NIFTY26SEP23150CE,119.25,119.25,119.25,119.25,0,17
2026-09-25 21:48:00,NIFTY,PE,23150.0,NIFTY26SEP23150PE,76.75,76.75,76.75,76.75,0,17
2026-09-25 21:48:00,NIFTY,CE,23200.0,NIFTY26SEP23200CE,92.0,92.0,92.0,92.0,0,17
2026-09-25 21:48:00,NIFTY,PE,23200.0,NIFTY26SEP23200PE,99.1,99.1,99.1,99.1,0,17
2026-09-25 21:48:00,NIFTY,CE,23250.0,NIFTY26SEP23250CE,68.85,68.85,68.85,68.85,0,17
2026-09-25 21:48:00,NIFTY,PE,23250.0,NIFTY26SEP23250PE,128.1,128.1,128.1,128.1,0,17
2026-09-25 21:48:00,NIFTY,CE,23300.0,NIFTY26SEP23300CE,50.9,50.9,50.9,50.9,0,17
2026-09-25 21:48:00,NIFTY,PE,23300.0,NIFTY26SEP23300PE,157.75,157.75,157.75,157.75,0,17
2026-09-25 21:48:00,NIFTY,CE,23350.0,NIFTY26SEP23350CE,37.05,37.05,37.05,37.05,0,17
2026-09-25 21:48:00,NIFTY,PE,23350.0,NIFTY26SEP23350PE,194.35,194.35,194.35,194.35,0,17
2026-09-25 21:48:00,NIFTY,CE,23400.0,NIFTY26SEP23400CE,26.6,26.6,26.6,26.6,0,17
2026-09-25 21:48:00,NIFTY,PE,23400.0,NIFTY26SEP23400PE,233.0,233.0,233.0,233.0,0,17
2026-09-25 21:48:00,NIFTY,CE,23450.0,NIFTY26SEP23450CE,18.8,18.8,18.8,18.8,0,17
2026-09-25 21:48:00,NIFTY,PE,23450.0,NIFTY26SEP23450PE,274.55,274.55,274.55,274.55,0,17
2026-09-25 21:49:00,NIFTY,FUT,0.0,NIFTY26SEPFUT,23190.0,23190.0,23190.0,23190.0,0,1
2026-09-25 21:49:00,NIFTY,SPOT,0.0,Nifty 50,23140.5,23140.5,23140.5,23140.5,0,1
2026-09-25 21:49:00,NIFTY,CE,22850.0,NIFTY26SEP22850CE,358.05,358.05,358.05,358.05,0,1
2026-09-25 21:49:00,NIFTY,PE,22850.0,NIFTY26SEP22850PE,14.15,14.15,14.15,14.15,0,1
2026-09-25 21:49:00,NIFTY,CE,22900.0,NIFTY26SEP22900CE,310.8,310.8,310.8,310.8,0,1
2026-09-25 21:49:00,NIFTY,PE,22900.0,NIFTY26SEP22900PE,19.1,19.1,19.1,19.1,0,1
2026-09-25 21:49:00,NIFTY,CE,22950.0,NIFTY26SEP22950CE,265.9,265.9,265.9,265.9,0,1
2026-09-25 21:49:00,NIFTY,PE,22950.0,NIFTY26SEP22950PE,24.95,24.95,24.95,24.95,0,1
2026-09-25 21:49:00,NIFTY,CE,23000.0,NIFTY26SEP23000CE,224.35,224.35,224.35,224.35,0,1
2026-09-25 21:49:00,NIFTY,PE,23000.0,NIFTY26SEP23000PE,34.0,34.0,34.0,34.0,0,1
2026-09-25 21:49:00,NIFTY,CE,23050.0,NIFTY26SEP23050CE,184.55,184.55,184.55,184.55,0,1
2026-09-25 21:49:00,NIFTY,PE,23050.0,NIFTY26SEP23050PE,44.4,44.4,44.4,44.4,0,1
2026-09-25 21:49:00,NIFTY,CE,23100.0,NIFTY26SEP23100CE,150.15,150.15,150.15,150.15,0,1
2026-09-25 21:49:00,NIFTY,PE,23100.0,NIFTY26SEP23100PE,58.3,58.3,58.3,58.3,0,1
2026-09-25 21:49:00,NIFTY,CE,23150.0,NIFTY26SEP23150CE,119.25,119.25,119.25,119.25,0,1
2026-09-25 21:49:00,NIFTY,PE,23150.0,NIFTY26SEP23150PE,76.75,76.75,76.75,76.75,0,1
2026-09-25 21:49:00,NIFTY,CE,23200.0,NIFTY26SEP23200CE,92.0,92.0,92.0,92.0,0,1
2026-09-25 21:49:00,NIFTY,PE,23200.0,NIFTY26SEP23200PE,99.1,99.1,99.1,99.1,0,1
2026-09-25 21:49:00,NIFTY,CE,23250.0,NIFTY26SEP23250CE,68.85,68.85,68.85,68.85,0,1
2026-09-25 21:49:00,NIFTY,PE,23250.0,NIFTY26SEP23250PE,128.1,128.1,128.1,128.1,0,1
2026-09-25 21:49:00,NIFTY,CE,23300.0,NIFTY26SEP23300CE,50.9,50.9,50.9,50.9,0,1
2026-09-25 21:49:00,NIFTY,PE,23300.0,NIFTY26SEP23300PE,157.75,157.75,157.75,157.75,0,1
2026-09-25 21:49:00,NIFTY,CE,23350.0,NIFTY26SEP23350CE,37.05,37.05,37.05,37.05,0,1
2026-09-25 21:49:00,NIFTY,PE,23350.0,NIFTY26SEP23350PE,194.35,194.35,194.35,194.35,0,1
2026-09-25 21:49:00,NIFTY,CE,23400.0,NIFTY26SEP23400CE,26.6,26.6,26.6,26.6,0,1
2026-09-25 21:49:00,NIFTY,PE,23400.0,NIFTY26SEP23400PE,233.0,233.0,233.0,233.0,0,1
2026-09-25 21:49:00,NIFTY,CE,23450.0,NIFTY26SEP23450CE,18.8,18.8,18.8,18.8,0,1
2026-09-25 21:49:00,NIFTY,PE,23450.0,NIFTY26SEP23450PE,274.55,274.55,274.55,274.55,0,1
2026-09-25 21:50:00,NIFTY,FUT,0.0,NIFTY26SEPFUT,23190.0,23190.0,23190.0,23190.0,0,19
2026-09-25 21:50:00,NIFTY,SPOT,0.0,Nifty 50,23140.5,23140.5,23140.5,23140.5,0,19
2026-09-25 21:50:00,NIFTY,CE,22850.0,NIFTY26SEP22850CE,358.05,358.05,358.05,358.05,0,19
2026-09-25 21:50:00,NIFTY,PE,22850.0,NIFTY26SEP22850PE,14.15,14.15,14.15,14.15,0,19
2026-09-25 21:50:00,NIFTY,CE,22900.0,NIFTY26SEP22900CE,310.8,310.8,310.8,310.8,0,19
2026-09-25 21:50:00,NIFTY,PE,22900.0,NIFTY26SEP22900PE,19.1,19.1,19.1,19.1,0,19
2026-09-25 21:50:00,NIFTY,CE,22950.0,NIFTY26SEP22950CE,265.9,265.9,265.9,265.9,0,19
2026-09-25 21:50:00,NIFTY,PE,22950.0,NIFTY26SEP22950PE,24.95,24.95,24.95,24.95,0,19
2026-09-25 21:50:00,NIFTY,CE,23000.0,NIFTY26SEP23000CE,224.35,224.35,224.35,224.35,0,19
2026-09-25 21:50:00,NIFTY,PE,23000.0,NIFTY26SEP23000PE,34.0,34.0,34.0,34.0,0,19
2026-09-25 21:50:00,NIFTY,CE,23050.0,NIFTY26SEP23050CE,184.55,184.55,184.55,184.55,0,19
2026-09-25 21:50:00,NIFTY,PE,23050.0,NIFTY26SEP23050PE,44.4,44.4,44.4,44.4,0,19
2026-09-25 21:50:00,NIFTY,CE,23100.0,NIFTY26SEP23100CE,150.15,150.15,150.15,150.15,0,19
2026-09-25 21:50:00,NIFTY,PE,23100.0,NIFTY26SEP23100PE,58.3,58.3,58.3,58.3,0,19
2026-09-25 21:50:00,NIFTY,CE,23150.0,NIFTY26SEP23150CE,119.25,119.25,119.25,119.25,0,19
2026-09-25 21:50:00,NIFTY,PE,23150.0,NIFTY26SEP23150PE,76.75,76.75,76.75,76.75,0,19
2026-09-25 21:50:00,NIFTY,CE,23200.0,NIFTY26SEP23200CE,92.0,92.0,92.0,92.0,0,19
2026-09-25 21:50:00,NIFTY,PE,23200.0,NIFTY26SEP23200PE,99.1,99.1,99.1,99.1,0,19
2026-09-25 21:50:00,NIFTY,CE,23250.0,NIFTY26SEP23250CE,68.85,68.85,68.85,68.85,0,19
2026-09-25 21:50:00,NIFTY,PE,23250.0,NIFTY26SEP23250PE,128.1,128.1,128.1,128.1,0,19
2026-09-25 21:50:00,NIFTY,CE,23300.0,NIFTY26SEP23300CE,50.9,50.9,50.9,50.9,0,19
2026-09-25 21:50:00,NIFTY,PE,23300.0,NIFTY26SEP23300PE,157.75,157.75,157.75,157.75,0,19
2026-09-25 21:50:00,NIFTY,CE,23350.0,NIFTY26SEP23350CE,37.05,37.05,37.05,37.05,0,19
2026-09-25 21:50:00,NIFTY,PE,23350.0,NIFTY26SEP23350PE,194.35,194.35,194.35,194.35,0,19
2026-09-25 21:50:00,NIFTY,CE,23400.0,NIFTY26SEP23400CE,26.6,26.6,26.6,26.6,0,19
2026-09-25 21:50:00,NIFTY,PE,23400.0,NIFTY26SEP23400PE,233.0,233.0,233.0,233.0,0,19
2026-09-25 21:50:00,NIFTY,CE,23450.0,NIFTY26SEP23450CE,18.8,18.8,18.8,18.8,0,19
2026-09-25 21:50:00,NIFTY,PE,23450.0,NIFTY26SEP23450PE,274.55,274.55,274.55,274.55,0,19
2026-09-25 21:51:00,NIFTY,FUT,0.0,NIFTY26SEPFUT,23190.0,23190.0,23190.0,23190.0,0,19
2026-09-25 21:51:00,NIFTY,SPOT,0.0,Nifty 50,23140.5,23140.5,23140.5,23140.5,0,19
2026-09-25 21:51:00,NIFTY,CE,22850.0,NIFTY26SEP22850CE,358.05,358.05,358.05,358.05,0,19
2026-09-25 21:51:00,NIFTY,PE,22850.0,NIFTY26SEP22850PE,14.15,14.15,14.15,14.15,0,19
2026-09-25 21:51:00,NIFTY,CE,22900.0,NIFTY26SEP22900CE,310.8,310.8,310.8,310.8,0,19
2026-09-25 21:51:00,NIFTY,PE,22900.0,NIFTY26SEP22900PE,19.1,19.1,19.1,19.1,0,19
2026-09-25 21:51:00,NIFTY,CE,22950.0,NIFTY26SEP22950CE,265.9,265.9,265.9,265.9,0,19
2026-09-25 21:51:00,NIFTY,PE,22950.0,NIFTY26SEP22950PE,24.95,24.95,24.95,24.95,0,19
2026-09-25 21:51:00,NIFTY,CE,23000.0,NIFTY26SEP23000CE,224.35,224.35,224.35,224.35,0,19
2026-09-25 21:51:00,NIFTY,PE,23000.0,NIFTY26SEP23000PE,34.0,34.0,34.0,34.0,0,19
2026-09-25 21:51:00,NIFTY,CE,23050.0,NIFTY26SEP23050CE,184.55,184.55,184.55,184.55,0,19
2026-09-25 21:51:00,NIFTY,PE,23050.0,NIFTY26SEP23050PE,44.4,44.4,44.4,44.4,0,19
2026-09-25 21:51:00,NIFTY,CE,23100.0,NIFTY26SEP23100CE,150.15,150.15,150.15,150.15,0,19
2026-09-25 21:51:00,NIFTY,PE,23100.0,NIFTY26SEP23100PE,58.3,58.3,58.3,58.3,0,19
2026-09-25 21:51:00,NIFTY,CE,23150.0,NIFTY26SEP23150CE,119.25,119.25,119.25,119.25,0,19
2026-09-25 21:51:00,NIFTY,PE,23150.0,NIFTY26SEP23150PE,76.75,76.75,76.75,76.75,0,19
2026-09-25 21:51:00,NIFTY,CE,23200.0,NIFTY26SEP23200CE,92.0,92.0,92.0,92.0,0,19
2026-09-25 21:51:00,NIFTY,PE,23200.0,NIFTY26SEP23200PE,99.1,99.1,99.1,99.1,0,19
2026-09-25 21:51:00,NIFTY,CE,23250.0,NIFTY26SEP23250CE,68.85,68.85,68.85,68.85,0,19
2026-09-25 21:51:00,NIFTY,PE,23250.0,NIFTY26SEP23250PE,128.1,128.1,128.1,128.1,0,19
2026-09-25 21:51:00,NIFTY,CE,23300.0,NIFTY26SEP23300CE,50.9,50.9,50.9,50.9,0,19
2026-09-25 21:51:00,NIFTY,PE,23300.0,NIFTY26SEP23300PE,157.75,157.75,157.75,157.75,0,19
2026-09-25 21:51:00,NIFTY,CE,23350.0,NIFTY26SEP23350CE,37.05,37.05,37.05,37.05,0,19
2026-09-25 21:51:00,NIFTY,PE,23350.0,NIFTY26SEP23350PE,194.35,194.35,194.35,194.35,0,19
2026-09-25 21:51:00,NIFTY,CE,23400.0,NIFTY26SEP23400CE,26.6,26.6,26.6,26.6,0,19
2026-09-25 21:51:00,NIFTY,PE,23400.0,NIFTY26SEP23400PE,233.0,233.0,233.0,233.0,0,19
2026-09-25 21:51:00,NIFTY,CE,23450.0,NIFTY26SEP23450CE,18.8,18.8,18.8,18.8,0,19
2026-09-25 21:51:00,NIFTY,PE,23450.0,NIFTY26SEP23450PE,274.55,274.55,274.55,274.55,0,19
2026-09-25 21:52:00,NIFTY,FUT,0.0,NIFTY26SEPFUT,23190.0,23190.0,23190.0,23190.0,0,19
2026-09-25 21:52:00,NIFTY,SPOT,0.0,Nifty 50,23140.5,23140.5,23140.5,23140.5,0,19
2026-09-25 21:52:00,NIFTY,CE,22850.0,NIFTY26SEP22850CE,358.05,358.05,358.05,358.05,0,19
2026-09-25 21:52:00,NIFTY,PE,22850.0,NIFTY26SEP22850PE,14.15,14.15,14.15,14.15,0,19
2026-09-25 21:52:00,NIFTY,CE,22900.0,NIFTY26SEP22900CE,310.8,310.8,310.8,310.8,0,19
2026-09-25 21:52:00,NIFTY,PE,22900.0,NIFTY26SEP22900PE,19.1,19.1,19.1,19.1,0,19
2026-09-25 21:52:00,NIFTY,CE,22950.0,NIFTY26SEP22950CE,265.9,265.9,265.9,265.9,0,19
2026-09-25 21:52:00,NIFTY,PE,22950.0,NIFTY26SEP22950PE,24.95,24.95,24.95,24.95,0,19
2026-09-25 21:52:00,NIFTY,CE,23000.0,NIFTY26SEP23000CE,224.35,224.35,224.35,224.35,0,19
2026-09-25 21:52:00,NIFTY,PE,23000.0,NIFTY26SEP23000PE,34.0,34.0,34.0,34.0,0,19
2026-09-25 21:52:00,NIFTY,CE,23050.0,NIFTY26SEP23050CE,184.55,184.55,184.55,184.55,0,19
2026-09-25 21:52:00,NIFTY,PE,23050.0,NIFTY26SEP23050PE,44.4,44.4,44.4,44.4,0,19
2026-09-25 21:52:00,NIFTY,CE,23100.0,NIFTY26SEP23100CE,150.15,150.15,150.15,150.15,0,19
2026-09-25 21:52:00,NIFTY,PE,23100.0,NIFTY26SEP23100PE,58.3,58.3,58.3,58.3,0,19
2026-09-25 21:52:00,NIFTY,CE,23150.0,NIFTY26SEP23150CE,119.25,119.25,119.25,119.25,0,19
2026-09-25 21:52:00,NIFTY,PE,23150.0,NIFTY26SEP23150PE,76.75,76.75,76.75,76.75,0,19
2026-09-25 21:52:00,NIFTY,CE,23200.0,NIFTY26SEP23200CE,92.0,92.0,92.0,92.0,0,19
2026-09-25 21:52:00,NIFTY,PE,23200.0,NIFTY26SEP23200PE,99.1,99.1,99.1,99.1,0,19
2026-09-25 21:52:00,NIFTY,CE,23250.0,NIFTY26SEP23250CE,68.85,68.85,68.85,68.85,0,19
2026-09-25 21:52:00,NIFTY,PE,23250.0,NIFTY26SEP23250PE,128.1,128.1,128.1,128.1,0,19
2026-09-25 21:52:00,NIFTY,CE,23300.0,NIFTY26SEP23300CE,50.9,50.9,50.9,50.9,0,19
2026-09-25 21:52:00,NIFTY,PE,23300.0,NIFTY26SEP23300PE,157.75,157.75,157.75,157.75,0,19
2026-09-25 21:52:00,NIFTY,CE,23350.0,NIFTY26SEP23350CE,37.05,37.05,37.05,37.05,0,19
2026-09-25 21:52:00,NIFTY,PE,23350.0,NIFTY26SEP23350PE,194.35,194.35,194.35,194.35,0,19
2026-09-25 21:52:00,NIFTY,CE,23400.0,NIFTY26SEP23400CE,26.6,26.6,26.6,26.6,0,19
2026-09-25 21:52:00,NIFTY,PE,23400.0,NIFTY26SEP23400PE,233.0,233.0,233.0,233.0,0,19
2026-09-25 21:52:00,NIFTY,CE,23450.0,NIFTY26SEP23450CE,18.8,18.8,18.8,18.8,0,19
2026-09-25 21:52:00,NIFTY,PE,23450.0,NIFTY26SEP23450PE,274.55,274.55,274.55,274.55,0,19
2026-09-25 21:53:00,NIFTY,FUT,0.0,NIFTY26SEPFUT,23190.0,23190.0,23190.0,23190.0,0,19
2026-09-25 21:53:00,NIFTY,SPOT,0.0,Nifty 50,23140.5,23140.5,23140.5,23140.5,0,19
2026-09-25 21:53:00,NIFTY,CE,22850.0,NIFTY26SEP22850CE,358.05,358.05,358.05,358.05,0,19
2026-09-25 21:53:00,NIFTY,PE,22850.0,NIFTY26SEP22850PE,14.15,14.15,14.15,14.15,0,19
2026-09-25 21:53:00,NIFTY,CE,22900.0,NIFTY26SEP22900CE,310.8,310.8,310.8,310.8,0,19
2026-09-25 21:53:00,NIFTY,PE,22900.0,NIFTY26SEP22900PE,19.1,19.1,19.1,19.1,0,19
2026-09-25 21:53:00,NIFTY,CE,22950.0,NIFTY26SEP22950CE,265.9,265.9,265.9,265.9,0,19
2026-09-25 21:53:00,NIFTY,PE,22950.0,NIFTY26SEP22950PE,24.95,24.95,24.95,24.95,0,19
2026-09-25 21:53:00,NIFTY,CE,23000.0,NIFTY26SEP23000CE,224.35,224.35,224.35,224.35,0,19
2026-09-25 21:53:00,NIFTY,PE,23000.0,NIFTY26SEP23000PE,34.0,34.0,34.0,34.0,0,19
2026-09-25 21:53:00,NIFTY,CE,23050.0,NIFTY26SEP23050CE,184.55,184.55,184.55,184.55,0,19
2026-09-25 21:53:00,NIFTY,PE,23050.0,NIFTY26SEP23050PE,44.4,44.4,44.4,44.4,0,19
2026-09-25 21:53:00,NIFTY,CE,23100.0,NIFTY26SEP23100CE,150.15,150.15,150.15,150.15,0,19
2026-09-25 21:53:00,NIFTY,PE,23100.0,NIFTY26SEP23100PE,58.3,58.3,58.3,58.3,0,19
2026-09-25 21:53:00,NIFTY,CE,23150.0,NIFTY26SEP23150CE,119.25,119.25,119.25,119.25,0,19
2026-09-25 21:53:00,NIFTY,PE,23150.0,NIFTY26SEP23150PE,76.75,76.75,76.75,76.75,0,19
2026-09-25 21:53:00,NIFTY,CE,23200.0,NIFTY26SEP23200CE,92.0,92.0,92.0,92.0,0,19
2026-09-25 21:53:00,NIFTY,PE,23200.0,NIFTY26SEP23200PE,99.1,99.1,99.1,99.1,0,19
2026-09-25 21:53:00,NIFTY,CE,23250.0,NIFTY26SEP23250CE,68.85,68.85,68.85,68.85,0,19
2026-09-25 21:53:00,NIFTY,PE,23250.0,NIFTY26SEP23250PE,128.1,128.1,128.1,128.1,0,19
2026-09-25 21:53:00,NIFTY,CE,23300.0,NIFTY26SEP23300CE,50.9,50.9,50.9,50.9,0,19
2026-09-25 21:53:00,NIFTY,PE,23300.0,NIFTY26SEP23300PE,157.75,157.75,157.75,157.75,0,19
2026-09-25 21:53:00,NIFTY,CE,23350.0,NIFTY26SEP23350CE,37.05,37.05,37.05,37.05,0,19
2026-09-25 21:53:00,NIFTY,PE,23350.0,NIFTY26SEP23350PE,194.35,194.35,194.35,194.35,0,19
2026-09-25 21:53:00,NIFTY,CE,23400.0,NIFTY26SEP23400CE,26.6,26.6,26.6,26.6,0,19
2026-09-25 21:53:00,NIFTY,PE,23400.0,NIFTY26SEP23400PE,233.0,233.0,233.0,233.0,0,19
2026-09-25 21:53:00,NIFTY,CE,23450.0,NIFTY26SEP23450CE,18.8,18.8,18.8,18.8,0,19
2026-09-25 21:53:00,NIFTY,PE,23450.0,NIFTY26SEP23450PE,274.55,274.55,274.55,274.55,0,19
2026-09-25 21:54:00,NIFTY,FUT,0.0,NIFTY26SEPFUT,23190.0,23190.0,23190.0,23190.0,0,18
2026-09-25 21:54:00,NIFTY,SPOT,0.0,Nifty 50,23140.5,23140.5,23140.5,23140.5,0,18
2026-09-25 21:54:00,NIFTY,CE,22850.0,NIFTY26SEP22850CE,358.05,358.05,358.05,358.05,0,18
2026-09-25 21:54:00,NIFTY,PE,22850.0,NIFTY26SEP22850PE,14.15,14.15,14.15,14.15,0,18
2026-09-25 21:54:00,NIFTY,CE,22900.0,NIFTY26SEP22900CE,310.8,310.8,310.8,310.8,0,18
2026-09-25 21:54:00,NIFTY,PE,22900.0,NIFTY26SEP22900PE,19.1,19.1,19.1,19.1,0,18
2026-09-25 21:54:00,NIFTY,CE,22950.0,NIFTY26SEP22950CE,265.9,265.9,265.9,265.9,0,18
2026-09-25 21:54:00,NIFTY,PE,22950.0,NIFTY26SEP22950PE,24.95,24.95,24.95,24.95,0,18
2026-09-25 21:54:00,NIFTY,CE,23000.0,NIFTY26SEP23000CE,224.35,224.35,224.35,224.35,0,18
2026-09-25 21:54:00,NIFTY,PE,23000.0,NIFTY26SEP23000PE,34.0,34.0,34.0,34.0,0,18
2026-09-25 21:54:00,NIFTY,CE,23050.0,NIFTY26SEP23050CE,184.55,184.55,184.55,184.55,0,18
2026-09-25 21:54:00,NIFTY,PE,23050.0,NIFTY26SEP23050PE,44.4,44.4,44.4,44.4,0,18
2026-09-25 21:54:00,NIFTY,CE,23100.0,NIFTY26SEP23100CE,150.15,150.15,150.15,150.15,0,18
2026-09-25 21:54:00,NIFTY,PE,23100.0,NIFTY26SEP23100PE,58.3,58.3,58.3,58.3,0,18
2026-09-25 21:54:00,NIFTY,CE,23150.0,NIFTY26SEP23150CE,119.25,119.25,119.25,119.25,0,18
2026-09-25 21:54:00,NIFTY,PE,23150.0,NIFTY26SEP23150PE,76.75,76.75,76.75,76.75,0,18
2026-09-25 21:54:00,NIFTY,CE,23200.0,NIFTY26SEP23200CE,92.0,92.0,92.0,92.0,0,18
2026-09-25 21:54:00,NIFTY,PE,23200.0,NIFTY26SEP23200PE,99.1,99.1,99.1,99.1,0,18
2026-09-25 21:54:00,NIFTY,CE,23250.0,NIFTY26SEP23250CE,68.85,68.85,68.85,68.85,0,18
2026-09-25 21:54:00,NIFTY,PE,23250.0,NIFTY26SEP23250PE,128.1,128.1,128.1,128.1,0,18
2026-09-25 21:54:00,NIFTY,CE,23300.0,NIFTY26SEP23300CE,50.9,50.9,50.9,50.9,0,18
2026-09-25 21:54:00,NIFTY,PE,23300.0,NIFTY26SEP23300PE,157.75,157.75,157.75,157.75,0,18
2026-09-25 21:54:00,NIFTY,CE,23350.0,NIFTY26SEP23350CE,37.05,37.05,37.05,37.05,0,18
2026-09-25 21:54:00,NIFTY,PE,23350.0,NIFTY26SEP23350PE,194.35,194.35,194.35,194.35,0,18
2026-09-25 21:54:00,NIFTY,CE,23400.0,NIFTY26SEP23400CE,26.6,26.6,26.6,26.6,0,18
2026-09-25 21:54:00,NIFTY,PE,23400.0,NIFTY26SEP23400PE,233.0,233.0,233.0,233.0,0,18
2026-09-25 21:54:00,NIFTY,CE,23450.0,NIFTY26SEP23450CE,18.8,18.8,18.8,18.8,0,18
2026-09-25 21:54:00,NIFTY,PE,23450.0,NIFTY26SEP23450PE,274.55,274.55,274.55,274.55,0,18
2026-09-25 21:55:00,NIFTY,FUT,0.0,NIFTY26SEPFUT,23190.0,23190.0,23190.0,23190.0,0,19
2026-09-25 21:55:00,NIFTY,SPOT,0.0,Nifty 50,23140.5,23140.5,23140.5,23140.5,0,19
2026-09-25 21:55:00,NIFTY,CE,22850.0,NIFTY26SEP22850CE,358.05,358.05,358.05,358.05,0,19
2026-09-25 21:55:00,NIFTY,PE,22850.0,NIFTY26SEP22850PE,14.15,14.15,14.15,14.15,0,19
2026-09-25 21:55:00,NIFTY,CE,22900.0,NIFTY26SEP22900CE,310.8,310.8,310.8,310.8,0,19
2026-09-25 21:55:00,NIFTY,PE,22900.0,NIFTY26SEP22900PE,19.1,19.1,19.1,19.1,0,19
2026-09-25 21:55:00,NIFTY,CE,22950.0,NIFTY26SEP22950CE,265.9,265.9,265.9,265.9,0,19
2026-09-25 21:55:00,NIFTY,PE,22950.0,NIFTY26SEP22950PE,24.95,24.95,24.95,24.95,0,19
2026-09-25 21:55:00,NIFTY,CE,23000.0,NIFTY26SEP23000CE,224.35,224.35,224.35,224.35,0,19
2026-09-25 21:55:00,NIFTY,PE,23000.0,NIFTY26SEP23000PE,34.0,34.0,34.0,34.0,0,19
2026-09-25 21:55:00,NIFTY,CE,23050.0,NIFTY26SEP23050CE,184.55,184.55,184.55,184.55,0,19
2026-09-25 21:55:00,NIFTY,PE,23050.0,NIFTY26SEP23050PE,44.4,44.4,44.4,44.4,0,19
2026-09-25 21:55:00,NIFTY,CE,23100.0,NIFTY26SEP23100CE,150.15,150.15,150.15,150.15,0,19
2026-09-25 21:55:00,NIFTY,PE,23100.0,NIFTY26SEP23100PE,58.3,58.3,58.3,58.3,0,19
2026-09-25 21:55:00,NIFTY,CE,23150.0,NIFTY26SEP23150CE,119.25,119.25,119.25,119.25,0,19
2026-09-25 21:55:00,NIFTY,PE,23150.0,NIFTY26SEP23150PE,76.75,76.75,76.75,76.75,0,19
2026-09-25 21:55:00,NIFTY,CE,23200.0,NIFTY26SEP23200CE,92.0,92.0,92.0,92.0,0,19
2026-09-25 21:55:00,NIFTY,PE,23200.0,NIFTY26SEP23200PE,99.1,99.1,99.1,99.1,0,19
2026-09-25 21:55:00,NIFTY,CE,23250.0,NIFTY26SEP23250CE,68.85,68.85,68.85,68.85,0,19
2026-09-25 21:55:00,NIFTY,PE,23250.0,NIFTY26SEP23250PE,128.1,128.1,128.1,128.1,0,19
2026-09-25 21:55:00,NIFTY,CE,23300.0,NIFTY26SEP23300CE,50.9,50.9,50.9,50.9,0,19
2026-09-25 21:55:00,NIFTY,PE,23300.0,NIFTY26SEP23300PE,157.75,157.75,157.75,157.75,0,19
2026-09-25 21:55:00,NIFTY,CE,23350.0,NIFTY26SEP23350CE,37.05,37.05,37.05,37.05,0,19
2026-09-25 21:55:00,NIFTY,PE,23350.0,NIFTY26SEP23350PE,194.35,194.35,194.35,194.35,0,19
2026-09-25 21:55:00,NIFTY,CE,23400.0,NIFTY26SEP23400CE,26.6,26.6,26.6,26.6,0,19
2026-09-25 21:55:00,NIFTY,PE,23400.0,NIFTY26SEP23400PE,233.0,233.0,233.0,233.0,0,19
2026-09-25 21:55:00,NIFTY,CE,23450.0,NIFTY26SEP23450CE,18.8,18.8,18.8,18.8,0,19
2026-09-25 21:55:00,NIFTY,PE,23450.0,NIFTY26SEP23450PE,274.55,274.55,274.55,274.55,0,19
2026-09-25 21:56:00,NIFTY,FUT,0.0,NIFTY26SEPFUT,23190.0,23190.0,23190.0,23190.0,0,19
2026-09-25 21:56:00,NIFTY,SPOT,0.0,Nifty 50,23140.5,23140.5,23140.5,23140.5,0,19
2026-09-25 21:56:00,NIFTY,CE,22850.0,NIFTY26SEP22850CE,358.05,358.05,358.05,358.05,0,19
2026-09-25 21:56:00,NIFTY,PE,22850.0,NIFTY26SEP22850PE,14.15,14.15,14.15,14.15,0,19
2026-09-25 21:56:00,NIFTY,CE,22900.0,NIFTY26SEP22900CE,310.8,310.8,310.8,310.8,0,19
2026-09-25 21:56:00,NIFTY,PE,22900.0,NIFTY26SEP22900PE,19.1,19.1,19.1,19.1,0,19
2026-09-25 21:56:00,NIFTY,CE,22950.0,NIFTY26SEP22950CE,265.9,265.9,265.9,265.9,0,19
2026-09-25 21:56:00,NIFTY,PE,22950.0,NIFTY26SEP22950PE,24.95,24.95,24.95,24.95,0,19
2026-09-25 21:56:00,NIFTY,CE,23000.0,NIFTY26SEP23000CE,224.35,224.35,224.35,224.35,0,19
2026-09-25 21:56:00,NIFTY,PE,23000.0,NIFTY26SEP23000PE,34.0,34.0,34.0,34.0,0,19
2026-09-25 21:56:00,NIFTY,CE,23050.0,NIFTY26SEP23050CE,184.55,184.55,184.55,184.55,0,19
2026-09-25 21:56:00,NIFTY,PE,23050.0,NIFTY26SEP23050PE,44.4,44.4,44.4,44.4,0,19
2026-09-25 21:56:00,NIFTY,CE,23100.0,NIFTY26SEP23100CE,150.15,150.15,150.15,150.15,0,19
2026-09-25 21:56:00,NIFTY,PE,23100.0,NIFTY26SEP23100PE,58.3,58.3,58.3,58.3,0,19
2026-09-25 21:56:00,NIFTY,CE,23150.0,NIFTY26SEP23150CE,119.25,119.25,119.25,119.25,0,19
2026-09-25 21:56:00,NIFTY,PE,23150.0,NIFTY26SEP23150PE,76.75,76.75,76.75,76.75,0,19
2026-09-25 21:56:00,NIFTY,CE,23200.0,NIFTY26SEP23200CE,92.0,92.0,92.0,92.0,0,19
2026-09-25 21:56:00,NIFTY,PE,23200.0,NIFTY26SEP23200PE,99.1,99.1,99.1,99.1,0,19
2026-09-25 21:56:00,NIFTY,CE,23250.0,NIFTY26SEP23250CE,68.85,68.85,68.85,68.85,0,19
2026-09-25 21:56:00,NIFTY,PE,23250.0,NIFTY26SEP23250PE,128.1,128.1,128.1,128.1,0,19
2026-09-25 21:56:00,NIFTY,CE,23300.0,NIFTY26SEP23300CE,50.9,50.9,50.9,50.9,0,19
2026-09-25 21:56:00,NIFTY,PE,23300.0,NIFTY26SEP23300PE,157.75,157.75,157.75,157.75,0,19
2026-09-25 21:56:00,NIFTY,CE,23350.0,NIFTY26SEP23350CE,37.05,37.05,37.05,37.05,0,19
2026-09-25 21:56:00,NIFTY,PE,23350.0,NIFTY26SEP23350PE,194.35,194.35,194.35,194.35,0,19
2026-09-25 21:56:00,NIFTY,CE,23400.0,NIFTY26SEP23400CE,26.6,26.6,26.6,26.6,0,19
2026-09-25 21:56:00,NIFTY,PE,23400.0,NIFTY26SEP23400PE,233.0,233.0,233.0,233.0,0,19
2026-09-25 21:56:00,NIFTY,CE,23450.0,NIFTY26SEP23450CE,18.8,18.8,18.8,18.8,0,19
2026-09-25 21:56:00,NIFTY,PE,23450.0,NIFTY26SEP23450PE,274.55,274.55,274.55,274.55,0,19
2026-09-25 21:57:00,NIFTY,FUT,0.0,NIFTY26SEPFUT,23190.0,23190.0,23190.0,23190.0,0,19
2026-09-25 21:57:00,NIFTY,SPOT,0.0,Nifty 50,23140.5,23140.5,23140.5,23140.5,0,19
2026-09-25 21:57:00,NIFTY,CE,22850.0,NIFTY26SEP22850CE,358.05,358.05,358.05,358.05,0,19
2026-09-25 21:57:00,NIFTY,PE,22850.0,NIFTY26SEP22850PE,14.15,14.15,14.15,14.15,0,19
2026-09-25 21:57:00,NIFTY,CE,22900.0,NIFTY26SEP22900CE,310.8,310.8,310.8,310.8,0,19
2026-09-25 21:57:00,NIFTY,PE,22900.0,NIFTY26SEP22900PE,19.1,19.1,19.1,19.1,0,19
2026-09-25 21:57:00,NIFTY,CE,22950.0,NIFTY26SEP22950CE,265.9,265.9,265.9,265.9,0,19
2026-09-25 21:57:00,NIFTY,PE,22950.0,NIFTY26SEP22950PE,24.95,24.95,24.95,24.95,0,19
2026-09-25 21:57:00,NIFTY,CE,23000.0,NIFTY26SEP23000CE,224.35,224.35,224.35,224.35,0,19
2026-09-25 21:57:00,NIFTY,PE,23000.0,NIFTY26SEP23000PE,34.0,34.0,34.0,34.0,0,19
2026-09-25 21:57:00,NIFTY,CE,23050.0,NIFTY26SEP23050CE,184.55,184.55,184.55,184.55,0,19
2026-09-25 21:57:00,NIFTY,PE,23050.0,NIFTY26SEP23050PE,44.4,44.4,44.4,44.4,0,19
2026-09-25 21:57:00,NIFTY,CE,23100.0,NIFTY26SEP23100CE,150.15,150.15,150.15,150.15,0,19
2026-09-25 21:57:00,NIFTY,PE,23100.0,NIFTY26SEP23100PE,58.3,58.3,58.3,58.3,0,19
2026-09-25 21:57:00,NIFTY,CE,23150.0,NIFTY26SEP23150CE,119.25,119.25,119.25,119.25,0,19
2026-09-25 21:57:00,NIFTY,PE,23150.0,NIFTY26SEP23150PE,76.75,76.75,76.75,76.75,0,19
2026-09-25 21:57:00,NIFTY,CE,23200.0,NIFTY26SEP23200CE,92.0,92.0,92.0,92.0,0,19
2026-09-25 21:57:00,NIFTY,PE,23200.0,NIFTY26SEP23200PE,99.1,99.1,99.1,99.1,0,19
2026-09-25 21:57:00,NIFTY,CE,23250.0,NIFTY26SEP23250CE,68.85,68.85,68.85,68.85,0,19
2026-09-25 21:57:00,NIFTY,PE,23250.0,NIFTY26SEP23250PE,128.1,128.1,128.1,128.1,0,19
2026-09-25 21:57:00,NIFTY,CE,23300.0,NIFTY26SEP23300CE,50.9,50.9,50.9,50.9,0,19
2026-09-25 21:57:00,NIFTY,PE,23300.0,NIFTY26SEP23300PE,157.75,157.75,157.75,157.75,0,19
2026-09-25 21:57:00,NIFTY,CE,23350.0,NIFTY26SEP23350CE,37.05,37.05,37.05,37.05,0,19
2026-09-25 21:57:00,NIFTY,PE,23350.0,NIFTY26SEP23350PE,194.35,194.35,194.35,194.35,0,19
2026-09-25 21:57:00,NIFTY,CE,23400.0,NIFTY26SEP23400CE,26.6,26.6,26.6,26.6,0,19
2026-09-25 21:57:00,NIFTY,PE,23400.0,NIFTY26SEP23400PE,233.0,233.0,233.0,233.0,0,19
2026-09-25 21:57:00,NIFTY,CE,23450.0,NIFTY26SEP23450CE,18.8,18.8,18.8,18.8,0,19
2026-09-25 21:57:00,NIFTY,PE,23450.0,NIFTY26SEP23450PE,274.55,274.55,274.55,274.55,0,19
2026-09-25 21:58:00,NIFTY,FUT,0.0,NIFTY26SEPFUT,23190.0,23190.0,23190.0,23190.0,0,19
2026-09-25 21:58:00,NIFTY,SPOT,0.0,Nifty 50,23140.5,23140.5,23140.5,23140.5,0,19
2026-09-25 21:58:00,NIFTY,CE,22850.0,NIFTY26SEP22850CE,358.05,358.05,358.05,358.05,0,19
2026-09-25 21:58:00,NIFTY,PE,22850.0,NIFTY26SEP22850PE,14.15,14.15,14.15,14.15,0,19
2026-09-25 21:58:00,NIFTY,CE,22900.0,NIFTY26SEP22900CE,310.8,310.8,310.8,310.8,0,19
2026-09-25 21:58:00,NIFTY,PE,22900.0,NIFTY26SEP22900PE,19.1,19.1,19.1,19.1,0,19
2026-09-25 21:58:00,NIFTY,CE,22950.0,NIFTY26SEP22950CE,265.9,265.9,265.9,265.9,0,19
2026-09-25 21:58:00,NIFTY,PE,22950.0,NIFTY26SEP22950PE,24.95,24.95,24.95,24.95,0,19
2026-09-25 21:58:00,NIFTY,CE,23000.0,NIFTY26SEP23000CE,224.35,224.35,224.35,224.35,0,19
2026-09-25 21:58:00,NIFTY,PE,23000.0,NIFTY26SEP23000PE,34.0,34.0,34.0,34.0,0,19
2026-09-25 21:58:00,NIFTY,CE,23050.0,NIFTY26SEP23050CE,184.55,184.55,184.55,184.55,0,19
2026-09-25 21:58:00,NIFTY,PE,23050.0,NIFTY26SEP23050PE,44.4,44.4,44.4,44.4,0,19
2026-09-25 21:58:00,NIFTY,CE,23100.0,NIFTY26SEP23100CE,150.15,150.15,150.15,150.15,0,19
2026-09-25 21:58:00,NIFTY,PE,23100.0,NIFTY26SEP23100PE,58.3,58.3,58.3,58.3,0,19
2026-09-25 21:58:00,NIFTY,CE,23150.0,NIFTY26SEP23150CE,119.25,119.25,119.25,119.25,0,19
2026-09-25 21:58:00,NIFTY,PE,23150.0,NIFTY26SEP23150PE,76.75,76.75,76.75,76.75,0,19
2026-09-25 21:58:00,NIFTY,CE,23200.0,NIFTY26SEP23200CE,92.0,92.0,92.0,92.0,0,19
2026-09-25 21:58:00,NIFTY,PE,23200.0,NIFTY26SEP23200PE,99.1,99.1,99.1,99.1,0,19
2026-09-25 21:58:00,NIFTY,CE,23250.0,NIFTY26SEP23250CE,68.85,68.85,68.85,68.85,0,19
2026-09-25 21:58:00,NIFTY,PE,23250.0,NIFTY26SEP23250PE,128.1,128.1,128.1,128.1,0,19
2026-09-25 21:58:00,NIFTY,CE,23300.0,NIFTY26SEP23300CE,50.9,50.9,50.9,50.9,0,19
2026-09-25 21:58:00,NIFTY,PE,23300.0,NIFTY26SEP23300PE,157.75,157.75,157.75,157.75,0,19
2026-09-25 21:58:00,NIFTY,CE,23350.0,NIFTY26SEP23350CE,37.05,37.05,37.05,37.05,0,19
2026-09-25 21:58:00,NIFTY,PE,23350.0,NIFTY26SEP23350PE,194.35,194.35,194.35,194.35,0,19
2026-09-25 21:58:00,NIFTY,CE,23400.0,NIFTY26SEP23400CE,26.6,26.6,26.6,26.6,0,19
2026-09-25 21:58:00,NIFTY,PE,23400.0,NIFTY26SEP23400PE,233.0,233.0,233.0,233.0,0,19
2026-09-25 21:58:00,NIFTY,CE,23450.0,NIFTY26SEP23450CE,18.8,18.8,18.8,18.8,0,19
2026-09-25 21:58:00,NIFTY,PE,23450.0,NIFTY26SEP23450PE,274.55,274.55,274.55,274.55,0,19
2026-09-25 21:59:00,NIFTY,FUT,0.0,NIFTY26SEPFUT,23190.0,23190.0,23190.0,23190.0,0,19
2026-09-25 21:59:00,NIFTY,SPOT,0.0,Nifty 50,23140.5,23140.5,23140.5,23140.5,0,19
2026-09-25 21:59:00,NIFTY,CE,22850.0,NIFTY26SEP22850CE,358.05,358.05,358.05,358.05,0,19
2026-09-25 21:59:00,NIFTY,PE,22850.0,NIFTY26SEP22850PE,14.15,14.15,14.15,14.15,0,19
2026-09-25 21:59:00,NIFTY,CE,22900.0,NIFTY26SEP22900CE,310.8,310.8,310.8,310.8,0,19
2026-09-25 21:59:00,NIFTY,PE,22900.0,NIFTY26SEP22900PE,19.1,19.1,19.1,19.1,0,19
2026-09-25 21:59:00,NIFTY,CE,22950.0,NIFTY26SEP22950CE,265.9,265.9,265.9,265.9,0,19
2026-09-25 21:59:00,NIFTY,PE,22950.0,NIFTY26SEP22950PE,24.95,24.95,24.95,24.95,0,19
2026-09-25 21:59:00,NIFTY,CE,23000.0,NIFTY26SEP23000CE,224.35,224.35,224.35,224.35,0,19
2026-09-25 21:59:00,NIFTY,PE,23000.0,NIFTY26SEP23000PE,34.0,34.0,34.0,34.0,0,19
2026-09-25 21:59:00,NIFTY,CE,23050.0,NIFTY26SEP23050CE,184.55,184.55,184.55,184.55,0,19
2026-09-25 21:59:00,NIFTY,PE,23050.0,NIFTY26SEP23050PE,44.4,44.4,44.4,44.4,0,19
2026-09-25 21:59:00,NIFTY,CE,23100.0,NIFTY26SEP23100CE,150.15,150.15,150.15,150.15,0,19
2026-09-25 21:59:00,NIFTY,PE,23100.0,NIFTY26SEP23100PE,58.3,58.3,58.3,58.3,0,19
2026-09-25 21:59:00,NIFTY,CE,23150.0,NIFTY26SEP23150CE,119.25,119.25,119.25,119.25,0,19
2026-09-25 21:59:00,NIFTY,PE,23150.0,NIFTY26SEP23150PE,76.75,76.75,76.75,76.75,0,19
2026-09-25 21:59:00,NIFTY,CE,23200.0,NIFTY26SEP23200CE,92.0,92.0,92.0,92.0,0,19
2026-09-25 21:59:00,NIFTY,PE,23200.0,NIFTY26SEP23200PE,99.1,99.1,99.1,99.1,0,19
2026-09-25 21:59:00,NIFTY,CE,23250.0,NIFTY26SEP23250CE,68.85,68.85,68.85,68.85,0,19
2026-09-25 21:59:00,NIFTY,PE,23250.0,NIFTY26SEP23250PE,128.1,128.1,128.1,128.1,0,19
2026-09-25 21:59:00,NIFTY,CE,23300.0,NIFTY26SEP23300CE,50.9,50.9,50.9,50.9,0,19
2026-09-25 21:59:00,NIFTY,PE,23300.0,NIFTY26SEP23300PE,157.75,157.75,157.75,157.75,0,19
2026-09-25 21:59:00,NIFTY,CE,23350.0,NIFTY26SEP23350CE,37.05,37.05,37.05,37.05,0,19
2026-09-25 21:59:00,NIFTY,PE,23350.0,NIFTY26SEP23350PE,194.35,194.35,194.35,194.35,0,19
2026-09-25 21:59:00,NIFTY,CE,23400.0,NIFTY26SEP23400CE,26.6,26.6,26.6,26.6,0,19
2026-09-25 21:59:00,NIFTY,PE,23400.0,NIFTY26SEP23400PE,233.0,233.0,233.0,233.0,0,19
2026-09-25 21:59:00,NIFTY,CE,23450.0,NIFTY26SEP23450CE,18.8,18.8,18.8,18.8,0,19
2026-09-25 21:59:00,NIFTY,PE,23450.0,NIFTY26SEP23450PE,274.55,274.55,274.55,274.55,0,19
2026-09-25 22:00:00,NIFTY,FUT,0.0,NIFTY26SEPFUT,23190.0,23190.0,23190.0,23190.0,0,18
2026-09-25 22:00:00,NIFTY,SPOT,0.0,Nifty 50,23140.5,23140.5,23140.5,23140.5,0,18
2026-09-25 22:00:00,NIFTY,CE,22850.0,NIFTY26SEP22850CE,358.05,358.05,358.05,358.05,0,18
2026-09-25 22:00:00,NIFTY,PE,22850.0,NIFTY26SEP22850PE,14.15,14.15,14.15,14.15,0,18
2026-09-25 22:00:00,NIFTY,CE,22900.0,NIFTY26SEP22900CE,310.8,310.8,310.8,310.8,0,18
2026-09-25 22:00:00,NIFTY,PE,22900.0,NIFTY26SEP22900PE,19.1,19.1,19.1,19.1,0,18
2026-09-25 22:00:00,NIFTY,CE,22950.0,NIFTY26SEP22950CE,265.9,265.9,265.9,265.9,0,18
2026-09-25 22:00:00,NIFTY,PE,22950.0,NIFTY26SEP22950PE,24.95,24.95,24.95,24.95,0,18
2026-09-25 22:00:00,NIFTY,CE,23000.0,NIFTY26SEP23000CE,224.35,224.35,224.35,224.35,0,18
2026-09-25 22:00:00,NIFTY,PE,23000.0,NIFTY26SEP23000PE,34.0,34.0,34.0,34.0,0,18
2026-09-25 22:00:00,NIFTY,CE,23050.0,NIFTY26SEP23050CE,184.55,184.55,184.55,184.55,0,18
2026-09-25 22:00:00,NIFTY,PE,23050.0,NIFTY26SEP23050PE,44.4,44.4,44.4,44.4,0,18
2026-09-25 22:00:00,NIFTY,CE,23100.0,NIFTY26SEP23100CE,150.15,150.15,150.15,150.15,0,18
2026-09-25 22:00:00,NIFTY,PE,23100.0,NIFTY26SEP23100PE,58.3,58.3,58.3,58.3,0,18
2026-09-25 22:00:00,NIFTY,CE,23150.0,NIFTY26SEP23150CE,119.25,119.25,119.25,119.25,0,18
2026-09-25 22:00:00,NIFTY,PE,23150.0,NIFTY26SEP23150PE,76.75,76.75,76.75,76.75,0,18
2026-09-25 22:00:00,NIFTY,CE,23200.0,NIFTY26SEP23200CE,92.0,92.0,92.0,92.0,0,18
2026-09-25 22:00:00,NIFTY,PE,23200.0,NIFTY26SEP23200PE,99.1,99.1,99.1,99.1,0,18
2026-09-25 22:00:00,NIFTY,CE,23250.0,NIFTY26SEP23250CE,68.85,68.85,68.85,68.85,0,18
2026-09-25 22:00:00,NIFTY,PE,23250.0,NIFTY26SEP23250PE,128.1,128.1,128.1,128.1,0,18
2026-09-25 22:00:00,NIFTY,CE,23300.0,NIFTY26SEP23300CE,50.9,50.9,50.9,50.9,0,18
2026-09-25 22:00:00,NIFTY,PE,23300.0,NIFTY26SEP23300PE,157.75,157.75,157.75,157.75,0,18
2026-09-25 22:00:00,NIFTY,CE,23350.0,NIFTY26SEP23350CE,37.05,37.05,37.05,37.05,0,18
2026-09-25 22:00:00,NIFTY,PE,23350.0,NIFTY26SEP23350PE,194.35,194.35,194.35,194.35,0,18
2026-09-25 22:00:00,NIFTY,CE,23400.0,NIFTY26SEP23400CE,26.6,26.6,26.6,26.6,0,18
2026-09-25 22:00:00,NIFTY,PE,23400.0,NIFTY26SEP23400PE,233.0,233.0,233.0,233.0,0,18
2026-09-25 22:00:00,NIFTY,CE,23450.0,NIFTY26SEP23450CE,18.8,18.8,18.8,18.8,0,18
2026-09-25 22:00:00,NIFTY,PE,23450.0,NIFTY26SEP23450PE,274.55,274.55,274.55,274.55,0,18
2026-09-25 22:01:00,NIFTY,FUT,0.0,NIFTY26SEPFUT,23190.0,23190.0,23190.0,23190.0,0,19
2026-09-25 22:01:00,NIFTY,SPOT,0.0,Nifty 50,23140.5,23140.5,23140.5,23140.5,0,19
2026-09-25 22:01:00,NIFTY,CE,22850.0,NIFTY26SEP22850CE,358.05,358.05,358.05,358.05,0,19
2026-09-25 22:01:00,NIFTY,PE,22850.0,NIFTY26SEP22850PE,14.15,14.15,14.15,14.15,0,19
2026-09-25 22:01:00,NIFTY,CE,22900.0,NIFTY26SEP22900CE,310.8,310.8,310.8,310.8,0,19
2026-09-25 22:01:00,NIFTY,PE,22900.0,NIFTY26SEP22900PE,19.1,19.1,19.1,19.1,0,19
2026-09-25 22:01:00,NIFTY,CE,22950.0,NIFTY26SEP22950CE,265.9,265.9,265.9,265.9,0,19
2026-09-25 22:01:00,NIFTY,PE,22950.0,NIFTY26SEP22950PE,24.95,24.95,24.95,24.95,0,19
2026-09-25 22:01:00,NIFTY,CE,23000.0,NIFTY26SEP23000CE,224.35,224.35,224.35,224.35,0,19
2026-09-25 22:01:00,NIFTY,PE,23000.0,NIFTY26SEP23000PE,34.0,34.0,34.0,34.0,0,19
2026-09-25 22:01:00,NIFTY,CE,23050.0,NIFTY26SEP23050CE,184.55,184.55,184.55,184.55,0,19
2026-09-25 22:01:00,NIFTY,PE,23050.0,NIFTY26SEP23050PE,44.4,44.4,44.4,44.4,0,19
2026-09-25 22:01:00,NIFTY,CE,23100.0,NIFTY26SEP23100CE,150.15,150.15,150.15,150.15,0,19
2026-09-25 22:01:00,NIFTY,PE,23100.0,NIFTY26SEP23100PE,58.3,58.3,58.3,58.3,0,19
2026-09-25 22:01:00,NIFTY,CE,23150.0,NIFTY26SEP23150CE,119.25,119.25,119.25,119.25,0,19
2026-09-25 22:01:00,NIFTY,PE,23150.0,NIFTY26SEP23150PE,76.75,76.75,76.75,76.75,0,19
2026-09-25 22:01:00,NIFTY,CE,23200.0,NIFTY26SEP23200CE,92.0,92.0,92.0,92.0,0,19
2026-09-25 22:01:00,NIFTY,PE,23200.0,NIFTY26SEP23200PE,99.1,99.1,99.1,99.1,0,19
2026-09-25 22:01:00,NIFTY,CE,23250.0,NIFTY26SEP23250CE,68.85,68.85,68.85,68.85,0,19
2026-09-25 22:01:00,NIFTY,PE,23250.0,NIFTY26SEP23250PE,128.1,128.1,128.1,128.1,0,19
2026-09-25 22:01:00,NIFTY,CE,23300.0,NIFTY26SEP23300CE,50.9,50.9,50.9,50.9,0,19
2026-09-25 22:01:00,NIFTY,PE,23300.0,NIFTY26SEP23300PE,157.75,157.75,157.75,157.75,0,19
2026-09-25 22:01:00,NIFTY,CE,23350.0,NIFTY26SEP23350CE,37.05,37.05,37.05,37.05,0,19
2026-09-25 22:01:00,NIFTY,PE,23350.0,NIFTY26SEP23350PE,194.35,194.35,194.35,194.35,0,19
2026-09-25 22:01:00,NIFTY,CE,23400.0,NIFTY26SEP23400CE,26.6,26.6,26.6,26.6,0,19
2026-09-25 22:01:00,NIFTY,PE,23400.0,NIFTY26SEP23400PE,233.0,233.0,233.0,233.0,0,19
2026-09-25 22:01:00,NIFTY,CE,23450.0,NIFTY26SEP23450CE,18.8,18.8,18.8,18.8,0,19
2026-09-25 22:01:00,NIFTY,PE,23450.0,NIFTY26SEP23450PE,274.55,274.55,274.55,274.55,0,19
2026-09-25 22:02:00,NIFTY,FUT,0.0,NIFTY26SEPFUT,23190.0,23190.0,23190.0,23190.0,0,19
2026-09-25 22:02:00,NIFTY,SPOT,0.0,Nifty 50,23140.5,23140.5,23140.5,23140.5,0,19
2026-09-25 22:02:00,NIFTY,CE,22850.0,NIFTY26SEP22850CE,358.05,358.05,358.05,358.05,0,19
2026-09-25 22:02:00,NIFTY,PE,22850.0,NIFTY26SEP22850PE,14.15,14.15,14.15,14.15,0,19
2026-09-25 22:02:00,NIFTY,CE,22900.0,NIFTY26SEP22900CE,310.8,310.8,310.8,310.8,0,19
2026-09-25 22:02:00,NIFTY,PE,22900.0,NIFTY26SEP22900PE,19.1,19.1,19.1,19.1,0,19
2026-09-25 22:02:00,NIFTY,CE,22950.0,NIFTY26SEP22950CE,265.9,265.9,265.9,265.9,0,19
2026-09-25 22:02:00,NIFTY,PE,22950.0,NIFTY26SEP22950PE,24.95,24.95,24.95,24.95,0,19
2026-09-25 22:02:00,NIFTY,CE,23000.0,NIFTY26SEP23000CE,224.35,224.35,224.35,224.35,0,19
2026-09-25 22:02:00,NIFTY,PE,23000.0,NIFTY26SEP23000PE,34.0,34.0,34.0,34.0,0,19
2026-09-25 22:02:00,NIFTY,CE,23050.0,NIFTY26SEP23050CE,184.55,184.55,184.55,184.55,0,19
2026-09-25 22:02:00,NIFTY,PE,23050.0,NIFTY26SEP23050PE,44.4,44.4,44.4,44.4,0,19
2026-09-25 22:02:00,NIFTY,CE,23100.0,NIFTY26SEP23100CE,150.15,150.15,150.15,150.15,0,19
2026-09-25 22:02:00,NIFTY,PE,23100.0,NIFTY26SEP23100PE,58.3,58.3,58.3,58.3,0,19
2026-09-25 22:02:00,NIFTY,CE,23150.0,NIFTY26SEP23150CE,119.25,119.25,119.25,119.25,0,19
2026-09-25 22:02:00,NIFTY,PE,23150.0,NIFTY26SEP23150PE,76.75,76.75,76.75,76.75,0,19
2026-09-25 22:02:00,NIFTY,CE,23200.0,NIFTY26SEP23200CE,92.0,92.0,92.0,92.0,0,19
2026-09-25 22:02:00,NIFTY,PE,23200.0,NIFTY26SEP23200PE,99.1,99.1,99.1,99.1,0,19
2026-09-25 22:02:00,NIFTY,CE,23250.0,NIFTY26SEP23250CE,68.85,68.85,68.85,68.85,0,19
2026-09-25 22:02:00,NIFTY,PE,23250.0,NIFTY26SEP23250PE,128.1,128.1,128.1,128.1,0,19
2026-09-25 22:02:00,NIFTY,CE,23300.0,NIFTY26SEP23300CE,50.9,50.9,50.9,50.9,0,19
2026-09-25 22:02:00,NIFTY,PE,23300.0,NIFTY26SEP23300PE,157.75,157.75,157.75,157.75,0,19
2026-09-25 22:02:00,NIFTY,CE,23350.0,NIFTY26SEP23350CE,37.05,37.05,37.05,37.05,0,19
2026-09-25 22:02:00,NIFTY,PE,23350.0,NIFTY26SEP23350PE,194.35,194.35,194.35,194.35,0,19
2026-09-25 22:02:00,NIFTY,CE,23400.0,NIFTY26SEP23400CE,26.6,26.6,26.6,26.6,0,19
2026-09-25 22:02:00,NIFTY,PE,23400.0,NIFTY26SEP23400PE,233.0,233.0,233.0,233.0,0,19
2026-09-25 22:02:00,NIFTY,CE,23450.0,NIFTY26SEP23450CE,18.8,18.8,18.8,18.8,0,19
2026-09-25 22:02:00,NIFTY,PE,23450.0,NIFTY26SEP23450PE,274.55,274.55,274.55,274.55,0,19
2026-09-25 22:03:00,NIFTY,FUT,0.0,NIFTY26SEPFUT,23190.0,23190.0,23190.0,23190.0,0,19
2026-09-25 22:03:00,NIFTY,SPOT,0.0,Nifty 50,23140.5,23140.5,23140.5,23140.5,0,19
2026-09-25 22:03:00,NIFTY,CE,22850.0,NIFTY26SEP22850CE,358.05,358.05,358.05,358.05,0,19
2026-09-25 22:03:00,NIFTY,PE,22850.0,NIFTY26SEP22850PE,14.15,14.15,14.15,14.15,0,19
2026-09-25 22:03:00,NIFTY,CE,22900.0,NIFTY26SEP22900CE,310.8,310.8,310.8,310.8,0,19
2026-09-25 22:03:00,NIFTY,PE,22900.0,NIFTY26SEP22900PE,19.1,19.1,19.1,19.1,0,19
2026-09-25 22:03:00,NIFTY,CE,22950.0,NIFTY26SEP22950CE,265.9,265.9,265.9,265.9,0,19
2026-09-25 22:03:00,NIFTY,PE,22950.0,NIFTY26SEP22950PE,24.95,24.95,24.95,24.95,0,19
2026-09-25 22:03:00,NIFTY,CE,23000.0,NIFTY26SEP23000CE,224.35,224.35,224.35,224.35,0,19
2026-09-25 22:03:00,NIFTY,PE,23000.0,NIFTY26SEP23000PE,34.0,34.0,34.0,34.0,0,19
2026-09-25 22:03:00,NIFTY,CE,23050.0,NIFTY26SEP23050CE,184.55,184.55,184.55,184.55,0,19
2026-09-25 22:03:00,NIFTY,PE,23050.0,NIFTY26SEP23050PE,44.4,44.4,44.4,44.4,0,19
2026-09-25 22:03:00,NIFTY,CE,23100.0,NIFTY26SEP23100CE,150.15,150.15,150.15,150.15,0,19
2026-09-25 22:03:00,NIFTY,PE,23100.0,NIFTY26SEP23100PE,58.3,58.3,58.3,58.3,0,19
2026-09-25 22:03:00,NIFTY,CE,23150.0,NIFTY26SEP23150CE,119.25,119.25,119.25,119.25,0,19
2026-09-25 22:03:00,NIFTY,PE,23150.0,NIFTY26SEP23150PE,76.75,76.75,76.75,76.75,0,19
2026-09-25 22:03:00,NIFTY,CE,23200.0,NIFTY26SEP23200CE,92.0,92.0,92.0,92.0,0,19
2026-09-25 22:03:00,NIFTY,PE,23200.0,NIFTY26SEP23200PE,99.1,99.1,99.1,99.1,0,19
2026-09-25 22:03:00,NIFTY,CE,23250.0,NIFTY26SEP23250CE,68.85,68.85,68.85,68.85,0,19
2026-09-25 22:03:00,NIFTY,PE,23250.0,NIFTY26SEP23250PE,128.1,128.1,128.1,128.1,0,19
2026-09-25 22:03:00,NIFTY,CE,23300.0,NIFTY26SEP23300CE,50.9,50.9,50.9,50.9,0,19
2026-09-25 22:03:00,NIFTY,PE,23300.0,NIFTY26SEP23300PE,157.75,157.75,157.75,157.75,0,19
2026-09-25 22:03:00,NIFTY,CE,23350.0,NIFTY26SEP23350CE,37.05,37.05,37.05,37.05,0,19
2026-09-25 22:03:00,NIFTY,PE,23350.0,NIFTY26SEP23350PE,194.35,194.35,194.35,194.35,0,19
2026-09-25 22:03:00,NIFTY,CE,23400.0,NIFTY26SEP23400CE,26.6,26.6,26.6,26.6,0,19
2026-09-25 22:03:00,NIFTY,PE,23400.0,NIFTY26SEP23400PE,233.0,233.0,233.0,233.0,0,19
2026-09-25 22:03:00,NIFTY,CE,23450.0,NIFTY26SEP23450CE,18.8,18.8,18.8,18.8,0,19
2026-09-25 22:03:00,NIFTY,PE,23450.0,NIFTY26SEP23450PE,274.55,274.55,274.55,274.55,0,19
2026-09-25 22:04:00,NIFTY,FUT,0.0,NIFTY26SEPFUT,23190.0,23190.0,23190.0,23190.0,0,19
2026-09-25 22:04:00,NIFTY,SPOT,0.0,Nifty 50,23140.5,23140.5,23140.5,23140.5,0,19
2026-09-25 22:04:00,NIFTY,CE,22850.0,NIFTY26SEP22850CE,358.05,358.05,358.05,358.05,0,19
2026-09-25 22:04:00,NIFTY,PE,22850.0,NIFTY26SEP22850PE,14.15,14.15,14.15,14.15,0,19
2026-09-25 22:04:00,NIFTY,CE,22900.0,NIFTY26SEP22900CE,310.8,310.8,310.8,310.8,0,19
2026-09-25 22:04:00,NIFTY,PE,22900.0,NIFTY26SEP22900PE,19.1,19.1,19.1,19.1,0,19
2026-09-25 22:04:00,NIFTY,CE,22950.0,NIFTY26SEP22950CE,265.9,265.9,265.9,265.9,0,19
2026-09-25 22:04:00,NIFTY,PE,22950.0,NIFTY26SEP22950PE,24.95,24.95,24.95,24.95,0,19
2026-09-25 22:04:00,NIFTY,CE,23000.0,NIFTY26SEP23000CE,224.35,224.35,224.35,224.35,0,19
2026-09-25 22:04:00,NIFTY,PE,23000.0,NIFTY26SEP23000PE,34.0,34.0,34.0,34.0,0,19
2026-09-25 22:04:00,NIFTY,CE,23050.0,NIFTY26SEP23050CE,184.55,184.55,184.55,184.55,0,19
2026-09-25 22:04:00,NIFTY,PE,23050.0,NIFTY26SEP23050PE,44.4,44.4,44.4,44.4,0,19
2026-09-25 22:04:00,NIFTY,CE,23100.0,NIFTY26SEP23100CE,150.15,150.15,150.15,150.15,0,19
2026-09-25 22:04:00,NIFTY,PE,23100.0,NIFTY26SEP23100PE,58.3,58.3,58.3,58.3,0,19
2026-09-25 22:04:00,NIFTY,CE,23150.0,NIFTY26SEP23150CE,119.25,119.25,119.25,119.25,0,19
2026-09-25 22:04:00,NIFTY,PE,23150.0,NIFTY26SEP23150PE,76.75,76.75,76.75,76.75,0,19
2026-09-25 22:04:00,NIFTY,CE,23200.0,NIFTY26SEP23200CE,92.0,92.0,92.0,92.0,0,19
2026-09-25 22:04:00,NIFTY,PE,23200.0,NIFTY26SEP23200PE,99.1,99.1,99.1,99.1,0,19
2026-09-25 22:04:00,NIFTY,CE,23250.0,NIFTY26SEP23250CE,68.85,68.85,68.85,68.85,0,19
2026-09-25 22:04:00,NIFTY,PE,23250.0,NIFTY26SEP23250PE,128.1,128.1,128.1,128.1,0,19
2026-09-25 22:04:00,NIFTY,CE,23300.0,NIFTY26SEP23300CE,50.9,50.9,50.9,50.9,0,19
2026-09-25 22:04:00,NIFTY,PE,23300.0,NIFTY26SEP23300PE,157.75,157.75,157.75,157.75,0,19
2026-09-25 22:04:00,NIFTY,CE,23350.0,NIFTY26SEP23350CE,37.05,37.05,37.05,37.05,0,19
2026-09-25 22:04:00,NIFTY,PE,23350.0,NIFTY26SEP23350PE,194.35,194.35,194.35,194.35,0,19
2026-09-25 22:04:00,NIFTY,CE,23400.0,NIFTY26SEP23400CE,26.6,26.6,26.6,26.6,0,19
2026-09-25 22:04:00,NIFTY,PE,23400.0,NIFTY26SEP23400PE,233.0,233.0,233.0,233.0,0,19
2026-09-25 22:04:00,NIFTY,CE,23450.0,NIFTY26SEP23450CE,18.8,18.8,18.8,18.8,0,19
2026-09-25 22:04:00,NIFTY,PE,23450.0,NIFTY26SEP23450PE,274.55,274.55,274.55,274.55,0,19
2026-09-25 22:05:00,NIFTY,FUT,0.0,NIFTY26SEPFUT,23190.0,23190.0,23190.0,23190.0,0,19
2026-09-25 22:05:00,NIFTY,SPOT,0.0,Nifty 50,23140.5,23140.5,23140.5,23140.5,0,19
2026-09-25 22:05:00,NIFTY,CE,22850.0,NIFTY26SEP22850CE,358.05,358.05,358.05,358.05,0,19
2026-09-25 22:05:00,NIFTY,PE,22850.0,NIFTY26SEP22850PE,14.15,14.15,14.15,14.15,0,19
2026-09-25 22:05:00,NIFTY,CE,22900.0,NIFTY26SEP22900CE,310.8,310.8,310.8,310.8,0,19
2026-09-25 22:05:00,NIFTY,PE,22900.0,NIFTY26SEP22900PE,19.1,19.1,19.1,19.1,0,19
2026-09-25 22:05:00,NIFTY,CE,22950.0,NIFTY26SEP22950CE,265.9,265.9,265.9,265.9,0,19
2026-09-25 22:05:00,NIFTY,PE,22950.0,NIFTY26SEP22950PE,24.95,24.95,24.95,24.95,0,19
2026-09-25 22:05:00,NIFTY,CE,23000.0,NIFTY26SEP23000CE,224.35,224.35,224.35,224.35,0,19
2026-09-25 22:05:00,NIFTY,PE,23000.0,NIFTY26SEP23000PE,34.0,34.0,34.0,34.0,0,19
2026-09-25 22:05:00,NIFTY,CE,23050.0,NIFTY26SEP23050CE,184.55,184.55,184.55,184.55,0,19
2026-09-25 22:05:00,NIFTY,PE,23050.0,NIFTY26SEP23050PE,44.4,44.4,44.4,44.4,0,19
2026-09-25 22:05:00,NIFTY,CE,23100.0,NIFTY26SEP23100CE,150.15,150.15,150.15,150.15,0,19
2026-09-25 22:05:00,NIFTY,PE,23100.0,NIFTY26SEP23100PE,58.3,58.3,58.3,58.3,0,19
2026-09-25 22:05:00,NIFTY,CE,23150.0,NIFTY26SEP23150CE,119.25,119.25,119.25,119.25,0,19
2026-09-25 22:05:00,NIFTY,PE,23150.0,NIFTY26SEP23150PE,76.75,76.75,76.75,76.75,0,19
2026-09-25 22:05:00,NIFTY,CE,23200.0,NIFTY26SEP23200CE,92.0,92.0,92.0,92.0,0,19
2026-09-25 22:05:00,NIFTY,PE,23200.0,NIFTY26SEP23200PE,99.1,99.1,99.1,99.1,0,19
2026-09-25 22:05:00,NIFTY,CE,23250.0,NIFTY26SEP23250CE,68.85,68.85,68.85,68.85,0,19
2026-09-25 22:05:00,NIFTY,PE,23250.0,NIFTY26SEP23250PE,128.1,128.1,128.1,128.1,0,19
2026-09-25 22:05:00,NIFTY,CE,23300.0,NIFTY26SEP23300CE,50.9,50.9,50.9,50.9,0,19
2026-09-25 22:05:00,NIFTY,PE,23300.0,NIFTY26SEP23300PE,157.75,157.75,157.75,157.75,0,19
2026-09-25 22:05:00,NIFTY,CE,23350.0,NIFTY26SEP23350CE,37.05,37.05,37.05,37.05,0,19
2026-09-25 22:05:00,NIFTY,PE,23350.0,NIFTY26SEP23350PE,194.35,194.35,194.35,194.35,0,19
2026-09-25 22:05:00,NIFTY,CE,23400.0,NIFTY26SEP23400CE,26.6,26.6,26.6,26.6,0,19
2026-09-25 22:05:00,NIFTY,PE,23400.0,NIFTY26SEP23400PE,233.0,233.0,233.0,233.0,0,19
2026-09-25 22:05:00,NIFTY,CE,23450.0,NIFTY26SEP23450CE,18.8,18.8,18.8,18.8,0,19
2026-09-25 22:05:00,NIFTY,PE,23450.0,NIFTY26SEP23450PE,274.55,274.55,274.55,274.55,0,19
2026-09-25 22:06:00,NIFTY,FUT,0.0,NIFTY26SEPFUT,23190.0,23190.0,23190.0,23190.0,0,19
2026-09-25 22:06:00,NIFTY,SPOT,0.0,Nifty 50,23140.5,23140.5,23140.5,23140.5,0,19
2026-09-25 22:06:00,NIFTY,CE,22850.0,NIFTY26SEP22850CE,358.05,358.05,358.05,358.05,0,19
2026-09-25 22:06:00,NIFTY,PE,22850.0,NIFTY26SEP22850PE,14.15,14.15,14.15,14.15,0,19
2026-09-25 22:06:00,NIFTY,CE,22900.0,NIFTY26SEP22900CE,310.8,310.8,310.8,310.8,0,19
2026-09-25 22:06:00,NIFTY,PE,22900.0,NIFTY26SEP22900PE,19.1,19.1,19.1,19.1,0,19
2026-09-25 22:06:00,NIFTY,CE,22950.0,NIFTY26SEP22950CE,265.9,265.9,265.9,265.9,0,19
2026-09-25 22:06:00,NIFTY,PE,22950.0,NIFTY26SEP22950PE,24.95,24.95,24.95,24.95,0,19
2026-09-25 22:06:00,NIFTY,CE,23000.0,NIFTY26SEP23000CE,224.35,224.35,224.35,224.35,0,19
2026-09-25 22:06:00,NIFTY,PE,23000.0,NIFTY26SEP23000PE,34.0,34.0,34.0,34.0,0,19
2026-09-25 22:06:00,NIFTY,CE,23050.0,NIFTY26SEP23050CE,184.55,184.55,184.55,184.55,0,19
2026-09-25 22:06:00,NIFTY,PE,23050.0,NIFTY26SEP23050PE,44.4,44.4,44.4,44.4,0,19
2026-09-25 22:06:00,NIFTY,CE,23100.0,NIFTY26SEP23100CE,150.15,150.15,150.15,150.15,0,19
2026-09-25 22:06:00,NIFTY,PE,23100.0,NIFTY26SEP23100PE,58.3,58.3,58.3,58.3,0,19
2026-09-25 22:06:00,NIFTY,CE,23150.0,NIFTY26SEP23150CE,119.25,119.25,119.25,119.25,0,19
2026-09-25 22:06:00,NIFTY,PE,23150.0,NIFTY26SEP23150PE,76.75,76.75,76.75,76.75,0,19
2026-09-25 22:06:00,NIFTY,CE,23200.0,NIFTY26SEP23200CE,92.0,92.0,92.0,92.0,0,19
2026-09-25 22:06:00,NIFTY,PE,23200.0,NIFTY26SEP23200PE,99.1,99.1,99.1,99.1,0,19
2026-09-25 22:06:00,NIFTY,CE,23250.0,NIFTY26SEP23250CE,68.85,68.85,68.85,68.85,0,19
2026-09-25 22:06:00,NIFTY,PE,23250.0,NIFTY26SEP23250PE,128.1,128.1,128.1,128.1,0,19
2026-09-25 22:06:00,NIFTY,CE,23300.0,NIFTY26SEP23300CE,50.9,50.9,50.9,50.9,0,19
2026-09-25 22:06:00,NIFTY,PE,23300.0,NIFTY26SEP23300PE,157.75,157.75,157.75,157.75,0,19
2026-09-25 22:06:00,NIFTY,CE,23350.0,NIFTY26SEP23350CE,37.05,37.05,37.05,37.05,0,19
2026-09-25 22:06:00,NIFTY,PE,23350.0,NIFTY26SEP23350PE,194.35,194.35,194.35,194.35,0,19
2026-09-25 22:06:00,NIFTY,CE,23400.0,NIFTY26SEP23400CE,26.6,26.6,26.6,26.6,0,19
2026-09-25 22:06:00,NIFTY,PE,23400.0,NIFTY26SEP23400PE,233.0,233.0,233.0,233.0,0,19
2026-09-25 22:06:00,NIFTY,CE,23450.0,NIFTY26SEP23450CE,18.8,18.8,18.8,18.8,0,19
2026-09-25 22:06:00,NIFTY,PE,23450.0,NIFTY26SEP23450PE,274.55,274.55,274.55,274.55,0,19
2026-09-25 22:07:00,NIFTY,FUT,0.0,NIFTY26SEPFUT,23190.0,23190.0,23190.0,23190.0,0,19
2026-09-25 22:07:00,NIFTY,SPOT,0.0,Nifty 50,23140.5,23140.5,23140.5,23140.5,0,19
2026-09-25 22:07:00,NIFTY,CE,22850.0,NIFTY26SEP22850CE,358.05,358.05,358.05,358.05,0,19
2026-09-25 22:07:00,NIFTY,PE,22850.0,NIFTY26SEP22850PE,14.15,14.15,14.15,14.15,0,19
2026-09-25 22:07:00,NIFTY,CE,22900.0,NIFTY26SEP22900CE,310.8,310.8,310.8,310.8,0,19
2026-09-25 22:07:00,NIFTY,PE,22900.0,NIFTY26SEP22900PE,19.1,19.1,19.1,19.1,0,19
2026-09-25 22:07:00,NIFTY,CE,22950.0,NIFTY26SEP22950CE,265.9,265.9,265.9,265.9,0,19
2026-09-25 22:07:00,NIFTY,PE,22950.0,NIFTY26SEP22950PE,24.95,24.95,24.95,24.95,0,19
2026-09-25 22:07:00,NIFTY,CE,23000.0,NIFTY26SEP23000CE,224.35,224.35,224.35,224.35,0,19
2026-09-25 22:07:00,NIFTY,PE,23000.0,NIFTY26SEP23000PE,34.0,34.0,34.0,34.0,0,19
2026-09-25 22:07:00,NIFTY,CE,23050.0,NIFTY26SEP23050CE,184.55,184.55,184.55,184.55,0,19
2026-09-25 22:07:00,NIFTY,PE,23050.0,NIFTY26SEP23050PE,44.4,44.4,44.4,44.4,0,19
2026-09-25 22:07:00,NIFTY,CE,23100.0,NIFTY26SEP23100CE,150.15,150.15,150.15,150.15,0,19
2026-09-25 22:07:00,NIFTY,PE,23100.0,NIFTY26SEP23100PE,58.3,58.3,58.3,58.3,0,19
2026-09-25 22:07:00,NIFTY,CE,23150.0,NIFTY26SEP23150CE,119.25,119.25,119.25,119.25,0,19
2026-09-25 22:07:00,NIFTY,PE,23150.0,NIFTY26SEP23150PE,76.75,76.75,76.75,76.75,0,19
2026-09-25 22:07:00,NIFTY,CE,23200.0,NIFTY26SEP23200CE,92.0,92.0,92.0,92.0,0,19
2026-09-25 22:07:00,NIFTY,PE,23200.0,NIFTY26SEP23200PE,99.1,99.1,99.1,99.1,0,19
2026-09-25 22:07:00,NIFTY,CE,23250.0,NIFTY26SEP23250CE,68.85,68.85,68.85,68.85,0,19
2026-09-25 22:07:00,NIFTY,PE,23250.0,NIFTY26SEP23250PE,128.1,128.1,128.1,128.1,0,19
2026-09-25 22:07:00,NIFTY,CE,23300.0,NIFTY26SEP23300CE,50.9,50.9,50.9,50.9,0,19
2026-09-25 22:07:00,NIFTY,PE,23300.0,NIFTY26SEP23300PE,157.75,157.75,157.75,157.75,0,19
2026-09-25 22:07:00,NIFTY,CE,23350.0,NIFTY26SEP23350CE,37.05,37.05,37.05,37.05,0,19
2026-09-25 22:07:00,NIFTY,PE,23350.0,NIFTY26SEP23350PE,194.35,194.35,194.35,194.35,0,19
2026-09-25 22:07:00,NIFTY,CE,23400.0,NIFTY26SEP23400CE,26.6,26.6,26.6,26.6,0,19
2026-09-25 22:07:00,NIFTY,PE,23400.0,NIFTY26SEP23400PE,233.0,233.0,233.0,233.0,0,19
2026-09-25 22:07:00,NIFTY,CE,23450.0,NIFTY26SEP23450CE,18.8,18.8,18.8,18.8,0,19
2026-09-25 22:07:00,NIFTY,PE,23450.0,NIFTY26SEP23450PE,274.55,274.55,274.55,274.55,0,19
2026-09-25 22:08:00,NIFTY,FUT,0.0,NIFTY26SEPFUT,23190.0,23190.0,23190.0,23190.0,0,18
2026-09-25 22:08:00,NIFTY,SPOT,0.0,Nifty 50,23140.5,23140.5,23140.5,23140.5,0,18
2026-09-25 22:08:00,NIFTY,CE,22850.0,NIFTY26SEP22850CE,358.05,358.05,358.05,358.05,0,18
2026-09-25 22:08:00,NIFTY,PE,22850.0,NIFTY26SEP22850PE,14.15,14.15,14.15,14.15,0,18
2026-09-25 22:08:00,NIFTY,CE,22900.0,NIFTY26SEP22900CE,310.8,310.8,310.8,310.8,0,18
2026-09-25 22:08:00,NIFTY,PE,22900.0,NIFTY26SEP22900PE,19.1,19.1,19.1,19.1,0,18
2026-09-25 22:08:00,NIFTY,CE,22950.0,NIFTY26SEP22950CE,265.9,265.9,265.9,265.9,0,18
2026-09-25 22:08:00,NIFTY,PE,22950.0,NIFTY26SEP22950PE,24.95,24.95,24.95,24.95,0,18
2026-09-25 22:08:00,NIFTY,CE,23000.0,NIFTY26SEP23000CE,224.35,224.35,224.35,224.35,0,18
2026-09-25 22:08:00,NIFTY,PE,23000.0,NIFTY26SEP23000PE,34.0,34.0,34.0,34.0,0,18
2026-09-25 22:08:00,NIFTY,CE,23050.0,NIFTY26SEP23050CE,184.55,184.55,184.55,184.55,0,18
2026-09-25 22:08:00,NIFTY,PE,23050.0,NIFTY26SEP23050PE,44.4,44.4,44.4,44.4,0,18
2026-09-25 22:08:00,NIFTY,CE,23100.0,NIFTY26SEP23100CE,150.15,150.15,150.15,150.15,0,18
2026-09-25 22:08:00,NIFTY,PE,23100.0,NIFTY26SEP23100PE,58.3,58.3,58.3,58.3,0,18
2026-09-25 22:08:00,NIFTY,CE,23150.0,NIFTY26SEP23150CE,119.25,119.25,119.25,119.25,0,18
2026-09-25 22:08:00,NIFTY,PE,23150.0,NIFTY26SEP23150PE,76.75,76.75,76.75,76.75,0,18
2026-09-25 22:08:00,NIFTY,CE,23200.0,NIFTY26SEP23200CE,92.0,92.0,92.0,92.0,0,18
2026-09-25 22:08:00,NIFTY,PE,23200.0,NIFTY26SEP23200PE,99.1,99.1,99.1,99.1,0,18
2026-09-25 22:08:00,NIFTY,CE,23250.0,NIFTY26SEP23250CE,68.85,68.85,68.85,68.85,0,18
2026-09-25 22:08:00,NIFTY,PE,23250.0,NIFTY26SEP23250PE,128.1,128.1,128.1,128.1,0,18
2026-09-25 22:08:00,NIFTY,CE,23300.0,NIFTY26SEP23300CE,50.9,50.9,50.9,50.9,0,18
2026-09-25 22:08:00,NIFTY,PE,23300.0,NIFTY26SEP23300PE,157.75,157.75,157.75,157.75,0,18
2026-09-25 22:08:00,NIFTY,CE,23350.0,NIFTY26SEP23350CE,37.05,37.05,37.05,37.05,0,18
2026-09-25 22:08:00,NIFTY,PE,23350.0,NIFTY26SEP23350PE,194.35,194.35,194.35,194.35,0,18
2026-09-25 22:08:00,NIFTY,CE,23400.0,NIFTY26SEP23400CE,26.6,26.6,26.6,26.6,0,18
2026-09-25 22:08:00,NIFTY,PE,23400.0,NIFTY26SEP23400PE,233.0,233.0,233.0,233.0,0,18
2026-09-25 22:08:00,NIFTY,CE,23450.0,NIFTY26SEP23450CE,18.8,18.8,18.8,18.8,0,18
2026-09-25 22:08:00,NIFTY,PE,23450.0,NIFTY26SEP23450PE,274.55,274.55,274.55,274.55,0,18
2026-09-25 22:09:00,NIFTY,FUT,0.0,NIFTY26SEPFUT,23190.0,23190.0,23190.0,23190.0,0,19
2026-09-25 22:09:00,NIFTY,SPOT,0.0,Nifty 50,23140.5,23140.5,23140.5,23140.5,0,19
2026-09-25 22:09:00,NIFTY,CE,22850.0,NIFTY26SEP22850CE,358.05,358.05,358.05,358.05,0,19
2026-09-25 22:09:00,NIFTY,PE,22850.0,NIFTY26SEP22850PE,14.15,14.15,14.15,14.15,0,19
2026-09-25 22:09:00,NIFTY,CE,22900.0,NIFTY26SEP22900CE,310.8,310.8,310.8,310.8,0,19
2026-09-25 22:09:00,NIFTY,PE,22900.0,NIFTY26SEP22900PE,19.1,19.1,19.1,19.1,0,19
2026-09-25 22:09:00,NIFTY,CE,22950.0,NIFTY26SEP22950CE,265.9,265.9,265.9,265.9,0,19
2026-09-25 22:09:00,NIFTY,PE,22950.0,NIFTY26SEP22950PE,24.95,24.95,24.95,24.95,0,19
2026-09-25 22:09:00,NIFTY,CE,23000.0,NIFTY26SEP23000CE,224.35,224.35,224.35,224.35,0,19
2026-09-25 22:09:00,NIFTY,PE,23000.0,NIFTY26SEP23000PE,34.0,34.0,34.0,34.0,0,19
2026-09-25 22:09:00,NIFTY,CE,23050.0,NIFTY26SEP23050CE,184.55,184.55,184.55,184.55,0,19
2026-09-25 22:09:00,NIFTY,PE,23050.0,NIFTY26SEP23050PE,44.4,44.4,44.4,44.4,0,19
2026-09-25 22:09:00,NIFTY,CE,23100.0,NIFTY26SEP23100CE,150.15,150.15,150.15,150.15,0,19
2026-09-25 22:09:00,NIFTY,PE,23100.0,NIFTY26SEP23100PE,58.3,58.3,58.3,58.3,0,19
2026-09-25 22:09:00,NIFTY,CE,23150.0,NIFTY26SEP23150CE,119.25,119.25,119.25,119.25,0,19
2026-09-25 22:09:00,NIFTY,PE,23150.0,NIFTY26SEP23150PE,76.75,76.75,76.75,76.75,0,19
2026-09-25 22:09:00,NIFTY,CE,23200.0,NIFTY26SEP23200CE,92.0,92.0,92.0,92.0,0,19
2026-09-25 22:09:00,NIFTY,PE,23200.0,NIFTY26SEP23200PE,99.1,99.1,99.1,99.1,0,19
2026-09-25 22:09:00,NIFTY,CE,23250.0,NIFTY26SEP23250CE,68.85,68.85,68.85,68.85,0,19
2026-09-25 22:09:00,NIFTY,PE,23250.0,NIFTY26SEP23250PE,128.1,128.1,128.1,128.1,0,19
2026-09-25 22:09:00,NIFTY,CE,23300.0,NIFTY26SEP23300CE,50.9,50.9,50.9,50.9,0,19
2026-09-25 22:09:00,NIFTY,PE,23300.0,NIFTY26SEP23300PE,157.75,157.75,157.75,157.75,0,19
2026-09-25 22:09:00,NIFTY,CE,23350.0,NIFTY26SEP23350CE,37.05,37.05,37.05,37.05,0,19
2026-09-25 22:09:00,NIFTY,PE,23350.0,NIFTY26SEP23350PE,194.35,194.35,194.35,194.35,0,19
2026-09-25 22:09:00,NIFTY,CE,23400.0,NIFTY26SEP23400CE,26.6,26.6,26.6,26.6,0,19
2026-09-25 22:09:00,NIFTY,PE,23400.0,NIFTY26SEP23400PE,233.0,233.0,233.0,233.0,0,19
2026-09-25 22:09:00,NIFTY,CE,23450.0,NIFTY26SEP23450CE,18.8,18.8,18.8,18.8,0,19
2026-09-25 22:09:00,NIFTY,PE,23450.0,NIFTY26SEP23450PE,274.55,274.55,274.55,274.55,0,19
2026-09-25 22:10:00,NIFTY,FUT,0.0,NIFTY26SEPFUT,23190.0,23190.0,23190.0,23190.0,0,19
2026-09-25 22:10:00,NIFTY,SPOT,0.0,Nifty 50,23140.5,23140.5,23140.5,23140.5,0,19
2026-09-25 22:10:00,NIFTY,CE,22850.0,NIFTY26SEP22850CE,358.05,358.05,358.05,358.05,0,19
2026-09-25 22:10:00,NIFTY,PE,22850.0,NIFTY26SEP22850PE,14.15,14.15,14.15,14.15,0,19
2026-09-25 22:10:00,NIFTY,CE,22900.0,NIFTY26SEP22900CE,310.8,310.8,310.8,310.8,0,19
2026-09-25 22:10:00,NIFTY,PE,22900.0,NIFTY26SEP22900PE,19.1,19.1,19.1,19.1,0,19
2026-09-25 22:10:00,NIFTY,CE,22950.0,NIFTY26SEP22950CE,265.9,265.9,265.9,265.9,0,19
2026-09-25 22:10:00,NIFTY,PE,22950.0,NIFTY26SEP22950PE,24.95,24.95,24.95,24.95,0,19
2026-09-25 22:10:00,NIFTY,CE,23000.0,NIFTY26SEP23000CE,224.35,224.35,224.35,224.35,0,19
2026-09-25 22:10:00,NIFTY,PE,23000.0,NIFTY26SEP23000PE,34.0,34.0,34.0,34.0,0,19
2026-09-25 22:10:00,NIFTY,CE,23050.0,NIFTY26SEP23050CE,184.55,184.55,184.55,184.55,0,19
2026-09-25 22:10:00,NIFTY,PE,23050.0,NIFTY26SEP23050PE,44.4,44.4,44.4,44.4,0,19
2026-09-25 22:10:00,NIFTY,CE,23100.0,NIFTY26SEP23100CE,150.15,150.15,150.15,150.15,0,19
2026-09-25 22:10:00,NIFTY,PE,23100.0,NIFTY26SEP23100PE,58.3,58.3,58.3,58.3,0,19
2026-09-25 22:10:00,NIFTY,CE,23150.0,NIFTY26SEP23150CE,119.25,119.25,119.25,119.25,0,19
2026-09-25 22:10:00,NIFTY,PE,23150.0,NIFTY26SEP23150PE,76.75,76.75,76.75,76.75,0,19
2026-09-25 22:10:00,NIFTY,CE,23200.0,NIFTY26SEP23200CE,92.0,92.0,92.0,92.0,0,19
2026-09-25 22:10:00,NIFTY,PE,23200.0,NIFTY26SEP23200PE,99.1,99.1,99.1,99.1,0,19
2026-09-25 22:10:00,NIFTY,CE,23250.0,NIFTY26SEP23250CE,68.85,68.85,68.85,68.85,0,19
2026-09-25 22:10:00,NIFTY,PE,23250.0,NIFTY26SEP23250PE,128.1,128.1,128.1,128.1,0,19
2026-09-25 22:10:00,NIFTY,CE,23300.0,NIFTY26SEP23300CE,50.9,50.9,50.9,50.9,0,19
2026-09-25 22:10:00,NIFTY,PE,23300.0,NIFTY26SEP23300PE,157.75,157.75,157.75,157.75,0,19
2026-09-25 22:10:00,NIFTY,CE,23350.0,NIFTY26SEP23350CE,37.05,37.05,37.05,37.05,0,19
2026-09-25 22:10:00,NIFTY,PE,23350.0,NIFTY26SEP23350PE,194.35,194.35,194.35,194.35,0,19
2026-09-25 22:10:00,NIFTY,CE,23400.0,NIFTY26SEP23400CE,26.6,26.6,26.6,26.6,0,19
2026-09-25 22:10:00,NIFTY,PE,23400.0,NIFTY26SEP23400PE,233.0,233.0,233.0,233.0,0,19
2026-09-25 22:10:00,NIFTY,CE,23450.0,NIFTY26SEP23450CE,18.8,18.8,18.8,18.8,0,19
2026-09-25 22:10:00,NIFTY,PE,23450.0,NIFTY26SEP23450PE,274.55,274.55,274.55,274.55,0,19
2026-09-25 22:11:00,NIFTY,FUT,0.0,NIFTY26SEPFUT,23190.0,23190.0,23190.0,23190.0,0,18
2026-09-25 22:11:00,NIFTY,SPOT,0.0,Nifty 50,23140.5,23140.5,23140.5,23140.5,0,18
2026-09-25 22:11:00,NIFTY,CE,22850.0,NIFTY26SEP22850CE,358.05,358.05,358.05,358.05,0,18
2026-09-25 22:11:00,NIFTY,PE,22850.0,NIFTY26SEP22850PE,14.15,14.15,14.15,14.15,0,18
2026-09-25 22:11:00,NIFTY,CE,22900.0,NIFTY26SEP22900CE,310.8,310.8,310.8,310.8,0,18
2026-09-25 22:11:00,NIFTY,PE,22900.0,NIFTY26SEP22900PE,19.1,19.1,19.1,19.1,0,18
2026-09-25 22:11:00,NIFTY,CE,22950.0,NIFTY26SEP22950CE,265.9,265.9,265.9,265.9,0,18
2026-09-25 22:11:00,NIFTY,PE,22950.0,NIFTY26SEP22950PE,24.95,24.95,24.95,24.95,0,18
2026-09-25 22:11:00,NIFTY,CE,23000.0,NIFTY26SEP23000CE,224.35,224.35,224.35,224.35,0,18
2026-09-25 22:11:00,NIFTY,PE,23000.0,NIFTY26SEP23000PE,34.0,34.0,34.0,34.0,0,18
2026-09-25 22:11:00,NIFTY,CE,23050.0,NIFTY26SEP23050CE,184.55,184.55,184.55,184.55,0,18
2026-09-25 22:11:00,NIFTY,PE,23050.0,NIFTY26SEP23050PE,44.4,44.4,44.4,44.4,0,18
2026-09-25 22:11:00,NIFTY,CE,23100.0,NIFTY26SEP23100CE,150.15,150.15,150.15,150.15,0,18
2026-09-25 22:11:00,NIFTY,PE,23100.0,NIFTY26SEP23100PE,58.3,58.3,58.3,58.3,0,18
2026-09-25 22:11:00,NIFTY,CE,23150.0,NIFTY26SEP23150CE,119.25,119.25,119.25,119.25,0,18
2026-09-25 22:11:00,NIFTY,PE,23150.0,NIFTY26SEP23150PE,76.75,76.75,76.75,76.75,0,18
2026-09-25 22:11:00,NIFTY,CE,23200.0,NIFTY26SEP23200CE,92.0,92.0,92.0,92.0,0,18
2026-09-25 22:11:00,NIFTY,PE,23200.0,NIFTY26SEP23200PE,99.1,99.1,99.1,99.1,0,18
2026-09-25 22:11:00,NIFTY,CE,23250.0,NIFTY26SEP23250CE,68.85,68.85,68.85,68.85,0,18
2026-09-25 22:11:00,NIFTY,PE,23250.0,NIFTY26SEP23250PE,128.1,128.1,128.1,128.1,0,18
2026-09-25 22:11:00,NIFTY,CE,23300.0,NIFTY26SEP23300CE,50.9,50.9,50.9,50.9,0,18
2026-09-25 22:11:00,NIFTY,PE,23300.0,NIFTY26SEP23300PE,157.75,157.75,157.75,157.75,0,18
2026-09-25 22:11:00,NIFTY,CE,23350.0,NIFTY26SEP23350CE,37.05,37.05,37.05,37.05,0,18
2026-09-25 22:11:00,NIFTY,PE,23350.0,NIFTY26SEP23350PE,194.35,194.35,194.35,194.35,0,18
2026-09-25 22:11:00,NIFTY,CE,23400.0,NIFTY26SEP23400CE,26.6,26.6,26.6,26.6,0,18
2026-09-25 22:11:00,NIFTY,PE,23400.0,NIFTY26SEP23400PE,233.0,233.0,233.0,233.0,0,18
2026-09-25 22:11:00,NIFTY,CE,23450.0,NIFTY26SEP23450CE,18.8,18.8,18.8,18.8,0,18
2026-09-25 22:11:00,NIFTY,PE,23450.0,NIFTY26SEP23450PE,274.55,274.55,274.55,274.55,0,18
2026-09-25 22:12:00,NIFTY,FUT,0.0,NIFTY26SEPFUT,23190.0,23190.0,23190.0,23190.0,0,19
2026-09-25 22:12:00,NIFTY,SPOT,0.0,Nifty 50,23140.5,23140.5,23140.5,23140.5,0,19
2026-09-25 22:12:00,NIFTY,CE,22850.0,NIFTY26SEP22850CE,358.05,358.05,358.05,358.05,0,19
2026-09-25 22:12:00,NIFTY,PE,22850.0,NIFTY26SEP22850PE,14.15,14.15,14.15,14.15,0,19
2026-09-25 22:12:00,NIFTY,CE,22900.0,NIFTY26SEP22900CE,310.8,310.8,310.8,310.8,0,19
2026-09-25 22:12:00,NIFTY,PE,22900.0,NIFTY26SEP22900PE,19.1,19.1,19.1,19.1,0,19
2026-09-25 22:12:00,NIFTY,CE,22950.0,NIFTY26SEP22950CE,265.9,265.9,265.9,265.9,0,19
2026-09-25 22:12:00,NIFTY,PE,22950.0,NIFTY26SEP22950PE,24.95,24.95,24.95,24.95,0,19
2026-09-25 22:12:00,NIFTY,CE,23000.0,NIFTY26SEP23000CE,224.35,224.35,224.35,224.35,0,19
2026-09-25 22:12:00,NIFTY,PE,23000.0,NIFTY26SEP23000PE,34.0,34.0,34.0,34.0,0,19
2026-09-25 22:12:00,NIFTY,CE,23050.0,NIFTY26SEP23050CE,184.55,184.55,184.55,184.55,0,19
2026-09-25 22:12:00,NIFTY,PE,23050.0,NIFTY26SEP23050PE,44.4,44.4,44.4,44.4,0,19
2026-09-25 22:12:00,NIFTY,CE,23100.0,NIFTY26SEP23100CE,150.15,150.15,150.15,150.15,0,19
2026-09-25 22:12:00,NIFTY,PE,23100.0,NIFTY26SEP23100PE,58.3,58.3,58.3,58.3,0,19
2026-09-25 22:12:00,NIFTY,CE,23150.0,NIFTY26SEP23150CE,119.25,119.25,119.25,119.25,0,19
2026-09-25 22:12:00,NIFTY,PE,23150.0,NIFTY26SEP23150PE,76.75,76.75,76.75,76.75,0,19
2026-09-25 22:12:00,NIFTY,CE,23200.0,NIFTY26SEP23200CE,92.0,92.0,92.0,92.0,0,19
2026-09-25 22:12:00,NIFTY,PE,23200.0,NIFTY26SEP23200PE,99.1,99.1,99.1,99.1,0,19
2026-09-25 22:12:00,NIFTY,CE,23250.0,NIFTY26SEP23250CE,68.85,68.85,68.85,68.85,0,19
2026-09-25 22:12:00,NIFTY,PE,23250.0,NIFTY26SEP23250PE,128.1,128.1,128.1,128.1,0,19
2026-09-25 22:12:00,NIFTY,CE,23300.0,NIFTY26SEP23300CE,50.9,50.9,50.9,50.9,0,19
2026-09-25 22:12:00,NIFTY,PE,23300.0,NIFTY26SEP23300PE,157.75,157.75,157.75,157.75,0,19
2026-09-25 22:12:00,NIFTY,CE,23350.0,NIFTY26SEP23350CE,37.05,37.05,37.05,37.05,0,19
2026-09-25 22:12:00,NIFTY,PE,23350.0,NIFTY26SEP23350PE,194.35,194.35,194.35,194.35,0,19
2026-09-25 22:12:00,NIFTY,CE,23400.0,NIFTY26SEP23400CE,26.6,26.6,26.6,26.6,0,19
2026-09-25 22:12:00,NIFTY,PE,23400.0,NIFTY26SEP23400PE,233.0,233.0,233.0,233.0,0,19
2026-09-25 22:12:00,NIFTY,CE,23450.0,NIFTY26SEP23450CE,18.8,18.8,18.8,18.8,0,19
2026-09-25 22:12:00,NIFTY,PE,23450.0,NIFTY26SEP23450PE,274.55,274.55,274.55,274.55,0,19
2026-09-25 22:13:00,NIFTY,FUT,0.0,NIFTY26SEPFUT,23190.0,23190.0,23190.0,23190.0,0,19
2026-09-25 22:13:00,NIFTY,SPOT,0.0,Nifty 50,23140.5,23140.5,23140.5,23140.5,0,19
2026-09-25 22:13:00,NIFTY,CE,22850.0,NIFTY26SEP22850CE,358.05,358.05,358.05,358.05,0,19
2026-09-25 22:13:00,NIFTY,PE,22850.0,NIFTY26SEP22850PE,14.15,14.15,14.15,14.15,0,19
2026-09-25 22:13:00,NIFTY,CE,22900.0,NIFTY26SEP22900CE,310.8,310.8,310.8,310.8,0,19
2026-09-25 22:13:00,NIFTY,PE,22900.0,NIFTY26SEP22900PE,19.1,19.1,19.1,19.1,0,19
2026-09-25 22:13:00,NIFTY,CE,22950.0,NIFTY26SEP22950CE,265.9,265.9,265.9,265.9,0,19
2026-09-25 22:13:00,NIFTY,PE,22950.0,NIFTY26SEP22950PE,24.95,24.95,24.95,24.95,0,19
2026-09-25 22:13:00,NIFTY,CE,23000.0,NIFTY26SEP23000CE,224.35,224.35,224.35,224.35,0,19
2026-09-25 22:13:00,NIFTY,PE,23000.0,NIFTY26SEP23000PE,34.0,34.0,34.0,34.0,0,19
2026-09-25 22:13:00,NIFTY,CE,23050.0,NIFTY26SEP23050CE,184.55,184.55,184.55,184.55,0,19
2026-09-25 22:13:00,NIFTY,PE,23050.0,NIFTY26SEP23050PE,44.4,44.4,44.4,44.4,0,19
2026-09-25 22:13:00,NIFTY,CE,23100.0,NIFTY26SEP23100CE,150.15,150.15,150.15,150.15,0,19
2026-09-25 22:13:00,NIFTY,PE,23100.0,NIFTY26SEP23100PE,58.3,58.3,58.3,58.3,0,19
2026-09-25 22:13:00,NIFTY,CE,23150.0,NIFTY26SEP23150CE,119.25,119.25,119.25,119.25,0,19
2026-09-25 22:13:00,NIFTY,PE,23150.0,NIFTY26SEP23150PE,76.75,76.75,76.75,76.75,0,19
2026-09-25 22:13:00,NIFTY,CE,23200.0,NIFTY26SEP23200CE,92.0,92.0,92.0,92.0,0,19
2026-09-25 22:13:00,NIFTY,PE,23200.0,NIFTY26SEP23200PE,99.1,99.1,99.1,99.1,0,19
2026-09-25 22:13:00,NIFTY,CE,23250.0,NIFTY26SEP23250CE,68.85,68.85,68.85,68.85,0,19
2026-09-25 22:13:00,NIFTY,PE,23250.0,NIFTY26SEP23250PE,128.1,128.1,128.1,128.1,0,19
2026-09-25 22:13:00,NIFTY,CE,23300.0,NIFTY26SEP23300CE,50.9,50.9,50.9,50.9,0,19
2026-09-25 22:13:00,NIFTY,PE,23300.0,NIFTY26SEP23300PE,157.75,157.75,157.75,157.75,0,19
2026-09-25 22:13:00,NIFTY,CE,23350.0,NIFTY26SEP23350CE,37.05,37.05,37.05,37.05,0,19
2026-09-25 22:13:00,NIFTY,PE,23350.0,NIFTY26SEP23350PE,194.35,194.35,194.35,194.35,0,19
2026-09-25 22:13:00,NIFTY,CE,23400.0,NIFTY26SEP23400CE,26.6,26.6,26.6,26.6,0,19
2026-09-25 22:13:00,NIFTY,PE,23400.0,NIFTY26SEP23400PE,233.0,233.0,233.0,233.0,0,19
2026-09-25 22:13:00,NIFTY,CE,23450.0,NIFTY26SEP23450CE,18.8,18.8,18.8,18.8,0,19
2026-09-25 22:13:00,NIFTY,PE,23450.0,NIFTY26SEP23450PE,274.55,274.55,274.55,274.55,0,19
2026-09-25 22:14:00,NIFTY,FUT,0.0,NIFTY26SEPFUT,23190.0,23190.0,23190.0,23190.0,0,19
2026-09-25 22:14:00,NIFTY,SPOT,0.0,Nifty 50,23140.5,23140.5,23140.5,23140.5,0,19
2026-09-25 22:14:00,NIFTY,CE,22850.0,NIFTY26SEP22850CE,358.05,358.05,358.05,358.05,0,19
2026-09-25 22:14:00,NIFTY,PE,22850.0,NIFTY26SEP22850PE,14.15,14.15,14.15,14.15,0,19
2026-09-25 22:14:00,NIFTY,CE,22900.0,NIFTY26SEP22900CE,310.8,310.8,310.8,310.8,0,19
2026-09-25 22:14:00,NIFTY,PE,22900.0,NIFTY26SEP22900PE,19.1,19.1,19.1,19.1,0,19
2026-09-25 22:14:00,NIFTY,CE,22950.0,NIFTY26SEP22950CE,265.9,265.9,265.9,265.9,0,19
2026-09-25 22:14:00,NIFTY,PE,22950.0,NIFTY26SEP22950PE,24.95,24.95,24.95,24.95,0,19
2026-09-25 22:14:00,NIFTY,CE,23000.0,NIFTY26SEP23000CE,224.35,224.35,224.35,224.35,0,19
2026-09-25 22:14:00,NIFTY,PE,23000.0,NIFTY26SEP23000PE,34.0,34.0,34.0,34.0,0,19
2026-09-25 22:14:00,NIFTY,CE,23050.0,NIFTY26SEP23050CE,184.55,184.55,184.55,184.55,0,19
2026-09-25 22:14:00,NIFTY,PE,23050.0,NIFTY26SEP23050PE,44.4,44.4,44.4,44.4,0,19
2026-09-25 22:14:00,NIFTY,CE,23100.0,NIFTY26SEP23100CE,150.15,150.15,150.15,150.15,0,19
2026-09-25 22:14:00,NIFTY,PE,23100.0,NIFTY26SEP23100PE,58.3,58.3,58.3,58.3,0,19
2026-09-25 22:14:00,NIFTY,CE,23150.0,NIFTY26SEP23150CE,119.25,119.25,119.25,119.25,0,19
2026-09-25 22:14:00,NIFTY,PE,23150.0,NIFTY26SEP23150PE,76.75,76.75,76.75,76.75,0,19
2026-09-25 22:14:00,NIFTY,CE,23200.0,NIFTY26SEP23200CE,92.0,92.0,92.0,92.0,0,19
2026-09-25 22:14:00,NIFTY,PE,23200.0,NIFTY26SEP23200PE,99.1,99.1,99.1,99.1,0,19
2026-09-25 22:14:00,NIFTY,CE,23250.0,NIFTY26SEP23250CE,68.85,68.85,68.85,68.85,0,19
2026-09-25 22:14:00,NIFTY,PE,23250.0,NIFTY26SEP23250PE,128.1,128.1,128.1,128.1,0,19
2026-09-25 22:14:00,NIFTY,CE,23300.0,NIFTY26SEP23300CE,50.9,50.9,50.9,50.9,0,19
2026-09-25 22:14:00,NIFTY,PE,23300.0,NIFTY26SEP23300PE,157.75,157.75,157.75,157.75,0,19
2026-09-25 22:14:00,NIFTY,CE,23350.0,NIFTY26SEP23350CE,37.05,37.05,37.05,37.05,0,19
2026-09-25 22:14:00,NIFTY,PE,23350.0,NIFTY26SEP23350PE,194.35,194.35,194.35,194.35,0,19
2026-09-25 22:14:00,NIFTY,CE,23400.0,NIFTY26SEP23400CE,26.6,26.6,26.6,26.6,0,19
2026-09-25 22:14:00,NIFTY,PE,23400.0,NIFTY26SEP23400PE,233.0,233.0,233.0,233.0,0,19
2026-09-25 22:14:00,NIFTY,CE,23450.0,NIFTY26SEP23450CE,18.8,18.8,18.8,18.8,0,19
2026-09-25 22:14:00,NIFTY,PE,23450.0,NIFTY26SEP23450PE,274.55,274.55,274.55,274.55,0,19
2026-09-25 22:15:00,NIFTY,FUT,0.0,NIFTY26SEPFUT,23190.0,23190.0,23190.0,23190.0,0,19
2026-09-25 22:15:00,NIFTY,SPOT,0.0,Nifty 50,23140.5,23140.5,23140.5,23140.5,0,19
2026-09-25 22:15:00,NIFTY,CE,22850.0,NIFTY26SEP22850CE,358.05,358.05,358.05,358.05,0,19
2026-09-25 22:15:00,NIFTY,PE,22850.0,NIFTY26SEP22850PE,14.15,14.15,14.15,14.15,0,19
2026-09-25 22:15:00,NIFTY,CE,22900.0,NIFTY26SEP22900CE,310.8,310.8,310.8,310.8,0,19
2026-09-25 22:15:00,NIFTY,PE,22900.0,NIFTY26SEP22900PE,19.1,19.1,19.1,19.1,0,19
2026-09-25 22:15:00,NIFTY,CE,22950.0,NIFTY26SEP22950CE,265.9,265.9,265.9,265.9,0,19
2026-09-25 22:15:00,NIFTY,PE,22950.0,NIFTY26SEP22950PE,24.95,24.95,24.95,24.95,0,19
2026-09-25 22:15:00,NIFTY,CE,23000.0,NIFTY26SEP23000CE,224.35,224.35,224.35,224.35,0,19
2026-09-25 22:15:00,NIFTY,PE,23000.0,NIFTY26SEP23000PE,34.0,34.0,34.0,34.0,0,19
2026-09-25 22:15:00,NIFTY,CE,23050.0,NIFTY26SEP23050CE,184.55,184.55,184.55,184.55,0,19
2026-09-25 22:15:00,NIFTY,PE,23050.0,NIFTY26SEP23050PE,44.4,44.4,44.4,44.4,0,19
2026-09-25 22:15:00,NIFTY,CE,23100.0,NIFTY26SEP23100CE,150.15,150.15,150.15,150.15,0,19
2026-09-25 22:15:00,NIFTY,PE,23100.0,NIFTY26SEP23100PE,58.3,58.3,58.3,58.3,0,19
2026-09-25 22:15:00,NIFTY,CE,23150.0,NIFTY26SEP23150CE,119.25,119.25,119.25,119.25,0,19
2026-09-25 22:15:00,NIFTY,PE,23150.0,NIFTY26SEP23150PE,76.75,76.75,76.75,76.75,0,19
2026-09-25 22:15:00,NIFTY,CE,23200.0,NIFTY26SEP23200CE,92.0,92.0,92.0,92.0,0,19
2026-09-25 22:15:00,NIFTY,PE,23200.0,NIFTY26SEP23200PE,99.1,99.1,99.1,99.1,0,19
2026-09-25 22:15:00,NIFTY,CE,23250.0,NIFTY26SEP23250CE,68.85,68.85,68.85,68.85,0,19
2026-09-25 22:15:00,NIFTY,PE,23250.0,NIFTY26SEP23250PE,128.1,128.1,128.1,128.1,0,19
2026-09-25 22:15:00,NIFTY,CE,23300.0,NIFTY26SEP23300CE,50.9,50.9,50.9,50.9,0,19
2026-09-25 22:15:00,NIFTY,PE,23300.0,NIFTY26SEP23300PE,157.75,157.75,157.75,157.75,0,19
2026-09-25 22:15:00,NIFTY,CE,23350.0,NIFTY26SEP23350CE,37.05,37.05,37.05,37.05,0,19
2026-09-25 22:15:00,NIFTY,PE,23350.0,NIFTY26SEP23350PE,194.35,194.35,194.35,194.35,0,19
2026-09-25 22:15:00,NIFTY,CE,23400.0,NIFTY26SEP23400CE,26.6,26.6,26.6,26.6,0,19
2026-09-25 22:15:00,NIFTY,PE,23400.0,NIFTY26SEP23400PE,233.0,233.0,233.0,233.0,0,19
2026-09-25 22:15:00,NIFTY,CE,23450.0,NIFTY26SEP23450CE,18.8,18.8,18.8,18.8,0,19
2026-09-25 22:15:00,NIFTY,PE,23450.0,NIFTY26SEP23450PE,274.55,274.55,274.55,274.55,0,19
2026-09-25 22:16:00,NIFTY,FUT,0.0,NIFTY26SEPFUT,23190.0,23190.0,23190.0,23190.0,0,19
2026-09-25 22:16:00,NIFTY,SPOT,0.0,Nifty 50,23140.5,23140.5,23140.5,23140.5,0,19
2026-09-25 22:16:00,NIFTY,CE,22850.0,NIFTY26SEP22850CE,358.05,358.05,358.05,358.05,0,19
2026-09-25 22:16:00,NIFTY,PE,22850.0,NIFTY26SEP22850PE,14.15,14.15,14.15,14.15,0,19
2026-09-25 22:16:00,NIFTY,CE,22900.0,NIFTY26SEP22900CE,310.8,310.8,310.8,310.8,0,19
2026-09-25 22:16:00,NIFTY,PE,22900.0,NIFTY26SEP22900PE,19.1,19.1,19.1,19.1,0,19
2026-09-25 22:16:00,NIFTY,CE,22950.0,NIFTY26SEP22950CE,265.9,265.9,265.9,265.9,0,19
2026-09-25 22:16:00,NIFTY,PE,22950.0,NIFTY26SEP22950PE,24.95,24.95,24.95,24.95,0,19
2026-09-25 22:16:00,NIFTY,CE,23000.0,NIFTY26SEP23000CE,224.35,224.35,224.35,224.35,0,19
2026-09-25 22:16:00,NIFTY,PE,23000.0,NIFTY26SEP23000PE,34.0,34.0,34.0,34.0,0,19
2026-09-25 22:16:00,NIFTY,CE,23050.0,NIFTY26SEP23050CE,184.55,184.55,184.55,184.55,0,19
2026-09-25 22:16:00,NIFTY,PE,23050.0,NIFTY26SEP23050PE,44.4,44.4,44.4,44.4,0,19
2026-09-25 22:16:00,NIFTY,CE,23100.0,NIFTY26SEP23100CE,150.15,150.15,150.15,150.15,0,19
2026-09-25 22:16:00,NIFTY,PE,23100.0,NIFTY26SEP23100PE,58.3,58.3,58.3,58.3,0,19
2026-09-25 22:16:00,NIFTY,CE,23150.0,NIFTY26SEP23150CE,119.25,119.25,119.25,119.25,0,19
2026-09-25 22:16:00,NIFTY,PE,23150.0,NIFTY26SEP23150PE,76.75,76.75,76.75,76.75,0,19
2026-09-25 22:16:00,NIFTY,CE,23200.0,NIFTY26SEP23200CE,92.0,92.0,92.0,92.0,0,19
2026-09-25 22:16:00,NIFTY,PE,23200.0,NIFTY26SEP23200PE,99.1,99.1,99.1,99.1,0,19
2026-09-25 22:16:00,NIFTY,CE,23250.0,NIFTY26SEP23250CE,68.85,68.85,68.85,68.85,0,19
2026-09-25 22:16:00,NIFTY,PE,23250.0,NIFTY26SEP23250PE,128.1,128.1,128.1,128.1,0,19
2026-09-25 22:16:00,NIFTY,CE,23300.0,NIFTY26SEP23300CE,50.9,50.9,50.9,50.9,0,19
2026-09-25 22:16:00,NIFTY,PE,23300.0,NIFTY26SEP23300PE,157.75,157.75,157.75,157.75,0,19
2026-09-25 22:16:00,NIFTY,CE,23350.0,NIFTY26SEP23350CE,37.05,37.05,37.05,37.05,0,19
2026-09-25 22:16:00,NIFTY,PE,23350.0,NIFTY26SEP23350PE,194.35,194.35,194.35,194.35,0,19
2026-09-25 22:16:00,NIFTY,CE,23400.0,NIFTY26SEP23400CE,26.6,26.6,26.6,26.6,0,19
2026-09-25 22:16:00,NIFTY,PE,23400.0,NIFTY26SEP23400PE,233.0,233.0,233.0,233.0,0,19
2026-09-25 22:16:00,NIFTY,CE,23450.0,NIFTY26SEP23450CE,18.8,18.8,18.8,18.8,0,19
2026-09-25 22:16:00,NIFTY,PE,23450.0,NIFTY26SEP23450PE,274.55,274.55,274.55,274.55,0,19
2026-09-25 22:17:00,NIFTY,FUT,0.0,NIFTY26SEPFUT,23190.0,23190.0,23190.0,23190.0,0,19
2026-09-25 22:17:00,NIFTY,SPOT,0.0,Nifty 50,23140.5,23140.5,23140.5,23140.5,0,19
2026-09-25 22:17:00,NIFTY,CE,22850.0,NIFTY26SEP22850CE,358.05,358.05,358.05,358.05,0,19
2026-09-25 22:17:00,NIFTY,PE,22850.0,NIFTY26SEP22850PE,14.15,14.15,14.15,14.15,0,19
2026-09-25 22:17:00,NIFTY,CE,22900.0,NIFTY26SEP22900CE,310.8,310.8,310.8,310.8,0,19
2026-09-25 22:17:00,NIFTY,PE,22900.0,NIFTY26SEP22900PE,19.1,19.1,19.1,19.1,0,19
2026-09-25 22:17:00,NIFTY,CE,22950.0,NIFTY26SEP22950CE,265.9,265.9,265.9,265.9,0,19
2026-09-25 22:17:00,NIFTY,PE,22950.0,NIFTY26SEP22950PE,24.95,24.95,24.95,24.95,0,19
2026-09-25 22:17:00,NIFTY,CE,23000.0,NIFTY26SEP23000CE,224.35,224.35,224.35,224.35,0,19
2026-09-25 22:17:00,NIFTY,PE,23000.0,NIFTY26SEP23000PE,34.0,34.0,34.0,34.0,0,19
2026-09-25 22:17:00,NIFTY,CE,23050.0,NIFTY26SEP23050CE,184.55,184.55,184.55,184.55,0,19
2026-09-25 22:17:00,NIFTY,PE,23050.0,NIFTY26SEP23050PE,44.4,44.4,44.4,44.4,0,19
2026-09-25 22:17:00,NIFTY,CE,23100.0,NIFTY26SEP23100CE,150.15,150.15,150.15,150.15,0,19
2026-09-25 22:17:00,NIFTY,PE,23100.0,NIFTY26SEP23100PE,58.3,58.3,58.3,58.3,0,19
2026-09-25 22:17:00,NIFTY,CE,23150.0,NIFTY26SEP23150CE,119.25,119.25,119.25,119.25,0,19
2026-09-25 22:17:00,NIFTY,PE,23150.0,NIFTY26SEP23150PE,76.75,76.75,76.75,76.75,0,19
2026-09-25 22:17:00,NIFTY,CE,23200.0,NIFTY26SEP23200CE,92.0,92.0,92.0,92.0,0,19
2026-09-25 22:17:00,NIFTY,PE,23200.0,NIFTY26SEP23200PE,99.1,99.1,99.1,99.1,0,19
2026-09-25 22:17:00,NIFTY,CE,23250.0,NIFTY26SEP23250CE,68.85,68.85,68.85,68.85,0,19
2026-09-25 22:17:00,NIFTY,PE,23250.0,NIFTY26SEP23250PE,128.1,128.1,128.1,128.1,0,19
2026-09-25 22:17:00,NIFTY,CE,23300.0,NIFTY26SEP23300CE,50.9,50.9,50.9,50.9,0,19
2026-09-25 22:17:00,NIFTY,PE,23300.0,NIFTY26SEP23300PE,157.75,157.75,157.75,157.75,0,19
2026-09-25 22:17:00,NIFTY,CE,23350.0,NIFTY26SEP23350CE,37.05,37.05,37.05,37.05,0,19
2026-09-25 22:17:00,NIFTY,PE,23350.0,NIFTY26SEP23350PE,194.35,194.35,194.35,194.35,0,19
2026-09-25 22:17:00,NIFTY,CE,23400.0,NIFTY26SEP23400CE,26.6,26.6,26.6,26.6,0,19
2026-09-25 22:17:00,NIFTY,PE,23400.0,NIFTY26SEP23400PE,233.0,233.0,233.0,233.0,0,19
2026-09-25 22:17:00,NIFTY,CE,23450.0,NIFTY26SEP23450CE,18.8,18.8,18.8,18.8,0,19
2026-09-25 22:17:00,NIFTY,PE,23450.0,NIFTY26SEP23450PE,274.55,274.55,274.55,274.55,0,19
2026-09-25 22:18:00,NIFTY,FUT,0.0,NIFTY26SEPFUT,23190.0,23190.0,23190.0,23190.0,0,19
2026-09-25 22:18:00,NIFTY,SPOT,0.0,Nifty 50,23140.5,23140.5,23140.5,23140.5,0,19
2026-09-25 22:18:00,NIFTY,CE,22850.0,NIFTY26SEP22850CE,358.05,358.05,358.05,358.05,0,19
2026-09-25 22:18:00,NIFTY,PE,22850.0,NIFTY26SEP22850PE,14.15,14.15,14.15,14.15,0,19
2026-09-25 22:18:00,NIFTY,CE,22900.0,NIFTY26SEP22900CE,310.8,310.8,310.8,310.8,0,19
2026-09-25 22:18:00,NIFTY,PE,22900.0,NIFTY26SEP22900PE,19.1,19.1,19.1,19.1,0,19
2026-09-25 22:18:00,NIFTY,CE,22950.0,NIFTY26SEP22950CE,265.9,265.9,265.9,265.9,0,19
2026-09-25 22:18:00,NIFTY,PE,22950.0,NIFTY26SEP22950PE,24.95,24.95,24.95,24.95,0,19
2026-09-25 22:18:00,NIFTY,CE,23000.0,NIFTY26SEP23000CE,224.35,224.35,224.35,224.35,0,19
2026-09-25 22:18:00,NIFTY,PE,23000.0,NIFTY26SEP23000PE,34.0,34.0,34.0,34.0,0,19
2026-09-25 22:18:00,NIFTY,CE,23050.0,NIFTY26SEP23050CE,184.55,184.55,184.55,184.55,0,19
2026-09-25 22:18:00,NIFTY,PE,23050.0,NIFTY26SEP23050PE,44.4,44.4,44.4,44.4,0,19
2026-09-25 22:18:00,NIFTY,CE,23100.0,NIFTY26SEP23100CE,150.15,150.15,150.15,150.15,0,19
2026-09-25 22:18:00,NIFTY,PE,23100.0,NIFTY26SEP23100PE,58.3,58.3,58.3,58.3,0,19
2026-09-25 22:18:00,NIFTY,CE,23150.0,NIFTY26SEP23150CE,119.25,119.25,119.25,119.25,0,19
2026-09-25 22:18:00,NIFTY,PE,23150.0,NIFTY26SEP23150PE,76.75,76.75,76.75,76.75,0,19
2026-09-25 22:18:00,NIFTY,CE,23200.0,NIFTY26SEP23200CE,92.0,92.0,92.0,92.0,0,19
2026-09-25 22:18:00,NIFTY,PE,23200.0,NIFTY26SEP23200PE,99.1,99.1,99.1,99.1,0,19
2026-09-25 22:18:00,NIFTY,CE,23250.0,NIFTY26SEP23250CE,68.85,68.85,68.85,68.85,0,19
2026-09-25 22:18:00,NIFTY,PE,23250.0,NIFTY26SEP23250PE,128.1,128.1,128.1,128.1,0,19
2026-09-25 22:18:00,NIFTY,CE,23300.0,NIFTY26SEP23300CE,50.9,50.9,50.9,50.9,0,19
2026-09-25 22:18:00,NIFTY,PE,23300.0,NIFTY26SEP23300PE,157.75,157.75,157.75,157.75,0,19
2026-09-25 22:18:00,NIFTY,CE,23350.0,NIFTY26SEP23350CE,37.05,37.05,37.05,37.05,0,19
2026-09-25 22:18:00,NIFTY,PE,23350.0,NIFTY26SEP23350PE,194.35,194.35,194.35,194.35,0,19
2026-09-25 22:18:00,NIFTY,CE,23400.0,NIFTY26SEP23400CE,26.6,26.6,26.6,26.6,0,19
2026-09-25 22:18:00,NIFTY,PE,23400.0,NIFTY26SEP23400PE,233.0,233.0,233.0,233.0,0,19
2026-09-25 22:18:00,NIFTY,CE,23450.0,NIFTY26SEP23450CE,18.8,18.8,18.8,18.8,0,19
2026-09-25 22:18:00,NIFTY,PE,23450.0,NIFTY26SEP23450PE,274.55,274.55,274.55,274.55,0,19
2026-09-25 22:19:00,NIFTY,FUT,0.0,NIFTY26SEPFUT,23190.0,23190.0,23190.0,23190.0,0,19
2026-09-25 22:19:00,NIFTY,SPOT,0.0,Nifty 50,23140.5,23140.5,23140.5,23140.5,0,19
2026-09-25 22:19:00,NIFTY,CE,22850.0,NIFTY26SEP22850CE,358.05,358.05,358.05,358.05,0,19
2026-09-25 22:19:00,NIFTY,PE,22850.0,NIFTY26SEP22850PE,14.15,14.15,14.15,14.15,0,19
2026-09-25 22:19:00,NIFTY,CE,22900.0,NIFTY26SEP22900CE,310.8,310.8,310.8,310.8,0,19
2026-09-25 22:19:00,NIFTY,PE,22900.0,NIFTY26SEP22900PE,19.1,19.1,19.1,19.1,0,19
2026-09-25 22:19:00,NIFTY,CE,22950.0,NIFTY26SEP22950CE,265.9,265.9,265.9,265.9,0,19
2026-09-25 22:19:00,NIFTY,PE,22950.0,NIFTY26SEP22950PE,24.95,24.95,24.95,24.95,0,19
2026-09-25 22:19:00,NIFTY,CE,23000.0,NIFTY26SEP23000CE,224.35,224.35,224.35,224.35,0,19
2026-09-25 22:19:00,NIFTY,PE,23000.0,NIFTY26SEP23000PE,34.0,34.0,34.0,34.0,0,19
2026-09-25 22:19:00,NIFTY,CE,23050.0,NIFTY26SEP23050CE,184.55,184.55,184.55,184.55,0,19
2026-09-25 22:19:00,NIFTY,PE,23050.0,NIFTY26SEP23050PE,44.4,44.4,44.4,44.4,0,19
2026-09-25 22:19:00,NIFTY,CE,23100.0,NIFTY26SEP23100CE,150.15,150.15,150.15,150.15,0,19
2026-09-25 22:19:00,NIFTY,PE,23100.0,NIFTY26SEP23100PE,58.3,58.3,58.3,58.3,0,19
2026-09-25 22:19:00,NIFTY,CE,23150.0,NIFTY26SEP23150CE,119.25,119.25,119.25,119.25,0,19
2026-09-25 22:19:00,NIFTY,PE,23150.0,NIFTY26SEP23150PE,76.75,76.75,76.75,76.75,0,19
2026-09-25 22:19:00,NIFTY,CE,23200.0,NIFTY26SEP23200CE,92.0,92.0,92.0,92.0,0,19
2026-09-25 22:19:00,NIFTY,PE,23200.0,NIFTY26SEP23200PE,99.1,99.1,99.1,99.1,0,19
2026-09-25 22:19:00,NIFTY,CE,23250.0,NIFTY26SEP23250CE,68.85,68.85,68.85,68.85,0,19
2026-09-25 22:19:00,NIFTY,PE,23250.0,NIFTY26SEP23250PE,128.1,128.1,128.1,128.1,0,19
2026-09-25 22:19:00,NIFTY,CE,23300.0,NIFTY26SEP23300CE,50.9,50.9,50.9,50.9,0,19
2026-09-25 22:19:00,NIFTY,PE,23300.0,NIFTY26SEP23300PE,157.75,157.75,157.75,157.75,0,19
2026-09-25 22:19:00,NIFTY,CE,23350.0,NIFTY26SEP23350CE,37.05,37.05,37.05,37.05,0,19
2026-09-25 22:19:00,NIFTY,PE,23350.0,NIFTY26SEP23350PE,194.35,194.35,194.35,194.35,0,19
2026-09-25 22:19:00,NIFTY,CE,23400.0,NIFTY26SEP23400CE,26.6,26.6,26.6,26.6,0,19
2026-09-25 22:19:00,NIFTY,PE,23400.0,NIFTY26SEP23400PE,233.0,233.0,233.0,233.0,0,19
2026-09-25 22:19:00,NIFTY,CE,23450.0,NIFTY26SEP23450CE,18.8,18.8,18.8,18.8,0,19
2026-09-25 22:19:00,NIFTY,PE,23450.0,NIFTY26SEP23450PE,274.55,274.55,274.55,274.55,0,19
2026-09-25 22:20:00,NIFTY,FUT,0.0,NIFTY26SEPFUT,23190.0,23190.0,23190.0,23190.0,0,8
2026-09-25 22:20:00,NIFTY,SPOT,0.0,Nifty 50,23140.5,23140.5,23140.5,23140.5,0,8
2026-09-25 22:20:00,NIFTY,CE,22850.0,NIFTY26SEP22850CE,358.05,358.05,358.05,358.05,0,8
2026-09-25 22:20:00,NIFTY,PE,22850.0,NIFTY26SEP22850PE,14.15,14.15,14.15,14.15,0,8
2026-09-25 22:20:00,NIFTY,CE,22900.0,NIFTY26SEP22900CE,310.8,310.8,310.8,310.8,0,8
2026-09-25 22:20:00,NIFTY,PE,22900.0,NIFTY26SEP22900PE,19.1,19.1,19.1,19.1,0,8
2026-09-25 22:20:00,NIFTY,CE,22950.0,NIFTY26SEP22950CE,265.9,265.9,265.9,265.9,0,8
2026-09-25 22:20:00,NIFTY,PE,22950.0,NIFTY26SEP22950PE,24.95,24.95,24.95,24.95,0,8
2026-09-25 22:20:00,NIFTY,CE,23000.0,NIFTY26SEP23000CE,224.35,224.35,224.35,224.35,0,8
2026-09-25 22:20:00,NIFTY,PE,23000.0,NIFTY26SEP23000PE,34.0,34.0,34.0,34.0,0,8
2026-09-25 22:20:00,NIFTY,CE,23050.0,NIFTY26SEP23050CE,184.55,184.55,184.55,184.55,0,8
2026-09-25 22:20:00,NIFTY,PE,23050.0,NIFTY26SEP23050PE,44.4,44.4,44.4,44.4,0,8
2026-09-25 22:20:00,NIFTY,CE,23100.0,NIFTY26SEP23100CE,150.15,150.15,150.15,150.15,0,8
2026-09-25 22:20:00,NIFTY,PE,23100.0,NIFTY26SEP23100PE,58.3,58.3,58.3,58.3,0,8
2026-09-25 22:20:00,NIFTY,CE,23150.0,NIFTY26SEP23150CE,119.25,119.25,119.25,119.25,0,8
2026-09-25 22:20:00,NIFTY,PE,23150.0,NIFTY26SEP23150PE,76.75,76.75,76.75,76.75,0,8
2026-09-25 22:20:00,NIFTY,CE,23200.0,NIFTY26SEP23200CE,92.0,92.0,92.0,92.0,0,8
2026-09-25 22:20:00,NIFTY,PE,23200.0,NIFTY26SEP23200PE,99.1,99.1,99.1,99.1,0,8
2026-09-25 22:20:00,NIFTY,CE,23250.0,NIFTY26SEP23250CE,68.85,68.85,68.85,68.85,0,8
2026-09-25 22:20:00,NIFTY,PE,23250.0,NIFTY26SEP23250PE,128.1,128.1,128.1,128.1,0,8
2026-09-25 22:20:00,NIFTY,CE,23300.0,NIFTY26SEP23300CE,50.9,50.9,50.9,50.9,0,8
2026-09-25 22:20:00,NIFTY,PE,23300.0,NIFTY26SEP23300PE,157.75,157.75,157.75,157.75,0,8
2026-09-25 22:20:00,NIFTY,CE,23350.0,NIFTY26SEP23350CE,37.05,37.05,37.05,37.05,0,8
2026-09-25 22:20:00,NIFTY,PE,23350.0,NIFTY26SEP23350PE,194.35,194.35,194.35,194.35,0,8
2026-09-25 22:20:00,NIFTY,CE,23400.0,NIFTY26SEP23400CE,26.6,26.6,26.6,26.6,0,8
2026-09-25 22:20:00,NIFTY,PE,23400.0,NIFTY26SEP23400PE,233.0,233.0,233.0,233.0,0,8
2026-09-25 22:20:00,NIFTY,CE,23450.0,NIFTY26SEP23450CE,18.8,18.8,18.8,18.8,0,8
2026-09-25 22:20:00,NIFTY,PE,23450.0,NIFTY26SEP23450PE,274.55,274.55,274.55,274.55,0,8
2026-09-25 22:21:00,NIFTY,FUT,0.0,NIFTY26SEPFUT,23190.0,23190.0,23190.0,23190.0,0,11
2026-09-25 22:21:00,NIFTY,SPOT,0.0,Nifty 50,23140.5,23140.5,23140.5,23140.5,0,11
2026-09-25 22:21:00,NIFTY,CE,22850.0,NIFTY26SEP22850CE,358.05,358.05,358.05,358.05,0,11
2026-09-25 22:21:00,NIFTY,PE,22850.0,NIFTY26SEP22850PE,14.15,14.15,14.15,14.15,0,11
2026-09-25 22:21:00,NIFTY,CE,22900.0,NIFTY26SEP22900CE,310.8,310.8,310.8,310.8,0,11
2026-09-25 22:21:00,NIFTY,PE,22900.0,NIFTY26SEP22900PE,19.1,19.1,19.1,19.1,0,11
2026-09-25 22:21:00,NIFTY,CE,22950.0,NIFTY26SEP22950CE,265.9,265.9,265.9,265.9,0,11
2026-09-25 22:21:00,NIFTY,PE,22950.0,NIFTY26SEP22950PE,24.95,24.95,24.95,24.95,0,11
2026-09-25 22:21:00,NIFTY,CE,23000.0,NIFTY26SEP23000CE,224.35,224.35,224.35,224.35,0,11
2026-09-25 22:21:00,NIFTY,PE,23000.0,NIFTY26SEP23000PE,34.0,34.0,34.0,34.0,0,11
2026-09-25 22:21:00,NIFTY,CE,23050.0,NIFTY26SEP23050CE,184.55,184.55,184.55,184.55,0,11
2026-09-25 22:21:00,NIFTY,PE,23050.0,NIFTY26SEP23050PE,44.4,44.4,44.4,44.4,0,11
2026-09-25 22:21:00,NIFTY,CE,23100.0,NIFTY26SEP23100CE,150.15,150.15,150.15,150.15,0,11
2026-09-25 22:21:00,NIFTY,PE,23100.0,NIFTY26SEP23100PE,58.3,58.3,58.3,58.3,0,11
2026-09-25 22:21:00,NIFTY,CE,23150.0,NIFTY26SEP23150CE,119.25,119.25,119.25,119.25,0,11
2026-09-25 22:21:00,NIFTY,PE,23150.0,NIFTY26SEP23150PE,76.75,76.75,76.75,76.75,0,11
2026-09-25 22:21:00,NIFTY,CE,23200.0,NIFTY26SEP23200CE,92.0,92.0,92.0,92.0,0,11
2026-09-25 22:21:00,NIFTY,PE,23200.0,NIFTY26SEP23200PE,99.1,99.1,99.1,99.1,0,11
2026-09-25 22:21:00,NIFTY,CE,23250.0,NIFTY26SEP23250CE,68.85,68.85,68.85,68.85,0,11
2026-09-25 22:21:00,NIFTY,PE,23250.0,NIFTY26SEP23250PE,128.1,128.1,128.1,128.1,0,11
2026-09-25 22:21:00,NIFTY,CE,23300.0,NIFTY26SEP23300CE,50.9,50.9,50.9,50.9,0,11
2026-09-25 22:21:00,NIFTY,PE,23300.0,NIFTY26SEP23300PE,157.75,157.75,157.75,157.75,0,11
2026-09-25 22:21:00,NIFTY,CE,23350.0,NIFTY26SEP23350CE,37.05,37.05,37.05,37.05,0,11
2026-09-25 22:21:00,NIFTY,PE,23350.0,NIFTY26SEP23350PE,194.35,194.35,194.35,194.35,0,11
2026-09-25 22:21:00,NIFTY,CE,23400.0,NIFTY26SEP23400CE,26.6,26.6,26.6,26.6,0,11
2026-09-25 22:21:00,NIFTY,PE,23400.0,NIFTY26SEP23400PE,233.0,233.0,233.0,233.0,0,11
2026-09-25 22:21:00,NIFTY,CE,23450.0,NIFTY26SEP23450CE,18.8,18.8,18.8,18.8,0,11
2026-09-25 22:21:00,NIFTY,PE,23450.0,NIFTY26SEP23450PE,274.55,274.55,274.55,274.55,0,11
2026-09-25 22:22:00,NIFTY,FUT,0.0,NIFTY26SEPFUT,23190.0,23190.0,23190.0,23190.0,0,18
2026-09-25 22:22:00,NIFTY,SPOT,0.0,Nifty 50,23140.5,23140.5,23140.5,23140.5,0,18
2026-09-25 22:22:00,NIFTY,CE,22850.0,NIFTY26SEP22850CE,358.05,358.05,358.05,358.05,0,18
2026-09-25 22:22:00,NIFTY,PE,22850.0,NIFTY26SEP22850PE,14.15,14.15,14.15,14.15,0,18
2026-09-25 22:22:00,NIFTY,CE,22900.0,NIFTY26SEP22900CE,310.8,310.8,310.8,310.8,0,18
2026-09-25 22:22:00,NIFTY,PE,22900.0,NIFTY26SEP22900PE,19.1,19.1,19.1,19.1,0,18
2026-09-25 22:22:00,NIFTY,CE,22950.0,NIFTY26SEP22950CE,265.9,265.9,265.9,265.9,0,18
2026-09-25 22:22:00,NIFTY,PE,22950.0,NIFTY26SEP22950PE,24.95,24.95,24.95,24.95,0,18
2026-09-25 22:22:00,NIFTY,CE,23000.0,NIFTY26SEP23000CE,224.35,224.35,224.35,224.35,0,18
2026-09-25 22:22:00,NIFTY,PE,23000.0,NIFTY26SEP23000PE,34.0,34.0,34.0,34.0,0,18
2026-09-25 22:22:00,NIFTY,CE,23050.0,NIFTY26SEP23050CE,184.55,184.55,184.55,184.55,0,18
2026-09-25 22:22:00,NIFTY,PE,23050.0,NIFTY26SEP23050PE,44.4,44.4,44.4,44.4,0,18
2026-09-25 22:22:00,NIFTY,CE,23100.0,NIFTY26SEP23100CE,150.15,150.15,150.15,150.15,0,18
2026-09-25 22:22:00,NIFTY,PE,23100.0,NIFTY26SEP23100PE,58.3,58.3,58.3,58.3,0,18
2026-09-25 22:22:00,NIFTY,CE,23150.0,NIFTY26SEP23150CE,119.25,119.25,119.25,119.25,0,18
2026-09-25 22:22:00,NIFTY,PE,23150.0,NIFTY26SEP23150PE,76.75,76.75,76.75,76.75,0,18
2026-09-25 22:22:00,NIFTY,CE,23200.0,NIFTY26SEP23200CE,92.0,92.0,92.0,92.0,0,18
2026-09-25 22:22:00,NIFTY,PE,23200.0,NIFTY26SEP23200PE,99.1,99.1,99.1,99.1,0,18
2026-09-25 22:22:00,NIFTY,CE,23250.0,NIFTY26SEP23250CE,68.85,68.85,68.85,68.85,0,18
2026-09-25 22:22:00,NIFTY,PE,23250.0,NIFTY26SEP23250PE,128.1,128.1,128.1,128.1,0,18
2026-09-25 22:22:00,NIFTY,CE,23300.0,NIFTY26SEP23300CE,50.9,50.9,50.9,50.9,0,18
2026-09-25 22:22:00,NIFTY,PE,23300.0,NIFTY26SEP23300PE,157.75,157.75,157.75,157.75,0,18
2026-09-25 22:22:00,NIFTY,CE,23350.0,NIFTY26SEP23350CE,37.05,37.05,37.05,37.05,0,18
2026-09-25 22:22:00,NIFTY,PE,23350.0,NIFTY26SEP23350PE,194.35,194.35,194.35,194.35,0,18
2026-09-25 22:22:00,NIFTY,CE,23400.0,NIFTY26SEP23400CE,26.6,26.6,26.6,26.6,0,18
2026-09-25 22:22:00,NIFTY,PE,23400.0,NIFTY26SEP23400PE,233.0,233.0,233.0,233.0,0,18
2026-09-25 22:22:00,NIFTY,CE,23450.0,NIFTY26SEP23450CE,18.8,18.8,18.8,18.8,0,18
2026-09-25 22:22:00,NIFTY,PE,23450.0,NIFTY26SEP23450PE,274.55,274.55,274.55,274.55,0,18
2026-09-25 22:23:00,NIFTY,FUT,0.0,NIFTY26SEPFUT,23190.0,23190.0,23190.0,23190.0,0,19
2026-09-25 22:23:00,NIFTY,SPOT,0.0,Nifty 50,23140.5,23140.5,23140.5,23140.5,0,19
2026-09-25 22:23:00,NIFTY,CE,22850.0,NIFTY26SEP22850CE,358.05,358.05,358.05,358.05,0,19
2026-09-25 22:23:00,NIFTY,PE,22850.0,NIFTY26SEP22850PE,14.15,14.15,14.15,14.15,0,19
2026-09-25 22:23:00,NIFTY,CE,22900.0,NIFTY26SEP22900CE,310.8,310.8,310.8,310.8,0,19
2026-09-25 22:23:00,NIFTY,PE,22900.0,NIFTY26SEP22900PE,19.1,19.1,19.1,19.1,0,19
2026-09-25 22:23:00,NIFTY,CE,22950.0,NIFTY26SEP22950CE,265.9,265.9,265.9,265.9,0,19
2026-09-25 22:23:00,NIFTY,PE,22950.0,NIFTY26SEP22950PE,24.95,24.95,24.95,24.95,0,19
2026-09-25 22:23:00,NIFTY,CE,23000.0,NIFTY26SEP23000CE,224.35,224.35,224.35,224.35,0,19
2026-09-25 22:23:00,NIFTY,PE,23000.0,NIFTY26SEP23000PE,34.0,34.0,34.0,34.0,0,19
2026-09-25 22:23:00,NIFTY,CE,23050.0,NIFTY26SEP23050CE,184.55,184.55,184.55,184.55,0,19
2026-09-25 22:23:00,NIFTY,PE,23050.0,NIFTY26SEP23050PE,44.4,44.4,44.4,44.4,0,19
2026-09-25 22:23:00,NIFTY,CE,23100.0,NIFTY26SEP23100CE,150.15,150.15,150.15,150.15,0,19
2026-09-25 22:23:00,NIFTY,PE,23100.0,NIFTY26SEP23100PE,58.3,58.3,58.3,58.3,0,19
2026-09-25 22:23:00,NIFTY,CE,23150.0,NIFTY26SEP23150CE,119.25,119.25,119.25,119.25,0,19
2026-09-25 22:23:00,NIFTY,PE,23150.0,NIFTY26SEP23150PE,76.75,76.75,76.75,76.75,0,19
2026-09-25 22:23:00,NIFTY,CE,23200.0,NIFTY26SEP23200CE,92.0,92.0,92.0,92.0,0,19
2026-09-25 22:23:00,NIFTY,PE,23200.0,NIFTY26SEP23200PE,99.1,99.1,99.1,99.1,0,19
2026-09-25 22:23:00,NIFTY,CE,23250.0,NIFTY26SEP23250CE,68.85,68.85,68.85,68.85,0,19
2026-09-25 22:23:00,NIFTY,PE,23250.0,NIFTY26SEP23250PE,128.1,128.1,128.1,128.1,0,19
2026-09-25 22:23:00,NIFTY,CE,23300.0,NIFTY26SEP23300CE,50.9,50.9,50.9,50.9,0,19
2026-09-25 22:23:00,NIFTY,PE,23300.0,NIFTY26SEP23300PE,157.75,157.75,157.75,157.75,0,19
2026-09-25 22:23:00,NIFTY,CE,23350.0,NIFTY26SEP23350CE,37.05,37.05,37.05,37.05,0,19
2026-09-25 22:23:00,NIFTY,PE,23350.0,NIFTY26SEP23350PE,194.35,194.35,194.35,194.35,0,19
2026-09-25 22:23:00,NIFTY,CE,23400.0,NIFTY26SEP23400CE,26.6,26.6,26.6,26.6,0,19
2026-09-25 22:23:00,NIFTY,PE,23400.0,NIFTY26SEP23400PE,233.0,233.0,233.0,233.0,0,19
2026-09-25 22:23:00,NIFTY,CE,23450.0,NIFTY26SEP23450CE,18.8,18.8,18.8,18.8,0,19
2026-09-25 22:23:00,NIFTY,PE,23450.0,NIFTY26SEP23450PE,274.55,274.55,274.55,274.55,0,19
2026-09-25 22:24:00,NIFTY,FUT,0.0,NIFTY26SEPFUT,23190.0,23190.0,23190.0,23190.0,0,19
2026-09-25 22:24:00,NIFTY,SPOT,0.0,Nifty 50,23140.5,23140.5,23140.5,23140.5,0,19
2026-09-25 22:24:00,NIFTY,CE,22850.0,NIFTY26SEP22850CE,358.05,358.05,358.05,358.05,0,19
2026-09-25 22:24:00,NIFTY,PE,22850.0,NIFTY26SEP22850PE,14.15,14.15,14.15,14.15,0,19
2026-09-25 22:24:00,NIFTY,CE,22900.0,NIFTY26SEP22900CE,310.8,310.8,310.8,310.8,0,19
2026-09-25 22:24:00,NIFTY,PE,22900.0,NIFTY26SEP22900PE,19.1,19.1,19.1,19.1,0,19
2026-09-25 22:24:00,NIFTY,CE,22950.0,NIFTY26SEP22950CE,265.9,265.9,265.9,265.9,0,19
2026-09-25 22:24:00,NIFTY,PE,22950.0,NIFTY26SEP22950PE,24.95,24.95,24.95,24.95,0,19
2026-09-25 22:24:00,NIFTY,CE,23000.0,NIFTY26SEP23000CE,224.35,224.35,224.35,224.35,0,19
2026-09-25 22:24:00,NIFTY,PE,23000.0,NIFTY26SEP23000PE,34.0,34.0,34.0,34.0,0,19
2026-09-25 22:24:00,NIFTY,CE,23050.0,NIFTY26SEP23050CE,184.55,184.55,184.55,184.55,0,19
2026-09-25 22:24:00,NIFTY,PE,23050.0,NIFTY26SEP23050PE,44.4,44.4,44.4,44.4,0,19
2026-09-25 22:24:00,NIFTY,CE,23100.0,NIFTY26SEP23100CE,150.15,150.15,150.15,150.15,0,19
2026-09-25 22:24:00,NIFTY,PE,23100.0,NIFTY26SEP23100PE,58.3,58.3,58.3,58.3,0,19
2026-09-25 22:24:00,NIFTY,CE,23150.0,NIFTY26SEP23150CE,119.25,119.25,119.25,119.25,0,19
2026-09-25 22:24:00,NIFTY,PE,23150.0,NIFTY26SEP23150PE,76.75,76.75,76.75,76.75,0,19
2026-09-25 22:24:00,NIFTY,CE,23200.0,NIFTY26SEP23200CE,92.0,92.0,92.0,92.0,0,19
2026-09-25 22:24:00,NIFTY,PE,23200.0,NIFTY26SEP23200PE,99.1,99.1,99.1,99.1,0,19
2026-09-25 22:24:00,NIFTY,CE,23250.0,NIFTY26SEP23250CE,68.85,68.85,68.85,68.85,0,19
2026-09-25 22:24:00,NIFTY,PE,23250.0,NIFTY26SEP23250PE,128.1,128.1,128.1,128.1,0,19
2026-09-25 22:24:00,NIFTY,CE,23300.0,NIFTY26SEP23300CE,50.9,50.9,50.9,50.9,0,19
2026-09-25 22:24:00,NIFTY,PE,23300.0,NIFTY26SEP23300PE,157.75,157.75,157.75,157.75,0,19
2026-09-25 22:24:00,NIFTY,CE,23350.0,NIFTY26SEP23350CE,37.05,37.05,37.05,37.05,0,19
2026-09-25 22:24:00,NIFTY,PE,23350.0,NIFTY26SEP23350PE,194.35,194.35,194.35,194.35,0,19
2026-09-25 22:24:00,NIFTY,CE,23400.0,NIFTY26SEP23400CE,26.6,26.6,26.6,26.6,0,19
2026-09-25 22:24:00,NIFTY,PE,23400.0,NIFTY26SEP23400PE,233.0,233.0,233.0,233.0,0,19
2026-09-25 22:24:00,NIFTY,CE,23450.0,NIFTY26SEP23450CE,18.8,18.8,18.8,18.8,0,19
2026-09-25 22:24:00,NIFTY,PE,23450.0,NIFTY26SEP23450PE,274.55,274.55,274.55,274.55,0,19
2026-09-25 22:25:00,NIFTY,FUT,0.0,NIFTY26SEPFUT,23190.0,23190.0,23190.0,23190.0,0,19
2026-09-25 22:25:00,NIFTY,SPOT,0.0,Nifty 50,23140.5,23140.5,23140.5,23140.5,0,19
2026-09-25 22:25:00,NIFTY,CE,22850.0,NIFTY26SEP22850CE,358.05,358.05,358.05,358.05,0,19
2026-09-25 22:25:00,NIFTY,PE,22850.0,NIFTY26SEP22850PE,14.15,14.15,14.15,14.15,0,19
2026-09-25 22:25:00,NIFTY,CE,22900.0,NIFTY26SEP22900CE,310.8,310.8,310.8,310.8,0,19
2026-09-25 22:25:00,NIFTY,PE,22900.0,NIFTY26SEP22900PE,19.1,19.1,19.1,19.1,0,19
2026-09-25 22:25:00,NIFTY,CE,22950.0,NIFTY26SEP22950CE,265.9,265.9,265.9,265.9,0,19
2026-09-25 22:25:00,NIFTY,PE,22950.0,NIFTY26SEP22950PE,24.95,24.95,24.95,24.95,0,19
2026-09-25 22:25:00,NIFTY,CE,23000.0,NIFTY26SEP23000CE,224.35,224.35,224.35,224.35,0,19
2026-09-25 22:25:00,NIFTY,PE,23000.0,NIFTY26SEP23000PE,34.0,34.0,34.0,34.0,0,19
2026-09-25 22:25:00,NIFTY,CE,23050.0,NIFTY26SEP23050CE,184.55,184.55,184.55,184.55,0,19
2026-09-25 22:25:00,NIFTY,PE,23050.0,NIFTY26SEP23050PE,44.4,44.4,44.4,44.4,0,19
2026-09-25 22:25:00,NIFTY,CE,23100.0,NIFTY26SEP23100CE,150.15,150.15,150.15,150.15,0,19
2026-09-25 22:25:00,NIFTY,PE,23100.0,NIFTY26SEP23100PE,58.3,58.3,58.3,58.3,0,19
2026-09-25 22:25:00,NIFTY,CE,23150.0,NIFTY26SEP23150CE,119.25,119.25,119.25,119.25,0,19
2026-09-25 22:25:00,NIFTY,PE,23150.0,NIFTY26SEP23150PE,76.75,76.75,76.75,76.75,0,19
2026-09-25 22:25:00,NIFTY,CE,23200.0,NIFTY26SEP23200CE,92.0,92.0,92.0,92.0,0,19
2026-09-25 22:25:00,NIFTY,PE,23200.0,NIFTY26SEP23200PE,99.1,99.1,99.1,99.1,0,19
2026-09-25 22:25:00,NIFTY,CE,23250.0,NIFTY26SEP23250CE,68.85,68.85,68.85,68.85,0,19
2026-09-25 22:25:00,NIFTY,PE,23250.0,NIFTY26SEP23250PE,128.1,128.1,128.1,128.1,0,19
2026-09-25 22:25:00,NIFTY,CE,23300.0,NIFTY26SEP23300CE,50.9,50.9,50.9,50.9,0,19
2026-09-25 22:25:00,NIFTY,PE,23300.0,NIFTY26SEP23300PE,157.75,157.75,157.75,157.75,0,19
2026-09-25 22:25:00,NIFTY,CE,23350.0,NIFTY26SEP23350CE,37.05,37.05,37.05,37.05,0,19
2026-09-25 22:25:00,NIFTY,PE,23350.0,NIFTY26SEP23350PE,194.35,194.35,194.35,194.35,0,19
2026-09-25 22:25:00,NIFTY,CE,23400.0,NIFTY26SEP23400CE,26.6,26.6,26.6,26.6,0,19
2026-09-25 22:25:00,NIFTY,PE,23400.0,NIFTY26SEP23400PE,233.0,233.0,233.0,233.0,0,19
2026-09-25 22:25:00,NIFTY,CE,23450.0,NIFTY26SEP23450CE,18.8,18.8,18.8,18.8,0,19
2026-09-25 22:25:00,NIFTY,PE,23450.0,NIFTY26SEP23450PE,274.55,274.55,274.55,274.55,0,19
2026-09-25 22:26:00,NIFTY,FUT,0.0,NIFTY26SEPFUT,23190.0,23190.0,23190.0,23190.0,0,18
2026-09-25 22:26:00,NIFTY,SPOT,0.0,Nifty 50,23140.5,23140.5,23140.5,23140.5,0,18
2026-09-25 22:26:00,NIFTY,CE,22850.0,NIFTY26SEP22850CE,358.05,358.05,358.05,358.05,0,18
2026-09-25 22:26:00,NIFTY,PE,22850.0,NIFTY26SEP22850PE,14.15,14.15,14.15,14.15,0,18
2026-09-25 22:26:00,NIFTY,CE,22900.0,NIFTY26SEP22900CE,310.8,310.8,310.8,310.8,0,18
2026-09-25 22:26:00,NIFTY,PE,22900.0,NIFTY26SEP22900PE,19.1,19.1,19.1,19.1,0,18
2026-09-25 22:26:00,NIFTY,CE,22950.0,NIFTY26SEP22950CE,265.9,265.9,265.9,265.9,0,18
2026-09-25 22:26:00,NIFTY,PE,22950.0,NIFTY26SEP22950PE,24.95,24.95,24.95,24.95,0,18
2026-09-25 22:26:00,NIFTY,CE,23000.0,NIFTY26SEP23000CE,224.35,224.35,224.35,224.35,0,18
2026-09-25 22:26:00,NIFTY,PE,23000.0,NIFTY26SEP23000PE,34.0,34.0,34.0,34.0,0,18
2026-09-25 22:26:00,NIFTY,CE,23050.0,NIFTY26SEP23050CE,184.55,184.55,184.55,184.55,0,18
2026-09-25 22:26:00,NIFTY,PE,23050.0,NIFTY26SEP23050PE,44.4,44.4,44.4,44.4,0,18
2026-09-25 22:26:00,NIFTY,CE,23100.0,NIFTY26SEP23100CE,150.15,150.15,150.15,150.15,0,18
2026-09-25 22:26:00,NIFTY,PE,23100.0,NIFTY26SEP23100PE,58.3,58.3,58.3,58.3,0,18
2026-09-25 22:26:00,NIFTY,CE,23150.0,NIFTY26SEP23150CE,119.25,119.25,119.25,119.25,0,18
2026-09-25 22:26:00,NIFTY,PE,23150.0,NIFTY26SEP23150PE,76.75,76.75,76.75,76.75,0,18
2026-09-25 22:26:00,NIFTY,CE,23200.0,NIFTY26SEP23200CE,92.0,92.0,92.0,92.0,0,18
2026-09-25 22:26:00,NIFTY,PE,23200.0,NIFTY26SEP23200PE,99.1,99.1,99.1,99.1,0,18
2026-09-25 22:26:00,NIFTY,CE,23250.0,NIFTY26SEP23250CE,68.85,68.85,68.85,68.85,0,18
2026-09-25 22:26:00,NIFTY,PE,23250.0,NIFTY26SEP23250PE,128.1,128.1,128.1,128.1,0,18
2026-09-25 22:26:00,NIFTY,CE,23300.0,NIFTY26SEP23300CE,50.9,50.9,50.9,50.9,0,18
2026-09-25 22:26:00,NIFTY,PE,23300.0,NIFTY26SEP23300PE,157.75,157.75,157.75,157.75,0,18
2026-09-25 22:26:00,NIFTY,CE,23350.0,NIFTY26SEP23350CE,37.05,37.05,37.05,37.05,0,18
2026-09-25 22:26:00,NIFTY,PE,23350.0,NIFTY26SEP23350PE,194.35,194.35,194.35,194.35,0,18
2026-09-25 22:26:00,NIFTY,CE,23400.0,NIFTY26SEP23400CE,26.6,26.6,26.6,26.6,0,18
2026-09-25 22:26:00,NIFTY,PE,23400.0,NIFTY26SEP23400PE,233.0,233.0,233.0,233.0,0,18
2026-09-25 22:26:00,NIFTY,CE,23450.0,NIFTY26SEP23450CE,18.8,18.8,18.8,18.8,0,18
2026-09-25 22:26:00,NIFTY,PE,23450.0,NIFTY26SEP23450PE,274.55,274.55,274.55,274.55,0,18
2026-09-25 22:27:00,NIFTY,FUT,0.0,NIFTY26SEPFUT,23190.0,23190.0,23190.0,23190.0,0,19
2026-09-25 22:27:00,NIFTY,SPOT,0.0,Nifty 50,23140.5,23140.5,23140.5,23140.5,0,19
2026-09-25 22:27:00,NIFTY,CE,22850.0,NIFTY26SEP22850CE,358.05,358.05,358.05,358.05,0,19
2026-09-25 22:27:00,NIFTY,PE,22850.0,NIFTY26SEP22850PE,14.15,14.15,14.15,14.15,0,19
2026-09-25 22:27:00,NIFTY,CE,22900.0,NIFTY26SEP22900CE,310.8,310.8,310.8,310.8,0,19
2026-09-25 22:27:00,NIFTY,PE,22900.0,NIFTY26SEP22900PE,19.1,19.1,19.1,19.1,0,19
2026-09-25 22:27:00,NIFTY,CE,22950.0,NIFTY26SEP22950CE,265.9,265.9,265.9,265.9,0,19
2026-09-25 22:27:00,NIFTY,PE,22950.0,NIFTY26SEP22950PE,24.95,24.95,24.95,24.95,0,19
2026-09-25 22:27:00,NIFTY,CE,23000.0,NIFTY26SEP23000CE,224.35,224.35,224.35,224.35,0,19
2026-09-25 22:27:00,NIFTY,PE,23000.0,NIFTY26SEP23000PE,34.0,34.0,34.0,34.0,0,19
2026-09-25 22:27:00,NIFTY,CE,23050.0,NIFTY26SEP23050CE,184.55,184.55,184.55,184.55,0,19
2026-09-25 22:27:00,NIFTY,PE,23050.0,NIFTY26SEP23050PE,44.4,44.4,44.4,44.4,0,19
2026-09-25 22:27:00,NIFTY,CE,23100.0,NIFTY26SEP23100CE,150.15,150.15,150.15,150.15,0,19
2026-09-25 22:27:00,NIFTY,PE,23100.0,NIFTY26SEP23100PE,58.3,58.3,58.3,58.3,0,19
2026-09-25 22:27:00,NIFTY,CE,23150.0,NIFTY26SEP23150CE,119.25,119.25,119.25,119.25,0,19
2026-09-25 22:27:00,NIFTY,PE,23150.0,NIFTY26SEP23150PE,76.75,76.75,76.75,76.75,0,19
2026-09-25 22:27:00,NIFTY,CE,23200.0,NIFTY26SEP23200CE,92.0,92.0,92.0,92.0,0,19
2026-09-25 22:27:00,NIFTY,PE,23200.0,NIFTY26SEP23200PE,99.1,99.1,99.1,99.1,0,19
2026-09-25 22:27:00,NIFTY,CE,23250.0,NIFTY26SEP23250CE,68.85,68.85,68.85,68.85,0,19
2026-09-25 22:27:00,NIFTY,PE,23250.0,NIFTY26SEP23250PE,128.1,128.1,128.1,128.1,0,19
2026-09-25 22:27:00,NIFTY,CE,23300.0,NIFTY26SEP23300CE,50.9,50.9,50.9,50.9,0,19
2026-09-25 22:27:00,NIFTY,PE,23300.0,NIFTY26SEP23300PE,157.75,157.75,157.75,157.75,0,19
2026-09-25 22:27:00,NIFTY,CE,23350.0,NIFTY26SEP23350CE,37.05,37.05,37.05,37.05,0,19
2026-09-25 22:27:00,NIFTY,PE,23350.0,NIFTY26SEP23350PE,194.35,194.35,194.35,194.35,0,19
2026-09-25 22:27:00,NIFTY,CE,23400.0,NIFTY26SEP23400CE,26.6,26.6,26.6,26.6,0,19
2026-09-25 22:27:00,NIFTY,PE,23400.0,NIFTY26SEP23400PE,233.0,233.0,233.0,233.0,0,19
2026-09-25 22:27:00,NIFTY,CE,23450.0,NIFTY26SEP23450CE,18.8,18.8,18.8,18.8,0,19
2026-09-25 22:27:00,NIFTY,PE,23450.0,NIFTY26SEP23450PE,274.55,274.55,274.55,274.55,0,19
2026-09-25 22:28:00,NIFTY,FUT,0.0,NIFTY26SEPFUT,23190.0,23190.0,23190.0,23190.0,0,19
2026-09-25 22:28:00,NIFTY,SPOT,0.0,Nifty 50,23140.5,23140.5,23140.5,23140.5,0,19
2026-09-25 22:28:00,NIFTY,CE,22850.0,NIFTY26SEP22850CE,358.05,358.05,358.05,358.05,0,19
2026-09-25 22:28:00,NIFTY,PE,22850.0,NIFTY26SEP22850PE,14.15,14.15,14.15,14.15,0,19
2026-09-25 22:28:00,NIFTY,CE,22900.0,NIFTY26SEP22900CE,310.8,310.8,310.8,310.8,0,19
2026-09-25 22:28:00,NIFTY,PE,22900.0,NIFTY26SEP22900PE,19.1,19.1,19.1,19.1,0,19
2026-09-25 22:28:00,NIFTY,CE,22950.0,NIFTY26SEP22950CE,265.9,265.9,265.9,265.9,0,19
2026-09-25 22:28:00,NIFTY,PE,22950.0,NIFTY26SEP22950PE,24.95,24.95,24.95,24.95,0,19
2026-09-25 22:28:00,NIFTY,CE,23000.0,NIFTY26SEP23000CE,224.35,224.35,224.35,224.35,0,19
2026-09-25 22:28:00,NIFTY,PE,23000.0,NIFTY26SEP23000PE,34.0,34.0,34.0,34.0,0,19
2026-09-25 22:28:00,NIFTY,CE,23050.0,NIFTY26SEP23050CE,184.55,184.55,184.55,184.55,0,19
2026-09-25 22:28:00,NIFTY,PE,23050.0,NIFTY26SEP23050PE,44.4,44.4,44.4,44.4,0,19
2026-09-25 22:28:00,NIFTY,CE,23100.0,NIFTY26SEP23100CE,150.15,150.15,150.15,150.15,0,19
2026-09-25 22:28:00,NIFTY,PE,23100.0,NIFTY26SEP23100PE,58.3,58.3,58.3,58.3,0,19
2026-09-25 22:28:00,NIFTY,CE,23150.0,NIFTY26SEP23150CE,119.25,119.25,119.25,119.25,0,19
2026-09-25 22:28:00,NIFTY,PE,23150.0,NIFTY26SEP23150PE,76.75,76.75,76.75,76.75,0,19
2026-09-25 22:28:00,NIFTY,CE,23200.0,NIFTY26SEP23200CE,92.0,92.0,92.0,92.0,0,19
2026-09-25 22:28:00,NIFTY,PE,23200.0,NIFTY26SEP23200PE,99.1,99.1,99.1,99.1,0,19
2026-09-25 22:28:00,NIFTY,CE,23250.0,NIFTY26SEP23250CE,68.85,68.85,68.85,68.85,0,19
2026-09-25 22:28:00,NIFTY,PE,23250.0,NIFTY26SEP23250PE,128.1,128.1,128.1,128.1,0,19
2026-09-25 22:28:00,NIFTY,CE,23300.0,NIFTY26SEP23300CE,50.9,50.9,50.9,50.9,0,19
2026-09-25 22:28:00,NIFTY,PE,23300.0,NIFTY26SEP23300PE,157.75,157.75,157.75,157.75,0,19
2026-09-25 22:28:00,NIFTY,CE,23350.0,NIFTY26SEP23350CE,37.05,37.05,37.05,37.05,0,19
2026-09-25 22:28:00,NIFTY,PE,23350.0,NIFTY26SEP23350PE,194.35,194.35,194.35,194.35,0,19
2026-09-25 22:28:00,NIFTY,CE,23400.0,NIFTY26SEP23400CE,26.6,26.6,26.6,26.6,0,19
2026-09-25 22:28:00,NIFTY,PE,23400.0,NIFTY26SEP23400PE,233.0,233.0,233.0,233.0,0,19
2026-09-25 22:28:00,NIFTY,CE,23450.0,NIFTY26SEP23450CE,18.8,18.8,18.8,18.8,0,19
2026-09-25 22:28:00,NIFTY,PE,23450.0,NIFTY26SEP23450PE,274.55,274.55,274.55,274.55,0,19
2026-09-25 22:29:00,NIFTY,FUT,0.0,NIFTY26SEPFUT,23190.0,23190.0,23190.0,23190.0,0,19
2026-09-25 22:29:00,NIFTY,SPOT,0.0,Nifty 50,23140.5,23140.5,23140.5,23140.5,0,19
2026-09-25 22:29:00,NIFTY,CE,22850.0,NIFTY26SEP22850CE,358.05,358.05,358.05,358.05,0,19
2026-09-25 22:29:00,NIFTY,PE,22850.0,NIFTY26SEP22850PE,14.15,14.15,14.15,14.15,0,19
2026-09-25 22:29:00,NIFTY,CE,22900.0,NIFTY26SEP22900CE,310.8,310.8,310.8,310.8,0,19
2026-09-25 22:29:00,NIFTY,PE,22900.0,NIFTY26SEP22900PE,19.1,19.1,19.1,19.1,0,19
2026-09-25 22:29:00,NIFTY,CE,22950.0,NIFTY26SEP22950CE,265.9,265.9,265.9,265.9,0,19
2026-09-25 22:29:00,NIFTY,PE,22950.0,NIFTY26SEP22950PE,24.95,24.95,24.95,24.95,0,19
2026-09-25 22:29:00,NIFTY,CE,23000.0,NIFTY26SEP23000CE,224.35,224.35,224.35,224.35,0,19
2026-09-25 22:29:00,NIFTY,PE,23000.0,NIFTY26SEP23000PE,34.0,34.0,34.0,34.0,0,19
2026-09-25 22:29:00,NIFTY,CE,23050.0,NIFTY26SEP23050CE,184.55,184.55,184.55,184.55,0,19
2026-09-25 22:29:00,NIFTY,PE,23050.0,NIFTY26SEP23050PE,44.4,44.4,44.4,44.4,0,19
2026-09-25 22:29:00,NIFTY,CE,23100.0,NIFTY26SEP23100CE,150.15,150.15,150.15,150.15,0,19
2026-09-25 22:29:00,NIFTY,PE,23100.0,NIFTY26SEP23100PE,58.3,58.3,58.3,58.3,0,19
2026-09-25 22:29:00,NIFTY,CE,23150.0,NIFTY26SEP23150CE,119.25,119.25,119.25,119.25,0,19
2026-09-25 22:29:00,NIFTY,PE,23150.0,NIFTY26SEP23150PE,76.75,76.75,76.75,76.75,0,19
2026-09-25 22:29:00,NIFTY,CE,23200.0,NIFTY26SEP23200CE,92.0,92.0,92.0,92.0,0,19
2026-09-25 22:29:00,NIFTY,PE,23200.0,NIFTY26SEP23200PE,99.1,99.1,99.1,99.1,0,19
2026-09-25 22:29:00,NIFTY,CE,23250.0,NIFTY26SEP23250CE,68.85,68.85,68.85,68.85,0,19
2026-09-25 22:29:00,NIFTY,PE,23250.0,NIFTY26SEP23250PE,128.1,128.1,128.1,128.1,0,19
2026-09-25 22:29:00,NIFTY,CE,23300.0,NIFTY26SEP23300CE,50.9,50.9,50.9,50.9,0,19
2026-09-25 22:29:00,NIFTY,PE,23300.0,NIFTY26SEP23300PE,157.75,157.75,157.75,157.75,0,19
2026-09-25 22:29:00,NIFTY,CE,23350.0,NIFTY26SEP23350CE,37.05,37.05,37.05,37.05,0,19
2026-09-25 22:29:00,NIFTY,PE,23350.0,NIFTY26SEP23350PE,194.35,194.35,194.35,194.35,0,19
2026-09-25 22:29:00,NIFTY,CE,23400.0,NIFTY26SEP23400CE,26.6,26.6,26.6,26.6,0,19
2026-09-25 22:29:00,NIFTY,PE,23400.0,NIFTY26SEP23400PE,233.0,233.0,233.0,233.0,0,19
2026-09-25 22:29:00,NIFTY,CE,23450.0,NIFTY26SEP23450CE,18.8,18.8,18.8,18.8,0,19
2026-09-25 22:29:00,NIFTY,PE,23450.0,NIFTY26SEP23450PE,274.55,274.55,274.55,274.55,0,19
2026-09-25 22:30:00,NIFTY,FUT,0.0,NIFTY26SEPFUT,23190.0,23190.0,23190.0,23190.0,0,19
2026-09-25 22:30:00,NIFTY,SPOT,0.0,Nifty 50,23140.5,23140.5,23140.5,23140.5,0,19
2026-09-25 22:30:00,NIFTY,CE,22850.0,NIFTY26SEP22850CE,358.05,358.05,358.05,358.05,0,19
2026-09-25 22:30:00,NIFTY,PE,22850.0,NIFTY26SEP22850PE,14.15,14.15,14.15,14.15,0,19
2026-09-25 22:30:00,NIFTY,CE,22900.0,NIFTY26SEP22900CE,310.8,310.8,310.8,310.8,0,19
2026-09-25 22:30:00,NIFTY,PE,22900.0,NIFTY26SEP22900PE,19.1,19.1,19.1,19.1,0,19
2026-09-25 22:30:00,NIFTY,CE,22950.0,NIFTY26SEP22950CE,265.9,265.9,265.9,265.9,0,19
2026-09-25 22:30:00,NIFTY,PE,22950.0,NIFTY26SEP22950PE,24.95,24.95,24.95,24.95,0,19
2026-09-25 22:30:00,NIFTY,CE,23000.0,NIFTY26SEP23000CE,224.35,224.35,224.35,224.35,0,19
2026-09-25 22:30:00,NIFTY,PE,23000.0,NIFTY26SEP23000PE,34.0,34.0,34.0,34.0,0,19
2026-09-25 22:30:00,NIFTY,CE,23050.0,NIFTY26SEP23050CE,184.55,184.55,184.55,184.55,0,19
2026-09-25 22:30:00,NIFTY,PE,23050.0,NIFTY26SEP23050PE,44.4,44.4,44.4,44.4,0,19
2026-09-25 22:30:00,NIFTY,CE,23100.0,NIFTY26SEP23100CE,150.15,150.15,150.15,150.15,0,19
2026-09-25 22:30:00,NIFTY,PE,23100.0,NIFTY26SEP23100PE,58.3,58.3,58.3,58.3,0,19
2026-09-25 22:30:00,NIFTY,CE,23150.0,NIFTY26SEP23150CE,119.25,119.25,119.25,119.25,0,19
2026-09-25 22:30:00,NIFTY,PE,23150.0,NIFTY26SEP23150PE,76.75,76.75,76.75,76.75,0,19
2026-09-25 22:30:00,NIFTY,CE,23200.0,NIFTY26SEP23200CE,92.0,92.0,92.0,92.0,0,19
2026-09-25 22:30:00,NIFTY,PE,23200.0,NIFTY26SEP23200PE,99.1,99.1,99.1,99.1,0,19
2026-09-25 22:30:00,NIFTY,CE,23250.0,NIFTY26SEP23250CE,68.85,68.85,68.85,68.85,0,19
2026-09-25 22:30:00,NIFTY,PE,23250.0,NIFTY26SEP23250PE,128.1,128.1,128.1,128.1,0,19
2026-09-25 22:30:00,NIFTY,CE,23300.0,NIFTY26SEP23300CE,50.9,50.9,50.9,50.9,0,19
2026-09-25 22:30:00,NIFTY,PE,23300.0,NIFTY26SEP23300PE,157.75,157.75,157.75,157.75,0,19
2026-09-25 22:30:00,NIFTY,CE,23350.0,NIFTY26SEP23350CE,37.05,37.05,37.05,37.05,0,19
2026-09-25 22:30:00,NIFTY,PE,23350.0,NIFTY26SEP23350PE,194.35,194.35,194.35,194.35,0,19
2026-09-25 22:30:00,NIFTY,CE,23400.0,NIFTY26SEP23400CE,26.6,26.6,26.6,26.6,0,19
2026-09-25 22:30:00,NIFTY,PE,23400.0,NIFTY26SEP23400PE,233.0,233.0,233.0,233.0,0,19
2026-09-25 22:30:00,NIFTY,CE,23450.0,NIFTY26SEP23450CE,18.8,18.8,18.8,18.8,0,19
2026-09-25 22:30:00,NIFTY,PE,23450.0,NIFTY26SEP23450PE,274.55,274.55,274.55,274.55,0,19
2026-09-25 22:31:00,NIFTY,FUT,0.0,NIFTY26SEPFUT,23190.0,23190.0,23190.0,23190.0,0,19
2026-09-25 22:31:00,NIFTY,SPOT,0.0,Nifty 50,23140.5,23140.5,23140.5,23140.5,0,19
2026-09-25 22:31:00,NIFTY,CE,22850.0,NIFTY26SEP22850CE,358.05,358.05,358.05,358.05,0,19
2026-09-25 22:31:00,NIFTY,PE,22850.0,NIFTY26SEP22850PE,14.15,14.15,14.15,14.15,0,19
2026-09-25 22:31:00,NIFTY,CE,22900.0,NIFTY26SEP22900CE,310.8,310.8,310.8,310.8,0,19
2026-09-25 22:31:00,NIFTY,PE,22900.0,NIFTY26SEP22900PE,19.1,19.1,19.1,19.1,0,19
2026-09-25 22:31:00,NIFTY,CE,22950.0,NIFTY26SEP22950CE,265.9,265.9,265.9,265.9,0,19
2026-09-25 22:31:00,NIFTY,PE,22950.0,NIFTY26SEP22950PE,24.95,24.95,24.95,24.95,0,19
2026-09-25 22:31:00,NIFTY,CE,23000.0,NIFTY26SEP23000CE,224.35,224.35,224.35,224.35,0,19
2026-09-25 22:31:00,NIFTY,PE,23000.0,NIFTY26SEP23000PE,34.0,34.0,34.0,34.0,0,19
2026-09-25 22:31:00,NIFTY,CE,23050.0,NIFTY26SEP23050CE,184.55,184.55,184.55,184.55,0,19
2026-09-25 22:31:00,NIFTY,PE,23050.0,NIFTY26SEP23050PE,44.4,44.4,44.4,44.4,0,19
2026-09-25 22:31:00,NIFTY,CE,23100.0,NIFTY26SEP23100CE,150.15,150.15,150.15,150.15,0,19
2026-09-25 22:31:00,NIFTY,PE,23100.0,NIFTY26SEP23100PE,58.3,58.3,58.3,58.3,0,19
2026-09-25 22:31:00,NIFTY,CE,23150.0,NIFTY26SEP23150CE,119.25,119.25,119.25,119.25,0,19
2026-09-25 22:31:00,NIFTY,PE,23150.0,NIFTY26SEP23150PE,76.75,76.75,76.75,76.75,0,19
2026-09-25 22:31:00,NIFTY,CE,23200.0,NIFTY26SEP23200CE,92.0,92.0,92.0,92.0,0,19
2026-09-25 22:31:00,NIFTY,PE,23200.0,NIFTY26SEP23200PE,99.1,99.1,99.1,99.1,0,19
2026-09-25 22:31:00,NIFTY,CE,23250.0,NIFTY26SEP23250CE,68.85,68.85,68.85,68.85,0,19
2026-09-25 22:31:00,NIFTY,PE,23250.0,NIFTY26SEP23250PE,128.1,128.1,128.1,128.1,0,19
2026-09-25 22:31:00,NIFTY,CE,23300.0,NIFTY26SEP23300CE,50.9,50.9,50.9,50.9,0,19
2026-09-25 22:31:00,NIFTY,PE,23300.0,NIFTY26SEP23300PE,157.75,157.75,157.75,157.75,0,19
2026-09-25 22:31:00,NIFTY,CE,23350.0,NIFTY26SEP23350CE,37.05,37.05,37.05,37.05,0,19
2026-09-25 22:31:00,NIFTY,PE,23350.0,NIFTY26SEP23350PE,194.35,194.35,194.35,194.35,0,19
2026-09-25 22:31:00,NIFTY,CE,23400.0,NIFTY26SEP23400CE,26.6,26.6,26.6,26.6,0,19
2026-09-25 22:31:00,NIFTY,PE,23400.0,NIFTY26SEP23400PE,233.0,233.0,233.0,233.0,0,19
2026-09-25 22:31:00,NIFTY,CE,23450.0,NIFTY26SEP23450CE,18.8,18.8,18.8,18.8,0,19
2026-09-25 22:31:00,NIFTY,PE,23450.0,NIFTY26SEP23450PE,274.55,274.55,274.55,274.55,0,19
2026-09-25 22:32:00,NIFTY,FUT,0.0,NIFTY26SEPFUT,23190.0,23190.0,23190.0,23190.0,0,19
2026-09-25 22:32:00,NIFTY,SPOT,0.0,Nifty 50,23140.5,23140.5,23140.5,23140.5,0,19
2026-09-25 22:32:00,NIFTY,CE,22850.0,NIFTY26SEP22850CE,358.05,358.05,358.05,358.05,0,19
2026-09-25 22:32:00,NIFTY,PE,22850.0,NIFTY26SEP22850PE,14.15,14.15,14.15,14.15,0,19
2026-09-25 22:32:00,NIFTY,CE,22900.0,NIFTY26SEP22900CE,310.8,310.8,310.8,310.8,0,19
2026-09-25 22:32:00,NIFTY,PE,22900.0,NIFTY26SEP22900PE,19.1,19.1,19.1,19.1,0,19
2026-09-25 22:32:00,NIFTY,CE,22950.0,NIFTY26SEP22950CE,265.9,265.9,265.9,265.9,0,19
2026-09-25 22:32:00,NIFTY,PE,22950.0,NIFTY26SEP22950PE,24.95,24.95,24.95,24.95,0,19
2026-09-25 22:32:00,NIFTY,CE,23000.0,NIFTY26SEP23000CE,224.35,224.35,224.35,224.35,0,19
2026-09-25 22:32:00,NIFTY,PE,23000.0,NIFTY26SEP23000PE,34.0,34.0,34.0,34.0,0,19
2026-09-25 22:32:00,NIFTY,CE,23050.0,NIFTY26SEP23050CE,184.55,184.55,184.55,184.55,0,19
2026-09-25 22:32:00,NIFTY,PE,23050.0,NIFTY26SEP23050PE,44.4,44.4,44.4,44.4,0,19
2026-09-25 22:32:00,NIFTY,CE,23100.0,NIFTY26SEP23100CE,150.15,150.15,150.15,150.15,0,19
2026-09-25 22:32:00,NIFTY,PE,23100.0,NIFTY26SEP23100PE,58.3,58.3,58.3,58.3,0,19
2026-09-25 22:32:00,NIFTY,CE,23150.0,NIFTY26SEP23150CE,119.25,119.25,119.25,119.25,0,19
2026-09-25 22:32:00,NIFTY,PE,23150.0,NIFTY26SEP23150PE,76.75,76.75,76.75,76.75,0,19
2026-09-25 22:32:00,NIFTY,CE,23200.0,NIFTY26SEP23200CE,92.0,92.0,92.0,92.0,0,19
2026-09-25 22:32:00,NIFTY,PE,23200.0,NIFTY26SEP23200PE,99.1,99.1,99.1,99.1,0,19
2026-09-25 22:32:00,NIFTY,CE,23250.0,NIFTY26SEP23250CE,68.85,68.85,68.85,68.85,0,19
2026-09-25 22:32:00,NIFTY,PE,23250.0,NIFTY26SEP23250PE,128.1,128.1,128.1,128.1,0,19
2026-09-25 22:32:00,NIFTY,CE,23300.0,NIFTY26SEP23300CE,50.9,50.9,50.9,50.9,0,19
2026-09-25 22:32:00,NIFTY,PE,23300.0,NIFTY26SEP23300PE,157.75,157.75,157.75,157.75,0,19
2026-09-25 22:32:00,NIFTY,CE,23350.0,NIFTY26SEP23350CE,37.05,37.05,37.05,37.05,0,19
2026-09-25 22:32:00,NIFTY,PE,23350.0,NIFTY26SEP23350PE,194.35,194.35,194.35,194.35,0,19
2026-09-25 22:32:00,NIFTY,CE,23400.0,NIFTY26SEP23400CE,26.6,26.6,26.6,26.6,0,19
2026-09-25 22:32:00,NIFTY,PE,23400.0,NIFTY26SEP23400PE,233.0,233.0,233.0,233.0,0,19
2026-09-25 22:32:00,NIFTY,CE,23450.0,NIFTY26SEP23450CE,18.8,18.8,18.8,18.8,0,19
2026-09-25 22:32:00,NIFTY,PE,23450.0,NIFTY26SEP23450PE,274.55,274.55,274.55,274.55,0,19
2026-09-25 22:33:00,NIFTY,FUT,0.0,NIFTY26SEPFUT,23190.0,23190.0,23190.0,23190.0,0,18
2026-09-25 22:33:00,NIFTY,SPOT,0.0,Nifty 50,23140.5,23140.5,23140.5,23140.5,0,18
2026-09-25 22:33:00,NIFTY,CE,22850.0,NIFTY26SEP22850CE,358.05,358.05,358.05,358.05,0,18
2026-09-25 22:33:00,NIFTY,PE,22850.0,NIFTY26SEP22850PE,14.15,14.15,14.15,14.15,0,18
2026-09-25 22:33:00,NIFTY,CE,22900.0,NIFTY26SEP22900CE,310.8,310.8,310.8,310.8,0,18
2026-09-25 22:33:00,NIFTY,PE,22900.0,NIFTY26SEP22900PE,19.1,19.1,19.1,19.1,0,18
2026-09-25 22:33:00,NIFTY,CE,22950.0,NIFTY26SEP22950CE,265.9,265.9,265.9,265.9,0,18
2026-09-25 22:33:00,NIFTY,PE,22950.0,NIFTY26SEP22950PE,24.95,24.95,24.95,24.95,0,18
2026-09-25 22:33:00,NIFTY,CE,23000.0,NIFTY26SEP23000CE,224.35,224.35,224.35,224.35,0,18
2026-09-25 22:33:00,NIFTY,PE,23000.0,NIFTY26SEP23000PE,34.0,34.0,34.0,34.0,0,18
2026-09-25 22:33:00,NIFTY,CE,23050.0,NIFTY26SEP23050CE,184.55,184.55,184.55,184.55,0,18
2026-09-25 22:33:00,NIFTY,PE,23050.0,NIFTY26SEP23050PE,44.4,44.4,44.4,44.4,0,18
2026-09-25 22:33:00,NIFTY,CE,23100.0,NIFTY26SEP23100CE,150.15,150.15,150.15,150.15,0,18
2026-09-25 22:33:00,NIFTY,PE,23100.0,NIFTY26SEP23100PE,58.3,58.3,58.3,58.3,0,18
2026-09-25 22:33:00,NIFTY,CE,23150.0,NIFTY26SEP23150CE,119.25,119.25,119.25,119.25,0,18
2026-09-25 22:33:00,NIFTY,PE,23150.0,NIFTY26SEP23150PE,76.75,76.75,76.75,76.75,0,18
2026-09-25 22:33:00,NIFTY,CE,23200.0,NIFTY26SEP23200CE,92.0,92.0,92.0,92.0,0,18
2026-09-25 22:33:00,NIFTY,PE,23200.0,NIFTY26SEP23200PE,99.1,99.1,99.1,99.1,0,18
2026-09-25 22:33:00,NIFTY,CE,23250.0,NIFTY26SEP23250CE,68.85,68.85,68.85,68.85,0,18
2026-09-25 22:33:00,NIFTY,PE,23250.0,NIFTY26SEP23250PE,128.1,128.1,128.1,128.1,0,18
2026-09-25 22:33:00,NIFTY,CE,23300.0,NIFTY26SEP23300CE,50.9,50.9,50.9,50.9,0,18
2026-09-25 22:33:00,NIFTY,PE,23300.0,NIFTY26SEP23300PE,157.75,157.75,157.75,157.75,0,18
2026-09-25 22:33:00,NIFTY,CE,23350.0,NIFTY26SEP23350CE,37.05,37.05,37.05,37.05,0,18
2026-09-25 22:33:00,NIFTY,PE,23350.0,NIFTY26SEP23350PE,194.35,194.35,194.35,194.35,0,18
2026-09-25 22:33:00,NIFTY,CE,23400.0,NIFTY26SEP23400CE,26.6,26.6,26.6,26.6,0,18
2026-09-25 22:33:00,NIFTY,PE,23400.0,NIFTY26SEP23400PE,233.0,233.0,233.0,233.0,0,18
2026-09-25 22:33:00,NIFTY,CE,23450.0,NIFTY26SEP23450CE,18.8,18.8,18.8,18.8,0,18
2026-09-25 22:33:00,NIFTY,PE,23450.0,NIFTY26SEP23450PE,274.55,274.55,274.55,274.55,0,18
2026-09-25 22:34:00,NIFTY,FUT,0.0,NIFTY26SEPFUT,23190.0,23190.0,23190.0,23190.0,0,19
2026-09-25 22:34:00,NIFTY,SPOT,0.0,Nifty 50,23140.5,23140.5,23140.5,23140.5,0,19
2026-09-25 22:34:00,NIFTY,CE,22850.0,NIFTY26SEP22850CE,358.05,358.05,358.05,358.05,0,19
2026-09-25 22:34:00,NIFTY,PE,22850.0,NIFTY26SEP22850PE,14.15,14.15,14.15,14.15,0,19
2026-09-25 22:34:00,NIFTY,CE,22900.0,NIFTY26SEP22900CE,310.8,310.8,310.8,310.8,0,19
2026-09-25 22:34:00,NIFTY,PE,22900.0,NIFTY26SEP22900PE,19.1,19.1,19.1,19.1,0,19
2026-09-25 22:34:00,NIFTY,CE,22950.0,NIFTY26SEP22950CE,265.9,265.9,265.9,265.9,0,19
2026-09-25 22:34:00,NIFTY,PE,22950.0,NIFTY26SEP22950PE,24.95,24.95,24.95,24.95,0,19
2026-09-25 22:34:00,NIFTY,CE,23000.0,NIFTY26SEP23000CE,224.35,224.35,224.35,224.35,0,19
2026-09-25 22:34:00,NIFTY,PE,23000.0,NIFTY26SEP23000PE,34.0,34.0,34.0,34.0,0,19
2026-09-25 22:34:00,NIFTY,CE,23050.0,NIFTY26SEP23050CE,184.55,184.55,184.55,184.55,0,19
2026-09-25 22:34:00,NIFTY,PE,23050.0,NIFTY26SEP23050PE,44.4,44.4,44.4,44.4,0,19
2026-09-25 22:34:00,NIFTY,CE,23100.0,NIFTY26SEP23100CE,150.15,150.15,150.15,150.15,0,19
2026-09-25 22:34:00,NIFTY,PE,23100.0,NIFTY26SEP23100PE,58.3,58.3,58.3,58.3,0,19
2026-09-25 22:34:00,NIFTY,CE,23150.0,NIFTY26SEP23150CE,119.25,119.25,119.25,119.25,0,19
2026-09-25 22:34:00,NIFTY,PE,23150.0,NIFTY26SEP23150PE,76.75,76.75,76.75,76.75,0,19
2026-09-25 22:34:00,NIFTY,CE,23200.0,NIFTY26SEP23200CE,92.0,92.0,92.0,92.0,0,19
2026-09-25 22:34:00,NIFTY,PE,23200.0,NIFTY26SEP23200PE,99.1,99.1,99.1,99.1,0,19
2026-09-25 22:34:00,NIFTY,CE,23250.0,NIFTY26SEP23250CE,68.85,68.85,68.85,68.85,0,19
2026-09-25 22:34:00,NIFTY,PE,23250.0,NIFTY26SEP23250PE,128.1,128.1,128.1,128.1,0,19
2026-09-25 22:34:00,NIFTY,CE,23300.0,NIFTY26SEP23300CE,50.9,50.9,50.9,50.9,0,19
2026-09-25 22:34:00,NIFTY,PE,23300.0,NIFTY26SEP23300PE,157.75,157.75,157.75,157.75,0,19
2026-09-25 22:34:00,NIFTY,CE,23350.0,NIFTY26SEP23350CE,37.05,37.05,37.05,37.05,0,19
2026-09-25 22:34:00,NIFTY,PE,23350.0,NIFTY26SEP23350PE,194.35,194.35,194.35,194.35,0,19
2026-09-25 22:34:00,NIFTY,CE,23400.0,NIFTY26SEP23400CE,26.6,26.6,26.6,26.6,0,19
2026-09-25 22:34:00,NIFTY,PE,23400.0,NIFTY26SEP23400PE,233.0,233.0,233.0,233.0,0,19
2026-09-25 22:34:00,NIFTY,CE,23450.0,NIFTY26SEP23450CE,18.8,18.8,18.8,18.8,0,19
2026-09-25 22:34:00,NIFTY,PE,23450.0,NIFTY26SEP23450PE,274.55,274.55,274.55,274.55,0,19
2026-09-25 22:35:00,NIFTY,FUT,0.0,NIFTY26SEPFUT,23190.0,23190.0,23190.0,23190.0,0,19
2026-09-25 22:35:00,NIFTY,SPOT,0.0,Nifty 50,23140.5,23140.5,23140.5,23140.5,0,19
2026-09-25 22:35:00,NIFTY,CE,22850.0,NIFTY26SEP22850CE,358.05,358.05,358.05,358.05,0,19
2026-09-25 22:35:00,NIFTY,PE,22850.0,NIFTY26SEP22850PE,14.15,14.15,14.15,14.15,0,19
2026-09-25 22:35:00,NIFTY,CE,22900.0,NIFTY26SEP22900CE,310.8,310.8,310.8,310.8,0,19
2026-09-25 22:35:00,NIFTY,PE,22900.0,NIFTY26SEP22900PE,19.1,19.1,19.1,19.1,0,19
2026-09-25 22:35:00,NIFTY,CE,22950.0,NIFTY26SEP22950CE,265.9,265.9,265.9,265.9,0,19
2026-09-25 22:35:00,NIFTY,PE,22950.0,NIFTY26SEP22950PE,24.95,24.95,24.95,24.95,0,19
2026-09-25 22:35:00,NIFTY,CE,23000.0,NIFTY26SEP23000CE,224.35,224.35,224.35,224.35,0,19
2026-09-25 22:35:00,NIFTY,PE,23000.0,NIFTY26SEP23000PE,34.0,34.0,34.0,34.0,0,19
2026-09-25 22:35:00,NIFTY,CE,23050.0,NIFTY26SEP23050CE,184.55,184.55,184.55,184.55,0,19
2026-09-25 22:35:00,NIFTY,PE,23050.0,NIFTY26SEP23050PE,44.4,44.4,44.4,44.4,0,19
2026-09-25 22:35:00,NIFTY,CE,23100.0,NIFTY26SEP23100CE,150.15,150.15,150.15,150.15,0,19
2026-09-25 22:35:00,NIFTY,PE,23100.0,NIFTY26SEP23100PE,58.3,58.3,58.3,58.3,0,19
2026-09-25 22:35:00,NIFTY,CE,23150.0,NIFTY26SEP23150CE,119.25,119.25,119.25,119.25,0,19
2026-09-25 22:35:00,NIFTY,PE,23150.0,NIFTY26SEP23150PE,76.75,76.75,76.75,76.75,0,19
2026-09-25 22:35:00,NIFTY,CE,23200.0,NIFTY26SEP23200CE,92.0,92.0,92.0,92.0,0,19
2026-09-25 22:35:00,NIFTY,PE,23200.0,NIFTY26SEP23200PE,99.1,99.1,99.1,99.1,0,19
2026-09-25 22:35:00,NIFTY,CE,23250.0,NIFTY26SEP23250CE,68.85,68.85,68.85,68.85,0,19
2026-09-25 22:35:00,NIFTY,PE,23250.0,NIFTY26SEP23250PE,128.1,128.1,128.1,128.1,0,19
2026-09-25 22:35:00,NIFTY,CE,23300.0,NIFTY26SEP23300CE,50.9,50.9,50.9,50.9,0,19
2026-09-25 22:35:00,NIFTY,PE,23300.0,NIFTY26SEP23300PE,157.75,157.75,157.75,157.75,0,19
2026-09-25 22:35:00,NIFTY,CE,23350.0,NIFTY26SEP23350CE,37.05,37.05,37.05,37.05,0,19
2026-09-25 22:35:00,NIFTY,PE,23350.0,NIFTY26SEP23350PE,194.35,194.35,194.35,194.35,0,19
2026-09-25 22:35:00,NIFTY,CE,23400.0,NIFTY26SEP23400CE,26.6,26.6,26.6,26.6,0,19
2026-09-25 22:35:00,NIFTY,PE,23400.0,NIFTY26SEP23400PE,233.0,233.0,233.0,233.0,0,19
2026-09-25 22:35:00,NIFTY,CE,23450.0,NIFTY26SEP23450CE,18.8,18.8,18.8,18.8,0,19
2026-09-25 22:35:00,NIFTY,PE,23450.0,NIFTY26SEP23450PE,274.55,274.55,274.55,274.55,0,19
2026-09-25 22:36:00,NIFTY,FUT,0.0,NIFTY26SEPFUT,23190.0,23190.0,23190.0,23190.0,0,1
2026-09-25 22:36:00,NIFTY,SPOT,0.0,Nifty 50,23140.5,23140.5,23140.5,23140.5,0,1
2026-09-25 22:36:00,NIFTY,CE,22850.0,NIFTY26SEP22850CE,358.05,358.05,358.05,358.05,0,1
2026-09-25 22:36:00,NIFTY,PE,22850.0,NIFTY26SEP22850PE,14.15,14.15,14.15,14.15,0,1
2026-09-25 22:36:00,NIFTY,CE,22900.0,NIFTY26SEP22900CE,310.8,310.8,310.8,310.8,0,1
2026-09-25 22:36:00,NIFTY,PE,22900.0,NIFTY26SEP22900PE,19.1,19.1,19.1,19.1,0,1
2026-09-25 22:36:00,NIFTY,CE,22950.0,NIFTY26SEP22950CE,265.9,265.9,265.9,265.9,0,1
2026-09-25 22:36:00,NIFTY,PE,22950.0,NIFTY26SEP22950PE,24.95,24.95,24.95,24.95,0,1
2026-09-25 22:36:00,NIFTY,CE,23000.0,NIFTY26SEP23000CE,224.35,224.35,224.35,224.35,0,1
2026-09-25 22:36:00,NIFTY,PE,23000.0,NIFTY26SEP23000PE,34.0,34.0,34.0,34.0,0,1
2026-09-25 22:36:00,NIFTY,CE,23050.0,NIFTY26SEP23050CE,184.55,184.55,184.55,184.55,0,1
2026-09-25 22:36:00,NIFTY,PE,23050.0,NIFTY26SEP23050PE,44.4,44.4,44.4,44.4,0,1
2026-09-25 22:36:00,NIFTY,CE,23100.0,NIFTY26SEP23100CE,150.15,150.15,150.15,150.15,0,1
2026-09-25 22:36:00,NIFTY,PE,23100.0,NIFTY26SEP23100PE,58.3,58.3,58.3,58.3,0,1
2026-09-25 22:36:00,NIFTY,CE,23150.0,NIFTY26SEP23150CE,119.25,119.25,119.25,119.25,0,1
2026-09-25 22:36:00,NIFTY,PE,23150.0,NIFTY26SEP23150PE,76.75,76.75,76.75,76.75,0,1
2026-09-25 22:36:00,NIFTY,CE,23200.0,NIFTY26SEP23200CE,92.0,92.0,92.0,92.0,0,1
2026-09-25 22:36:00,NIFTY,PE,23200.0,NIFTY26SEP23200PE,99.1,99.1,99.1,99.1,0,1
2026-09-25 22:36:00,NIFTY,CE,23250.0,NIFTY26SEP23250CE,68.85,68.85,68.85,68.85,0,1
2026-09-25 22:36:00,NIFTY,PE,23250.0,NIFTY26SEP23250PE,128.1,128.1,128.1,128.1,0,1
2026-09-25 22:36:00,NIFTY,CE,23300.0,NIFTY26SEP23300CE,50.9,50.9,50.9,50.9,0,1
2026-09-25 22:36:00,NIFTY,PE,23300.0,NIFTY26SEP23300PE,157.75,157.75,157.75,157.75,0,1
2026-09-25 22:36:00,NIFTY,CE,23350.0,NIFTY26SEP23350CE,37.05,37.05,37.05,37.05,0,1
2026-09-25 22:36:00,NIFTY,PE,23350.0,NIFTY26SEP23350PE,194.35,194.35,194.35,194.35,0,1
2026-09-25 22:36:00,NIFTY,CE,23400.0,NIFTY26SEP23400CE,26.6,26.6,26.6,26.6,0,1
2026-09-25 22:36:00,NIFTY,PE,23400.0,NIFTY26SEP23400PE,233.0,233.0,233.0,233.0,0,1
2026-09-25 22:36:00,NIFTY,CE,23450.0,NIFTY26SEP23450CE,18.8,18.8,18.8,18.8,0,1
2026-09-25 22:36:00,NIFTY,PE,23450.0,NIFTY26SEP23450PE,274.55,274.55,274.55,274.55,0,1
2026-09-25 22:37:00,NIFTY,FUT,0.0,NIFTY26SEPFUT,23190.0,23190.0,23190.0,23190.0,0,18
2026-09-25 22:37:00,NIFTY,SPOT,0.0,Nifty 50,23140.5,23140.5,23140.5,23140.5,0,18
2026-09-25 22:37:00,NIFTY,CE,22850.0,NIFTY26SEP22850CE,358.05,358.05,358.05,358.05,0,18
2026-09-25 22:37:00,NIFTY,PE,22850.0,NIFTY26SEP22850PE,14.15,14.15,14.15,14.15,0,18
2026-09-25 22:37:00,NIFTY,CE,22900.0,NIFTY26SEP22900CE,310.8,310.8,310.8,310.8,0,18
2026-09-25 22:37:00,NIFTY,PE,22900.0,NIFTY26SEP22900PE,19.1,19.1,19.1,19.1,0,18
2026-09-25 22:37:00,NIFTY,CE,22950.0,NIFTY26SEP22950CE,265.9,265.9,265.9,265.9,0,18
2026-09-25 22:37:00,NIFTY,PE,22950.0,NIFTY26SEP22950PE,24.95,24.95,24.95,24.95,0,18
2026-09-25 22:37:00,NIFTY,CE,23000.0,NIFTY26SEP23000CE,224.35,224.35,224.35,224.35,0,18
2026-09-25 22:37:00,NIFTY,PE,23000.0,NIFTY26SEP23000PE,34.0,34.0,34.0,34.0,0,18
2026-09-25 22:37:00,NIFTY,CE,23050.0,NIFTY26SEP23050CE,184.55,184.55,184.55,184.55,0,18
2026-09-25 22:37:00,NIFTY,PE,23050.0,NIFTY26SEP23050PE,44.4,44.4,44.4,44.4,0,18
2026-09-25 22:37:00,NIFTY,CE,23100.0,NIFTY26SEP23100CE,150.15,150.15,150.15,150.15,0,18
2026-09-25 22:37:00,NIFTY,PE,23100.0,NIFTY26SEP23100PE,58.3,58.3,58.3,58.3,0,18
2026-09-25 22:37:00,NIFTY,CE,23150.0,NIFTY26SEP23150CE,119.25,119.25,119.25,119.25,0,18
2026-09-25 22:37:00,NIFTY,PE,23150.0,NIFTY26SEP23150PE,76.75,76.75,76.75,76.75,0,18
2026-09-25 22:37:00,NIFTY,CE,23200.0,NIFTY26SEP23200CE,92.0,92.0,92.0,92.0,0,18
2026-09-25 22:37:00,NIFTY,PE,23200.0,NIFTY26SEP23200PE,99.1,99.1,99.1,99.1,0,18
2026-09-25 22:37:00,NIFTY,CE,23250.0,NIFTY26SEP23250CE,68.85,68.85,68.85,68.85,0,18
2026-09-25 22:37:00,NIFTY,PE,23250.0,NIFTY26SEP23250PE,128.1,128.1,128.1,128.1,0,18
2026-09-25 22:37:00,NIFTY,CE,23300.0,NIFTY26SEP23300CE,50.9,50.9,50.9,50.9,0,18
2026-09-25 22:37:00,NIFTY,PE,23300.0,NIFTY26SEP23300PE,157.75,157.75,157.75,157.75,0,18
2026-09-25 22:37:00,NIFTY,CE,23350.0,NIFTY26SEP23350CE,37.05,37.05,37.05,37.05,0,18
2026-09-25 22:37:00,NIFTY,PE,23350.0,NIFTY26SEP23350PE,194.35,194.35,194.35,194.35,0,18
2026-09-25 22:37:00,NIFTY,CE,23400.0,NIFTY26SEP23400CE,26.6,26.6,26.6,26.6,0,18
2026-09-25 22:37:00,NIFTY,PE,23400.0,NIFTY26SEP23400PE,233.0,233.0,233.0,233.0,0,18
2026-09-25 22:37:00,NIFTY,CE,23450.0,NIFTY26SEP23450CE,18.8,18.8,18.8,18.8,0,18
2026-09-25 22:37:00,NIFTY,PE,23450.0,NIFTY26SEP23450PE,274.55,274.55,274.55,274.55,0,18
2026-09-25 22:38:00,NIFTY,FUT,0.0,NIFTY26SEPFUT,23190.0,23190.0,23190.0,23190.0,0,19
2026-09-25 22:38:00,NIFTY,SPOT,0.0,Nifty 50,23140.5,23140.5,23140.5,23140.5,0,19
2026-09-25 22:38:00,NIFTY,CE,22850.0,NIFTY26SEP22850CE,358.05,358.05,358.05,358.05,0,19
2026-09-25 22:38:00,NIFTY,PE,22850.0,NIFTY26SEP22850PE,14.15,14.15,14.15,14.15,0,19
2026-09-25 22:38:00,NIFTY,CE,22900.0,NIFTY26SEP22900CE,310.8,310.8,310.8,310.8,0,19
2026-09-25 22:38:00,NIFTY,PE,22900.0,NIFTY26SEP22900PE,19.1,19.1,19.1,19.1,0,19
2026-09-25 22:38:00,NIFTY,CE,22950.0,NIFTY26SEP22950CE,265.9,265.9,265.9,265.9,0,19
2026-09-25 22:38:00,NIFTY,PE,22950.0,NIFTY26SEP22950PE,24.95,24.95,24.95,24.95,0,19
2026-09-25 22:38:00,NIFTY,CE,23000.0,NIFTY26SEP23000CE,224.35,224.35,224.35,224.35,0,19
2026-09-25 22:38:00,NIFTY,PE,23000.0,NIFTY26SEP23000PE,34.0,34.0,34.0,34.0,0,19
2026-09-25 22:38:00,NIFTY,CE,23050.0,NIFTY26SEP23050CE,184.55,184.55,184.55,184.55,0,19
2026-09-25 22:38:00,NIFTY,PE,23050.0,NIFTY26SEP23050PE,44.4,44.4,44.4,44.4,0,19
2026-09-25 22:38:00,NIFTY,CE,23100.0,NIFTY26SEP23100CE,150.15,150.15,150.15,150.15,0,19
2026-09-25 22:38:00,NIFTY,PE,23100.0,NIFTY26SEP23100PE,58.3,58.3,58.3,58.3,0,19
2026-09-25 22:38:00,NIFTY,CE,23150.0,NIFTY26SEP23150CE,119.25,119.25,119.25,119.25,0,19
2026-09-25 22:38:00,NIFTY,PE,23150.0,NIFTY26SEP23150PE,76.75,76.75,76.75,76.75,0,19
2026-09-25 22:38:00,NIFTY,CE,23200.0,NIFTY26SEP23200CE,92.0,92.0,92.0,92.0,0,19
2026-09-25 22:38:00,NIFTY,PE,23200.0,NIFTY26SEP23200PE,99.1,99.1,99.1,99.1,0,19
2026-09-25 22:38:00,NIFTY,CE,23250.0,NIFTY26SEP23250CE,68.85,68.85,68.85,68.85,0,19
2026-09-25 22:38:00,NIFTY,PE,23250.0,NIFTY26SEP23250PE,128.1,128.1,128.1,128.1,0,19
2026-09-25 22:38:00,NIFTY,CE,23300.0,NIFTY26SEP23300CE,50.9,50.9,50.9,50.9,0,19
2026-09-25 22:38:00,NIFTY,PE,23300.0,NIFTY26SEP23300PE,157.75,157.75,157.75,157.75,0,19
2026-09-25 22:38:00,NIFTY,CE,23350.0,NIFTY26SEP23350CE,37.05,37.05,37.05,37.05,0,19
2026-09-25 22:38:00,NIFTY,PE,23350.0,NIFTY26SEP23350PE,194.35,194.35,194.35,194.35,0,19
2026-09-25 22:38:00,NIFTY,CE,23400.0,NIFTY26SEP23400CE,26.6,26.6,26.6,26.6,0,19
2026-09-25 22:38:00,NIFTY,PE,23400.0,NIFTY26SEP23400PE,233.0,233.0,233.0,233.0,0,19
2026-09-25 22:38:00,NIFTY,CE,23450.0,NIFTY26SEP23450CE,18.8,18.8,18.8,18.8,0,19
2026-09-25 22:38:00,NIFTY,PE,23450.0,NIFTY26SEP23450PE,274.55,274.55,274.55,274.55,0,19
2026-09-25 22:39:00,NIFTY,FUT,0.0,NIFTY26SEPFUT,23190.0,23190.0,23190.0,23190.0,0,19
2026-09-25 22:39:00,NIFTY,SPOT,0.0,Nifty 50,23140.5,23140.5,23140.5,23140.5,0,19
2026-09-25 22:39:00,NIFTY,CE,22850.0,NIFTY26SEP22850CE,358.05,358.05,358.05,358.05,0,19
2026-09-25 22:39:00,NIFTY,PE,22850.0,NIFTY26SEP22850PE,14.15,14.15,14.15,14.15,0,19
2026-09-25 22:39:00,NIFTY,CE,22900.0,NIFTY26SEP22900CE,310.8,310.8,310.8,310.8,0,19
2026-09-25 22:39:00,NIFTY,PE,22900.0,NIFTY26SEP22900PE,19.1,19.1,19.1,19.1,0,19
2026-09-25 22:39:00,NIFTY,CE,22950.0,NIFTY26SEP22950CE,265.9,265.9,265.9,265.9,0,19
2026-09-25 22:39:00,NIFTY,PE,22950.0,NIFTY26SEP22950PE,24.95,24.95,24.95,24.95,0,19
2026-09-25 22:39:00,NIFTY,CE,23000.0,NIFTY26SEP23000CE,224.35,224.35,224.35,224.35,0,19
2026-09-25 22:39:00,NIFTY,PE,23000.0,NIFTY26SEP23000PE,34.0,34.0,34.0,34.0,0,19
2026-09-25 22:39:00,NIFTY,CE,23050.0,NIFTY26SEP23050CE,184.55,184.55,184.55,184.55,0,19
2026-09-25 22:39:00,NIFTY,PE,23050.0,NIFTY26SEP23050PE,44.4,44.4,44.4,44.4,0,19
2026-09-25 22:39:00,NIFTY,CE,23100.0,NIFTY26SEP23100CE,150.15,150.15,150.15,150.15,0,19
2026-09-25 22:39:00,NIFTY,PE,23100.0,NIFTY26SEP23100PE,58.3,58.3,58.3,58.3,0,19
2026-09-25 22:39:00,NIFTY,CE,23150.0,NIFTY26SEP23150CE,119.25,119.25,119.25,119.25,0,19
2026-09-25 22:39:00,NIFTY,PE,23150.0,NIFTY26SEP23150PE,76.75,76.75,76.75,76.75,0,19
2026-09-25 22:39:00,NIFTY,CE,23200.0,NIFTY26SEP23200CE,92.0,92.0,92.0,92.0,0,19
2026-09-25 22:39:00,NIFTY,PE,23200.0,NIFTY26SEP23200PE,99.1,99.1,99.1,99.1,0,19
2026-09-25 22:39:00,NIFTY,CE,23250.0,NIFTY26SEP23250CE,68.85,68.85,68.85,68.85,0,19
2026-09-25 22:39:00,NIFTY,PE,23250.0,NIFTY26SEP23250PE,128.1,128.1,128.1,128.1,0,19
2026-09-25 22:39:00,NIFTY,CE,23300.0,NIFTY26SEP23300CE,50.9,50.9,50.9,50.9,0,19
2026-09-25 22:39:00,NIFTY,PE,23300.0,NIFTY26SEP23300PE,157.75,157.75,157.75,157.75,0,19
2026-09-25 22:39:00,NIFTY,CE,23350.0,NIFTY26SEP23350CE,37.05,37.05,37.05,37.05,0,19
2026-09-25 22:39:00,NIFTY,PE,23350.0,NIFTY26SEP23350PE,194.35,194.35,194.35,194.35,0,19
2026-09-25 22:39:00,NIFTY,CE,23400.0,NIFTY26SEP23400CE,26.6,26.6,26.6,26.6,0,19
2026-09-25 22:39:00,NIFTY,PE,23400.0,NIFTY26SEP23400PE,233.0,233.0,233.0,233.0,0,19
2026-09-25 22:39:00,NIFTY,CE,23450.0,NIFTY26SEP23450CE,18.8,18.8,18.8,18.8,0,19
2026-09-25 22:39:00,NIFTY,PE,23450.0,NIFTY26SEP23450PE,274.55,274.55,274.55,274.55,0,19
2026-09-25 22:40:00,NIFTY,FUT,0.0,NIFTY26SEPFUT,23190.0,23190.0,23190.0,23190.0,0,19
2026-09-25 22:40:00,NIFTY,SPOT,0.0,Nifty 50,23140.5,23140.5,23140.5,23140.5,0,19
2026-09-25 22:40:00,NIFTY,CE,22850.0,NIFTY26SEP22850CE,358.05,358.05,358.05,358.05,0,19
2026-09-25 22:40:00,NIFTY,PE,22850.0,NIFTY26SEP22850PE,14.15,14.15,14.15,14.15,0,19
2026-09-25 22:40:00,NIFTY,CE,22900.0,NIFTY26SEP22900CE,310.8,310.8,310.8,310.8,0,19
2026-09-25 22:40:00,NIFTY,PE,22900.0,NIFTY26SEP22900PE,19.1,19.1,19.1,19.1,0,19
2026-09-25 22:40:00,NIFTY,CE,22950.0,NIFTY26SEP22950CE,265.9,265.9,265.9,265.9,0,19
2026-09-25 22:40:00,NIFTY,PE,22950.0,NIFTY26SEP22950PE,24.95,24.95,24.95,24.95,0,19
2026-09-25 22:40:00,NIFTY,CE,23000.0,NIFTY26SEP23000CE,224.35,224.35,224.35,224.35,0,19
2026-09-25 22:40:00,NIFTY,PE,23000.0,NIFTY26SEP23000PE,34.0,34.0,34.0,34.0,0,19
2026-09-25 22:40:00,NIFTY,CE,23050.0,NIFTY26SEP23050CE,184.55,184.55,184.55,184.55,0,19
2026-09-25 22:40:00,NIFTY,PE,23050.0,NIFTY26SEP23050PE,44.4,44.4,44.4,44.4,0,19
2026-09-25 22:40:00,NIFTY,CE,23100.0,NIFTY26SEP23100CE,150.15,150.15,150.15,150.15,0,19
2026-09-25 22:40:00,NIFTY,PE,23100.0,NIFTY26SEP23100PE,58.3,58.3,58.3,58.3,0,19
2026-09-25 22:40:00,NIFTY,CE,23150.0,NIFTY26SEP23150CE,119.25,119.25,119.25,119.25,0,19
2026-09-25 22:40:00,NIFTY,PE,23150.0,NIFTY26SEP23150PE,76.75,76.75,76.75,76.75,0,19
2026-09-25 22:40:00,NIFTY,CE,23200.0,NIFTY26SEP23200CE,92.0,92.0,92.0,92.0,0,19
2026-09-25 22:40:00,NIFTY,PE,23200.0,NIFTY26SEP23200PE,99.1,99.1,99.1,99.1,0,19
2026-09-25 22:40:00,NIFTY,CE,23250.0,NIFTY26SEP23250CE,68.85,68.85,68.85,68.85,0,19
2026-09-25 22:40:00,NIFTY,PE,23250.0,NIFTY26SEP23250PE,128.1,128.1,128.1,128.1,0,19
2026-09-25 22:40:00,NIFTY,CE,23300.0,NIFTY26SEP23300CE,50.9,50.9,50.9,50.9,0,19
2026-09-25 22:40:00,NIFTY,PE,23300.0,NIFTY26SEP23300PE,157.75,157.75,157.75,157.75,0,19
2026-09-25 22:40:00,NIFTY,CE,23350.0,NIFTY26SEP23350CE,37.05,37.05,37.05,37.05,0,19
2026-09-25 22:40:00,NIFTY,PE,23350.0,NIFTY26SEP23350PE,194.35,194.35,194.35,194.35,0,19
2026-09-25 22:40:00,NIFTY,CE,23400.0,NIFTY26SEP23400CE,26.6,26.6,26.6,26.6,0,19
2026-09-25 22:40:00,NIFTY,PE,23400.0,NIFTY26SEP23400PE,233.0,233.0,233.0,233.0,0,19
2026-09-25 22:40:00,NIFTY,CE,23450.0,NIFTY26SEP23450CE,18.8,18.8,18.8,18.8,0,19
2026-09-25 22:40:00,NIFTY,PE,23450.0,NIFTY26SEP23450PE,274.55,274.55,274.55,274.55,0,19
2026-09-25 22:41:00,NIFTY,FUT,0.0,NIFTY26SEPFUT,23190.0,23190.0,23190.0,23190.0,0,18
2026-09-25 22:41:00,NIFTY,SPOT,0.0,Nifty 50,23140.5,23140.5,23140.5,23140.5,0,18
2026-09-25 22:41:00,NIFTY,CE,22850.0,NIFTY26SEP22850CE,358.05,358.05,358.05,358.05,0,18
2026-09-25 22:41:00,NIFTY,PE,22850.0,NIFTY26SEP22850PE,14.15,14.15,14.15,14.15,0,18
2026-09-25 22:41:00,NIFTY,CE,22900.0,NIFTY26SEP22900CE,310.8,310.8,310.8,310.8,0,18
2026-09-25 22:41:00,NIFTY,PE,22900.0,NIFTY26SEP22900PE,19.1,19.1,19.1,19.1,0,18
2026-09-25 22:41:00,NIFTY,CE,22950.0,NIFTY26SEP22950CE,265.9,265.9,265.9,265.9,0,18
2026-09-25 22:41:00,NIFTY,PE,22950.0,NIFTY26SEP22950PE,24.95,24.95,24.95,24.95,0,18
2026-09-25 22:41:00,NIFTY,CE,23000.0,NIFTY26SEP23000CE,224.35,224.35,224.35,224.35,0,18
2026-09-25 22:41:00,NIFTY,PE,23000.0,NIFTY26SEP23000PE,34.0,34.0,34.0,34.0,0,18
2026-09-25 22:41:00,NIFTY,CE,23050.0,NIFTY26SEP23050CE,184.55,184.55,184.55,184.55,0,18
2026-09-25 22:41:00,NIFTY,PE,23050.0,NIFTY26SEP23050PE,44.4,44.4,44.4,44.4,0,18
2026-09-25 22:41:00,NIFTY,CE,23100.0,NIFTY26SEP23100CE,150.15,150.15,150.15,150.15,0,18
2026-09-25 22:41:00,NIFTY,PE,23100.0,NIFTY26SEP23100PE,58.3,58.3,58.3,58.3,0,18
2026-09-25 22:41:00,NIFTY,CE,23150.0,NIFTY26SEP23150CE,119.25,119.25,119.25,119.25,0,18
2026-09-25 22:41:00,NIFTY,PE,23150.0,NIFTY26SEP23150PE,76.75,76.75,76.75,76.75,0,18
2026-09-25 22:41:00,NIFTY,CE,23200.0,NIFTY26SEP23200CE,92.0,92.0,92.0,92.0,0,18
2026-09-25 22:41:00,NIFTY,PE,23200.0,NIFTY26SEP23200PE,99.1,99.1,99.1,99.1,0,18
2026-09-25 22:41:00,NIFTY,CE,23250.0,NIFTY26SEP23250CE,68.85,68.85,68.85,68.85,0,18
2026-09-25 22:41:00,NIFTY,PE,23250.0,NIFTY26SEP23250PE,128.1,128.1,128.1,128.1,0,18
2026-09-25 22:41:00,NIFTY,CE,23300.0,NIFTY26SEP23300CE,50.9,50.9,50.9,50.9,0,18
2026-09-25 22:41:00,NIFTY,PE,23300.0,NIFTY26SEP23300PE,157.75,157.75,157.75,157.75,0,18
2026-09-25 22:41:00,NIFTY,CE,23350.0,NIFTY26SEP23350CE,37.05,37.05,37.05,37.05,0,18
2026-09-25 22:41:00,NIFTY,PE,23350.0,NIFTY26SEP23350PE,194.35,194.35,194.35,194.35,0,18
2026-09-25 22:41:00,NIFTY,CE,23400.0,NIFTY26SEP23400CE,26.6,26.6,26.6,26.6,0,18
2026-09-25 22:41:00,NIFTY,PE,23400.0,NIFTY26SEP23400PE,233.0,233.0,233.0,233.0,0,18
2026-09-25 22:41:00,NIFTY,CE,23450.0,NIFTY26SEP23450CE,18.8,18.8,18.8,18.8,0,18
2026-09-25 22:41:00,NIFTY,PE,23450.0,NIFTY26SEP23450PE,274.55,274.55,274.55,274.55,0,18
2026-09-25 22:42:00,NIFTY,FUT,0.0,NIFTY26SEPFUT,23190.0,23190.0,23190.0,23190.0,0,19
2026-09-25 22:42:00,NIFTY,SPOT,0.0,Nifty 50,23140.5,23140.5,23140.5,23140.5,0,19
2026-09-25 22:42:00,NIFTY,CE,22850.0,NIFTY26SEP22850CE,358.05,358.05,358.05,358.05,0,19
2026-09-25 22:42:00,NIFTY,PE,22850.0,NIFTY26SEP22850PE,14.15,14.15,14.15,14.15,0,19
2026-09-25 22:42:00,NIFTY,CE,22900.0,NIFTY26SEP22900CE,310.8,310.8,310.8,310.8,0,19
2026-09-25 22:42:00,NIFTY,PE,22900.0,NIFTY26SEP22900PE,19.1,19.1,19.1,19.1,0,19
2026-09-25 22:42:00,NIFTY,CE,22950.0,NIFTY26SEP22950CE,265.9,265.9,265.9,265.9,0,19
2026-09-25 22:42:00,NIFTY,PE,22950.0,NIFTY26SEP22950PE,24.95,24.95,24.95,24.95,0,19
2026-09-25 22:42:00,NIFTY,CE,23000.0,NIFTY26SEP23000CE,224.35,224.35,224.35,224.35,0,19
2026-09-25 22:42:00,NIFTY,PE,23000.0,NIFTY26SEP23000PE,34.0,34.0,34.0,34.0,0,19
2026-09-25 22:42:00,NIFTY,CE,23050.0,NIFTY26SEP23050CE,184.55,184.55,184.55,184.55,0,19
2026-09-25 22:42:00,NIFTY,PE,23050.0,NIFTY26SEP23050PE,44.4,44.4,44.4,44.4,0,19
2026-09-25 22:42:00,NIFTY,CE,23100.0,NIFTY26SEP23100CE,150.15,150.15,150.15,150.15,0,19
2026-09-25 22:42:00,NIFTY,PE,23100.0,NIFTY26SEP23100PE,58.3,58.3,58.3,58.3,0,19
2026-09-25 22:42:00,NIFTY,CE,23150.0,NIFTY26SEP23150CE,119.25,119.25,119.25,119.25,0,19
2026-09-25 22:42:00,NIFTY,PE,23150.0,NIFTY26SEP23150PE,76.75,76.75,76.75,76.75,0,19
2026-09-25 22:42:00,NIFTY,CE,23200.0,NIFTY26SEP23200CE,92.0,92.0,92.0,92.0,0,19
2026-09-25 22:42:00,NIFTY,PE,23200.0,NIFTY26SEP23200PE,99.1,99.1,99.1,99.1,0,19
2026-09-25 22:42:00,NIFTY,CE,23250.0,NIFTY26SEP23250CE,68.85,68.85,68.85,68.85,0,19
2026-09-25 22:42:00,NIFTY,PE,23250.0,NIFTY26SEP23250PE,128.1,128.1,128.1,128.1,0,19
2026-09-25 22:42:00,NIFTY,CE,23300.0,NIFTY26SEP23300CE,50.9,50.9,50.9,50.9,0,19
2026-09-25 22:42:00,NIFTY,PE,23300.0,NIFTY26SEP23300PE,157.75,157.75,157.75,157.75,0,19
2026-09-25 22:42:00,NIFTY,CE,23350.0,NIFTY26SEP23350CE,37.05,37.05,37.05,37.05,0,19
2026-09-25 22:42:00,NIFTY,PE,23350.0,NIFTY26SEP23350PE,194.35,194.35,194.35,194.35,0,19
2026-09-25 22:42:00,NIFTY,CE,23400.0,NIFTY26SEP23400CE,26.6,26.6,26.6,26.6,0,19
2026-09-25 22:42:00,NIFTY,PE,23400.0,NIFTY26SEP23400PE,233.0,233.0,233.0,233.0,0,19
2026-09-25 22:42:00,NIFTY,CE,23450.0,NIFTY26SEP23450CE,18.8,18.8,18.8,18.8,0,19
2026-09-25 22:42:00,NIFTY,PE,23450.0,NIFTY26SEP23450PE,274.55,274.55,274.55,274.55,0,19
2026-09-25 22:43:00,NIFTY,FUT,0.0,NIFTY26SEPFUT,23190.0,23190.0,23190.0,23190.0,0,19
2026-09-25 22:43:00,NIFTY,SPOT,0.0,Nifty 50,23140.5,23140.5,23140.5,23140.5,0,19
2026-09-25 22:43:00,NIFTY,CE,22850.0,NIFTY26SEP22850CE,358.05,358.05,358.05,358.05,0,19
2026-09-25 22:43:00,NIFTY,PE,22850.0,NIFTY26SEP22850PE,14.15,14.15,14.15,14.15,0,19
2026-09-25 22:43:00,NIFTY,CE,22900.0,NIFTY26SEP22900CE,310.8,310.8,310.8,310.8,0,19
2026-09-25 22:43:00,NIFTY,PE,22900.0,NIFTY26SEP22900PE,19.1,19.1,19.1,19.1,0,19
2026-09-25 22:43:00,NIFTY,CE,22950.0,NIFTY26SEP22950CE,265.9,265.9,265.9,265.9,0,19
2026-09-25 22:43:00,NIFTY,PE,22950.0,NIFTY26SEP22950PE,24.95,24.95,24.95,24.95,0,19
2026-09-25 22:43:00,NIFTY,CE,23000.0,NIFTY26SEP23000CE,224.35,224.35,224.35,224.35,0,19
2026-09-25 22:43:00,NIFTY,PE,23000.0,NIFTY26SEP23000PE,34.0,34.0,34.0,34.0,0,19
2026-09-25 22:43:00,NIFTY,CE,23050.0,NIFTY26SEP23050CE,184.55,184.55,184.55,184.55,0,19
2026-09-25 22:43:00,NIFTY,PE,23050.0,NIFTY26SEP23050PE,44.4,44.4,44.4,44.4,0,19
2026-09-25 22:43:00,NIFTY,CE,23100.0,NIFTY26SEP23100CE,150.15,150.15,150.15,150.15,0,19
2026-09-25 22:43:00,NIFTY,PE,23100.0,NIFTY26SEP23100PE,58.3,58.3,58.3,58.3,0,19
2026-09-25 22:43:00,NIFTY,CE,23150.0,NIFTY26SEP23150CE,119.25,119.25,119.25,119.25,0,19
2026-09-25 22:43:00,NIFTY,PE,23150.0,NIFTY26SEP23150PE,76.75,76.75,76.75,76.75,0,19
2026-09-25 22:43:00,NIFTY,CE,23200.0,NIFTY26SEP23200CE,92.0,92.0,92.0,92.0,0,19
2026-09-25 22:43:00,NIFTY,PE,23200.0,NIFTY26SEP23200PE,99.1,99.1,99.1,99.1,0,19
2026-09-25 22:43:00,NIFTY,CE,23250.0,NIFTY26SEP23250CE,68.85,68.85,68.85,68.85,0,19
2026-09-25 22:43:00,NIFTY,PE,23250.0,NIFTY26SEP23250PE,128.1,128.1,128.1,128.1,0,19
2026-09-25 22:43:00,NIFTY,CE,23300.0,NIFTY26SEP23300CE,50.9,50.9,50.9,50.9,0,19
2026-09-25 22:43:00,NIFTY,PE,23300.0,NIFTY26SEP23300PE,157.75,157.75,157.75,157.75,0,19
2026-09-25 22:43:00,NIFTY,CE,23350.0,NIFTY26SEP23350CE,37.05,37.05,37.05,37.05,0,19
2026-09-25 22:43:00,NIFTY,PE,23350.0,NIFTY26SEP23350PE,194.35,194.35,194.35,194.35,0,19
2026-09-25 22:43:00,NIFTY,CE,23400.0,NIFTY26SEP23400CE,26.6,26.6,26.6,26.6,0,19
2026-09-25 22:43:00,NIFTY,PE,23400.0,NIFTY26SEP23400PE,233.0,233.0,233.0,233.0,0,19
2026-09-25 22:43:00,NIFTY,CE,23450.0,NIFTY26SEP23450CE,18.8,18.8,18.8,18.8,0,19
2026-09-25 22:43:00,NIFTY,PE,23450.0,NIFTY26SEP23450PE,274.55,274.55,274.55,274.55,0,19
2026-09-25 22:44:00,NIFTY,FUT,0.0,NIFTY26SEPFUT,23190.0,23190.0,23190.0,23190.0,0,19
2026-09-25 22:44:00,NIFTY,SPOT,0.0,Nifty 50,23140.5,23140.5,23140.5,23140.5,0,19
2026-09-25 22:44:00,NIFTY,CE,22850.0,NIFTY26SEP22850CE,358.05,358.05,358.05,358.05,0,19
2026-09-25 22:44:00,NIFTY,PE,22850.0,NIFTY26SEP22850PE,14.15,14.15,14.15,14.15,0,19
2026-09-25 22:44:00,NIFTY,CE,22900.0,NIFTY26SEP22900CE,310.8,310.8,310.8,310.8,0,19
2026-09-25 22:44:00,NIFTY,PE,22900.0,NIFTY26SEP22900PE,19.1,19.1,19.1,19.1,0,19
2026-09-25 22:44:00,NIFTY,CE,22950.0,NIFTY26SEP22950CE,265.9,265.9,265.9,265.9,0,19
2026-09-25 22:44:00,NIFTY,PE,22950.0,NIFTY26SEP22950PE,24.95,24.95,24.95,24.95,0,19
2026-09-25 22:44:00,NIFTY,CE,23000.0,NIFTY26SEP23000CE,224.35,224.35,224.35,224.35,0,19
2026-09-25 22:44:00,NIFTY,PE,23000.0,NIFTY26SEP23000PE,34.0,34.0,34.0,34.0,0,19
2026-09-25 22:44:00,NIFTY,CE,23050.0,NIFTY26SEP23050CE,184.55,184.55,184.55,184.55,0,19
2026-09-25 22:44:00,NIFTY,PE,23050.0,NIFTY26SEP23050PE,44.4,44.4,44.4,44.4,0,19
2026-09-25 22:44:00,NIFTY,CE,23100.0,NIFTY26SEP23100CE,150.15,150.15,150.15,150.15,0,19
2026-09-25 22:44:00,NIFTY,PE,23100.0,NIFTY26SEP23100PE,58.3,58.3,58.3,58.3,0,19
2026-09-25 22:44:00,NIFTY,CE,23150.0,NIFTY26SEP23150CE,119.25,119.25,119.25,119.25,0,19
2026-09-25 22:44:00,NIFTY,PE,23150.0,NIFTY26SEP23150PE,76.75,76.75,76.75,76.75,0,19
2026-09-25 22:44:00,NIFTY,CE,23200.0,NIFTY26SEP23200CE,92.0,92.0,92.0,92.0,0,19
2026-09-25 22:44:00,NIFTY,PE,23200.0,NIFTY26SEP23200PE,99.1,99.1,99.1,99.1,0,19
2026-09-25 22:44:00,NIFTY,CE,23250.0,NIFTY26SEP23250CE,68.85,68.85,68.85,68.85,0,19
2026-09-25 22:44:00,NIFTY,PE,23250.0,NIFTY26SEP23250PE,128.1,128.1,128.1,128.1,0,19
2026-09-25 22:44:00,NIFTY,CE,23300.0,NIFTY26SEP23300CE,50.9,50.9,50.9,50.9,0,19
2026-09-25 22:44:00,NIFTY,PE,23300.0,NIFTY26SEP23300PE,157.75,157.75,157.75,157.75,0,19
2026-09-25 22:44:00,NIFTY,CE,23350.0,NIFTY26SEP23350CE,37.05,37.05,37.05,37.05,0,19
2026-09-25 22:44:00,NIFTY,PE,23350.0,NIFTY26SEP23350PE,194.35,194.35,194.35,194.35,0,19
2026-09-25 22:44:00,NIFTY,CE,23400.0,NIFTY26SEP23400CE,26.6,26.6,26.6,26.6,0,19
2026-09-25 22:44:00,NIFTY,PE,23400.0,NIFTY26SEP23400PE,233.0,233.0,233.0,233.0,0,19
2026-09-25 22:44:00,NIFTY,CE,23450.0,NIFTY26SEP23450CE,18.8,18.8,18.8,18.8,0,19
2026-09-25 22:44:00,NIFTY,PE,23450.0,NIFTY26SEP23450PE,274.55,274.55,274.55,274.55,0,19
2026-09-25 22:45:00,NIFTY,FUT,0.0,NIFTY26SEPFUT,23190.0,23190.0,23190.0,23190.0,0,19
2026-09-25 22:45:00,NIFTY,SPOT,0.0,Nifty 50,23140.5,23140.5,23140.5,23140.5,0,19
2026-09-25 22:45:00,NIFTY,CE,22850.0,NIFTY26SEP22850CE,358.05,358.05,358.05,358.05,0,19
2026-09-25 22:45:00,NIFTY,PE,22850.0,NIFTY26SEP22850PE,14.15,14.15,14.15,14.15,0,19
2026-09-25 22:45:00,NIFTY,CE,22900.0,NIFTY26SEP22900CE,310.8,310.8,310.8,310.8,0,19
2026-09-25 22:45:00,NIFTY,PE,22900.0,NIFTY26SEP22900PE,19.1,19.1,19.1,19.1,0,19
2026-09-25 22:45:00,NIFTY,CE,22950.0,NIFTY26SEP22950CE,265.9,265.9,265.9,265.9,0,19
2026-09-25 22:45:00,NIFTY,PE,22950.0,NIFTY26SEP22950PE,24.95,24.95,24.95,24.95,0,19
2026-09-25 22:45:00,NIFTY,CE,23000.0,NIFTY26SEP23000CE,224.35,224.35,224.35,224.35,0,19
2026-09-25 22:45:00,NIFTY,PE,23000.0,NIFTY26SEP23000PE,34.0,34.0,34.0,34.0,0,19
2026-09-25 22:45:00,NIFTY,CE,23050.0,NIFTY26SEP23050CE,184.55,184.55,184.55,184.55,0,19
2026-09-25 22:45:00,NIFTY,PE,23050.0,NIFTY26SEP23050PE,44.4,44.4,44.4,44.4,0,19
2026-09-25 22:45:00,NIFTY,CE,23100.0,NIFTY26SEP23100CE,150.15,150.15,150.15,150.15,0,19
2026-09-25 22:45:00,NIFTY,PE,23100.0,NIFTY26SEP23100PE,58.3,58.3,58.3,58.3,0,19
2026-09-25 22:45:00,NIFTY,CE,23150.0,NIFTY26SEP23150CE,119.25,119.25,119.25,119.25,0,19
2026-09-25 22:45:00,NIFTY,PE,23150.0,NIFTY26SEP23150PE,76.75,76.75,76.75,76.75,0,19
2026-09-25 22:45:00,NIFTY,CE,23200.0,NIFTY26SEP23200CE,92.0,92.0,92.0,92.0,0,19
2026-09-25 22:45:00,NIFTY,PE,23200.0,NIFTY26SEP23200PE,99.1,99.1,99.1,99.1,0,19
2026-09-25 22:45:00,NIFTY,CE,23250.0,NIFTY26SEP23250CE,68.85,68.85,68.85,68.85,0,19
2026-09-25 22:45:00,NIFTY,PE,23250.0,NIFTY26SEP23250PE,128.1,128.1,128.1,128.1,0,19
2026-09-25 22:45:00,NIFTY,CE,23300.0,NIFTY26SEP23300CE,50.9,50.9,50.9,50.9,0,19
2026-09-25 22:45:00,NIFTY,PE,23300.0,NIFTY26SEP23300PE,157.75,157.75,157.75,157.75,0,19
2026-09-25 22:45:00,NIFTY,CE,23350.0,NIFTY26SEP23350CE,37.05,37.05,37.05,37.05,0,19
2026-09-25 22:45:00,NIFTY,PE,23350.0,NIFTY26SEP23350PE,194.35,194.35,194.35,194.35,0,19
2026-09-25 22:45:00,NIFTY,CE,23400.0,NIFTY26SEP23400CE,26.6,26.6,26.6,26.6,0,19
2026-09-25 22:45:00,NIFTY,PE,23400.0,NIFTY26SEP23400PE,233.0,233.0,233.0,233.0,0,19
2026-09-25 22:45:00,NIFTY,CE,23450.0,NIFTY26SEP23450CE,18.8,18.8,18.8,18.8,0,19
2026-09-25 22:45:00,NIFTY,PE,23450.0,NIFTY26SEP23450PE,274.55,274.55,274.55,274.55,0,19
2026-09-25 22:46:00,NIFTY,FUT,0.0,NIFTY26SEPFUT,23190.0,23190.0,23190.0,23190.0,0,19
2026-09-25 22:46:00,NIFTY,SPOT,0.0,Nifty 50,23140.5,23140.5,23140.5,23140.5,0,19
2026-09-25 22:46:00,NIFTY,CE,22850.0,NIFTY26SEP22850CE,358.05,358.05,358.05,358.05,0,19
2026-09-25 22:46:00,NIFTY,PE,22850.0,NIFTY26SEP22850PE,14.15,14.15,14.15,14.15,0,19
2026-09-25 22:46:00,NIFTY,CE,22900.0,NIFTY26SEP22900CE,310.8,310.8,310.8,310.8,0,19
2026-09-25 22:46:00,NIFTY,PE,22900.0,NIFTY26SEP22900PE,19.1,19.1,19.1,19.1,0,19
2026-09-25 22:46:00,NIFTY,CE,22950.0,NIFTY26SEP22950CE,265.9,265.9,265.9,265.9,0,19
2026-09-25 22:46:00,NIFTY,PE,22950.0,NIFTY26SEP22950PE,24.95,24.95,24.95,24.95,0,19
2026-09-25 22:46:00,NIFTY,CE,23000.0,NIFTY26SEP23000CE,224.35,224.35,224.35,224.35,0,19
2026-09-25 22:46:00,NIFTY,PE,23000.0,NIFTY26SEP23000PE,34.0,34.0,34.0,34.0,0,19
2026-09-25 22:46:00,NIFTY,CE,23050.0,NIFTY26SEP23050CE,184.55,184.55,184.55,184.55,0,19
2026-09-25 22:46:00,NIFTY,PE,23050.0,NIFTY26SEP23050PE,44.4,44.4,44.4,44.4,0,19
2026-09-25 22:46:00,NIFTY,CE,23100.0,NIFTY26SEP23100CE,150.15,150.15,150.15,150.15,0,19
2026-09-25 22:46:00,NIFTY,PE,23100.0,NIFTY26SEP23100PE,58.3,58.3,58.3,58.3,0,19
2026-09-25 22:46:00,NIFTY,CE,23150.0,NIFTY26SEP23150CE,119.25,119.25,119.25,119.25,0,19
2026-09-25 22:46:00,NIFTY,PE,23150.0,NIFTY26SEP23150PE,76.75,76.75,76.75,76.75,0,19
2026-09-25 22:46:00,NIFTY,CE,23200.0,NIFTY26SEP23200CE,92.0,92.0,92.0,92.0,0,19
2026-09-25 22:46:00,NIFTY,PE,23200.0,NIFTY26SEP23200PE,99.1,99.1,99.1,99.1,0,19
2026-09-25 22:46:00,NIFTY,CE,23250.0,NIFTY26SEP23250CE,68.85,68.85,68.85,68.85,0,19
2026-09-25 22:46:00,NIFTY,PE,23250.0,NIFTY26SEP23250PE,128.1,128.1,128.1,128.1,0,19
2026-09-25 22:46:00,NIFTY,CE,23300.0,NIFTY26SEP23300CE,50.9,50.9,50.9,50.9,0,19
2026-09-25 22:46:00,NIFTY,PE,23300.0,NIFTY26SEP23300PE,157.75,157.75,157.75,157.75,0,19
2026-09-25 22:46:00,NIFTY,CE,23350.0,NIFTY26SEP23350CE,37.05,37.05,37.05,37.05,0,19
2026-09-25 22:46:00,NIFTY,PE,23350.0,NIFTY26SEP23350PE,194.35,194.35,194.35,194.35,0,19
2026-09-25 22:46:00,NIFTY,CE,23400.0,NIFTY26SEP23400CE,26.6,26.6,26.6,26.6,0,19
2026-09-25 22:46:00,NIFTY,PE,23400.0,NIFTY26SEP23400PE,233.0,233.0,233.0,233.0,0,19
2026-09-25 22:46:00,NIFTY,CE,23450.0,NIFTY26SEP23450CE,18.8,18.8,18.8,18.8,0,19
2026-09-25 22:46:00,NIFTY,PE,23450.0,NIFTY26SEP23450PE,274.55,274.55,274.55,274.55,0,19
2026-09-25 22:47:00,NIFTY,FUT,0.0,NIFTY26SEPFUT,23190.0,23190.0,23190.0,23190.0,0,18
2026-09-25 22:47:00,NIFTY,SPOT,0.0,Nifty 50,23140.5,23140.5,23140.5,23140.5,0,18
2026-09-25 22:47:00,NIFTY,CE,22850.0,NIFTY26SEP22850CE,358.05,358.05,358.05,358.05,0,18
2026-09-25 22:47:00,NIFTY,PE,22850.0,NIFTY26SEP22850PE,14.15,14.15,14.15,14.15,0,18
2026-09-25 22:47:00,NIFTY,CE,22900.0,NIFTY26SEP22900CE,310.8,310.8,310.8,310.8,0,18
2026-09-25 22:47:00,NIFTY,PE,22900.0,NIFTY26SEP22900PE,19.1,19.1,19.1,19.1,0,18
2026-09-25 22:47:00,NIFTY,CE,22950.0,NIFTY26SEP22950CE,265.9,265.9,265.9,265.9,0,18
2026-09-25 22:47:00,NIFTY,PE,22950.0,NIFTY26SEP22950PE,24.95,24.95,24.95,24.95,0,18
2026-09-25 22:47:00,NIFTY,CE,23000.0,NIFTY26SEP23000CE,224.35,224.35,224.35,224.35,0,18
2026-09-25 22:47:00,NIFTY,PE,23000.0,NIFTY26SEP23000PE,34.0,34.0,34.0,34.0,0,18
2026-09-25 22:47:00,NIFTY,CE,23050.0,NIFTY26SEP23050CE,184.55,184.55,184.55,184.55,0,18
2026-09-25 22:47:00,NIFTY,PE,23050.0,NIFTY26SEP23050PE,44.4,44.4,44.4,44.4,0,18
2026-09-25 22:47:00,NIFTY,CE,23100.0,NIFTY26SEP23100CE,150.15,150.15,150.15,150.15,0,18
2026-09-25 22:47:00,NIFTY,PE,23100.0,NIFTY26SEP23100PE,58.3,58.3,58.3,58.3,0,18
2026-09-25 22:47:00,NIFTY,CE,23150.0,NIFTY26SEP23150CE,119.25,119.25,119.25,119.25,0,18
2026-09-25 22:47:00,NIFTY,PE,23150.0,NIFTY26SEP23150PE,76.75,76.75,76.75,76.75,0,18
2026-09-25 22:47:00,NIFTY,CE,23200.0,NIFTY26SEP23200CE,92.0,92.0,92.0,92.0,0,18
2026-09-25 22:47:00,NIFTY,PE,23200.0,NIFTY26SEP23200PE,99.1,99.1,99.1,99.1,0,18
2026-09-25 22:47:00,NIFTY,CE,23250.0,NIFTY26SEP23250CE,68.85,68.85,68.85,68.85,0,18
2026-09-25 22:47:00,NIFTY,PE,23250.0,NIFTY26SEP23250PE,128.1,128.1,128.1,128.1,0,18
2026-09-25 22:47:00,NIFTY,CE,23300.0,NIFTY26SEP23300CE,50.9,50.9,50.9,50.9,0,18
2026-09-25 22:47:00,NIFTY,PE,23300.0,NIFTY26SEP23300PE,157.75,157.75,157.75,157.75,0,18
2026-09-25 22:47:00,NIFTY,CE,23350.0,NIFTY26SEP23350CE,37.05,37.05,37.05,37.05,0,18
2026-09-25 22:47:00,NIFTY,PE,23350.0,NIFTY26SEP23350PE,194.35,194.35,194.35,194.35,0,18
2026-09-25 22:47:00,NIFTY,CE,23400.0,NIFTY26SEP23400CE,26.6,26.6,26.6,26.6,0,18
2026-09-25 22:47:00,NIFTY,PE,23400.0,NIFTY26SEP23400PE,233.0,233.0,233.0,233.0,0,18
2026-09-25 22:47:00,NIFTY,CE,23450.0,NIFTY26SEP23450CE,18.8,18.8,18.8,18.8,0,18
2026-09-25 22:47:00,NIFTY,PE,23450.0,NIFTY26SEP23450PE,274.55,274.55,274.55,274.55,0,18
2026-09-25 22:48:00,NIFTY,FUT,0.0,NIFTY26SEPFUT,23190.0,23190.0,23190.0,23190.0,0,19
2026-09-25 22:48:00,NIFTY,SPOT,0.0,Nifty 50,23140.5,23140.5,23140.5,23140.5,0,19
2026-09-25 22:48:00,NIFTY,CE,22850.0,NIFTY26SEP22850CE,358.05,358.05,358.05,358.05,0,19
2026-09-25 22:48:00,NIFTY,PE,22850.0,NIFTY26SEP22850PE,14.15,14.15,14.15,14.15,0,19
2026-09-25 22:48:00,NIFTY,CE,22900.0,NIFTY26SEP22900CE,310.8,310.8,310.8,310.8,0,19
2026-09-25 22:48:00,NIFTY,PE,22900.0,NIFTY26SEP22900PE,19.1,19.1,19.1,19.1,0,19
2026-09-25 22:48:00,NIFTY,CE,22950.0,NIFTY26SEP22950CE,265.9,265.9,265.9,265.9,0,19
2026-09-25 22:48:00,NIFTY,PE,22950.0,NIFTY26SEP22950PE,24.95,24.95,24.95,24.95,0,19
2026-09-25 22:48:00,NIFTY,CE,23000.0,NIFTY26SEP23000CE,224.35,224.35,224.35,224.35,0,19
2026-09-25 22:48:00,NIFTY,PE,23000.0,NIFTY26SEP23000PE,34.0,34.0,34.0,34.0,0,19
2026-09-25 22:48:00,NIFTY,CE,23050.0,NIFTY26SEP23050CE,184.55,184.55,184.55,184.55,0,19
2026-09-25 22:48:00,NIFTY,PE,23050.0,NIFTY26SEP23050PE,44.4,44.4,44.4,44.4,0,19
2026-09-25 22:48:00,NIFTY,CE,23100.0,NIFTY26SEP23100CE,150.15,150.15,150.15,150.15,0,19
2026-09-25 22:48:00,NIFTY,PE,23100.0,NIFTY26SEP23100PE,58.3,58.3,58.3,58.3,0,19
2026-09-25 22:48:00,NIFTY,CE,23150.0,NIFTY26SEP23150CE,119.25,119.25,119.25,119.25,0,19
2026-09-25 22:48:00,NIFTY,PE,23150.0,NIFTY26SEP23150PE,76.75,76.75,76.75,76.75,0,19
2026-09-25 22:48:00,NIFTY,CE,23200.0,NIFTY26SEP23200CE,92.0,92.0,92.0,92.0,0,19
2026-09-25 22:48:00,NIFTY,PE,23200.0,NIFTY26SEP23200PE,99.1,99.1,99.1,99.1,0,19
2026-09-25 22:48:00,NIFTY,CE,23250.0,NIFTY26SEP23250CE,68.85,68.85,68.85,68.85,0,19
2026-09-25 22:48:00,NIFTY,PE,23250.0,NIFTY26SEP23250PE,128.1,128.1,128.1,128.1,0,19
2026-09-25 22:48:00,NIFTY,CE,23300.0,NIFTY26SEP23300CE,50.9,50.9,50.9,50.9,0,19
2026-09-25 22:48:00,NIFTY,PE,23300.0,NIFTY26SEP23300PE,157.75,157.75,157.75,157.75,0,19
2026-09-25 22:48:00,NIFTY,CE,23350.0,NIFTY26SEP23350CE,37.05,37.05,37.05,37.05,0,19
2026-09-25 22:48:00,NIFTY,PE,23350.0,NIFTY26SEP23350PE,194.35,194.35,194.35,194.35,0,19
2026-09-25 22:48:00,NIFTY,CE,23400.0,NIFTY26SEP23400CE,26.6,26.6,26.6,26.6,0,19
2026-09-25 22:48:00,NIFTY,PE,23400.0,NIFTY26SEP23400PE,233.0,233.0,233.0,233.0,0,19
2026-09-25 22:48:00,NIFTY,CE,23450.0,NIFTY26SEP23450CE,18.8,18.8,18.8,18.8,0,19
2026-09-25 22:48:00,NIFTY,PE,23450.0,NIFTY26SEP23450PE,274.55,274.55,274.55,274.55,0,19
2026-09-25 22:49:00,NIFTY,FUT,0.0,NIFTY26SEPFUT,23190.0,23190.0,23190.0,23190.0,0,19
2026-09-25 22:49:00,NIFTY,SPOT,0.0,Nifty 50,23140.5,23140.5,23140.5,23140.5,0,19
2026-09-25 22:49:00,NIFTY,CE,22850.0,NIFTY26SEP22850CE,358.05,358.05,358.05,358.05,0,19
2026-09-25 22:49:00,NIFTY,PE,22850.0,NIFTY26SEP22850PE,14.15,14.15,14.15,14.15,0,19
2026-09-25 22:49:00,NIFTY,CE,22900.0,NIFTY26SEP22900CE,310.8,310.8,310.8,310.8,0,19
2026-09-25 22:49:00,NIFTY,PE,22900.0,NIFTY26SEP22900PE,19.1,19.1,19.1,19.1,0,19
2026-09-25 22:49:00,NIFTY,CE,22950.0,NIFTY26SEP22950CE,265.9,265.9,265.9,265.9,0,19
2026-09-25 22:49:00,NIFTY,PE,22950.0,NIFTY26SEP22950PE,24.95,24.95,24.95,24.95,0,19
2026-09-25 22:49:00,NIFTY,CE,23000.0,NIFTY26SEP23000CE,224.35,224.35,224.35,224.35,0,19
2026-09-25 22:49:00,NIFTY,PE,23000.0,NIFTY26SEP23000PE,34.0,34.0,34.0,34.0,0,19
2026-09-25 22:49:00,NIFTY,CE,23050.0,NIFTY26SEP23050CE,184.55,184.55,184.55,184.55,0,19
2026-09-25 22:49:00,NIFTY,PE,23050.0,NIFTY26SEP23050PE,44.4,44.4,44.4,44.4,0,19
2026-09-25 22:49:00,NIFTY,CE,23100.0,NIFTY26SEP23100CE,150.15,150.15,150.15,150.15,0,19
2026-09-25 22:49:00,NIFTY,PE,23100.0,NIFTY26SEP23100PE,58.3,58.3,58.3,58.3,0,19
2026-09-25 22:49:00,NIFTY,CE,23150.0,NIFTY26SEP23150CE,119.25,119.25,119.25,119.25,0,19
2026-09-25 22:49:00,NIFTY,PE,23150.0,NIFTY26SEP23150PE,76.75,76.75,76.75,76.75,0,19
2026-09-25 22:49:00,NIFTY,CE,23200.0,NIFTY26SEP23200CE,92.0,92.0,92.0,92.0,0,19
2026-09-25 22:49:00,NIFTY,PE,23200.0,NIFTY26SEP23200PE,99.1,99.1,99.1,99.1,0,19
2026-09-25 22:49:00,NIFTY,CE,23250.0,NIFTY26SEP23250CE,68.85,68.85,68.85,68.85,0,19
2026-09-25 22:49:00,NIFTY,PE,23250.0,NIFTY26SEP23250PE,128.1,128.1,128.1,128.1,0,19
2026-09-25 22:49:00,NIFTY,CE,23300.0,NIFTY26SEP23300CE,50.9,50.9,50.9,50.9,0,19
2026-09-25 22:49:00,NIFTY,PE,23300.0,NIFTY26SEP23300PE,157.75,157.75,157.75,157.75,0,19
2026-09-25 22:49:00,NIFTY,CE,23350.0,NIFTY26SEP23350CE,37.05,37.05,37.05,37.05,0,19
2026-09-25 22:49:00,NIFTY,PE,23350.0,NIFTY26SEP23350PE,194.35,194.35,194.35,194.35,0,19
2026-09-25 22:49:00,NIFTY,CE,23400.0,NIFTY26SEP23400CE,26.6,26.6,26.6,26.6,0,19
2026-09-25 22:49:00,NIFTY,PE,23400.0,NIFTY26SEP23400PE,233.0,233.0,233.0,233.0,0,19
2026-09-25 22:49:00,NIFTY,CE,23450.0,NIFTY26SEP23450CE,18.8,18.8,18.8,18.8,0,19
2026-09-25 22:49:00,NIFTY,PE,23450.0,NIFTY26SEP23450PE,274.55,274.55,274.55,274.55,0,19
2026-09-25 22:50:00,NIFTY,FUT,0.0,NIFTY26SEPFUT,23190.0,23190.0,23190.0,23190.0,0,10
2026-09-25 22:50:00,NIFTY,SPOT,0.0,Nifty 50,23140.5,23140.5,23140.5,23140.5,0,10
2026-09-25 22:50:00,NIFTY,CE,22850.0,NIFTY26SEP22850CE,358.05,358.05,358.05,358.05,0,10
2026-09-25 22:50:00,NIFTY,PE,22850.0,NIFTY26SEP22850PE,14.15,14.15,14.15,14.15,0,10
2026-09-25 22:50:00,NIFTY,CE,22900.0,NIFTY26SEP22900CE,310.8,310.8,310.8,310.8,0,10
2026-09-25 22:50:00,NIFTY,PE,22900.0,NIFTY26SEP22900PE,19.1,19.1,19.1,19.1,0,10
2026-09-25 22:50:00,NIFTY,CE,22950.0,NIFTY26SEP22950CE,265.9,265.9,265.9,265.9,0,10
2026-09-25 22:50:00,NIFTY,PE,22950.0,NIFTY26SEP22950PE,24.95,24.95,24.95,24.95,0,10
2026-09-25 22:50:00,NIFTY,CE,23000.0,NIFTY26SEP23000CE,224.35,224.35,224.35,224.35,0,10
2026-09-25 22:50:00,NIFTY,PE,23000.0,NIFTY26SEP23000PE,34.0,34.0,34.0,34.0,0,10
2026-09-25 22:50:00,NIFTY,CE,23050.0,NIFTY26SEP23050CE,184.55,184.55,184.55,184.55,0,10
2026-09-25 22:50:00,NIFTY,PE,23050.0,NIFTY26SEP23050PE,44.4,44.4,44.4,44.4,0,10
2026-09-25 22:50:00,NIFTY,CE,23100.0,NIFTY26SEP23100CE,150.15,150.15,150.15,150.15,0,10
2026-09-25 22:50:00,NIFTY,PE,23100.0,NIFTY26SEP23100PE,58.3,58.3,58.3,58.3,0,10
2026-09-25 22:50:00,NIFTY,CE,23150.0,NIFTY26SEP23150CE,119.25,119.25,119.25,119.25,0,10
2026-09-25 22:50:00,NIFTY,PE,23150.0,NIFTY26SEP23150PE,76.75,76.75,76.75,76.75,0,10
2026-09-25 22:50:00,NIFTY,CE,23200.0,NIFTY26SEP23200CE,92.0,92.0,92.0,92.0,0,10
2026-09-25 22:50:00,NIFTY,PE,23200.0,NIFTY26SEP23200PE,99.1,99.1,99.1,99.1,0,10
2026-09-25 22:50:00,NIFTY,CE,23250.0,NIFTY26SEP23250CE,68.85,68.85,68.85,68.85,0,10
2026-09-25 22:50:00,NIFTY,PE,23250.0,NIFTY26SEP23250PE,128.1,128.1,128.1,128.1,0,10
2026-09-25 22:50:00,NIFTY,CE,23300.0,NIFTY26SEP23300CE,50.9,50.9,50.9,50.9,0,10
2026-09-25 22:50:00,NIFTY,PE,23300.0,NIFTY26SEP23300PE,157.75,157.75,157.75,157.75,0,10
2026-09-25 22:50:00,NIFTY,CE,23350.0,NIFTY26SEP23350CE,37.05,37.05,37.05,37.05,0,10
2026-09-25 22:50:00,NIFTY,PE,23350.0,NIFTY26SEP23350PE,194.35,194.35,194.35,194.35,0,10
2026-09-25 22:50:00,NIFTY,CE,23400.0,NIFTY26SEP23400CE,26.6,26.6,26.6,26.6,0,10
2026-09-25 22:50:00,NIFTY,PE,23400.0,NIFTY26SEP23400PE,233.0,233.0,233.0,233.0,0,10
2026-09-25 22:50:00,NIFTY,CE,23450.0,NIFTY26SEP23450CE,18.8,18.8,18.8,18.8,0,10
2026-09-25 22:50:00,NIFTY,PE,23450.0,NIFTY26SEP23450PE,274.55,274.55,274.55,274.55,0,10
2026-09-25 22:51:00,NIFTY,FUT,0.0,NIFTY26SEPFUT,23190.0,23190.0,23190.0,23190.0,0,9
2026-09-25 22:51:00,NIFTY,SPOT,0.0,Nifty 50,23140.5,23140.5,23140.5,23140.5,0,9
2026-09-25 22:51:00,NIFTY,CE,22850.0,NIFTY26SEP22850CE,358.05,358.05,358.05,358.05,0,9
2026-09-25 22:51:00,NIFTY,PE,22850.0,NIFTY26SEP22850PE,14.15,14.15,14.15,14.15,0,9
2026-09-25 22:51:00,NIFTY,CE,22900.0,NIFTY26SEP22900CE,310.8,310.8,310.8,310.8,0,9
2026-09-25 22:51:00,NIFTY,PE,22900.0,NIFTY26SEP22900PE,19.1,19.1,19.1,19.1,0,9
2026-09-25 22:51:00,NIFTY,CE,22950.0,NIFTY26SEP22950CE,265.9,265.9,265.9,265.9,0,9
2026-09-25 22:51:00,NIFTY,PE,22950.0,NIFTY26SEP22950PE,24.95,24.95,24.95,24.95,0,9
2026-09-25 22:51:00,NIFTY,CE,23000.0,NIFTY26SEP23000CE,224.35,224.35,224.35,224.35,0,9
2026-09-25 22:51:00,NIFTY,PE,23000.0,NIFTY26SEP23000PE,34.0,34.0,34.0,34.0,0,9
2026-09-25 22:51:00,NIFTY,CE,23050.0,NIFTY26SEP23050CE,184.55,184.55,184.55,184.55,0,9
2026-09-25 22:51:00,NIFTY,PE,23050.0,NIFTY26SEP23050PE,44.4,44.4,44.4,44.4,0,9
2026-09-25 22:51:00,NIFTY,CE,23100.0,NIFTY26SEP23100CE,150.15,150.15,150.15,150.15,0,9
2026-09-25 22:51:00,NIFTY,PE,23100.0,NIFTY26SEP23100PE,58.3,58.3,58.3,58.3,0,9
2026-09-25 22:51:00,NIFTY,CE,23150.0,NIFTY26SEP23150CE,119.25,119.25,119.25,119.25,0,9
2026-09-25 22:51:00,NIFTY,PE,23150.0,NIFTY26SEP23150PE,76.75,76.75,76.75,76.75,0,9
2026-09-25 22:51:00,NIFTY,CE,23200.0,NIFTY26SEP23200CE,92.0,92.0,92.0,92.0,0,9
2026-09-25 22:51:00,NIFTY,PE,23200.0,NIFTY26SEP23200PE,99.1,99.1,99.1,99.1,0,9
2026-09-25 22:51:00,NIFTY,CE,23250.0,NIFTY26SEP23250CE,68.85,68.85,68.85,68.85,0,9
2026-09-25 22:51:00,NIFTY,PE,23250.0,NIFTY26SEP23250PE,128.1,128.1,128.1,128.1,0,9
2026-09-25 22:51:00,NIFTY,CE,23300.0,NIFTY26SEP23300CE,50.9,50.9,50.9,50.9,0,9
2026-09-25 22:51:00,NIFTY,PE,23300.0,NIFTY26SEP23300PE,157.75,157.75,157.75,157.75,0,9
2026-09-25 22:51:00,NIFTY,CE,23350.0,NIFTY26SEP23350CE,37.05,37.05,37.05,37.05,0,9
2026-09-25 22:51:00,NIFTY,PE,23350.0,NIFTY26SEP23350PE,194.35,194.35,194.35,194.35,0,9
2026-09-25 22:51:00,NIFTY,CE,23400.0,NIFTY26SEP23400CE,26.6,26.6,26.6,26.6,0,9
2026-09-25 22:51:00,NIFTY,PE,23400.0,NIFTY26SEP23400PE,233.0,233.0,233.0,233.0,0,9
2026-09-25 22:51:00,NIFTY,CE,23450.0,NIFTY26SEP23450CE,18.8,18.8,18.8,18.8,0,9
2026-09-25 22:51:00,NIFTY,PE,23450.0,NIFTY26SEP23450PE,274.55,274.55,274.55,274.55,0,9
2026-09-25 22:52:00,NIFTY,FUT,0.0,NIFTY26SEPFUT,23190.0,23190.0,23190.0,23190.0,0,11
2026-09-25 22:52:00,NIFTY,SPOT,0.0,Nifty 50,23140.5,23140.5,23140.5,23140.5,0,11
2026-09-25 22:52:00,NIFTY,CE,22850.0,NIFTY26SEP22850CE,358.05,358.05,358.05,358.05,0,11
2026-09-25 22:52:00,NIFTY,PE,22850.0,NIFTY26SEP22850PE,14.15,14.15,14.15,14.15,0,11
2026-09-25 22:52:00,NIFTY,CE,22900.0,NIFTY26SEP22900CE,310.8,310.8,310.8,310.8,0,11
2026-09-25 22:52:00,NIFTY,PE,22900.0,NIFTY26SEP22900PE,19.1,19.1,19.1,19.1,0,11
2026-09-25 22:52:00,NIFTY,CE,22950.0,NIFTY26SEP22950CE,265.9,265.9,265.9,265.9,0,11
2026-09-25 22:52:00,NIFTY,PE,22950.0,NIFTY26SEP22950PE,24.95,24.95,24.95,24.95,0,11
2026-09-25 22:52:00,NIFTY,CE,23000.0,NIFTY26SEP23000CE,224.35,224.35,224.35,224.35,0,11
2026-09-25 22:52:00,NIFTY,PE,23000.0,NIFTY26SEP23000PE,34.0,34.0,34.0,34.0,0,11
2026-09-25 22:52:00,NIFTY,CE,23050.0,NIFTY26SEP23050CE,184.55,184.55,184.55,184.55,0,11
2026-09-25 22:52:00,NIFTY,PE,23050.0,NIFTY26SEP23050PE,44.4,44.4,44.4,44.4,0,11
2026-09-25 22:52:00,NIFTY,CE,23100.0,NIFTY26SEP23100CE,150.15,150.15,150.15,150.15,0,11
2026-09-25 22:52:00,NIFTY,PE,23100.0,NIFTY26SEP23100PE,58.3,58.3,58.3,58.3,0,11
2026-09-25 22:52:00,NIFTY,CE,23150.0,NIFTY26SEP23150CE,119.25,119.25,119.25,119.25,0,11
2026-09-25 22:52:00,NIFTY,PE,23150.0,NIFTY26SEP23150PE,76.75,76.75,76.75,76.75,0,11
2026-09-25 22:52:00,NIFTY,CE,23200.0,NIFTY26SEP23200CE,92.0,92.0,92.0,92.0,0,11
2026-09-25 22:52:00,NIFTY,PE,23200.0,NIFTY26SEP23200PE,99.1,99.1,99.1,99.1,0,11
2026-09-25 22:52:00,NIFTY,CE,23250.0,NIFTY26SEP23250CE,68.85,68.85,68.85,68.85,0,11
2026-09-25 22:52:00,NIFTY,PE,23250.0,NIFTY26SEP23250PE,128.1,128.1,128.1,128.1,0,11
2026-09-25 22:52:00,NIFTY,CE,23300.0,NIFTY26SEP23300CE,50.9,50.9,50.9,50.9,0,11
2026-09-25 22:52:00,NIFTY,PE,23300.0,NIFTY26SEP23300PE,157.75,157.75,157.75,157.75,0,11
2026-09-25 22:52:00,NIFTY,CE,23350.0,NIFTY26SEP23350CE,37.05,37.05,37.05,37.05,0,11
2026-09-25 22:52:00,NIFTY,PE,23350.0,NIFTY26SEP23350PE,194.35,194.35,194.35,194.35,0,11
2026-09-25 22:52:00,NIFTY,CE,23400.0,NIFTY26SEP23400CE,26.6,26.6,26.6,26.6,0,11
2026-09-25 22:52:00,NIFTY,PE,23400.0,NIFTY26SEP23400PE,233.0,233.0,233.0,233.0,0,11
2026-09-25 22:52:00,NIFTY,CE,23450.0,NIFTY26SEP23450CE,18.8,18.8,18.8,18.8,0,11
2026-09-25 22:52:00,NIFTY,PE,23450.0,NIFTY26SEP23450PE,274.55,274.55,274.55,274.55,0,11
2026-09-25 22:53:00,NIFTY,FUT,0.0,NIFTY26SEPFUT,23190.0,23190.0,23190.0,23190.0,0,8
2026-09-25 22:53:00,NIFTY,SPOT,0.0,Nifty 50,23140.5,23140.5,23140.5,23140.5,0,8
2026-09-25 22:53:00,NIFTY,CE,22850.0,NIFTY26SEP22850CE,358.05,358.05,358.05,358.05,0,8
2026-09-25 22:53:00,NIFTY,PE,22850.0,NIFTY26SEP22850PE,14.15,14.15,14.15,14.15,0,8
2026-09-25 22:53:00,NIFTY,CE,22900.0,NIFTY26SEP22900CE,310.8,310.8,310.8,310.8,0,8
2026-09-25 22:53:00,NIFTY,PE,22900.0,NIFTY26SEP22900PE,19.1,19.1,19.1,19.1,0,8
2026-09-25 22:53:00,NIFTY,CE,22950.0,NIFTY26SEP22950CE,265.9,265.9,265.9,265.9,0,8
2026-09-25 22:53:00,NIFTY,PE,22950.0,NIFTY26SEP22950PE,24.95,24.95,24.95,24.95,0,8
2026-09-25 22:53:00,NIFTY,CE,23000.0,NIFTY26SEP23000CE,224.35,224.35,224.35,224.35,0,8
2026-09-25 22:53:00,NIFTY,PE,23000.0,NIFTY26SEP23000PE,34.0,34.0,34.0,34.0,0,8
2026-09-25 22:53:00,NIFTY,CE,23050.0,NIFTY26SEP23050CE,184.55,184.55,184.55,184.55,0,8
2026-09-25 22:53:00,NIFTY,PE,23050.0,NIFTY26SEP23050PE,44.4,44.4,44.4,44.4,0,8
2026-09-25 22:53:00,NIFTY,CE,23100.0,NIFTY26SEP23100CE,150.15,150.15,150.15,150.15,0,8
2026-09-25 22:53:00,NIFTY,PE,23100.0,NIFTY26SEP23100PE,58.3,58.3,58.3,58.3,0,8
2026-09-25 22:53:00,NIFTY,CE,23150.0,NIFTY26SEP23150CE,119.25,119.25,119.25,119.25,0,8
2026-09-25 22:53:00,NIFTY,PE,23150.0,NIFTY26SEP23150PE,76.75,76.75,76.75,76.75,0,8
2026-09-25 22:53:00,NIFTY,CE,23200.0,NIFTY26SEP23200CE,92.0,92.0,92.0,92.0,0,8
2026-09-25 22:53:00,NIFTY,PE,23200.0,NIFTY26SEP23200PE,99.1,99.1,99.1,99.1,0,8
2026-09-25 22:53:00,NIFTY,CE,23250.0,NIFTY26SEP23250CE,68.85,68.85,68.85,68.85,0,8
2026-09-25 22:53:00,NIFTY,PE,23250.0,NIFTY26SEP23250PE,128.1,128.1,128.1,128.1,0,8
2026-09-25 22:53:00,NIFTY,CE,23300.0,NIFTY26SEP23300CE,50.9,50.9,50.9,50.9,0,8
2026-09-25 22:53:00,NIFTY,PE,23300.0,NIFTY26SEP23300PE,157.75,157.75,157.75,157.75,0,8
2026-09-25 22:53:00,NIFTY,CE,23350.0,NIFTY26SEP23350CE,37.05,37.05,37.05,37.05,0,8
2026-09-25 22:53:00,NIFTY,PE,23350.0,NIFTY26SEP23350PE,194.35,194.35,194.35,194.35,0,8
2026-09-25 22:53:00,NIFTY,CE,23400.0,NIFTY26SEP23400CE,26.6,26.6,26.6,26.6,0,8
2026-09-25 22:53:00,NIFTY,PE,23400.0,NIFTY26SEP23400PE,233.0,233.0,233.0,233.0,0,8
2026-09-25 22:53:00,NIFTY,CE,23450.0,NIFTY26SEP23450CE,18.8,18.8,18.8,18.8,0,8
2026-09-25 22:53:00,NIFTY,PE,23450.0,NIFTY26SEP23450PE,274.55,274.55,274.55,274.55,0,8
2026-09-25 22:54:00,NIFTY,FUT,0.0,NIFTY26SEPFUT,23190.0,23190.0,23190.0,23190.0,0,17
2026-09-25 22:54:00,NIFTY,SPOT,0.0,Nifty 50,23140.5,23140.5,23140.5,23140.5,0,17
2026-09-25 22:54:00,NIFTY,CE,22850.0,NIFTY26SEP22850CE,358.05,358.05,358.05,358.05,0,17
2026-09-25 22:54:00,NIFTY,PE,22850.0,NIFTY26SEP22850PE,14.15,14.15,14.15,14.15,0,17
2026-09-25 22:54:00,NIFTY,CE,22900.0,NIFTY26SEP22900CE,310.8,310.8,310.8,310.8,0,17
2026-09-25 22:54:00,NIFTY,PE,22900.0,NIFTY26SEP22900PE,19.1,19.1,19.1,19.1,0,17
2026-09-25 22:54:00,NIFTY,CE,22950.0,NIFTY26SEP22950CE,265.9,265.9,265.9,265.9,0,17
2026-09-25 22:54:00,NIFTY,PE,22950.0,NIFTY26SEP22950PE,24.95,24.95,24.95,24.95,0,17
2026-09-25 22:54:00,NIFTY,CE,23000.0,NIFTY26SEP23000CE,224.35,224.35,224.35,224.35,0,17
2026-09-25 22:54:00,NIFTY,PE,23000.0,NIFTY26SEP23000PE,34.0,34.0,34.0,34.0,0,17
2026-09-25 22:54:00,NIFTY,CE,23050.0,NIFTY26SEP23050CE,184.55,184.55,184.55,184.55,0,17
2026-09-25 22:54:00,NIFTY,PE,23050.0,NIFTY26SEP23050PE,44.4,44.4,44.4,44.4,0,17
2026-09-25 22:54:00,NIFTY,CE,23100.0,NIFTY26SEP23100CE,150.15,150.15,150.15,150.15,0,17
2026-09-25 22:54:00,NIFTY,PE,23100.0,NIFTY26SEP23100PE,58.3,58.3,58.3,58.3,0,17
2026-09-25 22:54:00,NIFTY,CE,23150.0,NIFTY26SEP23150CE,119.25,119.25,119.25,119.25,0,17
2026-09-25 22:54:00,NIFTY,PE,23150.0,NIFTY26SEP23150PE,76.75,76.75,76.75,76.75,0,17
2026-09-25 22:54:00,NIFTY,CE,23200.0,NIFTY26SEP23200CE,92.0,92.0,92.0,92.0,0,17
2026-09-25 22:54:00,NIFTY,PE,23200.0,NIFTY26SEP23200PE,99.1,99.1,99.1,99.1,0,17
2026-09-25 22:54:00,NIFTY,CE,23250.0,NIFTY26SEP23250CE,68.85,68.85,68.85,68.85,0,17
2026-09-25 22:54:00,NIFTY,PE,23250.0,NIFTY26SEP23250PE,128.1,128.1,128.1,128.1,0,17
2026-09-25 22:54:00,NIFTY,CE,23300.0,NIFTY26SEP23300CE,50.9,50.9,50.9,50.9,0,17
2026-09-25 22:54:00,NIFTY,PE,23300.0,NIFTY26SEP23300PE,157.75,157.75,157.75,157.75,0,17
2026-09-25 22:54:00,NIFTY,CE,23350.0,NIFTY26SEP23350CE,37.05,37.05,37.05,37.05,0,17
2026-09-25 22:54:00,NIFTY,PE,23350.0,NIFTY26SEP23350PE,194.35,194.35,194.35,194.35,0,17
2026-09-25 22:54:00,NIFTY,CE,23400.0,NIFTY26SEP23400CE,26.6,26.6,26.6,26.6,0,17
2026-09-25 22:54:00,NIFTY,PE,23400.0,NIFTY26SEP23400PE,233.0,233.0,233.0,233.0,0,17
2026-09-25 22:54:00,NIFTY,CE,23450.0,NIFTY26SEP23450CE,18.8,18.8,18.8,18.8,0,17
2026-09-25 22:54:00,NIFTY,PE,23450.0,NIFTY26SEP23450PE,274.55,274.55,274.55,274.55,0,17
2026-09-25 22:55:00,NIFTY,FUT,0.0,NIFTY26SEPFUT,23190.0,23190.0,23190.0,23190.0,0,2
2026-09-25 22:55:00,NIFTY,SPOT,0.0,Nifty 50,23140.5,23140.5,23140.5,23140.5,0,2
2026-09-25 22:55:00,NIFTY,CE,22850.0,NIFTY26SEP22850CE,358.05,358.05,358.05,358.05,0,2
2026-09-25 22:55:00,NIFTY,PE,22850.0,NIFTY26SEP22850PE,14.15,14.15,14.15,14.15,0,2
2026-09-25 22:55:00,NIFTY,CE,22900.0,NIFTY26SEP22900CE,310.8,310.8,310.8,310.8,0,2
2026-09-25 22:55:00,NIFTY,PE,22900.0,NIFTY26SEP22900PE,19.1,19.1,19.1,19.1,0,2
2026-09-25 22:55:00,NIFTY,CE,22950.0,NIFTY26SEP22950CE,265.9,265.9,265.9,265.9,0,2
2026-09-25 22:55:00,NIFTY,PE,22950.0,NIFTY26SEP22950PE,24.95,24.95,24.95,24.95,0,2
2026-09-25 22:55:00,NIFTY,CE,23000.0,NIFTY26SEP23000CE,224.35,224.35,224.35,224.35,0,2
2026-09-25 22:55:00,NIFTY,PE,23000.0,NIFTY26SEP23000PE,34.0,34.0,34.0,34.0,0,2
2026-09-25 22:55:00,NIFTY,CE,23050.0,NIFTY26SEP23050CE,184.55,184.55,184.55,184.55,0,2
2026-09-25 22:55:00,NIFTY,PE,23050.0,NIFTY26SEP23050PE,44.4,44.4,44.4,44.4,0,2
2026-09-25 22:55:00,NIFTY,CE,23100.0,NIFTY26SEP23100CE,150.15,150.15,150.15,150.15,0,2
2026-09-25 22:55:00,NIFTY,PE,23100.0,NIFTY26SEP23100PE,58.3,58.3,58.3,58.3,0,2
2026-09-25 22:55:00,NIFTY,CE,23150.0,NIFTY26SEP23150CE,119.25,119.25,119.25,119.25,0,2
2026-09-25 22:55:00,NIFTY,PE,23150.0,NIFTY26SEP23150PE,76.75,76.75,76.75,76.75,0,2
2026-09-25 22:55:00,NIFTY,CE,23200.0,NIFTY26SEP23200CE,92.0,92.0,92.0,92.0,0,2
2026-09-25 22:55:00,NIFTY,PE,23200.0,NIFTY26SEP23200PE,99.1,99.1,99.1,99.1,0,2
2026-09-25 22:55:00,NIFTY,CE,23250.0,NIFTY26SEP23250CE,68.85,68.85,68.85,68.85,0,2
2026-09-25 22:55:00,NIFTY,PE,23250.0,NIFTY26SEP23250PE,128.1,128.1,128.1,128.1,0,2
2026-09-25 22:55:00,NIFTY,CE,23300.0,NIFTY26SEP23300CE,50.9,50.9,50.9,50.9,0,2
2026-09-25 22:55:00,NIFTY,PE,23300.0,NIFTY26SEP23300PE,157.75,157.75,157.75,157.75,0,2
2026-09-25 22:55:00,NIFTY,CE,23350.0,NIFTY26SEP23350CE,37.05,37.05,37.05,37.05,0,2
2026-09-25 22:55:00,NIFTY,PE,23350.0,NIFTY26SEP23350PE,194.35,194.35,194.35,194.35,0,2
2026-09-25 22:55:00,NIFTY,CE,23400.0,NIFTY26SEP23400CE,26.6,26.6,26.6,26.6,0,2
2026-09-25 22:55:00,NIFTY,PE,23400.0,NIFTY26SEP23400PE,233.0,233.0,233.0,233.0,0,2
2026-09-25 22:55:00,NIFTY,CE,23450.0,NIFTY26SEP23450CE,18.8,18.8,18.8,18.8,0,2
2026-09-25 22:55:00,NIFTY,PE,23450.0,NIFTY26SEP23450PE,274.55,274.55,274.55,274.55,0,2
2026-09-25 22:56:00,NIFTY,FUT,0.0,NIFTY26SEPFUT,23190.0,23190.0,23190.0,23190.0,0,19
2026-09-25 22:56:00,NIFTY,SPOT,0.0,Nifty 50,23140.5,23140.5,23140.5,23140.5,0,19
2026-09-25 22:56:00,NIFTY,CE,22850.0,NIFTY26SEP22850CE,358.05,358.05,358.05,358.05,0,19
2026-09-25 22:56:00,NIFTY,PE,22850.0,NIFTY26SEP22850PE,14.15,14.15,14.15,14.15,0,19
2026-09-25 22:56:00,NIFTY,CE,22900.0,NIFTY26SEP22900CE,310.8,310.8,310.8,310.8,0,19
2026-09-25 22:56:00,NIFTY,PE,22900.0,NIFTY26SEP22900PE,19.1,19.1,19.1,19.1,0,19
2026-09-25 22:56:00,NIFTY,CE,22950.0,NIFTY26SEP22950CE,265.9,265.9,265.9,265.9,0,19
2026-09-25 22:56:00,NIFTY,PE,22950.0,NIFTY26SEP22950PE,24.95,24.95,24.95,24.95,0,19
2026-09-25 22:56:00,NIFTY,CE,23000.0,NIFTY26SEP23000CE,224.35,224.35,224.35,224.35,0,19
2026-09-25 22:56:00,NIFTY,PE,23000.0,NIFTY26SEP23000PE,34.0,34.0,34.0,34.0,0,19
2026-09-25 22:56:00,NIFTY,CE,23050.0,NIFTY26SEP23050CE,184.55,184.55,184.55,184.55,0,19
2026-09-25 22:56:00,NIFTY,PE,23050.0,NIFTY26SEP23050PE,44.4,44.4,44.4,44.4,0,19
2026-09-25 22:56:00,NIFTY,CE,23100.0,NIFTY26SEP23100CE,150.15,150.15,150.15,150.15,0,19
2026-09-25 22:56:00,NIFTY,PE,23100.0,NIFTY26SEP23100PE,58.3,58.3,58.3,58.3,0,19
2026-09-25 22:56:00,NIFTY,CE,23150.0,NIFTY26SEP23150CE,119.25,119.25,119.25,119.25,0,19
2026-09-25 22:56:00,NIFTY,PE,23150.0,NIFTY26SEP23150PE,76.75,76.75,76.75,76.75,0,19
2026-09-25 22:56:00,NIFTY,CE,23200.0,NIFTY26SEP23200CE,92.0,92.0,92.0,92.0,0,19
2026-09-25 22:56:00,NIFTY,PE,23200.0,NIFTY26SEP23200PE,99.1,99.1,99.1,99.1,0,19
2026-09-25 22:56:00,NIFTY,CE,23250.0,NIFTY26SEP23250CE,68.85,68.85,68.85,68.85,0,19
2026-09-25 22:56:00,NIFTY,PE,23250.0,NIFTY26SEP23250PE,128.1,128.1,128.1,128.1,0,19
2026-09-25 22:56:00,NIFTY,CE,23300.0,NIFTY26SEP23300CE,50.9,50.9,50.9,50.9,0,19
2026-09-25 22:56:00,NIFTY,PE,23300.0,NIFTY26SEP23300PE,157.75,157.75,157.75,157.75,0,19
2026-09-25 22:56:00,NIFTY,CE,23350.0,NIFTY26SEP23350CE,37.05,37.05,37.05,37.05,0,19
2026-09-25 22:56:00,NIFTY,PE,23350.0,NIFTY26SEP23350PE,194.35,194.35,194.35,194.35,0,19
2026-09-25 22:56:00,NIFTY,CE,23400.0,NIFTY26SEP23400CE,26.6,26.6,26.6,26.6,0,19
2026-09-25 22:56:00,NIFTY,PE,23400.0,NIFTY26SEP23400PE,233.0,233.0,233.0,233.0,0,19
2026-09-25 22:56:00,NIFTY,CE,23450.0,NIFTY26SEP23450CE,18.8,18.8,18.8,18.8,0,19
2026-09-25 22:56:00,NIFTY,PE,23450.0,NIFTY26SEP23450PE,274.55,274.55,274.55,274.55,0,19
2026-09-25 22:57:00,NIFTY,FUT,0.0,NIFTY26SEPFUT,23190.0,23190.0,23190.0,23190.0,0,18
2026-09-25 22:57:00,NIFTY,SPOT,0.0,Nifty 50,23140.5,23140.5,23140.5,23140.5,0,18
2026-09-25 22:57:00,NIFTY,CE,22850.0,NIFTY26SEP22850CE,358.05,358.05,358.05,358.05,0,18
2026-09-25 22:57:00,NIFTY,PE,22850.0,NIFTY26SEP22850PE,14.15,14.15,14.15,14.15,0,18
2026-09-25 22:57:00,NIFTY,CE,22900.0,NIFTY26SEP22900CE,310.8,310.8,310.8,310.8,0,18
2026-09-25 22:57:00,NIFTY,PE,22900.0,NIFTY26SEP22900PE,19.1,19.1,19.1,19.1,0,18
2026-09-25 22:57:00,NIFTY,CE,22950.0,NIFTY26SEP22950CE,265.9,265.9,265.9,265.9,0,18
2026-09-25 22:57:00,NIFTY,PE,22950.0,NIFTY26SEP22950PE,24.95,24.95,24.95,24.95,0,18
2026-09-25 22:57:00,NIFTY,CE,23000.0,NIFTY26SEP23000CE,224.35,224.35,224.35,224.35,0,18
2026-09-25 22:57:00,NIFTY,PE,23000.0,NIFTY26SEP23000PE,34.0,34.0,34.0,34.0,0,18
2026-09-25 22:57:00,NIFTY,CE,23050.0,NIFTY26SEP23050CE,184.55,184.55,184.55,184.55,0,18
2026-09-25 22:57:00,NIFTY,PE,23050.0,NIFTY26SEP23050PE,44.4,44.4,44.4,44.4,0,18
2026-09-25 22:57:00,NIFTY,CE,23100.0,NIFTY26SEP23100CE,150.15,150.15,150.15,150.15,0,18
2026-09-25 22:57:00,NIFTY,PE,23100.0,NIFTY26SEP23100PE,58.3,58.3,58.3,58.3,0,18
2026-09-25 22:57:00,NIFTY,CE,23150.0,NIFTY26SEP23150CE,119.25,119.25,119.25,119.25,0,18
2026-09-25 22:57:00,NIFTY,PE,23150.0,NIFTY26SEP23150PE,76.75,76.75,76.75,76.75,0,18
2026-09-25 22:57:00,NIFTY,CE,23200.0,NIFTY26SEP23200CE,92.0,92.0,92.0,92.0,0,18
2026-09-25 22:57:00,NIFTY,PE,23200.0,NIFTY26SEP23200PE,99.1,99.1,99.1,99.1,0,18
2026-09-25 22:57:00,NIFTY,CE,23250.0,NIFTY26SEP23250CE,68.85,68.85,68.85,68.85,0,18
2026-09-25 22:57:00,NIFTY,PE,23250.0,NIFTY26SEP23250PE,128.1,128.1,128.1,128.1,0,18
2026-09-25 22:57:00,NIFTY,CE,23300.0,NIFTY26SEP23300CE,50.9,50.9,50.9,50.9,0,18
2026-09-25 22:57:00,NIFTY,PE,23300.0,NIFTY26SEP23300PE,157.75,157.75,157.75,157.75,0,18
2026-09-25 22:57:00,NIFTY,CE,23350.0,NIFTY26SEP23350CE,37.05,37.05,37.05,37.05,0,18
2026-09-25 22:57:00,NIFTY,PE,23350.0,NIFTY26SEP23350PE,194.35,194.35,194.35,194.35,0,18
2026-09-25 22:57:00,NIFTY,CE,23400.0,NIFTY26SEP23400CE,26.6,26.6,26.6,26.6,0,18
2026-09-25 22:57:00,NIFTY,PE,23400.0,NIFTY26SEP23400PE,233.0,233.0,233.0,233.0,0,18
2026-09-25 22:57:00,NIFTY,CE,23450.0,NIFTY26SEP23450CE,18.8,18.8,18.8,18.8,0,18
2026-09-25 22:57:00,NIFTY,PE,23450.0,NIFTY26SEP23450PE,274.55,274.55,274.55,274.55,0,18
2026-09-25 22:58:00,NIFTY,FUT,0.0,NIFTY26SEPFUT,23190.0,23190.0,23190.0,23190.0,0,19
2026-09-25 22:58:00,NIFTY,SPOT,0.0,Nifty 50,23140.5,23140.5,23140.5,23140.5,0,19
2026-09-25 22:58:00,NIFTY,CE,22850.0,NIFTY26SEP22850CE,358.05,358.05,358.05,358.05,0,19
2026-09-25 22:58:00,NIFTY,PE,22850.0,NIFTY26SEP22850PE,14.15,14.15,14.15,14.15,0,19
2026-09-25 22:58:00,NIFTY,CE,22900.0,NIFTY26SEP22900CE,310.8,310.8,310.8,310.8,0,19
2026-09-25 22:58:00,NIFTY,PE,22900.0,NIFTY26SEP22900PE,19.1,19.1,19.1,19.1,0,19
2026-09-25 22:58:00,NIFTY,CE,22950.0,NIFTY26SEP22950CE,265.9,265.9,265.9,265.9,0,19
2026-09-25 22:58:00,NIFTY,PE,22950.0,NIFTY26SEP22950PE,24.95,24.95,24.95,24.95,0,19
2026-09-25 22:58:00,NIFTY,CE,23000.0,NIFTY26SEP23000CE,224.35,224.35,224.35,224.35,0,19
2026-09-25 22:58:00,NIFTY,PE,23000.0,NIFTY26SEP23000PE,34.0,34.0,34.0,34.0,0,19
2026-09-25 22:58:00,NIFTY,CE,23050.0,NIFTY26SEP23050CE,184.55,184.55,184.55,184.55,0,19
2026-09-25 22:58:00,NIFTY,PE,23050.0,NIFTY26SEP23050PE,44.4,44.4,44.4,44.4,0,19
2026-09-25 22:58:00,NIFTY,CE,23100.0,NIFTY26SEP23100CE,150.15,150.15,150.15,150.15,0,19
2026-09-25 22:58:00,NIFTY,PE,23100.0,NIFTY26SEP23100PE,58.3,58.3,58.3,58.3,0,19
2026-09-25 22:58:00,NIFTY,CE,23150.0,NIFTY26SEP23150CE,119.25,119.25,119.25,119.25,0,19
2026-09-25 22:58:00,NIFTY,PE,23150.0,NIFTY26SEP23150PE,76.75,76.75,76.75,76.75,0,19
2026-09-25 22:58:00,NIFTY,CE,23200.0,NIFTY26SEP23200CE,92.0,92.0,92.0,92.0,0,19
2026-09-25 22:58:00,NIFTY,PE,23200.0,NIFTY26SEP23200PE,99.1,99.1,99.1,99.1,0,19
2026-09-25 22:58:00,NIFTY,CE,23250.0,NIFTY26SEP23250CE,68.85,68.85,68.85,68.85,0,19
2026-09-25 22:58:00,NIFTY,PE,23250.0,NIFTY26SEP23250PE,128.1,128.1,128.1,128.1,0,19
2026-09-25 22:58:00,NIFTY,CE,23300.0,NIFTY26SEP23300CE,50.9,50.9,50.9,50.9,0,19
2026-09-25 22:58:00,NIFTY,PE,23300.0,NIFTY26SEP23300PE,157.75,157.75,157.75,157.75,0,19
2026-09-25 22:58:00,NIFTY,CE,23350.0,NIFTY26SEP23350CE,37.05,37.05,37.05,37.05,0,19
2026-09-25 22:58:00,NIFTY,PE,23350.0,NIFTY26SEP23350PE,194.35,194.35,194.35,194.35,0,19
2026-09-25 22:58:00,NIFTY,CE,23400.0,NIFTY26SEP23400CE,26.6,26.6,26.6,26.6,0,19
2026-09-25 22:58:00,NIFTY,PE,23400.0,NIFTY26SEP23400PE,233.0,233.0,233.0,233.0,0,19
2026-09-25 22:58:00,NIFTY,CE,23450.0,NIFTY26SEP23450CE,18.8,18.8,18.8,18.8,0,19
2026-09-25 22:58:00,NIFTY,PE,23450.0,NIFTY26SEP23450PE,274.55,274.55,274.55,274.55,0,19
2026-09-25 22:59:00,NIFTY,FUT,0.0,NIFTY26SEPFUT,23190.0,23190.0,23190.0,23190.0,0,19
2026-09-25 22:59:00,NIFTY,SPOT,0.0,Nifty 50,23140.5,23140.5,23140.5,23140.5,0,19
2026-09-25 22:59:00,NIFTY,CE,22850.0,NIFTY26SEP22850CE,358.05,358.05,358.05,358.05,0,19
2026-09-25 22:59:00,NIFTY,PE,22850.0,NIFTY26SEP22850PE,14.15,14.15,14.15,14.15,0,19
2026-09-25 22:59:00,NIFTY,CE,22900.0,NIFTY26SEP22900CE,310.8,310.8,310.8,310.8,0,19
2026-09-25 22:59:00,NIFTY,PE,22900.0,NIFTY26SEP22900PE,19.1,19.1,19.1,19.1,0,19
2026-09-25 22:59:00,NIFTY,CE,22950.0,NIFTY26SEP22950CE,265.9,265.9,265.9,265.9,0,19
2026-09-25 22:59:00,NIFTY,PE,22950.0,NIFTY26SEP22950PE,24.95,24.95,24.95,24.95,0,19
2026-09-25 22:59:00,NIFTY,CE,23000.0,NIFTY26SEP23000CE,224.35,224.35,224.35,224.35,0,19
2026-09-25 22:59:00,NIFTY,PE,23000.0,NIFTY26SEP23000PE,34.0,34.0,34.0,34.0,0,19
2026-09-25 22:59:00,NIFTY,CE,23050.0,NIFTY26SEP23050CE,184.55,184.55,184.55,184.55,0,19
2026-09-25 22:59:00,NIFTY,PE,23050.0,NIFTY26SEP23050PE,44.4,44.4,44.4,44.4,0,19
2026-09-25 22:59:00,NIFTY,CE,23100.0,NIFTY26SEP23100CE,150.15,150.15,150.15,150.15,0,19
2026-09-25 22:59:00,NIFTY,PE,23100.0,NIFTY26SEP23100PE,58.3,58.3,58.3,58.3,0,19
2026-09-25 22:59:00,NIFTY,CE,23150.0,NIFTY26SEP23150CE,119.25,119.25,119.25,119.25,0,19
2026-09-25 22:59:00,NIFTY,PE,23150.0,NIFTY26SEP23150PE,76.75,76.75,76.75,76.75,0,19
2026-09-25 22:59:00,NIFTY,CE,23200.0,NIFTY26SEP23200CE,92.0,92.0,92.0,92.0,0,19
2026-09-25 22:59:00,NIFTY,PE,23200.0,NIFTY26SEP23200PE,99.1,99.1,99.1,99.1,0,19
2026-09-25 22:59:00,NIFTY,CE,23250.0,NIFTY26SEP23250CE,68.85,68.85,68.85,68.85,0,19
2026-09-25 22:59:00,NIFTY,PE,23250.0,NIFTY26SEP23250PE,128.1,128.1,128.1,128.1,0,19
2026-09-25 22:59:00,NIFTY,CE,23300.0,NIFTY26SEP23300CE,50.9,50.9,50.9,50.9,0,19
2026-09-25 22:59:00,NIFTY,PE,23300.0,NIFTY26SEP23300PE,157.75,157.75,157.75,157.75,0,19
2026-09-25 22:59:00,NIFTY,CE,23350.0,NIFTY26SEP23350CE,37.05,37.05,37.05,37.05,0,19
2026-09-25 22:59:00,NIFTY,PE,23350.0,NIFTY26SEP23350PE,194.35,194.35,194.35,194.35,0,19
2026-09-25 22:59:00,NIFTY,CE,23400.0,NIFTY26SEP23400CE,26.6,26.6,26.6,26.6,0,19
2026-09-25 22:59:00,NIFTY,PE,23400.0,NIFTY26SEP23400PE,233.0,233.0,233.0,233.0,0,19
2026-09-25 22:59:00,NIFTY,CE,23450.0,NIFTY26SEP23450CE,18.8,18.8,18.8,18.8,0,19
2026-09-25 22:59:00,NIFTY,PE,23450.0,NIFTY26SEP23450PE,274.55,274.55,274.55,274.55,0,19
2026-09-25 23:00:00,NIFTY,FUT,0.0,NIFTY26SEPFUT,23190.0,23190.0,23190.0,23190.0,0,19
2026-09-25 23:00:00,NIFTY,SPOT,0.0,Nifty 50,23140.5,23140.5,23140.5,23140.5,0,19
2026-09-25 23:00:00,NIFTY,CE,22850.0,NIFTY26SEP22850CE,358.05,358.05,358.05,358.05,0,19
2026-09-25 23:00:00,NIFTY,PE,22850.0,NIFTY26SEP22850PE,14.15,14.15,14.15,14.15,0,19
2026-09-25 23:00:00,NIFTY,CE,22900.0,NIFTY26SEP22900CE,310.8,310.8,310.8,310.8,0,19
2026-09-25 23:00:00,NIFTY,PE,22900.0,NIFTY26SEP22900PE,19.1,19.1,19.1,19.1,0,19
2026-09-25 23:00:00,NIFTY,CE,22950.0,NIFTY26SEP22950CE,265.9,265.9,265.9,265.9,0,19
2026-09-25 23:00:00,NIFTY,PE,22950.0,NIFTY26SEP22950PE,24.95,24.95,24.95,24.95,0,19
2026-09-25 23:00:00,NIFTY,CE,23000.0,NIFTY26SEP23000CE,224.35,224.35,224.35,224.35,0,19
2026-09-25 23:00:00,NIFTY,PE,23000.0,NIFTY26SEP23000PE,34.0,34.0,34.0,34.0,0,19
2026-09-25 23:00:00,NIFTY,CE,23050.0,NIFTY26SEP23050CE,184.55,184.55,184.55,184.55,0,19
2026-09-25 23:00:00,NIFTY,PE,23050.0,NIFTY26SEP23050PE,44.4,44.4,44.4,44.4,0,19
2026-09-25 23:00:00,NIFTY,CE,23100.0,NIFTY26SEP23100CE,150.15,150.15,150.15,150.15,0,19
2026-09-25 23:00:00,NIFTY,PE,23100.0,NIFTY26SEP23100PE,58.3,58.3,58.3,58.3,0,19
2026-09-25 23:00:00,NIFTY,CE,23150.0,NIFTY26SEP23150CE,119.25,119.25,119.25,119.25,0,19
2026-09-25 23:00:00,NIFTY,PE,23150.0,NIFTY26SEP23150PE,76.75,76.75,76.75,76.75,0,19
2026-09-25 23:00:00,NIFTY,CE,23200.0,NIFTY26SEP23200CE,92.0,92.0,92.0,92.0,0,19
2026-09-25 23:00:00,NIFTY,PE,23200.0,NIFTY26SEP23200PE,99.1,99.1,99.1,99.1,0,19
2026-09-25 23:00:00,NIFTY,CE,23250.0,NIFTY26SEP23250CE,68.85,68.85,68.85,68.85,0,19
2026-09-25 23:00:00,NIFTY,PE,23250.0,NIFTY26SEP23250PE,128.1,128.1,128.1,128.1,0,19
2026-09-25 23:00:00,NIFTY,CE,23300.0,NIFTY26SEP23300CE,50.9,50.9,50.9,50.9,0,19
2026-09-25 23:00:00,NIFTY,PE,23300.0,NIFTY26SEP23300PE,157.75,157.75,157.75,157.75,0,19
2026-09-25 23:00:00,NIFTY,CE,23350.0,NIFTY26SEP23350CE,37.05,37.05,37.05,37.05,0,19
2026-09-25 23:00:00,NIFTY,PE,23350.0,NIFTY26SEP23350PE,194.35,194.35,194.35,194.35,0,19
2026-09-25 23:00:00,NIFTY,CE,23400.0,NIFTY26SEP23400CE,26.6,26.6,26.6,26.6,0,19
2026-09-25 23:00:00,NIFTY,PE,23400.0,NIFTY26SEP23400PE,233.0,233.0,233.0,233.0,0,19
2026-09-25 23:00:00,NIFTY,CE,23450.0,NIFTY26SEP23450CE,18.8,18.8,18.8,18.8,0,19
2026-09-25 23:00:00,NIFTY,PE,23450.0,NIFTY26SEP23450PE,274.55,274.55,274.55,274.55,0,19
2026-09-25 23:01:00,NIFTY,FUT,0.0,NIFTY26SEPFUT,23190.0,23190.0,23190.0,23190.0,0,19
2026-09-25 23:01:00,NIFTY,SPOT,0.0,Nifty 50,23140.5,23140.5,23140.5,23140.5,0,19
2026-09-25 23:01:00,NIFTY,CE,22850.0,NIFTY26SEP22850CE,358.05,358.05,358.05,358.05,0,19
2026-09-25 23:01:00,NIFTY,PE,22850.0,NIFTY26SEP22850PE,14.15,14.15,14.15,14.15,0,19
2026-09-25 23:01:00,NIFTY,CE,22900.0,NIFTY26SEP22900CE,310.8,310.8,310.8,310.8,0,19
2026-09-25 23:01:00,NIFTY,PE,22900.0,NIFTY26SEP22900PE,19.1,19.1,19.1,19.1,0,19
2026-09-25 23:01:00,NIFTY,CE,22950.0,NIFTY26SEP22950CE,265.9,265.9,265.9,265.9,0,19
2026-09-25 23:01:00,NIFTY,PE,22950.0,NIFTY26SEP22950PE,24.95,24.95,24.95,24.95,0,19
2026-09-25 23:01:00,NIFTY,CE,23000.0,NIFTY26SEP23000CE,224.35,224.35,224.35,224.35,0,19
2026-09-25 23:01:00,NIFTY,PE,23000.0,NIFTY26SEP23000PE,34.0,34.0,34.0,34.0,0,19
2026-09-25 23:01:00,NIFTY,CE,23050.0,NIFTY26SEP23050CE,184.55,184.55,184.55,184.55,0,19
2026-09-25 23:01:00,NIFTY,PE,23050.0,NIFTY26SEP23050PE,44.4,44.4,44.4,44.4,0,19
2026-09-25 23:01:00,NIFTY,CE,23100.0,NIFTY26SEP23100CE,150.15,150.15,150.15,150.15,0,19
2026-09-25 23:01:00,NIFTY,PE,23100.0,NIFTY26SEP23100PE,58.3,58.3,58.3,58.3,0,19
2026-09-25 23:01:00,NIFTY,CE,23150.0,NIFTY26SEP23150CE,119.25,119.25,119.25,119.25,0,19
2026-09-25 23:01:00,NIFTY,PE,23150.0,NIFTY26SEP23150PE,76.75,76.75,76.75,76.75,0,19
2026-09-25 23:01:00,NIFTY,CE,23200.0,NIFTY26SEP23200CE,92.0,92.0,92.0,92.0,0,19
2026-09-25 23:01:00,NIFTY,PE,23200.0,NIFTY26SEP23200PE,99.1,99.1,99.1,99.1,0,19
2026-09-25 23:01:00,NIFTY,CE,23250.0,NIFTY26SEP23250CE,68.85,68.85,68.85,68.85,0,19
2026-09-25 23:01:00,NIFTY,PE,23250.0,NIFTY26SEP23250PE,128.1,128.1,128.1,128.1,0,19
2026-09-25 23:01:00,NIFTY,CE,23300.0,NIFTY26SEP23300CE,50.9,50.9,50.9,50.9,0,19
2026-09-25 23:01:00,NIFTY,PE,23300.0,NIFTY26SEP23300PE,157.75,157.75,157.75,157.75,0,19
2026-09-25 23:01:00,NIFTY,CE,23350.0,NIFTY26SEP23350CE,37.05,37.05,37.05,37.05,0,19
2026-09-25 23:01:00,NIFTY,PE,23350.0,NIFTY26SEP23350PE,194.35,194.35,194.35,194.35,0,19
2026-09-25 23:01:00,NIFTY,CE,23400.0,NIFTY26SEP23400CE,26.6,26.6,26.6,26.6,0,19
2026-09-25 23:01:00,NIFTY,PE,23400.0,NIFTY26SEP23400PE,233.0,233.0,233.0,233.0,0,19
2026-09-25 23:01:00,NIFTY,CE,23450.0,NIFTY26SEP23450CE,18.8,18.8,18.8,18.8,0,19
2026-09-25 23:01:00,NIFTY,PE,23450.0,NIFTY26SEP23450PE,274.55,274.55,274.55,274.55,0,19
2026-09-25 23:02:00,NIFTY,FUT,0.0,NIFTY26SEPFUT,23190.0,23190.0,23190.0,23190.0,0,19
2026-09-25 23:02:00,NIFTY,SPOT,0.0,Nifty 50,23140.5,23140.5,23140.5,23140.5,0,19
2026-09-25 23:02:00,NIFTY,CE,22850.0,NIFTY26SEP22850CE,358.05,358.05,358.05,358.05,0,19
2026-09-25 23:02:00,NIFTY,PE,22850.0,NIFTY26SEP22850PE,14.15,14.15,14.15,14.15,0,19
2026-09-25 23:02:00,NIFTY,CE,22900.0,NIFTY26SEP22900CE,310.8,310.8,310.8,310.8,0,19
2026-09-25 23:02:00,NIFTY,PE,22900.0,NIFTY26SEP22900PE,19.1,19.1,19.1,19.1,0,19
2026-09-25 23:02:00,NIFTY,CE,22950.0,NIFTY26SEP22950CE,265.9,265.9,265.9,265.9,0,19
2026-09-25 23:02:00,NIFTY,PE,22950.0,NIFTY26SEP22950PE,24.95,24.95,24.95,24.95,0,19
2026-09-25 23:02:00,NIFTY,CE,23000.0,NIFTY26SEP23000CE,224.35,224.35,224.35,224.35,0,19
2026-09-25 23:02:00,NIFTY,PE,23000.0,NIFTY26SEP23000PE,34.0,34.0,34.0,34.0,0,19
2026-09-25 23:02:00,NIFTY,CE,23050.0,NIFTY26SEP23050CE,184.55,184.55,184.55,184.55,0,19
2026-09-25 23:02:00,NIFTY,PE,23050.0,NIFTY26SEP23050PE,44.4,44.4,44.4,44.4,0,19
2026-09-25 23:02:00,NIFTY,CE,23100.0,NIFTY26SEP23100CE,150.15,150.15,150.15,150.15,0,19
2026-09-25 23:02:00,NIFTY,PE,23100.0,NIFTY26SEP23100PE,58.3,58.3,58.3,58.3,0,19
2026-09-25 23:02:00,NIFTY,CE,23150.0,NIFTY26SEP23150CE,119.25,119.25,119.25,119.25,0,19
2026-09-25 23:02:00,NIFTY,PE,23150.0,NIFTY26SEP23150PE,76.75,76.75,76.75,76.75,0,19
2026-09-25 23:02:00,NIFTY,CE,23200.0,NIFTY26SEP23200CE,92.0,92.0,92.0,92.0,0,19
2026-09-25 23:02:00,NIFTY,PE,23200.0,NIFTY26SEP23200PE,99.1,99.1,99.1,99.1,0,19
2026-09-25 23:02:00,NIFTY,CE,23250.0,NIFTY26SEP23250CE,68.85,68.85,68.85,68.85,0,19
2026-09-25 23:02:00,NIFTY,PE,23250.0,NIFTY26SEP23250PE,128.1,128.1,128.1,128.1,0,19
2026-09-25 23:02:00,NIFTY,CE,23300.0,NIFTY26SEP23300CE,50.9,50.9,50.9,50.9,0,19
2026-09-25 23:02:00,NIFTY,PE,23300.0,NIFTY26SEP23300PE,157.75,157.75,157.75,157.75,0,19
2026-09-25 23:02:00,NIFTY,CE,23350.0,NIFTY26SEP23350CE,37.05,37.05,37.05,37.05,0,19
2026-09-25 23:02:00,NIFTY,PE,23350.0,NIFTY26SEP23350PE,194.35,194.35,194.35,194.35,0,19
2026-09-25 23:02:00,NIFTY,CE,23400.0,NIFTY26SEP23400CE,26.6,26.6,26.6,26.6,0,19
2026-09-25 23:02:00,NIFTY,PE,23400.0,NIFTY26SEP23400PE,233.0,233.0,233.0,233.0,0,19
2026-09-25 23:02:00,NIFTY,CE,23450.0,NIFTY26SEP23450CE,18.8,18.8,18.8,18.8,0,19
2026-09-25 23:02:00,NIFTY,PE,23450.0,NIFTY26SEP23450PE,274.55,274.55,274.55,274.55,0,19
2026-09-25 23:03:00,NIFTY,FUT,0.0,NIFTY26SEPFUT,23190.0,23190.0,23190.0,23190.0,0,19
2026-09-25 23:03:00,NIFTY,SPOT,0.0,Nifty 50,23140.5,23140.5,23140.5,23140.5,0,19
2026-09-25 23:03:00,NIFTY,CE,22850.0,NIFTY26SEP22850CE,358.05,358.05,358.05,358.05,0,19
2026-09-25 23:03:00,NIFTY,PE,22850.0,NIFTY26SEP22850PE,14.15,14.15,14.15,14.15,0,19
2026-09-25 23:03:00,NIFTY,CE,22900.0,NIFTY26SEP22900CE,310.8,310.8,310.8,310.8,0,19
2026-09-25 23:03:00,NIFTY,PE,22900.0,NIFTY26SEP22900PE,19.1,19.1,19.1,19.1,0,19
2026-09-25 23:03:00,NIFTY,CE,22950.0,NIFTY26SEP22950CE,265.9,265.9,265.9,265.9,0,19
2026-09-25 23:03:00,NIFTY,PE,22950.0,NIFTY26SEP22950PE,24.95,24.95,24.95,24.95,0,19
2026-09-25 23:03:00,NIFTY,CE,23000.0,NIFTY26SEP23000CE,224.35,224.35,224.35,224.35,0,19
2026-09-25 23:03:00,NIFTY,PE,23000.0,NIFTY26SEP23000PE,34.0,34.0,34.0,34.0,0,19
2026-09-25 23:03:00,NIFTY,CE,23050.0,NIFTY26SEP23050CE,184.55,184.55,184.55,184.55,0,19
2026-09-25 23:03:00,NIFTY,PE,23050.0,NIFTY26SEP23050PE,44.4,44.4,44.4,44.4,0,19
2026-09-25 23:03:00,NIFTY,CE,23100.0,NIFTY26SEP23100CE,150.15,150.15,150.15,150.15,0,19
2026-09-25 23:03:00,NIFTY,PE,23100.0,NIFTY26SEP23100PE,58.3,58.3,58.3,58.3,0,19
2026-09-25 23:03:00,NIFTY,CE,23150.0,NIFTY26SEP23150CE,119.25,119.25,119.25,119.25,0,19
2026-09-25 23:03:00,NIFTY,PE,23150.0,NIFTY26SEP23150PE,76.75,76.75,76.75,76.75,0,19
2026-09-25 23:03:00,NIFTY,CE,23200.0,NIFTY26SEP23200CE,92.0,92.0,92.0,92.0,0,19
2026-09-25 23:03:00,NIFTY,PE,23200.0,NIFTY26SEP23200PE,99.1,99.1,99.1,99.1,0,19
2026-09-25 23:03:00,NIFTY,CE,23250.0,NIFTY26SEP23250CE,68.85,68.85,68.85,68.85,0,19
2026-09-25 23:03:00,NIFTY,PE,23250.0,NIFTY26SEP23250PE,128.1,128.1,128.1,128.1,0,19
2026-09-25 23:03:00,NIFTY,CE,23300.0,NIFTY26SEP23300CE,50.9,50.9,50.9,50.9,0,19
2026-09-25 23:03:00,NIFTY,PE,23300.0,NIFTY26SEP23300PE,157.75,157.75,157.75,157.75,0,19
2026-09-25 23:03:00,NIFTY,CE,23350.0,NIFTY26SEP23350CE,37.05,37.05,37.05,37.05,0,19
2026-09-25 23:03:00,NIFTY,PE,23350.0,NIFTY26SEP23350PE,194.35,194.35,194.35,194.35,0,19
2026-09-25 23:03:00,NIFTY,CE,23400.0,NIFTY26SEP23400CE,26.6,26.6,26.6,26.6,0,19
2026-09-25 23:03:00,NIFTY,PE,23400.0,NIFTY26SEP23400PE,233.0,233.0,233.0,233.0,0,19
2026-09-25 23:03:00,NIFTY,CE,23450.0,NIFTY26SEP23450CE,18.8,18.8,18.8,18.8,0,19
2026-09-25 23:03:00,NIFTY,PE,23450.0,NIFTY26SEP23450PE,274.55,274.55,274.55,274.55,0,19
2026-09-25 23:04:00,NIFTY,FUT,0.0,NIFTY26SEPFUT,23190.0,23190.0,23190.0,23190.0,0,19
2026-09-25 23:04:00,NIFTY,SPOT,0.0,Nifty 50,23140.5,23140.5,23140.5,23140.5,0,19
2026-09-25 23:04:00,NIFTY,CE,22850.0,NIFTY26SEP22850CE,358.05,358.05,358.05,358.05,0,19
2026-09-25 23:04:00,NIFTY,PE,22850.0,NIFTY26SEP22850PE,14.15,14.15,14.15,14.15,0,19
2026-09-25 23:04:00,NIFTY,CE,22900.0,NIFTY26SEP22900CE,310.8,310.8,310.8,310.8,0,19
2026-09-25 23:04:00,NIFTY,PE,22900.0,NIFTY26SEP22900PE,19.1,19.1,19.1,19.1,0,19
2026-09-25 23:04:00,NIFTY,CE,22950.0,NIFTY26SEP22950CE,265.9,265.9,265.9,265.9,0,19
2026-09-25 23:04:00,NIFTY,PE,22950.0,NIFTY26SEP22950PE,24.95,24.95,24.95,24.95,0,19
2026-09-25 23:04:00,NIFTY,CE,23000.0,NIFTY26SEP23000CE,224.35,224.35,224.35,224.35,0,19
2026-09-25 23:04:00,NIFTY,PE,23000.0,NIFTY26SEP23000PE,34.0,34.0,34.0,34.0,0,19
2026-09-25 23:04:00,NIFTY,CE,23050.0,NIFTY26SEP23050CE,184.55,184.55,184.55,184.55,0,19
2026-09-25 23:04:00,NIFTY,PE,23050.0,NIFTY26SEP23050PE,44.4,44.4,44.4,44.4,0,19
2026-09-25 23:04:00,NIFTY,CE,23100.0,NIFTY26SEP23100CE,150.15,150.15,150.15,150.15,0,19
2026-09-25 23:04:00,NIFTY,PE,23100.0,NIFTY26SEP23100PE,58.3,58.3,58.3,58.3,0,19
2026-09-25 23:04:00,NIFTY,CE,23150.0,NIFTY26SEP23150CE,119.25,119.25,119.25,119.25,0,19
2026-09-25 23:04:00,NIFTY,PE,23150.0,NIFTY26SEP23150PE,76.75,76.75,76.75,76.75,0,19
2026-09-25 23:04:00,NIFTY,CE,23200.0,NIFTY26SEP23200CE,92.0,92.0,92.0,92.0,0,19
2026-09-25 23:04:00,NIFTY,PE,23200.0,NIFTY26SEP23200PE,99.1,99.1,99.1,99.1,0,19
2026-09-25 23:04:00,NIFTY,CE,23250.0,NIFTY26SEP23250CE,68.85,68.85,68.85,68.85,0,19
2026-09-25 23:04:00,NIFTY,PE,23250.0,NIFTY26SEP23250PE,128.1,128.1,128.1,128.1,0,19
2026-09-25 23:04:00,NIFTY,CE,23300.0,NIFTY26SEP23300CE,50.9,50.9,50.9,50.9,0,19
2026-09-25 23:04:00,NIFTY,PE,23300.0,NIFTY26SEP23300PE,157.75,157.75,157.75,157.75,0,19
2026-09-25 23:04:00,NIFTY,CE,23350.0,NIFTY26SEP23350CE,37.05,37.05,37.05,37.05,0,19
2026-09-25 23:04:00,NIFTY,PE,23350.0,NIFTY26SEP23350PE,194.35,194.35,194.35,194.35,0,19
2026-09-25 23:04:00,NIFTY,CE,23400.0,NIFTY26SEP23400CE,26.6,26.6,26.6,26.6,0,19
2026-09-25 23:04:00,NIFTY,PE,23400.0,NIFTY26SEP23400PE,233.0,233.0,233.0,233.0,0,19
2026-09-25 23:04:00,NIFTY,CE,23450.0,NIFTY26SEP23450CE,18.8,18.8,18.8,18.8,0,19
2026-09-25 23:04:00,NIFTY,PE,23450.0,NIFTY26SEP23450PE,274.55,274.55,274.55,274.55,0,19
2026-09-25 23:05:00,NIFTY,FUT,0.0,NIFTY26SEPFUT,23190.0,23190.0,23190.0,23190.0,0,19
2026-09-25 23:05:00,NIFTY,SPOT,0.0,Nifty 50,23140.5,23140.5,23140.5,23140.5,0,19
2026-09-25 23:05:00,NIFTY,CE,22850.0,NIFTY26SEP22850CE,358.05,358.05,358.05,358.05,0,19
2026-09-25 23:05:00,NIFTY,PE,22850.0,NIFTY26SEP22850PE,14.15,14.15,14.15,14.15,0,19
2026-09-25 23:05:00,NIFTY,CE,22900.0,NIFTY26SEP22900CE,310.8,310.8,310.8,310.8,0,19
2026-09-25 23:05:00,NIFTY,PE,22900.0,NIFTY26SEP22900PE,19.1,19.1,19.1,19.1,0,19
2026-09-25 23:05:00,NIFTY,CE,22950.0,NIFTY26SEP22950CE,265.9,265.9,265.9,265.9,0,19
2026-09-25 23:05:00,NIFTY,PE,22950.0,NIFTY26SEP22950PE,24.95,24.95,24.95,24.95,0,19
2026-09-25 23:05:00,NIFTY,CE,23000.0,NIFTY26SEP23000CE,224.35,224.35,224.35,224.35,0,19
2026-09-25 23:05:00,NIFTY,PE,23000.0,NIFTY26SEP23000PE,34.0,34.0,34.0,34.0,0,19
2026-09-25 23:05:00,NIFTY,CE,23050.0,NIFTY26SEP23050CE,184.55,184.55,184.55,184.55,0,19
2026-09-25 23:05:00,NIFTY,PE,23050.0,NIFTY26SEP23050PE,44.4,44.4,44.4,44.4,0,19
2026-09-25 23:05:00,NIFTY,CE,23100.0,NIFTY26SEP23100CE,150.15,150.15,150.15,150.15,0,19
2026-09-25 23:05:00,NIFTY,PE,23100.0,NIFTY26SEP23100PE,58.3,58.3,58.3,58.3,0,19
2026-09-25 23:05:00,NIFTY,CE,23150.0,NIFTY26SEP23150CE,119.25,119.25,119.25,119.25,0,19
2026-09-25 23:05:00,NIFTY,PE,23150.0,NIFTY26SEP23150PE,76.75,76.75,76.75,76.75,0,19
2026-09-25 23:05:00,NIFTY,CE,23200.0,NIFTY26SEP23200CE,92.0,92.0,92.0,92.0,0,19
2026-09-25 23:05:00,NIFTY,PE,23200.0,NIFTY26SEP23200PE,99.1,99.1,99.1,99.1,0,19
2026-09-25 23:05:00,NIFTY,CE,23250.0,NIFTY26SEP23250CE,68.85,68.85,68.85,68.85,0,19
2026-09-25 23:05:00,NIFTY,PE,23250.0,NIFTY26SEP23250PE,128.1,128.1,128.1,128.1,0,19
2026-09-25 23:05:00,NIFTY,CE,23300.0,NIFTY26SEP23300CE,50.9,50.9,50.9,50.9,0,19
2026-09-25 23:05:00,NIFTY,PE,23300.0,NIFTY26SEP23300PE,157.75,157.75,157.75,157.75,0,19
2026-09-25 23:05:00,NIFTY,CE,23350.0,NIFTY26SEP23350CE,37.05,37.05,37.05,37.05,0,19
2026-09-25 23:05:00,NIFTY,PE,23350.0,NIFTY26SEP23350PE,194.35,194.35,194.35,194.35,0,19
2026-09-25 23:05:00,NIFTY,CE,23400.0,NIFTY26SEP23400CE,26.6,26.6,26.6,26.6,0,19
2026-09-25 23:05:00,NIFTY,PE,23400.0,NIFTY26SEP23400PE,233.0,233.0,233.0,233.0,0,19
2026-09-25 23:05:00,NIFTY,CE,23450.0,NIFTY26SEP23450CE,18.8,18.8,18.8,18.8,0,19
2026-09-25 23:05:00,NIFTY,PE,23450.0,NIFTY26SEP23450PE,274.55,274.55,274.55,274.55,0,19
2026-09-25 23:06:00,NIFTY,FUT,0.0,NIFTY26SEPFUT,23190.0,23190.0,23190.0,23190.0,0,19
2026-09-25 23:06:00,NIFTY,SPOT,0.0,Nifty 50,23140.5,23140.5,23140.5,23140.5,0,19
2026-09-25 23:06:00,NIFTY,CE,22850.0,NIFTY26SEP22850CE,358.05,358.05,358.05,358.05,0,19
2026-09-25 23:06:00,NIFTY,PE,22850.0,NIFTY26SEP22850PE,14.15,14.15,14.15,14.15,0,19
2026-09-25 23:06:00,NIFTY,CE,22900.0,NIFTY26SEP22900CE,310.8,310.8,310.8,310.8,0,19
2026-09-25 23:06:00,NIFTY,PE,22900.0,NIFTY26SEP22900PE,19.1,19.1,19.1,19.1,0,19
2026-09-25 23:06:00,NIFTY,CE,22950.0,NIFTY26SEP22950CE,265.9,265.9,265.9,265.9,0,19
2026-09-25 23:06:00,NIFTY,PE,22950.0,NIFTY26SEP22950PE,24.95,24.95,24.95,24.95,0,19
2026-09-25 23:06:00,NIFTY,CE,23000.0,NIFTY26SEP23000CE,224.35,224.35,224.35,224.35,0,19
2026-09-25 23:06:00,NIFTY,PE,23000.0,NIFTY26SEP23000PE,34.0,34.0,34.0,34.0,0,19
2026-09-25 23:06:00,NIFTY,CE,23050.0,NIFTY26SEP23050CE,184.55,184.55,184.55,184.55,0,19
2026-09-25 23:06:00,NIFTY,PE,23050.0,NIFTY26SEP23050PE,44.4,44.4,44.4,44.4,0,19
2026-09-25 23:06:00,NIFTY,CE,23100.0,NIFTY26SEP23100CE,150.15,150.15,150.15,150.15,0,19
2026-09-25 23:06:00,NIFTY,PE,23100.0,NIFTY26SEP23100PE,58.3,58.3,58.3,58.3,0,19
2026-09-25 23:06:00,NIFTY,CE,23150.0,NIFTY26SEP23150CE,119.25,119.25,119.25,119.25,0,19
2026-09-25 23:06:00,NIFTY,PE,23150.0,NIFTY26SEP23150PE,76.75,76.75,76.75,76.75,0,19
2026-09-25 23:06:00,NIFTY,CE,23200.0,NIFTY26SEP23200CE,92.0,92.0,92.0,92.0,0,19
2026-09-25 23:06:00,NIFTY,PE,23200.0,NIFTY26SEP23200PE,99.1,99.1,99.1,99.1,0,19
2026-09-25 23:06:00,NIFTY,CE,23250.0,NIFTY26SEP23250CE,68.85,68.85,68.85,68.85,0,19
2026-09-25 23:06:00,NIFTY,PE,23250.0,NIFTY26SEP23250PE,128.1,128.1,128.1,128.1,0,19
2026-09-25 23:06:00,NIFTY,CE,23300.0,NIFTY26SEP23300CE,50.9,50.9,50.9,50.9,0,19
2026-09-25 23:06:00,NIFTY,PE,23300.0,NIFTY26SEP23300PE,157.75,157.75,157.75,157.75,0,19
2026-09-25 23:06:00,NIFTY,CE,23350.0,NIFTY26SEP23350CE,37.05,37.05,37.05,37.05,0,19
2026-09-25 23:06:00,NIFTY,PE,23350.0,NIFTY26SEP23350PE,194.35,194.35,194.35,194.35,0,19
2026-09-25 23:06:00,NIFTY,CE,23400.0,NIFTY26SEP23400CE,26.6,26.6,26.6,26.6,0,19
2026-09-25 23:06:00,NIFTY,PE,23400.0,NIFTY26SEP23400PE,233.0,233.0,233.0,233.0,0,19
2026-09-25 23:06:00,NIFTY,CE,23450.0,NIFTY26SEP23450CE,18.8,18.8,18.8,18.8,0,19
2026-09-25 23:06:00,NIFTY,PE,23450.0,NIFTY26SEP23450PE,274.55,274.55,274.55,274.55,0,19
2026-09-25 23:07:00,NIFTY,FUT,0.0,NIFTY26SEPFUT,23190.0,23190.0,23190.0,23190.0,0,19
2026-09-25 23:07:00,NIFTY,SPOT,0.0,Nifty 50,23140.5,23140.5,23140.5,23140.5,0,19
2026-09-25 23:07:00,NIFTY,CE,22850.0,NIFTY26SEP22850CE,358.05,358.05,358.05,358.05,0,19
2026-09-25 23:07:00,NIFTY,PE,22850.0,NIFTY26SEP22850PE,14.15,14.15,14.15,14.15,0,19
2026-09-25 23:07:00,NIFTY,CE,22900.0,NIFTY26SEP22900CE,310.8,310.8,310.8,310.8,0,19
2026-09-25 23:07:00,NIFTY,PE,22900.0,NIFTY26SEP22900PE,19.1,19.1,19.1,19.1,0,19
2026-09-25 23:07:00,NIFTY,CE,22950.0,NIFTY26SEP22950CE,265.9,265.9,265.9,265.9,0,19
2026-09-25 23:07:00,NIFTY,PE,22950.0,NIFTY26SEP22950PE,24.95,24.95,24.95,24.95,0,19
2026-09-25 23:07:00,NIFTY,CE,23000.0,NIFTY26SEP23000CE,224.35,224.35,224.35,224.35,0,19
2026-09-25 23:07:00,NIFTY,PE,23000.0,NIFTY26SEP23000PE,34.0,34.0,34.0,34.0,0,19
2026-09-25 23:07:00,NIFTY,CE,23050.0,NIFTY26SEP23050CE,184.55,184.55,184.55,184.55,0,19
2026-09-25 23:07:00,NIFTY,PE,23050.0,NIFTY26SEP23050PE,44.4,44.4,44.4,44.4,0,19
2026-09-25 23:07:00,NIFTY,CE,23100.0,NIFTY26SEP23100CE,150.15,150.15,150.15,150.15,0,19
2026-09-25 23:07:00,NIFTY,PE,23100.0,NIFTY26SEP23100PE,58.3,58.3,58.3,58.3,0,19
2026-09-25 23:07:00,NIFTY,CE,23150.0,NIFTY26SEP23150CE,119.25,119.25,119.25,119.25,0,19
2026-09-25 23:07:00,NIFTY,PE,23150.0,NIFTY26SEP23150PE,76.75,76.75,76.75,76.75,0,19
2026-09-25 23:07:00,NIFTY,CE,23200.0,NIFTY26SEP23200CE,92.0,92.0,92.0,92.0,0,19
2026-09-25 23:07:00,NIFTY,PE,23200.0,NIFTY26SEP23200PE,99.1,99.1,99.1,99.1,0,19
2026-09-25 23:07:00,NIFTY,CE,23250.0,NIFTY26SEP23250CE,68.85,68.85,68.85,68.85,0,19
2026-09-25 23:07:00,NIFTY,PE,23250.0,NIFTY26SEP23250PE,128.1,128.1,128.1,128.1,0,19
2026-09-25 23:07:00,NIFTY,CE,23300.0,NIFTY26SEP23300CE,50.9,50.9,50.9,50.9,0,19
2026-09-25 23:07:00,NIFTY,PE,23300.0,NIFTY26SEP23300PE,157.75,157.75,157.75,157.75,0,19
2026-09-25 23:07:00,NIFTY,CE,23350.0,NIFTY26SEP23350CE,37.05,37.05,37.05,37.05,0,19
2026-09-25 23:07:00,NIFTY,PE,23350.0,NIFTY26SEP23350PE,194.35,194.35,194.35,194.35,0,19
2026-09-25 23:07:00,NIFTY,CE,23400.0,NIFTY26SEP23400CE,26.6,26.6,26.6,26.6,0,19
2026-09-25 23:07:00,NIFTY,PE,23400.0,NIFTY26SEP23400PE,233.0,233.0,233.0,233.0,0,19
2026-09-25 23:07:00,NIFTY,CE,23450.0,NIFTY26SEP23450CE,18.8,18.8,18.8,18.8,0,19
2026-09-25 23:07:00,NIFTY,PE,23450.0,NIFTY26SEP23450PE,274.55,274.55,274.55,274.55,0,19
2026-09-25 23:08:00,NIFTY,FUT,0.0,NIFTY26SEPFUT,23190.0,23190.0,23190.0,23190.0,0,19
2026-09-25 23:08:00,NIFTY,SPOT,0.0,Nifty 50,23140.5,23140.5,23140.5,23140.5,0,19
2026-09-25 23:08:00,NIFTY,CE,22850.0,NIFTY26SEP22850CE,358.05,358.05,358.05,358.05,0,19
2026-09-25 23:08:00,NIFTY,PE,22850.0,NIFTY26SEP22850PE,14.15,14.15,14.15,14.15,0,19
2026-09-25 23:08:00,NIFTY,CE,22900.0,NIFTY26SEP22900CE,310.8,310.8,310.8,310.8,0,19
2026-09-25 23:08:00,NIFTY,PE,22900.0,NIFTY26SEP22900PE,19.1,19.1,19.1,19.1,0,19
2026-09-25 23:08:00,NIFTY,CE,22950.0,NIFTY26SEP22950CE,265.9,265.9,265.9,265.9,0,19
2026-09-25 23:08:00,NIFTY,PE,22950.0,NIFTY26SEP22950PE,24.95,24.95,24.95,24.95,0,19
2026-09-25 23:08:00,NIFTY,CE,23000.0,NIFTY26SEP23000CE,224.35,224.35,224.35,224.35,0,19
2026-09-25 23:08:00,NIFTY,PE,23000.0,NIFTY26SEP23000PE,34.0,34.0,34.0,34.0,0,19
2026-09-25 23:08:00,NIFTY,CE,23050.0,NIFTY26SEP23050CE,184.55,184.55,184.55,184.55,0,19
2026-09-25 23:08:00,NIFTY,PE,23050.0,NIFTY26SEP23050PE,44.4,44.4,44.4,44.4,0,19
2026-09-25 23:08:00,NIFTY,CE,23100.0,NIFTY26SEP23100CE,150.15,150.15,150.15,150.15,0,19
2026-09-25 23:08:00,NIFTY,PE,23100.0,NIFTY26SEP23100PE,58.3,58.3,58.3,58.3,0,19
2026-09-25 23:08:00,NIFTY,CE,23150.0,NIFTY26SEP23150CE,119.25,119.25,119.25,119.25,0,19
2026-09-25 23:08:00,NIFTY,PE,23150.0,NIFTY26SEP23150PE,76.75,76.75,76.75,76.75,0,19
2026-09-25 23:08:00,NIFTY,CE,23200.0,NIFTY26SEP23200CE,92.0,92.0,92.0,92.0,0,19
2026-09-25 23:08:00,NIFTY,PE,23200.0,NIFTY26SEP23200PE,99.1,99.1,99.1,99.1,0,19
2026-09-25 23:08:00,NIFTY,CE,23250.0,NIFTY26SEP23250CE,68.85,68.85,68.85,68.85,0,19
2026-09-25 23:08:00,NIFTY,PE,23250.0,NIFTY26SEP23250PE,128.1,128.1,128.1,128.1,0,19
2026-09-25 23:08:00,NIFTY,CE,23300.0,NIFTY26SEP23300CE,50.9,50.9,50.9,50.9,0,19
2026-09-25 23:08:00,NIFTY,PE,23300.0,NIFTY26SEP23300PE,157.75,157.75,157.75,157.75,0,19
2026-09-25 23:08:00,NIFTY,CE,23350.0,NIFTY26SEP23350CE,37.05,37.05,37.05,37.05,0,19
2026-09-25 23:08:00,NIFTY,PE,23350.0,NIFTY26SEP23350PE,194.35,194.35,194.35,194.35,0,19
2026-09-25 23:08:00,NIFTY,CE,23400.0,NIFTY26SEP23400CE,26.6,26.6,26.6,26.6,0,19
2026-09-25 23:08:00,NIFTY,PE,23400.0,NIFTY26SEP23400PE,233.0,233.0,233.0,233.0,0,19
2026-09-25 23:08:00,NIFTY,CE,23450.0,NIFTY26SEP23450CE,18.8,18.8,18.8,18.8,0,19
2026-09-25 23:08:00,NIFTY,PE,23450.0,NIFTY26SEP23450PE,274.55,274.55,274.55,274.55,0,19
2026-09-25 23:09:00,NIFTY,FUT,0.0,NIFTY26SEPFUT,23190.0,23190.0,23190.0,23190.0,0,19
2026-09-25 23:09:00,NIFTY,SPOT,0.0,Nifty 50,23140.5,23140.5,23140.5,23140.5,0,19
2026-09-25 23:09:00,NIFTY,CE,22850.0,NIFTY26SEP22850CE,358.05,358.05,358.05,358.05,0,19
2026-09-25 23:09:00,NIFTY,PE,22850.0,NIFTY26SEP22850PE,14.15,14.15,14.15,14.15,0,19
2026-09-25 23:09:00,NIFTY,CE,22900.0,NIFTY26SEP22900CE,310.8,310.8,310.8,310.8,0,19
2026-09-25 23:09:00,NIFTY,PE,22900.0,NIFTY26SEP22900PE,19.1,19.1,19.1,19.1,0,19
2026-09-25 23:09:00,NIFTY,CE,22950.0,NIFTY26SEP22950CE,265.9,265.9,265.9,265.9,0,19
2026-09-25 23:09:00,NIFTY,PE,22950.0,NIFTY26SEP22950PE,24.95,24.95,24.95,24.95,0,19
2026-09-25 23:09:00,NIFTY,CE,23000.0,NIFTY26SEP23000CE,224.35,224.35,224.35,224.35,0,19
2026-09-25 23:09:00,NIFTY,PE,23000.0,NIFTY26SEP23000PE,34.0,34.0,34.0,34.0,0,19
2026-09-25 23:09:00,NIFTY,CE,23050.0,NIFTY26SEP23050CE,184.55,184.55,184.55,184.55,0,19
2026-09-25 23:09:00,NIFTY,PE,23050.0,NIFTY26SEP23050PE,44.4,44.4,44.4,44.4,0,19
2026-09-25 23:09:00,NIFTY,CE,23100.0,NIFTY26SEP23100CE,150.15,150.15,150.15,150.15,0,19
2026-09-25 23:09:00,NIFTY,PE,23100.0,NIFTY26SEP23100PE,58.3,58.3,58.3,58.3,0,19
2026-09-25 23:09:00,NIFTY,CE,23150.0,NIFTY26SEP23150CE,119.25,119.25,119.25,119.25,0,19
2026-09-25 23:09:00,NIFTY,PE,23150.0,NIFTY26SEP23150PE,76.75,76.75,76.75,76.75,0,19
2026-09-25 23:09:00,NIFTY,CE,23200.0,NIFTY26SEP23200CE,92.0,92.0,92.0,92.0,0,19
2026-09-25 23:09:00,NIFTY,PE,23200.0,NIFTY26SEP23200PE,99.1,99.1,99.1,99.1,0,19
2026-09-25 23:09:00,NIFTY,CE,23250.0,NIFTY26SEP23250CE,68.85,68.85,68.85,68.85,0,19
2026-09-25 23:09:00,NIFTY,PE,23250.0,NIFTY26SEP23250PE,128.1,128.1,128.1,128.1,0,19
2026-09-25 23:09:00,NIFTY,CE,23300.0,NIFTY26SEP23300CE,50.9,50.9,50.9,50.9,0,19
2026-09-25 23:09:00,NIFTY,PE,23300.0,NIFTY26SEP23300PE,157.75,157.75,157.75,157.75,0,19
2026-09-25 23:09:00,NIFTY,CE,23350.0,NIFTY26SEP23350CE,37.05,37.05,37.05,37.05,0,19
2026-09-25 23:09:00,NIFTY,PE,23350.0,NIFTY26SEP23350PE,194.35,194.35,194.35,194.35,0,19
2026-09-25 23:09:00,NIFTY,CE,23400.0,NIFTY26SEP23400CE,26.6,26.6,26.6,26.6,0,19
2026-09-25 23:09:00,NIFTY,PE,23400.0,NIFTY26SEP23400PE,233.0,233.0,233.0,233.0,0,19
2026-09-25 23:09:00,NIFTY,CE,23450.0,NIFTY26SEP23450CE,18.8,18.8,18.8,18.8,0,19
2026-09-25 23:09:00,NIFTY,PE,23450.0,NIFTY26SEP23450PE,274.55,274.55,274.55,274.55,0,19
2026-09-25 23:10:00,NIFTY,FUT,0.0,NIFTY26SEPFUT,23190.0,23190.0,23190.0,23190.0,0,19
2026-09-25 23:10:00,NIFTY,SPOT,0.0,Nifty 50,23140.5,23140.5,23140.5,23140.5,0,19
2026-09-25 23:10:00,NIFTY,CE,22850.0,NIFTY26SEP22850CE,358.05,358.05,358.05,358.05,0,19
2026-09-25 23:10:00,NIFTY,PE,22850.0,NIFTY26SEP22850PE,14.15,14.15,14.15,14.15,0,19
2026-09-25 23:10:00,NIFTY,CE,22900.0,NIFTY26SEP22900CE,310.8,310.8,310.8,310.8,0,19
2026-09-25 23:10:00,NIFTY,PE,22900.0,NIFTY26SEP22900PE,19.1,19.1,19.1,19.1,0,19
2026-09-25 23:10:00,NIFTY,CE,22950.0,NIFTY26SEP22950CE,265.9,265.9,265.9,265.9,0,19
2026-09-25 23:10:00,NIFTY,PE,22950.0,NIFTY26SEP22950PE,24.95,24.95,24.95,24.95,0,19
2026-09-25 23:10:00,NIFTY,CE,23000.0,NIFTY26SEP23000CE,224.35,224.35,224.35,224.35,0,19
2026-09-25 23:10:00,NIFTY,PE,23000.0,NIFTY26SEP23000PE,34.0,34.0,34.0,34.0,0,19
2026-09-25 23:10:00,NIFTY,CE,23050.0,NIFTY26SEP23050CE,184.55,184.55,184.55,184.55,0,19
2026-09-25 23:10:00,NIFTY,PE,23050.0,NIFTY26SEP23050PE,44.4,44.4,44.4,44.4,0,19
2026-09-25 23:10:00,NIFTY,CE,23100.0,NIFTY26SEP23100CE,150.15,150.15,150.15,150.15,0,19
2026-09-25 23:10:00,NIFTY,PE,23100.0,NIFTY26SEP23100PE,58.3,58.3,58.3,58.3,0,19
2026-09-25 23:10:00,NIFTY,CE,23150.0,NIFTY26SEP23150CE,119.25,119.25,119.25,119.25,0,19
2026-09-25 23:10:00,NIFTY,PE,23150.0,NIFTY26SEP23150PE,76.75,76.75,76.75,76.75,0,19
2026-09-25 23:10:00,NIFTY,CE,23200.0,NIFTY26SEP23200CE,92.0,92.0,92.0,92.0,0,19
2026-09-25 23:10:00,NIFTY,PE,23200.0,NIFTY26SEP23200PE,99.1,99.1,99.1,99.1,0,19
2026-09-25 23:10:00,NIFTY,CE,23250.0,NIFTY26SEP23250CE,68.85,68.85,68.85,68.85,0,19
2026-09-25 23:10:00,NIFTY,PE,23250.0,NIFTY26SEP23250PE,128.1,128.1,128.1,128.1,0,19
2026-09-25 23:10:00,NIFTY,CE,23300.0,NIFTY26SEP23300CE,50.9,50.9,50.9,50.9,0,19
2026-09-25 23:10:00,NIFTY,PE,23300.0,NIFTY26SEP23300PE,157.75,157.75,157.75,157.75,0,19
2026-09-25 23:10:00,NIFTY,CE,23350.0,NIFTY26SEP23350CE,37.05,37.05,37.05,37.05,0,19
2026-09-25 23:10:00,NIFTY,PE,23350.0,NIFTY26SEP23350PE,194.35,194.35,194.35,194.35,0,19
2026-09-25 23:10:00,NIFTY,CE,23400.0,NIFTY26SEP23400CE,26.6,26.6,26.6,26.6,0,19
2026-09-25 23:10:00,NIFTY,PE,23400.0,NIFTY26SEP23400PE,233.0,233.0,233.0,233.0,0,19
2026-09-25 23:10:00,NIFTY,CE,23450.0,NIFTY26SEP23450CE,18.8,18.8,18.8,18.8,0,19
2026-09-25 23:10:00,NIFTY,PE,23450.0,NIFTY26SEP23450PE,274.55,274.55,274.55,274.55,0,19
2026-09-25 23:11:00,NIFTY,FUT,0.0,NIFTY26SEPFUT,23190.0,23190.0,23190.0,23190.0,0,19
2026-09-25 23:11:00,NIFTY,SPOT,0.0,Nifty 50,23140.5,23140.5,23140.5,23140.5,0,19
2026-09-25 23:11:00,NIFTY,CE,22850.0,NIFTY26SEP22850CE,358.05,358.05,358.05,358.05,0,19
2026-09-25 23:11:00,NIFTY,PE,22850.0,NIFTY26SEP22850PE,14.15,14.15,14.15,14.15,0,19
2026-09-25 23:11:00,NIFTY,CE,22900.0,NIFTY26SEP22900CE,310.8,310.8,310.8,310.8,0,19
2026-09-25 23:11:00,NIFTY,PE,22900.0,NIFTY26SEP22900PE,19.1,19.1,19.1,19.1,0,19
2026-09-25 23:11:00,NIFTY,CE,22950.0,NIFTY26SEP22950CE,265.9,265.9,265.9,265.9,0,19
2026-09-25 23:11:00,NIFTY,PE,22950.0,NIFTY26SEP22950PE,24.95,24.95,24.95,24.95,0,19
2026-09-25 23:11:00,NIFTY,CE,23000.0,NIFTY26SEP23000CE,224.35,224.35,224.35,224.35,0,19
2026-09-25 23:11:00,NIFTY,PE,23000.0,NIFTY26SEP23000PE,34.0,34.0,34.0,34.0,0,19
2026-09-25 23:11:00,NIFTY,CE,23050.0,NIFTY26SEP23050CE,184.55,184.55,184.55,184.55,0,19
2026-09-25 23:11:00,NIFTY,PE,23050.0,NIFTY26SEP23050PE,44.4,44.4,44.4,44.4,0,19
2026-09-25 23:11:00,NIFTY,CE,23100.0,NIFTY26SEP23100CE,150.15,150.15,150.15,150.15,0,19
2026-09-25 23:11:00,NIFTY,PE,23100.0,NIFTY26SEP23100PE,58.3,58.3,58.3,58.3,0,19
2026-09-25 23:11:00,NIFTY,CE,23150.0,NIFTY26SEP23150CE,119.25,119.25,119.25,119.25,0,19
2026-09-25 23:11:00,NIFTY,PE,23150.0,NIFTY26SEP23150PE,76.75,76.75,76.75,76.75,0,19
2026-09-25 23:11:00,NIFTY,CE,23200.0,NIFTY26SEP23200CE,92.0,92.0,92.0,92.0,0,19
2026-09-25 23:11:00,NIFTY,PE,23200.0,NIFTY26SEP23200PE,99.1,99.1,99.1,99.1,0,19
2026-09-25 23:11:00,NIFTY,CE,23250.0,NIFTY26SEP23250CE,68.85,68.85,68.85,68.85,0,19
2026-09-25 23:11:00,NIFTY,PE,23250.0,NIFTY26SEP23250PE,128.1,128.1,128.1,128.1,0,19
2026-09-25 23:11:00,NIFTY,CE,23300.0,NIFTY26SEP23300CE,50.9,50.9,50.9,50.9,0,19
2026-09-25 23:11:00,NIFTY,PE,23300.0,NIFTY26SEP23300PE,157.75,157.75,157.75,157.75,0,19
2026-09-25 23:11:00,NIFTY,CE,23350.0,NIFTY26SEP23350CE,37.05,37.05,37.05,37.05,0,19
2026-09-25 23:11:00,NIFTY,PE,23350.0,NIFTY26SEP23350PE,194.35,194.35,194.35,194.35,0,19
2026-09-25 23:11:00,NIFTY,CE,23400.0,NIFTY26SEP23400CE,26.6,26.6,26.6,26.6,0,19
2026-09-25 23:11:00,NIFTY,PE,23400.0,NIFTY26SEP23400PE,233.0,233.0,233.0,233.0,0,19
2026-09-25 23:11:00,NIFTY,CE,23450.0,NIFTY26SEP23450CE,18.8,18.8,18.8,18.8,0,19
2026-09-25 23:11:00,NIFTY,PE,23450.0,NIFTY26SEP23450PE,274.55,274.55,274.55,274.55,0,19
2026-09-25 23:12:00,NIFTY,FUT,0.0,NIFTY26SEPFUT,23190.0,23190.0,23190.0,23190.0,0,19
2026-09-25 23:12:00,NIFTY,SPOT,0.0,Nifty 50,23140.5,23140.5,23140.5,23140.5,0,19
2026-09-25 23:12:00,NIFTY,CE,22850.0,NIFTY26SEP22850CE,358.05,358.05,358.05,358.05,0,19
2026-09-25 23:12:00,NIFTY,PE,22850.0,NIFTY26SEP22850PE,14.15,14.15,14.15,14.15,0,19
2026-09-25 23:12:00,NIFTY,CE,22900.0,NIFTY26SEP22900CE,310.8,310.8,310.8,310.8,0,19
2026-09-25 23:12:00,NIFTY,PE,22900.0,NIFTY26SEP22900PE,19.1,19.1,19.1,19.1,0,19
2026-09-25 23:12:00,NIFTY,CE,22950.0,NIFTY26SEP22950CE,265.9,265.9,265.9,265.9,0,19
2026-09-25 23:12:00,NIFTY,PE,22950.0,NIFTY26SEP22950PE,24.95,24.95,24.95,24.95,0,19
2026-09-25 23:12:00,NIFTY,CE,23000.0,NIFTY26SEP23000CE,224.35,224.35,224.35,224.35,0,19
2026-09-25 23:12:00,NIFTY,PE,23000.0,NIFTY26SEP23000PE,34.0,34.0,34.0,34.0,0,19
2026-09-25 23:12:00,NIFTY,CE,23050.0,NIFTY26SEP23050CE,184.55,184.55,184.55,184.55,0,19
2026-09-25 23:12:00,NIFTY,PE,23050.0,NIFTY26SEP23050PE,44.4,44.4,44.4,44.4,0,19
2026-09-25 23:12:00,NIFTY,CE,23100.0,NIFTY26SEP23100CE,150.15,150.15,150.15,150.15,0,19
2026-09-25 23:12:00,NIFTY,PE,23100.0,NIFTY26SEP23100PE,58.3,58.3,58.3,58.3,0,19
2026-09-25 23:12:00,NIFTY,CE,23150.0,NIFTY26SEP23150CE,119.25,119.25,119.25,119.25,0,19
2026-09-25 23:12:00,NIFTY,PE,23150.0,NIFTY26SEP23150PE,76.75,76.75,76.75,76.75,0,19
2026-09-25 23:12:00,NIFTY,CE,23200.0,NIFTY26SEP23200CE,92.0,92.0,92.0,92.0,0,19
2026-09-25 23:12:00,NIFTY,PE,23200.0,NIFTY26SEP23200PE,99.1,99.1,99.1,99.1,0,19
2026-09-25 23:12:00,NIFTY,CE,23250.0,NIFTY26SEP23250CE,68.85,68.85,68.85,68.85,0,19
2026-09-25 23:12:00,NIFTY,PE,23250.0,NIFTY26SEP23250PE,128.1,128.1,128.1,128.1,0,19
2026-09-25 23:12:00,NIFTY,CE,23300.0,NIFTY26SEP23300CE,50.9,50.9,50.9,50.9,0,19
2026-09-25 23:12:00,NIFTY,PE,23300.0,NIFTY26SEP23300PE,157.75,157.75,157.75,157.75,0,19
2026-09-25 23:12:00,NIFTY,CE,23350.0,NIFTY26SEP23350CE,37.05,37.05,37.05,37.05,0,19
2026-09-25 23:12:00,NIFTY,PE,23350.0,NIFTY26SEP23350PE,194.35,194.35,194.35,194.35,0,19
2026-09-25 23:12:00,NIFTY,CE,23400.0,NIFTY26SEP23400CE,26.6,26.6,26.6,26.6,0,19
2026-09-25 23:12:00,NIFTY,PE,23400.0,NIFTY26SEP23400PE,233.0,233.0,233.0,233.0,0,19
2026-09-25 23:12:00,NIFTY,CE,23450.0,NIFTY26SEP23450CE,18.8,18.8,18.8,18.8,0,19
2026-09-25 23:12:00,NIFTY,PE,23450.0,NIFTY26SEP23450PE,274.55,274.55,274.55,274.55,0,19
2026-09-25 23:13:00,NIFTY,FUT,0.0,NIFTY26SEPFUT,23190.0,23190.0,23190.0,23190.0,0,19
2026-09-25 23:13:00,NIFTY,SPOT,0.0,Nifty 50,23140.5,23140.5,23140.5,23140.5,0,19
2026-09-25 23:13:00,NIFTY,CE,22850.0,NIFTY26SEP22850CE,358.05,358.05,358.05,358.05,0,19
2026-09-25 23:13:00,NIFTY,PE,22850.0,NIFTY26SEP22850PE,14.15,14.15,14.15,14.15,0,19
2026-09-25 23:13:00,NIFTY,CE,22900.0,NIFTY26SEP22900CE,310.8,310.8,310.8,310.8,0,19
2026-09-25 23:13:00,NIFTY,PE,22900.0,NIFTY26SEP22900PE,19.1,19.1,19.1,19.1,0,19
2026-09-25 23:13:00,NIFTY,CE,22950.0,NIFTY26SEP22950CE,265.9,265.9,265.9,265.9,0,19
2026-09-25 23:13:00,NIFTY,PE,22950.0,NIFTY26SEP22950PE,24.95,24.95,24.95,24.95,0,19
2026-09-25 23:13:00,NIFTY,CE,23000.0,NIFTY26SEP23000CE,224.35,224.35,224.35,224.35,0,19
2026-09-25 23:13:00,NIFTY,PE,23000.0,NIFTY26SEP23000PE,34.0,34.0,34.0,34.0,0,19
2026-09-25 23:13:00,NIFTY,CE,23050.0,NIFTY26SEP23050CE,184.55,184.55,184.55,184.55,0,19
2026-09-25 23:13:00,NIFTY,PE,23050.0,NIFTY26SEP23050PE,44.4,44.4,44.4,44.4,0,19
2026-09-25 23:13:00,NIFTY,CE,23100.0,NIFTY26SEP23100CE,150.15,150.15,150.15,150.15,0,19
2026-09-25 23:13:00,NIFTY,PE,23100.0,NIFTY26SEP23100PE,58.3,58.3,58.3,58.3,0,19
2026-09-25 23:13:00,NIFTY,CE,23150.0,NIFTY26SEP23150CE,119.25,119.25,119.25,119.25,0,19
2026-09-25 23:13:00,NIFTY,PE,23150.0,NIFTY26SEP23150PE,76.75,76.75,76.75,76.75,0,19
2026-09-25 23:13:00,NIFTY,CE,23200.0,NIFTY26SEP23200CE,92.0,92.0,92.0,92.0,0,19
2026-09-25 23:13:00,NIFTY,PE,23200.0,NIFTY26SEP23200PE,99.1,99.1,99.1,99.1,0,19
2026-09-25 23:13:00,NIFTY,CE,23250.0,NIFTY26SEP23250CE,68.85,68.85,68.85,68.85,0,19
2026-09-25 23:13:00,NIFTY,PE,23250.0,NIFTY26SEP23250PE,128.1,128.1,128.1,128.1,0,19
2026-09-25 23:13:00,NIFTY,CE,23300.0,NIFTY26SEP23300CE,50.9,50.9,50.9,50.9,0,19
2026-09-25 23:13:00,NIFTY,PE,23300.0,NIFTY26SEP23300PE,157.75,157.75,157.75,157.75,0,19
2026-09-25 23:13:00,NIFTY,CE,23350.0,NIFTY26SEP23350CE,37.05,37.05,37.05,37.05,0,19
2026-09-25 23:13:00,NIFTY,PE,23350.0,NIFTY26SEP23350PE,194.35,194.35,194.35,194.35,0,19
2026-09-25 23:13:00,NIFTY,CE,23400.0,NIFTY26SEP23400CE,26.6,26.6,26.6,26.6,0,19
2026-09-25 23:13:00,NIFTY,PE,23400.0,NIFTY26SEP23400PE,233.0,233.0,233.0,233.0,0,19
2026-09-25 23:13:00,NIFTY,CE,23450.0,NIFTY26SEP23450CE,18.8,18.8,18.8,18.8,0,19
2026-09-25 23:13:00,NIFTY,PE,23450.0,NIFTY26SEP23450PE,274.55,274.55,274.55,274.55,0,19
2026-09-25 23:14:00,NIFTY,FUT,0.0,NIFTY26SEPFUT,23190.0,23190.0,23190.0,23190.0,0,19
2026-09-25 23:14:00,NIFTY,SPOT,0.0,Nifty 50,23140.5,23140.5,23140.5,23140.5,0,19
2026-09-25 23:14:00,NIFTY,CE,22850.0,NIFTY26SEP22850CE,358.05,358.05,358.05,358.05,0,19
2026-09-25 23:14:00,NIFTY,PE,22850.0,NIFTY26SEP22850PE,14.15,14.15,14.15,14.15,0,19
2026-09-25 23:14:00,NIFTY,CE,22900.0,NIFTY26SEP22900CE,310.8,310.8,310.8,310.8,0,19
2026-09-25 23:14:00,NIFTY,PE,22900.0,NIFTY26SEP22900PE,19.1,19.1,19.1,19.1,0,19
2026-09-25 23:14:00,NIFTY,CE,22950.0,NIFTY26SEP22950CE,265.9,265.9,265.9,265.9,0,19
2026-09-25 23:14:00,NIFTY,PE,22950.0,NIFTY26SEP22950PE,24.95,24.95,24.95,24.95,0,19
2026-09-25 23:14:00,NIFTY,CE,23000.0,NIFTY26SEP23000CE,224.35,224.35,224.35,224.35,0,19
2026-09-25 23:14:00,NIFTY,PE,23000.0,NIFTY26SEP23000PE,34.0,34.0,34.0,34.0,0,19
2026-09-25 23:14:00,NIFTY,CE,23050.0,NIFTY26SEP23050CE,184.55,184.55,184.55,184.55,0,19
2026-09-25 23:14:00,NIFTY,PE,23050.0,NIFTY26SEP23050PE,44.4,44.4,44.4,44.4,0,19
2026-09-25 23:14:00,NIFTY,CE,23100.0,NIFTY26SEP23100CE,150.15,150.15,150.15,150.15,0,19
2026-09-25 23:14:00,NIFTY,PE,23100.0,NIFTY26SEP23100PE,58.3,58.3,58.3,58.3,0,19
2026-09-25 23:14:00,NIFTY,CE,23150.0,NIFTY26SEP23150CE,119.25,119.25,119.25,119.25,0,19
2026-09-25 23:14:00,NIFTY,PE,23150.0,NIFTY26SEP23150PE,76.75,76.75,76.75,76.75,0,19
2026-09-25 23:14:00,NIFTY,CE,23200.0,NIFTY26SEP23200CE,92.0,92.0,92.0,92.0,0,19
2026-09-25 23:14:00,NIFTY,PE,23200.0,NIFTY26SEP23200PE,99.1,99.1,99.1,99.1,0,19
2026-09-25 23:14:00,NIFTY,CE,23250.0,NIFTY26SEP23250CE,68.85,68.85,68.85,68.85,0,19
2026-09-25 23:14:00,NIFTY,PE,23250.0,NIFTY26SEP23250PE,128.1,128.1,128.1,128.1,0,19
2026-09-25 23:14:00,NIFTY,CE,23300.0,NIFTY26SEP23300CE,50.9,50.9,50.9,50.9,0,19
2026-09-25 23:14:00,NIFTY,PE,23300.0,NIFTY26SEP23300PE,157.75,157.75,157.75,157.75,0,19
2026-09-25 23:14:00,NIFTY,CE,23350.0,NIFTY26SEP23350CE,37.05,37.05,37.05,37.05,0,19
2026-09-25 23:14:00,NIFTY,PE,23350.0,NIFTY26SEP23350PE,194.35,194.35,194.35,194.35,0,19
2026-09-25 23:14:00,NIFTY,CE,23400.0,NIFTY26SEP23400CE,26.6,26.6,26.6,26.6,0,19
2026-09-25 23:14:00,NIFTY,PE,23400.0,NIFTY26SEP23400PE,233.0,233.0,233.0,233.0,0,19
2026-09-25 23:14:00,NIFTY,CE,23450.0,NIFTY26SEP23450CE,18.8,18.8,18.8,18.8,0,19
2026-09-25 23:14:00,NIFTY,PE,23450.0,NIFTY26SEP23450PE,274.55,274.55,274.55,274.55,0,19
2026-09-25 23:15:00,NIFTY,FUT,0.0,NIFTY26SEPFUT,23190.0,23190.0,23190.0,23190.0,0,19
2026-09-25 23:15:00,NIFTY,SPOT,0.0,Nifty 50,23140.5,23140.5,23140.5,23140.5,0,19
2026-09-25 23:15:00,NIFTY,CE,22850.0,NIFTY26SEP22850CE,358.05,358.05,358.05,358.05,0,19
2026-09-25 23:15:00,NIFTY,PE,22850.0,NIFTY26SEP22850PE,14.15,14.15,14.15,14.15,0,19
2026-09-25 23:15:00,NIFTY,CE,22900.0,NIFTY26SEP22900CE,310.8,310.8,310.8,310.8,0,19
2026-09-25 23:15:00,NIFTY,PE,22900.0,NIFTY26SEP22900PE,19.1,19.1,19.1,19.1,0,19
2026-09-25 23:15:00,NIFTY,CE,22950.0,NIFTY26SEP22950CE,265.9,265.9,265.9,265.9,0,19
2026-09-25 23:15:00,NIFTY,PE,22950.0,NIFTY26SEP22950PE,24.95,24.95,24.95,24.95,0,19
2026-09-25 23:15:00,NIFTY,CE,23000.0,NIFTY26SEP23000CE,224.35,224.35,224.35,224.35,0,19
2026-09-25 23:15:00,NIFTY,PE,23000.0,NIFTY26SEP23000PE,34.0,34.0,34.0,34.0,0,19
2026-09-25 23:15:00,NIFTY,CE,23050.0,NIFTY26SEP23050CE,184.55,184.55,184.55,184.55,0,19
2026-09-25 23:15:00,NIFTY,PE,23050.0,NIFTY26SEP23050PE,44.4,44.4,44.4,44.4,0,19
2026-09-25 23:15:00,NIFTY,CE,23100.0,NIFTY26SEP23100CE,150.15,150.15,150.15,150.15,0,19
2026-09-25 23:15:00,NIFTY,PE,23100.0,NIFTY26SEP23100PE,58.3,58.3,58.3,58.3,0,19
2026-09-25 23:15:00,NIFTY,CE,23150.0,NIFTY26SEP23150CE,119.25,119.25,119.25,119.25,0,19
2026-09-25 23:15:00,NIFTY,PE,23150.0,NIFTY26SEP23150PE,76.75,76.75,76.75,76.75,0,19
2026-09-25 23:15:00,NIFTY,CE,23200.0,NIFTY26SEP23200CE,92.0,92.0,92.0,92.0,0,19
2026-09-25 23:15:00,NIFTY,PE,23200.0,NIFTY26SEP23200PE,99.1,99.1,99.1,99.1,0,19
2026-09-25 23:15:00,NIFTY,CE,23250.0,NIFTY26SEP23250CE,68.85,68.85,68.85,68.85,0,19
2026-09-25 23:15:00,NIFTY,PE,23250.0,NIFTY26SEP23250PE,128.1,128.1,128.1,128.1,0,19
2026-09-25 23:15:00,NIFTY,CE,23300.0,NIFTY26SEP23300CE,50.9,50.9,50.9,50.9,0,19
2026-09-25 23:15:00,NIFTY,PE,23300.0,NIFTY26SEP23300PE,157.75,157.75,157.75,157.75,0,19
2026-09-25 23:15:00,NIFTY,CE,23350.0,NIFTY26SEP23350CE,37.05,37.05,37.05,37.05,0,19
2026-09-25 23:15:00,NIFTY,PE,23350.0,NIFTY26SEP23350PE,194.35,194.35,194.35,194.35,0,19
2026-09-25 23:15:00,NIFTY,CE,23400.0,NIFTY26SEP23400CE,26.6,26.6,26.6,26.6,0,19
2026-09-25 23:15:00,NIFTY,PE,23400.0,NIFTY26SEP23400PE,233.0,233.0,233.0,233.0,0,19
2026-09-25 23:15:00,NIFTY,CE,23450.0,NIFTY26SEP23450CE,18.8,18.8,18.8,18.8,0,19
2026-09-25 23:15:00,NIFTY,PE,23450.0,NIFTY26SEP23450PE,274.55,274.55,274.55,274.55,0,19
2026-09-25 23:16:00,NIFTY,FUT,0.0,NIFTY26SEPFUT,23190.0,23190.0,23190.0,23190.0,0,19
2026-09-25 23:16:00,NIFTY,SPOT,0.0,Nifty 50,23140.5,23140.5,23140.5,23140.5,0,19
2026-09-25 23:16:00,NIFTY,CE,22850.0,NIFTY26SEP22850CE,358.05,358.05,358.05,358.05,0,19
2026-09-25 23:16:00,NIFTY,PE,22850.0,NIFTY26SEP22850PE,14.15,14.15,14.15,14.15,0,19
2026-09-25 23:16:00,NIFTY,CE,22900.0,NIFTY26SEP22900CE,310.8,310.8,310.8,310.8,0,19
2026-09-25 23:16:00,NIFTY,PE,22900.0,NIFTY26SEP22900PE,19.1,19.1,19.1,19.1,0,19
2026-09-25 23:16:00,NIFTY,CE,22950.0,NIFTY26SEP22950CE,265.9,265.9,265.9,265.9,0,19
2026-09-25 23:16:00,NIFTY,PE,22950.0,NIFTY26SEP22950PE,24.95,24.95,24.95,24.95,0,19
2026-09-25 23:16:00,NIFTY,CE,23000.0,NIFTY26SEP23000CE,224.35,224.35,224.35,224.35,0,19
2026-09-25 23:16:00,NIFTY,PE,23000.0,NIFTY26SEP23000PE,34.0,34.0,34.0,34.0,0,19
2026-09-25 23:16:00,NIFTY,CE,23050.0,NIFTY26SEP23050CE,184.55,184.55,184.55,184.55,0,19
2026-09-25 23:16:00,NIFTY,PE,23050.0,NIFTY26SEP23050PE,44.4,44.4,44.4,44.4,0,19
2026-09-25 23:16:00,NIFTY,CE,23100.0,NIFTY26SEP23100CE,150.15,150.15,150.15,150.15,0,19
2026-09-25 23:16:00,NIFTY,PE,23100.0,NIFTY26SEP23100PE,58.3,58.3,58.3,58.3,0,19
2026-09-25 23:16:00,NIFTY,CE,23150.0,NIFTY26SEP23150CE,119.25,119.25,119.25,119.25,0,19
2026-09-25 23:16:00,NIFTY,PE,23150.0,NIFTY26SEP23150PE,76.75,76.75,76.75,76.75,0,19
2026-09-25 23:16:00,NIFTY,CE,23200.0,NIFTY26SEP23200CE,92.0,92.0,92.0,92.0,0,19
2026-09-25 23:16:00,NIFTY,PE,23200.0,NIFTY26SEP23200PE,99.1,99.1,99.1,99.1,0,19
2026-09-25 23:16:00,NIFTY,CE,23250.0,NIFTY26SEP23250CE,68.85,68.85,68.85,68.85,0,19
2026-09-25 23:16:00,NIFTY,PE,23250.0,NIFTY26SEP23250PE,128.1,128.1,128.1,128.1,0,19
2026-09-25 23:16:00,NIFTY,CE,23300.0,NIFTY26SEP23300CE,50.9,50.9,50.9,50.9,0,19
2026-09-25 23:16:00,NIFTY,PE,23300.0,NIFTY26SEP23300PE,157.75,157.75,157.75,157.75,0,19
2026-09-25 23:16:00,NIFTY,CE,23350.0,NIFTY26SEP23350CE,37.05,37.05,37.05,37.05,0,19
2026-09-25 23:16:00,NIFTY,PE,23350.0,NIFTY26SEP23350PE,194.35,194.35,194.35,194.35,0,19
2026-09-25 23:16:00,NIFTY,CE,23400.0,NIFTY26SEP23400CE,26.6,26.6,26.6,26.6,0,19
2026-09-25 23:16:00,NIFTY,PE,23400.0,NIFTY26SEP23400PE,233.0,233.0,233.0,233.0,0,19
2026-09-25 23:16:00,NIFTY,CE,23450.0,NIFTY26SEP23450CE,18.8,18.8,18.8,18.8,0,19
2026-09-25 23:16:00,NIFTY,PE,23450.0,NIFTY26SEP23450PE,274.55,274.55,274.55,274.55,0,19
2026-09-25 23:17:00,NIFTY,FUT,0.0,NIFTY26SEPFUT,23190.0,23190.0,23190.0,23190.0,0,19
2026-09-25 23:17:00,NIFTY,SPOT,0.0,Nifty 50,23140.5,23140.5,23140.5,23140.5,0,19
2026-09-25 23:17:00,NIFTY,CE,22850.0,NIFTY26SEP22850CE,358.05,358.05,358.05,358.05,0,19
2026-09-25 23:17:00,NIFTY,PE,22850.0,NIFTY26SEP22850PE,14.15,14.15,14.15,14.15,0,19
2026-09-25 23:17:00,NIFTY,CE,22900.0,NIFTY26SEP22900CE,310.8,310.8,310.8,310.8,0,19
2026-09-25 23:17:00,NIFTY,PE,22900.0,NIFTY26SEP22900PE,19.1,19.1,19.1,19.1,0,19
2026-09-25 23:17:00,NIFTY,CE,22950.0,NIFTY26SEP22950CE,265.9,265.9,265.9,265.9,0,19
2026-09-25 23:17:00,NIFTY,PE,22950.0,NIFTY26SEP22950PE,24.95,24.95,24.95,24.95,0,19
2026-09-25 23:17:00,NIFTY,CE,23000.0,NIFTY26SEP23000CE,224.35,224.35,224.35,224.35,0,19
2026-09-25 23:17:00,NIFTY,PE,23000.0,NIFTY26SEP23000PE,34.0,34.0,34.0,34.0,0,19
2026-09-25 23:17:00,NIFTY,CE,23050.0,NIFTY26SEP23050CE,184.55,184.55,184.55,184.55,0,19
2026-09-25 23:17:00,NIFTY,PE,23050.0,NIFTY26SEP23050PE,44.4,44.4,44.4,44.4,0,19
2026-09-25 23:17:00,NIFTY,CE,23100.0,NIFTY26SEP23100CE,150.15,150.15,150.15,150.15,0,19
2026-09-25 23:17:00,NIFTY,PE,23100.0,NIFTY26SEP23100PE,58.3,58.3,58.3,58.3,0,19
2026-09-25 23:17:00,NIFTY,CE,23150.0,NIFTY26SEP23150CE,119.25,119.25,119.25,119.25,0,19
2026-09-25 23:17:00,NIFTY,PE,23150.0,NIFTY26SEP23150PE,76.75,76.75,76.75,76.75,0,19
2026-09-25 23:17:00,NIFTY,CE,23200.0,NIFTY26SEP23200CE,92.0,92.0,92.0,92.0,0,19
2026-09-25 23:17:00,NIFTY,PE,23200.0,NIFTY26SEP23200PE,99.1,99.1,99.1,99.1,0,19
2026-09-25 23:17:00,NIFTY,CE,23250.0,NIFTY26SEP23250CE,68.85,68.85,68.85,68.85,0,19
2026-09-25 23:17:00,NIFTY,PE,23250.0,NIFTY26SEP23250PE,128.1,128.1,128.1,128.1,0,19
2026-09-25 23:17:00,NIFTY,CE,23300.0,NIFTY26SEP23300CE,50.9,50.9,50.9,50.9,0,19
2026-09-25 23:17:00,NIFTY,PE,23300.0,NIFTY26SEP23300PE,157.75,157.75,157.75,157.75,0,19
2026-09-25 23:17:00,NIFTY,CE,23350.0,NIFTY26SEP23350CE,37.05,37.05,37.05,37.05,0,19
2026-09-25 23:17:00,NIFTY,PE,23350.0,NIFTY26SEP23350PE,194.35,194.35,194.35,194.35,0,19
2026-09-25 23:17:00,NIFTY,CE,23400.0,NIFTY26SEP23400CE,26.6,26.6,26.6,26.6,0,19
2026-09-25 23:17:00,NIFTY,PE,23400.0,NIFTY26SEP23400PE,233.0,233.0,233.0,233.0,0,19
2026-09-25 23:17:00,NIFTY,CE,23450.0,NIFTY26SEP23450CE,18.8,18.8,18.8,18.8,0,19
2026-09-25 23:17:00,NIFTY,PE,23450.0,NIFTY26SEP23450PE,274.55,274.55,274.55,274.55,0,19
2026-09-25 23:18:00,NIFTY,FUT,0.0,NIFTY26SEPFUT,23190.0,23190.0,23190.0,23190.0,0,19
2026-09-25 23:18:00,NIFTY,SPOT,0.0,Nifty 50,23140.5,23140.5,23140.5,23140.5,0,19
2026-09-25 23:18:00,NIFTY,CE,22850.0,NIFTY26SEP22850CE,358.05,358.05,358.05,358.05,0,19
2026-09-25 23:18:00,NIFTY,PE,22850.0,NIFTY26SEP22850PE,14.15,14.15,14.15,14.15,0,19
2026-09-25 23:18:00,NIFTY,CE,22900.0,NIFTY26SEP22900CE,310.8,310.8,310.8,310.8,0,19
2026-09-25 23:18:00,NIFTY,PE,22900.0,NIFTY26SEP22900PE,19.1,19.1,19.1,19.1,0,19
2026-09-25 23:18:00,NIFTY,CE,22950.0,NIFTY26SEP22950CE,265.9,265.9,265.9,265.9,0,19
2026-09-25 23:18:00,NIFTY,PE,22950.0,NIFTY26SEP22950PE,24.95,24.95,24.95,24.95,0,19
2026-09-25 23:18:00,NIFTY,CE,23000.0,NIFTY26SEP23000CE,224.35,224.35,224.35,224.35,0,19
2026-09-25 23:18:00,NIFTY,PE,23000.0,NIFTY26SEP23000PE,34.0,34.0,34.0,34.0,0,19
2026-09-25 23:18:00,NIFTY,CE,23050.0,NIFTY26SEP23050CE,184.55,184.55,184.55,184.55,0,19
2026-09-25 23:18:00,NIFTY,PE,23050.0,NIFTY26SEP23050PE,44.4,44.4,44.4,44.4,0,19
2026-09-25 23:18:00,NIFTY,CE,23100.0,NIFTY26SEP23100CE,150.15,150.15,150.15,150.15,0,19
2026-09-25 23:18:00,NIFTY,PE,23100.0,NIFTY26SEP23100PE,58.3,58.3,58.3,58.3,0,19
2026-09-25 23:18:00,NIFTY,CE,23150.0,NIFTY26SEP23150CE,119.25,119.25,119.25,119.25,0,19
2026-09-25 23:18:00,NIFTY,PE,23150.0,NIFTY26SEP23150PE,76.75,76.75,76.75,76.75,0,19
2026-09-25 23:18:00,NIFTY,CE,23200.0,NIFTY26SEP23200CE,92.0,92.0,92.0,92.0,0,19
2026-09-25 23:18:00,NIFTY,PE,23200.0,NIFTY26SEP23200PE,99.1,99.1,99.1,99.1,0,19
2026-09-25 23:18:00,NIFTY,CE,23250.0,NIFTY26SEP23250CE,68.85,68.85,68.85,68.85,0,19
2026-09-25 23:18:00,NIFTY,PE,23250.0,NIFTY26SEP23250PE,128.1,128.1,128.1,128.1,0,19
2026-09-25 23:18:00,NIFTY,CE,23300.0,NIFTY26SEP23300CE,50.9,50.9,50.9,50.9,0,19
2026-09-25 23:18:00,NIFTY,PE,23300.0,NIFTY26SEP23300PE,157.75,157.75,157.75,157.75,0,19
2026-09-25 23:18:00,NIFTY,CE,23350.0,NIFTY26SEP23350CE,37.05,37.05,37.05,37.05,0,19
2026-09-25 23:18:00,NIFTY,PE,23350.0,NIFTY26SEP23350PE,194.35,194.35,194.35,194.35,0,19
2026-09-25 23:18:00,NIFTY,CE,23400.0,NIFTY26SEP23400CE,26.6,26.6,26.6,26.6,0,19
2026-09-25 23:18:00,NIFTY,PE,23400.0,NIFTY26SEP23400PE,233.0,233.0,233.0,233.0,0,19
2026-09-25 23:18:00,NIFTY,CE,23450.0,NIFTY26SEP23450CE,18.8,18.8,18.8,18.8,0,19
2026-09-25 23:18:00,NIFTY,PE,23450.0,NIFTY26SEP23450PE,274.55,274.55,274.55,274.55,0,19
2026-09-25 23:19:00,NIFTY,FUT,0.0,NIFTY26SEPFUT,23190.0,23190.0,23190.0,23190.0,0,14
2026-09-25 23:19:00,NIFTY,SPOT,0.0,Nifty 50,23140.5,23140.5,23140.5,23140.5,0,14
2026-09-25 23:19:00,NIFTY,CE,22850.0,NIFTY26SEP22850CE,358.05,358.05,358.05,358.05,0,14
2026-09-25 23:19:00,NIFTY,PE,22850.0,NIFTY26SEP22850PE,14.15,14.15,14.15,14.15,0,14
2026-09-25 23:19:00,NIFTY,CE,22900.0,NIFTY26SEP22900CE,310.8,310.8,310.8,310.8,0,14
2026-09-25 23:19:00,NIFTY,PE,22900.0,NIFTY26SEP22900PE,19.1,19.1,19.1,19.1,0,14
2026-09-25 23:19:00,NIFTY,CE,22950.0,NIFTY26SEP22950CE,265.9,265.9,265.9,265.9,0,14
2026-09-25 23:19:00,NIFTY,PE,22950.0,NIFTY26SEP22950PE,24.95,24.95,24.95,24.95,0,14
2026-09-25 23:19:00,NIFTY,CE,23000.0,NIFTY26SEP23000CE,224.35,224.35,224.35,224.35,0,14
2026-09-25 23:19:00,NIFTY,PE,23000.0,NIFTY26SEP23000PE,34.0,34.0,34.0,34.0,0,14
2026-09-25 23:19:00,NIFTY,CE,23050.0,NIFTY26SEP23050CE,184.55,184.55,184.55,184.55,0,14
2026-09-25 23:19:00,NIFTY,PE,23050.0,NIFTY26SEP23050PE,44.4,44.4,44.4,44.4,0,14
2026-09-25 23:19:00,NIFTY,CE,23100.0,NIFTY26SEP23100CE,150.15,150.15,150.15,150.15,0,14
2026-09-25 23:19:00,NIFTY,PE,23100.0,NIFTY26SEP23100PE,58.3,58.3,58.3,58.3,0,14
2026-09-25 23:19:00,NIFTY,CE,23150.0,NIFTY26SEP23150CE,119.25,119.25,119.25,119.25,0,14
2026-09-25 23:19:00,NIFTY,PE,23150.0,NIFTY26SEP23150PE,76.75,76.75,76.75,76.75,0,14
2026-09-25 23:19:00,NIFTY,CE,23200.0,NIFTY26SEP23200CE,92.0,92.0,92.0,92.0,0,14
2026-09-25 23:19:00,NIFTY,PE,23200.0,NIFTY26SEP23200PE,99.1,99.1,99.1,99.1,0,14
2026-09-25 23:19:00,NIFTY,CE,23250.0,NIFTY26SEP23250CE,68.85,68.85,68.85,68.85,0,14
2026-09-25 23:19:00,NIFTY,PE,23250.0,NIFTY26SEP23250PE,128.1,128.1,128.1,128.1,0,14
2026-09-25 23:19:00,NIFTY,CE,23300.0,NIFTY26SEP23300CE,50.9,50.9,50.9,50.9,0,14
2026-09-25 23:19:00,NIFTY,PE,23300.0,NIFTY26SEP23300PE,157.75,157.75,157.75,157.75,0,14
2026-09-25 23:19:00,NIFTY,CE,23350.0,NIFTY26SEP23350CE,37.05,37.05,37.05,37.05,0,14
2026-09-25 23:19:00,NIFTY,PE,23350.0,NIFTY26SEP23350PE,194.35,194.35,194.35,194.35,0,14
2026-09-25 23:19:00,NIFTY,CE,23400.0,NIFTY26SEP23400CE,26.6,26.6,26.6,26.6,0,14
2026-09-25 23:19:00,NIFTY,PE,23400.0,NIFTY26SEP23400PE,233.0,233.0,233.0,233.0,0,14
2026-09-25 23:19:00,NIFTY,CE,23450.0,NIFTY26SEP23450CE,18.8,18.8,18.8,18.8,0,14
2026-09-25 23:19:00,NIFTY,PE,23450.0,NIFTY26SEP23450PE,274.55,274.55,274.55,274.55,0,14
2026-09-25 23:20:00,NIFTY,FUT,0.0,NIFTY26SEPFUT,23190.0,23190.0,23190.0,23190.0,0,5
2026-09-25 23:20:00,NIFTY,SPOT,0.0,Nifty 50,23140.5,23140.5,23140.5,23140.5,0,5
2026-09-25 23:20:00,NIFTY,CE,22850.0,NIFTY26SEP22850CE,358.05,358.05,358.05,358.05,0,5
2026-09-25 23:20:00,NIFTY,PE,22850.0,NIFTY26SEP22850PE,14.15,14.15,14.15,14.15,0,5
2026-09-25 23:20:00,NIFTY,CE,22900.0,NIFTY26SEP22900CE,310.8,310.8,310.8,310.8,0,5
2026-09-25 23:20:00,NIFTY,PE,22900.0,NIFTY26SEP22900PE,19.1,19.1,19.1,19.1,0,5
2026-09-25 23:20:00,NIFTY,CE,22950.0,NIFTY26SEP22950CE,265.9,265.9,265.9,265.9,0,5
2026-09-25 23:20:00,NIFTY,PE,22950.0,NIFTY26SEP22950PE,24.95,24.95,24.95,24.95,0,5
2026-09-25 23:20:00,NIFTY,CE,23000.0,NIFTY26SEP23000CE,224.35,224.35,224.35,224.35,0,5
2026-09-25 23:20:00,NIFTY,PE,23000.0,NIFTY26SEP23000PE,34.0,34.0,34.0,34.0,0,5
2026-09-25 23:20:00,NIFTY,CE,23050.0,NIFTY26SEP23050CE,184.55,184.55,184.55,184.55,0,5
2026-09-25 23:20:00,NIFTY,PE,23050.0,NIFTY26SEP23050PE,44.4,44.4,44.4,44.4,0,5
2026-09-25 23:20:00,NIFTY,CE,23100.0,NIFTY26SEP23100CE,150.15,150.15,150.15,150.15,0,5
2026-09-25 23:20:00,NIFTY,PE,23100.0,NIFTY26SEP23100PE,58.3,58.3,58.3,58.3,0,5
2026-09-25 23:20:00,NIFTY,CE,23150.0,NIFTY26SEP23150CE,119.25,119.25,119.25,119.25,0,5
2026-09-25 23:20:00,NIFTY,PE,23150.0,NIFTY26SEP23150PE,76.75,76.75,76.75,76.75,0,5
2026-09-25 23:20:00,NIFTY,CE,23200.0,NIFTY26SEP23200CE,92.0,92.0,92.0,92.0,0,5
2026-09-25 23:20:00,NIFTY,PE,23200.0,NIFTY26SEP23200PE,99.1,99.1,99.1,99.1,0,5
2026-09-25 23:20:00,NIFTY,CE,23250.0,NIFTY26SEP23250CE,68.85,68.85,68.85,68.85,0,5
2026-09-25 23:20:00,NIFTY,PE,23250.0,NIFTY26SEP23250PE,128.1,128.1,128.1,128.1,0,5
2026-09-25 23:20:00,NIFTY,CE,23300.0,NIFTY26SEP23300CE,50.9,50.9,50.9,50.9,0,5
2026-09-25 23:20:00,NIFTY,PE,23300.0,NIFTY26SEP23300PE,157.75,157.75,157.75,157.75,0,5
2026-09-25 23:20:00,NIFTY,CE,23350.0,NIFTY26SEP23350CE,37.05,37.05,37.05,37.05,0,5
2026-09-25 23:20:00,NIFTY,PE,23350.0,NIFTY26SEP23350PE,194.35,194.35,194.35,194.35,0,5
2026-09-25 23:20:00,NIFTY,CE,23400.0,NIFTY26SEP23400CE,26.6,26.6,26.6,26.6,0,5
2026-09-25 23:20:00,NIFTY,PE,23400.0,NIFTY26SEP23400PE,233.0,233.0,233.0,233.0,0,5
2026-09-25 23:20:00,NIFTY,CE,23450.0,NIFTY26SEP23450CE,18.8,18.8,18.8,18.8,0,5
2026-09-25 23:20:00,NIFTY,PE,23450.0,NIFTY26SEP23450PE,274.55,274.55,274.55,274.55,0,5
2026-09-25 23:21:00,NIFTY,FUT,0.0,NIFTY26SEPFUT,23190.0,23190.0,23190.0,23190.0,0,19
2026-09-25 23:21:00,NIFTY,SPOT,0.0,Nifty 50,23140.5,23140.5,23140.5,23140.5,0,19
2026-09-25 23:21:00,NIFTY,CE,22850.0,NIFTY26SEP22850CE,358.05,358.05,358.05,358.05,0,19
2026-09-25 23:21:00,NIFTY,PE,22850.0,NIFTY26SEP22850PE,14.15,14.15,14.15,14.15,0,19
2026-09-25 23:21:00,NIFTY,CE,22900.0,NIFTY26SEP22900CE,310.8,310.8,310.8,310.8,0,19
2026-09-25 23:21:00,NIFTY,PE,22900.0,NIFTY26SEP22900PE,19.1,19.1,19.1,19.1,0,19
2026-09-25 23:21:00,NIFTY,CE,22950.0,NIFTY26SEP22950CE,265.9,265.9,265.9,265.9,0,19
2026-09-25 23:21:00,NIFTY,PE,22950.0,NIFTY26SEP22950PE,24.95,24.95,24.95,24.95,0,19
2026-09-25 23:21:00,NIFTY,CE,23000.0,NIFTY26SEP23000CE,224.35,224.35,224.35,224.35,0,19
2026-09-25 23:21:00,NIFTY,PE,23000.0,NIFTY26SEP23000PE,34.0,34.0,34.0,34.0,0,19
2026-09-25 23:21:00,NIFTY,CE,23050.0,NIFTY26SEP23050CE,184.55,184.55,184.55,184.55,0,19
2026-09-25 23:21:00,NIFTY,PE,23050.0,NIFTY26SEP23050PE,44.4,44.4,44.4,44.4,0,19
2026-09-25 23:21:00,NIFTY,CE,23100.0,NIFTY26SEP23100CE,150.15,150.15,150.15,150.15,0,19
2026-09-25 23:21:00,NIFTY,PE,23100.0,NIFTY26SEP23100PE,58.3,58.3,58.3,58.3,0,19
2026-09-25 23:21:00,NIFTY,CE,23150.0,NIFTY26SEP23150CE,119.25,119.25,119.25,119.25,0,19
2026-09-25 23:21:00,NIFTY,PE,23150.0,NIFTY26SEP23150PE,76.75,76.75,76.75,76.75,0,19
2026-09-25 23:21:00,NIFTY,CE,23200.0,NIFTY26SEP23200CE,92.0,92.0,92.0,92.0,0,19
2026-09-25 23:21:00,NIFTY,PE,23200.0,NIFTY26SEP23200PE,99.1,99.1,99.1,99.1,0,19
2026-09-25 23:21:00,NIFTY,CE,23250.0,NIFTY26SEP23250CE,68.85,68.85,68.85,68.85,0,19
2026-09-25 23:21:00,NIFTY,PE,23250.0,NIFTY26SEP23250PE,128.1,128.1,128.1,128.1,0,19
2026-09-25 23:21:00,NIFTY,CE,23300.0,NIFTY26SEP23300CE,50.9,50.9,50.9,50.9,0,19
2026-09-25 23:21:00,NIFTY,PE,23300.0,NIFTY26SEP23300PE,157.75,157.75,157.75,157.75,0,19
2026-09-25 23:21:00,NIFTY,CE,23350.0,NIFTY26SEP23350CE,37.05,37.05,37.05,37.05,0,19
2026-09-25 23:21:00,NIFTY,PE,23350.0,NIFTY26SEP23350PE,194.35,194.35,194.35,194.35,0,19
2026-09-25 23:21:00,NIFTY,CE,23400.0,NIFTY26SEP23400CE,26.6,26.6,26.6,26.6,0,19
2026-09-25 23:21:00,NIFTY,PE,23400.0,NIFTY26SEP23400PE,233.0,233.0,233.0,233.0,0,19
2026-09-25 23:21:00,NIFTY,CE,23450.0,NIFTY26SEP23450CE,18.8,18.8,18.8,18.8,0,19
2026-09-25 23:21:00,NIFTY,PE,23450.0,NIFTY26SEP23450PE,274.55,274.55,274.55,274.55,0,19
2026-09-25 23:22:00,NIFTY,FUT,0.0,NIFTY26SEPFUT,23190.0,23190.0,23190.0,23190.0,0,18
2026-09-25 23:22:00,NIFTY,SPOT,0.0,Nifty 50,23140.5,23140.5,23140.5,23140.5,0,18
2026-09-25 23:22:00,NIFTY,CE,22850.0,NIFTY26SEP22850CE,358.05,358.05,358.05,358.05,0,18
2026-09-25 23:22:00,NIFTY,PE,22850.0,NIFTY26SEP22850PE,14.15,14.15,14.15,14.15,0,18
2026-09-25 23:22:00,NIFTY,CE,22900.0,NIFTY26SEP22900CE,310.8,310.8,310.8,310.8,0,18
2026-09-25 23:22:00,NIFTY,PE,22900.0,NIFTY26SEP22900PE,19.1,19.1,19.1,19.1,0,18
2026-09-25 23:22:00,NIFTY,CE,22950.0,NIFTY26SEP22950CE,265.9,265.9,265.9,265.9,0,18
2026-09-25 23:22:00,NIFTY,PE,22950.0,NIFTY26SEP22950PE,24.95,24.95,24.95,24.95,0,18
2026-09-25 23:22:00,NIFTY,CE,23000.0,NIFTY26SEP23000CE,224.35,224.35,224.35,224.35,0,18
2026-09-25 23:22:00,NIFTY,PE,23000.0,NIFTY26SEP23000PE,34.0,34.0,34.0,34.0,0,18
2026-09-25 23:22:00,NIFTY,CE,23050.0,NIFTY26SEP23050CE,184.55,184.55,184.55,184.55,0,18
2026-09-25 23:22:00,NIFTY,PE,23050.0,NIFTY26SEP23050PE,44.4,44.4,44.4,44.4,0,18
2026-09-25 23:22:00,NIFTY,CE,23100.0,NIFTY26SEP23100CE,150.15,150.15,150.15,150.15,0,18
2026-09-25 23:22:00,NIFTY,PE,23100.0,NIFTY26SEP23100PE,58.3,58.3,58.3,58.3,0,18
2026-09-25 23:22:00,NIFTY,CE,23150.0,NIFTY26SEP23150CE,119.25,119.25,119.25,119.25,0,18
2026-09-25 23:22:00,NIFTY,PE,23150.0,NIFTY26SEP23150PE,76.75,76.75,76.75,76.75,0,18
2026-09-25 23:22:00,NIFTY,CE,23200.0,NIFTY26SEP23200CE,92.0,92.0,92.0,92.0,0,18
2026-09-25 23:22:00,NIFTY,PE,23200.0,NIFTY26SEP23200PE,99.1,99.1,99.1,99.1,0,18
2026-09-25 23:22:00,NIFTY,CE,23250.0,NIFTY26SEP23250CE,68.85,68.85,68.85,68.85,0,18
2026-09-25 23:22:00,NIFTY,PE,23250.0,NIFTY26SEP23250PE,128.1,128.1,128.1,128.1,0,18
2026-09-25 23:22:00,NIFTY,CE,23300.0,NIFTY26SEP23300CE,50.9,50.9,50.9,50.9,0,18
2026-09-25 23:22:00,NIFTY,PE,23300.0,NIFTY26SEP23300PE,157.75,157.75,157.75,157.75,0,18
2026-09-25 23:22:00,NIFTY,CE,23350.0,NIFTY26SEP23350CE,37.05,37.05,37.05,37.05,0,18
2026-09-25 23:22:00,NIFTY,PE,23350.0,NIFTY26SEP23350PE,194.35,194.35,194.35,194.35,0,18
2026-09-25 23:22:00,NIFTY,CE,23400.0,NIFTY26SEP23400CE,26.6,26.6,26.6,26.6,0,18
2026-09-25 23:22:00,NIFTY,PE,23400.0,NIFTY26SEP23400PE,233.0,233.0,233.0,233.0,0,18
2026-09-25 23:22:00,NIFTY,CE,23450.0,NIFTY26SEP23450CE,18.8,18.8,18.8,18.8,0,18
2026-09-25 23:22:00,NIFTY,PE,23450.0,NIFTY26SEP23450PE,274.55,274.55,274.55,274.55,0,18
2026-09-25 23:23:00,NIFTY,FUT,0.0,NIFTY26SEPFUT,23190.0,23190.0,23190.0,23190.0,0,19
2026-09-25 23:23:00,NIFTY,SPOT,0.0,Nifty 50,23140.5,23140.5,23140.5,23140.5,0,19
2026-09-25 23:23:00,NIFTY,CE,22850.0,NIFTY26SEP22850CE,358.05,358.05,358.05,358.05,0,19
2026-09-25 23:23:00,NIFTY,PE,22850.0,NIFTY26SEP22850PE,14.15,14.15,14.15,14.15,0,19
2026-09-25 23:23:00,NIFTY,CE,22900.0,NIFTY26SEP22900CE,310.8,310.8,310.8,310.8,0,19
2026-09-25 23:23:00,NIFTY,PE,22900.0,NIFTY26SEP22900PE,19.1,19.1,19.1,19.1,0,19
2026-09-25 23:23:00,NIFTY,CE,22950.0,NIFTY26SEP22950CE,265.9,265.9,265.9,265.9,0,19
2026-09-25 23:23:00,NIFTY,PE,22950.0,NIFTY26SEP22950PE,24.95,24.95,24.95,24.95,0,19
2026-09-25 23:23:00,NIFTY,CE,23000.0,NIFTY26SEP23000CE,224.35,224.35,224.35,224.35,0,19
2026-09-25 23:23:00,NIFTY,PE,23000.0,NIFTY26SEP23000PE,34.0,34.0,34.0,34.0,0,19
2026-09-25 23:23:00,NIFTY,CE,23050.0,NIFTY26SEP23050CE,184.55,184.55,184.55,184.55,0,19
2026-09-25 23:23:00,NIFTY,PE,23050.0,NIFTY26SEP23050PE,44.4,44.4,44.4,44.4,0,19
2026-09-25 23:23:00,NIFTY,CE,23100.0,NIFTY26SEP23100CE,150.15,150.15,150.15,150.15,0,19
2026-09-25 23:23:00,NIFTY,PE,23100.0,NIFTY26SEP23100PE,58.3,58.3,58.3,58.3,0,19
2026-09-25 23:23:00,NIFTY,CE,23150.0,NIFTY26SEP23150CE,119.25,119.25,119.25,119.25,0,19
2026-09-25 23:23:00,NIFTY,PE,23150.0,NIFTY26SEP23150PE,76.75,76.75,76.75,76.75,0,19
2026-09-25 23:23:00,NIFTY,CE,23200.0,NIFTY26SEP23200CE,92.0,92.0,92.0,92.0,0,19
2026-09-25 23:23:00,NIFTY,PE,23200.0,NIFTY26SEP23200PE,99.1,99.1,99.1,99.1,0,19
2026-09-25 23:23:00,NIFTY,CE,23250.0,NIFTY26SEP23250CE,68.85,68.85,68.85,68.85,0,19
2026-09-25 23:23:00,NIFTY,PE,23250.0,NIFTY26SEP23250PE,128.1,128.1,128.1,128.1,0,19
2026-09-25 23:23:00,NIFTY,CE,23300.0,NIFTY26SEP23300CE,50.9,50.9,50.9,50.9,0,19
2026-09-25 23:23:00,NIFTY,PE,23300.0,NIFTY26SEP23300PE,157.75,157.75,157.75,157.75,0,19
2026-09-25 23:23:00,NIFTY,CE,23350.0,NIFTY26SEP23350CE,37.05,37.05,37.05,37.05,0,19
2026-09-25 23:23:00,NIFTY,PE,23350.0,NIFTY26SEP23350PE,194.35,194.35,194.35,194.35,0,19
2026-09-25 23:23:00,NIFTY,CE,23400.0,NIFTY26SEP23400CE,26.6,26.6,26.6,26.6,0,19
2026-09-25 23:23:00,NIFTY,PE,23400.0,NIFTY26SEP23400PE,233.0,233.0,233.0,233.0,0,19
2026-09-25 23:23:00,NIFTY,CE,23450.0,NIFTY26SEP23450CE,18.8,18.8,18.8,18.8,0,19
2026-09-25 23:23:00,NIFTY,PE,23450.0,NIFTY26SEP23450PE,274.55,274.55,274.55,274.55,0,19
2026-09-25 23:24:00,NIFTY,FUT,0.0,NIFTY26SEPFUT,23190.0,23190.0,23190.0,23190.0,0,19
2026-09-25 23:24:00,NIFTY,SPOT,0.0,Nifty 50,23140.5,23140.5,23140.5,23140.5,0,19
2026-09-25 23:24:00,NIFTY,CE,22850.0,NIFTY26SEP22850CE,358.05,358.05,358.05,358.05,0,19
2026-09-25 23:24:00,NIFTY,PE,22850.0,NIFTY26SEP22850PE,14.15,14.15,14.15,14.15,0,19
2026-09-25 23:24:00,NIFTY,CE,22900.0,NIFTY26SEP22900CE,310.8,310.8,310.8,310.8,0,19
2026-09-25 23:24:00,NIFTY,PE,22900.0,NIFTY26SEP22900PE,19.1,19.1,19.1,19.1,0,19
2026-09-25 23:24:00,NIFTY,CE,22950.0,NIFTY26SEP22950CE,265.9,265.9,265.9,265.9,0,19
2026-09-25 23:24:00,NIFTY,PE,22950.0,NIFTY26SEP22950PE,24.95,24.95,24.95,24.95,0,19
2026-09-25 23:24:00,NIFTY,CE,23000.0,NIFTY26SEP23000CE,224.35,224.35,224.35,224.35,0,19
2026-09-25 23:24:00,NIFTY,PE,23000.0,NIFTY26SEP23000PE,34.0,34.0,34.0,34.0,0,19
2026-09-25 23:24:00,NIFTY,CE,23050.0,NIFTY26SEP23050CE,184.55,184.55,184.55,184.55,0,19
2026-09-25 23:24:00,NIFTY,PE,23050.0,NIFTY26SEP23050PE,44.4,44.4,44.4,44.4,0,19
2026-09-25 23:24:00,NIFTY,CE,23100.0,NIFTY26SEP23100CE,150.15,150.15,150.15,150.15,0,19
2026-09-25 23:24:00,NIFTY,PE,23100.0,NIFTY26SEP23100PE,58.3,58.3,58.3,58.3,0,19
2026-09-25 23:24:00,NIFTY,CE,23150.0,NIFTY26SEP23150CE,119.25,119.25,119.25,119.25,0,19
2026-09-25 23:24:00,NIFTY,PE,23150.0,NIFTY26SEP23150PE,76.75,76.75,76.75,76.75,0,19
2026-09-25 23:24:00,NIFTY,CE,23200.0,NIFTY26SEP23200CE,92.0,92.0,92.0,92.0,0,19
2026-09-25 23:24:00,NIFTY,PE,23200.0,NIFTY26SEP23200PE,99.1,99.1,99.1,99.1,0,19
2026-09-25 23:24:00,NIFTY,CE,23250.0,NIFTY26SEP23250CE,68.85,68.85,68.85,68.85,0,19
2026-09-25 23:24:00,NIFTY,PE,23250.0,NIFTY26SEP23250PE,128.1,128.1,128.1,128.1,0,19
2026-09-25 23:24:00,NIFTY,CE,23300.0,NIFTY26SEP23300CE,50.9,50.9,50.9,50.9,0,19
2026-09-25 23:24:00,NIFTY,PE,23300.0,NIFTY26SEP23300PE,157.75,157.75,157.75,157.75,0,19
2026-09-25 23:24:00,NIFTY,CE,23350.0,NIFTY26SEP23350CE,37.05,37.05,37.05,37.05,0,19
2026-09-25 23:24:00,NIFTY,PE,23350.0,NIFTY26SEP23350PE,194.35,194.35,194.35,194.35,0,19
2026-09-25 23:24:00,NIFTY,CE,23400.0,NIFTY26SEP23400CE,26.6,26.6,26.6,26.6,0,19
2026-09-25 23:24:00,NIFTY,PE,23400.0,NIFTY26SEP23400PE,233.0,233.0,233.0,233.0,0,19
2026-09-25 23:24:00,NIFTY,CE,23450.0,NIFTY26SEP23450CE,18.8,18.8,18.8,18.8,0,19
2026-09-25 23:24:00,NIFTY,PE,23450.0,NIFTY26SEP23450PE,274.55,274.55,274.55,274.55,0,19
2026-09-25 23:25:00,NIFTY,FUT,0.0,NIFTY26SEPFUT,23190.0,23190.0,23190.0,23190.0,0,19
2026-09-25 23:25:00,NIFTY,SPOT,0.0,Nifty 50,23140.5,23140.5,23140.5,23140.5,0,19
2026-09-25 23:25:00,NIFTY,CE,22850.0,NIFTY26SEP22850CE,358.05,358.05,358.05,358.05,0,19
2026-09-25 23:25:00,NIFTY,PE,22850.0,NIFTY26SEP22850PE,14.15,14.15,14.15,14.15,0,19
2026-09-25 23:25:00,NIFTY,CE,22900.0,NIFTY26SEP22900CE,310.8,310.8,310.8,310.8,0,19
2026-09-25 23:25:00,NIFTY,PE,22900.0,NIFTY26SEP22900PE,19.1,19.1,19.1,19.1,0,19
2026-09-25 23:25:00,NIFTY,CE,22950.0,NIFTY26SEP22950CE,265.9,265.9,265.9,265.9,0,19
2026-09-25 23:25:00,NIFTY,PE,22950.0,NIFTY26SEP22950PE,24.95,24.95,24.95,24.95,0,19
2026-09-25 23:25:00,NIFTY,CE,23000.0,NIFTY26SEP23000CE,224.35,224.35,224.35,224.35,0,19
2026-09-25 23:25:00,NIFTY,PE,23000.0,NIFTY26SEP23000PE,34.0,34.0,34.0,34.0,0,19
2026-09-25 23:25:00,NIFTY,CE,23050.0,NIFTY26SEP23050CE,184.55,184.55,184.55,184.55,0,19
2026-09-25 23:25:00,NIFTY,PE,23050.0,NIFTY26SEP23050PE,44.4,44.4,44.4,44.4,0,19
2026-09-25 23:25:00,NIFTY,CE,23100.0,NIFTY26SEP23100CE,150.15,150.15,150.15,150.15,0,19
2026-09-25 23:25:00,NIFTY,PE,23100.0,NIFTY26SEP23100PE,58.3,58.3,58.3,58.3,0,19
2026-09-25 23:25:00,NIFTY,CE,23150.0,NIFTY26SEP23150CE,119.25,119.25,119.25,119.25,0,19
2026-09-25 23:25:00,NIFTY,PE,23150.0,NIFTY26SEP23150PE,76.75,76.75,76.75,76.75,0,19
2026-09-25 23:25:00,NIFTY,CE,23200.0,NIFTY26SEP23200CE,92.0,92.0,92.0,92.0,0,19
2026-09-25 23:25:00,NIFTY,PE,23200.0,NIFTY26SEP23200PE,99.1,99.1,99.1,99.1,0,19
2026-09-25 23:25:00,NIFTY,CE,23250.0,NIFTY26SEP23250CE,68.85,68.85,68.85,68.85,0,19
2026-09-25 23:25:00,NIFTY,PE,23250.0,NIFTY26SEP23250PE,128.1,128.1,128.1,128.1,0,19
2026-09-25 23:25:00,NIFTY,CE,23300.0,NIFTY26SEP23300CE,50.9,50.9,50.9,50.9,0,19
2026-09-25 23:25:00,NIFTY,PE,23300.0,NIFTY26SEP23300PE,157.75,157.75,157.75,157.75,0,19
2026-09-25 23:25:00,NIFTY,CE,23350.0,NIFTY26SEP23350CE,37.05,37.05,37.05,37.05,0,19
2026-09-25 23:25:00,NIFTY,PE,23350.0,NIFTY26SEP23350PE,194.35,194.35,194.35,194.35,0,19
2026-09-25 23:25:00,NIFTY,CE,23400.0,NIFTY26SEP23400CE,26.6,26.6,26.6,26.6,0,19
2026-09-25 23:25:00,NIFTY,PE,23400.0,NIFTY26SEP23400PE,233.0,233.0,233.0,233.0,0,19
2026-09-25 23:25:00,NIFTY,CE,23450.0,NIFTY26SEP23450CE,18.8,18.8,18.8,18.8,0,19
2026-09-25 23:25:00,NIFTY,PE,23450.0,NIFTY26SEP23450PE,274.55,274.55,274.55,274.55,0,19
2026-09-25 23:26:00,NIFTY,FUT,0.0,NIFTY26SEPFUT,23190.0,23190.0,23190.0,23190.0,0,16
2026-09-25 23:26:00,NIFTY,SPOT,0.0,Nifty 50,23140.5,23140.5,23140.5,23140.5,0,16
2026-09-25 23:26:00,NIFTY,CE,22850.0,NIFTY26SEP22850CE,358.05,358.05,358.05,358.05,0,16
2026-09-25 23:26:00,NIFTY,PE,22850.0,NIFTY26SEP22850PE,14.15,14.15,14.15,14.15,0,16
2026-09-25 23:26:00,NIFTY,CE,22900.0,NIFTY26SEP22900CE,310.8,310.8,310.8,310.8,0,16
2026-09-25 23:26:00,NIFTY,PE,22900.0,NIFTY26SEP22900PE,19.1,19.1,19.1,19.1,0,16
2026-09-25 23:26:00,NIFTY,CE,22950.0,NIFTY26SEP22950CE,265.9,265.9,265.9,265.9,0,16
2026-09-25 23:26:00,NIFTY,PE,22950.0,NIFTY26SEP22950PE,24.95,24.95,24.95,24.95,0,16
2026-09-25 23:26:00,NIFTY,CE,23000.0,NIFTY26SEP23000CE,224.35,224.35,224.35,224.35,0,16
2026-09-25 23:26:00,NIFTY,PE,23000.0,NIFTY26SEP23000PE,34.0,34.0,34.0,34.0,0,16
2026-09-25 23:26:00,NIFTY,CE,23050.0,NIFTY26SEP23050CE,184.55,184.55,184.55,184.55,0,16
2026-09-25 23:26:00,NIFTY,PE,23050.0,NIFTY26SEP23050PE,44.4,44.4,44.4,44.4,0,16
2026-09-25 23:26:00,NIFTY,CE,23100.0,NIFTY26SEP23100CE,150.15,150.15,150.15,150.15,0,16
2026-09-25 23:26:00,NIFTY,PE,23100.0,NIFTY26SEP23100PE,58.3,58.3,58.3,58.3,0,16
2026-09-25 23:26:00,NIFTY,CE,23150.0,NIFTY26SEP23150CE,119.25,119.25,119.25,119.25,0,16
2026-09-25 23:26:00,NIFTY,PE,23150.0,NIFTY26SEP23150PE,76.75,76.75,76.75,76.75,0,16
2026-09-25 23:26:00,NIFTY,CE,23200.0,NIFTY26SEP23200CE,92.0,92.0,92.0,92.0,0,16
2026-09-25 23:26:00,NIFTY,PE,23200.0,NIFTY26SEP23200PE,99.1,99.1,99.1,99.1,0,16
2026-09-25 23:26:00,NIFTY,CE,23250.0,NIFTY26SEP23250CE,68.85,68.85,68.85,68.85,0,16
2026-09-25 23:26:00,NIFTY,PE,23250.0,NIFTY26SEP23250PE,128.1,128.1,128.1,128.1,0,16
2026-09-25 23:26:00,NIFTY,CE,23300.0,NIFTY26SEP23300CE,50.9,50.9,50.9,50.9,0,16
2026-09-25 23:26:00,NIFTY,PE,23300.0,NIFTY26SEP23300PE,157.75,157.75,157.75,157.75,0,16
2026-09-25 23:26:00,NIFTY,CE,23350.0,NIFTY26SEP23350CE,37.05,37.05,37.05,37.05,0,16
2026-09-25 23:26:00,NIFTY,PE,23350.0,NIFTY26SEP23350PE,194.35,194.35,194.35,194.35,0,16
2026-09-25 23:26:00,NIFTY,CE,23400.0,NIFTY26SEP23400CE,26.6,26.6,26.6,26.6,0,16
2026-09-25 23:26:00,NIFTY,PE,23400.0,NIFTY26SEP23400PE,233.0,233.0,233.0,233.0,0,16
2026-09-25 23:26:00,NIFTY,CE,23450.0,NIFTY26SEP23450CE,18.8,18.8,18.8,18.8,0,16
2026-09-25 23:26:00,NIFTY,PE,23450.0,NIFTY26SEP23450PE,274.55,274.55,274.55,274.55,0,16
2026-09-25 23:27:00,NIFTY,FUT,0.0,NIFTY26SEPFUT,23190.0,23190.0,23190.0,23190.0,0,3
2026-09-25 23:27:00,NIFTY,SPOT,0.0,Nifty 50,23140.5,23140.5,23140.5,23140.5,0,3
2026-09-25 23:27:00,NIFTY,CE,22850.0,NIFTY26SEP22850CE,358.05,358.05,358.05,358.05,0,3
2026-09-25 23:27:00,NIFTY,PE,22850.0,NIFTY26SEP22850PE,14.15,14.15,14.15,14.15,0,3
2026-09-25 23:27:00,NIFTY,CE,22900.0,NIFTY26SEP22900CE,310.8,310.8,310.8,310.8,0,3
2026-09-25 23:27:00,NIFTY,PE,22900.0,NIFTY26SEP22900PE,19.1,19.1,19.1,19.1,0,3
2026-09-25 23:27:00,NIFTY,CE,22950.0,NIFTY26SEP22950CE,265.9,265.9,265.9,265.9,0,3
2026-09-25 23:27:00,NIFTY,PE,22950.0,NIFTY26SEP22950PE,24.95,24.95,24.95,24.95,0,3
2026-09-25 23:27:00,NIFTY,CE,23000.0,NIFTY26SEP23000CE,224.35,224.35,224.35,224.35,0,3
2026-09-25 23:27:00,NIFTY,PE,23000.0,NIFTY26SEP23000PE,34.0,34.0,34.0,34.0,0,3
2026-09-25 23:27:00,NIFTY,CE,23050.0,NIFTY26SEP23050CE,184.55,184.55,184.55,184.55,0,3
2026-09-25 23:27:00,NIFTY,PE,23050.0,NIFTY26SEP23050PE,44.4,44.4,44.4,44.4,0,3
2026-09-25 23:27:00,NIFTY,CE,23100.0,NIFTY26SEP23100CE,150.15,150.15,150.15,150.15,0,3
2026-09-25 23:27:00,NIFTY,PE,23100.0,NIFTY26SEP23100PE,58.3,58.3,58.3,58.3,0,3
2026-09-25 23:27:00,NIFTY,CE,23150.0,NIFTY26SEP23150CE,119.25,119.25,119.25,119.25,0,3
2026-09-25 23:27:00,NIFTY,PE,23150.0,NIFTY26SEP23150PE,76.75,76.75,76.75,76.75,0,3
2026-09-25 23:27:00,NIFTY,CE,23200.0,NIFTY26SEP23200CE,92.0,92.0,92.0,92.0,0,3
2026-09-25 23:27:00,NIFTY,PE,23200.0,NIFTY26SEP23200PE,99.1,99.1,99.1,99.1,0,3
2026-09-25 23:27:00,NIFTY,CE,23250.0,NIFTY26SEP23250CE,68.85,68.85,68.85,68.85,0,3
2026-09-25 23:27:00,NIFTY,PE,23250.0,NIFTY26SEP23250PE,128.1,128.1,128.1,128.1,0,3
2026-09-25 23:27:00,NIFTY,CE,23300.0,NIFTY26SEP23300CE,50.9,50.9,50.9,50.9,0,3
2026-09-25 23:27:00,NIFTY,PE,23300.0,NIFTY26SEP23300PE,157.75,157.75,157.75,157.75,0,3
2026-09-25 23:27:00,NIFTY,CE,23350.0,NIFTY26SEP23350CE,37.05,37.05,37.05,37.05,0,3
2026-09-25 23:27:00,NIFTY,PE,23350.0,NIFTY26SEP23350PE,194.35,194.35,194.35,194.35,0,3
2026-09-25 23:27:00,NIFTY,CE,23400.0,NIFTY26SEP23400CE,26.6,26.6,26.6,26.6,0,3
2026-09-25 23:27:00,NIFTY,PE,23400.0,NIFTY26SEP23400PE,233.0,233.0,233.0,233.0,0,3
2026-09-25 23:27:00,NIFTY,CE,23450.0,NIFTY26SEP23450CE,18.8,18.8,18.8,18.8,0,3
2026-09-25 23:27:00,NIFTY,PE,23450.0,NIFTY26SEP23450PE,274.55,274.55,274.55,274.55,0,3
2026-09-25 23:28:00,NIFTY,FUT,0.0,NIFTY26SEPFUT,23190.0,23190.0,23190.0,23190.0,0,19
2026-09-25 23:28:00,NIFTY,SPOT,0.0,Nifty 50,23140.5,23140.5,23140.5,23140.5,0,19
2026-09-25 23:28:00,NIFTY,CE,22850.0,NIFTY26SEP22850CE,358.05,358.05,358.05,358.05,0,19
2026-09-25 23:28:00,NIFTY,PE,22850.0,NIFTY26SEP22850PE,14.15,14.15,14.15,14.15,0,19
2026-09-25 23:28:00,NIFTY,CE,22900.0,NIFTY26SEP22900CE,310.8,310.8,310.8,310.8,0,19
2026-09-25 23:28:00,NIFTY,PE,22900.0,NIFTY26SEP22900PE,19.1,19.1,19.1,19.1,0,19
2026-09-25 23:28:00,NIFTY,CE,22950.0,NIFTY26SEP22950CE,265.9,265.9,265.9,265.9,0,19
2026-09-25 23:28:00,NIFTY,PE,22950.0,NIFTY26SEP22950PE,24.95,24.95,24.95,24.95,0,19
2026-09-25 23:28:00,NIFTY,CE,23000.0,NIFTY26SEP23000CE,224.35,224.35,224.35,224.35,0,19
2026-09-25 23:28:00,NIFTY,PE,23000.0,NIFTY26SEP23000PE,34.0,34.0,34.0,34.0,0,19
2026-09-25 23:28:00,NIFTY,CE,23050.0,NIFTY26SEP23050CE,184.55,184.55,184.55,184.55,0,19
2026-09-25 23:28:00,NIFTY,PE,23050.0,NIFTY26SEP23050PE,44.4,44.4,44.4,44.4,0,19
2026-09-25 23:28:00,NIFTY,CE,23100.0,NIFTY26SEP23100CE,150.15,150.15,150.15,150.15,0,19
2026-09-25 23:28:00,NIFTY,PE,23100.0,NIFTY26SEP23100PE,58.3,58.3,58.3,58.3,0,19
2026-09-25 23:28:00,NIFTY,CE,23150.0,NIFTY26SEP23150CE,119.25,119.25,119.25,119.25,0,19
2026-09-25 23:28:00,NIFTY,PE,23150.0,NIFTY26SEP23150PE,76.75,76.75,76.75,76.75,0,19
2026-09-25 23:28:00,NIFTY,CE,23200.0,NIFTY26SEP23200CE,92.0,92.0,92.0,92.0,0,19
2026-09-25 23:28:00,NIFTY,PE,23200.0,NIFTY26SEP23200PE,99.1,99.1,99.1,99.1,0,19
2026-09-25 23:28:00,NIFTY,CE,23250.0,NIFTY26SEP23250CE,68.85,68.85,68.85,68.85,0,19
2026-09-25 23:28:00,NIFTY,PE,23250.0,NIFTY26SEP23250PE,128.1,128.1,128.1,128.1,0,19
2026-09-25 23:28:00,NIFTY,CE,23300.0,NIFTY26SEP23300CE,50.9,50.9,50.9,50.9,0,19
2026-09-25 23:28:00,NIFTY,PE,23300.0,NIFTY26SEP23300PE,157.75,157.75,157.75,157.75,0,19
2026-09-25 23:28:00,NIFTY,CE,23350.0,NIFTY26SEP23350CE,37.05,37.05,37.05,37.05,0,19
2026-09-25 23:28:00,NIFTY,PE,23350.0,NIFTY26SEP23350PE,194.35,194.35,194.35,194.35,0,19
2026-09-25 23:28:00,NIFTY,CE,23400.0,NIFTY26SEP23400CE,26.6,26.6,26.6,26.6,0,19
2026-09-25 23:28:00,NIFTY,PE,23400.0,NIFTY26SEP23400PE,233.0,233.0,233.0,233.0,0,19
2026-09-25 23:28:00,NIFTY,CE,23450.0,NIFTY26SEP23450CE,18.8,18.8,18.8,18.8,0,19
2026-09-25 23:28:00,NIFTY,PE,23450.0,NIFTY26SEP23450PE,274.55,274.55,274.55,274.55,0,19
2026-09-25 23:29:00,NIFTY,FUT,0.0,NIFTY26SEPFUT,23190.0,23190.0,23190.0,23190.0,0,19
2026-09-25 23:29:00,NIFTY,SPOT,0.0,Nifty 50,23140.5,23140.5,23140.5,23140.5,0,19
2026-09-25 23:29:00,NIFTY,CE,22850.0,NIFTY26SEP22850CE,358.05,358.05,358.05,358.05,0,19
2026-09-25 23:29:00,NIFTY,PE,22850.0,NIFTY26SEP22850PE,14.15,14.15,14.15,14.15,0,19
2026-09-25 23:29:00,NIFTY,CE,22900.0,NIFTY26SEP22900CE,310.8,310.8,310.8,310.8,0,19
2026-09-25 23:29:00,NIFTY,PE,22900.0,NIFTY26SEP22900PE,19.1,19.1,19.1,19.1,0,19
2026-09-25 23:29:00,NIFTY,CE,22950.0,NIFTY26SEP22950CE,265.9,265.9,265.9,265.9,0,19
2026-09-25 23:29:00,NIFTY,PE,22950.0,NIFTY26SEP22950PE,24.95,24.95,24.95,24.95,0,19
2026-09-25 23:29:00,NIFTY,CE,23000.0,NIFTY26SEP23000CE,224.35,224.35,224.35,224.35,0,19
2026-09-25 23:29:00,NIFTY,PE,23000.0,NIFTY26SEP23000PE,34.0,34.0,34.0,34.0,0,19
2026-09-25 23:29:00,NIFTY,CE,23050.0,NIFTY26SEP23050CE,184.55,184.55,184.55,184.55,0,19
2026-09-25 23:29:00,NIFTY,PE,23050.0,NIFTY26SEP23050PE,44.4,44.4,44.4,44.4,0,19
2026-09-25 23:29:00,NIFTY,CE,23100.0,NIFTY26SEP23100CE,150.15,150.15,150.15,150.15,0,19
2026-09-25 23:29:00,NIFTY,PE,23100.0,NIFTY26SEP23100PE,58.3,58.3,58.3,58.3,0,19
2026-09-25 23:29:00,NIFTY,CE,23150.0,NIFTY26SEP23150CE,119.25,119.25,119.25,119.25,0,19
2026-09-25 23:29:00,NIFTY,PE,23150.0,NIFTY26SEP23150PE,76.75,76.75,76.75,76.75,0,19
2026-09-25 23:29:00,NIFTY,CE,23200.0,NIFTY26SEP23200CE,92.0,92.0,92.0,92.0,0,19
2026-09-25 23:29:00,NIFTY,PE,23200.0,NIFTY26SEP23200PE,99.1,99.1,99.1,99.1,0,19
2026-09-25 23:29:00,NIFTY,CE,23250.0,NIFTY26SEP23250CE,68.85,68.85,68.85,68.85,0,19
2026-09-25 23:29:00,NIFTY,PE,23250.0,NIFTY26SEP23250PE,128.1,128.1,128.1,128.1,0,19
2026-09-25 23:29:00,NIFTY,CE,23300.0,NIFTY26SEP23300CE,50.9,50.9,50.9,50.9,0,19
2026-09-25 23:29:00,NIFTY,PE,23300.0,NIFTY26SEP23300PE,157.75,157.75,157.75,157.75,0,19
2026-09-25 23:29:00,NIFTY,CE,23350.0,NIFTY26SEP23350CE,37.05,37.05,37.05,37.05,0,19
2026-09-25 23:29:00,NIFTY,PE,23350.0,NIFTY26SEP23350PE,194.35,194.35,194.35,194.35,0,19
2026-09-25 23:29:00,NIFTY,CE,23400.0,NIFTY26SEP23400CE,26.6,26.6,26.6,26.6,0,19
2026-09-25 23:29:00,NIFTY,PE,23400.0,NIFTY26SEP23400PE,233.0,233.0,233.0,233.0,0,19
2026-09-25 23:29:00,NIFTY,CE,23450.0,NIFTY26SEP23450CE,18.8,18.8,18.8,18.8,0,19
2026-09-25 23:29:00,NIFTY,PE,23450.0,NIFTY26SEP23450PE,274.55,274.55,274.55,274.55,0,19
2026-09-25 23:30:00,NIFTY,FUT,0.0,NIFTY26SEPFUT,23190.0,23190.0,23190.0,23190.0,0,18
2026-09-25 23:30:00,NIFTY,SPOT,0.0,Nifty 50,23140.5,23140.5,23140.5,23140.5,0,18
2026-09-25 23:30:00,NIFTY,CE,22850.0,NIFTY26SEP22850CE,358.05,358.05,358.05,358.05,0,18
2026-09-25 23:30:00,NIFTY,PE,22850.0,NIFTY26SEP22850PE,14.15,14.15,14.15,14.15,0,18
2026-09-25 23:30:00,NIFTY,CE,22900.0,NIFTY26SEP22900CE,310.8,310.8,310.8,310.8,0,18
2026-09-25 23:30:00,NIFTY,PE,22900.0,NIFTY26SEP22900PE,19.1,19.1,19.1,19.1,0,18
2026-09-25 23:30:00,NIFTY,CE,22950.0,NIFTY26SEP22950CE,265.9,265.9,265.9,265.9,0,18
2026-09-25 23:30:00,NIFTY,PE,22950.0,NIFTY26SEP22950PE,24.95,24.95,24.95,24.95,0,18
2026-09-25 23:30:00,NIFTY,CE,23000.0,NIFTY26SEP23000CE,224.35,224.35,224.35,224.35,0,18
2026-09-25 23:30:00,NIFTY,PE,23000.0,NIFTY26SEP23000PE,34.0,34.0,34.0,34.0,0,18
2026-09-25 23:30:00,NIFTY,CE,23050.0,NIFTY26SEP23050CE,184.55,184.55,184.55,184.55,0,18
2026-09-25 23:30:00,NIFTY,PE,23050.0,NIFTY26SEP23050PE,44.4,44.4,44.4,44.4,0,18
2026-09-25 23:30:00,NIFTY,CE,23100.0,NIFTY26SEP23100CE,150.15,150.15,150.15,150.15,0,18
2026-09-25 23:30:00,NIFTY,PE,23100.0,NIFTY26SEP23100PE,58.3,58.3,58.3,58.3,0,18
2026-09-25 23:30:00,NIFTY,CE,23150.0,NIFTY26SEP23150CE,119.25,119.25,119.25,119.25,0,18
2026-09-25 23:30:00,NIFTY,PE,23150.0,NIFTY26SEP23150PE,76.75,76.75,76.75,76.75,0,18
2026-09-25 23:30:00,NIFTY,CE,23200.0,NIFTY26SEP23200CE,92.0,92.0,92.0,92.0,0,18
2026-09-25 23:30:00,NIFTY,PE,23200.0,NIFTY26SEP23200PE,99.1,99.1,99.1,99.1,0,18
2026-09-25 23:30:00,NIFTY,CE,23250.0,NIFTY26SEP23250CE,68.85,68.85,68.85,68.85,0,18
2026-09-25 23:30:00,NIFTY,PE,23250.0,NIFTY26SEP23250PE,128.1,128.1,128.1,128.1,0,18
2026-09-25 23:30:00,NIFTY,CE,23300.0,NIFTY26SEP23300CE,50.9,50.9,50.9,50.9,0,18
2026-09-25 23:30:00,NIFTY,PE,23300.0,NIFTY26SEP23300PE,157.75,157.75,157.75,157.75,0,18
2026-09-25 23:30:00,NIFTY,CE,23350.0,NIFTY26SEP23350CE,37.05,37.05,37.05,37.05,0,18
2026-09-25 23:30:00,NIFTY,PE,23350.0,NIFTY26SEP23350PE,194.35,194.35,194.35,194.35,0,18
2026-09-25 23:30:00,NIFTY,CE,23400.0,NIFTY26SEP23400CE,26.6,26.6,26.6,26.6,0,18
2026-09-25 23:30:00,NIFTY,PE,23400.0,NIFTY26SEP23400PE,233.0,233.0,233.0,233.0,0,18
2026-09-25 23:30:00,NIFTY,CE,23450.0,NIFTY26SEP23450CE,18.8,18.8,18.8,18.8,0,18
2026-09-25 23:30:00,NIFTY,PE,23450.0,NIFTY26SEP23450PE,274.55,274.55,274.55,274.55,0,18
2026-09-25 23:31:00,NIFTY,FUT,0.0,NIFTY26SEPFUT,23190.0,23190.0,23190.0,23190.0,0,19
2026-09-25 23:31:00,NIFTY,SPOT,0.0,Nifty 50,23140.5,23140.5,23140.5,23140.5,0,19
2026-09-25 23:31:00,NIFTY,CE,22850.0,NIFTY26SEP22850CE,358.05,358.05,358.05,358.05,0,19
2026-09-25 23:31:00,NIFTY,PE,22850.0,NIFTY26SEP22850PE,14.15,14.15,14.15,14.15,0,19
2026-09-25 23:31:00,NIFTY,CE,22900.0,NIFTY26SEP22900CE,310.8,310.8,310.8,310.8,0,19
2026-09-25 23:31:00,NIFTY,PE,22900.0,NIFTY26SEP22900PE,19.1,19.1,19.1,19.1,0,19
2026-09-25 23:31:00,NIFTY,CE,22950.0,NIFTY26SEP22950CE,265.9,265.9,265.9,265.9,0,19
2026-09-25 23:31:00,NIFTY,PE,22950.0,NIFTY26SEP22950PE,24.95,24.95,24.95,24.95,0,19
2026-09-25 23:31:00,NIFTY,CE,23000.0,NIFTY26SEP23000CE,224.35,224.35,224.35,224.35,0,19
2026-09-25 23:31:00,NIFTY,PE,23000.0,NIFTY26SEP23000PE,34.0,34.0,34.0,34.0,0,19
2026-09-25 23:31:00,NIFTY,CE,23050.0,NIFTY26SEP23050CE,184.55,184.55,184.55,184.55,0,19
2026-09-25 23:31:00,NIFTY,PE,23050.0,NIFTY26SEP23050PE,44.4,44.4,44.4,44.4,0,19
2026-09-25 23:31:00,NIFTY,CE,23100.0,NIFTY26SEP23100CE,150.15,150.15,150.15,150.15,0,19
2026-09-25 23:31:00,NIFTY,PE,23100.0,NIFTY26SEP23100PE,58.3,58.3,58.3,58.3,0,19
2026-09-25 23:31:00,NIFTY,CE,23150.0,NIFTY26SEP23150CE,119.25,119.25,119.25,119.25,0,19
2026-09-25 23:31:00,NIFTY,PE,23150.0,NIFTY26SEP23150PE,76.75,76.75,76.75,76.75,0,19
2026-09-25 23:31:00,NIFTY,CE,23200.0,NIFTY26SEP23200CE,92.0,92.0,92.0,92.0,0,19
2026-09-25 23:31:00,NIFTY,PE,23200.0,NIFTY26SEP23200PE,99.1,99.1,99.1,99.1,0,19
2026-09-25 23:31:00,NIFTY,CE,23250.0,NIFTY26SEP23250CE,68.85,68.85,68.85,68.85,0,19
2026-09-25 23:31:00,NIFTY,PE,23250.0,NIFTY26SEP23250PE,128.1,128.1,128.1,128.1,0,19
2026-09-25 23:31:00,NIFTY,CE,23300.0,NIFTY26SEP23300CE,50.9,50.9,50.9,50.9,0,19
2026-09-25 23:31:00,NIFTY,PE,23300.0,NIFTY26SEP23300PE,157.75,157.75,157.75,157.75,0,19
2026-09-25 23:31:00,NIFTY,CE,23350.0,NIFTY26SEP23350CE,37.05,37.05,37.05,37.05,0,19
2026-09-25 23:31:00,NIFTY,PE,23350.0,NIFTY26SEP23350PE,194.35,194.35,194.35,194.35,0,19
2026-09-25 23:31:00,NIFTY,CE,23400.0,NIFTY26SEP23400CE,26.6,26.6,26.6,26.6,0,19
2026-09-25 23:31:00,NIFTY,PE,23400.0,NIFTY26SEP23400PE,233.0,233.0,233.0,233.0,0,19
2026-09-25 23:31:00,NIFTY,CE,23450.0,NIFTY26SEP23450CE,18.8,18.8,18.8,18.8,0,19
2026-09-25 23:31:00,NIFTY,PE,23450.0,NIFTY26SEP23450PE,274.55,274.55,274.55,274.55,0,19
