timestamp,asset,instrument_type,strike,trading_symbol,traded_price,traded_qty,aggressor_side,cumulative_vol,open_interest
2026-09-17 12:59:05.084,NATURALGAS,FUT,0.0,NATURALGAS25SEP26FUT,278.7,1250,SELL_AGGRESSOR,11927500,37915000
2026-09-17 12:59:05.084,NATGASMINI,PE,275.0,NATGASMINI23SEP26275PE,5.15,1500,SELL_AGGRESSOR,2151000,1998250
2026-09-17 12:59:11.253,NATURALGAS,PE,275.0,NATURALGAS23SEP26275PE,5.1,1250,BUY_AGGRESSOR,6932500,9630000
2026-09-17 12:59:11.253,NATURALGAS,CE,280.0,NATURALGAS23SEP26280CE,6.25,1250,SELL_AGGRESSOR,18136250,25513750
2026-09-17 12:59:11.253,NATURALGAS,PE,290.0,NATURALGAS23SEP26290PE,14.25,7500,BUY_AGGRESSOR,1880000,4347500
2026-09-17 12:59:11.253,NATGASMINI,PE,285.0,NATGASMINI23SEP26285PE,10.7,250,SELL_AGGRESSOR,566500,523750
2026-09-17 12:59:13.871,NATURALGAS,PE,280.0,NATURALGAS23SEP26280PE,7.55,1250,BUY_AGGRESSOR,8143750,12778750
2026-09-17 12:59:16.721,NATURALGAS,FUT,0.0,NATURALGAS25SEP26FUT,278.9,7500,BUY_AGGRESSOR,11935000,37915000
2026-09-17 12:59:16.721,NATURALGAS,PE,290.0,NATURALGAS23SEP26290PE,14.25,1250,BUY_AGGRESSOR,1881250,4347500
2026-09-17 12:59:22.323,NATURALGAS,CE,280.0,NATURALGAS23SEP26280CE,6.3,1250,SELL_AGGRESSOR,18137500,25512500
2026-09-17 12:59:22.323,NATURALGAS,CE,300.0,NATURALGAS23SEP26300CE,1.4,1250,SELL_AGGRESSOR,5092500,16093750
2026-09-17 12:59:22.323,NATGASMINI,FUT,0.0,NATGASMINI25SEP26FUT,278.8,1750,BUY_AGGRESSOR,4074500,9382500
2026-09-17 12:59:22.323,NATGASMINI,CE,280.0,NATGASMINI23SEP26280CE,6.45,250,BUY_AGGRESSOR,3623500,5332750
2026-09-17 12:59:22.323,NATGASMINI,CE,285.0,NATGASMINI23SEP26285CE,4.55,250,BUY_AGGRESSOR,2043750,4237500
2026-09-17 12:59:25.299,NATURALGAS,CE,270.0,NATURALGAS23SEP26270CE,12.0,7500,BUY_AGGRESSOR,3116250,7633750
2026-09-17 12:59:25.299,NATURALGAS,PE,275.0,NATURALGAS23SEP26275PE,5.05,7500,SELL_AGGRESSOR,6940000,9630000
2026-09-17 12:59:25.299,NATURALGAS,CE,280.0,NATURALGAS23SEP26280CE,6.3,50000,SELL_AGGRESSOR,18187500,25518750
2026-09-17 12:59:25.299,NATGASMINI,PE,270.0,NATGASMINI23SEP26270PE,3.3,1000,SELL_AGGRESSOR,1351750,2516250
2026-09-17 12:59:25.299,NATGASMINI,PE,275.0,NATGASMINI23SEP26275PE,5.2,1500,BUY_AGGRESSOR,2152500,1997500
2026-09-17 12:59:25.299,NATGASMINI,CE,280.0,NATGASMINI23SEP26280CE,6.45,10250,BUY_AGGRESSOR,3633750,5332750
2026-09-17 12:59:25.299,NATGASMINI,PE,285.0,NATGASMINI23SEP26285PE,10.65,250,SELL_AGGRESSOR,566750,523750
2026-09-17 12:59:25.299,NATGASMINI,CE,290.0,NATGASMINI23SEP26290CE,3.05,250,SELL_AGGRESSOR,1254250,3473250
2026-09-17 12:59:25.299,NATGASMINI,PE,290.0,NATGASMINI23SEP26290PE,14.25,250,BUY_AGGRESSOR,316500,237000
2026-09-17 12:59:28.282,NATURALGAS,FUT,0.0,NATURALGAS25SEP26FUT,278.9,1250,BUY_AGGRESSOR,11936250,37915000
2026-09-17 12:59:30.933,NATURALGAS,CE,280.0,NATURALGAS23SEP26280CE,6.3,1250,SELL_AGGRESSOR,18188750,25517500
2026-09-17 12:59:30.933,NATGASMINI,PE,270.0,NATGASMINI23SEP26270PE,3.25,250,SELL_AGGRESSOR,1352000,2516250
2026-09-17 12:59:36.370,NATURALGAS,FUT,0.0,NATURALGAS25SEP26FUT,278.9,1250,BUY_AGGRESSOR,11937500,37915000
2026-09-17 12:59:36.370,NATURALGAS,PE,260.0,NATURALGAS23SEP26260PE,1.15,45000,SELL_AGGRESSOR,5430000,10055000
2026-09-17 12:59:36.370,NATURALGAS,CE,270.0,NATURALGAS23SEP26270CE,12.05,8750,BUY_AGGRESSOR,3125000,7633750
2026-09-17 12:59:36.370,NATURALGAS,PE,280.0,NATURALGAS23SEP26280PE,7.5,25000,SELL_AGGRESSOR,8168750,12785000
2026-09-17 12:59:36.370,NATGASMINI,FUT,0.0,NATGASMINI25SEP26FUT,278.9,4250,BUY_AGGRESSOR,4078750,9383500
2026-09-17 12:59:36.370,NATGASMINI,CE,270.0,NATGASMINI23SEP26270CE,12.2,1500,BUY_AGGRESSOR,848250,864500
2026-09-17 12:59:36.370,NATGASMINI,PE,270.0,NATGASMINI23SEP26270PE,3.3,250,BUY_AGGRESSOR,1352250,2516250
2026-09-17 12:59:36.370,NATGASMINI,PE,280.0,NATGASMINI23SEP26280PE,7.6,9000,SELL_AGGRESSOR,1520250,2120500
2026-09-17 12:59:36.370,NATGASMINI,PE,285.0,NATGASMINI23SEP26285PE,10.6,1250,SELL_AGGRESSOR,568000,522500
2026-09-17 12:59:36.370,NATGASMINI,CE,290.0,NATGASMINI23SEP26290CE,3.1,2500,BUY_AGGRESSOR,1256750,3473250
2026-09-17 12:59:39.216,NATGASMINI,FUT,0.0,NATGASMINI25SEP26FUT,278.9,250,BUY_AGGRESSOR,4079000,9383500
2026-09-17 12:59:42.154,NATURALGAS,CE,280.0,NATURALGAS23SEP26280CE,6.3,1250,SELL_AGGRESSOR,18190000,25517500
2026-09-17 12:59:44.869,NATGASMINI,PE,255.0,NATGASMINI23SEP26255PE,0.75,250,SELL_AGGRESSOR,2122250,1569500
2026-09-17 12:59:44.869,NATGASMINI,PE,270.0,NATGASMINI23SEP26270PE,3.25,250,SELL_AGGRESSOR,1352500,2516250
2026-09-17 12:59:47.677,NATGASMINI,PE,275.0,NATGASMINI23SEP26275PE,5.1,1750,SELL_AGGRESSOR,2154250,1997250
2026-09-17 12:59:50.440,NATURALGAS,PE,285.0,NATURALGAS23SEP26285PE,10.5,1250,SELL_AGGRESSOR,2903750,3130000
2026-09-17 12:59:50.440,NATGASMINI,PE,275.0,NATGASMINI23SEP26275PE,5.1,750,SELL_AGGRESSOR,2155000,1997250
2026-09-17 12:59:53.301,NATGASMINI,FUT,0.0,NATGASMINI25SEP26FUT,278.8,250,SELL_AGGRESSOR,4079250,9383000
2026-09-17 12:59:58.963,NATURALGAS,CE,290.0,NATURALGAS23SEP26290CE,3.05,5000,BUY_AGGRESSOR,7512500,16148750
2026-09-17 12:59:58.963,NATGASMINI,CE,280.0,NATGASMINI23SEP26280CE,6.4,250,SELL_AGGRESSOR,3634000,5332750
2026-09-17 13:00:01.902,NATURALGAS,FUT,0.0,NATURALGAS25SEP26FUT,278.8,1250,SELL_AGGRESSOR,11938750,37922500
2026-09-17 13:00:01.902,NATGASMINI,FUT,0.0,NATGASMINI25SEP26FUT,278.8,250,SELL_AGGRESSOR,4079500,9383000
2026-09-17 13:00:01.902,NATGASMINI,CE,290.0,NATGASMINI23SEP26290CE,3.05,250,SELL_AGGRESSOR,1257000,3473250
2026-09-17 13:00:05.051,NATGASMINI,PE,275.0,NATGASMINI23SEP26275PE,5.2,4250,BUY_AGGRESSOR,2159250,1997250
2026-09-17 13:00:07.714,NATGASMINI,CE,275.0,NATGASMINI23SEP26275CE,9.0,500,BUY_AGGRESSOR,1740250,1498000
2026-09-17 13:00:07.714,NATGASMINI,PE,290.0,NATGASMINI23SEP26290PE,14.25,750,BUY_AGGRESSOR,317250,237000
2026-09-17 13:00:07.714,NATGASMINI,CE,305.0,NATGASMINI23SEP26305CE,0.95,9500,SELL_AGGRESSOR,147500,1266000
2026-09-17 13:00:10.583,NATGASMINI,CE,275.0,NATGASMINI23SEP26275CE,8.9,250,SELL_AGGRESSOR,1740500,1498000
2026-09-17 13:00:13.656,NATGASMINI,PE,280.0,NATGASMINI23SEP26280PE,7.7,250,BUY_AGGRESSOR,1520500,2120750
2026-09-17 13:00:13.656,NATGASMINI,CE,310.0,NATGASMINI23SEP26310CE,0.75,250,SELL_AGGRESSOR,268750,1432250
2026-09-17 13:00:16.663,NATGASMINI,PE,275.0,NATGASMINI23SEP26275PE,5.1,5250,SELL_AGGRESSOR,2164500,1997500
2026-09-17 13:00:19.467,NATURALGAS,CE,280.0,NATURALGAS23SEP26280CE,6.3,18750,SELL_AGGRESSOR,18208750,25512500
2026-09-17 13:00:19.467,NATGASMINI,PE,280.0,NATGASMINI23SEP26280PE,7.7,250,BUY_AGGRESSOR,1520750,2121000
2026-09-17 13:00:22.514,NATGASMINI,FUT,0.0,NATGASMINI25SEP26FUT,278.8,250,SELL_AGGRESSOR,4079750,9384000
2026-09-17 13:00:27.833,NATURALGAS,CE,280.0,NATURALGAS23SEP26280CE,6.3,11250,SELL_AGGRESSOR,18220000,25506250
2026-09-17 13:00:27.833,NATGASMINI,FUT,0.0,NATGASMINI25SEP26FUT,278.8,750,SELL_AGGRESSOR,4080500,9385000
2026-09-17 13:00:27.833,NATGASMINI,CE,275.0,NATGASMINI23SEP26275CE,9.0,1000,BUY_AGGRESSOR,1741500,1498000
2026-09-17 13:00:27.833,NATGASMINI,CE,300.0,NATGASMINI23SEP26300CE,1.5,250,SELL_AGGRESSOR,478000,2062000
2026-09-17 13:00:30.593,NATURALGAS,PE,270.0,NATURALGAS23SEP26270PE,3.2,33750,BUY_AGGRESSOR,6610000,13750000
2026-09-17 13:00:30.593,NATURALGAS,PE,275.0,NATURALGAS23SEP26275PE,5.05,3750,BUY_AGGRESSOR,6943750,9641250
2026-09-17 13:00:30.593,NATURALGAS,CE,280.0,NATURALGAS23SEP26280CE,6.3,30000,SELL_AGGRESSOR,18250000,25503750
2026-09-17 13:00:30.593,NATURALGAS,CE,290.0,NATURALGAS23SEP26290CE,3.0,11250,SELL_AGGRESSOR,7523750,16146250
2026-09-17 13:00:33.438,NATURALGAS,CE,270.0,NATURALGAS23SEP26270CE,12.0,5000,BUY_AGGRESSOR,3130000,7618750
2026-09-17 13:00:36.343,NATURALGAS,FUT,0.0,NATURALGAS25SEP26FUT,278.8,1250,BUY_AGGRESSOR,11940000,37918750
2026-09-17 13:00:36.343,NATGASMINI,CE,285.0,NATGASMINI23SEP26285CE,4.5,500,SELL_AGGRESSOR,2044250,4237000
2026-09-17 13:00:36.343,NATGASMINI,CE,305.0,NATGASMINI23SEP26305CE,1.0,250,SELL_AGGRESSOR,147750,1266000
2026-09-17 13:00:42.067,NATURALGAS,CE,280.0,NATURALGAS23SEP26280CE,6.3,1250,SELL_AGGRESSOR,18251250,25493750
2026-09-17 13:00:42.067,NATGASMINI,PE,280.0,NATGASMINI23SEP26280PE,7.65,500,BUY_AGGRESSOR,1521250,2121000
2026-09-17 13:00:44.959,NATURALGAS,PE,275.0,NATURALGAS23SEP26275PE,5.0,1250,SELL_AGGRESSOR,6945000,9632500
2026-09-17 13:00:44.959,NATURALGAS,CE,280.0,NATURALGAS23SEP26280CE,6.35,1250,BUY_AGGRESSOR,18252500,25493750
2026-09-17 13:00:44.959,NATURALGAS,PE,280.0,NATURALGAS23SEP26280PE,7.5,2500,BUY_AGGRESSOR,8171250,12788750
2026-09-17 13:00:44.959,NATURALGAS,CE,285.0,NATURALGAS23SEP26285CE,4.4,1250,SELL_AGGRESSOR,6236250,16391250
2026-09-17 13:00:50.221,NATURALGAS,FUT,0.0,NATURALGAS25SEP26FUT,278.8,1250,INSIDE,11941250,37920000
2026-09-17 13:00:50.221,NATURALGAS,CE,285.0,NATURALGAS23SEP26285CE,4.35,2500,SELL_AGGRESSOR,6238750,16391250
2026-09-17 13:00:55.756,NATGASMINI,CE,290.0,NATGASMINI23SEP26290CE,3.05,50000,SELL_AGGRESSOR,1307000,3472000
2026-09-17 13:00:58.492,NATGASMINI,CE,280.0,NATGASMINI23SEP26280CE,6.45,250,BUY_AGGRESSOR,3634250,5328000
2026-09-17 13:01:01.278,NATURALGAS,CE,280.0,NATURALGAS23SEP26280CE,6.35,1250,BUY_AGGRESSOR,18253750,25493750
2026-09-17 13:01:01.278,NATURALGAS,PE,285.0,NATURALGAS23SEP26285PE,10.55,1250,SELL_AGGRESSOR,2905000,3127500
2026-09-17 13:01:03.978,NATURALGAS,PE,270.0,NATURALGAS23SEP26270PE,3.2,2500,BUY_AGGRESSOR,6612500,13738750
2026-09-17 13:01:03.978,NATGASMINI,PE,290.0,NATGASMINI23SEP26290PE,14.15,750,SELL_AGGRESSOR,318000,236500
2026-09-17 13:01:06.698,NATURALGAS,FUT,0.0,NATURALGAS25SEP26FUT,278.8,1250,BUY_AGGRESSOR,11942500,37920000
2026-09-17 13:01:06.698,NATURALGAS,CE,270.0,NATURALGAS23SEP26270CE,12.0,1250,INSIDE,3131250,7620000
2026-09-17 13:01:06.698,NATGASMINI,FUT,0.0,NATGASMINI25SEP26FUT,278.7,250,SELL_AGGRESSOR,4080750,9386250
2026-09-17 13:01:06.698,NATGASMINI,PE,265.0,NATGASMINI23SEP26265PE,2.0,500,BUY_AGGRESSOR,1138000,3345750
2026-09-17 13:01:06.698,NATGASMINI,PE,285.0,NATGASMINI23SEP26285PE,10.65,1250,SELL_AGGRESSOR,569250,522000
2026-09-17 13:01:09.317,NATURALGAS,FUT,0.0,NATURALGAS25SEP26FUT,278.8,1250,SELL_AGGRESSOR,11943750,37920000
2026-09-17 13:01:09.317,NATURALGAS,CE,270.0,NATURALGAS23SEP26270CE,11.95,3750,SELL_AGGRESSOR,3135000,7620000
2026-09-17 13:01:09.317,NATURALGAS,PE,270.0,NATURALGAS23SEP26270PE,3.2,1250,BUY_AGGRESSOR,6613750,13738750
2026-09-17 13:01:09.317,NATURALGAS,PE,280.0,NATURALGAS23SEP26280PE,7.5,3750,BUY_AGGRESSOR,8175000,12788750
2026-09-17 13:01:09.317,NATGASMINI,PE,270.0,NATGASMINI23SEP26270PE,3.3,500,BUY_AGGRESSOR,1353000,2517000
2026-09-17 13:01:09.317,NATGASMINI,CE,275.0,NATGASMINI23SEP26275CE,8.95,750,SELL_AGGRESSOR,1742250,1498000
2026-09-17 13:01:09.317,NATGASMINI,PE,275.0,NATGASMINI23SEP26275PE,5.15,250,BUY,2164750,1996750
2026-09-17 13:01:09.317,NATGASMINI,CE,280.0,NATGASMINI23SEP26280CE,6.45,250,SELL_AGGRESSOR,3634500,5328000
2026-09-17 13:01:09.317,NATGASMINI,PE,285.0,NATGASMINI23SEP26285PE,10.65,500,BUY_AGGRESSOR,569750,522000
2026-09-17 13:01:09.317,NATGASMINI,CE,295.0,NATGASMINI23SEP26295CE,2.15,250,BUY_AGGRESSOR,673000,1397000
2026-09-17 13:01:09.317,NATGASMINI,PE,300.0,NATGASMINI23SEP26300PE,22.5,250,BUY_AGGRESSOR,60500,183250
2026-09-17 13:01:11.993,NATURALGAS,PE,275.0,NATURALGAS23SEP26275PE,5.05,1250,BUY_AGGRESSOR,6946250,9632500
2026-09-17 13:01:11.993,NATURALGAS,PE,280.0,NATURALGAS23SEP26280PE,7.5,1250,INSIDE,8176250,12788750
2026-09-17 13:01:17.280,NATGASMINI,FUT,0.0,NATGASMINI25SEP26FUT,278.8,250,SELL_AGGRESSOR,4081000,9386250
2026-09-17 13:01:17.280,NATGASMINI,CE,270.0,NATGASMINI23SEP26270CE,12.2,1000,BUY_AGGRESSOR,849250,864500
2026-09-17 13:01:17.280,NATGASMINI,CE,290.0,NATGASMINI23SEP26290CE,3.05,250,SELL_AGGRESSOR,1307250,3472000
2026-09-17 13:01:19.951,NATGASMINI,FUT,0.0,NATGASMINI25SEP26FUT,278.9,250,BUY_AGGRESSOR,4081250,9386250
2026-09-17 13:01:25.492,NATURALGAS,PE,270.0,NATURALGAS23SEP26270PE,3.15,1250,SELL_AGGRESSOR,6615000,13738750
2026-09-17 13:01:25.492,NATURALGAS,CE,280.0,NATURALGAS23SEP26280CE,6.3,1250,SELL_AGGRESSOR,18255000,25512500
2026-09-17 13:01:28.296,NATURALGAS,FUT,0.0,NATURALGAS25SEP26FUT,278.8,1250,SELL_AGGRESSOR,11945000,37922500
2026-09-17 13:01:28.296,NATGASMINI,CE,280.0,NATGASMINI23SEP26280CE,6.5,1500,BUY_AGGRESSOR,3636000,5328000
2026-09-17 13:01:36.727,NATURALGAS,CE,285.0,NATURALGAS23SEP26285CE,4.4,1250,SELL_AGGRESSOR,6240000,16377500
2026-09-17 13:01:36.727,NATGASMINI,FUT,0.0,NATGASMINI25SEP26FUT,278.8,500,SELL,4081750,9386250
2026-09-17 13:01:39.533,NATGASMINI,CE,280.0,NATGASMINI23SEP26280CE,6.45,250,BUY_AGGRESSOR,3636250,5328000
2026-09-17 13:01:45.312,NATURALGAS,PE,275.0,NATURALGAS23SEP26275PE,5.05,2500,BUY_AGGRESSOR,6948750,9632500
2026-09-17 13:01:48.177,NATURALGAS,FUT,0.0,NATURALGAS25SEP26FUT,278.8,2500,SELL_AGGRESSOR,11947500,37923750
2026-09-17 13:01:48.177,NATURALGAS,CE,280.0,NATURALGAS23SEP26280CE,6.3,1250,SELL_AGGRESSOR,18256250,25512500
2026-09-17 13:01:54.097,NATGASMINI,PE,265.0,NATGASMINI23SEP26265PE,2.0,2500,BUY_AGGRESSOR,1140500,3345750
2026-09-17 13:01:56.824,NATURALGAS,FUT,0.0,NATURALGAS25SEP26FUT,278.7,1250,SELL_AGGRESSOR,11948750,37930000
2026-09-17 13:01:56.824,NATURALGAS,CE,270.0,NATURALGAS23SEP26270CE,11.95,1250,SELL_AGGRESSOR,3136250,7615000
2026-09-17 13:01:59.545,NATURALGAS,CE,280.0,NATURALGAS23SEP26280CE,6.25,1250,SELL_AGGRESSOR,18257500,25462500
2026-09-17 13:01:59.545,NATURALGAS,CE,285.0,NATURALGAS23SEP26285CE,4.45,1250,BUY_AGGRESSOR,6241250,16376250
2026-09-17 13:01:59.545,NATURALGAS,PE,285.0,NATURALGAS23SEP26285PE,10.55,1250,SELL_AGGRESSOR,2906250,3131250
2026-09-17 13:01:59.545,NATURALGAS,CE,295.0,NATURALGAS23SEP26295CE,2.05,6250,BUY_AGGRESSOR,3968750,7673750
2026-09-17 13:01:59.545,NATGASMINI,FUT,0.0,NATGASMINI25SEP26FUT,278.7,250,SELL_AGGRESSOR,4082000,9387250
2026-09-17 13:01:59.545,NATGASMINI,PE,265.0,NATGASMINI23SEP26265PE,1.95,750,SELL_AGGRESSOR,1141250,3345750
2026-09-17 13:01:59.545,NATGASMINI,PE,275.0,NATGASMINI23SEP26275PE,5.15,250,SELL_AGGRESSOR,2165000,1996750
2026-09-17 13:02:02.190,NATURALGAS,PE,250.0,NATURALGAS23SEP26250PE,0.4,1250,BUY_AGGRESSOR,1703750,7906250
2026-09-17 13:02:02.190,NATURALGAS,CE,280.0,NATURALGAS23SEP26280CE,6.25,1250,SELL_AGGRESSOR,18258750,25462500
2026-09-17 13:02:04.964,NATGASMINI,FUT,0.0,NATGASMINI25SEP26FUT,278.7,500,SELL_AGGRESSOR,4082500,9385000
2026-09-17 13:02:04.964,NATGASMINI,PE,275.0,NATGASMINI23SEP26275PE,5.2,500,BUY_AGGRESSOR,2165500,1996750
2026-09-17 13:02:07.556,NATGASMINI,PE,275.0,NATGASMINI23SEP26275PE,5.2,250,BUY_AGGRESSOR,2165750,1996750
2026-09-17 13:02:10.526,NATURALGAS,CE,280.0,NATURALGAS23SEP26280CE,6.35,1250,BUY_AGGRESSOR,18260000,25462500
2026-09-17 13:02:16.307,NATURALGAS,CE,305.0,NATURALGAS23SEP26305CE,0.9,1250,SELL_AGGRESSOR,1662500,8801250
2026-09-17 13:02:16.307,NATGASMINI,PE,280.0,NATGASMINI23SEP26280PE,7.7,250,BUY_AGGRESSOR,1521500,2115500
2026-09-17 13:02:19.119,NATURALGAS,CE,280.0,NATURALGAS23SEP26280CE,6.25,10000,SELL_AGGRESSOR,18270000,25462500
2026-09-17 13:02:19.119,NATURALGAS,CE,295.0,NATURALGAS23SEP26295CE,2.05,10000,BUY_AGGRESSOR,3978750,7673750
2026-09-17 13:02:21.778,NATURALGAS,CE,280.0,NATURALGAS23SEP26280CE,6.35,1250,BUY_AGGRESSOR,18271250,25462500
2026-09-17 13:02:21.778,NATURALGAS,CE,285.0,NATURALGAS23SEP26285CE,4.45,1250,BUY_AGGRESSOR,6242500,16376250
2026-09-17 13:02:21.778,NATGASMINI,PE,280.0,NATGASMINI23SEP26280PE,7.65,250,SELL,1521750,2115500
2026-09-17 13:02:24.532,NATGASMINI,PE,280.0,NATGASMINI23SEP26280PE,7.65,1250,SELL_AGGRESSOR,1523000,2115500
2026-09-17 13:02:27.650,NATURALGAS,PE,275.0,NATURALGAS23SEP26275PE,5.05,25000,BUY_AGGRESSOR,6973750,9640000
2026-09-17 13:02:27.650,NATURALGAS,CE,280.0,NATURALGAS23SEP26280CE,6.3,2500,SELL_AGGRESSOR,18273750,25443750
2026-09-17 13:02:30.544,NATURALGAS,CE,285.0,NATURALGAS23SEP26285CE,4.4,2500,SELL_AGGRESSOR,6245000,16376250
2026-09-17 13:02:33.437,NATURALGAS,FUT,0.0,NATURALGAS25SEP26FUT,278.7,5000,SELL_AGGRESSOR,11953750,37931250
2026-09-17 13:02:33.437,NATURALGAS,PE,270.0,NATURALGAS23SEP26270PE,3.15,1250,SELL_AGGRESSOR,6616250,13741250
2026-09-17 13:02:36.104,NATURALGAS,CE,300.0,NATURALGAS23SEP26300CE,1.4,1250,SELL_AGGRESSOR,5093750,16092500
2026-09-17 13:02:36.104,NATGASMINI,FUT,0.0,NATGASMINI25SEP26FUT,278.9,500,BUY_AGGRESSOR,4083000,9384750
2026-09-17 13:02:36.104,NATGASMINI,CE,280.0,NATGASMINI23SEP26280CE,6.45,500,BUY_AGGRESSOR,3636750,5328000
2026-09-17 13:02:38.998,NATURALGAS,FUT,0.0,NATURALGAS25SEP26FUT,278.7,2500,SELL_AGGRESSOR,11956250,37931250
2026-09-17 13:02:41.725,NATURALGAS,CE,280.0,NATURALGAS23SEP26280CE,6.3,2500,SELL_AGGRESSOR,18276250,25462500
2026-09-17 13:02:41.725,NATGASMINI,PE,275.0,NATGASMINI23SEP26275PE,5.1,250,SELL_AGGRESSOR,2166000,1997000
2026-09-17 13:02:47.103,NATURALGAS,PE,255.0,NATURALGAS23SEP26255PE,0.7,1250,BUY_AGGRESSOR,1975000,5495000
2026-09-17 13:02:47.103,NATGASMINI,CE,270.0,NATGASMINI23SEP26270CE,12.2,250,BUY_AGGRESSOR,849500,864750
2026-09-17 13:02:47.103,NATGASMINI,CE,285.0,NATGASMINI23SEP26285CE,4.5,1000,SELL_AGGRESSOR,2045250,4236000
2026-09-17 13:02:47.103,NATGASMINI,CE,290.0,NATGASMINI23SEP26290CE,3.05,5000,SELL_AGGRESSOR,1312250,3421000
2026-09-17 13:02:49.802,NATURALGAS,FUT,0.0,NATURALGAS25SEP26FUT,278.7,1250,SELL_AGGRESSOR,11957500,37931250
2026-09-17 13:02:49.802,NATURALGAS,CE,290.0,NATURALGAS23SEP26290CE,3.0,1250,SELL_AGGRESSOR,7525000,16163750
2026-09-17 13:02:52.859,NATGASMINI,PE,280.0,NATGASMINI23SEP26280PE,7.65,1000,BUY_AGGRESSOR,1524000,2116000
2026-09-17 13:02:55.579,NATURALGAS,FUT,0.0,NATURALGAS25SEP26FUT,278.7,3750,SELL_AGGRESSOR,11961250,37930000
2026-09-17 13:02:55.579,NATURALGAS,CE,305.0,NATURALGAS23SEP26305CE,0.95,1250,BUY_AGGRESSOR,1663750,8801250
2026-09-17 13:02:58.035,NATURALGAS,CE,285.0,NATURALGAS23SEP26285CE,4.4,2500,INSIDE,6247500,16373750
2026-09-17 13:02:58.035,NATURALGAS,CE,300.0,NATURALGAS23SEP26300CE,1.4,40000,SELL_AGGRESSOR,5133750,16092500
2026-09-17 13:02:58.035,NATURALGAS,CE,310.0,NATURALGAS23SEP26310CE,0.7,1250,BUY_AGGRESSOR,1208750,6147500
2026-09-17 13:03:00.689,NATURALGAS,CE,305.0,NATURALGAS23SEP26305CE,0.95,1250,BUY_AGGRESSOR,1665000,8801250
2026-09-17 13:03:00.689,NATGASMINI,CE,265.0,NATGASMINI23SEP26265CE,15.75,250,SELL_AGGRESSOR,236750,258250
2026-09-17 13:03:00.689,NATGASMINI,PE,280.0,NATGASMINI23SEP26280PE,7.7,250,BUY_AGGRESSOR,1524250,2116000
2026-09-17 13:03:06.240,NATURALGAS,CE,280.0,NATURALGAS23SEP26280CE,6.35,1250,BUY_AGGRESSOR,18277500,25460000
2026-09-17 13:03:08.589,NATURALGAS,PE,275.0,NATURALGAS23SEP26275PE,5.0,1250,SELL_AGGRESSOR,6975000,9640000
2026-09-17 13:03:08.589,NATURALGAS,CE,285.0,NATURALGAS23SEP26285CE,4.45,1250,BUY_AGGRESSOR,6248750,16372500
2026-09-17 13:03:08.589,NATURALGAS,CE,290.0,NATURALGAS23SEP26290CE,3.05,25000,BUY_AGGRESSOR,7550000,16163750
2026-09-17 13:03:08.589,NATGASMINI,FUT,0.0,NATGASMINI25SEP26FUT,278.8,500,BUY_AGGRESSOR,4083500,9384000
2026-09-17 13:03:08.589,NATGASMINI,CE,280.0,NATGASMINI23SEP26280CE,6.45,250,BUY_AGGRESSOR,3637000,5327750
2026-09-17 13:03:08.589,NATGASMINI,PE,280.0,NATGASMINI23SEP26280PE,7.7,250,BUY_AGGRESSOR,1524500,2116000
2026-09-17 13:03:08.589,NATGASMINI,PE,285.0,NATGASMINI23SEP26285PE,10.7,250,BUY_AGGRESSOR,570000,520500
2026-09-17 13:03:11.454,NATURALGAS,PE,250.0,NATURALGAS23SEP26250PE,0.35,1250,SELL_AGGRESSOR,1705000,7906250
2026-09-17 13:03:11.454,NATURALGAS,PE,255.0,NATURALGAS23SEP26255PE,0.7,1250,BUY_AGGRESSOR,1976250,5495000
2026-09-17 13:03:11.454,NATURALGAS,PE,265.0,NATURALGAS23SEP26265PE,1.9,5000,SELL_AGGRESSOR,4071250,7892500
2026-09-17 13:03:11.454,NATURALGAS,PE,275.0,NATURALGAS23SEP26275PE,5.0,1250,SELL_AGGRESSOR,6976250,9640000
2026-09-17 13:03:11.454,NATURALGAS,PE,280.0,NATURALGAS23SEP26280PE,7.5,1250,SELL_AGGRESSOR,8177500,12806250
2026-09-17 13:03:11.454,NATGASMINI,CE,280.0,NATGASMINI23SEP26280CE,6.45,250,BUY_AGGRESSOR,3637250,5328000
2026-09-17 13:03:14.128,NATURALGAS,PE,265.0,NATURALGAS23SEP26265PE,1.95,1250,BUY_AGGRESSOR,4072500,7892500
2026-09-17 13:03:19.697,NATGASMINI,CE,270.0,NATGASMINI23SEP26270CE,12.2,250,BUY_AGGRESSOR,849750,865250
2026-09-17 13:03:22.382,NATURALGAS,PE,285.0,NATURALGAS23SEP26285PE,10.55,1250,SELL_AGGRESSOR,2907500,3128750
2026-09-17 13:03:22.382,NATGASMINI,CE,270.0,NATGASMINI23SEP26270CE,12.15,500,SELL,850250,865250
2026-09-17 13:03:22.382,NATGASMINI,PE,280.0,NATGASMINI23SEP26280PE,7.65,23750,SELL_AGGRESSOR,1548250,2116000
2026-09-17 13:03:25.143,NATURALGAS,CE,290.0,NATURALGAS23SEP26290CE,3.0,6250,SELL_AGGRESSOR,7556250,16163750
2026-09-17 13:03:25.143,NATGASMINI,FUT,0.0,NATGASMINI25SEP26FUT,278.9,250,BUY_AGGRESSOR,4083750,9384500
2026-09-17 13:03:25.143,NATGASMINI,PE,280.0,NATGASMINI23SEP26280PE,7.65,2500,SELL_AGGRESSOR,1550750,2116000
2026-09-17 13:03:27.968,NATURALGAS,FUT,0.0,NATURALGAS25SEP26FUT,278.9,16250,BUY_AGGRESSOR,11977500,37930000
2026-09-17 13:03:27.968,NATURALGAS,CE,275.0,NATURALGAS23SEP26275CE,8.8,7500,SELL_AGGRESSOR,5631250,10330000
2026-09-17 13:03:27.968,NATURALGAS,PE,275.0,NATURALGAS23SEP26275PE,5.05,3750,BUY_AGGRESSOR,6980000,9637500
2026-09-17 13:03:27.968,NATURALGAS,PE,280.0,NATURALGAS23SEP26280PE,7.5,1250,SELL_AGGRESSOR,8178750,12806250
2026-09-17 13:03:27.968,NATURALGAS,CE,285.0,NATURALGAS23SEP26285CE,4.4,3750,SELL_AGGRESSOR,6252500,16371250
2026-09-17 13:03:27.968,NATURALGAS,PE,285.0,NATURALGAS23SEP26285PE,10.55,11250,SELL_AGGRESSOR,2918750,3128750
2026-09-17 13:03:27.968,NATGASMINI,CE,280.0,NATGASMINI23SEP26280CE,6.45,3750,BUY_AGGRESSOR,3641000,5328000
2026-09-17 13:03:27.968,NATGASMINI,PE,280.0,NATGASMINI23SEP26280PE,7.65,5000,SELL_AGGRESSOR,1555750,2116000
2026-09-17 13:03:27.968,NATGASMINI,PE,290.0,NATGASMINI23SEP26290PE,14.15,250,SELL_AGGRESSOR,318250,235750
2026-09-17 13:03:33.625,NATURALGAS,FUT,0.0,NATURALGAS25SEP26FUT,278.9,1250,BUY_AGGRESSOR,11978750,37930000
2026-09-17 13:03:33.625,NATURALGAS,PE,280.0,NATURALGAS23SEP26280PE,7.5,5000,BUY_AGGRESSOR,8183750,12806250
2026-09-17 13:03:33.625,NATGASMINI,FUT,0.0,NATGASMINI25SEP26FUT,278.9,2000,BUY_AGGRESSOR,4085750,9384500
2026-09-17 13:03:39.305,NATURALGAS,CE,285.0,NATURALGAS23SEP26285CE,4.4,2500,SELL_AGGRESSOR,6255000,16371250
2026-09-17 13:03:47.105,NATURALGAS,PE,275.0,NATURALGAS23SEP26275PE,5.0,1250,SELL_AGGRESSOR,6981250,9662500
2026-09-17 13:03:49.893,NATURALGAS,CE,290.0,NATURALGAS23SEP26290CE,3.0,1250,SELL_AGGRESSOR,7557500,16163750
2026-09-17 13:03:52.459,NATGASMINI,FUT,0.0,NATGASMINI25SEP26FUT,278.9,500,BUY_AGGRESSOR,4086250,9384000
2026-09-17 13:03:52.459,NATGASMINI,CE,285.0,NATGASMINI23SEP26285CE,4.6,750,BUY_AGGRESSOR,2046000,4236000
2026-09-17 13:03:55.166,NATURALGAS,FUT,0.0,NATURALGAS25SEP26FUT,278.9,1250,BUY_AGGRESSOR,11980000,37935000
2026-09-17 13:04:01.018,NATURALGAS,PE,250.0,NATURALGAS23SEP26250PE,0.4,3750,BUY_AGGRESSOR,1708750,7906250
2026-09-17 13:04:01.018,NATURALGAS,PE,270.0,NATURALGAS23SEP26270PE,3.2,7500,BUY_AGGRESSOR,6623750,13713750
2026-09-17 13:04:01.018,NATURALGAS,CE,290.0,NATURALGAS23SEP26290CE,3.0,1250,SELL_AGGRESSOR,7558750,16187500
2026-09-17 13:04:03.754,NATURALGAS,FUT,0.0,NATURALGAS25SEP26FUT,278.9,1250,BUY_AGGRESSOR,11981250,37938750
2026-09-17 13:04:03.754,NATGASMINI,PE,275.0,NATGASMINI23SEP26275PE,5.2,250,BUY_AGGRESSOR,2166250,1997500
2026-09-17 13:04:06.623,NATGASMINI,CE,280.0,NATGASMINI23SEP26280CE,6.45,1000,BUY_AGGRESSOR,3642000,5327750
2026-09-17 13:04:09.333,NATURALGAS,PE,270.0,NATURALGAS23SEP26270PE,3.2,2500,BUY_AGGRESSOR,6626250,13713750
2026-09-17 13:04:09.333,NATURALGAS,PE,275.0,NATURALGAS23SEP26275PE,5.0,1250,SELL_AGGRESSOR,6982500,9662500
2026-09-17 13:04:09.333,NATURALGAS,CE,280.0,NATURALGAS23SEP26280CE,6.35,1250,BUY_AGGRESSOR,18278750,25441250
2026-09-17 13:04:14.729,NATGASMINI,PE,280.0,NATGASMINI23SEP26280PE,7.65,250,BUY_AGGRESSOR,1556000,2118250
2026-09-17 13:04:14.729,NATGASMINI,CE,300.0,NATGASMINI23SEP26300CE,1.5,250,SELL_AGGRESSOR,478250,2063000
2026-09-17 13:04:20.107,NATURALGAS,CE,280.0,NATURALGAS23SEP26280CE,6.35,1250,BUY_AGGRESSOR,18280000,25441250
2026-09-17 13:04:25.361,NATURALGAS,CE,275.0,NATURALGAS23SEP26275CE,8.8,1250,SELL_AGGRESSOR,5632500,10325000
2026-09-17 13:04:25.361,NATGASMINI,CE,280.0,NATGASMINI23SEP26280CE,6.5,2500,BUY_AGGRESSOR,3644500,5331500
2026-09-17 13:04:30.786,NATURALGAS,FUT,0.0,NATURALGAS25SEP26FUT,278.8,6250,SELL_AGGRESSOR,11987500,37927500
2026-09-17 13:04:33.554,NATGASMINI,CE,270.0,NATGASMINI23SEP26270CE,12.2,250,BUY_AGGRESSOR,850500,865250
2026-09-17 13:04:36.490,NATGASMINI,FUT,0.0,NATGASMINI25SEP26FUT,278.9,250,BUY_AGGRESSOR,4086500,9385000
2026-09-17 13:04:39.328,NATGASMINI,CE,285.0,NATGASMINI23SEP26285CE,4.5,6000,SELL_AGGRESSOR,2052000,4236000
2026-09-17 13:04:41.914,NATGASMINI,PE,290.0,NATGASMINI23SEP26290PE,14.2,500,SELL_AGGRESSOR,318750,235750
2026-09-17 13:04:44.677,NATURALGAS,FUT,0.0,NATURALGAS25SEP26FUT,278.9,6250,BUY_AGGRESSOR,11993750,37927500
2026-09-17 13:04:44.677,NATURALGAS,CE,270.0,NATURALGAS23SEP26270CE,12.0,1250,SELL_AGGRESSOR,3137500,7610000
2026-09-17 13:04:44.677,NATURALGAS,PE,280.0,NATURALGAS23SEP26280PE,7.5,13750,BUY_AGGRESSOR,8197500,12806250
2026-09-17 13:04:44.677,NATURALGAS,CE,285.0,NATURALGAS23SEP26285CE,4.4,1250,SELL_AGGRESSOR,6256250,16360000
2026-09-17 13:04:44.677,NATGASMINI,CE,275.0,NATGASMINI23SEP26275CE,8.95,250,SELL_AGGRESSOR,1742500,1499750
2026-09-17 13:04:44.677,NATGASMINI,PE,280.0,NATGASMINI23SEP26280PE,7.6,500,SELL,1556500,2119250
2026-09-17 13:04:47.406,NATURALGAS,PE,275.0,NATURALGAS23SEP26275PE,5.0,3750,SELL_AGGRESSOR,6986250,9662500
2026-09-17 13:04:47.406,NATGASMINI,FUT,0.0,NATGASMINI25SEP26FUT,278.9,500,BUY_AGGRESSOR,4087000,9384750
2026-09-17 13:04:49.934,NATURALGAS,FUT,0.0,NATURALGAS25SEP26FUT,278.9,1250,BUY_AGGRESSOR,11995000,37926250
2026-09-17 13:04:49.934,NATURALGAS,CE,280.0,NATURALGAS23SEP26280CE,6.3,2500,BUY_AGGRESSOR,18282500,25440000
2026-09-17 13:04:49.934,NATURALGAS,CE,290.0,NATURALGAS23SEP26290CE,3.0,1250,SELL_AGGRESSOR,7560000,16180000
2026-09-17 13:04:49.934,NATGASMINI,PE,280.0,NATGASMINI23SEP26280PE,7.65,1500,BUY_AGGRESSOR,1558000,2119250
2026-09-17 13:04:52.648,NATGASMINI,CE,275.0,NATGASMINI23SEP26275CE,9.0,2500,BUY_AGGRESSOR,1745000,1499750
2026-09-17 13:04:57.874,NATURALGAS,CE,300.0,NATURALGAS23SEP26300CE,1.4,1250,SELL_AGGRESSOR,5135000,16052500
2026-09-17 13:05:00.616,NATURALGAS,PE,255.0,NATURALGAS23SEP26255PE,0.7,2500,BUY_AGGRESSOR,1978750,5495000
2026-09-17 13:05:00.616,NATURALGAS,PE,275.0,NATURALGAS23SEP26275PE,5.0,1250,SELL_AGGRESSOR,6987500,9662500
2026-09-17 13:05:03.597,NATURALGAS,PE,250.0,NATURALGAS23SEP26250PE,0.35,1250,SELL_AGGRESSOR,1710000,7908750
2026-09-17 13:05:03.597,NATURALGAS,CE,280.0,NATURALGAS23SEP26280CE,6.3,2500,BUY_AGGRESSOR,18285000,25440000
2026-09-17 13:05:03.597,NATGASMINI,FUT,0.0,NATGASMINI25SEP26FUT,278.8,1500,SELL_AGGRESSOR,4088500,9384750
2026-09-17 13:05:03.597,NATGASMINI,PE,275.0,NATGASMINI23SEP26275PE,5.1,250,SELL_AGGRESSOR,2166500,1997500
2026-09-17 13:05:03.597,NATGASMINI,CE,290.0,NATGASMINI23SEP26290CE,3.05,250,SELL_AGGRESSOR,1312500,3415750
2026-09-17 13:05:06.209,NATURALGAS,FUT,0.0,NATURALGAS25SEP26FUT,278.9,12500,BUY_AGGRESSOR,12007500,37920000
2026-09-17 13:05:06.209,NATGASMINI,FUT,0.0,NATGASMINI25SEP26FUT,278.8,500,SELL_AGGRESSOR,4089000,9386250
2026-09-17 13:05:11.638,NATURALGAS,CE,275.0,NATURALGAS23SEP26275CE,8.85,1250,BUY_AGGRESSOR,5633750,10322500
2026-09-17 13:05:11.638,NATURALGAS,PE,285.0,NATURALGAS23SEP26285PE,10.6,1250,BUY_AGGRESSOR,2920000,3128750
2026-09-17 13:05:11.638,NATGASMINI,PE,275.0,NATGASMINI23SEP26275PE,5.2,6000,BUY_AGGRESSOR,2172500,1997500
2026-09-17 13:05:14.294,NATGASMINI,FUT,0.0,NATGASMINI25SEP26FUT,278.8,750,SELL_AGGRESSOR,4089750,9386750
2026-09-17 13:05:14.294,NATGASMINI,CE,275.0,NATGASMINI23SEP26275CE,9.0,1250,BUY_AGGRESSOR,1746250,1499750
2026-09-17 13:05:16.830,NATURALGAS,CE,285.0,NATURALGAS23SEP26285CE,4.4,1250,BUY_AGGRESSOR,6257500,16361250
2026-09-17 13:05:16.830,NATGASMINI,FUT,0.0,NATGASMINI25SEP26FUT,278.8,3000,SELL_AGGRESSOR,4092750,9386750
2026-09-17 13:05:16.830,NATGASMINI,CE,270.0,NATGASMINI23SEP26270CE,12.2,500,BUY_AGGRESSOR,851000,865250
2026-09-17 13:05:16.830,NATGASMINI,PE,290.0,NATGASMINI23SEP26290PE,14.2,6000,SELL_AGGRESSOR,324750,236250
2026-09-17 13:05:19.591,NATURALGAS,FUT,0.0,NATURALGAS25SEP26FUT,278.8,6250,SELL_AGGRESSOR,12013750,37920000
2026-09-17 13:05:19.591,NATURALGAS,CE,285.0,NATURALGAS23SEP26285CE,4.35,1250,SELL_AGGRESSOR,6258750,16361250
2026-09-17 13:05:22.142,NATURALGAS,CE,270.0,NATURALGAS23SEP26270CE,12.0,3750,INSIDE,3141250,7610000
2026-09-17 13:05:22.142,NATURALGAS,CE,290.0,NATURALGAS23SEP26290CE,3.05,3750,BUY_AGGRESSOR,7563750,16180000
2026-09-17 13:05:22.142,NATGASMINI,FUT,0.0,NATGASMINI25SEP26FUT,278.9,1250,BUY_AGGRESSOR,4094000,9387750
2026-09-17 13:05:24.929,NATGASMINI,PE,280.0,NATGASMINI23SEP26280PE,7.6,1000,SELL,1559000,2119250
2026-09-17 13:05:24.929,NATGASMINI,PE,290.0,NATGASMINI23SEP26290PE,14.15,250,SELL_AGGRESSOR,325000,241250
2026-09-17 13:05:27.686,NATURALGAS,CE,290.0,NATURALGAS23SEP26290CE,3.05,25000,BUY_AGGRESSOR,7588750,16183750
2026-09-17 13:05:27.686,NATGASMINI,PE,280.0,NATGASMINI23SEP26280PE,7.55,250,SELL_AGGRESSOR,1559250,2119250
2026-09-17 13:05:33.065,NATGASMINI,CE,280.0,NATGASMINI23SEP26280CE,6.45,3000,BUY_AGGRESSOR,3647500,5332500
2026-09-17 13:05:35.822,NATURALGAS,PE,280.0,NATURALGAS23SEP26280PE,7.45,2500,SELL_AGGRESSOR,8200000,12806250
2026-09-17 13:05:35.822,NATURALGAS,CE,300.0,NATURALGAS23SEP26300CE,1.45,1250,BUY_AGGRESSOR,5136250,16052500
2026-09-17 13:05:35.822,NATGASMINI,FUT,0.0,NATGASMINI25SEP26FUT,278.9,500,BUY_AGGRESSOR,4094500,9386750
2026-09-17 13:05:35.822,NATGASMINI,CE,270.0,NATGASMINI23SEP26270CE,12.2,500,SELL_AGGRESSOR,851500,865750
2026-09-17 13:05:35.822,NATGASMINI,PE,270.0,NATGASMINI23SEP26270PE,3.3,500,BUY_AGGRESSOR,1353500,2517250
2026-09-17 13:05:35.822,NATGASMINI,CE,275.0,NATGASMINI23SEP26275CE,9.0,2500,BUY_AGGRESSOR,1748750,1499750
2026-09-17 13:05:35.822,NATGASMINI,CE,280.0,NATGASMINI23SEP26280CE,6.5,250,BUY_AGGRESSOR,3647750,5332500
2026-09-17 13:05:38.653,NATURALGAS,PE,270.0,NATURALGAS23SEP26270PE,3.15,1250,SELL_AGGRESSOR,6627500,13723750
2026-09-17 13:05:41.583,NATURALGAS,FUT,0.0,NATURALGAS25SEP26FUT,278.9,2500,BUY_AGGRESSOR,12016250,37918750
2026-09-17 13:05:41.583,NATURALGAS,CE,270.0,NATURALGAS23SEP26270CE,12.05,2500,BUY_AGGRESSOR,3143750,7613750
2026-09-17 13:05:41.583,NATURALGAS,PE,270.0,NATURALGAS23SEP26270PE,3.2,27500,BUY_AGGRESSOR,6655000,13723750
2026-09-17 13:05:41.583,NATURALGAS,CE,280.0,NATURALGAS23SEP26280CE,6.35,16250,BUY_AGGRESSOR,18301250,25440000
2026-09-17 13:05:41.583,NATURALGAS,PE,280.0,NATURALGAS23SEP26280PE,7.45,5000,SELL_AGGRESSOR,8205000,12803750
2026-09-17 13:05:41.583,NATURALGAS,PE,285.0,NATURALGAS23SEP26285PE,10.5,7500,SELL_AGGRESSOR,2927500,3128750
2026-09-17 13:05:41.583,NATGASMINI,FUT,0.0,NATGASMINI25SEP26FUT,278.9,250,BUY_AGGRESSOR,4094750,9386250
2026-09-17 13:05:41.583,NATGASMINI,PE,260.0,NATGASMINI23SEP26260PE,1.2,250,SELL_AGGRESSOR,1694750,2153000
2026-09-17 13:05:41.583,NATGASMINI,PE,265.0,NATGASMINI23SEP26265PE,1.95,250,SELL_AGGRESSOR,1141500,3343500
2026-09-17 13:05:41.583,NATGASMINI,CE,270.0,NATGASMINI23SEP26270CE,12.2,250,SELL_AGGRESSOR,851750,866250
2026-09-17 13:05:41.583,NATGASMINI,PE,270.0,NATGASMINI23SEP26270PE,3.3,250,BUY_AGGRESSOR,1353750,2517250
2026-09-17 13:05:41.583,NATGASMINI,CE,290.0,NATGASMINI23SEP26290CE,3.1,250,BUY_AGGRESSOR,1312750,3415500
2026-09-17 13:05:44.263,NATURALGAS,CE,280.0,NATURALGAS23SEP26280CE,6.35,1250,INSIDE,18302500,25440000
2026-09-17 13:05:44.263,NATURALGAS,CE,290.0,NATURALGAS23SEP26290CE,3.0,3750,SELL_AGGRESSOR,7592500,16208750
2026-09-17 13:05:44.263,NATURALGAS,CE,305.0,NATURALGAS23SEP26305CE,0.95,2500,BUY_AGGRESSOR,1667500,8800000
2026-09-17 13:05:44.263,NATURALGAS,CE,310.0,NATURALGAS23SEP26310CE,0.7,1250,BUY_AGGRESSOR,1210000,6146250
2026-09-17 13:05:49.682,NATURALGAS,PE,280.0,NATURALGAS23SEP26280PE,7.45,3750,SELL_AGGRESSOR,8208750,12811250
2026-09-17 13:05:52.213,NATURALGAS,FUT,0.0,NATURALGAS25SEP26FUT,278.8,1250,SELL_AGGRESSOR,12017500,37920000
2026-09-17 13:05:52.213,NATURALGAS,PE,280.0,NATURALGAS23SEP26280PE,7.5,3750,BUY_AGGRESSOR,8212500,12810000
2026-09-17 13:05:52.213,NATURALGAS,CE,285.0,NATURALGAS23SEP26285CE,4.4,5000,SELL_AGGRESSOR,6263750,16360000
2026-09-17 13:05:52.213,NATGASMINI,CE,280.0,NATGASMINI23SEP26280CE,6.45,250,SELL_AGGRESSOR,3648000,5335750
2026-09-17 13:05:52.213,NATGASMINI,CE,285.0,NATGASMINI23SEP26285CE,4.55,500,BUY,2052500,4236000
2026-09-17 13:05:57.711,NATURALGAS,CE,280.0,NATURALGAS23SEP26280CE,6.35,2500,BUY_AGGRESSOR,18305000,25430000
2026-09-17 13:05:57.711,NATURALGAS,CE,295.0,NATURALGAS23SEP26295CE,2.05,60000,BUY_AGGRESSOR,4038750,7635000
2026-09-17 13:05:57.711,NATGASMINI,PE,280.0,NATGASMINI23SEP26280PE,7.6,250,SELL_AGGRESSOR,1559500,2119250
2026-09-17 13:06:00.587,NATURALGAS,PE,265.0,NATURALGAS23SEP26265PE,1.95,1250,BUY_AGGRESSOR,4073750,7885000
2026-09-17 13:06:00.587,NATGASMINI,CE,275.0,NATGASMINI23SEP26275CE,9.0,250,BUY_AGGRESSOR,1749000,1497250
2026-09-17 13:06:03.468,NATURALGAS,CE,280.0,NATURALGAS23SEP26280CE,6.3,11250,SELL_AGGRESSOR,18316250,25418750
2026-09-17 13:06:03.468,NATGASMINI,PE,275.0,NATGASMINI23SEP26275PE,5.1,250,SELL_AGGRESSOR,2172750,1997500
2026-09-17 13:06:06.284,NATURALGAS,FUT,0.0,NATURALGAS25SEP26FUT,278.9,1250,BUY_AGGRESSOR,12018750,37921250
2026-09-17 13:06:06.284,NATURALGAS,PE,275.0,NATURALGAS23SEP26275PE,5.05,13750,BUY_AGGRESSOR,7001250,9662500
2026-09-17 13:06:06.284,NATURALGAS,CE,295.0,NATURALGAS23SEP26295CE,2.05,60000,BUY_AGGRESSOR,4098750,7608750
2026-09-17 13:06:06.284,NATGASMINI,FUT,0.0,NATGASMINI25SEP26FUT,278.7,4000,SELL_AGGRESSOR,4098750,9386000
2026-09-17 13:06:06.284,NATGASMINI,PE,275.0,NATGASMINI23SEP26275PE,5.15,13750,BUY,2186500,1997000
2026-09-17 13:06:08.919,NATURALGAS,CE,290.0,NATURALGAS23SEP26290CE,3.0,20000,SELL_AGGRESSOR,7612500,16205000
2026-09-17 13:06:11.659,NATURALGAS,PE,285.0,NATURALGAS23SEP26285PE,10.5,1250,SELL_AGGRESSOR,2928750,3135000
2026-09-17 13:06:11.659,NATGASMINI,PE,255.0,NATGASMINI23SEP26255PE,0.75,250,SELL_AGGRESSOR,2122500,1569500
2026-09-17 13:06:11.659,NATGASMINI,PE,265.0,NATGASMINI23SEP26265PE,2.0,250,BUY_AGGRESSOR,1141750,3343500
2026-09-17 13:06:14.326,NATURALGAS,CE,295.0,NATURALGAS23SEP26295CE,2.05,60000,BUY_AGGRESSOR,4158750,7608750
2026-09-17 13:06:22.541,NATURALGAS,FUT,0.0,NATURALGAS25SEP26FUT,278.9,1250,BUY_AGGRESSOR,12020000,37921250
2026-09-17 13:06:22.541,NATURALGAS,CE,295.0,NATURALGAS23SEP26295CE,2.05,2500,BUY_AGGRESSOR,4161250,7608750
2026-09-17 13:06:22.541,NATGASMINI,PE,275.0,NATGASMINI23SEP26275PE,5.1,250,SELL_AGGRESSOR,2186750,1997000
2026-09-17 13:06:25.317,NATURALGAS,PE,265.0,NATURALGAS23SEP26265PE,1.95,1250,BUY_AGGRESSOR,4075000,7885000
2026-09-17 13:06:27.952,NATURALGAS,FUT,0.0,NATURALGAS25SEP26FUT,278.8,1250,SELL_AGGRESSOR,12021250,37921250
2026-09-17 13:06:27.952,NATURALGAS,PE,280.0,NATURALGAS23SEP26280PE,7.45,6250,SELL_AGGRESSOR,8218750,12808750
2026-09-17 13:06:27.952,NATGASMINI,PE,265.0,NATGASMINI23SEP26265PE,1.95,27500,SELL_AGGRESSOR,1169250,3343500
2026-09-17 13:06:27.952,NATGASMINI,CE,275.0,NATGASMINI23SEP26275CE,8.95,750,SELL_AGGRESSOR,1749750,1497250
2026-09-17 13:06:27.952,NATGASMINI,PE,275.0,NATGASMINI23SEP26275PE,5.1,1750,SELL_AGGRESSOR,2188500,1997000
2026-09-17 13:06:30.698,NATGASMINI,CE,285.0,NATGASMINI23SEP26285CE,4.55,250,INSIDE,2052750,4236000
2026-09-17 13:06:33.626,NATURALGAS,CE,270.0,NATURALGAS23SEP26270CE,12.0,1250,SELL_AGGRESSOR,3145000,7611250
2026-09-17 13:06:33.626,NATURALGAS,PE,280.0,NATURALGAS23SEP26280PE,7.5,12500,BUY_AGGRESSOR,8231250,12808750
2026-09-17 13:06:33.626,NATURALGAS,CE,295.0,NATURALGAS23SEP26295CE,2.05,30000,SELL_AGGRESSOR,4191250,7592500
2026-09-17 13:06:33.626,NATGASMINI,FUT,0.0,NATGASMINI25SEP26FUT,278.9,1250,BUY_AGGRESSOR,4100000,9386000
2026-09-17 13:06:36.425,NATURALGAS,CE,280.0,NATURALGAS23SEP26280CE,6.35,2500,BUY_AGGRESSOR,18318750,25418750
2026-09-17 13:06:36.425,NATGASMINI,CE,275.0,NATGASMINI23SEP26275CE,9.05,250,BUY_AGGRESSOR,1750000,1497250
2026-09-17 13:06:39.187,NATURALGAS,CE,295.0,NATURALGAS23SEP26295CE,2.05,15000,BUY_AGGRESSOR,4206250,7591250
2026-09-17 13:06:42.184,NATGASMINI,CE,295.0,NATGASMINI23SEP26295CE,2.15,750,BUY_AGGRESSOR,673750,1397000
2026-09-17 13:06:44.857,NATGASMINI,PE,290.0,NATGASMINI23SEP26290PE,14.15,250,SELL_AGGRESSOR,325250,242250
2026-09-17 13:06:47.774,NATURALGAS,CE,285.0,NATURALGAS23SEP26285CE,4.45,2500,BUY_AGGRESSOR,6266250,16355000
2026-09-17 13:06:47.774,NATURALGAS,PE,290.0,NATURALGAS23SEP26290PE,14.15,1250,SELL_AGGRESSOR,1882500,4347500
2026-09-17 13:06:50.420,NATGASMINI,FUT,0.0,NATGASMINI25SEP26FUT,278.8,1000,SELL_AGGRESSOR,4101000,9386000
2026-09-17 13:06:50.420,NATGASMINI,CE,265.0,NATGASMINI23SEP26265CE,15.8,750,SELL_AGGRESSOR,237500,258250
2026-09-17 13:06:50.420,NATGASMINI,PE,265.0,NATGASMINI23SEP26265PE,2.0,750,BUY_AGGRESSOR,1170000,3343500
2026-09-17 13:06:50.420,NATGASMINI,CE,280.0,NATGASMINI23SEP26280CE,6.45,500,SELL_AGGRESSOR,3648500,5335750
2026-09-17 13:06:53.210,NATURALGAS,CE,280.0,NATURALGAS23SEP26280CE,6.3,2500,SELL_AGGRESSOR,18321250,25418750
2026-09-17 13:06:53.210,NATURALGAS,CE,285.0,NATURALGAS23SEP26285CE,4.4,5000,SELL_AGGRESSOR,6271250,16355000
2026-09-17 13:06:55.975,NATURALGAS,FUT,0.0,NATURALGAS25SEP26FUT,278.8,6250,SELL_AGGRESSOR,12027500,37922500
2026-09-17 13:06:55.975,NATURALGAS,CE,275.0,NATURALGAS23SEP26275CE,8.85,1250,BUY_AGGRESSOR,5635000,10322500
2026-09-17 13:06:55.975,NATGASMINI,CE,285.0,NATGASMINI23SEP26285CE,4.5,17000,SELL_AGGRESSOR,2069750,4236000
2026-09-17 13:06:58.785,NATURALGAS,PE,280.0,NATURALGAS23SEP26280PE,7.5,1250,SELL_AGGRESSOR,8232500,12790000
2026-09-17 13:06:58.785,NATGASMINI,CE,280.0,NATGASMINI23SEP26280CE,6.4,500,SELL_AGGRESSOR,3649000,5335750
2026-09-17 13:07:04.433,NATGASMINI,CE,270.0,NATGASMINI23SEP26270CE,12.1,250,SELL_AGGRESSOR,852000,866500
2026-09-17 13:07:07.263,NATURALGAS,CE,280.0,NATURALGAS23SEP26280CE,6.35,1250,BUY_AGGRESSOR,18322500,25421250
2026-09-17 13:07:10.179,NATGASMINI,FUT,0.0,NATGASMINI25SEP26FUT,278.7,250,SELL_AGGRESSOR,4101250,9388000
2026-09-17 13:07:12.769,NATURALGAS,CE,280.0,NATURALGAS23SEP26280CE,6.35,1250,BUY_AGGRESSOR,18323750,25422500
2026-09-17 13:07:12.769,NATURALGAS,PE,280.0,NATURALGAS23SEP26280PE,7.55,1250,BUY_AGGRESSOR,8233750,12790000
2026-09-17 13:07:12.769,NATURALGAS,CE,285.0,NATURALGAS23SEP26285CE,4.45,1250,BUY_AGGRESSOR,6272500,16361250
2026-09-17 13:07:12.769,NATURALGAS,CE,290.0,NATURALGAS23SEP26290CE,3.0,2500,SELL_AGGRESSOR,7615000,16207500
2026-09-17 13:07:12.769,NATGASMINI,FUT,0.0,NATGASMINI25SEP26FUT,278.8,250,BUY_AGGRESSOR,4101500,9388000
2026-09-17 13:07:12.769,NATGASMINI,PE,275.0,NATGASMINI23SEP26275PE,5.15,250,SELL_AGGRESSOR,2188750,1997250
2026-09-17 13:07:15.732,NATURALGAS,FUT,0.0,NATURALGAS25SEP26FUT,278.8,1250,SELL_AGGRESSOR,12028750,37916250
2026-09-17 13:07:18.477,NATURALGAS,PE,260.0,NATURALGAS23SEP26260PE,1.15,15000,BUY_AGGRESSOR,5445000,10075000
2026-09-17 13:07:18.477,NATGASMINI,PE,260.0,NATGASMINI23SEP26260PE,1.2,18000,SELL_AGGRESSOR,1712750,2153250
2026-09-17 13:07:18.477,NATGASMINI,PE,265.0,NATGASMINI23SEP26265PE,2.0,2500,BUY_AGGRESSOR,1172500,3342750
2026-09-17 13:07:23.877,NATGASMINI,FUT,0.0,NATGASMINI25SEP26FUT,278.9,250,BUY_AGGRESSOR,4101750,9388500
2026-09-17 13:07:23.877,NATGASMINI,PE,285.0,NATGASMINI23SEP26285PE,10.65,2000,SELL_AGGRESSOR,572000,520500
2026-09-17 13:07:26.606,NATURALGAS,CE,290.0,NATURALGAS23SEP26290CE,3.0,1250,SELL_AGGRESSOR,7616250,16207500
2026-09-17 13:07:26.606,NATGASMINI,CE,285.0,NATGASMINI23SEP26285CE,4.5,250,SELL_AGGRESSOR,2070000,4236000
2026-09-17 13:07:32.251,NATURALGAS,PE,265.0,NATURALGAS23SEP26265PE,1.95,1250,BUY_AGGRESSOR,4076250,7885000
2026-09-17 13:07:32.251,NATURALGAS,CE,280.0,NATURALGAS23SEP26280CE,6.35,6250,BUY_AGGRESSOR,18330000,25422500
2026-09-17 13:07:32.251,NATGASMINI,CE,295.0,NATGASMINI23SEP26295CE,2.15,250,BUY_AGGRESSOR,674000,1397000
2026-09-17 13:07:35.047,NATURALGAS,FUT,0.0,NATURALGAS25SEP26FUT,278.9,3750,BUY_AGGRESSOR,12032500,37915000
2026-09-17 13:07:35.047,NATGASMINI,FUT,0.0,NATGASMINI25SEP26FUT,278.9,250,BUY_AGGRESSOR,4102000,9388500
2026-09-17 13:07:35.047,NATGASMINI,PE,280.0,NATGASMINI23SEP26280PE,7.65,250,BUY_AGGRESSOR,1559750,2119250
2026-09-17 13:07:37.781,NATGASMINI,CE,275.0,NATGASMINI23SEP26275CE,9.05,250,BUY_AGGRESSOR,1750250,1497000
2026-09-17 13:07:37.781,NATGASMINI,CE,280.0,NATGASMINI23SEP26280CE,6.5,250,BUY_AGGRESSOR,3649250,5335500
2026-09-17 13:07:40.399,NATGASMINI,FUT,0.0,NATGASMINI25SEP26FUT,278.9,2500,BUY_AGGRESSOR,4104500,9388500
2026-09-17 13:07:42.952,NATGASMINI,PE,275.0,NATGASMINI23SEP26275PE,5.1,250,SELL_AGGRESSOR,2189000,1997500
2026-09-17 13:07:42.952,NATGASMINI,CE,280.0,NATGASMINI23SEP26280CE,6.5,750,BUY_AGGRESSOR,3650000,5335500
2026-09-17 13:07:48.349,NATURALGAS,FUT,0.0,NATURALGAS25SEP26FUT,278.8,12500,SELL_AGGRESSOR,12045000,37915000
2026-09-17 13:07:48.349,NATURALGAS,PE,280.0,NATURALGAS23SEP26280PE,7.5,1250,BUY_AGGRESSOR,8235000,12790000
2026-09-17 13:07:48.349,NATGASMINI,PE,270.0,NATGASMINI23SEP26270PE,3.3,250,INSIDE,1354000,2517250
2026-09-17 13:07:51.001,NATGASMINI,FUT,0.0,NATGASMINI25SEP26FUT,278.9,750,BUY_AGGRESSOR,4105250,9388500
2026-09-17 13:07:51.001,NATGASMINI,PE,275.0,NATGASMINI23SEP26275PE,5.1,1000,SELL_AGGRESSOR,2190000,1997500
2026-09-17 13:07:53.785,NATURALGAS,FUT,0.0,NATURALGAS25SEP26FUT,278.9,12500,BUY_AGGRESSOR,12057500,37907500
2026-09-17 13:07:56.603,NATURALGAS,FUT,0.0,NATURALGAS25SEP26FUT,278.8,6250,SELL_AGGRESSOR,12063750,37907500
2026-09-17 13:07:56.603,NATGASMINI,PE,275.0,NATGASMINI23SEP26275PE,5.15,250,BUY,2190250,1997500
2026-09-17 13:07:56.603,NATGASMINI,CE,280.0,NATGASMINI23SEP26280CE,6.45,500,SELL_AGGRESSOR,3650500,5335500
2026-09-17 13:07:56.603,NATGASMINI,CE,285.0,NATGASMINI23SEP26285CE,4.5,22000,SELL_AGGRESSOR,2092000,4236000
2026-09-17 13:07:59.319,NATURALGAS,FUT,0.0,NATURALGAS25SEP26FUT,278.9,6250,BUY_AGGRESSOR,12070000,37903750
2026-09-17 13:07:59.319,NATURALGAS,PE,280.0,NATURALGAS23SEP26280PE,7.5,2500,SELL_AGGRESSOR,8237500,12790000
2026-09-17 13:08:02.074,NATURALGAS,PE,265.0,NATURALGAS23SEP26265PE,1.95,2500,BUY_AGGRESSOR,4078750,7885000
2026-09-17 13:08:05.092,NATURALGAS,CE,265.0,NATURALGAS23SEP26265CE,15.75,1250,BUY_AGGRESSOR,788750,2172500
2026-09-17 13:08:05.092,NATGASMINI,CE,275.0,NATGASMINI23SEP26275CE,9.0,250,SELL,1750500,1497250
2026-09-17 13:08:05.092,NATGASMINI,CE,290.0,NATGASMINI23SEP26290CE,3.1,500,BUY_AGGRESSOR,1313250,3416000
2026-09-17 13:08:08.123,NATURALGAS,CE,270.0,NATURALGAS23SEP26270CE,12.0,1250,SELL_AGGRESSOR,3146250,7610000
2026-09-17 13:08:08.123,NATGASMINI,PE,270.0,NATGASMINI23SEP26270PE,3.25,6000,SELL_AGGRESSOR,1360000,2517250
2026-09-17 13:08:10.952,NATURALGAS,CE,280.0,NATURALGAS23SEP26280CE,6.35,5000,BUY_AGGRESSOR,18335000,25420000
2026-09-17 13:08:10.952,NATURALGAS,CE,285.0,NATURALGAS23SEP26285CE,4.4,1250,SELL_AGGRESSOR,6273750,16361250
2026-09-17 13:08:10.952,NATGASMINI,CE,275.0,NATGASMINI23SEP26275CE,8.95,250,SELL_AGGRESSOR,1750750,1497000
2026-09-17 13:08:16.310,NATGASMINI,CE,280.0,NATGASMINI23SEP26280CE,6.5,11000,BUY_AGGRESSOR,3661500,5335250
2026-09-17 13:08:18.886,NATURALGAS,FUT,0.0,NATURALGAS25SEP26FUT,278.8,1250,SELL_AGGRESSOR,12071250,37903750
2026-09-17 13:08:18.886,NATGASMINI,CE,280.0,NATGASMINI23SEP26280CE,6.45,13000,SELL_AGGRESSOR,3674500,5335000
2026-09-17 13:08:21.557,NATURALGAS,CE,285.0,NATURALGAS23SEP26285CE,4.4,7500,SELL_AGGRESSOR,6281250,16353750
2026-09-17 13:08:21.557,NATGASMINI,FUT,0.0,NATGASMINI25SEP26FUT,278.8,250,SELL_AGGRESSOR,4105500,9388000
2026-09-17 13:08:24.325,NATGASMINI,FUT,0.0,NATGASMINI25SEP26FUT,278.7,2500,SELL_AGGRESSOR,4108000,9387250
2026-09-17 13:08:29.617,NATGASMINI,CE,280.0,NATGASMINI23SEP26280CE,6.5,500,BUY_AGGRESSOR,3675000,5335000
2026-09-17 13:08:29.617,NATGASMINI,CE,285.0,NATGASMINI23SEP26285CE,4.5,250,SELL_AGGRESSOR,2092250,4234250
2026-09-17 13:08:35.213,NATURALGAS,CE,270.0,NATURALGAS23SEP26270CE,12.05,1250,BUY_AGGRESSOR,3147500,7611250
2026-09-17 13:08:35.213,NATURALGAS,CE,280.0,NATURALGAS23SEP26280CE,6.35,2500,BUY_AGGRESSOR,18337500,25420000
2026-09-17 13:08:35.213,NATGASMINI,CE,275.0,NATGASMINI23SEP26275CE,9.05,250,BUY_AGGRESSOR,1751000,1497000
2026-09-17 13:08:35.213,NATGASMINI,CE,280.0,NATGASMINI23SEP26280CE,6.45,750,SELL_AGGRESSOR,3675750,5335250
2026-09-17 13:08:35.213,NATGASMINI,CE,285.0,NATGASMINI23SEP26285CE,4.55,250,BUY_AGGRESSOR,2092500,4233750
2026-09-17 13:08:37.844,NATGASMINI,PE,270.0,NATGASMINI23SEP26270PE,3.25,250,SELL_AGGRESSOR,1360250,2517500
2026-09-17 13:08:37.844,NATGASMINI,CE,285.0,NATGASMINI23SEP26285CE,4.5,250,SELL_AGGRESSOR,2092750,4233500
2026-09-17 13:08:40.514,NATURALGAS,FUT,0.0,NATURALGAS25SEP26FUT,278.9,1250,BUY_AGGRESSOR,12072500,37903750
2026-09-17 13:08:40.514,NATURALGAS,CE,290.0,NATURALGAS23SEP26290CE,3.0,11250,SELL_AGGRESSOR,7627500,16197500
2026-09-17 13:08:40.514,NATGASMINI,PE,260.0,NATGASMINI23SEP26260PE,1.2,15000,SELL_AGGRESSOR,1727750,2179500
2026-09-17 13:08:40.514,NATGASMINI,PE,275.0,NATGASMINI23SEP26275PE,5.1,250,SELL_AGGRESSOR,2190500,1997750
2026-09-17 13:08:43.349,NATURALGAS,PE,260.0,NATURALGAS23SEP26260PE,1.15,80000,BUY_AGGRESSOR,5525000,10071250
2026-09-17 13:08:43.349,NATGASMINI,FUT,0.0,NATGASMINI25SEP26FUT,278.8,3750,SELL_AGGRESSOR,4111750,9387250
2026-09-17 13:08:43.349,NATGASMINI,PE,260.0,NATGASMINI23SEP26260PE,1.15,6000,SELL_AGGRESSOR,1733750,2185500
2026-09-17 13:08:43.349,NATGASMINI,CE,265.0,NATGASMINI23SEP26265CE,15.85,250,BUY_AGGRESSOR,237750,258750
2026-09-17 13:08:46.131,NATURALGAS,PE,260.0,NATURALGAS23SEP26260PE,1.1,8750,SELL_AGGRESSOR,5533750,10017500
2026-09-17 13:08:46.131,NATURALGAS,CE,285.0,NATURALGAS23SEP26285CE,4.45,1250,BUY_AGGRESSOR,6282500,16353750
2026-09-17 13:08:46.131,NATURALGAS,CE,300.0,NATURALGAS23SEP26300CE,1.45,10000,BUY_AGGRESSOR,5146250,16063750
2026-09-17 13:08:46.131,NATGASMINI,CE,265.0,NATGASMINI23SEP26265CE,15.8,250,SELL_AGGRESSOR,238000,258500
2026-09-17 13:08:46.131,NATGASMINI,PE,265.0,NATGASMINI23SEP26265PE,2.0,250,BUY_AGGRESSOR,1172750,3340250
2026-09-17 13:08:46.131,NATGASMINI,CE,270.0,NATGASMINI23SEP26270CE,12.15,250,SELL_AGGRESSOR,852250,866750
2026-09-17 13:08:46.131,NATGASMINI,PE,270.0,NATGASMINI23SEP26270PE,3.3,500,BUY_AGGRESSOR,1360750,2517500
2026-09-17 13:08:46.131,NATGASMINI,PE,275.0,NATGASMINI23SEP26275PE,5.15,500,BUY_AGGRESSOR,2191000,1998250
2026-09-17 13:08:49.053,NATURALGAS,FUT,0.0,NATURALGAS25SEP26FUT,278.9,1250,BUY_AGGRESSOR,12073750,37903750
2026-09-17 13:08:51.687,NATGASMINI,FUT,0.0,NATGASMINI25SEP26FUT,278.8,250,SELL_AGGRESSOR,4112000,9390250
2026-09-17 13:08:51.687,NATGASMINI,CE,270.0,NATGASMINI23SEP26270CE,12.15,250,SELL_AGGRESSOR,852500,866750
2026-09-17 13:08:51.687,NATGASMINI,PE,270.0,NATGASMINI23SEP26270PE,3.3,500,BUY_AGGRESSOR,1361250,2517500
2026-09-17 13:08:54.235,NATGASMINI,PE,255.0,NATGASMINI23SEP26255PE,0.8,1250,BUY_AGGRESSOR,2123750,1569500
2026-09-17 13:08:54.235,NATGASMINI,CE,270.0,NATGASMINI23SEP26270CE,12.25,250,BUY_AGGRESSOR,852750,866750
2026-09-17 13:08:54.235,NATGASMINI,CE,280.0,NATGASMINI23SEP26280CE,6.45,1250,SELL_AGGRESSOR,3677000,5335250
2026-09-17 13:08:54.235,NATGASMINI,PE,280.0,NATGASMINI23SEP26280PE,7.6,1250,SELL_AGGRESSOR,1561000,2119500
2026-09-17 13:08:54.235,NATGASMINI,CE,305.0,NATGASMINI23SEP26305CE,1.05,1250,BUY_AGGRESSOR,149000,1265000
2026-09-17 13:08:56.997,NATURALGAS,FUT,0.0,NATURALGAS25SEP26FUT,278.8,1250,SELL_AGGRESSOR,12075000,37903750
2026-09-17 13:08:56.997,NATURALGAS,CE,270.0,NATURALGAS23SEP26270CE,12.0,1250,SELL_AGGRESSOR,3148750,7611250
2026-09-17 13:08:56.997,NATURALGAS,PE,270.0,NATURALGAS23SEP26270PE,3.2,1250,BUY_AGGRESSOR,6656250,13732500
2026-09-17 13:08:59.697,NATGASMINI,PE,270.0,NATGASMINI23SEP26270PE,3.3,3500,BUY_AGGRESSOR,1364750,2517500
2026-09-17 13:09:05.227,NATURALGAS,CE,270.0,NATURALGAS23SEP26270CE,12.05,1250,BUY_AGGRESSOR,3150000,7612500
2026-09-17 13:09:05.227,NATGASMINI,FUT,0.0,NATGASMINI25SEP26FUT,278.8,500,INSIDE,4112500,9390000
2026-09-17 13:09:05.227,NATGASMINI,CE,280.0,NATGASMINI23SEP26280CE,6.45,1250,BUY_AGGRESSOR,3678250,5336500
2026-09-17 13:09:07.935,NATURALGAS,CE,270.0,NATURALGAS23SEP26270CE,12.0,7500,SELL_AGGRESSOR,3157500,7612500
2026-09-17 13:09:07.935,NATURALGAS,PE,270.0,NATURALGAS23SEP26270PE,3.2,48750,BUY_AGGRESSOR,6705000,13731250
2026-09-17 13:09:07.935,NATURALGAS,PE,275.0,NATURALGAS23SEP26275PE,5.05,2500,BUY_AGGRESSOR,7003750,9662500
2026-09-17 13:09:07.935,NATURALGAS,PE,280.0,NATURALGAS23SEP26280PE,7.55,1250,BUY_AGGRESSOR,8238750,12790000
2026-09-17 13:09:07.935,NATURALGAS,CE,285.0,NATURALGAS23SEP26285CE,4.4,5000,SELL_AGGRESSOR,6287500,16353750
2026-09-17 13:09:07.935,NATURALGAS,PE,285.0,NATURALGAS23SEP26285PE,10.6,3750,BUY_AGGRESSOR,2932500,3133750
2026-09-17 13:09:07.935,NATURALGAS,PE,290.0,NATURALGAS23SEP26290PE,14.2,2500,BUY_AGGRESSOR,1885000,4346250
2026-09-17 13:09:07.935,NATGASMINI,FUT,0.0,NATGASMINI25SEP26FUT,278.9,250,BUY_AGGRESSOR,4112750,9390000
2026-09-17 13:09:07.935,NATGASMINI,PE,280.0,NATGASMINI23SEP26280PE,7.6,1250,SELL_AGGRESSOR,1562250,2120750
2026-09-17 13:09:10.433,NATURALGAS,CE,285.0,NATURALGAS23SEP26285CE,4.4,1250,BUY_AGGRESSOR,6288750,16358750
2026-09-17 13:09:10.433,NATGASMINI,FUT,0.0,NATGASMINI25SEP26FUT,278.8,250,BUY_AGGRESSOR,4113000,9390000
2026-09-17 13:09:10.433,NATGASMINI,PE,255.0,NATGASMINI23SEP26255PE,0.8,250,BUY_AGGRESSOR,2124000,1569250
2026-09-17 13:09:10.433,NATGASMINI,CE,275.0,NATGASMINI23SEP26275CE,8.95,250,SELL_AGGRESSOR,1751250,1497000
2026-09-17 13:09:10.433,NATGASMINI,CE,280.0,NATGASMINI23SEP26280CE,6.45,1000,SELL_AGGRESSOR,3679250,5336250
2026-09-17 13:09:10.433,NATGASMINI,PE,280.0,NATGASMINI23SEP26280PE,7.65,500,BUY_AGGRESSOR,1562750,2120750
2026-09-17 13:09:10.433,NATGASMINI,CE,285.0,NATGASMINI23SEP26285CE,4.5,13750,SELL_AGGRESSOR,2106500,4233250
2026-09-17 13:09:10.433,NATGASMINI,PE,290.0,NATGASMINI23SEP26290PE,14.25,250,BUY_AGGRESSOR,325500,242250
2026-09-17 13:09:13.107,NATURALGAS,PE,285.0,NATURALGAS23SEP26285PE,10.6,2500,SELL_AGGRESSOR,2935000,3127500
2026-09-17 13:09:15.889,NATURALGAS,CE,275.0,NATURALGAS23SEP26275CE,8.8,12500,SELL_AGGRESSOR,5647500,10327500
2026-09-17 13:09:15.889,NATURALGAS,PE,285.0,NATURALGAS23SEP26285PE,10.65,1250,BUY_AGGRESSOR,2936250,3126250
2026-09-17 13:09:15.889,NATURALGAS,PE,290.0,NATURALGAS23SEP26290PE,14.25,1250,BUY_AGGRESSOR,1886250,4343750
2026-09-17 13:09:15.889,NATGASMINI,PE,265.0,NATGASMINI23SEP26265PE,2.0,1250,BUY_AGGRESSOR,1174000,3340250
2026-09-17 13:09:15.889,NATGASMINI,CE,275.0,NATGASMINI23SEP26275CE,8.95,1000,SELL_AGGRESSOR,1752250,1498000
2026-09-17 13:09:15.889,NATGASMINI,PE,280.0,NATGASMINI23SEP26280PE,7.7,750,BUY_AGGRESSOR,1563500,2121250
2026-09-17 13:09:15.889,NATGASMINI,CE,285.0,NATGASMINI23SEP26285CE,4.5,9500,SELL_AGGRESSOR,2116000,4233250
2026-09-17 13:09:18.731,NATURALGAS,FUT,0.0,NATURALGAS25SEP26FUT,278.8,8750,BUY_AGGRESSOR,12083750,37903750
2026-09-17 13:09:18.731,NATURALGAS,PE,275.0,NATURALGAS23SEP26275PE,5.1,1250,BUY_AGGRESSOR,7005000,9660000
2026-09-17 13:09:18.731,NATURALGAS,CE,290.0,NATURALGAS23SEP26290CE,3.0,1250,BUY_AGGRESSOR,7628750,16198750
2026-09-17 13:09:18.731,NATGASMINI,CE,280.0,NATGASMINI23SEP26280CE,6.45,250,BUY_AGGRESSOR,3679500,5336250
2026-09-17 13:09:21.255,NATGASMINI,FUT,0.0,NATGASMINI25SEP26FUT,278.8,250,BUY_AGGRESSOR,4113250,9389750
2026-09-17 13:09:21.255,NATGASMINI,PE,275.0,NATGASMINI23SEP26275PE,5.15,250,SELL_AGGRESSOR,2191250,1998250
2026-09-17 13:09:21.255,NATGASMINI,PE,280.0,NATGASMINI23SEP26280PE,7.7,500,BUY_AGGRESSOR,1564000,2122000
2026-09-17 13:09:24.040,NATURALGAS,PE,280.0,NATURALGAS23SEP26280PE,7.55,1250,SELL_AGGRESSOR,8240000,12790000
2026-09-17 13:09:24.040,NATGASMINI,CE,285.0,NATGASMINI23SEP26285CE,4.45,750,SELL_AGGRESSOR,2116750,4233000
2026-09-17 13:09:29.150,NATURALGAS,PE,285.0,NATURALGAS23SEP26285PE,10.65,1250,INSIDE,2937500,3126250
2026-09-17 13:09:29.150,NATGASMINI,CE,280.0,NATGASMINI23SEP26280CE,6.45,250,BUY_AGGRESSOR,3679750,5336500
2026-09-17 13:09:31.753,NATURALGAS,CE,300.0,NATURALGAS23SEP26300CE,1.45,1250,BUY_AGGRESSOR,5147500,16063750
2026-09-17 13:09:34.301,NATURALGAS,CE,280.0,NATURALGAS23SEP26280CE,6.25,2500,SELL_AGGRESSOR,18340000,25420000
2026-09-17 13:09:34.301,NATURALGAS,PE,300.0,NATURALGAS23SEP26300PE,22.6,1250,SELL_AGGRESSOR,171250,1343750
2026-09-17 13:09:34.301,NATGASMINI,PE,275.0,NATGASMINI23SEP26275PE,5.15,2000,SELL_AGGRESSOR,2193250,1998500
2026-09-17 13:09:34.301,NATGASMINI,PE,290.0,NATGASMINI23SEP26290PE,14.35,1250,BUY_AGGRESSOR,326750,242000
2026-09-17 13:09:34.301,NATGASMINI,CE,295.0,NATGASMINI23SEP26295CE,2.1,250,SELL_AGGRESSOR,674250,1397000
2026-09-17 13:09:39.619,NATGASMINI,PE,270.0,NATGASMINI23SEP26270PE,3.3,250,SELL_AGGRESSOR,1365000,2517500
2026-09-17 13:09:42.292,NATURALGAS,CE,290.0,NATURALGAS23SEP26290CE,2.95,2500,SELL_AGGRESSOR,7631250,16198750
2026-09-17 13:09:45.058,NATGASMINI,CE,270.0,NATGASMINI23SEP26270CE,12.1,250,SELL,853000,867250
2026-09-17 13:09:47.709,NATGASMINI,FUT,0.0,NATGASMINI25SEP26FUT,278.8,6000,BUY_AGGRESSOR,4119250,9389500
2026-09-17 13:09:47.709,NATGASMINI,CE,300.0,NATGASMINI23SEP26300CE,1.5,1500,SELL_AGGRESSOR,479750,2063250
2026-09-17 13:09:50.490,NATURALGAS,FUT,0.0,NATURALGAS25SEP26FUT,278.7,1250,SELL_AGGRESSOR,12085000,37903750
2026-09-17 13:09:50.490,NATGASMINI,PE,270.0,NATGASMINI23SEP26270PE,3.3,250,SELL_AGGRESSOR,1365250,2517250
2026-09-17 13:09:53.379,NATGASMINI,CE,295.0,NATGASMINI23SEP26295CE,2.05,750,SELL_AGGRESSOR,675000,1397250
2026-09-17 13:09:56.242,NATURALGAS,CE,275.0,NATURALGAS23SEP26275CE,8.75,2500,SELL_AGGRESSOR,5650000,10335000
2026-09-17 13:09:56.242,NATURALGAS,PE,275.0,NATURALGAS23SEP26275PE,5.1,45000,BUY_AGGRESSOR,7050000,9660000
2026-09-17 13:09:56.242,NATURALGAS,CE,280.0,NATURALGAS23SEP26280CE,6.25,16250,SELL_AGGRESSOR,18356250,25418750
2026-09-17 13:09:56.242,NATGASMINI,FUT,0.0,NATGASMINI25SEP26FUT,278.8,1500,BUY_AGGRESSOR,4120750,9389500
2026-09-17 13:09:58.852,NATURALGAS,CE,285.0,NATURALGAS23SEP26285CE,4.35,1250,SELL_AGGRESSOR,6290000,16358750
2026-09-17 13:09:58.852,NATGASMINI,CE,275.0,NATGASMINI23SEP26275CE,8.9,250,SELL_AGGRESSOR,1752500,1498000
2026-09-17 13:09:58.852,NATGASMINI,CE,280.0,NATGASMINI23SEP26280CE,6.4,2000,SELL_AGGRESSOR,3681750,5336500
2026-09-17 13:09:58.852,NATGASMINI,PE,280.0,NATGASMINI23SEP26280PE,7.7,8250,BUY_AGGRESSOR,1572250,2122500
2026-09-17 13:09:58.852,NATGASMINI,CE,290.0,NATGASMINI23SEP26290CE,3.05,4000,SELL_AGGRESSOR,1317250,3416000
2026-09-17 13:10:01.445,NATURALGAS,FUT,0.0,NATURALGAS25SEP26FUT,278.7,38750,SELL_AGGRESSOR,12123750,37903750
2026-09-17 13:10:01.445,NATURALGAS,PE,270.0,NATURALGAS23SEP26270PE,3.25,45000,BUY_AGGRESSOR,6750000,13702500
2026-09-17 13:10:01.445,NATURALGAS,CE,280.0,NATURALGAS23SEP26280CE,6.25,5000,INSIDE,18361250,25418750
2026-09-17 13:10:01.445,NATURALGAS,CE,300.0,NATURALGAS23SEP26300CE,1.4,11250,SELL_AGGRESSOR,5158750,16065000
2026-09-17 13:10:01.445,NATGASMINI,FUT,0.0,NATGASMINI25SEP26FUT,278.7,9000,SELL_AGGRESSOR,4129750,9389500
2026-09-17 13:10:01.445,NATGASMINI,CE,270.0,NATGASMINI23SEP26270CE,12.05,250,SELL_AGGRESSOR,853250,867250
2026-09-17 13:10:01.445,NATGASMINI,PE,275.0,NATGASMINI23SEP26275PE,5.2,250,SELL_AGGRESSOR,2193500,1998000
2026-09-17 13:10:01.445,NATGASMINI,PE,285.0,NATGASMINI23SEP26285PE,10.75,250,BUY_AGGRESSOR,572250,520500
2026-09-17 13:10:04.065,NATGASMINI,FUT,0.0,NATGASMINI25SEP26FUT,278.7,250,BUY_AGGRESSOR,4130000,9389250
2026-09-17 13:10:04.065,NATGASMINI,PE,265.0,NATGASMINI23SEP26265PE,2.0,1000,SELL_AGGRESSOR,1175000,3340250
2026-09-17 13:10:06.874,NATGASMINI,FUT,0.0,NATGASMINI25SEP26FUT,278.7,500,BUY_AGGRESSOR,4130500,9388500
2026-09-17 13:10:06.874,NATGASMINI,PE,265.0,NATGASMINI23SEP26265PE,2.0,750,BUY_AGGRESSOR,1175750,3340250
2026-09-17 13:10:06.874,NATGASMINI,CE,270.0,NATGASMINI23SEP26270CE,12.05,250,INSIDE,853500,867250
2026-09-17 13:10:12.432,NATURALGAS,CE,275.0,NATURALGAS23SEP26275CE,8.7,1250,SELL_AGGRESSOR,5651250,10337500
2026-09-17 13:10:12.432,NATURALGAS,CE,285.0,NATURALGAS23SEP26285CE,4.35,1250,SELL_AGGRESSOR,6291250,16357500
2026-09-17 13:10:12.432,NATURALGAS,PE,285.0,NATURALGAS23SEP26285PE,10.75,1250,BUY_AGGRESSOR,2938750,3125000
2026-09-17 13:10:12.432,NATGASMINI,FUT,0.0,NATGASMINI25SEP26FUT,278.7,250,SELL_AGGRESSOR,4130750,9385250
2026-09-17 13:10:12.432,NATGASMINI,PE,280.0,NATGASMINI23SEP26280PE,7.7,250,SELL_AGGRESSOR,1572500,2122500
2026-09-17 13:10:12.432,NATGASMINI,CE,285.0,NATGASMINI23SEP26285CE,4.5,250,BUY_AGGRESSOR,2117000,4233000
2026-09-17 13:10:15.313,NATURALGAS,PE,280.0,NATURALGAS23SEP26280PE,7.55,8750,SELL_AGGRESSOR,8248750,12788750
2026-09-17 13:10:15.313,NATGASMINI,PE,275.0,NATGASMINI23SEP26275PE,5.2,250,SELL_AGGRESSOR,2193750,1998250
2026-09-17 13:10:17.924,NATURALGAS,PE,250.0,NATURALGAS23SEP26250PE,0.4,10000,BUY_AGGRESSOR,1720000,7907500
2026-09-17 13:10:17.924,NATGASMINI,FUT,0.0,NATGASMINI25SEP26FUT,278.7,250,SELL_AGGRESSOR,4131000,9385750
2026-09-17 13:10:17.924,NATGASMINI,CE,275.0,NATGASMINI23SEP26275CE,8.9,500,BUY_AGGRESSOR,1753000,1498250
2026-09-17 13:10:20.695,NATURALGAS,FUT,0.0,NATURALGAS25SEP26FUT,278.8,1250,BUY_AGGRESSOR,12125000,37896250
2026-09-17 13:10:20.695,NATURALGAS,CE,280.0,NATURALGAS23SEP26280CE,6.2,1250,SELL_AGGRESSOR,18362500,25435000
2026-09-17 13:10:23.233,NATURALGAS,CE,290.0,NATURALGAS23SEP26290CE,2.95,2500,SELL_AGGRESSOR,7633750,16198750
2026-09-17 13:10:23.233,NATGASMINI,FUT,0.0,NATGASMINI25SEP26FUT,278.6,250,SELL_AGGRESSOR,4131250,9386000
2026-09-17 13:10:28.705,NATURALGAS,CE,285.0,NATURALGAS23SEP26285CE,4.35,5000,SELL_AGGRESSOR,6296250,16357500
2026-09-17 13:10:28.705,NATGASMINI,CE,275.0,NATGASMINI23SEP26275CE,8.9,500,BUY_AGGRESSOR,1753500,1498750
2026-09-17 13:10:31.308,NATGASMINI,PE,280.0,NATGASMINI23SEP26280PE,7.65,750,SELL_AGGRESSOR,1573250,2122750
2026-09-17 13:10:34.445,NATURALGAS,FUT,0.0,NATURALGAS25SEP26FUT,278.8,1250,BUY_AGGRESSOR,12126250,37896250
2026-09-17 13:10:34.445,NATURALGAS,PE,275.0,NATURALGAS23SEP26275PE,5.15,1250,BUY_AGGRESSOR,7051250,9615000
2026-09-17 13:10:37.133,NATURALGAS,CE,280.0,NATURALGAS23SEP26280CE,6.2,10000,SELL_AGGRESSOR,18372500,25433750
2026-09-17 13:10:37.133,NATURALGAS,PE,280.0,NATURALGAS23SEP26280PE,7.6,10000,SELL_AGGRESSOR,8258750,12790000
2026-09-17 13:10:37.133,NATURALGAS,CE,290.0,NATURALGAS23SEP26290CE,2.95,1250,SELL_AGGRESSOR,7635000,16196250
2026-09-17 13:10:37.133,NATGASMINI,FUT,0.0,NATGASMINI25SEP26FUT,278.7,1250,BUY_AGGRESSOR,4132500,9386250
2026-09-17 13:10:37.133,NATGASMINI,PE,275.0,NATGASMINI23SEP26275PE,5.2,250,SELL_AGGRESSOR,2194000,1998250
2026-09-17 13:10:39.976,NATURALGAS,FUT,0.0,NATURALGAS25SEP26FUT,278.7,1250,SELL_AGGRESSOR,12127500,37896250
2026-09-17 13:10:39.976,NATGASMINI,FUT,0.0,NATGASMINI25SEP26FUT,278.7,500,BUY_AGGRESSOR,4133000,9386250
2026-09-17 13:10:39.976,NATGASMINI,CE,285.0,NATGASMINI23SEP26285CE,4.5,250,BUY_AGGRESSOR,2117250,4233000
2026-09-17 13:10:45.479,NATURALGAS,PE,260.0,NATURALGAS23SEP26260PE,1.2,1250,BUY_AGGRESSOR,5535000,10017500
2026-09-17 13:10:45.479,NATGASMINI,FUT,0.0,NATGASMINI25SEP26FUT,278.6,1250,SELL_AGGRESSOR,4134250,9388250
2026-09-17 13:10:45.479,NATGASMINI,CE,280.0,NATGASMINI23SEP26280CE,6.4,250,BUY_AGGRESSOR,3682000,5336750
2026-09-17 13:10:48.220,NATURALGAS,CE,275.0,NATURALGAS23SEP26275CE,8.75,1250,BUY_AGGRESSOR,5652500,10338750
2026-09-17 13:10:48.220,NATURALGAS,CE,280.0,NATURALGAS23SEP26280CE,6.2,2500,SELL_AGGRESSOR,18375000,25421250
2026-09-17 13:10:48.220,NATGASMINI,PE,270.0,NATGASMINI23SEP26270PE,3.35,250,BUY_AGGRESSOR,1365500,2517750
2026-09-17 13:10:48.220,NATGASMINI,CE,275.0,NATGASMINI23SEP26275CE,8.9,250,BUY_AGGRESSOR,1753750,1499500
2026-09-17 13:10:48.220,NATGASMINI,PE,275.0,NATGASMINI23SEP26275PE,5.25,250,BUY_AGGRESSOR,2194250,1998500
2026-09-17 13:10:50.995,NATURALGAS,FUT,0.0,NATURALGAS25SEP26FUT,278.7,3750,SELL_AGGRESSOR,12131250,37895000
2026-09-17 13:10:53.701,NATURALGAS,PE,250.0,NATURALGAS23SEP26250PE,0.4,31250,BUY_AGGRESSOR,1751250,7930000
2026-09-17 13:10:53.701,NATURALGAS,CE,285.0,NATURALGAS23SEP26285CE,4.4,15000,BUY_AGGRESSOR,6311250,16367500
2026-09-17 13:10:53.701,NATGASMINI,PE,270.0,NATGASMINI23SEP26270PE,3.3,250,SELL_AGGRESSOR,1365750,2518000
2026-09-17 13:10:56.488,NATGASMINI,FUT,0.0,NATGASMINI25SEP26FUT,278.6,500,SELL_AGGRESSOR,4134750,9388750
2026-09-17 13:11:04.339,NATGASMINI,FUT,0.0,NATGASMINI25SEP26FUT,278.6,1000,SELL_AGGRESSOR,4135750,9388750
2026-09-17 13:11:04.339,NATGASMINI,PE,275.0,NATGASMINI23SEP26275PE,5.25,5000,BUY_AGGRESSOR,2199250,1998500
2026-09-17 13:11:07.048,NATURALGAS,PE,250.0,NATURALGAS23SEP26250PE,0.4,111250,BUY_AGGRESSOR,1862500,7930000
2026-09-17 13:11:07.048,NATURALGAS,PE,255.0,NATURALGAS23SEP26255PE,0.7,15000,BUY_AGGRESSOR,1993750,5491250
2026-09-17 13:11:07.048,NATURALGAS,PE,270.0,NATURALGAS23SEP26270PE,3.2,1250,SELL_AGGRESSOR,6751250,13702500
2026-09-17 13:11:09.853,NATURALGAS,CE,270.0,NATURALGAS23SEP26270CE,11.9,5000,BUY_AGGRESSOR,3162500,7615000
2026-09-17 13:11:09.853,NATURALGAS,CE,275.0,NATURALGAS23SEP26275CE,8.8,61250,BUY_AGGRESSOR,5713750,10282500
2026-09-17 13:11:09.853,NATURALGAS,PE,275.0,NATURALGAS23SEP26275PE,5.1,20000,SELL_AGGRESSOR,7071250,9635000
2026-09-17 13:11:09.853,NATURALGAS,CE,285.0,NATURALGAS23SEP26285CE,4.4,1250,BUY_AGGRESSOR,6312500,16367500
2026-09-17 13:11:09.853,NATGASMINI,FUT,0.0,NATGASMINI25SEP26FUT,278.7,250,BUY_AGGRESSOR,4136000,9388500
2026-09-17 13:11:09.853,NATGASMINI,CE,270.0,NATGASMINI23SEP26270CE,12.05,250,SELL_AGGRESSOR,853750,867500
2026-09-17 13:11:09.853,NATGASMINI,PE,270.0,NATGASMINI23SEP26270PE,3.35,250,BUY_AGGRESSOR,1366000,2518250
2026-09-17 13:11:09.853,NATGASMINI,CE,275.0,NATGASMINI23SEP26275CE,8.9,2750,BUY_AGGRESSOR,1756500,1499750
2026-09-17 13:11:09.853,NATGASMINI,PE,275.0,NATGASMINI23SEP26275PE,5.2,500,SELL_AGGRESSOR,2199750,1998500
2026-09-17 13:11:09.853,NATGASMINI,CE,280.0,NATGASMINI23SEP26280CE,6.4,750,BUY_AGGRESSOR,3682750,5337250
2026-09-17 13:11:09.853,NATGASMINI,CE,290.0,NATGASMINI23SEP26290CE,3.05,5000,BUY_AGGRESSOR,1322250,3413250
2026-09-17 13:11:09.853,NATGASMINI,CE,295.0,NATGASMINI23SEP26295CE,2.1,4000,BUY_AGGRESSOR,679000,1399000
2026-09-17 13:11:12.580,NATURALGAS,PE,250.0,NATURALGAS23SEP26250PE,0.4,20000,BUY_AGGRESSOR,1882500,7921250
2026-09-17 13:11:12.580,NATURALGAS,PE,255.0,NATURALGAS23SEP26255PE,0.7,2500,BUY_AGGRESSOR,1996250,5482500
2026-09-17 13:11:12.580,NATGASMINI,CE,275.0,NATGASMINI23SEP26275CE,8.85,750,SELL_AGGRESSOR,1757250,1499750
2026-09-17 13:11:12.580,NATGASMINI,PE,275.0,NATGASMINI23SEP26275PE,5.15,250,SELL_AGGRESSOR,2200000,1998750
2026-09-17 13:11:12.580,NATGASMINI,CE,285.0,NATGASMINI23SEP26285CE,4.5,1250,INSIDE,2118500,4231750
2026-09-17 13:11:18.205,NATURALGAS,PE,255.0,NATURALGAS23SEP26255PE,0.65,1250,SELL_AGGRESSOR,1997500,5481250
2026-09-17 13:11:18.205,NATGASMINI,FUT,0.0,NATGASMINI25SEP26FUT,278.6,2750,SELL_AGGRESSOR,4138750,9387750
2026-09-17 13:11:18.205,NATGASMINI,CE,275.0,NATGASMINI23SEP26275CE,8.9,250,BUY_AGGRESSOR,1757500,1500000
2026-09-17 13:11:21.045,NATURALGAS,PE,275.0,NATURALGAS23SEP26275PE,5.15,1250,BUY_AGGRESSOR,7072500,9635000
2026-09-17 13:11:21.045,NATGASMINI,FUT,0.0,NATGASMINI25SEP26FUT,278.6,250,SELL_AGGRESSOR,4139000,9388000
2026-09-17 13:11:23.827,NATGASMINI,CE,270.0,NATGASMINI23SEP26270CE,12.05,250,SELL_AGGRESSOR,854000,867500
2026-09-17 13:11:26.758,NATGASMINI,CE,290.0,NATGASMINI23SEP26290CE,3.1,1500,BUY_AGGRESSOR,1323750,3414750
2026-09-17 13:11:29.389,NATURALGAS,PE,275.0,NATURALGAS23SEP26275PE,5.15,1250,BUY_AGGRESSOR,7073750,9635000
2026-09-17 13:11:29.389,NATURALGAS,CE,290.0,NATURALGAS23SEP26290CE,2.95,1250,SELL_AGGRESSOR,7636250,16193750
2026-09-17 13:11:32.157,NATURALGAS,FUT,0.0,NATURALGAS25SEP26FUT,278.7,8750,SELL_AGGRESSOR,12140000,37886250
2026-09-17 13:11:32.157,NATURALGAS,PE,275.0,NATURALGAS23SEP26275PE,5.15,1250,BUY_AGGRESSOR,7075000,9636250
2026-09-17 13:11:34.957,NATURALGAS,FUT,0.0,NATURALGAS25SEP26FUT,278.7,10000,SELL_AGGRESSOR,12150000,37891250
2026-09-17 13:11:34.957,NATGASMINI,PE,280.0,NATGASMINI23SEP26280PE,7.65,250,SELL_AGGRESSOR,1573500,2122500
2026-09-17 13:11:46.332,NATURALGAS,FUT,0.0,NATURALGAS25SEP26FUT,278.7,8750,SELL_AGGRESSOR,12158750,37891250
2026-09-17 13:11:46.332,NATGASMINI,FUT,0.0,NATGASMINI25SEP26FUT,278.8,250,BUY_AGGRESSOR,4139250,9388250
2026-09-17 13:11:46.332,NATGASMINI,CE,275.0,NATGASMINI23SEP26275CE,8.9,500,BUY_AGGRESSOR,1758000,1500000
2026-09-17 13:11:48.958,NATURALGAS,CE,270.0,NATURALGAS23SEP26270CE,11.95,1250,BUY,3163750,7615000
2026-09-17 13:11:48.958,NATGASMINI,CE,275.0,NATGASMINI23SEP26275CE,8.9,500,BUY_AGGRESSOR,1758500,1500500
2026-09-17 13:11:48.958,NATGASMINI,CE,310.0,NATGASMINI23SEP26310CE,0.75,7000,SELL_AGGRESSOR,275750,1432750
2026-09-17 13:11:51.852,NATURALGAS,CE,290.0,NATURALGAS23SEP26290CE,3.0,7500,BUY_AGGRESSOR,7643750,16193750
2026-09-17 13:11:51.852,NATGASMINI,CE,295.0,NATGASMINI23SEP26295CE,2.15,250,BUY_AGGRESSOR,679250,1399000
2026-09-17 13:11:57.354,NATURALGAS,FUT,0.0,NATURALGAS25SEP26FUT,278.8,1250,BUY_AGGRESSOR,12160000,37895000
2026-09-17 13:11:57.354,NATGASMINI,PE,280.0,NATGASMINI23SEP26280PE,7.65,8000,SELL_AGGRESSOR,1581500,2122500
2026-09-17 13:11:59.991,NATURALGAS,PE,285.0,NATURALGAS23SEP26285PE,10.7,10000,BUY_AGGRESSOR,2948750,3126250
2026-09-17 13:12:10.908,NATURALGAS,CE,270.0,NATURALGAS23SEP26270CE,12.0,1250,BUY_AGGRESSOR,3165000,7615000
2026-09-17 13:12:10.908,NATURALGAS,CE,275.0,NATURALGAS23SEP26275CE,8.8,1250,BUY_AGGRESSOR,5715000,10282500
2026-09-17 13:12:10.908,NATURALGAS,PE,275.0,NATURALGAS23SEP26275PE,5.05,1250,SELL_AGGRESSOR,7076250,9636250
2026-09-17 13:12:10.908,NATURALGAS,CE,280.0,NATURALGAS23SEP26280CE,6.3,1250,BUY_AGGRESSOR,18376250,25420000
2026-09-17 13:12:10.908,NATURALGAS,CE,285.0,NATURALGAS23SEP26285CE,4.35,1250,SELL_AGGRESSOR,6313750,16367500
2026-09-17 13:12:10.908,NATGASMINI,FUT,0.0,NATGASMINI25SEP26FUT,278.8,500,BUY_AGGRESSOR,4139750,9388000
2026-09-17 13:12:13.780,NATURALGAS,FUT,0.0,NATURALGAS25SEP26FUT,278.7,1250,SELL_AGGRESSOR,12161250,37895000
2026-09-17 13:12:19.200,NATGASMINI,PE,270.0,NATGASMINI23SEP26270PE,3.3,3500,SELL_AGGRESSOR,1369500,2518250
2026-09-17 13:12:21.834,NATURALGAS,CE,275.0,NATURALGAS23SEP26275CE,8.8,1250,BUY_AGGRESSOR,5716250,10282500
2026-09-17 13:12:21.834,NATURALGAS,PE,275.0,NATURALGAS23SEP26275PE,5.05,1250,SELL_AGGRESSOR,7077500,9636250
2026-09-17 13:12:24.799,NATURALGAS,CE,280.0,NATURALGAS23SEP26280CE,6.25,1250,SELL_AGGRESSOR,18377500,25420000
2026-09-17 13:12:27.593,NATURALGAS,FUT,0.0,NATURALGAS25SEP26FUT,278.7,6250,SELL_AGGRESSOR,12167500,37895000
2026-09-17 13:12:33.215,NATURALGAS,CE,275.0,NATURALGAS23SEP26275CE,8.8,1250,BUY_AGGRESSOR,5717500,10282500
2026-09-17 13:12:33.215,NATURALGAS,CE,290.0,NATURALGAS23SEP26290CE,2.95,50000,SELL_AGGRESSOR,7693750,16156250
2026-09-17 13:12:33.215,NATGASMINI,CE,280.0,NATGASMINI23SEP26280CE,6.4,2500,SELL_AGGRESSOR,3685250,5339500
2026-09-17 13:12:33.215,NATGASMINI,CE,295.0,NATGASMINI23SEP26295CE,2.15,250,BUY_AGGRESSOR,679500,1399000
2026-09-17 13:12:36.001,NATURALGAS,FUT,0.0,NATURALGAS25SEP26FUT,278.8,1250,BUY_AGGRESSOR,12168750,37900000
2026-09-17 13:12:36.001,NATURALGAS,CE,300.0,NATURALGAS23SEP26300CE,1.45,1250,BUY_AGGRESSOR,5160000,16066250
2026-09-17 13:12:36.001,NATGASMINI,CE,295.0,NATGASMINI23SEP26295CE,2.05,6750,SELL_AGGRESSOR,686250,1398500
2026-09-17 13:12:38.582,NATGASMINI,CE,295.0,NATGASMINI23SEP26295CE,2.15,1000,BUY_AGGRESSOR,687250,1397500
2026-09-17 13:12:41.164,NATURALGAS,FUT,0.0,NATURALGAS25SEP26FUT,278.7,1250,SELL_AGGRESSOR,12170000,37900000
2026-09-17 13:12:41.164,NATGASMINI,CE,280.0,NATGASMINI23SEP26280CE,6.4,11000,SELL_AGGRESSOR,3696250,5339500
2026-09-17 13:12:41.164,NATGASMINI,CE,290.0,NATGASMINI23SEP26290CE,3.05,1500,SELL_AGGRESSOR,1325250,3414750
2026-09-17 13:12:43.966,NATURALGAS,CE,275.0,NATURALGAS23SEP26275CE,8.75,3750,SELL_AGGRESSOR,5721250,10286250
2026-09-17 13:12:43.966,NATURALGAS,CE,280.0,NATURALGAS23SEP26280CE,6.25,13750,SELL_AGGRESSOR,18391250,25432500
2026-09-17 13:12:43.966,NATURALGAS,PE,280.0,NATURALGAS23SEP26280PE,7.6,11250,BUY_AGGRESSOR,8270000,12778750
2026-09-17 13:12:43.966,NATGASMINI,PE,280.0,NATGASMINI23SEP26280PE,7.7,24750,SELL_AGGRESSOR,1606250,2122000
2026-09-17 13:12:43.966,NATGASMINI,CE,290.0,NATGASMINI23SEP26290CE,3.1,2500,BUY_AGGRESSOR,1327750,3418750
2026-09-17 13:12:46.727,NATGASMINI,FUT,0.0,NATGASMINI25SEP26FUT,278.6,1500,SELL_AGGRESSOR,4141250,9388000
2026-09-17 13:12:52.157,NATURALGAS,CE,270.0,NATURALGAS23SEP26270CE,11.85,5000,SELL_AGGRESSOR,3170000,7620000
2026-09-17 13:12:52.157,NATURALGAS,PE,270.0,NATURALGAS23SEP26270PE,3.25,1250,BUY_AGGRESSOR,6752500,13702500
2026-09-17 13:12:52.157,NATURALGAS,CE,275.0,NATURALGAS23SEP26275CE,8.7,37500,SELL_AGGRESSOR,5758750,10322500
2026-09-17 13:12:52.157,NATURALGAS,CE,280.0,NATURALGAS23SEP26280CE,6.2,13750,SELL_AGGRESSOR,18405000,25440000
2026-09-17 13:12:52.157,NATURALGAS,PE,280.0,NATURALGAS23SEP26280PE,7.65,20000,BUY_AGGRESSOR,8290000,12777500
2026-09-17 13:12:52.157,NATURALGAS,CE,285.0,NATURALGAS23SEP26285CE,4.35,2500,SELL_AGGRESSOR,6316250,16370000
2026-09-17 13:12:52.157,NATURALGAS,PE,285.0,NATURALGAS23SEP26285PE,10.75,3750,BUY_AGGRESSOR,2952500,3125000
2026-09-17 13:12:54.789,NATURALGAS,PE,270.0,NATURALGAS23SEP26270PE,3.25,1250,SELL_AGGRESSOR,6753750,13701250
2026-09-17 13:12:54.789,NATURALGAS,CE,275.0,NATURALGAS23SEP26275CE,8.7,1250,INSIDE,5760000,10323750
2026-09-17 13:12:54.789,NATURALGAS,PE,275.0,NATURALGAS23SEP26275PE,5.15,12500,BUY_AGGRESSOR,7090000,9636250
2026-09-17 13:12:54.789,NATURALGAS,CE,280.0,NATURALGAS23SEP26280CE,6.2,25000,SELL_AGGRESSOR,18430000,25465000
2026-09-17 13:12:54.789,NATURALGAS,PE,280.0,NATURALGAS23SEP26280PE,7.65,5000,SELL_AGGRESSOR,8295000,12782500
2026-09-17 13:12:54.789,NATGASMINI,CE,260.0,NATGASMINI23SEP26260CE,19.85,1500,SELL_AGGRESSOR,158000,327250
2026-09-17 13:12:54.789,NATGASMINI,PE,265.0,NATGASMINI23SEP26265PE,2.0,1500,BUY_AGGRESSOR,1177250,3340250
2026-09-17 13:12:54.789,NATGASMINI,CE,270.0,NATGASMINI23SEP26270CE,11.95,3250,SELL_AGGRESSOR,857250,869750
2026-09-17 13:12:54.789,NATGASMINI,PE,270.0,NATGASMINI23SEP26270PE,3.35,120500,BUY_AGGRESSOR,1490000,2518750
2026-09-17 13:12:54.789,NATGASMINI,CE,275.0,NATGASMINI23SEP26275CE,8.85,7000,SELL_AGGRESSOR,1765500,1507250
2026-09-17 13:12:54.789,NATGASMINI,PE,275.0,NATGASMINI23SEP26275PE,5.25,7750,BUY_AGGRESSOR,2207750,1998750
2026-09-17 13:12:54.789,NATGASMINI,CE,280.0,NATGASMINI23SEP26280CE,6.35,1000,SELL_AGGRESSOR,3697250,5342000
2026-09-17 13:12:54.789,NATGASMINI,PE,280.0,NATGASMINI23SEP26280PE,7.75,750,BUY_AGGRESSOR,1607000,2122750
2026-09-17 13:12:54.789,NATGASMINI,CE,285.0,NATGASMINI23SEP26285CE,4.45,4500,SELL_AGGRESSOR,2123000,4236250
2026-09-17 13:12:54.789,NATGASMINI,PE,285.0,NATGASMINI23SEP26285PE,10.8,250,BUY_AGGRESSOR,572500,520250
2026-09-17 13:12:57.467,NATURALGAS,PE,275.0,NATURALGAS23SEP26275PE,5.1,1250,SELL_AGGRESSOR,7091250,9636250
2026-09-17 13:12:57.467,NATGASMINI,FUT,0.0,NATGASMINI25SEP26FUT,278.7,1000,BUY_AGGRESSOR,4142250,9388750
2026-09-17 13:13:00.279,NATURALGAS,CE,260.0,NATURALGAS23SEP26260CE,19.6,3750,SELL,391250,3121250
2026-09-17 13:13:00.279,NATURALGAS,CE,265.0,NATURALGAS23SEP26265CE,15.5,8750,BUY_AGGRESSOR,797500,2172500
2026-09-17 13:13:00.279,NATURALGAS,CE,270.0,NATURALGAS23SEP26270CE,11.85,60000,BUY_AGGRESSOR,3230000,7585000
2026-09-17 13:13:00.279,NATURALGAS,CE,275.0,NATURALGAS23SEP26275CE,8.7,13750,BUY_AGGRESSOR,5773750,10323750
2026-09-17 13:13:00.279,NATURALGAS,PE,275.0,NATURALGAS23SEP26275PE,5.15,38750,BUY_AGGRESSOR,7130000,9630000
2026-09-17 13:13:00.279,NATURALGAS,CE,280.0,NATURALGAS23SEP26280CE,6.25,1250,BUY_AGGRESSOR,18431250,25466250
2026-09-17 13:13:00.279,NATURALGAS,PE,280.0,NATURALGAS23SEP26280PE,7.65,37500,SELL_AGGRESSOR,8332500,12785000
2026-09-17 13:13:00.279,NATURALGAS,CE,285.0,NATURALGAS23SEP26285CE,4.35,16250,BUY_AGGRESSOR,6332500,16370000
2026-09-17 13:13:00.279,NATURALGAS,PE,285.0,NATURALGAS23SEP26285PE,10.75,7500,SELL_AGGRESSOR,2960000,3131250
2026-09-17 13:13:00.279,NATURALGAS,PE,290.0,NATURALGAS23SEP26290PE,14.4,3750,BUY_AGGRESSOR,1890000,4345000
2026-09-17 13:13:00.279,NATURALGAS,PE,295.0,NATURALGAS23SEP26295PE,18.4,3750,BUY,345000,630000
2026-09-17 13:13:00.279,NATURALGAS,PE,300.0,NATURALGAS23SEP26300PE,22.75,6250,SELL_AGGRESSOR,177500,1348750
2026-09-17 13:13:00.279,NATGASMINI,CE,260.0,NATGASMINI23SEP26260CE,19.85,250,INSIDE,158250,327250
2026-09-17 13:13:00.279,NATGASMINI,CE,265.0,NATGASMINI23SEP26265CE,15.6,250,SELL,238250,258500
2026-09-17 13:13:00.279,NATGASMINI,CE,270.0,NATGASMINI23SEP26270CE,12.0,750,BUY,858000,870500
2026-09-17 13:13:00.279,NATGASMINI,PE,270.0,NATGASMINI23SEP26270PE,3.3,7500,SELL_AGGRESSOR,1497500,2518750
2026-09-17 13:13:00.279,NATGASMINI,CE,275.0,NATGASMINI23SEP26275CE,8.85,4750,BUY_AGGRESSOR,1770250,1507750
2026-09-17 13:13:00.279,NATGASMINI,PE,275.0,NATGASMINI23SEP26275PE,5.25,6000,SELL_AGGRESSOR,2213750,1994250
2026-09-17 13:13:00.279,NATGASMINI,CE,280.0,NATGASMINI23SEP26280CE,6.35,4750,BUY_AGGRESSOR,3702000,5346000
2026-09-17 13:13:00.279,NATGASMINI,PE,280.0,NATGASMINI23SEP26280PE,7.75,2500,SELL_AGGRESSOR,1609500,2121500
2026-09-17 13:13:00.279,NATGASMINI,PE,285.0,NATGASMINI23SEP26285PE,10.8,2750,SELL_AGGRESSOR,575250,522500
2026-09-17 13:13:00.279,NATGASMINI,CE,290.0,NATGASMINI23SEP26290CE,3.05,2500,BUY_AGGRESSOR,1330250,3418750
2026-09-17 13:13:00.279,NATGASMINI,PE,290.0,NATGASMINI23SEP26290PE,14.4,750,BUY,327500,243500
2026-09-17 13:13:00.279,NATGASMINI,PE,295.0,NATGASMINI23SEP26295PE,18.4,500,SELL_AGGRESSOR,66500,176250
2026-09-17 13:13:02.998,NATGASMINI,PE,255.0,NATGASMINI23SEP26255PE,0.8,1000,BUY_AGGRESSOR,2125000,1569250
2026-09-17 13:13:02.998,NATGASMINI,CE,280.0,NATGASMINI23SEP26280CE,6.35,250,SELL_AGGRESSOR,3702250,5346500
2026-09-17 13:13:02.998,NATGASMINI,PE,285.0,NATGASMINI23SEP26285PE,10.75,1000,SELL_AGGRESSOR,576250,521500
2026-09-17 13:13:06.618,NATURALGAS,FUT,0.0,NATURALGAS25SEP26FUT,278.7,3750,BUY_AGGRESSOR,12173750,37900000
2026-09-17 13:13:06.618,NATURALGAS,CE,285.0,NATURALGAS23SEP26285CE,4.35,1250,INSIDE,6333750,16370000
2026-09-17 13:13:06.618,NATGASMINI,FUT,0.0,NATGASMINI25SEP26FUT,278.7,250,BUY_AGGRESSOR,4142500,9389000
2026-09-17 13:13:06.618,NATGASMINI,PE,270.0,NATGASMINI23SEP26270PE,3.3,250,SELL_AGGRESSOR,1497750,2519000
2026-09-17 13:13:06.618,NATGASMINI,PE,275.0,NATGASMINI23SEP26275PE,5.2,10500,SELL_AGGRESSOR,2224250,1994250
2026-09-17 13:13:09.562,NATURALGAS,CE,300.0,NATURALGAS23SEP26300CE,1.45,6250,BUY_AGGRESSOR,5166250,16072500
2026-09-17 13:13:09.562,NATGASMINI,CE,275.0,NATGASMINI23SEP26275CE,8.8,2500,SELL_AGGRESSOR,1772750,1505250
2026-09-17 13:13:12.887,NATURALGAS,CE,280.0,NATURALGAS23SEP26280CE,6.2,1250,SELL_AGGRESSOR,18432500,25467500
2026-09-17 13:13:12.887,NATURALGAS,CE,285.0,NATURALGAS23SEP26285CE,4.35,2500,INSIDE,6336250,16371250
2026-09-17 13:13:12.887,NATGASMINI,PE,280.0,NATGASMINI23SEP26280PE,7.8,250,BUY_AGGRESSOR,1609750,2121500
2026-09-17 13:13:16.081,NATGASMINI,FUT,0.0,NATGASMINI25SEP26FUT,278.7,250,BUY_AGGRESSOR,4142750,9389000
2026-09-17 13:13:16.081,NATGASMINI,CE,270.0,NATGASMINI23SEP26270CE,12.05,500,BUY_AGGRESSOR,858500,870750
2026-09-17 13:13:16.081,NATGASMINI,CE,280.0,NATGASMINI23SEP26280CE,6.4,2000,BUY_AGGRESSOR,3704250,5346500
2026-09-17 13:13:16.081,NATGASMINI,PE,280.0,NATGASMINI23SEP26280PE,7.7,250,SELL_AGGRESSOR,1610000,2121500
2026-09-17 13:13:19.233,NATURALGAS,FUT,0.0,NATURALGAS25SEP26FUT,278.7,1250,BUY_AGGRESSOR,12175000,37902500
2026-09-17 13:13:19.233,NATGASMINI,FUT,0.0,NATGASMINI25SEP26FUT,278.6,250,SELL_AGGRESSOR,4143000,9389250
2026-09-17 13:13:19.233,NATGASMINI,PE,270.0,NATGASMINI23SEP26270PE,3.3,250,SELL_AGGRESSOR,1498000,2519250
2026-09-17 13:13:19.233,NATGASMINI,PE,275.0,NATGASMINI23SEP26275PE,5.2,250,SELL_AGGRESSOR,2224500,1994500
2026-09-17 13:13:21.909,NATGASMINI,CE,280.0,NATGASMINI23SEP26280CE,6.4,5000,BUY_AGGRESSOR,3709250,5347000
2026-09-17 13:13:24.671,NATURALGAS,FUT,0.0,NATURALGAS25SEP26FUT,278.7,1250,INSIDE,12176250,37903750
2026-09-17 13:13:24.671,NATURALGAS,CE,275.0,NATURALGAS23SEP26275CE,8.7,1250,SELL_AGGRESSOR,5775000,10325000
2026-09-17 13:13:24.671,NATURALGAS,PE,275.0,NATURALGAS23SEP26275PE,5.15,5000,BUY_AGGRESSOR,7135000,9626250
2026-09-17 13:13:24.671,NATURALGAS,CE,280.0,NATURALGAS23SEP26280CE,6.25,1250,BUY_AGGRESSOR,18433750,25468750
2026-09-17 13:13:27.249,NATURALGAS,PE,255.0,NATURALGAS23SEP26255PE,0.65,1250,SELL_AGGRESSOR,1998750,5480000
2026-09-17 13:13:27.249,NATURALGAS,CE,280.0,NATURALGAS23SEP26280CE,6.2,1250,SELL_AGGRESSOR,18435000,25468750
2026-09-17 13:13:27.249,NATGASMINI,PE,270.0,NATGASMINI23SEP26270PE,3.3,250,SELL_AGGRESSOR,1498250,2519500
2026-09-17 13:13:29.910,NATURALGAS,CE,275.0,NATURALGAS23SEP26275CE,8.7,1250,SELL_AGGRESSOR,5776250,10325000
2026-09-17 13:13:29.910,NATURALGAS,PE,275.0,NATURALGAS23SEP26275PE,5.15,18750,BUY_AGGRESSOR,7153750,9610000
2026-09-17 13:13:29.910,NATURALGAS,CE,280.0,NATURALGAS23SEP26280CE,6.25,6250,BUY_AGGRESSOR,18441250,25475000
2026-09-17 13:13:29.910,NATURALGAS,PE,280.0,NATURALGAS23SEP26280PE,7.65,2500,BUY_AGGRESSOR,8335000,12816250
2026-09-17 13:13:29.910,NATURALGAS,PE,285.0,NATURALGAS23SEP26285PE,10.7,1250,SELL_AGGRESSOR,2961250,3131250
2026-09-17 13:13:29.910,NATGASMINI,FUT,0.0,NATGASMINI25SEP26FUT,278.6,500,SELL_AGGRESSOR,4143500,9389750
2026-09-17 13:13:29.910,NATGASMINI,CE,290.0,NATGASMINI23SEP26290CE,3.05,250,SELL_AGGRESSOR,1330500,3419000
2026-09-17 13:13:32.529,NATURALGAS,CE,280.0,NATURALGAS23SEP26280CE,6.25,3750,BUY_AGGRESSOR,18445000,25475000
2026-09-17 13:13:32.529,NATURALGAS,CE,300.0,NATURALGAS23SEP26300CE,1.4,1250,SELL_AGGRESSOR,5167500,16073750
2026-09-17 13:13:35.140,NATGASMINI,CE,290.0,NATGASMINI23SEP26290CE,3.05,750,BUY_AGGRESSOR,1331250,3419000
2026-09-17 13:13:37.915,NATURALGAS,FUT,0.0,NATURALGAS25SEP26FUT,278.7,1250,BUY_AGGRESSOR,12177500,37903750
2026-09-17 13:13:37.915,NATURALGAS,PE,270.0,NATURALGAS23SEP26270PE,3.25,1250,SELL_AGGRESSOR,6755000,13702500
2026-09-17 13:13:37.915,NATURALGAS,CE,275.0,NATURALGAS23SEP26275CE,8.7,1250,INSIDE,5777500,10325000
2026-09-17 13:13:37.915,NATURALGAS,CE,280.0,NATURALGAS23SEP26280CE,6.2,1250,SELL_AGGRESSOR,18446250,25477500
2026-09-17 13:13:37.915,NATURALGAS,CE,295.0,NATURALGAS23SEP26295CE,2.05,1250,BUY_AGGRESSOR,4207500,7600000
2026-09-17 13:13:37.915,NATGASMINI,FUT,0.0,NATGASMINI25SEP26FUT,278.6,1000,SELL_AGGRESSOR,4144500,9388750
2026-09-17 13:13:37.915,NATGASMINI,PE,270.0,NATGASMINI23SEP26270PE,3.3,250,SELL_AGGRESSOR,1498500,2519750
2026-09-17 13:13:40.525,NATURALGAS,CE,270.0,NATURALGAS23SEP26270CE,11.85,1250,BUY_AGGRESSOR,3231250,7585000
2026-09-17 13:13:40.525,NATGASMINI,FUT,0.0,NATGASMINI25SEP26FUT,278.7,250,BUY_AGGRESSOR,4144750,9388750
2026-09-17 13:13:43.341,NATURALGAS,PE,275.0,NATURALGAS23SEP26275PE,5.1,1250,SELL_AGGRESSOR,7155000,9610000
2026-09-17 13:13:43.341,NATURALGAS,CE,280.0,NATURALGAS23SEP26280CE,6.25,12500,BUY_AGGRESSOR,18458750,25478750
2026-09-17 13:13:43.341,NATURALGAS,PE,280.0,NATURALGAS23SEP26280PE,7.6,1250,SELL_AGGRESSOR,8336250,12815000
2026-09-17 13:13:43.341,NATURALGAS,CE,285.0,NATURALGAS23SEP26285CE,4.35,1250,INSIDE,6337500,16371250
2026-09-17 13:13:43.341,NATGASMINI,PE,290.0,NATGASMINI23SEP26290PE,14.4,250,BUY_AGGRESSOR,327750,243500
2026-09-17 13:13:46.141,NATURALGAS,CE,285.0,NATURALGAS23SEP26285CE,4.35,31250,SELL_AGGRESSOR,6368750,16340000
2026-09-17 13:13:46.141,NATGASMINI,CE,280.0,NATGASMINI23SEP26280CE,6.35,250,SELL_AGGRESSOR,3709500,5347000
2026-09-17 13:13:48.839,NATURALGAS,PE,275.0,NATURALGAS23SEP26275PE,5.1,6250,SELL_AGGRESSOR,7161250,9603750
2026-09-17 13:13:48.839,NATGASMINI,PE,270.0,NATGASMINI23SEP26270PE,3.3,250,SELL_AGGRESSOR,1498750,2520000
2026-09-17 13:13:48.839,NATGASMINI,PE,275.0,NATGASMINI23SEP26275PE,5.2,250,SELL_AGGRESSOR,2224750,1994750
2026-09-17 13:13:51.609,NATURALGAS,CE,265.0,NATURALGAS23SEP26265CE,15.5,1250,INSIDE,798750,2173750
2026-09-17 13:13:54.168,NATURALGAS,PE,280.0,NATURALGAS23SEP26280PE,7.6,1250,SELL_AGGRESSOR,8337500,12813750
2026-09-17 13:13:57.089,NATGASMINI,PE,270.0,NATGASMINI23SEP26270PE,3.3,250,SELL_AGGRESSOR,1499000,2520250
2026-09-17 13:13:57.089,NATGASMINI,CE,280.0,NATGASMINI23SEP26280CE,6.4,250,BUY_AGGRESSOR,3709750,5347000
2026-09-17 13:13:59.890,NATURALGAS,CE,285.0,NATURALGAS23SEP26285CE,4.35,1250,SELL_AGGRESSOR,6370000,16338750
2026-09-17 13:14:02.579,NATURALGAS,PE,275.0,NATURALGAS23SEP26275PE,5.15,1250,BUY_AGGRESSOR,7162500,9603750
2026-09-17 13:14:05.705,NATURALGAS,FUT,0.0,NATURALGAS25SEP26FUT,278.7,1250,SELL_AGGRESSOR,12178750,37902500
2026-09-17 13:14:05.705,NATURALGAS,CE,305.0,NATURALGAS23SEP26305CE,0.9,1250,SELL_AGGRESSOR,1668750,8797500
2026-09-17 13:14:05.705,NATGASMINI,CE,300.0,NATGASMINI23SEP26300CE,1.5,500,SELL_AGGRESSOR,480250,2064250
2026-09-17 13:14:08.735,NATURALGAS,FUT,0.0,NATURALGAS25SEP26FUT,278.8,1250,BUY_AGGRESSOR,12180000,37902500
2026-09-17 13:14:08.735,NATURALGAS,CE,280.0,NATURALGAS23SEP26280CE,6.2,2500,SELL_AGGRESSOR,18461250,25491250
2026-09-17 13:14:08.735,NATURALGAS,PE,285.0,NATURALGAS23SEP26285PE,10.7,1250,BUY_AGGRESSOR,2962500,3130000
2026-09-17 13:14:08.735,NATURALGAS,CE,290.0,NATURALGAS23SEP26290CE,3.0,2500,BUY_AGGRESSOR,7696250,16158750
2026-09-17 13:14:08.735,NATGASMINI,PE,270.0,NATGASMINI23SEP26270PE,3.3,250,SELL_AGGRESSOR,1499250,2520500
2026-09-17 13:14:11.324,NATURALGAS,PE,275.0,NATURALGAS23SEP26275PE,5.15,1250,BUY_AGGRESSOR,7163750,9602500
2026-09-17 13:14:11.324,NATURALGAS,CE,280.0,NATURALGAS23SEP26280CE,6.2,1250,SELL_AGGRESSOR,18462500,25492500
2026-09-17 13:14:11.324,NATURALGAS,CE,285.0,NATURALGAS23SEP26285CE,4.4,1250,BUY_AGGRESSOR,6371250,16338750
2026-09-17 13:14:11.324,NATURALGAS,CE,300.0,NATURALGAS23SEP26300CE,1.4,1250,SELL_AGGRESSOR,5168750,16075000
2026-09-17 13:14:11.324,NATGASMINI,FUT,0.0,NATGASMINI25SEP26FUT,278.6,250,SELL_AGGRESSOR,4145000,9388750
2026-09-17 13:14:11.324,NATGASMINI,CE,275.0,NATGASMINI23SEP26275CE,8.85,250,SELL_AGGRESSOR,1773000,1505250
2026-09-17 13:14:11.324,NATGASMINI,CE,280.0,NATGASMINI23SEP26280CE,6.35,250,SELL_AGGRESSOR,3710000,5347250
2026-09-17 13:14:11.324,NATGASMINI,PE,280.0,NATGASMINI23SEP26280PE,7.7,31250,SELL_AGGRESSOR,1641250,2121500
2026-09-17 13:14:11.324,NATGASMINI,CE,285.0,NATGASMINI23SEP26285CE,4.45,250,SELL_AGGRESSOR,2123250,4236500
2026-09-17 13:14:13.916,NATURALGAS,CE,270.0,NATURALGAS23SEP26270CE,11.85,1250,SELL_AGGRESSOR,3232500,7585000
2026-09-17 13:14:13.916,NATURALGAS,CE,305.0,NATURALGAS23SEP26305CE,0.9,2500,SELL_AGGRESSOR,1671250,8797500
2026-09-17 13:14:13.916,NATGASMINI,CE,305.0,NATGASMINI23SEP26305CE,0.95,6750,SELL_AGGRESSOR,155750,1261000
2026-09-17 13:14:19.448,NATURALGAS,CE,260.0,NATURALGAS23SEP26260CE,19.6,1250,SELL_AGGRESSOR,392500,3121250
2026-09-17 13:14:19.448,NATURALGAS,CE,270.0,NATURALGAS23SEP26270CE,11.9,1250,BUY_AGGRESSOR,3233750,7586250
2026-09-17 13:14:19.448,NATGASMINI,FUT,0.0,NATGASMINI25SEP26FUT,278.7,250,BUY_AGGRESSOR,4145250,9389000
2026-09-17 13:14:19.448,NATGASMINI,PE,270.0,NATGASMINI23SEP26270PE,3.3,250,SELL_AGGRESSOR,1499500,2520750
2026-09-17 13:14:19.448,NATGASMINI,CE,285.0,NATGASMINI23SEP26285CE,4.45,500,SELL_AGGRESSOR,2123750,4237000
2026-09-17 13:14:22.183,NATGASMINI,CE,275.0,NATGASMINI23SEP26275CE,8.85,250,SELL_AGGRESSOR,1773250,1505250
2026-09-17 13:14:22.183,NATGASMINI,PE,275.0,NATGASMINI23SEP26275PE,5.2,250,SELL_AGGRESSOR,2225000,1995000
2026-09-17 13:14:22.183,NATGASMINI,CE,280.0,NATGASMINI23SEP26280CE,6.35,250,SELL_AGGRESSOR,3710250,5347500
2026-09-17 13:14:24.925,NATURALGAS,CE,280.0,NATURALGAS23SEP26280CE,6.2,2500,SELL_AGGRESSOR,18465000,25492500
2026-09-17 13:14:24.925,NATGASMINI,FUT,0.0,NATGASMINI25SEP26FUT,278.6,500,SELL_AGGRESSOR,4145750,9389000
2026-09-17 13:14:27.728,NATURALGAS,FUT,0.0,NATURALGAS25SEP26FUT,278.7,15000,SELL_AGGRESSOR,12195000,37895000
2026-09-17 13:14:27.728,NATURALGAS,PE,270.0,NATURALGAS23SEP26270PE,3.25,2500,BUY_AGGRESSOR,6757500,13701250
2026-09-17 13:14:27.728,NATURALGAS,PE,275.0,NATURALGAS23SEP26275PE,5.15,1250,BUY_AGGRESSOR,7165000,9602500
2026-09-17 13:14:27.728,NATURALGAS,PE,280.0,NATURALGAS23SEP26280PE,7.65,6250,BUY_AGGRESSOR,8343750,12813750
2026-09-17 13:14:27.728,NATURALGAS,PE,285.0,NATURALGAS23SEP26285PE,10.75,10000,BUY_AGGRESSOR,2972500,3128750
2026-09-17 13:14:27.728,NATGASMINI,PE,270.0,NATGASMINI23SEP26270PE,3.3,250,SELL_AGGRESSOR,1499750,2521000
2026-09-17 13:14:27.728,NATGASMINI,PE,275.0,NATGASMINI23SEP26275PE,5.2,750,SELL_AGGRESSOR,2225750,1995000
2026-09-17 13:14:27.728,NATGASMINI,CE,280.0,NATGASMINI23SEP26280CE,6.35,2500,SELL_AGGRESSOR,3712750,5347250
2026-09-17 13:14:27.728,NATGASMINI,PE,280.0,NATGASMINI23SEP26280PE,7.75,250,BUY_AGGRESSOR,1641500,2121500
2026-09-17 13:14:27.728,NATGASMINI,CE,285.0,NATGASMINI23SEP26285CE,4.45,1500,SELL_AGGRESSOR,2125250,4236750
2026-09-17 13:14:30.190,NATURALGAS,PE,270.0,NATURALGAS23SEP26270PE,3.3,10000,BUY_AGGRESSOR,6767500,13711250
2026-09-17 13:14:30.190,NATGASMINI,CE,280.0,NATGASMINI23SEP26280CE,6.35,250,SELL_AGGRESSOR,3713000,5347500
2026-09-17 13:14:33.045,NATURALGAS,CE,285.0,NATURALGAS23SEP26285CE,4.4,1250,BUY_AGGRESSOR,6372500,16338750
2026-09-17 13:14:35.775,NATURALGAS,CE,285.0,NATURALGAS23SEP26285CE,4.4,1250,BUY_AGGRESSOR,6373750,16340000
2026-09-17 13:14:35.775,NATGASMINI,CE,285.0,NATGASMINI23SEP26285CE,4.45,750,SELL_AGGRESSOR,2126000,4236750
2026-09-17 13:14:38.553,NATURALGAS,FUT,0.0,NATURALGAS25SEP26FUT,278.8,1250,BUY_AGGRESSOR,12196250,37895000
2026-09-17 13:14:38.553,NATURALGAS,CE,275.0,NATURALGAS23SEP26275CE,8.75,1250,BUY_AGGRESSOR,5778750,10326250
2026-09-17 13:14:38.553,NATGASMINI,PE,270.0,NATGASMINI23SEP26270PE,3.3,250,SELL_AGGRESSOR,1500000,2521250
2026-09-17 13:14:41.282,NATGASMINI,CE,280.0,NATGASMINI23SEP26280CE,6.4,250,BUY_AGGRESSOR,3713250,5347500
2026-09-17 13:14:41.282,NATGASMINI,CE,290.0,NATGASMINI23SEP26290CE,3.1,250,BUY_AGGRESSOR,1331500,3419000
2026-09-17 13:14:43.541,NATURALGAS,PE,275.0,NATURALGAS23SEP26275PE,5.1,1250,SELL_AGGRESSOR,7166250,9601250
2026-09-17 13:14:43.541,NATURALGAS,CE,305.0,NATURALGAS23SEP26305CE,0.95,1250,BUY_AGGRESSOR,1672500,8797500
2026-09-17 13:14:45.489,NATURALGAS,CE,280.0,NATURALGAS23SEP26280CE,6.25,11250,BUY_AGGRESSOR,18476250,25492500
2026-09-17 13:14:45.489,NATURALGAS,PE,280.0,NATURALGAS23SEP26280PE,7.65,1250,BUY_AGGRESSOR,8345000,12815000
2026-09-17 13:14:45.489,NATURALGAS,CE,285.0,NATURALGAS23SEP26285CE,4.4,1250,BUY_AGGRESSOR,6375000,16340000
2026-09-17 13:14:45.489,NATURALGAS,PE,290.0,NATURALGAS23SEP26290PE,14.3,13750,SELL_AGGRESSOR,1903750,4347500
2026-09-17 13:14:45.489,NATGASMINI,FUT,0.0,NATGASMINI25SEP26FUT,278.7,250,BUY_AGGRESSOR,4146000,9389000
2026-09-17 13:14:47.361,NATURALGAS,CE,270.0,NATURALGAS23SEP26270CE,11.9,6250,BUY_AGGRESSOR,3240000,7581250
2026-09-17 13:14:47.361,NATURALGAS,CE,280.0,NATURALGAS23SEP26280CE,6.25,2500,SELL_AGGRESSOR,18478750,25482500
2026-09-17 13:14:47.361,NATGASMINI,FUT,0.0,NATGASMINI25SEP26FUT,278.7,250,BUY_AGGRESSOR,4146250,9389000
2026-09-17 13:14:47.361,NATGASMINI,PE,265.0,NATGASMINI23SEP26265PE,2.0,250,SELL_AGGRESSOR,1177500,3340250
2026-09-17 13:14:47.361,NATGASMINI,CE,270.0,NATGASMINI23SEP26270CE,12.1,250,BUY_AGGRESSOR,858750,870500
2026-09-17 13:14:47.361,NATGASMINI,CE,285.0,NATGASMINI23SEP26285CE,4.5,2250,BUY_AGGRESSOR,2128250,4235750
2026-09-17 13:14:47.361,NATGASMINI,CE,295.0,NATGASMINI23SEP26295CE,2.1,4000,BUY_AGGRESSOR,691250,1397500
2026-09-17 13:14:49.207,NATGASMINI,PE,270.0,NATGASMINI23SEP26270PE,3.3,250,SELL_AGGRESSOR,1500250,2521500
2026-09-17 13:14:49.207,NATGASMINI,CE,280.0,NATGASMINI23SEP26280CE,6.35,5000,SELL_AGGRESSOR,3718250,5347500
2026-09-17 13:14:51.253,NATGASMINI,CE,280.0,NATGASMINI23SEP26280CE,6.35,500,SELL_AGGRESSOR,3718750,5347500
2026-09-17 13:14:53.214,NATURALGAS,FUT,0.0,NATURALGAS25SEP26FUT,278.8,1250,BUY_AGGRESSOR,12197500,37895000
2026-09-17 13:14:53.214,NATURALGAS,PE,275.0,NATURALGAS23SEP26275PE,5.1,1250,SELL_AGGRESSOR,7167500,9600000
2026-09-17 13:14:53.214,NATGASMINI,CE,295.0,NATGASMINI23SEP26295CE,2.05,500,SELL_AGGRESSOR,691750,1397500
2026-09-17 13:14:57.434,NATURALGAS,FUT,0.0,NATURALGAS25SEP26FUT,278.7,1250,SELL_AGGRESSOR,12198750,37895000
2026-09-17 13:14:57.434,NATURALGAS,CE,275.0,NATURALGAS23SEP26275CE,8.75,1250,SELL_AGGRESSOR,5780000,10327500
2026-09-17 13:14:57.434,NATGASMINI,PE,275.0,NATGASMINI23SEP26275PE,5.25,250,BUY_AGGRESSOR,2226000,1994750
2026-09-17 13:14:57.434,NATGASMINI,CE,280.0,NATGASMINI23SEP26280CE,6.45,2000,BUY_AGGRESSOR,3720750,5347500
2026-09-17 13:14:57.434,NATGASMINI,PE,280.0,NATGASMINI23SEP26280PE,7.75,250,BUY_AGGRESSOR,1641750,2121250
2026-09-17 13:14:57.434,NATGASMINI,PE,285.0,NATGASMINI23SEP26285PE,10.8,750,BUY_AGGRESSOR,577000,521500
2026-09-17 13:14:59.341,NATGASMINI,PE,270.0,NATGASMINI23SEP26270PE,3.3,250,SELL_AGGRESSOR,1500500,2521750
2026-09-17 13:15:01.330,NATURALGAS,FUT,0.0,NATURALGAS25SEP26FUT,278.8,25000,BUY_AGGRESSOR,12223750,37893750
2026-09-17 13:15:01.330,NATGASMINI,PE,285.0,NATGASMINI23SEP26285PE,10.8,250,BUY_AGGRESSOR,577250,522250
2026-09-17 13:15:03.418,NATGASMINI,FUT,0.0,NATGASMINI25SEP26FUT,278.7,2250,SELL_AGGRESSOR,4148500,9388750
2026-09-17 13:15:05.351,NATURALGAS,CE,270.0,NATURALGAS23SEP26270CE,11.9,2500,SELL_AGGRESSOR,3242500,7578750
2026-09-17 13:15:07.357,NATURALGAS,CE,280.0,NATURALGAS23SEP26280CE,6.25,1250,SELL_AGGRESSOR,18480000,25481250
2026-09-17 13:15:07.357,NATGASMINI,CE,275.0,NATGASMINI23SEP26275CE,8.95,250,BUY_AGGRESSOR,1773500,1505250
2026-09-17 13:15:09.225,NATURALGAS,PE,280.0,NATURALGAS23SEP26280PE,7.65,3750,BUY_AGGRESSOR,8348750,12818750
2026-09-17 13:15:11.262,NATURALGAS,CE,280.0,NATURALGAS23SEP26280CE,6.3,1250,BUY_AGGRESSOR,18481250,25482500
2026-09-17 13:15:11.262,NATGASMINI,FUT,0.0,NATGASMINI25SEP26FUT,278.7,750,SELL_AGGRESSOR,4149250,9388750
2026-09-17 13:15:11.262,NATGASMINI,PE,270.0,NATGASMINI23SEP26270PE,3.3,250,SELL_AGGRESSOR,1500750,2522000
2026-09-17 13:15:11.262,NATGASMINI,CE,290.0,NATGASMINI23SEP26290CE,3.05,2000,SELL_AGGRESSOR,1333500,3417000
2026-09-17 13:15:15.328,NATGASMINI,FUT,0.0,NATGASMINI25SEP26FUT,278.7,250,SELL_AGGRESSOR,4149500,9388750
2026-09-17 13:15:15.328,NATGASMINI,PE,280.0,NATGASMINI23SEP26280PE,7.65,750,SELL_AGGRESSOR,1642500,2121250
2026-09-17 13:15:19.234,NATURALGAS,CE,280.0,NATURALGAS23SEP26280CE,6.25,5000,SELL_AGGRESSOR,18486250,25477500
2026-09-17 13:15:19.234,NATGASMINI,FUT,0.0,NATGASMINI25SEP26FUT,278.7,250,SELL_AGGRESSOR,4149750,9388750
2026-09-17 13:15:19.234,NATGASMINI,PE,270.0,NATGASMINI23SEP26270PE,3.3,250,SELL_AGGRESSOR,1501000,2522000
2026-09-17 13:15:21.140,NATGASMINI,FUT,0.0,NATGASMINI25SEP26FUT,278.7,250,SELL_AGGRESSOR,4150000,9388750
2026-09-17 13:15:23.154,NATURALGAS,CE,275.0,NATURALGAS23SEP26275CE,8.8,2500,BUY_AGGRESSOR,5782500,10327500
2026-09-17 13:15:23.154,NATGASMINI,FUT,0.0,NATGASMINI25SEP26FUT,278.7,250,SELL_AGGRESSOR,4150250,9388750
2026-09-17 13:15:25.170,NATURALGAS,CE,300.0,NATURALGAS23SEP26300CE,1.45,1250,BUY_AGGRESSOR,5170000,16076250
2026-09-17 13:15:29.274,NATGASMINI,PE,270.0,NATGASMINI23SEP26270PE,3.3,250,SELL_AGGRESSOR,1501250,2522500
2026-09-17 13:15:31.258,NATURALGAS,CE,275.0,NATURALGAS23SEP26275CE,8.8,2500,BUY_AGGRESSOR,5785000,10332500
2026-09-17 13:15:33.161,NATURALGAS,FUT,0.0,NATURALGAS25SEP26FUT,278.7,13750,SELL_AGGRESSOR,12237500,37872500
2026-09-17 13:15:33.161,NATURALGAS,CE,270.0,NATURALGAS23SEP26270CE,11.85,3750,SELL_AGGRESSOR,3246250,7582500
2026-09-17 13:15:33.161,NATURALGAS,PE,270.0,NATURALGAS23SEP26270PE,3.25,46250,BUY_AGGRESSOR,6813750,13665000
2026-09-17 13:15:33.161,NATURALGAS,PE,275.0,NATURALGAS23SEP26275PE,5.15,51250,BUY_AGGRESSOR,7218750,9600000
2026-09-17 13:15:33.161,NATURALGAS,PE,280.0,NATURALGAS23SEP26280PE,7.65,45000,BUY_AGGRESSOR,8393750,12800000
2026-09-17 13:15:33.161,NATURALGAS,PE,285.0,NATURALGAS23SEP26285PE,10.7,2500,BUY_AGGRESSOR,2975000,3126250
2026-09-17 13:15:33.161,NATURALGAS,PE,290.0,NATURALGAS23SEP26290PE,14.35,3750,BUY_AGGRESSOR,1907500,4330000
2026-09-17 13:15:33.161,NATGASMINI,FUT,0.0,NATGASMINI25SEP26FUT,278.7,5500,SELL_AGGRESSOR,4155750,9388750
2026-09-17 13:15:33.161,NATGASMINI,PE,265.0,NATGASMINI23SEP26265PE,2.0,1000,BUY_AGGRESSOR,1178500,3340250
2026-09-17 13:15:33.161,NATGASMINI,CE,270.0,NATGASMINI23SEP26270CE,12.0,1500,SELL_AGGRESSOR,860250,870500
2026-09-17 13:15:33.161,NATGASMINI,CE,275.0,NATGASMINI23SEP26275CE,8.85,3000,SELL_AGGRESSOR,1776500,1505250
2026-09-17 13:15:33.161,NATGASMINI,PE,275.0,NATGASMINI23SEP26275PE,5.25,500,BUY_AGGRESSOR,2226500,1994750
2026-09-17 13:15:33.161,NATGASMINI,CE,280.0,NATGASMINI23SEP26280CE,6.35,250,SELL_AGGRESSOR,3721000,5347500
2026-09-17 13:15:33.161,NATGASMINI,PE,280.0,NATGASMINI23SEP26280PE,7.75,30750,BUY_AGGRESSOR,1673250,2121250
2026-09-17 13:15:33.161,NATGASMINI,PE,285.0,NATGASMINI23SEP26285PE,10.8,500,BUY_AGGRESSOR,577750,522250
2026-09-17 13:15:33.161,NATGASMINI,CE,290.0,NATGASMINI23SEP26290CE,3.05,5750,SELL_AGGRESSOR,1339250,3417000
2026-09-17 13:15:33.161,NATGASMINI,PE,300.0,NATGASMINI23SEP26300PE,22.7,250,BUY_AGGRESSOR,60750,183250
2026-09-17 13:15:35.098,NATGASMINI,FUT,0.0,NATGASMINI25SEP26FUT,278.7,750,BUY_AGGRESSOR,4156500,9390750
2026-09-17 13:15:35.098,NATGASMINI,PE,265.0,NATGASMINI23SEP26265PE,2.0,500,SELL_AGGRESSOR,1179000,3341250
2026-09-17 13:15:35.098,NATGASMINI,CE,280.0,NATGASMINI23SEP26280CE,6.4,1500,BUY_AGGRESSOR,3722500,5347250
2026-09-17 13:15:35.098,NATGASMINI,PE,280.0,NATGASMINI23SEP26280PE,7.7,750,SELL_AGGRESSOR,1674000,2121250
2026-09-17 13:15:36.900,NATURALGAS,FUT,0.0,NATURALGAS25SEP26FUT,278.7,1250,BUY_AGGRESSOR,12238750,37858750
2026-09-17 13:15:36.900,NATURALGAS,PE,280.0,NATURALGAS23SEP26280PE,7.7,1250,BUY_AGGRESSOR,8395000,12801250
2026-09-17 13:15:36.900,NATGASMINI,CE,285.0,NATGASMINI23SEP26285CE,4.5,2250,BUY_AGGRESSOR,2130500,4235750
2026-09-17 13:15:38.851,NATURALGAS,CE,290.0,NATURALGAS23SEP26290CE,2.95,1250,SELL_AGGRESSOR,7697500,16158750
2026-09-17 13:15:38.851,NATGASMINI,CE,260.0,NATGASMINI23SEP26260CE,19.9,250,BUY,158500,327500
2026-09-17 13:15:38.851,NATGASMINI,CE,275.0,NATGASMINI23SEP26275CE,8.9,1250,BUY_AGGRESSOR,1777750,1506250
2026-09-17 13:15:43.013,NATURALGAS,FUT,0.0,NATURALGAS25SEP26FUT,278.7,1250,BUY_AGGRESSOR,12240000,37858750
2026-09-17 13:15:43.013,NATURALGAS,CE,265.0,NATURALGAS23SEP26265CE,15.5,1250,BUY_AGGRESSOR,800000,2173750
2026-09-17 13:15:44.971,NATURALGAS,CE,280.0,NATURALGAS23SEP26280CE,6.25,1250,BUY_AGGRESSOR,18487500,25477500
2026-09-17 13:15:44.971,NATGASMINI,PE,260.0,NATGASMINI23SEP26260PE,1.25,2500,BUY_AGGRESSOR,1736250,2186000
2026-09-17 13:15:47.023,NATURALGAS,PE,280.0,NATURALGAS23SEP26280PE,7.7,1250,BUY_AGGRESSOR,8396250,12802500
2026-09-17 13:15:51.292,NATURALGAS,PE,275.0,NATURALGAS23SEP26275PE,5.15,3750,SELL_AGGRESSOR,7222500,9582500
2026-09-17 13:15:53.236,NATURALGAS,CE,290.0,NATURALGAS23SEP26290CE,2.95,8750,SELL_AGGRESSOR,7706250,16158750
2026-09-17 13:15:55.307,NATGASMINI,CE,270.0,NATGASMINI23SEP26270CE,12.0,250,BUY_AGGRESSOR,860500,870750
2026-09-17 13:15:55.307,NATGASMINI,PE,290.0,NATGASMINI23SEP26290PE,14.4,250,SELL_AGGRESSOR,328000,243250
2026-09-17 13:16:01.512,NATURALGAS,FUT,0.0,NATURALGAS25SEP26FUT,278.6,6250,SELL_AGGRESSOR,12246250,37858750
2026-09-17 13:16:01.512,NATURALGAS,PE,270.0,NATURALGAS23SEP26270PE,3.3,7500,BUY_AGGRESSOR,6821250,13672500
2026-09-17 13:16:05.702,NATURALGAS,FUT,0.0,NATURALGAS25SEP26FUT,278.6,2500,SELL_AGGRESSOR,12248750,37858750
2026-09-17 13:16:05.702,NATURALGAS,CE,310.0,NATURALGAS23SEP26310CE,0.65,1250,SELL_AGGRESSOR,1211250,6145000
2026-09-17 13:16:05.702,NATGASMINI,CE,300.0,NATGASMINI23SEP26300CE,1.55,11250,BUY_AGGRESSOR,491500,2064250
2026-09-17 13:16:07.706,NATGASMINI,PE,270.0,NATGASMINI23SEP26270PE,3.4,250,BUY_AGGRESSOR,1501500,2522500
2026-09-17 13:16:09.643,NATGASMINI,PE,270.0,NATGASMINI23SEP26270PE,3.3,3000,SELL_AGGRESSOR,1504500,2522500
2026-09-17 13:16:11.770,NATURALGAS,PE,275.0,NATURALGAS23SEP26275PE,5.2,1250,BUY_AGGRESSOR,7223750,9582500
2026-09-17 13:16:11.770,NATURALGAS,PE,280.0,NATURALGAS23SEP26280PE,7.7,1250,BUY_AGGRESSOR,8397500,12802500
2026-09-17 13:16:11.770,NATURALGAS,PE,285.0,NATURALGAS23SEP26285PE,10.8,1250,BUY_AGGRESSOR,2976250,3127500
2026-09-17 13:16:11.770,NATGASMINI,CE,270.0,NATGASMINI23SEP26270CE,12.0,2000,BUY_AGGRESSOR,862500,870750
2026-09-17 13:16:11.770,NATGASMINI,PE,275.0,NATGASMINI23SEP26275PE,5.25,500,INSIDE,2227000,1994500
2026-09-17 13:16:17.467,NATURALGAS,CE,270.0,NATURALGAS23SEP26270CE,11.85,3750,BUY_AGGRESSOR,3250000,7583750
2026-09-17 13:16:17.467,NATURALGAS,CE,285.0,NATURALGAS23SEP26285CE,4.4,1250,BUY_AGGRESSOR,6376250,16342500
2026-09-17 13:16:17.467,NATGASMINI,CE,280.0,NATGASMINI23SEP26280CE,6.35,250,SELL_AGGRESSOR,3722750,5347250
2026-09-17 13:16:21.608,NATURALGAS,PE,270.0,NATURALGAS23SEP26270PE,3.3,2500,BUY_AGGRESSOR,6823750,13672500
2026-09-17 13:16:21.608,NATURALGAS,CE,280.0,NATURALGAS23SEP26280CE,6.25,101250,BUY_AGGRESSOR,18588750,25477500
2026-09-17 13:16:21.608,NATURALGAS,CE,290.0,NATURALGAS23SEP26290CE,2.95,2500,SELL_AGGRESSOR,7708750,16158750
2026-09-17 13:16:21.608,NATGASMINI,CE,290.0,NATGASMINI23SEP26290CE,3.05,1250,BUY_AGGRESSOR,1340500,3417000
2026-09-17 13:16:23.511,NATURALGAS,CE,270.0,NATURALGAS23SEP26270CE,11.85,1250,BUY_AGGRESSOR,3251250,7583750
2026-09-17 13:16:25.466,NATURALGAS,CE,280.0,NATURALGAS23SEP26280CE,6.25,6250,BUY_AGGRESSOR,18595000,25532500
2026-09-17 13:16:25.466,NATGASMINI,PE,280.0,NATGASMINI23SEP26280PE,7.7,1500,SELL_AGGRESSOR,1675500,2120500
2026-09-17 13:16:29.610,NATGASMINI,CE,275.0,NATGASMINI23SEP26275CE,8.9,500,BUY_AGGRESSOR,1778250,1506250
2026-09-17 13:16:29.610,NATGASMINI,CE,290.0,NATGASMINI23SEP26290CE,3.1,3500,BUY_AGGRESSOR,1344000,3418250
2026-09-17 13:16:31.697,NATURALGAS,FUT,0.0,NATURALGAS25SEP26FUT,278.6,1250,SELL_AGGRESSOR,12250000,37857500
2026-09-17 13:16:31.697,NATURALGAS,CE,285.0,NATURALGAS23SEP26285CE,4.4,1250,BUY_AGGRESSOR,6377500,16342500
2026-09-17 13:16:31.697,NATURALGAS,CE,290.0,NATURALGAS23SEP26290CE,2.95,1250,SELL_AGGRESSOR,7710000,16156250
2026-09-17 13:16:35.708,NATURALGAS,CE,300.0,NATURALGAS23SEP26300CE,1.45,1250,BUY_AGGRESSOR,5171250,16076250
2026-09-17 13:16:37.754,NATURALGAS,PE,280.0,NATURALGAS23SEP26280PE,7.7,1250,BUY_AGGRESSOR,8398750,12802500
2026-09-17 13:16:39.827,NATURALGAS,PE,275.0,NATURALGAS23SEP26275PE,5.2,3750,BUY_AGGRESSOR,7227500,9582500
2026-09-17 13:16:39.827,NATGASMINI,PE,275.0,NATGASMINI23SEP26275PE,5.25,1750,SELL_AGGRESSOR,2228750,1994500
2026-09-17 13:16:41.816,NATURALGAS,FUT,0.0,NATURALGAS25SEP26FUT,278.6,6250,SELL_AGGRESSOR,12256250,37860000
2026-09-17 13:16:41.816,NATURALGAS,CE,270.0,NATURALGAS23SEP26270CE,11.85,2500,BUY_AGGRESSOR,3253750,7580000
2026-09-17 13:16:41.816,NATURALGAS,PE,270.0,NATURALGAS23SEP26270PE,3.3,5000,BUY_AGGRESSOR,6828750,13680000
2026-09-17 13:16:41.816,NATURALGAS,CE,275.0,NATURALGAS23SEP26275CE,8.7,3750,SELL_AGGRESSOR,5788750,10333750
2026-09-17 13:16:41.816,NATURALGAS,CE,280.0,NATURALGAS23SEP26280CE,6.2,5000,SELL_AGGRESSOR,18600000,25537500
2026-09-17 13:16:41.816,NATURALGAS,PE,280.0,NATURALGAS23SEP26280PE,7.6,1250,SELL_AGGRESSOR,8400000,12803750
2026-09-17 13:16:41.816,NATURALGAS,PE,285.0,NATURALGAS23SEP26285PE,10.7,2500,SELL_AGGRESSOR,2978750,3126250
2026-09-17 13:16:41.816,NATURALGAS,CE,305.0,NATURALGAS23SEP26305CE,0.9,1250,SELL_AGGRESSOR,1673750,8798750
2026-09-17 13:16:41.816,NATGASMINI,FUT,0.0,NATGASMINI25SEP26FUT,278.8,4500,BUY_AGGRESSOR,4161000,9391500
2026-09-17 13:16:41.816,NATGASMINI,CE,270.0,NATGASMINI23SEP26270CE,12.05,250,BUY_AGGRESSOR,862750,870750
2026-09-17 13:16:41.816,NATGASMINI,PE,270.0,NATGASMINI23SEP26270PE,3.35,250,BUY,1504750,2522500
2026-09-17 13:16:41.816,NATGASMINI,CE,275.0,NATGASMINI23SEP26275CE,8.9,2500,BUY_AGGRESSOR,1780750,1507500
2026-09-17 13:16:41.816,NATGASMINI,PE,275.0,NATGASMINI23SEP26275PE,5.2,17250,SELL_AGGRESSOR,2246000,1996000
2026-09-17 13:16:41.816,NATGASMINI,CE,280.0,NATGASMINI23SEP26280CE,6.35,1500,INSIDE,3724250,5347250
2026-09-17 13:16:41.816,NATGASMINI,PE,280.0,NATGASMINI23SEP26280PE,7.7,5000,SELL_AGGRESSOR,1680500,2114250
2026-09-17 13:16:41.816,NATGASMINI,CE,285.0,NATGASMINI23SEP26285CE,4.55,1000,BUY_AGGRESSOR,2131500,4235750
2026-09-17 13:16:41.816,NATGASMINI,CE,290.0,NATGASMINI23SEP26290CE,3.1,500,BUY_AGGRESSOR,1344500,3422250
2026-09-17 13:17:47.210,NATGASMINI,PE,280.0,NATGASMINI23SEP26280PE,7.7,250,SELL_AGGRESSOR,1680750,2114250
2026-09-17 13:17:49.896,NATURALGAS,PE,250.0,NATURALGAS23SEP26250PE,0.35,6250,SELL_AGGRESSOR,1888750,7925000
2026-09-17 13:17:52.650,NATGASMINI,CE,295.0,NATGASMINI23SEP26295CE,2.05,2500,SELL_AGGRESSOR,694250,1397500
2026-09-17 13:17:55.342,NATURALGAS,CE,280.0,NATURALGAS23SEP26280CE,6.2,1250,SELL_AGGRESSOR,18601250,25537500
2026-09-17 13:18:00.599,NATGASMINI,FUT,0.0,NATGASMINI25SEP26FUT,278.8,500,BUY_AGGRESSOR,4161500,9391500
2026-09-17 13:18:00.599,NATGASMINI,PE,275.0,NATGASMINI23SEP26275PE,5.25,2000,BUY_AGGRESSOR,2248000,1996000
2026-09-17 13:18:00.599,NATGASMINI,CE,285.0,NATGASMINI23SEP26285CE,4.5,500,SELL,2132000,4235750
2026-09-17 13:18:03.175,NATGASMINI,FUT,0.0,NATGASMINI25SEP26FUT,278.8,250,BUY_AGGRESSOR,4161750,9391500
2026-09-17 13:18:03.175,NATGASMINI,CE,295.0,NATGASMINI23SEP26295CE,2.1,3000,BUY_AGGRESSOR,697250,1397500
2026-09-17 13:18:05.905,NATURALGAS,PE,275.0,NATURALGAS23SEP26275PE,5.1,5000,SELL_AGGRESSOR,7232500,9586250
2026-09-17 13:18:07.936,NATGASMINI,FUT,0.0,NATGASMINI25SEP26FUT,278.8,1500,BUY_AGGRESSOR,4163250,9391000
2026-09-17 13:18:09.944,NATURALGAS,PE,280.0,NATURALGAS23SEP26280PE,7.7,1250,BUY_AGGRESSOR,8401250,12805000
2026-09-17 13:18:11.933,NATURALGAS,CE,305.0,NATURALGAS23SEP26305CE,0.9,1250,SELL_AGGRESSOR,1675000,8798750
2026-09-17 13:18:11.933,NATGASMINI,FUT,0.0,NATGASMINI25SEP26FUT,278.8,250,BUY_AGGRESSOR,4163500,9391000
2026-09-17 13:18:14.129,NATURALGAS,FUT,0.0,NATURALGAS25SEP26FUT,278.7,2500,BUY_AGGRESSOR,12258750,37860000
2026-09-17 13:18:14.129,NATURALGAS,PE,280.0,NATURALGAS23SEP26280PE,7.6,1250,SELL_AGGRESSOR,8402500,12805000
2026-09-17 13:18:14.129,NATURALGAS,PE,285.0,NATURALGAS23SEP26285PE,10.7,1250,SELL_AGGRESSOR,2980000,3126250
2026-09-17 13:18:14.129,NATGASMINI,PE,275.0,NATGASMINI23SEP26275PE,5.2,250,SELL_AGGRESSOR,2248250,1996000
2026-09-17 13:18:16.169,NATURALGAS,FUT,0.0,NATURALGAS25SEP26FUT,278.6,1250,SELL_AGGRESSOR,12260000,37860000
2026-09-17 13:18:16.169,NATURALGAS,CE,280.0,NATURALGAS23SEP26280CE,6.25,2500,BUY_AGGRESSOR,18603750,25537500
2026-09-17 13:18:16.169,NATGASMINI,CE,305.0,NATGASMINI23SEP26305CE,1.0,250,SELL_AGGRESSOR,156000,1261000
2026-09-17 13:18:18.095,NATURALGAS,CE,275.0,NATURALGAS23SEP26275CE,8.75,1250,BUY_AGGRESSOR,5790000,10333750
2026-09-17 13:18:18.095,NATURALGAS,PE,285.0,NATURALGAS23SEP26285PE,10.75,1250,BUY_AGGRESSOR,2981250,3126250
2026-09-17 13:18:23.726,NATURALGAS,FUT,0.0,NATURALGAS25SEP26FUT,278.6,1250,SELL_AGGRESSOR,12261250,37862500
2026-09-17 13:18:23.726,NATGASMINI,FUT,0.0,NATGASMINI25SEP26FUT,278.7,2000,SELL_AGGRESSOR,4165500,9391000
2026-09-17 13:18:25.622,NATURALGAS,CE,280.0,NATURALGAS23SEP26280CE,6.25,1250,BUY_AGGRESSOR,18605000,25541250
2026-09-17 13:18:25.622,NATURALGAS,PE,280.0,NATURALGAS23SEP26280PE,7.6,1250,SELL_AGGRESSOR,8403750,12805000
2026-09-17 13:18:28.771,NATURALGAS,PE,280.0,NATURALGAS23SEP26280PE,7.65,1250,BUY,8405000,12806250
2026-09-17 13:18:30.889,NATURALGAS,CE,280.0,NATURALGAS23SEP26280CE,6.25,1250,BUY_AGGRESSOR,18606250,25541250
2026-09-17 13:18:32.776,NATGASMINI,FUT,0.0,NATGASMINI25SEP26FUT,278.8,750,BUY_AGGRESSOR,4166250,9391000
2026-09-17 13:18:32.776,NATGASMINI,PE,270.0,NATGASMINI23SEP26270PE,3.3,500,SELL_AGGRESSOR,1505250,2522500
2026-09-17 13:18:32.776,NATGASMINI,CE,280.0,NATGASMINI23SEP26280CE,6.4,500,BUY_AGGRESSOR,3724750,5347250
2026-09-17 13:18:38.575,NATURALGAS,CE,285.0,NATURALGAS23SEP26285CE,4.3,5000,SELL_AGGRESSOR,6382500,16338750
2026-09-17 13:18:40.744,NATURALGAS,PE,270.0,NATURALGAS23SEP26270PE,3.3,1250,BUY_AGGRESSOR,6830000,13681250
2026-09-17 13:18:40.744,NATURALGAS,PE,285.0,NATURALGAS23SEP26285PE,10.7,5000,SELL_AGGRESSOR,2986250,3121250
2026-09-17 13:18:45.160,NATGASMINI,FUT,0.0,NATGASMINI25SEP26FUT,278.8,250,BUY_AGGRESSOR,4166500,9391000
2026-09-17 13:18:45.160,NATGASMINI,PE,275.0,NATGASMINI23SEP26275PE,5.2,250,SELL_AGGRESSOR,2248500,1996250
2026-09-17 13:18:49.331,NATURALGAS,FUT,0.0,NATURALGAS25SEP26FUT,278.7,2500,BUY_AGGRESSOR,12263750,37862500
2026-09-17 13:18:49.331,NATGASMINI,CE,285.0,NATGASMINI23SEP26285CE,4.55,2500,BUY_AGGRESSOR,2134500,4235250
2026-09-17 13:18:53.350,NATGASMINI,PE,280.0,NATGASMINI23SEP26280PE,7.65,750,SELL_AGGRESSOR,1681500,2113750
2026-09-17 13:18:55.287,NATURALGAS,CE,280.0,NATURALGAS23SEP26280CE,6.25,1250,BUY_AGGRESSOR,18607500,25542500
2026-09-17 13:18:55.287,NATURALGAS,CE,285.0,NATURALGAS23SEP26285CE,4.3,1250,SELL_AGGRESSOR,6383750,16337500
2026-09-17 13:18:59.448,NATGASMINI,CE,270.0,NATGASMINI23SEP26270CE,12.05,250,BUY_AGGRESSOR,863000,870750
2026-09-17 13:19:01.468,NATURALGAS,FUT,0.0,NATURALGAS25SEP26FUT,278.8,6250,BUY_AGGRESSOR,12270000,37861250
2026-09-17 13:19:03.594,NATURALGAS,FUT,0.0,NATURALGAS25SEP26FUT,278.7,1250,SELL_AGGRESSOR,12271250,37857500
2026-09-17 13:19:03.594,NATURALGAS,CE,285.0,NATURALGAS23SEP26285CE,4.4,1250,BUY_AGGRESSOR,6385000,16338750
2026-09-17 13:19:05.684,NATURALGAS,FUT,0.0,NATURALGAS25SEP26FUT,278.8,2500,BUY_AGGRESSOR,12273750,37858750
2026-09-17 13:19:05.684,NATURALGAS,PE,270.0,NATURALGAS23SEP26270PE,3.2,1250,SELL_AGGRESSOR,6831250,13680000
2026-09-17 13:19:05.684,NATURALGAS,CE,290.0,NATURALGAS23SEP26290CE,2.95,2500,SELL_AGGRESSOR,7712500,16153750
2026-09-17 13:19:05.684,NATGASMINI,CE,280.0,NATGASMINI23SEP26280CE,6.4,2500,BUY_AGGRESSOR,3727250,5347250
2026-09-17 13:19:11.619,NATURALGAS,PE,280.0,NATURALGAS23SEP26280PE,7.6,1250,SELL_AGGRESSOR,8406250,12806250
2026-09-17 13:19:11.619,NATGASMINI,CE,275.0,NATGASMINI23SEP26275CE,8.95,1250,BUY_AGGRESSOR,1782000,1508750
2026-09-17 13:19:17.802,NATGASMINI,PE,270.0,NATGASMINI23SEP26270PE,3.35,1000,BUY,1506250,2522500
2026-09-17 13:19:17.802,NATGASMINI,PE,275.0,NATGASMINI23SEP26275PE,5.2,250,SELL_AGGRESSOR,2248750,1996500
2026-09-17 13:19:19.837,NATURALGAS,CE,280.0,NATURALGAS23SEP26280CE,6.25,1250,BUY_AGGRESSOR,18608750,25542500
2026-09-17 13:19:19.837,NATGASMINI,CE,285.0,NATGASMINI23SEP26285CE,4.45,500,SELL_AGGRESSOR,2135000,4235250
2026-09-17 13:19:21.906,NATURALGAS,CE,280.0,NATURALGAS23SEP26280CE,6.25,1250,BUY_AGGRESSOR,18610000,25542500
2026-09-17 13:19:21.906,NATGASMINI,CE,290.0,NATGASMINI23SEP26290CE,3.1,5000,BUY_AGGRESSOR,1349500,3422250
2026-09-17 13:19:23.840,NATURALGAS,CE,280.0,NATURALGAS23SEP26280CE,6.2,1250,SELL_AGGRESSOR,18611250,25542500
2026-09-17 13:19:25.740,NATGASMINI,CE,280.0,NATGASMINI23SEP26280CE,6.35,750,SELL_AGGRESSOR,3728000,5347250
2026-09-17 13:19:27.883,NATGASMINI,PE,275.0,NATGASMINI23SEP26275PE,5.2,500,SELL_AGGRESSOR,2249250,1997250
2026-09-17 13:19:29.793,NATURALGAS,CE,285.0,NATURALGAS23SEP26285CE,4.35,1250,SELL,6386250,16337500
2026-09-17 13:19:31.824,NATGASMINI,CE,275.0,NATGASMINI23SEP26275CE,8.85,250,SELL_AGGRESSOR,1782250,1508500
2026-09-17 13:19:35.625,NATURALGAS,FUT,0.0,NATURALGAS25SEP26FUT,278.8,6250,BUY_AGGRESSOR,12280000,37858750
2026-09-17 13:19:37.667,NATURALGAS,CE,275.0,NATURALGAS23SEP26275CE,8.75,1250,BUY_AGGRESSOR,5791250,10335000
2026-09-17 13:19:39.657,NATURALGAS,PE,280.0,NATURALGAS23SEP26280PE,7.6,12500,SELL_AGGRESSOR,8418750,12817500
2026-09-17 13:19:39.657,NATURALGAS,CE,290.0,NATURALGAS23SEP26290CE,3.0,25000,BUY_AGGRESSOR,7737500,16155000
2026-09-17 13:19:43.502,NATURALGAS,FUT,0.0,NATURALGAS25SEP26FUT,278.8,6250,BUY_AGGRESSOR,12286250,37858750
2026-09-17 13:19:43.502,NATGASMINI,CE,280.0,NATGASMINI23SEP26280CE,6.4,250,BUY_AGGRESSOR,3728250,5347250
2026-09-17 13:19:43.502,NATGASMINI,PE,280.0,NATGASMINI23SEP26280PE,7.75,500,BUY_AGGRESSOR,1682000,2113750
2026-09-17 13:19:45.349,NATURALGAS,PE,280.0,NATURALGAS23SEP26280PE,7.6,2500,SELL_AGGRESSOR,8421250,12816250
2026-09-17 13:19:47.351,NATURALGAS,FUT,0.0,NATURALGAS25SEP26FUT,278.6,7500,SELL_AGGRESSOR,12293750,37863750
2026-09-17 13:19:49.241,NATURALGAS,CE,280.0,NATURALGAS23SEP26280CE,6.25,25000,BUY_AGGRESSOR,18636250,25553750
2026-09-17 13:19:49.241,NATGASMINI,PE,275.0,NATGASMINI23SEP26275PE,5.2,250,SELL_AGGRESSOR,2249500,1997250
2026-09-17 13:19:51.240,NATGASMINI,FUT,0.0,NATGASMINI25SEP26FUT,278.7,250,SELL_AGGRESSOR,4166750,9391000
2026-09-17 13:19:51.240,NATGASMINI,CE,275.0,NATGASMINI23SEP26275CE,8.85,500,SELL_AGGRESSOR,1782750,1508000
2026-09-17 13:19:53.095,NATURALGAS,FUT,0.0,NATURALGAS25SEP26FUT,278.6,6250,SELL_AGGRESSOR,12300000,37871250
2026-09-17 13:19:53.095,NATURALGAS,CE,295.0,NATURALGAS23SEP26295CE,2.05,1250,BUY_AGGRESSOR,4208750,7601250
2026-09-17 13:19:53.095,NATGASMINI,FUT,0.0,NATGASMINI25SEP26FUT,278.7,1500,SELL_AGGRESSOR,4168250,9391750
2026-09-17 13:19:55.004,NATGASMINI,CE,290.0,NATGASMINI23SEP26290CE,3.05,250,SELL_AGGRESSOR,1349750,3427250
2026-09-17 13:19:56.995,NATURALGAS,CE,280.0,NATURALGAS23SEP26280CE,6.25,5000,BUY_AGGRESSOR,18641250,25556250
2026-09-17 13:19:58.847,NATURALGAS,CE,280.0,NATURALGAS23SEP26280CE,6.3,1250,BUY_AGGRESSOR,18642500,25557500
2026-09-17 13:19:58.847,NATGASMINI,PE,285.0,NATGASMINI23SEP26285PE,10.7,1000,SELL_AGGRESSOR,578750,520750
2026-09-17 13:20:03.046,NATGASMINI,FUT,0.0,NATGASMINI25SEP26FUT,278.7,250,SELL_AGGRESSOR,4168500,9391750
2026-09-17 13:20:05.046,NATGASMINI,CE,275.0,NATGASMINI23SEP26275CE,8.85,250,SELL_AGGRESSOR,1783000,1508000
2026-09-17 13:20:05.046,NATGASMINI,PE,275.0,NATGASMINI23SEP26275PE,5.2,250,SELL_AGGRESSOR,2249750,1997750
2026-09-17 13:20:05.046,NATGASMINI,PE,280.0,NATGASMINI23SEP26280PE,7.75,750,BUY_AGGRESSOR,1682750,2113500
2026-09-17 13:20:06.912,NATURALGAS,PE,265.0,NATURALGAS23SEP26265PE,1.95,6250,SELL_AGGRESSOR,4085000,7882500
2026-09-17 13:20:08.890,NATURALGAS,CE,280.0,NATURALGAS23SEP26280CE,6.3,1250,BUY_AGGRESSOR,18643750,25558750
2026-09-17 13:20:08.890,NATGASMINI,CE,270.0,NATGASMINI23SEP26270CE,12.05,1250,BUY_AGGRESSOR,864250,870750
2026-09-17 13:20:10.901,NATURALGAS,CE,280.0,NATURALGAS23SEP26280CE,6.25,1250,SELL_AGGRESSOR,18645000,25558750
2026-09-17 13:20:10.901,NATURALGAS,PE,280.0,NATURALGAS23SEP26280PE,7.6,1250,SELL_AGGRESSOR,8422500,12816250
2026-09-17 13:20:12.840,NATGASMINI,CE,275.0,NATGASMINI23SEP26275CE,8.95,250,BUY_AGGRESSOR,1783250,1508250
2026-09-17 13:20:14.754,NATGASMINI,CE,275.0,NATGASMINI23SEP26275CE,8.95,2500,BUY_AGGRESSOR,1785750,1510750
2026-09-17 13:20:14.754,NATGASMINI,PE,280.0,NATGASMINI23SEP26280PE,7.75,250,BUY_AGGRESSOR,1683000,2113250
2026-09-17 13:20:16.689,NATURALGAS,FUT,0.0,NATURALGAS25SEP26FUT,278.8,1250,BUY_AGGRESSOR,12301250,37871250
2026-09-17 13:20:21.725,NATGASMINI,PE,275.0,NATGASMINI23SEP26275PE,5.3,3250,BUY_AGGRESSOR,2253000,2001000
2026-09-17 13:20:23.577,NATURALGAS,FUT,0.0,NATURALGAS25SEP26FUT,278.8,1250,BUY_AGGRESSOR,12302500,37871250
2026-09-17 13:20:25.430,NATGASMINI,FUT,0.0,NATGASMINI25SEP26FUT,278.7,500,SELL_AGGRESSOR,4169000,9391750
2026-09-17 13:20:31.453,NATURALGAS,PE,265.0,NATURALGAS23SEP26265PE,1.95,1250,SELL_AGGRESSOR,4086250,7882500
2026-09-17 13:20:31.453,NATURALGAS,CE,300.0,NATURALGAS23SEP26300CE,1.45,1250,BUY_AGGRESSOR,5172500,16078750
2026-09-17 13:20:31.453,NATGASMINI,PE,280.0,NATGASMINI23SEP26280PE,7.75,1000,BUY_AGGRESSOR,1684000,2113250
2026-09-17 13:20:33.401,NATURALGAS,CE,285.0,NATURALGAS23SEP26285CE,4.4,1250,BUY_AGGRESSOR,6387500,16338750
2026-09-17 13:20:35.606,NATURALGAS,CE,265.0,NATURALGAS23SEP26265CE,15.55,1250,BUY_AGGRESSOR,801250,2173750
2026-09-17 13:20:35.606,NATURALGAS,CE,275.0,NATURALGAS23SEP26275CE,8.75,8750,BUY_AGGRESSOR,5800000,10335000
2026-09-17 13:20:35.606,NATURALGAS,PE,280.0,NATURALGAS23SEP26280PE,7.6,2500,SELL_AGGRESSOR,8425000,12816250
2026-09-17 13:20:35.606,NATGASMINI,CE,265.0,NATGASMINI23SEP26265CE,15.7,1250,BUY_AGGRESSOR,239500,258000
2026-09-17 13:20:35.606,NATGASMINI,CE,270.0,NATGASMINI23SEP26270CE,12.05,2000,BUY_AGGRESSOR,866250,870750
2026-09-17 13:20:35.606,NATGASMINI,CE,280.0,NATGASMINI23SEP26280CE,6.4,2000,BUY_AGGRESSOR,3730250,5347250
2026-09-17 13:20:35.606,NATGASMINI,PE,290.0,NATGASMINI23SEP26290PE,14.3,250,SELL_AGGRESSOR,328250,243500
2026-09-17 13:20:35.606,NATGASMINI,CE,295.0,NATGASMINI23SEP26295CE,2.1,2000,BUY_AGGRESSOR,699250,1397750
2026-09-17 13:20:35.606,NATGASMINI,CE,300.0,NATGASMINI23SEP26300CE,1.55,750,BUY_AGGRESSOR,492250,2064250
2026-09-17 13:20:37.535,NATGASMINI,CE,275.0,NATGASMINI23SEP26275CE,8.95,750,BUY_AGGRESSOR,1786500,1510750
2026-09-17 13:20:39.382,NATGASMINI,FUT,0.0,NATGASMINI25SEP26FUT,278.7,250,SELL_AGGRESSOR,4169250,9391750
2026-09-17 13:20:39.382,NATGASMINI,PE,270.0,NATGASMINI23SEP26270PE,3.4,250,BUY_AGGRESSOR,1506500,2522500
2026-09-17 13:20:41.592,NATURALGAS,CE,280.0,NATURALGAS23SEP26280CE,6.25,10000,SELL_AGGRESSOR,18655000,25560000
2026-09-17 13:20:48.262,NATURALGAS,CE,275.0,NATURALGAS23SEP26275CE,8.7,1250,SELL_AGGRESSOR,5801250,10325000
2026-09-17 13:20:48.262,NATGASMINI,PE,265.0,NATGASMINI23SEP26265PE,2.0,250,SELL_AGGRESSOR,1179250,3341250
2026-09-17 13:20:52.133,NATURALGAS,CE,280.0,NATURALGAS23SEP26280CE,6.3,1250,BUY_AGGRESSOR,18656250,25571250
2026-09-17 13:20:58.049,NATGASMINI,PE,275.0,NATGASMINI23SEP26275PE,5.2,3250,SELL_AGGRESSOR,2256250,2001000
2026-09-17 13:20:59.935,NATURALGAS,FUT,0.0,NATURALGAS25SEP26FUT,278.6,1250,SELL_AGGRESSOR,12303750,37871250
2026-09-17 13:21:01.991,NATURALGAS,CE,280.0,NATURALGAS23SEP26280CE,6.2,5000,SELL_AGGRESSOR,18661250,25576250
2026-09-17 13:21:01.991,NATURALGAS,PE,280.0,NATURALGAS23SEP26280PE,7.6,1250,SELL_AGGRESSOR,8426250,12818750
2026-09-17 13:21:04.068,NATURALGAS,FUT,0.0,NATURALGAS25SEP26FUT,278.8,1250,BUY_AGGRESSOR,12305000,37871250
2026-09-17 13:21:04.068,NATURALGAS,CE,310.0,NATURALGAS23SEP26310CE,0.7,1250,BUY_AGGRESSOR,1212500,6145000
2026-09-17 13:21:04.068,NATGASMINI,PE,280.0,NATGASMINI23SEP26280PE,7.75,3250,BUY_AGGRESSOR,1687250,2113250
2026-09-17 13:21:05.888,NATURALGAS,CE,270.0,NATURALGAS23SEP26270CE,11.85,2500,SELL_AGGRESSOR,3256250,7580000
2026-09-17 13:21:05.888,NATURALGAS,PE,285.0,NATURALGAS23SEP26285PE,10.7,1250,BUY_AGGRESSOR,2987500,3121250
2026-09-17 13:21:05.888,NATURALGAS,PE,290.0,NATURALGAS23SEP26290PE,14.35,2500,BUY_AGGRESSOR,1910000,4330000
2026-09-17 13:21:05.888,NATGASMINI,FUT,0.0,NATGASMINI25SEP26FUT,278.7,1000,SELL_AGGRESSOR,4170250,9392000
2026-09-17 13:21:08.160,NATURALGAS,CE,285.0,NATURALGAS23SEP26285CE,4.35,10000,SELL_AGGRESSOR,6397500,16338750
2026-09-17 13:21:08.160,NATGASMINI,CE,285.0,NATGASMINI23SEP26285CE,4.5,25500,BUY_AGGRESSOR,2160500,4235250
2026-09-17 13:21:10.129,NATURALGAS,PE,270.0,NATURALGAS23SEP26270PE,3.25,1250,BUY_AGGRESSOR,6832500,13680000
2026-09-17 13:21:10.129,NATURALGAS,PE,275.0,NATURALGAS23SEP26275PE,5.15,11250,BUY_AGGRESSOR,7243750,9586250
2026-09-17 13:21:10.129,NATURALGAS,PE,280.0,NATURALGAS23SEP26280PE,7.65,1250,BUY,8427500,12818750
2026-09-17 13:21:10.129,NATGASMINI,PE,275.0,NATGASMINI23SEP26275PE,5.3,250,BUY_AGGRESSOR,2256500,2001000
2026-09-17 13:21:10.129,NATGASMINI,CE,280.0,NATGASMINI23SEP26280CE,6.35,250,SELL_AGGRESSOR,3730500,5347250
2026-09-17 13:21:12.001,NATGASMINI,CE,275.0,NATGASMINI23SEP26275CE,8.8,250,SELL_AGGRESSOR,1786750,1511500
2026-09-17 13:21:13.892,NATURALGAS,CE,270.0,NATURALGAS23SEP26270CE,11.8,2500,SELL_AGGRESSOR,3258750,7582500
2026-09-17 13:21:15.769,NATURALGAS,PE,270.0,NATURALGAS23SEP26270PE,3.25,3750,SELL_AGGRESSOR,6836250,13678750
2026-09-17 13:21:15.769,NATGASMINI,CE,285.0,NATGASMINI23SEP26285CE,4.45,250,SELL_AGGRESSOR,2160750,4236000
2026-09-17 13:21:17.777,NATURALGAS,FUT,0.0,NATURALGAS25SEP26FUT,278.7,1250,BUY_AGGRESSOR,12306250,37871250
2026-09-17 13:21:17.777,NATURALGAS,CE,270.0,NATURALGAS23SEP26270CE,11.85,1250,BUY_AGGRESSOR,3260000,7582500
2026-09-17 13:21:17.777,NATURALGAS,PE,285.0,NATURALGAS23SEP26285PE,10.75,7500,BUY_AGGRESSOR,2995000,3120000
2026-09-17 13:21:17.777,NATGASMINI,CE,280.0,NATGASMINI23SEP26280CE,6.35,250,SELL_AGGRESSOR,3730750,5347000
2026-09-17 13:21:19.658,NATGASMINI,FUT,0.0,NATGASMINI25SEP26FUT,278.7,250,BUY_AGGRESSOR,4170500,9393000
2026-09-17 13:21:19.658,NATGASMINI,CE,280.0,NATGASMINI23SEP26280CE,6.35,250,SELL_AGGRESSOR,3731000,5347000
2026-09-17 13:21:23.635,NATURALGAS,PE,275.0,NATURALGAS23SEP26275PE,5.15,7500,SELL_AGGRESSOR,7251250,9575000
2026-09-17 13:21:23.635,NATURALGAS,CE,285.0,NATURALGAS23SEP26285CE,4.3,1250,SELL_AGGRESSOR,6398750,16348750
2026-09-17 13:21:23.635,NATGASMINI,PE,270.0,NATGASMINI23SEP26270PE,3.35,250,SELL_AGGRESSOR,1506750,2522500
2026-09-17 13:21:25.608,NATURALGAS,CE,275.0,NATURALGAS23SEP26275CE,8.7,16250,SELL_AGGRESSOR,5817500,10325000
2026-09-17 13:21:27.563,NATGASMINI,CE,290.0,NATGASMINI23SEP26290CE,3.05,250,SELL_AGGRESSOR,1350000,3427250
2026-09-17 13:21:29.552,NATURALGAS,FUT,0.0,NATURALGAS25SEP26FUT,278.6,1250,SELL_AGGRESSOR,12307500,37871250
2026-09-17 13:21:29.552,NATURALGAS,CE,280.0,NATURALGAS23SEP26280CE,6.25,2500,BUY_AGGRESSOR,18663750,25576250
2026-09-17 13:21:29.552,NATGASMINI,CE,285.0,NATGASMINI23SEP26285CE,4.45,250,SELL_AGGRESSOR,2161000,4236250
2026-09-17 13:21:31.382,NATURALGAS,PE,270.0,NATURALGAS23SEP26270PE,3.25,1250,SELL_AGGRESSOR,6837500,13678750
2026-09-17 13:21:31.382,NATURALGAS,PE,275.0,NATURALGAS23SEP26275PE,5.15,1250,SELL_AGGRESSOR,7252500,9567500
2026-09-17 13:21:35.499,NATGASMINI,FUT,0.0,NATGASMINI25SEP26FUT,278.7,1000,BUY_AGGRESSOR,4171500,9393000
2026-09-17 13:22:37.433,NATURALGAS,FUT,0.0,NATURALGAS25SEP26FUT,278.6,3750,SELL_AGGRESSOR,12311250,37875000
2026-09-17 13:22:37.433,NATURALGAS,PE,250.0,NATURALGAS23SEP26250PE,0.4,13750,BUY_AGGRESSOR,1902500,7933750
2026-09-17 13:22:37.433,NATURALGAS,PE,260.0,NATURALGAS23SEP26260PE,1.15,25000,SELL_AGGRESSOR,5560000,9992500
2026-09-17 13:22:37.433,NATURALGAS,PE,265.0,NATURALGAS23SEP26265PE,1.95,1250,SELL_AGGRESSOR,4087500,7881250
2026-09-17 13:22:37.433,NATURALGAS,CE,270.0,NATURALGAS23SEP26270CE,11.9,33750,BUY_AGGRESSOR,3293750,7565000
2026-09-17 13:22:37.433,NATURALGAS,PE,270.0,NATURALGAS23SEP26270PE,3.25,1250,SELL_AGGRESSOR,6838750,13680000
2026-09-17 13:22:37.433,NATURALGAS,CE,275.0,NATURALGAS23SEP26275CE,8.75,5000,BUY_AGGRESSOR,5822500,10330000
2026-09-17 13:22:37.433,NATURALGAS,PE,275.0,NATURALGAS23SEP26275PE,5.15,23750,SELL_AGGRESSOR,7276250,9560000
2026-09-17 13:22:37.433,NATURALGAS,CE,280.0,NATURALGAS23SEP26280CE,6.25,5000,BUY_AGGRESSOR,18668750,25582500
2026-09-17 13:22:37.433,NATURALGAS,PE,280.0,NATURALGAS23SEP26280PE,7.65,3750,SELL_AGGRESSOR,8431250,12822500
2026-09-17 13:22:37.433,NATURALGAS,CE,285.0,NATURALGAS23SEP26285CE,4.4,42500,BUY_AGGRESSOR,6441250,16323750
2026-09-17 13:22:37.433,NATURALGAS,PE,285.0,NATURALGAS23SEP26285PE,10.65,1250,SELL_AGGRESSOR,2996250,3113750
2026-09-17 13:22:37.433,NATGASMINI,FUT,0.0,NATGASMINI25SEP26FUT,278.6,750,SELL_AGGRESSOR,4172250,9393250
2026-09-17 13:22:37.433,NATGASMINI,PE,265.0,NATGASMINI23SEP26265PE,2.0,500,SELL_AGGRESSOR,1179750,3341250
2026-09-17 13:22:37.433,NATGASMINI,PE,270.0,NATGASMINI23SEP26270PE,3.35,500,SELL_AGGRESSOR,1507250,2522750
2026-09-17 13:22:37.433,NATGASMINI,CE,275.0,NATGASMINI23SEP26275CE,8.85,4250,BUY_AGGRESSOR,1791000,1511750
2026-09-17 13:22:37.433,NATGASMINI,PE,275.0,NATGASMINI23SEP26275PE,5.25,2250,SELL_AGGRESSOR,2258750,2001000
2026-09-17 13:22:37.433,NATGASMINI,CE,280.0,NATGASMINI23SEP26280CE,6.35,1750,SELL_AGGRESSOR,3732750,5347000
2026-09-17 13:22:37.433,NATGASMINI,PE,280.0,NATGASMINI23SEP26280PE,7.75,20000,SELL_AGGRESSOR,1707250,2098750
2026-09-17 13:22:37.433,NATGASMINI,CE,285.0,NATGASMINI23SEP26285CE,4.45,2500,SELL_AGGRESSOR,2163500,4236250
2026-09-17 13:22:37.433,NATGASMINI,CE,290.0,NATGASMINI23SEP26290CE,3.1,4000,BUY_AGGRESSOR,1354000,3427750
2026-09-17 13:22:37.433,NATGASMINI,CE,295.0,NATGASMINI23SEP26295CE,2.05,7500,SELL_AGGRESSOR,706750,1392750
2026-09-17 13:22:37.433,NATGASMINI,CE,300.0,NATGASMINI23SEP26300CE,1.55,250,BUY_AGGRESSOR,492500,2064500
2026-09-17 13:22:39.540,NATURALGAS,PE,280.0,NATURALGAS23SEP26280PE,7.65,5000,BUY_AGGRESSOR,8436250,12822500
2026-09-17 13:22:39.540,NATGASMINI,CE,280.0,NATGASMINI23SEP26280CE,6.35,250,SELL_AGGRESSOR,3733000,5347000
2026-09-17 13:22:43.664,NATURALGAS,CE,305.0,NATURALGAS23SEP26305CE,0.9,1250,SELL_AGGRESSOR,1676250,8798750
2026-09-17 13:22:43.664,NATGASMINI,CE,275.0,NATGASMINI23SEP26275CE,8.85,250,SELL_AGGRESSOR,1791250,1511750
2026-09-17 13:22:45.727,NATGASMINI,FUT,0.0,NATGASMINI25SEP26FUT,278.6,1000,SELL_AGGRESSOR,4173250,9393250
2026-09-17 13:22:47.684,NATGASMINI,FUT,0.0,NATGASMINI25SEP26FUT,278.6,500,SELL_AGGRESSOR,4173750,9393250
2026-09-17 13:22:47.684,NATGASMINI,CE,280.0,NATGASMINI23SEP26280CE,6.35,5000,SELL_AGGRESSOR,3738000,5347000
2026-09-17 13:22:47.684,NATGASMINI,PE,280.0,NATGASMINI23SEP26280PE,7.7,500,SELL_AGGRESSOR,1707750,2098750
2026-09-17 13:22:49.735,NATURALGAS,FUT,0.0,NATURALGAS25SEP26FUT,278.6,1250,SELL_AGGRESSOR,12312500,37875000
2026-09-17 13:22:51.537,NATGASMINI,CE,285.0,NATGASMINI23SEP26285CE,4.5,750,BUY,2164250,4236250
2026-09-17 13:22:51.537,NATGASMINI,PE,285.0,NATGASMINI23SEP26285PE,10.7,250,SELL_AGGRESSOR,579000,520750
2026-09-17 13:22:51.537,NATGASMINI,CE,290.0,NATGASMINI23SEP26290CE,3.1,250,BUY_AGGRESSOR,1354250,3427750
2026-09-17 13:22:53.559,NATGASMINI,CE,285.0,NATGASMINI23SEP26285CE,4.45,250,SELL_AGGRESSOR,2164500,4236250
2026-09-17 13:22:59.622,NATGASMINI,FUT,0.0,NATGASMINI25SEP26FUT,278.7,46500,BUY_AGGRESSOR,4220250,9393250
2026-09-17 13:22:59.622,NATGASMINI,CE,260.0,NATGASMINI23SEP26260CE,20.0,2000,BUY_AGGRESSOR,160500,327500
2026-09-17 13:22:59.622,NATGASMINI,CE,270.0,NATGASMINI23SEP26270CE,12.0,250,SELL_AGGRESSOR,866500,870750
2026-09-17 13:22:59.622,NATGASMINI,PE,270.0,NATGASMINI23SEP26270PE,3.35,500,INSIDE,1507750,2522750
2026-09-17 13:22:59.622,NATGASMINI,CE,275.0,NATGASMINI23SEP26275CE,8.85,250,SELL_AGGRESSOR,1791500,1511750
2026-09-17 13:22:59.622,NATGASMINI,PE,275.0,NATGASMINI23SEP26275PE,5.25,250,BUY_AGGRESSOR,2259000,2001000
2026-09-17 13:22:59.622,NATGASMINI,CE,280.0,NATGASMINI23SEP26280CE,6.35,1000,SELL_AGGRESSOR,3739000,5346750
2026-09-17 13:22:59.622,NATGASMINI,PE,280.0,NATGASMINI23SEP26280PE,7.75,1000,BUY_AGGRESSOR,1708750,2098750
2026-09-17 13:22:59.622,NATGASMINI,CE,290.0,NATGASMINI23SEP26290CE,3.05,250,SELL_AGGRESSOR,1354500,3427750
2026-09-17 13:22:59.622,NATGASMINI,PE,290.0,NATGASMINI23SEP26290PE,14.4,250,BUY_AGGRESSOR,328500,243500
2026-09-17 13:23:01.611,NATURALGAS,FUT,0.0,NATURALGAS25SEP26FUT,278.7,3750,BUY_AGGRESSOR,12316250,37876250
2026-09-17 13:23:01.611,NATURALGAS,CE,255.0,NATURALGAS23SEP26255CE,24.4,1250,BUY_AGGRESSOR,18750,387500
2026-09-17 13:23:01.611,NATURALGAS,CE,280.0,NATURALGAS23SEP26280CE,6.25,1250,BUY_AGGRESSOR,18670000,25583750
2026-09-17 13:23:01.611,NATGASMINI,FUT,0.0,NATGASMINI25SEP26FUT,278.6,1000,SELL_AGGRESSOR,4221250,9393250
2026-09-17 13:23:01.611,NATGASMINI,CE,275.0,NATGASMINI23SEP26275CE,8.9,250,BUY_AGGRESSOR,1791750,1511750
2026-09-17 13:23:03.658,NATGASMINI,CE,270.0,NATGASMINI23SEP26270CE,12.05,1750,SELL_AGGRESSOR,868250,870750
2026-09-17 13:23:05.601,NATURALGAS,PE,270.0,NATURALGAS23SEP26270PE,3.25,1250,BUY_AGGRESSOR,6840000,13680000
2026-09-17 13:23:07.669,NATURALGAS,PE,275.0,NATURALGAS23SEP26275PE,5.1,2500,SELL_AGGRESSOR,7278750,9560000
2026-09-17 13:23:07.669,NATGASMINI,CE,295.0,NATGASMINI23SEP26295CE,2.05,250,SELL_AGGRESSOR,707000,1392750
2026-09-17 13:23:09.562,NATURALGAS,CE,285.0,NATURALGAS23SEP26285CE,4.35,1250,BUY_AGGRESSOR,6442500,16323750
2026-09-17 13:23:09.562,NATGASMINI,CE,275.0,NATGASMINI23SEP26275CE,8.85,250,SELL_AGGRESSOR,1792000,1512000
2026-09-17 13:23:09.562,NATGASMINI,PE,275.0,NATGASMINI23SEP26275PE,5.2,250,SELL_AGGRESSOR,2259250,2000750
2026-09-17 13:23:09.562,NATGASMINI,PE,280.0,NATGASMINI23SEP26280PE,7.75,250,BUY_AGGRESSOR,1709000,2098000
2026-09-17 13:23:09.562,NATGASMINI,CE,285.0,NATGASMINI23SEP26285CE,4.45,1250,SELL_AGGRESSOR,2165750,4235500
2026-09-17 13:23:09.562,NATGASMINI,PE,285.0,NATGASMINI23SEP26285PE,10.8,250,BUY_AGGRESSOR,579250,520750
2026-09-17 13:23:11.558,NATURALGAS,PE,275.0,NATURALGAS23SEP26275PE,5.15,1250,BUY_AGGRESSOR,7280000,9560000
2026-09-17 13:23:11.558,NATURALGAS,PE,280.0,NATURALGAS23SEP26280PE,7.6,1250,SELL_AGGRESSOR,8437500,12827500
2026-09-17 13:23:11.558,NATURALGAS,CE,290.0,NATURALGAS23SEP26290CE,2.95,3750,SELL_AGGRESSOR,7741250,16176250
2026-09-17 13:23:11.558,NATGASMINI,FUT,0.0,NATGASMINI25SEP26FUT,278.6,250,SELL_AGGRESSOR,4221500,9425750
2026-09-17 13:23:15.374,NATURALGAS,CE,290.0,NATURALGAS23SEP26290CE,2.95,1250,SELL_AGGRESSOR,7742500,16176250
2026-09-17 13:23:15.374,NATGASMINI,FUT,0.0,NATGASMINI25SEP26FUT,278.8,250,BUY_AGGRESSOR,4221750,9425750
2026-09-17 13:23:17.240,NATURALGAS,PE,260.0,NATURALGAS23SEP26260PE,1.2,12500,BUY_AGGRESSOR,5572500,9992500
2026-09-17 13:23:17.240,NATGASMINI,FUT,0.0,NATGASMINI25SEP26FUT,278.7,250,SELL_AGGRESSOR,4222000,9425750
2026-09-17 13:23:19.306,NATURALGAS,PE,275.0,NATURALGAS23SEP26275PE,5.1,2500,SELL_AGGRESSOR,7282500,9558750
2026-09-17 13:23:21.241,NATGASMINI,CE,280.0,NATGASMINI23SEP26280CE,6.35,250,SELL_AGGRESSOR,3739250,5346750
2026-09-17 13:23:23.226,NATGASMINI,PE,260.0,NATGASMINI23SEP26260PE,1.25,250,BUY_AGGRESSOR,1736500,2186000
2026-09-17 13:23:27.018,NATGASMINI,FUT,0.0,NATGASMINI25SEP26FUT,278.8,500,BUY_AGGRESSOR,4222500,9425500
2026-09-17 13:23:27.018,NATGASMINI,PE,280.0,NATGASMINI23SEP26280PE,7.75,250,BUY_AGGRESSOR,1709250,2097500
2026-09-17 13:23:29.042,NATURALGAS,CE,265.0,NATURALGAS23SEP26265CE,15.55,1250,BUY_AGGRESSOR,802500,2173750
2026-09-17 13:23:31.012,NATGASMINI,PE,285.0,NATGASMINI23SEP26285PE,10.8,250,BUY_AGGRESSOR,579500,520750
2026-09-17 13:23:36.916,NATURALGAS,FUT,0.0,NATURALGAS25SEP26FUT,278.8,5000,BUY_AGGRESSOR,12321250,37875000
2026-09-17 13:23:36.916,NATGASMINI,PE,270.0,NATGASMINI23SEP26270PE,3.4,2250,BUY_AGGRESSOR,1510000,2522750
2026-09-17 13:23:36.916,NATGASMINI,CE,280.0,NATGASMINI23SEP26280CE,6.4,1500,BUY_AGGRESSOR,3740750,5346750
2026-09-17 13:23:40.914,NATURALGAS,PE,270.0,NATURALGAS23SEP26270PE,3.25,3750,BUY_AGGRESSOR,6843750,13681250
2026-09-17 13:23:46.765,NATURALGAS,FUT,0.0,NATURALGAS25SEP26FUT,278.7,1250,BUY_AGGRESSOR,12322500,37875000
2026-09-17 13:23:46.765,NATGASMINI,FUT,0.0,NATGASMINI25SEP26FUT,278.7,750,BUY_AGGRESSOR,4223250,9425000
2026-09-17 13:23:48.940,NATURALGAS,FUT,0.0,NATURALGAS25SEP26FUT,278.6,1250,SELL_AGGRESSOR,12323750,37875000
2026-09-17 13:23:50.775,NATURALGAS,PE,285.0,NATURALGAS23SEP26285PE,10.75,46250,BUY_AGGRESSOR,3042500,3113750
2026-09-17 13:23:50.775,NATGASMINI,FUT,0.0,NATGASMINI25SEP26FUT,278.8,750,BUY_AGGRESSOR,4224000,9425000
2026-09-17 13:23:50.775,NATGASMINI,PE,280.0,NATGASMINI23SEP26280PE,7.7,1750,SELL_AGGRESSOR,1711000,2097500
2026-09-17 13:23:54.898,NATURALGAS,FUT,0.0,NATURALGAS25SEP26FUT,278.6,1250,SELL_AGGRESSOR,12325000,37876250
2026-09-17 13:23:54.898,NATURALGAS,CE,280.0,NATURALGAS23SEP26280CE,6.25,38750,BUY_AGGRESSOR,18708750,25583750
2026-09-17 13:23:54.898,NATURALGAS,PE,280.0,NATURALGAS23SEP26280PE,7.6,5000,SELL_AGGRESSOR,8442500,12827500
2026-09-17 13:23:54.898,NATGASMINI,PE,270.0,NATGASMINI23SEP26270PE,3.4,250,BUY_AGGRESSOR,1510250,2522750
2026-09-17 13:23:58.741,NATURALGAS,PE,265.0,NATURALGAS23SEP26265PE,1.95,1250,SELL_AGGRESSOR,4088750,7881250
2026-09-17 13:24:00.713,NATURALGAS,FUT,0.0,NATURALGAS25SEP26FUT,278.6,1250,SELL_AGGRESSOR,12326250,37878750
2026-09-17 13:24:00.713,NATURALGAS,PE,250.0,NATURALGAS23SEP26250PE,0.35,1250,SELL_AGGRESSOR,1903750,7933750
2026-09-17 13:24:00.713,NATGASMINI,PE,270.0,NATGASMINI23SEP26270PE,3.3,10000,SELL_AGGRESSOR,1520250,2522500
2026-09-17 13:24:02.637,NATURALGAS,PE,270.0,NATURALGAS23SEP26270PE,3.25,1250,BUY_AGGRESSOR,6845000,13685000
2026-09-17 13:24:02.637,NATURALGAS,CE,280.0,NATURALGAS23SEP26280CE,6.25,3750,INSIDE,18712500,25545000
2026-09-17 13:24:02.637,NATGASMINI,CE,300.0,NATGASMINI23SEP26300CE,1.55,1500,BUY_AGGRESSOR,494000,2064500
2026-09-17 13:24:04.518,NATGASMINI,PE,280.0,NATGASMINI23SEP26280PE,7.7,250,SELL_AGGRESSOR,1711250,2097500
2026-09-17 13:24:06.521,NATGASMINI,PE,270.0,NATGASMINI23SEP26270PE,3.4,2250,BUY_AGGRESSOR,1522500,2522500
2026-09-17 13:24:08.587,NATURALGAS,CE,260.0,NATURALGAS23SEP26260CE,19.6,1250,SELL_AGGRESSOR,393750,3120000
2026-09-17 13:24:08.587,NATURALGAS,CE,270.0,NATURALGAS23SEP26270CE,11.85,2500,SELL,3296250,7566250
2026-09-17 13:24:08.587,NATURALGAS,CE,275.0,NATURALGAS23SEP26275CE,8.75,1250,BUY_AGGRESSOR,5823750,10330000
2026-09-17 13:24:08.587,NATURALGAS,PE,280.0,NATURALGAS23SEP26280PE,7.65,2500,BUY_AGGRESSOR,8445000,12822500
2026-09-17 13:24:08.587,NATURALGAS,PE,290.0,NATURALGAS23SEP26290PE,14.35,1250,BUY_AGGRESSOR,1911250,4328750
2026-09-17 13:24:08.587,NATGASMINI,PE,275.0,NATGASMINI23SEP26275PE,5.2,7000,SELL_AGGRESSOR,2266250,2001000
2026-09-17 13:24:08.587,NATGASMINI,CE,285.0,NATGASMINI23SEP26285CE,4.5,750,BUY,2166500,4236750
2026-09-17 13:24:08.587,NATGASMINI,PE,285.0,NATGASMINI23SEP26285PE,10.75,250,SELL,579750,521000
2026-09-17 13:24:10.605,NATURALGAS,CE,275.0,NATURALGAS23SEP26275CE,8.7,21250,SELL_AGGRESSOR,5845000,10331250
2026-09-17 13:24:10.605,NATGASMINI,FUT,0.0,NATGASMINI25SEP26FUT,278.6,4750,SELL_AGGRESSOR,4228750,9425000
2026-09-17 13:24:10.605,NATGASMINI,CE,280.0,NATGASMINI23SEP26280CE,6.35,1000,SELL_AGGRESSOR,3741750,5346750
2026-09-17 13:24:10.605,NATGASMINI,PE,280.0,NATGASMINI23SEP26280PE,7.75,250,SELL_AGGRESSOR,1711500,2097750
2026-09-17 13:24:10.605,NATGASMINI,CE,285.0,NATGASMINI23SEP26285CE,4.45,250,SELL_AGGRESSOR,2166750,4236750
2026-09-17 13:24:10.605,NATGASMINI,PE,285.0,NATGASMINI23SEP26285PE,10.85,3500,BUY_AGGRESSOR,583250,521000
2026-09-17 13:24:10.605,NATGASMINI,CE,290.0,NATGASMINI23SEP26290CE,3.05,1000,SELL_AGGRESSOR,1355500,3427500
2026-09-17 13:24:12.531,NATURALGAS,FUT,0.0,NATURALGAS25SEP26FUT,278.6,50000,SELL_AGGRESSOR,12376250,37880000
2026-09-17 13:24:12.531,NATURALGAS,CE,270.0,NATURALGAS23SEP26270CE,11.8,3750,SELL_AGGRESSOR,3300000,7566250
2026-09-17 13:24:12.531,NATURALGAS,PE,275.0,NATURALGAS23SEP26275PE,5.15,35000,BUY_AGGRESSOR,7317500,9556250
2026-09-17 13:24:12.531,NATURALGAS,CE,280.0,NATURALGAS23SEP26280CE,6.2,120000,SELL_AGGRESSOR,18832500,25545000
2026-09-17 13:24:12.531,NATURALGAS,PE,280.0,NATURALGAS23SEP26280PE,7.65,10000,SELL_AGGRESSOR,8455000,12821250
2026-09-17 13:24:12.531,NATURALGAS,PE,285.0,NATURALGAS23SEP26285PE,10.75,5000,BUY_AGGRESSOR,3047500,3158750
2026-09-17 13:24:12.531,NATURALGAS,PE,290.0,NATURALGAS23SEP26290PE,14.4,6250,BUY,1917500,4327500
2026-09-17 13:24:12.531,NATGASMINI,FUT,0.0,NATGASMINI25SEP26FUT,278.6,1000,BUY_AGGRESSOR,4229750,9425000
2026-09-17 13:24:12.531,NATGASMINI,PE,275.0,NATGASMINI23SEP26275PE,5.25,3250,SELL_AGGRESSOR,2269500,2001000
2026-09-17 13:24:12.531,NATGASMINI,CE,280.0,NATGASMINI23SEP26280CE,6.35,750,BUY_AGGRESSOR,3742500,5346750
2026-09-17 13:24:12.531,NATGASMINI,PE,280.0,NATGASMINI23SEP26280PE,7.75,250,SELL_AGGRESSOR,1711750,2097750
2026-09-17 13:24:12.531,NATGASMINI,CE,290.0,NATGASMINI23SEP26290CE,3.05,750,BUY_AGGRESSOR,1356250,3427500
2026-09-17 13:24:14.334,NATURALGAS,PE,280.0,NATURALGAS23SEP26280PE,7.6,5000,SELL_AGGRESSOR,8460000,12821250
2026-09-17 13:24:14.334,NATURALGAS,CE,285.0,NATURALGAS23SEP26285CE,4.4,8750,BUY_AGGRESSOR,6451250,16325000
2026-09-17 13:24:18.425,NATGASMINI,PE,280.0,NATGASMINI23SEP26280PE,7.8,250,BUY_AGGRESSOR,1712000,2097500
2026-09-17 13:24:20.345,NATGASMINI,FUT,0.0,NATGASMINI25SEP26FUT,278.7,2000,BUY_AGGRESSOR,4231750,9423500
2026-09-17 13:24:22.197,NATGASMINI,PE,275.0,NATGASMINI23SEP26275PE,5.2,4000,SELL_AGGRESSOR,2273500,1997750
2026-09-17 13:24:23.988,NATGASMINI,FUT,0.0,NATGASMINI25SEP26FUT,278.6,750,SELL_AGGRESSOR,4232500,9423500
2026-09-17 13:24:26.013,NATURALGAS,PE,275.0,NATURALGAS23SEP26275PE,5.15,1250,BUY_AGGRESSOR,7318750,9530000
2026-09-17 13:24:26.013,NATGASMINI,FUT,0.0,NATGASMINI25SEP26FUT,278.6,1250,SELL_AGGRESSOR,4233750,9423500
2026-09-17 13:24:26.013,NATGASMINI,CE,280.0,NATGASMINI23SEP26280CE,6.35,250,SELL_AGGRESSOR,3742750,5347000
2026-09-17 13:24:27.835,NATURALGAS,PE,270.0,NATURALGAS23SEP26270PE,3.25,6250,BUY_AGGRESSOR,6851250,13686250
2026-09-17 13:24:27.835,NATURALGAS,CE,275.0,NATURALGAS23SEP26275CE,8.7,8750,SELL_AGGRESSOR,5853750,10352500
2026-09-17 13:24:27.835,NATURALGAS,CE,280.0,NATURALGAS23SEP26280CE,6.2,7500,SELL_AGGRESSOR,18840000,25662500
2026-09-17 13:24:27.835,NATURALGAS,CE,285.0,NATURALGAS23SEP26285CE,4.35,5000,BUY_AGGRESSOR,6456250,16333750
2026-09-17 13:24:27.835,NATURALGAS,CE,295.0,NATURALGAS23SEP26295CE,2.0,43750,SELL_AGGRESSOR,4252500,7601250
2026-09-17 13:24:27.835,NATGASMINI,PE,255.0,NATGASMINI23SEP26255PE,0.8,250,BUY_AGGRESSOR,2125250,1569250
2026-09-17 13:24:27.835,NATGASMINI,CE,275.0,NATGASMINI23SEP26275CE,8.8,3750,SELL_AGGRESSOR,1795750,1512000
2026-09-17 13:24:29.972,NATURALGAS,FUT,0.0,NATURALGAS25SEP26FUT,278.6,12500,SELL_AGGRESSOR,12388750,37898750
2026-09-17 13:24:29.972,NATURALGAS,CE,270.0,NATURALGAS23SEP26270CE,11.8,1250,BUY_AGGRESSOR,3301250,7566250
2026-09-17 13:24:31.996,NATURALGAS,CE,290.0,NATURALGAS23SEP26290CE,2.95,2500,SELL_AGGRESSOR,7745000,16172500
2026-09-17 13:24:31.996,NATGASMINI,FUT,0.0,NATGASMINI25SEP26FUT,278.6,1250,BUY_AGGRESSOR,4235000,9423500
2026-09-17 13:24:34.145,NATURALGAS,CE,285.0,NATURALGAS23SEP26285CE,4.3,6250,SELL_AGGRESSOR,6462500,16333750
2026-09-17 13:24:38.260,NATURALGAS,PE,275.0,NATURALGAS23SEP26275PE,5.2,1250,BUY_AGGRESSOR,7320000,9530000
2026-09-17 13:24:38.260,NATURALGAS,CE,280.0,NATURALGAS23SEP26280CE,6.2,2500,BUY_AGGRESSOR,18842500,25670000
2026-09-17 13:24:38.260,NATGASMINI,CE,275.0,NATGASMINI23SEP26275CE,8.8,1000,BUY_AGGRESSOR,1796750,1515750
2026-09-17 13:24:38.260,NATGASMINI,PE,275.0,NATGASMINI23SEP26275PE,5.25,250,SELL_AGGRESSOR,2273750,1997750
2026-09-17 13:24:38.260,NATGASMINI,CE,285.0,NATGASMINI23SEP26285CE,4.45,750,SELL_AGGRESSOR,2167500,4237000
2026-09-17 13:24:40.100,NATURALGAS,FUT,0.0,NATURALGAS25SEP26FUT,278.6,12500,SELL_AGGRESSOR,12401250,37898750
2026-09-17 13:24:40.100,NATURALGAS,CE,285.0,NATURALGAS23SEP26285CE,4.35,1250,BUY_AGGRESSOR,6463750,16338750
2026-09-17 13:24:42.162,NATURALGAS,PE,275.0,NATURALGAS23SEP26275PE,5.2,5000,BUY_AGGRESSOR,7325000,9528750
2026-09-17 13:24:42.162,NATGASMINI,PE,270.0,NATGASMINI23SEP26270PE,3.35,250,SELL_AGGRESSOR,1522750,2522500
2026-09-17 13:24:44.176,NATGASMINI,PE,275.0,NATGASMINI23SEP26275PE,5.2,6250,SELL_AGGRESSOR,2280000,1997750
2026-09-17 13:24:44.176,NATGASMINI,PE,280.0,NATGASMINI23SEP26280PE,7.75,1000,SELL_AGGRESSOR,1713000,2097250
2026-09-17 13:24:44.176,NATGASMINI,CE,310.0,NATGASMINI23SEP26310CE,0.8,250,BUY_AGGRESSOR,276000,1432750
2026-09-17 13:24:46.283,NATURALGAS,PE,275.0,NATURALGAS23SEP26275PE,5.15,6250,SELL_AGGRESSOR,7331250,9528750
2026-09-17 13:24:46.283,NATURALGAS,PE,280.0,NATURALGAS23SEP26280PE,7.65,5000,SELL_AGGRESSOR,8465000,12825000
2026-09-17 13:24:46.283,NATURALGAS,PE,285.0,NATURALGAS23SEP26285PE,10.75,6250,SELL_AGGRESSOR,3053750,3158750
2026-09-17 13:24:46.283,NATGASMINI,FUT,0.0,NATGASMINI25SEP26FUT,278.6,250,INSIDE,4235250,9422500
2026-09-17 13:24:48.139,NATGASMINI,CE,285.0,NATGASMINI23SEP26285CE,4.5,1000,BUY_AGGRESSOR,2168500,4237000
2026-09-17 13:24:50.052,NATURALGAS,PE,275.0,NATURALGAS23SEP26275PE,5.1,12500,SELL_AGGRESSOR,7343750,9528750
2026-09-17 13:24:50.052,NATGASMINI,FUT,0.0,NATGASMINI25SEP26FUT,278.6,250,SELL_AGGRESSOR,4235500,9422500
2026-09-17 13:24:51.912,NATURALGAS,FUT,0.0,NATURALGAS25SEP26FUT,278.6,22500,SELL_AGGRESSOR,12423750,37911250
2026-09-17 13:24:51.912,NATURALGAS,CE,285.0,NATURALGAS23SEP26285CE,4.35,5000,INSIDE,6468750,16332500
2026-09-17 13:24:51.912,NATGASMINI,CE,275.0,NATGASMINI23SEP26275CE,8.8,8750,SELL_AGGRESSOR,1805500,1515750
2026-09-17 13:24:51.912,NATGASMINI,PE,275.0,NATGASMINI23SEP26275PE,5.2,4250,SELL_AGGRESSOR,2284250,1997750
2026-09-17 13:24:54.001,NATURALGAS,CE,275.0,NATURALGAS23SEP26275CE,8.65,1250,SELL_AGGRESSOR,5855000,10361250
2026-09-17 13:24:57.991,NATURALGAS,PE,270.0,NATURALGAS23SEP26270PE,3.2,1250,SELL_AGGRESSOR,6852500,13686250
2026-09-17 13:24:57.991,NATURALGAS,CE,285.0,NATURALGAS23SEP26285CE,4.35,7500,BUY_AGGRESSOR,6476250,16333750
2026-09-17 13:24:57.991,NATGASMINI,CE,275.0,NATGASMINI23SEP26275CE,8.9,250,BUY_AGGRESSOR,1805750,1515750
2026-09-17 13:24:59.979,NATURALGAS,PE,265.0,NATURALGAS23SEP26265PE,1.95,1250,SELL_AGGRESSOR,4090000,7880000
2026-09-17 13:24:59.979,NATGASMINI,FUT,0.0,NATGASMINI25SEP26FUT,278.6,2000,SELL_AGGRESSOR,4237500,9422500
2026-09-17 13:25:01.957,NATURALGAS,PE,290.0,NATURALGAS23SEP26290PE,14.35,1250,SELL_AGGRESSOR,1918750,4333750
2026-09-17 13:25:03.904,NATURALGAS,FUT,0.0,NATURALGAS25SEP26FUT,278.7,22500,BUY_AGGRESSOR,12446250,37923750
2026-09-17 13:25:03.904,NATURALGAS,CE,270.0,NATURALGAS23SEP26270CE,11.85,1250,BUY_AGGRESSOR,3302500,7567500
2026-09-17 13:25:03.904,NATURALGAS,PE,280.0,NATURALGAS23SEP26280PE,7.6,2500,SELL_AGGRESSOR,8467500,12830000
2026-09-17 13:25:03.904,NATGASMINI,CE,265.0,NATGASMINI23SEP26265CE,15.7,250,BUY_AGGRESSOR,239750,257250
2026-09-17 13:25:03.904,NATGASMINI,PE,270.0,NATGASMINI23SEP26270PE,3.35,2250,BUY_AGGRESSOR,1525000,2522750
2026-09-17 13:25:03.904,NATGASMINI,CE,290.0,NATGASMINI23SEP26290CE,3.1,11500,BUY_AGGRESSOR,1367750,3427500
2026-09-17 13:25:05.906,NATURALGAS,PE,280.0,NATURALGAS23SEP26280PE,7.65,1250,BUY_AGGRESSOR,8468750,12830000
2026-09-17 13:25:05.906,NATURALGAS,CE,290.0,NATURALGAS23SEP26290CE,3.0,1250,BUY_AGGRESSOR,7746250,16172500
2026-09-17 13:25:09.885,NATURALGAS,CE,300.0,NATURALGAS23SEP26300CE,1.45,1250,BUY_AGGRESSOR,5173750,16078750
2026-09-17 13:25:09.885,NATGASMINI,PE,270.0,NATGASMINI23SEP26270PE,3.3,500,SELL_AGGRESSOR,1525500,2522750
2026-09-17 13:25:11.728,NATURALGAS,FUT,0.0,NATURALGAS25SEP26FUT,278.7,2500,BUY_AGGRESSOR,12448750,37940000
2026-09-17 13:25:11.728,NATURALGAS,CE,275.0,NATURALGAS23SEP26275CE,8.7,1250,SELL_AGGRESSOR,5856250,10361250
2026-09-17 13:25:11.728,NATURALGAS,PE,275.0,NATURALGAS23SEP26275PE,5.15,1250,BUY_AGGRESSOR,7345000,9522500
2026-09-17 13:25:11.728,NATURALGAS,CE,280.0,NATURALGAS23SEP26280CE,6.2,1250,SELL_AGGRESSOR,18843750,25670000
2026-09-17 13:25:11.728,NATURALGAS,PE,280.0,NATURALGAS23SEP26280PE,7.65,1250,BUY_AGGRESSOR,8470000,12830000
2026-09-17 13:25:11.728,NATURALGAS,PE,285.0,NATURALGAS23SEP26285PE,10.65,1250,SELL_AGGRESSOR,3055000,3158750
2026-09-17 13:25:14.022,NATGASMINI,FUT,0.0,NATGASMINI25SEP26FUT,278.6,1000,SELL_AGGRESSOR,4238500,9422750
2026-09-17 13:25:16.066,NATURALGAS,PE,280.0,NATURALGAS23SEP26280PE,7.6,5000,SELL_AGGRESSOR,8475000,12830000
2026-09-17 13:25:16.066,NATURALGAS,PE,290.0,NATURALGAS23SEP26290PE,14.3,3750,SELL_AGGRESSOR,1922500,4333750
2026-09-17 13:25:16.066,NATGASMINI,PE,275.0,NATGASMINI23SEP26275PE,5.15,250,SELL_AGGRESSOR,2284500,1992750
2026-09-17 13:25:22.149,NATURALGAS,CE,275.0,NATURALGAS23SEP26275CE,8.7,1250,SELL_AGGRESSOR,5857500,10361250
2026-09-17 13:25:22.149,NATURALGAS,CE,280.0,NATURALGAS23SEP26280CE,6.2,1250,SELL_AGGRESSOR,18845000,25670000
2026-09-17 13:25:22.149,NATURALGAS,PE,285.0,NATURALGAS23SEP26285PE,10.65,1250,SELL_AGGRESSOR,3056250,3158750
2026-09-17 13:25:22.149,NATGASMINI,FUT,0.0,NATGASMINI25SEP26FUT,278.7,1000,BUY_AGGRESSOR,4239500,9422750
2026-09-17 13:25:22.149,NATGASMINI,CE,290.0,NATGASMINI23SEP26290CE,3.05,3500,SELL_AGGRESSOR,1371250,3428000
2026-09-17 13:25:26.279,NATURALGAS,CE,295.0,NATURALGAS23SEP26295CE,2.0,5000,SELL_AGGRESSOR,4257500,7558750
2026-09-17 13:25:26.279,NATGASMINI,FUT,0.0,NATGASMINI25SEP26FUT,278.6,500,SELL_AGGRESSOR,4240000,9422750
2026-09-17 13:25:26.279,NATGASMINI,CE,280.0,NATGASMINI23SEP26280CE,6.4,250,BUY_AGGRESSOR,3743000,5346750
2026-09-17 13:25:30.174,NATGASMINI,CE,290.0,NATGASMINI23SEP26290CE,3.1,250,BUY_AGGRESSOR,1371500,3428000
2026-09-17 13:25:32.060,NATURALGAS,CE,280.0,NATURALGAS23SEP26280CE,6.2,1250,SELL_AGGRESSOR,18846250,25671250
2026-09-17 13:25:32.060,NATGASMINI,FUT,0.0,NATGASMINI25SEP26FUT,278.7,500,BUY_AGGRESSOR,4240500,9422750
2026-09-17 13:25:32.060,NATGASMINI,PE,270.0,NATGASMINI23SEP26270PE,3.3,250,SELL_AGGRESSOR,1525750,2522750
2026-09-17 13:25:34.145,NATURALGAS,CE,295.0,NATURALGAS23SEP26295CE,2.0,5000,SELL_AGGRESSOR,4262500,7558750
2026-09-17 13:25:34.145,NATGASMINI,CE,275.0,NATGASMINI23SEP26275CE,8.95,6250,BUY_AGGRESSOR,1812000,1510750
2026-09-17 13:25:36.027,NATURALGAS,PE,285.0,NATURALGAS23SEP26285PE,10.65,1250,SELL_AGGRESSOR,3057500,3157500
2026-09-17 13:25:38.075,NATURALGAS,PE,280.0,NATURALGAS23SEP26280PE,7.55,1250,SELL_AGGRESSOR,8476250,12838750
2026-09-17 13:25:38.075,NATURALGAS,CE,295.0,NATURALGAS23SEP26295CE,2.0,2500,SELL_AGGRESSOR,4265000,7558750
2026-09-17 13:25:40.130,NATURALGAS,CE,285.0,NATURALGAS23SEP26285CE,4.35,2500,BUY_AGGRESSOR,6478750,16346250
2026-09-17 13:25:42.134,NATURALGAS,CE,280.0,NATURALGAS23SEP26280CE,6.2,26250,SELL_AGGRESSOR,18872500,25672500
2026-09-17 13:25:42.134,NATGASMINI,FUT,0.0,NATGASMINI25SEP26FUT,278.6,250,SELL_AGGRESSOR,4240750,9423750
2026-09-17 13:25:42.134,NATGASMINI,PE,275.0,NATGASMINI23SEP26275PE,5.25,250,BUY_AGGRESSOR,2284750,1993000
2026-09-17 13:25:42.134,NATGASMINI,PE,280.0,NATGASMINI23SEP26280PE,7.75,250,BUY_AGGRESSOR,1713250,2097250
2026-09-17 13:25:42.134,NATGASMINI,PE,285.0,NATGASMINI23SEP26285PE,10.7,250,SELL_AGGRESSOR,583500,524250
2026-09-17 13:25:44.324,NATURALGAS,FUT,0.0,NATURALGAS25SEP26FUT,278.7,1250,BUY_AGGRESSOR,12450000,37920000
2026-09-17 13:25:46.404,NATURALGAS,FUT,0.0,NATURALGAS25SEP26FUT,278.7,1250,BUY_AGGRESSOR,12451250,37920000
2026-09-17 13:25:46.404,NATGASMINI,PE,290.0,NATGASMINI23SEP26290PE,14.3,250,SELL_AGGRESSOR,328750,243250
2026-09-17 13:25:48.451,NATURALGAS,PE,275.0,NATURALGAS23SEP26275PE,5.15,7500,BUY_AGGRESSOR,7352500,9522500
2026-09-17 13:25:48.451,NATURALGAS,CE,290.0,NATURALGAS23SEP26290CE,3.0,1250,BUY_AGGRESSOR,7747500,16172500
2026-09-17 13:25:50.487,NATGASMINI,PE,280.0,NATGASMINI23SEP26280PE,7.75,250,BUY_AGGRESSOR,1713500,2097250
2026-09-17 13:25:52.634,NATURALGAS,CE,280.0,NATURALGAS23SEP26280CE,6.2,1250,SELL_AGGRESSOR,18873750,25672500
2026-09-17 13:25:54.552,NATURALGAS,PE,280.0,NATURALGAS23SEP26280PE,7.55,25000,SELL_AGGRESSOR,8501250,12838750
2026-09-17 13:25:54.552,NATGASMINI,PE,280.0,NATGASMINI23SEP26280PE,7.7,1250,SELL_AGGRESSOR,1714750,2097250
2026-09-17 13:25:56.549,NATURALGAS,PE,270.0,NATURALGAS23SEP26270PE,3.2,5000,SELL_AGGRESSOR,6857500,13685000
2026-09-17 13:25:56.549,NATURALGAS,PE,275.0,NATURALGAS23SEP26275PE,5.05,7500,SELL_AGGRESSOR,7360000,9522500
2026-09-17 13:25:58.465,NATGASMINI,FUT,0.0,NATGASMINI25SEP26FUT,278.7,250,BUY_AGGRESSOR,4241000,9424250
2026-09-17 13:25:58.465,NATGASMINI,CE,290.0,NATGASMINI23SEP26290CE,3.05,500,SELL_AGGRESSOR,1372000,3431250
2026-09-17 13:26:00.498,NATURALGAS,CE,275.0,NATURALGAS23SEP26275CE,8.75,1250,BUY_AGGRESSOR,5858750,10361250
2026-09-17 13:26:00.498,NATGASMINI,PE,280.0,NATGASMINI23SEP26280PE,7.75,250,BUY_AGGRESSOR,1715000,2097000
2026-09-17 13:26:02.475,NATURALGAS,CE,285.0,NATURALGAS23SEP26285CE,4.35,30000,BUY_AGGRESSOR,6508750,16343750
2026-09-17 13:26:08.453,NATURALGAS,PE,280.0,NATURALGAS23SEP26280PE,7.55,1250,SELL_AGGRESSOR,8502500,12837500
2026-09-17 13:26:10.451,NATURALGAS,PE,275.0,NATURALGAS23SEP26275PE,5.05,1250,SELL_AGGRESSOR,7361250,9530000
2026-09-17 13:26:10.451,NATURALGAS,CE,285.0,NATURALGAS23SEP26285CE,4.35,2500,SELL_AGGRESSOR,6511250,16343750
2026-09-17 13:26:10.451,NATGASMINI,CE,280.0,NATGASMINI23SEP26280CE,6.35,500,SELL_AGGRESSOR,3743500,5346750
2026-09-17 13:26:12.385,NATURALGAS,FUT,0.0,NATURALGAS25SEP26FUT,278.7,8750,BUY_AGGRESSOR,12460000,37920000
2026-09-17 13:26:12.385,NATURALGAS,PE,275.0,NATURALGAS23SEP26275PE,5.15,1250,BUY_AGGRESSOR,7362500,9530000
2026-09-17 13:26:12.385,NATURALGAS,CE,280.0,NATURALGAS23SEP26280CE,6.2,3750,SELL_AGGRESSOR,18877500,25673750
2026-09-17 13:26:12.385,NATURALGAS,PE,280.0,NATURALGAS23SEP26280PE,7.55,1250,SELL_AGGRESSOR,8503750,12837500
2026-09-17 13:26:12.385,NATURALGAS,PE,285.0,NATURALGAS23SEP26285PE,10.75,20000,BUY_AGGRESSOR,3077500,3155000
2026-09-17 13:26:14.528,NATURALGAS,FUT,0.0,NATURALGAS25SEP26FUT,278.7,2500,BUY_AGGRESSOR,12462500,37920000
2026-09-17 13:26:16.426,NATURALGAS,PE,265.0,NATURALGAS23SEP26265PE,1.95,1250,SELL_AGGRESSOR,4091250,7880000
2026-09-17 13:26:16.426,NATGASMINI,FUT,0.0,NATGASMINI25SEP26FUT,278.7,1250,INSIDE,4242250,9424750
2026-09-17 13:26:24.277,NATURALGAS,FUT,0.0,NATURALGAS25SEP26FUT,278.7,5000,BUY_AGGRESSOR,12467500,37920000
2026-09-17 13:26:24.277,NATGASMINI,CE,285.0,NATGASMINI23SEP26285CE,4.5,4250,BUY_AGGRESSOR,2172750,4238750
2026-09-17 13:26:26.116,NATURALGAS,PE,280.0,NATURALGAS23SEP26280PE,7.55,1250,SELL_AGGRESSOR,8505000,12838750
2026-09-17 13:26:28.298,NATURALGAS,CE,275.0,NATURALGAS23SEP26275CE,8.75,6250,BUY_AGGRESSOR,5865000,10362500
2026-09-17 13:26:28.298,NATGASMINI,FUT,0.0,NATGASMINI25SEP26FUT,278.8,250,BUY_AGGRESSOR,4242500,9424750
2026-09-17 13:26:30.163,NATGASMINI,PE,275.0,NATGASMINI23SEP26275PE,5.15,1000,SELL_AGGRESSOR,2285750,1993000
2026-09-17 13:26:34.141,NATGASMINI,FUT,0.0,NATGASMINI25SEP26FUT,278.8,1250,BUY_AGGRESSOR,4243750,9424750
2026-09-17 13:26:34.141,NATGASMINI,CE,285.0,NATGASMINI23SEP26285CE,4.45,750,SELL_AGGRESSOR,2173500,4238750
2026-09-17 13:26:35.986,NATURALGAS,FUT,0.0,NATURALGAS25SEP26FUT,278.7,1250,SELL_AGGRESSOR,12468750,37920000
2026-09-17 13:26:35.986,NATURALGAS,PE,275.0,NATURALGAS23SEP26275PE,5.05,1250,SELL_AGGRESSOR,7363750,9527500
2026-09-17 13:26:35.986,NATURALGAS,CE,295.0,NATURALGAS23SEP26295CE,2.0,1250,SELL_AGGRESSOR,4266250,7558750
2026-09-17 13:26:35.986,NATGASMINI,CE,295.0,NATGASMINI23SEP26295CE,2.05,37500,SELL_AGGRESSOR,744500,1392750
2026-09-17 13:26:37.906,NATGASMINI,PE,285.0,NATGASMINI23SEP26285PE,10.8,500,BUY_AGGRESSOR,584000,524250
2026-09-17 13:26:42.204,NATURALGAS,PE,265.0,NATURALGAS23SEP26265PE,1.95,2500,SELL_AGGRESSOR,4093750,7880000
2026-09-17 13:26:42.204,NATURALGAS,PE,280.0,NATURALGAS23SEP26280PE,7.6,2500,BUY_AGGRESSOR,8507500,12840000
2026-09-17 13:26:42.204,NATURALGAS,CE,285.0,NATURALGAS23SEP26285CE,4.35,2500,SELL_AGGRESSOR,6513750,16328750
2026-09-17 13:26:42.204,NATURALGAS,CE,290.0,NATURALGAS23SEP26290CE,3.0,1250,BUY_AGGRESSOR,7748750,16173750
2026-09-17 13:26:42.204,NATGASMINI,FUT,0.0,NATGASMINI25SEP26FUT,278.7,250,SELL_AGGRESSOR,4244000,9423500
2026-09-17 13:26:44.370,NATURALGAS,CE,265.0,NATURALGAS23SEP26265CE,15.45,1250,SELL_AGGRESSOR,803750,2173750
2026-09-17 13:26:44.370,NATURALGAS,PE,265.0,NATURALGAS23SEP26265PE,1.95,3750,SELL_AGGRESSOR,4097500,7880000
2026-09-17 13:26:44.370,NATURALGAS,PE,275.0,NATURALGAS23SEP26275PE,5.1,2500,SELL_AGGRESSOR,7366250,9527500
2026-09-17 13:26:44.370,NATURALGAS,CE,280.0,NATURALGAS23SEP26280CE,6.25,16250,BUY_AGGRESSOR,18893750,25670000
2026-09-17 13:26:44.370,NATGASMINI,PE,265.0,NATGASMINI23SEP26265PE,2.0,11250,SELL_AGGRESSOR,1191000,3341250
2026-09-17 13:26:44.370,NATGASMINI,CE,270.0,NATGASMINI23SEP26270CE,12.2,2000,BUY_AGGRESSOR,870250,870750
2026-09-17 13:26:44.370,NATGASMINI,CE,275.0,NATGASMINI23SEP26275CE,9.0,14500,BUY_AGGRESSOR,1826500,1514750
2026-09-17 13:26:44.370,NATGASMINI,PE,275.0,NATGASMINI23SEP26275PE,5.2,750,SELL_AGGRESSOR,2286500,1993000
2026-09-17 13:26:44.370,NATGASMINI,PE,280.0,NATGASMINI23SEP26280PE,7.65,8250,SELL_AGGRESSOR,1723250,2097750
2026-09-17 13:26:44.370,NATGASMINI,CE,285.0,NATGASMINI23SEP26285CE,4.55,7500,BUY_AGGRESSOR,2181000,4240250
2026-09-17 13:26:44.370,NATGASMINI,CE,310.0,NATGASMINI23SEP26310CE,0.8,250,BUY_AGGRESSOR,276250,1433000
2026-09-17 13:26:46.335,NATURALGAS,FUT,0.0,NATURALGAS25SEP26FUT,278.9,106250,BUY_AGGRESSOR,12575000,37920000
2026-09-17 13:26:46.335,NATURALGAS,CE,260.0,NATURALGAS23SEP26260CE,19.9,5000,BUY_AGGRESSOR,398750,3120000
2026-09-17 13:26:46.335,NATURALGAS,PE,260.0,NATURALGAS23SEP26260PE,1.15,82500,SELL_AGGRESSOR,5655000,9992500
2026-09-17 13:26:46.335,NATURALGAS,CE,270.0,NATURALGAS23SEP26270CE,12.05,41250,BUY_AGGRESSOR,3343750,7566250
2026-09-17 13:26:46.335,NATURALGAS,PE,270.0,NATURALGAS23SEP26270PE,3.2,7500,SELL_AGGRESSOR,6865000,13680000
2026-09-17 13:26:46.335,NATURALGAS,CE,275.0,NATURALGAS23SEP26275CE,8.85,36250,BUY_AGGRESSOR,5901250,10365000
2026-09-17 13:26:46.335,NATURALGAS,PE,275.0,NATURALGAS23SEP26275PE,5.0,60000,SELL_AGGRESSOR,7426250,9527500
2026-09-17 13:26:46.335,NATURALGAS,CE,280.0,NATURALGAS23SEP26280CE,6.35,77500,BUY_AGGRESSOR,18971250,25670000
2026-09-17 13:26:46.335,NATURALGAS,PE,280.0,NATURALGAS23SEP26280PE,7.5,37500,SELL_AGGRESSOR,8545000,12838750
2026-09-17 13:26:46.335,NATURALGAS,CE,285.0,NATURALGAS23SEP26285CE,4.45,33750,BUY_AGGRESSOR,6547500,16328750
2026-09-17 13:26:46.335,NATURALGAS,PE,285.0,NATURALGAS23SEP26285PE,10.5,35000,SELL_AGGRESSOR,3112500,3175000
2026-09-17 13:26:46.335,NATURALGAS,CE,290.0,NATURALGAS23SEP26290CE,3.0,23750,BUY_AGGRESSOR,7772500,16173750
2026-09-17 13:26:46.335,NATURALGAS,PE,290.0,NATURALGAS23SEP26290PE,14.1,21250,SELL_AGGRESSOR,1943750,4338750
2026-09-17 13:26:46.335,NATURALGAS,CE,295.0,NATURALGAS23SEP26295CE,2.05,18750,BUY_AGGRESSOR,4285000,7558750
2026-09-17 13:26:46.335,NATURALGAS,PE,295.0,NATURALGAS23SEP26295PE,18.1,15000,SELL_AGGRESSOR,360000,630000
2026-09-17 13:26:46.335,NATURALGAS,CE,305.0,NATURALGAS23SEP26305CE,0.95,2500,BUY_AGGRESSOR,1678750,8798750
2026-09-17 13:26:46.335,NATGASMINI,FUT,0.0,NATGASMINI25SEP26FUT,278.9,12250,BUY_AGGRESSOR,4256250,9423750
2026-09-17 13:26:46.335,NATGASMINI,CE,260.0,NATGASMINI23SEP26260CE,20.15,2750,BUY_AGGRESSOR,163250,327500
2026-09-17 13:26:46.335,NATGASMINI,PE,260.0,NATGASMINI23SEP26260PE,1.2,1500,SELL_AGGRESSOR,1738000,2185750
2026-09-17 13:26:46.335,NATGASMINI,CE,265.0,NATGASMINI23SEP26265CE,15.9,750,BUY_AGGRESSOR,240500,257500
2026-09-17 13:26:46.335,NATGASMINI,PE,265.0,NATGASMINI23SEP26265PE,1.95,500,SELL_AGGRESSOR,1191500,3341250
2026-09-17 13:26:46.335,NATGASMINI,CE,270.0,NATGASMINI23SEP26270CE,12.25,4250,BUY_AGGRESSOR,874500,870750
2026-09-17 13:26:46.335,NATGASMINI,PE,270.0,NATGASMINI23SEP26270PE,3.3,2000,SELL_AGGRESSOR,1527750,2523000
2026-09-17 13:26:46.335,NATGASMINI,PE,275.0,NATGASMINI23SEP26275PE,5.05,21500,SELL_AGGRESSOR,2308000,1993000
2026-09-17 13:26:46.335,NATGASMINI,CE,280.0,NATGASMINI23SEP26280CE,6.45,6750,BUY_AGGRESSOR,3750250,5346750
2026-09-17 13:26:46.335,NATGASMINI,PE,285.0,NATGASMINI23SEP26285PE,10.65,2500,SELL_AGGRESSOR,586500,524250
2026-09-17 13:26:46.335,NATGASMINI,CE,290.0,NATGASMINI23SEP26290CE,3.1,1750,BUY_AGGRESSOR,1373750,3430750
2026-09-17 13:26:46.335,NATGASMINI,PE,290.0,NATGASMINI23SEP26290PE,14.2,1500,SELL_AGGRESSOR,330250,243000
2026-09-17 13:26:46.335,NATGASMINI,CE,295.0,NATGASMINI23SEP26295CE,2.1,1750,BUY_AGGRESSOR,746250,1392750
2026-09-17 13:26:48.336,NATURALGAS,CE,275.0,NATURALGAS23SEP26275CE,8.85,71250,SELL_AGGRESSOR,5972500,10365000
2026-09-17 13:26:48.336,NATURALGAS,PE,275.0,NATURALGAS23SEP26275PE,5.0,10000,INSIDE,7436250,9527500
2026-09-17 13:26:48.336,NATURALGAS,CE,280.0,NATURALGAS23SEP26280CE,6.3,3750,SELL_AGGRESSOR,18975000,25670000
2026-09-17 13:26:48.336,NATURALGAS,PE,280.0,NATURALGAS23SEP26280PE,7.5,1250,BUY_AGGRESSOR,8546250,12838750
2026-09-17 13:26:48.336,NATURALGAS,CE,285.0,NATURALGAS23SEP26285CE,4.4,1250,SELL_AGGRESSOR,6548750,16328750
2026-09-17 13:26:48.336,NATURALGAS,PE,285.0,NATURALGAS23SEP26285PE,10.55,8750,BUY_AGGRESSOR,3121250,3175000
2026-09-17 13:26:48.336,NATURALGAS,CE,290.0,NATURALGAS23SEP26290CE,3.0,2500,SELL_AGGRESSOR,7775000,16173750
2026-09-17 13:26:48.336,NATURALGAS,PE,290.0,NATURALGAS23SEP26290PE,14.1,1250,SELL_AGGRESSOR,1945000,4338750
2026-09-17 13:26:48.336,NATGASMINI,FUT,0.0,NATGASMINI25SEP26FUT,278.9,3000,SELL_AGGRESSOR,4259250,9423750
2026-09-17 13:26:48.336,NATGASMINI,PE,260.0,NATGASMINI23SEP26260PE,1.2,8250,BUY_AGGRESSOR,1746250,2185750
2026-09-17 13:26:48.336,NATGASMINI,CE,270.0,NATGASMINI23SEP26270CE,12.2,250,SELL_AGGRESSOR,874750,870750
2026-09-17 13:26:48.336,NATGASMINI,CE,275.0,NATGASMINI23SEP26275CE,9.0,1250,INSIDE,1827750,1514750
2026-09-17 13:26:48.336,NATGASMINI,CE,280.0,NATGASMINI23SEP26280CE,6.45,250,SELL_AGGRESSOR,3750500,5346750
2026-09-17 13:26:48.336,NATGASMINI,CE,285.0,NATGASMINI23SEP26285CE,4.55,750,SELL_AGGRESSOR,2181750,4240250
2026-09-17 13:26:48.336,NATGASMINI,PE,285.0,NATGASMINI23SEP26285PE,10.6,250,BUY_AGGRESSOR,586750,524250
2026-09-17 13:26:48.336,NATGASMINI,CE,290.0,NATGASMINI23SEP26290CE,3.1,1250,INSIDE,1375000,3430750
2026-09-17 13:26:48.336,NATGASMINI,CE,295.0,NATGASMINI23SEP26295CE,2.1,1500,SELL_AGGRESSOR,747750,1392750
2026-09-17 13:26:50.435,NATURALGAS,CE,250.0,NATURALGAS23SEP26250CE,29.15,1250,SELL_AGGRESSOR,198750,790000
2026-09-17 13:26:50.435,NATURALGAS,CE,260.0,NATURALGAS23SEP26260CE,19.9,1250,INSIDE,400000,3120000
2026-09-17 13:26:50.435,NATURALGAS,CE,270.0,NATURALGAS23SEP26270CE,12.0,7500,SELL_AGGRESSOR,3351250,7566250
2026-09-17 13:26:50.435,NATURALGAS,CE,280.0,NATURALGAS23SEP26280CE,6.25,1250,SELL_AGGRESSOR,18976250,25670000
2026-09-17 13:26:50.435,NATGASMINI,PE,275.0,NATGASMINI23SEP26275PE,5.15,250,BUY_AGGRESSOR,2308250,1993000
2026-09-17 13:26:52.311,NATURALGAS,CE,300.0,NATURALGAS23SEP26300CE,1.4,37500,SELL_AGGRESSOR,5211250,16080000
2026-09-17 13:26:56.284,NATURALGAS,FUT,0.0,NATURALGAS25SEP26FUT,278.9,2500,BUY_AGGRESSOR,12577500,37918750
2026-09-17 13:26:56.284,NATURALGAS,PE,275.0,NATURALGAS23SEP26275PE,5.05,1250,BUY_AGGRESSOR,7437500,9527500
2026-09-17 13:26:56.284,NATURALGAS,PE,280.0,NATURALGAS23SEP26280PE,7.5,3750,SELL_AGGRESSOR,8550000,12838750
2026-09-17 13:26:56.284,NATURALGAS,CE,285.0,NATURALGAS23SEP26285CE,4.4,2500,BUY_AGGRESSOR,6551250,16328750
2026-09-17 13:26:56.284,NATGASMINI,CE,270.0,NATGASMINI23SEP26270CE,12.2,250,BUY_AGGRESSOR,875000,870750
2026-09-17 13:26:56.284,NATGASMINI,PE,280.0,NATGASMINI23SEP26280PE,7.6,250,SELL_AGGRESSOR,1723500,2097750
2026-09-17 13:26:58.171,NATGASMINI,PE,260.0,NATGASMINI23SEP26260PE,1.2,500,INSIDE,1746750,2185750
2026-09-17 13:27:00.050,NATURALGAS,PE,280.0,NATURALGAS23SEP26280PE,7.55,35000,BUY_AGGRESSOR,8585000,12838750
2026-09-17 13:27:00.050,NATGASMINI,FUT,0.0,NATGASMINI25SEP26FUT,278.9,250,BUY_AGGRESSOR,4259500,9424500
2026-09-17 13:27:00.050,NATGASMINI,PE,270.0,NATGASMINI23SEP26270PE,3.3,500,BUY_AGGRESSOR,1528250,2523000
2026-09-17 13:27:02.001,NATGASMINI,PE,275.0,NATGASMINI23SEP26275PE,5.1,250,SELL_AGGRESSOR,2308500,1988500
2026-09-17 13:27:02.001,NATGASMINI,CE,285.0,NATGASMINI23SEP26285CE,4.5,250,SELL_AGGRESSOR,2182000,4242500
2026-09-17 13:27:04.151,NATGASMINI,PE,285.0,NATGASMINI23SEP26285PE,10.65,2500,BUY_AGGRESSOR,589250,524750
2026-09-17 13:27:06.193,NATURALGAS,FUT,0.0,NATURALGAS25SEP26FUT,278.9,10000,BUY_AGGRESSOR,12587500,37918750
2026-09-17 13:27:08.178,NATGASMINI,PE,275.0,NATGASMINI23SEP26275PE,5.15,4750,BUY_AGGRESSOR,2313250,1987750
2026-09-17 13:27:10.163,NATGASMINI,PE,285.0,NATGASMINI23SEP26285PE,10.6,250,SELL_AGGRESSOR,589500,524750
2026-09-17 13:27:12.352,NATGASMINI,FUT,0.0,NATGASMINI25SEP26FUT,278.8,2250,SELL_AGGRESSOR,4261750,9425750
2026-09-17 13:27:17.259,NATURALGAS,CE,280.0,NATURALGAS23SEP26280CE,6.3,1250,SELL_AGGRESSOR,18977500,25613750
2026-09-17 13:27:19.397,NATURALGAS,CE,275.0,NATURALGAS23SEP26275CE,8.85,22500,BUY_AGGRESSOR,5995000,10328750
2026-09-17 13:27:19.397,NATURALGAS,PE,285.0,NATURALGAS23SEP26285PE,10.55,2500,INSIDE,3123750,3150000
2026-09-17 13:27:19.397,NATGASMINI,CE,285.0,NATGASMINI23SEP26285CE,4.6,250,BUY_AGGRESSOR,2182250,4242000
2026-09-17 13:27:21.370,NATGASMINI,FUT,0.0,NATGASMINI25SEP26FUT,278.9,500,BUY_AGGRESSOR,4262250,9425750
2026-09-17 13:27:23.412,NATURALGAS,PE,270.0,NATURALGAS23SEP26270PE,3.15,2500,SELL_AGGRESSOR,6867500,13687500
2026-09-17 13:27:25.364,NATURALGAS,FUT,0.0,NATURALGAS25SEP26FUT,278.9,122500,BUY_AGGRESSOR,12710000,37922500
2026-09-17 13:27:25.364,NATGASMINI,FUT,0.0,NATGASMINI25SEP26FUT,278.9,1250,BUY_AGGRESSOR,4263500,9424250
2026-09-17 13:27:27.160,NATURALGAS,CE,275.0,NATURALGAS23SEP26275CE,8.9,7500,BUY_AGGRESSOR,6002500,10328750
2026-09-17 13:27:27.160,NATURALGAS,CE,300.0,NATURALGAS23SEP26300CE,1.4,1250,SELL_AGGRESSOR,5212500,16080000
2026-09-17 13:27:27.160,NATGASMINI,CE,270.0,NATGASMINI23SEP26270CE,12.15,250,SELL_AGGRESSOR,875250,866250
2026-09-17 13:27:30.181,NATURALGAS,CE,270.0,NATURALGAS23SEP26270CE,12.0,5000,SELL_AGGRESSOR,3356250,7538750
2026-09-17 13:27:30.181,NATGASMINI,CE,270.0,NATGASMINI23SEP26270CE,12.15,250,SELL_AGGRESSOR,875500,866250
2026-09-17 13:27:30.181,NATGASMINI,CE,275.0,NATGASMINI23SEP26275CE,9.0,250,INSIDE,1828000,1499250
2026-09-17 13:27:30.181,NATGASMINI,PE,275.0,NATGASMINI23SEP26275PE,5.1,250,SELL_AGGRESSOR,2313500,1988000
2026-09-17 13:27:32.046,NATURALGAS,CE,270.0,NATURALGAS23SEP26270CE,12.0,1250,BUY_AGGRESSOR,3357500,7538750
2026-09-17 13:27:32.046,NATURALGAS,CE,285.0,NATURALGAS23SEP26285CE,4.35,1250,SELL_AGGRESSOR,6552500,16332500
2026-09-17 13:27:34.072,NATURALGAS,PE,265.0,NATURALGAS23SEP26265PE,1.9,2500,SELL_AGGRESSOR,4100000,7883750
2026-09-17 13:27:34.072,NATURALGAS,CE,270.0,NATURALGAS23SEP26270CE,12.0,1250,BUY_AGGRESSOR,3358750,7538750
2026-09-17 13:27:34.072,NATURALGAS,CE,275.0,NATURALGAS23SEP26275CE,8.9,2500,BUY_AGGRESSOR,6005000,10357500
2026-09-17 13:27:34.072,NATURALGAS,PE,275.0,NATURALGAS23SEP26275PE,5.0,1250,SELL_AGGRESSOR,7438750,9533750
2026-09-17 13:27:34.072,NATURALGAS,CE,280.0,NATURALGAS23SEP26280CE,6.35,1250,BUY_AGGRESSOR,18978750,25612500
2026-09-17 13:27:34.072,NATURALGAS,PE,280.0,NATURALGAS23SEP26280PE,7.45,1250,SELL_AGGRESSOR,8586250,12867500
2026-09-17 13:27:34.072,NATURALGAS,PE,285.0,NATURALGAS23SEP26285PE,10.55,1250,INSIDE,3125000,3147500
2026-09-17 13:27:34.072,NATGASMINI,CE,280.0,NATGASMINI23SEP26280CE,6.45,250,SELL_AGGRESSOR,3750750,5350250
2026-09-17 13:27:40.166,NATURALGAS,PE,270.0,NATURALGAS23SEP26270PE,3.15,6250,SELL_AGGRESSOR,6873750,13686250
2026-09-17 13:27:40.166,NATURALGAS,CE,275.0,NATURALGAS23SEP26275CE,8.85,1250,BUY_AGGRESSOR,6006250,10357500
2026-09-17 13:27:40.166,NATURALGAS,PE,275.0,NATURALGAS23SEP26275PE,5.0,1250,SELL_AGGRESSOR,7440000,9533750
2026-09-17 13:27:40.166,NATURALGAS,CE,280.0,NATURALGAS23SEP26280CE,6.35,13750,BUY_AGGRESSOR,18992500,25612500
2026-09-17 13:27:40.166,NATURALGAS,PE,280.0,NATURALGAS23SEP26280PE,7.45,1250,SELL_AGGRESSOR,8587500,12870000
2026-09-17 13:27:40.166,NATGASMINI,CE,260.0,NATGASMINI23SEP26260CE,20.15,250,BUY_AGGRESSOR,163500,324750
2026-09-17 13:27:40.166,NATGASMINI,PE,275.0,NATGASMINI23SEP26275PE,5.05,2750,SELL_AGGRESSOR,2316250,1988250
2026-09-17 13:27:40.166,NATGASMINI,PE,280.0,NATGASMINI23SEP26280PE,7.55,1750,SELL_AGGRESSOR,1725250,2091000
2026-09-17 13:27:40.166,NATGASMINI,CE,290.0,NATGASMINI23SEP26290CE,3.1,2000,BUY_AGGRESSOR,1377000,3427750
2026-09-17 13:27:44.479,NATURALGAS,CE,275.0,NATURALGAS23SEP26275CE,8.9,1250,BUY_AGGRESSOR,6007500,10356250
2026-09-17 13:27:44.479,NATURALGAS,CE,280.0,NATURALGAS23SEP26280CE,6.4,1250,BUY_AGGRESSOR,18993750,25598750
2026-09-17 13:27:44.479,NATURALGAS,PE,280.0,NATURALGAS23SEP26280PE,7.4,1250,SELL_AGGRESSOR,8588750,12870000
2026-09-17 13:27:46.443,NATGASMINI,FUT,0.0,NATGASMINI25SEP26FUT,279.0,250,BUY_AGGRESSOR,4263750,9423750
2026-09-17 13:27:48.619,NATURALGAS,PE,280.0,NATURALGAS23SEP26280PE,7.5,1250,BUY_AGGRESSOR,8590000,12871250
2026-09-17 13:27:48.619,NATGASMINI,FUT,0.0,NATGASMINI25SEP26FUT,279.0,250,BUY_AGGRESSOR,4264000,9423750
2026-09-17 13:27:48.619,NATGASMINI,PE,260.0,NATGASMINI23SEP26260PE,1.2,1000,BUY_AGGRESSOR,1747750,2184250
2026-09-17 13:27:50.443,NATURALGAS,FUT,0.0,NATURALGAS25SEP26FUT,278.9,42500,SELL_AGGRESSOR,12752500,37933750
2026-09-17 13:27:50.443,NATURALGAS,CE,270.0,NATURALGAS23SEP26270CE,12.05,1250,SELL_AGGRESSOR,3360000,7531250
2026-09-17 13:27:50.443,NATURALGAS,PE,270.0,NATURALGAS23SEP26270PE,3.2,7500,BUY_AGGRESSOR,6881250,13685000
2026-09-17 13:27:50.443,NATURALGAS,PE,275.0,NATURALGAS23SEP26275PE,5.0,2500,BUY_AGGRESSOR,7442500,9533750
2026-09-17 13:27:50.443,NATURALGAS,CE,280.0,NATURALGAS23SEP26280CE,6.3,6250,SELL_AGGRESSOR,19000000,25596250
2026-09-17 13:27:50.443,NATURALGAS,PE,290.0,NATURALGAS23SEP26290PE,14.1,1250,BUY_AGGRESSOR,1946250,4320000
2026-09-17 13:27:50.443,NATGASMINI,CE,290.0,NATGASMINI23SEP26290CE,3.1,1000,SELL_AGGRESSOR,1378000,3424750
2026-09-17 13:27:52.667,NATGASMINI,FUT,0.0,NATGASMINI25SEP26FUT,279.0,5000,BUY_AGGRESSOR,4269000,9423750
2026-09-17 13:27:52.667,NATGASMINI,CE,260.0,NATGASMINI23SEP26260CE,20.15,500,BUY_AGGRESSOR,164000,324000
2026-09-17 13:27:56.599,NATGASMINI,PE,275.0,NATGASMINI23SEP26275PE,5.05,250,SELL_AGGRESSOR,2316500,1987000
2026-09-17 13:27:58.475,NATURALGAS,CE,270.0,NATURALGAS23SEP26270CE,12.0,2500,SELL_AGGRESSOR,3362500,7531250
2026-09-17 13:27:58.475,NATURALGAS,PE,280.0,NATURALGAS23SEP26280PE,7.5,3750,BUY_AGGRESSOR,8593750,12871250
2026-09-17 13:27:58.475,NATURALGAS,CE,285.0,NATURALGAS23SEP26285CE,4.4,2500,SELL_AGGRESSOR,6555000,16333750
2026-09-17 13:27:58.475,NATURALGAS,PE,290.0,NATURALGAS23SEP26290PE,14.15,2500,BUY_AGGRESSOR,1948750,4317500
2026-09-17 13:27:58.475,NATGASMINI,FUT,0.0,NATGASMINI25SEP26FUT,278.9,250,SELL_AGGRESSOR,4269250,9423750
2026-09-17 13:27:58.475,NATGASMINI,CE,275.0,NATGASMINI23SEP26275CE,9.0,2000,SELL_AGGRESSOR,1830000,1499250
2026-09-17 13:27:58.475,NATGASMINI,CE,280.0,NATGASMINI23SEP26280CE,6.45,250,SELL_AGGRESSOR,3751000,5350000
2026-09-17 13:27:58.475,NATGASMINI,CE,285.0,NATGASMINI23SEP26285CE,4.55,500,SELL_AGGRESSOR,2182750,4242000
2026-09-17 13:27:58.475,NATGASMINI,PE,285.0,NATGASMINI23SEP26285PE,10.65,1000,BUY_AGGRESSOR,590500,523500
2026-09-17 13:28:00.411,NATURALGAS,PE,270.0,NATURALGAS23SEP26270PE,3.15,11250,SELL_AGGRESSOR,6892500,13685000
2026-09-17 13:28:00.411,NATURALGAS,CE,275.0,NATURALGAS23SEP26275CE,8.8,1250,SELL_AGGRESSOR,6008750,10356250
2026-09-17 13:28:00.411,NATURALGAS,CE,280.0,NATURALGAS23SEP26280CE,6.35,1250,BUY_AGGRESSOR,19001250,25595000
2026-09-17 13:28:00.411,NATGASMINI,PE,260.0,NATGASMINI23SEP26260PE,1.15,250,SELL_AGGRESSOR,1748000,2184250
2026-09-17 13:28:00.411,NATGASMINI,CE,285.0,NATGASMINI23SEP26285CE,4.5,500,SELL_AGGRESSOR,2183250,4241750
2026-09-17 13:28:02.292,NATGASMINI,CE,285.0,NATGASMINI23SEP26285CE,4.6,500,BUY_AGGRESSOR,2183750,4241750
2026-09-17 13:28:04.214,NATURALGAS,CE,280.0,NATURALGAS23SEP26280CE,6.35,25000,BUY_AGGRESSOR,19026250,25620000
2026-09-17 13:28:04.214,NATURALGAS,PE,280.0,NATURALGAS23SEP26280PE,7.55,10000,BUY_AGGRESSOR,8603750,12881250
2026-09-17 13:28:04.214,NATGASMINI,FUT,0.0,NATGASMINI25SEP26FUT,278.8,500,SELL_AGGRESSOR,4269750,9424250
2026-09-17 13:28:04.214,NATGASMINI,PE,285.0,NATGASMINI23SEP26285PE,10.55,2000,SELL_AGGRESSOR,592500,521750
2026-09-17 13:28:05.991,NATURALGAS,PE,275.0,NATURALGAS23SEP26275PE,5.0,17500,SELL_AGGRESSOR,7460000,9517500
2026-09-17 13:28:05.991,NATGASMINI,CE,295.0,NATGASMINI23SEP26295CE,2.1,3750,SELL_AGGRESSOR,751500,1430750
2026-09-17 13:28:08.061,NATURALGAS,FUT,0.0,NATURALGAS25SEP26FUT,278.9,1250,BUY_AGGRESSOR,12753750,37947500
2026-09-17 13:28:08.061,NATURALGAS,CE,275.0,NATURALGAS23SEP26275CE,8.9,3750,BUY_AGGRESSOR,6012500,10357500
2026-09-17 13:28:08.061,NATURALGAS,PE,275.0,NATURALGAS23SEP26275PE,5.05,1250,BUY_AGGRESSOR,7461250,9517500
2026-09-17 13:28:08.061,NATURALGAS,CE,295.0,NATURALGAS23SEP26295CE,2.05,1250,BUY_AGGRESSOR,4286250,7557500
2026-09-17 13:28:10.024,NATURALGAS,FUT,0.0,NATURALGAS25SEP26FUT,278.8,2500,SELL_AGGRESSOR,12756250,37945000
2026-09-17 13:28:10.024,NATURALGAS,PE,260.0,NATURALGAS23SEP26260PE,1.15,22500,BUY_AGGRESSOR,5677500,9971250
2026-09-17 13:28:10.024,NATURALGAS,CE,270.0,NATURALGAS23SEP26270CE,11.95,5000,SELL_AGGRESSOR,3367500,7531250
2026-09-17 13:28:10.024,NATURALGAS,PE,275.0,NATURALGAS23SEP26275PE,5.05,6250,BUY_AGGRESSOR,7467500,9515000
2026-09-17 13:28:10.024,NATURALGAS,CE,280.0,NATURALGAS23SEP26280CE,6.3,3750,SELL_AGGRESSOR,19030000,25623750
2026-09-17 13:28:10.024,NATURALGAS,PE,280.0,NATURALGAS23SEP26280PE,7.55,5000,BUY_AGGRESSOR,8608750,12881250
2026-09-17 13:28:10.024,NATURALGAS,CE,285.0,NATURALGAS23SEP26285CE,4.4,10000,SELL_AGGRESSOR,6565000,16337500
2026-09-17 13:28:10.024,NATURALGAS,PE,285.0,NATURALGAS23SEP26285PE,10.65,8750,BUY_AGGRESSOR,3133750,3138750
2026-09-17 13:28:10.024,NATURALGAS,CE,290.0,NATURALGAS23SEP26290CE,3.0,13750,SELL_AGGRESSOR,7788750,16156250
2026-09-17 13:28:10.024,NATGASMINI,FUT,0.0,NATGASMINI25SEP26FUT,278.9,500,BUY_AGGRESSOR,4270250,9424250
2026-09-17 13:28:10.024,NATGASMINI,PE,260.0,NATGASMINI23SEP26260PE,1.2,1500,BUY_AGGRESSOR,1749500,2182750
2026-09-17 13:28:10.024,NATGASMINI,CE,275.0,NATGASMINI23SEP26275CE,8.95,750,SELL_AGGRESSOR,1830750,1499500
2026-09-17 13:28:10.024,NATGASMINI,PE,275.0,NATGASMINI23SEP26275PE,5.15,1250,BUY_AGGRESSOR,2317750,1985750
2026-09-17 13:28:10.024,NATGASMINI,CE,280.0,NATGASMINI23SEP26280CE,6.4,1250,SELL_AGGRESSOR,3752250,5350250
2026-09-17 13:28:10.024,NATGASMINI,PE,280.0,NATGASMINI23SEP26280PE,7.65,2750,BUY_AGGRESSOR,1728000,2089250
2026-09-17 13:28:10.024,NATGASMINI,CE,285.0,NATGASMINI23SEP26285CE,4.5,250,SELL_AGGRESSOR,2184000,4242000
2026-09-17 13:28:13.882,NATURALGAS,CE,270.0,NATURALGAS23SEP26270CE,12.0,3750,BUY_AGGRESSOR,3371250,7535000
2026-09-17 13:28:13.882,NATURALGAS,CE,280.0,NATURALGAS23SEP26280CE,6.35,7500,BUY_AGGRESSOR,19037500,25625000
2026-09-17 13:28:13.882,NATGASMINI,CE,275.0,NATGASMINI23SEP26275CE,9.0,1250,BUY_AGGRESSOR,1832000,1500750
2026-09-17 13:28:13.882,NATGASMINI,CE,305.0,NATGASMINI23SEP26305CE,1.05,250,BUY_AGGRESSOR,156250,1260750
2026-09-17 13:28:15.819,NATGASMINI,PE,275.0,NATGASMINI23SEP26275PE,5.15,3500,BUY_AGGRESSOR,2321250,1982250
2026-09-17 13:28:18.064,NATURALGAS,CE,270.0,NATURALGAS23SEP26270CE,12.0,3750,INSIDE,3375000,7535000
2026-09-17 13:28:18.064,NATURALGAS,CE,275.0,NATURALGAS23SEP26275CE,8.85,5000,BUY_AGGRESSOR,6017500,10357500
2026-09-17 13:28:18.064,NATURALGAS,PE,280.0,NATURALGAS23SEP26280PE,7.5,6250,SELL_AGGRESSOR,8615000,12881250
2026-09-17 13:28:20.020,NATURALGAS,CE,275.0,NATURALGAS23SEP26275CE,8.85,3750,INSIDE,6021250,10357500
2026-09-17 13:28:20.020,NATURALGAS,PE,280.0,NATURALGAS23SEP26280PE,7.5,2500,INSIDE,8617500,12885000
2026-09-17 13:28:20.020,NATGASMINI,CE,270.0,NATGASMINI23SEP26270CE,12.2,250,BUY_AGGRESSOR,875750,865750
2026-09-17 13:28:20.020,NATGASMINI,CE,275.0,NATGASMINI23SEP26275CE,9.05,250,BUY_AGGRESSOR,1832250,1500500
2026-09-17 13:28:20.020,NATGASMINI,PE,275.0,NATGASMINI23SEP26275PE,5.1,250,SELL_AGGRESSOR,2321500,1982250
2026-09-17 13:28:20.020,NATGASMINI,CE,280.0,NATGASMINI23SEP26280CE,6.45,2750,BUY_AGGRESSOR,3755000,5350500
2026-09-17 13:28:20.020,NATGASMINI,PE,280.0,NATGASMINI23SEP26280PE,7.6,750,SELL,1728750,2089250
2026-09-17 13:28:20.020,NATGASMINI,PE,285.0,NATGASMINI23SEP26285PE,10.6,5250,SELL_AGGRESSOR,597750,526500
2026-09-17 13:28:20.020,NATGASMINI,PE,290.0,NATGASMINI23SEP26290PE,14.2,1750,BUY_AGGRESSOR,332000,245250
2026-09-17 13:28:20.020,NATGASMINI,CE,295.0,NATGASMINI23SEP26295CE,2.1,13750,BUY_AGGRESSOR,765250,1444500
2026-09-17 13:28:22.043,NATURALGAS,PE,265.0,NATURALGAS23SEP26265PE,1.9,1250,SELL_AGGRESSOR,4101250,7886250
2026-09-17 13:28:25.903,NATGASMINI,PE,255.0,NATGASMINI23SEP26255PE,0.8,500,BUY_AGGRESSOR,2125750,1569000
2026-09-17 13:28:27.863,NATURALGAS,PE,280.0,NATURALGAS23SEP26280PE,7.45,1250,SELL_AGGRESSOR,8618750,12883750
2026-09-17 13:28:27.863,NATGASMINI,CE,275.0,NATGASMINI23SEP26275CE,9.05,250,BUY_AGGRESSOR,1832500,1500500
2026-09-17 13:28:27.863,NATGASMINI,PE,275.0,NATGASMINI23SEP26275PE,5.2,250,BUY_AGGRESSOR,2321750,1982250
2026-09-17 13:28:27.863,NATGASMINI,PE,280.0,NATGASMINI23SEP26280PE,7.65,250,BUY_AGGRESSOR,1729000,2089250
2026-09-17 13:28:29.965,NATURALGAS,CE,290.0,NATURALGAS23SEP26290CE,3.0,2500,SELL_AGGRESSOR,7791250,16156250
2026-09-17 13:28:29.965,NATGASMINI,CE,295.0,NATGASMINI23SEP26295CE,2.1,5000,INSIDE,770250,1444500
2026-09-17 13:28:31.966,NATURALGAS,PE,275.0,NATURALGAS23SEP26275PE,5.05,22500,BUY_AGGRESSOR,7490000,9492500
2026-09-17 13:28:31.966,NATURALGAS,CE,280.0,NATURALGAS23SEP26280CE,6.3,16250,SELL_AGGRESSOR,19053750,25632500
2026-09-17 13:28:31.966,NATURALGAS,PE,285.0,NATURALGAS23SEP26285PE,10.6,1250,SELL_AGGRESSOR,3135000,3138750
2026-09-17 13:28:31.966,NATURALGAS,CE,290.0,NATURALGAS23SEP26290CE,3.0,3750,BUY_AGGRESSOR,7795000,16156250
2026-09-17 13:28:31.966,NATGASMINI,CE,295.0,NATGASMINI23SEP26295CE,2.1,1750,BUY_AGGRESSOR,772000,1444500
2026-09-17 13:28:33.852,NATURALGAS,CE,280.0,NATURALGAS23SEP26280CE,6.3,2500,SELL_AGGRESSOR,19056250,25632500
2026-09-17 13:28:33.852,NATURALGAS,PE,285.0,NATURALGAS23SEP26285PE,10.55,2500,SELL_AGGRESSOR,3137500,3140000
2026-09-17 13:28:33.852,NATURALGAS,CE,290.0,NATURALGAS23SEP26290CE,3.0,8750,SELL_AGGRESSOR,7803750,16156250
2026-09-17 13:28:37.748,NATURALGAS,PE,280.0,NATURALGAS23SEP26280PE,7.55,2500,BUY_AGGRESSOR,8621250,12883750
2026-09-17 13:28:39.786,NATGASMINI,CE,275.0,NATGASMINI23SEP26275CE,9.0,250,BUY_AGGRESSOR,1832750,1500250
2026-09-17 13:28:39.786,NATGASMINI,PE,275.0,NATGASMINI23SEP26275PE,5.2,250,BUY_AGGRESSOR,2322000,1982000
2026-09-17 13:28:39.786,NATGASMINI,PE,280.0,NATGASMINI23SEP26280PE,7.65,250,BUY_AGGRESSOR,1729250,2089000
2026-09-17 13:28:41.700,NATURALGAS,PE,275.0,NATURALGAS23SEP26275PE,5.1,1250,BUY_AGGRESSOR,7491250,9492500
2026-09-17 13:28:41.700,NATURALGAS,CE,280.0,NATURALGAS23SEP26280CE,6.3,1250,SELL_AGGRESSOR,19057500,25630000
2026-09-17 13:28:41.700,NATURALGAS,PE,280.0,NATURALGAS23SEP26280PE,7.5,2500,SELL_AGGRESSOR,8623750,12883750
2026-09-17 13:28:41.700,NATURALGAS,CE,285.0,NATURALGAS23SEP26285CE,4.45,21250,BUY_AGGRESSOR,6586250,16318750
2026-09-17 13:28:41.700,NATGASMINI,FUT,0.0,NATGASMINI25SEP26FUT,278.9,1000,BUY_AGGRESSOR,4271250,9423750
2026-09-17 13:28:41.700,NATGASMINI,PE,275.0,NATGASMINI23SEP26275PE,5.15,250,SELL_AGGRESSOR,2322250,1981750
2026-09-17 13:28:41.700,NATGASMINI,CE,285.0,NATGASMINI23SEP26285CE,4.5,3500,SELL_AGGRESSOR,2187500,4244500
2026-09-17 13:28:43.586,NATGASMINI,FUT,0.0,NATGASMINI25SEP26FUT,278.8,750,SELL_AGGRESSOR,4272000,9423250
2026-09-17 13:28:43.586,NATGASMINI,CE,265.0,NATGASMINI23SEP26265CE,15.9,250,BUY_AGGRESSOR,240750,257750
2026-09-17 13:28:43.586,NATGASMINI,CE,280.0,NATGASMINI23SEP26280CE,6.45,250,INSIDE,3755250,5350250
2026-09-17 13:28:45.631,NATURALGAS,CE,280.0,NATURALGAS23SEP26280CE,6.3,5000,SELL_AGGRESSOR,19062500,25626250
2026-09-17 13:28:45.631,NATGASMINI,CE,280.0,NATGASMINI23SEP26280CE,6.5,9250,BUY_AGGRESSOR,3764500,5354750
2026-09-17 13:28:49.585,NATGASMINI,PE,275.0,NATGASMINI23SEP26275PE,5.2,1250,BUY_AGGRESSOR,2323500,1981500
2026-09-17 13:28:51.588,NATGASMINI,PE,280.0,NATGASMINI23SEP26280PE,7.55,250,SELL_AGGRESSOR,1729500,2088750
2026-09-17 13:28:51.588,NATGASMINI,CE,300.0,NATGASMINI23SEP26300CE,1.55,250,BUY_AGGRESSOR,494250,2066250
2026-09-17 13:28:53.699,NATGASMINI,FUT,0.0,NATGASMINI25SEP26FUT,278.9,1000,BUY_AGGRESSOR,4273000,9422250
2026-09-17 13:28:55.707,NATURALGAS,PE,260.0,NATURALGAS23SEP26260PE,1.15,2500,SELL_AGGRESSOR,5680000,9971250
2026-09-17 13:28:55.707,NATGASMINI,CE,280.0,NATGASMINI23SEP26280CE,6.5,1250,BUY_AGGRESSOR,3765750,5353500
2026-09-17 13:28:55.707,NATGASMINI,PE,285.0,NATGASMINI23SEP26285PE,10.6,250,SELL_AGGRESSOR,598000,526250
2026-09-17 13:28:57.658,NATURALGAS,PE,275.0,NATURALGAS23SEP26275PE,5.05,1250,BUY_AGGRESSOR,7492500,9493750
2026-09-17 13:28:59.663,NATURALGAS,CE,290.0,NATURALGAS23SEP26290CE,3.05,1250,BUY_AGGRESSOR,7805000,16157500
