timestamp,asset,instrument_type,strike,trading_symbol,traded_price,traded_qty,aggressor_side,cumulative_vol,open_interest
2026-09-24 14:14:19.259,CRUDEOIL,FUT,0.0,CRUDEOIL19OCT26FUT,9050.0,200,BUY_AGGRESSOR,1689900,1283800
2026-09-24 14:14:19.259,CRUDEOIL,CE,9350.0,CRUDEOIL15OCT269350CE,375.8,100,SELL_AGGRESSOR,84900,24200
2026-09-24 14:14:19.259,CRUDEOIL,CE,9900.0,CRUDEOIL15OCT269900CE,220.1,100,BUY_AGGRESSOR,183800,37300
2026-09-24 14:14:19.259,CRUDEOILM,FUT,0.0,CRUDEOILM19OCT26FUT,9051.0,450,BUY_AGGRESSOR,476140,411710
2026-09-24 14:14:19.259,CRUDEOILM,CE,9450.0,CRUDEOILM15OCT269450CE,350.0,100,BUY_AGGRESSOR,31510,14070
2026-09-24 14:14:19.259,CRUDEOILM,CE,9500.0,CRUDEOILM15OCT269500CE,332.55,10,BUY_AGGRESSOR,134990,75910
2026-09-24 14:14:19.259,CRUDEOILM,CE,9700.0,CRUDEOILM15OCT269700CE,274.95,10,BUY_AGGRESSOR,48070,9810
2026-09-24 14:14:19.259,CRUDEOILM,CE,9800.0,CRUDEOILM15OCT269800CE,248.75,10,BUY_AGGRESSOR,87450,33650
2026-09-24 14:14:22.835,CRUDEOIL,FUT,0.0,CRUDEOIL19OCT26FUT,9053.0,400,BUY_AGGRESSOR,1690300,1283700
2026-09-24 14:14:22.835,CRUDEOIL,CE,9400.0,CRUDEOIL15OCT269400CE,360.4,100,BUY_AGGRESSOR,315300,80800
2026-09-24 14:14:22.835,CRUDEOILM,FUT,0.0,CRUDEOILM19OCT26FUT,9050.0,30,SELL_AGGRESSOR,476170,411710
2026-09-24 14:14:22.835,CRUDEOILM,CE,9500.0,CRUDEOILM15OCT269500CE,332.2,10,SELL,135000,75900
2026-09-24 14:14:22.835,CRUDEOILM,CE,9700.0,CRUDEOILM15OCT269700CE,273.7,50,SELL_AGGRESSOR,48120,9810
2026-09-24 14:14:26.529,CRUDEOIL,CE,9350.0,CRUDEOIL15OCT269350CE,378.6,100,BUY_AGGRESSOR,85000,24200
2026-09-24 14:14:26.529,CRUDEOIL,CE,9500.0,CRUDEOIL15OCT269500CE,327.3,200,BUY,1164700,566000
2026-09-24 14:14:26.529,CRUDEOILM,FUT,0.0,CRUDEOILM19OCT26FUT,9053.0,30,BUY_AGGRESSOR,476200,411720
2026-09-24 14:14:26.529,CRUDEOILM,CE,9350.0,CRUDEOILM15OCT269350CE,385.9,100,BUY_AGGRESSOR,27170,18120
2026-09-24 14:14:26.529,CRUDEOILM,CE,9500.0,CRUDEOILM15OCT269500CE,333.0,10,BUY_AGGRESSOR,135010,75900
2026-09-24 14:14:26.529,CRUDEOILM,CE,9800.0,CRUDEOILM15OCT269800CE,248.55,30,BUY_AGGRESSOR,87480,33680
2026-09-24 14:14:26.529,CRUDEOILM,CE,9900.0,CRUDEOILM15OCT269900CE,224.8,10,BUY_AGGRESSOR,170310,30030
2026-09-24 14:14:30.110,CRUDEOILM,FUT,0.0,CRUDEOILM19OCT26FUT,9053.0,10,SELL_AGGRESSOR,476210,411730
2026-09-24 14:14:30.110,CRUDEOILM,CE,9500.0,CRUDEOILM15OCT269500CE,334.4,100,BUY,135110,75950
2026-09-24 14:14:30.110,CRUDEOILM,CE,9600.0,CRUDEOILM15OCT269600CE,302.55,50,SELL_AGGRESSOR,56820,13600
2026-09-24 14:14:33.803,CRUDEOIL,FUT,0.0,CRUDEOIL19OCT26FUT,9056.0,100,BUY_AGGRESSOR,1690400,1283700
2026-09-24 14:14:33.803,CRUDEOILM,FUT,0.0,CRUDEOILM19OCT26FUT,9053.0,10,SELL_AGGRESSOR,476220,411730
2026-09-24 14:14:33.803,CRUDEOILM,CE,9500.0,CRUDEOILM15OCT269500CE,335.2,190,BUY_AGGRESSOR,135300,76000
2026-09-24 14:14:37.416,CRUDEOIL,FUT,0.0,CRUDEOIL19OCT26FUT,9053.0,100,SELL_AGGRESSOR,1690500,1283700
2026-09-24 14:14:37.416,CRUDEOIL,CE,9400.0,CRUDEOIL15OCT269400CE,360.3,200,SELL_AGGRESSOR,315500,80800
2026-09-24 14:14:37.416,CRUDEOIL,CE,9500.0,CRUDEOIL15OCT269500CE,327.0,200,SELL_AGGRESSOR,1164900,566000
2026-09-24 14:14:37.416,CRUDEOIL,CE,9700.0,CRUDEOIL15OCT269700CE,268.9,200,BUY,358000,38400
2026-09-24 14:14:37.416,CRUDEOIL,CE,9800.0,CRUDEOIL15OCT269800CE,244.8,100,BUY,243500,98700
2026-09-24 14:14:37.416,CRUDEOILM,FUT,0.0,CRUDEOILM19OCT26FUT,9052.0,330,SELL_AGGRESSOR,476550,411780
2026-09-24 14:14:37.416,CRUDEOILM,CE,9500.0,CRUDEOILM15OCT269500CE,333.4,30,SELL_AGGRESSOR,135330,76030
2026-09-24 14:14:41.038,CRUDEOIL,FUT,0.0,CRUDEOIL19OCT26FUT,9053.0,100,INSIDE,1690600,1283800
2026-09-24 14:14:41.038,CRUDEOIL,CE,9500.0,CRUDEOIL15OCT269500CE,327.5,100,BUY,1165000,566100
2026-09-24 14:14:41.038,CRUDEOILM,FUT,0.0,CRUDEOILM19OCT26FUT,9050.0,120,SELL_AGGRESSOR,476670,411840
2026-09-24 14:14:41.038,CRUDEOILM,CE,9400.0,CRUDEOILM15OCT269400CE,365.9,10,SELL_AGGRESSOR,54920,35750
2026-09-24 14:14:41.038,CRUDEOILM,CE,9500.0,CRUDEOILM15OCT269500CE,333.05,110,SELL_AGGRESSOR,135440,75940
2026-09-24 14:14:41.038,CRUDEOILM,CE,9600.0,CRUDEOILM15OCT269600CE,303.45,10,BUY_AGGRESSOR,56830,13600
2026-09-24 14:14:44.833,CRUDEOIL,CE,9800.0,CRUDEOIL15OCT269800CE,244.3,200,SELL,243700,98700
2026-09-24 14:14:44.833,CRUDEOILM,FUT,0.0,CRUDEOILM19OCT26FUT,9054.0,20,BUY_AGGRESSOR,476690,411840
2026-09-24 14:14:44.833,CRUDEOILM,CE,9500.0,CRUDEOILM15OCT269500CE,333.15,20,BUY,135460,75940
2026-09-24 14:14:44.833,CRUDEOILM,PE,9500.0,CRUDEOILM15OCT269500PE,775.7,10,BUY,5390,11250
2026-09-24 14:14:48.469,CRUDEOILM,FUT,0.0,CRUDEOILM19OCT26FUT,9054.0,10,BUY_AGGRESSOR,476700,411840
2026-09-24 14:14:52.065,CRUDEOIL,FUT,0.0,CRUDEOIL19OCT26FUT,9054.0,200,SELL_AGGRESSOR,1690800,1283900
2026-09-24 14:14:52.065,CRUDEOIL,CE,9950.0,CRUDEOIL15OCT269950CE,211.3,100,BUY,30400,7000
2026-09-24 14:14:52.065,CRUDEOILM,FUT,0.0,CRUDEOILM19OCT26FUT,9051.0,20,SELL_AGGRESSOR,476720,411840
2026-09-24 14:14:52.065,CRUDEOILM,CE,9950.0,CRUDEOILM15OCT269950CE,214.55,10,BUY_AGGRESSOR,6360,2960
2026-09-24 14:14:55.698,CRUDEOIL,FUT,0.0,CRUDEOIL19OCT26FUT,9054.0,1300,SELL_AGGRESSOR,1692100,1283900
2026-09-24 14:14:55.698,CRUDEOILM,FUT,0.0,CRUDEOILM19OCT26FUT,9052.0,10,SELL_AGGRESSOR,476730,411840
2026-09-24 14:14:55.698,CRUDEOILM,CE,9400.0,CRUDEOILM15OCT269400CE,367.65,10,BUY_AGGRESSOR,54930,35760
2026-09-24 14:14:55.698,CRUDEOILM,CE,9500.0,CRUDEOILM15OCT269500CE,333.15,10,SELL_AGGRESSOR,135470,75940
2026-09-24 14:14:59.359,CRUDEOIL,CE,9500.0,CRUDEOIL15OCT269500CE,328.2,100,BUY_AGGRESSOR,1165100,566200
2026-09-24 14:14:59.359,CRUDEOIL,CE,9700.0,CRUDEOIL15OCT269700CE,269.6,400,BUY_AGGRESSOR,358400,38400
2026-09-24 14:14:59.359,CRUDEOILM,FUT,0.0,CRUDEOILM19OCT26FUT,9051.0,180,SELL_AGGRESSOR,476910,411970
2026-09-24 14:14:59.359,CRUDEOILM,CE,9350.0,CRUDEOILM15OCT269350CE,387.15,10,BUY_AGGRESSOR,27180,18120
2026-09-24 14:14:59.359,CRUDEOILM,CE,9700.0,CRUDEOILM15OCT269700CE,275.4,300,BUY,48420,9820
2026-09-24 14:15:03.310,CRUDEOIL,CE,9500.0,CRUDEOIL15OCT269500CE,327.7,100,SELL,1165200,566300
2026-09-24 14:15:03.310,CRUDEOIL,CE,9650.0,CRUDEOIL15OCT269650CE,283.5,100,BUY_AGGRESSOR,46200,13200
2026-09-24 14:15:03.310,CRUDEOILM,FUT,0.0,CRUDEOILM19OCT26FUT,9051.0,10,SELL_AGGRESSOR,476920,411970
2026-09-24 14:15:07.056,CRUDEOIL,FUT,0.0,CRUDEOIL19OCT26FUT,9053.0,200,BUY_AGGRESSOR,1692300,1283900
2026-09-24 14:15:07.056,CRUDEOILM,FUT,0.0,CRUDEOILM19OCT26FUT,9051.0,60,SELL_AGGRESSOR,476980,412010
2026-09-24 14:15:07.056,CRUDEOILM,CE,9500.0,CRUDEOILM15OCT269500CE,333.8,50,BUY_AGGRESSOR,135520,75970
2026-09-24 14:15:10.608,CRUDEOILM,FUT,0.0,CRUDEOILM19OCT26FUT,9052.0,50,BUY_AGGRESSOR,477030,412050
2026-09-24 14:15:10.608,CRUDEOILM,CE,9400.0,CRUDEOILM15OCT269400CE,367.65,20,BUY_AGGRESSOR,54950,35780
2026-09-24 14:15:14.364,CRUDEOIL,FUT,0.0,CRUDEOIL19OCT26FUT,9052.0,500,SELL_AGGRESSOR,1692800,1283900
2026-09-24 14:15:14.364,CRUDEOIL,CE,9350.0,CRUDEOIL15OCT269350CE,378.4,500,SELL_AGGRESSOR,85500,24100
2026-09-24 14:15:14.364,CRUDEOIL,CE,9400.0,CRUDEOIL15OCT269400CE,359.7,500,SELL_AGGRESSOR,316000,80800
2026-09-24 14:15:14.364,CRUDEOIL,CE,9450.0,CRUDEOIL15OCT269450CE,343.2,200,SELL_AGGRESSOR,67900,23700
2026-09-24 14:15:14.364,CRUDEOIL,CE,9500.0,CRUDEOIL15OCT269500CE,327.1,1300,SELL_AGGRESSOR,1166500,566300
2026-09-24 14:15:14.364,CRUDEOIL,CE,9600.0,CRUDEOIL15OCT269600CE,295.8,400,SELL_AGGRESSOR,212500,64200
2026-09-24 14:15:14.364,CRUDEOIL,CE,9700.0,CRUDEOIL15OCT269700CE,267.5,600,SELL_AGGRESSOR,359000,38400
2026-09-24 14:15:14.364,CRUDEOIL,CE,9800.0,CRUDEOIL15OCT269800CE,243.0,300,SELL_AGGRESSOR,244000,98500
2026-09-24 14:15:14.364,CRUDEOIL,CE,9900.0,CRUDEOIL15OCT269900CE,220.1,700,SELL_AGGRESSOR,184500,37200
2026-09-24 14:15:14.364,CRUDEOILM,FUT,0.0,CRUDEOILM19OCT26FUT,9050.0,130,SELL_AGGRESSOR,477160,412030
2026-09-24 14:15:14.364,CRUDEOILM,CE,9400.0,CRUDEOILM15OCT269400CE,367.2,10,SELL,54960,35780
2026-09-24 14:15:14.364,CRUDEOILM,PE,9450.0,CRUDEOILM15OCT269450PE,743.8,10,BUY_AGGRESSOR,1950,1080
2026-09-24 14:15:14.364,CRUDEOILM,CE,9500.0,CRUDEOILM15OCT269500CE,332.85,20,SELL_AGGRESSOR,135540,75970
2026-09-24 14:15:14.364,CRUDEOILM,CE,9550.0,CRUDEOILM15OCT269550CE,317.4,30,SELL_AGGRESSOR,21370,3610
2026-09-24 14:15:14.364,CRUDEOILM,CE,9800.0,CRUDEOILM15OCT269800CE,249.05,150,SELL_AGGRESSOR,87630,33660
2026-09-24 14:15:17.976,CRUDEOIL,FUT,0.0,CRUDEOIL19OCT26FUT,9053.0,200,BUY,1693000,1283700
2026-09-24 14:15:17.976,CRUDEOIL,PE,9400.0,CRUDEOIL15OCT269400PE,702.0,200,SELL_AGGRESSOR,5900,16200
2026-09-24 14:15:17.976,CRUDEOILM,FUT,0.0,CRUDEOILM19OCT26FUT,9052.0,110,BUY_AGGRESSOR,477270,411990
2026-09-24 14:15:21.627,CRUDEOIL,CE,9350.0,CRUDEOIL15OCT269350CE,378.0,100,SELL,85600,23600
2026-09-24 14:15:21.627,CRUDEOIL,CE,9500.0,CRUDEOIL15OCT269500CE,327.2,100,BUY,1166600,566100
2026-09-24 14:15:21.627,CRUDEOIL,CE,9600.0,CRUDEOIL15OCT269600CE,296.1,100,BUY,212600,64100
2026-09-24 14:15:21.627,CRUDEOIL,CE,9700.0,CRUDEOIL15OCT269700CE,268.6,200,BUY,359200,38200
2026-09-24 14:15:21.627,CRUDEOIL,CE,9900.0,CRUDEOIL15OCT269900CE,220.0,100,SELL,184600,36800
2026-09-24 14:15:21.627,CRUDEOILM,FUT,0.0,CRUDEOILM19OCT26FUT,9053.0,20,BUY_AGGRESSOR,477290,411990
2026-09-24 14:15:25.213,CRUDEOILM,CE,9400.0,CRUDEOILM15OCT269400CE,367.4,10,BUY_AGGRESSOR,54970,35780
2026-09-24 14:15:25.213,CRUDEOILM,CE,9600.0,CRUDEOILM15OCT269600CE,303.0,100,SELL,56930,13700
2026-09-24 14:15:25.213,CRUDEOILM,CE,9750.0,CRUDEOILM15OCT269750CE,261.65,20,BUY,11060,3490
2026-09-24 14:15:28.756,CRUDEOIL,FUT,0.0,CRUDEOIL19OCT26FUT,9060.0,100,BUY_AGGRESSOR,1693100,1283700
2026-09-24 14:15:28.756,CRUDEOIL,CE,9500.0,CRUDEOIL15OCT269500CE,329.1,100,BUY_AGGRESSOR,1166700,566000
2026-09-24 14:15:28.756,CRUDEOIL,CE,9600.0,CRUDEOIL15OCT269600CE,298.1,100,BUY_AGGRESSOR,212700,64000
2026-09-24 14:15:28.756,CRUDEOILM,FUT,0.0,CRUDEOILM19OCT26FUT,9058.0,180,BUY_AGGRESSOR,477470,412160
2026-09-24 14:15:28.756,CRUDEOILM,CE,9400.0,CRUDEOILM15OCT269400CE,368.7,10,BUY_AGGRESSOR,54980,35770
2026-09-24 14:15:28.756,CRUDEOILM,CE,9450.0,CRUDEOILM15OCT269450CE,349.95,40,SELL_AGGRESSOR,31550,14050
2026-09-24 14:15:28.756,CRUDEOILM,PE,9450.0,CRUDEOILM15OCT269450PE,743.15,10,SELL,1960,1090
2026-09-24 14:15:28.756,CRUDEOILM,CE,9700.0,CRUDEOILM15OCT269700CE,275.95,110,BUY_AGGRESSOR,48530,9890
2026-09-24 14:15:28.756,CRUDEOILM,CE,9800.0,CRUDEOILM15OCT269800CE,250.2,10,BUY_AGGRESSOR,87640,33700
2026-09-24 14:15:28.756,CRUDEOILM,CE,9900.0,CRUDEOILM15OCT269900CE,227.35,10,BUY_AGGRESSOR,170320,30030
2026-09-24 14:15:28.756,CRUDEOILM,CE,9950.0,CRUDEOILM15OCT269950CE,214.65,10,BUY_AGGRESSOR,6370,2960
2026-09-24 14:15:32.429,CRUDEOIL,FUT,0.0,CRUDEOIL19OCT26FUT,9059.0,200,SELL_AGGRESSOR,1693300,1283600
2026-09-24 14:15:32.429,CRUDEOILM,FUT,0.0,CRUDEOILM19OCT26FUT,9058.0,20,SELL_AGGRESSOR,477490,412140
2026-09-24 14:15:32.429,CRUDEOILM,PE,9450.0,CRUDEOILM15OCT269450PE,740.3,20,SELL,1980,1110
2026-09-24 14:15:32.429,CRUDEOILM,CE,9600.0,CRUDEOILM15OCT269600CE,305.2,30,BUY,56960,13670
2026-09-24 14:15:32.429,CRUDEOILM,CE,9750.0,CRUDEOILM15OCT269750CE,263.15,10,BUY,11070,3490
2026-09-24 14:15:35.963,CRUDEOIL,FUT,0.0,CRUDEOIL19OCT26FUT,9057.0,1000,SELL_AGGRESSOR,1694300,1283500
2026-09-24 14:15:35.963,CRUDEOIL,CE,9600.0,CRUDEOIL15OCT269600CE,299.0,100,BUY,212800,64100
2026-09-24 14:15:35.963,CRUDEOILM,FUT,0.0,CRUDEOILM19OCT26FUT,9059.0,20,BUY_AGGRESSOR,477510,412150
2026-09-24 14:15:35.963,CRUDEOILM,CE,9500.0,CRUDEOILM15OCT269500CE,335.4,20,BUY,135560,75980
2026-09-24 14:15:35.963,CRUDEOILM,CE,9550.0,CRUDEOILM15OCT269550CE,319.4,10,BUY,21380,3610
2026-09-24 14:15:35.963,CRUDEOILM,PE,9550.0,CRUDEOILM15OCT269550PE,807.2,60,SELL,970,760
2026-09-24 14:15:35.963,CRUDEOILM,CE,9950.0,CRUDEOILM15OCT269950CE,215.05,10,BUY,6380,2960
2026-09-24 14:15:39.595,CRUDEOILM,FUT,0.0,CRUDEOILM19OCT26FUT,9056.0,50,SELL,477560,412120
2026-09-24 14:15:39.595,CRUDEOILM,PE,9450.0,CRUDEOILM15OCT269450PE,741.75,10,BUY_AGGRESSOR,1990,1110
2026-09-24 14:15:39.595,CRUDEOILM,PE,9500.0,CRUDEOILM15OCT269500PE,774.3,10,BUY_AGGRESSOR,5400,11250
2026-09-24 14:15:43.129,CRUDEOIL,FUT,0.0,CRUDEOIL19OCT26FUT,9058.0,500,BUY_AGGRESSOR,1694800,1283900
2026-09-24 14:15:43.129,CRUDEOIL,CE,9400.0,CRUDEOIL15OCT269400CE,362.9,100,BUY_AGGRESSOR,316100,80900
2026-09-24 14:15:43.129,CRUDEOIL,CE,9600.0,CRUDEOIL15OCT269600CE,298.5,100,BUY_AGGRESSOR,212900,64000
2026-09-24 14:15:43.129,CRUDEOILM,FUT,0.0,CRUDEOILM19OCT26FUT,9056.0,120,INSIDE,477680,412130
2026-09-24 14:15:43.129,CRUDEOILM,CE,9500.0,CRUDEOILM15OCT269500CE,333.55,10,SELL_AGGRESSOR,135570,75980
2026-09-24 14:15:46.804,CRUDEOIL,CE,9400.0,CRUDEOIL15OCT269400CE,363.3,100,BUY,316200,80900
2026-09-24 14:15:46.804,CRUDEOIL,CE,9500.0,CRUDEOIL15OCT269500CE,329.5,300,BUY_AGGRESSOR,1167000,566100
2026-09-24 14:15:46.804,CRUDEOIL,CE,9650.0,CRUDEOIL15OCT269650CE,282.5,100,SELL_AGGRESSOR,46300,13100
2026-09-24 14:15:46.804,CRUDEOILM,FUT,0.0,CRUDEOILM19OCT26FUT,9060.0,30,BUY_AGGRESSOR,477710,412160
2026-09-24 14:15:46.804,CRUDEOILM,CE,9400.0,CRUDEOILM15OCT269400CE,368.15,10,SELL_AGGRESSOR,54990,35760
2026-09-24 14:15:50.479,CRUDEOIL,CE,9900.0,CRUDEOIL15OCT269900CE,220.7,100,BUY,184700,36800
2026-09-24 14:15:50.479,CRUDEOILM,PE,9450.0,CRUDEOILM15OCT269450PE,741.35,10,SELL,2000,1120
2026-09-24 14:15:54.119,CRUDEOIL,FUT,0.0,CRUDEOIL19OCT26FUT,9056.0,100,SELL,1694900,1284000
2026-09-24 14:15:54.119,CRUDEOIL,CE,9500.0,CRUDEOIL15OCT269500CE,328.9,300,SELL,1167300,566300
2026-09-24 14:15:54.119,CRUDEOILM,FUT,0.0,CRUDEOILM19OCT26FUT,9056.0,60,BUY_AGGRESSOR,477770,412160
2026-09-24 14:16:01.404,CRUDEOIL,FUT,0.0,CRUDEOIL19OCT26FUT,9055.0,200,SELL_AGGRESSOR,1695100,1283900
2026-09-24 14:16:01.404,CRUDEOIL,CE,9500.0,CRUDEOIL15OCT269500CE,328.0,200,SELL_AGGRESSOR,1167500,566600
2026-09-24 14:16:01.404,CRUDEOIL,CE,9550.0,CRUDEOIL15OCT269550CE,310.4,100,SELL_AGGRESSOR,66400,15700
2026-09-24 14:16:01.404,CRUDEOILM,FUT,0.0,CRUDEOILM19OCT26FUT,9054.0,110,SELL_AGGRESSOR,477880,412160
2026-09-24 14:16:01.404,CRUDEOILM,CE,9500.0,CRUDEOILM15OCT269500CE,334.15,20,BUY,135590,75970
2026-09-24 14:16:05.131,CRUDEOIL,FUT,0.0,CRUDEOIL19OCT26FUT,9056.0,1000,BUY_AGGRESSOR,1696100,1284000
2026-09-24 14:16:05.131,CRUDEOIL,CE,9500.0,CRUDEOIL15OCT269500CE,329.7,100,BUY_AGGRESSOR,1167600,566700
2026-09-24 14:16:05.131,CRUDEOIL,CE,9600.0,CRUDEOIL15OCT269600CE,298.0,100,BUY_AGGRESSOR,213000,63900
2026-09-24 14:16:05.131,CRUDEOILM,FUT,0.0,CRUDEOILM19OCT26FUT,9056.0,10,BUY_AGGRESSOR,477890,412160
2026-09-24 14:16:05.131,CRUDEOILM,CE,9700.0,CRUDEOILM15OCT269700CE,276.3,10,BUY_AGGRESSOR,48540,9900
2026-09-24 14:16:08.768,CRUDEOIL,FUT,0.0,CRUDEOIL19OCT26FUT,9053.0,500,SELL_AGGRESSOR,1696600,1284000
2026-09-24 14:16:08.768,CRUDEOILM,FUT,0.0,CRUDEOILM19OCT26FUT,9055.0,110,SELL_AGGRESSOR,478000,412160
2026-09-24 14:16:12.406,CRUDEOIL,CE,9500.0,CRUDEOIL15OCT269500CE,327.7,100,SELL,1167700,566600
2026-09-24 14:16:12.406,CRUDEOIL,CE,9550.0,CRUDEOIL15OCT269550CE,311.4,100,BUY,66500,15600
2026-09-24 14:16:12.406,CRUDEOILM,FUT,0.0,CRUDEOILM19OCT26FUT,9055.0,60,INSIDE,478060,412220
2026-09-24 14:16:12.406,CRUDEOILM,CE,9500.0,CRUDEOILM15OCT269500CE,334.4,10,BUY_AGGRESSOR,135600,75970
2026-09-24 14:16:16.009,CRUDEOIL,CE,9450.0,CRUDEOIL15OCT269450CE,345.2,100,BUY,68000,23700
2026-09-24 14:16:16.009,CRUDEOIL,CE,9600.0,CRUDEOIL15OCT269600CE,297.0,100,SELL_AGGRESSOR,213100,63900
2026-09-24 14:16:16.009,CRUDEOIL,CE,9750.0,CRUDEOIL15OCT269750CE,256.2,300,BUY,49100,13000
2026-09-24 14:16:16.009,CRUDEOILM,FUT,0.0,CRUDEOILM19OCT26FUT,9054.0,70,SELL_AGGRESSOR,478130,412220
2026-09-24 14:16:16.009,CRUDEOILM,CE,9500.0,CRUDEOILM15OCT269500CE,334.15,20,SELL_AGGRESSOR,135620,75970
2026-09-24 14:16:16.009,CRUDEOILM,CE,9600.0,CRUDEOILM15OCT269600CE,303.7,10,SELL,56970,13680
2026-09-24 14:16:19.652,CRUDEOIL,FUT,0.0,CRUDEOIL19OCT26FUT,9055.0,100,BUY_AGGRESSOR,1696700,1284000
2026-09-24 14:16:19.652,CRUDEOIL,CE,9350.0,CRUDEOIL15OCT269350CE,377.2,100,SELL_AGGRESSOR,85700,23500
2026-09-24 14:16:19.652,CRUDEOIL,CE,9500.0,CRUDEOIL15OCT269500CE,327.7,100,INSIDE,1167800,566700
2026-09-24 14:16:19.652,CRUDEOILM,FUT,0.0,CRUDEOILM19OCT26FUT,9055.0,60,BUY_AGGRESSOR,478190,412210
2026-09-24 14:16:19.652,CRUDEOILM,CE,9800.0,CRUDEOILM15OCT269800CE,249.1,20,SELL_AGGRESSOR,87660,33690
2026-09-24 14:16:23.269,CRUDEOIL,FUT,0.0,CRUDEOIL19OCT26FUT,9056.0,100,BUY_AGGRESSOR,1696800,1284000
2026-09-24 14:16:23.269,CRUDEOIL,CE,9500.0,CRUDEOIL15OCT269500CE,327.2,400,SELL_AGGRESSOR,1168200,566600
2026-09-24 14:16:23.269,CRUDEOILM,CE,9900.0,CRUDEOILM15OCT269900CE,224.85,10,SELL_AGGRESSOR,170330,30020
2026-09-24 14:16:26.932,CRUDEOIL,CE,9800.0,CRUDEOIL15OCT269800CE,243.5,100,SELL_AGGRESSOR,244100,98400
2026-09-24 14:16:26.932,CRUDEOILM,CE,9350.0,CRUDEOILM15OCT269350CE,385.2,20,SELL_AGGRESSOR,27200,18100
2026-09-24 14:16:30.593,CRUDEOIL,CE,9400.0,CRUDEOIL15OCT269400CE,361.3,100,SELL_AGGRESSOR,316300,81000
2026-09-24 14:16:30.593,CRUDEOIL,CE,9500.0,CRUDEOIL15OCT269500CE,328.0,100,SELL_AGGRESSOR,1168300,566700
2026-09-24 14:16:30.593,CRUDEOILM,PE,9450.0,CRUDEOILM15OCT269450PE,742.5,10,BUY_AGGRESSOR,2010,1120
2026-09-24 14:16:34.575,CRUDEOIL,FUT,0.0,CRUDEOIL19OCT26FUT,9054.0,100,SELL,1696900,1284000
2026-09-24 14:16:34.575,CRUDEOIL,CE,9500.0,CRUDEOIL15OCT269500CE,327.1,100,SELL_AGGRESSOR,1168400,566800
2026-09-24 14:16:34.575,CRUDEOILM,FUT,0.0,CRUDEOILM19OCT26FUT,9053.0,30,SELL_AGGRESSOR,478220,412210
2026-09-24 14:16:38.116,CRUDEOIL,FUT,0.0,CRUDEOIL19OCT26FUT,9050.0,1400,SELL_AGGRESSOR,1698300,1283800
2026-09-24 14:16:38.116,CRUDEOIL,CE,9750.0,CRUDEOIL15OCT269750CE,255.0,100,SELL_AGGRESSOR,49200,13000
2026-09-24 14:16:38.116,CRUDEOIL,CE,9800.0,CRUDEOIL15OCT269800CE,243.0,500,SELL_AGGRESSOR,244600,98400
2026-09-24 14:16:38.116,CRUDEOIL,CE,9900.0,CRUDEOIL15OCT269900CE,218.7,200,SELL_AGGRESSOR,184900,36700
2026-09-24 14:16:38.116,CRUDEOILM,FUT,0.0,CRUDEOILM19OCT26FUT,9049.0,120,SELL_AGGRESSOR,478340,412190
2026-09-24 14:16:38.116,CRUDEOILM,CE,9350.0,CRUDEOILM15OCT269350CE,384.05,40,SELL_AGGRESSOR,27240,18060
2026-09-24 14:16:38.116,CRUDEOILM,CE,9550.0,CRUDEOILM15OCT269550CE,316.15,10,SELL_AGGRESSOR,21390,3600
2026-09-24 14:16:38.116,CRUDEOILM,CE,9600.0,CRUDEOILM15OCT269600CE,301.55,10,SELL_AGGRESSOR,56980,13680
2026-09-24 14:16:38.116,CRUDEOILM,PE,9650.0,CRUDEOILM15OCT269650PE,882.7,20,BUY_AGGRESSOR,670,670
2026-09-24 14:16:38.116,CRUDEOILM,CE,9700.0,CRUDEOILM15OCT269700CE,273.5,10,SELL_AGGRESSOR,48550,9890
2026-09-24 14:16:38.116,CRUDEOILM,CE,9800.0,CRUDEOILM15OCT269800CE,247.6,10,SELL_AGGRESSOR,87670,33700
2026-09-24 14:16:41.701,CRUDEOIL,FUT,0.0,CRUDEOIL19OCT26FUT,9047.0,600,SELL_AGGRESSOR,1698900,1283700
2026-09-24 14:16:41.701,CRUDEOIL,CE,9350.0,CRUDEOIL15OCT269350CE,375.4,200,SELL_AGGRESSOR,85900,23500
2026-09-24 14:16:41.701,CRUDEOIL,CE,9500.0,CRUDEOIL15OCT269500CE,325.0,1100,SELL_AGGRESSOR,1169500,567900
2026-09-24 14:16:41.701,CRUDEOIL,PE,9500.0,CRUDEOIL15OCT269500PE,767.0,100,BUY_AGGRESSOR,62500,99200
2026-09-24 14:16:41.701,CRUDEOIL,CE,9550.0,CRUDEOIL15OCT269550CE,309.5,100,SELL_AGGRESSOR,66600,15600
2026-09-24 14:16:41.701,CRUDEOILM,FUT,0.0,CRUDEOILM19OCT26FUT,9047.0,400,SELL_AGGRESSOR,478740,412270
2026-09-24 14:16:41.701,CRUDEOILM,CE,9500.0,CRUDEOILM15OCT269500CE,330.0,1050,SELL_AGGRESSOR,136670,76600
2026-09-24 14:16:41.701,CRUDEOILM,PE,9550.0,CRUDEOILM15OCT269550PE,815.55,40,BUY,1010,720
2026-09-24 14:16:41.701,CRUDEOILM,CE,9600.0,CRUDEOILM15OCT269600CE,299.75,30,SELL_AGGRESSOR,57010,13710
2026-09-24 14:16:41.701,CRUDEOILM,CE,9800.0,CRUDEOILM15OCT269800CE,246.85,10,SELL,87680,33690
2026-09-24 14:16:41.701,CRUDEOILM,PE,9800.0,CRUDEOILM15OCT269800PE,993.5,10,BUY,340,2350
2026-09-24 14:16:41.701,CRUDEOILM,CE,9900.0,CRUDEOILM15OCT269900CE,222.7,10,SELL_AGGRESSOR,170340,30020
2026-09-24 14:16:45.292,CRUDEOIL,CE,9500.0,CRUDEOIL15OCT269500CE,323.3,100,SELL_AGGRESSOR,1169600,567800
2026-09-24 14:16:45.292,CRUDEOIL,CE,9800.0,CRUDEOIL15OCT269800CE,241.0,100,SELL_AGGRESSOR,244700,98500
2026-09-24 14:16:45.292,CRUDEOILM,PE,9400.0,CRUDEOILM15OCT269400PE,718.35,10,BUY,1850,2160
2026-09-24 14:16:48.877,CRUDEOIL,FUT,0.0,CRUDEOIL19OCT26FUT,9044.0,1000,SELL_AGGRESSOR,1699900,1282900
2026-09-24 14:16:48.877,CRUDEOIL,CE,9400.0,CRUDEOIL15OCT269400CE,357.0,100,BUY_AGGRESSOR,316400,81100
2026-09-24 14:16:48.877,CRUDEOIL,CE,9500.0,CRUDEOIL15OCT269500CE,323.1,200,SELL,1169800,567600
2026-09-24 14:16:48.877,CRUDEOILM,FUT,0.0,CRUDEOILM19OCT26FUT,9040.0,540,SELL_AGGRESSOR,479280,412220
2026-09-24 14:16:48.877,CRUDEOILM,CE,9500.0,CRUDEOILM15OCT269500CE,329.6,20,SELL,136690,76610
2026-09-24 14:16:48.877,CRUDEOILM,CE,9650.0,CRUDEOILM15OCT269650CE,284.75,10,SELL,14300,2730
2026-09-24 14:16:52.560,CRUDEOIL,FUT,0.0,CRUDEOIL19OCT26FUT,9041.0,100,SELL_AGGRESSOR,1700000,1282900
2026-09-24 14:16:52.560,CRUDEOIL,CE,9500.0,CRUDEOIL15OCT269500CE,323.0,100,SELL_AGGRESSOR,1169900,567600
2026-09-24 14:16:52.560,CRUDEOILM,FUT,0.0,CRUDEOILM19OCT26FUT,9040.0,390,INSIDE,479670,412050
2026-09-24 14:16:52.560,CRUDEOILM,CE,9350.0,CRUDEOILM15OCT269350CE,379.0,110,SELL_AGGRESSOR,27350,17990
2026-09-24 14:16:52.560,CRUDEOILM,PE,9350.0,CRUDEOILM15OCT269350PE,685.3,70,BUY,2240,2660
2026-09-24 14:16:52.560,CRUDEOILM,PE,9450.0,CRUDEOILM15OCT269450PE,748.1,120,BUY,2130,1170
2026-09-24 14:16:56.055,CRUDEOIL,FUT,0.0,CRUDEOIL19OCT26FUT,9040.0,900,SELL_AGGRESSOR,1700900,1282600
2026-09-24 14:16:56.055,CRUDEOIL,CE,9500.0,CRUDEOIL15OCT269500CE,322.4,100,SELL_AGGRESSOR,1170000,567500
2026-09-24 14:16:56.055,CRUDEOIL,CE,9700.0,CRUDEOIL15OCT269700CE,265.9,200,SELL,359400,38400
2026-09-24 14:16:56.055,CRUDEOIL,CE,9800.0,CRUDEOIL15OCT269800CE,240.9,200,SELL,244900,98500
2026-09-24 14:16:56.055,CRUDEOILM,FUT,0.0,CRUDEOILM19OCT26FUT,9040.0,390,BUY_AGGRESSOR,480060,412610
2026-09-24 14:16:56.055,CRUDEOILM,CE,9350.0,CRUDEOILM15OCT269350CE,380.1,30,BUY,27380,17990
2026-09-24 14:16:56.055,CRUDEOILM,PE,9450.0,CRUDEOILM15OCT269450PE,748.25,40,BUY,2170,1190
2026-09-24 14:16:56.055,CRUDEOILM,CE,9500.0,CRUDEOILM15OCT269500CE,328.7,720,SELL,137410,76550
2026-09-24 14:16:59.691,CRUDEOIL,FUT,0.0,CRUDEOIL19OCT26FUT,9043.0,100,BUY_AGGRESSOR,1701000,1282700
2026-09-24 14:16:59.691,CRUDEOIL,CE,9350.0,CRUDEOIL15OCT269350CE,373.3,200,SELL,86100,23500
2026-09-24 14:16:59.691,CRUDEOIL,CE,9400.0,CRUDEOIL15OCT269400CE,356.8,200,SELL,316600,81200
2026-09-24 14:16:59.691,CRUDEOIL,CE,9500.0,CRUDEOIL15OCT269500CE,322.8,500,BUY,1170500,567000
2026-09-24 14:16:59.691,CRUDEOIL,CE,9550.0,CRUDEOIL15OCT269550CE,308.0,100,BUY_AGGRESSOR,66700,15700
2026-09-24 14:16:59.691,CRUDEOIL,CE,9600.0,CRUDEOIL15OCT269600CE,294.4,400,BUY_AGGRESSOR,213500,64000
2026-09-24 14:16:59.691,CRUDEOILM,FUT,0.0,CRUDEOILM19OCT26FUT,9040.0,160,SELL_AGGRESSOR,480220,412690
2026-09-24 14:16:59.691,CRUDEOILM,CE,9400.0,CRUDEOILM15OCT269400CE,361.4,10,SELL,55000,35760
2026-09-24 14:16:59.691,CRUDEOILM,PE,9450.0,CRUDEOILM15OCT269450PE,748.2,10,SELL_AGGRESSOR,2180,1200
2026-09-24 14:16:59.691,CRUDEOILM,CE,9500.0,CRUDEOILM15OCT269500CE,328.55,20,BUY_AGGRESSOR,137430,76540
2026-09-24 14:16:59.691,CRUDEOILM,CE,9700.0,CRUDEOILM15OCT269700CE,271.5,10,BUY_AGGRESSOR,48560,9900
2026-09-24 14:17:03.277,CRUDEOIL,FUT,0.0,CRUDEOIL19OCT26FUT,9043.0,700,SELL_AGGRESSOR,1701700,1283200
2026-09-24 14:17:03.277,CRUDEOIL,CE,9400.0,CRUDEOIL15OCT269400CE,357.1,600,SELL_AGGRESSOR,317200,81200
2026-09-24 14:17:03.277,CRUDEOIL,CE,9500.0,CRUDEOIL15OCT269500CE,323.4,100,BUY,1170600,567000
2026-09-24 14:17:03.277,CRUDEOIL,CE,9700.0,CRUDEOIL15OCT269700CE,265.8,200,SELL,359600,38200
2026-09-24 14:17:03.277,CRUDEOILM,FUT,0.0,CRUDEOILM19OCT26FUT,9043.0,110,SELL_AGGRESSOR,480330,412690
2026-09-24 14:17:03.277,CRUDEOILM,CE,9400.0,CRUDEOILM15OCT269400CE,362.2,20,BUY,55020,35760
2026-09-24 14:17:03.277,CRUDEOILM,CE,9450.0,CRUDEOILM15OCT269450CE,345.85,30,SELL,31580,14050
2026-09-24 14:17:03.277,CRUDEOILM,CE,9700.0,CRUDEOILM15OCT269700CE,272.0,10,BUY_AGGRESSOR,48570,9910
2026-09-24 14:17:06.985,CRUDEOIL,FUT,0.0,CRUDEOIL19OCT26FUT,9044.0,100,BUY,1701800,1283300
2026-09-24 14:17:06.985,CRUDEOILM,FUT,0.0,CRUDEOILM19OCT26FUT,9043.0,160,INSIDE,480490,412720
2026-09-24 14:17:10.502,CRUDEOIL,CE,9500.0,CRUDEOIL15OCT269500CE,322.9,100,SELL,1170700,566900
2026-09-24 14:17:10.502,CRUDEOILM,FUT,0.0,CRUDEOILM19OCT26FUT,9044.0,80,BUY_AGGRESSOR,480570,412680
2026-09-24 14:17:10.502,CRUDEOILM,CE,9500.0,CRUDEOILM15OCT269500CE,328.45,20,SELL,137450,76530
2026-09-24 14:17:10.502,CRUDEOILM,CE,9900.0,CRUDEOILM15OCT269900CE,221.95,10,SELL,170350,30020
2026-09-24 14:17:14.202,CRUDEOIL,FUT,0.0,CRUDEOIL19OCT26FUT,9044.0,200,SELL_AGGRESSOR,1702000,1283300
2026-09-24 14:17:14.202,CRUDEOIL,CE,9500.0,CRUDEOIL15OCT269500CE,322.5,100,SELL_AGGRESSOR,1170800,566900
2026-09-24 14:17:14.202,CRUDEOILM,FUT,0.0,CRUDEOILM19OCT26FUT,9041.0,20,SELL_AGGRESSOR,480590,412680
2026-09-24 14:17:14.202,CRUDEOILM,CE,9400.0,CRUDEOILM15OCT269400CE,362.0,10,BUY_AGGRESSOR,55030,35760
2026-09-24 14:17:14.202,CRUDEOILM,CE,9500.0,CRUDEOILM15OCT269500CE,327.7,20,SELL_AGGRESSOR,137470,76530
2026-09-24 14:17:17.914,CRUDEOIL,CE,9550.0,CRUDEOIL15OCT269550CE,308.5,100,BUY_AGGRESSOR,66800,15700
2026-09-24 14:17:17.914,CRUDEOIL,CE,9650.0,CRUDEOIL15OCT269650CE,277.7,100,SELL_AGGRESSOR,46400,13000
2026-09-24 14:17:17.914,CRUDEOILM,FUT,0.0,CRUDEOILM19OCT26FUT,9044.0,20,BUY_AGGRESSOR,480610,412660
2026-09-24 14:17:17.914,CRUDEOILM,CE,9500.0,CRUDEOILM15OCT269500CE,327.05,220,SELL_AGGRESSOR,137690,76510
2026-09-24 14:17:17.914,CRUDEOILM,CE,9600.0,CRUDEOILM15OCT269600CE,299.15,30,SELL,57040,13740
2026-09-24 14:17:21.595,CRUDEOIL,FUT,0.0,CRUDEOIL19OCT26FUT,9044.0,6400,SELL_AGGRESSOR,1708400,1283000
2026-09-24 14:17:21.595,CRUDEOIL,CE,9700.0,CRUDEOIL15OCT269700CE,264.6,300,SELL_AGGRESSOR,359900,38300
2026-09-24 14:17:21.595,CRUDEOIL,CE,9800.0,CRUDEOIL15OCT269800CE,239.8,800,SELL_AGGRESSOR,245700,99000
2026-09-24 14:17:21.595,CRUDEOILM,FUT,0.0,CRUDEOILM19OCT26FUT,9040.0,130,SELL_AGGRESSOR,480740,412670
2026-09-24 14:17:21.595,CRUDEOILM,PE,9450.0,CRUDEOILM15OCT269450PE,749.0,40,BUY,2220,1240
2026-09-24 14:17:21.595,CRUDEOILM,CE,9950.0,CRUDEOILM15OCT269950CE,210.0,20,SELL_AGGRESSOR,6400,2980
2026-09-24 14:17:25.112,CRUDEOIL,CE,9500.0,CRUDEOIL15OCT269500CE,322.0,100,SELL_AGGRESSOR,1170900,567000
2026-09-24 14:17:25.112,CRUDEOIL,PE,9500.0,CRUDEOIL15OCT269500PE,771.7,900,BUY,63400,99200
2026-09-24 14:17:25.112,CRUDEOIL,CE,9850.0,CRUDEOIL15OCT269850CE,228.2,100,SELL,37100,11800
2026-09-24 14:17:25.112,CRUDEOILM,FUT,0.0,CRUDEOILM19OCT26FUT,9040.0,240,SELL_AGGRESSOR,480980,412680
2026-09-24 14:17:25.112,CRUDEOILM,PE,9450.0,CRUDEOILM15OCT269450PE,749.3,40,BUY,2260,1280
2026-09-24 14:17:25.112,CRUDEOILM,CE,9700.0,CRUDEOILM15OCT269700CE,269.3,70,SELL_AGGRESSOR,48640,9870
2026-09-24 14:17:25.112,CRUDEOILM,CE,9850.0,CRUDEOILM15OCT269850CE,231.2,20,SELL,12690,3330
2026-09-24 14:17:25.112,CRUDEOILM,CE,9900.0,CRUDEOILM15OCT269900CE,219.1,680,SELL_AGGRESSOR,171030,30010
2026-09-24 14:17:28.725,CRUDEOIL,FUT,0.0,CRUDEOIL19OCT26FUT,9044.0,100,BUY_AGGRESSOR,1708500,1277000
2026-09-24 14:17:28.725,CRUDEOIL,CE,9700.0,CRUDEOIL15OCT269700CE,264.0,1000,SELL_AGGRESSOR,360900,38300
2026-09-24 14:17:28.725,CRUDEOILM,FUT,0.0,CRUDEOILM19OCT26FUT,9042.0,60,BUY_AGGRESSOR,481040,412800
2026-09-24 14:17:28.725,CRUDEOILM,CE,9700.0,CRUDEOILM15OCT269700CE,269.9,10,BUY_AGGRESSOR,48650,9870
2026-09-24 14:17:28.725,CRUDEOILM,CE,9800.0,CRUDEOILM15OCT269800CE,244.35,10,SELL,87690,33680
2026-09-24 14:17:28.725,CRUDEOILM,PE,9800.0,CRUDEOILM15OCT269800PE,996.8,10,BUY,350,2340
2026-09-24 14:17:28.725,CRUDEOILM,CE,9900.0,CRUDEOILM15OCT269900CE,219.7,10,BUY,171040,30010
2026-09-24 14:17:32.301,CRUDEOIL,FUT,0.0,CRUDEOIL19OCT26FUT,9042.0,100,SELL,1708600,1277100
2026-09-24 14:17:32.301,CRUDEOIL,CE,9350.0,CRUDEOIL15OCT269350CE,372.2,300,SELL,86400,23500
2026-09-24 14:17:32.301,CRUDEOIL,CE,9500.0,CRUDEOIL15OCT269500CE,322.1,300,BUY_AGGRESSOR,1171200,566800
2026-09-24 14:17:32.301,CRUDEOIL,PE,9500.0,CRUDEOIL15OCT269500PE,771.3,100,SELL_AGGRESSOR,63500,99300
2026-09-24 14:17:32.301,CRUDEOIL,CE,9700.0,CRUDEOIL15OCT269700CE,265.0,200,BUY_AGGRESSOR,361100,37100
2026-09-24 14:17:32.301,CRUDEOILM,FUT,0.0,CRUDEOILM19OCT26FUT,9041.0,250,SELL_AGGRESSOR,481290,412570
2026-09-24 14:17:32.301,CRUDEOILM,CE,9850.0,CRUDEOILM15OCT269850CE,231.9,10,BUY_AGGRESSOR,12700,3320
2026-09-24 14:17:35.891,CRUDEOIL,FUT,0.0,CRUDEOIL19OCT26FUT,9047.0,200,BUY_AGGRESSOR,1708800,1277100
2026-09-24 14:17:35.891,CRUDEOIL,CE,9500.0,CRUDEOIL15OCT269500CE,322.2,100,BUY,1171300,566800
2026-09-24 14:17:35.891,CRUDEOIL,CE,9850.0,CRUDEOIL15OCT269850CE,229.0,100,BUY_AGGRESSOR,37200,11700
2026-09-24 14:17:35.891,CRUDEOILM,FUT,0.0,CRUDEOILM19OCT26FUT,9045.0,60,BUY_AGGRESSOR,481350,412610
2026-09-24 14:17:39.419,CRUDEOIL,FUT,0.0,CRUDEOIL19OCT26FUT,9044.0,400,SELL_AGGRESSOR,1709200,1277300
2026-09-24 14:17:39.419,CRUDEOILM,FUT,0.0,CRUDEOILM19OCT26FUT,9043.0,70,SELL_AGGRESSOR,481420,412660
2026-09-24 14:17:39.419,CRUDEOILM,PE,9350.0,CRUDEOILM15OCT269350PE,682.8,10,BUY_AGGRESSOR,2250,2650
2026-09-24 14:17:43.981,CRUDEOIL,CE,9500.0,CRUDEOIL15OCT269500CE,322.2,200,SELL_AGGRESSOR,1171500,566800
2026-09-24 14:17:43.981,CRUDEOIL,PE,9500.0,CRUDEOIL15OCT269500PE,771.8,300,BUY_AGGRESSOR,63800,99300
2026-09-24 14:17:43.981,CRUDEOILM,FUT,0.0,CRUDEOILM19OCT26FUT,9043.0,30,SELL_AGGRESSOR,481450,412690
2026-09-24 14:17:43.981,CRUDEOILM,PE,9600.0,CRUDEOILM15OCT269600PE,856.0,40,BUY_AGGRESSOR,970,1990
2026-09-24 14:17:47.578,CRUDEOIL,FUT,0.0,CRUDEOIL19OCT26FUT,9050.0,300,BUY_AGGRESSOR,1709500,1277000
2026-09-24 14:17:47.578,CRUDEOIL,CE,9350.0,CRUDEOIL15OCT269350CE,376.4,100,BUY_AGGRESSOR,86500,23400
2026-09-24 14:17:47.578,CRUDEOIL,CE,9400.0,CRUDEOIL15OCT269400CE,358.7,100,BUY_AGGRESSOR,317300,81200
2026-09-24 14:17:47.578,CRUDEOILM,FUT,0.0,CRUDEOILM19OCT26FUT,9046.0,110,BUY_AGGRESSOR,481560,412800
2026-09-24 14:17:51.101,CRUDEOIL,CE,9400.0,CRUDEOIL15OCT269400CE,359.2,300,BUY_AGGRESSOR,317600,81200
2026-09-24 14:17:51.101,CRUDEOILM,FUT,0.0,CRUDEOILM19OCT26FUT,9048.0,10,BUY_AGGRESSOR,481570,412810
2026-09-24 14:17:51.101,CRUDEOILM,CE,9400.0,CRUDEOILM15OCT269400CE,363.55,30,SELL_AGGRESSOR,55060,35760
2026-09-24 14:17:54.686,CRUDEOILM,FUT,0.0,CRUDEOILM19OCT26FUT,9046.0,50,SELL_AGGRESSOR,481620,412840
2026-09-24 14:17:54.686,CRUDEOILM,CE,9850.0,CRUDEOILM15OCT269850CE,234.3,30,SELL_AGGRESSOR,12730,3320
2026-09-24 14:17:58.252,CRUDEOIL,FUT,0.0,CRUDEOIL19OCT26FUT,9050.0,500,BUY_AGGRESSOR,1710000,1277000
2026-09-24 14:17:58.252,CRUDEOIL,CE,9400.0,CRUDEOIL15OCT269400CE,359.9,300,BUY_AGGRESSOR,317900,81200
2026-09-24 14:17:58.252,CRUDEOILM,FUT,0.0,CRUDEOILM19OCT26FUT,9049.0,40,BUY_AGGRESSOR,481660,412850
2026-09-24 14:17:58.252,CRUDEOILM,CE,9400.0,CRUDEOILM15OCT269400CE,365.6,20,BUY_AGGRESSOR,55080,35780
2026-09-24 14:17:58.252,CRUDEOILM,CE,9500.0,CRUDEOILM15OCT269500CE,329.25,110,SELL_AGGRESSOR,137800,76340
2026-09-24 14:17:58.252,CRUDEOILM,CE,9700.0,CRUDEOILM15OCT269700CE,272.6,10,SELL_AGGRESSOR,48660,9870
2026-09-24 14:18:01.870,CRUDEOIL,FUT,0.0,CRUDEOIL19OCT26FUT,9052.0,700,BUY_AGGRESSOR,1710700,1277200
2026-09-24 14:18:01.870,CRUDEOIL,CE,9350.0,CRUDEOIL15OCT269350CE,376.2,700,SELL,87200,23600
2026-09-24 14:18:01.870,CRUDEOIL,CE,9400.0,CRUDEOIL15OCT269400CE,359.6,2400,SELL,320300,81500
2026-09-24 14:18:01.870,CRUDEOIL,CE,9450.0,CRUDEOIL15OCT269450CE,341.7,100,SELL,68100,23700
2026-09-24 14:18:01.870,CRUDEOIL,CE,9500.0,CRUDEOIL15OCT269500CE,325.7,3900,BUY,1175400,566800
2026-09-24 14:18:01.870,CRUDEOIL,CE,9550.0,CRUDEOIL15OCT269550CE,310.0,500,BUY,67300,15700
2026-09-24 14:18:01.870,CRUDEOIL,CE,9600.0,CRUDEOIL15OCT269600CE,295.6,2000,BUY_AGGRESSOR,215500,63700
2026-09-24 14:18:01.870,CRUDEOIL,CE,9650.0,CRUDEOIL15OCT269650CE,280.1,100,BUY,46500,13000
2026-09-24 14:18:01.870,CRUDEOIL,CE,9700.0,CRUDEOIL15OCT269700CE,267.9,3800,BUY_AGGRESSOR,364900,37100
2026-09-24 14:18:01.870,CRUDEOIL,CE,9750.0,CRUDEOIL15OCT269750CE,254.3,200,SELL,49400,13100
2026-09-24 14:18:01.870,CRUDEOIL,CE,9800.0,CRUDEOIL15OCT269800CE,242.9,1200,BUY,246900,99400
2026-09-24 14:18:01.870,CRUDEOIL,CE,9900.0,CRUDEOIL15OCT269900CE,219.6,1900,BUY_AGGRESSOR,186800,36800
2026-09-24 14:18:01.870,CRUDEOILM,FUT,0.0,CRUDEOILM19OCT26FUT,9049.0,170,BUY_AGGRESSOR,481830,412860
2026-09-24 14:18:01.870,CRUDEOILM,CE,9350.0,CRUDEOILM15OCT269350CE,384.3,180,BUY_AGGRESSOR,27560,18030
2026-09-24 14:18:01.870,CRUDEOILM,PE,9350.0,CRUDEOILM15OCT269350PE,681.7,10,SELL,2260,2650
2026-09-24 14:18:01.870,CRUDEOILM,CE,9400.0,CRUDEOILM15OCT269400CE,365.65,480,BUY_AGGRESSOR,55560,35800
2026-09-24 14:18:01.870,CRUDEOILM,CE,9450.0,CRUDEOILM15OCT269450CE,349.8,330,BUY_AGGRESSOR,31910,14200
2026-09-24 14:18:01.870,CRUDEOILM,CE,9500.0,CRUDEOILM15OCT269500CE,332.15,600,BUY_AGGRESSOR,138400,76210
2026-09-24 14:18:01.870,CRUDEOILM,CE,9550.0,CRUDEOILM15OCT269550CE,316.7,150,BUY_AGGRESSOR,21540,3670
2026-09-24 14:18:01.870,CRUDEOILM,CE,9600.0,CRUDEOILM15OCT269600CE,302.75,590,BUY_AGGRESSOR,57630,13740
2026-09-24 14:18:01.870,CRUDEOILM,CE,9650.0,CRUDEOILM15OCT269650CE,286.65,10,BUY_AGGRESSOR,14310,2730
2026-09-24 14:18:01.870,CRUDEOILM,CE,9700.0,CRUDEOILM15OCT269700CE,273.25,430,BUY_AGGRESSOR,49090,10010
2026-09-24 14:18:01.870,CRUDEOILM,CE,9800.0,CRUDEOILM15OCT269800CE,247.65,370,BUY_AGGRESSOR,88060,33900
2026-09-24 14:18:01.870,CRUDEOILM,CE,9850.0,CRUDEOILM15OCT269850CE,235.45,270,BUY_AGGRESSOR,13000,3330
2026-09-24 14:18:01.870,CRUDEOILM,CE,9900.0,CRUDEOILM15OCT269900CE,223.7,720,BUY_AGGRESSOR,171760,30030
2026-09-24 14:18:05.392,CRUDEOIL,CE,9500.0,CRUDEOIL15OCT269500CE,326.3,200,BUY_AGGRESSOR,1175600,566800
2026-09-24 14:18:05.392,CRUDEOILM,FUT,0.0,CRUDEOILM19OCT26FUT,9049.0,10,SELL_AGGRESSOR,481840,412940
2026-09-24 14:18:05.392,CRUDEOILM,CE,9600.0,CRUDEOILM15OCT269600CE,302.15,20,SELL_AGGRESSOR,57650,13860
2026-09-24 14:18:08.999,CRUDEOIL,CE,9500.0,CRUDEOIL15OCT269500CE,326.3,100,SELL_AGGRESSOR,1175700,565700
2026-09-24 14:18:08.999,CRUDEOIL,CE,9600.0,CRUDEOIL15OCT269600CE,296.9,100,BUY,215600,63700
2026-09-24 14:18:08.999,CRUDEOIL,CE,9700.0,CRUDEOIL15OCT269700CE,268.2,100,SELL_AGGRESSOR,365000,37100
2026-09-24 14:18:08.999,CRUDEOILM,FUT,0.0,CRUDEOILM19OCT26FUT,9049.0,10,BUY_AGGRESSOR,481850,412960
2026-09-24 14:18:12.543,CRUDEOIL,CE,9500.0,CRUDEOIL15OCT269500CE,327.1,200,BUY_AGGRESSOR,1175900,565800
2026-09-24 14:18:12.543,CRUDEOILM,FUT,0.0,CRUDEOILM19OCT26FUT,9049.0,10,BUY_AGGRESSOR,481860,412960
2026-09-24 14:18:16.148,CRUDEOIL,FUT,0.0,CRUDEOIL19OCT26FUT,9050.0,100,SELL_AGGRESSOR,1710800,1277400
2026-09-24 14:18:16.148,CRUDEOIL,CE,9400.0,CRUDEOIL15OCT269400CE,359.9,100,SELL_AGGRESSOR,320400,82800
2026-09-24 14:18:16.148,CRUDEOIL,CE,9500.0,CRUDEOIL15OCT269500CE,327.1,100,BUY_AGGRESSOR,1176000,565900
2026-09-24 14:18:16.148,CRUDEOIL,CE,9700.0,CRUDEOIL15OCT269700CE,268.3,100,SELL_AGGRESSOR,365100,37100
2026-09-24 14:18:16.148,CRUDEOILM,FUT,0.0,CRUDEOILM19OCT26FUT,9048.0,30,SELL_AGGRESSOR,481890,412950
2026-09-24 14:18:16.148,CRUDEOILM,CE,9550.0,CRUDEOILM15OCT269550CE,317.45,20,SELL_AGGRESSOR,21560,3710
2026-09-24 14:18:19.676,CRUDEOIL,CE,9400.0,CRUDEOIL15OCT269400CE,360.5,100,BUY,320500,82800
2026-09-24 14:18:19.676,CRUDEOILM,CE,9500.0,CRUDEOILM15OCT269500CE,332.15,50,INSIDE,138450,75970
2026-09-24 14:18:23.260,CRUDEOIL,FUT,0.0,CRUDEOIL19OCT26FUT,9052.0,1000,BUY,1711800,1276500
2026-09-24 14:18:23.260,CRUDEOIL,CE,9500.0,CRUDEOIL15OCT269500CE,326.4,100,SELL,1176100,566000
2026-09-24 14:18:23.260,CRUDEOILM,FUT,0.0,CRUDEOILM19OCT26FUT,9047.0,10,SELL_AGGRESSOR,481900,412960
2026-09-24 14:18:26.865,CRUDEOIL,FUT,0.0,CRUDEOIL19OCT26FUT,9050.0,400,SELL_AGGRESSOR,1712200,1276500
2026-09-24 14:18:26.865,CRUDEOILM,FUT,0.0,CRUDEOILM19OCT26FUT,9047.0,20,SELL_AGGRESSOR,481920,412960
2026-09-24 14:18:26.865,CRUDEOILM,CE,9500.0,CRUDEOILM15OCT269500CE,331.9,20,SELL,138470,75990
2026-09-24 14:18:30.516,CRUDEOIL,FUT,0.0,CRUDEOIL19OCT26FUT,9050.0,100,SELL_AGGRESSOR,1712300,1276400
2026-09-24 14:18:30.516,CRUDEOILM,FUT,0.0,CRUDEOILM19OCT26FUT,9045.0,210,SELL_AGGRESSOR,482130,412940
2026-09-24 14:18:34.078,CRUDEOIL,FUT,0.0,CRUDEOIL19OCT26FUT,9050.0,100,BUY_AGGRESSOR,1712400,1276400
2026-09-24 14:18:34.078,CRUDEOILM,CE,9400.0,CRUDEOILM15OCT269400CE,366.0,200,BUY_AGGRESSOR,55760,35930
2026-09-24 14:18:34.078,CRUDEOILM,CE,9600.0,CRUDEOILM15OCT269600CE,301.6,20,BUY_AGGRESSOR,57670,13840
2026-09-24 14:18:37.729,CRUDEOIL,CE,9700.0,CRUDEOIL15OCT269700CE,268.3,1000,BUY_AGGRESSOR,366100,37100
2026-09-24 14:18:37.729,CRUDEOILM,CE,9700.0,CRUDEOILM15OCT269700CE,273.25,100,BUY_AGGRESSOR,49190,10070
2026-09-24 14:18:41.350,CRUDEOIL,FUT,0.0,CRUDEOIL19OCT26FUT,9048.0,400,SELL_AGGRESSOR,1712800,1276400
2026-09-24 14:18:41.350,CRUDEOIL,CE,9350.0,CRUDEOIL15OCT269350CE,376.9,100,SELL_AGGRESSOR,87300,23700
2026-09-24 14:18:41.350,CRUDEOIL,CE,9900.0,CRUDEOIL15OCT269900CE,219.6,1000,SELL_AGGRESSOR,187800,35900
2026-09-24 14:18:45.027,CRUDEOIL,FUT,0.0,CRUDEOIL19OCT26FUT,9048.0,100,SELL_AGGRESSOR,1712900,1276300
2026-09-24 14:18:45.027,CRUDEOIL,CE,9500.0,CRUDEOIL15OCT269500CE,325.8,100,SELL_AGGRESSOR,1176200,566000
2026-09-24 14:18:45.027,CRUDEOIL,CE,9700.0,CRUDEOIL15OCT269700CE,267.8,100,SELL_AGGRESSOR,366200,37100
2026-09-24 14:18:45.027,CRUDEOILM,FUT,0.0,CRUDEOILM19OCT26FUT,9046.0,20,SELL_AGGRESSOR,482150,412960
2026-09-24 14:18:45.027,CRUDEOILM,CE,9450.0,CRUDEOILM15OCT269450CE,348.65,10,SELL_AGGRESSOR,31920,14380
2026-09-24 14:18:45.027,CRUDEOILM,CE,9800.0,CRUDEOILM15OCT269800CE,247.65,10,SELL_AGGRESSOR,88070,33950
2026-09-24 14:18:48.699,CRUDEOIL,FUT,0.0,CRUDEOIL19OCT26FUT,9050.0,400,BUY_AGGRESSOR,1713300,1276500
2026-09-24 14:18:48.699,CRUDEOIL,CE,9800.0,CRUDEOIL15OCT269800CE,243.0,100,SELL_AGGRESSOR,247000,100100
2026-09-24 14:18:48.699,CRUDEOIL,CE,9900.0,CRUDEOIL15OCT269900CE,221.1,100,BUY_AGGRESSOR,187900,35800
2026-09-24 14:18:48.699,CRUDEOILM,FUT,0.0,CRUDEOILM19OCT26FUT,9047.0,250,BUY,482400,412960
2026-09-24 14:18:48.699,CRUDEOILM,CE,9700.0,CRUDEOILM15OCT269700CE,275.0,100,BUY_AGGRESSOR,49290,10120
2026-09-24 14:18:52.335,CRUDEOIL,FUT,0.0,CRUDEOIL19OCT26FUT,9053.0,100,BUY_AGGRESSOR,1713400,1276600
2026-09-24 14:18:52.335,CRUDEOIL,CE,9600.0,CRUDEOIL15OCT269600CE,296.9,100,BUY_AGGRESSOR,215700,63700
2026-09-24 14:18:52.335,CRUDEOIL,CE,9900.0,CRUDEOIL15OCT269900CE,221.3,100,BUY,188000,35800
2026-09-24 14:18:52.335,CRUDEOILM,FUT,0.0,CRUDEOILM19OCT26FUT,9051.0,100,BUY_AGGRESSOR,482500,413010
2026-09-24 14:18:52.335,CRUDEOILM,CE,9400.0,CRUDEOILM15OCT269400CE,367.05,10,BUY_AGGRESSOR,55770,35940
2026-09-24 14:18:52.335,CRUDEOILM,CE,9900.0,CRUDEOILM15OCT269900CE,224.8,20,BUY_AGGRESSOR,171780,30040
2026-09-24 14:18:55.948,CRUDEOIL,FUT,0.0,CRUDEOIL19OCT26FUT,9052.0,300,SELL_AGGRESSOR,1713700,1276600
2026-09-24 14:18:55.948,CRUDEOIL,CE,9500.0,CRUDEOIL15OCT269500CE,328.9,100,BUY_AGGRESSOR,1176300,566100
2026-09-24 14:18:55.948,CRUDEOILM,FUT,0.0,CRUDEOILM19OCT26FUT,9050.0,10,SELL_AGGRESSOR,482510,413020
2026-09-24 14:18:59.650,CRUDEOIL,CE,9700.0,CRUDEOIL15OCT269700CE,269.9,100,SELL_AGGRESSOR,366300,37100
2026-09-24 14:18:59.650,CRUDEOILM,FUT,0.0,CRUDEOILM19OCT26FUT,9053.0,110,BUY_AGGRESSOR,482620,413070
2026-09-24 14:18:59.650,CRUDEOILM,CE,9850.0,CRUDEOILM15OCT269850CE,236.9,10,SELL_AGGRESSOR,13010,3330
2026-09-24 14:19:03.314,CRUDEOIL,FUT,0.0,CRUDEOIL19OCT26FUT,9055.0,300,BUY_AGGRESSOR,1714000,1276700
2026-09-24 14:19:03.314,CRUDEOIL,CE,9500.0,CRUDEOIL15OCT269500CE,327.6,200,SELL_AGGRESSOR,1176500,566100
2026-09-24 14:19:03.314,CRUDEOILM,FUT,0.0,CRUDEOILM19OCT26FUT,9052.0,50,SELL,482670,413070
2026-09-24 14:19:03.314,CRUDEOILM,CE,9500.0,CRUDEOILM15OCT269500CE,332.4,10,SELL_AGGRESSOR,138480,75990
2026-09-24 14:19:07.013,CRUDEOIL,CE,9700.0,CRUDEOIL15OCT269700CE,270.3,100,BUY,366400,37100
2026-09-24 14:19:07.013,CRUDEOILM,PE,9500.0,CRUDEOILM15OCT269500PE,777.15,10,BUY_AGGRESSOR,5410,11260
2026-09-24 14:19:07.013,CRUDEOILM,CE,9900.0,CRUDEOILM15OCT269900CE,224.8,10,BUY_AGGRESSOR,171790,30030
2026-09-24 14:19:10.926,CRUDEOIL,CE,9500.0,CRUDEOIL15OCT269500CE,328.0,100,SELL_AGGRESSOR,1176600,566000
2026-09-24 14:19:10.926,CRUDEOILM,FUT,0.0,CRUDEOILM19OCT26FUT,9052.0,40,SELL_AGGRESSOR,482710,413100
2026-09-24 14:19:14.640,CRUDEOIL,FUT,0.0,CRUDEOIL19OCT26FUT,9053.0,300,SELL,1714300,1276500
2026-09-24 14:19:14.640,CRUDEOIL,CE,9400.0,CRUDEOIL15OCT269400CE,362.8,100,BUY_AGGRESSOR,320600,82900
2026-09-24 14:19:14.640,CRUDEOIL,CE,9500.0,CRUDEOIL15OCT269500CE,328.4,500,BUY,1177100,566200
2026-09-24 14:19:14.640,CRUDEOIL,CE,9600.0,CRUDEOIL15OCT269600CE,298.1,200,BUY,215900,63500
2026-09-24 14:19:14.640,CRUDEOILM,FUT,0.0,CRUDEOILM19OCT26FUT,9050.0,60,SELL_AGGRESSOR,482770,413120
2026-09-24 14:19:14.640,CRUDEOILM,CE,9350.0,CRUDEOILM15OCT269350CE,388.0,20,BUY_AGGRESSOR,27580,18180
2026-09-24 14:19:14.640,CRUDEOILM,CE,9450.0,CRUDEOILM15OCT269450CE,352.0,10,BUY_AGGRESSOR,31930,14390
2026-09-24 14:19:14.640,CRUDEOILM,CE,9500.0,CRUDEOILM15OCT269500CE,334.25,30,BUY_AGGRESSOR,138510,75960
2026-09-24 14:19:14.640,CRUDEOILM,CE,9700.0,CRUDEOILM15OCT269700CE,276.0,40,BUY_AGGRESSOR,49330,10110
2026-09-24 14:19:18.389,CRUDEOIL,FUT,0.0,CRUDEOIL19OCT26FUT,9052.0,1000,SELL_AGGRESSOR,1715300,1277200
2026-09-24 14:19:18.389,CRUDEOILM,PE,9500.0,CRUDEOILM15OCT269500PE,774.45,30,SELL_AGGRESSOR,5440,11260
2026-09-24 14:19:18.389,CRUDEOILM,CE,9650.0,CRUDEOILM15OCT269650CE,287.85,20,BUY,14330,2740
2026-09-24 14:19:18.389,CRUDEOILM,CE,9800.0,CRUDEOILM15OCT269800CE,249.8,10,BUY,88080,33940
2026-09-24 14:19:21.921,CRUDEOIL,FUT,0.0,CRUDEOIL19OCT26FUT,9058.0,200,BUY_AGGRESSOR,1715500,1277200
2026-09-24 14:19:21.921,CRUDEOIL,PE,9400.0,CRUDEOIL15OCT269400PE,702.0,100,SELL_AGGRESSOR,6000,16100
2026-09-24 14:19:21.921,CRUDEOIL,CE,9500.0,CRUDEOIL15OCT269500CE,330.0,1000,BUY_AGGRESSOR,1178100,565200
2026-09-24 14:19:21.921,CRUDEOIL,CE,9750.0,CRUDEOIL15OCT269750CE,257.3,100,BUY,49500,13100
2026-09-24 14:19:21.921,CRUDEOILM,FUT,0.0,CRUDEOILM19OCT26FUT,9058.0,400,BUY_AGGRESSOR,483170,413110
2026-09-24 14:19:21.921,CRUDEOILM,CE,9500.0,CRUDEOILM15OCT269500CE,335.5,30,BUY_AGGRESSOR,138540,75960
2026-09-24 14:19:21.921,CRUDEOILM,PE,9500.0,CRUDEOILM15OCT269500PE,774.3,10,SELL_AGGRESSOR,5450,11260
2026-09-24 14:19:21.921,CRUDEOILM,CE,9750.0,CRUDEOILM15OCT269750CE,263.0,10,BUY_AGGRESSOR,11080,3490
2026-09-24 14:19:25.611,CRUDEOIL,FUT,0.0,CRUDEOIL19OCT26FUT,9058.0,100,SELL_AGGRESSOR,1715600,1277200
2026-09-24 14:19:25.611,CRUDEOIL,CE,9500.0,CRUDEOIL15OCT269500CE,330.5,200,BUY,1178300,565200
2026-09-24 14:19:25.611,CRUDEOILM,FUT,0.0,CRUDEOILM19OCT26FUT,9058.0,30,SELL_AGGRESSOR,483200,413110
2026-09-24 14:19:29.129,CRUDEOIL,FUT,0.0,CRUDEOIL19OCT26FUT,9060.0,100,BUY_AGGRESSOR,1715700,1277200
2026-09-24 14:19:29.129,CRUDEOIL,CE,9500.0,CRUDEOIL15OCT269500CE,331.0,400,BUY_AGGRESSOR,1178700,565400
2026-09-24 14:19:29.129,CRUDEOILM,FUT,0.0,CRUDEOILM19OCT26FUT,9059.0,60,BUY_AGGRESSOR,483260,413100
2026-09-24 14:19:29.129,CRUDEOILM,CE,9650.0,CRUDEOILM15OCT269650CE,290.4,30,BUY,14360,2750
2026-09-24 14:19:32.824,CRUDEOIL,FUT,0.0,CRUDEOIL19OCT26FUT,9061.0,100,BUY_AGGRESSOR,1715800,1277200
2026-09-24 14:19:32.824,CRUDEOIL,CE,9700.0,CRUDEOIL15OCT269700CE,273.3,100,BUY_AGGRESSOR,366500,37200
2026-09-24 14:19:32.824,CRUDEOIL,CE,9800.0,CRUDEOIL15OCT269800CE,248.2,100,BUY_AGGRESSOR,247100,100100
2026-09-24 14:19:32.824,CRUDEOILM,FUT,0.0,CRUDEOILM19OCT26FUT,9056.0,10,SELL_AGGRESSOR,483270,413100
2026-09-24 14:19:32.824,CRUDEOILM,CE,9650.0,CRUDEOILM15OCT269650CE,290.35,10,SELL_AGGRESSOR,14370,2750
2026-09-24 14:19:36.352,CRUDEOIL,FUT,0.0,CRUDEOIL19OCT26FUT,9060.0,500,SELL,1716300,1277200
2026-09-24 14:19:36.352,CRUDEOILM,FUT,0.0,CRUDEOILM19OCT26FUT,9059.0,30,BUY_AGGRESSOR,483300,413090
2026-09-24 14:19:36.352,CRUDEOILM,CE,9500.0,CRUDEOILM15OCT269500CE,336.5,100,BUY_AGGRESSOR,138640,75960
2026-09-24 14:19:40.005,CRUDEOIL,FUT,0.0,CRUDEOIL19OCT26FUT,9066.0,500,BUY_AGGRESSOR,1716800,1277000
2026-09-24 14:19:40.005,CRUDEOIL,CE,9350.0,CRUDEOIL15OCT269350CE,385.0,100,BUY_AGGRESSOR,87400,23700
2026-09-24 14:19:40.005,CRUDEOIL,CE,9500.0,CRUDEOIL15OCT269500CE,331.8,600,BUY_AGGRESSOR,1179300,565500
2026-09-24 14:19:40.005,CRUDEOIL,CE,9600.0,CRUDEOIL15OCT269600CE,301.0,100,BUY_AGGRESSOR,216000,63500
2026-09-24 14:19:40.005,CRUDEOIL,CE,9850.0,CRUDEOIL15OCT269850CE,236.0,100,BUY_AGGRESSOR,37300,11700
2026-09-24 14:19:40.005,CRUDEOILM,FUT,0.0,CRUDEOILM19OCT26FUT,9061.0,520,BUY_AGGRESSOR,483820,412920
2026-09-24 14:19:40.005,CRUDEOILM,CE,9450.0,CRUDEOILM15OCT269450CE,355.15,10,BUY_AGGRESSOR,31940,14400
2026-09-24 14:19:40.005,CRUDEOILM,CE,9500.0,CRUDEOILM15OCT269500CE,338.05,140,BUY_AGGRESSOR,138780,75880
2026-09-24 14:19:43.629,CRUDEOIL,CE,9500.0,CRUDEOIL15OCT269500CE,332.0,100,BUY,1179400,565400
2026-09-24 14:19:43.629,CRUDEOIL,CE,9800.0,CRUDEOIL15OCT269800CE,248.2,100,SELL_AGGRESSOR,247200,100200
2026-09-24 14:19:43.629,CRUDEOILM,FUT,0.0,CRUDEOILM19OCT26FUT,9063.0,50,BUY_AGGRESSOR,483870,412900
2026-09-24 14:19:47.309,CRUDEOIL,FUT,0.0,CRUDEOIL19OCT26FUT,9064.0,100,BUY_AGGRESSOR,1716900,1276900
2026-09-24 14:19:47.309,CRUDEOIL,CE,9500.0,CRUDEOIL15OCT269500CE,332.3,200,BUY_AGGRESSOR,1179600,565500
2026-09-24 14:19:47.309,CRUDEOIL,CE,9700.0,CRUDEOIL15OCT269700CE,273.6,100,BUY,366600,37200
2026-09-24 14:19:47.309,CRUDEOILM,FUT,0.0,CRUDEOILM19OCT26FUT,9064.0,30,BUY_AGGRESSOR,483900,412900
2026-09-24 14:19:47.309,CRUDEOILM,CE,9350.0,CRUDEOILM15OCT269350CE,391.15,10,BUY,27590,18180
2026-09-24 14:19:47.309,CRUDEOILM,CE,9500.0,CRUDEOILM15OCT269500CE,338.4,100,BUY_AGGRESSOR,138880,75850
2026-09-24 14:19:50.931,CRUDEOIL,FUT,0.0,CRUDEOIL19OCT26FUT,9063.0,1000,SELL_AGGRESSOR,1717900,1277800
2026-09-24 14:19:50.931,CRUDEOIL,PE,9400.0,CRUDEOIL15OCT269400PE,698.6,200,BUY_AGGRESSOR,6200,16100
2026-09-24 14:19:50.931,CRUDEOIL,CE,9500.0,CRUDEOIL15OCT269500CE,332.3,200,INSIDE,1179800,565600
2026-09-24 14:19:50.931,CRUDEOIL,CE,9600.0,CRUDEOIL15OCT269600CE,302.1,100,BUY,216100,63500
2026-09-24 14:19:50.931,CRUDEOILM,FUT,0.0,CRUDEOILM19OCT26FUT,9060.0,20,SELL_AGGRESSOR,483920,412890
2026-09-24 14:19:50.931,CRUDEOILM,CE,9350.0,CRUDEOILM15OCT269350CE,390.75,60,SELL_AGGRESSOR,27650,18190
2026-09-24 14:19:50.931,CRUDEOILM,PE,9350.0,CRUDEOILM15OCT269350PE,674.55,50,BUY_AGGRESSOR,2310,2610
2026-09-24 14:19:50.931,CRUDEOILM,CE,9450.0,CRUDEOILM15OCT269450CE,354.9,90,SELL_AGGRESSOR,32030,14420
2026-09-24 14:19:50.931,CRUDEOILM,PE,9450.0,CRUDEOILM15OCT269450PE,737.55,180,BUY_AGGRESSOR,2440,1360
2026-09-24 14:19:50.931,CRUDEOILM,CE,9500.0,CRUDEOILM15OCT269500CE,337.65,10,SELL,138890,75860
2026-09-24 14:19:50.931,CRUDEOILM,CE,9550.0,CRUDEOILM15OCT269550CE,321.3,80,SELL_AGGRESSOR,21640,3790
2026-09-24 14:19:50.931,CRUDEOILM,CE,9600.0,CRUDEOILM15OCT269600CE,307.35,50,BUY,57720,13840
2026-09-24 14:19:50.931,CRUDEOILM,CE,9700.0,CRUDEOILM15OCT269700CE,278.4,80,SELL_AGGRESSOR,49410,10130
2026-09-24 14:19:50.931,CRUDEOILM,CE,9750.0,CRUDEOILM15OCT269750CE,264.95,20,SELL_AGGRESSOR,11100,3480
2026-09-24 14:19:50.931,CRUDEOILM,CE,9800.0,CRUDEOILM15OCT269800CE,252.05,40,SELL_AGGRESSOR,88120,33970
2026-09-24 14:19:54.603,CRUDEOIL,CE,9400.0,CRUDEOIL15OCT269400CE,366.5,300,BUY,320900,83200
2026-09-24 14:19:54.603,CRUDEOIL,CE,9700.0,CRUDEOIL15OCT269700CE,273.7,100,BUY,366700,37100
2026-09-24 14:19:54.603,CRUDEOILM,FUT,0.0,CRUDEOILM19OCT26FUT,9063.0,40,BUY_AGGRESSOR,483960,412910
2026-09-24 14:19:58.274,CRUDEOIL,FUT,0.0,CRUDEOIL19OCT26FUT,9065.0,200,BUY_AGGRESSOR,1718100,1277700
2026-09-24 14:19:58.274,CRUDEOIL,CE,9600.0,CRUDEOIL15OCT269600CE,302.1,100,INSIDE,216200,63500
2026-09-24 14:19:58.274,CRUDEOIL,CE,9700.0,CRUDEOIL15OCT269700CE,274.0,100,BUY,366800,37000
2026-09-24 14:19:58.274,CRUDEOILM,FUT,0.0,CRUDEOILM19OCT26FUT,9063.0,20,BUY_AGGRESSOR,483980,412930
2026-09-24 14:19:58.274,CRUDEOILM,CE,9550.0,CRUDEOILM15OCT269550CE,322.0,20,BUY,21660,3790
2026-09-24 14:19:58.274,CRUDEOILM,CE,9850.0,CRUDEOILM15OCT269850CE,240.3,30,BUY_AGGRESSOR,13040,3330
2026-09-24 14:20:01.933,CRUDEOIL,FUT,0.0,CRUDEOIL19OCT26FUT,9065.0,700,BUY_AGGRESSOR,1718800,1278400
2026-09-24 14:20:01.933,CRUDEOIL,CE,9450.0,CRUDEOIL15OCT269450CE,350.0,200,BUY_AGGRESSOR,68300,23400
2026-09-24 14:20:01.933,CRUDEOIL,CE,9500.0,CRUDEOIL15OCT269500CE,334.9,500,BUY_AGGRESSOR,1180300,565800
2026-09-24 14:20:01.933,CRUDEOIL,PE,9500.0,CRUDEOIL15OCT269500PE,761.0,300,SELL_AGGRESSOR,64100,99300
2026-09-24 14:20:01.933,CRUDEOIL,CE,9700.0,CRUDEOIL15OCT269700CE,275.3,100,BUY_AGGRESSOR,366900,36900
2026-09-24 14:20:01.933,CRUDEOILM,FUT,0.0,CRUDEOILM19OCT26FUT,9068.0,210,BUY_AGGRESSOR,484190,412980
2026-09-24 14:20:01.933,CRUDEOILM,CE,9500.0,CRUDEOILM15OCT269500CE,338.95,250,BUY_AGGRESSOR,139140,75670
2026-09-24 14:20:01.933,CRUDEOILM,CE,9700.0,CRUDEOILM15OCT269700CE,279.9,10,BUY_AGGRESSOR,49420,10140
2026-09-24 14:20:01.933,CRUDEOILM,CE,9850.0,CRUDEOILM15OCT269850CE,240.2,10,BUY_AGGRESSOR,13050,3330
2026-09-24 14:20:05.553,CRUDEOIL,FUT,0.0,CRUDEOIL19OCT26FUT,9070.0,500,BUY_AGGRESSOR,1719300,1278200
2026-09-24 14:20:05.553,CRUDEOIL,CE,9400.0,CRUDEOIL15OCT269400CE,368.5,100,SELL_AGGRESSOR,321000,83300
2026-09-24 14:20:05.553,CRUDEOIL,CE,9500.0,CRUDEOIL15OCT269500CE,334.9,100,BUY_AGGRESSOR,1180400,565800
2026-09-24 14:20:05.553,CRUDEOIL,CE,9700.0,CRUDEOIL15OCT269700CE,275.3,100,SELL_AGGRESSOR,367000,36800
2026-09-24 14:20:05.553,CRUDEOIL,CE,9750.0,CRUDEOIL15OCT269750CE,263.0,100,BUY_AGGRESSOR,49600,13100
2026-09-24 14:20:05.553,CRUDEOILM,FUT,0.0,CRUDEOILM19OCT26FUT,9070.0,190,BUY_AGGRESSOR,484380,412970
2026-09-24 14:20:05.553,CRUDEOILM,CE,9500.0,CRUDEOILM15OCT269500CE,339.7,10,BUY_AGGRESSOR,139150,75680
2026-09-24 14:20:05.553,CRUDEOILM,CE,9750.0,CRUDEOILM15OCT269750CE,267.3,20,BUY_AGGRESSOR,11120,3480
2026-09-24 14:20:09.253,CRUDEOIL,FUT,0.0,CRUDEOIL19OCT26FUT,9070.0,1400,BUY_AGGRESSOR,1720700,1278900
2026-09-24 14:20:09.253,CRUDEOIL,CE,9500.0,CRUDEOIL15OCT269500CE,335.0,600,BUY_AGGRESSOR,1181000,565200
2026-09-24 14:20:09.253,CRUDEOIL,PE,9500.0,CRUDEOIL15OCT269500PE,760.0,200,SELL_AGGRESSOR,64300,99200
2026-09-24 14:20:09.253,CRUDEOIL,CE,9650.0,CRUDEOIL15OCT269650CE,291.3,100,BUY_AGGRESSOR,46600,13000
2026-09-24 14:20:09.253,CRUDEOIL,CE,9700.0,CRUDEOIL15OCT269700CE,276.2,200,BUY_AGGRESSOR,367200,36600
2026-09-24 14:20:09.253,CRUDEOILM,FUT,0.0,CRUDEOILM19OCT26FUT,9070.0,80,BUY_AGGRESSOR,484460,412960
2026-09-24 14:20:09.253,CRUDEOILM,PE,9500.0,CRUDEOILM15OCT269500PE,765.0,10,SELL,5460,11260
2026-09-24 14:20:12.850,CRUDEOIL,CE,9400.0,CRUDEOIL15OCT269400CE,369.5,100,SELL_AGGRESSOR,321100,83400
2026-09-24 14:20:12.850,CRUDEOIL,CE,9500.0,CRUDEOIL15OCT269500CE,335.8,400,BUY_AGGRESSOR,1181400,565100
2026-09-24 14:20:12.850,CRUDEOIL,CE,9700.0,CRUDEOIL15OCT269700CE,276.2,200,SELL_AGGRESSOR,367400,36500
2026-09-24 14:20:12.850,CRUDEOILM,FUT,0.0,CRUDEOILM19OCT26FUT,9070.0,120,BUY_AGGRESSOR,484580,412990
2026-09-24 14:20:12.850,CRUDEOILM,CE,9400.0,CRUDEOILM15OCT269400CE,375.05,10,BUY_AGGRESSOR,55780,35940
2026-09-24 14:20:16.495,CRUDEOIL,FUT,0.0,CRUDEOIL19OCT26FUT,9073.0,100,BUY_AGGRESSOR,1720800,1278900
2026-09-24 14:20:16.495,CRUDEOIL,CE,9500.0,CRUDEOIL15OCT269500CE,336.7,200,BUY_AGGRESSOR,1181600,564900
2026-09-24 14:20:16.495,CRUDEOIL,PE,9500.0,CRUDEOIL15OCT269500PE,757.1,100,SELL_AGGRESSOR,64400,99100
2026-09-24 14:20:16.495,CRUDEOIL,CE,9800.0,CRUDEOIL15OCT269800CE,252.0,400,BUY_AGGRESSOR,247600,100300
2026-09-24 14:20:16.495,CRUDEOILM,FUT,0.0,CRUDEOILM19OCT26FUT,9074.0,100,BUY_AGGRESSOR,484680,413020
2026-09-24 14:20:16.495,CRUDEOILM,CE,9400.0,CRUDEOILM15OCT269400CE,375.6,10,BUY_AGGRESSOR,55790,35940
2026-09-24 14:20:20.173,CRUDEOIL,FUT,0.0,CRUDEOIL19OCT26FUT,9076.0,3800,BUY_AGGRESSOR,1724600,1281400
2026-09-24 14:20:20.173,CRUDEOIL,CE,9500.0,CRUDEOIL15OCT269500CE,337.6,200,BUY_AGGRESSOR,1181800,565000
2026-09-24 14:20:20.173,CRUDEOILM,FUT,0.0,CRUDEOILM19OCT26FUT,9073.0,220,SELL,484900,412970
2026-09-24 14:20:20.173,CRUDEOILM,PE,9350.0,CRUDEOILM15OCT269350PE,668.0,10,SELL_AGGRESSOR,2320,2610
2026-09-24 14:20:20.173,CRUDEOILM,CE,9400.0,CRUDEOILM15OCT269400CE,376.5,40,BUY_AGGRESSOR,55830,35940
2026-09-24 14:20:20.173,CRUDEOILM,CE,9450.0,CRUDEOILM15OCT269450CE,360.0,10,BUY_AGGRESSOR,32040,14420
2026-09-24 14:20:20.173,CRUDEOILM,CE,9500.0,CRUDEOILM15OCT269500CE,342.5,100,BUY_AGGRESSOR,139250,75740
2026-09-24 14:20:23.707,CRUDEOIL,CE,9400.0,CRUDEOIL15OCT269400CE,372.0,200,BUY_AGGRESSOR,321300,83400
2026-09-24 14:20:23.707,CRUDEOIL,CE,9500.0,CRUDEOIL15OCT269500CE,337.0,500,SELL,1182300,564900
2026-09-24 14:20:23.707,CRUDEOIL,CE,9800.0,CRUDEOIL15OCT269800CE,251.8,400,SELL_AGGRESSOR,248000,99900
2026-09-24 14:20:23.707,CRUDEOILM,FUT,0.0,CRUDEOILM19OCT26FUT,9075.0,10,BUY,484910,412980
2026-09-24 14:20:27.374,CRUDEOIL,CE,9500.0,CRUDEOIL15OCT269500CE,336.8,200,SELL_AGGRESSOR,1182500,564900
2026-09-24 14:20:27.374,CRUDEOIL,CE,9900.0,CRUDEOIL15OCT269900CE,228.3,100,SELL_AGGRESSOR,188100,35800
2026-09-24 14:20:27.374,CRUDEOILM,FUT,0.0,CRUDEOILM19OCT26FUT,9073.0,140,SELL_AGGRESSOR,485050,412990
2026-09-24 14:20:27.374,CRUDEOILM,CE,9400.0,CRUDEOILM15OCT269400CE,377.45,110,BUY_AGGRESSOR,55940,35940
2026-09-24 14:20:27.374,CRUDEOILM,PE,9450.0,CRUDEOILM15OCT269450PE,731.55,20,SELL_AGGRESSOR,2460,1360
2026-09-24 14:20:27.374,CRUDEOILM,CE,9500.0,CRUDEOILM15OCT269500CE,342.5,100,BUY_AGGRESSOR,139350,75740
2026-09-24 14:20:27.374,CRUDEOILM,CE,9750.0,CRUDEOILM15OCT269750CE,268.65,30,BUY,11150,3480
2026-09-24 14:20:30.927,CRUDEOIL,FUT,0.0,CRUDEOIL19OCT26FUT,9076.0,100,BUY_AGGRESSOR,1724700,1281400
2026-09-24 14:20:30.927,CRUDEOIL,CE,9500.0,CRUDEOIL15OCT269500CE,338.1,100,BUY_AGGRESSOR,1182600,564900
2026-09-24 14:20:30.927,CRUDEOIL,CE,9750.0,CRUDEOIL15OCT269750CE,265.6,100,BUY_AGGRESSOR,49700,13100
2026-09-24 14:20:30.927,CRUDEOILM,FUT,0.0,CRUDEOILM19OCT26FUT,9075.0,130,BUY,485180,413100
2026-09-24 14:20:30.927,CRUDEOILM,PE,9400.0,CRUDEOILM15OCT269400PE,701.85,10,BUY_AGGRESSOR,1860,2160
2026-09-24 14:20:30.927,CRUDEOILM,CE,9500.0,CRUDEOILM15OCT269500CE,343.0,50,BUY_AGGRESSOR,139400,75740
2026-09-24 14:20:34.459,CRUDEOIL,FUT,0.0,CRUDEOIL19OCT26FUT,9078.0,400,BUY_AGGRESSOR,1725100,1281500
2026-09-24 14:20:34.459,CRUDEOIL,CE,9500.0,CRUDEOIL15OCT269500CE,338.4,600,BUY_AGGRESSOR,1183200,565400
2026-09-24 14:20:34.459,CRUDEOIL,PE,9500.0,CRUDEOIL15OCT269500PE,757.1,100,INSIDE,64500,99100
2026-09-24 14:20:34.459,CRUDEOIL,CE,9800.0,CRUDEOIL15OCT269800CE,251.8,100,SELL_AGGRESSOR,248100,99900
2026-09-24 14:20:34.459,CRUDEOIL,CE,9900.0,CRUDEOIL15OCT269900CE,228.0,100,SELL_AGGRESSOR,188200,35800
2026-09-24 14:20:34.459,CRUDEOILM,FUT,0.0,CRUDEOILM19OCT26FUT,9072.0,70,SELL_AGGRESSOR,485250,413050
2026-09-24 14:20:34.459,CRUDEOILM,CE,9450.0,CRUDEOILM15OCT269450CE,359.75,10,SELL_AGGRESSOR,32050,14410
2026-09-24 14:20:34.459,CRUDEOILM,CE,9500.0,CRUDEOILM15OCT269500CE,343.0,10,INSIDE,139410,75740
2026-09-24 14:20:34.459,CRUDEOILM,CE,9750.0,CRUDEOILM15OCT269750CE,269.9,10,BUY_AGGRESSOR,11160,3480
2026-09-24 14:20:38.079,CRUDEOIL,FUT,0.0,CRUDEOIL19OCT26FUT,9074.0,700,SELL,1725800,1281000
2026-09-24 14:20:38.079,CRUDEOIL,CE,9400.0,CRUDEOIL15OCT269400CE,371.0,100,SELL_AGGRESSOR,321400,83400
2026-09-24 14:20:38.079,CRUDEOIL,CE,9500.0,CRUDEOIL15OCT269500CE,336.9,600,SELL_AGGRESSOR,1183800,566000
2026-09-24 14:20:38.079,CRUDEOIL,CE,9650.0,CRUDEOIL15OCT269650CE,291.3,100,SELL_AGGRESSOR,46700,13000
2026-09-24 14:20:38.079,CRUDEOIL,CE,9900.0,CRUDEOIL15OCT269900CE,227.8,100,SELL,188300,35900
2026-09-24 14:20:38.079,CRUDEOILM,PE,9350.0,CRUDEOILM15OCT269350PE,670.3,40,SELL_AGGRESSOR,2360,2630
2026-09-24 14:20:41.602,CRUDEOIL,FUT,0.0,CRUDEOIL19OCT26FUT,9074.0,100,BUY_AGGRESSOR,1725900,1281100
2026-09-24 14:20:41.602,CRUDEOIL,CE,9600.0,CRUDEOIL15OCT269600CE,306.0,100,BUY_AGGRESSOR,216300,63500
2026-09-24 14:20:41.602,CRUDEOILM,FUT,0.0,CRUDEOILM19OCT26FUT,9072.0,260,INSIDE,485510,412960
2026-09-24 14:20:41.602,CRUDEOILM,CE,9500.0,CRUDEOILM15OCT269500CE,342.65,10,BUY_AGGRESSOR,139420,75750
2026-09-24 14:20:45.199,CRUDEOIL,FUT,0.0,CRUDEOIL19OCT26FUT,9075.0,100,BUY_AGGRESSOR,1726000,1281200
2026-09-24 14:20:45.199,CRUDEOIL,CE,9350.0,CRUDEOIL15OCT269350CE,391.1,100,BUY_AGGRESSOR,87500,23700
2026-09-24 14:20:45.199,CRUDEOIL,CE,9500.0,CRUDEOIL15OCT269500CE,337.3,200,BUY_AGGRESSOR,1184000,565800
2026-09-24 14:20:45.199,CRUDEOIL,PE,9500.0,CRUDEOIL15OCT269500PE,757.0,100,SELL,64600,99000
2026-09-24 14:20:45.199,CRUDEOIL,CE,9700.0,CRUDEOIL15OCT269700CE,278.6,200,BUY,367600,36700
2026-09-24 14:20:45.199,CRUDEOILM,FUT,0.0,CRUDEOILM19OCT26FUT,9078.0,20,BUY_AGGRESSOR,485530,412990
2026-09-24 14:20:48.716,CRUDEOIL,FUT,0.0,CRUDEOIL19OCT26FUT,9078.0,400,BUY_AGGRESSOR,1726400,1281400
2026-09-24 14:20:48.716,CRUDEOIL,CE,9350.0,CRUDEOIL15OCT269350CE,391.1,500,BUY_AGGRESSOR,88000,24200
2026-09-24 14:20:48.716,CRUDEOIL,CE,9400.0,CRUDEOIL15OCT269400CE,371.2,200,BUY,321600,83400
2026-09-24 14:20:48.716,CRUDEOIL,CE,9500.0,CRUDEOIL15OCT269500CE,339.0,200,BUY_AGGRESSOR,1184200,565800
2026-09-24 14:20:48.716,CRUDEOILM,FUT,0.0,CRUDEOILM19OCT26FUT,9073.0,80,SELL_AGGRESSOR,485610,412980
2026-09-24 14:20:48.716,CRUDEOILM,CE,9600.0,CRUDEOILM15OCT269600CE,312.3,10,BUY_AGGRESSOR,57730,13840
2026-09-24 14:20:48.716,CRUDEOILM,CE,9700.0,CRUDEOILM15OCT269700CE,283.6,10,BUY_AGGRESSOR,49430,10140
2026-09-24 14:20:52.319,CRUDEOIL,FUT,0.0,CRUDEOIL19OCT26FUT,9075.0,100,SELL_AGGRESSOR,1726500,1281400
2026-09-24 14:20:52.319,CRUDEOIL,CE,9500.0,CRUDEOIL15OCT269500CE,337.6,100,SELL_AGGRESSOR,1184300,565700
2026-09-24 14:20:52.319,CRUDEOIL,CE,9600.0,CRUDEOIL15OCT269600CE,306.3,100,BUY,216400,63500
2026-09-24 14:20:52.319,CRUDEOIL,CE,9700.0,CRUDEOIL15OCT269700CE,278.5,200,SELL,367800,36700
2026-09-24 14:20:52.319,CRUDEOILM,FUT,0.0,CRUDEOILM19OCT26FUT,9078.0,220,BUY_AGGRESSOR,485830,412940
2026-09-24 14:20:52.319,CRUDEOILM,CE,9750.0,CRUDEOILM15OCT269750CE,267.9,10,SELL,11170,3480
2026-09-24 14:20:55.966,CRUDEOIL,FUT,0.0,CRUDEOIL19OCT26FUT,9078.0,200,BUY_AGGRESSOR,1726700,1281500
2026-09-24 14:20:55.966,CRUDEOIL,CE,9500.0,CRUDEOIL15OCT269500CE,339.1,200,BUY_AGGRESSOR,1184500,565900
2026-09-24 14:20:55.966,CRUDEOIL,CE,9700.0,CRUDEOIL15OCT269700CE,279.4,100,BUY,367900,36700
2026-09-24 14:20:55.966,CRUDEOILM,FUT,0.0,CRUDEOILM19OCT26FUT,9075.0,80,SELL_AGGRESSOR,485910,412890
2026-09-24 14:20:55.966,CRUDEOILM,CE,9400.0,CRUDEOILM15OCT269400CE,376.8,200,SELL_AGGRESSOR,56140,35930
2026-09-24 14:20:55.966,CRUDEOILM,CE,9650.0,CRUDEOILM15OCT269650CE,297.6,60,BUY_AGGRESSOR,14430,2780
2026-09-24 14:20:59.515,CRUDEOIL,FUT,0.0,CRUDEOIL19OCT26FUT,9077.0,100,BUY_AGGRESSOR,1726800,1281500
2026-09-24 14:20:59.515,CRUDEOIL,CE,9500.0,CRUDEOIL15OCT269500CE,338.9,100,BUY_AGGRESSOR,1184600,566000
2026-09-24 14:20:59.515,CRUDEOIL,CE,9550.0,CRUDEOIL15OCT269550CE,322.0,100,SELL_AGGRESSOR,67400,15700
2026-09-24 14:20:59.515,CRUDEOIL,CE,9700.0,CRUDEOIL15OCT269700CE,279.2,100,BUY_AGGRESSOR,368000,36700
2026-09-24 14:20:59.515,CRUDEOILM,FUT,0.0,CRUDEOILM19OCT26FUT,9076.0,30,BUY_AGGRESSOR,485940,412920
2026-09-24 14:20:59.515,CRUDEOILM,CE,9900.0,CRUDEOILM15OCT269900CE,232.15,20,BUY_AGGRESSOR,171810,30030
2026-09-24 14:20:59.515,CRUDEOILM,CE,9950.0,CRUDEOILM15OCT269950CE,221.7,60,BUY_AGGRESSOR,6460,3000
2026-09-24 14:21:03.190,CRUDEOIL,FUT,0.0,CRUDEOIL19OCT26FUT,9079.0,200,BUY_AGGRESSOR,1727000,1281500
2026-09-24 14:21:03.190,CRUDEOIL,PE,9500.0,CRUDEOIL15OCT269500PE,754.8,800,SELL_AGGRESSOR,65400,98500
2026-09-24 14:21:03.190,CRUDEOIL,CE,9750.0,CRUDEOIL15OCT269750CE,265.6,100,INSIDE,49800,13100
2026-09-24 14:21:03.190,CRUDEOIL,CE,9900.0,CRUDEOIL15OCT269900CE,230.0,100,BUY_AGGRESSOR,188400,35900
2026-09-24 14:21:03.190,CRUDEOILM,FUT,0.0,CRUDEOILM19OCT26FUT,9078.0,40,BUY_AGGRESSOR,485980,412910
2026-09-24 14:21:03.190,CRUDEOILM,CE,9400.0,CRUDEOILM15OCT269400CE,376.95,10,BUY,56150,35930
2026-09-24 14:21:03.190,CRUDEOILM,PE,9500.0,CRUDEOILM15OCT269500PE,760.7,10,SELL_AGGRESSOR,5470,11260
2026-09-24 14:21:06.730,CRUDEOIL,FUT,0.0,CRUDEOIL19OCT26FUT,9078.0,200,BUY_AGGRESSOR,1727200,1281500
2026-09-24 14:21:06.730,CRUDEOIL,CE,9500.0,CRUDEOIL15OCT269500CE,339.0,300,SELL_AGGRESSOR,1184900,566000
2026-09-24 14:21:06.730,CRUDEOILM,FUT,0.0,CRUDEOILM19OCT26FUT,9075.0,10,SELL,485990,412920
2026-09-24 14:21:06.730,CRUDEOILM,CE,9500.0,CRUDEOILM15OCT269500CE,344.4,10,BUY_AGGRESSOR,139430,75760
2026-09-24 14:21:06.730,CRUDEOILM,CE,9600.0,CRUDEOILM15OCT269600CE,312.4,10,BUY,57740,13840
2026-09-24 14:21:06.730,CRUDEOILM,CE,9800.0,CRUDEOILM15OCT269800CE,256.25,10,BUY,88130,33960
2026-09-24 14:21:10.316,CRUDEOIL,CE,9500.0,CRUDEOIL15OCT269500CE,338.9,100,SELL_AGGRESSOR,1185000,566100
2026-09-24 14:21:10.316,CRUDEOILM,CE,9500.0,CRUDEOILM15OCT269500CE,343.9,110,SELL,139540,75750
2026-09-24 14:21:10.316,CRUDEOILM,CE,9950.0,CRUDEOILM15OCT269950CE,221.8,90,BUY_AGGRESSOR,6550,3110
2026-09-24 14:21:13.915,CRUDEOIL,FUT,0.0,CRUDEOIL19OCT26FUT,9079.0,1100,BUY_AGGRESSOR,1728300,1282000
2026-09-24 14:21:13.915,CRUDEOIL,CE,9500.0,CRUDEOIL15OCT269500CE,339.1,500,BUY_AGGRESSOR,1185500,566500
2026-09-24 14:21:13.915,CRUDEOIL,CE,9800.0,CRUDEOIL15OCT269800CE,253.3,200,BUY,248300,99900
2026-09-24 14:21:13.915,CRUDEOILM,FUT,0.0,CRUDEOILM19OCT26FUT,9076.0,80,BUY,486070,412960
2026-09-24 14:21:13.915,CRUDEOILM,CE,9500.0,CRUDEOILM15OCT269500CE,343.7,100,SELL,139640,75710
2026-09-24 14:21:17.452,CRUDEOIL,FUT,0.0,CRUDEOIL19OCT26FUT,9077.0,200,BUY_AGGRESSOR,1728500,1282000
2026-09-24 14:21:17.452,CRUDEOIL,CE,9500.0,CRUDEOIL15OCT269500CE,337.6,200,SELL_AGGRESSOR,1185700,566500
2026-09-24 14:21:17.452,CRUDEOILM,CE,9450.0,CRUDEOILM15OCT269450CE,360.3,10,BUY,32060,14410
2026-09-24 14:21:17.452,CRUDEOILM,CE,9500.0,CRUDEOILM15OCT269500CE,342.6,140,SELL_AGGRESSOR,139780,75690
2026-09-24 14:21:21.105,CRUDEOIL,FUT,0.0,CRUDEOIL19OCT26FUT,9077.0,100,BUY_AGGRESSOR,1728600,1282000
2026-09-24 14:21:21.105,CRUDEOIL,CE,9400.0,CRUDEOIL15OCT269400CE,372.6,200,BUY_AGGRESSOR,321800,83600
2026-09-24 14:21:21.105,CRUDEOIL,CE,9500.0,CRUDEOIL15OCT269500CE,338.0,100,BUY_AGGRESSOR,1185800,566400
2026-09-24 14:21:21.105,CRUDEOIL,CE,9600.0,CRUDEOIL15OCT269600CE,307.0,300,BUY_AGGRESSOR,216700,63500
2026-09-24 14:21:21.105,CRUDEOIL,CE,9750.0,CRUDEOIL15OCT269750CE,265.8,100,BUY_AGGRESSOR,49900,13100
2026-09-24 14:21:21.105,CRUDEOILM,FUT,0.0,CRUDEOILM19OCT26FUT,9076.0,20,BUY_AGGRESSOR,486090,412980
2026-09-24 14:21:24.682,CRUDEOIL,CE,9400.0,CRUDEOIL15OCT269400CE,372.6,100,INSIDE,321900,83600
2026-09-24 14:21:24.682,CRUDEOILM,FUT,0.0,CRUDEOILM19OCT26FUT,9075.0,70,BUY_AGGRESSOR,486160,413010
2026-09-24 14:21:24.682,CRUDEOILM,CE,9400.0,CRUDEOILM15OCT269400CE,376.95,50,SELL_AGGRESSOR,56200,35930
2026-09-24 14:21:24.682,CRUDEOILM,CE,9900.0,CRUDEOILM15OCT269900CE,232.1,10,SELL,171820,30030
2026-09-24 14:21:29.356,CRUDEOIL,CE,9400.0,CRUDEOIL15OCT269400CE,371.2,500,SELL_AGGRESSOR,322400,83600
2026-09-24 14:21:29.356,CRUDEOIL,CE,9500.0,CRUDEOIL15OCT269500CE,336.7,500,SELL_AGGRESSOR,1186300,566400
2026-09-24 14:21:29.356,CRUDEOIL,CE,9600.0,CRUDEOIL15OCT269600CE,306.0,100,SELL_AGGRESSOR,216800,63500
2026-09-24 14:21:29.356,CRUDEOIL,CE,9700.0,CRUDEOIL15OCT269700CE,277.8,200,SELL_AGGRESSOR,368200,36600
2026-09-24 14:21:29.356,CRUDEOIL,CE,9800.0,CRUDEOIL15OCT269800CE,253.3,100,INSIDE,248400,99900
2026-09-24 14:21:29.356,CRUDEOILM,FUT,0.0,CRUDEOILM19OCT26FUT,9070.0,240,SELL_AGGRESSOR,486400,412940
2026-09-24 14:21:29.356,CRUDEOILM,CE,9500.0,CRUDEOILM15OCT269500CE,343.45,350,BUY_AGGRESSOR,140130,75700
2026-09-24 14:21:29.356,CRUDEOILM,CE,9650.0,CRUDEOILM15OCT269650CE,295.05,30,SELL,14460,2750
2026-09-24 14:21:29.356,CRUDEOILM,CE,9700.0,CRUDEOILM15OCT269700CE,283.0,80,SELL_AGGRESSOR,49510,10060
2026-09-24 14:21:32.850,CRUDEOIL,CE,9500.0,CRUDEOIL15OCT269500CE,337.2,300,BUY_AGGRESSOR,1186600,566500
2026-09-24 14:21:32.850,CRUDEOIL,CE,9550.0,CRUDEOIL15OCT269550CE,322.4,100,BUY_AGGRESSOR,67500,15700
2026-09-24 14:21:32.850,CRUDEOIL,CE,9900.0,CRUDEOIL15OCT269900CE,227.8,100,SELL_AGGRESSOR,188500,35900
2026-09-24 14:21:32.850,CRUDEOILM,FUT,0.0,CRUDEOILM19OCT26FUT,9068.0,80,SELL_AGGRESSOR,486480,412940
2026-09-24 14:21:32.850,CRUDEOILM,CE,9500.0,CRUDEOILM15OCT269500CE,342.3,100,SELL,140230,75540
2026-09-24 14:21:32.850,CRUDEOILM,CE,9750.0,CRUDEOILM15OCT269750CE,268.7,100,BUY_AGGRESSOR,11270,3480
2026-09-24 14:21:36.410,CRUDEOIL,FUT,0.0,CRUDEOIL19OCT26FUT,9071.0,100,SELL_AGGRESSOR,1728700,1282000
2026-09-24 14:21:36.410,CRUDEOIL,CE,9500.0,CRUDEOIL15OCT269500CE,336.6,600,SELL,1187200,566600
2026-09-24 14:21:36.410,CRUDEOIL,CE,9550.0,CRUDEOIL15OCT269550CE,322.0,100,SELL,67600,15700
2026-09-24 14:21:36.410,CRUDEOIL,CE,9800.0,CRUDEOIL15OCT269800CE,250.5,100,SELL_AGGRESSOR,248500,99900
2026-09-24 14:21:36.410,CRUDEOILM,FUT,0.0,CRUDEOILM19OCT26FUT,9070.0,10,BUY_AGGRESSOR,486490,412940
2026-09-24 14:21:36.410,CRUDEOILM,CE,9400.0,CRUDEOILM15OCT269400CE,374.8,10,SELL_AGGRESSOR,56210,35920
2026-09-24 14:21:36.410,CRUDEOILM,CE,9500.0,CRUDEOILM15OCT269500CE,341.55,110,SELL,140340,75520
2026-09-24 14:21:36.410,CRUDEOILM,PE,9500.0,CRUDEOILM15OCT269500PE,765.0,10,BUY_AGGRESSOR,5480,11260
2026-09-24 14:21:36.410,CRUDEOILM,CE,9650.0,CRUDEOILM15OCT269650CE,294.2,10,SELL_AGGRESSOR,14470,2740
2026-09-24 14:21:36.410,CRUDEOILM,CE,9700.0,CRUDEOILM15OCT269700CE,282.0,10,SELL_AGGRESSOR,49520,10060
2026-09-24 14:21:36.410,CRUDEOILM,CE,9900.0,CRUDEOILM15OCT269900CE,229.4,70,SELL_AGGRESSOR,171890,30010
2026-09-24 14:21:40.012,CRUDEOIL,FUT,0.0,CRUDEOIL19OCT26FUT,9072.0,100,BUY_AGGRESSOR,1728800,1282000
2026-09-24 14:21:40.012,CRUDEOIL,CE,9500.0,CRUDEOIL15OCT269500CE,336.7,300,BUY,1187500,566300
2026-09-24 14:21:40.012,CRUDEOIL,CE,9800.0,CRUDEOIL15OCT269800CE,253.1,100,BUY_AGGRESSOR,248600,99900
2026-09-24 14:21:40.012,CRUDEOILM,CE,9500.0,CRUDEOILM15OCT269500CE,343.0,400,BUY_AGGRESSOR,140740,75240
2026-09-24 14:21:40.012,CRUDEOILM,CE,9600.0,CRUDEOILM15OCT269600CE,311.8,20,BUY_AGGRESSOR,57760,13850
2026-09-24 14:21:40.012,CRUDEOILM,CE,9650.0,CRUDEOILM15OCT269650CE,294.25,10,BUY_AGGRESSOR,14480,2740
2026-09-24 14:21:43.617,CRUDEOIL,CE,9350.0,CRUDEOIL15OCT269350CE,389.8,200,SELL,88200,24000
2026-09-24 14:21:43.617,CRUDEOIL,CE,9500.0,CRUDEOIL15OCT269500CE,337.0,300,SELL_AGGRESSOR,1187800,566300
2026-09-24 14:21:43.617,CRUDEOILM,FUT,0.0,CRUDEOILM19OCT26FUT,9071.0,20,SELL_AGGRESSOR,486510,412940
2026-09-24 14:21:43.617,CRUDEOILM,CE,9350.0,CRUDEOILM15OCT269350CE,394.85,40,BUY,27690,18190
2026-09-24 14:21:43.617,CRUDEOILM,CE,9700.0,CRUDEOILM15OCT269700CE,282.3,10,BUY,49530,10060
2026-09-24 14:21:43.617,CRUDEOILM,CE,9800.0,CRUDEOILM15OCT269800CE,255.3,20,SELL,88150,33940
2026-09-24 14:21:43.617,CRUDEOILM,CE,9850.0,CRUDEOILM15OCT269850CE,242.4,10,SELL_AGGRESSOR,13060,3330
2026-09-24 14:21:43.617,CRUDEOILM,CE,9900.0,CRUDEOILM15OCT269900CE,231.0,20,BUY,171910,30000
2026-09-24 14:21:47.241,CRUDEOIL,CE,9550.0,CRUDEOIL15OCT269550CE,322.2,100,BUY_AGGRESSOR,67700,15700
2026-09-24 14:21:47.241,CRUDEOIL,CE,9600.0,CRUDEOIL15OCT269600CE,304.9,100,SELL,216900,63500
2026-09-24 14:21:47.241,CRUDEOIL,CE,9700.0,CRUDEOIL15OCT269700CE,276.8,100,SELL_AGGRESSOR,368300,36600
2026-09-24 14:21:47.241,CRUDEOIL,CE,9750.0,CRUDEOIL15OCT269750CE,265.0,100,BUY_AGGRESSOR,50000,13100
2026-09-24 14:21:47.241,CRUDEOILM,FUT,0.0,CRUDEOILM19OCT26FUT,9070.0,30,SELL_AGGRESSOR,486540,412920
2026-09-24 14:21:47.241,CRUDEOILM,CE,9600.0,CRUDEOILM15OCT269600CE,311.4,50,BUY_AGGRESSOR,57810,13870
2026-09-24 14:21:50.917,CRUDEOILM,FUT,0.0,CRUDEOILM19OCT26FUT,9071.0,50,BUY_AGGRESSOR,486590,412940
2026-09-24 14:21:50.917,CRUDEOILM,CE,9500.0,CRUDEOILM15OCT269500CE,342.1,30,SELL,140770,75230
2026-09-24 14:21:54.525,CRUDEOIL,PE,9500.0,CRUDEOIL15OCT269500PE,758.4,100,BUY,65500,98300
2026-09-24 14:21:54.525,CRUDEOILM,CE,9500.0,CRUDEOILM15OCT269500CE,342.35,10,BUY_AGGRESSOR,140780,75230
2026-09-24 14:21:54.525,CRUDEOILM,CE,9600.0,CRUDEOILM15OCT269600CE,311.35,30,BUY_AGGRESSOR,57840,13850
2026-09-24 14:21:58.238,CRUDEOIL,FUT,0.0,CRUDEOIL19OCT26FUT,9071.0,200,SELL_AGGRESSOR,1729000,1281900
2026-09-24 14:21:58.238,CRUDEOILM,FUT,0.0,CRUDEOILM19OCT26FUT,9070.0,10,SELL,486600,412940
2026-09-24 14:21:58.238,CRUDEOILM,CE,9650.0,CRUDEOILM15OCT269650CE,294.5,20,BUY,14500,2720
2026-09-24 14:21:58.238,CRUDEOILM,CE,9800.0,CRUDEOILM15OCT269800CE,255.3,10,BUY_AGGRESSOR,88160,33930
2026-09-24 14:22:01.877,CRUDEOIL,CE,9500.0,CRUDEOIL15OCT269500CE,336.4,100,BUY_AGGRESSOR,1187900,566600
2026-09-24 14:22:01.877,CRUDEOILM,FUT,0.0,CRUDEOILM19OCT26FUT,9069.0,70,SELL_AGGRESSOR,486670,412990
2026-09-24 14:22:01.877,CRUDEOILM,CE,9500.0,CRUDEOILM15OCT269500CE,342.35,130,INSIDE,140910,75230
2026-09-24 14:22:05.474,CRUDEOIL,CE,9500.0,CRUDEOIL15OCT269500CE,336.4,100,BUY_AGGRESSOR,1188000,566600
2026-09-24 14:22:05.474,CRUDEOILM,CE,9800.0,CRUDEOILM15OCT269800CE,255.55,10,BUY_AGGRESSOR,88170,33930
2026-09-24 14:22:09.161,CRUDEOIL,FUT,0.0,CRUDEOIL19OCT26FUT,9071.0,300,BUY_AGGRESSOR,1729300,1282200
2026-09-24 14:22:09.161,CRUDEOIL,CE,9500.0,CRUDEOIL15OCT269500CE,337.0,200,BUY_AGGRESSOR,1188200,566600
2026-09-24 14:22:09.161,CRUDEOIL,CE,9800.0,CRUDEOIL15OCT269800CE,253.0,200,BUY_AGGRESSOR,248800,99700
2026-09-24 14:22:09.161,CRUDEOILM,FUT,0.0,CRUDEOILM19OCT26FUT,9071.0,30,BUY_AGGRESSOR,486700,412990
2026-09-24 14:22:09.161,CRUDEOILM,CE,9500.0,CRUDEOILM15OCT269500CE,342.8,20,BUY_AGGRESSOR,140930,75230
2026-09-24 14:22:09.161,CRUDEOILM,CE,9600.0,CRUDEOILM15OCT269600CE,311.35,30,BUY_AGGRESSOR,57870,13850
2026-09-24 14:22:12.725,CRUDEOIL,FUT,0.0,CRUDEOIL19OCT26FUT,9072.0,100,BUY_AGGRESSOR,1729400,1282300
2026-09-24 14:22:12.725,CRUDEOIL,CE,9450.0,CRUDEOIL15OCT269450CE,354.6,100,BUY,68400,23400
2026-09-24 14:22:12.725,CRUDEOIL,CE,9500.0,CRUDEOIL15OCT269500CE,338.0,400,BUY_AGGRESSOR,1188600,566000
2026-09-24 14:22:12.725,CRUDEOILM,FUT,0.0,CRUDEOILM19OCT26FUT,9072.0,20,SELL_AGGRESSOR,486720,413020
2026-09-24 14:22:16.447,CRUDEOIL,CE,9500.0,CRUDEOIL15OCT269500CE,338.6,200,BUY_AGGRESSOR,1188800,566000
2026-09-24 14:22:16.447,CRUDEOIL,CE,9800.0,CRUDEOIL15OCT269800CE,253.9,100,BUY_AGGRESSOR,248900,99700
2026-09-24 14:22:16.447,CRUDEOILM,CE,9500.0,CRUDEOILM15OCT269500CE,343.4,10,SELL_AGGRESSOR,140940,75200
2026-09-24 14:22:20.017,CRUDEOIL,FUT,0.0,CRUDEOIL19OCT26FUT,9076.0,400,BUY_AGGRESSOR,1729800,1282400
2026-09-24 14:22:20.017,CRUDEOILM,FUT,0.0,CRUDEOILM19OCT26FUT,9072.0,70,INSIDE,486790,413050
2026-09-24 14:22:20.017,CRUDEOILM,CE,9350.0,CRUDEOILM15OCT269350CE,396.6,20,BUY,27710,18210
2026-09-24 14:22:23.628,CRUDEOIL,CE,9400.0,CRUDEOIL15OCT269400CE,371.1,100,SELL_AGGRESSOR,322500,83600
2026-09-24 14:22:23.628,CRUDEOIL,CE,9500.0,CRUDEOIL15OCT269500CE,338.5,100,BUY_AGGRESSOR,1188900,566100
2026-09-24 14:22:23.628,CRUDEOILM,FUT,0.0,CRUDEOILM19OCT26FUT,9073.0,10,BUY,486800,413060
2026-09-24 14:22:23.628,CRUDEOILM,CE,9500.0,CRUDEOILM15OCT269500CE,344.6,220,BUY_AGGRESSOR,141160,75000
2026-09-24 14:22:23.628,CRUDEOILM,PE,9500.0,CRUDEOILM15OCT269500PE,764.55,10,SELL,5490,11260
2026-09-24 14:22:23.628,CRUDEOILM,CE,9550.0,CRUDEOILM15OCT269550CE,327.0,10,BUY_AGGRESSOR,21670,3790
2026-09-24 14:22:27.194,CRUDEOILM,FUT,0.0,CRUDEOILM19OCT26FUT,9072.0,30,SELL_AGGRESSOR,486830,413070
2026-09-24 14:22:30.786,CRUDEOIL,CE,9400.0,CRUDEOIL15OCT269400CE,371.7,100,BUY,322600,83500
2026-09-24 14:22:30.786,CRUDEOIL,CE,9800.0,CRUDEOIL15OCT269800CE,254.0,1000,BUY_AGGRESSOR,249900,99700
2026-09-24 14:22:30.786,CRUDEOIL,CE,9900.0,CRUDEOIL15OCT269900CE,230.0,100,BUY_AGGRESSOR,188600,35900
2026-09-24 14:22:30.786,CRUDEOILM,FUT,0.0,CRUDEOILM19OCT26FUT,9078.0,300,BUY_AGGRESSOR,487130,413140
2026-09-24 14:22:34.402,CRUDEOIL,CE,9600.0,CRUDEOIL15OCT269600CE,308.0,200,BUY_AGGRESSOR,217100,63500
2026-09-24 14:22:34.402,CRUDEOILM,FUT,0.0,CRUDEOILM19OCT26FUT,9075.0,10,SELL_AGGRESSOR,487140,413200
2026-09-24 14:22:34.402,CRUDEOILM,CE,9350.0,CRUDEOILM15OCT269350CE,398.85,20,BUY,27730,18220
2026-09-24 14:22:34.402,CRUDEOILM,CE,9400.0,CRUDEOILM15OCT269400CE,379.0,10,BUY_AGGRESSOR,56220,35920
2026-09-24 14:22:34.402,CRUDEOILM,CE,9450.0,CRUDEOILM15OCT269450CE,363.6,10,BUY_AGGRESSOR,32070,14410
2026-09-24 14:22:34.402,CRUDEOILM,CE,9500.0,CRUDEOILM15OCT269500CE,343.8,430,SELL_AGGRESSOR,141590,74770
2026-09-24 14:22:34.402,CRUDEOILM,CE,9700.0,CRUDEOILM15OCT269700CE,285.0,30,BUY_AGGRESSOR,49560,10060
2026-09-24 14:22:37.911,CRUDEOIL,FUT,0.0,CRUDEOIL19OCT26FUT,9076.0,100,SELL_AGGRESSOR,1729900,1282400
2026-09-24 14:22:37.911,CRUDEOIL,CE,9400.0,CRUDEOIL15OCT269400CE,371.7,100,SELL_AGGRESSOR,322700,83500
2026-09-24 14:22:37.911,CRUDEOIL,CE,9600.0,CRUDEOIL15OCT269600CE,308.0,100,INSIDE,217200,63500
2026-09-24 14:22:37.911,CRUDEOIL,CE,9800.0,CRUDEOIL15OCT269800CE,252.9,100,SELL_AGGRESSOR,250000,99700
2026-09-24 14:22:37.911,CRUDEOILM,FUT,0.0,CRUDEOILM19OCT26FUT,9074.0,30,SELL_AGGRESSOR,487170,413200
2026-09-24 14:22:37.911,CRUDEOILM,CE,9400.0,CRUDEOILM15OCT269400CE,376.25,50,SELL_AGGRESSOR,56270,35920
2026-09-24 14:22:37.911,CRUDEOILM,PE,9400.0,CRUDEOILM15OCT269400PE,697.7,10,SELL,1870,2150
2026-09-24 14:22:37.911,CRUDEOILM,CE,9800.0,CRUDEOILM15OCT269800CE,256.7,10,SELL_AGGRESSOR,88180,33920
2026-09-24 14:22:41.594,CRUDEOIL,FUT,0.0,CRUDEOIL19OCT26FUT,9078.0,300,BUY_AGGRESSOR,1730200,1282500
2026-09-24 14:22:41.594,CRUDEOIL,CE,9500.0,CRUDEOIL15OCT269500CE,338.0,100,SELL,1189000,566100
2026-09-24 14:22:41.594,CRUDEOILM,FUT,0.0,CRUDEOILM19OCT26FUT,9075.0,10,BUY_AGGRESSOR,487180,413190
2026-09-24 14:22:41.594,CRUDEOILM,CE,9600.0,CRUDEOILM15OCT269600CE,313.65,10,BUY_AGGRESSOR,57880,13820
2026-09-24 14:22:45.129,CRUDEOIL,FUT,0.0,CRUDEOIL19OCT26FUT,9078.0,100,BUY_AGGRESSOR,1730300,1282400
2026-09-24 14:22:45.129,CRUDEOIL,CE,9500.0,CRUDEOIL15OCT269500CE,338.0,100,SELL_AGGRESSOR,1189100,566200
2026-09-24 14:22:45.129,CRUDEOILM,FUT,0.0,CRUDEOILM19OCT26FUT,9074.0,20,SELL,487200,413180
2026-09-24 14:22:48.854,CRUDEOIL,CE,9500.0,CRUDEOIL15OCT269500CE,337.1,400,SELL_AGGRESSOR,1189500,565800
2026-09-24 14:22:48.854,CRUDEOIL,CE,9600.0,CRUDEOIL15OCT269600CE,307.0,100,SELL,217300,63500
2026-09-24 14:22:48.854,CRUDEOILM,FUT,0.0,CRUDEOILM19OCT26FUT,9075.0,20,BUY_AGGRESSOR,487220,413180
2026-09-24 14:22:48.854,CRUDEOILM,CE,9600.0,CRUDEOILM15OCT269600CE,313.0,10,BUY_AGGRESSOR,57890,13830
2026-09-24 14:22:52.501,CRUDEOIL,FUT,0.0,CRUDEOIL19OCT26FUT,9074.0,200,SELL_AGGRESSOR,1730500,1282300
2026-09-24 14:22:52.501,CRUDEOILM,FUT,0.0,CRUDEOILM19OCT26FUT,9075.0,20,BUY_AGGRESSOR,487240,413180
2026-09-24 14:22:56.100,CRUDEOILM,CE,9350.0,CRUDEOILM15OCT269350CE,396.25,190,SELL_AGGRESSOR,27920,18220
2026-09-24 14:22:56.100,CRUDEOILM,CE,9600.0,CRUDEOILM15OCT269600CE,313.55,10,BUY_AGGRESSOR,57900,13830
2026-09-24 14:22:59.634,CRUDEOIL,FUT,0.0,CRUDEOIL19OCT26FUT,9077.0,300,BUY_AGGRESSOR,1730800,1282500
2026-09-24 14:22:59.634,CRUDEOIL,CE,9800.0,CRUDEOIL15OCT269800CE,254.2,100,BUY_AGGRESSOR,250100,99700
2026-09-24 14:22:59.634,CRUDEOILM,FUT,0.0,CRUDEOILM19OCT26FUT,9075.0,80,INSIDE,487320,413160
2026-09-24 14:22:59.634,CRUDEOILM,CE,9400.0,CRUDEOILM15OCT269400CE,376.1,690,SELL_AGGRESSOR,56960,35920
2026-09-24 14:23:03.236,CRUDEOIL,CE,9500.0,CRUDEOIL15OCT269500CE,338.3,200,SELL_AGGRESSOR,1189700,565800
2026-09-24 14:23:03.236,CRUDEOIL,CE,9700.0,CRUDEOIL15OCT269700CE,279.7,100,BUY,368400,36700
2026-09-24 14:23:03.236,CRUDEOILM,FUT,0.0,CRUDEOILM19OCT26FUT,9077.0,110,BUY_AGGRESSOR,487430,413130
2026-09-24 14:23:03.236,CRUDEOILM,CE,9500.0,CRUDEOILM15OCT269500CE,345.0,10,BUY,141600,74770
2026-09-24 14:23:03.236,CRUDEOILM,CE,9600.0,CRUDEOILM15OCT269600CE,312.85,10,SELL_AGGRESSOR,57910,13830
2026-09-24 14:23:06.845,CRUDEOIL,CE,9350.0,CRUDEOIL15OCT269350CE,392.0,100,BUY_AGGRESSOR,88300,24000
2026-09-24 14:23:06.845,CRUDEOILM,FUT,0.0,CRUDEOILM19OCT26FUT,9076.0,10,BUY_AGGRESSOR,487440,413130
2026-09-24 14:23:06.845,CRUDEOILM,CE,9500.0,CRUDEOILM15OCT269500CE,343.8,100,SELL_AGGRESSOR,141700,74710
2026-09-24 14:23:10.496,CRUDEOILM,FUT,0.0,CRUDEOILM19OCT26FUT,9073.0,20,SELL_AGGRESSOR,487460,413130
2026-09-24 14:23:14.019,CRUDEOIL,CE,9500.0,CRUDEOIL15OCT269500CE,339.6,200,BUY_AGGRESSOR,1189900,565800
2026-09-24 14:23:14.019,CRUDEOILM,FUT,0.0,CRUDEOILM19OCT26FUT,9076.0,30,BUY_AGGRESSOR,487490,413130
2026-09-24 14:23:14.019,CRUDEOILM,CE,9900.0,CRUDEOILM15OCT269900CE,232.35,10,BUY,171920,29990
2026-09-24 14:23:17.786,CRUDEOILM,FUT,0.0,CRUDEOILM19OCT26FUT,9075.0,40,SELL_AGGRESSOR,487530,413170
2026-09-24 14:23:17.786,CRUDEOILM,CE,9350.0,CRUDEOILM15OCT269350CE,398.4,10,BUY,27930,18120
2026-09-24 14:23:17.786,CRUDEOILM,CE,9600.0,CRUDEOILM15OCT269600CE,313.2,20,BUY,57930,13830
2026-09-24 14:23:21.416,CRUDEOIL,FUT,0.0,CRUDEOIL19OCT26FUT,9077.0,100,BUY_AGGRESSOR,1730900,1282600
2026-09-24 14:23:21.416,CRUDEOIL,CE,9500.0,CRUDEOIL15OCT269500CE,338.3,300,SELL_AGGRESSOR,1190200,566200
2026-09-24 14:23:21.416,CRUDEOIL,CE,9600.0,CRUDEOIL15OCT269600CE,307.0,100,SELL_AGGRESSOR,217400,63500
2026-09-24 14:23:21.416,CRUDEOILM,FUT,0.0,CRUDEOILM19OCT26FUT,9075.0,10,BUY_AGGRESSOR,487540,413180
2026-09-24 14:23:21.416,CRUDEOILM,CE,9500.0,CRUDEOILM15OCT269500CE,343.8,20,SELL_AGGRESSOR,141720,74710
2026-09-24 14:23:21.416,CRUDEOILM,CE,9550.0,CRUDEOILM15OCT269550CE,325.7,10,SELL_AGGRESSOR,21680,3780
2026-09-24 14:23:21.416,CRUDEOILM,CE,9800.0,CRUDEOILM15OCT269800CE,256.7,10,SELL_AGGRESSOR,88190,33930
2026-09-24 14:23:21.416,CRUDEOILM,CE,9950.0,CRUDEOILM15OCT269950CE,221.5,10,SELL,6560,3120
2026-09-24 14:23:25.022,CRUDEOIL,FUT,0.0,CRUDEOIL19OCT26FUT,9074.0,600,SELL,1731500,1282300
2026-09-24 14:23:25.022,CRUDEOIL,PE,9500.0,CRUDEOIL15OCT269500PE,757.0,100,BUY_AGGRESSOR,65600,98300
2026-09-24 14:23:25.022,CRUDEOIL,CE,9600.0,CRUDEOIL15OCT269600CE,306.0,400,SELL_AGGRESSOR,217800,63500
2026-09-24 14:23:25.022,CRUDEOILM,FUT,0.0,CRUDEOILM19OCT26FUT,9073.0,30,SELL,487570,413180
2026-09-24 14:23:28.616,CRUDEOIL,CE,9500.0,CRUDEOIL15OCT269500CE,337.3,200,SELL,1190400,566300
2026-09-24 14:23:28.616,CRUDEOIL,CE,9600.0,CRUDEOIL15OCT269600CE,306.4,200,BUY_AGGRESSOR,218000,63500
2026-09-24 14:23:28.616,CRUDEOILM,FUT,0.0,CRUDEOILM19OCT26FUT,9070.0,70,SELL_AGGRESSOR,487640,413150
2026-09-24 14:23:28.616,CRUDEOILM,CE,9600.0,CRUDEOILM15OCT269600CE,312.6,10,BUY_AGGRESSOR,57940,13830
2026-09-24 14:23:32.401,CRUDEOIL,FUT,0.0,CRUDEOIL19OCT26FUT,9075.0,200,BUY_AGGRESSOR,1731700,1282400
2026-09-24 14:23:32.401,CRUDEOIL,CE,9500.0,CRUDEOIL15OCT269500CE,337.6,100,BUY_AGGRESSOR,1190500,566300
2026-09-24 14:23:32.401,CRUDEOIL,CE,9700.0,CRUDEOIL15OCT269700CE,278.2,300,SELL,368700,36500
2026-09-24 14:23:32.401,CRUDEOILM,FUT,0.0,CRUDEOILM19OCT26FUT,9075.0,130,BUY_AGGRESSOR,487770,413140
2026-09-24 14:23:32.401,CRUDEOILM,CE,9500.0,CRUDEOILM15OCT269500CE,344.0,10,BUY_AGGRESSOR,141730,74700
2026-09-24 14:23:36.121,CRUDEOIL,FUT,0.0,CRUDEOIL19OCT26FUT,9074.0,200,SELL_AGGRESSOR,1731900,1282500
2026-09-24 14:23:36.121,CRUDEOIL,CE,9400.0,CRUDEOIL15OCT269400CE,371.8,100,BUY_AGGRESSOR,322800,83400
2026-09-24 14:23:36.121,CRUDEOIL,CE,9500.0,CRUDEOIL15OCT269500CE,338.9,1300,BUY_AGGRESSOR,1191800,566400
2026-09-24 14:23:36.121,CRUDEOILM,FUT,0.0,CRUDEOILM19OCT26FUT,9076.0,30,BUY_AGGRESSOR,487800,413120
2026-09-24 14:23:36.121,CRUDEOILM,CE,9350.0,CRUDEOILM15OCT269350CE,396.85,10,SELL_AGGRESSOR,27940,18110
2026-09-24 14:23:39.718,CRUDEOIL,FUT,0.0,CRUDEOIL19OCT26FUT,9082.0,3600,BUY_AGGRESSOR,1735500,1282500
2026-09-24 14:23:39.718,CRUDEOIL,CE,9700.0,CRUDEOIL15OCT269700CE,280.9,100,BUY_AGGRESSOR,368800,36500
2026-09-24 14:23:39.718,CRUDEOIL,CE,9800.0,CRUDEOIL15OCT269800CE,254.5,100,BUY_AGGRESSOR,250200,99700
2026-09-24 14:23:39.718,CRUDEOIL,CE,9900.0,CRUDEOIL15OCT269900CE,230.0,100,INSIDE,188700,35900
2026-09-24 14:23:39.718,CRUDEOILM,FUT,0.0,CRUDEOILM19OCT26FUT,9080.0,410,BUY_AGGRESSOR,488210,413140
2026-09-24 14:23:39.718,CRUDEOILM,CE,9350.0,CRUDEOILM15OCT269350CE,400.0,20,BUY_AGGRESSOR,27960,18110
2026-09-24 14:23:39.718,CRUDEOILM,CE,9400.0,CRUDEOILM15OCT269400CE,380.0,170,BUY_AGGRESSOR,57130,35920
2026-09-24 14:23:39.718,CRUDEOILM,CE,9500.0,CRUDEOILM15OCT269500CE,346.45,20,BUY_AGGRESSOR,141750,74690
2026-09-24 14:23:39.718,CRUDEOILM,CE,9600.0,CRUDEOILM15OCT269600CE,315.0,100,BUY_AGGRESSOR,58040,13830
2026-09-24 14:23:39.718,CRUDEOILM,CE,9650.0,CRUDEOILM15OCT269650CE,298.0,10,BUY_AGGRESSOR,14510,2720
2026-09-24 14:23:39.718,CRUDEOILM,CE,9700.0,CRUDEOILM15OCT269700CE,286.4,40,BUY_AGGRESSOR,49600,10080
2026-09-24 14:23:39.718,CRUDEOILM,CE,9950.0,CRUDEOILM15OCT269950CE,221.8,30,BUY_AGGRESSOR,6590,3090
2026-09-24 14:23:43.394,CRUDEOIL,FUT,0.0,CRUDEOIL19OCT26FUT,9080.0,100,SELL_AGGRESSOR,1735600,1284900
2026-09-24 14:23:43.394,CRUDEOIL,CE,9500.0,CRUDEOIL15OCT269500CE,340.0,1000,BUY_AGGRESSOR,1192800,565400
2026-09-24 14:23:43.394,CRUDEOIL,CE,9650.0,CRUDEOIL15OCT269650CE,294.1,100,BUY_AGGRESSOR,46800,12900
2026-09-24 14:23:43.394,CRUDEOILM,FUT,0.0,CRUDEOILM19OCT26FUT,9078.0,130,SELL_AGGRESSOR,488340,413390
2026-09-24 14:23:43.394,CRUDEOILM,CE,9500.0,CRUDEOILM15OCT269500CE,347.25,20,BUY_AGGRESSOR,141770,74700
2026-09-24 14:23:43.394,CRUDEOILM,CE,9900.0,CRUDEOILM15OCT269900CE,233.5,40,SELL_AGGRESSOR,171960,29980
2026-09-24 14:23:47.090,CRUDEOIL,FUT,0.0,CRUDEOIL19OCT26FUT,9080.0,500,BUY_AGGRESSOR,1736100,1284500
2026-09-24 14:23:47.090,CRUDEOIL,CE,9400.0,CRUDEOIL15OCT269400CE,374.5,100,BUY_AGGRESSOR,322900,83400
2026-09-24 14:23:47.090,CRUDEOIL,CE,9700.0,CRUDEOIL15OCT269700CE,279.2,400,SELL_AGGRESSOR,369200,36200
2026-09-24 14:23:47.090,CRUDEOIL,CE,9800.0,CRUDEOIL15OCT269800CE,253.0,300,SELL_AGGRESSOR,250500,99400
2026-09-24 14:23:47.090,CRUDEOIL,CE,9900.0,CRUDEOIL15OCT269900CE,229.7,400,SELL_AGGRESSOR,189100,35900
2026-09-24 14:23:47.090,CRUDEOILM,FUT,0.0,CRUDEOILM19OCT26FUT,9070.0,350,SELL_AGGRESSOR,488690,413260
2026-09-24 14:23:50.957,CRUDEOIL,CE,9350.0,CRUDEOIL15OCT269350CE,391.4,100,SELL_AGGRESSOR,88400,23900
2026-09-24 14:23:50.957,CRUDEOIL,CE,9400.0,CRUDEOIL15OCT269400CE,372.0,900,SELL_AGGRESSOR,323800,83100
2026-09-24 14:23:50.957,CRUDEOIL,CE,9500.0,CRUDEOIL15OCT269500CE,337.9,900,SELL_AGGRESSOR,1193700,565500
2026-09-24 14:23:50.957,CRUDEOIL,CE,9600.0,CRUDEOIL15OCT269600CE,307.1,100,SELL_AGGRESSOR,218100,63500
2026-09-24 14:23:50.957,CRUDEOIL,CE,9900.0,CRUDEOIL15OCT269900CE,228.3,200,SELL_AGGRESSOR,189300,35900
2026-09-24 14:23:50.957,CRUDEOILM,FUT,0.0,CRUDEOILM19OCT26FUT,9070.0,10,SELL_AGGRESSOR,488700,413270
2026-09-24 14:23:50.957,CRUDEOILM,CE,9350.0,CRUDEOILM15OCT269350CE,396.5,10,SELL_AGGRESSOR,27970,18120
2026-09-24 14:23:50.957,CRUDEOILM,PE,9350.0,CRUDEOILM15OCT269350PE,669.65,10,BUY_AGGRESSOR,2370,2630
2026-09-24 14:23:50.957,CRUDEOILM,CE,9500.0,CRUDEOILM15OCT269500CE,343.55,100,SELL_AGGRESSOR,141870,74760
2026-09-24 14:23:50.957,CRUDEOILM,CE,9800.0,CRUDEOILM15OCT269800CE,257.45,10,SELL_AGGRESSOR,88200,33920
2026-09-24 14:23:54.549,CRUDEOIL,FUT,0.0,CRUDEOIL19OCT26FUT,9073.0,300,SELL,1736400,1284400
2026-09-24 14:23:54.549,CRUDEOIL,CE,9400.0,CRUDEOIL15OCT269400CE,372.0,100,INSIDE,323900,82500
2026-09-24 14:23:54.549,CRUDEOIL,CE,9900.0,CRUDEOIL15OCT269900CE,228.3,100,INSIDE,189400,35800
2026-09-24 14:23:54.549,CRUDEOILM,CE,9400.0,CRUDEOILM15OCT269400CE,375.35,10,SELL,57140,35920
2026-09-24 14:23:58.112,CRUDEOIL,CE,9350.0,CRUDEOIL15OCT269350CE,389.1,100,SELL_AGGRESSOR,88500,23800
2026-09-24 14:23:58.112,CRUDEOIL,CE,9400.0,CRUDEOIL15OCT269400CE,371.9,100,SELL_AGGRESSOR,324000,82500
2026-09-24 14:23:58.112,CRUDEOIL,CE,9500.0,CRUDEOIL15OCT269500CE,337.0,200,SELL_AGGRESSOR,1193900,565400
2026-09-24 14:23:58.112,CRUDEOIL,CE,9600.0,CRUDEOIL15OCT269600CE,306.0,200,SELL_AGGRESSOR,218300,63500
2026-09-24 14:23:58.112,CRUDEOIL,CE,9950.0,CRUDEOIL15OCT269950CE,216.3,100,SELL_AGGRESSOR,30500,7000
2026-09-24 14:23:58.112,CRUDEOILM,FUT,0.0,CRUDEOILM19OCT26FUT,9070.0,130,SELL_AGGRESSOR,488830,413320
2026-09-24 14:23:58.112,CRUDEOILM,CE,9400.0,CRUDEOILM15OCT269400CE,376.45,10,BUY,57150,35920
2026-09-24 14:23:58.112,CRUDEOILM,CE,9450.0,CRUDEOILM15OCT269450CE,360.0,10,SELL_AGGRESSOR,32080,14420
2026-09-24 14:23:58.112,CRUDEOILM,PE,9500.0,CRUDEOILM15OCT269500PE,765.0,100,BUY_AGGRESSOR,5590,11360
2026-09-24 14:23:58.112,CRUDEOILM,CE,9650.0,CRUDEOILM15OCT269650CE,297.6,90,BUY_AGGRESSOR,14600,2730
2026-09-24 14:23:58.112,CRUDEOILM,CE,9900.0,CRUDEOILM15OCT269900CE,230.95,10,SELL_AGGRESSOR,171970,29970
2026-09-24 14:24:01.752,CRUDEOIL,CE,9600.0,CRUDEOIL15OCT269600CE,306.9,100,BUY_AGGRESSOR,218400,63500
2026-09-24 14:24:01.752,CRUDEOIL,CE,9850.0,CRUDEOIL15OCT269850CE,241.4,100,BUY_AGGRESSOR,37400,11700
2026-09-24 14:24:01.752,CRUDEOIL,CE,9900.0,CRUDEOIL15OCT269900CE,228.0,100,SELL,189500,35800
2026-09-24 14:24:01.752,CRUDEOILM,FUT,0.0,CRUDEOILM19OCT26FUT,9070.0,20,BUY_AGGRESSOR,488850,413340
2026-09-24 14:24:01.752,CRUDEOILM,CE,9500.0,CRUDEOILM15OCT269500CE,343.45,20,BUY_AGGRESSOR,141890,74770
2026-09-24 14:24:01.752,CRUDEOILM,CE,9850.0,CRUDEOILM15OCT269850CE,242.7,10,BUY,13070,3330
2026-09-24 14:24:05.375,CRUDEOIL,CE,9500.0,CRUDEOIL15OCT269500CE,337.9,100,BUY_AGGRESSOR,1194000,565300
2026-09-24 14:24:05.375,CRUDEOIL,CE,9600.0,CRUDEOIL15OCT269600CE,307.0,100,BUY_AGGRESSOR,218500,63500
2026-09-24 14:24:05.375,CRUDEOIL,CE,9900.0,CRUDEOIL15OCT269900CE,228.3,300,BUY,189800,35800
2026-09-24 14:24:05.375,CRUDEOILM,FUT,0.0,CRUDEOILM19OCT26FUT,9071.0,50,BUY_AGGRESSOR,488900,413360
2026-09-24 14:24:05.375,CRUDEOILM,CE,9500.0,CRUDEOILM15OCT269500CE,344.55,10,BUY_AGGRESSOR,141900,74770
2026-09-24 14:24:05.375,CRUDEOILM,CE,9700.0,CRUDEOILM15OCT269700CE,282.95,10,SELL,49610,10080
2026-09-24 14:24:09.990,CRUDEOIL,CE,9900.0,CRUDEOIL15OCT269900CE,229.2,100,BUY,189900,35800
2026-09-24 14:24:09.990,CRUDEOILM,FUT,0.0,CRUDEOILM19OCT26FUT,9070.0,140,SELL_AGGRESSOR,489040,413470
2026-09-24 14:24:09.990,CRUDEOILM,CE,9650.0,CRUDEOILM15OCT269650CE,297.2,10,SELL,14610,2730
2026-09-24 14:24:13.583,CRUDEOIL,FUT,0.0,CRUDEOIL19OCT26FUT,9073.0,300,SELL_AGGRESSOR,1736700,1284500
2026-09-24 14:24:13.583,CRUDEOIL,CE,9350.0,CRUDEOIL15OCT269350CE,389.6,100,SELL_AGGRESSOR,88600,23700
2026-09-24 14:24:13.583,CRUDEOIL,CE,9500.0,CRUDEOIL15OCT269500CE,338.7,800,BUY_AGGRESSOR,1194800,565900
2026-09-24 14:24:13.583,CRUDEOIL,CE,9750.0,CRUDEOIL15OCT269750CE,264.5,100,SELL_AGGRESSOR,50100,13000
2026-09-24 14:24:13.583,CRUDEOIL,CE,9800.0,CRUDEOIL15OCT269800CE,253.2,100,BUY,250600,99400
2026-09-24 14:24:13.583,CRUDEOILM,FUT,0.0,CRUDEOILM19OCT26FUT,9070.0,20,SELL_AGGRESSOR,489060,413490
2026-09-24 14:24:13.583,CRUDEOILM,CE,9500.0,CRUDEOILM15OCT269500CE,343.75,20,SELL,141920,74760
2026-09-24 14:24:13.583,CRUDEOILM,CE,9600.0,CRUDEOILM15OCT269600CE,312.35,20,SELL,58060,13850
2026-09-24 14:24:17.129,CRUDEOILM,FUT,0.0,CRUDEOILM19OCT26FUT,9071.0,10,SELL_AGGRESSOR,489070,413490
2026-09-24 14:24:17.129,CRUDEOILM,CE,9500.0,CRUDEOILM15OCT269500CE,344.35,120,BUY_AGGRESSOR,142040,74800
2026-09-24 14:24:20.746,CRUDEOIL,FUT,0.0,CRUDEOIL19OCT26FUT,9073.0,400,SELL_AGGRESSOR,1737100,1284200
2026-09-24 14:24:20.746,CRUDEOIL,CE,9400.0,CRUDEOIL15OCT269400CE,371.9,400,SELL_AGGRESSOR,324400,82300
2026-09-24 14:24:20.746,CRUDEOIL,CE,9600.0,CRUDEOIL15OCT269600CE,307.0,100,SELL_AGGRESSOR,218600,63600
2026-09-24 14:24:20.746,CRUDEOILM,FUT,0.0,CRUDEOILM19OCT26FUT,9070.0,60,SELL_AGGRESSOR,489130,413520
2026-09-24 14:24:20.746,CRUDEOILM,CE,9350.0,CRUDEOILM15OCT269350CE,396.5,30,INSIDE,28000,18120
2026-09-24 14:24:20.746,CRUDEOILM,CE,9400.0,CRUDEOILM15OCT269400CE,376.1,10,SELL_AGGRESSOR,57160,35920
2026-09-24 14:24:20.746,CRUDEOILM,CE,9800.0,CRUDEOILM15OCT269800CE,255.6,40,SELL_AGGRESSOR,88240,33880
2026-09-24 14:24:24.403,CRUDEOIL,CE,9400.0,CRUDEOIL15OCT269400CE,372.7,100,BUY_AGGRESSOR,324500,82300
2026-09-24 14:24:24.403,CRUDEOILM,FUT,0.0,CRUDEOILM19OCT26FUT,9074.0,100,BUY_AGGRESSOR,489230,413550
2026-09-24 14:24:28.087,CRUDEOIL,FUT,0.0,CRUDEOIL19OCT26FUT,9072.0,800,SELL,1737900,1284500
2026-09-24 14:24:28.087,CRUDEOILM,FUT,0.0,CRUDEOILM19OCT26FUT,9070.0,40,SELL_AGGRESSOR,489270,413550
2026-09-24 14:24:28.087,CRUDEOILM,CE,9350.0,CRUDEOILM15OCT269350CE,396.6,10,BUY,28010,18120
2026-09-24 14:24:28.087,CRUDEOILM,CE,9500.0,CRUDEOILM15OCT269500CE,342.9,10,SELL,142050,74860
2026-09-24 14:24:31.729,CRUDEOIL,FUT,0.0,CRUDEOIL19OCT26FUT,9073.0,100,BUY,1738000,1284500
2026-09-24 14:24:31.729,CRUDEOIL,CE,9550.0,CRUDEOIL15OCT269550CE,320.5,100,SELL_AGGRESSOR,67800,15700
2026-09-24 14:24:31.729,CRUDEOILM,FUT,0.0,CRUDEOILM19OCT26FUT,9070.0,70,SELL_AGGRESSOR,489340,413550
2026-09-24 14:24:35.397,CRUDEOILM,FUT,0.0,CRUDEOILM19OCT26FUT,9071.0,50,BUY_AGGRESSOR,489390,413580
2026-09-24 14:24:39.379,CRUDEOIL,CE,9800.0,CRUDEOIL15OCT269800CE,253.2,100,BUY_AGGRESSOR,250700,99400
2026-09-24 14:24:39.379,CRUDEOILM,CE,9900.0,CRUDEOILM15OCT269900CE,231.15,10,BUY,171980,29970
2026-09-24 14:24:43.029,CRUDEOIL,CE,9500.0,CRUDEOIL15OCT269500CE,338.4,100,BUY_AGGRESSOR,1194900,566000
2026-09-24 14:24:43.029,CRUDEOIL,CE,9600.0,CRUDEOIL15OCT269600CE,307.1,100,BUY_AGGRESSOR,218700,63600
2026-09-24 14:24:43.029,CRUDEOIL,CE,9900.0,CRUDEOIL15OCT269900CE,227.8,100,SELL,190000,35800
2026-09-24 14:24:43.029,CRUDEOILM,FUT,0.0,CRUDEOILM19OCT26FUT,9073.0,20,BUY_AGGRESSOR,489410,413580
2026-09-24 14:24:46.562,CRUDEOIL,FUT,0.0,CRUDEOIL19OCT26FUT,9073.0,300,BUY_AGGRESSOR,1738300,1284700
2026-09-24 14:24:46.562,CRUDEOIL,CE,9500.0,CRUDEOIL15OCT269500CE,337.3,100,SELL_AGGRESSOR,1195000,565900
2026-09-24 14:24:46.562,CRUDEOIL,CE,9700.0,CRUDEOIL15OCT269700CE,279.0,400,BUY_AGGRESSOR,369600,36200
2026-09-24 14:24:46.562,CRUDEOIL,CE,9900.0,CRUDEOIL15OCT269900CE,228.0,100,BUY,190100,35800
2026-09-24 14:24:46.562,CRUDEOILM,FUT,0.0,CRUDEOILM19OCT26FUT,9070.0,150,SELL_AGGRESSOR,489560,413580
2026-09-24 14:24:46.562,CRUDEOILM,CE,9900.0,CRUDEOILM15OCT269900CE,231.0,10,SELL_AGGRESSOR,171990,29950
2026-09-24 14:24:50.243,CRUDEOIL,FUT,0.0,CRUDEOIL19OCT26FUT,9073.0,100,BUY_AGGRESSOR,1738400,1284800
2026-09-24 14:24:50.243,CRUDEOIL,CE,9400.0,CRUDEOIL15OCT269400CE,373.0,400,BUY_AGGRESSOR,324900,82500
2026-09-24 14:24:50.243,CRUDEOIL,CE,9500.0,CRUDEOIL15OCT269500CE,338.7,700,BUY_AGGRESSOR,1195700,565600
2026-09-24 14:24:50.243,CRUDEOIL,CE,9600.0,CRUDEOIL15OCT269600CE,307.1,400,BUY_AGGRESSOR,219100,63600
2026-09-24 14:24:50.243,CRUDEOILM,FUT,0.0,CRUDEOILM19OCT26FUT,9074.0,70,BUY_AGGRESSOR,489630,413580
2026-09-24 14:24:50.243,CRUDEOILM,CE,9350.0,CRUDEOILM15OCT269350CE,396.15,40,BUY_AGGRESSOR,28050,18140
2026-09-24 14:24:50.243,CRUDEOILM,CE,9400.0,CRUDEOILM15OCT269400CE,376.25,40,BUY_AGGRESSOR,57200,35940
2026-09-24 14:24:50.243,CRUDEOILM,CE,9450.0,CRUDEOILM15OCT269450CE,360.1,30,BUY_AGGRESSOR,32110,14440
2026-09-24 14:24:50.243,CRUDEOILM,CE,9500.0,CRUDEOILM15OCT269500CE,343.2,290,BUY_AGGRESSOR,142340,74860
2026-09-24 14:24:50.243,CRUDEOILM,CE,9600.0,CRUDEOILM15OCT269600CE,312.1,40,BUY_AGGRESSOR,58100,13860
2026-09-24 14:24:50.243,CRUDEOILM,CE,9700.0,CRUDEOILM15OCT269700CE,282.9,20,BUY_AGGRESSOR,49630,10100
2026-09-24 14:24:50.243,CRUDEOILM,CE,9800.0,CRUDEOILM15OCT269800CE,256.0,60,BUY_AGGRESSOR,88300,33940
2026-09-24 14:24:53.848,CRUDEOIL,CE,9800.0,CRUDEOIL15OCT269800CE,252.5,100,SELL_AGGRESSOR,250800,99400
2026-09-24 14:24:53.848,CRUDEOILM,FUT,0.0,CRUDEOILM19OCT26FUT,9074.0,40,BUY_AGGRESSOR,489670,413610
2026-09-24 14:24:53.848,CRUDEOILM,CE,9600.0,CRUDEOILM15OCT269600CE,312.55,10,BUY,58110,13860
2026-09-24 14:24:57.561,CRUDEOIL,CE,9500.0,CRUDEOIL15OCT269500CE,340.0,700,BUY_AGGRESSOR,1196400,564900
2026-09-24 14:24:57.561,CRUDEOIL,PE,9500.0,CRUDEOIL15OCT269500PE,754.2,100,SELL_AGGRESSOR,65700,98300
2026-09-24 14:24:57.561,CRUDEOIL,CE,9550.0,CRUDEOIL15OCT269550CE,323.5,100,BUY_AGGRESSOR,67900,15600
2026-09-24 14:24:57.561,CRUDEOIL,CE,9650.0,CRUDEOIL15OCT269650CE,294.1,100,BUY_AGGRESSOR,46900,12800
2026-09-24 14:24:57.561,CRUDEOILM,FUT,0.0,CRUDEOILM19OCT26FUT,9078.0,230,BUY_AGGRESSOR,489900,413700
2026-09-24 14:24:57.561,CRUDEOILM,CE,9500.0,CRUDEOILM15OCT269500CE,345.85,10,BUY_AGGRESSOR,142350,74720
2026-09-24 14:24:57.561,CRUDEOILM,CE,9700.0,CRUDEOILM15OCT269700CE,285.55,10,BUY_AGGRESSOR,49640,10090
2026-09-24 14:24:57.561,CRUDEOILM,CE,9800.0,CRUDEOILM15OCT269800CE,258.0,10,BUY_AGGRESSOR,88310,33940
2026-09-24 14:24:57.561,CRUDEOILM,CE,9850.0,CRUDEOILM15OCT269850CE,245.0,10,BUY_AGGRESSOR,13080,3330
2026-09-24 14:25:01.269,CRUDEOILM,FUT,0.0,CRUDEOILM19OCT26FUT,9075.0,50,SELL_AGGRESSOR,489950,413700
2026-09-24 14:25:01.269,CRUDEOILM,CE,9350.0,CRUDEOILM15OCT269350CE,400.0,10,BUY_AGGRESSOR,28060,18140
2026-09-24 14:25:01.269,CRUDEOILM,CE,9400.0,CRUDEOILM15OCT269400CE,380.0,30,BUY_AGGRESSOR,57230,35940
2026-09-24 14:25:01.269,CRUDEOILM,CE,9500.0,CRUDEOILM15OCT269500CE,348.05,10,BUY_AGGRESSOR,142360,74720
2026-09-24 14:25:01.269,CRUDEOILM,CE,9550.0,CRUDEOILM15OCT269550CE,331.05,10,BUY_AGGRESSOR,21690,3780
2026-09-24 14:25:01.269,CRUDEOILM,CE,9600.0,CRUDEOILM15OCT269600CE,315.85,60,BUY_AGGRESSOR,58170,13890
2026-09-24 14:25:01.269,CRUDEOILM,CE,9650.0,CRUDEOILM15OCT269650CE,300.0,20,BUY_AGGRESSOR,14630,2730
2026-09-24 14:25:01.269,CRUDEOILM,CE,9800.0,CRUDEOILM15OCT269800CE,259.8,10,BUY_AGGRESSOR,88320,33940
2026-09-24 14:25:04.880,CRUDEOIL,FUT,0.0,CRUDEOIL19OCT26FUT,9087.0,3200,BUY_AGGRESSOR,1741600,1283000
2026-09-24 14:25:04.880,CRUDEOIL,CE,9400.0,CRUDEOIL15OCT269400CE,376.0,100,BUY_AGGRESSOR,325000,82500
2026-09-24 14:25:04.880,CRUDEOIL,CE,9500.0,CRUDEOIL15OCT269500CE,341.6,700,BUY_AGGRESSOR,1197100,564700
2026-09-24 14:25:04.880,CRUDEOIL,PE,9500.0,CRUDEOIL15OCT269500PE,750.0,100,SELL_AGGRESSOR,65800,98400
2026-09-24 14:25:04.880,CRUDEOIL,CE,9600.0,CRUDEOIL15OCT269600CE,310.0,800,BUY_AGGRESSOR,219900,63500
2026-09-24 14:25:04.880,CRUDEOIL,CE,9800.0,CRUDEOIL15OCT269800CE,255.8,300,BUY_AGGRESSOR,251100,99400
2026-09-24 14:25:04.880,CRUDEOIL,CE,9900.0,CRUDEOIL15OCT269900CE,232.0,100,BUY_AGGRESSOR,190200,35900
2026-09-24 14:25:04.880,CRUDEOIL,CE,9950.0,CRUDEOIL15OCT269950CE,221.0,200,BUY_AGGRESSOR,30700,7000
2026-09-24 14:25:04.880,CRUDEOILM,FUT,0.0,CRUDEOILM19OCT26FUT,9083.0,680,BUY_AGGRESSOR,490630,413640
2026-09-24 14:25:04.880,CRUDEOILM,CE,9500.0,CRUDEOILM15OCT269500CE,348.95,10,BUY,142370,74710
2026-09-24 14:25:04.880,CRUDEOILM,PE,9500.0,CRUDEOILM15OCT269500PE,760.0,10,SELL_AGGRESSOR,5600,11360
2026-09-24 14:25:04.880,CRUDEOILM,CE,9600.0,CRUDEOILM15OCT269600CE,317.4,10,BUY_AGGRESSOR,58180,13820
2026-09-24 14:25:08.510,CRUDEOIL,FUT,0.0,CRUDEOIL19OCT26FUT,9087.0,500,BUY_AGGRESSOR,1742100,1283000
2026-09-24 14:25:08.510,CRUDEOIL,CE,9400.0,CRUDEOIL15OCT269400CE,374.7,100,SELL_AGGRESSOR,325100,82500
2026-09-24 14:25:08.510,CRUDEOIL,CE,9500.0,CRUDEOIL15OCT269500CE,342.9,100,BUY,1197200,564600
2026-09-24 14:25:08.510,CRUDEOILM,FUT,0.0,CRUDEOILM19OCT26FUT,9082.0,170,SELL,490800,413550
2026-09-24 14:25:08.510,CRUDEOILM,CE,9450.0,CRUDEOILM15OCT269450CE,365.7,20,BUY,32130,14450
2026-09-24 14:25:08.510,CRUDEOILM,CE,9600.0,CRUDEOILM15OCT269600CE,316.1,10,SELL_AGGRESSOR,58190,13820
2026-09-24 14:25:08.510,CRUDEOILM,CE,9900.0,CRUDEOILM15OCT269900CE,235.0,10,SELL_AGGRESSOR,172000,29940
2026-09-24 14:25:12.143,CRUDEOIL,FUT,0.0,CRUDEOIL19OCT26FUT,9084.0,500,BUY_AGGRESSOR,1742600,1283000
2026-09-24 14:25:12.143,CRUDEOIL,CE,9400.0,CRUDEOIL15OCT269400CE,375.2,500,BUY,325600,82500
2026-09-24 14:25:12.143,CRUDEOIL,CE,9500.0,CRUDEOIL15OCT269500CE,340.6,100,SELL,1197300,564700
2026-09-24 14:25:12.143,CRUDEOIL,CE,9800.0,CRUDEOIL15OCT269800CE,255.0,100,SELL,251200,99400
2026-09-24 14:25:12.143,CRUDEOILM,FUT,0.0,CRUDEOILM19OCT26FUT,9080.0,380,SELL,491180,413340
2026-09-24 14:25:12.143,CRUDEOILM,CE,9900.0,CRUDEOILM15OCT269900CE,233.5,10,SELL_AGGRESSOR,172010,29940
2026-09-24 14:25:15.690,CRUDEOIL,CE,9500.0,CRUDEOIL15OCT269500CE,340.0,500,SELL_AGGRESSOR,1197800,565200
2026-09-24 14:25:15.690,CRUDEOILM,FUT,0.0,CRUDEOILM19OCT26FUT,9079.0,40,SELL,491220,413320
2026-09-24 14:25:15.690,CRUDEOILM,CE,9500.0,CRUDEOILM15OCT269500CE,345.0,230,SELL_AGGRESSOR,142600,74700
2026-09-24 14:25:19.306,CRUDEOIL,FUT,0.0,CRUDEOIL19OCT26FUT,9078.0,600,SELL,1743200,1283200
2026-09-24 14:25:19.306,CRUDEOILM,FUT,0.0,CRUDEOILM19OCT26FUT,9075.0,110,SELL_AGGRESSOR,491330,413320
2026-09-24 14:25:19.306,CRUDEOILM,CE,9400.0,CRUDEOILM15OCT269400CE,379.6,50,SELL,57280,35960
2026-09-24 14:25:19.306,CRUDEOILM,CE,9900.0,CRUDEOILM15OCT269900CE,233.0,10,SELL_AGGRESSOR,172020,29930
2026-09-24 14:25:22.946,CRUDEOIL,FUT,0.0,CRUDEOIL19OCT26FUT,9075.0,200,SELL_AGGRESSOR,1743400,1283200
2026-09-24 14:25:22.946,CRUDEOIL,CE,9500.0,CRUDEOIL15OCT269500CE,339.4,100,SELL_AGGRESSOR,1197900,565200
2026-09-24 14:25:22.946,CRUDEOILM,FUT,0.0,CRUDEOILM19OCT26FUT,9076.0,60,BUY,491390,413310
2026-09-24 14:25:22.946,CRUDEOILM,CE,9350.0,CRUDEOILM15OCT269350CE,397.7,10,SELL,28070,18150
2026-09-24 14:25:22.946,CRUDEOILM,CE,9500.0,CRUDEOILM15OCT269500CE,345.0,10,SELL_AGGRESSOR,142610,74580
2026-09-24 14:25:22.946,CRUDEOILM,CE,9900.0,CRUDEOILM15OCT269900CE,233.05,30,BUY,172050,29930
2026-09-24 14:25:26.506,CRUDEOIL,FUT,0.0,CRUDEOIL19OCT26FUT,9077.0,200,BUY_AGGRESSOR,1743600,1283200
2026-09-24 14:25:26.506,CRUDEOIL,CE,9500.0,CRUDEOIL15OCT269500CE,339.2,100,BUY_AGGRESSOR,1198000,565300
2026-09-24 14:25:26.506,CRUDEOIL,CE,9550.0,CRUDEOIL15OCT269550CE,324.0,300,BUY_AGGRESSOR,68200,15700
2026-09-24 14:25:26.506,CRUDEOIL,CE,9600.0,CRUDEOIL15OCT269600CE,308.6,100,BUY_AGGRESSOR,220000,63500
2026-09-24 14:25:26.506,CRUDEOIL,CE,9800.0,CRUDEOIL15OCT269800CE,254.4,100,BUY_AGGRESSOR,251300,99400
2026-09-24 14:25:26.506,CRUDEOILM,FUT,0.0,CRUDEOILM19OCT26FUT,9075.0,30,SELL,491420,413320
2026-09-24 14:25:26.506,CRUDEOILM,CE,9350.0,CRUDEOILM15OCT269350CE,397.85,20,BUY_AGGRESSOR,28090,18160
2026-09-24 14:25:30.166,CRUDEOIL,CE,9400.0,CRUDEOIL15OCT269400CE,374.4,100,BUY_AGGRESSOR,325700,82500
2026-09-24 14:25:30.166,CRUDEOIL,CE,9600.0,CRUDEOIL15OCT269600CE,308.7,100,BUY,220100,63500
2026-09-24 14:25:30.166,CRUDEOIL,CE,9700.0,CRUDEOIL15OCT269700CE,280.4,400,BUY_AGGRESSOR,370000,36500
2026-09-24 14:25:30.166,CRUDEOILM,FUT,0.0,CRUDEOILM19OCT26FUT,9076.0,20,SELL_AGGRESSOR,491440,413340
2026-09-24 14:25:33.761,CRUDEOIL,CE,9500.0,CRUDEOIL15OCT269500CE,339.3,200,SELL_AGGRESSOR,1198200,565300
2026-09-24 14:25:33.761,CRUDEOIL,CE,9950.0,CRUDEOIL15OCT269950CE,220.3,300,BUY_AGGRESSOR,31000,7000
2026-09-24 14:25:33.761,CRUDEOILM,FUT,0.0,CRUDEOILM19OCT26FUT,9074.0,40,SELL_AGGRESSOR,491480,413380
2026-09-24 14:25:33.761,CRUDEOILM,CE,9750.0,CRUDEOILM15OCT269750CE,270.1,100,SELL_AGGRESSOR,11370,3480
2026-09-24 14:25:33.761,CRUDEOILM,CE,9900.0,CRUDEOILM15OCT269900CE,232.5,10,SELL_AGGRESSOR,172060,29920
2026-09-24 14:25:37.378,CRUDEOIL,FUT,0.0,CRUDEOIL19OCT26FUT,9077.0,200,SELL_AGGRESSOR,1743800,1283400
2026-09-24 14:25:37.378,CRUDEOIL,CE,9350.0,CRUDEOIL15OCT269350CE,392.1,100,BUY,88700,23700
2026-09-24 14:25:37.378,CRUDEOIL,CE,9500.0,CRUDEOIL15OCT269500CE,337.9,200,SELL_AGGRESSOR,1198400,565300
2026-09-24 14:25:37.378,CRUDEOILM,FUT,0.0,CRUDEOILM19OCT26FUT,9076.0,20,BUY_AGGRESSOR,491500,413390
2026-09-24 14:25:37.378,CRUDEOILM,CE,9850.0,CRUDEOILM15OCT269850CE,244.65,10,SELL_AGGRESSOR,13090,3330
2026-09-24 14:25:40.949,CRUDEOIL,FUT,0.0,CRUDEOIL19OCT26FUT,9076.0,400,BUY_AGGRESSOR,1744200,1283700
2026-09-24 14:25:40.949,CRUDEOIL,CE,9500.0,CRUDEOIL15OCT269500CE,338.6,100,BUY,1198500,565300
2026-09-24 14:25:40.949,CRUDEOILM,FUT,0.0,CRUDEOILM19OCT26FUT,9074.0,20,SELL_AGGRESSOR,491520,413370
2026-09-24 14:25:40.949,CRUDEOILM,CE,9800.0,CRUDEOILM15OCT269800CE,256.85,20,SELL,88340,33920
2026-09-24 14:25:40.949,CRUDEOILM,PE,9800.0,CRUDEOILM15OCT269800PE,977.5,10,SELL,360,2330
2026-09-24 14:25:40.949,CRUDEOILM,CE,9900.0,CRUDEOILM15OCT269900CE,232.05,10,SELL,172070,29920
2026-09-24 14:25:44.513,CRUDEOIL,FUT,0.0,CRUDEOIL19OCT26FUT,9075.0,700,SELL,1744900,1283600
2026-09-24 14:25:44.513,CRUDEOIL,CE,9700.0,CRUDEOIL15OCT269700CE,277.8,100,SELL_AGGRESSOR,370100,36400
2026-09-24 14:25:44.513,CRUDEOILM,CE,9650.0,CRUDEOILM15OCT269650CE,296.4,10,SELL,14640,2730
2026-09-24 14:25:44.513,CRUDEOILM,CE,9750.0,CRUDEOILM15OCT269750CE,268.4,30,SELL_AGGRESSOR,11400,3450
2026-09-24 14:25:44.513,CRUDEOILM,CE,9900.0,CRUDEOILM15OCT269900CE,232.35,10,BUY_AGGRESSOR,172080,29920
2026-09-24 14:25:48.118,CRUDEOIL,FUT,0.0,CRUDEOIL19OCT26FUT,9075.0,100,BUY_AGGRESSOR,1745000,1283700
2026-09-24 14:25:48.118,CRUDEOIL,CE,9700.0,CRUDEOIL15OCT269700CE,277.9,600,SELL_AGGRESSOR,370700,36200
2026-09-24 14:25:48.118,CRUDEOILM,FUT,0.0,CRUDEOILM19OCT26FUT,9074.0,40,BUY_AGGRESSOR,491560,413390
2026-09-24 14:25:48.118,CRUDEOILM,CE,9450.0,CRUDEOILM15OCT269450CE,361.1,20,SELL,32150,14440
2026-09-24 14:25:51.675,CRUDEOIL,FUT,0.0,CRUDEOIL19OCT26FUT,9075.0,400,SELL_AGGRESSOR,1745400,1283700
2026-09-24 14:25:51.675,CRUDEOILM,FUT,0.0,CRUDEOILM19OCT26FUT,9075.0,10,BUY_AGGRESSOR,491570,413390
2026-09-24 14:25:51.675,CRUDEOILM,CE,9500.0,CRUDEOILM15OCT269500CE,342.95,10,SELL_AGGRESSOR,142620,74570
2026-09-24 14:25:51.675,CRUDEOILM,CE,9550.0,CRUDEOILM15OCT269550CE,326.55,10,SELL,21700,3780
2026-09-24 14:25:51.675,CRUDEOILM,CE,9600.0,CRUDEOILM15OCT269600CE,312.9,10,BUY_AGGRESSOR,58200,13820
2026-09-24 14:25:55.291,CRUDEOIL,CE,9500.0,CRUDEOIL15OCT269500CE,337.9,100,SELL_AGGRESSOR,1198600,565400
2026-09-24 14:25:55.291,CRUDEOIL,PE,9500.0,CRUDEOIL15OCT269500PE,756.1,200,BUY,66000,98200
2026-09-24 14:25:55.291,CRUDEOIL,CE,9700.0,CRUDEOIL15OCT269700CE,279.4,400,BUY_AGGRESSOR,371100,36200
2026-09-24 14:25:55.291,CRUDEOILM,FUT,0.0,CRUDEOILM19OCT26FUT,9076.0,10,BUY_AGGRESSOR,491580,413390
2026-09-24 14:25:55.291,CRUDEOILM,CE,9550.0,CRUDEOILM15OCT269550CE,327.35,10,BUY_AGGRESSOR,21710,3780
2026-09-24 14:25:55.291,CRUDEOILM,CE,9800.0,CRUDEOILM15OCT269800CE,256.9,70,BUY_AGGRESSOR,88410,33920
2026-09-24 14:25:58.948,CRUDEOIL,CE,9500.0,CRUDEOIL15OCT269500CE,340.0,100,BUY_AGGRESSOR,1198700,565300
2026-09-24 14:25:58.948,CRUDEOIL,CE,9550.0,CRUDEOIL15OCT269550CE,324.0,100,BUY_AGGRESSOR,68300,15700
2026-09-24 14:25:58.948,CRUDEOIL,CE,9600.0,CRUDEOIL15OCT269600CE,308.6,100,BUY_AGGRESSOR,220200,63500
2026-09-24 14:25:58.948,CRUDEOIL,CE,9700.0,CRUDEOIL15OCT269700CE,280.0,100,BUY_AGGRESSOR,371200,36500
2026-09-24 14:25:58.948,CRUDEOILM,FUT,0.0,CRUDEOILM19OCT26FUT,9078.0,180,BUY_AGGRESSOR,491760,413430
2026-09-24 14:25:58.948,CRUDEOILM,CE,9500.0,CRUDEOILM15OCT269500CE,345.7,20,BUY_AGGRESSOR,142640,74590
2026-09-24 14:25:58.948,CRUDEOILM,CE,9900.0,CRUDEOILM15OCT269900CE,233.0,70,BUY_AGGRESSOR,172150,29910
2026-09-24 14:26:02.502,CRUDEOIL,FUT,0.0,CRUDEOIL19OCT26FUT,9080.0,400,BUY_AGGRESSOR,1745800,1283800
2026-09-24 14:26:02.502,CRUDEOIL,CE,9350.0,CRUDEOIL15OCT269350CE,391.6,400,SELL_AGGRESSOR,89100,23700
2026-09-24 14:26:02.502,CRUDEOIL,CE,9400.0,CRUDEOIL15OCT269400CE,373.2,700,SELL_AGGRESSOR,326400,82200
2026-09-24 14:26:02.502,CRUDEOIL,CE,9500.0,CRUDEOIL15OCT269500CE,340.0,200,BUY_AGGRESSOR,1198900,565100
2026-09-24 14:26:02.502,CRUDEOIL,CE,9600.0,CRUDEOIL15OCT269600CE,307.7,400,SELL,220600,63500
2026-09-24 14:26:02.502,CRUDEOIL,CE,9650.0,CRUDEOIL15OCT269650CE,292.7,100,SELL_AGGRESSOR,47000,12700
2026-09-24 14:26:02.502,CRUDEOIL,CE,9700.0,CRUDEOIL15OCT269700CE,279.9,100,SELL_AGGRESSOR,371300,36400
2026-09-24 14:26:02.502,CRUDEOIL,CE,9800.0,CRUDEOIL15OCT269800CE,254.1,100,SELL,251400,99400
2026-09-24 14:26:02.502,CRUDEOIL,CE,9900.0,CRUDEOIL15OCT269900CE,229.2,400,SELL_AGGRESSOR,190600,35900
2026-09-24 14:26:02.502,CRUDEOILM,FUT,0.0,CRUDEOILM19OCT26FUT,9074.0,50,SELL_AGGRESSOR,491810,413440
2026-09-24 14:26:02.502,CRUDEOILM,CE,9350.0,CRUDEOILM15OCT269350CE,398.15,30,BUY,28120,18130
2026-09-24 14:26:02.502,CRUDEOILM,CE,9400.0,CRUDEOILM15OCT269400CE,378.75,30,SELL,57310,35960
2026-09-24 14:26:02.502,CRUDEOILM,CE,9500.0,CRUDEOILM15OCT269500CE,345.1,20,SELL,142660,74610
2026-09-24 14:26:02.502,CRUDEOILM,CE,9550.0,CRUDEOILM15OCT269550CE,327.05,110,SELL_AGGRESSOR,21820,3720
2026-09-24 14:26:02.502,CRUDEOILM,CE,9700.0,CRUDEOILM15OCT269700CE,284.2,70,SELL_AGGRESSOR,49710,10070
2026-09-24 14:26:02.502,CRUDEOILM,CE,9800.0,CRUDEOILM15OCT269800CE,257.4,70,BUY,88480,33970
2026-09-24 14:26:06.063,CRUDEOIL,FUT,0.0,CRUDEOIL19OCT26FUT,9075.0,1700,SELL_AGGRESSOR,1747500,1284800
2026-09-24 14:26:06.063,CRUDEOIL,CE,9350.0,CRUDEOIL15OCT269350CE,389.6,300,SELL_AGGRESSOR,89400,23700
2026-09-24 14:26:06.063,CRUDEOIL,CE,9400.0,CRUDEOIL15OCT269400CE,372.3,200,SELL_AGGRESSOR,326600,81800
2026-09-24 14:26:06.063,CRUDEOIL,CE,9500.0,CRUDEOIL15OCT269500CE,341.3,2900,BUY_AGGRESSOR,1201800,565300
2026-09-24 14:26:06.063,CRUDEOIL,PE,9500.0,CRUDEOIL15OCT269500PE,754.9,100,SELL,66100,98300
2026-09-24 14:26:06.063,CRUDEOIL,CE,9600.0,CRUDEOIL15OCT269600CE,307.2,300,SELL,220900,63400
2026-09-24 14:26:06.063,CRUDEOIL,CE,9650.0,CRUDEOIL15OCT269650CE,292.7,100,INSIDE,47100,12700
2026-09-24 14:26:06.063,CRUDEOIL,CE,9700.0,CRUDEOIL15OCT269700CE,279.9,1000,BUY_AGGRESSOR,372300,36500
2026-09-24 14:26:06.063,CRUDEOIL,CE,9800.0,CRUDEOIL15OCT269800CE,253.2,100,SELL,251500,99400
2026-09-24 14:26:06.063,CRUDEOIL,CE,9850.0,CRUDEOIL15OCT269850CE,241.4,100,INSIDE,37500,11700
2026-09-24 14:26:06.063,CRUDEOIL,CE,9900.0,CRUDEOIL15OCT269900CE,229.0,100,SELL,190700,35900
2026-09-24 14:26:06.063,CRUDEOIL,CE,9950.0,CRUDEOIL15OCT269950CE,218.7,100,SELL,31100,7000
2026-09-24 14:26:06.063,CRUDEOILM,FUT,0.0,CRUDEOILM19OCT26FUT,9077.0,690,BUY_AGGRESSOR,492500,413660
2026-09-24 14:26:06.063,CRUDEOILM,CE,9350.0,CRUDEOILM15OCT269350CE,398.8,1180,BUY_AGGRESSOR,29300,17200
2026-09-24 14:26:06.063,CRUDEOILM,CE,9450.0,CRUDEOILM15OCT269450CE,360.95,10,SELL_AGGRESSOR,32160,14440
2026-09-24 14:26:06.063,CRUDEOILM,CE,9500.0,CRUDEOILM15OCT269500CE,345.85,50,BUY_AGGRESSOR,142710,74580
2026-09-24 14:26:06.063,CRUDEOILM,PE,9500.0,CRUDEOILM15OCT269500PE,761.9,70,SELL_AGGRESSOR,5670,11380
2026-09-24 14:26:06.063,CRUDEOILM,CE,9600.0,CRUDEOILM15OCT269600CE,313.7,30,BUY,58230,13820
2026-09-24 14:26:06.063,CRUDEOILM,CE,9700.0,CRUDEOILM15OCT269700CE,285.0,150,BUY_AGGRESSOR,49860,10040
2026-09-24 14:26:06.063,CRUDEOILM,CE,9750.0,CRUDEOILM15OCT269750CE,270.0,40,SELL_AGGRESSOR,11440,3420
2026-09-24 14:26:06.063,CRUDEOILM,CE,9800.0,CRUDEOILM15OCT269800CE,257.25,160,SELL,88640,34040
2026-09-24 14:26:06.063,CRUDEOILM,CE,9850.0,CRUDEOILM15OCT269850CE,243.85,10,SELL,13100,3330
2026-09-24 14:26:06.063,CRUDEOILM,CE,9900.0,CRUDEOILM15OCT269900CE,233.55,100,BUY_AGGRESSOR,172250,29900
2026-09-24 14:27:09.813,CRUDEOILM,FUT,0.0,CRUDEOILM19OCT26FUT,9077.0,20,BUY_AGGRESSOR,492520,413660
2026-09-24 14:27:13.271,CRUDEOIL,FUT,0.0,CRUDEOIL19OCT26FUT,9080.0,100,BUY_AGGRESSOR,1747600,1284900
2026-09-24 14:27:13.271,CRUDEOIL,CE,9450.0,CRUDEOIL15OCT269450CE,355.3,100,SELL_AGGRESSOR,68500,23400
2026-09-24 14:27:13.271,CRUDEOIL,PE,9500.0,CRUDEOIL15OCT269500PE,751.1,1200,SELL_AGGRESSOR,67300,98600
2026-09-24 14:27:13.271,CRUDEOIL,CE,9550.0,CRUDEOIL15OCT269550CE,322.8,100,SELL_AGGRESSOR,68400,15600
2026-09-24 14:27:13.271,CRUDEOIL,CE,9600.0,CRUDEOIL15OCT269600CE,307.9,100,BUY,221000,63400
2026-09-24 14:27:13.271,CRUDEOILM,FUT,0.0,CRUDEOILM19OCT26FUT,9079.0,60,BUY_AGGRESSOR,492580,413650
2026-09-24 14:27:13.271,CRUDEOILM,CE,9450.0,CRUDEOILM15OCT269450CE,362.75,10,SELL_AGGRESSOR,32170,14430
2026-09-24 14:27:13.271,CRUDEOILM,CE,9500.0,CRUDEOILM15OCT269500CE,345.8,80,SELL_AGGRESSOR,142790,74550
2026-09-24 14:27:16.894,CRUDEOIL,FUT,0.0,CRUDEOIL19OCT26FUT,9080.0,200,BUY_AGGRESSOR,1747800,1285000
2026-09-24 14:27:16.894,CRUDEOIL,CE,9400.0,CRUDEOIL15OCT269400CE,375.0,100,BUY_AGGRESSOR,326700,81800
2026-09-24 14:27:16.894,CRUDEOIL,CE,9800.0,CRUDEOIL15OCT269800CE,254.1,200,BUY_AGGRESSOR,251700,99400
2026-09-24 14:27:16.894,CRUDEOILM,FUT,0.0,CRUDEOILM19OCT26FUT,9083.0,160,BUY_AGGRESSOR,492740,413710
2026-09-24 14:27:16.894,CRUDEOILM,CE,9400.0,CRUDEOILM15OCT269400CE,380.0,80,BUY_AGGRESSOR,57390,35960
2026-09-24 14:27:20.378,CRUDEOIL,FUT,0.0,CRUDEOIL19OCT26FUT,9083.0,100,BUY_AGGRESSOR,1747900,1284900
2026-09-24 14:27:20.378,CRUDEOIL,CE,9400.0,CRUDEOIL15OCT269400CE,375.5,100,BUY_AGGRESSOR,326800,81800
2026-09-24 14:27:20.378,CRUDEOIL,CE,9500.0,CRUDEOIL15OCT269500CE,341.6,100,BUY_AGGRESSOR,1201900,565200
2026-09-24 14:27:20.378,CRUDEOIL,CE,9850.0,CRUDEOIL15OCT269850CE,243.0,100,BUY_AGGRESSOR,37600,11700
2026-09-24 14:27:20.378,CRUDEOIL,CE,9900.0,CRUDEOIL15OCT269900CE,231.4,100,BUY_AGGRESSOR,190800,35900
2026-09-24 14:27:20.378,CRUDEOILM,CE,9600.0,CRUDEOILM15OCT269600CE,317.2,10,BUY_AGGRESSOR,58240,13820
2026-09-24 14:27:20.378,CRUDEOILM,CE,9700.0,CRUDEOILM15OCT269700CE,286.0,120,BUY_AGGRESSOR,49980,10040
2026-09-24 14:27:20.378,CRUDEOILM,CE,9850.0,CRUDEOILM15OCT269850CE,246.7,10,BUY,13110,3330
2026-09-24 14:27:24.020,CRUDEOIL,FUT,0.0,CRUDEOIL19OCT26FUT,9084.0,300,BUY_AGGRESSOR,1748200,1284900
2026-09-24 14:27:24.020,CRUDEOIL,CE,9450.0,CRUDEOIL15OCT269450CE,357.4,100,SELL_AGGRESSOR,68600,23400
2026-09-24 14:27:24.020,CRUDEOIL,CE,9500.0,CRUDEOIL15OCT269500CE,342.0,200,BUY_AGGRESSOR,1202100,565000
2026-09-24 14:27:24.020,CRUDEOIL,PE,9500.0,CRUDEOIL15OCT269500PE,751.1,100,INSIDE,67400,98600
2026-09-24 14:27:24.020,CRUDEOILM,FUT,0.0,CRUDEOILM19OCT26FUT,9083.0,20,BUY_AGGRESSOR,492760,413750
2026-09-24 14:27:24.020,CRUDEOILM,CE,9600.0,CRUDEOILM15OCT269600CE,316.3,10,SELL,58250,13810
2026-09-24 14:27:24.020,CRUDEOILM,CE,9650.0,CRUDEOILM15OCT269650CE,301.65,10,BUY_AGGRESSOR,14650,2730
2026-09-24 14:27:27.487,CRUDEOIL,FUT,0.0,CRUDEOIL19OCT26FUT,9083.0,200,SELL_AGGRESSOR,1748400,1284800
2026-09-24 14:27:27.487,CRUDEOIL,CE,9500.0,CRUDEOIL15OCT269500CE,342.6,200,BUY,1202300,565200
2026-09-24 14:27:27.487,CRUDEOILM,FUT,0.0,CRUDEOILM19OCT26FUT,9081.0,50,SELL_AGGRESSOR,492810,413790
2026-09-24 14:27:27.487,CRUDEOILM,CE,9500.0,CRUDEOILM15OCT269500CE,347.85,10,SELL_AGGRESSOR,142800,74550
2026-09-24 14:27:31.564,CRUDEOIL,FUT,0.0,CRUDEOIL19OCT26FUT,9083.0,200,INSIDE,1748600,1284900
2026-09-24 14:27:31.564,CRUDEOIL,CE,9900.0,CRUDEOIL15OCT269900CE,232.0,300,BUY_AGGRESSOR,191100,35900
2026-09-24 14:27:35.203,CRUDEOIL,FUT,0.0,CRUDEOIL19OCT26FUT,9086.0,400,BUY_AGGRESSOR,1749000,1285000
2026-09-24 14:27:35.203,CRUDEOILM,FUT,0.0,CRUDEOILM19OCT26FUT,9083.0,30,BUY_AGGRESSOR,492840,413800
2026-09-24 14:27:35.203,CRUDEOILM,CE,9500.0,CRUDEOILM15OCT269500CE,348.85,40,BUY,142840,74570
2026-09-24 14:27:35.203,CRUDEOILM,CE,9950.0,CRUDEOILM15OCT269950CE,225.0,30,BUY_AGGRESSOR,6620,3110
2026-09-24 14:27:38.781,CRUDEOIL,FUT,0.0,CRUDEOIL19OCT26FUT,9086.0,300,INSIDE,1749300,1284800
2026-09-24 14:27:38.781,CRUDEOIL,CE,9400.0,CRUDEOIL15OCT269400CE,376.8,100,BUY,326900,81800
2026-09-24 14:27:38.781,CRUDEOILM,CE,9400.0,CRUDEOILM15OCT269400CE,382.15,10,BUY_AGGRESSOR,57400,35960
2026-09-24 14:27:38.781,CRUDEOILM,CE,9500.0,CRUDEOILM15OCT269500CE,347.55,40,SELL_AGGRESSOR,142880,74570
2026-09-24 14:27:38.781,CRUDEOILM,CE,9900.0,CRUDEOILM15OCT269900CE,235.35,10,BUY,172260,29900
2026-09-24 14:27:42.404,CRUDEOIL,FUT,0.0,CRUDEOIL19OCT26FUT,9082.0,500,SELL_AGGRESSOR,1749800,1284700
2026-09-24 14:27:42.404,CRUDEOIL,CE,9700.0,CRUDEOIL15OCT269700CE,282.0,1100,SELL_AGGRESSOR,373400,37300
2026-09-24 14:27:42.404,CRUDEOILM,FUT,0.0,CRUDEOILM19OCT26FUT,9083.0,50,BUY_AGGRESSOR,492890,413810
2026-09-24 14:27:46.038,CRUDEOIL,FUT,0.0,CRUDEOIL19OCT26FUT,9085.0,200,BUY_AGGRESSOR,1750000,1284700
2026-09-24 14:27:46.038,CRUDEOILM,FUT,0.0,CRUDEOILM19OCT26FUT,9081.0,60,SELL_AGGRESSOR,492950,413810
2026-09-24 14:27:46.038,CRUDEOILM,CE,9400.0,CRUDEOILM15OCT269400CE,380.7,10,SELL,57410,35960
2026-09-24 14:27:46.038,CRUDEOILM,CE,9500.0,CRUDEOILM15OCT269500CE,348.5,10,BUY,142890,74570
2026-09-24 14:27:49.555,CRUDEOILM,FUT,0.0,CRUDEOILM19OCT26FUT,9078.0,270,SELL_AGGRESSOR,493220,413620
2026-09-24 14:27:53.155,CRUDEOIL,FUT,0.0,CRUDEOIL19OCT26FUT,9084.0,200,BUY_AGGRESSOR,1750200,1284700
2026-09-24 14:27:53.155,CRUDEOIL,CE,9550.0,CRUDEOIL15OCT269550CE,324.5,100,BUY,68500,15600
2026-09-24 14:27:56.719,CRUDEOIL,FUT,0.0,CRUDEOIL19OCT26FUT,9085.0,4100,BUY_AGGRESSOR,1754300,1281800
2026-09-24 14:27:56.719,CRUDEOIL,CE,9500.0,CRUDEOIL15OCT269500CE,342.6,500,BUY_AGGRESSOR,1202800,564900
2026-09-24 14:27:56.719,CRUDEOIL,CE,9700.0,CRUDEOIL15OCT269700CE,282.6,100,BUY_AGGRESSOR,373500,37300
2026-09-24 14:27:56.719,CRUDEOIL,CE,9800.0,CRUDEOIL15OCT269800CE,256.0,100,BUY_AGGRESSOR,251800,99300
2026-09-24 14:27:56.719,CRUDEOIL,CE,9950.0,CRUDEOIL15OCT269950CE,221.0,100,BUY_AGGRESSOR,31200,7000
2026-09-24 14:27:56.719,CRUDEOILM,FUT,0.0,CRUDEOILM19OCT26FUT,9081.0,70,BUY,493290,413630
2026-09-24 14:27:56.719,CRUDEOILM,CE,9800.0,CRUDEOILM15OCT269800CE,260.0,60,BUY_AGGRESSOR,88700,34000
2026-09-24 14:27:56.719,CRUDEOILM,CE,9900.0,CRUDEOILM15OCT269900CE,235.4,20,BUY_AGGRESSOR,172280,29910
2026-09-24 14:28:00.450,CRUDEOIL,FUT,0.0,CRUDEOIL19OCT26FUT,9084.0,200,SELL_AGGRESSOR,1754500,1281800
2026-09-24 14:28:00.450,CRUDEOIL,CE,9400.0,CRUDEOIL15OCT269400CE,377.0,100,BUY_AGGRESSOR,327000,81800
2026-09-24 14:28:00.450,CRUDEOILM,FUT,0.0,CRUDEOILM19OCT26FUT,9083.0,20,BUY,493310,413640
2026-09-24 14:28:00.450,CRUDEOILM,CE,9500.0,CRUDEOILM15OCT269500CE,349.0,10,BUY_AGGRESSOR,142900,74580
2026-09-24 14:28:00.450,CRUDEOILM,CE,9700.0,CRUDEOILM15OCT269700CE,287.0,10,BUY,49990,10030
2026-09-24 14:28:03.889,CRUDEOIL,FUT,0.0,CRUDEOIL19OCT26FUT,9086.0,300,BUY_AGGRESSOR,1754800,1281800
2026-09-24 14:28:03.889,CRUDEOIL,CE,9400.0,CRUDEOIL15OCT269400CE,377.0,100,BUY_AGGRESSOR,327100,81800
2026-09-24 14:28:03.889,CRUDEOILM,FUT,0.0,CRUDEOILM19OCT26FUT,9084.0,110,BUY,493420,413660
2026-09-24 14:28:07.517,CRUDEOIL,FUT,0.0,CRUDEOIL19OCT26FUT,9086.0,800,BUY_AGGRESSOR,1755600,1281800
2026-09-24 14:28:07.517,CRUDEOIL,PE,9500.0,CRUDEOIL15OCT269500PE,751.3,100,BUY_AGGRESSOR,67500,98700
2026-09-24 14:28:07.517,CRUDEOIL,CE,9700.0,CRUDEOIL15OCT269700CE,282.9,100,BUY,373600,37400
2026-09-24 14:28:07.517,CRUDEOIL,CE,9900.0,CRUDEOIL15OCT269900CE,233.3,200,BUY_AGGRESSOR,191300,35900
2026-09-24 14:28:07.517,CRUDEOILM,FUT,0.0,CRUDEOILM19OCT26FUT,9085.0,180,BUY_AGGRESSOR,493600,413650
2026-09-24 14:28:07.517,CRUDEOILM,CE,9500.0,CRUDEOILM15OCT269500CE,348.1,40,SELL_AGGRESSOR,142940,74570
2026-09-24 14:28:11.215,CRUDEOIL,FUT,0.0,CRUDEOIL19OCT26FUT,9084.0,3500,SELL_AGGRESSOR,1759100,1281900
2026-09-24 14:28:11.215,CRUDEOIL,CE,9400.0,CRUDEOIL15OCT269400CE,377.0,100,BUY_AGGRESSOR,327200,81800
2026-09-24 14:28:11.215,CRUDEOIL,CE,9500.0,CRUDEOIL15OCT269500CE,342.6,5200,BUY_AGGRESSOR,1208000,560000
2026-09-24 14:28:11.215,CRUDEOIL,CE,9900.0,CRUDEOIL15OCT269900CE,232.8,200,SELL,191500,35800
2026-09-24 14:28:11.215,CRUDEOILM,FUT,0.0,CRUDEOILM19OCT26FUT,9081.0,60,SELL_AGGRESSOR,493660,413700
2026-09-24 14:28:11.215,CRUDEOILM,CE,9500.0,CRUDEOILM15OCT269500CE,349.2,50,BUY,142990,74610
2026-09-24 14:28:14.750,CRUDEOIL,FUT,0.0,CRUDEOIL19OCT26FUT,9084.0,200,BUY_AGGRESSOR,1759300,1282100
2026-09-24 14:28:14.750,CRUDEOIL,CE,9800.0,CRUDEOIL15OCT269800CE,257.6,500,BUY_AGGRESSOR,252300,99600
2026-09-24 14:28:14.750,CRUDEOILM,FUT,0.0,CRUDEOILM19OCT26FUT,9080.0,100,SELL_AGGRESSOR,493760,413710
2026-09-24 14:28:18.402,CRUDEOIL,FUT,0.0,CRUDEOIL19OCT26FUT,9085.0,600,BUY_AGGRESSOR,1759900,1282400
2026-09-24 14:28:18.402,CRUDEOIL,CE,9400.0,CRUDEOIL15OCT269400CE,375.0,1200,SELL_AGGRESSOR,328400,81900
2026-09-24 14:28:18.402,CRUDEOIL,CE,9500.0,CRUDEOIL15OCT269500CE,340.9,400,SELL_AGGRESSOR,1208400,559900
2026-09-24 14:28:18.402,CRUDEOIL,CE,9700.0,CRUDEOIL15OCT269700CE,282.3,300,SELL,373900,37400
2026-09-24 14:28:18.402,CRUDEOIL,CE,9800.0,CRUDEOIL15OCT269800CE,255.6,200,SELL_AGGRESSOR,252500,99500
2026-09-24 14:28:18.402,CRUDEOIL,CE,9900.0,CRUDEOIL15OCT269900CE,231.6,100,SELL,191600,35700
2026-09-24 14:28:18.402,CRUDEOILM,FUT,0.0,CRUDEOILM19OCT26FUT,9081.0,30,BUY,493790,413710
2026-09-24 14:28:18.402,CRUDEOILM,CE,9350.0,CRUDEOILM15OCT269350CE,401.7,40,BUY,29340,17240
2026-09-24 14:28:18.402,CRUDEOILM,CE,9400.0,CRUDEOILM15OCT269400CE,382.15,10,BUY,57420,35970
2026-09-24 14:28:18.402,CRUDEOILM,CE,9500.0,CRUDEOILM15OCT269500CE,346.0,240,SELL_AGGRESSOR,143230,74830
2026-09-24 14:28:18.402,CRUDEOILM,CE,9600.0,CRUDEOILM15OCT269600CE,315.9,30,SELL,58280,13800
2026-09-24 14:28:18.402,CRUDEOILM,CE,9650.0,CRUDEOILM15OCT269650CE,299.85,30,SELL,14680,2730
2026-09-24 14:28:18.402,CRUDEOILM,CE,9700.0,CRUDEOILM15OCT269700CE,287.15,10,SELL_AGGRESSOR,50000,10030
2026-09-24 14:28:18.402,CRUDEOILM,CE,9850.0,CRUDEOILM15OCT269850CE,246.0,40,SELL_AGGRESSOR,13150,3330
2026-09-24 14:28:18.402,CRUDEOILM,CE,9900.0,CRUDEOILM15OCT269900CE,235.3,10,SELL,172290,29900
2026-09-24 14:28:22.036,CRUDEOIL,CE,9750.0,CRUDEOIL15OCT269750CE,266.5,100,BUY,50200,13000
2026-09-24 14:28:22.036,CRUDEOILM,FUT,0.0,CRUDEOILM19OCT26FUT,9077.0,160,SELL_AGGRESSOR,493950,413660
2026-09-24 14:28:25.665,CRUDEOIL,FUT,0.0,CRUDEOIL19OCT26FUT,9083.0,300,BUY_AGGRESSOR,1760200,1282200
2026-09-24 14:28:25.665,CRUDEOIL,CE,9600.0,CRUDEOIL15OCT269600CE,310.2,100,BUY_AGGRESSOR,221100,63400
2026-09-24 14:28:25.665,CRUDEOILM,FUT,0.0,CRUDEOILM19OCT26FUT,9079.0,160,BUY,494110,413530
2026-09-24 14:28:25.665,CRUDEOILM,CE,9850.0,CRUDEOILM15OCT269850CE,246.0,10,INSIDE,13160,3320
2026-09-24 14:28:29.180,CRUDEOIL,CE,9500.0,CRUDEOIL15OCT269500CE,341.5,100,BUY_AGGRESSOR,1208500,560000
2026-09-24 14:28:29.180,CRUDEOILM,CE,9400.0,CRUDEOILM15OCT269400CE,380.9,10,SELL,57430,35970
2026-09-24 14:28:29.180,CRUDEOILM,CE,9500.0,CRUDEOILM15OCT269500CE,346.0,30,SELL_AGGRESSOR,143260,74830
2026-09-24 14:28:29.180,CRUDEOILM,CE,9850.0,CRUDEOILM15OCT269850CE,245.85,10,SELL,13170,3320
2026-09-24 14:28:32.831,CRUDEOIL,FUT,0.0,CRUDEOIL19OCT26FUT,9081.0,100,SELL,1760300,1282200
2026-09-24 14:28:32.831,CRUDEOIL,CE,9400.0,CRUDEOIL15OCT269400CE,374.4,100,SELL_AGGRESSOR,328500,81900
2026-09-24 14:28:32.831,CRUDEOIL,CE,9650.0,CRUDEOIL15OCT269650CE,295.9,100,BUY_AGGRESSOR,47200,12700
2026-09-24 14:28:36.395,CRUDEOILM,FUT,0.0,CRUDEOILM19OCT26FUT,9075.0,90,SELL_AGGRESSOR,494200,413460
2026-09-24 14:28:36.395,CRUDEOILM,CE,9500.0,CRUDEOILM15OCT269500CE,347.35,30,BUY_AGGRESSOR,143290,74830
2026-09-24 14:28:36.395,CRUDEOILM,CE,9700.0,CRUDEOILM15OCT269700CE,286.6,10,BUY_AGGRESSOR,50010,10040
2026-09-24 14:28:40.067,CRUDEOIL,FUT,0.0,CRUDEOIL19OCT26FUT,9076.0,200,SELL_AGGRESSOR,1760500,1282100
2026-09-24 14:28:40.067,CRUDEOIL,CE,9500.0,CRUDEOIL15OCT269500CE,338.6,1600,SELL_AGGRESSOR,1210100,560500
2026-09-24 14:28:40.067,CRUDEOIL,CE,9800.0,CRUDEOIL15OCT269800CE,253.8,200,SELL_AGGRESSOR,252700,99500
2026-09-24 14:28:40.067,CRUDEOILM,FUT,0.0,CRUDEOILM19OCT26FUT,9072.0,20,SELL_AGGRESSOR,494220,413450
2026-09-24 14:28:40.067,CRUDEOILM,PE,9350.0,CRUDEOILM15OCT269350PE,669.35,10,BUY_AGGRESSOR,2380,2630
2026-09-24 14:28:40.067,CRUDEOILM,PE,9450.0,CRUDEOILM15OCT269450PE,732.15,10,BUY_AGGRESSOR,2470,1350
2026-09-24 14:28:40.067,CRUDEOILM,CE,9500.0,CRUDEOILM15OCT269500CE,345.25,10,SELL_AGGRESSOR,143300,74830
2026-09-24 14:28:40.067,CRUDEOILM,PE,9550.0,CRUDEOILM15OCT269550PE,799.5,10,BUY_AGGRESSOR,1020,720
2026-09-24 14:28:40.067,CRUDEOILM,CE,9650.0,CRUDEOILM15OCT269650CE,297.9,40,SELL_AGGRESSOR,14720,2730
2026-09-24 14:28:40.067,CRUDEOILM,CE,9700.0,CRUDEOILM15OCT269700CE,285.2,10,SELL_AGGRESSOR,50020,10030
2026-09-24 14:28:40.067,CRUDEOILM,CE,9750.0,CRUDEOILM15OCT269750CE,271.15,10,SELL_AGGRESSOR,11450,3410
2026-09-24 14:28:40.067,CRUDEOILM,CE,9800.0,CRUDEOILM15OCT269800CE,258.05,170,SELL_AGGRESSOR,88870,33850
2026-09-24 14:28:40.067,CRUDEOILM,CE,9850.0,CRUDEOILM15OCT269850CE,245.05,10,SELL_AGGRESSOR,13180,3310
2026-09-24 14:28:43.661,CRUDEOIL,FUT,0.0,CRUDEOIL19OCT26FUT,9076.0,4100,BUY_AGGRESSOR,1764600,1283100
2026-09-24 14:28:43.661,CRUDEOIL,CE,9400.0,CRUDEOIL15OCT269400CE,372.5,100,SELL,328600,81900
2026-09-24 14:28:43.661,CRUDEOILM,FUT,0.0,CRUDEOILM19OCT26FUT,9072.0,10,SELL_AGGRESSOR,494230,413450
2026-09-24 14:28:43.661,CRUDEOILM,PE,9450.0,CRUDEOILM15OCT269450PE,733.8,30,BUY,2500,1360
2026-09-24 14:28:43.661,CRUDEOILM,CE,9650.0,CRUDEOILM15OCT269650CE,296.85,10,SELL,14730,2730
2026-09-24 14:28:47.325,CRUDEOIL,FUT,0.0,CRUDEOIL19OCT26FUT,9073.0,100,SELL_AGGRESSOR,1764700,1283200
2026-09-24 14:28:47.325,CRUDEOIL,CE,9800.0,CRUDEOIL15OCT269800CE,253.2,100,BUY_AGGRESSOR,252800,99600
2026-09-24 14:28:47.325,CRUDEOIL,CE,9900.0,CRUDEOIL15OCT269900CE,229.2,100,SELL,191700,35700
2026-09-24 14:28:47.325,CRUDEOILM,FUT,0.0,CRUDEOILM19OCT26FUT,9070.0,50,SELL_AGGRESSOR,494280,413460
2026-09-24 14:28:47.325,CRUDEOILM,PE,9350.0,CRUDEOILM15OCT269350PE,672.85,20,BUY,2400,2650
2026-09-24 14:28:47.325,CRUDEOILM,CE,9500.0,CRUDEOILM15OCT269500CE,343.6,10,SELL_AGGRESSOR,143310,74820
2026-09-24 14:28:47.325,CRUDEOILM,CE,9850.0,CRUDEOILM15OCT269850CE,243.15,10,SELL,13190,3310
2026-09-24 14:28:47.325,CRUDEOILM,CE,9900.0,CRUDEOILM15OCT269900CE,231.2,10,SELL_AGGRESSOR,172300,29900
2026-09-24 14:28:50.958,CRUDEOIL,FUT,0.0,CRUDEOIL19OCT26FUT,9073.0,600,SELL_AGGRESSOR,1765300,1283200
2026-09-24 14:28:50.958,CRUDEOIL,CE,9600.0,CRUDEOIL15OCT269600CE,306.3,100,SELL_AGGRESSOR,221200,63400
2026-09-24 14:28:50.958,CRUDEOILM,FUT,0.0,CRUDEOILM19OCT26FUT,9070.0,80,SELL_AGGRESSOR,494360,413540
2026-09-24 14:28:50.958,CRUDEOILM,PE,9350.0,CRUDEOILM15OCT269350PE,672.8,50,SELL_AGGRESSOR,2450,2700
2026-09-24 14:28:50.958,CRUDEOILM,CE,9400.0,CRUDEOILM15OCT269400CE,375.7,10,SELL_AGGRESSOR,57440,35980
2026-09-24 14:28:50.958,CRUDEOILM,CE,9500.0,CRUDEOILM15OCT269500CE,343.1,10,SELL,143320,74810
2026-09-24 14:28:50.958,CRUDEOILM,PE,9550.0,CRUDEOILM15OCT269550PE,802.5,30,BUY,1050,700
2026-09-24 14:28:50.958,CRUDEOILM,CE,9650.0,CRUDEOILM15OCT269650CE,295.7,10,SELL,14740,2730
2026-09-24 14:28:50.958,CRUDEOILM,CE,9950.0,CRUDEOILM15OCT269950CE,219.4,10,SELL_AGGRESSOR,6630,3100
2026-09-24 14:28:54.630,CRUDEOIL,PE,9500.0,CRUDEOIL15OCT269500PE,759.0,100,BUY_AGGRESSOR,67600,98700
2026-09-24 14:28:54.630,CRUDEOILM,FUT,0.0,CRUDEOILM19OCT26FUT,9070.0,30,SELL_AGGRESSOR,494390,413550
2026-09-24 14:28:54.630,CRUDEOILM,CE,9450.0,CRUDEOILM15OCT269450CE,360.15,10,BUY_AGGRESSOR,32180,14430
2026-09-24 14:28:54.630,CRUDEOILM,CE,9500.0,CRUDEOILM15OCT269500CE,342.4,10,SELL,143330,74800
2026-09-24 14:28:54.630,CRUDEOILM,PE,9550.0,CRUDEOILM15OCT269550PE,802.65,140,SELL_AGGRESSOR,1190,650
2026-09-24 14:28:54.630,CRUDEOILM,CE,9800.0,CRUDEOILM15OCT269800CE,256.05,10,BUY_AGGRESSOR,88880,33860
2026-09-24 14:28:58.220,CRUDEOIL,CE,9400.0,CRUDEOIL15OCT269400CE,371.8,100,BUY_AGGRESSOR,328700,81900
2026-09-24 14:28:58.220,CRUDEOILM,FUT,0.0,CRUDEOILM19OCT26FUT,9072.0,70,BUY_AGGRESSOR,494460,413550
2026-09-24 14:28:58.220,CRUDEOILM,CE,9500.0,CRUDEOILM15OCT269500CE,343.15,10,BUY_AGGRESSOR,143340,74810
2026-09-24 14:28:58.220,CRUDEOILM,CE,9850.0,CRUDEOILM15OCT269850CE,242.85,10,BUY_AGGRESSOR,13200,3310
2026-09-24 14:29:01.887,CRUDEOIL,FUT,0.0,CRUDEOIL19OCT26FUT,9076.0,200,BUY_AGGRESSOR,1765500,1283300
2026-09-24 14:29:01.887,CRUDEOILM,FUT,0.0,CRUDEOILM19OCT26FUT,9072.0,10,SELL_AGGRESSOR,494470,413550
2026-09-24 14:29:01.887,CRUDEOILM,CE,9600.0,CRUDEOILM15OCT269600CE,311.75,20,SELL_AGGRESSOR,58300,13780
2026-09-24 14:29:01.887,CRUDEOILM,CE,9950.0,CRUDEOILM15OCT269950CE,221.75,10,BUY_AGGRESSOR,6640,3110
2026-09-24 14:29:05.616,CRUDEOILM,CE,9500.0,CRUDEOILM15OCT269500CE,342.55,10,SELL_AGGRESSOR,143350,74810
2026-09-24 14:29:09.433,CRUDEOIL,FUT,0.0,CRUDEOIL19OCT26FUT,9069.0,500,SELL_AGGRESSOR,1766000,1283100
2026-09-24 14:29:09.433,CRUDEOIL,CE,9400.0,CRUDEOIL15OCT269400CE,370.0,100,SELL_AGGRESSOR,328800,81900
2026-09-24 14:29:09.433,CRUDEOIL,CE,9500.0,CRUDEOIL15OCT269500CE,336.8,800,SELL_AGGRESSOR,1210900,560400
2026-09-24 14:29:09.433,CRUDEOIL,CE,9800.0,CRUDEOIL15OCT269800CE,251.4,200,SELL_AGGRESSOR,253000,99400
2026-09-24 14:29:09.433,CRUDEOILM,FUT,0.0,CRUDEOILM19OCT26FUT,9070.0,310,SELL_AGGRESSOR,494780,413520
2026-09-24 14:29:09.433,CRUDEOILM,CE,9350.0,CRUDEOILM15OCT269350CE,395.3,130,SELL_AGGRESSOR,29470,17110
2026-09-24 14:29:09.433,CRUDEOILM,CE,9400.0,CRUDEOILM15OCT269400CE,376.0,60,SELL_AGGRESSOR,57500,35970
2026-09-24 14:29:09.433,CRUDEOILM,CE,9450.0,CRUDEOILM15OCT269450CE,359.25,100,SELL_AGGRESSOR,32280,14340
2026-09-24 14:29:09.433,CRUDEOILM,CE,9500.0,CRUDEOILM15OCT269500CE,342.3,60,SELL_AGGRESSOR,143410,74770
2026-09-24 14:29:09.433,CRUDEOILM,CE,9600.0,CRUDEOILM15OCT269600CE,311.35,50,SELL_AGGRESSOR,58350,13730
2026-09-24 14:29:09.433,CRUDEOILM,CE,9700.0,CRUDEOILM15OCT269700CE,282.5,60,SELL_AGGRESSOR,50080,9980
2026-09-24 14:29:09.433,CRUDEOILM,CE,9800.0,CRUDEOILM15OCT269800CE,255.75,250,SELL_AGGRESSOR,89130,33630
2026-09-24 14:29:09.433,CRUDEOILM,CE,9850.0,CRUDEOILM15OCT269850CE,242.9,20,SELL_AGGRESSOR,13220,3300
2026-09-24 14:29:09.433,CRUDEOILM,CE,9900.0,CRUDEOILM15OCT269900CE,231.2,100,SELL_AGGRESSOR,172400,29880
2026-09-24 14:29:13.117,CRUDEOIL,CE,9400.0,CRUDEOIL15OCT269400CE,370.5,200,BUY_AGGRESSOR,329000,81900
2026-09-24 14:29:13.117,CRUDEOIL,CE,9500.0,CRUDEOIL15OCT269500CE,336.0,100,SELL_AGGRESSOR,1211000,560400
2026-09-24 14:29:13.117,CRUDEOIL,CE,9800.0,CRUDEOIL15OCT269800CE,251.1,100,SELL_AGGRESSOR,253100,99400
2026-09-24 14:29:13.117,CRUDEOILM,FUT,0.0,CRUDEOILM19OCT26FUT,9069.0,220,BUY_AGGRESSOR,495000,413570
2026-09-24 14:29:13.117,CRUDEOILM,CE,9350.0,CRUDEOILM15OCT269350CE,393.4,10,SELL,29480,17100
2026-09-24 14:29:13.117,CRUDEOILM,PE,9550.0,CRUDEOILM15OCT269550PE,804.55,90,SELL_AGGRESSOR,1280,650
2026-09-24 14:29:16.674,CRUDEOIL,FUT,0.0,CRUDEOIL19OCT26FUT,9066.0,500,SELL_AGGRESSOR,1766500,1283300
2026-09-24 14:29:16.674,CRUDEOIL,CE,9400.0,CRUDEOIL15OCT269400CE,370.6,100,BUY_AGGRESSOR,329100,81900
2026-09-24 14:29:16.674,CRUDEOIL,CE,9500.0,CRUDEOIL15OCT269500CE,336.3,200,BUY,1211200,560400
2026-09-24 14:29:16.674,CRUDEOIL,CE,9900.0,CRUDEOIL15OCT269900CE,227.4,100,SELL,191800,35700
2026-09-24 14:29:16.674,CRUDEOILM,FUT,0.0,CRUDEOILM19OCT26FUT,9066.0,100,SELL_AGGRESSOR,495100,413610
2026-09-24 14:29:16.674,CRUDEOILM,CE,9350.0,CRUDEOILM15OCT269350CE,393.9,10,BUY,29490,17110
2026-09-24 14:29:16.674,CRUDEOILM,CE,9600.0,CRUDEOILM15OCT269600CE,311.2,10,BUY_AGGRESSOR,58360,13740
2026-09-24 14:29:20.319,CRUDEOIL,CE,9800.0,CRUDEOIL15OCT269800CE,252.2,100,BUY,253200,99400
2026-09-24 14:29:20.319,CRUDEOIL,CE,9900.0,CRUDEOIL15OCT269900CE,227.5,100,SELL_AGGRESSOR,191900,35700
2026-09-24 14:29:20.319,CRUDEOILM,FUT,0.0,CRUDEOILM19OCT26FUT,9066.0,20,SELL_AGGRESSOR,495120,413620
2026-09-24 14:29:23.833,CRUDEOIL,CE,9500.0,CRUDEOIL15OCT269500CE,336.9,300,BUY_AGGRESSOR,1211500,560400
2026-09-24 14:29:23.833,CRUDEOILM,FUT,0.0,CRUDEOILM19OCT26FUT,9067.0,50,BUY,495170,413620
2026-09-24 14:29:23.833,CRUDEOILM,CE,9400.0,CRUDEOILM15OCT269400CE,375.15,10,SELL,57510,35970
2026-09-24 14:29:23.833,CRUDEOILM,CE,9450.0,CRUDEOILM15OCT269450CE,358.05,40,SELL,32320,14320
2026-09-24 14:29:23.833,CRUDEOILM,CE,9500.0,CRUDEOILM15OCT269500CE,341.55,420,SELL,143830,74480
2026-09-24 14:29:23.833,CRUDEOILM,CE,9900.0,CRUDEOILM15OCT269900CE,231.2,10,INSIDE,172410,29880
2026-09-24 14:29:27.641,CRUDEOIL,FUT,0.0,CRUDEOIL19OCT26FUT,9070.0,100,BUY_AGGRESSOR,1766600,1283400
2026-09-24 14:29:27.641,CRUDEOIL,CE,9700.0,CRUDEOIL15OCT269700CE,278.0,300,BUY_AGGRESSOR,374200,37100
2026-09-24 14:29:27.641,CRUDEOILM,FUT,0.0,CRUDEOILM19OCT26FUT,9067.0,70,SELL_AGGRESSOR,495240,413680
2026-09-24 14:29:27.641,CRUDEOILM,CE,9350.0,CRUDEOILM15OCT269350CE,394.45,100,SELL_AGGRESSOR,29590,17040
2026-09-24 14:29:27.641,CRUDEOILM,CE,9400.0,CRUDEOILM15OCT269400CE,375.55,20,BUY,57530,35970
2026-09-24 14:29:31.232,CRUDEOILM,CE,9450.0,CRUDEOILM15OCT269450CE,359.05,30,SELL_AGGRESSOR,32350,14320
2026-09-24 14:29:31.232,CRUDEOILM,CE,9650.0,CRUDEOILM15OCT269650CE,295.7,10,BUY_AGGRESSOR,14750,2730
2026-09-24 14:29:35.087,CRUDEOIL,CE,9650.0,CRUDEOIL15OCT269650CE,290.7,100,SELL_AGGRESSOR,47300,12600
2026-09-24 14:29:35.087,CRUDEOILM,FUT,0.0,CRUDEOILM19OCT26FUT,9067.0,100,SELL_AGGRESSOR,495340,413680
2026-09-24 14:29:35.087,CRUDEOILM,CE,9700.0,CRUDEOILM15OCT269700CE,282.4,100,SELL_AGGRESSOR,50180,9930
2026-09-24 14:29:38.649,CRUDEOILM,FUT,0.0,CRUDEOILM19OCT26FUT,9067.0,60,SELL_AGGRESSOR,495400,413630
2026-09-24 14:29:38.649,CRUDEOILM,CE,9400.0,CRUDEOILM15OCT269400CE,377.45,60,BUY_AGGRESSOR,57590,35980
2026-09-24 14:29:42.446,CRUDEOIL,FUT,0.0,CRUDEOIL19OCT26FUT,9072.0,100,BUY,1766700,1283500
2026-09-24 14:29:42.446,CRUDEOIL,CE,9400.0,CRUDEOIL15OCT269400CE,371.1,200,BUY,329300,81900
2026-09-24 14:29:42.446,CRUDEOIL,CE,9500.0,CRUDEOIL15OCT269500CE,338.0,200,BUY_AGGRESSOR,1211700,560300
2026-09-24 14:29:42.446,CRUDEOILM,FUT,0.0,CRUDEOILM19OCT26FUT,9070.0,20,BUY_AGGRESSOR,495420,413630
2026-09-24 14:29:42.446,CRUDEOILM,CE,9650.0,CRUDEOILM15OCT269650CE,295.1,10,SELL_AGGRESSOR,14760,2730
2026-09-24 14:29:45.982,CRUDEOIL,CE,9500.0,CRUDEOIL15OCT269500CE,337.4,200,SELL_AGGRESSOR,1211900,560200
2026-09-24 14:29:45.982,CRUDEOILM,FUT,0.0,CRUDEOILM19OCT26FUT,9072.0,190,BUY_AGGRESSOR,495610,413660
2026-09-24 14:29:45.982,CRUDEOILM,CE,9500.0,CRUDEOILM15OCT269500CE,342.9,40,BUY,143870,74470
2026-09-24 14:29:45.982,CRUDEOILM,CE,9900.0,CRUDEOILM15OCT269900CE,232.0,100,BUY,172510,29880
2026-09-24 14:29:49.679,CRUDEOIL,FUT,0.0,CRUDEOIL19OCT26FUT,9076.0,100,BUY_AGGRESSOR,1766800,1283500
2026-09-24 14:29:49.679,CRUDEOILM,FUT,0.0,CRUDEOILM19OCT26FUT,9073.0,10,BUY,495620,413650
2026-09-24 14:29:53.284,CRUDEOIL,FUT,0.0,CRUDEOIL19OCT26FUT,9075.0,500,SELL,1767300,1283500
2026-09-24 14:29:53.284,CRUDEOILM,FUT,0.0,CRUDEOILM19OCT26FUT,9071.0,20,SELL_AGGRESSOR,495640,413670
2026-09-24 14:29:53.284,CRUDEOILM,CE,9650.0,CRUDEOILM15OCT269650CE,297.7,50,BUY_AGGRESSOR,14810,2750
2026-09-24 14:29:53.284,CRUDEOILM,CE,9800.0,CRUDEOILM15OCT269800CE,257.95,30,BUY_AGGRESSOR,89160,33640
2026-09-24 14:29:56.791,CRUDEOILM,FUT,0.0,CRUDEOILM19OCT26FUT,9066.0,370,SELL_AGGRESSOR,496010,413840
2026-09-24 14:29:56.791,CRUDEOILM,CE,9450.0,CRUDEOILM15OCT269450CE,362.0,10,BUY_AGGRESSOR,32360,14320
2026-09-24 14:29:56.791,CRUDEOILM,CE,9500.0,CRUDEOILM15OCT269500CE,343.95,10,SELL_AGGRESSOR,143880,74460
2026-09-24 14:30:00.427,CRUDEOILM,FUT,0.0,CRUDEOILM19OCT26FUT,9067.0,20,SELL_AGGRESSOR,496030,414010
2026-09-24 14:30:00.427,CRUDEOILM,PE,9350.0,CRUDEOILM15OCT269350PE,672.65,20,SELL,2470,2690
2026-09-24 14:30:00.427,CRUDEOILM,PE,9550.0,CRUDEOILM15OCT269550PE,802.55,20,SELL,1300,640
2026-09-24 14:30:03.926,CRUDEOIL,CE,9400.0,CRUDEOIL15OCT269400CE,370.6,400,SELL_AGGRESSOR,329700,81900
2026-09-24 14:30:03.926,CRUDEOIL,CE,9500.0,CRUDEOIL15OCT269500CE,337.0,1100,SELL_AGGRESSOR,1213000,561000
2026-09-24 14:30:03.926,CRUDEOILM,FUT,0.0,CRUDEOILM19OCT26FUT,9066.0,30,SELL_AGGRESSOR,496060,414010
2026-09-24 14:30:03.926,CRUDEOILM,CE,9600.0,CRUDEOILM15OCT269600CE,311.0,350,SELL_AGGRESSOR,58710,13620
2026-09-24 14:30:07.543,CRUDEOIL,FUT,0.0,CRUDEOIL19OCT26FUT,9070.0,200,SELL_AGGRESSOR,1767500,1283500
2026-09-24 14:30:07.543,CRUDEOILM,FUT,0.0,CRUDEOILM19OCT26FUT,9066.0,30,SELL_AGGRESSOR,496090,414010
2026-09-24 14:30:11.303,CRUDEOIL,FUT,0.0,CRUDEOIL19OCT26FUT,9069.0,100,SELL_AGGRESSOR,1767600,1283400
2026-09-24 14:30:11.303,CRUDEOIL,CE,9550.0,CRUDEOIL15OCT269550CE,320.0,400,SELL_AGGRESSOR,68900,15800
2026-09-24 14:30:11.303,CRUDEOIL,CE,9650.0,CRUDEOIL15OCT269650CE,290.7,100,SELL_AGGRESSOR,47400,12700
2026-09-24 14:30:11.303,CRUDEOILM,FUT,0.0,CRUDEOILM19OCT26FUT,9063.0,240,SELL_AGGRESSOR,496330,414130
2026-09-24 14:30:11.303,CRUDEOILM,CE,9350.0,CRUDEOILM15OCT269350CE,393.65,10,SELL_AGGRESSOR,29600,17040
2026-09-24 14:30:11.303,CRUDEOILM,PE,9400.0,CRUDEOILM15OCT269400PE,706.65,20,BUY_AGGRESSOR,1890,2130
2026-09-24 14:30:11.303,CRUDEOILM,CE,9600.0,CRUDEOILM15OCT269600CE,310.0,10,SELL_AGGRESSOR,58720,13510
2026-09-24 14:30:11.303,CRUDEOILM,CE,9900.0,CRUDEOILM15OCT269900CE,230.1,10,SELL_AGGRESSOR,172520,29870
2026-09-24 14:30:14.850,CRUDEOILM,FUT,0.0,CRUDEOILM19OCT26FUT,9064.0,10,BUY,496340,414140
2026-09-24 14:30:14.850,CRUDEOILM,CE,9350.0,CRUDEOILM15OCT269350CE,395.8,10,BUY_AGGRESSOR,29610,17040
2026-09-24 14:30:14.850,CRUDEOILM,CE,9500.0,CRUDEOILM15OCT269500CE,342.55,10,BUY_AGGRESSOR,143890,74460
2026-09-24 14:30:14.850,CRUDEOILM,CE,9950.0,CRUDEOILM15OCT269950CE,218.6,20,SELL_AGGRESSOR,6660,3090
2026-09-24 14:30:18.491,CRUDEOIL,CE,9500.0,CRUDEOIL15OCT269500CE,336.0,100,SELL_AGGRESSOR,1213100,560900
2026-09-24 14:30:18.491,CRUDEOILM,FUT,0.0,CRUDEOILM19OCT26FUT,9064.0,10,INSIDE,496350,414150
2026-09-24 14:30:22.130,CRUDEOIL,FUT,0.0,CRUDEOIL19OCT26FUT,9065.0,100,SELL_AGGRESSOR,1767700,1283300
2026-09-24 14:30:22.130,CRUDEOIL,PE,9500.0,CRUDEOIL15OCT269500PE,762.6,100,BUY_AGGRESSOR,67700,98700
2026-09-24 14:30:22.130,CRUDEOIL,CE,9800.0,CRUDEOIL15OCT269800CE,250.9,100,SELL_AGGRESSOR,253300,99500
2026-09-24 14:30:22.130,CRUDEOILM,FUT,0.0,CRUDEOILM19OCT26FUT,9068.0,100,BUY_AGGRESSOR,496450,414150
2026-09-24 14:30:22.130,CRUDEOILM,CE,9900.0,CRUDEOILM15OCT269900CE,230.25,10,SELL_AGGRESSOR,172530,29860
2026-09-24 14:30:25.659,CRUDEOILM,FUT,0.0,CRUDEOILM19OCT26FUT,9066.0,20,BUY_AGGRESSOR,496470,414150
2026-09-24 14:30:29.285,CRUDEOIL,CE,9400.0,CRUDEOIL15OCT269400CE,368.2,200,SELL_AGGRESSOR,329900,81700
2026-09-24 14:30:29.285,CRUDEOIL,CE,9500.0,CRUDEOIL15OCT269500CE,335.0,1000,SELL_AGGRESSOR,1214100,561300
2026-09-24 14:30:29.285,CRUDEOIL,CE,9600.0,CRUDEOIL15OCT269600CE,303.7,200,SELL_AGGRESSOR,221400,63400
2026-09-24 14:30:29.285,CRUDEOILM,FUT,0.0,CRUDEOILM19OCT26FUT,9061.0,30,SELL_AGGRESSOR,496500,414140
2026-09-24 14:30:29.285,CRUDEOILM,CE,9600.0,CRUDEOILM15OCT269600CE,310.0,590,SELL_AGGRESSOR,59310,13770
2026-09-24 14:30:29.285,CRUDEOILM,CE,9850.0,CRUDEOILM15OCT269850CE,242.0,20,SELL_AGGRESSOR,13240,3300
2026-09-24 14:30:29.285,CRUDEOILM,CE,9900.0,CRUDEOILM15OCT269900CE,230.05,20,SELL_AGGRESSOR,172550,29860
2026-09-24 14:30:32.799,CRUDEOILM,FUT,0.0,CRUDEOILM19OCT26FUT,9062.0,210,SELL_AGGRESSOR,496710,414190
2026-09-24 14:30:32.799,CRUDEOILM,CE,9350.0,CRUDEOILM15OCT269350CE,395.4,10,BUY_AGGRESSOR,29620,17040
2026-09-24 14:30:36.290,CRUDEOIL,CE,9650.0,CRUDEOIL15OCT269650CE,288.7,100,SELL_AGGRESSOR,47500,12700
2026-09-24 14:30:36.290,CRUDEOILM,FUT,0.0,CRUDEOILM19OCT26FUT,9062.0,40,SELL_AGGRESSOR,496750,414190
2026-09-24 14:30:36.290,CRUDEOILM,CE,9350.0,CRUDEOILM15OCT269350CE,392.8,10,SELL_AGGRESSOR,29630,17040
2026-09-24 14:30:39.875,CRUDEOIL,CE,9400.0,CRUDEOIL15OCT269400CE,368.0,100,SELL_AGGRESSOR,330000,81700
2026-09-24 14:30:39.875,CRUDEOIL,CE,9450.0,CRUDEOIL15OCT269450CE,350.3,100,SELL,68700,23300
2026-09-24 14:30:39.875,CRUDEOIL,CE,9500.0,CRUDEOIL15OCT269500CE,334.0,100,SELL_AGGRESSOR,1214200,561700
2026-09-24 14:30:39.875,CRUDEOIL,PE,9500.0,CRUDEOIL15OCT269500PE,764.0,800,BUY_AGGRESSOR,68500,98700
2026-09-24 14:30:39.875,CRUDEOIL,CE,9700.0,CRUDEOIL15OCT269700CE,275.0,200,SELL_AGGRESSOR,374400,37300
2026-09-24 14:30:39.875,CRUDEOIL,CE,9900.0,CRUDEOIL15OCT269900CE,225.3,200,SELL_AGGRESSOR,192100,35700
2026-09-24 14:30:39.875,CRUDEOILM,FUT,0.0,CRUDEOILM19OCT26FUT,9061.0,80,SELL_AGGRESSOR,496830,414200
2026-09-24 14:30:39.875,CRUDEOILM,CE,9900.0,CRUDEOILM15OCT269900CE,229.0,10,SELL_AGGRESSOR,172560,29860
2026-09-24 14:30:43.352,CRUDEOIL,CE,9500.0,CRUDEOIL15OCT269500CE,334.0,100,SELL_AGGRESSOR,1214300,561800
2026-09-24 14:30:43.352,CRUDEOILM,FUT,0.0,CRUDEOILM19OCT26FUT,9060.0,70,SELL_AGGRESSOR,496900,414200
2026-09-24 14:30:43.352,CRUDEOILM,CE,9500.0,CRUDEOILM15OCT269500CE,340.0,200,SELL_AGGRESSOR,144090,74450
2026-09-24 14:30:46.965,CRUDEOIL,FUT,0.0,CRUDEOIL19OCT26FUT,9061.0,200,SELL_AGGRESSOR,1767900,1283300
2026-09-24 14:30:46.965,CRUDEOIL,PE,9500.0,CRUDEOIL15OCT269500PE,763.5,200,SELL,68700,98700
2026-09-24 14:30:46.965,CRUDEOILM,FUT,0.0,CRUDEOILM19OCT26FUT,9055.0,230,SELL_AGGRESSOR,497130,414240
2026-09-24 14:30:46.965,CRUDEOILM,CE,9500.0,CRUDEOILM15OCT269500CE,339.05,10,SELL_AGGRESSOR,144100,74440
2026-09-24 14:30:50.583,CRUDEOIL,FUT,0.0,CRUDEOIL19OCT26FUT,9062.0,700,BUY,1768600,1283600
2026-09-24 14:30:50.583,CRUDEOIL,CE,9700.0,CRUDEOIL15OCT269700CE,274.9,100,BUY_AGGRESSOR,374500,37200
2026-09-24 14:30:50.583,CRUDEOILM,FUT,0.0,CRUDEOILM19OCT26FUT,9057.0,190,SELL_AGGRESSOR,497320,414320
2026-09-24 14:30:50.583,CRUDEOILM,CE,9900.0,CRUDEOILM15OCT269900CE,227.65,60,SELL_AGGRESSOR,172620,29860
2026-09-24 14:30:54.212,CRUDEOIL,CE,9350.0,CRUDEOIL15OCT269350CE,385.0,100,SELL_AGGRESSOR,89500,23700
2026-09-24 14:30:54.212,CRUDEOIL,CE,9550.0,CRUDEOIL15OCT269550CE,315.8,100,SELL_AGGRESSOR,69000,15800
2026-09-24 14:30:54.212,CRUDEOILM,FUT,0.0,CRUDEOILM19OCT26FUT,9058.0,20,BUY,497340,414310
2026-09-24 14:30:57.713,CRUDEOIL,FUT,0.0,CRUDEOIL19OCT26FUT,9061.0,200,SELL_AGGRESSOR,1768800,1283600
2026-09-24 14:30:57.713,CRUDEOIL,CE,9500.0,CRUDEOIL15OCT269500CE,333.0,100,SELL_AGGRESSOR,1214400,561700
2026-09-24 14:30:57.713,CRUDEOILM,FUT,0.0,CRUDEOILM19OCT26FUT,9055.0,100,SELL_AGGRESSOR,497440,414260
2026-09-24 14:30:57.713,CRUDEOILM,CE,9500.0,CRUDEOILM15OCT269500CE,338.9,10,SELL,144110,74450
2026-09-24 14:31:01.377,CRUDEOIL,FUT,0.0,CRUDEOIL19OCT26FUT,9059.0,900,SELL_AGGRESSOR,1769700,1283800
2026-09-24 14:31:01.377,CRUDEOIL,CE,9400.0,CRUDEOIL15OCT269400CE,366.9,100,BUY_AGGRESSOR,330100,81700
2026-09-24 14:31:01.377,CRUDEOIL,CE,9500.0,CRUDEOIL15OCT269500CE,332.3,200,SELL,1214600,561700
2026-09-24 14:31:01.377,CRUDEOIL,CE,9700.0,CRUDEOIL15OCT269700CE,273.1,100,SELL,374600,37200
2026-09-24 14:31:01.377,CRUDEOIL,CE,9750.0,CRUDEOIL15OCT269750CE,258.9,100,SELL_AGGRESSOR,50300,13000
2026-09-24 14:31:01.377,CRUDEOIL,CE,9800.0,CRUDEOIL15OCT269800CE,247.4,300,SELL_AGGRESSOR,253600,99500
2026-09-24 14:31:01.377,CRUDEOIL,CE,9900.0,CRUDEOIL15OCT269900CE,224.7,300,SELL,192400,35700
2026-09-24 14:31:01.377,CRUDEOILM,FUT,0.0,CRUDEOILM19OCT26FUT,9055.0,110,SELL_AGGRESSOR,497550,414360
2026-09-24 14:31:04.893,CRUDEOIL,FUT,0.0,CRUDEOIL19OCT26FUT,9062.0,700,BUY_AGGRESSOR,1770400,1283800
2026-09-24 14:31:04.893,CRUDEOIL,CE,9500.0,CRUDEOIL15OCT269500CE,332.9,200,SELL_AGGRESSOR,1214800,561500
2026-09-24 14:31:04.893,CRUDEOILM,FUT,0.0,CRUDEOILM19OCT26FUT,9059.0,110,BUY_AGGRESSOR,497660,414270
2026-09-24 14:31:04.893,CRUDEOILM,CE,9500.0,CRUDEOILM15OCT269500CE,338.7,50,SELL,144160,74410
2026-09-24 14:31:08.568,CRUDEOIL,FUT,0.0,CRUDEOIL19OCT26FUT,9062.0,300,SELL_AGGRESSOR,1770700,1283500
2026-09-24 14:31:08.568,CRUDEOIL,CE,9500.0,CRUDEOIL15OCT269500CE,333.0,100,BUY,1214900,561400
2026-09-24 14:31:08.568,CRUDEOILM,FUT,0.0,CRUDEOILM19OCT26FUT,9056.0,60,SELL_AGGRESSOR,497720,414300
2026-09-24 14:31:08.568,CRUDEOILM,CE,9500.0,CRUDEOILM15OCT269500CE,339.0,10,BUY,144170,74410
2026-09-24 14:31:12.287,CRUDEOILM,FUT,0.0,CRUDEOILM19OCT26FUT,9056.0,30,SELL_AGGRESSOR,497750,414310
2026-09-24 14:31:12.287,CRUDEOILM,CE,9500.0,CRUDEOILM15OCT269500CE,339.4,310,BUY_AGGRESSOR,144480,74340
2026-09-24 14:31:15.930,CRUDEOIL,FUT,0.0,CRUDEOIL19OCT26FUT,9062.0,100,BUY_AGGRESSOR,1770800,1283600
2026-09-24 14:31:15.930,CRUDEOIL,CE,9400.0,CRUDEOIL15OCT269400CE,366.1,100,SELL_AGGRESSOR,330200,81700
2026-09-24 14:31:15.930,CRUDEOIL,CE,9500.0,CRUDEOIL15OCT269500CE,333.0,100,BUY_AGGRESSOR,1215000,561300
2026-09-24 14:31:15.930,CRUDEOIL,PE,9500.0,CRUDEOIL15OCT269500PE,765.5,200,BUY,68900,98800
2026-09-24 14:31:15.930,CRUDEOILM,FUT,0.0,CRUDEOILM19OCT26FUT,9059.0,10,BUY_AGGRESSOR,497760,414320
2026-09-24 14:31:15.930,CRUDEOILM,CE,9400.0,CRUDEOILM15OCT269400CE,373.45,20,BUY_AGGRESSOR,57610,35980
2026-09-24 14:31:15.930,CRUDEOILM,CE,9800.0,CRUDEOILM15OCT269800CE,252.55,20,SELL_AGGRESSOR,89180,33640
2026-09-24 14:31:19.547,CRUDEOIL,CE,9500.0,CRUDEOIL15OCT269500CE,331.5,300,SELL_AGGRESSOR,1215300,561400
2026-09-24 14:31:19.547,CRUDEOILM,FUT,0.0,CRUDEOILM19OCT26FUT,9054.0,120,SELL_AGGRESSOR,497880,414300
2026-09-24 14:31:19.547,CRUDEOILM,CE,9350.0,CRUDEOILM15OCT269350CE,390.0,30,SELL_AGGRESSOR,29660,17070
2026-09-24 14:31:19.547,CRUDEOILM,CE,9450.0,CRUDEOILM15OCT269450CE,354.8,50,SELL_AGGRESSOR,32410,14290
2026-09-24 14:31:19.547,CRUDEOILM,CE,9500.0,CRUDEOILM15OCT269500CE,337.3,20,SELL_AGGRESSOR,144500,74360
2026-09-24 14:31:19.547,CRUDEOILM,CE,9600.0,CRUDEOILM15OCT269600CE,306.6,10,SELL_AGGRESSOR,59320,13780
2026-09-24 14:31:23.146,CRUDEOIL,FUT,0.0,CRUDEOIL19OCT26FUT,9058.0,4300,SELL_AGGRESSOR,1775100,1285200
2026-09-24 14:31:23.146,CRUDEOIL,CE,9400.0,CRUDEOIL15OCT269400CE,365.4,100,BUY_AGGRESSOR,330300,81700
2026-09-24 14:31:23.146,CRUDEOIL,CE,9500.0,CRUDEOIL15OCT269500CE,331.0,100,SELL_AGGRESSOR,1215400,561300
2026-09-24 14:31:23.146,CRUDEOIL,CE,9700.0,CRUDEOIL15OCT269700CE,271.8,100,SELL_AGGRESSOR,374700,37200
2026-09-24 14:31:23.146,CRUDEOILM,FUT,0.0,CRUDEOILM19OCT26FUT,9052.0,40,SELL_AGGRESSOR,497920,414300
2026-09-24 14:31:23.146,CRUDEOILM,PE,9450.0,CRUDEOILM15OCT269450PE,744.0,20,BUY_AGGRESSOR,2520,1360
2026-09-24 14:31:23.146,CRUDEOILM,CE,9700.0,CRUDEOILM15OCT269700CE,276.85,10,SELL_AGGRESSOR,50190,9930
2026-09-24 14:31:23.146,CRUDEOILM,PE,9800.0,CRUDEOILM15OCT269800PE,990.0,20,BUY_AGGRESSOR,380,2330
2026-09-24 14:31:26.784,CRUDEOIL,FUT,0.0,CRUDEOIL19OCT26FUT,9058.0,100,BUY_AGGRESSOR,1775200,1285200
2026-09-24 14:31:26.784,CRUDEOIL,CE,9400.0,CRUDEOIL15OCT269400CE,364.6,100,SELL_AGGRESSOR,330400,81600
2026-09-24 14:31:26.784,CRUDEOIL,CE,9500.0,CRUDEOIL15OCT269500CE,330.2,300,SELL_AGGRESSOR,1215700,561400
2026-09-24 14:31:26.784,CRUDEOIL,CE,9600.0,CRUDEOIL15OCT269600CE,300.0,100,SELL_AGGRESSOR,221500,63400
2026-09-24 14:31:26.784,CRUDEOILM,FUT,0.0,CRUDEOILM19OCT26FUT,9054.0,20,BUY_AGGRESSOR,497940,414290
2026-09-24 14:31:26.784,CRUDEOILM,PE,9450.0,CRUDEOILM15OCT269450PE,743.9,40,BUY_AGGRESSOR,2560,1400
2026-09-24 14:31:26.784,CRUDEOILM,CE,9700.0,CRUDEOILM15OCT269700CE,277.4,10,BUY_AGGRESSOR,50200,9930
2026-09-24 14:31:30.349,CRUDEOIL,FUT,0.0,CRUDEOIL19OCT26FUT,9054.0,500,SELL_AGGRESSOR,1775700,1285000
2026-09-24 14:31:30.349,CRUDEOIL,CE,9400.0,CRUDEOIL15OCT269400CE,363.4,100,SELL_AGGRESSOR,330500,81600
2026-09-24 14:31:30.349,CRUDEOIL,CE,9450.0,CRUDEOIL15OCT269450CE,343.3,100,SELL_AGGRESSOR,68800,23300
2026-09-24 14:31:30.349,CRUDEOIL,CE,9500.0,CRUDEOIL15OCT269500CE,330.1,100,SELL_AGGRESSOR,1215800,561500
2026-09-24 14:31:30.349,CRUDEOIL,PE,9500.0,CRUDEOIL15OCT269500PE,769.0,800,BUY_AGGRESSOR,69700,98900
2026-09-24 14:31:30.349,CRUDEOIL,CE,9600.0,CRUDEOIL15OCT269600CE,297.6,500,SELL_AGGRESSOR,222000,63400
2026-09-24 14:31:30.349,CRUDEOILM,FUT,0.0,CRUDEOILM19OCT26FUT,9048.0,330,SELL_AGGRESSOR,498270,414270
2026-09-24 14:31:30.349,CRUDEOILM,CE,9500.0,CRUDEOILM15OCT269500CE,333.2,320,SELL_AGGRESSOR,144820,74360
2026-09-24 14:31:30.349,CRUDEOILM,CE,9900.0,CRUDEOILM15OCT269900CE,225.35,10,SELL_AGGRESSOR,172630,29850
2026-09-24 14:31:34.162,CRUDEOIL,CE,9500.0,CRUDEOIL15OCT269500CE,328.8,100,SELL_AGGRESSOR,1215900,561400
2026-09-24 14:31:34.162,CRUDEOILM,FUT,0.0,CRUDEOILM19OCT26FUT,9050.0,110,BUY,498380,414270
2026-09-24 14:31:34.162,CRUDEOILM,PE,9450.0,CRUDEOILM15OCT269450PE,745.4,10,BUY,2570,1410
2026-09-24 14:31:37.698,CRUDEOIL,CE,9500.0,CRUDEOIL15OCT269500CE,329.0,100,BUY_AGGRESSOR,1216000,561300
2026-09-24 14:31:37.698,CRUDEOILM,FUT,0.0,CRUDEOILM19OCT26FUT,9046.0,140,SELL_AGGRESSOR,498520,414360
2026-09-24 14:31:37.698,CRUDEOILM,CE,9500.0,CRUDEOILM15OCT269500CE,335.3,60,BUY_AGGRESSOR,144880,74320
2026-09-24 14:31:37.698,CRUDEOILM,PE,9500.0,CRUDEOILM15OCT269500PE,779.15,100,BUY_AGGRESSOR,5770,11380
2026-09-24 14:31:37.698,CRUDEOILM,CE,9800.0,CRUDEOILM15OCT269800CE,250.1,10,BUY_AGGRESSOR,89190,33640
2026-09-24 14:31:41.529,CRUDEOIL,FUT,0.0,CRUDEOIL19OCT26FUT,9050.0,200,SELL_AGGRESSOR,1775900,1284900
2026-09-24 14:31:41.529,CRUDEOIL,CE,9500.0,CRUDEOIL15OCT269500CE,328.1,200,SELL_AGGRESSOR,1216200,561300
2026-09-24 14:31:41.529,CRUDEOIL,CE,9900.0,CRUDEOIL15OCT269900CE,221.0,100,SELL_AGGRESSOR,192500,35800
2026-09-24 14:31:41.529,CRUDEOILM,FUT,0.0,CRUDEOILM19OCT26FUT,9045.0,70,SELL_AGGRESSOR,498590,414380
2026-09-24 14:31:41.529,CRUDEOILM,CE,9450.0,CRUDEOILM15OCT269450CE,350.6,40,SELL_AGGRESSOR,32450,14280
2026-09-24 14:31:41.529,CRUDEOILM,CE,9500.0,CRUDEOILM15OCT269500CE,333.75,40,SELL_AGGRESSOR,144920,74310
2026-09-24 14:31:41.529,CRUDEOILM,CE,9650.0,CRUDEOILM15OCT269650CE,288.0,30,SELL_AGGRESSOR,14840,2750
2026-09-24 14:31:44.970,CRUDEOIL,FUT,0.0,CRUDEOIL19OCT26FUT,9050.0,100,SELL_AGGRESSOR,1776000,1284900
2026-09-24 14:31:44.970,CRUDEOIL,CE,9800.0,CRUDEOIL15OCT269800CE,245.0,100,BUY_AGGRESSOR,253700,99500
2026-09-24 14:31:44.970,CRUDEOILM,FUT,0.0,CRUDEOILM19OCT26FUT,9047.0,10,BUY_AGGRESSOR,498600,414380
2026-09-24 14:31:44.970,CRUDEOILM,CE,9450.0,CRUDEOILM15OCT269450CE,349.9,90,SELL,32540,14210
2026-09-24 14:31:44.970,CRUDEOILM,CE,9900.0,CRUDEOILM15OCT269900CE,224.8,20,BUY_AGGRESSOR,172650,29850
2026-09-24 14:31:48.510,CRUDEOIL,FUT,0.0,CRUDEOIL19OCT26FUT,9050.0,200,BUY_AGGRESSOR,1776200,1284900
2026-09-24 14:31:48.510,CRUDEOIL,CE,9500.0,CRUDEOIL15OCT269500CE,327.1,1000,SELL_AGGRESSOR,1217200,560300
2026-09-24 14:31:48.510,CRUDEOIL,CE,9750.0,CRUDEOIL15OCT269750CE,256.0,200,SELL,50500,13000
2026-09-24 14:31:48.510,CRUDEOIL,CE,9800.0,CRUDEOIL15OCT269800CE,245.3,500,BUY_AGGRESSOR,254200,99500
2026-09-24 14:31:48.510,CRUDEOILM,FUT,0.0,CRUDEOILM19OCT26FUT,9045.0,30,SELL_AGGRESSOR,498630,414410
2026-09-24 14:31:48.510,CRUDEOILM,CE,9800.0,CRUDEOILM15OCT269800CE,249.85,10,BUY_AGGRESSOR,89200,33640
2026-09-24 14:31:52.054,CRUDEOIL,FUT,0.0,CRUDEOIL19OCT26FUT,9054.0,1500,BUY_AGGRESSOR,1777700,1284900
2026-09-24 14:31:52.054,CRUDEOIL,CE,9350.0,CRUDEOIL15OCT269350CE,379.1,200,SELL,89700,23700
2026-09-24 14:31:52.054,CRUDEOIL,CE,9400.0,CRUDEOIL15OCT269400CE,363.2,300,BUY_AGGRESSOR,330800,81700
2026-09-24 14:31:52.054,CRUDEOIL,CE,9500.0,CRUDEOIL15OCT269500CE,329.5,500,BUY_AGGRESSOR,1217700,560300
2026-09-24 14:31:52.054,CRUDEOIL,PE,9500.0,CRUDEOIL15OCT269500PE,771.5,100,BUY,69800,98900
2026-09-24 14:31:52.054,CRUDEOIL,CE,9600.0,CRUDEOIL15OCT269600CE,297.2,200,SELL,222200,63500
2026-09-24 14:31:52.054,CRUDEOIL,CE,9700.0,CRUDEOIL15OCT269700CE,270.6,900,BUY_AGGRESSOR,375600,37200
2026-09-24 14:31:52.054,CRUDEOIL,CE,9800.0,CRUDEOIL15OCT269800CE,245.7,100,BUY_AGGRESSOR,254300,99500
2026-09-24 14:31:52.054,CRUDEOIL,CE,9900.0,CRUDEOIL15OCT269900CE,220.8,100,SELL,192600,35800
2026-09-24 14:31:52.054,CRUDEOILM,FUT,0.0,CRUDEOILM19OCT26FUT,9052.0,400,BUY_AGGRESSOR,499030,414450
2026-09-24 14:31:52.054,CRUDEOILM,CE,9350.0,CRUDEOILM15OCT269350CE,386.9,10,BUY_AGGRESSOR,29670,17080
2026-09-24 14:31:52.054,CRUDEOILM,CE,9400.0,CRUDEOILM15OCT269400CE,369.75,110,BUY_AGGRESSOR,57720,35930
2026-09-24 14:31:52.054,CRUDEOILM,CE,9450.0,CRUDEOILM15OCT269450CE,351.55,10,BUY,32550,14220
2026-09-24 14:31:52.054,CRUDEOILM,PE,9450.0,CRUDEOILM15OCT269450PE,743.95,60,SELL_AGGRESSOR,2630,1350
2026-09-24 14:31:52.054,CRUDEOILM,CE,9500.0,CRUDEOILM15OCT269500CE,335.65,370,BUY_AGGRESSOR,145290,74330
2026-09-24 14:31:52.054,CRUDEOILM,CE,9600.0,CRUDEOILM15OCT269600CE,304.2,20,BUY_AGGRESSOR,59340,13780
2026-09-24 14:31:52.054,CRUDEOILM,CE,9800.0,CRUDEOILM15OCT269800CE,249.6,80,SELL,89280,33660
2026-09-24 14:31:52.054,CRUDEOILM,CE,9900.0,CRUDEOILM15OCT269900CE,224.8,150,INSIDE,172800,29880
2026-09-24 14:31:55.682,CRUDEOIL,FUT,0.0,CRUDEOIL19OCT26FUT,9053.0,600,SELL_AGGRESSOR,1778300,1285900
2026-09-24 14:31:55.682,CRUDEOIL,CE,9500.0,CRUDEOIL15OCT269500CE,329.0,1400,SELL_AGGRESSOR,1219100,560400
2026-09-24 14:31:55.682,CRUDEOIL,CE,9600.0,CRUDEOIL15OCT269600CE,298.1,100,SELL_AGGRESSOR,222300,63600
2026-09-24 14:31:55.682,CRUDEOIL,CE,9800.0,CRUDEOIL15OCT269800CE,246.0,100,BUY_AGGRESSOR,254400,99500
2026-09-24 14:31:55.682,CRUDEOILM,FUT,0.0,CRUDEOILM19OCT26FUT,9049.0,190,SELL_AGGRESSOR,499220,414530
2026-09-24 14:31:55.682,CRUDEOILM,CE,9350.0,CRUDEOILM15OCT269350CE,387.4,160,SELL_AGGRESSOR,29830,17080
2026-09-24 14:31:55.682,CRUDEOILM,CE,9400.0,CRUDEOILM15OCT269400CE,368.5,50,SELL_AGGRESSOR,57770,35930
2026-09-24 14:31:55.682,CRUDEOILM,CE,9450.0,CRUDEOILM15OCT269450CE,351.9,100,SELL_AGGRESSOR,32650,14220
2026-09-24 14:31:55.682,CRUDEOILM,CE,9500.0,CRUDEOILM15OCT269500CE,335.1,10,SELL_AGGRESSOR,145300,74190
2026-09-24 14:31:55.682,CRUDEOILM,CE,9550.0,CRUDEOILM15OCT269550CE,319.05,10,SELL_AGGRESSOR,21830,3700
2026-09-24 14:31:55.682,CRUDEOILM,CE,9600.0,CRUDEOILM15OCT269600CE,304.55,80,SELL_AGGRESSOR,59420,13770
2026-09-24 14:31:55.682,CRUDEOILM,CE,9650.0,CRUDEOILM15OCT269650CE,289.25,160,SELL_AGGRESSOR,15000,2850
2026-09-24 14:31:55.682,CRUDEOILM,CE,9700.0,CRUDEOILM15OCT269700CE,275.9,10,SELL_AGGRESSOR,50210,9930
2026-09-24 14:31:55.682,CRUDEOILM,CE,9850.0,CRUDEOILM15OCT269850CE,236.95,10,SELL_AGGRESSOR,13250,3310
2026-09-24 14:31:59.246,CRUDEOIL,FUT,0.0,CRUDEOIL19OCT26FUT,9052.0,100,SELL_AGGRESSOR,1778400,1285900
2026-09-24 14:31:59.246,CRUDEOIL,CE,9600.0,CRUDEOIL15OCT269600CE,298.0,200,SELL,222500,63500
2026-09-24 14:31:59.246,CRUDEOIL,CE,9800.0,CRUDEOIL15OCT269800CE,244.2,100,SELL_AGGRESSOR,254500,99500
2026-09-24 14:31:59.246,CRUDEOILM,FUT,0.0,CRUDEOILM19OCT26FUT,9046.0,130,SELL_AGGRESSOR,499350,414530
2026-09-24 14:31:59.246,CRUDEOILM,CE,9500.0,CRUDEOILM15OCT269500CE,334.55,20,SELL_AGGRESSOR,145320,74200
2026-09-24 14:31:59.246,CRUDEOILM,CE,9900.0,CRUDEOILM15OCT269900CE,223.55,40,SELL_AGGRESSOR,172840,29860
2026-09-24 14:32:02.854,CRUDEOIL,FUT,0.0,CRUDEOIL19OCT26FUT,9050.0,200,SELL_AGGRESSOR,1778600,1285700
2026-09-24 14:32:02.854,CRUDEOIL,PE,9500.0,CRUDEOIL15OCT269500PE,770.2,100,SELL,69900,99000
2026-09-24 14:32:02.854,CRUDEOILM,FUT,0.0,CRUDEOILM19OCT26FUT,9048.0,150,BUY,499500,414400
2026-09-24 14:32:02.854,CRUDEOILM,CE,9500.0,CRUDEOILM15OCT269500CE,333.0,10,SELL_AGGRESSOR,145330,74200
2026-09-24 14:32:06.473,CRUDEOIL,CE,9700.0,CRUDEOIL15OCT269700CE,269.0,300,SELL_AGGRESSOR,375900,37400
2026-09-24 14:32:06.473,CRUDEOIL,CE,9900.0,CRUDEOIL15OCT269900CE,220.0,100,SELL_AGGRESSOR,192700,35900
2026-09-24 14:32:06.473,CRUDEOILM,FUT,0.0,CRUDEOILM19OCT26FUT,9048.0,20,BUY_AGGRESSOR,499520,414390
2026-09-24 14:32:06.473,CRUDEOILM,CE,9500.0,CRUDEOILM15OCT269500CE,333.7,100,BUY_AGGRESSOR,145430,74270
2026-09-24 14:32:06.473,CRUDEOILM,CE,9900.0,CRUDEOILM15OCT269900CE,223.2,10,SELL_AGGRESSOR,172850,29850
2026-09-24 14:32:10.127,CRUDEOIL,FUT,0.0,CRUDEOIL19OCT26FUT,9049.0,100,SELL,1778700,1285800
2026-09-24 14:32:10.127,CRUDEOILM,FUT,0.0,CRUDEOILM19OCT26FUT,9045.0,10,SELL_AGGRESSOR,499530,414400
2026-09-24 14:32:10.127,CRUDEOILM,PE,9350.0,CRUDEOILM15OCT269350PE,685.85,60,SELL_AGGRESSOR,2530,2740
2026-09-24 14:32:10.127,CRUDEOILM,CE,9500.0,CRUDEOILM15OCT269500CE,332.05,10,SELL,145440,74290
2026-09-24 14:32:13.717,CRUDEOIL,FUT,0.0,CRUDEOIL19OCT26FUT,9050.0,300,BUY_AGGRESSOR,1779000,1285900
2026-09-24 14:32:13.717,CRUDEOIL,CE,9400.0,CRUDEOIL15OCT269400CE,361.4,100,BUY_AGGRESSOR,330900,81700
2026-09-24 14:32:13.717,CRUDEOIL,CE,9500.0,CRUDEOIL15OCT269500CE,327.9,100,BUY_AGGRESSOR,1219200,560500
2026-09-24 14:32:13.717,CRUDEOIL,CE,9550.0,CRUDEOIL15OCT269550CE,311.0,200,BUY_AGGRESSOR,69200,15800
2026-09-24 14:32:13.717,CRUDEOIL,CE,9600.0,CRUDEOIL15OCT269600CE,297.5,100,BUY_AGGRESSOR,222600,63400
2026-09-24 14:32:13.717,CRUDEOIL,CE,9700.0,CRUDEOIL15OCT269700CE,270.0,700,BUY_AGGRESSOR,376600,37400
2026-09-24 14:32:13.717,CRUDEOIL,CE,9900.0,CRUDEOIL15OCT269900CE,221.1,300,BUY_AGGRESSOR,193000,36000
2026-09-24 14:32:13.717,CRUDEOILM,FUT,0.0,CRUDEOILM19OCT26FUT,9048.0,40,BUY_AGGRESSOR,499570,414430
2026-09-24 14:32:13.717,CRUDEOILM,CE,9500.0,CRUDEOILM15OCT269500CE,333.7,150,BUY_AGGRESSOR,145590,74220
2026-09-24 14:32:13.717,CRUDEOILM,CE,9600.0,CRUDEOILM15OCT269600CE,303.0,20,BUY_AGGRESSOR,59440,13770
2026-09-24 14:32:17.374,CRUDEOIL,FUT,0.0,CRUDEOIL19OCT26FUT,9050.0,100,INSIDE,1779100,1286000
2026-09-24 14:32:17.374,CRUDEOILM,CE,9350.0,CRUDEOILM15OCT269350CE,384.0,90,SELL_AGGRESSOR,29920,17060
2026-09-24 14:32:17.374,CRUDEOILM,CE,9400.0,CRUDEOILM15OCT269400CE,365.0,10,SELL_AGGRESSOR,57780,35930
2026-09-24 14:32:17.374,CRUDEOILM,CE,9500.0,CRUDEOILM15OCT269500CE,333.65,20,BUY_AGGRESSOR,145610,74230
2026-09-24 14:32:17.374,CRUDEOILM,CE,9900.0,CRUDEOILM15OCT269900CE,223.5,10,SELL_AGGRESSOR,172860,29840
2026-09-24 14:32:20.974,CRUDEOIL,FUT,0.0,CRUDEOIL19OCT26FUT,9050.0,500,BUY_AGGRESSOR,1779600,1286000
2026-09-24 14:32:20.974,CRUDEOILM,FUT,0.0,CRUDEOILM19OCT26FUT,9045.0,30,SELL_AGGRESSOR,499600,414430
2026-09-24 14:32:20.974,CRUDEOILM,CE,9450.0,CRUDEOILM15OCT269450CE,348.4,10,SELL_AGGRESSOR,32660,14220
2026-09-24 14:32:20.974,CRUDEOILM,CE,9500.0,CRUDEOILM15OCT269500CE,332.55,10,SELL,145620,74220
2026-09-24 14:32:24.592,CRUDEOIL,PE,9400.0,CRUDEOIL15OCT269400PE,706.0,100,BUY,6300,16100
2026-09-24 14:32:24.592,CRUDEOIL,CE,9500.0,CRUDEOIL15OCT269500CE,328.0,100,BUY_AGGRESSOR,1219300,560600
2026-09-24 14:32:24.592,CRUDEOILM,CE,9500.0,CRUDEOILM15OCT269500CE,333.9,90,BUY_AGGRESSOR,145710,74250
2026-09-24 14:32:28.205,CRUDEOIL,FUT,0.0,CRUDEOIL19OCT26FUT,9047.0,800,SELL_AGGRESSOR,1780400,1285200
2026-09-24 14:32:28.205,CRUDEOIL,CE,9400.0,CRUDEOIL15OCT269400CE,360.4,300,SELL,331200,81700
2026-09-24 14:32:28.205,CRUDEOIL,CE,9500.0,CRUDEOIL15OCT269500CE,325.7,900,SELL_AGGRESSOR,1220200,560600
2026-09-24 14:32:28.205,CRUDEOIL,CE,9550.0,CRUDEOIL15OCT269550CE,312.6,100,BUY_AGGRESSOR,69300,15900
2026-09-24 14:32:28.205,CRUDEOIL,CE,9700.0,CRUDEOIL15OCT269700CE,268.3,200,SELL_AGGRESSOR,376800,37200
2026-09-24 14:32:28.205,CRUDEOIL,CE,9800.0,CRUDEOIL15OCT269800CE,244.2,100,SELL_AGGRESSOR,254600,99500
2026-09-24 14:32:28.205,CRUDEOIL,CE,9850.0,CRUDEOIL15OCT269850CE,230.9,100,SELL_AGGRESSOR,37700,11700
2026-09-24 14:32:28.205,CRUDEOILM,FUT,0.0,CRUDEOILM19OCT26FUT,9042.0,160,SELL_AGGRESSOR,499760,414430
2026-09-24 14:32:28.205,CRUDEOILM,CE,9350.0,CRUDEOILM15OCT269350CE,383.7,10,SELL_AGGRESSOR,29930,17050
2026-09-24 14:32:28.205,CRUDEOILM,CE,9500.0,CRUDEOILM15OCT269500CE,332.35,10,SELL_AGGRESSOR,145720,74280
2026-09-24 14:32:28.205,CRUDEOILM,CE,9600.0,CRUDEOILM15OCT269600CE,301.6,60,SELL_AGGRESSOR,59500,13800
2026-09-24 14:32:28.205,CRUDEOILM,CE,9700.0,CRUDEOILM15OCT269700CE,273.0,190,SELL_AGGRESSOR,50400,9750
2026-09-24 14:32:28.205,CRUDEOILM,CE,9750.0,CRUDEOILM15OCT269750CE,260.0,10,SELL_AGGRESSOR,11460,3410
2026-09-24 14:32:28.205,CRUDEOILM,CE,9800.0,CRUDEOILM15OCT269800CE,247.5,10,SELL_AGGRESSOR,89290,33650
2026-09-24 14:32:28.205,CRUDEOILM,CE,9850.0,CRUDEOILM15OCT269850CE,234.0,60,SELL_AGGRESSOR,13310,3300
2026-09-24 14:32:28.205,CRUDEOILM,CE,9900.0,CRUDEOILM15OCT269900CE,222.8,50,SELL_AGGRESSOR,172910,29790
2026-09-24 14:32:31.788,CRUDEOIL,FUT,0.0,CRUDEOIL19OCT26FUT,9048.0,400,BUY_AGGRESSOR,1780800,1284700
2026-09-24 14:32:31.788,CRUDEOIL,CE,9350.0,CRUDEOIL15OCT269350CE,376.6,100,SELL_AGGRESSOR,89800,23600
2026-09-24 14:32:31.788,CRUDEOIL,PE,9500.0,CRUDEOIL15OCT269500PE,772.9,400,BUY,70300,99000
2026-09-24 14:32:31.788,CRUDEOILM,FUT,0.0,CRUDEOILM19OCT26FUT,9042.0,20,SELL_AGGRESSOR,499780,414370
2026-09-24 14:32:31.788,CRUDEOILM,CE,9400.0,CRUDEOILM15OCT269400CE,363.65,10,SELL,57790,35920
2026-09-24 14:32:31.788,CRUDEOILM,CE,9450.0,CRUDEOILM15OCT269450CE,348.4,10,INSIDE,32670,14210
2026-09-24 14:32:31.788,CRUDEOILM,CE,9600.0,CRUDEOILM15OCT269600CE,300.6,40,SELL_AGGRESSOR,59540,13760
2026-09-24 14:32:35.371,CRUDEOIL,FUT,0.0,CRUDEOIL19OCT26FUT,9044.0,400,SELL_AGGRESSOR,1781200,1284700
2026-09-24 14:32:35.371,CRUDEOIL,CE,9450.0,CRUDEOIL15OCT269450CE,343.0,100,SELL,68900,23400
2026-09-24 14:32:35.371,CRUDEOIL,CE,9850.0,CRUDEOIL15OCT269850CE,231.1,100,SELL_AGGRESSOR,37800,11700
2026-09-24 14:32:35.371,CRUDEOIL,CE,9900.0,CRUDEOIL15OCT269900CE,220.1,200,SELL_AGGRESSOR,193200,35900
2026-09-24 14:32:35.371,CRUDEOILM,FUT,0.0,CRUDEOILM19OCT26FUT,9042.0,20,SELL_AGGRESSOR,499800,414370
2026-09-24 14:32:39.027,CRUDEOIL,CE,9500.0,CRUDEOIL15OCT269500CE,326.9,100,BUY_AGGRESSOR,1220300,560500
2026-09-24 14:32:39.027,CRUDEOIL,CE,9650.0,CRUDEOIL15OCT269650CE,281.5,100,SELL,47600,12600
2026-09-24 14:32:39.027,CRUDEOILM,FUT,0.0,CRUDEOILM19OCT26FUT,9041.0,240,SELL_AGGRESSOR,500040,414390
2026-09-24 14:32:39.027,CRUDEOILM,CE,9400.0,CRUDEOILM15OCT269400CE,364.0,30,BUY,57820,35910
2026-09-24 14:32:39.027,CRUDEOILM,CE,9500.0,CRUDEOILM15OCT269500CE,332.8,100,BUY_AGGRESSOR,145820,74190
2026-09-24 14:32:42.534,CRUDEOIL,FUT,0.0,CRUDEOIL19OCT26FUT,9048.0,700,BUY_AGGRESSOR,1781900,1284800
2026-09-24 14:32:42.534,CRUDEOIL,CE,9400.0,CRUDEOIL15OCT269400CE,361.0,1000,BUY_AGGRESSOR,332200,82100
2026-09-24 14:32:42.534,CRUDEOIL,CE,9500.0,CRUDEOIL15OCT269500CE,327.8,500,BUY_AGGRESSOR,1220800,560300
2026-09-24 14:32:42.534,CRUDEOIL,CE,9700.0,CRUDEOIL15OCT269700CE,268.4,100,SELL_AGGRESSOR,376900,37100
2026-09-24 14:32:42.534,CRUDEOIL,CE,9800.0,CRUDEOIL15OCT269800CE,244.2,200,BUY_AGGRESSOR,254800,99500
2026-09-24 14:32:42.534,CRUDEOILM,FUT,0.0,CRUDEOILM19OCT26FUT,9045.0,60,BUY_AGGRESSOR,500100,414390
2026-09-24 14:32:42.534,CRUDEOILM,CE,9500.0,CRUDEOILM15OCT269500CE,333.55,510,BUY_AGGRESSOR,146330,74100
2026-09-24 14:32:42.534,CRUDEOILM,CE,9550.0,CRUDEOILM15OCT269550CE,315.25,10,SELL,21840,3700
2026-09-24 14:32:42.534,CRUDEOILM,CE,9600.0,CRUDEOILM15OCT269600CE,302.55,40,BUY_AGGRESSOR,59580,13720
2026-09-24 14:32:42.534,CRUDEOILM,CE,9700.0,CRUDEOILM15OCT269700CE,274.15,20,BUY_AGGRESSOR,50420,9780
2026-09-24 14:32:46.270,CRUDEOIL,FUT,0.0,CRUDEOIL19OCT26FUT,9049.0,100,SELL_AGGRESSOR,1782000,1284800
2026-09-24 14:32:46.270,CRUDEOILM,FUT,0.0,CRUDEOILM19OCT26FUT,9046.0,20,BUY,500120,414400
2026-09-24 14:32:46.270,CRUDEOILM,CE,9600.0,CRUDEOILM15OCT269600CE,303.8,10,BUY_AGGRESSOR,59590,13720
2026-09-24 14:32:49.817,CRUDEOIL,FUT,0.0,CRUDEOIL19OCT26FUT,9052.0,1100,BUY_AGGRESSOR,1783100,1285200
2026-09-24 14:32:49.817,CRUDEOIL,CE,9850.0,CRUDEOIL15OCT269850CE,232.5,100,SELL_AGGRESSOR,37900,11700
2026-09-24 14:32:49.817,CRUDEOILM,FUT,0.0,CRUDEOILM19OCT26FUT,9048.0,20,BUY_AGGRESSOR,500140,414400
2026-09-24 14:32:49.817,CRUDEOILM,CE,9400.0,CRUDEOILM15OCT269400CE,366.45,10,BUY,57830,35900
2026-09-24 14:32:49.817,CRUDEOILM,CE,9800.0,CRUDEOILM15OCT269800CE,248.65,20,BUY,89310,33650
2026-09-24 14:32:49.817,CRUDEOILM,CE,9850.0,CRUDEOILM15OCT269850CE,235.3,10,SELL_AGGRESSOR,13320,3260
2026-09-24 14:32:53.440,CRUDEOIL,CE,9400.0,CRUDEOIL15OCT269400CE,362.7,500,BUY_AGGRESSOR,332700,82100
2026-09-24 14:32:53.440,CRUDEOIL,CE,9800.0,CRUDEOIL15OCT269800CE,244.9,200,SELL_AGGRESSOR,255000,99400
2026-09-24 14:32:53.440,CRUDEOILM,FUT,0.0,CRUDEOILM19OCT26FUT,9046.0,130,SELL_AGGRESSOR,500270,414430
2026-09-24 14:32:53.440,CRUDEOILM,CE,9500.0,CRUDEOILM15OCT269500CE,334.55,10,BUY_AGGRESSOR,146340,73890
2026-09-24 14:32:53.440,CRUDEOILM,CE,9750.0,CRUDEOILM15OCT269750CE,259.35,10,SELL_AGGRESSOR,11470,3420
2026-09-24 14:32:57.115,CRUDEOIL,CE,9550.0,CRUDEOIL15OCT269550CE,312.0,100,SELL,69400,15900
2026-09-24 14:32:57.115,CRUDEOILM,CE,9600.0,CRUDEOILM15OCT269600CE,302.5,20,SELL_AGGRESSOR,59610,13720
2026-09-24 14:32:57.115,CRUDEOILM,CE,9700.0,CRUDEOILM15OCT269700CE,274.0,20,SELL_AGGRESSOR,50440,9760
2026-09-24 14:33:00.808,CRUDEOIL,CE,9400.0,CRUDEOIL15OCT269400CE,361.5,500,BUY_AGGRESSOR,333200,82100
2026-09-24 14:33:00.808,CRUDEOIL,CE,9800.0,CRUDEOIL15OCT269800CE,244.8,100,SELL,255100,99400
2026-09-24 14:33:00.808,CRUDEOILM,FUT,0.0,CRUDEOILM19OCT26FUT,9046.0,50,INSIDE,500320,414500
2026-09-24 14:33:04.417,CRUDEOIL,FUT,0.0,CRUDEOIL19OCT26FUT,9047.0,500,SELL_AGGRESSOR,1783600,1285300
2026-09-24 14:33:04.417,CRUDEOIL,CE,9500.0,CRUDEOIL15OCT269500CE,327.0,1000,SELL,1221800,561300
2026-09-24 14:33:04.417,CRUDEOIL,PE,9500.0,CRUDEOIL15OCT269500PE,773.0,200,BUY_AGGRESSOR,70500,99000
2026-09-24 14:33:04.417,CRUDEOIL,CE,9800.0,CRUDEOIL15OCT269800CE,244.0,200,SELL,255300,99400
2026-09-24 14:33:04.417,CRUDEOILM,FUT,0.0,CRUDEOILM19OCT26FUT,9044.0,40,SELL_AGGRESSOR,500360,414460
2026-09-24 14:33:04.417,CRUDEOILM,CE,9700.0,CRUDEOILM15OCT269700CE,273.55,40,SELL_AGGRESSOR,50480,9720
2026-09-24 14:33:04.417,CRUDEOILM,CE,9900.0,CRUDEOILM15OCT269900CE,222.8,20,SELL_AGGRESSOR,172930,29780
2026-09-24 14:33:08.014,CRUDEOIL,FUT,0.0,CRUDEOIL19OCT26FUT,9047.0,100,BUY_AGGRESSOR,1783700,1285400
2026-09-24 14:33:08.014,CRUDEOILM,FUT,0.0,CRUDEOILM19OCT26FUT,9041.0,80,SELL_AGGRESSOR,500440,414470
2026-09-24 14:33:08.014,CRUDEOILM,CE,9400.0,CRUDEOILM15OCT269400CE,364.8,60,BUY_AGGRESSOR,57890,35900
2026-09-24 14:33:08.014,CRUDEOILM,CE,9750.0,CRUDEOILM15OCT269750CE,260.25,20,BUY_AGGRESSOR,11490,3420
2026-09-24 14:33:11.777,CRUDEOIL,FUT,0.0,CRUDEOIL19OCT26FUT,9045.0,100,SELL_AGGRESSOR,1783800,1285400
2026-09-24 14:33:11.777,CRUDEOILM,FUT,0.0,CRUDEOILM19OCT26FUT,9043.0,120,BUY,500560,414380
2026-09-24 14:33:11.777,CRUDEOILM,PE,9350.0,CRUDEOILM15OCT269350PE,687.25,40,BUY_AGGRESSOR,2570,2740
2026-09-24 14:33:11.777,CRUDEOILM,CE,9600.0,CRUDEOILM15OCT269600CE,300.0,20,SELL_AGGRESSOR,59630,13730
2026-09-24 14:33:11.777,CRUDEOILM,CE,9900.0,CRUDEOILM15OCT269900CE,222.15,10,SELL_AGGRESSOR,172940,29770
2026-09-24 14:33:15.318,CRUDEOIL,FUT,0.0,CRUDEOIL19OCT26FUT,9045.0,200,BUY_AGGRESSOR,1784000,1285500
2026-09-24 14:33:15.318,CRUDEOILM,FUT,0.0,CRUDEOILM19OCT26FUT,9040.0,10,SELL_AGGRESSOR,500570,414380
2026-09-24 14:33:15.318,CRUDEOILM,CE,9400.0,CRUDEOILM15OCT269400CE,362.6,20,SELL_AGGRESSOR,57910,35900
2026-09-24 14:33:15.318,CRUDEOILM,CE,9600.0,CRUDEOILM15OCT269600CE,300.0,10,SELL_AGGRESSOR,59640,13730
2026-09-24 14:33:19.074,CRUDEOIL,FUT,0.0,CRUDEOIL19OCT26FUT,9042.0,500,SELL_AGGRESSOR,1784500,1286000
2026-09-24 14:33:19.074,CRUDEOIL,CE,9400.0,CRUDEOIL15OCT269400CE,359.2,100,SELL,333300,82100
2026-09-24 14:33:19.074,CRUDEOIL,CE,9500.0,CRUDEOIL15OCT269500CE,325.2,100,SELL,1221900,561200
2026-09-24 14:33:19.074,CRUDEOILM,FUT,0.0,CRUDEOILM19OCT26FUT,9040.0,150,SELL_AGGRESSOR,500720,414470
2026-09-24 14:33:22.682,CRUDEOIL,FUT,0.0,CRUDEOIL19OCT26FUT,9042.0,600,SELL_AGGRESSOR,1785100,1286500
2026-09-24 14:33:22.682,CRUDEOIL,CE,9900.0,CRUDEOIL15OCT269900CE,219.0,100,SELL_AGGRESSOR,193300,35900
2026-09-24 14:33:22.682,CRUDEOILM,FUT,0.0,CRUDEOILM19OCT26FUT,9040.0,30,SELL_AGGRESSOR,500750,414480
2026-09-24 14:33:26.319,CRUDEOIL,FUT,0.0,CRUDEOIL19OCT26FUT,9042.0,300,SELL_AGGRESSOR,1785400,1286800
2026-09-24 14:33:26.319,CRUDEOILM,FUT,0.0,CRUDEOILM19OCT26FUT,9040.0,60,SELL_AGGRESSOR,500810,414450
2026-09-24 14:33:26.319,CRUDEOILM,CE,9750.0,CRUDEOILM15OCT269750CE,257.9,30,SELL_AGGRESSOR,11520,3420
2026-09-24 14:33:29.956,CRUDEOIL,FUT,0.0,CRUDEOIL19OCT26FUT,9045.0,100,BUY_AGGRESSOR,1785500,1286800
2026-09-24 14:33:29.956,CRUDEOIL,CE,9700.0,CRUDEOIL15OCT269700CE,269.5,500,BUY_AGGRESSOR,377400,37200
2026-09-24 14:33:29.956,CRUDEOIL,CE,9900.0,CRUDEOIL15OCT269900CE,220.3,100,BUY_AGGRESSOR,193400,36000
2026-09-24 14:33:29.956,CRUDEOILM,FUT,0.0,CRUDEOILM19OCT26FUT,9045.0,290,BUY_AGGRESSOR,501100,414450
2026-09-24 14:33:29.956,CRUDEOILM,CE,9750.0,CRUDEOILM15OCT269750CE,257.9,20,INSIDE,11540,3420
2026-09-24 14:33:29.956,CRUDEOILM,CE,9800.0,CRUDEOILM15OCT269800CE,245.85,10,SELL,89320,33650
2026-09-24 14:33:29.956,CRUDEOILM,CE,9900.0,CRUDEOILM15OCT269900CE,222.7,10,BUY_AGGRESSOR,172950,29780
2026-09-24 14:33:33.503,CRUDEOIL,FUT,0.0,CRUDEOIL19OCT26FUT,9045.0,700,BUY_AGGRESSOR,1786200,1286700
2026-09-24 14:33:33.503,CRUDEOIL,CE,9350.0,CRUDEOIL15OCT269350CE,377.0,100,BUY,89900,23600
2026-09-24 14:33:33.503,CRUDEOIL,CE,9400.0,CRUDEOIL15OCT269400CE,359.9,100,BUY_AGGRESSOR,333400,82200
2026-09-24 14:33:33.503,CRUDEOIL,CE,9500.0,CRUDEOIL15OCT269500CE,326.9,1500,BUY_AGGRESSOR,1223400,561200
2026-09-24 14:33:33.503,CRUDEOIL,CE,9600.0,CRUDEOIL15OCT269600CE,295.0,300,SELL,222900,63400
2026-09-24 14:33:33.503,CRUDEOIL,CE,9800.0,CRUDEOIL15OCT269800CE,243.6,100,BUY_AGGRESSOR,255400,99400
2026-09-24 14:33:33.503,CRUDEOILM,FUT,0.0,CRUDEOILM19OCT26FUT,9042.0,20,SELL_AGGRESSOR,501120,414550
2026-09-24 14:33:33.503,CRUDEOILM,CE,9350.0,CRUDEOILM15OCT269350CE,383.1,10,SELL,29940,17050
2026-09-24 14:33:33.503,CRUDEOILM,CE,9500.0,CRUDEOILM15OCT269500CE,333.7,280,BUY_AGGRESSOR,146620,73820
2026-09-24 14:33:33.503,CRUDEOILM,PE,9550.0,CRUDEOILM15OCT269550PE,814.35,250,SELL_AGGRESSOR,1550,540
2026-09-24 14:33:33.503,CRUDEOILM,CE,9600.0,CRUDEOILM15OCT269600CE,301.45,70,BUY_AGGRESSOR,59710,13720
2026-09-24 14:33:33.503,CRUDEOILM,CE,9700.0,CRUDEOILM15OCT269700CE,273.1,60,BUY_AGGRESSOR,50540,9780
2026-09-24 14:33:33.503,CRUDEOILM,CE,9800.0,CRUDEOILM15OCT269800CE,246.8,10,BUY,89330,33660
2026-09-24 14:33:33.503,CRUDEOILM,CE,9850.0,CRUDEOILM15OCT269850CE,233.95,10,SELL,13330,3270
2026-09-24 14:33:37.146,CRUDEOIL,FUT,0.0,CRUDEOIL19OCT26FUT,9044.0,300,SELL_AGGRESSOR,1786500,1286700
2026-09-24 14:33:37.146,CRUDEOIL,CE,9400.0,CRUDEOIL15OCT269400CE,362.2,100,BUY_AGGRESSOR,333500,82200
2026-09-24 14:33:37.146,CRUDEOIL,CE,9500.0,CRUDEOIL15OCT269500CE,328.2,200,BUY_AGGRESSOR,1223600,560600
2026-09-24 14:33:37.146,CRUDEOIL,PE,9500.0,CRUDEOIL15OCT269500PE,775.0,100,BUY_AGGRESSOR,70600,99100
2026-09-24 14:33:37.146,CRUDEOIL,CE,9700.0,CRUDEOIL15OCT269700CE,270.0,100,BUY_AGGRESSOR,377500,37600
2026-09-24 14:33:37.146,CRUDEOILM,FUT,0.0,CRUDEOILM19OCT26FUT,9045.0,80,BUY_AGGRESSOR,501200,414560
2026-09-24 14:33:37.146,CRUDEOILM,CE,9450.0,CRUDEOILM15OCT269450CE,349.85,10,BUY_AGGRESSOR,32680,14210
2026-09-24 14:33:37.146,CRUDEOILM,CE,9500.0,CRUDEOILM15OCT269500CE,335.1,210,BUY_AGGRESSOR,146830,73820
2026-09-24 14:33:37.146,CRUDEOILM,CE,9600.0,CRUDEOILM15OCT269600CE,302.75,60,BUY_AGGRESSOR,59770,13720
2026-09-24 14:33:37.146,CRUDEOILM,CE,9900.0,CRUDEOILM15OCT269900CE,224.05,100,BUY_AGGRESSOR,173050,29780
2026-09-24 14:33:40.674,CRUDEOIL,FUT,0.0,CRUDEOIL19OCT26FUT,9047.0,300,BUY,1786800,1286700
2026-09-24 14:33:40.674,CRUDEOIL,CE,9400.0,CRUDEOIL15OCT269400CE,361.4,100,SELL_AGGRESSOR,333600,82200
2026-09-24 14:33:40.674,CRUDEOIL,CE,9700.0,CRUDEOIL15OCT269700CE,270.0,200,SELL_AGGRESSOR,377700,37600
2026-09-24 14:33:40.674,CRUDEOIL,CE,9800.0,CRUDEOIL15OCT269800CE,244.8,100,SELL_AGGRESSOR,255500,99400
2026-09-24 14:33:40.674,CRUDEOILM,FUT,0.0,CRUDEOILM19OCT26FUT,9045.0,180,SELL_AGGRESSOR,501380,414550
2026-09-24 14:33:40.674,CRUDEOILM,CE,9500.0,CRUDEOILM15OCT269500CE,333.55,20,SELL_AGGRESSOR,146850,73700
2026-09-24 14:33:40.674,CRUDEOILM,CE,9700.0,CRUDEOILM15OCT269700CE,274.2,10,SELL_AGGRESSOR,50550,9770
2026-09-24 14:33:40.674,CRUDEOILM,CE,9900.0,CRUDEOILM15OCT269900CE,223.55,80,SELL_AGGRESSOR,173130,29730
2026-09-24 14:33:47.977,CRUDEOILM,FUT,0.0,CRUDEOILM19OCT26FUT,9046.0,30,BUY_AGGRESSOR,501410,414580
2026-09-24 14:33:47.977,CRUDEOILM,CE,9400.0,CRUDEOILM15OCT269400CE,366.2,10,BUY,57920,35900
2026-09-24 14:33:51.542,CRUDEOIL,FUT,0.0,CRUDEOIL19OCT26FUT,9047.0,100,SELL_AGGRESSOR,1786900,1286700
2026-09-24 14:33:51.542,CRUDEOIL,CE,9700.0,CRUDEOIL15OCT269700CE,270.0,100,SELL_AGGRESSOR,377800,37500
2026-09-24 14:33:51.542,CRUDEOIL,CE,9800.0,CRUDEOIL15OCT269800CE,245.6,500,BUY,256000,99400
2026-09-24 14:33:51.542,CRUDEOIL,CE,9950.0,CRUDEOIL15OCT269950CE,210.2,100,SELL_AGGRESSOR,31300,7000
2026-09-24 14:33:51.542,CRUDEOILM,FUT,0.0,CRUDEOILM19OCT26FUT,9045.0,50,SELL_AGGRESSOR,501460,414540
2026-09-24 14:33:51.542,CRUDEOILM,CE,9650.0,CRUDEOILM15OCT269650CE,286.5,30,SELL,15030,2850
2026-09-24 14:33:51.542,CRUDEOILM,CE,9700.0,CRUDEOILM15OCT269700CE,274.0,30,SELL_AGGRESSOR,50580,9740
2026-09-24 14:33:51.542,CRUDEOILM,CE,9900.0,CRUDEOILM15OCT269900CE,223.7,10,SELL_AGGRESSOR,173140,29720
2026-09-24 14:33:56.076,CRUDEOIL,FUT,0.0,CRUDEOIL19OCT26FUT,9052.0,100,BUY_AGGRESSOR,1787000,1286700
2026-09-24 14:33:56.076,CRUDEOIL,CE,9400.0,CRUDEOIL15OCT269400CE,362.8,100,BUY_AGGRESSOR,333700,82300
2026-09-24 14:33:56.076,CRUDEOILM,FUT,0.0,CRUDEOILM19OCT26FUT,9046.0,70,BUY_AGGRESSOR,501530,414540
2026-09-24 14:33:56.076,CRUDEOILM,CE,9500.0,CRUDEOILM15OCT269500CE,336.55,300,BUY_AGGRESSOR,147150,73750
2026-09-24 14:33:59.812,CRUDEOIL,FUT,0.0,CRUDEOIL19OCT26FUT,9049.0,100,SELL_AGGRESSOR,1787100,1286700
2026-09-24 14:33:59.812,CRUDEOIL,CE,9350.0,CRUDEOIL15OCT269350CE,379.2,900,BUY,90800,23300
2026-09-24 14:33:59.812,CRUDEOIL,CE,9400.0,CRUDEOIL15OCT269400CE,360.3,700,SELL_AGGRESSOR,334400,82600
2026-09-24 14:33:59.812,CRUDEOIL,CE,9500.0,CRUDEOIL15OCT269500CE,326.7,2400,SELL_AGGRESSOR,1226000,561100
2026-09-24 14:33:59.812,CRUDEOIL,CE,9700.0,CRUDEOIL15OCT269700CE,269.4,1200,SELL_AGGRESSOR,379000,37200
2026-09-24 14:33:59.812,CRUDEOIL,CE,9800.0,CRUDEOIL15OCT269800CE,245.7,100,SELL_AGGRESSOR,256100,99400
2026-09-24 14:33:59.812,CRUDEOIL,CE,9900.0,CRUDEOIL15OCT269900CE,221.2,1900,SELL_AGGRESSOR,195300,35800
2026-09-24 14:33:59.812,CRUDEOILM,FUT,0.0,CRUDEOILM19OCT26FUT,9045.0,150,SELL_AGGRESSOR,501680,414550
2026-09-24 14:33:59.812,CRUDEOILM,CE,9350.0,CRUDEOILM15OCT269350CE,383.5,130,SELL_AGGRESSOR,30070,17030
2026-09-24 14:33:59.812,CRUDEOILM,CE,9400.0,CRUDEOILM15OCT269400CE,365.85,190,SELL_AGGRESSOR,58110,35890
2026-09-24 14:33:59.812,CRUDEOILM,CE,9450.0,CRUDEOILM15OCT269450CE,350.1,100,SELL_AGGRESSOR,32780,14130
2026-09-24 14:33:59.812,CRUDEOILM,CE,9500.0,CRUDEOILM15OCT269500CE,334.2,120,SELL_AGGRESSOR,147270,73760
2026-09-24 14:33:59.812,CRUDEOILM,CE,9600.0,CRUDEOILM15OCT269600CE,303.55,120,SELL_AGGRESSOR,59890,13680
2026-09-24 14:33:59.812,CRUDEOILM,CE,9650.0,CRUDEOILM15OCT269650CE,287.5,60,SELL_AGGRESSOR,15090,2870
2026-09-24 14:33:59.812,CRUDEOILM,CE,9700.0,CRUDEOILM15OCT269700CE,274.75,110,SELL_AGGRESSOR,50690,9730
2026-09-24 14:33:59.812,CRUDEOILM,CE,9800.0,CRUDEOILM15OCT269800CE,248.65,150,SELL_AGGRESSOR,89480,33520
2026-09-24 14:33:59.812,CRUDEOILM,CE,9850.0,CRUDEOILM15OCT269850CE,236.3,50,SELL_AGGRESSOR,13380,3270
2026-09-24 14:33:59.812,CRUDEOILM,CE,9900.0,CRUDEOILM15OCT269900CE,224.2,400,SELL_AGGRESSOR,173540,29670
2026-09-24 14:34:03.435,CRUDEOIL,CE,9400.0,CRUDEOIL15OCT269400CE,362.0,200,BUY_AGGRESSOR,334600,82900
2026-09-24 14:34:03.435,CRUDEOIL,CE,9500.0,CRUDEOIL15OCT269500CE,327.3,100,BUY_AGGRESSOR,1226100,561800
2026-09-24 14:34:03.435,CRUDEOIL,CE,9600.0,CRUDEOIL15OCT269600CE,298.5,100,BUY_AGGRESSOR,223000,63400
2026-09-24 14:34:03.435,CRUDEOIL,CE,9700.0,CRUDEOIL15OCT269700CE,270.0,100,BUY_AGGRESSOR,379100,37200
2026-09-24 14:34:03.435,CRUDEOIL,CE,9800.0,CRUDEOIL15OCT269800CE,244.8,100,BUY_AGGRESSOR,256200,99400
2026-09-24 14:34:03.435,CRUDEOILM,FUT,0.0,CRUDEOILM19OCT26FUT,9045.0,40,INSIDE,501720,414470
2026-09-24 14:34:03.435,CRUDEOILM,CE,9500.0,CRUDEOILM15OCT269500CE,334.4,60,BUY_AGGRESSOR,147330,73800
2026-09-24 14:34:03.435,CRUDEOILM,CE,9600.0,CRUDEOILM15OCT269600CE,303.8,90,BUY_AGGRESSOR,59980,13600
2026-09-24 14:34:03.435,CRUDEOILM,CE,9700.0,CRUDEOILM15OCT269700CE,275.05,10,BUY_AGGRESSOR,50700,9640
2026-09-24 14:34:07.180,CRUDEOIL,FUT,0.0,CRUDEOIL19OCT26FUT,9048.0,100,SELL_AGGRESSOR,1787200,1286700
2026-09-24 14:34:07.180,CRUDEOILM,FUT,0.0,CRUDEOILM19OCT26FUT,9045.0,10,SELL_AGGRESSOR,501730,414470
2026-09-24 14:34:10.647,CRUDEOIL,FUT,0.0,CRUDEOIL19OCT26FUT,9045.0,100,SELL_AGGRESSOR,1787300,1286700
2026-09-24 14:34:10.647,CRUDEOIL,CE,9400.0,CRUDEOIL15OCT269400CE,360.3,100,SELL_AGGRESSOR,334700,83000
2026-09-24 14:34:10.647,CRUDEOILM,FUT,0.0,CRUDEOILM19OCT26FUT,9042.0,80,SELL_AGGRESSOR,501810,414500
2026-09-24 14:34:10.647,CRUDEOILM,CE,9500.0,CRUDEOILM15OCT269500CE,333.0,50,SELL_AGGRESSOR,147380,73830
2026-09-24 14:34:10.647,CRUDEOILM,CE,9600.0,CRUDEOILM15OCT269600CE,302.9,10,SELL_AGGRESSOR,59990,13610
2026-09-24 14:34:10.647,CRUDEOILM,CE,9650.0,CRUDEOILM15OCT269650CE,286.05,10,SELL_AGGRESSOR,15100,2860
2026-09-24 14:34:14.364,CRUDEOIL,FUT,0.0,CRUDEOIL19OCT26FUT,9045.0,100,SELL_AGGRESSOR,1787400,1286700
2026-09-24 14:34:14.364,CRUDEOIL,CE,9350.0,CRUDEOIL15OCT269350CE,377.4,100,SELL,90900,23200
2026-09-24 14:34:14.364,CRUDEOIL,CE,9400.0,CRUDEOIL15OCT269400CE,359.9,100,SELL_AGGRESSOR,334800,83100
2026-09-24 14:34:14.364,CRUDEOILM,FUT,0.0,CRUDEOILM19OCT26FUT,9044.0,90,BUY_AGGRESSOR,501900,414460
2026-09-24 14:34:14.364,CRUDEOILM,CE,9750.0,CRUDEOILM15OCT269750CE,258.7,20,SELL_AGGRESSOR,11560,3420
2026-09-24 14:34:14.364,CRUDEOILM,CE,9850.0,CRUDEOILM15OCT269850CE,234.8,10,SELL,13390,3280
2026-09-24 14:34:17.939,CRUDEOIL,FUT,0.0,CRUDEOIL19OCT26FUT,9045.0,500,SELL_AGGRESSOR,1787900,1286700
2026-09-24 14:34:17.939,CRUDEOIL,CE,9500.0,CRUDEOIL15OCT269500CE,326.3,100,BUY_AGGRESSOR,1226200,561900
2026-09-24 14:34:17.939,CRUDEOIL,PE,9500.0,CRUDEOIL15OCT269500PE,775.0,100,BUY_AGGRESSOR,70700,99100
2026-09-24 14:34:17.939,CRUDEOILM,FUT,0.0,CRUDEOILM19OCT26FUT,9041.0,70,SELL_AGGRESSOR,501970,414460
2026-09-24 14:34:17.939,CRUDEOILM,CE,9400.0,CRUDEOILM15OCT269400CE,365.5,10,BUY_AGGRESSOR,58120,35890
2026-09-24 14:34:21.599,CRUDEOIL,CE,9500.0,CRUDEOIL15OCT269500CE,327.0,100,BUY_AGGRESSOR,1226300,561900
2026-09-24 14:34:21.599,CRUDEOIL,CE,9800.0,CRUDEOIL15OCT269800CE,243.4,100,SELL,256300,99400
2026-09-24 14:34:21.599,CRUDEOILM,CE,9350.0,CRUDEOILM15OCT269350CE,385.1,240,BUY_AGGRESSOR,30310,17110
2026-09-24 14:34:25.256,CRUDEOILM,FUT,0.0,CRUDEOILM19OCT26FUT,9045.0,100,BUY_AGGRESSOR,502070,414480
2026-09-24 14:34:25.256,CRUDEOILM,CE,9500.0,CRUDEOILM15OCT269500CE,333.0,10,BUY_AGGRESSOR,147390,73820
2026-09-24 14:34:28.901,CRUDEOILM,FUT,0.0,CRUDEOILM19OCT26FUT,9042.0,60,SELL_AGGRESSOR,502130,414510
2026-09-24 14:34:28.901,CRUDEOILM,CE,9800.0,CRUDEOILM15OCT269800CE,248.8,200,BUY_AGGRESSOR,89680,33680
2026-09-24 14:34:32.510,CRUDEOIL,FUT,0.0,CRUDEOIL19OCT26FUT,9045.0,100,SELL_AGGRESSOR,1788000,1286700
2026-09-24 14:34:32.510,CRUDEOIL,CE,9900.0,CRUDEOIL15OCT269900CE,221.2,100,BUY_AGGRESSOR,195400,35700
2026-09-24 14:34:32.510,CRUDEOILM,FUT,0.0,CRUDEOILM19OCT26FUT,9042.0,10,SELL_AGGRESSOR,502140,414510
2026-09-24 14:34:36.122,CRUDEOIL,FUT,0.0,CRUDEOIL19OCT26FUT,9045.0,100,INSIDE,1788100,1286700
2026-09-24 14:34:36.122,CRUDEOILM,FUT,0.0,CRUDEOILM19OCT26FUT,9042.0,20,SELL_AGGRESSOR,502160,414520
2026-09-24 14:34:36.122,CRUDEOILM,CE,9600.0,CRUDEOILM15OCT269600CE,302.15,10,SELL_AGGRESSOR,60000,13610
2026-09-24 14:34:36.122,CRUDEOILM,CE,9900.0,CRUDEOILM15OCT269900CE,223.45,40,SELL_AGGRESSOR,173580,29630
2026-09-24 14:34:39.786,CRUDEOIL,FUT,0.0,CRUDEOIL19OCT26FUT,9045.0,100,BUY_AGGRESSOR,1788200,1286700
2026-09-24 14:34:39.786,CRUDEOIL,CE,9700.0,CRUDEOIL15OCT269700CE,269.1,100,BUY_AGGRESSOR,379200,37300
2026-09-24 14:34:39.786,CRUDEOILM,CE,9500.0,CRUDEOILM15OCT269500CE,332.75,80,BUY_AGGRESSOR,147470,73890
2026-09-24 14:34:43.477,CRUDEOIL,FUT,0.0,CRUDEOIL19OCT26FUT,9045.0,100,INSIDE,1788300,1286600
2026-09-24 14:34:43.477,CRUDEOIL,CE,9750.0,CRUDEOIL15OCT269750CE,256.0,100,INSIDE,50600,13100
2026-09-24 14:34:43.477,CRUDEOIL,CE,9950.0,CRUDEOIL15OCT269950CE,209.5,100,SELL_AGGRESSOR,31400,6900
2026-09-24 14:34:43.477,CRUDEOILM,FUT,0.0,CRUDEOILM19OCT26FUT,9045.0,160,BUY_AGGRESSOR,502320,414400
2026-09-24 14:34:47.132,CRUDEOIL,FUT,0.0,CRUDEOIL19OCT26FUT,9046.0,2000,BUY_AGGRESSOR,1790300,1287300
2026-09-24 14:34:47.132,CRUDEOILM,FUT,0.0,CRUDEOILM19OCT26FUT,9045.0,130,BUY_AGGRESSOR,502450,414390
2026-09-24 14:34:47.132,CRUDEOILM,CE,9800.0,CRUDEOILM15OCT269800CE,247.45,10,SELL,89690,33680
2026-09-24 14:34:50.652,CRUDEOILM,FUT,0.0,CRUDEOILM19OCT26FUT,9041.0,70,SELL_AGGRESSOR,502520,414400
2026-09-24 14:34:54.217,CRUDEOIL,FUT,0.0,CRUDEOIL19OCT26FUT,9042.0,200,SELL_AGGRESSOR,1790500,1286600
2026-09-24 14:34:54.217,CRUDEOIL,CE,9500.0,CRUDEOIL15OCT269500CE,325.4,100,SELL_AGGRESSOR,1226400,561900
2026-09-24 14:34:54.217,CRUDEOILM,FUT,0.0,CRUDEOILM19OCT26FUT,9040.0,60,SELL_AGGRESSOR,502580,414420
2026-09-24 14:34:54.217,CRUDEOILM,CE,9650.0,CRUDEOILM15OCT269650CE,286.05,10,SELL_AGGRESSOR,15110,2870
2026-09-24 14:34:54.217,CRUDEOILM,CE,9700.0,CRUDEOILM15OCT269700CE,272.7,50,SELL_AGGRESSOR,50750,9590
2026-09-24 14:34:54.217,CRUDEOILM,CE,9850.0,CRUDEOILM15OCT269850CE,234.0,10,SELL_AGGRESSOR,13400,3270
2026-09-24 14:34:54.217,CRUDEOILM,CE,9900.0,CRUDEOILM15OCT269900CE,223.0,40,SELL_AGGRESSOR,173620,29590
2026-09-24 14:34:57.765,CRUDEOIL,CE,9500.0,CRUDEOIL15OCT269500CE,326.4,100,BUY_AGGRESSOR,1226500,561900
2026-09-24 14:34:57.765,CRUDEOILM,FUT,0.0,CRUDEOILM19OCT26FUT,9039.0,300,SELL_AGGRESSOR,502880,414430
2026-09-24 14:34:57.765,CRUDEOILM,CE,9500.0,CRUDEOILM15OCT269500CE,332.25,10,BUY_AGGRESSOR,147480,73900
2026-09-24 14:35:01.264,CRUDEOIL,PE,9500.0,CRUDEOIL15OCT269500PE,778.1,100,BUY,70800,99100
2026-09-24 14:35:01.264,CRUDEOILM,FUT,0.0,CRUDEOILM19OCT26FUT,9040.0,70,SELL_AGGRESSOR,502950,414460
2026-09-24 14:35:04.866,CRUDEOIL,PE,9500.0,CRUDEOIL15OCT269500PE,777.0,200,SELL_AGGRESSOR,71000,99100
2026-09-24 14:35:04.866,CRUDEOILM,FUT,0.0,CRUDEOILM19OCT26FUT,9039.0,110,SELL_AGGRESSOR,503060,414460
2026-09-24 14:35:08.454,CRUDEOILM,FUT,0.0,CRUDEOILM19OCT26FUT,9039.0,110,SELL_AGGRESSOR,503170,414550
2026-09-24 14:35:08.454,CRUDEOILM,CE,9400.0,CRUDEOILM15OCT269400CE,365.0,20,BUY_AGGRESSOR,58140,35890
2026-09-24 14:35:08.454,CRUDEOILM,CE,9500.0,CRUDEOILM15OCT269500CE,332.5,10,BUY,147490,73900
2026-09-24 14:35:12.099,CRUDEOIL,CE,9500.0,CRUDEOIL15OCT269500CE,325.6,100,SELL_AGGRESSOR,1226600,561800
2026-09-24 14:35:12.099,CRUDEOILM,FUT,0.0,CRUDEOILM19OCT26FUT,9039.0,100,SELL_AGGRESSOR,503270,414550
2026-09-24 14:35:15.708,CRUDEOILM,FUT,0.0,CRUDEOILM19OCT26FUT,9039.0,70,SELL_AGGRESSOR,503340,414550
2026-09-24 14:35:15.708,CRUDEOILM,CE,9600.0,CRUDEOILM15OCT269600CE,302.15,20,SELL_AGGRESSOR,60020,13610
2026-09-24 14:35:15.708,CRUDEOILM,CE,9900.0,CRUDEOILM15OCT269900CE,223.2,40,SELL_AGGRESSOR,173660,29550
2026-09-24 14:35:19.357,CRUDEOIL,FUT,0.0,CRUDEOIL19OCT26FUT,9043.0,100,SELL_AGGRESSOR,1790600,1286600
2026-09-24 14:35:19.357,CRUDEOIL,CE,9850.0,CRUDEOIL15OCT269850CE,230.6,100,SELL_AGGRESSOR,38000,11700
2026-09-24 14:35:19.357,CRUDEOILM,FUT,0.0,CRUDEOILM19OCT26FUT,9039.0,210,BUY_AGGRESSOR,503550,414470
2026-09-24 14:35:19.357,CRUDEOILM,CE,9600.0,CRUDEOILM15OCT269600CE,302.05,10,SELL,60030,13620
2026-09-24 14:35:19.357,CRUDEOILM,CE,9850.0,CRUDEOILM15OCT269850CE,234.05,40,SELL_AGGRESSOR,13440,3260
2026-09-24 14:35:22.941,CRUDEOIL,FUT,0.0,CRUDEOIL19OCT26FUT,9045.0,100,BUY_AGGRESSOR,1790700,1286600
2026-09-24 14:35:22.941,CRUDEOIL,CE,9400.0,CRUDEOIL15OCT269400CE,359.9,200,BUY_AGGRESSOR,335000,83100
2026-09-24 14:35:22.941,CRUDEOIL,CE,9500.0,CRUDEOIL15OCT269500CE,326.8,200,BUY_AGGRESSOR,1226800,561800
2026-09-24 14:35:22.941,CRUDEOIL,CE,9700.0,CRUDEOIL15OCT269700CE,268.8,100,SELL,379300,37300
2026-09-24 14:35:22.941,CRUDEOILM,FUT,0.0,CRUDEOILM19OCT26FUT,9040.0,20,BUY,503570,414490
2026-09-24 14:35:22.941,CRUDEOILM,CE,9400.0,CRUDEOILM15OCT269400CE,364.5,140,BUY_AGGRESSOR,58280,35890
2026-09-24 14:35:22.941,CRUDEOILM,CE,9600.0,CRUDEOILM15OCT269600CE,302.1,40,BUY_AGGRESSOR,60070,13580
2026-09-24 14:35:22.941,CRUDEOILM,CE,9800.0,CRUDEOILM15OCT269800CE,248.4,10,BUY_AGGRESSOR,89700,33680
2026-09-24 14:35:26.553,CRUDEOIL,CE,9500.0,CRUDEOIL15OCT269500CE,325.9,400,SELL_AGGRESSOR,1227200,561400
2026-09-24 14:35:26.553,CRUDEOILM,FUT,0.0,CRUDEOILM19OCT26FUT,9044.0,70,BUY_AGGRESSOR,503640,414490
2026-09-24 14:35:26.553,CRUDEOILM,CE,9400.0,CRUDEOILM15OCT269400CE,364.5,360,BUY_AGGRESSOR,58640,35890
2026-09-24 14:35:26.553,CRUDEOILM,CE,9600.0,CRUDEOILM15OCT269600CE,302.05,90,BUY_AGGRESSOR,60160,13490
2026-09-24 14:35:26.553,CRUDEOILM,CE,9800.0,CRUDEOILM15OCT269800CE,249.25,20,BUY_AGGRESSOR,89720,33700
2026-09-24 14:35:30.133,CRUDEOILM,FUT,0.0,CRUDEOILM19OCT26FUT,9047.0,80,BUY_AGGRESSOR,503720,414460
2026-09-24 14:35:33.783,CRUDEOIL,CE,9500.0,CRUDEOIL15OCT269500CE,327.7,100,SELL_AGGRESSOR,1227300,561300
2026-09-24 14:35:33.783,CRUDEOILM,FUT,0.0,CRUDEOILM19OCT26FUT,9047.0,70,BUY_AGGRESSOR,503790,414430
2026-09-24 14:35:33.783,CRUDEOILM,CE,9400.0,CRUDEOILM15OCT269400CE,367.8,10,BUY_AGGRESSOR,58650,35900
2026-09-24 14:35:37.269,CRUDEOILM,FUT,0.0,CRUDEOILM19OCT26FUT,9049.0,30,BUY_AGGRESSOR,503820,414410
2026-09-24 14:35:37.269,CRUDEOILM,CE,9500.0,CRUDEOILM15OCT269500CE,335.05,10,SELL_AGGRESSOR,147500,73890
2026-09-24 14:35:40.814,CRUDEOILM,FUT,0.0,CRUDEOILM19OCT26FUT,9047.0,100,SELL_AGGRESSOR,503920,414410
2026-09-24 14:35:40.814,CRUDEOILM,CE,9350.0,CRUDEOILM15OCT269350CE,387.55,10,BUY_AGGRESSOR,30320,17110
2026-09-24 14:35:44.343,CRUDEOIL,CE,9500.0,CRUDEOIL15OCT269500CE,328.0,100,SELL_AGGRESSOR,1227400,561400
2026-09-24 14:35:44.343,CRUDEOILM,FUT,0.0,CRUDEOILM19OCT26FUT,9042.0,570,SELL_AGGRESSOR,504490,414540
2026-09-24 14:35:44.343,CRUDEOILM,CE,9350.0,CRUDEOILM15OCT269350CE,386.25,10,SELL,30330,17100
2026-09-24 14:35:44.343,CRUDEOILM,PE,9350.0,CRUDEOILM15OCT269350PE,688.0,10,BUY,2580,2740
2026-09-24 14:35:44.343,CRUDEOILM,CE,9450.0,CRUDEOILM15OCT269450CE,350.6,20,BUY,32800,14130
2026-09-24 14:35:47.954,CRUDEOIL,FUT,0.0,CRUDEOIL19OCT26FUT,9047.0,100,BUY,1790800,1286700
2026-09-24 14:35:47.954,CRUDEOIL,CE,9500.0,CRUDEOIL15OCT269500CE,327.5,200,BUY_AGGRESSOR,1227600,561600
2026-09-24 14:35:47.954,CRUDEOILM,FUT,0.0,CRUDEOILM19OCT26FUT,9043.0,160,BUY,504650,414410
2026-09-24 14:35:47.954,CRUDEOILM,CE,9450.0,CRUDEOILM15OCT269450CE,348.6,40,SELL_AGGRESSOR,32840,14100
2026-09-24 14:35:47.954,CRUDEOILM,CE,9500.0,CRUDEOILM15OCT269500CE,332.5,100,SELL_AGGRESSOR,147600,73960
2026-09-24 14:35:51.456,CRUDEOILM,FUT,0.0,CRUDEOILM19OCT26FUT,9046.0,20,BUY_AGGRESSOR,504670,414410
2026-09-24 14:35:51.456,CRUDEOILM,CE,9500.0,CRUDEOILM15OCT269500CE,332.75,10,BUY,147610,73950
2026-09-24 14:35:58.566,CRUDEOIL,FUT,0.0,CRUDEOIL19OCT26FUT,9044.0,300,SELL_AGGRESSOR,1791100,1286700
2026-09-24 14:35:58.566,CRUDEOILM,FUT,0.0,CRUDEOILM19OCT26FUT,9045.0,20,BUY_AGGRESSOR,504690,414410
2026-09-24 14:35:58.566,CRUDEOILM,CE,9400.0,CRUDEOILM15OCT269400CE,365.85,40,BUY_AGGRESSOR,58690,35910
2026-09-24 14:35:58.566,CRUDEOILM,CE,9500.0,CRUDEOILM15OCT269500CE,332.4,10,SELL_AGGRESSOR,147620,73940
2026-09-24 14:36:02.241,CRUDEOILM,FUT,0.0,CRUDEOILM19OCT26FUT,9043.0,30,SELL_AGGRESSOR,504720,414410
2026-09-24 14:36:02.241,CRUDEOILM,PE,9500.0,CRUDEOILM15OCT269500PE,779.15,10,INSIDE,5780,11390
2026-09-24 14:36:05.749,CRUDEOIL,CE,9500.0,CRUDEOIL15OCT269500CE,325.9,100,SELL_AGGRESSOR,1227700,561700
2026-09-24 14:36:05.749,CRUDEOIL,CE,9700.0,CRUDEOIL15OCT269700CE,269.0,100,SELL_AGGRESSOR,379400,37400
2026-09-24 14:36:05.749,CRUDEOILM,FUT,0.0,CRUDEOILM19OCT26FUT,9040.0,350,SELL_AGGRESSOR,505070,414390
2026-09-24 14:36:05.749,CRUDEOILM,CE,9850.0,CRUDEOILM15OCT269850CE,235.15,10,SELL_AGGRESSOR,13450,3260
2026-09-24 14:36:05.749,CRUDEOILM,CE,9900.0,CRUDEOILM15OCT269900CE,223.95,10,SELL_AGGRESSOR,173670,29540
2026-09-24 14:36:09.267,CRUDEOIL,FUT,0.0,CRUDEOIL19OCT26FUT,9045.0,100,BUY,1791200,1286700
2026-09-24 14:36:09.267,CRUDEOIL,CE,9550.0,CRUDEOIL15OCT269550CE,311.6,100,BUY_AGGRESSOR,69500,15900
2026-09-24 14:36:09.267,CRUDEOILM,FUT,0.0,CRUDEOILM19OCT26FUT,9043.0,40,BUY_AGGRESSOR,505110,414420
2026-09-24 14:36:09.267,CRUDEOILM,PE,9500.0,CRUDEOILM15OCT269500PE,779.15,10,SELL_AGGRESSOR,5790,11390
2026-09-24 14:36:12.973,CRUDEOIL,FUT,0.0,CRUDEOIL19OCT26FUT,9048.0,1100,BUY_AGGRESSOR,1792300,1286900
2026-09-24 14:36:12.973,CRUDEOIL,CE,9500.0,CRUDEOIL15OCT269500CE,327.2,4000,BUY_AGGRESSOR,1231700,564800
2026-09-24 14:36:12.973,CRUDEOIL,CE,9700.0,CRUDEOIL15OCT269700CE,270.5,200,BUY_AGGRESSOR,379600,37300
2026-09-24 14:36:12.973,CRUDEOIL,CE,9800.0,CRUDEOIL15OCT269800CE,245.4,100,BUY_AGGRESSOR,256400,99400
2026-09-24 14:36:12.973,CRUDEOIL,CE,9900.0,CRUDEOIL15OCT269900CE,221.5,200,BUY_AGGRESSOR,195600,35900
2026-09-24 14:36:12.973,CRUDEOILM,FUT,0.0,CRUDEOILM19OCT26FUT,9046.0,170,BUY_AGGRESSOR,505280,414440
2026-09-24 14:36:12.973,CRUDEOILM,CE,9350.0,CRUDEOILM15OCT269350CE,384.2,10,SELL,30340,17100
2026-09-24 14:36:12.973,CRUDEOILM,CE,9500.0,CRUDEOILM15OCT269500CE,331.85,10,SELL_AGGRESSOR,147630,73940
2026-09-24 14:36:12.973,CRUDEOILM,CE,9900.0,CRUDEOILM15OCT269900CE,225.0,210,BUY_AGGRESSOR,173880,29540
2026-09-24 14:36:16.643,CRUDEOIL,FUT,0.0,CRUDEOIL19OCT26FUT,9047.0,200,SELL_AGGRESSOR,1792500,1287900
2026-09-24 14:36:16.643,CRUDEOIL,CE,9400.0,CRUDEOIL15OCT269400CE,360.4,200,BUY_AGGRESSOR,335200,82900
2026-09-24 14:36:16.643,CRUDEOIL,CE,9500.0,CRUDEOIL15OCT269500CE,328.0,300,BUY_AGGRESSOR,1232000,564600
2026-09-24 14:36:16.643,CRUDEOIL,CE,9700.0,CRUDEOIL15OCT269700CE,270.3,100,SELL_AGGRESSOR,379700,37300
2026-09-24 14:36:16.643,CRUDEOIL,CE,9800.0,CRUDEOIL15OCT269800CE,245.1,100,SELL_AGGRESSOR,256500,99400
2026-09-24 14:36:16.643,CRUDEOILM,FUT,0.0,CRUDEOILM19OCT26FUT,9046.0,10,SELL_AGGRESSOR,505290,414440
2026-09-24 14:36:16.643,CRUDEOILM,CE,9350.0,CRUDEOILM15OCT269350CE,385.7,60,BUY_AGGRESSOR,30400,17100
2026-09-24 14:36:16.643,CRUDEOILM,CE,9500.0,CRUDEOILM15OCT269500CE,333.7,60,BUY_AGGRESSOR,147690,73880
2026-09-24 14:36:16.643,CRUDEOILM,CE,9550.0,CRUDEOILM15OCT269550CE,317.55,10,BUY_AGGRESSOR,21850,3710
2026-09-24 14:36:16.643,CRUDEOILM,CE,9600.0,CRUDEOILM15OCT269600CE,303.7,50,BUY_AGGRESSOR,60210,13490
2026-09-24 14:36:16.643,CRUDEOILM,CE,9650.0,CRUDEOILM15OCT269650CE,288.0,50,BUY_AGGRESSOR,15160,2870
2026-09-24 14:36:16.643,CRUDEOILM,CE,9800.0,CRUDEOILM15OCT269800CE,249.5,110,BUY_AGGRESSOR,89830,33810
2026-09-24 14:36:20.357,CRUDEOIL,FUT,0.0,CRUDEOIL19OCT26FUT,9046.0,100,SELL_AGGRESSOR,1792600,1287900
2026-09-24 14:36:20.357,CRUDEOIL,CE,9350.0,CRUDEOIL15OCT269350CE,378.9,100,BUY_AGGRESSOR,91000,23200
2026-09-24 14:36:20.357,CRUDEOIL,CE,9950.0,CRUDEOIL15OCT269950CE,210.6,300,BUY,31700,6900
2026-09-24 14:36:20.357,CRUDEOILM,FUT,0.0,CRUDEOILM19OCT26FUT,9046.0,50,INSIDE,505340,414490
2026-09-24 14:36:20.357,CRUDEOILM,CE,9700.0,CRUDEOILM15OCT269700CE,274.9,10,BUY,50760,9590
2026-09-24 14:36:24.017,CRUDEOIL,CE,9850.0,CRUDEOIL15OCT269850CE,234.9,400,BUY_AGGRESSOR,38400,11700
2026-09-24 14:36:24.017,CRUDEOILM,FUT,0.0,CRUDEOILM19OCT26FUT,9045.0,20,SELL_AGGRESSOR,505360,414510
2026-09-24 14:36:24.017,CRUDEOILM,CE,9500.0,CRUDEOILM15OCT269500CE,333.7,50,INSIDE,147740,73830
2026-09-24 14:36:27.689,CRUDEOIL,CE,9350.0,CRUDEOIL15OCT269350CE,379.3,100,BUY_AGGRESSOR,91100,23300
2026-09-24 14:36:27.689,CRUDEOIL,CE,9800.0,CRUDEOIL15OCT269800CE,244.8,100,SELL_AGGRESSOR,256600,99400
2026-09-24 14:36:27.689,CRUDEOILM,CE,9800.0,CRUDEOILM15OCT269800CE,250.0,50,BUY_AGGRESSOR,89880,33830
2026-09-24 14:36:31.644,CRUDEOIL,FUT,0.0,CRUDEOIL19OCT26FUT,9049.0,200,BUY_AGGRESSOR,1792800,1288000
2026-09-24 14:36:31.644,CRUDEOILM,FUT,0.0,CRUDEOILM19OCT26FUT,9046.0,10,BUY_AGGRESSOR,505370,414510
2026-09-24 14:36:31.644,CRUDEOILM,CE,9500.0,CRUDEOILM15OCT269500CE,333.15,10,SELL,147750,73840
2026-09-24 14:36:35.333,CRUDEOIL,CE,9350.0,CRUDEOIL15OCT269350CE,379.3,100,BUY_AGGRESSOR,91200,23300
2026-09-24 14:36:35.333,CRUDEOILM,CE,9500.0,CRUDEOILM15OCT269500CE,331.95,50,SELL_AGGRESSOR,147800,73800
2026-09-24 14:36:35.333,CRUDEOILM,CE,9800.0,CRUDEOILM15OCT269800CE,249.0,10,SELL_AGGRESSOR,89890,33840
2026-09-24 14:36:38.878,CRUDEOIL,FUT,0.0,CRUDEOIL19OCT26FUT,9046.0,1100,SELL_AGGRESSOR,1793900,1288600
2026-09-24 14:36:38.878,CRUDEOIL,CE,9500.0,CRUDEOIL15OCT269500CE,328.0,100,BUY_AGGRESSOR,1232100,564700
2026-09-24 14:36:38.878,CRUDEOILM,CE,9350.0,CRUDEOILM15OCT269350CE,386.25,10,BUY_AGGRESSOR,30410,17160
2026-09-24 14:36:38.878,CRUDEOILM,CE,9500.0,CRUDEOILM15OCT269500CE,332.35,40,SELL_AGGRESSOR,147840,73770
2026-09-24 14:36:42.487,CRUDEOIL,FUT,0.0,CRUDEOIL19OCT26FUT,9046.0,900,BUY_AGGRESSOR,1794800,1289500
2026-09-24 14:36:42.487,CRUDEOILM,CE,9400.0,CRUDEOILM15OCT269400CE,365.85,10,SELL_AGGRESSOR,58700,35910
2026-09-24 14:36:42.487,CRUDEOILM,CE,9500.0,CRUDEOILM15OCT269500CE,333.0,10,SELL_AGGRESSOR,147850,73780
2026-09-24 14:36:49.642,CRUDEOIL,FUT,0.0,CRUDEOIL19OCT26FUT,9045.0,100,SELL_AGGRESSOR,1794900,1289500
2026-09-24 14:36:49.642,CRUDEOILM,FUT,0.0,CRUDEOILM19OCT26FUT,9045.0,20,BUY_AGGRESSOR,505390,414510
2026-09-24 14:36:49.642,CRUDEOILM,CE,9500.0,CRUDEOILM15OCT269500CE,333.3,20,BUY_AGGRESSOR,147870,73770
2026-09-24 14:36:49.642,CRUDEOILM,CE,9850.0,CRUDEOILM15OCT269850CE,235.35,10,SELL_AGGRESSOR,13460,3250
2026-09-24 14:36:53.233,CRUDEOIL,FUT,0.0,CRUDEOIL19OCT26FUT,9043.0,100,SELL_AGGRESSOR,1795000,1289500
2026-09-24 14:36:53.233,CRUDEOIL,CE,9350.0,CRUDEOIL15OCT269350CE,377.8,100,BUY_AGGRESSOR,91300,23400
2026-09-24 14:36:53.233,CRUDEOILM,FUT,0.0,CRUDEOILM19OCT26FUT,9042.0,10,SELL_AGGRESSOR,505400,414520
2026-09-24 14:36:53.233,CRUDEOILM,CE,9350.0,CRUDEOILM15OCT269350CE,385.05,10,SELL,30420,17160
2026-09-24 14:36:53.233,CRUDEOILM,CE,9400.0,CRUDEOILM15OCT269400CE,365.85,10,BUY_AGGRESSOR,58710,35910
2026-09-24 14:36:56.983,CRUDEOIL,FUT,0.0,CRUDEOIL19OCT26FUT,9042.0,300,SELL_AGGRESSOR,1795300,1289600
2026-09-24 14:36:56.983,CRUDEOIL,CE,9400.0,CRUDEOIL15OCT269400CE,359.5,100,SELL,335300,82800
2026-09-24 14:36:56.983,CRUDEOIL,CE,9500.0,CRUDEOIL15OCT269500CE,326.0,100,SELL_AGGRESSOR,1232200,564800
2026-09-24 14:36:56.983,CRUDEOIL,CE,9800.0,CRUDEOIL15OCT269800CE,243.4,500,SELL_AGGRESSOR,257100,99700
2026-09-24 14:36:56.983,CRUDEOILM,FUT,0.0,CRUDEOILM19OCT26FUT,9041.0,90,SELL_AGGRESSOR,505490,414450
2026-09-24 14:36:56.983,CRUDEOILM,CE,9450.0,CRUDEOILM15OCT269450CE,348.0,20,SELL_AGGRESSOR,32860,14100
2026-09-24 14:36:56.983,CRUDEOILM,PE,9500.0,CRUDEOILM15OCT269500PE,781.9,10,BUY_AGGRESSOR,5800,11390
2026-09-24 14:36:56.983,CRUDEOILM,CE,9700.0,CRUDEOILM15OCT269700CE,273.5,10,SELL_AGGRESSOR,50770,9590
2026-09-24 14:36:56.983,CRUDEOILM,CE,9850.0,CRUDEOILM15OCT269850CE,234.55,10,SELL_AGGRESSOR,13470,3250
2026-09-24 14:36:56.983,CRUDEOILM,CE,9900.0,CRUDEOILM15OCT269900CE,223.1,10,SELL_AGGRESSOR,173890,29530
2026-09-24 14:37:00.616,CRUDEOIL,FUT,0.0,CRUDEOIL19OCT26FUT,9038.0,2900,SELL_AGGRESSOR,1798200,1291300
2026-09-24 14:37:00.616,CRUDEOIL,CE,9400.0,CRUDEOIL15OCT269400CE,357.9,200,SELL_AGGRESSOR,335500,82700
2026-09-24 14:37:00.616,CRUDEOIL,CE,9450.0,CRUDEOIL15OCT269450CE,339.3,200,SELL_AGGRESSOR,69100,23300
2026-09-24 14:37:00.616,CRUDEOIL,CE,9500.0,CRUDEOIL15OCT269500CE,325.0,1400,SELL_AGGRESSOR,1233600,566200
2026-09-24 14:37:00.616,CRUDEOIL,PE,9500.0,CRUDEOIL15OCT269500PE,777.0,100,BUY_AGGRESSOR,71100,99100
2026-09-24 14:37:00.616,CRUDEOIL,CE,9800.0,CRUDEOIL15OCT269800CE,242.4,200,SELL_AGGRESSOR,257300,99600
2026-09-24 14:37:00.616,CRUDEOILM,FUT,0.0,CRUDEOILM19OCT26FUT,9040.0,150,SELL_AGGRESSOR,505640,414450
2026-09-24 14:37:00.616,CRUDEOILM,CE,9650.0,CRUDEOILM15OCT269650CE,286.05,10,SELL_AGGRESSOR,15170,2880
2026-09-24 14:37:00.616,CRUDEOILM,CE,9750.0,CRUDEOILM15OCT269750CE,258.7,20,SELL_AGGRESSOR,11580,3410
2026-09-24 14:37:00.616,CRUDEOILM,CE,9800.0,CRUDEOILM15OCT269800CE,247.45,10,SELL_AGGRESSOR,89900,33840
2026-09-24 14:37:00.616,CRUDEOILM,CE,9850.0,CRUDEOILM15OCT269850CE,234.05,30,SELL_AGGRESSOR,13500,3250
2026-09-24 14:37:04.282,CRUDEOIL,FUT,0.0,CRUDEOIL19OCT26FUT,9042.0,1100,BUY_AGGRESSOR,1799300,1291500
2026-09-24 14:37:04.282,CRUDEOIL,CE,9800.0,CRUDEOIL15OCT269800CE,242.0,600,SELL_AGGRESSOR,257900,100200
2026-09-24 14:37:04.282,CRUDEOIL,CE,9900.0,CRUDEOIL15OCT269900CE,219.0,100,SELL_AGGRESSOR,195700,35900
2026-09-24 14:37:04.282,CRUDEOILM,FUT,0.0,CRUDEOILM19OCT26FUT,9038.0,100,SELL,505740,414440
2026-09-24 14:37:04.282,CRUDEOILM,CE,9450.0,CRUDEOILM15OCT269450CE,346.0,10,SELL_AGGRESSOR,32870,14090
2026-09-24 14:37:04.282,CRUDEOILM,CE,9500.0,CRUDEOILM15OCT269500CE,329.05,120,SELL_AGGRESSOR,147990,73870
2026-09-24 14:37:04.282,CRUDEOILM,CE,9600.0,CRUDEOILM15OCT269600CE,300.0,160,SELL_AGGRESSOR,60370,13650
2026-09-24 14:37:04.282,CRUDEOILM,CE,9700.0,CRUDEOILM15OCT269700CE,272.0,40,SELL_AGGRESSOR,50810,9590
2026-09-24 14:37:04.282,CRUDEOILM,CE,9750.0,CRUDEOILM15OCT269750CE,258.15,20,SELL,11600,3400
2026-09-24 14:37:04.282,CRUDEOILM,CE,9900.0,CRUDEOILM15OCT269900CE,222.15,10,SELL_AGGRESSOR,173900,29520
2026-09-24 14:37:07.868,CRUDEOIL,FUT,0.0,CRUDEOIL19OCT26FUT,9037.0,500,SELL_AGGRESSOR,1799800,1291600
2026-09-24 14:37:07.868,CRUDEOIL,CE,9500.0,CRUDEOIL15OCT269500CE,322.5,300,SELL_AGGRESSOR,1233900,565900
2026-09-24 14:37:07.868,CRUDEOIL,CE,9700.0,CRUDEOIL15OCT269700CE,265.8,200,SELL_AGGRESSOR,379900,37400
2026-09-24 14:37:07.868,CRUDEOILM,FUT,0.0,CRUDEOILM19OCT26FUT,9035.0,50,SELL_AGGRESSOR,505790,414430
2026-09-24 14:37:07.868,CRUDEOILM,CE,9400.0,CRUDEOILM15OCT269400CE,361.1,20,SELL_AGGRESSOR,58730,35910
2026-09-24 14:37:07.868,CRUDEOILM,CE,9450.0,CRUDEOILM15OCT269450CE,345.25,20,SELL,32890,14100
2026-09-24 14:37:07.868,CRUDEOILM,CE,9500.0,CRUDEOILM15OCT269500CE,330.0,80,SELL_AGGRESSOR,148070,73870
2026-09-24 14:37:11.561,CRUDEOIL,FUT,0.0,CRUDEOIL19OCT26FUT,9038.0,100,BUY_AGGRESSOR,1799900,1291600
2026-09-24 14:37:11.561,CRUDEOIL,CE,9350.0,CRUDEOIL15OCT269350CE,373.4,100,SELL,91400,23300
2026-09-24 14:37:11.561,CRUDEOIL,CE,9400.0,CRUDEOIL15OCT269400CE,355.5,200,SELL,335700,82600
2026-09-24 14:37:11.561,CRUDEOIL,CE,9700.0,CRUDEOIL15OCT269700CE,266.1,100,BUY_AGGRESSOR,380000,37400
2026-09-24 14:37:11.561,CRUDEOILM,FUT,0.0,CRUDEOILM19OCT26FUT,9034.0,50,SELL_AGGRESSOR,505840,414460
2026-09-24 14:37:11.561,CRUDEOILM,CE,9400.0,CRUDEOILM15OCT269400CE,361.4,10,BUY,58740,35910
2026-09-24 14:37:11.561,CRUDEOILM,CE,9450.0,CRUDEOILM15OCT269450CE,344.95,110,SELL,33000,14100
2026-09-24 14:37:11.561,CRUDEOILM,CE,9500.0,CRUDEOILM15OCT269500CE,329.0,60,SELL,148130,73830
2026-09-24 14:37:11.561,CRUDEOILM,CE,9750.0,CRUDEOILM15OCT269750CE,257.0,10,SELL,11610,3390
2026-09-24 14:37:15.168,CRUDEOIL,CE,9700.0,CRUDEOIL15OCT269700CE,266.4,100,BUY_AGGRESSOR,380100,37400
2026-09-24 14:37:15.168,CRUDEOIL,CE,9900.0,CRUDEOIL15OCT269900CE,218.8,300,SELL,196000,35800
2026-09-24 14:37:15.168,CRUDEOILM,FUT,0.0,CRUDEOILM19OCT26FUT,9035.0,90,BUY_AGGRESSOR,505930,414470
2026-09-24 14:37:15.168,CRUDEOILM,CE,9500.0,CRUDEOILM15OCT269500CE,329.1,320,BUY,148450,73710
2026-09-24 14:37:15.168,CRUDEOILM,CE,9600.0,CRUDEOILM15OCT269600CE,299.55,50,SELL,60420,13680
2026-09-24 14:37:15.168,CRUDEOILM,CE,9900.0,CRUDEOILM15OCT269900CE,221.4,10,SELL,173910,29510
2026-09-24 14:37:18.860,CRUDEOIL,FUT,0.0,CRUDEOIL19OCT26FUT,9036.0,200,SELL_AGGRESSOR,1800100,1291800
2026-09-24 14:37:18.860,CRUDEOIL,CE,9500.0,CRUDEOIL15OCT269500CE,323.5,3600,BUY,1237500,563600
2026-09-24 14:37:18.860,CRUDEOIL,CE,9700.0,CRUDEOIL15OCT269700CE,265.2,100,SELL_AGGRESSOR,380200,37300
2026-09-24 14:37:18.860,CRUDEOIL,CE,9800.0,CRUDEOIL15OCT269800CE,240.4,200,SELL_AGGRESSOR,258100,100200
2026-09-24 14:37:18.860,CRUDEOIL,CE,9850.0,CRUDEOIL15OCT269850CE,230.4,100,SELL,38500,11800
2026-09-24 14:37:18.860,CRUDEOILM,FUT,0.0,CRUDEOILM19OCT26FUT,9033.0,120,SELL_AGGRESSOR,506050,414520
2026-09-24 14:37:18.860,CRUDEOILM,CE,9350.0,CRUDEOILM15OCT269350CE,381.45,10,SELL,30430,17160
2026-09-24 14:37:22.625,CRUDEOIL,CE,9850.0,CRUDEOIL15OCT269850CE,228.5,100,SELL,38600,11800
2026-09-24 14:37:26.268,CRUDEOIL,FUT,0.0,CRUDEOIL19OCT26FUT,9036.0,200,SELL_AGGRESSOR,1800300,1292000
2026-09-24 14:37:26.268,CRUDEOIL,CE,9500.0,CRUDEOIL15OCT269500CE,323.2,200,BUY_AGGRESSOR,1237700,563900
2026-09-24 14:37:26.268,CRUDEOIL,PE,9500.0,CRUDEOIL15OCT269500PE,778.9,900,SELL_AGGRESSOR,72000,98200
2026-09-24 14:37:26.268,CRUDEOILM,FUT,0.0,CRUDEOILM19OCT26FUT,9033.0,80,SELL_AGGRESSOR,506130,414580
2026-09-24 14:37:29.924,CRUDEOIL,PE,9500.0,CRUDEOIL15OCT269500PE,778.9,300,BUY_AGGRESSOR,72300,97900
2026-09-24 14:37:29.924,CRUDEOILM,FUT,0.0,CRUDEOILM19OCT26FUT,9033.0,180,SELL_AGGRESSOR,506310,414490
2026-09-24 14:37:29.924,CRUDEOILM,CE,9750.0,CRUDEOILM15OCT269750CE,255.95,70,SELL_AGGRESSOR,11680,3390
2026-09-24 14:37:33.624,CRUDEOIL,FUT,0.0,CRUDEOIL19OCT26FUT,9034.0,1500,SELL_AGGRESSOR,1801800,1292800
2026-09-24 14:37:33.624,CRUDEOIL,CE,9500.0,CRUDEOIL15OCT269500CE,321.7,100,SELL_AGGRESSOR,1237800,563800
2026-09-24 14:37:33.624,CRUDEOIL,CE,9700.0,CRUDEOIL15OCT269700CE,265.1,200,SELL,380400,37500
2026-09-24 14:37:33.624,CRUDEOIL,CE,9750.0,CRUDEOIL15OCT269750CE,251.1,100,SELL_AGGRESSOR,50700,13100
2026-09-24 14:37:33.624,CRUDEOIL,CE,9800.0,CRUDEOIL15OCT269800CE,240.0,200,SELL_AGGRESSOR,258300,100200
2026-09-24 14:37:33.624,CRUDEOIL,CE,9850.0,CRUDEOIL15OCT269850CE,228.2,100,SELL_AGGRESSOR,38700,11800
2026-09-24 14:37:33.624,CRUDEOILM,FUT,0.0,CRUDEOILM19OCT26FUT,9034.0,60,BUY,506370,414500
2026-09-24 14:37:33.624,CRUDEOILM,CE,9400.0,CRUDEOILM15OCT269400CE,361.4,10,INSIDE,58750,35900
2026-09-24 14:37:33.624,CRUDEOILM,CE,9500.0,CRUDEOILM15OCT269500CE,329.4,10,BUY_AGGRESSOR,148460,73710
2026-09-24 14:37:33.624,CRUDEOILM,CE,9850.0,CRUDEOILM15OCT269850CE,231.8,10,SELL_AGGRESSOR,13510,3240
2026-09-24 14:37:37.245,CRUDEOIL,FUT,0.0,CRUDEOIL19OCT26FUT,9034.0,1100,SELL_AGGRESSOR,1802900,1293200
2026-09-24 14:37:37.245,CRUDEOIL,CE,9350.0,CRUDEOIL15OCT269350CE,371.9,100,SELL_AGGRESSOR,91500,23200
2026-09-24 14:37:37.245,CRUDEOIL,CE,9500.0,CRUDEOIL15OCT269500CE,321.9,100,BUY,1237900,563700
2026-09-24 14:37:37.245,CRUDEOIL,CE,9700.0,CRUDEOIL15OCT269700CE,264.8,200,BUY_AGGRESSOR,380600,37500
2026-09-24 14:37:37.245,CRUDEOILM,FUT,0.0,CRUDEOILM19OCT26FUT,9031.0,330,SELL_AGGRESSOR,506700,414390
2026-09-24 14:37:40.920,CRUDEOIL,FUT,0.0,CRUDEOIL19OCT26FUT,9034.0,200,INSIDE,1803100,1293300
2026-09-24 14:37:40.920,CRUDEOIL,CE,9400.0,CRUDEOIL15OCT269400CE,355.0,100,SELL,335800,82600
2026-09-24 14:37:40.920,CRUDEOIL,CE,9800.0,CRUDEOIL15OCT269800CE,239.9,200,SELL_AGGRESSOR,258500,100000
2026-09-24 14:37:40.920,CRUDEOIL,CE,9900.0,CRUDEOIL15OCT269900CE,218.0,100,BUY_AGGRESSOR,196100,35800
2026-09-24 14:37:40.920,CRUDEOILM,FUT,0.0,CRUDEOILM19OCT26FUT,9031.0,100,SELL_AGGRESSOR,506800,414340
2026-09-24 14:37:40.920,CRUDEOILM,CE,9800.0,CRUDEOILM15OCT269800CE,245.0,100,SELL,90000,33800
2026-09-24 14:37:40.920,CRUDEOILM,CE,9850.0,CRUDEOILM15OCT269850CE,231.8,30,INSIDE,13540,3240
2026-09-24 14:37:44.532,CRUDEOIL,FUT,0.0,CRUDEOIL19OCT26FUT,9034.0,200,SELL_AGGRESSOR,1803300,1293400
2026-09-24 14:37:44.532,CRUDEOIL,CE,9750.0,CRUDEOIL15OCT269750CE,250.7,200,SELL,50900,13000
2026-09-24 14:37:44.532,CRUDEOILM,CE,9450.0,CRUDEOILM15OCT269450CE,344.4,10,SELL_AGGRESSOR,33010,14040
2026-09-24 14:37:44.532,CRUDEOILM,CE,9750.0,CRUDEOILM15OCT269750CE,255.75,30,SELL_AGGRESSOR,11710,3380
2026-09-24 14:37:44.532,CRUDEOILM,CE,9800.0,CRUDEOILM15OCT269800CE,244.75,100,SELL_AGGRESSOR,90100,33750
2026-09-24 14:37:48.252,CRUDEOIL,FUT,0.0,CRUDEOIL19OCT26FUT,9034.0,100,SELL_AGGRESSOR,1803400,1293400
2026-09-24 14:37:48.252,CRUDEOIL,CE,9400.0,CRUDEOIL15OCT269400CE,354.6,100,SELL_AGGRESSOR,335900,82600
2026-09-24 14:37:48.252,CRUDEOILM,FUT,0.0,CRUDEOILM19OCT26FUT,9030.0,100,SELL_AGGRESSOR,506900,414340
2026-09-24 14:37:48.252,CRUDEOILM,CE,9450.0,CRUDEOILM15OCT269450CE,344.35,40,SELL_AGGRESSOR,33050,14040
2026-09-24 14:37:48.252,CRUDEOILM,CE,9500.0,CRUDEOILM15OCT269500CE,328.0,50,SELL_AGGRESSOR,148510,73670
2026-09-24 14:37:48.252,CRUDEOILM,CE,9550.0,CRUDEOILM15OCT269550CE,311.85,20,SELL_AGGRESSOR,21870,3710
2026-09-24 14:37:51.888,CRUDEOIL,FUT,0.0,CRUDEOIL19OCT26FUT,9035.0,200,BUY_AGGRESSOR,1803600,1293600
2026-09-24 14:37:51.888,CRUDEOIL,CE,9800.0,CRUDEOIL15OCT269800CE,240.0,100,BUY,258600,100000
2026-09-24 14:37:51.888,CRUDEOILM,FUT,0.0,CRUDEOILM19OCT26FUT,9032.0,10,BUY_AGGRESSOR,506910,414300
2026-09-24 14:37:51.888,CRUDEOILM,CE,9500.0,CRUDEOILM15OCT269500CE,328.6,40,BUY,148550,73650
2026-09-24 14:37:55.645,CRUDEOILM,FUT,0.0,CRUDEOILM19OCT26FUT,9031.0,10,SELL_AGGRESSOR,506920,414300
2026-09-24 14:37:59.280,CRUDEOIL,CE,9500.0,CRUDEOIL15OCT269500CE,323.2,100,BUY_AGGRESSOR,1238000,563600
2026-09-24 14:37:59.280,CRUDEOIL,CE,9700.0,CRUDEOIL15OCT269700CE,265.5,100,BUY_AGGRESSOR,380700,37300
2026-09-24 14:37:59.280,CRUDEOIL,CE,9800.0,CRUDEOIL15OCT269800CE,240.0,100,SELL_AGGRESSOR,258700,100100
2026-09-24 14:37:59.280,CRUDEOIL,CE,9900.0,CRUDEOIL15OCT269900CE,218.4,1600,BUY_AGGRESSOR,197700,36400
2026-09-24 14:37:59.280,CRUDEOILM,FUT,0.0,CRUDEOILM19OCT26FUT,9034.0,30,BUY_AGGRESSOR,506950,414280
2026-09-24 14:37:59.280,CRUDEOILM,CE,9350.0,CRUDEOILM15OCT269350CE,381.65,10,BUY_AGGRESSOR,30440,17170
2026-09-24 14:37:59.280,CRUDEOILM,CE,9400.0,CRUDEOILM15OCT269400CE,361.8,10,BUY_AGGRESSOR,58760,35900
2026-09-24 14:37:59.280,CRUDEOILM,CE,9600.0,CRUDEOILM15OCT269600CE,298.8,50,SELL,60470,13650
2026-09-24 14:37:59.280,CRUDEOILM,CE,9800.0,CRUDEOILM15OCT269800CE,244.05,10,SELL_AGGRESSOR,90110,33740
2026-09-24 14:37:59.280,CRUDEOILM,CE,9850.0,CRUDEOILM15OCT269850CE,232.8,10,BUY_AGGRESSOR,13550,3240
2026-09-24 14:38:02.979,CRUDEOIL,FUT,0.0,CRUDEOIL19OCT26FUT,9036.0,100,BUY,1803700,1293600
2026-09-24 14:38:02.979,CRUDEOIL,CE,9500.0,CRUDEOIL15OCT269500CE,324.3,200,BUY_AGGRESSOR,1238200,563600
2026-09-24 14:38:02.979,CRUDEOIL,CE,9600.0,CRUDEOIL15OCT269600CE,294.3,100,BUY_AGGRESSOR,223100,63400
2026-09-24 14:38:02.979,CRUDEOIL,CE,9800.0,CRUDEOIL15OCT269800CE,240.9,100,SELL_AGGRESSOR,258800,100100
2026-09-24 14:38:02.979,CRUDEOIL,CE,9900.0,CRUDEOIL15OCT269900CE,219.1,300,BUY_AGGRESSOR,198000,37000
2026-09-24 14:38:06.568,CRUDEOIL,FUT,0.0,CRUDEOIL19OCT26FUT,9036.0,100,SELL_AGGRESSOR,1803800,1293500
2026-09-24 14:38:06.568,CRUDEOIL,CE,9500.0,CRUDEOIL15OCT269500CE,323.9,100,SELL,1238300,563700
2026-09-24 14:38:06.568,CRUDEOILM,FUT,0.0,CRUDEOILM19OCT26FUT,9033.0,10,SELL_AGGRESSOR,506960,414290
2026-09-24 14:38:06.568,CRUDEOILM,CE,9800.0,CRUDEOILM15OCT269800CE,245.3,20,SELL_AGGRESSOR,90130,33740
2026-09-24 14:38:06.568,CRUDEOILM,CE,9900.0,CRUDEOILM15OCT269900CE,221.45,10,SELL_AGGRESSOR,173920,29500
2026-09-24 14:38:10.329,CRUDEOIL,CE,9500.0,CRUDEOIL15OCT269500CE,324.2,100,BUY_AGGRESSOR,1238400,563800
2026-09-24 14:38:10.329,CRUDEOIL,CE,9800.0,CRUDEOIL15OCT269800CE,241.8,500,BUY_AGGRESSOR,259300,100200
2026-09-24 14:38:10.329,CRUDEOILM,FUT,0.0,CRUDEOILM19OCT26FUT,9034.0,10,SELL_AGGRESSOR,506970,414300
2026-09-24 14:38:10.329,CRUDEOILM,CE,9500.0,CRUDEOILM15OCT269500CE,330.45,30,BUY_AGGRESSOR,148580,73670
2026-09-24 14:38:10.329,CRUDEOILM,CE,9700.0,CRUDEOILM15OCT269700CE,271.3,30,SELL_AGGRESSOR,50840,9580
2026-09-24 14:38:13.898,CRUDEOIL,FUT,0.0,CRUDEOIL19OCT26FUT,9036.0,100,SELL_AGGRESSOR,1803900,1293600
2026-09-24 14:38:13.898,CRUDEOIL,CE,9700.0,CRUDEOIL15OCT269700CE,265.6,100,SELL_AGGRESSOR,380800,37300
2026-09-24 14:38:13.898,CRUDEOIL,CE,9900.0,CRUDEOIL15OCT269900CE,218.5,100,SELL_AGGRESSOR,198100,36900
2026-09-24 14:38:13.898,CRUDEOILM,CE,9600.0,CRUDEOILM15OCT269600CE,299.15,10,SELL_AGGRESSOR,60480,13640
2026-09-24 14:38:13.898,CRUDEOILM,CE,9750.0,CRUDEOILM15OCT269750CE,257.2,10,SELL_AGGRESSOR,11720,3380
2026-09-24 14:38:17.701,CRUDEOIL,CE,9450.0,CRUDEOIL15OCT269450CE,337.9,200,SELL_AGGRESSOR,69300,23300
2026-09-24 14:38:17.701,CRUDEOIL,PE,9500.0,CRUDEOIL15OCT269500PE,778.9,700,BUY_AGGRESSOR,73000,98000
2026-09-24 14:38:17.701,CRUDEOIL,CE,9600.0,CRUDEOIL15OCT269600CE,292.6,500,SELL_AGGRESSOR,223600,63400
2026-09-24 14:38:17.701,CRUDEOIL,CE,9800.0,CRUDEOIL15OCT269800CE,241.0,100,SELL,259400,100200
2026-09-24 14:38:17.701,CRUDEOILM,FUT,0.0,CRUDEOILM19OCT26FUT,9035.0,20,BUY_AGGRESSOR,506990,414280
2026-09-24 14:38:17.701,CRUDEOILM,CE,9450.0,CRUDEOILM15OCT269450CE,344.55,10,SELL_AGGRESSOR,33060,14020
2026-09-24 14:38:21.233,CRUDEOIL,CE,9500.0,CRUDEOIL15OCT269500CE,323.0,300,SELL_AGGRESSOR,1238700,563500
2026-09-24 14:38:25.006,CRUDEOILM,FUT,0.0,CRUDEOILM19OCT26FUT,9035.0,40,BUY_AGGRESSOR,507030,414280
2026-09-24 14:38:25.006,CRUDEOILM,CE,9750.0,CRUDEOILM15OCT269750CE,258.6,10,BUY_AGGRESSOR,11730,3380
2026-09-24 14:38:28.612,CRUDEOIL,CE,9400.0,CRUDEOIL15OCT269400CE,356.0,100,SELL_AGGRESSOR,336000,82600
2026-09-24 14:38:28.612,CRUDEOILM,FUT,0.0,CRUDEOILM19OCT26FUT,9035.0,20,SELL_AGGRESSOR,507050,414270
2026-09-24 14:38:32.375,CRUDEOIL,CE,9500.0,CRUDEOIL15OCT269500CE,323.3,100,BUY,1238800,563400
2026-09-24 14:38:32.375,CRUDEOILM,FUT,0.0,CRUDEOILM19OCT26FUT,9032.0,50,SELL_AGGRESSOR,507100,414300
2026-09-24 14:38:36.069,CRUDEOILM,FUT,0.0,CRUDEOILM19OCT26FUT,9034.0,80,SELL_AGGRESSOR,507180,414320
2026-09-24 14:38:36.069,CRUDEOILM,CE,9500.0,CRUDEOILM15OCT269500CE,330.45,130,INSIDE,148710,73540
2026-09-24 14:38:36.069,CRUDEOILM,CE,9700.0,CRUDEOILM15OCT269700CE,272.0,20,BUY_AGGRESSOR,50860,9580
2026-09-24 14:38:39.744,CRUDEOIL,CE,9400.0,CRUDEOIL15OCT269400CE,356.0,400,SELL_AGGRESSOR,336400,82400
2026-09-24 14:38:39.744,CRUDEOIL,CE,9500.0,CRUDEOIL15OCT269500CE,324.9,100,BUY_AGGRESSOR,1238900,563500
2026-09-24 14:38:39.744,CRUDEOIL,CE,9550.0,CRUDEOIL15OCT269550CE,307.3,100,SELL_AGGRESSOR,69600,15900
2026-09-24 14:38:39.744,CRUDEOIL,CE,9600.0,CRUDEOIL15OCT269600CE,293.1,100,BUY,223700,63400
2026-09-24 14:38:39.744,CRUDEOIL,CE,9800.0,CRUDEOIL15OCT269800CE,242.5,100,BUY_AGGRESSOR,259500,100200
2026-09-24 14:38:39.744,CRUDEOILM,FUT,0.0,CRUDEOILM19OCT26FUT,9034.0,70,SELL_AGGRESSOR,507250,414380
2026-09-24 14:38:39.744,CRUDEOILM,CE,9400.0,CRUDEOILM15OCT269400CE,362.2,30,SELL_AGGRESSOR,58790,35930
2026-09-24 14:38:43.418,CRUDEOILM,FUT,0.0,CRUDEOILM19OCT26FUT,9035.0,30,BUY,507280,414390
2026-09-24 14:38:47.146,CRUDEOILM,CE,9900.0,CRUDEOILM15OCT269900CE,221.8,20,SELL_AGGRESSOR,173940,29490
2026-09-24 14:38:50.879,CRUDEOIL,FUT,0.0,CRUDEOIL19OCT26FUT,9039.0,700,BUY_AGGRESSOR,1804600,1293000
2026-09-24 14:38:50.879,CRUDEOILM,FUT,0.0,CRUDEOILM19OCT26FUT,9036.0,10,BUY_AGGRESSOR,507290,414380
2026-09-24 14:38:50.879,CRUDEOILM,CE,9400.0,CRUDEOILM15OCT269400CE,362.55,10,BUY_AGGRESSOR,58800,35930
2026-09-24 14:38:50.879,CRUDEOILM,CE,9500.0,CRUDEOILM15OCT269500CE,330.2,10,SELL_AGGRESSOR,148720,73540
2026-09-24 14:38:54.466,CRUDEOIL,FUT,0.0,CRUDEOIL19OCT26FUT,9036.0,600,SELL_AGGRESSOR,1805200,1293100
2026-09-24 14:38:54.466,CRUDEOIL,CE,9500.0,CRUDEOIL15OCT269500CE,323.2,100,SELL_AGGRESSOR,1239000,563400
2026-09-24 14:38:54.466,CRUDEOIL,CE,9550.0,CRUDEOIL15OCT269550CE,307.2,100,SELL,69700,15900
2026-09-24 14:38:54.466,CRUDEOILM,FUT,0.0,CRUDEOILM19OCT26FUT,9031.0,80,SELL_AGGRESSOR,507370,414360
2026-09-24 14:38:58.094,CRUDEOIL,FUT,0.0,CRUDEOIL19OCT26FUT,9035.0,200,SELL,1805400,1293100
2026-09-24 14:38:58.094,CRUDEOIL,CE,9900.0,CRUDEOIL15OCT269900CE,218.3,100,BUY_AGGRESSOR,198200,37000
2026-09-24 14:38:58.094,CRUDEOILM,FUT,0.0,CRUDEOILM19OCT26FUT,9030.0,70,SELL_AGGRESSOR,507440,414410
2026-09-24 14:38:58.094,CRUDEOILM,CE,9550.0,CRUDEOILM15OCT269550CE,313.65,20,BUY,21890,3710
2026-09-24 14:38:58.094,CRUDEOILM,CE,9800.0,CRUDEOILM15OCT269800CE,245.15,50,SELL,90180,33750
2026-09-24 14:39:01.736,CRUDEOIL,FUT,0.0,CRUDEOIL19OCT26FUT,9033.0,1000,SELL_AGGRESSOR,1806400,1292800
2026-09-24 14:39:01.736,CRUDEOIL,CE,9400.0,CRUDEOIL15OCT269400CE,356.1,100,BUY_AGGRESSOR,336500,82400
2026-09-24 14:39:05.342,CRUDEOIL,FUT,0.0,CRUDEOIL19OCT26FUT,9036.0,200,BUY_AGGRESSOR,1806600,1292900
2026-09-24 14:39:05.342,CRUDEOILM,FUT,0.0,CRUDEOILM19OCT26FUT,9031.0,10,SELL_AGGRESSOR,507450,414410
2026-09-24 14:39:08.945,CRUDEOIL,FUT,0.0,CRUDEOIL19OCT26FUT,9033.0,200,SELL_AGGRESSOR,1806800,1292900
2026-09-24 14:39:08.945,CRUDEOILM,FUT,0.0,CRUDEOILM19OCT26FUT,9031.0,60,SELL_AGGRESSOR,507510,414410
2026-09-24 14:39:08.945,CRUDEOILM,CE,9450.0,CRUDEOILM15OCT269450CE,344.3,30,SELL_AGGRESSOR,33090,14020
2026-09-24 14:39:12.810,CRUDEOIL,FUT,0.0,CRUDEOIL19OCT26FUT,9033.0,100,SELL_AGGRESSOR,1806900,1293000
2026-09-24 14:39:12.810,CRUDEOIL,CE,9500.0,CRUDEOIL15OCT269500CE,323.1,100,BUY_AGGRESSOR,1239100,563400
2026-09-24 14:39:12.810,CRUDEOILM,FUT,0.0,CRUDEOILM19OCT26FUT,9031.0,10,SELL_AGGRESSOR,507520,414410
2026-09-24 14:39:16.411,CRUDEOILM,FUT,0.0,CRUDEOILM19OCT26FUT,9031.0,20,INSIDE,507540,414400
2026-09-24 14:39:16.411,CRUDEOILM,PE,9400.0,CRUDEOILM15OCT269400PE,725.7,10,BUY_AGGRESSOR,1900,2120
2026-09-24 14:39:20.097,CRUDEOIL,FUT,0.0,CRUDEOIL19OCT26FUT,9031.0,100,SELL_AGGRESSOR,1807000,1293000
2026-09-24 14:39:20.097,CRUDEOIL,CE,9550.0,CRUDEOIL15OCT269550CE,307.0,100,SELL,69800,15900
2026-09-24 14:39:20.097,CRUDEOIL,CE,9950.0,CRUDEOIL15OCT269950CE,205.9,100,SELL,31800,7000
2026-09-24 14:39:20.097,CRUDEOILM,FUT,0.0,CRUDEOILM19OCT26FUT,9029.0,80,SELL_AGGRESSOR,507620,414380
2026-09-24 14:39:20.097,CRUDEOILM,CE,9450.0,CRUDEOILM15OCT269450CE,344.6,10,BUY_AGGRESSOR,33100,14020
2026-09-24 14:39:23.584,CRUDEOIL,FUT,0.0,CRUDEOIL19OCT26FUT,9033.0,100,BUY_AGGRESSOR,1807100,1293100
2026-09-24 14:39:23.584,CRUDEOIL,CE,9500.0,CRUDEOIL15OCT269500CE,322.0,100,SELL_AGGRESSOR,1239200,563400
2026-09-24 14:39:23.584,CRUDEOILM,FUT,0.0,CRUDEOILM19OCT26FUT,9031.0,40,BUY,507660,414380
2026-09-24 14:39:23.584,CRUDEOILM,PE,9350.0,CRUDEOILM15OCT269350PE,697.55,10,BUY,2590,2740
2026-09-24 14:39:27.230,CRUDEOIL,FUT,0.0,CRUDEOIL19OCT26FUT,9033.0,100,BUY_AGGRESSOR,1807200,1293100
2026-09-24 14:39:27.230,CRUDEOIL,CE,9500.0,CRUDEOIL15OCT269500CE,321.3,200,SELL,1239400,563200
2026-09-24 14:39:27.230,CRUDEOILM,FUT,0.0,CRUDEOILM19OCT26FUT,9030.0,10,SELL_AGGRESSOR,507670,414380
2026-09-24 14:39:27.230,CRUDEOILM,CE,9350.0,CRUDEOILM15OCT269350CE,379.15,140,SELL_AGGRESSOR,30580,17280
2026-09-24 14:39:30.777,CRUDEOILM,FUT,0.0,CRUDEOILM19OCT26FUT,9030.0,510,SELL_AGGRESSOR,508180,414530
2026-09-24 14:39:34.351,CRUDEOIL,FUT,0.0,CRUDEOIL19OCT26FUT,9033.0,100,BUY_AGGRESSOR,1807300,1293100
2026-09-24 14:39:34.351,CRUDEOIL,CE,9500.0,CRUDEOIL15OCT269500CE,321.2,200,SELL_AGGRESSOR,1239600,563100
2026-09-24 14:39:34.351,CRUDEOILM,FUT,0.0,CRUDEOILM19OCT26FUT,9029.0,80,SELL_AGGRESSOR,508260,414750
2026-09-24 14:39:37.897,CRUDEOIL,CE,9800.0,CRUDEOIL15OCT269800CE,240.1,200,SELL,259700,100300
2026-09-24 14:39:37.897,CRUDEOILM,FUT,0.0,CRUDEOILM19OCT26FUT,9032.0,3570,BUY_AGGRESSOR,511830,414930
2026-09-24 14:39:41.541,CRUDEOIL,FUT,0.0,CRUDEOIL19OCT26FUT,9035.0,100,BUY_AGGRESSOR,1807400,1293200
2026-09-24 14:39:41.541,CRUDEOIL,CE,9400.0,CRUDEOIL15OCT269400CE,355.3,300,BUY_AGGRESSOR,336800,82200
2026-09-24 14:39:41.541,CRUDEOIL,CE,9600.0,CRUDEOIL15OCT269600CE,291.0,400,SELL,224100,63400
2026-09-24 14:39:41.541,CRUDEOIL,CE,9900.0,CRUDEOIL15OCT269900CE,218.0,100,BUY_AGGRESSOR,198300,37000
2026-09-24 14:39:41.541,CRUDEOILM,FUT,0.0,CRUDEOILM19OCT26FUT,9033.0,90,BUY_AGGRESSOR,511920,418320
2026-09-24 14:39:41.541,CRUDEOILM,CE,9600.0,CRUDEOILM15OCT269600CE,299.2,60,BUY_AGGRESSOR,60540,13680
2026-09-24 14:39:45.151,CRUDEOIL,FUT,0.0,CRUDEOIL19OCT26FUT,9036.0,300,BUY_AGGRESSOR,1807700,1293400
2026-09-24 14:39:45.151,CRUDEOILM,FUT,0.0,CRUDEOILM19OCT26FUT,9033.0,90,INSIDE,512010,418370
2026-09-24 14:39:48.808,CRUDEOIL,FUT,0.0,CRUDEOIL19OCT26FUT,9036.0,500,INSIDE,1808200,1293300
2026-09-24 14:39:48.808,CRUDEOILM,FUT,0.0,CRUDEOILM19OCT26FUT,9034.0,10,BUY,512020,418380
2026-09-24 14:39:48.808,CRUDEOILM,CE,9600.0,CRUDEOILM15OCT269600CE,299.15,10,SELL,60550,13670
2026-09-24 14:39:56.098,CRUDEOIL,FUT,0.0,CRUDEOIL19OCT26FUT,9036.0,100,SELL_AGGRESSOR,1808300,1293200
2026-09-24 14:39:56.098,CRUDEOIL,CE,9400.0,CRUDEOIL15OCT269400CE,356.2,100,BUY_AGGRESSOR,336900,82100
2026-09-24 14:39:56.098,CRUDEOILM,FUT,0.0,CRUDEOILM19OCT26FUT,9037.0,110,BUY_AGGRESSOR,512130,418310
2026-09-24 14:39:59.765,CRUDEOIL,CE,9500.0,CRUDEOIL15OCT269500CE,323.0,100,SELL_AGGRESSOR,1239700,563100
2026-09-24 14:39:59.765,CRUDEOIL,PE,9500.0,CRUDEOIL15OCT269500PE,779.8,100,BUY_AGGRESSOR,73100,98100
2026-09-24 14:39:59.765,CRUDEOILM,FUT,0.0,CRUDEOILM19OCT26FUT,9036.0,240,SELL,512370,418310
2026-09-24 14:39:59.765,CRUDEOILM,CE,9450.0,CRUDEOILM15OCT269450CE,346.05,10,BUY,33110,14010
2026-09-24 14:39:59.765,CRUDEOILM,CE,9850.0,CRUDEOILM15OCT269850CE,232.2,40,SELL_AGGRESSOR,13590,3240
2026-09-24 14:39:59.765,CRUDEOILM,CE,9900.0,CRUDEOILM15OCT269900CE,220.95,10,SELL_AGGRESSOR,173950,29480
2026-09-24 14:40:03.416,CRUDEOIL,FUT,0.0,CRUDEOIL19OCT26FUT,9036.0,400,SELL_AGGRESSOR,1808700,1293100
2026-09-24 14:40:03.416,CRUDEOIL,CE,9700.0,CRUDEOIL15OCT269700CE,264.8,200,SELL_AGGRESSOR,381000,37300
2026-09-24 14:40:03.416,CRUDEOILM,FUT,0.0,CRUDEOILM19OCT26FUT,9035.0,120,SELL_AGGRESSOR,512490,418310
2026-09-24 14:40:03.416,CRUDEOILM,CE,9600.0,CRUDEOILM15OCT269600CE,297.7,40,SELL_AGGRESSOR,60590,13640
2026-09-24 14:40:03.416,CRUDEOILM,CE,9850.0,CRUDEOILM15OCT269850CE,232.35,10,SELL_AGGRESSOR,13600,3240
2026-09-24 14:40:03.416,CRUDEOILM,CE,9900.0,CRUDEOILM15OCT269900CE,221.05,10,SELL_AGGRESSOR,173960,29470
2026-09-24 14:40:07.008,CRUDEOIL,CE,9500.0,CRUDEOIL15OCT269500CE,321.0,700,SELL_AGGRESSOR,1240400,562800
2026-09-24 14:40:07.008,CRUDEOIL,CE,9800.0,CRUDEOIL15OCT269800CE,240.0,1000,SELL_AGGRESSOR,260700,100300
2026-09-24 14:40:07.008,CRUDEOILM,FUT,0.0,CRUDEOILM19OCT26FUT,9035.0,110,BUY_AGGRESSOR,512600,418310
2026-09-24 14:40:10.749,CRUDEOILM,FUT,0.0,CRUDEOILM19OCT26FUT,9032.0,30,SELL_AGGRESSOR,512630,418310
2026-09-24 14:40:10.749,CRUDEOILM,CE,9700.0,CRUDEOILM15OCT269700CE,269.8,40,SELL,50900,9580
2026-09-24 14:40:14.399,CRUDEOIL,FUT,0.0,CRUDEOIL19OCT26FUT,9036.0,100,BUY_AGGRESSOR,1808800,1293200
2026-09-24 14:40:14.399,CRUDEOIL,CE,9700.0,CRUDEOIL15OCT269700CE,264.8,300,BUY_AGGRESSOR,381300,37400
2026-09-24 14:40:14.399,CRUDEOIL,CE,9800.0,CRUDEOIL15OCT269800CE,240.3,100,BUY_AGGRESSOR,260800,100200
2026-09-24 14:40:14.399,CRUDEOILM,FUT,0.0,CRUDEOILM19OCT26FUT,9037.0,30,BUY_AGGRESSOR,512660,418330
2026-09-24 14:40:14.399,CRUDEOILM,CE,9350.0,CRUDEOILM15OCT269350CE,378.65,10,SELL_AGGRESSOR,30590,17270
2026-09-24 14:40:14.399,CRUDEOILM,CE,9600.0,CRUDEOILM15OCT269600CE,298.1,10,BUY_AGGRESSOR,60600,13640
2026-09-24 14:40:14.399,CRUDEOILM,CE,9900.0,CRUDEOILM15OCT269900CE,220.4,30,BUY_AGGRESSOR,173990,29440
2026-09-24 14:40:18.078,CRUDEOIL,CE,9400.0,CRUDEOIL15OCT269400CE,354.7,200,SELL_AGGRESSOR,337100,81900
2026-09-24 14:40:18.078,CRUDEOILM,FUT,0.0,CRUDEOILM19OCT26FUT,9035.0,90,SELL_AGGRESSOR,512750,418340
2026-09-24 14:40:18.078,CRUDEOILM,CE,9350.0,CRUDEOILM15OCT269350CE,379.55,40,BUY,30630,17230
2026-09-24 14:40:18.078,CRUDEOILM,CE,9400.0,CRUDEOILM15OCT269400CE,360.95,30,SELL_AGGRESSOR,58830,35900
2026-09-24 14:40:18.078,CRUDEOILM,CE,9450.0,CRUDEOILM15OCT269450CE,344.45,30,SELL_AGGRESSOR,33140,13990
2026-09-24 14:40:18.078,CRUDEOILM,CE,9500.0,CRUDEOILM15OCT269500CE,328.1,30,SELL_AGGRESSOR,148750,73540
2026-09-24 14:40:18.078,CRUDEOILM,CE,9550.0,CRUDEOILM15OCT269550CE,312.1,20,SELL_AGGRESSOR,21910,3710
2026-09-24 14:40:18.078,CRUDEOILM,CE,9600.0,CRUDEOILM15OCT269600CE,298.0,20,SELL_AGGRESSOR,60620,13650
2026-09-24 14:40:21.868,CRUDEOIL,CE,9900.0,CRUDEOIL15OCT269900CE,217.4,200,SELL,198500,37000
2026-09-24 14:40:21.868,CRUDEOILM,FUT,0.0,CRUDEOILM19OCT26FUT,9035.0,70,BUY_AGGRESSOR,512820,418350
2026-09-24 14:40:25.448,CRUDEOILM,FUT,0.0,CRUDEOILM19OCT26FUT,9033.0,10,SELL,512830,418350
2026-09-24 14:40:25.448,CRUDEOILM,CE,9550.0,CRUDEOILM15OCT269550CE,312.8,30,BUY_AGGRESSOR,21940,3730
2026-09-24 14:40:29.132,CRUDEOIL,CE,9400.0,CRUDEOIL15OCT269400CE,354.6,100,BUY_AGGRESSOR,337200,81800
2026-09-24 14:40:29.132,CRUDEOIL,CE,9500.0,CRUDEOIL15OCT269500CE,321.0,100,SELL_AGGRESSOR,1240500,562800
2026-09-24 14:40:29.132,CRUDEOILM,CE,9550.0,CRUDEOILM15OCT269550CE,311.25,10,SELL_AGGRESSOR,21950,3720
2026-09-24 14:40:32.724,CRUDEOIL,CE,9400.0,CRUDEOIL15OCT269400CE,354.7,100,BUY_AGGRESSOR,337300,81800
2026-09-24 14:40:32.724,CRUDEOIL,CE,9500.0,CRUDEOIL15OCT269500CE,322.0,100,BUY_AGGRESSOR,1240600,562800
2026-09-24 14:40:32.724,CRUDEOIL,CE,9600.0,CRUDEOIL15OCT269600CE,291.3,100,BUY,224200,63400
2026-09-24 14:40:32.724,CRUDEOILM,FUT,0.0,CRUDEOILM19OCT26FUT,9035.0,10,BUY_AGGRESSOR,512840,418350
2026-09-24 14:40:32.724,CRUDEOILM,CE,9500.0,CRUDEOILM15OCT269500CE,326.95,100,SELL_AGGRESSOR,148850,73510
2026-09-24 14:40:36.310,CRUDEOILM,FUT,0.0,CRUDEOILM19OCT26FUT,9034.0,20,SELL,512860,418330
2026-09-24 14:40:36.310,CRUDEOILM,CE,9750.0,CRUDEOILM15OCT269750CE,256.0,10,SELL,11740,3370
2026-09-24 14:40:39.931,CRUDEOIL,FUT,0.0,CRUDEOIL19OCT26FUT,9034.0,300,SELL_AGGRESSOR,1809100,1293000
2026-09-24 14:40:39.931,CRUDEOIL,CE,9500.0,CRUDEOIL15OCT269500CE,321.0,300,SELL_AGGRESSOR,1240900,563100
2026-09-24 14:40:39.931,CRUDEOILM,FUT,0.0,CRUDEOILM19OCT26FUT,9034.0,10,INSIDE,512870,418320
2026-09-24 14:40:43.381,CRUDEOIL,FUT,0.0,CRUDEOIL19OCT26FUT,9038.0,1000,BUY_AGGRESSOR,1810100,1292100
2026-09-24 14:40:43.381,CRUDEOIL,PE,9500.0,CRUDEOIL15OCT269500PE,779.8,800,BUY_AGGRESSOR,73900,98100
2026-09-24 14:40:43.381,CRUDEOIL,CE,9600.0,CRUDEOIL15OCT269600CE,290.0,100,SELL_AGGRESSOR,224300,63400
2026-09-24 14:40:43.381,CRUDEOIL,CE,9800.0,CRUDEOIL15OCT269800CE,239.1,100,SELL_AGGRESSOR,260900,100200
2026-09-24 14:40:43.381,CRUDEOILM,FUT,0.0,CRUDEOILM19OCT26FUT,9033.0,60,SELL_AGGRESSOR,512930,418290
2026-09-24 14:40:43.381,CRUDEOILM,CE,9750.0,CRUDEOILM15OCT269750CE,255.1,10,SELL_AGGRESSOR,11750,3360
2026-09-24 14:40:43.381,CRUDEOILM,CE,9900.0,CRUDEOILM15OCT269900CE,219.15,30,SELL_AGGRESSOR,174020,29430
2026-09-24 14:40:46.998,CRUDEOIL,FUT,0.0,CRUDEOIL19OCT26FUT,9032.0,100,SELL_AGGRESSOR,1810200,1292200
2026-09-24 14:40:46.998,CRUDEOIL,CE,9600.0,CRUDEOIL15OCT269600CE,290.0,100,SELL_AGGRESSOR,224400,63400
2026-09-24 14:40:46.998,CRUDEOIL,CE,9750.0,CRUDEOIL15OCT269750CE,249.0,100,SELL_AGGRESSOR,51000,13000
2026-09-24 14:40:46.998,CRUDEOIL,CE,9800.0,CRUDEOIL15OCT269800CE,238.8,400,SELL,261300,100300
2026-09-24 14:40:46.998,CRUDEOILM,FUT,0.0,CRUDEOILM19OCT26FUT,9033.0,10,SELL_AGGRESSOR,512940,418280
2026-09-24 14:40:46.998,CRUDEOILM,CE,9700.0,CRUDEOILM15OCT269700CE,268.9,30,SELL,50930,9590
2026-09-24 14:40:46.998,CRUDEOILM,CE,9950.0,CRUDEOILM15OCT269950CE,210.5,10,BUY_AGGRESSOR,6670,3100
2026-09-24 14:40:50.624,CRUDEOIL,CE,9500.0,CRUDEOIL15OCT269500CE,320.2,200,SELL_AGGRESSOR,1241100,563200
2026-09-24 14:40:50.624,CRUDEOIL,CE,9750.0,CRUDEOIL15OCT269750CE,249.0,100,SELL_AGGRESSOR,51100,13000
2026-09-24 14:40:50.624,CRUDEOILM,FUT,0.0,CRUDEOILM19OCT26FUT,9032.0,20,SELL_AGGRESSOR,512960,418260
2026-09-24 14:40:50.624,CRUDEOILM,CE,9350.0,CRUDEOILM15OCT269350CE,378.35,50,BUY_AGGRESSOR,30680,17240
2026-09-24 14:40:54.127,CRUDEOIL,FUT,0.0,CRUDEOIL19OCT26FUT,9033.0,500,BUY,1810700,1292300
2026-09-24 14:40:54.127,CRUDEOIL,CE,9500.0,CRUDEOIL15OCT269500CE,318.3,1000,SELL_AGGRESSOR,1242100,562800
2026-09-24 14:40:54.127,CRUDEOIL,CE,9650.0,CRUDEOIL15OCT269650CE,276.0,100,SELL_AGGRESSOR,47700,12700
2026-09-24 14:40:54.127,CRUDEOILM,CE,9400.0,CRUDEOILM15OCT269400CE,357.2,90,SELL_AGGRESSOR,58920,35900
2026-09-24 14:40:54.127,CRUDEOILM,CE,9500.0,CRUDEOILM15OCT269500CE,325.8,20,SELL_AGGRESSOR,148870,73510
2026-09-24 14:40:57.793,CRUDEOIL,FUT,0.0,CRUDEOIL19OCT26FUT,9032.0,100,BUY_AGGRESSOR,1810800,1292200
2026-09-24 14:40:57.793,CRUDEOIL,CE,9400.0,CRUDEOIL15OCT269400CE,351.6,600,SELL,337900,81400
2026-09-24 14:40:57.793,CRUDEOIL,CE,9500.0,CRUDEOIL15OCT269500CE,318.0,200,SELL_AGGRESSOR,1242300,562800
2026-09-24 14:40:57.793,CRUDEOIL,CE,9900.0,CRUDEOIL15OCT269900CE,215.3,100,SELL_AGGRESSOR,198600,37000
2026-09-24 14:40:57.793,CRUDEOILM,FUT,0.0,CRUDEOILM19OCT26FUT,9030.0,80,SELL_AGGRESSOR,513040,418270
2026-09-24 14:40:57.793,CRUDEOILM,CE,9500.0,CRUDEOILM15OCT269500CE,325.05,10,SELL_AGGRESSOR,148880,73500
2026-09-24 14:40:57.793,CRUDEOILM,CE,9900.0,CRUDEOILM15OCT269900CE,218.05,10,SELL_AGGRESSOR,174030,29420
2026-09-24 14:41:01.728,CRUDEOIL,FUT,0.0,CRUDEOIL19OCT26FUT,9028.0,1300,SELL_AGGRESSOR,1812100,1292100
2026-09-24 14:41:01.728,CRUDEOIL,CE,9350.0,CRUDEOIL15OCT269350CE,368.3,200,SELL,91700,23100
2026-09-24 14:41:01.728,CRUDEOIL,CE,9500.0,CRUDEOIL15OCT269500CE,318.0,300,INSIDE,1242600,562500
2026-09-24 14:41:01.728,CRUDEOIL,CE,9800.0,CRUDEOIL15OCT269800CE,238.1,300,BUY_AGGRESSOR,261600,100300
2026-09-24 14:41:01.728,CRUDEOIL,CE,9950.0,CRUDEOIL15OCT269950CE,205.0,100,SELL_AGGRESSOR,31900,7100
2026-09-24 14:41:01.728,CRUDEOILM,FUT,0.0,CRUDEOILM19OCT26FUT,9028.0,80,SELL_AGGRESSOR,513120,418230
2026-09-24 14:41:01.728,CRUDEOILM,CE,9350.0,CRUDEOILM15OCT269350CE,377.0,10,SELL,30690,17250
2026-09-24 14:41:05.420,CRUDEOIL,CE,9400.0,CRUDEOIL15OCT269400CE,350.0,200,SELL_AGGRESSOR,338100,81400
2026-09-24 14:41:05.420,CRUDEOIL,CE,9500.0,CRUDEOIL15OCT269500CE,318.3,300,SELL_AGGRESSOR,1242900,562800
2026-09-24 14:41:05.420,CRUDEOIL,CE,9600.0,CRUDEOIL15OCT269600CE,288.0,100,SELL_AGGRESSOR,224500,63400
2026-09-24 14:41:05.420,CRUDEOIL,CE,9700.0,CRUDEOIL15OCT269700CE,258.9,200,SELL_AGGRESSOR,381500,37400
2026-09-24 14:41:05.420,CRUDEOIL,CE,9750.0,CRUDEOIL15OCT269750CE,248.0,100,SELL,51200,13000
2026-09-24 14:41:05.420,CRUDEOILM,FUT,0.0,CRUDEOILM19OCT26FUT,9024.0,180,SELL_AGGRESSOR,513300,418160
2026-09-24 14:41:05.420,CRUDEOILM,CE,9500.0,CRUDEOILM15OCT269500CE,324.0,960,SELL_AGGRESSOR,149840,73560
2026-09-24 14:41:05.420,CRUDEOILM,CE,9600.0,CRUDEOILM15OCT269600CE,294.45,30,SELL_AGGRESSOR,60650,13670
2026-09-24 14:41:05.420,CRUDEOILM,CE,9700.0,CRUDEOILM15OCT269700CE,266.85,10,SELL_AGGRESSOR,50940,9600
2026-09-24 14:41:05.420,CRUDEOILM,CE,9900.0,CRUDEOILM15OCT269900CE,216.0,10,SELL_AGGRESSOR,174040,29410
2026-09-24 14:41:09.048,CRUDEOIL,FUT,0.0,CRUDEOIL19OCT26FUT,9023.0,1900,SELL_AGGRESSOR,1814000,1291000
2026-09-24 14:41:09.048,CRUDEOIL,CE,9400.0,CRUDEOIL15OCT269400CE,348.3,1200,SELL_AGGRESSOR,339300,80900
2026-09-24 14:41:09.048,CRUDEOIL,CE,9500.0,CRUDEOIL15OCT269500CE,316.1,900,SELL_AGGRESSOR,1243800,563300
2026-09-24 14:41:09.048,CRUDEOIL,CE,9550.0,CRUDEOIL15OCT269550CE,300.0,100,SELL_AGGRESSOR,69900,15900
2026-09-24 14:41:09.048,CRUDEOIL,CE,9700.0,CRUDEOIL15OCT269700CE,261.5,700,BUY_AGGRESSOR,382200,37400
2026-09-24 14:41:09.048,CRUDEOIL,CE,9800.0,CRUDEOIL15OCT269800CE,236.0,300,SELL,261900,100400
2026-09-24 14:41:09.048,CRUDEOIL,CE,9900.0,CRUDEOIL15OCT269900CE,214.1,300,BUY_AGGRESSOR,198900,37000
2026-09-24 14:41:09.048,CRUDEOILM,FUT,0.0,CRUDEOILM19OCT26FUT,9023.0,10,SELL,513310,418130
2026-09-24 14:41:09.048,CRUDEOILM,CE,9350.0,CRUDEOILM15OCT269350CE,372.35,20,SELL_AGGRESSOR,30710,17250
2026-09-24 14:41:09.048,CRUDEOILM,CE,9900.0,CRUDEOILM15OCT269900CE,216.9,50,BUY_AGGRESSOR,174090,29410
2026-09-24 14:41:12.666,CRUDEOIL,FUT,0.0,CRUDEOIL19OCT26FUT,9026.0,1700,BUY_AGGRESSOR,1815700,1292200
2026-09-24 14:41:12.666,CRUDEOIL,CE,9350.0,CRUDEOIL15OCT269350CE,367.4,100,BUY_AGGRESSOR,91800,23100
2026-09-24 14:41:12.666,CRUDEOIL,CE,9400.0,CRUDEOIL15OCT269400CE,350.8,900,BUY_AGGRESSOR,340200,80900
2026-09-24 14:41:12.666,CRUDEOIL,CE,9500.0,CRUDEOIL15OCT269500CE,318.1,1100,BUY_AGGRESSOR,1244900,563500
2026-09-24 14:41:12.666,CRUDEOIL,CE,9600.0,CRUDEOIL15OCT269600CE,287.1,100,BUY_AGGRESSOR,224600,63400
2026-09-24 14:41:12.666,CRUDEOIL,CE,9700.0,CRUDEOIL15OCT269700CE,261.5,100,INSIDE,382300,37400
2026-09-24 14:41:12.666,CRUDEOILM,FUT,0.0,CRUDEOILM19OCT26FUT,9024.0,370,BUY_AGGRESSOR,513680,418260
2026-09-24 14:41:12.666,CRUDEOILM,CE,9350.0,CRUDEOILM15OCT269350CE,374.55,50,BUY_AGGRESSOR,30760,17260
2026-09-24 14:41:12.666,CRUDEOILM,CE,9400.0,CRUDEOILM15OCT269400CE,355.65,30,BUY_AGGRESSOR,58950,35900
2026-09-24 14:41:12.666,CRUDEOILM,CE,9450.0,CRUDEOILM15OCT269450CE,339.5,40,BUY_AGGRESSOR,33180,14010
2026-09-24 14:41:12.666,CRUDEOILM,CE,9500.0,CRUDEOILM15OCT269500CE,323.8,630,BUY_AGGRESSOR,150470,73500
2026-09-24 14:41:12.666,CRUDEOILM,CE,9550.0,CRUDEOILM15OCT269550CE,307.8,20,BUY_AGGRESSOR,21970,3730
2026-09-24 14:41:12.666,CRUDEOILM,CE,9600.0,CRUDEOILM15OCT269600CE,294.35,20,BUY_AGGRESSOR,60670,13660
2026-09-24 14:41:12.666,CRUDEOILM,CE,9650.0,CRUDEOILM15OCT269650CE,277.9,320,SELL,15490,2620
2026-09-24 14:41:12.666,CRUDEOILM,CE,9700.0,CRUDEOILM15OCT269700CE,266.15,10,BUY_AGGRESSOR,50950,9610
2026-09-24 14:41:12.666,CRUDEOILM,CE,9800.0,CRUDEOILM15OCT269800CE,240.8,80,BUY_AGGRESSOR,90260,33760
2026-09-24 14:41:12.666,CRUDEOILM,CE,9850.0,CRUDEOILM15OCT269850CE,228.0,40,BUY_AGGRESSOR,13640,3230
2026-09-24 14:41:16.390,CRUDEOIL,FUT,0.0,CRUDEOIL19OCT26FUT,9025.0,100,SELL_AGGRESSOR,1815800,1292100
2026-09-24 14:41:16.390,CRUDEOIL,CE,9600.0,CRUDEOIL15OCT269600CE,287.3,100,SELL_AGGRESSOR,224700,63400
2026-09-24 14:41:16.390,CRUDEOILM,FUT,0.0,CRUDEOILM19OCT26FUT,9024.0,10,SELL_AGGRESSOR,513690,418260
2026-09-24 14:41:16.390,CRUDEOILM,CE,9350.0,CRUDEOILM15OCT269350CE,375.25,70,BUY,30830,17340
2026-09-24 14:41:16.390,CRUDEOILM,CE,9500.0,CRUDEOILM15OCT269500CE,323.4,20,SELL_AGGRESSOR,150490,73440
2026-09-24 14:41:20.061,CRUDEOIL,FUT,0.0,CRUDEOIL19OCT26FUT,9026.0,400,BUY,1816200,1291900
2026-09-24 14:41:20.061,CRUDEOIL,PE,9800.0,CRUDEOIL15OCT269800PE,999.8,100,BUY,700,6600
2026-09-24 14:41:20.061,CRUDEOILM,FUT,0.0,CRUDEOILM19OCT26FUT,9024.0,270,SELL_AGGRESSOR,513960,418280
2026-09-24 14:41:20.061,CRUDEOILM,CE,9500.0,CRUDEOILM15OCT269500CE,322.45,20,SELL_AGGRESSOR,150510,73420
2026-09-24 14:41:20.061,CRUDEOILM,CE,9600.0,CRUDEOILM15OCT269600CE,292.75,40,SELL_AGGRESSOR,60710,13610
2026-09-24 14:41:20.061,CRUDEOILM,CE,9800.0,CRUDEOILM15OCT269800CE,239.6,10,SELL_AGGRESSOR,90270,33830
2026-09-24 14:41:23.748,CRUDEOIL,FUT,0.0,CRUDEOIL19OCT26FUT,9025.0,400,BUY_AGGRESSOR,1816600,1291800
2026-09-24 14:41:23.748,CRUDEOIL,CE,9400.0,CRUDEOIL15OCT269400CE,348.5,100,SELL_AGGRESSOR,340300,80900
2026-09-24 14:41:23.748,CRUDEOIL,CE,9500.0,CRUDEOIL15OCT269500CE,316.1,100,SELL_AGGRESSOR,1245000,563500
2026-09-24 14:41:23.748,CRUDEOILM,FUT,0.0,CRUDEOILM19OCT26FUT,9023.0,120,SELL,514080,418250
2026-09-24 14:41:23.748,CRUDEOILM,CE,9800.0,CRUDEOILM15OCT269800CE,239.25,20,SELL_AGGRESSOR,90290,33820
2026-09-24 14:41:23.748,CRUDEOILM,CE,9900.0,CRUDEOILM15OCT269900CE,215.6,10,SELL_AGGRESSOR,174100,29410
2026-09-24 14:41:27.336,CRUDEOIL,FUT,0.0,CRUDEOIL19OCT26FUT,9020.0,1200,SELL_AGGRESSOR,1817800,1292300
2026-09-24 14:41:27.336,CRUDEOIL,CE,9500.0,CRUDEOIL15OCT269500CE,315.0,300,SELL_AGGRESSOR,1245300,563600
2026-09-24 14:41:27.336,CRUDEOIL,PE,9500.0,CRUDEOIL15OCT269500PE,786.0,400,BUY_AGGRESSOR,74300,98100
2026-09-24 14:41:27.336,CRUDEOILM,FUT,0.0,CRUDEOILM19OCT26FUT,9023.0,120,BUY_AGGRESSOR,514200,418170
2026-09-24 14:41:27.336,CRUDEOILM,PE,9400.0,CRUDEOILM15OCT269400PE,730.0,20,BUY_AGGRESSOR,1920,2120
2026-09-24 14:41:30.980,CRUDEOIL,FUT,0.0,CRUDEOIL19OCT26FUT,9020.0,100,SELL_AGGRESSOR,1817900,1292400
2026-09-24 14:41:30.980,CRUDEOIL,CE,9450.0,CRUDEOIL15OCT269450CE,331.0,1000,SELL_AGGRESSOR,70300,23500
2026-09-24 14:41:30.980,CRUDEOIL,CE,9500.0,CRUDEOIL15OCT269500CE,314.6,300,SELL_AGGRESSOR,1245600,563500
2026-09-24 14:41:30.980,CRUDEOIL,PE,9500.0,CRUDEOIL15OCT269500PE,786.0,200,BUY_AGGRESSOR,74500,98100
2026-09-24 14:41:30.980,CRUDEOIL,CE,9650.0,CRUDEOIL15OCT269650CE,272.0,100,SELL_AGGRESSOR,47800,12800
2026-09-24 14:41:30.980,CRUDEOIL,CE,9700.0,CRUDEOIL15OCT269700CE,258.4,100,SELL_AGGRESSOR,382400,37300
2026-09-24 14:41:30.980,CRUDEOIL,CE,9900.0,CRUDEOIL15OCT269900CE,213.0,200,SELL_AGGRESSOR,199100,37100
2026-09-24 14:41:30.980,CRUDEOILM,FUT,0.0,CRUDEOILM19OCT26FUT,9018.0,260,SELL_AGGRESSOR,514460,418100
2026-09-24 14:41:30.980,CRUDEOILM,CE,9650.0,CRUDEOILM15OCT269650CE,274.3,60,SELL_AGGRESSOR,15550,2600
2026-09-24 14:41:34.568,CRUDEOIL,FUT,0.0,CRUDEOIL19OCT26FUT,9022.0,600,BUY_AGGRESSOR,1818500,1292400
2026-09-24 14:41:34.568,CRUDEOIL,CE,9400.0,CRUDEOIL15OCT269400CE,348.0,100,SELL,340400,80800
2026-09-24 14:41:34.568,CRUDEOIL,CE,9700.0,CRUDEOIL15OCT269700CE,259.2,100,BUY_AGGRESSOR,382500,37400
2026-09-24 14:41:34.568,CRUDEOIL,CE,9800.0,CRUDEOIL15OCT269800CE,234.2,300,SELL,262200,100500
2026-09-24 14:41:34.568,CRUDEOIL,CE,9900.0,CRUDEOIL15OCT269900CE,212.0,200,SELL,199300,37100
2026-09-24 14:41:34.568,CRUDEOILM,FUT,0.0,CRUDEOILM19OCT26FUT,9019.0,70,BUY,514530,418100
2026-09-24 14:41:34.568,CRUDEOILM,CE,9500.0,CRUDEOILM15OCT269500CE,320.1,90,SELL_AGGRESSOR,150600,73380
2026-09-24 14:41:38.339,CRUDEOIL,FUT,0.0,CRUDEOIL19OCT26FUT,9021.0,100,SELL,1818600,1292300
2026-09-24 14:41:38.339,CRUDEOIL,CE,9400.0,CRUDEOIL15OCT269400CE,347.7,600,SELL,341000,80700
2026-09-24 14:41:38.339,CRUDEOIL,CE,9500.0,CRUDEOIL15OCT269500CE,315.7,100,BUY,1245700,563400
2026-09-24 14:41:38.339,CRUDEOIL,CE,9800.0,CRUDEOIL15OCT269800CE,235.0,100,BUY_AGGRESSOR,262300,100400
2026-09-24 14:41:38.339,CRUDEOIL,CE,9900.0,CRUDEOIL15OCT269900CE,213.6,100,BUY_AGGRESSOR,199400,37100
2026-09-24 14:41:38.339,CRUDEOILM,FUT,0.0,CRUDEOILM19OCT26FUT,9019.0,20,SELL_AGGRESSOR,514550,418160
2026-09-24 14:41:38.339,CRUDEOILM,CE,9800.0,CRUDEOILM15OCT269800CE,239.2,10,SELL,90300,33820
2026-09-24 14:41:41.919,CRUDEOIL,PE,9500.0,CRUDEOIL15OCT269500PE,787.4,100,BUY_AGGRESSOR,74600,98100
2026-09-24 14:41:41.919,CRUDEOILM,FUT,0.0,CRUDEOILM19OCT26FUT,9020.0,150,SELL_AGGRESSOR,514700,418180
2026-09-24 14:41:41.919,CRUDEOILM,CE,9350.0,CRUDEOILM15OCT269350CE,372.05,70,SELL_AGGRESSOR,30900,17290
2026-09-24 14:41:41.919,CRUDEOILM,CE,9500.0,CRUDEOILM15OCT269500CE,321.0,10,SELL_AGGRESSOR,150610,73370
2026-09-24 14:41:45.612,CRUDEOIL,FUT,0.0,CRUDEOIL19OCT26FUT,9025.0,9100,BUY_AGGRESSOR,1827700,1292100
2026-09-24 14:41:45.612,CRUDEOIL,CE,9400.0,CRUDEOIL15OCT269400CE,348.7,100,BUY,341100,80600
2026-09-24 14:41:45.612,CRUDEOIL,CE,9700.0,CRUDEOIL15OCT269700CE,260.1,200,BUY_AGGRESSOR,382700,37400
2026-09-24 14:41:45.612,CRUDEOIL,CE,9800.0,CRUDEOIL15OCT269800CE,235.7,400,BUY_AGGRESSOR,262700,100200
2026-09-24 14:41:45.612,CRUDEOIL,CE,9900.0,CRUDEOIL15OCT269900CE,212.7,300,SELL_AGGRESSOR,199700,36900
2026-09-24 14:41:45.612,CRUDEOILM,FUT,0.0,CRUDEOILM19OCT26FUT,9022.0,190,BUY_AGGRESSOR,514890,418280
2026-09-24 14:41:45.612,CRUDEOILM,CE,9500.0,CRUDEOILM15OCT269500CE,324.4,620,BUY_AGGRESSOR,151230,73350
2026-09-24 14:41:45.612,CRUDEOILM,CE,9750.0,CRUDEOILM15OCT269750CE,251.35,30,BUY_AGGRESSOR,11780,3360
2026-09-24 14:41:45.612,CRUDEOILM,CE,9850.0,CRUDEOILM15OCT269850CE,225.95,10,SELL,13650,3190
2026-09-24 14:41:49.198,CRUDEOIL,FUT,0.0,CRUDEOIL19OCT26FUT,9026.0,500,BUY_AGGRESSOR,1828200,1291400
2026-09-24 14:41:49.198,CRUDEOIL,CE,9400.0,CRUDEOIL15OCT269400CE,350.0,300,BUY_AGGRESSOR,341400,80900
2026-09-24 14:41:49.198,CRUDEOIL,CE,9500.0,CRUDEOIL15OCT269500CE,317.2,600,BUY,1246300,563400
2026-09-24 14:41:49.198,CRUDEOIL,CE,9850.0,CRUDEOIL15OCT269850CE,225.0,100,BUY_AGGRESSOR,38800,11800
2026-09-24 14:41:49.198,CRUDEOILM,FUT,0.0,CRUDEOILM19OCT26FUT,9023.0,90,BUY,514980,418340
2026-09-24 14:41:49.198,CRUDEOILM,CE,9600.0,CRUDEOILM15OCT269600CE,294.05,20,BUY_AGGRESSOR,60730,13620
2026-09-24 14:41:52.821,CRUDEOIL,CE,9400.0,CRUDEOIL15OCT269400CE,350.1,200,BUY,341600,80900
2026-09-24 14:41:52.821,CRUDEOIL,PE,9500.0,CRUDEOIL15OCT269500PE,784.4,200,SELL,74800,98100
2026-09-24 14:41:52.821,CRUDEOILM,FUT,0.0,CRUDEOILM19OCT26FUT,9022.0,150,SELL_AGGRESSOR,515130,418340
2026-09-24 14:41:52.821,CRUDEOILM,CE,9600.0,CRUDEOILM15OCT269600CE,293.4,10,SELL_AGGRESSOR,60740,13610
2026-09-24 14:41:56.462,CRUDEOIL,FUT,0.0,CRUDEOIL19OCT26FUT,9027.0,4200,BUY_AGGRESSOR,1832400,1291500
2026-09-24 14:41:56.462,CRUDEOIL,CE,9500.0,CRUDEOIL15OCT269500CE,317.8,100,BUY,1246400,563300
2026-09-24 14:41:56.462,CRUDEOILM,FUT,0.0,CRUDEOILM19OCT26FUT,9027.0,10,BUY_AGGRESSOR,515140,418330
2026-09-24 14:41:56.462,CRUDEOILM,CE,9550.0,CRUDEOILM15OCT269550CE,307.75,10,SELL,21980,3740
2026-09-24 14:41:56.462,CRUDEOILM,CE,9600.0,CRUDEOILM15OCT269600CE,294.35,10,BUY_AGGRESSOR,60750,13600
2026-09-24 14:42:00.107,CRUDEOIL,FUT,0.0,CRUDEOIL19OCT26FUT,9026.0,500,SELL_AGGRESSOR,1832900,1291400
2026-09-24 14:42:00.107,CRUDEOIL,CE,9600.0,CRUDEOIL15OCT269600CE,287.2,100,SELL_AGGRESSOR,224800,63400
2026-09-24 14:42:00.107,CRUDEOILM,FUT,0.0,CRUDEOILM19OCT26FUT,9025.0,70,SELL,515210,418340
2026-09-24 14:42:00.107,CRUDEOILM,CE,9500.0,CRUDEOILM15OCT269500CE,325.25,10,BUY,151240,72790
2026-09-24 14:42:00.107,CRUDEOILM,CE,9800.0,CRUDEOILM15OCT269800CE,241.9,10,BUY_AGGRESSOR,90310,33810
2026-09-24 14:42:03.718,CRUDEOIL,FUT,0.0,CRUDEOIL19OCT26FUT,9028.0,700,BUY,1833600,1291400
2026-09-24 14:42:03.718,CRUDEOIL,CE,9400.0,CRUDEOIL15OCT269400CE,351.1,100,BUY_AGGRESSOR,341700,80800
2026-09-24 14:42:03.718,CRUDEOIL,CE,9500.0,CRUDEOIL15OCT269500CE,319.5,100,BUY_AGGRESSOR,1246500,563400
2026-09-24 14:42:03.718,CRUDEOIL,CE,9900.0,CRUDEOIL15OCT269900CE,215.4,100,BUY_AGGRESSOR,199800,36900
2026-09-24 14:42:03.718,CRUDEOILM,FUT,0.0,CRUDEOILM19OCT26FUT,9029.0,180,BUY_AGGRESSOR,515390,418310
2026-09-24 14:42:07.373,CRUDEOIL,CE,9800.0,CRUDEOIL15OCT269800CE,237.5,100,BUY,262800,100200
2026-09-24 14:42:07.373,CRUDEOILM,FUT,0.0,CRUDEOILM19OCT26FUT,9029.0,10,BUY_AGGRESSOR,515400,418300
2026-09-24 14:42:11.034,CRUDEOILM,FUT,0.0,CRUDEOILM19OCT26FUT,9029.0,10,BUY_AGGRESSOR,515410,418290
2026-09-24 14:42:11.034,CRUDEOILM,CE,9500.0,CRUDEOILM15OCT269500CE,325.3,10,BUY,151250,72790
2026-09-24 14:42:18.347,CRUDEOIL,CE,9500.0,CRUDEOIL15OCT269500CE,318.9,600,SELL,1247100,563600
2026-09-24 14:42:18.347,CRUDEOIL,CE,9800.0,CRUDEOIL15OCT269800CE,237.1,100,SELL_AGGRESSOR,262900,100100
2026-09-24 14:42:18.347,CRUDEOILM,FUT,0.0,CRUDEOILM19OCT26FUT,9027.0,10,SELL_AGGRESSOR,515420,418300
2026-09-24 14:42:18.347,CRUDEOILM,CE,9500.0,CRUDEOILM15OCT269500CE,324.15,300,SELL_AGGRESSOR,151550,72800
2026-09-24 14:42:18.347,CRUDEOILM,CE,9600.0,CRUDEOILM15OCT269600CE,296.4,30,BUY_AGGRESSOR,60780,13600
2026-09-24 14:42:18.347,CRUDEOILM,CE,9700.0,CRUDEOILM15OCT269700CE,268.0,10,BUY,50960,9600
2026-09-24 14:42:18.347,CRUDEOILM,CE,9800.0,CRUDEOILM15OCT269800CE,241.0,130,SELL_AGGRESSOR,90440,33790
2026-09-24 14:42:18.347,CRUDEOILM,CE,9900.0,CRUDEOILM15OCT269900CE,218.2,10,BUY,174110,29410
2026-09-24 14:42:22.038,CRUDEOIL,FUT,0.0,CRUDEOIL19OCT26FUT,9028.0,100,SELL_AGGRESSOR,1833700,1291300
2026-09-24 14:42:22.038,CRUDEOIL,CE,9400.0,CRUDEOIL15OCT269400CE,351.2,300,BUY,342000,81000
2026-09-24 14:42:22.038,CRUDEOIL,CE,9500.0,CRUDEOIL15OCT269500CE,318.6,100,SELL_AGGRESSOR,1247200,563700
2026-09-24 14:42:22.038,CRUDEOILM,FUT,0.0,CRUDEOILM19OCT26FUT,9027.0,50,INSIDE,515470,418290
2026-09-24 14:42:22.038,CRUDEOILM,CE,9850.0,CRUDEOILM15OCT269850CE,229.1,10,BUY,13660,3200
2026-09-24 14:42:25.752,CRUDEOIL,FUT,0.0,CRUDEOIL19OCT26FUT,9028.0,100,INSIDE,1833800,1291200
2026-09-24 14:42:25.752,CRUDEOILM,FUT,0.0,CRUDEOILM19OCT26FUT,9027.0,20,BUY_AGGRESSOR,515490,418300
2026-09-24 14:42:29.495,CRUDEOILM,CE,9800.0,CRUDEOILM15OCT269800CE,240.85,10,SELL,90450,33730
2026-09-24 14:42:33.202,CRUDEOILM,FUT,0.0,CRUDEOILM19OCT26FUT,9027.0,10,BUY_AGGRESSOR,515500,418310
2026-09-24 14:42:36.896,CRUDEOIL,FUT,0.0,CRUDEOIL19OCT26FUT,9028.0,100,SELL_AGGRESSOR,1833900,1291100
2026-09-24 14:42:36.896,CRUDEOIL,CE,9500.0,CRUDEOIL15OCT269500CE,318.0,1000,SELL_AGGRESSOR,1248200,564700
2026-09-24 14:42:36.896,CRUDEOIL,CE,9550.0,CRUDEOIL15OCT269550CE,302.9,100,BUY,70000,15800
2026-09-24 14:42:36.896,CRUDEOIL,CE,9700.0,CRUDEOIL15OCT269700CE,261.6,100,SELL_AGGRESSOR,382800,37400
2026-09-24 14:42:36.896,CRUDEOIL,CE,9800.0,CRUDEOIL15OCT269800CE,237.0,200,SELL_AGGRESSOR,263100,100100
2026-09-24 14:42:36.896,CRUDEOIL,CE,9900.0,CRUDEOIL15OCT269900CE,214.9,100,SELL,199900,36900
2026-09-24 14:42:36.896,CRUDEOILM,FUT,0.0,CRUDEOILM19OCT26FUT,9024.0,40,SELL_AGGRESSOR,515540,418310
2026-09-24 14:42:36.896,CRUDEOILM,CE,9400.0,CRUDEOILM15OCT269400CE,356.25,20,SELL_AGGRESSOR,58970,35900
2026-09-24 14:42:36.896,CRUDEOILM,CE,9500.0,CRUDEOILM15OCT269500CE,324.15,90,SELL_AGGRESSOR,151640,72960
2026-09-24 14:42:36.896,CRUDEOILM,CE,9800.0,CRUDEOILM15OCT269800CE,240.1,10,SELL_AGGRESSOR,90460,33720
2026-09-24 14:42:36.896,CRUDEOILM,CE,9850.0,CRUDEOILM15OCT269850CE,228.8,10,SELL,13670,3190
2026-09-24 14:42:40.586,CRUDEOIL,FUT,0.0,CRUDEOIL19OCT26FUT,9026.0,400,SELL_AGGRESSOR,1834300,1290800
2026-09-24 14:42:40.586,CRUDEOILM,FUT,0.0,CRUDEOILM19OCT26FUT,9027.0,20,BUY_AGGRESSOR,515560,418290
2026-09-24 14:42:40.586,CRUDEOILM,CE,9450.0,CRUDEOILM15OCT269450CE,340.85,50,BUY_AGGRESSOR,33230,14030
2026-09-24 14:42:40.586,CRUDEOILM,CE,9750.0,CRUDEOILM15OCT269750CE,251.95,10,SELL_AGGRESSOR,11790,3360
2026-09-24 14:42:44.218,CRUDEOIL,PE,9500.0,CRUDEOIL15OCT269500PE,782.5,1000,SELL_AGGRESSOR,75800,97900
2026-09-24 14:42:44.218,CRUDEOILM,CE,9500.0,CRUDEOILM15OCT269500CE,323.45,20,SELL_AGGRESSOR,151660,72940
2026-09-24 14:42:44.218,CRUDEOILM,CE,9550.0,CRUDEOILM15OCT269550CE,308.9,10,BUY_AGGRESSOR,21990,3750
2026-09-24 14:42:44.218,CRUDEOILM,CE,9600.0,CRUDEOILM15OCT269600CE,293.45,30,SELL_AGGRESSOR,60810,13570
2026-09-24 14:42:47.989,CRUDEOIL,FUT,0.0,CRUDEOIL19OCT26FUT,9026.0,500,INSIDE,1834800,1290900
2026-09-24 14:42:47.989,CRUDEOIL,CE,9350.0,CRUDEOIL15OCT269350CE,367.2,100,SELL_AGGRESSOR,91900,23100
2026-09-24 14:42:47.989,CRUDEOILM,FUT,0.0,CRUDEOILM19OCT26FUT,9024.0,30,BUY_AGGRESSOR,515590,418270
2026-09-24 14:42:51.832,CRUDEOIL,FUT,0.0,CRUDEOIL19OCT26FUT,9026.0,200,BUY_AGGRESSOR,1835000,1290900
2026-09-24 14:42:51.832,CRUDEOIL,CE,9350.0,CRUDEOIL15OCT269350CE,367.0,100,SELL,92000,23100
2026-09-24 14:42:51.832,CRUDEOIL,CE,9400.0,CRUDEOIL15OCT269400CE,348.6,300,SELL,342300,80900
2026-09-24 14:42:51.832,CRUDEOIL,CE,9650.0,CRUDEOIL15OCT269650CE,273.0,100,SELL_AGGRESSOR,47900,12900
2026-09-24 14:42:51.832,CRUDEOILM,FUT,0.0,CRUDEOILM19OCT26FUT,9024.0,270,INSIDE,515860,418040
2026-09-24 14:42:51.832,CRUDEOILM,CE,9500.0,CRUDEOILM15OCT269500CE,320.75,160,SELL_AGGRESSOR,151820,72920
2026-09-24 14:42:51.832,CRUDEOILM,CE,9600.0,CRUDEOILM15OCT269600CE,292.5,120,SELL_AGGRESSOR,60930,13500
2026-09-24 14:42:55.466,CRUDEOIL,FUT,0.0,CRUDEOIL19OCT26FUT,9026.0,100,SELL_AGGRESSOR,1835100,1290900
2026-09-24 14:42:55.466,CRUDEOIL,CE,9500.0,CRUDEOIL15OCT269500CE,317.3,100,BUY_AGGRESSOR,1248300,564800
2026-09-24 14:42:55.466,CRUDEOIL,CE,9900.0,CRUDEOIL15OCT269900CE,214.2,500,BUY_AGGRESSOR,200400,37000
2026-09-24 14:42:55.466,CRUDEOILM,FUT,0.0,CRUDEOILM19OCT26FUT,9026.0,20,BUY_AGGRESSOR,515880,418040
2026-09-24 14:42:55.466,CRUDEOILM,CE,9450.0,CRUDEOILM15OCT269450CE,339.15,10,SELL,33240,14020
2026-09-24 14:42:55.466,CRUDEOILM,CE,9600.0,CRUDEOILM15OCT269600CE,292.75,10,BUY_AGGRESSOR,60940,13490
2026-09-24 14:42:59.071,CRUDEOIL,CE,9400.0,CRUDEOIL15OCT269400CE,350.6,100,BUY_AGGRESSOR,342400,80900
2026-09-24 14:42:59.071,CRUDEOILM,FUT,0.0,CRUDEOILM19OCT26FUT,9025.0,10,SELL_AGGRESSOR,515890,418050
2026-09-24 14:42:59.071,CRUDEOILM,CE,9500.0,CRUDEOILM15OCT269500CE,323.25,30,BUY,151850,72910
2026-09-24 14:42:59.071,CRUDEOILM,CE,9800.0,CRUDEOILM15OCT269800CE,239.5,310,SELL_AGGRESSOR,90770,33810
2026-09-24 14:43:02.855,CRUDEOIL,FUT,0.0,CRUDEOIL19OCT26FUT,9031.0,400,BUY_AGGRESSOR,1835500,1290800
2026-09-24 14:43:02.855,CRUDEOIL,CE,9350.0,CRUDEOIL15OCT269350CE,369.8,200,BUY_AGGRESSOR,92200,23100
2026-09-24 14:43:02.855,CRUDEOILM,FUT,0.0,CRUDEOILM19OCT26FUT,9026.0,20,BUY,515910,418070
2026-09-24 14:43:06.417,CRUDEOIL,CE,9400.0,CRUDEOIL15OCT269400CE,351.8,2300,BUY_AGGRESSOR,344700,78800
2026-09-24 14:43:06.417,CRUDEOILM,FUT,0.0,CRUDEOILM19OCT26FUT,9027.0,10,SELL_AGGRESSOR,515920,418080
2026-09-24 14:43:10.191,CRUDEOILM,FUT,0.0,CRUDEOILM19OCT26FUT,9026.0,30,SELL_AGGRESSOR,515950,418080
2026-09-24 14:43:10.191,CRUDEOILM,CE,9400.0,CRUDEOILM15OCT269400CE,356.25,20,INSIDE,58990,35920
2026-09-24 14:43:10.191,CRUDEOILM,CE,9900.0,CRUDEOILM15OCT269900CE,217.8,10,BUY_AGGRESSOR,174120,29410
2026-09-24 14:43:13.864,CRUDEOIL,PE,9500.0,CRUDEOIL15OCT269500PE,783.4,100,BUY_AGGRESSOR,75900,97600
2026-09-24 14:43:13.864,CRUDEOIL,CE,9800.0,CRUDEOIL15OCT269800CE,235.9,100,SELL_AGGRESSOR,263200,100100
2026-09-24 14:43:13.864,CRUDEOILM,FUT,0.0,CRUDEOILM19OCT26FUT,9025.0,140,SELL_AGGRESSOR,516090,418010
2026-09-24 14:43:17.575,CRUDEOIL,FUT,0.0,CRUDEOIL19OCT26FUT,9029.0,100,BUY_AGGRESSOR,1835600,1290700
2026-09-24 14:43:17.575,CRUDEOILM,FUT,0.0,CRUDEOILM19OCT26FUT,9024.0,80,SELL_AGGRESSOR,516170,418040
2026-09-24 14:43:17.575,CRUDEOILM,CE,9600.0,CRUDEOILM15OCT269600CE,293.35,10,SELL_AGGRESSOR,60950,13480
2026-09-24 14:43:21.183,CRUDEOILM,FUT,0.0,CRUDEOILM19OCT26FUT,9027.0,50,BUY_AGGRESSOR,516220,418040
2026-09-24 14:43:24.948,CRUDEOIL,CE,9700.0,CRUDEOIL15OCT269700CE,260.4,100,SELL,382900,37500
2026-09-24 14:43:24.948,CRUDEOILM,FUT,0.0,CRUDEOILM19OCT26FUT,9025.0,20,SELL,516240,418050
2026-09-24 14:43:24.948,CRUDEOILM,CE,9500.0,CRUDEOILM15OCT269500CE,321.75,70,SELL_AGGRESSOR,151920,72870
2026-09-24 14:43:24.948,CRUDEOILM,CE,9650.0,CRUDEOILM15OCT269650CE,277.1,40,SELL_AGGRESSOR,15590,2560
2026-09-24 14:43:24.948,CRUDEOILM,CE,9750.0,CRUDEOILM15OCT269750CE,251.0,10,SELL_AGGRESSOR,11800,3360
2026-09-24 14:43:28.552,CRUDEOILM,FUT,0.0,CRUDEOILM19OCT26FUT,9025.0,20,SELL_AGGRESSOR,516260,418050
2026-09-24 14:43:32.286,CRUDEOILM,FUT,0.0,CRUDEOILM19OCT26FUT,9027.0,20,BUY_AGGRESSOR,516280,418050
2026-09-24 14:43:32.286,CRUDEOILM,CE,9600.0,CRUDEOILM15OCT269600CE,294.25,10,BUY_AGGRESSOR,60960,13470
2026-09-24 14:43:35.903,CRUDEOIL,FUT,0.0,CRUDEOIL19OCT26FUT,9025.0,400,SELL_AGGRESSOR,1836000,1290600
2026-09-24 14:43:35.903,CRUDEOIL,CE,9350.0,CRUDEOIL15OCT269350CE,367.5,100,SELL_AGGRESSOR,92300,23100
2026-09-24 14:43:35.903,CRUDEOIL,CE,9400.0,CRUDEOIL15OCT269400CE,349.1,200,SELL_AGGRESSOR,344900,78800
2026-09-24 14:43:35.903,CRUDEOIL,CE,9500.0,CRUDEOIL15OCT269500CE,317.1,200,SELL_AGGRESSOR,1248500,564600
2026-09-24 14:43:35.903,CRUDEOIL,CE,9700.0,CRUDEOIL15OCT269700CE,260.4,100,SELL_AGGRESSOR,383000,37500
2026-09-24 14:43:35.903,CRUDEOIL,CE,9800.0,CRUDEOIL15OCT269800CE,235.0,300,SELL_AGGRESSOR,263500,100000
2026-09-24 14:43:35.903,CRUDEOIL,CE,9900.0,CRUDEOIL15OCT269900CE,213.3,100,SELL_AGGRESSOR,200500,37000
2026-09-24 14:43:35.903,CRUDEOILM,FUT,0.0,CRUDEOILM19OCT26FUT,9024.0,40,SELL_AGGRESSOR,516320,418040
2026-09-24 14:43:35.903,CRUDEOILM,CE,9500.0,CRUDEOILM15OCT269500CE,323.2,20,BUY,151940,72890
2026-09-24 14:43:35.903,CRUDEOILM,CE,9550.0,CRUDEOILM15OCT269550CE,307.15,30,SELL_AGGRESSOR,22020,3750
2026-09-24 14:43:35.903,CRUDEOILM,CE,9600.0,CRUDEOILM15OCT269600CE,292.85,30,SELL_AGGRESSOR,60990,13490
2026-09-24 14:43:35.903,CRUDEOILM,CE,9650.0,CRUDEOILM15OCT269650CE,277.15,40,SELL_AGGRESSOR,15630,2540
2026-09-24 14:43:35.903,CRUDEOILM,CE,9700.0,CRUDEOILM15OCT269700CE,265.25,30,SELL_AGGRESSOR,50990,9590
2026-09-24 14:43:35.903,CRUDEOILM,CE,9750.0,CRUDEOILM15OCT269750CE,250.65,20,SELL_AGGRESSOR,11820,3360
2026-09-24 14:43:35.903,CRUDEOILM,CE,9800.0,CRUDEOILM15OCT269800CE,239.3,20,SELL_AGGRESSOR,90790,33790
2026-09-24 14:43:35.903,CRUDEOILM,CE,9850.0,CRUDEOILM15OCT269850CE,227.15,20,SELL_AGGRESSOR,13690,3200
2026-09-24 14:43:35.903,CRUDEOILM,CE,9900.0,CRUDEOILM15OCT269900CE,216.25,30,SELL,174150,29380
2026-09-24 14:43:39.493,CRUDEOIL,CE,9500.0,CRUDEOIL15OCT269500CE,316.9,700,SELL,1249200,564500
2026-09-24 14:43:39.493,CRUDEOIL,CE,9700.0,CRUDEOIL15OCT269700CE,259.8,100,BUY_AGGRESSOR,383100,37500
2026-09-24 14:43:39.493,CRUDEOIL,CE,9950.0,CRUDEOIL15OCT269950CE,203.6,100,BUY_AGGRESSOR,32000,7100
2026-09-24 14:43:39.493,CRUDEOILM,FUT,0.0,CRUDEOILM19OCT26FUT,9023.0,40,BUY_AGGRESSOR,516360,418020
2026-09-24 14:43:43.182,CRUDEOIL,CE,9500.0,CRUDEOIL15OCT269500CE,315.9,400,SELL_AGGRESSOR,1249600,564500
2026-09-24 14:43:43.182,CRUDEOILM,FUT,0.0,CRUDEOILM19OCT26FUT,9021.0,40,SELL_AGGRESSOR,516400,417980
2026-09-24 14:43:43.182,CRUDEOILM,CE,9800.0,CRUDEOILM15OCT269800CE,238.3,50,SELL,90840,33740
2026-09-24 14:43:46.732,CRUDEOIL,CE,9400.0,CRUDEOIL15OCT269400CE,348.6,100,SELL_AGGRESSOR,345000,78800
2026-09-24 14:43:46.732,CRUDEOILM,CE,9500.0,CRUDEOILM15OCT269500CE,321.3,100,BUY_AGGRESSOR,152040,72830
2026-09-24 14:43:46.732,CRUDEOILM,CE,9750.0,CRUDEOILM15OCT269750CE,249.9,10,BUY_AGGRESSOR,11830,3330
2026-09-24 14:43:50.253,CRUDEOIL,CE,9500.0,CRUDEOIL15OCT269500CE,317.8,1000,BUY_AGGRESSOR,1250600,565300
2026-09-24 14:43:50.253,CRUDEOIL,CE,9800.0,CRUDEOIL15OCT269800CE,234.9,300,SELL,263800,100000
2026-09-24 14:43:50.253,CRUDEOILM,FUT,0.0,CRUDEOILM19OCT26FUT,9021.0,70,INSIDE,516470,417960
2026-09-24 14:43:50.253,CRUDEOILM,CE,9600.0,CRUDEOILM15OCT269600CE,292.05,10,BUY_AGGRESSOR,61000,13480
2026-09-24 14:43:50.253,CRUDEOILM,CE,9750.0,CRUDEOILM15OCT269750CE,250.3,70,BUY_AGGRESSOR,11900,3260
2026-09-24 14:43:50.253,CRUDEOILM,CE,9800.0,CRUDEOILM15OCT269800CE,238.85,10,BUY_AGGRESSOR,90850,33740
2026-09-24 14:43:53.876,CRUDEOIL,FUT,0.0,CRUDEOIL19OCT26FUT,9022.0,200,SELL_AGGRESSOR,1836200,1290400
2026-09-24 14:43:53.876,CRUDEOIL,CE,9350.0,CRUDEOIL15OCT269350CE,367.0,100,SELL,92400,23100
2026-09-24 14:43:53.876,CRUDEOIL,CE,9400.0,CRUDEOIL15OCT269400CE,349.5,100,BUY,345100,78900
2026-09-24 14:43:53.876,CRUDEOIL,CE,9500.0,CRUDEOIL15OCT269500CE,317.0,300,SELL,1250900,565300
2026-09-24 14:43:53.876,CRUDEOIL,PE,9500.0,CRUDEOIL15OCT269500PE,785.6,100,BUY_AGGRESSOR,76000,97700
2026-09-24 14:43:53.876,CRUDEOIL,CE,9550.0,CRUDEOIL15OCT269550CE,300.5,100,SELL,70100,15800
2026-09-24 14:43:53.876,CRUDEOIL,CE,9700.0,CRUDEOIL15OCT269700CE,259.8,400,BUY_AGGRESSOR,383500,37600
2026-09-24 14:43:53.876,CRUDEOIL,CE,9900.0,CRUDEOIL15OCT269900CE,213.3,100,BUY_AGGRESSOR,200600,37100
2026-09-24 14:43:53.876,CRUDEOILM,FUT,0.0,CRUDEOILM19OCT26FUT,9023.0,20,BUY_AGGRESSOR,516490,417950
2026-09-24 14:43:53.876,CRUDEOILM,PE,9350.0,CRUDEOILM15OCT269350PE,698.75,60,BUY_AGGRESSOR,2650,2740
2026-09-24 14:43:53.876,CRUDEOILM,CE,9500.0,CRUDEOILM15OCT269500CE,321.35,30,BUY,152070,72800
2026-09-24 14:43:53.876,CRUDEOILM,CE,9600.0,CRUDEOILM15OCT269600CE,291.0,50,SELL_AGGRESSOR,61050,13450
2026-09-24 14:43:53.876,CRUDEOILM,CE,9700.0,CRUDEOILM15OCT269700CE,263.35,20,SELL_AGGRESSOR,51010,9590
2026-09-24 14:43:53.876,CRUDEOILM,CE,9800.0,CRUDEOILM15OCT269800CE,238.5,10,SELL,90860,33750
2026-09-24 14:43:57.411,CRUDEOIL,FUT,0.0,CRUDEOIL19OCT26FUT,9022.0,100,SELL_AGGRESSOR,1836300,1290400
2026-09-24 14:43:57.411,CRUDEOIL,CE,9500.0,CRUDEOIL15OCT269500CE,317.2,100,BUY_AGGRESSOR,1251000,565400
2026-09-24 14:43:57.411,CRUDEOILM,FUT,0.0,CRUDEOILM19OCT26FUT,9023.0,60,BUY_AGGRESSOR,516550,417930
2026-09-24 14:43:57.411,CRUDEOILM,CE,9600.0,CRUDEOILM15OCT269600CE,290.7,30,SELL_AGGRESSOR,61080,13420
2026-09-24 14:44:01.103,CRUDEOIL,FUT,0.0,CRUDEOIL19OCT26FUT,9025.0,200,BUY_AGGRESSOR,1836500,1290500
2026-09-24 14:44:01.103,CRUDEOIL,CE,9500.0,CRUDEOIL15OCT269500CE,316.2,200,SELL_AGGRESSOR,1251200,565300
2026-09-24 14:44:01.103,CRUDEOIL,CE,9800.0,CRUDEOIL15OCT269800CE,234.4,300,SELL_AGGRESSOR,264100,99900
2026-09-24 14:44:01.103,CRUDEOILM,FUT,0.0,CRUDEOILM19OCT26FUT,9023.0,120,BUY_AGGRESSOR,516670,417900
2026-09-24 14:44:01.103,CRUDEOILM,CE,9350.0,CRUDEOILM15OCT269350CE,372.7,20,SELL_AGGRESSOR,30920,17290
2026-09-24 14:44:01.103,CRUDEOILM,CE,9400.0,CRUDEOILM15OCT269400CE,353.1,30,SELL_AGGRESSOR,59020,35900
2026-09-24 14:44:01.103,CRUDEOILM,PE,9400.0,CRUDEOILM15OCT269400PE,730.15,10,BUY,1930,2110
2026-09-24 14:44:01.103,CRUDEOILM,CE,9500.0,CRUDEOILM15OCT269500CE,320.8,100,SELL_AGGRESSOR,152170,72760
2026-09-24 14:44:01.103,CRUDEOILM,CE,9900.0,CRUDEOILM15OCT269900CE,214.85,10,SELL,174160,29380
2026-09-24 14:44:04.609,CRUDEOIL,FUT,0.0,CRUDEOIL19OCT26FUT,9021.0,500,SELL_AGGRESSOR,1837000,1290400
2026-09-24 14:44:04.609,CRUDEOIL,CE,9400.0,CRUDEOIL15OCT269400CE,348.1,300,SELL_AGGRESSOR,345400,78800
2026-09-24 14:44:04.609,CRUDEOIL,CE,9500.0,CRUDEOIL15OCT269500CE,315.0,1200,SELL_AGGRESSOR,1252400,566300
2026-09-24 14:44:04.609,CRUDEOIL,PE,9500.0,CRUDEOIL15OCT269500PE,787.2,200,BUY_AGGRESSOR,76200,97900
2026-09-24 14:44:04.609,CRUDEOIL,CE,9700.0,CRUDEOIL15OCT269700CE,258.9,100,SELL_AGGRESSOR,383600,37500
2026-09-24 14:44:04.609,CRUDEOIL,CE,9750.0,CRUDEOIL15OCT269750CE,245.4,100,SELL_AGGRESSOR,51300,12900
2026-09-24 14:44:04.609,CRUDEOIL,CE,9800.0,CRUDEOIL15OCT269800CE,233.9,200,SELL_AGGRESSOR,264300,99800
2026-09-24 14:44:04.609,CRUDEOIL,CE,9900.0,CRUDEOIL15OCT269900CE,211.7,200,SELL_AGGRESSOR,200800,37000
2026-09-24 14:44:04.609,CRUDEOILM,FUT,0.0,CRUDEOILM19OCT26FUT,9018.0,270,SELL_AGGRESSOR,516940,417780
2026-09-24 14:44:04.609,CRUDEOILM,CE,9350.0,CRUDEOILM15OCT269350CE,372.05,40,SELL_AGGRESSOR,30960,17330
2026-09-24 14:44:04.609,CRUDEOILM,CE,9400.0,CRUDEOILM15OCT269400CE,352.1,110,SELL_AGGRESSOR,59130,35800
2026-09-24 14:44:04.609,CRUDEOILM,CE,9450.0,CRUDEOILM15OCT269450CE,336.7,10,SELL_AGGRESSOR,33250,14020
2026-09-24 14:44:04.609,CRUDEOILM,CE,9500.0,CRUDEOILM15OCT269500CE,318.9,70,SELL_AGGRESSOR,152240,72760
2026-09-24 14:44:04.609,CRUDEOILM,CE,9600.0,CRUDEOILM15OCT269600CE,290.0,80,SELL_AGGRESSOR,61160,13450
2026-09-24 14:44:04.609,CRUDEOILM,CE,9650.0,CRUDEOILM15OCT269650CE,274.3,20,SELL_AGGRESSOR,15650,2550
2026-09-24 14:44:04.609,CRUDEOILM,CE,9700.0,CRUDEOILM15OCT269700CE,263.2,20,SELL_AGGRESSOR,51030,9570
2026-09-24 14:44:04.609,CRUDEOILM,CE,9850.0,CRUDEOILM15OCT269850CE,225.0,20,SELL_AGGRESSOR,13710,3200
2026-09-24 14:44:04.609,CRUDEOILM,CE,9900.0,CRUDEOILM15OCT269900CE,214.85,100,SELL_AGGRESSOR,174260,29370
2026-09-24 14:44:08.307,CRUDEOIL,CE,9500.0,CRUDEOIL15OCT269500CE,316.2,500,BUY_AGGRESSOR,1252900,566800
2026-09-24 14:44:08.307,CRUDEOILM,FUT,0.0,CRUDEOILM19OCT26FUT,9019.0,20,BUY_AGGRESSOR,516960,417800
2026-09-24 14:44:08.307,CRUDEOILM,CE,9350.0,CRUDEOILM15OCT269350CE,373.1,10,BUY_AGGRESSOR,30970,17330
2026-09-24 14:44:08.307,CRUDEOILM,CE,9500.0,CRUDEOILM15OCT269500CE,320.65,10,BUY,152250,72760
2026-09-24 14:44:08.307,CRUDEOILM,CE,9700.0,CRUDEOILM15OCT269700CE,264.4,10,BUY_AGGRESSOR,51040,9570
2026-09-24 14:44:11.802,CRUDEOIL,CE,9500.0,CRUDEOIL15OCT269500CE,315.0,2100,SELL,1255000,564900
2026-09-24 14:44:11.802,CRUDEOIL,PE,9500.0,CRUDEOIL15OCT269500PE,789.2,100,BUY_AGGRESSOR,76300,97900
2026-09-24 14:44:11.802,CRUDEOILM,FUT,0.0,CRUDEOILM19OCT26FUT,9017.0,90,SELL_AGGRESSOR,517050,417730
2026-09-24 14:44:11.802,CRUDEOILM,CE,9500.0,CRUDEOILM15OCT269500CE,319.15,190,SELL_AGGRESSOR,152440,72680
2026-09-24 14:44:11.802,CRUDEOILM,PE,9500.0,CRUDEOILM15OCT269500PE,795.35,20,BUY_AGGRESSOR,5820,11390
2026-09-24 14:44:11.802,CRUDEOILM,CE,9750.0,CRUDEOILM15OCT269750CE,249.0,10,SELL_AGGRESSOR,11910,3270
2026-09-24 14:44:15.353,CRUDEOIL,FUT,0.0,CRUDEOIL19OCT26FUT,9021.0,100,BUY_AGGRESSOR,1837100,1290300
2026-09-24 14:44:15.353,CRUDEOIL,CE,9800.0,CRUDEOIL15OCT269800CE,233.1,100,SELL,264400,99800
2026-09-24 14:44:15.353,CRUDEOILM,FUT,0.0,CRUDEOILM19OCT26FUT,9015.0,120,SELL_AGGRESSOR,517170,417680
2026-09-24 14:44:18.973,CRUDEOIL,CE,9600.0,CRUDEOIL15OCT269600CE,283.8,600,SELL,225400,63300
2026-09-24 14:44:18.973,CRUDEOIL,CE,9850.0,CRUDEOIL15OCT269850CE,222.5,500,BUY_AGGRESSOR,39300,11800
2026-09-24 14:44:18.973,CRUDEOILM,FUT,0.0,CRUDEOILM19OCT26FUT,9016.0,60,SELL_AGGRESSOR,517230,417660
2026-09-24 14:44:22.505,CRUDEOIL,CE,9500.0,CRUDEOIL15OCT269500CE,315.0,100,BUY_AGGRESSOR,1255100,565000
2026-09-24 14:44:22.505,CRUDEOIL,CE,9850.0,CRUDEOIL15OCT269850CE,221.5,900,SELL,40200,11700
2026-09-24 14:44:22.505,CRUDEOILM,FUT,0.0,CRUDEOILM19OCT26FUT,9017.0,190,BUY_AGGRESSOR,517420,417760
2026-09-24 14:44:22.505,CRUDEOILM,CE,9400.0,CRUDEOILM15OCT269400CE,352.1,70,INSIDE,59200,35800
2026-09-24 14:44:22.505,CRUDEOILM,CE,9450.0,CRUDEOILM15OCT269450CE,336.6,100,SELL,33350,13950
2026-09-24 14:44:22.505,CRUDEOILM,CE,9500.0,CRUDEOILM15OCT269500CE,320.6,20,BUY_AGGRESSOR,152460,72670
2026-09-24 14:44:22.505,CRUDEOILM,CE,9600.0,CRUDEOILM15OCT269600CE,290.35,10,BUY,61170,13440
2026-09-24 14:44:22.505,CRUDEOILM,CE,9850.0,CRUDEOILM15OCT269850CE,225.0,10,BUY_AGGRESSOR,13720,3200
2026-09-24 14:44:26.134,CRUDEOIL,FUT,0.0,CRUDEOIL19OCT26FUT,9020.0,100,SELL,1837200,1290400
2026-09-24 14:44:26.134,CRUDEOIL,CE,9650.0,CRUDEOIL15OCT269650CE,270.0,300,SELL_AGGRESSOR,48200,12900
2026-09-24 14:44:26.134,CRUDEOILM,FUT,0.0,CRUDEOILM19OCT26FUT,9019.0,80,BUY,517500,417680
2026-09-24 14:44:26.134,CRUDEOILM,CE,9400.0,CRUDEOILM15OCT269400CE,352.15,10,SELL_AGGRESSOR,59210,35800
2026-09-24 14:44:26.134,CRUDEOILM,CE,9600.0,CRUDEOILM15OCT269600CE,289.6,10,SELL_AGGRESSOR,61180,13430
2026-09-24 14:44:26.134,CRUDEOILM,CE,9800.0,CRUDEOILM15OCT269800CE,236.75,20,SELL_AGGRESSOR,90880,33740
2026-09-24 14:44:29.728,CRUDEOIL,PE,9500.0,CRUDEOIL15OCT269500PE,788.7,100,SELL,76400,97900
2026-09-24 14:44:29.728,CRUDEOIL,CE,9600.0,CRUDEOIL15OCT269600CE,284.0,100,BUY,225500,63400
2026-09-24 14:44:29.728,CRUDEOILM,FUT,0.0,CRUDEOILM19OCT26FUT,9020.0,30,BUY_AGGRESSOR,517530,417680
2026-09-24 14:44:33.394,CRUDEOIL,FUT,0.0,CRUDEOIL19OCT26FUT,9020.0,100,SELL_AGGRESSOR,1837300,1290400
2026-09-24 14:44:33.394,CRUDEOIL,CE,9500.0,CRUDEOIL15OCT269500CE,315.0,200,INSIDE,1255300,565100
2026-09-24 14:44:33.394,CRUDEOILM,FUT,0.0,CRUDEOILM19OCT26FUT,9020.0,70,BUY_AGGRESSOR,517600,417630
2026-09-24 14:44:37.166,CRUDEOILM,FUT,0.0,CRUDEOILM19OCT26FUT,9021.0,90,BUY_AGGRESSOR,517690,417550
2026-09-24 14:44:37.166,CRUDEOILM,CE,9800.0,CRUDEOILM15OCT269800CE,237.2,10,BUY,90890,33740
2026-09-24 14:44:40.777,CRUDEOIL,CE,9750.0,CRUDEOIL15OCT269750CE,245.0,100,BUY_AGGRESSOR,51400,12900
2026-09-24 14:44:40.777,CRUDEOIL,CE,9800.0,CRUDEOIL15OCT269800CE,234.0,200,BUY_AGGRESSOR,264600,100000
2026-09-24 14:44:40.777,CRUDEOILM,FUT,0.0,CRUDEOILM19OCT26FUT,9018.0,130,SELL_AGGRESSOR,517820,417620
2026-09-24 14:44:40.777,CRUDEOILM,CE,9450.0,CRUDEOILM15OCT269450CE,336.55,10,SELL,33360,13950
2026-09-24 14:44:44.416,CRUDEOILM,FUT,0.0,CRUDEOILM19OCT26FUT,9022.0,90,BUY_AGGRESSOR,517910,417550
2026-09-24 14:44:44.416,CRUDEOILM,CE,9800.0,CRUDEOILM15OCT269800CE,237.4,210,BUY,91100,33670
2026-09-24 14:44:48.023,CRUDEOIL,FUT,0.0,CRUDEOIL19OCT26FUT,9021.0,100,SELL_AGGRESSOR,1837400,1290400
2026-09-24 14:44:48.023,CRUDEOIL,CE,9400.0,CRUDEOIL15OCT269400CE,346.8,100,SELL_AGGRESSOR,345500,78800
2026-09-24 14:44:48.023,CRUDEOIL,PE,9500.0,CRUDEOIL15OCT269500PE,788.4,100,BUY_AGGRESSOR,76500,98000
2026-09-24 14:44:48.023,CRUDEOIL,CE,9650.0,CRUDEOIL15OCT269650CE,270.0,100,SELL_AGGRESSOR,48300,12800
2026-09-24 14:44:48.023,CRUDEOIL,CE,9800.0,CRUDEOIL15OCT269800CE,233.6,500,SELL,265100,100200
2026-09-24 14:44:48.023,CRUDEOIL,CE,9900.0,CRUDEOIL15OCT269900CE,211.2,300,SELL_AGGRESSOR,201100,36800
2026-09-24 14:44:48.023,CRUDEOILM,FUT,0.0,CRUDEOILM19OCT26FUT,9021.0,50,SELL,517960,417480
2026-09-24 14:44:48.023,CRUDEOILM,CE,9500.0,CRUDEOILM15OCT269500CE,319.75,250,SELL_AGGRESSOR,152710,72720
2026-09-24 14:44:48.023,CRUDEOILM,CE,9600.0,CRUDEOILM15OCT269600CE,290.55,100,SELL_AGGRESSOR,61280,13330
2026-09-24 14:44:51.601,CRUDEOIL,FUT,0.0,CRUDEOIL19OCT26FUT,9022.0,500,BUY_AGGRESSOR,1837900,1289900
2026-09-24 14:44:51.601,CRUDEOIL,PE,9500.0,CRUDEOIL15OCT269500PE,788.4,600,INSIDE,77100,98000
2026-09-24 14:44:51.601,CRUDEOILM,FUT,0.0,CRUDEOILM19OCT26FUT,9018.0,60,SELL_AGGRESSOR,518020,417500
2026-09-24 14:44:51.601,CRUDEOILM,CE,9500.0,CRUDEOILM15OCT269500CE,319.5,50,SELL_AGGRESSOR,152760,72720
2026-09-24 14:44:55.148,CRUDEOIL,FUT,0.0,CRUDEOIL19OCT26FUT,9017.0,1000,SELL_AGGRESSOR,1838900,1289700
2026-09-24 14:44:55.148,CRUDEOIL,CE,9550.0,CRUDEOIL15OCT269550CE,298.1,200,SELL,70300,15800
2026-09-24 14:44:55.148,CRUDEOIL,CE,9700.0,CRUDEOIL15OCT269700CE,257.1,100,SELL,383700,37600
2026-09-24 14:44:55.148,CRUDEOILM,FUT,0.0,CRUDEOILM19OCT26FUT,9017.0,10,SELL_AGGRESSOR,518030,417510
2026-09-24 14:44:55.148,CRUDEOILM,CE,9450.0,CRUDEOILM15OCT269450CE,336.2,10,SELL,33370,13960
2026-09-24 14:44:58.729,CRUDEOIL,FUT,0.0,CRUDEOIL19OCT26FUT,9017.0,300,SELL_AGGRESSOR,1839200,1289700
2026-09-24 14:44:58.729,CRUDEOIL,CE,9550.0,CRUDEOIL15OCT269550CE,298.0,100,SELL,70400,15800
2026-09-24 14:44:58.729,CRUDEOIL,CE,9900.0,CRUDEOIL15OCT269900CE,210.1,100,SELL_AGGRESSOR,201200,36800
2026-09-24 14:44:58.729,CRUDEOILM,FUT,0.0,CRUDEOILM19OCT26FUT,9017.0,110,SELL_AGGRESSOR,518140,417510
2026-09-24 14:44:58.729,CRUDEOILM,CE,9500.0,CRUDEOILM15OCT269500CE,319.45,10,SELL,152770,72720
2026-09-24 14:45:02.260,CRUDEOIL,FUT,0.0,CRUDEOIL19OCT26FUT,9018.0,500,BUY,1839700,1289700
2026-09-24 14:45:02.260,CRUDEOIL,CE,9950.0,CRUDEOIL15OCT269950CE,199.4,400,SELL,32400,7100
2026-09-24 14:45:02.260,CRUDEOILM,FUT,0.0,CRUDEOILM19OCT26FUT,9017.0,640,BUY_AGGRESSOR,518780,418040
2026-09-24 14:45:02.260,CRUDEOILM,CE,9500.0,CRUDEOILM15OCT269500CE,320.2,160,BUY_AGGRESSOR,152930,72750
2026-09-24 14:45:05.988,CRUDEOIL,FUT,0.0,CRUDEOIL19OCT26FUT,9018.0,300,SELL_AGGRESSOR,1840000,1289700
2026-09-24 14:45:05.988,CRUDEOIL,CE,9450.0,CRUDEOIL15OCT269450CE,329.4,500,SELL,70800,23400
2026-09-24 14:45:05.988,CRUDEOIL,CE,9500.0,CRUDEOIL15OCT269500CE,313.2,600,SELL_AGGRESSOR,1255900,564600
2026-09-24 14:45:05.988,CRUDEOIL,CE,9550.0,CRUDEOIL15OCT269550CE,298.0,100,SELL_AGGRESSOR,70500,15800
2026-09-24 14:45:05.988,CRUDEOIL,CE,9600.0,CRUDEOIL15OCT269600CE,283.8,300,SELL_AGGRESSOR,225800,63400
2026-09-24 14:45:05.988,CRUDEOILM,FUT,0.0,CRUDEOILM19OCT26FUT,9017.0,140,BUY_AGGRESSOR,518920,417970
2026-09-24 14:45:09.526,CRUDEOIL,FUT,0.0,CRUDEOIL19OCT26FUT,9018.0,100,INSIDE,1840100,1289600
2026-09-24 14:45:09.526,CRUDEOIL,CE,9400.0,CRUDEOIL15OCT269400CE,346.2,100,SELL,345600,78800
2026-09-24 14:45:09.526,CRUDEOILM,FUT,0.0,CRUDEOILM19OCT26FUT,9017.0,30,BUY_AGGRESSOR,518950,417940
2026-09-24 14:45:09.526,CRUDEOILM,CE,9700.0,CRUDEOILM15OCT269700CE,262.9,10,SELL,51050,9580
2026-09-24 14:45:13.380,CRUDEOIL,FUT,0.0,CRUDEOIL19OCT26FUT,9017.0,100,SELL_AGGRESSOR,1840200,1289700
2026-09-24 14:45:13.380,CRUDEOILM,FUT,0.0,CRUDEOILM19OCT26FUT,9015.0,70,SELL_AGGRESSOR,519020,417920
2026-09-24 14:45:16.960,CRUDEOIL,FUT,0.0,CRUDEOIL19OCT26FUT,9016.0,100,SELL_AGGRESSOR,1840300,1289800
2026-09-24 14:45:16.960,CRUDEOILM,FUT,0.0,CRUDEOILM19OCT26FUT,9017.0,50,BUY_AGGRESSOR,519070,417880
2026-09-24 14:45:20.472,CRUDEOIL,FUT,0.0,CRUDEOIL19OCT26FUT,9018.0,100,BUY_AGGRESSOR,1840400,1289800
2026-09-24 14:45:20.472,CRUDEOIL,CE,9350.0,CRUDEOIL15OCT269350CE,363.6,100,BUY_AGGRESSOR,92500,23100
2026-09-24 14:45:20.472,CRUDEOIL,CE,9700.0,CRUDEOIL15OCT269700CE,257.4,100,BUY_AGGRESSOR,383800,37600
2026-09-24 14:45:20.472,CRUDEOILM,FUT,0.0,CRUDEOILM19OCT26FUT,9015.0,20,SELL_AGGRESSOR,519090,417860
2026-09-24 14:45:20.472,CRUDEOILM,CE,9500.0,CRUDEOILM15OCT269500CE,318.9,10,SELL_AGGRESSOR,152940,72750
2026-09-24 14:45:24.130,CRUDEOIL,FUT,0.0,CRUDEOIL19OCT26FUT,9016.0,900,SELL_AGGRESSOR,1841300,1289800
2026-09-24 14:45:24.130,CRUDEOIL,CE,9400.0,CRUDEOIL15OCT269400CE,346.0,100,SELL_AGGRESSOR,345700,78800
2026-09-24 14:45:24.130,CRUDEOIL,CE,9500.0,CRUDEOIL15OCT269500CE,312.4,200,SELL_AGGRESSOR,1256100,564700
2026-09-24 14:45:24.130,CRUDEOIL,CE,9700.0,CRUDEOIL15OCT269700CE,256.2,200,SELL_AGGRESSOR,384000,37700
2026-09-24 14:45:24.130,CRUDEOIL,CE,9800.0,CRUDEOIL15OCT269800CE,231.9,100,SELL_AGGRESSOR,265200,100100
2026-09-24 14:45:24.130,CRUDEOIL,CE,9900.0,CRUDEOIL15OCT269900CE,210.0,100,SELL_AGGRESSOR,201300,36800
2026-09-24 14:45:24.130,CRUDEOILM,FUT,0.0,CRUDEOILM19OCT26FUT,9013.0,250,SELL_AGGRESSOR,519340,417740
2026-09-24 14:45:24.130,CRUDEOILM,CE,9400.0,CRUDEOILM15OCT269400CE,350.0,150,SELL_AGGRESSOR,59360,35770
2026-09-24 14:45:24.130,CRUDEOILM,CE,9450.0,CRUDEOILM15OCT269450CE,334.35,40,SELL_AGGRESSOR,33410,13940
2026-09-24 14:45:24.130,CRUDEOILM,CE,9500.0,CRUDEOILM15OCT269500CE,317.7,180,SELL_AGGRESSOR,153120,72760
2026-09-24 14:45:24.130,CRUDEOILM,CE,9600.0,CRUDEOILM15OCT269600CE,288.2,110,SELL_AGGRESSOR,61390,13350
2026-09-24 14:45:24.130,CRUDEOILM,CE,9650.0,CRUDEOILM15OCT269650CE,273.45,10,SELL_AGGRESSOR,15660,2550
2026-09-24 14:45:24.130,CRUDEOILM,CE,9700.0,CRUDEOILM15OCT269700CE,261.35,10,SELL_AGGRESSOR,51060,9570
2026-09-24 14:45:24.130,CRUDEOILM,CE,9800.0,CRUDEOILM15OCT269800CE,235.0,30,SELL_AGGRESSOR,91130,33650
2026-09-24 14:45:24.130,CRUDEOILM,CE,9850.0,CRUDEOILM15OCT269850CE,223.6,20,SELL_AGGRESSOR,13740,3200
2026-09-24 14:45:24.130,CRUDEOILM,CE,9900.0,CRUDEOILM15OCT269900CE,212.45,20,SELL_AGGRESSOR,174280,29360
2026-09-24 14:45:27.638,CRUDEOIL,FUT,0.0,CRUDEOIL19OCT26FUT,9011.0,300,SELL_AGGRESSOR,1841600,1289800
2026-09-24 14:45:27.638,CRUDEOIL,CE,9350.0,CRUDEOIL15OCT269350CE,360.8,100,SELL_AGGRESSOR,92600,23000
2026-09-24 14:45:27.638,CRUDEOIL,CE,9500.0,CRUDEOIL15OCT269500CE,310.9,800,SELL_AGGRESSOR,1256900,564300
2026-09-24 14:45:27.638,CRUDEOIL,CE,9800.0,CRUDEOIL15OCT269800CE,231.9,500,BUY_AGGRESSOR,265700,100600
2026-09-24 14:45:27.638,CRUDEOILM,FUT,0.0,CRUDEOILM19OCT26FUT,9011.0,60,SELL_AGGRESSOR,519400,417740
2026-09-24 14:45:27.638,CRUDEOILM,CE,9400.0,CRUDEOILM15OCT269400CE,348.2,10,SELL_AGGRESSOR,59370,35770
2026-09-24 14:45:27.638,CRUDEOILM,CE,9500.0,CRUDEOILM15OCT269500CE,317.0,10,SELL_AGGRESSOR,153130,72930
2026-09-24 14:45:31.418,CRUDEOIL,FUT,0.0,CRUDEOIL19OCT26FUT,9014.0,700,BUY_AGGRESSOR,1842300,1289600
2026-09-24 14:45:31.418,CRUDEOIL,CE,9400.0,CRUDEOIL15OCT269400CE,344.6,300,SELL,346000,78900
2026-09-24 14:45:31.418,CRUDEOIL,CE,9600.0,CRUDEOIL15OCT269600CE,281.2,200,SELL_AGGRESSOR,226000,63400
2026-09-24 14:45:31.418,CRUDEOIL,CE,9700.0,CRUDEOIL15OCT269700CE,255.1,500,SELL_AGGRESSOR,384500,37500
2026-09-24 14:45:31.418,CRUDEOILM,FUT,0.0,CRUDEOILM19OCT26FUT,9013.0,210,BUY_AGGRESSOR,519610,417840
2026-09-24 14:45:31.418,CRUDEOILM,CE,9350.0,CRUDEOILM15OCT269350CE,367.8,20,SELL_AGGRESSOR,30990,17330
2026-09-24 14:45:31.418,CRUDEOILM,CE,9400.0,CRUDEOILM15OCT269400CE,349.45,10,BUY_AGGRESSOR,59380,35760
2026-09-24 14:45:31.418,CRUDEOILM,CE,9500.0,CRUDEOILM15OCT269500CE,317.5,110,BUY_AGGRESSOR,153240,72820
2026-09-24 14:45:31.418,CRUDEOILM,CE,9550.0,CRUDEOILM15OCT269550CE,302.25,10,BUY_AGGRESSOR,22030,3740
2026-09-24 14:45:31.418,CRUDEOILM,CE,9600.0,CRUDEOILM15OCT269600CE,288.35,30,BUY_AGGRESSOR,61420,13360
2026-09-24 14:45:31.418,CRUDEOILM,CE,9650.0,CRUDEOILM15OCT269650CE,272.0,10,SELL_AGGRESSOR,15670,2560
2026-09-24 14:45:31.418,CRUDEOILM,CE,9900.0,CRUDEOILM15OCT269900CE,212.05,10,BUY_AGGRESSOR,174290,29350
2026-09-24 14:45:34.860,CRUDEOIL,FUT,0.0,CRUDEOIL19OCT26FUT,9016.0,500,BUY,1842800,1289400
2026-09-24 14:45:34.860,CRUDEOIL,CE,9500.0,CRUDEOIL15OCT269500CE,313.2,1000,BUY,1257900,565300
2026-09-24 14:45:34.860,CRUDEOIL,CE,9650.0,CRUDEOIL15OCT269650CE,269.1,100,SELL,48400,12900
2026-09-24 14:45:34.860,CRUDEOILM,FUT,0.0,CRUDEOILM19OCT26FUT,9015.0,20,BUY_AGGRESSOR,519630,417840
2026-09-24 14:45:34.860,CRUDEOILM,CE,9500.0,CRUDEOILM15OCT269500CE,317.2,50,SELL_AGGRESSOR,153290,72780
2026-09-24 14:45:34.860,CRUDEOILM,CE,9600.0,CRUDEOILM15OCT269600CE,288.6,20,BUY,61440,13380
2026-09-24 14:45:34.860,CRUDEOILM,CE,9750.0,CRUDEOILM15OCT269750CE,247.05,10,SELL,11920,3260
2026-09-24 14:45:34.860,CRUDEOILM,CE,9900.0,CRUDEOILM15OCT269900CE,211.8,10,SELL,174300,29350
2026-09-24 14:45:38.522,CRUDEOIL,FUT,0.0,CRUDEOIL19OCT26FUT,9016.0,800,INSIDE,1843600,1289200
2026-09-24 14:45:38.522,CRUDEOIL,CE,9500.0,CRUDEOIL15OCT269500CE,313.1,200,BUY_AGGRESSOR,1258100,565500
2026-09-24 14:45:38.522,CRUDEOILM,FUT,0.0,CRUDEOILM19OCT26FUT,9013.0,10,SELL_AGGRESSOR,519640,417840
2026-09-24 14:45:42.048,CRUDEOIL,CE,9500.0,CRUDEOIL15OCT269500CE,313.3,400,BUY_AGGRESSOR,1258500,565500
2026-09-24 14:45:42.048,CRUDEOIL,CE,9600.0,CRUDEOIL15OCT269600CE,282.4,100,BUY,226100,63300
2026-09-24 14:45:42.048,CRUDEOILM,FUT,0.0,CRUDEOILM19OCT26FUT,9016.0,20,BUY_AGGRESSOR,519660,417850
2026-09-24 14:45:45.724,CRUDEOIL,FUT,0.0,CRUDEOIL19OCT26FUT,9019.0,1100,BUY_AGGRESSOR,1844700,1288200
2026-09-24 14:45:45.724,CRUDEOIL,CE,9500.0,CRUDEOIL15OCT269500CE,313.0,100,SELL,1258600,565800
2026-09-24 14:45:45.724,CRUDEOILM,FUT,0.0,CRUDEOILM19OCT26FUT,9014.0,30,SELL_AGGRESSOR,519690,417860
2026-09-24 14:45:49.419,CRUDEOIL,FUT,0.0,CRUDEOIL19OCT26FUT,9020.0,500,BUY_AGGRESSOR,1845200,1288400
2026-09-24 14:45:49.419,CRUDEOIL,CE,9900.0,CRUDEOIL15OCT269900CE,209.3,600,SELL_AGGRESSOR,201900,36600
2026-09-24 14:45:49.419,CRUDEOILM,CE,9750.0,CRUDEOILM15OCT269750CE,247.7,60,SELL_AGGRESSOR,11980,3260
2026-09-24 14:45:52.987,CRUDEOIL,FUT,0.0,CRUDEOIL19OCT26FUT,9015.0,100,SELL_AGGRESSOR,1845300,1288500
2026-09-24 14:45:52.987,CRUDEOIL,CE,9400.0,CRUDEOIL15OCT269400CE,344.9,100,SELL_AGGRESSOR,346100,78900
2026-09-24 14:45:52.987,CRUDEOIL,CE,9500.0,CRUDEOIL15OCT269500CE,313.3,200,SELL_AGGRESSOR,1258800,565800
2026-09-24 14:45:52.987,CRUDEOIL,CE,9650.0,CRUDEOIL15OCT269650CE,269.4,100,BUY,48500,12900
2026-09-24 14:45:52.987,CRUDEOIL,CE,9700.0,CRUDEOIL15OCT269700CE,256.2,100,SELL_AGGRESSOR,384600,37400
2026-09-24 14:45:52.987,CRUDEOIL,CE,9800.0,CRUDEOIL15OCT269800CE,231.9,100,SELL_AGGRESSOR,265800,100600
2026-09-24 14:45:52.987,CRUDEOIL,CE,9900.0,CRUDEOIL15OCT269900CE,209.1,100,SELL_AGGRESSOR,202000,36600
2026-09-24 14:45:52.987,CRUDEOILM,FUT,0.0,CRUDEOILM19OCT26FUT,9016.0,220,BUY_AGGRESSOR,519910,417800
2026-09-24 14:45:52.987,CRUDEOILM,CE,9550.0,CRUDEOILM15OCT269550CE,303.85,10,BUY,22040,3750
2026-09-24 14:45:52.987,CRUDEOILM,CE,9850.0,CRUDEOILM15OCT269850CE,223.3,40,SELL_AGGRESSOR,13780,3210
2026-09-24 14:45:52.987,CRUDEOILM,CE,9900.0,CRUDEOILM15OCT269900CE,212.6,10,SELL_AGGRESSOR,174310,29340
2026-09-24 14:45:56.629,CRUDEOIL,FUT,0.0,CRUDEOIL19OCT26FUT,9018.0,100,BUY_AGGRESSOR,1845400,1288500
2026-09-24 14:45:56.629,CRUDEOIL,CE,9500.0,CRUDEOIL15OCT269500CE,313.3,100,BUY_AGGRESSOR,1258900,565800
2026-09-24 14:45:56.629,CRUDEOIL,CE,9700.0,CRUDEOIL15OCT269700CE,255.1,200,SELL_AGGRESSOR,384800,37400
2026-09-24 14:45:56.629,CRUDEOIL,CE,9800.0,CRUDEOIL15OCT269800CE,231.6,100,SELL_AGGRESSOR,265900,100600
2026-09-24 14:45:56.629,CRUDEOIL,CE,9900.0,CRUDEOIL15OCT269900CE,208.1,100,SELL_AGGRESSOR,202100,36700
2026-09-24 14:45:56.629,CRUDEOILM,FUT,0.0,CRUDEOILM19OCT26FUT,9011.0,150,SELL_AGGRESSOR,520060,417780
2026-09-24 14:45:56.629,CRUDEOILM,CE,9600.0,CRUDEOILM15OCT269600CE,288.0,40,SELL_AGGRESSOR,61480,13420
2026-09-24 14:45:56.629,CRUDEOILM,CE,9650.0,CRUDEOILM15OCT269650CE,272.0,10,SELL_AGGRESSOR,15680,2570
2026-09-24 14:46:00.252,CRUDEOIL,FUT,0.0,CRUDEOIL19OCT26FUT,9014.0,200,SELL_AGGRESSOR,1845600,1288300
2026-09-24 14:46:00.252,CRUDEOIL,CE,9700.0,CRUDEOIL15OCT269700CE,255.6,100,BUY_AGGRESSOR,384900,37400
2026-09-24 14:46:00.252,CRUDEOILM,FUT,0.0,CRUDEOILM19OCT26FUT,9011.0,110,INSIDE,520170,417740
2026-09-24 14:46:03.897,CRUDEOILM,FUT,0.0,CRUDEOILM19OCT26FUT,9011.0,110,INSIDE,520280,417710
2026-09-24 14:46:03.897,CRUDEOILM,CE,9700.0,CRUDEOILM15OCT269700CE,259.75,10,SELL,51070,9570
2026-09-24 14:46:07.508,CRUDEOIL,CE,9350.0,CRUDEOIL15OCT269350CE,360.6,100,SELL,92700,22900
2026-09-24 14:46:07.508,CRUDEOILM,FUT,0.0,CRUDEOILM19OCT26FUT,9010.0,80,SELL_AGGRESSOR,520360,417740
2026-09-24 14:46:07.508,CRUDEOILM,CE,9400.0,CRUDEOILM15OCT269400CE,348.5,20,SELL_AGGRESSOR,59400,35740
2026-09-24 14:46:11.120,CRUDEOIL,CE,9800.0,CRUDEOIL15OCT269800CE,231.7,300,BUY_AGGRESSOR,266200,100700
2026-09-24 14:46:11.120,CRUDEOIL,CE,9900.0,CRUDEOIL15OCT269900CE,208.2,100,SELL_AGGRESSOR,202200,36700
2026-09-24 14:46:11.120,CRUDEOILM,FUT,0.0,CRUDEOILM19OCT26FUT,9009.0,420,SELL_AGGRESSOR,520780,417680
2026-09-24 14:46:11.120,CRUDEOILM,CE,9500.0,CRUDEOILM15OCT269500CE,317.85,50,BUY_AGGRESSOR,153340,72810
2026-09-24 14:46:11.120,CRUDEOILM,CE,9800.0,CRUDEOILM15OCT269800CE,234.3,10,SELL_AGGRESSOR,91140,33650
2026-09-24 14:46:14.714,CRUDEOILM,FUT,0.0,CRUDEOILM19OCT26FUT,9010.0,140,BUY_AGGRESSOR,520920,417720
2026-09-24 14:46:14.714,CRUDEOILM,CE,9900.0,CRUDEOILM15OCT269900CE,211.65,300,SELL,174610,29310
2026-09-24 14:46:18.402,CRUDEOIL,FUT,0.0,CRUDEOIL19OCT26FUT,9020.0,800,BUY_AGGRESSOR,1846400,1288200
2026-09-24 14:46:18.402,CRUDEOIL,CE,9500.0,CRUDEOIL15OCT269500CE,315.0,200,BUY_AGGRESSOR,1259100,565700
2026-09-24 14:46:18.402,CRUDEOIL,CE,9550.0,CRUDEOIL15OCT269550CE,298.5,100,BUY_AGGRESSOR,70600,15800
2026-09-24 14:46:18.402,CRUDEOIL,CE,9650.0,CRUDEOIL15OCT269650CE,269.4,100,BUY_AGGRESSOR,48600,12900
2026-09-24 14:46:18.402,CRUDEOIL,CE,9700.0,CRUDEOIL15OCT269700CE,257.4,100,BUY_AGGRESSOR,385000,37500
2026-09-24 14:46:18.402,CRUDEOIL,CE,9800.0,CRUDEOIL15OCT269800CE,233.0,200,BUY_AGGRESSOR,266400,100700
2026-09-24 14:46:18.402,CRUDEOIL,CE,9850.0,CRUDEOIL15OCT269850CE,222.0,100,BUY_AGGRESSOR,40300,11700
2026-09-24 14:46:18.402,CRUDEOIL,CE,9900.0,CRUDEOIL15OCT269900CE,210.6,500,BUY_AGGRESSOR,202700,36700
2026-09-24 14:46:18.402,CRUDEOILM,FUT,0.0,CRUDEOILM19OCT26FUT,9020.0,250,BUY_AGGRESSOR,521170,417840
2026-09-24 14:46:18.402,CRUDEOILM,CE,9350.0,CRUDEOILM15OCT269350CE,371.6,20,BUY_AGGRESSOR,31010,17340
2026-09-24 14:46:18.402,CRUDEOILM,PE,9350.0,CRUDEOILM15OCT269350PE,699.95,10,SELL_AGGRESSOR,2660,2740
2026-09-24 14:46:18.402,CRUDEOILM,CE,9400.0,CRUDEOILM15OCT269400CE,352.25,40,BUY_AGGRESSOR,59440,35740
2026-09-24 14:46:18.402,CRUDEOILM,CE,9450.0,CRUDEOILM15OCT269450CE,335.65,10,BUY_AGGRESSOR,33420,13920
2026-09-24 14:46:18.402,CRUDEOILM,CE,9500.0,CRUDEOILM15OCT269500CE,319.95,80,BUY_AGGRESSOR,153420,72760
2026-09-24 14:46:18.402,CRUDEOILM,PE,9500.0,CRUDEOILM15OCT269500PE,794.65,10,SELL_AGGRESSOR,5830,11390
2026-09-24 14:46:18.402,CRUDEOILM,CE,9550.0,CRUDEOILM15OCT269550CE,304.65,30,BUY_AGGRESSOR,22070,3780
2026-09-24 14:46:18.402,CRUDEOILM,CE,9600.0,CRUDEOILM15OCT269600CE,290.05,20,BUY_AGGRESSOR,61500,13410
2026-09-24 14:46:18.402,CRUDEOILM,CE,9650.0,CRUDEOILM15OCT269650CE,274.4,10,BUY_AGGRESSOR,15690,2570
2026-09-24 14:46:18.402,CRUDEOILM,CE,9800.0,CRUDEOILM15OCT269800CE,236.15,10,BUY_AGGRESSOR,91150,33650
2026-09-24 14:46:22.134,CRUDEOIL,CE,9500.0,CRUDEOIL15OCT269500CE,315.8,200,BUY_AGGRESSOR,1259300,565900
2026-09-24 14:46:22.134,CRUDEOIL,CE,9750.0,CRUDEOIL15OCT269750CE,246.9,100,BUY,51500,12900
2026-09-24 14:46:22.134,CRUDEOILM,FUT,0.0,CRUDEOILM19OCT26FUT,9023.0,180,BUY_AGGRESSOR,521350,417770
2026-09-24 14:46:22.134,CRUDEOILM,CE,9700.0,CRUDEOILM15OCT269700CE,264.6,150,BUY_AGGRESSOR,51220,9660
2026-09-24 14:46:22.134,CRUDEOILM,CE,9850.0,CRUDEOILM15OCT269850CE,226.0,10,BUY_AGGRESSOR,13790,3200
2026-09-24 14:46:25.943,CRUDEOIL,FUT,0.0,CRUDEOIL19OCT26FUT,9023.0,100,BUY_AGGRESSOR,1846500,1288200
2026-09-24 14:46:25.943,CRUDEOIL,CE,9600.0,CRUDEOIL15OCT269600CE,287.1,100,BUY_AGGRESSOR,226200,63300
2026-09-24 14:46:25.943,CRUDEOIL,CE,9800.0,CRUDEOIL15OCT269800CE,235.0,100,BUY_AGGRESSOR,266500,100600
2026-09-24 14:46:25.943,CRUDEOILM,CE,9550.0,CRUDEOILM15OCT269550CE,307.5,30,BUY_AGGRESSOR,22100,3800
2026-09-24 14:46:29.588,CRUDEOIL,FUT,0.0,CRUDEOIL19OCT26FUT,9028.0,700,BUY_AGGRESSOR,1847200,1288400
2026-09-24 14:46:29.588,CRUDEOIL,CE,9500.0,CRUDEOIL15OCT269500CE,317.6,300,BUY_AGGRESSOR,1259600,566200
2026-09-24 14:46:29.588,CRUDEOILM,FUT,0.0,CRUDEOILM19OCT26FUT,9023.0,80,INSIDE,521430,417650
2026-09-24 14:46:29.588,CRUDEOILM,CE,9400.0,CRUDEOILM15OCT269400CE,355.85,200,BUY_AGGRESSOR,59640,35790
2026-09-24 14:46:29.588,CRUDEOILM,CE,9500.0,CRUDEOILM15OCT269500CE,323.35,30,BUY_AGGRESSOR,153450,72790
2026-09-24 14:46:33.238,CRUDEOIL,FUT,0.0,CRUDEOIL19OCT26FUT,9028.0,300,BUY_AGGRESSOR,1847500,1288300
2026-09-24 14:46:33.238,CRUDEOIL,CE,9500.0,CRUDEOIL15OCT269500CE,317.5,100,BUY_AGGRESSOR,1259700,566300
2026-09-24 14:46:33.238,CRUDEOILM,FUT,0.0,CRUDEOILM19OCT26FUT,9022.0,260,SELL_AGGRESSOR,521690,417790
2026-09-24 14:46:33.238,CRUDEOILM,CE,9550.0,CRUDEOILM15OCT269550CE,308.75,20,BUY_AGGRESSOR,22120,3800
2026-09-24 14:46:33.238,CRUDEOILM,CE,9650.0,CRUDEOILM15OCT269650CE,277.15,10,BUY,15700,2560
2026-09-24 14:46:36.936,CRUDEOILM,FUT,0.0,CRUDEOILM19OCT26FUT,9023.0,50,SELL_AGGRESSOR,521740,417800
2026-09-24 14:46:36.936,CRUDEOILM,CE,9750.0,CRUDEOILM15OCT269750CE,253.05,10,BUY_AGGRESSOR,11990,3260
2026-09-24 14:46:40.511,CRUDEOIL,FUT,0.0,CRUDEOIL19OCT26FUT,9028.0,200,BUY_AGGRESSOR,1847700,1288500
2026-09-24 14:46:40.511,CRUDEOIL,CE,9400.0,CRUDEOIL15OCT269400CE,351.1,100,BUY_AGGRESSOR,346200,78900
2026-09-24 14:46:40.511,CRUDEOIL,CE,9600.0,CRUDEOIL15OCT269600CE,288.1,100,BUY_AGGRESSOR,226300,63300
2026-09-24 14:46:40.511,CRUDEOIL,CE,9700.0,CRUDEOIL15OCT269700CE,260.6,100,BUY,385100,37500
2026-09-24 14:46:40.511,CRUDEOILM,FUT,0.0,CRUDEOILM19OCT26FUT,9026.0,80,BUY,521820,417870
2026-09-24 14:46:40.511,CRUDEOILM,CE,9500.0,CRUDEOILM15OCT269500CE,324.7,20,BUY_AGGRESSOR,153470,72790
2026-09-24 14:46:44.123,CRUDEOIL,FUT,0.0,CRUDEOIL19OCT26FUT,9031.0,500,BUY_AGGRESSOR,1848200,1288900
2026-09-24 14:46:44.123,CRUDEOIL,CE,9500.0,CRUDEOIL15OCT269500CE,317.9,700,BUY,1260400,566500
2026-09-24 14:46:44.123,CRUDEOILM,FUT,0.0,CRUDEOILM19OCT26FUT,9028.0,40,BUY_AGGRESSOR,521860,417900
2026-09-24 14:46:44.123,CRUDEOILM,CE,9350.0,CRUDEOILM15OCT269350CE,377.0,10,BUY,31020,17340
2026-09-24 14:46:44.123,CRUDEOILM,CE,9600.0,CRUDEOILM15OCT269600CE,295.05,10,BUY_AGGRESSOR,61510,13420
2026-09-24 14:46:47.736,CRUDEOIL,CE,9500.0,CRUDEOIL15OCT269500CE,318.4,100,BUY_AGGRESSOR,1260500,566800
2026-09-24 14:46:47.736,CRUDEOILM,FUT,0.0,CRUDEOILM19OCT26FUT,9030.0,340,BUY_AGGRESSOR,522200,417840
2026-09-24 14:46:47.736,CRUDEOILM,CE,9500.0,CRUDEOILM15OCT269500CE,324.4,10,BUY_AGGRESSOR,153480,72800
2026-09-24 14:46:51.309,CRUDEOIL,FUT,0.0,CRUDEOIL19OCT26FUT,9031.0,200,BUY_AGGRESSOR,1848400,1288900
2026-09-24 14:46:51.309,CRUDEOIL,CE,9400.0,CRUDEOIL15OCT269400CE,351.7,100,BUY_AGGRESSOR,346300,78800
2026-09-24 14:46:51.309,CRUDEOIL,CE,9450.0,CRUDEOIL15OCT269450CE,335.4,500,BUY_AGGRESSOR,71300,23700
2026-09-24 14:46:51.309,CRUDEOIL,CE,9500.0,CRUDEOIL15OCT269500CE,318.4,100,INSIDE,1260600,566900
2026-09-24 14:46:51.309,CRUDEOILM,FUT,0.0,CRUDEOILM19OCT26FUT,9028.0,30,SELL_AGGRESSOR,522230,417800
2026-09-24 14:46:51.309,CRUDEOILM,CE,9500.0,CRUDEOILM15OCT269500CE,323.3,10,SELL_AGGRESSOR,153490,72790
2026-09-24 14:46:51.309,CRUDEOILM,CE,9600.0,CRUDEOILM15OCT269600CE,295.2,100,BUY_AGGRESSOR,61610,13520
2026-09-24 14:46:54.903,CRUDEOIL,FUT,0.0,CRUDEOIL19OCT26FUT,9026.0,300,SELL_AGGRESSOR,1848700,1288700
2026-09-24 14:46:54.903,CRUDEOIL,CE,9400.0,CRUDEOIL15OCT269400CE,351.3,200,BUY_AGGRESSOR,346500,78800
2026-09-24 14:46:54.903,CRUDEOIL,CE,9500.0,CRUDEOIL15OCT269500CE,317.6,1200,SELL,1261800,567700
2026-09-24 14:46:54.903,CRUDEOIL,CE,9700.0,CRUDEOIL15OCT269700CE,260.3,300,SELL_AGGRESSOR,385400,37500
2026-09-24 14:46:54.903,CRUDEOIL,CE,9800.0,CRUDEOIL15OCT269800CE,236.1,100,BUY,266600,100500
2026-09-24 14:46:54.903,CRUDEOILM,FUT,0.0,CRUDEOILM19OCT26FUT,9024.0,120,SELL_AGGRESSOR,522350,417760
2026-09-24 14:46:54.903,CRUDEOILM,CE,9400.0,CRUDEOILM15OCT269400CE,355.75,10,SELL_AGGRESSOR,59650,35790
2026-09-24 14:46:54.903,CRUDEOILM,CE,9500.0,CRUDEOILM15OCT269500CE,323.05,20,SELL_AGGRESSOR,153510,72810
2026-09-24 14:46:54.903,CRUDEOILM,CE,9700.0,CRUDEOILM15OCT269700CE,266.6,10,BUY,51230,9670
2026-09-24 14:46:54.903,CRUDEOILM,CE,9750.0,CRUDEOILM15OCT269750CE,251.2,50,SELL_AGGRESSOR,12040,3220
2026-09-24 14:46:54.903,CRUDEOILM,CE,9800.0,CRUDEOILM15OCT269800CE,239.85,10,SELL_AGGRESSOR,91160,33640
2026-09-24 14:46:54.903,CRUDEOILM,CE,9850.0,CRUDEOILM15OCT269850CE,227.75,10,SELL_AGGRESSOR,13800,3200
2026-09-24 14:46:54.903,CRUDEOILM,CE,9900.0,CRUDEOILM15OCT269900CE,216.4,20,SELL_AGGRESSOR,174630,29300
2026-09-24 14:46:58.496,CRUDEOIL,FUT,0.0,CRUDEOIL19OCT26FUT,9026.0,100,INSIDE,1848800,1288700
2026-09-24 14:46:58.496,CRUDEOIL,CE,9500.0,CRUDEOIL15OCT269500CE,318.5,500,BUY_AGGRESSOR,1262300,568200
2026-09-24 14:46:58.496,CRUDEOIL,CE,9700.0,CRUDEOIL15OCT269700CE,260.6,400,SELL_AGGRESSOR,385800,37900
2026-09-24 14:46:58.496,CRUDEOILM,FUT,0.0,CRUDEOILM19OCT26FUT,9025.0,130,BUY_AGGRESSOR,522480,417680
2026-09-24 14:47:02.150,CRUDEOIL,FUT,0.0,CRUDEOIL19OCT26FUT,9032.0,400,BUY_AGGRESSOR,1849200,1289100
2026-09-24 14:47:02.150,CRUDEOIL,CE,9350.0,CRUDEOIL15OCT269350CE,369.1,100,BUY_AGGRESSOR,92800,22900
2026-09-24 14:47:02.150,CRUDEOIL,CE,9400.0,CRUDEOIL15OCT269400CE,351.7,100,BUY_AGGRESSOR,346600,78900
2026-09-24 14:47:02.150,CRUDEOIL,CE,9500.0,CRUDEOIL15OCT269500CE,320.0,1000,BUY_AGGRESSOR,1263300,568200
2026-09-24 14:47:02.150,CRUDEOIL,CE,9600.0,CRUDEOIL15OCT269600CE,290.0,100,BUY_AGGRESSOR,226400,63400
2026-09-24 14:47:02.150,CRUDEOIL,PE,9600.0,CRUDEOIL15OCT269600PE,852.6,100,SELL_AGGRESSOR,1000,9300
2026-09-24 14:47:02.150,CRUDEOIL,CE,9700.0,CRUDEOIL15OCT269700CE,262.4,300,BUY_AGGRESSOR,386100,37900
2026-09-24 14:47:02.150,CRUDEOILM,FUT,0.0,CRUDEOILM19OCT26FUT,9033.0,20,BUY_AGGRESSOR,522500,417670
2026-09-24 14:47:02.150,CRUDEOILM,CE,9500.0,CRUDEOILM15OCT269500CE,325.95,30,BUY_AGGRESSOR,153540,72780
2026-09-24 14:47:02.150,CRUDEOILM,CE,9550.0,CRUDEOILM15OCT269550CE,309.15,10,BUY_AGGRESSOR,22130,3800
2026-09-24 14:47:02.150,CRUDEOILM,CE,9600.0,CRUDEOILM15OCT269600CE,295.15,30,BUY_AGGRESSOR,61640,13510
2026-09-24 14:47:02.150,CRUDEOILM,CE,9700.0,CRUDEOILM15OCT269700CE,269.2,60,BUY_AGGRESSOR,51290,9690
2026-09-24 14:47:02.150,CRUDEOILM,CE,9900.0,CRUDEOILM15OCT269900CE,217.05,10,BUY_AGGRESSOR,174640,29300
2026-09-24 14:47:05.719,CRUDEOIL,CE,9500.0,CRUDEOIL15OCT269500CE,318.8,200,SELL_AGGRESSOR,1263500,568200
2026-09-24 14:47:05.719,CRUDEOIL,CE,9700.0,CRUDEOIL15OCT269700CE,261.9,100,SELL_AGGRESSOR,386200,37900
2026-09-24 14:47:05.719,CRUDEOIL,CE,9900.0,CRUDEOIL15OCT269900CE,214.2,100,SELL_AGGRESSOR,202800,36700
2026-09-24 14:47:05.719,CRUDEOILM,FUT,0.0,CRUDEOILM19OCT26FUT,9028.0,980,SELL_AGGRESSOR,523480,417210
2026-09-24 14:47:05.719,CRUDEOILM,CE,9500.0,CRUDEOILM15OCT269500CE,325.0,10,SELL,153550,72780
2026-09-24 14:47:05.719,CRUDEOILM,CE,9650.0,CRUDEOILM15OCT269650CE,279.25,20,SELL_AGGRESSOR,15720,2560
2026-09-24 14:47:05.719,CRUDEOILM,CE,9700.0,CRUDEOILM15OCT269700CE,266.75,20,SELL_AGGRESSOR,51310,9670
2026-09-24 14:47:05.719,CRUDEOILM,CE,9800.0,CRUDEOILM15OCT269800CE,240.5,20,SELL_AGGRESSOR,91180,33620
2026-09-24 14:47:05.719,CRUDEOILM,CE,9850.0,CRUDEOILM15OCT269850CE,228.3,20,SELL_AGGRESSOR,13820,3210
2026-09-24 14:47:05.719,CRUDEOILM,CE,9900.0,CRUDEOILM15OCT269900CE,217.2,20,SELL_AGGRESSOR,174660,29280
2026-09-24 14:47:09.341,CRUDEOIL,CE,9500.0,CRUDEOIL15OCT269500CE,320.0,2000,BUY_AGGRESSOR,1265500,569700
2026-09-24 14:47:09.341,CRUDEOILM,FUT,0.0,CRUDEOILM19OCT26FUT,9030.0,10,BUY,523490,417210
2026-09-24 14:47:09.341,CRUDEOILM,CE,9750.0,CRUDEOILM15OCT269750CE,253.05,50,BUY,12090,3270
2026-09-24 14:47:12.929,CRUDEOIL,CE,9350.0,CRUDEOIL15OCT269350CE,367.8,100,SELL_AGGRESSOR,92900,22900
2026-09-24 14:47:12.929,CRUDEOIL,CE,9500.0,CRUDEOIL15OCT269500CE,318.0,600,SELL_AGGRESSOR,1266100,570300
2026-09-24 14:47:12.929,CRUDEOIL,CE,9700.0,CRUDEOIL15OCT269700CE,261.9,200,SELL_AGGRESSOR,386400,38000
2026-09-24 14:47:12.929,CRUDEOILM,FUT,0.0,CRUDEOILM19OCT26FUT,9028.0,390,SELL_AGGRESSOR,523880,417260
2026-09-24 14:47:12.929,CRUDEOILM,CE,9400.0,CRUDEOILM15OCT269400CE,355.7,10,SELL_AGGRESSOR,59660,35790
2026-09-24 14:47:12.929,CRUDEOILM,CE,9500.0,CRUDEOILM15OCT269500CE,323.0,100,SELL_AGGRESSOR,153650,72830
2026-09-24 14:47:12.929,CRUDEOILM,CE,9600.0,CRUDEOILM15OCT269600CE,293.65,40,SELL_AGGRESSOR,61680,13540
2026-09-24 14:47:12.929,CRUDEOILM,CE,9650.0,CRUDEOILM15OCT269650CE,277.95,20,SELL_AGGRESSOR,15740,2560
2026-09-24 14:47:12.929,CRUDEOILM,CE,9700.0,CRUDEOILM15OCT269700CE,266.0,10,SELL_AGGRESSOR,51320,9660
2026-09-24 14:47:12.929,CRUDEOILM,CE,9750.0,CRUDEOILM15OCT269750CE,250.8,70,SELL_AGGRESSOR,12160,3210
2026-09-24 14:47:16.662,CRUDEOIL,FUT,0.0,CRUDEOIL19OCT26FUT,9025.0,100,SELL_AGGRESSOR,1849300,1289200
2026-09-24 14:47:16.662,CRUDEOIL,CE,9400.0,CRUDEOIL15OCT269400CE,351.5,300,BUY_AGGRESSOR,346900,79200
2026-09-24 14:47:16.662,CRUDEOIL,CE,9700.0,CRUDEOIL15OCT269700CE,261.6,100,SELL,386500,37900
2026-09-24 14:47:16.662,CRUDEOIL,CE,9900.0,CRUDEOIL15OCT269900CE,214.5,100,BUY_AGGRESSOR,202900,36700
2026-09-24 14:47:16.662,CRUDEOILM,FUT,0.0,CRUDEOILM19OCT26FUT,9029.0,20,BUY_AGGRESSOR,523900,417270
2026-09-24 14:47:16.662,CRUDEOILM,CE,9600.0,CRUDEOILM15OCT269600CE,294.05,40,BUY_AGGRESSOR,61720,13500
2026-09-24 14:47:16.662,CRUDEOILM,CE,9700.0,CRUDEOILM15OCT269700CE,266.2,10,BUY_AGGRESSOR,51330,9670
2026-09-24 14:47:16.662,CRUDEOILM,CE,9900.0,CRUDEOILM15OCT269900CE,216.1,10,SELL_AGGRESSOR,174670,29270
2026-09-24 14:47:20.188,CRUDEOIL,FUT,0.0,CRUDEOIL19OCT26FUT,9025.0,100,SELL_AGGRESSOR,1849400,1289200
2026-09-24 14:47:20.188,CRUDEOIL,CE,9500.0,CRUDEOIL15OCT269500CE,317.9,100,SELL,1266200,570400
2026-09-24 14:47:20.188,CRUDEOIL,CE,9800.0,CRUDEOIL15OCT269800CE,236.1,100,SELL_AGGRESSOR,266700,100500
2026-09-24 14:47:20.188,CRUDEOILM,FUT,0.0,CRUDEOILM19OCT26FUT,9023.0,80,SELL_AGGRESSOR,523980,417250
2026-09-24 14:47:20.188,CRUDEOILM,CE,9400.0,CRUDEOILM15OCT269400CE,355.75,30,SELL_AGGRESSOR,59690,35790
2026-09-24 14:47:20.188,CRUDEOILM,CE,9500.0,CRUDEOILM15OCT269500CE,322.6,10,SELL_AGGRESSOR,153660,72830
2026-09-24 14:47:20.188,CRUDEOILM,CE,9650.0,CRUDEOILM15OCT269650CE,276.7,10,SELL_AGGRESSOR,15750,2560
2026-09-24 14:47:20.188,CRUDEOILM,CE,9850.0,CRUDEOILM15OCT269850CE,227.05,10,SELL_AGGRESSOR,13830,3210
2026-09-24 14:47:23.851,CRUDEOIL,CE,9400.0,CRUDEOIL15OCT269400CE,350.1,100,SELL,347000,79300
2026-09-24 14:47:23.851,CRUDEOIL,CE,9500.0,CRUDEOIL15OCT269500CE,317.7,300,SELL,1266500,570100
2026-09-24 14:47:23.851,CRUDEOIL,CE,9700.0,CRUDEOIL15OCT269700CE,261.5,400,BUY_AGGRESSOR,386900,38100
2026-09-24 14:47:23.851,CRUDEOIL,CE,9800.0,CRUDEOIL15OCT269800CE,236.0,200,BUY_AGGRESSOR,266900,100500
2026-09-24 14:47:23.851,CRUDEOILM,FUT,0.0,CRUDEOILM19OCT26FUT,9024.0,40,BUY,524020,417220
2026-09-24 14:47:23.851,CRUDEOILM,CE,9500.0,CRUDEOILM15OCT269500CE,322.35,20,BUY_AGGRESSOR,153680,72810
2026-09-24 14:47:23.851,CRUDEOILM,CE,9700.0,CRUDEOILM15OCT269700CE,265.15,30,BUY_AGGRESSOR,51360,9670
2026-09-24 14:47:23.851,CRUDEOILM,CE,9800.0,CRUDEOILM15OCT269800CE,239.8,20,BUY_AGGRESSOR,91200,33620
2026-09-24 14:47:27.462,CRUDEOIL,FUT,0.0,CRUDEOIL19OCT26FUT,9025.0,100,SELL_AGGRESSOR,1849500,1289200
2026-09-24 14:47:27.462,CRUDEOILM,FUT,0.0,CRUDEOILM19OCT26FUT,9020.0,40,SELL_AGGRESSOR,524060,417260
2026-09-24 14:47:31.209,CRUDEOIL,FUT,0.0,CRUDEOIL19OCT26FUT,9024.0,100,BUY_AGGRESSOR,1849600,1289100
2026-09-24 14:47:31.209,CRUDEOIL,CE,9400.0,CRUDEOIL15OCT269400CE,350.3,100,BUY,347100,79300
2026-09-24 14:47:31.209,CRUDEOILM,FUT,0.0,CRUDEOILM19OCT26FUT,9020.0,10,SELL_AGGRESSOR,524070,417270
2026-09-24 14:47:31.209,CRUDEOILM,CE,9350.0,CRUDEOILM15OCT269350CE,373.8,120,SELL,31140,17400
2026-09-24 14:47:31.209,CRUDEOILM,CE,9600.0,CRUDEOILM15OCT269600CE,292.4,40,SELL,61760,13480
2026-09-24 14:47:31.209,CRUDEOILM,CE,9750.0,CRUDEOILM15OCT269750CE,250.0,10,SELL_AGGRESSOR,12170,3200
2026-09-24 14:47:34.912,CRUDEOIL,CE,9350.0,CRUDEOIL15OCT269350CE,368.0,100,BUY,93000,23000
2026-09-24 14:47:34.912,CRUDEOIL,CE,9600.0,CRUDEOIL15OCT269600CE,288.2,100,BUY_AGGRESSOR,226500,63400
2026-09-24 14:47:34.912,CRUDEOILM,FUT,0.0,CRUDEOILM19OCT26FUT,9025.0,30,BUY_AGGRESSOR,524100,417280
2026-09-24 14:47:34.912,CRUDEOILM,CE,9800.0,CRUDEOILM15OCT269800CE,239.1,10,SELL,91210,33620
2026-09-24 14:47:38.710,CRUDEOIL,FUT,0.0,CRUDEOIL19OCT26FUT,9023.0,100,SELL_AGGRESSOR,1849700,1289100
2026-09-24 14:47:38.710,CRUDEOIL,CE,9500.0,CRUDEOIL15OCT269500CE,316.3,600,SELL_AGGRESSOR,1267100,569500
2026-09-24 14:47:38.710,CRUDEOIL,CE,9700.0,CRUDEOIL15OCT269700CE,260.7,200,SELL,387100,38100
2026-09-24 14:47:38.710,CRUDEOIL,CE,9750.0,CRUDEOIL15OCT269750CE,247.0,100,SELL_AGGRESSOR,51600,12900
2026-09-24 14:47:38.710,CRUDEOIL,CE,9800.0,CRUDEOIL15OCT269800CE,235.0,100,SELL_AGGRESSOR,267000,100400
2026-09-24 14:47:38.710,CRUDEOILM,CE,9500.0,CRUDEOILM15OCT269500CE,321.35,10,SELL_AGGRESSOR,153690,72820
2026-09-24 14:47:38.710,CRUDEOILM,CE,9650.0,CRUDEOILM15OCT269650CE,275.6,10,SELL_AGGRESSOR,15760,2560
2026-09-24 14:47:38.710,CRUDEOILM,CE,9800.0,CRUDEOILM15OCT269800CE,239.45,10,BUY_AGGRESSOR,91220,33620
2026-09-24 14:47:38.710,CRUDEOILM,CE,9900.0,CRUDEOILM15OCT269900CE,215.45,20,SELL_AGGRESSOR,174690,29250
2026-09-24 14:47:42.385,CRUDEOIL,FUT,0.0,CRUDEOIL19OCT26FUT,9021.0,1100,SELL_AGGRESSOR,1850800,1288800
2026-09-24 14:47:42.385,CRUDEOIL,CE,9350.0,CRUDEOIL15OCT269350CE,367.4,200,BUY_AGGRESSOR,93200,23100
2026-09-24 14:47:42.385,CRUDEOILM,FUT,0.0,CRUDEOILM19OCT26FUT,9024.0,20,BUY_AGGRESSOR,524120,417280
2026-09-24 14:47:42.385,CRUDEOILM,CE,9600.0,CRUDEOILM15OCT269600CE,292.3,10,BUY_AGGRESSOR,61770,13490
2026-09-24 14:47:42.385,CRUDEOILM,CE,9850.0,CRUDEOILM15OCT269850CE,226.75,20,BUY_AGGRESSOR,13850,3220
2026-09-24 14:47:46.049,CRUDEOILM,FUT,0.0,CRUDEOILM19OCT26FUT,9020.0,30,SELL_AGGRESSOR,524150,417280
2026-09-24 14:47:49.725,CRUDEOIL,FUT,0.0,CRUDEOIL19OCT26FUT,9021.0,100,SELL_AGGRESSOR,1850900,1288900
2026-09-24 14:47:49.725,CRUDEOIL,CE,9500.0,CRUDEOIL15OCT269500CE,316.0,100,SELL_AGGRESSOR,1267200,569500
2026-09-24 14:47:49.725,CRUDEOIL,CE,9800.0,CRUDEOIL15OCT269800CE,236.3,200,BUY_AGGRESSOR,267200,100500
2026-09-24 14:47:49.725,CRUDEOIL,CE,9900.0,CRUDEOIL15OCT269900CE,213.4,300,BUY_AGGRESSOR,203200,36800
2026-09-24 14:47:49.725,CRUDEOILM,FUT,0.0,CRUDEOILM19OCT26FUT,9020.0,10,SELL_AGGRESSOR,524160,417280
2026-09-24 14:47:53.364,CRUDEOIL,FUT,0.0,CRUDEOIL19OCT26FUT,9020.0,2400,SELL_AGGRESSOR,1853300,1288600
2026-09-24 14:47:53.364,CRUDEOIL,CE,9850.0,CRUDEOIL15OCT269850CE,223.1,100,SELL_AGGRESSOR,40400,11700
2026-09-24 14:47:53.364,CRUDEOIL,CE,9900.0,CRUDEOIL15OCT269900CE,212.4,100,SELL_AGGRESSOR,203300,36700
2026-09-24 14:47:53.364,CRUDEOILM,FUT,0.0,CRUDEOILM19OCT26FUT,9023.0,10,BUY,524170,417280
2026-09-24 14:47:53.364,CRUDEOILM,CE,9400.0,CRUDEOILM15OCT269400CE,354.7,30,SELL,59720,35790
2026-09-24 14:47:53.364,CRUDEOILM,CE,9800.0,CRUDEOILM15OCT269800CE,238.35,10,SELL_AGGRESSOR,91230,33620
2026-09-24 14:47:57.124,CRUDEOIL,FUT,0.0,CRUDEOIL19OCT26FUT,9023.0,100,BUY,1853400,1287900
2026-09-24 14:47:57.124,CRUDEOILM,CE,9600.0,CRUDEOILM15OCT269600CE,291.35,10,SELL,61780,13480
2026-09-24 14:48:00.797,CRUDEOIL,CE,9650.0,CRUDEOIL15OCT269650CE,273.5,100,BUY_AGGRESSOR,48700,12900
2026-09-24 14:48:00.797,CRUDEOILM,FUT,0.0,CRUDEOILM19OCT26FUT,9023.0,10,BUY_AGGRESSOR,524180,417290
2026-09-24 14:48:00.797,CRUDEOILM,CE,9500.0,CRUDEOILM15OCT269500CE,322.65,10,BUY_AGGRESSOR,153700,72820
2026-09-24 14:48:00.797,CRUDEOILM,CE,9950.0,CRUDEOILM15OCT269950CE,206.65,10,BUY_AGGRESSOR,6680,3100
2026-09-24 14:48:04.520,CRUDEOIL,FUT,0.0,CRUDEOIL19OCT26FUT,9025.0,200,BUY_AGGRESSOR,1853600,1288100
2026-09-24 14:48:04.520,CRUDEOIL,CE,9800.0,CRUDEOIL15OCT269800CE,236.1,100,BUY_AGGRESSOR,267300,100600
2026-09-24 14:48:04.520,CRUDEOILM,FUT,0.0,CRUDEOILM19OCT26FUT,9025.0,70,BUY_AGGRESSOR,524250,417310
2026-09-24 14:48:04.520,CRUDEOILM,CE,9700.0,CRUDEOILM15OCT269700CE,265.4,30,BUY_AGGRESSOR,51390,9690
2026-09-24 14:48:08.200,CRUDEOIL,FUT,0.0,CRUDEOIL19OCT26FUT,9027.0,300,BUY_AGGRESSOR,1853900,1288100
2026-09-24 14:48:08.200,CRUDEOIL,CE,9400.0,CRUDEOIL15OCT269400CE,350.3,100,INSIDE,347200,79300
2026-09-24 14:48:08.200,CRUDEOIL,CE,9500.0,CRUDEOIL15OCT269500CE,317.0,100,BUY,1267300,569500
2026-09-24 14:48:08.200,CRUDEOILM,FUT,0.0,CRUDEOILM19OCT26FUT,9025.0,10,SELL_AGGRESSOR,524260,417320
2026-09-24 14:48:11.920,CRUDEOIL,FUT,0.0,CRUDEOIL19OCT26FUT,9027.0,100,BUY_AGGRESSOR,1854000,1288200
2026-09-24 14:48:11.920,CRUDEOIL,CE,9500.0,CRUDEOIL15OCT269500CE,317.5,100,BUY,1267400,569600
2026-09-24 14:48:11.920,CRUDEOIL,CE,9700.0,CRUDEOIL15OCT269700CE,260.9,100,BUY,387200,38200
2026-09-24 14:48:11.920,CRUDEOILM,FUT,0.0,CRUDEOILM19OCT26FUT,9026.0,50,SELL_AGGRESSOR,524310,417320
2026-09-24 14:48:15.600,CRUDEOILM,FUT,0.0,CRUDEOILM19OCT26FUT,9025.0,10,SELL,524320,417330
2026-09-24 14:48:19.104,CRUDEOIL,FUT,0.0,CRUDEOIL19OCT26FUT,9027.0,100,BUY_AGGRESSOR,1854100,1288300
2026-09-24 14:48:19.104,CRUDEOILM,FUT,0.0,CRUDEOILM19OCT26FUT,9025.0,40,SELL_AGGRESSOR,524360,417330
2026-09-24 14:48:19.104,CRUDEOILM,CE,9600.0,CRUDEOILM15OCT269600CE,293.6,10,BUY,61790,13490
2026-09-24 14:48:22.776,CRUDEOIL,FUT,0.0,CRUDEOIL19OCT26FUT,9024.0,100,SELL_AGGRESSOR,1854200,1288300
2026-09-24 14:48:22.776,CRUDEOILM,FUT,0.0,CRUDEOILM19OCT26FUT,9025.0,110,BUY_AGGRESSOR,524470,417230
2026-09-24 14:48:22.776,CRUDEOILM,CE,9450.0,CRUDEOILM15OCT269450CE,338.2,100,BUY,33520,13930
2026-09-24 14:48:26.615,CRUDEOILM,FUT,0.0,CRUDEOILM19OCT26FUT,9025.0,50,BUY_AGGRESSOR,524520,417230
2026-09-24 14:48:30.173,CRUDEOIL,FUT,0.0,CRUDEOIL19OCT26FUT,9023.0,500,SELL_AGGRESSOR,1854700,1288300
2026-09-24 14:48:30.173,CRUDEOIL,CE,9500.0,CRUDEOIL15OCT269500CE,315.5,500,SELL_AGGRESSOR,1267900,570100
2026-09-24 14:48:30.173,CRUDEOIL,CE,9900.0,CRUDEOIL15OCT269900CE,212.6,100,SELL_AGGRESSOR,203400,36700
2026-09-24 14:48:30.173,CRUDEOILM,CE,9500.0,CRUDEOILM15OCT269500CE,320.6,70,SELL_AGGRESSOR,153770,72790
2026-09-24 14:48:30.173,CRUDEOILM,CE,9550.0,CRUDEOILM15OCT269550CE,305.0,10,SELL_AGGRESSOR,22140,3800
2026-09-24 14:48:30.173,CRUDEOILM,CE,9600.0,CRUDEOILM15OCT269600CE,292.1,80,BUY_AGGRESSOR,61870,13570
2026-09-24 14:48:33.819,CRUDEOIL,FUT,0.0,CRUDEOIL19OCT26FUT,9020.0,300,SELL_AGGRESSOR,1855000,1288300
2026-09-24 14:48:33.819,CRUDEOIL,CE,9400.0,CRUDEOIL15OCT269400CE,347.3,100,SELL_AGGRESSOR,347300,79300
2026-09-24 14:48:33.819,CRUDEOIL,CE,9500.0,CRUDEOIL15OCT269500CE,315.0,1100,SELL_AGGRESSOR,1269000,571100
2026-09-24 14:48:33.819,CRUDEOIL,CE,9800.0,CRUDEOIL15OCT269800CE,234.1,200,SELL,267500,100600
2026-09-24 14:48:33.819,CRUDEOILM,FUT,0.0,CRUDEOILM19OCT26FUT,9020.0,80,SELL_AGGRESSOR,524600,417230
2026-09-24 14:48:33.819,CRUDEOILM,CE,9750.0,CRUDEOILM15OCT269750CE,248.4,10,SELL_AGGRESSOR,12180,3200
2026-09-24 14:48:37.416,CRUDEOIL,CE,9700.0,CRUDEOIL15OCT269700CE,257.9,300,SELL,387500,38300
2026-09-24 14:48:37.416,CRUDEOIL,CE,9800.0,CRUDEOIL15OCT269800CE,234.0,100,SELL,267600,100500
2026-09-24 14:48:37.416,CRUDEOIL,CE,9850.0,CRUDEOIL15OCT269850CE,222.0,200,SELL_AGGRESSOR,40600,11900
2026-09-24 14:48:37.416,CRUDEOIL,CE,9900.0,CRUDEOIL15OCT269900CE,212.0,100,BUY_AGGRESSOR,203500,36800
2026-09-24 14:48:37.416,CRUDEOILM,FUT,0.0,CRUDEOILM19OCT26FUT,9018.0,930,SELL_AGGRESSOR,525530,416520
2026-09-24 14:48:37.416,CRUDEOILM,CE,9400.0,CRUDEOILM15OCT269400CE,352.65,30,BUY_AGGRESSOR,59750,35790
2026-09-24 14:48:37.416,CRUDEOILM,CE,9450.0,CRUDEOILM15OCT269450CE,337.7,200,BUY_AGGRESSOR,33720,14040
2026-09-24 14:48:37.416,CRUDEOILM,CE,9500.0,CRUDEOILM15OCT269500CE,319.15,30,SELL,153800,72810
2026-09-24 14:48:37.416,CRUDEOILM,CE,9550.0,CRUDEOILM15OCT269550CE,304.7,40,SELL,22180,3760
2026-09-24 14:48:37.416,CRUDEOILM,CE,9600.0,CRUDEOILM15OCT269600CE,292.1,200,BUY_AGGRESSOR,62070,13550
2026-09-24 14:48:37.416,CRUDEOILM,CE,9650.0,CRUDEOILM15OCT269650CE,274.55,60,SELL,15820,2550
2026-09-24 14:48:37.416,CRUDEOILM,CE,9750.0,CRUDEOILM15OCT269750CE,248.75,180,BUY_AGGRESSOR,12360,3230
2026-09-24 14:48:37.416,CRUDEOILM,CE,9850.0,CRUDEOILM15OCT269850CE,226.3,30,BUY_AGGRESSOR,13880,3250
2026-09-24 14:48:37.416,CRUDEOILM,CE,9900.0,CRUDEOILM15OCT269900CE,214.2,90,SELL,174780,29250
2026-09-24 14:49:42.085,CRUDEOIL,FUT,0.0,CRUDEOIL19OCT26FUT,9019.0,1500,SELL_AGGRESSOR,1856500,1288200
2026-09-24 14:49:42.085,CRUDEOIL,CE,9350.0,CRUDEOIL15OCT269350CE,365.3,100,SELL,93300,23100
2026-09-24 14:49:42.085,CRUDEOIL,CE,9400.0,CRUDEOIL15OCT269400CE,347.7,200,BUY,347500,79300
2026-09-24 14:49:42.085,CRUDEOIL,CE,9500.0,CRUDEOIL15OCT269500CE,314.5,2500,SELL,1271500,571700
2026-09-24 14:49:42.085,CRUDEOIL,PE,9500.0,CRUDEOIL15OCT269500PE,786.7,1200,SELL_AGGRESSOR,78300,98400
2026-09-24 14:49:42.085,CRUDEOIL,CE,9600.0,CRUDEOIL15OCT269600CE,284.4,400,SELL,226900,63400
2026-09-24 14:49:42.085,CRUDEOILM,FUT,0.0,CRUDEOILM19OCT26FUT,9019.0,70,BUY_AGGRESSOR,525600,416470
2026-09-24 14:49:42.085,CRUDEOILM,CE,9700.0,CRUDEOILM15OCT269700CE,261.7,10,SELL,51400,9680
2026-09-24 14:49:45.692,CRUDEOIL,FUT,0.0,CRUDEOIL19OCT26FUT,9019.0,100,INSIDE,1856600,1288300
2026-09-24 14:49:45.692,CRUDEOIL,CE,9650.0,CRUDEOIL15OCT269650CE,271.6,400,BUY_AGGRESSOR,49100,13000
2026-09-24 14:49:49.359,CRUDEOIL,FUT,0.0,CRUDEOIL19OCT26FUT,9018.0,200,SELL_AGGRESSOR,1856800,1288300
2026-09-24 14:49:49.359,CRUDEOIL,CE,9500.0,CRUDEOIL15OCT269500CE,314.5,100,SELL_AGGRESSOR,1271600,571700
2026-09-24 14:49:49.359,CRUDEOIL,CE,9700.0,CRUDEOIL15OCT269700CE,257.4,100,SELL_AGGRESSOR,387600,38300
2026-09-24 14:49:49.359,CRUDEOIL,CE,9800.0,CRUDEOIL15OCT269800CE,233.1,100,SELL_AGGRESSOR,267700,100400
2026-09-24 14:49:49.359,CRUDEOILM,FUT,0.0,CRUDEOILM19OCT26FUT,9019.0,130,SELL_AGGRESSOR,525730,416450
2026-09-24 14:49:49.359,CRUDEOILM,CE,9500.0,CRUDEOILM15OCT269500CE,318.95,30,SELL,153830,72820
2026-09-24 14:49:49.359,CRUDEOILM,CE,9800.0,CRUDEOILM15OCT269800CE,236.55,30,SELL,91260,33590
2026-09-24 14:49:49.359,CRUDEOILM,CE,9900.0,CRUDEOILM15OCT269900CE,213.55,10,SELL_AGGRESSOR,174790,29240
2026-09-24 14:49:52.969,CRUDEOIL,FUT,0.0,CRUDEOIL19OCT26FUT,9021.0,200,BUY_AGGRESSOR,1857000,1288300
2026-09-24 14:49:52.969,CRUDEOIL,CE,9400.0,CRUDEOIL15OCT269400CE,347.6,100,BUY_AGGRESSOR,347600,79300
2026-09-24 14:49:52.969,CRUDEOILM,CE,9700.0,CRUDEOILM15OCT269700CE,261.7,10,SELL_AGGRESSOR,51410,9680
2026-09-24 14:49:52.969,CRUDEOILM,CE,9900.0,CRUDEOILM15OCT269900CE,213.45,10,SELL_AGGRESSOR,174800,29230
2026-09-24 14:49:56.657,CRUDEOIL,CE,9600.0,CRUDEOIL15OCT269600CE,284.4,300,INSIDE,227200,63400
2026-09-24 14:49:56.657,CRUDEOIL,CE,9900.0,CRUDEOIL15OCT269900CE,211.6,100,BUY_AGGRESSOR,203600,36800
2026-09-24 14:50:00.277,CRUDEOIL,FUT,0.0,CRUDEOIL19OCT26FUT,9020.0,200,BUY_AGGRESSOR,1857200,1288300
2026-09-24 14:50:03.876,CRUDEOIL,CE,9400.0,CRUDEOIL15OCT269400CE,347.4,100,SELL,347700,79300
2026-09-24 14:50:03.876,CRUDEOIL,CE,9750.0,CRUDEOIL15OCT269750CE,245.0,100,SELL,51700,12900
2026-09-24 14:50:03.876,CRUDEOILM,FUT,0.0,CRUDEOILM19OCT26FUT,9020.0,40,SELL_AGGRESSOR,525770,416430
2026-09-24 14:50:03.876,CRUDEOILM,CE,9400.0,CRUDEOILM15OCT269400CE,353.05,10,BUY,59760,35790
2026-09-24 14:50:07.499,CRUDEOIL,FUT,0.0,CRUDEOIL19OCT26FUT,9021.0,100,SELL_AGGRESSOR,1857300,1288300
2026-09-24 14:50:07.499,CRUDEOILM,FUT,0.0,CRUDEOILM19OCT26FUT,9025.0,150,BUY_AGGRESSOR,525920,416460
2026-09-24 14:50:07.499,CRUDEOILM,CE,9700.0,CRUDEOILM15OCT269700CE,262.25,40,SELL_AGGRESSOR,51450,9680
2026-09-24 14:50:11.088,CRUDEOIL,CE,9500.0,CRUDEOIL15OCT269500CE,315.2,100,BUY_AGGRESSOR,1271700,571800
2026-09-24 14:50:11.088,CRUDEOILM,FUT,0.0,CRUDEOILM19OCT26FUT,9021.0,30,SELL,525950,416460
2026-09-24 14:50:14.835,CRUDEOILM,FUT,0.0,CRUDEOILM19OCT26FUT,9020.0,10,SELL_AGGRESSOR,525960,416460
2026-09-24 14:50:14.835,CRUDEOILM,CE,9900.0,CRUDEOILM15OCT269900CE,214.0,10,BUY,174810,29230
2026-09-24 14:50:22.583,CRUDEOIL,FUT,0.0,CRUDEOIL19OCT26FUT,9021.0,100,BUY_AGGRESSOR,1857400,1288300
2026-09-24 14:50:22.583,CRUDEOIL,CE,9350.0,CRUDEOIL15OCT269350CE,363.4,100,SELL,93400,23100
2026-09-24 14:50:22.583,CRUDEOIL,CE,9500.0,CRUDEOIL15OCT269500CE,313.1,200,SELL_AGGRESSOR,1271900,571800
2026-09-24 14:50:22.583,CRUDEOILM,FUT,0.0,CRUDEOILM19OCT26FUT,9020.0,40,SELL_AGGRESSOR,526000,416450
2026-09-24 14:50:22.583,CRUDEOILM,CE,9500.0,CRUDEOILM15OCT269500CE,319.4,260,BUY,154090,72870
2026-09-24 14:50:22.583,CRUDEOILM,CE,9900.0,CRUDEOILM15OCT269900CE,214.15,10,BUY,174820,29230
2026-09-24 14:50:26.264,CRUDEOIL,CE,9500.0,CRUDEOIL15OCT269500CE,314.3,500,BUY_AGGRESSOR,1272400,571400
2026-09-24 14:50:26.264,CRUDEOILM,FUT,0.0,CRUDEOILM19OCT26FUT,9021.0,10,BUY_AGGRESSOR,526010,416440
2026-09-24 14:50:29.858,CRUDEOIL,FUT,0.0,CRUDEOIL19OCT26FUT,9020.0,100,SELL,1857500,1288300
2026-09-24 14:50:29.858,CRUDEOIL,CE,9400.0,CRUDEOIL15OCT269400CE,346.0,100,SELL_AGGRESSOR,347800,79300
2026-09-24 14:50:29.858,CRUDEOIL,CE,9900.0,CRUDEOIL15OCT269900CE,210.6,100,SELL_AGGRESSOR,203700,36900
2026-09-24 14:50:29.858,CRUDEOILM,FUT,0.0,CRUDEOILM19OCT26FUT,9018.0,30,SELL_AGGRESSOR,526040,416430
2026-09-24 14:50:29.858,CRUDEOILM,CE,9800.0,CRUDEOILM15OCT269800CE,236.0,50,SELL_AGGRESSOR,91310,33590
2026-09-24 14:50:33.559,CRUDEOIL,FUT,0.0,CRUDEOIL19OCT26FUT,9017.0,1000,SELL_AGGRESSOR,1858500,1288500
2026-09-24 14:50:33.559,CRUDEOIL,CE,9500.0,CRUDEOIL15OCT269500CE,313.0,100,SELL_AGGRESSOR,1272500,571500
2026-09-24 14:50:33.559,CRUDEOILM,FUT,0.0,CRUDEOILM19OCT26FUT,9019.0,30,BUY_AGGRESSOR,526070,416420
2026-09-24 14:50:33.559,CRUDEOILM,CE,9800.0,CRUDEOILM15OCT269800CE,235.3,10,SELL_AGGRESSOR,91320,33590
2026-09-24 14:50:37.190,CRUDEOIL,CE,9600.0,CRUDEOIL15OCT269600CE,284.0,300,SELL,227500,63400
2026-09-24 14:50:37.190,CRUDEOILM,CE,9850.0,CRUDEOILM15OCT269850CE,224.4,10,SELL,13890,3240
2026-09-24 14:50:40.769,CRUDEOIL,CE,9500.0,CRUDEOIL15OCT269500CE,312.4,100,SELL_AGGRESSOR,1272600,571400
2026-09-24 14:50:40.769,CRUDEOILM,FUT,0.0,CRUDEOILM19OCT26FUT,9018.0,20,SELL_AGGRESSOR,526090,416410
2026-09-24 14:50:40.769,CRUDEOILM,CE,9350.0,CRUDEOILM15OCT269350CE,370.45,20,SELL_AGGRESSOR,31160,17400
2026-09-24 14:50:40.769,CRUDEOILM,CE,9800.0,CRUDEOILM15OCT269800CE,236.5,100,BUY,91420,33590
2026-09-24 14:50:44.374,CRUDEOIL,CE,9350.0,CRUDEOIL15OCT269350CE,362.2,300,SELL_AGGRESSOR,93700,23100
2026-09-24 14:50:44.374,CRUDEOILM,FUT,0.0,CRUDEOILM19OCT26FUT,9019.0,30,BUY_AGGRESSOR,526120,416400
2026-09-24 14:50:47.971,CRUDEOIL,FUT,0.0,CRUDEOIL19OCT26FUT,9017.0,200,SELL_AGGRESSOR,1858700,1288600
2026-09-24 14:50:47.971,CRUDEOILM,FUT,0.0,CRUDEOILM19OCT26FUT,9017.0,10,SELL_AGGRESSOR,526130,416410
2026-09-24 14:50:51.574,CRUDEOIL,FUT,0.0,CRUDEOIL19OCT26FUT,9015.0,500,SELL_AGGRESSOR,1859200,1288700
2026-09-24 14:50:51.574,CRUDEOIL,CE,9900.0,CRUDEOIL15OCT269900CE,210.0,1800,SELL_AGGRESSOR,205500,36800
2026-09-24 14:50:51.574,CRUDEOILM,FUT,0.0,CRUDEOILM19OCT26FUT,9017.0,40,SELL_AGGRESSOR,526170,416370
2026-09-24 14:50:51.574,CRUDEOILM,CE,9500.0,CRUDEOILM15OCT269500CE,318.5,40,BUY_AGGRESSOR,154130,72850
2026-09-24 14:50:51.574,CRUDEOILM,PE,9500.0,CRUDEOILM15OCT269500PE,797.0,40,BUY_AGGRESSOR,5870,11380
2026-09-24 14:50:55.134,CRUDEOIL,FUT,0.0,CRUDEOIL19OCT26FUT,9017.0,200,BUY_AGGRESSOR,1859400,1288900
2026-09-24 14:50:55.134,CRUDEOIL,CE,9500.0,CRUDEOIL15OCT269500CE,313.0,100,BUY,1272700,571300
2026-09-24 14:50:55.134,CRUDEOILM,FUT,0.0,CRUDEOILM19OCT26FUT,9017.0,10,SELL_AGGRESSOR,526180,416370
2026-09-24 14:50:55.134,CRUDEOILM,CE,9600.0,CRUDEOILM15OCT269600CE,289.0,50,BUY_AGGRESSOR,62120,13550
2026-09-24 14:50:55.134,CRUDEOILM,PE,9600.0,CRUDEOILM15OCT269600PE,872.9,10,BUY_AGGRESSOR,980,1990
2026-09-24 14:50:58.743,CRUDEOIL,CE,9550.0,CRUDEOIL15OCT269550CE,297.6,100,SELL,70700,15800
2026-09-24 14:50:58.743,CRUDEOILM,FUT,0.0,CRUDEOILM19OCT26FUT,9015.0,150,SELL_AGGRESSOR,526330,416340
2026-09-24 14:51:02.360,CRUDEOILM,FUT,0.0,CRUDEOILM19OCT26FUT,9015.0,90,SELL_AGGRESSOR,526420,416340
2026-09-24 14:51:05.964,CRUDEOIL,CE,9850.0,CRUDEOIL15OCT269850CE,219.9,200,SELL_AGGRESSOR,40800,11900
2026-09-24 14:51:05.964,CRUDEOILM,FUT,0.0,CRUDEOILM19OCT26FUT,9016.0,30,SELL_AGGRESSOR,526450,416330
2026-09-24 14:51:09.506,CRUDEOIL,FUT,0.0,CRUDEOIL19OCT26FUT,9018.0,100,BUY_AGGRESSOR,1859500,1288900
2026-09-24 14:51:09.506,CRUDEOIL,CE,9550.0,CRUDEOIL15OCT269550CE,296.1,100,SELL_AGGRESSOR,70800,15800
2026-09-24 14:51:09.506,CRUDEOIL,CE,9800.0,CRUDEOIL15OCT269800CE,231.1,400,SELL_AGGRESSOR,268100,100200
2026-09-24 14:51:09.506,CRUDEOILM,FUT,0.0,CRUDEOILM19OCT26FUT,9019.0,90,BUY_AGGRESSOR,526540,416290
2026-09-24 14:51:13.218,CRUDEOILM,FUT,0.0,CRUDEOILM19OCT26FUT,9016.0,90,SELL_AGGRESSOR,526630,416220
2026-09-24 14:51:13.218,CRUDEOILM,CE,9500.0,CRUDEOILM15OCT269500CE,317.1,200,SELL_AGGRESSOR,154330,72850
2026-09-24 14:51:13.218,CRUDEOILM,CE,9850.0,CRUDEOILM15OCT269850CE,223.0,30,SELL_AGGRESSOR,13920,3220
2026-09-24 14:51:16.819,CRUDEOIL,FUT,0.0,CRUDEOIL19OCT26FUT,9017.0,600,SELL_AGGRESSOR,1860100,1289400
2026-09-24 14:51:16.819,CRUDEOIL,CE,9500.0,CRUDEOIL15OCT269500CE,312.0,300,SELL_AGGRESSOR,1273000,571600
2026-09-24 14:51:16.819,CRUDEOIL,CE,9800.0,CRUDEOIL15OCT269800CE,231.0,200,SELL_AGGRESSOR,268300,100200
2026-09-24 14:51:16.819,CRUDEOILM,FUT,0.0,CRUDEOILM19OCT26FUT,9017.0,40,BUY,526670,416230
2026-09-24 14:51:16.819,CRUDEOILM,CE,9950.0,CRUDEOILM15OCT269950CE,201.15,30,SELL_AGGRESSOR,6710,3080
2026-09-24 14:51:20.396,CRUDEOIL,FUT,0.0,CRUDEOIL19OCT26FUT,9015.0,700,SELL_AGGRESSOR,1860800,1289500
2026-09-24 14:51:20.396,CRUDEOIL,CE,9550.0,CRUDEOIL15OCT269550CE,296.0,100,SELL_AGGRESSOR,70900,15800
2026-09-24 14:51:20.396,CRUDEOIL,CE,9600.0,CRUDEOIL15OCT269600CE,282.0,500,SELL_AGGRESSOR,228000,63000
2026-09-24 14:51:20.396,CRUDEOILM,FUT,0.0,CRUDEOILM19OCT26FUT,9014.0,50,SELL_AGGRESSOR,526720,416220
2026-09-24 14:51:20.396,CRUDEOILM,PE,9350.0,CRUDEOILM15OCT269350PE,699.15,40,SELL_AGGRESSOR,2700,2780
2026-09-24 14:51:20.396,CRUDEOILM,CE,9400.0,CRUDEOILM15OCT269400CE,350.0,10,SELL_AGGRESSOR,59770,35790
2026-09-24 14:51:23.914,CRUDEOIL,FUT,0.0,CRUDEOIL19OCT26FUT,9014.0,100,SELL_AGGRESSOR,1860900,1289400
2026-09-24 14:51:23.914,CRUDEOIL,CE,9500.0,CRUDEOIL15OCT269500CE,310.8,400,SELL_AGGRESSOR,1273400,571300
2026-09-24 14:51:23.914,CRUDEOIL,CE,9700.0,CRUDEOIL15OCT269700CE,254.8,300,SELL_AGGRESSOR,387900,38400
2026-09-24 14:51:23.914,CRUDEOILM,FUT,0.0,CRUDEOILM19OCT26FUT,9010.0,160,SELL_AGGRESSOR,526880,416230
2026-09-24 14:51:23.914,CRUDEOILM,CE,9450.0,CRUDEOILM15OCT269450CE,333.15,10,SELL_AGGRESSOR,33730,14040
2026-09-24 14:51:27.518,CRUDEOIL,FUT,0.0,CRUDEOIL19OCT26FUT,9015.0,300,BUY_AGGRESSOR,1861200,1289300
2026-09-24 14:51:27.518,CRUDEOIL,CE,9500.0,CRUDEOIL15OCT269500CE,310.2,100,SELL_AGGRESSOR,1273500,571200
2026-09-24 14:51:27.518,CRUDEOIL,CE,9550.0,CRUDEOIL15OCT269550CE,295.7,100,SELL,71000,15800
2026-09-24 14:51:27.518,CRUDEOIL,CE,9800.0,CRUDEOIL15OCT269800CE,230.7,200,BUY_AGGRESSOR,268500,100200
2026-09-24 14:51:27.518,CRUDEOIL,CE,9850.0,CRUDEOIL15OCT269850CE,219.9,100,BUY_AGGRESSOR,40900,11900
2026-09-24 14:51:27.518,CRUDEOILM,FUT,0.0,CRUDEOILM19OCT26FUT,9012.0,70,BUY_AGGRESSOR,526950,416340
2026-09-24 14:51:27.518,CRUDEOILM,CE,9500.0,CRUDEOILM15OCT269500CE,315.0,150,SELL_AGGRESSOR,154480,72860
2026-09-24 14:51:27.518,CRUDEOILM,CE,9900.0,CRUDEOILM15OCT269900CE,211.15,30,SELL,174850,29230
2026-09-24 14:51:31.084,CRUDEOIL,FUT,0.0,CRUDEOIL19OCT26FUT,9012.0,400,SELL_AGGRESSOR,1861600,1289300
2026-09-24 14:51:31.084,CRUDEOIL,CE,9400.0,CRUDEOIL15OCT269400CE,343.7,100,SELL_AGGRESSOR,347900,79300
2026-09-24 14:51:31.084,CRUDEOIL,PE,9500.0,CRUDEOIL15OCT269500PE,792.0,800,BUY_AGGRESSOR,79100,98400
2026-09-24 14:51:31.084,CRUDEOIL,CE,9600.0,CRUDEOIL15OCT269600CE,281.3,100,SELL_AGGRESSOR,228100,62900
2026-09-24 14:51:31.084,CRUDEOIL,CE,9700.0,CRUDEOIL15OCT269700CE,254.1,100,SELL_AGGRESSOR,388000,38400
2026-09-24 14:51:31.084,CRUDEOIL,CE,9800.0,CRUDEOIL15OCT269800CE,229.8,100,SELL_AGGRESSOR,268600,100300
2026-09-24 14:51:31.084,CRUDEOIL,CE,9900.0,CRUDEOIL15OCT269900CE,207.9,1200,SELL_AGGRESSOR,206700,36800
2026-09-24 14:51:31.084,CRUDEOILM,FUT,0.0,CRUDEOILM19OCT26FUT,9010.0,20,SELL_AGGRESSOR,526970,416350
2026-09-24 14:51:31.084,CRUDEOILM,PE,9400.0,CRUDEOILM15OCT269400PE,734.65,20,BUY_AGGRESSOR,1950,2110
2026-09-24 14:51:31.084,CRUDEOILM,CE,9500.0,CRUDEOILM15OCT269500CE,315.0,60,SELL_AGGRESSOR,154540,72850
2026-09-24 14:51:31.084,CRUDEOILM,CE,9550.0,CRUDEOILM15OCT269550CE,300.0,20,SELL_AGGRESSOR,22200,3760
2026-09-24 14:51:31.084,CRUDEOILM,CE,9650.0,CRUDEOILM15OCT269650CE,270.85,10,SELL_AGGRESSOR,15830,2550
2026-09-24 14:51:31.084,CRUDEOILM,CE,9700.0,CRUDEOILM15OCT269700CE,256.95,40,SELL_AGGRESSOR,51490,9660
2026-09-24 14:51:31.084,CRUDEOILM,CE,9900.0,CRUDEOILM15OCT269900CE,210.35,100,SELL_AGGRESSOR,174950,29230
2026-09-24 14:51:34.703,CRUDEOIL,FUT,0.0,CRUDEOIL19OCT26FUT,9012.0,4800,SELL_AGGRESSOR,1866400,1289200
2026-09-24 14:51:34.703,CRUDEOIL,CE,9350.0,CRUDEOIL15OCT269350CE,359.6,200,SELL_AGGRESSOR,93900,23100
2026-09-24 14:51:34.703,CRUDEOIL,CE,9400.0,CRUDEOIL15OCT269400CE,342.1,200,SELL_AGGRESSOR,348100,79400
2026-09-24 14:51:34.703,CRUDEOIL,CE,9450.0,CRUDEOIL15OCT269450CE,325.1,200,SELL,71500,23700
2026-09-24 14:51:34.703,CRUDEOIL,CE,9500.0,CRUDEOIL15OCT269500CE,308.4,2100,SELL_AGGRESSOR,1275600,571400
2026-09-24 14:51:34.703,CRUDEOIL,PE,9500.0,CRUDEOIL15OCT269500PE,792.0,2200,BUY_AGGRESSOR,81300,98400
2026-09-24 14:51:34.703,CRUDEOIL,CE,9600.0,CRUDEOIL15OCT269600CE,279.8,300,SELL_AGGRESSOR,228400,62800
2026-09-24 14:51:34.703,CRUDEOIL,CE,9700.0,CRUDEOIL15OCT269700CE,253.7,400,BUY_AGGRESSOR,388400,38800
2026-09-24 14:51:34.703,CRUDEOIL,CE,9800.0,CRUDEOIL15OCT269800CE,229.1,100,SELL,268700,100300
2026-09-24 14:51:34.703,CRUDEOIL,CE,9900.0,CRUDEOIL15OCT269900CE,207.2,200,SELL,206900,36600
2026-09-24 14:51:34.703,CRUDEOILM,FUT,0.0,CRUDEOILM19OCT26FUT,9012.0,180,BUY,527150,416350
2026-09-24 14:51:34.703,CRUDEOILM,CE,9700.0,CRUDEOILM15OCT269700CE,258.1,10,BUY_AGGRESSOR,51500,9660
2026-09-24 14:51:38.325,CRUDEOIL,FUT,0.0,CRUDEOIL19OCT26FUT,9009.0,100,SELL_AGGRESSOR,1866500,1287600
2026-09-24 14:51:38.325,CRUDEOIL,CE,9400.0,CRUDEOIL15OCT269400CE,341.9,100,SELL_AGGRESSOR,348200,79400
2026-09-24 14:51:38.325,CRUDEOIL,CE,9600.0,CRUDEOIL15OCT269600CE,279.4,100,SELL_AGGRESSOR,228500,62800
2026-09-24 14:51:38.325,CRUDEOILM,FUT,0.0,CRUDEOILM19OCT26FUT,9011.0,30,BUY_AGGRESSOR,527180,416300
2026-09-24 14:51:38.325,CRUDEOILM,CE,9500.0,CRUDEOILM15OCT269500CE,314.1,140,SELL_AGGRESSOR,154680,72830
2026-09-24 14:51:41.971,CRUDEOIL,FUT,0.0,CRUDEOIL19OCT26FUT,9009.0,200,SELL_AGGRESSOR,1866700,1287500
2026-09-24 14:51:41.971,CRUDEOIL,CE,9500.0,CRUDEOIL15OCT269500CE,308.8,1000,SELL_AGGRESSOR,1276600,571100
2026-09-24 14:51:41.971,CRUDEOILM,FUT,0.0,CRUDEOILM19OCT26FUT,9010.0,20,SELL_AGGRESSOR,527200,416280
2026-09-24 14:51:41.971,CRUDEOILM,CE,9600.0,CRUDEOILM15OCT269600CE,285.0,70,SELL_AGGRESSOR,62190,13490
2026-09-24 14:51:41.971,CRUDEOILM,PE,9800.0,CRUDEOILM15OCT269800PE,1020.0,20,BUY_AGGRESSOR,400,2320
2026-09-24 14:51:45.596,CRUDEOIL,FUT,0.0,CRUDEOIL19OCT26FUT,9008.0,1100,SELL_AGGRESSOR,1867800,1286800
2026-09-24 14:51:45.596,CRUDEOIL,CE,9500.0,CRUDEOIL15OCT269500CE,308.4,500,SELL_AGGRESSOR,1277100,571600
2026-09-24 14:51:45.596,CRUDEOIL,CE,9700.0,CRUDEOIL15OCT269700CE,253.3,200,SELL,388600,38700
2026-09-24 14:51:45.596,CRUDEOIL,CE,9800.0,CRUDEOIL15OCT269800CE,228.3,300,SELL_AGGRESSOR,269000,100000
2026-09-24 14:51:45.596,CRUDEOILM,FUT,0.0,CRUDEOILM19OCT26FUT,9009.0,90,BUY_AGGRESSOR,527290,416250
2026-09-24 14:51:45.596,CRUDEOILM,CE,9350.0,CRUDEOILM15OCT269350CE,366.75,30,SELL,31190,17400
2026-09-24 14:51:45.596,CRUDEOILM,PE,9500.0,CRUDEOILM15OCT269500PE,800.0,20,BUY_AGGRESSOR,5890,11370
2026-09-24 14:51:45.596,CRUDEOILM,PE,9800.0,CRUDEOILM15OCT269800PE,1020.0,10,BUY_AGGRESSOR,410,2320
2026-09-24 14:51:49.195,CRUDEOIL,FUT,0.0,CRUDEOIL19OCT26FUT,9009.0,500,BUY,1868300,1286800
2026-09-24 14:51:49.195,CRUDEOIL,CE,9550.0,CRUDEOIL15OCT269550CE,294.8,100,BUY_AGGRESSOR,71100,15800
2026-09-24 14:51:49.195,CRUDEOIL,CE,9700.0,CRUDEOIL15OCT269700CE,254.1,100,BUY_AGGRESSOR,388700,38700
2026-09-24 14:51:49.195,CRUDEOIL,CE,9800.0,CRUDEOIL15OCT269800CE,229.2,300,BUY,269300,100000
2026-09-24 14:51:49.195,CRUDEOILM,FUT,0.0,CRUDEOILM19OCT26FUT,9007.0,180,SELL_AGGRESSOR,527470,416280
2026-09-24 14:51:49.195,CRUDEOILM,PE,9400.0,CRUDEOILM15OCT269400PE,735.0,20,SELL_AGGRESSOR,1970,2090
2026-09-24 14:51:49.195,CRUDEOILM,CE,9550.0,CRUDEOILM15OCT269550CE,299.9,10,BUY_AGGRESSOR,22210,3760
2026-09-24 14:51:52.738,CRUDEOIL,FUT,0.0,CRUDEOIL19OCT26FUT,9008.0,100,SELL_AGGRESSOR,1868400,1286800
2026-09-24 14:51:52.738,CRUDEOIL,CE,9400.0,CRUDEOIL15OCT269400CE,342.3,100,BUY,348300,79500
2026-09-24 14:51:56.354,CRUDEOIL,FUT,0.0,CRUDEOIL19OCT26FUT,9008.0,600,INSIDE,1869000,1286800
2026-09-24 14:51:56.354,CRUDEOILM,FUT,0.0,CRUDEOILM19OCT26FUT,9009.0,20,BUY,527490,416270
2026-09-24 14:51:56.354,CRUDEOILM,CE,9600.0,CRUDEOILM15OCT269600CE,285.0,10,SELL_AGGRESSOR,62200,13490
2026-09-24 14:51:59.881,CRUDEOIL,FUT,0.0,CRUDEOIL19OCT26FUT,9009.0,100,BUY,1869100,1286900
2026-09-24 14:51:59.881,CRUDEOIL,CE,9400.0,CRUDEOIL15OCT269400CE,343.3,100,BUY_AGGRESSOR,348400,79600
2026-09-24 14:51:59.881,CRUDEOIL,CE,9500.0,CRUDEOIL15OCT269500CE,310.9,200,BUY_AGGRESSOR,1277300,571400
2026-09-24 14:51:59.881,CRUDEOIL,CE,9700.0,CRUDEOIL15OCT269700CE,254.7,100,BUY_AGGRESSOR,388800,38700
2026-09-24 14:51:59.881,CRUDEOIL,CE,9800.0,CRUDEOIL15OCT269800CE,229.2,100,SELL_AGGRESSOR,269400,100000
2026-09-24 14:51:59.881,CRUDEOILM,FUT,0.0,CRUDEOILM19OCT26FUT,9009.0,150,BUY_AGGRESSOR,527640,416320
2026-09-24 14:52:03.515,CRUDEOIL,FUT,0.0,CRUDEOIL19OCT26FUT,9010.0,200,SELL_AGGRESSOR,1869300,1286900
2026-09-24 14:52:03.515,CRUDEOIL,CE,9950.0,CRUDEOIL15OCT269950CE,197.3,200,SELL_AGGRESSOR,32600,7100
2026-09-24 14:52:03.515,CRUDEOILM,FUT,0.0,CRUDEOILM19OCT26FUT,9007.0,60,SELL_AGGRESSOR,527700,416330
2026-09-24 14:52:03.515,CRUDEOILM,CE,9550.0,CRUDEOILM15OCT269550CE,300.85,20,BUY,22230,3760
2026-09-24 14:52:07.283,CRUDEOIL,FUT,0.0,CRUDEOIL19OCT26FUT,9010.0,100,BUY_AGGRESSOR,1869400,1286800
2026-09-24 14:52:07.283,CRUDEOILM,FUT,0.0,CRUDEOILM19OCT26FUT,9008.0,130,BUY,527830,416440
2026-09-24 14:52:07.283,CRUDEOILM,CE,9550.0,CRUDEOILM15OCT269550CE,300.85,30,BUY_AGGRESSOR,22260,3770
2026-09-24 14:52:07.283,CRUDEOILM,CE,9800.0,CRUDEOILM15OCT269800CE,233.95,10,BUY_AGGRESSOR,91430,33590
2026-09-24 14:52:07.283,CRUDEOILM,CE,9850.0,CRUDEOILM15OCT269850CE,221.75,20,SELL,13940,3200
2026-09-24 14:52:10.895,CRUDEOIL,FUT,0.0,CRUDEOIL19OCT26FUT,9013.0,200,BUY_AGGRESSOR,1869600,1286800
2026-09-24 14:52:10.895,CRUDEOIL,CE,9500.0,CRUDEOIL15OCT269500CE,310.8,300,BUY_AGGRESSOR,1277600,571500
2026-09-24 14:52:10.895,CRUDEOILM,FUT,0.0,CRUDEOILM19OCT26FUT,9009.0,140,BUY,527970,416360
2026-09-24 14:52:10.895,CRUDEOILM,CE,9850.0,CRUDEOILM15OCT269850CE,222.6,10,BUY,13950,3210
2026-09-24 14:52:14.489,CRUDEOIL,CE,9400.0,CRUDEOIL15OCT269400CE,343.5,100,BUY_AGGRESSOR,348500,79600
2026-09-24 14:52:18.146,CRUDEOIL,FUT,0.0,CRUDEOIL19OCT26FUT,9010.0,300,SELL_AGGRESSOR,1869900,1286600
2026-09-24 14:52:18.146,CRUDEOIL,CE,9700.0,CRUDEOIL15OCT269700CE,254.7,100,BUY_AGGRESSOR,388900,38800
2026-09-24 14:52:18.146,CRUDEOILM,CE,9350.0,CRUDEOILM15OCT269350CE,366.15,10,SELL_AGGRESSOR,31200,17390
2026-09-24 14:52:18.146,CRUDEOILM,CE,9500.0,CRUDEOILM15OCT269500CE,315.0,50,BUY,154730,72830
2026-09-24 14:52:18.146,CRUDEOILM,CE,9800.0,CRUDEOILM15OCT269800CE,233.95,20,BUY_AGGRESSOR,91450,33600
2026-09-24 14:52:21.681,CRUDEOIL,FUT,0.0,CRUDEOIL19OCT26FUT,9010.0,5700,BUY_AGGRESSOR,1875600,1285400
2026-09-24 14:52:21.681,CRUDEOIL,CE,9400.0,CRUDEOIL15OCT269400CE,342.0,100,SELL_AGGRESSOR,348600,79600
2026-09-24 14:52:21.681,CRUDEOILM,FUT,0.0,CRUDEOILM19OCT26FUT,9008.0,20,SELL,527990,416350
2026-09-24 14:52:21.681,CRUDEOILM,CE,9500.0,CRUDEOILM15OCT269500CE,315.0,110,BUY_AGGRESSOR,154840,72900
2026-09-24 14:52:21.681,CRUDEOILM,CE,9600.0,CRUDEOILM15OCT269600CE,285.0,180,INSIDE,62380,13490
2026-09-24 14:52:21.681,CRUDEOILM,PE,9600.0,CRUDEOILM15OCT269600PE,869.2,10,SELL,990,1990
2026-09-24 14:52:21.681,CRUDEOILM,CE,9800.0,CRUDEOILM15OCT269800CE,233.85,10,BUY_AGGRESSOR,91460,33600
2026-09-24 14:52:21.681,CRUDEOILM,CE,9900.0,CRUDEOILM15OCT269900CE,209.95,10,SELL_AGGRESSOR,174960,29220
2026-09-24 14:52:25.353,CRUDEOIL,FUT,0.0,CRUDEOIL19OCT26FUT,9008.0,1400,SELL_AGGRESSOR,1877000,1285800
2026-09-24 14:52:25.353,CRUDEOIL,CE,9900.0,CRUDEOIL15OCT269900CE,206.8,100,SELL,207000,36600
2026-09-24 14:52:25.353,CRUDEOILM,FUT,0.0,CRUDEOILM19OCT26FUT,9009.0,200,BUY_AGGRESSOR,528190,416220
2026-09-24 14:52:29.012,CRUDEOIL,FUT,0.0,CRUDEOIL19OCT26FUT,9006.0,500,SELL_AGGRESSOR,1877500,1285500
2026-09-24 14:52:29.012,CRUDEOIL,CE,9500.0,CRUDEOIL15OCT269500CE,308.7,200,SELL,1277800,571700
2026-09-24 14:52:29.012,CRUDEOILM,FUT,0.0,CRUDEOILM19OCT26FUT,9009.0,10,BUY_AGGRESSOR,528200,416220
2026-09-24 14:52:32.602,CRUDEOIL,FUT,0.0,CRUDEOIL19OCT26FUT,9015.0,400,BUY_AGGRESSOR,1877900,1285600
2026-09-24 14:52:32.602,CRUDEOIL,CE,9350.0,CRUDEOIL15OCT269350CE,360.2,300,BUY_AGGRESSOR,94200,23200
2026-09-24 14:52:32.602,CRUDEOIL,CE,9400.0,CRUDEOIL15OCT269400CE,343.6,200,BUY_AGGRESSOR,348800,79800
2026-09-24 14:52:32.602,CRUDEOIL,CE,9450.0,CRUDEOIL15OCT269450CE,325.8,100,BUY_AGGRESSOR,71600,23600
2026-09-24 14:52:32.602,CRUDEOIL,CE,9500.0,CRUDEOIL15OCT269500CE,312.5,1300,BUY_AGGRESSOR,1279100,571700
2026-09-24 14:52:32.602,CRUDEOIL,CE,9600.0,CRUDEOIL15OCT269600CE,283.8,200,BUY_AGGRESSOR,228700,62600
2026-09-24 14:52:32.602,CRUDEOIL,CE,9700.0,CRUDEOIL15OCT269700CE,256.3,600,BUY_AGGRESSOR,389500,38600
2026-09-24 14:52:32.602,CRUDEOIL,CE,9800.0,CRUDEOIL15OCT269800CE,231.3,400,BUY_AGGRESSOR,269800,100300
2026-09-24 14:52:32.602,CRUDEOIL,CE,9850.0,CRUDEOIL15OCT269850CE,219.8,100,BUY_AGGRESSOR,41000,11900
2026-09-24 14:52:32.602,CRUDEOIL,CE,9900.0,CRUDEOIL15OCT269900CE,209.2,300,BUY_AGGRESSOR,207300,36900
2026-09-24 14:52:32.602,CRUDEOIL,CE,9950.0,CRUDEOIL15OCT269950CE,197.8,100,BUY_AGGRESSOR,32700,7100
2026-09-24 14:52:32.602,CRUDEOILM,FUT,0.0,CRUDEOILM19OCT26FUT,9016.0,510,BUY_AGGRESSOR,528710,416410
2026-09-24 14:52:32.602,CRUDEOILM,CE,9350.0,CRUDEOILM15OCT269350CE,369.3,130,BUY_AGGRESSOR,31330,17430
2026-09-24 14:52:32.602,CRUDEOILM,CE,9400.0,CRUDEOILM15OCT269400CE,350.0,100,BUY_AGGRESSOR,59870,35790
2026-09-24 14:52:32.602,CRUDEOILM,CE,9450.0,CRUDEOILM15OCT269450CE,333.45,160,BUY_AGGRESSOR,33890,14070
2026-09-24 14:52:32.602,CRUDEOILM,CE,9500.0,CRUDEOILM15OCT269500CE,318.05,120,BUY_AGGRESSOR,154960,72880
2026-09-24 14:52:32.602,CRUDEOILM,CE,9550.0,CRUDEOILM15OCT269550CE,302.85,110,BUY_AGGRESSOR,22370,3880
2026-09-24 14:52:32.602,CRUDEOILM,CE,9600.0,CRUDEOILM15OCT269600CE,288.65,50,BUY_AGGRESSOR,62430,13660
2026-09-24 14:52:32.602,CRUDEOILM,CE,9650.0,CRUDEOILM15OCT269650CE,271.35,30,BUY_AGGRESSOR,15860,2520
2026-09-24 14:52:32.602,CRUDEOILM,CE,9700.0,CRUDEOILM15OCT269700CE,259.25,60,BUY_AGGRESSOR,51560,9660
2026-09-24 14:52:32.602,CRUDEOILM,CE,9750.0,CRUDEOILM15OCT269750CE,247.45,40,BUY_AGGRESSOR,12400,3230
2026-09-24 14:52:32.602,CRUDEOILM,CE,9800.0,CRUDEOILM15OCT269800CE,234.5,170,BUY_AGGRESSOR,91630,33690
2026-09-24 14:52:32.602,CRUDEOILM,CE,9850.0,CRUDEOILM15OCT269850CE,222.75,90,BUY_AGGRESSOR,14040,3200
2026-09-24 14:52:32.602,CRUDEOILM,CE,9900.0,CRUDEOILM15OCT269900CE,211.25,130,BUY_AGGRESSOR,175090,29220
2026-09-24 14:52:36.166,CRUDEOIL,CE,9800.0,CRUDEOIL15OCT269800CE,232.4,100,BUY_AGGRESSOR,269900,100300
2026-09-24 14:52:36.166,CRUDEOILM,FUT,0.0,CRUDEOILM19OCT26FUT,9015.0,130,SELL_AGGRESSOR,528840,416400
2026-09-24 14:52:36.166,CRUDEOILM,CE,9500.0,CRUDEOILM15OCT269500CE,317.1,160,SELL_AGGRESSOR,155120,72910
2026-09-24 14:52:36.166,CRUDEOILM,CE,9700.0,CRUDEOILM15OCT269700CE,260.3,20,SELL_AGGRESSOR,51580,9680
2026-09-24 14:52:36.166,CRUDEOILM,CE,9850.0,CRUDEOILM15OCT269850CE,224.15,10,BUY,14050,3150
2026-09-24 14:52:36.166,CRUDEOILM,CE,9900.0,CRUDEOILM15OCT269900CE,212.6,40,BUY,175130,29220
2026-09-24 14:52:36.166,CRUDEOILM,CE,9950.0,CRUDEOILM15OCT269950CE,201.6,10,BUY,6720,3070
2026-09-24 14:52:39.737,CRUDEOIL,CE,9500.0,CRUDEOIL15OCT269500CE,312.8,100,BUY,1279200,571300
2026-09-24 14:52:39.737,CRUDEOILM,CE,9700.0,CRUDEOILM15OCT269700CE,260.35,10,SELL_AGGRESSOR,51590,9680
2026-09-24 14:52:43.304,CRUDEOIL,FUT,0.0,CRUDEOIL19OCT26FUT,9018.0,400,BUY_AGGRESSOR,1878300,1285900
2026-09-24 14:52:43.304,CRUDEOILM,FUT,0.0,CRUDEOILM19OCT26FUT,9017.0,10,BUY_AGGRESSOR,528850,416400
2026-09-24 14:52:47.086,CRUDEOILM,FUT,0.0,CRUDEOILM19OCT26FUT,9017.0,10,SELL_AGGRESSOR,528860,416410
2026-09-24 14:52:47.086,CRUDEOILM,CE,9650.0,CRUDEOILM15OCT269650CE,274.25,10,BUY,15870,2530
2026-09-24 14:52:50.720,CRUDEOIL,FUT,0.0,CRUDEOIL19OCT26FUT,9019.0,600,BUY_AGGRESSOR,1878900,1286200
2026-09-24 14:52:50.720,CRUDEOIL,CE,9700.0,CRUDEOIL15OCT269700CE,257.7,100,BUY,389600,38700
2026-09-24 14:52:50.720,CRUDEOILM,CE,9950.0,CRUDEOILM15OCT269950CE,204.6,10,BUY_AGGRESSOR,6730,3080
2026-09-24 14:52:54.506,CRUDEOIL,FUT,0.0,CRUDEOIL19OCT26FUT,9018.0,100,BUY_AGGRESSOR,1879000,1286200
2026-09-24 14:52:54.506,CRUDEOIL,CE,9500.0,CRUDEOIL15OCT269500CE,314.0,1000,BUY_AGGRESSOR,1280200,571700
2026-09-24 14:52:54.506,CRUDEOILM,FUT,0.0,CRUDEOILM19OCT26FUT,9016.0,20,SELL_AGGRESSOR,528880,416420
2026-09-24 14:52:54.506,CRUDEOILM,CE,9500.0,CRUDEOILM15OCT269500CE,318.85,10,BUY,155130,72900
2026-09-24 14:52:57.981,CRUDEOILM,FUT,0.0,CRUDEOILM19OCT26FUT,9015.0,20,SELL_AGGRESSOR,528900,416430
2026-09-24 14:53:01.731,CRUDEOILM,FUT,0.0,CRUDEOILM19OCT26FUT,9015.0,10,SELL_AGGRESSOR,528910,416440
2026-09-24 14:53:01.731,CRUDEOILM,CE,9400.0,CRUDEOILM15OCT269400CE,350.0,100,SELL_AGGRESSOR,59970,35810
2026-09-24 14:53:01.731,CRUDEOILM,CE,9800.0,CRUDEOILM15OCT269800CE,236.6,100,BUY,91730,33840
2026-09-24 14:53:05.206,CRUDEOIL,FUT,0.0,CRUDEOIL19OCT26FUT,9018.0,500,BUY_AGGRESSOR,1879500,1286400
2026-09-24 14:53:05.206,CRUDEOIL,CE,9400.0,CRUDEOIL15OCT269400CE,346.1,100,BUY,348900,79800
2026-09-24 14:53:05.206,CRUDEOIL,CE,9700.0,CRUDEOIL15OCT269700CE,257.0,100,SELL,389700,38700
2026-09-24 14:53:05.206,CRUDEOIL,CE,9800.0,CRUDEOIL15OCT269800CE,232.4,200,SELL_AGGRESSOR,270100,100300
2026-09-24 14:53:05.206,CRUDEOILM,FUT,0.0,CRUDEOILM19OCT26FUT,9017.0,60,BUY_AGGRESSOR,528970,416380
2026-09-24 14:53:08.880,CRUDEOIL,FUT,0.0,CRUDEOIL19OCT26FUT,9015.0,600,SELL_AGGRESSOR,1880100,1286400
2026-09-24 14:53:08.880,CRUDEOIL,CE,9500.0,CRUDEOIL15OCT269500CE,313.4,100,SELL,1280300,571800
2026-09-24 14:53:08.880,CRUDEOILM,FUT,0.0,CRUDEOILM19OCT26FUT,9016.0,170,SELL,529140,416360
2026-09-24 14:53:08.880,CRUDEOILM,CE,9800.0,CRUDEOILM15OCT269800CE,236.65,100,BUY_AGGRESSOR,91830,33850
2026-09-24 14:53:12.540,CRUDEOIL,CE,9900.0,CRUDEOIL15OCT269900CE,210.6,100,BUY,207400,36900
2026-09-24 14:53:12.540,CRUDEOILM,FUT,0.0,CRUDEOILM19OCT26FUT,9014.0,10,SELL_AGGRESSOR,529150,416340
2026-09-24 14:53:12.540,CRUDEOILM,CE,9500.0,CRUDEOILM15OCT269500CE,318.45,40,SELL,155170,72900
2026-09-24 14:53:12.540,CRUDEOILM,CE,9600.0,CRUDEOILM15OCT269600CE,288.65,30,BUY_AGGRESSOR,62460,13620
2026-09-24 14:53:16.210,CRUDEOIL,FUT,0.0,CRUDEOIL19OCT26FUT,9016.0,300,SELL_AGGRESSOR,1880400,1286200
2026-09-24 14:53:16.210,CRUDEOIL,CE,9600.0,CRUDEOIL15OCT269600CE,283.0,100,SELL,228800,62500
2026-09-24 14:53:16.210,CRUDEOILM,FUT,0.0,CRUDEOILM19OCT26FUT,9017.0,10,BUY_AGGRESSOR,529160,416340
2026-09-24 14:53:16.210,CRUDEOILM,CE,9600.0,CRUDEOILM15OCT269600CE,288.65,20,BUY_AGGRESSOR,62480,13600
2026-09-24 14:53:19.831,CRUDEOIL,FUT,0.0,CRUDEOIL19OCT26FUT,9017.0,100,BUY_AGGRESSOR,1880500,1286200
2026-09-24 14:53:19.831,CRUDEOILM,FUT,0.0,CRUDEOILM19OCT26FUT,9017.0,10,INSIDE,529170,416340
2026-09-24 14:53:19.831,CRUDEOILM,CE,9400.0,CRUDEOILM15OCT269400CE,350.25,40,SELL_AGGRESSOR,60010,35810
2026-09-24 14:53:23.477,CRUDEOILM,FUT,0.0,CRUDEOILM19OCT26FUT,9015.0,60,SELL,529230,416370
2026-09-24 14:53:27.127,CRUDEOILM,FUT,0.0,CRUDEOILM19OCT26FUT,9018.0,70,BUY_AGGRESSOR,529300,416330
2026-09-24 14:53:30.820,CRUDEOIL,CE,9850.0,CRUDEOIL15OCT269850CE,221.7,200,BUY,41200,11900
2026-09-24 14:53:30.820,CRUDEOILM,FUT,0.0,CRUDEOILM19OCT26FUT,9015.0,50,SELL_AGGRESSOR,529350,416350
2026-09-24 14:53:34.362,CRUDEOIL,CE,9400.0,CRUDEOIL15OCT269400CE,346.5,100,BUY,349000,79800
2026-09-24 14:53:34.362,CRUDEOILM,FUT,0.0,CRUDEOILM19OCT26FUT,9015.0,60,SELL_AGGRESSOR,529410,416340
2026-09-24 14:53:37.898,CRUDEOIL,CE,9700.0,CRUDEOIL15OCT269700CE,258.0,200,BUY_AGGRESSOR,389900,38900
2026-09-24 14:53:37.898,CRUDEOILM,FUT,0.0,CRUDEOILM19OCT26FUT,9015.0,70,SELL_AGGRESSOR,529480,416340
2026-09-24 14:53:41.415,CRUDEOIL,FUT,0.0,CRUDEOIL19OCT26FUT,9017.0,100,BUY_AGGRESSOR,1880600,1286100
2026-09-24 14:53:44.893,CRUDEOIL,FUT,0.0,CRUDEOIL19OCT26FUT,9015.0,500,SELL_AGGRESSOR,1881100,1285700
2026-09-24 14:53:44.893,CRUDEOIL,CE,9500.0,CRUDEOIL15OCT269500CE,313.0,100,SELL_AGGRESSOR,1280400,571900
2026-09-24 14:53:44.893,CRUDEOIL,CE,9550.0,CRUDEOIL15OCT269550CE,298.0,200,BUY,71300,15800
2026-09-24 14:53:44.893,CRUDEOIL,CE,9700.0,CRUDEOIL15OCT269700CE,257.4,1900,SELL_AGGRESSOR,391800,40700
2026-09-24 14:53:44.893,CRUDEOIL,CE,9900.0,CRUDEOIL15OCT269900CE,210.6,200,SELL_AGGRESSOR,207600,36900
2026-09-24 14:53:44.893,CRUDEOILM,FUT,0.0,CRUDEOILM19OCT26FUT,9014.0,50,SELL_AGGRESSOR,529530,416320
2026-09-24 14:53:44.893,CRUDEOILM,CE,9400.0,CRUDEOILM15OCT269400CE,351.6,10,BUY_AGGRESSOR,60020,35810
2026-09-24 14:53:44.893,CRUDEOILM,CE,9500.0,CRUDEOILM15OCT269500CE,317.9,40,SELL_AGGRESSOR,155210,72900
2026-09-24 14:53:44.893,CRUDEOILM,PE,9500.0,CRUDEOILM15OCT269500PE,794.05,10,SELL_AGGRESSOR,5900,11360
2026-09-24 14:53:44.893,CRUDEOILM,CE,9600.0,CRUDEOILM15OCT269600CE,289.0,120,SELL_AGGRESSOR,62600,13700
2026-09-24 14:53:44.893,CRUDEOILM,CE,9900.0,CRUDEOILM15OCT269900CE,214.2,290,BUY_AGGRESSOR,175420,29230
2026-09-24 14:53:48.487,CRUDEOILM,FUT,0.0,CRUDEOILM19OCT26FUT,9013.0,110,SELL,529640,416230
2026-09-24 14:53:48.487,CRUDEOILM,CE,9500.0,CRUDEOILM15OCT269500CE,318.3,10,BUY_AGGRESSOR,155220,72910
2026-09-24 14:53:52.089,CRUDEOIL,CE,9500.0,CRUDEOIL15OCT269500CE,312.5,1100,SELL,1281500,571900
2026-09-24 14:53:52.089,CRUDEOIL,CE,9600.0,CRUDEOIL15OCT269600CE,283.0,100,SELL_AGGRESSOR,228900,62500
2026-09-24 14:53:52.089,CRUDEOIL,CE,9700.0,CRUDEOIL15OCT269700CE,256.6,200,SELL_AGGRESSOR,392000,40500
2026-09-24 14:53:52.089,CRUDEOILM,FUT,0.0,CRUDEOILM19OCT26FUT,9015.0,10,BUY_AGGRESSOR,529650,416240
2026-09-24 14:53:52.089,CRUDEOILM,CE,9700.0,CRUDEOILM15OCT269700CE,261.2,20,BUY,51610,9700
2026-09-24 14:53:55.616,CRUDEOIL,CE,9500.0,CRUDEOIL15OCT269500CE,314.4,200,BUY_AGGRESSOR,1281700,572100
2026-09-24 14:53:55.616,CRUDEOIL,CE,9800.0,CRUDEOIL15OCT269800CE,232.7,100,BUY,270200,100300
2026-09-24 14:53:55.616,CRUDEOILM,CE,9600.0,CRUDEOILM15OCT269600CE,288.5,10,SELL_AGGRESSOR,62610,13690
2026-09-24 14:53:59.338,CRUDEOIL,FUT,0.0,CRUDEOIL19OCT26FUT,9017.0,1700,BUY_AGGRESSOR,1882800,1285700
2026-09-24 14:53:59.338,CRUDEOIL,CE,9400.0,CRUDEOIL15OCT269400CE,345.9,200,SELL_AGGRESSOR,349200,80000
2026-09-24 14:53:59.338,CRUDEOIL,CE,9500.0,CRUDEOIL15OCT269500CE,313.5,300,SELL_AGGRESSOR,1282000,572100
2026-09-24 14:53:59.338,CRUDEOIL,CE,9650.0,CRUDEOIL15OCT269650CE,270.0,100,BUY_AGGRESSOR,49200,12900
2026-09-24 14:53:59.338,CRUDEOIL,CE,9700.0,CRUDEOIL15OCT269700CE,257.3,300,SELL_AGGRESSOR,392300,40200
2026-09-24 14:53:59.338,CRUDEOILM,FUT,0.0,CRUDEOILM19OCT26FUT,9015.0,40,INSIDE,529690,416230
2026-09-24 14:53:59.338,CRUDEOILM,CE,9500.0,CRUDEOILM15OCT269500CE,318.55,20,BUY_AGGRESSOR,155240,72930
2026-09-24 14:54:02.934,CRUDEOILM,FUT,0.0,CRUDEOILM19OCT26FUT,9015.0,20,INSIDE,529710,416250
2026-09-24 14:54:10.146,CRUDEOIL,CE,9500.0,CRUDEOIL15OCT269500CE,314.0,100,BUY,1282100,572200
2026-09-24 14:54:10.146,CRUDEOILM,FUT,0.0,CRUDEOILM19OCT26FUT,9015.0,10,SELL_AGGRESSOR,529720,416250
2026-09-24 14:54:13.974,CRUDEOIL,FUT,0.0,CRUDEOIL19OCT26FUT,9017.0,500,BUY_AGGRESSOR,1883300,1285700
2026-09-24 14:54:13.974,CRUDEOIL,CE,9500.0,CRUDEOIL15OCT269500CE,314.2,100,BUY_AGGRESSOR,1282200,572300
2026-09-24 14:54:13.974,CRUDEOILM,FUT,0.0,CRUDEOILM19OCT26FUT,9015.0,20,INSIDE,529740,416240
2026-09-24 14:54:17.527,CRUDEOIL,CE,9500.0,CRUDEOIL15OCT269500CE,313.2,100,SELL_AGGRESSOR,1282300,572300
2026-09-24 14:54:17.527,CRUDEOIL,CE,9900.0,CRUDEOIL15OCT269900CE,211.1,100,BUY,207700,36900
2026-09-24 14:54:17.527,CRUDEOILM,FUT,0.0,CRUDEOILM19OCT26FUT,9013.0,50,SELL_AGGRESSOR,529790,416220
2026-09-24 14:54:17.527,CRUDEOILM,CE,9800.0,CRUDEOILM15OCT269800CE,237.0,40,BUY,91870,33890
2026-09-24 14:54:21.275,CRUDEOILM,CE,9400.0,CRUDEOILM15OCT269400CE,349.65,20,SELL_AGGRESSOR,60040,35810
2026-09-24 14:54:24.912,CRUDEOIL,CE,9500.0,CRUDEOIL15OCT269500CE,313.7,100,BUY_AGGRESSOR,1282400,572400
2026-09-24 14:54:24.912,CRUDEOIL,CE,9700.0,CRUDEOIL15OCT269700CE,256.8,100,SELL,392400,40100
2026-09-24 14:54:24.912,CRUDEOIL,CE,9800.0,CRUDEOIL15OCT269800CE,232.4,400,SELL_AGGRESSOR,270600,100300
2026-09-24 14:54:24.912,CRUDEOIL,CE,9900.0,CRUDEOIL15OCT269900CE,210.3,400,SELL,208100,36900
2026-09-24 14:54:24.912,CRUDEOILM,CE,9800.0,CRUDEOILM15OCT269800CE,236.5,10,SELL,91880,33880
2026-09-24 14:54:28.499,CRUDEOIL,CE,9500.0,CRUDEOIL15OCT269500CE,313.9,100,BUY_AGGRESSOR,1282500,572500
2026-09-24 14:54:28.499,CRUDEOIL,CE,9700.0,CRUDEOIL15OCT269700CE,256.6,300,SELL,392700,39800
2026-09-24 14:54:32.035,CRUDEOIL,FUT,0.0,CRUDEOIL19OCT26FUT,9016.0,100,BUY_AGGRESSOR,1883400,1285700
2026-09-24 14:54:32.035,CRUDEOIL,CE,9500.0,CRUDEOIL15OCT269500CE,312.7,100,SELL_AGGRESSOR,1282600,572500
2026-09-24 14:54:32.035,CRUDEOILM,CE,9500.0,CRUDEOILM15OCT269500CE,318.5,10,SELL,155250,72930
2026-09-24 14:54:35.728,CRUDEOIL,FUT,0.0,CRUDEOIL19OCT26FUT,9015.0,800,SELL_AGGRESSOR,1884200,1286500
2026-09-24 14:54:35.728,CRUDEOIL,CE,9500.0,CRUDEOIL15OCT269500CE,313.5,100,BUY_AGGRESSOR,1282700,572600
2026-09-24 14:54:35.728,CRUDEOIL,PE,9500.0,CRUDEOIL15OCT269500PE,791.0,100,BUY_AGGRESSOR,81400,98400
2026-09-24 14:54:35.728,CRUDEOIL,CE,9800.0,CRUDEOIL15OCT269800CE,232.4,100,INSIDE,270700,100300
2026-09-24 14:54:35.728,CRUDEOILM,FUT,0.0,CRUDEOILM19OCT26FUT,9016.0,10,BUY_AGGRESSOR,529800,416210
2026-09-24 14:54:39.344,CRUDEOIL,CE,9500.0,CRUDEOIL15OCT269500CE,312.0,100,SELL,1282800,572500
2026-09-24 14:54:39.344,CRUDEOILM,CE,9700.0,CRUDEOILM15OCT269700CE,261.2,20,BUY_AGGRESSOR,51630,9720
2026-09-24 14:54:42.984,CRUDEOILM,FUT,0.0,CRUDEOILM19OCT26FUT,9013.0,30,SELL_AGGRESSOR,529830,416240
2026-09-24 14:54:42.984,CRUDEOILM,CE,9400.0,CRUDEOILM15OCT269400CE,349.65,10,SELL_AGGRESSOR,60050,35810
2026-09-24 14:54:42.984,CRUDEOILM,CE,9500.0,CRUDEOILM15OCT269500CE,318.25,50,BUY_AGGRESSOR,155300,72970
2026-09-24 14:54:42.984,CRUDEOILM,CE,9800.0,CRUDEOILM15OCT269800CE,236.85,100,BUY_AGGRESSOR,91980,33910
2026-09-24 14:54:46.588,CRUDEOIL,FUT,0.0,CRUDEOIL19OCT26FUT,9015.0,100,INSIDE,1884300,1286500
2026-09-24 14:54:46.588,CRUDEOILM,FUT,0.0,CRUDEOILM19OCT26FUT,9013.0,40,SELL_AGGRESSOR,529870,416240
2026-09-24 14:54:50.165,CRUDEOIL,FUT,0.0,CRUDEOIL19OCT26FUT,9016.0,500,BUY_AGGRESSOR,1884800,1286700
2026-09-24 14:54:50.165,CRUDEOILM,FUT,0.0,CRUDEOILM19OCT26FUT,9013.0,10,SELL_AGGRESSOR,529880,416250
2026-09-24 14:54:53.645,CRUDEOIL,FUT,0.0,CRUDEOIL19OCT26FUT,9016.0,100,BUY_AGGRESSOR,1884900,1286700
2026-09-24 14:54:53.645,CRUDEOIL,CE,9500.0,CRUDEOIL15OCT269500CE,311.5,100,SELL_AGGRESSOR,1282900,572400
2026-09-24 14:54:53.645,CRUDEOILM,CE,9450.0,CRUDEOILM15OCT269450CE,333.8,100,BUY,33990,14120
2026-09-24 14:54:57.228,CRUDEOIL,CE,9500.0,CRUDEOIL15OCT269500CE,311.6,100,SELL_AGGRESSOR,1283000,572300
2026-09-24 14:54:57.228,CRUDEOILM,FUT,0.0,CRUDEOILM19OCT26FUT,9016.0,10,BUY,529890,416250
2026-09-24 14:54:57.228,CRUDEOILM,CE,9400.0,CRUDEOILM15OCT269400CE,350.35,100,BUY_AGGRESSOR,60150,35860
2026-09-24 14:54:57.228,CRUDEOILM,PE,9600.0,CRUDEOILM15OCT269600PE,864.0,50,SELL,1040,1940
2026-09-24 14:55:00.783,CRUDEOIL,CE,9800.0,CRUDEOIL15OCT269800CE,232.0,1000,SELL_AGGRESSOR,271700,100300
2026-09-24 14:55:00.783,CRUDEOILM,CE,9700.0,CRUDEOILM15OCT269700CE,261.3,10,BUY_AGGRESSOR,51640,9730
2026-09-24 14:55:04.339,CRUDEOIL,FUT,0.0,CRUDEOIL19OCT26FUT,9013.0,300,SELL_AGGRESSOR,1885200,1286800
2026-09-24 14:55:04.339,CRUDEOIL,CE,9500.0,CRUDEOIL15OCT269500CE,312.1,100,BUY_AGGRESSOR,1283100,572300
2026-09-24 14:55:04.339,CRUDEOILM,FUT,0.0,CRUDEOILM19OCT26FUT,9011.0,150,SELL_AGGRESSOR,530040,416190
2026-09-24 14:55:04.339,CRUDEOILM,CE,9450.0,CRUDEOILM15OCT269450CE,334.45,10,BUY,34000,14120
2026-09-24 14:55:04.339,CRUDEOILM,CE,9500.0,CRUDEOILM15OCT269500CE,317.35,10,SELL,155310,72980
2026-09-24 14:55:04.339,CRUDEOILM,CE,9650.0,CRUDEOILM15OCT269650CE,272.3,10,SELL_AGGRESSOR,15880,2530
2026-09-24 14:55:04.339,CRUDEOILM,CE,9700.0,CRUDEOILM15OCT269700CE,260.0,20,SELL_AGGRESSOR,51660,9730
2026-09-24 14:55:04.339,CRUDEOILM,CE,9800.0,CRUDEOILM15OCT269800CE,235.0,30,SELL_AGGRESSOR,92010,33900
2026-09-24 14:55:08.016,CRUDEOIL,FUT,0.0,CRUDEOIL19OCT26FUT,9012.0,800,BUY_AGGRESSOR,1886000,1286800
2026-09-24 14:55:11.478,CRUDEOILM,FUT,0.0,CRUDEOILM19OCT26FUT,9014.0,10,BUY_AGGRESSOR,530050,416180
2026-09-24 14:55:11.478,CRUDEOILM,CE,9500.0,CRUDEOILM15OCT269500CE,317.15,100,BUY_AGGRESSOR,155410,73080
2026-09-24 14:55:11.478,CRUDEOILM,PE,9500.0,CRUDEOILM15OCT269500PE,796.25,20,SELL_AGGRESSOR,5920,11340
2026-09-24 14:55:11.478,CRUDEOILM,CE,9700.0,CRUDEOILM15OCT269700CE,260.2,20,BUY,51680,9730
2026-09-24 14:55:15.124,CRUDEOIL,CE,9500.0,CRUDEOIL15OCT269500CE,311.7,100,BUY_AGGRESSOR,1283200,572400
2026-09-24 14:55:15.124,CRUDEOIL,CE,9800.0,CRUDEOIL15OCT269800CE,231.5,100,BUY_AGGRESSOR,271800,100200
2026-09-24 14:55:15.124,CRUDEOILM,FUT,0.0,CRUDEOILM19OCT26FUT,9012.0,90,SELL_AGGRESSOR,530140,416120
2026-09-24 14:55:15.124,CRUDEOILM,CE,9500.0,CRUDEOILM15OCT269500CE,315.5,150,SELL_AGGRESSOR,155560,73130
2026-09-24 14:55:18.752,CRUDEOIL,CE,9850.0,CRUDEOIL15OCT269850CE,218.7,200,SELL_AGGRESSOR,41400,11900
2026-09-24 14:55:22.374,CRUDEOIL,FUT,0.0,CRUDEOIL19OCT26FUT,9013.0,200,BUY_AGGRESSOR,1886200,1286800
2026-09-24 14:55:22.374,CRUDEOIL,CE,9400.0,CRUDEOIL15OCT269400CE,343.4,100,BUY_AGGRESSOR,349300,80000
2026-09-24 14:55:22.374,CRUDEOIL,CE,9900.0,CRUDEOIL15OCT269900CE,209.2,100,SELL,208200,36800
2026-09-24 14:55:25.932,CRUDEOIL,FUT,0.0,CRUDEOIL19OCT26FUT,9012.0,100,SELL_AGGRESSOR,1886300,1286800
2026-09-24 14:55:25.932,CRUDEOILM,FUT,0.0,CRUDEOILM19OCT26FUT,9014.0,10,BUY_AGGRESSOR,530150,416130
2026-09-24 14:55:25.932,CRUDEOILM,CE,9600.0,CRUDEOILM15OCT269600CE,285.7,30,SELL_AGGRESSOR,62640,13660
2026-09-24 14:55:29.597,CRUDEOIL,FUT,0.0,CRUDEOIL19OCT26FUT,9010.0,1600,SELL_AGGRESSOR,1887900,1286300
2026-09-24 14:55:29.597,CRUDEOIL,CE,9500.0,CRUDEOIL15OCT269500CE,309.3,200,SELL_AGGRESSOR,1283400,572400
2026-09-24 14:55:29.597,CRUDEOIL,CE,9600.0,CRUDEOIL15OCT269600CE,280.0,200,SELL_AGGRESSOR,229100,62500
2026-09-24 14:55:29.597,CRUDEOIL,CE,9850.0,CRUDEOIL15OCT269850CE,218.7,100,SELL_AGGRESSOR,41500,11900
2026-09-24 14:55:29.597,CRUDEOILM,FUT,0.0,CRUDEOILM19OCT26FUT,9009.0,480,SELL_AGGRESSOR,530630,415890
2026-09-24 14:55:29.597,CRUDEOILM,CE,9500.0,CRUDEOILM15OCT269500CE,315.0,20,SELL_AGGRESSOR,155580,73140
2026-09-24 14:55:29.597,CRUDEOILM,PE,9550.0,CRUDEOILM15OCT269550PE,838.65,10,BUY_AGGRESSOR,1560,500
2026-09-24 14:55:29.597,CRUDEOILM,CE,9650.0,CRUDEOILM15OCT269650CE,271.0,20,SELL_AGGRESSOR,15900,2530
2026-09-24 14:55:29.597,CRUDEOILM,CE,9800.0,CRUDEOILM15OCT269800CE,234.5,10,SELL_AGGRESSOR,92020,33900
2026-09-24 14:55:33.188,CRUDEOIL,CE,9400.0,CRUDEOIL15OCT269400CE,342.2,200,BUY_AGGRESSOR,349500,80100
2026-09-24 14:55:36.925,CRUDEOIL,FUT,0.0,CRUDEOIL19OCT26FUT,9010.0,100,INSIDE,1888000,1286200
2026-09-24 14:55:36.925,CRUDEOIL,CE,9500.0,CRUDEOIL15OCT269500CE,309.3,200,INSIDE,1283600,572200
2026-09-24 14:55:36.925,CRUDEOILM,FUT,0.0,CRUDEOILM19OCT26FUT,9011.0,20,BUY_AGGRESSOR,530650,415890
2026-09-24 14:55:36.925,CRUDEOILM,CE,9500.0,CRUDEOILM15OCT269500CE,313.3,180,SELL_AGGRESSOR,155760,73100
2026-09-24 14:55:40.566,CRUDEOIL,CE,9550.0,CRUDEOIL15OCT269550CE,292.6,100,SELL_AGGRESSOR,71400,15800
2026-09-24 14:55:40.566,CRUDEOILM,FUT,0.0,CRUDEOILM19OCT26FUT,9009.0,110,SELL,530760,415890
2026-09-24 14:55:40.566,CRUDEOILM,CE,9500.0,CRUDEOILM15OCT269500CE,313.3,10,SELL_AGGRESSOR,155770,73100
2026-09-24 14:55:44.196,CRUDEOIL,FUT,0.0,CRUDEOIL19OCT26FUT,9008.0,200,SELL_AGGRESSOR,1888200,1286200
2026-09-24 14:55:44.196,CRUDEOIL,CE,9500.0,CRUDEOIL15OCT269500CE,309.0,800,SELL,1284400,572900
2026-09-24 14:55:44.196,CRUDEOILM,FUT,0.0,CRUDEOILM19OCT26FUT,9010.0,60,BUY_AGGRESSOR,530820,415930
2026-09-24 14:55:44.196,CRUDEOILM,CE,9500.0,CRUDEOILM15OCT269500CE,312.7,110,SELL_AGGRESSOR,155880,73080
2026-09-24 14:55:44.196,CRUDEOILM,CE,9650.0,CRUDEOILM15OCT269650CE,269.25,10,SELL_AGGRESSOR,15910,2530
2026-09-24 14:55:44.196,CRUDEOILM,CE,9900.0,CRUDEOILM15OCT269900CE,210.25,10,SELL_AGGRESSOR,175430,29230
2026-09-24 14:55:47.754,CRUDEOIL,FUT,0.0,CRUDEOIL19OCT26FUT,9007.0,100,SELL_AGGRESSOR,1888300,1286300
2026-09-24 14:55:47.754,CRUDEOILM,FUT,0.0,CRUDEOILM19OCT26FUT,9011.0,40,BUY_AGGRESSOR,530860,415890
2026-09-24 14:55:51.479,CRUDEOIL,CE,9600.0,CRUDEOIL15OCT269600CE,280.0,100,INSIDE,229200,62500
2026-09-24 14:55:51.479,CRUDEOILM,FUT,0.0,CRUDEOILM19OCT26FUT,9006.0,210,SELL_AGGRESSOR,531070,415870
2026-09-24 14:55:51.479,CRUDEOILM,CE,9800.0,CRUDEOILM15OCT269800CE,232.8,100,SELL_AGGRESSOR,92120,33880
2026-09-24 14:55:55.129,CRUDEOIL,FUT,0.0,CRUDEOIL19OCT26FUT,9010.0,400,BUY_AGGRESSOR,1888700,1286300
2026-09-24 14:55:55.129,CRUDEOILM,FUT,0.0,CRUDEOILM19OCT26FUT,9011.0,80,BUY_AGGRESSOR,531150,415820
2026-09-24 14:55:55.129,CRUDEOILM,CE,9900.0,CRUDEOILM15OCT269900CE,210.3,10,SELL_AGGRESSOR,175440,29230
2026-09-24 14:55:58.720,CRUDEOIL,CE,9500.0,CRUDEOIL15OCT269500CE,309.8,100,BUY,1284500,573000
2026-09-24 14:55:58.720,CRUDEOILM,FUT,0.0,CRUDEOILM19OCT26FUT,9008.0,40,SELL_AGGRESSOR,531190,415850
2026-09-24 14:55:58.720,CRUDEOILM,CE,9500.0,CRUDEOILM15OCT269500CE,313.35,10,BUY,155890,73070
2026-09-24 14:56:02.350,CRUDEOIL,CE,9500.0,CRUDEOIL15OCT269500CE,309.8,100,BUY_AGGRESSOR,1284600,573000
2026-09-24 14:56:05.966,CRUDEOIL,FUT,0.0,CRUDEOIL19OCT26FUT,9010.0,100,INSIDE,1888800,1286200
2026-09-24 14:56:05.966,CRUDEOIL,CE,9800.0,CRUDEOIL15OCT269800CE,229.9,500,BUY_AGGRESSOR,272300,100300
2026-09-24 14:56:09.659,CRUDEOIL,CE,9600.0,CRUDEOIL15OCT269600CE,279.2,100,SELL_AGGRESSOR,229300,62500
2026-09-24 14:56:09.659,CRUDEOILM,FUT,0.0,CRUDEOILM19OCT26FUT,9011.0,40,BUY_AGGRESSOR,531230,415810
2026-09-24 14:56:09.659,CRUDEOILM,CE,9400.0,CRUDEOILM15OCT269400CE,346.2,20,SELL,60170,35860
2026-09-24 14:56:09.659,CRUDEOILM,CE,9550.0,CRUDEOILM15OCT269550CE,299.75,20,SELL_AGGRESSOR,22390,3880
2026-09-24 14:56:09.659,CRUDEOILM,CE,9850.0,CRUDEOILM15OCT269850CE,221.85,10,SELL,14060,3150
2026-09-24 14:56:13.204,CRUDEOIL,FUT,0.0,CRUDEOIL19OCT26FUT,9010.0,100,BUY_AGGRESSOR,1888900,1286200
2026-09-24 14:56:13.204,CRUDEOIL,CE,9500.0,CRUDEOIL15OCT269500CE,309.9,100,BUY_AGGRESSOR,1284700,573100
2026-09-24 14:56:13.204,CRUDEOILM,CE,9650.0,CRUDEOILM15OCT269650CE,270.15,10,BUY,15920,2530
2026-09-24 14:56:13.204,CRUDEOILM,CE,9750.0,CRUDEOILM15OCT269750CE,244.9,30,SELL_AGGRESSOR,12430,3230
2026-09-24 14:56:16.968,CRUDEOIL,FUT,0.0,CRUDEOIL19OCT26FUT,9011.0,100,BUY_AGGRESSOR,1889000,1286200
2026-09-24 14:56:16.968,CRUDEOILM,CE,9750.0,CRUDEOILM15OCT269750CE,244.85,10,SELL_AGGRESSOR,12440,3230
2026-09-24 14:56:20.554,CRUDEOIL,FUT,0.0,CRUDEOIL19OCT26FUT,9010.0,200,BUY_AGGRESSOR,1889200,1286200
2026-09-24 14:56:20.554,CRUDEOILM,FUT,0.0,CRUDEOILM19OCT26FUT,9010.0,10,SELL,531240,415800
2026-09-24 14:56:20.554,CRUDEOILM,CE,9450.0,CRUDEOILM15OCT269450CE,331.5,50,BUY_AGGRESSOR,34050,14150
2026-09-24 14:56:20.554,CRUDEOILM,CE,9900.0,CRUDEOILM15OCT269900CE,210.95,10,BUY,175450,29230
2026-09-24 14:56:24.155,CRUDEOIL,CE,9500.0,CRUDEOIL15OCT269500CE,309.7,100,BUY_AGGRESSOR,1284800,573200
2026-09-24 14:56:24.155,CRUDEOILM,FUT,0.0,CRUDEOILM19OCT26FUT,9007.0,100,SELL_AGGRESSOR,531340,415880
2026-09-24 14:56:27.668,CRUDEOIL,CE,9400.0,CRUDEOIL15OCT269400CE,340.0,300,SELL_AGGRESSOR,349800,79900
2026-09-24 14:56:27.668,CRUDEOIL,CE,9500.0,CRUDEOIL15OCT269500CE,308.4,100,SELL,1284900,573200
2026-09-24 14:56:27.668,CRUDEOIL,CE,9800.0,CRUDEOIL15OCT269800CE,228.9,100,SELL,272400,100400
2026-09-24 14:56:27.668,CRUDEOILM,FUT,0.0,CRUDEOILM19OCT26FUT,9007.0,30,SELL_AGGRESSOR,531370,415870
2026-09-24 14:56:31.161,CRUDEOIL,CE,9400.0,CRUDEOIL15OCT269400CE,340.5,100,BUY_AGGRESSOR,349900,79900
2026-09-24 14:56:31.161,CRUDEOILM,FUT,0.0,CRUDEOILM19OCT26FUT,9009.0,10,BUY_AGGRESSOR,531380,415870
2026-09-24 14:56:34.694,CRUDEOIL,FUT,0.0,CRUDEOIL19OCT26FUT,9009.0,100,BUY_AGGRESSOR,1889300,1286100
2026-09-24 14:56:34.694,CRUDEOIL,CE,9500.0,CRUDEOIL15OCT269500CE,309.2,100,BUY,1285000,573100
2026-09-24 14:56:34.694,CRUDEOIL,PE,9500.0,CRUDEOIL15OCT269500PE,791.0,100,SELL_AGGRESSOR,81500,98400
2026-09-24 14:56:34.694,CRUDEOIL,CE,9700.0,CRUDEOIL15OCT269700CE,253.9,100,BUY_AGGRESSOR,392800,39700
2026-09-24 14:56:34.694,CRUDEOIL,CE,9800.0,CRUDEOIL15OCT269800CE,229.2,100,BUY,272500,100400
2026-09-24 14:56:34.694,CRUDEOILM,FUT,0.0,CRUDEOILM19OCT26FUT,9011.0,90,BUY_AGGRESSOR,531470,415920
2026-09-24 14:56:34.694,CRUDEOILM,CE,9400.0,CRUDEOILM15OCT269400CE,346.7,50,BUY,60220,35850
2026-09-24 14:56:34.694,CRUDEOILM,CE,9500.0,CRUDEOILM15OCT269500CE,314.45,20,BUY_AGGRESSOR,155910,73070
2026-09-24 14:56:38.282,CRUDEOIL,FUT,0.0,CRUDEOIL19OCT26FUT,9012.0,200,BUY_AGGRESSOR,1889500,1286100
2026-09-24 14:56:38.282,CRUDEOIL,CE,9500.0,CRUDEOIL15OCT269500CE,309.0,500,SELL_AGGRESSOR,1285500,572600
2026-09-24 14:56:38.282,CRUDEOIL,PE,9500.0,CRUDEOIL15OCT269500PE,790.0,100,SELL_AGGRESSOR,81600,98400
2026-09-24 14:56:38.282,CRUDEOIL,CE,9800.0,CRUDEOIL15OCT269800CE,230.1,100,BUY_AGGRESSOR,272600,100500
2026-09-24 14:56:38.282,CRUDEOILM,FUT,0.0,CRUDEOILM19OCT26FUT,9014.0,120,BUY_AGGRESSOR,531590,415990
2026-09-24 14:56:38.282,CRUDEOILM,CE,9650.0,CRUDEOILM15OCT269650CE,269.75,10,SELL_AGGRESSOR,15930,2520
2026-09-24 14:56:41.822,CRUDEOIL,CE,9500.0,CRUDEOIL15OCT269500CE,311.7,100,BUY_AGGRESSOR,1285600,572700
2026-09-24 14:56:41.822,CRUDEOIL,CE,9650.0,CRUDEOIL15OCT269650CE,266.6,100,SELL_AGGRESSOR,49300,12900
2026-09-24 14:56:41.822,CRUDEOIL,CE,9700.0,CRUDEOIL15OCT269700CE,254.2,600,SELL_AGGRESSOR,393400,39700
2026-09-24 14:56:41.822,CRUDEOIL,CE,9800.0,CRUDEOIL15OCT269800CE,230.3,200,BUY,272800,100400
2026-09-24 14:56:41.822,CRUDEOIL,CE,9900.0,CRUDEOIL15OCT269900CE,207.6,500,SELL_AGGRESSOR,208700,36800
2026-09-24 14:56:41.822,CRUDEOILM,CE,9900.0,CRUDEOILM15OCT269900CE,211.75,50,SELL_AGGRESSOR,175500,29240
2026-09-24 14:56:45.460,CRUDEOIL,CE,9400.0,CRUDEOIL15OCT269400CE,341.9,200,SELL_AGGRESSOR,350100,79800
2026-09-24 14:56:45.460,CRUDEOIL,CE,9500.0,CRUDEOIL15OCT269500CE,310.1,500,SELL_AGGRESSOR,1286100,572700
2026-09-24 14:56:45.460,CRUDEOIL,CE,9800.0,CRUDEOIL15OCT269800CE,229.2,100,SELL_AGGRESSOR,272900,100200
2026-09-24 14:56:45.460,CRUDEOILM,FUT,0.0,CRUDEOILM19OCT26FUT,9012.0,30,SELL_AGGRESSOR,531620,416020
2026-09-24 14:56:45.460,CRUDEOILM,PE,9350.0,CRUDEOILM15OCT269350PE,699.75,60,BUY_AGGRESSOR,2760,2780
2026-09-24 14:56:45.460,CRUDEOILM,CE,9450.0,CRUDEOILM15OCT269450CE,332.7,40,SELL_AGGRESSOR,34090,14160
2026-09-24 14:56:45.460,CRUDEOILM,CE,9500.0,CRUDEOILM15OCT269500CE,315.45,30,SELL_AGGRESSOR,155940,73070
2026-09-24 14:56:45.460,CRUDEOILM,PE,9500.0,CRUDEOILM15OCT269500PE,795.2,20,BUY_AGGRESSOR,5940,11340
2026-09-24 14:56:45.460,CRUDEOILM,CE,9550.0,CRUDEOILM15OCT269550CE,301.2,10,SELL_AGGRESSOR,22400,3890
2026-09-24 14:56:45.460,CRUDEOILM,CE,9600.0,CRUDEOILM15OCT269600CE,286.35,20,SELL_AGGRESSOR,62660,13660
2026-09-24 14:56:45.460,CRUDEOILM,CE,9650.0,CRUDEOILM15OCT269650CE,271.25,10,SELL_AGGRESSOR,15940,2530
2026-09-24 14:56:45.460,CRUDEOILM,CE,9700.0,CRUDEOILM15OCT269700CE,259.6,20,SELL_AGGRESSOR,51700,9730
2026-09-24 14:56:45.460,CRUDEOILM,CE,9800.0,CRUDEOILM15OCT269800CE,235.05,30,SELL_AGGRESSOR,92150,33880
2026-09-24 14:56:45.460,CRUDEOILM,CE,9850.0,CRUDEOILM15OCT269850CE,222.8,30,SELL_AGGRESSOR,14090,3150
2026-09-24 14:56:49.149,CRUDEOIL,CE,9350.0,CRUDEOIL15OCT269350CE,357.4,100,SELL_AGGRESSOR,94300,23200
2026-09-24 14:56:49.149,CRUDEOILM,FUT,0.0,CRUDEOILM19OCT26FUT,9013.0,600,BUY_AGGRESSOR,532220,416030
2026-09-24 14:56:49.149,CRUDEOILM,CE,9900.0,CRUDEOILM15OCT269900CE,211.0,10,BUY_AGGRESSOR,175510,29240
2026-09-24 14:56:52.824,CRUDEOIL,FUT,0.0,CRUDEOIL19OCT26FUT,9012.0,200,BUY_AGGRESSOR,1889700,1286100
2026-09-24 14:56:52.824,CRUDEOILM,FUT,0.0,CRUDEOILM19OCT26FUT,9013.0,90,BUY_AGGRESSOR,532310,416010
2026-09-24 14:56:52.824,CRUDEOILM,CE,9500.0,CRUDEOILM15OCT269500CE,314.0,10,SELL,155950,73070
2026-09-24 14:56:56.372,CRUDEOILM,FUT,0.0,CRUDEOILM19OCT26FUT,9009.0,50,SELL_AGGRESSOR,532360,416010
2026-09-24 14:56:56.372,CRUDEOILM,CE,9600.0,CRUDEOILM15OCT269600CE,285.35,10,BUY_AGGRESSOR,62670,13660
2026-09-24 14:57:00.060,CRUDEOILM,FUT,0.0,CRUDEOILM19OCT26FUT,9012.0,10,BUY_AGGRESSOR,532370,416000
2026-09-24 14:57:03.612,CRUDEOIL,CE,9700.0,CRUDEOIL15OCT269700CE,252.9,100,BUY_AGGRESSOR,393500,39900
2026-09-24 14:57:03.612,CRUDEOILM,FUT,0.0,CRUDEOILM19OCT26FUT,9010.0,50,SELL,532420,416000
2026-09-24 14:57:03.612,CRUDEOILM,PE,9350.0,CRUDEOILM15OCT269350PE,700.45,20,BUY_AGGRESSOR,2780,2770
2026-09-24 14:57:03.612,CRUDEOILM,CE,9500.0,CRUDEOILM15OCT269500CE,313.5,20,BUY_AGGRESSOR,155970,73070
2026-09-24 14:57:07.314,CRUDEOILM,FUT,0.0,CRUDEOILM19OCT26FUT,9012.0,20,BUY_AGGRESSOR,532440,416000
2026-09-24 14:57:10.937,CRUDEOIL,CE,9500.0,CRUDEOIL15OCT269500CE,309.0,100,BUY_AGGRESSOR,1286200,572800
2026-09-24 14:57:10.937,CRUDEOILM,FUT,0.0,CRUDEOILM19OCT26FUT,9012.0,10,BUY_AGGRESSOR,532450,416000
2026-09-24 14:57:10.937,CRUDEOILM,CE,9500.0,CRUDEOILM15OCT269500CE,313.55,20,BUY_AGGRESSOR,155990,73090
2026-09-24 14:57:14.543,CRUDEOILM,CE,9500.0,CRUDEOILM15OCT269500CE,314.1,60,BUY_AGGRESSOR,156050,73150
2026-09-24 14:57:14.543,CRUDEOILM,CE,9800.0,CRUDEOILM15OCT269800CE,232.85,10,SELL_AGGRESSOR,92160,33890
2026-09-24 14:57:18.118,CRUDEOIL,FUT,0.0,CRUDEOIL19OCT26FUT,9015.0,1200,BUY_AGGRESSOR,1890900,1286100
2026-09-24 14:57:18.118,CRUDEOIL,PE,9500.0,CRUDEOIL15OCT269500PE,787.0,100,SELL_AGGRESSOR,81700,98300
2026-09-24 14:57:18.118,CRUDEOIL,CE,9700.0,CRUDEOIL15OCT269700CE,254.4,300,BUY_AGGRESSOR,393800,39800
2026-09-24 14:57:18.118,CRUDEOIL,CE,9800.0,CRUDEOIL15OCT269800CE,230.1,100,BUY_AGGRESSOR,273000,100200
2026-09-24 14:57:18.118,CRUDEOILM,FUT,0.0,CRUDEOILM19OCT26FUT,9017.0,500,BUY_AGGRESSOR,532950,416030
2026-09-24 14:57:18.118,CRUDEOILM,CE,9350.0,CRUDEOILM15OCT269350CE,367.55,100,BUY_AGGRESSOR,31430,17530
2026-09-24 14:57:18.118,CRUDEOILM,PE,9350.0,CRUDEOILM15OCT269350PE,696.9,40,SELL_AGGRESSOR,2820,2780
2026-09-24 14:57:18.118,CRUDEOILM,CE,9450.0,CRUDEOILM15OCT269450CE,332.65,90,BUY_AGGRESSOR,34180,14160
2026-09-24 14:57:18.118,CRUDEOILM,CE,9500.0,CRUDEOILM15OCT269500CE,314.7,20,BUY_AGGRESSOR,156070,73170
2026-09-24 14:57:18.118,CRUDEOILM,CE,9550.0,CRUDEOILM15OCT269550CE,300.65,10,BUY_AGGRESSOR,22410,3900
2026-09-24 14:57:18.118,CRUDEOILM,CE,9600.0,CRUDEOILM15OCT269600CE,286.35,10,BUY_AGGRESSOR,62680,13650
2026-09-24 14:57:18.118,CRUDEOILM,CE,9700.0,CRUDEOILM15OCT269700CE,259.6,10,BUY_AGGRESSOR,51710,9730
2026-09-24 14:57:18.118,CRUDEOILM,CE,9850.0,CRUDEOILM15OCT269850CE,222.5,10,BUY_AGGRESSOR,14100,3140
2026-09-24 14:57:22.647,CRUDEOILM,FUT,0.0,CRUDEOILM19OCT26FUT,9018.0,50,BUY_AGGRESSOR,533000,415950
2026-09-24 14:57:22.647,CRUDEOILM,CE,9350.0,CRUDEOILM15OCT269350CE,367.95,30,BUY_AGGRESSOR,31460,17540
2026-09-24 14:57:26.264,CRUDEOIL,FUT,0.0,CRUDEOIL19OCT26FUT,9018.0,100,BUY_AGGRESSOR,1891000,1286000
2026-09-24 14:57:26.264,CRUDEOIL,CE,9750.0,CRUDEOIL15OCT269750CE,242.3,200,BUY_AGGRESSOR,51900,12900
2026-09-24 14:57:26.264,CRUDEOILM,FUT,0.0,CRUDEOILM19OCT26FUT,9017.0,10,SELL,533010,415950
2026-09-24 14:57:26.264,CRUDEOILM,CE,9500.0,CRUDEOILM15OCT269500CE,315.4,10,BUY,156080,73180
2026-09-24 14:57:26.264,CRUDEOILM,CE,9650.0,CRUDEOILM15OCT269650CE,272.15,10,BUY_AGGRESSOR,15950,2540
2026-09-24 14:57:29.789,CRUDEOIL,FUT,0.0,CRUDEOIL19OCT26FUT,9017.0,100,SELL,1891100,1286000
2026-09-24 14:57:29.789,CRUDEOILM,FUT,0.0,CRUDEOILM19OCT26FUT,9017.0,160,SELL_AGGRESSOR,533170,415840
2026-09-24 14:57:29.789,CRUDEOILM,CE,9500.0,CRUDEOILM15OCT269500CE,316.3,50,BUY_AGGRESSOR,156130,73190
2026-09-24 14:57:33.408,CRUDEOIL,CE,9400.0,CRUDEOIL15OCT269400CE,343.0,500,BUY_AGGRESSOR,350600,79800
2026-09-24 14:57:33.408,CRUDEOIL,CE,9600.0,CRUDEOIL15OCT269600CE,281.6,100,BUY_AGGRESSOR,229400,62500
2026-09-24 14:57:33.408,CRUDEOIL,CE,9700.0,CRUDEOIL15OCT269700CE,254.7,100,BUY_AGGRESSOR,393900,39800
2026-09-24 14:57:33.408,CRUDEOIL,CE,9800.0,CRUDEOIL15OCT269800CE,230.4,100,BUY_AGGRESSOR,273100,100300
2026-09-24 14:57:33.408,CRUDEOILM,FUT,0.0,CRUDEOILM19OCT26FUT,9020.0,90,BUY_AGGRESSOR,533260,415780
2026-09-24 14:57:33.408,CRUDEOILM,CE,9400.0,CRUDEOILM15OCT269400CE,350.1,100,BUY_AGGRESSOR,60320,35860
2026-09-24 14:57:33.408,CRUDEOILM,CE,9500.0,CRUDEOILM15OCT269500CE,315.8,10,BUY_AGGRESSOR,156140,73200
2026-09-24 14:57:33.408,CRUDEOILM,CE,9600.0,CRUDEOILM15OCT269600CE,288.35,20,BUY_AGGRESSOR,62700,13670
2026-09-24 14:57:37.040,CRUDEOIL,CE,9950.0,CRUDEOIL15OCT269950CE,197.8,100,INSIDE,32800,7100
2026-09-24 14:57:37.040,CRUDEOILM,FUT,0.0,CRUDEOILM19OCT26FUT,9019.0,10,BUY_AGGRESSOR,533270,415770
2026-09-24 14:57:37.040,CRUDEOILM,CE,9500.0,CRUDEOILM15OCT269500CE,317.25,440,BUY_AGGRESSOR,156580,73270
2026-09-24 14:57:37.040,CRUDEOILM,CE,9650.0,CRUDEOILM15OCT269650CE,271.45,250,SELL,16200,2680
2026-09-24 14:57:40.711,CRUDEOIL,FUT,0.0,CRUDEOIL19OCT26FUT,9017.0,100,BUY_AGGRESSOR,1891200,1286000
2026-09-24 14:57:40.711,CRUDEOILM,FUT,0.0,CRUDEOILM19OCT26FUT,9019.0,10,BUY_AGGRESSOR,533280,415760
2026-09-24 14:57:40.711,CRUDEOILM,CE,9500.0,CRUDEOILM15OCT269500CE,315.8,10,BUY_AGGRESSOR,156590,73270
2026-09-24 14:57:44.416,CRUDEOIL,FUT,0.0,CRUDEOIL19OCT26FUT,9019.0,200,BUY_AGGRESSOR,1891400,1286000
2026-09-24 14:57:44.416,CRUDEOIL,CE,9600.0,CRUDEOIL15OCT269600CE,281.4,100,BUY_AGGRESSOR,229500,62500
2026-09-24 14:57:44.416,CRUDEOILM,FUT,0.0,CRUDEOILM19OCT26FUT,9018.0,30,SELL,533310,415750
2026-09-24 14:57:44.416,CRUDEOILM,CE,9500.0,CRUDEOILM15OCT269500CE,316.2,10,BUY_AGGRESSOR,156600,73280
2026-09-24 14:57:44.416,CRUDEOILM,CE,9550.0,CRUDEOILM15OCT269550CE,302.2,100,BUY,22510,3900
2026-09-24 14:57:44.416,CRUDEOILM,CE,9650.0,CRUDEOILM15OCT269650CE,271.8,110,SELL_AGGRESSOR,16310,2690
2026-09-24 14:57:47.959,CRUDEOIL,CE,9500.0,CRUDEOIL15OCT269500CE,310.4,100,BUY,1286300,572700
2026-09-24 14:57:47.959,CRUDEOILM,FUT,0.0,CRUDEOILM19OCT26FUT,9016.0,10,SELL_AGGRESSOR,533320,415750
2026-09-24 14:57:47.959,CRUDEOILM,CE,9400.0,CRUDEOILM15OCT269400CE,349.6,20,BUY_AGGRESSOR,60340,35860
2026-09-24 14:57:47.959,CRUDEOILM,CE,9550.0,CRUDEOILM15OCT269550CE,302.65,20,BUY_AGGRESSOR,22530,3970
2026-09-24 14:57:47.959,CRUDEOILM,CE,9650.0,CRUDEOILM15OCT269650CE,271.75,10,SELL,16320,2700
2026-09-24 14:57:51.475,CRUDEOIL,FUT,0.0,CRUDEOIL19OCT26FUT,9017.0,100,SELL_AGGRESSOR,1891500,1286000
2026-09-24 14:57:51.475,CRUDEOIL,CE,9600.0,CRUDEOIL15OCT269600CE,281.4,100,INSIDE,229600,62500
2026-09-24 14:57:51.475,CRUDEOILM,CE,9500.0,CRUDEOILM15OCT269500CE,316.45,30,BUY_AGGRESSOR,156630,73310
2026-09-24 14:57:51.475,CRUDEOILM,CE,9550.0,CRUDEOILM15OCT269550CE,301.45,10,SELL_AGGRESSOR,22540,3960
2026-09-24 14:57:51.475,CRUDEOILM,CE,9650.0,CRUDEOILM15OCT269650CE,271.65,30,SELL_AGGRESSOR,16350,2700
2026-09-24 14:57:54.981,CRUDEOIL,FUT,0.0,CRUDEOIL19OCT26FUT,9019.0,100,BUY_AGGRESSOR,1891600,1285900
2026-09-24 14:57:54.981,CRUDEOILM,FUT,0.0,CRUDEOILM19OCT26FUT,9019.0,90,BUY_AGGRESSOR,533410,415740
2026-09-24 14:57:58.532,CRUDEOIL,CE,9600.0,CRUDEOIL15OCT269600CE,280.7,200,SELL_AGGRESSOR,229800,62500
2026-09-24 14:57:58.532,CRUDEOIL,CE,9700.0,CRUDEOIL15OCT269700CE,255.0,100,BUY,394000,39700
2026-09-24 14:57:58.532,CRUDEOIL,CE,9800.0,CRUDEOIL15OCT269800CE,230.7,100,BUY,273200,100200
2026-09-24 14:57:58.532,CRUDEOILM,FUT,0.0,CRUDEOILM19OCT26FUT,9017.0,20,SELL_AGGRESSOR,533430,415740
2026-09-24 14:57:58.532,CRUDEOILM,CE,9450.0,CRUDEOILM15OCT269450CE,334.3,100,BUY_AGGRESSOR,34280,14220
2026-09-24 14:57:58.532,CRUDEOILM,CE,9500.0,CRUDEOILM15OCT269500CE,316.2,20,BUY_AGGRESSOR,156650,73310
2026-09-24 14:57:58.532,CRUDEOILM,CE,9550.0,CRUDEOILM15OCT269550CE,301.5,30,SELL_AGGRESSOR,22570,3960
2026-09-24 14:57:58.532,CRUDEOILM,CE,9650.0,CRUDEOILM15OCT269650CE,271.55,10,SELL,16360,2700
2026-09-24 14:57:58.532,CRUDEOILM,CE,9700.0,CRUDEOILM15OCT269700CE,259.6,10,SELL_AGGRESSOR,51720,9720
2026-09-24 14:59:02.084,CRUDEOIL,FUT,0.0,CRUDEOIL19OCT26FUT,9015.0,3400,SELL_AGGRESSOR,1895000,1285700
2026-09-24 14:59:02.084,CRUDEOIL,CE,9350.0,CRUDEOIL15OCT269350CE,358.2,100,SELL_AGGRESSOR,94400,23100
2026-09-24 14:59:02.084,CRUDEOIL,CE,9400.0,CRUDEOIL15OCT269400CE,341.7,1100,SELL_AGGRESSOR,351700,80100
2026-09-24 14:59:02.084,CRUDEOIL,CE,9500.0,CRUDEOIL15OCT269500CE,310.6,700,SELL_AGGRESSOR,1287000,572800
2026-09-24 14:59:02.084,CRUDEOIL,CE,9550.0,CRUDEOIL15OCT269550CE,295.2,100,BUY,71500,15800
2026-09-24 14:59:02.084,CRUDEOIL,CE,9600.0,CRUDEOIL15OCT269600CE,279.3,200,SELL_AGGRESSOR,230000,62500
2026-09-24 14:59:02.084,CRUDEOIL,CE,9650.0,CRUDEOIL15OCT269650CE,267.3,100,BUY,49400,12900
2026-09-24 14:59:02.084,CRUDEOIL,CE,9700.0,CRUDEOIL15OCT269700CE,253.8,100,SELL_AGGRESSOR,394100,39700
2026-09-24 14:59:02.084,CRUDEOIL,CE,9800.0,CRUDEOIL15OCT269800CE,229.5,100,SELL_AGGRESSOR,273300,100100
2026-09-24 14:59:02.084,CRUDEOILM,FUT,0.0,CRUDEOILM19OCT26FUT,9015.0,640,SELL_AGGRESSOR,534070,415520
2026-09-24 14:59:02.084,CRUDEOILM,PE,9350.0,CRUDEOILM15OCT269350PE,698.25,20,BUY_AGGRESSOR,2840,2780
2026-09-24 14:59:02.084,CRUDEOILM,CE,9400.0,CRUDEOILM15OCT269400CE,348.1,40,SELL_AGGRESSOR,60380,35860
2026-09-24 14:59:02.084,CRUDEOILM,CE,9450.0,CRUDEOILM15OCT269450CE,330.7,20,SELL_AGGRESSOR,34300,14240
2026-09-24 14:59:02.084,CRUDEOILM,CE,9500.0,CRUDEOILM15OCT269500CE,315.65,490,SELL,157140,73250
2026-09-24 14:59:02.084,CRUDEOILM,PE,9500.0,CRUDEOILM15OCT269500PE,795.3,10,BUY_AGGRESSOR,5950,11340
2026-09-24 14:59:02.084,CRUDEOILM,CE,9650.0,CRUDEOILM15OCT269650CE,270.85,10,SELL_AGGRESSOR,16370,2700
2026-09-24 14:59:02.084,CRUDEOILM,CE,9800.0,CRUDEOILM15OCT269800CE,233.8,100,SELL_AGGRESSOR,92260,33890
2026-09-24 14:59:02.084,CRUDEOILM,CE,9900.0,CRUDEOILM15OCT269900CE,211.15,10,SELL_AGGRESSOR,175520,29240
2026-09-24 14:59:05.722,CRUDEOILM,FUT,0.0,CRUDEOILM19OCT26FUT,9018.0,10,BUY_AGGRESSOR,534080,415520
2026-09-24 14:59:05.722,CRUDEOILM,CE,9450.0,CRUDEOILM15OCT269450CE,332.55,10,SELL_AGGRESSOR,34310,14240
2026-09-24 14:59:09.276,CRUDEOIL,CE,9500.0,CRUDEOIL15OCT269500CE,310.6,100,INSIDE,1287100,572700
2026-09-24 14:59:12.873,CRUDEOILM,FUT,0.0,CRUDEOILM19OCT26FUT,9017.0,50,SELL_AGGRESSOR,534130,415520
2026-09-24 14:59:16.413,CRUDEOILM,FUT,0.0,CRUDEOILM19OCT26FUT,9018.0,30,SELL_AGGRESSOR,534160,415530
2026-09-24 14:59:16.413,CRUDEOILM,CE,9350.0,CRUDEOILM15OCT269350CE,367.95,20,SELL_AGGRESSOR,31480,17540
2026-09-24 14:59:20.017,CRUDEOIL,CE,9500.0,CRUDEOIL15OCT269500CE,311.3,300,BUY,1287400,573000
2026-09-24 14:59:20.017,CRUDEOILM,FUT,0.0,CRUDEOILM19OCT26FUT,9016.0,20,SELL_AGGRESSOR,534180,415530
2026-09-24 14:59:20.017,CRUDEOILM,CE,9600.0,CRUDEOILM15OCT269600CE,286.8,20,SELL_AGGRESSOR,62720,13650
2026-09-24 14:59:23.697,CRUDEOIL,CE,9400.0,CRUDEOIL15OCT269400CE,344.0,100,BUY_AGGRESSOR,351800,80100
2026-09-24 14:59:23.697,CRUDEOIL,CE,9500.0,CRUDEOIL15OCT269500CE,311.3,100,BUY_AGGRESSOR,1287500,573100
2026-09-24 14:59:23.697,CRUDEOIL,CE,9850.0,CRUDEOIL15OCT269850CE,220.0,500,BUY_AGGRESSOR,42000,12100
2026-09-24 14:59:23.697,CRUDEOILM,FUT,0.0,CRUDEOILM19OCT26FUT,9019.0,20,BUY_AGGRESSOR,534200,415530
2026-09-24 14:59:23.697,CRUDEOILM,CE,9500.0,CRUDEOILM15OCT269500CE,316.1,490,BUY,157630,73370
2026-09-24 14:59:27.331,CRUDEOIL,CE,9500.0,CRUDEOIL15OCT269500CE,311.6,100,BUY_AGGRESSOR,1287600,573200
2026-09-24 14:59:27.331,CRUDEOILM,CE,9400.0,CRUDEOILM15OCT269400CE,349.75,10,BUY_AGGRESSOR,60390,35860
2026-09-24 14:59:27.331,CRUDEOILM,CE,9850.0,CRUDEOILM15OCT269850CE,223.6,10,BUY_AGGRESSOR,14110,3150
2026-09-24 14:59:30.990,CRUDEOILM,FUT,0.0,CRUDEOILM19OCT26FUT,9020.0,10,BUY_AGGRESSOR,534210,415520
2026-09-24 14:59:34.565,CRUDEOIL,CE,9500.0,CRUDEOIL15OCT269500CE,311.6,100,SELL_AGGRESSOR,1287700,573300
2026-09-24 14:59:34.565,CRUDEOILM,FUT,0.0,CRUDEOILM19OCT26FUT,9020.0,30,BUY_AGGRESSOR,534240,415550
2026-09-24 14:59:38.617,CRUDEOIL,CE,9400.0,CRUDEOIL15OCT269400CE,344.8,100,BUY_AGGRESSOR,351900,80100
2026-09-24 14:59:38.617,CRUDEOIL,CE,9700.0,CRUDEOIL15OCT269700CE,255.7,100,BUY,394200,39600
2026-09-24 14:59:38.617,CRUDEOILM,FUT,0.0,CRUDEOILM19OCT26FUT,9020.0,50,BUY_AGGRESSOR,534290,415570
2026-09-24 14:59:42.186,CRUDEOIL,FUT,0.0,CRUDEOIL19OCT26FUT,9021.0,800,BUY_AGGRESSOR,1895800,1285700
2026-09-24 14:59:42.186,CRUDEOILM,FUT,0.0,CRUDEOILM19OCT26FUT,9022.0,40,BUY_AGGRESSOR,534330,415550
2026-09-24 14:59:45.737,CRUDEOILM,CE,9350.0,CRUDEOILM15OCT269350CE,368.3,10,SELL_AGGRESSOR,31490,17550
2026-09-24 14:59:49.280,CRUDEOIL,CE,9400.0,CRUDEOIL15OCT269400CE,344.8,100,INSIDE,352000,80200
2026-09-24 14:59:49.280,CRUDEOILM,CE,9400.0,CRUDEOILM15OCT269400CE,349.45,20,SELL_AGGRESSOR,60410,35860
2026-09-24 14:59:49.280,CRUDEOILM,CE,9600.0,CRUDEOILM15OCT269600CE,287.85,10,BUY,62730,13640
2026-09-24 14:59:52.829,CRUDEOIL,FUT,0.0,CRUDEOIL19OCT26FUT,9020.0,200,SELL_AGGRESSOR,1896000,1285800
2026-09-24 14:59:52.829,CRUDEOIL,CE,9400.0,CRUDEOIL15OCT269400CE,344.8,100,INSIDE,352100,80200
2026-09-24 14:59:52.829,CRUDEOIL,CE,9500.0,CRUDEOIL15OCT269500CE,312.5,300,BUY,1288000,573300
2026-09-24 14:59:52.829,CRUDEOILM,FUT,0.0,CRUDEOILM19OCT26FUT,9022.0,130,BUY_AGGRESSOR,534460,415440
2026-09-24 14:59:52.829,CRUDEOILM,CE,9500.0,CRUDEOILM15OCT269500CE,317.75,50,BUY_AGGRESSOR,157680,73420
2026-09-24 14:59:56.389,CRUDEOIL,FUT,0.0,CRUDEOIL19OCT26FUT,9021.0,1500,BUY,1897500,1286600
2026-09-24 14:59:56.389,CRUDEOILM,FUT,0.0,CRUDEOILM19OCT26FUT,9021.0,30,BUY_AGGRESSOR,534490,415440
2026-09-24 14:59:59.946,CRUDEOIL,FUT,0.0,CRUDEOIL19OCT26FUT,9020.0,500,BUY_AGGRESSOR,1898000,1286700
2026-09-24 14:59:59.946,CRUDEOIL,CE,9500.0,CRUDEOIL15OCT269500CE,311.6,100,SELL_AGGRESSOR,1288100,573500
2026-09-24 14:59:59.946,CRUDEOIL,CE,9800.0,CRUDEOIL15OCT269800CE,231.0,100,SELL_AGGRESSOR,273400,100100
2026-09-24 14:59:59.946,CRUDEOILM,FUT,0.0,CRUDEOILM19OCT26FUT,9019.0,210,SELL_AGGRESSOR,534700,415390
2026-09-24 14:59:59.946,CRUDEOILM,CE,9550.0,CRUDEOILM15OCT269550CE,302.95,10,BUY_AGGRESSOR,22580,3960
2026-09-24 15:00:03.964,CRUDEOIL,FUT,0.0,CRUDEOIL19OCT26FUT,9015.0,700,SELL_AGGRESSOR,1898700,1287500
2026-09-24 15:00:03.964,CRUDEOIL,CE,9500.0,CRUDEOIL15OCT269500CE,311.1,1700,SELL_AGGRESSOR,1289800,574300
2026-09-24 15:00:03.964,CRUDEOIL,CE,9600.0,CRUDEOIL15OCT269600CE,281.5,100,BUY,230100,62500
2026-09-24 15:00:03.964,CRUDEOILM,FUT,0.0,CRUDEOILM19OCT26FUT,9015.0,170,SELL_AGGRESSOR,534870,415340
2026-09-24 15:00:03.964,CRUDEOILM,CE,9400.0,CRUDEOILM15OCT269400CE,347.8,10,SELL_AGGRESSOR,60420,35850
2026-09-24 15:00:03.964,CRUDEOILM,CE,9550.0,CRUDEOILM15OCT269550CE,301.85,10,SELL,22590,3960
2026-09-24 15:00:03.964,CRUDEOILM,CE,9600.0,CRUDEOILM15OCT269600CE,286.8,10,SELL_AGGRESSOR,62740,13650
2026-09-24 15:00:03.964,CRUDEOILM,CE,9650.0,CRUDEOILM15OCT269650CE,270.9,10,SELL_AGGRESSOR,16380,2700
2026-09-24 15:00:03.964,CRUDEOILM,CE,9750.0,CRUDEOILM15OCT269750CE,246.95,10,BUY,12450,3230
2026-09-24 15:00:03.964,CRUDEOILM,CE,9850.0,CRUDEOILM15OCT269850CE,223.2,70,SELL,14180,3200
2026-09-24 15:00:07.486,CRUDEOIL,FUT,0.0,CRUDEOIL19OCT26FUT,9015.0,200,BUY_AGGRESSOR,1898900,1287400
2026-09-24 15:00:07.486,CRUDEOIL,CE,9450.0,CRUDEOIL15OCT269450CE,325.7,100,SELL,71700,23700
2026-09-24 15:00:07.486,CRUDEOILM,FUT,0.0,CRUDEOILM19OCT26FUT,9015.0,20,BUY_AGGRESSOR,534890,415360
2026-09-24 15:00:11.032,CRUDEOIL,FUT,0.0,CRUDEOIL19OCT26FUT,9014.0,100,SELL,1899000,1287500
2026-09-24 15:00:11.032,CRUDEOIL,CE,9500.0,CRUDEOIL15OCT269500CE,309.0,200,SELL,1290000,574300
2026-09-24 15:00:11.032,CRUDEOILM,FUT,0.0,CRUDEOILM19OCT26FUT,9015.0,10,INSIDE,534900,415360
2026-09-24 15:00:14.719,CRUDEOIL,CE,9500.0,CRUDEOIL15OCT269500CE,309.4,100,BUY,1290100,574200
2026-09-24 15:00:18.223,CRUDEOIL,FUT,0.0,CRUDEOIL19OCT26FUT,9012.0,900,SELL_AGGRESSOR,1899900,1287500
2026-09-24 15:00:18.223,CRUDEOIL,CE,9500.0,CRUDEOIL15OCT269500CE,308.3,1000,SELL_AGGRESSOR,1291100,574200
2026-09-24 15:00:18.223,CRUDEOILM,FUT,0.0,CRUDEOILM19OCT26FUT,9014.0,150,SELL_AGGRESSOR,535050,415420
2026-09-24 15:00:18.223,CRUDEOILM,CE,9500.0,CRUDEOILM15OCT269500CE,314.4,60,SELL_AGGRESSOR,157740,73480
2026-09-24 15:00:21.833,CRUDEOILM,FUT,0.0,CRUDEOILM19OCT26FUT,9012.0,20,SELL_AGGRESSOR,535070,415430
2026-09-24 15:00:21.833,CRUDEOILM,CE,9750.0,CRUDEOILM15OCT269750CE,245.45,10,BUY_AGGRESSOR,12460,3240
2026-09-24 15:00:25.366,CRUDEOIL,FUT,0.0,CRUDEOIL19OCT26FUT,9014.0,100,BUY,1900000,1287500
2026-09-24 15:00:25.366,CRUDEOIL,CE,9550.0,CRUDEOIL15OCT269550CE,294.7,100,BUY_AGGRESSOR,71600,15800
2026-09-24 15:00:25.366,CRUDEOILM,FUT,0.0,CRUDEOILM19OCT26FUT,9014.0,20,SELL_AGGRESSOR,535090,415420
2026-09-24 15:00:25.366,CRUDEOILM,CE,9450.0,CRUDEOILM15OCT269450CE,331.9,40,SELL,34350,14250
2026-09-24 15:00:25.366,CRUDEOILM,CE,9650.0,CRUDEOILM15OCT269650CE,269.95,10,BUY_AGGRESSOR,16390,2700
2026-09-24 15:00:25.366,CRUDEOILM,PE,9650.0,CRUDEOILM15OCT269650PE,906.65,10,BUY,680,670
2026-09-24 15:00:28.906,CRUDEOILM,CE,9500.0,CRUDEOILM15OCT269500CE,314.9,30,BUY_AGGRESSOR,157770,73490
2026-09-24 15:00:32.415,CRUDEOILM,FUT,0.0,CRUDEOILM19OCT26FUT,9013.0,140,SELL_AGGRESSOR,535230,415310
2026-09-24 15:00:32.415,CRUDEOILM,CE,9500.0,CRUDEOILM15OCT269500CE,313.15,10,SELL_AGGRESSOR,157780,73490
2026-09-24 15:00:32.415,CRUDEOILM,PE,9500.0,CRUDEOILM15OCT269500PE,796.8,10,BUY_AGGRESSOR,5960,11340
2026-09-24 15:00:32.415,CRUDEOILM,CE,9850.0,CRUDEOILM15OCT269850CE,221.45,20,SELL_AGGRESSOR,14200,3200
2026-09-24 15:00:36.004,CRUDEOIL,FUT,0.0,CRUDEOIL19OCT26FUT,9013.0,200,SELL_AGGRESSOR,1900200,1287700
2026-09-24 15:00:36.004,CRUDEOIL,CE,9550.0,CRUDEOIL15OCT269550CE,294.0,100,SELL,71700,15800
2026-09-24 15:00:36.004,CRUDEOILM,FUT,0.0,CRUDEOILM19OCT26FUT,9012.0,40,SELL_AGGRESSOR,535270,415310
2026-09-24 15:00:36.004,CRUDEOILM,CE,9400.0,CRUDEOILM15OCT269400CE,346.3,10,SELL,60430,35850
2026-09-24 15:00:39.515,CRUDEOIL,FUT,0.0,CRUDEOIL19OCT26FUT,9012.0,4600,SELL_AGGRESSOR,1904800,1292200
2026-09-24 15:00:39.515,CRUDEOIL,CE,9400.0,CRUDEOIL15OCT269400CE,341.1,100,SELL,352200,80200
2026-09-24 15:00:39.515,CRUDEOIL,CE,9600.0,CRUDEOIL15OCT269600CE,278.4,100,SELL_AGGRESSOR,230200,62500
2026-09-24 15:00:39.515,CRUDEOILM,FUT,0.0,CRUDEOILM19OCT26FUT,9012.0,10,INSIDE,535280,415310
2026-09-24 15:00:39.515,CRUDEOILM,CE,9500.0,CRUDEOILM15OCT269500CE,313.0,10,SELL_AGGRESSOR,157790,73490
2026-09-24 15:00:43.184,CRUDEOIL,FUT,0.0,CRUDEOIL19OCT26FUT,9013.0,100,BUY_AGGRESSOR,1904900,1292300
2026-09-24 15:00:43.184,CRUDEOILM,FUT,0.0,CRUDEOILM19OCT26FUT,9010.0,30,SELL_AGGRESSOR,535310,415310
2026-09-24 15:00:43.184,CRUDEOILM,CE,9350.0,CRUDEOILM15OCT269350CE,363.3,70,SELL_AGGRESSOR,31560,17550
2026-09-24 15:00:46.736,CRUDEOIL,FUT,0.0,CRUDEOIL19OCT26FUT,9012.0,200,SELL,1905100,1292500
2026-09-24 15:00:46.736,CRUDEOILM,FUT,0.0,CRUDEOILM19OCT26FUT,9013.0,80,BUY_AGGRESSOR,535390,415310
2026-09-24 15:00:50.441,CRUDEOILM,FUT,0.0,CRUDEOILM19OCT26FUT,9011.0,40,SELL_AGGRESSOR,535430,415330
2026-09-24 15:00:50.441,CRUDEOILM,CE,9800.0,CRUDEOILM15OCT269800CE,233.45,10,BUY_AGGRESSOR,92270,33890
2026-09-24 15:00:53.944,CRUDEOIL,FUT,0.0,CRUDEOIL19OCT26FUT,9012.0,300,SELL_AGGRESSOR,1905400,1292700
2026-09-24 15:00:57.586,CRUDEOILM,FUT,0.0,CRUDEOILM19OCT26FUT,9011.0,40,SELL_AGGRESSOR,535470,415340
2026-09-24 15:01:01.128,CRUDEOIL,FUT,0.0,CRUDEOIL19OCT26FUT,9012.0,200,SELL_AGGRESSOR,1905600,1292700
2026-09-24 15:01:01.128,CRUDEOIL,CE,9500.0,CRUDEOIL15OCT269500CE,309.2,100,BUY,1291200,574800
2026-09-24 15:01:01.128,CRUDEOILM,FUT,0.0,CRUDEOILM19OCT26FUT,9012.0,10,BUY,535480,415340
2026-09-24 15:01:01.128,CRUDEOILM,CE,9800.0,CRUDEOILM15OCT269800CE,233.55,10,BUY_AGGRESSOR,92280,33890
2026-09-24 15:01:04.728,CRUDEOIL,FUT,0.0,CRUDEOIL19OCT26FUT,9012.0,500,SELL_AGGRESSOR,1906100,1292700
2026-09-24 15:01:04.728,CRUDEOILM,FUT,0.0,CRUDEOILM19OCT26FUT,9012.0,100,SELL_AGGRESSOR,535580,415340
2026-09-24 15:01:08.303,CRUDEOILM,FUT,0.0,CRUDEOILM19OCT26FUT,9012.0,10,SELL_AGGRESSOR,535590,415350
2026-09-24 15:01:11.843,CRUDEOIL,CE,9500.0,CRUDEOIL15OCT269500CE,310.5,500,BUY_AGGRESSOR,1291700,574300
2026-09-24 15:01:11.843,CRUDEOILM,FUT,0.0,CRUDEOILM19OCT26FUT,9015.0,10,BUY_AGGRESSOR,535600,415350
2026-09-24 15:01:11.843,CRUDEOILM,CE,9850.0,CRUDEOILM15OCT269850CE,222.45,20,BUY_AGGRESSOR,14220,3190
2026-09-24 15:01:15.424,CRUDEOIL,CE,9400.0,CRUDEOIL15OCT269400CE,341.5,100,SELL_AGGRESSOR,352300,80200
2026-09-24 15:01:15.424,CRUDEOILM,FUT,0.0,CRUDEOILM19OCT26FUT,9017.0,100,BUY_AGGRESSOR,535700,415350
2026-09-24 15:01:15.424,CRUDEOILM,CE,9650.0,CRUDEOILM15OCT269650CE,270.55,90,BUY_AGGRESSOR,16480,2740
2026-09-24 15:01:15.424,CRUDEOILM,CE,9750.0,CRUDEOILM15OCT269750CE,246.05,20,BUY_AGGRESSOR,12480,3260
2026-09-24 15:01:19.020,CRUDEOIL,CE,9500.0,CRUDEOIL15OCT269500CE,310.4,300,SELL,1292000,574600
2026-09-24 15:01:19.020,CRUDEOIL,CE,9900.0,CRUDEOIL15OCT269900CE,206.5,100,SELL_AGGRESSOR,208800,36300
2026-09-24 15:01:19.020,CRUDEOILM,FUT,0.0,CRUDEOILM19OCT26FUT,9016.0,30,SELL,535730,415380
2026-09-24 15:01:22.696,CRUDEOIL,FUT,0.0,CRUDEOIL19OCT26FUT,9016.0,500,BUY_AGGRESSOR,1906600,1292300
2026-09-24 15:01:22.696,CRUDEOILM,FUT,0.0,CRUDEOILM19OCT26FUT,9016.0,70,INSIDE,535800,415390
2026-09-24 15:01:22.696,CRUDEOILM,CE,9450.0,CRUDEOILM15OCT269450CE,332.25,10,BUY,34360,14260
2026-09-24 15:01:26.291,CRUDEOIL,FUT,0.0,CRUDEOIL19OCT26FUT,9012.0,400,SELL_AGGRESSOR,1907000,1292400
2026-09-24 15:01:26.291,CRUDEOIL,CE,9500.0,CRUDEOIL15OCT269500CE,308.9,1100,SELL_AGGRESSOR,1293100,574800
2026-09-24 15:01:26.291,CRUDEOIL,CE,9600.0,CRUDEOIL15OCT269600CE,280.7,100,BUY,230300,62500
2026-09-24 15:01:26.291,CRUDEOILM,FUT,0.0,CRUDEOILM19OCT26FUT,9013.0,290,SELL_AGGRESSOR,536090,415390
2026-09-24 15:01:26.291,CRUDEOILM,CE,9650.0,CRUDEOILM15OCT269650CE,270.05,40,SELL_AGGRESSOR,16520,2740
2026-09-24 15:01:30.210,CRUDEOIL,CE,9850.0,CRUDEOIL15OCT269850CE,217.3,500,SELL,42500,12200
2026-09-24 15:01:30.210,CRUDEOILM,FUT,0.0,CRUDEOILM19OCT26FUT,9013.0,30,BUY_AGGRESSOR,536120,415330
2026-09-24 15:01:33.779,CRUDEOILM,FUT,0.0,CRUDEOILM19OCT26FUT,9013.0,30,BUY_AGGRESSOR,536150,415330
2026-09-24 15:01:37.521,CRUDEOIL,CE,9500.0,CRUDEOIL15OCT269500CE,309.2,100,BUY_AGGRESSOR,1293200,574800
2026-09-24 15:01:37.521,CRUDEOILM,FUT,0.0,CRUDEOILM19OCT26FUT,9012.0,40,SELL,536190,415360
2026-09-24 15:01:41.026,CRUDEOILM,FUT,0.0,CRUDEOILM19OCT26FUT,9013.0,50,BUY,536240,415360
2026-09-24 15:01:44.821,CRUDEOIL,FUT,0.0,CRUDEOIL19OCT26FUT,9012.0,100,INSIDE,1907100,1292300
2026-09-24 15:01:44.821,CRUDEOIL,CE,9450.0,CRUDEOIL15OCT269450CE,324.9,100,BUY_AGGRESSOR,71800,23700
2026-09-24 15:01:44.821,CRUDEOIL,CE,9500.0,CRUDEOIL15OCT269500CE,309.2,200,BUY_AGGRESSOR,1293400,575100
2026-09-24 15:01:44.821,CRUDEOILM,FUT,0.0,CRUDEOILM19OCT26FUT,9011.0,90,SELL_AGGRESSOR,536330,415360
2026-09-24 15:01:48.328,CRUDEOIL,CE,9500.0,CRUDEOIL15OCT269500CE,309.0,300,SELL,1293700,575000
2026-09-24 15:01:48.328,CRUDEOILM,CE,9550.0,CRUDEOILM15OCT269550CE,298.9,10,SELL,22600,3960
2026-09-24 15:01:52.140,CRUDEOIL,CE,9850.0,CRUDEOIL15OCT269850CE,218.8,500,BUY_AGGRESSOR,43000,12200
2026-09-24 15:01:52.140,CRUDEOILM,FUT,0.0,CRUDEOILM19OCT26FUT,9015.0,100,BUY_AGGRESSOR,536430,415380
2026-09-24 15:01:52.140,CRUDEOILM,CE,9350.0,CRUDEOILM15OCT269350CE,364.1,20,SELL_AGGRESSOR,31580,17540
2026-09-24 15:01:55.737,CRUDEOIL,PE,9500.0,CRUDEOIL15OCT269500PE,790.0,100,BUY_AGGRESSOR,81800,98400
2026-09-24 15:01:55.737,CRUDEOILM,CE,9800.0,CRUDEOILM15OCT269800CE,233.55,250,INSIDE,92530,34140
2026-09-24 15:01:59.522,CRUDEOIL,CE,9750.0,CRUDEOIL15OCT269750CE,240.9,100,SELL,52000,12900
2026-09-24 15:02:03.081,CRUDEOIL,CE,9500.0,CRUDEOIL15OCT269500CE,309.0,100,BUY_AGGRESSOR,1293800,574900
2026-09-24 15:02:03.081,CRUDEOILM,FUT,0.0,CRUDEOILM19OCT26FUT,9012.0,10,SELL_AGGRESSOR,536440,415380
2026-09-24 15:02:06.803,CRUDEOIL,FUT,0.0,CRUDEOIL19OCT26FUT,9012.0,100,SELL_AGGRESSOR,1907200,1292400
2026-09-24 15:02:06.803,CRUDEOIL,CE,9900.0,CRUDEOIL15OCT269900CE,205.8,600,SELL_AGGRESSOR,209400,36000
2026-09-24 15:02:06.803,CRUDEOILM,FUT,0.0,CRUDEOILM19OCT26FUT,9012.0,30,SELL_AGGRESSOR,536470,415400
2026-09-24 15:02:14.076,CRUDEOIL,FUT,0.0,CRUDEOIL19OCT26FUT,9011.0,400,SELL_AGGRESSOR,1907600,1292300
2026-09-24 15:02:14.076,CRUDEOIL,CE,9500.0,CRUDEOIL15OCT269500CE,309.0,100,INSIDE,1293900,575000
2026-09-24 15:02:17.774,CRUDEOILM,FUT,0.0,CRUDEOILM19OCT26FUT,9015.0,140,BUY_AGGRESSOR,536610,415300
2026-09-24 15:02:21.381,CRUDEOIL,CE,9500.0,CRUDEOIL15OCT269500CE,309.5,100,BUY_AGGRESSOR,1294000,575100
2026-09-24 15:02:21.381,CRUDEOIL,CE,9850.0,CRUDEOIL15OCT269850CE,218.2,100,SELL,43100,12200
2026-09-24 15:02:21.381,CRUDEOILM,CE,9700.0,CRUDEOILM15OCT269700CE,258.4,10,BUY_AGGRESSOR,51730,9710
2026-09-24 15:02:24.942,CRUDEOIL,FUT,0.0,CRUDEOIL19OCT26FUT,9014.0,400,BUY,1908000,1292300
2026-09-24 15:02:24.942,CRUDEOILM,FUT,0.0,CRUDEOILM19OCT26FUT,9014.0,90,SELL,536700,415320
2026-09-24 15:02:24.942,CRUDEOILM,CE,9400.0,CRUDEOILM15OCT269400CE,346.2,10,SELL,60440,35850
2026-09-24 15:02:28.496,CRUDEOIL,CE,9800.0,CRUDEOIL15OCT269800CE,228.5,400,SELL_AGGRESSOR,273800,100100
2026-09-24 15:02:28.496,CRUDEOILM,FUT,0.0,CRUDEOILM19OCT26FUT,9014.0,10,INSIDE,536710,415320
2026-09-24 15:02:32.120,CRUDEOIL,CE,9650.0,CRUDEOIL15OCT269650CE,267.3,100,INSIDE,49500,13000
2026-09-24 15:02:32.120,CRUDEOILM,FUT,0.0,CRUDEOILM19OCT26FUT,9016.0,90,BUY_AGGRESSOR,536800,415360
2026-09-24 15:02:35.702,CRUDEOIL,CE,9500.0,CRUDEOIL15OCT269500CE,310.0,100,BUY,1294100,575100
2026-09-24 15:02:35.702,CRUDEOILM,FUT,0.0,CRUDEOILM19OCT26FUT,9014.0,10,SELL_AGGRESSOR,536810,415350
2026-09-24 15:02:39.344,CRUDEOIL,FUT,0.0,CRUDEOIL19OCT26FUT,9014.0,100,BUY_AGGRESSOR,1908100,1292300
2026-09-24 15:02:39.344,CRUDEOIL,CE,9500.0,CRUDEOIL15OCT269500CE,309.7,300,SELL,1294400,575200
2026-09-24 15:02:39.344,CRUDEOILM,CE,9500.0,CRUDEOILM15OCT269500CE,315.3,100,BUY,157890,73510
2026-09-24 15:02:39.344,CRUDEOILM,CE,9700.0,CRUDEOILM15OCT269700CE,258.65,10,BUY,51740,9710
2026-09-24 15:02:46.563,CRUDEOIL,CE,9500.0,CRUDEOIL15OCT269500CE,309.8,200,BUY_AGGRESSOR,1294600,575300
2026-09-24 15:02:46.563,CRUDEOILM,FUT,0.0,CRUDEOILM19OCT26FUT,9016.0,130,BUY_AGGRESSOR,536940,415220
2026-09-24 15:02:46.563,CRUDEOILM,CE,9650.0,CRUDEOILM15OCT269650CE,269.55,10,SELL_AGGRESSOR,16530,2740
2026-09-24 15:02:46.563,CRUDEOILM,CE,9800.0,CRUDEOILM15OCT269800CE,232.9,70,SELL_AGGRESSOR,92600,34140
2026-09-24 15:02:46.563,CRUDEOILM,CE,9900.0,CRUDEOILM15OCT269900CE,210.05,10,SELL_AGGRESSOR,175530,29240
2026-09-24 15:02:50.207,CRUDEOIL,FUT,0.0,CRUDEOIL19OCT26FUT,9011.0,300,SELL_AGGRESSOR,1908400,1292000
2026-09-24 15:02:50.207,CRUDEOIL,CE,9400.0,CRUDEOIL15OCT269400CE,340.6,100,SELL_AGGRESSOR,352400,80200
2026-09-24 15:02:50.207,CRUDEOIL,CE,9500.0,CRUDEOIL15OCT269500CE,308.0,300,SELL_AGGRESSOR,1294900,575300
2026-09-24 15:02:50.207,CRUDEOIL,CE,9700.0,CRUDEOIL15OCT269700CE,252.8,400,SELL_AGGRESSOR,394600,39600
2026-09-24 15:02:50.207,CRUDEOIL,CE,9800.0,CRUDEOIL15OCT269800CE,228.6,100,SELL_AGGRESSOR,273900,100100
2026-09-24 15:02:50.207,CRUDEOIL,CE,9900.0,CRUDEOIL15OCT269900CE,205.9,200,SELL_AGGRESSOR,209600,36000
2026-09-24 15:02:50.207,CRUDEOILM,FUT,0.0,CRUDEOILM19OCT26FUT,9013.0,80,SELL,537020,415140
2026-09-24 15:02:50.207,CRUDEOILM,CE,9350.0,CRUDEOILM15OCT269350CE,364.0,10,SELL_AGGRESSOR,31590,17540
2026-09-24 15:02:50.207,CRUDEOILM,CE,9500.0,CRUDEOILM15OCT269500CE,314.55,100,BUY_AGGRESSOR,157990,73620
2026-09-24 15:02:50.207,CRUDEOILM,CE,9900.0,CRUDEOILM15OCT269900CE,210.3,10,BUY,175540,29240
2026-09-24 15:02:53.883,CRUDEOIL,FUT,0.0,CRUDEOIL19OCT26FUT,9015.0,1000,BUY_AGGRESSOR,1909400,1291900
2026-09-24 15:02:53.883,CRUDEOIL,CE,9950.0,CRUDEOIL15OCT269950CE,197.8,100,BUY_AGGRESSOR,32900,7200
2026-09-24 15:02:53.883,CRUDEOILM,FUT,0.0,CRUDEOILM19OCT26FUT,9015.0,10,BUY_AGGRESSOR,537030,415140
2026-09-24 15:02:57.504,CRUDEOILM,FUT,0.0,CRUDEOILM19OCT26FUT,9016.0,10,BUY_AGGRESSOR,537040,415140
2026-09-24 15:03:01.036,CRUDEOIL,FUT,0.0,CRUDEOIL19OCT26FUT,9017.0,100,BUY_AGGRESSOR,1909500,1292300
2026-09-24 15:03:01.036,CRUDEOIL,CE,9500.0,CRUDEOIL15OCT269500CE,310.0,200,BUY_AGGRESSOR,1295100,575300
2026-09-24 15:03:01.036,CRUDEOIL,PE,9500.0,CRUDEOIL15OCT269500PE,788.0,100,SELL,81900,98500
2026-09-24 15:03:01.036,CRUDEOILM,FUT,0.0,CRUDEOILM19OCT26FUT,9017.0,20,BUY_AGGRESSOR,537060,415150
2026-09-24 15:03:01.036,CRUDEOILM,CE,9650.0,CRUDEOILM15OCT269650CE,270.75,10,BUY,16540,2750
2026-09-24 15:03:08.201,CRUDEOIL,FUT,0.0,CRUDEOIL19OCT26FUT,9013.0,100,SELL_AGGRESSOR,1909600,1292400
2026-09-24 15:03:08.201,CRUDEOIL,CE,9500.0,CRUDEOIL15OCT269500CE,309.1,100,SELL_AGGRESSOR,1295200,575200
2026-09-24 15:03:08.201,CRUDEOILM,CE,9500.0,CRUDEOILM15OCT269500CE,315.0,10,BUY,158000,73610
2026-09-24 15:03:08.201,CRUDEOILM,CE,9700.0,CRUDEOILM15OCT269700CE,259.45,10,BUY_AGGRESSOR,51750,9710
2026-09-24 15:03:08.201,CRUDEOILM,CE,9800.0,CRUDEOILM15OCT269800CE,234.0,60,BUY,92660,34020
2026-09-24 15:03:11.830,CRUDEOIL,FUT,0.0,CRUDEOIL19OCT26FUT,9016.0,100,BUY_AGGRESSOR,1909700,1292400
2026-09-24 15:03:11.830,CRUDEOIL,CE,9500.0,CRUDEOIL15OCT269500CE,310.4,100,BUY,1295300,575300
2026-09-24 15:03:11.830,CRUDEOILM,CE,9500.0,CRUDEOILM15OCT269500CE,314.9,10,SELL_AGGRESSOR,158010,73600
2026-09-24 15:03:15.662,CRUDEOIL,CE,9500.0,CRUDEOIL15OCT269500CE,309.6,100,SELL,1295400,575300
2026-09-24 15:03:15.662,CRUDEOILM,FUT,0.0,CRUDEOILM19OCT26FUT,9015.0,50,SELL_AGGRESSOR,537110,415130
2026-09-24 15:03:15.662,CRUDEOILM,CE,9400.0,CRUDEOILM15OCT269400CE,346.95,10,BUY,60450,35850
2026-09-24 15:03:19.206,CRUDEOIL,CE,9500.0,CRUDEOIL15OCT269500CE,309.7,100,BUY,1295500,575300
2026-09-24 15:03:26.521,CRUDEOILM,FUT,0.0,CRUDEOILM19OCT26FUT,9016.0,10,BUY_AGGRESSOR,537120,415140
2026-09-24 15:03:26.521,CRUDEOILM,CE,9400.0,CRUDEOILM15OCT269400CE,346.2,10,SELL_AGGRESSOR,60460,35850
2026-09-24 15:03:26.521,CRUDEOILM,CE,9850.0,CRUDEOILM15OCT269850CE,222.7,10,BUY_AGGRESSOR,14230,3200
2026-09-24 15:03:30.186,CRUDEOIL,FUT,0.0,CRUDEOIL19OCT26FUT,9016.0,100,INSIDE,1909800,1292500
2026-09-24 15:03:30.186,CRUDEOILM,FUT,0.0,CRUDEOILM19OCT26FUT,9015.0,10,SELL_AGGRESSOR,537130,415140
2026-09-24 15:03:30.186,CRUDEOILM,CE,9350.0,CRUDEOILM15OCT269350CE,366.15,20,BUY_AGGRESSOR,31610,17540
2026-09-24 15:03:33.738,CRUDEOILM,FUT,0.0,CRUDEOILM19OCT26FUT,9013.0,150,SELL_AGGRESSOR,537280,415200
2026-09-24 15:03:33.738,CRUDEOILM,CE,9800.0,CRUDEOILM15OCT269800CE,234.0,190,BUY_AGGRESSOR,92850,34020
2026-09-24 15:03:37.481,CRUDEOILM,FUT,0.0,CRUDEOILM19OCT26FUT,9017.0,10,BUY_AGGRESSOR,537290,415260
2026-09-24 15:03:40.951,CRUDEOILM,CE,9500.0,CRUDEOILM15OCT269500CE,316.3,10,BUY_AGGRESSOR,158020,73610
2026-09-24 15:03:44.609,CRUDEOIL,CE,9400.0,CRUDEOIL15OCT269400CE,342.5,100,BUY_AGGRESSOR,352500,80100
2026-09-24 15:03:44.609,CRUDEOIL,CE,9500.0,CRUDEOIL15OCT269500CE,310.1,800,SELL_AGGRESSOR,1296300,574500
2026-09-24 15:03:44.609,CRUDEOILM,FUT,0.0,CRUDEOILM19OCT26FUT,9016.0,30,SELL,537320,415280
2026-09-24 15:03:44.609,CRUDEOILM,CE,9900.0,CRUDEOILM15OCT269900CE,211.25,20,BUY,175560,29240
2026-09-24 15:03:48.232,CRUDEOIL,FUT,0.0,CRUDEOIL19OCT26FUT,9016.0,100,SELL_AGGRESSOR,1909900,1292500
2026-09-24 15:03:48.232,CRUDEOIL,CE,9500.0,CRUDEOIL15OCT269500CE,309.0,2000,SELL_AGGRESSOR,1298300,574900
2026-09-24 15:03:48.232,CRUDEOILM,CE,9500.0,CRUDEOILM15OCT269500CE,316.25,50,SELL,158070,73610
2026-09-24 15:03:51.842,CRUDEOIL,FUT,0.0,CRUDEOIL19OCT26FUT,9017.0,200,BUY_AGGRESSOR,1910100,1292600
2026-09-24 15:03:51.842,CRUDEOIL,CE,9350.0,CRUDEOIL15OCT269350CE,358.5,100,SELL_AGGRESSOR,94500,23000
2026-09-24 15:03:51.842,CRUDEOIL,CE,9400.0,CRUDEOIL15OCT269400CE,342.3,100,SELL,352600,80100
2026-09-24 15:03:51.842,CRUDEOIL,CE,9500.0,CRUDEOIL15OCT269500CE,309.7,100,SELL_AGGRESSOR,1298400,574900
2026-09-24 15:03:51.842,CRUDEOIL,PE,9500.0,CRUDEOIL15OCT269500PE,787.9,100,BUY_AGGRESSOR,82000,98500
2026-09-24 15:03:51.842,CRUDEOIL,CE,9700.0,CRUDEOIL15OCT269700CE,253.8,100,SELL_AGGRESSOR,394700,39600
2026-09-24 15:03:51.842,CRUDEOIL,CE,9800.0,CRUDEOIL15OCT269800CE,229.5,100,SELL_AGGRESSOR,274000,100100
2026-09-24 15:03:51.842,CRUDEOILM,FUT,0.0,CRUDEOILM19OCT26FUT,9015.0,140,SELL_AGGRESSOR,537460,415320
2026-09-24 15:03:51.842,CRUDEOILM,CE,9750.0,CRUDEOILM15OCT269750CE,246.05,60,SELL_AGGRESSOR,12540,3320
2026-09-24 15:03:55.565,CRUDEOIL,FUT,0.0,CRUDEOIL19OCT26FUT,9016.0,1000,BUY_AGGRESSOR,1911100,1292600
2026-09-24 15:03:55.565,CRUDEOIL,CE,9700.0,CRUDEOIL15OCT269700CE,254.3,400,BUY_AGGRESSOR,395100,39500
2026-09-24 15:03:55.565,CRUDEOIL,CE,9900.0,CRUDEOIL15OCT269900CE,207.2,200,BUY,209800,36100
2026-09-24 15:03:55.565,CRUDEOILM,FUT,0.0,CRUDEOILM19OCT26FUT,9016.0,30,BUY_AGGRESSOR,537490,415320
2026-09-24 15:03:55.565,CRUDEOILM,CE,9400.0,CRUDEOILM15OCT269400CE,347.55,30,BUY,60490,35870
2026-09-24 15:03:55.565,CRUDEOILM,CE,9500.0,CRUDEOILM15OCT269500CE,315.75,70,BUY_AGGRESSOR,158140,73610
2026-09-24 15:03:55.565,CRUDEOILM,CE,9600.0,CRUDEOILM15OCT269600CE,286.55,20,BUY_AGGRESSOR,62760,13650
2026-09-24 15:03:55.565,CRUDEOILM,CE,9650.0,CRUDEOILM15OCT269650CE,271.2,10,BUY,16550,2740
2026-09-24 15:03:55.565,CRUDEOILM,CE,9800.0,CRUDEOILM15OCT269800CE,234.3,20,BUY_AGGRESSOR,92870,34040
2026-09-24 15:03:55.565,CRUDEOILM,CE,9850.0,CRUDEOILM15OCT269850CE,223.15,10,BUY,14240,3200
2026-09-24 15:03:55.565,CRUDEOILM,CE,9900.0,CRUDEOILM15OCT269900CE,212.45,270,BUY_AGGRESSOR,175830,29240
2026-09-24 15:04:02.836,CRUDEOIL,FUT,0.0,CRUDEOIL19OCT26FUT,9015.0,100,SELL_AGGRESSOR,1911200,1292500
2026-09-24 15:04:02.836,CRUDEOILM,FUT,0.0,CRUDEOILM19OCT26FUT,9016.0,30,SELL_AGGRESSOR,537520,415330
2026-09-24 15:04:02.836,CRUDEOILM,CE,9750.0,CRUDEOILM15OCT269750CE,246.75,10,BUY_AGGRESSOR,12550,3320
2026-09-24 15:04:02.836,CRUDEOILM,CE,9850.0,CRUDEOILM15OCT269850CE,223.95,10,BUY_AGGRESSOR,14250,3190
2026-09-24 15:04:06.396,CRUDEOIL,CE,9400.0,CRUDEOIL15OCT269400CE,343.6,100,BUY_AGGRESSOR,352700,80100
2026-09-24 15:04:06.396,CRUDEOIL,CE,9500.0,CRUDEOIL15OCT269500CE,310.4,100,SELL_AGGRESSOR,1298500,574800
2026-09-24 15:04:06.396,CRUDEOIL,CE,9600.0,CRUDEOIL15OCT269600CE,281.9,100,BUY_AGGRESSOR,230400,62500
2026-09-24 15:04:13.596,CRUDEOILM,CE,9450.0,CRUDEOILM15OCT269450CE,334.15,20,BUY_AGGRESSOR,34380,14260
2026-09-24 15:04:17.364,CRUDEOILM,FUT,0.0,CRUDEOILM19OCT26FUT,9019.0,50,BUY_AGGRESSOR,537570,415280
2026-09-24 15:04:17.364,CRUDEOILM,CE,9850.0,CRUDEOILM15OCT269850CE,223.45,30,SELL,14280,3190
2026-09-24 15:04:20.935,CRUDEOILM,CE,9450.0,CRUDEOILM15OCT269450CE,334.1,10,SELL,34390,14260
2026-09-24 15:04:24.615,CRUDEOILM,FUT,0.0,CRUDEOILM19OCT26FUT,9019.0,40,BUY_AGGRESSOR,537610,415270
2026-09-24 15:04:24.615,CRUDEOILM,CE,9350.0,CRUDEOILM15OCT269350CE,366.4,20,BUY,31630,17540
2026-09-24 15:04:24.615,CRUDEOILM,CE,9750.0,CRUDEOILM15OCT269750CE,245.9,10,SELL,12560,3320
2026-09-24 15:04:24.615,CRUDEOILM,CE,9850.0,CRUDEOILM15OCT269850CE,223.4,40,SELL,14320,3230
2026-09-24 15:04:24.615,CRUDEOILM,CE,9900.0,CRUDEOILM15OCT269900CE,211.9,10,SELL_AGGRESSOR,175840,29250
2026-09-24 15:04:28.209,CRUDEOIL,FUT,0.0,CRUDEOIL19OCT26FUT,9015.0,900,SELL_AGGRESSOR,1912100,1292400
2026-09-24 15:04:28.209,CRUDEOIL,CE,9400.0,CRUDEOIL15OCT269400CE,342.5,100,SELL_AGGRESSOR,352800,80100
2026-09-24 15:04:28.209,CRUDEOIL,CE,9500.0,CRUDEOIL15OCT269500CE,310.5,100,SELL_AGGRESSOR,1298600,574900
2026-09-24 15:04:28.209,CRUDEOIL,CE,9700.0,CRUDEOIL15OCT269700CE,254.7,100,SELL_AGGRESSOR,395200,39500
2026-09-24 15:04:28.209,CRUDEOIL,CE,9800.0,CRUDEOIL15OCT269800CE,230.4,100,SELL_AGGRESSOR,274100,100100
2026-09-24 15:04:28.209,CRUDEOILM,FUT,0.0,CRUDEOILM19OCT26FUT,9017.0,50,SELL_AGGRESSOR,537660,415250
2026-09-24 15:04:28.209,CRUDEOILM,CE,9700.0,CRUDEOILM15OCT269700CE,258.85,1000,SELL_AGGRESSOR,52750,9780
2026-09-24 15:04:31.800,CRUDEOIL,FUT,0.0,CRUDEOIL19OCT26FUT,9015.0,100,INSIDE,1912200,1292400
2026-09-24 15:04:31.800,CRUDEOILM,FUT,0.0,CRUDEOILM19OCT26FUT,9016.0,20,SELL_AGGRESSOR,537680,415240
2026-09-24 15:04:31.800,CRUDEOILM,CE,9550.0,CRUDEOILM15OCT269550CE,300.45,30,BUY,22630,3960
2026-09-24 15:04:38.992,CRUDEOILM,FUT,0.0,CRUDEOILM19OCT26FUT,9017.0,10,SELL_AGGRESSOR,537690,415240
2026-09-24 15:04:42.695,CRUDEOIL,FUT,0.0,CRUDEOIL19OCT26FUT,9017.0,100,BUY_AGGRESSOR,1912300,1292500
2026-09-24 15:04:42.695,CRUDEOIL,CE,9800.0,CRUDEOIL15OCT269800CE,230.4,100,BUY_AGGRESSOR,274200,100100
2026-09-24 15:04:42.695,CRUDEOILM,CE,9400.0,CRUDEOILM15OCT269400CE,347.15,10,SELL,60500,35870
2026-09-24 15:04:42.695,CRUDEOILM,CE,9500.0,CRUDEOILM15OCT269500CE,315.25,10,SELL,158150,73620
2026-09-24 15:04:46.196,CRUDEOIL,CE,9750.0,CRUDEOIL15OCT269750CE,240.9,400,SELL_AGGRESSOR,52400,12900
2026-09-24 15:04:46.196,CRUDEOILM,FUT,0.0,CRUDEOILM19OCT26FUT,9016.0,470,SELL_AGGRESSOR,538160,414910
2026-09-24 15:04:46.196,CRUDEOILM,CE,9450.0,CRUDEOILM15OCT269450CE,333.15,10,BUY_AGGRESSOR,34400,14270
2026-09-24 15:04:50.001,CRUDEOIL,FUT,0.0,CRUDEOIL19OCT26FUT,9016.0,500,SELL,1912800,1292900
2026-09-24 15:04:50.001,CRUDEOIL,CE,9400.0,CRUDEOIL15OCT269400CE,342.0,100,SELL_AGGRESSOR,352900,80200
2026-09-24 15:04:50.001,CRUDEOIL,CE,9500.0,CRUDEOIL15OCT269500CE,310.0,100,SELL,1298700,575000
2026-09-24 15:04:50.001,CRUDEOILM,FUT,0.0,CRUDEOILM19OCT26FUT,9016.0,10,BUY_AGGRESSOR,538170,414760
2026-09-24 15:04:50.001,CRUDEOILM,CE,9800.0,CRUDEOILM15OCT269800CE,233.5,10,SELL_AGGRESSOR,92880,34030
2026-09-24 15:04:53.443,CRUDEOIL,CE,9550.0,CRUDEOIL15OCT269550CE,294.0,100,SELL_AGGRESSOR,71800,15800
2026-09-24 15:04:53.443,CRUDEOIL,CE,9800.0,CRUDEOIL15OCT269800CE,229.5,200,SELL_AGGRESSOR,274400,100200
2026-09-24 15:04:53.443,CRUDEOILM,FUT,0.0,CRUDEOILM19OCT26FUT,9016.0,210,BUY_AGGRESSOR,538380,414610
2026-09-24 15:04:53.443,CRUDEOILM,CE,9500.0,CRUDEOILM15OCT269500CE,315.25,10,INSIDE,158160,73620
2026-09-24 15:04:53.443,CRUDEOILM,CE,9650.0,CRUDEOILM15OCT269650CE,271.0,10,SELL_AGGRESSOR,16560,2750
2026-09-24 15:04:57.194,CRUDEOIL,CE,9600.0,CRUDEOIL15OCT269600CE,280.3,100,BUY_AGGRESSOR,230500,62600
2026-09-24 15:04:57.194,CRUDEOIL,CE,9700.0,CRUDEOIL15OCT269700CE,254.2,300,BUY_AGGRESSOR,395500,39400
2026-09-24 15:04:57.194,CRUDEOIL,CE,9800.0,CRUDEOIL15OCT269800CE,229.3,300,SELL,274700,100000
2026-09-24 15:04:57.194,CRUDEOIL,CE,9950.0,CRUDEOIL15OCT269950CE,197.5,100,SELL_AGGRESSOR,33000,7300
2026-09-24 15:04:57.194,CRUDEOILM,FUT,0.0,CRUDEOILM19OCT26FUT,9016.0,150,INSIDE,538530,414520
2026-09-24 15:04:57.194,CRUDEOILM,CE,9400.0,CRUDEOILM15OCT269400CE,347.5,10,BUY_AGGRESSOR,60510,35880
2026-09-24 15:04:57.194,CRUDEOILM,CE,9500.0,CRUDEOILM15OCT269500CE,315.25,10,BUY_AGGRESSOR,158170,73620
2026-09-24 15:04:57.194,CRUDEOILM,CE,9600.0,CRUDEOILM15OCT269600CE,286.25,10,BUY_AGGRESSOR,62770,13650
2026-09-24 15:04:57.194,CRUDEOILM,CE,9900.0,CRUDEOILM15OCT269900CE,211.55,20,BUY_AGGRESSOR,175860,29250
2026-09-24 15:05:00.658,CRUDEOIL,FUT,0.0,CRUDEOIL19OCT26FUT,9016.0,4600,SELL_AGGRESSOR,1917400,1291900
2026-09-24 15:05:00.658,CRUDEOIL,CE,9400.0,CRUDEOIL15OCT269400CE,342.0,200,INSIDE,353100,80200
2026-09-24 15:05:00.658,CRUDEOIL,CE,9450.0,CRUDEOIL15OCT269450CE,325.6,300,BUY,72100,23900
2026-09-24 15:05:00.658,CRUDEOIL,CE,9600.0,CRUDEOIL15OCT269600CE,279.5,300,SELL,230800,62600
2026-09-24 15:05:00.658,CRUDEOILM,FUT,0.0,CRUDEOILM19OCT26FUT,9016.0,10,BUY_AGGRESSOR,538540,414520
2026-09-24 15:05:00.658,CRUDEOILM,CE,9350.0,CRUDEOILM15OCT269350CE,364.2,10,SELL_AGGRESSOR,31640,17540
2026-09-24 15:05:00.658,CRUDEOILM,CE,9900.0,CRUDEOILM15OCT269900CE,211.25,10,SELL,175870,29250
2026-09-24 15:05:04.252,CRUDEOIL,CE,9500.0,CRUDEOIL15OCT269500CE,310.1,100,BUY_AGGRESSOR,1298800,575100
2026-09-24 15:05:04.252,CRUDEOILM,CE,9450.0,CRUDEOILM15OCT269450CE,332.55,10,BUY_AGGRESSOR,34410,14270
2026-09-24 15:05:04.252,CRUDEOILM,CE,9500.0,CRUDEOILM15OCT269500CE,315.1,20,BUY_AGGRESSOR,158190,73650
2026-09-24 15:05:11.354,CRUDEOIL,CE,9400.0,CRUDEOIL15OCT269400CE,341.9,100,SELL,353200,80200
2026-09-24 15:05:11.354,CRUDEOIL,CE,9500.0,CRUDEOIL15OCT269500CE,309.1,100,SELL_AGGRESSOR,1298900,575200
2026-09-24 15:05:11.354,CRUDEOIL,CE,9900.0,CRUDEOIL15OCT269900CE,207.0,100,SELL_AGGRESSOR,209900,36100
2026-09-24 15:05:11.354,CRUDEOILM,FUT,0.0,CRUDEOILM19OCT26FUT,9014.0,100,SELL_AGGRESSOR,538640,414570
2026-09-24 15:05:11.354,CRUDEOILM,CE,9750.0,CRUDEOILM15OCT269750CE,245.0,10,SELL,12570,3330
2026-09-24 15:05:15.117,CRUDEOIL,FUT,0.0,CRUDEOIL19OCT26FUT,9014.0,200,SELL_AGGRESSOR,1917600,1291900
2026-09-24 15:05:15.117,CRUDEOIL,CE,9500.0,CRUDEOIL15OCT269500CE,308.4,100,SELL,1299000,575200
2026-09-24 15:05:15.117,CRUDEOIL,CE,9700.0,CRUDEOIL15OCT269700CE,252.8,100,SELL_AGGRESSOR,395600,39500
2026-09-24 15:05:15.117,CRUDEOIL,CE,9800.0,CRUDEOIL15OCT269800CE,228.5,100,SELL,274800,100000
2026-09-24 15:05:15.117,CRUDEOILM,FUT,0.0,CRUDEOILM19OCT26FUT,9015.0,40,BUY_AGGRESSOR,538680,414600
2026-09-24 15:05:18.599,CRUDEOIL,CE,9350.0,CRUDEOIL15OCT269350CE,356.5,100,SELL_AGGRESSOR,94600,22900
2026-09-24 15:05:18.599,CRUDEOILM,FUT,0.0,CRUDEOILM19OCT26FUT,9015.0,10,BUY_AGGRESSOR,538690,414600
2026-09-24 15:05:18.599,CRUDEOILM,PE,9350.0,CRUDEOILM15OCT269350PE,698.35,10,BUY_AGGRESSOR,2850,2780
2026-09-24 15:05:18.599,CRUDEOILM,CE,9650.0,CRUDEOILM15OCT269650CE,270.2,10,BUY_AGGRESSOR,16570,2760
2026-09-24 15:05:22.139,CRUDEOILM,FUT,0.0,CRUDEOILM19OCT26FUT,9015.0,20,BUY_AGGRESSOR,538710,414600
2026-09-24 15:05:22.139,CRUDEOILM,CE,9750.0,CRUDEOILM15OCT269750CE,244.65,10,BUY_AGGRESSOR,12580,3340
2026-09-24 15:05:25.746,CRUDEOIL,CE,9350.0,CRUDEOIL15OCT269350CE,358.9,100,BUY_AGGRESSOR,94700,22900
2026-09-24 15:05:25.746,CRUDEOIL,CE,9400.0,CRUDEOIL15OCT269400CE,341.1,100,SELL,353300,80300
2026-09-24 15:05:25.746,CRUDEOIL,CE,9500.0,CRUDEOIL15OCT269500CE,308.7,300,BUY_AGGRESSOR,1299300,575000
2026-09-24 15:05:25.746,CRUDEOILM,FUT,0.0,CRUDEOILM19OCT26FUT,9015.0,20,BUY_AGGRESSOR,538730,414610
2026-09-24 15:05:25.746,CRUDEOILM,CE,9450.0,CRUDEOILM15OCT269450CE,332.1,160,BUY_AGGRESSOR,34570,14390
2026-09-24 15:05:25.746,CRUDEOILM,CE,9900.0,CRUDEOILM15OCT269900CE,210.1,10,SELL_AGGRESSOR,175880,29250
2026-09-24 15:05:29.235,CRUDEOILM,FUT,0.0,CRUDEOILM19OCT26FUT,9013.0,10,SELL_AGGRESSOR,538740,414610
2026-09-24 15:05:32.640,CRUDEOIL,CE,9900.0,CRUDEOIL15OCT269900CE,207.6,500,BUY_AGGRESSOR,210400,36200
2026-09-24 15:05:32.640,CRUDEOILM,FUT,0.0,CRUDEOILM19OCT26FUT,9016.0,160,BUY_AGGRESSOR,538900,414740
2026-09-24 15:05:36.268,CRUDEOIL,CE,9500.0,CRUDEOIL15OCT269500CE,310.6,200,BUY_AGGRESSOR,1299500,575200
2026-09-24 15:05:36.268,CRUDEOILM,FUT,0.0,CRUDEOILM19OCT26FUT,9018.0,20,BUY_AGGRESSOR,538920,414740
2026-09-24 15:05:39.755,CRUDEOIL,FUT,0.0,CRUDEOIL19OCT26FUT,9022.0,500,BUY_AGGRESSOR,1918100,1291800
2026-09-24 15:05:39.755,CRUDEOIL,CE,9500.0,CRUDEOIL15OCT269500CE,311.2,200,BUY_AGGRESSOR,1299700,575200
2026-09-24 15:05:39.755,CRUDEOIL,PE,9500.0,CRUDEOIL15OCT269500PE,787.2,100,SELL_AGGRESSOR,82100,98500
2026-09-24 15:05:39.755,CRUDEOIL,CE,9700.0,CRUDEOIL15OCT269700CE,254.9,200,BUY_AGGRESSOR,395800,39500
2026-09-24 15:05:39.755,CRUDEOIL,CE,9800.0,CRUDEOIL15OCT269800CE,230.1,100,BUY_AGGRESSOR,274900,100000
2026-09-24 15:05:39.755,CRUDEOIL,CE,9950.0,CRUDEOIL15OCT269950CE,199.5,100,BUY_AGGRESSOR,33100,7300
2026-09-24 15:05:39.755,CRUDEOILM,FUT,0.0,CRUDEOILM19OCT26FUT,9022.0,190,BUY_AGGRESSOR,539110,414770
2026-09-24 15:05:39.755,CRUDEOILM,CE,9450.0,CRUDEOILM15OCT269450CE,333.6,10,BUY_AGGRESSOR,34580,14390
2026-09-24 15:05:39.755,CRUDEOILM,CE,9650.0,CRUDEOILM15OCT269650CE,272.4,10,BUY_AGGRESSOR,16580,2760
2026-09-24 15:05:39.755,CRUDEOILM,CE,9850.0,CRUDEOILM15OCT269850CE,222.4,20,SELL_AGGRESSOR,14340,3210
2026-09-24 15:05:43.348,CRUDEOIL,CE,9850.0,CRUDEOIL15OCT269850CE,219.9,100,BUY_AGGRESSOR,43200,12200
2026-09-24 15:05:43.348,CRUDEOILM,FUT,0.0,CRUDEOILM19OCT26FUT,9022.0,80,INSIDE,539190,414780
2026-09-24 15:05:43.348,CRUDEOILM,CE,9700.0,CRUDEOILM15OCT269700CE,259.7,1000,SELL_AGGRESSOR,53750,10770
2026-09-24 15:05:46.883,CRUDEOIL,CE,9500.0,CRUDEOIL15OCT269500CE,311.7,100,BUY_AGGRESSOR,1299800,575300
2026-09-24 15:05:46.883,CRUDEOILM,FUT,0.0,CRUDEOILM19OCT26FUT,9022.0,30,INSIDE,539220,414790
2026-09-24 15:05:46.883,CRUDEOILM,CE,9350.0,CRUDEOILM15OCT269350CE,368.3,10,BUY_AGGRESSOR,31650,17540
2026-09-24 15:05:50.421,CRUDEOIL,CE,9500.0,CRUDEOIL15OCT269500CE,311.2,100,SELL_AGGRESSOR,1299900,575400
2026-09-24 15:05:50.421,CRUDEOILM,FUT,0.0,CRUDEOILM19OCT26FUT,9022.0,30,BUY_AGGRESSOR,539250,414780
2026-09-24 15:05:50.421,CRUDEOILM,CE,9350.0,CRUDEOILM15OCT269350CE,367.9,10,BUY_AGGRESSOR,31660,17540
2026-09-24 15:05:50.421,CRUDEOILM,PE,9650.0,CRUDEOILM15OCT269650PE,896.5,10,SELL_AGGRESSOR,690,660
2026-09-24 15:05:53.986,CRUDEOIL,FUT,0.0,CRUDEOIL19OCT26FUT,9023.0,200,BUY_AGGRESSOR,1918300,1291700
2026-09-24 15:05:53.986,CRUDEOIL,CE,9500.0,CRUDEOIL15OCT269500CE,311.7,100,BUY_AGGRESSOR,1300000,575500
2026-09-24 15:05:53.986,CRUDEOIL,CE,9700.0,CRUDEOIL15OCT269700CE,256.2,900,BUY_AGGRESSOR,396700,39400
2026-09-24 15:05:53.986,CRUDEOIL,CE,9750.0,CRUDEOIL15OCT269750CE,243.7,100,BUY_AGGRESSOR,52500,12900
2026-09-24 15:05:53.986,CRUDEOIL,CE,9800.0,CRUDEOIL15OCT269800CE,230.1,100,SELL_AGGRESSOR,275000,100000
2026-09-24 15:05:53.986,CRUDEOIL,CE,9900.0,CRUDEOIL15OCT269900CE,210.0,1600,BUY_AGGRESSOR,212000,36800
2026-09-24 15:05:53.986,CRUDEOIL,CE,9950.0,CRUDEOIL15OCT269950CE,198.0,1200,SELL,34300,8400
2026-09-24 15:05:53.986,CRUDEOILM,FUT,0.0,CRUDEOILM19OCT26FUT,9026.0,1630,BUY_AGGRESSOR,540880,414890
2026-09-24 15:05:53.986,CRUDEOILM,CE,9350.0,CRUDEOILM15OCT269350CE,366.0,20,SELL_AGGRESSOR,31680,17540
2026-09-24 15:05:53.986,CRUDEOILM,CE,9400.0,CRUDEOILM15OCT269400CE,349.5,150,BUY,60660,35900
2026-09-24 15:05:53.986,CRUDEOILM,CE,9450.0,CRUDEOILM15OCT269450CE,334.25,50,BUY,34630,14400
2026-09-24 15:05:53.986,CRUDEOILM,CE,9500.0,CRUDEOILM15OCT269500CE,317.95,430,BUY_AGGRESSOR,158620,73830
2026-09-24 15:05:53.986,CRUDEOILM,CE,9550.0,CRUDEOILM15OCT269550CE,302.75,50,BUY_AGGRESSOR,22680,3960
2026-09-24 15:05:53.986,CRUDEOILM,CE,9600.0,CRUDEOILM15OCT269600CE,286.7,70,SELL_AGGRESSOR,62840,13720
2026-09-24 15:05:53.986,CRUDEOILM,CE,9700.0,CRUDEOILM15OCT269700CE,259.15,2020,SELL_AGGRESSOR,55770,12530
2026-09-24 15:05:53.986,CRUDEOILM,CE,9750.0,CRUDEOILM15OCT269750CE,248.0,20,BUY_AGGRESSOR,12600,3320
2026-09-24 15:05:53.986,CRUDEOILM,CE,9800.0,CRUDEOILM15OCT269800CE,235.45,2050,BUY,94930,34640
2026-09-24 15:05:53.986,CRUDEOILM,CE,9850.0,CRUDEOILM15OCT269850CE,225.0,50,BUY_AGGRESSOR,14390,3220
2026-09-24 15:05:53.986,CRUDEOILM,CE,9900.0,CRUDEOILM15OCT269900CE,212.9,10,BUY,175890,29240
2026-09-24 15:05:53.986,CRUDEOILM,PE,9900.0,CRUDEOILM15OCT269900PE,1085.0,10,SELL_AGGRESSOR,220,1290
2026-09-24 15:06:57.739,CRUDEOIL,FUT,0.0,CRUDEOIL19OCT26FUT,9024.0,6200,BUY_AGGRESSOR,1924500,1293800
2026-09-24 15:06:57.739,CRUDEOIL,CE,9400.0,CRUDEOIL15OCT269400CE,345.6,500,BUY_AGGRESSOR,353800,80700
2026-09-24 15:06:57.739,CRUDEOIL,CE,9450.0,CRUDEOIL15OCT269450CE,327.0,100,BUY,72200,24000
2026-09-24 15:06:57.739,CRUDEOIL,CE,9500.0,CRUDEOIL15OCT269500CE,313.7,2900,BUY_AGGRESSOR,1302900,577600
2026-09-24 15:06:57.739,CRUDEOIL,CE,9550.0,CRUDEOIL15OCT269550CE,295.7,100,BUY,71900,15800
2026-09-24 15:06:57.739,CRUDEOIL,CE,9600.0,CRUDEOIL15OCT269600CE,282.0,100,BUY_AGGRESSOR,230900,62500
2026-09-24 15:06:57.739,CRUDEOIL,CE,9950.0,CRUDEOIL15OCT269950CE,200.9,100,BUY_AGGRESSOR,34400,8400
2026-09-24 15:06:57.739,CRUDEOILM,FUT,0.0,CRUDEOILM19OCT26FUT,9025.0,10,SELL_AGGRESSOR,540890,414890
2026-09-24 15:06:57.739,CRUDEOILM,CE,9500.0,CRUDEOILM15OCT269500CE,319.05,40,BUY,158660,73850
2026-09-24 15:06:57.739,CRUDEOILM,CE,9650.0,CRUDEOILM15OCT269650CE,273.95,10,BUY,16590,2770
2026-09-24 15:06:57.739,CRUDEOILM,CE,9800.0,CRUDEOILM15OCT269800CE,235.5,1000,SELL_AGGRESSOR,95930,35530
2026-09-24 15:06:57.739,CRUDEOILM,CE,9850.0,CRUDEOILM15OCT269850CE,225.15,30,BUY,14420,3230
2026-09-24 15:06:57.739,CRUDEOILM,CE,9900.0,CRUDEOILM15OCT269900CE,213.6,10,BUY,175900,29240
2026-09-24 15:07:01.441,CRUDEOIL,CE,9400.0,CRUDEOIL15OCT269400CE,345.3,200,SELL,354000,80900
2026-09-24 15:07:01.441,CRUDEOIL,CE,9500.0,CRUDEOIL15OCT269500CE,313.0,1100,SELL,1304000,578700
2026-09-24 15:07:01.441,CRUDEOILM,FUT,0.0,CRUDEOILM19OCT26FUT,9025.0,50,BUY_AGGRESSOR,540940,414860
2026-09-24 15:07:01.441,CRUDEOILM,CE,9400.0,CRUDEOILM15OCT269400CE,350.05,10,SELL_AGGRESSOR,60670,35900
2026-09-24 15:07:05.026,CRUDEOIL,FUT,0.0,CRUDEOIL19OCT26FUT,9024.0,200,SELL_AGGRESSOR,1924700,1293800
2026-09-24 15:07:05.026,CRUDEOIL,CE,9400.0,CRUDEOIL15OCT269400CE,344.9,200,SELL_AGGRESSOR,354200,81100
2026-09-24 15:07:05.026,CRUDEOIL,CE,9500.0,CRUDEOIL15OCT269500CE,313.5,400,BUY,1304400,579000
2026-09-24 15:07:05.026,CRUDEOILM,FUT,0.0,CRUDEOILM19OCT26FUT,9025.0,10,INSIDE,540950,414850
2026-09-24 15:07:05.026,CRUDEOILM,CE,9700.0,CRUDEOILM15OCT269700CE,260.2,20,BUY,55790,12510
2026-09-24 15:07:05.026,CRUDEOILM,CE,9800.0,CRUDEOILM15OCT269800CE,235.45,20,SELL_AGGRESSOR,95950,35530
2026-09-24 15:07:08.664,CRUDEOIL,FUT,0.0,CRUDEOIL19OCT26FUT,9024.0,100,INSIDE,1924800,1293800
2026-09-24 15:07:08.664,CRUDEOIL,CE,9500.0,CRUDEOIL15OCT269500CE,312.5,100,SELL,1304500,579000
2026-09-24 15:07:12.336,CRUDEOIL,CE,9500.0,CRUDEOIL15OCT269500CE,311.5,1500,SELL_AGGRESSOR,1306000,579400
2026-09-24 15:07:12.336,CRUDEOILM,FUT,0.0,CRUDEOILM19OCT26FUT,9025.0,100,BUY_AGGRESSOR,541050,414810
2026-09-24 15:07:12.336,CRUDEOILM,CE,9400.0,CRUDEOILM15OCT269400CE,349.5,20,SELL,60690,35920
2026-09-24 15:07:12.336,CRUDEOILM,CE,9450.0,CRUDEOILM15OCT269450CE,334.2,40,SELL_AGGRESSOR,34670,14420
2026-09-24 15:07:12.336,CRUDEOILM,CE,9500.0,CRUDEOILM15OCT269500CE,317.95,100,SELL,158760,73880
2026-09-24 15:07:15.917,CRUDEOIL,FUT,0.0,CRUDEOIL19OCT26FUT,9023.0,500,SELL_AGGRESSOR,1925300,1294300
2026-09-24 15:07:15.917,CRUDEOIL,CE,9500.0,CRUDEOIL15OCT269500CE,312.3,400,BUY,1306400,579600
2026-09-24 15:07:15.917,CRUDEOILM,FUT,0.0,CRUDEOILM19OCT26FUT,9023.0,30,SELL_AGGRESSOR,541080,414840
2026-09-24 15:07:15.917,CRUDEOILM,CE,9500.0,CRUDEOILM15OCT269500CE,318.5,30,BUY_AGGRESSOR,158790,73900
2026-09-24 15:07:19.578,CRUDEOIL,FUT,0.0,CRUDEOIL19OCT26FUT,9024.0,100,BUY_AGGRESSOR,1925400,1294300
2026-09-24 15:07:19.578,CRUDEOIL,CE,9500.0,CRUDEOIL15OCT269500CE,312.4,100,BUY,1306500,579700
2026-09-24 15:07:19.578,CRUDEOIL,CE,9550.0,CRUDEOIL15OCT269550CE,298.0,100,BUY_AGGRESSOR,72000,15800
2026-09-24 15:07:19.578,CRUDEOILM,FUT,0.0,CRUDEOILM19OCT26FUT,9025.0,70,BUY_AGGRESSOR,541150,414810
2026-09-24 15:07:19.578,CRUDEOILM,CE,9400.0,CRUDEOILM15OCT269400CE,350.65,10,BUY_AGGRESSOR,60700,35930
2026-09-24 15:07:23.167,CRUDEOIL,FUT,0.0,CRUDEOIL19OCT26FUT,9024.0,100,BUY_AGGRESSOR,1925500,1294300
2026-09-24 15:07:23.167,CRUDEOIL,CE,9500.0,CRUDEOIL15OCT269500CE,313.3,200,BUY_AGGRESSOR,1306700,579900
2026-09-24 15:07:23.167,CRUDEOILM,FUT,0.0,CRUDEOILM19OCT26FUT,9025.0,130,BUY_AGGRESSOR,541280,414910
2026-09-24 15:07:23.167,CRUDEOILM,CE,9500.0,CRUDEOILM15OCT269500CE,317.4,10,SELL,158800,73890
2026-09-24 15:07:23.167,CRUDEOILM,CE,9750.0,CRUDEOILM15OCT269750CE,248.0,40,INSIDE,12640,3360
2026-09-24 15:07:23.167,CRUDEOILM,CE,9900.0,CRUDEOILM15OCT269900CE,213.15,10,BUY_AGGRESSOR,175910,29240
2026-09-24 15:07:26.659,CRUDEOIL,FUT,0.0,CRUDEOIL19OCT26FUT,9024.0,100,BUY_AGGRESSOR,1925600,1294300
2026-09-24 15:07:26.659,CRUDEOIL,CE,9550.0,CRUDEOIL15OCT269550CE,298.0,100,BUY_AGGRESSOR,72100,15800
2026-09-24 15:07:26.659,CRUDEOIL,CE,9700.0,CRUDEOIL15OCT269700CE,256.8,100,BUY_AGGRESSOR,396800,39500
2026-09-24 15:07:26.659,CRUDEOILM,FUT,0.0,CRUDEOILM19OCT26FUT,9026.0,70,BUY_AGGRESSOR,541350,414880
2026-09-24 15:07:26.659,CRUDEOILM,CE,9350.0,CRUDEOILM15OCT269350CE,369.5,20,BUY_AGGRESSOR,31700,17560
2026-09-24 15:07:26.659,CRUDEOILM,CE,9500.0,CRUDEOILM15OCT269500CE,318.4,20,BUY_AGGRESSOR,158820,73880
2026-09-24 15:07:26.659,CRUDEOILM,CE,9600.0,CRUDEOILM15OCT269600CE,288.6,10,BUY_AGGRESSOR,62850,13720
2026-09-24 15:07:26.659,CRUDEOILM,CE,9700.0,CRUDEOILM15OCT269700CE,260.1,10,SELL_AGGRESSOR,55800,12500
2026-09-24 15:07:30.236,CRUDEOIL,CE,9500.0,CRUDEOIL15OCT269500CE,312.4,100,SELL_AGGRESSOR,1306800,580000
2026-09-24 15:07:30.236,CRUDEOILM,FUT,0.0,CRUDEOILM19OCT26FUT,9024.0,40,BUY_AGGRESSOR,541390,414880
2026-09-24 15:07:30.236,CRUDEOILM,CE,9700.0,CRUDEOILM15OCT269700CE,260.0,10,SELL_AGGRESSOR,55810,12490
2026-09-24 15:07:33.787,CRUDEOIL,FUT,0.0,CRUDEOIL19OCT26FUT,9020.0,500,SELL_AGGRESSOR,1926100,1294700
2026-09-24 15:07:33.787,CRUDEOILM,FUT,0.0,CRUDEOILM19OCT26FUT,9023.0,10,SELL,541400,414880
2026-09-24 15:07:37.384,CRUDEOIL,CE,9600.0,CRUDEOIL15OCT269600CE,282.7,100,BUY_AGGRESSOR,231000,62600
2026-09-24 15:07:37.384,CRUDEOILM,FUT,0.0,CRUDEOILM19OCT26FUT,9024.0,50,BUY_AGGRESSOR,541450,414830
2026-09-24 15:07:37.384,CRUDEOILM,CE,9500.0,CRUDEOILM15OCT269500CE,317.75,30,SELL,158850,73900
2026-09-24 15:07:37.384,CRUDEOILM,CE,9650.0,CRUDEOILM15OCT269650CE,273.25,100,BUY_AGGRESSOR,16690,2770
2026-09-24 15:07:40.978,CRUDEOIL,FUT,0.0,CRUDEOIL19OCT26FUT,9023.0,200,BUY_AGGRESSOR,1926300,1294800
2026-09-24 15:07:40.978,CRUDEOIL,CE,9500.0,CRUDEOIL15OCT269500CE,312.0,500,SELL,1307300,580100
2026-09-24 15:07:40.978,CRUDEOILM,FUT,0.0,CRUDEOILM19OCT26FUT,9021.0,120,SELL_AGGRESSOR,541570,414790
2026-09-24 15:07:40.978,CRUDEOILM,CE,9400.0,CRUDEOILM15OCT269400CE,350.85,410,BUY_AGGRESSOR,61110,35930
2026-09-24 15:07:40.978,CRUDEOILM,CE,9450.0,CRUDEOILM15OCT269450CE,334.55,10,BUY_AGGRESSOR,34680,14430
2026-09-24 15:07:44.528,CRUDEOIL,CE,9500.0,CRUDEOIL15OCT269500CE,311.1,900,SELL_AGGRESSOR,1308200,579600
2026-09-24 15:07:44.528,CRUDEOILM,FUT,0.0,CRUDEOILM19OCT26FUT,9021.0,10,INSIDE,541580,414800
2026-09-24 15:07:44.528,CRUDEOILM,CE,9500.0,CRUDEOILM15OCT269500CE,317.0,40,SELL_AGGRESSOR,158890,73940
2026-09-24 15:07:44.528,CRUDEOILM,CE,9800.0,CRUDEOILM15OCT269800CE,234.85,10,SELL,95960,35530
2026-09-24 15:07:48.102,CRUDEOIL,CE,9500.0,CRUDEOIL15OCT269500CE,312.0,100,BUY_AGGRESSOR,1308300,579600
2026-09-24 15:07:48.102,CRUDEOILM,FUT,0.0,CRUDEOILM19OCT26FUT,9024.0,60,BUY_AGGRESSOR,541640,414790
2026-09-24 15:07:51.748,CRUDEOIL,FUT,0.0,CRUDEOIL19OCT26FUT,9023.0,100,BUY_AGGRESSOR,1926400,1294900
2026-09-24 15:07:51.748,CRUDEOIL,CE,9500.0,CRUDEOIL15OCT269500CE,312.4,200,BUY_AGGRESSOR,1308500,579700
2026-09-24 15:07:51.748,CRUDEOILM,CE,9500.0,CRUDEOILM15OCT269500CE,318.0,120,BUY_AGGRESSOR,159010,74010
2026-09-24 15:07:55.329,CRUDEOIL,CE,9500.0,CRUDEOIL15OCT269500CE,312.4,100,BUY_AGGRESSOR,1308600,579700
2026-09-24 15:07:55.329,CRUDEOIL,CE,9700.0,CRUDEOIL15OCT269700CE,254.5,500,SELL_AGGRESSOR,397300,39500
2026-09-24 15:07:55.329,CRUDEOIL,CE,9800.0,CRUDEOIL15OCT269800CE,231.0,200,BUY,275200,100000
2026-09-24 15:07:55.329,CRUDEOILM,FUT,0.0,CRUDEOILM19OCT26FUT,9023.0,120,BUY_AGGRESSOR,541760,414800
2026-09-24 15:07:55.329,CRUDEOILM,CE,9400.0,CRUDEOILM15OCT269400CE,350.0,60,BUY_AGGRESSOR,61170,35930
2026-09-24 15:07:58.942,CRUDEOIL,FUT,0.0,CRUDEOIL19OCT26FUT,9019.0,800,SELL_AGGRESSOR,1927200,1294900
2026-09-24 15:07:58.942,CRUDEOIL,CE,9400.0,CRUDEOIL15OCT269400CE,342.9,400,SELL_AGGRESSOR,354600,80700
2026-09-24 15:07:58.942,CRUDEOIL,CE,9500.0,CRUDEOIL15OCT269500CE,311.0,7100,SELL_AGGRESSOR,1315700,580200
2026-09-24 15:07:58.942,CRUDEOIL,CE,9600.0,CRUDEOIL15OCT269600CE,281.7,300,SELL_AGGRESSOR,231300,62500
2026-09-24 15:07:58.942,CRUDEOILM,FUT,0.0,CRUDEOILM19OCT26FUT,9020.0,240,SELL_AGGRESSOR,542000,414760
2026-09-24 15:07:58.942,CRUDEOILM,CE,9400.0,CRUDEOILM15OCT269400CE,347.7,500,SELL_AGGRESSOR,61670,35900
2026-09-24 15:07:58.942,CRUDEOILM,CE,9600.0,CRUDEOILM15OCT269600CE,288.0,50,BUY_AGGRESSOR,62900,13760
2026-09-24 15:07:58.942,CRUDEOILM,CE,9700.0,CRUDEOILM15OCT269700CE,259.1,140,SELL_AGGRESSOR,55950,12390
2026-09-24 15:07:58.942,CRUDEOILM,CE,9800.0,CRUDEOILM15OCT269800CE,234.3,10,SELL_AGGRESSOR,95970,35520
2026-09-24 15:07:58.942,CRUDEOILM,CE,9850.0,CRUDEOILM15OCT269850CE,222.95,50,SELL,14470,3270
2026-09-24 15:08:02.511,CRUDEOIL,FUT,0.0,CRUDEOIL19OCT26FUT,9022.0,100,BUY_AGGRESSOR,1927300,1294800
2026-09-24 15:08:02.511,CRUDEOIL,CE,9500.0,CRUDEOIL15OCT269500CE,311.0,100,SELL_AGGRESSOR,1315800,580300
2026-09-24 15:08:02.511,CRUDEOILM,FUT,0.0,CRUDEOILM19OCT26FUT,9023.0,50,BUY_AGGRESSOR,542050,414760
2026-09-24 15:08:06.059,CRUDEOIL,CE,9500.0,CRUDEOIL15OCT269500CE,311.7,100,BUY_AGGRESSOR,1315900,580400
2026-09-24 15:08:06.059,CRUDEOILM,CE,9350.0,CRUDEOILM15OCT269350CE,367.15,10,SELL,31710,17560
2026-09-24 15:08:09.568,CRUDEOIL,CE,9450.0,CRUDEOIL15OCT269450CE,327.9,100,BUY,72300,24000
2026-09-24 15:08:09.568,CRUDEOIL,CE,9500.0,CRUDEOIL15OCT269500CE,311.9,300,BUY_AGGRESSOR,1316200,580600
2026-09-24 15:08:09.568,CRUDEOILM,FUT,0.0,CRUDEOILM19OCT26FUT,9023.0,10,BUY_AGGRESSOR,542060,414760
2026-09-24 15:08:09.568,CRUDEOILM,CE,9500.0,CRUDEOILM15OCT269500CE,316.45,30,SELL,159040,73990
2026-09-24 15:08:09.568,CRUDEOILM,CE,9600.0,CRUDEOILM15OCT269600CE,286.75,10,SELL_AGGRESSOR,62910,13760
2026-09-24 15:08:09.568,CRUDEOILM,CE,9700.0,CRUDEOILM15OCT269700CE,259.25,10,BUY,55960,12390
2026-09-24 15:08:13.096,CRUDEOIL,PE,9500.0,CRUDEOIL15OCT269500PE,786.4,100,BUY_AGGRESSOR,82200,98600
2026-09-24 15:08:13.096,CRUDEOIL,CE,9600.0,CRUDEOIL15OCT269600CE,282.5,100,BUY,231400,62500
2026-09-24 15:08:13.096,CRUDEOILM,FUT,0.0,CRUDEOILM19OCT26FUT,9023.0,10,BUY_AGGRESSOR,542070,414760
2026-09-24 15:08:20.181,CRUDEOIL,PE,9500.0,CRUDEOIL15OCT269500PE,786.9,100,BUY_AGGRESSOR,82300,98700
2026-09-24 15:08:20.181,CRUDEOILM,CE,9500.0,CRUDEOILM15OCT269500CE,316.75,10,BUY_AGGRESSOR,159050,74000
2026-09-24 15:08:20.181,CRUDEOILM,CE,9800.0,CRUDEOILM15OCT269800CE,234.1,10,BUY_AGGRESSOR,95980,35520
2026-09-24 15:08:23.706,CRUDEOIL,FUT,0.0,CRUDEOIL19OCT26FUT,9021.0,200,SELL,1927500,1294900
2026-09-24 15:08:27.335,CRUDEOIL,FUT,0.0,CRUDEOIL19OCT26FUT,9020.0,100,SELL,1927600,1294800
2026-09-24 15:08:27.335,CRUDEOIL,CE,9500.0,CRUDEOIL15OCT269500CE,309.8,1000,SELL_AGGRESSOR,1317200,581100
2026-09-24 15:08:27.335,CRUDEOIL,PE,9500.0,CRUDEOIL15OCT269500PE,787.0,100,BUY_AGGRESSOR,82400,98700
2026-09-24 15:08:27.335,CRUDEOIL,CE,9800.0,CRUDEOIL15OCT269800CE,230.0,400,SELL_AGGRESSOR,275600,100100
2026-09-24 15:08:27.335,CRUDEOILM,FUT,0.0,CRUDEOILM19OCT26FUT,9020.0,120,SELL_AGGRESSOR,542190,414740
2026-09-24 15:08:27.335,CRUDEOILM,CE,9500.0,CRUDEOILM15OCT269500CE,315.9,40,SELL,159090,74020
2026-09-24 15:08:27.335,CRUDEOILM,PE,9500.0,CRUDEOILM15OCT269500PE,791.15,20,BUY_AGGRESSOR,5980,11340
2026-09-24 15:08:27.335,CRUDEOILM,CE,9700.0,CRUDEOILM15OCT269700CE,258.4,1010,SELL_AGGRESSOR,56970,12390
2026-09-24 15:08:31.020,CRUDEOIL,FUT,0.0,CRUDEOIL19OCT26FUT,9020.0,200,BUY_AGGRESSOR,1927800,1294700
2026-09-24 15:08:31.020,CRUDEOILM,FUT,0.0,CRUDEOILM19OCT26FUT,9021.0,90,BUY_AGGRESSOR,542280,414740
2026-09-24 15:08:31.020,CRUDEOILM,CE,9350.0,CRUDEOILM15OCT269350CE,366.65,10,SELL,31720,17560
2026-09-24 15:08:31.020,CRUDEOILM,CE,9800.0,CRUDEOILM15OCT269800CE,232.65,10,SELL_AGGRESSOR,95990,35530
2026-09-24 15:08:34.692,CRUDEOIL,CE,9500.0,CRUDEOIL15OCT269500CE,310.0,100,BUY_AGGRESSOR,1317300,581100
2026-09-24 15:08:34.692,CRUDEOILM,FUT,0.0,CRUDEOILM19OCT26FUT,9020.0,30,BUY_AGGRESSOR,542310,414710
2026-09-24 15:08:34.692,CRUDEOILM,CE,9900.0,CRUDEOILM15OCT269900CE,211.85,10,BUY_AGGRESSOR,175920,29240
2026-09-24 15:08:38.345,CRUDEOIL,FUT,0.0,CRUDEOIL19OCT26FUT,9022.0,300,BUY_AGGRESSOR,1928100,1294900
2026-09-24 15:08:38.345,CRUDEOIL,CE,9350.0,CRUDEOIL15OCT269350CE,362.6,200,BUY_AGGRESSOR,94900,22900
2026-09-24 15:08:38.345,CRUDEOIL,CE,9500.0,CRUDEOIL15OCT269500CE,311.8,100,BUY_AGGRESSOR,1317400,581000
2026-09-24 15:08:38.345,CRUDEOIL,CE,9700.0,CRUDEOIL15OCT269700CE,255.8,200,BUY_AGGRESSOR,397500,39500
2026-09-24 15:08:38.345,CRUDEOIL,CE,9800.0,CRUDEOIL15OCT269800CE,231.3,100,BUY_AGGRESSOR,275700,100000
2026-09-24 15:08:38.345,CRUDEOILM,FUT,0.0,CRUDEOILM19OCT26FUT,9023.0,40,BUY_AGGRESSOR,542350,414710
2026-09-24 15:08:38.345,CRUDEOILM,CE,9450.0,CRUDEOILM15OCT269450CE,333.85,10,BUY_AGGRESSOR,34690,14440
2026-09-24 15:08:38.345,CRUDEOILM,CE,9600.0,CRUDEOILM15OCT269600CE,288.0,10,BUY_AGGRESSOR,62920,13760
2026-09-24 15:08:41.962,CRUDEOIL,FUT,0.0,CRUDEOIL19OCT26FUT,9023.0,100,BUY_AGGRESSOR,1928200,1294900
2026-09-24 15:08:41.962,CRUDEOILM,FUT,0.0,CRUDEOILM19OCT26FUT,9025.0,10,BUY_AGGRESSOR,542360,414710
2026-09-24 15:08:45.497,CRUDEOIL,CE,9400.0,CRUDEOIL15OCT269400CE,344.6,200,BUY,354800,80700
2026-09-24 15:08:45.497,CRUDEOIL,CE,9900.0,CRUDEOIL15OCT269900CE,210.0,100,BUY_AGGRESSOR,212100,36700
2026-09-24 15:08:45.497,CRUDEOILM,CE,9500.0,CRUDEOILM15OCT269500CE,319.05,40,BUY_AGGRESSOR,159130,74040
2026-09-24 15:08:49.037,CRUDEOIL,FUT,0.0,CRUDEOIL19OCT26FUT,9025.0,1800,BUY_AGGRESSOR,1930000,1294700
2026-09-24 15:08:49.037,CRUDEOIL,CE,9500.0,CRUDEOIL15OCT269500CE,313.0,200,BUY_AGGRESSOR,1317600,580800
2026-09-24 15:08:49.037,CRUDEOILM,FUT,0.0,CRUDEOILM19OCT26FUT,9027.0,60,BUY_AGGRESSOR,542420,414650
2026-09-24 15:08:49.037,CRUDEOILM,CE,9950.0,CRUDEOILM15OCT269950CE,202.5,30,BUY_AGGRESSOR,6760,3080
2026-09-24 15:08:52.576,CRUDEOILM,CE,9600.0,CRUDEOILM15OCT269600CE,288.8,10,BUY,62930,13770
2026-09-24 15:08:56.067,CRUDEOIL,CE,9400.0,CRUDEOIL15OCT269400CE,344.5,100,SELL,354900,80600
2026-09-24 15:08:56.067,CRUDEOIL,CE,9500.0,CRUDEOIL15OCT269500CE,313.1,500,BUY_AGGRESSOR,1318100,581300
2026-09-24 15:08:56.067,CRUDEOILM,FUT,0.0,CRUDEOILM19OCT26FUT,9027.0,20,BUY_AGGRESSOR,542440,414640
2026-09-24 15:08:59.655,CRUDEOIL,CE,9500.0,CRUDEOIL15OCT269500CE,313.2,100,BUY,1318200,581400
2026-09-24 15:08:59.655,CRUDEOIL,CE,9600.0,CRUDEOIL15OCT269600CE,283.8,100,BUY_AGGRESSOR,231500,62500
2026-09-24 15:08:59.655,CRUDEOILM,FUT,0.0,CRUDEOILM19OCT26FUT,9025.0,40,SELL_AGGRESSOR,542480,414640
2026-09-24 15:09:03.151,CRUDEOIL,CE,9700.0,CRUDEOIL15OCT269700CE,257.0,100,BUY_AGGRESSOR,397600,39600
2026-09-24 15:09:03.151,CRUDEOIL,CE,9850.0,CRUDEOIL15OCT269850CE,221.4,100,BUY,43300,12200
2026-09-24 15:09:03.151,CRUDEOILM,FUT,0.0,CRUDEOILM19OCT26FUT,9027.0,160,BUY_AGGRESSOR,542640,414540
2026-09-24 15:09:03.151,CRUDEOILM,CE,9500.0,CRUDEOILM15OCT269500CE,318.4,10,SELL,159140,74040
2026-09-24 15:09:06.856,CRUDEOILM,FUT,0.0,CRUDEOILM19OCT26FUT,9023.0,20,SELL_AGGRESSOR,542660,414540
2026-09-24 15:09:06.856,CRUDEOILM,CE,9750.0,CRUDEOILM15OCT269750CE,248.3,10,BUY_AGGRESSOR,12650,3370
2026-09-24 15:09:10.240,CRUDEOIL,FUT,0.0,CRUDEOIL19OCT26FUT,9025.0,300,INSIDE,1930300,1294700
2026-09-24 15:09:10.240,CRUDEOIL,CE,9350.0,CRUDEOIL15OCT269350CE,362.6,200,INSIDE,95100,22900
2026-09-24 15:09:10.240,CRUDEOIL,CE,9400.0,CRUDEOIL15OCT269400CE,344.4,400,SELL_AGGRESSOR,355300,80400
2026-09-24 15:09:10.240,CRUDEOIL,CE,9450.0,CRUDEOIL15OCT269450CE,329.2,100,BUY_AGGRESSOR,72400,24000
2026-09-24 15:09:10.240,CRUDEOIL,CE,9500.0,CRUDEOIL15OCT269500CE,312.4,200,SELL_AGGRESSOR,1318400,581600
2026-09-24 15:09:10.240,CRUDEOIL,PE,9500.0,CRUDEOIL15OCT269500PE,782.7,200,SELL,82600,98500
2026-09-24 15:09:10.240,CRUDEOIL,CE,9600.0,CRUDEOIL15OCT269600CE,283.5,100,SELL,231600,62500
2026-09-24 15:09:10.240,CRUDEOIL,CE,9700.0,CRUDEOIL15OCT269700CE,256.5,100,SELL_AGGRESSOR,397700,39600
2026-09-24 15:09:10.240,CRUDEOIL,CE,9800.0,CRUDEOIL15OCT269800CE,231.9,300,SELL_AGGRESSOR,276000,100300
2026-09-24 15:09:10.240,CRUDEOILM,FUT,0.0,CRUDEOILM19OCT26FUT,9022.0,40,SELL_AGGRESSOR,542700,414570
2026-09-24 15:09:10.240,CRUDEOILM,CE,9700.0,CRUDEOILM15OCT269700CE,260.25,10,SELL_AGGRESSOR,56980,12380
2026-09-24 15:09:10.240,CRUDEOILM,CE,9800.0,CRUDEOILM15OCT269800CE,234.75,50,SELL_AGGRESSOR,96040,35480
2026-09-24 15:09:13.789,CRUDEOIL,CE,9500.0,CRUDEOIL15OCT269500CE,314.2,100,BUY_AGGRESSOR,1318500,581700
2026-09-24 15:09:13.789,CRUDEOIL,CE,9600.0,CRUDEOIL15OCT269600CE,283.8,100,BUY_AGGRESSOR,231700,62500
2026-09-24 15:09:13.789,CRUDEOIL,CE,9700.0,CRUDEOIL15OCT269700CE,256.8,100,BUY_AGGRESSOR,397800,39600
2026-09-24 15:09:13.789,CRUDEOIL,CE,9800.0,CRUDEOIL15OCT269800CE,232.5,100,BUY_AGGRESSOR,276100,100200
2026-09-24 15:09:13.789,CRUDEOILM,FUT,0.0,CRUDEOILM19OCT26FUT,9027.0,20,BUY_AGGRESSOR,542720,414570
2026-09-24 15:09:13.789,CRUDEOILM,CE,9350.0,CRUDEOILM15OCT269350CE,367.7,10,SELL_AGGRESSOR,31730,17560
2026-09-24 15:09:13.789,CRUDEOILM,CE,9500.0,CRUDEOILM15OCT269500CE,319.75,170,BUY_AGGRESSOR,159310,74100
2026-09-24 15:09:13.789,CRUDEOILM,CE,9600.0,CRUDEOILM15OCT269600CE,288.9,40,BUY_AGGRESSOR,62970,13730
2026-09-24 15:09:13.789,CRUDEOILM,CE,9700.0,CRUDEOILM15OCT269700CE,260.75,60,BUY_AGGRESSOR,57040,12380
2026-09-24 15:09:17.237,CRUDEOIL,CE,9800.0,CRUDEOIL15OCT269800CE,233.2,200,BUY,276300,100400
2026-09-24 15:09:17.237,CRUDEOILM,FUT,0.0,CRUDEOILM19OCT26FUT,9024.0,40,SELL_AGGRESSOR,542760,414560
2026-09-24 15:09:17.237,CRUDEOILM,CE,9400.0,CRUDEOILM15OCT269400CE,351.45,30,BUY,61700,35890
2026-09-24 15:09:17.237,CRUDEOILM,CE,9500.0,CRUDEOILM15OCT269500CE,319.5,20,SELL,159330,74130
2026-09-24 15:09:20.718,CRUDEOIL,FUT,0.0,CRUDEOIL19OCT26FUT,9024.0,500,SELL_AGGRESSOR,1930800,1295100
2026-09-24 15:09:20.718,CRUDEOIL,CE,9600.0,CRUDEOIL15OCT269600CE,284.4,100,BUY_AGGRESSOR,231800,62500
2026-09-24 15:09:20.718,CRUDEOILM,CE,9450.0,CRUDEOILM15OCT269450CE,334.7,10,BUY,34700,14430
2026-09-24 15:09:20.718,CRUDEOILM,CE,9500.0,CRUDEOILM15OCT269500CE,319.8,40,BUY_AGGRESSOR,159370,74160
2026-09-24 15:09:24.163,CRUDEOILM,CE,9350.0,CRUDEOILM15OCT269350CE,370.6,10,BUY,31740,17560
2026-09-24 15:09:24.163,CRUDEOILM,CE,9550.0,CRUDEOILM15OCT269550CE,304.35,10,BUY,22690,3970
2026-09-24 15:09:27.615,CRUDEOIL,CE,9600.0,CRUDEOIL15OCT269600CE,284.9,100,BUY_AGGRESSOR,231900,62500
2026-09-24 15:09:27.615,CRUDEOIL,CE,9950.0,CRUDEOIL15OCT269950CE,202.5,500,BUY_AGGRESSOR,34900,8600
2026-09-24 15:09:27.615,CRUDEOILM,CE,9900.0,CRUDEOILM15OCT269900CE,213.85,10,BUY_AGGRESSOR,175930,29240
2026-09-24 15:09:31.059,CRUDEOIL,CE,9500.0,CRUDEOIL15OCT269500CE,314.5,100,BUY_AGGRESSOR,1318600,581800
2026-09-24 15:09:34.600,CRUDEOIL,CE,9400.0,CRUDEOIL15OCT269400CE,346.4,100,BUY_AGGRESSOR,355400,80300
2026-09-24 15:09:34.600,CRUDEOIL,CE,9800.0,CRUDEOIL15OCT269800CE,234.2,100,BUY_AGGRESSOR,276400,100500
2026-09-24 15:09:34.600,CRUDEOIL,CE,9950.0,CRUDEOIL15OCT269950CE,201.2,100,SELL,35000,8600
2026-09-24 15:09:34.600,CRUDEOILM,FUT,0.0,CRUDEOILM19OCT26FUT,9027.0,60,BUY,542820,414570
2026-09-24 15:09:34.600,CRUDEOILM,CE,9700.0,CRUDEOILM15OCT269700CE,262.0,10,BUY_AGGRESSOR,57050,12380
2026-09-24 15:09:34.600,CRUDEOILM,CE,9800.0,CRUDEOILM15OCT269800CE,236.65,10,BUY,96050,35480
2026-09-24 15:09:34.600,CRUDEOILM,CE,9900.0,CRUDEOILM15OCT269900CE,213.85,20,BUY_AGGRESSOR,175950,29240
2026-09-24 15:09:34.600,CRUDEOILM,CE,9950.0,CRUDEOILM15OCT269950CE,204.0,10,BUY_AGGRESSOR,6770,3080
2026-09-24 15:09:38.131,CRUDEOIL,FUT,0.0,CRUDEOIL19OCT26FUT,9028.0,700,BUY_AGGRESSOR,1931500,1294600
2026-09-24 15:09:38.131,CRUDEOIL,CE,9500.0,CRUDEOIL15OCT269500CE,314.5,100,INSIDE,1318700,581800
2026-09-24 15:09:41.697,CRUDEOIL,CE,9500.0,CRUDEOIL15OCT269500CE,314.3,100,SELL,1318800,581900
2026-09-24 15:09:41.697,CRUDEOIL,CE,9700.0,CRUDEOIL15OCT269700CE,257.8,200,SELL_AGGRESSOR,398000,39400
2026-09-24 15:09:41.697,CRUDEOILM,CE,9700.0,CRUDEOILM15OCT269700CE,261.8,90,SELL_AGGRESSOR,57140,12290
2026-09-24 15:09:45.217,CRUDEOIL,FUT,0.0,CRUDEOIL19OCT26FUT,9027.0,1000,BUY_AGGRESSOR,1932500,1294600
2026-09-24 15:09:45.217,CRUDEOIL,CE,9500.0,CRUDEOIL15OCT269500CE,314.8,200,BUY_AGGRESSOR,1319000,582000
2026-09-24 15:09:45.217,CRUDEOIL,CE,9550.0,CRUDEOIL15OCT269550CE,299.4,100,BUY_AGGRESSOR,72200,15800
2026-09-24 15:09:45.217,CRUDEOIL,CE,9800.0,CRUDEOIL15OCT269800CE,234.3,100,BUY_AGGRESSOR,276500,100500
2026-09-24 15:09:45.217,CRUDEOILM,CE,9500.0,CRUDEOILM15OCT269500CE,320.8,70,BUY_AGGRESSOR,159440,74220
2026-09-24 15:09:48.810,CRUDEOIL,CE,9500.0,CRUDEOIL15OCT269500CE,314.0,100,SELL,1319100,581900
2026-09-24 15:09:48.810,CRUDEOIL,CE,9800.0,CRUDEOIL15OCT269800CE,234.5,300,BUY_AGGRESSOR,276800,100700
2026-09-24 15:09:48.810,CRUDEOILM,FUT,0.0,CRUDEOILM19OCT26FUT,9028.0,20,BUY_AGGRESSOR,542840,414590
2026-09-24 15:09:48.810,CRUDEOILM,CE,9400.0,CRUDEOILM15OCT269400CE,354.3,400,BUY_AGGRESSOR,62100,35890
2026-09-24 15:09:48.810,CRUDEOILM,CE,9500.0,CRUDEOILM15OCT269500CE,319.5,120,SELL_AGGRESSOR,159560,74130
2026-09-24 15:09:48.810,CRUDEOILM,CE,9550.0,CRUDEOILM15OCT269550CE,305.3,10,BUY_AGGRESSOR,22700,3970
2026-09-24 15:09:48.810,CRUDEOILM,CE,9850.0,CRUDEOILM15OCT269850CE,225.7,10,BUY_AGGRESSOR,14480,3280
2026-09-24 15:09:52.319,CRUDEOIL,FUT,0.0,CRUDEOIL19OCT26FUT,9024.0,100,SELL_AGGRESSOR,1932600,1294600
2026-09-24 15:09:52.319,CRUDEOIL,CE,9500.0,CRUDEOIL15OCT269500CE,314.1,300,SELL_AGGRESSOR,1319400,582200
2026-09-24 15:09:52.319,CRUDEOILM,FUT,0.0,CRUDEOILM19OCT26FUT,9027.0,30,SELL_AGGRESSOR,542870,414580
2026-09-24 15:09:52.319,CRUDEOILM,CE,9350.0,CRUDEOILM15OCT269350CE,371.55,10,BUY,31750,17560
2026-09-24 15:09:55.835,CRUDEOIL,FUT,0.0,CRUDEOIL19OCT26FUT,9024.0,400,SELL_AGGRESSOR,1933000,1294600
2026-09-24 15:09:55.835,CRUDEOIL,CE,9500.0,CRUDEOIL15OCT269500CE,313.1,1400,SELL_AGGRESSOR,1320800,582200
2026-09-24 15:09:55.835,CRUDEOIL,CE,9700.0,CRUDEOIL15OCT269700CE,257.8,2200,SELL_AGGRESSOR,400200,39800
2026-09-24 15:09:55.835,CRUDEOIL,CE,9950.0,CRUDEOIL15OCT269950CE,202.0,100,BUY,35100,8700
2026-09-24 15:09:55.835,CRUDEOILM,FUT,0.0,CRUDEOILM19OCT26FUT,9027.0,20,BUY_AGGRESSOR,542890,414580
2026-09-24 15:09:55.835,CRUDEOILM,CE,9400.0,CRUDEOILM15OCT269400CE,351.25,40,SELL_AGGRESSOR,62140,35880
2026-09-24 15:09:55.835,CRUDEOILM,CE,9700.0,CRUDEOILM15OCT269700CE,262.15,100,BUY_AGGRESSOR,57240,12190
2026-09-24 15:09:59.381,CRUDEOIL,FUT,0.0,CRUDEOIL19OCT26FUT,9024.0,2000,BUY_AGGRESSOR,1935000,1294600
2026-09-24 15:09:59.381,CRUDEOIL,CE,9350.0,CRUDEOIL15OCT269350CE,364.4,100,BUY,95200,23000
2026-09-24 15:09:59.381,CRUDEOIL,CE,9400.0,CRUDEOIL15OCT269400CE,346.4,100,INSIDE,355500,80300
2026-09-24 15:09:59.381,CRUDEOILM,FUT,0.0,CRUDEOILM19OCT26FUT,9027.0,170,BUY_AGGRESSOR,543060,414600
2026-09-24 15:09:59.381,CRUDEOILM,CE,9350.0,CRUDEOILM15OCT269350CE,370.75,10,SELL,31760,17560
2026-09-24 15:09:59.381,CRUDEOILM,CE,9650.0,CRUDEOILM15OCT269650CE,275.1,10,BUY_AGGRESSOR,16700,2870
2026-09-24 15:10:03.021,CRUDEOIL,CE,9500.0,CRUDEOIL15OCT269500CE,314.0,400,BUY,1321200,582000
2026-09-24 15:10:03.021,CRUDEOIL,CE,9600.0,CRUDEOIL15OCT269600CE,284.9,100,INSIDE,232000,62500
2026-09-24 15:10:03.021,CRUDEOIL,CE,9700.0,CRUDEOIL15OCT269700CE,258.0,300,BUY,400500,41100
2026-09-24 15:10:03.021,CRUDEOIL,CE,9800.0,CRUDEOIL15OCT269800CE,234.3,100,BUY_AGGRESSOR,276900,100800
2026-09-24 15:10:03.021,CRUDEOILM,FUT,0.0,CRUDEOILM19OCT26FUT,9024.0,30,SELL_AGGRESSOR,543090,414610
2026-09-24 15:10:03.021,CRUDEOILM,CE,9400.0,CRUDEOILM15OCT269400CE,352.75,50,BUY,62190,35890
2026-09-24 15:10:06.473,CRUDEOIL,FUT,0.0,CRUDEOIL19OCT26FUT,9027.0,100,BUY_AGGRESSOR,1935100,1294600
2026-09-24 15:10:06.473,CRUDEOILM,FUT,0.0,CRUDEOILM19OCT26FUT,9028.0,160,BUY_AGGRESSOR,543250,414600
2026-09-24 15:10:06.473,CRUDEOILM,CE,9500.0,CRUDEOILM15OCT269500CE,320.8,30,BUY_AGGRESSOR,159590,74160
2026-09-24 15:10:06.473,CRUDEOILM,CE,9650.0,CRUDEOILM15OCT269650CE,275.3,10,BUY_AGGRESSOR,16710,2880
2026-09-24 15:10:10.067,CRUDEOIL,CE,9500.0,CRUDEOIL15OCT269500CE,315.0,2500,BUY_AGGRESSOR,1323700,581500
2026-09-24 15:10:10.067,CRUDEOIL,CE,9900.0,CRUDEOIL15OCT269900CE,211.9,200,BUY,212300,36800
2026-09-24 15:10:10.067,CRUDEOILM,FUT,0.0,CRUDEOILM19OCT26FUT,9025.0,100,SELL_AGGRESSOR,543350,414690
2026-09-24 15:10:10.067,CRUDEOILM,CE,9900.0,CRUDEOILM15OCT269900CE,213.8,20,SELL_AGGRESSOR,175970,29240
2026-09-24 15:10:13.560,CRUDEOIL,FUT,0.0,CRUDEOIL19OCT26FUT,9027.0,4900,BUY_AGGRESSOR,1940000,1294600
2026-09-24 15:10:13.560,CRUDEOIL,CE,9400.0,CRUDEOIL15OCT269400CE,346.2,400,SELL,355900,80000
2026-09-24 15:10:13.560,CRUDEOIL,CE,9700.0,CRUDEOIL15OCT269700CE,259.0,900,BUY_AGGRESSOR,401400,40600
2026-09-24 15:10:13.560,CRUDEOIL,CE,9800.0,CRUDEOIL15OCT269800CE,234.5,300,BUY_AGGRESSOR,277200,100800
2026-09-24 15:10:13.560,CRUDEOIL,CE,9900.0,CRUDEOIL15OCT269900CE,212.2,200,BUY_AGGRESSOR,212500,36800
2026-09-24 15:10:13.560,CRUDEOIL,CE,9950.0,CRUDEOIL15OCT269950CE,202.0,100,INSIDE,35200,8700
2026-09-24 15:10:13.560,CRUDEOILM,FUT,0.0,CRUDEOILM19OCT26FUT,9026.0,490,BUY,543840,414650
2026-09-24 15:10:13.560,CRUDEOILM,CE,9350.0,CRUDEOILM15OCT269350CE,370.95,20,BUY,31780,17560
2026-09-24 15:10:13.560,CRUDEOILM,CE,9400.0,CRUDEOILM15OCT269400CE,352.05,90,SELL_AGGRESSOR,62280,35900
2026-09-24 15:10:13.560,CRUDEOILM,CE,9500.0,CRUDEOILM15OCT269500CE,319.75,30,SELL_AGGRESSOR,159620,74180
2026-09-24 15:10:13.560,CRUDEOILM,CE,9600.0,CRUDEOILM15OCT269600CE,290.8,60,BUY,63030,13730
2026-09-24 15:10:13.560,CRUDEOILM,CE,9700.0,CRUDEOILM15OCT269700CE,261.8,60,SELL_AGGRESSOR,57300,12240
2026-09-24 15:10:13.560,CRUDEOILM,CE,9800.0,CRUDEOILM15OCT269800CE,236.65,50,INSIDE,96100,35440
2026-09-24 15:10:13.560,CRUDEOILM,CE,9850.0,CRUDEOILM15OCT269850CE,225.45,20,SELL,14500,3280
2026-09-24 15:10:13.560,CRUDEOILM,CE,9900.0,CRUDEOILM15OCT269900CE,214.15,30,BUY,176000,29240
2026-09-24 15:10:17.081,CRUDEOIL,FUT,0.0,CRUDEOIL19OCT26FUT,9028.0,2700,BUY_AGGRESSOR,1942700,1294600
2026-09-24 15:10:17.081,CRUDEOIL,CE,9350.0,CRUDEOIL15OCT269350CE,366.2,100,BUY_AGGRESSOR,95300,23100
2026-09-24 15:10:17.081,CRUDEOIL,CE,9500.0,CRUDEOIL15OCT269500CE,315.0,100,BUY_AGGRESSOR,1323800,581600
2026-09-24 15:10:17.081,CRUDEOILM,FUT,0.0,CRUDEOILM19OCT26FUT,9028.0,110,BUY_AGGRESSOR,543950,414690
2026-09-24 15:10:17.081,CRUDEOILM,CE,9450.0,CRUDEOILM15OCT269450CE,336.75,70,BUY,34770,14490
2026-09-24 15:10:17.081,CRUDEOILM,CE,9500.0,CRUDEOILM15OCT269500CE,320.05,10,BUY,159630,74180
2026-09-24 15:10:17.081,CRUDEOILM,CE,9600.0,CRUDEOILM15OCT269600CE,290.65,70,BUY_AGGRESSOR,63100,13670
2026-09-24 15:10:20.596,CRUDEOIL,FUT,0.0,CRUDEOIL19OCT26FUT,9030.0,900,BUY_AGGRESSOR,1943600,1294400
2026-09-24 15:10:20.596,CRUDEOIL,CE,9400.0,CRUDEOIL15OCT269400CE,348.0,100,BUY_AGGRESSOR,356000,80000
2026-09-24 15:10:20.596,CRUDEOIL,CE,9600.0,CRUDEOIL15OCT269600CE,286.3,100,BUY_AGGRESSOR,232100,62600
2026-09-24 15:10:20.596,CRUDEOIL,PE,9600.0,CRUDEOIL15OCT269600PE,851.2,100,SELL_AGGRESSOR,1100,9200
2026-09-24 15:10:20.596,CRUDEOILM,FUT,0.0,CRUDEOILM19OCT26FUT,9030.0,100,BUY_AGGRESSOR,544050,414780
2026-09-24 15:10:20.596,CRUDEOILM,CE,9600.0,CRUDEOILM15OCT269600CE,291.75,10,BUY_AGGRESSOR,63110,13660
2026-09-24 15:10:20.596,CRUDEOILM,CE,9750.0,CRUDEOILM15OCT269750CE,250.95,10,BUY_AGGRESSOR,12660,3380
2026-09-24 15:10:24.175,CRUDEOIL,FUT,0.0,CRUDEOIL19OCT26FUT,9030.0,100,BUY_AGGRESSOR,1943700,1293900
2026-09-24 15:10:24.175,CRUDEOIL,CE,9500.0,CRUDEOIL15OCT269500CE,316.0,1500,BUY,1325300,582900
2026-09-24 15:10:24.175,CRUDEOIL,CE,9800.0,CRUDEOIL15OCT269800CE,234.9,100,BUY,277300,100900
2026-09-24 15:10:24.175,CRUDEOILM,FUT,0.0,CRUDEOILM19OCT26FUT,9028.0,30,SELL_AGGRESSOR,544080,414790
2026-09-24 15:10:27.754,CRUDEOIL,FUT,0.0,CRUDEOIL19OCT26FUT,9028.0,600,SELL_AGGRESSOR,1944300,1293800
2026-09-24 15:10:27.754,CRUDEOIL,CE,9350.0,CRUDEOIL15OCT269350CE,366.2,200,INSIDE,95500,23100
2026-09-24 15:10:27.754,CRUDEOIL,CE,9400.0,CRUDEOIL15OCT269400CE,346.9,100,SELL,356100,80000
2026-09-24 15:10:27.754,CRUDEOIL,CE,9500.0,CRUDEOIL15OCT269500CE,315.5,2400,BUY_AGGRESSOR,1327700,583600
2026-09-24 15:10:27.754,CRUDEOIL,CE,9700.0,CRUDEOIL15OCT269700CE,258.9,100,SELL_AGGRESSOR,401500,40600
2026-09-24 15:10:27.754,CRUDEOIL,CE,9800.0,CRUDEOIL15OCT269800CE,234.3,800,SELL,278100,100900
2026-09-24 15:10:27.754,CRUDEOILM,FUT,0.0,CRUDEOILM19OCT26FUT,9030.0,70,BUY,544150,414760
2026-09-24 15:10:27.754,CRUDEOILM,CE,9400.0,CRUDEOILM15OCT269400CE,352.95,60,BUY,62340,35950
2026-09-24 15:10:27.754,CRUDEOILM,CE,9600.0,CRUDEOILM15OCT269600CE,291.9,40,BUY_AGGRESSOR,63150,13620
2026-09-24 15:10:27.754,CRUDEOILM,CE,9800.0,CRUDEOILM15OCT269800CE,236.45,70,SELL_AGGRESSOR,96170,35370
2026-09-24 15:10:27.754,CRUDEOILM,CE,9900.0,CRUDEOILM15OCT269900CE,214.3,50,BUY,176050,29240
2026-09-24 15:10:31.312,CRUDEOIL,CE,9400.0,CRUDEOIL15OCT269400CE,346.7,100,SELL,356200,79800
2026-09-24 15:10:31.312,CRUDEOIL,CE,9500.0,CRUDEOIL15OCT269500CE,315.5,700,BUY_AGGRESSOR,1328400,584300
2026-09-24 15:10:31.312,CRUDEOIL,CE,9600.0,CRUDEOIL15OCT269600CE,286.3,200,BUY_AGGRESSOR,232300,62600
2026-09-24 15:10:31.312,CRUDEOIL,CE,9650.0,CRUDEOIL15OCT269650CE,272.4,100,BUY,49600,13000
2026-09-24 15:10:31.312,CRUDEOILM,FUT,0.0,CRUDEOILM19OCT26FUT,9030.0,10,BUY_AGGRESSOR,544160,414750
2026-09-24 15:10:31.312,CRUDEOILM,CE,9500.0,CRUDEOILM15OCT269500CE,321.5,50,BUY_AGGRESSOR,159680,74220
2026-09-24 15:10:31.312,CRUDEOILM,CE,9600.0,CRUDEOILM15OCT269600CE,291.35,40,BUY_AGGRESSOR,63190,13580
2026-09-24 15:10:31.312,CRUDEOILM,CE,9700.0,CRUDEOILM15OCT269700CE,262.5,10,BUY,57310,12240
2026-09-24 15:10:34.905,CRUDEOIL,CE,9350.0,CRUDEOIL15OCT269350CE,366.0,100,SELL,95600,23100
2026-09-24 15:10:34.905,CRUDEOIL,CE,9500.0,CRUDEOIL15OCT269500CE,315.0,100,SELL_AGGRESSOR,1328500,584400
2026-09-24 15:10:34.905,CRUDEOIL,CE,9600.0,CRUDEOIL15OCT269600CE,286.1,100,SELL,232400,62600
2026-09-24 15:10:34.905,CRUDEOILM,FUT,0.0,CRUDEOILM19OCT26FUT,9031.0,120,BUY_AGGRESSOR,544280,414730
2026-09-24 15:10:38.859,CRUDEOIL,CE,9500.0,CRUDEOIL15OCT269500CE,315.5,100,BUY_AGGRESSOR,1328600,584500
2026-09-24 15:10:38.859,CRUDEOIL,CE,9600.0,CRUDEOIL15OCT269600CE,286.3,100,BUY_AGGRESSOR,232500,62600
2026-09-24 15:10:38.859,CRUDEOILM,FUT,0.0,CRUDEOILM19OCT26FUT,9031.0,20,BUY_AGGRESSOR,544300,414730
2026-09-24 15:10:38.859,CRUDEOILM,CE,9500.0,CRUDEOILM15OCT269500CE,321.7,10,BUY_AGGRESSOR,159690,74230
2026-09-24 15:10:42.426,CRUDEOIL,CE,9500.0,CRUDEOIL15OCT269500CE,315.5,200,BUY_AGGRESSOR,1328800,584600
2026-09-24 15:10:42.426,CRUDEOILM,FUT,0.0,CRUDEOILM19OCT26FUT,9030.0,80,SELL_AGGRESSOR,544380,414730
2026-09-24 15:10:42.426,CRUDEOILM,CE,9750.0,CRUDEOILM15OCT269750CE,250.9,100,BUY_AGGRESSOR,12760,3470
2026-09-24 15:10:45.998,CRUDEOIL,CE,9500.0,CRUDEOIL15OCT269500CE,316.0,100,BUY_AGGRESSOR,1328900,584700
2026-09-24 15:10:45.998,CRUDEOIL,CE,9650.0,CRUDEOIL15OCT269650CE,273.3,1000,BUY_AGGRESSOR,50600,13000
2026-09-24 15:10:45.998,CRUDEOIL,CE,9800.0,CRUDEOIL15OCT269800CE,234.9,100,BUY,278200,101500
2026-09-24 15:10:45.998,CRUDEOILM,FUT,0.0,CRUDEOILM19OCT26FUT,9032.0,80,BUY_AGGRESSOR,544460,414730
2026-09-24 15:10:49.480,CRUDEOIL,FUT,0.0,CRUDEOIL19OCT26FUT,9028.0,100,SELL_AGGRESSOR,1944400,1293800
2026-09-24 15:10:49.480,CRUDEOIL,CE,9500.0,CRUDEOIL15OCT269500CE,315.0,200,SELL_AGGRESSOR,1329100,584900
2026-09-24 15:10:49.480,CRUDEOIL,CE,9800.0,CRUDEOIL15OCT269800CE,234.3,100,SELL_AGGRESSOR,278300,101500
2026-09-24 15:10:49.480,CRUDEOIL,CE,9900.0,CRUDEOIL15OCT269900CE,212.2,100,SELL_AGGRESSOR,212600,36900
2026-09-24 15:10:49.480,CRUDEOILM,FUT,0.0,CRUDEOILM19OCT26FUT,9029.0,170,SELL_AGGRESSOR,544630,414610
2026-09-24 15:10:49.480,CRUDEOILM,CE,9650.0,CRUDEOILM15OCT269650CE,276.0,70,BUY,16780,2920
2026-09-24 15:10:53.051,CRUDEOIL,CE,9350.0,CRUDEOIL15OCT269350CE,366.0,100,INSIDE,95700,23100
2026-09-24 15:10:53.051,CRUDEOIL,CE,9500.0,CRUDEOIL15OCT269500CE,315.1,900,BUY_AGGRESSOR,1330000,585800
2026-09-24 15:10:53.051,CRUDEOIL,CE,9700.0,CRUDEOIL15OCT269700CE,258.3,200,SELL_AGGRESSOR,401700,40600
2026-09-24 15:10:53.051,CRUDEOIL,CE,9800.0,CRUDEOIL15OCT269800CE,234.0,100,SELL_AGGRESSOR,278400,101600
2026-09-24 15:10:53.051,CRUDEOILM,FUT,0.0,CRUDEOILM19OCT26FUT,9028.0,140,SELL_AGGRESSOR,544770,414520
2026-09-24 15:10:53.051,CRUDEOILM,CE,9700.0,CRUDEOILM15OCT269700CE,262.5,100,BUY_AGGRESSOR,57410,12140
2026-09-24 15:10:53.051,CRUDEOILM,CE,9900.0,CRUDEOILM15OCT269900CE,214.25,10,BUY_AGGRESSOR,176060,29240
2026-09-24 15:10:56.566,CRUDEOIL,CE,9500.0,CRUDEOIL15OCT269500CE,314.2,1300,SELL_AGGRESSOR,1331300,586100
2026-09-24 15:10:56.566,CRUDEOIL,CE,9600.0,CRUDEOIL15OCT269600CE,285.0,100,SELL,232600,62600
2026-09-24 15:10:56.566,CRUDEOIL,CE,9650.0,CRUDEOIL15OCT269650CE,272.5,100,BUY_AGGRESSOR,50700,13000
2026-09-24 15:10:56.566,CRUDEOIL,CE,9950.0,CRUDEOIL15OCT269950CE,202.7,100,BUY_AGGRESSOR,35300,8700
2026-09-24 15:10:56.566,CRUDEOILM,FUT,0.0,CRUDEOILM19OCT26FUT,9029.0,120,BUY_AGGRESSOR,544890,414410
2026-09-24 15:10:56.566,CRUDEOILM,CE,9500.0,CRUDEOILM15OCT269500CE,320.7,10,BUY_AGGRESSOR,159700,74240
2026-09-24 15:11:00.102,CRUDEOIL,FUT,0.0,CRUDEOIL19OCT26FUT,9028.0,100,BUY_AGGRESSOR,1944500,1293800
2026-09-24 15:11:00.102,CRUDEOILM,FUT,0.0,CRUDEOILM19OCT26FUT,9030.0,170,BUY_AGGRESSOR,545060,414410
2026-09-24 15:11:03.650,CRUDEOIL,FUT,0.0,CRUDEOIL19OCT26FUT,9033.0,400,BUY_AGGRESSOR,1944900,1293700
2026-09-24 15:11:03.650,CRUDEOIL,CE,9500.0,CRUDEOIL15OCT269500CE,315.4,400,BUY_AGGRESSOR,1331700,585800
2026-09-24 15:11:03.650,CRUDEOIL,CE,9700.0,CRUDEOIL15OCT269700CE,260.1,100,BUY_AGGRESSOR,401800,40600
2026-09-24 15:11:03.650,CRUDEOIL,CE,9800.0,CRUDEOIL15OCT269800CE,235.0,200,BUY_AGGRESSOR,278600,101500
2026-09-24 15:11:03.650,CRUDEOIL,CE,9900.0,CRUDEOIL15OCT269900CE,212.4,100,BUY_AGGRESSOR,212700,36800
2026-09-24 15:11:03.650,CRUDEOILM,FUT,0.0,CRUDEOILM19OCT26FUT,9032.0,220,BUY_AGGRESSOR,545280,414410
2026-09-24 15:11:03.650,CRUDEOILM,CE,9450.0,CRUDEOILM15OCT269450CE,337.25,40,BUY,34810,14530
2026-09-24 15:11:03.650,CRUDEOILM,CE,9500.0,CRUDEOILM15OCT269500CE,321.3,90,BUY,159790,74180
2026-09-24 15:11:03.650,CRUDEOILM,CE,9600.0,CRUDEOILM15OCT269600CE,291.2,10,SELL,63200,13570
2026-09-24 15:11:03.650,CRUDEOILM,CE,9650.0,CRUDEOILM15OCT269650CE,275.9,10,SELL,16790,2910
2026-09-24 15:11:03.650,CRUDEOILM,CE,9900.0,CRUDEOILM15OCT269900CE,215.1,10,BUY_AGGRESSOR,176070,29240
2026-09-24 15:11:03.650,CRUDEOILM,CE,9950.0,CRUDEOILM15OCT269950CE,204.0,20,BUY_AGGRESSOR,6790,3080
2026-09-24 15:11:07.289,CRUDEOIL,FUT,0.0,CRUDEOIL19OCT26FUT,9034.0,300,BUY_AGGRESSOR,1945200,1293600
2026-09-24 15:11:07.289,CRUDEOIL,CE,9500.0,CRUDEOIL15OCT269500CE,317.0,100,BUY_AGGRESSOR,1331800,585800
2026-09-24 15:11:07.289,CRUDEOIL,CE,9700.0,CRUDEOIL15OCT269700CE,260.8,100,BUY_AGGRESSOR,401900,40700
2026-09-24 15:11:07.289,CRUDEOILM,FUT,0.0,CRUDEOILM19OCT26FUT,9032.0,400,SELL_AGGRESSOR,545680,414090
2026-09-24 15:11:07.289,CRUDEOILM,CE,9350.0,CRUDEOILM15OCT269350CE,373.8,20,BUY_AGGRESSOR,31800,17540
2026-09-24 15:11:07.289,CRUDEOILM,PE,9450.0,CRUDEOILM15OCT269450PE,750.8,10,SELL_AGGRESSOR,2640,1340
2026-09-24 15:11:07.289,CRUDEOILM,CE,9500.0,CRUDEOILM15OCT269500CE,324.6,300,BUY_AGGRESSOR,160090,74180
2026-09-24 15:11:07.289,CRUDEOILM,CE,9600.0,CRUDEOILM15OCT269600CE,293.2,120,BUY_AGGRESSOR,63320,13570
2026-09-24 15:11:07.289,CRUDEOILM,CE,9750.0,CRUDEOILM15OCT269750CE,251.6,30,BUY,12790,3470
2026-09-24 15:11:10.887,CRUDEOIL,FUT,0.0,CRUDEOIL19OCT26FUT,9031.0,100,SELL_AGGRESSOR,1945300,1293600
2026-09-24 15:11:10.887,CRUDEOIL,CE,9700.0,CRUDEOIL15OCT269700CE,260.6,100,SELL,402000,40700
2026-09-24 15:11:10.887,CRUDEOIL,CE,9950.0,CRUDEOIL15OCT269950CE,202.7,100,INSIDE,35400,8800
2026-09-24 15:11:10.887,CRUDEOILM,FUT,0.0,CRUDEOILM19OCT26FUT,9032.0,220,SELL_AGGRESSOR,545900,414080
2026-09-24 15:11:10.887,CRUDEOILM,CE,9900.0,CRUDEOILM15OCT269900CE,215.15,10,SELL_AGGRESSOR,176080,29230
2026-09-24 15:11:14.677,CRUDEOIL,FUT,0.0,CRUDEOIL19OCT26FUT,9034.0,300,BUY,1945600,1293300
2026-09-24 15:11:14.677,CRUDEOIL,CE,9700.0,CRUDEOIL15OCT269700CE,260.0,200,SELL_AGGRESSOR,402200,40500
2026-09-24 15:11:14.677,CRUDEOILM,FUT,0.0,CRUDEOILM19OCT26FUT,9032.0,10,SELL_AGGRESSOR,545910,414090
2026-09-24 15:11:14.677,CRUDEOILM,CE,9500.0,CRUDEOILM15OCT269500CE,322.95,10,BUY_AGGRESSOR,160100,74240
2026-09-24 15:11:14.677,CRUDEOILM,CE,9700.0,CRUDEOILM15OCT269700CE,263.9,360,BUY,57770,12300
2026-09-24 15:11:18.228,CRUDEOIL,CE,9400.0,CRUDEOIL15OCT269400CE,349.7,100,BUY_AGGRESSOR,356300,79800
2026-09-24 15:11:18.228,CRUDEOIL,CE,9800.0,CRUDEOIL15OCT269800CE,236.1,100,BUY_AGGRESSOR,278700,101600
2026-09-24 15:11:18.228,CRUDEOILM,FUT,0.0,CRUDEOILM19OCT26FUT,9032.0,20,INSIDE,545930,414100
2026-09-24 15:11:18.228,CRUDEOILM,CE,9700.0,CRUDEOILM15OCT269700CE,264.5,650,BUY_AGGRESSOR,58420,12930
2026-09-24 15:11:21.801,CRUDEOIL,CE,9750.0,CRUDEOIL15OCT269750CE,248.1,200,BUY_AGGRESSOR,52700,12900
2026-09-24 15:11:21.801,CRUDEOILM,FUT,0.0,CRUDEOILM19OCT26FUT,9032.0,270,SELL_AGGRESSOR,546200,414100
2026-09-24 15:11:21.801,CRUDEOILM,CE,9500.0,CRUDEOILM15OCT269500CE,322.95,50,BUY_AGGRESSOR,160150,74290
2026-09-24 15:11:21.801,CRUDEOILM,CE,9700.0,CRUDEOILM15OCT269700CE,264.1,1010,SELL,59430,13930
2026-09-24 15:11:25.400,CRUDEOIL,FUT,0.0,CRUDEOIL19OCT26FUT,9032.0,100,BUY_AGGRESSOR,1945700,1293300
2026-09-24 15:11:25.400,CRUDEOIL,CE,9500.0,CRUDEOIL15OCT269500CE,316.9,500,BUY_AGGRESSOR,1332300,586000
2026-09-24 15:11:25.400,CRUDEOIL,CE,9800.0,CRUDEOIL15OCT269800CE,235.2,100,SELL_AGGRESSOR,278800,101500
2026-09-24 15:11:25.400,CRUDEOILM,FUT,0.0,CRUDEOILM19OCT26FUT,9032.0,10,BUY_AGGRESSOR,546210,414100
2026-09-24 15:11:25.400,CRUDEOILM,CE,9700.0,CRUDEOILM15OCT269700CE,263.0,950,SELL_AGGRESSOR,60380,14500
2026-09-24 15:11:28.999,CRUDEOIL,CE,9800.0,CRUDEOIL15OCT269800CE,236.3,300,BUY_AGGRESSOR,279100,101800
2026-09-24 15:11:28.999,CRUDEOILM,CE,9700.0,CRUDEOILM15OCT269700CE,262.9,320,SELL_AGGRESSOR,60700,15150
2026-09-24 15:11:32.799,CRUDEOIL,CE,9500.0,CRUDEOIL15OCT269500CE,317.4,100,BUY_AGGRESSOR,1332400,586100
2026-09-24 15:11:32.799,CRUDEOILM,FUT,0.0,CRUDEOILM19OCT26FUT,9031.0,50,SELL_AGGRESSOR,546260,414110
2026-09-24 15:11:32.799,CRUDEOILM,CE,9600.0,CRUDEOILM15OCT269600CE,292.95,10,BUY_AGGRESSOR,63330,13650
2026-09-24 15:11:32.799,CRUDEOILM,CE,9700.0,CRUDEOILM15OCT269700CE,262.75,880,SELL_AGGRESSOR,61580,15730
2026-09-24 15:11:36.432,CRUDEOIL,FUT,0.0,CRUDEOIL19OCT26FUT,9033.0,1300,BUY_AGGRESSOR,1947000,1293400
2026-09-24 15:11:36.432,CRUDEOIL,CE,9350.0,CRUDEOIL15OCT269350CE,366.9,100,SELL_AGGRESSOR,95800,23000
2026-09-24 15:11:36.432,CRUDEOIL,CE,9400.0,CRUDEOIL15OCT269400CE,350.0,400,BUY,356700,79800
2026-09-24 15:11:36.432,CRUDEOIL,CE,9500.0,CRUDEOIL15OCT269500CE,318.0,1500,BUY_AGGRESSOR,1333900,586200
2026-09-24 15:11:36.432,CRUDEOIL,CE,9550.0,CRUDEOIL15OCT269550CE,301.5,100,BUY,72300,15800
2026-09-24 15:11:36.432,CRUDEOIL,CE,9700.0,CRUDEOIL15OCT269700CE,261.9,1200,BUY_AGGRESSOR,403400,40400
2026-09-24 15:11:36.432,CRUDEOIL,CE,9800.0,CRUDEOIL15OCT269800CE,236.9,400,BUY_AGGRESSOR,279500,101800
2026-09-24 15:11:36.432,CRUDEOIL,CE,9850.0,CRUDEOIL15OCT269850CE,225.2,300,BUY,43600,12200
2026-09-24 15:11:36.432,CRUDEOIL,CE,9900.0,CRUDEOIL15OCT269900CE,213.7,100,BUY,212800,36800
2026-09-24 15:11:36.432,CRUDEOILM,FUT,0.0,CRUDEOILM19OCT26FUT,9034.0,400,BUY_AGGRESSOR,546660,414120
2026-09-24 15:11:36.432,CRUDEOILM,CE,9350.0,CRUDEOILM15OCT269350CE,373.9,50,BUY_AGGRESSOR,31850,17590
2026-09-24 15:11:36.432,CRUDEOILM,CE,9400.0,CRUDEOILM15OCT269400CE,355.3,140,BUY_AGGRESSOR,62480,35950
2026-09-24 15:11:36.432,CRUDEOILM,CE,9450.0,CRUDEOILM15OCT269450CE,339.3,110,BUY_AGGRESSOR,34920,14580
2026-09-24 15:11:36.432,CRUDEOILM,CE,9500.0,CRUDEOILM15OCT269500CE,323.45,230,BUY_AGGRESSOR,160380,74340
2026-09-24 15:11:36.432,CRUDEOILM,CE,9600.0,CRUDEOILM15OCT269600CE,293.5,240,BUY_AGGRESSOR,63570,13650
2026-09-24 15:11:36.432,CRUDEOILM,CE,9700.0,CRUDEOILM15OCT269700CE,264.25,860,BUY_AGGRESSOR,62440,16080
2026-09-24 15:11:36.432,CRUDEOILM,CE,9750.0,CRUDEOILM15OCT269750CE,252.1,30,BUY_AGGRESSOR,12820,3460
2026-09-24 15:11:36.432,CRUDEOILM,CE,9800.0,CRUDEOILM15OCT269800CE,239.3,100,BUY_AGGRESSOR,96270,35370
2026-09-24 15:11:36.432,CRUDEOILM,CE,9900.0,CRUDEOILM15OCT269900CE,216.6,140,BUY_AGGRESSOR,176220,29240
2026-09-24 15:11:40.062,CRUDEOIL,CE,9700.0,CRUDEOIL15OCT269700CE,261.1,200,SELL_AGGRESSOR,403600,40300
2026-09-24 15:11:40.062,CRUDEOILM,FUT,0.0,CRUDEOILM19OCT26FUT,9035.0,30,BUY_AGGRESSOR,546690,414100
2026-09-24 15:11:40.062,CRUDEOILM,CE,9600.0,CRUDEOILM15OCT269600CE,293.95,20,BUY,63590,13580
2026-09-24 15:11:40.062,CRUDEOILM,CE,9700.0,CRUDEOILM15OCT269700CE,263.6,220,SELL_AGGRESSOR,62660,16270
2026-09-24 15:11:43.805,CRUDEOIL,FUT,0.0,CRUDEOIL19OCT26FUT,9032.0,100,SELL,1947100,1293400
2026-09-24 15:11:43.805,CRUDEOIL,CE,9500.0,CRUDEOIL15OCT269500CE,317.8,100,SELL,1334000,586700
2026-09-24 15:11:43.805,CRUDEOIL,CE,9700.0,CRUDEOIL15OCT269700CE,261.0,300,BUY_AGGRESSOR,403900,40300
2026-09-24 15:11:43.805,CRUDEOIL,CE,9800.0,CRUDEOIL15OCT269800CE,236.4,100,SELL,279600,101900
2026-09-24 15:11:43.805,CRUDEOILM,FUT,0.0,CRUDEOILM19OCT26FUT,9034.0,70,BUY_AGGRESSOR,546760,414100
2026-09-24 15:11:43.805,CRUDEOILM,CE,9350.0,CRUDEOILM15OCT269350CE,374.2,50,BUY,31900,17590
2026-09-24 15:11:43.805,CRUDEOILM,CE,9500.0,CRUDEOILM15OCT269500CE,323.0,100,SELL_AGGRESSOR,160480,74200
2026-09-24 15:11:43.805,CRUDEOILM,CE,9700.0,CRUDEOILM15OCT269700CE,262.8,530,SELL_AGGRESSOR,63190,16320
2026-09-24 15:11:43.805,CRUDEOILM,CE,9800.0,CRUDEOILM15OCT269800CE,238.3,180,SELL_AGGRESSOR,96450,35610
2026-09-24 15:11:43.805,CRUDEOILM,CE,9900.0,CRUDEOILM15OCT269900CE,216.4,10,SELL,176230,29240
2026-09-24 15:11:47.387,CRUDEOIL,CE,9500.0,CRUDEOIL15OCT269500CE,317.0,1200,SELL_AGGRESSOR,1335200,587800
2026-09-24 15:11:47.387,CRUDEOIL,CE,9550.0,CRUDEOIL15OCT269550CE,302.5,100,BUY,72400,15900
2026-09-24 15:11:47.387,CRUDEOIL,CE,9600.0,CRUDEOIL15OCT269600CE,288.1,300,BUY_AGGRESSOR,232900,62600
2026-09-24 15:11:47.387,CRUDEOIL,CE,9700.0,CRUDEOIL15OCT269700CE,261.0,700,BUY_AGGRESSOR,404600,39900
2026-09-24 15:11:47.387,CRUDEOIL,CE,9800.0,CRUDEOIL15OCT269800CE,236.3,100,SELL_AGGRESSOR,279700,102000
2026-09-24 15:11:47.387,CRUDEOIL,CE,9850.0,CRUDEOIL15OCT269850CE,224.3,100,SELL_AGGRESSOR,43700,12200
2026-09-24 15:11:47.387,CRUDEOILM,FUT,0.0,CRUDEOILM19OCT26FUT,9032.0,90,SELL_AGGRESSOR,546850,414110
2026-09-24 15:11:47.387,CRUDEOILM,CE,9500.0,CRUDEOILM15OCT269500CE,323.05,20,BUY,160500,74200
2026-09-24 15:11:47.387,CRUDEOILM,CE,9700.0,CRUDEOILM15OCT269700CE,262.5,310,SELL_AGGRESSOR,63500,16360
2026-09-24 15:11:47.387,CRUDEOILM,CE,9800.0,CRUDEOILM15OCT269800CE,238.05,820,SELL_AGGRESSOR,97270,36430
2026-09-24 15:11:51.126,CRUDEOIL,FUT,0.0,CRUDEOIL19OCT26FUT,9032.0,100,BUY_AGGRESSOR,1947200,1293400
2026-09-24 15:11:51.126,CRUDEOIL,CE,9400.0,CRUDEOIL15OCT269400CE,350.1,100,BUY,356800,80100
2026-09-24 15:11:51.126,CRUDEOIL,CE,9500.0,CRUDEOIL15OCT269500CE,318.5,800,BUY_AGGRESSOR,1336000,588200
2026-09-24 15:11:51.126,CRUDEOIL,CE,9700.0,CRUDEOIL15OCT269700CE,261.0,200,INSIDE,404800,39800
2026-09-24 15:11:51.126,CRUDEOIL,CE,9850.0,CRUDEOIL15OCT269850CE,224.5,100,BUY,43800,12200
2026-09-24 15:11:51.126,CRUDEOILM,FUT,0.0,CRUDEOILM19OCT26FUT,9031.0,50,SELL_AGGRESSOR,546900,414140
2026-09-24 15:11:51.126,CRUDEOILM,CE,9500.0,CRUDEOILM15OCT269500CE,322.95,10,SELL,160510,74200
2026-09-24 15:11:51.126,CRUDEOILM,CE,9700.0,CRUDEOILM15OCT269700CE,263.75,10,BUY_AGGRESSOR,63510,16350
2026-09-24 15:11:51.126,CRUDEOILM,CE,9800.0,CRUDEOILM15OCT269800CE,238.85,90,BUY,97360,36430
2026-09-24 15:11:51.126,CRUDEOILM,CE,9900.0,CRUDEOILM15OCT269900CE,217.0,1000,BUY_AGGRESSOR,177230,30080
2026-09-24 15:11:51.126,CRUDEOILM,CE,9950.0,CRUDEOILM15OCT269950CE,206.7,20,BUY_AGGRESSOR,6810,3100
2026-09-24 15:11:54.681,CRUDEOIL,FUT,0.0,CRUDEOIL19OCT26FUT,9032.0,400,BUY_AGGRESSOR,1947600,1293300
2026-09-24 15:11:54.681,CRUDEOIL,CE,9400.0,CRUDEOIL15OCT269400CE,350.6,100,BUY,356900,80100
2026-09-24 15:11:54.681,CRUDEOIL,CE,9700.0,CRUDEOIL15OCT269700CE,261.1,1000,BUY_AGGRESSOR,405800,40300
2026-09-24 15:11:54.681,CRUDEOILM,FUT,0.0,CRUDEOILM19OCT26FUT,9034.0,20,BUY_AGGRESSOR,546920,414140
2026-09-24 15:11:54.681,CRUDEOILM,CE,9500.0,CRUDEOILM15OCT269500CE,323.5,100,BUY,160610,74200
2026-09-24 15:11:54.681,CRUDEOILM,CE,9700.0,CRUDEOILM15OCT269700CE,263.8,140,BUY,63650,16420
2026-09-24 15:11:58.293,CRUDEOIL,FUT,0.0,CRUDEOIL19OCT26FUT,9035.0,600,BUY_AGGRESSOR,1948200,1293400
2026-09-24 15:11:58.293,CRUDEOIL,CE,9350.0,CRUDEOIL15OCT269350CE,369.4,100,BUY_AGGRESSOR,95900,23000
2026-09-24 15:11:58.293,CRUDEOIL,CE,9500.0,CRUDEOIL15OCT269500CE,318.5,100,BUY_AGGRESSOR,1336100,588200
2026-09-24 15:11:58.293,CRUDEOIL,CE,9700.0,CRUDEOIL15OCT269700CE,262.2,300,BUY_AGGRESSOR,406100,40500
2026-09-24 15:11:58.293,CRUDEOIL,CE,9800.0,CRUDEOIL15OCT269800CE,237.3,100,BUY_AGGRESSOR,279800,102100
2026-09-24 15:11:58.293,CRUDEOIL,CE,9950.0,CRUDEOIL15OCT269950CE,204.6,100,BUY,35500,8800
2026-09-24 15:11:58.293,CRUDEOILM,FUT,0.0,CRUDEOILM19OCT26FUT,9035.0,140,BUY_AGGRESSOR,547060,414180
2026-09-24 15:11:58.293,CRUDEOILM,CE,9350.0,CRUDEOILM15OCT269350CE,376.35,20,BUY_AGGRESSOR,31920,17590
2026-09-24 15:11:58.293,CRUDEOILM,CE,9500.0,CRUDEOILM15OCT269500CE,323.55,10,BUY,160620,74200
2026-09-24 15:11:58.293,CRUDEOILM,CE,9700.0,CRUDEOILM15OCT269700CE,263.45,890,SELL_AGGRESSOR,64540,16740
2026-09-24 15:11:58.293,CRUDEOILM,CE,9750.0,CRUDEOILM15OCT269750CE,253.7,10,BUY_AGGRESSOR,12830,3430
2026-09-24 15:11:58.293,CRUDEOILM,CE,9900.0,CRUDEOILM15OCT269900CE,218.45,10,BUY_AGGRESSOR,177240,30080
2026-09-24 15:12:01.939,CRUDEOIL,FUT,0.0,CRUDEOIL19OCT26FUT,9035.0,100,SELL_AGGRESSOR,1948300,1293300
2026-09-24 15:12:01.939,CRUDEOIL,CE,9700.0,CRUDEOIL15OCT269700CE,262.1,100,BUY_AGGRESSOR,406200,40600
2026-09-24 15:12:01.939,CRUDEOIL,CE,9800.0,CRUDEOIL15OCT269800CE,237.0,100,SELL_AGGRESSOR,279900,102000
2026-09-24 15:12:01.939,CRUDEOILM,FUT,0.0,CRUDEOILM19OCT26FUT,9036.0,90,BUY,547150,414140
2026-09-24 15:12:01.939,CRUDEOILM,CE,9350.0,CRUDEOILM15OCT269350CE,376.45,10,BUY_AGGRESSOR,31930,17590
2026-09-24 15:12:01.939,CRUDEOILM,CE,9500.0,CRUDEOILM15OCT269500CE,324.5,160,BUY_AGGRESSOR,160780,74040
2026-09-24 15:12:01.939,CRUDEOILM,CE,9600.0,CRUDEOILM15OCT269600CE,295.6,40,BUY_AGGRESSOR,63630,13570
2026-09-24 15:12:01.939,CRUDEOILM,CE,9700.0,CRUDEOILM15OCT269700CE,264.6,100,BUY_AGGRESSOR,64640,16730
2026-09-24 15:12:05.554,CRUDEOIL,CE,9500.0,CRUDEOIL15OCT269500CE,318.6,200,SELL_AGGRESSOR,1336300,588000
2026-09-24 15:12:05.554,CRUDEOILM,FUT,0.0,CRUDEOILM19OCT26FUT,9036.0,50,BUY_AGGRESSOR,547200,414110
2026-09-24 15:12:05.554,CRUDEOILM,CE,9350.0,CRUDEOILM15OCT269350CE,376.35,10,SELL,31940,17590
2026-09-24 15:12:09.085,CRUDEOIL,CE,9700.0,CRUDEOIL15OCT269700CE,262.1,100,BUY_AGGRESSOR,406300,40700
2026-09-24 15:12:09.085,CRUDEOIL,CE,9950.0,CRUDEOIL15OCT269950CE,205.6,100,BUY_AGGRESSOR,35600,8900
2026-09-24 15:12:09.085,CRUDEOILM,FUT,0.0,CRUDEOILM19OCT26FUT,9033.0,20,SELL_AGGRESSOR,547220,414120
2026-09-24 15:12:09.085,CRUDEOILM,CE,9350.0,CRUDEOILM15OCT269350CE,376.55,10,BUY_AGGRESSOR,31950,17590
2026-09-24 15:12:09.085,CRUDEOILM,CE,9400.0,CRUDEOILM15OCT269400CE,357.3,10,BUY_AGGRESSOR,62490,35950
2026-09-24 15:12:12.672,CRUDEOIL,CE,9700.0,CRUDEOIL15OCT269700CE,262.4,900,BUY_AGGRESSOR,407200,40900
2026-09-24 15:12:12.672,CRUDEOILM,FUT,0.0,CRUDEOILM19OCT26FUT,9035.0,120,BUY,547340,414070
2026-09-24 15:12:12.672,CRUDEOILM,CE,9400.0,CRUDEOILM15OCT269400CE,357.15,10,SELL,62500,35950
2026-09-24 15:12:12.672,CRUDEOILM,CE,9700.0,CRUDEOILM15OCT269700CE,264.65,40,SELL_AGGRESSOR,64680,16690
2026-09-24 15:12:16.263,CRUDEOIL,FUT,0.0,CRUDEOIL19OCT26FUT,9037.0,400,BUY_AGGRESSOR,1948700,1293100
2026-09-24 15:12:16.263,CRUDEOIL,CE,9400.0,CRUDEOIL15OCT269400CE,353.2,200,BUY_AGGRESSOR,357100,80100
2026-09-24 15:12:16.263,CRUDEOIL,CE,9450.0,CRUDEOIL15OCT269450CE,336.6,100,BUY_AGGRESSOR,72500,24100
2026-09-24 15:12:16.263,CRUDEOIL,CE,9500.0,CRUDEOIL15OCT269500CE,319.7,1700,BUY_AGGRESSOR,1338000,586800
2026-09-24 15:12:16.263,CRUDEOIL,CE,9600.0,CRUDEOIL15OCT269600CE,290.0,300,BUY_AGGRESSOR,233200,62600
2026-09-24 15:12:16.263,CRUDEOILM,FUT,0.0,CRUDEOILM19OCT26FUT,9037.0,20,BUY_AGGRESSOR,547360,414070
2026-09-24 15:12:16.263,CRUDEOILM,CE,9450.0,CRUDEOILM15OCT269450CE,341.85,10,BUY_AGGRESSOR,34930,14640
2026-09-24 15:12:16.263,CRUDEOILM,CE,9500.0,CRUDEOILM15OCT269500CE,325.35,100,BUY_AGGRESSOR,160880,73990
2026-09-24 15:12:16.263,CRUDEOILM,CE,9550.0,CRUDEOILM15OCT269550CE,308.85,10,BUY,22710,3970
2026-09-24 15:12:16.263,CRUDEOILM,CE,9700.0,CRUDEOILM15OCT269700CE,265.65,40,BUY_AGGRESSOR,64720,16690
2026-09-24 15:12:19.873,CRUDEOIL,CE,9500.0,CRUDEOIL15OCT269500CE,318.5,100,SELL_AGGRESSOR,1338100,587000
2026-09-24 15:12:19.873,CRUDEOIL,CE,9600.0,CRUDEOIL15OCT269600CE,289.8,100,SELL,233300,62600
2026-09-24 15:12:19.873,CRUDEOIL,CE,9700.0,CRUDEOIL15OCT269700CE,262.1,200,SELL_AGGRESSOR,407400,41100
2026-09-24 15:12:19.873,CRUDEOIL,CE,9800.0,CRUDEOIL15OCT269800CE,237.8,300,BUY,280200,102300
2026-09-24 15:12:19.873,CRUDEOILM,FUT,0.0,CRUDEOILM19OCT26FUT,9037.0,250,BUY_AGGRESSOR,547610,414010
2026-09-24 15:12:19.873,CRUDEOILM,CE,9500.0,CRUDEOILM15OCT269500CE,325.05,30,SELL,160910,74010
2026-09-24 15:12:19.873,CRUDEOILM,CE,9700.0,CRUDEOILM15OCT269700CE,265.5,10,SELL,64730,16690
2026-09-24 15:12:23.536,CRUDEOIL,CE,9400.0,CRUDEOIL15OCT269400CE,350.6,200,SELL_AGGRESSOR,357300,80200
2026-09-24 15:12:23.536,CRUDEOIL,CE,9450.0,CRUDEOIL15OCT269450CE,333.9,100,SELL_AGGRESSOR,72600,24000
2026-09-24 15:12:23.536,CRUDEOIL,CE,9500.0,CRUDEOIL15OCT269500CE,318.0,2600,SELL_AGGRESSOR,1340700,588500
2026-09-24 15:12:23.536,CRUDEOIL,CE,9550.0,CRUDEOIL15OCT269550CE,302.0,100,SELL_AGGRESSOR,72500,15900
2026-09-24 15:12:23.536,CRUDEOIL,CE,9600.0,CRUDEOIL15OCT269600CE,288.1,700,SELL_AGGRESSOR,234000,62700
2026-09-24 15:12:23.536,CRUDEOIL,CE,9700.0,CRUDEOIL15OCT269700CE,260.2,1700,SELL_AGGRESSOR,409100,40800
2026-09-24 15:12:23.536,CRUDEOIL,CE,9800.0,CRUDEOIL15OCT269800CE,237.0,100,SELL_AGGRESSOR,280300,102300
2026-09-24 15:12:23.536,CRUDEOIL,CE,9900.0,CRUDEOIL15OCT269900CE,213.7,300,SELL_AGGRESSOR,213100,37100
2026-09-24 15:12:23.536,CRUDEOILM,FUT,0.0,CRUDEOILM19OCT26FUT,9032.0,80,SELL_AGGRESSOR,547690,414000
2026-09-24 15:12:23.536,CRUDEOILM,CE,9600.0,CRUDEOILM15OCT269600CE,293.95,10,SELL_AGGRESSOR,63640,13580
2026-09-24 15:12:23.536,CRUDEOILM,CE,9700.0,CRUDEOILM15OCT269700CE,264.25,100,SELL_AGGRESSOR,64830,16680
2026-09-24 15:12:23.536,CRUDEOILM,CE,9800.0,CRUDEOILM15OCT269800CE,239.5,100,SELL_AGGRESSOR,97460,36420
2026-09-24 15:12:27.053,CRUDEOIL,FUT,0.0,CRUDEOIL19OCT26FUT,9030.0,700,SELL_AGGRESSOR,1949400,1292900
2026-09-24 15:12:27.053,CRUDEOIL,CE,9350.0,CRUDEOIL15OCT269350CE,367.1,100,SELL_AGGRESSOR,96000,23100
2026-09-24 15:12:27.053,CRUDEOIL,CE,9400.0,CRUDEOIL15OCT269400CE,350.1,100,SELL_AGGRESSOR,357400,80200
2026-09-24 15:12:27.053,CRUDEOIL,CE,9500.0,CRUDEOIL15OCT269500CE,317.0,200,SELL_AGGRESSOR,1340900,588700
2026-09-24 15:12:27.053,CRUDEOIL,CE,9700.0,CRUDEOIL15OCT269700CE,259.1,1100,SELL_AGGRESSOR,410200,42100
2026-09-24 15:12:27.053,CRUDEOIL,CE,9800.0,CRUDEOIL15OCT269800CE,235.3,200,SELL_AGGRESSOR,280500,102400
2026-09-24 15:12:27.053,CRUDEOILM,FUT,0.0,CRUDEOILM19OCT26FUT,9031.0,380,SELL_AGGRESSOR,548070,413860
2026-09-24 15:12:27.053,CRUDEOILM,CE,9700.0,CRUDEOILM15OCT269700CE,262.75,10,SELL_AGGRESSOR,64840,16680
2026-09-24 15:12:27.053,CRUDEOILM,CE,9750.0,CRUDEOILM15OCT269750CE,251.1,50,SELL_AGGRESSOR,12880,3480
2026-09-24 15:12:27.053,CRUDEOILM,CE,9800.0,CRUDEOILM15OCT269800CE,238.5,90,SELL_AGGRESSOR,97550,36420
2026-09-24 15:12:27.053,CRUDEOILM,CE,9850.0,CRUDEOILM15OCT269850CE,227.0,10,SELL_AGGRESSOR,14510,3290
2026-09-24 15:12:27.053,CRUDEOILM,CE,9900.0,CRUDEOILM15OCT269900CE,215.8,10,SELL_AGGRESSOR,177250,30070
2026-09-24 15:12:30.711,CRUDEOIL,FUT,0.0,CRUDEOIL19OCT26FUT,9031.0,300,BUY_AGGRESSOR,1949700,1292800
2026-09-24 15:12:30.711,CRUDEOIL,CE,9500.0,CRUDEOIL15OCT269500CE,315.8,200,SELL_AGGRESSOR,1341100,588900
2026-09-24 15:12:30.711,CRUDEOIL,CE,9700.0,CRUDEOIL15OCT269700CE,259.5,100,BUY,410300,42200
2026-09-24 15:12:30.711,CRUDEOIL,CE,9800.0,CRUDEOIL15OCT269800CE,235.2,100,BUY_AGGRESSOR,280600,102500
2026-09-24 15:12:30.711,CRUDEOILM,FUT,0.0,CRUDEOILM19OCT26FUT,9033.0,240,BUY_AGGRESSOR,548310,413900
2026-09-24 15:12:30.711,CRUDEOILM,CE,9500.0,CRUDEOILM15OCT269500CE,321.55,90,SELL,161000,73940
2026-09-24 15:12:30.711,CRUDEOILM,CE,9600.0,CRUDEOILM15OCT269600CE,292.05,40,SELL,63680,13540
2026-09-24 15:12:30.711,CRUDEOILM,CE,9700.0,CRUDEOILM15OCT269700CE,262.5,70,SELL_AGGRESSOR,64910,16680
2026-09-24 15:12:30.711,CRUDEOILM,CE,9900.0,CRUDEOILM15OCT269900CE,215.55,10,BUY_AGGRESSOR,177260,30070
2026-09-24 15:12:34.166,CRUDEOIL,CE,9500.0,CRUDEOIL15OCT269500CE,316.0,200,SELL_AGGRESSOR,1341300,588800
2026-09-24 15:12:34.166,CRUDEOILM,FUT,0.0,CRUDEOILM19OCT26FUT,9030.0,10,SELL_AGGRESSOR,548320,413900
2026-09-24 15:12:34.166,CRUDEOILM,CE,9800.0,CRUDEOILM15OCT269800CE,237.85,10,SELL_AGGRESSOR,97560,36410
2026-09-24 15:12:37.870,CRUDEOIL,FUT,0.0,CRUDEOIL19OCT26FUT,9030.0,400,SELL_AGGRESSOR,1950100,1292800
2026-09-24 15:12:37.870,CRUDEOIL,CE,9500.0,CRUDEOIL15OCT269500CE,316.7,500,BUY_AGGRESSOR,1341800,589100
2026-09-24 15:12:37.870,CRUDEOILM,FUT,0.0,CRUDEOILM19OCT26FUT,9030.0,50,INSIDE,548370,413910
2026-09-24 15:12:37.870,CRUDEOILM,CE,9900.0,CRUDEOILM15OCT269900CE,215.55,10,INSIDE,177270,30070
2026-09-24 15:12:41.375,CRUDEOIL,CE,9600.0,CRUDEOIL15OCT269600CE,287.6,100,BUY_AGGRESSOR,234100,62700
2026-09-24 15:12:41.375,CRUDEOILM,FUT,0.0,CRUDEOILM19OCT26FUT,9031.0,210,BUY_AGGRESSOR,548580,413950
2026-09-24 15:12:45.036,CRUDEOIL,CE,9450.0,CRUDEOIL15OCT269450CE,333.8,100,BUY_AGGRESSOR,72700,24100
2026-09-24 15:12:45.036,CRUDEOIL,CE,9500.0,CRUDEOIL15OCT269500CE,317.3,300,BUY_AGGRESSOR,1342100,589400
2026-09-24 15:12:45.036,CRUDEOILM,FUT,0.0,CRUDEOILM19OCT26FUT,9033.0,60,BUY_AGGRESSOR,548640,413980
2026-09-24 15:12:45.036,CRUDEOILM,CE,9400.0,CRUDEOILM15OCT269400CE,353.85,10,SELL_AGGRESSOR,62510,35950
2026-09-24 15:12:48.560,CRUDEOIL,CE,9400.0,CRUDEOIL15OCT269400CE,350.2,100,BUY_AGGRESSOR,357500,80200
2026-09-24 15:12:48.560,CRUDEOIL,CE,9550.0,CRUDEOIL15OCT269550CE,302.5,100,BUY_AGGRESSOR,72600,15900
2026-09-24 15:12:48.560,CRUDEOIL,CE,9800.0,CRUDEOIL15OCT269800CE,236.1,100,BUY_AGGRESSOR,280700,102600
2026-09-24 15:12:48.560,CRUDEOILM,FUT,0.0,CRUDEOILM19OCT26FUT,9031.0,70,SELL_AGGRESSOR,548710,414020
2026-09-24 15:12:52.189,CRUDEOIL,FUT,0.0,CRUDEOIL19OCT26FUT,9031.0,400,SELL_AGGRESSOR,1950500,1292900
2026-09-24 15:12:52.189,CRUDEOIL,CE,9500.0,CRUDEOIL15OCT269500CE,317.9,700,BUY_AGGRESSOR,1342800,589900
2026-09-24 15:12:52.189,CRUDEOIL,CE,9600.0,CRUDEOIL15OCT269600CE,288.1,900,BUY_AGGRESSOR,235000,63500
2026-09-24 15:12:52.189,CRUDEOILM,FUT,0.0,CRUDEOILM19OCT26FUT,9034.0,30,BUY_AGGRESSOR,548740,414020
2026-09-24 15:12:52.189,CRUDEOILM,CE,9950.0,CRUDEOILM15OCT269950CE,206.0,10,SELL,6820,3110
2026-09-24 15:12:55.745,CRUDEOILM,FUT,0.0,CRUDEOILM19OCT26FUT,9032.0,30,SELL_AGGRESSOR,548770,414050
2026-09-24 15:12:59.468,CRUDEOIL,CE,9500.0,CRUDEOIL15OCT269500CE,318.0,100,BUY,1342900,590000
2026-09-24 15:12:59.468,CRUDEOIL,CE,9600.0,CRUDEOIL15OCT269600CE,288.3,100,BUY_AGGRESSOR,235100,63600
2026-09-24 15:12:59.468,CRUDEOILM,FUT,0.0,CRUDEOILM19OCT26FUT,9036.0,180,BUY_AGGRESSOR,548950,414050
2026-09-24 15:12:59.468,CRUDEOILM,CE,9800.0,CRUDEOILM15OCT269800CE,238.55,10,SELL_AGGRESSOR,97570,36400
2026-09-24 15:13:03.088,CRUDEOILM,FUT,0.0,CRUDEOILM19OCT26FUT,9034.0,90,SELL,549040,414040
2026-09-24 15:13:03.088,CRUDEOILM,CE,9350.0,CRUDEOILM15OCT269350CE,375.05,10,SELL,31960,17590
2026-09-24 15:13:06.841,CRUDEOIL,CE,9500.0,CRUDEOIL15OCT269500CE,317.3,900,SELL_AGGRESSOR,1343800,590900
2026-09-24 15:13:06.841,CRUDEOIL,CE,9800.0,CRUDEOIL15OCT269800CE,236.1,100,BUY_AGGRESSOR,280800,102700
2026-09-24 15:13:06.841,CRUDEOILM,CE,9500.0,CRUDEOILM15OCT269500CE,323.1,20,BUY_AGGRESSOR,161020,73960
2026-09-24 15:13:10.383,CRUDEOIL,CE,9400.0,CRUDEOIL15OCT269400CE,350.2,200,INSIDE,357700,80400
2026-09-24 15:13:10.383,CRUDEOIL,CE,9500.0,CRUDEOIL15OCT269500CE,317.8,100,BUY_AGGRESSOR,1343900,591000
2026-09-24 15:13:14.206,CRUDEOIL,CE,9500.0,CRUDEOIL15OCT269500CE,316.7,600,SELL,1344500,590400
2026-09-24 15:13:14.206,CRUDEOIL,CE,9900.0,CRUDEOIL15OCT269900CE,213.7,100,INSIDE,213200,37200
2026-09-24 15:13:14.206,CRUDEOILM,FUT,0.0,CRUDEOILM19OCT26FUT,9035.0,640,BUY_AGGRESSOR,549680,414040
2026-09-24 15:13:14.206,CRUDEOILM,CE,9900.0,CRUDEOILM15OCT269900CE,216.8,10,BUY,177280,30070
2026-09-24 15:13:17.766,CRUDEOIL,FUT,0.0,CRUDEOIL19OCT26FUT,9031.0,100,SELL_AGGRESSOR,1950600,1292900
2026-09-24 15:13:17.766,CRUDEOIL,CE,9550.0,CRUDEOIL15OCT269550CE,302.5,100,INSIDE,72700,16000
2026-09-24 15:13:17.766,CRUDEOIL,CE,9800.0,CRUDEOIL15OCT269800CE,236.1,2000,BUY_AGGRESSOR,282800,103000
2026-09-24 15:13:17.766,CRUDEOILM,FUT,0.0,CRUDEOILM19OCT26FUT,9032.0,60,SELL_AGGRESSOR,549740,414030
2026-09-24 15:13:17.766,CRUDEOILM,CE,9700.0,CRUDEOILM15OCT269700CE,263.45,10,SELL_AGGRESSOR,64920,16670
2026-09-24 15:13:17.766,CRUDEOILM,CE,9800.0,CRUDEOILM15OCT269800CE,238.6,10,SELL_AGGRESSOR,97580,36390
2026-09-24 15:13:21.493,CRUDEOIL,CE,9500.0,CRUDEOIL15OCT269500CE,316.5,3100,SELL_AGGRESSOR,1347600,590300
2026-09-24 15:13:21.493,CRUDEOILM,FUT,0.0,CRUDEOILM19OCT26FUT,9033.0,50,BUY_AGGRESSOR,549790,414010
2026-09-24 15:13:21.493,CRUDEOILM,CE,9500.0,CRUDEOILM15OCT269500CE,323.05,10,SELL,161030,73960
2026-09-24 15:13:25.129,CRUDEOIL,FUT,0.0,CRUDEOIL19OCT26FUT,9031.0,10100,SELL_AGGRESSOR,1960700,1292900
2026-09-24 15:13:25.129,CRUDEOIL,CE,9350.0,CRUDEOIL15OCT269350CE,369.2,300,BUY_AGGRESSOR,96300,23100
2026-09-24 15:13:25.129,CRUDEOIL,CE,9400.0,CRUDEOIL15OCT269400CE,350.8,1100,BUY_AGGRESSOR,358800,80500
2026-09-24 15:13:25.129,CRUDEOIL,CE,9450.0,CRUDEOIL15OCT269450CE,334.6,400,BUY_AGGRESSOR,73100,24000
2026-09-24 15:13:25.129,CRUDEOIL,CE,9500.0,CRUDEOIL15OCT269500CE,317.7,2200,BUY_AGGRESSOR,1349800,590200
2026-09-24 15:13:25.129,CRUDEOIL,PE,9500.0,CRUDEOIL15OCT269500PE,777.2,100,SELL_AGGRESSOR,82700,98500
2026-09-24 15:13:25.129,CRUDEOIL,CE,9550.0,CRUDEOIL15OCT269550CE,302.8,100,BUY_AGGRESSOR,72800,16000
2026-09-24 15:13:25.129,CRUDEOIL,CE,9600.0,CRUDEOIL15OCT269600CE,288.5,1000,BUY_AGGRESSOR,236100,63600
2026-09-24 15:13:25.129,CRUDEOIL,CE,9650.0,CRUDEOIL15OCT269650CE,273.7,300,BUY,51000,13000
2026-09-24 15:13:25.129,CRUDEOIL,CE,9700.0,CRUDEOIL15OCT269700CE,260.8,3100,BUY_AGGRESSOR,413400,42600
2026-09-24 15:13:25.129,CRUDEOIL,CE,9800.0,CRUDEOIL15OCT269800CE,236.9,2100,BUY_AGGRESSOR,284900,104700
2026-09-24 15:13:25.129,CRUDEOIL,CE,9900.0,CRUDEOIL15OCT269900CE,213.8,400,BUY_AGGRESSOR,213600,37200
2026-09-24 15:13:25.129,CRUDEOILM,FUT,0.0,CRUDEOILM19OCT26FUT,9036.0,530,BUY_AGGRESSOR,550320,414010
2026-09-24 15:13:25.129,CRUDEOILM,CE,9350.0,CRUDEOILM15OCT269350CE,375.3,40,BUY_AGGRESSOR,32000,17600
2026-09-24 15:13:25.129,CRUDEOILM,PE,9350.0,CRUDEOILM15OCT269350PE,686.95,40,SELL_AGGRESSOR,2890,2780
2026-09-24 15:13:25.129,CRUDEOILM,CE,9400.0,CRUDEOILM15OCT269400CE,356.0,80,BUY_AGGRESSOR,62590,35960
2026-09-24 15:13:25.129,CRUDEOILM,CE,9450.0,CRUDEOILM15OCT269450CE,339.75,60,BUY_AGGRESSOR,34990,14650
2026-09-24 15:13:25.129,CRUDEOILM,PE,9450.0,CRUDEOILM15OCT269450PE,749.7,100,SELL_AGGRESSOR,2740,1350
2026-09-24 15:13:25.129,CRUDEOILM,CE,9500.0,CRUDEOILM15OCT269500CE,323.5,150,BUY_AGGRESSOR,161180,73950
2026-09-24 15:13:25.129,CRUDEOILM,PE,9500.0,CRUDEOILM15OCT269500PE,781.95,110,SELL_AGGRESSOR,6090,11370
2026-09-24 15:13:25.129,CRUDEOILM,CE,9550.0,CRUDEOILM15OCT269550CE,308.45,20,BUY_AGGRESSOR,22730,3970
2026-09-24 15:13:25.129,CRUDEOILM,CE,9600.0,CRUDEOILM15OCT269600CE,293.55,190,BUY_AGGRESSOR,63870,13520
2026-09-24 15:13:25.129,CRUDEOILM,CE,9650.0,CRUDEOILM15OCT269650CE,279.0,40,BUY_AGGRESSOR,16830,2910
2026-09-24 15:13:25.129,CRUDEOILM,CE,9700.0,CRUDEOILM15OCT269700CE,264.25,230,BUY_AGGRESSOR,65150,16670
2026-09-24 15:13:25.129,CRUDEOILM,CE,9750.0,CRUDEOILM15OCT269750CE,252.6,30,BUY_AGGRESSOR,12910,3470
2026-09-24 15:13:25.129,CRUDEOILM,CE,9800.0,CRUDEOILM15OCT269800CE,239.4,80,BUY_AGGRESSOR,97660,36390
2026-09-24 15:13:25.129,CRUDEOILM,CE,9850.0,CRUDEOILM15OCT269850CE,228.8,90,BUY_AGGRESSOR,14600,3280
2026-09-24 15:13:25.129,CRUDEOILM,CE,9900.0,CRUDEOILM15OCT269900CE,217.35,100,BUY_AGGRESSOR,177380,30070
2026-09-24 15:13:28.797,CRUDEOIL,FUT,0.0,CRUDEOIL19OCT26FUT,9032.0,100,BUY,1960800,1292900
2026-09-24 15:13:28.797,CRUDEOIL,CE,9350.0,CRUDEOIL15OCT269350CE,367.5,100,SELL,96400,23100
2026-09-24 15:13:28.797,CRUDEOIL,CE,9500.0,CRUDEOIL15OCT269500CE,317.2,100,SELL,1349900,590100
2026-09-24 15:13:28.797,CRUDEOIL,CE,9800.0,CRUDEOIL15OCT269800CE,236.4,100,BUY_AGGRESSOR,285000,104800
2026-09-24 15:13:28.797,CRUDEOILM,FUT,0.0,CRUDEOILM19OCT26FUT,9033.0,80,BUY_AGGRESSOR,550400,414010
2026-09-24 15:13:32.448,CRUDEOIL,FUT,0.0,CRUDEOIL19OCT26FUT,9036.0,500,BUY_AGGRESSOR,1961300,1293200
2026-09-24 15:13:32.448,CRUDEOIL,CE,9500.0,CRUDEOIL15OCT269500CE,318.2,100,BUY_AGGRESSOR,1350000,590100
2026-09-24 15:13:32.448,CRUDEOILM,FUT,0.0,CRUDEOILM19OCT26FUT,9033.0,50,SELL_AGGRESSOR,550450,413990
2026-09-24 15:13:36.135,CRUDEOIL,CE,9500.0,CRUDEOIL15OCT269500CE,318.8,100,BUY_AGGRESSOR,1350100,590100
2026-09-24 15:13:36.135,CRUDEOILM,FUT,0.0,CRUDEOILM19OCT26FUT,9034.0,20,SELL_AGGRESSOR,550470,413990
2026-09-24 15:13:36.135,CRUDEOILM,CE,9400.0,CRUDEOILM15OCT269400CE,356.8,40,BUY_AGGRESSOR,62630,35960
2026-09-24 15:13:39.798,CRUDEOIL,FUT,0.0,CRUDEOIL19OCT26FUT,9037.0,200,BUY_AGGRESSOR,1961500,1299000
2026-09-24 15:13:39.798,CRUDEOIL,CE,9500.0,CRUDEOIL15OCT269500CE,318.8,100,BUY_AGGRESSOR,1350200,590200
2026-09-24 15:13:39.798,CRUDEOILM,FUT,0.0,CRUDEOILM19OCT26FUT,9038.0,20,BUY_AGGRESSOR,550490,413990
2026-09-24 15:13:39.798,CRUDEOILM,CE,9500.0,CRUDEOILM15OCT269500CE,325.0,10,BUY_AGGRESSOR,161190,73870
2026-09-24 15:13:43.340,CRUDEOIL,FUT,0.0,CRUDEOIL19OCT26FUT,9037.0,600,BUY_AGGRESSOR,1962100,1299000
2026-09-24 15:13:43.340,CRUDEOIL,CE,9450.0,CRUDEOIL15OCT269450CE,336.2,100,BUY_AGGRESSOR,73200,23700
2026-09-24 15:13:43.340,CRUDEOIL,CE,9500.0,CRUDEOIL15OCT269500CE,318.8,100,INSIDE,1350300,590300
2026-09-24 15:13:43.340,CRUDEOIL,CE,9950.0,CRUDEOIL15OCT269950CE,205.5,200,SELL,35800,8900
2026-09-24 15:13:43.340,CRUDEOILM,FUT,0.0,CRUDEOILM19OCT26FUT,9038.0,20,BUY_AGGRESSOR,550510,414050
2026-09-24 15:13:46.978,CRUDEOIL,FUT,0.0,CRUDEOIL19OCT26FUT,9037.0,100,BUY_AGGRESSOR,1962200,1299300
2026-09-24 15:13:46.978,CRUDEOILM,FUT,0.0,CRUDEOILM19OCT26FUT,9036.0,10,SELL,550520,414040
2026-09-24 15:13:46.978,CRUDEOILM,CE,9400.0,CRUDEOILM15OCT269400CE,357.1,20,BUY_AGGRESSOR,62650,35970
2026-09-24 15:13:46.978,CRUDEOILM,CE,9500.0,CRUDEOILM15OCT269500CE,324.7,20,SELL,161210,73870
2026-09-24 15:13:46.978,CRUDEOILM,CE,9900.0,CRUDEOILM15OCT269900CE,217.5,10,BUY,177390,30070
2026-09-24 15:13:50.525,CRUDEOIL,FUT,0.0,CRUDEOIL19OCT26FUT,9038.0,700,BUY_AGGRESSOR,1962900,1299400
2026-09-24 15:13:50.525,CRUDEOIL,CE,9700.0,CRUDEOIL15OCT269700CE,261.3,400,BUY,413800,43800
2026-09-24 15:13:50.525,CRUDEOILM,FUT,0.0,CRUDEOILM19OCT26FUT,9037.0,30,BUY_AGGRESSOR,550550,414000
2026-09-24 15:13:50.525,CRUDEOILM,CE,9350.0,CRUDEOILM15OCT269350CE,376.95,10,BUY_AGGRESSOR,32010,17620
2026-09-24 15:13:50.525,CRUDEOILM,CE,9500.0,CRUDEOILM15OCT269500CE,324.7,50,BUY_AGGRESSOR,161260,73890
2026-09-24 15:13:54.105,CRUDEOIL,CE,9450.0,CRUDEOIL15OCT269450CE,335.9,200,SELL,73400,23800
2026-09-24 15:13:54.105,CRUDEOIL,CE,9750.0,CRUDEOIL15OCT269750CE,249.8,200,BUY,52900,12900
2026-09-24 15:13:54.105,CRUDEOILM,FUT,0.0,CRUDEOILM19OCT26FUT,9038.0,50,BUY_AGGRESSOR,550600,413990
2026-09-24 15:13:54.105,CRUDEOILM,CE,9500.0,CRUDEOILM15OCT269500CE,324.9,10,BUY,161270,73940
2026-09-24 15:13:57.555,CRUDEOIL,FUT,0.0,CRUDEOIL19OCT26FUT,9038.0,100,BUY_AGGRESSOR,1963000,1299400
2026-09-24 15:13:57.555,CRUDEOIL,CE,9350.0,CRUDEOIL15OCT269350CE,370.0,100,BUY_AGGRESSOR,96500,23100
2026-09-24 15:13:57.555,CRUDEOILM,FUT,0.0,CRUDEOILM19OCT26FUT,9035.0,40,SELL_AGGRESSOR,550640,414000
2026-09-24 15:13:57.555,CRUDEOILM,CE,9350.0,CRUDEOILM15OCT269350CE,376.9,150,BUY_AGGRESSOR,32160,17630
2026-09-24 15:14:01.097,CRUDEOIL,FUT,0.0,CRUDEOIL19OCT26FUT,9037.0,200,BUY_AGGRESSOR,1963200,1299400
2026-09-24 15:14:01.097,CRUDEOIL,CE,9500.0,CRUDEOIL15OCT269500CE,319.0,100,BUY_AGGRESSOR,1350400,590500
2026-09-24 15:14:01.097,CRUDEOILM,FUT,0.0,CRUDEOILM19OCT26FUT,9037.0,20,BUY_AGGRESSOR,550660,414030
2026-09-24 15:14:01.097,CRUDEOILM,CE,9500.0,CRUDEOILM15OCT269500CE,324.8,170,SELL,161440,74050
2026-09-24 15:14:04.781,CRUDEOILM,FUT,0.0,CRUDEOILM19OCT26FUT,9038.0,20,BUY_AGGRESSOR,550680,414050
2026-09-24 15:14:04.781,CRUDEOILM,CE,9500.0,CRUDEOILM15OCT269500CE,324.85,10,BUY_AGGRESSOR,161450,74060
2026-09-24 15:14:09.336,CRUDEOIL,CE,9400.0,CRUDEOIL15OCT269400CE,352.4,100,BUY_AGGRESSOR,358900,80500
2026-09-24 15:14:09.336,CRUDEOIL,CE,9500.0,CRUDEOIL15OCT269500CE,319.0,600,BUY_AGGRESSOR,1351000,590100
2026-09-24 15:14:09.336,CRUDEOILM,FUT,0.0,CRUDEOILM19OCT26FUT,9036.0,50,SELL,550730,414080
2026-09-24 15:14:09.336,CRUDEOILM,CE,9400.0,CRUDEOILM15OCT269400CE,357.15,20,BUY_AGGRESSOR,62670,35970
2026-09-24 15:14:16.347,CRUDEOILM,FUT,0.0,CRUDEOILM19OCT26FUT,9037.0,20,BUY_AGGRESSOR,550750,414090
2026-09-24 15:14:16.347,CRUDEOILM,CE,9400.0,CRUDEOILM15OCT269400CE,357.9,30,BUY_AGGRESSOR,62700,35970
2026-09-24 15:14:16.347,CRUDEOILM,CE,9600.0,CRUDEOILM15OCT269600CE,294.2,20,SELL_AGGRESSOR,63890,13470
2026-09-24 15:14:19.793,CRUDEOIL,FUT,0.0,CRUDEOIL19OCT26FUT,9035.0,100,SELL_AGGRESSOR,1963300,1299500
2026-09-24 15:14:19.793,CRUDEOIL,CE,9500.0,CRUDEOIL15OCT269500CE,319.0,100,SELL_AGGRESSOR,1351100,590200
2026-09-24 15:14:19.793,CRUDEOIL,CE,9700.0,CRUDEOIL15OCT269700CE,261.9,200,SELL_AGGRESSOR,414000,43800
2026-09-24 15:14:19.793,CRUDEOILM,FUT,0.0,CRUDEOILM19OCT26FUT,9036.0,180,SELL_AGGRESSOR,550930,414090
2026-09-24 15:14:19.793,CRUDEOILM,CE,9500.0,CRUDEOILM15OCT269500CE,324.8,10,SELL_AGGRESSOR,161460,74060
2026-09-24 15:14:19.793,CRUDEOILM,CE,9700.0,CRUDEOILM15OCT269700CE,265.05,10,SELL_AGGRESSOR,65160,16700
2026-09-24 15:14:23.364,CRUDEOIL,FUT,0.0,CRUDEOIL19OCT26FUT,9035.0,200,SELL_AGGRESSOR,1963500,1299500
2026-09-24 15:14:23.364,CRUDEOIL,CE,9350.0,CRUDEOIL15OCT269350CE,369.9,200,BUY_AGGRESSOR,96700,23100
2026-09-24 15:14:23.364,CRUDEOIL,CE,9700.0,CRUDEOIL15OCT269700CE,260.9,1200,SELL_AGGRESSOR,415200,43700
2026-09-24 15:14:23.364,CRUDEOILM,FUT,0.0,CRUDEOILM19OCT26FUT,9035.0,230,SELL_AGGRESSOR,551160,414090
2026-09-24 15:14:23.364,CRUDEOILM,CE,9400.0,CRUDEOILM15OCT269400CE,356.8,10,SELL_AGGRESSOR,62710,35970
2026-09-24 15:14:23.364,CRUDEOILM,CE,9700.0,CRUDEOILM15OCT269700CE,265.0,10,SELL_AGGRESSOR,65170,16700
2026-09-24 15:14:23.364,CRUDEOILM,CE,9750.0,CRUDEOILM15OCT269750CE,253.0,20,SELL_AGGRESSOR,12930,3470
2026-09-24 15:14:23.364,CRUDEOILM,CE,9900.0,CRUDEOILM15OCT269900CE,216.55,1000,SELL_AGGRESSOR,178390,31000
2026-09-24 15:14:26.841,CRUDEOIL,FUT,0.0,CRUDEOIL19OCT26FUT,9036.0,200,BUY_AGGRESSOR,1963700,1299500
2026-09-24 15:14:26.841,CRUDEOIL,CE,9500.0,CRUDEOIL15OCT269500CE,318.2,200,SELL,1351300,590000
2026-09-24 15:14:26.841,CRUDEOILM,FUT,0.0,CRUDEOILM19OCT26FUT,9036.0,10,BUY_AGGRESSOR,551170,414090
2026-09-24 15:14:26.841,CRUDEOILM,CE,9600.0,CRUDEOILM15OCT269600CE,293.95,10,BUY_AGGRESSOR,63900,13480
2026-09-24 15:14:30.433,CRUDEOIL,FUT,0.0,CRUDEOIL19OCT26FUT,9035.0,600,SELL,1964300,1299500
2026-09-24 15:14:30.433,CRUDEOIL,CE,9350.0,CRUDEOIL15OCT269350CE,369.0,100,SELL,96800,23100
2026-09-24 15:14:30.433,CRUDEOIL,CE,9400.0,CRUDEOIL15OCT269400CE,351.9,300,SELL,359200,80500
2026-09-24 15:14:30.433,CRUDEOIL,CE,9500.0,CRUDEOIL15OCT269500CE,318.6,1100,BUY,1352400,590300
2026-09-24 15:14:30.433,CRUDEOIL,CE,9600.0,CRUDEOIL15OCT269600CE,289.2,500,BUY,236600,63200
2026-09-24 15:14:30.433,CRUDEOIL,CE,9700.0,CRUDEOIL15OCT269700CE,262.0,500,BUY,415700,43700
2026-09-24 15:14:30.433,CRUDEOIL,CE,9800.0,CRUDEOIL15OCT269800CE,237.0,100,SELL_AGGRESSOR,285100,104800
2026-09-24 15:14:30.433,CRUDEOIL,CE,9900.0,CRUDEOIL15OCT269900CE,215.1,400,BUY,214000,36900
2026-09-24 15:14:30.433,CRUDEOILM,FUT,0.0,CRUDEOILM19OCT26FUT,9036.0,120,INSIDE,551290,414080
2026-09-24 15:14:30.433,CRUDEOILM,CE,9350.0,CRUDEOILM15OCT269350CE,375.0,10,SELL_AGGRESSOR,32170,17630
2026-09-24 15:14:30.433,CRUDEOILM,CE,9500.0,CRUDEOILM15OCT269500CE,324.05,70,SELL,161530,74100
2026-09-24 15:14:30.433,CRUDEOILM,CE,9700.0,CRUDEOILM15OCT269700CE,264.75,140,SELL,65310,16700
2026-09-24 15:14:30.433,CRUDEOILM,CE,9800.0,CRUDEOILM15OCT269800CE,239.8,20,BUY,97680,36400
2026-09-24 15:14:30.433,CRUDEOILM,CE,9900.0,CRUDEOILM15OCT269900CE,216.8,1110,SELL_AGGRESSOR,179500,31570
2026-09-24 15:14:33.877,CRUDEOIL,CE,9400.0,CRUDEOIL15OCT269400CE,352.4,100,BUY,359300,80800
2026-09-24 15:14:33.877,CRUDEOIL,CE,9500.0,CRUDEOIL15OCT269500CE,319.4,100,BUY,1352500,590300
2026-09-24 15:14:33.877,CRUDEOIL,CE,9600.0,CRUDEOIL15OCT269600CE,289.2,400,SELL_AGGRESSOR,237000,63100
2026-09-24 15:14:33.877,CRUDEOIL,CE,9700.0,CRUDEOIL15OCT269700CE,261.7,1500,SELL_AGGRESSOR,417200,44700
2026-09-24 15:14:33.877,CRUDEOIL,CE,9900.0,CRUDEOIL15OCT269900CE,214.4,100,SELL_AGGRESSOR,214100,37200
2026-09-24 15:14:33.877,CRUDEOILM,CE,9400.0,CRUDEOILM15OCT269400CE,356.7,30,BUY_AGGRESSOR,62740,35970
2026-09-24 15:14:33.877,CRUDEOILM,CE,9450.0,CRUDEOILM15OCT269450CE,340.4,10,BUY_AGGRESSOR,35000,14700
2026-09-24 15:14:33.877,CRUDEOILM,CE,9500.0,CRUDEOILM15OCT269500CE,325.5,70,BUY_AGGRESSOR,161600,74130
2026-09-24 15:14:33.877,CRUDEOILM,CE,9600.0,CRUDEOILM15OCT269600CE,293.95,50,BUY_AGGRESSOR,63950,13470
2026-09-24 15:14:33.877,CRUDEOILM,CE,9700.0,CRUDEOILM15OCT269700CE,265.1,90,BUY_AGGRESSOR,65400,16470
2026-09-24 15:14:33.877,CRUDEOILM,CE,9800.0,CRUDEOILM15OCT269800CE,240.3,50,BUY_AGGRESSOR,97730,36360
2026-09-24 15:14:37.460,CRUDEOIL,CE,9350.0,CRUDEOIL15OCT269350CE,370.2,200,BUY_AGGRESSOR,97000,23000
2026-09-24 15:14:37.460,CRUDEOILM,FUT,0.0,CRUDEOILM19OCT26FUT,9035.0,30,SELL_AGGRESSOR,551320,414120
2026-09-24 15:14:37.460,CRUDEOILM,CE,9350.0,CRUDEOILM15OCT269350CE,376.75,10,BUY,32180,17680
2026-09-24 15:14:37.460,CRUDEOILM,CE,9500.0,CRUDEOILM15OCT269500CE,325.35,30,SELL,161630,74160
2026-09-24 15:14:37.460,CRUDEOILM,CE,9700.0,CRUDEOILM15OCT269700CE,266.05,10,BUY_AGGRESSOR,65410,16470
2026-09-24 15:14:37.460,CRUDEOILM,CE,9800.0,CRUDEOILM15OCT269800CE,240.3,20,BUY_AGGRESSOR,97750,36340
2026-09-24 15:14:37.460,CRUDEOILM,CE,9950.0,CRUDEOILM15OCT269950CE,207.65,10,BUY,6830,3120
2026-09-24 15:14:40.923,CRUDEOIL,FUT,0.0,CRUDEOIL19OCT26FUT,9037.0,300,BUY_AGGRESSOR,1964600,1299500
2026-09-24 15:14:40.923,CRUDEOIL,CE,9650.0,CRUDEOIL15OCT269650CE,276.1,100,SELL_AGGRESSOR,51100,13100
2026-09-24 15:14:40.923,CRUDEOIL,CE,9700.0,CRUDEOIL15OCT269700CE,261.9,100,SELL_AGGRESSOR,417300,44600
2026-09-24 15:14:40.923,CRUDEOIL,CE,9900.0,CRUDEOIL15OCT269900CE,215.5,100,BUY,214200,37300
2026-09-24 15:14:40.923,CRUDEOILM,FUT,0.0,CRUDEOILM19OCT26FUT,9037.0,90,BUY,551410,414190
2026-09-24 15:14:40.923,CRUDEOILM,CE,9650.0,CRUDEOILM15OCT269650CE,281.85,20,BUY_AGGRESSOR,16850,2920
2026-09-24 15:14:40.923,CRUDEOILM,CE,9900.0,CRUDEOILM15OCT269900CE,217.4,1000,SELL_AGGRESSOR,180500,32890
2026-09-24 15:14:44.469,CRUDEOIL,CE,9500.0,CRUDEOIL15OCT269500CE,319.4,200,BUY_AGGRESSOR,1352700,590100
2026-09-24 15:14:44.469,CRUDEOIL,CE,9600.0,CRUDEOIL15OCT269600CE,289.2,100,BUY_AGGRESSOR,237100,63100
2026-09-24 15:14:44.469,CRUDEOILM,FUT,0.0,CRUDEOILM19OCT26FUT,9038.0,50,BUY_AGGRESSOR,551460,414240
2026-09-24 15:14:44.469,CRUDEOILM,PE,9350.0,CRUDEOILM15OCT269350PE,684.65,60,SELL,2950,2800
2026-09-24 15:14:44.469,CRUDEOILM,CE,9500.0,CRUDEOILM15OCT269500CE,326.35,10,BUY_AGGRESSOR,161640,74160
2026-09-24 15:14:44.469,CRUDEOILM,CE,9550.0,CRUDEOILM15OCT269550CE,310.55,80,BUY,22810,4010
2026-09-24 15:14:44.469,CRUDEOILM,CE,9650.0,CRUDEOILM15OCT269650CE,280.5,30,SELL,16880,2910
2026-09-24 15:14:44.469,CRUDEOILM,CE,9700.0,CRUDEOILM15OCT269700CE,266.25,20,BUY_AGGRESSOR,65430,16470
2026-09-24 15:14:44.469,CRUDEOILM,CE,9800.0,CRUDEOILM15OCT269800CE,241.15,10,BUY_AGGRESSOR,97760,36340
2026-09-24 15:14:44.469,CRUDEOILM,CE,9850.0,CRUDEOILM15OCT269850CE,230.3,30,BUY,14630,3280
2026-09-24 15:14:44.469,CRUDEOILM,CE,9900.0,CRUDEOILM15OCT269900CE,218.1,20,BUY,180520,32900
2026-09-24 15:14:47.948,CRUDEOIL,FUT,0.0,CRUDEOIL19OCT26FUT,9036.0,800,SELL_AGGRESSOR,1965400,1299800
2026-09-24 15:14:47.948,CRUDEOIL,CE,9350.0,CRUDEOIL15OCT269350CE,370.2,100,SELL_AGGRESSOR,97100,23000
2026-09-24 15:14:47.948,CRUDEOIL,CE,9500.0,CRUDEOIL15OCT269500CE,319.5,100,SELL_AGGRESSOR,1352800,590000
2026-09-24 15:14:47.948,CRUDEOIL,CE,9800.0,CRUDEOIL15OCT269800CE,238.8,200,BUY_AGGRESSOR,285300,104900
2026-09-24 15:14:47.948,CRUDEOIL,CE,9900.0,CRUDEOIL15OCT269900CE,215.5,200,INSIDE,214400,37400
2026-09-24 15:14:47.948,CRUDEOILM,FUT,0.0,CRUDEOILM19OCT26FUT,9038.0,130,BUY_AGGRESSOR,551590,414310
2026-09-24 15:14:47.948,CRUDEOILM,PE,9350.0,CRUDEOILM15OCT269350PE,685.05,30,BUY_AGGRESSOR,2980,2800
2026-09-24 15:14:47.948,CRUDEOILM,CE,9700.0,CRUDEOILM15OCT269700CE,266.2,30,SELL,65460,16430
2026-09-24 15:14:47.948,CRUDEOILM,CE,9900.0,CRUDEOILM15OCT269900CE,217.55,980,SELL_AGGRESSOR,181500,33880
2026-09-24 15:14:51.378,CRUDEOIL,FUT,0.0,CRUDEOIL19OCT26FUT,9040.0,100,BUY_AGGRESSOR,1965500,1299900
2026-09-24 15:14:51.378,CRUDEOIL,CE,9500.0,CRUDEOIL15OCT269500CE,320.1,1100,BUY_AGGRESSOR,1353900,588900
2026-09-24 15:14:51.378,CRUDEOIL,PE,9500.0,CRUDEOIL15OCT269500PE,775.7,100,SELL_AGGRESSOR,82800,98500
2026-09-24 15:14:51.378,CRUDEOIL,CE,9550.0,CRUDEOIL15OCT269550CE,304.7,100,BUY_AGGRESSOR,72900,16000
2026-09-24 15:14:51.378,CRUDEOIL,CE,9600.0,CRUDEOIL15OCT269600CE,290.0,200,BUY_AGGRESSOR,237300,63100
2026-09-24 15:14:51.378,CRUDEOIL,CE,9900.0,CRUDEOIL15OCT269900CE,215.6,100,BUY,214500,37400
2026-09-24 15:14:51.378,CRUDEOIL,CE,9950.0,CRUDEOIL15OCT269950CE,205.8,500,BUY_AGGRESSOR,36300,8500
2026-09-24 15:14:51.378,CRUDEOILM,FUT,0.0,CRUDEOILM19OCT26FUT,9040.0,120,BUY_AGGRESSOR,551710,414410
2026-09-24 15:14:51.378,CRUDEOILM,PE,9500.0,CRUDEOILM15OCT269500PE,779.0,10,SELL_AGGRESSOR,6100,11440
2026-09-24 15:14:51.378,CRUDEOILM,CE,9600.0,CRUDEOILM15OCT269600CE,296.0,10,BUY,63960,13470
2026-09-24 15:14:51.378,CRUDEOILM,CE,9700.0,CRUDEOILM15OCT269700CE,266.7,10,BUY_AGGRESSOR,65470,16430
2026-09-24 15:14:51.378,CRUDEOILM,CE,9800.0,CRUDEOILM15OCT269800CE,241.15,10,BUY_AGGRESSOR,97770,36330
2026-09-24 15:14:54.921,CRUDEOILM,FUT,0.0,CRUDEOILM19OCT26FUT,9040.0,50,BUY_AGGRESSOR,551760,414430
2026-09-24 15:14:54.921,CRUDEOILM,CE,9500.0,CRUDEOILM15OCT269500CE,326.5,10,BUY,161650,74160
2026-09-24 15:14:58.365,CRUDEOIL,FUT,0.0,CRUDEOIL19OCT26FUT,9039.0,300,SELL,1965800,1299900
2026-09-24 15:14:58.365,CRUDEOIL,CE,9500.0,CRUDEOIL15OCT269500CE,320.8,800,BUY_AGGRESSOR,1354700,588200
2026-09-24 15:14:58.365,CRUDEOIL,PE,9500.0,CRUDEOIL15OCT269500PE,775.0,200,SELL_AGGRESSOR,83000,98500
2026-09-24 15:14:58.365,CRUDEOIL,CE,9600.0,CRUDEOIL15OCT269600CE,291.0,100,BUY_AGGRESSOR,237400,63100
2026-09-24 15:14:58.365,CRUDEOIL,CE,9700.0,CRUDEOIL15OCT269700CE,264.1,100,BUY_AGGRESSOR,417400,44600
2026-09-24 15:14:58.365,CRUDEOIL,CE,9900.0,CRUDEOIL15OCT269900CE,217.1,100,BUY_AGGRESSOR,214600,37600
2026-09-24 15:14:58.365,CRUDEOILM,FUT,0.0,CRUDEOILM19OCT26FUT,9040.0,460,BUY_AGGRESSOR,552220,414690
2026-09-24 15:14:58.365,CRUDEOILM,CE,9500.0,CRUDEOILM15OCT269500CE,326.25,1030,SELL_AGGRESSOR,162680,74210
2026-09-24 15:14:58.365,CRUDEOILM,CE,9700.0,CRUDEOILM15OCT269700CE,267.3,70,BUY,65540,16390
2026-09-24 15:14:58.365,CRUDEOILM,CE,9850.0,CRUDEOILM15OCT269850CE,231.3,40,BUY,14670,3280
2026-09-24 15:14:58.365,CRUDEOILM,CE,9950.0,CRUDEOILM15OCT269950CE,208.0,30,BUY_AGGRESSOR,6860,3090
2026-09-24 15:15:02.200,CRUDEOIL,CE,9400.0,CRUDEOIL15OCT269400CE,353.0,600,SELL_AGGRESSOR,359900,80800
2026-09-24 15:15:02.200,CRUDEOIL,CE,9450.0,CRUDEOIL15OCT269450CE,335.9,100,SELL_AGGRESSOR,73500,23800
2026-09-24 15:15:02.200,CRUDEOIL,CE,9500.0,CRUDEOIL15OCT269500CE,319.5,400,SELL_AGGRESSOR,1355100,588300
2026-09-24 15:15:02.200,CRUDEOIL,CE,9600.0,CRUDEOIL15OCT269600CE,291.0,100,INSIDE,237500,63100
2026-09-24 15:15:02.200,CRUDEOIL,CE,9650.0,CRUDEOIL15OCT269650CE,276.0,200,SELL_AGGRESSOR,51300,13200
2026-09-24 15:15:02.200,CRUDEOIL,CE,9700.0,CRUDEOIL15OCT269700CE,263.9,300,BUY_AGGRESSOR,417700,44600
2026-09-24 15:15:02.200,CRUDEOIL,CE,9800.0,CRUDEOIL15OCT269800CE,238.8,400,SELL_AGGRESSOR,285700,104900
2026-09-24 15:15:02.200,CRUDEOILM,FUT,0.0,CRUDEOILM19OCT26FUT,9037.0,60,SELL_AGGRESSOR,552280,414650
2026-09-24 15:15:02.200,CRUDEOILM,CE,9500.0,CRUDEOILM15OCT269500CE,325.95,70,SELL_AGGRESSOR,162750,74550
2026-09-24 15:15:02.200,CRUDEOILM,CE,9800.0,CRUDEOILM15OCT269800CE,241.15,60,SELL_AGGRESSOR,97830,36310
2026-09-24 15:15:02.200,CRUDEOILM,CE,9850.0,CRUDEOILM15OCT269850CE,231.15,10,SELL_AGGRESSOR,14680,3280
2026-09-24 15:15:02.200,CRUDEOILM,CE,9900.0,CRUDEOILM15OCT269900CE,218.1,10,SELL_AGGRESSOR,181510,33880
2026-09-24 15:15:05.742,CRUDEOIL,CE,9500.0,CRUDEOIL15OCT269500CE,318.7,300,SELL,1355400,588200
2026-09-24 15:15:05.742,CRUDEOIL,CE,9600.0,CRUDEOIL15OCT269600CE,290.1,100,SELL,237600,63100
2026-09-24 15:15:05.742,CRUDEOIL,CE,9700.0,CRUDEOIL15OCT269700CE,261.9,1000,SELL_AGGRESSOR,418700,45500
2026-09-24 15:15:05.742,CRUDEOILM,FUT,0.0,CRUDEOILM19OCT26FUT,9037.0,10,BUY_AGGRESSOR,552290,414640
2026-09-24 15:15:05.742,CRUDEOILM,CE,9500.0,CRUDEOILM15OCT269500CE,324.8,100,SELL_AGGRESSOR,162850,74590
2026-09-24 15:15:05.742,CRUDEOILM,CE,9900.0,CRUDEOILM15OCT269900CE,217.0,1000,SELL_AGGRESSOR,182510,33970
2026-09-24 15:15:09.262,CRUDEOIL,FUT,0.0,CRUDEOIL19OCT26FUT,9035.0,100,SELL_AGGRESSOR,1965900,1300000
2026-09-24 15:15:09.262,CRUDEOIL,CE,9500.0,CRUDEOIL15OCT269500CE,318.0,700,SELL_AGGRESSOR,1356100,587900
2026-09-24 15:15:09.262,CRUDEOIL,CE,9600.0,CRUDEOIL15OCT269600CE,289.4,500,SELL,238100,63100
2026-09-24 15:15:09.262,CRUDEOILM,FUT,0.0,CRUDEOILM19OCT26FUT,9036.0,260,SELL_AGGRESSOR,552550,414480
2026-09-24 15:15:09.262,CRUDEOILM,PE,9500.0,CRUDEOILM15OCT269500PE,782.85,20,BUY_AGGRESSOR,6120,11450
2026-09-24 15:15:09.262,CRUDEOILM,CE,9600.0,CRUDEOILM15OCT269600CE,295.55,10,SELL,63970,13480
2026-09-24 15:15:09.262,CRUDEOILM,CE,9650.0,CRUDEOILM15OCT269650CE,281.2,30,BUY,16910,2940
2026-09-24 15:15:09.262,CRUDEOILM,CE,9800.0,CRUDEOILM15OCT269800CE,240.0,50,SELL_AGGRESSOR,97880,36330
2026-09-24 15:15:12.804,CRUDEOIL,FUT,0.0,CRUDEOIL19OCT26FUT,9036.0,100,BUY_AGGRESSOR,1966000,1300000
2026-09-24 15:15:12.804,CRUDEOIL,CE,9550.0,CRUDEOIL15OCT269550CE,304.0,100,SELL,73000,16000
2026-09-24 15:15:12.804,CRUDEOILM,FUT,0.0,CRUDEOILM19OCT26FUT,9038.0,140,BUY_AGGRESSOR,552690,414480
2026-09-24 15:15:12.804,CRUDEOILM,CE,9400.0,CRUDEOILM15OCT269400CE,358.2,20,BUY_AGGRESSOR,62760,35970
2026-09-24 15:15:16.655,CRUDEOIL,FUT,0.0,CRUDEOIL19OCT26FUT,9033.0,200,SELL_AGGRESSOR,1966200,1300000
2026-09-24 15:15:16.655,CRUDEOIL,CE,9400.0,CRUDEOIL15OCT269400CE,352.0,100,BUY_AGGRESSOR,360000,80700
2026-09-24 15:15:16.655,CRUDEOIL,CE,9500.0,CRUDEOIL15OCT269500CE,318.0,100,SELL_AGGRESSOR,1356200,587900
2026-09-24 15:15:16.655,CRUDEOIL,CE,9700.0,CRUDEOIL15OCT269700CE,261.0,100,SELL_AGGRESSOR,418800,45400
2026-09-24 15:15:16.655,CRUDEOILM,FUT,0.0,CRUDEOILM19OCT26FUT,9034.0,200,SELL_AGGRESSOR,552890,414480
2026-09-24 15:15:16.655,CRUDEOILM,CE,9400.0,CRUDEOILM15OCT269400CE,356.7,10,SELL_AGGRESSOR,62770,35980
2026-09-24 15:15:16.655,CRUDEOILM,CE,9450.0,CRUDEOILM15OCT269450CE,340.4,10,SELL_AGGRESSOR,35010,14710
2026-09-24 15:15:16.655,CRUDEOILM,CE,9500.0,CRUDEOILM15OCT269500CE,324.0,70,SELL_AGGRESSOR,162920,74610
2026-09-24 15:15:16.655,CRUDEOILM,CE,9550.0,CRUDEOILM15OCT269550CE,309.0,20,SELL_AGGRESSOR,22830,4010
2026-09-24 15:15:16.655,CRUDEOILM,CE,9600.0,CRUDEOILM15OCT269600CE,293.9,60,SELL_AGGRESSOR,64030,13480
2026-09-24 15:15:16.655,CRUDEOILM,CE,9700.0,CRUDEOILM15OCT269700CE,265.0,50,SELL_AGGRESSOR,65590,16390
2026-09-24 15:15:20.269,CRUDEOIL,FUT,0.0,CRUDEOIL19OCT26FUT,9036.0,300,BUY_AGGRESSOR,1966500,1299700
2026-09-24 15:15:20.269,CRUDEOIL,CE,9350.0,CRUDEOIL15OCT269350CE,368.7,100,SELL_AGGRESSOR,97200,22900
2026-09-24 15:15:20.269,CRUDEOIL,CE,9500.0,CRUDEOIL15OCT269500CE,317.6,400,SELL_AGGRESSOR,1356600,587500
2026-09-24 15:15:20.269,CRUDEOIL,CE,9600.0,CRUDEOIL15OCT269600CE,288.0,200,SELL_AGGRESSOR,238300,63100
2026-09-24 15:15:20.269,CRUDEOIL,CE,9700.0,CRUDEOIL15OCT269700CE,261.8,300,BUY_AGGRESSOR,419100,45500
2026-09-24 15:15:20.269,CRUDEOIL,CE,9900.0,CRUDEOIL15OCT269900CE,215.2,100,BUY_AGGRESSOR,214700,37600
2026-09-24 15:15:20.269,CRUDEOILM,FUT,0.0,CRUDEOILM19OCT26FUT,9037.0,210,BUY_AGGRESSOR,553100,414430
2026-09-24 15:15:20.269,CRUDEOILM,CE,9400.0,CRUDEOILM15OCT269400CE,356.4,50,SELL,62820,35970
2026-09-24 15:15:23.780,CRUDEOIL,CE,9400.0,CRUDEOIL15OCT269400CE,352.0,100,INSIDE,360100,80800
2026-09-24 15:15:23.780,CRUDEOIL,CE,9500.0,CRUDEOIL15OCT269500CE,317.9,100,SELL_AGGRESSOR,1356700,587400
2026-09-24 15:15:23.780,CRUDEOIL,CE,9650.0,CRUDEOIL15OCT269650CE,275.8,100,BUY_AGGRESSOR,51400,13300
2026-09-24 15:15:23.780,CRUDEOIL,CE,9950.0,CRUDEOIL15OCT269950CE,205.2,100,BUY_AGGRESSOR,36400,8500
2026-09-24 15:15:23.780,CRUDEOILM,CE,9500.0,CRUDEOILM15OCT269500CE,325.1,30,BUY_AGGRESSOR,162950,74630
2026-09-24 15:15:23.780,CRUDEOILM,CE,9750.0,CRUDEOILM15OCT269750CE,253.0,40,INSIDE,12970,3430
2026-09-24 15:15:27.319,CRUDEOIL,FUT,0.0,CRUDEOIL19OCT26FUT,9035.0,400,SELL_AGGRESSOR,1966900,1299700
2026-09-24 15:15:27.319,CRUDEOIL,CE,9500.0,CRUDEOIL15OCT269500CE,318.5,200,BUY_AGGRESSOR,1356900,587500
2026-09-24 15:15:27.319,CRUDEOILM,FUT,0.0,CRUDEOILM19OCT26FUT,9037.0,120,BUY_AGGRESSOR,553220,414440
2026-09-24 15:15:30.903,CRUDEOIL,CE,9600.0,CRUDEOIL15OCT269600CE,289.0,200,BUY,238500,63300
2026-09-24 15:15:34.494,CRUDEOIL,CE,9500.0,CRUDEOIL15OCT269500CE,318.5,1600,BUY_AGGRESSOR,1358500,588000
2026-09-24 15:15:34.494,CRUDEOIL,CE,9800.0,CRUDEOIL15OCT269800CE,237.9,200,SELL,285900,105400
2026-09-24 15:15:34.494,CRUDEOIL,CE,9900.0,CRUDEOIL15OCT269900CE,215.4,200,BUY,214900,37800
2026-09-24 15:15:34.494,CRUDEOILM,FUT,0.0,CRUDEOILM19OCT26FUT,9038.0,210,BUY_AGGRESSOR,553430,414400
2026-09-24 15:15:38.051,CRUDEOIL,CE,9600.0,CRUDEOIL15OCT269600CE,289.0,100,SELL_AGGRESSOR,238600,63300
2026-09-24 15:15:38.051,CRUDEOILM,FUT,0.0,CRUDEOILM19OCT26FUT,9035.0,110,SELL_AGGRESSOR,553540,414400
2026-09-24 15:15:38.051,CRUDEOILM,CE,9550.0,CRUDEOILM15OCT269550CE,309.7,20,BUY,22850,4010
2026-09-24 15:15:38.051,CRUDEOILM,CE,9600.0,CRUDEOILM15OCT269600CE,294.5,10,BUY,64040,13490
2026-09-24 15:15:38.051,CRUDEOILM,CE,9900.0,CRUDEOILM15OCT269900CE,217.2,10,BUY,182520,34280
2026-09-24 15:15:41.729,CRUDEOIL,CE,9600.0,CRUDEOIL15OCT269600CE,289.3,300,BUY_AGGRESSOR,238900,63300
2026-09-24 15:15:41.729,CRUDEOILM,FUT,0.0,CRUDEOILM19OCT26FUT,9036.0,10,BUY_AGGRESSOR,553550,414400
2026-09-24 15:15:45.190,CRUDEOIL,CE,9500.0,CRUDEOIL15OCT269500CE,317.5,100,SELL_AGGRESSOR,1358600,588000
2026-09-24 15:15:45.190,CRUDEOIL,CE,9700.0,CRUDEOIL15OCT269700CE,261.4,400,SELL_AGGRESSOR,419500,45900
2026-09-24 15:15:45.190,CRUDEOILM,FUT,0.0,CRUDEOILM19OCT26FUT,9036.0,10,BUY_AGGRESSOR,553560,414400
2026-09-24 15:15:45.190,CRUDEOILM,CE,9600.0,CRUDEOILM15OCT269600CE,294.6,10,BUY_AGGRESSOR,64050,13500
2026-09-24 15:15:45.190,CRUDEOILM,CE,9900.0,CRUDEOILM15OCT269900CE,216.6,10,SELL_AGGRESSOR,182530,34280
2026-09-24 15:15:48.798,CRUDEOIL,FUT,0.0,CRUDEOIL19OCT26FUT,9035.0,100,BUY_AGGRESSOR,1967000,1299700
2026-09-24 15:15:48.798,CRUDEOIL,CE,9900.0,CRUDEOIL15OCT269900CE,214.7,100,SELL,215000,37800
2026-09-24 15:15:48.798,CRUDEOIL,CE,9950.0,CRUDEOIL15OCT269950CE,203.9,200,SELL_AGGRESSOR,36600,8400
2026-09-24 15:15:48.798,CRUDEOILM,FUT,0.0,CRUDEOILM19OCT26FUT,9036.0,30,BUY_AGGRESSOR,553590,414400
2026-09-24 15:15:48.798,CRUDEOILM,CE,9450.0,CRUDEOILM15OCT269450CE,341.2,100,BUY_AGGRESSOR,35110,14720
2026-09-24 15:15:48.798,CRUDEOILM,CE,9800.0,CRUDEOILM15OCT269800CE,239.9,10,SELL,97890,36330
2026-09-24 15:15:52.308,CRUDEOILM,FUT,0.0,CRUDEOILM19OCT26FUT,9035.0,270,SELL_AGGRESSOR,553860,414130
2026-09-24 15:15:52.308,CRUDEOILM,CE,9450.0,CRUDEOILM15OCT269450CE,342.65,400,BUY_AGGRESSOR,35510,14810
2026-09-24 15:15:52.308,CRUDEOILM,CE,9500.0,CRUDEOILM15OCT269500CE,324.0,10,SELL_AGGRESSOR,162960,74630
2026-09-24 15:15:55.790,CRUDEOIL,CE,9350.0,CRUDEOIL15OCT269350CE,370.3,100,BUY_AGGRESSOR,97300,23000
2026-09-24 15:15:55.790,CRUDEOIL,CE,9500.0,CRUDEOIL15OCT269500CE,317.9,200,BUY,1358800,588000
2026-09-24 15:15:55.790,CRUDEOILM,FUT,0.0,CRUDEOILM19OCT26FUT,9037.0,30,BUY_AGGRESSOR,553890,414130
2026-09-24 15:15:55.790,CRUDEOILM,CE,9900.0,CRUDEOILM15OCT269900CE,216.65,10,BUY,182540,34280
2026-09-24 15:15:59.355,CRUDEOIL,CE,9500.0,CRUDEOIL15OCT269500CE,318.8,500,BUY_AGGRESSOR,1359300,588000
2026-09-24 15:15:59.355,CRUDEOIL,CE,9600.0,CRUDEOIL15OCT269600CE,289.5,200,BUY_AGGRESSOR,239100,63300
2026-09-24 15:15:59.355,CRUDEOIL,CE,9900.0,CRUDEOIL15OCT269900CE,215.4,100,BUY_AGGRESSOR,215100,37800
2026-09-24 15:15:59.355,CRUDEOILM,FUT,0.0,CRUDEOILM19OCT26FUT,9036.0,40,BUY_AGGRESSOR,553930,414170
2026-09-24 15:15:59.355,CRUDEOILM,CE,9500.0,CRUDEOILM15OCT269500CE,324.95,10,BUY_AGGRESSOR,162970,74630
2026-09-24 15:15:59.355,CRUDEOILM,CE,9900.0,CRUDEOILM15OCT269900CE,218.0,10,BUY_AGGRESSOR,182550,34280
2026-09-24 15:16:02.810,CRUDEOIL,CE,9500.0,CRUDEOIL15OCT269500CE,319.5,800,BUY,1360100,587700
2026-09-24 15:16:02.810,CRUDEOIL,CE,9800.0,CRUDEOIL15OCT269800CE,238.2,200,SELL_AGGRESSOR,286100,105200
2026-09-24 15:16:02.810,CRUDEOILM,FUT,0.0,CRUDEOILM19OCT26FUT,9042.0,130,BUY_AGGRESSOR,554060,414130
2026-09-24 15:16:02.810,CRUDEOILM,CE,9450.0,CRUDEOILM15OCT269450CE,342.9,30,BUY,35540,14840
2026-09-24 15:16:06.416,CRUDEOIL,FUT,0.0,CRUDEOIL19OCT26FUT,9037.0,200,SELL_AGGRESSOR,1967200,1299700
2026-09-24 15:16:06.416,CRUDEOIL,CE,9400.0,CRUDEOIL15OCT269400CE,352.0,100,SELL_AGGRESSOR,360200,80900
2026-09-24 15:16:06.416,CRUDEOIL,CE,9500.0,CRUDEOIL15OCT269500CE,318.7,100,SELL_AGGRESSOR,1360200,587600
2026-09-24 15:16:06.416,CRUDEOILM,CE,9450.0,CRUDEOILM15OCT269450CE,343.3,40,BUY,35580,14850
2026-09-24 15:16:06.416,CRUDEOILM,CE,9850.0,CRUDEOILM15OCT269850CE,229.35,30,SELL_AGGRESSOR,14710,3270
2026-09-24 15:16:09.945,CRUDEOIL,FUT,0.0,CRUDEOIL19OCT26FUT,9036.0,500,SELL_AGGRESSOR,1967700,1299700
2026-09-24 15:16:09.945,CRUDEOIL,CE,9600.0,CRUDEOIL15OCT269600CE,289.3,100,SELL_AGGRESSOR,239200,63300
2026-09-24 15:16:09.945,CRUDEOIL,CE,9900.0,CRUDEOIL15OCT269900CE,215.6,100,BUY,215200,37800
2026-09-24 15:16:09.945,CRUDEOILM,FUT,0.0,CRUDEOILM19OCT26FUT,9039.0,100,SELL_AGGRESSOR,554160,414040
2026-09-24 15:16:09.945,CRUDEOILM,CE,9900.0,CRUDEOILM15OCT269900CE,217.6,20,SELL_AGGRESSOR,182570,34270
2026-09-24 15:16:13.576,CRUDEOIL,FUT,0.0,CRUDEOIL19OCT26FUT,9036.0,100,INSIDE,1967800,1299800
2026-09-24 15:16:13.576,CRUDEOIL,CE,9500.0,CRUDEOIL15OCT269500CE,318.7,500,INSIDE,1360700,587400
2026-09-24 15:16:13.576,CRUDEOIL,CE,9700.0,CRUDEOIL15OCT269700CE,262.1,100,BUY,419600,45900
2026-09-24 15:16:13.576,CRUDEOILM,FUT,0.0,CRUDEOILM19OCT26FUT,9041.0,110,BUY_AGGRESSOR,554270,414030
2026-09-24 15:16:13.576,CRUDEOILM,CE,9500.0,CRUDEOILM15OCT269500CE,325.15,100,SELL_AGGRESSOR,163070,74630
2026-09-24 15:16:13.576,CRUDEOILM,CE,9550.0,CRUDEOILM15OCT269550CE,310.75,30,BUY_AGGRESSOR,22880,4010
2026-09-24 15:16:17.163,CRUDEOIL,CE,9500.0,CRUDEOIL15OCT269500CE,318.7,600,INSIDE,1361300,586900
2026-09-24 15:16:17.163,CRUDEOIL,CE,9900.0,CRUDEOIL15OCT269900CE,215.6,100,INSIDE,215300,37800
2026-09-24 15:16:17.163,CRUDEOILM,FUT,0.0,CRUDEOILM19OCT26FUT,9040.0,10,SELL,554280,414030
2026-09-24 15:16:17.163,CRUDEOILM,CE,9450.0,CRUDEOILM15OCT269450CE,342.7,40,SELL,35620,14880
2026-09-24 15:16:17.163,CRUDEOILM,CE,9550.0,CRUDEOILM15OCT269550CE,311.25,10,BUY_AGGRESSOR,22890,4010
2026-09-24 15:16:17.163,CRUDEOILM,CE,9600.0,CRUDEOILM15OCT269600CE,296.1,40,BUY,64090,13540
2026-09-24 15:16:20.807,CRUDEOIL,CE,9500.0,CRUDEOIL15OCT269500CE,319.4,100,BUY_AGGRESSOR,1361400,586900
2026-09-24 15:16:20.807,CRUDEOILM,FUT,0.0,CRUDEOILM19OCT26FUT,9040.0,70,BUY_AGGRESSOR,554350,414020
2026-09-24 15:16:20.807,CRUDEOILM,CE,9500.0,CRUDEOILM15OCT269500CE,326.15,20,BUY,163090,74650
2026-09-24 15:16:24.393,CRUDEOIL,CE,9400.0,CRUDEOIL15OCT269400CE,353.0,100,BUY_AGGRESSOR,360300,80900
2026-09-24 15:16:24.393,CRUDEOIL,CE,9500.0,CRUDEOIL15OCT269500CE,319.5,100,BUY_AGGRESSOR,1361500,586900
2026-09-24 15:16:24.393,CRUDEOILM,FUT,0.0,CRUDEOILM19OCT26FUT,9040.0,60,BUY_AGGRESSOR,554410,414020
2026-09-24 15:16:24.393,CRUDEOILM,CE,9400.0,CRUDEOILM15OCT269400CE,358.0,10,BUY_AGGRESSOR,62830,35970
2026-09-24 15:16:24.393,CRUDEOILM,CE,9550.0,CRUDEOILM15OCT269550CE,310.7,10,SELL,22900,4010
2026-09-24 15:16:28.135,CRUDEOIL,FUT,0.0,CRUDEOIL19OCT26FUT,9042.0,400,BUY_AGGRESSOR,1968200,1299800
2026-09-24 15:16:28.135,CRUDEOIL,CE,9700.0,CRUDEOIL15OCT269700CE,263.7,300,BUY_AGGRESSOR,419900,46000
2026-09-24 15:16:28.135,CRUDEOIL,CE,9750.0,CRUDEOIL15OCT269750CE,250.6,100,BUY_AGGRESSOR,53000,12900
2026-09-24 15:16:28.135,CRUDEOIL,CE,9800.0,CRUDEOIL15OCT269800CE,238.5,100,BUY_AGGRESSOR,286200,105200
2026-09-24 15:16:28.135,CRUDEOIL,CE,9950.0,CRUDEOIL15OCT269950CE,206.5,100,BUY_AGGRESSOR,36700,8500
2026-09-24 15:16:28.135,CRUDEOILM,FUT,0.0,CRUDEOILM19OCT26FUT,9042.0,50,BUY_AGGRESSOR,554460,414020
2026-09-24 15:16:28.135,CRUDEOILM,CE,9350.0,CRUDEOILM15OCT269350CE,379.5,120,BUY_AGGRESSOR,32300,17790
2026-09-24 15:16:28.135,CRUDEOILM,PE,9500.0,CRUDEOILM15OCT269500PE,779.0,90,SELL_AGGRESSOR,6210,11450
2026-09-24 15:16:28.135,CRUDEOILM,CE,9750.0,CRUDEOILM15OCT269750CE,255.95,60,BUY_AGGRESSOR,13030,3430
2026-09-24 15:16:31.722,CRUDEOIL,CE,9350.0,CRUDEOIL15OCT269350CE,371.9,100,BUY_AGGRESSOR,97400,23000
2026-09-24 15:16:31.722,CRUDEOIL,CE,9500.0,CRUDEOIL15OCT269500CE,320.9,400,BUY_AGGRESSOR,1361900,586800
2026-09-24 15:16:31.722,CRUDEOIL,CE,9550.0,CRUDEOIL15OCT269550CE,305.5,100,BUY_AGGRESSOR,73100,16000
2026-09-24 15:16:31.722,CRUDEOIL,CE,9600.0,CRUDEOIL15OCT269600CE,291.1,200,BUY_AGGRESSOR,239400,63500
2026-09-24 15:16:31.722,CRUDEOIL,CE,9650.0,CRUDEOIL15OCT269650CE,277.4,100,BUY_AGGRESSOR,51500,13300
2026-09-24 15:16:31.722,CRUDEOIL,CE,9800.0,CRUDEOIL15OCT269800CE,238.8,100,BUY,286300,105200
2026-09-24 15:16:31.722,CRUDEOILM,FUT,0.0,CRUDEOILM19OCT26FUT,9040.0,140,SELL_AGGRESSOR,554600,414050
2026-09-24 15:16:31.722,CRUDEOILM,CE,9450.0,CRUDEOILM15OCT269450CE,343.75,130,BUY_AGGRESSOR,35750,14980
2026-09-24 15:16:31.722,CRUDEOILM,CE,9500.0,CRUDEOILM15OCT269500CE,327.55,300,BUY_AGGRESSOR,163390,74460
2026-09-24 15:16:31.722,CRUDEOILM,CE,9600.0,CRUDEOILM15OCT269600CE,296.95,290,BUY_AGGRESSOR,64380,13530
2026-09-24 15:16:31.722,CRUDEOILM,CE,9700.0,CRUDEOILM15OCT269700CE,267.8,170,BUY_AGGRESSOR,65760,16370
2026-09-24 15:16:35.329,CRUDEOIL,CE,9400.0,CRUDEOIL15OCT269400CE,352.3,200,SELL_AGGRESSOR,360500,80900
2026-09-24 15:16:35.329,CRUDEOIL,CE,9500.0,CRUDEOIL15OCT269500CE,320.0,700,SELL,1362600,587000
2026-09-24 15:16:35.329,CRUDEOIL,CE,9600.0,CRUDEOIL15OCT269600CE,290.7,100,BUY_AGGRESSOR,239500,63500
2026-09-24 15:16:35.329,CRUDEOILM,FUT,0.0,CRUDEOILM19OCT26FUT,9040.0,30,INSIDE,554630,414050
2026-09-24 15:16:35.329,CRUDEOILM,CE,9350.0,CRUDEOILM15OCT269350CE,377.1,110,SELL_AGGRESSOR,32410,17770
2026-09-24 15:16:38.861,CRUDEOIL,CE,9500.0,CRUDEOIL15OCT269500CE,319.8,200,SELL,1362800,587000
2026-09-24 15:16:38.861,CRUDEOIL,CE,9600.0,CRUDEOIL15OCT269600CE,290.0,300,SELL,239800,63600
2026-09-24 15:16:38.861,CRUDEOILM,FUT,0.0,CRUDEOILM19OCT26FUT,9040.0,10,SELL_AGGRESSOR,554640,414050
2026-09-24 15:16:38.861,CRUDEOILM,CE,9500.0,CRUDEOILM15OCT269500CE,326.95,250,BUY_AGGRESSOR,163640,74660
2026-09-24 15:16:38.861,CRUDEOILM,CE,9600.0,CRUDEOILM15OCT269600CE,296.3,10,BUY_AGGRESSOR,64390,13540
2026-09-24 15:16:42.589,CRUDEOIL,FUT,0.0,CRUDEOIL19OCT26FUT,9039.0,200,BUY_AGGRESSOR,1968400,1299700
2026-09-24 15:16:42.589,CRUDEOIL,CE,9500.0,CRUDEOIL15OCT269500CE,320.0,400,BUY_AGGRESSOR,1363200,587000
2026-09-24 15:16:42.589,CRUDEOIL,CE,9600.0,CRUDEOIL15OCT269600CE,290.3,100,BUY_AGGRESSOR,239900,63700
2026-09-24 15:16:42.589,CRUDEOILM,FUT,0.0,CRUDEOILM19OCT26FUT,9040.0,50,SELL_AGGRESSOR,554690,414050
2026-09-24 15:16:42.589,CRUDEOILM,CE,9500.0,CRUDEOILM15OCT269500CE,326.25,10,SELL,163650,74670
2026-09-24 15:16:42.589,CRUDEOILM,CE,9600.0,CRUDEOILM15OCT269600CE,296.0,70,SELL,64460,13610
2026-09-24 15:16:46.207,CRUDEOIL,FUT,0.0,CRUDEOIL19OCT26FUT,9037.0,100,SELL_AGGRESSOR,1968500,1299700
2026-09-24 15:16:46.207,CRUDEOIL,CE,9350.0,CRUDEOIL15OCT269350CE,370.0,100,SELL_AGGRESSOR,97500,23100
2026-09-24 15:16:46.207,CRUDEOIL,CE,9400.0,CRUDEOIL15OCT269400CE,351.8,100,SELL_AGGRESSOR,360600,81000
2026-09-24 15:16:46.207,CRUDEOIL,CE,9500.0,CRUDEOIL15OCT269500CE,318.6,1600,SELL_AGGRESSOR,1364800,588400
2026-09-24 15:16:46.207,CRUDEOIL,CE,9800.0,CRUDEOIL15OCT269800CE,237.9,100,SELL_AGGRESSOR,286400,105300
2026-09-24 15:16:46.207,CRUDEOIL,CE,9850.0,CRUDEOIL15OCT269850CE,227.5,100,BUY_AGGRESSOR,43900,12200
2026-09-24 15:16:46.207,CRUDEOIL,CE,9900.0,CRUDEOIL15OCT269900CE,215.0,1100,SELL_AGGRESSOR,216400,38700
2026-09-24 15:16:46.207,CRUDEOILM,FUT,0.0,CRUDEOILM19OCT26FUT,9036.0,20,SELL_AGGRESSOR,554710,414060
2026-09-24 15:16:46.207,CRUDEOILM,CE,9350.0,CRUDEOILM15OCT269350CE,377.0,10,SELL,32420,17720
2026-09-24 15:16:46.207,CRUDEOILM,CE,9450.0,CRUDEOILM15OCT269450CE,342.0,200,SELL,35950,15180
2026-09-24 15:16:46.207,CRUDEOILM,CE,9500.0,CRUDEOILM15OCT269500CE,325.15,70,SELL_AGGRESSOR,163720,74640
2026-09-24 15:16:46.207,CRUDEOILM,CE,9650.0,CRUDEOILM15OCT269650CE,280.0,10,SELL_AGGRESSOR,16920,2950
2026-09-24 15:16:46.207,CRUDEOILM,CE,9700.0,CRUDEOILM15OCT269700CE,264.95,10,SELL_AGGRESSOR,65770,16360
2026-09-24 15:16:49.849,CRUDEOIL,FUT,0.0,CRUDEOIL19OCT26FUT,9035.0,200,SELL_AGGRESSOR,1968700,1299700
2026-09-24 15:16:49.849,CRUDEOIL,CE,9500.0,CRUDEOIL15OCT269500CE,317.0,1100,SELL_AGGRESSOR,1365900,588400
2026-09-24 15:16:49.849,CRUDEOIL,CE,9700.0,CRUDEOIL15OCT269700CE,260.6,3500,SELL_AGGRESSOR,423400,46000
2026-09-24 15:16:49.849,CRUDEOILM,FUT,0.0,CRUDEOILM19OCT26FUT,9035.0,70,SELL_AGGRESSOR,554780,414020
2026-09-24 15:16:49.849,CRUDEOILM,CE,9450.0,CRUDEOILM15OCT269450CE,340.95,40,SELL,35990,15190
2026-09-24 15:16:49.849,CRUDEOILM,CE,9500.0,CRUDEOILM15OCT269500CE,324.0,50,SELL_AGGRESSOR,163770,74640
2026-09-24 15:16:49.849,CRUDEOILM,CE,9600.0,CRUDEOILM15OCT269600CE,294.0,60,SELL_AGGRESSOR,64520,13670
2026-09-24 15:16:53.419,CRUDEOIL,FUT,0.0,CRUDEOIL19OCT26FUT,9029.0,2500,SELL_AGGRESSOR,1971200,1299700
2026-09-24 15:16:53.419,CRUDEOIL,CE,9500.0,CRUDEOIL15OCT269500CE,316.0,1400,SELL_AGGRESSOR,1367300,588700
2026-09-24 15:16:53.419,CRUDEOIL,CE,9600.0,CRUDEOIL15OCT269600CE,285.7,500,SELL_AGGRESSOR,240400,63600
2026-09-24 15:16:53.419,CRUDEOIL,CE,9650.0,CRUDEOIL15OCT269650CE,274.2,100,SELL_AGGRESSOR,51600,13400
2026-09-24 15:16:53.419,CRUDEOIL,CE,9700.0,CRUDEOIL15OCT269700CE,259.3,200,SELL_AGGRESSOR,423600,46400
2026-09-24 15:16:53.419,CRUDEOIL,CE,9950.0,CRUDEOIL15OCT269950CE,203.0,100,SELL_AGGRESSOR,36800,8500
2026-09-24 15:16:53.419,CRUDEOILM,FUT,0.0,CRUDEOILM19OCT26FUT,9028.0,490,SELL_AGGRESSOR,555270,413990
2026-09-24 15:16:53.419,CRUDEOILM,CE,9350.0,CRUDEOILM15OCT269350CE,375.0,20,SELL,32440,17730
2026-09-24 15:16:53.419,CRUDEOILM,CE,9450.0,CRUDEOILM15OCT269450CE,340.35,110,SELL,36100,15230
2026-09-24 15:16:53.419,CRUDEOILM,CE,9500.0,CRUDEOILM15OCT269500CE,322.45,100,SELL_AGGRESSOR,163870,74640
2026-09-24 15:16:53.419,CRUDEOILM,CE,9550.0,CRUDEOILM15OCT269550CE,308.0,10,SELL_AGGRESSOR,22910,4020
2026-09-24 15:16:53.419,CRUDEOILM,CE,9650.0,CRUDEOILM15OCT269650CE,276.35,20,SELL_AGGRESSOR,16940,2960
2026-09-24 15:16:53.419,CRUDEOILM,CE,9700.0,CRUDEOILM15OCT269700CE,263.3,10,SELL_AGGRESSOR,65780,16350
2026-09-24 15:16:53.419,CRUDEOILM,CE,9750.0,CRUDEOILM15OCT269750CE,252.0,20,SELL_AGGRESSOR,13050,3450
2026-09-24 15:16:53.419,CRUDEOILM,CE,9800.0,CRUDEOILM15OCT269800CE,238.1,20,SELL_AGGRESSOR,97910,36320
2026-09-24 15:16:53.419,CRUDEOILM,CE,9900.0,CRUDEOILM15OCT269900CE,215.35,20,SELL_AGGRESSOR,182590,34260
2026-09-24 15:16:53.419,CRUDEOILM,PE,9900.0,CRUDEOILM15OCT269900PE,1080.15,10,SELL,230,1290
2026-09-24 15:16:57.099,CRUDEOIL,CE,9400.0,CRUDEOIL15OCT269400CE,349.6,100,BUY_AGGRESSOR,360700,81000
2026-09-24 15:16:57.099,CRUDEOIL,CE,9750.0,CRUDEOIL15OCT269750CE,247.8,200,BUY_AGGRESSOR,53200,12900
2026-09-24 15:16:57.099,CRUDEOIL,CE,9800.0,CRUDEOIL15OCT269800CE,235.5,100,BUY_AGGRESSOR,286500,105400
2026-09-24 15:16:57.099,CRUDEOIL,CE,9900.0,CRUDEOIL15OCT269900CE,212.2,100,SELL_AGGRESSOR,216500,38700
2026-09-24 15:16:57.099,CRUDEOILM,FUT,0.0,CRUDEOILM19OCT26FUT,9031.0,10,BUY,555280,413970
2026-09-24 15:16:57.099,CRUDEOILM,CE,9500.0,CRUDEOILM15OCT269500CE,323.8,730,BUY_AGGRESSOR,164600,75020
2026-09-24 15:16:57.099,CRUDEOILM,CE,9600.0,CRUDEOILM15OCT269600CE,291.4,100,SELL_AGGRESSOR,64620,13570
2026-09-24 15:17:00.665,CRUDEOIL,FUT,0.0,CRUDEOIL19OCT26FUT,9026.0,300,SELL_AGGRESSOR,1971500,1299700
2026-09-24 15:17:00.665,CRUDEOIL,CE,9350.0,CRUDEOIL15OCT269350CE,365.2,100,SELL_AGGRESSOR,97600,23200
2026-09-24 15:17:00.665,CRUDEOIL,CE,9400.0,CRUDEOIL15OCT269400CE,347.5,200,SELL_AGGRESSOR,360900,81000
2026-09-24 15:17:00.665,CRUDEOIL,CE,9500.0,CRUDEOIL15OCT269500CE,314.1,2300,SELL_AGGRESSOR,1369600,590700
2026-09-24 15:17:00.665,CRUDEOIL,CE,9550.0,CRUDEOIL15OCT269550CE,298.5,100,SELL_AGGRESSOR,73200,16000
2026-09-24 15:17:00.665,CRUDEOIL,CE,9700.0,CRUDEOIL15OCT269700CE,258.9,100,SELL_AGGRESSOR,423700,46400
2026-09-24 15:17:00.665,CRUDEOIL,CE,9950.0,CRUDEOIL15OCT269950CE,202.9,200,SELL,37000,8500
2026-09-24 15:17:00.665,CRUDEOILM,FUT,0.0,CRUDEOILM19OCT26FUT,9028.0,150,SELL_AGGRESSOR,555430,413970
2026-09-24 15:17:00.665,CRUDEOILM,CE,9350.0,CRUDEOILM15OCT269350CE,372.65,100,SELL,32540,17730
2026-09-24 15:17:00.665,CRUDEOILM,CE,9500.0,CRUDEOILM15OCT269500CE,321.0,20,SELL_AGGRESSOR,164620,75160
2026-09-24 15:17:00.665,CRUDEOILM,CE,9700.0,CRUDEOILM15OCT269700CE,262.15,130,SELL_AGGRESSOR,65910,16350
2026-09-24 15:17:00.665,CRUDEOILM,CE,9750.0,CRUDEOILM15OCT269750CE,251.0,20,SELL_AGGRESSOR,13070,3470
2026-09-24 15:17:04.289,CRUDEOIL,CE,9400.0,CRUDEOIL15OCT269400CE,347.7,100,SELL_AGGRESSOR,361000,81100
2026-09-24 15:17:04.289,CRUDEOIL,CE,9500.0,CRUDEOIL15OCT269500CE,314.5,200,SELL_AGGRESSOR,1369800,590300
2026-09-24 15:17:04.289,CRUDEOIL,CE,9700.0,CRUDEOIL15OCT269700CE,258.3,200,SELL_AGGRESSOR,423900,46400
2026-09-24 15:17:04.289,CRUDEOIL,CE,9900.0,CRUDEOIL15OCT269900CE,211.4,100,SELL_AGGRESSOR,216600,38700
2026-09-24 15:17:04.289,CRUDEOILM,FUT,0.0,CRUDEOILM19OCT26FUT,9029.0,50,BUY_AGGRESSOR,555480,413970
2026-09-24 15:17:04.289,CRUDEOILM,CE,9600.0,CRUDEOILM15OCT269600CE,291.25,10,BUY_AGGRESSOR,64630,13560
2026-09-24 15:17:08.068,CRUDEOIL,CE,9500.0,CRUDEOIL15OCT269500CE,315.0,100,BUY,1369900,590400
2026-09-24 15:17:08.068,CRUDEOIL,CE,9800.0,CRUDEOIL15OCT269800CE,233.8,100,SELL_AGGRESSOR,286600,105400
2026-09-24 15:17:08.068,CRUDEOILM,CE,9400.0,CRUDEOILM15OCT269400CE,353.9,10,BUY_AGGRESSOR,62840,35970
2026-09-24 15:17:08.068,CRUDEOILM,CE,9500.0,CRUDEOILM15OCT269500CE,320.95,10,SELL_AGGRESSOR,164630,75150
2026-09-24 15:17:08.068,CRUDEOILM,CE,9750.0,CRUDEOILM15OCT269750CE,251.5,10,BUY_AGGRESSOR,13080,3480
2026-09-24 15:17:08.068,CRUDEOILM,CE,9900.0,CRUDEOILM15OCT269900CE,213.2,100,SELL_AGGRESSOR,182690,34240
2026-09-24 15:17:11.786,CRUDEOIL,FUT,0.0,CRUDEOIL19OCT26FUT,9025.0,300,SELL_AGGRESSOR,1971800,1299700
2026-09-24 15:17:11.786,CRUDEOIL,CE,9500.0,CRUDEOIL15OCT269500CE,314.4,500,SELL,1370400,589900
2026-09-24 15:17:11.786,CRUDEOIL,CE,9750.0,CRUDEOIL15OCT269750CE,245.1,100,SELL,53300,12900
2026-09-24 15:17:11.786,CRUDEOILM,FUT,0.0,CRUDEOILM19OCT26FUT,9029.0,10,BUY_AGGRESSOR,555490,413980
2026-09-24 15:17:11.786,CRUDEOILM,CE,9350.0,CRUDEOILM15OCT269350CE,372.65,20,INSIDE,32560,17780
2026-09-24 15:17:11.786,CRUDEOILM,CE,9500.0,CRUDEOILM15OCT269500CE,321.85,10,BUY_AGGRESSOR,164640,75160
2026-09-24 15:17:11.786,CRUDEOILM,CE,9800.0,CRUDEOILM15OCT269800CE,237.85,50,SELL,97960,36320
2026-09-24 15:17:15.487,CRUDEOIL,CE,9350.0,CRUDEOIL15OCT269350CE,364.3,100,SELL_AGGRESSOR,97700,23100
2026-09-24 15:17:15.487,CRUDEOIL,CE,9500.0,CRUDEOIL15OCT269500CE,314.1,1000,SELL_AGGRESSOR,1371400,590100
2026-09-24 15:17:15.487,CRUDEOIL,CE,9600.0,CRUDEOIL15OCT269600CE,285.0,200,SELL_AGGRESSOR,240600,63800
2026-09-24 15:17:15.487,CRUDEOIL,CE,9700.0,CRUDEOIL15OCT269700CE,258.0,100,SELL_AGGRESSOR,424000,46400
2026-09-24 15:17:15.487,CRUDEOIL,CE,9950.0,CRUDEOIL15OCT269950CE,201.9,200,SELL,37200,8700
2026-09-24 15:17:15.487,CRUDEOILM,FUT,0.0,CRUDEOILM19OCT26FUT,9029.0,50,BUY_AGGRESSOR,555540,413980
2026-09-24 15:17:19.068,CRUDEOILM,FUT,0.0,CRUDEOILM19OCT26FUT,9030.0,50,BUY_AGGRESSOR,555590,413990
2026-09-24 15:17:19.068,CRUDEOILM,CE,9450.0,CRUDEOILM15OCT269450CE,338.9,60,BUY_AGGRESSOR,36160,15270
2026-09-24 15:17:22.725,CRUDEOIL,FUT,0.0,CRUDEOIL19OCT26FUT,9024.0,400,SELL_AGGRESSOR,1972200,1299600
2026-09-24 15:17:22.725,CRUDEOIL,CE,9500.0,CRUDEOIL15OCT269500CE,313.1,400,SELL_AGGRESSOR,1371800,590200
2026-09-24 15:17:22.725,CRUDEOIL,CE,9550.0,CRUDEOIL15OCT269550CE,298.5,100,SELL_AGGRESSOR,73300,16000
2026-09-24 15:17:22.725,CRUDEOIL,CE,9700.0,CRUDEOIL15OCT269700CE,257.0,400,SELL_AGGRESSOR,424400,46300
2026-09-24 15:17:22.725,CRUDEOIL,CE,9800.0,CRUDEOIL15OCT269800CE,233.0,100,SELL_AGGRESSOR,286700,105500
2026-09-24 15:17:22.725,CRUDEOILM,FUT,0.0,CRUDEOILM19OCT26FUT,9025.0,490,SELL_AGGRESSOR,556080,413700
2026-09-24 15:17:22.725,CRUDEOILM,CE,9400.0,CRUDEOILM15OCT269400CE,351.75,40,SELL_AGGRESSOR,62880,35970
2026-09-24 15:17:22.725,CRUDEOILM,CE,9500.0,CRUDEOILM15OCT269500CE,320.0,120,SELL_AGGRESSOR,164760,75170
2026-09-24 15:17:22.725,CRUDEOILM,CE,9600.0,CRUDEOILM15OCT269600CE,290.0,50,SELL_AGGRESSOR,64680,13560
2026-09-24 15:17:22.725,CRUDEOILM,CE,9650.0,CRUDEOILM15OCT269650CE,275.9,10,SELL_AGGRESSOR,16950,2970
2026-09-24 15:17:22.725,CRUDEOILM,CE,9800.0,CRUDEOILM15OCT269800CE,236.5,20,SELL_AGGRESSOR,97980,36310
2026-09-24 15:17:22.725,CRUDEOILM,CE,9900.0,CRUDEOILM15OCT269900CE,211.0,260,SELL_AGGRESSOR,182950,34230
2026-09-24 15:17:26.371,CRUDEOIL,CE,9350.0,CRUDEOIL15OCT269350CE,362.2,100,SELL_AGGRESSOR,97800,23000
2026-09-24 15:17:26.371,CRUDEOIL,CE,9400.0,CRUDEOIL15OCT269400CE,345.0,100,SELL_AGGRESSOR,361100,81200
2026-09-24 15:17:26.371,CRUDEOIL,CE,9500.0,CRUDEOIL15OCT269500CE,311.9,500,SELL_AGGRESSOR,1372300,589800
2026-09-24 15:17:26.371,CRUDEOILM,FUT,0.0,CRUDEOILM19OCT26FUT,9023.0,30,SELL_AGGRESSOR,556110,413710
2026-09-24 15:17:26.371,CRUDEOILM,CE,9600.0,CRUDEOILM15OCT269600CE,288.1,10,SELL_AGGRESSOR,64690,13580
2026-09-24 15:17:26.371,CRUDEOILM,CE,9650.0,CRUDEOILM15OCT269650CE,275.0,30,SELL_AGGRESSOR,16980,3000
2026-09-24 15:17:26.371,CRUDEOILM,CE,9800.0,CRUDEOILM15OCT269800CE,235.5,30,SELL,98010,36270
2026-09-24 15:17:26.371,CRUDEOILM,CE,9900.0,CRUDEOILM15OCT269900CE,211.7,160,BUY,183110,34230
2026-09-24 15:17:29.988,CRUDEOILM,FUT,0.0,CRUDEOILM19OCT26FUT,9024.0,70,BUY,556180,413710
2026-09-24 15:17:29.988,CRUDEOILM,CE,9500.0,CRUDEOILM15OCT269500CE,318.45,10,SELL,164770,75280
2026-09-24 15:17:33.570,CRUDEOIL,FUT,0.0,CRUDEOIL19OCT26FUT,9019.0,400,SELL_AGGRESSOR,1972600,1299600
2026-09-24 15:17:33.570,CRUDEOIL,CE,9450.0,CRUDEOIL15OCT269450CE,327.5,100,SELL,73600,23700
2026-09-24 15:17:33.570,CRUDEOIL,CE,9500.0,CRUDEOIL15OCT269500CE,312.0,1400,BUY_AGGRESSOR,1373700,589800
2026-09-24 15:17:33.570,CRUDEOIL,CE,9550.0,CRUDEOIL15OCT269550CE,298.5,100,BUY_AGGRESSOR,73400,16100
2026-09-24 15:17:33.570,CRUDEOILM,FUT,0.0,CRUDEOILM19OCT26FUT,9023.0,20,SELL,556200,413710
2026-09-24 15:17:33.570,CRUDEOILM,CE,9700.0,CRUDEOILM15OCT269700CE,260.5,10,BUY_AGGRESSOR,65920,16360
2026-09-24 15:17:37.246,CRUDEOIL,FUT,0.0,CRUDEOIL19OCT26FUT,9021.0,200,SELL_AGGRESSOR,1972800,1299600
2026-09-24 15:17:37.246,CRUDEOIL,CE,9500.0,CRUDEOIL15OCT269500CE,312.0,200,INSIDE,1373900,589600
2026-09-24 15:17:37.246,CRUDEOIL,CE,9800.0,CRUDEOIL15OCT269800CE,232.8,2000,BUY_AGGRESSOR,288700,105900
2026-09-24 15:17:37.246,CRUDEOILM,FUT,0.0,CRUDEOILM19OCT26FUT,9022.0,100,SELL_AGGRESSOR,556300,413720
2026-09-24 15:17:37.246,CRUDEOILM,CE,9650.0,CRUDEOILM15OCT269650CE,273.9,20,SELL_AGGRESSOR,17000,2980
2026-09-24 15:17:40.808,CRUDEOIL,FUT,0.0,CRUDEOIL19OCT26FUT,9021.0,100,SELL_AGGRESSOR,1972900,1299500
2026-09-24 15:17:40.808,CRUDEOIL,CE,9500.0,CRUDEOIL15OCT269500CE,312.0,700,SELL_AGGRESSOR,1374600,589100
2026-09-24 15:17:40.808,CRUDEOILM,FUT,0.0,CRUDEOILM19OCT26FUT,9020.0,20,SELL_AGGRESSOR,556320,413720
2026-09-24 15:17:40.808,CRUDEOILM,CE,9800.0,CRUDEOILM15OCT269800CE,235.5,40,INSIDE,98050,36270
2026-09-24 15:17:40.808,CRUDEOILM,CE,9900.0,CRUDEOILM15OCT269900CE,211.95,10,SELL_AGGRESSOR,183120,34220
2026-09-24 15:17:44.456,CRUDEOIL,CE,9600.0,CRUDEOIL15OCT269600CE,282.1,100,SELL_AGGRESSOR,240700,63800
2026-09-24 15:17:44.456,CRUDEOILM,FUT,0.0,CRUDEOILM19OCT26FUT,9020.0,160,SELL_AGGRESSOR,556480,413740
2026-09-24 15:17:44.456,CRUDEOILM,CE,9500.0,CRUDEOILM15OCT269500CE,317.25,100,SELL_AGGRESSOR,164870,75240
2026-09-24 15:17:44.456,CRUDEOILM,CE,9900.0,CRUDEOILM15OCT269900CE,211.5,10,SELL_AGGRESSOR,183130,34210
2026-09-24 15:17:48.107,CRUDEOIL,FUT,0.0,CRUDEOIL19OCT26FUT,9021.0,100,BUY_AGGRESSOR,1973000,1299500
2026-09-24 15:17:48.107,CRUDEOIL,CE,9350.0,CRUDEOIL15OCT269350CE,362.0,100,SELL_AGGRESSOR,97900,23100
2026-09-24 15:17:48.107,CRUDEOIL,CE,9500.0,CRUDEOIL15OCT269500CE,311.0,400,SELL_AGGRESSOR,1375000,588900
2026-09-24 15:17:48.107,CRUDEOILM,FUT,0.0,CRUDEOILM19OCT26FUT,9018.0,140,SELL_AGGRESSOR,556620,413740
2026-09-24 15:17:48.107,CRUDEOILM,PE,9350.0,CRUDEOILM15OCT269350PE,695.9,70,BUY,3050,2800
2026-09-24 15:17:48.107,CRUDEOILM,CE,9450.0,CRUDEOILM15OCT269450CE,335.0,10,SELL_AGGRESSOR,36170,15280
2026-09-24 15:17:48.107,CRUDEOILM,CE,9650.0,CRUDEOILM15OCT269650CE,274.55,40,BUY_AGGRESSOR,17040,3000
2026-09-24 15:17:48.107,CRUDEOILM,CE,9700.0,CRUDEOILM15OCT269700CE,259.3,10,SELL,65930,16360
2026-09-24 15:17:51.824,CRUDEOIL,FUT,0.0,CRUDEOIL19OCT26FUT,9020.0,100,BUY_AGGRESSOR,1973100,1299500
2026-09-24 15:17:51.824,CRUDEOIL,CE,9500.0,CRUDEOIL15OCT269500CE,310.9,2200,SELL,1377200,588900
2026-09-24 15:17:55.476,CRUDEOIL,FUT,0.0,CRUDEOIL19OCT26FUT,9020.0,300,BUY_AGGRESSOR,1973400,1299500
2026-09-24 15:17:55.476,CRUDEOIL,CE,9700.0,CRUDEOIL15OCT269700CE,257.4,1400,BUY_AGGRESSOR,425800,46500
2026-09-24 15:17:55.476,CRUDEOIL,CE,9750.0,CRUDEOIL15OCT269750CE,244.7,200,BUY_AGGRESSOR,53500,12900
2026-09-24 15:17:55.476,CRUDEOIL,CE,9800.0,CRUDEOIL15OCT269800CE,234.1,900,BUY_AGGRESSOR,289600,107500
2026-09-24 15:17:55.476,CRUDEOIL,CE,9900.0,CRUDEOIL15OCT269900CE,211.1,1200,BUY_AGGRESSOR,217800,38700
2026-09-24 15:17:55.476,CRUDEOIL,CE,9950.0,CRUDEOIL15OCT269950CE,200.7,100,BUY_AGGRESSOR,37300,8700
2026-09-24 15:17:55.476,CRUDEOILM,CE,9500.0,CRUDEOILM15OCT269500CE,317.45,100,SELL_AGGRESSOR,164970,75080
2026-09-24 15:17:59.207,CRUDEOIL,FUT,0.0,CRUDEOIL19OCT26FUT,9022.0,300,BUY_AGGRESSOR,1973700,1299500
2026-09-24 15:17:59.207,CRUDEOIL,CE,9350.0,CRUDEOIL15OCT269350CE,364.1,1600,BUY_AGGRESSOR,99500,24000
2026-09-24 15:17:59.207,CRUDEOIL,CE,9400.0,CRUDEOIL15OCT269400CE,346.7,900,BUY_AGGRESSOR,362000,81300
2026-09-24 15:17:59.207,CRUDEOIL,CE,9450.0,CRUDEOIL15OCT269450CE,329.3,100,BUY_AGGRESSOR,73700,23600
2026-09-24 15:17:59.207,CRUDEOIL,CE,9500.0,CRUDEOIL15OCT269500CE,313.8,1400,BUY_AGGRESSOR,1378600,589000
2026-09-24 15:17:59.207,CRUDEOIL,CE,9550.0,CRUDEOIL15OCT269550CE,298.3,200,BUY_AGGRESSOR,73600,16100
2026-09-24 15:17:59.207,CRUDEOIL,CE,9600.0,CRUDEOIL15OCT269600CE,283.9,1100,BUY_AGGRESSOR,241800,63800
2026-09-24 15:17:59.207,CRUDEOIL,CE,9650.0,CRUDEOIL15OCT269650CE,270.2,100,BUY_AGGRESSOR,51700,13400
2026-09-24 15:17:59.207,CRUDEOIL,CE,9700.0,CRUDEOIL15OCT269700CE,257.6,100,BUY_AGGRESSOR,425900,46500
2026-09-24 15:17:59.207,CRUDEOILM,FUT,0.0,CRUDEOILM19OCT26FUT,9025.0,100,BUY_AGGRESSOR,556720,413750
2026-09-24 15:17:59.207,CRUDEOILM,CE,9350.0,CRUDEOILM15OCT269350CE,370.35,60,BUY_AGGRESSOR,32620,17840
2026-09-24 15:17:59.207,CRUDEOILM,CE,9400.0,CRUDEOILM15OCT269400CE,350.9,60,BUY_AGGRESSOR,62940,35980
2026-09-24 15:17:59.207,CRUDEOILM,CE,9450.0,CRUDEOILM15OCT269450CE,336.6,180,BUY_AGGRESSOR,36350,15460
2026-09-24 15:17:59.207,CRUDEOILM,CE,9500.0,CRUDEOILM15OCT269500CE,319.65,430,BUY_AGGRESSOR,165400,74930
2026-09-24 15:17:59.207,CRUDEOILM,CE,9550.0,CRUDEOILM15OCT269550CE,304.0,50,BUY_AGGRESSOR,22960,4060
2026-09-24 15:17:59.207,CRUDEOILM,CE,9600.0,CRUDEOILM15OCT269600CE,289.35,70,BUY_AGGRESSOR,64760,13580
2026-09-24 15:17:59.207,CRUDEOILM,CE,9700.0,CRUDEOILM15OCT269700CE,260.85,170,BUY_AGGRESSOR,66100,16370
2026-09-24 15:17:59.207,CRUDEOILM,CE,9800.0,CRUDEOILM15OCT269800CE,235.6,70,BUY_AGGRESSOR,98120,36280
2026-09-24 15:17:59.207,CRUDEOILM,CE,9850.0,CRUDEOILM15OCT269850CE,224.55,40,BUY_AGGRESSOR,14750,3250
2026-09-24 15:18:02.708,CRUDEOIL,FUT,0.0,CRUDEOIL19OCT26FUT,9025.0,100,BUY_AGGRESSOR,1973800,1299400
2026-09-24 15:18:02.708,CRUDEOIL,CE,9500.0,CRUDEOIL15OCT269500CE,313.5,300,SELL,1378900,589700
2026-09-24 15:18:02.708,CRUDEOIL,CE,9700.0,CRUDEOIL15OCT269700CE,257.5,100,SELL,426000,47200
2026-09-24 15:18:02.708,CRUDEOILM,CE,9800.0,CRUDEOILM15OCT269800CE,237.15,10,BUY_AGGRESSOR,98130,36280
2026-09-24 15:18:06.347,CRUDEOIL,FUT,0.0,CRUDEOIL19OCT26FUT,9014.0,1300,SELL_AGGRESSOR,1975100,1299400
2026-09-24 15:18:06.347,CRUDEOIL,CE,9350.0,CRUDEOIL15OCT269350CE,361.7,400,SELL_AGGRESSOR,99900,24300
2026-09-24 15:18:06.347,CRUDEOIL,CE,9400.0,CRUDEOIL15OCT269400CE,343.3,1000,SELL_AGGRESSOR,363000,81500
2026-09-24 15:18:06.347,CRUDEOIL,CE,9500.0,CRUDEOIL15OCT269500CE,310.0,2300,SELL_AGGRESSOR,1381200,589400
2026-09-24 15:18:06.347,CRUDEOIL,CE,9600.0,CRUDEOIL15OCT269600CE,282.0,400,SELL_AGGRESSOR,242200,63700
2026-09-24 15:18:06.347,CRUDEOIL,CE,9650.0,CRUDEOIL15OCT269650CE,268.2,300,SELL_AGGRESSOR,52000,13400
2026-09-24 15:18:06.347,CRUDEOIL,CE,9700.0,CRUDEOIL15OCT269700CE,254.2,1200,SELL_AGGRESSOR,427200,46200
2026-09-24 15:18:06.347,CRUDEOIL,CE,9800.0,CRUDEOIL15OCT269800CE,230.0,700,SELL_AGGRESSOR,290300,107500
2026-09-24 15:18:06.347,CRUDEOIL,CE,9900.0,CRUDEOIL15OCT269900CE,208.4,300,SELL_AGGRESSOR,218100,38600
2026-09-24 15:18:06.347,CRUDEOIL,CE,9950.0,CRUDEOIL15OCT269950CE,198.0,100,SELL_AGGRESSOR,37400,8800
2026-09-24 15:18:06.347,CRUDEOILM,FUT,0.0,CRUDEOILM19OCT26FUT,9015.0,770,SELL_AGGRESSOR,557490,413650
2026-09-24 15:18:06.347,CRUDEOILM,CE,9350.0,CRUDEOILM15OCT269350CE,367.3,100,SELL_AGGRESSOR,32720,17820
2026-09-24 15:18:06.347,CRUDEOILM,CE,9400.0,CRUDEOILM15OCT269400CE,348.85,110,SELL_AGGRESSOR,63050,35980
2026-09-24 15:18:06.347,CRUDEOILM,CE,9450.0,CRUDEOILM15OCT269450CE,334.0,80,SELL_AGGRESSOR,36430,15380
2026-09-24 15:18:06.347,CRUDEOILM,CE,9500.0,CRUDEOILM15OCT269500CE,316.0,370,SELL_AGGRESSOR,165770,74940
2026-09-24 15:18:06.347,CRUDEOILM,CE,9550.0,CRUDEOILM15OCT269550CE,304.15,30,SELL_AGGRESSOR,22990,4030
2026-09-24 15:18:06.347,CRUDEOILM,CE,9600.0,CRUDEOILM15OCT269600CE,285.9,70,SELL_AGGRESSOR,64830,13580
2026-09-24 15:18:06.347,CRUDEOILM,CE,9650.0,CRUDEOILM15OCT269650CE,274.75,10,SELL_AGGRESSOR,17050,3010
2026-09-24 15:18:06.347,CRUDEOILM,CE,9700.0,CRUDEOILM15OCT269700CE,258.75,200,SELL_AGGRESSOR,66300,16360
2026-09-24 15:18:06.347,CRUDEOILM,CE,9800.0,CRUDEOILM15OCT269800CE,234.0,100,SELL_AGGRESSOR,98230,36270
2026-09-24 15:18:06.347,CRUDEOILM,CE,9850.0,CRUDEOILM15OCT269850CE,222.85,20,SELL_AGGRESSOR,14770,3250
2026-09-24 15:18:06.347,CRUDEOILM,CE,9900.0,CRUDEOILM15OCT269900CE,210.0,370,SELL_AGGRESSOR,183500,34160
2026-09-24 15:18:09.861,CRUDEOIL,FUT,0.0,CRUDEOIL19OCT26FUT,9008.0,1200,SELL_AGGRESSOR,1976300,1299200
2026-09-24 15:18:09.861,CRUDEOIL,CE,9400.0,CRUDEOIL15OCT269400CE,339.4,500,SELL_AGGRESSOR,363500,81000
2026-09-24 15:18:09.861,CRUDEOIL,CE,9450.0,CRUDEOIL15OCT269450CE,321.2,300,SELL_AGGRESSOR,74000,23600
2026-09-24 15:18:09.861,CRUDEOIL,CE,9500.0,CRUDEOIL15OCT269500CE,308.5,1000,SELL_AGGRESSOR,1382200,590100
2026-09-24 15:18:09.861,CRUDEOIL,CE,9550.0,CRUDEOIL15OCT269550CE,295.0,300,SELL_AGGRESSOR,73900,16100
2026-09-24 15:18:09.861,CRUDEOIL,CE,9600.0,CRUDEOIL15OCT269600CE,279.6,2000,SELL_AGGRESSOR,244200,64300
2026-09-24 15:18:09.861,CRUDEOIL,CE,9700.0,CRUDEOIL15OCT269700CE,252.2,100,SELL_AGGRESSOR,427300,46200
2026-09-24 15:18:09.861,CRUDEOIL,CE,9750.0,CRUDEOIL15OCT269750CE,240.0,100,SELL_AGGRESSOR,53600,13000
2026-09-24 15:18:09.861,CRUDEOIL,CE,9800.0,CRUDEOIL15OCT269800CE,229.0,100,SELL_AGGRESSOR,290400,107700
2026-09-24 15:18:09.861,CRUDEOILM,FUT,0.0,CRUDEOILM19OCT26FUT,9008.0,1240,SELL_AGGRESSOR,558730,413010
2026-09-24 15:18:09.861,CRUDEOILM,CE,9500.0,CRUDEOILM15OCT269500CE,313.7,70,SELL_AGGRESSOR,165840,74970
2026-09-24 15:18:09.861,CRUDEOILM,PE,9600.0,CRUDEOILM15OCT269600PE,869.4,10,BUY_AGGRESSOR,1050,1950
2026-09-24 15:18:09.861,CRUDEOILM,CE,9700.0,CRUDEOILM15OCT269700CE,257.3,10,BUY_AGGRESSOR,66310,16340
2026-09-24 15:18:09.861,CRUDEOILM,CE,9900.0,CRUDEOILM15OCT269900CE,208.15,90,SELL_AGGRESSOR,183590,34160
2026-09-24 15:18:09.861,CRUDEOILM,PE,9900.0,CRUDEOILM15OCT269900PE,1093.65,10,BUY_AGGRESSOR,240,1290
2026-09-24 15:18:13.490,CRUDEOIL,FUT,0.0,CRUDEOIL19OCT26FUT,9006.0,1000,SELL_AGGRESSOR,1977300,1299800
2026-09-24 15:18:13.490,CRUDEOIL,CE,9500.0,CRUDEOIL15OCT269500CE,307.5,1600,SELL,1383800,589500
2026-09-24 15:18:13.490,CRUDEOIL,CE,9650.0,CRUDEOIL15OCT269650CE,265.0,100,SELL_AGGRESSOR,52100,13700
2026-09-24 15:18:13.490,CRUDEOIL,CE,9700.0,CRUDEOIL15OCT269700CE,252.3,100,BUY_AGGRESSOR,427400,46200
2026-09-24 15:18:13.490,CRUDEOILM,FUT,0.0,CRUDEOILM19OCT26FUT,9011.0,30,BUY_AGGRESSOR,558760,412850
2026-09-24 15:18:13.490,CRUDEOILM,CE,9400.0,CRUDEOILM15OCT269400CE,344.65,560,SELL_AGGRESSOR,63610,35980
2026-09-24 15:18:13.490,CRUDEOILM,CE,9500.0,CRUDEOILM15OCT269500CE,314.25,20,BUY_AGGRESSOR,165860,74930
2026-09-24 15:18:13.490,CRUDEOILM,CE,9550.0,CRUDEOILM15OCT269550CE,298.55,70,SELL,23060,4030
2026-09-24 15:18:17.070,CRUDEOIL,FUT,0.0,CRUDEOIL19OCT26FUT,9006.0,400,SELL_AGGRESSOR,1977700,1299800
2026-09-24 15:18:17.070,CRUDEOIL,CE,9600.0,CRUDEOIL15OCT269600CE,279.5,1000,SELL,245200,65100
2026-09-24 15:18:17.070,CRUDEOIL,CE,9750.0,CRUDEOIL15OCT269750CE,238.8,500,SELL_AGGRESSOR,54100,13000
2026-09-24 15:18:17.070,CRUDEOILM,FUT,0.0,CRUDEOILM19OCT26FUT,9008.0,160,SELL_AGGRESSOR,558920,412730
2026-09-24 15:18:17.070,CRUDEOILM,CE,9400.0,CRUDEOILM15OCT269400CE,345.3,100,BUY,63710,35960
2026-09-24 15:18:17.070,CRUDEOILM,CE,9500.0,CRUDEOILM15OCT269500CE,313.0,150,SELL_AGGRESSOR,166010,74930
2026-09-24 15:18:17.070,CRUDEOILM,CE,9700.0,CRUDEOILM15OCT269700CE,254.9,10,SELL_AGGRESSOR,66320,16340
2026-09-24 15:18:17.070,CRUDEOILM,CE,9900.0,CRUDEOILM15OCT269900CE,208.5,30,SELL_AGGRESSOR,183620,34090
2026-09-24 15:18:20.770,CRUDEOIL,FUT,0.0,CRUDEOIL19OCT26FUT,9006.0,200,SELL_AGGRESSOR,1977900,1299900
2026-09-24 15:18:20.770,CRUDEOIL,CE,9500.0,CRUDEOIL15OCT269500CE,305.6,2600,SELL_AGGRESSOR,1386400,588100
2026-09-24 15:18:20.770,CRUDEOIL,CE,9800.0,CRUDEOIL15OCT269800CE,227.3,200,SELL_AGGRESSOR,290600,107500
2026-09-24 15:18:20.770,CRUDEOILM,FUT,0.0,CRUDEOILM19OCT26FUT,9008.0,90,SELL_AGGRESSOR,559010,412710
2026-09-24 15:18:20.770,CRUDEOILM,CE,9500.0,CRUDEOILM15OCT269500CE,312.4,40,SELL_AGGRESSOR,166050,74920
2026-09-24 15:18:24.336,CRUDEOIL,FUT,0.0,CRUDEOIL19OCT26FUT,9005.0,3100,SELL_AGGRESSOR,1981000,1299500
2026-09-24 15:18:24.336,CRUDEOIL,CE,9400.0,CRUDEOIL15OCT269400CE,339.1,200,SELL,363700,81100
2026-09-24 15:18:24.336,CRUDEOIL,CE,9500.0,CRUDEOIL15OCT269500CE,305.7,700,BUY,1387100,587800
2026-09-24 15:18:24.336,CRUDEOIL,CE,9600.0,CRUDEOIL15OCT269600CE,276.9,100,SELL_AGGRESSOR,245300,65100
2026-09-24 15:18:24.336,CRUDEOIL,CE,9700.0,CRUDEOIL15OCT269700CE,251.1,100,SELL,427500,46300
2026-09-24 15:18:24.336,CRUDEOIL,CE,9800.0,CRUDEOIL15OCT269800CE,227.1,100,SELL_AGGRESSOR,290700,107500
2026-09-24 15:18:24.336,CRUDEOILM,FUT,0.0,CRUDEOILM19OCT26FUT,9006.0,400,SELL_AGGRESSOR,559410,412710
2026-09-24 15:18:24.336,CRUDEOILM,CE,9500.0,CRUDEOILM15OCT269500CE,312.6,210,BUY,166260,74870
2026-09-24 15:18:24.336,CRUDEOILM,CE,9600.0,CRUDEOILM15OCT269600CE,282.8,30,SELL_AGGRESSOR,64860,13600
2026-09-24 15:18:24.336,CRUDEOILM,CE,9900.0,CRUDEOILM15OCT269900CE,208.3,10,SELL,183630,34090
2026-09-24 15:18:28.003,CRUDEOIL,FUT,0.0,CRUDEOIL19OCT26FUT,9006.0,100,BUY,1981100,1299500
2026-09-24 15:18:28.003,CRUDEOIL,CE,9500.0,CRUDEOIL15OCT269500CE,305.6,600,SELL_AGGRESSOR,1387700,587500
2026-09-24 15:18:28.003,CRUDEOIL,PE,9500.0,CRUDEOIL15OCT269500PE,795.0,100,BUY,83100,98500
2026-09-24 15:18:28.003,CRUDEOIL,CE,9600.0,CRUDEOIL15OCT269600CE,276.4,100,SELL_AGGRESSOR,245400,65000
2026-09-24 15:18:28.003,CRUDEOILM,FUT,0.0,CRUDEOILM19OCT26FUT,9006.0,170,SELL_AGGRESSOR,559580,412490
2026-09-24 15:18:28.003,CRUDEOILM,CE,9500.0,CRUDEOILM15OCT269500CE,312.25,10,SELL_AGGRESSOR,166270,74870
2026-09-24 15:18:28.003,CRUDEOILM,CE,9600.0,CRUDEOILM15OCT269600CE,282.8,60,SELL_AGGRESSOR,64920,13600
2026-09-24 15:18:28.003,CRUDEOILM,CE,9800.0,CRUDEOILM15OCT269800CE,230.0,40,SELL_AGGRESSOR,98270,36200
2026-09-24 15:18:28.003,CRUDEOILM,CE,9900.0,CRUDEOILM15OCT269900CE,208.1,10,SELL,183640,34090
2026-09-24 15:18:31.590,CRUDEOIL,FUT,0.0,CRUDEOIL19OCT26FUT,9003.0,500,SELL_AGGRESSOR,1981600,1299800
2026-09-24 15:18:31.590,CRUDEOIL,CE,9500.0,CRUDEOIL15OCT269500CE,305.0,400,SELL_AGGRESSOR,1388100,587500
2026-09-24 15:18:31.590,CRUDEOIL,CE,9550.0,CRUDEOIL15OCT269550CE,291.0,200,SELL_AGGRESSOR,74100,16100
2026-09-24 15:18:31.590,CRUDEOIL,CE,9900.0,CRUDEOIL15OCT269900CE,205.3,100,SELL_AGGRESSOR,218200,38600
2026-09-24 15:18:31.590,CRUDEOILM,FUT,0.0,CRUDEOILM19OCT26FUT,9003.0,1020,SELL_AGGRESSOR,560600,412320
2026-09-24 15:18:31.590,CRUDEOILM,CE,9350.0,CRUDEOILM15OCT269350CE,361.55,30,SELL_AGGRESSOR,32750,17820
2026-09-24 15:18:31.590,CRUDEOILM,CE,9900.0,CRUDEOILM15OCT269900CE,207.4,120,SELL,183760,34080
2026-09-24 15:18:35.175,CRUDEOIL,CE,9350.0,CRUDEOIL15OCT269350CE,357.6,300,BUY_AGGRESSOR,100200,24400
2026-09-24 15:18:35.175,CRUDEOIL,CE,9400.0,CRUDEOIL15OCT269400CE,341.0,600,BUY_AGGRESSOR,364300,81200
2026-09-24 15:18:35.175,CRUDEOIL,CE,9500.0,CRUDEOIL15OCT269500CE,308.4,1500,BUY_AGGRESSOR,1389600,587600
2026-09-24 15:18:35.175,CRUDEOIL,CE,9600.0,CRUDEOIL15OCT269600CE,277.8,100,BUY_AGGRESSOR,245500,64900
2026-09-24 15:18:35.175,CRUDEOIL,CE,9700.0,CRUDEOIL15OCT269700CE,252.9,300,BUY_AGGRESSOR,427800,46400
2026-09-24 15:18:35.175,CRUDEOIL,CE,9750.0,CRUDEOIL15OCT269750CE,240.0,500,BUY_AGGRESSOR,54600,12900
2026-09-24 15:18:35.175,CRUDEOIL,CE,9800.0,CRUDEOIL15OCT269800CE,227.7,100,BUY_AGGRESSOR,290800,107500
2026-09-24 15:18:35.175,CRUDEOIL,CE,9900.0,CRUDEOIL15OCT269900CE,206.6,200,BUY_AGGRESSOR,218400,38600
2026-09-24 15:18:35.175,CRUDEOILM,FUT,0.0,CRUDEOILM19OCT26FUT,9009.0,820,BUY_AGGRESSOR,561420,412430
2026-09-24 15:18:35.175,CRUDEOILM,CE,9350.0,CRUDEOILM15OCT269350CE,363.9,30,BUY_AGGRESSOR,32780,17850
2026-09-24 15:18:35.175,CRUDEOILM,CE,9400.0,CRUDEOILM15OCT269400CE,344.7,40,BUY_AGGRESSOR,63750,35960
2026-09-24 15:18:35.175,CRUDEOILM,CE,9450.0,CRUDEOILM15OCT269450CE,329.95,10,BUY_AGGRESSOR,36440,15390
2026-09-24 15:18:35.175,CRUDEOILM,CE,9500.0,CRUDEOILM15OCT269500CE,314.05,250,BUY_AGGRESSOR,166520,74850
2026-09-24 15:18:35.175,CRUDEOILM,PE,9500.0,CRUDEOILM15OCT269500PE,798.1,20,SELL_AGGRESSOR,6230,11450
2026-09-24 15:18:35.175,CRUDEOILM,CE,9600.0,CRUDEOILM15OCT269600CE,283.95,120,BUY_AGGRESSOR,65040,13570
2026-09-24 15:18:35.175,CRUDEOILM,CE,9700.0,CRUDEOILM15OCT269700CE,255.5,60,BUY_AGGRESSOR,66380,16340
2026-09-24 15:18:35.175,CRUDEOILM,CE,9750.0,CRUDEOILM15OCT269750CE,243.3,10,BUY_AGGRESSOR,13090,3490
2026-09-24 15:18:35.175,CRUDEOILM,CE,9800.0,CRUDEOILM15OCT269800CE,231.2,70,BUY_AGGRESSOR,98340,36210
2026-09-24 15:18:35.175,CRUDEOILM,CE,9850.0,CRUDEOILM15OCT269850CE,220.45,10,BUY_AGGRESSOR,14780,3250
2026-09-24 15:18:35.175,CRUDEOILM,CE,9900.0,CRUDEOILM15OCT269900CE,208.6,80,BUY_AGGRESSOR,183840,34080
2026-09-24 15:18:38.825,CRUDEOIL,FUT,0.0,CRUDEOIL19OCT26FUT,9009.0,400,BUY_AGGRESSOR,1982000,1299800
2026-09-24 15:18:38.825,CRUDEOIL,CE,9500.0,CRUDEOIL15OCT269500CE,307.8,100,SELL_AGGRESSOR,1389700,587600
2026-09-24 15:18:38.825,CRUDEOILM,FUT,0.0,CRUDEOILM19OCT26FUT,9011.0,350,BUY,561770,412670
2026-09-24 15:18:38.825,CRUDEOILM,CE,9500.0,CRUDEOILM15OCT269500CE,313.75,10,SELL_AGGRESSOR,166530,74840
2026-09-24 15:18:42.383,CRUDEOIL,FUT,0.0,CRUDEOIL19OCT26FUT,9011.0,500,BUY_AGGRESSOR,1982500,1299700
2026-09-24 15:18:42.383,CRUDEOIL,CE,9500.0,CRUDEOIL15OCT269500CE,308.1,500,BUY_AGGRESSOR,1390200,587500
2026-09-24 15:18:42.383,CRUDEOIL,CE,9700.0,CRUDEOIL15OCT269700CE,253.4,200,BUY_AGGRESSOR,428000,46500
2026-09-24 15:18:42.383,CRUDEOIL,CE,9900.0,CRUDEOIL15OCT269900CE,207.5,300,BUY,218700,38600
2026-09-24 15:18:42.383,CRUDEOILM,FUT,0.0,CRUDEOILM19OCT26FUT,9010.0,40,SELL_AGGRESSOR,561810,412700
2026-09-24 15:18:42.383,CRUDEOILM,CE,9500.0,CRUDEOILM15OCT269500CE,314.7,140,BUY_AGGRESSOR,166670,74930
2026-09-24 15:18:42.383,CRUDEOILM,CE,9550.0,CRUDEOILM15OCT269550CE,299.65,10,BUY_AGGRESSOR,23070,4030
2026-09-24 15:18:42.383,CRUDEOILM,CE,9600.0,CRUDEOILM15OCT269600CE,285.25,40,BUY_AGGRESSOR,65080,13560
2026-09-24 15:18:42.383,CRUDEOILM,CE,9700.0,CRUDEOILM15OCT269700CE,256.55,50,BUY_AGGRESSOR,66430,16340
2026-09-24 15:18:46.029,CRUDEOIL,FUT,0.0,CRUDEOIL19OCT26FUT,9013.0,2000,BUY_AGGRESSOR,1984500,1297700
2026-09-24 15:18:46.029,CRUDEOIL,CE,9500.0,CRUDEOIL15OCT269500CE,308.9,100,BUY_AGGRESSOR,1390300,587500
2026-09-24 15:18:46.029,CRUDEOIL,CE,9550.0,CRUDEOIL15OCT269550CE,293.6,100,SELL_AGGRESSOR,74200,16100
2026-09-24 15:18:46.029,CRUDEOIL,CE,9900.0,CRUDEOIL15OCT269900CE,208.2,100,BUY_AGGRESSOR,218800,38600
2026-09-24 15:18:46.029,CRUDEOILM,FUT,0.0,CRUDEOILM19OCT26FUT,9011.0,10,BUY,561820,412700
2026-09-24 15:18:46.029,CRUDEOILM,CE,9500.0,CRUDEOILM15OCT269500CE,314.75,10,BUY,166680,74930
2026-09-24 15:18:49.512,CRUDEOIL,FUT,0.0,CRUDEOIL19OCT26FUT,9012.0,300,BUY_AGGRESSOR,1984800,1297700
2026-09-24 15:18:49.512,CRUDEOIL,CE,9350.0,CRUDEOIL15OCT269350CE,359.8,100,BUY,100300,24400
2026-09-24 15:18:49.512,CRUDEOIL,PE,9500.0,CRUDEOIL15OCT269500PE,792.7,100,BUY_AGGRESSOR,83200,98500
2026-09-24 15:18:49.512,CRUDEOILM,FUT,0.0,CRUDEOILM19OCT26FUT,9010.0,160,SELL_AGGRESSOR,561980,412710
2026-09-24 15:18:49.512,CRUDEOILM,CE,9850.0,CRUDEOILM15OCT269850CE,222.05,10,BUY,14790,3250
2026-09-24 15:18:49.512,CRUDEOILM,CE,9900.0,CRUDEOILM15OCT269900CE,209.8,40,SELL_AGGRESSOR,183880,34040
2026-09-24 15:18:53.025,CRUDEOIL,CE,9500.0,CRUDEOIL15OCT269500CE,307.6,100,SELL,1390400,587500
2026-09-24 15:18:53.025,CRUDEOILM,FUT,0.0,CRUDEOILM19OCT26FUT,9012.0,80,BUY_AGGRESSOR,562060,412740
2026-09-24 15:18:53.025,CRUDEOILM,CE,9900.0,CRUDEOILM15OCT269900CE,209.4,10,SELL,183890,34040
2026-09-24 15:18:56.549,CRUDEOIL,FUT,0.0,CRUDEOIL19OCT26FUT,9010.0,500,SELL,1985300,1297300
2026-09-24 15:18:56.549,CRUDEOIL,CE,9500.0,CRUDEOIL15OCT269500CE,308.9,100,BUY_AGGRESSOR,1390500,587500
2026-09-24 15:18:56.549,CRUDEOIL,PE,9500.0,CRUDEOIL15OCT269500PE,792.8,100,BUY,83300,98600
2026-09-24 15:18:56.549,CRUDEOIL,CE,9600.0,CRUDEOIL15OCT269600CE,279.4,200,BUY,245700,64800
2026-09-24 15:18:56.549,CRUDEOIL,CE,9700.0,CRUDEOIL15OCT269700CE,252.4,300,SELL_AGGRESSOR,428300,46200
2026-09-24 15:18:56.549,CRUDEOILM,FUT,0.0,CRUDEOILM19OCT26FUT,9009.0,60,SELL_AGGRESSOR,562120,412730
2026-09-24 15:18:56.549,CRUDEOILM,CE,9500.0,CRUDEOILM15OCT269500CE,314.65,20,SELL,166700,74930
2026-09-24 15:18:56.549,CRUDEOILM,PE,9500.0,CRUDEOILM15OCT269500PE,798.1,50,SELL_AGGRESSOR,6280,11450
2026-09-24 15:18:56.549,CRUDEOILM,CE,9700.0,CRUDEOILM15OCT269700CE,256.45,10,SELL,66440,16340
2026-09-24 15:19:00.242,CRUDEOIL,FUT,0.0,CRUDEOIL19OCT26FUT,9009.0,300,BUY_AGGRESSOR,1985600,1297400
2026-09-24 15:19:00.242,CRUDEOIL,CE,9400.0,CRUDEOIL15OCT269400CE,340.4,100,SELL,364400,81800
2026-09-24 15:19:00.242,CRUDEOILM,FUT,0.0,CRUDEOILM19OCT26FUT,9007.0,160,SELL_AGGRESSOR,562280,412630
2026-09-24 15:19:00.242,CRUDEOILM,CE,9500.0,CRUDEOILM15OCT269500CE,313.75,20,SELL_AGGRESSOR,166720,74930
2026-09-24 15:19:04.019,CRUDEOIL,FUT,0.0,CRUDEOIL19OCT26FUT,9010.0,1000,BUY_AGGRESSOR,1986600,1297400
2026-09-24 15:19:04.019,CRUDEOIL,CE,9500.0,CRUDEOIL15OCT269500CE,307.8,600,BUY_AGGRESSOR,1391100,587500
2026-09-24 15:19:04.019,CRUDEOIL,CE,9700.0,CRUDEOIL15OCT269700CE,252.0,2000,BUY_AGGRESSOR,430300,46200
2026-09-24 15:19:04.019,CRUDEOIL,CE,9800.0,CRUDEOIL15OCT269800CE,228.6,100,BUY_AGGRESSOR,290900,107500
2026-09-24 15:19:04.019,CRUDEOILM,CE,9850.0,CRUDEOILM15OCT269850CE,221.5,10,BUY_AGGRESSOR,14800,3250
2026-09-24 15:19:07.633,CRUDEOIL,FUT,0.0,CRUDEOIL19OCT26FUT,9008.0,100,SELL,1986700,1297400
2026-09-24 15:19:07.633,CRUDEOIL,CE,9500.0,CRUDEOIL15OCT269500CE,307.6,200,SELL_AGGRESSOR,1391300,587500
2026-09-24 15:19:07.633,CRUDEOIL,CE,9700.0,CRUDEOIL15OCT269700CE,252.0,100,SELL_AGGRESSOR,430400,46100
2026-09-24 15:19:07.633,CRUDEOILM,FUT,0.0,CRUDEOILM19OCT26FUT,9010.0,380,BUY,562660,412690
2026-09-24 15:19:07.633,CRUDEOILM,CE,9750.0,CRUDEOILM15OCT269750CE,244.95,100,BUY,13190,3550
2026-09-24 15:19:11.239,CRUDEOIL,CE,9400.0,CRUDEOIL15OCT269400CE,340.5,100,SELL_AGGRESSOR,364500,81900
2026-09-24 15:19:11.239,CRUDEOIL,CE,9500.0,CRUDEOIL15OCT269500CE,307.1,400,SELL_AGGRESSOR,1391700,587300
2026-09-24 15:19:11.239,CRUDEOIL,CE,9800.0,CRUDEOIL15OCT269800CE,228.1,600,SELL_AGGRESSOR,291500,106900
2026-09-24 15:19:11.239,CRUDEOILM,FUT,0.0,CRUDEOILM19OCT26FUT,9010.0,10,INSIDE,562670,412700
2026-09-24 15:19:11.239,CRUDEOILM,CE,9450.0,CRUDEOILM15OCT269450CE,330.3,200,SELL_AGGRESSOR,36640,15370
2026-09-24 15:19:11.239,CRUDEOILM,CE,9500.0,CRUDEOILM15OCT269500CE,314.35,30,BUY,166750,74960
2026-09-24 15:19:11.239,CRUDEOILM,CE,9700.0,CRUDEOILM15OCT269700CE,256.45,10,INSIDE,66450,16340
2026-09-24 15:19:14.825,CRUDEOIL,FUT,0.0,CRUDEOIL19OCT26FUT,9015.0,8900,BUY_AGGRESSOR,1995600,1292500
2026-09-24 15:19:14.825,CRUDEOIL,CE,9400.0,CRUDEOIL15OCT269400CE,342.7,500,BUY_AGGRESSOR,365000,81800
2026-09-24 15:19:14.825,CRUDEOIL,CE,9500.0,CRUDEOIL15OCT269500CE,308.2,900,BUY_AGGRESSOR,1392600,586800
2026-09-24 15:19:14.825,CRUDEOIL,CE,9600.0,CRUDEOIL15OCT269600CE,279.4,100,BUY_AGGRESSOR,245800,64800
2026-09-24 15:19:14.825,CRUDEOIL,CE,9650.0,CRUDEOIL15OCT269650CE,266.6,100,BUY_AGGRESSOR,52200,13800
2026-09-24 15:19:14.825,CRUDEOIL,CE,9700.0,CRUDEOIL15OCT269700CE,253.8,100,BUY_AGGRESSOR,430500,46000
2026-09-24 15:19:14.825,CRUDEOILM,FUT,0.0,CRUDEOILM19OCT26FUT,9015.0,40,BUY_AGGRESSOR,562710,412710
2026-09-24 15:19:14.825,CRUDEOILM,CE,9750.0,CRUDEOILM15OCT269750CE,245.0,130,SELL_AGGRESSOR,13320,3580
2026-09-24 15:19:18.374,CRUDEOIL,CE,9350.0,CRUDEOIL15OCT269350CE,359.3,100,SELL,100400,24500
2026-09-24 15:19:18.374,CRUDEOIL,CE,9500.0,CRUDEOIL15OCT269500CE,308.5,100,SELL_AGGRESSOR,1392700,586600
2026-09-24 15:19:18.374,CRUDEOIL,PE,9500.0,CRUDEOIL15OCT269500PE,794.1,100,BUY_AGGRESSOR,83400,98600
2026-09-24 15:19:18.374,CRUDEOIL,CE,9800.0,CRUDEOIL15OCT269800CE,228.4,100,SELL_AGGRESSOR,291600,106800
2026-09-24 15:19:18.374,CRUDEOILM,FUT,0.0,CRUDEOILM19OCT26FUT,9011.0,30,SELL,562740,412710
2026-09-24 15:19:18.374,CRUDEOILM,CE,9500.0,CRUDEOILM15OCT269500CE,314.05,10,SELL_AGGRESSOR,166760,74960
2026-09-24 15:19:18.374,CRUDEOILM,CE,9600.0,CRUDEOILM15OCT269600CE,285.9,10,BUY_AGGRESSOR,65090,13550
2026-09-24 15:19:21.957,CRUDEOIL,FUT,0.0,CRUDEOIL19OCT26FUT,9006.0,5000,SELL_AGGRESSOR,2000600,1292500
2026-09-24 15:19:21.957,CRUDEOIL,CE,9700.0,CRUDEOIL15OCT269700CE,252.9,100,BUY_AGGRESSOR,430600,46100
2026-09-24 15:19:21.957,CRUDEOIL,CE,9800.0,CRUDEOIL15OCT269800CE,229.2,100,BUY_AGGRESSOR,291700,106800
2026-09-24 15:19:21.957,CRUDEOILM,CE,9600.0,CRUDEOILM15OCT269600CE,285.75,100,BUY_AGGRESSOR,65190,13640
2026-09-24 15:19:25.490,CRUDEOIL,CE,9500.0,CRUDEOIL15OCT269500CE,308.5,100,INSIDE,1392800,586600
2026-09-24 15:19:25.490,CRUDEOIL,PE,9500.0,CRUDEOIL15OCT269500PE,790.3,100,SELL_AGGRESSOR,83500,98500
2026-09-24 15:19:25.490,CRUDEOILM,FUT,0.0,CRUDEOILM19OCT26FUT,9012.0,20,BUY,562760,412710
2026-09-24 15:19:25.490,CRUDEOILM,CE,9500.0,CRUDEOILM15OCT269500CE,315.85,30,BUY_AGGRESSOR,166790,74960
2026-09-24 15:19:25.490,CRUDEOILM,CE,9700.0,CRUDEOILM15OCT269700CE,256.3,10,SELL_AGGRESSOR,66460,16340
2026-09-24 15:19:28.995,CRUDEOIL,FUT,0.0,CRUDEOIL19OCT26FUT,9010.0,800,SELL_AGGRESSOR,2001400,1291800
2026-09-24 15:19:28.995,CRUDEOIL,CE,9600.0,CRUDEOIL15OCT269600CE,278.9,100,SELL_AGGRESSOR,245900,64700
2026-09-24 15:19:28.995,CRUDEOILM,FUT,0.0,CRUDEOILM19OCT26FUT,9013.0,60,BUY_AGGRESSOR,562820,412700
2026-09-24 15:19:28.995,CRUDEOILM,CE,9850.0,CRUDEOILM15OCT269850CE,222.25,10,BUY,14810,3250
2026-09-24 15:19:32.564,CRUDEOIL,FUT,0.0,CRUDEOIL19OCT26FUT,9011.0,3700,SELL_AGGRESSOR,2005100,1291600
2026-09-24 15:19:32.564,CRUDEOIL,CE,9950.0,CRUDEOIL15OCT269950CE,197.0,100,SELL,37500,8800
2026-09-24 15:19:32.564,CRUDEOILM,CE,9550.0,CRUDEOILM15OCT269550CE,300.95,10,BUY_AGGRESSOR,23080,4030
2026-09-24 15:19:36.086,CRUDEOIL,FUT,0.0,CRUDEOIL19OCT26FUT,9009.0,1200,SELL_AGGRESSOR,2006300,1292600
2026-09-24 15:19:36.086,CRUDEOILM,CE,9950.0,CRUDEOILM15OCT269950CE,201.45,10,BUY_AGGRESSOR,6870,3100
2026-09-24 15:19:39.613,CRUDEOIL,CE,9500.0,CRUDEOIL15OCT269500CE,308.9,300,BUY_AGGRESSOR,1393100,586700
2026-09-24 15:19:39.613,CRUDEOIL,CE,9800.0,CRUDEOIL15OCT269800CE,229.5,100,BUY,291800,106900
2026-09-24 15:19:39.613,CRUDEOILM,FUT,0.0,CRUDEOILM19OCT26FUT,9011.0,30,SELL,562850,412690
2026-09-24 15:19:39.613,CRUDEOILM,CE,9400.0,CRUDEOILM15OCT269400CE,347.0,80,BUY,63830,35980
2026-09-24 15:19:39.613,CRUDEOILM,CE,9450.0,CRUDEOILM15OCT269450CE,332.0,70,BUY,36710,15230
2026-09-24 15:19:39.613,CRUDEOILM,CE,9500.0,CRUDEOILM15OCT269500CE,315.0,40,SELL_AGGRESSOR,166830,75000
2026-09-24 15:19:39.613,CRUDEOILM,CE,9800.0,CRUDEOILM15OCT269800CE,233.05,10,BUY_AGGRESSOR,98350,36220
2026-09-24 15:19:39.613,CRUDEOILM,CE,9850.0,CRUDEOILM15OCT269850CE,222.5,30,BUY_AGGRESSOR,14840,3280
2026-09-24 15:19:43.142,CRUDEOILM,FUT,0.0,CRUDEOILM19OCT26FUT,9012.0,50,BUY_AGGRESSOR,562900,412700
2026-09-24 15:19:43.142,CRUDEOILM,CE,9700.0,CRUDEOILM15OCT269700CE,256.85,10,BUY_AGGRESSOR,66470,16340
2026-09-24 15:19:46.708,CRUDEOIL,CE,9950.0,CRUDEOIL15OCT269950CE,196.8,200,SELL_AGGRESSOR,37700,8700
2026-09-24 15:19:46.708,CRUDEOILM,FUT,0.0,CRUDEOILM19OCT26FUT,9011.0,10,SELL,562910,412690
2026-09-24 15:19:50.207,CRUDEOIL,FUT,0.0,CRUDEOIL19OCT26FUT,9009.0,1500,SELL_AGGRESSOR,2007800,1292700
2026-09-24 15:19:50.207,CRUDEOIL,CE,9500.0,CRUDEOIL15OCT269500CE,308.8,300,BUY_AGGRESSOR,1393400,586600
2026-09-24 15:19:50.207,CRUDEOIL,CE,9700.0,CRUDEOIL15OCT269700CE,253.4,200,BUY_AGGRESSOR,430800,46100
2026-09-24 15:19:50.207,CRUDEOILM,FUT,0.0,CRUDEOILM19OCT26FUT,9011.0,10,BUY_AGGRESSOR,562920,412690
2026-09-24 15:19:50.207,CRUDEOILM,CE,9600.0,CRUDEOILM15OCT269600CE,285.55,50,BUY_AGGRESSOR,65240,13640
2026-09-24 15:19:50.207,CRUDEOILM,CE,9850.0,CRUDEOILM15OCT269850CE,221.1,10,SELL_AGGRESSOR,14850,3280
2026-09-24 15:19:53.806,CRUDEOIL,FUT,0.0,CRUDEOIL19OCT26FUT,9010.0,200,BUY,2008000,1293300
2026-09-24 15:19:53.806,CRUDEOIL,CE,9500.0,CRUDEOIL15OCT269500CE,309.0,200,BUY_AGGRESSOR,1393600,586400
2026-09-24 15:19:53.806,CRUDEOILM,FUT,0.0,CRUDEOILM19OCT26FUT,9010.0,60,SELL_AGGRESSOR,562980,412690
2026-09-24 15:19:53.806,CRUDEOILM,CE,9500.0,CRUDEOILM15OCT269500CE,315.15,10,BUY,166840,75000
2026-09-24 15:19:53.806,CRUDEOILM,CE,9700.0,CRUDEOILM15OCT269700CE,256.5,20,SELL,66490,16340
2026-09-24 15:19:57.318,CRUDEOILM,FUT,0.0,CRUDEOILM19OCT26FUT,9010.0,40,SELL_AGGRESSOR,563020,412710
2026-09-24 15:19:57.318,CRUDEOILM,CE,9350.0,CRUDEOILM15OCT269350CE,366.0,10,BUY,32790,17860
2026-09-24 15:19:57.318,CRUDEOILM,CE,9600.0,CRUDEOILM15OCT269600CE,285.95,10,BUY_AGGRESSOR,65250,13640
2026-09-24 15:20:00.884,CRUDEOIL,CE,9700.0,CRUDEOIL15OCT269700CE,253.2,100,SELL,430900,46100
2026-09-24 15:20:00.884,CRUDEOIL,CE,9950.0,CRUDEOIL15OCT269950CE,197.0,100,BUY,37800,8700
2026-09-24 15:20:00.884,CRUDEOILM,FUT,0.0,CRUDEOILM19OCT26FUT,9010.0,10,SELL_AGGRESSOR,563030,412710
2026-09-24 15:20:00.884,CRUDEOILM,CE,9800.0,CRUDEOILM15OCT269800CE,232.95,10,SELL,98360,36220
2026-09-24 15:20:04.547,CRUDEOIL,CE,9400.0,CRUDEOIL15OCT269400CE,341.6,100,SELL,365100,81800
2026-09-24 15:20:04.547,CRUDEOIL,CE,9500.0,CRUDEOIL15OCT269500CE,309.7,500,BUY_AGGRESSOR,1394100,586000
2026-09-24 15:20:04.547,CRUDEOILM,FUT,0.0,CRUDEOILM19OCT26FUT,9017.0,120,BUY_AGGRESSOR,563150,412720
2026-09-24 15:20:08.122,CRUDEOIL,FUT,0.0,CRUDEOIL19OCT26FUT,9015.0,300,BUY_AGGRESSOR,2008300,1293600
2026-09-24 15:20:08.122,CRUDEOIL,CE,9500.0,CRUDEOIL15OCT269500CE,310.3,300,BUY,1394400,585800
2026-09-24 15:20:08.122,CRUDEOIL,PE,9500.0,CRUDEOIL15OCT269500PE,790.0,100,SELL_AGGRESSOR,83600,98600
2026-09-24 15:20:08.122,CRUDEOIL,CE,9600.0,CRUDEOIL15OCT269600CE,281.5,100,BUY_AGGRESSOR,246000,64700
2026-09-24 15:20:08.122,CRUDEOIL,CE,9700.0,CRUDEOIL15OCT269700CE,254.7,200,BUY,431100,46100
2026-09-24 15:20:08.122,CRUDEOIL,CE,9800.0,CRUDEOIL15OCT269800CE,231.0,200,BUY_AGGRESSOR,292000,106800
2026-09-24 15:20:08.122,CRUDEOILM,FUT,0.0,CRUDEOILM19OCT26FUT,9016.0,60,BUY_AGGRESSOR,563210,412780
2026-09-24 15:20:08.122,CRUDEOILM,CE,9450.0,CRUDEOILM15OCT269450CE,332.0,10,BUY_AGGRESSOR,36720,15220
2026-09-24 15:20:08.122,CRUDEOILM,CE,9500.0,CRUDEOILM15OCT269500CE,316.4,10,BUY_AGGRESSOR,166850,74990
2026-09-24 15:20:11.824,CRUDEOIL,CE,9500.0,CRUDEOIL15OCT269500CE,310.6,300,SELL_AGGRESSOR,1394700,585800
2026-09-24 15:20:11.824,CRUDEOIL,CE,9700.0,CRUDEOIL15OCT269700CE,254.3,900,SELL_AGGRESSOR,432000,45300
2026-09-24 15:20:11.824,CRUDEOIL,CE,9800.0,CRUDEOIL15OCT269800CE,231.6,100,BUY_AGGRESSOR,292100,106900
2026-09-24 15:20:11.824,CRUDEOILM,FUT,0.0,CRUDEOILM19OCT26FUT,9017.0,20,BUY,563230,412790
2026-09-24 15:20:11.824,CRUDEOILM,CE,9350.0,CRUDEOILM15OCT269350CE,368.15,10,BUY,32800,17860
2026-09-24 15:20:11.824,CRUDEOILM,CE,9450.0,CRUDEOILM15OCT269450CE,333.4,10,BUY,36730,15210
2026-09-24 15:20:11.824,CRUDEOILM,CE,9500.0,CRUDEOILM15OCT269500CE,317.3,100,BUY,166950,74960
2026-09-24 15:20:11.824,CRUDEOILM,CE,9700.0,CRUDEOILM15OCT269700CE,258.5,80,BUY,66570,16340
2026-09-24 15:20:11.824,CRUDEOILM,CE,9800.0,CRUDEOILM15OCT269800CE,234.35,20,SELL_AGGRESSOR,98380,36220
2026-09-24 15:20:15.451,CRUDEOIL,FUT,0.0,CRUDEOIL19OCT26FUT,9017.0,100,BUY_AGGRESSOR,2008400,1293700
2026-09-24 15:20:15.451,CRUDEOIL,CE,9500.0,CRUDEOIL15OCT269500CE,310.5,600,SELL_AGGRESSOR,1395300,585500
2026-09-24 15:20:15.451,CRUDEOIL,CE,9600.0,CRUDEOIL15OCT269600CE,280.8,100,SELL_AGGRESSOR,246100,64800
2026-09-24 15:20:15.451,CRUDEOILM,FUT,0.0,CRUDEOILM19OCT26FUT,9016.0,80,SELL_AGGRESSOR,563310,412800
2026-09-24 15:20:19.150,CRUDEOIL,FUT,0.0,CRUDEOIL19OCT26FUT,9017.0,1100,INSIDE,2009500,1292700
2026-09-24 15:20:19.150,CRUDEOIL,CE,9350.0,CRUDEOIL15OCT269350CE,361.2,100,BUY,100500,24600
2026-09-24 15:20:19.150,CRUDEOIL,CE,9700.0,CRUDEOIL15OCT269700CE,254.7,100,BUY,432100,45300
2026-09-24 15:20:19.150,CRUDEOIL,CE,9800.0,CRUDEOIL15OCT269800CE,230.5,100,SELL_AGGRESSOR,292200,107000
2026-09-24 15:20:19.150,CRUDEOILM,FUT,0.0,CRUDEOILM19OCT26FUT,9015.0,130,SELL_AGGRESSOR,563440,412830
2026-09-24 15:20:19.150,CRUDEOILM,CE,9500.0,CRUDEOILM15OCT269500CE,316.7,10,SELL,166960,74970
2026-09-24 15:20:22.867,CRUDEOIL,CE,9500.0,CRUDEOIL15OCT269500CE,309.7,400,SELL,1395700,585300
2026-09-24 15:20:22.867,CRUDEOIL,CE,9550.0,CRUDEOIL15OCT269550CE,296.3,100,BUY_AGGRESSOR,74300,16100
2026-09-24 15:20:26.393,CRUDEOIL,CE,9900.0,CRUDEOIL15OCT269900CE,209.3,100,BUY_AGGRESSOR,218900,38600
2026-09-24 15:20:26.393,CRUDEOILM,CE,9600.0,CRUDEOILM15OCT269600CE,287.1,50,BUY,65300,13640
2026-09-24 15:20:26.393,CRUDEOILM,CE,9650.0,CRUDEOILM15OCT269650CE,270.5,10,SELL_AGGRESSOR,17060,3000
2026-09-24 15:20:30.089,CRUDEOIL,CE,9400.0,CRUDEOIL15OCT269400CE,344.1,100,BUY_AGGRESSOR,365200,81900
2026-09-24 15:20:30.089,CRUDEOIL,CE,9500.0,CRUDEOIL15OCT269500CE,310.7,400,BUY,1396100,585700
2026-09-24 15:20:30.089,CRUDEOIL,CE,9600.0,CRUDEOIL15OCT269600CE,281.7,300,BUY,246400,64700
2026-09-24 15:20:30.089,CRUDEOIL,CE,9700.0,CRUDEOIL15OCT269700CE,255.0,100,BUY_AGGRESSOR,432200,45400
2026-09-24 15:20:30.089,CRUDEOIL,CE,9800.0,CRUDEOIL15OCT269800CE,231.1,200,BUY_AGGRESSOR,292400,106900
2026-09-24 15:20:30.089,CRUDEOIL,CE,9900.0,CRUDEOIL15OCT269900CE,209.2,100,SELL,219000,38700
2026-09-24 15:20:30.089,CRUDEOILM,FUT,0.0,CRUDEOILM19OCT26FUT,9017.0,10,BUY_AGGRESSOR,563450,412840
2026-09-24 15:20:30.089,CRUDEOILM,CE,9350.0,CRUDEOILM15OCT269350CE,368.3,10,BUY_AGGRESSOR,32810,17860
2026-09-24 15:20:30.089,CRUDEOILM,CE,9500.0,CRUDEOILM15OCT269500CE,317.55,120,BUY_AGGRESSOR,167080,75060
2026-09-24 15:20:30.089,CRUDEOILM,CE,9600.0,CRUDEOILM15OCT269600CE,287.6,30,BUY_AGGRESSOR,65330,13660
2026-09-24 15:20:30.089,CRUDEOILM,CE,9700.0,CRUDEOILM15OCT269700CE,258.75,10,BUY_AGGRESSOR,66580,16340
2026-09-24 15:20:30.089,CRUDEOILM,CE,9900.0,CRUDEOILM15OCT269900CE,211.6,110,BUY_AGGRESSOR,184000,34050
2026-09-24 15:20:33.633,CRUDEOILM,FUT,0.0,CRUDEOILM19OCT26FUT,9020.0,200,BUY_AGGRESSOR,563650,412880
2026-09-24 15:20:37.280,CRUDEOILM,FUT,0.0,CRUDEOILM19OCT26FUT,9018.0,50,SELL_AGGRESSOR,563700,412870
2026-09-24 15:20:37.280,CRUDEOILM,CE,9500.0,CRUDEOILM15OCT269500CE,318.75,10,BUY_AGGRESSOR,167090,75060
2026-09-24 15:20:37.280,CRUDEOILM,CE,9900.0,CRUDEOILM15OCT269900CE,212.15,10,BUY_AGGRESSOR,184010,34050
2026-09-24 15:20:40.896,CRUDEOIL,FUT,0.0,CRUDEOIL19OCT26FUT,9019.0,100,BUY,2009600,1292700
2026-09-24 15:20:40.896,CRUDEOIL,CE,9500.0,CRUDEOIL15OCT269500CE,311.9,100,BUY,1396200,585700
2026-09-24 15:20:40.896,CRUDEOILM,FUT,0.0,CRUDEOILM19OCT26FUT,9016.0,10,SELL_AGGRESSOR,563710,412870
2026-09-24 15:20:44.452,CRUDEOIL,CE,9450.0,CRUDEOIL15OCT269450CE,326.6,100,BUY,74100,23500
2026-09-24 15:20:47.958,CRUDEOIL,FUT,0.0,CRUDEOIL19OCT26FUT,9020.0,100,BUY_AGGRESSOR,2009700,1292700
2026-09-24 15:20:47.958,CRUDEOIL,CE,9500.0,CRUDEOIL15OCT269500CE,312.5,100,BUY_AGGRESSOR,1396300,585700
2026-09-24 15:20:47.958,CRUDEOILM,FUT,0.0,CRUDEOILM19OCT26FUT,9019.0,30,BUY_AGGRESSOR,563740,412870
2026-09-24 15:20:51.604,CRUDEOIL,CE,9500.0,CRUDEOIL15OCT269500CE,312.6,600,BUY_AGGRESSOR,1396900,585800
2026-09-24 15:20:51.604,CRUDEOIL,CE,9700.0,CRUDEOIL15OCT269700CE,257.1,100,BUY_AGGRESSOR,432300,45500
2026-09-24 15:20:51.604,CRUDEOIL,CE,9800.0,CRUDEOIL15OCT269800CE,233.1,100,BUY_AGGRESSOR,292500,106900
2026-09-24 15:20:51.604,CRUDEOILM,FUT,0.0,CRUDEOILM19OCT26FUT,9020.0,180,BUY_AGGRESSOR,563920,412910
2026-09-24 15:20:51.604,CRUDEOILM,CE,9900.0,CRUDEOILM15OCT269900CE,213.05,50,BUY_AGGRESSOR,184060,34050
2026-09-24 15:20:55.134,CRUDEOIL,FUT,0.0,CRUDEOIL19OCT26FUT,9022.0,100,BUY_AGGRESSOR,2009800,1292700
2026-09-24 15:20:55.134,CRUDEOILM,FUT,0.0,CRUDEOILM19OCT26FUT,9022.0,180,BUY,564100,412920
2026-09-24 15:20:55.134,CRUDEOILM,CE,9400.0,CRUDEOILM15OCT269400CE,352.6,10,BUY_AGGRESSOR,63840,35980
2026-09-24 15:20:55.134,CRUDEOILM,CE,9500.0,CRUDEOILM15OCT269500CE,319.75,50,BUY_AGGRESSOR,167140,75100
2026-09-24 15:20:55.134,CRUDEOILM,CE,9600.0,CRUDEOILM15OCT269600CE,290.0,30,BUY_AGGRESSOR,65360,13660
2026-09-24 15:20:59.202,CRUDEOIL,CE,9500.0,CRUDEOIL15OCT269500CE,313.2,200,BUY,1397100,585800
2026-09-24 15:20:59.202,CRUDEOIL,CE,9600.0,CRUDEOIL15OCT269600CE,284.8,100,BUY,246500,64800
2026-09-24 15:20:59.202,CRUDEOILM,FUT,0.0,CRUDEOILM19OCT26FUT,9024.0,10,BUY_AGGRESSOR,564110,412920
2026-09-24 15:20:59.202,CRUDEOILM,CE,9500.0,CRUDEOILM15OCT269500CE,319.35,10,SELL,167150,75090
2026-09-24 15:20:59.202,CRUDEOILM,CE,9550.0,CRUDEOILM15OCT269550CE,304.7,40,BUY,23120,4030
2026-09-24 15:21:02.750,CRUDEOIL,CE,9500.0,CRUDEOIL15OCT269500CE,313.2,100,BUY_AGGRESSOR,1397200,585800
2026-09-24 15:21:02.750,CRUDEOIL,CE,9700.0,CRUDEOIL15OCT269700CE,257.3,100,BUY_AGGRESSOR,432400,45500
2026-09-24 15:21:02.750,CRUDEOILM,FUT,0.0,CRUDEOILM19OCT26FUT,9023.0,120,BUY_AGGRESSOR,564230,412920
2026-09-24 15:21:02.750,CRUDEOILM,CE,9600.0,CRUDEOILM15OCT269600CE,290.65,300,BUY_AGGRESSOR,65660,13810
2026-09-24 15:21:06.372,CRUDEOIL,FUT,0.0,CRUDEOIL19OCT26FUT,9022.0,100,INSIDE,2009900,1292700
2026-09-24 15:21:06.372,CRUDEOIL,CE,9500.0,CRUDEOIL15OCT269500CE,313.8,1500,BUY_AGGRESSOR,1398700,586100
2026-09-24 15:21:06.372,CRUDEOIL,CE,9700.0,CRUDEOIL15OCT269700CE,256.8,100,SELL,432500,45600
2026-09-24 15:21:06.372,CRUDEOIL,CE,9800.0,CRUDEOIL15OCT269800CE,233.4,100,BUY_AGGRESSOR,292600,106900
2026-09-24 15:21:06.372,CRUDEOILM,FUT,0.0,CRUDEOILM19OCT26FUT,9021.0,20,SELL_AGGRESSOR,564250,412920
2026-09-24 15:21:06.372,CRUDEOILM,CE,9350.0,CRUDEOILM15OCT269350CE,370.0,20,BUY,32830,17850
2026-09-24 15:21:06.372,CRUDEOILM,CE,9450.0,CRUDEOILM15OCT269450CE,336.6,30,BUY,36760,15240
2026-09-24 15:21:06.372,CRUDEOILM,CE,9600.0,CRUDEOILM15OCT269600CE,290.25,10,SELL,65670,13820
2026-09-24 15:21:09.853,CRUDEOIL,FUT,0.0,CRUDEOIL19OCT26FUT,9023.0,100,BUY,2010000,1292600
2026-09-24 15:21:09.853,CRUDEOIL,CE,9500.0,CRUDEOIL15OCT269500CE,312.8,300,SELL,1399000,586100
2026-09-24 15:21:09.853,CRUDEOIL,CE,9600.0,CRUDEOIL15OCT269600CE,285.0,2300,BUY_AGGRESSOR,248800,65100
2026-09-24 15:21:09.853,CRUDEOIL,CE,9700.0,CRUDEOIL15OCT269700CE,256.8,100,SELL_AGGRESSOR,432600,45600
2026-09-24 15:21:09.853,CRUDEOILM,CE,9450.0,CRUDEOILM15OCT269450CE,336.8,100,BUY_AGGRESSOR,36860,15240
2026-09-24 15:21:09.853,CRUDEOILM,CE,9950.0,CRUDEOILM15OCT269950CE,202.4,10,SELL_AGGRESSOR,6880,3090
2026-09-24 15:21:13.364,CRUDEOIL,CE,9500.0,CRUDEOIL15OCT269500CE,312.7,100,SELL,1399100,586100
2026-09-24 15:21:13.364,CRUDEOILM,FUT,0.0,CRUDEOILM19OCT26FUT,9022.0,30,BUY,564280,412930
2026-09-24 15:21:13.364,CRUDEOILM,CE,9500.0,CRUDEOILM15OCT269500CE,320.4,50,BUY_AGGRESSOR,167200,75090
2026-09-24 15:21:16.874,CRUDEOIL,FUT,0.0,CRUDEOIL19OCT26FUT,9022.0,200,SELL,2010200,1292700
2026-09-24 15:21:16.874,CRUDEOIL,CE,9500.0,CRUDEOIL15OCT269500CE,312.9,300,BUY,1399400,586000
2026-09-24 15:21:16.874,CRUDEOILM,CE,9450.0,CRUDEOILM15OCT269450CE,337.15,30,BUY_AGGRESSOR,36890,15290
2026-09-24 15:21:16.874,CRUDEOILM,CE,9500.0,CRUDEOILM15OCT269500CE,320.8,140,BUY_AGGRESSOR,167340,75090
2026-09-24 15:21:16.874,CRUDEOILM,CE,9600.0,CRUDEOILM15OCT269600CE,291.2,100,BUY_AGGRESSOR,65770,13890
2026-09-24 15:21:20.383,CRUDEOIL,FUT,0.0,CRUDEOIL19OCT26FUT,9016.0,1200,SELL_AGGRESSOR,2011400,1292600
2026-09-24 15:21:20.383,CRUDEOIL,CE,9350.0,CRUDEOIL15OCT269350CE,361.0,200,SELL_AGGRESSOR,100700,24700
2026-09-24 15:21:20.383,CRUDEOIL,CE,9400.0,CRUDEOIL15OCT269400CE,346.1,400,BUY,365600,81800
2026-09-24 15:21:20.383,CRUDEOIL,CE,9500.0,CRUDEOIL15OCT269500CE,311.0,4900,SELL_AGGRESSOR,1404300,586000
2026-09-24 15:21:20.383,CRUDEOIL,CE,9550.0,CRUDEOIL15OCT269550CE,296.3,100,SELL_AGGRESSOR,74400,16100
2026-09-24 15:21:20.383,CRUDEOIL,CE,9700.0,CRUDEOIL15OCT269700CE,255.3,400,SELL_AGGRESSOR,433000,45500
2026-09-24 15:21:20.383,CRUDEOIL,CE,9800.0,CRUDEOIL15OCT269800CE,231.8,500,SELL_AGGRESSOR,293100,107200
2026-09-24 15:21:20.383,CRUDEOIL,CE,9900.0,CRUDEOIL15OCT269900CE,209.8,100,SELL_AGGRESSOR,219100,38800
2026-09-24 15:21:20.383,CRUDEOIL,CE,9950.0,CRUDEOIL15OCT269950CE,200.0,300,SELL_AGGRESSOR,38100,8700
2026-09-24 15:21:20.383,CRUDEOILM,FUT,0.0,CRUDEOILM19OCT26FUT,9014.0,900,SELL_AGGRESSOR,565180,412900
2026-09-24 15:21:20.383,CRUDEOILM,CE,9350.0,CRUDEOILM15OCT269350CE,368.6,30,SELL_AGGRESSOR,32860,17850
2026-09-24 15:21:20.383,CRUDEOILM,CE,9400.0,CRUDEOILM15OCT269400CE,350.35,140,SELL_AGGRESSOR,63980,36010
2026-09-24 15:21:20.383,CRUDEOILM,CE,9450.0,CRUDEOILM15OCT269450CE,333.0,230,SELL_AGGRESSOR,37120,15490
2026-09-24 15:21:20.383,CRUDEOILM,CE,9500.0,CRUDEOILM15OCT269500CE,317.0,430,SELL_AGGRESSOR,167770,75460
2026-09-24 15:21:20.383,CRUDEOILM,CE,9550.0,CRUDEOILM15OCT269550CE,302.65,40,SELL_AGGRESSOR,23160,4030
2026-09-24 15:21:20.383,CRUDEOILM,CE,9600.0,CRUDEOILM15OCT269600CE,287.15,10,SELL_AGGRESSOR,65780,13900
2026-09-24 15:21:20.383,CRUDEOILM,CE,9700.0,CRUDEOILM15OCT269700CE,259.15,110,SELL_AGGRESSOR,66690,16280
2026-09-24 15:21:20.383,CRUDEOILM,CE,9750.0,CRUDEOILM15OCT269750CE,247.25,10,SELL_AGGRESSOR,13330,3570
2026-09-24 15:21:20.383,CRUDEOILM,CE,9800.0,CRUDEOILM15OCT269800CE,233.5,70,SELL_AGGRESSOR,98450,36210
2026-09-24 15:21:20.383,CRUDEOILM,CE,9850.0,CRUDEOILM15OCT269850CE,224.4,10,BUY,14860,3280
2026-09-24 15:21:20.383,CRUDEOILM,CE,9900.0,CRUDEOILM15OCT269900CE,211.0,180,SELL_AGGRESSOR,184240,34020
2026-09-24 15:21:20.383,CRUDEOILM,CE,9950.0,CRUDEOILM15OCT269950CE,201.5,10,SELL_AGGRESSOR,6890,3080
2026-09-24 15:22:24.222,CRUDEOIL,FUT,0.0,CRUDEOIL19OCT26FUT,9012.0,400,SELL_AGGRESSOR,2011800,1292600
2026-09-24 15:22:24.222,CRUDEOIL,CE,9500.0,CRUDEOIL15OCT269500CE,311.0,4700,INSIDE,1409000,589300
2026-09-24 15:22:24.222,CRUDEOIL,CE,9600.0,CRUDEOIL15OCT269600CE,282.0,100,SELL,248900,66200
2026-09-24 15:22:24.222,CRUDEOIL,CE,9850.0,CRUDEOIL15OCT269850CE,220.0,100,SELL,44000,12200
2026-09-24 15:22:24.222,CRUDEOILM,FUT,0.0,CRUDEOILM19OCT26FUT,9013.0,10,SELL_AGGRESSOR,565190,412900
2026-09-24 15:22:27.788,CRUDEOIL,CE,9900.0,CRUDEOIL15OCT269900CE,207.3,100,SELL_AGGRESSOR,219200,38900
2026-09-24 15:22:27.788,CRUDEOILM,FUT,0.0,CRUDEOILM19OCT26FUT,9015.0,10,BUY_AGGRESSOR,565200,412900
2026-09-24 15:22:27.788,CRUDEOILM,CE,9500.0,CRUDEOILM15OCT269500CE,316.7,100,BUY_AGGRESSOR,167870,75550
2026-09-24 15:22:27.788,CRUDEOILM,CE,9650.0,CRUDEOILM15OCT269650CE,270.8,10,BUY,17070,3000
2026-09-24 15:22:27.788,CRUDEOILM,CE,9900.0,CRUDEOILM15OCT269900CE,210.1,80,SELL,184320,34020
2026-09-24 15:22:31.432,CRUDEOIL,FUT,0.0,CRUDEOIL19OCT26FUT,9012.0,100,SELL_AGGRESSOR,2011900,1292700
2026-09-24 15:22:31.432,CRUDEOILM,FUT,0.0,CRUDEOILM19OCT26FUT,9010.0,140,SELL_AGGRESSOR,565340,412930
2026-09-24 15:22:31.432,CRUDEOILM,CE,9500.0,CRUDEOILM15OCT269500CE,315.15,10,SELL_AGGRESSOR,167880,75550
2026-09-24 15:22:31.432,CRUDEOILM,CE,9600.0,CRUDEOILM15OCT269600CE,286.75,10,BUY_AGGRESSOR,65790,13910
2026-09-24 15:22:31.432,CRUDEOILM,CE,9750.0,CRUDEOILM15OCT269750CE,245.75,10,SELL,13340,3580
2026-09-24 15:22:31.432,CRUDEOILM,CE,9850.0,CRUDEOILM15OCT269850CE,222.05,10,SELL,14870,3290
2026-09-24 15:22:34.949,CRUDEOIL,CE,9500.0,CRUDEOIL15OCT269500CE,308.5,200,SELL_AGGRESSOR,1409200,589200
2026-09-24 15:22:34.949,CRUDEOIL,PE,9500.0,CRUDEOIL15OCT269500PE,790.9,100,BUY,83700,98500
2026-09-24 15:22:34.949,CRUDEOILM,FUT,0.0,CRUDEOILM19OCT26FUT,9013.0,60,BUY_AGGRESSOR,565400,412930
2026-09-24 15:22:34.949,CRUDEOILM,CE,9500.0,CRUDEOILM15OCT269500CE,315.9,10,BUY_AGGRESSOR,167890,75560
2026-09-24 15:22:38.606,CRUDEOIL,FUT,0.0,CRUDEOIL19OCT26FUT,9010.0,600,SELL_AGGRESSOR,2012500,1293300
2026-09-24 15:22:38.606,CRUDEOIL,CE,9400.0,CRUDEOIL15OCT269400CE,341.6,100,SELL_AGGRESSOR,365700,81800
2026-09-24 15:22:38.606,CRUDEOILM,FUT,0.0,CRUDEOILM19OCT26FUT,9010.0,20,SELL_AGGRESSOR,565420,412930
2026-09-24 15:22:42.109,CRUDEOIL,FUT,0.0,CRUDEOIL19OCT26FUT,9010.0,100,INSIDE,2012600,1293200
2026-09-24 15:22:42.109,CRUDEOIL,CE,9500.0,CRUDEOIL15OCT269500CE,308.2,100,SELL_AGGRESSOR,1409300,589100
2026-09-24 15:22:42.109,CRUDEOILM,FUT,0.0,CRUDEOILM19OCT26FUT,9010.0,30,SELL_AGGRESSOR,565450,412940
2026-09-24 15:22:45.778,CRUDEOIL,FUT,0.0,CRUDEOIL19OCT26FUT,9012.0,4800,BUY_AGGRESSOR,2017400,1297300
2026-09-24 15:22:45.778,CRUDEOIL,CE,9600.0,CRUDEOIL15OCT269600CE,280.5,100,BUY_AGGRESSOR,249000,66100
2026-09-24 15:22:45.778,CRUDEOIL,CE,9700.0,CRUDEOIL15OCT269700CE,252.9,100,SELL_AGGRESSOR,433100,45500
2026-09-24 15:22:45.778,CRUDEOILM,FUT,0.0,CRUDEOILM19OCT26FUT,9012.0,110,BUY,565560,412920
2026-09-24 15:22:49.406,CRUDEOIL,FUT,0.0,CRUDEOIL19OCT26FUT,9008.0,400,SELL_AGGRESSOR,2017800,1297300
2026-09-24 15:22:49.406,CRUDEOIL,CE,9800.0,CRUDEOIL15OCT269800CE,228.3,100,SELL_AGGRESSOR,293200,107100
2026-09-24 15:22:49.406,CRUDEOILM,FUT,0.0,CRUDEOILM19OCT26FUT,9007.0,20,SELL_AGGRESSOR,565580,412920
2026-09-24 15:22:49.406,CRUDEOILM,CE,9350.0,CRUDEOILM15OCT269350CE,365.0,10,SELL_AGGRESSOR,32870,17850
2026-09-24 15:22:49.406,CRUDEOILM,CE,9400.0,CRUDEOILM15OCT269400CE,347.0,10,SELL_AGGRESSOR,63990,36010
2026-09-24 15:22:49.406,CRUDEOILM,CE,9500.0,CRUDEOILM15OCT269500CE,315.0,40,SELL_AGGRESSOR,167930,75600
2026-09-24 15:22:49.406,CRUDEOILM,CE,9750.0,CRUDEOILM15OCT269750CE,245.0,10,SELL_AGGRESSOR,13350,3590
2026-09-24 15:22:49.406,CRUDEOILM,CE,9900.0,CRUDEOILM15OCT269900CE,209.1,10,SELL,184330,34020
2026-09-24 15:22:53.370,CRUDEOIL,CE,9400.0,CRUDEOIL15OCT269400CE,340.6,100,SELL_AGGRESSOR,365800,81900
2026-09-24 15:22:53.370,CRUDEOIL,CE,9500.0,CRUDEOIL15OCT269500CE,308.0,300,SELL_AGGRESSOR,1409600,589300
2026-09-24 15:22:53.370,CRUDEOIL,CE,9600.0,CRUDEOIL15OCT269600CE,278.1,100,SELL_AGGRESSOR,249100,66000
2026-09-24 15:22:53.370,CRUDEOIL,CE,9750.0,CRUDEOIL15OCT269750CE,240.0,200,SELL_AGGRESSOR,54800,13200
2026-09-24 15:22:53.370,CRUDEOILM,FUT,0.0,CRUDEOILM19OCT26FUT,9008.0,10,BUY_AGGRESSOR,565590,412910
2026-09-24 15:22:53.370,CRUDEOILM,CE,9500.0,CRUDEOILM15OCT269500CE,314.45,10,SELL,167940,75610
2026-09-24 15:22:53.370,CRUDEOILM,CE,9650.0,CRUDEOILM15OCT269650CE,270.0,30,SELL_AGGRESSOR,17100,3020
2026-09-24 15:22:56.929,CRUDEOIL,CE,9350.0,CRUDEOIL15OCT269350CE,357.9,100,SELL,100800,24600
2026-09-24 15:22:56.929,CRUDEOIL,CE,9500.0,CRUDEOIL15OCT269500CE,307.0,1400,SELL_AGGRESSOR,1411000,588200
2026-09-24 15:22:56.929,CRUDEOIL,CE,9950.0,CRUDEOIL15OCT269950CE,195.8,200,SELL_AGGRESSOR,38300,8700
2026-09-24 15:22:56.929,CRUDEOILM,FUT,0.0,CRUDEOILM19OCT26FUT,9008.0,80,BUY_AGGRESSOR,565670,412910
2026-09-24 15:22:56.929,CRUDEOILM,CE,9400.0,CRUDEOILM15OCT269400CE,346.75,10,SELL,64000,36010
2026-09-24 15:22:56.929,CRUDEOILM,CE,9500.0,CRUDEOILM15OCT269500CE,313.95,100,SELL_AGGRESSOR,168040,75640
2026-09-24 15:22:56.929,CRUDEOILM,CE,9700.0,CRUDEOILM15OCT269700CE,255.3,20,SELL_AGGRESSOR,66710,16280
2026-09-24 15:23:00.517,CRUDEOIL,CE,9800.0,CRUDEOIL15OCT269800CE,228.1,100,SELL_AGGRESSOR,293300,107000
2026-09-24 15:23:00.517,CRUDEOILM,FUT,0.0,CRUDEOILM19OCT26FUT,9008.0,20,BUY_AGGRESSOR,565690,412910
2026-09-24 15:23:00.517,CRUDEOILM,CE,9500.0,CRUDEOILM15OCT269500CE,313.85,40,SELL_AGGRESSOR,168080,75610
2026-09-24 15:23:00.517,CRUDEOILM,CE,9750.0,CRUDEOILM15OCT269750CE,244.45,10,SELL,13360,3600
2026-09-24 15:23:04.033,CRUDEOIL,CE,9500.0,CRUDEOIL15OCT269500CE,307.0,300,SELL_AGGRESSOR,1411300,588300
2026-09-24 15:23:04.033,CRUDEOIL,CE,9800.0,CRUDEOIL15OCT269800CE,228.1,300,INSIDE,293600,107200
2026-09-24 15:23:04.033,CRUDEOILM,FUT,0.0,CRUDEOILM19OCT26FUT,9006.0,40,SELL_AGGRESSOR,565730,412910
2026-09-24 15:23:04.033,CRUDEOILM,CE,9600.0,CRUDEOILM15OCT269600CE,283.4,50,SELL_AGGRESSOR,65840,13870
2026-09-24 15:23:04.033,CRUDEOILM,CE,9850.0,CRUDEOILM15OCT269850CE,220.1,10,SELL_AGGRESSOR,14880,3280
2026-09-24 15:23:07.587,CRUDEOIL,CE,9400.0,CRUDEOIL15OCT269400CE,339.7,200,SELL_AGGRESSOR,366000,81900
2026-09-24 15:23:07.587,CRUDEOIL,CE,9500.0,CRUDEOIL15OCT269500CE,306.8,800,SELL_AGGRESSOR,1412100,588300
2026-09-24 15:23:07.587,CRUDEOILM,FUT,0.0,CRUDEOILM19OCT26FUT,9006.0,10,SELL_AGGRESSOR,565740,412920
2026-09-24 15:23:07.587,CRUDEOILM,CE,9500.0,CRUDEOILM15OCT269500CE,314.25,10,BUY_AGGRESSOR,168090,75620
2026-09-24 15:23:07.587,CRUDEOILM,CE,9800.0,CRUDEOILM15OCT269800CE,230.5,10,SELL_AGGRESSOR,98460,36210
2026-09-24 15:23:11.132,CRUDEOIL,CE,9500.0,CRUDEOIL15OCT269500CE,306.7,500,SELL,1412600,588400
2026-09-24 15:23:11.132,CRUDEOIL,CE,9800.0,CRUDEOIL15OCT269800CE,228.1,200,SELL_AGGRESSOR,293800,107400
2026-09-24 15:23:11.132,CRUDEOILM,FUT,0.0,CRUDEOILM19OCT26FUT,9006.0,40,SELL_AGGRESSOR,565780,412920
2026-09-24 15:23:11.132,CRUDEOILM,CE,9500.0,CRUDEOILM15OCT269500CE,313.75,290,SELL_AGGRESSOR,168380,75890
2026-09-24 15:23:11.132,CRUDEOILM,CE,9600.0,CRUDEOILM15OCT269600CE,283.9,10,BUY,65850,13870
2026-09-24 15:23:14.764,CRUDEOIL,CE,9500.0,CRUDEOIL15OCT269500CE,307.0,900,BUY,1413500,588400
2026-09-24 15:23:14.764,CRUDEOIL,CE,9700.0,CRUDEOIL15OCT269700CE,251.8,100,BUY_AGGRESSOR,433200,45400
2026-09-24 15:23:14.764,CRUDEOILM,FUT,0.0,CRUDEOILM19OCT26FUT,9007.0,60,BUY_AGGRESSOR,565840,412990
2026-09-24 15:23:18.330,CRUDEOIL,CE,9500.0,CRUDEOIL15OCT269500CE,306.5,500,SELL_AGGRESSOR,1414000,588100
2026-09-24 15:23:18.330,CRUDEOIL,CE,9600.0,CRUDEOIL15OCT269600CE,278.0,100,SELL_AGGRESSOR,249200,66000
2026-09-24 15:23:18.330,CRUDEOILM,FUT,0.0,CRUDEOILM19OCT26FUT,9007.0,210,INSIDE,566050,412950
2026-09-24 15:23:18.330,CRUDEOILM,CE,9400.0,CRUDEOILM15OCT269400CE,346.5,40,BUY_AGGRESSOR,64040,36010
2026-09-24 15:23:18.330,CRUDEOILM,CE,9450.0,CRUDEOILM15OCT269450CE,329.45,20,SELL_AGGRESSOR,37140,15480
2026-09-24 15:23:18.330,CRUDEOILM,CE,9500.0,CRUDEOILM15OCT269500CE,312.8,40,SELL_AGGRESSOR,168420,75890
2026-09-24 15:23:18.330,CRUDEOILM,CE,9600.0,CRUDEOILM15OCT269600CE,282.8,70,SELL_AGGRESSOR,65920,13860
2026-09-24 15:23:18.330,CRUDEOILM,CE,9850.0,CRUDEOILM15OCT269850CE,218.35,110,SELL_AGGRESSOR,14990,3280
2026-09-24 15:23:21.842,CRUDEOIL,FUT,0.0,CRUDEOIL19OCT26FUT,9009.0,7700,BUY_AGGRESSOR,2025500,1295000
2026-09-24 15:23:21.842,CRUDEOIL,CE,9500.0,CRUDEOIL15OCT269500CE,306.5,300,INSIDE,1414300,588100
2026-09-24 15:23:21.842,CRUDEOIL,CE,9600.0,CRUDEOIL15OCT269600CE,277.9,100,BUY_AGGRESSOR,249300,66000
2026-09-24 15:23:21.842,CRUDEOILM,FUT,0.0,CRUDEOILM19OCT26FUT,9005.0,30,SELL_AGGRESSOR,566080,412950
2026-09-24 15:23:21.842,CRUDEOILM,CE,9600.0,CRUDEOILM15OCT269600CE,283.75,10,BUY_AGGRESSOR,65930,13860
2026-09-24 15:23:21.842,CRUDEOILM,CE,9700.0,CRUDEOILM15OCT269700CE,253.95,30,SELL,66740,16310
2026-09-24 15:23:25.453,CRUDEOILM,FUT,0.0,CRUDEOILM19OCT26FUT,9005.0,130,SELL_AGGRESSOR,566210,412990
2026-09-24 15:23:25.453,CRUDEOILM,CE,9850.0,CRUDEOILM15OCT269850CE,218.95,50,BUY,15040,3280
2026-09-24 15:23:29.208,CRUDEOIL,FUT,0.0,CRUDEOIL19OCT26FUT,9007.0,200,SELL,2025700,1296600
2026-09-24 15:23:29.208,CRUDEOIL,CE,9350.0,CRUDEOIL15OCT269350CE,358.0,100,BUY_AGGRESSOR,100900,24600
2026-09-24 15:23:29.208,CRUDEOIL,CE,9500.0,CRUDEOIL15OCT269500CE,309.1,100,BUY_AGGRESSOR,1414400,588100
2026-09-24 15:23:29.208,CRUDEOIL,CE,9700.0,CRUDEOIL15OCT269700CE,252.6,100,BUY_AGGRESSOR,433300,45500
2026-09-24 15:23:29.208,CRUDEOIL,CE,9800.0,CRUDEOIL15OCT269800CE,228.9,100,BUY_AGGRESSOR,293900,107400
2026-09-24 15:23:29.208,CRUDEOIL,CE,9900.0,CRUDEOIL15OCT269900CE,207.0,200,BUY_AGGRESSOR,219400,38900
2026-09-24 15:23:29.208,CRUDEOILM,FUT,0.0,CRUDEOILM19OCT26FUT,9012.0,240,BUY_AGGRESSOR,566450,413060
2026-09-24 15:23:29.208,CRUDEOILM,CE,9400.0,CRUDEOILM15OCT269400CE,347.05,10,BUY_AGGRESSOR,64050,36010
2026-09-24 15:23:29.208,CRUDEOILM,CE,9450.0,CRUDEOILM15OCT269450CE,332.15,90,BUY_AGGRESSOR,37230,15570
2026-09-24 15:23:29.208,CRUDEOILM,CE,9500.0,CRUDEOILM15OCT269500CE,315.5,350,BUY_AGGRESSOR,168770,75860
2026-09-24 15:23:29.208,CRUDEOILM,CE,9600.0,CRUDEOILM15OCT269600CE,285.25,130,BUY_AGGRESSOR,66060,13820
2026-09-24 15:23:29.208,CRUDEOILM,CE,9700.0,CRUDEOILM15OCT269700CE,255.35,20,BUY_AGGRESSOR,66760,16310
2026-09-24 15:23:29.208,CRUDEOILM,CE,9800.0,CRUDEOILM15OCT269800CE,231.85,10,BUY_AGGRESSOR,98470,36210
2026-09-24 15:23:32.779,CRUDEOIL,FUT,0.0,CRUDEOIL19OCT26FUT,9012.0,2300,BUY_AGGRESSOR,2028000,1298400
2026-09-24 15:23:32.779,CRUDEOIL,PE,9400.0,CRUDEOIL15OCT269400PE,726.0,100,SELL_AGGRESSOR,6400,16100
2026-09-24 15:23:32.779,CRUDEOIL,CE,9450.0,CRUDEOIL15OCT269450CE,323.8,100,SELL,74200,23400
2026-09-24 15:23:32.779,CRUDEOIL,CE,9800.0,CRUDEOIL15OCT269800CE,229.0,100,BUY_AGGRESSOR,294000,107300
2026-09-24 15:23:32.779,CRUDEOILM,FUT,0.0,CRUDEOILM19OCT26FUT,9012.0,130,INSIDE,566580,413140
2026-09-24 15:23:32.779,CRUDEOILM,CE,9700.0,CRUDEOILM15OCT269700CE,257.75,20,BUY_AGGRESSOR,66780,16310
2026-09-24 15:23:36.368,CRUDEOIL,FUT,0.0,CRUDEOIL19OCT26FUT,9012.0,100,SELL_AGGRESSOR,2028100,1298500
2026-09-24 15:23:36.368,CRUDEOIL,CE,9500.0,CRUDEOIL15OCT269500CE,309.5,100,BUY,1414500,588100
2026-09-24 15:23:36.368,CRUDEOILM,FUT,0.0,CRUDEOILM19OCT26FUT,9011.0,10,SELL_AGGRESSOR,566590,413150
2026-09-24 15:23:36.368,CRUDEOILM,CE,9400.0,CRUDEOILM15OCT269400CE,348.1,20,SELL_AGGRESSOR,64070,36020
2026-09-24 15:23:39.957,CRUDEOIL,CE,9750.0,CRUDEOIL15OCT269750CE,240.2,200,BUY,55000,13200
2026-09-24 15:23:39.957,CRUDEOILM,FUT,0.0,CRUDEOILM19OCT26FUT,9010.0,10,SELL_AGGRESSOR,566600,413150
2026-09-24 15:23:43.476,CRUDEOIL,FUT,0.0,CRUDEOIL19OCT26FUT,9010.0,3500,SELL_AGGRESSOR,2031600,1300300
2026-09-24 15:23:43.476,CRUDEOIL,CE,9500.0,CRUDEOIL15OCT269500CE,309.1,100,BUY_AGGRESSOR,1414600,588100
2026-09-24 15:23:43.476,CRUDEOIL,CE,9550.0,CRUDEOIL15OCT269550CE,295.0,100,BUY_AGGRESSOR,74500,16100
2026-09-24 15:23:43.476,CRUDEOIL,CE,9800.0,CRUDEOIL15OCT269800CE,228.9,100,SELL_AGGRESSOR,294100,107200
2026-09-24 15:23:43.476,CRUDEOILM,FUT,0.0,CRUDEOILM19OCT26FUT,9010.0,150,SELL_AGGRESSOR,566750,413080
2026-09-24 15:23:43.476,CRUDEOILM,PE,9500.0,CRUDEOILM15OCT269500PE,796.55,10,SELL,6290,11460
2026-09-24 15:23:47.051,CRUDEOIL,FUT,0.0,CRUDEOIL19OCT26FUT,9010.0,200,SELL_AGGRESSOR,2031800,1301700
2026-09-24 15:23:47.051,CRUDEOILM,FUT,0.0,CRUDEOILM19OCT26FUT,9010.0,20,SELL_AGGRESSOR,566770,413080
2026-09-24 15:23:47.051,CRUDEOILM,CE,9500.0,CRUDEOILM15OCT269500CE,314.75,100,SELL_AGGRESSOR,168870,75800
2026-09-24 15:23:47.051,CRUDEOILM,PE,9500.0,CRUDEOILM15OCT269500PE,796.8,30,BUY,6320,11490
2026-09-24 15:23:50.565,CRUDEOIL,FUT,0.0,CRUDEOIL19OCT26FUT,9012.0,100,BUY_AGGRESSOR,2031900,1301700
2026-09-24 15:23:50.565,CRUDEOILM,CE,9600.0,CRUDEOILM15OCT269600CE,286.2,10,BUY_AGGRESSOR,66070,13880
2026-09-24 15:23:54.146,CRUDEOIL,CE,9500.0,CRUDEOIL15OCT269500CE,309.0,200,SELL,1414800,587900
2026-09-24 15:23:54.146,CRUDEOILM,FUT,0.0,CRUDEOILM19OCT26FUT,9011.0,70,SELL_AGGRESSOR,566840,413150
2026-09-24 15:23:54.146,CRUDEOILM,CE,9500.0,CRUDEOILM15OCT269500CE,316.0,100,BUY_AGGRESSOR,168970,75800
2026-09-24 15:23:57.701,CRUDEOIL,CE,9700.0,CRUDEOIL15OCT269700CE,252.5,200,SELL_AGGRESSOR,433500,45400
2026-09-24 15:23:57.701,CRUDEOILM,CE,9500.0,CRUDEOILM15OCT269500CE,315.25,110,SELL_AGGRESSOR,169080,75790
2026-09-24 15:24:01.211,CRUDEOIL,FUT,0.0,CRUDEOIL19OCT26FUT,9011.0,700,SELL,2032600,1301200
2026-09-24 15:24:01.211,CRUDEOIL,CE,9350.0,CRUDEOIL15OCT269350CE,358.2,400,SELL_AGGRESSOR,101300,24600
2026-09-24 15:24:01.211,CRUDEOIL,CE,9500.0,CRUDEOIL15OCT269500CE,309.0,100,SELL_AGGRESSOR,1414900,588000
2026-09-24 15:24:01.211,CRUDEOILM,FUT,0.0,CRUDEOILM19OCT26FUT,9008.0,140,SELL_AGGRESSOR,566980,413240
2026-09-24 15:24:04.788,CRUDEOIL,CE,9500.0,CRUDEOIL15OCT269500CE,309.0,100,BUY_AGGRESSOR,1415000,588100
2026-09-24 15:24:04.788,CRUDEOIL,CE,9700.0,CRUDEOIL15OCT269700CE,251.7,100,SELL_AGGRESSOR,433600,45400
2026-09-24 15:24:04.788,CRUDEOILM,FUT,0.0,CRUDEOILM19OCT26FUT,9007.0,40,SELL_AGGRESSOR,567020,413280
2026-09-24 15:24:08.245,CRUDEOIL,FUT,0.0,CRUDEOIL19OCT26FUT,9009.0,100,BUY_AGGRESSOR,2032700,1301100
2026-09-24 15:24:08.245,CRUDEOIL,CE,9500.0,CRUDEOIL15OCT269500CE,308.1,300,BUY_AGGRESSOR,1415300,587900
2026-09-24 15:24:08.245,CRUDEOILM,FUT,0.0,CRUDEOILM19OCT26FUT,9009.0,40,BUY_AGGRESSOR,567060,413300
2026-09-24 15:24:08.245,CRUDEOILM,CE,9450.0,CRUDEOILM15OCT269450CE,331.6,100,SELL,37330,15550
2026-09-24 15:24:08.245,CRUDEOILM,CE,9700.0,CRUDEOILM15OCT269700CE,256.4,20,SELL,66800,16310
2026-09-24 15:24:11.922,CRUDEOIL,CE,9500.0,CRUDEOIL15OCT269500CE,308.6,700,BUY_AGGRESSOR,1416000,587500
2026-09-24 15:24:11.922,CRUDEOIL,CE,9600.0,CRUDEOIL15OCT269600CE,279.6,100,BUY_AGGRESSOR,249400,65900
2026-09-24 15:24:11.922,CRUDEOILM,FUT,0.0,CRUDEOILM19OCT26FUT,9011.0,140,BUY_AGGRESSOR,567200,413310
2026-09-24 15:24:11.922,CRUDEOILM,CE,9500.0,CRUDEOILM15OCT269500CE,317.1,140,BUY_AGGRESSOR,169220,75790
2026-09-24 15:24:11.922,CRUDEOILM,CE,9600.0,CRUDEOILM15OCT269600CE,285.85,90,BUY_AGGRESSOR,66160,13970
2026-09-24 15:24:11.922,CRUDEOILM,CE,9800.0,CRUDEOILM15OCT269800CE,232.05,10,BUY_AGGRESSOR,98480,36210
2026-09-24 15:24:15.405,CRUDEOIL,FUT,0.0,CRUDEOIL19OCT26FUT,9013.0,200,BUY,2032900,1300900
2026-09-24 15:24:15.405,CRUDEOIL,CE,9500.0,CRUDEOIL15OCT269500CE,309.1,400,BUY,1416400,587100
2026-09-24 15:24:15.405,CRUDEOIL,CE,9550.0,CRUDEOIL15OCT269550CE,294.0,100,SELL,74600,16100
2026-09-24 15:24:15.405,CRUDEOILM,FUT,0.0,CRUDEOILM19OCT26FUT,9012.0,20,BUY_AGGRESSOR,567220,413350
2026-09-24 15:24:15.405,CRUDEOILM,CE,9500.0,CRUDEOILM15OCT269500CE,317.05,10,BUY_AGGRESSOR,169230,75790
2026-09-24 15:24:18.979,CRUDEOIL,FUT,0.0,CRUDEOIL19OCT26FUT,9015.0,100,BUY_AGGRESSOR,2033000,1300900
2026-09-24 15:24:18.979,CRUDEOIL,CE,9500.0,CRUDEOIL15OCT269500CE,311.2,200,BUY_AGGRESSOR,1416600,587000
2026-09-24 15:24:18.979,CRUDEOIL,CE,9800.0,CRUDEOIL15OCT269800CE,230.1,300,BUY,294400,107200
2026-09-24 15:24:18.979,CRUDEOIL,CE,9900.0,CRUDEOIL15OCT269900CE,208.6,100,BUY_AGGRESSOR,219500,38900
2026-09-24 15:24:18.979,CRUDEOILM,FUT,0.0,CRUDEOILM19OCT26FUT,9015.0,200,BUY_AGGRESSOR,567420,413540
2026-09-24 15:24:18.979,CRUDEOILM,CE,9500.0,CRUDEOILM15OCT269500CE,317.35,100,BUY_AGGRESSOR,169330,75890
2026-09-24 15:24:18.979,CRUDEOILM,CE,9600.0,CRUDEOILM15OCT269600CE,287.75,120,BUY_AGGRESSOR,66280,14080
2026-09-24 15:24:18.979,CRUDEOILM,CE,9700.0,CRUDEOILM15OCT269700CE,258.4,50,BUY_AGGRESSOR,66850,16310
2026-09-24 15:24:22.449,CRUDEOIL,FUT,0.0,CRUDEOIL19OCT26FUT,9018.0,300,BUY,2033300,1300900
2026-09-24 15:24:22.449,CRUDEOILM,CE,9400.0,CRUDEOILM15OCT269400CE,349.2,10,SELL_AGGRESSOR,64080,36030
2026-09-24 15:24:26.011,CRUDEOIL,FUT,0.0,CRUDEOIL19OCT26FUT,9016.0,100,SELL_AGGRESSOR,2033400,1300900
2026-09-24 15:24:26.011,CRUDEOIL,CE,9500.0,CRUDEOIL15OCT269500CE,311.0,300,BUY_AGGRESSOR,1416900,587400
2026-09-24 15:24:26.011,CRUDEOIL,CE,9600.0,CRUDEOIL15OCT269600CE,282.0,100,BUY_AGGRESSOR,249500,66000
2026-09-24 15:24:26.011,CRUDEOILM,FUT,0.0,CRUDEOILM19OCT26FUT,9015.0,60,SELL_AGGRESSOR,567480,413580
2026-09-24 15:24:29.528,CRUDEOIL,PE,9500.0,CRUDEOIL15OCT269500PE,789.3,500,BUY_AGGRESSOR,84200,98900
2026-09-24 15:24:29.528,CRUDEOIL,CE,9950.0,CRUDEOIL15OCT269950CE,197.3,100,SELL_AGGRESSOR,38400,8700
2026-09-24 15:24:29.528,CRUDEOILM,FUT,0.0,CRUDEOILM19OCT26FUT,9017.0,130,BUY_AGGRESSOR,567610,413630
2026-09-24 15:24:29.528,CRUDEOILM,CE,9600.0,CRUDEOILM15OCT269600CE,287.65,10,SELL,66290,14080
2026-09-24 15:24:33.039,CRUDEOIL,CE,9800.0,CRUDEOIL15OCT269800CE,231.0,300,BUY_AGGRESSOR,294700,107400
2026-09-24 15:24:33.039,CRUDEOIL,CE,9950.0,CRUDEOIL15OCT269950CE,198.6,100,BUY_AGGRESSOR,38500,8800
2026-09-24 15:24:33.039,CRUDEOILM,CE,9900.0,CRUDEOILM15OCT269900CE,211.55,10,BUY_AGGRESSOR,184340,34020
2026-09-24 15:24:36.522,CRUDEOIL,FUT,0.0,CRUDEOIL19OCT26FUT,9018.0,200,BUY_AGGRESSOR,2033600,1300800
2026-09-24 15:24:36.522,CRUDEOIL,CE,9500.0,CRUDEOIL15OCT269500CE,310.5,200,BUY_AGGRESSOR,1417100,587600
2026-09-24 15:24:36.522,CRUDEOILM,FUT,0.0,CRUDEOILM19OCT26FUT,9017.0,10,BUY_AGGRESSOR,567620,413640
2026-09-24 15:24:36.522,CRUDEOILM,CE,9450.0,CRUDEOILM15OCT269450CE,335.45,50,BUY_AGGRESSOR,37380,15600
2026-09-24 15:24:36.522,CRUDEOILM,CE,9500.0,CRUDEOILM15OCT269500CE,317.35,20,BUY_AGGRESSOR,169350,75890
2026-09-24 15:24:40.179,CRUDEOIL,CE,9500.0,CRUDEOIL15OCT269500CE,311.2,2800,BUY_AGGRESSOR,1419900,584900
2026-09-24 15:24:40.179,CRUDEOIL,CE,9850.0,CRUDEOIL15OCT269850CE,220.0,100,BUY_AGGRESSOR,44100,12200
2026-09-24 15:24:40.179,CRUDEOIL,CE,9900.0,CRUDEOIL15OCT269900CE,209.0,100,BUY_AGGRESSOR,219600,38900
2026-09-24 15:24:40.179,CRUDEOILM,FUT,0.0,CRUDEOILM19OCT26FUT,9023.0,140,BUY_AGGRESSOR,567760,413680
2026-09-24 15:24:40.179,CRUDEOILM,CE,9900.0,CRUDEOILM15OCT269900CE,213.3,30,BUY_AGGRESSOR,184370,34020
2026-09-24 15:24:43.847,CRUDEOIL,CE,9700.0,CRUDEOIL15OCT269700CE,256.3,100,BUY_AGGRESSOR,433700,45400
2026-09-24 15:24:43.847,CRUDEOILM,FUT,0.0,CRUDEOILM19OCT26FUT,9023.0,10,BUY_AGGRESSOR,567770,413680
2026-09-24 15:24:47.805,CRUDEOIL,FUT,0.0,CRUDEOIL19OCT26FUT,9020.0,700,SELL_AGGRESSOR,2034300,1300800
2026-09-24 15:24:47.805,CRUDEOIL,CE,9800.0,CRUDEOIL15OCT269800CE,232.0,100,BUY,294800,107500
2026-09-24 15:24:47.805,CRUDEOILM,FUT,0.0,CRUDEOILM19OCT26FUT,9020.0,70,SELL_AGGRESSOR,567840,413680
2026-09-24 15:24:51.428,CRUDEOIL,CE,9400.0,CRUDEOIL15OCT269400CE,345.1,300,BUY,366300,81800
2026-09-24 15:24:51.428,CRUDEOIL,CE,9500.0,CRUDEOIL15OCT269500CE,310.3,700,SELL_AGGRESSOR,1420600,584600
2026-09-24 15:24:51.428,CRUDEOIL,CE,9700.0,CRUDEOIL15OCT269700CE,256.3,500,BUY_AGGRESSOR,434200,45700
2026-09-24 15:24:51.428,CRUDEOILM,FUT,0.0,CRUDEOILM19OCT26FUT,9018.0,150,SELL_AGGRESSOR,567990,413690
2026-09-24 15:24:51.428,CRUDEOILM,CE,9450.0,CRUDEOILM15OCT269450CE,336.05,20,SELL_AGGRESSOR,37400,15610
2026-09-24 15:24:51.428,CRUDEOILM,CE,9500.0,CRUDEOILM15OCT269500CE,319.5,90,BUY,169440,75980
2026-09-24 15:24:51.428,CRUDEOILM,CE,9700.0,CRUDEOILM15OCT269700CE,260.8,20,BUY,66870,16310
2026-09-24 15:24:51.428,CRUDEOILM,CE,9850.0,CRUDEOILM15OCT269850CE,225.0,40,BUY_AGGRESSOR,15080,3280
2026-09-24 15:24:51.428,CRUDEOILM,CE,9900.0,CRUDEOILM15OCT269900CE,213.15,50,SELL,184420,34020
2026-09-24 15:24:54.910,CRUDEOILM,FUT,0.0,CRUDEOILM19OCT26FUT,9020.0,50,BUY_AGGRESSOR,568040,413680
2026-09-24 15:24:54.910,CRUDEOILM,CE,9700.0,CRUDEOILM15OCT269700CE,259.85,40,SELL,66910,16310
2026-09-24 15:24:58.584,CRUDEOIL,FUT,0.0,CRUDEOIL19OCT26FUT,9020.0,100,SELL_AGGRESSOR,2034400,1300600
2026-09-24 15:24:58.584,CRUDEOILM,FUT,0.0,CRUDEOILM19OCT26FUT,9021.0,70,BUY_AGGRESSOR,568110,413680
2026-09-24 15:24:58.584,CRUDEOILM,CE,9500.0,CRUDEOILM15OCT269500CE,318.6,10,BUY_AGGRESSOR,169450,75980
2026-09-24 15:24:58.584,CRUDEOILM,CE,9800.0,CRUDEOILM15OCT269800CE,235.15,10,BUY_AGGRESSOR,98490,36210
2026-09-24 15:24:58.584,CRUDEOILM,CE,9850.0,CRUDEOILM15OCT269850CE,223.45,10,SELL,15090,3280
2026-09-24 15:25:02.181,CRUDEOIL,FUT,0.0,CRUDEOIL19OCT26FUT,9020.0,100,SELL_AGGRESSOR,2034500,1300600
2026-09-24 15:25:02.181,CRUDEOILM,CE,9650.0,CRUDEOILM15OCT269650CE,272.45,30,SELL_AGGRESSOR,17130,2990
2026-09-24 15:25:05.789,CRUDEOIL,CE,9400.0,CRUDEOIL15OCT269400CE,344.8,100,SELL,366400,81800
2026-09-24 15:25:05.789,CRUDEOIL,CE,9700.0,CRUDEOIL15OCT269700CE,255.1,100,SELL,434300,45700
2026-09-24 15:25:05.789,CRUDEOILM,CE,9850.0,CRUDEOILM15OCT269850CE,224.35,10,BUY,15100,3280
2026-09-24 15:25:09.393,CRUDEOIL,FUT,0.0,CRUDEOIL19OCT26FUT,9020.0,200,BUY_AGGRESSOR,2034700,1300700
2026-09-24 15:25:09.393,CRUDEOIL,CE,9400.0,CRUDEOIL15OCT269400CE,344.3,100,SELL,366500,81800
2026-09-24 15:25:09.393,CRUDEOIL,CE,9500.0,CRUDEOIL15OCT269500CE,311.7,400,BUY_AGGRESSOR,1421000,584500
2026-09-24 15:25:09.393,CRUDEOIL,PE,9500.0,CRUDEOIL15OCT269500PE,786.0,400,SELL_AGGRESSOR,84600,98900
2026-09-24 15:25:09.393,CRUDEOIL,CE,9600.0,CRUDEOIL15OCT269600CE,282.2,100,BUY,249600,65900
2026-09-24 15:25:09.393,CRUDEOILM,FUT,0.0,CRUDEOILM19OCT26FUT,9021.0,20,BUY_AGGRESSOR,568130,413690
2026-09-24 15:25:12.901,CRUDEOIL,FUT,0.0,CRUDEOIL19OCT26FUT,9018.0,500,SELL_AGGRESSOR,2035200,1300500
2026-09-24 15:25:12.901,CRUDEOIL,CE,9800.0,CRUDEOIL15OCT269800CE,231.0,100,SELL_AGGRESSOR,294900,107600
2026-09-24 15:25:12.901,CRUDEOILM,FUT,0.0,CRUDEOILM19OCT26FUT,9020.0,20,SELL_AGGRESSOR,568150,413700
2026-09-24 15:25:12.901,CRUDEOILM,CE,9800.0,CRUDEOILM15OCT269800CE,234.75,10,SELL_AGGRESSOR,98500,36200
2026-09-24 15:25:16.442,CRUDEOIL,FUT,0.0,CRUDEOIL19OCT26FUT,9018.0,200,INSIDE,2035400,1300500
2026-09-24 15:25:16.442,CRUDEOIL,CE,9500.0,CRUDEOIL15OCT269500CE,310.5,400,SELL_AGGRESSOR,1421400,584500
2026-09-24 15:25:16.442,CRUDEOIL,CE,9600.0,CRUDEOIL15OCT269600CE,282.0,100,SELL_AGGRESSOR,249700,66000
2026-09-24 15:25:16.442,CRUDEOIL,CE,9800.0,CRUDEOIL15OCT269800CE,231.6,200,BUY_AGGRESSOR,295100,107800
2026-09-24 15:25:16.442,CRUDEOIL,CE,9950.0,CRUDEOIL15OCT269950CE,199.6,100,BUY_AGGRESSOR,38600,8800
2026-09-24 15:25:16.442,CRUDEOILM,FUT,0.0,CRUDEOILM19OCT26FUT,9017.0,90,SELL_AGGRESSOR,568240,413790
2026-09-24 15:25:20.010,CRUDEOIL,CE,9500.0,CRUDEOIL15OCT269500CE,310.1,600,SELL_AGGRESSOR,1422000,584600
2026-09-24 15:25:20.010,CRUDEOIL,CE,9900.0,CRUDEOIL15OCT269900CE,209.0,100,SELL_AGGRESSOR,219700,39000
2026-09-24 15:25:20.010,CRUDEOILM,FUT,0.0,CRUDEOILM19OCT26FUT,9020.0,60,BUY_AGGRESSOR,568300,413730
2026-09-24 15:25:20.010,CRUDEOILM,CE,9550.0,CRUDEOILM15OCT269550CE,302.1,10,SELL,23170,4030
2026-09-24 15:25:20.010,CRUDEOILM,CE,9600.0,CRUDEOILM15OCT269600CE,288.6,50,BUY_AGGRESSOR,66340,14080
2026-09-24 15:25:23.653,CRUDEOIL,CE,9500.0,CRUDEOIL15OCT269500CE,310.8,100,BUY_AGGRESSOR,1422100,584500
2026-09-24 15:25:23.653,CRUDEOILM,CE,9500.0,CRUDEOILM15OCT269500CE,317.6,50,SELL,169500,75960
2026-09-24 15:25:23.653,CRUDEOILM,PE,9500.0,CRUDEOILM15OCT269500PE,793.8,90,BUY_AGGRESSOR,6410,11550
2026-09-24 15:25:23.653,CRUDEOILM,CE,9700.0,CRUDEOILM15OCT269700CE,259.35,10,BUY_AGGRESSOR,66920,16310
2026-09-24 15:25:27.216,CRUDEOIL,CE,9500.0,CRUDEOIL15OCT269500CE,311.2,100,BUY,1422200,584600
2026-09-24 15:25:27.216,CRUDEOILM,FUT,0.0,CRUDEOILM19OCT26FUT,9020.0,10,BUY_AGGRESSOR,568310,413740
2026-09-24 15:25:27.216,CRUDEOILM,CE,9900.0,CRUDEOILM15OCT269900CE,212.15,80,SELL,184500,34030
2026-09-24 15:25:30.818,CRUDEOILM,CE,9500.0,CRUDEOILM15OCT269500CE,318.7,230,BUY_AGGRESSOR,169730,76090
2026-09-24 15:25:30.818,CRUDEOILM,CE,9700.0,CRUDEOILM15OCT269700CE,259.6,20,BUY_AGGRESSOR,66940,16310
2026-09-24 15:25:34.451,CRUDEOILM,FUT,0.0,CRUDEOILM19OCT26FUT,9017.0,20,SELL_AGGRESSOR,568330,413760
2026-09-24 15:25:34.451,CRUDEOILM,CE,9900.0,CRUDEOILM15OCT269900CE,212.35,10,BUY_AGGRESSOR,184510,34030
2026-09-24 15:25:38.001,CRUDEOILM,CE,9450.0,CRUDEOILM15OCT269450CE,335.9,100,BUY_AGGRESSOR,37500,15640
2026-09-24 15:25:38.001,CRUDEOILM,CE,9550.0,CRUDEOILM15OCT269550CE,302.8,10,BUY_AGGRESSOR,23180,4030
2026-09-24 15:25:41.669,CRUDEOIL,CE,9500.0,CRUDEOIL15OCT269500CE,311.1,300,SELL,1422500,584500
2026-09-24 15:25:41.669,CRUDEOIL,CE,9700.0,CRUDEOIL15OCT269700CE,255.9,100,BUY_AGGRESSOR,434400,45800
2026-09-24 15:25:41.669,CRUDEOILM,CE,9500.0,CRUDEOILM15OCT269500CE,318.6,120,BUY_AGGRESSOR,169850,76090
2026-09-24 15:25:41.669,CRUDEOILM,CE,9700.0,CRUDEOILM15OCT269700CE,260.0,30,BUY_AGGRESSOR,66970,16310
2026-09-24 15:25:45.243,CRUDEOIL,FUT,0.0,CRUDEOIL19OCT26FUT,9020.0,100,BUY_AGGRESSOR,2035500,1300600
2026-09-24 15:25:45.243,CRUDEOIL,CE,9500.0,CRUDEOIL15OCT269500CE,311.1,100,INSIDE,1422600,584600
2026-09-24 15:25:45.243,CRUDEOIL,CE,9700.0,CRUDEOIL15OCT269700CE,255.5,100,SELL,434500,45700
2026-09-24 15:25:45.243,CRUDEOILM,FUT,0.0,CRUDEOILM19OCT26FUT,9020.0,100,BUY_AGGRESSOR,568430,413850
2026-09-24 15:25:45.243,CRUDEOILM,CE,9400.0,CRUDEOILM15OCT269400CE,350.75,10,BUY_AGGRESSOR,64090,36030
2026-09-24 15:25:45.243,CRUDEOILM,CE,9500.0,CRUDEOILM15OCT269500CE,317.8,40,SELL_AGGRESSOR,169890,76090
2026-09-24 15:25:48.830,CRUDEOIL,CE,9500.0,CRUDEOIL15OCT269500CE,311.5,200,BUY_AGGRESSOR,1422800,584700
2026-09-24 15:25:48.830,CRUDEOILM,CE,9400.0,CRUDEOILM15OCT269400CE,349.4,100,SELL_AGGRESSOR,64190,36030
2026-09-24 15:25:48.830,CRUDEOILM,CE,9500.0,CRUDEOILM15OCT269500CE,318.25,120,BUY,170010,76060
2026-09-24 15:25:48.830,CRUDEOILM,CE,9650.0,CRUDEOILM15OCT269650CE,273.65,10,BUY,17140,3000
2026-09-24 15:25:52.316,CRUDEOIL,FUT,0.0,CRUDEOIL19OCT26FUT,9018.0,200,SELL_AGGRESSOR,2035700,1300500
2026-09-24 15:25:52.316,CRUDEOIL,CE,9450.0,CRUDEOIL15OCT269450CE,328.4,100,BUY_AGGRESSOR,74300,23500
2026-09-24 15:25:52.316,CRUDEOILM,FUT,0.0,CRUDEOILM19OCT26FUT,9018.0,20,SELL_AGGRESSOR,568450,413850
2026-09-24 15:25:52.316,CRUDEOILM,CE,9500.0,CRUDEOILM15OCT269500CE,318.4,50,BUY_AGGRESSOR,170060,76080
2026-09-24 15:25:52.316,CRUDEOILM,CE,9600.0,CRUDEOILM15OCT269600CE,288.0,10,SELL_AGGRESSOR,66350,14090
2026-09-24 15:25:52.316,CRUDEOILM,CE,9700.0,CRUDEOILM15OCT269700CE,259.55,10,BUY_AGGRESSOR,66980,16310
2026-09-24 15:25:55.990,CRUDEOIL,CE,9500.0,CRUDEOIL15OCT269500CE,311.1,100,SELL,1422900,584800
2026-09-24 15:25:55.990,CRUDEOIL,CE,9800.0,CRUDEOIL15OCT269800CE,231.6,100,INSIDE,295200,107900
2026-09-24 15:25:59.515,CRUDEOIL,CE,9450.0,CRUDEOIL15OCT269450CE,328.3,100,BUY_AGGRESSOR,74400,23500
2026-09-24 15:25:59.515,CRUDEOILM,CE,9600.0,CRUDEOILM15OCT269600CE,287.85,10,SELL,66360,14090
2026-09-24 15:26:03.134,CRUDEOIL,CE,9500.0,CRUDEOIL15OCT269500CE,311.8,300,BUY_AGGRESSOR,1423200,584800
2026-09-24 15:26:03.134,CRUDEOIL,CE,9700.0,CRUDEOIL15OCT269700CE,255.6,100,BUY,434600,45700
2026-09-24 15:26:03.134,CRUDEOILM,FUT,0.0,CRUDEOILM19OCT26FUT,9017.0,20,SELL_AGGRESSOR,568470,413870
2026-09-24 15:26:06.707,CRUDEOIL,CE,9400.0,CRUDEOIL15OCT269400CE,344.2,100,SELL,366600,81900
2026-09-24 15:26:06.707,CRUDEOIL,CE,9500.0,CRUDEOIL15OCT269500CE,311.4,200,SELL,1423400,584700
2026-09-24 15:26:06.707,CRUDEOIL,CE,9700.0,CRUDEOIL15OCT269700CE,255.6,100,INSIDE,434700,45700
2026-09-24 15:26:06.707,CRUDEOIL,CE,9800.0,CRUDEOIL15OCT269800CE,231.6,100,SELL_AGGRESSOR,295300,107800
2026-09-24 15:26:06.707,CRUDEOILM,FUT,0.0,CRUDEOILM19OCT26FUT,9021.0,100,BUY_AGGRESSOR,568570,413930
2026-09-24 15:26:06.707,CRUDEOILM,CE,9500.0,CRUDEOILM15OCT269500CE,317.85,100,SELL_AGGRESSOR,170160,76140
2026-09-24 15:26:10.349,CRUDEOIL,FUT,0.0,CRUDEOIL19OCT26FUT,9023.0,400,BUY_AGGRESSOR,2036100,1300500
2026-09-24 15:26:10.349,CRUDEOIL,CE,9400.0,CRUDEOIL15OCT269400CE,345.0,100,BUY_AGGRESSOR,366700,81800
2026-09-24 15:26:10.349,CRUDEOIL,CE,9500.0,CRUDEOIL15OCT269500CE,312.0,1700,BUY_AGGRESSOR,1425100,583300
2026-09-24 15:26:10.349,CRUDEOIL,CE,9600.0,CRUDEOIL15OCT269600CE,282.8,200,BUY_AGGRESSOR,249900,66000
2026-09-24 15:26:10.349,CRUDEOILM,FUT,0.0,CRUDEOILM19OCT26FUT,9021.0,80,BUY_AGGRESSOR,568650,414030
2026-09-24 15:26:10.349,CRUDEOILM,CE,9500.0,CRUDEOILM15OCT269500CE,317.9,300,SELL_AGGRESSOR,170460,76330
2026-09-24 15:26:13.837,CRUDEOIL,FUT,0.0,CRUDEOIL19OCT26FUT,9023.0,100,BUY_AGGRESSOR,2036200,1300600
2026-09-24 15:26:13.837,CRUDEOIL,CE,9500.0,CRUDEOIL15OCT269500CE,313.0,100,BUY_AGGRESSOR,1425200,583200
2026-09-24 15:26:13.837,CRUDEOIL,PE,9500.0,CRUDEOIL15OCT269500PE,785.4,100,SELL,84700,98900
2026-09-24 15:26:13.837,CRUDEOIL,CE,9750.0,CRUDEOIL15OCT269750CE,244.0,500,BUY_AGGRESSOR,55500,13700
2026-09-24 15:26:13.837,CRUDEOILM,FUT,0.0,CRUDEOILM19OCT26FUT,9022.0,10,BUY_AGGRESSOR,568660,414040
2026-09-24 15:26:13.837,CRUDEOILM,CE,9400.0,CRUDEOILM15OCT269400CE,351.35,80,BUY_AGGRESSOR,64270,36030
2026-09-24 15:26:13.837,CRUDEOILM,CE,9600.0,CRUDEOILM15OCT269600CE,289.35,10,BUY_AGGRESSOR,66370,14090
2026-09-24 15:26:17.531,CRUDEOIL,CE,9400.0,CRUDEOIL15OCT269400CE,345.4,100,SELL_AGGRESSOR,366800,81700
2026-09-24 15:26:17.531,CRUDEOIL,CE,9450.0,CRUDEOIL15OCT269450CE,330.4,100,BUY,74500,23500
2026-09-24 15:26:17.531,CRUDEOIL,CE,9500.0,CRUDEOIL15OCT269500CE,312.5,500,SELL_AGGRESSOR,1425700,583200
2026-09-24 15:26:17.531,CRUDEOIL,CE,9700.0,CRUDEOIL15OCT269700CE,256.5,100,SELL_AGGRESSOR,434800,45700
2026-09-24 15:26:17.531,CRUDEOIL,CE,9800.0,CRUDEOIL15OCT269800CE,232.5,100,SELL_AGGRESSOR,295400,107700
2026-09-24 15:26:17.531,CRUDEOILM,FUT,0.0,CRUDEOILM19OCT26FUT,9024.0,450,BUY_AGGRESSOR,569110,414050
2026-09-24 15:26:17.531,CRUDEOILM,CE,9900.0,CRUDEOILM15OCT269900CE,212.4,20,SELL_AGGRESSOR,184530,34020
2026-09-24 15:26:21.040,CRUDEOIL,FUT,0.0,CRUDEOIL19OCT26FUT,9023.0,400,SELL_AGGRESSOR,2036600,1300300
2026-09-24 15:26:21.040,CRUDEOIL,CE,9350.0,CRUDEOIL15OCT269350CE,363.0,100,BUY,101400,24400
2026-09-24 15:26:21.040,CRUDEOIL,CE,9400.0,CRUDEOIL15OCT269400CE,344.4,500,SELL_AGGRESSOR,367300,81200
2026-09-24 15:26:21.040,CRUDEOIL,CE,9500.0,CRUDEOIL15OCT269500CE,311.6,1100,SELL_AGGRESSOR,1426800,583300
2026-09-24 15:26:21.040,CRUDEOIL,CE,9600.0,CRUDEOIL15OCT269600CE,282.6,100,SELL,250000,66100
2026-09-24 15:26:21.040,CRUDEOIL,CE,9700.0,CRUDEOIL15OCT269700CE,255.6,1900,SELL_AGGRESSOR,436700,44500
2026-09-24 15:26:21.040,CRUDEOIL,CE,9800.0,CRUDEOIL15OCT269800CE,232.3,300,SELL,295700,107700
2026-09-24 15:26:21.040,CRUDEOIL,CE,9900.0,CRUDEOIL15OCT269900CE,209.6,400,SELL_AGGRESSOR,220100,38900
2026-09-24 15:26:21.040,CRUDEOILM,FUT,0.0,CRUDEOILM19OCT26FUT,9020.0,140,SELL_AGGRESSOR,569250,414040
2026-09-24 15:26:21.040,CRUDEOILM,CE,9350.0,CRUDEOILM15OCT269350CE,371.85,50,BUY_AGGRESSOR,32920,17860
2026-09-24 15:26:21.040,CRUDEOILM,CE,9400.0,CRUDEOILM15OCT269400CE,350.6,50,SELL_AGGRESSOR,64320,36030
2026-09-24 15:26:21.040,CRUDEOILM,CE,9450.0,CRUDEOILM15OCT269450CE,335.75,10,SELL_AGGRESSOR,37510,15650
2026-09-24 15:26:21.040,CRUDEOILM,CE,9500.0,CRUDEOILM15OCT269500CE,317.25,210,SELL_AGGRESSOR,170670,76310
2026-09-24 15:26:21.040,CRUDEOILM,CE,9600.0,CRUDEOILM15OCT269600CE,288.7,80,SELL_AGGRESSOR,66450,14080
2026-09-24 15:26:21.040,CRUDEOILM,CE,9700.0,CRUDEOILM15OCT269700CE,259.95,80,BUY,67060,16310
2026-09-24 15:26:21.040,CRUDEOILM,CE,9800.0,CRUDEOILM15OCT269800CE,235.15,30,BUY,98530,36200
2026-09-24 15:26:21.040,CRUDEOILM,CE,9900.0,CRUDEOILM15OCT269900CE,212.65,40,BUY,184570,34020
2026-09-24 15:26:24.630,CRUDEOIL,FUT,0.0,CRUDEOIL19OCT26FUT,9025.0,1400,BUY_AGGRESSOR,2038000,1300400
2026-09-24 15:26:24.630,CRUDEOIL,CE,9350.0,CRUDEOIL15OCT269350CE,363.6,100,BUY_AGGRESSOR,101500,24400
2026-09-24 15:26:24.630,CRUDEOIL,CE,9400.0,CRUDEOIL15OCT269400CE,345.8,800,BUY_AGGRESSOR,368100,81200
2026-09-24 15:26:24.630,CRUDEOIL,CE,9500.0,CRUDEOIL15OCT269500CE,313.0,500,BUY_AGGRESSOR,1427300,583300
2026-09-24 15:26:24.630,CRUDEOIL,CE,9550.0,CRUDEOIL15OCT269550CE,298.3,200,BUY_AGGRESSOR,74800,16100
2026-09-24 15:26:24.630,CRUDEOIL,CE,9700.0,CRUDEOIL15OCT269700CE,256.8,800,BUY_AGGRESSOR,437500,44300
2026-09-24 15:26:24.630,CRUDEOIL,CE,9800.0,CRUDEOIL15OCT269800CE,232.8,200,BUY_AGGRESSOR,295900,107700
2026-09-24 15:26:24.630,CRUDEOIL,CE,9900.0,CRUDEOIL15OCT269900CE,211.0,1000,BUY_AGGRESSOR,221100,39000
2026-09-24 15:26:24.630,CRUDEOILM,FUT,0.0,CRUDEOILM19OCT26FUT,9023.0,570,BUY_AGGRESSOR,569820,414110
2026-09-24 15:26:24.630,CRUDEOILM,CE,9350.0,CRUDEOILM15OCT269350CE,370.75,40,BUY_AGGRESSOR,32960,17840
2026-09-24 15:26:24.630,CRUDEOILM,CE,9400.0,CRUDEOILM15OCT269400CE,351.15,10,BUY_AGGRESSOR,64330,36030
2026-09-24 15:26:24.630,CRUDEOILM,CE,9450.0,CRUDEOILM15OCT269450CE,336.45,30,BUY_AGGRESSOR,37540,15620
2026-09-24 15:26:24.630,CRUDEOILM,CE,9500.0,CRUDEOILM15OCT269500CE,318.75,10,BUY_AGGRESSOR,170680,76400
2026-09-24 15:26:24.630,CRUDEOILM,CE,9550.0,CRUDEOILM15OCT269550CE,302.2,30,SELL_AGGRESSOR,23210,4020
2026-09-24 15:26:24.630,CRUDEOILM,CE,9600.0,CRUDEOILM15OCT269600CE,289.15,50,BUY_AGGRESSOR,66500,13990
2026-09-24 15:26:24.630,CRUDEOILM,CE,9700.0,CRUDEOILM15OCT269700CE,260.3,100,BUY_AGGRESSOR,67160,16310
2026-09-24 15:26:24.630,CRUDEOILM,CE,9800.0,CRUDEOILM15OCT269800CE,235.2,50,BUY_AGGRESSOR,98580,36150
2026-09-24 15:26:24.630,CRUDEOILM,CE,9850.0,CRUDEOILM15OCT269850CE,224.4,20,BUY_AGGRESSOR,15120,3280
2026-09-24 15:26:28.152,CRUDEOIL,FUT,0.0,CRUDEOIL19OCT26FUT,9025.0,400,INSIDE,2038400,1300400
2026-09-24 15:26:28.152,CRUDEOILM,FUT,0.0,CRUDEOILM19OCT26FUT,9025.0,120,BUY_AGGRESSOR,569940,414030
2026-09-24 15:26:28.152,CRUDEOILM,CE,9400.0,CRUDEOILM15OCT269400CE,350.6,10,SELL,64340,36030
2026-09-24 15:26:28.152,CRUDEOILM,CE,9500.0,CRUDEOILM15OCT269500CE,319.5,10,BUY,170690,76400
2026-09-24 15:26:28.152,CRUDEOILM,CE,9700.0,CRUDEOILM15OCT269700CE,260.85,10,BUY_AGGRESSOR,67170,16310
2026-09-24 15:26:31.661,CRUDEOIL,CE,9350.0,CRUDEOIL15OCT269350CE,363.3,100,SELL,101600,24500
2026-09-24 15:26:31.661,CRUDEOIL,CE,9500.0,CRUDEOIL15OCT269500CE,312.6,600,SELL,1427900,583800
2026-09-24 15:26:31.661,CRUDEOIL,CE,9700.0,CRUDEOIL15OCT269700CE,255.6,200,SELL_AGGRESSOR,437700,44200
2026-09-24 15:26:31.661,CRUDEOIL,CE,9850.0,CRUDEOIL15OCT269850CE,220.0,100,SELL_AGGRESSOR,44200,12200
2026-09-24 15:26:31.661,CRUDEOIL,CE,9900.0,CRUDEOIL15OCT269900CE,210.0,100,SELL_AGGRESSOR,221200,39400
2026-09-24 15:26:31.661,CRUDEOIL,CE,9950.0,CRUDEOIL15OCT269950CE,201.3,100,BUY_AGGRESSOR,38700,8800
2026-09-24 15:26:31.661,CRUDEOILM,FUT,0.0,CRUDEOILM19OCT26FUT,9021.0,130,SELL_AGGRESSOR,570070,414040
2026-09-24 15:26:31.661,CRUDEOILM,CE,9400.0,CRUDEOILM15OCT269400CE,350.6,20,SELL_AGGRESSOR,64360,36030
2026-09-24 15:26:31.661,CRUDEOILM,CE,9500.0,CRUDEOILM15OCT269500CE,319.0,60,SELL,170750,76400
2026-09-24 15:26:31.661,CRUDEOILM,CE,9800.0,CRUDEOILM15OCT269800CE,235.0,10,SELL_AGGRESSOR,98590,36140
2026-09-24 15:26:35.171,CRUDEOIL,CE,9950.0,CRUDEOIL15OCT269950CE,200.7,100,BUY_AGGRESSOR,38800,8800
2026-09-24 15:26:35.171,CRUDEOILM,CE,9400.0,CRUDEOILM15OCT269400CE,351.45,110,BUY_AGGRESSOR,64470,36030
2026-09-24 15:26:35.171,CRUDEOILM,CE,9500.0,CRUDEOILM15OCT269500CE,317.65,50,SELL_AGGRESSOR,170800,76400
2026-09-24 15:26:35.171,CRUDEOILM,CE,9700.0,CRUDEOILM15OCT269700CE,259.05,10,SELL_AGGRESSOR,67180,16310
2026-09-24 15:26:35.171,CRUDEOILM,CE,9800.0,CRUDEOILM15OCT269800CE,234.0,40,SELL_AGGRESSOR,98630,36140
2026-09-24 15:26:38.717,CRUDEOIL,CE,9500.0,CRUDEOIL15OCT269500CE,312.3,200,SELL,1428100,584000
2026-09-24 15:26:38.717,CRUDEOIL,CE,9550.0,CRUDEOIL15OCT269550CE,298.0,100,SELL_AGGRESSOR,74900,16200
2026-09-24 15:26:38.717,CRUDEOILM,FUT,0.0,CRUDEOILM19OCT26FUT,9024.0,30,BUY_AGGRESSOR,570100,414040
2026-09-24 15:26:38.717,CRUDEOILM,PE,9500.0,CRUDEOILM15OCT269500PE,788.2,100,SELL,6510,11550
2026-09-24 15:26:42.295,CRUDEOIL,CE,9500.0,CRUDEOIL15OCT269500CE,311.5,100,SELL_AGGRESSOR,1428200,584000
2026-09-24 15:26:42.295,CRUDEOILM,FUT,0.0,CRUDEOILM19OCT26FUT,9021.0,50,SELL_AGGRESSOR,570150,414070
2026-09-24 15:26:42.295,CRUDEOILM,CE,9400.0,CRUDEOILM15OCT269400CE,351.1,10,BUY_AGGRESSOR,64480,36030
2026-09-24 15:26:45.828,CRUDEOIL,FUT,0.0,CRUDEOIL19OCT26FUT,9024.0,100,BUY_AGGRESSOR,2038500,1300400
2026-09-24 15:26:45.828,CRUDEOIL,CE,9500.0,CRUDEOIL15OCT269500CE,312.2,300,BUY,1428500,584300
2026-09-24 15:26:45.828,CRUDEOIL,CE,9800.0,CRUDEOIL15OCT269800CE,232.8,100,SELL_AGGRESSOR,296000,107800
2026-09-24 15:26:45.828,CRUDEOILM,FUT,0.0,CRUDEOILM19OCT26FUT,9020.0,40,SELL_AGGRESSOR,570190,414070
2026-09-24 15:26:45.828,CRUDEOILM,CE,9500.0,CRUDEOILM15OCT269500CE,319.05,80,BUY,170880,76380
2026-09-24 15:26:45.828,CRUDEOILM,CE,9950.0,CRUDEOILM15OCT269950CE,203.0,10,BUY_AGGRESSOR,6900,3090
2026-09-24 15:26:49.463,CRUDEOIL,CE,9500.0,CRUDEOIL15OCT269500CE,312.0,100,SELL,1428600,584400
2026-09-24 15:26:49.463,CRUDEOIL,CE,9600.0,CRUDEOIL15OCT269600CE,282.6,100,SELL_AGGRESSOR,250100,66200
2026-09-24 15:26:49.463,CRUDEOILM,FUT,0.0,CRUDEOILM19OCT26FUT,9020.0,20,SELL_AGGRESSOR,570210,414070
2026-09-24 15:26:49.463,CRUDEOILM,PE,9500.0,CRUDEOILM15OCT269500PE,791.95,40,BUY_AGGRESSOR,6550,11580
2026-09-24 15:26:52.975,CRUDEOIL,FUT,0.0,CRUDEOIL19OCT26FUT,9020.0,100,SELL_AGGRESSOR,2038600,1300300
2026-09-24 15:26:52.975,CRUDEOIL,CE,9500.0,CRUDEOIL15OCT269500CE,311.9,200,BUY_AGGRESSOR,1428800,584600
2026-09-24 15:26:52.975,CRUDEOILM,CE,9800.0,CRUDEOILM15OCT269800CE,233.75,10,SELL_AGGRESSOR,98640,36130
2026-09-24 15:26:56.499,CRUDEOIL,FUT,0.0,CRUDEOIL19OCT26FUT,9019.0,100,BUY_AGGRESSOR,2038700,1300200
2026-09-24 15:26:56.499,CRUDEOIL,CE,9800.0,CRUDEOIL15OCT269800CE,232.5,100,BUY_AGGRESSOR,296100,107900
2026-09-24 15:26:56.499,CRUDEOILM,FUT,0.0,CRUDEOILM19OCT26FUT,9024.0,110,BUY_AGGRESSOR,570320,414070
2026-09-24 15:27:00.090,CRUDEOIL,FUT,0.0,CRUDEOIL19OCT26FUT,9024.0,100,BUY_AGGRESSOR,2038800,1300200
2026-09-24 15:27:00.090,CRUDEOIL,CE,9500.0,CRUDEOIL15OCT269500CE,313.3,1500,BUY_AGGRESSOR,1430300,585600
2026-09-24 15:27:00.090,CRUDEOILM,FUT,0.0,CRUDEOILM19OCT26FUT,9021.0,10,SELL_AGGRESSOR,570330,414080
2026-09-24 15:27:00.090,CRUDEOILM,CE,9450.0,CRUDEOILM15OCT269450CE,336.5,10,BUY_AGGRESSOR,37550,15630
2026-09-24 15:27:00.090,CRUDEOILM,CE,9900.0,CRUDEOILM15OCT269900CE,212.65,10,BUY_AGGRESSOR,184580,34020
2026-09-24 15:27:03.640,CRUDEOIL,FUT,0.0,CRUDEOIL19OCT26FUT,9024.0,100,BUY_AGGRESSOR,2038900,1300200
2026-09-24 15:27:03.640,CRUDEOIL,CE,9500.0,CRUDEOIL15OCT269500CE,313.8,400,BUY_AGGRESSOR,1430700,585300
2026-09-24 15:27:03.640,CRUDEOIL,CE,9800.0,CRUDEOIL15OCT269800CE,234.2,100,BUY_AGGRESSOR,296200,107900
2026-09-24 15:27:03.640,CRUDEOIL,CE,9950.0,CRUDEOIL15OCT269950CE,201.5,100,BUY,38900,8900
2026-09-24 15:27:03.640,CRUDEOILM,FUT,0.0,CRUDEOILM19OCT26FUT,9025.0,180,BUY_AGGRESSOR,570510,414130
2026-09-24 15:27:03.640,CRUDEOILM,CE,9500.0,CRUDEOILM15OCT269500CE,319.85,30,BUY_AGGRESSOR,170910,76380
2026-09-24 15:27:07.208,CRUDEOIL,CE,9500.0,CRUDEOIL15OCT269500CE,313.9,1300,BUY_AGGRESSOR,1432000,585200
2026-09-24 15:27:07.208,CRUDEOIL,CE,9950.0,CRUDEOIL15OCT269950CE,203.0,100,BUY,39000,8900
2026-09-24 15:27:07.208,CRUDEOILM,FUT,0.0,CRUDEOILM19OCT26FUT,9027.0,10,BUY,570520,414250
2026-09-24 15:27:07.208,CRUDEOILM,CE,9350.0,CRUDEOILM15OCT269350CE,372.6,10,SELL_AGGRESSOR,32970,17820
2026-09-24 15:27:10.839,CRUDEOIL,CE,9500.0,CRUDEOIL15OCT269500CE,314.9,900,BUY_AGGRESSOR,1432900,586000
2026-09-24 15:27:10.839,CRUDEOIL,CE,9550.0,CRUDEOIL15OCT269550CE,300.3,200,BUY_AGGRESSOR,75100,16200
2026-09-24 15:27:10.839,CRUDEOILM,FUT,0.0,CRUDEOILM19OCT26FUT,9026.0,10,SELL_AGGRESSOR,570530,414260
2026-09-24 15:27:10.839,CRUDEOILM,CE,9550.0,CRUDEOILM15OCT269550CE,306.3,10,BUY,23220,4020
2026-09-24 15:27:14.352,CRUDEOILM,CE,9350.0,CRUDEOILM15OCT269350CE,374.95,600,BUY_AGGRESSOR,33570,17840
2026-09-24 15:27:14.352,CRUDEOILM,CE,9450.0,CRUDEOILM15OCT269450CE,338.75,10,BUY_AGGRESSOR,37560,15640
2026-09-24 15:27:14.352,CRUDEOILM,CE,9500.0,CRUDEOILM15OCT269500CE,320.65,10,BUY,170920,76380
2026-09-24 15:27:17.950,CRUDEOIL,CE,9350.0,CRUDEOIL15OCT269350CE,365.8,300,BUY_AGGRESSOR,101900,24800
2026-09-24 15:27:17.950,CRUDEOIL,CE,9500.0,CRUDEOIL15OCT269500CE,314.0,600,SELL,1433500,586100
2026-09-24 15:27:17.950,CRUDEOILM,FUT,0.0,CRUDEOILM19OCT26FUT,9029.0,150,BUY_AGGRESSOR,570680,414300
2026-09-24 15:27:17.950,CRUDEOILM,CE,9400.0,CRUDEOILM15OCT269400CE,354.0,10,BUY,64490,36030
2026-09-24 15:27:21.567,CRUDEOIL,CE,9500.0,CRUDEOIL15OCT269500CE,314.8,200,BUY_AGGRESSOR,1433700,586200
2026-09-24 15:27:21.567,CRUDEOILM,FUT,0.0,CRUDEOILM19OCT26FUT,9030.0,100,BUY_AGGRESSOR,570780,414390
2026-09-24 15:27:21.567,CRUDEOILM,CE,9550.0,CRUDEOILM15OCT269550CE,306.6,10,BUY_AGGRESSOR,23230,4020
2026-09-24 15:27:25.120,CRUDEOIL,CE,9500.0,CRUDEOIL15OCT269500CE,314.5,100,SELL,1433800,586300
2026-09-24 15:27:25.120,CRUDEOILM,FUT,0.0,CRUDEOILM19OCT26FUT,9030.0,120,BUY_AGGRESSOR,570900,414320
2026-09-24 15:27:25.120,CRUDEOILM,CE,9600.0,CRUDEOILM15OCT269600CE,290.45,10,BUY,66510,13960
2026-09-24 15:27:28.621,CRUDEOIL,FUT,0.0,CRUDEOIL19OCT26FUT,9027.0,100,BUY,2039000,1300200
2026-09-24 15:27:28.621,CRUDEOIL,CE,9500.0,CRUDEOIL15OCT269500CE,314.5,100,BUY_AGGRESSOR,1433900,586300
2026-09-24 15:27:28.621,CRUDEOIL,CE,9700.0,CRUDEOIL15OCT269700CE,258.5,300,BUY,438000,44100
2026-09-24 15:27:28.621,CRUDEOIL,CE,9900.0,CRUDEOIL15OCT269900CE,212.2,100,BUY,221300,39300
2026-09-24 15:27:28.621,CRUDEOILM,FUT,0.0,CRUDEOILM19OCT26FUT,9027.0,220,SELL_AGGRESSOR,571120,414320
2026-09-24 15:27:28.621,CRUDEOILM,CE,9600.0,CRUDEOILM15OCT269600CE,291.05,10,BUY,66520,13960
2026-09-24 15:27:28.621,CRUDEOILM,CE,9850.0,CRUDEOILM15OCT269850CE,225.9,20,BUY_AGGRESSOR,15140,3280
2026-09-24 15:27:28.621,CRUDEOILM,CE,9900.0,CRUDEOILM15OCT269900CE,214.2,10,BUY_AGGRESSOR,184590,34020
2026-09-24 15:27:32.168,CRUDEOIL,FUT,0.0,CRUDEOIL19OCT26FUT,9031.0,1200,BUY_AGGRESSOR,2040200,1300000
2026-09-24 15:27:32.168,CRUDEOIL,CE,9400.0,CRUDEOIL15OCT269400CE,347.4,1400,BUY,369500,80400
2026-09-24 15:27:32.168,CRUDEOIL,CE,9500.0,CRUDEOIL15OCT269500CE,314.0,1900,SELL,1435800,586800
2026-09-24 15:27:32.168,CRUDEOIL,PE,9500.0,CRUDEOIL15OCT269500PE,781.5,1100,SELL,85800,98800
2026-09-24 15:27:32.168,CRUDEOIL,CE,9600.0,CRUDEOIL15OCT269600CE,285.4,100,BUY_AGGRESSOR,250200,66100
2026-09-24 15:27:32.168,CRUDEOIL,CE,9800.0,CRUDEOIL15OCT269800CE,234.0,500,SELL_AGGRESSOR,296700,107800
2026-09-24 15:27:32.168,CRUDEOIL,CE,9850.0,CRUDEOIL15OCT269850CE,222.9,300,BUY,44500,12200
2026-09-24 15:27:32.168,CRUDEOILM,FUT,0.0,CRUDEOILM19OCT26FUT,9028.0,50,BUY_AGGRESSOR,571170,414340
2026-09-24 15:27:32.168,CRUDEOILM,CE,9350.0,CRUDEOILM15OCT269350CE,373.55,130,SELL,33700,18370
2026-09-24 15:27:32.168,CRUDEOILM,CE,9450.0,CRUDEOILM15OCT269450CE,339.35,10,BUY,37570,15650
2026-09-24 15:27:32.168,CRUDEOILM,CE,9500.0,CRUDEOILM15OCT269500CE,319.65,440,SELL_AGGRESSOR,171360,76460
2026-09-24 15:27:32.168,CRUDEOILM,CE,9550.0,CRUDEOILM15OCT269550CE,306.75,10,BUY,23240,4030
2026-09-24 15:27:32.168,CRUDEOILM,CE,9600.0,CRUDEOILM15OCT269600CE,291.0,20,SELL_AGGRESSOR,66540,13940
2026-09-24 15:27:32.168,CRUDEOILM,CE,9700.0,CRUDEOILM15OCT269700CE,261.55,110,SELL_AGGRESSOR,67290,16270
2026-09-24 15:27:32.168,CRUDEOILM,CE,9800.0,CRUDEOILM15OCT269800CE,236.25,180,SELL_AGGRESSOR,98820,35990
2026-09-24 15:27:32.168,CRUDEOILM,CE,9850.0,CRUDEOILM15OCT269850CE,224.6,20,SELL_AGGRESSOR,15160,3280
2026-09-24 15:27:32.168,CRUDEOILM,CE,9900.0,CRUDEOILM15OCT269900CE,213.25,30,SELL_AGGRESSOR,184620,34000
2026-09-24 15:27:35.601,CRUDEOIL,CE,9500.0,CRUDEOIL15OCT269500CE,314.3,400,BUY_AGGRESSOR,1436200,586900
2026-09-24 15:27:39.263,CRUDEOIL,FUT,0.0,CRUDEOIL19OCT26FUT,9026.0,400,BUY_AGGRESSOR,2040600,1299700
2026-09-24 15:27:39.263,CRUDEOIL,CE,9350.0,CRUDEOIL15OCT269350CE,365.8,100,BUY_AGGRESSOR,102000,24800
2026-09-24 15:27:39.263,CRUDEOIL,CE,9500.0,CRUDEOIL15OCT269500CE,313.5,1000,SELL,1437200,587700
2026-09-24 15:27:39.263,CRUDEOIL,CE,9600.0,CRUDEOIL15OCT269600CE,284.9,100,BUY_AGGRESSOR,250300,66200
2026-09-24 15:27:39.263,CRUDEOILM,FUT,0.0,CRUDEOILM19OCT26FUT,9026.0,210,SELL_AGGRESSOR,571380,414340
2026-09-24 15:27:39.263,CRUDEOILM,CE,9500.0,CRUDEOILM15OCT269500CE,320.45,90,BUY_AGGRESSOR,171450,76530
2026-09-24 15:27:39.263,CRUDEOILM,CE,9650.0,CRUDEOILM15OCT269650CE,275.7,630,BUY_AGGRESSOR,17770,3410
2026-09-24 15:27:39.263,CRUDEOILM,CE,9700.0,CRUDEOILM15OCT269700CE,261.05,20,SELL,67310,16270
2026-09-24 15:27:39.263,CRUDEOILM,CE,9800.0,CRUDEOILM15OCT269800CE,236.05,70,SELL,98890,35920
2026-09-24 15:27:42.725,CRUDEOIL,CE,9750.0,CRUDEOIL15OCT269750CE,244.0,100,SELL_AGGRESSOR,55600,13700
2026-09-24 15:27:42.725,CRUDEOIL,CE,9800.0,CRUDEOIL15OCT269800CE,233.6,100,BUY_AGGRESSOR,296800,107900
2026-09-24 15:27:42.725,CRUDEOILM,FUT,0.0,CRUDEOILM19OCT26FUT,9026.0,70,INSIDE,571450,414300
2026-09-24 15:27:42.725,CRUDEOILM,CE,9500.0,CRUDEOILM15OCT269500CE,319.65,70,SELL_AGGRESSOR,171520,76590
2026-09-24 15:27:42.725,CRUDEOILM,CE,9550.0,CRUDEOILM15OCT269550CE,304.5,10,SELL,23250,4030
2026-09-24 15:27:42.725,CRUDEOILM,CE,9600.0,CRUDEOILM15OCT269600CE,288.85,20,SELL_AGGRESSOR,66560,13930
2026-09-24 15:27:42.725,CRUDEOILM,CE,9800.0,CRUDEOILM15OCT269800CE,235.1,10,SELL_AGGRESSOR,98900,35910
2026-09-24 15:27:42.725,CRUDEOILM,CE,9850.0,CRUDEOILM15OCT269850CE,224.2,30,SELL,15190,3290
2026-09-24 15:27:46.273,CRUDEOIL,CE,9500.0,CRUDEOIL15OCT269500CE,313.5,3200,INSIDE,1440400,588500
2026-09-24 15:27:46.273,CRUDEOILM,FUT,0.0,CRUDEOILM19OCT26FUT,9026.0,10,BUY_AGGRESSOR,571460,414290
2026-09-24 15:27:46.273,CRUDEOILM,CE,9350.0,CRUDEOILM15OCT269350CE,371.6,10,BUY_AGGRESSOR,33710,18370
2026-09-24 15:27:46.273,CRUDEOILM,CE,9400.0,CRUDEOILM15OCT269400CE,352.1,10,SELL,64500,36030
2026-09-24 15:27:46.273,CRUDEOILM,CE,9450.0,CRUDEOILM15OCT269450CE,336.95,10,BUY_AGGRESSOR,37580,15650
2026-09-24 15:27:46.273,CRUDEOILM,CE,9500.0,CRUDEOILM15OCT269500CE,319.75,60,BUY_AGGRESSOR,171580,76630
2026-09-24 15:27:49.771,CRUDEOIL,CE,9500.0,CRUDEOIL15OCT269500CE,313.2,200,SELL,1440600,589900
2026-09-24 15:27:49.771,CRUDEOIL,CE,9700.0,CRUDEOIL15OCT269700CE,257.3,100,BUY_AGGRESSOR,438100,44100
2026-09-24 15:27:49.771,CRUDEOIL,CE,9800.0,CRUDEOIL15OCT269800CE,232.5,100,SELL_AGGRESSOR,296900,107800
2026-09-24 15:27:49.771,CRUDEOILM,FUT,0.0,CRUDEOILM19OCT26FUT,9024.0,40,SELL,571500,414300
2026-09-24 15:27:49.771,CRUDEOILM,CE,9400.0,CRUDEOILM15OCT269400CE,351.85,10,SELL,64510,36030
2026-09-24 15:27:53.392,CRUDEOIL,CE,9700.0,CRUDEOIL15OCT269700CE,258.8,300,BUY_AGGRESSOR,438400,44300
2026-09-24 15:27:53.392,CRUDEOIL,CE,9800.0,CRUDEOIL15OCT269800CE,234.0,100,BUY_AGGRESSOR,297000,107800
2026-09-24 15:27:53.392,CRUDEOILM,FUT,0.0,CRUDEOILM19OCT26FUT,9026.0,20,BUY_AGGRESSOR,571520,414310
2026-09-24 15:27:53.392,CRUDEOILM,CE,9500.0,CRUDEOILM15OCT269500CE,320.45,20,BUY_AGGRESSOR,171600,76650
2026-09-24 15:27:53.392,CRUDEOILM,CE,9600.0,CRUDEOILM15OCT269600CE,290.35,10,BUY_AGGRESSOR,66570,13930
2026-09-24 15:27:53.392,CRUDEOILM,CE,9650.0,CRUDEOILM15OCT269650CE,275.6,20,BUY_AGGRESSOR,17790,3390
2026-09-24 15:27:53.392,CRUDEOILM,CE,9900.0,CRUDEOILM15OCT269900CE,213.6,10,BUY_AGGRESSOR,184630,34000
2026-09-24 15:27:56.900,CRUDEOIL,CE,9400.0,CRUDEOIL15OCT269400CE,347.2,200,BUY_AGGRESSOR,369700,80100
2026-09-24 15:27:56.900,CRUDEOIL,CE,9500.0,CRUDEOIL15OCT269500CE,314.8,300,BUY_AGGRESSOR,1440900,589600
2026-09-24 15:27:56.900,CRUDEOIL,CE,9550.0,CRUDEOIL15OCT269550CE,299.9,100,BUY_AGGRESSOR,75200,16200
2026-09-24 15:27:56.900,CRUDEOILM,FUT,0.0,CRUDEOILM19OCT26FUT,9030.0,40,BUY_AGGRESSOR,571560,414330
2026-09-24 15:27:56.900,CRUDEOILM,CE,9600.0,CRUDEOILM15OCT269600CE,290.8,90,BUY_AGGRESSOR,66660,13980
2026-09-24 15:27:56.900,CRUDEOILM,CE,9900.0,CRUDEOILM15OCT269900CE,213.6,10,BUY_AGGRESSOR,184640,34000
2026-09-24 15:28:00.482,CRUDEOIL,FUT,0.0,CRUDEOIL19OCT26FUT,9029.0,100,BUY_AGGRESSOR,2040700,1299700
2026-09-24 15:28:00.482,CRUDEOIL,CE,9450.0,CRUDEOIL15OCT269450CE,330.7,100,BUY,74600,23400
2026-09-24 15:28:00.482,CRUDEOIL,CE,9500.0,CRUDEOIL15OCT269500CE,315.8,300,BUY_AGGRESSOR,1441200,589500
2026-09-24 15:28:00.482,CRUDEOIL,CE,9600.0,CRUDEOIL15OCT269600CE,286.0,100,BUY_AGGRESSOR,250400,66200
2026-09-24 15:28:00.482,CRUDEOILM,FUT,0.0,CRUDEOILM19OCT26FUT,9028.0,20,SELL_AGGRESSOR,571580,414330
2026-09-24 15:28:04.023,CRUDEOIL,FUT,0.0,CRUDEOIL19OCT26FUT,9028.0,100,SELL_AGGRESSOR,2040800,1299700
2026-09-24 15:28:04.023,CRUDEOIL,CE,9500.0,CRUDEOIL15OCT269500CE,315.0,300,SELL,1441500,589600
2026-09-24 15:28:04.023,CRUDEOILM,FUT,0.0,CRUDEOILM19OCT26FUT,9031.0,10,BUY_AGGRESSOR,571590,414330
2026-09-24 15:28:04.023,CRUDEOILM,CE,9950.0,CRUDEOILM15OCT269950CE,205.4,10,BUY_AGGRESSOR,6910,3100
2026-09-24 15:28:07.693,CRUDEOIL,FUT,0.0,CRUDEOIL19OCT26FUT,9028.0,400,SELL_AGGRESSOR,2041200,1299500
2026-09-24 15:28:07.693,CRUDEOIL,CE,9350.0,CRUDEOIL15OCT269350CE,365.8,200,SELL_AGGRESSOR,102200,25000
2026-09-24 15:28:07.693,CRUDEOIL,CE,9400.0,CRUDEOIL15OCT269400CE,348.5,300,BUY,370000,80300
2026-09-24 15:28:07.693,CRUDEOIL,CE,9500.0,CRUDEOIL15OCT269500CE,315.5,300,BUY,1441800,589700
2026-09-24 15:28:07.693,CRUDEOIL,CE,9550.0,CRUDEOIL15OCT269550CE,300.1,100,SELL_AGGRESSOR,75300,16100
2026-09-24 15:28:07.693,CRUDEOIL,CE,9700.0,CRUDEOIL15OCT269700CE,258.5,200,SELL_AGGRESSOR,438600,44300
2026-09-24 15:28:07.693,CRUDEOILM,FUT,0.0,CRUDEOILM19OCT26FUT,9028.0,20,SELL_AGGRESSOR,571610,414330
2026-09-24 15:28:07.693,CRUDEOILM,CE,9900.0,CRUDEOILM15OCT269900CE,214.55,10,BUY_AGGRESSOR,184650,34000
2026-09-24 15:28:11.277,CRUDEOIL,CE,9400.0,CRUDEOIL15OCT269400CE,347.9,200,SELL,370200,80400
2026-09-24 15:28:11.277,CRUDEOIL,CE,9500.0,CRUDEOIL15OCT269500CE,313.9,400,SELL_AGGRESSOR,1442200,589700
2026-09-24 15:28:11.277,CRUDEOIL,CE,9600.0,CRUDEOIL15OCT269600CE,284.9,100,SELL_AGGRESSOR,250500,66200
2026-09-24 15:28:11.277,CRUDEOIL,CE,9700.0,CRUDEOIL15OCT269700CE,258.5,100,BUY_AGGRESSOR,438700,44400
2026-09-24 15:28:11.277,CRUDEOILM,FUT,0.0,CRUDEOILM19OCT26FUT,9028.0,10,BUY_AGGRESSOR,571620,414330
2026-09-24 15:28:11.277,CRUDEOILM,CE,9650.0,CRUDEOILM15OCT269650CE,275.7,10,SELL_AGGRESSOR,17800,3400
2026-09-24 15:28:11.277,CRUDEOILM,CE,9700.0,CRUDEOILM15OCT269700CE,261.65,10,SELL_AGGRESSOR,67320,16260
2026-09-24 15:28:11.277,CRUDEOILM,CE,9800.0,CRUDEOILM15OCT269800CE,236.2,30,SELL_AGGRESSOR,98930,35900
2026-09-24 15:28:11.277,CRUDEOILM,CE,9900.0,CRUDEOILM15OCT269900CE,213.65,10,SELL_AGGRESSOR,184660,33990
2026-09-24 15:28:14.903,CRUDEOIL,CE,9700.0,CRUDEOIL15OCT269700CE,258.9,200,BUY,438900,44500
2026-09-24 15:28:14.903,CRUDEOIL,CE,9900.0,CRUDEOIL15OCT269900CE,212.0,200,SELL,221500,39300
2026-09-24 15:28:14.903,CRUDEOILM,FUT,0.0,CRUDEOILM19OCT26FUT,9026.0,10,SELL_AGGRESSOR,571630,414340
2026-09-24 15:28:14.903,CRUDEOILM,CE,9500.0,CRUDEOILM15OCT269500CE,321.35,10,BUY_AGGRESSOR,171610,76650
2026-09-24 15:28:18.466,CRUDEOIL,CE,9450.0,CRUDEOIL15OCT269450CE,330.7,300,INSIDE,74900,23700
2026-09-24 15:28:18.466,CRUDEOIL,CE,9500.0,CRUDEOIL15OCT269500CE,313.6,100,SELL_AGGRESSOR,1442300,589700
2026-09-24 15:28:18.466,CRUDEOILM,FUT,0.0,CRUDEOILM19OCT26FUT,9028.0,10,BUY_AGGRESSOR,571640,414340
2026-09-24 15:28:18.466,CRUDEOILM,CE,9550.0,CRUDEOILM15OCT269550CE,305.25,20,BUY,23270,4030
2026-09-24 15:28:23.218,CRUDEOIL,CE,9500.0,CRUDEOIL15OCT269500CE,313.6,100,INSIDE,1442400,589700
2026-09-24 15:28:23.218,CRUDEOILM,FUT,0.0,CRUDEOILM19OCT26FUT,9029.0,20,BUY_AGGRESSOR,571660,414320
2026-09-24 15:28:23.218,CRUDEOILM,CE,9650.0,CRUDEOILM15OCT269650CE,276.65,40,BUY_AGGRESSOR,17840,3440
2026-09-24 15:28:26.826,CRUDEOIL,CE,9500.0,CRUDEOIL15OCT269500CE,313.9,200,SELL_AGGRESSOR,1442600,589700
2026-09-24 15:28:26.826,CRUDEOILM,FUT,0.0,CRUDEOILM19OCT26FUT,9026.0,10,SELL_AGGRESSOR,571670,414330
2026-09-24 15:28:26.826,CRUDEOILM,CE,9450.0,CRUDEOILM15OCT269450CE,338.55,10,BUY_AGGRESSOR,37590,15650
2026-09-24 15:28:26.826,CRUDEOILM,CE,9800.0,CRUDEOILM15OCT269800CE,236.15,40,SELL_AGGRESSOR,98970,35860
2026-09-24 15:28:30.309,CRUDEOIL,CE,9600.0,CRUDEOIL15OCT269600CE,284.9,500,SELL_AGGRESSOR,251000,66200
2026-09-24 15:28:30.309,CRUDEOIL,CE,9800.0,CRUDEOIL15OCT269800CE,234.0,700,SELL_AGGRESSOR,297700,108500
2026-09-24 15:28:30.309,CRUDEOILM,FUT,0.0,CRUDEOILM19OCT26FUT,9025.0,40,SELL_AGGRESSOR,571710,414310
2026-09-24 15:28:30.309,CRUDEOILM,CE,9800.0,CRUDEOILM15OCT269800CE,236.2,520,BUY,99490,35820
2026-09-24 15:28:33.907,CRUDEOIL,FUT,0.0,CRUDEOIL19OCT26FUT,9024.0,100,SELL_AGGRESSOR,2041300,1299400
2026-09-24 15:28:33.907,CRUDEOIL,CE,9500.0,CRUDEOIL15OCT269500CE,312.7,400,SELL_AGGRESSOR,1443000,589900
2026-09-24 15:28:33.907,CRUDEOIL,CE,9700.0,CRUDEOIL15OCT269700CE,258.0,100,SELL,439000,44600
2026-09-24 15:28:33.907,CRUDEOIL,CE,9900.0,CRUDEOIL15OCT269900CE,211.4,100,SELL,221600,39300
2026-09-24 15:28:33.907,CRUDEOILM,CE,9500.0,CRUDEOILM15OCT269500CE,320.0,10,SELL_AGGRESSOR,171620,76660
2026-09-24 15:28:37.472,CRUDEOIL,CE,9500.0,CRUDEOIL15OCT269500CE,312.9,300,SELL_AGGRESSOR,1443300,590000
2026-09-24 15:28:37.472,CRUDEOIL,CE,9800.0,CRUDEOIL15OCT269800CE,234.3,400,BUY_AGGRESSOR,298100,108900
2026-09-24 15:28:37.472,CRUDEOILM,FUT,0.0,CRUDEOILM19OCT26FUT,9026.0,40,BUY_AGGRESSOR,571750,414270
2026-09-24 15:28:37.472,CRUDEOILM,CE,9700.0,CRUDEOILM15OCT269700CE,261.05,10,BUY_AGGRESSOR,67330,16260
2026-09-24 15:28:37.472,CRUDEOILM,CE,9800.0,CRUDEOILM15OCT269800CE,236.2,10,INSIDE,99500,35820
2026-09-24 15:28:41.507,CRUDEOIL,CE,9500.0,CRUDEOIL15OCT269500CE,312.9,100,INSIDE,1443400,589800
2026-09-24 15:28:41.507,CRUDEOILM,CE,9500.0,CRUDEOILM15OCT269500CE,320.8,10,BUY_AGGRESSOR,171630,76670
2026-09-24 15:28:44.961,CRUDEOIL,FUT,0.0,CRUDEOIL19OCT26FUT,9026.0,100,BUY_AGGRESSOR,2041400,1299400
2026-09-24 15:28:44.961,CRUDEOIL,CE,9800.0,CRUDEOIL15OCT269800CE,234.4,200,BUY_AGGRESSOR,298300,109100
2026-09-24 15:28:44.961,CRUDEOILM,FUT,0.0,CRUDEOILM19OCT26FUT,9026.0,120,BUY_AGGRESSOR,571870,414220
2026-09-24 15:28:44.961,CRUDEOILM,CE,9600.0,CRUDEOILM15OCT269600CE,290.15,20,BUY_AGGRESSOR,66680,13980
2026-09-24 15:28:44.961,CRUDEOILM,CE,9700.0,CRUDEOILM15OCT269700CE,260.7,10,SELL_AGGRESSOR,67340,16250
2026-09-24 15:28:44.961,CRUDEOILM,CE,9800.0,CRUDEOILM15OCT269800CE,235.75,10,SELL_AGGRESSOR,99510,35810
2026-09-24 15:28:48.588,CRUDEOIL,FUT,0.0,CRUDEOIL19OCT26FUT,9025.0,100,BUY_AGGRESSOR,2041500,1299400
2026-09-24 15:28:48.588,CRUDEOIL,CE,9400.0,CRUDEOIL15OCT269400CE,348.0,100,BUY_AGGRESSOR,370300,80400
2026-09-24 15:28:48.588,CRUDEOIL,CE,9500.0,CRUDEOIL15OCT269500CE,313.2,400,BUY,1443800,589800
2026-09-24 15:28:48.588,CRUDEOIL,CE,9700.0,CRUDEOIL15OCT269700CE,258.0,100,BUY_AGGRESSOR,439100,44700
2026-09-24 15:28:48.588,CRUDEOIL,CE,9800.0,CRUDEOIL15OCT269800CE,234.0,100,BUY_AGGRESSOR,298400,109100
2026-09-24 15:28:48.588,CRUDEOIL,CE,9900.0,CRUDEOIL15OCT269900CE,211.7,200,BUY_AGGRESSOR,221800,39300
2026-09-24 15:28:48.588,CRUDEOILM,FUT,0.0,CRUDEOILM19OCT26FUT,9025.0,20,SELL_AGGRESSOR,571890,414230
2026-09-24 15:28:48.588,CRUDEOILM,CE,9600.0,CRUDEOILM15OCT269600CE,290.4,10,BUY_AGGRESSOR,66690,13980
2026-09-24 15:28:52.131,CRUDEOIL,CE,9350.0,CRUDEOIL15OCT269350CE,365.4,100,BUY_AGGRESSOR,102300,25000
2026-09-24 15:28:52.131,CRUDEOILM,FUT,0.0,CRUDEOILM19OCT26FUT,9027.0,30,BUY_AGGRESSOR,571920,414230
2026-09-24 15:28:52.131,CRUDEOILM,CE,9400.0,CRUDEOILM15OCT269400CE,353.15,10,BUY,64520,36030
2026-09-24 15:28:55.686,CRUDEOIL,FUT,0.0,CRUDEOIL19OCT26FUT,9026.0,100,BUY_AGGRESSOR,2041600,1299400
2026-09-24 15:28:55.686,CRUDEOILM,CE,9950.0,CRUDEOILM15OCT269950CE,205.7,230,BUY_AGGRESSOR,7140,3330
2026-09-24 15:28:59.269,CRUDEOIL,FUT,0.0,CRUDEOIL19OCT26FUT,9025.0,300,SELL,2041900,1299400
2026-09-24 15:28:59.269,CRUDEOIL,CE,9500.0,CRUDEOIL15OCT269500CE,312.1,700,SELL_AGGRESSOR,1444500,590200
2026-09-24 15:28:59.269,CRUDEOIL,CE,9700.0,CRUDEOIL15OCT269700CE,257.4,300,SELL_AGGRESSOR,439400,44500
2026-09-24 15:28:59.269,CRUDEOIL,CE,9800.0,CRUDEOIL15OCT269800CE,233.4,100,SELL_AGGRESSOR,298500,109100
2026-09-24 15:28:59.269,CRUDEOIL,CE,9900.0,CRUDEOIL15OCT269900CE,211.0,100,SELL_AGGRESSOR,221900,39300
2026-09-24 15:28:59.269,CRUDEOILM,FUT,0.0,CRUDEOILM19OCT26FUT,9023.0,250,SELL_AGGRESSOR,572170,414230
2026-09-24 15:28:59.269,CRUDEOILM,CE,9400.0,CRUDEOILM15OCT269400CE,351.75,60,SELL_AGGRESSOR,64580,36030
2026-09-24 15:28:59.269,CRUDEOILM,CE,9450.0,CRUDEOILM15OCT269450CE,336.2,20,SELL_AGGRESSOR,37610,15650
2026-09-24 15:28:59.269,CRUDEOILM,CE,9500.0,CRUDEOILM15OCT269500CE,320.95,20,BUY_AGGRESSOR,171650,76690
2026-09-24 15:28:59.269,CRUDEOILM,CE,9600.0,CRUDEOILM15OCT269600CE,289.2,30,SELL_AGGRESSOR,66720,13950
2026-09-24 15:28:59.269,CRUDEOILM,CE,9650.0,CRUDEOILM15OCT269650CE,273.95,10,SELL_AGGRESSOR,17850,3440
2026-09-24 15:28:59.269,CRUDEOILM,CE,9700.0,CRUDEOILM15OCT269700CE,260.3,40,SELL_AGGRESSOR,67380,16220
2026-09-24 15:28:59.269,CRUDEOILM,CE,9800.0,CRUDEOILM15OCT269800CE,235.6,10,SELL_AGGRESSOR,99520,35810
2026-09-24 15:28:59.269,CRUDEOILM,CE,9900.0,CRUDEOILM15OCT269900CE,212.75,60,SELL_AGGRESSOR,184720,33980
2026-09-24 15:29:02.831,CRUDEOIL,CE,9500.0,CRUDEOIL15OCT269500CE,311.5,200,SELL,1444700,590500
2026-09-24 15:29:02.831,CRUDEOIL,CE,9700.0,CRUDEOIL15OCT269700CE,256.0,100,SELL_AGGRESSOR,439500,44500
2026-09-24 15:29:02.831,CRUDEOILM,FUT,0.0,CRUDEOILM19OCT26FUT,9020.0,230,SELL_AGGRESSOR,572400,414170
2026-09-24 15:29:02.831,CRUDEOILM,CE,9500.0,CRUDEOILM15OCT269500CE,319.25,50,SELL,171700,76730
2026-09-24 15:29:06.258,CRUDEOIL,CE,9400.0,CRUDEOIL15OCT269400CE,344.7,100,SELL,370400,80400
2026-09-24 15:29:06.258,CRUDEOIL,CE,9500.0,CRUDEOIL15OCT269500CE,312.2,200,BUY_AGGRESSOR,1444900,590500
2026-09-24 15:29:09.796,CRUDEOIL,CE,9500.0,CRUDEOIL15OCT269500CE,311.5,900,SELL,1445800,589900
2026-09-24 15:29:09.796,CRUDEOIL,CE,9600.0,CRUDEOIL15OCT269600CE,282.8,100,SELL,251100,66100
2026-09-24 15:29:09.796,CRUDEOIL,CE,9700.0,CRUDEOIL15OCT269700CE,256.0,100,SELL_AGGRESSOR,439600,44600
2026-09-24 15:29:09.796,CRUDEOIL,CE,9800.0,CRUDEOIL15OCT269800CE,231.6,600,SELL_AGGRESSOR,299100,108500
2026-09-24 15:29:09.796,CRUDEOIL,CE,9900.0,CRUDEOIL15OCT269900CE,210.0,200,SELL_AGGRESSOR,222100,39300
2026-09-24 15:29:09.796,CRUDEOILM,CE,9800.0,CRUDEOILM15OCT269800CE,235.5,110,BUY_AGGRESSOR,99630,35840
2026-09-24 15:29:13.363,CRUDEOIL,FUT,0.0,CRUDEOIL19OCT26FUT,9021.0,100,SELL,2042000,1299300
2026-09-24 15:29:13.363,CRUDEOIL,CE,9500.0,CRUDEOIL15OCT269500CE,311.5,100,SELL_AGGRESSOR,1445900,589800
2026-09-24 15:29:13.363,CRUDEOIL,CE,9550.0,CRUDEOIL15OCT269550CE,298.9,2000,BUY_AGGRESSOR,77300,16600
2026-09-24 15:29:13.363,CRUDEOILM,FUT,0.0,CRUDEOILM19OCT26FUT,9024.0,10,BUY_AGGRESSOR,572410,414160
2026-09-24 15:29:13.363,CRUDEOILM,CE,9550.0,CRUDEOILM15OCT269550CE,303.75,10,BUY_AGGRESSOR,23280,4040
2026-09-24 15:29:16.894,CRUDEOIL,CE,9500.0,CRUDEOIL15OCT269500CE,311.5,100,INSIDE,1446000,589800
2026-09-24 15:29:16.894,CRUDEOILM,FUT,0.0,CRUDEOILM19OCT26FUT,9020.0,70,SELL_AGGRESSOR,572480,414120
2026-09-24 15:29:16.894,CRUDEOILM,CE,9900.0,CRUDEOILM15OCT269900CE,212.6,50,SELL,184770,33990
2026-09-24 15:29:20.450,CRUDEOIL,FUT,0.0,CRUDEOIL19OCT26FUT,9020.0,100,SELL_AGGRESSOR,2042100,1299300
2026-09-24 15:29:20.450,CRUDEOIL,CE,9400.0,CRUDEOIL15OCT269400CE,344.7,100,SELL_AGGRESSOR,370500,80500
2026-09-24 15:29:20.450,CRUDEOILM,FUT,0.0,CRUDEOILM19OCT26FUT,9023.0,10,BUY_AGGRESSOR,572490,414110
2026-09-24 15:29:20.450,CRUDEOILM,CE,9400.0,CRUDEOILM15OCT269400CE,351.05,10,SELL,64590,36030
2026-09-24 15:29:20.450,CRUDEOILM,CE,9500.0,CRUDEOILM15OCT269500CE,318.55,10,BUY_AGGRESSOR,171710,76740
2026-09-24 15:29:20.450,CRUDEOILM,CE,9650.0,CRUDEOILM15OCT269650CE,271.45,500,SELL_AGGRESSOR,18350,3110
2026-09-24 15:29:20.450,CRUDEOILM,CE,9850.0,CRUDEOILM15OCT269850CE,224.0,10,SELL,15200,3290
2026-09-24 15:29:23.957,CRUDEOIL,FUT,0.0,CRUDEOIL19OCT26FUT,9020.0,1100,SELL_AGGRESSOR,2043200,1298900
2026-09-24 15:29:23.957,CRUDEOILM,FUT,0.0,CRUDEOILM19OCT26FUT,9020.0,40,SELL_AGGRESSOR,572530,414110
2026-09-24 15:29:23.957,CRUDEOILM,CE,9500.0,CRUDEOILM15OCT269500CE,317.65,10,SELL_AGGRESSOR,171720,76750
2026-09-24 15:29:27.545,CRUDEOIL,CE,9500.0,CRUDEOIL15OCT269500CE,310.5,100,SELL,1446100,589800
2026-09-24 15:29:27.545,CRUDEOIL,CE,9900.0,CRUDEOIL15OCT269900CE,210.0,200,INSIDE,222300,39300
2026-09-24 15:29:27.545,CRUDEOILM,FUT,0.0,CRUDEOILM19OCT26FUT,9019.0,20,SELL_AGGRESSOR,572550,414110
2026-09-24 15:29:27.545,CRUDEOILM,CE,9350.0,CRUDEOILM15OCT269350CE,370.0,70,BUY_AGGRESSOR,33780,18440
2026-09-24 15:29:27.545,CRUDEOILM,CE,9650.0,CRUDEOILM15OCT269650CE,272.0,150,BUY,18500,3010
2026-09-24 15:29:31.029,CRUDEOIL,CE,9400.0,CRUDEOIL15OCT269400CE,344.0,500,SELL_AGGRESSOR,371000,80400
2026-09-24 15:29:31.029,CRUDEOIL,CE,9500.0,CRUDEOIL15OCT269500CE,311.7,900,BUY_AGGRESSOR,1447000,589600
2026-09-24 15:29:31.029,CRUDEOILM,FUT,0.0,CRUDEOILM19OCT26FUT,9020.0,50,BUY,572600,414130
2026-09-24 15:29:31.029,CRUDEOILM,CE,9500.0,CRUDEOILM15OCT269500CE,318.0,100,BUY,171820,76750
2026-09-24 15:29:34.618,CRUDEOILM,CE,9450.0,CRUDEOILM15OCT269450CE,335.45,10,SELL,37620,15650
2026-09-24 15:29:34.618,CRUDEOILM,CE,9700.0,CRUDEOILM15OCT269700CE,259.0,10,SELL_AGGRESSOR,67390,16210
2026-09-24 15:29:34.618,CRUDEOILM,CE,9900.0,CRUDEOILM15OCT269900CE,210.9,40,SELL_AGGRESSOR,184810,33980
2026-09-24 15:29:38.163,CRUDEOIL,FUT,0.0,CRUDEOIL19OCT26FUT,9018.0,100,SELL_AGGRESSOR,2043300,1298800
2026-09-24 15:29:38.163,CRUDEOIL,CE,9400.0,CRUDEOIL15OCT269400CE,343.0,100,SELL_AGGRESSOR,371100,80400
2026-09-24 15:29:38.163,CRUDEOIL,CE,9500.0,CRUDEOIL15OCT269500CE,310.0,100,SELL_AGGRESSOR,1447100,589700
2026-09-24 15:29:38.163,CRUDEOIL,CE,9550.0,CRUDEOIL15OCT269550CE,296.5,100,SELL_AGGRESSOR,77400,16700
2026-09-24 15:29:38.163,CRUDEOIL,CE,9600.0,CRUDEOIL15OCT269600CE,282.0,100,SELL_AGGRESSOR,251200,66200
2026-09-24 15:29:38.163,CRUDEOIL,CE,9800.0,CRUDEOIL15OCT269800CE,231.0,100,SELL_AGGRESSOR,299200,108600
2026-09-24 15:29:38.163,CRUDEOILM,FUT,0.0,CRUDEOILM19OCT26FUT,9016.0,20,SELL_AGGRESSOR,572620,414120
2026-09-24 15:29:38.163,CRUDEOILM,CE,9400.0,CRUDEOILM15OCT269400CE,349.4,10,SELL_AGGRESSOR,64600,36030
2026-09-24 15:29:38.163,CRUDEOILM,CE,9550.0,CRUDEOILM15OCT269550CE,301.8,10,SELL,23290,4040
2026-09-24 15:29:38.163,CRUDEOILM,CE,9700.0,CRUDEOILM15OCT269700CE,258.05,10,SELL_AGGRESSOR,67400,16200
2026-09-24 15:29:38.163,CRUDEOILM,CE,9850.0,CRUDEOILM15OCT269850CE,224.2,120,BUY_AGGRESSOR,15320,3360
2026-09-24 15:29:41.773,CRUDEOIL,CE,9400.0,CRUDEOIL15OCT269400CE,343.8,100,BUY,371200,80500
2026-09-24 15:29:41.773,CRUDEOIL,CE,9450.0,CRUDEOIL15OCT269450CE,327.3,200,BUY_AGGRESSOR,75100,23700
2026-09-24 15:29:41.773,CRUDEOIL,CE,9500.0,CRUDEOIL15OCT269500CE,310.4,100,BUY,1447200,589800
2026-09-24 15:29:41.773,CRUDEOIL,CE,9700.0,CRUDEOIL15OCT269700CE,255.5,100,BUY_AGGRESSOR,439700,44600
2026-09-24 15:29:41.773,CRUDEOILM,FUT,0.0,CRUDEOILM19OCT26FUT,9016.0,30,SELL_AGGRESSOR,572650,414120
2026-09-24 15:29:45.198,CRUDEOIL,CE,9500.0,CRUDEOIL15OCT269500CE,312.3,400,BUY_AGGRESSOR,1447600,590100
2026-09-24 15:29:45.198,CRUDEOIL,CE,9700.0,CRUDEOIL15OCT269700CE,255.8,200,BUY_AGGRESSOR,439900,44800
2026-09-24 15:29:45.198,CRUDEOILM,CE,9350.0,CRUDEOILM15OCT269350CE,370.7,10,BUY_AGGRESSOR,33790,18440
2026-09-24 15:29:45.198,CRUDEOILM,CE,9500.0,CRUDEOILM15OCT269500CE,318.0,250,BUY_AGGRESSOR,172070,76500
2026-09-24 15:29:45.198,CRUDEOILM,PE,9500.0,CRUDEOILM15OCT269500PE,794.25,10,BUY,6560,11580
2026-09-24 15:29:48.744,CRUDEOILM,FUT,0.0,CRUDEOILM19OCT26FUT,9019.0,10,SELL_AGGRESSOR,572660,414120
2026-09-24 15:29:48.744,CRUDEOILM,CE,9450.0,CRUDEOILM15OCT269450CE,335.65,10,BUY,37630,15650
2026-09-24 15:29:48.744,CRUDEOILM,PE,9500.0,CRUDEOILM15OCT269500PE,794.6,10,BUY_AGGRESSOR,6570,11590
2026-09-24 15:29:52.210,CRUDEOIL,FUT,0.0,CRUDEOIL19OCT26FUT,9018.0,100,SELL_AGGRESSOR,2043400,1298800
2026-09-24 15:29:52.210,CRUDEOILM,FUT,0.0,CRUDEOILM19OCT26FUT,9017.0,10,SELL_AGGRESSOR,572670,414130
2026-09-24 15:29:52.210,CRUDEOILM,CE,9700.0,CRUDEOILM15OCT269700CE,258.8,10,SELL_AGGRESSOR,67410,16190
2026-09-24 15:29:55.761,CRUDEOIL,FUT,0.0,CRUDEOIL19OCT26FUT,9015.0,300,SELL_AGGRESSOR,2043700,1298600
2026-09-24 15:29:55.761,CRUDEOIL,CE,9700.0,CRUDEOIL15OCT269700CE,255.2,100,SELL,440000,44800
2026-09-24 15:29:55.761,CRUDEOIL,CE,9900.0,CRUDEOIL15OCT269900CE,209.1,100,SELL,222400,39300
2026-09-24 15:29:55.761,CRUDEOILM,FUT,0.0,CRUDEOILM19OCT26FUT,9017.0,20,INSIDE,572690,414140
2026-09-24 15:29:55.761,CRUDEOILM,CE,9500.0,CRUDEOILM15OCT269500CE,316.95,40,SELL,172110,76540
2026-09-24 15:29:59.212,CRUDEOIL,FUT,0.0,CRUDEOIL19OCT26FUT,9015.0,100,BUY_AGGRESSOR,2043800,1298600
2026-09-24 15:29:59.212,CRUDEOIL,CE,9350.0,CRUDEOIL15OCT269350CE,358.5,200,SELL_AGGRESSOR,102500,25000
2026-09-24 15:29:59.212,CRUDEOIL,CE,9700.0,CRUDEOIL15OCT269700CE,254.0,200,SELL_AGGRESSOR,440200,44800
2026-09-24 15:29:59.212,CRUDEOIL,CE,9750.0,CRUDEOIL15OCT269750CE,242.0,100,SELL_AGGRESSOR,55700,13700
2026-09-24 15:29:59.212,CRUDEOIL,CE,9900.0,CRUDEOIL15OCT269900CE,207.4,200,SELL_AGGRESSOR,222600,39300
2026-09-24 15:29:59.212,CRUDEOILM,FUT,0.0,CRUDEOILM19OCT26FUT,9011.0,200,SELL_AGGRESSOR,572890,414150
2026-09-24 15:29:59.212,CRUDEOILM,CE,9500.0,CRUDEOILM15OCT269500CE,317.35,10,BUY_AGGRESSOR,172120,76550
2026-09-24 15:29:59.212,CRUDEOILM,PE,9550.0,CRUDEOILM15OCT269550PE,832.5,20,BUY_AGGRESSOR,1580,480
2026-09-24 15:29:59.212,CRUDEOILM,CE,9650.0,CRUDEOILM15OCT269650CE,272.0,10,SELL_AGGRESSOR,18510,3020
2026-09-24 15:30:03.162,CRUDEOIL,CE,9500.0,CRUDEOIL15OCT269500CE,308.0,1000,SELL_AGGRESSOR,1448600,589900
2026-09-24 15:30:03.162,CRUDEOIL,CE,9600.0,CRUDEOIL15OCT269600CE,280.0,100,SELL_AGGRESSOR,251300,66200
2026-09-24 15:30:03.162,CRUDEOIL,CE,9650.0,CRUDEOIL15OCT269650CE,266.6,200,SELL_AGGRESSOR,52400,14000
2026-09-24 15:30:03.162,CRUDEOIL,CE,9800.0,CRUDEOIL15OCT269800CE,230.0,100,SELL_AGGRESSOR,299300,108700
2026-09-24 15:30:03.162,CRUDEOIL,CE,9850.0,CRUDEOIL15OCT269850CE,218.9,100,SELL,44600,12200
2026-09-24 15:30:03.162,CRUDEOIL,CE,9950.0,CRUDEOIL15OCT269950CE,198.0,1000,SELL_AGGRESSOR,40000,8900
2026-09-24 15:30:03.162,CRUDEOILM,FUT,0.0,CRUDEOILM19OCT26FUT,9016.0,10,BUY_AGGRESSOR,572900,414240
2026-09-24 15:30:03.162,CRUDEOILM,CE,9350.0,CRUDEOILM15OCT269350CE,366.7,10,SELL,33800,18430
2026-09-24 15:30:03.162,CRUDEOILM,CE,9500.0,CRUDEOILM15OCT269500CE,313.6,140,SELL_AGGRESSOR,172260,76600
2026-09-24 15:30:06.592,CRUDEOIL,CE,9400.0,CRUDEOIL15OCT269400CE,340.7,100,SELL,371300,80500
2026-09-24 15:30:06.592,CRUDEOIL,CE,9500.0,CRUDEOIL15OCT269500CE,308.0,300,SELL_AGGRESSOR,1448900,590000
2026-09-24 15:30:06.592,CRUDEOIL,CE,9600.0,CRUDEOIL15OCT269600CE,279.1,100,SELL_AGGRESSOR,251400,66100
2026-09-24 15:30:06.592,CRUDEOIL,CE,9700.0,CRUDEOIL15OCT269700CE,253.1,200,SELL,440400,44800
2026-09-24 15:30:06.592,CRUDEOIL,CE,9800.0,CRUDEOIL15OCT269800CE,229.3,200,SELL,299500,108700
2026-09-24 15:30:06.592,CRUDEOILM,FUT,0.0,CRUDEOILM19OCT26FUT,9012.0,10,BUY_AGGRESSOR,572910,414240
2026-09-24 15:30:06.592,CRUDEOILM,CE,9750.0,CRUDEOILM15OCT269750CE,246.0,10,BUY_AGGRESSOR,13370,3610
2026-09-24 15:30:10.061,CRUDEOIL,CE,9500.0,CRUDEOIL15OCT269500CE,307.6,700,SELL_AGGRESSOR,1449600,590500
2026-09-24 15:30:10.061,CRUDEOIL,CE,9750.0,CRUDEOIL15OCT269750CE,241.2,100,BUY_AGGRESSOR,55800,13700
2026-09-24 15:30:10.061,CRUDEOILM,CE,9400.0,CRUDEOILM15OCT269400CE,346.45,10,SELL_AGGRESSOR,64610,36030
2026-09-24 15:30:10.061,CRUDEOILM,CE,9650.0,CRUDEOILM15OCT269650CE,270.0,10,SELL,18520,3010
2026-09-24 15:30:13.594,CRUDEOIL,CE,9400.0,CRUDEOIL15OCT269400CE,340.0,400,SELL_AGGRESSOR,371700,80500
2026-09-24 15:30:13.594,CRUDEOIL,CE,9500.0,CRUDEOIL15OCT269500CE,307.0,1000,SELL_AGGRESSOR,1450600,591000
2026-09-24 15:30:13.594,CRUDEOIL,CE,9700.0,CRUDEOIL15OCT269700CE,253.2,100,BUY_AGGRESSOR,440500,44900
2026-09-24 15:30:13.594,CRUDEOIL,CE,9800.0,CRUDEOIL15OCT269800CE,229.6,200,BUY_AGGRESSOR,299700,108600
2026-09-24 15:30:13.594,CRUDEOILM,FUT,0.0,CRUDEOILM19OCT26FUT,9010.0,190,SELL_AGGRESSOR,573100,414110
2026-09-24 15:30:13.594,CRUDEOILM,CE,9500.0,CRUDEOILM15OCT269500CE,315.8,20,BUY_AGGRESSOR,172280,76610
2026-09-24 15:30:13.594,CRUDEOILM,PE,9500.0,CRUDEOILM15OCT269500PE,798.6,10,BUY,6580,11590
2026-09-24 15:30:13.594,CRUDEOILM,CE,9750.0,CRUDEOILM15OCT269750CE,244.4,50,SELL_AGGRESSOR,13420,3660
2026-09-24 15:30:17.035,CRUDEOIL,FUT,0.0,CRUDEOIL19OCT26FUT,9011.0,400,BUY_AGGRESSOR,2044200,1298600
2026-09-24 15:30:17.035,CRUDEOIL,CE,9500.0,CRUDEOIL15OCT269500CE,307.1,200,BUY,1450800,591000
2026-09-24 15:30:17.035,CRUDEOIL,CE,9800.0,CRUDEOIL15OCT269800CE,228.4,100,SELL,299800,108500
2026-09-24 15:30:17.035,CRUDEOILM,FUT,0.0,CRUDEOILM19OCT26FUT,9009.0,90,SELL,573190,414200
2026-09-24 15:30:17.035,CRUDEOILM,CE,9500.0,CRUDEOILM15OCT269500CE,313.35,10,SELL_AGGRESSOR,172290,76600
2026-09-24 15:30:17.035,CRUDEOILM,CE,9800.0,CRUDEOILM15OCT269800CE,231.9,10,SELL,99640,35830
2026-09-24 15:30:20.565,CRUDEOIL,CE,9400.0,CRUDEOIL15OCT269400CE,341.0,100,BUY_AGGRESSOR,371800,80500
2026-09-24 15:30:20.565,CRUDEOIL,CE,9850.0,CRUDEOIL15OCT269850CE,218.3,100,BUY_AGGRESSOR,44700,12200
2026-09-24 15:30:20.565,CRUDEOILM,FUT,0.0,CRUDEOILM19OCT26FUT,9010.0,70,BUY,573260,414210
2026-09-24 15:30:20.565,CRUDEOILM,CE,9350.0,CRUDEOILM15OCT269350CE,365.6,10,BUY_AGGRESSOR,33810,18440
2026-09-24 15:30:20.565,CRUDEOILM,CE,9400.0,CRUDEOILM15OCT269400CE,346.85,10,BUY,64620,36030
2026-09-24 15:30:20.565,CRUDEOILM,CE,9450.0,CRUDEOILM15OCT269450CE,330.6,50,SELL,37680,15630
2026-09-24 15:30:20.565,CRUDEOILM,CE,9600.0,CRUDEOILM15OCT269600CE,285.6,60,BUY_AGGRESSOR,66780,13990
2026-09-24 15:30:24.119,CRUDEOIL,FUT,0.0,CRUDEOIL19OCT26FUT,9011.0,200,INSIDE,2044400,1298700
2026-09-24 15:30:24.119,CRUDEOIL,CE,9500.0,CRUDEOIL15OCT269500CE,308.4,500,BUY_AGGRESSOR,1451300,591500
2026-09-24 15:30:24.119,CRUDEOIL,CE,9700.0,CRUDEOIL15OCT269700CE,253.7,200,BUY_AGGRESSOR,440700,44900
2026-09-24 15:30:24.119,CRUDEOILM,FUT,0.0,CRUDEOILM19OCT26FUT,9011.0,370,BUY,573630,414530
2026-09-24 15:30:24.119,CRUDEOILM,CE,9350.0,CRUDEOILM15OCT269350CE,366.0,100,BUY_AGGRESSOR,33910,18340
2026-09-24 15:30:24.119,CRUDEOILM,CE,9500.0,CRUDEOILM15OCT269500CE,314.75,10,BUY,172300,76590
2026-09-24 15:30:24.119,CRUDEOILM,CE,9600.0,CRUDEOILM15OCT269600CE,285.6,20,BUY_AGGRESSOR,66800,13990
2026-09-24 15:30:27.700,CRUDEOIL,CE,9850.0,CRUDEOIL15OCT269850CE,217.2,200,SELL_AGGRESSOR,44900,12200
2026-09-24 15:30:27.700,CRUDEOILM,FUT,0.0,CRUDEOILM19OCT26FUT,9015.0,220,BUY_AGGRESSOR,573850,414570
2026-09-24 15:30:27.700,CRUDEOILM,CE,9500.0,CRUDEOILM15OCT269500CE,315.8,20,BUY_AGGRESSOR,172320,76610
2026-09-24 15:30:27.700,CRUDEOILM,CE,9800.0,CRUDEOILM15OCT269800CE,232.55,10,BUY,99650,35830
2026-09-24 15:30:31.326,CRUDEOIL,FUT,0.0,CRUDEOIL19OCT26FUT,9016.0,500,BUY_AGGRESSOR,2044900,1298700
2026-09-24 15:30:31.326,CRUDEOILM,FUT,0.0,CRUDEOILM19OCT26FUT,9012.0,120,SELL,573970,414550
2026-09-24 15:30:31.326,CRUDEOILM,CE,9900.0,CRUDEOILM15OCT269900CE,210.0,10,BUY_AGGRESSOR,184820,33980
2026-09-24 15:30:34.936,CRUDEOIL,FUT,0.0,CRUDEOIL19OCT26FUT,9012.0,100,SELL_AGGRESSOR,2045000,1299000
2026-09-24 15:30:34.936,CRUDEOILM,FUT,0.0,CRUDEOILM19OCT26FUT,9012.0,20,SELL_AGGRESSOR,573990,414560
2026-09-24 15:30:34.936,CRUDEOILM,CE,9750.0,CRUDEOILM15OCT269750CE,245.65,50,BUY_AGGRESSOR,13470,3690
2026-09-24 15:30:38.469,CRUDEOIL,FUT,0.0,CRUDEOIL19OCT26FUT,9014.0,200,BUY_AGGRESSOR,2045200,1299200
2026-09-24 15:30:38.469,CRUDEOIL,CE,9400.0,CRUDEOIL15OCT269400CE,341.0,200,BUY_AGGRESSOR,372000,80600
2026-09-24 15:30:38.469,CRUDEOIL,CE,9500.0,CRUDEOIL15OCT269500CE,308.3,700,BUY_AGGRESSOR,1452000,591600
2026-09-24 15:30:38.469,CRUDEOIL,CE,9600.0,CRUDEOIL15OCT269600CE,279.1,100,INSIDE,251500,66100
2026-09-24 15:30:38.469,CRUDEOIL,CE,9700.0,CRUDEOIL15OCT269700CE,253.2,100,BUY_AGGRESSOR,440800,45000
2026-09-24 15:30:38.469,CRUDEOIL,CE,9800.0,CRUDEOIL15OCT269800CE,230.1,200,BUY_AGGRESSOR,300000,108500
2026-09-24 15:30:38.469,CRUDEOIL,CE,9850.0,CRUDEOIL15OCT269850CE,219.1,100,BUY_AGGRESSOR,45000,12200
2026-09-24 15:30:38.469,CRUDEOILM,FUT,0.0,CRUDEOILM19OCT26FUT,9013.0,60,BUY,574050,414610
2026-09-24 15:30:38.469,CRUDEOILM,CE,9350.0,CRUDEOILM15OCT269350CE,366.9,90,BUY,34000,18430
2026-09-24 15:30:38.469,CRUDEOILM,CE,9500.0,CRUDEOILM15OCT269500CE,315.85,260,BUY_AGGRESSOR,172580,76620
2026-09-24 15:30:38.469,CRUDEOILM,CE,9550.0,CRUDEOILM15OCT269550CE,300.25,30,SELL,23320,4060
2026-09-24 15:30:38.469,CRUDEOILM,CE,9800.0,CRUDEOILM15OCT269800CE,233.1,50,BUY_AGGRESSOR,99700,35880
2026-09-24 15:30:38.469,CRUDEOILM,CE,9900.0,CRUDEOILM15OCT269900CE,210.0,10,INSIDE,184830,33970
2026-09-24 15:30:42.009,CRUDEOIL,FUT,0.0,CRUDEOIL19OCT26FUT,9013.0,400,SELL_AGGRESSOR,2045600,1299600
2026-09-24 15:30:42.009,CRUDEOIL,CE,9500.0,CRUDEOIL15OCT269500CE,308.0,200,SELL_AGGRESSOR,1452200,591400
2026-09-24 15:30:42.009,CRUDEOILM,FUT,0.0,CRUDEOILM19OCT26FUT,9013.0,20,SELL_AGGRESSOR,574070,414600
2026-09-24 15:30:42.009,CRUDEOILM,CE,9450.0,CRUDEOILM15OCT269450CE,333.0,110,BUY,37790,15670
2026-09-24 15:30:42.009,CRUDEOILM,PE,9500.0,CRUDEOILM15OCT269500PE,797.5,10,BUY_AGGRESSOR,6590,11590
2026-09-24 15:30:42.009,CRUDEOILM,CE,9600.0,CRUDEOILM15OCT269600CE,285.55,10,SELL_AGGRESSOR,66810,13990
2026-09-24 15:31:45.607,CRUDEOIL,FUT,0.0,CRUDEOIL19OCT26FUT,9008.0,2400,SELL_AGGRESSOR,2048000,1299600
2026-09-24 15:31:45.607,CRUDEOIL,CE,9350.0,CRUDEOIL15OCT269350CE,356.4,400,SELL_AGGRESSOR,102900,24900
2026-09-24 15:31:45.607,CRUDEOIL,CE,9400.0,CRUDEOIL15OCT269400CE,340.0,600,SELL,372600,80500
2026-09-24 15:31:45.607,CRUDEOIL,CE,9450.0,CRUDEOIL15OCT269450CE,324.0,200,SELL,75300,23900
2026-09-24 15:31:45.607,CRUDEOIL,CE,9500.0,CRUDEOIL15OCT269500CE,306.7,5100,SELL_AGGRESSOR,1457300,591200
2026-09-24 15:31:45.607,CRUDEOIL,CE,9550.0,CRUDEOIL15OCT269550CE,293.0,200,SELL,77600,16900
2026-09-24 15:31:45.607,CRUDEOIL,CE,9600.0,CRUDEOIL15OCT269600CE,277.0,2900,SELL_AGGRESSOR,254400,68300
2026-09-24 15:31:45.607,CRUDEOIL,CE,9700.0,CRUDEOIL15OCT269700CE,251.8,1100,SELL_AGGRESSOR,441900,45000
2026-09-24 15:31:45.607,CRUDEOIL,CE,9750.0,CRUDEOIL15OCT269750CE,239.0,500,SELL_AGGRESSOR,56300,13700
2026-09-24 15:31:45.607,CRUDEOIL,CE,9800.0,CRUDEOIL15OCT269800CE,227.3,1000,SELL_AGGRESSOR,301000,108900
2026-09-24 15:31:45.607,CRUDEOIL,CE,9850.0,CRUDEOIL15OCT269850CE,217.0,300,SELL,45300,12200
2026-09-24 15:31:45.607,CRUDEOIL,CE,9900.0,CRUDEOIL15OCT269900CE,206.4,200,SELL,222800,39200
2026-09-24 15:31:45.607,CRUDEOIL,CE,9950.0,CRUDEOIL15OCT269950CE,197.1,100,SELL,40100,8900
2026-09-24 15:31:45.607,CRUDEOILM,FUT,0.0,CRUDEOILM19OCT26FUT,9006.0,1210,SELL_AGGRESSOR,575280,414840
2026-09-24 15:31:45.607,CRUDEOILM,CE,9350.0,CRUDEOILM15OCT269350CE,363.55,10,SELL_AGGRESSOR,34010,18430
2026-09-24 15:31:45.607,CRUDEOILM,CE,9400.0,CRUDEOILM15OCT269400CE,345.0,30,SELL_AGGRESSOR,64650,36030
2026-09-24 15:31:45.607,CRUDEOILM,CE,9450.0,CRUDEOILM15OCT269450CE,331.45,110,SELL_AGGRESSOR,37900,15730
2026-09-24 15:31:45.607,CRUDEOILM,CE,9500.0,CRUDEOILM15OCT269500CE,313.8,290,SELL_AGGRESSOR,172870,76690
2026-09-24 15:31:45.607,CRUDEOILM,CE,9550.0,CRUDEOILM15OCT269550CE,299.85,10,SELL_AGGRESSOR,23330,4080
2026-09-24 15:31:45.607,CRUDEOILM,CE,9600.0,CRUDEOILM15OCT269600CE,283.7,10,SELL_AGGRESSOR,66820,13990
2026-09-24 15:31:45.607,CRUDEOILM,CE,9650.0,CRUDEOILM15OCT269650CE,269.55,20,SELL_AGGRESSOR,18540,3000
2026-09-24 15:31:45.607,CRUDEOILM,CE,9700.0,CRUDEOILM15OCT269700CE,255.45,80,SELL_AGGRESSOR,67490,16140
2026-09-24 15:31:45.607,CRUDEOILM,CE,9800.0,CRUDEOILM15OCT269800CE,232.0,140,SELL_AGGRESSOR,99840,35890
2026-09-24 15:31:45.607,CRUDEOILM,CE,9850.0,CRUDEOILM15OCT269850CE,222.0,40,SELL,15360,3390
2026-09-24 15:31:45.607,CRUDEOILM,CE,9900.0,CRUDEOILM15OCT269900CE,209.35,70,SELL,184900,33920
2026-09-24 15:31:49.265,CRUDEOIL,FUT,0.0,CRUDEOIL19OCT26FUT,9008.0,500,SELL_AGGRESSOR,2048500,1299400
2026-09-24 15:31:49.265,CRUDEOIL,PE,9500.0,CRUDEOIL15OCT269500PE,791.0,400,BUY,86200,98400
2026-09-24 15:31:49.265,CRUDEOILM,FUT,0.0,CRUDEOILM19OCT26FUT,9005.0,70,SELL_AGGRESSOR,575350,414870
2026-09-24 15:31:49.265,CRUDEOILM,CE,9400.0,CRUDEOILM15OCT269400CE,344.7,10,SELL_AGGRESSOR,64660,36030
2026-09-24 15:31:49.265,CRUDEOILM,CE,9500.0,CRUDEOILM15OCT269500CE,313.0,20,SELL_AGGRESSOR,172890,76710
2026-09-24 15:31:49.265,CRUDEOILM,CE,9600.0,CRUDEOILM15OCT269600CE,282.85,50,SELL_AGGRESSOR,66870,13980
2026-09-24 15:31:49.265,CRUDEOILM,CE,9700.0,CRUDEOILM15OCT269700CE,255.0,140,SELL_AGGRESSOR,67630,16140
2026-09-24 15:31:49.265,CRUDEOILM,CE,9800.0,CRUDEOILM15OCT269800CE,230.45,10,SELL_AGGRESSOR,99850,35880
2026-09-24 15:31:52.940,CRUDEOIL,FUT,0.0,CRUDEOIL19OCT26FUT,9009.0,500,BUY_AGGRESSOR,2049000,1299900
2026-09-24 15:31:52.940,CRUDEOIL,CE,9550.0,CRUDEOIL15OCT269550CE,292.9,100,BUY_AGGRESSOR,77700,16900
2026-09-24 15:31:52.940,CRUDEOIL,CE,9700.0,CRUDEOIL15OCT269700CE,252.0,200,BUY_AGGRESSOR,442100,45100
2026-09-24 15:31:52.940,CRUDEOIL,CE,9800.0,CRUDEOIL15OCT269800CE,228.3,100,BUY_AGGRESSOR,301100,108900
2026-09-24 15:31:52.940,CRUDEOIL,CE,9900.0,CRUDEOIL15OCT269900CE,206.3,200,BUY_AGGRESSOR,223000,39300
2026-09-24 15:31:52.940,CRUDEOILM,FUT,0.0,CRUDEOILM19OCT26FUT,9006.0,70,BUY,575420,414870
2026-09-24 15:31:52.940,CRUDEOILM,CE,9500.0,CRUDEOILM15OCT269500CE,314.4,430,BUY_AGGRESSOR,173320,76830
2026-09-24 15:31:52.940,CRUDEOILM,CE,9700.0,CRUDEOILM15OCT269700CE,255.4,10,BUY_AGGRESSOR,67640,16130
2026-09-24 15:31:52.940,CRUDEOILM,CE,9800.0,CRUDEOILM15OCT269800CE,231.0,70,BUY_AGGRESSOR,99920,35880
2026-09-24 15:31:56.477,CRUDEOIL,FUT,0.0,CRUDEOIL19OCT26FUT,9007.0,100,SELL_AGGRESSOR,2049100,1299900
2026-09-24 15:31:56.477,CRUDEOIL,CE,9500.0,CRUDEOIL15OCT269500CE,305.7,2600,SELL_AGGRESSOR,1459900,589100
2026-09-24 15:31:56.477,CRUDEOIL,CE,9600.0,CRUDEOIL15OCT269600CE,278.0,500,BUY_AGGRESSOR,254900,67800
2026-09-24 15:31:56.477,CRUDEOIL,CE,9800.0,CRUDEOIL15OCT269800CE,228.6,100,BUY,301200,109000
2026-09-24 15:31:56.477,CRUDEOILM,CE,9400.0,CRUDEOILM15OCT269400CE,345.8,20,BUY,64680,36030
2026-09-24 15:31:56.477,CRUDEOILM,CE,9500.0,CRUDEOILM15OCT269500CE,313.3,10,SELL_AGGRESSOR,173330,76830
2026-09-24 15:31:56.477,CRUDEOILM,PE,9500.0,CRUDEOILM15OCT269500PE,799.95,10,BUY_AGGRESSOR,6600,11600
2026-09-24 15:31:56.477,CRUDEOILM,CE,9650.0,CRUDEOILM15OCT269650CE,266.75,340,SELL_AGGRESSOR,18880,3060
2026-09-24 15:31:56.477,CRUDEOILM,CE,9700.0,CRUDEOILM15OCT269700CE,255.45,10,SELL_AGGRESSOR,67650,16120
