timestamp_minute,asset,instrument_type,strike,trading_symbol,open,high,low,close,volume,tick_count
2026-09-25 21:21:00,SENSEX,FUT,0.0,SENSEX26OCTFUT,74600.0,74600.0,74600.0,74600.0,0,7
2026-09-25 21:21:00,SENSEX,SPOT,0.0,SENSEX,73895.74,73895.74,73895.74,73895.74,0,7
2026-09-25 21:21:00,SENSEX,CE,73300.0,SENSEX26O0173300CE,965.55,965.55,965.55,965.55,0,7
2026-09-25 21:21:00,SENSEX,PE,73300.0,SENSEX26O0173300PE,166.0,166.0,166.0,166.0,0,7
2026-09-25 21:21:00,SENSEX,CE,73400.0,SENSEX26O0173400CE,893.45,893.45,893.45,893.45,0,7
2026-09-25 21:21:00,SENSEX,PE,73400.0,SENSEX26O0173400PE,187.65,187.65,187.65,187.65,0,7
2026-09-25 21:21:00,SENSEX,CE,73500.0,SENSEX26O0173500CE,801.0,801.0,801.0,801.0,0,7
2026-09-25 21:21:00,SENSEX,PE,73500.0,SENSEX26O0173500PE,211.85,211.85,211.85,211.85,0,7
2026-09-25 21:21:00,SENSEX,CE,73600.0,SENSEX26O0173600CE,721.5,721.5,721.5,721.5,0,7
2026-09-25 21:21:00,SENSEX,PE,73600.0,SENSEX26O0173600PE,235.3,235.3,235.3,235.3,0,7
2026-09-25 21:21:00,SENSEX,CE,73700.0,SENSEX26O0173700CE,655.0,655.0,655.0,655.0,0,7
2026-09-25 21:21:00,SENSEX,PE,73700.0,SENSEX26O0173700PE,270.0,270.0,270.0,270.0,0,7
2026-09-25 21:21:00,SENSEX,CE,73800.0,SENSEX26O0173800CE,607.2,607.2,607.2,607.2,0,7
2026-09-25 21:21:00,SENSEX,PE,73800.0,SENSEX26O0173800PE,304.0,304.0,304.0,304.0,0,7
2026-09-25 21:21:00,SENSEX,CE,73900.0,SENSEX26O0173900CE,545.0,545.0,545.0,545.0,0,7
2026-09-25 21:21:00,SENSEX,PE,73900.0,SENSEX26O0173900PE,340.05,340.05,340.05,340.05,0,7
2026-09-25 21:21:00,SENSEX,CE,74000.0,SENSEX26O0174000CE,484.1,484.1,484.1,484.1,0,7
2026-09-25 21:21:00,SENSEX,PE,74000.0,SENSEX26O0174000PE,388.5,388.5,388.5,388.5,0,7
2026-09-25 21:21:00,SENSEX,CE,74100.0,SENSEX26O0174100CE,424.65,424.65,424.65,424.65,0,7
2026-09-25 21:21:00,SENSEX,PE,74100.0,SENSEX26O0174100PE,424.05,424.05,424.05,424.05,0,7
2026-09-25 21:21:00,SENSEX,CE,74200.0,SENSEX26O0174200CE,380.4,380.4,380.4,380.4,0,7
2026-09-25 21:21:00,SENSEX,PE,74200.0,SENSEX26O0174200PE,484.8,484.8,484.8,484.8,0,7
2026-09-25 21:21:00,SENSEX,CE,74300.0,SENSEX26O0174300CE,333.5,333.5,333.5,333.5,0,7
2026-09-25 21:21:00,SENSEX,PE,74300.0,SENSEX26O0174300PE,523.2,523.2,523.2,523.2,0,7
2026-09-25 21:21:00,SENSEX,CE,74400.0,SENSEX26O0174400CE,285.6,285.6,285.6,285.6,0,7
2026-09-25 21:21:00,SENSEX,PE,74400.0,SENSEX26O0174400PE,583.55,583.55,583.55,583.55,0,7
2026-09-25 21:21:00,SENSEX,CE,74500.0,SENSEX26O0174500CE,249.2,249.2,249.2,249.2,0,7
2026-09-25 21:21:00,SENSEX,PE,74500.0,SENSEX26O0174500PE,636.0,636.0,636.0,636.0,0,7
2026-09-25 21:22:00,SENSEX,FUT,0.0,SENSEX26OCTFUT,74600.0,74600.0,74600.0,74600.0,0,19
2026-09-25 21:22:00,SENSEX,SPOT,0.0,SENSEX,73895.74,73895.74,73895.74,73895.74,0,19
2026-09-25 21:22:00,SENSEX,CE,73300.0,SENSEX26O0173300CE,965.55,965.55,965.55,965.55,0,19
2026-09-25 21:22:00,SENSEX,PE,73300.0,SENSEX26O0173300PE,166.0,166.0,166.0,166.0,0,19
2026-09-25 21:22:00,SENSEX,CE,73400.0,SENSEX26O0173400CE,893.45,893.45,893.45,893.45,0,19
2026-09-25 21:22:00,SENSEX,PE,73400.0,SENSEX26O0173400PE,187.65,187.65,187.65,187.65,0,19
2026-09-25 21:22:00,SENSEX,CE,73500.0,SENSEX26O0173500CE,801.0,801.0,801.0,801.0,0,19
2026-09-25 21:22:00,SENSEX,PE,73500.0,SENSEX26O0173500PE,211.85,211.85,211.85,211.85,0,19
2026-09-25 21:22:00,SENSEX,CE,73600.0,SENSEX26O0173600CE,721.5,721.5,721.5,721.5,0,19
2026-09-25 21:22:00,SENSEX,PE,73600.0,SENSEX26O0173600PE,235.3,235.3,235.3,235.3,0,19
2026-09-25 21:22:00,SENSEX,CE,73700.0,SENSEX26O0173700CE,655.0,655.0,655.0,655.0,0,19
2026-09-25 21:22:00,SENSEX,PE,73700.0,SENSEX26O0173700PE,270.0,270.0,270.0,270.0,0,19
2026-09-25 21:22:00,SENSEX,CE,73800.0,SENSEX26O0173800CE,607.2,607.2,607.2,607.2,0,19
2026-09-25 21:22:00,SENSEX,PE,73800.0,SENSEX26O0173800PE,304.0,304.0,304.0,304.0,0,19
2026-09-25 21:22:00,SENSEX,CE,73900.0,SENSEX26O0173900CE,545.0,545.0,545.0,545.0,0,19
2026-09-25 21:22:00,SENSEX,PE,73900.0,SENSEX26O0173900PE,340.05,340.05,340.05,340.05,0,19
2026-09-25 21:22:00,SENSEX,CE,74000.0,SENSEX26O0174000CE,484.1,484.1,484.1,484.1,0,19
2026-09-25 21:22:00,SENSEX,PE,74000.0,SENSEX26O0174000PE,388.5,388.5,388.5,388.5,0,19
2026-09-25 21:22:00,SENSEX,CE,74100.0,SENSEX26O0174100CE,424.65,424.65,424.65,424.65,0,19
2026-09-25 21:22:00,SENSEX,PE,74100.0,SENSEX26O0174100PE,424.05,424.05,424.05,424.05,0,19
2026-09-25 21:22:00,SENSEX,CE,74200.0,SENSEX26O0174200CE,380.4,380.4,380.4,380.4,0,19
2026-09-25 21:22:00,SENSEX,PE,74200.0,SENSEX26O0174200PE,484.8,484.8,484.8,484.8,0,19
2026-09-25 21:22:00,SENSEX,CE,74300.0,SENSEX26O0174300CE,333.5,333.5,333.5,333.5,0,19
2026-09-25 21:22:00,SENSEX,PE,74300.0,SENSEX26O0174300PE,523.2,523.2,523.2,523.2,0,19
2026-09-25 21:22:00,SENSEX,CE,74400.0,SENSEX26O0174400CE,285.6,285.6,285.6,285.6,0,19
2026-09-25 21:22:00,SENSEX,PE,74400.0,SENSEX26O0174400PE,583.55,583.55,583.55,583.55,0,19
2026-09-25 21:22:00,SENSEX,CE,74500.0,SENSEX26O0174500CE,249.2,249.2,249.2,249.2,0,19
2026-09-25 21:22:00,SENSEX,PE,74500.0,SENSEX26O0174500PE,636.0,636.0,636.0,636.0,0,19
2026-09-25 21:23:00,SENSEX,FUT,0.0,SENSEX26OCTFUT,74600.0,74600.0,74600.0,74600.0,0,4
2026-09-25 21:23:00,SENSEX,SPOT,0.0,SENSEX,73895.74,73895.74,73895.74,73895.74,0,4
2026-09-25 21:23:00,SENSEX,CE,73300.0,SENSEX26O0173300CE,965.55,965.55,965.55,965.55,0,4
2026-09-25 21:23:00,SENSEX,PE,73300.0,SENSEX26O0173300PE,166.0,166.0,166.0,166.0,0,4
2026-09-25 21:23:00,SENSEX,CE,73400.0,SENSEX26O0173400CE,893.45,893.45,893.45,893.45,0,4
2026-09-25 21:23:00,SENSEX,PE,73400.0,SENSEX26O0173400PE,187.65,187.65,187.65,187.65,0,4
2026-09-25 21:23:00,SENSEX,CE,73500.0,SENSEX26O0173500CE,801.0,801.0,801.0,801.0,0,4
2026-09-25 21:23:00,SENSEX,PE,73500.0,SENSEX26O0173500PE,211.85,211.85,211.85,211.85,0,4
2026-09-25 21:23:00,SENSEX,CE,73600.0,SENSEX26O0173600CE,721.5,721.5,721.5,721.5,0,4
2026-09-25 21:23:00,SENSEX,PE,73600.0,SENSEX26O0173600PE,235.3,235.3,235.3,235.3,0,4
2026-09-25 21:23:00,SENSEX,CE,73700.0,SENSEX26O0173700CE,655.0,655.0,655.0,655.0,0,4
2026-09-25 21:23:00,SENSEX,PE,73700.0,SENSEX26O0173700PE,270.0,270.0,270.0,270.0,0,4
2026-09-25 21:23:00,SENSEX,CE,73800.0,SENSEX26O0173800CE,607.2,607.2,607.2,607.2,0,4
2026-09-25 21:23:00,SENSEX,PE,73800.0,SENSEX26O0173800PE,304.0,304.0,304.0,304.0,0,4
2026-09-25 21:23:00,SENSEX,CE,73900.0,SENSEX26O0173900CE,545.0,545.0,545.0,545.0,0,4
2026-09-25 21:23:00,SENSEX,PE,73900.0,SENSEX26O0173900PE,340.05,340.05,340.05,340.05,0,4
2026-09-25 21:23:00,SENSEX,CE,74000.0,SENSEX26O0174000CE,484.1,484.1,484.1,484.1,0,4
2026-09-25 21:23:00,SENSEX,PE,74000.0,SENSEX26O0174000PE,388.5,388.5,388.5,388.5,0,4
2026-09-25 21:23:00,SENSEX,CE,74100.0,SENSEX26O0174100CE,424.65,424.65,424.65,424.65,0,4
2026-09-25 21:23:00,SENSEX,PE,74100.0,SENSEX26O0174100PE,424.05,424.05,424.05,424.05,0,4
2026-09-25 21:23:00,SENSEX,CE,74200.0,SENSEX26O0174200CE,380.4,380.4,380.4,380.4,0,4
2026-09-25 21:23:00,SENSEX,PE,74200.0,SENSEX26O0174200PE,484.8,484.8,484.8,484.8,0,4
2026-09-25 21:23:00,SENSEX,CE,74300.0,SENSEX26O0174300CE,333.5,333.5,333.5,333.5,0,4
2026-09-25 21:23:00,SENSEX,PE,74300.0,SENSEX26O0174300PE,523.2,523.2,523.2,523.2,0,4
2026-09-25 21:23:00,SENSEX,CE,74400.0,SENSEX26O0174400CE,285.6,285.6,285.6,285.6,0,4
2026-09-25 21:23:00,SENSEX,PE,74400.0,SENSEX26O0174400PE,583.55,583.55,583.55,583.55,0,4
2026-09-25 21:23:00,SENSEX,CE,74500.0,SENSEX26O0174500CE,249.2,249.2,249.2,249.2,0,4
2026-09-25 21:23:00,SENSEX,PE,74500.0,SENSEX26O0174500PE,636.0,636.0,636.0,636.0,0,4
2026-09-25 21:24:00,SENSEX,FUT,0.0,SENSEX26OCTFUT,74600.0,74600.0,74600.0,74600.0,0,14
2026-09-25 21:24:00,SENSEX,SPOT,0.0,SENSEX,73895.74,73895.74,73895.74,73895.74,0,14
2026-09-25 21:24:00,SENSEX,CE,73300.0,SENSEX26O0173300CE,965.55,965.55,965.55,965.55,0,14
2026-09-25 21:24:00,SENSEX,PE,73300.0,SENSEX26O0173300PE,166.0,166.0,166.0,166.0,0,14
2026-09-25 21:24:00,SENSEX,CE,73400.0,SENSEX26O0173400CE,893.45,893.45,893.45,893.45,0,14
2026-09-25 21:24:00,SENSEX,PE,73400.0,SENSEX26O0173400PE,187.65,187.65,187.65,187.65,0,14
2026-09-25 21:24:00,SENSEX,CE,73500.0,SENSEX26O0173500CE,801.0,801.0,801.0,801.0,0,14
2026-09-25 21:24:00,SENSEX,PE,73500.0,SENSEX26O0173500PE,211.85,211.85,211.85,211.85,0,14
2026-09-25 21:24:00,SENSEX,CE,73600.0,SENSEX26O0173600CE,721.5,721.5,721.5,721.5,0,14
2026-09-25 21:24:00,SENSEX,PE,73600.0,SENSEX26O0173600PE,235.3,235.3,235.3,235.3,0,14
2026-09-25 21:24:00,SENSEX,CE,73700.0,SENSEX26O0173700CE,655.0,655.0,655.0,655.0,0,14
2026-09-25 21:24:00,SENSEX,PE,73700.0,SENSEX26O0173700PE,270.0,270.0,270.0,270.0,0,14
2026-09-25 21:24:00,SENSEX,CE,73800.0,SENSEX26O0173800CE,607.2,607.2,607.2,607.2,0,14
2026-09-25 21:24:00,SENSEX,PE,73800.0,SENSEX26O0173800PE,304.0,304.0,304.0,304.0,0,14
2026-09-25 21:24:00,SENSEX,CE,73900.0,SENSEX26O0173900CE,545.0,545.0,545.0,545.0,0,14
2026-09-25 21:24:00,SENSEX,PE,73900.0,SENSEX26O0173900PE,340.05,340.05,340.05,340.05,0,14
2026-09-25 21:24:00,SENSEX,CE,74000.0,SENSEX26O0174000CE,484.1,484.1,484.1,484.1,0,14
2026-09-25 21:24:00,SENSEX,PE,74000.0,SENSEX26O0174000PE,388.5,388.5,388.5,388.5,0,14
2026-09-25 21:24:00,SENSEX,CE,74100.0,SENSEX26O0174100CE,424.65,424.65,424.65,424.65,0,14
2026-09-25 21:24:00,SENSEX,PE,74100.0,SENSEX26O0174100PE,424.05,424.05,424.05,424.05,0,14
2026-09-25 21:24:00,SENSEX,CE,74200.0,SENSEX26O0174200CE,380.4,380.4,380.4,380.4,0,14
2026-09-25 21:24:00,SENSEX,PE,74200.0,SENSEX26O0174200PE,484.8,484.8,484.8,484.8,0,14
2026-09-25 21:24:00,SENSEX,CE,74300.0,SENSEX26O0174300CE,333.5,333.5,333.5,333.5,0,14
2026-09-25 21:24:00,SENSEX,PE,74300.0,SENSEX26O0174300PE,523.2,523.2,523.2,523.2,0,14
2026-09-25 21:24:00,SENSEX,CE,74400.0,SENSEX26O0174400CE,285.6,285.6,285.6,285.6,0,14
2026-09-25 21:24:00,SENSEX,PE,74400.0,SENSEX26O0174400PE,583.55,583.55,583.55,583.55,0,14
2026-09-25 21:24:00,SENSEX,CE,74500.0,SENSEX26O0174500CE,249.2,249.2,249.2,249.2,0,14
2026-09-25 21:24:00,SENSEX,PE,74500.0,SENSEX26O0174500PE,636.0,636.0,636.0,636.0,0,14
2026-09-25 21:25:00,SENSEX,FUT,0.0,SENSEX26OCTFUT,74600.0,74600.0,74600.0,74600.0,0,19
2026-09-25 21:25:00,SENSEX,SPOT,0.0,SENSEX,73895.74,73895.74,73895.74,73895.74,0,19
2026-09-25 21:25:00,SENSEX,CE,73300.0,SENSEX26O0173300CE,965.55,965.55,965.55,965.55,0,19
2026-09-25 21:25:00,SENSEX,PE,73300.0,SENSEX26O0173300PE,166.0,166.0,166.0,166.0,0,19
2026-09-25 21:25:00,SENSEX,CE,73400.0,SENSEX26O0173400CE,893.45,893.45,893.45,893.45,0,19
2026-09-25 21:25:00,SENSEX,PE,73400.0,SENSEX26O0173400PE,187.65,187.65,187.65,187.65,0,19
2026-09-25 21:25:00,SENSEX,CE,73500.0,SENSEX26O0173500CE,801.0,801.0,801.0,801.0,0,19
2026-09-25 21:25:00,SENSEX,PE,73500.0,SENSEX26O0173500PE,211.85,211.85,211.85,211.85,0,19
2026-09-25 21:25:00,SENSEX,CE,73600.0,SENSEX26O0173600CE,721.5,721.5,721.5,721.5,0,19
2026-09-25 21:25:00,SENSEX,PE,73600.0,SENSEX26O0173600PE,235.3,235.3,235.3,235.3,0,19
2026-09-25 21:25:00,SENSEX,CE,73700.0,SENSEX26O0173700CE,655.0,655.0,655.0,655.0,0,19
2026-09-25 21:25:00,SENSEX,PE,73700.0,SENSEX26O0173700PE,270.0,270.0,270.0,270.0,0,19
2026-09-25 21:25:00,SENSEX,CE,73800.0,SENSEX26O0173800CE,607.2,607.2,607.2,607.2,0,19
2026-09-25 21:25:00,SENSEX,PE,73800.0,SENSEX26O0173800PE,304.0,304.0,304.0,304.0,0,19
2026-09-25 21:25:00,SENSEX,CE,73900.0,SENSEX26O0173900CE,545.0,545.0,545.0,545.0,0,19
2026-09-25 21:25:00,SENSEX,PE,73900.0,SENSEX26O0173900PE,340.05,340.05,340.05,340.05,0,19
2026-09-25 21:25:00,SENSEX,CE,74000.0,SENSEX26O0174000CE,484.1,484.1,484.1,484.1,0,19
2026-09-25 21:25:00,SENSEX,PE,74000.0,SENSEX26O0174000PE,388.5,388.5,388.5,388.5,0,19
2026-09-25 21:25:00,SENSEX,CE,74100.0,SENSEX26O0174100CE,424.65,424.65,424.65,424.65,0,19
2026-09-25 21:25:00,SENSEX,PE,74100.0,SENSEX26O0174100PE,424.05,424.05,424.05,424.05,0,19
2026-09-25 21:25:00,SENSEX,CE,74200.0,SENSEX26O0174200CE,380.4,380.4,380.4,380.4,0,19
2026-09-25 21:25:00,SENSEX,PE,74200.0,SENSEX26O0174200PE,484.8,484.8,484.8,484.8,0,19
2026-09-25 21:25:00,SENSEX,CE,74300.0,SENSEX26O0174300CE,333.5,333.5,333.5,333.5,0,19
2026-09-25 21:25:00,SENSEX,PE,74300.0,SENSEX26O0174300PE,523.2,523.2,523.2,523.2,0,19
2026-09-25 21:25:00,SENSEX,CE,74400.0,SENSEX26O0174400CE,285.6,285.6,285.6,285.6,0,19
2026-09-25 21:25:00,SENSEX,PE,74400.0,SENSEX26O0174400PE,583.55,583.55,583.55,583.55,0,19
2026-09-25 21:25:00,SENSEX,CE,74500.0,SENSEX26O0174500CE,249.2,249.2,249.2,249.2,0,19
2026-09-25 21:25:00,SENSEX,PE,74500.0,SENSEX26O0174500PE,636.0,636.0,636.0,636.0,0,19
2026-09-25 21:26:00,SENSEX,FUT,0.0,SENSEX26OCTFUT,74600.0,74600.0,74600.0,74600.0,0,19
2026-09-25 21:26:00,SENSEX,SPOT,0.0,SENSEX,73895.74,73895.74,73895.74,73895.74,0,19
2026-09-25 21:26:00,SENSEX,CE,73300.0,SENSEX26O0173300CE,965.55,965.55,965.55,965.55,0,19
2026-09-25 21:26:00,SENSEX,PE,73300.0,SENSEX26O0173300PE,166.0,166.0,166.0,166.0,0,19
2026-09-25 21:26:00,SENSEX,CE,73400.0,SENSEX26O0173400CE,893.45,893.45,893.45,893.45,0,19
2026-09-25 21:26:00,SENSEX,PE,73400.0,SENSEX26O0173400PE,187.65,187.65,187.65,187.65,0,19
2026-09-25 21:26:00,SENSEX,CE,73500.0,SENSEX26O0173500CE,801.0,801.0,801.0,801.0,0,19
2026-09-25 21:26:00,SENSEX,PE,73500.0,SENSEX26O0173500PE,211.85,211.85,211.85,211.85,0,19
2026-09-25 21:26:00,SENSEX,CE,73600.0,SENSEX26O0173600CE,721.5,721.5,721.5,721.5,0,19
2026-09-25 21:26:00,SENSEX,PE,73600.0,SENSEX26O0173600PE,235.3,235.3,235.3,235.3,0,19
2026-09-25 21:26:00,SENSEX,CE,73700.0,SENSEX26O0173700CE,655.0,655.0,655.0,655.0,0,19
2026-09-25 21:26:00,SENSEX,PE,73700.0,SENSEX26O0173700PE,270.0,270.0,270.0,270.0,0,19
2026-09-25 21:26:00,SENSEX,CE,73800.0,SENSEX26O0173800CE,607.2,607.2,607.2,607.2,0,19
2026-09-25 21:26:00,SENSEX,PE,73800.0,SENSEX26O0173800PE,304.0,304.0,304.0,304.0,0,19
2026-09-25 21:26:00,SENSEX,CE,73900.0,SENSEX26O0173900CE,545.0,545.0,545.0,545.0,0,19
2026-09-25 21:26:00,SENSEX,PE,73900.0,SENSEX26O0173900PE,340.05,340.05,340.05,340.05,0,19
2026-09-25 21:26:00,SENSEX,CE,74000.0,SENSEX26O0174000CE,484.1,484.1,484.1,484.1,0,19
2026-09-25 21:26:00,SENSEX,PE,74000.0,SENSEX26O0174000PE,388.5,388.5,388.5,388.5,0,19
2026-09-25 21:26:00,SENSEX,CE,74100.0,SENSEX26O0174100CE,424.65,424.65,424.65,424.65,0,19
2026-09-25 21:26:00,SENSEX,PE,74100.0,SENSEX26O0174100PE,424.05,424.05,424.05,424.05,0,19
2026-09-25 21:26:00,SENSEX,CE,74200.0,SENSEX26O0174200CE,380.4,380.4,380.4,380.4,0,19
2026-09-25 21:26:00,SENSEX,PE,74200.0,SENSEX26O0174200PE,484.8,484.8,484.8,484.8,0,19
2026-09-25 21:26:00,SENSEX,CE,74300.0,SENSEX26O0174300CE,333.5,333.5,333.5,333.5,0,19
2026-09-25 21:26:00,SENSEX,PE,74300.0,SENSEX26O0174300PE,523.2,523.2,523.2,523.2,0,19
2026-09-25 21:26:00,SENSEX,CE,74400.0,SENSEX26O0174400CE,285.6,285.6,285.6,285.6,0,19
2026-09-25 21:26:00,SENSEX,PE,74400.0,SENSEX26O0174400PE,583.55,583.55,583.55,583.55,0,19
2026-09-25 21:26:00,SENSEX,CE,74500.0,SENSEX26O0174500CE,249.2,249.2,249.2,249.2,0,19
2026-09-25 21:26:00,SENSEX,PE,74500.0,SENSEX26O0174500PE,636.0,636.0,636.0,636.0,0,19
2026-09-25 21:27:00,SENSEX,FUT,0.0,SENSEX26OCTFUT,74600.0,74600.0,74600.0,74600.0,0,18
2026-09-25 21:27:00,SENSEX,SPOT,0.0,SENSEX,73895.74,73895.74,73895.74,73895.74,0,18
2026-09-25 21:27:00,SENSEX,CE,73300.0,SENSEX26O0173300CE,965.55,965.55,965.55,965.55,0,18
2026-09-25 21:27:00,SENSEX,PE,73300.0,SENSEX26O0173300PE,166.0,166.0,166.0,166.0,0,18
2026-09-25 21:27:00,SENSEX,CE,73400.0,SENSEX26O0173400CE,893.45,893.45,893.45,893.45,0,18
2026-09-25 21:27:00,SENSEX,PE,73400.0,SENSEX26O0173400PE,187.65,187.65,187.65,187.65,0,18
2026-09-25 21:27:00,SENSEX,CE,73500.0,SENSEX26O0173500CE,801.0,801.0,801.0,801.0,0,18
2026-09-25 21:27:00,SENSEX,PE,73500.0,SENSEX26O0173500PE,211.85,211.85,211.85,211.85,0,18
2026-09-25 21:27:00,SENSEX,CE,73600.0,SENSEX26O0173600CE,721.5,721.5,721.5,721.5,0,18
2026-09-25 21:27:00,SENSEX,PE,73600.0,SENSEX26O0173600PE,235.3,235.3,235.3,235.3,0,18
2026-09-25 21:27:00,SENSEX,CE,73700.0,SENSEX26O0173700CE,655.0,655.0,655.0,655.0,0,18
2026-09-25 21:27:00,SENSEX,PE,73700.0,SENSEX26O0173700PE,270.0,270.0,270.0,270.0,0,18
2026-09-25 21:27:00,SENSEX,CE,73800.0,SENSEX26O0173800CE,607.2,607.2,607.2,607.2,0,18
2026-09-25 21:27:00,SENSEX,PE,73800.0,SENSEX26O0173800PE,304.0,304.0,304.0,304.0,0,18
2026-09-25 21:27:00,SENSEX,CE,73900.0,SENSEX26O0173900CE,545.0,545.0,545.0,545.0,0,18
2026-09-25 21:27:00,SENSEX,PE,73900.0,SENSEX26O0173900PE,340.05,340.05,340.05,340.05,0,18
2026-09-25 21:27:00,SENSEX,CE,74000.0,SENSEX26O0174000CE,484.1,484.1,484.1,484.1,0,18
2026-09-25 21:27:00,SENSEX,PE,74000.0,SENSEX26O0174000PE,388.5,388.5,388.5,388.5,0,18
2026-09-25 21:27:00,SENSEX,CE,74100.0,SENSEX26O0174100CE,424.65,424.65,424.65,424.65,0,18
2026-09-25 21:27:00,SENSEX,PE,74100.0,SENSEX26O0174100PE,424.05,424.05,424.05,424.05,0,18
2026-09-25 21:27:00,SENSEX,CE,74200.0,SENSEX26O0174200CE,380.4,380.4,380.4,380.4,0,18
2026-09-25 21:27:00,SENSEX,PE,74200.0,SENSEX26O0174200PE,484.8,484.8,484.8,484.8,0,18
2026-09-25 21:27:00,SENSEX,CE,74300.0,SENSEX26O0174300CE,333.5,333.5,333.5,333.5,0,18
2026-09-25 21:27:00,SENSEX,PE,74300.0,SENSEX26O0174300PE,523.2,523.2,523.2,523.2,0,18
2026-09-25 21:27:00,SENSEX,CE,74400.0,SENSEX26O0174400CE,285.6,285.6,285.6,285.6,0,18
2026-09-25 21:27:00,SENSEX,PE,74400.0,SENSEX26O0174400PE,583.55,583.55,583.55,583.55,0,18
2026-09-25 21:27:00,SENSEX,CE,74500.0,SENSEX26O0174500CE,249.2,249.2,249.2,249.2,0,18
2026-09-25 21:27:00,SENSEX,PE,74500.0,SENSEX26O0174500PE,636.0,636.0,636.0,636.0,0,18
2026-09-25 21:28:00,SENSEX,FUT,0.0,SENSEX26OCTFUT,74600.0,74600.0,74600.0,74600.0,0,17
2026-09-25 21:28:00,SENSEX,SPOT,0.0,SENSEX,73895.74,73895.74,73895.74,73895.74,0,17
2026-09-25 21:28:00,SENSEX,CE,73300.0,SENSEX26O0173300CE,965.55,965.55,965.55,965.55,0,17
2026-09-25 21:28:00,SENSEX,PE,73300.0,SENSEX26O0173300PE,166.0,166.0,166.0,166.0,0,17
2026-09-25 21:28:00,SENSEX,CE,73400.0,SENSEX26O0173400CE,893.45,893.45,893.45,893.45,0,17
2026-09-25 21:28:00,SENSEX,PE,73400.0,SENSEX26O0173400PE,187.65,187.65,187.65,187.65,0,17
2026-09-25 21:28:00,SENSEX,CE,73500.0,SENSEX26O0173500CE,801.0,801.0,801.0,801.0,0,17
2026-09-25 21:28:00,SENSEX,PE,73500.0,SENSEX26O0173500PE,211.85,211.85,211.85,211.85,0,17
2026-09-25 21:28:00,SENSEX,CE,73600.0,SENSEX26O0173600CE,721.5,721.5,721.5,721.5,0,17
2026-09-25 21:28:00,SENSEX,PE,73600.0,SENSEX26O0173600PE,235.3,235.3,235.3,235.3,0,17
2026-09-25 21:28:00,SENSEX,CE,73700.0,SENSEX26O0173700CE,655.0,655.0,655.0,655.0,0,17
2026-09-25 21:28:00,SENSEX,PE,73700.0,SENSEX26O0173700PE,270.0,270.0,270.0,270.0,0,17
2026-09-25 21:28:00,SENSEX,CE,73800.0,SENSEX26O0173800CE,607.2,607.2,607.2,607.2,0,17
2026-09-25 21:28:00,SENSEX,PE,73800.0,SENSEX26O0173800PE,304.0,304.0,304.0,304.0,0,17
2026-09-25 21:28:00,SENSEX,CE,73900.0,SENSEX26O0173900CE,545.0,545.0,545.0,545.0,0,17
2026-09-25 21:28:00,SENSEX,PE,73900.0,SENSEX26O0173900PE,340.05,340.05,340.05,340.05,0,17
2026-09-25 21:28:00,SENSEX,CE,74000.0,SENSEX26O0174000CE,484.1,484.1,484.1,484.1,0,17
2026-09-25 21:28:00,SENSEX,PE,74000.0,SENSEX26O0174000PE,388.5,388.5,388.5,388.5,0,17
2026-09-25 21:28:00,SENSEX,CE,74100.0,SENSEX26O0174100CE,424.65,424.65,424.65,424.65,0,17
2026-09-25 21:28:00,SENSEX,PE,74100.0,SENSEX26O0174100PE,424.05,424.05,424.05,424.05,0,17
2026-09-25 21:28:00,SENSEX,CE,74200.0,SENSEX26O0174200CE,380.4,380.4,380.4,380.4,0,17
2026-09-25 21:28:00,SENSEX,PE,74200.0,SENSEX26O0174200PE,484.8,484.8,484.8,484.8,0,17
2026-09-25 21:28:00,SENSEX,CE,74300.0,SENSEX26O0174300CE,333.5,333.5,333.5,333.5,0,17
2026-09-25 21:28:00,SENSEX,PE,74300.0,SENSEX26O0174300PE,523.2,523.2,523.2,523.2,0,17
2026-09-25 21:28:00,SENSEX,CE,74400.0,SENSEX26O0174400CE,285.6,285.6,285.6,285.6,0,17
2026-09-25 21:28:00,SENSEX,PE,74400.0,SENSEX26O0174400PE,583.55,583.55,583.55,583.55,0,17
2026-09-25 21:28:00,SENSEX,CE,74500.0,SENSEX26O0174500CE,249.2,249.2,249.2,249.2,0,17
2026-09-25 21:28:00,SENSEX,PE,74500.0,SENSEX26O0174500PE,636.0,636.0,636.0,636.0,0,17
2026-09-25 21:29:00,SENSEX,FUT,0.0,SENSEX26OCTFUT,74600.0,74600.0,74600.0,74600.0,0,18
2026-09-25 21:29:00,SENSEX,SPOT,0.0,SENSEX,73895.74,73895.74,73895.74,73895.74,0,18
2026-09-25 21:29:00,SENSEX,CE,73300.0,SENSEX26O0173300CE,965.55,965.55,965.55,965.55,0,18
2026-09-25 21:29:00,SENSEX,PE,73300.0,SENSEX26O0173300PE,166.0,166.0,166.0,166.0,0,18
2026-09-25 21:29:00,SENSEX,CE,73400.0,SENSEX26O0173400CE,893.45,893.45,893.45,893.45,0,18
2026-09-25 21:29:00,SENSEX,PE,73400.0,SENSEX26O0173400PE,187.65,187.65,187.65,187.65,0,18
2026-09-25 21:29:00,SENSEX,CE,73500.0,SENSEX26O0173500CE,801.0,801.0,801.0,801.0,0,18
2026-09-25 21:29:00,SENSEX,PE,73500.0,SENSEX26O0173500PE,211.85,211.85,211.85,211.85,0,18
2026-09-25 21:29:00,SENSEX,CE,73600.0,SENSEX26O0173600CE,721.5,721.5,721.5,721.5,0,18
2026-09-25 21:29:00,SENSEX,PE,73600.0,SENSEX26O0173600PE,235.3,235.3,235.3,235.3,0,18
2026-09-25 21:29:00,SENSEX,CE,73700.0,SENSEX26O0173700CE,655.0,655.0,655.0,655.0,0,18
2026-09-25 21:29:00,SENSEX,PE,73700.0,SENSEX26O0173700PE,270.0,270.0,270.0,270.0,0,18
2026-09-25 21:29:00,SENSEX,CE,73800.0,SENSEX26O0173800CE,607.2,607.2,607.2,607.2,0,18
2026-09-25 21:29:00,SENSEX,PE,73800.0,SENSEX26O0173800PE,304.0,304.0,304.0,304.0,0,18
2026-09-25 21:29:00,SENSEX,CE,73900.0,SENSEX26O0173900CE,545.0,545.0,545.0,545.0,0,18
2026-09-25 21:29:00,SENSEX,PE,73900.0,SENSEX26O0173900PE,340.05,340.05,340.05,340.05,0,18
2026-09-25 21:29:00,SENSEX,CE,74000.0,SENSEX26O0174000CE,484.1,484.1,484.1,484.1,0,18
2026-09-25 21:29:00,SENSEX,PE,74000.0,SENSEX26O0174000PE,388.5,388.5,388.5,388.5,0,18
2026-09-25 21:29:00,SENSEX,CE,74100.0,SENSEX26O0174100CE,424.65,424.65,424.65,424.65,0,18
2026-09-25 21:29:00,SENSEX,PE,74100.0,SENSEX26O0174100PE,424.05,424.05,424.05,424.05,0,18
2026-09-25 21:29:00,SENSEX,CE,74200.0,SENSEX26O0174200CE,380.4,380.4,380.4,380.4,0,18
2026-09-25 21:29:00,SENSEX,PE,74200.0,SENSEX26O0174200PE,484.8,484.8,484.8,484.8,0,18
2026-09-25 21:29:00,SENSEX,CE,74300.0,SENSEX26O0174300CE,333.5,333.5,333.5,333.5,0,18
2026-09-25 21:29:00,SENSEX,PE,74300.0,SENSEX26O0174300PE,523.2,523.2,523.2,523.2,0,18
2026-09-25 21:29:00,SENSEX,CE,74400.0,SENSEX26O0174400CE,285.6,285.6,285.6,285.6,0,18
2026-09-25 21:29:00,SENSEX,PE,74400.0,SENSEX26O0174400PE,583.55,583.55,583.55,583.55,0,18
2026-09-25 21:29:00,SENSEX,CE,74500.0,SENSEX26O0174500CE,249.2,249.2,249.2,249.2,0,18
2026-09-25 21:29:00,SENSEX,PE,74500.0,SENSEX26O0174500PE,636.0,636.0,636.0,636.0,0,18
2026-09-25 21:30:00,SENSEX,FUT,0.0,SENSEX26OCTFUT,74600.0,74600.0,74600.0,74600.0,0,19
2026-09-25 21:30:00,SENSEX,SPOT,0.0,SENSEX,73895.74,73895.74,73895.74,73895.74,0,19
2026-09-25 21:30:00,SENSEX,CE,73300.0,SENSEX26O0173300CE,965.55,965.55,965.55,965.55,0,19
2026-09-25 21:30:00,SENSEX,PE,73300.0,SENSEX26O0173300PE,166.0,166.0,166.0,166.0,0,19
2026-09-25 21:30:00,SENSEX,CE,73400.0,SENSEX26O0173400CE,893.45,893.45,893.45,893.45,0,19
2026-09-25 21:30:00,SENSEX,PE,73400.0,SENSEX26O0173400PE,187.65,187.65,187.65,187.65,0,19
2026-09-25 21:30:00,SENSEX,CE,73500.0,SENSEX26O0173500CE,801.0,801.0,801.0,801.0,0,19
2026-09-25 21:30:00,SENSEX,PE,73500.0,SENSEX26O0173500PE,211.85,211.85,211.85,211.85,0,19
2026-09-25 21:30:00,SENSEX,CE,73600.0,SENSEX26O0173600CE,721.5,721.5,721.5,721.5,0,19
2026-09-25 21:30:00,SENSEX,PE,73600.0,SENSEX26O0173600PE,235.3,235.3,235.3,235.3,0,19
2026-09-25 21:30:00,SENSEX,CE,73700.0,SENSEX26O0173700CE,655.0,655.0,655.0,655.0,0,19
2026-09-25 21:30:00,SENSEX,PE,73700.0,SENSEX26O0173700PE,270.0,270.0,270.0,270.0,0,19
2026-09-25 21:30:00,SENSEX,CE,73800.0,SENSEX26O0173800CE,607.2,607.2,607.2,607.2,0,19
2026-09-25 21:30:00,SENSEX,PE,73800.0,SENSEX26O0173800PE,304.0,304.0,304.0,304.0,0,19
2026-09-25 21:30:00,SENSEX,CE,73900.0,SENSEX26O0173900CE,545.0,545.0,545.0,545.0,0,19
2026-09-25 21:30:00,SENSEX,PE,73900.0,SENSEX26O0173900PE,340.05,340.05,340.05,340.05,0,19
2026-09-25 21:30:00,SENSEX,CE,74000.0,SENSEX26O0174000CE,484.1,484.1,484.1,484.1,0,19
2026-09-25 21:30:00,SENSEX,PE,74000.0,SENSEX26O0174000PE,388.5,388.5,388.5,388.5,0,19
2026-09-25 21:30:00,SENSEX,CE,74100.0,SENSEX26O0174100CE,424.65,424.65,424.65,424.65,0,19
2026-09-25 21:30:00,SENSEX,PE,74100.0,SENSEX26O0174100PE,424.05,424.05,424.05,424.05,0,19
2026-09-25 21:30:00,SENSEX,CE,74200.0,SENSEX26O0174200CE,380.4,380.4,380.4,380.4,0,19
2026-09-25 21:30:00,SENSEX,PE,74200.0,SENSEX26O0174200PE,484.8,484.8,484.8,484.8,0,19
2026-09-25 21:30:00,SENSEX,CE,74300.0,SENSEX26O0174300CE,333.5,333.5,333.5,333.5,0,19
2026-09-25 21:30:00,SENSEX,PE,74300.0,SENSEX26O0174300PE,523.2,523.2,523.2,523.2,0,19
2026-09-25 21:30:00,SENSEX,CE,74400.0,SENSEX26O0174400CE,285.6,285.6,285.6,285.6,0,19
2026-09-25 21:30:00,SENSEX,PE,74400.0,SENSEX26O0174400PE,583.55,583.55,583.55,583.55,0,19
2026-09-25 21:30:00,SENSEX,CE,74500.0,SENSEX26O0174500CE,249.2,249.2,249.2,249.2,0,19
2026-09-25 21:30:00,SENSEX,PE,74500.0,SENSEX26O0174500PE,636.0,636.0,636.0,636.0,0,19
2026-09-25 21:31:00,SENSEX,FUT,0.0,SENSEX26OCTFUT,74600.0,74600.0,74600.0,74600.0,0,19
2026-09-25 21:31:00,SENSEX,SPOT,0.0,SENSEX,73895.74,73895.74,73895.74,73895.74,0,19
2026-09-25 21:31:00,SENSEX,CE,73300.0,SENSEX26O0173300CE,965.55,965.55,965.55,965.55,0,19
2026-09-25 21:31:00,SENSEX,PE,73300.0,SENSEX26O0173300PE,166.0,166.0,166.0,166.0,0,19
2026-09-25 21:31:00,SENSEX,CE,73400.0,SENSEX26O0173400CE,893.45,893.45,893.45,893.45,0,19
2026-09-25 21:31:00,SENSEX,PE,73400.0,SENSEX26O0173400PE,187.65,187.65,187.65,187.65,0,19
2026-09-25 21:31:00,SENSEX,CE,73500.0,SENSEX26O0173500CE,801.0,801.0,801.0,801.0,0,19
2026-09-25 21:31:00,SENSEX,PE,73500.0,SENSEX26O0173500PE,211.85,211.85,211.85,211.85,0,19
2026-09-25 21:31:00,SENSEX,CE,73600.0,SENSEX26O0173600CE,721.5,721.5,721.5,721.5,0,19
2026-09-25 21:31:00,SENSEX,PE,73600.0,SENSEX26O0173600PE,235.3,235.3,235.3,235.3,0,19
2026-09-25 21:31:00,SENSEX,CE,73700.0,SENSEX26O0173700CE,655.0,655.0,655.0,655.0,0,19
2026-09-25 21:31:00,SENSEX,PE,73700.0,SENSEX26O0173700PE,270.0,270.0,270.0,270.0,0,19
2026-09-25 21:31:00,SENSEX,CE,73800.0,SENSEX26O0173800CE,607.2,607.2,607.2,607.2,0,19
2026-09-25 21:31:00,SENSEX,PE,73800.0,SENSEX26O0173800PE,304.0,304.0,304.0,304.0,0,19
2026-09-25 21:31:00,SENSEX,CE,73900.0,SENSEX26O0173900CE,545.0,545.0,545.0,545.0,0,19
2026-09-25 21:31:00,SENSEX,PE,73900.0,SENSEX26O0173900PE,340.05,340.05,340.05,340.05,0,19
2026-09-25 21:31:00,SENSEX,CE,74000.0,SENSEX26O0174000CE,484.1,484.1,484.1,484.1,0,19
2026-09-25 21:31:00,SENSEX,PE,74000.0,SENSEX26O0174000PE,388.5,388.5,388.5,388.5,0,19
2026-09-25 21:31:00,SENSEX,CE,74100.0,SENSEX26O0174100CE,424.65,424.65,424.65,424.65,0,19
2026-09-25 21:31:00,SENSEX,PE,74100.0,SENSEX26O0174100PE,424.05,424.05,424.05,424.05,0,19
2026-09-25 21:31:00,SENSEX,CE,74200.0,SENSEX26O0174200CE,380.4,380.4,380.4,380.4,0,19
2026-09-25 21:31:00,SENSEX,PE,74200.0,SENSEX26O0174200PE,484.8,484.8,484.8,484.8,0,19
2026-09-25 21:31:00,SENSEX,CE,74300.0,SENSEX26O0174300CE,333.5,333.5,333.5,333.5,0,19
2026-09-25 21:31:00,SENSEX,PE,74300.0,SENSEX26O0174300PE,523.2,523.2,523.2,523.2,0,19
2026-09-25 21:31:00,SENSEX,CE,74400.0,SENSEX26O0174400CE,285.6,285.6,285.6,285.6,0,19
2026-09-25 21:31:00,SENSEX,PE,74400.0,SENSEX26O0174400PE,583.55,583.55,583.55,583.55,0,19
2026-09-25 21:31:00,SENSEX,CE,74500.0,SENSEX26O0174500CE,249.2,249.2,249.2,249.2,0,19
2026-09-25 21:31:00,SENSEX,PE,74500.0,SENSEX26O0174500PE,636.0,636.0,636.0,636.0,0,19
2026-09-25 21:32:00,SENSEX,FUT,0.0,SENSEX26OCTFUT,74600.0,74600.0,74600.0,74600.0,0,19
2026-09-25 21:32:00,SENSEX,SPOT,0.0,SENSEX,73895.74,73895.74,73895.74,73895.74,0,19
2026-09-25 21:32:00,SENSEX,CE,73300.0,SENSEX26O0173300CE,965.55,965.55,965.55,965.55,0,19
2026-09-25 21:32:00,SENSEX,PE,73300.0,SENSEX26O0173300PE,166.0,166.0,166.0,166.0,0,19
2026-09-25 21:32:00,SENSEX,CE,73400.0,SENSEX26O0173400CE,893.45,893.45,893.45,893.45,0,19
2026-09-25 21:32:00,SENSEX,PE,73400.0,SENSEX26O0173400PE,187.65,187.65,187.65,187.65,0,19
2026-09-25 21:32:00,SENSEX,CE,73500.0,SENSEX26O0173500CE,801.0,801.0,801.0,801.0,0,19
2026-09-25 21:32:00,SENSEX,PE,73500.0,SENSEX26O0173500PE,211.85,211.85,211.85,211.85,0,19
2026-09-25 21:32:00,SENSEX,CE,73600.0,SENSEX26O0173600CE,721.5,721.5,721.5,721.5,0,19
2026-09-25 21:32:00,SENSEX,PE,73600.0,SENSEX26O0173600PE,235.3,235.3,235.3,235.3,0,19
2026-09-25 21:32:00,SENSEX,CE,73700.0,SENSEX26O0173700CE,655.0,655.0,655.0,655.0,0,19
2026-09-25 21:32:00,SENSEX,PE,73700.0,SENSEX26O0173700PE,270.0,270.0,270.0,270.0,0,19
2026-09-25 21:32:00,SENSEX,CE,73800.0,SENSEX26O0173800CE,607.2,607.2,607.2,607.2,0,19
2026-09-25 21:32:00,SENSEX,PE,73800.0,SENSEX26O0173800PE,304.0,304.0,304.0,304.0,0,19
2026-09-25 21:32:00,SENSEX,CE,73900.0,SENSEX26O0173900CE,545.0,545.0,545.0,545.0,0,19
2026-09-25 21:32:00,SENSEX,PE,73900.0,SENSEX26O0173900PE,340.05,340.05,340.05,340.05,0,19
2026-09-25 21:32:00,SENSEX,CE,74000.0,SENSEX26O0174000CE,484.1,484.1,484.1,484.1,0,19
2026-09-25 21:32:00,SENSEX,PE,74000.0,SENSEX26O0174000PE,388.5,388.5,388.5,388.5,0,19
2026-09-25 21:32:00,SENSEX,CE,74100.0,SENSEX26O0174100CE,424.65,424.65,424.65,424.65,0,19
2026-09-25 21:32:00,SENSEX,PE,74100.0,SENSEX26O0174100PE,424.05,424.05,424.05,424.05,0,19
2026-09-25 21:32:00,SENSEX,CE,74200.0,SENSEX26O0174200CE,380.4,380.4,380.4,380.4,0,19
2026-09-25 21:32:00,SENSEX,PE,74200.0,SENSEX26O0174200PE,484.8,484.8,484.8,484.8,0,19
2026-09-25 21:32:00,SENSEX,CE,74300.0,SENSEX26O0174300CE,333.5,333.5,333.5,333.5,0,19
2026-09-25 21:32:00,SENSEX,PE,74300.0,SENSEX26O0174300PE,523.2,523.2,523.2,523.2,0,19
2026-09-25 21:32:00,SENSEX,CE,74400.0,SENSEX26O0174400CE,285.6,285.6,285.6,285.6,0,19
2026-09-25 21:32:00,SENSEX,PE,74400.0,SENSEX26O0174400PE,583.55,583.55,583.55,583.55,0,19
2026-09-25 21:32:00,SENSEX,CE,74500.0,SENSEX26O0174500CE,249.2,249.2,249.2,249.2,0,19
2026-09-25 21:32:00,SENSEX,PE,74500.0,SENSEX26O0174500PE,636.0,636.0,636.0,636.0,0,19
2026-09-25 21:33:00,SENSEX,FUT,0.0,SENSEX26OCTFUT,74600.0,74600.0,74600.0,74600.0,0,18
2026-09-25 21:33:00,SENSEX,SPOT,0.0,SENSEX,73895.74,73895.74,73895.74,73895.74,0,18
2026-09-25 21:33:00,SENSEX,CE,73300.0,SENSEX26O0173300CE,965.55,965.55,965.55,965.55,0,18
2026-09-25 21:33:00,SENSEX,PE,73300.0,SENSEX26O0173300PE,166.0,166.0,166.0,166.0,0,18
2026-09-25 21:33:00,SENSEX,CE,73400.0,SENSEX26O0173400CE,893.45,893.45,893.45,893.45,0,18
2026-09-25 21:33:00,SENSEX,PE,73400.0,SENSEX26O0173400PE,187.65,187.65,187.65,187.65,0,18
2026-09-25 21:33:00,SENSEX,CE,73500.0,SENSEX26O0173500CE,801.0,801.0,801.0,801.0,0,18
2026-09-25 21:33:00,SENSEX,PE,73500.0,SENSEX26O0173500PE,211.85,211.85,211.85,211.85,0,18
2026-09-25 21:33:00,SENSEX,CE,73600.0,SENSEX26O0173600CE,721.5,721.5,721.5,721.5,0,18
2026-09-25 21:33:00,SENSEX,PE,73600.0,SENSEX26O0173600PE,235.3,235.3,235.3,235.3,0,18
2026-09-25 21:33:00,SENSEX,CE,73700.0,SENSEX26O0173700CE,655.0,655.0,655.0,655.0,0,18
2026-09-25 21:33:00,SENSEX,PE,73700.0,SENSEX26O0173700PE,270.0,270.0,270.0,270.0,0,18
2026-09-25 21:33:00,SENSEX,CE,73800.0,SENSEX26O0173800CE,607.2,607.2,607.2,607.2,0,18
2026-09-25 21:33:00,SENSEX,PE,73800.0,SENSEX26O0173800PE,304.0,304.0,304.0,304.0,0,18
2026-09-25 21:33:00,SENSEX,CE,73900.0,SENSEX26O0173900CE,545.0,545.0,545.0,545.0,0,18
2026-09-25 21:33:00,SENSEX,PE,73900.0,SENSEX26O0173900PE,340.05,340.05,340.05,340.05,0,18
2026-09-25 21:33:00,SENSEX,CE,74000.0,SENSEX26O0174000CE,484.1,484.1,484.1,484.1,0,18
2026-09-25 21:33:00,SENSEX,PE,74000.0,SENSEX26O0174000PE,388.5,388.5,388.5,388.5,0,18
2026-09-25 21:33:00,SENSEX,CE,74100.0,SENSEX26O0174100CE,424.65,424.65,424.65,424.65,0,18
2026-09-25 21:33:00,SENSEX,PE,74100.0,SENSEX26O0174100PE,424.05,424.05,424.05,424.05,0,18
2026-09-25 21:33:00,SENSEX,CE,74200.0,SENSEX26O0174200CE,380.4,380.4,380.4,380.4,0,18
2026-09-25 21:33:00,SENSEX,PE,74200.0,SENSEX26O0174200PE,484.8,484.8,484.8,484.8,0,18
2026-09-25 21:33:00,SENSEX,CE,74300.0,SENSEX26O0174300CE,333.5,333.5,333.5,333.5,0,18
2026-09-25 21:33:00,SENSEX,PE,74300.0,SENSEX26O0174300PE,523.2,523.2,523.2,523.2,0,18
2026-09-25 21:33:00,SENSEX,CE,74400.0,SENSEX26O0174400CE,285.6,285.6,285.6,285.6,0,18
2026-09-25 21:33:00,SENSEX,PE,74400.0,SENSEX26O0174400PE,583.55,583.55,583.55,583.55,0,18
2026-09-25 21:33:00,SENSEX,CE,74500.0,SENSEX26O0174500CE,249.2,249.2,249.2,249.2,0,18
2026-09-25 21:33:00,SENSEX,PE,74500.0,SENSEX26O0174500PE,636.0,636.0,636.0,636.0,0,18
2026-09-25 21:34:00,SENSEX,FUT,0.0,SENSEX26OCTFUT,74600.0,74600.0,74600.0,74600.0,0,19
2026-09-25 21:34:00,SENSEX,SPOT,0.0,SENSEX,73895.74,73895.74,73895.74,73895.74,0,19
2026-09-25 21:34:00,SENSEX,CE,73300.0,SENSEX26O0173300CE,965.55,965.55,965.55,965.55,0,19
2026-09-25 21:34:00,SENSEX,PE,73300.0,SENSEX26O0173300PE,166.0,166.0,166.0,166.0,0,19
2026-09-25 21:34:00,SENSEX,CE,73400.0,SENSEX26O0173400CE,893.45,893.45,893.45,893.45,0,19
2026-09-25 21:34:00,SENSEX,PE,73400.0,SENSEX26O0173400PE,187.65,187.65,187.65,187.65,0,19
2026-09-25 21:34:00,SENSEX,CE,73500.0,SENSEX26O0173500CE,801.0,801.0,801.0,801.0,0,19
2026-09-25 21:34:00,SENSEX,PE,73500.0,SENSEX26O0173500PE,211.85,211.85,211.85,211.85,0,19
2026-09-25 21:34:00,SENSEX,CE,73600.0,SENSEX26O0173600CE,721.5,721.5,721.5,721.5,0,19
2026-09-25 21:34:00,SENSEX,PE,73600.0,SENSEX26O0173600PE,235.3,235.3,235.3,235.3,0,19
2026-09-25 21:34:00,SENSEX,CE,73700.0,SENSEX26O0173700CE,655.0,655.0,655.0,655.0,0,19
2026-09-25 21:34:00,SENSEX,PE,73700.0,SENSEX26O0173700PE,270.0,270.0,270.0,270.0,0,19
2026-09-25 21:34:00,SENSEX,CE,73800.0,SENSEX26O0173800CE,607.2,607.2,607.2,607.2,0,19
2026-09-25 21:34:00,SENSEX,PE,73800.0,SENSEX26O0173800PE,304.0,304.0,304.0,304.0,0,19
2026-09-25 21:34:00,SENSEX,CE,73900.0,SENSEX26O0173900CE,545.0,545.0,545.0,545.0,0,19
2026-09-25 21:34:00,SENSEX,PE,73900.0,SENSEX26O0173900PE,340.05,340.05,340.05,340.05,0,19
2026-09-25 21:34:00,SENSEX,CE,74000.0,SENSEX26O0174000CE,484.1,484.1,484.1,484.1,0,19
2026-09-25 21:34:00,SENSEX,PE,74000.0,SENSEX26O0174000PE,388.5,388.5,388.5,388.5,0,19
2026-09-25 21:34:00,SENSEX,CE,74100.0,SENSEX26O0174100CE,424.65,424.65,424.65,424.65,0,19
2026-09-25 21:34:00,SENSEX,PE,74100.0,SENSEX26O0174100PE,424.05,424.05,424.05,424.05,0,19
2026-09-25 21:34:00,SENSEX,CE,74200.0,SENSEX26O0174200CE,380.4,380.4,380.4,380.4,0,19
2026-09-25 21:34:00,SENSEX,PE,74200.0,SENSEX26O0174200PE,484.8,484.8,484.8,484.8,0,19
2026-09-25 21:34:00,SENSEX,CE,74300.0,SENSEX26O0174300CE,333.5,333.5,333.5,333.5,0,19
2026-09-25 21:34:00,SENSEX,PE,74300.0,SENSEX26O0174300PE,523.2,523.2,523.2,523.2,0,19
2026-09-25 21:34:00,SENSEX,CE,74400.0,SENSEX26O0174400CE,285.6,285.6,285.6,285.6,0,19
2026-09-25 21:34:00,SENSEX,PE,74400.0,SENSEX26O0174400PE,583.55,583.55,583.55,583.55,0,19
2026-09-25 21:34:00,SENSEX,CE,74500.0,SENSEX26O0174500CE,249.2,249.2,249.2,249.2,0,19
2026-09-25 21:34:00,SENSEX,PE,74500.0,SENSEX26O0174500PE,636.0,636.0,636.0,636.0,0,19
2026-09-25 21:35:00,SENSEX,FUT,0.0,SENSEX26OCTFUT,74600.0,74600.0,74600.0,74600.0,0,19
2026-09-25 21:35:00,SENSEX,SPOT,0.0,SENSEX,73895.74,73895.74,73895.74,73895.74,0,19
2026-09-25 21:35:00,SENSEX,CE,73300.0,SENSEX26O0173300CE,965.55,965.55,965.55,965.55,0,19
2026-09-25 21:35:00,SENSEX,PE,73300.0,SENSEX26O0173300PE,166.0,166.0,166.0,166.0,0,19
2026-09-25 21:35:00,SENSEX,CE,73400.0,SENSEX26O0173400CE,893.45,893.45,893.45,893.45,0,19
2026-09-25 21:35:00,SENSEX,PE,73400.0,SENSEX26O0173400PE,187.65,187.65,187.65,187.65,0,19
2026-09-25 21:35:00,SENSEX,CE,73500.0,SENSEX26O0173500CE,801.0,801.0,801.0,801.0,0,19
2026-09-25 21:35:00,SENSEX,PE,73500.0,SENSEX26O0173500PE,211.85,211.85,211.85,211.85,0,19
2026-09-25 21:35:00,SENSEX,CE,73600.0,SENSEX26O0173600CE,721.5,721.5,721.5,721.5,0,19
2026-09-25 21:35:00,SENSEX,PE,73600.0,SENSEX26O0173600PE,235.3,235.3,235.3,235.3,0,19
2026-09-25 21:35:00,SENSEX,CE,73700.0,SENSEX26O0173700CE,655.0,655.0,655.0,655.0,0,19
2026-09-25 21:35:00,SENSEX,PE,73700.0,SENSEX26O0173700PE,270.0,270.0,270.0,270.0,0,19
2026-09-25 21:35:00,SENSEX,CE,73800.0,SENSEX26O0173800CE,607.2,607.2,607.2,607.2,0,19
2026-09-25 21:35:00,SENSEX,PE,73800.0,SENSEX26O0173800PE,304.0,304.0,304.0,304.0,0,19
2026-09-25 21:35:00,SENSEX,CE,73900.0,SENSEX26O0173900CE,545.0,545.0,545.0,545.0,0,19
2026-09-25 21:35:00,SENSEX,PE,73900.0,SENSEX26O0173900PE,340.05,340.05,340.05,340.05,0,19
2026-09-25 21:35:00,SENSEX,CE,74000.0,SENSEX26O0174000CE,484.1,484.1,484.1,484.1,0,19
2026-09-25 21:35:00,SENSEX,PE,74000.0,SENSEX26O0174000PE,388.5,388.5,388.5,388.5,0,19
2026-09-25 21:35:00,SENSEX,CE,74100.0,SENSEX26O0174100CE,424.65,424.65,424.65,424.65,0,19
2026-09-25 21:35:00,SENSEX,PE,74100.0,SENSEX26O0174100PE,424.05,424.05,424.05,424.05,0,19
2026-09-25 21:35:00,SENSEX,CE,74200.0,SENSEX26O0174200CE,380.4,380.4,380.4,380.4,0,19
2026-09-25 21:35:00,SENSEX,PE,74200.0,SENSEX26O0174200PE,484.8,484.8,484.8,484.8,0,19
2026-09-25 21:35:00,SENSEX,CE,74300.0,SENSEX26O0174300CE,333.5,333.5,333.5,333.5,0,19
2026-09-25 21:35:00,SENSEX,PE,74300.0,SENSEX26O0174300PE,523.2,523.2,523.2,523.2,0,19
2026-09-25 21:35:00,SENSEX,CE,74400.0,SENSEX26O0174400CE,285.6,285.6,285.6,285.6,0,19
2026-09-25 21:35:00,SENSEX,PE,74400.0,SENSEX26O0174400PE,583.55,583.55,583.55,583.55,0,19
2026-09-25 21:35:00,SENSEX,CE,74500.0,SENSEX26O0174500CE,249.2,249.2,249.2,249.2,0,19
2026-09-25 21:35:00,SENSEX,PE,74500.0,SENSEX26O0174500PE,636.0,636.0,636.0,636.0,0,19
2026-09-25 21:36:00,SENSEX,FUT,0.0,SENSEX26OCTFUT,74600.0,74600.0,74600.0,74600.0,0,19
2026-09-25 21:36:00,SENSEX,SPOT,0.0,SENSEX,73895.74,73895.74,73895.74,73895.74,0,19
2026-09-25 21:36:00,SENSEX,CE,73300.0,SENSEX26O0173300CE,965.55,965.55,965.55,965.55,0,19
2026-09-25 21:36:00,SENSEX,PE,73300.0,SENSEX26O0173300PE,166.0,166.0,166.0,166.0,0,19
2026-09-25 21:36:00,SENSEX,CE,73400.0,SENSEX26O0173400CE,893.45,893.45,893.45,893.45,0,19
2026-09-25 21:36:00,SENSEX,PE,73400.0,SENSEX26O0173400PE,187.65,187.65,187.65,187.65,0,19
2026-09-25 21:36:00,SENSEX,CE,73500.0,SENSEX26O0173500CE,801.0,801.0,801.0,801.0,0,19
2026-09-25 21:36:00,SENSEX,PE,73500.0,SENSEX26O0173500PE,211.85,211.85,211.85,211.85,0,19
2026-09-25 21:36:00,SENSEX,CE,73600.0,SENSEX26O0173600CE,721.5,721.5,721.5,721.5,0,19
2026-09-25 21:36:00,SENSEX,PE,73600.0,SENSEX26O0173600PE,235.3,235.3,235.3,235.3,0,19
2026-09-25 21:36:00,SENSEX,CE,73700.0,SENSEX26O0173700CE,655.0,655.0,655.0,655.0,0,19
2026-09-25 21:36:00,SENSEX,PE,73700.0,SENSEX26O0173700PE,270.0,270.0,270.0,270.0,0,19
2026-09-25 21:36:00,SENSEX,CE,73800.0,SENSEX26O0173800CE,607.2,607.2,607.2,607.2,0,19
2026-09-25 21:36:00,SENSEX,PE,73800.0,SENSEX26O0173800PE,304.0,304.0,304.0,304.0,0,19
2026-09-25 21:36:00,SENSEX,CE,73900.0,SENSEX26O0173900CE,545.0,545.0,545.0,545.0,0,19
2026-09-25 21:36:00,SENSEX,PE,73900.0,SENSEX26O0173900PE,340.05,340.05,340.05,340.05,0,19
2026-09-25 21:36:00,SENSEX,CE,74000.0,SENSEX26O0174000CE,484.1,484.1,484.1,484.1,0,19
2026-09-25 21:36:00,SENSEX,PE,74000.0,SENSEX26O0174000PE,388.5,388.5,388.5,388.5,0,19
2026-09-25 21:36:00,SENSEX,CE,74100.0,SENSEX26O0174100CE,424.65,424.65,424.65,424.65,0,19
2026-09-25 21:36:00,SENSEX,PE,74100.0,SENSEX26O0174100PE,424.05,424.05,424.05,424.05,0,19
2026-09-25 21:36:00,SENSEX,CE,74200.0,SENSEX26O0174200CE,380.4,380.4,380.4,380.4,0,19
2026-09-25 21:36:00,SENSEX,PE,74200.0,SENSEX26O0174200PE,484.8,484.8,484.8,484.8,0,19
2026-09-25 21:36:00,SENSEX,CE,74300.0,SENSEX26O0174300CE,333.5,333.5,333.5,333.5,0,19
2026-09-25 21:36:00,SENSEX,PE,74300.0,SENSEX26O0174300PE,523.2,523.2,523.2,523.2,0,19
2026-09-25 21:36:00,SENSEX,CE,74400.0,SENSEX26O0174400CE,285.6,285.6,285.6,285.6,0,19
2026-09-25 21:36:00,SENSEX,PE,74400.0,SENSEX26O0174400PE,583.55,583.55,583.55,583.55,0,19
2026-09-25 21:36:00,SENSEX,CE,74500.0,SENSEX26O0174500CE,249.2,249.2,249.2,249.2,0,19
2026-09-25 21:36:00,SENSEX,PE,74500.0,SENSEX26O0174500PE,636.0,636.0,636.0,636.0,0,19
2026-09-25 21:37:00,SENSEX,FUT,0.0,SENSEX26OCTFUT,74600.0,74600.0,74600.0,74600.0,0,18
2026-09-25 21:37:00,SENSEX,SPOT,0.0,SENSEX,73895.74,73895.74,73895.74,73895.74,0,18
2026-09-25 21:37:00,SENSEX,CE,73300.0,SENSEX26O0173300CE,965.55,965.55,965.55,965.55,0,18
2026-09-25 21:37:00,SENSEX,PE,73300.0,SENSEX26O0173300PE,166.0,166.0,166.0,166.0,0,18
2026-09-25 21:37:00,SENSEX,CE,73400.0,SENSEX26O0173400CE,893.45,893.45,893.45,893.45,0,18
2026-09-25 21:37:00,SENSEX,PE,73400.0,SENSEX26O0173400PE,187.65,187.65,187.65,187.65,0,18
2026-09-25 21:37:00,SENSEX,CE,73500.0,SENSEX26O0173500CE,801.0,801.0,801.0,801.0,0,18
2026-09-25 21:37:00,SENSEX,PE,73500.0,SENSEX26O0173500PE,211.85,211.85,211.85,211.85,0,18
2026-09-25 21:37:00,SENSEX,CE,73600.0,SENSEX26O0173600CE,721.5,721.5,721.5,721.5,0,18
2026-09-25 21:37:00,SENSEX,PE,73600.0,SENSEX26O0173600PE,235.3,235.3,235.3,235.3,0,18
2026-09-25 21:37:00,SENSEX,CE,73700.0,SENSEX26O0173700CE,655.0,655.0,655.0,655.0,0,18
2026-09-25 21:37:00,SENSEX,PE,73700.0,SENSEX26O0173700PE,270.0,270.0,270.0,270.0,0,18
2026-09-25 21:37:00,SENSEX,CE,73800.0,SENSEX26O0173800CE,607.2,607.2,607.2,607.2,0,18
2026-09-25 21:37:00,SENSEX,PE,73800.0,SENSEX26O0173800PE,304.0,304.0,304.0,304.0,0,18
2026-09-25 21:37:00,SENSEX,CE,73900.0,SENSEX26O0173900CE,545.0,545.0,545.0,545.0,0,18
2026-09-25 21:37:00,SENSEX,PE,73900.0,SENSEX26O0173900PE,340.05,340.05,340.05,340.05,0,18
2026-09-25 21:37:00,SENSEX,CE,74000.0,SENSEX26O0174000CE,484.1,484.1,484.1,484.1,0,18
2026-09-25 21:37:00,SENSEX,PE,74000.0,SENSEX26O0174000PE,388.5,388.5,388.5,388.5,0,18
2026-09-25 21:37:00,SENSEX,CE,74100.0,SENSEX26O0174100CE,424.65,424.65,424.65,424.65,0,18
2026-09-25 21:37:00,SENSEX,PE,74100.0,SENSEX26O0174100PE,424.05,424.05,424.05,424.05,0,18
2026-09-25 21:37:00,SENSEX,CE,74200.0,SENSEX26O0174200CE,380.4,380.4,380.4,380.4,0,18
2026-09-25 21:37:00,SENSEX,PE,74200.0,SENSEX26O0174200PE,484.8,484.8,484.8,484.8,0,18
2026-09-25 21:37:00,SENSEX,CE,74300.0,SENSEX26O0174300CE,333.5,333.5,333.5,333.5,0,18
2026-09-25 21:37:00,SENSEX,PE,74300.0,SENSEX26O0174300PE,523.2,523.2,523.2,523.2,0,18
2026-09-25 21:37:00,SENSEX,CE,74400.0,SENSEX26O0174400CE,285.6,285.6,285.6,285.6,0,18
2026-09-25 21:37:00,SENSEX,PE,74400.0,SENSEX26O0174400PE,583.55,583.55,583.55,583.55,0,18
2026-09-25 21:37:00,SENSEX,CE,74500.0,SENSEX26O0174500CE,249.2,249.2,249.2,249.2,0,18
2026-09-25 21:37:00,SENSEX,PE,74500.0,SENSEX26O0174500PE,636.0,636.0,636.0,636.0,0,18
2026-09-25 21:38:00,SENSEX,FUT,0.0,SENSEX26OCTFUT,74600.0,74600.0,74600.0,74600.0,0,16
2026-09-25 21:38:00,SENSEX,SPOT,0.0,SENSEX,73895.74,73895.74,73895.74,73895.74,0,16
2026-09-25 21:38:00,SENSEX,CE,73300.0,SENSEX26O0173300CE,965.55,965.55,965.55,965.55,0,16
2026-09-25 21:38:00,SENSEX,PE,73300.0,SENSEX26O0173300PE,166.0,166.0,166.0,166.0,0,16
2026-09-25 21:38:00,SENSEX,CE,73400.0,SENSEX26O0173400CE,893.45,893.45,893.45,893.45,0,16
2026-09-25 21:38:00,SENSEX,PE,73400.0,SENSEX26O0173400PE,187.65,187.65,187.65,187.65,0,16
2026-09-25 21:38:00,SENSEX,CE,73500.0,SENSEX26O0173500CE,801.0,801.0,801.0,801.0,0,16
2026-09-25 21:38:00,SENSEX,PE,73500.0,SENSEX26O0173500PE,211.85,211.85,211.85,211.85,0,16
2026-09-25 21:38:00,SENSEX,CE,73600.0,SENSEX26O0173600CE,721.5,721.5,721.5,721.5,0,16
2026-09-25 21:38:00,SENSEX,PE,73600.0,SENSEX26O0173600PE,235.3,235.3,235.3,235.3,0,16
2026-09-25 21:38:00,SENSEX,CE,73700.0,SENSEX26O0173700CE,655.0,655.0,655.0,655.0,0,16
2026-09-25 21:38:00,SENSEX,PE,73700.0,SENSEX26O0173700PE,270.0,270.0,270.0,270.0,0,16
2026-09-25 21:38:00,SENSEX,CE,73800.0,SENSEX26O0173800CE,607.2,607.2,607.2,607.2,0,16
2026-09-25 21:38:00,SENSEX,PE,73800.0,SENSEX26O0173800PE,304.0,304.0,304.0,304.0,0,16
2026-09-25 21:38:00,SENSEX,CE,73900.0,SENSEX26O0173900CE,545.0,545.0,545.0,545.0,0,16
2026-09-25 21:38:00,SENSEX,PE,73900.0,SENSEX26O0173900PE,340.05,340.05,340.05,340.05,0,16
2026-09-25 21:38:00,SENSEX,CE,74000.0,SENSEX26O0174000CE,484.1,484.1,484.1,484.1,0,16
2026-09-25 21:38:00,SENSEX,PE,74000.0,SENSEX26O0174000PE,388.5,388.5,388.5,388.5,0,16
2026-09-25 21:38:00,SENSEX,CE,74100.0,SENSEX26O0174100CE,424.65,424.65,424.65,424.65,0,16
2026-09-25 21:38:00,SENSEX,PE,74100.0,SENSEX26O0174100PE,424.05,424.05,424.05,424.05,0,16
2026-09-25 21:38:00,SENSEX,CE,74200.0,SENSEX26O0174200CE,380.4,380.4,380.4,380.4,0,16
2026-09-25 21:38:00,SENSEX,PE,74200.0,SENSEX26O0174200PE,484.8,484.8,484.8,484.8,0,16
2026-09-25 21:38:00,SENSEX,CE,74300.0,SENSEX26O0174300CE,333.5,333.5,333.5,333.5,0,16
2026-09-25 21:38:00,SENSEX,PE,74300.0,SENSEX26O0174300PE,523.2,523.2,523.2,523.2,0,16
2026-09-25 21:38:00,SENSEX,CE,74400.0,SENSEX26O0174400CE,285.6,285.6,285.6,285.6,0,16
2026-09-25 21:38:00,SENSEX,PE,74400.0,SENSEX26O0174400PE,583.55,583.55,583.55,583.55,0,16
2026-09-25 21:38:00,SENSEX,CE,74500.0,SENSEX26O0174500CE,249.2,249.2,249.2,249.2,0,16
2026-09-25 21:38:00,SENSEX,PE,74500.0,SENSEX26O0174500PE,636.0,636.0,636.0,636.0,0,16
2026-09-25 21:39:00,SENSEX,FUT,0.0,SENSEX26OCTFUT,74600.0,74600.0,74600.0,74600.0,0,3
2026-09-25 21:39:00,SENSEX,SPOT,0.0,SENSEX,73895.74,73895.74,73895.74,73895.74,0,3
2026-09-25 21:39:00,SENSEX,CE,73300.0,SENSEX26O0173300CE,965.55,965.55,965.55,965.55,0,3
2026-09-25 21:39:00,SENSEX,PE,73300.0,SENSEX26O0173300PE,166.0,166.0,166.0,166.0,0,3
2026-09-25 21:39:00,SENSEX,CE,73400.0,SENSEX26O0173400CE,893.45,893.45,893.45,893.45,0,3
2026-09-25 21:39:00,SENSEX,PE,73400.0,SENSEX26O0173400PE,187.65,187.65,187.65,187.65,0,3
2026-09-25 21:39:00,SENSEX,CE,73500.0,SENSEX26O0173500CE,801.0,801.0,801.0,801.0,0,3
2026-09-25 21:39:00,SENSEX,PE,73500.0,SENSEX26O0173500PE,211.85,211.85,211.85,211.85,0,3
2026-09-25 21:39:00,SENSEX,CE,73600.0,SENSEX26O0173600CE,721.5,721.5,721.5,721.5,0,3
2026-09-25 21:39:00,SENSEX,PE,73600.0,SENSEX26O0173600PE,235.3,235.3,235.3,235.3,0,3
2026-09-25 21:39:00,SENSEX,CE,73700.0,SENSEX26O0173700CE,655.0,655.0,655.0,655.0,0,3
2026-09-25 21:39:00,SENSEX,PE,73700.0,SENSEX26O0173700PE,270.0,270.0,270.0,270.0,0,3
2026-09-25 21:39:00,SENSEX,CE,73800.0,SENSEX26O0173800CE,607.2,607.2,607.2,607.2,0,3
2026-09-25 21:39:00,SENSEX,PE,73800.0,SENSEX26O0173800PE,304.0,304.0,304.0,304.0,0,3
2026-09-25 21:39:00,SENSEX,CE,73900.0,SENSEX26O0173900CE,545.0,545.0,545.0,545.0,0,3
2026-09-25 21:39:00,SENSEX,PE,73900.0,SENSEX26O0173900PE,340.05,340.05,340.05,340.05,0,3
2026-09-25 21:39:00,SENSEX,CE,74000.0,SENSEX26O0174000CE,484.1,484.1,484.1,484.1,0,3
2026-09-25 21:39:00,SENSEX,PE,74000.0,SENSEX26O0174000PE,388.5,388.5,388.5,388.5,0,3
2026-09-25 21:39:00,SENSEX,CE,74100.0,SENSEX26O0174100CE,424.65,424.65,424.65,424.65,0,3
2026-09-25 21:39:00,SENSEX,PE,74100.0,SENSEX26O0174100PE,424.05,424.05,424.05,424.05,0,3
2026-09-25 21:39:00,SENSEX,CE,74200.0,SENSEX26O0174200CE,380.4,380.4,380.4,380.4,0,3
2026-09-25 21:39:00,SENSEX,PE,74200.0,SENSEX26O0174200PE,484.8,484.8,484.8,484.8,0,3
2026-09-25 21:39:00,SENSEX,CE,74300.0,SENSEX26O0174300CE,333.5,333.5,333.5,333.5,0,3
2026-09-25 21:39:00,SENSEX,PE,74300.0,SENSEX26O0174300PE,523.2,523.2,523.2,523.2,0,3
2026-09-25 21:39:00,SENSEX,CE,74400.0,SENSEX26O0174400CE,285.6,285.6,285.6,285.6,0,3
2026-09-25 21:39:00,SENSEX,PE,74400.0,SENSEX26O0174400PE,583.55,583.55,583.55,583.55,0,3
2026-09-25 21:39:00,SENSEX,CE,74500.0,SENSEX26O0174500CE,249.2,249.2,249.2,249.2,0,3
2026-09-25 21:39:00,SENSEX,PE,74500.0,SENSEX26O0174500PE,636.0,636.0,636.0,636.0,0,3
2026-09-25 21:40:00,SENSEX,FUT,0.0,SENSEX26OCTFUT,74600.0,74600.0,74600.0,74600.0,0,19
2026-09-25 21:40:00,SENSEX,SPOT,0.0,SENSEX,73895.74,73895.74,73895.74,73895.74,0,19
2026-09-25 21:40:00,SENSEX,CE,73300.0,SENSEX26O0173300CE,965.55,965.55,965.55,965.55,0,19
2026-09-25 21:40:00,SENSEX,PE,73300.0,SENSEX26O0173300PE,166.0,166.0,166.0,166.0,0,19
2026-09-25 21:40:00,SENSEX,CE,73400.0,SENSEX26O0173400CE,893.45,893.45,893.45,893.45,0,19
2026-09-25 21:40:00,SENSEX,PE,73400.0,SENSEX26O0173400PE,187.65,187.65,187.65,187.65,0,19
2026-09-25 21:40:00,SENSEX,CE,73500.0,SENSEX26O0173500CE,801.0,801.0,801.0,801.0,0,19
2026-09-25 21:40:00,SENSEX,PE,73500.0,SENSEX26O0173500PE,211.85,211.85,211.85,211.85,0,19
2026-09-25 21:40:00,SENSEX,CE,73600.0,SENSEX26O0173600CE,721.5,721.5,721.5,721.5,0,19
2026-09-25 21:40:00,SENSEX,PE,73600.0,SENSEX26O0173600PE,235.3,235.3,235.3,235.3,0,19
2026-09-25 21:40:00,SENSEX,CE,73700.0,SENSEX26O0173700CE,655.0,655.0,655.0,655.0,0,19
2026-09-25 21:40:00,SENSEX,PE,73700.0,SENSEX26O0173700PE,270.0,270.0,270.0,270.0,0,19
2026-09-25 21:40:00,SENSEX,CE,73800.0,SENSEX26O0173800CE,607.2,607.2,607.2,607.2,0,19
2026-09-25 21:40:00,SENSEX,PE,73800.0,SENSEX26O0173800PE,304.0,304.0,304.0,304.0,0,19
2026-09-25 21:40:00,SENSEX,CE,73900.0,SENSEX26O0173900CE,545.0,545.0,545.0,545.0,0,19
2026-09-25 21:40:00,SENSEX,PE,73900.0,SENSEX26O0173900PE,340.05,340.05,340.05,340.05,0,19
2026-09-25 21:40:00,SENSEX,CE,74000.0,SENSEX26O0174000CE,484.1,484.1,484.1,484.1,0,19
2026-09-25 21:40:00,SENSEX,PE,74000.0,SENSEX26O0174000PE,388.5,388.5,388.5,388.5,0,19
2026-09-25 21:40:00,SENSEX,CE,74100.0,SENSEX26O0174100CE,424.65,424.65,424.65,424.65,0,19
2026-09-25 21:40:00,SENSEX,PE,74100.0,SENSEX26O0174100PE,424.05,424.05,424.05,424.05,0,19
2026-09-25 21:40:00,SENSEX,CE,74200.0,SENSEX26O0174200CE,380.4,380.4,380.4,380.4,0,19
2026-09-25 21:40:00,SENSEX,PE,74200.0,SENSEX26O0174200PE,484.8,484.8,484.8,484.8,0,19
2026-09-25 21:40:00,SENSEX,CE,74300.0,SENSEX26O0174300CE,333.5,333.5,333.5,333.5,0,19
2026-09-25 21:40:00,SENSEX,PE,74300.0,SENSEX26O0174300PE,523.2,523.2,523.2,523.2,0,19
2026-09-25 21:40:00,SENSEX,CE,74400.0,SENSEX26O0174400CE,285.6,285.6,285.6,285.6,0,19
2026-09-25 21:40:00,SENSEX,PE,74400.0,SENSEX26O0174400PE,583.55,583.55,583.55,583.55,0,19
2026-09-25 21:40:00,SENSEX,CE,74500.0,SENSEX26O0174500CE,249.2,249.2,249.2,249.2,0,19
2026-09-25 21:40:00,SENSEX,PE,74500.0,SENSEX26O0174500PE,636.0,636.0,636.0,636.0,0,19
2026-09-25 21:41:00,SENSEX,FUT,0.0,SENSEX26OCTFUT,74600.0,74600.0,74600.0,74600.0,0,18
2026-09-25 21:41:00,SENSEX,SPOT,0.0,SENSEX,73895.74,73895.74,73895.74,73895.74,0,18
2026-09-25 21:41:00,SENSEX,CE,73300.0,SENSEX26O0173300CE,965.55,965.55,965.55,965.55,0,18
2026-09-25 21:41:00,SENSEX,PE,73300.0,SENSEX26O0173300PE,166.0,166.0,166.0,166.0,0,18
2026-09-25 21:41:00,SENSEX,CE,73400.0,SENSEX26O0173400CE,893.45,893.45,893.45,893.45,0,18
2026-09-25 21:41:00,SENSEX,PE,73400.0,SENSEX26O0173400PE,187.65,187.65,187.65,187.65,0,18
2026-09-25 21:41:00,SENSEX,CE,73500.0,SENSEX26O0173500CE,801.0,801.0,801.0,801.0,0,18
2026-09-25 21:41:00,SENSEX,PE,73500.0,SENSEX26O0173500PE,211.85,211.85,211.85,211.85,0,18
2026-09-25 21:41:00,SENSEX,CE,73600.0,SENSEX26O0173600CE,721.5,721.5,721.5,721.5,0,18
2026-09-25 21:41:00,SENSEX,PE,73600.0,SENSEX26O0173600PE,235.3,235.3,235.3,235.3,0,18
2026-09-25 21:41:00,SENSEX,CE,73700.0,SENSEX26O0173700CE,655.0,655.0,655.0,655.0,0,18
2026-09-25 21:41:00,SENSEX,PE,73700.0,SENSEX26O0173700PE,270.0,270.0,270.0,270.0,0,18
2026-09-25 21:41:00,SENSEX,CE,73800.0,SENSEX26O0173800CE,607.2,607.2,607.2,607.2,0,18
2026-09-25 21:41:00,SENSEX,PE,73800.0,SENSEX26O0173800PE,304.0,304.0,304.0,304.0,0,18
2026-09-25 21:41:00,SENSEX,CE,73900.0,SENSEX26O0173900CE,545.0,545.0,545.0,545.0,0,18
2026-09-25 21:41:00,SENSEX,PE,73900.0,SENSEX26O0173900PE,340.05,340.05,340.05,340.05,0,18
2026-09-25 21:41:00,SENSEX,CE,74000.0,SENSEX26O0174000CE,484.1,484.1,484.1,484.1,0,18
2026-09-25 21:41:00,SENSEX,PE,74000.0,SENSEX26O0174000PE,388.5,388.5,388.5,388.5,0,18
2026-09-25 21:41:00,SENSEX,CE,74100.0,SENSEX26O0174100CE,424.65,424.65,424.65,424.65,0,18
2026-09-25 21:41:00,SENSEX,PE,74100.0,SENSEX26O0174100PE,424.05,424.05,424.05,424.05,0,18
2026-09-25 21:41:00,SENSEX,CE,74200.0,SENSEX26O0174200CE,380.4,380.4,380.4,380.4,0,18
2026-09-25 21:41:00,SENSEX,PE,74200.0,SENSEX26O0174200PE,484.8,484.8,484.8,484.8,0,18
2026-09-25 21:41:00,SENSEX,CE,74300.0,SENSEX26O0174300CE,333.5,333.5,333.5,333.5,0,18
2026-09-25 21:41:00,SENSEX,PE,74300.0,SENSEX26O0174300PE,523.2,523.2,523.2,523.2,0,18
2026-09-25 21:41:00,SENSEX,CE,74400.0,SENSEX26O0174400CE,285.6,285.6,285.6,285.6,0,18
2026-09-25 21:41:00,SENSEX,PE,74400.0,SENSEX26O0174400PE,583.55,583.55,583.55,583.55,0,18
2026-09-25 21:41:00,SENSEX,CE,74500.0,SENSEX26O0174500CE,249.2,249.2,249.2,249.2,0,18
2026-09-25 21:41:00,SENSEX,PE,74500.0,SENSEX26O0174500PE,636.0,636.0,636.0,636.0,0,18
2026-09-25 21:42:00,SENSEX,FUT,0.0,SENSEX26OCTFUT,74600.0,74600.0,74600.0,74600.0,0,19
2026-09-25 21:42:00,SENSEX,SPOT,0.0,SENSEX,73895.74,73895.74,73895.74,73895.74,0,19
2026-09-25 21:42:00,SENSEX,CE,73300.0,SENSEX26O0173300CE,965.55,965.55,965.55,965.55,0,19
2026-09-25 21:42:00,SENSEX,PE,73300.0,SENSEX26O0173300PE,166.0,166.0,166.0,166.0,0,19
2026-09-25 21:42:00,SENSEX,CE,73400.0,SENSEX26O0173400CE,893.45,893.45,893.45,893.45,0,19
2026-09-25 21:42:00,SENSEX,PE,73400.0,SENSEX26O0173400PE,187.65,187.65,187.65,187.65,0,19
2026-09-25 21:42:00,SENSEX,CE,73500.0,SENSEX26O0173500CE,801.0,801.0,801.0,801.0,0,19
2026-09-25 21:42:00,SENSEX,PE,73500.0,SENSEX26O0173500PE,211.85,211.85,211.85,211.85,0,19
2026-09-25 21:42:00,SENSEX,CE,73600.0,SENSEX26O0173600CE,721.5,721.5,721.5,721.5,0,19
2026-09-25 21:42:00,SENSEX,PE,73600.0,SENSEX26O0173600PE,235.3,235.3,235.3,235.3,0,19
2026-09-25 21:42:00,SENSEX,CE,73700.0,SENSEX26O0173700CE,655.0,655.0,655.0,655.0,0,19
2026-09-25 21:42:00,SENSEX,PE,73700.0,SENSEX26O0173700PE,270.0,270.0,270.0,270.0,0,19
2026-09-25 21:42:00,SENSEX,CE,73800.0,SENSEX26O0173800CE,607.2,607.2,607.2,607.2,0,19
2026-09-25 21:42:00,SENSEX,PE,73800.0,SENSEX26O0173800PE,304.0,304.0,304.0,304.0,0,19
2026-09-25 21:42:00,SENSEX,CE,73900.0,SENSEX26O0173900CE,545.0,545.0,545.0,545.0,0,19
2026-09-25 21:42:00,SENSEX,PE,73900.0,SENSEX26O0173900PE,340.05,340.05,340.05,340.05,0,19
2026-09-25 21:42:00,SENSEX,CE,74000.0,SENSEX26O0174000CE,484.1,484.1,484.1,484.1,0,19
2026-09-25 21:42:00,SENSEX,PE,74000.0,SENSEX26O0174000PE,388.5,388.5,388.5,388.5,0,19
2026-09-25 21:42:00,SENSEX,CE,74100.0,SENSEX26O0174100CE,424.65,424.65,424.65,424.65,0,19
2026-09-25 21:42:00,SENSEX,PE,74100.0,SENSEX26O0174100PE,424.05,424.05,424.05,424.05,0,19
2026-09-25 21:42:00,SENSEX,CE,74200.0,SENSEX26O0174200CE,380.4,380.4,380.4,380.4,0,19
2026-09-25 21:42:00,SENSEX,PE,74200.0,SENSEX26O0174200PE,484.8,484.8,484.8,484.8,0,19
2026-09-25 21:42:00,SENSEX,CE,74300.0,SENSEX26O0174300CE,333.5,333.5,333.5,333.5,0,19
2026-09-25 21:42:00,SENSEX,PE,74300.0,SENSEX26O0174300PE,523.2,523.2,523.2,523.2,0,19
2026-09-25 21:42:00,SENSEX,CE,74400.0,SENSEX26O0174400CE,285.6,285.6,285.6,285.6,0,19
2026-09-25 21:42:00,SENSEX,PE,74400.0,SENSEX26O0174400PE,583.55,583.55,583.55,583.55,0,19
2026-09-25 21:42:00,SENSEX,CE,74500.0,SENSEX26O0174500CE,249.2,249.2,249.2,249.2,0,19
2026-09-25 21:42:00,SENSEX,PE,74500.0,SENSEX26O0174500PE,636.0,636.0,636.0,636.0,0,19
2026-09-25 21:43:00,SENSEX,FUT,0.0,SENSEX26OCTFUT,74600.0,74600.0,74600.0,74600.0,0,6
2026-09-25 21:43:00,SENSEX,SPOT,0.0,SENSEX,73895.74,73895.74,73895.74,73895.74,0,6
2026-09-25 21:43:00,SENSEX,CE,73300.0,SENSEX26O0173300CE,965.55,965.55,965.55,965.55,0,6
2026-09-25 21:43:00,SENSEX,PE,73300.0,SENSEX26O0173300PE,166.0,166.0,166.0,166.0,0,6
2026-09-25 21:43:00,SENSEX,CE,73400.0,SENSEX26O0173400CE,893.45,893.45,893.45,893.45,0,6
2026-09-25 21:43:00,SENSEX,PE,73400.0,SENSEX26O0173400PE,187.65,187.65,187.65,187.65,0,6
2026-09-25 21:43:00,SENSEX,CE,73500.0,SENSEX26O0173500CE,801.0,801.0,801.0,801.0,0,6
2026-09-25 21:43:00,SENSEX,PE,73500.0,SENSEX26O0173500PE,211.85,211.85,211.85,211.85,0,6
2026-09-25 21:43:00,SENSEX,CE,73600.0,SENSEX26O0173600CE,721.5,721.5,721.5,721.5,0,6
2026-09-25 21:43:00,SENSEX,PE,73600.0,SENSEX26O0173600PE,235.3,235.3,235.3,235.3,0,6
2026-09-25 21:43:00,SENSEX,CE,73700.0,SENSEX26O0173700CE,655.0,655.0,655.0,655.0,0,6
2026-09-25 21:43:00,SENSEX,PE,73700.0,SENSEX26O0173700PE,270.0,270.0,270.0,270.0,0,6
2026-09-25 21:43:00,SENSEX,CE,73800.0,SENSEX26O0173800CE,607.2,607.2,607.2,607.2,0,6
2026-09-25 21:43:00,SENSEX,PE,73800.0,SENSEX26O0173800PE,304.0,304.0,304.0,304.0,0,6
2026-09-25 21:43:00,SENSEX,CE,73900.0,SENSEX26O0173900CE,545.0,545.0,545.0,545.0,0,6
2026-09-25 21:43:00,SENSEX,PE,73900.0,SENSEX26O0173900PE,340.05,340.05,340.05,340.05,0,6
2026-09-25 21:43:00,SENSEX,CE,74000.0,SENSEX26O0174000CE,484.1,484.1,484.1,484.1,0,6
2026-09-25 21:43:00,SENSEX,PE,74000.0,SENSEX26O0174000PE,388.5,388.5,388.5,388.5,0,6
2026-09-25 21:43:00,SENSEX,CE,74100.0,SENSEX26O0174100CE,424.65,424.65,424.65,424.65,0,6
2026-09-25 21:43:00,SENSEX,PE,74100.0,SENSEX26O0174100PE,424.05,424.05,424.05,424.05,0,6
2026-09-25 21:43:00,SENSEX,CE,74200.0,SENSEX26O0174200CE,380.4,380.4,380.4,380.4,0,6
2026-09-25 21:43:00,SENSEX,PE,74200.0,SENSEX26O0174200PE,484.8,484.8,484.8,484.8,0,6
2026-09-25 21:43:00,SENSEX,CE,74300.0,SENSEX26O0174300CE,333.5,333.5,333.5,333.5,0,6
2026-09-25 21:43:00,SENSEX,PE,74300.0,SENSEX26O0174300PE,523.2,523.2,523.2,523.2,0,6
2026-09-25 21:43:00,SENSEX,CE,74400.0,SENSEX26O0174400CE,285.6,285.6,285.6,285.6,0,6
2026-09-25 21:43:00,SENSEX,PE,74400.0,SENSEX26O0174400PE,583.55,583.55,583.55,583.55,0,6
2026-09-25 21:43:00,SENSEX,CE,74500.0,SENSEX26O0174500CE,249.2,249.2,249.2,249.2,0,6
2026-09-25 21:43:00,SENSEX,PE,74500.0,SENSEX26O0174500PE,636.0,636.0,636.0,636.0,0,6
2026-09-25 21:44:00,SENSEX,FUT,0.0,SENSEX26OCTFUT,74600.0,74600.0,74600.0,74600.0,0,13
2026-09-25 21:44:00,SENSEX,SPOT,0.0,SENSEX,73895.74,73895.74,73895.74,73895.74,0,13
2026-09-25 21:44:00,SENSEX,CE,73300.0,SENSEX26O0173300CE,965.55,965.55,965.55,965.55,0,13
2026-09-25 21:44:00,SENSEX,PE,73300.0,SENSEX26O0173300PE,166.0,166.0,166.0,166.0,0,13
2026-09-25 21:44:00,SENSEX,CE,73400.0,SENSEX26O0173400CE,893.45,893.45,893.45,893.45,0,13
2026-09-25 21:44:00,SENSEX,PE,73400.0,SENSEX26O0173400PE,187.65,187.65,187.65,187.65,0,13
2026-09-25 21:44:00,SENSEX,CE,73500.0,SENSEX26O0173500CE,801.0,801.0,801.0,801.0,0,13
2026-09-25 21:44:00,SENSEX,PE,73500.0,SENSEX26O0173500PE,211.85,211.85,211.85,211.85,0,13
2026-09-25 21:44:00,SENSEX,CE,73600.0,SENSEX26O0173600CE,721.5,721.5,721.5,721.5,0,13
2026-09-25 21:44:00,SENSEX,PE,73600.0,SENSEX26O0173600PE,235.3,235.3,235.3,235.3,0,13
2026-09-25 21:44:00,SENSEX,CE,73700.0,SENSEX26O0173700CE,655.0,655.0,655.0,655.0,0,13
2026-09-25 21:44:00,SENSEX,PE,73700.0,SENSEX26O0173700PE,270.0,270.0,270.0,270.0,0,13
2026-09-25 21:44:00,SENSEX,CE,73800.0,SENSEX26O0173800CE,607.2,607.2,607.2,607.2,0,13
2026-09-25 21:44:00,SENSEX,PE,73800.0,SENSEX26O0173800PE,304.0,304.0,304.0,304.0,0,13
2026-09-25 21:44:00,SENSEX,CE,73900.0,SENSEX26O0173900CE,545.0,545.0,545.0,545.0,0,13
2026-09-25 21:44:00,SENSEX,PE,73900.0,SENSEX26O0173900PE,340.05,340.05,340.05,340.05,0,13
2026-09-25 21:44:00,SENSEX,CE,74000.0,SENSEX26O0174000CE,484.1,484.1,484.1,484.1,0,13
2026-09-25 21:44:00,SENSEX,PE,74000.0,SENSEX26O0174000PE,388.5,388.5,388.5,388.5,0,13
2026-09-25 21:44:00,SENSEX,CE,74100.0,SENSEX26O0174100CE,424.65,424.65,424.65,424.65,0,13
2026-09-25 21:44:00,SENSEX,PE,74100.0,SENSEX26O0174100PE,424.05,424.05,424.05,424.05,0,13
2026-09-25 21:44:00,SENSEX,CE,74200.0,SENSEX26O0174200CE,380.4,380.4,380.4,380.4,0,13
2026-09-25 21:44:00,SENSEX,PE,74200.0,SENSEX26O0174200PE,484.8,484.8,484.8,484.8,0,13
2026-09-25 21:44:00,SENSEX,CE,74300.0,SENSEX26O0174300CE,333.5,333.5,333.5,333.5,0,13
2026-09-25 21:44:00,SENSEX,PE,74300.0,SENSEX26O0174300PE,523.2,523.2,523.2,523.2,0,13
2026-09-25 21:44:00,SENSEX,CE,74400.0,SENSEX26O0174400CE,285.6,285.6,285.6,285.6,0,13
2026-09-25 21:44:00,SENSEX,PE,74400.0,SENSEX26O0174400PE,583.55,583.55,583.55,583.55,0,13
2026-09-25 21:44:00,SENSEX,CE,74500.0,SENSEX26O0174500CE,249.2,249.2,249.2,249.2,0,13
2026-09-25 21:44:00,SENSEX,PE,74500.0,SENSEX26O0174500PE,636.0,636.0,636.0,636.0,0,13
2026-09-25 21:45:00,SENSEX,FUT,0.0,SENSEX26OCTFUT,74600.0,74600.0,74600.0,74600.0,0,19
2026-09-25 21:45:00,SENSEX,SPOT,0.0,SENSEX,73895.74,73895.74,73895.74,73895.74,0,19
2026-09-25 21:45:00,SENSEX,CE,73300.0,SENSEX26O0173300CE,965.55,965.55,965.55,965.55,0,19
2026-09-25 21:45:00,SENSEX,PE,73300.0,SENSEX26O0173300PE,166.0,166.0,166.0,166.0,0,19
2026-09-25 21:45:00,SENSEX,CE,73400.0,SENSEX26O0173400CE,893.45,893.45,893.45,893.45,0,19
2026-09-25 21:45:00,SENSEX,PE,73400.0,SENSEX26O0173400PE,187.65,187.65,187.65,187.65,0,19
2026-09-25 21:45:00,SENSEX,CE,73500.0,SENSEX26O0173500CE,801.0,801.0,801.0,801.0,0,19
2026-09-25 21:45:00,SENSEX,PE,73500.0,SENSEX26O0173500PE,211.85,211.85,211.85,211.85,0,19
2026-09-25 21:45:00,SENSEX,CE,73600.0,SENSEX26O0173600CE,721.5,721.5,721.5,721.5,0,19
2026-09-25 21:45:00,SENSEX,PE,73600.0,SENSEX26O0173600PE,235.3,235.3,235.3,235.3,0,19
2026-09-25 21:45:00,SENSEX,CE,73700.0,SENSEX26O0173700CE,655.0,655.0,655.0,655.0,0,19
2026-09-25 21:45:00,SENSEX,PE,73700.0,SENSEX26O0173700PE,270.0,270.0,270.0,270.0,0,19
2026-09-25 21:45:00,SENSEX,CE,73800.0,SENSEX26O0173800CE,607.2,607.2,607.2,607.2,0,19
2026-09-25 21:45:00,SENSEX,PE,73800.0,SENSEX26O0173800PE,304.0,304.0,304.0,304.0,0,19
2026-09-25 21:45:00,SENSEX,CE,73900.0,SENSEX26O0173900CE,545.0,545.0,545.0,545.0,0,19
2026-09-25 21:45:00,SENSEX,PE,73900.0,SENSEX26O0173900PE,340.05,340.05,340.05,340.05,0,19
2026-09-25 21:45:00,SENSEX,CE,74000.0,SENSEX26O0174000CE,484.1,484.1,484.1,484.1,0,19
2026-09-25 21:45:00,SENSEX,PE,74000.0,SENSEX26O0174000PE,388.5,388.5,388.5,388.5,0,19
2026-09-25 21:45:00,SENSEX,CE,74100.0,SENSEX26O0174100CE,424.65,424.65,424.65,424.65,0,19
2026-09-25 21:45:00,SENSEX,PE,74100.0,SENSEX26O0174100PE,424.05,424.05,424.05,424.05,0,19
2026-09-25 21:45:00,SENSEX,CE,74200.0,SENSEX26O0174200CE,380.4,380.4,380.4,380.4,0,19
2026-09-25 21:45:00,SENSEX,PE,74200.0,SENSEX26O0174200PE,484.8,484.8,484.8,484.8,0,19
2026-09-25 21:45:00,SENSEX,CE,74300.0,SENSEX26O0174300CE,333.5,333.5,333.5,333.5,0,19
2026-09-25 21:45:00,SENSEX,PE,74300.0,SENSEX26O0174300PE,523.2,523.2,523.2,523.2,0,19
2026-09-25 21:45:00,SENSEX,CE,74400.0,SENSEX26O0174400CE,285.6,285.6,285.6,285.6,0,19
2026-09-25 21:45:00,SENSEX,PE,74400.0,SENSEX26O0174400PE,583.55,583.55,583.55,583.55,0,19
2026-09-25 21:45:00,SENSEX,CE,74500.0,SENSEX26O0174500CE,249.2,249.2,249.2,249.2,0,19
2026-09-25 21:45:00,SENSEX,PE,74500.0,SENSEX26O0174500PE,636.0,636.0,636.0,636.0,0,19
2026-09-25 21:46:00,SENSEX,FUT,0.0,SENSEX26OCTFUT,74600.0,74600.0,74600.0,74600.0,0,19
2026-09-25 21:46:00,SENSEX,SPOT,0.0,SENSEX,73895.74,73895.74,73895.74,73895.74,0,19
2026-09-25 21:46:00,SENSEX,CE,73300.0,SENSEX26O0173300CE,965.55,965.55,965.55,965.55,0,19
2026-09-25 21:46:00,SENSEX,PE,73300.0,SENSEX26O0173300PE,166.0,166.0,166.0,166.0,0,19
2026-09-25 21:46:00,SENSEX,CE,73400.0,SENSEX26O0173400CE,893.45,893.45,893.45,893.45,0,19
2026-09-25 21:46:00,SENSEX,PE,73400.0,SENSEX26O0173400PE,187.65,187.65,187.65,187.65,0,19
2026-09-25 21:46:00,SENSEX,CE,73500.0,SENSEX26O0173500CE,801.0,801.0,801.0,801.0,0,19
2026-09-25 21:46:00,SENSEX,PE,73500.0,SENSEX26O0173500PE,211.85,211.85,211.85,211.85,0,19
2026-09-25 21:46:00,SENSEX,CE,73600.0,SENSEX26O0173600CE,721.5,721.5,721.5,721.5,0,19
2026-09-25 21:46:00,SENSEX,PE,73600.0,SENSEX26O0173600PE,235.3,235.3,235.3,235.3,0,19
2026-09-25 21:46:00,SENSEX,CE,73700.0,SENSEX26O0173700CE,655.0,655.0,655.0,655.0,0,19
2026-09-25 21:46:00,SENSEX,PE,73700.0,SENSEX26O0173700PE,270.0,270.0,270.0,270.0,0,19
2026-09-25 21:46:00,SENSEX,CE,73800.0,SENSEX26O0173800CE,607.2,607.2,607.2,607.2,0,19
2026-09-25 21:46:00,SENSEX,PE,73800.0,SENSEX26O0173800PE,304.0,304.0,304.0,304.0,0,19
2026-09-25 21:46:00,SENSEX,CE,73900.0,SENSEX26O0173900CE,545.0,545.0,545.0,545.0,0,19
2026-09-25 21:46:00,SENSEX,PE,73900.0,SENSEX26O0173900PE,340.05,340.05,340.05,340.05,0,19
2026-09-25 21:46:00,SENSEX,CE,74000.0,SENSEX26O0174000CE,484.1,484.1,484.1,484.1,0,19
2026-09-25 21:46:00,SENSEX,PE,74000.0,SENSEX26O0174000PE,388.5,388.5,388.5,388.5,0,19
2026-09-25 21:46:00,SENSEX,CE,74100.0,SENSEX26O0174100CE,424.65,424.65,424.65,424.65,0,19
2026-09-25 21:46:00,SENSEX,PE,74100.0,SENSEX26O0174100PE,424.05,424.05,424.05,424.05,0,19
2026-09-25 21:46:00,SENSEX,CE,74200.0,SENSEX26O0174200CE,380.4,380.4,380.4,380.4,0,19
2026-09-25 21:46:00,SENSEX,PE,74200.0,SENSEX26O0174200PE,484.8,484.8,484.8,484.8,0,19
2026-09-25 21:46:00,SENSEX,CE,74300.0,SENSEX26O0174300CE,333.5,333.5,333.5,333.5,0,19
2026-09-25 21:46:00,SENSEX,PE,74300.0,SENSEX26O0174300PE,523.2,523.2,523.2,523.2,0,19
2026-09-25 21:46:00,SENSEX,CE,74400.0,SENSEX26O0174400CE,285.6,285.6,285.6,285.6,0,19
2026-09-25 21:46:00,SENSEX,PE,74400.0,SENSEX26O0174400PE,583.55,583.55,583.55,583.55,0,19
2026-09-25 21:46:00,SENSEX,CE,74500.0,SENSEX26O0174500CE,249.2,249.2,249.2,249.2,0,19
2026-09-25 21:46:00,SENSEX,PE,74500.0,SENSEX26O0174500PE,636.0,636.0,636.0,636.0,0,19
2026-09-25 21:47:00,SENSEX,FUT,0.0,SENSEX26OCTFUT,74600.0,74600.0,74600.0,74600.0,0,19
2026-09-25 21:47:00,SENSEX,SPOT,0.0,SENSEX,73895.74,73895.74,73895.74,73895.74,0,19
2026-09-25 21:47:00,SENSEX,CE,73300.0,SENSEX26O0173300CE,965.55,965.55,965.55,965.55,0,19
2026-09-25 21:47:00,SENSEX,PE,73300.0,SENSEX26O0173300PE,166.0,166.0,166.0,166.0,0,19
2026-09-25 21:47:00,SENSEX,CE,73400.0,SENSEX26O0173400CE,893.45,893.45,893.45,893.45,0,19
2026-09-25 21:47:00,SENSEX,PE,73400.0,SENSEX26O0173400PE,187.65,187.65,187.65,187.65,0,19
2026-09-25 21:47:00,SENSEX,CE,73500.0,SENSEX26O0173500CE,801.0,801.0,801.0,801.0,0,19
2026-09-25 21:47:00,SENSEX,PE,73500.0,SENSEX26O0173500PE,211.85,211.85,211.85,211.85,0,19
2026-09-25 21:47:00,SENSEX,CE,73600.0,SENSEX26O0173600CE,721.5,721.5,721.5,721.5,0,19
2026-09-25 21:47:00,SENSEX,PE,73600.0,SENSEX26O0173600PE,235.3,235.3,235.3,235.3,0,19
2026-09-25 21:47:00,SENSEX,CE,73700.0,SENSEX26O0173700CE,655.0,655.0,655.0,655.0,0,19
2026-09-25 21:47:00,SENSEX,PE,73700.0,SENSEX26O0173700PE,270.0,270.0,270.0,270.0,0,19
2026-09-25 21:47:00,SENSEX,CE,73800.0,SENSEX26O0173800CE,607.2,607.2,607.2,607.2,0,19
2026-09-25 21:47:00,SENSEX,PE,73800.0,SENSEX26O0173800PE,304.0,304.0,304.0,304.0,0,19
2026-09-25 21:47:00,SENSEX,CE,73900.0,SENSEX26O0173900CE,545.0,545.0,545.0,545.0,0,19
2026-09-25 21:47:00,SENSEX,PE,73900.0,SENSEX26O0173900PE,340.05,340.05,340.05,340.05,0,19
2026-09-25 21:47:00,SENSEX,CE,74000.0,SENSEX26O0174000CE,484.1,484.1,484.1,484.1,0,19
2026-09-25 21:47:00,SENSEX,PE,74000.0,SENSEX26O0174000PE,388.5,388.5,388.5,388.5,0,19
2026-09-25 21:47:00,SENSEX,CE,74100.0,SENSEX26O0174100CE,424.65,424.65,424.65,424.65,0,19
2026-09-25 21:47:00,SENSEX,PE,74100.0,SENSEX26O0174100PE,424.05,424.05,424.05,424.05,0,19
2026-09-25 21:47:00,SENSEX,CE,74200.0,SENSEX26O0174200CE,380.4,380.4,380.4,380.4,0,19
2026-09-25 21:47:00,SENSEX,PE,74200.0,SENSEX26O0174200PE,484.8,484.8,484.8,484.8,0,19
2026-09-25 21:47:00,SENSEX,CE,74300.0,SENSEX26O0174300CE,333.5,333.5,333.5,333.5,0,19
2026-09-25 21:47:00,SENSEX,PE,74300.0,SENSEX26O0174300PE,523.2,523.2,523.2,523.2,0,19
2026-09-25 21:47:00,SENSEX,CE,74400.0,SENSEX26O0174400CE,285.6,285.6,285.6,285.6,0,19
2026-09-25 21:47:00,SENSEX,PE,74400.0,SENSEX26O0174400PE,583.55,583.55,583.55,583.55,0,19
2026-09-25 21:47:00,SENSEX,CE,74500.0,SENSEX26O0174500CE,249.2,249.2,249.2,249.2,0,19
2026-09-25 21:47:00,SENSEX,PE,74500.0,SENSEX26O0174500PE,636.0,636.0,636.0,636.0,0,19
2026-09-25 21:48:00,SENSEX,FUT,0.0,SENSEX26OCTFUT,74600.0,74600.0,74600.0,74600.0,0,17
2026-09-25 21:48:00,SENSEX,SPOT,0.0,SENSEX,73895.74,73895.74,73895.74,73895.74,0,17
2026-09-25 21:48:00,SENSEX,CE,73300.0,SENSEX26O0173300CE,965.55,965.55,965.55,965.55,0,17
2026-09-25 21:48:00,SENSEX,PE,73300.0,SENSEX26O0173300PE,166.0,166.0,166.0,166.0,0,17
2026-09-25 21:48:00,SENSEX,CE,73400.0,SENSEX26O0173400CE,893.45,893.45,893.45,893.45,0,17
2026-09-25 21:48:00,SENSEX,PE,73400.0,SENSEX26O0173400PE,187.65,187.65,187.65,187.65,0,17
2026-09-25 21:48:00,SENSEX,CE,73500.0,SENSEX26O0173500CE,801.0,801.0,801.0,801.0,0,17
2026-09-25 21:48:00,SENSEX,PE,73500.0,SENSEX26O0173500PE,211.85,211.85,211.85,211.85,0,17
2026-09-25 21:48:00,SENSEX,CE,73600.0,SENSEX26O0173600CE,721.5,721.5,721.5,721.5,0,17
2026-09-25 21:48:00,SENSEX,PE,73600.0,SENSEX26O0173600PE,235.3,235.3,235.3,235.3,0,17
2026-09-25 21:48:00,SENSEX,CE,73700.0,SENSEX26O0173700CE,655.0,655.0,655.0,655.0,0,17
2026-09-25 21:48:00,SENSEX,PE,73700.0,SENSEX26O0173700PE,270.0,270.0,270.0,270.0,0,17
2026-09-25 21:48:00,SENSEX,CE,73800.0,SENSEX26O0173800CE,607.2,607.2,607.2,607.2,0,17
2026-09-25 21:48:00,SENSEX,PE,73800.0,SENSEX26O0173800PE,304.0,304.0,304.0,304.0,0,17
2026-09-25 21:48:00,SENSEX,CE,73900.0,SENSEX26O0173900CE,545.0,545.0,545.0,545.0,0,17
2026-09-25 21:48:00,SENSEX,PE,73900.0,SENSEX26O0173900PE,340.05,340.05,340.05,340.05,0,17
2026-09-25 21:48:00,SENSEX,CE,74000.0,SENSEX26O0174000CE,484.1,484.1,484.1,484.1,0,17
2026-09-25 21:48:00,SENSEX,PE,74000.0,SENSEX26O0174000PE,388.5,388.5,388.5,388.5,0,17
2026-09-25 21:48:00,SENSEX,CE,74100.0,SENSEX26O0174100CE,424.65,424.65,424.65,424.65,0,17
2026-09-25 21:48:00,SENSEX,PE,74100.0,SENSEX26O0174100PE,424.05,424.05,424.05,424.05,0,17
2026-09-25 21:48:00,SENSEX,CE,74200.0,SENSEX26O0174200CE,380.4,380.4,380.4,380.4,0,17
2026-09-25 21:48:00,SENSEX,PE,74200.0,SENSEX26O0174200PE,484.8,484.8,484.8,484.8,0,17
2026-09-25 21:48:00,SENSEX,CE,74300.0,SENSEX26O0174300CE,333.5,333.5,333.5,333.5,0,17
2026-09-25 21:48:00,SENSEX,PE,74300.0,SENSEX26O0174300PE,523.2,523.2,523.2,523.2,0,17
2026-09-25 21:48:00,SENSEX,CE,74400.0,SENSEX26O0174400CE,285.6,285.6,285.6,285.6,0,17
2026-09-25 21:48:00,SENSEX,PE,74400.0,SENSEX26O0174400PE,583.55,583.55,583.55,583.55,0,17
2026-09-25 21:48:00,SENSEX,CE,74500.0,SENSEX26O0174500CE,249.2,249.2,249.2,249.2,0,17
2026-09-25 21:48:00,SENSEX,PE,74500.0,SENSEX26O0174500PE,636.0,636.0,636.0,636.0,0,17
2026-09-25 21:49:00,SENSEX,FUT,0.0,SENSEX26OCTFUT,74600.0,74600.0,74600.0,74600.0,0,1
2026-09-25 21:49:00,SENSEX,SPOT,0.0,SENSEX,73895.74,73895.74,73895.74,73895.74,0,1
2026-09-25 21:49:00,SENSEX,CE,73300.0,SENSEX26O0173300CE,965.55,965.55,965.55,965.55,0,1
2026-09-25 21:49:00,SENSEX,PE,73300.0,SENSEX26O0173300PE,166.0,166.0,166.0,166.0,0,1
2026-09-25 21:49:00,SENSEX,CE,73400.0,SENSEX26O0173400CE,893.45,893.45,893.45,893.45,0,1
2026-09-25 21:49:00,SENSEX,PE,73400.0,SENSEX26O0173400PE,187.65,187.65,187.65,187.65,0,1
2026-09-25 21:49:00,SENSEX,CE,73500.0,SENSEX26O0173500CE,801.0,801.0,801.0,801.0,0,1
2026-09-25 21:49:00,SENSEX,PE,73500.0,SENSEX26O0173500PE,211.85,211.85,211.85,211.85,0,1
2026-09-25 21:49:00,SENSEX,CE,73600.0,SENSEX26O0173600CE,721.5,721.5,721.5,721.5,0,1
2026-09-25 21:49:00,SENSEX,PE,73600.0,SENSEX26O0173600PE,235.3,235.3,235.3,235.3,0,1
2026-09-25 21:49:00,SENSEX,CE,73700.0,SENSEX26O0173700CE,655.0,655.0,655.0,655.0,0,1
2026-09-25 21:49:00,SENSEX,PE,73700.0,SENSEX26O0173700PE,270.0,270.0,270.0,270.0,0,1
2026-09-25 21:49:00,SENSEX,CE,73800.0,SENSEX26O0173800CE,607.2,607.2,607.2,607.2,0,1
2026-09-25 21:49:00,SENSEX,PE,73800.0,SENSEX26O0173800PE,304.0,304.0,304.0,304.0,0,1
2026-09-25 21:49:00,SENSEX,CE,73900.0,SENSEX26O0173900CE,545.0,545.0,545.0,545.0,0,1
2026-09-25 21:49:00,SENSEX,PE,73900.0,SENSEX26O0173900PE,340.05,340.05,340.05,340.05,0,1
2026-09-25 21:49:00,SENSEX,CE,74000.0,SENSEX26O0174000CE,484.1,484.1,484.1,484.1,0,1
2026-09-25 21:49:00,SENSEX,PE,74000.0,SENSEX26O0174000PE,388.5,388.5,388.5,388.5,0,1
2026-09-25 21:49:00,SENSEX,CE,74100.0,SENSEX26O0174100CE,424.65,424.65,424.65,424.65,0,1
2026-09-25 21:49:00,SENSEX,PE,74100.0,SENSEX26O0174100PE,424.05,424.05,424.05,424.05,0,1
2026-09-25 21:49:00,SENSEX,CE,74200.0,SENSEX26O0174200CE,380.4,380.4,380.4,380.4,0,1
2026-09-25 21:49:00,SENSEX,PE,74200.0,SENSEX26O0174200PE,484.8,484.8,484.8,484.8,0,1
2026-09-25 21:49:00,SENSEX,CE,74300.0,SENSEX26O0174300CE,333.5,333.5,333.5,333.5,0,1
2026-09-25 21:49:00,SENSEX,PE,74300.0,SENSEX26O0174300PE,523.2,523.2,523.2,523.2,0,1
2026-09-25 21:49:00,SENSEX,CE,74400.0,SENSEX26O0174400CE,285.6,285.6,285.6,285.6,0,1
2026-09-25 21:49:00,SENSEX,PE,74400.0,SENSEX26O0174400PE,583.55,583.55,583.55,583.55,0,1
2026-09-25 21:49:00,SENSEX,CE,74500.0,SENSEX26O0174500CE,249.2,249.2,249.2,249.2,0,1
2026-09-25 21:49:00,SENSEX,PE,74500.0,SENSEX26O0174500PE,636.0,636.0,636.0,636.0,0,1
2026-09-25 21:50:00,SENSEX,FUT,0.0,SENSEX26OCTFUT,74600.0,74600.0,74600.0,74600.0,0,19
2026-09-25 21:50:00,SENSEX,SPOT,0.0,SENSEX,73895.74,73895.74,73895.74,73895.74,0,19
2026-09-25 21:50:00,SENSEX,CE,73300.0,SENSEX26O0173300CE,965.55,965.55,965.55,965.55,0,19
2026-09-25 21:50:00,SENSEX,PE,73300.0,SENSEX26O0173300PE,166.0,166.0,166.0,166.0,0,19
2026-09-25 21:50:00,SENSEX,CE,73400.0,SENSEX26O0173400CE,893.45,893.45,893.45,893.45,0,19
2026-09-25 21:50:00,SENSEX,PE,73400.0,SENSEX26O0173400PE,187.65,187.65,187.65,187.65,0,19
2026-09-25 21:50:00,SENSEX,CE,73500.0,SENSEX26O0173500CE,801.0,801.0,801.0,801.0,0,19
2026-09-25 21:50:00,SENSEX,PE,73500.0,SENSEX26O0173500PE,211.85,211.85,211.85,211.85,0,19
2026-09-25 21:50:00,SENSEX,CE,73600.0,SENSEX26O0173600CE,721.5,721.5,721.5,721.5,0,19
2026-09-25 21:50:00,SENSEX,PE,73600.0,SENSEX26O0173600PE,235.3,235.3,235.3,235.3,0,19
2026-09-25 21:50:00,SENSEX,CE,73700.0,SENSEX26O0173700CE,655.0,655.0,655.0,655.0,0,19
2026-09-25 21:50:00,SENSEX,PE,73700.0,SENSEX26O0173700PE,270.0,270.0,270.0,270.0,0,19
2026-09-25 21:50:00,SENSEX,CE,73800.0,SENSEX26O0173800CE,607.2,607.2,607.2,607.2,0,19
2026-09-25 21:50:00,SENSEX,PE,73800.0,SENSEX26O0173800PE,304.0,304.0,304.0,304.0,0,19
2026-09-25 21:50:00,SENSEX,CE,73900.0,SENSEX26O0173900CE,545.0,545.0,545.0,545.0,0,19
2026-09-25 21:50:00,SENSEX,PE,73900.0,SENSEX26O0173900PE,340.05,340.05,340.05,340.05,0,19
2026-09-25 21:50:00,SENSEX,CE,74000.0,SENSEX26O0174000CE,484.1,484.1,484.1,484.1,0,19
2026-09-25 21:50:00,SENSEX,PE,74000.0,SENSEX26O0174000PE,388.5,388.5,388.5,388.5,0,19
2026-09-25 21:50:00,SENSEX,CE,74100.0,SENSEX26O0174100CE,424.65,424.65,424.65,424.65,0,19
2026-09-25 21:50:00,SENSEX,PE,74100.0,SENSEX26O0174100PE,424.05,424.05,424.05,424.05,0,19
2026-09-25 21:50:00,SENSEX,CE,74200.0,SENSEX26O0174200CE,380.4,380.4,380.4,380.4,0,19
2026-09-25 21:50:00,SENSEX,PE,74200.0,SENSEX26O0174200PE,484.8,484.8,484.8,484.8,0,19
2026-09-25 21:50:00,SENSEX,CE,74300.0,SENSEX26O0174300CE,333.5,333.5,333.5,333.5,0,19
2026-09-25 21:50:00,SENSEX,PE,74300.0,SENSEX26O0174300PE,523.2,523.2,523.2,523.2,0,19
2026-09-25 21:50:00,SENSEX,CE,74400.0,SENSEX26O0174400CE,285.6,285.6,285.6,285.6,0,19
2026-09-25 21:50:00,SENSEX,PE,74400.0,SENSEX26O0174400PE,583.55,583.55,583.55,583.55,0,19
2026-09-25 21:50:00,SENSEX,CE,74500.0,SENSEX26O0174500CE,249.2,249.2,249.2,249.2,0,19
2026-09-25 21:50:00,SENSEX,PE,74500.0,SENSEX26O0174500PE,636.0,636.0,636.0,636.0,0,19
2026-09-25 21:51:00,SENSEX,FUT,0.0,SENSEX26OCTFUT,74600.0,74600.0,74600.0,74600.0,0,19
2026-09-25 21:51:00,SENSEX,SPOT,0.0,SENSEX,73895.74,73895.74,73895.74,73895.74,0,19
2026-09-25 21:51:00,SENSEX,CE,73300.0,SENSEX26O0173300CE,965.55,965.55,965.55,965.55,0,19
2026-09-25 21:51:00,SENSEX,PE,73300.0,SENSEX26O0173300PE,166.0,166.0,166.0,166.0,0,19
2026-09-25 21:51:00,SENSEX,CE,73400.0,SENSEX26O0173400CE,893.45,893.45,893.45,893.45,0,19
2026-09-25 21:51:00,SENSEX,PE,73400.0,SENSEX26O0173400PE,187.65,187.65,187.65,187.65,0,19
2026-09-25 21:51:00,SENSEX,CE,73500.0,SENSEX26O0173500CE,801.0,801.0,801.0,801.0,0,19
2026-09-25 21:51:00,SENSEX,PE,73500.0,SENSEX26O0173500PE,211.85,211.85,211.85,211.85,0,19
2026-09-25 21:51:00,SENSEX,CE,73600.0,SENSEX26O0173600CE,721.5,721.5,721.5,721.5,0,19
2026-09-25 21:51:00,SENSEX,PE,73600.0,SENSEX26O0173600PE,235.3,235.3,235.3,235.3,0,19
2026-09-25 21:51:00,SENSEX,CE,73700.0,SENSEX26O0173700CE,655.0,655.0,655.0,655.0,0,19
2026-09-25 21:51:00,SENSEX,PE,73700.0,SENSEX26O0173700PE,270.0,270.0,270.0,270.0,0,19
2026-09-25 21:51:00,SENSEX,CE,73800.0,SENSEX26O0173800CE,607.2,607.2,607.2,607.2,0,19
2026-09-25 21:51:00,SENSEX,PE,73800.0,SENSEX26O0173800PE,304.0,304.0,304.0,304.0,0,19
2026-09-25 21:51:00,SENSEX,CE,73900.0,SENSEX26O0173900CE,545.0,545.0,545.0,545.0,0,19
2026-09-25 21:51:00,SENSEX,PE,73900.0,SENSEX26O0173900PE,340.05,340.05,340.05,340.05,0,19
2026-09-25 21:51:00,SENSEX,CE,74000.0,SENSEX26O0174000CE,484.1,484.1,484.1,484.1,0,19
2026-09-25 21:51:00,SENSEX,PE,74000.0,SENSEX26O0174000PE,388.5,388.5,388.5,388.5,0,19
2026-09-25 21:51:00,SENSEX,CE,74100.0,SENSEX26O0174100CE,424.65,424.65,424.65,424.65,0,19
2026-09-25 21:51:00,SENSEX,PE,74100.0,SENSEX26O0174100PE,424.05,424.05,424.05,424.05,0,19
2026-09-25 21:51:00,SENSEX,CE,74200.0,SENSEX26O0174200CE,380.4,380.4,380.4,380.4,0,19
2026-09-25 21:51:00,SENSEX,PE,74200.0,SENSEX26O0174200PE,484.8,484.8,484.8,484.8,0,19
2026-09-25 21:51:00,SENSEX,CE,74300.0,SENSEX26O0174300CE,333.5,333.5,333.5,333.5,0,19
2026-09-25 21:51:00,SENSEX,PE,74300.0,SENSEX26O0174300PE,523.2,523.2,523.2,523.2,0,19
2026-09-25 21:51:00,SENSEX,CE,74400.0,SENSEX26O0174400CE,285.6,285.6,285.6,285.6,0,19
2026-09-25 21:51:00,SENSEX,PE,74400.0,SENSEX26O0174400PE,583.55,583.55,583.55,583.55,0,19
2026-09-25 21:51:00,SENSEX,CE,74500.0,SENSEX26O0174500CE,249.2,249.2,249.2,249.2,0,19
2026-09-25 21:51:00,SENSEX,PE,74500.0,SENSEX26O0174500PE,636.0,636.0,636.0,636.0,0,19
2026-09-25 21:52:00,SENSEX,FUT,0.0,SENSEX26OCTFUT,74600.0,74600.0,74600.0,74600.0,0,19
2026-09-25 21:52:00,SENSEX,SPOT,0.0,SENSEX,73895.74,73895.74,73895.74,73895.74,0,19
2026-09-25 21:52:00,SENSEX,CE,73300.0,SENSEX26O0173300CE,965.55,965.55,965.55,965.55,0,19
2026-09-25 21:52:00,SENSEX,PE,73300.0,SENSEX26O0173300PE,166.0,166.0,166.0,166.0,0,19
2026-09-25 21:52:00,SENSEX,CE,73400.0,SENSEX26O0173400CE,893.45,893.45,893.45,893.45,0,19
2026-09-25 21:52:00,SENSEX,PE,73400.0,SENSEX26O0173400PE,187.65,187.65,187.65,187.65,0,19
2026-09-25 21:52:00,SENSEX,CE,73500.0,SENSEX26O0173500CE,801.0,801.0,801.0,801.0,0,19
2026-09-25 21:52:00,SENSEX,PE,73500.0,SENSEX26O0173500PE,211.85,211.85,211.85,211.85,0,19
2026-09-25 21:52:00,SENSEX,CE,73600.0,SENSEX26O0173600CE,721.5,721.5,721.5,721.5,0,19
2026-09-25 21:52:00,SENSEX,PE,73600.0,SENSEX26O0173600PE,235.3,235.3,235.3,235.3,0,19
2026-09-25 21:52:00,SENSEX,CE,73700.0,SENSEX26O0173700CE,655.0,655.0,655.0,655.0,0,19
2026-09-25 21:52:00,SENSEX,PE,73700.0,SENSEX26O0173700PE,270.0,270.0,270.0,270.0,0,19
2026-09-25 21:52:00,SENSEX,CE,73800.0,SENSEX26O0173800CE,607.2,607.2,607.2,607.2,0,19
2026-09-25 21:52:00,SENSEX,PE,73800.0,SENSEX26O0173800PE,304.0,304.0,304.0,304.0,0,19
2026-09-25 21:52:00,SENSEX,CE,73900.0,SENSEX26O0173900CE,545.0,545.0,545.0,545.0,0,19
2026-09-25 21:52:00,SENSEX,PE,73900.0,SENSEX26O0173900PE,340.05,340.05,340.05,340.05,0,19
2026-09-25 21:52:00,SENSEX,CE,74000.0,SENSEX26O0174000CE,484.1,484.1,484.1,484.1,0,19
2026-09-25 21:52:00,SENSEX,PE,74000.0,SENSEX26O0174000PE,388.5,388.5,388.5,388.5,0,19
2026-09-25 21:52:00,SENSEX,CE,74100.0,SENSEX26O0174100CE,424.65,424.65,424.65,424.65,0,19
2026-09-25 21:52:00,SENSEX,PE,74100.0,SENSEX26O0174100PE,424.05,424.05,424.05,424.05,0,19
2026-09-25 21:52:00,SENSEX,CE,74200.0,SENSEX26O0174200CE,380.4,380.4,380.4,380.4,0,19
2026-09-25 21:52:00,SENSEX,PE,74200.0,SENSEX26O0174200PE,484.8,484.8,484.8,484.8,0,19
2026-09-25 21:52:00,SENSEX,CE,74300.0,SENSEX26O0174300CE,333.5,333.5,333.5,333.5,0,19
2026-09-25 21:52:00,SENSEX,PE,74300.0,SENSEX26O0174300PE,523.2,523.2,523.2,523.2,0,19
2026-09-25 21:52:00,SENSEX,CE,74400.0,SENSEX26O0174400CE,285.6,285.6,285.6,285.6,0,19
2026-09-25 21:52:00,SENSEX,PE,74400.0,SENSEX26O0174400PE,583.55,583.55,583.55,583.55,0,19
2026-09-25 21:52:00,SENSEX,CE,74500.0,SENSEX26O0174500CE,249.2,249.2,249.2,249.2,0,19
2026-09-25 21:52:00,SENSEX,PE,74500.0,SENSEX26O0174500PE,636.0,636.0,636.0,636.0,0,19
2026-09-25 21:53:00,SENSEX,FUT,0.0,SENSEX26OCTFUT,74600.0,74600.0,74600.0,74600.0,0,19
2026-09-25 21:53:00,SENSEX,SPOT,0.0,SENSEX,73895.74,73895.74,73895.74,73895.74,0,19
2026-09-25 21:53:00,SENSEX,CE,73300.0,SENSEX26O0173300CE,965.55,965.55,965.55,965.55,0,19
2026-09-25 21:53:00,SENSEX,PE,73300.0,SENSEX26O0173300PE,166.0,166.0,166.0,166.0,0,19
2026-09-25 21:53:00,SENSEX,CE,73400.0,SENSEX26O0173400CE,893.45,893.45,893.45,893.45,0,19
2026-09-25 21:53:00,SENSEX,PE,73400.0,SENSEX26O0173400PE,187.65,187.65,187.65,187.65,0,19
2026-09-25 21:53:00,SENSEX,CE,73500.0,SENSEX26O0173500CE,801.0,801.0,801.0,801.0,0,19
2026-09-25 21:53:00,SENSEX,PE,73500.0,SENSEX26O0173500PE,211.85,211.85,211.85,211.85,0,19
2026-09-25 21:53:00,SENSEX,CE,73600.0,SENSEX26O0173600CE,721.5,721.5,721.5,721.5,0,19
2026-09-25 21:53:00,SENSEX,PE,73600.0,SENSEX26O0173600PE,235.3,235.3,235.3,235.3,0,19
2026-09-25 21:53:00,SENSEX,CE,73700.0,SENSEX26O0173700CE,655.0,655.0,655.0,655.0,0,19
2026-09-25 21:53:00,SENSEX,PE,73700.0,SENSEX26O0173700PE,270.0,270.0,270.0,270.0,0,19
2026-09-25 21:53:00,SENSEX,CE,73800.0,SENSEX26O0173800CE,607.2,607.2,607.2,607.2,0,19
2026-09-25 21:53:00,SENSEX,PE,73800.0,SENSEX26O0173800PE,304.0,304.0,304.0,304.0,0,19
2026-09-25 21:53:00,SENSEX,CE,73900.0,SENSEX26O0173900CE,545.0,545.0,545.0,545.0,0,19
2026-09-25 21:53:00,SENSEX,PE,73900.0,SENSEX26O0173900PE,340.05,340.05,340.05,340.05,0,19
2026-09-25 21:53:00,SENSEX,CE,74000.0,SENSEX26O0174000CE,484.1,484.1,484.1,484.1,0,19
2026-09-25 21:53:00,SENSEX,PE,74000.0,SENSEX26O0174000PE,388.5,388.5,388.5,388.5,0,19
2026-09-25 21:53:00,SENSEX,CE,74100.0,SENSEX26O0174100CE,424.65,424.65,424.65,424.65,0,19
2026-09-25 21:53:00,SENSEX,PE,74100.0,SENSEX26O0174100PE,424.05,424.05,424.05,424.05,0,19
2026-09-25 21:53:00,SENSEX,CE,74200.0,SENSEX26O0174200CE,380.4,380.4,380.4,380.4,0,19
2026-09-25 21:53:00,SENSEX,PE,74200.0,SENSEX26O0174200PE,484.8,484.8,484.8,484.8,0,19
2026-09-25 21:53:00,SENSEX,CE,74300.0,SENSEX26O0174300CE,333.5,333.5,333.5,333.5,0,19
2026-09-25 21:53:00,SENSEX,PE,74300.0,SENSEX26O0174300PE,523.2,523.2,523.2,523.2,0,19
2026-09-25 21:53:00,SENSEX,CE,74400.0,SENSEX26O0174400CE,285.6,285.6,285.6,285.6,0,19
2026-09-25 21:53:00,SENSEX,PE,74400.0,SENSEX26O0174400PE,583.55,583.55,583.55,583.55,0,19
2026-09-25 21:53:00,SENSEX,CE,74500.0,SENSEX26O0174500CE,249.2,249.2,249.2,249.2,0,19
2026-09-25 21:53:00,SENSEX,PE,74500.0,SENSEX26O0174500PE,636.0,636.0,636.0,636.0,0,19
2026-09-25 21:54:00,SENSEX,FUT,0.0,SENSEX26OCTFUT,74600.0,74600.0,74600.0,74600.0,0,18
2026-09-25 21:54:00,SENSEX,SPOT,0.0,SENSEX,73895.74,73895.74,73895.74,73895.74,0,18
2026-09-25 21:54:00,SENSEX,CE,73300.0,SENSEX26O0173300CE,965.55,965.55,965.55,965.55,0,18
2026-09-25 21:54:00,SENSEX,PE,73300.0,SENSEX26O0173300PE,166.0,166.0,166.0,166.0,0,18
2026-09-25 21:54:00,SENSEX,CE,73400.0,SENSEX26O0173400CE,893.45,893.45,893.45,893.45,0,18
2026-09-25 21:54:00,SENSEX,PE,73400.0,SENSEX26O0173400PE,187.65,187.65,187.65,187.65,0,18
2026-09-25 21:54:00,SENSEX,CE,73500.0,SENSEX26O0173500CE,801.0,801.0,801.0,801.0,0,18
2026-09-25 21:54:00,SENSEX,PE,73500.0,SENSEX26O0173500PE,211.85,211.85,211.85,211.85,0,18
2026-09-25 21:54:00,SENSEX,CE,73600.0,SENSEX26O0173600CE,721.5,721.5,721.5,721.5,0,18
2026-09-25 21:54:00,SENSEX,PE,73600.0,SENSEX26O0173600PE,235.3,235.3,235.3,235.3,0,18
2026-09-25 21:54:00,SENSEX,CE,73700.0,SENSEX26O0173700CE,655.0,655.0,655.0,655.0,0,18
2026-09-25 21:54:00,SENSEX,PE,73700.0,SENSEX26O0173700PE,270.0,270.0,270.0,270.0,0,18
2026-09-25 21:54:00,SENSEX,CE,73800.0,SENSEX26O0173800CE,607.2,607.2,607.2,607.2,0,18
2026-09-25 21:54:00,SENSEX,PE,73800.0,SENSEX26O0173800PE,304.0,304.0,304.0,304.0,0,18
2026-09-25 21:54:00,SENSEX,CE,73900.0,SENSEX26O0173900CE,545.0,545.0,545.0,545.0,0,18
2026-09-25 21:54:00,SENSEX,PE,73900.0,SENSEX26O0173900PE,340.05,340.05,340.05,340.05,0,18
2026-09-25 21:54:00,SENSEX,CE,74000.0,SENSEX26O0174000CE,484.1,484.1,484.1,484.1,0,18
2026-09-25 21:54:00,SENSEX,PE,74000.0,SENSEX26O0174000PE,388.5,388.5,388.5,388.5,0,18
2026-09-25 21:54:00,SENSEX,CE,74100.0,SENSEX26O0174100CE,424.65,424.65,424.65,424.65,0,18
2026-09-25 21:54:00,SENSEX,PE,74100.0,SENSEX26O0174100PE,424.05,424.05,424.05,424.05,0,18
2026-09-25 21:54:00,SENSEX,CE,74200.0,SENSEX26O0174200CE,380.4,380.4,380.4,380.4,0,18
2026-09-25 21:54:00,SENSEX,PE,74200.0,SENSEX26O0174200PE,484.8,484.8,484.8,484.8,0,18
2026-09-25 21:54:00,SENSEX,CE,74300.0,SENSEX26O0174300CE,333.5,333.5,333.5,333.5,0,18
2026-09-25 21:54:00,SENSEX,PE,74300.0,SENSEX26O0174300PE,523.2,523.2,523.2,523.2,0,18
2026-09-25 21:54:00,SENSEX,CE,74400.0,SENSEX26O0174400CE,285.6,285.6,285.6,285.6,0,18
2026-09-25 21:54:00,SENSEX,PE,74400.0,SENSEX26O0174400PE,583.55,583.55,583.55,583.55,0,18
2026-09-25 21:54:00,SENSEX,CE,74500.0,SENSEX26O0174500CE,249.2,249.2,249.2,249.2,0,18
2026-09-25 21:54:00,SENSEX,PE,74500.0,SENSEX26O0174500PE,636.0,636.0,636.0,636.0,0,18
2026-09-25 21:55:00,SENSEX,FUT,0.0,SENSEX26OCTFUT,74600.0,74600.0,74600.0,74600.0,0,19
2026-09-25 21:55:00,SENSEX,SPOT,0.0,SENSEX,73895.74,73895.74,73895.74,73895.74,0,19
2026-09-25 21:55:00,SENSEX,CE,73300.0,SENSEX26O0173300CE,965.55,965.55,965.55,965.55,0,19
2026-09-25 21:55:00,SENSEX,PE,73300.0,SENSEX26O0173300PE,166.0,166.0,166.0,166.0,0,19
2026-09-25 21:55:00,SENSEX,CE,73400.0,SENSEX26O0173400CE,893.45,893.45,893.45,893.45,0,19
2026-09-25 21:55:00,SENSEX,PE,73400.0,SENSEX26O0173400PE,187.65,187.65,187.65,187.65,0,19
2026-09-25 21:55:00,SENSEX,CE,73500.0,SENSEX26O0173500CE,801.0,801.0,801.0,801.0,0,19
2026-09-25 21:55:00,SENSEX,PE,73500.0,SENSEX26O0173500PE,211.85,211.85,211.85,211.85,0,19
2026-09-25 21:55:00,SENSEX,CE,73600.0,SENSEX26O0173600CE,721.5,721.5,721.5,721.5,0,19
2026-09-25 21:55:00,SENSEX,PE,73600.0,SENSEX26O0173600PE,235.3,235.3,235.3,235.3,0,19
2026-09-25 21:55:00,SENSEX,CE,73700.0,SENSEX26O0173700CE,655.0,655.0,655.0,655.0,0,19
2026-09-25 21:55:00,SENSEX,PE,73700.0,SENSEX26O0173700PE,270.0,270.0,270.0,270.0,0,19
2026-09-25 21:55:00,SENSEX,CE,73800.0,SENSEX26O0173800CE,607.2,607.2,607.2,607.2,0,19
2026-09-25 21:55:00,SENSEX,PE,73800.0,SENSEX26O0173800PE,304.0,304.0,304.0,304.0,0,19
2026-09-25 21:55:00,SENSEX,CE,73900.0,SENSEX26O0173900CE,545.0,545.0,545.0,545.0,0,19
2026-09-25 21:55:00,SENSEX,PE,73900.0,SENSEX26O0173900PE,340.05,340.05,340.05,340.05,0,19
2026-09-25 21:55:00,SENSEX,CE,74000.0,SENSEX26O0174000CE,484.1,484.1,484.1,484.1,0,19
2026-09-25 21:55:00,SENSEX,PE,74000.0,SENSEX26O0174000PE,388.5,388.5,388.5,388.5,0,19
2026-09-25 21:55:00,SENSEX,CE,74100.0,SENSEX26O0174100CE,424.65,424.65,424.65,424.65,0,19
2026-09-25 21:55:00,SENSEX,PE,74100.0,SENSEX26O0174100PE,424.05,424.05,424.05,424.05,0,19
2026-09-25 21:55:00,SENSEX,CE,74200.0,SENSEX26O0174200CE,380.4,380.4,380.4,380.4,0,19
2026-09-25 21:55:00,SENSEX,PE,74200.0,SENSEX26O0174200PE,484.8,484.8,484.8,484.8,0,19
2026-09-25 21:55:00,SENSEX,CE,74300.0,SENSEX26O0174300CE,333.5,333.5,333.5,333.5,0,19
2026-09-25 21:55:00,SENSEX,PE,74300.0,SENSEX26O0174300PE,523.2,523.2,523.2,523.2,0,19
2026-09-25 21:55:00,SENSEX,CE,74400.0,SENSEX26O0174400CE,285.6,285.6,285.6,285.6,0,19
2026-09-25 21:55:00,SENSEX,PE,74400.0,SENSEX26O0174400PE,583.55,583.55,583.55,583.55,0,19
2026-09-25 21:55:00,SENSEX,CE,74500.0,SENSEX26O0174500CE,249.2,249.2,249.2,249.2,0,19
2026-09-25 21:55:00,SENSEX,PE,74500.0,SENSEX26O0174500PE,636.0,636.0,636.0,636.0,0,19
2026-09-25 21:56:00,SENSEX,FUT,0.0,SENSEX26OCTFUT,74600.0,74600.0,74600.0,74600.0,0,19
2026-09-25 21:56:00,SENSEX,SPOT,0.0,SENSEX,73895.74,73895.74,73895.74,73895.74,0,19
2026-09-25 21:56:00,SENSEX,CE,73300.0,SENSEX26O0173300CE,965.55,965.55,965.55,965.55,0,19
2026-09-25 21:56:00,SENSEX,PE,73300.0,SENSEX26O0173300PE,166.0,166.0,166.0,166.0,0,19
2026-09-25 21:56:00,SENSEX,CE,73400.0,SENSEX26O0173400CE,893.45,893.45,893.45,893.45,0,19
2026-09-25 21:56:00,SENSEX,PE,73400.0,SENSEX26O0173400PE,187.65,187.65,187.65,187.65,0,19
2026-09-25 21:56:00,SENSEX,CE,73500.0,SENSEX26O0173500CE,801.0,801.0,801.0,801.0,0,19
2026-09-25 21:56:00,SENSEX,PE,73500.0,SENSEX26O0173500PE,211.85,211.85,211.85,211.85,0,19
2026-09-25 21:56:00,SENSEX,CE,73600.0,SENSEX26O0173600CE,721.5,721.5,721.5,721.5,0,19
2026-09-25 21:56:00,SENSEX,PE,73600.0,SENSEX26O0173600PE,235.3,235.3,235.3,235.3,0,19
2026-09-25 21:56:00,SENSEX,CE,73700.0,SENSEX26O0173700CE,655.0,655.0,655.0,655.0,0,19
2026-09-25 21:56:00,SENSEX,PE,73700.0,SENSEX26O0173700PE,270.0,270.0,270.0,270.0,0,19
2026-09-25 21:56:00,SENSEX,CE,73800.0,SENSEX26O0173800CE,607.2,607.2,607.2,607.2,0,19
2026-09-25 21:56:00,SENSEX,PE,73800.0,SENSEX26O0173800PE,304.0,304.0,304.0,304.0,0,19
2026-09-25 21:56:00,SENSEX,CE,73900.0,SENSEX26O0173900CE,545.0,545.0,545.0,545.0,0,19
2026-09-25 21:56:00,SENSEX,PE,73900.0,SENSEX26O0173900PE,340.05,340.05,340.05,340.05,0,19
2026-09-25 21:56:00,SENSEX,CE,74000.0,SENSEX26O0174000CE,484.1,484.1,484.1,484.1,0,19
2026-09-25 21:56:00,SENSEX,PE,74000.0,SENSEX26O0174000PE,388.5,388.5,388.5,388.5,0,19
2026-09-25 21:56:00,SENSEX,CE,74100.0,SENSEX26O0174100CE,424.65,424.65,424.65,424.65,0,19
2026-09-25 21:56:00,SENSEX,PE,74100.0,SENSEX26O0174100PE,424.05,424.05,424.05,424.05,0,19
2026-09-25 21:56:00,SENSEX,CE,74200.0,SENSEX26O0174200CE,380.4,380.4,380.4,380.4,0,19
2026-09-25 21:56:00,SENSEX,PE,74200.0,SENSEX26O0174200PE,484.8,484.8,484.8,484.8,0,19
2026-09-25 21:56:00,SENSEX,CE,74300.0,SENSEX26O0174300CE,333.5,333.5,333.5,333.5,0,19
2026-09-25 21:56:00,SENSEX,PE,74300.0,SENSEX26O0174300PE,523.2,523.2,523.2,523.2,0,19
2026-09-25 21:56:00,SENSEX,CE,74400.0,SENSEX26O0174400CE,285.6,285.6,285.6,285.6,0,19
2026-09-25 21:56:00,SENSEX,PE,74400.0,SENSEX26O0174400PE,583.55,583.55,583.55,583.55,0,19
2026-09-25 21:56:00,SENSEX,CE,74500.0,SENSEX26O0174500CE,249.2,249.2,249.2,249.2,0,19
2026-09-25 21:56:00,SENSEX,PE,74500.0,SENSEX26O0174500PE,636.0,636.0,636.0,636.0,0,19
2026-09-25 21:57:00,SENSEX,FUT,0.0,SENSEX26OCTFUT,74600.0,74600.0,74600.0,74600.0,0,19
2026-09-25 21:57:00,SENSEX,SPOT,0.0,SENSEX,73895.74,73895.74,73895.74,73895.74,0,19
2026-09-25 21:57:00,SENSEX,CE,73300.0,SENSEX26O0173300CE,965.55,965.55,965.55,965.55,0,19
2026-09-25 21:57:00,SENSEX,PE,73300.0,SENSEX26O0173300PE,166.0,166.0,166.0,166.0,0,19
2026-09-25 21:57:00,SENSEX,CE,73400.0,SENSEX26O0173400CE,893.45,893.45,893.45,893.45,0,19
2026-09-25 21:57:00,SENSEX,PE,73400.0,SENSEX26O0173400PE,187.65,187.65,187.65,187.65,0,19
2026-09-25 21:57:00,SENSEX,CE,73500.0,SENSEX26O0173500CE,801.0,801.0,801.0,801.0,0,19
2026-09-25 21:57:00,SENSEX,PE,73500.0,SENSEX26O0173500PE,211.85,211.85,211.85,211.85,0,19
2026-09-25 21:57:00,SENSEX,CE,73600.0,SENSEX26O0173600CE,721.5,721.5,721.5,721.5,0,19
2026-09-25 21:57:00,SENSEX,PE,73600.0,SENSEX26O0173600PE,235.3,235.3,235.3,235.3,0,19
2026-09-25 21:57:00,SENSEX,CE,73700.0,SENSEX26O0173700CE,655.0,655.0,655.0,655.0,0,19
2026-09-25 21:57:00,SENSEX,PE,73700.0,SENSEX26O0173700PE,270.0,270.0,270.0,270.0,0,19
2026-09-25 21:57:00,SENSEX,CE,73800.0,SENSEX26O0173800CE,607.2,607.2,607.2,607.2,0,19
2026-09-25 21:57:00,SENSEX,PE,73800.0,SENSEX26O0173800PE,304.0,304.0,304.0,304.0,0,19
2026-09-25 21:57:00,SENSEX,CE,73900.0,SENSEX26O0173900CE,545.0,545.0,545.0,545.0,0,19
2026-09-25 21:57:00,SENSEX,PE,73900.0,SENSEX26O0173900PE,340.05,340.05,340.05,340.05,0,19
2026-09-25 21:57:00,SENSEX,CE,74000.0,SENSEX26O0174000CE,484.1,484.1,484.1,484.1,0,19
2026-09-25 21:57:00,SENSEX,PE,74000.0,SENSEX26O0174000PE,388.5,388.5,388.5,388.5,0,19
2026-09-25 21:57:00,SENSEX,CE,74100.0,SENSEX26O0174100CE,424.65,424.65,424.65,424.65,0,19
2026-09-25 21:57:00,SENSEX,PE,74100.0,SENSEX26O0174100PE,424.05,424.05,424.05,424.05,0,19
2026-09-25 21:57:00,SENSEX,CE,74200.0,SENSEX26O0174200CE,380.4,380.4,380.4,380.4,0,19
2026-09-25 21:57:00,SENSEX,PE,74200.0,SENSEX26O0174200PE,484.8,484.8,484.8,484.8,0,19
2026-09-25 21:57:00,SENSEX,CE,74300.0,SENSEX26O0174300CE,333.5,333.5,333.5,333.5,0,19
2026-09-25 21:57:00,SENSEX,PE,74300.0,SENSEX26O0174300PE,523.2,523.2,523.2,523.2,0,19
2026-09-25 21:57:00,SENSEX,CE,74400.0,SENSEX26O0174400CE,285.6,285.6,285.6,285.6,0,19
2026-09-25 21:57:00,SENSEX,PE,74400.0,SENSEX26O0174400PE,583.55,583.55,583.55,583.55,0,19
2026-09-25 21:57:00,SENSEX,CE,74500.0,SENSEX26O0174500CE,249.2,249.2,249.2,249.2,0,19
2026-09-25 21:57:00,SENSEX,PE,74500.0,SENSEX26O0174500PE,636.0,636.0,636.0,636.0,0,19
2026-09-25 21:58:00,SENSEX,FUT,0.0,SENSEX26OCTFUT,74600.0,74600.0,74600.0,74600.0,0,19
2026-09-25 21:58:00,SENSEX,SPOT,0.0,SENSEX,73895.74,73895.74,73895.74,73895.74,0,19
2026-09-25 21:58:00,SENSEX,CE,73300.0,SENSEX26O0173300CE,965.55,965.55,965.55,965.55,0,19
2026-09-25 21:58:00,SENSEX,PE,73300.0,SENSEX26O0173300PE,166.0,166.0,166.0,166.0,0,19
2026-09-25 21:58:00,SENSEX,CE,73400.0,SENSEX26O0173400CE,893.45,893.45,893.45,893.45,0,19
2026-09-25 21:58:00,SENSEX,PE,73400.0,SENSEX26O0173400PE,187.65,187.65,187.65,187.65,0,19
2026-09-25 21:58:00,SENSEX,CE,73500.0,SENSEX26O0173500CE,801.0,801.0,801.0,801.0,0,19
2026-09-25 21:58:00,SENSEX,PE,73500.0,SENSEX26O0173500PE,211.85,211.85,211.85,211.85,0,19
2026-09-25 21:58:00,SENSEX,CE,73600.0,SENSEX26O0173600CE,721.5,721.5,721.5,721.5,0,19
2026-09-25 21:58:00,SENSEX,PE,73600.0,SENSEX26O0173600PE,235.3,235.3,235.3,235.3,0,19
2026-09-25 21:58:00,SENSEX,CE,73700.0,SENSEX26O0173700CE,655.0,655.0,655.0,655.0,0,19
2026-09-25 21:58:00,SENSEX,PE,73700.0,SENSEX26O0173700PE,270.0,270.0,270.0,270.0,0,19
2026-09-25 21:58:00,SENSEX,CE,73800.0,SENSEX26O0173800CE,607.2,607.2,607.2,607.2,0,19
2026-09-25 21:58:00,SENSEX,PE,73800.0,SENSEX26O0173800PE,304.0,304.0,304.0,304.0,0,19
2026-09-25 21:58:00,SENSEX,CE,73900.0,SENSEX26O0173900CE,545.0,545.0,545.0,545.0,0,19
2026-09-25 21:58:00,SENSEX,PE,73900.0,SENSEX26O0173900PE,340.05,340.05,340.05,340.05,0,19
2026-09-25 21:58:00,SENSEX,CE,74000.0,SENSEX26O0174000CE,484.1,484.1,484.1,484.1,0,19
2026-09-25 21:58:00,SENSEX,PE,74000.0,SENSEX26O0174000PE,388.5,388.5,388.5,388.5,0,19
2026-09-25 21:58:00,SENSEX,CE,74100.0,SENSEX26O0174100CE,424.65,424.65,424.65,424.65,0,19
2026-09-25 21:58:00,SENSEX,PE,74100.0,SENSEX26O0174100PE,424.05,424.05,424.05,424.05,0,19
2026-09-25 21:58:00,SENSEX,CE,74200.0,SENSEX26O0174200CE,380.4,380.4,380.4,380.4,0,19
2026-09-25 21:58:00,SENSEX,PE,74200.0,SENSEX26O0174200PE,484.8,484.8,484.8,484.8,0,19
2026-09-25 21:58:00,SENSEX,CE,74300.0,SENSEX26O0174300CE,333.5,333.5,333.5,333.5,0,19
2026-09-25 21:58:00,SENSEX,PE,74300.0,SENSEX26O0174300PE,523.2,523.2,523.2,523.2,0,19
2026-09-25 21:58:00,SENSEX,CE,74400.0,SENSEX26O0174400CE,285.6,285.6,285.6,285.6,0,19
2026-09-25 21:58:00,SENSEX,PE,74400.0,SENSEX26O0174400PE,583.55,583.55,583.55,583.55,0,19
2026-09-25 21:58:00,SENSEX,CE,74500.0,SENSEX26O0174500CE,249.2,249.2,249.2,249.2,0,19
2026-09-25 21:58:00,SENSEX,PE,74500.0,SENSEX26O0174500PE,636.0,636.0,636.0,636.0,0,19
2026-09-25 21:59:00,SENSEX,FUT,0.0,SENSEX26OCTFUT,74600.0,74600.0,74600.0,74600.0,0,19
2026-09-25 21:59:00,SENSEX,SPOT,0.0,SENSEX,73895.74,73895.74,73895.74,73895.74,0,19
2026-09-25 21:59:00,SENSEX,CE,73300.0,SENSEX26O0173300CE,965.55,965.55,965.55,965.55,0,19
2026-09-25 21:59:00,SENSEX,PE,73300.0,SENSEX26O0173300PE,166.0,166.0,166.0,166.0,0,19
2026-09-25 21:59:00,SENSEX,CE,73400.0,SENSEX26O0173400CE,893.45,893.45,893.45,893.45,0,19
2026-09-25 21:59:00,SENSEX,PE,73400.0,SENSEX26O0173400PE,187.65,187.65,187.65,187.65,0,19
2026-09-25 21:59:00,SENSEX,CE,73500.0,SENSEX26O0173500CE,801.0,801.0,801.0,801.0,0,19
2026-09-25 21:59:00,SENSEX,PE,73500.0,SENSEX26O0173500PE,211.85,211.85,211.85,211.85,0,19
2026-09-25 21:59:00,SENSEX,CE,73600.0,SENSEX26O0173600CE,721.5,721.5,721.5,721.5,0,19
2026-09-25 21:59:00,SENSEX,PE,73600.0,SENSEX26O0173600PE,235.3,235.3,235.3,235.3,0,19
2026-09-25 21:59:00,SENSEX,CE,73700.0,SENSEX26O0173700CE,655.0,655.0,655.0,655.0,0,19
2026-09-25 21:59:00,SENSEX,PE,73700.0,SENSEX26O0173700PE,270.0,270.0,270.0,270.0,0,19
2026-09-25 21:59:00,SENSEX,CE,73800.0,SENSEX26O0173800CE,607.2,607.2,607.2,607.2,0,19
2026-09-25 21:59:00,SENSEX,PE,73800.0,SENSEX26O0173800PE,304.0,304.0,304.0,304.0,0,19
2026-09-25 21:59:00,SENSEX,CE,73900.0,SENSEX26O0173900CE,545.0,545.0,545.0,545.0,0,19
2026-09-25 21:59:00,SENSEX,PE,73900.0,SENSEX26O0173900PE,340.05,340.05,340.05,340.05,0,19
2026-09-25 21:59:00,SENSEX,CE,74000.0,SENSEX26O0174000CE,484.1,484.1,484.1,484.1,0,19
2026-09-25 21:59:00,SENSEX,PE,74000.0,SENSEX26O0174000PE,388.5,388.5,388.5,388.5,0,19
2026-09-25 21:59:00,SENSEX,CE,74100.0,SENSEX26O0174100CE,424.65,424.65,424.65,424.65,0,19
2026-09-25 21:59:00,SENSEX,PE,74100.0,SENSEX26O0174100PE,424.05,424.05,424.05,424.05,0,19
2026-09-25 21:59:00,SENSEX,CE,74200.0,SENSEX26O0174200CE,380.4,380.4,380.4,380.4,0,19
2026-09-25 21:59:00,SENSEX,PE,74200.0,SENSEX26O0174200PE,484.8,484.8,484.8,484.8,0,19
2026-09-25 21:59:00,SENSEX,CE,74300.0,SENSEX26O0174300CE,333.5,333.5,333.5,333.5,0,19
2026-09-25 21:59:00,SENSEX,PE,74300.0,SENSEX26O0174300PE,523.2,523.2,523.2,523.2,0,19
2026-09-25 21:59:00,SENSEX,CE,74400.0,SENSEX26O0174400CE,285.6,285.6,285.6,285.6,0,19
2026-09-25 21:59:00,SENSEX,PE,74400.0,SENSEX26O0174400PE,583.55,583.55,583.55,583.55,0,19
2026-09-25 21:59:00,SENSEX,CE,74500.0,SENSEX26O0174500CE,249.2,249.2,249.2,249.2,0,19
2026-09-25 21:59:00,SENSEX,PE,74500.0,SENSEX26O0174500PE,636.0,636.0,636.0,636.0,0,19
2026-09-25 22:00:00,SENSEX,FUT,0.0,SENSEX26OCTFUT,74600.0,74600.0,74600.0,74600.0,0,18
2026-09-25 22:00:00,SENSEX,SPOT,0.0,SENSEX,73895.74,73895.74,73895.74,73895.74,0,18
2026-09-25 22:00:00,SENSEX,CE,73300.0,SENSEX26O0173300CE,965.55,965.55,965.55,965.55,0,18
2026-09-25 22:00:00,SENSEX,PE,73300.0,SENSEX26O0173300PE,166.0,166.0,166.0,166.0,0,18
2026-09-25 22:00:00,SENSEX,CE,73400.0,SENSEX26O0173400CE,893.45,893.45,893.45,893.45,0,18
2026-09-25 22:00:00,SENSEX,PE,73400.0,SENSEX26O0173400PE,187.65,187.65,187.65,187.65,0,18
2026-09-25 22:00:00,SENSEX,CE,73500.0,SENSEX26O0173500CE,801.0,801.0,801.0,801.0,0,18
2026-09-25 22:00:00,SENSEX,PE,73500.0,SENSEX26O0173500PE,211.85,211.85,211.85,211.85,0,18
2026-09-25 22:00:00,SENSEX,CE,73600.0,SENSEX26O0173600CE,721.5,721.5,721.5,721.5,0,18
2026-09-25 22:00:00,SENSEX,PE,73600.0,SENSEX26O0173600PE,235.3,235.3,235.3,235.3,0,18
2026-09-25 22:00:00,SENSEX,CE,73700.0,SENSEX26O0173700CE,655.0,655.0,655.0,655.0,0,18
2026-09-25 22:00:00,SENSEX,PE,73700.0,SENSEX26O0173700PE,270.0,270.0,270.0,270.0,0,18
2026-09-25 22:00:00,SENSEX,CE,73800.0,SENSEX26O0173800CE,607.2,607.2,607.2,607.2,0,18
2026-09-25 22:00:00,SENSEX,PE,73800.0,SENSEX26O0173800PE,304.0,304.0,304.0,304.0,0,18
2026-09-25 22:00:00,SENSEX,CE,73900.0,SENSEX26O0173900CE,545.0,545.0,545.0,545.0,0,18
2026-09-25 22:00:00,SENSEX,PE,73900.0,SENSEX26O0173900PE,340.05,340.05,340.05,340.05,0,18
2026-09-25 22:00:00,SENSEX,CE,74000.0,SENSEX26O0174000CE,484.1,484.1,484.1,484.1,0,18
2026-09-25 22:00:00,SENSEX,PE,74000.0,SENSEX26O0174000PE,388.5,388.5,388.5,388.5,0,18
2026-09-25 22:00:00,SENSEX,CE,74100.0,SENSEX26O0174100CE,424.65,424.65,424.65,424.65,0,18
2026-09-25 22:00:00,SENSEX,PE,74100.0,SENSEX26O0174100PE,424.05,424.05,424.05,424.05,0,18
2026-09-25 22:00:00,SENSEX,CE,74200.0,SENSEX26O0174200CE,380.4,380.4,380.4,380.4,0,18
2026-09-25 22:00:00,SENSEX,PE,74200.0,SENSEX26O0174200PE,484.8,484.8,484.8,484.8,0,18
2026-09-25 22:00:00,SENSEX,CE,74300.0,SENSEX26O0174300CE,333.5,333.5,333.5,333.5,0,18
2026-09-25 22:00:00,SENSEX,PE,74300.0,SENSEX26O0174300PE,523.2,523.2,523.2,523.2,0,18
2026-09-25 22:00:00,SENSEX,CE,74400.0,SENSEX26O0174400CE,285.6,285.6,285.6,285.6,0,18
2026-09-25 22:00:00,SENSEX,PE,74400.0,SENSEX26O0174400PE,583.55,583.55,583.55,583.55,0,18
2026-09-25 22:00:00,SENSEX,CE,74500.0,SENSEX26O0174500CE,249.2,249.2,249.2,249.2,0,18
2026-09-25 22:00:00,SENSEX,PE,74500.0,SENSEX26O0174500PE,636.0,636.0,636.0,636.0,0,18
2026-09-25 22:01:00,SENSEX,FUT,0.0,SENSEX26OCTFUT,74600.0,74600.0,74600.0,74600.0,0,19
2026-09-25 22:01:00,SENSEX,SPOT,0.0,SENSEX,73895.74,73895.74,73895.74,73895.74,0,19
2026-09-25 22:01:00,SENSEX,CE,73300.0,SENSEX26O0173300CE,965.55,965.55,965.55,965.55,0,19
2026-09-25 22:01:00,SENSEX,PE,73300.0,SENSEX26O0173300PE,166.0,166.0,166.0,166.0,0,19
2026-09-25 22:01:00,SENSEX,CE,73400.0,SENSEX26O0173400CE,893.45,893.45,893.45,893.45,0,19
2026-09-25 22:01:00,SENSEX,PE,73400.0,SENSEX26O0173400PE,187.65,187.65,187.65,187.65,0,19
2026-09-25 22:01:00,SENSEX,CE,73500.0,SENSEX26O0173500CE,801.0,801.0,801.0,801.0,0,19
2026-09-25 22:01:00,SENSEX,PE,73500.0,SENSEX26O0173500PE,211.85,211.85,211.85,211.85,0,19
2026-09-25 22:01:00,SENSEX,CE,73600.0,SENSEX26O0173600CE,721.5,721.5,721.5,721.5,0,19
2026-09-25 22:01:00,SENSEX,PE,73600.0,SENSEX26O0173600PE,235.3,235.3,235.3,235.3,0,19
2026-09-25 22:01:00,SENSEX,CE,73700.0,SENSEX26O0173700CE,655.0,655.0,655.0,655.0,0,19
2026-09-25 22:01:00,SENSEX,PE,73700.0,SENSEX26O0173700PE,270.0,270.0,270.0,270.0,0,19
2026-09-25 22:01:00,SENSEX,CE,73800.0,SENSEX26O0173800CE,607.2,607.2,607.2,607.2,0,19
2026-09-25 22:01:00,SENSEX,PE,73800.0,SENSEX26O0173800PE,304.0,304.0,304.0,304.0,0,19
2026-09-25 22:01:00,SENSEX,CE,73900.0,SENSEX26O0173900CE,545.0,545.0,545.0,545.0,0,19
2026-09-25 22:01:00,SENSEX,PE,73900.0,SENSEX26O0173900PE,340.05,340.05,340.05,340.05,0,19
2026-09-25 22:01:00,SENSEX,CE,74000.0,SENSEX26O0174000CE,484.1,484.1,484.1,484.1,0,19
2026-09-25 22:01:00,SENSEX,PE,74000.0,SENSEX26O0174000PE,388.5,388.5,388.5,388.5,0,19
2026-09-25 22:01:00,SENSEX,CE,74100.0,SENSEX26O0174100CE,424.65,424.65,424.65,424.65,0,19
2026-09-25 22:01:00,SENSEX,PE,74100.0,SENSEX26O0174100PE,424.05,424.05,424.05,424.05,0,19
2026-09-25 22:01:00,SENSEX,CE,74200.0,SENSEX26O0174200CE,380.4,380.4,380.4,380.4,0,19
2026-09-25 22:01:00,SENSEX,PE,74200.0,SENSEX26O0174200PE,484.8,484.8,484.8,484.8,0,19
2026-09-25 22:01:00,SENSEX,CE,74300.0,SENSEX26O0174300CE,333.5,333.5,333.5,333.5,0,19
2026-09-25 22:01:00,SENSEX,PE,74300.0,SENSEX26O0174300PE,523.2,523.2,523.2,523.2,0,19
2026-09-25 22:01:00,SENSEX,CE,74400.0,SENSEX26O0174400CE,285.6,285.6,285.6,285.6,0,19
2026-09-25 22:01:00,SENSEX,PE,74400.0,SENSEX26O0174400PE,583.55,583.55,583.55,583.55,0,19
2026-09-25 22:01:00,SENSEX,CE,74500.0,SENSEX26O0174500CE,249.2,249.2,249.2,249.2,0,19
2026-09-25 22:01:00,SENSEX,PE,74500.0,SENSEX26O0174500PE,636.0,636.0,636.0,636.0,0,19
2026-09-25 22:02:00,SENSEX,FUT,0.0,SENSEX26OCTFUT,74600.0,74600.0,74600.0,74600.0,0,19
2026-09-25 22:02:00,SENSEX,SPOT,0.0,SENSEX,73895.74,73895.74,73895.74,73895.74,0,19
2026-09-25 22:02:00,SENSEX,CE,73300.0,SENSEX26O0173300CE,965.55,965.55,965.55,965.55,0,19
2026-09-25 22:02:00,SENSEX,PE,73300.0,SENSEX26O0173300PE,166.0,166.0,166.0,166.0,0,19
2026-09-25 22:02:00,SENSEX,CE,73400.0,SENSEX26O0173400CE,893.45,893.45,893.45,893.45,0,19
2026-09-25 22:02:00,SENSEX,PE,73400.0,SENSEX26O0173400PE,187.65,187.65,187.65,187.65,0,19
2026-09-25 22:02:00,SENSEX,CE,73500.0,SENSEX26O0173500CE,801.0,801.0,801.0,801.0,0,19
2026-09-25 22:02:00,SENSEX,PE,73500.0,SENSEX26O0173500PE,211.85,211.85,211.85,211.85,0,19
2026-09-25 22:02:00,SENSEX,CE,73600.0,SENSEX26O0173600CE,721.5,721.5,721.5,721.5,0,19
2026-09-25 22:02:00,SENSEX,PE,73600.0,SENSEX26O0173600PE,235.3,235.3,235.3,235.3,0,19
2026-09-25 22:02:00,SENSEX,CE,73700.0,SENSEX26O0173700CE,655.0,655.0,655.0,655.0,0,19
2026-09-25 22:02:00,SENSEX,PE,73700.0,SENSEX26O0173700PE,270.0,270.0,270.0,270.0,0,19
2026-09-25 22:02:00,SENSEX,CE,73800.0,SENSEX26O0173800CE,607.2,607.2,607.2,607.2,0,19
2026-09-25 22:02:00,SENSEX,PE,73800.0,SENSEX26O0173800PE,304.0,304.0,304.0,304.0,0,19
2026-09-25 22:02:00,SENSEX,CE,73900.0,SENSEX26O0173900CE,545.0,545.0,545.0,545.0,0,19
2026-09-25 22:02:00,SENSEX,PE,73900.0,SENSEX26O0173900PE,340.05,340.05,340.05,340.05,0,19
2026-09-25 22:02:00,SENSEX,CE,74000.0,SENSEX26O0174000CE,484.1,484.1,484.1,484.1,0,19
2026-09-25 22:02:00,SENSEX,PE,74000.0,SENSEX26O0174000PE,388.5,388.5,388.5,388.5,0,19
2026-09-25 22:02:00,SENSEX,CE,74100.0,SENSEX26O0174100CE,424.65,424.65,424.65,424.65,0,19
2026-09-25 22:02:00,SENSEX,PE,74100.0,SENSEX26O0174100PE,424.05,424.05,424.05,424.05,0,19
2026-09-25 22:02:00,SENSEX,CE,74200.0,SENSEX26O0174200CE,380.4,380.4,380.4,380.4,0,19
2026-09-25 22:02:00,SENSEX,PE,74200.0,SENSEX26O0174200PE,484.8,484.8,484.8,484.8,0,19
2026-09-25 22:02:00,SENSEX,CE,74300.0,SENSEX26O0174300CE,333.5,333.5,333.5,333.5,0,19
2026-09-25 22:02:00,SENSEX,PE,74300.0,SENSEX26O0174300PE,523.2,523.2,523.2,523.2,0,19
2026-09-25 22:02:00,SENSEX,CE,74400.0,SENSEX26O0174400CE,285.6,285.6,285.6,285.6,0,19
2026-09-25 22:02:00,SENSEX,PE,74400.0,SENSEX26O0174400PE,583.55,583.55,583.55,583.55,0,19
2026-09-25 22:02:00,SENSEX,CE,74500.0,SENSEX26O0174500CE,249.2,249.2,249.2,249.2,0,19
2026-09-25 22:02:00,SENSEX,PE,74500.0,SENSEX26O0174500PE,636.0,636.0,636.0,636.0,0,19
2026-09-25 22:03:00,SENSEX,FUT,0.0,SENSEX26OCTFUT,74600.0,74600.0,74600.0,74600.0,0,19
2026-09-25 22:03:00,SENSEX,SPOT,0.0,SENSEX,73895.74,73895.74,73895.74,73895.74,0,19
2026-09-25 22:03:00,SENSEX,CE,73300.0,SENSEX26O0173300CE,965.55,965.55,965.55,965.55,0,19
2026-09-25 22:03:00,SENSEX,PE,73300.0,SENSEX26O0173300PE,166.0,166.0,166.0,166.0,0,19
2026-09-25 22:03:00,SENSEX,CE,73400.0,SENSEX26O0173400CE,893.45,893.45,893.45,893.45,0,19
2026-09-25 22:03:00,SENSEX,PE,73400.0,SENSEX26O0173400PE,187.65,187.65,187.65,187.65,0,19
2026-09-25 22:03:00,SENSEX,CE,73500.0,SENSEX26O0173500CE,801.0,801.0,801.0,801.0,0,19
2026-09-25 22:03:00,SENSEX,PE,73500.0,SENSEX26O0173500PE,211.85,211.85,211.85,211.85,0,19
2026-09-25 22:03:00,SENSEX,CE,73600.0,SENSEX26O0173600CE,721.5,721.5,721.5,721.5,0,19
2026-09-25 22:03:00,SENSEX,PE,73600.0,SENSEX26O0173600PE,235.3,235.3,235.3,235.3,0,19
2026-09-25 22:03:00,SENSEX,CE,73700.0,SENSEX26O0173700CE,655.0,655.0,655.0,655.0,0,19
2026-09-25 22:03:00,SENSEX,PE,73700.0,SENSEX26O0173700PE,270.0,270.0,270.0,270.0,0,19
2026-09-25 22:03:00,SENSEX,CE,73800.0,SENSEX26O0173800CE,607.2,607.2,607.2,607.2,0,19
2026-09-25 22:03:00,SENSEX,PE,73800.0,SENSEX26O0173800PE,304.0,304.0,304.0,304.0,0,19
2026-09-25 22:03:00,SENSEX,CE,73900.0,SENSEX26O0173900CE,545.0,545.0,545.0,545.0,0,19
2026-09-25 22:03:00,SENSEX,PE,73900.0,SENSEX26O0173900PE,340.05,340.05,340.05,340.05,0,19
2026-09-25 22:03:00,SENSEX,CE,74000.0,SENSEX26O0174000CE,484.1,484.1,484.1,484.1,0,19
2026-09-25 22:03:00,SENSEX,PE,74000.0,SENSEX26O0174000PE,388.5,388.5,388.5,388.5,0,19
2026-09-25 22:03:00,SENSEX,CE,74100.0,SENSEX26O0174100CE,424.65,424.65,424.65,424.65,0,19
2026-09-25 22:03:00,SENSEX,PE,74100.0,SENSEX26O0174100PE,424.05,424.05,424.05,424.05,0,19
2026-09-25 22:03:00,SENSEX,CE,74200.0,SENSEX26O0174200CE,380.4,380.4,380.4,380.4,0,19
2026-09-25 22:03:00,SENSEX,PE,74200.0,SENSEX26O0174200PE,484.8,484.8,484.8,484.8,0,19
2026-09-25 22:03:00,SENSEX,CE,74300.0,SENSEX26O0174300CE,333.5,333.5,333.5,333.5,0,19
2026-09-25 22:03:00,SENSEX,PE,74300.0,SENSEX26O0174300PE,523.2,523.2,523.2,523.2,0,19
2026-09-25 22:03:00,SENSEX,CE,74400.0,SENSEX26O0174400CE,285.6,285.6,285.6,285.6,0,19
2026-09-25 22:03:00,SENSEX,PE,74400.0,SENSEX26O0174400PE,583.55,583.55,583.55,583.55,0,19
2026-09-25 22:03:00,SENSEX,CE,74500.0,SENSEX26O0174500CE,249.2,249.2,249.2,249.2,0,19
2026-09-25 22:03:00,SENSEX,PE,74500.0,SENSEX26O0174500PE,636.0,636.0,636.0,636.0,0,19
2026-09-25 22:04:00,SENSEX,FUT,0.0,SENSEX26OCTFUT,74600.0,74600.0,74600.0,74600.0,0,19
2026-09-25 22:04:00,SENSEX,SPOT,0.0,SENSEX,73895.74,73895.74,73895.74,73895.74,0,19
2026-09-25 22:04:00,SENSEX,CE,73300.0,SENSEX26O0173300CE,965.55,965.55,965.55,965.55,0,19
2026-09-25 22:04:00,SENSEX,PE,73300.0,SENSEX26O0173300PE,166.0,166.0,166.0,166.0,0,19
2026-09-25 22:04:00,SENSEX,CE,73400.0,SENSEX26O0173400CE,893.45,893.45,893.45,893.45,0,19
2026-09-25 22:04:00,SENSEX,PE,73400.0,SENSEX26O0173400PE,187.65,187.65,187.65,187.65,0,19
2026-09-25 22:04:00,SENSEX,CE,73500.0,SENSEX26O0173500CE,801.0,801.0,801.0,801.0,0,19
2026-09-25 22:04:00,SENSEX,PE,73500.0,SENSEX26O0173500PE,211.85,211.85,211.85,211.85,0,19
2026-09-25 22:04:00,SENSEX,CE,73600.0,SENSEX26O0173600CE,721.5,721.5,721.5,721.5,0,19
2026-09-25 22:04:00,SENSEX,PE,73600.0,SENSEX26O0173600PE,235.3,235.3,235.3,235.3,0,19
2026-09-25 22:04:00,SENSEX,CE,73700.0,SENSEX26O0173700CE,655.0,655.0,655.0,655.0,0,19
2026-09-25 22:04:00,SENSEX,PE,73700.0,SENSEX26O0173700PE,270.0,270.0,270.0,270.0,0,19
2026-09-25 22:04:00,SENSEX,CE,73800.0,SENSEX26O0173800CE,607.2,607.2,607.2,607.2,0,19
2026-09-25 22:04:00,SENSEX,PE,73800.0,SENSEX26O0173800PE,304.0,304.0,304.0,304.0,0,19
2026-09-25 22:04:00,SENSEX,CE,73900.0,SENSEX26O0173900CE,545.0,545.0,545.0,545.0,0,19
2026-09-25 22:04:00,SENSEX,PE,73900.0,SENSEX26O0173900PE,340.05,340.05,340.05,340.05,0,19
2026-09-25 22:04:00,SENSEX,CE,74000.0,SENSEX26O0174000CE,484.1,484.1,484.1,484.1,0,19
2026-09-25 22:04:00,SENSEX,PE,74000.0,SENSEX26O0174000PE,388.5,388.5,388.5,388.5,0,19
2026-09-25 22:04:00,SENSEX,CE,74100.0,SENSEX26O0174100CE,424.65,424.65,424.65,424.65,0,19
2026-09-25 22:04:00,SENSEX,PE,74100.0,SENSEX26O0174100PE,424.05,424.05,424.05,424.05,0,19
2026-09-25 22:04:00,SENSEX,CE,74200.0,SENSEX26O0174200CE,380.4,380.4,380.4,380.4,0,19
2026-09-25 22:04:00,SENSEX,PE,74200.0,SENSEX26O0174200PE,484.8,484.8,484.8,484.8,0,19
2026-09-25 22:04:00,SENSEX,CE,74300.0,SENSEX26O0174300CE,333.5,333.5,333.5,333.5,0,19
2026-09-25 22:04:00,SENSEX,PE,74300.0,SENSEX26O0174300PE,523.2,523.2,523.2,523.2,0,19
2026-09-25 22:04:00,SENSEX,CE,74400.0,SENSEX26O0174400CE,285.6,285.6,285.6,285.6,0,19
2026-09-25 22:04:00,SENSEX,PE,74400.0,SENSEX26O0174400PE,583.55,583.55,583.55,583.55,0,19
2026-09-25 22:04:00,SENSEX,CE,74500.0,SENSEX26O0174500CE,249.2,249.2,249.2,249.2,0,19
2026-09-25 22:04:00,SENSEX,PE,74500.0,SENSEX26O0174500PE,636.0,636.0,636.0,636.0,0,19
2026-09-25 22:05:00,SENSEX,FUT,0.0,SENSEX26OCTFUT,74600.0,74600.0,74600.0,74600.0,0,19
2026-09-25 22:05:00,SENSEX,SPOT,0.0,SENSEX,73895.74,73895.74,73895.74,73895.74,0,19
2026-09-25 22:05:00,SENSEX,CE,73300.0,SENSEX26O0173300CE,965.55,965.55,965.55,965.55,0,19
2026-09-25 22:05:00,SENSEX,PE,73300.0,SENSEX26O0173300PE,166.0,166.0,166.0,166.0,0,19
2026-09-25 22:05:00,SENSEX,CE,73400.0,SENSEX26O0173400CE,893.45,893.45,893.45,893.45,0,19
2026-09-25 22:05:00,SENSEX,PE,73400.0,SENSEX26O0173400PE,187.65,187.65,187.65,187.65,0,19
2026-09-25 22:05:00,SENSEX,CE,73500.0,SENSEX26O0173500CE,801.0,801.0,801.0,801.0,0,19
2026-09-25 22:05:00,SENSEX,PE,73500.0,SENSEX26O0173500PE,211.85,211.85,211.85,211.85,0,19
2026-09-25 22:05:00,SENSEX,CE,73600.0,SENSEX26O0173600CE,721.5,721.5,721.5,721.5,0,19
2026-09-25 22:05:00,SENSEX,PE,73600.0,SENSEX26O0173600PE,235.3,235.3,235.3,235.3,0,19
2026-09-25 22:05:00,SENSEX,CE,73700.0,SENSEX26O0173700CE,655.0,655.0,655.0,655.0,0,19
2026-09-25 22:05:00,SENSEX,PE,73700.0,SENSEX26O0173700PE,270.0,270.0,270.0,270.0,0,19
2026-09-25 22:05:00,SENSEX,CE,73800.0,SENSEX26O0173800CE,607.2,607.2,607.2,607.2,0,19
2026-09-25 22:05:00,SENSEX,PE,73800.0,SENSEX26O0173800PE,304.0,304.0,304.0,304.0,0,19
2026-09-25 22:05:00,SENSEX,CE,73900.0,SENSEX26O0173900CE,545.0,545.0,545.0,545.0,0,19
2026-09-25 22:05:00,SENSEX,PE,73900.0,SENSEX26O0173900PE,340.05,340.05,340.05,340.05,0,19
2026-09-25 22:05:00,SENSEX,CE,74000.0,SENSEX26O0174000CE,484.1,484.1,484.1,484.1,0,19
2026-09-25 22:05:00,SENSEX,PE,74000.0,SENSEX26O0174000PE,388.5,388.5,388.5,388.5,0,19
2026-09-25 22:05:00,SENSEX,CE,74100.0,SENSEX26O0174100CE,424.65,424.65,424.65,424.65,0,19
2026-09-25 22:05:00,SENSEX,PE,74100.0,SENSEX26O0174100PE,424.05,424.05,424.05,424.05,0,19
2026-09-25 22:05:00,SENSEX,CE,74200.0,SENSEX26O0174200CE,380.4,380.4,380.4,380.4,0,19
2026-09-25 22:05:00,SENSEX,PE,74200.0,SENSEX26O0174200PE,484.8,484.8,484.8,484.8,0,19
2026-09-25 22:05:00,SENSEX,CE,74300.0,SENSEX26O0174300CE,333.5,333.5,333.5,333.5,0,19
2026-09-25 22:05:00,SENSEX,PE,74300.0,SENSEX26O0174300PE,523.2,523.2,523.2,523.2,0,19
2026-09-25 22:05:00,SENSEX,CE,74400.0,SENSEX26O0174400CE,285.6,285.6,285.6,285.6,0,19
2026-09-25 22:05:00,SENSEX,PE,74400.0,SENSEX26O0174400PE,583.55,583.55,583.55,583.55,0,19
2026-09-25 22:05:00,SENSEX,CE,74500.0,SENSEX26O0174500CE,249.2,249.2,249.2,249.2,0,19
2026-09-25 22:05:00,SENSEX,PE,74500.0,SENSEX26O0174500PE,636.0,636.0,636.0,636.0,0,19
2026-09-25 22:06:00,SENSEX,FUT,0.0,SENSEX26OCTFUT,74600.0,74600.0,74600.0,74600.0,0,19
2026-09-25 22:06:00,SENSEX,SPOT,0.0,SENSEX,73895.74,73895.74,73895.74,73895.74,0,19
2026-09-25 22:06:00,SENSEX,CE,73300.0,SENSEX26O0173300CE,965.55,965.55,965.55,965.55,0,19
2026-09-25 22:06:00,SENSEX,PE,73300.0,SENSEX26O0173300PE,166.0,166.0,166.0,166.0,0,19
2026-09-25 22:06:00,SENSEX,CE,73400.0,SENSEX26O0173400CE,893.45,893.45,893.45,893.45,0,19
2026-09-25 22:06:00,SENSEX,PE,73400.0,SENSEX26O0173400PE,187.65,187.65,187.65,187.65,0,19
2026-09-25 22:06:00,SENSEX,CE,73500.0,SENSEX26O0173500CE,801.0,801.0,801.0,801.0,0,19
2026-09-25 22:06:00,SENSEX,PE,73500.0,SENSEX26O0173500PE,211.85,211.85,211.85,211.85,0,19
2026-09-25 22:06:00,SENSEX,CE,73600.0,SENSEX26O0173600CE,721.5,721.5,721.5,721.5,0,19
2026-09-25 22:06:00,SENSEX,PE,73600.0,SENSEX26O0173600PE,235.3,235.3,235.3,235.3,0,19
2026-09-25 22:06:00,SENSEX,CE,73700.0,SENSEX26O0173700CE,655.0,655.0,655.0,655.0,0,19
2026-09-25 22:06:00,SENSEX,PE,73700.0,SENSEX26O0173700PE,270.0,270.0,270.0,270.0,0,19
2026-09-25 22:06:00,SENSEX,CE,73800.0,SENSEX26O0173800CE,607.2,607.2,607.2,607.2,0,19
2026-09-25 22:06:00,SENSEX,PE,73800.0,SENSEX26O0173800PE,304.0,304.0,304.0,304.0,0,19
2026-09-25 22:06:00,SENSEX,CE,73900.0,SENSEX26O0173900CE,545.0,545.0,545.0,545.0,0,19
2026-09-25 22:06:00,SENSEX,PE,73900.0,SENSEX26O0173900PE,340.05,340.05,340.05,340.05,0,19
2026-09-25 22:06:00,SENSEX,CE,74000.0,SENSEX26O0174000CE,484.1,484.1,484.1,484.1,0,19
2026-09-25 22:06:00,SENSEX,PE,74000.0,SENSEX26O0174000PE,388.5,388.5,388.5,388.5,0,19
2026-09-25 22:06:00,SENSEX,CE,74100.0,SENSEX26O0174100CE,424.65,424.65,424.65,424.65,0,19
2026-09-25 22:06:00,SENSEX,PE,74100.0,SENSEX26O0174100PE,424.05,424.05,424.05,424.05,0,19
2026-09-25 22:06:00,SENSEX,CE,74200.0,SENSEX26O0174200CE,380.4,380.4,380.4,380.4,0,19
2026-09-25 22:06:00,SENSEX,PE,74200.0,SENSEX26O0174200PE,484.8,484.8,484.8,484.8,0,19
2026-09-25 22:06:00,SENSEX,CE,74300.0,SENSEX26O0174300CE,333.5,333.5,333.5,333.5,0,19
2026-09-25 22:06:00,SENSEX,PE,74300.0,SENSEX26O0174300PE,523.2,523.2,523.2,523.2,0,19
2026-09-25 22:06:00,SENSEX,CE,74400.0,SENSEX26O0174400CE,285.6,285.6,285.6,285.6,0,19
2026-09-25 22:06:00,SENSEX,PE,74400.0,SENSEX26O0174400PE,583.55,583.55,583.55,583.55,0,19
2026-09-25 22:06:00,SENSEX,CE,74500.0,SENSEX26O0174500CE,249.2,249.2,249.2,249.2,0,19
2026-09-25 22:06:00,SENSEX,PE,74500.0,SENSEX26O0174500PE,636.0,636.0,636.0,636.0,0,19
2026-09-25 22:07:00,SENSEX,FUT,0.0,SENSEX26OCTFUT,74600.0,74600.0,74600.0,74600.0,0,19
2026-09-25 22:07:00,SENSEX,SPOT,0.0,SENSEX,73895.74,73895.74,73895.74,73895.74,0,19
2026-09-25 22:07:00,SENSEX,CE,73300.0,SENSEX26O0173300CE,965.55,965.55,965.55,965.55,0,19
2026-09-25 22:07:00,SENSEX,PE,73300.0,SENSEX26O0173300PE,166.0,166.0,166.0,166.0,0,19
2026-09-25 22:07:00,SENSEX,CE,73400.0,SENSEX26O0173400CE,893.45,893.45,893.45,893.45,0,19
2026-09-25 22:07:00,SENSEX,PE,73400.0,SENSEX26O0173400PE,187.65,187.65,187.65,187.65,0,19
2026-09-25 22:07:00,SENSEX,CE,73500.0,SENSEX26O0173500CE,801.0,801.0,801.0,801.0,0,19
2026-09-25 22:07:00,SENSEX,PE,73500.0,SENSEX26O0173500PE,211.85,211.85,211.85,211.85,0,19
2026-09-25 22:07:00,SENSEX,CE,73600.0,SENSEX26O0173600CE,721.5,721.5,721.5,721.5,0,19
2026-09-25 22:07:00,SENSEX,PE,73600.0,SENSEX26O0173600PE,235.3,235.3,235.3,235.3,0,19
2026-09-25 22:07:00,SENSEX,CE,73700.0,SENSEX26O0173700CE,655.0,655.0,655.0,655.0,0,19
2026-09-25 22:07:00,SENSEX,PE,73700.0,SENSEX26O0173700PE,270.0,270.0,270.0,270.0,0,19
2026-09-25 22:07:00,SENSEX,CE,73800.0,SENSEX26O0173800CE,607.2,607.2,607.2,607.2,0,19
2026-09-25 22:07:00,SENSEX,PE,73800.0,SENSEX26O0173800PE,304.0,304.0,304.0,304.0,0,19
2026-09-25 22:07:00,SENSEX,CE,73900.0,SENSEX26O0173900CE,545.0,545.0,545.0,545.0,0,19
2026-09-25 22:07:00,SENSEX,PE,73900.0,SENSEX26O0173900PE,340.05,340.05,340.05,340.05,0,19
2026-09-25 22:07:00,SENSEX,CE,74000.0,SENSEX26O0174000CE,484.1,484.1,484.1,484.1,0,19
2026-09-25 22:07:00,SENSEX,PE,74000.0,SENSEX26O0174000PE,388.5,388.5,388.5,388.5,0,19
2026-09-25 22:07:00,SENSEX,CE,74100.0,SENSEX26O0174100CE,424.65,424.65,424.65,424.65,0,19
2026-09-25 22:07:00,SENSEX,PE,74100.0,SENSEX26O0174100PE,424.05,424.05,424.05,424.05,0,19
2026-09-25 22:07:00,SENSEX,CE,74200.0,SENSEX26O0174200CE,380.4,380.4,380.4,380.4,0,19
2026-09-25 22:07:00,SENSEX,PE,74200.0,SENSEX26O0174200PE,484.8,484.8,484.8,484.8,0,19
2026-09-25 22:07:00,SENSEX,CE,74300.0,SENSEX26O0174300CE,333.5,333.5,333.5,333.5,0,19
2026-09-25 22:07:00,SENSEX,PE,74300.0,SENSEX26O0174300PE,523.2,523.2,523.2,523.2,0,19
2026-09-25 22:07:00,SENSEX,CE,74400.0,SENSEX26O0174400CE,285.6,285.6,285.6,285.6,0,19
2026-09-25 22:07:00,SENSEX,PE,74400.0,SENSEX26O0174400PE,583.55,583.55,583.55,583.55,0,19
2026-09-25 22:07:00,SENSEX,CE,74500.0,SENSEX26O0174500CE,249.2,249.2,249.2,249.2,0,19
2026-09-25 22:07:00,SENSEX,PE,74500.0,SENSEX26O0174500PE,636.0,636.0,636.0,636.0,0,19
2026-09-25 22:08:00,SENSEX,FUT,0.0,SENSEX26OCTFUT,74600.0,74600.0,74600.0,74600.0,0,18
2026-09-25 22:08:00,SENSEX,SPOT,0.0,SENSEX,73895.74,73895.74,73895.74,73895.74,0,18
2026-09-25 22:08:00,SENSEX,CE,73300.0,SENSEX26O0173300CE,965.55,965.55,965.55,965.55,0,18
2026-09-25 22:08:00,SENSEX,PE,73300.0,SENSEX26O0173300PE,166.0,166.0,166.0,166.0,0,18
2026-09-25 22:08:00,SENSEX,CE,73400.0,SENSEX26O0173400CE,893.45,893.45,893.45,893.45,0,18
2026-09-25 22:08:00,SENSEX,PE,73400.0,SENSEX26O0173400PE,187.65,187.65,187.65,187.65,0,18
2026-09-25 22:08:00,SENSEX,CE,73500.0,SENSEX26O0173500CE,801.0,801.0,801.0,801.0,0,18
2026-09-25 22:08:00,SENSEX,PE,73500.0,SENSEX26O0173500PE,211.85,211.85,211.85,211.85,0,18
2026-09-25 22:08:00,SENSEX,CE,73600.0,SENSEX26O0173600CE,721.5,721.5,721.5,721.5,0,18
2026-09-25 22:08:00,SENSEX,PE,73600.0,SENSEX26O0173600PE,235.3,235.3,235.3,235.3,0,18
2026-09-25 22:08:00,SENSEX,CE,73700.0,SENSEX26O0173700CE,655.0,655.0,655.0,655.0,0,18
2026-09-25 22:08:00,SENSEX,PE,73700.0,SENSEX26O0173700PE,270.0,270.0,270.0,270.0,0,18
2026-09-25 22:08:00,SENSEX,CE,73800.0,SENSEX26O0173800CE,607.2,607.2,607.2,607.2,0,18
2026-09-25 22:08:00,SENSEX,PE,73800.0,SENSEX26O0173800PE,304.0,304.0,304.0,304.0,0,18
2026-09-25 22:08:00,SENSEX,CE,73900.0,SENSEX26O0173900CE,545.0,545.0,545.0,545.0,0,18
2026-09-25 22:08:00,SENSEX,PE,73900.0,SENSEX26O0173900PE,340.05,340.05,340.05,340.05,0,18
2026-09-25 22:08:00,SENSEX,CE,74000.0,SENSEX26O0174000CE,484.1,484.1,484.1,484.1,0,18
2026-09-25 22:08:00,SENSEX,PE,74000.0,SENSEX26O0174000PE,388.5,388.5,388.5,388.5,0,18
2026-09-25 22:08:00,SENSEX,CE,74100.0,SENSEX26O0174100CE,424.65,424.65,424.65,424.65,0,18
2026-09-25 22:08:00,SENSEX,PE,74100.0,SENSEX26O0174100PE,424.05,424.05,424.05,424.05,0,18
2026-09-25 22:08:00,SENSEX,CE,74200.0,SENSEX26O0174200CE,380.4,380.4,380.4,380.4,0,18
2026-09-25 22:08:00,SENSEX,PE,74200.0,SENSEX26O0174200PE,484.8,484.8,484.8,484.8,0,18
2026-09-25 22:08:00,SENSEX,CE,74300.0,SENSEX26O0174300CE,333.5,333.5,333.5,333.5,0,18
2026-09-25 22:08:00,SENSEX,PE,74300.0,SENSEX26O0174300PE,523.2,523.2,523.2,523.2,0,18
2026-09-25 22:08:00,SENSEX,CE,74400.0,SENSEX26O0174400CE,285.6,285.6,285.6,285.6,0,18
2026-09-25 22:08:00,SENSEX,PE,74400.0,SENSEX26O0174400PE,583.55,583.55,583.55,583.55,0,18
2026-09-25 22:08:00,SENSEX,CE,74500.0,SENSEX26O0174500CE,249.2,249.2,249.2,249.2,0,18
2026-09-25 22:08:00,SENSEX,PE,74500.0,SENSEX26O0174500PE,636.0,636.0,636.0,636.0,0,18
2026-09-25 22:09:00,SENSEX,FUT,0.0,SENSEX26OCTFUT,74600.0,74600.0,74600.0,74600.0,0,19
2026-09-25 22:09:00,SENSEX,SPOT,0.0,SENSEX,73895.74,73895.74,73895.74,73895.74,0,19
2026-09-25 22:09:00,SENSEX,CE,73300.0,SENSEX26O0173300CE,965.55,965.55,965.55,965.55,0,19
2026-09-25 22:09:00,SENSEX,PE,73300.0,SENSEX26O0173300PE,166.0,166.0,166.0,166.0,0,19
2026-09-25 22:09:00,SENSEX,CE,73400.0,SENSEX26O0173400CE,893.45,893.45,893.45,893.45,0,19
2026-09-25 22:09:00,SENSEX,PE,73400.0,SENSEX26O0173400PE,187.65,187.65,187.65,187.65,0,19
2026-09-25 22:09:00,SENSEX,CE,73500.0,SENSEX26O0173500CE,801.0,801.0,801.0,801.0,0,19
2026-09-25 22:09:00,SENSEX,PE,73500.0,SENSEX26O0173500PE,211.85,211.85,211.85,211.85,0,19
2026-09-25 22:09:00,SENSEX,CE,73600.0,SENSEX26O0173600CE,721.5,721.5,721.5,721.5,0,19
2026-09-25 22:09:00,SENSEX,PE,73600.0,SENSEX26O0173600PE,235.3,235.3,235.3,235.3,0,19
2026-09-25 22:09:00,SENSEX,CE,73700.0,SENSEX26O0173700CE,655.0,655.0,655.0,655.0,0,19
2026-09-25 22:09:00,SENSEX,PE,73700.0,SENSEX26O0173700PE,270.0,270.0,270.0,270.0,0,19
2026-09-25 22:09:00,SENSEX,CE,73800.0,SENSEX26O0173800CE,607.2,607.2,607.2,607.2,0,19
2026-09-25 22:09:00,SENSEX,PE,73800.0,SENSEX26O0173800PE,304.0,304.0,304.0,304.0,0,19
2026-09-25 22:09:00,SENSEX,CE,73900.0,SENSEX26O0173900CE,545.0,545.0,545.0,545.0,0,19
2026-09-25 22:09:00,SENSEX,PE,73900.0,SENSEX26O0173900PE,340.05,340.05,340.05,340.05,0,19
2026-09-25 22:09:00,SENSEX,CE,74000.0,SENSEX26O0174000CE,484.1,484.1,484.1,484.1,0,19
2026-09-25 22:09:00,SENSEX,PE,74000.0,SENSEX26O0174000PE,388.5,388.5,388.5,388.5,0,19
2026-09-25 22:09:00,SENSEX,CE,74100.0,SENSEX26O0174100CE,424.65,424.65,424.65,424.65,0,19
2026-09-25 22:09:00,SENSEX,PE,74100.0,SENSEX26O0174100PE,424.05,424.05,424.05,424.05,0,19
2026-09-25 22:09:00,SENSEX,CE,74200.0,SENSEX26O0174200CE,380.4,380.4,380.4,380.4,0,19
2026-09-25 22:09:00,SENSEX,PE,74200.0,SENSEX26O0174200PE,484.8,484.8,484.8,484.8,0,19
2026-09-25 22:09:00,SENSEX,CE,74300.0,SENSEX26O0174300CE,333.5,333.5,333.5,333.5,0,19
2026-09-25 22:09:00,SENSEX,PE,74300.0,SENSEX26O0174300PE,523.2,523.2,523.2,523.2,0,19
2026-09-25 22:09:00,SENSEX,CE,74400.0,SENSEX26O0174400CE,285.6,285.6,285.6,285.6,0,19
2026-09-25 22:09:00,SENSEX,PE,74400.0,SENSEX26O0174400PE,583.55,583.55,583.55,583.55,0,19
2026-09-25 22:09:00,SENSEX,CE,74500.0,SENSEX26O0174500CE,249.2,249.2,249.2,249.2,0,19
2026-09-25 22:09:00,SENSEX,PE,74500.0,SENSEX26O0174500PE,636.0,636.0,636.0,636.0,0,19
2026-09-25 22:10:00,SENSEX,FUT,0.0,SENSEX26OCTFUT,74600.0,74600.0,74600.0,74600.0,0,19
2026-09-25 22:10:00,SENSEX,SPOT,0.0,SENSEX,73895.74,73895.74,73895.74,73895.74,0,19
2026-09-25 22:10:00,SENSEX,CE,73300.0,SENSEX26O0173300CE,965.55,965.55,965.55,965.55,0,19
2026-09-25 22:10:00,SENSEX,PE,73300.0,SENSEX26O0173300PE,166.0,166.0,166.0,166.0,0,19
2026-09-25 22:10:00,SENSEX,CE,73400.0,SENSEX26O0173400CE,893.45,893.45,893.45,893.45,0,19
2026-09-25 22:10:00,SENSEX,PE,73400.0,SENSEX26O0173400PE,187.65,187.65,187.65,187.65,0,19
2026-09-25 22:10:00,SENSEX,CE,73500.0,SENSEX26O0173500CE,801.0,801.0,801.0,801.0,0,19
2026-09-25 22:10:00,SENSEX,PE,73500.0,SENSEX26O0173500PE,211.85,211.85,211.85,211.85,0,19
2026-09-25 22:10:00,SENSEX,CE,73600.0,SENSEX26O0173600CE,721.5,721.5,721.5,721.5,0,19
2026-09-25 22:10:00,SENSEX,PE,73600.0,SENSEX26O0173600PE,235.3,235.3,235.3,235.3,0,19
2026-09-25 22:10:00,SENSEX,CE,73700.0,SENSEX26O0173700CE,655.0,655.0,655.0,655.0,0,19
2026-09-25 22:10:00,SENSEX,PE,73700.0,SENSEX26O0173700PE,270.0,270.0,270.0,270.0,0,19
2026-09-25 22:10:00,SENSEX,CE,73800.0,SENSEX26O0173800CE,607.2,607.2,607.2,607.2,0,19
2026-09-25 22:10:00,SENSEX,PE,73800.0,SENSEX26O0173800PE,304.0,304.0,304.0,304.0,0,19
2026-09-25 22:10:00,SENSEX,CE,73900.0,SENSEX26O0173900CE,545.0,545.0,545.0,545.0,0,19
2026-09-25 22:10:00,SENSEX,PE,73900.0,SENSEX26O0173900PE,340.05,340.05,340.05,340.05,0,19
2026-09-25 22:10:00,SENSEX,CE,74000.0,SENSEX26O0174000CE,484.1,484.1,484.1,484.1,0,19
2026-09-25 22:10:00,SENSEX,PE,74000.0,SENSEX26O0174000PE,388.5,388.5,388.5,388.5,0,19
2026-09-25 22:10:00,SENSEX,CE,74100.0,SENSEX26O0174100CE,424.65,424.65,424.65,424.65,0,19
2026-09-25 22:10:00,SENSEX,PE,74100.0,SENSEX26O0174100PE,424.05,424.05,424.05,424.05,0,19
2026-09-25 22:10:00,SENSEX,CE,74200.0,SENSEX26O0174200CE,380.4,380.4,380.4,380.4,0,19
2026-09-25 22:10:00,SENSEX,PE,74200.0,SENSEX26O0174200PE,484.8,484.8,484.8,484.8,0,19
2026-09-25 22:10:00,SENSEX,CE,74300.0,SENSEX26O0174300CE,333.5,333.5,333.5,333.5,0,19
2026-09-25 22:10:00,SENSEX,PE,74300.0,SENSEX26O0174300PE,523.2,523.2,523.2,523.2,0,19
2026-09-25 22:10:00,SENSEX,CE,74400.0,SENSEX26O0174400CE,285.6,285.6,285.6,285.6,0,19
2026-09-25 22:10:00,SENSEX,PE,74400.0,SENSEX26O0174400PE,583.55,583.55,583.55,583.55,0,19
2026-09-25 22:10:00,SENSEX,CE,74500.0,SENSEX26O0174500CE,249.2,249.2,249.2,249.2,0,19
2026-09-25 22:10:00,SENSEX,PE,74500.0,SENSEX26O0174500PE,636.0,636.0,636.0,636.0,0,19
2026-09-25 22:11:00,SENSEX,FUT,0.0,SENSEX26OCTFUT,74600.0,74600.0,74600.0,74600.0,0,18
2026-09-25 22:11:00,SENSEX,SPOT,0.0,SENSEX,73895.74,73895.74,73895.74,73895.74,0,18
2026-09-25 22:11:00,SENSEX,CE,73300.0,SENSEX26O0173300CE,965.55,965.55,965.55,965.55,0,18
2026-09-25 22:11:00,SENSEX,PE,73300.0,SENSEX26O0173300PE,166.0,166.0,166.0,166.0,0,18
2026-09-25 22:11:00,SENSEX,CE,73400.0,SENSEX26O0173400CE,893.45,893.45,893.45,893.45,0,18
2026-09-25 22:11:00,SENSEX,PE,73400.0,SENSEX26O0173400PE,187.65,187.65,187.65,187.65,0,18
2026-09-25 22:11:00,SENSEX,CE,73500.0,SENSEX26O0173500CE,801.0,801.0,801.0,801.0,0,18
2026-09-25 22:11:00,SENSEX,PE,73500.0,SENSEX26O0173500PE,211.85,211.85,211.85,211.85,0,18
2026-09-25 22:11:00,SENSEX,CE,73600.0,SENSEX26O0173600CE,721.5,721.5,721.5,721.5,0,18
2026-09-25 22:11:00,SENSEX,PE,73600.0,SENSEX26O0173600PE,235.3,235.3,235.3,235.3,0,18
2026-09-25 22:11:00,SENSEX,CE,73700.0,SENSEX26O0173700CE,655.0,655.0,655.0,655.0,0,18
2026-09-25 22:11:00,SENSEX,PE,73700.0,SENSEX26O0173700PE,270.0,270.0,270.0,270.0,0,18
2026-09-25 22:11:00,SENSEX,CE,73800.0,SENSEX26O0173800CE,607.2,607.2,607.2,607.2,0,18
2026-09-25 22:11:00,SENSEX,PE,73800.0,SENSEX26O0173800PE,304.0,304.0,304.0,304.0,0,18
2026-09-25 22:11:00,SENSEX,CE,73900.0,SENSEX26O0173900CE,545.0,545.0,545.0,545.0,0,18
2026-09-25 22:11:00,SENSEX,PE,73900.0,SENSEX26O0173900PE,340.05,340.05,340.05,340.05,0,18
2026-09-25 22:11:00,SENSEX,CE,74000.0,SENSEX26O0174000CE,484.1,484.1,484.1,484.1,0,18
2026-09-25 22:11:00,SENSEX,PE,74000.0,SENSEX26O0174000PE,388.5,388.5,388.5,388.5,0,18
2026-09-25 22:11:00,SENSEX,CE,74100.0,SENSEX26O0174100CE,424.65,424.65,424.65,424.65,0,18
2026-09-25 22:11:00,SENSEX,PE,74100.0,SENSEX26O0174100PE,424.05,424.05,424.05,424.05,0,18
2026-09-25 22:11:00,SENSEX,CE,74200.0,SENSEX26O0174200CE,380.4,380.4,380.4,380.4,0,18
2026-09-25 22:11:00,SENSEX,PE,74200.0,SENSEX26O0174200PE,484.8,484.8,484.8,484.8,0,18
2026-09-25 22:11:00,SENSEX,CE,74300.0,SENSEX26O0174300CE,333.5,333.5,333.5,333.5,0,18
2026-09-25 22:11:00,SENSEX,PE,74300.0,SENSEX26O0174300PE,523.2,523.2,523.2,523.2,0,18
2026-09-25 22:11:00,SENSEX,CE,74400.0,SENSEX26O0174400CE,285.6,285.6,285.6,285.6,0,18
2026-09-25 22:11:00,SENSEX,PE,74400.0,SENSEX26O0174400PE,583.55,583.55,583.55,583.55,0,18
2026-09-25 22:11:00,SENSEX,CE,74500.0,SENSEX26O0174500CE,249.2,249.2,249.2,249.2,0,18
2026-09-25 22:11:00,SENSEX,PE,74500.0,SENSEX26O0174500PE,636.0,636.0,636.0,636.0,0,18
2026-09-25 22:12:00,SENSEX,FUT,0.0,SENSEX26OCTFUT,74600.0,74600.0,74600.0,74600.0,0,19
2026-09-25 22:12:00,SENSEX,SPOT,0.0,SENSEX,73895.74,73895.74,73895.74,73895.74,0,19
2026-09-25 22:12:00,SENSEX,CE,73300.0,SENSEX26O0173300CE,965.55,965.55,965.55,965.55,0,19
2026-09-25 22:12:00,SENSEX,PE,73300.0,SENSEX26O0173300PE,166.0,166.0,166.0,166.0,0,19
2026-09-25 22:12:00,SENSEX,CE,73400.0,SENSEX26O0173400CE,893.45,893.45,893.45,893.45,0,19
2026-09-25 22:12:00,SENSEX,PE,73400.0,SENSEX26O0173400PE,187.65,187.65,187.65,187.65,0,19
2026-09-25 22:12:00,SENSEX,CE,73500.0,SENSEX26O0173500CE,801.0,801.0,801.0,801.0,0,19
2026-09-25 22:12:00,SENSEX,PE,73500.0,SENSEX26O0173500PE,211.85,211.85,211.85,211.85,0,19
2026-09-25 22:12:00,SENSEX,CE,73600.0,SENSEX26O0173600CE,721.5,721.5,721.5,721.5,0,19
2026-09-25 22:12:00,SENSEX,PE,73600.0,SENSEX26O0173600PE,235.3,235.3,235.3,235.3,0,19
2026-09-25 22:12:00,SENSEX,CE,73700.0,SENSEX26O0173700CE,655.0,655.0,655.0,655.0,0,19
2026-09-25 22:12:00,SENSEX,PE,73700.0,SENSEX26O0173700PE,270.0,270.0,270.0,270.0,0,19
2026-09-25 22:12:00,SENSEX,CE,73800.0,SENSEX26O0173800CE,607.2,607.2,607.2,607.2,0,19
2026-09-25 22:12:00,SENSEX,PE,73800.0,SENSEX26O0173800PE,304.0,304.0,304.0,304.0,0,19
2026-09-25 22:12:00,SENSEX,CE,73900.0,SENSEX26O0173900CE,545.0,545.0,545.0,545.0,0,19
2026-09-25 22:12:00,SENSEX,PE,73900.0,SENSEX26O0173900PE,340.05,340.05,340.05,340.05,0,19
2026-09-25 22:12:00,SENSEX,CE,74000.0,SENSEX26O0174000CE,484.1,484.1,484.1,484.1,0,19
2026-09-25 22:12:00,SENSEX,PE,74000.0,SENSEX26O0174000PE,388.5,388.5,388.5,388.5,0,19
2026-09-25 22:12:00,SENSEX,CE,74100.0,SENSEX26O0174100CE,424.65,424.65,424.65,424.65,0,19
2026-09-25 22:12:00,SENSEX,PE,74100.0,SENSEX26O0174100PE,424.05,424.05,424.05,424.05,0,19
2026-09-25 22:12:00,SENSEX,CE,74200.0,SENSEX26O0174200CE,380.4,380.4,380.4,380.4,0,19
2026-09-25 22:12:00,SENSEX,PE,74200.0,SENSEX26O0174200PE,484.8,484.8,484.8,484.8,0,19
2026-09-25 22:12:00,SENSEX,CE,74300.0,SENSEX26O0174300CE,333.5,333.5,333.5,333.5,0,19
2026-09-25 22:12:00,SENSEX,PE,74300.0,SENSEX26O0174300PE,523.2,523.2,523.2,523.2,0,19
2026-09-25 22:12:00,SENSEX,CE,74400.0,SENSEX26O0174400CE,285.6,285.6,285.6,285.6,0,19
2026-09-25 22:12:00,SENSEX,PE,74400.0,SENSEX26O0174400PE,583.55,583.55,583.55,583.55,0,19
2026-09-25 22:12:00,SENSEX,CE,74500.0,SENSEX26O0174500CE,249.2,249.2,249.2,249.2,0,19
2026-09-25 22:12:00,SENSEX,PE,74500.0,SENSEX26O0174500PE,636.0,636.0,636.0,636.0,0,19
2026-09-25 22:13:00,SENSEX,FUT,0.0,SENSEX26OCTFUT,74600.0,74600.0,74600.0,74600.0,0,19
2026-09-25 22:13:00,SENSEX,SPOT,0.0,SENSEX,73895.74,73895.74,73895.74,73895.74,0,19
2026-09-25 22:13:00,SENSEX,CE,73300.0,SENSEX26O0173300CE,965.55,965.55,965.55,965.55,0,19
2026-09-25 22:13:00,SENSEX,PE,73300.0,SENSEX26O0173300PE,166.0,166.0,166.0,166.0,0,19
2026-09-25 22:13:00,SENSEX,CE,73400.0,SENSEX26O0173400CE,893.45,893.45,893.45,893.45,0,19
2026-09-25 22:13:00,SENSEX,PE,73400.0,SENSEX26O0173400PE,187.65,187.65,187.65,187.65,0,19
2026-09-25 22:13:00,SENSEX,CE,73500.0,SENSEX26O0173500CE,801.0,801.0,801.0,801.0,0,19
2026-09-25 22:13:00,SENSEX,PE,73500.0,SENSEX26O0173500PE,211.85,211.85,211.85,211.85,0,19
2026-09-25 22:13:00,SENSEX,CE,73600.0,SENSEX26O0173600CE,721.5,721.5,721.5,721.5,0,19
2026-09-25 22:13:00,SENSEX,PE,73600.0,SENSEX26O0173600PE,235.3,235.3,235.3,235.3,0,19
2026-09-25 22:13:00,SENSEX,CE,73700.0,SENSEX26O0173700CE,655.0,655.0,655.0,655.0,0,19
2026-09-25 22:13:00,SENSEX,PE,73700.0,SENSEX26O0173700PE,270.0,270.0,270.0,270.0,0,19
2026-09-25 22:13:00,SENSEX,CE,73800.0,SENSEX26O0173800CE,607.2,607.2,607.2,607.2,0,19
2026-09-25 22:13:00,SENSEX,PE,73800.0,SENSEX26O0173800PE,304.0,304.0,304.0,304.0,0,19
2026-09-25 22:13:00,SENSEX,CE,73900.0,SENSEX26O0173900CE,545.0,545.0,545.0,545.0,0,19
2026-09-25 22:13:00,SENSEX,PE,73900.0,SENSEX26O0173900PE,340.05,340.05,340.05,340.05,0,19
2026-09-25 22:13:00,SENSEX,CE,74000.0,SENSEX26O0174000CE,484.1,484.1,484.1,484.1,0,19
2026-09-25 22:13:00,SENSEX,PE,74000.0,SENSEX26O0174000PE,388.5,388.5,388.5,388.5,0,19
2026-09-25 22:13:00,SENSEX,CE,74100.0,SENSEX26O0174100CE,424.65,424.65,424.65,424.65,0,19
2026-09-25 22:13:00,SENSEX,PE,74100.0,SENSEX26O0174100PE,424.05,424.05,424.05,424.05,0,19
2026-09-25 22:13:00,SENSEX,CE,74200.0,SENSEX26O0174200CE,380.4,380.4,380.4,380.4,0,19
2026-09-25 22:13:00,SENSEX,PE,74200.0,SENSEX26O0174200PE,484.8,484.8,484.8,484.8,0,19
2026-09-25 22:13:00,SENSEX,CE,74300.0,SENSEX26O0174300CE,333.5,333.5,333.5,333.5,0,19
2026-09-25 22:13:00,SENSEX,PE,74300.0,SENSEX26O0174300PE,523.2,523.2,523.2,523.2,0,19
2026-09-25 22:13:00,SENSEX,CE,74400.0,SENSEX26O0174400CE,285.6,285.6,285.6,285.6,0,19
2026-09-25 22:13:00,SENSEX,PE,74400.0,SENSEX26O0174400PE,583.55,583.55,583.55,583.55,0,19
2026-09-25 22:13:00,SENSEX,CE,74500.0,SENSEX26O0174500CE,249.2,249.2,249.2,249.2,0,19
2026-09-25 22:13:00,SENSEX,PE,74500.0,SENSEX26O0174500PE,636.0,636.0,636.0,636.0,0,19
2026-09-25 22:14:00,SENSEX,FUT,0.0,SENSEX26OCTFUT,74600.0,74600.0,74600.0,74600.0,0,19
2026-09-25 22:14:00,SENSEX,SPOT,0.0,SENSEX,73895.74,73895.74,73895.74,73895.74,0,19
2026-09-25 22:14:00,SENSEX,CE,73300.0,SENSEX26O0173300CE,965.55,965.55,965.55,965.55,0,19
2026-09-25 22:14:00,SENSEX,PE,73300.0,SENSEX26O0173300PE,166.0,166.0,166.0,166.0,0,19
2026-09-25 22:14:00,SENSEX,CE,73400.0,SENSEX26O0173400CE,893.45,893.45,893.45,893.45,0,19
2026-09-25 22:14:00,SENSEX,PE,73400.0,SENSEX26O0173400PE,187.65,187.65,187.65,187.65,0,19
2026-09-25 22:14:00,SENSEX,CE,73500.0,SENSEX26O0173500CE,801.0,801.0,801.0,801.0,0,19
2026-09-25 22:14:00,SENSEX,PE,73500.0,SENSEX26O0173500PE,211.85,211.85,211.85,211.85,0,19
2026-09-25 22:14:00,SENSEX,CE,73600.0,SENSEX26O0173600CE,721.5,721.5,721.5,721.5,0,19
2026-09-25 22:14:00,SENSEX,PE,73600.0,SENSEX26O0173600PE,235.3,235.3,235.3,235.3,0,19
2026-09-25 22:14:00,SENSEX,CE,73700.0,SENSEX26O0173700CE,655.0,655.0,655.0,655.0,0,19
2026-09-25 22:14:00,SENSEX,PE,73700.0,SENSEX26O0173700PE,270.0,270.0,270.0,270.0,0,19
2026-09-25 22:14:00,SENSEX,CE,73800.0,SENSEX26O0173800CE,607.2,607.2,607.2,607.2,0,19
2026-09-25 22:14:00,SENSEX,PE,73800.0,SENSEX26O0173800PE,304.0,304.0,304.0,304.0,0,19
2026-09-25 22:14:00,SENSEX,CE,73900.0,SENSEX26O0173900CE,545.0,545.0,545.0,545.0,0,19
2026-09-25 22:14:00,SENSEX,PE,73900.0,SENSEX26O0173900PE,340.05,340.05,340.05,340.05,0,19
2026-09-25 22:14:00,SENSEX,CE,74000.0,SENSEX26O0174000CE,484.1,484.1,484.1,484.1,0,19
2026-09-25 22:14:00,SENSEX,PE,74000.0,SENSEX26O0174000PE,388.5,388.5,388.5,388.5,0,19
2026-09-25 22:14:00,SENSEX,CE,74100.0,SENSEX26O0174100CE,424.65,424.65,424.65,424.65,0,19
2026-09-25 22:14:00,SENSEX,PE,74100.0,SENSEX26O0174100PE,424.05,424.05,424.05,424.05,0,19
2026-09-25 22:14:00,SENSEX,CE,74200.0,SENSEX26O0174200CE,380.4,380.4,380.4,380.4,0,19
2026-09-25 22:14:00,SENSEX,PE,74200.0,SENSEX26O0174200PE,484.8,484.8,484.8,484.8,0,19
2026-09-25 22:14:00,SENSEX,CE,74300.0,SENSEX26O0174300CE,333.5,333.5,333.5,333.5,0,19
2026-09-25 22:14:00,SENSEX,PE,74300.0,SENSEX26O0174300PE,523.2,523.2,523.2,523.2,0,19
2026-09-25 22:14:00,SENSEX,CE,74400.0,SENSEX26O0174400CE,285.6,285.6,285.6,285.6,0,19
2026-09-25 22:14:00,SENSEX,PE,74400.0,SENSEX26O0174400PE,583.55,583.55,583.55,583.55,0,19
2026-09-25 22:14:00,SENSEX,CE,74500.0,SENSEX26O0174500CE,249.2,249.2,249.2,249.2,0,19
2026-09-25 22:14:00,SENSEX,PE,74500.0,SENSEX26O0174500PE,636.0,636.0,636.0,636.0,0,19
2026-09-25 22:15:00,SENSEX,FUT,0.0,SENSEX26OCTFUT,74600.0,74600.0,74600.0,74600.0,0,19
2026-09-25 22:15:00,SENSEX,SPOT,0.0,SENSEX,73895.74,73895.74,73895.74,73895.74,0,19
2026-09-25 22:15:00,SENSEX,CE,73300.0,SENSEX26O0173300CE,965.55,965.55,965.55,965.55,0,19
2026-09-25 22:15:00,SENSEX,PE,73300.0,SENSEX26O0173300PE,166.0,166.0,166.0,166.0,0,19
2026-09-25 22:15:00,SENSEX,CE,73400.0,SENSEX26O0173400CE,893.45,893.45,893.45,893.45,0,19
2026-09-25 22:15:00,SENSEX,PE,73400.0,SENSEX26O0173400PE,187.65,187.65,187.65,187.65,0,19
2026-09-25 22:15:00,SENSEX,CE,73500.0,SENSEX26O0173500CE,801.0,801.0,801.0,801.0,0,19
2026-09-25 22:15:00,SENSEX,PE,73500.0,SENSEX26O0173500PE,211.85,211.85,211.85,211.85,0,19
2026-09-25 22:15:00,SENSEX,CE,73600.0,SENSEX26O0173600CE,721.5,721.5,721.5,721.5,0,19
2026-09-25 22:15:00,SENSEX,PE,73600.0,SENSEX26O0173600PE,235.3,235.3,235.3,235.3,0,19
2026-09-25 22:15:00,SENSEX,CE,73700.0,SENSEX26O0173700CE,655.0,655.0,655.0,655.0,0,19
2026-09-25 22:15:00,SENSEX,PE,73700.0,SENSEX26O0173700PE,270.0,270.0,270.0,270.0,0,19
2026-09-25 22:15:00,SENSEX,CE,73800.0,SENSEX26O0173800CE,607.2,607.2,607.2,607.2,0,19
2026-09-25 22:15:00,SENSEX,PE,73800.0,SENSEX26O0173800PE,304.0,304.0,304.0,304.0,0,19
2026-09-25 22:15:00,SENSEX,CE,73900.0,SENSEX26O0173900CE,545.0,545.0,545.0,545.0,0,19
2026-09-25 22:15:00,SENSEX,PE,73900.0,SENSEX26O0173900PE,340.05,340.05,340.05,340.05,0,19
2026-09-25 22:15:00,SENSEX,CE,74000.0,SENSEX26O0174000CE,484.1,484.1,484.1,484.1,0,19
2026-09-25 22:15:00,SENSEX,PE,74000.0,SENSEX26O0174000PE,388.5,388.5,388.5,388.5,0,19
2026-09-25 22:15:00,SENSEX,CE,74100.0,SENSEX26O0174100CE,424.65,424.65,424.65,424.65,0,19
2026-09-25 22:15:00,SENSEX,PE,74100.0,SENSEX26O0174100PE,424.05,424.05,424.05,424.05,0,19
2026-09-25 22:15:00,SENSEX,CE,74200.0,SENSEX26O0174200CE,380.4,380.4,380.4,380.4,0,19
2026-09-25 22:15:00,SENSEX,PE,74200.0,SENSEX26O0174200PE,484.8,484.8,484.8,484.8,0,19
2026-09-25 22:15:00,SENSEX,CE,74300.0,SENSEX26O0174300CE,333.5,333.5,333.5,333.5,0,19
2026-09-25 22:15:00,SENSEX,PE,74300.0,SENSEX26O0174300PE,523.2,523.2,523.2,523.2,0,19
2026-09-25 22:15:00,SENSEX,CE,74400.0,SENSEX26O0174400CE,285.6,285.6,285.6,285.6,0,19
2026-09-25 22:15:00,SENSEX,PE,74400.0,SENSEX26O0174400PE,583.55,583.55,583.55,583.55,0,19
2026-09-25 22:15:00,SENSEX,CE,74500.0,SENSEX26O0174500CE,249.2,249.2,249.2,249.2,0,19
2026-09-25 22:15:00,SENSEX,PE,74500.0,SENSEX26O0174500PE,636.0,636.0,636.0,636.0,0,19
2026-09-25 22:16:00,SENSEX,FUT,0.0,SENSEX26OCTFUT,74600.0,74600.0,74600.0,74600.0,0,19
2026-09-25 22:16:00,SENSEX,SPOT,0.0,SENSEX,73895.74,73895.74,73895.74,73895.74,0,19
2026-09-25 22:16:00,SENSEX,CE,73300.0,SENSEX26O0173300CE,965.55,965.55,965.55,965.55,0,19
2026-09-25 22:16:00,SENSEX,PE,73300.0,SENSEX26O0173300PE,166.0,166.0,166.0,166.0,0,19
2026-09-25 22:16:00,SENSEX,CE,73400.0,SENSEX26O0173400CE,893.45,893.45,893.45,893.45,0,19
2026-09-25 22:16:00,SENSEX,PE,73400.0,SENSEX26O0173400PE,187.65,187.65,187.65,187.65,0,19
2026-09-25 22:16:00,SENSEX,CE,73500.0,SENSEX26O0173500CE,801.0,801.0,801.0,801.0,0,19
2026-09-25 22:16:00,SENSEX,PE,73500.0,SENSEX26O0173500PE,211.85,211.85,211.85,211.85,0,19
2026-09-25 22:16:00,SENSEX,CE,73600.0,SENSEX26O0173600CE,721.5,721.5,721.5,721.5,0,19
2026-09-25 22:16:00,SENSEX,PE,73600.0,SENSEX26O0173600PE,235.3,235.3,235.3,235.3,0,19
2026-09-25 22:16:00,SENSEX,CE,73700.0,SENSEX26O0173700CE,655.0,655.0,655.0,655.0,0,19
2026-09-25 22:16:00,SENSEX,PE,73700.0,SENSEX26O0173700PE,270.0,270.0,270.0,270.0,0,19
2026-09-25 22:16:00,SENSEX,CE,73800.0,SENSEX26O0173800CE,607.2,607.2,607.2,607.2,0,19
2026-09-25 22:16:00,SENSEX,PE,73800.0,SENSEX26O0173800PE,304.0,304.0,304.0,304.0,0,19
2026-09-25 22:16:00,SENSEX,CE,73900.0,SENSEX26O0173900CE,545.0,545.0,545.0,545.0,0,19
2026-09-25 22:16:00,SENSEX,PE,73900.0,SENSEX26O0173900PE,340.05,340.05,340.05,340.05,0,19
2026-09-25 22:16:00,SENSEX,CE,74000.0,SENSEX26O0174000CE,484.1,484.1,484.1,484.1,0,19
2026-09-25 22:16:00,SENSEX,PE,74000.0,SENSEX26O0174000PE,388.5,388.5,388.5,388.5,0,19
2026-09-25 22:16:00,SENSEX,CE,74100.0,SENSEX26O0174100CE,424.65,424.65,424.65,424.65,0,19
2026-09-25 22:16:00,SENSEX,PE,74100.0,SENSEX26O0174100PE,424.05,424.05,424.05,424.05,0,19
2026-09-25 22:16:00,SENSEX,CE,74200.0,SENSEX26O0174200CE,380.4,380.4,380.4,380.4,0,19
2026-09-25 22:16:00,SENSEX,PE,74200.0,SENSEX26O0174200PE,484.8,484.8,484.8,484.8,0,19
2026-09-25 22:16:00,SENSEX,CE,74300.0,SENSEX26O0174300CE,333.5,333.5,333.5,333.5,0,19
2026-09-25 22:16:00,SENSEX,PE,74300.0,SENSEX26O0174300PE,523.2,523.2,523.2,523.2,0,19
2026-09-25 22:16:00,SENSEX,CE,74400.0,SENSEX26O0174400CE,285.6,285.6,285.6,285.6,0,19
2026-09-25 22:16:00,SENSEX,PE,74400.0,SENSEX26O0174400PE,583.55,583.55,583.55,583.55,0,19
2026-09-25 22:16:00,SENSEX,CE,74500.0,SENSEX26O0174500CE,249.2,249.2,249.2,249.2,0,19
2026-09-25 22:16:00,SENSEX,PE,74500.0,SENSEX26O0174500PE,636.0,636.0,636.0,636.0,0,19
2026-09-25 22:17:00,SENSEX,FUT,0.0,SENSEX26OCTFUT,74600.0,74600.0,74600.0,74600.0,0,19
2026-09-25 22:17:00,SENSEX,SPOT,0.0,SENSEX,73895.74,73895.74,73895.74,73895.74,0,19
2026-09-25 22:17:00,SENSEX,CE,73300.0,SENSEX26O0173300CE,965.55,965.55,965.55,965.55,0,19
2026-09-25 22:17:00,SENSEX,PE,73300.0,SENSEX26O0173300PE,166.0,166.0,166.0,166.0,0,19
2026-09-25 22:17:00,SENSEX,CE,73400.0,SENSEX26O0173400CE,893.45,893.45,893.45,893.45,0,19
2026-09-25 22:17:00,SENSEX,PE,73400.0,SENSEX26O0173400PE,187.65,187.65,187.65,187.65,0,19
2026-09-25 22:17:00,SENSEX,CE,73500.0,SENSEX26O0173500CE,801.0,801.0,801.0,801.0,0,19
2026-09-25 22:17:00,SENSEX,PE,73500.0,SENSEX26O0173500PE,211.85,211.85,211.85,211.85,0,19
2026-09-25 22:17:00,SENSEX,CE,73600.0,SENSEX26O0173600CE,721.5,721.5,721.5,721.5,0,19
2026-09-25 22:17:00,SENSEX,PE,73600.0,SENSEX26O0173600PE,235.3,235.3,235.3,235.3,0,19
2026-09-25 22:17:00,SENSEX,CE,73700.0,SENSEX26O0173700CE,655.0,655.0,655.0,655.0,0,19
2026-09-25 22:17:00,SENSEX,PE,73700.0,SENSEX26O0173700PE,270.0,270.0,270.0,270.0,0,19
2026-09-25 22:17:00,SENSEX,CE,73800.0,SENSEX26O0173800CE,607.2,607.2,607.2,607.2,0,19
2026-09-25 22:17:00,SENSEX,PE,73800.0,SENSEX26O0173800PE,304.0,304.0,304.0,304.0,0,19
2026-09-25 22:17:00,SENSEX,CE,73900.0,SENSEX26O0173900CE,545.0,545.0,545.0,545.0,0,19
2026-09-25 22:17:00,SENSEX,PE,73900.0,SENSEX26O0173900PE,340.05,340.05,340.05,340.05,0,19
2026-09-25 22:17:00,SENSEX,CE,74000.0,SENSEX26O0174000CE,484.1,484.1,484.1,484.1,0,19
2026-09-25 22:17:00,SENSEX,PE,74000.0,SENSEX26O0174000PE,388.5,388.5,388.5,388.5,0,19
2026-09-25 22:17:00,SENSEX,CE,74100.0,SENSEX26O0174100CE,424.65,424.65,424.65,424.65,0,19
2026-09-25 22:17:00,SENSEX,PE,74100.0,SENSEX26O0174100PE,424.05,424.05,424.05,424.05,0,19
2026-09-25 22:17:00,SENSEX,CE,74200.0,SENSEX26O0174200CE,380.4,380.4,380.4,380.4,0,19
2026-09-25 22:17:00,SENSEX,PE,74200.0,SENSEX26O0174200PE,484.8,484.8,484.8,484.8,0,19
2026-09-25 22:17:00,SENSEX,CE,74300.0,SENSEX26O0174300CE,333.5,333.5,333.5,333.5,0,19
2026-09-25 22:17:00,SENSEX,PE,74300.0,SENSEX26O0174300PE,523.2,523.2,523.2,523.2,0,19
2026-09-25 22:17:00,SENSEX,CE,74400.0,SENSEX26O0174400CE,285.6,285.6,285.6,285.6,0,19
2026-09-25 22:17:00,SENSEX,PE,74400.0,SENSEX26O0174400PE,583.55,583.55,583.55,583.55,0,19
2026-09-25 22:17:00,SENSEX,CE,74500.0,SENSEX26O0174500CE,249.2,249.2,249.2,249.2,0,19
2026-09-25 22:17:00,SENSEX,PE,74500.0,SENSEX26O0174500PE,636.0,636.0,636.0,636.0,0,19
2026-09-25 22:18:00,SENSEX,FUT,0.0,SENSEX26OCTFUT,74600.0,74600.0,74600.0,74600.0,0,19
2026-09-25 22:18:00,SENSEX,SPOT,0.0,SENSEX,73895.74,73895.74,73895.74,73895.74,0,19
2026-09-25 22:18:00,SENSEX,CE,73300.0,SENSEX26O0173300CE,965.55,965.55,965.55,965.55,0,19
2026-09-25 22:18:00,SENSEX,PE,73300.0,SENSEX26O0173300PE,166.0,166.0,166.0,166.0,0,19
2026-09-25 22:18:00,SENSEX,CE,73400.0,SENSEX26O0173400CE,893.45,893.45,893.45,893.45,0,19
2026-09-25 22:18:00,SENSEX,PE,73400.0,SENSEX26O0173400PE,187.65,187.65,187.65,187.65,0,19
2026-09-25 22:18:00,SENSEX,CE,73500.0,SENSEX26O0173500CE,801.0,801.0,801.0,801.0,0,19
2026-09-25 22:18:00,SENSEX,PE,73500.0,SENSEX26O0173500PE,211.85,211.85,211.85,211.85,0,19
2026-09-25 22:18:00,SENSEX,CE,73600.0,SENSEX26O0173600CE,721.5,721.5,721.5,721.5,0,19
2026-09-25 22:18:00,SENSEX,PE,73600.0,SENSEX26O0173600PE,235.3,235.3,235.3,235.3,0,19
2026-09-25 22:18:00,SENSEX,CE,73700.0,SENSEX26O0173700CE,655.0,655.0,655.0,655.0,0,19
2026-09-25 22:18:00,SENSEX,PE,73700.0,SENSEX26O0173700PE,270.0,270.0,270.0,270.0,0,19
2026-09-25 22:18:00,SENSEX,CE,73800.0,SENSEX26O0173800CE,607.2,607.2,607.2,607.2,0,19
2026-09-25 22:18:00,SENSEX,PE,73800.0,SENSEX26O0173800PE,304.0,304.0,304.0,304.0,0,19
2026-09-25 22:18:00,SENSEX,CE,73900.0,SENSEX26O0173900CE,545.0,545.0,545.0,545.0,0,19
2026-09-25 22:18:00,SENSEX,PE,73900.0,SENSEX26O0173900PE,340.05,340.05,340.05,340.05,0,19
2026-09-25 22:18:00,SENSEX,CE,74000.0,SENSEX26O0174000CE,484.1,484.1,484.1,484.1,0,19
2026-09-25 22:18:00,SENSEX,PE,74000.0,SENSEX26O0174000PE,388.5,388.5,388.5,388.5,0,19
2026-09-25 22:18:00,SENSEX,CE,74100.0,SENSEX26O0174100CE,424.65,424.65,424.65,424.65,0,19
2026-09-25 22:18:00,SENSEX,PE,74100.0,SENSEX26O0174100PE,424.05,424.05,424.05,424.05,0,19
2026-09-25 22:18:00,SENSEX,CE,74200.0,SENSEX26O0174200CE,380.4,380.4,380.4,380.4,0,19
2026-09-25 22:18:00,SENSEX,PE,74200.0,SENSEX26O0174200PE,484.8,484.8,484.8,484.8,0,19
2026-09-25 22:18:00,SENSEX,CE,74300.0,SENSEX26O0174300CE,333.5,333.5,333.5,333.5,0,19
2026-09-25 22:18:00,SENSEX,PE,74300.0,SENSEX26O0174300PE,523.2,523.2,523.2,523.2,0,19
2026-09-25 22:18:00,SENSEX,CE,74400.0,SENSEX26O0174400CE,285.6,285.6,285.6,285.6,0,19
2026-09-25 22:18:00,SENSEX,PE,74400.0,SENSEX26O0174400PE,583.55,583.55,583.55,583.55,0,19
2026-09-25 22:18:00,SENSEX,CE,74500.0,SENSEX26O0174500CE,249.2,249.2,249.2,249.2,0,19
2026-09-25 22:18:00,SENSEX,PE,74500.0,SENSEX26O0174500PE,636.0,636.0,636.0,636.0,0,19
2026-09-25 22:19:00,SENSEX,FUT,0.0,SENSEX26OCTFUT,74600.0,74600.0,74600.0,74600.0,0,19
2026-09-25 22:19:00,SENSEX,SPOT,0.0,SENSEX,73895.74,73895.74,73895.74,73895.74,0,19
2026-09-25 22:19:00,SENSEX,CE,73300.0,SENSEX26O0173300CE,965.55,965.55,965.55,965.55,0,19
2026-09-25 22:19:00,SENSEX,PE,73300.0,SENSEX26O0173300PE,166.0,166.0,166.0,166.0,0,19
2026-09-25 22:19:00,SENSEX,CE,73400.0,SENSEX26O0173400CE,893.45,893.45,893.45,893.45,0,19
2026-09-25 22:19:00,SENSEX,PE,73400.0,SENSEX26O0173400PE,187.65,187.65,187.65,187.65,0,19
2026-09-25 22:19:00,SENSEX,CE,73500.0,SENSEX26O0173500CE,801.0,801.0,801.0,801.0,0,19
2026-09-25 22:19:00,SENSEX,PE,73500.0,SENSEX26O0173500PE,211.85,211.85,211.85,211.85,0,19
2026-09-25 22:19:00,SENSEX,CE,73600.0,SENSEX26O0173600CE,721.5,721.5,721.5,721.5,0,19
2026-09-25 22:19:00,SENSEX,PE,73600.0,SENSEX26O0173600PE,235.3,235.3,235.3,235.3,0,19
2026-09-25 22:19:00,SENSEX,CE,73700.0,SENSEX26O0173700CE,655.0,655.0,655.0,655.0,0,19
2026-09-25 22:19:00,SENSEX,PE,73700.0,SENSEX26O0173700PE,270.0,270.0,270.0,270.0,0,19
2026-09-25 22:19:00,SENSEX,CE,73800.0,SENSEX26O0173800CE,607.2,607.2,607.2,607.2,0,19
2026-09-25 22:19:00,SENSEX,PE,73800.0,SENSEX26O0173800PE,304.0,304.0,304.0,304.0,0,19
2026-09-25 22:19:00,SENSEX,CE,73900.0,SENSEX26O0173900CE,545.0,545.0,545.0,545.0,0,19
2026-09-25 22:19:00,SENSEX,PE,73900.0,SENSEX26O0173900PE,340.05,340.05,340.05,340.05,0,19
2026-09-25 22:19:00,SENSEX,CE,74000.0,SENSEX26O0174000CE,484.1,484.1,484.1,484.1,0,19
2026-09-25 22:19:00,SENSEX,PE,74000.0,SENSEX26O0174000PE,388.5,388.5,388.5,388.5,0,19
2026-09-25 22:19:00,SENSEX,CE,74100.0,SENSEX26O0174100CE,424.65,424.65,424.65,424.65,0,19
2026-09-25 22:19:00,SENSEX,PE,74100.0,SENSEX26O0174100PE,424.05,424.05,424.05,424.05,0,19
2026-09-25 22:19:00,SENSEX,CE,74200.0,SENSEX26O0174200CE,380.4,380.4,380.4,380.4,0,19
2026-09-25 22:19:00,SENSEX,PE,74200.0,SENSEX26O0174200PE,484.8,484.8,484.8,484.8,0,19
2026-09-25 22:19:00,SENSEX,CE,74300.0,SENSEX26O0174300CE,333.5,333.5,333.5,333.5,0,19
2026-09-25 22:19:00,SENSEX,PE,74300.0,SENSEX26O0174300PE,523.2,523.2,523.2,523.2,0,19
2026-09-25 22:19:00,SENSEX,CE,74400.0,SENSEX26O0174400CE,285.6,285.6,285.6,285.6,0,19
2026-09-25 22:19:00,SENSEX,PE,74400.0,SENSEX26O0174400PE,583.55,583.55,583.55,583.55,0,19
2026-09-25 22:19:00,SENSEX,CE,74500.0,SENSEX26O0174500CE,249.2,249.2,249.2,249.2,0,19
2026-09-25 22:19:00,SENSEX,PE,74500.0,SENSEX26O0174500PE,636.0,636.0,636.0,636.0,0,19
2026-09-25 22:20:00,SENSEX,FUT,0.0,SENSEX26OCTFUT,74600.0,74600.0,74600.0,74600.0,0,8
2026-09-25 22:20:00,SENSEX,SPOT,0.0,SENSEX,73895.74,73895.74,73895.74,73895.74,0,8
2026-09-25 22:20:00,SENSEX,CE,73300.0,SENSEX26O0173300CE,965.55,965.55,965.55,965.55,0,8
2026-09-25 22:20:00,SENSEX,PE,73300.0,SENSEX26O0173300PE,166.0,166.0,166.0,166.0,0,8
2026-09-25 22:20:00,SENSEX,CE,73400.0,SENSEX26O0173400CE,893.45,893.45,893.45,893.45,0,8
2026-09-25 22:20:00,SENSEX,PE,73400.0,SENSEX26O0173400PE,187.65,187.65,187.65,187.65,0,8
2026-09-25 22:20:00,SENSEX,CE,73500.0,SENSEX26O0173500CE,801.0,801.0,801.0,801.0,0,8
2026-09-25 22:20:00,SENSEX,PE,73500.0,SENSEX26O0173500PE,211.85,211.85,211.85,211.85,0,8
2026-09-25 22:20:00,SENSEX,CE,73600.0,SENSEX26O0173600CE,721.5,721.5,721.5,721.5,0,8
2026-09-25 22:20:00,SENSEX,PE,73600.0,SENSEX26O0173600PE,235.3,235.3,235.3,235.3,0,8
2026-09-25 22:20:00,SENSEX,CE,73700.0,SENSEX26O0173700CE,655.0,655.0,655.0,655.0,0,8
2026-09-25 22:20:00,SENSEX,PE,73700.0,SENSEX26O0173700PE,270.0,270.0,270.0,270.0,0,8
2026-09-25 22:20:00,SENSEX,CE,73800.0,SENSEX26O0173800CE,607.2,607.2,607.2,607.2,0,8
2026-09-25 22:20:00,SENSEX,PE,73800.0,SENSEX26O0173800PE,304.0,304.0,304.0,304.0,0,8
2026-09-25 22:20:00,SENSEX,CE,73900.0,SENSEX26O0173900CE,545.0,545.0,545.0,545.0,0,8
2026-09-25 22:20:00,SENSEX,PE,73900.0,SENSEX26O0173900PE,340.05,340.05,340.05,340.05,0,8
2026-09-25 22:20:00,SENSEX,CE,74000.0,SENSEX26O0174000CE,484.1,484.1,484.1,484.1,0,8
2026-09-25 22:20:00,SENSEX,PE,74000.0,SENSEX26O0174000PE,388.5,388.5,388.5,388.5,0,8
2026-09-25 22:20:00,SENSEX,CE,74100.0,SENSEX26O0174100CE,424.65,424.65,424.65,424.65,0,8
2026-09-25 22:20:00,SENSEX,PE,74100.0,SENSEX26O0174100PE,424.05,424.05,424.05,424.05,0,8
2026-09-25 22:20:00,SENSEX,CE,74200.0,SENSEX26O0174200CE,380.4,380.4,380.4,380.4,0,8
2026-09-25 22:20:00,SENSEX,PE,74200.0,SENSEX26O0174200PE,484.8,484.8,484.8,484.8,0,8
2026-09-25 22:20:00,SENSEX,CE,74300.0,SENSEX26O0174300CE,333.5,333.5,333.5,333.5,0,8
2026-09-25 22:20:00,SENSEX,PE,74300.0,SENSEX26O0174300PE,523.2,523.2,523.2,523.2,0,8
2026-09-25 22:20:00,SENSEX,CE,74400.0,SENSEX26O0174400CE,285.6,285.6,285.6,285.6,0,8
2026-09-25 22:20:00,SENSEX,PE,74400.0,SENSEX26O0174400PE,583.55,583.55,583.55,583.55,0,8
2026-09-25 22:20:00,SENSEX,CE,74500.0,SENSEX26O0174500CE,249.2,249.2,249.2,249.2,0,8
2026-09-25 22:20:00,SENSEX,PE,74500.0,SENSEX26O0174500PE,636.0,636.0,636.0,636.0,0,8
2026-09-25 22:21:00,SENSEX,FUT,0.0,SENSEX26OCTFUT,74600.0,74600.0,74600.0,74600.0,0,11
2026-09-25 22:21:00,SENSEX,SPOT,0.0,SENSEX,73895.74,73895.74,73895.74,73895.74,0,11
2026-09-25 22:21:00,SENSEX,CE,73300.0,SENSEX26O0173300CE,965.55,965.55,965.55,965.55,0,11
2026-09-25 22:21:00,SENSEX,PE,73300.0,SENSEX26O0173300PE,166.0,166.0,166.0,166.0,0,11
2026-09-25 22:21:00,SENSEX,CE,73400.0,SENSEX26O0173400CE,893.45,893.45,893.45,893.45,0,11
2026-09-25 22:21:00,SENSEX,PE,73400.0,SENSEX26O0173400PE,187.65,187.65,187.65,187.65,0,11
2026-09-25 22:21:00,SENSEX,CE,73500.0,SENSEX26O0173500CE,801.0,801.0,801.0,801.0,0,11
2026-09-25 22:21:00,SENSEX,PE,73500.0,SENSEX26O0173500PE,211.85,211.85,211.85,211.85,0,11
2026-09-25 22:21:00,SENSEX,CE,73600.0,SENSEX26O0173600CE,721.5,721.5,721.5,721.5,0,11
2026-09-25 22:21:00,SENSEX,PE,73600.0,SENSEX26O0173600PE,235.3,235.3,235.3,235.3,0,11
2026-09-25 22:21:00,SENSEX,CE,73700.0,SENSEX26O0173700CE,655.0,655.0,655.0,655.0,0,11
2026-09-25 22:21:00,SENSEX,PE,73700.0,SENSEX26O0173700PE,270.0,270.0,270.0,270.0,0,11
2026-09-25 22:21:00,SENSEX,CE,73800.0,SENSEX26O0173800CE,607.2,607.2,607.2,607.2,0,11
2026-09-25 22:21:00,SENSEX,PE,73800.0,SENSEX26O0173800PE,304.0,304.0,304.0,304.0,0,11
2026-09-25 22:21:00,SENSEX,CE,73900.0,SENSEX26O0173900CE,545.0,545.0,545.0,545.0,0,11
2026-09-25 22:21:00,SENSEX,PE,73900.0,SENSEX26O0173900PE,340.05,340.05,340.05,340.05,0,11
2026-09-25 22:21:00,SENSEX,CE,74000.0,SENSEX26O0174000CE,484.1,484.1,484.1,484.1,0,11
2026-09-25 22:21:00,SENSEX,PE,74000.0,SENSEX26O0174000PE,388.5,388.5,388.5,388.5,0,11
2026-09-25 22:21:00,SENSEX,CE,74100.0,SENSEX26O0174100CE,424.65,424.65,424.65,424.65,0,11
2026-09-25 22:21:00,SENSEX,PE,74100.0,SENSEX26O0174100PE,424.05,424.05,424.05,424.05,0,11
2026-09-25 22:21:00,SENSEX,CE,74200.0,SENSEX26O0174200CE,380.4,380.4,380.4,380.4,0,11
2026-09-25 22:21:00,SENSEX,PE,74200.0,SENSEX26O0174200PE,484.8,484.8,484.8,484.8,0,11
2026-09-25 22:21:00,SENSEX,CE,74300.0,SENSEX26O0174300CE,333.5,333.5,333.5,333.5,0,11
2026-09-25 22:21:00,SENSEX,PE,74300.0,SENSEX26O0174300PE,523.2,523.2,523.2,523.2,0,11
2026-09-25 22:21:00,SENSEX,CE,74400.0,SENSEX26O0174400CE,285.6,285.6,285.6,285.6,0,11
2026-09-25 22:21:00,SENSEX,PE,74400.0,SENSEX26O0174400PE,583.55,583.55,583.55,583.55,0,11
2026-09-25 22:21:00,SENSEX,CE,74500.0,SENSEX26O0174500CE,249.2,249.2,249.2,249.2,0,11
2026-09-25 22:21:00,SENSEX,PE,74500.0,SENSEX26O0174500PE,636.0,636.0,636.0,636.0,0,11
2026-09-25 22:22:00,SENSEX,FUT,0.0,SENSEX26OCTFUT,74600.0,74600.0,74600.0,74600.0,0,18
2026-09-25 22:22:00,SENSEX,SPOT,0.0,SENSEX,73895.74,73895.74,73895.74,73895.74,0,18
2026-09-25 22:22:00,SENSEX,CE,73300.0,SENSEX26O0173300CE,965.55,965.55,965.55,965.55,0,18
2026-09-25 22:22:00,SENSEX,PE,73300.0,SENSEX26O0173300PE,166.0,166.0,166.0,166.0,0,18
2026-09-25 22:22:00,SENSEX,CE,73400.0,SENSEX26O0173400CE,893.45,893.45,893.45,893.45,0,18
2026-09-25 22:22:00,SENSEX,PE,73400.0,SENSEX26O0173400PE,187.65,187.65,187.65,187.65,0,18
2026-09-25 22:22:00,SENSEX,CE,73500.0,SENSEX26O0173500CE,801.0,801.0,801.0,801.0,0,18
2026-09-25 22:22:00,SENSEX,PE,73500.0,SENSEX26O0173500PE,211.85,211.85,211.85,211.85,0,18
2026-09-25 22:22:00,SENSEX,CE,73600.0,SENSEX26O0173600CE,721.5,721.5,721.5,721.5,0,18
2026-09-25 22:22:00,SENSEX,PE,73600.0,SENSEX26O0173600PE,235.3,235.3,235.3,235.3,0,18
2026-09-25 22:22:00,SENSEX,CE,73700.0,SENSEX26O0173700CE,655.0,655.0,655.0,655.0,0,18
2026-09-25 22:22:00,SENSEX,PE,73700.0,SENSEX26O0173700PE,270.0,270.0,270.0,270.0,0,18
2026-09-25 22:22:00,SENSEX,CE,73800.0,SENSEX26O0173800CE,607.2,607.2,607.2,607.2,0,18
2026-09-25 22:22:00,SENSEX,PE,73800.0,SENSEX26O0173800PE,304.0,304.0,304.0,304.0,0,18
2026-09-25 22:22:00,SENSEX,CE,73900.0,SENSEX26O0173900CE,545.0,545.0,545.0,545.0,0,18
2026-09-25 22:22:00,SENSEX,PE,73900.0,SENSEX26O0173900PE,340.05,340.05,340.05,340.05,0,18
2026-09-25 22:22:00,SENSEX,CE,74000.0,SENSEX26O0174000CE,484.1,484.1,484.1,484.1,0,18
2026-09-25 22:22:00,SENSEX,PE,74000.0,SENSEX26O0174000PE,388.5,388.5,388.5,388.5,0,18
2026-09-25 22:22:00,SENSEX,CE,74100.0,SENSEX26O0174100CE,424.65,424.65,424.65,424.65,0,18
2026-09-25 22:22:00,SENSEX,PE,74100.0,SENSEX26O0174100PE,424.05,424.05,424.05,424.05,0,18
2026-09-25 22:22:00,SENSEX,CE,74200.0,SENSEX26O0174200CE,380.4,380.4,380.4,380.4,0,18
2026-09-25 22:22:00,SENSEX,PE,74200.0,SENSEX26O0174200PE,484.8,484.8,484.8,484.8,0,18
2026-09-25 22:22:00,SENSEX,CE,74300.0,SENSEX26O0174300CE,333.5,333.5,333.5,333.5,0,18
2026-09-25 22:22:00,SENSEX,PE,74300.0,SENSEX26O0174300PE,523.2,523.2,523.2,523.2,0,18
2026-09-25 22:22:00,SENSEX,CE,74400.0,SENSEX26O0174400CE,285.6,285.6,285.6,285.6,0,18
2026-09-25 22:22:00,SENSEX,PE,74400.0,SENSEX26O0174400PE,583.55,583.55,583.55,583.55,0,18
2026-09-25 22:22:00,SENSEX,CE,74500.0,SENSEX26O0174500CE,249.2,249.2,249.2,249.2,0,18
2026-09-25 22:22:00,SENSEX,PE,74500.0,SENSEX26O0174500PE,636.0,636.0,636.0,636.0,0,18
2026-09-25 22:23:00,SENSEX,FUT,0.0,SENSEX26OCTFUT,74600.0,74600.0,74600.0,74600.0,0,19
2026-09-25 22:23:00,SENSEX,SPOT,0.0,SENSEX,73895.74,73895.74,73895.74,73895.74,0,19
2026-09-25 22:23:00,SENSEX,CE,73300.0,SENSEX26O0173300CE,965.55,965.55,965.55,965.55,0,19
2026-09-25 22:23:00,SENSEX,PE,73300.0,SENSEX26O0173300PE,166.0,166.0,166.0,166.0,0,19
2026-09-25 22:23:00,SENSEX,CE,73400.0,SENSEX26O0173400CE,893.45,893.45,893.45,893.45,0,19
2026-09-25 22:23:00,SENSEX,PE,73400.0,SENSEX26O0173400PE,187.65,187.65,187.65,187.65,0,19
2026-09-25 22:23:00,SENSEX,CE,73500.0,SENSEX26O0173500CE,801.0,801.0,801.0,801.0,0,19
2026-09-25 22:23:00,SENSEX,PE,73500.0,SENSEX26O0173500PE,211.85,211.85,211.85,211.85,0,19
2026-09-25 22:23:00,SENSEX,CE,73600.0,SENSEX26O0173600CE,721.5,721.5,721.5,721.5,0,19
2026-09-25 22:23:00,SENSEX,PE,73600.0,SENSEX26O0173600PE,235.3,235.3,235.3,235.3,0,19
2026-09-25 22:23:00,SENSEX,CE,73700.0,SENSEX26O0173700CE,655.0,655.0,655.0,655.0,0,19
2026-09-25 22:23:00,SENSEX,PE,73700.0,SENSEX26O0173700PE,270.0,270.0,270.0,270.0,0,19
2026-09-25 22:23:00,SENSEX,CE,73800.0,SENSEX26O0173800CE,607.2,607.2,607.2,607.2,0,19
2026-09-25 22:23:00,SENSEX,PE,73800.0,SENSEX26O0173800PE,304.0,304.0,304.0,304.0,0,19
2026-09-25 22:23:00,SENSEX,CE,73900.0,SENSEX26O0173900CE,545.0,545.0,545.0,545.0,0,19
2026-09-25 22:23:00,SENSEX,PE,73900.0,SENSEX26O0173900PE,340.05,340.05,340.05,340.05,0,19
2026-09-25 22:23:00,SENSEX,CE,74000.0,SENSEX26O0174000CE,484.1,484.1,484.1,484.1,0,19
2026-09-25 22:23:00,SENSEX,PE,74000.0,SENSEX26O0174000PE,388.5,388.5,388.5,388.5,0,19
2026-09-25 22:23:00,SENSEX,CE,74100.0,SENSEX26O0174100CE,424.65,424.65,424.65,424.65,0,19
2026-09-25 22:23:00,SENSEX,PE,74100.0,SENSEX26O0174100PE,424.05,424.05,424.05,424.05,0,19
2026-09-25 22:23:00,SENSEX,CE,74200.0,SENSEX26O0174200CE,380.4,380.4,380.4,380.4,0,19
2026-09-25 22:23:00,SENSEX,PE,74200.0,SENSEX26O0174200PE,484.8,484.8,484.8,484.8,0,19
2026-09-25 22:23:00,SENSEX,CE,74300.0,SENSEX26O0174300CE,333.5,333.5,333.5,333.5,0,19
2026-09-25 22:23:00,SENSEX,PE,74300.0,SENSEX26O0174300PE,523.2,523.2,523.2,523.2,0,19
2026-09-25 22:23:00,SENSEX,CE,74400.0,SENSEX26O0174400CE,285.6,285.6,285.6,285.6,0,19
2026-09-25 22:23:00,SENSEX,PE,74400.0,SENSEX26O0174400PE,583.55,583.55,583.55,583.55,0,19
2026-09-25 22:23:00,SENSEX,CE,74500.0,SENSEX26O0174500CE,249.2,249.2,249.2,249.2,0,19
2026-09-25 22:23:00,SENSEX,PE,74500.0,SENSEX26O0174500PE,636.0,636.0,636.0,636.0,0,19
2026-09-25 22:24:00,SENSEX,FUT,0.0,SENSEX26OCTFUT,74600.0,74600.0,74600.0,74600.0,0,19
2026-09-25 22:24:00,SENSEX,SPOT,0.0,SENSEX,73895.74,73895.74,73895.74,73895.74,0,19
2026-09-25 22:24:00,SENSEX,CE,73300.0,SENSEX26O0173300CE,965.55,965.55,965.55,965.55,0,19
2026-09-25 22:24:00,SENSEX,PE,73300.0,SENSEX26O0173300PE,166.0,166.0,166.0,166.0,0,19
2026-09-25 22:24:00,SENSEX,CE,73400.0,SENSEX26O0173400CE,893.45,893.45,893.45,893.45,0,19
2026-09-25 22:24:00,SENSEX,PE,73400.0,SENSEX26O0173400PE,187.65,187.65,187.65,187.65,0,19
2026-09-25 22:24:00,SENSEX,CE,73500.0,SENSEX26O0173500CE,801.0,801.0,801.0,801.0,0,19
2026-09-25 22:24:00,SENSEX,PE,73500.0,SENSEX26O0173500PE,211.85,211.85,211.85,211.85,0,19
2026-09-25 22:24:00,SENSEX,CE,73600.0,SENSEX26O0173600CE,721.5,721.5,721.5,721.5,0,19
2026-09-25 22:24:00,SENSEX,PE,73600.0,SENSEX26O0173600PE,235.3,235.3,235.3,235.3,0,19
2026-09-25 22:24:00,SENSEX,CE,73700.0,SENSEX26O0173700CE,655.0,655.0,655.0,655.0,0,19
2026-09-25 22:24:00,SENSEX,PE,73700.0,SENSEX26O0173700PE,270.0,270.0,270.0,270.0,0,19
2026-09-25 22:24:00,SENSEX,CE,73800.0,SENSEX26O0173800CE,607.2,607.2,607.2,607.2,0,19
2026-09-25 22:24:00,SENSEX,PE,73800.0,SENSEX26O0173800PE,304.0,304.0,304.0,304.0,0,19
2026-09-25 22:24:00,SENSEX,CE,73900.0,SENSEX26O0173900CE,545.0,545.0,545.0,545.0,0,19
2026-09-25 22:24:00,SENSEX,PE,73900.0,SENSEX26O0173900PE,340.05,340.05,340.05,340.05,0,19
2026-09-25 22:24:00,SENSEX,CE,74000.0,SENSEX26O0174000CE,484.1,484.1,484.1,484.1,0,19
2026-09-25 22:24:00,SENSEX,PE,74000.0,SENSEX26O0174000PE,388.5,388.5,388.5,388.5,0,19
2026-09-25 22:24:00,SENSEX,CE,74100.0,SENSEX26O0174100CE,424.65,424.65,424.65,424.65,0,19
2026-09-25 22:24:00,SENSEX,PE,74100.0,SENSEX26O0174100PE,424.05,424.05,424.05,424.05,0,19
2026-09-25 22:24:00,SENSEX,CE,74200.0,SENSEX26O0174200CE,380.4,380.4,380.4,380.4,0,19
2026-09-25 22:24:00,SENSEX,PE,74200.0,SENSEX26O0174200PE,484.8,484.8,484.8,484.8,0,19
2026-09-25 22:24:00,SENSEX,CE,74300.0,SENSEX26O0174300CE,333.5,333.5,333.5,333.5,0,19
2026-09-25 22:24:00,SENSEX,PE,74300.0,SENSEX26O0174300PE,523.2,523.2,523.2,523.2,0,19
2026-09-25 22:24:00,SENSEX,CE,74400.0,SENSEX26O0174400CE,285.6,285.6,285.6,285.6,0,19
2026-09-25 22:24:00,SENSEX,PE,74400.0,SENSEX26O0174400PE,583.55,583.55,583.55,583.55,0,19
2026-09-25 22:24:00,SENSEX,CE,74500.0,SENSEX26O0174500CE,249.2,249.2,249.2,249.2,0,19
2026-09-25 22:24:00,SENSEX,PE,74500.0,SENSEX26O0174500PE,636.0,636.0,636.0,636.0,0,19
2026-09-25 22:25:00,SENSEX,FUT,0.0,SENSEX26OCTFUT,74600.0,74600.0,74600.0,74600.0,0,19
2026-09-25 22:25:00,SENSEX,SPOT,0.0,SENSEX,73895.74,73895.74,73895.74,73895.74,0,19
2026-09-25 22:25:00,SENSEX,CE,73300.0,SENSEX26O0173300CE,965.55,965.55,965.55,965.55,0,19
2026-09-25 22:25:00,SENSEX,PE,73300.0,SENSEX26O0173300PE,166.0,166.0,166.0,166.0,0,19
2026-09-25 22:25:00,SENSEX,CE,73400.0,SENSEX26O0173400CE,893.45,893.45,893.45,893.45,0,19
2026-09-25 22:25:00,SENSEX,PE,73400.0,SENSEX26O0173400PE,187.65,187.65,187.65,187.65,0,19
2026-09-25 22:25:00,SENSEX,CE,73500.0,SENSEX26O0173500CE,801.0,801.0,801.0,801.0,0,19
2026-09-25 22:25:00,SENSEX,PE,73500.0,SENSEX26O0173500PE,211.85,211.85,211.85,211.85,0,19
2026-09-25 22:25:00,SENSEX,CE,73600.0,SENSEX26O0173600CE,721.5,721.5,721.5,721.5,0,19
2026-09-25 22:25:00,SENSEX,PE,73600.0,SENSEX26O0173600PE,235.3,235.3,235.3,235.3,0,19
2026-09-25 22:25:00,SENSEX,CE,73700.0,SENSEX26O0173700CE,655.0,655.0,655.0,655.0,0,19
2026-09-25 22:25:00,SENSEX,PE,73700.0,SENSEX26O0173700PE,270.0,270.0,270.0,270.0,0,19
2026-09-25 22:25:00,SENSEX,CE,73800.0,SENSEX26O0173800CE,607.2,607.2,607.2,607.2,0,19
2026-09-25 22:25:00,SENSEX,PE,73800.0,SENSEX26O0173800PE,304.0,304.0,304.0,304.0,0,19
2026-09-25 22:25:00,SENSEX,CE,73900.0,SENSEX26O0173900CE,545.0,545.0,545.0,545.0,0,19
2026-09-25 22:25:00,SENSEX,PE,73900.0,SENSEX26O0173900PE,340.05,340.05,340.05,340.05,0,19
2026-09-25 22:25:00,SENSEX,CE,74000.0,SENSEX26O0174000CE,484.1,484.1,484.1,484.1,0,19
2026-09-25 22:25:00,SENSEX,PE,74000.0,SENSEX26O0174000PE,388.5,388.5,388.5,388.5,0,19
2026-09-25 22:25:00,SENSEX,CE,74100.0,SENSEX26O0174100CE,424.65,424.65,424.65,424.65,0,19
2026-09-25 22:25:00,SENSEX,PE,74100.0,SENSEX26O0174100PE,424.05,424.05,424.05,424.05,0,19
2026-09-25 22:25:00,SENSEX,CE,74200.0,SENSEX26O0174200CE,380.4,380.4,380.4,380.4,0,19
2026-09-25 22:25:00,SENSEX,PE,74200.0,SENSEX26O0174200PE,484.8,484.8,484.8,484.8,0,19
2026-09-25 22:25:00,SENSEX,CE,74300.0,SENSEX26O0174300CE,333.5,333.5,333.5,333.5,0,19
2026-09-25 22:25:00,SENSEX,PE,74300.0,SENSEX26O0174300PE,523.2,523.2,523.2,523.2,0,19
2026-09-25 22:25:00,SENSEX,CE,74400.0,SENSEX26O0174400CE,285.6,285.6,285.6,285.6,0,19
2026-09-25 22:25:00,SENSEX,PE,74400.0,SENSEX26O0174400PE,583.55,583.55,583.55,583.55,0,19
2026-09-25 22:25:00,SENSEX,CE,74500.0,SENSEX26O0174500CE,249.2,249.2,249.2,249.2,0,19
2026-09-25 22:25:00,SENSEX,PE,74500.0,SENSEX26O0174500PE,636.0,636.0,636.0,636.0,0,19
2026-09-25 22:26:00,SENSEX,FUT,0.0,SENSEX26OCTFUT,74600.0,74600.0,74600.0,74600.0,0,18
2026-09-25 22:26:00,SENSEX,SPOT,0.0,SENSEX,73895.74,73895.74,73895.74,73895.74,0,18
2026-09-25 22:26:00,SENSEX,CE,73300.0,SENSEX26O0173300CE,965.55,965.55,965.55,965.55,0,18
2026-09-25 22:26:00,SENSEX,PE,73300.0,SENSEX26O0173300PE,166.0,166.0,166.0,166.0,0,18
2026-09-25 22:26:00,SENSEX,CE,73400.0,SENSEX26O0173400CE,893.45,893.45,893.45,893.45,0,18
2026-09-25 22:26:00,SENSEX,PE,73400.0,SENSEX26O0173400PE,187.65,187.65,187.65,187.65,0,18
2026-09-25 22:26:00,SENSEX,CE,73500.0,SENSEX26O0173500CE,801.0,801.0,801.0,801.0,0,18
2026-09-25 22:26:00,SENSEX,PE,73500.0,SENSEX26O0173500PE,211.85,211.85,211.85,211.85,0,18
2026-09-25 22:26:00,SENSEX,CE,73600.0,SENSEX26O0173600CE,721.5,721.5,721.5,721.5,0,18
2026-09-25 22:26:00,SENSEX,PE,73600.0,SENSEX26O0173600PE,235.3,235.3,235.3,235.3,0,18
2026-09-25 22:26:00,SENSEX,CE,73700.0,SENSEX26O0173700CE,655.0,655.0,655.0,655.0,0,18
2026-09-25 22:26:00,SENSEX,PE,73700.0,SENSEX26O0173700PE,270.0,270.0,270.0,270.0,0,18
2026-09-25 22:26:00,SENSEX,CE,73800.0,SENSEX26O0173800CE,607.2,607.2,607.2,607.2,0,18
2026-09-25 22:26:00,SENSEX,PE,73800.0,SENSEX26O0173800PE,304.0,304.0,304.0,304.0,0,18
2026-09-25 22:26:00,SENSEX,CE,73900.0,SENSEX26O0173900CE,545.0,545.0,545.0,545.0,0,18
2026-09-25 22:26:00,SENSEX,PE,73900.0,SENSEX26O0173900PE,340.05,340.05,340.05,340.05,0,18
2026-09-25 22:26:00,SENSEX,CE,74000.0,SENSEX26O0174000CE,484.1,484.1,484.1,484.1,0,18
2026-09-25 22:26:00,SENSEX,PE,74000.0,SENSEX26O0174000PE,388.5,388.5,388.5,388.5,0,18
2026-09-25 22:26:00,SENSEX,CE,74100.0,SENSEX26O0174100CE,424.65,424.65,424.65,424.65,0,18
2026-09-25 22:26:00,SENSEX,PE,74100.0,SENSEX26O0174100PE,424.05,424.05,424.05,424.05,0,18
2026-09-25 22:26:00,SENSEX,CE,74200.0,SENSEX26O0174200CE,380.4,380.4,380.4,380.4,0,18
2026-09-25 22:26:00,SENSEX,PE,74200.0,SENSEX26O0174200PE,484.8,484.8,484.8,484.8,0,18
2026-09-25 22:26:00,SENSEX,CE,74300.0,SENSEX26O0174300CE,333.5,333.5,333.5,333.5,0,18
2026-09-25 22:26:00,SENSEX,PE,74300.0,SENSEX26O0174300PE,523.2,523.2,523.2,523.2,0,18
2026-09-25 22:26:00,SENSEX,CE,74400.0,SENSEX26O0174400CE,285.6,285.6,285.6,285.6,0,18
2026-09-25 22:26:00,SENSEX,PE,74400.0,SENSEX26O0174400PE,583.55,583.55,583.55,583.55,0,18
2026-09-25 22:26:00,SENSEX,CE,74500.0,SENSEX26O0174500CE,249.2,249.2,249.2,249.2,0,18
2026-09-25 22:26:00,SENSEX,PE,74500.0,SENSEX26O0174500PE,636.0,636.0,636.0,636.0,0,18
2026-09-25 22:27:00,SENSEX,FUT,0.0,SENSEX26OCTFUT,74600.0,74600.0,74600.0,74600.0,0,19
2026-09-25 22:27:00,SENSEX,SPOT,0.0,SENSEX,73895.74,73895.74,73895.74,73895.74,0,19
2026-09-25 22:27:00,SENSEX,CE,73300.0,SENSEX26O0173300CE,965.55,965.55,965.55,965.55,0,19
2026-09-25 22:27:00,SENSEX,PE,73300.0,SENSEX26O0173300PE,166.0,166.0,166.0,166.0,0,19
2026-09-25 22:27:00,SENSEX,CE,73400.0,SENSEX26O0173400CE,893.45,893.45,893.45,893.45,0,19
2026-09-25 22:27:00,SENSEX,PE,73400.0,SENSEX26O0173400PE,187.65,187.65,187.65,187.65,0,19
2026-09-25 22:27:00,SENSEX,CE,73500.0,SENSEX26O0173500CE,801.0,801.0,801.0,801.0,0,19
2026-09-25 22:27:00,SENSEX,PE,73500.0,SENSEX26O0173500PE,211.85,211.85,211.85,211.85,0,19
2026-09-25 22:27:00,SENSEX,CE,73600.0,SENSEX26O0173600CE,721.5,721.5,721.5,721.5,0,19
2026-09-25 22:27:00,SENSEX,PE,73600.0,SENSEX26O0173600PE,235.3,235.3,235.3,235.3,0,19
2026-09-25 22:27:00,SENSEX,CE,73700.0,SENSEX26O0173700CE,655.0,655.0,655.0,655.0,0,19
2026-09-25 22:27:00,SENSEX,PE,73700.0,SENSEX26O0173700PE,270.0,270.0,270.0,270.0,0,19
2026-09-25 22:27:00,SENSEX,CE,73800.0,SENSEX26O0173800CE,607.2,607.2,607.2,607.2,0,19
2026-09-25 22:27:00,SENSEX,PE,73800.0,SENSEX26O0173800PE,304.0,304.0,304.0,304.0,0,19
2026-09-25 22:27:00,SENSEX,CE,73900.0,SENSEX26O0173900CE,545.0,545.0,545.0,545.0,0,19
2026-09-25 22:27:00,SENSEX,PE,73900.0,SENSEX26O0173900PE,340.05,340.05,340.05,340.05,0,19
2026-09-25 22:27:00,SENSEX,CE,74000.0,SENSEX26O0174000CE,484.1,484.1,484.1,484.1,0,19
2026-09-25 22:27:00,SENSEX,PE,74000.0,SENSEX26O0174000PE,388.5,388.5,388.5,388.5,0,19
2026-09-25 22:27:00,SENSEX,CE,74100.0,SENSEX26O0174100CE,424.65,424.65,424.65,424.65,0,19
2026-09-25 22:27:00,SENSEX,PE,74100.0,SENSEX26O0174100PE,424.05,424.05,424.05,424.05,0,19
2026-09-25 22:27:00,SENSEX,CE,74200.0,SENSEX26O0174200CE,380.4,380.4,380.4,380.4,0,19
2026-09-25 22:27:00,SENSEX,PE,74200.0,SENSEX26O0174200PE,484.8,484.8,484.8,484.8,0,19
2026-09-25 22:27:00,SENSEX,CE,74300.0,SENSEX26O0174300CE,333.5,333.5,333.5,333.5,0,19
2026-09-25 22:27:00,SENSEX,PE,74300.0,SENSEX26O0174300PE,523.2,523.2,523.2,523.2,0,19
2026-09-25 22:27:00,SENSEX,CE,74400.0,SENSEX26O0174400CE,285.6,285.6,285.6,285.6,0,19
2026-09-25 22:27:00,SENSEX,PE,74400.0,SENSEX26O0174400PE,583.55,583.55,583.55,583.55,0,19
2026-09-25 22:27:00,SENSEX,CE,74500.0,SENSEX26O0174500CE,249.2,249.2,249.2,249.2,0,19
2026-09-25 22:27:00,SENSEX,PE,74500.0,SENSEX26O0174500PE,636.0,636.0,636.0,636.0,0,19
2026-09-25 22:28:00,SENSEX,FUT,0.0,SENSEX26OCTFUT,74600.0,74600.0,74600.0,74600.0,0,19
2026-09-25 22:28:00,SENSEX,SPOT,0.0,SENSEX,73895.74,73895.74,73895.74,73895.74,0,19
2026-09-25 22:28:00,SENSEX,CE,73300.0,SENSEX26O0173300CE,965.55,965.55,965.55,965.55,0,19
2026-09-25 22:28:00,SENSEX,PE,73300.0,SENSEX26O0173300PE,166.0,166.0,166.0,166.0,0,19
2026-09-25 22:28:00,SENSEX,CE,73400.0,SENSEX26O0173400CE,893.45,893.45,893.45,893.45,0,19
2026-09-25 22:28:00,SENSEX,PE,73400.0,SENSEX26O0173400PE,187.65,187.65,187.65,187.65,0,19
2026-09-25 22:28:00,SENSEX,CE,73500.0,SENSEX26O0173500CE,801.0,801.0,801.0,801.0,0,19
2026-09-25 22:28:00,SENSEX,PE,73500.0,SENSEX26O0173500PE,211.85,211.85,211.85,211.85,0,19
2026-09-25 22:28:00,SENSEX,CE,73600.0,SENSEX26O0173600CE,721.5,721.5,721.5,721.5,0,19
2026-09-25 22:28:00,SENSEX,PE,73600.0,SENSEX26O0173600PE,235.3,235.3,235.3,235.3,0,19
2026-09-25 22:28:00,SENSEX,CE,73700.0,SENSEX26O0173700CE,655.0,655.0,655.0,655.0,0,19
2026-09-25 22:28:00,SENSEX,PE,73700.0,SENSEX26O0173700PE,270.0,270.0,270.0,270.0,0,19
2026-09-25 22:28:00,SENSEX,CE,73800.0,SENSEX26O0173800CE,607.2,607.2,607.2,607.2,0,19
2026-09-25 22:28:00,SENSEX,PE,73800.0,SENSEX26O0173800PE,304.0,304.0,304.0,304.0,0,19
2026-09-25 22:28:00,SENSEX,CE,73900.0,SENSEX26O0173900CE,545.0,545.0,545.0,545.0,0,19
2026-09-25 22:28:00,SENSEX,PE,73900.0,SENSEX26O0173900PE,340.05,340.05,340.05,340.05,0,19
2026-09-25 22:28:00,SENSEX,CE,74000.0,SENSEX26O0174000CE,484.1,484.1,484.1,484.1,0,19
2026-09-25 22:28:00,SENSEX,PE,74000.0,SENSEX26O0174000PE,388.5,388.5,388.5,388.5,0,19
2026-09-25 22:28:00,SENSEX,CE,74100.0,SENSEX26O0174100CE,424.65,424.65,424.65,424.65,0,19
2026-09-25 22:28:00,SENSEX,PE,74100.0,SENSEX26O0174100PE,424.05,424.05,424.05,424.05,0,19
2026-09-25 22:28:00,SENSEX,CE,74200.0,SENSEX26O0174200CE,380.4,380.4,380.4,380.4,0,19
2026-09-25 22:28:00,SENSEX,PE,74200.0,SENSEX26O0174200PE,484.8,484.8,484.8,484.8,0,19
2026-09-25 22:28:00,SENSEX,CE,74300.0,SENSEX26O0174300CE,333.5,333.5,333.5,333.5,0,19
2026-09-25 22:28:00,SENSEX,PE,74300.0,SENSEX26O0174300PE,523.2,523.2,523.2,523.2,0,19
2026-09-25 22:28:00,SENSEX,CE,74400.0,SENSEX26O0174400CE,285.6,285.6,285.6,285.6,0,19
2026-09-25 22:28:00,SENSEX,PE,74400.0,SENSEX26O0174400PE,583.55,583.55,583.55,583.55,0,19
2026-09-25 22:28:00,SENSEX,CE,74500.0,SENSEX26O0174500CE,249.2,249.2,249.2,249.2,0,19
2026-09-25 22:28:00,SENSEX,PE,74500.0,SENSEX26O0174500PE,636.0,636.0,636.0,636.0,0,19
2026-09-25 22:29:00,SENSEX,FUT,0.0,SENSEX26OCTFUT,74600.0,74600.0,74600.0,74600.0,0,19
2026-09-25 22:29:00,SENSEX,SPOT,0.0,SENSEX,73895.74,73895.74,73895.74,73895.74,0,19
2026-09-25 22:29:00,SENSEX,CE,73300.0,SENSEX26O0173300CE,965.55,965.55,965.55,965.55,0,19
2026-09-25 22:29:00,SENSEX,PE,73300.0,SENSEX26O0173300PE,166.0,166.0,166.0,166.0,0,19
2026-09-25 22:29:00,SENSEX,CE,73400.0,SENSEX26O0173400CE,893.45,893.45,893.45,893.45,0,19
2026-09-25 22:29:00,SENSEX,PE,73400.0,SENSEX26O0173400PE,187.65,187.65,187.65,187.65,0,19
2026-09-25 22:29:00,SENSEX,CE,73500.0,SENSEX26O0173500CE,801.0,801.0,801.0,801.0,0,19
2026-09-25 22:29:00,SENSEX,PE,73500.0,SENSEX26O0173500PE,211.85,211.85,211.85,211.85,0,19
2026-09-25 22:29:00,SENSEX,CE,73600.0,SENSEX26O0173600CE,721.5,721.5,721.5,721.5,0,19
2026-09-25 22:29:00,SENSEX,PE,73600.0,SENSEX26O0173600PE,235.3,235.3,235.3,235.3,0,19
2026-09-25 22:29:00,SENSEX,CE,73700.0,SENSEX26O0173700CE,655.0,655.0,655.0,655.0,0,19
2026-09-25 22:29:00,SENSEX,PE,73700.0,SENSEX26O0173700PE,270.0,270.0,270.0,270.0,0,19
2026-09-25 22:29:00,SENSEX,CE,73800.0,SENSEX26O0173800CE,607.2,607.2,607.2,607.2,0,19
2026-09-25 22:29:00,SENSEX,PE,73800.0,SENSEX26O0173800PE,304.0,304.0,304.0,304.0,0,19
2026-09-25 22:29:00,SENSEX,CE,73900.0,SENSEX26O0173900CE,545.0,545.0,545.0,545.0,0,19
2026-09-25 22:29:00,SENSEX,PE,73900.0,SENSEX26O0173900PE,340.05,340.05,340.05,340.05,0,19
2026-09-25 22:29:00,SENSEX,CE,74000.0,SENSEX26O0174000CE,484.1,484.1,484.1,484.1,0,19
2026-09-25 22:29:00,SENSEX,PE,74000.0,SENSEX26O0174000PE,388.5,388.5,388.5,388.5,0,19
2026-09-25 22:29:00,SENSEX,CE,74100.0,SENSEX26O0174100CE,424.65,424.65,424.65,424.65,0,19
2026-09-25 22:29:00,SENSEX,PE,74100.0,SENSEX26O0174100PE,424.05,424.05,424.05,424.05,0,19
2026-09-25 22:29:00,SENSEX,CE,74200.0,SENSEX26O0174200CE,380.4,380.4,380.4,380.4,0,19
2026-09-25 22:29:00,SENSEX,PE,74200.0,SENSEX26O0174200PE,484.8,484.8,484.8,484.8,0,19
2026-09-25 22:29:00,SENSEX,CE,74300.0,SENSEX26O0174300CE,333.5,333.5,333.5,333.5,0,19
2026-09-25 22:29:00,SENSEX,PE,74300.0,SENSEX26O0174300PE,523.2,523.2,523.2,523.2,0,19
2026-09-25 22:29:00,SENSEX,CE,74400.0,SENSEX26O0174400CE,285.6,285.6,285.6,285.6,0,19
2026-09-25 22:29:00,SENSEX,PE,74400.0,SENSEX26O0174400PE,583.55,583.55,583.55,583.55,0,19
2026-09-25 22:29:00,SENSEX,CE,74500.0,SENSEX26O0174500CE,249.2,249.2,249.2,249.2,0,19
2026-09-25 22:29:00,SENSEX,PE,74500.0,SENSEX26O0174500PE,636.0,636.0,636.0,636.0,0,19
2026-09-25 22:30:00,SENSEX,FUT,0.0,SENSEX26OCTFUT,74600.0,74600.0,74600.0,74600.0,0,19
2026-09-25 22:30:00,SENSEX,SPOT,0.0,SENSEX,73895.74,73895.74,73895.74,73895.74,0,19
2026-09-25 22:30:00,SENSEX,CE,73300.0,SENSEX26O0173300CE,965.55,965.55,965.55,965.55,0,19
2026-09-25 22:30:00,SENSEX,PE,73300.0,SENSEX26O0173300PE,166.0,166.0,166.0,166.0,0,19
2026-09-25 22:30:00,SENSEX,CE,73400.0,SENSEX26O0173400CE,893.45,893.45,893.45,893.45,0,19
2026-09-25 22:30:00,SENSEX,PE,73400.0,SENSEX26O0173400PE,187.65,187.65,187.65,187.65,0,19
2026-09-25 22:30:00,SENSEX,CE,73500.0,SENSEX26O0173500CE,801.0,801.0,801.0,801.0,0,19
2026-09-25 22:30:00,SENSEX,PE,73500.0,SENSEX26O0173500PE,211.85,211.85,211.85,211.85,0,19
2026-09-25 22:30:00,SENSEX,CE,73600.0,SENSEX26O0173600CE,721.5,721.5,721.5,721.5,0,19
2026-09-25 22:30:00,SENSEX,PE,73600.0,SENSEX26O0173600PE,235.3,235.3,235.3,235.3,0,19
2026-09-25 22:30:00,SENSEX,CE,73700.0,SENSEX26O0173700CE,655.0,655.0,655.0,655.0,0,19
2026-09-25 22:30:00,SENSEX,PE,73700.0,SENSEX26O0173700PE,270.0,270.0,270.0,270.0,0,19
2026-09-25 22:30:00,SENSEX,CE,73800.0,SENSEX26O0173800CE,607.2,607.2,607.2,607.2,0,19
2026-09-25 22:30:00,SENSEX,PE,73800.0,SENSEX26O0173800PE,304.0,304.0,304.0,304.0,0,19
2026-09-25 22:30:00,SENSEX,CE,73900.0,SENSEX26O0173900CE,545.0,545.0,545.0,545.0,0,19
2026-09-25 22:30:00,SENSEX,PE,73900.0,SENSEX26O0173900PE,340.05,340.05,340.05,340.05,0,19
2026-09-25 22:30:00,SENSEX,CE,74000.0,SENSEX26O0174000CE,484.1,484.1,484.1,484.1,0,19
2026-09-25 22:30:00,SENSEX,PE,74000.0,SENSEX26O0174000PE,388.5,388.5,388.5,388.5,0,19
2026-09-25 22:30:00,SENSEX,CE,74100.0,SENSEX26O0174100CE,424.65,424.65,424.65,424.65,0,19
2026-09-25 22:30:00,SENSEX,PE,74100.0,SENSEX26O0174100PE,424.05,424.05,424.05,424.05,0,19
2026-09-25 22:30:00,SENSEX,CE,74200.0,SENSEX26O0174200CE,380.4,380.4,380.4,380.4,0,19
2026-09-25 22:30:00,SENSEX,PE,74200.0,SENSEX26O0174200PE,484.8,484.8,484.8,484.8,0,19
2026-09-25 22:30:00,SENSEX,CE,74300.0,SENSEX26O0174300CE,333.5,333.5,333.5,333.5,0,19
2026-09-25 22:30:00,SENSEX,PE,74300.0,SENSEX26O0174300PE,523.2,523.2,523.2,523.2,0,19
2026-09-25 22:30:00,SENSEX,CE,74400.0,SENSEX26O0174400CE,285.6,285.6,285.6,285.6,0,19
2026-09-25 22:30:00,SENSEX,PE,74400.0,SENSEX26O0174400PE,583.55,583.55,583.55,583.55,0,19
2026-09-25 22:30:00,SENSEX,CE,74500.0,SENSEX26O0174500CE,249.2,249.2,249.2,249.2,0,19
2026-09-25 22:30:00,SENSEX,PE,74500.0,SENSEX26O0174500PE,636.0,636.0,636.0,636.0,0,19
2026-09-25 22:31:00,SENSEX,FUT,0.0,SENSEX26OCTFUT,74600.0,74600.0,74600.0,74600.0,0,19
2026-09-25 22:31:00,SENSEX,SPOT,0.0,SENSEX,73895.74,73895.74,73895.74,73895.74,0,19
2026-09-25 22:31:00,SENSEX,CE,73300.0,SENSEX26O0173300CE,965.55,965.55,965.55,965.55,0,19
2026-09-25 22:31:00,SENSEX,PE,73300.0,SENSEX26O0173300PE,166.0,166.0,166.0,166.0,0,19
2026-09-25 22:31:00,SENSEX,CE,73400.0,SENSEX26O0173400CE,893.45,893.45,893.45,893.45,0,19
2026-09-25 22:31:00,SENSEX,PE,73400.0,SENSEX26O0173400PE,187.65,187.65,187.65,187.65,0,19
2026-09-25 22:31:00,SENSEX,CE,73500.0,SENSEX26O0173500CE,801.0,801.0,801.0,801.0,0,19
2026-09-25 22:31:00,SENSEX,PE,73500.0,SENSEX26O0173500PE,211.85,211.85,211.85,211.85,0,19
2026-09-25 22:31:00,SENSEX,CE,73600.0,SENSEX26O0173600CE,721.5,721.5,721.5,721.5,0,19
2026-09-25 22:31:00,SENSEX,PE,73600.0,SENSEX26O0173600PE,235.3,235.3,235.3,235.3,0,19
2026-09-25 22:31:00,SENSEX,CE,73700.0,SENSEX26O0173700CE,655.0,655.0,655.0,655.0,0,19
2026-09-25 22:31:00,SENSEX,PE,73700.0,SENSEX26O0173700PE,270.0,270.0,270.0,270.0,0,19
2026-09-25 22:31:00,SENSEX,CE,73800.0,SENSEX26O0173800CE,607.2,607.2,607.2,607.2,0,19
2026-09-25 22:31:00,SENSEX,PE,73800.0,SENSEX26O0173800PE,304.0,304.0,304.0,304.0,0,19
2026-09-25 22:31:00,SENSEX,CE,73900.0,SENSEX26O0173900CE,545.0,545.0,545.0,545.0,0,19
2026-09-25 22:31:00,SENSEX,PE,73900.0,SENSEX26O0173900PE,340.05,340.05,340.05,340.05,0,19
2026-09-25 22:31:00,SENSEX,CE,74000.0,SENSEX26O0174000CE,484.1,484.1,484.1,484.1,0,19
2026-09-25 22:31:00,SENSEX,PE,74000.0,SENSEX26O0174000PE,388.5,388.5,388.5,388.5,0,19
2026-09-25 22:31:00,SENSEX,CE,74100.0,SENSEX26O0174100CE,424.65,424.65,424.65,424.65,0,19
2026-09-25 22:31:00,SENSEX,PE,74100.0,SENSEX26O0174100PE,424.05,424.05,424.05,424.05,0,19
2026-09-25 22:31:00,SENSEX,CE,74200.0,SENSEX26O0174200CE,380.4,380.4,380.4,380.4,0,19
2026-09-25 22:31:00,SENSEX,PE,74200.0,SENSEX26O0174200PE,484.8,484.8,484.8,484.8,0,19
2026-09-25 22:31:00,SENSEX,CE,74300.0,SENSEX26O0174300CE,333.5,333.5,333.5,333.5,0,19
2026-09-25 22:31:00,SENSEX,PE,74300.0,SENSEX26O0174300PE,523.2,523.2,523.2,523.2,0,19
2026-09-25 22:31:00,SENSEX,CE,74400.0,SENSEX26O0174400CE,285.6,285.6,285.6,285.6,0,19
2026-09-25 22:31:00,SENSEX,PE,74400.0,SENSEX26O0174400PE,583.55,583.55,583.55,583.55,0,19
2026-09-25 22:31:00,SENSEX,CE,74500.0,SENSEX26O0174500CE,249.2,249.2,249.2,249.2,0,19
2026-09-25 22:31:00,SENSEX,PE,74500.0,SENSEX26O0174500PE,636.0,636.0,636.0,636.0,0,19
2026-09-25 22:32:00,SENSEX,FUT,0.0,SENSEX26OCTFUT,74600.0,74600.0,74600.0,74600.0,0,19
2026-09-25 22:32:00,SENSEX,SPOT,0.0,SENSEX,73895.74,73895.74,73895.74,73895.74,0,19
2026-09-25 22:32:00,SENSEX,CE,73300.0,SENSEX26O0173300CE,965.55,965.55,965.55,965.55,0,19
2026-09-25 22:32:00,SENSEX,PE,73300.0,SENSEX26O0173300PE,166.0,166.0,166.0,166.0,0,19
2026-09-25 22:32:00,SENSEX,CE,73400.0,SENSEX26O0173400CE,893.45,893.45,893.45,893.45,0,19
2026-09-25 22:32:00,SENSEX,PE,73400.0,SENSEX26O0173400PE,187.65,187.65,187.65,187.65,0,19
2026-09-25 22:32:00,SENSEX,CE,73500.0,SENSEX26O0173500CE,801.0,801.0,801.0,801.0,0,19
2026-09-25 22:32:00,SENSEX,PE,73500.0,SENSEX26O0173500PE,211.85,211.85,211.85,211.85,0,19
2026-09-25 22:32:00,SENSEX,CE,73600.0,SENSEX26O0173600CE,721.5,721.5,721.5,721.5,0,19
2026-09-25 22:32:00,SENSEX,PE,73600.0,SENSEX26O0173600PE,235.3,235.3,235.3,235.3,0,19
2026-09-25 22:32:00,SENSEX,CE,73700.0,SENSEX26O0173700CE,655.0,655.0,655.0,655.0,0,19
2026-09-25 22:32:00,SENSEX,PE,73700.0,SENSEX26O0173700PE,270.0,270.0,270.0,270.0,0,19
2026-09-25 22:32:00,SENSEX,CE,73800.0,SENSEX26O0173800CE,607.2,607.2,607.2,607.2,0,19
2026-09-25 22:32:00,SENSEX,PE,73800.0,SENSEX26O0173800PE,304.0,304.0,304.0,304.0,0,19
2026-09-25 22:32:00,SENSEX,CE,73900.0,SENSEX26O0173900CE,545.0,545.0,545.0,545.0,0,19
2026-09-25 22:32:00,SENSEX,PE,73900.0,SENSEX26O0173900PE,340.05,340.05,340.05,340.05,0,19
2026-09-25 22:32:00,SENSEX,CE,74000.0,SENSEX26O0174000CE,484.1,484.1,484.1,484.1,0,19
2026-09-25 22:32:00,SENSEX,PE,74000.0,SENSEX26O0174000PE,388.5,388.5,388.5,388.5,0,19
2026-09-25 22:32:00,SENSEX,CE,74100.0,SENSEX26O0174100CE,424.65,424.65,424.65,424.65,0,19
2026-09-25 22:32:00,SENSEX,PE,74100.0,SENSEX26O0174100PE,424.05,424.05,424.05,424.05,0,19
2026-09-25 22:32:00,SENSEX,CE,74200.0,SENSEX26O0174200CE,380.4,380.4,380.4,380.4,0,19
2026-09-25 22:32:00,SENSEX,PE,74200.0,SENSEX26O0174200PE,484.8,484.8,484.8,484.8,0,19
2026-09-25 22:32:00,SENSEX,CE,74300.0,SENSEX26O0174300CE,333.5,333.5,333.5,333.5,0,19
2026-09-25 22:32:00,SENSEX,PE,74300.0,SENSEX26O0174300PE,523.2,523.2,523.2,523.2,0,19
2026-09-25 22:32:00,SENSEX,CE,74400.0,SENSEX26O0174400CE,285.6,285.6,285.6,285.6,0,19
2026-09-25 22:32:00,SENSEX,PE,74400.0,SENSEX26O0174400PE,583.55,583.55,583.55,583.55,0,19
2026-09-25 22:32:00,SENSEX,CE,74500.0,SENSEX26O0174500CE,249.2,249.2,249.2,249.2,0,19
2026-09-25 22:32:00,SENSEX,PE,74500.0,SENSEX26O0174500PE,636.0,636.0,636.0,636.0,0,19
2026-09-25 22:33:00,SENSEX,FUT,0.0,SENSEX26OCTFUT,74600.0,74600.0,74600.0,74600.0,0,18
2026-09-25 22:33:00,SENSEX,SPOT,0.0,SENSEX,73895.74,73895.74,73895.74,73895.74,0,18
2026-09-25 22:33:00,SENSEX,CE,73300.0,SENSEX26O0173300CE,965.55,965.55,965.55,965.55,0,18
2026-09-25 22:33:00,SENSEX,PE,73300.0,SENSEX26O0173300PE,166.0,166.0,166.0,166.0,0,18
2026-09-25 22:33:00,SENSEX,CE,73400.0,SENSEX26O0173400CE,893.45,893.45,893.45,893.45,0,18
2026-09-25 22:33:00,SENSEX,PE,73400.0,SENSEX26O0173400PE,187.65,187.65,187.65,187.65,0,18
2026-09-25 22:33:00,SENSEX,CE,73500.0,SENSEX26O0173500CE,801.0,801.0,801.0,801.0,0,18
2026-09-25 22:33:00,SENSEX,PE,73500.0,SENSEX26O0173500PE,211.85,211.85,211.85,211.85,0,18
2026-09-25 22:33:00,SENSEX,CE,73600.0,SENSEX26O0173600CE,721.5,721.5,721.5,721.5,0,18
2026-09-25 22:33:00,SENSEX,PE,73600.0,SENSEX26O0173600PE,235.3,235.3,235.3,235.3,0,18
2026-09-25 22:33:00,SENSEX,CE,73700.0,SENSEX26O0173700CE,655.0,655.0,655.0,655.0,0,18
2026-09-25 22:33:00,SENSEX,PE,73700.0,SENSEX26O0173700PE,270.0,270.0,270.0,270.0,0,18
2026-09-25 22:33:00,SENSEX,CE,73800.0,SENSEX26O0173800CE,607.2,607.2,607.2,607.2,0,18
2026-09-25 22:33:00,SENSEX,PE,73800.0,SENSEX26O0173800PE,304.0,304.0,304.0,304.0,0,18
2026-09-25 22:33:00,SENSEX,CE,73900.0,SENSEX26O0173900CE,545.0,545.0,545.0,545.0,0,18
2026-09-25 22:33:00,SENSEX,PE,73900.0,SENSEX26O0173900PE,340.05,340.05,340.05,340.05,0,18
2026-09-25 22:33:00,SENSEX,CE,74000.0,SENSEX26O0174000CE,484.1,484.1,484.1,484.1,0,18
2026-09-25 22:33:00,SENSEX,PE,74000.0,SENSEX26O0174000PE,388.5,388.5,388.5,388.5,0,18
2026-09-25 22:33:00,SENSEX,CE,74100.0,SENSEX26O0174100CE,424.65,424.65,424.65,424.65,0,18
2026-09-25 22:33:00,SENSEX,PE,74100.0,SENSEX26O0174100PE,424.05,424.05,424.05,424.05,0,18
2026-09-25 22:33:00,SENSEX,CE,74200.0,SENSEX26O0174200CE,380.4,380.4,380.4,380.4,0,18
2026-09-25 22:33:00,SENSEX,PE,74200.0,SENSEX26O0174200PE,484.8,484.8,484.8,484.8,0,18
2026-09-25 22:33:00,SENSEX,CE,74300.0,SENSEX26O0174300CE,333.5,333.5,333.5,333.5,0,18
2026-09-25 22:33:00,SENSEX,PE,74300.0,SENSEX26O0174300PE,523.2,523.2,523.2,523.2,0,18
2026-09-25 22:33:00,SENSEX,CE,74400.0,SENSEX26O0174400CE,285.6,285.6,285.6,285.6,0,18
2026-09-25 22:33:00,SENSEX,PE,74400.0,SENSEX26O0174400PE,583.55,583.55,583.55,583.55,0,18
2026-09-25 22:33:00,SENSEX,CE,74500.0,SENSEX26O0174500CE,249.2,249.2,249.2,249.2,0,18
2026-09-25 22:33:00,SENSEX,PE,74500.0,SENSEX26O0174500PE,636.0,636.0,636.0,636.0,0,18
2026-09-25 22:34:00,SENSEX,FUT,0.0,SENSEX26OCTFUT,74600.0,74600.0,74600.0,74600.0,0,19
2026-09-25 22:34:00,SENSEX,SPOT,0.0,SENSEX,73895.74,73895.74,73895.74,73895.74,0,19
2026-09-25 22:34:00,SENSEX,CE,73300.0,SENSEX26O0173300CE,965.55,965.55,965.55,965.55,0,19
2026-09-25 22:34:00,SENSEX,PE,73300.0,SENSEX26O0173300PE,166.0,166.0,166.0,166.0,0,19
2026-09-25 22:34:00,SENSEX,CE,73400.0,SENSEX26O0173400CE,893.45,893.45,893.45,893.45,0,19
2026-09-25 22:34:00,SENSEX,PE,73400.0,SENSEX26O0173400PE,187.65,187.65,187.65,187.65,0,19
2026-09-25 22:34:00,SENSEX,CE,73500.0,SENSEX26O0173500CE,801.0,801.0,801.0,801.0,0,19
2026-09-25 22:34:00,SENSEX,PE,73500.0,SENSEX26O0173500PE,211.85,211.85,211.85,211.85,0,19
2026-09-25 22:34:00,SENSEX,CE,73600.0,SENSEX26O0173600CE,721.5,721.5,721.5,721.5,0,19
2026-09-25 22:34:00,SENSEX,PE,73600.0,SENSEX26O0173600PE,235.3,235.3,235.3,235.3,0,19
2026-09-25 22:34:00,SENSEX,CE,73700.0,SENSEX26O0173700CE,655.0,655.0,655.0,655.0,0,19
2026-09-25 22:34:00,SENSEX,PE,73700.0,SENSEX26O0173700PE,270.0,270.0,270.0,270.0,0,19
2026-09-25 22:34:00,SENSEX,CE,73800.0,SENSEX26O0173800CE,607.2,607.2,607.2,607.2,0,19
2026-09-25 22:34:00,SENSEX,PE,73800.0,SENSEX26O0173800PE,304.0,304.0,304.0,304.0,0,19
2026-09-25 22:34:00,SENSEX,CE,73900.0,SENSEX26O0173900CE,545.0,545.0,545.0,545.0,0,19
2026-09-25 22:34:00,SENSEX,PE,73900.0,SENSEX26O0173900PE,340.05,340.05,340.05,340.05,0,19
2026-09-25 22:34:00,SENSEX,CE,74000.0,SENSEX26O0174000CE,484.1,484.1,484.1,484.1,0,19
2026-09-25 22:34:00,SENSEX,PE,74000.0,SENSEX26O0174000PE,388.5,388.5,388.5,388.5,0,19
2026-09-25 22:34:00,SENSEX,CE,74100.0,SENSEX26O0174100CE,424.65,424.65,424.65,424.65,0,19
2026-09-25 22:34:00,SENSEX,PE,74100.0,SENSEX26O0174100PE,424.05,424.05,424.05,424.05,0,19
2026-09-25 22:34:00,SENSEX,CE,74200.0,SENSEX26O0174200CE,380.4,380.4,380.4,380.4,0,19
2026-09-25 22:34:00,SENSEX,PE,74200.0,SENSEX26O0174200PE,484.8,484.8,484.8,484.8,0,19
2026-09-25 22:34:00,SENSEX,CE,74300.0,SENSEX26O0174300CE,333.5,333.5,333.5,333.5,0,19
2026-09-25 22:34:00,SENSEX,PE,74300.0,SENSEX26O0174300PE,523.2,523.2,523.2,523.2,0,19
2026-09-25 22:34:00,SENSEX,CE,74400.0,SENSEX26O0174400CE,285.6,285.6,285.6,285.6,0,19
2026-09-25 22:34:00,SENSEX,PE,74400.0,SENSEX26O0174400PE,583.55,583.55,583.55,583.55,0,19
2026-09-25 22:34:00,SENSEX,CE,74500.0,SENSEX26O0174500CE,249.2,249.2,249.2,249.2,0,19
2026-09-25 22:34:00,SENSEX,PE,74500.0,SENSEX26O0174500PE,636.0,636.0,636.0,636.0,0,19
2026-09-25 22:35:00,SENSEX,FUT,0.0,SENSEX26OCTFUT,74600.0,74600.0,74600.0,74600.0,0,19
2026-09-25 22:35:00,SENSEX,SPOT,0.0,SENSEX,73895.74,73895.74,73895.74,73895.74,0,19
2026-09-25 22:35:00,SENSEX,CE,73300.0,SENSEX26O0173300CE,965.55,965.55,965.55,965.55,0,19
2026-09-25 22:35:00,SENSEX,PE,73300.0,SENSEX26O0173300PE,166.0,166.0,166.0,166.0,0,19
2026-09-25 22:35:00,SENSEX,CE,73400.0,SENSEX26O0173400CE,893.45,893.45,893.45,893.45,0,19
2026-09-25 22:35:00,SENSEX,PE,73400.0,SENSEX26O0173400PE,187.65,187.65,187.65,187.65,0,19
2026-09-25 22:35:00,SENSEX,CE,73500.0,SENSEX26O0173500CE,801.0,801.0,801.0,801.0,0,19
2026-09-25 22:35:00,SENSEX,PE,73500.0,SENSEX26O0173500PE,211.85,211.85,211.85,211.85,0,19
2026-09-25 22:35:00,SENSEX,CE,73600.0,SENSEX26O0173600CE,721.5,721.5,721.5,721.5,0,19
2026-09-25 22:35:00,SENSEX,PE,73600.0,SENSEX26O0173600PE,235.3,235.3,235.3,235.3,0,19
2026-09-25 22:35:00,SENSEX,CE,73700.0,SENSEX26O0173700CE,655.0,655.0,655.0,655.0,0,19
2026-09-25 22:35:00,SENSEX,PE,73700.0,SENSEX26O0173700PE,270.0,270.0,270.0,270.0,0,19
2026-09-25 22:35:00,SENSEX,CE,73800.0,SENSEX26O0173800CE,607.2,607.2,607.2,607.2,0,19
2026-09-25 22:35:00,SENSEX,PE,73800.0,SENSEX26O0173800PE,304.0,304.0,304.0,304.0,0,19
2026-09-25 22:35:00,SENSEX,CE,73900.0,SENSEX26O0173900CE,545.0,545.0,545.0,545.0,0,19
2026-09-25 22:35:00,SENSEX,PE,73900.0,SENSEX26O0173900PE,340.05,340.05,340.05,340.05,0,19
2026-09-25 22:35:00,SENSEX,CE,74000.0,SENSEX26O0174000CE,484.1,484.1,484.1,484.1,0,19
2026-09-25 22:35:00,SENSEX,PE,74000.0,SENSEX26O0174000PE,388.5,388.5,388.5,388.5,0,19
2026-09-25 22:35:00,SENSEX,CE,74100.0,SENSEX26O0174100CE,424.65,424.65,424.65,424.65,0,19
2026-09-25 22:35:00,SENSEX,PE,74100.0,SENSEX26O0174100PE,424.05,424.05,424.05,424.05,0,19
2026-09-25 22:35:00,SENSEX,CE,74200.0,SENSEX26O0174200CE,380.4,380.4,380.4,380.4,0,19
2026-09-25 22:35:00,SENSEX,PE,74200.0,SENSEX26O0174200PE,484.8,484.8,484.8,484.8,0,19
2026-09-25 22:35:00,SENSEX,CE,74300.0,SENSEX26O0174300CE,333.5,333.5,333.5,333.5,0,19
2026-09-25 22:35:00,SENSEX,PE,74300.0,SENSEX26O0174300PE,523.2,523.2,523.2,523.2,0,19
2026-09-25 22:35:00,SENSEX,CE,74400.0,SENSEX26O0174400CE,285.6,285.6,285.6,285.6,0,19
2026-09-25 22:35:00,SENSEX,PE,74400.0,SENSEX26O0174400PE,583.55,583.55,583.55,583.55,0,19
2026-09-25 22:35:00,SENSEX,CE,74500.0,SENSEX26O0174500CE,249.2,249.2,249.2,249.2,0,19
2026-09-25 22:35:00,SENSEX,PE,74500.0,SENSEX26O0174500PE,636.0,636.0,636.0,636.0,0,19
2026-09-25 22:36:00,SENSEX,FUT,0.0,SENSEX26OCTFUT,74600.0,74600.0,74600.0,74600.0,0,1
2026-09-25 22:36:00,SENSEX,SPOT,0.0,SENSEX,73895.74,73895.74,73895.74,73895.74,0,1
2026-09-25 22:36:00,SENSEX,CE,73300.0,SENSEX26O0173300CE,965.55,965.55,965.55,965.55,0,1
2026-09-25 22:36:00,SENSEX,PE,73300.0,SENSEX26O0173300PE,166.0,166.0,166.0,166.0,0,1
2026-09-25 22:36:00,SENSEX,CE,73400.0,SENSEX26O0173400CE,893.45,893.45,893.45,893.45,0,1
2026-09-25 22:36:00,SENSEX,PE,73400.0,SENSEX26O0173400PE,187.65,187.65,187.65,187.65,0,1
2026-09-25 22:36:00,SENSEX,CE,73500.0,SENSEX26O0173500CE,801.0,801.0,801.0,801.0,0,1
2026-09-25 22:36:00,SENSEX,PE,73500.0,SENSEX26O0173500PE,211.85,211.85,211.85,211.85,0,1
2026-09-25 22:36:00,SENSEX,CE,73600.0,SENSEX26O0173600CE,721.5,721.5,721.5,721.5,0,1
2026-09-25 22:36:00,SENSEX,PE,73600.0,SENSEX26O0173600PE,235.3,235.3,235.3,235.3,0,1
2026-09-25 22:36:00,SENSEX,CE,73700.0,SENSEX26O0173700CE,655.0,655.0,655.0,655.0,0,1
2026-09-25 22:36:00,SENSEX,PE,73700.0,SENSEX26O0173700PE,270.0,270.0,270.0,270.0,0,1
2026-09-25 22:36:00,SENSEX,CE,73800.0,SENSEX26O0173800CE,607.2,607.2,607.2,607.2,0,1
2026-09-25 22:36:00,SENSEX,PE,73800.0,SENSEX26O0173800PE,304.0,304.0,304.0,304.0,0,1
2026-09-25 22:36:00,SENSEX,CE,73900.0,SENSEX26O0173900CE,545.0,545.0,545.0,545.0,0,1
2026-09-25 22:36:00,SENSEX,PE,73900.0,SENSEX26O0173900PE,340.05,340.05,340.05,340.05,0,1
2026-09-25 22:36:00,SENSEX,CE,74000.0,SENSEX26O0174000CE,484.1,484.1,484.1,484.1,0,1
2026-09-25 22:36:00,SENSEX,PE,74000.0,SENSEX26O0174000PE,388.5,388.5,388.5,388.5,0,1
2026-09-25 22:36:00,SENSEX,CE,74100.0,SENSEX26O0174100CE,424.65,424.65,424.65,424.65,0,1
2026-09-25 22:36:00,SENSEX,PE,74100.0,SENSEX26O0174100PE,424.05,424.05,424.05,424.05,0,1
2026-09-25 22:36:00,SENSEX,CE,74200.0,SENSEX26O0174200CE,380.4,380.4,380.4,380.4,0,1
2026-09-25 22:36:00,SENSEX,PE,74200.0,SENSEX26O0174200PE,484.8,484.8,484.8,484.8,0,1
2026-09-25 22:36:00,SENSEX,CE,74300.0,SENSEX26O0174300CE,333.5,333.5,333.5,333.5,0,1
2026-09-25 22:36:00,SENSEX,PE,74300.0,SENSEX26O0174300PE,523.2,523.2,523.2,523.2,0,1
2026-09-25 22:36:00,SENSEX,CE,74400.0,SENSEX26O0174400CE,285.6,285.6,285.6,285.6,0,1
2026-09-25 22:36:00,SENSEX,PE,74400.0,SENSEX26O0174400PE,583.55,583.55,583.55,583.55,0,1
2026-09-25 22:36:00,SENSEX,CE,74500.0,SENSEX26O0174500CE,249.2,249.2,249.2,249.2,0,1
2026-09-25 22:36:00,SENSEX,PE,74500.0,SENSEX26O0174500PE,636.0,636.0,636.0,636.0,0,1
2026-09-25 22:37:00,SENSEX,FUT,0.0,SENSEX26OCTFUT,74600.0,74600.0,74600.0,74600.0,0,18
2026-09-25 22:37:00,SENSEX,SPOT,0.0,SENSEX,73895.74,73895.74,73895.74,73895.74,0,18
2026-09-25 22:37:00,SENSEX,CE,73300.0,SENSEX26O0173300CE,965.55,965.55,965.55,965.55,0,18
2026-09-25 22:37:00,SENSEX,PE,73300.0,SENSEX26O0173300PE,166.0,166.0,166.0,166.0,0,18
2026-09-25 22:37:00,SENSEX,CE,73400.0,SENSEX26O0173400CE,893.45,893.45,893.45,893.45,0,18
2026-09-25 22:37:00,SENSEX,PE,73400.0,SENSEX26O0173400PE,187.65,187.65,187.65,187.65,0,18
2026-09-25 22:37:00,SENSEX,CE,73500.0,SENSEX26O0173500CE,801.0,801.0,801.0,801.0,0,18
2026-09-25 22:37:00,SENSEX,PE,73500.0,SENSEX26O0173500PE,211.85,211.85,211.85,211.85,0,18
2026-09-25 22:37:00,SENSEX,CE,73600.0,SENSEX26O0173600CE,721.5,721.5,721.5,721.5,0,18
2026-09-25 22:37:00,SENSEX,PE,73600.0,SENSEX26O0173600PE,235.3,235.3,235.3,235.3,0,18
2026-09-25 22:37:00,SENSEX,CE,73700.0,SENSEX26O0173700CE,655.0,655.0,655.0,655.0,0,18
2026-09-25 22:37:00,SENSEX,PE,73700.0,SENSEX26O0173700PE,270.0,270.0,270.0,270.0,0,18
2026-09-25 22:37:00,SENSEX,CE,73800.0,SENSEX26O0173800CE,607.2,607.2,607.2,607.2,0,18
2026-09-25 22:37:00,SENSEX,PE,73800.0,SENSEX26O0173800PE,304.0,304.0,304.0,304.0,0,18
2026-09-25 22:37:00,SENSEX,CE,73900.0,SENSEX26O0173900CE,545.0,545.0,545.0,545.0,0,18
2026-09-25 22:37:00,SENSEX,PE,73900.0,SENSEX26O0173900PE,340.05,340.05,340.05,340.05,0,18
2026-09-25 22:37:00,SENSEX,CE,74000.0,SENSEX26O0174000CE,484.1,484.1,484.1,484.1,0,18
2026-09-25 22:37:00,SENSEX,PE,74000.0,SENSEX26O0174000PE,388.5,388.5,388.5,388.5,0,18
2026-09-25 22:37:00,SENSEX,CE,74100.0,SENSEX26O0174100CE,424.65,424.65,424.65,424.65,0,18
2026-09-25 22:37:00,SENSEX,PE,74100.0,SENSEX26O0174100PE,424.05,424.05,424.05,424.05,0,18
2026-09-25 22:37:00,SENSEX,CE,74200.0,SENSEX26O0174200CE,380.4,380.4,380.4,380.4,0,18
2026-09-25 22:37:00,SENSEX,PE,74200.0,SENSEX26O0174200PE,484.8,484.8,484.8,484.8,0,18
2026-09-25 22:37:00,SENSEX,CE,74300.0,SENSEX26O0174300CE,333.5,333.5,333.5,333.5,0,18
2026-09-25 22:37:00,SENSEX,PE,74300.0,SENSEX26O0174300PE,523.2,523.2,523.2,523.2,0,18
2026-09-25 22:37:00,SENSEX,CE,74400.0,SENSEX26O0174400CE,285.6,285.6,285.6,285.6,0,18
2026-09-25 22:37:00,SENSEX,PE,74400.0,SENSEX26O0174400PE,583.55,583.55,583.55,583.55,0,18
2026-09-25 22:37:00,SENSEX,CE,74500.0,SENSEX26O0174500CE,249.2,249.2,249.2,249.2,0,18
2026-09-25 22:37:00,SENSEX,PE,74500.0,SENSEX26O0174500PE,636.0,636.0,636.0,636.0,0,18
2026-09-25 22:38:00,SENSEX,FUT,0.0,SENSEX26OCTFUT,74600.0,74600.0,74600.0,74600.0,0,19
2026-09-25 22:38:00,SENSEX,SPOT,0.0,SENSEX,73895.74,73895.74,73895.74,73895.74,0,19
2026-09-25 22:38:00,SENSEX,CE,73300.0,SENSEX26O0173300CE,965.55,965.55,965.55,965.55,0,19
2026-09-25 22:38:00,SENSEX,PE,73300.0,SENSEX26O0173300PE,166.0,166.0,166.0,166.0,0,19
2026-09-25 22:38:00,SENSEX,CE,73400.0,SENSEX26O0173400CE,893.45,893.45,893.45,893.45,0,19
2026-09-25 22:38:00,SENSEX,PE,73400.0,SENSEX26O0173400PE,187.65,187.65,187.65,187.65,0,19
2026-09-25 22:38:00,SENSEX,CE,73500.0,SENSEX26O0173500CE,801.0,801.0,801.0,801.0,0,19
2026-09-25 22:38:00,SENSEX,PE,73500.0,SENSEX26O0173500PE,211.85,211.85,211.85,211.85,0,19
2026-09-25 22:38:00,SENSEX,CE,73600.0,SENSEX26O0173600CE,721.5,721.5,721.5,721.5,0,19
2026-09-25 22:38:00,SENSEX,PE,73600.0,SENSEX26O0173600PE,235.3,235.3,235.3,235.3,0,19
2026-09-25 22:38:00,SENSEX,CE,73700.0,SENSEX26O0173700CE,655.0,655.0,655.0,655.0,0,19
2026-09-25 22:38:00,SENSEX,PE,73700.0,SENSEX26O0173700PE,270.0,270.0,270.0,270.0,0,19
2026-09-25 22:38:00,SENSEX,CE,73800.0,SENSEX26O0173800CE,607.2,607.2,607.2,607.2,0,19
2026-09-25 22:38:00,SENSEX,PE,73800.0,SENSEX26O0173800PE,304.0,304.0,304.0,304.0,0,19
2026-09-25 22:38:00,SENSEX,CE,73900.0,SENSEX26O0173900CE,545.0,545.0,545.0,545.0,0,19
2026-09-25 22:38:00,SENSEX,PE,73900.0,SENSEX26O0173900PE,340.05,340.05,340.05,340.05,0,19
2026-09-25 22:38:00,SENSEX,CE,74000.0,SENSEX26O0174000CE,484.1,484.1,484.1,484.1,0,19
2026-09-25 22:38:00,SENSEX,PE,74000.0,SENSEX26O0174000PE,388.5,388.5,388.5,388.5,0,19
2026-09-25 22:38:00,SENSEX,CE,74100.0,SENSEX26O0174100CE,424.65,424.65,424.65,424.65,0,19
2026-09-25 22:38:00,SENSEX,PE,74100.0,SENSEX26O0174100PE,424.05,424.05,424.05,424.05,0,19
2026-09-25 22:38:00,SENSEX,CE,74200.0,SENSEX26O0174200CE,380.4,380.4,380.4,380.4,0,19
2026-09-25 22:38:00,SENSEX,PE,74200.0,SENSEX26O0174200PE,484.8,484.8,484.8,484.8,0,19
2026-09-25 22:38:00,SENSEX,CE,74300.0,SENSEX26O0174300CE,333.5,333.5,333.5,333.5,0,19
2026-09-25 22:38:00,SENSEX,PE,74300.0,SENSEX26O0174300PE,523.2,523.2,523.2,523.2,0,19
2026-09-25 22:38:00,SENSEX,CE,74400.0,SENSEX26O0174400CE,285.6,285.6,285.6,285.6,0,19
2026-09-25 22:38:00,SENSEX,PE,74400.0,SENSEX26O0174400PE,583.55,583.55,583.55,583.55,0,19
2026-09-25 22:38:00,SENSEX,CE,74500.0,SENSEX26O0174500CE,249.2,249.2,249.2,249.2,0,19
2026-09-25 22:38:00,SENSEX,PE,74500.0,SENSEX26O0174500PE,636.0,636.0,636.0,636.0,0,19
2026-09-25 22:39:00,SENSEX,FUT,0.0,SENSEX26OCTFUT,74600.0,74600.0,74600.0,74600.0,0,19
2026-09-25 22:39:00,SENSEX,SPOT,0.0,SENSEX,73895.74,73895.74,73895.74,73895.74,0,19
2026-09-25 22:39:00,SENSEX,CE,73300.0,SENSEX26O0173300CE,965.55,965.55,965.55,965.55,0,19
2026-09-25 22:39:00,SENSEX,PE,73300.0,SENSEX26O0173300PE,166.0,166.0,166.0,166.0,0,19
2026-09-25 22:39:00,SENSEX,CE,73400.0,SENSEX26O0173400CE,893.45,893.45,893.45,893.45,0,19
2026-09-25 22:39:00,SENSEX,PE,73400.0,SENSEX26O0173400PE,187.65,187.65,187.65,187.65,0,19
2026-09-25 22:39:00,SENSEX,CE,73500.0,SENSEX26O0173500CE,801.0,801.0,801.0,801.0,0,19
2026-09-25 22:39:00,SENSEX,PE,73500.0,SENSEX26O0173500PE,211.85,211.85,211.85,211.85,0,19
2026-09-25 22:39:00,SENSEX,CE,73600.0,SENSEX26O0173600CE,721.5,721.5,721.5,721.5,0,19
2026-09-25 22:39:00,SENSEX,PE,73600.0,SENSEX26O0173600PE,235.3,235.3,235.3,235.3,0,19
2026-09-25 22:39:00,SENSEX,CE,73700.0,SENSEX26O0173700CE,655.0,655.0,655.0,655.0,0,19
2026-09-25 22:39:00,SENSEX,PE,73700.0,SENSEX26O0173700PE,270.0,270.0,270.0,270.0,0,19
2026-09-25 22:39:00,SENSEX,CE,73800.0,SENSEX26O0173800CE,607.2,607.2,607.2,607.2,0,19
2026-09-25 22:39:00,SENSEX,PE,73800.0,SENSEX26O0173800PE,304.0,304.0,304.0,304.0,0,19
2026-09-25 22:39:00,SENSEX,CE,73900.0,SENSEX26O0173900CE,545.0,545.0,545.0,545.0,0,19
2026-09-25 22:39:00,SENSEX,PE,73900.0,SENSEX26O0173900PE,340.05,340.05,340.05,340.05,0,19
2026-09-25 22:39:00,SENSEX,CE,74000.0,SENSEX26O0174000CE,484.1,484.1,484.1,484.1,0,19
2026-09-25 22:39:00,SENSEX,PE,74000.0,SENSEX26O0174000PE,388.5,388.5,388.5,388.5,0,19
2026-09-25 22:39:00,SENSEX,CE,74100.0,SENSEX26O0174100CE,424.65,424.65,424.65,424.65,0,19
2026-09-25 22:39:00,SENSEX,PE,74100.0,SENSEX26O0174100PE,424.05,424.05,424.05,424.05,0,19
2026-09-25 22:39:00,SENSEX,CE,74200.0,SENSEX26O0174200CE,380.4,380.4,380.4,380.4,0,19
2026-09-25 22:39:00,SENSEX,PE,74200.0,SENSEX26O0174200PE,484.8,484.8,484.8,484.8,0,19
2026-09-25 22:39:00,SENSEX,CE,74300.0,SENSEX26O0174300CE,333.5,333.5,333.5,333.5,0,19
2026-09-25 22:39:00,SENSEX,PE,74300.0,SENSEX26O0174300PE,523.2,523.2,523.2,523.2,0,19
2026-09-25 22:39:00,SENSEX,CE,74400.0,SENSEX26O0174400CE,285.6,285.6,285.6,285.6,0,19
2026-09-25 22:39:00,SENSEX,PE,74400.0,SENSEX26O0174400PE,583.55,583.55,583.55,583.55,0,19
2026-09-25 22:39:00,SENSEX,CE,74500.0,SENSEX26O0174500CE,249.2,249.2,249.2,249.2,0,19
2026-09-25 22:39:00,SENSEX,PE,74500.0,SENSEX26O0174500PE,636.0,636.0,636.0,636.0,0,19
2026-09-25 22:40:00,SENSEX,FUT,0.0,SENSEX26OCTFUT,74600.0,74600.0,74600.0,74600.0,0,19
2026-09-25 22:40:00,SENSEX,SPOT,0.0,SENSEX,73895.74,73895.74,73895.74,73895.74,0,19
2026-09-25 22:40:00,SENSEX,CE,73300.0,SENSEX26O0173300CE,965.55,965.55,965.55,965.55,0,19
2026-09-25 22:40:00,SENSEX,PE,73300.0,SENSEX26O0173300PE,166.0,166.0,166.0,166.0,0,19
2026-09-25 22:40:00,SENSEX,CE,73400.0,SENSEX26O0173400CE,893.45,893.45,893.45,893.45,0,19
2026-09-25 22:40:00,SENSEX,PE,73400.0,SENSEX26O0173400PE,187.65,187.65,187.65,187.65,0,19
2026-09-25 22:40:00,SENSEX,CE,73500.0,SENSEX26O0173500CE,801.0,801.0,801.0,801.0,0,19
2026-09-25 22:40:00,SENSEX,PE,73500.0,SENSEX26O0173500PE,211.85,211.85,211.85,211.85,0,19
2026-09-25 22:40:00,SENSEX,CE,73600.0,SENSEX26O0173600CE,721.5,721.5,721.5,721.5,0,19
2026-09-25 22:40:00,SENSEX,PE,73600.0,SENSEX26O0173600PE,235.3,235.3,235.3,235.3,0,19
2026-09-25 22:40:00,SENSEX,CE,73700.0,SENSEX26O0173700CE,655.0,655.0,655.0,655.0,0,19
2026-09-25 22:40:00,SENSEX,PE,73700.0,SENSEX26O0173700PE,270.0,270.0,270.0,270.0,0,19
2026-09-25 22:40:00,SENSEX,CE,73800.0,SENSEX26O0173800CE,607.2,607.2,607.2,607.2,0,19
2026-09-25 22:40:00,SENSEX,PE,73800.0,SENSEX26O0173800PE,304.0,304.0,304.0,304.0,0,19
2026-09-25 22:40:00,SENSEX,CE,73900.0,SENSEX26O0173900CE,545.0,545.0,545.0,545.0,0,19
2026-09-25 22:40:00,SENSEX,PE,73900.0,SENSEX26O0173900PE,340.05,340.05,340.05,340.05,0,19
2026-09-25 22:40:00,SENSEX,CE,74000.0,SENSEX26O0174000CE,484.1,484.1,484.1,484.1,0,19
2026-09-25 22:40:00,SENSEX,PE,74000.0,SENSEX26O0174000PE,388.5,388.5,388.5,388.5,0,19
2026-09-25 22:40:00,SENSEX,CE,74100.0,SENSEX26O0174100CE,424.65,424.65,424.65,424.65,0,19
2026-09-25 22:40:00,SENSEX,PE,74100.0,SENSEX26O0174100PE,424.05,424.05,424.05,424.05,0,19
2026-09-25 22:40:00,SENSEX,CE,74200.0,SENSEX26O0174200CE,380.4,380.4,380.4,380.4,0,19
2026-09-25 22:40:00,SENSEX,PE,74200.0,SENSEX26O0174200PE,484.8,484.8,484.8,484.8,0,19
2026-09-25 22:40:00,SENSEX,CE,74300.0,SENSEX26O0174300CE,333.5,333.5,333.5,333.5,0,19
2026-09-25 22:40:00,SENSEX,PE,74300.0,SENSEX26O0174300PE,523.2,523.2,523.2,523.2,0,19
2026-09-25 22:40:00,SENSEX,CE,74400.0,SENSEX26O0174400CE,285.6,285.6,285.6,285.6,0,19
2026-09-25 22:40:00,SENSEX,PE,74400.0,SENSEX26O0174400PE,583.55,583.55,583.55,583.55,0,19
2026-09-25 22:40:00,SENSEX,CE,74500.0,SENSEX26O0174500CE,249.2,249.2,249.2,249.2,0,19
2026-09-25 22:40:00,SENSEX,PE,74500.0,SENSEX26O0174500PE,636.0,636.0,636.0,636.0,0,19
2026-09-25 22:41:00,SENSEX,FUT,0.0,SENSEX26OCTFUT,74600.0,74600.0,74600.0,74600.0,0,18
2026-09-25 22:41:00,SENSEX,SPOT,0.0,SENSEX,73895.74,73895.74,73895.74,73895.74,0,18
2026-09-25 22:41:00,SENSEX,CE,73300.0,SENSEX26O0173300CE,965.55,965.55,965.55,965.55,0,18
2026-09-25 22:41:00,SENSEX,PE,73300.0,SENSEX26O0173300PE,166.0,166.0,166.0,166.0,0,18
2026-09-25 22:41:00,SENSEX,CE,73400.0,SENSEX26O0173400CE,893.45,893.45,893.45,893.45,0,18
2026-09-25 22:41:00,SENSEX,PE,73400.0,SENSEX26O0173400PE,187.65,187.65,187.65,187.65,0,18
2026-09-25 22:41:00,SENSEX,CE,73500.0,SENSEX26O0173500CE,801.0,801.0,801.0,801.0,0,18
2026-09-25 22:41:00,SENSEX,PE,73500.0,SENSEX26O0173500PE,211.85,211.85,211.85,211.85,0,18
2026-09-25 22:41:00,SENSEX,CE,73600.0,SENSEX26O0173600CE,721.5,721.5,721.5,721.5,0,18
2026-09-25 22:41:00,SENSEX,PE,73600.0,SENSEX26O0173600PE,235.3,235.3,235.3,235.3,0,18
2026-09-25 22:41:00,SENSEX,CE,73700.0,SENSEX26O0173700CE,655.0,655.0,655.0,655.0,0,18
2026-09-25 22:41:00,SENSEX,PE,73700.0,SENSEX26O0173700PE,270.0,270.0,270.0,270.0,0,18
2026-09-25 22:41:00,SENSEX,CE,73800.0,SENSEX26O0173800CE,607.2,607.2,607.2,607.2,0,18
2026-09-25 22:41:00,SENSEX,PE,73800.0,SENSEX26O0173800PE,304.0,304.0,304.0,304.0,0,18
2026-09-25 22:41:00,SENSEX,CE,73900.0,SENSEX26O0173900CE,545.0,545.0,545.0,545.0,0,18
2026-09-25 22:41:00,SENSEX,PE,73900.0,SENSEX26O0173900PE,340.05,340.05,340.05,340.05,0,18
2026-09-25 22:41:00,SENSEX,CE,74000.0,SENSEX26O0174000CE,484.1,484.1,484.1,484.1,0,18
2026-09-25 22:41:00,SENSEX,PE,74000.0,SENSEX26O0174000PE,388.5,388.5,388.5,388.5,0,18
2026-09-25 22:41:00,SENSEX,CE,74100.0,SENSEX26O0174100CE,424.65,424.65,424.65,424.65,0,18
2026-09-25 22:41:00,SENSEX,PE,74100.0,SENSEX26O0174100PE,424.05,424.05,424.05,424.05,0,18
2026-09-25 22:41:00,SENSEX,CE,74200.0,SENSEX26O0174200CE,380.4,380.4,380.4,380.4,0,18
2026-09-25 22:41:00,SENSEX,PE,74200.0,SENSEX26O0174200PE,484.8,484.8,484.8,484.8,0,18
2026-09-25 22:41:00,SENSEX,CE,74300.0,SENSEX26O0174300CE,333.5,333.5,333.5,333.5,0,18
2026-09-25 22:41:00,SENSEX,PE,74300.0,SENSEX26O0174300PE,523.2,523.2,523.2,523.2,0,18
2026-09-25 22:41:00,SENSEX,CE,74400.0,SENSEX26O0174400CE,285.6,285.6,285.6,285.6,0,18
2026-09-25 22:41:00,SENSEX,PE,74400.0,SENSEX26O0174400PE,583.55,583.55,583.55,583.55,0,18
2026-09-25 22:41:00,SENSEX,CE,74500.0,SENSEX26O0174500CE,249.2,249.2,249.2,249.2,0,18
2026-09-25 22:41:00,SENSEX,PE,74500.0,SENSEX26O0174500PE,636.0,636.0,636.0,636.0,0,18
2026-09-25 22:42:00,SENSEX,FUT,0.0,SENSEX26OCTFUT,74600.0,74600.0,74600.0,74600.0,0,19
2026-09-25 22:42:00,SENSEX,SPOT,0.0,SENSEX,73895.74,73895.74,73895.74,73895.74,0,19
2026-09-25 22:42:00,SENSEX,CE,73300.0,SENSEX26O0173300CE,965.55,965.55,965.55,965.55,0,19
2026-09-25 22:42:00,SENSEX,PE,73300.0,SENSEX26O0173300PE,166.0,166.0,166.0,166.0,0,19
2026-09-25 22:42:00,SENSEX,CE,73400.0,SENSEX26O0173400CE,893.45,893.45,893.45,893.45,0,19
2026-09-25 22:42:00,SENSEX,PE,73400.0,SENSEX26O0173400PE,187.65,187.65,187.65,187.65,0,19
2026-09-25 22:42:00,SENSEX,CE,73500.0,SENSEX26O0173500CE,801.0,801.0,801.0,801.0,0,19
2026-09-25 22:42:00,SENSEX,PE,73500.0,SENSEX26O0173500PE,211.85,211.85,211.85,211.85,0,19
2026-09-25 22:42:00,SENSEX,CE,73600.0,SENSEX26O0173600CE,721.5,721.5,721.5,721.5,0,19
2026-09-25 22:42:00,SENSEX,PE,73600.0,SENSEX26O0173600PE,235.3,235.3,235.3,235.3,0,19
2026-09-25 22:42:00,SENSEX,CE,73700.0,SENSEX26O0173700CE,655.0,655.0,655.0,655.0,0,19
2026-09-25 22:42:00,SENSEX,PE,73700.0,SENSEX26O0173700PE,270.0,270.0,270.0,270.0,0,19
2026-09-25 22:42:00,SENSEX,CE,73800.0,SENSEX26O0173800CE,607.2,607.2,607.2,607.2,0,19
2026-09-25 22:42:00,SENSEX,PE,73800.0,SENSEX26O0173800PE,304.0,304.0,304.0,304.0,0,19
2026-09-25 22:42:00,SENSEX,CE,73900.0,SENSEX26O0173900CE,545.0,545.0,545.0,545.0,0,19
2026-09-25 22:42:00,SENSEX,PE,73900.0,SENSEX26O0173900PE,340.05,340.05,340.05,340.05,0,19
2026-09-25 22:42:00,SENSEX,CE,74000.0,SENSEX26O0174000CE,484.1,484.1,484.1,484.1,0,19
2026-09-25 22:42:00,SENSEX,PE,74000.0,SENSEX26O0174000PE,388.5,388.5,388.5,388.5,0,19
2026-09-25 22:42:00,SENSEX,CE,74100.0,SENSEX26O0174100CE,424.65,424.65,424.65,424.65,0,19
2026-09-25 22:42:00,SENSEX,PE,74100.0,SENSEX26O0174100PE,424.05,424.05,424.05,424.05,0,19
2026-09-25 22:42:00,SENSEX,CE,74200.0,SENSEX26O0174200CE,380.4,380.4,380.4,380.4,0,19
2026-09-25 22:42:00,SENSEX,PE,74200.0,SENSEX26O0174200PE,484.8,484.8,484.8,484.8,0,19
2026-09-25 22:42:00,SENSEX,CE,74300.0,SENSEX26O0174300CE,333.5,333.5,333.5,333.5,0,19
2026-09-25 22:42:00,SENSEX,PE,74300.0,SENSEX26O0174300PE,523.2,523.2,523.2,523.2,0,19
2026-09-25 22:42:00,SENSEX,CE,74400.0,SENSEX26O0174400CE,285.6,285.6,285.6,285.6,0,19
2026-09-25 22:42:00,SENSEX,PE,74400.0,SENSEX26O0174400PE,583.55,583.55,583.55,583.55,0,19
2026-09-25 22:42:00,SENSEX,CE,74500.0,SENSEX26O0174500CE,249.2,249.2,249.2,249.2,0,19
2026-09-25 22:42:00,SENSEX,PE,74500.0,SENSEX26O0174500PE,636.0,636.0,636.0,636.0,0,19
2026-09-25 22:43:00,SENSEX,FUT,0.0,SENSEX26OCTFUT,74600.0,74600.0,74600.0,74600.0,0,19
2026-09-25 22:43:00,SENSEX,SPOT,0.0,SENSEX,73895.74,73895.74,73895.74,73895.74,0,19
2026-09-25 22:43:00,SENSEX,CE,73300.0,SENSEX26O0173300CE,965.55,965.55,965.55,965.55,0,19
2026-09-25 22:43:00,SENSEX,PE,73300.0,SENSEX26O0173300PE,166.0,166.0,166.0,166.0,0,19
2026-09-25 22:43:00,SENSEX,CE,73400.0,SENSEX26O0173400CE,893.45,893.45,893.45,893.45,0,19
2026-09-25 22:43:00,SENSEX,PE,73400.0,SENSEX26O0173400PE,187.65,187.65,187.65,187.65,0,19
2026-09-25 22:43:00,SENSEX,CE,73500.0,SENSEX26O0173500CE,801.0,801.0,801.0,801.0,0,19
2026-09-25 22:43:00,SENSEX,PE,73500.0,SENSEX26O0173500PE,211.85,211.85,211.85,211.85,0,19
2026-09-25 22:43:00,SENSEX,CE,73600.0,SENSEX26O0173600CE,721.5,721.5,721.5,721.5,0,19
2026-09-25 22:43:00,SENSEX,PE,73600.0,SENSEX26O0173600PE,235.3,235.3,235.3,235.3,0,19
2026-09-25 22:43:00,SENSEX,CE,73700.0,SENSEX26O0173700CE,655.0,655.0,655.0,655.0,0,19
2026-09-25 22:43:00,SENSEX,PE,73700.0,SENSEX26O0173700PE,270.0,270.0,270.0,270.0,0,19
2026-09-25 22:43:00,SENSEX,CE,73800.0,SENSEX26O0173800CE,607.2,607.2,607.2,607.2,0,19
2026-09-25 22:43:00,SENSEX,PE,73800.0,SENSEX26O0173800PE,304.0,304.0,304.0,304.0,0,19
2026-09-25 22:43:00,SENSEX,CE,73900.0,SENSEX26O0173900CE,545.0,545.0,545.0,545.0,0,19
2026-09-25 22:43:00,SENSEX,PE,73900.0,SENSEX26O0173900PE,340.05,340.05,340.05,340.05,0,19
2026-09-25 22:43:00,SENSEX,CE,74000.0,SENSEX26O0174000CE,484.1,484.1,484.1,484.1,0,19
2026-09-25 22:43:00,SENSEX,PE,74000.0,SENSEX26O0174000PE,388.5,388.5,388.5,388.5,0,19
2026-09-25 22:43:00,SENSEX,CE,74100.0,SENSEX26O0174100CE,424.65,424.65,424.65,424.65,0,19
2026-09-25 22:43:00,SENSEX,PE,74100.0,SENSEX26O0174100PE,424.05,424.05,424.05,424.05,0,19
2026-09-25 22:43:00,SENSEX,CE,74200.0,SENSEX26O0174200CE,380.4,380.4,380.4,380.4,0,19
2026-09-25 22:43:00,SENSEX,PE,74200.0,SENSEX26O0174200PE,484.8,484.8,484.8,484.8,0,19
2026-09-25 22:43:00,SENSEX,CE,74300.0,SENSEX26O0174300CE,333.5,333.5,333.5,333.5,0,19
2026-09-25 22:43:00,SENSEX,PE,74300.0,SENSEX26O0174300PE,523.2,523.2,523.2,523.2,0,19
2026-09-25 22:43:00,SENSEX,CE,74400.0,SENSEX26O0174400CE,285.6,285.6,285.6,285.6,0,19
2026-09-25 22:43:00,SENSEX,PE,74400.0,SENSEX26O0174400PE,583.55,583.55,583.55,583.55,0,19
2026-09-25 22:43:00,SENSEX,CE,74500.0,SENSEX26O0174500CE,249.2,249.2,249.2,249.2,0,19
2026-09-25 22:43:00,SENSEX,PE,74500.0,SENSEX26O0174500PE,636.0,636.0,636.0,636.0,0,19
2026-09-25 22:44:00,SENSEX,FUT,0.0,SENSEX26OCTFUT,74600.0,74600.0,74600.0,74600.0,0,19
2026-09-25 22:44:00,SENSEX,SPOT,0.0,SENSEX,73895.74,73895.74,73895.74,73895.74,0,19
2026-09-25 22:44:00,SENSEX,CE,73300.0,SENSEX26O0173300CE,965.55,965.55,965.55,965.55,0,19
2026-09-25 22:44:00,SENSEX,PE,73300.0,SENSEX26O0173300PE,166.0,166.0,166.0,166.0,0,19
2026-09-25 22:44:00,SENSEX,CE,73400.0,SENSEX26O0173400CE,893.45,893.45,893.45,893.45,0,19
2026-09-25 22:44:00,SENSEX,PE,73400.0,SENSEX26O0173400PE,187.65,187.65,187.65,187.65,0,19
2026-09-25 22:44:00,SENSEX,CE,73500.0,SENSEX26O0173500CE,801.0,801.0,801.0,801.0,0,19
2026-09-25 22:44:00,SENSEX,PE,73500.0,SENSEX26O0173500PE,211.85,211.85,211.85,211.85,0,19
2026-09-25 22:44:00,SENSEX,CE,73600.0,SENSEX26O0173600CE,721.5,721.5,721.5,721.5,0,19
2026-09-25 22:44:00,SENSEX,PE,73600.0,SENSEX26O0173600PE,235.3,235.3,235.3,235.3,0,19
2026-09-25 22:44:00,SENSEX,CE,73700.0,SENSEX26O0173700CE,655.0,655.0,655.0,655.0,0,19
2026-09-25 22:44:00,SENSEX,PE,73700.0,SENSEX26O0173700PE,270.0,270.0,270.0,270.0,0,19
2026-09-25 22:44:00,SENSEX,CE,73800.0,SENSEX26O0173800CE,607.2,607.2,607.2,607.2,0,19
2026-09-25 22:44:00,SENSEX,PE,73800.0,SENSEX26O0173800PE,304.0,304.0,304.0,304.0,0,19
2026-09-25 22:44:00,SENSEX,CE,73900.0,SENSEX26O0173900CE,545.0,545.0,545.0,545.0,0,19
2026-09-25 22:44:00,SENSEX,PE,73900.0,SENSEX26O0173900PE,340.05,340.05,340.05,340.05,0,19
2026-09-25 22:44:00,SENSEX,CE,74000.0,SENSEX26O0174000CE,484.1,484.1,484.1,484.1,0,19
2026-09-25 22:44:00,SENSEX,PE,74000.0,SENSEX26O0174000PE,388.5,388.5,388.5,388.5,0,19
2026-09-25 22:44:00,SENSEX,CE,74100.0,SENSEX26O0174100CE,424.65,424.65,424.65,424.65,0,19
2026-09-25 22:44:00,SENSEX,PE,74100.0,SENSEX26O0174100PE,424.05,424.05,424.05,424.05,0,19
2026-09-25 22:44:00,SENSEX,CE,74200.0,SENSEX26O0174200CE,380.4,380.4,380.4,380.4,0,19
2026-09-25 22:44:00,SENSEX,PE,74200.0,SENSEX26O0174200PE,484.8,484.8,484.8,484.8,0,19
2026-09-25 22:44:00,SENSEX,CE,74300.0,SENSEX26O0174300CE,333.5,333.5,333.5,333.5,0,19
2026-09-25 22:44:00,SENSEX,PE,74300.0,SENSEX26O0174300PE,523.2,523.2,523.2,523.2,0,19
2026-09-25 22:44:00,SENSEX,CE,74400.0,SENSEX26O0174400CE,285.6,285.6,285.6,285.6,0,19
2026-09-25 22:44:00,SENSEX,PE,74400.0,SENSEX26O0174400PE,583.55,583.55,583.55,583.55,0,19
2026-09-25 22:44:00,SENSEX,CE,74500.0,SENSEX26O0174500CE,249.2,249.2,249.2,249.2,0,19
2026-09-25 22:44:00,SENSEX,PE,74500.0,SENSEX26O0174500PE,636.0,636.0,636.0,636.0,0,19
2026-09-25 22:45:00,SENSEX,FUT,0.0,SENSEX26OCTFUT,74600.0,74600.0,74600.0,74600.0,0,19
2026-09-25 22:45:00,SENSEX,SPOT,0.0,SENSEX,73895.74,73895.74,73895.74,73895.74,0,19
2026-09-25 22:45:00,SENSEX,CE,73300.0,SENSEX26O0173300CE,965.55,965.55,965.55,965.55,0,19
2026-09-25 22:45:00,SENSEX,PE,73300.0,SENSEX26O0173300PE,166.0,166.0,166.0,166.0,0,19
2026-09-25 22:45:00,SENSEX,CE,73400.0,SENSEX26O0173400CE,893.45,893.45,893.45,893.45,0,19
2026-09-25 22:45:00,SENSEX,PE,73400.0,SENSEX26O0173400PE,187.65,187.65,187.65,187.65,0,19
2026-09-25 22:45:00,SENSEX,CE,73500.0,SENSEX26O0173500CE,801.0,801.0,801.0,801.0,0,19
2026-09-25 22:45:00,SENSEX,PE,73500.0,SENSEX26O0173500PE,211.85,211.85,211.85,211.85,0,19
2026-09-25 22:45:00,SENSEX,CE,73600.0,SENSEX26O0173600CE,721.5,721.5,721.5,721.5,0,19
2026-09-25 22:45:00,SENSEX,PE,73600.0,SENSEX26O0173600PE,235.3,235.3,235.3,235.3,0,19
2026-09-25 22:45:00,SENSEX,CE,73700.0,SENSEX26O0173700CE,655.0,655.0,655.0,655.0,0,19
2026-09-25 22:45:00,SENSEX,PE,73700.0,SENSEX26O0173700PE,270.0,270.0,270.0,270.0,0,19
2026-09-25 22:45:00,SENSEX,CE,73800.0,SENSEX26O0173800CE,607.2,607.2,607.2,607.2,0,19
2026-09-25 22:45:00,SENSEX,PE,73800.0,SENSEX26O0173800PE,304.0,304.0,304.0,304.0,0,19
2026-09-25 22:45:00,SENSEX,CE,73900.0,SENSEX26O0173900CE,545.0,545.0,545.0,545.0,0,19
2026-09-25 22:45:00,SENSEX,PE,73900.0,SENSEX26O0173900PE,340.05,340.05,340.05,340.05,0,19
2026-09-25 22:45:00,SENSEX,CE,74000.0,SENSEX26O0174000CE,484.1,484.1,484.1,484.1,0,19
2026-09-25 22:45:00,SENSEX,PE,74000.0,SENSEX26O0174000PE,388.5,388.5,388.5,388.5,0,19
2026-09-25 22:45:00,SENSEX,CE,74100.0,SENSEX26O0174100CE,424.65,424.65,424.65,424.65,0,19
2026-09-25 22:45:00,SENSEX,PE,74100.0,SENSEX26O0174100PE,424.05,424.05,424.05,424.05,0,19
2026-09-25 22:45:00,SENSEX,CE,74200.0,SENSEX26O0174200CE,380.4,380.4,380.4,380.4,0,19
2026-09-25 22:45:00,SENSEX,PE,74200.0,SENSEX26O0174200PE,484.8,484.8,484.8,484.8,0,19
2026-09-25 22:45:00,SENSEX,CE,74300.0,SENSEX26O0174300CE,333.5,333.5,333.5,333.5,0,19
2026-09-25 22:45:00,SENSEX,PE,74300.0,SENSEX26O0174300PE,523.2,523.2,523.2,523.2,0,19
2026-09-25 22:45:00,SENSEX,CE,74400.0,SENSEX26O0174400CE,285.6,285.6,285.6,285.6,0,19
2026-09-25 22:45:00,SENSEX,PE,74400.0,SENSEX26O0174400PE,583.55,583.55,583.55,583.55,0,19
2026-09-25 22:45:00,SENSEX,CE,74500.0,SENSEX26O0174500CE,249.2,249.2,249.2,249.2,0,19
2026-09-25 22:45:00,SENSEX,PE,74500.0,SENSEX26O0174500PE,636.0,636.0,636.0,636.0,0,19
2026-09-25 22:46:00,SENSEX,FUT,0.0,SENSEX26OCTFUT,74600.0,74600.0,74600.0,74600.0,0,19
2026-09-25 22:46:00,SENSEX,SPOT,0.0,SENSEX,73895.74,73895.74,73895.74,73895.74,0,19
2026-09-25 22:46:00,SENSEX,CE,73300.0,SENSEX26O0173300CE,965.55,965.55,965.55,965.55,0,19
2026-09-25 22:46:00,SENSEX,PE,73300.0,SENSEX26O0173300PE,166.0,166.0,166.0,166.0,0,19
2026-09-25 22:46:00,SENSEX,CE,73400.0,SENSEX26O0173400CE,893.45,893.45,893.45,893.45,0,19
2026-09-25 22:46:00,SENSEX,PE,73400.0,SENSEX26O0173400PE,187.65,187.65,187.65,187.65,0,19
2026-09-25 22:46:00,SENSEX,CE,73500.0,SENSEX26O0173500CE,801.0,801.0,801.0,801.0,0,19
2026-09-25 22:46:00,SENSEX,PE,73500.0,SENSEX26O0173500PE,211.85,211.85,211.85,211.85,0,19
2026-09-25 22:46:00,SENSEX,CE,73600.0,SENSEX26O0173600CE,721.5,721.5,721.5,721.5,0,19
2026-09-25 22:46:00,SENSEX,PE,73600.0,SENSEX26O0173600PE,235.3,235.3,235.3,235.3,0,19
2026-09-25 22:46:00,SENSEX,CE,73700.0,SENSEX26O0173700CE,655.0,655.0,655.0,655.0,0,19
2026-09-25 22:46:00,SENSEX,PE,73700.0,SENSEX26O0173700PE,270.0,270.0,270.0,270.0,0,19
2026-09-25 22:46:00,SENSEX,CE,73800.0,SENSEX26O0173800CE,607.2,607.2,607.2,607.2,0,19
2026-09-25 22:46:00,SENSEX,PE,73800.0,SENSEX26O0173800PE,304.0,304.0,304.0,304.0,0,19
2026-09-25 22:46:00,SENSEX,CE,73900.0,SENSEX26O0173900CE,545.0,545.0,545.0,545.0,0,19
2026-09-25 22:46:00,SENSEX,PE,73900.0,SENSEX26O0173900PE,340.05,340.05,340.05,340.05,0,19
2026-09-25 22:46:00,SENSEX,CE,74000.0,SENSEX26O0174000CE,484.1,484.1,484.1,484.1,0,19
2026-09-25 22:46:00,SENSEX,PE,74000.0,SENSEX26O0174000PE,388.5,388.5,388.5,388.5,0,19
2026-09-25 22:46:00,SENSEX,CE,74100.0,SENSEX26O0174100CE,424.65,424.65,424.65,424.65,0,19
2026-09-25 22:46:00,SENSEX,PE,74100.0,SENSEX26O0174100PE,424.05,424.05,424.05,424.05,0,19
2026-09-25 22:46:00,SENSEX,CE,74200.0,SENSEX26O0174200CE,380.4,380.4,380.4,380.4,0,19
2026-09-25 22:46:00,SENSEX,PE,74200.0,SENSEX26O0174200PE,484.8,484.8,484.8,484.8,0,19
2026-09-25 22:46:00,SENSEX,CE,74300.0,SENSEX26O0174300CE,333.5,333.5,333.5,333.5,0,19
2026-09-25 22:46:00,SENSEX,PE,74300.0,SENSEX26O0174300PE,523.2,523.2,523.2,523.2,0,19
2026-09-25 22:46:00,SENSEX,CE,74400.0,SENSEX26O0174400CE,285.6,285.6,285.6,285.6,0,19
2026-09-25 22:46:00,SENSEX,PE,74400.0,SENSEX26O0174400PE,583.55,583.55,583.55,583.55,0,19
2026-09-25 22:46:00,SENSEX,CE,74500.0,SENSEX26O0174500CE,249.2,249.2,249.2,249.2,0,19
2026-09-25 22:46:00,SENSEX,PE,74500.0,SENSEX26O0174500PE,636.0,636.0,636.0,636.0,0,19
2026-09-25 22:47:00,SENSEX,FUT,0.0,SENSEX26OCTFUT,74600.0,74600.0,74600.0,74600.0,0,18
2026-09-25 22:47:00,SENSEX,SPOT,0.0,SENSEX,73895.74,73895.74,73895.74,73895.74,0,18
2026-09-25 22:47:00,SENSEX,CE,73300.0,SENSEX26O0173300CE,965.55,965.55,965.55,965.55,0,18
2026-09-25 22:47:00,SENSEX,PE,73300.0,SENSEX26O0173300PE,166.0,166.0,166.0,166.0,0,18
2026-09-25 22:47:00,SENSEX,CE,73400.0,SENSEX26O0173400CE,893.45,893.45,893.45,893.45,0,18
2026-09-25 22:47:00,SENSEX,PE,73400.0,SENSEX26O0173400PE,187.65,187.65,187.65,187.65,0,18
2026-09-25 22:47:00,SENSEX,CE,73500.0,SENSEX26O0173500CE,801.0,801.0,801.0,801.0,0,18
2026-09-25 22:47:00,SENSEX,PE,73500.0,SENSEX26O0173500PE,211.85,211.85,211.85,211.85,0,18
2026-09-25 22:47:00,SENSEX,CE,73600.0,SENSEX26O0173600CE,721.5,721.5,721.5,721.5,0,18
2026-09-25 22:47:00,SENSEX,PE,73600.0,SENSEX26O0173600PE,235.3,235.3,235.3,235.3,0,18
2026-09-25 22:47:00,SENSEX,CE,73700.0,SENSEX26O0173700CE,655.0,655.0,655.0,655.0,0,18
2026-09-25 22:47:00,SENSEX,PE,73700.0,SENSEX26O0173700PE,270.0,270.0,270.0,270.0,0,18
2026-09-25 22:47:00,SENSEX,CE,73800.0,SENSEX26O0173800CE,607.2,607.2,607.2,607.2,0,18
2026-09-25 22:47:00,SENSEX,PE,73800.0,SENSEX26O0173800PE,304.0,304.0,304.0,304.0,0,18
2026-09-25 22:47:00,SENSEX,CE,73900.0,SENSEX26O0173900CE,545.0,545.0,545.0,545.0,0,18
2026-09-25 22:47:00,SENSEX,PE,73900.0,SENSEX26O0173900PE,340.05,340.05,340.05,340.05,0,18
2026-09-25 22:47:00,SENSEX,CE,74000.0,SENSEX26O0174000CE,484.1,484.1,484.1,484.1,0,18
2026-09-25 22:47:00,SENSEX,PE,74000.0,SENSEX26O0174000PE,388.5,388.5,388.5,388.5,0,18
2026-09-25 22:47:00,SENSEX,CE,74100.0,SENSEX26O0174100CE,424.65,424.65,424.65,424.65,0,18
2026-09-25 22:47:00,SENSEX,PE,74100.0,SENSEX26O0174100PE,424.05,424.05,424.05,424.05,0,18
2026-09-25 22:47:00,SENSEX,CE,74200.0,SENSEX26O0174200CE,380.4,380.4,380.4,380.4,0,18
2026-09-25 22:47:00,SENSEX,PE,74200.0,SENSEX26O0174200PE,484.8,484.8,484.8,484.8,0,18
2026-09-25 22:47:00,SENSEX,CE,74300.0,SENSEX26O0174300CE,333.5,333.5,333.5,333.5,0,18
2026-09-25 22:47:00,SENSEX,PE,74300.0,SENSEX26O0174300PE,523.2,523.2,523.2,523.2,0,18
2026-09-25 22:47:00,SENSEX,CE,74400.0,SENSEX26O0174400CE,285.6,285.6,285.6,285.6,0,18
2026-09-25 22:47:00,SENSEX,PE,74400.0,SENSEX26O0174400PE,583.55,583.55,583.55,583.55,0,18
2026-09-25 22:47:00,SENSEX,CE,74500.0,SENSEX26O0174500CE,249.2,249.2,249.2,249.2,0,18
2026-09-25 22:47:00,SENSEX,PE,74500.0,SENSEX26O0174500PE,636.0,636.0,636.0,636.0,0,18
2026-09-25 22:48:00,SENSEX,FUT,0.0,SENSEX26OCTFUT,74600.0,74600.0,74600.0,74600.0,0,19
2026-09-25 22:48:00,SENSEX,SPOT,0.0,SENSEX,73895.74,73895.74,73895.74,73895.74,0,19
2026-09-25 22:48:00,SENSEX,CE,73300.0,SENSEX26O0173300CE,965.55,965.55,965.55,965.55,0,19
2026-09-25 22:48:00,SENSEX,PE,73300.0,SENSEX26O0173300PE,166.0,166.0,166.0,166.0,0,19
2026-09-25 22:48:00,SENSEX,CE,73400.0,SENSEX26O0173400CE,893.45,893.45,893.45,893.45,0,19
2026-09-25 22:48:00,SENSEX,PE,73400.0,SENSEX26O0173400PE,187.65,187.65,187.65,187.65,0,19
2026-09-25 22:48:00,SENSEX,CE,73500.0,SENSEX26O0173500CE,801.0,801.0,801.0,801.0,0,19
2026-09-25 22:48:00,SENSEX,PE,73500.0,SENSEX26O0173500PE,211.85,211.85,211.85,211.85,0,19
2026-09-25 22:48:00,SENSEX,CE,73600.0,SENSEX26O0173600CE,721.5,721.5,721.5,721.5,0,19
2026-09-25 22:48:00,SENSEX,PE,73600.0,SENSEX26O0173600PE,235.3,235.3,235.3,235.3,0,19
2026-09-25 22:48:00,SENSEX,CE,73700.0,SENSEX26O0173700CE,655.0,655.0,655.0,655.0,0,19
2026-09-25 22:48:00,SENSEX,PE,73700.0,SENSEX26O0173700PE,270.0,270.0,270.0,270.0,0,19
2026-09-25 22:48:00,SENSEX,CE,73800.0,SENSEX26O0173800CE,607.2,607.2,607.2,607.2,0,19
2026-09-25 22:48:00,SENSEX,PE,73800.0,SENSEX26O0173800PE,304.0,304.0,304.0,304.0,0,19
2026-09-25 22:48:00,SENSEX,CE,73900.0,SENSEX26O0173900CE,545.0,545.0,545.0,545.0,0,19
2026-09-25 22:48:00,SENSEX,PE,73900.0,SENSEX26O0173900PE,340.05,340.05,340.05,340.05,0,19
2026-09-25 22:48:00,SENSEX,CE,74000.0,SENSEX26O0174000CE,484.1,484.1,484.1,484.1,0,19
2026-09-25 22:48:00,SENSEX,PE,74000.0,SENSEX26O0174000PE,388.5,388.5,388.5,388.5,0,19
2026-09-25 22:48:00,SENSEX,CE,74100.0,SENSEX26O0174100CE,424.65,424.65,424.65,424.65,0,19
2026-09-25 22:48:00,SENSEX,PE,74100.0,SENSEX26O0174100PE,424.05,424.05,424.05,424.05,0,19
2026-09-25 22:48:00,SENSEX,CE,74200.0,SENSEX26O0174200CE,380.4,380.4,380.4,380.4,0,19
2026-09-25 22:48:00,SENSEX,PE,74200.0,SENSEX26O0174200PE,484.8,484.8,484.8,484.8,0,19
2026-09-25 22:48:00,SENSEX,CE,74300.0,SENSEX26O0174300CE,333.5,333.5,333.5,333.5,0,19
2026-09-25 22:48:00,SENSEX,PE,74300.0,SENSEX26O0174300PE,523.2,523.2,523.2,523.2,0,19
2026-09-25 22:48:00,SENSEX,CE,74400.0,SENSEX26O0174400CE,285.6,285.6,285.6,285.6,0,19
2026-09-25 22:48:00,SENSEX,PE,74400.0,SENSEX26O0174400PE,583.55,583.55,583.55,583.55,0,19
2026-09-25 22:48:00,SENSEX,CE,74500.0,SENSEX26O0174500CE,249.2,249.2,249.2,249.2,0,19
2026-09-25 22:48:00,SENSEX,PE,74500.0,SENSEX26O0174500PE,636.0,636.0,636.0,636.0,0,19
2026-09-25 22:49:00,SENSEX,FUT,0.0,SENSEX26OCTFUT,74600.0,74600.0,74600.0,74600.0,0,19
2026-09-25 22:49:00,SENSEX,SPOT,0.0,SENSEX,73895.74,73895.74,73895.74,73895.74,0,19
2026-09-25 22:49:00,SENSEX,CE,73300.0,SENSEX26O0173300CE,965.55,965.55,965.55,965.55,0,19
2026-09-25 22:49:00,SENSEX,PE,73300.0,SENSEX26O0173300PE,166.0,166.0,166.0,166.0,0,19
2026-09-25 22:49:00,SENSEX,CE,73400.0,SENSEX26O0173400CE,893.45,893.45,893.45,893.45,0,19
2026-09-25 22:49:00,SENSEX,PE,73400.0,SENSEX26O0173400PE,187.65,187.65,187.65,187.65,0,19
2026-09-25 22:49:00,SENSEX,CE,73500.0,SENSEX26O0173500CE,801.0,801.0,801.0,801.0,0,19
2026-09-25 22:49:00,SENSEX,PE,73500.0,SENSEX26O0173500PE,211.85,211.85,211.85,211.85,0,19
2026-09-25 22:49:00,SENSEX,CE,73600.0,SENSEX26O0173600CE,721.5,721.5,721.5,721.5,0,19
2026-09-25 22:49:00,SENSEX,PE,73600.0,SENSEX26O0173600PE,235.3,235.3,235.3,235.3,0,19
2026-09-25 22:49:00,SENSEX,CE,73700.0,SENSEX26O0173700CE,655.0,655.0,655.0,655.0,0,19
2026-09-25 22:49:00,SENSEX,PE,73700.0,SENSEX26O0173700PE,270.0,270.0,270.0,270.0,0,19
2026-09-25 22:49:00,SENSEX,CE,73800.0,SENSEX26O0173800CE,607.2,607.2,607.2,607.2,0,19
2026-09-25 22:49:00,SENSEX,PE,73800.0,SENSEX26O0173800PE,304.0,304.0,304.0,304.0,0,19
2026-09-25 22:49:00,SENSEX,CE,73900.0,SENSEX26O0173900CE,545.0,545.0,545.0,545.0,0,19
2026-09-25 22:49:00,SENSEX,PE,73900.0,SENSEX26O0173900PE,340.05,340.05,340.05,340.05,0,19
2026-09-25 22:49:00,SENSEX,CE,74000.0,SENSEX26O0174000CE,484.1,484.1,484.1,484.1,0,19
2026-09-25 22:49:00,SENSEX,PE,74000.0,SENSEX26O0174000PE,388.5,388.5,388.5,388.5,0,19
2026-09-25 22:49:00,SENSEX,CE,74100.0,SENSEX26O0174100CE,424.65,424.65,424.65,424.65,0,19
2026-09-25 22:49:00,SENSEX,PE,74100.0,SENSEX26O0174100PE,424.05,424.05,424.05,424.05,0,19
2026-09-25 22:49:00,SENSEX,CE,74200.0,SENSEX26O0174200CE,380.4,380.4,380.4,380.4,0,19
2026-09-25 22:49:00,SENSEX,PE,74200.0,SENSEX26O0174200PE,484.8,484.8,484.8,484.8,0,19
2026-09-25 22:49:00,SENSEX,CE,74300.0,SENSEX26O0174300CE,333.5,333.5,333.5,333.5,0,19
2026-09-25 22:49:00,SENSEX,PE,74300.0,SENSEX26O0174300PE,523.2,523.2,523.2,523.2,0,19
2026-09-25 22:49:00,SENSEX,CE,74400.0,SENSEX26O0174400CE,285.6,285.6,285.6,285.6,0,19
2026-09-25 22:49:00,SENSEX,PE,74400.0,SENSEX26O0174400PE,583.55,583.55,583.55,583.55,0,19
2026-09-25 22:49:00,SENSEX,CE,74500.0,SENSEX26O0174500CE,249.2,249.2,249.2,249.2,0,19
2026-09-25 22:49:00,SENSEX,PE,74500.0,SENSEX26O0174500PE,636.0,636.0,636.0,636.0,0,19
2026-09-25 22:50:00,SENSEX,FUT,0.0,SENSEX26OCTFUT,74600.0,74600.0,74600.0,74600.0,0,10
2026-09-25 22:50:00,SENSEX,SPOT,0.0,SENSEX,73895.74,73895.74,73895.74,73895.74,0,10
2026-09-25 22:50:00,SENSEX,CE,73300.0,SENSEX26O0173300CE,965.55,965.55,965.55,965.55,0,10
2026-09-25 22:50:00,SENSEX,PE,73300.0,SENSEX26O0173300PE,166.0,166.0,166.0,166.0,0,10
2026-09-25 22:50:00,SENSEX,CE,73400.0,SENSEX26O0173400CE,893.45,893.45,893.45,893.45,0,10
2026-09-25 22:50:00,SENSEX,PE,73400.0,SENSEX26O0173400PE,187.65,187.65,187.65,187.65,0,10
2026-09-25 22:50:00,SENSEX,CE,73500.0,SENSEX26O0173500CE,801.0,801.0,801.0,801.0,0,10
2026-09-25 22:50:00,SENSEX,PE,73500.0,SENSEX26O0173500PE,211.85,211.85,211.85,211.85,0,10
2026-09-25 22:50:00,SENSEX,CE,73600.0,SENSEX26O0173600CE,721.5,721.5,721.5,721.5,0,10
2026-09-25 22:50:00,SENSEX,PE,73600.0,SENSEX26O0173600PE,235.3,235.3,235.3,235.3,0,10
2026-09-25 22:50:00,SENSEX,CE,73700.0,SENSEX26O0173700CE,655.0,655.0,655.0,655.0,0,10
2026-09-25 22:50:00,SENSEX,PE,73700.0,SENSEX26O0173700PE,270.0,270.0,270.0,270.0,0,10
2026-09-25 22:50:00,SENSEX,CE,73800.0,SENSEX26O0173800CE,607.2,607.2,607.2,607.2,0,10
2026-09-25 22:50:00,SENSEX,PE,73800.0,SENSEX26O0173800PE,304.0,304.0,304.0,304.0,0,10
2026-09-25 22:50:00,SENSEX,CE,73900.0,SENSEX26O0173900CE,545.0,545.0,545.0,545.0,0,10
2026-09-25 22:50:00,SENSEX,PE,73900.0,SENSEX26O0173900PE,340.05,340.05,340.05,340.05,0,10
2026-09-25 22:50:00,SENSEX,CE,74000.0,SENSEX26O0174000CE,484.1,484.1,484.1,484.1,0,10
2026-09-25 22:50:00,SENSEX,PE,74000.0,SENSEX26O0174000PE,388.5,388.5,388.5,388.5,0,10
2026-09-25 22:50:00,SENSEX,CE,74100.0,SENSEX26O0174100CE,424.65,424.65,424.65,424.65,0,10
2026-09-25 22:50:00,SENSEX,PE,74100.0,SENSEX26O0174100PE,424.05,424.05,424.05,424.05,0,10
2026-09-25 22:50:00,SENSEX,CE,74200.0,SENSEX26O0174200CE,380.4,380.4,380.4,380.4,0,10
2026-09-25 22:50:00,SENSEX,PE,74200.0,SENSEX26O0174200PE,484.8,484.8,484.8,484.8,0,10
2026-09-25 22:50:00,SENSEX,CE,74300.0,SENSEX26O0174300CE,333.5,333.5,333.5,333.5,0,10
2026-09-25 22:50:00,SENSEX,PE,74300.0,SENSEX26O0174300PE,523.2,523.2,523.2,523.2,0,10
2026-09-25 22:50:00,SENSEX,CE,74400.0,SENSEX26O0174400CE,285.6,285.6,285.6,285.6,0,10
2026-09-25 22:50:00,SENSEX,PE,74400.0,SENSEX26O0174400PE,583.55,583.55,583.55,583.55,0,10
2026-09-25 22:50:00,SENSEX,CE,74500.0,SENSEX26O0174500CE,249.2,249.2,249.2,249.2,0,10
2026-09-25 22:50:00,SENSEX,PE,74500.0,SENSEX26O0174500PE,636.0,636.0,636.0,636.0,0,10
2026-09-25 22:51:00,SENSEX,FUT,0.0,SENSEX26OCTFUT,74600.0,74600.0,74600.0,74600.0,0,9
2026-09-25 22:51:00,SENSEX,SPOT,0.0,SENSEX,73895.74,73895.74,73895.74,73895.74,0,9
2026-09-25 22:51:00,SENSEX,CE,73300.0,SENSEX26O0173300CE,965.55,965.55,965.55,965.55,0,9
2026-09-25 22:51:00,SENSEX,PE,73300.0,SENSEX26O0173300PE,166.0,166.0,166.0,166.0,0,9
2026-09-25 22:51:00,SENSEX,CE,73400.0,SENSEX26O0173400CE,893.45,893.45,893.45,893.45,0,9
2026-09-25 22:51:00,SENSEX,PE,73400.0,SENSEX26O0173400PE,187.65,187.65,187.65,187.65,0,9
2026-09-25 22:51:00,SENSEX,CE,73500.0,SENSEX26O0173500CE,801.0,801.0,801.0,801.0,0,9
2026-09-25 22:51:00,SENSEX,PE,73500.0,SENSEX26O0173500PE,211.85,211.85,211.85,211.85,0,9
2026-09-25 22:51:00,SENSEX,CE,73600.0,SENSEX26O0173600CE,721.5,721.5,721.5,721.5,0,9
2026-09-25 22:51:00,SENSEX,PE,73600.0,SENSEX26O0173600PE,235.3,235.3,235.3,235.3,0,9
2026-09-25 22:51:00,SENSEX,CE,73700.0,SENSEX26O0173700CE,655.0,655.0,655.0,655.0,0,9
2026-09-25 22:51:00,SENSEX,PE,73700.0,SENSEX26O0173700PE,270.0,270.0,270.0,270.0,0,9
2026-09-25 22:51:00,SENSEX,CE,73800.0,SENSEX26O0173800CE,607.2,607.2,607.2,607.2,0,9
2026-09-25 22:51:00,SENSEX,PE,73800.0,SENSEX26O0173800PE,304.0,304.0,304.0,304.0,0,9
2026-09-25 22:51:00,SENSEX,CE,73900.0,SENSEX26O0173900CE,545.0,545.0,545.0,545.0,0,9
2026-09-25 22:51:00,SENSEX,PE,73900.0,SENSEX26O0173900PE,340.05,340.05,340.05,340.05,0,9
2026-09-25 22:51:00,SENSEX,CE,74000.0,SENSEX26O0174000CE,484.1,484.1,484.1,484.1,0,9
2026-09-25 22:51:00,SENSEX,PE,74000.0,SENSEX26O0174000PE,388.5,388.5,388.5,388.5,0,9
2026-09-25 22:51:00,SENSEX,CE,74100.0,SENSEX26O0174100CE,424.65,424.65,424.65,424.65,0,9
2026-09-25 22:51:00,SENSEX,PE,74100.0,SENSEX26O0174100PE,424.05,424.05,424.05,424.05,0,9
2026-09-25 22:51:00,SENSEX,CE,74200.0,SENSEX26O0174200CE,380.4,380.4,380.4,380.4,0,9
2026-09-25 22:51:00,SENSEX,PE,74200.0,SENSEX26O0174200PE,484.8,484.8,484.8,484.8,0,9
2026-09-25 22:51:00,SENSEX,CE,74300.0,SENSEX26O0174300CE,333.5,333.5,333.5,333.5,0,9
2026-09-25 22:51:00,SENSEX,PE,74300.0,SENSEX26O0174300PE,523.2,523.2,523.2,523.2,0,9
2026-09-25 22:51:00,SENSEX,CE,74400.0,SENSEX26O0174400CE,285.6,285.6,285.6,285.6,0,9
2026-09-25 22:51:00,SENSEX,PE,74400.0,SENSEX26O0174400PE,583.55,583.55,583.55,583.55,0,9
2026-09-25 22:51:00,SENSEX,CE,74500.0,SENSEX26O0174500CE,249.2,249.2,249.2,249.2,0,9
2026-09-25 22:51:00,SENSEX,PE,74500.0,SENSEX26O0174500PE,636.0,636.0,636.0,636.0,0,9
2026-09-25 22:52:00,SENSEX,FUT,0.0,SENSEX26OCTFUT,74600.0,74600.0,74600.0,74600.0,0,11
2026-09-25 22:52:00,SENSEX,SPOT,0.0,SENSEX,73895.74,73895.74,73895.74,73895.74,0,11
2026-09-25 22:52:00,SENSEX,CE,73300.0,SENSEX26O0173300CE,965.55,965.55,965.55,965.55,0,11
2026-09-25 22:52:00,SENSEX,PE,73300.0,SENSEX26O0173300PE,166.0,166.0,166.0,166.0,0,11
2026-09-25 22:52:00,SENSEX,CE,73400.0,SENSEX26O0173400CE,893.45,893.45,893.45,893.45,0,11
2026-09-25 22:52:00,SENSEX,PE,73400.0,SENSEX26O0173400PE,187.65,187.65,187.65,187.65,0,11
2026-09-25 22:52:00,SENSEX,CE,73500.0,SENSEX26O0173500CE,801.0,801.0,801.0,801.0,0,11
2026-09-25 22:52:00,SENSEX,PE,73500.0,SENSEX26O0173500PE,211.85,211.85,211.85,211.85,0,11
2026-09-25 22:52:00,SENSEX,CE,73600.0,SENSEX26O0173600CE,721.5,721.5,721.5,721.5,0,11
2026-09-25 22:52:00,SENSEX,PE,73600.0,SENSEX26O0173600PE,235.3,235.3,235.3,235.3,0,11
2026-09-25 22:52:00,SENSEX,CE,73700.0,SENSEX26O0173700CE,655.0,655.0,655.0,655.0,0,11
2026-09-25 22:52:00,SENSEX,PE,73700.0,SENSEX26O0173700PE,270.0,270.0,270.0,270.0,0,11
2026-09-25 22:52:00,SENSEX,CE,73800.0,SENSEX26O0173800CE,607.2,607.2,607.2,607.2,0,11
2026-09-25 22:52:00,SENSEX,PE,73800.0,SENSEX26O0173800PE,304.0,304.0,304.0,304.0,0,11
2026-09-25 22:52:00,SENSEX,CE,73900.0,SENSEX26O0173900CE,545.0,545.0,545.0,545.0,0,11
2026-09-25 22:52:00,SENSEX,PE,73900.0,SENSEX26O0173900PE,340.05,340.05,340.05,340.05,0,11
2026-09-25 22:52:00,SENSEX,CE,74000.0,SENSEX26O0174000CE,484.1,484.1,484.1,484.1,0,11
2026-09-25 22:52:00,SENSEX,PE,74000.0,SENSEX26O0174000PE,388.5,388.5,388.5,388.5,0,11
2026-09-25 22:52:00,SENSEX,CE,74100.0,SENSEX26O0174100CE,424.65,424.65,424.65,424.65,0,11
2026-09-25 22:52:00,SENSEX,PE,74100.0,SENSEX26O0174100PE,424.05,424.05,424.05,424.05,0,11
2026-09-25 22:52:00,SENSEX,CE,74200.0,SENSEX26O0174200CE,380.4,380.4,380.4,380.4,0,11
2026-09-25 22:52:00,SENSEX,PE,74200.0,SENSEX26O0174200PE,484.8,484.8,484.8,484.8,0,11
2026-09-25 22:52:00,SENSEX,CE,74300.0,SENSEX26O0174300CE,333.5,333.5,333.5,333.5,0,11
2026-09-25 22:52:00,SENSEX,PE,74300.0,SENSEX26O0174300PE,523.2,523.2,523.2,523.2,0,11
2026-09-25 22:52:00,SENSEX,CE,74400.0,SENSEX26O0174400CE,285.6,285.6,285.6,285.6,0,11
2026-09-25 22:52:00,SENSEX,PE,74400.0,SENSEX26O0174400PE,583.55,583.55,583.55,583.55,0,11
2026-09-25 22:52:00,SENSEX,CE,74500.0,SENSEX26O0174500CE,249.2,249.2,249.2,249.2,0,11
2026-09-25 22:52:00,SENSEX,PE,74500.0,SENSEX26O0174500PE,636.0,636.0,636.0,636.0,0,11
2026-09-25 22:53:00,SENSEX,FUT,0.0,SENSEX26OCTFUT,74600.0,74600.0,74600.0,74600.0,0,8
2026-09-25 22:53:00,SENSEX,SPOT,0.0,SENSEX,73895.74,73895.74,73895.74,73895.74,0,8
2026-09-25 22:53:00,SENSEX,CE,73300.0,SENSEX26O0173300CE,965.55,965.55,965.55,965.55,0,8
2026-09-25 22:53:00,SENSEX,PE,73300.0,SENSEX26O0173300PE,166.0,166.0,166.0,166.0,0,8
2026-09-25 22:53:00,SENSEX,CE,73400.0,SENSEX26O0173400CE,893.45,893.45,893.45,893.45,0,8
2026-09-25 22:53:00,SENSEX,PE,73400.0,SENSEX26O0173400PE,187.65,187.65,187.65,187.65,0,8
2026-09-25 22:53:00,SENSEX,CE,73500.0,SENSEX26O0173500CE,801.0,801.0,801.0,801.0,0,8
2026-09-25 22:53:00,SENSEX,PE,73500.0,SENSEX26O0173500PE,211.85,211.85,211.85,211.85,0,8
2026-09-25 22:53:00,SENSEX,CE,73600.0,SENSEX26O0173600CE,721.5,721.5,721.5,721.5,0,8
2026-09-25 22:53:00,SENSEX,PE,73600.0,SENSEX26O0173600PE,235.3,235.3,235.3,235.3,0,8
2026-09-25 22:53:00,SENSEX,CE,73700.0,SENSEX26O0173700CE,655.0,655.0,655.0,655.0,0,8
2026-09-25 22:53:00,SENSEX,PE,73700.0,SENSEX26O0173700PE,270.0,270.0,270.0,270.0,0,8
2026-09-25 22:53:00,SENSEX,CE,73800.0,SENSEX26O0173800CE,607.2,607.2,607.2,607.2,0,8
2026-09-25 22:53:00,SENSEX,PE,73800.0,SENSEX26O0173800PE,304.0,304.0,304.0,304.0,0,8
2026-09-25 22:53:00,SENSEX,CE,73900.0,SENSEX26O0173900CE,545.0,545.0,545.0,545.0,0,8
2026-09-25 22:53:00,SENSEX,PE,73900.0,SENSEX26O0173900PE,340.05,340.05,340.05,340.05,0,8
2026-09-25 22:53:00,SENSEX,CE,74000.0,SENSEX26O0174000CE,484.1,484.1,484.1,484.1,0,8
2026-09-25 22:53:00,SENSEX,PE,74000.0,SENSEX26O0174000PE,388.5,388.5,388.5,388.5,0,8
2026-09-25 22:53:00,SENSEX,CE,74100.0,SENSEX26O0174100CE,424.65,424.65,424.65,424.65,0,8
2026-09-25 22:53:00,SENSEX,PE,74100.0,SENSEX26O0174100PE,424.05,424.05,424.05,424.05,0,8
2026-09-25 22:53:00,SENSEX,CE,74200.0,SENSEX26O0174200CE,380.4,380.4,380.4,380.4,0,8
2026-09-25 22:53:00,SENSEX,PE,74200.0,SENSEX26O0174200PE,484.8,484.8,484.8,484.8,0,8
2026-09-25 22:53:00,SENSEX,CE,74300.0,SENSEX26O0174300CE,333.5,333.5,333.5,333.5,0,8
2026-09-25 22:53:00,SENSEX,PE,74300.0,SENSEX26O0174300PE,523.2,523.2,523.2,523.2,0,8
2026-09-25 22:53:00,SENSEX,CE,74400.0,SENSEX26O0174400CE,285.6,285.6,285.6,285.6,0,8
2026-09-25 22:53:00,SENSEX,PE,74400.0,SENSEX26O0174400PE,583.55,583.55,583.55,583.55,0,8
2026-09-25 22:53:00,SENSEX,CE,74500.0,SENSEX26O0174500CE,249.2,249.2,249.2,249.2,0,8
2026-09-25 22:53:00,SENSEX,PE,74500.0,SENSEX26O0174500PE,636.0,636.0,636.0,636.0,0,8
2026-09-25 22:54:00,SENSEX,FUT,0.0,SENSEX26OCTFUT,74600.0,74600.0,74600.0,74600.0,0,17
2026-09-25 22:54:00,SENSEX,SPOT,0.0,SENSEX,73895.74,73895.74,73895.74,73895.74,0,17
2026-09-25 22:54:00,SENSEX,CE,73300.0,SENSEX26O0173300CE,965.55,965.55,965.55,965.55,0,17
2026-09-25 22:54:00,SENSEX,PE,73300.0,SENSEX26O0173300PE,166.0,166.0,166.0,166.0,0,17
2026-09-25 22:54:00,SENSEX,CE,73400.0,SENSEX26O0173400CE,893.45,893.45,893.45,893.45,0,17
2026-09-25 22:54:00,SENSEX,PE,73400.0,SENSEX26O0173400PE,187.65,187.65,187.65,187.65,0,17
2026-09-25 22:54:00,SENSEX,CE,73500.0,SENSEX26O0173500CE,801.0,801.0,801.0,801.0,0,17
2026-09-25 22:54:00,SENSEX,PE,73500.0,SENSEX26O0173500PE,211.85,211.85,211.85,211.85,0,17
2026-09-25 22:54:00,SENSEX,CE,73600.0,SENSEX26O0173600CE,721.5,721.5,721.5,721.5,0,17
2026-09-25 22:54:00,SENSEX,PE,73600.0,SENSEX26O0173600PE,235.3,235.3,235.3,235.3,0,17
2026-09-25 22:54:00,SENSEX,CE,73700.0,SENSEX26O0173700CE,655.0,655.0,655.0,655.0,0,17
2026-09-25 22:54:00,SENSEX,PE,73700.0,SENSEX26O0173700PE,270.0,270.0,270.0,270.0,0,17
2026-09-25 22:54:00,SENSEX,CE,73800.0,SENSEX26O0173800CE,607.2,607.2,607.2,607.2,0,17
2026-09-25 22:54:00,SENSEX,PE,73800.0,SENSEX26O0173800PE,304.0,304.0,304.0,304.0,0,17
2026-09-25 22:54:00,SENSEX,CE,73900.0,SENSEX26O0173900CE,545.0,545.0,545.0,545.0,0,17
2026-09-25 22:54:00,SENSEX,PE,73900.0,SENSEX26O0173900PE,340.05,340.05,340.05,340.05,0,17
2026-09-25 22:54:00,SENSEX,CE,74000.0,SENSEX26O0174000CE,484.1,484.1,484.1,484.1,0,17
2026-09-25 22:54:00,SENSEX,PE,74000.0,SENSEX26O0174000PE,388.5,388.5,388.5,388.5,0,17
2026-09-25 22:54:00,SENSEX,CE,74100.0,SENSEX26O0174100CE,424.65,424.65,424.65,424.65,0,17
2026-09-25 22:54:00,SENSEX,PE,74100.0,SENSEX26O0174100PE,424.05,424.05,424.05,424.05,0,17
2026-09-25 22:54:00,SENSEX,CE,74200.0,SENSEX26O0174200CE,380.4,380.4,380.4,380.4,0,17
2026-09-25 22:54:00,SENSEX,PE,74200.0,SENSEX26O0174200PE,484.8,484.8,484.8,484.8,0,17
2026-09-25 22:54:00,SENSEX,CE,74300.0,SENSEX26O0174300CE,333.5,333.5,333.5,333.5,0,17
2026-09-25 22:54:00,SENSEX,PE,74300.0,SENSEX26O0174300PE,523.2,523.2,523.2,523.2,0,17
2026-09-25 22:54:00,SENSEX,CE,74400.0,SENSEX26O0174400CE,285.6,285.6,285.6,285.6,0,17
2026-09-25 22:54:00,SENSEX,PE,74400.0,SENSEX26O0174400PE,583.55,583.55,583.55,583.55,0,17
2026-09-25 22:54:00,SENSEX,CE,74500.0,SENSEX26O0174500CE,249.2,249.2,249.2,249.2,0,17
2026-09-25 22:54:00,SENSEX,PE,74500.0,SENSEX26O0174500PE,636.0,636.0,636.0,636.0,0,17
2026-09-25 22:55:00,SENSEX,FUT,0.0,SENSEX26OCTFUT,74600.0,74600.0,74600.0,74600.0,0,2
2026-09-25 22:55:00,SENSEX,SPOT,0.0,SENSEX,73895.74,73895.74,73895.74,73895.74,0,2
2026-09-25 22:55:00,SENSEX,CE,73300.0,SENSEX26O0173300CE,965.55,965.55,965.55,965.55,0,2
2026-09-25 22:55:00,SENSEX,PE,73300.0,SENSEX26O0173300PE,166.0,166.0,166.0,166.0,0,2
2026-09-25 22:55:00,SENSEX,CE,73400.0,SENSEX26O0173400CE,893.45,893.45,893.45,893.45,0,2
2026-09-25 22:55:00,SENSEX,PE,73400.0,SENSEX26O0173400PE,187.65,187.65,187.65,187.65,0,2
2026-09-25 22:55:00,SENSEX,CE,73500.0,SENSEX26O0173500CE,801.0,801.0,801.0,801.0,0,2
2026-09-25 22:55:00,SENSEX,PE,73500.0,SENSEX26O0173500PE,211.85,211.85,211.85,211.85,0,2
2026-09-25 22:55:00,SENSEX,CE,73600.0,SENSEX26O0173600CE,721.5,721.5,721.5,721.5,0,2
2026-09-25 22:55:00,SENSEX,PE,73600.0,SENSEX26O0173600PE,235.3,235.3,235.3,235.3,0,2
2026-09-25 22:55:00,SENSEX,CE,73700.0,SENSEX26O0173700CE,655.0,655.0,655.0,655.0,0,2
2026-09-25 22:55:00,SENSEX,PE,73700.0,SENSEX26O0173700PE,270.0,270.0,270.0,270.0,0,2
2026-09-25 22:55:00,SENSEX,CE,73800.0,SENSEX26O0173800CE,607.2,607.2,607.2,607.2,0,2
2026-09-25 22:55:00,SENSEX,PE,73800.0,SENSEX26O0173800PE,304.0,304.0,304.0,304.0,0,2
2026-09-25 22:55:00,SENSEX,CE,73900.0,SENSEX26O0173900CE,545.0,545.0,545.0,545.0,0,2
2026-09-25 22:55:00,SENSEX,PE,73900.0,SENSEX26O0173900PE,340.05,340.05,340.05,340.05,0,2
2026-09-25 22:55:00,SENSEX,CE,74000.0,SENSEX26O0174000CE,484.1,484.1,484.1,484.1,0,2
2026-09-25 22:55:00,SENSEX,PE,74000.0,SENSEX26O0174000PE,388.5,388.5,388.5,388.5,0,2
2026-09-25 22:55:00,SENSEX,CE,74100.0,SENSEX26O0174100CE,424.65,424.65,424.65,424.65,0,2
2026-09-25 22:55:00,SENSEX,PE,74100.0,SENSEX26O0174100PE,424.05,424.05,424.05,424.05,0,2
2026-09-25 22:55:00,SENSEX,CE,74200.0,SENSEX26O0174200CE,380.4,380.4,380.4,380.4,0,2
2026-09-25 22:55:00,SENSEX,PE,74200.0,SENSEX26O0174200PE,484.8,484.8,484.8,484.8,0,2
2026-09-25 22:55:00,SENSEX,CE,74300.0,SENSEX26O0174300CE,333.5,333.5,333.5,333.5,0,2
2026-09-25 22:55:00,SENSEX,PE,74300.0,SENSEX26O0174300PE,523.2,523.2,523.2,523.2,0,2
2026-09-25 22:55:00,SENSEX,CE,74400.0,SENSEX26O0174400CE,285.6,285.6,285.6,285.6,0,2
2026-09-25 22:55:00,SENSEX,PE,74400.0,SENSEX26O0174400PE,583.55,583.55,583.55,583.55,0,2
2026-09-25 22:55:00,SENSEX,CE,74500.0,SENSEX26O0174500CE,249.2,249.2,249.2,249.2,0,2
2026-09-25 22:55:00,SENSEX,PE,74500.0,SENSEX26O0174500PE,636.0,636.0,636.0,636.0,0,2
2026-09-25 22:56:00,SENSEX,FUT,0.0,SENSEX26OCTFUT,74600.0,74600.0,74600.0,74600.0,0,19
2026-09-25 22:56:00,SENSEX,SPOT,0.0,SENSEX,73895.74,73895.74,73895.74,73895.74,0,19
2026-09-25 22:56:00,SENSEX,CE,73300.0,SENSEX26O0173300CE,965.55,965.55,965.55,965.55,0,19
2026-09-25 22:56:00,SENSEX,PE,73300.0,SENSEX26O0173300PE,166.0,166.0,166.0,166.0,0,19
2026-09-25 22:56:00,SENSEX,CE,73400.0,SENSEX26O0173400CE,893.45,893.45,893.45,893.45,0,19
2026-09-25 22:56:00,SENSEX,PE,73400.0,SENSEX26O0173400PE,187.65,187.65,187.65,187.65,0,19
2026-09-25 22:56:00,SENSEX,CE,73500.0,SENSEX26O0173500CE,801.0,801.0,801.0,801.0,0,19
2026-09-25 22:56:00,SENSEX,PE,73500.0,SENSEX26O0173500PE,211.85,211.85,211.85,211.85,0,19
2026-09-25 22:56:00,SENSEX,CE,73600.0,SENSEX26O0173600CE,721.5,721.5,721.5,721.5,0,19
2026-09-25 22:56:00,SENSEX,PE,73600.0,SENSEX26O0173600PE,235.3,235.3,235.3,235.3,0,19
2026-09-25 22:56:00,SENSEX,CE,73700.0,SENSEX26O0173700CE,655.0,655.0,655.0,655.0,0,19
2026-09-25 22:56:00,SENSEX,PE,73700.0,SENSEX26O0173700PE,270.0,270.0,270.0,270.0,0,19
2026-09-25 22:56:00,SENSEX,CE,73800.0,SENSEX26O0173800CE,607.2,607.2,607.2,607.2,0,19
2026-09-25 22:56:00,SENSEX,PE,73800.0,SENSEX26O0173800PE,304.0,304.0,304.0,304.0,0,19
2026-09-25 22:56:00,SENSEX,CE,73900.0,SENSEX26O0173900CE,545.0,545.0,545.0,545.0,0,19
2026-09-25 22:56:00,SENSEX,PE,73900.0,SENSEX26O0173900PE,340.05,340.05,340.05,340.05,0,19
2026-09-25 22:56:00,SENSEX,CE,74000.0,SENSEX26O0174000CE,484.1,484.1,484.1,484.1,0,19
2026-09-25 22:56:00,SENSEX,PE,74000.0,SENSEX26O0174000PE,388.5,388.5,388.5,388.5,0,19
2026-09-25 22:56:00,SENSEX,CE,74100.0,SENSEX26O0174100CE,424.65,424.65,424.65,424.65,0,19
2026-09-25 22:56:00,SENSEX,PE,74100.0,SENSEX26O0174100PE,424.05,424.05,424.05,424.05,0,19
2026-09-25 22:56:00,SENSEX,CE,74200.0,SENSEX26O0174200CE,380.4,380.4,380.4,380.4,0,19
2026-09-25 22:56:00,SENSEX,PE,74200.0,SENSEX26O0174200PE,484.8,484.8,484.8,484.8,0,19
2026-09-25 22:56:00,SENSEX,CE,74300.0,SENSEX26O0174300CE,333.5,333.5,333.5,333.5,0,19
2026-09-25 22:56:00,SENSEX,PE,74300.0,SENSEX26O0174300PE,523.2,523.2,523.2,523.2,0,19
2026-09-25 22:56:00,SENSEX,CE,74400.0,SENSEX26O0174400CE,285.6,285.6,285.6,285.6,0,19
2026-09-25 22:56:00,SENSEX,PE,74400.0,SENSEX26O0174400PE,583.55,583.55,583.55,583.55,0,19
2026-09-25 22:56:00,SENSEX,CE,74500.0,SENSEX26O0174500CE,249.2,249.2,249.2,249.2,0,19
2026-09-25 22:56:00,SENSEX,PE,74500.0,SENSEX26O0174500PE,636.0,636.0,636.0,636.0,0,19
2026-09-25 22:57:00,SENSEX,FUT,0.0,SENSEX26OCTFUT,74600.0,74600.0,74600.0,74600.0,0,18
2026-09-25 22:57:00,SENSEX,SPOT,0.0,SENSEX,73895.74,73895.74,73895.74,73895.74,0,18
2026-09-25 22:57:00,SENSEX,CE,73300.0,SENSEX26O0173300CE,965.55,965.55,965.55,965.55,0,18
2026-09-25 22:57:00,SENSEX,PE,73300.0,SENSEX26O0173300PE,166.0,166.0,166.0,166.0,0,18
2026-09-25 22:57:00,SENSEX,CE,73400.0,SENSEX26O0173400CE,893.45,893.45,893.45,893.45,0,18
2026-09-25 22:57:00,SENSEX,PE,73400.0,SENSEX26O0173400PE,187.65,187.65,187.65,187.65,0,18
2026-09-25 22:57:00,SENSEX,CE,73500.0,SENSEX26O0173500CE,801.0,801.0,801.0,801.0,0,18
2026-09-25 22:57:00,SENSEX,PE,73500.0,SENSEX26O0173500PE,211.85,211.85,211.85,211.85,0,18
2026-09-25 22:57:00,SENSEX,CE,73600.0,SENSEX26O0173600CE,721.5,721.5,721.5,721.5,0,18
2026-09-25 22:57:00,SENSEX,PE,73600.0,SENSEX26O0173600PE,235.3,235.3,235.3,235.3,0,18
2026-09-25 22:57:00,SENSEX,CE,73700.0,SENSEX26O0173700CE,655.0,655.0,655.0,655.0,0,18
2026-09-25 22:57:00,SENSEX,PE,73700.0,SENSEX26O0173700PE,270.0,270.0,270.0,270.0,0,18
2026-09-25 22:57:00,SENSEX,CE,73800.0,SENSEX26O0173800CE,607.2,607.2,607.2,607.2,0,18
2026-09-25 22:57:00,SENSEX,PE,73800.0,SENSEX26O0173800PE,304.0,304.0,304.0,304.0,0,18
2026-09-25 22:57:00,SENSEX,CE,73900.0,SENSEX26O0173900CE,545.0,545.0,545.0,545.0,0,18
2026-09-25 22:57:00,SENSEX,PE,73900.0,SENSEX26O0173900PE,340.05,340.05,340.05,340.05,0,18
2026-09-25 22:57:00,SENSEX,CE,74000.0,SENSEX26O0174000CE,484.1,484.1,484.1,484.1,0,18
2026-09-25 22:57:00,SENSEX,PE,74000.0,SENSEX26O0174000PE,388.5,388.5,388.5,388.5,0,18
2026-09-25 22:57:00,SENSEX,CE,74100.0,SENSEX26O0174100CE,424.65,424.65,424.65,424.65,0,18
2026-09-25 22:57:00,SENSEX,PE,74100.0,SENSEX26O0174100PE,424.05,424.05,424.05,424.05,0,18
2026-09-25 22:57:00,SENSEX,CE,74200.0,SENSEX26O0174200CE,380.4,380.4,380.4,380.4,0,18
2026-09-25 22:57:00,SENSEX,PE,74200.0,SENSEX26O0174200PE,484.8,484.8,484.8,484.8,0,18
2026-09-25 22:57:00,SENSEX,CE,74300.0,SENSEX26O0174300CE,333.5,333.5,333.5,333.5,0,18
2026-09-25 22:57:00,SENSEX,PE,74300.0,SENSEX26O0174300PE,523.2,523.2,523.2,523.2,0,18
2026-09-25 22:57:00,SENSEX,CE,74400.0,SENSEX26O0174400CE,285.6,285.6,285.6,285.6,0,18
2026-09-25 22:57:00,SENSEX,PE,74400.0,SENSEX26O0174400PE,583.55,583.55,583.55,583.55,0,18
2026-09-25 22:57:00,SENSEX,CE,74500.0,SENSEX26O0174500CE,249.2,249.2,249.2,249.2,0,18
2026-09-25 22:57:00,SENSEX,PE,74500.0,SENSEX26O0174500PE,636.0,636.0,636.0,636.0,0,18
2026-09-25 22:58:00,SENSEX,FUT,0.0,SENSEX26OCTFUT,74600.0,74600.0,74600.0,74600.0,0,19
2026-09-25 22:58:00,SENSEX,SPOT,0.0,SENSEX,73895.74,73895.74,73895.74,73895.74,0,19
2026-09-25 22:58:00,SENSEX,CE,73300.0,SENSEX26O0173300CE,965.55,965.55,965.55,965.55,0,19
2026-09-25 22:58:00,SENSEX,PE,73300.0,SENSEX26O0173300PE,166.0,166.0,166.0,166.0,0,19
2026-09-25 22:58:00,SENSEX,CE,73400.0,SENSEX26O0173400CE,893.45,893.45,893.45,893.45,0,19
2026-09-25 22:58:00,SENSEX,PE,73400.0,SENSEX26O0173400PE,187.65,187.65,187.65,187.65,0,19
2026-09-25 22:58:00,SENSEX,CE,73500.0,SENSEX26O0173500CE,801.0,801.0,801.0,801.0,0,19
2026-09-25 22:58:00,SENSEX,PE,73500.0,SENSEX26O0173500PE,211.85,211.85,211.85,211.85,0,19
2026-09-25 22:58:00,SENSEX,CE,73600.0,SENSEX26O0173600CE,721.5,721.5,721.5,721.5,0,19
2026-09-25 22:58:00,SENSEX,PE,73600.0,SENSEX26O0173600PE,235.3,235.3,235.3,235.3,0,19
2026-09-25 22:58:00,SENSEX,CE,73700.0,SENSEX26O0173700CE,655.0,655.0,655.0,655.0,0,19
2026-09-25 22:58:00,SENSEX,PE,73700.0,SENSEX26O0173700PE,270.0,270.0,270.0,270.0,0,19
2026-09-25 22:58:00,SENSEX,CE,73800.0,SENSEX26O0173800CE,607.2,607.2,607.2,607.2,0,19
2026-09-25 22:58:00,SENSEX,PE,73800.0,SENSEX26O0173800PE,304.0,304.0,304.0,304.0,0,19
2026-09-25 22:58:00,SENSEX,CE,73900.0,SENSEX26O0173900CE,545.0,545.0,545.0,545.0,0,19
2026-09-25 22:58:00,SENSEX,PE,73900.0,SENSEX26O0173900PE,340.05,340.05,340.05,340.05,0,19
2026-09-25 22:58:00,SENSEX,CE,74000.0,SENSEX26O0174000CE,484.1,484.1,484.1,484.1,0,19
2026-09-25 22:58:00,SENSEX,PE,74000.0,SENSEX26O0174000PE,388.5,388.5,388.5,388.5,0,19
2026-09-25 22:58:00,SENSEX,CE,74100.0,SENSEX26O0174100CE,424.65,424.65,424.65,424.65,0,19
2026-09-25 22:58:00,SENSEX,PE,74100.0,SENSEX26O0174100PE,424.05,424.05,424.05,424.05,0,19
2026-09-25 22:58:00,SENSEX,CE,74200.0,SENSEX26O0174200CE,380.4,380.4,380.4,380.4,0,19
2026-09-25 22:58:00,SENSEX,PE,74200.0,SENSEX26O0174200PE,484.8,484.8,484.8,484.8,0,19
2026-09-25 22:58:00,SENSEX,CE,74300.0,SENSEX26O0174300CE,333.5,333.5,333.5,333.5,0,19
2026-09-25 22:58:00,SENSEX,PE,74300.0,SENSEX26O0174300PE,523.2,523.2,523.2,523.2,0,19
2026-09-25 22:58:00,SENSEX,CE,74400.0,SENSEX26O0174400CE,285.6,285.6,285.6,285.6,0,19
2026-09-25 22:58:00,SENSEX,PE,74400.0,SENSEX26O0174400PE,583.55,583.55,583.55,583.55,0,19
2026-09-25 22:58:00,SENSEX,CE,74500.0,SENSEX26O0174500CE,249.2,249.2,249.2,249.2,0,19
2026-09-25 22:58:00,SENSEX,PE,74500.0,SENSEX26O0174500PE,636.0,636.0,636.0,636.0,0,19
2026-09-25 22:59:00,SENSEX,FUT,0.0,SENSEX26OCTFUT,74600.0,74600.0,74600.0,74600.0,0,19
2026-09-25 22:59:00,SENSEX,SPOT,0.0,SENSEX,73895.74,73895.74,73895.74,73895.74,0,19
2026-09-25 22:59:00,SENSEX,CE,73300.0,SENSEX26O0173300CE,965.55,965.55,965.55,965.55,0,19
2026-09-25 22:59:00,SENSEX,PE,73300.0,SENSEX26O0173300PE,166.0,166.0,166.0,166.0,0,19
2026-09-25 22:59:00,SENSEX,CE,73400.0,SENSEX26O0173400CE,893.45,893.45,893.45,893.45,0,19
2026-09-25 22:59:00,SENSEX,PE,73400.0,SENSEX26O0173400PE,187.65,187.65,187.65,187.65,0,19
2026-09-25 22:59:00,SENSEX,CE,73500.0,SENSEX26O0173500CE,801.0,801.0,801.0,801.0,0,19
2026-09-25 22:59:00,SENSEX,PE,73500.0,SENSEX26O0173500PE,211.85,211.85,211.85,211.85,0,19
2026-09-25 22:59:00,SENSEX,CE,73600.0,SENSEX26O0173600CE,721.5,721.5,721.5,721.5,0,19
2026-09-25 22:59:00,SENSEX,PE,73600.0,SENSEX26O0173600PE,235.3,235.3,235.3,235.3,0,19
2026-09-25 22:59:00,SENSEX,CE,73700.0,SENSEX26O0173700CE,655.0,655.0,655.0,655.0,0,19
2026-09-25 22:59:00,SENSEX,PE,73700.0,SENSEX26O0173700PE,270.0,270.0,270.0,270.0,0,19
2026-09-25 22:59:00,SENSEX,CE,73800.0,SENSEX26O0173800CE,607.2,607.2,607.2,607.2,0,19
2026-09-25 22:59:00,SENSEX,PE,73800.0,SENSEX26O0173800PE,304.0,304.0,304.0,304.0,0,19
2026-09-25 22:59:00,SENSEX,CE,73900.0,SENSEX26O0173900CE,545.0,545.0,545.0,545.0,0,19
2026-09-25 22:59:00,SENSEX,PE,73900.0,SENSEX26O0173900PE,340.05,340.05,340.05,340.05,0,19
2026-09-25 22:59:00,SENSEX,CE,74000.0,SENSEX26O0174000CE,484.1,484.1,484.1,484.1,0,19
2026-09-25 22:59:00,SENSEX,PE,74000.0,SENSEX26O0174000PE,388.5,388.5,388.5,388.5,0,19
2026-09-25 22:59:00,SENSEX,CE,74100.0,SENSEX26O0174100CE,424.65,424.65,424.65,424.65,0,19
2026-09-25 22:59:00,SENSEX,PE,74100.0,SENSEX26O0174100PE,424.05,424.05,424.05,424.05,0,19
2026-09-25 22:59:00,SENSEX,CE,74200.0,SENSEX26O0174200CE,380.4,380.4,380.4,380.4,0,19
2026-09-25 22:59:00,SENSEX,PE,74200.0,SENSEX26O0174200PE,484.8,484.8,484.8,484.8,0,19
2026-09-25 22:59:00,SENSEX,CE,74300.0,SENSEX26O0174300CE,333.5,333.5,333.5,333.5,0,19
2026-09-25 22:59:00,SENSEX,PE,74300.0,SENSEX26O0174300PE,523.2,523.2,523.2,523.2,0,19
2026-09-25 22:59:00,SENSEX,CE,74400.0,SENSEX26O0174400CE,285.6,285.6,285.6,285.6,0,19
2026-09-25 22:59:00,SENSEX,PE,74400.0,SENSEX26O0174400PE,583.55,583.55,583.55,583.55,0,19
2026-09-25 22:59:00,SENSEX,CE,74500.0,SENSEX26O0174500CE,249.2,249.2,249.2,249.2,0,19
2026-09-25 22:59:00,SENSEX,PE,74500.0,SENSEX26O0174500PE,636.0,636.0,636.0,636.0,0,19
2026-09-25 23:00:00,SENSEX,FUT,0.0,SENSEX26OCTFUT,74600.0,74600.0,74600.0,74600.0,0,19
2026-09-25 23:00:00,SENSEX,SPOT,0.0,SENSEX,73895.74,73895.74,73895.74,73895.74,0,19
2026-09-25 23:00:00,SENSEX,CE,73300.0,SENSEX26O0173300CE,965.55,965.55,965.55,965.55,0,19
2026-09-25 23:00:00,SENSEX,PE,73300.0,SENSEX26O0173300PE,166.0,166.0,166.0,166.0,0,19
2026-09-25 23:00:00,SENSEX,CE,73400.0,SENSEX26O0173400CE,893.45,893.45,893.45,893.45,0,19
2026-09-25 23:00:00,SENSEX,PE,73400.0,SENSEX26O0173400PE,187.65,187.65,187.65,187.65,0,19
2026-09-25 23:00:00,SENSEX,CE,73500.0,SENSEX26O0173500CE,801.0,801.0,801.0,801.0,0,19
2026-09-25 23:00:00,SENSEX,PE,73500.0,SENSEX26O0173500PE,211.85,211.85,211.85,211.85,0,19
2026-09-25 23:00:00,SENSEX,CE,73600.0,SENSEX26O0173600CE,721.5,721.5,721.5,721.5,0,19
2026-09-25 23:00:00,SENSEX,PE,73600.0,SENSEX26O0173600PE,235.3,235.3,235.3,235.3,0,19
2026-09-25 23:00:00,SENSEX,CE,73700.0,SENSEX26O0173700CE,655.0,655.0,655.0,655.0,0,19
2026-09-25 23:00:00,SENSEX,PE,73700.0,SENSEX26O0173700PE,270.0,270.0,270.0,270.0,0,19
2026-09-25 23:00:00,SENSEX,CE,73800.0,SENSEX26O0173800CE,607.2,607.2,607.2,607.2,0,19
2026-09-25 23:00:00,SENSEX,PE,73800.0,SENSEX26O0173800PE,304.0,304.0,304.0,304.0,0,19
2026-09-25 23:00:00,SENSEX,CE,73900.0,SENSEX26O0173900CE,545.0,545.0,545.0,545.0,0,19
2026-09-25 23:00:00,SENSEX,PE,73900.0,SENSEX26O0173900PE,340.05,340.05,340.05,340.05,0,19
2026-09-25 23:00:00,SENSEX,CE,74000.0,SENSEX26O0174000CE,484.1,484.1,484.1,484.1,0,19
2026-09-25 23:00:00,SENSEX,PE,74000.0,SENSEX26O0174000PE,388.5,388.5,388.5,388.5,0,19
2026-09-25 23:00:00,SENSEX,CE,74100.0,SENSEX26O0174100CE,424.65,424.65,424.65,424.65,0,19
2026-09-25 23:00:00,SENSEX,PE,74100.0,SENSEX26O0174100PE,424.05,424.05,424.05,424.05,0,19
2026-09-25 23:00:00,SENSEX,CE,74200.0,SENSEX26O0174200CE,380.4,380.4,380.4,380.4,0,19
2026-09-25 23:00:00,SENSEX,PE,74200.0,SENSEX26O0174200PE,484.8,484.8,484.8,484.8,0,19
2026-09-25 23:00:00,SENSEX,CE,74300.0,SENSEX26O0174300CE,333.5,333.5,333.5,333.5,0,19
2026-09-25 23:00:00,SENSEX,PE,74300.0,SENSEX26O0174300PE,523.2,523.2,523.2,523.2,0,19
2026-09-25 23:00:00,SENSEX,CE,74400.0,SENSEX26O0174400CE,285.6,285.6,285.6,285.6,0,19
2026-09-25 23:00:00,SENSEX,PE,74400.0,SENSEX26O0174400PE,583.55,583.55,583.55,583.55,0,19
2026-09-25 23:00:00,SENSEX,CE,74500.0,SENSEX26O0174500CE,249.2,249.2,249.2,249.2,0,19
2026-09-25 23:00:00,SENSEX,PE,74500.0,SENSEX26O0174500PE,636.0,636.0,636.0,636.0,0,19
2026-09-25 23:01:00,SENSEX,FUT,0.0,SENSEX26OCTFUT,74600.0,74600.0,74600.0,74600.0,0,19
2026-09-25 23:01:00,SENSEX,SPOT,0.0,SENSEX,73895.74,73895.74,73895.74,73895.74,0,19
2026-09-25 23:01:00,SENSEX,CE,73300.0,SENSEX26O0173300CE,965.55,965.55,965.55,965.55,0,19
2026-09-25 23:01:00,SENSEX,PE,73300.0,SENSEX26O0173300PE,166.0,166.0,166.0,166.0,0,19
2026-09-25 23:01:00,SENSEX,CE,73400.0,SENSEX26O0173400CE,893.45,893.45,893.45,893.45,0,19
2026-09-25 23:01:00,SENSEX,PE,73400.0,SENSEX26O0173400PE,187.65,187.65,187.65,187.65,0,19
2026-09-25 23:01:00,SENSEX,CE,73500.0,SENSEX26O0173500CE,801.0,801.0,801.0,801.0,0,19
2026-09-25 23:01:00,SENSEX,PE,73500.0,SENSEX26O0173500PE,211.85,211.85,211.85,211.85,0,19
2026-09-25 23:01:00,SENSEX,CE,73600.0,SENSEX26O0173600CE,721.5,721.5,721.5,721.5,0,19
2026-09-25 23:01:00,SENSEX,PE,73600.0,SENSEX26O0173600PE,235.3,235.3,235.3,235.3,0,19
2026-09-25 23:01:00,SENSEX,CE,73700.0,SENSEX26O0173700CE,655.0,655.0,655.0,655.0,0,19
2026-09-25 23:01:00,SENSEX,PE,73700.0,SENSEX26O0173700PE,270.0,270.0,270.0,270.0,0,19
2026-09-25 23:01:00,SENSEX,CE,73800.0,SENSEX26O0173800CE,607.2,607.2,607.2,607.2,0,19
2026-09-25 23:01:00,SENSEX,PE,73800.0,SENSEX26O0173800PE,304.0,304.0,304.0,304.0,0,19
2026-09-25 23:01:00,SENSEX,CE,73900.0,SENSEX26O0173900CE,545.0,545.0,545.0,545.0,0,19
2026-09-25 23:01:00,SENSEX,PE,73900.0,SENSEX26O0173900PE,340.05,340.05,340.05,340.05,0,19
2026-09-25 23:01:00,SENSEX,CE,74000.0,SENSEX26O0174000CE,484.1,484.1,484.1,484.1,0,19
2026-09-25 23:01:00,SENSEX,PE,74000.0,SENSEX26O0174000PE,388.5,388.5,388.5,388.5,0,19
2026-09-25 23:01:00,SENSEX,CE,74100.0,SENSEX26O0174100CE,424.65,424.65,424.65,424.65,0,19
2026-09-25 23:01:00,SENSEX,PE,74100.0,SENSEX26O0174100PE,424.05,424.05,424.05,424.05,0,19
2026-09-25 23:01:00,SENSEX,CE,74200.0,SENSEX26O0174200CE,380.4,380.4,380.4,380.4,0,19
2026-09-25 23:01:00,SENSEX,PE,74200.0,SENSEX26O0174200PE,484.8,484.8,484.8,484.8,0,19
2026-09-25 23:01:00,SENSEX,CE,74300.0,SENSEX26O0174300CE,333.5,333.5,333.5,333.5,0,19
2026-09-25 23:01:00,SENSEX,PE,74300.0,SENSEX26O0174300PE,523.2,523.2,523.2,523.2,0,19
2026-09-25 23:01:00,SENSEX,CE,74400.0,SENSEX26O0174400CE,285.6,285.6,285.6,285.6,0,19
2026-09-25 23:01:00,SENSEX,PE,74400.0,SENSEX26O0174400PE,583.55,583.55,583.55,583.55,0,19
2026-09-25 23:01:00,SENSEX,CE,74500.0,SENSEX26O0174500CE,249.2,249.2,249.2,249.2,0,19
2026-09-25 23:01:00,SENSEX,PE,74500.0,SENSEX26O0174500PE,636.0,636.0,636.0,636.0,0,19
2026-09-25 23:02:00,SENSEX,FUT,0.0,SENSEX26OCTFUT,74600.0,74600.0,74600.0,74600.0,0,19
2026-09-25 23:02:00,SENSEX,SPOT,0.0,SENSEX,73895.74,73895.74,73895.74,73895.74,0,19
2026-09-25 23:02:00,SENSEX,CE,73300.0,SENSEX26O0173300CE,965.55,965.55,965.55,965.55,0,19
2026-09-25 23:02:00,SENSEX,PE,73300.0,SENSEX26O0173300PE,166.0,166.0,166.0,166.0,0,19
2026-09-25 23:02:00,SENSEX,CE,73400.0,SENSEX26O0173400CE,893.45,893.45,893.45,893.45,0,19
2026-09-25 23:02:00,SENSEX,PE,73400.0,SENSEX26O0173400PE,187.65,187.65,187.65,187.65,0,19
2026-09-25 23:02:00,SENSEX,CE,73500.0,SENSEX26O0173500CE,801.0,801.0,801.0,801.0,0,19
2026-09-25 23:02:00,SENSEX,PE,73500.0,SENSEX26O0173500PE,211.85,211.85,211.85,211.85,0,19
2026-09-25 23:02:00,SENSEX,CE,73600.0,SENSEX26O0173600CE,721.5,721.5,721.5,721.5,0,19
2026-09-25 23:02:00,SENSEX,PE,73600.0,SENSEX26O0173600PE,235.3,235.3,235.3,235.3,0,19
2026-09-25 23:02:00,SENSEX,CE,73700.0,SENSEX26O0173700CE,655.0,655.0,655.0,655.0,0,19
2026-09-25 23:02:00,SENSEX,PE,73700.0,SENSEX26O0173700PE,270.0,270.0,270.0,270.0,0,19
2026-09-25 23:02:00,SENSEX,CE,73800.0,SENSEX26O0173800CE,607.2,607.2,607.2,607.2,0,19
2026-09-25 23:02:00,SENSEX,PE,73800.0,SENSEX26O0173800PE,304.0,304.0,304.0,304.0,0,19
2026-09-25 23:02:00,SENSEX,CE,73900.0,SENSEX26O0173900CE,545.0,545.0,545.0,545.0,0,19
2026-09-25 23:02:00,SENSEX,PE,73900.0,SENSEX26O0173900PE,340.05,340.05,340.05,340.05,0,19
2026-09-25 23:02:00,SENSEX,CE,74000.0,SENSEX26O0174000CE,484.1,484.1,484.1,484.1,0,19
2026-09-25 23:02:00,SENSEX,PE,74000.0,SENSEX26O0174000PE,388.5,388.5,388.5,388.5,0,19
2026-09-25 23:02:00,SENSEX,CE,74100.0,SENSEX26O0174100CE,424.65,424.65,424.65,424.65,0,19
2026-09-25 23:02:00,SENSEX,PE,74100.0,SENSEX26O0174100PE,424.05,424.05,424.05,424.05,0,19
2026-09-25 23:02:00,SENSEX,CE,74200.0,SENSEX26O0174200CE,380.4,380.4,380.4,380.4,0,19
2026-09-25 23:02:00,SENSEX,PE,74200.0,SENSEX26O0174200PE,484.8,484.8,484.8,484.8,0,19
2026-09-25 23:02:00,SENSEX,CE,74300.0,SENSEX26O0174300CE,333.5,333.5,333.5,333.5,0,19
2026-09-25 23:02:00,SENSEX,PE,74300.0,SENSEX26O0174300PE,523.2,523.2,523.2,523.2,0,19
2026-09-25 23:02:00,SENSEX,CE,74400.0,SENSEX26O0174400CE,285.6,285.6,285.6,285.6,0,19
2026-09-25 23:02:00,SENSEX,PE,74400.0,SENSEX26O0174400PE,583.55,583.55,583.55,583.55,0,19
2026-09-25 23:02:00,SENSEX,CE,74500.0,SENSEX26O0174500CE,249.2,249.2,249.2,249.2,0,19
2026-09-25 23:02:00,SENSEX,PE,74500.0,SENSEX26O0174500PE,636.0,636.0,636.0,636.0,0,19
2026-09-25 23:03:00,SENSEX,FUT,0.0,SENSEX26OCTFUT,74600.0,74600.0,74600.0,74600.0,0,19
2026-09-25 23:03:00,SENSEX,SPOT,0.0,SENSEX,73895.74,73895.74,73895.74,73895.74,0,19
2026-09-25 23:03:00,SENSEX,CE,73300.0,SENSEX26O0173300CE,965.55,965.55,965.55,965.55,0,19
2026-09-25 23:03:00,SENSEX,PE,73300.0,SENSEX26O0173300PE,166.0,166.0,166.0,166.0,0,19
2026-09-25 23:03:00,SENSEX,CE,73400.0,SENSEX26O0173400CE,893.45,893.45,893.45,893.45,0,19
2026-09-25 23:03:00,SENSEX,PE,73400.0,SENSEX26O0173400PE,187.65,187.65,187.65,187.65,0,19
2026-09-25 23:03:00,SENSEX,CE,73500.0,SENSEX26O0173500CE,801.0,801.0,801.0,801.0,0,19
2026-09-25 23:03:00,SENSEX,PE,73500.0,SENSEX26O0173500PE,211.85,211.85,211.85,211.85,0,19
2026-09-25 23:03:00,SENSEX,CE,73600.0,SENSEX26O0173600CE,721.5,721.5,721.5,721.5,0,19
2026-09-25 23:03:00,SENSEX,PE,73600.0,SENSEX26O0173600PE,235.3,235.3,235.3,235.3,0,19
2026-09-25 23:03:00,SENSEX,CE,73700.0,SENSEX26O0173700CE,655.0,655.0,655.0,655.0,0,19
2026-09-25 23:03:00,SENSEX,PE,73700.0,SENSEX26O0173700PE,270.0,270.0,270.0,270.0,0,19
2026-09-25 23:03:00,SENSEX,CE,73800.0,SENSEX26O0173800CE,607.2,607.2,607.2,607.2,0,19
2026-09-25 23:03:00,SENSEX,PE,73800.0,SENSEX26O0173800PE,304.0,304.0,304.0,304.0,0,19
2026-09-25 23:03:00,SENSEX,CE,73900.0,SENSEX26O0173900CE,545.0,545.0,545.0,545.0,0,19
2026-09-25 23:03:00,SENSEX,PE,73900.0,SENSEX26O0173900PE,340.05,340.05,340.05,340.05,0,19
2026-09-25 23:03:00,SENSEX,CE,74000.0,SENSEX26O0174000CE,484.1,484.1,484.1,484.1,0,19
2026-09-25 23:03:00,SENSEX,PE,74000.0,SENSEX26O0174000PE,388.5,388.5,388.5,388.5,0,19
2026-09-25 23:03:00,SENSEX,CE,74100.0,SENSEX26O0174100CE,424.65,424.65,424.65,424.65,0,19
2026-09-25 23:03:00,SENSEX,PE,74100.0,SENSEX26O0174100PE,424.05,424.05,424.05,424.05,0,19
2026-09-25 23:03:00,SENSEX,CE,74200.0,SENSEX26O0174200CE,380.4,380.4,380.4,380.4,0,19
2026-09-25 23:03:00,SENSEX,PE,74200.0,SENSEX26O0174200PE,484.8,484.8,484.8,484.8,0,19
2026-09-25 23:03:00,SENSEX,CE,74300.0,SENSEX26O0174300CE,333.5,333.5,333.5,333.5,0,19
2026-09-25 23:03:00,SENSEX,PE,74300.0,SENSEX26O0174300PE,523.2,523.2,523.2,523.2,0,19
2026-09-25 23:03:00,SENSEX,CE,74400.0,SENSEX26O0174400CE,285.6,285.6,285.6,285.6,0,19
2026-09-25 23:03:00,SENSEX,PE,74400.0,SENSEX26O0174400PE,583.55,583.55,583.55,583.55,0,19
2026-09-25 23:03:00,SENSEX,CE,74500.0,SENSEX26O0174500CE,249.2,249.2,249.2,249.2,0,19
2026-09-25 23:03:00,SENSEX,PE,74500.0,SENSEX26O0174500PE,636.0,636.0,636.0,636.0,0,19
2026-09-25 23:04:00,SENSEX,FUT,0.0,SENSEX26OCTFUT,74600.0,74600.0,74600.0,74600.0,0,19
2026-09-25 23:04:00,SENSEX,SPOT,0.0,SENSEX,73895.74,73895.74,73895.74,73895.74,0,19
2026-09-25 23:04:00,SENSEX,CE,73300.0,SENSEX26O0173300CE,965.55,965.55,965.55,965.55,0,19
2026-09-25 23:04:00,SENSEX,PE,73300.0,SENSEX26O0173300PE,166.0,166.0,166.0,166.0,0,19
2026-09-25 23:04:00,SENSEX,CE,73400.0,SENSEX26O0173400CE,893.45,893.45,893.45,893.45,0,19
2026-09-25 23:04:00,SENSEX,PE,73400.0,SENSEX26O0173400PE,187.65,187.65,187.65,187.65,0,19
2026-09-25 23:04:00,SENSEX,CE,73500.0,SENSEX26O0173500CE,801.0,801.0,801.0,801.0,0,19
2026-09-25 23:04:00,SENSEX,PE,73500.0,SENSEX26O0173500PE,211.85,211.85,211.85,211.85,0,19
2026-09-25 23:04:00,SENSEX,CE,73600.0,SENSEX26O0173600CE,721.5,721.5,721.5,721.5,0,19
2026-09-25 23:04:00,SENSEX,PE,73600.0,SENSEX26O0173600PE,235.3,235.3,235.3,235.3,0,19
2026-09-25 23:04:00,SENSEX,CE,73700.0,SENSEX26O0173700CE,655.0,655.0,655.0,655.0,0,19
2026-09-25 23:04:00,SENSEX,PE,73700.0,SENSEX26O0173700PE,270.0,270.0,270.0,270.0,0,19
2026-09-25 23:04:00,SENSEX,CE,73800.0,SENSEX26O0173800CE,607.2,607.2,607.2,607.2,0,19
2026-09-25 23:04:00,SENSEX,PE,73800.0,SENSEX26O0173800PE,304.0,304.0,304.0,304.0,0,19
2026-09-25 23:04:00,SENSEX,CE,73900.0,SENSEX26O0173900CE,545.0,545.0,545.0,545.0,0,19
2026-09-25 23:04:00,SENSEX,PE,73900.0,SENSEX26O0173900PE,340.05,340.05,340.05,340.05,0,19
2026-09-25 23:04:00,SENSEX,CE,74000.0,SENSEX26O0174000CE,484.1,484.1,484.1,484.1,0,19
2026-09-25 23:04:00,SENSEX,PE,74000.0,SENSEX26O0174000PE,388.5,388.5,388.5,388.5,0,19
2026-09-25 23:04:00,SENSEX,CE,74100.0,SENSEX26O0174100CE,424.65,424.65,424.65,424.65,0,19
2026-09-25 23:04:00,SENSEX,PE,74100.0,SENSEX26O0174100PE,424.05,424.05,424.05,424.05,0,19
2026-09-25 23:04:00,SENSEX,CE,74200.0,SENSEX26O0174200CE,380.4,380.4,380.4,380.4,0,19
2026-09-25 23:04:00,SENSEX,PE,74200.0,SENSEX26O0174200PE,484.8,484.8,484.8,484.8,0,19
2026-09-25 23:04:00,SENSEX,CE,74300.0,SENSEX26O0174300CE,333.5,333.5,333.5,333.5,0,19
2026-09-25 23:04:00,SENSEX,PE,74300.0,SENSEX26O0174300PE,523.2,523.2,523.2,523.2,0,19
2026-09-25 23:04:00,SENSEX,CE,74400.0,SENSEX26O0174400CE,285.6,285.6,285.6,285.6,0,19
2026-09-25 23:04:00,SENSEX,PE,74400.0,SENSEX26O0174400PE,583.55,583.55,583.55,583.55,0,19
2026-09-25 23:04:00,SENSEX,CE,74500.0,SENSEX26O0174500CE,249.2,249.2,249.2,249.2,0,19
2026-09-25 23:04:00,SENSEX,PE,74500.0,SENSEX26O0174500PE,636.0,636.0,636.0,636.0,0,19
2026-09-25 23:05:00,SENSEX,FUT,0.0,SENSEX26OCTFUT,74600.0,74600.0,74600.0,74600.0,0,19
2026-09-25 23:05:00,SENSEX,SPOT,0.0,SENSEX,73895.74,73895.74,73895.74,73895.74,0,19
2026-09-25 23:05:00,SENSEX,CE,73300.0,SENSEX26O0173300CE,965.55,965.55,965.55,965.55,0,19
2026-09-25 23:05:00,SENSEX,PE,73300.0,SENSEX26O0173300PE,166.0,166.0,166.0,166.0,0,19
2026-09-25 23:05:00,SENSEX,CE,73400.0,SENSEX26O0173400CE,893.45,893.45,893.45,893.45,0,19
2026-09-25 23:05:00,SENSEX,PE,73400.0,SENSEX26O0173400PE,187.65,187.65,187.65,187.65,0,19
2026-09-25 23:05:00,SENSEX,CE,73500.0,SENSEX26O0173500CE,801.0,801.0,801.0,801.0,0,19
2026-09-25 23:05:00,SENSEX,PE,73500.0,SENSEX26O0173500PE,211.85,211.85,211.85,211.85,0,19
2026-09-25 23:05:00,SENSEX,CE,73600.0,SENSEX26O0173600CE,721.5,721.5,721.5,721.5,0,19
2026-09-25 23:05:00,SENSEX,PE,73600.0,SENSEX26O0173600PE,235.3,235.3,235.3,235.3,0,19
2026-09-25 23:05:00,SENSEX,CE,73700.0,SENSEX26O0173700CE,655.0,655.0,655.0,655.0,0,19
2026-09-25 23:05:00,SENSEX,PE,73700.0,SENSEX26O0173700PE,270.0,270.0,270.0,270.0,0,19
2026-09-25 23:05:00,SENSEX,CE,73800.0,SENSEX26O0173800CE,607.2,607.2,607.2,607.2,0,19
2026-09-25 23:05:00,SENSEX,PE,73800.0,SENSEX26O0173800PE,304.0,304.0,304.0,304.0,0,19
2026-09-25 23:05:00,SENSEX,CE,73900.0,SENSEX26O0173900CE,545.0,545.0,545.0,545.0,0,19
2026-09-25 23:05:00,SENSEX,PE,73900.0,SENSEX26O0173900PE,340.05,340.05,340.05,340.05,0,19
2026-09-25 23:05:00,SENSEX,CE,74000.0,SENSEX26O0174000CE,484.1,484.1,484.1,484.1,0,19
2026-09-25 23:05:00,SENSEX,PE,74000.0,SENSEX26O0174000PE,388.5,388.5,388.5,388.5,0,19
2026-09-25 23:05:00,SENSEX,CE,74100.0,SENSEX26O0174100CE,424.65,424.65,424.65,424.65,0,19
2026-09-25 23:05:00,SENSEX,PE,74100.0,SENSEX26O0174100PE,424.05,424.05,424.05,424.05,0,19
2026-09-25 23:05:00,SENSEX,CE,74200.0,SENSEX26O0174200CE,380.4,380.4,380.4,380.4,0,19
2026-09-25 23:05:00,SENSEX,PE,74200.0,SENSEX26O0174200PE,484.8,484.8,484.8,484.8,0,19
2026-09-25 23:05:00,SENSEX,CE,74300.0,SENSEX26O0174300CE,333.5,333.5,333.5,333.5,0,19
2026-09-25 23:05:00,SENSEX,PE,74300.0,SENSEX26O0174300PE,523.2,523.2,523.2,523.2,0,19
2026-09-25 23:05:00,SENSEX,CE,74400.0,SENSEX26O0174400CE,285.6,285.6,285.6,285.6,0,19
2026-09-25 23:05:00,SENSEX,PE,74400.0,SENSEX26O0174400PE,583.55,583.55,583.55,583.55,0,19
2026-09-25 23:05:00,SENSEX,CE,74500.0,SENSEX26O0174500CE,249.2,249.2,249.2,249.2,0,19
2026-09-25 23:05:00,SENSEX,PE,74500.0,SENSEX26O0174500PE,636.0,636.0,636.0,636.0,0,19
2026-09-25 23:06:00,SENSEX,FUT,0.0,SENSEX26OCTFUT,74600.0,74600.0,74600.0,74600.0,0,19
2026-09-25 23:06:00,SENSEX,SPOT,0.0,SENSEX,73895.74,73895.74,73895.74,73895.74,0,19
2026-09-25 23:06:00,SENSEX,CE,73300.0,SENSEX26O0173300CE,965.55,965.55,965.55,965.55,0,19
2026-09-25 23:06:00,SENSEX,PE,73300.0,SENSEX26O0173300PE,166.0,166.0,166.0,166.0,0,19
2026-09-25 23:06:00,SENSEX,CE,73400.0,SENSEX26O0173400CE,893.45,893.45,893.45,893.45,0,19
2026-09-25 23:06:00,SENSEX,PE,73400.0,SENSEX26O0173400PE,187.65,187.65,187.65,187.65,0,19
2026-09-25 23:06:00,SENSEX,CE,73500.0,SENSEX26O0173500CE,801.0,801.0,801.0,801.0,0,19
2026-09-25 23:06:00,SENSEX,PE,73500.0,SENSEX26O0173500PE,211.85,211.85,211.85,211.85,0,19
2026-09-25 23:06:00,SENSEX,CE,73600.0,SENSEX26O0173600CE,721.5,721.5,721.5,721.5,0,19
2026-09-25 23:06:00,SENSEX,PE,73600.0,SENSEX26O0173600PE,235.3,235.3,235.3,235.3,0,19
2026-09-25 23:06:00,SENSEX,CE,73700.0,SENSEX26O0173700CE,655.0,655.0,655.0,655.0,0,19
2026-09-25 23:06:00,SENSEX,PE,73700.0,SENSEX26O0173700PE,270.0,270.0,270.0,270.0,0,19
2026-09-25 23:06:00,SENSEX,CE,73800.0,SENSEX26O0173800CE,607.2,607.2,607.2,607.2,0,19
2026-09-25 23:06:00,SENSEX,PE,73800.0,SENSEX26O0173800PE,304.0,304.0,304.0,304.0,0,19
2026-09-25 23:06:00,SENSEX,CE,73900.0,SENSEX26O0173900CE,545.0,545.0,545.0,545.0,0,19
2026-09-25 23:06:00,SENSEX,PE,73900.0,SENSEX26O0173900PE,340.05,340.05,340.05,340.05,0,19
2026-09-25 23:06:00,SENSEX,CE,74000.0,SENSEX26O0174000CE,484.1,484.1,484.1,484.1,0,19
2026-09-25 23:06:00,SENSEX,PE,74000.0,SENSEX26O0174000PE,388.5,388.5,388.5,388.5,0,19
2026-09-25 23:06:00,SENSEX,CE,74100.0,SENSEX26O0174100CE,424.65,424.65,424.65,424.65,0,19
2026-09-25 23:06:00,SENSEX,PE,74100.0,SENSEX26O0174100PE,424.05,424.05,424.05,424.05,0,19
2026-09-25 23:06:00,SENSEX,CE,74200.0,SENSEX26O0174200CE,380.4,380.4,380.4,380.4,0,19
2026-09-25 23:06:00,SENSEX,PE,74200.0,SENSEX26O0174200PE,484.8,484.8,484.8,484.8,0,19
2026-09-25 23:06:00,SENSEX,CE,74300.0,SENSEX26O0174300CE,333.5,333.5,333.5,333.5,0,19
2026-09-25 23:06:00,SENSEX,PE,74300.0,SENSEX26O0174300PE,523.2,523.2,523.2,523.2,0,19
2026-09-25 23:06:00,SENSEX,CE,74400.0,SENSEX26O0174400CE,285.6,285.6,285.6,285.6,0,19
2026-09-25 23:06:00,SENSEX,PE,74400.0,SENSEX26O0174400PE,583.55,583.55,583.55,583.55,0,19
2026-09-25 23:06:00,SENSEX,CE,74500.0,SENSEX26O0174500CE,249.2,249.2,249.2,249.2,0,19
2026-09-25 23:06:00,SENSEX,PE,74500.0,SENSEX26O0174500PE,636.0,636.0,636.0,636.0,0,19
2026-09-25 23:07:00,SENSEX,FUT,0.0,SENSEX26OCTFUT,74600.0,74600.0,74600.0,74600.0,0,19
2026-09-25 23:07:00,SENSEX,SPOT,0.0,SENSEX,73895.74,73895.74,73895.74,73895.74,0,19
2026-09-25 23:07:00,SENSEX,CE,73300.0,SENSEX26O0173300CE,965.55,965.55,965.55,965.55,0,19
2026-09-25 23:07:00,SENSEX,PE,73300.0,SENSEX26O0173300PE,166.0,166.0,166.0,166.0,0,19
2026-09-25 23:07:00,SENSEX,CE,73400.0,SENSEX26O0173400CE,893.45,893.45,893.45,893.45,0,19
2026-09-25 23:07:00,SENSEX,PE,73400.0,SENSEX26O0173400PE,187.65,187.65,187.65,187.65,0,19
2026-09-25 23:07:00,SENSEX,CE,73500.0,SENSEX26O0173500CE,801.0,801.0,801.0,801.0,0,19
2026-09-25 23:07:00,SENSEX,PE,73500.0,SENSEX26O0173500PE,211.85,211.85,211.85,211.85,0,19
2026-09-25 23:07:00,SENSEX,CE,73600.0,SENSEX26O0173600CE,721.5,721.5,721.5,721.5,0,19
2026-09-25 23:07:00,SENSEX,PE,73600.0,SENSEX26O0173600PE,235.3,235.3,235.3,235.3,0,19
2026-09-25 23:07:00,SENSEX,CE,73700.0,SENSEX26O0173700CE,655.0,655.0,655.0,655.0,0,19
2026-09-25 23:07:00,SENSEX,PE,73700.0,SENSEX26O0173700PE,270.0,270.0,270.0,270.0,0,19
2026-09-25 23:07:00,SENSEX,CE,73800.0,SENSEX26O0173800CE,607.2,607.2,607.2,607.2,0,19
2026-09-25 23:07:00,SENSEX,PE,73800.0,SENSEX26O0173800PE,304.0,304.0,304.0,304.0,0,19
2026-09-25 23:07:00,SENSEX,CE,73900.0,SENSEX26O0173900CE,545.0,545.0,545.0,545.0,0,19
2026-09-25 23:07:00,SENSEX,PE,73900.0,SENSEX26O0173900PE,340.05,340.05,340.05,340.05,0,19
2026-09-25 23:07:00,SENSEX,CE,74000.0,SENSEX26O0174000CE,484.1,484.1,484.1,484.1,0,19
2026-09-25 23:07:00,SENSEX,PE,74000.0,SENSEX26O0174000PE,388.5,388.5,388.5,388.5,0,19
2026-09-25 23:07:00,SENSEX,CE,74100.0,SENSEX26O0174100CE,424.65,424.65,424.65,424.65,0,19
2026-09-25 23:07:00,SENSEX,PE,74100.0,SENSEX26O0174100PE,424.05,424.05,424.05,424.05,0,19
2026-09-25 23:07:00,SENSEX,CE,74200.0,SENSEX26O0174200CE,380.4,380.4,380.4,380.4,0,19
2026-09-25 23:07:00,SENSEX,PE,74200.0,SENSEX26O0174200PE,484.8,484.8,484.8,484.8,0,19
2026-09-25 23:07:00,SENSEX,CE,74300.0,SENSEX26O0174300CE,333.5,333.5,333.5,333.5,0,19
2026-09-25 23:07:00,SENSEX,PE,74300.0,SENSEX26O0174300PE,523.2,523.2,523.2,523.2,0,19
2026-09-25 23:07:00,SENSEX,CE,74400.0,SENSEX26O0174400CE,285.6,285.6,285.6,285.6,0,19
2026-09-25 23:07:00,SENSEX,PE,74400.0,SENSEX26O0174400PE,583.55,583.55,583.55,583.55,0,19
2026-09-25 23:07:00,SENSEX,CE,74500.0,SENSEX26O0174500CE,249.2,249.2,249.2,249.2,0,19
2026-09-25 23:07:00,SENSEX,PE,74500.0,SENSEX26O0174500PE,636.0,636.0,636.0,636.0,0,19
2026-09-25 23:08:00,SENSEX,FUT,0.0,SENSEX26OCTFUT,74600.0,74600.0,74600.0,74600.0,0,19
2026-09-25 23:08:00,SENSEX,SPOT,0.0,SENSEX,73895.74,73895.74,73895.74,73895.74,0,19
2026-09-25 23:08:00,SENSEX,CE,73300.0,SENSEX26O0173300CE,965.55,965.55,965.55,965.55,0,19
2026-09-25 23:08:00,SENSEX,PE,73300.0,SENSEX26O0173300PE,166.0,166.0,166.0,166.0,0,19
2026-09-25 23:08:00,SENSEX,CE,73400.0,SENSEX26O0173400CE,893.45,893.45,893.45,893.45,0,19
2026-09-25 23:08:00,SENSEX,PE,73400.0,SENSEX26O0173400PE,187.65,187.65,187.65,187.65,0,19
2026-09-25 23:08:00,SENSEX,CE,73500.0,SENSEX26O0173500CE,801.0,801.0,801.0,801.0,0,19
2026-09-25 23:08:00,SENSEX,PE,73500.0,SENSEX26O0173500PE,211.85,211.85,211.85,211.85,0,19
2026-09-25 23:08:00,SENSEX,CE,73600.0,SENSEX26O0173600CE,721.5,721.5,721.5,721.5,0,19
2026-09-25 23:08:00,SENSEX,PE,73600.0,SENSEX26O0173600PE,235.3,235.3,235.3,235.3,0,19
2026-09-25 23:08:00,SENSEX,CE,73700.0,SENSEX26O0173700CE,655.0,655.0,655.0,655.0,0,19
2026-09-25 23:08:00,SENSEX,PE,73700.0,SENSEX26O0173700PE,270.0,270.0,270.0,270.0,0,19
2026-09-25 23:08:00,SENSEX,CE,73800.0,SENSEX26O0173800CE,607.2,607.2,607.2,607.2,0,19
2026-09-25 23:08:00,SENSEX,PE,73800.0,SENSEX26O0173800PE,304.0,304.0,304.0,304.0,0,19
2026-09-25 23:08:00,SENSEX,CE,73900.0,SENSEX26O0173900CE,545.0,545.0,545.0,545.0,0,19
2026-09-25 23:08:00,SENSEX,PE,73900.0,SENSEX26O0173900PE,340.05,340.05,340.05,340.05,0,19
2026-09-25 23:08:00,SENSEX,CE,74000.0,SENSEX26O0174000CE,484.1,484.1,484.1,484.1,0,19
2026-09-25 23:08:00,SENSEX,PE,74000.0,SENSEX26O0174000PE,388.5,388.5,388.5,388.5,0,19
2026-09-25 23:08:00,SENSEX,CE,74100.0,SENSEX26O0174100CE,424.65,424.65,424.65,424.65,0,19
2026-09-25 23:08:00,SENSEX,PE,74100.0,SENSEX26O0174100PE,424.05,424.05,424.05,424.05,0,19
2026-09-25 23:08:00,SENSEX,CE,74200.0,SENSEX26O0174200CE,380.4,380.4,380.4,380.4,0,19
2026-09-25 23:08:00,SENSEX,PE,74200.0,SENSEX26O0174200PE,484.8,484.8,484.8,484.8,0,19
2026-09-25 23:08:00,SENSEX,CE,74300.0,SENSEX26O0174300CE,333.5,333.5,333.5,333.5,0,19
2026-09-25 23:08:00,SENSEX,PE,74300.0,SENSEX26O0174300PE,523.2,523.2,523.2,523.2,0,19
2026-09-25 23:08:00,SENSEX,CE,74400.0,SENSEX26O0174400CE,285.6,285.6,285.6,285.6,0,19
2026-09-25 23:08:00,SENSEX,PE,74400.0,SENSEX26O0174400PE,583.55,583.55,583.55,583.55,0,19
2026-09-25 23:08:00,SENSEX,CE,74500.0,SENSEX26O0174500CE,249.2,249.2,249.2,249.2,0,19
2026-09-25 23:08:00,SENSEX,PE,74500.0,SENSEX26O0174500PE,636.0,636.0,636.0,636.0,0,19
2026-09-25 23:09:00,SENSEX,FUT,0.0,SENSEX26OCTFUT,74600.0,74600.0,74600.0,74600.0,0,19
2026-09-25 23:09:00,SENSEX,SPOT,0.0,SENSEX,73895.74,73895.74,73895.74,73895.74,0,19
2026-09-25 23:09:00,SENSEX,CE,73300.0,SENSEX26O0173300CE,965.55,965.55,965.55,965.55,0,19
2026-09-25 23:09:00,SENSEX,PE,73300.0,SENSEX26O0173300PE,166.0,166.0,166.0,166.0,0,19
2026-09-25 23:09:00,SENSEX,CE,73400.0,SENSEX26O0173400CE,893.45,893.45,893.45,893.45,0,19
2026-09-25 23:09:00,SENSEX,PE,73400.0,SENSEX26O0173400PE,187.65,187.65,187.65,187.65,0,19
2026-09-25 23:09:00,SENSEX,CE,73500.0,SENSEX26O0173500CE,801.0,801.0,801.0,801.0,0,19
2026-09-25 23:09:00,SENSEX,PE,73500.0,SENSEX26O0173500PE,211.85,211.85,211.85,211.85,0,19
2026-09-25 23:09:00,SENSEX,CE,73600.0,SENSEX26O0173600CE,721.5,721.5,721.5,721.5,0,19
2026-09-25 23:09:00,SENSEX,PE,73600.0,SENSEX26O0173600PE,235.3,235.3,235.3,235.3,0,19
2026-09-25 23:09:00,SENSEX,CE,73700.0,SENSEX26O0173700CE,655.0,655.0,655.0,655.0,0,19
2026-09-25 23:09:00,SENSEX,PE,73700.0,SENSEX26O0173700PE,270.0,270.0,270.0,270.0,0,19
2026-09-25 23:09:00,SENSEX,CE,73800.0,SENSEX26O0173800CE,607.2,607.2,607.2,607.2,0,19
2026-09-25 23:09:00,SENSEX,PE,73800.0,SENSEX26O0173800PE,304.0,304.0,304.0,304.0,0,19
2026-09-25 23:09:00,SENSEX,CE,73900.0,SENSEX26O0173900CE,545.0,545.0,545.0,545.0,0,19
2026-09-25 23:09:00,SENSEX,PE,73900.0,SENSEX26O0173900PE,340.05,340.05,340.05,340.05,0,19
2026-09-25 23:09:00,SENSEX,CE,74000.0,SENSEX26O0174000CE,484.1,484.1,484.1,484.1,0,19
2026-09-25 23:09:00,SENSEX,PE,74000.0,SENSEX26O0174000PE,388.5,388.5,388.5,388.5,0,19
2026-09-25 23:09:00,SENSEX,CE,74100.0,SENSEX26O0174100CE,424.65,424.65,424.65,424.65,0,19
2026-09-25 23:09:00,SENSEX,PE,74100.0,SENSEX26O0174100PE,424.05,424.05,424.05,424.05,0,19
2026-09-25 23:09:00,SENSEX,CE,74200.0,SENSEX26O0174200CE,380.4,380.4,380.4,380.4,0,19
2026-09-25 23:09:00,SENSEX,PE,74200.0,SENSEX26O0174200PE,484.8,484.8,484.8,484.8,0,19
2026-09-25 23:09:00,SENSEX,CE,74300.0,SENSEX26O0174300CE,333.5,333.5,333.5,333.5,0,19
2026-09-25 23:09:00,SENSEX,PE,74300.0,SENSEX26O0174300PE,523.2,523.2,523.2,523.2,0,19
2026-09-25 23:09:00,SENSEX,CE,74400.0,SENSEX26O0174400CE,285.6,285.6,285.6,285.6,0,19
2026-09-25 23:09:00,SENSEX,PE,74400.0,SENSEX26O0174400PE,583.55,583.55,583.55,583.55,0,19
2026-09-25 23:09:00,SENSEX,CE,74500.0,SENSEX26O0174500CE,249.2,249.2,249.2,249.2,0,19
2026-09-25 23:09:00,SENSEX,PE,74500.0,SENSEX26O0174500PE,636.0,636.0,636.0,636.0,0,19
2026-09-25 23:10:00,SENSEX,FUT,0.0,SENSEX26OCTFUT,74600.0,74600.0,74600.0,74600.0,0,19
2026-09-25 23:10:00,SENSEX,SPOT,0.0,SENSEX,73895.74,73895.74,73895.74,73895.74,0,19
2026-09-25 23:10:00,SENSEX,CE,73300.0,SENSEX26O0173300CE,965.55,965.55,965.55,965.55,0,19
2026-09-25 23:10:00,SENSEX,PE,73300.0,SENSEX26O0173300PE,166.0,166.0,166.0,166.0,0,19
2026-09-25 23:10:00,SENSEX,CE,73400.0,SENSEX26O0173400CE,893.45,893.45,893.45,893.45,0,19
2026-09-25 23:10:00,SENSEX,PE,73400.0,SENSEX26O0173400PE,187.65,187.65,187.65,187.65,0,19
2026-09-25 23:10:00,SENSEX,CE,73500.0,SENSEX26O0173500CE,801.0,801.0,801.0,801.0,0,19
2026-09-25 23:10:00,SENSEX,PE,73500.0,SENSEX26O0173500PE,211.85,211.85,211.85,211.85,0,19
2026-09-25 23:10:00,SENSEX,CE,73600.0,SENSEX26O0173600CE,721.5,721.5,721.5,721.5,0,19
2026-09-25 23:10:00,SENSEX,PE,73600.0,SENSEX26O0173600PE,235.3,235.3,235.3,235.3,0,19
2026-09-25 23:10:00,SENSEX,CE,73700.0,SENSEX26O0173700CE,655.0,655.0,655.0,655.0,0,19
2026-09-25 23:10:00,SENSEX,PE,73700.0,SENSEX26O0173700PE,270.0,270.0,270.0,270.0,0,19
2026-09-25 23:10:00,SENSEX,CE,73800.0,SENSEX26O0173800CE,607.2,607.2,607.2,607.2,0,19
2026-09-25 23:10:00,SENSEX,PE,73800.0,SENSEX26O0173800PE,304.0,304.0,304.0,304.0,0,19
2026-09-25 23:10:00,SENSEX,CE,73900.0,SENSEX26O0173900CE,545.0,545.0,545.0,545.0,0,19
2026-09-25 23:10:00,SENSEX,PE,73900.0,SENSEX26O0173900PE,340.05,340.05,340.05,340.05,0,19
2026-09-25 23:10:00,SENSEX,CE,74000.0,SENSEX26O0174000CE,484.1,484.1,484.1,484.1,0,19
2026-09-25 23:10:00,SENSEX,PE,74000.0,SENSEX26O0174000PE,388.5,388.5,388.5,388.5,0,19
2026-09-25 23:10:00,SENSEX,CE,74100.0,SENSEX26O0174100CE,424.65,424.65,424.65,424.65,0,19
2026-09-25 23:10:00,SENSEX,PE,74100.0,SENSEX26O0174100PE,424.05,424.05,424.05,424.05,0,19
2026-09-25 23:10:00,SENSEX,CE,74200.0,SENSEX26O0174200CE,380.4,380.4,380.4,380.4,0,19
2026-09-25 23:10:00,SENSEX,PE,74200.0,SENSEX26O0174200PE,484.8,484.8,484.8,484.8,0,19
2026-09-25 23:10:00,SENSEX,CE,74300.0,SENSEX26O0174300CE,333.5,333.5,333.5,333.5,0,19
2026-09-25 23:10:00,SENSEX,PE,74300.0,SENSEX26O0174300PE,523.2,523.2,523.2,523.2,0,19
2026-09-25 23:10:00,SENSEX,CE,74400.0,SENSEX26O0174400CE,285.6,285.6,285.6,285.6,0,19
2026-09-25 23:10:00,SENSEX,PE,74400.0,SENSEX26O0174400PE,583.55,583.55,583.55,583.55,0,19
2026-09-25 23:10:00,SENSEX,CE,74500.0,SENSEX26O0174500CE,249.2,249.2,249.2,249.2,0,19
2026-09-25 23:10:00,SENSEX,PE,74500.0,SENSEX26O0174500PE,636.0,636.0,636.0,636.0,0,19
2026-09-25 23:11:00,SENSEX,FUT,0.0,SENSEX26OCTFUT,74600.0,74600.0,74600.0,74600.0,0,19
2026-09-25 23:11:00,SENSEX,SPOT,0.0,SENSEX,73895.74,73895.74,73895.74,73895.74,0,19
2026-09-25 23:11:00,SENSEX,CE,73300.0,SENSEX26O0173300CE,965.55,965.55,965.55,965.55,0,19
2026-09-25 23:11:00,SENSEX,PE,73300.0,SENSEX26O0173300PE,166.0,166.0,166.0,166.0,0,19
2026-09-25 23:11:00,SENSEX,CE,73400.0,SENSEX26O0173400CE,893.45,893.45,893.45,893.45,0,19
2026-09-25 23:11:00,SENSEX,PE,73400.0,SENSEX26O0173400PE,187.65,187.65,187.65,187.65,0,19
2026-09-25 23:11:00,SENSEX,CE,73500.0,SENSEX26O0173500CE,801.0,801.0,801.0,801.0,0,19
2026-09-25 23:11:00,SENSEX,PE,73500.0,SENSEX26O0173500PE,211.85,211.85,211.85,211.85,0,19
2026-09-25 23:11:00,SENSEX,CE,73600.0,SENSEX26O0173600CE,721.5,721.5,721.5,721.5,0,19
2026-09-25 23:11:00,SENSEX,PE,73600.0,SENSEX26O0173600PE,235.3,235.3,235.3,235.3,0,19
2026-09-25 23:11:00,SENSEX,CE,73700.0,SENSEX26O0173700CE,655.0,655.0,655.0,655.0,0,19
2026-09-25 23:11:00,SENSEX,PE,73700.0,SENSEX26O0173700PE,270.0,270.0,270.0,270.0,0,19
2026-09-25 23:11:00,SENSEX,CE,73800.0,SENSEX26O0173800CE,607.2,607.2,607.2,607.2,0,19
2026-09-25 23:11:00,SENSEX,PE,73800.0,SENSEX26O0173800PE,304.0,304.0,304.0,304.0,0,19
2026-09-25 23:11:00,SENSEX,CE,73900.0,SENSEX26O0173900CE,545.0,545.0,545.0,545.0,0,19
2026-09-25 23:11:00,SENSEX,PE,73900.0,SENSEX26O0173900PE,340.05,340.05,340.05,340.05,0,19
2026-09-25 23:11:00,SENSEX,CE,74000.0,SENSEX26O0174000CE,484.1,484.1,484.1,484.1,0,19
2026-09-25 23:11:00,SENSEX,PE,74000.0,SENSEX26O0174000PE,388.5,388.5,388.5,388.5,0,19
2026-09-25 23:11:00,SENSEX,CE,74100.0,SENSEX26O0174100CE,424.65,424.65,424.65,424.65,0,19
2026-09-25 23:11:00,SENSEX,PE,74100.0,SENSEX26O0174100PE,424.05,424.05,424.05,424.05,0,19
2026-09-25 23:11:00,SENSEX,CE,74200.0,SENSEX26O0174200CE,380.4,380.4,380.4,380.4,0,19
2026-09-25 23:11:00,SENSEX,PE,74200.0,SENSEX26O0174200PE,484.8,484.8,484.8,484.8,0,19
2026-09-25 23:11:00,SENSEX,CE,74300.0,SENSEX26O0174300CE,333.5,333.5,333.5,333.5,0,19
2026-09-25 23:11:00,SENSEX,PE,74300.0,SENSEX26O0174300PE,523.2,523.2,523.2,523.2,0,19
2026-09-25 23:11:00,SENSEX,CE,74400.0,SENSEX26O0174400CE,285.6,285.6,285.6,285.6,0,19
2026-09-25 23:11:00,SENSEX,PE,74400.0,SENSEX26O0174400PE,583.55,583.55,583.55,583.55,0,19
2026-09-25 23:11:00,SENSEX,CE,74500.0,SENSEX26O0174500CE,249.2,249.2,249.2,249.2,0,19
2026-09-25 23:11:00,SENSEX,PE,74500.0,SENSEX26O0174500PE,636.0,636.0,636.0,636.0,0,19
2026-09-25 23:12:00,SENSEX,FUT,0.0,SENSEX26OCTFUT,74600.0,74600.0,74600.0,74600.0,0,19
2026-09-25 23:12:00,SENSEX,SPOT,0.0,SENSEX,73895.74,73895.74,73895.74,73895.74,0,19
2026-09-25 23:12:00,SENSEX,CE,73300.0,SENSEX26O0173300CE,965.55,965.55,965.55,965.55,0,19
2026-09-25 23:12:00,SENSEX,PE,73300.0,SENSEX26O0173300PE,166.0,166.0,166.0,166.0,0,19
2026-09-25 23:12:00,SENSEX,CE,73400.0,SENSEX26O0173400CE,893.45,893.45,893.45,893.45,0,19
2026-09-25 23:12:00,SENSEX,PE,73400.0,SENSEX26O0173400PE,187.65,187.65,187.65,187.65,0,19
2026-09-25 23:12:00,SENSEX,CE,73500.0,SENSEX26O0173500CE,801.0,801.0,801.0,801.0,0,19
2026-09-25 23:12:00,SENSEX,PE,73500.0,SENSEX26O0173500PE,211.85,211.85,211.85,211.85,0,19
2026-09-25 23:12:00,SENSEX,CE,73600.0,SENSEX26O0173600CE,721.5,721.5,721.5,721.5,0,19
2026-09-25 23:12:00,SENSEX,PE,73600.0,SENSEX26O0173600PE,235.3,235.3,235.3,235.3,0,19
2026-09-25 23:12:00,SENSEX,CE,73700.0,SENSEX26O0173700CE,655.0,655.0,655.0,655.0,0,19
2026-09-25 23:12:00,SENSEX,PE,73700.0,SENSEX26O0173700PE,270.0,270.0,270.0,270.0,0,19
2026-09-25 23:12:00,SENSEX,CE,73800.0,SENSEX26O0173800CE,607.2,607.2,607.2,607.2,0,19
2026-09-25 23:12:00,SENSEX,PE,73800.0,SENSEX26O0173800PE,304.0,304.0,304.0,304.0,0,19
2026-09-25 23:12:00,SENSEX,CE,73900.0,SENSEX26O0173900CE,545.0,545.0,545.0,545.0,0,19
2026-09-25 23:12:00,SENSEX,PE,73900.0,SENSEX26O0173900PE,340.05,340.05,340.05,340.05,0,19
2026-09-25 23:12:00,SENSEX,CE,74000.0,SENSEX26O0174000CE,484.1,484.1,484.1,484.1,0,19
2026-09-25 23:12:00,SENSEX,PE,74000.0,SENSEX26O0174000PE,388.5,388.5,388.5,388.5,0,19
2026-09-25 23:12:00,SENSEX,CE,74100.0,SENSEX26O0174100CE,424.65,424.65,424.65,424.65,0,19
2026-09-25 23:12:00,SENSEX,PE,74100.0,SENSEX26O0174100PE,424.05,424.05,424.05,424.05,0,19
2026-09-25 23:12:00,SENSEX,CE,74200.0,SENSEX26O0174200CE,380.4,380.4,380.4,380.4,0,19
2026-09-25 23:12:00,SENSEX,PE,74200.0,SENSEX26O0174200PE,484.8,484.8,484.8,484.8,0,19
2026-09-25 23:12:00,SENSEX,CE,74300.0,SENSEX26O0174300CE,333.5,333.5,333.5,333.5,0,19
2026-09-25 23:12:00,SENSEX,PE,74300.0,SENSEX26O0174300PE,523.2,523.2,523.2,523.2,0,19
2026-09-25 23:12:00,SENSEX,CE,74400.0,SENSEX26O0174400CE,285.6,285.6,285.6,285.6,0,19
2026-09-25 23:12:00,SENSEX,PE,74400.0,SENSEX26O0174400PE,583.55,583.55,583.55,583.55,0,19
2026-09-25 23:12:00,SENSEX,CE,74500.0,SENSEX26O0174500CE,249.2,249.2,249.2,249.2,0,19
2026-09-25 23:12:00,SENSEX,PE,74500.0,SENSEX26O0174500PE,636.0,636.0,636.0,636.0,0,19
2026-09-25 23:13:00,SENSEX,FUT,0.0,SENSEX26OCTFUT,74600.0,74600.0,74600.0,74600.0,0,19
2026-09-25 23:13:00,SENSEX,SPOT,0.0,SENSEX,73895.74,73895.74,73895.74,73895.74,0,19
2026-09-25 23:13:00,SENSEX,CE,73300.0,SENSEX26O0173300CE,965.55,965.55,965.55,965.55,0,19
2026-09-25 23:13:00,SENSEX,PE,73300.0,SENSEX26O0173300PE,166.0,166.0,166.0,166.0,0,19
2026-09-25 23:13:00,SENSEX,CE,73400.0,SENSEX26O0173400CE,893.45,893.45,893.45,893.45,0,19
2026-09-25 23:13:00,SENSEX,PE,73400.0,SENSEX26O0173400PE,187.65,187.65,187.65,187.65,0,19
2026-09-25 23:13:00,SENSEX,CE,73500.0,SENSEX26O0173500CE,801.0,801.0,801.0,801.0,0,19
2026-09-25 23:13:00,SENSEX,PE,73500.0,SENSEX26O0173500PE,211.85,211.85,211.85,211.85,0,19
2026-09-25 23:13:00,SENSEX,CE,73600.0,SENSEX26O0173600CE,721.5,721.5,721.5,721.5,0,19
2026-09-25 23:13:00,SENSEX,PE,73600.0,SENSEX26O0173600PE,235.3,235.3,235.3,235.3,0,19
2026-09-25 23:13:00,SENSEX,CE,73700.0,SENSEX26O0173700CE,655.0,655.0,655.0,655.0,0,19
2026-09-25 23:13:00,SENSEX,PE,73700.0,SENSEX26O0173700PE,270.0,270.0,270.0,270.0,0,19
2026-09-25 23:13:00,SENSEX,CE,73800.0,SENSEX26O0173800CE,607.2,607.2,607.2,607.2,0,19
2026-09-25 23:13:00,SENSEX,PE,73800.0,SENSEX26O0173800PE,304.0,304.0,304.0,304.0,0,19
2026-09-25 23:13:00,SENSEX,CE,73900.0,SENSEX26O0173900CE,545.0,545.0,545.0,545.0,0,19
2026-09-25 23:13:00,SENSEX,PE,73900.0,SENSEX26O0173900PE,340.05,340.05,340.05,340.05,0,19
2026-09-25 23:13:00,SENSEX,CE,74000.0,SENSEX26O0174000CE,484.1,484.1,484.1,484.1,0,19
2026-09-25 23:13:00,SENSEX,PE,74000.0,SENSEX26O0174000PE,388.5,388.5,388.5,388.5,0,19
2026-09-25 23:13:00,SENSEX,CE,74100.0,SENSEX26O0174100CE,424.65,424.65,424.65,424.65,0,19
2026-09-25 23:13:00,SENSEX,PE,74100.0,SENSEX26O0174100PE,424.05,424.05,424.05,424.05,0,19
2026-09-25 23:13:00,SENSEX,CE,74200.0,SENSEX26O0174200CE,380.4,380.4,380.4,380.4,0,19
2026-09-25 23:13:00,SENSEX,PE,74200.0,SENSEX26O0174200PE,484.8,484.8,484.8,484.8,0,19
2026-09-25 23:13:00,SENSEX,CE,74300.0,SENSEX26O0174300CE,333.5,333.5,333.5,333.5,0,19
2026-09-25 23:13:00,SENSEX,PE,74300.0,SENSEX26O0174300PE,523.2,523.2,523.2,523.2,0,19
2026-09-25 23:13:00,SENSEX,CE,74400.0,SENSEX26O0174400CE,285.6,285.6,285.6,285.6,0,19
2026-09-25 23:13:00,SENSEX,PE,74400.0,SENSEX26O0174400PE,583.55,583.55,583.55,583.55,0,19
2026-09-25 23:13:00,SENSEX,CE,74500.0,SENSEX26O0174500CE,249.2,249.2,249.2,249.2,0,19
2026-09-25 23:13:00,SENSEX,PE,74500.0,SENSEX26O0174500PE,636.0,636.0,636.0,636.0,0,19
2026-09-25 23:14:00,SENSEX,FUT,0.0,SENSEX26OCTFUT,74600.0,74600.0,74600.0,74600.0,0,19
2026-09-25 23:14:00,SENSEX,SPOT,0.0,SENSEX,73895.74,73895.74,73895.74,73895.74,0,19
2026-09-25 23:14:00,SENSEX,CE,73300.0,SENSEX26O0173300CE,965.55,965.55,965.55,965.55,0,19
2026-09-25 23:14:00,SENSEX,PE,73300.0,SENSEX26O0173300PE,166.0,166.0,166.0,166.0,0,19
2026-09-25 23:14:00,SENSEX,CE,73400.0,SENSEX26O0173400CE,893.45,893.45,893.45,893.45,0,19
2026-09-25 23:14:00,SENSEX,PE,73400.0,SENSEX26O0173400PE,187.65,187.65,187.65,187.65,0,19
2026-09-25 23:14:00,SENSEX,CE,73500.0,SENSEX26O0173500CE,801.0,801.0,801.0,801.0,0,19
2026-09-25 23:14:00,SENSEX,PE,73500.0,SENSEX26O0173500PE,211.85,211.85,211.85,211.85,0,19
2026-09-25 23:14:00,SENSEX,CE,73600.0,SENSEX26O0173600CE,721.5,721.5,721.5,721.5,0,19
2026-09-25 23:14:00,SENSEX,PE,73600.0,SENSEX26O0173600PE,235.3,235.3,235.3,235.3,0,19
2026-09-25 23:14:00,SENSEX,CE,73700.0,SENSEX26O0173700CE,655.0,655.0,655.0,655.0,0,19
2026-09-25 23:14:00,SENSEX,PE,73700.0,SENSEX26O0173700PE,270.0,270.0,270.0,270.0,0,19
2026-09-25 23:14:00,SENSEX,CE,73800.0,SENSEX26O0173800CE,607.2,607.2,607.2,607.2,0,19
2026-09-25 23:14:00,SENSEX,PE,73800.0,SENSEX26O0173800PE,304.0,304.0,304.0,304.0,0,19
2026-09-25 23:14:00,SENSEX,CE,73900.0,SENSEX26O0173900CE,545.0,545.0,545.0,545.0,0,19
2026-09-25 23:14:00,SENSEX,PE,73900.0,SENSEX26O0173900PE,340.05,340.05,340.05,340.05,0,19
2026-09-25 23:14:00,SENSEX,CE,74000.0,SENSEX26O0174000CE,484.1,484.1,484.1,484.1,0,19
2026-09-25 23:14:00,SENSEX,PE,74000.0,SENSEX26O0174000PE,388.5,388.5,388.5,388.5,0,19
2026-09-25 23:14:00,SENSEX,CE,74100.0,SENSEX26O0174100CE,424.65,424.65,424.65,424.65,0,19
2026-09-25 23:14:00,SENSEX,PE,74100.0,SENSEX26O0174100PE,424.05,424.05,424.05,424.05,0,19
2026-09-25 23:14:00,SENSEX,CE,74200.0,SENSEX26O0174200CE,380.4,380.4,380.4,380.4,0,19
2026-09-25 23:14:00,SENSEX,PE,74200.0,SENSEX26O0174200PE,484.8,484.8,484.8,484.8,0,19
2026-09-25 23:14:00,SENSEX,CE,74300.0,SENSEX26O0174300CE,333.5,333.5,333.5,333.5,0,19
2026-09-25 23:14:00,SENSEX,PE,74300.0,SENSEX26O0174300PE,523.2,523.2,523.2,523.2,0,19
2026-09-25 23:14:00,SENSEX,CE,74400.0,SENSEX26O0174400CE,285.6,285.6,285.6,285.6,0,19
2026-09-25 23:14:00,SENSEX,PE,74400.0,SENSEX26O0174400PE,583.55,583.55,583.55,583.55,0,19
2026-09-25 23:14:00,SENSEX,CE,74500.0,SENSEX26O0174500CE,249.2,249.2,249.2,249.2,0,19
2026-09-25 23:14:00,SENSEX,PE,74500.0,SENSEX26O0174500PE,636.0,636.0,636.0,636.0,0,19
2026-09-25 23:15:00,SENSEX,FUT,0.0,SENSEX26OCTFUT,74600.0,74600.0,74600.0,74600.0,0,19
2026-09-25 23:15:00,SENSEX,SPOT,0.0,SENSEX,73895.74,73895.74,73895.74,73895.74,0,19
2026-09-25 23:15:00,SENSEX,CE,73300.0,SENSEX26O0173300CE,965.55,965.55,965.55,965.55,0,19
2026-09-25 23:15:00,SENSEX,PE,73300.0,SENSEX26O0173300PE,166.0,166.0,166.0,166.0,0,19
2026-09-25 23:15:00,SENSEX,CE,73400.0,SENSEX26O0173400CE,893.45,893.45,893.45,893.45,0,19
2026-09-25 23:15:00,SENSEX,PE,73400.0,SENSEX26O0173400PE,187.65,187.65,187.65,187.65,0,19
2026-09-25 23:15:00,SENSEX,CE,73500.0,SENSEX26O0173500CE,801.0,801.0,801.0,801.0,0,19
2026-09-25 23:15:00,SENSEX,PE,73500.0,SENSEX26O0173500PE,211.85,211.85,211.85,211.85,0,19
2026-09-25 23:15:00,SENSEX,CE,73600.0,SENSEX26O0173600CE,721.5,721.5,721.5,721.5,0,19
2026-09-25 23:15:00,SENSEX,PE,73600.0,SENSEX26O0173600PE,235.3,235.3,235.3,235.3,0,19
2026-09-25 23:15:00,SENSEX,CE,73700.0,SENSEX26O0173700CE,655.0,655.0,655.0,655.0,0,19
2026-09-25 23:15:00,SENSEX,PE,73700.0,SENSEX26O0173700PE,270.0,270.0,270.0,270.0,0,19
2026-09-25 23:15:00,SENSEX,CE,73800.0,SENSEX26O0173800CE,607.2,607.2,607.2,607.2,0,19
2026-09-25 23:15:00,SENSEX,PE,73800.0,SENSEX26O0173800PE,304.0,304.0,304.0,304.0,0,19
2026-09-25 23:15:00,SENSEX,CE,73900.0,SENSEX26O0173900CE,545.0,545.0,545.0,545.0,0,19
2026-09-25 23:15:00,SENSEX,PE,73900.0,SENSEX26O0173900PE,340.05,340.05,340.05,340.05,0,19
2026-09-25 23:15:00,SENSEX,CE,74000.0,SENSEX26O0174000CE,484.1,484.1,484.1,484.1,0,19
2026-09-25 23:15:00,SENSEX,PE,74000.0,SENSEX26O0174000PE,388.5,388.5,388.5,388.5,0,19
2026-09-25 23:15:00,SENSEX,CE,74100.0,SENSEX26O0174100CE,424.65,424.65,424.65,424.65,0,19
2026-09-25 23:15:00,SENSEX,PE,74100.0,SENSEX26O0174100PE,424.05,424.05,424.05,424.05,0,19
2026-09-25 23:15:00,SENSEX,CE,74200.0,SENSEX26O0174200CE,380.4,380.4,380.4,380.4,0,19
2026-09-25 23:15:00,SENSEX,PE,74200.0,SENSEX26O0174200PE,484.8,484.8,484.8,484.8,0,19
2026-09-25 23:15:00,SENSEX,CE,74300.0,SENSEX26O0174300CE,333.5,333.5,333.5,333.5,0,19
2026-09-25 23:15:00,SENSEX,PE,74300.0,SENSEX26O0174300PE,523.2,523.2,523.2,523.2,0,19
2026-09-25 23:15:00,SENSEX,CE,74400.0,SENSEX26O0174400CE,285.6,285.6,285.6,285.6,0,19
2026-09-25 23:15:00,SENSEX,PE,74400.0,SENSEX26O0174400PE,583.55,583.55,583.55,583.55,0,19
2026-09-25 23:15:00,SENSEX,CE,74500.0,SENSEX26O0174500CE,249.2,249.2,249.2,249.2,0,19
2026-09-25 23:15:00,SENSEX,PE,74500.0,SENSEX26O0174500PE,636.0,636.0,636.0,636.0,0,19
2026-09-25 23:16:00,SENSEX,FUT,0.0,SENSEX26OCTFUT,74600.0,74600.0,74600.0,74600.0,0,19
2026-09-25 23:16:00,SENSEX,SPOT,0.0,SENSEX,73895.74,73895.74,73895.74,73895.74,0,19
2026-09-25 23:16:00,SENSEX,CE,73300.0,SENSEX26O0173300CE,965.55,965.55,965.55,965.55,0,19
2026-09-25 23:16:00,SENSEX,PE,73300.0,SENSEX26O0173300PE,166.0,166.0,166.0,166.0,0,19
2026-09-25 23:16:00,SENSEX,CE,73400.0,SENSEX26O0173400CE,893.45,893.45,893.45,893.45,0,19
2026-09-25 23:16:00,SENSEX,PE,73400.0,SENSEX26O0173400PE,187.65,187.65,187.65,187.65,0,19
2026-09-25 23:16:00,SENSEX,CE,73500.0,SENSEX26O0173500CE,801.0,801.0,801.0,801.0,0,19
2026-09-25 23:16:00,SENSEX,PE,73500.0,SENSEX26O0173500PE,211.85,211.85,211.85,211.85,0,19
2026-09-25 23:16:00,SENSEX,CE,73600.0,SENSEX26O0173600CE,721.5,721.5,721.5,721.5,0,19
2026-09-25 23:16:00,SENSEX,PE,73600.0,SENSEX26O0173600PE,235.3,235.3,235.3,235.3,0,19
2026-09-25 23:16:00,SENSEX,CE,73700.0,SENSEX26O0173700CE,655.0,655.0,655.0,655.0,0,19
2026-09-25 23:16:00,SENSEX,PE,73700.0,SENSEX26O0173700PE,270.0,270.0,270.0,270.0,0,19
2026-09-25 23:16:00,SENSEX,CE,73800.0,SENSEX26O0173800CE,607.2,607.2,607.2,607.2,0,19
2026-09-25 23:16:00,SENSEX,PE,73800.0,SENSEX26O0173800PE,304.0,304.0,304.0,304.0,0,19
2026-09-25 23:16:00,SENSEX,CE,73900.0,SENSEX26O0173900CE,545.0,545.0,545.0,545.0,0,19
2026-09-25 23:16:00,SENSEX,PE,73900.0,SENSEX26O0173900PE,340.05,340.05,340.05,340.05,0,19
2026-09-25 23:16:00,SENSEX,CE,74000.0,SENSEX26O0174000CE,484.1,484.1,484.1,484.1,0,19
2026-09-25 23:16:00,SENSEX,PE,74000.0,SENSEX26O0174000PE,388.5,388.5,388.5,388.5,0,19
2026-09-25 23:16:00,SENSEX,CE,74100.0,SENSEX26O0174100CE,424.65,424.65,424.65,424.65,0,19
2026-09-25 23:16:00,SENSEX,PE,74100.0,SENSEX26O0174100PE,424.05,424.05,424.05,424.05,0,19
2026-09-25 23:16:00,SENSEX,CE,74200.0,SENSEX26O0174200CE,380.4,380.4,380.4,380.4,0,19
2026-09-25 23:16:00,SENSEX,PE,74200.0,SENSEX26O0174200PE,484.8,484.8,484.8,484.8,0,19
2026-09-25 23:16:00,SENSEX,CE,74300.0,SENSEX26O0174300CE,333.5,333.5,333.5,333.5,0,19
2026-09-25 23:16:00,SENSEX,PE,74300.0,SENSEX26O0174300PE,523.2,523.2,523.2,523.2,0,19
2026-09-25 23:16:00,SENSEX,CE,74400.0,SENSEX26O0174400CE,285.6,285.6,285.6,285.6,0,19
2026-09-25 23:16:00,SENSEX,PE,74400.0,SENSEX26O0174400PE,583.55,583.55,583.55,583.55,0,19
2026-09-25 23:16:00,SENSEX,CE,74500.0,SENSEX26O0174500CE,249.2,249.2,249.2,249.2,0,19
2026-09-25 23:16:00,SENSEX,PE,74500.0,SENSEX26O0174500PE,636.0,636.0,636.0,636.0,0,19
2026-09-25 23:17:00,SENSEX,FUT,0.0,SENSEX26OCTFUT,74600.0,74600.0,74600.0,74600.0,0,19
2026-09-25 23:17:00,SENSEX,SPOT,0.0,SENSEX,73895.74,73895.74,73895.74,73895.74,0,19
2026-09-25 23:17:00,SENSEX,CE,73300.0,SENSEX26O0173300CE,965.55,965.55,965.55,965.55,0,19
2026-09-25 23:17:00,SENSEX,PE,73300.0,SENSEX26O0173300PE,166.0,166.0,166.0,166.0,0,19
2026-09-25 23:17:00,SENSEX,CE,73400.0,SENSEX26O0173400CE,893.45,893.45,893.45,893.45,0,19
2026-09-25 23:17:00,SENSEX,PE,73400.0,SENSEX26O0173400PE,187.65,187.65,187.65,187.65,0,19
2026-09-25 23:17:00,SENSEX,CE,73500.0,SENSEX26O0173500CE,801.0,801.0,801.0,801.0,0,19
2026-09-25 23:17:00,SENSEX,PE,73500.0,SENSEX26O0173500PE,211.85,211.85,211.85,211.85,0,19
2026-09-25 23:17:00,SENSEX,CE,73600.0,SENSEX26O0173600CE,721.5,721.5,721.5,721.5,0,19
2026-09-25 23:17:00,SENSEX,PE,73600.0,SENSEX26O0173600PE,235.3,235.3,235.3,235.3,0,19
2026-09-25 23:17:00,SENSEX,CE,73700.0,SENSEX26O0173700CE,655.0,655.0,655.0,655.0,0,19
2026-09-25 23:17:00,SENSEX,PE,73700.0,SENSEX26O0173700PE,270.0,270.0,270.0,270.0,0,19
2026-09-25 23:17:00,SENSEX,CE,73800.0,SENSEX26O0173800CE,607.2,607.2,607.2,607.2,0,19
2026-09-25 23:17:00,SENSEX,PE,73800.0,SENSEX26O0173800PE,304.0,304.0,304.0,304.0,0,19
2026-09-25 23:17:00,SENSEX,CE,73900.0,SENSEX26O0173900CE,545.0,545.0,545.0,545.0,0,19
2026-09-25 23:17:00,SENSEX,PE,73900.0,SENSEX26O0173900PE,340.05,340.05,340.05,340.05,0,19
2026-09-25 23:17:00,SENSEX,CE,74000.0,SENSEX26O0174000CE,484.1,484.1,484.1,484.1,0,19
2026-09-25 23:17:00,SENSEX,PE,74000.0,SENSEX26O0174000PE,388.5,388.5,388.5,388.5,0,19
2026-09-25 23:17:00,SENSEX,CE,74100.0,SENSEX26O0174100CE,424.65,424.65,424.65,424.65,0,19
2026-09-25 23:17:00,SENSEX,PE,74100.0,SENSEX26O0174100PE,424.05,424.05,424.05,424.05,0,19
2026-09-25 23:17:00,SENSEX,CE,74200.0,SENSEX26O0174200CE,380.4,380.4,380.4,380.4,0,19
2026-09-25 23:17:00,SENSEX,PE,74200.0,SENSEX26O0174200PE,484.8,484.8,484.8,484.8,0,19
2026-09-25 23:17:00,SENSEX,CE,74300.0,SENSEX26O0174300CE,333.5,333.5,333.5,333.5,0,19
2026-09-25 23:17:00,SENSEX,PE,74300.0,SENSEX26O0174300PE,523.2,523.2,523.2,523.2,0,19
2026-09-25 23:17:00,SENSEX,CE,74400.0,SENSEX26O0174400CE,285.6,285.6,285.6,285.6,0,19
2026-09-25 23:17:00,SENSEX,PE,74400.0,SENSEX26O0174400PE,583.55,583.55,583.55,583.55,0,19
2026-09-25 23:17:00,SENSEX,CE,74500.0,SENSEX26O0174500CE,249.2,249.2,249.2,249.2,0,19
2026-09-25 23:17:00,SENSEX,PE,74500.0,SENSEX26O0174500PE,636.0,636.0,636.0,636.0,0,19
2026-09-25 23:18:00,SENSEX,FUT,0.0,SENSEX26OCTFUT,74600.0,74600.0,74600.0,74600.0,0,19
2026-09-25 23:18:00,SENSEX,SPOT,0.0,SENSEX,73895.74,73895.74,73895.74,73895.74,0,19
2026-09-25 23:18:00,SENSEX,CE,73300.0,SENSEX26O0173300CE,965.55,965.55,965.55,965.55,0,19
2026-09-25 23:18:00,SENSEX,PE,73300.0,SENSEX26O0173300PE,166.0,166.0,166.0,166.0,0,19
2026-09-25 23:18:00,SENSEX,CE,73400.0,SENSEX26O0173400CE,893.45,893.45,893.45,893.45,0,19
2026-09-25 23:18:00,SENSEX,PE,73400.0,SENSEX26O0173400PE,187.65,187.65,187.65,187.65,0,19
2026-09-25 23:18:00,SENSEX,CE,73500.0,SENSEX26O0173500CE,801.0,801.0,801.0,801.0,0,19
2026-09-25 23:18:00,SENSEX,PE,73500.0,SENSEX26O0173500PE,211.85,211.85,211.85,211.85,0,19
2026-09-25 23:18:00,SENSEX,CE,73600.0,SENSEX26O0173600CE,721.5,721.5,721.5,721.5,0,19
2026-09-25 23:18:00,SENSEX,PE,73600.0,SENSEX26O0173600PE,235.3,235.3,235.3,235.3,0,19
2026-09-25 23:18:00,SENSEX,CE,73700.0,SENSEX26O0173700CE,655.0,655.0,655.0,655.0,0,19
2026-09-25 23:18:00,SENSEX,PE,73700.0,SENSEX26O0173700PE,270.0,270.0,270.0,270.0,0,19
2026-09-25 23:18:00,SENSEX,CE,73800.0,SENSEX26O0173800CE,607.2,607.2,607.2,607.2,0,19
2026-09-25 23:18:00,SENSEX,PE,73800.0,SENSEX26O0173800PE,304.0,304.0,304.0,304.0,0,19
2026-09-25 23:18:00,SENSEX,CE,73900.0,SENSEX26O0173900CE,545.0,545.0,545.0,545.0,0,19
2026-09-25 23:18:00,SENSEX,PE,73900.0,SENSEX26O0173900PE,340.05,340.05,340.05,340.05,0,19
2026-09-25 23:18:00,SENSEX,CE,74000.0,SENSEX26O0174000CE,484.1,484.1,484.1,484.1,0,19
2026-09-25 23:18:00,SENSEX,PE,74000.0,SENSEX26O0174000PE,388.5,388.5,388.5,388.5,0,19
2026-09-25 23:18:00,SENSEX,CE,74100.0,SENSEX26O0174100CE,424.65,424.65,424.65,424.65,0,19
2026-09-25 23:18:00,SENSEX,PE,74100.0,SENSEX26O0174100PE,424.05,424.05,424.05,424.05,0,19
2026-09-25 23:18:00,SENSEX,CE,74200.0,SENSEX26O0174200CE,380.4,380.4,380.4,380.4,0,19
2026-09-25 23:18:00,SENSEX,PE,74200.0,SENSEX26O0174200PE,484.8,484.8,484.8,484.8,0,19
2026-09-25 23:18:00,SENSEX,CE,74300.0,SENSEX26O0174300CE,333.5,333.5,333.5,333.5,0,19
2026-09-25 23:18:00,SENSEX,PE,74300.0,SENSEX26O0174300PE,523.2,523.2,523.2,523.2,0,19
2026-09-25 23:18:00,SENSEX,CE,74400.0,SENSEX26O0174400CE,285.6,285.6,285.6,285.6,0,19
2026-09-25 23:18:00,SENSEX,PE,74400.0,SENSEX26O0174400PE,583.55,583.55,583.55,583.55,0,19
2026-09-25 23:18:00,SENSEX,CE,74500.0,SENSEX26O0174500CE,249.2,249.2,249.2,249.2,0,19
2026-09-25 23:18:00,SENSEX,PE,74500.0,SENSEX26O0174500PE,636.0,636.0,636.0,636.0,0,19
2026-09-25 23:19:00,SENSEX,FUT,0.0,SENSEX26OCTFUT,74600.0,74600.0,74600.0,74600.0,0,14
2026-09-25 23:19:00,SENSEX,SPOT,0.0,SENSEX,73895.74,73895.74,73895.74,73895.74,0,14
2026-09-25 23:19:00,SENSEX,CE,73300.0,SENSEX26O0173300CE,965.55,965.55,965.55,965.55,0,14
2026-09-25 23:19:00,SENSEX,PE,73300.0,SENSEX26O0173300PE,166.0,166.0,166.0,166.0,0,14
2026-09-25 23:19:00,SENSEX,CE,73400.0,SENSEX26O0173400CE,893.45,893.45,893.45,893.45,0,14
2026-09-25 23:19:00,SENSEX,PE,73400.0,SENSEX26O0173400PE,187.65,187.65,187.65,187.65,0,14
2026-09-25 23:19:00,SENSEX,CE,73500.0,SENSEX26O0173500CE,801.0,801.0,801.0,801.0,0,14
2026-09-25 23:19:00,SENSEX,PE,73500.0,SENSEX26O0173500PE,211.85,211.85,211.85,211.85,0,14
2026-09-25 23:19:00,SENSEX,CE,73600.0,SENSEX26O0173600CE,721.5,721.5,721.5,721.5,0,14
2026-09-25 23:19:00,SENSEX,PE,73600.0,SENSEX26O0173600PE,235.3,235.3,235.3,235.3,0,14
2026-09-25 23:19:00,SENSEX,CE,73700.0,SENSEX26O0173700CE,655.0,655.0,655.0,655.0,0,14
2026-09-25 23:19:00,SENSEX,PE,73700.0,SENSEX26O0173700PE,270.0,270.0,270.0,270.0,0,14
2026-09-25 23:19:00,SENSEX,CE,73800.0,SENSEX26O0173800CE,607.2,607.2,607.2,607.2,0,14
2026-09-25 23:19:00,SENSEX,PE,73800.0,SENSEX26O0173800PE,304.0,304.0,304.0,304.0,0,14
2026-09-25 23:19:00,SENSEX,CE,73900.0,SENSEX26O0173900CE,545.0,545.0,545.0,545.0,0,14
2026-09-25 23:19:00,SENSEX,PE,73900.0,SENSEX26O0173900PE,340.05,340.05,340.05,340.05,0,14
2026-09-25 23:19:00,SENSEX,CE,74000.0,SENSEX26O0174000CE,484.1,484.1,484.1,484.1,0,14
2026-09-25 23:19:00,SENSEX,PE,74000.0,SENSEX26O0174000PE,388.5,388.5,388.5,388.5,0,14
2026-09-25 23:19:00,SENSEX,CE,74100.0,SENSEX26O0174100CE,424.65,424.65,424.65,424.65,0,14
2026-09-25 23:19:00,SENSEX,PE,74100.0,SENSEX26O0174100PE,424.05,424.05,424.05,424.05,0,14
2026-09-25 23:19:00,SENSEX,CE,74200.0,SENSEX26O0174200CE,380.4,380.4,380.4,380.4,0,14
2026-09-25 23:19:00,SENSEX,PE,74200.0,SENSEX26O0174200PE,484.8,484.8,484.8,484.8,0,14
2026-09-25 23:19:00,SENSEX,CE,74300.0,SENSEX26O0174300CE,333.5,333.5,333.5,333.5,0,14
2026-09-25 23:19:00,SENSEX,PE,74300.0,SENSEX26O0174300PE,523.2,523.2,523.2,523.2,0,14
2026-09-25 23:19:00,SENSEX,CE,74400.0,SENSEX26O0174400CE,285.6,285.6,285.6,285.6,0,14
2026-09-25 23:19:00,SENSEX,PE,74400.0,SENSEX26O0174400PE,583.55,583.55,583.55,583.55,0,14
2026-09-25 23:19:00,SENSEX,CE,74500.0,SENSEX26O0174500CE,249.2,249.2,249.2,249.2,0,14
2026-09-25 23:19:00,SENSEX,PE,74500.0,SENSEX26O0174500PE,636.0,636.0,636.0,636.0,0,14
2026-09-25 23:20:00,SENSEX,FUT,0.0,SENSEX26OCTFUT,74600.0,74600.0,74600.0,74600.0,0,5
2026-09-25 23:20:00,SENSEX,SPOT,0.0,SENSEX,73895.74,73895.74,73895.74,73895.74,0,5
2026-09-25 23:20:00,SENSEX,CE,73300.0,SENSEX26O0173300CE,965.55,965.55,965.55,965.55,0,5
2026-09-25 23:20:00,SENSEX,PE,73300.0,SENSEX26O0173300PE,166.0,166.0,166.0,166.0,0,5
2026-09-25 23:20:00,SENSEX,CE,73400.0,SENSEX26O0173400CE,893.45,893.45,893.45,893.45,0,5
2026-09-25 23:20:00,SENSEX,PE,73400.0,SENSEX26O0173400PE,187.65,187.65,187.65,187.65,0,5
2026-09-25 23:20:00,SENSEX,CE,73500.0,SENSEX26O0173500CE,801.0,801.0,801.0,801.0,0,5
2026-09-25 23:20:00,SENSEX,PE,73500.0,SENSEX26O0173500PE,211.85,211.85,211.85,211.85,0,5
2026-09-25 23:20:00,SENSEX,CE,73600.0,SENSEX26O0173600CE,721.5,721.5,721.5,721.5,0,5
2026-09-25 23:20:00,SENSEX,PE,73600.0,SENSEX26O0173600PE,235.3,235.3,235.3,235.3,0,5
2026-09-25 23:20:00,SENSEX,CE,73700.0,SENSEX26O0173700CE,655.0,655.0,655.0,655.0,0,5
2026-09-25 23:20:00,SENSEX,PE,73700.0,SENSEX26O0173700PE,270.0,270.0,270.0,270.0,0,5
2026-09-25 23:20:00,SENSEX,CE,73800.0,SENSEX26O0173800CE,607.2,607.2,607.2,607.2,0,5
2026-09-25 23:20:00,SENSEX,PE,73800.0,SENSEX26O0173800PE,304.0,304.0,304.0,304.0,0,5
2026-09-25 23:20:00,SENSEX,CE,73900.0,SENSEX26O0173900CE,545.0,545.0,545.0,545.0,0,5
2026-09-25 23:20:00,SENSEX,PE,73900.0,SENSEX26O0173900PE,340.05,340.05,340.05,340.05,0,5
2026-09-25 23:20:00,SENSEX,CE,74000.0,SENSEX26O0174000CE,484.1,484.1,484.1,484.1,0,5
2026-09-25 23:20:00,SENSEX,PE,74000.0,SENSEX26O0174000PE,388.5,388.5,388.5,388.5,0,5
2026-09-25 23:20:00,SENSEX,CE,74100.0,SENSEX26O0174100CE,424.65,424.65,424.65,424.65,0,5
2026-09-25 23:20:00,SENSEX,PE,74100.0,SENSEX26O0174100PE,424.05,424.05,424.05,424.05,0,5
2026-09-25 23:20:00,SENSEX,CE,74200.0,SENSEX26O0174200CE,380.4,380.4,380.4,380.4,0,5
2026-09-25 23:20:00,SENSEX,PE,74200.0,SENSEX26O0174200PE,484.8,484.8,484.8,484.8,0,5
2026-09-25 23:20:00,SENSEX,CE,74300.0,SENSEX26O0174300CE,333.5,333.5,333.5,333.5,0,5
2026-09-25 23:20:00,SENSEX,PE,74300.0,SENSEX26O0174300PE,523.2,523.2,523.2,523.2,0,5
2026-09-25 23:20:00,SENSEX,CE,74400.0,SENSEX26O0174400CE,285.6,285.6,285.6,285.6,0,5
2026-09-25 23:20:00,SENSEX,PE,74400.0,SENSEX26O0174400PE,583.55,583.55,583.55,583.55,0,5
2026-09-25 23:20:00,SENSEX,CE,74500.0,SENSEX26O0174500CE,249.2,249.2,249.2,249.2,0,5
2026-09-25 23:20:00,SENSEX,PE,74500.0,SENSEX26O0174500PE,636.0,636.0,636.0,636.0,0,5
2026-09-25 23:21:00,SENSEX,FUT,0.0,SENSEX26OCTFUT,74600.0,74600.0,74600.0,74600.0,0,19
2026-09-25 23:21:00,SENSEX,SPOT,0.0,SENSEX,73895.74,73895.74,73895.74,73895.74,0,19
2026-09-25 23:21:00,SENSEX,CE,73300.0,SENSEX26O0173300CE,965.55,965.55,965.55,965.55,0,19
2026-09-25 23:21:00,SENSEX,PE,73300.0,SENSEX26O0173300PE,166.0,166.0,166.0,166.0,0,19
2026-09-25 23:21:00,SENSEX,CE,73400.0,SENSEX26O0173400CE,893.45,893.45,893.45,893.45,0,19
2026-09-25 23:21:00,SENSEX,PE,73400.0,SENSEX26O0173400PE,187.65,187.65,187.65,187.65,0,19
2026-09-25 23:21:00,SENSEX,CE,73500.0,SENSEX26O0173500CE,801.0,801.0,801.0,801.0,0,19
2026-09-25 23:21:00,SENSEX,PE,73500.0,SENSEX26O0173500PE,211.85,211.85,211.85,211.85,0,19
2026-09-25 23:21:00,SENSEX,CE,73600.0,SENSEX26O0173600CE,721.5,721.5,721.5,721.5,0,19
2026-09-25 23:21:00,SENSEX,PE,73600.0,SENSEX26O0173600PE,235.3,235.3,235.3,235.3,0,19
2026-09-25 23:21:00,SENSEX,CE,73700.0,SENSEX26O0173700CE,655.0,655.0,655.0,655.0,0,19
2026-09-25 23:21:00,SENSEX,PE,73700.0,SENSEX26O0173700PE,270.0,270.0,270.0,270.0,0,19
2026-09-25 23:21:00,SENSEX,CE,73800.0,SENSEX26O0173800CE,607.2,607.2,607.2,607.2,0,19
2026-09-25 23:21:00,SENSEX,PE,73800.0,SENSEX26O0173800PE,304.0,304.0,304.0,304.0,0,19
2026-09-25 23:21:00,SENSEX,CE,73900.0,SENSEX26O0173900CE,545.0,545.0,545.0,545.0,0,19
2026-09-25 23:21:00,SENSEX,PE,73900.0,SENSEX26O0173900PE,340.05,340.05,340.05,340.05,0,19
2026-09-25 23:21:00,SENSEX,CE,74000.0,SENSEX26O0174000CE,484.1,484.1,484.1,484.1,0,19
2026-09-25 23:21:00,SENSEX,PE,74000.0,SENSEX26O0174000PE,388.5,388.5,388.5,388.5,0,19
2026-09-25 23:21:00,SENSEX,CE,74100.0,SENSEX26O0174100CE,424.65,424.65,424.65,424.65,0,19
2026-09-25 23:21:00,SENSEX,PE,74100.0,SENSEX26O0174100PE,424.05,424.05,424.05,424.05,0,19
2026-09-25 23:21:00,SENSEX,CE,74200.0,SENSEX26O0174200CE,380.4,380.4,380.4,380.4,0,19
2026-09-25 23:21:00,SENSEX,PE,74200.0,SENSEX26O0174200PE,484.8,484.8,484.8,484.8,0,19
2026-09-25 23:21:00,SENSEX,CE,74300.0,SENSEX26O0174300CE,333.5,333.5,333.5,333.5,0,19
2026-09-25 23:21:00,SENSEX,PE,74300.0,SENSEX26O0174300PE,523.2,523.2,523.2,523.2,0,19
2026-09-25 23:21:00,SENSEX,CE,74400.0,SENSEX26O0174400CE,285.6,285.6,285.6,285.6,0,19
2026-09-25 23:21:00,SENSEX,PE,74400.0,SENSEX26O0174400PE,583.55,583.55,583.55,583.55,0,19
2026-09-25 23:21:00,SENSEX,CE,74500.0,SENSEX26O0174500CE,249.2,249.2,249.2,249.2,0,19
2026-09-25 23:21:00,SENSEX,PE,74500.0,SENSEX26O0174500PE,636.0,636.0,636.0,636.0,0,19
2026-09-25 23:22:00,SENSEX,FUT,0.0,SENSEX26OCTFUT,74600.0,74600.0,74600.0,74600.0,0,18
2026-09-25 23:22:00,SENSEX,SPOT,0.0,SENSEX,73895.74,73895.74,73895.74,73895.74,0,18
2026-09-25 23:22:00,SENSEX,CE,73300.0,SENSEX26O0173300CE,965.55,965.55,965.55,965.55,0,18
2026-09-25 23:22:00,SENSEX,PE,73300.0,SENSEX26O0173300PE,166.0,166.0,166.0,166.0,0,18
2026-09-25 23:22:00,SENSEX,CE,73400.0,SENSEX26O0173400CE,893.45,893.45,893.45,893.45,0,18
2026-09-25 23:22:00,SENSEX,PE,73400.0,SENSEX26O0173400PE,187.65,187.65,187.65,187.65,0,18
2026-09-25 23:22:00,SENSEX,CE,73500.0,SENSEX26O0173500CE,801.0,801.0,801.0,801.0,0,18
2026-09-25 23:22:00,SENSEX,PE,73500.0,SENSEX26O0173500PE,211.85,211.85,211.85,211.85,0,18
2026-09-25 23:22:00,SENSEX,CE,73600.0,SENSEX26O0173600CE,721.5,721.5,721.5,721.5,0,18
2026-09-25 23:22:00,SENSEX,PE,73600.0,SENSEX26O0173600PE,235.3,235.3,235.3,235.3,0,18
2026-09-25 23:22:00,SENSEX,CE,73700.0,SENSEX26O0173700CE,655.0,655.0,655.0,655.0,0,18
2026-09-25 23:22:00,SENSEX,PE,73700.0,SENSEX26O0173700PE,270.0,270.0,270.0,270.0,0,18
2026-09-25 23:22:00,SENSEX,CE,73800.0,SENSEX26O0173800CE,607.2,607.2,607.2,607.2,0,18
2026-09-25 23:22:00,SENSEX,PE,73800.0,SENSEX26O0173800PE,304.0,304.0,304.0,304.0,0,18
2026-09-25 23:22:00,SENSEX,CE,73900.0,SENSEX26O0173900CE,545.0,545.0,545.0,545.0,0,18
2026-09-25 23:22:00,SENSEX,PE,73900.0,SENSEX26O0173900PE,340.05,340.05,340.05,340.05,0,18
2026-09-25 23:22:00,SENSEX,CE,74000.0,SENSEX26O0174000CE,484.1,484.1,484.1,484.1,0,18
2026-09-25 23:22:00,SENSEX,PE,74000.0,SENSEX26O0174000PE,388.5,388.5,388.5,388.5,0,18
2026-09-25 23:22:00,SENSEX,CE,74100.0,SENSEX26O0174100CE,424.65,424.65,424.65,424.65,0,18
2026-09-25 23:22:00,SENSEX,PE,74100.0,SENSEX26O0174100PE,424.05,424.05,424.05,424.05,0,18
2026-09-25 23:22:00,SENSEX,CE,74200.0,SENSEX26O0174200CE,380.4,380.4,380.4,380.4,0,18
2026-09-25 23:22:00,SENSEX,PE,74200.0,SENSEX26O0174200PE,484.8,484.8,484.8,484.8,0,18
2026-09-25 23:22:00,SENSEX,CE,74300.0,SENSEX26O0174300CE,333.5,333.5,333.5,333.5,0,18
2026-09-25 23:22:00,SENSEX,PE,74300.0,SENSEX26O0174300PE,523.2,523.2,523.2,523.2,0,18
2026-09-25 23:22:00,SENSEX,CE,74400.0,SENSEX26O0174400CE,285.6,285.6,285.6,285.6,0,18
2026-09-25 23:22:00,SENSEX,PE,74400.0,SENSEX26O0174400PE,583.55,583.55,583.55,583.55,0,18
2026-09-25 23:22:00,SENSEX,CE,74500.0,SENSEX26O0174500CE,249.2,249.2,249.2,249.2,0,18
2026-09-25 23:22:00,SENSEX,PE,74500.0,SENSEX26O0174500PE,636.0,636.0,636.0,636.0,0,18
2026-09-25 23:23:00,SENSEX,FUT,0.0,SENSEX26OCTFUT,74600.0,74600.0,74600.0,74600.0,0,19
2026-09-25 23:23:00,SENSEX,SPOT,0.0,SENSEX,73895.74,73895.74,73895.74,73895.74,0,19
2026-09-25 23:23:00,SENSEX,CE,73300.0,SENSEX26O0173300CE,965.55,965.55,965.55,965.55,0,19
2026-09-25 23:23:00,SENSEX,PE,73300.0,SENSEX26O0173300PE,166.0,166.0,166.0,166.0,0,19
2026-09-25 23:23:00,SENSEX,CE,73400.0,SENSEX26O0173400CE,893.45,893.45,893.45,893.45,0,19
2026-09-25 23:23:00,SENSEX,PE,73400.0,SENSEX26O0173400PE,187.65,187.65,187.65,187.65,0,19
2026-09-25 23:23:00,SENSEX,CE,73500.0,SENSEX26O0173500CE,801.0,801.0,801.0,801.0,0,19
2026-09-25 23:23:00,SENSEX,PE,73500.0,SENSEX26O0173500PE,211.85,211.85,211.85,211.85,0,19
2026-09-25 23:23:00,SENSEX,CE,73600.0,SENSEX26O0173600CE,721.5,721.5,721.5,721.5,0,19
2026-09-25 23:23:00,SENSEX,PE,73600.0,SENSEX26O0173600PE,235.3,235.3,235.3,235.3,0,19
2026-09-25 23:23:00,SENSEX,CE,73700.0,SENSEX26O0173700CE,655.0,655.0,655.0,655.0,0,19
2026-09-25 23:23:00,SENSEX,PE,73700.0,SENSEX26O0173700PE,270.0,270.0,270.0,270.0,0,19
2026-09-25 23:23:00,SENSEX,CE,73800.0,SENSEX26O0173800CE,607.2,607.2,607.2,607.2,0,19
2026-09-25 23:23:00,SENSEX,PE,73800.0,SENSEX26O0173800PE,304.0,304.0,304.0,304.0,0,19
2026-09-25 23:23:00,SENSEX,CE,73900.0,SENSEX26O0173900CE,545.0,545.0,545.0,545.0,0,19
2026-09-25 23:23:00,SENSEX,PE,73900.0,SENSEX26O0173900PE,340.05,340.05,340.05,340.05,0,19
2026-09-25 23:23:00,SENSEX,CE,74000.0,SENSEX26O0174000CE,484.1,484.1,484.1,484.1,0,19
2026-09-25 23:23:00,SENSEX,PE,74000.0,SENSEX26O0174000PE,388.5,388.5,388.5,388.5,0,19
2026-09-25 23:23:00,SENSEX,CE,74100.0,SENSEX26O0174100CE,424.65,424.65,424.65,424.65,0,19
2026-09-25 23:23:00,SENSEX,PE,74100.0,SENSEX26O0174100PE,424.05,424.05,424.05,424.05,0,19
2026-09-25 23:23:00,SENSEX,CE,74200.0,SENSEX26O0174200CE,380.4,380.4,380.4,380.4,0,19
2026-09-25 23:23:00,SENSEX,PE,74200.0,SENSEX26O0174200PE,484.8,484.8,484.8,484.8,0,19
2026-09-25 23:23:00,SENSEX,CE,74300.0,SENSEX26O0174300CE,333.5,333.5,333.5,333.5,0,19
2026-09-25 23:23:00,SENSEX,PE,74300.0,SENSEX26O0174300PE,523.2,523.2,523.2,523.2,0,19
2026-09-25 23:23:00,SENSEX,CE,74400.0,SENSEX26O0174400CE,285.6,285.6,285.6,285.6,0,19
2026-09-25 23:23:00,SENSEX,PE,74400.0,SENSEX26O0174400PE,583.55,583.55,583.55,583.55,0,19
2026-09-25 23:23:00,SENSEX,CE,74500.0,SENSEX26O0174500CE,249.2,249.2,249.2,249.2,0,19
2026-09-25 23:23:00,SENSEX,PE,74500.0,SENSEX26O0174500PE,636.0,636.0,636.0,636.0,0,19
2026-09-25 23:24:00,SENSEX,FUT,0.0,SENSEX26OCTFUT,74600.0,74600.0,74600.0,74600.0,0,19
2026-09-25 23:24:00,SENSEX,SPOT,0.0,SENSEX,73895.74,73895.74,73895.74,73895.74,0,19
2026-09-25 23:24:00,SENSEX,CE,73300.0,SENSEX26O0173300CE,965.55,965.55,965.55,965.55,0,19
2026-09-25 23:24:00,SENSEX,PE,73300.0,SENSEX26O0173300PE,166.0,166.0,166.0,166.0,0,19
2026-09-25 23:24:00,SENSEX,CE,73400.0,SENSEX26O0173400CE,893.45,893.45,893.45,893.45,0,19
2026-09-25 23:24:00,SENSEX,PE,73400.0,SENSEX26O0173400PE,187.65,187.65,187.65,187.65,0,19
2026-09-25 23:24:00,SENSEX,CE,73500.0,SENSEX26O0173500CE,801.0,801.0,801.0,801.0,0,19
2026-09-25 23:24:00,SENSEX,PE,73500.0,SENSEX26O0173500PE,211.85,211.85,211.85,211.85,0,19
2026-09-25 23:24:00,SENSEX,CE,73600.0,SENSEX26O0173600CE,721.5,721.5,721.5,721.5,0,19
2026-09-25 23:24:00,SENSEX,PE,73600.0,SENSEX26O0173600PE,235.3,235.3,235.3,235.3,0,19
2026-09-25 23:24:00,SENSEX,CE,73700.0,SENSEX26O0173700CE,655.0,655.0,655.0,655.0,0,19
2026-09-25 23:24:00,SENSEX,PE,73700.0,SENSEX26O0173700PE,270.0,270.0,270.0,270.0,0,19
2026-09-25 23:24:00,SENSEX,CE,73800.0,SENSEX26O0173800CE,607.2,607.2,607.2,607.2,0,19
2026-09-25 23:24:00,SENSEX,PE,73800.0,SENSEX26O0173800PE,304.0,304.0,304.0,304.0,0,19
2026-09-25 23:24:00,SENSEX,CE,73900.0,SENSEX26O0173900CE,545.0,545.0,545.0,545.0,0,19
2026-09-25 23:24:00,SENSEX,PE,73900.0,SENSEX26O0173900PE,340.05,340.05,340.05,340.05,0,19
2026-09-25 23:24:00,SENSEX,CE,74000.0,SENSEX26O0174000CE,484.1,484.1,484.1,484.1,0,19
2026-09-25 23:24:00,SENSEX,PE,74000.0,SENSEX26O0174000PE,388.5,388.5,388.5,388.5,0,19
2026-09-25 23:24:00,SENSEX,CE,74100.0,SENSEX26O0174100CE,424.65,424.65,424.65,424.65,0,19
2026-09-25 23:24:00,SENSEX,PE,74100.0,SENSEX26O0174100PE,424.05,424.05,424.05,424.05,0,19
2026-09-25 23:24:00,SENSEX,CE,74200.0,SENSEX26O0174200CE,380.4,380.4,380.4,380.4,0,19
2026-09-25 23:24:00,SENSEX,PE,74200.0,SENSEX26O0174200PE,484.8,484.8,484.8,484.8,0,19
2026-09-25 23:24:00,SENSEX,CE,74300.0,SENSEX26O0174300CE,333.5,333.5,333.5,333.5,0,19
2026-09-25 23:24:00,SENSEX,PE,74300.0,SENSEX26O0174300PE,523.2,523.2,523.2,523.2,0,19
2026-09-25 23:24:00,SENSEX,CE,74400.0,SENSEX26O0174400CE,285.6,285.6,285.6,285.6,0,19
2026-09-25 23:24:00,SENSEX,PE,74400.0,SENSEX26O0174400PE,583.55,583.55,583.55,583.55,0,19
2026-09-25 23:24:00,SENSEX,CE,74500.0,SENSEX26O0174500CE,249.2,249.2,249.2,249.2,0,19
2026-09-25 23:24:00,SENSEX,PE,74500.0,SENSEX26O0174500PE,636.0,636.0,636.0,636.0,0,19
2026-09-25 23:25:00,SENSEX,FUT,0.0,SENSEX26OCTFUT,74600.0,74600.0,74600.0,74600.0,0,19
2026-09-25 23:25:00,SENSEX,SPOT,0.0,SENSEX,73895.74,73895.74,73895.74,73895.74,0,19
2026-09-25 23:25:00,SENSEX,CE,73300.0,SENSEX26O0173300CE,965.55,965.55,965.55,965.55,0,19
2026-09-25 23:25:00,SENSEX,PE,73300.0,SENSEX26O0173300PE,166.0,166.0,166.0,166.0,0,19
2026-09-25 23:25:00,SENSEX,CE,73400.0,SENSEX26O0173400CE,893.45,893.45,893.45,893.45,0,19
2026-09-25 23:25:00,SENSEX,PE,73400.0,SENSEX26O0173400PE,187.65,187.65,187.65,187.65,0,19
2026-09-25 23:25:00,SENSEX,CE,73500.0,SENSEX26O0173500CE,801.0,801.0,801.0,801.0,0,19
2026-09-25 23:25:00,SENSEX,PE,73500.0,SENSEX26O0173500PE,211.85,211.85,211.85,211.85,0,19
2026-09-25 23:25:00,SENSEX,CE,73600.0,SENSEX26O0173600CE,721.5,721.5,721.5,721.5,0,19
2026-09-25 23:25:00,SENSEX,PE,73600.0,SENSEX26O0173600PE,235.3,235.3,235.3,235.3,0,19
2026-09-25 23:25:00,SENSEX,CE,73700.0,SENSEX26O0173700CE,655.0,655.0,655.0,655.0,0,19
2026-09-25 23:25:00,SENSEX,PE,73700.0,SENSEX26O0173700PE,270.0,270.0,270.0,270.0,0,19
2026-09-25 23:25:00,SENSEX,CE,73800.0,SENSEX26O0173800CE,607.2,607.2,607.2,607.2,0,19
2026-09-25 23:25:00,SENSEX,PE,73800.0,SENSEX26O0173800PE,304.0,304.0,304.0,304.0,0,19
2026-09-25 23:25:00,SENSEX,CE,73900.0,SENSEX26O0173900CE,545.0,545.0,545.0,545.0,0,19
2026-09-25 23:25:00,SENSEX,PE,73900.0,SENSEX26O0173900PE,340.05,340.05,340.05,340.05,0,19
2026-09-25 23:25:00,SENSEX,CE,74000.0,SENSEX26O0174000CE,484.1,484.1,484.1,484.1,0,19
2026-09-25 23:25:00,SENSEX,PE,74000.0,SENSEX26O0174000PE,388.5,388.5,388.5,388.5,0,19
2026-09-25 23:25:00,SENSEX,CE,74100.0,SENSEX26O0174100CE,424.65,424.65,424.65,424.65,0,19
2026-09-25 23:25:00,SENSEX,PE,74100.0,SENSEX26O0174100PE,424.05,424.05,424.05,424.05,0,19
2026-09-25 23:25:00,SENSEX,CE,74200.0,SENSEX26O0174200CE,380.4,380.4,380.4,380.4,0,19
2026-09-25 23:25:00,SENSEX,PE,74200.0,SENSEX26O0174200PE,484.8,484.8,484.8,484.8,0,19
2026-09-25 23:25:00,SENSEX,CE,74300.0,SENSEX26O0174300CE,333.5,333.5,333.5,333.5,0,19
2026-09-25 23:25:00,SENSEX,PE,74300.0,SENSEX26O0174300PE,523.2,523.2,523.2,523.2,0,19
2026-09-25 23:25:00,SENSEX,CE,74400.0,SENSEX26O0174400CE,285.6,285.6,285.6,285.6,0,19
2026-09-25 23:25:00,SENSEX,PE,74400.0,SENSEX26O0174400PE,583.55,583.55,583.55,583.55,0,19
2026-09-25 23:25:00,SENSEX,CE,74500.0,SENSEX26O0174500CE,249.2,249.2,249.2,249.2,0,19
2026-09-25 23:25:00,SENSEX,PE,74500.0,SENSEX26O0174500PE,636.0,636.0,636.0,636.0,0,19
2026-09-25 23:26:00,SENSEX,FUT,0.0,SENSEX26OCTFUT,74600.0,74600.0,74600.0,74600.0,0,16
2026-09-25 23:26:00,SENSEX,SPOT,0.0,SENSEX,73895.74,73895.74,73895.74,73895.74,0,16
2026-09-25 23:26:00,SENSEX,CE,73300.0,SENSEX26O0173300CE,965.55,965.55,965.55,965.55,0,16
2026-09-25 23:26:00,SENSEX,PE,73300.0,SENSEX26O0173300PE,166.0,166.0,166.0,166.0,0,16
2026-09-25 23:26:00,SENSEX,CE,73400.0,SENSEX26O0173400CE,893.45,893.45,893.45,893.45,0,16
2026-09-25 23:26:00,SENSEX,PE,73400.0,SENSEX26O0173400PE,187.65,187.65,187.65,187.65,0,16
2026-09-25 23:26:00,SENSEX,CE,73500.0,SENSEX26O0173500CE,801.0,801.0,801.0,801.0,0,16
2026-09-25 23:26:00,SENSEX,PE,73500.0,SENSEX26O0173500PE,211.85,211.85,211.85,211.85,0,16
2026-09-25 23:26:00,SENSEX,CE,73600.0,SENSEX26O0173600CE,721.5,721.5,721.5,721.5,0,16
2026-09-25 23:26:00,SENSEX,PE,73600.0,SENSEX26O0173600PE,235.3,235.3,235.3,235.3,0,16
2026-09-25 23:26:00,SENSEX,CE,73700.0,SENSEX26O0173700CE,655.0,655.0,655.0,655.0,0,16
2026-09-25 23:26:00,SENSEX,PE,73700.0,SENSEX26O0173700PE,270.0,270.0,270.0,270.0,0,16
2026-09-25 23:26:00,SENSEX,CE,73800.0,SENSEX26O0173800CE,607.2,607.2,607.2,607.2,0,16
2026-09-25 23:26:00,SENSEX,PE,73800.0,SENSEX26O0173800PE,304.0,304.0,304.0,304.0,0,16
2026-09-25 23:26:00,SENSEX,CE,73900.0,SENSEX26O0173900CE,545.0,545.0,545.0,545.0,0,16
2026-09-25 23:26:00,SENSEX,PE,73900.0,SENSEX26O0173900PE,340.05,340.05,340.05,340.05,0,16
2026-09-25 23:26:00,SENSEX,CE,74000.0,SENSEX26O0174000CE,484.1,484.1,484.1,484.1,0,16
2026-09-25 23:26:00,SENSEX,PE,74000.0,SENSEX26O0174000PE,388.5,388.5,388.5,388.5,0,16
2026-09-25 23:26:00,SENSEX,CE,74100.0,SENSEX26O0174100CE,424.65,424.65,424.65,424.65,0,16
2026-09-25 23:26:00,SENSEX,PE,74100.0,SENSEX26O0174100PE,424.05,424.05,424.05,424.05,0,16
2026-09-25 23:26:00,SENSEX,CE,74200.0,SENSEX26O0174200CE,380.4,380.4,380.4,380.4,0,16
2026-09-25 23:26:00,SENSEX,PE,74200.0,SENSEX26O0174200PE,484.8,484.8,484.8,484.8,0,16
2026-09-25 23:26:00,SENSEX,CE,74300.0,SENSEX26O0174300CE,333.5,333.5,333.5,333.5,0,16
2026-09-25 23:26:00,SENSEX,PE,74300.0,SENSEX26O0174300PE,523.2,523.2,523.2,523.2,0,16
2026-09-25 23:26:00,SENSEX,CE,74400.0,SENSEX26O0174400CE,285.6,285.6,285.6,285.6,0,16
2026-09-25 23:26:00,SENSEX,PE,74400.0,SENSEX26O0174400PE,583.55,583.55,583.55,583.55,0,16
2026-09-25 23:26:00,SENSEX,CE,74500.0,SENSEX26O0174500CE,249.2,249.2,249.2,249.2,0,16
2026-09-25 23:26:00,SENSEX,PE,74500.0,SENSEX26O0174500PE,636.0,636.0,636.0,636.0,0,16
2026-09-25 23:27:00,SENSEX,FUT,0.0,SENSEX26OCTFUT,74600.0,74600.0,74600.0,74600.0,0,3
2026-09-25 23:27:00,SENSEX,SPOT,0.0,SENSEX,73895.74,73895.74,73895.74,73895.74,0,3
2026-09-25 23:27:00,SENSEX,CE,73300.0,SENSEX26O0173300CE,965.55,965.55,965.55,965.55,0,3
2026-09-25 23:27:00,SENSEX,PE,73300.0,SENSEX26O0173300PE,166.0,166.0,166.0,166.0,0,3
2026-09-25 23:27:00,SENSEX,CE,73400.0,SENSEX26O0173400CE,893.45,893.45,893.45,893.45,0,3
2026-09-25 23:27:00,SENSEX,PE,73400.0,SENSEX26O0173400PE,187.65,187.65,187.65,187.65,0,3
2026-09-25 23:27:00,SENSEX,CE,73500.0,SENSEX26O0173500CE,801.0,801.0,801.0,801.0,0,3
2026-09-25 23:27:00,SENSEX,PE,73500.0,SENSEX26O0173500PE,211.85,211.85,211.85,211.85,0,3
2026-09-25 23:27:00,SENSEX,CE,73600.0,SENSEX26O0173600CE,721.5,721.5,721.5,721.5,0,3
2026-09-25 23:27:00,SENSEX,PE,73600.0,SENSEX26O0173600PE,235.3,235.3,235.3,235.3,0,3
2026-09-25 23:27:00,SENSEX,CE,73700.0,SENSEX26O0173700CE,655.0,655.0,655.0,655.0,0,3
2026-09-25 23:27:00,SENSEX,PE,73700.0,SENSEX26O0173700PE,270.0,270.0,270.0,270.0,0,3
2026-09-25 23:27:00,SENSEX,CE,73800.0,SENSEX26O0173800CE,607.2,607.2,607.2,607.2,0,3
2026-09-25 23:27:00,SENSEX,PE,73800.0,SENSEX26O0173800PE,304.0,304.0,304.0,304.0,0,3
2026-09-25 23:27:00,SENSEX,CE,73900.0,SENSEX26O0173900CE,545.0,545.0,545.0,545.0,0,3
2026-09-25 23:27:00,SENSEX,PE,73900.0,SENSEX26O0173900PE,340.05,340.05,340.05,340.05,0,3
2026-09-25 23:27:00,SENSEX,CE,74000.0,SENSEX26O0174000CE,484.1,484.1,484.1,484.1,0,3
2026-09-25 23:27:00,SENSEX,PE,74000.0,SENSEX26O0174000PE,388.5,388.5,388.5,388.5,0,3
2026-09-25 23:27:00,SENSEX,CE,74100.0,SENSEX26O0174100CE,424.65,424.65,424.65,424.65,0,3
2026-09-25 23:27:00,SENSEX,PE,74100.0,SENSEX26O0174100PE,424.05,424.05,424.05,424.05,0,3
2026-09-25 23:27:00,SENSEX,CE,74200.0,SENSEX26O0174200CE,380.4,380.4,380.4,380.4,0,3
2026-09-25 23:27:00,SENSEX,PE,74200.0,SENSEX26O0174200PE,484.8,484.8,484.8,484.8,0,3
2026-09-25 23:27:00,SENSEX,CE,74300.0,SENSEX26O0174300CE,333.5,333.5,333.5,333.5,0,3
2026-09-25 23:27:00,SENSEX,PE,74300.0,SENSEX26O0174300PE,523.2,523.2,523.2,523.2,0,3
2026-09-25 23:27:00,SENSEX,CE,74400.0,SENSEX26O0174400CE,285.6,285.6,285.6,285.6,0,3
2026-09-25 23:27:00,SENSEX,PE,74400.0,SENSEX26O0174400PE,583.55,583.55,583.55,583.55,0,3
2026-09-25 23:27:00,SENSEX,CE,74500.0,SENSEX26O0174500CE,249.2,249.2,249.2,249.2,0,3
2026-09-25 23:27:00,SENSEX,PE,74500.0,SENSEX26O0174500PE,636.0,636.0,636.0,636.0,0,3
2026-09-25 23:28:00,SENSEX,FUT,0.0,SENSEX26OCTFUT,74600.0,74600.0,74600.0,74600.0,0,19
2026-09-25 23:28:00,SENSEX,SPOT,0.0,SENSEX,73895.74,73895.74,73895.74,73895.74,0,19
2026-09-25 23:28:00,SENSEX,CE,73300.0,SENSEX26O0173300CE,965.55,965.55,965.55,965.55,0,19
2026-09-25 23:28:00,SENSEX,PE,73300.0,SENSEX26O0173300PE,166.0,166.0,166.0,166.0,0,19
2026-09-25 23:28:00,SENSEX,CE,73400.0,SENSEX26O0173400CE,893.45,893.45,893.45,893.45,0,19
2026-09-25 23:28:00,SENSEX,PE,73400.0,SENSEX26O0173400PE,187.65,187.65,187.65,187.65,0,19
2026-09-25 23:28:00,SENSEX,CE,73500.0,SENSEX26O0173500CE,801.0,801.0,801.0,801.0,0,19
2026-09-25 23:28:00,SENSEX,PE,73500.0,SENSEX26O0173500PE,211.85,211.85,211.85,211.85,0,19
2026-09-25 23:28:00,SENSEX,CE,73600.0,SENSEX26O0173600CE,721.5,721.5,721.5,721.5,0,19
2026-09-25 23:28:00,SENSEX,PE,73600.0,SENSEX26O0173600PE,235.3,235.3,235.3,235.3,0,19
2026-09-25 23:28:00,SENSEX,CE,73700.0,SENSEX26O0173700CE,655.0,655.0,655.0,655.0,0,19
2026-09-25 23:28:00,SENSEX,PE,73700.0,SENSEX26O0173700PE,270.0,270.0,270.0,270.0,0,19
2026-09-25 23:28:00,SENSEX,CE,73800.0,SENSEX26O0173800CE,607.2,607.2,607.2,607.2,0,19
2026-09-25 23:28:00,SENSEX,PE,73800.0,SENSEX26O0173800PE,304.0,304.0,304.0,304.0,0,19
2026-09-25 23:28:00,SENSEX,CE,73900.0,SENSEX26O0173900CE,545.0,545.0,545.0,545.0,0,19
2026-09-25 23:28:00,SENSEX,PE,73900.0,SENSEX26O0173900PE,340.05,340.05,340.05,340.05,0,19
2026-09-25 23:28:00,SENSEX,CE,74000.0,SENSEX26O0174000CE,484.1,484.1,484.1,484.1,0,19
2026-09-25 23:28:00,SENSEX,PE,74000.0,SENSEX26O0174000PE,388.5,388.5,388.5,388.5,0,19
2026-09-25 23:28:00,SENSEX,CE,74100.0,SENSEX26O0174100CE,424.65,424.65,424.65,424.65,0,19
2026-09-25 23:28:00,SENSEX,PE,74100.0,SENSEX26O0174100PE,424.05,424.05,424.05,424.05,0,19
2026-09-25 23:28:00,SENSEX,CE,74200.0,SENSEX26O0174200CE,380.4,380.4,380.4,380.4,0,19
2026-09-25 23:28:00,SENSEX,PE,74200.0,SENSEX26O0174200PE,484.8,484.8,484.8,484.8,0,19
2026-09-25 23:28:00,SENSEX,CE,74300.0,SENSEX26O0174300CE,333.5,333.5,333.5,333.5,0,19
2026-09-25 23:28:00,SENSEX,PE,74300.0,SENSEX26O0174300PE,523.2,523.2,523.2,523.2,0,19
2026-09-25 23:28:00,SENSEX,CE,74400.0,SENSEX26O0174400CE,285.6,285.6,285.6,285.6,0,19
2026-09-25 23:28:00,SENSEX,PE,74400.0,SENSEX26O0174400PE,583.55,583.55,583.55,583.55,0,19
2026-09-25 23:28:00,SENSEX,CE,74500.0,SENSEX26O0174500CE,249.2,249.2,249.2,249.2,0,19
2026-09-25 23:28:00,SENSEX,PE,74500.0,SENSEX26O0174500PE,636.0,636.0,636.0,636.0,0,19
2026-09-25 23:29:00,SENSEX,FUT,0.0,SENSEX26OCTFUT,74600.0,74600.0,74600.0,74600.0,0,19
2026-09-25 23:29:00,SENSEX,SPOT,0.0,SENSEX,73895.74,73895.74,73895.74,73895.74,0,19
2026-09-25 23:29:00,SENSEX,CE,73300.0,SENSEX26O0173300CE,965.55,965.55,965.55,965.55,0,19
2026-09-25 23:29:00,SENSEX,PE,73300.0,SENSEX26O0173300PE,166.0,166.0,166.0,166.0,0,19
2026-09-25 23:29:00,SENSEX,CE,73400.0,SENSEX26O0173400CE,893.45,893.45,893.45,893.45,0,19
2026-09-25 23:29:00,SENSEX,PE,73400.0,SENSEX26O0173400PE,187.65,187.65,187.65,187.65,0,19
2026-09-25 23:29:00,SENSEX,CE,73500.0,SENSEX26O0173500CE,801.0,801.0,801.0,801.0,0,19
2026-09-25 23:29:00,SENSEX,PE,73500.0,SENSEX26O0173500PE,211.85,211.85,211.85,211.85,0,19
2026-09-25 23:29:00,SENSEX,CE,73600.0,SENSEX26O0173600CE,721.5,721.5,721.5,721.5,0,19
2026-09-25 23:29:00,SENSEX,PE,73600.0,SENSEX26O0173600PE,235.3,235.3,235.3,235.3,0,19
2026-09-25 23:29:00,SENSEX,CE,73700.0,SENSEX26O0173700CE,655.0,655.0,655.0,655.0,0,19
2026-09-25 23:29:00,SENSEX,PE,73700.0,SENSEX26O0173700PE,270.0,270.0,270.0,270.0,0,19
2026-09-25 23:29:00,SENSEX,CE,73800.0,SENSEX26O0173800CE,607.2,607.2,607.2,607.2,0,19
2026-09-25 23:29:00,SENSEX,PE,73800.0,SENSEX26O0173800PE,304.0,304.0,304.0,304.0,0,19
2026-09-25 23:29:00,SENSEX,CE,73900.0,SENSEX26O0173900CE,545.0,545.0,545.0,545.0,0,19
2026-09-25 23:29:00,SENSEX,PE,73900.0,SENSEX26O0173900PE,340.05,340.05,340.05,340.05,0,19
2026-09-25 23:29:00,SENSEX,CE,74000.0,SENSEX26O0174000CE,484.1,484.1,484.1,484.1,0,19
2026-09-25 23:29:00,SENSEX,PE,74000.0,SENSEX26O0174000PE,388.5,388.5,388.5,388.5,0,19
2026-09-25 23:29:00,SENSEX,CE,74100.0,SENSEX26O0174100CE,424.65,424.65,424.65,424.65,0,19
2026-09-25 23:29:00,SENSEX,PE,74100.0,SENSEX26O0174100PE,424.05,424.05,424.05,424.05,0,19
2026-09-25 23:29:00,SENSEX,CE,74200.0,SENSEX26O0174200CE,380.4,380.4,380.4,380.4,0,19
2026-09-25 23:29:00,SENSEX,PE,74200.0,SENSEX26O0174200PE,484.8,484.8,484.8,484.8,0,19
2026-09-25 23:29:00,SENSEX,CE,74300.0,SENSEX26O0174300CE,333.5,333.5,333.5,333.5,0,19
2026-09-25 23:29:00,SENSEX,PE,74300.0,SENSEX26O0174300PE,523.2,523.2,523.2,523.2,0,19
2026-09-25 23:29:00,SENSEX,CE,74400.0,SENSEX26O0174400CE,285.6,285.6,285.6,285.6,0,19
2026-09-25 23:29:00,SENSEX,PE,74400.0,SENSEX26O0174400PE,583.55,583.55,583.55,583.55,0,19
2026-09-25 23:29:00,SENSEX,CE,74500.0,SENSEX26O0174500CE,249.2,249.2,249.2,249.2,0,19
2026-09-25 23:29:00,SENSEX,PE,74500.0,SENSEX26O0174500PE,636.0,636.0,636.0,636.0,0,19
2026-09-25 23:30:00,SENSEX,FUT,0.0,SENSEX26OCTFUT,74600.0,74600.0,74600.0,74600.0,0,18
2026-09-25 23:30:00,SENSEX,SPOT,0.0,SENSEX,73895.74,73895.74,73895.74,73895.74,0,18
2026-09-25 23:30:00,SENSEX,CE,73300.0,SENSEX26O0173300CE,965.55,965.55,965.55,965.55,0,18
2026-09-25 23:30:00,SENSEX,PE,73300.0,SENSEX26O0173300PE,166.0,166.0,166.0,166.0,0,18
2026-09-25 23:30:00,SENSEX,CE,73400.0,SENSEX26O0173400CE,893.45,893.45,893.45,893.45,0,18
2026-09-25 23:30:00,SENSEX,PE,73400.0,SENSEX26O0173400PE,187.65,187.65,187.65,187.65,0,18
2026-09-25 23:30:00,SENSEX,CE,73500.0,SENSEX26O0173500CE,801.0,801.0,801.0,801.0,0,18
2026-09-25 23:30:00,SENSEX,PE,73500.0,SENSEX26O0173500PE,211.85,211.85,211.85,211.85,0,18
2026-09-25 23:30:00,SENSEX,CE,73600.0,SENSEX26O0173600CE,721.5,721.5,721.5,721.5,0,18
2026-09-25 23:30:00,SENSEX,PE,73600.0,SENSEX26O0173600PE,235.3,235.3,235.3,235.3,0,18
2026-09-25 23:30:00,SENSEX,CE,73700.0,SENSEX26O0173700CE,655.0,655.0,655.0,655.0,0,18
2026-09-25 23:30:00,SENSEX,PE,73700.0,SENSEX26O0173700PE,270.0,270.0,270.0,270.0,0,18
2026-09-25 23:30:00,SENSEX,CE,73800.0,SENSEX26O0173800CE,607.2,607.2,607.2,607.2,0,18
2026-09-25 23:30:00,SENSEX,PE,73800.0,SENSEX26O0173800PE,304.0,304.0,304.0,304.0,0,18
2026-09-25 23:30:00,SENSEX,CE,73900.0,SENSEX26O0173900CE,545.0,545.0,545.0,545.0,0,18
2026-09-25 23:30:00,SENSEX,PE,73900.0,SENSEX26O0173900PE,340.05,340.05,340.05,340.05,0,18
2026-09-25 23:30:00,SENSEX,CE,74000.0,SENSEX26O0174000CE,484.1,484.1,484.1,484.1,0,18
2026-09-25 23:30:00,SENSEX,PE,74000.0,SENSEX26O0174000PE,388.5,388.5,388.5,388.5,0,18
2026-09-25 23:30:00,SENSEX,CE,74100.0,SENSEX26O0174100CE,424.65,424.65,424.65,424.65,0,18
2026-09-25 23:30:00,SENSEX,PE,74100.0,SENSEX26O0174100PE,424.05,424.05,424.05,424.05,0,18
2026-09-25 23:30:00,SENSEX,CE,74200.0,SENSEX26O0174200CE,380.4,380.4,380.4,380.4,0,18
2026-09-25 23:30:00,SENSEX,PE,74200.0,SENSEX26O0174200PE,484.8,484.8,484.8,484.8,0,18
2026-09-25 23:30:00,SENSEX,CE,74300.0,SENSEX26O0174300CE,333.5,333.5,333.5,333.5,0,18
2026-09-25 23:30:00,SENSEX,PE,74300.0,SENSEX26O0174300PE,523.2,523.2,523.2,523.2,0,18
2026-09-25 23:30:00,SENSEX,CE,74400.0,SENSEX26O0174400CE,285.6,285.6,285.6,285.6,0,18
2026-09-25 23:30:00,SENSEX,PE,74400.0,SENSEX26O0174400PE,583.55,583.55,583.55,583.55,0,18
2026-09-25 23:30:00,SENSEX,CE,74500.0,SENSEX26O0174500CE,249.2,249.2,249.2,249.2,0,18
2026-09-25 23:30:00,SENSEX,PE,74500.0,SENSEX26O0174500PE,636.0,636.0,636.0,636.0,0,18
2026-09-25 23:31:00,SENSEX,FUT,0.0,SENSEX26OCTFUT,74600.0,74600.0,74600.0,74600.0,0,19
2026-09-25 23:31:00,SENSEX,SPOT,0.0,SENSEX,73895.74,73895.74,73895.74,73895.74,0,19
2026-09-25 23:31:00,SENSEX,CE,73300.0,SENSEX26O0173300CE,965.55,965.55,965.55,965.55,0,19
2026-09-25 23:31:00,SENSEX,PE,73300.0,SENSEX26O0173300PE,166.0,166.0,166.0,166.0,0,19
2026-09-25 23:31:00,SENSEX,CE,73400.0,SENSEX26O0173400CE,893.45,893.45,893.45,893.45,0,19
2026-09-25 23:31:00,SENSEX,PE,73400.0,SENSEX26O0173400PE,187.65,187.65,187.65,187.65,0,19
2026-09-25 23:31:00,SENSEX,CE,73500.0,SENSEX26O0173500CE,801.0,801.0,801.0,801.0,0,19
2026-09-25 23:31:00,SENSEX,PE,73500.0,SENSEX26O0173500PE,211.85,211.85,211.85,211.85,0,19
2026-09-25 23:31:00,SENSEX,CE,73600.0,SENSEX26O0173600CE,721.5,721.5,721.5,721.5,0,19
2026-09-25 23:31:00,SENSEX,PE,73600.0,SENSEX26O0173600PE,235.3,235.3,235.3,235.3,0,19
2026-09-25 23:31:00,SENSEX,CE,73700.0,SENSEX26O0173700CE,655.0,655.0,655.0,655.0,0,19
2026-09-25 23:31:00,SENSEX,PE,73700.0,SENSEX26O0173700PE,270.0,270.0,270.0,270.0,0,19
2026-09-25 23:31:00,SENSEX,CE,73800.0,SENSEX26O0173800CE,607.2,607.2,607.2,607.2,0,19
2026-09-25 23:31:00,SENSEX,PE,73800.0,SENSEX26O0173800PE,304.0,304.0,304.0,304.0,0,19
2026-09-25 23:31:00,SENSEX,CE,73900.0,SENSEX26O0173900CE,545.0,545.0,545.0,545.0,0,19
2026-09-25 23:31:00,SENSEX,PE,73900.0,SENSEX26O0173900PE,340.05,340.05,340.05,340.05,0,19
2026-09-25 23:31:00,SENSEX,CE,74000.0,SENSEX26O0174000CE,484.1,484.1,484.1,484.1,0,19
2026-09-25 23:31:00,SENSEX,PE,74000.0,SENSEX26O0174000PE,388.5,388.5,388.5,388.5,0,19
2026-09-25 23:31:00,SENSEX,CE,74100.0,SENSEX26O0174100CE,424.65,424.65,424.65,424.65,0,19
2026-09-25 23:31:00,SENSEX,PE,74100.0,SENSEX26O0174100PE,424.05,424.05,424.05,424.05,0,19
2026-09-25 23:31:00,SENSEX,CE,74200.0,SENSEX26O0174200CE,380.4,380.4,380.4,380.4,0,19
2026-09-25 23:31:00,SENSEX,PE,74200.0,SENSEX26O0174200PE,484.8,484.8,484.8,484.8,0,19
2026-09-25 23:31:00,SENSEX,CE,74300.0,SENSEX26O0174300CE,333.5,333.5,333.5,333.5,0,19
2026-09-25 23:31:00,SENSEX,PE,74300.0,SENSEX26O0174300PE,523.2,523.2,523.2,523.2,0,19
2026-09-25 23:31:00,SENSEX,CE,74400.0,SENSEX26O0174400CE,285.6,285.6,285.6,285.6,0,19
2026-09-25 23:31:00,SENSEX,PE,74400.0,SENSEX26O0174400PE,583.55,583.55,583.55,583.55,0,19
2026-09-25 23:31:00,SENSEX,CE,74500.0,SENSEX26O0174500CE,249.2,249.2,249.2,249.2,0,19
2026-09-25 23:31:00,SENSEX,PE,74500.0,SENSEX26O0174500PE,636.0,636.0,636.0,636.0,0,19
